{"type": "FeatureCollection","features":[{"type":"Feature","geometry":{"type":"MultiPolygon","coordinates":[[[[32401171.043,5850869.3771],[32401173.7755,5850855.2802],[32401179.1812,5850844.804],[32401189.6708,5850839.3094],[32401208.7623,5850829.3091],[32401274.3791,5850803.909],[32401350.0501,5850782.2132],[32401403.496,5850774.8048],[32401431.4649,5850772.6639],[32401427.1392,5850777.2601],[32401347.3807,5850865.901],[32401171.043,5850869.3771]]],[[[32398434.1453,5836413.1505],[32398440.0147,5836414.4408],[32398447.6596,5836419.0619],[32398460.1428,5836430.0365],[32398481.457,5836448.7749],[32398489.1099,5836453.0633],[32398494.5637,5836456.1194],[32398502.071,5836458.7318],[32398519.9699,5836464.9603],[32398540.4924,5836482.9017],[32398544.1255,5836493.8815],[32398544.7468,5836533.1515],[32398540.7382,5836544.5574],[32398534.3816,5836550.7004],[32398515.4916,5836559.9659],[32398506.3051,5836562.4408],[32398467.661,5836572.8515],[32398448.8249,5836577.926],[32398436.744,5836577.2809],[32398426.3889,5836571.1083],[32398423.0608,5836563.0659],[32398421.2397,5836553.685],[32398420.864,5836551.7495],[32398419.5851,5836545.1617],[32398418.2137,5836515.3085],[32398414.0383,5836491.6336],[32398407.1034,5836478.417],[32398398.6247,5836469.3713],[32398390.7681,5836460.9893],[32398384.033,5836444.2546],[32398385.3358,5836438.3583],[32398397.5713,5836425.0741],[32398410.7815,5836418.1408],[32398428.1037,5836413.0725],[32398434.1453,5836413.1505]]],[[[32395949.5059,5841247.5309],[32396008.2327,5841257.5261],[32396091.9496,5841274.5181],[32396123.937,5841283.5141],[32396133.6833,5841290.5112],[32396137.4319,5841299.5075],[32396136.1825,5841309.5036],[32396129.4354,5841318.0003],[32396118.1899,5841323.9981],[32396103.9456,5841327.4969],[32396074.4574,5841330.9959],[32396061.4626,5841333.9949],[32396049.2176,5841338.9931],[32396038.9717,5841345.4906],[32396024.9775,5841357.9859],[32396007.9844,5841366.4827],[32395998.4882,5841368.4821],[32395978.9959,5841367.9826],[32395970.4993,5841364.4841],[32395963.252,5841358.4866],[32395929.0152,5841326.4998],[32395899.5264,5841293.5133],[32395890.2799,5841279.519],[32395886.0315,5841268.5234],[32395887.2808,5841259.0272],[32395894.2779,5841250.5305],[32395907.0228,5841244.5327],[32395925.7653,5841244.0326],[32395949.5059,5841247.5309]]],[[[32400484.6363,5836719.2682],[32400470.8919,5836732.2632],[32400455.1483,5836741.2598],[32400417.4136,5836757.7538],[32400384.4269,5836774.2477],[32400370.6825,5836779.2459],[32400355.6885,5836782.2449],[32400339.4449,5836782.2451],[32400324.4509,5836779.7463],[32400312.4556,5836774.2487],[32400304.9584,5836765.2524],[32400295.212,5836742.2617],[32400291.9631,5836729.7667],[32400290.7134,5836715.7723],[32400291.7128,5836703.777],[32400295.2113,5836694.7805],[32400301.2088,5836690.2822],[32400310.4552,5836690.7819],[32400327.1496,5836696.569],[32400347.9404,5836703.7762],[32400359.4358,5836701.7769],[32400374.6797,5836694.2796],[32400391.4228,5836682.2842],[32400407.4162,5836667.2899],[32400419.6612,5836652.2957],[32400429.7569,5836635.1024],[32400444.9005,5836609.3124],[32400450.6482,5836605.314],[32400457.6454,5836604.8141],[32400466.8917,5836607.8127],[32400476.8878,5836614.8098],[32400485.1347,5836624.8057],[32400491.1325,5836639.2999],[32400494.3815,5836658.7921],[32400496.6311,5836691.7789],[32400493.3826,5836704.7738],[32400484.6363,5836719.2682]]],[[[32398345.7646,5850485.6933],[32398348.3581,5850498.2399],[32398355.747,5850510.411],[32398370.0676,5850518.9108],[32398377.6744,5850533.7936],[32398375.3593,5850549.0072],[32398370.0676,5850564.5515],[32398347.1184,5850571.3631],[32398338.2108,5850579.9516],[32398335.2418,5850595.7393],[32398333.9189,5850630.7967],[32398324.1063,5850650.0707],[32398310.7678,5850662.5468],[32398294.2313,5850666.5155],[32398266.1479,5850663.7881],[32398234.8373,5850656.1826],[32398180.501,5850636.2817],[32398152.7668,5850622.9937],[32398222.2377,5850552.7963],[32398234.5852,5850544.0802],[32398243.4791,5850537.802],[32398281.6085,5850516.4562],[32398345.7646,5850485.6933]]],[[[32395390.0294,5844758.1421],[32395421.767,5844767.6379],[32395443.0085,5844769.137],[32395462.7507,5844767.6373],[32395475.9953,5844763.1389],[32395485.9913,5844757.1411],[32395485.4917,5844771.1356],[32395483.7431,5844824.6143],[32395481.4944,5844846.6056],[32395465.0025,5844953.5633],[32395458.0056,5844978.0537],[32395447.0103,5844999.5453],[32395432.0166,5845020.5371],[32395407.2763,5845011.0412],[32395370.7251,5845002.1555],[32395376.9225,5844871.9627],[32395387.2818,5844848.6062],[32395391.7795,5844808.1222],[32395390.0294,5844758.1421]]],[[[32398279.4009,5846162.0424],[32398323.8834,5846173.5371],[32398382.3603,5846181.5331],[32398405.8511,5846192.0286],[32398420.0956,5846207.5222],[32398422.8448,5846227.0145],[32398416.3477,5846246.007],[32398405.8521,5846260.5014],[32398392.3576,5846269.9978],[32398376.6139,5846274.4962],[32398355.7348,5846277.5007],[32398307.1417,5846284.4932],[32398282.9013,5846286.4928],[32398259.4107,5846285.4935],[32398238.9188,5846281.9952],[32398223.4248,5846276.9974],[32398210.6798,5846268.0012],[32398198.6844,5846254.0069],[32398189.9376,5846236.514],[32398186.9385,5846218.5212],[32398193.6855,5846197.5295],[32398209.6788,5846176.0378],[32398231.9198,5846160.0438],[32398256.41,5846156.5449],[32398279.4009,5846162.0424]]],[[[32389412.8079,5837896.4562],[32389445.545,5837906.9515],[32389461.2889,5837916.4475],[32389475.5334,5837931.4414],[32389485.2798,5837950.4337],[32389488.2789,5837970.4257],[32389486.5299,5837991.9172],[32389481.2824,5838016.4075],[32389466.0391,5838065.3882],[32389457.043,5838086.38],[32389447.0472,5838103.3734],[32389436.0518,5838116.3683],[32389424.5565,5838124.8651],[32389413.311,5838128.3639],[32389402.8152,5838126.3648],[32389394.5684,5838121.3669],[32389387.821,5838114.3698],[32389380.5737,5838102.3747],[32389360.581,5838057.3929],[32389353.0836,5838031.9031],[32389348.3351,5838004.9139],[32389346.085,5837933.4424],[32389348.084,5837919.9477],[32389354.3313,5837908.4522],[32389365.8266,5837899.4556],[32389380.3208,5837894.9572],[32389396.5643,5837893.9574],[32389412.8079,5837896.4562]]],[[[32404965.281,5831681.2087],[32404980.2752,5831687.2061],[32404991.5208,5831696.2024],[32404996.7689,5831709.1971],[32404996.5192,5831724.1912],[32404989.7726,5831771.1726],[32404985.7744,5831789.1655],[32404979.0274,5831806.6586],[32404968.5318,5831823.1522],[32404951.2889,5831837.6467],[32404927.7984,5831851.1416],[32404903.8081,5831862.1376],[32404802.8488,5831900.1239],[32404771.1116,5831910.1204],[32404763.1148,5831911.6199],[32404756.6173,5831907.6216],[32404749.1201,5831894.6269],[32404742.6225,5831877.6337],[32404740.1233,5831864.1391],[32404742.6221,5831852.6437],[32404750.3688,5831840.6483],[32404760.3647,5831830.1524],[32404771.1104,5831823.6548],[32404784.8548,5831820.156],[32404821.7694,5831818.2461],[32404842.8317,5831817.1564],[32404856.0764,5831813.6576],[32404864.8228,5831806.6602],[32404871.0701,5831792.6657],[32404882.8149,5831752.1816],[32404897.5585,5831714.1965],[32404905.0553,5831700.7018],[32404915.0512,5831690.2058],[32404929.7952,5831683.2084],[32404948.0379,5831679.7095],[32404965.281,5831681.2087]]],[[[32389012.7495,5840166.5586],[32389018.4973,5840174.5554],[32389044.4877,5840220.0369],[32389052.4848,5840242.5278],[32389071.2287,5840333.4914],[32389083.1107,5840370.03],[32389094.4704,5840404.9626],[32389097.9693,5840423.4552],[32389098.7192,5840438.4493],[32389094.4715,5840479.433],[32389083.9756,5840475.4347],[32389073.4797,5840468.4377],[32389061.2344,5840456.4426],[32389048.739,5840433.9517],[32389021.249,5840365.9792],[32389005.2549,5840333.9921],[32388985.2625,5840308.5025],[32388961.7715,5840287.0114],[32388910.2915,5840251.0264],[32388881.5527,5840234.0336],[32388828.7233,5840207.1019],[32388817.8276,5840201.5474],[32388915.2885,5840184.053],[32389012.7495,5840166.5586]]],[[[32400921.9686,5837161.0863],[32400944.4598,5837167.0836],[32400961.9529,5837176.5796],[32400975.1978,5837189.5742],[32400985.9438,5837206.0675],[32400994.6906,5837224.0602],[32401000.4385,5837241.0534],[32401003.6875,5837257.047],[32401003.6877,5837271.5412],[32401001.1888,5837282.0371],[32400996.1909,5837288.5346],[32400982.8967,5837295.6683],[32400955.2075,5837310.5264],[32400931.4672,5837328.5196],[32400910.7258,5837347.5123],[32400898.9806,5837361.5069],[32400860.7451,5837311.5273],[32400842.752,5837291.0357],[32400763.2826,5837218.5657],[32400771.2791,5837199.0733],[32400782.5244,5837184.5789],[32400799.7674,5837175.5822],[32400858.4939,5837164.086],[32400892.4803,5837160.0871],[32400921.9686,5837161.0863]]],[[[32399521.0048,5835688.1917],[32399536.7486,5835691.6901],[32399552.2426,5835698.6871],[32399569.4859,5835714.6805],[32399589.4783,5835740.1701],[32399609.4708,5835771.1575],[32399625.9647,5835802.145],[32399638.2103,5835832.1329],[32399646.4574,5835860.6214],[32399651.4558,5835887.1108],[32399653.7052,5835909.102],[32399653.7055,5835928.0945],[32399651.8843,5835941.8558],[32399646.4588,5835958.0826],[32399637.2126,5835966.5794],[32399633.0002,5835967.4054],[32399624.4677,5835969.0786],[32399610.9731,5835967.0796],[32399598.228,5835961.0821],[32399587.4822,5835953.5853],[32399575.7367,5835940.0908],[32399540.7499,5835891.6106],[32399521.5071,5835861.6228],[32399504.5135,5835831.1351],[32399491.2683,5835801.647],[32399476.2736,5835753.6663],[32399475.0238,5835734.1741],[32399478.5221,5835714.6818],[32399485.769,5835698.1883],[32399495.0152,5835690.1913],[32399506.7605,5835687.6921],[32399521.0048,5835688.1917]]],[[[32398841.5399,5836707.2959],[32398907.5147,5836783.7645],[32398929.7563,5836813.7523],[32398941.7519,5836838.2424],[32398949.2492,5836861.7329],[32398952.998,5836883.2243],[32398953.9986,5836951.6971],[32398943.0031,5836957.6949],[32398931.2577,5836954.1964],[32398917.513,5836944.2006],[32398901.2693,5836928.2072],[32398885.0255,5836912.2138],[32398868.7817,5836896.2203],[32398852.538,5836880.2269],[32398818.2487,5836842.1498],[32398762.0725,5836779.7682],[32398751.8263,5836759.7763],[32398744.5789,5836740.2841],[32398740.0804,5836720.2921],[32398741.8294,5836700.7998],[32398747.5769,5836683.3067],[32398756.5731,5836665.3138],[32398776.3966,5836650.654],[32398786.3109,5836643.3221],[32398800.0557,5836659.3155],[32398820.8019,5836683.3105],[32398841.5399,5836707.2959]]],[[[32401623.4843,5850331.1268],[32401547.2841,5850348.0602],[32401491.1924,5850358.6435],[32401446.7423,5850370.2852],[32401391.7088,5850374.5185],[32401364.1921,5850344.8852],[32401343.042,5850290.739],[32401327.7481,5850226.3827],[32401346.3203,5850229.263],[32401403.968,5850237.8771],[32401508.4266,5850250.3707],[32401597.5584,5850274.2001],[32401699.1015,5850301.3477],[32401623.4843,5850331.1268]]],[[[32395729.9154,5846210.5594],[32395809.384,5846224.5527],[32395843.1207,5846235.0481],[32395872.1096,5846263.5363],[32395896.1005,5846291.0251],[32395915.843,5846320.0132],[32395928.3385,5846345.5029],[32395936.5855,5846368.4937],[32395945.5824,5846401.4804],[32395931.8379,5846405.9788],[32395919.0932,5846416.4748],[32395905.8487,5846437.9665],[32395864.1166,5846524.9325],[32395776.8983,5846321.0148],[32395760.1545,5846288.0282],[32395714.1716,5846208.5605],[32395729.9154,5846210.5594]]],[[[32407056.1892,5830987.9546],[32407026.4511,5830993.9526],[32407016.4551,5830993.9528],[32407008.2083,5830992.4535],[32407001.7109,5830988.955],[32406992.7143,5830979.9587],[32406969.4732,5830953.4695],[32406962.9756,5830944.4732],[32406961.9759,5830938.9754],[32406963.9751,5830933.4776],[32406969.2229,5830928.4795],[32406977.4696,5830925.9804],[32406986.466,5830926.9798],[32407018.2035,5830936.9754],[32407035.4467,5830938.9744],[32407053.1896,5830937.4747],[32407067.184,5830929.9775],[32407073.1813,5830913.9838],[32407070.1822,5830891.9925],[32407061.1855,5830870.0014],[32407044.9452,5830842.5539],[32407025.6987,5830810.0258],[32407023.4495,5830799.0302],[32407024.6988,5830787.0349],[32407029.4468,5830775.5394],[32407037.9433,5830767.0427],[32407050.938,5830760.5451],[32407069.9304,5830755.047],[32407098.9188,5830750.5484],[32407163.393,5830746.0492],[32407175.6382,5830745.0495],[32407163.1437,5830787.033],[32407161.3947,5830806.0254],[32407165.1435,5830824.0182],[32407173.3905,5830845.0098],[32407197.8814,5830891.9907],[32407208.6275,5830916.4808],[32407215.3751,5830939.9714],[32407219.8737,5830964.4616],[32407157.1486,5830962.9631],[32407132.6584,5830966.9618],[32407056.1892,5830987.9546]]],[[[32395972.7439,5841059.1055],[32395986.6955,5841060.5382],[32396037.7129,5841065.7771],[32396065.2073,5841068.6004],[32396084.4497,5841072.0988],[32396133.9302,5841087.5919],[32396159.92,5841098.5872],[32396183.4109,5841111.5817],[32396200.6543,5841127.0753],[32396210.1507,5841143.0688],[32396215.3989,5841160.0619],[32396212.3484,5841160.6259],[32396185.6608,5841165.5602],[32396170.167,5841173.0574],[32396109.6916,5841208.5441],[32396090.6993,5841217.041],[32396069.4578,5841223.0389],[32396047.4666,5841227.0377],[32396025.9752,5841228.5374],[32396009.4818,5841227.538],[32395997.9863,5841223.04],[32395986.7406,5841215.0433],[32395954.2531,5841187.0549],[32395929.0127,5841152.569],[32395923.0149,5841143.5726],[32395910.2697,5841122.5812],[32395897.7743,5841097.0915],[32395892.5261,5841076.5997],[32395904.0213,5841065.1041],[32395927.7618,5841059.606],[32395961.9982,5841057.6063],[32395972.7439,5841059.1055]]],[[[32407148.0494,5841156.4093],[32407168.2914,5841160.9072],[32407184.7849,5841167.9042],[32407200.5288,5841179.8992],[32407216.7727,5841198.8914],[32407230.7674,5841222.8817],[32407239.7642,5841248.3714],[32407245.7623,5841277.3598],[32407250.7608,5841311.846],[32407252.5106,5841346.3322],[32407248.5127,5841378.3196],[32407237.2676,5841409.8072],[32407202.5324,5841476.781],[32407149.395,5841439.0185],[32407105.2931,5841388.7831],[32407076.1409,5841317.3059],[32407077.3271,5841268.6781],[32407098.1871,5841214.6281],[32407111.0572,5841156.0569],[32407122.8094,5841154.9102],[32407148.0494,5841156.4093]]],[[[32390138.0679,5841280.5997],[32390131.8203,5841269.3543],[32390125.5726,5841258.1088],[32390121.5741,5841250.6118],[32390094.7225,5841257.7625],[32390033.3595,5841274.1037],[32390068.5944,5841201.1323],[32390090.5849,5841147.1534],[32390107.5774,5841098.1727],[32390119.3221,5841050.1916],[32390132.5652,5840941.2348],[32390145.8095,5840910.7467],[32390159.0539,5840889.2551],[32390173.2981,5840877.2597],[32390189.2917,5840875.2602],[32390207.5345,5840877.759],[32390225.2776,5840887.255],[32390239.2723,5840906.747],[32390247.7693,5840935.7354],[32390250.5187,5840969.7218],[32390248.0202,5841005.2077],[32390241.5233,5841039.1943],[32390229.0288,5841075.1801],[32390195.5222,5841147.0824],[32390181.0494,5841178.1398],[32390148.8133,5841255.1097],[32390138.0679,5841280.5997]]],[[[32405897.9173,5832191.4925],[32405929.4049,5832197.9894],[32405941.6501,5832201.9877],[32405971.3884,5832215.9817],[32405982.3841,5832217.4809],[32406028.6157,5832218.4799],[32406042.8601,5832220.9787],[32406056.3548,5832226.4763],[32406064.4835,5832232.729],[32406069.3497,5832236.4721],[32406079.0961,5832250.4664],[32406082.5949,5832266.9598],[32406080.3461,5832287.9515],[32406068.8514,5832337.432],[32406061.6046,5832358.4238],[32406046.861,5832394.9095],[32406038.3646,5832409.9036],[32406033.9514,5832414.2038],[32406028.6186,5832419.4],[32406003.8786,5832428.3968],[32405987.1352,5832429.8964],[32405965.8937,5832427.8975],[32405943.1526,5832423.3996],[32405905.4175,5832410.4053],[32405890.9231,5832402.4087],[32405880.4272,5832392.9126],[32405874.6793,5832380.4177],[32405871.6802,5832365.4237],[32405863.6822,5832280.4576],[32405859.9328,5832217.4827],[32405861.6819,5832205.9872],[32405865.4303,5832196.9908],[32405872.1776,5832191.4928],[32405883.1732,5832189.9933],[32405897.9173,5832191.4925]]],[[[32399067.4326,5835499.2732],[32399063.6842,5835507.2701],[32399058.6863,5835513.2678],[32399052.4388,5835515.2671],[32399044.192,5835509.2696],[32399036.4449,5835497.2745],[32399031.1968,5835483.7799],[32399024.6988,5835443.2961],[32399020.9501,5835430.3013],[32399015.2022,5835419.3058],[32399007.955,5835412.3087],[32399000.2081,5835410.8094],[32398981.2156,5835412.309],[32398942.9807,5835401.8137],[32398936.983,5835396.316],[32398928.174,5835383.384],[32398913.4919,5835361.8301],[32398900.2468,5835337.8398],[32398890.0005,5835311.8503],[32398885.5019,5835285.3609],[32398886.751,5835259.871],[32398893.7479,5835236.88],[32398908.7417,5835218.3872],[32398933.9814,5835204.8922],[32398961.7203,5835198.3944],[32398983.2118,5835197.8943],[32399000.7049,5835202.3923],[32399016.6986,5835211.8883],[32399056.4332,5835240.8762],[32399099.4167,5835276.8613],[32399113.1614,5835293.3545],[32399118.1597,5835308.3485],[32399117.6601,5835323.8423],[32399114.6615,5835342.8348],[32399106.1654,5835377.821],[32399091.1721,5835428.3011],[32399067.4326,5835499.2732]]],[[[32398507.6753,5836886.7292],[32398513.924,5836969.1963],[32398523.422,5837092.6471],[32398532.92,5837216.0978],[32398477.9418,5837210.101],[32398441.6343,5837208.0774],[32398406.2202,5837206.1036],[32398359.9885,5837199.6068],[32398340.4962,5837192.6099],[32398324.2525,5837181.6145],[32398311.7573,5837168.12],[32398303.7602,5837152.1265],[32398301.7608,5837134.1337],[32398305.7589,5837114.6414],[32398313.7554,5837094.1494],[32398323.5013,5837075.1568],[32398338.2451,5837056.1642],[32398357.7371,5837038.6709],[32398381.9772,5837020.1779],[32398428.2083,5836985.6909],[32398451.6986,5836961.2003],[32398477.9377,5836928.2131],[32398507.6753,5836886.7292]]],[[[32394766.886,5834976.0425],[32394750.8926,5834993.5358],[32394730.9008,5835010.5293],[32394672.6746,5835048.0152],[32394624.6941,5835081.5026],[32394537.7297,5835148.4772],[32394520.9865,5835158.9732],[32394503.9934,5835166.4705],[32394488.4996,5835170.9689],[32394475.005,5835172.4685],[32394463.2596,5835171.4691],[32394453.7633,5835165.9714],[32394447.7656,5835154.4761],[32394445.0165,5835142.4809],[32394442.7671,5835119.9899],[32394441.5168,5835066.5112],[32394446.5144,5835036.523],[32394454.7607,5835011.033],[32394464.2567,5834993.5399],[32394489.4963,5834966.0504],[32394504.2402,5834955.0546],[32394519.4841,5834949.5566],[32394532.9787,5834948.057],[32394556.2195,5834949.556],[32394588.2068,5834956.053],[32394615.1961,5834956.0526],[32394646.4336,5834951.554],[32394678.1708,5834941.5575],[32394711.5482,5834925.4245],[32394738.1466,5834912.5682],[32394753.1405,5834909.5692],[32394767.1351,5834915.0668],[32394776.6315,5834928.0615],[32394780.6301,5834944.5549],[32394777.3816,5834960.5485],[32394766.886,5834976.0425]]],[[[32399995.3316,5836763.2575],[32400048.0607,5836769.7542],[32400076.7994,5836775.7514],[32400100.0403,5836786.2469],[32400117.7834,5836797.7421],[32400130.0782,5836810.1951],[32400138.2756,5836822.7318],[32400144.5233,5836839.2252],[32400147.2725,5836858.7174],[32400145.0237,5836879.2093],[32400137.7769,5836902.7],[32400115.0367,5836955.1795],[32400104.2912,5836972.6727],[32400094.5453,5836983.1686],[32400082.5458,5836990.3843],[32400072.0544,5836992.6652],[32400060.309,5836990.1663],[32400047.0642,5836982.6695],[32400013.0773,5836954.1813],[32399960.8474,5836906.2011],[32399945.8532,5836896.7051],[32399926.8606,5836886.7094],[32399863.6354,5836860.7206],[32399821.4018,5836836.7307],[32399815.1542,5836829.7336],[32399811.1557,5836819.7376],[32399809.6561,5836805.7432],[32399812.1549,5836790.7491],[32399820.6312,5836777.6163],[32399835.3953,5836768.7576],[32399856.8867,5836764.259],[32399882.6264,5836762.2595],[32399950.1244,5836761.2589],[32399995.3316,5836763.2575]]],[[[32393305.0786,5839503.4686],[32393344.017,5839581.3427],[32393321.0276,5839599.2239],[32393277.7951,5839620.2161],[32393231.5637,5839637.7098],[32393187.0817,5839657.2027],[32393142.0911,5839680.8828],[32393039.8912,5839732.6748],[32393005.4053,5839746.6697],[32392983.9139,5839750.1686],[32392965.921,5839749.1692],[32392941.5209,5839741.1006],[32392949.1104,5839676.5827],[32392973.4912,5839627.8192],[32393000.3106,5839608.3136],[32393061.2643,5839588.8075],[32393146.5992,5839552.234],[32393192.9238,5839525.4136],[32393214.8669,5839503.4699],[32393239.2483,5839493.7169],[32393261.1916,5839488.8403],[32393285.5731,5839488.84],[32393305.0786,5839503.4686]]],[[[32404626.9347,5833005.1869],[32404645.1776,5833013.6833],[32404659.9218,5833024.1789],[32404671.6674,5833036.6738],[32404707.6537,5833082.1552],[32404810.8643,5833199.607],[32404598.199,5833201.6092],[32404480.1661,5833205.4866],[32404430.7657,5833207.1094],[32404419.0203,5833206.11],[32404409.524,5833201.1121],[32404402.7765,5833189.6168],[32404399.7774,5833167.6256],[32404540.2199,5833050.6701],[32404582.9523,5833012.1848],[32404594.4476,5833004.6876],[32404608.6919,5833001.6886],[32404626.9347,5833005.1869]]],[[[32395543.567,5834274.8104],[32395550.8149,5834331.2879],[32395549.8155,5834345.2823],[32395544.3178,5834356.7778],[32395534.322,5834366.2742],[32395500.2485,5834379.3381],[32395456.1035,5834396.2634],[32395420.3651,5834413.8583],[32395391.1298,5834428.2516],[32395370.1383,5834434.7493],[32395350.3962,5834438.2482],[32395333.403,5834440.7474],[32395319.6584,5834440.2478],[32395308.4129,5834437.2492],[32395299.1664,5834429.7523],[32395291.9192,5834419.2566],[32395287.1709,5834407.2614],[32395285.4214,5834396.2658],[32395289.6696,5834386.2697],[32395300.1653,5834376.7733],[32395313.16,5834368.7763],[32395324.9052,5834364.278],[32395350.1451,5834359.7794],[32395362.6401,5834355.7808],[32395371.3865,5834349.7831],[32395372.6359,5834341.7862],[32395366.3883,5834332.7899],[32395355.6424,5834324.7932],[32395342.6475,5834319.2956],[32395290.9179,5834303.8025],[32395277.6731,5834297.3053],[32395269.1763,5834287.8092],[32395264.1781,5834275.814],[32395262.6785,5834263.319],[32395265.4273,5834251.8235],[32395273.424,5834243.8266],[32395287.1685,5834239.828],[32395304.9114,5834239.3279],[32395326.153,5834243.326],[32395345.6453,5834249.3234],[32395385.6297,5834266.3161],[32395396.1255,5834268.8149],[32395404.6221,5834267.8152],[32395410.1199,5834264.3165],[32395412.119,5834258.3189],[32395403.1217,5834197.843],[32395405.6205,5834184.3484],[32395415.3665,5834172.8528],[32395429.6107,5834163.8562],[32395445.1045,5834158.3582],[32395460.0985,5834155.8589],[32395474.8426,5834155.3589],[32395488.837,5834156.8581],[32395501.3321,5834159.357],[32395512.5777,5834165.8542],[32395522.324,5834177.8493],[32395530.0712,5834194.3426],[32395534.3198,5834213.335],[32395543.567,5834274.8104]]],[[[32398089.8174,5850931.7941],[32397971.5509,5850796.0917],[32398102.3302,5850675.0191],[32398123.3604,5850680.3048],[32398144.5271,5850683.0564],[32398175.8538,5850694.0631],[32398197.0205,5850706.5515],[32398212.4722,5850726.2365],[32398238.0045,5850778.6453],[32398250.7046,5850793.1974],[32398277.3227,5850801.2895],[32398242.6966,5850865.96],[32398232.4572,5850895.3553],[32398219.7572,5850922.7397],[32398214.7402,5850929.0419],[32398089.8174,5850931.7941]]],[[[32390891.1501,5836814.6124],[32390899.2909,5836858.0268],[32390862.9313,5836858.0274],[32390826.0287,5836849.345],[32390799.9797,5836836.321],[32390778.2721,5836821.1262],[32390741.369,5836775.5414],[32390713.1494,5836766.8589],[32390688.1377,5836771.0277],[32390684.2858,5836759.3907],[32390669.0414,5836726.9039],[32390652.5476,5836700.4146],[32390628.8067,5836675.4249],[32390592.1818,5836645.7753],[32390635.0003,5836562.8115],[32390663.2192,5836528.0793],[32390689.2679,5836512.8839],[32390713.1458,5836512.8835],[32390734.8531,5836515.054],[32390754.3897,5836528.0781],[32390773.9273,5836564.9801],[32390784.7812,5836606.2238],[32390793.4649,5836649.6383],[32390843.3923,5836719.1009],[32390891.1501,5836814.6124]]],[[[32395924.4166,5834352.2742],[32395922.9188,5834469.2277],[32395922.1695,5834496.7168],[32395919.9206,5834508.712],[32395914.6728,5834518.2083],[32395906.6761,5834523.2065],[32395896.9299,5834521.7072],[32395883.6851,5834514.7102],[32395831.9551,5834477.7256],[32395812.2129,5834470.2289],[32395789.222,5834468.7298],[32395745.5095,5834475.4115],[32395754.3197,5834458.9653],[32395758.7095,5834437.8928],[32395759.5871,5834406.284],[32395755.1965,5834371.1633],[32395723.5863,5834273.7034],[32395719.1958,5834241.2168],[32395721.8293,5834207.8519],[32395734.1212,5834178.8771],[32395756.9493,5834150.7801],[32395787.6798,5834135.8533],[32395811.3864,5834134.0969],[32395838.605,5834135.8526],[32395862.3117,5834144.6325],[32395886.0185,5834161.3145],[32395907.9694,5834187.6548],[32395926.4084,5834229.7995],[32395935.4108,5834256.3122],[32395924.4166,5834352.2742]]],[[[32405891.6591,5831443.7899],[32405883.4125,5831452.7865],[32405870.9175,5831460.2837],[32405856.4234,5831465.2819],[32405840.9296,5831466.7815],[32405822.187,5831463.2832],[32405773.4561,5831444.7912],[32405751.9646,5831438.2941],[32405731.2228,5831434.296],[32405708.9816,5831432.7969],[32405686.2407,5831434.7964],[32405619.7673,5831451.7906],[32405594.5274,5831455.7894],[32405569.7873,5831456.7893],[32405548.0459,5831455.2902],[32405531.5524,5831451.7919],[32405518.0577,5831442.7956],[32405505.3125,5831427.302],[32405496.5657,5831406.8103],[32405494.0664,5831383.3196],[32405498.0644,5831359.8289],[32405507.3105,5831340.8363],[32405522.8041,5831327.8413],[32405545.7949,5831322.843],[32405568.5359,5831325.3416],[32405583.0303,5831333.3383],[32405592.0269,5831345.3334],[32405604.2724,5831374.8215],[32405614.2686,5831385.3171],[32405628.513,5831389.8151],[32405647.2554,5831384.3171],[32405663.7487,5831372.3216],[32405671.9952,5831359.3266],[32405674.4941,5831346.3318],[32405673.7442,5831334.8364],[32405668.9959,5831325.3402],[32405661.7487,5831315.8441],[32405657.2503,5831304.8485],[32405660.4988,5831291.8536],[32405679.2411,5831275.3599],[32405710.7284,5831257.3666],[32405775.2023,5831226.8779],[32405796.9435,5831220.3801],[32405816.6857,5831221.8792],[32405835.1784,5831228.3764],[32405853.4213,5831238.872],[32405871.1645,5831252.8661],[32405886.6586,5831270.359],[32405898.1543,5831291.3505],[32405904.1522,5831313.8414],[32405905.652,5831341.8303],[32405903.6537,5831404.3055],[32405900.6552,5831422.7981],[32405897.1567,5831433.7938],[32405891.6591,5831443.7899]]],[[[32407117.2664,5841503.4647],[32407162.7993,5841549.2528],[32407125.815,5841612.728],[32407115.3196,5841639.7175],[32407108.3654,5841664.7537],[32407107.8229,5841666.7068],[32407097.0887,5841748.2624],[32407082.045,5841755.484],[32407077.8685,5841760.3954],[32407071.7831,5841771.7726],[32407070.1956,5841788.4413],[32407065.6976,5841808.8143],[32407055.6435,5841822.5727],[32407042.1497,5841827.5998],[32407030.7726,5841826.2768],[32407010.0084,5841813.6733],[32406963.3165,5841750.9899],[32406856.9158,5841615.6482],[32406861.1492,5841588.1315],[32406909.4489,5841526.3775],[32406981.7994,5841471.7146],[32407050.705,5841463.463],[32407117.2664,5841503.4647]]],[[[32403298.7939,5838623.4713],[32403294.2958,5838625.9704],[32403285.7991,5838624.4711],[32403073.6326,5838560.4995],[32403002.4944,5838536.1855],[32402965.4251,5838523.5157],[32402956.9285,5838524.0157],[32402944.1838,5838534.5117],[32402936.9367,5838537.5106],[32402928.1902,5838538.0105],[32402916.6947,5838534.0122],[32402903.1999,5838526.0156],[32402890.7047,5838514.5204],[32402880.2087,5838502.0255],[32402873.7112,5838491.0299],[32402854.2183,5838446.0481],[32402830.9771,5838416.0604],[32402824.4796,5838409.563],[32402737.8664,5838343.4654],[32402710.5237,5838322.5992],[32402698.0285,5838310.6042],[32402693.5301,5838299.1088],[32402694.7795,5838289.6126],[32402712.5221,5838265.1221],[32402723.7673,5838247.6289],[32402730.5146,5838243.6303],[32402740.2607,5838245.6294],[32402751.0065,5838251.1271],[32402760.253,5838257.6244],[32402826.4774,5838315.6004],[32402916.6926,5838391.0691],[32402947.1808,5838413.0599],[32402975.9196,5838430.5526],[32403002.9091,5838443.547],[32403027.8992,5838451.5435],[32403073.1691,5838459.4308],[32403159.8471,5838474.5325],[32403208.5778,5838485.5274],[32403252.8104,5838499.0214],[32403293.7943,5838514.0149],[32403327.2812,5838529.0085],[32403349.7725,5838543.0026],[32403364.2669,5838556.9968],[32403375.0129,5838572.9903],[32403381.0107,5838589.9834],[32403380.5112,5838606.9767],[32403374.0139,5838618.4722],[32403364.018,5838621.971],[32403341.027,5838617.9729],[32403321.7846,5838612.4753],[32403313.7878,5838611.9756],[32403306.7906,5838614.4748],[32403298.7939,5838623.4713]]],[[[32400206.4935,5836480.8669],[32400212.9912,5836498.8596],[32400214.4908,5836515.8528],[32400207.9936,5836530.847],[32400199.5833,5836536.7655],[32400194.4991,5836540.3434],[32400178.5055,5836543.3424],[32400162.0121,5836541.8432],[32400147.2679,5836537.3452],[32400131.7739,5836528.349],[32400073.5464,5836483.3677],[32400056.8029,5836472.3723],[32400043.3082,5836466.3749],[32400032.3126,5836464.8757],[32400023.816,5836467.8746],[32400016.3789,5836477.9591],[32400009.0722,5836487.8668],[32399997.5768,5836493.3648],[32399982.5828,5836494.8644],[32399969.338,5836491.8658],[32399957.3427,5836486.3682],[32399930.6031,5836465.8767],[32399924.8552,5836457.3802],[32399920.3569,5836445.8848],[32399920.6452,5836440.1154],[32399921.1063,5836430.8907],[32399929.1029,5836414.897],[32399958.5906,5836374.4127],[32399961.5893,5836366.9156],[32399958.8403,5836357.9192],[32399942.5965,5836344.9246],[32399911.8585,5836327.432],[32399875.3728,5836309.9395],[32399812.1476,5836283.4509],[32399762.6669,5836260.4607],[32399739.6759,5836247.4662],[32399719.9335,5836233.4721],[32399706.6886,5836218.978],[32399698.4417,5836205.4835],[32399694.4431,5836193.4883],[32399692.1938,5836182.9925],[32399692.9434,5836173.4963],[32399699.9405,5836164.9996],[32399716.4339,5836158.5019],[32399742.9233,5836155.003],[32399774.9106,5836157.0017],[32399808.1474,5836163.4987],[32399837.6358,5836173.4943],[32399940.0958,5836225.972],[32400002.5715,5836259.9576],[32400049.3033,5836288.4456],[32400080.5412,5836310.9362],[32400107.5308,5836333.9267],[32400129.7722,5836355.9176],[32400146.266,5836375.4097],[32400174.5054,5836420.3914],[32400206.4935,5836480.8669]]],[[[32400681.3104,5836881.7008],[32400683.5597,5836895.6952],[32400684.3103,5836962.1687],[32400686.3099,5836986.659],[32400690.5584,5837003.6522],[32400706.5524,5837026.143],[32400718.5478,5837038.5823],[32400733.5421,5837054.1315],[32400741.5391,5837067.1262],[32400746.2874,5837081.6204],[32400745.7878,5837096.1146],[32400739.5404,5837107.1103],[32400729.7944,5837113.6079],[32400700.5562,5837122.6047],[32400680.3143,5837126.6034],[32400633.333,5837129.1031],[32400601.1331,5837118.8799],[32400564.2378,5837107.1659],[32400464.8992,5837075.6267],[32400434.6611,5837063.6319],[32400408.1715,5837050.1376],[32400383.1812,5837033.1447],[32400362.689,5837015.1522],[32400349.4441,5836997.1595],[32400341.6968,5836975.1684],[32400337.9479,5836947.1796],[32400338.9471,5836918.6909],[32400345.944,5836896.6995],[32400356.1897,5836879.2063],[32400367.6849,5836864.7119],[32400384.1782,5836855.2155],[32400407.9187,5836852.2163],[32400435.9076,5836852.7158],[32400464.6462,5836855.7142],[32400488.8866,5836861.2116],[32400518.8749,5836874.7058],[32400528.621,5836876.7049],[32400583.7565,5836867.0855],[32400608.8389,5836862.7094],[32400650.5723,5836861.2094],[32400666.3161,5836864.7078],[32400676.0623,5836871.7048],[32400681.3104,5836881.7008]]],[[[32394090.9418,5837545.53],[32394050.9581,5837570.0208],[32394008.7252,5837592.5124],[32393972.9896,5837607.507],[32393944.751,5837615.0044],[32393902.7678,5837621.2946],[32393878.0277,5837625.0014],[32393848.0398,5837635.4976],[32393785.7497,5837661.2015],[32393729.3377,5837684.4798],[32393710.8451,5837687.4789],[32393693.352,5837682.4811],[32393679.8572,5837671.4857],[32393673.1096,5837654.9923],[32393663.1121,5837550.0342],[32393676.8564,5837536.0396],[32393687.8518,5837521.0454],[32393696.3482,5837503.0524],[32393722.1575,5837498.9009],[32393767.8196,5837491.556],[32393794.0591,5837484.5584],[32393861.7949,5837461.4536],[32393923.0071,5837440.5741],[32393935.2523,5837440.0741],[32393943.2491,5837444.5722],[32393945.8567,5837450.7073],[32393947.4976,5837454.5682],[32393948.4974,5837470.062],[32393948.9977,5837506.5475],[32393954.2458,5837516.0436],[32393970.7393,5837520.0418],[32393978.986,5837518.0425],[32393987.2326,5837512.5445],[32394009.2235,5837488.054],[32394060.4502,5837427.0356],[32394121.6769,5837354.1057],[32394141.9848,5837327.8351],[32394176.1542,5837283.6329],[32394188.899,5837275.6359],[32394198.895,5837277.635],[32394207.1419,5837284.1323],[32394214.1393,5837296.6272],[32394219.6374,5837316.6192],[32394221.3871,5837345.6076],[32394217.8889,5837379.0944],[32394211.392,5837409.5823],[32394204.395,5837429.0747],[32394191.4004,5837446.5679],[32394144.4199,5837500.5471],[32394120.4298,5837523.5383],[32394090.9418,5837545.53]]],[[[32402928.0724,5847552.4242],[32402920.0759,5847572.9161],[32402905.083,5847653.3843],[32402904.5835,5847675.3756],[32402911.5811,5847695.3675],[32402927.0753,5847721.357],[32402951.0661,5847746.8465],[32402984.0532,5847764.3391],[32402972.5581,5847784.3313],[32402958.8138,5847801.3247],[32402941.0711,5847816.319],[32402921.8289,5847825.3157],[32402902.5866,5847828.8146],[32402881.0951,5847826.8157],[32402855.1054,5847820.8184],[32402829.1156,5847810.8227],[32402807.6239,5847798.328],[32402789.1311,5847783.3342],[32402772.3875,5847766.841],[32402711.9105,5847700.3683],[32402675.9242,5847657.8857],[32402639.6524,5847608.4775],[32402612.4482,5847571.421],[32402592.9557,5847551.9291],[32402567.4656,5847536.4356],[32402585.958,5847523.4405],[32402606.4497,5847512.9444],[32402632.4393,5847504.4474],[32402662.1774,5847500.9484],[32402694.1647,5847501.9475],[32402794.6249,5847514.4411],[32402811.1183,5847513.4413],[32402831.86,5847506.4438],[32402851.8519,5847494.4483],[32402864.0968,5847479.4541],[32402871.3436,5847461.9609],[32402883.5882,5847421.4769],[32402891.8346,5847403.9837],[32402901.8304,5847388.4897],[32402914.5752,5847375.4947],[32402927.32,5847365.9983],[32402938.5654,5847361.0002],[32402949.3111,5847359.5006],[32402960.8066,5847360.0003],[32402971.8022,5847363.4987],[32402980.0491,5847371.4954],[32402985.547,5847382.9908],[32402988.5461,5847397.485],[32402988.5463,5847412.9788],[32402979.5504,5847447.4652],[32402970.8042,5847468.9568],[32402942.0664,5847525.4347],[32402928.0724,5847552.4242]]],[[[32387644.8237,5838206.6306],[32387710.2421,5838383.2862],[32387731.7347,5838461.7547],[32387741.2316,5838507.7363],[32387742.3894,5838527.1238],[32387743.2313,5838541.2229],[32387737.4839,5838561.7149],[32387727.4881,5838576.709],[32387714.2434,5838585.7056],[32387699.2495,5838588.2049],[32387683.7555,5838582.7073],[32387669.7609,5838569.2128],[32387657.2656,5838549.7208],[32387654.2922,5838542.4019],[32387647.5191,5838525.7304],[32387633.2744,5838499.2412],[32387611.7826,5838474.2514],[32387589.5412,5838454.7595],[32387573.5474,5838443.7641],[32387563.3014,5838441.765],[32387529.565,5838451.7615],[32387514.8209,5838452.2615],[32387499.5769,5838447.2637],[32387485.0825,5838437.7677],[32387465.9565,5838416.4601],[32387447.8467,5838396.2847],[32387435.6015,5838386.7887],[32387424.8556,5838381.291],[32387397.6164,5838377.7928],[32387365.3793,5838378.7928],[32387353.384,5838377.2936],[32387346.3867,5838371.7959],[32387343.8876,5838362.7995],[32387345.6367,5838351.304],[32387352.134,5838337.3095],[32387363.1293,5838321.3157],[32387375.3743,5838307.8209],[32387393.117,5838294.8258],[32387396.3656,5838287.8286],[32387396.8653,5838279.332],[32387391.867,5838259.8398],[32387386.3692,5838254.8418],[32387378.8721,5838252.8427],[32387358.1303,5838251.3436],[32387351.1331,5838247.8451],[32387349.3837,5838241.3477],[32387359.4974,5838221.9803],[32387372.8737,5838196.3653],[32387382.735,5838168.7524],[32387385.5668,5838168.7514],[32387388.5656,5838168.7515],[32387391.5644,5838168.7528],[32387394.5632,5838168.7555],[32387397.5619,5838168.7596],[32387400.5607,5838168.7651],[32387403.5594,5838168.7723],[32387406.5581,5838168.781],[32387409.5567,5838168.7915],[32387412.5554,5838168.8038],[32387415.554,5838168.818],[32387418.5525,5838168.8341],[32387421.5511,5838168.8523],[32387424.5496,5838168.8725],[32387427.548,5838168.895],[32387430.5465,5838168.9197],[32387433.5449,5838168.9465],[32387436.5443,5838168.9714],[32387439.5447,5838168.9941],[32387442.5459,5838169.0164],[32387445.5478,5838169.04],[32387448.55,5838169.0664],[32387451.5524,5838169.0975],[32387454.5547,5838169.1347],[32387457.5567,5838169.18],[32387460.5583,5838169.2348],[32387463.5591,5838169.3009],[32387466.5589,5838169.38],[32387469.5576,5838169.4737],[32387472.5549,5838169.5836],[32387475.5505,5838169.7116],[32387478.5443,5838169.8592],[32387481.5361,5838170.0282],[32387484.5255,5838170.2201],[32387487.5125,5838170.4368],[32387490.4967,5838170.6798],[32387493.479,5838170.9488],[32387496.4605,5838171.2417],[32387499.441,5838171.5577],[32387502.4203,5838171.8959],[32387505.3983,5838172.2555],[32387508.3747,5838172.6359],[32387511.3494,5838173.0363],[32387514.3221,5838173.4557],[32387517.2927,5838173.8936],[32387520.261,5838174.349],[32387523.2268,5838174.8213],[32387526.1899,5838175.3096],[32387529.1501,5838175.8131],[32387532.1072,5838176.3312],[32387535.061,5838176.8629],[32387538.0114,5838177.4076],[32387540.9581,5838177.9644],[32387543.901,5838178.5326],[32387546.8418,5838179.1092],[32387549.7833,5838179.6913],[32387552.725,5838180.2795],[32387555.6665,5838180.8746],[32387558.6074,5838181.4776],[32387561.5473,5838182.0892],[32387564.4857,5838182.7103],[32387567.4223,5838183.3417],[32387570.3565,5838183.9841],[32387573.2881,5838184.6385],[32387576.2164,5838185.3057],[32387579.1412,5838185.9864],[32387582.062,5838186.6815],[32387584.9784,5838187.3918],[32387587.8899,5838188.1182],[32387590.7961,5838188.8614],[32387593.6966,5838189.6223],[32387596.5911,5838190.4017],[32387599.4789,5838191.2005],[32387602.3598,5838192.0194],[32387605.2333,5838192.8593],[32387608.0993,5838193.7207],[32387610.9639,5838194.5985],[32387613.8287,5838195.4911],[32387616.6924,5838196.4],[32387619.5537,5838197.3265],[32387622.411,5838198.2721],[32387625.2631,5838199.238],[32387628.1085,5838200.2258],[32387630.9458,5838201.2368],[32387633.7737,5838202.2724],[32387636.5907,5838203.3339],[32387639.3954,5838204.4227],[32387642.1865,5838205.5403],[32387644.8237,5838206.6306]]],[[[32398087.5836,5836272.4795],[32398106.3263,5836284.9743],[32398125.319,5836304.4662],[32398140.5633,5836327.9567],[32398177.2998,5836403.9259],[32398205.5394,5836466.9005],[32398208.5384,5836478.8957],[32398208.5386,5836490.8909],[32398205.0402,5836503.386],[32398196.7936,5836515.3813],[32398183.7989,5836525.3775],[32398152.5616,5836543.3708],[32398140.5666,5836557.3654],[32398131.0707,5836583.3552],[32398110.58,5836658.3257],[32398099.8346,5836686.3147],[32398084.3411,5836706.8068],[32398062.3502,5836728.2985],[32398037.8602,5836747.2913],[32398014.8695,5836761.2861],[32397993.6281,5836769.783],[32397971.6369,5836775.781],[32397949.6457,5836776.2811],[32397928.9039,5836771.2834],[32397911.9104,5836756.2896],[32397899.665,5836733.2989],[32397882.6709,5836677.3214],[32397877.1727,5836648.8328],[32397875.423,5836619.3446],[32397878.1714,5836589.3564],[32397885.918,5836561.8673],[32397901.4115,5836539.8758],[32397922.6528,5836525.3813],[32397943.8943,5836517.3841],[32397959.8878,5836513.3855],[32397970.8834,5836507.3877],[32397980.6293,5836495.8922],[32397989.1257,5836478.8988],[32398005.3684,5836421.9212],[32398028.608,5836338.4541],[32398043.3515,5836294.9712],[32398051.3481,5836283.4756],[32398060.8443,5836275.9785],[32398072.3396,5836270.9803],[32398087.5836,5836272.4795]]],[[[32399576.633,5846025.5784],[32399584.3805,5846064.5628],[32399575.6344,5846096.0504],[32399561.6403,5846117.0423],[32399554.6432,5846124.5394],[32399543.6476,5846124.5395],[32399532.6519,5846124.5397],[32399521.6563,5846124.5398],[32399510.4108,5846124.54],[32399435.2648,5846129.0392],[32399424.445,5846129.0394],[32399409.2011,5846126.0408],[32399399.4548,5846117.0445],[32399395.956,5846103.5499],[32399399.2044,5846084.0576],[32399407.9507,5846066.5645],[32399424.1457,5846052.6826],[32399437.6885,5846041.0742],[32399438.9378,5846031.0782],[32399431.4407,5846021.0822],[32399416.9463,5846010.0868],[32399396.9541,5845998.0919],[32399366.1074,5845984.1945],[32399351.4718,5845977.6007],[32399340.726,5845966.1054],[32399336.2275,5845949.1122],[32399339.7259,5845932.6187],[32399349.7216,5845915.1255],[32399340.725,5845900.6314],[32399332.9778,5845883.1385],[32399325.4805,5845860.1478],[32399342.7235,5845849.1519],[32399361.7158,5845842.1544],[32399384.9565,5845839.1553],[32399423.4413,5845844.6526],[32399601.8708,5845880.136],[32399785.5482,5845911.6209],[32399823.5332,5845919.6172],[32399851.7721,5845928.6132],[32399917.4964,5845955.1017],[32399936.9888,5845967.0967],[32399946.4852,5845975.5932],[32399952.7328,5845983.5899],[32399955.2319,5845992.0865],[32399953.4828,5846004.5815],[32399942.4873,5846016.5769],[32399921.9956,5846023.0746],[32399899.2547,5846026.0738],[32399664.0982,5846023.0782],[32399576.633,5846025.5784]]],[[[32406168.3063,5831954.083],[32406159.6112,5831969.8747],[32406146.5655,5831993.5676],[32406137.3193,5831999.5654],[32406131.8931,5831998.2735],[32406126.8234,5831997.0665],[32406117.3271,5831989.0699],[32406111.3294,5831979.5737],[32406111.5791,5831965.5793],[32406124.5733,5831925.595],[32406140.3165,5831891.1085],[32406174.3022,5831832.6313],[32406191.7949,5831807.6409],[32406263.5151,5831720.1747],[32406282.0074,5831695.1844],[32406292.0031,5831673.6928],[32406295.5014,5831651.2017],[32406292.5023,5831630.7099],[32406283.2557,5831614.7164],[32406272.01,5831605.2203],[32406262.2639,5831601.222],[32406251.5182,5831602.2218],[32406238.0236,5831607.22],[32406221.2804,5831616.7165],[32406204.5372,5831630.2113],[32406189.5434,5831645.2056],[32406178.548,5831659.7],[32406167.8026,5831678.1928],[32406138.8149,5831734.1709],[32406112.3263,5831796.6464],[32406101.4087,5831827.6141],[32406084.8384,5831874.6158],[32406076.342,5831894.1082],[32406066.8461,5831910.102],[32406055.3507,5831918.5988],[32406040.6066,5831917.5994],[32406028.8612,5831910.1025],[32406024.1129,5831900.6064],[32406023.6129,5831887.6115],[32406026.6111,5831842.6294],[32406033.3579,5831804.1446],[32406055.0979,5831716.1793],[32406068.0922,5831679.6936],[32406083.8356,5831650.2051],[32406104.8268,5831625.2147],[32406133.3152,5831600.2243],[32406167.0514,5831577.7327],[32406201.0376,5831560.2392],[32406232.0251,5831547.2439],[32406299.498,5831525.2517],[32406327.6599,5831511.5407],[32406346.4789,5831500.7608],[32406359.7236,5831496.2624],[32406372.4685,5831495.2626],[32406385.7133,5831498.761],[32406396.959,5831510.7561],[32406404.9561,5831529.2486],[32406415.4525,5831570.732],[32406418.9514,5831591.2238],[32406420.9509,5831616.7136],[32406419.7022,5831668.693],[32406411.7058,5831699.6807],[32406372.4728,5831793.1441],[32406368.4747,5831814.1358],[32406369.4744,5831824.1319],[32406373.4729,5831831.6288],[32406381.4698,5831837.1265],[32406414.207,5831852.6199],[32406418.4554,5831859.617],[32406415.4567,5831868.1137],[32406406.4605,5831878.1099],[32406393.7028,5831887.9238],[32406379.7214,5831895.1035],[32406354.164,5831900.1621],[32406331.7406,5831904.6004],[32406308.0001,5831912.0977],[32406285.2593,5831922.5939],[32406255.1229,5831942.2487],[32406239.2781,5831952.5826],[32406226.5332,5831955.0818],[32406214.7878,5831954.0824],[32406206.0413,5831950.5839],[32406192.0467,5831941.5877],[32406184.2998,5831940.0884],[32406176.303,5831944.0869],[32406168.3063,5831954.083]]],[[[32388646.3417,5851139.847],[32388616.5638,5851083.2214],[32388591.8229,5851031.2424],[32388572.33,5850983.7616],[32388540.0916,5850895.797],[32388513.3306,5850816.1242],[32388500.6054,5850766.8489],[32388494.1074,5850729.3639],[32388490.1085,5850693.8781],[32388488.3587,5850659.3918],[32388488.858,5850625.4053],[32388491.3566,5850592.9182],[32388498.3532,5850549.4354],[32388501.3522,5850564.4294],[32388520.5957,5850643.3977],[32388533.591,5850679.3832],[32388550.8346,5850710.8704],[32388574.3258,5850745.8562],[32388600.8157,5850779.3425],[32388627.3056,5850807.331],[32388664.7911,5850835.8191],[32388717.7706,5850870.8045],[32388784.8696,5850913.1618],[32388896.7011,5850983.7571],[32388932.4372,5851006.7474],[32388960.1764,5851026.7391],[32388980.9185,5851046.231],[32388997.6622,5851070.2212],[32389009.4079,5851098.7097],[32389015.0679,5851131.7235],[32388646.3417,5851139.847]]],[[[32401789.3752,5837277.028],[32401794.6235,5837307.016],[32401796.3732,5837332.5058],[32401795.8738,5837360.4947],[32401792.3756,5837389.4832],[32401786.6283,5837418.4718],[32401769.8858,5837477.4486],[32401762.6389,5837494.4419],[32401753.3928,5837510.9355],[32401741.8976,5837524.9301],[32401730.6522,5837534.4265],[32401720.4064,5837539.9244],[32401707.9114,5837541.9238],[32401691.168,5837540.4246],[32401593.9564,5837518.4347],[32401529.2321,5837512.9378],[32401499.2439,5837508.44],[32401471.255,5837501.4432],[32401446.5147,5837492.9469],[32401426.5225,5837483.451],[32401382.7895,5837455.4627],[32401372.0436,5837443.9675],[32401366.7955,5837430.4729],[32401366.7953,5837416.9783],[32401371.5432,5837403.4836],[32401383.5382,5837388.4894],[32401402.2805,5837369.4967],[32401448.7614,5837325.5135],[32401567.7123,5837206.0594],[32401611.4444,5837166.0746],[32401632.9356,5837152.0799],[32401651.4282,5837145.5822],[32401668.6713,5837144.5824],[32401685.9145,5837147.0811],[32401704.4072,5837152.0789],[32401724.3994,5837162.5744],[32401743.392,5837178.5678],[32401758.8861,5837196.5604],[32401768.3826,5837213.0538],[32401789.3752,5837277.028]]],[[[32406161.6711,5833777.9096],[32406212.1138,5833687.4612],[32406224.0196,5833633.8812],[32406206.565,5833614.922],[32406194.5695,5833598.9285],[32406187.3222,5833582.935],[32406185.0728,5833566.4416],[32406187.3216,5833546.4495],[32406192.5692,5833525.4578],[32406213.8098,5833454.9855],[32406219.8072,5833442.9902],[32406227.3052,5833435.8866],[32406229.3033,5833433.9936],[32406241.5484,5833433.4936],[32406255.0432,5833442.4899],[32406268.538,5833456.9839],[32406319.019,5833529.4544],[32406340.7608,5833564.4402],[32406365.5107,5833611.2865],[32406382.7453,5833643.908],[32406396.74,5833665.899],[32406410.9846,5833682.892],[32406440.7232,5833713.3795],[32406453.2185,5833729.373],[32406460.7157,5833744.8667],[32406461.6225,5833753.3287],[32406533.3836,5833812.2735],[32406631.0673,5833892.5891],[32406726.5807,5833981.5876],[32406783.0207,5834048.8794],[32406822.0947,5834107.4886],[32406850.3152,5834185.6345],[32406845.9748,5834239.9027],[32406816.9783,5834323.9952],[32406805.5863,5834289.6451],[32406779.595,5834176.6904],[32406771.0979,5834143.7037],[32406761.3514,5834114.7153],[32406749.3558,5834090.725],[32406731.1127,5834066.235],[32406705.8724,5834037.7467],[32406653.3925,5833988.2672],[32406621.1551,5833966.7762],[32406574.9231,5833940.7872],[32406524.1929,5833914.7982],[32406478.2109,5833893.8072],[32406418.7342,5833871.317],[32406243.5531,5833813.3426],[32406200.8198,5833794.8505],[32406161.6711,5833777.9096]]],[[[32393326.6512,5848297.7632],[32393322.9031,5848325.7521],[32393321.654,5848353.2412],[32393324.1534,5848379.7306],[32393331.151,5848406.7198],[32393348.7974,5848452.5284],[32393368.8874,5848504.6803],[32393386.79,5848561.223],[32393400.8762,5848610.6377],[32393411.1228,5848654.1202],[32393416.3712,5848688.6064],[32393419.1206,5848723.0927],[32393418.8712,5848758.0787],[32393415.3731,5848794.0645],[32393404.8778,5848825.5521],[32393388.1347,5848847.0438],[32393365.8938,5848864.5371],[32393347.1509,5848841.0468],[32393336.4054,5848851.5427],[32393319.6622,5848862.5386],[32393297.4211,5848871.5353],[32393269.9321,5848875.5341],[32393243.4426,5848874.0351],[32393221.4513,5848868.5376],[32393151.9785,5848837.5509],[32393122.2401,5848821.5577],[32393092.7515,5848803.0655],[32393066.0118,5848781.5744],[32393043.7703,5848758.0841],[32393024.0278,5848730.0955],[32393001.8008,5848688.2563],[32393083.7443,5848681.9517],[32393172.7438,5848651.5602],[32393209.2202,5848637.5303],[32393187.91,5848519.963],[32393146.707,5848425.1479],[32393179.4212,5848375.8942],[32393214.841,5848307.706],[32393222.9071,5848236.235],[32393298.7797,5848222.7508],[32393336.2253,5848265.0805],[32393326.6512,5848297.7632]]],[[[32402079.8929,5846406.8918],[32402022.4157,5846400.3952],[32401963.4391,5846397.897],[32401917.9573,5846404.3951],[32401847.9855,5846430.8855],[32401798.2554,5846438.883],[32401776.1113,5846439.9531],[32401706.542,5846444.8819],[32401667.3077,5846450.8801],[32401617.5776,5846461.8764],[32401542.5166,5846480.8679],[32401388.4196,5846519.8565],[32401340.9386,5846527.854],[32401315.4487,5846526.8548],[32401293.2075,5846522.3569],[32401274.4649,5846514.8601],[32401259.4707,5846503.8647],[32401245.476,5846488.8708],[32401218.4862,5846451.8859],[32401308.6998,5846414.3996],[32401377.6719,5846383.411],[32401423.6532,5846358.4203],[32401453.3911,5846337.4282],[32401493.8746,5846313.4372],[32401545.3538,5846289.9458],[32401608.8283,5846269.9529],[32401736.988,5846238.343],[32401823.4921,5846215.9713],[32401841.9847,5846213.4721],[32401861.7269,5846213.4718],[32401879.7197,5846215.9706],[32401903.0371,5846222.4692],[32401904.9508,5846223.0025],[32401918.4545,5846224.9664],[32401932.199,5846224.4664],[32401943.6944,5846220.4679],[32402010.1683,5846249.4554],[32402038.4073,5846264.449],[32402061.3984,5846280.4424],[32402081.3907,5846297.9351],[32402097.8844,5846317.4271],[32402110.1299,5846339.4182],[32402140.8688,5846416.887],[32402079.8929,5846406.8918]]],[[[32399167.6607,5836751.2738],[32399157.4149,5836758.2712],[32399147.4189,5836761.7699],[32399135.9235,5836760.2707],[32399121.4292,5836753.2737],[32399106.185,5836740.2791],[32399094.1896,5836723.7858],[32399085.6927,5836707.7923],[32399081.6941,5836696.2969],[32399066.449,5836614.3297],[32399055.2029,5836569.3478],[32399040.4581,5836527.3647],[32399024.9639,5836497.8766],[32399007.9703,5836474.3862],[32398984.4244,5836440.338],[32398906.0087,5836326.9463],[32398876.7698,5836287.4624],[32398859.0266,5836267.4706],[32398817.5425,5836227.4871],[32398798.5498,5836212.4933],[32398782.0563,5836201.9977],[32398757.4763,5836190.8584],[32398731.3261,5836179.0075],[32398713.8329,5836168.512],[32398700.0882,5836156.0171],[32398679.3461,5836130.5276],[32398672.0988,5836117.5328],[32398670.5992,5836104.538],[32398678.5958,5836093.0425],[32398700.3371,5836085.5452],[32398929.9953,5836054.0545],[32398980.2252,5836046.057],[32399001.2167,5836041.0587],[32399020.2091,5836039.0592],[32399033.6509,5836043.3262],[32399035.953,5836044.057],[32399047.4486,5836060.0505],[32399103.9288,5836242.4771],[32399138.4168,5836361.9291],[32399163.3422,5836460.0215],[32399223.8876,5836698.2941],[32399167.6607,5836751.2738]]],[[[32406479.0121,5837476.8823],[32406505.2517,5837482.8795],[32406528.2427,5837492.8752],[32406546.7355,5837505.8698],[32406560.9801,5837521.3634],[32406581.9722,5837552.3508],[32406597.2163,5837563.3462],[32406610.2113,5837575.3413],[32406621.457,5837590.835],[32406626.4553,5837606.8285],[32406624.2064,5837621.3228],[32406615.7099,5837631.8187],[32406602.7151,5837637.3167],[32406542.3363,5837645.3753],[32406409.0426,5837667.8074],[32406327.3254,5837685.8014],[32406249.8566,5837710.7925],[32406171.3883,5837744.7801],[32406101.9164,5837779.2674],[32406051.9367,5837807.7568],[32406000.0957,5837840.4674],[32405974.4683,5837856.2386],[32405937.9831,5837875.2316],[32405906.2458,5837886.2276],[32405877.7572,5837887.7274],[32405849.7683,5837883.7294],[32405824.7781,5837875.2332],[32405805.0358,5837863.2382],[32405790.0415,5837848.7442],[32405779.5454,5837829.7519],[32405775.2968,5837804.2621],[32405779.5446,5837769.2759],[32405793.0386,5837730.2913],[32405813.0302,5837695.3049],[32405835.7707,5837664.3169],[32405857.7616,5837638.3269],[32405885.2503,5837614.3361],[32405921.4855,5837591.8445],[32405959.4701,5837572.3517],[32405992.2069,5837559.8562],[32406035.4394,5837536.3649],[32406071.9246,5837518.8714],[32406102.4124,5837508.3751],[32406144.6455,5837503.3765],[32406231.1936,5837497.7915],[32406330.5713,5837491.3786],[32406364.8076,5837487.3797],[32406422.7844,5837476.8831],[32406450.7733,5837474.8835],[32406479.0121,5837476.8823]]],[[[32404562.684,5848350.5836],[32404532.4463,5848368.0771],[32404503.9578,5848381.0723],[32404481.217,5848388.0699],[32404460.7252,5848391.5688],[32404426.3319,5848411.7799],[32404412.2449,5848420.0581],[32404386.0048,5848386.5718],[32404359.7649,5848359.5829],[32404330.7761,5848338.5917],[32404298.7886,5848324.5977],[32404194.0797,5848289.1133],[32404161.0926,5848273.1201],[32404088.8707,5848226.6396],[32404054.1341,5848202.1499],[32403965.9182,5848131.6791],[32403895.4453,5848070.7044],[32403886.6986,5848058.2095],[32403889.1975,5848050.2126],[32403899.4433,5848045.7143],[32403912.9379,5848044.2147],[32403925.9328,5848046.7135],[32403938.178,5848053.2107],[32403972.4148,5848077.2007],[32404123.1061,5848163.6642],[32404265.5506,5848242.6308],[32404295.289,5848254.6256],[32404309.2834,5848255.625],[32404321.7784,5848251.6264],[32404340.5207,5848237.6317],[32404349.517,5848227.1358],[32404361.512,5848210.6422],[32404372.2574,5848188.6508],[32404378.0048,5848167.1592],[32404380.2536,5848144.6681],[32404176.3335,5848066.2022],[32404130.1017,5848050.709],[32404055.3811,5848028.7188],[32403974.1631,5848007.7283],[32403908.689,5847998.233],[32403854.9603,5847995.7348],[32403750.7516,5847987.7394],[32403688.7762,5847980.7431],[32403666.285,5847976.2452],[32403647.2925,5847968.7484],[32403632.0484,5847956.2536],[32403621.0525,5847941.2597],[32403614.8048,5847926.7656],[32403612.3056,5847913.271],[32403613.305,5847899.7763],[32403618.5527,5847888.2808],[32403629.5482,5847879.7841],[32403647.2911,5847874.286],[32403699.7702,5847871.7863],[32403750.0001,5847866.7876],[32403760.9961,5847887.779],[32403783.4874,5847905.2718],[32403809.4772,5847917.7664],[32403832.4682,5847924.2635],[32403860.4571,5847926.2623],[32403927.6803,5847923.7624],[32403991.1552,5847931.7583],[32404063.8765,5847949.2503],[32404271.7946,5848005.2251],[32404342.7666,5848020.2182],[32404410.9896,5848027.2144],[32404439.7283,5848032.7118],[32404472.7153,5848042.2076],[32404508.4513,5848055.7017],[32404567.6781,5848085.1892],[32404607.1628,5848110.1787],[32404629.9041,5848131.17],[32404639.4004,5848141.1659],[32404648.647,5848155.1602],[32404657.8403,5848177.9375],[32404662.3921,5848196.1437],[32404664.8914,5848216.1357],[32404664.3919,5848236.1278],[32404661.1435,5848256.1198],[32404651.8975,5848276.6118],[32404636.6538,5848296.1043],[32404616.1623,5848315.5968],[32404562.684,5848350.5836]]],[[[32394240.6355,5837771.9378],[32394187.9069,5837797.4284],[32394124.1826,5837823.4189],[32394064.4567,5837844.4114],[32394023.4731,5837855.4076],[32393977.4915,5837863.9049],[32393961.4828,5837863.9051],[32393945.2543,5837856.4084],[32393941.0058,5837843.9134],[32393948.2527,5837829.9188],[32393971.7429,5837800.4302],[32393991.7345,5837771.9413],[32393998.4817,5837758.4466],[32393998.2316,5837747.4509],[32393993.9832,5837741.4534],[32393989.2351,5837741.9533],[32393966.2445,5837758.447],[32393938.7557,5837774.9409],[32393900.0214,5837795.4332],[32393857.5385,5837814.4263],[32393819.8037,5837825.9223],[32393787.5666,5837828.9215],[32393758.5781,5837827.4225],[32393734.5876,5837822.4249],[32393717.3443,5837815.9277],[32393709.3474,5837804.4324],[32393710.8465,5837788.4387],[32393720.3425,5837772.4449],[32393735.8362,5837760.4495],[32393786.7806,5837744.006],[32393917.0133,5837701.9702],[32393987.2349,5837674.4801],[32394043.2123,5837648.4897],[32394088.1941,5837625.998],[32394143.6716,5837595.5093],[32394159.4152,5837584.5135],[32394187.6536,5837560.0228],[32394192.6518,5837573.5174],[32394197.65,5837587.0119],[32394202.6482,5837600.5065],[32394207.6464,5837614.0011],[32394268.6208,5837519.5378],[32394282.1271,5837494.7445],[32394297.6084,5837461.0606],[32394306.1046,5837434.5711],[32394310.3526,5837408.0815],[32394307.8532,5837381.5921],[32394292.8587,5837349.1052],[32394267.6182,5837309.6213],[32394224.1346,5837248.1464],[32394216.3874,5837230.1536],[32394213.1384,5837207.6626],[32394213.8878,5837185.1716],[32394218.6356,5837165.6793],[32394229.8809,5837148.6859],[32394250.3725,5837130.6927],[32394279.8605,5837112.6995],[32394317.8451,5837095.2059],[32394357.0793,5837082.2105],[32394390.5659,5837076.7122],[32394419.5544,5837076.7118],[32394444.5445,5837080.7099],[32394465.7862,5837089.706],[32394484.8954,5837108.4393],[32394498.5237,5837129.6896],[32394510.7693,5837157.6783],[32394520.7658,5837196.1629],[32394528.7633,5837244.6435],[32394533.0124,5837295.1233],[32394532.7631,5837339.6056],[32394527.016,5837381.589],[32394517.7703,5837426.0714],[32394505.5258,5837469.0545],[32394495.1178,5837497.5814],[32394476.5384,5837540.0267],[32394457.0466,5837576.5125],[32394431.0575,5837614.4977],[32394397.0716,5837652.4831],[32394358.8373,5837687.9695],[32394320.603,5837719.4575],[32394281.6189,5837746.9471],[32394240.6355,5837771.9378]]],[[[32389971.0664,5836540.4878],[32389990.3089,5836549.9838],[32390006.8026,5836568.4762],[32390018.7982,5836595.4653],[32390025.546,5836627.4524],[32390028.2954,5836660.4393],[32390027.796,5836690.9272],[32390024.7975,5836715.9173],[32390019.3,5836737.9086],[32390010.8037,5836758.9004],[32389986.814,5836806.3818],[32389976.8183,5836833.3712],[32389969.5716,5836859.8608],[32389966.0733,5836883.3515],[32389966.0737,5836911.3403],[32389976.0712,5837016.7982],[32389974.3224,5837047.7859],[32389966.3261,5837083.2719],[32389945.0854,5837146.747],[32389934.0902,5837172.237],[32389919.3464,5837198.7267],[32389900.6042,5837223.717],[32389877.8636,5837246.2083],[32389829.8832,5837285.1935],[32389810.8911,5837303.6864],[32389798.6462,5837321.1796],[32389791.6492,5837339.6724],[32389782.1536,5837380.6562],[32389776.4061,5837396.1501],[32389769.1591,5837405.1466],[32389761.1624,5837409.645],[32389752.9156,5837410.1449],[32389745.6685,5837407.1462],[32389726.4908,5837395.2303],[32389694.1885,5837375.1596],[32389675.1958,5837360.6657],[32389657.7026,5837344.1725],[32389639.9594,5837324.6805],[32389624.4652,5837303.1892],[32389614.4688,5837279.1989],[32389609.4704,5837252.2097],[32389607.2209,5837220.2225],[32389608.2199,5837181.7378],[32389612.2177,5837134.7564],[32389624.2119,5837067.7829],[32389644.2028,5836983.3162],[32389665.4432,5836903.3477],[32389681.686,5836849.369],[32389700.9276,5836802.8872],[32389731.1647,5836741.4112],[32389767.1495,5836678.4358],[32389802.8846,5836628.955],[32389836.8706,5836594.4682],[32389869.6072,5836566.9787],[32389899.8449,5836548.4856],[32389926.3342,5836539.4888],[32389949.5749,5836537.9891],[32389971.0664,5836540.4878]]],[[[32409634.6138,5844773.4349],[32409724.33,5844900.3831],[32409746.8216,5844937.8678],[32409722.3313,5844932.3704],[32409697.0913,5844929.3719],[32409668.6026,5844928.8725],[32409641.1136,5844932.8713],[32409589.3843,5844945.8669],[32409561.8953,5844950.8653],[32409531.4075,5844952.865],[32409498.9204,5844951.366],[32409465.6836,5844946.8683],[32409432.9465,5844939.8715],[32409381.2167,5844913.8826],[32409253.5275,5844828.2399],[32409160.5523,5844765.9446],[32409102.5746,5844720.9633],[32409035.1005,5844657.4895],[32408927.1419,5844547.5348],[32408886.9073,5844512.5493],[32408816.6991,5844458.0756],[32408708.4763,5844374.1069],[32408676.2388,5844351.6163],[32408642.7518,5844335.6232],[32408606.2662,5844328.1267],[32408695.4798,5844264.6507],[32408724.2181,5844246.1576],[32408738.4624,5844240.6596],[32408756.2053,5844239.1599],[32408777.1969,5844240.1592],[32408798.4385,5844243.6576],[32408818.6806,5844251.6541],[32408836.6736,5844264.6487],[32408856.4161,5844287.1394],[32408905.6819,5844354.6924],[32408931.1379,5844389.5976],[32408961.6263,5844424.0834],[32408976.6205,5844437.5779],[32408991.8646,5844447.5737],[32409028.1004,5844463.067],[32409047.093,5844469.5641],[32409064.836,5844471.5631],[32409079.8299,5844467.5645],[32409091.5751,5844459.0677],[32409100.0716,5844446.0727],[32409119.3132,5844398.0915],[32409127.5598,5844389.095],[32409139.0551,5844384.5966],[32409154.299,5844381.0978],[32409171.5422,5844380.098],[32409189.2851,5844382.0969],[32409206.0286,5844390.0935],[32409221.2727,5844403.0881],[32409234.0179,5844420.0812],[32409243.2645,5844437.5741],[32409250.5119,5844460.065],[32409261.6644,5844511.9901],[32409266.5067,5844534.5352],[32409277.2529,5844568.0217],[32409286.9993,5844589.513],[32409300.4943,5844612.5037],[32409319.4871,5844633.495],[32409342.2282,5844648.9885],[32409365.7191,5844659.9838],[32409555.8945,5844735.4511],[32409634.6138,5844773.4349]]],[[[32408619.1733,5838369.9967],[32408590.1853,5838402.4842],[32408552.201,5838441.4692],[32408517.9643,5838417.4792],[32408579.688,5838298.0259],[32408582.1868,5838286.0306],[32408578.688,5838273.0358],[32408565.4431,5838259.5414],[32408466.9813,5838192.5694],[32408437.7426,5838168.0796],[32408416.0009,5838145.089],[32408397.258,5838121.5986],[32408381.7639,5838099.1078],[32408360.022,5838061.623],[32408352.2749,5838052.1269],[32408344.0282,5838047.6288],[32408333.0325,5838046.1295],[32408321.2872,5838049.1285],[32408312.2909,5838057.6253],[32408296.5475,5838077.6175],[32408291.2997,5838087.1138],[32408289.7017,5838103.5527],[32408287.8016,5838123.0996],[32408281.3043,5838132.0961],[32408269.809,5838136.5945],[32408256.5642,5838136.5947],[32408243.5694,5838133.0962],[32408229.075,5838120.6014],[32408192.5888,5838076.6194],[32408173.1533,5838050.4304],[32408157.3522,5838029.1388],[32408144.1073,5838016.1442],[32408126.864,5838006.1484],[32408107.3717,5838001.1506],[32408089.8786,5838002.6503],[32408075.3845,5838009.1479],[32408065.1387,5838020.6435],[32408059.1414,5838036.1374],[32408055.643,5838054.1303],[32408055.1437,5838086.6174],[32408053.1446,5838099.1125],[32408044.1484,5838109.6084],[32408029.4043,5838117.1056],[32408010.162,5838118.6053],[32407932.9427,5838117.6068],[32407856.9724,5838076.6242],[32407842.2282,5838072.1262],[32407826.9842,5838070.627],[32407812.49,5838071.127],[32407799.4952,5838073.6262],[32407788.2498,5838082.6228],[32407777.5043,5838098.6166],[32407761.0113,5838130.6041],[32407753.7644,5838141.5998],[32407733.5228,5838165.0908],[32407701.7857,5838188.5819],[32407691.0401,5838194.5797],[32407679.5447,5838198.0784],[32407668.5491,5838195.5796],[32407660.0523,5838185.5837],[32407643.0586,5838152.597],[32407627.8143,5838130.606],[32407585.922,5838084.0604],[32407560.3401,5838055.6368],[32407553.3427,5838043.6416],[32407548.8443,5838031.1467],[32407547.3447,5838018.1519],[32407549.0939,5838006.6564],[32407557.4034,5837992.1925],[32407608.8186,5837902.6969],[32407624.3123,5837893.7003],[32407648.0527,5837883.7039],[32407680.7896,5837875.7066],[32407723.5225,5837870.708],[32407800.9916,5837863.7097],[32407999.1024,5837840.3593],[32408089.3764,5837829.7191],[32408157.3493,5837826.7193],[32408189.0867,5837828.718],[32408219.3247,5837834.2154],[32408245.8143,5837843.7113],[32408267.5558,5837856.206],[32408287.2982,5837872.1994],[32408510.4624,5838076.6149],[32408577.4366,5838138.0895],[32408592.6808,5838154.0829],[32408611.9234,5838176.0739],[32408629.4168,5838200.0641],[32408652.6581,5838239.0483],[32408659.6556,5838256.5412],[32408663.6543,5838278.5324],[32408660.9057,5838302.5229],[32408652.1595,5838323.5147],[32408638.1654,5838343.5069],[32408619.1733,5838369.9967]]],[[[32394930.7081,5844480.759],[32395036.4168,5844536.7352],[32395062.4068,5844554.7277],[32395081.3995,5844573.2201],[32395143.8758,5844654.6868],[32395172.1152,5844697.1695],[32395221.211,5844778.8643],[32395258.3292,5844989.1835],[32395182.1154,5844983.5554],[32395145.6299,5844984.0557],[32395128.137,5844990.0536],[32395113.8928,5844999.0502],[32395102.8973,5845012.0452],[32395094.9007,5845028.5387],[32395088.9034,5845047.0315],[32395085.405,5845065.5241],[32395085.1554,5845083.517],[32395089.4039,5845099.0108],[32395097.9007,5845111.0059],[32395110.8957,5845120.0021],[32395127.6391,5845125.9995],[32395148.8807,5845129.4978],[32395170.872,5845130.9969],[32395189.8644,5845129.997],[32395213.614,5845124.7913],[32395226.3498,5845121.9997],[32395239.0948,5845122.4993],[32395252.0897,5845128.4967],[32395262.3358,5845141.9912],[32395263.8355,5845159.984],[32395255.589,5845177.977],[32395235.8472,5845204.4667],[32395220.6037,5845231.4562],[32395214.6063,5845248.9493],[32395213.8569,5845266.4424],[32395239.5983,5845377.3979],[32395248.0952,5845402.8876],[32395255.8423,5845414.3829],[32395266.0884,5845421.8798],[32395290.1689,5845431.872],[32395339.5596,5845452.3666],[32395369.0481,5845468.3598],[32395399.0365,5845487.8517],[32395485.2532,5845559.8218],[32395504.7457,5845572.8164],[32395519.9897,5845577.3144],[32395542.5595,5845580.0976],[32395582.7414,5845647.0653],[32395567.4717,5845643.2874],[32395539.4828,5845639.2894],[32395508.9949,5845639.2899],[32395456.266,5845643.289],[32395435.0245,5845648.2873],[32395414.2829,5845658.7834],[32395398.5393,5845672.7781],[32395392.292,5845686.2728],[32395394.5413,5845695.2692],[32395401.0388,5845700.2671],[32395425.5291,5845708.2636],[32395504.7482,5845745.7476],[32395543.7329,5845761.2408],[32395575.2205,5845771.2364],[32395586.716,5845773.2355],[32395608.7072,5845772.2355],[32395617.0923,5845768.7254],[32395677.6303,5845798.9934],[32395711.3316,5845841.1188],[32395723.2246,5845855.9845],[32395716.9155,5845864.6972],[32395706.4199,5845879.1916],[32395674.4321,5845844.7058],[32395661.1872,5845832.7107],[32395647.4426,5845825.2139],[32395629.9495,5845820.716],[32395612.2065,5845821.216],[32395598.4621,5845828.2134],[32395590.2156,5845841.7082],[32395587.217,5845857.202],[32395589.4664,5845874.6951],[32395597.4634,5845892.188],[32395610.9583,5845910.6804],[32395628.9515,5845930.1724],[32395667.9365,5845966.1576],[32395704.4224,5845993.6461],[32395738.4092,5846014.6373],[32395752.9036,5846026.1325],[32395764.3992,5846041.1264],[32395772.1464,5846056.6201],[32395774.6456,5846070.6145],[32395772.1467,5846081.1103],[32395764.3999,5846087.6079],[32395752.9045,5846092.606],[32395663.4405,5846117.0976],[32395586.7192,5845997.6462],[32395559.9794,5845962.6605],[32395536.9882,5845942.6688],[32395509.9987,5845922.6771],[32395471.0867,5845897.0418],[32395446.2734,5845880.6947],[32395432.7786,5845870.6989],[32395420.0335,5845858.7038],[32395405.5391,5845844.7096],[32395392.2941,5845828.7162],[32395383.0475,5845812.2228],[32395370.3022,5845783.2346],[32395363.0549,5845773.2386],[32395353.5586,5845766.7414],[32395343.3126,5845762.2433],[32395332.4087,5845758.6239],[32395283.0863,5845742.2521],[32395268.8418,5845733.7557],[32395259.0955,5845722.7602],[32395252.0981,5845709.7655],[32395248.8492,5845695.2713],[32395250.0985,5845680.777],[32395259.0947,5845668.2819],[32395274.8383,5845658.2856],[32395292.3313,5845651.788],[32395312.3839,5845648.1782],[32395342.3113,5845642.7908],[32395360.0541,5845633.2944],[32395371.5492,5845615.8012],[32395374.5477,5845592.8103],[32395371.5486,5845571.3189],[32395363.3016,5845550.8271],[32395351.556,5845531.8348],[32395333.0631,5845512.3429],[32395307.0731,5845490.352],[32395263.4884,5845456.9805],[32395249.0955,5845445.8705],[32395218.3573,5845416.3827],[32395182.6209,5845375.8993],[32395147.3843,5845332.4171],[32395117.8954,5845293.9328],[32395094.1544,5845258.9471],[32395055.1688,5845186.4765],[32395041.9237,5845155.9888],[32395036.7954,5845140.3819],[32395018.1819,5845073.5219],[32394997.9386,5844980.0594],[32394991.4406,5844942.0746],[32394981.1935,5844858.6079],[32394977.1949,5844843.614],[32394969.1978,5844827.6204],[32394957.2023,5844811.1272],[32394940.4588,5844795.6336],[32394944.9568,5844780.6395],[32394944.7066,5844759.6478],[32394940.4579,5844733.6582],[32394931.7109,5844703.1705],[32394916.7433,5844666.179],[32394900.972,5844627.2011],[32394900.9718,5844610.7077],[32394908.2188,5844601.2114],[32394918.7146,5844601.2112],[32394930.7099,5844606.7089],[32394950.4523,5844621.2028],[32394957.9493,5844623.2019],[32394964.9465,5844621.7024],[32394972.4435,5844617.2041],[32394976.6916,5844607.208],[32394974.6922,5844591.2144],[32394968.4444,5844571.2225],[32394930.7081,5844480.759]]],[[[32401103.2825,5846484.8744],[32401091.0376,5846503.867],[32401078.5428,5846518.3614],[32401066.0479,5846525.8586],[32401050.8041,5846531.3567],[32401032.3115,5846534.8555],[32401010.3202,5846535.8554],[32400984.3305,5846532.857],[32400955.5918,5846525.3604],[32400926.3533,5846514.3652],[32400899.1139,5846500.3711],[32400869.6254,5846479.3799],[32400812.3728,5846428.425],[32400789.4659,5846408.0379],[32400709.822,5846337.1549],[32400674.2005,5846305.4518],[32400639.7139,5846280.962],[32400626.4691,5846275.9642],[32400616.9729,5846276.9639],[32400609.2261,5846283.4615],[32400603.7284,5846296.4564],[32400604.4784,5846316.4484],[32400614.7248,5846344.9369],[32400632.968,5846375.9243],[32400653.4602,5846401.9137],[32400677.3257,5846428.1525],[32400701.192,5846454.3922],[32400707.9395,5846465.8875],[32400710.4386,5846474.8839],[32400709.4391,5846481.8811],[32400705.9406,5846485.8796],[32400698.4436,5846486.8793],[32400639.4667,5846466.8881],[32400598.233,5846461.8906],[32400475.5306,5846379.4251],[32400425.0503,5846349.4378],[32400314.644,5846292.2464],[32400219.9691,5846243.204],[32400161.653,5846212.9957],[32400121.4188,5846196.003],[32400081.1846,5846183.0088],[32400048.1977,5846177.5114],[32400019.709,5846180.5106],[32399992.22,5846186.5086],[32399963.4816,5846195.0056],[32399958.4833,5846172.0149],[32399957.7333,5846152.5226],[32399963.4807,5846135.5293],[32399979.7241,5846126.0329],[32400005.4639,5846123.0337],[32400036.4515,5846124.5327],[32400103.9249,5846134.5278],[32400223.6274,5846146.5213],[32400261.6124,5846154.0178],[32400271.3586,5846154.5175],[32400280.8547,5846150.0191],[32400288.1017,5846141.0226],[32400289.1011,5846129.0274],[32400285.1025,5846114.5332],[32400269.8581,5846083.5457],[32400262.8604,5846052.5581],[32400262.1106,5846040.0631],[32400267.9038,5846016.0411],[32400272.3559,5845997.5799],[32400270.8562,5845982.5859],[32400264.1087,5845969.5911],[32400254.1126,5845960.5949],[32400241.1177,5845954.5974],[32400225.6238,5845951.5988],[32400209.8801,5845953.0985],[32400181.1417,5845965.0941],[32400167.3972,5845969.0927],[32400153.4027,5845968.5931],[32400140.6577,5845963.5952],[32400129.9119,5845955.5986],[32400122.1648,5845945.1029],[32400118.4162,5845933.6075],[32400118.1661,5845921.6123],[32400124.4132,5845894.6229],[32400130.9103,5845876.63],[32400151.9014,5845838.145],[32400194.5799,5845843.0791],[32400311.8381,5845856.6354],[32400444.5356,5845874.1266],[32400469.2758,5845879.1243],[32400490.2676,5845887.6206],[32400507.261,5845897.6164],[32400520.006,5845907.1124],[32400529.7523,5845918.6077],[32400537.4995,5845934.1015],[32400547.9958,5845972.0862],[32400551.3822,5845998.6531],[32400554.494,5846023.0658],[32400564.9906,5846074.5452],[32400573.4876,5846104.0333],[32400588.2322,5846133.5214],[32400607.7247,5846153.0134],[32400639.2125,5846175.504],[32400707.1861,5846218.4859],[32400925.8511,5846348.931],[32401116.0271,5846460.8838],[32401103.2825,5846484.8744]]],[[[32395342.1902,5836716.0629],[32395375.6603,5836719.1362],[32395440.6482,5836733.355],[32395443.1572,5836734.2591],[32395448.1122,5836736.0447],[32395460.9979,5836740.6882],[32395468.7311,5836743.4749],[32395493.2173,5836749.6412],[32395524.0156,5836757.3971],[32395547.4547,5836762.5686],[32395565.4069,5836763.3424],[32395650.061,5836810.8001],[32395702.2904,5836820.7954],[32395724.0318,5836827.2925],[32395744.7737,5836835.7888],[32395769.0143,5836850.2827],[32395793.7548,5836873.2732],[32395816.4962,5836906.7596],[32395837.9451,5836955.009],[32395853.2329,5836997.7229],[32395865.9785,5837043.2046],[32395872.7263,5837081.6892],[32395884.9731,5837195.6437],[32395885.9732,5837228.6306],[32395884.2243,5837256.6195],[32395880.4762,5837283.6088],[32395874.9787,5837306.0999],[32395868.2316,5837322.0936],[32395859.2353,5837333.5892],[32395844.3926,5837344.1128],[32395830.7469,5837350.083],[32395811.0048,5837353.0821],[32395786.5145,5837353.0825],[32395721.0405,5837349.085],[32395679.8068,5837343.088],[32395633.3252,5837331.0934],[32395584.3444,5837313.1012],[32395538.1125,5837292.1103],[32395500.1273,5837271.6189],[32395470.1389,5837248.6285],[32395443.8989,5837221.6396],[32395421.6574,5837193.1513],[32395403.1644,5837166.6621],[32395390.1692,5837144.1712],[32395382.6719,5837124.1793],[32395379.173,5837105.6867],[32395377.9232,5837086.1944],[32395379.9222,5837066.2024],[32395385.6696,5837048.7092],[32395397.6645,5837023.2192],[32395399.9135,5837014.2228],[32395399.9133,5837003.7269],[32395397.4142,5836993.2311],[32395392.1661,5836983.735],[32395385.4187,5836977.7375],[32395377.9217,5836976.2382],[32395363.0064,5836979.4927],[32395350.4327,5836982.2362],[32395340.6866,5836981.7365],[32395330.4406,5836977.7383],[32395319.4449,5836970.7412],[32395234.9771,5836874.2808],[32395212.7356,5836850.2906],[32395196.9916,5836836.7962],[32395172.5286,5836811.8882],[32395165.7536,5836804.3096],[32395156.5071,5836788.8159],[32395149.7594,5836765.3253],[32395152.0084,5836754.8295],[32395159.7551,5836742.3343],[32395177.6986,5836731.6584],[32395223.0809,5836715.2261],[32395252.0318,5836712.0959],[32395298.9793,5836712.0952],[32395342.1902,5836716.0629]]],[[[32394162.4031,5836827.3147],[32394167.4017,5836868.7981],[32394166.9024,5836905.7834],[32394157.4067,5836941.2694],[32394139.9142,5836980.2541],[32394117.3594,5837019.9788],[32394096.1827,5837052.2261],[32394063.4462,5837090.7113],[32394012.7172,5837142.6913],[32393952.9917,5837196.6707],[32393893.516,5837242.6532],[32393832.7907,5837280.639],[32393772.3153,5837313.6267],[32393707.3416,5837345.1151],[32393648.3642,5837285.6396],[32393589.3868,5837226.1641],[32393530.4094,5837166.6886],[32393471.432,5837107.2131],[32393444.9414,5837031.2437],[32393431.6961,5836985.762],[32393424.1984,5836941.7796],[32393424.1979,5836902.7951],[32393429.4452,5836866.3095],[32393437.1917,5836831.8231],[32393451.1856,5836799.3358],[32393473.4264,5836773.3459],[32393500.6653,5836756.3522],[32393528.6541,5836750.3542],[32393554.8937,5836752.3531],[32393581.3832,5836757.8505],[32393672.1915,5836785.2727],[32393756.8142,5836810.827],[32393791.0507,5836816.3243],[32393829.5354,5836817.8231],[32393870.769,5836816.3232],[32393909.7534,5836810.8248],[32393941.9904,5836800.8283],[32393968.2297,5836784.3345],[32393992.2199,5836762.3429],[32394013.2112,5836737.3526],[32394030.204,5836712.8621],[32394046.9471,5836693.8694],[32394065.4396,5836682.8735],[32394082.1829,5836679.3746],[32394094.1782,5836683.8727],[32394103.9245,5836696.3676],[32394141.4105,5836758.8422],[32394153.1562,5836788.3303],[32394162.4031,5836827.3147]]],[[[32392977.9127,5839500.7679],[32392954.1722,5839511.264],[32392927.433,5839518.7614],[32392901.9432,5839523.26],[32392865.9576,5839526.2593],[32392830.7216,5839526.2598],[32392810.2297,5839522.7615],[32392790.2375,5839515.2648],[32392773.7439,5839504.7692],[32392752.0023,5839484.2776],[32392699.5232,5839486.7774],[32392626.3023,5839486.2786],[32392603.0615,5839481.7807],[32392577.5715,5839474.2841],[32392553.0811,5839463.7886],[32392533.5887,5839451.2938],[32392516.5952,5839433.801],[32392499.1018,5839409.8108],[32392484.8571,5839383.8214],[32392477.6097,5839359.831],[32392476.6098,5839339.3392],[32392478.6087,5839321.3463],[32392484.1063,5839305.3526],[32392492.8526,5839289.3588],[32392533.3333,5839280.3625],[32392553.5782,5839275.8633],[32392568.1545,5839274.697],[32392609.8058,5839271.3643],[32392620.5515,5839269.8648],[32392628.0485,5839265.8663],[32392632.5465,5839256.8698],[32392634.0457,5839241.8757],[32392631.0464,5839204.3907],[32392632.5455,5839184.8984],[32392640.542,5839162.4072],[32392654.2862,5839140.9156],[32392671.779,5839124.4219],[32392695.0196,5839111.4268],[32392725.5073,5839101.9301],[32392789.4817,5839091.4334],[32392837.9624,5839089.9333],[32392854.7058,5839092.4321],[32392879.4884,5839104.0941],[32392892.9409,5839110.4244],[32392909.1844,5839113.4229],[32392929.9262,5839112.423],[32392950.1681,5839107.9245],[32392964.6622,5839098.4281],[32392971.4093,5839086.9326],[32392978.906,5839064.4414],[32392987.6524,5839053.4457],[32393000.1473,5839044.9489],[32393014.1416,5839040.9503],[32393022.973,5839040.1593],[32393051.0531,5839058.0278],[32393064.0778,5839081.9056],[32393077.1025,5839101.442],[32393105.3222,5839118.8075],[32393135.7126,5839129.6607],[32393155.5958,5839141.5903],[32393148.0781,5839131.5909],[32393192.1511,5839099.2697],[32393233.3949,5839097.0984],[32393274.6389,5839110.1222],[32393328.9076,5839136.1701],[32393381.0052,5839147.023],[32393409.2248,5839157.8763],[32393458.4535,5839176.8096],[32393464.7145,5839183.8871],[32393473.4612,5839198.3812],[32393479.2091,5839214.3747],[32393481.7084,5839229.3687],[32393481.2087,5839241.8638],[32393477.7103,5839250.8602],[32393471.4628,5839255.8583],[32393463.7159,5839258.3575],[32393442.8499,5839259.3574],[32393421.9826,5839260.3573],[32393404.4896,5839266.3551],[32393395.9932,5839278.3505],[32393393.4944,5839295.3437],[32393395.4939,5839314.3362],[32393401.4918,5839336.3273],[32393416.9863,5839379.8098],[32393418.4859,5839393.8042],[32393407.4904,5839406.2994],[32393393.9959,5839415.7958],[32393375.7533,5839422.2935],[32393354.2618,5839423.7932],[32393333.0202,5839420.7947],[32393312.7782,5839415.2972],[32393239.0571,5839387.3093],[32393235.5588,5839404.3026],[32393229.5614,5839417.7973],[32393219.0657,5839427.7935],[32393206.0709,5839430.7925],[32393192.0764,5839428.2937],[32393158.5896,5839418.2981],[32393136.8482,5839416.2992],[32393113.1077,5839418.2988],[32393089.3672,5839424.7965],[32393067.1262,5839434.7929],[32393045.3851,5839449.2874],[32392999.4039,5839485.7735],[32392977.9127,5839500.7679]]],[[[32394801.6886,5851004.2362],[32394732.1308,5850941.6914],[32394698.1439,5850914.2029],[32394581.6889,5850826.7393],[32394539.4552,5850791.7538],[32394495.2222,5850751.2706],[32394448.74,5850705.2895],[32394407.2558,5850659.3084],[32394378.5167,5850619.8245],[32394359.2738,5850586.8379],[32394326.536,5850527.8618],[32394314.7903,5850500.8727],[32394306.5432,5850475.383],[32394302.2945,5850450.393],[32394302.544,5850424.9031],[32394307.9451,5850397.8959],[32394319.7863,5850364.4269],[32394337.5287,5850328.441],[32394358.5199,5850293.9544],[32394380.7607,5850266.9648],[32394406.0004,5850247.972],[32394435.2385,5850231.978],[32394466.7258,5850219.4825],[32394534.1987,5850198.9897],[32394615.6661,5850182.9949],[32394680.6401,5850174.9972],[32394703.6309,5850168.4994],[32394722.1234,5850157.5035],[32394737.8669,5850142.5093],[32394751.6112,5850126.5154],[32394763.3563,5850109.522],[32394774.1017,5850086.531],[32394784.0972,5850052.0446],[32394791.8436,5850015.559],[32394795.3418,5849984.0715],[32394795.0909,5849920.0969],[32394783.0927,5849710.1806],[32394780.8428,5849660.2005],[32394782.0082,5849641.2915],[32394915.8019,5849784.2033],[32394913.0423,5849802.1422],[32394914.2922,5849825.6328],[32394920.2902,5849852.1222],[32394931.0364,5849885.6087],[32394975.7704,5850008.5592],[32394982.5181,5850038.0474],[32394983.5182,5850067.5356],[32394982.1391,5850079.4185],[32394820.3499,5850159.1085],[32394822.5212,5850209.0351],[32394512.1079,5850282.8445],[32394574.2161,5850389.2177],[32394716.1617,5850632.3289],[32394807.798,5850579.1555],[32394824.1655,5850593.7029],[32394863.8676,5850649.853],[32394932.0395,5850729.8255],[32394941.0031,5850747.4067],[32394945.6365,5850763.2695],[32394881.1404,5850851.5703],[32394955.0561,5850895.3442],[32395126.8328,5850997.0728],[32394801.6886,5851004.2362]]],[[[32406927.7466,5831431.7799],[32406916.0015,5831442.2759],[32406907.0052,5831455.7707],[32406902.2573,5831469.7652],[32406903.507,5831483.7596],[32406915.2526,5831500.2529],[32406948.1697,5831533.4203],[32406980.7275,5831566.2257],[32406996.4715,5831586.2175],[32407007.9672,5831607.209],[32407009.5673,5831620.7186],[32407010.2166,5831626.2014],[32406999.4711,5831641.1956],[32406972.9817,5831644.6946],[32406943.607,5831637.1951],[32406902.5094,5831621.7047],[32406846.5313,5831593.2169],[32406803.548,5831567.2278],[32406757.066,5831535.2412],[32406718.331,5831503.2545],[32406666.3509,5831447.7773],[32406641.3605,5831424.287],[32406611.622,5831404.2954],[32406570.888,5831384.3039],[32406456.1829,5831333.8256],[32406439.9393,5831328.8278],[32406423.6957,5831329.3279],[32406410.9509,5831333.8262],[32406405.4532,5831341.3233],[32406410.9513,5831363.3145],[32406411.4512,5831374.3101],[32406403.2047,5831383.3067],[32406388.4606,5831390.8039],[32406371.4675,5831397.8014],[32406352.2252,5831403.2995],[32406330.4839,5831406.2986],[32406308.2427,5831404.7995],[32406288.7504,5831396.8029],[32406273.7562,5831383.8083],[32406264.5096,5831366.8152],[32406262.2603,5831349.822],[32406269.0072,5831322.3328],[32406270.0065,5831306.3392],[32406265.0083,5831287.3468],[32406255.7617,5831268.3545],[32406165.5452,5831106.4202],[32406145.3027,5831065.9366],[32406134.5566,5831040.4469],[32406128.5587,5831020.9547],[32406127.0591,5831005.4609],[32406130.0577,5830990.9666],[32406137.8044,5830978.9713],[32406150.0495,5830970.9743],[32406197.0306,5830961.4774],[32406214.0238,5830956.4791],[32406230.5171,5830949.4817],[32406245.7609,5830940.485],[32406258.7556,5830927.9898],[32406267.5019,5830912.4959],[32406269.7507,5830895.5026],[32406262.2535,5830879.5091],[32406249.0086,5830868.0138],[32406236.7634,5830863.016],[32406225.7678,5830864.0157],[32406217.0213,5830869.5137],[32406199.7785,5830891.5052],[32406191.7818,5830895.0039],[32406181.5358,5830894.5042],[32406171.5397,5830888.5068],[32406162.0433,5830878.0111],[32406153.0467,5830864.0168],[32406144.2999,5830844.0248],[32406111.3117,5830753.0615],[32406098.8163,5830723.5734],[32406084.5715,5830695.0849],[32406083.1811,5830692.9993],[32406066.5783,5830668.0959],[32406042.8374,5830643.606],[32406005.8516,5830609.62],[32405990.3576,5830599.1244],[32405967.8665,5830589.6285],[32405944.1258,5830584.1311],[32405926.133,5830583.1317],[32405879.1517,5830588.6302],[32405865.907,5830586.1314],[32405856.6606,5830579.1343],[32405852.1622,5830566.6393],[32405854.1611,5830549.6461],[32405862.4076,5830531.1533],[32405874.6525,5830513.6601],[32405889.6463,5830499.6654],[32405905.6398,5830491.1686],[32405921.8833,5830487.6697],[32405951.3715,5830487.1695],[32405964.3663,5830483.6707],[32405974.862,5830473.6746],[32405979.8598,5830459.1802],[32405976.8608,5830442.187],[32405962.1162,5830413.1988],[32405957.6178,5830400.204],[32405955.8683,5830386.2096],[32405957.6174,5830371.7154],[32405962.3654,5830361.7193],[32405970.612,5830358.2205],[32405982.3574,5830363.7182],[32406010.5045,5830390.0231],[32406035.8369,5830413.6975],[32406053.8299,5830427.6917],[32406068.3243,5830434.1889],[32406088.5132,5830433.6643],[32406106.8089,5830433.1888],[32406123.8023,5830440.1857],[32406140.7957,5830453.6801],[32406156.7896,5830471.173],[32406170.7843,5830489.6654],[32406189.2774,5830519.1534],[32406241.5079,5830614.6147],[32406261.0008,5830659.0967],[32406312.4824,5830799.5401],[32406327.227,5830834.526],[32406342.2214,5830861.0153],[32406364.0136,5830892.803],[32406396.7009,5830940.4829],[32406451.4303,5831026.4479],[32406480.9193,5831073.4288],[32406497.913,5831104.4162],[32406503.1611,5831123.4086],[32406505.1606,5831142.9008],[32406505.4114,5831200.378],[32406508.4104,5831219.3704],[32406514.4083,5831235.8637],[32406524.4045,5831246.8592],[32406537.8992,5831252.8566],[32406552.6434,5831256.355],[32406566.3879,5831256.8546],[32406577.3835,5831254.3555],[32406593.8768,5831242.8598],[32406619.3663,5831221.368],[32406661.0991,5831180.3837],[32406668.5959,5831164.39],[32406672.8439,5831142.8984],[32406677.0502,5831055.5557],[32406680.0889,5830992.4582],[32406684.337,5830981.4625],[32406691.8339,5830973.9654],[32406703.0794,5830969.9668],[32406719.0731,5830977.4636],[32406738.3158,5830997.9551],[32406758.0583,5831025.4439],[32406774.5521,5831052.433],[32406791.296,5831089.9178],[32406810.5391,5831142.3967],[32406827.0333,5831194.8756],[32406836.2802,5831232.3605],[32406837.53,5831257.8504],[32406834.0318,5831282.3407],[32406826.785,5831302.8326],[32406817.5389,5831317.327],[32406797.2972,5831339.8183],[32406790.3002,5831352.3135],[32406787.8014,5831364.3087],[32406794.049,5831375.3043],[32406809.543,5831381.8015],[32406831.7841,5831382.8008],[32406858.2735,5831375.8032],[32406894.5088,5831356.8102],[32406983.7226,5831305.8292],[32407015.9595,5831289.8351],[32407037.4509,5831283.3374],[32407055.4437,5831281.8377],[32407069.938,5831285.3361],[32407080.9337,5831291.8334],[32407087.6812,5831302.8289],[32407089.9305,5831318.3227],[32407087.4317,5831333.8166],[32407079.9349,5831346.8115],[32407052.9459,5831364.305],[32407005.2152,5831390.2953],[32406927.7466,5831431.7799]]],[[[32398680.0229,5835349.6453],[32398678.586,5835409.3144],[32398678.8369,5835481.2858],[32398684.5862,5835585.2444],[32398689.0847,5835605.2364],[32398696.332,5835624.2287],[32398707.0781,5835644.7204],[32398720.0732,5835665.2121],[32398745.5635,5835695.6996],[32398907.2171,5835789.5342],[32398908.6647,5835798.2935],[32398910.3483,5835808.481],[32398916.6151,5835825.3556],[32398921.7711,5835832.7614],[32398932.8482,5835842.8733],[32398968.2279,5835903.6138],[32398980.4733,5835921.1067],[32398994.368,5835940.5028],[32399017.7092,5835973.0855],[32398985.722,5835979.5833],[32398923.9968,5835996.0776],[32398869.2688,5836008.0736],[32398787.5515,5836021.0696],[32398680.5942,5836036.0651],[32398670.8147,5836025.1993],[32398568.8869,5835912.116],[32398543.8965,5835887.1263],[32398496.4147,5835844.144],[32398492.4163,5835839.1461],[32398490.417,5835831.6491],[32398489.917,5835820.1537],[32398491.9159,5835797.6626],[32398505.9089,5835699.2015],[32398514.3425,5835680.8342],[32398528.3992,5835650.2207],[32398536.1458,5835628.7292],[32398541.8932,5835604.7386],[32398545.8912,5835577.7493],[32398547.1403,5835546.7616],[32398544.3908,5835509.7764],[32398536.8932,5835468.293],[32398517.3999,5835390.3242],[32398507.6534,5835365.3343],[32398497.4073,5835352.8394],[32398486.6615,5835347.3418],[32398436.432,5835384.8276],[32398395.6988,5835423.8127],[32398358.2142,5835461.7981],[32398321.9792,5835501.7827],[32398302.4874,5835532.2709],[32398299.9887,5835553.7623],[32398303.4876,5835573.2545],[32398312.7342,5835591.2472],[32398326.7288,5835606.2411],[32398377.4619,5835639.1194],[32398398.451,5835652.7216],[32398414.1949,5835666.7158],[32398426.9401,5835685.2082],[32398435.437,5835706.6996],[32398438.1863,5835730.69],[32398434.688,5835751.1819],[32398426.9412,5835764.1768],[32398415.196,5835770.6744],[32398400.7018,5835772.6738],[32398388.4566,5835771.1746],[32398359.9677,5835748.1841],[32398342.9743,5835739.188],[32398326.2309,5835735.1898],[32398312.2364,5835734.6902],[32398302.4904,5835737.1893],[32398296.2429,5835744.1866],[32398291.7449,5835756.1819],[32398289.7459,5835772.1756],[32398291.4955,5835791.168],[32398309.4895,5835871.6358],[32398311.4891,5835898.1252],[32398308.2407,5835917.1177],[32398301.2436,5835926.1142],[32398282.751,5835933.6115],[32398274.5044,5835939.6092],[32398269.0067,5835948.1059],[32398266.7578,5835959.6014],[32398268.5073,5835972.0964],[32398288.0688,5836018.19],[32398293.7481,5836031.5724],[32398302.2452,5836063.5595],[32398303.4949,5836082.0522],[32398299.2468,5836096.5465],[32398292.2854,5836103.719],[32398282.0039,5836108.5419],[32398272.2577,5836108.0423],[32398263.0114,5836104.5438],[32398238.7707,5836083.0527],[32398225.5257,5836066.5594],[32398214.5298,5836049.0665],[32398199.7881,5836019.0968],[32398184.291,5835987.5914],[32398174.7945,5835971.0981],[32398156.8013,5835946.1083],[32398150.3037,5835930.1148],[32398147.3045,5835907.124],[32398150.5528,5835875.1366],[32398160.0485,5835837.1516],[32398203.5292,5835701.2051],[32398211.0258,5835672.2165],[32398214.524,5835641.7286],[32398214.5235,5835610.7409],[32398212.5239,5835581.7525],[32398207.0257,5835554.7633],[32398196.7794,5835527.7742],[32398169.0397,5835476.295],[32398155.7945,5835446.8069],[32398143.7988,5835410.3216],[32398135.5514,5835365.3396],[32398131.3025,5835320.8574],[32398128.7095,5835227.8927],[32398130.5501,5835225.5822],[32398132.4941,5835223.2858],[32398134.5089,5835221.0389],[32398136.5887,5835218.8438],[32398138.7274,5835216.7026],[32398140.919,5835214.6177],[32398143.1574,5835212.5912],[32398145.4368,5835210.6254],[32398147.7511,5835208.7224],[32398150.0935,5835206.872],[32398152.4592,5835205.0474],[32398154.8466,5835203.2464],[32398157.2542,5835201.4678],[32398159.6808,5835199.7104],[32398162.1249,5835197.9731],[32398164.585,5835196.2547],[32398167.0599,5835194.5539],[32398169.5481,5835192.8697],[32398172.0481,5835191.2007],[32398174.5587,5835189.5458],[32398177.0783,5835187.9038],[32398179.6057,5835186.2735],[32398182.1394,5835184.6538],[32398184.6779,5835183.0434],[32398187.2199,5835181.4411],[32398189.7641,5835179.8458],[32398192.3089,5835178.2563],[32398194.853,5835176.6714],[32398197.4118,5835175.1131],[32398199.997,5835173.5977],[32398202.6047,5835172.1188],[32398205.2308,5835170.6696],[32398207.8719,5835169.2448],[32398239.2518,5835151.6402],[32398277.9264,5835123.256],[32398308.0386,5835089.8451],[32398335.554,5835047.3184],[32398335.7216,5835047.055],[32398337.3527,5835044.5384],[32398340.9609,5835038.9616],[32398342.2733,5835036.8722],[32398343.9648,5835034.3189],[32398345.7712,5835031.903],[32398347.7503,5835029.7132],[32398349.9615,5835027.834],[32398352.4601,5835026.2464],[32398355.1895,5835024.9117],[32398358.0676,5835023.8114],[32398361.0126,5835022.9267],[32398363.9427,5835022.239],[32398366.8648,5835021.7703],[32398369.8579,5835021.5514],[32398372.8896,5835021.5463],[32398375.9267,5835021.7186],[32398378.9356,5835022.0318],[32398381.9007,5835022.4355],[32398384.868,5835022.8593],[32398387.8399,5835023.3019],[32398390.8132,5835023.7682],[32398393.7846,5835024.2629],[32398396.751,5835024.7909],[32398399.7091,5835025.3569],[32398402.6557,5835025.9657],[32398405.5876,5835026.6221],[32398408.5015,5835027.3309],[32398411.3943,5835028.0968],[32398414.2627,5835028.9247],[32398417.1095,5835029.8197],[32398419.9484,5835030.7858],[32398422.7748,5835031.8229],[32398425.5823,5835032.9308],[32398428.3649,5835034.1095],[32398431.1163,5835035.3587],[32398433.8305,5835036.6782],[32398436.5012,5835038.068],[32398439.1223,5835039.5278],[32398441.6876,5835041.0575],[32398444.1987,5835042.6573],[32398446.6734,5835044.3258],[32398449.0513,5835046.0131],[32398451.5218,5835047.847],[32398453.8979,5835049.6885],[32398456.2435,5835051.5767],[32398458.5597,5835053.5058],[32398460.8479,5835055.4704],[32398463.1091,5835057.465],[32398465.3445,5835059.4839],[32398467.5555,5835061.5217],[32398469.7431,5835063.5727],[32398471.914,5835065.6355],[32398474.0733,5835067.7111],[32398476.2217,5835069.7987],[32398478.3602,5835071.8974],[32398480.4893,5835074.0063],[32398482.6099,5835076.1246],[32398484.7227,5835078.2515],[32398486.8286,5835080.3861],[32398488.9282,5835082.5276],[32398490.015,5835083.6422],[32398542.601,5835137.3779],[32398543.4901,5835138.2677],[32398545.6076,5835140.3922],[32398547.7217,5835142.5199],[32398549.8315,5835144.6516],[32398551.9362,5835146.7879],[32398554.0351,5835148.9296],[32398556.1274,5835151.0775],[32398558.2122,5835153.2323],[32398560.2888,5835155.3946],[32398562.3565,5835157.5653],[32398564.4143,5835159.745],[32398566.4615,5835161.9345],[32398568.4979,5835164.1341],[32398570.5345,5835166.3355],[32398572.5744,5835168.5362],[32398574.6163,5835170.7369],[32398576.659,5835172.9386],[32398578.7012,5835175.142],[32398580.7416,5835177.348],[32398582.779,5835179.5575],[32398584.812,5835181.7712],[32398586.8395,5835183.99],[32398588.8601,5835186.2147],[32398590.8726,5835188.4461],[32398592.8756,5835190.6852],[32398594.8679,5835192.9327],[32398596.8483,5835195.1894],[32398598.8154,5835197.4563],[32398600.768,5835199.7341],[32398602.7048,5835202.0236],[32398604.6245,5835204.3257],[32398606.5259,5835206.6413],[32398608.4077,5835208.9711],[32398610.2686,5835211.3161],[32398612.1073,5835213.6769],[32398613.9226,5835216.0545],[32398615.7132,5835218.4498],[32398617.4807,5835220.8624],[32398619.227,5835223.2915],[32398620.9532,5835225.7363],[32398622.6601,5835228.1957],[32398624.349,5835230.6692],[32398626.0207,5835233.1556],[32398627.6764,5835235.6543],[32398629.3171,5835238.1643],[32398630.9437,5835240.6848],[32398632.5574,5835243.2149],[32398634.1591,5835245.7538],[32398635.7498,5835248.3006],[32398637.3307,5835250.8545],[32398638.9027,5835253.4146],[32398640.4669,5835255.9801],[32398642.0243,5835258.5501],[32398643.5758,5835261.1237],[32398645.1227,5835263.7001],[32398646.6658,5835266.2785],[32398648.2062,5835268.858],[32398649.7449,5835271.4377],[32398651.283,5835274.0167],[32398652.8215,5835276.5943],[32398654.3614,5835279.1696],[32398655.9037,5835281.7416],[32398657.4457,5835284.3123],[32398658.9685,5835286.894],[32398660.4712,5835289.4877],[32398661.9559,5835292.092],[32398663.4247,5835294.7058],[32398664.8798,5835297.3277],[32398666.3232,5835299.9565],[32398667.7571,5835302.5909],[32398669.1837,5835305.2298],[32398670.6049,5835307.8717],[32398672.023,5835310.5155],[32398673.4401,5835313.16],[32398674.8582,5835315.8038],[32398676.2796,5835318.4457],[32398677.7063,5835321.0844],[32398679.1404,5835323.7187],[32398680.584,5835326.3474],[32398680.0229,5835349.6453]]],[[[32392648.5322,5838700.091],[32392630.7896,5838724.0817],[32392602.3013,5838752.5708],[32392484.0999,5838857.0309],[32392452.1122,5838833.0409],[32392422.6236,5838807.5515],[32392393.6347,5838776.5642],[32392367.6445,5838741.5785],[32392343.1537,5838704.0937],[32392314.0066,5838655.0008],[32392301.1329,5838633.3176],[32392290.6734,5838617.6289],[32392273.43,5838597.6371],[32392255.6868,5838581.1439],[32392239.4431,5838568.6491],[32392223.4493,5838559.1531],[32392189.9624,5838547.6581],[32392148.4778,5838466.6909],[32392135.9823,5838436.2032],[32392129.4846,5838413.2125],[32392123.2364,5838370.7295],[32392123.736,5838353.7362],[32392126.7346,5838338.7421],[32392132.2322,5838323.2482],[32392140.7286,5838306.2549],[32392152.4736,5838286.2626],[32392169.2166,5838262.7718],[32392194.2063,5838236.7817],[32392228.4423,5838209.2922],[32392272.4244,5838182.8021],[32392330.9008,5838161.8096],[32392498.3337,5838124.3222],[32392529.5711,5838114.8255],[32392569.0551,5838093.8333],[32392592.0459,5838084.8366],[32392624.2829,5838077.8389],[32392663.0174,5838072.8404],[32392705.2506,5838070.3408],[32392769.0727,5838069.044],[32392803.7114,5838068.3402],[32392815.7066,5838066.8406],[32392857.191,5838129.815],[32392887.7908,5838180.5108],[32392915.9191,5838233.7728],[32392925.4157,5838255.7639],[32392930.4139,5838273.2569],[32392931.6637,5838287.7511],[32392923.9173,5838330.2343],[32392922.668,5838344.2287],[32392924.1676,5838354.2247],[32392928.9158,5838361.7217],[32392940.1064,5838368.4068],[32392967.4008,5838384.712],[32392984.8941,5838399.206],[32392998.6388,5838415.1994],[32393008.3852,5838431.1929],[32393014.8828,5838447.6863],[32393017.3821,5838466.1789],[32393015.3832,5838489.1698],[32393007.8866,5838516.6589],[32392996.3916,5838545.1478],[32392981.3979,5838571.6374],[32392955.6438,5838600.3912],[32392927.5677,5838631.7373],[32392908.4281,5838653.1061],[32392892.9345,5838664.1019],[32392844.2042,5838690.0923],[32392821.2135,5838699.5888],[32392810.8265,5838702.7628],[32392803.2207,5838705.0869],[32392786.2275,5838708.0859],[32392768.2347,5838708.586],[32392722.003,5838704.0884],[32392667.0247,5838690.5946],[32392657.2786,5838693.0937],[32392648.5322,5838700.091]]],[[[32405550.5605,5832540.8585],[32405537.066,5832547.8559],[32405529.5691,5832557.852],[32405526.0707,5832573.3459],[32405525.0716,5832607.6652],[32405523.0734,5832676.305],[32405519.3252,5832699.2959],[32405512.828,5832714.29],[32405503.5819,5832723.7864],[32405492.5863,5832729.2844],[32405479.5915,5832730.2842],[32405465.597,5832726.7857],[32405448.8536,5832718.2894],[32405430.6106,5832706.7942],[32405412.8675,5832691.8004],[32405398.373,5832673.8078],[32405388.1268,5832652.8163],[32405382.3787,5832630.8251],[32405379.6295,5832607.8343],[32405379.6292,5832584.3436],[32405390.6226,5832434.4031],[32405394.8705,5832400.4165],[32405392.6212,5832387.4217],[32405382.8749,5832376.4263],[32405365.8815,5832366.9303],[32405343.6526,5832357.9975],[32405312.4025,5832345.4396],[32405303.4059,5832337.4429],[32405301.4066,5832328.4465],[32405305.9047,5832320.4496],[32405316.6503,5832313.4522],[32405333.3936,5832309.4536],[32405393.8695,5832308.9529],[32405410.6128,5832306.4537],[32405424.6072,5832301.4555],[32405434.3532,5832292.9587],[32405437.8517,5832281.4632],[32405436.3521,5832267.9686],[32405430.6041,5832252.9747],[32405419.8582,5832236.9812],[32405402.6148,5832219.4884],[32405369.6275,5832191.5],[32405355.1332,5832183.5034],[32405337.6401,5832179.0054],[32405316.6484,5832178.0061],[32405294.6572,5832179.5058],[32405273.9155,5832183.5045],[32405240.9288,5832197.4994],[32405220.437,5832203.9971],[32405196.9465,5832208.9955],[32405171.2067,5832210.9951],[32405141.2186,5832207.9967],[32405106.4824,5832201.9996],[32405012.0853,5832182.8057],[32404999.1276,5832180.171],[32404912.309,5832162.518],[32404893.3166,5832159.5195],[32404870.8324,5832158.0967],[32404853.8322,5832157.021],[32404836.8389,5832153.5227],[32404824.8436,5832147.0254],[32404819.0957,5832135.5301],[32404820.8448,5832119.5364],[32404834.5889,5832088.0487],[32404858.0789,5832042.0667],[32404908.9233,5831946.7834],[32404917.5536,5831930.6102],[32404924.8006,5831920.6141],[32404935.2963,5831911.1177],[32404948.0411,5831905.6197],[32404959.5366,5831906.1193],[32404976.7112,5831916.8895],[32404989.0251,5831924.6116],[32404997.7717,5831927.1104],[32405004.519,5831927.6101],[32405010.4055,5831923.1673],[32405017.7636,5831917.6139],[32405025.7604,5831915.6146],[32405034.257,5831916.6141],[32405040.7545,5831921.1122],[32405045.2528,5831929.109],[32405047.2526,5831972.0918],[32405049.5019,5831983.0874],[32405054.5,5831989.5848],[32405061.2473,5831989.0849],[32405068.4943,5831982.0876],[32405099.2315,5831940.6036],[32405125.9705,5831919.1118],[32405156.2083,5831902.6179],[32405168.2034,5831898.1195],[32405178.9491,5831895.6204],[32405189.9447,5831895.6203],[32405201.6901,5831895.6201],[32405211.4362,5831893.1209],[32405216.4341,5831886.6234],[32405213.1852,5831874.6282],[32405202.1894,5831863.6328],[32405179.2694,5831855.7102],[32405141.4633,5831842.642],[32405119.2219,5831828.1481],[32405104.4775,5831809.6556],[32405095.9806,5831788.6641],[32405092.9815,5831765.6733],[32405097.7293,5831748.1802],[32405110.9739,5831741.1828],[32405128.7169,5831741.6823],[32405146.9597,5831748.1795],[32405162.7036,5831758.6751],[32405195.4412,5831798.6587],[32405205.9371,5831808.1548],[32405218.1824,5831815.6516],[32405230.1776,5831817.6507],[32405240.6734,5831813.1523],[32405247.1707,5831803.656],[32405248.9198,5831792.6603],[32405245.6709,5831778.6659],[32405237.4239,5831761.173],[32405215.682,5831724.188],[32405207.9349,5831706.6951],[32405205.4356,5831690.7015],[32405206.9348,5831675.7074],[32405211.6828,5831664.2119],[32405222.1785,5831659.2138],[32405241.6708,5831662.2123],[32405415.2029,5831708.7411],[32405444.8408,5831716.6878],[32405452.5877,5831720.1863],[32405456.8361,5831724.6844],[32405464.0834,5831737.1793],[32405469.0814,5831737.6791],[32405480.8267,5831732.6809],[32405484.3252,5831727.6828],[32405485.8244,5831711.1894],[32405489.8227,5831702.6927],[32405508.815,5831696.6948],[32405579.2869,5831690.1964],[32405603.2773,5831689.6962],[32405615.2726,5831692.1951],[32405624.519,5831698.6924],[32405629.767,5831707.1889],[32405630.7668,5831716.1853],[32405627.0184,5831724.682],[32405614.2737,5831744.6742],[32405609.7757,5831755.6699],[32405609.0261,5831765.1661],[32405612.5248,5831770.1641],[32405620.5216,5831770.164],[32405645.0832,5831759.3107],[32405663.5042,5831751.1709],[32405676.7489,5831743.1739],[32405690.2433,5831731.6783],[32405746.4702,5831677.699],[32405758.7151,5831662.205],[32405763.9628,5831649.21],[32405765.9618,5831636.2152],[32405765.8295,5831619.5805],[32405765.2108,5831541.7528],[32405767.7096,5831529.7575],[32405774.4568,5831520.2612],[32405783.4531,5831513.2638],[32405792.6994,5831508.7655],[32405802.1956,5831509.765],[32405811.1921,5831517.2619],[32405817.6897,5831528.7572],[32405820.1889,5831541.752],[32405822.1885,5831572.7396],[32405825.4375,5831587.7336],[32405831.4352,5831598.2294],[32405842.181,5831601.7278],[32405858.1746,5831598.229],[32405877.4168,5831590.7317],[32405919.3998,5831570.2392],[32405942.3905,5831554.7451],[32405962.6322,5831537.2517],[32405975.6267,5831518.7589],[32405981.1243,5831499.7664],[32405981.8737,5831478.7747],[32405978.6241,5831421.2976],[32405980.1233,5831406.3036],[32405983.8716,5831391.8093],[32406008.1113,5831344.3278],[32406024.1046,5831321.3367],[32406031.8515,5831318.3378],[32406038.349,5831323.8355],[32406053.3435,5831360.8206],[32406063.5897,5831380.3127],[32406076.8347,5831398.8052],[32406091.3291,5831410.8002],[32406105.0737,5831413.7988],[32406116.5691,5831409.8002],[32406125.3154,5831398.8045],[32406131.0629,5831381.3114],[32406133.3116,5831353.3225],[32406131.061,5831250.8632],[32406133.3098,5831229.3718],[32406138.8074,5831214.8774],[32406147.3039,5831207.8801],[32406157.5499,5831207.88],[32406168.2957,5831217.376],[32406178.5419,5831234.8689],[32406196.0355,5831275.3526],[32406203.283,5831301.8419],[32406209.2812,5831339.3269],[32406213.2802,5831379.8108],[32406214.7388,5831416.4011],[32406214.2806,5831439.7869],[32406211.7819,5831459.2792],[32406206.5342,5831473.2737],[32406197.288,5831483.7697],[32406178.5456,5831492.2666],[32406150.8068,5831500.7636],[32406121.5685,5831507.2614],[32406081.0847,5831511.2604],[32406067.5901,5831515.7588],[32406057.8441,5831523.256],[32406049.8593,5831544.2991],[32406036.6033,5831579.234],[32406021.6097,5831606.7233],[32406003.3673,5831631.2138],[32405982.8757,5831648.7071],[32405961.8842,5831660.7027],[32405939.6432,5831667.7002],[32405893.9115,5831673.1987],[32405876.1686,5831677.6971],[32405864.1735,5831685.6941],[32405859.9253,5831697.1896],[32405864.9235,5831712.1836],[32405878.6683,5831727.1774],[32405899.1603,5831740.1719],[32405947.1415,5831756.6647],[32405963.1353,5831767.1603],[32405970.6325,5831781.6544],[32405969.1334,5831801.1467],[32405963.6359,5831822.1384],[32405960.6373,5831842.1305],[32405959.3881,5831862.6224],[32405961.8879,5831915.1015],[32405965.8875,5831999.068],[32405962.1392,5832013.0625],[32405951.6436,5832028.0567],[32405936.1499,5832041.0518],[32405918.4072,5832052.0476],[32405899.9146,5832059.5449],[32405876.0974,5832065.4394],[32405852.1837,5832067.5424],[32405842.6875,5832066.543],[32405835.6902,5832062.5446],[32405829.1302,5832052.9235],[32405816.9473,5832035.0558],[32405801.7032,5832023.0608],[32405765.2174,5832000.5703],[32405750.4731,5831989.5749],[32405740.4769,5831977.08],[32405734.9788,5831962.086],[32405733.2293,5831944.0932],[32405736.7276,5831922.1019],[32405761.9432,5831860.1927],[32405778.4595,5831819.6421],[32405782.2078,5831802.6488],[32405779.4587,5831788.6544],[32405771.4618,5831783.1567],[32405760.966,5831787.1552],[32405747.5235,5831798.9436],[32405728.4793,5831815.6444],[32405709.737,5831827.6399],[32405686.9962,5831838.6358],[32405662.7559,5831845.1336],[32405637.7659,5831847.6329],[32405611.0265,5831847.6333],[32405582.5378,5831845.1347],[32405533.0927,5831835.6038],[32405458.087,5831821.146],[32405335.3855,5831801.6555],[32405315.6434,5831801.156],[32405305.1476,5831806.1542],[32405304.648,5831818.6492],[32405312.3956,5831863.1314],[32405319.8929,5831888.6212],[32405334.3875,5831912.1116],[32405355.6293,5831931.6036],[32405380.3697,5831945.5976],[32405407.1092,5831954.0939],[32405434.5983,5831956.0927],[32405494.5744,5831955.592],[32405523.063,5831954.0922],[32405544.8043,5831950.5933],[32405573.9034,5831938.4682],[32405592.785,5831930.6006],[32405602.0313,5831930.1006],[32405608.2789,5831936.0982],[32405612.5273,5831946.5939],[32405613.0273,5831959.5888],[32405608.7792,5831973.0835],[32405592.536,5831998.5735],[32405586.0388,5832014.0675],[32405580.3636,5832047.2258],[32405576.5434,5832069.5456],[32405575.544,5832083.0402],[32405579.0428,5832094.0358],[32405588.5391,5832099.5335],[32405601.7838,5832098.5337],[32405626.274,5832092.0359],[32405636.27,5832091.536],[32405662.2597,5832097.5332],[32405677.0039,5832104.0304],[32405690.4987,5832115.0258],[32405700.495,5832131.0193],[32405707.2426,5832150.0117],[32405710.2417,5832170.0037],[32405707.9929,5832190.9954],[32405701.4958,5832212.4869],[32405688.5486,5832240.0007],[32405681.5043,5832254.9703],[32405676.7565,5832272.9632],[32405675.7572,5832293.4551],[32405681.5052,5832313.4471],[32405708.5626,5832360.0155],[32405733.4858,5832402.9107],[32405746.481,5832428.9002],[32405768.473,5832480.8792],[32405780.9684,5832505.8691],[32405792.7139,5832522.8622],[32405806.4586,5832534.3574],[32405824.4516,5832546.3524],[32405843.6941,5832555.8483],[32405861.1872,5832560.3463],[32405901.9211,5832566.8431],[32405922.663,5832574.3399],[32405937.1573,5832584.3357],[32405944.4046,5832596.3308],[32405946.9038,5832609.3256],[32405944.6549,5832622.3205],[32405938.1577,5832635.3154],[32405928.6616,5832646.3112],[32405916.4166,5832654.808],[32405901.4226,5832659.3064],[32405883.1799,5832658.307],[32405851.1924,5832645.3127],[32405803.9609,5832621.3229],[32405716.7449,5832573.3432],[32405688.256,5832559.849],[32405634.2772,5832539.8577],[32405612.036,5832533.8604],[32405591.0443,5832531.8615],[32405569.5529,5832534.8606],[32405550.5605,5832540.8585]]],[[[32390099.2829,5837762.0],[32390104.7809,5837777.4938],[32390106.5304,5837791.4882],[32390105.0312,5837804.9829],[32390100.5332,5837818.9774],[32390092.2867,5837834.4713],[32390080.2917,5837850.4651],[32390066.0977,5837865.6591],[32390044.8064,5837888.4505],[32390035.3104,5837903.9445],[32390028.0635,5837923.4368],[32390024.5653,5837946.9275],[32390023.5661,5837977.4154],[32390023.3176,5838074.8766],[32390020.5689,5838090.3705],[32390013.8217,5838098.8672],[32390003.3259,5838102.366],[32389989.0816,5838102.3662],[32389972.0883,5838096.8686],[32389953.3456,5838084.3738],[32389916.3598,5838049.3883],[32389897.6169,5838027.3973],[32389872.5366,5837994.1234],[32389847.136,5837960.4246],[32389836.89,5837950.9286],[32389809.6505,5837931.4367],[32389799.1544,5837907.4464],[32389791.4071,5837884.4556],[32389786.4088,5837860.9651],[32389783.4093,5837816.9826],[32389777.6613,5837797.4904],[32389763.1669,5837781.497],[32389741.9252,5837770.5017],[32389719.434,5837763.5048],[32389697.6926,5837759.5067],[32389679.4498,5837758.5073],[32389660.7278,5837759.7987],[32389628.7201,5837762.0066],[32389611.227,5837758.5083],[32389595.9829,5837749.5121],[32389584.9871,5837735.018],[32389578.2395,5837717.0252],[32389575.9901,5837697.0332],[32389577.4892,5837670.5437],[32389584.236,5837636.0574],[32389600.479,5837600.0715],[32389628.3234,5837569.8665],[32389667.2016,5837541.094],[32389704.1866,5837517.103],[32389739.1724,5837497.6103],[32389800.3976,5837472.6194],[32389831.1352,5837456.6253],[32389865.3713,5837434.6336],[32389905.3549,5837404.6449],[32389944.8387,5837369.1585],[32389975.576,5837332.6726],[32389998.3164,5837298.6858],[32390013.31,5837269.1973],[32390075.0332,5837110.7595],[32390066.7858,5837061.7791],[32390062.037,5837017.2968],[32390061.7865,5836972.8145],[32390083.3121,5836699.2976],[32390097.2659,5836521.9934],[32390099.5146,5836488.0069],[32390098.5145,5836455.5198],[32390091.7668,5836431.5295],[32390080.5211,5836415.0362],[32390057.03,5836389.0469],[32390046.5341,5836382.0498],[32390037.2878,5836380.0507],[32390020.5444,5836379.5511],[32390010.0486,5836376.5525],[32389996.054,5836370.0553],[32389979.3105,5836359.5597],[32389963.8165,5836344.5659],[32389952.8206,5836323.5744],[32389948.572,5836303.0826],[32389949.8212,5836287.5887],[32389956.0686,5836276.0932],[32389966.0645,5836267.5964],[32389982.8078,5836262.0984],[32390002.4908,5836260.1099],[32390056.2124,5836258.5987],[32390091.7643,5836257.5987],[32390108.0078,5836255.0994],[32390147.7418,5836240.1048],[32390161.9861,5836237.6056],[32390178.7295,5836238.1052],[32390199.7212,5836243.1029],[32390226.2108,5836255.0978],[32390254.6997,5836271.5908],[32390279.4401,5836289.5833],[32390295.434,5836305.0769],[32390303.6809,5836318.0716],[32390307.6795,5836331.0664],[32390308.1795,5836342.062],[32390304.4311,5836350.0589],[32390296.1844,5836355.057],[32390283.9393,5836358.056],[32390238.2075,5836359.556],[32390211.2184,5836366.0538],[32390200.7226,5836372.0516],[32390191.2265,5836381.548],[32390182.7301,5836394.5429],[32390178.9818,5836409.537],[32390183.2304,5836425.0308],[32390281.1937,5836585.9654],[32390293.9385,5836576.469],[32390323.1766,5836560.4749],[32390338.9203,5836555.9765],[32390354.1642,5836554.9767],[32390368.4086,5836557.9753],[32390382.653,5836564.9723],[32390397.6473,5836581.9653],[32390413.6413,5836609.954],[32390427.8861,5836642.9406],[32390438.8822,5836673.9282],[32390457.6258,5836748.8981],[32390469.6219,5836810.8732],[32390469.1228,5836858.8542],[32390463.1259,5836905.8356],[32390407.6491,5836988.8033],[32390388.1572,5837012.2943],[32390350.4227,5837047.2809],[32390348.0779,5837050.212],[32390332.4302,5837069.7722],[32390321.9348,5837094.2626],[32390319.9359,5837119.7525],[32390323.4349,5837147.2415],[32390332.1818,5837175.73],[32390346.1767,5837204.2185],[32390390.1365,5837266.2951],[32390420.1487,5837308.6759],[32390424.1474,5837322.1705],[32390423.6477,5837332.6663],[32390418.3999,5837340.6632],[32390399.1577,5837348.6603],[32390392.1605,5837354.1582],[32390387.9123,5837362.6549],[32390385.9133,5837374.1503],[32390383.6646,5837403.1388],[32390380.1662,5837415.1341],[32390373.6688,5837420.1322],[32390365.4221,5837419.1327],[32390357.1753,5837414.6346],[32390348.9285,5837407.1377],[32390321.4389,5837372.152],[32390302.1963,5837355.1591],[32390294.1995,5837353.6598],[32390286.4527,5837359.1577],[32390276.0529,5837381.0885],[32390263.4625,5837407.6387],[32390246.9693,5837426.6314],[32390226.4777,5837444.1247],[32390203.9869,5837458.6193],[32390179.7467,5837468.1158],[32390153.7571,5837471.6148],[32390130.2664,5837471.1153],[32390112.5234,5837466.6174],[32390091.3193,5837452.6837],[32390077.537,5837443.627],[32390066.2914,5837440.1286],[32390054.0463,5837440.6285],[32390042.301,5837444.1273],[32390034.0544,5837451.6244],[32390032.0554,5837464.1195],[32390037.3035,5837479.1135],[32390047.0498,5837494.1074],[32390064.8172,5837514.9121],[32390095.2814,5837550.5842],[32390108.2765,5837568.5769],[32390117.773,5837586.0698],[32390124.7705,5837606.5615],[32390128.0195,5837626.0537],[32390126.2704,5837640.0482],[32390119.2733,5837650.5441],[32390093.5338,5837665.5385],[32390083.0381,5837675.0349],[32390076.041,5837686.5304],[32390073.0424,5837700.0251],[32390075.2918,5837715.0191],[32390099.2829,5837762.0]]],[[[32396490.9829,5837256.111],[32396515.4809,5837263.8542],[32396577.9487,5837283.5988],[32396654.6685,5837304.5894],[32396687.9053,5837310.5865],[32396748.8812,5837317.5829],[32396778.1196,5837322.5805],[32396806.8583,5837330.5769],[32396833.5978,5837341.0723],[32396856.8387,5837353.0672],[32396879.0801,5837371.0598],[32396902.3213,5837397.0491],[32396922.5636,5837424.5379],[32396936.0586,5837447.5285],[32396953.4689,5837488.7726],[32396978.0433,5837546.9884],[32396988.0395,5837560.4829],[32397002.0341,5837571.4783],[32397018.5277,5837578.4753],[32397035.271,5837580.974],[32397055.0131,5837576.4756],[32397103.4935,5837553.9838],[32397125.7345,5837545.9867],[32397166.7181,5837536.4899],[32397185.2107,5837534.4904],[32397199.4551,5837535.9896],[32397213.9494,5837544.486],[32397231.4427,5837560.9792],[32397246.6869,5837579.4716],[32397255.6836,5837596.4647],[32397258.6826,5837612.9581],[32397259.9324,5837632.4504],[32397258.9334,5837672.4345],[32397260.4331,5837692.4265],[32397267.181,5837735.9091],[32397266.6815,5837753.902],[32397262.1835,5837769.3959],[32397254.6867,5837783.3904],[32397242.9415,5837796.3854],[32397225.9484,5837807.8811],[32397205.9565,5837816.378],[32397186.2144,5837820.3767],[32397153.2276,5837823.3759],[32397138.2336,5837827.8744],[32397121.4904,5837837.3708],[32397106.9964,5837850.8657],[32397090.0036,5837886.3518],[32397077.0091,5837905.3444],[32397060.0161,5837921.8381],[32397040.7739,5837933.8336],[32397015.557,5837943.629],[32396980.2983,5837957.3251],[32396949.061,5837975.8182],[32396934.317,5837981.816],[32396888.5853,5837990.8131],[32396872.8416,5837996.3111],[32396841.3544,5838014.3044],[32396828.3598,5838029.2987],[32396820.8631,5838051.29],[32396819.364,5838076.2801],[32396823.8626,5838100.2705],[32396871.0955,5838219.2225],[32396880.842,5838247.2112],[32396887.4715,5838273.3691],[32396897.0867,5838323.1808],[32396899.8361,5838360.166],[32396897.0877,5838392.6532],[32396890.3408,5838420.6421],[32396873.3481,5838462.6257],[32396840.362,5838515.6051],[32396703.6653,5838437.638],[32396648.4367,5838400.6535],[32396618.6982,5838376.6635],[32396582.4621,5838342.6775],[32396550.4743,5838303.6935],[32396524.734,5838264.2095],[32396502.7421,5838224.2258],[32396486.498,5838185.2415],[32396478.7506,5838147.2567],[32396477.5005,5838107.7724],[32396481.9975,5838022.3064],[32396487.7446,5837982.3222],[32396495.7409,5837948.3356],[32396512.4835,5837895.3564],[32396515.2321,5837869.8665],[32396511.4832,5837844.3767],[32396502.4864,5837821.8858],[32396488.9915,5837800.8943],[32396472.2479,5837780.4027],[32396446.008,5837755.413],[32396371.2867,5837689.9402],[32396340.0487,5837655.9541],[32396316.0577,5837621.968],[32396295.3155,5837588.4816],[32396270.5747,5837540.501],[32396266.8259,5837525.0072],[32396265.3263,5837510.513],[32396267.3253,5837496.0188],[32396311.3067,5837421.048],[32396329.2992,5837396.0577],[32396390.274,5837327.584],[32396417.013,5837302.0938],[32396440.7533,5837284.6004],[32396490.9829,5837256.111]]],[[[32394699.4271,5835965.15],[32394686.4326,5835986.6416],[32394662.1931,5836051.1163],[32394623.2099,5836140.5813],[32394607.7165,5836172.5688],[32394595.4717,5836190.5618],[32394581.2275,5836204.0567],[32394566.4835,5836212.5535],[32394552.4891,5836215.5525],[32394522.7509,5836212.5541],[32394506.2574,5836209.0557],[32394496.5108,5836175.0694],[32394488.2635,5836131.5868],[32394484.5143,5836083.1061],[32394482.764,5836017.1324],[32394478.7648,5835962.1543],[32394473.5161,5835908.1759],[32394469.4578,5835882.4168],[32394467.7679,5835871.6905],[32394460.0206,5835846.2007],[32394449.5244,5835817.2124],[32394438.2785,5835792.2225],[32394428.0323,5835777.2286],[32394416.7867,5835770.2316],[32394386.2987,5835758.2368],[32394370.5548,5835748.241],[32394357.5598,5835737.7453],[32394348.3134,5835728.749],[32394342.3156,5835720.2525],[32394339.8165,5835709.7567],[32394340.0662,5835696.2621],[32394347.0629,5835660.7761],[32394353.0602,5835642.7832],[32394463.7626,5835390.8818],[32394488.752,5835343.4003],[32394542.4792,5835249.4369],[32394570.9673,5835209.9523],[32394607.9521,5835170.4674],[32394651.4342,5835131.9821],[32394699.1647,5835094.9962],[32394744.3963,5835065.0075],[32394783.3804,5835043.5154],[32394817.3667,5835029.0207],[32394847.8544,5835019.0243],[32394884.0899,5835010.0273],[32394931.321,5835001.53],[32394983.3002,5834996.0315],[32395034.03,5834993.5318],[32395112.9986,5834992.531],[32395146.7351,5834988.5322],[32395205.432,5834971.7409],[32395243.6961,5834957.5431],[32395266.4368,5834943.5484],[32395309.9189,5834901.5644],[32395327.6616,5834886.5701],[32395343.1553,5834877.0737],[32395356.8998,5834871.0759],[32395374.6427,5834868.5766],[32395397.8835,5834868.5763],[32395442.8656,5834874.5733],[32395457.36,5834882.5699],[32395467.3562,5834895.5646],[32395483.6002,5834927.5516],[32395494.846,5834943.5451],[32395509.0905,5834960.0383],[32395524.8345,5834975.0322],[32395541.0781,5834984.5281],[32395557.0719,5834989.5259],[32395573.5653,5834991.0251],[32395589.0591,5834988.0261],[32395602.8035,5834979.0295],[32395635.2901,5834943.5431],[32395651.5333,5834923.051],[32395672.5245,5834891.0635],[32395688.0181,5834874.07],[32395706.2606,5834858.5759],[32395724.0034,5834847.0802],[32395761.4882,5834828.587],[32395803.2213,5834804.0962],[32395820.2143,5834790.6013],[32395830.7099,5834776.1069],[32395837.457,5834758.6138],[32395841.705,5834735.6229],[32395844.9533,5834710.133],[32395845.4528,5834686.1425],[32395843.4532,5834664.1513],[32395833.7065,5834618.1697],[32395833.2062,5834585.1828],[32395838.2038,5834554.6949],[32395849.449,5834536.2021],[32395864.443,5834534.7025],[32395878.1877,5834543.6987],[32395889.4334,5834558.1928],[32395904.178,5834586.1814],[32395915.9235,5834602.1749],[32395931.4176,5834618.1683],[32395964.6548,5834645.6569],[32395971.4022,5834656.1526],[32395973.1517,5834667.1482],[32395972.902,5834679.6433],[32395970.1533,5834693.1379],[32395944.4141,5834736.621],[32395914.177,5834794.0986],[32395910.6757,5834801.415],[32395897.4341,5834829.0849],[32395885.9391,5834858.0735],[32395853.7033,5834954.0358],[32395840.2097,5835021.0094],[32395828.2156,5835098.9785],[32395826.4668,5835136.9634],[32395829.2162,5835168.4509],[32395834.5408,5835194.7919],[32395814.3899,5835201.8454],[32395801.453,5835209.4298],[32395792.8736,5835217.7454],[32395787.2992,5835225.162],[32395782.13,5835232.0394],[32395778.4049,5835236.9956],[32395711.7632,5835192.9428],[32395692.0209,5835177.9491],[32395682.2745,5835161.4558],[32395680.0252,5835146.4618],[32395683.0238,5835135.4661],[32395691.0205,5835126.9693],[32395703.2656,5835118.9724],[32395728.2554,5835106.9768],[32395736.0023,5835100.979],[32395739.0009,5835091.4828],[32395737.5014,5835081.4868],[32395731.5037,5835073.9898],[32395719.2585,5835069.4918],[32395701.0157,5835066.4933],[32395679.7741,5835065.494],[32395634.0424,5835070.4926],[32395552.0749,5835061.9972],[32395329.4132,5835046.5065],[32395304.1733,5835047.0067],[32395279.6831,5835052.005],[32395256.6924,5835062.5012],[32395235.701,5835080.4943],[32395217.4586,5835103.4854],[32395201.4653,5835128.4757],[32395185.9719,5835157.9642],[32395163.5767,5835206.3996],[32395148.488,5835236.9333],[32395122.9987,5835280.4164],[32395080.2667,5835347.3903],[32395051.7786,5835386.3752],[32394931.7458,5835541.67],[32394863.3748,5835630.1263],[32394859.7893,5835634.7651],[32394824.3733,5835680.7614],[32394799.3837,5835716.2476],[32394769.1466,5835776.2242],[32394756.6521,5835808.2116],[32394742.4086,5835868.6878],[32394714.4209,5835953.6544],[32394699.4271,5835965.15]]],[[[32401558.9816,5838305.1223],[32401596.2174,5838344.1063],[32401623.2679,5838365.893],[32401651.446,5838388.5879],[32401667.9397,5838404.5813],[32401677.9359,5838418.5756],[32401695.4294,5838451.0624],[32401709.4242,5838472.0538],[32401727.6672,5838494.5446],[32401767.6519,5838535.028],[32401785.3951,5838555.5196],[32401800.3895,5838579.5098],[32401810.3859,5838603.9999],[32401814.6345,5838625.9911],[32401814.3849,5838646.9828],[32401807.3883,5838688.4664],[32401802.6404,5838702.9607],[32401795.1435,5838713.9564],[32401783.8981,5838720.454],[32401768.1544,5838722.4534],[32401750.9112,5838718.4553],[32401734.1677,5838710.4587],[32401719.9233,5838699.4632],[32401709.1773,5838685.469],[32401700.9304,5838669.4754],[32401691.1839,5838643.4859],[32401685.9359,5838636.4888],[32401669.667,5838631.241],[32401654.9481,5838626.4932],[32401646.9512,5838620.9955],[32401644.452,5838613.4985],[32401647.2007,5838595.0058],[32401651.9487,5838586.0093],[32401660.6951,5838578.0124],[32401668.9416,5838567.5164],[32401672.44,5838550.5232],[32401668.4413,5838528.0322],[32401657.9451,5838503.542],[32401645.1998,5838481.0512],[32401623.2081,5838449.564],[32401614.7114,5838441.5673],[32401606.2147,5838437.0692],[32401596.4686,5838435.0701],[32401586.7225,5838435.5701],[32401579.4754,5838440.0684],[32401574.9773,5838447.0657],[32401571.9787,5838465.0586],[32401567.9805,5838474.055],[32401560.7335,5838482.052],[32401550.2377,5838489.0493],[32401535.9935,5838492.5481],[32401519.2501,5838492.0486],[32401502.2568,5838488.5502],[32401478.9325,5838479.8039],[32401470.2694,5838476.5554],[32401461.7728,5838477.0553],[32401427.5365,5838483.5532],[32401411.7929,5838491.5503],[32401401.5471,5838504.0454],[32401399.2983,5838522.0383],[32401402.5473,5838542.5301],[32401414.5431,5838587.0123],[32401421.5405,5838595.5088],[32401435.535,5838599.507],[32401454.5274,5838600.5063],[32401494.1657,5838597.3219],[32401516.7526,5838595.5074],[32401533.496,5838597.5064],[32401547.9903,5838603.5038],[32401560.4855,5838613.9995],[32401570.9815,5838626.9942],[32401577.9789,5838640.4887],[32401579.9783,5838654.4831],[32401579.2288,5838666.4783],[32401577.2297,5838676.4744],[32401570.9823,5838684.9711],[32401557.9876,5838692.9681],[32401539.3385,5838701.7843],[32401503.0098,5838718.9585],[32401485.267,5838724.9564],[32401468.5237,5838725.9562],[32401453.0298,5838721.958],[32401438.2855,5838713.9614],[32401401.7997,5838689.4717],[32401370.312,5838674.9779],[32401335.5756,5838662.4833],[32401303.3383,5838652.9876],[32401239.3636,5838641.9928],[32401206.3767,5838638.9945],[32401175.6389,5838637.9953],[32401142.4022,5838641.9942],[32401106.4167,5838651.9907],[32401075.1793,5838664.986],[32401056.4369,5838678.4809],[32401046.691,5838693.4751],[32401031.4391,5838724.3433],[32401025.7,5838735.9585],[32401020.4522,5838740.4567],[32401011.7057,5838743.9555],[32400999.4606,5838744.9552],[32400983.7168,5838742.4565],[32400969.7222,5838733.96],[32400961.4753,5838719.9657],[32400957.7266,5838701.9729],[32400957.2265,5838682.9805],[32400964.7228,5838634.4997],[32400965.472,5838601.5128],[32400957.2247,5838561.5288],[32400942.7299,5838520.5453],[32400927.2356,5838484.06],[32400898.996,5838426.0835],[32400888.7497,5838399.5942],[32400882.2519,5838373.1048],[32400878.0031,5838343.6166],[32400819.5265,5838350.1148],[32400804.2825,5838347.1162],[32400771.5406,5838334.7387],[32400763.2986,5838331.623],[32400758.3013,5838383.1025],[32400756.8027,5838435.0819],[32400748.8065,5838480.5639],[32400739.8105,5838510.0523],[32400732.3137,5838522.5474],[32400721.818,5838531.544],[32400708.3234,5838535.0428],[32400693.5792,5838532.0442],[32400679.0849,5838523.5478],[32400665.0902,5838510.0534],[32400650.8457,5838493.5601],[32400609.861,5838428.5865],[32400601.3643,5838417.591],[32400593.6173,5838415.0921],[32400582.3718,5838416.0919],[32400562.13,5838421.8399],[32400541.8881,5838427.5879],[32400529.1432,5838430.0871],[32400515.6486,5838430.5871],[32400499.9048,5838428.5881],[32400483.6612,5838424.0901],[32400469.1669,5838417.5929],[32400457.6713,5838407.597],[32400449.4244,5838394.1025],[32400444.1763,5838379.6083],[32400441.6771,5838365.6139],[32400441.6765,5838329.1284],[32400447.4238,5838300.1399],[32400459.1687,5838265.6534],[32400475.6615,5838225.6691],[32400445.4236,5838231.6672],[32400397.4428,5838236.6658],[32400379.2,5838234.1671],[32400360.7073,5838228.1697],[32400343.464,5838220.1732],[32400330.2192,5838211.1769],[32400319.2234,5838201.181],[32400297.4817,5838177.1909],[32400276.2397,5838142.7049],[32400240.0031,5838076.7317],[32400221.2599,5838026.7518],[32400210.264,5838007.2597],[32400195.0198,5837991.2663],[32400149.5374,5837955.781],[32400123.0477,5837939.288],[32400094.3089,5837924.2943],[32400039.5804,5837903.3034],[32400025.0861,5837898.3056],[32399952.9592,5837862.3601],[32399870.6464,5837821.3384],[32399838.9088,5837800.3472],[32399814.4182,5837780.3555],[32399776.4328,5837744.3703],[32399758.6895,5837722.3793],[32399741.9458,5837696.3899],[32399727.4512,5837665.9022],[32399713.956,5837625.4185],[32399700.9605,5837578.9372],[32399687.7149,5837524.9588],[32399706.4572,5837502.9673],[32399703.708,5837485.4743],[32399673.469,5837414.503],[32399618.5234,5837305.2295],[32399584.0021,5837236.575],[32399552.5138,5837179.5981],[32399527.6205,5837139.8504],[32399521.5254,5837130.1182],[32399485.0393,5837084.6368],[32399441.0561,5837036.1567],[32399399.3221,5836994.174],[32399370.3332,5836969.1843],[32399348.8416,5836957.6892],[32399299.8609,5836941.6962],[32399265.7347,5836832.5372],[32399257.0474,5836804.7491],[32399302.7255,5836727.6647],[32399328.7737,5836690.762],[32399374.3585,5836660.3712],[32399405.6706,5836656.8916],[32399413.4317,5836656.0291],[32399430.7981,5836699.4433],[32399452.506,5836745.0284],[32399491.5797,5836784.1012],[32399582.7495,5836725.4901],[32399621.8233,5836779.7578],[32399686.9467,5836875.2689],[32399715.1671,5836938.2199],[32399716.5492,5836982.4244],[32399717.3389,5837007.683],[32399721.6806,5837031.5608],[32399737.3284,5837045.6436],[32399769.4372,5837068.4628],[32399869.2905,5837057.6078],[32399936.5829,5837035.8993],[32399956.1194,5837035.899],[32400002.1274,5837035.8984],[32400021.8248,5837026.6524],[32400054.8116,5837017.6555],[32400076.5413,5837014.4031],[32400125.7832,5837009.6577],[32400182.5107,5837009.1571],[32400210.4995,5837010.6561],[32400278.2227,5837020.6512],[32400309.2105,5837028.6476],[32400337.9493,5837040.6424],[32400395.4268,5837072.6289],[32400454.1539,5837102.6161],[32400605.5946,5837169.0875],[32400682.8144,5837206.0718],[32400743.7908,5837254.0518],[32400777.5279,5837285.039],[32400803.0181,5837312.0279],[32400878.7393,5837405.9895],[32400895.483,5837429.9797],[32400958.4596,5837541.4345],[32401037.6803,5837700.87],[32401044.4277,5837701.8695],[32401054.2988,5837702.6191],[32401064.1698,5837703.3686],[32401092.1085,5837748.2995],[32401142.2484,5837828.9345],[32401185.3744,5837898.2895],[32401176.628,5837902.7877],[32401167.8815,5837907.2861],[32401210.1157,5837974.7586],[32401225.1101,5838004.2467],[32401234.1069,5838029.2366],[32401239.6051,5838053.227],[32401242.1044,5838075.2182],[32401241.6049,5838094.7105],[32401236.857,5838114.2028],[32401216.3658,5838158.1856],[32401194.1253,5838203.6678],[32401179.6317,5838243.1523],[32401174.3843,5838278.6383],[32401179.3827,5838308.1265],[32401188.3795,5838336.1152],[32401199.8753,5838360.1055],[32401212.8704,5838378.598],[32401224.8658,5838392.0924],[32401236.1115,5838402.5881],[32401249.8561,5838411.5843],[32401269.0986,5838418.5813],[32401290.5901,5838422.5794],[32401312.0815,5838422.0793],[32401338.0711,5838414.5819],[32401373.8067,5838399.5874],[32401426.5353,5838374.0968],[32401558.9816,5838305.1223]]],[[[32396751.8601,5835932.134],[32396738.3662,5835984.1135],[32396723.123,5836034.5936],[32396711.3781,5836065.5814],[32396699.3831,5836083.5745],[32396680.391,5836105.566],[32396655.4013,5836130.0566],[32396600.2159,5836174.2062],[32396569.1866,5836199.0304],[32396546.4459,5836221.5218],[32396526.2044,5836248.5113],[32396511.9605,5836278.9994],[32396506.4631,5836309.4873],[32396507.2133,5836341.4746],[32396512.9615,5836375.461],[32396519.7092,5836403.9496],[32396526.4568,5836423.9415],[32396536.2032,5836441.9342],[32396570.4404,5836496.4121],[32396587.1842,5836528.8989],[32396599.1799,5836561.3858],[32396604.4282,5836592.3734],[32396603.4291,5836624.8605],[32396598.6815,5836659.8467],[32396589.6856,5836694.8329],[32396575.6916,5836726.8204],[32396558.1989,5836754.8095],[32396540.9561,5836776.801],[32396522.9636,5836796.2935],[32396517.2146,5836707.3289],[32396512.9657,5836667.3449],[32396506.2179,5836631.8591],[32396496.4712,5836594.874],[32396484.7254,5836559.3883],[32396470.9804,5836526.4016],[32396454.4865,5836494.9143],[32396434.2441,5836463.9269],[32396411.2528,5836434.439],[32396387.262,5836408.4497],[32396359.0229,5836385.4592],[32396295.5476,5836347.975],[32396272.8065,5836336.9797],[32396223.5709,5836314.2705],[32396174.8448,5836290.4996],[32396150.3543,5836274.0065],[32396139.8583,5836260.0122],[32396133.1107,5836246.0179],[32396128.3624,5836231.0239],[32396057.6401,5836198.5379],[32396029.1513,5836187.0428],[32396000.9124,5836179.0464],[32395965.9262,5836172.0497],[32395893.7048,5836164.0539],[32395837.977,5836162.5553],[32395818.2349,5836166.554],[32395805.4901,5836175.0508],[32395798.493,5836189.0453],[32395795.9943,5836207.0382],[32395797.2441,5836227.0302],[32395802.2424,5836245.5228],[32395817.4868,5836280.0089],[32395822.485,5836296.5022],[32395821.9855,5836311.4963],[32395815.2383,5836323.4916],[32395804.4927,5836331.9884],[32395789.9986,5836338.9858],[32395737.2698,5836356.9794],[32395722.026,5836364.4766],[32395711.7802,5836373.4732],[32395707.0322,5836383.4693],[32395704.5334,5836395.4646],[32395700.7854,5836433.9493],[32395680.5454,5836564.8975],[32395675.5477,5836590.3874],[32395669.3004,5836600.3835],[32395658.5547,5836608.8803],[32395644.5604,5836613.8785],[32395629.0666,5836614.3786],[32395455.1357,5836611.3822],[32395326.3125,5836602.3736],[32395081.534,5836586.8973],[32395036.302,5836588.3973],[32395002.5656,5836597.3942],[32394975.8264,5836611.389],[32394923.5977,5836645.3762],[32394896.6086,5836657.3718],[32394870.8689,5836663.8696],[32394842.9627,5836666.5977],[32394804.3954,5836670.368],[32394754.1656,5836680.8645],[32394727.9261,5836684.3635],[32394706.4346,5836683.3642],[32394686.9423,5836679.8659],[32394662.2004,5836560.9135],[32394653.953,5836511.9331],[32394648.9543,5836462.4529],[32394645.5033,5836400.5894],[32394641.7053,5836332.5047],[32394643.35,5836315.2063],[32394649.4511,5836251.037],[32394656.4479,5836222.5482],[32394682.4365,5836148.0775],[32394748.6578,5835985.1414],[32394754.6552,5835972.1464],[32394812.6303,5835846.6955],[32394843.1174,5835791.2172],[32394901.3358,5835698.4249],[32394958.0691,5835611.7869],[32394986.0574,5835574.8012],[32395087.0157,5835465.3433],[32395150.4316,5835391.7867],[32395246.4496,5835280.4146],[32395285.4335,5835238.4308],[32395342.1601,5835181.4526],[32395375.3965,5835153.9631],[32395408.633,5835137.969],[32395441.3699,5835132.9705],[32395473.857,5835132.97],[32395504.5948,5835135.9684],[32395527.5784,5835140.5648],[32395558.3236,5835147.4631],[32395609.0537,5835164.9554],[32395631.295,5835176.4505],[32395653.2865,5835192.9436],[32395675.7779,5835215.4344],[32395711.7642,5835260.416],[32395761.4956,5835341.8829],[32395782.2373,5835335.8849],[32395804.9782,5835334.3852],[32395859.6015,5835344.1386],[32395868.5816,5835359.1017],[32395879.1849,5835364.4945],[32395894.1093,5835366.3301],[32395909.08,5835365.7194],[32395923.9249,5835363.4483],[32395934.6162,5835359.2274],[32396043.134,5835375.3655],[32396210.568,5835412.8482],[32396240.8061,5835422.344],[32396268.0454,5835434.3389],[32396303.7814,5835452.3312],[32396343.266,5835474.8217],[32396381.7511,5835500.311],[32396412.7391,5835525.3006],[32396489.7096,5835600.7695],[32396537.1914,5835649.7493],[32396597.6683,5835715.7222],[32396694.6313,5835822.6783],[32396737.6035,5835872.6992],[32396758.6069,5835897.1478],[32396751.8601,5835932.134]]],[[[32407859.7162,5837721.2655],[32407835.9763,5837764.7485],[32407819.4832,5837789.239],[32407802.7401,5837806.7323],[32407783.4979,5837817.2284],[32407758.7578,5837821.2272],[32407732.5182,5837820.2279],[32407705.5289,5837814.7305],[32407623.3113,5837791.241],[32407551.8393,5837767.2516],[32407462.8743,5837733.7662],[32407373.6592,5837696.7821],[32407231.9646,5837629.311],[32407068.5285,5837546.8461],[32406934.5807,5837473.3772],[32406742.4057,5837370.9207],[32406668.9344,5837332.9368],[32406615.9552,5837310.4465],[32406566.4747,5837295.953],[32406522.7419,5837286.4574],[32406453.2694,5837274.963],[32406358.5779,5837268.4266],[32406228.8585,5837259.4723],[32406197.371,5837258.973],[32406222.8603,5837223.9865],[32406242.3522,5837193.9982],[32406255.5965,5837167.5085],[32406271.0896,5837116.5286],[32406275.0876,5837089.0394],[32406273.338,5837064.0494],[32406262.5918,5837037.0603],[32406246.8477,5837008.5718],[32406225.8556,5836976.085],[32406206.113,5836945.0976],[32406251.6863,5836913.1037],[32406342.8072,5836849.1339],[32406330.5612,5836787.6585],[32406324.5632,5836756.6709],[32406318.5651,5836725.6833],[32406297.9062,5836744.0102],[32406287.5778,5836753.1728],[32406251.5923,5836754.6727],[32406179.6208,5836757.6726],[32406169.7845,5836708.5627],[32406143.3827,5836576.745],[32406185.3648,5836497.7758],[32406199.3589,5836471.2862],[32406236.3328,5836489.2443],[32406321.811,5836530.7608],[32406350.0499,5836539.257],[32406366.0436,5836541.256],[32406579.7086,5836542.7523],[32406560.9671,5836618.7224],[32406559.7179,5836637.7149],[32406561.9677,5836690.6938],[32406593.4555,5836710.6854],[32406626.6926,5836734.6754],[32406665.6776,5836766.6621],[32406710.9102,5836808.1449],[32406832.8633,5836926.5961],[32406849.8569,5836947.0877],[32406866.6006,5836971.0779],[32406878.3462,5836994.5684],[32406903.5875,5837086.0317],[32406980.807,5837103.5236],[32406965.2658,5837031.1005],[32406954.3158,5836980.0731],[32406990.0516,5836984.071],[32407052.5268,5836988.0685],[32407114.5021,5836982.07],[32407162.7328,5836974.5723],[32407172.9787,5836971.0736],[32407178.9762,5836964.5761],[32407180.2255,5836954.58],[32407176.9766,5836941.5852],[32407159.2333,5836911.5974],[32407138.4911,5836884.6084],[32407133.9927,5836872.1135],[32407137.4912,5836859.1186],[32407146.4874,5836845.6238],[32407158.2325,5836832.6288],[32407171.727,5836822.1328],[32407200.4653,5836805.639],[32407213.2101,5836796.1426],[32407223.9557,5836781.6482],[32407232.2021,5836761.1562],[32407237.6996,5836739.1649],[32407239.6985,5836719.1728],[32407235.6998,5836701.18],[32407223.7043,5836683.6871],[32407204.4618,5836668.6934],[32407177.9722,5836657.1983],[32407122.4941,5836646.7033],[32407038.2774,5836635.2091],[32406959.0588,5836627.2134],[32406919.0747,5836626.7141],[32406912.8273,5836632.212],[32406911.328,5836639.7091],[32406914.077,5836649.2053],[32406920.0748,5836659.701],[32406930.8207,5836672.1959],[32406954.2822,5836695.2403],[32406973.0545,5836713.6788],[32406978.5525,5836726.1737],[32406978.8026,5836740.668],[32406975.3042,5836757.6613],[32406962.8091,5836752.1636],[32406862.8483,5836708.1825],[32406842.6062,5836696.6874],[32406828.3617,5836685.1922],[32406817.6157,5836670.6981],[32406809.3688,5836652.7054],[32406804.8703,5836632.7134],[32406804.1203,5836612.7213],[32406807.8685,5836594.7284],[32406816.3649,5836578.2349],[32406831.1088,5836563.7404],[32406853.5997,5836553.2443],[32406884.8372,5836549.2454],[32407171.4733,5836559.2374],[32407152.4802,5836512.7561],[32407133.4871,5836466.2749],[32407114.494,5836419.7936],[32407095.5009,5836373.3124],[32407162.7236,5836335.8263],[32407186.9638,5836326.8296],[32407233.4453,5836320.8313],[32407259.4349,5836319.3315],[32407281.6761,5836320.3308],[32407307.4159,5836325.8282],[32407373.6398,5836345.3196],[32407412.8743,5836353.3158],[32407430.6173,5836353.3156],[32407446.361,5836350.8163],[32407456.8567,5836343.3192],[32407470.1372,5836324.6116],[32407503.3372,5836277.8445],[32407508.585,5836264.8496],[32407506.5855,5836248.856],[32407492.091,5836228.8642],[32407400.1264,5836141.4003],[32407380.8837,5836120.9087],[32407373.8863,5836104.9151],[32407373.886,5836088.4217],[32407380.1333,5836072.9278],[32407391.8785,5836058.9332],[32407616.5364,5835874.0035],[32407582.5497,5835857.5106],[32407566.3056,5835818.0265],[32407553.8102,5835793.0366],[32407539.5656,5835771.5454],[32407522.3222,5835753.5528],[32407501.5802,5835737.0596],[32407454.5985,5835709.5712],[32407418.6126,5835696.0771],[32407310.1553,5835664.5912],[32407335.1451,5835645.0986],[32407359.885,5835626.1058],[32407345.3397,5835610.8112],[32407335.6442,5835600.6162],[32407408.1262,5835523.7349],[32407463.3415,5835465.1683],[32407365.3796,5835406.6929],[32407325.8949,5835378.7046],[32407184.6996,5835272.249],[32407155.4609,5835246.7595],[32407069.9936,5835160.7949],[32407075.4913,5835152.798],[32407080.989,5835144.8011],[32407086.4867,5835136.8042],[32407091.9844,5835128.8073],[32407086.4859,5835080.3267],[32407080.9874,5835031.8461],[32407075.4889,5834983.3654],[32407069.9904,5834934.8848],[32407093.892,5834901.4509],[32407110.7234,5834877.9068],[32407150.2081,5834909.8936],[32407175.5132,5834925.3953],[32407205.6865,5834943.8793],[32407222.1802,5834957.8735],[32407235.4251,5834974.8665],[32407254.1681,5835004.8543],[32407263.4146,5835016.8494],[32407285.4061,5835034.3421],[32407297.9012,5835040.8394],[32407312.8953,5835045.8372],[32407351.8799,5835054.833],[32407371.1224,5835062.3298],[32407399.6113,5835078.323],[32407432.3488,5835113.3086],[32407491.0765,5835189.2776],[32407524.0639,5835223.7634],[32407538.058,5835204.271],[32407552.8019,5835188.2771],[32407570.2948,5835175.282],[32407599.533,5835163.7862],[32407642.7656,5835151.7903],[32407687.7475,5835140.2943],[32407748.973,5835127.2986],[32407800.2026,5835125.2986],[32407820.4446,5835127.7973],[32407853.9314,5835138.7925],[32407885.2396,5835152.6368],[32407903.6619,5835160.783],[32407922.1547,5835167.2802],[32407942.6466,5835172.2779],[32407965.8874,5835174.2768],[32407998.3743,5835168.2787],[32408083.59,5835141.2882],[32408119.0758,5835132.2913],[32408166.8067,5835126.293],[32408209.5397,5835124.2932],[32408232.5306,5835125.2925],[32408252.5226,5835128.291],[32408268.2664,5835132.789],[32408279.0123,5835139.786],[32408283.7605,5835149.2822],[32408284.5104,5835160.2778],[32408282.2614,5835170.2739],[32408277.7633,5835177.2711],[32408255.6892,5835188.9333],[32408238.0294,5835198.2634],[32408230.7824,5835206.2603],[32408226.5342,5835215.7566],[32408226.7843,5835224.2532],[32408233.7816,5835230.2507],[32408270.2672,5835243.7448],[32408281.0131,5835251.2417],[32408286.0113,5835264.2364],[32408283.7624,5835282.7291],[32408272.2676,5835321.7138],[32408260.2728,5835355.7004],[32408256.2747,5835376.1923],[32408258.0244,5835400.1828],[32408265.2718,5835422.6737],[32408282.2655,5835455.1606],[32408287.7635,5835470.6543],[32408287.5139,5835491.646],[32408281.7666,5835519.6349],[32408272.5207,5835550.1229],[32408204.0505,5835725.0544],[32408165.9775,5835743.8833],[32408089.8468,5835781.5335],[32408096.3444,5835795.0281],[32408102.842,5835808.5226],[32408109.3396,5835822.0172],[32408115.8372,5835835.5117],[32408088.3433,5835958.6505],[32408063.6113,5836069.4194],[32408044.1199,5836129.8957],[32408034.3742,5836153.8863],[32408014.8825,5836194.3704],[32408008.1355,5836213.363],[32408005.6367,5836233.3551],[32408007.8861,5836251.3479],[32408014.3837,5836265.842],[32408023.8801,5836276.3377],[32408035.3757,5836284.8342],[32408061.6737,5836295.9717],[32408099.1007,5836311.8225],[32408118.0933,5836325.8167],[32408130.5886,5836341.8102],[32408138.3357,5836358.3035],[32408140.835,5836375.2967],[32408137.8364,5836391.7902],[32408089.8573,5836517.241],[32408066.3677,5836586.7137],[32408044.3774,5836656.6862],[32408026.6354,5836719.6614],[32408011.8921,5836782.1367],[32408000.1478,5836850.1099],[32407990.9025,5836923.5808],[32407984.9059,5836992.0537],[32407980.409,5837085.0168],[32407975.4114,5837113.0057],[32407963.1668,5837145.9928],[32407947.6734,5837177.4805],[32407932.9296,5837201.9709],[32407853.4629,5837317.4261],[32407843.4671,5837335.9189],[32407836.2203,5837356.4109],[32407833.4717,5837376.403],[32407836.9705,5837391.397],[32407845.9671,5837401.8927],[32407856.9628,5837408.3899],[32407868.7081,5837408.8896],[32407879.9535,5837401.3924],[32407892.1984,5837382.3998],[32407905.9425,5837356.4099],[32407919.6867,5837330.42],[32407931.9316,5837312.9268],[32407942.4273,5837304.9298],[32407952.6732,5837301.9309],[32407962.1694,5837304.9296],[32407970.4163,5837315.4253],[32407972.6658,5837344.9135],[32407967.9184,5837395.3935],[32407953.9254,5837489.3563],[32407947.1785,5837520.3441],[32407937.9326,5837551.8317],[32407926.1878,5837586.3182],[32407859.7162,5837721.2655]]],[[[32409818.3881,5839690.5932],[32409791.7163,5839694.455],[32409767.7762,5839693.3001],[32409731.7153,5839689.0599],[32409693.3024,5839684.5431],[32409668.6453,5839682.8187],[32409627.7908,5839679.9614],[32409594.8039,5839675.9634],[32409560.0676,5839666.9675],[32409527.5803,5839654.9727],[32409502.0903,5839641.4785],[32409482.5978,5839625.9849],[32409466.6039,5839609.9915],[32409451.6096,5839591.9989],[32409389.8831,5839518.0292],[32409372.1399,5839501.0362],[32409355.6464,5839490.5406],[32409308.4149,5839472.0486],[32409260.9336,5839458.5547],[32409236.6932,5839455.5562],[32409173.7183,5839456.5567],[32409149.0394,5839458.4228],[32409100.9973,5839462.0556],[32409066.261,5839458.0576],[32409015.0312,5839445.5633],[32408988.0419,5839437.0671],[32408944.0591,5839417.0757],[32408925.8162,5839404.5809],[32408907.0734,5839390.0869],[32408886.3314,5839370.595],[32408864.8395,5839342.6064],[32408844.3471,5839303.1224],[32408827.3532,5839254.1421],[32408815.857,5839201.6632],[32408808.6091,5839150.6835],[32408802.1104,5839057.7206],[32408795.8607,5838903.2821],[32408792.8614,5838872.7943],[32408787.6131,5838845.3053],[32408779.6159,5838819.8155],[32408769.3697,5838795.3254],[32408755.6248,5838770.3355],[32408725.8859,5838723.3546],[32408717.6389,5838704.8621],[32408715.1397,5838688.8685],[32408716.1391,5838672.3751],[32408720.3872,5838656.3814],[32408728.6337,5838641.887],[32408813.3484,5838532.9291],[32408873.8219,5838361.9962],[32408896.0622,5838307.0178],[32408926.6737,5838245.7925],[32408983.0251,5838133.0857],[32409006.2653,5838095.6003],[32409034.2538,5838064.6122],[32409070.3163,5838032.2197],[32409117.7195,5837989.6408],[32409169.4483,5837945.6576],[32409173.9459,5837908.6722],[32409179.1937,5837896.1771],[32409196.6864,5837877.6842],[32409287.2245,5837795.6211],[32409330.1316,5837756.7304],[32409345.3753,5837736.2383],[32409350.1231,5837716.2462],[32409342.8758,5837702.7517],[32409328.6314,5837698.2537],[32409312.3879,5837699.7533],[32409298.3935,5837704.2517],[32409282.8998,5837714.7477],[32409215.9273,5837776.7241],[32409201.6832,5837787.7199],[32409183.4405,5837796.2168],[32409160.4498,5837800.2155],[32409131.4613,5837799.2163],[32409066.9868,5837791.2204],[32409022.7552,5837843.2004],[32408978.7733,5837884.6845],[32408946.5365,5837912.1741],[32408914.7995,5837936.6648],[32408804.5532,5838012.4279],[32408760.6123,5838042.6248],[32408739.6209,5838055.62],[32408719.3766,5838071.2575],[32408703.3857,5838083.6094],[32408684.6433,5838092.606],[32408659.1535,5838096.6048],[32408628.9155,5838094.1062],[32408601.1764,5838087.1094],[32408580.9344,5838080.1125],[32408573.1874,5838076.614],[32408535.7018,5838043.6276],[32408394.7557,5837890.6905],[32408386.5091,5837894.689],[32408378.7622,5837896.1885],[32408371.515,5837892.69],[32408313.0375,5837839.7119],[32408285.0483,5837817.2213],[32408258.0588,5837800.7282],[32408229.3201,5837786.7342],[32408216.3248,5837754.7471],[32408210.5768,5837735.2549],[32408199.58,5837656.2865],[32408195.0815,5837634.7951],[32408186.8345,5837614.3033],[32408158.8449,5837564.3236],[32408189.5824,5837544.3311],[32408259.0558,5837619.3003],[32408272.5506,5837627.7968],[32408281.547,5837627.7966],[32408306.7868,5837618.3],[32408320.5314,5837619.7992],[32408348.2705,5837633.7933],[32408365.014,5837639.7907],[32408384.7561,5837640.79],[32408403.4986,5837638.2907],[32408417.7429,5837631.7931],[32408374.0088,5837529.8343],[32408362.7628,5837497.3473],[32408354.7657,5837475.3562],[32408352.2663,5837451.3658],[32408353.7653,5837424.3765],[32408358.2631,5837392.3891],[32408367.0091,5837358.4025],[32408380.2534,5837325.9153],[32408398.0111,5837289.1799],[32408431.2316,5837220.4565],[32408486.2083,5837118.996],[32408486.9573,5837073.0143],[32408493.9539,5837029.0317],[32408510.4466,5836982.5499],[32408535.1863,5836944.5647],[32408562.425,5836916.5754],[32408587.4148,5836894.5838],[32408606.157,5836874.5915],[32408627.398,5836838.6055],[32408633.1455,5836822.112],[32408635.8942,5836805.1187],[32408638.1376,5836739.0708],[32408639.3913,5836702.1596],[32408648.3871,5836658.6768],[32408655.8838,5836636.6854],[32408677.6249,5836616.693],[32408712.8605,5836591.2027],[32408754.8434,5836565.7122],[32408795.8268,5836547.219],[32408857.8633,5836524.3191],[32408966.8401,5836484.0919],[32409005.2424,5836472.2458],[32409048.4751,5836463.7485],[32409088.709,5836459.7496],[32409122.1957,5836458.7495],[32409161.1802,5836460.2483],[32409176.1743,5836463.2469],[32409188.6694,5836469.7442],[32409197.9159,5836481.2395],[32409200.665,5836494.2342],[32409196.4168,5836505.2299],[32409178.1744,5836525.2222],[32409155.1838,5836545.2146],[32409143.9385,5836557.21],[32409136.1918,5836571.2046],[32409134.1928,5836585.6988],[32409137.4416,5836597.1942],[32409144.6889,5836606.6903],[32409154.9349,5836615.6866],[32409170.4289,5836623.1834],[32409239.7914,5836642.7096],[32409255.6453,5836647.1726],[32409267.3907,5836653.1701],[32409273.0312,5836660.0841],[32409275.1378,5836662.6662],[32409276.8873,5836675.1612],[32409271.8894,5836687.1565],[32409259.3946,5836698.1523],[32409238.6529,5836707.149],[32409214.4126,5836710.648],[32409191.6717,5836709.1489],[32409153.9365,5836700.153],[32409127.447,5836697.1546],[32409117.9509,5836700.1535],[32409110.9538,5836709.1501],[32409109.4545,5836720.6455],[32409115.4523,5836729.6419],[32409126.6979,5836737.6385],[32409140.6925,5836744.6355],[32409178.6775,5836759.1292],[32409200.669,5836771.6239],[32409222.1607,5836790.6161],[32409239.6541,5836815.6059],[32409250.6501,5836840.096],[32409258.6473,5836866.5854],[32409242.1539,5836874.0826],[32409229.659,5836882.0796],[32409222.1622,5836892.0757],[32409203.4204,5836945.0549],[32409200.8926,5836961.6021],[32409196.7538,5836988.5887],[32409181.4312,5837088.4982],[32409143.9461,5837085.9997],[32409093.9672,5837170.1336],[32408994.0093,5837338.4015],[32409022.2481,5837339.9005],[32409050.7368,5837338.9005],[32409083.4737,5837333.902],[32409110.4628,5837325.9048],[32409129.2052,5837316.4083],[32409151.3386,5837302.8128],[32409195.9281,5837275.4237],[32409231.9597,5837249.7139],[32409288.3904,5837209.4486],[32409302.1348,5837203.9506],[32409314.6298,5837204.4502],[32409324.9893,5837208.8583],[32409339.1203,5837218.4443],[32409352.6151,5837231.4389],[32409365.8601,5837248.432],[32409375.8564,5837266.9245],[32409380.8546,5837284.4175],[32409378.8556,5837297.4123],[32409371.1088,5837304.4097],[32409360.8629,5837305.9092],[32409351.1168,5837304.4099],[32409327.4521,5837284.7796],[32409307.1337,5837267.9251],[32409297.1377,5837265.4262],[32409289.8907,5837271.4239],[32409284.8928,5837281.9198],[32409271.6487,5837326.4023],[32409262.6526,5837345.8947],[32409250.9075,5837365.8869],[32409232.915,5837388.878],[32409185.1847,5837437.8592],[32409167.1921,5837454.3529],[32409106.4669,5837499.8357],[32409093.2224,5837514.83],[32409087.7248,5837528.3247],[32409085.7258,5837541.8193],[32409087.2254,5837554.8141],[32409092.2235,5837566.3095],[32409100.7203,5837575.8056],[32409112.4657,5837581.3032],[32409127.4598,5837582.8024],[32409145.2027,5837580.803],[32409163.1954,5837573.8055],[32409178.1893,5837563.3095],[32409192.4334,5837549.8146],[32409192.6831,5837536.8198],[32409197.1812,5837525.3243],[32409207.9268,5837515.8279],[32409298.1405,5837486.3384],[32409324.6298,5837474.8425],[32409461.5405,5837386.6806],[32409493.0612,5837366.3833],[32409506.5558,5837364.3839],[32409519.0508,5837367.3825],[32409529.7967,5837375.879],[32409554.5373,5837405.3669],[32409566.5326,5837414.8629],[32409573.7798,5837416.3622],[32409582.0265,5837414.8627],[32409590.2731,5837407.8654],[32409601.281,5837394.3714],[32409613.5134,5837379.3764],[32409602.2675,5837353.3869],[32409601.2678,5837342.8911],[32409612.7925,5837309.756],[32409625.2572,5837273.9181],[32409637.5017,5837224.4376],[32409651.9953,5837179.9551],[32409718.219,5837189.4504],[32409739.9594,5837123.4763],[32409764.1991,5837074.4951],[32409794.7977,5837045.3702],[32409841.5969,5839572.7458],[32409843.6106,5839681.346],[32409818.3881,5839690.5932]]],[[[32390594.986,5848210.8363],[32390509.2691,5848140.8653],[32390413.806,5848066.8961],[32390235.875,5847944.9471],[32390139.1624,5847872.9771],[32390055.4447,5847807.0045],[32390004.7143,5847764.5221],[32389972.9766,5847740.5321],[32389938.2401,5847719.0411],[32389899.0054,5847698.5498],[32389873.5155,5847695.5514],[32389786.55,5847692.054],[32389702.3332,5847675.0619],[32389644.3561,5847659.0691],[32389584.8794,5847639.0779],[32389271.0024,5847513.6322],[32389154.7979,5847471.7633],[32389051.8384,5847434.6667],[32388972.6195,5847403.6801],[32388919.3903,5847380.1902],[32388842.1704,5847338.208],[32388799.1871,5847311.7191],[32388756.2038,5847281.7317],[32388716.9689,5847251.2443],[32388680.2331,5847219.2576],[32388642.2476,5847181.2732],[32388598.5143,5847133.2929],[32388553.7813,5847076.3162],[32388517.295,5847022.3382],[32388484.0574,5846965.8611],[32388459.5664,5846911.8829],[32388423.3294,5846812.423],[32388381.5947,5846723.9588],[32388321.1173,5846621.5004],[32388261.3896,5846524.5398],[32388220.6548,5846453.0688],[32388201.4118,5846408.0869],[32388191.6652,5846376.0998],[32388187.6665,5846350.61],[32388186.6665,5846323.1209],[32388190.4145,5846289.6342],[32388200.6597,5846242.6528],[32388217.1524,5846191.173],[32388237.6436,5846141.1926],[32388262.6329,5846090.7123],[32388293.3699,5846036.7334],[32388328.8551,5845984.7536],[32388396.3271,5845903.7848],[32388419.0676,5845873.7964],[32388438.0596,5845839.8097],[32388458.5508,5845797.3263],[32388475.0436,5845754.3432],[32388481.7904,5845717.3578],[32388479.0411,5845689.369],[32388470.7941,5845668.3774],[32388457.0493,5845653.3836],[32388437.8069,5845644.3874],[32388413.0667,5845641.8888],[32388385.8276,5845646.3874],[32388359.0883,5845654.8844],[32388310.312,5845679.4011],[32388263.627,5845702.8666],[32388247.8833,5845707.8648],[32388232.8893,5845709.3645],[32388221.1439,5845703.8668],[32388213.8966,5845690.8721],[32388206.8989,5845657.3855],[32388205.6491,5845642.3915],[32388207.3982,5845627.8972],[32388213.8954,5845612.4033],[32388225.3906,5845595.9097],[32388238.6351,5845580.9155],[32388265.6241,5845559.4236],[32388280.8678,5845543.9296],[32388290.8636,5845527.9358],[32388288.371,5845514.344],[32388271.1212,5845510.9429],[32388243.1325,5845518.4403],[32388194.1522,5845539.9324],[32388173.1608,5845555.4265],[32388110.6865,5845610.4055],[32388086.1965,5845628.8985],[32388068.2037,5845637.8952],[32388050.9607,5845641.8938],[32388035.7167,5845639.8948],[32388023.2215,5845631.3984],[32388017.9734,5845614.905],[32388021.7216,5845593.9133],[32388032.9668,5845571.9219],[32388049.7099,5845552.9292],[32388084.4348,5845528.8882],[32388134.1754,5845494.4513],[32388161.6141,5845464.5174],[32388191.9016,5845431.4756],[32388263.1224,5845367.9998],[32388314.1014,5845318.5188],[32388330.8444,5845298.5265],[32388337.5058,5845285.9235],[32388340.0905,5845281.0334],[32388344.8384,5845263.0404],[32388345.088,5845246.0472],[32388340.5896,5845232.0528],[32388331.8429,5845220.0577],[32388318.8479,5845207.5629],[32388302.8541,5845196.5675],[32388284.6112,5845189.0707],[32388263.3697,5845186.572],[32388240.1289,5845188.0717],[32388218.1377,5845191.5706],[32388187.65,5845199.5679],[32388176.1545,5845201.0675],[32388174.9612,5845200.8095],[32388166.9082,5845199.0684],[32388159.9109,5845191.5715],[32388157.1618,5845179.5763],[32388159.4107,5845166.0816],[32388170.9057,5845135.0938],[32388253.6203,5844963.6608],[32388274.6112,5844910.6816],[32388320.0909,5844752.7438],[32388334.5846,5844715.7583],[32388353.5764,5844674.2745],[32388374.8175,5844639.2882],[32388397.558,5844611.7988],[32388443.8875,5844565.0969],[32388459.5608,5844551.7114],[32388509.7619,5844508.8382],[32388522.7566,5844495.3434],[32388531.253,5844482.8482],[32388563.4894,5844426.3702],[32388583.231,5844388.3851],[32388596.4753,5844357.3972],[32388616.7163,5844288.9242],[32388626.2122,5844266.9328],[32388637.2075,5844248.9398],[32388648.9527,5844237.944],[32388661.6975,5844230.4468],[32388675.6919,5844224.9488],[32388693.1849,5844219.9505],[32388716.1757,5844216.4516],[32388744.1645,5844216.951],[32388777.1515,5844222.9482],[32388819.3849,5844239.441],[32388867.866,5844264.9302],[32388912.0988,5844291.419],[32388941.3375,5844310.9109],[32389125.5161,5844438.8574],[32389225.4773,5844505.8294],[32389253.7164,5844526.8206],[32389271.7094,5844543.3138],[32389279.7064,5844556.8083],[32389281.456,5844572.8019],[32389280.9565,5844594.2934],[32389277.958,5844618.2839],[32389267.9627,5844668.2642],[32389264.4646,5844702.7505],[32389262.9658,5844744.234],[32389264.216,5844791.2153],[32389269.9644,5844838.6963],[32389280.2109,5844880.1797],[32389300.4536,5844934.6577],[32389330.1926,5844989.6354],[32389353.4339,5845028.6196],[32389371.6771,5845056.6082],[32389396.4178,5845099.091],[32389406.1644,5845130.0785],[32389408.6639,5845165.0646],[32389405.9153,5845182.5576],[32389400.1678,5845200.0508],[32389385.4241,5845230.039],[32389358.4353,5845264.0259],[32389339.1933,5845285.0178],[32389317.7024,5845325.0022],[32389301.9592,5845360.4883],[32389292.7133,5845392.9755],[32389288.4657,5845439.4571],[32389289.4655,5845459.9489],[32389293.9641,5845482.4399],[32389301.9612,5845505.9304],[32389312.7073,5845526.9219],[32389325.9523,5845544.9146],[32389341.4463,5845559.4086],[32389358.1898,5845571.9034],[32389393.1762,5845590.3956],[32389419.0384,5845599.2658],[32389496.6356,5845625.88],[32389511.6296,5845628.8786],[32389590.5985,5845647.8699],[32389627.8339,5845660.8643],[32389652.5742,5845674.3585],[32389669.0679,5845688.8525],[32389690.5598,5845719.3401],[32389698.5569,5845738.3324],[32389703.3053,5845759.324],[32389706.0545,5845783.3144],[32389711.8036,5845874.778],[32389718.3022,5845960.7437],[32389724.8009,5846049.7082],[32389724.8013,5846076.1977],[32389713.057,5846144.6706],[32389692.5665,5846239.6331],[32389690.3177,5846263.1238],[32389691.0677,5846285.6148],[32389695.0664,5846303.6076],[32389703.8131,5846316.6023],[32389718.5574,5846326.0983],[32389739.0493,5846331.5959],[32389764.5392,5846333.0949],[32389834.0115,5846328.5957],[32389867.4981,5846323.5973],[32389890.239,5846316.5997],[32389920.9765,5846296.6072],[32389945.2165,5846277.1147],[32389955.7123,5846272.1165],[32389968.957,5846271.6165],[32389996.946,5846277.1139],[32390010.9405,5846281.6119],[32390028.8266,5846289.8895],[32390041.1787,5846295.606],[32390069.4178,5846322.5948],[32390081.913,5846333.0905],[32390097.1571,5846343.0863],[32390120.1481,5846354.5814],[32390148.1371,5846365.0768],[32390178.875,5846370.5742],[32390276.3365,5846383.7215],[32390328.7356,5846390.79],[32390390.0414,5846399.0599],[32390415.7813,5846405.0572],[32390439.0222,5846413.5534],[32390457.515,5846424.5488],[32390471.2597,5846438.0433],[32390481.5058,5846452.5373],[32390489.5029,5846468.5309],[32390495.5008,5846487.5232],[32390502.3762,5846530.3708],[32390506.2475,5846554.4964],[32390512.4953,5846576.4876],[32390531.4884,5846622.9688],[32390514.4953,5846630.4661],[32390494.0035,5846633.965],[32390471.0126,5846634.4651],[32390446.5223,5846632.9661],[32390422.5318,5846629.4678],[32390349.5606,5846613.975],[32390325.0703,5846611.9761],[32390304.8284,5846613.9756],[32390287.3354,5846619.4737],[32390271.3419,5846628.4703],[32390259.3469,5846642.4649],[32390253.0996,5846658.4586],[32390250.6009,5846677.9509],[32390247.8522,5846693.4448],[32390248.1023,5846710.438],[32390252.6009,5846731.9294],[32390262.5972,5846752.9209],[32390274.5927,5846769.4142],[32390289.0871,5846783.9082],[32390387.049,5846841.384],[32390475.5143,5846874.8694],[32390512.3217,5846882.5135],[32390540.4887,5846888.3631],[32390579.9732,5846902.8568],[32390714.4206,5846965.8299],[32390747.4078,5846984.3221],[32390761.6523,5846997.8165],[32390766.9004,5847011.8108],[32390764.9014,5847027.8045],[32390757.4047,5847046.2973],[32390744.66,5847061.7913],[32390713.6725,5847079.7846],[32390702.4272,5847091.2801],[32390694.9304,5847106.7741],[32390690.1825,5847123.2676],[32390688.6834,5847141.2604],[32390691.1827,5847161.7523],[32390696.9307,5847183.2436],[32390704.6779,5847203.7354],[32390715.4239,5847222.7277],[32390729.9184,5847237.7215],[32390776.1504,5847269.7081],[32390807.3883,5847286.2011],[32390842.3746,5847300.6949],[32390889.8559,5847314.6886],[32390951.8315,5847329.6818],[32391074.7829,5847355.6697],[32391126.7624,5847361.1668],[32391176.7425,5847361.6659],[32391228.9717,5847358.1666],[32391252.4622,5847349.6696],[32391275.4529,5847339.1735],[32391292.7963,5847329.2136],[32391321.934,5847309.1847],[32391337.9274,5847294.6903],[32391363.2786,5847261.4022],[32391363.9443,5847260.5281],[32391375.9116,5847245.2094],[32391388.6564,5847234.7134],[32391429.6399,5847221.2182],[32391473.1225,5847211.7214],[32391491.865,5847211.7211],[32391515.6056,5847215.7192],[32391557.839,5847227.214],[32391561.7972,5847227.0587],[32391557.2204,5847238.4094],[32391556.3426,5847254.2944],[32391560.1755,5847277.3464],[32391565.8159,5847286.5404],[32391578.9732,5847292.179],[32391625.8866,5847300.3259],[32391714.0824,5847315.6419],[32391736.512,5847314.368],[32391730.459,5847208.472],[32391721.1149,5847155.0527],[32391784.6013,5847159.4234],[32391881.5761,5847163.3881],[32391935.3431,5847184.4351],[32391983.7332,5847179.5418],[32392025.1525,5847179.2265],[32392047.8933,5847166.2314],[32392085.128,5847129.7454],[32392115.0945,5847067.5681],[32392136.5961,5847031.4591],[32392167.8041,5847007.8114],[32392209.4431,5846986.4371],[32392263.6181,5846971.8001],[32392319.2911,5846967.1661],[32392366.026,5846976.6902],[32392421.652,5846993.982],[32392474.5145,5847027.2546],[32392503.504,5847054.724],[32392531.827,5847095.514],[32392643.9491,5847275.8351],[32392659.4291,5847294.4971],[32392680.39,5847313.156],[32392703.797,5847327.88],[32392740.944,5847344.252],[32392765.169,5847349.075],[32392793.076,5847350.941],[32392852.8122,5847342.757],[32392886.9843,5847334.6453],[32392935.675,5847325.838],[32392989.838,5847330.214],[32393024.751,5847343.725],[32393060.5,5847368.966],[32393077.508,5847383.329],[32393023.8262,5847424.333],[32393010.7641,5847417.118],[32392983.2749,5847406.6225],[32392966.3306,5847402.887],[32392951.5374,5847399.6258],[32392924.0483,5847397.1272],[32392905.8055,5847397.6272],[32392889.0622,5847399.1269],[32392857.6491,5847418.7502],[32392803.674,5847447.3253],[32392746.5239,5847467.4337],[32392713.7155,5847474.842],[32392683.0237,5847469.5503],[32392659.2112,5847457.6441],[32392570.7079,5847381.047],[32392553.6422,5847355.647],[32392535.7828,5847333.0251],[32392515.1453,5847315.9594],[32392499.3714,5847300.5096],[32392465.121,5847289.8577],[32392409.5763,5847284.6062],[32392385.3669,5847284.6062],[32392335.3605,5847295.7187],[32392313.1196,5847296.9208],[32392259.5609,5847287.6801],[32392178.3431,5847281.1838],[32392099.8742,5847278.6859],[32392043.3967,5847280.6859],[32392006.6614,5847287.6837],[32391974.1745,5847297.1803],[32391947.4353,5847307.6765],[32391926.6937,5847318.1726],[32391900.7041,5847327.6692],[32391827.2336,5847344.6635],[32391799.9945,5847352.6607],[32391783.6416,5847362.4391],[32391775.7544,5847367.1553],[32391747.7659,5847391.6459],[32391725.2752,5847418.1357],[32391717.2787,5847438.6277],[32391724.0261,5847447.624],[32391737.5208,5847448.6234],[32391777.7547,5847440.626],[32391823.5304,5847427.6154],[32391874.9656,5847410.6366],[32391900.2055,5847405.1384],[32391951.1852,5847408.1365],[32391983.9223,5847413.6339],[32392018.1588,5847421.6302],[32392051.3958,5847433.625],[32392083.6331,5847447.6189],[32392114.6211,5847464.6117],[32392144.8593,5847483.6038],[32392171.8489,5847506.0944],[32392195.5899,5847532.5836],[32392244.0715,5847596.0576],[32392280.3077,5847639.04],[32392375.0215,5847742.4975],[32392441.9959,5847807.9705],[32392478.7336,5847852.2097],[32392512.9689,5847893.4355],[32392549.2049,5847925.9221],[32392578.9434,5847946.4135],[32392588.6896,5847949.4122],[32392601.6844,5847950.9114],[32392613.88,5847948.7334],[32392615.6788,5847948.4122],[32392660.3621,5847917.848],[32392677.8908,5847902.3037],[32392688.0135,5847886.8615],[32392715.594,5847819.6212],[32392748.667,5847799.7775],[32392784.3858,5847806.3921],[32392818.7817,5847832.8504],[32392872.5758,5847889.432],[32392871.4075,5847902.1562],[32392870.3271,5847913.9223],[32392873.0764,5847939.4121],[32392883.0727,5847963.9023],[32392895.3183,5847991.891],[32392910.4925,5848049.4243],[32392913.3121,5848060.8633],[32392926.7333,5848104.4052],[32392936.2953,5848135.427],[32392947.0503,5848170.3192],[32392954.2976,5848180.3152],[32392964.0208,5848189.801],[32393049.0105,5848538.684],[32392968.4708,5848578.9555],[32392968.0476,5848558.1647],[32392934.8104,5848530.6761],[32392884.0799,5848484.6951],[32392827.1017,5848429.7177],[32392775.1216,5848376.2398],[32392725.3906,5848317.7637],[32392691.454,5848275.1108],[32392617.4315,5848181.3195],[32392590.7968,5848149.4715],[32392570.1995,5848124.8427],[32392506.7238,5848060.3692],[32392361.3959,5847924.2254],[32392249.5725,5847819.4687],[32392179.5043,5847749.6228],[32392090.6334,5847661.0339],[32392046.6504,5847625.5487],[32392011.4141,5847604.0577],[32391981.9257,5847591.0633],[32391953.6868,5847584.5663],[32391922.1993,5847581.5679],[32391891.2116,5847582.0682],[32391878.9765,5847583.9152],[32391864.7222,5847586.0669],[32391808.7447,5847603.5608],[32391702.5375,5847644.546],[32391638.8132,5847666.0383],[32391585.0847,5847676.5349],[32391543.3513,5847676.0357],[32391499.8684,5847667.0399],[32391441.3914,5847645.0494],[32391327.8475,5847592.22],[32391181.7434,5847528.1141],[32391003.5627,5847454.6314],[32390723.1726,5847343.6794],[32390667.4432,5847319.1894],[32390611.7162,5847294.7005],[32390576.7299,5847283.2056],[32390516.2538,5847272.7106],[32390327.0787,5847249.2226],[32390265.853,5847244.7252],[32390203.1279,5847242.2271],[32390173.1397,5847237.7293],[32390143.6514,5847230.2327],[32390109.6647,5847214.7393],[32390070.4299,5847190.7494],[32389991.4605,5847132.2738],[32389958.9729,5847100.287],[32389914.4962,5847040.7958],[32389881.2523,5846996.3294],[32389835.0162,5846946.0472],[32389712.8167,5846818.9024],[32389609.657,5846717.9945],[32389449.1679,5846561.0087],[32389360.7018,5846471.0457],[32389316.9686,5846432.0618],[32389311.3082,5846427.2474],[32389273.4853,5846395.0771],[32389240.9979,5846370.5873],[32389215.5079,5846357.5929],[32389187.0191,5846349.5964],[32389158.5303,5846345.5984],[32389111.2991,5846343.1001],[32389042.5763,5846336.6036],[32389010.0892,5846336.6041],[32388876.2017,5846342.1038],[32388803.1716,5846345.1036],[32388782.6798,5846349.6021],[32388766.9362,5846359.0985],[32388755.4411,5846375.5921],[32388748.1943,5846399.0829],[32388746.1955,5846429.071],[32388755.1927,5846483.5492],[32388807.9248,5846694.4645],[32388832.4165,5846798.9227],[32388847.9112,5846856.3996],[32388860.9066,5846893.8845],[32388873.1519,5846911.8771],[32388887.8963,5846924.372],[32388904.6397,5846932.3686],[32388922.6327,5846938.3659],[32388947.3729,5846943.8634],[32389074.5727,5846968.8517],[32389118.3054,5846979.3469],[32389153.5416,5846990.342],[32389181.7805,5847002.3368],[32389205.7712,5847015.3313],[32389229.7619,5847030.8248],[32389254.5023,5847049.3171],[32389294.9867,5847082.3035],[32389310.9806,5847101.2957],[32389330.2233,5847127.7849],[32389352.9646,5847153.7742],[32389378.7047,5847170.7671],[32389440.6804,5847196.7559],[32389511.1529,5847232.2408],[32389537.1428,5847248.7339],[32389550.3877,5847261.2287],[32389571.6296,5847288.7175],[32389596.62,5847307.2098],[32389631.6063,5847326.2017],[32389668.342,5847343.1944],[32389698.3302,5847354.6894],[32389722.8206,5847366.6843],[32389745.5618,5847382.1778],[32389768.8029,5847401.17],[32389822.7816,5847418.1624],[32389841.7742,5847427.6584],[32389853.2698,5847436.6547],[32389863.266,5847447.6502],[32389885.7575,5847481.6363],[32389939.4866,5847509.1246],[32390092.9268,5847595.5881],[32390164.6489,5847640.0694],[32390274.8562,5847714.5382],[32390328.3355,5847754.5215],[32390389.312,5847804.5008],[32390457.2858,5847865.4756],[32390522.2609,5847928.9494],[32390577.2398,5847985.4262],[32390647.2131,5848063.3942],[32390683.6993,5848106.8764],[32390717.4365,5848152.8576],[32390741.9274,5848195.3404],[32390763.9486,5848249.5668],[32390818.15,5848397.259],[32390594.986,5848210.8363]],[[32389714.8122,5846559.0057],[32389701.0678,5846567.5026],[32389691.8217,5846584.4959],[32389685.0748,5846608.4865],[32389711.3148,5846642.4726],[32389730.3076,5846663.9638],[32389813.9903,5846754.8872],[32389866.0057,5846811.4032],[32389909.2391,5846852.8861],[32389972.7147,5846908.8629],[32390066.4286,5846987.8302],[32390080.4231,5846994.8272],[32390096.1669,5846999.3252],[32390111.6608,5846999.8248],[32390124.9054,5846996.326],[32390135.4012,5846989.8285],[32390150.1451,5846974.3344],[32390144.1471,5846947.845],[32390132.1514,5846914.8583],[32390120.9055,5846891.3678],[32390102.4124,5846860.8802],[32390073.1735,5846822.3959],[32390028.4406,5846775.4153],[32389971.4625,5846724.4363],[32389910.2362,5846675.4567],[32389852.7584,5846633.974],[32389804.5272,5846601.9874],[32389765.5423,5846578.4973],[32389735.8039,5846563.5037],[32389714.8122,5846559.0057]],[[32389017.8242,5845507.4338],[32389001.081,5845510.9327],[32388984.3377,5845519.9293],[32388967.0948,5845534.9236],[32388951.8511,5845552.4169],[32388936.8574,5845573.9085],[32388921.8636,5845588.9028],[32388904.3707,5845601.398],[32388885.1285,5845610.8945],[32388865.3865,5845617.892],[32388807.9094,5845626.8892],[32388770.4244,5845629.8886],[32388741.186,5845630.8886],[32388727.4415,5845633.3878],[32388712.4476,5845639.3856],[32388695.4545,5845650.3815],[32388682.4599,5845665.8755],[32388678.9616,5845685.3678],[32388687.7083,5845704.3601],[32388705.4515,5845720.8533],[32388728.9424,5845734.8474],[32388886.1308,5845796.3207],[32389285.2241,5845938.7585],[32389308.9648,5845945.2556],[32389330.2064,5845948.7539],[32389349.1988,5845949.2534],[32389365.6922,5845945.2548],[32389390.4322,5845933.759],[32389410.1742,5845919.7643],[32389425.1679,5845901.2715],[32389432.9145,5845879.7799],[32389436.4128,5845857.2888],[32389434.4133,5845834.7978],[32389426.1663,5845814.306],[32389407.4235,5845796.8133],[32389381.1837,5845784.3186],[32389347.9468,5845774.323],[32389324.7059,5845764.8271],[32389277.4743,5845740.3375],[32389253.2337,5845722.345],[32389209.0007,5845679.8626],[32389177.5126,5845635.3807],[32389130.7803,5845577.9042],[32389103.2909,5845548.4163],[32389076.5511,5845524.926],[32389053.81,5845511.9315],[32389035.0674,5845507.9334],[32389017.8242,5845507.4338]]],[[[32409309.0306,5843880.9214],[32409233.1931,5843871.0351],[32409151.0696,5843844.4639],[32409068.149,5843792.9618],[32409002.5801,5843713.8358],[32408977.6513,5843642.3648],[32408950.6738,5843575.4738],[32408906.2237,5843508.7987],[32408820.4985,5843431.011],[32408747.4734,5843378.6234],[32408683.8883,5843352.9656],[32408636.6358,5843351.0123],[32408591.8981,5843359.5734],[32408558.5605,5843346.8734],[32408525.2229,5843321.4733],[32408487.1228,5843277.0232],[32408458.5478,5843177.0105],[32408435.6407,5843129.8176],[32408407.7477,5843080.1728],[32408372.8226,5843050.0103],[32408310.91,5843010.3227],[32408254.5008,5842980.6922],[32408225.1848,5842932.535],[32408215.0341,5842903.6561],[32408180.0733,5842912.4928],[32408145.6774,5842915.1386],[32408109.9585,5842908.524],[32408074.2397,5842887.3573],[32408043.8126,5842878.0969],[32408011.6562,5842886.136],[32407965.9987,5842828.7323],[32407920.5161,5842779.2527],[32407873.5341,5842734.771],[32407826.5523,5842699.2858],[32407762.6879,5842657.9141],[32407711.5969,5842624.8171],[32407688.8557,5842604.3255],[32407665.8644,5842578.836],[32407644.1226,5842549.8478],[32407626.6291,5842518.8604],[32407602.1381,5842464.8822],[32407593.6411,5842441.8915],[32407585.5444,5842413.1048],[32407571.1489,5842361.9237],[32407560.6526,5842332.9353],[32407549.4068,5842308.4452],[32407534.6623,5842287.4538],[32407495.4273,5842247.9701],[32407528.6632,5842184.9946],[32407535.1603,5842164.0029],[32407532.9111,5842158.5051],[32407415.956,5842047.5509],[32407385.2178,5842019.5625],[32407359.9775,5842000.0706],[32407351.231,5841997.0719],[32407345.7332,5842000.0708],[32407336.4872,5842019.5632],[32407301.5023,5842102.5307],[32407278.761,5842079.5402],[32407251.5214,5842048.5529],[32407225.0314,5842010.5684],[32407204.5389,5841966.5861],[32407190.2939,5841920.1048],[32407178.5479,5841874.1233],[32407170.5504,5841832.6399],[32407166.0517,5841799.1533],[32407164.302,5841772.1641],[32407165.5508,5841722.6837],[32407169.299,5841700.1926],[32407175.2963,5841679.7007],[32407185.0421,5841660.7081],[32407200.5356,5841639.7162],[32407223.2762,5841613.2265],[32407251.0148,5841585.2372],[32407279.753,5841562.2459],[32407361.4696,5841502.2686],[32407376.2135,5841487.2744],[32407385.7095,5841471.7804],[32407395.5619,5841443.0234],[32407404.451,5841404.8068],[32407407.4495,5841382.3157],[32407408.4488,5841362.8235],[32407406.9491,5841343.3312],[32407402.2007,5841318.3412],[32407380.9581,5841248.3694],[32407363.2144,5841201.3883],[32407324.2286,5841109.4255],[32407311.4832,5841081.9366],[32407301.2371,5841065.4433],[32407287.2424,5841051.9489],[32407269.9992,5841042.4529],[32407249.7572,5841037.955],[32407130.8043,5841026.961],[32407078.8249,5841018.4651],[32407028.8446,5841004.9712],[32406983.3624,5840987.9786],[32406944.3776,5840968.4869],[32406911.6403,5840942.9975],[32406882.6513,5840911.0107],[32406857.9106,5840874.0257],[32406837.6681,5840835.0415],[32406814.6764,5840779.0641],[32406787.1863,5840703.5946],[32406746.5099,5840578.1504],[32406733.7051,5840538.6609],[32406716.9611,5840496.6779],[32406700.2172,5840459.6928],[32406687.7219,5840436.2024],[32406675.2266,5840422.7079],[32406657.4835,5840411.7125],[32406637.7413,5840403.716],[32406618.249,5840399.7179],[32406600.506,5840400.2179],[32406566.5197,5840407.7154],[32406550.0263,5840409.7148],[32406533.2829,5840407.7159],[32406516.7894,5840401.7185],[32406501.7952,5840392.7223],[32406489.3,5840379.7276],[32406475.3053,5840360.2356],[32406437.0696,5840301.2596],[32406402.3325,5840236.7857],[32406361.5977,5840167.314],[32406340.6059,5840159.3174],[32406306.3694,5840151.8209],[32406290.1259,5840153.8203],[32406250.142,5840164.8165],[32406231.8995,5840184.309],[32406226.1519,5840194.3051],[32406217.6557,5840222.7939],[32406209.9091,5840238.7877],[32406199.4135,5840255.2813],[32406233.1504,5840277.7718],[32406267.3872,5840303.761],[32406306.3721,5840336.7473],[32406477.5563,5840494.1823],[32406519.0404,5840534.1658],[32406549.029,5840569.6512],[32406579.7674,5840611.6341],[32406606.2575,5840653.1172],[32406623.751,5840685.1042],[32406674.2324,5840787.063],[32406752.4536,5840939.0014],[32406769.6973,5840977.9856],[32406790.1899,5841031.4641],[32406790.4404,5841073.9472],[32406792.69,5841102.4358],[32406802.4365,5841130.4245],[32406816.9311,5841154.4148],[32406832.6751,5841174.4066],[32406852.1676,5841189.4004],[32406877.1578,5841199.8958],[32406892.6511,5841202.3206],[32406871.2147,5841255.8894],[32406788.6064,5841316.1767],[32406707.1614,5841343.1269],[32406656.8904,5841340.481],[32406580.1611,5841298.1476],[32406526.4451,5841322.3461],[32406471.6817,5841398.6895],[32406450.515,5841488.648],[32406397.5982,5841594.4815],[32406356.3401,5841743.0001],[32406334.0981,5841859.0654],[32406309.3471,5841966.9191],[32406309.7667,5842009.7537],[32406334.6955,5842047.1746],[32406384.3691,5842060.1491],[32406453.1609,5842052.2116],[32406545.7652,5842020.4615],[32406621.922,5841987.1591],[32406622.8362,5841986.7593],[32406758.9079,5841905.4699],[32406789.6814,5841896.5073],[32406831.5158,5841900.8696],[32406853.12,5841920.855],[32406891.1758,5841963.8844],[32406949.7224,5842060.1531],[32407032.7681,5842196.706],[32407288.9206,5842641.7018],[32407399.6304,5842806.6756],[32407420.5792,5842819.7683],[32407428.9626,5842843.2342],[32407438.2092,5842861.7267],[32407452.2039,5842878.7197],[32407496.1869,5842915.7044],[32407568.9087,5842965.1837],[32407597.8975,5842986.6747],[32407618.8894,5843004.6673],[32407661.1233,5843053.1474],[32407683.115,5843083.1351],[32407698.3594,5843111.6236],[32407711.6048,5843155.1061],[32407714.6038,5843173.0989],[32407715.8536,5843191.0917],[32407713.8548,5843217.5812],[32407700.3613,5843293.5512],[32407640.3852,5843300.5492],[32407623.3921,5843305.5475],[32407607.1472,5843212.0849],[32407600.1495,5843182.0969],[32407592.1524,5843161.6052],[32407580.4067,5843139.1143],[32407566.1621,5843117.6231],[32407550.668,5843099.6304],[32407530.9256,5843082.1377],[32407505.1855,5843063.1456],[32407476.9465,5843046.1528],[32407469.4493,5843043.0459],[32407449.2074,5843034.6577],[32407422.7178,5843030.1599],[32407397.228,5843029.6605],[32407337.2519,5843035.1591],[32407286.0225,5843050.1539],[32407283.2733,5843030.1619],[32407278.7749,5843013.1687],[32407270.7778,5842998.1748],[32407252.7848,5842988.6788],[32407223.5464,5842984.181],[32407161.571,5842982.6825],[32407110.3415,5842991.6796],[32407081.1032,5842993.1795],[32407080.8259,5842993.1123],[32407048.1162,5842985.1831],[32407020.1271,5842971.6889],[32407003.8834,5842959.6939],[32406994.8868,5842947.6988],[32406988.6391,5842934.2042],[32406983.3909,5842916.2115],[32406979.8917,5842871.7292],[32407031.3706,5842832.2442],[32407047.1141,5842816.2503],[32407056.3601,5842796.2582],[32407065.1062,5842765.7702],[32407070.1037,5842730.2842],[32407069.1036,5842697.2974],[32407063.3554,5842666.8096],[32407055.1082,5842635.822],[32407041.6132,5842604.8345],[32407020.6211,5842576.3462],[32406995.6306,5842550.3569],[32406987.1878,5842543.0009],[32406985.6003,5842541.6178],[32406970.3904,5842528.366],[32406941.9014,5842510.8733],[32406906.9152,5842500.378],[32406878.6753,5842423.409],[32406865.1802,5842394.4207],[32406850.1859,5842371.9299],[32406831.443,5842349.4391],[32406791.2084,5842310.4552],[32406770.7163,5842294.9617],[32406747.2255,5842280.4678],[32406721.7354,5842267.4733],[32406695.4957,5842256.478],[32406654.7618,5842246.9824],[32406597.5344,5842237.487],[32406504.8211,5842224.4935],[32406351.132,5842210.5012],[32406298.6528,5842203.5047],[32406260.4179,5842196.5081],[32406230.1798,5842189.0115],[32406206.4391,5842180.0154],[32406187.4466,5842170.5194],[32406172.4524,5842160.5236],[32406160.9568,5842149.5282],[32406143.4634,5842125.538],[32406136.466,5842112.0434],[32406131.7176,5842097.0495],[32406126.7192,5842065.0622],[32406121.1089,5841992.143],[32406110.7224,5841857.1452],[32406105.9734,5841793.6705],[32406187.4402,5841739.191],[32406292.1474,5841666.2186],[32406312.3891,5841648.7253],[32406327.6328,5841631.7318],[32406338.3783,5841614.2386],[32406345.1253,5841594.2465],[32406347.8737,5841556.7613],[32406348.6215,5841433.3105],[32406352.6191,5841377.3327],[32406356.3671,5841339.8475],[32406354.6174,5841316.8567],[32406348.3697,5841305.8612],[32406338.3737,5841302.3627],[32406318.8815,5841304.862],[32406289.3933,5841312.8592],[32406259.4054,5841322.8557],[32406238.164,5841331.8524],[32406209.4256,5841347.8464],[32406192.6824,5841353.8443],[32406173.1902,5841356.3436],[32406150.1993,5841354.3447],[32406126.4587,5841348.3474],[32406103.4676,5841337.3521],[32406083.7253,5841320.8589],[32406066.4818,5841298.3681],[32406050.9875,5841269.8797],[32406038.7419,5841236.3932],[32406031.9941,5841200.9074],[32406025.7456,5841134.4339],[32406025.2453,5841103.4463],[32406028.7435,5841071.9588],[32406037.9893,5841036.9725],[32406051.9831,5840999.9871],[32406067.9763,5840966.0004],[32406082.72,5840941.0101],[32406109.7087,5840903.0248],[32406119.7045,5840882.5328],[32406123.4526,5840859.5419],[32406118.7042,5840834.0521],[32406106.7086,5840809.562],[32406096.5943,5840795.9761],[32406089.9649,5840787.0712],[32406071.7219,5840769.0786],[32406043.4827,5840744.089],[32406025.9896,5840737.092],[32405997.7508,5840733.5938],[32405881.0472,5840731.5963],[32405861.0552,5840733.5957],[32405847.8105,5840739.0937],[32405839.8138,5840748.0903],[32405835.8156,5840760.0856],[32405832.8171,5840779.0781],[32405830.3185,5840809.566],[32405830.3191,5840851.5493],[32405834.8181,5840904.5281],[32405852.063,5841018.4825],[32405854.5624,5841044.4722],[32405854.0633,5841098.4507],[32405851.3148,5841124.4404],[32405846.8169,5841146.9315],[32405814.8312,5841250.3908],[32405784.8431,5841247.3924],[32405754.855,5841244.3941],[32405724.8669,5841241.3957],[32405694.8787,5841238.3973],[32405678.8856,5841268.3856],[32405654.8934,5841312.8726],[32405630.906,5841357.3508],[32405554.8847,5841353.0457],[32405516.2015,5841350.855],[32405515.4497,5841205.4129],[32405517.4481,5841153.4336],[32405525.9441,5841111.95],[32405547.6852,5841051.0721],[32405564.6771,5841003.4926],[32405566.926,5840988.4985],[32405566.1761,5840976.0035],[32405560.6781,5840966.0075],[32405549.4325,5840959.5103],[32405471.2132,5840934.0215],[32405465.7149,5840899.0355],[32405458.9672,5840870.0471],[32405450.2203,5840846.0568],[32405416.3713,5840801.4107],[32405367.2889,5840743.0711],[32405334.5142,5840704.1149],[32405312.5225,5840673.6274],[32405296.2786,5840645.1389],[32405276.036,5840599.1575],[32405271.7874,5840582.1643],[32405272.5368,5840564.1715],[32405278.0343,5840543.6796],[32405288.2799,5840517.6898],[32405320.766,5840450.2161],[32405336.2591,5840405.2338],[32405336.0091,5840394.2382],[32405326.7626,5840385.2419],[32405311.0188,5840382.2433],[32405294.7754,5840387.7414],[32405279.2628,5840398.4066],[32405265.0376,5840411.7322],[32405213.8906,5840472.3773],[32405188.3194,5840502.6971],[32405178.0736,5840510.1943],[32405165.8285,5840513.6931],[32405151.5841,5840508.6953],[32405143.837,5840497.1999],[32405146.3357,5840471.2103],[32405139.3383,5840460.2147],[32405125.0939,5840454.2173],[32405110.0998,5840453.2179],[32405094.3561,5840456.217],[32405050.3739,5840472.711],[32405006.4982,5840478.9204],[32404944.4163,5840487.7065],[32404835.4599,5840510.6989],[32404793.4768,5840521.1953],[32404757.4912,5840527.6933],[32404718.5068,5840531.1924],[32404677.773,5840531.193],[32404636.7893,5840528.6946],[32404533.0803,5840515.7012],[32404498.0943,5840516.7013],[32404466.6068,5840520.7002],[32404444.3658,5840526.6981],[32404428.8721,5840535.6947],[32404416.6272,5840549.6893],[32404407.7147,5840564.9152],[32404380.3927,5840623.6604],[32404355.6532,5840671.6417],[32404341.6591,5840692.1337],[32404324.9979,5840708.3053],[32404302.9249,5840718.1239],[32404304.6724,5840677.1401],[32404307.4215,5840612.6658],[32404312.919,5840585.6765],[32404325.4135,5840555.6882],[32404341.4068,5840529.1985],[32404358.1498,5840510.2059],[32404379.3912,5840495.2115],[32404409.1291,5840480.2171],[32404442.3657,5840468.7212],[32404474.8527,5840463.7227],[32404585.6826,5840459.1545],[32404632.5399,5840457.2231],[32404655.5307,5840453.7241],[32404662.028,5840448.726],[32404662.2778,5840440.7292],[32404653.0311,5840415.7393],[32404644.5343,5840400.7454],[32404631.2893,5840385.2517],[32404618.891,5840375.741],[32404598.0603,5840361.5079],[32404573.5617,5840344.7686],[32404560.8166,5840330.2746],[32404553.8191,5840314.2811],[32404549.3206,5840296.7881],[32404547.3212,5840280.7945],[32404547.5709,5840267.7996],[32404551.4042,5840253.1225],[32404556.3169,5840234.3128],[32404555.3172,5840224.8166],[32404546.0706,5840203.8251],[32404537.074,5840195.3286],[32404523.3294,5840192.8298],[32404488.1921,5840198.9589],[32404437.3639,5840207.8251],[32404405.6265,5840209.8247],[32404296.4199,5840206.8274],[32404267.6814,5840209.3269],[32404237.4489,5840217.2928],[32404225.9482,5840220.3231],[32404213.703,5840219.8234],[32404199.2088,5840216.8248],[32404184.9643,5840210.3276],[32404173.9685,5840198.3325],[32404146.4788,5840153.8506],[32404139.6117,5840146.9837],[32404126.9864,5840139.3567],[32404112.4921,5840135.8583],[32404095.7487,5840135.3587],[32404082.0043,5840139.8571],[32404074.2575,5840148.8536],[32404071.2589,5840161.3487],[32404074.5059,5840212.2643],[32404083.5064,5840324.7835],[32404089.2548,5840371.2649],[32404096.0026,5840402.7523],[32404104.9994,5840431.7407],[32404116.7451,5840457.7301],[32404132.2393,5840483.7196],[32404179.7214,5840549.1929],[32404190.7174,5840570.6842],[32404199.9642,5840603.1711],[32404218.2083,5840699.6325],[32404128.3104,5840660.7987],[32404055.0222,5840626.6638],[32404024.0342,5840605.6726],[32403994.5455,5840577.6841],[32403888.336,5840460.7322],[32403865.3448,5840431.2442],[32403851.35,5840406.7542],[32403842.3532,5840384.2632],[32403835.0943,5840353.0436],[32403833.1062,5840339.2813],[32403833.1059,5840315.7906],[32403836.854,5840290.8005],[32403844.3503,5840240.8203],[32403844.1001,5840217.3296],[32403840.1013,5840193.839],[32403832.104,5840162.3517],[32403819.3585,5840122.3678],[32403801.8649,5840081.3843],[32403779.6232,5840048.3978],[32403753.6332,5840025.4073],[32403725.3942,5840008.4144],[32403663.9183,5839981.9258],[32403540.4668,5839940.4441],[32403540.4671,5839960.9359],[32403536.219,5839978.429],[32403524.9737,5839993.4232],[32403506.2313,5840002.4199],[32403483.2405,5840006.9184],[32403458.7503,5840007.9184],[32403435.7594,5840005.4197],[32403409.0199,5839996.4237],[32403376.2827,5839980.4305],[32403343.2956,5839961.4385],[32403316.8058,5839942.4464],[32403042.4105,5839636.0722],[32403017.1701,5839601.5862],[32403010.4225,5839587.5919],[32403009.9226,5839575.5967],[32403015.4202,5839563.1016],[32403025.4161,5839553.1054],[32403040.1601,5839547.1076],[32403003.6736,5839477.6357],[32402999.4251,5839462.6418],[32402998.9251,5839449.1471],[32403001.9238,5839438.6513],[32403008.1712,5839433.1534],[32403019.4167,5839433.653],[32403053.4034,5839444.6482],[32403067.6472,5839407.1629],[32403070.8957,5839391.669],[32403087.3875,5839280.2131],[32403089.4222,5839267.3251],[32403089.9771,5839263.8107],[32403091.8853,5839251.7243],[32402977.1804,5839212.7415],[32402903.8471,5839180.524],[32402829.7381,5839143.771],[32402806.4971,5839130.2767],[32402823.989,5839048.8088],[32402839.7319,5838990.8316],[32402861.4723,5838929.3558],[32402889.2103,5838860.3828],[32402983.4237,5838921.3573],[32403092.1314,5838986.3299],[32403162.6038,5839019.8156],[32403185.5948,5839027.8121],[32403206.6705,5839032.2624],[32403224.0795,5839031.8099],[32403245.0711,5839025.3122],[32403269.3113,5839012.3171],[32403292.5518,5838994.3239],[32403310.7942,5838974.3316],[32403331.433,5838948.409],[32403311.9238,5838829.3776],[32403304.0446,5838817.8939],[32403301.2956,5838805.3989],[32403300.0452,5838745.9226],[32403309.1647,5838745.0105],[32403316.43,5838726.8484],[32403329.454,5838711.6531],[32403351.1608,5838679.0918],[32403372.8672,5838640.0184],[32403392.4033,5838592.2619],[32403398.9153,5838559.701],[32403376.8046,5838479.5554],[32403378.9265,5838480.366],[32403388.5062,5838484.0255],[32403410.7474,5838487.5238],[32403434.488,5838488.0232],[32403699.1325,5838473.5253],[32404181.69,5838442.5308],[32404727.2221,5838384.0464],[32404731.2196,5838381.5479],[32404771.2042,5838356.5567],[32404793.6951,5838345.5607],[32404813.937,5838338.5632],[32404857.1696,5838329.0664],[32404898.1532,5838323.568],[32405030.3505,5838312.5705],[32405033.2661,5838322.0664],[32405039.0974,5838341.059],[32405070.8349,5838347.0562],[32405113.5679,5838352.5534],[32405158.3002,5838356.0514],[32405195.5354,5838355.5511],[32405228.7721,5838349.0532],[32405266.2569,5838334.5584],[32405306.4906,5838311.567],[32405347.7237,5838279.5791],[32405383.7089,5838242.0935],[32405437.6863,5838169.6216],[32405465.6747,5838136.1345],[32405511.156,5838093.1509],[32405573.6304,5838039.6713],[32405634.1056,5837990.69],[32405672.8398,5837963.2003],[32405694.831,5837956.2028],[32405717.5719,5837957.7019],[32405740.0631,5837966.1982],[32405760.8051,5837979.6925],[32405776.2992,5838000.1842],[32405783.5467,5838026.6735],[32405783.797,5838056.1618],[32405777.5499,5838084.6506],[32405760.0572,5838109.6409],[32405729.3198,5838132.6322],[32405665.0402,5838166.086],[32405564.1367,5838218.6003],[32405480.9206,5838268.5816],[32405448.4339,5838294.5717],[32405426.9428,5838321.5613],[32405416.1974,5838347.0513],[32405415.9479,5838369.0426],[32405426.4439,5838387.0353],[32405446.936,5838402.5288],[32405474.6751,5838413.5241],[32405507.4122,5838418.5216],[32405544.8972,5838413.5231],[32405589.3793,5838399.528],[32405706.832,5838358.0428],[32405802.5435,5838331.552],[32406035.2001,5838276.5706],[32406134.4103,5838251.5791],[32406178.3927,5838243.0819],[32406221.6254,5838237.5834],[32406255.6119,5838237.583],[32406277.8531,5838245.0797],[32406294.0969,5838258.0743],[32406327.3342,5838299.5573],[32406351.5749,5838325.0468],[32406379.8141,5838350.0365],[32406409.8024,5838371.0277],[32406439.7907,5838384.0221],[32406466.0303,5838389.0198],[32406486.2723,5838388.5197],[32406503.7652,5838384.0212],[32406490.7707,5838405.013],[32406477.7762,5838426.0049],[32406464.7817,5838446.9967],[32406451.7871,5838467.9886],[32406429.5455,5838438.0008],[32406407.0542,5838415.0103],[32406383.0635,5838397.0177],[32406357.0736,5838381.0245],[32406327.5851,5838366.5307],[32406294.598,5838355.0357],[32406260.3616,5838348.039],[32406227.1248,5838346.54],[32406207.1328,5838353.5375],[32406205.3837,5838365.5328],[32406216.1297,5838383.0257],[32406126.166,5838418.5128],[32406081.1841,5838432.5079],[32406020.7084,5838449.0022],[32405947.2378,5838463.4975],[32405824.4992,5838479.8458],[32405735.264,5838489.8033],[32405631.4922,5838501.3828],[32405497.1677,5838516.9826],[32405406.7038,5838525.4805],[32405284.7524,5838532.9792],[32405226.0433,5838531.6016],[32405184.0425,5838532.9807],[32405161.3016,5838539.4784],[32405146.8076,5838550.974],[32405131.5639,5838565.9683],[32405094.0795,5838614.4495],[32405067.3406,5838645.9374],[32405038.1026,5838674.9263],[32405015.1121,5838700.4165],[32405008.3651,5838722.4078],[32405013.6137,5838770.3887],[32405014.8636,5838798.3775],[32404994.6215,5838784.8832],[32404966.6324,5838771.3889],[32404935.8945,5838759.8939],[32404906.9059,5838751.3977],[32404874.1689,5838746.4002],[32404792.2015,5838745.9015],[32404808.6954,5838779.8878],[32404807.446,5838785.8854],[32404801.6984,5838793.8823],[32404788.448,5838805.3198],[32404777.9581,5838814.3745],[32404763.7141,5838832.8674],[32404782.4569,5838853.3589],[32404802.6991,5838870.8517],[32404827.4395,5838886.845],[32404873.6714,5838909.8352],[32404894.4133,5838917.3319],[32404915.6548,5838919.8306],[32404956.3886,5838918.8304],[32404975.1311,5838913.8322],[32404993.8735,5838902.3365],[32405009.8669,5838885.8428],[32405020.6124,5838869.849],[32405028.1092,5838853.8553],[32405081.3385,5838892.3392],[32405130.8193,5838924.8256],[32405180.0501,5838952.8138],[32405228.781,5838974.8043],[32405281.0106,5838994.7956],[32405333.24,5839011.7881],[32405381.7209,5839024.2825],[32405456.1915,5839037.2763],[32405530.662,5839050.27],[32405571.396,5839061.7649],[32405669.6076,5839111.2438],[32405733.3328,5839146.7288],[32405793.8081,5839106.7439],[32405847.7862,5839072.7566],[32405859.5314,5839067.2586],[32405873.2759,5839065.2592],[32405912.5103,5839067.7577],[32405935.7511,5839071.7558],[32405959.2419,5839078.2529],[32406025.1181,5839103.7454],[32406112.9316,5839137.727],[32406121.4282,5839138.2267],[32406136.672,5839131.2293],[32406165.4102,5839100.741],[32406214.8911,5839144.7228],[32406263.1223,5839173.7106],[32406293.1106,5839188.7042],[32406283.3651,5839231.1874],[32406271.8702,5839268.6727],[32406256.8767,5839303.1592],[32406238.6343,5839329.1491],[32406219.892,5839348.1418],[32406199.4004,5839362.6364],[32406158.167,5839376.1316],[32406134.4266,5839388.1271],[32406107.6876,5839408.1196],[32406078.6995,5839436.1089],[32406053.7098,5839464.5979],[32406024.2222,5839510.0802],[32405983.989,5839561.0605],[32405975.7424,5839571.0566],[32405943.0055,5839575.5553],[32405931.9244,5839578.5353],[32405913.2674,5839583.5526],[32405888.0277,5839597.0476],[32405869.0355,5839616.0403],[32405856.2909,5839637.0321],[32405849.5438,5839656.0246],[32405848.7944,5839674.0175],[32405853.5428,5839691.0107],[32405862.7893,5839708.5036],[32405875.7844,5839725.9964],[32405893.0278,5839743.4892],[32405915.2692,5839759.4825],[32405947.7566,5839778.9743],[32406003.1857,5839809.7316],[32406034.2229,5839826.954],[32406037.2219,5839841.948],[32406044.4693,5839858.9411],[32406058.464,5839880.9322],[32406082.9547,5839909.4205],[32406150.179,5839977.8923],[32406180.6673,5840006.3806],[32406209.6561,5840030.3706],[32406234.2004,5840047.2326],[32406276.3802,5840072.8528],[32406309.6172,5840088.8459],[32406382.3392,5840155.3184],[32406436.0683,5840187.8048],[32406484.2995,5840215.2931],[32406530.0317,5840237.7835],[32406573.8148,5840257.5357],[32406670.7266,5840301.2563],[32406721.9565,5840319.2484],[32406813.4205,5840343.7374],[32406850.4059,5840351.7337],[32406913.1311,5840361.229],[32406981.8539,5840374.2228],[32406982.6041,5840405.2105],[32406979.856,5840463.6873],[32406974.6086,5840492.176],[32406954.3678,5840575.1433],[32406951.6193,5840601.6328],[32406952.1196,5840632.6205],[32406955.8685,5840663.1083],[32406963.116,5840688.598],[32406974.3619,5840709.0897],[32406990.8556,5840729.0815],[32407014.5965,5840749.573],[32407048.0835,5840772.0636],[32407173.0316,5840847.7845],[32407380.954,5840972.979],[32407409.193,5840991.4712],[32407482.1648,5841046.9481],[32407510.9038,5841071.9377],[32407535.1445,5841098.9267],[32407561.3846,5841133.4126],[32407586.1253,5841173.3963],[32407606.8677,5841214.3797],[32407620.6128,5841254.8634],[32407628.6102,5841295.3472],[32407631.8595,5841334.8314],[32407632.11,5841371.8167],[32407627.6124,5841412.8005],[32407616.8674,5841462.7807],[32407586.8811,5841580.2344],[32407573.3874,5841643.2096],[32407564.6418,5841705.185],[32407561.144,5841762.6622],[32407563.8936,5841811.6427],[32407576.3902,5841914.1017],[32407586.6369,5841967.5803],[32407602.3813,5842014.0616],[32407620.3748,5842055.5448],[32407638.868,5842097.0281],[32407661.8595,5842138.0114],[32407692.8477,5842175.9959],[32407729.3337,5842208.4825],[32407766.0695,5842234.9714],[32407871.2785,5842294.946],[32407941.2513,5842338.9275],[32407967.2413,5842358.9192],[32407984.7346,5842378.911],[32407997.23,5842400.9021],[32408006.4767,5842425.892],[32408014.5139,5842458.4939],[32408032.9677,5842533.3489],[32408048.7122,5842582.829],[32408069.7046,5842633.3086],[32408094.6954,5842682.2888],[32408120.9356,5842727.2705],[32408147.1758,5842768.2538],[32408172.1663,5842804.2391],[32408202.6547,5842840.2244],[32408230.7196,5842866.8853],[32408242.6394,5842878.2087],[32408287.622,5842914.1937],[32408333.1044,5842944.1812],[32408402.3274,5842981.1655],[32408618.493,5843089.6192],[32408701.7104,5843126.1035],[32408784.9279,5843162.5878],[32408848.4032,5843197.573],[32408884.889,5843219.5637],[32408915.8769,5843240.555],[32408959.1103,5843276.0402],[32408987.5994,5843304.5285],[32408997.8455,5843318.023],[32409005.5926,5843332.5171],[32409011.5905,5843349.0104],[32409016.3389,5843368.5026],[32409019.0882,5843396.4914],[32409020.589,5843492.953],[32409027.3369,5843532.4372],[32409034.5843,5843551.9294],[32409044.8305,5843568.9225],[32409092.3124,5843619.9015],[32409304.7307,5843808.8233],[32409376.703,5843875.2959],[32409309.0306,5843880.9214]],[[32407356.7236,5841643.7124],[32407348.227,5841647.2112],[32407325.9862,5841667.7033],[32407316.9899,5841679.1989],[32407296.7319,5841718.7361],[32407286.0031,5841739.6753],[32407276.0073,5841752.1704],[32407249.419,5841768.5835],[32407235.5238,5841777.1611],[32407224.2784,5841787.6571],[32407217.2813,5841797.6532],[32407214.7825,5841807.6492],[32407216.7818,5841815.646],[32407221.53,5841822.6432],[32407228.5273,5841829.1405],[32407286.5047,5841862.1265],[32407302.2485,5841867.1243],[32407308.2462,5841867.624],[32407314.2438,5841865.6248],[32407323.7056,5841858.2811],[32407364.4732,5841826.6396],[32407392.9614,5841798.1505],[32407405.7061,5841779.6577],[32407413.9525,5841761.6647],[32407417.7008,5841744.1716],[32407418.4502,5841725.679],[32407415.4511,5841706.6866],[32407407.2041,5841685.695],[32407394.7088,5841667.2026],[32407379.9645,5841654.2079],[32407366.2198,5841646.2113],[32407356.7236,5841643.7124]]],[[[32394930.7081,5844480.759],[32394916.7138,5844490.7552],[32394896.4721,5844509.2481],[32394891.7241,5844519.2442],[32394889.2253,5844531.7393],[32394884.2277,5844556.7294],[32394878.73,5844563.7267],[32394870.983,5844564.7264],[32394862.9862,5844561.2279],[32394856.7386,5844554.2308],[32394837.7453,5844499.2529],[32394820.0017,5844454.7709],[32394796.2605,5844412.2881],[32394741.5313,5844340.3175],[32394711.5427,5844306.3315],[32394677.0559,5844271.3459],[32394635.5719,5844233.8614],[32394584.3393,5844192.3465],[32394519.6166,5844139.9004],[32394482.8807,5844102.4159],[32394469.1359,5844084.923],[32394460.1392,5844069.4293],[32394454.3913,5844051.9363],[32394451.1422,5844028.4457],[32394451.3918,5844003.9555],[32394461.1372,5843958.4734],[32394463.386,5843935.4825],[32394460.6367,5843909.4929],[32394451.1401,5843879.0052],[32394437.3951,5843848.5175],[32394394.9109,5843776.5468],[32394385.4144,5843754.5556],[32394379.1262,5843731.2811],[32394368.6702,5843692.5805],[32394348.9274,5843649.0981],[32394335.1825,5843623.6084],[32394317.9389,5843596.6194],[32394300.1957,5843575.1282],[32394284.9516,5843561.6338],[32394258.4618,5843542.6417],[32394250.4648,5843531.1464],[32394250.4646,5843516.6522],[32394257.4616,5843503.1575],[32394270.4563,5843493.1613],[32394300.4442,5843481.1656],[32394312.9391,5843473.6684],[32394322.1853,5843461.1733],[32394332.6808,5843439.1819],[32394330.6814,5843429.1859],[32394311.4277,5843405.1497],[32394274.6334,5843359.2159],[32394256.7095,5843333.7249],[32394237.4666,5843299.2389],[32394219.4731,5843253.7572],[32394197.1508,5843177.6908],[32394186.4845,5843134.3052],[32394178.9868,5843085.3248],[32394177.7367,5843044.3411],[32394179.0442,5842986.7757],[32394181.2331,5842890.4023],[32394179.4831,5842842.4214],[32394175.7339,5842794.9404],[32394170.2355,5842759.4546],[32394135.9975,5842642.5016],[32394181.9796,5842672.489],[32394230.6859,5842694.5161],[32394281.4407,5842717.4697],[32394301.6826,5842711.9716],[32394318.1759,5842701.4756],[32394331.1704,5842681.9831],[32394458.8707,5842754.9523],[32394509.6009,5842780.4414],[32394555.333,5842798.9334],[32394609.0618,5842816.9255],[32394667.2889,5842831.9187],[32394726.7654,5842839.9147],[32394781.9934,5842840.9135],[32394830.4741,5842837.914],[32394871.7076,5842831.416],[32394905.1942,5842822.9189],[32394948.1768,5842802.4265],[32394984.662,5842782.9337],[32395016.6489,5842761.4418],[32395035.1413,5842738.9505],[32395042.1381,5842713.4605],[32395042.3876,5842687.9707],[32395039.6384,5842663.4805],[32395032.8907,5842639.4901],[32395017.3965,5842614.0005],[32394994.6552,5842589.0107],[32394964.6668,5842565.5205],[32394838.9742,5842477.5804],[32394731.2572,5842403.5882],[32394673.7796,5842368.1032],[32394642.7917,5842354.1092],[32394612.3037,5842343.6138],[32394579.0668,5842337.6166],[32394539.3326,5842336.1178],[32394499.8484,5842341.6162],[32394465.6122,5842355.1113],[32394392.8916,5842391.098],[32394327.4181,5842416.5888],[32394277.1882,5842431.0837],[32394225.2091,5842441.5803],[32394205.7169,5842449.5774],[32394193.472,5842464.0718],[32394184.3421,5842453.8466],[32394168.4816,5842436.0833],[32394160.2347,5842426.5872],[32394063.2741,5842485.0653],[32394023.0399,5842471.5712],[32393982.8057,5842455.5781],[32393938.8229,5842434.0873],[32393903.5865,5842409.5975],[32393883.3442,5842386.1072],[32393871.5986,5842361.6171],[32393774.6349,5842205.1807],[32393738.3983,5842136.2087],[32393701.6617,5842054.7416],[32393672.6722,5841985.7694],[32393659.9268,5841952.7827],[32393638.9342,5841884.3103],[32393621.4404,5841834.8302],[32393604.9464,5841797.3454],[32393590.4519,5841774.8545],[32393575.4576,5841757.3617],[32393557.9643,5841740.8685],[32393481.7438,5841681.893],[32393456.2536,5841659.9021],[32393434.0121,5841634.4126],[32393415.0191,5841600.4264],[32393398.5251,5841559.9427],[32393385.7796,5841518.9592],[32393377.7823,5841484.473],[32393363.0368,5841395.5086],[32393345.7924,5841308.0437],[32393335.7959,5841276.0566],[32393320.5515,5841238.5717],[32393300.309,5841201.0869],[32393275.3184,5841167.1008],[32393247.0792,5841137.6129],[32393210.7846,5841105.6454],[32393194.0996,5841092.6315],[32393175.107,5841082.136],[32393148.1177,5841073.6397],[32393103.3853,5841061.6451],[32393051.4058,5841050.1504],[32393002.1753,5841043.6537],[32392956.6933,5841041.6552],[32392911.9612,5841043.1552],[32392871.9771,5841046.6544],[32392839.9899,5841052.1526],[32392809.2523,5841064.1483],[32392774.2665,5841082.1416],[32392743.529,5841101.6343],[32392724.2869,5841117.1284],[32392713.7913,5841132.6224],[32392705.045,5841152.1148],[32392699.0478,5841175.1057],[32392698.0485,5841199.0962],[32392706.2038,5841256.0108],[32392710.2949,5841284.562],[32392711.0449,5841306.0534],[32392706.297,5841322.0471],[32392695.5515,5841337.5411],[32392680.5577,5841351.036],[32392662.5649,5841360.0326],[32392644.3222,5841363.5315],[32392625.8296,5841364.5314],[32392597.824,5841361.8062],[32392552.3587,5841357.5352],[32392525.3695,5841357.0358],[32392491.1244,5841358.1993],[32392464.0073,5841359.1206],[32392392.9222,5841361.5358],[32392367.4323,5841358.5374],[32392292.212,5841345.0438],[32392270.4707,5841344.5443],[32392248.7294,5841348.543],[32392224.7391,5841358.0396],[32392200.9987,5841371.0348],[32392180.0073,5841386.0291],[32392151.519,5841414.0183],[32392112.5351,5841456.0022],[32392053.3096,5841523.976],[32392039.8153,5841545.9674],[32392022.5727,5841581.4536],[32392005.3302,5841625.4363],[32391990.3369,5841673.9172],[32391981.0912,5841717.4],[32391977.0932,5841750.387],[32391977.0936,5841774.3774],[32391979.3429,5841789.3714],[32391990.089,5841816.8604],[32391999.0856,5841830.3549],[32392011.3309,5841841.3503],[32392035.0142,5841852.4226],[32392049.8159,5841859.3426],[32392063.3107,5841869.8382],[32392073.3069,5841882.3331],[32392077.5553,5841892.3291],[32392083.0535,5841919.8181],[32392089.8011,5841938.8104],[32392099.5475,5841958.3025],[32392111.7929,5841976.2952],[32392126.0375,5841992.2886],[32392142.781,5842007.2824],[32392162.0236,5842021.2766],[32392174.5148,5842027.5972],[32392193.2975,5842034.8545],[32392203.2574,5842037.7695],[32392225.4986,5842039.2686],[32392280.5098,5842038.7755],[32392337.2042,5842038.2674],[32392361.1947,5842042.7653],[32392381.4367,5842051.2616],[32392398.1803,5842062.7568],[32392408.9262,5842076.7511],[32392413.1747,5842091.2452],[32392412.4255,5842123.7323],[32392393.6846,5842237.1874],[32392383.4398,5842316.1562],[32392381.6909,5842342.1459],[32392383.9403,5842366.1363],[32392391.4377,5842389.127],[32392403.1833,5842413.6171],[32392417.428,5842437.6074],[32392448.6662,5842482.589],[32392483.1535,5842547.5627],[32392496.3986,5842575.5514],[32392518.8905,5842636.5268],[32392529.6748,5842665.1453],[32392545.8808,5842702.0004],[32392563.3742,5842729.4892],[32392585.3658,5842755.9783],[32392610.1063,5842779.4687],[32392636.3462,5842798.9605],[32392744.3041,5842859.4349],[32392764.2964,5842873.9289],[32392784.7885,5842892.4213],[32392804.5309,5842913.4126],[32392821.2746,5842935.9034],[32392846.0154,5842980.3854],[32392855.512,5843002.8763],[32392869.5077,5843129.155],[32392876.5063,5843192.3007],[32392886.503,5843238.782],[32392891.5018,5843288.2623],[32392892.2519,5843314.2519],[32392886.9896,5843368.1984],[32392884.2562,5843396.2194],[32392877.0093,5843409.7142],[32392872.0115,5843425.2081],[32392869.7627,5843445.6999],[32392870.7632,5843509.6745],[32392872.013,5843526.1679],[32392876.0116,5843542.1615],[32392882.7592,5843558.6548],[32392898.5033,5843588.1429],[32392950.8726,5843683.4218],[32392993.2183,5843767.5701],[32393070.5118,5843937.5152],[32393116.4232,5844038.4606],[32393140.9143,5844094.9378],[32393146.9122,5844116.4292],[32393148.9117,5844137.4208],[32393148.1623,5844159.4121],[32393144.0541,5844194.0113],[32393138.6672,5844239.3804],[32393138.6677,5844271.8675],[32393144.1661,5844309.8523],[32393163.9093,5844385.322],[32393172.9061,5844412.8109],[32393184.4545,5844438.7613],[32393195.148,5844462.7907],[32393202.8952,5844484.7818],[32393205.8943,5844504.7738],[32393200.8966,5844521.2674],[32393189.9011,5844533.7625],[32393174.1576,5844545.758],[32393127.1762,5844541.2604],[32393102.4359,5844535.763],[32393080.6945,5844531.2651],[32393064.2011,5844532.2649],[32393052.7057,5844538.2627],[32393047.2081,5844547.759],[32392945.9979,5844518.2721],[32392847.5365,5844481.2883],[32392788.8095,5844456.7988],[32392744.3269,5844434.3084],[32392716.0878,5844412.3175],[32392694.0962,5844385.8284],[32392675.1033,5844354.3412],[32392656.1103,5844317.3562],[32392639.1164,5844273.8737],[32392615.6244,5844182.4104],[32392605.378,5844148.9239],[32392584.3855,5844091.9469],[32392576.8881,5844063.9581],[32392571.3896,5844014.9777],[32392564.764,5843980.6889],[32392557.3943,5843955.0017],[32392544.8989,5843928.5124],[32392537.3873,5843918.7919],[32392523.6569,5843901.0237],[32392495.1678,5843869.0368],[32392448.9355,5843819.5571],[32392425.9441,5843787.5702],[32392415.6979,5843767.0785],[32392406.9511,5843744.5876],[32392396.6697,5843700.431],[32392391.7062,5843679.1138],[32392386.2082,5843665.1195],[32392376.7118,5843652.6246],[32392361.4676,5843637.6307],[32392311.2371,5843601.146],[32392279.4994,5843583.6534],[32392225.2706,5843558.1643],[32392205.2784,5843546.1693],[32392184.0365,5843523.1788],[32392158.2963,5843488.6929],[32392123.8092,5843436.2142],[32392106.5656,5843399.729],[32392093.8203,5843377.2381],[32392080.8253,5843363.2439],[32392065.5813,5843358.2461],[32392045.8391,5843356.7469],[32392001.6067,5843357.7472],[32391967.705,5843360.8296],[32391941.1308,5843363.2458],[32391923.138,5843361.2469],[32391905.6448,5843353.2503],[32391888.1516,5843339.7559],[32391871.6578,5843321.2635],[32391857.1633,5843297.2733],[32391844.168,5843267.7852],[32391831.6725,5843233.7989],[32391818.6267,5843187.8208],[32391809.68,5843150.3324],[32391802.1823,5843102.3516],[32391798.1832,5843055.8701],[32391796.4331,5842996.3938],[32391800.6809,5842961.9075],[32391806.6782,5842943.9145],[32391816.4242,5842931.4194],[32391840.2192,5842917.57],[32391863.655,5842903.9296],[32391872.6513,5842895.9327],[32391874.6504,5842886.4365],[32391873.1508,5842872.9418],[32391868.1525,5842856.4485],[32391860.4054,5842838.4557],[32391824.4188,5842775.9811],[32391816.4217,5842759.4878],[32391812.4231,5842743.994],[32391810.6732,5842705.5093],[32391820.9182,5842639.0356],[32391823.9166,5842612.5461],[32391824.1661,5842587.5561],[32391816.6687,5842561.0667],[32391802.9238,5842534.0776],[32391783.1812,5842504.5897],[32391830.2487,5842528.0433],[32391857.4023,5842541.5739],[32391876.6447,5842548.071],[32391895.1374,5842552.0692],[32391907.8823,5842549.0702],[32391913.6299,5842538.5743],[32391914.6292,5842523.5803],[32391911.6302,5842507.0869],[32391905.6324,5842491.5931],[32391886.3611,5842462.7962],[32391839.4073,5842392.6334],[32391819.6646,5842356.1482],[32391800.6716,5842316.1644],[32391784.6773,5842273.6815],[32391773.4311,5842229.1994],[32391766.4332,5842181.2185],[32391757.4355,5842092.2541],[32391752.4372,5842068.2637],[32391743.6905,5842059.2674],[32391731.4453,5842055.7689],[32391717.9507,5842056.7687],[32391706.2055,5842061.7669],[32391696.2096,5842071.2633],[32391686.2138,5842085.2578],[32391650.4791,5842163.2273],[32391619.2116,5842224.6064],[32391596.5021,5842269.1859],[32391591.2544,5842286.1792],[32391587.2564,5842310.1698],[32391588.2564,5842337.159],[32391595.5038,5842362.149],[32391607.2495,5842383.6402],[32391614.8582,5842392.2304],[32391552.085,5842414.6503],[32391503.322,5842424.4036],[32391476.5024,5842421.9659],[32391466.7495,5842417.0897],[32391452.1204,5842395.1464],[32391447.2436,5842368.3268],[32391461.8717,5842292.7438],[32391470.557,5842179.813],[32391333.6041,5842092.7598],[32391306.8646,5842080.2652],[32391251.1365,5842061.7733],[32391307.1135,5842016.2906],[32391354.3443,5841981.8037],[32391393.0785,5841960.3117],[32391469.5477,5841932.3217],[32391516.029,5841918.8264],[32391564.0099,5841911.8286],[32391609.4918,5841912.8275],[32391649.476,5841919.8242],[32391682.7129,5841930.3195],[32391708.4529,5841942.8142],[32391731.9438,5841960.8067],[32391817.411,5842042.7729],[32391872.6399,5842103.7479],[32391887.884,5842117.7421],[32391909.1258,5842130.7366],[32391926.976,5842135.4441],[32391931.8668,5842136.7339],[32391950.8591,5842126.7376],[32391958.3558,5842108.2449],[32391952.6079,5842091.2517],[32391918.8708,5842052.7675],[32391887.9843,5842022.5585],[32391777.6751,5841925.3202],[32391755.6835,5841902.3296],[32391735.1913,5841876.3403],[32391718.6975,5841851.3504],[32391708.4512,5841830.3589],[32391703.4529,5841808.3678],[32391701.4533,5841780.8787],[32391702.4525,5841752.8898],[32391706.2007,5841729.8989],[32391717.4458,5841703.9091],[32391752.7604,5841640.2452],[32391760.561,5841626.1825],[32391798.9114,5841560.9648],[32391811.406,5841534.4752],[32391815.1541,5841508.4855],[32391810.1558,5841484.9949],[32391801.1591,5841464.0034],[32391789.1636,5841446.5105],[32391775.6688,5841434.5155],[32391756.4263,5841428.5181],[32391731.1864,5841427.0191],[32391705.9464,5841429.5184],[32391687.4539,5841434.5167],[32391669.4612,5841448.0116],[32391645.721,5841469.5034],[32391621.2311,5841494.4938],[32391586.4781,5841534.5945],[32391569.2526,5841554.4707],[32391552.0097,5841570.4645],[32391533.0174,5841580.4608],[32391515.2745,5841582.9601],[32391500.2804,5841577.9623],[32391486.5357,5841565.4674],[32391472.5409,5841543.9762],[32391459.5457,5841515.4877],[32391450.2989,5841485.4998],[32391444.5508,5841456.5114],[32391442.8011,5841431.5213],[32391444.3002,5841408.5305],[32391452.0464,5841357.0508],[32391454.7949,5841328.0623],[32391454.7944,5841298.0743],[32391451.0455,5841269.0859],[32391444.5477,5841240.0975],[32391435.051,5841211.1091],[32391417.2594,5841170.1896],[32391406.5615,5841149.1342],[32391375.573,5841096.6555],[32391330.8399,5841031.682],[32391301.1012,5840993.1977],[32391271.8623,5840960.7111],[32391237.9004,5840929.8845],[32391213.6348,5840910.232],[32391180.8975,5840888.741],[32391145.1614,5840870.7486],[32391103.1779,5840854.2558],[32391056.4463,5840838.7626],[32391011.7139,5840826.768],[32390976.7277,5840820.7709],[32390923.8125,5840823.0758],[32390822.2893,5840834.2677],[32390801.0479,5840840.2656],[32390780.5562,5840853.2607],[32390763.0634,5840872.7532],[32390751.8183,5840898.2432],[32390861.0288,5841173.6321],[32390929.7542,5841362.556],[32391013.2245,5841604.4586],[32391038.2155,5841671.9314],[32391060.2078,5841739.904],[32391068.2053,5841790.8836],[32390958.9967,5841645.443],[32390937.2547,5841606.4588],[32390914.0132,5841553.4803],[32390876.2768,5841451.5213],[32390788.0577,5841162.6375],[32390773.5629,5841122.1538],[32390754.8197,5841079.1712],[32390715.3343,5841005.2012],[32390695.3419,5840978.712],[32390672.1008,5840956.2213],[32390632.866,5840925.7339],[32390606.1264,5840911.2401],[32390530.4061,5840881.7529],[32390523.9076,5840805.2834],[32390523.4071,5840759.3017],[32390526.4057,5840742.3084],[32390532.9029,5840726.8145],[32390543.6484,5840712.8199],[32390568.1385,5840699.3249],[32390606.8729,5840685.3299],[32390697.0866,5840657.3398],[32390763.8097,5840632.3488],[32390608.6213,5840620.8556],[32390586.3801,5840617.8571],[32390568.637,5840611.3599],[32390556.6416,5840600.3644],[32390568.3868,5840586.8697],[32390582.381,5840575.8738],[32390600.8736,5840568.3766],[32390639.9945,5840564.5762],[32390714.0784,5840557.3793],[32390747.315,5840548.8823],[32390773.0546,5840536.8867],[32390824.2838,5840507.3977],[32390848.7739,5840491.4037],[32390873.0139,5840470.9115],[32390895.5046,5840445.9211],[32390918.2451,5840416.4326],[32390922.7437,5840442.4222],[32390931.7403,5840455.9167],[32390947.9838,5840452.9176],[32390962.4773,5840399.9385],[32390974.472,5840362.953],[32390986.4662,5840291.9811],[32390994.4627,5840267.9905],[32391009.4562,5840233.0043],[32391026.9487,5840197.5181],[32391041.6925,5840171.0285],[32391059.1852,5840144.5388],[32391143.8415,5840023.6716],[32391144.9568,5840022.0793],[32391182.3836,5839965.6082],[32391193.6287,5839938.119],[32391161.3915,5839939.6188],[32391131.9033,5839943.6177],[32391103.4148,5839951.6149],[32391078.4249,5839967.1091],[32391056.434,5839988.6008],[32391038.9413,5840011.0921],[32391028.4457,5840028.5853],[32390998.3752,5840108.7767],[32390984.215,5840146.539],[32390978.2175,5840156.0353],[32390970.7206,5840163.5324],[32390962.474,5840168.5306],[32390954.4772,5840171.0297],[32390913.7434,5840169.5308],[32390876.2568,5840067.0721],[32390865.5109,5840051.5785],[32390851.2664,5840039.5834],[32390837.0219,5840032.0866],[32390825.5264,5840028.5882],[32390816.53,5840030.5875],[32390808.7832,5840037.5848],[32390803.5355,5840049.5801],[32390802.5361,5840066.0736],[32390807.2845,5840087.0652],[32390822.779,5840129.0482],[32390825.5281,5840141.0434],[32390820.78,5840145.5417],[32390809.2846,5840147.0413],[32390785.328,5840146.2295],[32390750.308,5840145.0429],[32390733.8146,5840146.0427],[32390717.3212,5840150.0414],[32390697.8291,5840158.5382],[32390678.0872,5840173.5326],[32390663.0934,5840193.5248],[32390644.8512,5840231.51],[32390636.3548,5840245.0047],[32390624.3597,5840255.0009],[32390611.365,5840260.9987],[32390599.6197,5840262.4983],[32390578.8779,5840258.5001],[32390567.1325,5840258.5003],[32390554.6376,5840263.4985],[32390543.892,5840270.9957],[32390537.8945,5840279.9922],[32390536.1453,5840290.9878],[32390537.8948,5840303.9826],[32390544.6424,5840322.975],[32390568.8834,5840370.4557],[32390609.8671,5840368.456],[32390644.6032,5840364.4571],[32390674.5912,5840356.9596],[32390701.3304,5840343.9644],[32390731.0683,5840325.9712],[32390776.6878,5840294.3159],[32390804.5383,5840274.9904],[32390829.5282,5840261.9952],[32390853.2686,5840251.9989],[32390870.7616,5840247.0006],[32390873.5106,5840256.9966],[32390877.6342,5840272.2405],[32390881.7578,5840287.4844],[32390723.0735,5840469.4142],[32390705.5808,5840486.9075],[32390689.0875,5840499.4028],[32390672.8441,5840507.3998],[32390655.8509,5840512.3981],[32390637.1084,5840514.8973],[32390592.6261,5840513.8983],[32390567.8859,5840511.3997],[32390543.1456,5840505.4024],[32390522.4038,5840496.4063],[32390502.6614,5840484.9111],[32390476.4219,5840489.9095],[32390446.9337,5840490.4097],[32390418.445,5840488.4109],[32390376.4616,5840481.9141],[32390355.4699,5840481.9144],[32390333.4788,5840487.9123],[32390310.9879,5840501.4073],[32390292.2457,5840522.3992],[32390280.0009,5840545.3902],[32390271.2547,5840570.8802],[32390252.0124,5840571.88],[32390232.7701,5840572.8799],[32390125.8127,5840578.3793],[32390084.0793,5840578.3798],[32389942.3855,5840568.3859],[32389833.9285,5840558.8911],[32389799.2807,5840622.5252],[32389781.9506,5840654.3538],[32389715.9755,5840566.3897],[32389707.9786,5840557.8932],[32389697.9825,5840551.8957],[32389686.7369,5840550.8963],[32389675.2416,5840556.3943],[32389611.2679,5840616.8711],[32389580.2802,5840611.3737],[32389560.0382,5840612.8734],[32389535.2982,5840620.3708],[32389508.0592,5840634.3656],[32389481.8199,5840651.3592],[32389439.3373,5840685.3463],[32389400.6031,5840716.3345],[32389376.6129,5840729.8294],[32389350.1236,5840739.326],[32389262.4087,5840756.8203],[32389239.9177,5840763.8178],[32389225.6735,5840772.3147],[32389219.4262,5840782.8106],[32389218.786,5840809.2022],[32389218.1774,5840834.2901],[32389215.4289,5840859.78],[32389211.181,5840889.2683],[32389236.2865,5840886.105],[32389244.0933,5840885.1214],[32389306.3929,5840877.2718],[32389320.8872,5840877.7714],[32389334.1319,5840880.77],[32389347.8766,5840888.2668],[32389389.8604,5840922.2527],[32389398.1073,5840937.7464],[32389405.4824,5840957.6215],[32389433.3447,5841032.7082],[32389442.3414,5841051.2007],[32389454.8367,5841070.1929],[32389499.0698,5841118.1732],[32389525.8095,5841143.1629],[32389550.5499,5841162.6548],[32389581.37,5841181.0662],[32389608.2775,5841197.1403],[32389619.0233,5841205.6368],[32389620.7727,5841214.1334],[32389614.5253,5841222.6301],[32389593.534,5841242.1226],[32389584.7876,5841253.1184],[32389577.7906,5841265.1137],[32389574.7919,5841278.1086],[32389577.0413,5841292.6028],[32389589.0368,5841315.0936],[32389643.2665,5841401.5585],[32389657.2613,5841431.5464],[32389660.2604,5841447.0402],[32389659.7608,5841463.5336],[32389647.2668,5841532.0065],[32389646.5174,5841553.9978],[32389649.2665,5841571.9906],[32389655.0145,5841588.9838],[32389665.5106,5841605.477],[32389681.7543,5841621.9703],[32389701.9965,5841637.4638],[32389749.2281,5841665.452],[32389778.7166,5841679.446],[32389813.9528,5841693.44],[32389854.4369,5841706.934],[32389998.3803,5841750.4147],[32390068.7543,5841778.1766],[32390086.3458,5841785.8994],[32390118.0834,5841802.8922],[32390143.0737,5841820.8847],[32390164.8154,5841841.3762],[32390183.0584,5841861.8678],[32390207.0493,5841894.3545],[32390211.7976,5841905.3501],[32390213.0475,5841931.8396],[32390209.2992,5841949.8324],[32390202.5522,5841966.8258],[32390193.0562,5841984.8188],[32390183.0604,5842000.3127],[32390175.0638,5842017.8059],[32390168.8166,5842039.7972],[32390167.3175,5842062.2883],[32390170.0667,5842082.7801],[32390176.0646,5842102.2723],[32390184.3116,5842121.2646],[32390195.0576,5842139.7571],[32390208.8024,5842156.7501],[32390224.0466,5842171.744],[32390241.1788,5842184.6923],[32390352.9967,5842269.2034],[32390367.2413,5842289.695],[32390377.9873,5842310.1867],[32390394.7313,5842352.6696],[32390402.4786,5842383.1573],[32390414.725,5842466.1242],[32390434.9671,5842482.1175],[32390496.1935,5842529.098],[32390499.1922,5842525.0995],[32390507.4389,5842520.6012],[32390520.4338,5842524.0996],[32390536.9275,5842545.5908],[32390556.4203,5842584.5751],[32390576.413,5842630.5565],[32390593.4069,5842678.0374],[32390604.1533,5842721.0201],[32390609.1519,5842762.5035],[32390611.6515,5842805.4864],[32390610.9028,5842875.9584],[32390625.8973,5842905.4464],[32390642.3911,5842932.9353],[32390662.6335,5842960.9238],[32390686.6242,5842981.4154],[32390711.8644,5842991.9108],[32390739.6034,5842996.4086],[32390769.0917,5842996.4082],[32390851.8089,5843004.4039],[32390887.2949,5843012.9],[32390914.7841,5843024.3951],[32390938.0251,5843037.3896],[32390954.5187,5843050.884],[32390962.2658,5843063.3789],[32390966.5147,5843106.8615],[32390969.0145,5843159.3406],[32390966.7657,5843178.3331],[32390959.019,5843192.8274],[32390946.2742,5843203.8232],[32390929.281,5843210.3209],[32390877.5518,5843223.3164],[32390845.3147,5843230.8139],[32390812.3279,5843236.3122],[32390783.3396,5843244.3094],[32390757.4082,5843260.7013],[32390743.6058,5843274.298],[32390733.1102,5843291.7912],[32390728.1125,5843312.7829],[32390728.1129,5843339.2724],[32390732.6115,5843366.7614],[32390741.8582,5843389.7521],[32390756.1028,5843407.7448],[32390774.8455,5843422.2387],[32390797.5866,5843432.7343],[32390823.5764,5843437.2321],[32390852.8147,5843433.7331],[32390883.3024,5843424.7362],[32390929.2839,5843407.2425],[32390968.2682,5843396.7462],[32390991.7588,5843392.2476],[32391013.0003,5843390.7479],[32391027.7445,5843394.2463],[32391035.4916,5843402.7428],[32391037.9908,5843414.738],[32391037.2412,5843428.2327],[32391029.2446,5843441.7274],[32391011.2519,5843453.7229],[32390986.262,5843463.2195],[32390958.0233,5843469.2175],[32390922.0983,5843473.3712],[32390871.5579,5843479.2147],[32390847.8174,5843484.7129],[32390826.8259,5843493.2098],[32390808.5833,5843506.2049],[32390794.839,5843524.1979],[32390788.092,5843547.1889],[32390787.0928,5843570.1797],[32390788.5925,5843589.6719],[32390793.3408,5843607.1649],[32390801.3379,5843624.6578],[32390812.8336,5843642.6505],[32390826.8283,5843660.1434],[32390858.816,5843691.6304],[32390909.7963,5843732.6134],[32390937.1794,5843752.3645],[32390940.2845,5843754.6042],[32390966.7742,5843771.0973],[32391061.0706,5843818.2438],[32391127.7114,5843851.563],[32391153.4514,5843869.0557],[32391176.6925,5843891.0466],[32391200.4334,5843917.5357],[32391208.9296,5843889.0469],[32391221.1744,5843864.5565],[32391239.9166,5843843.5646],[32391264.9065,5843830.0696],[32391293.395,5843821.0728],[32391322.8833,5843817.5738],[32391350.1224,5843818.573],[32391377.8615,5843824.5702],[32391406.8501,5843835.5654],[32391432.0903,5843849.5595],[32391449.3337,5843865.5529],[32391462.0789,5843886.5444],[32391475.0741,5843913.0337],[32391485.0705,5843940.0228],[32391489.0692,5843961.5142],[32391511.5604,5843968.0113],[32391532.3023,5843979.0066],[32391553.0443,5843996.9992],[32391547.7959,5843963.5126],[32391550.7943,5843936.0234],[32391565.0383,5843914.032],[32391588.2789,5843902.5362],[32391610.52,5843897.0381],[32391633.5109,5843895.5384],[32391657.7514,5843907.0335],[32391694.1122,5843923.7763],[32391730.4729,5843940.5191],[32391753.9639,5843962.0102],[32391770.9574,5843982.0021],[32391779.9542,5844002.4938],[32391779.7048,5844037.4799],[32391773.4578,5844076.4644],[32391767.4604,5844093.4578],[32391756.715,5844111.4508],[32391739.2222,5844128.4442],[32391712.7329,5844142.439],[32391681.9952,5844145.9381],[32391655.2557,5844138.9412],[32391636.2631,5844128.9455],[32391629.0159,5844123.4478],[32391686.2447,5844229.4048],[32391701.7391,5844267.8893],[32391745.9734,5844396.8374],[32391752.7211,5844424.3263],[32391762.4676,5844451.3155],[32391777.712,5844480.8035],[32391797.4545,5844506.7929],[32391818.9462,5844526.7846],[32391840.188,5844541.2786],[32391859.4305,5844551.2743],[32391917.4078,5844577.763],[32391939.899,5844590.7575],[32391963.8898,5844609.2498],[32391988.1305,5844634.2395],[32392010.1221,5844662.2281],[32392027.8655,5844692.2159],[32392050.3572,5844737.6975],[32392113.0842,5844869.1443],[32392134.8263,5844918.1245],[32392148.5713,5844955.6094],[32392172.3131,5845036.0771],[32392167.8152,5845062.5666],[32392159.3189,5845085.5576],[32392143.5755,5845106.5494],[32392128.8315,5845113.5469],[32392108.8395,5845120.0446],[32392086.0986,5845123.5435],[32392063.3576,5845123.044],[32392038.1176,5845117.5465],[32392009.3789,5845108.0507],[32391980.89,5845094.5565],[32391956.3995,5845078.0634],[32391892.1742,5845020.5872],[32391854.1888,5844983.6024],[32391820.7016,5844946.6176],[32391717.336,5844823.1882],[32391684.2535,5844783.6843],[32391599.5352,5844648.7392],[32391558.8004,5844575.7688],[32391538.0581,5844542.2824],[32391515.3168,5844512.2947],[32391493.5751,5844491.8031],[32391470.3342,5844483.8067],[32391447.8431,5844478.3092],[32391424.1025,5844475.3107],[32391402.3611,5844475.311],[32391382.1192,5844478.3101],[32391361.1277,5844484.8078],[32391337.1374,5844494.8042],[32391310.898,5844510.2984],[32391286.9078,5844530.2907],[32391267.4159,5844553.2819],[32391254.4215,5844577.7723],[32391241.677,5844607.7606],[32391205.9422,5844680.2322],[32391176.9548,5844755.7026],[32391166.2096,5844790.189],[32391158.7131,5844824.1756],[32391147.4686,5844897.1468],[32391146.4699,5844960.1217],[32391151.2218,5845001.7275],[32391155.7174,5845041.0894],[32391158.3466,5845094.272],[32391156.7182,5845124.0564],[32391150.2212,5845156.5435],[32391140.7254,5845185.5321],[32391130.9796,5845208.0233],[32391117.2353,5845225.0167],[32391094.9944,5845240.5109],[32391065.0065,5845251.5069],[32391028.5211,5845256.5055],[32390986.5377,5845255.0066],[32390939.3065,5845249.5095],[32390820.1036,5845232.0181],[32390739.8854,5845222.523],[32390648.9214,5845214.5275],[32390563.2054,5845209.0309],[32390498.4812,5845208.0322],[32390447.5015,5845212.5311],[32390397.0217,5845221.5282],[32390354.7887,5845234.0239],[32390328.7992,5845247.5189],[32390316.8042,5845261.5135],[32390311.8064,5845276.0078],[32390313.306,5845292.0014],[32390319.8037,5845311.4935],[32390335.5478,5845338.4826],[32390360.0386,5845371.4691],[32390407.6126,5845429.9189],[32390411.2462,5845434.3831],[32390558.963,5845615.8691],[32390630.1858,5845693.3373],[32390669.4207,5845730.8218],[32390702.408,5845757.8106],[32390735.6451,5845777.8022],[32390779.8778,5845798.2934],[32390832.1072,5845815.7857],[32390889.5846,5845828.28],[32390941.564,5845833.2772],[32390984.0471,5845831.7772],[32391075.7604,5845817.2817],[32391127.2397,5845802.287],[32391167.4734,5845780.2951],[32391216.9532,5845745.8082],[32391231.4474,5845740.8099],[32391246.1915,5845740.3099],[32391261.9353,5845744.8079],[32391279.6784,5845756.8029],[32391293.923,5845774.2957],[32391300.9205,5845792.7883],[32391306.1689,5845825.2753],[32391313.1663,5845840.2692],[32391325.9115,5845860.7609],[32391361.3981,5845908.7413],[32391388.6377,5845939.7286],[32391429.3721,5845980.7117],[32391478.8531,5846024.6935],[32391532.0825,5846064.1771],[32391605.554,5846112.157],[32391800.2283,5846233.6059],[32391931.1773,5846309.074],[32392041.3845,5846376.5456],[32392076.3708,5846391.5392],[32392099.3617,5846393.5381],[32392121.6028,5846391.5385],[32392146.5928,5846384.0412],[32392176.8305,5846370.5461],[32392210.3169,5846351.5532],[32392242.5538,5846329.0617],[32392272.7914,5846303.0716],[32392300.2801,5846275.5821],[32392321.0214,5846247.0932],[32392334.2657,5846217.6047],[32392342.7619,5846188.1163],[32392348.7591,5846160.1274],[32392349.0085,5846126.6407],[32392340.5113,5846086.1569],[32392327.5159,5846046.6728],[32392304.5243,5845994.194],[32392303.7743,5845970.7034],[32392310.0215,5845947.2126],[32392322.2662,5845923.222],[32392346.0063,5845885.7366],[32392357.0017,5845875.2406],[32392370.7462,5845871.242],[32392384.7407,5845874.2406],[32392395.7365,5845884.2365],[32392404.7331,5845898.7306],[32392412.4803,5845916.7233],[32392417.7285,5845937.2151],[32392419.2282,5845959.7061],[32392416.9317,5845991.5768],[32392415.2306,5846015.1841],[32392419.2292,5846030.6779],[32392429.4754,5846044.6722],[32392446.7187,5846057.6668],[32392496.4492,5846079.1575],[32392509.4442,5846088.6536],[32392520.1901,5846100.6486],[32392529.4584,5846117.3538],[32392540.4326,5846137.1338],[32392549.679,5846146.6299],[32392562.1742,5846154.6266],[32392579.1675,5846162.6232],[32392635.8953,5846181.115],[32392678.3785,5846191.1104],[32392766.4123,5846207.012],[32392794.5826,5846212.1004],[32392812.3256,5846218.5976],[32392828.0695,5846229.593],[32392840.8147,5846243.0874],[32392849.0616,5846255.5824],[32392853.56,5846268.0773],[32392854.5598,5846281.0721],[32392845.5638,5846317.058],[32392842.3155,5846338.5494],[32392845.5645,5846359.541],[32392857.56,5846381.5321],[32392874.5536,5846403.5231],[32392893.2964,5846422.5153],[32392921.1063,5846441.5278],[32392934.7803,5846449.504],[32393024.2455,5846505.9803],[32393097.2174,5846567.9546],[32393122.2078,5846591.9447],[32393143.1998,5846616.4346],[32393210.4245,5846713.3951],[32393222.6836,5846728.3893],[32393240.663,5846750.38],[32393274.8999,5846784.366],[32393308.387,5846813.354],[32393336.1263,5846833.3456],[32393367.3641,5846849.8386],[32393408.0981,5846866.3315],[32393448.8321,5846880.3253],[32393505.8097,5846893.8192],[32393539.0465,5846898.3169],[32393577.5312,5846898.8162],[32393619.2645,5846891.8184],[32393659.2948,5846874.4978],[32393681.4893,5846858.8306],[32393698.9821,5846839.3381],[32393710.7271,5846820.3455],[32393719.7233,5846802.3525],[32393725.9706,5846785.3592],[32393728.9691,5846767.3663],[32393727.2195,5846747.3743],[32393719.4722,5846723.3839],[32393705.2275,5846693.3961],[32393666.7417,5846620.9255],[32393648.2484,5846575.4438],[32393634.7531,5846526.9633],[32393627.0055,5846483.4807],[32393626.0055,5846454.4922],[32393630.5034,5846434.9999],[32393639.2497,5846415.5076],[32393652.4942,5846397.5145],[32393669.987,5846384.0197],[32393694.2272,5846375.5227],[32393723.7155,5846372.0237],[32393767.3392,5846371.5232],[32393785.4537,5846371.3154],[32393819.6773,5846369.0235],[32393841.4186,5846365.0248],[32393860.6608,5846358.5271],[32393876.6543,5846347.5312],[32393889.8988,5846332.537],[32393899.6447,5846316.5432],[32393910.6399,5846286.555],[32393913.8883,5846264.5637],[32393910.3893,5846235.5753],[32393894.645,5846201.0893],[32393866.9055,5846166.1036],[32393833.9182,5846137.6154],[32393775.6907,5846091.6345],[32393715.4638,5846029.66],[32393683.9758,5845994.1746],[32393663.2336,5845963.687],[32393653.737,5845938.1972],[32393646.0747,5845904.5703],[32393635.743,5845859.2289],[32393625.4967,5845832.7396],[32393611.252,5845805.2507],[32393594.2583,5845777.7619],[32393575.2655,5845751.2727],[32393554.0236,5845726.283],[32393510.0404,5845680.3019],[32393491.5475,5845658.8107],[32393474.054,5845632.3215],[32393457.0603,5845600.8342],[32393443.8151,5845569.347],[32393437.3174,5845545.3566],[32393437.8169,5845525.3645],[32393442.5647,5845506.8718],[32393451.5609,5845491.8777],[32393465.0555,5845483.3809],[32393480.7992,5845481.3814],[32393497.0427,5845483.3804],[32393514.0361,5845488.878],[32393532.2789,5845497.8741],[32393556.2696,5845513.3676],[32393588.0073,5845537.3576],[32393623.7436,5845567.3452],[32393658.98,5845600.3316],[32393706.462,5845655.8088],[32393853.9061,5845847.2306],[32393877.824,5845874.4648],[32393922.38,5845925.1986],[32393945.735,5845948.4879],[32394012.0956,5846014.6618],[32394053.5798,5846059.1435],[32394081.0693,5846092.6298],[32394097.8131,5846123.1174],[32394115.5566,5846161.6018],[32394130.8012,5846203.5849],[32394141.5474,5846242.5693],[32394155.2931,5846320.538],[32394162.5411,5846381.5137],[32394162.5428,5846494.9685],[32394183.5345,5846498.9667],[32394201.5273,5846499.966],[32394217.7708,5846497.4668],[32394225.0178,5846488.97],[32394223.2683,5846476.475],[32394210.0232,5846445.4876],[32394204.0253,5846425.4956],[32394199.2768,5846400.0058],[32394197.2772,5846373.0166],[32394200.0257,5846348.5263],[32394206.023,5846326.0351],[32394213.7696,5846305.5432],[32394225.2648,5846290.0492],[32394243.0077,5846284.5511],[32394259.7517,5846328.0336],[32394264.0002,5846345.0268],[32394267.9991,5846374.515],[32394272.4975,5846387.0099],[32394280.4944,5846395.0066],[32394292.7396,5846398.5051],[32394308.4833,5846398.5048],[32394324.9767,5846392.0072],[32394339.9705,5846377.013],[32394375.9554,5846325.0331],[32394410.4411,5846281.0501],[32394437.6799,5846258.0589],[32394453.9233,5846250.0618],[32394472.1661,5846248.0624],[32394492.658,5846255.0593],[32394513.6499,5846269.0534],[32394531.1432,5846286.0464],[32394541.6392,5846301.0403],[32394462.1708,5846303.5405],[32394444.4279,5846307.0393],[32394429.1841,5846315.0363],[32394417.439,5846328.5311],[32394409.4425,5846348.5233],[32394404.6947,5846371.5142],[32394402.6958,5846394.0053],[32394404.6953,5846414.4971],[32394411.6928,5846432.4899],[32394431.4352,5846452.9814],[32394465.4221,5846478.9706],[32394504.1571,5846504.4599],[32394538.3937,5846522.4523],[32394572.1305,5846534.447],[32394611.1151,5846543.4429],[32394647.3508,5846548.9402],[32394673.8402,5846549.9394],[32394672.3412,5846572.4305],[32394674.5907,5846601.4189],[32394687.0866,5846664.8935],[32394698.3326,5846691.8826],[32394713.3269,5846713.3738],[32394732.3196,5846731.8662],[32394663.5969,5846725.8696],[32394635.358,5846721.8716],[32394593.6245,5846711.3763],[32394539.3958,5846691.3851],[32394507.1583,5846675.3919],[32394482.6678,5846657.3994],[32394466.674,5846643.4052],[32394461.1761,5846637.4076],[32394435.9355,5846597.4239],[32394425.9393,5846585.9286],[32394401.6987,5846564.9373],[32394387.4542,5846554.4417],[32394369.4612,5846544.9457],[32394346.7201,5846537.449],[32394320.9803,5846533.451],[32394293.7411,5846533.4514],[32394269.2509,5846536.9503],[32394249.0091,5846542.9482],[32394231.5161,5846550.9453],[32394214.2731,5846560.9416],[32394196.0306,5846576.9355],[32394159.2959,5846620.9185],[32394182.5366,5846619.9185],[32394213.2744,5846622.9169],[32394246.2614,5846629.4139],[32394275.0001,5846640.4091],[32394296.9916,5846654.903],[32394314.235,5846670.8964],[32394327.48,5846689.3889],[32394337.7262,5846709.8806],[32394344.7238,5846737.3695],[32394347.7231,5846769.8566],[32394348.7233,5846807.8414],[32394358.9691,5846804.3427],[32394366.466,5846795.846],[32394375.2123,5846777.3532],[32394376.7116,5846768.3567],[32394376.4611,5846731.8713],[32394379.2099,5846722.375],[32394386.4569,5846715.3777],[32394396.4529,5846712.8785],[32394407.1987,5846716.377],[32394415.9453,5846725.3733],[32394434.6885,5846764.8573],[32394444.4348,5846781.3506],[32394456.1804,5846795.8447],[32394470.9247,5846806.8401],[32394489.9172,5846811.338],[32394511.1587,5846810.3381],[32394530.401,5846807.3391],[32394549.3934,5846802.3408],[32394590.6271,5846812.836],[32394619.8656,5846817.8336],[32394649.6038,5846821.8316],[32394693.8363,5846824.33],[32394681.0916,5846843.3226],[32394643.1075,5846899.3009],[32394569.9495,5846911.0307],[32394518.4074,5846919.2947],[32394471.1762,5846921.2946],[32394445.4364,5846918.2961],[32394420.1963,5846910.2997],[32394396.2057,5846899.3044],[32394374.2143,5846886.3099],[32394352.2228,5846869.3169],[32394307.9897,5846826.8345],[32394298.7436,5846838.8298],[32394297.9941,5846856.3229],[32394303.4922,5846874.3156],[32394311.2393,5846888.3099],[32394349.0125,5846930.5677],[32394409.7494,5846998.5156],[32394452.6855,5847051.2431],[32394474.4272,5847081.2309],[32394493.4202,5847118.7157],[32394533.7125,5847214.6775],[32394553.6484,5847262.1578],[32394567.6432,5847290.6462],[32394577.0284,5847306.6145],[32394584.387,5847319.1347],[32394603.8795,5847341.6255],[32394626.6207,5847353.6204],[32394646.6128,5847357.6185],[32394659.8576,5847363.1161],[32394667.3547,5847371.1128],[32394669.604,5847382.1084],[32394664.8566,5847434.0878],[32394667.3559,5847449.5816],[32394678.6016,5847464.5755],[32394696.1769,5847479.2211],[32394725.8333,5847499.5609],[32394753.3226,5847514.5545],[32394782.0614,5847525.05],[32394812.7992,5847532.5465],[32394879.023,5847540.5424],[32394896.2662,5847544.5406],[32394914.759,5847551.5375],[32394935.0011,5847562.0331],[32394952.7443,5847578.0265],[32394977.2352,5847621.5088],[32394991.2298,5847639.0016],[32395012.9714,5847653.9954],[32395067.6341,5847686.7599],[32395093.6901,5847703.9743],[32395110.1837,5847718.9681],[32395120.9297,5847734.4618],[32395126.6776,5847749.4558],[32395128.9269,5847764.4498],[32395130.4268,5847797.4366],[32395134.4257,5847830.4235],[32395141.673,5847845.4174],[32395167.1633,5847872.9061],[32395177.4094,5847886.9004],[32395181.6579,5847900.3949],[32395179.9088,5847912.89],[32395172.9118,5847925.3851],[32395160.9167,5847937.3805],[32395145.1731,5847947.3768],[32395126.9305,5847953.3746],[32395085.9468,5847959.3728],[32395066.9545,5847967.3699],[32395051.9607,5847982.3642],[32395042.7146,5848000.857],[32395040.9656,5848017.8502],[32395051.9618,5848061.3328],[32395061.2085,5848087.8221],[32395072.7043,5848111.8124],[32395087.4269,5848131.6784],[32395125.6842,5848176.286],[32395162.67,5848213.2707],[32395197.4066,5848242.7585],[32395234.1424,5848267.7481],[32395278.1253,5848293.7371],[32395324.1073,5848317.2271],[32395367.0905,5848335.2193],[32395407.3247,5848347.214],[32395442.7966,5848354.2638],[32395485.5438,5848359.7079],[32395519.0305,5848361.7066],[32395545.7699,5848361.7063],[32395566.2617,5848361.706],[32395584.2546,5848364.7045],[32395602.9973,5848373.7007],[32395615.7424,5848387.1951],[32395617.242,5848399.1903],[32395612.744,5848411.1856],[32395606.2467,5848422.6811],[32395593.5019,5848433.1771],[32395570.0114,5848444.1731],[32395540.5233,5848453.6697],[32395509.2858,5848461.1672],[32395460.7248,5848469.8678],[32395374.5897,5848487.1588],[32395346.1012,5848495.156],[32395329.6079,5848507.1515],[32395312.3651,5848528.1434],[32395296.6217,5848555.1328],[32395284.377,5848585.6209],[32395274.8814,5848629.1037],[32395266.3857,5848689.08],[32395260.1391,5848750.5556],[32395256.8911,5848800.5358],[32395256.142,5848841.0197],[32395258.1418,5848882.5031],[32395263.6402,5848923.4868],[32395266.6759,5848935.6289],[32395273.3869,5848962.4711],[32395301.5442,5849036.4333],[32395340.3628,5849138.4002],[32395354.8578,5849190.3793],[32395358.1071,5849228.8639],[32395355.1087,5849260.3514],[32395347.1125,5849303.8343],[32395346.3637,5849360.8116],[32395348.8633,5849402.7949],[32395356.111,5849447.2771],[32395397.8472,5849636.7011],[32395410.0928,5849672.6866],[32395440.3319,5849748.1562],[32395446.33,5849777.6444],[32395445.8305,5849799.1358],[32395443.3317,5849815.6293],[32395438.5838,5849829.6238],[32395429.7838,5849845.091],[32395413.8443,5849873.1068],[32395408.2461,5849894.2092],[32395406.8477,5849916.5896],[32395410.3468,5849952.5753],[32395427.3414,5850047.0375],[32395456.3316,5850165.4899],[32395471.0765,5850213.9704],[32395491.569,5850261.4512],[32395514.8104,5850302.9344],[32395539.0512,5850336.4207],[32395567.7902,5850366.9082],[32395604.0263,5850399.3948],[32395639.2628,5850433.8805],[32395664.5032,5850467.3669],[32395683.2463,5850502.3527],[32395709.1629,5850570.1994],[32395718.8634,5850599.1795],[32395735.8734,5850649.9968],[32395752.5265,5850688.3022],[32395766.7578,5850711.3384],[32395786.7388,5850737.7311],[32395815.8984,5850771.9665],[32395850.7225,5850809.3092],[32395896.2506,5850853.2778],[32395912.9902,5850865.8318],[32395928.5258,5850874.3003],[32396006.6421,5850896.8249],[32396083.719,5850911.5211],[32396127.4898,5850919.8668],[32396182.1779,5850935.6216],[32396237.5544,5850958.7343],[32396257.8738,5850972.1544],[32395951.1127,5850978.9128],[32395862.9307,5850903.1906],[32395825.9449,5850866.2059],[32395788.2092,5850823.7233],[32395753.4724,5850780.2411],[32395725.2331,5850739.7576],[32395702.7415,5850702.2729],[32395683.2487,5850665.2879],[32395651.5103,5850597.8151],[32395629.7684,5850559.3308],[32395598.0303,5850508.8513],[32395531.3054,5850413.89],[32395498.5679,5850377.405],[32395462.0819,5850345.4183],[32395420.0982,5850313.4316],[32395400.4299,5850291.8053],[32395299.6441,5850180.986],[32395272.4045,5850148.9991],[32395250.1629,5850117.5119],[32395233.669,5850085.5249],[32395219.924,5850052.5382],[32395208.6779,5850018.5519],[32395199.681,5849985.0653],[32395189.4066,5849938.5385],[32395177.9382,5849886.6048],[32395169.9411,5849861.6149],[32395158.4454,5849842.6226],[32395143.9509,5849827.129],[32395112.463,5849802.1394],[32395103.2165,5849788.6449],[32395102.7165,5849772.1514],[32395106.9646,5849755.6579],[32395112.4622,5849741.6634],[32395124.9801,5849717.9444],[32395140.9501,5849687.6845],[32395151.1956,5849661.1949],[32395159.9417,5849628.7077],[32395167.1883,5849593.7215],[32395171.4361,5849560.2348],[32395170.9359,5849534.2451],[32395197.7922,5849525.8529],[32395222.8924,5849535.5832],[32395215.0119,5849520.4721],[32395192.2048,5849428.1324],[32395161.0001,5849357.2141],[32395140.8761,5849316.8761],[32395131.668,5849304.8363],[32395116.2238,5849297.1173],[32395090.8168,5849295.6491],[32395032.9253,5849299.0684],[32395008.3719,5849291.2367],[32394993.1553,5849279.3529],[32394921.7798,5849180.3894],[32394878.7957,5849095.9236],[32394854.8136,5849059.5648],[32394832.3131,5849025.4523],[32394820.5674,5848999.9626],[32394818.3172,5848918.4951],[32394811.568,5848789.5465],[32394804.8201,5848753.5609],[32394798.0726,5848735.5681],[32394787.3266,5848717.5755],[32394771.3327,5848699.5828],[32394749.0912,5848681.0905],[32394652.3788,5848616.6175],[32394628.1381,5848597.6254],[32394613.8935,5848579.133],[32394609.8948,5848558.1414],[32394579.3933,5848546.8829],[32394527.4538,5848542.2234],[32394496.408,5848552.476],[32394475.2532,5848565.0496],[32394395.2281,5848415.2013],[32394325.7539,5848293.7506],[32394309.0103,5848270.76],[32394286.7687,5848244.2709],[32394259.5292,5848217.7818],[32394210.8053,5848177.7833],[32394318.3313,5848120.5068],[32394255.2783,5848044.3508],[32394187.8038,5847951.8886],[32394173.0593,5847926.8987],[32394116.3308,5847849.4303],[32394099.3373,5847834.9364],[32394079.595,5847822.4416],[32394053.3553,5847811.9462],[32394005.1243,5847801.9508],[32393932.403,5847789.4568],[32393919.333,5847787.3073],[32393923.9769,5847845.0024],[32393980.458,5847855.006],[32394001.361,5847863.46],[32394026.123,5847879.084],[32394046.038,5847899.807],[32394062.304,5847924.193],[32394151.1448,5848113.5439],[32394154.8195,5848127.3193],[32394044.1135,5848126.3212],[32393989.6356,5848118.8191],[32393960.6465,5848114.827],[32393936.4061,5848115.3271],[32393859.4369,5848124.8244],[32393764.9481,5848142.8446],[32393644.5229,5848165.8112],[32393439.8547,5848192.3035],[32393401.1202,5848200.8007],[32393398.9563,5848201.8191],[32393384.1271,5848208.7978],[32393369.633,5848218.2942],[32393360.1692,5848227.2225],[32393353.027,5848213.1282],[32393347.5261,5848163.8449],[32393352.2886,5848128.9198],[32393370.5538,5848107.9264],[32393440.6596,5848063.0384],[32393485.1097,5848020.705],[32393498.8681,5847995.3049],[32393510.5098,5847965.6715],[32393507.6091,5847933.7921],[32393474.5011,5847875.3711],[32393405.851,5847740.573],[32393360.623,5847636.2382],[32393313.7917,5847540.988],[32393281.0398,5847478.3738],[32393258.77,5847414.786],[32393397.4972,5847379.7506],[32393419.5,5847444.353],[32393499.9471,5847423.4011],[32393544.8695,5847387.1585],[32393511.8139,5847353.1364],[32393495.3203,5847342.6408],[32393475.5781,5847335.144],[32393448.5887,5847328.1472],[32393412.603,5847324.1493],[32393342.3028,5847328.2061],[32393308.6444,5847330.1484],[32393283.6543,5847329.1491],[32393255.6654,5847325.6509],[32393227.6764,5847319.6537],[32393172.698,5847299.1626],[32393094.4788,5847278.6719],[32393039.2506,5847270.176],[32392994.9321,5847267.5898],[32392944.7881,5847266.6788],[32392835.5816,5847272.6779],[32392806.0934,5847273.1781],[32392786.1013,5847270.1796],[32392770.3574,5847263.6824],[32392756.113,5847253.1868],[32392675.8938,5847183.7156],[32392645.1556,5847149.2297],[32392594.4248,5847083.7565],[32392575.182,5847052.2693],[32392542.6941,5846993.2932],[32392511.9559,5846965.3048],[32392477.4692,5846937.8162],[32392462.475,5846929.3198],[32392429.238,5846914.826],[32392408.2463,5846908.3289],[32392383.5061,5846903.831],[32392353.2681,5846902.3321],[32392315.5331,5846902.8324],[32392279.7636,5846908.5924],[32392256.5567,5846912.3294],[32392177.3384,5846932.3226],[32392099.3698,5846955.3146],[32392042.6919,5846973.5429],[32391876.4275,5847027.0154],[32391825.23,5847041.784],[32391775.7499,5847052.7804],[32391742.5131,5847052.7808],[32391722.2711,5847047.7831],[32391697.2809,5847038.787],[32391671.5409,5847026.2924],[32391648.7997,5847010.7988],[32391630.8066,5846993.8059],[32391599.5686,5846959.8198],[32391582.825,5846944.826],[32391565.0819,5846933.8306],[32391546.8391,5846927.8333],[32391526.847,5846925.3346],[32391458.6241,5846923.3363],[32391441.941,5846921.1977],[32391439.1318,5846920.8376],[32391419.6395,5846915.8398],[32391401.3966,5846908.8429],[32391384.4032,5846897.8475],[32391341.4198,5846864.3614],[32391305.9337,5846843.8701],[32391261.9509,5846825.3781],[32391198.2259,5846802.3881],[32391185.4809,5846799.3895],[32391154.6921,5846796.9323],[32391092.8263,5846791.9948],[32391072.7756,5846790.3946],[32391055.0326,5846790.3949],[32391037.7895,5846793.3939],[32391010.7172,5846802.0575],[32390987.8096,5846809.3883],[32390944.5769,5846812.8875],[32390919.5868,5846811.3884],[32390896.346,5846807.8902],[32390875.1043,5846801.393],[32390854.8622,5846790.8975],[32390836.3694,5846777.4031],[32390820.1257,5846762.9091],[32390800.883,5846739.4187],[32390750.9018,5846664.9491],[32390641.4433,5846524.5065],[32390609.7052,5846478.5252],[32390533.7335,5846341.0809],[32390520.8216,5846317.0906],[32390494.9978,5846269.1101],[32390436.7701,5846208.635],[32390428.5233,5846201.1381],[32390420.0266,5846196.64],[32390408.0313,5846195.1408],[32390384.0409,5846198.1399],[32390373.5452,5846202.6383],[32390348.5553,5846219.6319],[32390335.3107,5846225.6297],[32390321.5662,5846229.6283],[32390307.8217,5846230.6281],[32390287.0799,5846228.6291],[32390225.1044,5846218.634],[32390205.862,5846211.637],[32390170.6259,5846205.6399],[32390119.3963,5846206.6402],[32390053.422,5846174.1541],[32390020.1851,5846160.1601],[32389992.4459,5846149.6647],[32389923.2232,5846129.1738],[32389898.233,5846119.1781],[32389877.9908,5846106.1836],[32389863.7463,5846091.6896],[32389855.9992,5846078.6948],[32389853.0001,5846062.7012],[32389852.7496,5846022.2173],[32389847.0014,5845982.2333],[32389832.0818,5845898.8265],[32389814.0118,5845797.8072],[32389806.2644,5845761.3218],[32389792.7691,5845714.8405],[32389775.2753,5845667.3596],[32389755.7825,5845626.876],[32389733.291,5845593.3896],[32389719.1799,5845576.2857],[32389685.0594,5845538.4122],[32389666.3166,5845521.919],[32389649.823,5845511.9232],[32389631.0804,5845505.426],[32389612.5877,5845502.4275],[32389595.8443,5845502.4277],[32389532.457,5845517.729],[32389508.8792,5845523.4206],[32389489.1371,5845524.4205],[32389468.1454,5845522.4216],[32389447.6534,5845515.9244],[32389430.6601,5845505.4288],[32389408.9183,5845478.9397],[32389404.1701,5845468.9437],[32389396.9226,5845444.9534],[32389396.4225,5845424.9613],[32389422.9115,5845388.9753],[32389472.4044,5845302.7465],[32389486.8844,5845277.5187],[32389505.1266,5845235.0354],[32389513.1231,5845212.5442],[32389516.371,5845162.564],[32389516.6206,5845138.5736],[32389514.1213,5845118.0818],[32389495.6278,5845060.1051],[32389485.1316,5845034.6154],[32389470.8869,5845007.1265],[32389452.6437,5844976.6389],[32389419.6559,5844912.6648],[32389407.4104,5844884.1763],[32389391.416,5844830.198],[32389384.3462,5844801.437],[32389362.1759,5844711.2457],[32389373.9206,5844669.2623],[32389382.1665,5844613.7842],[32389388.6629,5844543.3122],[32389396.659,5844490.8329],[32389397.4084,5844470.8409],[32389394.4094,5844454.8473],[32389387.162,5844438.354],[32389376.9159,5844422.3605],[32389364.4206,5844406.8668],[32389348.1769,5844392.3728],[32389326.9351,5844379.3783],[32389302.9445,5844368.383],[32389278.4541,5844360.3865],[32389255.4632,5844357.388],[32389217.9401,5844358.6937],[32389197.9861,5844359.388],[32389181.9924,5844356.3894],[32389166.2486,5844348.3928],[32389113.0192,5844309.9089],[32389030.551,5844242.4369],[32388852.1201,5844111.4915],[32388832.8776,5844098.9967],[32388811.8858,5844088.0014],[32388791.1439,5844080.5046],[32388772.6512,5844078.5057],[32388743.6628,5844083.0043],[32388704.4286,5844095.0001],[32388688.6848,5844094.5005],[32388673.9406,5844089.0029],[32388663.6945,5844077.5076],[32388657.4468,5844061.5141],[32388653.698,5844044.0211],[32388651.4483,5843999.039],[32388653.1972,5843974.0489],[32388657.6951,5843950.5582],[32388666.441,5843921.8202],[32388682.1842,5843870.0899],[32388712.1704,5843740.1411],[32388714.4192,5843715.1511],[32388712.9194,5843693.1598],[32388708.6708,5843671.6684],[32388642.4156,5843619.9978],[32388572.3628,5843565.3654],[32388564.4766,5843559.2152],[32388551.9813,5843546.7203],[32388541.2354,5843532.726],[32388531.2392,5843516.2327],[32388516.4945,5843479.7475],[32388511.7461,5843461.2549],[32388509.2469,5843443.7619],[32388506.2468,5843355.7969],[32388503.7473,5843324.8093],[32388497.4994,5843296.8205],[32388473.4078,5843237.2415],[32388427.7747,5843124.3901],[32388342.8075,5843054.9189],[32388348.8035,5842943.963],[32388349.5526,5842903.9788],[32388347.553,5842874.9904],[32388340.5551,5842827.5094],[32388345.0522,5842752.5392],[32388360.5452,5842689.0642],[32388347.0502,5842663.5745],[32388338.5534,5842651.5794],[32388329.5568,5842642.5831],[32388321.0601,5842638.5848],[32388308.5282,5842638.3743],[32388291.322,5842638.0854],[32388285.3243,5842632.5877],[32388282.5752,5842624.0911],[32388282.3252,5842615.0947],[32388284.5742,5842605.5985],[32388297.553,5842579.1502],[32388311.0629,5842551.6196],[32388314.3114,5842536.6255],[32388315.3107,5842521.1316],[32388306.8139,5842502.1393],[32388292.0695,5842484.1467],[32388266.8292,5842466.1542],[32388232.5926,5842450.161],[32388161.1207,5842423.1727],[32388115.8885,5842409.6787],[32388094.8968,5842406.6802],[32388059.6608,5842406.1809],[32388041.2789,5842411.2112],[32388026.4097,5842420.4673],[32388016.222,5842432.0768],[32388002.4806,5842459.3236],[32387987.6405,5842497.8926],[32387984.6921,5842510.1406],[32387984.6923,5842523.6352],[32387990.4402,5842535.1306],[32388001.4359,5842545.1265],[32388039.9209,5842563.6186],[32388047.418,5842569.1163],[32388052.666,5842577.113],[32388056.4147,5842588.6084],[32388057.9143,5842603.6024],[32388056.477,5842622.1469],[32388052.9172,5842668.0768],[32388057.166,5842704.5623],[32388061.9144,5842722.0552],[32388070.4113,5842739.5482],[32388096.1516,5842776.0333],[32388118.393,5842792.5264],[32388132.7627,5842798.2741],[32388148.3812,5842804.5212],[32388158.3773,5842812.0181],[32388165.3747,5842822.014],[32388167.8739,5842837.008],[32388166.6247,5842856.0005],[32388162.6266,5842876.9922],[32388157.0319,5842898.0883],[32388147.3835,5842934.4695],[32388145.1347,5842954.9614],[32388147.8839,5842975.4532],[32388157.1305,5842994.9453],[32388182.2144,5843026.3749],[32388198.6147,5843046.9241],[32388215.3585,5843076.9119],[32388218.8573,5843091.4061],[32388217.3581,5843106.4002],[32388211.1108,5843117.8957],[32388203.3639,5843122.8938],[32388194.8673,5843122.3941],[32388186.3706,5843117.3962],[32388153.6332,5843088.908],[32388139.1388,5843079.9118],[32388125.894,5843076.4134],[32388116.8977,5843078.9125],[32388111.4,5843085.9098],[32388108.1514,5843094.4065],[32388108.6514,5843112.8991],[32388113.6497,5843133.8907],[32388132.3929,5843178.3727],[32388146.6376,5843204.3622],[32388186.8726,5843268.836],[32388272.3404,5843398.7831],[32388310.826,5843460.7579],[32388365.0559,5843559.7178],[32388390.5463,5843602.2005],[32388413.2878,5843636.6865],[32388428.7819,5843656.1785],[32388442.7765,5843666.1743],[32388461.0193,5843672.1717],[32388481.0114,5843673.6708],[32388523.6821,5843662.0251],[32388541.3089,5843659.9752],[32388559.3458,5843662.4345],[32388573.2834,5843668.9932],[32388588.4509,5843682.1106],[32388599.1092,5843696.8678],[32388607.308,5843717.3641],[32388609.3578,5843730.4817],[32388608.4617,5843744.141],[32388597.2167,5843777.6278],[32388583.4725,5843806.1167],[32388544.489,5843869.0922],[32388528.9954,5843891.5835],[32388508.6615,5843917.0551],[32388481.5152,5843951.0605],[32388465.272,5843976.0507],[32388450.7782,5844005.5392],[32388439.0333,5844039.0261],[32388422.291,5844109.9981],[32388416.7937,5844144.4844],[32388409.7976,5844224.9525],[32388407.9956,5844282.6438],[32388406.8002,5844320.9144],[32388403.8018,5844351.4023],[32388399.5112,5844375.9224],[32388391.3076,5844407.88],[32388381.8117,5844430.871],[32388369.5669,5844454.3618],[32388350.074,5844486.851],[32388323.0865,5844531.8316],[32388290.1006,5844596.3064],[32388273.3577,5844632.7922],[32388228.1226,5844740.6298],[32388174.4005,5844868.6997],[32388138.4157,5844934.674],[32388096.1835,5844999.6487],[32388016.2167,5845099.61],[32387937.4994,5845194.5734],[32387920.5065,5845218.5641],[32387901.9572,5845251.8645],[32387879.024,5845293.035],[32387868.7783,5845306.5298],[32387858.5325,5845317.0258],[32387851.1488,5845321.5465],[32387846.2875,5845324.5229],[32387830.5438,5845329.0214],[32387814.0504,5845330.0212],[32387800.3058,5845327.0226],[32387788.5604,5845321.0251],[32387766.319,5845301.5332],[32387744.3273,5845272.545],[32387735.8305,5845258.5507],[32387726.3341,5845247.5552],[32387713.589,5845239.5586],[32387698.0952,5845237.0598],[32387680.6022,5845241.0585],[32387665.6083,5845249.5553],[32387652.0513,5845261.7254],[32387626.2545,5845302.1863],[32387617.458,5845318.165],[32387598.7845,5845352.0853],[32387546.4251,5845425.2891],[32387521.7066,5845455.3709],[32387487.1754,5845490.4505],[32387471.2027,5845506.6769],[32387449.0533,5845534.6666],[32387448.7899,5845535.0429],[32387421.4481,5844355.2791],[32387421.5528,5844355.2851],[32387421.6003,5844355.2843],[32387424.5517,5844355.2336],[32387448.5423,5844354.8216],[32387493.4045,5844351.2782],[32387549.6642,5844342.3032],[32387589.9132,5844330.4484],[32387634.6197,5844313.0173],[32387708.0444,5844278.8534],[32387780.9956,5844243.1415],[32387842.7116,5844212.9296],[32387967.2227,5844160.9841],[32387992.4626,5844154.9862],[32388002.9062,5844153.5832],[32388025.9492,5844150.4875],[32388046.2337,5844149.8906],[32388056.9573,5844118.9378],[32388063.5719,5844085.7325],[32388069.9219,5844031.7574],[32388068.7312,5843988.1011],[32388074.6844,5843953.9697],[32388083.314,5843919.7955],[32388088.171,5843907.5832],[32388094.1683,5843884.5923],[32388096.1671,5843859.1024],[32388094.6673,5843833.1128],[32388091.4183,5843810.122],[32388085.1705,5843788.6306],[32388075.1742,5843768.6387],[32388060.4297,5843748.1471],[32388041.1871,5843725.6563],[32388018.4458,5843702.6657],[32387976.7659,5843668.2751],[32387926.9811,5843627.197],[32387871.2525,5843576.2181],[32387853.5092,5843552.2279],[32387836.0157,5843522.24],[32387809.9186,5843469.6639],[32387802.0301,5843453.7714],[32387795.9629,5843441.5482],[32387768.0408,5843385.2955],[32387753.2963,5843361.3052],[32387736.3027,5843337.8148],[32387691.5698,5843284.8365],[32387669.5782,5843261.846],[32387646.837,5843242.354],[32387620.5971,5843223.3619],[32387591.8583,5843206.3691],[32387561.6201,5843191.3755],[32387534.1309,5843180.88],[32387511.3899,5843175.3826],[32387491.7439,5843173.044],[32387437.9856,5843035.1062],[32387425.624,5843011.0975],[32387409.8183,5842989.4393],[32387389.638,5842971.6227],[32387389.5042,5842971.5046],[32387389.3731,5842971.2834],[32387321.4889,5840042.163],[32387309.9318,5839542.8253],[32387310.0891,5839542.8306],[32387417.1253,5839543.8286],[32387442.8651,5839546.827],[32387519.5849,5839565.8184],[32387539.8269,5839569.3167],[32387557.07,5839569.3165],[32387572.5638,5839566.3175],[32387601.5521,5839551.323],[32387612.7975,5839543.3261],[32387637.5373,5839516.3365],[32387654.0305,5839503.3414],[32387671.7734,5839501.3419],[32387689.2665,5839506.3397],[32387734.9366,5839526.8043],[32387795.2251,5839553.8194],[32387830.4613,5839572.3115],[32387862.199,5839594.3023],[32387890.4381,5839620.2916],[32387913.6793,5839646.7807],[32387930.6728,5839670.2711],[32387959.9119,5839718.7514],[32387974.6564,5839741.2423],[32387986.9017,5839756.2362],[32387998.8971,5839767.2316],[32388056.3748,5839806.2153],[32388079.3659,5839826.7068],[32388119.6007,5839879.1854],[32388143.3416,5839905.1747],[32388197.3207,5839943.1589],[32388283.787,5839995.137],[32388424.4822,5840076.1028],[32388463.9668,5840096.0943],[32388518.4455,5840120.084],[32388571.1748,5840140.5751],[32388605.1614,5840151.0705],[32388620.4054,5840151.0703],[32388629.9015,5840147.5715],[32388636.149,5840141.074],[32388641.3967,5840132.0775],[32388645.145,5840118.083],[32388646.1444,5840099.0906],[32388644.8945,5840076.0997],[32388653.8908,5840067.603],[32388665.886,5840061.1054],[32388678.1311,5840060.1056],[32388687.8773,5840066.1031],[32388720.8649,5840118.082],[32388756.1019,5840189.553],[32388681.1319,5840201.5493],[32388666.138,5840209.0465],[32388656.1422,5840222.5413],[32388650.3947,5840239.0348],[32388649.1455,5840258.0273],[32388653.6441,5840285.0165],[32388674.6368,5840363.485],[32388680.3849,5840389.4746],[32388680.6351,5840408.9668],[32388672.3886,5840420.9622],[32388659.1438,5840421.9619],[32388647.1485,5840414.9649],[32388636.1527,5840402.9698],[32388615.6604,5840371.9824],[32388605.1643,5840351.4907],[32388596.4175,5840329.4996],[32388590.6695,5840309.5076],[32388579.9231,5840263.0263],[32388572.4258,5840242.0347],[32388564.4288,5840232.5386],[32388550.9342,5840232.5388],[32388545.1865,5840238.0367],[32388538.9392,5840250.032],[32388527.4442,5840282.5193],[32388522.9986,5840305.0457],[32388519.9478,5840320.5042],[32388513.7003,5840326.5019],[32388505.2037,5840328.5013],[32388495.9574,5840326.0024],[32388487.4607,5840321.0045],[32388455.2232,5840296.5147],[32388437.9799,5840286.5189],[32388417.9877,5840278.5224],[32388395.4966,5840272.0253],[32388371.506,5840268.0272],[32388347.0158,5840267.5277],[32388325.5244,5840271.5264],[32388304.2829,5840279.0238],[32388325.5247,5840290.5189],[32388350.7649,5840310.5106],[32388379.5039,5840338.499],[32388470.4693,5840446.9546],[32388672.3923,5840678.8596],[32388686.8864,5840669.3631],[32388701.1306,5840663.3653],[32388716.3745,5840661.3659],[32388735.867,5840675.8599],[32388743.614,5840685.8558],[32388749.3619,5840697.3511],[32388757.859,5840731.3375],[32388765.3567,5840775.3199],[32388770.105,5840791.3135],[32388777.3524,5840808.3066],[32388788.0983,5840824.3001],[32388800.8434,5840836.7949],[32388814.5881,5840844.7916],[32388829.0824,5840848.7898],[32388844.3263,5840849.7892],[32388857.8209,5840845.7906],[32388867.5669,5840837.2938],[32388934.5389,5840741.8308],[32388937.2876,5840725.3374],[32388944.7844,5840713.8418],[32388960.0283,5840707.3442],[32388976.5217,5840707.8438],[32388988.2671,5840710.8424],[32388996.7638,5840716.8399],[32389010.7584,5840731.8338],[32389016.2563,5840733.3331],[32389022.2538,5840730.3342],[32389038.2473,5840715.3399],[32389068.9849,5840706.3431],[32389079.7305,5840699.8455],[32389088.7268,5840689.8494],[32389093.4747,5840676.8545],[32389091.2254,5840662.3603],[32389086.4771,5840648.3659],[32389086.227,5840635.3711],[32389090.725,5840621.3766],[32389100.9707,5840604.883],[32389113.7154,5840588.3894],[32389134.7067,5840565.3982],[32389142.9534,5840559.9003],[32389153.949,5840557.901],[32389189.9346,5840555.9013],[32389210.1765,5840551.9026],[32389234.0462,5840541.7448],[32389245.4123,5840536.908],[32389253.1592,5840538.9071],[32389262.1558,5840545.9042],[32389270.9024,5840556.8997],[32389276.1506,5840571.3939],[32389274.1516,5840588.3872],[32389260.8327,5840615.4422],[32389242.1653,5840653.3617],[32389238.6669,5840671.3546],[32389242.6655,5840683.8496],[32389250.4125,5840692.8459],[32389260.4086,5840697.8438],[32389271.9041,5840697.3438],[32389283.6493,5840690.3465],[32389298.0043,5840671.9974],[32389316.8855,5840647.8629],[32389330.8798,5840640.3657],[32389350.1221,5840636.367],[32389380.5401,5840634.0466],[32389409.0985,5840631.868],[32389418.0949,5840627.8694],[32389426.0916,5840620.3723],[32389431.5892,5840605.3782],[32389440.3348,5840542.4031],[32389448.3314,5840527.9088],[32389464.4317,5840508.7973],[32389479.0687,5840491.4229],[32389483.3169,5840481.4268],[32389485.3159,5840468.9317],[32389482.8167,5840455.9369],[32389473.5702,5840445.4412],[32389453.578,5840433.9461],[32389393.1017,5840405.4583],[32389354.2915,5840425.5681],[32389349.7193,5840375.7295],[32389350.4929,5840361.1922],[32389360.4226,5840338.1189],[32389369.1071,5840325.7149],[32389382.4825,5840311.0298],[32389535.3704,5840159.7251],[32389568.265,5840135.9951],[32389581.5495,5840129.7781],[32389595.8293,5840127.1979],[32389686.4458,5840128.0294],[32389693.9781,5840135.5614],[32389705.2237,5840141.5589],[32389716.7192,5840144.0577],[32389728.9643,5840144.0576],[32389763.4505,5840138.0595],[32389828.4661,5840119.0218],[32389828.485,5840120.3277],[32389828.4366,5840123.3356],[32389828.2824,5840126.3313],[32389828.0084,5840129.3074],[32389827.633,5840132.273],[32389827.1929,5840135.2432],[32389826.6871,5840138.2118],[32389826.1144,5840141.1725],[32389825.4735,5840144.1189],[32389824.7633,5840147.045],[32389823.9825,5840149.9443],[32389823.1299,5840152.8106],[32389822.1865,5840155.6367],[32389821.0727,5840158.414],[32389819.8043,5840161.1416],[32389818.4109,5840163.8193],[32389816.9222,5840166.4468],[32389815.3676,5840169.0241],[32389814.731,5840170.0331],[32389813.7704,5840171.5554],[32389812.1279,5840174.0576],[32389810.4459,5840176.5363],[32389808.7317,5840178.9957],[32389806.9925,5840181.4402],[32389805.2355,5840183.8741],[32389803.4681,5840186.3017],[32389801.6974,5840188.7274],[32389799.9307,5840191.1554],[32389798.1752,5840193.5902],[32389796.4382,5840196.0359],[32389785.4003,5840209.8647],[32389761.6943,5840247.6199],[32389745.8904,5840285.375],[32389740.6226,5840305.5695],[32389741.5009,5840324.0079],[32389748.5252,5840334.5441],[32389763.4517,5840343.3241],[32389853.0101,5840368.7854],[32389864.7824,5840371.0798],[32389916.7212,5840381.2028],[32389956.6169,5840388.9785],[32390012.8103,5840395.1238],[32390032.7065,5840395.1235],[32390047.053,5840395.1233],[32390220.0229,5840377.5605],[32390265.6798,5840367.0236],[32390281.484,5840361.7553],[32390288.5082,5840359.1211],[32390317.4826,5840339.8042],[32390343.8228,5840314.3413],[32390364.0169,5840287.1224],[32390431.6238,5840242.3424],[32390474.2474,5840209.4568],[32390585.8728,5840100.5629],[32390651.8404,5840040.32],[32390729.8136,5839969.1132],[32390756.5526,5839942.1235],[32390778.2936,5839916.6334],[32390793.7871,5839892.6427],[32390801.2838,5839870.1515],[32390802.2831,5839849.1599],[32390798.2844,5839832.1667],[32390790.0375,5839818.6722],[32390777.0426,5839810.6755],[32390758.3,5839805.6778],[32390732.8101,5839802.6793],[32390640.593,5839795.1588],[32390579.6208,5839790.1864],[32390531.14,5839785.1891],[32390487.4073,5839778.6923],[32390448.1728,5839767.6972],[32390410.6875,5839753.7033],[32390343.9636,5839722.2168],[32390314.9749,5839705.7238],[32390288.7351,5839686.2319],[32390266.9934,5839666.2401],[32390251.4993,5839646.2483],[32390240.7532,5839620.2588],[32390232.7559,5839584.773],[32390228.0072,5839545.2888],[32390227.257,5839507.3039],[32390158.7837,5839471.819],[32390131.2944,5839454.3263],[32390055.5737,5839400.8487],[32390010.6968,5839369.6851],[32390011.5981,5839367.7372],[32390012.8596,5839365.0165],[32390014.1234,5839362.297],[32390015.4222,5839359.5901],[32390016.7652,5839356.8989],[32390018.1418,5839354.2198],[32390019.5413,5839351.5492],[32390020.9534,5839348.8833],[32390021.4388,5839347.9687],[32390030.3018,5839330.0508],[32390038.0576,5839304.3338],[32390044.1634,5839262.7248],[32390045.4866,5839220.6585],[32390045.4675,5839217.7251],[32390045.4356,5839214.7176],[32390045.389,5839211.7085],[32390045.3667,5839210.6624],[32390045.8583,5839208.843],[32390052.072,5839182.4356],[32390054.0707,5839145.4503],[32390052.3208,5839109.4646],[32390047.5722,5839074.9784],[32390039.528,5839036.269],[32390029.8283,5839003.5071],[32389985.8442,5838893.5515],[32389979.0966,5838871.0605],[32389973.5981,5838823.5795],[32389973.8477,5838802.088],[32389976.8462,5838782.0959],[32389984.093,5838763.1034],[32389994.3387,5838746.11],[32390006.8336,5838733.6148],[32390043.8185,5838708.1244],[32390065.5597,5838696.1289],[32390085.0518,5838688.6316],[32390123.7862,5838677.1356],[32390144.028,5838667.1393],[32390163.2702,5838653.1446],[32390181.0128,5838628.6541],[32390196.756,5838592.6682],[32390209.5004,5838553.6835],[32390221.6008,5838505.7747],[32390248.2323,5838369.2564],[32390255.4791,5838347.265],[32390269.4732,5838322.7746],[32390286.716,5838301.2829],[32390303.2093,5838287.2882],[32390321.9517,5838278.7913],[32390346.1919,5838270.2944],[32390373.431,5838264.2964],[32390401.4198,5838260.7974],[32390427.9093,5838261.2968],[32390453.6491,5838264.2953],[32390478.1394,5838268.7931],[32390501.6302,5838275.2902],[32390525.6208,5838286.2855],[32390549.8614,5838301.779],[32390571.603,5838319.2717],[32390627.3316,5838372.7497],[32390670.315,5838410.734],[32390691.8798,5838426.965],[32390726.5432,5838449.7177],[32390760.53,5838469.2094],[32390812.2597,5838494.1988],[32390872.329,5838526.0994],[32390871.2325,5838616.9379],[32390873.5867,5838640.8172],[32390878.532,5838668.5325],[32390887.4472,5838692.8271],[32390897.5548,5838711.2217],[32390912.1575,5838730.2559],[32390934.8012,5838754.3091],[32390954.9539,5838772.315],[32390976.6494,5838788.3902],[32390999.9908,5838801.9078],[32391030.9298,5838817.0354],[32391102.6081,5838846.5666],[32391104.4824,5838847.3177],[32391107.2616,5838848.4442],[32391110.0355,5838849.5832],[32391112.8033,5838850.7361],[32391115.5643,5838851.9045],[32391118.3179,5838853.0898],[32391121.065,5838854.2902],[32391123.8113,5838855.4938],[32391126.5571,5838856.6999],[32391129.3023,5838857.9084],[32391132.0468,5838859.1197],[32391134.7903,5838860.3339],[32391137.5328,5838861.5511],[32391140.2742,5838862.7716],[32391143.0143,5838863.9955],[32391145.753,5838865.2229],[32391148.4901,5838866.454],[32391151.2255,5838867.6891],[32391153.9591,5838868.9282],[32391156.6907,5838870.1716],[32391159.4203,5838871.4194],[32391162.1476,5838872.6718],[32391164.8725,5838873.9289],[32391167.5949,5838875.191],[32391170.3147,5838876.4581],[32391173.0318,5838877.7306],[32391175.7459,5838879.0084],[32391178.457,5838880.2919],[32391181.1649,5838881.5811],[32391183.8695,5838882.8763],[32391186.5706,5838884.1775],[32391189.2682,5838885.4851],[32391191.9621,5838886.7991],[32391194.6521,5838888.1198],[32391197.3381,5838889.4472],[32391200.0201,5838890.7816],[32391202.6977,5838892.1231],[32391205.371,5838893.4719],[32391208.0325,5838894.8427],[32391210.6607,5838896.2779],[32391213.2572,5838897.7734],[32391215.8254,5838899.322],[32391218.3688,5838900.9161],[32391220.8907,5838902.5484],[32391223.3946,5838904.2114],[32391225.8838,5838905.8978],[32391228.3618,5838907.6002],[32391230.8319,5838909.311],[32391233.2975,5838911.0229],[32391235.7621,5838912.7292],[32391238.225,5838914.4441],[32391240.6784,5838916.181],[32391243.1136,5838917.9468],[32391245.5217,5838919.748],[32391247.8941,5838921.5916],[32391250.222,5838923.4843],[32391252.4966,5838925.4328],[32391254.7094,5838927.4437],[32391256.8768,5838929.5057],[32391259.0141,5838931.606],[32391261.121,5838933.7425],[32391263.1971,5838935.9133],[32391265.2418,5838938.1163],[32391267.2546,5838940.3496],[32391269.2352,5838942.6111],[32391271.183,5838944.8988],[32391273.0975,5838947.2107],[32391274.9786,5838949.5448],[32391276.8387,5838951.8935],[32391278.6862,5838954.2526],[32391280.5223,5838956.6211],[32391282.3479,5838958.9982],[32391284.164,5838961.3831],[32391285.9718,5838963.775],[32391287.7721,5838966.173],[32391289.5661,5838968.5763],[32391291.3548,5838970.984],[32391293.1391,5838973.3953],[32391294.9202,5838975.8094],[32391296.699,5838978.2254],[32391298.4766,5838980.6425],[32391300.254,5838983.0599],[32391302.0321,5838985.4767],[32391303.8122,5838987.8921],[32391305.5951,5838990.3052],[32391305.7151,5838990.4671],[32391320.0845,5839009.4288],[32391354.552,5839050.9697],[32391372.1576,5839059.5908],[32391387.4484,5839064.2783],[32391389.3853,5839064.7018],[32391390.9897,5839065.0122],[32391392.0718,5839065.6956],[32391417.0276,5839081.4567],[32391440.7683,5839096.4504],[32391497.7462,5839136.9334],[32391519.238,5839155.4258],[32391548.4767,5839184.4138],[32391577.5372,5839211.637],[32391615.7009,5839247.3878],[32391641.191,5839262.3815],[32391661.1833,5839277.8751],[32391676.4275,5839296.8673],[32391690.9218,5839302.8647],[32391707.6653,5839314.3599],[32391739.1531,5839340.8489],[32391759.8951,5839354.3433],[32391779.8871,5839354.343],[32391789.8831,5839350.3444],[32391808.6254,5839336.3497],[32391815.1228,5839335.3501],[32391823.8694,5839336.8493],[32391834.1154,5839340.8476],[32391844.8612,5839347.3449],[32391855.3571,5839356.8409],[32391906.7079,5839409.6287],[32391918.8328,5839420.3148],[32391936.0761,5839432.3098],[32391957.3178,5839443.3051],[32391986.8063,5839455.2999],[32392058.778,5839479.7892],[32392073.1455,5839482.0878],[32392090.0156,5839484.7867],[32392160.6235,5839501.4211],[32392185.478,5839507.2765],[32392200.9717,5839501.7784],[32392214.7162,5839494.2812],[32392227.461,5839484.285],[32392254.9165,5839499.7689],[32392332.9198,5839543.7599],[32392382.0337,5839572.6274],[32392529.3434,5839659.2112],[32392537.8401,5839664.2091],[32392606.5633,5839706.6912],[32392646.2979,5839741.1769],[32392667.0401,5839762.1683],[32392689.0316,5839780.6606],[32392722.1438,5839808.649],[32392755.2561,5839836.6374],[32392757.5052,5839833.1388],[32392766.7512,5839827.141],[32392786.2436,5839826.1412],[32392820.2301,5839838.1359],[32392872.2099,5839865.6242],[32392986.4136,5839933.2775],[32393076.3805,5839986.5732],[32393107.1183,5840001.067],[32393143.604,5840014.5612],[32393192.5849,5840028.5549],[32393240.3159,5840040.5495],[32393285.2983,5840049.0454],[32393289.7966,5840049.5452],[32393402.2504,5839953.5818],[32393438.4854,5839925.0926],[32393460.4766,5839909.5984],[32393481.7179,5839898.1027],[32393504.7088,5839891.605],[32393530.9483,5839893.104],[32393525.9497,5839861.1168],[32393530.1977,5839830.6289],[32393547.4405,5839798.1416],[32393619.6605,5839716.6729],[32393666.3912,5839669.691],[32393717.3703,5839625.208],[32393801.5858,5839556.2342],[32393831.0736,5839525.2461],[32393853.8142,5839491.7591],[32393869.3074,5839454.7736],[32393877.5536,5839418.288],[32393881.5512,5839365.309],[32393879.5518,5839350.8148],[32393874.0538,5839338.8197],[32393865.0574,5839328.324],[32393852.812,5839317.8283],[32393817.7702,5839293.1636],[32393749.8519,5839245.3586],[32393718.3641,5839219.8692],[32393699.8712,5839199.8774],[32393688.6254,5839181.8847],[32393682.3776,5839165.3914],[32393678.6289,5839149.3978],[32393680.378,5839135.9031],[32393689.6243,5839127.9062],[32393712.8648,5839121.4084],[32393720.8615,5839115.9105],[32393727.1089,5839103.4154],[32393731.357,5839088.4213],[32393734.3554,5839058.4332],[32393729.3567,5839011.4519],[32393724.8582,5838999.4568],[32393718.4731,5838993.9839],[32393704.8661,5838988.4614],[32393666.3813,5838987.4624],[32393652.137,5838984.4638],[32393638.8923,5838978.4663],[32393629.6458,5838968.9702],[32393625.3974,5838956.4753],[32393623.6476,5838932.9846],[32393621.8982,5838923.4884],[32393617.3998,5838912.9927],[32393609.9027,5838902.497],[32393575.6659,5838873.0092],[32393563.9204,5838865.5123],[32393547.4269,5838861.5141],[32393509.9418,5838857.5163],[32393494.448,5838853.0183],[32393482.4526,5838845.0216],[32393471.9566,5838835.0257],[32393459.7112,5838819.5321],[32393448.2155,5838801.0396],[32393439.4687,5838781.0477],[32393434.4704,5838760.5559],[32393432.4709,5838738.0649],[32393433.2202,5838713.5746],[32393436.2187,5838687.5849],[32393443.4653,5838656.0973],[32393478.1998,5838538.6436],[32393485.1964,5838494.1612],[32393489.1941,5838442.1818],[32393491.442,5838358.2151],[32393489.1304,5838309.5493],[32393482.9428,5838179.2864],[32393484.6914,5838129.8061],[32393493.4375,5838100.3177],[32393506.432,5838077.8265],[32393523.1751,5838059.3336],[32393543.6032,5838060.6611],[32393623.1354,5838065.8296],[32393661.1203,5838066.8287],[32393703.3535,5838063.8293],[32393765.5786,5838055.3318],[32393837.5498,5838042.3359],[32393968.6594,5838011.254],[32394019.5585,5837999.1874],[32394066.7078,5837988.8539],[32394114.1888,5837980.8565],[32394130.1825,5837980.8562],[32394145.1765,5837983.355],[32394162.4198,5837988.8526],[32394181.1625,5837999.3482],[32394197.4062,5838012.3428],[32394213.1501,5838028.3362],[32394294.6177,5838028.335],[32394316.1091,5838023.8365],[32394332.1026,5838012.3409],[32394343.5978,5837996.347],[32394352.0941,5837977.8543],[32394364.0135,5837937.0631],[32394364.8568,5837934.5179],[32394373.3348,5837912.38],[32394388.3284,5837887.3898],[32394415.8171,5837856.9015],[32394453.0517,5837821.4151],[32394490.0366,5837788.9275],[32394544.6478,5837744.8032],[32394565.5057,5837727.9507],[32394578.0005,5837715.4555],[32394605.2391,5837676.4706],[32394618.9833,5837652.9797],[32394628.4792,5837632.9876],[32394702.4511,5837720.9515],[32394726.9418,5837754.9377],[32394741.1864,5837768.4321],[32394757.43,5837773.9297],[32394772.174,5837769.931],[32394781.92,5837760.4347],[32394786.668,5837747.9396],[32394787.1676,5837735.4446],[32394780.9198,5837716.952],[32394746.4324,5837641.4825],[32394742.1839,5837623.4897],[32394739.9344,5837600.9987],[32394740.9337,5837578.5076],[32394746.4313,5837560.0149],[32394758.6762,5837549.0191],[32394776.4191,5837544.5207],[32394796.911,5837546.5196],[32394816.9032,5837554.5161],[32394843.5685,5837574.3663],[32394861.8857,5837588.0021],[32394880.8783,5837594.4993],[32394900.3705,5837594.499],[32394914.115,5837587.0018],[32394922.3615,5837574.0069],[32394925.1101,5837557.0136],[32394924.61,5837536.0219],[32394922.6105,5837512.5313],[32394916.6125,5837486.0419],[32394905.1167,5837457.5534],[32394832.1437,5837318.1099],[32394799.4057,5837248.1382],[32394769.6665,5837175.6675],[32394745.825,5837105.1557],[32394717.9346,5837002.737],[32394707.6879,5836951.2576],[32394700.9398,5836894.2804],[32394697.4404,5836839.3023],[32394697.9396,5836793.3206],[32394703.853,5836807.9786],[32394715.6831,5836837.3028],[32394753.418,5836828.3059],[32394786.6547,5836822.3078],[32394816.8926,5836819.8084],[32394887.8644,5836820.3072],[32394970.0817,5836823.8046],[32395009.816,5836828.802],[32395051.2996,5836836.7983],[32395089.5345,5836846.7938],[32395120.0226,5836856.7894],[32395129.2185,5836861.3871],[32395145.0128,5836869.284],[32395168.7536,5836884.2777],[32395189.2456,5836899.2715],[32395231.9791,5836935.2566],[32395244.4744,5836949.2508],[32395253.471,5836965.2443],[32395258.4693,5836981.2379],[32395260.2188,5836994.7325],[32395257.9698,5837006.2279],[32395251.2226,5837015.7243],[32395218.7359,5837042.2142],[32395177.2529,5837070.7034],[32395115.5279,5837102.6916],[32395155.2638,5837220.6441],[32395174.0069,5837264.6264],[32395194.2494,5837299.6121],[32395220.7394,5837337.5967],[32395238.0164,5837358.9747],[32395299.7093,5837430.0588],[32395351.6893,5837480.5379],[32395404.419,5837523.5201],[32395451.6507,5837558.0057],[32395520.374,5837601.4874],[32395563.1073,5837624.4777],[32395611.0885,5837646.4683],[32395660.0693,5837662.4612],[32395706.301,5837670.4574],[32395749.034,5837671.4564],[32395788.5183,5837669.4566],[32395854.242,5837661.4588],[32395877.7326,5837654.4613],[32395895.2255,5837646.4642],[32395917.6548,5837630.8878],[32395931.2108,5837621.4736],[32395942.4563,5837616.4755],[32395951.9525,5837617.4749],[32395959.6996,5837630.9695],[32395965.4477,5837655.4596],[32395969.8244,5837684.6346],[32395973.6952,5837710.4377],[32395989.4397,5837762.9166],[32395997.1865,5837751.9208],[32396008.182,5837745.9231],[32396024.6755,5837747.4222],[32396051.1653,5837772.9117],[32396076.9054,5837794.9026],[32396104.1448,5837814.8943],[32396206.6049,5837876.8681],[32396233.0947,5837894.8606],[32396250.3381,5837913.353],[32396263.0833,5837933.8447],[32396270.8305,5837954.8362],[32396273.8296,5837972.3292],[32396270.7104,5838134.655],[32396273.8326,5838184.2449],[32396281.8304,5838254.217],[32396298.0759,5838387.6637],[32396306.0733,5838430.6464],[32396319.5686,5838473.1294],[32396326.9675,5838489.6177],[32396337.0622,5838512.1136],[32396357.5545,5838545.1002],[32396383.5446,5838573.5885],[32396415.0324,5838600.0775],[32396447.5198,5838622.0683],[32396476.5085,5838638.0615],[32396541.2331,5838658.5524],[32396640.1966,5838684.3033],[32396698.1713,5838703.0325],[32396722.4118,5838716.027],[32396743.6536,5838733.5197],[32396765.3953,5838756.0105],[32396785.1378,5838781.9999],[32396799.6324,5838808.4891],[32396815.3768,5838856.4698],[32396819.1256,5838876.9616],[32396820.3754,5838895.4542],[32396818.3766,5838923.4431],[32396812.6295,5838963.4273],[32396800.7558,5839017.6769],[32396795.1375,5839036.8983],[32396783.7982,5839062.9461],[32396769.8984,5839094.8756],[32396763.1513,5839114.8678],[32396757.6539,5839138.8583],[32396754.6554,5839164.3482],[32396753.9061,5839191.3375],[32396755.4059,5839218.8265],[32396762.4041,5839284.3004],[32396763.154,5839302.2932],[32396761.405,5839319.2865],[32396756.6571,5839333.281],[32396748.6604,5839344.7765],[32396737.9148,5839354.2729],[32396708.4268,5839370.267],[32396694.6824,5839382.2624],[32396684.9365,5839399.2558],[32396682.1879,5839419.2479],[32396685.4369,5839436.7409],[32396691.9345,5839452.2346],[32396708.8749,5839481.459],[32396724.6723,5839508.7117],[32396737.6675,5839537.2002],[32396743.4156,5839562.1901],[32396739.9182,5839647.1564],[32396747.6653,5839657.1523],[32396776.4049,5839726.6243],[32396788.6504,5839752.1139],[32396802.895,5839773.6052],[32396819.8885,5839792.5974],[32396840.3806,5839810.59],[32396867.3701,5839825.0838],[32396898.3579,5839835.0794],[32396933.8439,5839842.0761],[32396943.5898,5839828.0815],[32396954.3354,5839818.0853],[32396968.0798,5839812.5873],[32396980.325,5839813.5868],[32397003.5659,5839825.5817],[32397024.3078,5839833.5782],[32397051.0472,5839839.5754],[32397100.2778,5839846.5719],[32397136.7631,5839836.5754],[32397163.5023,5839825.0796],[32397179.7456,5839811.5847],[32397185.2844,5839797.308],[32397186.9924,5839785.595],[32397182.7439,5839776.5986],[32397170.9985,5839770.6012],[32397131.1444,5839764.8129],[32397081.5339,5839757.6076],[32397017.0592,5839735.1175],[32396948.3361,5839703.631],[32396923.3458,5839686.1383],[32396901.8541,5839664.1473],[32396884.8605,5839642.1563],[32396873.3648,5839624.1636],[32396867.8668,5839607.6703],[32396866.8669,5839588.178],[32396869.3656,5839565.687],[32396885.9698,5839489.6961],[32396898.8519,5839430.7402],[32396903.0995,5839381.7596],[32396906.3479,5839362.2673],[32396917.343,5839323.2827],[32396927.3388,5839304.7899],[32396941.8328,5839288.7961],[32396973.5697,5839260.3069],[32396999.559,5839231.3181],[32397009.8046,5839214.3247],[32397016.5517,5839193.333],[32397019.0503,5839170.3421],[32397017.0508,5839147.3512],[32397011.5526,5839122.8611],[32397003.3055,5839096.3717],[32396985.9029,5839048.2056],[32396971.0671,5839006.9078],[32396954.8228,5838953.9291],[32396947.0752,5838908.9471],[32396949.3238,5838874.9606],[32396957.0703,5838846.9716],[32396968.3155,5838824.4804],[32396982.5596,5838806.4873],[32397007.0497,5838790.9931],[32397047.2834,5838776.9981],[32397097.2634,5838766.5016],[32397150.9919,5838760.0034],[32397237.2076,5838754.5044],[32397292.1857,5838752.5044],[32397314.1769,5838754.0035],[32397335.4185,5838757.002],[32397371.4044,5838767.9971],[32397254.7033,5838941.9296],[32397242.7084,5838966.9198],[32397236.2114,5838993.4094],[32397233.213,5839019.3991],[32397232.7135,5839043.3895],[32397235.4629,5839076.3764],[32397248.9589,5839172.338],[32397252.4581,5839211.8223],[32397251.7088,5839240.8107],[32397248.4604,5839265.301],[32397238.2151,5839303.2861],[32397235.8747,5839307.8528],[32397227.9694,5839323.2783],[32397193.9836,5839369.7603],[32397167.4944,5839390.2525],[32397140.2454,5839413.4866],[32397120.0139,5839430.7371],[32397114.7662,5839444.7316],[32397114.7664,5839459.7256],[32397118.2652,5839474.7196],[32397125.5126,5839489.7135],[32397136.7583,5839505.2072],[32397339.1804,5839688.6314],[32397559.8455,5839884.0505],[32397585.3357,5839911.0394],[32397600.3301,5839933.0304],[32397609.5767,5839953.5221],[32397610.5766,5839971.0152],[32397608.0778,5839988.5082],[32397598.5407,5840012.0604],[32397588.8361,5840028.9924],[32397574.592,5840048.9846],[32397557.8489,5840066.9777],[32397528.2926,5840088.9345],[32397505.3704,5840105.963],[32397495.1246,5840117.4585],[32397473.6338,5840160.4417],[32397459.4072,5840184.9739],[32397434.3683,5840227.2752],[32397422.1556,5840247.9077],[32397402.6633,5840243.4097],[32397385.92,5840247.4084],[32397371.426,5840263.4022],[32397383.9212,5840274.8975],[32397392.4179,5840285.893],[32397397.9159,5840297.8881],[32397401.1648,5840311.8825],[32397401.9148,5840329.3755],[32397397.9169,5840362.8623],[32397396.9174,5840368.8599],[32397385.6726,5840419.8398],[32397385.173,5840437.8326],[32397391.4212,5840479.316],[32397418.4104,5840477.8162],[32397441.4013,5840478.8155],[32397461.8932,5840482.3138],[32397497.8791,5840498.307],[32397515.1224,5840509.3023],[32397529.117,5840521.2974],[32397539.1132,5840534.2921],[32397545.111,5840547.2868],[32397546.6106,5840559.282],[32397542.3624,5840568.2785],[32397533.616,5840575.7756],[32397519.3949,5840584.4921],[32397502.6286,5840594.7685],[32397494.382,5840601.7658],[32397489.8839,5840610.2625],[32397492.8829,5840621.7579],[32397519.1944,5840649.5086],[32397543.1137,5840674.7361],[32397556.1088,5840692.229],[32397570.6035,5840724.216],[32397576.6013,5840741.2092],[32397580.3501,5840758.7022],[32397579.8506,5840777.6946],[32397575.1027,5840794.6879],[32397567.8558,5840807.1831],[32397558.1098,5840815.6798],[32397546.6144,5840822.1774],[32397518.1259,5840830.6744],[32397493.8856,5840833.1738],[32397451.9022,5840829.6758],[32397426.5672,5840823.8296],[32397420.498,5840822.1453],[32397299.9621,5840788.6942],[32397180.2593,5840760.7071],[32397132.528,5840746.7133],[32397060.9375,5840719.4258],[32397026.3197,5840706.2309],[32397014.3245,5840705.2315],[32397003.5788,5840708.2305],[32396995.5821,5840715.7276],[32396990.8341,5840727.7229],[32396988.9854,5840743.4105],[32396982.5884,5840797.6952],[32397029.8207,5840868.1665],[32397047.5639,5840890.1575],[32397073.3041,5840917.1464],[32397092.7965,5840927.6419],[32397122.5348,5840935.6383],[32397168.0167,5840940.1359],[32397258.1129,5840941.0381],[32397327.129,5840943.5933],[32397364.8623,5840940.6249],[32397403.7895,5840931.9961],[32397447.1123,5840922.393],[32397475.5183,5840923.2406],[32397495.1634,5840929.3592],[32397514.5659,5840936.7892],[32397559.8886,5840954.1452],[32397572.6062,5840963.6208],[32397586.6007,5840971.1176],[32397606.093,5840977.1149],[32397626.5849,5840981.113],[32397641.0792,5840980.613],[32397651.5749,5840976.6145],[32397660.3214,5840969.6171],[32397673.8831,5840949.9197],[32397681.3126,5840939.1289],[32397691.0586,5840931.132],[32397702.554,5840929.6324],[32397713.0499,5840935.6299],[32397721.0469,5840946.6254],[32397725.2953,5840958.6206],[32397722.4522,5840999.2084],[32397719.7987,5841037.0894],[32397721.0484,5841049.5844],[32397723.7974,5841058.081],[32397729.0454,5841065.0782],[32397738.5417,5841072.0752],[32397757.0345,5841080.6762],[32397770.7791,5841087.0688],[32397779.2759,5841095.0655],[32397787.5223,5841076.5727],[32397798.2678,5841060.579],[32397813.2616,5841045.5847],[32397855.4944,5841018.095],[32397878.4851,5841007.0991],[32397899.2268,5841002.6006],[32397918.4692,5841004.0997],[32397936.9619,5841009.0975],[32397953.2055,5841017.094],[32397965.4509,5841029.0891],[32397970.9489,5841044.5829],[32397973.698,5841058.5772],[32397972.6986,5841072.5717],[32397967.7008,5841088.5654],[32397945.7101,5841127.5502],[32397931.2162,5841148.0423],[32397901.4784,5841173.0327],[32397890.483,5841186.5275],[32397882.9861,5841200.0223],[32397872.2408,5841229.0109],[32397869.4922,5841245.0046],[32397867.4942,5841327.9716],[32397857.4982,5841329.9709],[32397850.0012,5841334.969],[32397843.254,5841342.966],[32397825.0107,5841301.4827],[32397820.0124,5841285.989],[32397810.7654,5841238.0082],[32397804.5177,5841225.5132],[32397794.2717,5841217.5166],[32397781.0269,5841213.5184],[32397764.7833,5841212.0192],[32397757.7859,5841199.5243],[32397749.0393,5841189.0286],[32397737.2938,5841179.0327],[32397715.5523,5841169.037],[32397682.0654,5841156.5424],[32397638.1525,5841142.2344],[32397593.1004,5841127.5552],[32397577.3565,5841118.559],[32397568.6099,5841108.0633],[32397567.61,5841094.0689],[32397471.8972,5841032.0949],[32397415.1692,5840992.1117],[32397403.6737,5840986.614],[32397379.9331,5840983.1157],[32397366.9383,5840986.1147],[32397355.443,5840994.1117],[32397347.1965,5841009.1059],[32397342.9485,5841028.5982],[32397340.9495,5841045.5914],[32397341.4495,5841061.0853],[32397343.9487,5841073.0805],[32397348.9469,5841084.5758],[32397364.9408,5841106.067],[32397374.6873,5841127.5583],[32397376.9365,5841137.0545],[32397376.9368,5841153.548],[32397372.4387,5841162.0447],[32397362.6927,5841170.0416],[32397347.6987,5841174.0402],[32397332.4547,5841172.0413],[32397315.2115,5841165.5441],[32397317.4607,5841176.0399],[32397320.8358,5841191.2893],[32397324.2085,5841206.5276],[32397285.5564,5841177.7642],[32397259.7334,5841158.5477],[32397211.0024,5841132.0589],[32397188.5113,5841124.0624],[32397169.2689,5841120.5641],[32397151.276,5841121.0641],[32397135.0326,5841126.0624],[32397121.2882,5841135.059],[32397112.042,5841148.0539],[32397108.0438,5841162.5482],[32397107.0445,5841179.0417],[32396996.3382,5841158.5514],[32396959.3528,5841151.5547],[32396928.3651,5841144.8079],[32396897.3773,5841138.061],[32396876.6355,5841134.0629],[32396883.3823,5841099.0767],[32396887.3802,5841067.0893],[32396887.6297,5841034.6023],[32396881.3815,5840993.6187],[32396870.1352,5840939.6403],[32396850.1419,5840855.1742],[32396842.6446,5840832.6833],[32396808.4071,5840752.7156],[32396792.1629,5840710.2327],[32396784.6657,5840696.2384],[32396775.1693,5840686.2425],[32396750.6791,5840687.2424],[32396698.9498,5840695.7398],[32396683.4559,5840696.7396],[32396656.2168,5840695.2406],[32396648.2199,5840692.7417],[32396642.722,5840686.7442],[32396638.7234,5840674.2492],[32396636.9739,5840659.2552],[32396639.7226,5840646.7601],[32396645.2203,5840635.7644],[32396652.967,5840625.7683],[32396678.4566,5840604.7763],[32396692.2009,5840589.782],[32396701.4469,5840568.2905],[32396704.4453,5840538.8021],[32396704.195,5840509.3139],[32396699.1965,5840476.8269],[32396685.9512,5840439.342],[32396644.2165,5840351.3776],[32396634.9694,5840295.8998],[32396634.2193,5840269.9101],[32396624.473,5840258.9146],[32396608.9791,5840251.9176],[32396567.9952,5840237.9238],[32396547.7531,5840226.9285],[32396531.5094,5840215.4333],[32396517.5147,5840201.439],[32396523.9108,5840170.2559],[32396529.5091,5840142.9621],[32396536.7561,5840132.966],[32396550.0007,5840124.969],[32396577.9894,5840116.472],[32396588.4852,5840109.4746],[32396598.7309,5840094.4804],[32396605.9777,5840075.4879],[32396607.7267,5840055.9956],[32396597.9803,5840036.5035],[32396581.9864,5840017.5113],[32396550.4985,5839989.0231],[32396541.5019,5839977.028],[32396535.5041,5839961.5342],[32396532.2551,5839942.5418],[32396530.7554,5839919.551],[32396525.5071,5839897.5598],[32396515.261,5839881.0665],[32396500.7665,5839867.5721],[32396473.5265,5839804.0977],[32396429.5429,5839730.1278],[32396412.5494,5839709.1364],[32396392.807,5839696.6416],[32396369.2456,5839691.9297],[32396342.8268,5839686.6463],[32396326.833,5839679.1495],[32396312.3386,5839669.1537],[32396303.592,5839659.1578],[32396299.8433,5839648.1622],[32396300.3429,5839636.167],[32396317.5851,5839567.694],[32396321.0831,5839529.2093],[32396323.8319,5839515.2148],[32396335.5768,5839489.7248],[32396347.5719,5839479.2288],[32396364.565,5839472.7311],[32396399.5511,5839467.7326],[32396366.5637,5839437.2452],[32396347.821,5839425.75],[32396313.3345,5839409.2571],[32396300.8393,5839400.2608],[32396293.5921,5839388.2657],[32396293.5918,5839370.2729],[32396297.59,5839358.7774],[32396304.8371,5839351.7801],[32396315.5826,5839339.7847],[32396329.0771,5839328.2891],[32396344.5708,5839317.793],[32396360.8142,5839310.2958],[32396381.3058,5839293.802],[32396405.046,5839266.3126],[32396432.5345,5839229.8268],[32396411.0428,5839214.3332],[32396390.3009,5839201.8385],[32396340.3204,5839177.8487],[32396258.3524,5839130.8686],[32396218.8677,5839104.8795],[32396186.8801,5839079.3901],[32396159.8904,5839050.402],[32396134.8999,5839017.4155],[32396081.8904,5838938.841],[32396048.6823,5838889.9674],[32395999.4509,5838821.9951],[32395953.4685,5838770.0165],[32395908.9855,5838725.035],[32395896.9006,5838714.7939],[32395879.497,5838705.5432],[32395863.7532,5838702.0448],[32395845.2605,5838700.5456],[32395823.0194,5838702.5452],[32395798.5292,5838709.0429],[32395773.5393,5838719.0393],[32395749.2991,5838731.5347],[32395728.0578,5838746.529],[32395710.0652,5838764.0223],[32395695.3214,5838784.5144],[32395683.0766,5838807.5054],[32395675.5799,5838832.4956],[32395672.8314,5838860.4845],[32395672.3333,5838976.4383],[32395676.0111,5839127.8443],[32395672.8148,5839131.68],[32395665.9978,5839132.0588],[32395643.0969,5839115.3835],[32395624.8541,5839109.3861],[32395606.1116,5839113.3848],[32395587.6191,5839123.3811],[32395572.1255,5839137.3758],[32395561.8798,5839155.8685],[32395556.3823,5839179.3593],[32395545.3881,5839276.8207],[32395540.1407,5839311.307],[32395532.1957,5839344.3424],[32395521.8988,5839372.7828],[32395507.9047,5839394.7743],[32395493.1608,5839410.2683],[32395456.1759,5839437.7579],[32395445.1804,5839448.7537],[32395436.1842,5839462.7483],[32395430.6866,5839478.742],[32395430.9368,5839495.2354],[32395437.9342,5839510.2293],[32395443.7606,5839515.2861],[32395451.1791,5839521.7246],[32395468.1725,5839530.221],[32395487.165,5839536.2183],[32395505.1578,5839537.2177],[32395521.1514,5839533.7188],[32395548.6403,5839522.7228],[32395562.8846,5839519.224],[32395578.8782,5839518.724],[32395593.8723,5839520.2232],[32395604.868,5839523.7216],[32395614.6142,5839533.2177],[32395650.1009,5839586.6959],[32395665.345,5839601.6897],[32395699.6725,5839628.0625],[32395706.3292,5839633.1766],[32395729.5696,5839607.6864],[32395740.5651,5839601.1889],[32395749.0618,5839602.6882],[32395755.3094,5839610.1851],[32395760.3076,5839623.1798],[32395722.823,5839659.1661],[32395715.8259,5839668.1626],[32395711.3279,5839679.6581],[32395710.0786,5839693.6525],[32395713.0776,5839710.1459],[32395720.8249,5839739.1343],[32395728.822,5839752.129],[32395743.8162,5839766.1232],[32395761.8092,5839778.1182],[32395776.5534,5839784.1156],[32395788.5487,5839786.1146],[32395797.795,5839785.1149],[32395804.7922,5839782.116],[32395809.5402,5839776.1183],[32395812.289,5839767.6216],[32395813.7881,5839745.6304],[32395816.287,5839737.6335],[32395822.5344,5839732.1356],[32395834.2797,5839728.6368],[32395859.7706,5839806.1057],[32395865.0189,5839832.5951],[32395856.5232,5839894.0707],[32395846.2781,5839950.5484],[32395825.038,5840050.0091],[32395801.8314,5840179.8127],[32395796.8015,5840207.9467],[32395811.5457,5840210.9453],[32395886.516,5840221.44],[32395918.0035,5840223.4388],[32395912.5061,5840246.9295],[32395913.0063,5840273.9188],[32395922.2535,5840333.8948],[32395943.7465,5840445.3501],[32395948.7451,5840482.3354],[32395945.7468,5840519.3207],[32395935.0016,5840555.8063],[32395918.0089,5840593.7914],[32395900.5161,5840611.7845],[32395884.2728,5840622.7804],[32395860.5324,5840634.776],[32395829.295,5840644.7724],[32395761.5721,5840657.7682],[32395709.5929,5840665.266],[32395705.6776,5840662.6003],[32395674.3565,5840641.276],[32395628.4897,5840619.0901],[32395566.8985,5840589.2982],[32395516.918,5840561.8099],[32395478.1831,5840538.8196],[32395453.6926,5840521.3269],[32395431.2012,5840499.3359],[32395398.9635,5840462.8509],[32395339.7361,5840400.3766],[32395221.0775,5840282.2783],[32395226.1408,5840221.508],[32395226.14,5840168.0382],[32395220.2802,5840163.9724],[32395212.783,5840148.4786],[32395211.5332,5840126.4874],[32395214.0318,5840102.9967],[32395222.0281,5840064.0121],[32395224.2769,5840044.02],[32395222.7772,5840023.0284],[32395214.7801,5840002.0369],[32395199.7857,5839981.0454],[32395180.8419,5839961.4005],[32395054.6493,5839953.4254],[32395012.0868,5839938.2251],[32394996.6156,5839918.5732],[32394976.1235,5839897.5818],[32394953.8821,5839880.5889],[32394928.392,5839865.5952],[32394879.7467,5839858.2658],[32394855.4209,5839854.6006],[32394828.1815,5839843.6054],[32394810.4384,5839833.1098],[32394783.2612,5839811.3687],[32394762.9568,5839795.1256],[32394715.4752,5839761.6396],[32394665.9945,5839732.152],[32394641.0043,5839723.6557],[32394608.0173,5839716.659],[32394573.2811,5839712.6611],[32394542.5433,5839712.1617],[32394511.0559,5839716.1606],[32394474.0707,5839724.6577],[32394439.0848,5839737.653],[32394430.5106,5839743.5375],[32394413.5952,5839755.1464],[32394397.1021,5839776.6381],[32394384.6074,5839800.6287],[32394377.3606,5839827.1183],[32394376.3615,5839856.6066],[32394380.1104,5839884.5954],[32394387.6077,5839909.0856],[32394400.8528,5839933.0758],[32394421.345,5839959.0652],[32394447.3351,5839985.5543],[32394474.8245,5840008.045],[32394502.3138,5840027.037],[32394528.3037,5840043.0303],[32394561.7906,5840059.0234],[32394652.755,5840094.508],[32394660.5023,5840124.496],[32394676.9964,5840170.9773],[32394692.9906,5840205.4633],[32394716.2319,5840247.4463],[32394742.722,5840290.4288],[32394768.4623,5840328.4133],[32394798.451,5840366.3978],[32394873.1725,5840452.8623],[32394923.9031,5840507.3399],[32394969.8855,5840553.8208],[32395014.3684,5840593.8043],[32395055.3525,5840624.7913],[32395096.3366,5840651.78],[32395165.3098,5840694.2621],[32395197.0901,5840712.2002],[32395237.0318,5840734.745],[32395252.7759,5840755.2367],[32395257.7741,5840766.732],[32395270.7687,5840756.236],[32395284.0132,5840736.7436],[32395298.507,5840709.7541],[32395303.7549,5840715.1268],[32395340.491,5840752.7364],[32395365.7312,5840771.2287],[32395373.7281,5840780.225],[32395376.977,5840791.2206],[32395371.9791,5840799.2175],[32395360.2338,5840799.7174],[32395333.9941,5840793.2204],[32395324.248,5840794.2201],[32395316.5012,5840799.2182],[32395312.0031,5840807.2151],[32395313.0028,5840818.7105],[32395317.5012,5840830.2059],[32395323.7489,5840840.7016],[32395334.2448,5840849.1981],[32395356.8463,5840859.9308],[32395388.9734,5840875.187],[32395406.2167,5840885.6826],[32395459.6453,5840927.0454],[32395483.6868,5840945.6576],[32395492.9331,5840947.6567],[32395502.4293,5840942.6585],[32395530.4178,5840915.6689],[32395537.6647,5840905.6728],[32395541.1632,5840894.6771],[32395537.6644,5840882.6819],[32395496.4298,5840810.7111],[32395484.934,5840784.7216],[32395478.936,5840763.7301],[32395477.9362,5840748.2362],[32395481.4347,5840736.7408],[32395489.1815,5840730.743],[32395506.6745,5840729.2434],[32395522.1684,5840731.2424],[32395536.6627,5840737.2398],[32395552.4067,5840752.2336],[32395571.8992,5840775.724],[32395591.142,5840804.2124],[32395606.1365,5840834.2002],[32395615.883,5840861.6891],[32395620.8814,5840888.6783],[32395620.382,5840917.6668],[32395612.6356,5840951.1536],[32395599.3913,5840985.1403],[32395584.8975,5841013.6291],[32395568.6544,5841040.1188],[32395588.3967,5841055.6124],[32395596.8935,5841065.6083],[32395604.6045,5841083.8337],[32395621.6345,5841124.0847],[32395641.3767,5841126.5834],[32395660.1193,5841132.0809],[32395678.862,5841140.5773],[32395685.6092,5841133.0802],[32395692.8563,5841128.5819],[32395708.1002,5841127.582],[32395720.8452,5841132.5799],[32395741.5872,5841148.0734],[32395749.0844,5841165.5664],[32395769.077,5841203.0512],[32395784.3213,5841225.542],[32395821.0573,5841271.5232],[32395906.0248,5841356.4882],[32395934.5139,5841384.9764],[32395953.5065,5841401.4696],[32396001.7378,5841431.457],[32396026.9779,5841444.4514],[32396051.2184,5841453.4475],[32396073.2097,5841455.4464],[32396091.7023,5841451.9475],[32396105.1968,5841444.4503],[32396175.6679,5841383.9734],[32396230.1456,5841340.4899],[32396252.8864,5841327.4948],[32396271.8787,5841318.9979],[32396287.1226,5841314.4995],[32396300.6172,5841312.9999],[32396314.3618,5841314.4991],[32396327.6066,5841319.4969],[32396340.1017,5841328.9929],[32396348.8484,5841342.4874],[32396352.8471,5841358.9808],[32396354.3469,5841389.4687],[32396365.5115,5841383.9606],[32396391.8318,5841370.9755],[32396463.9607,5841474.2499],[32396506.7934,5841535.5779],[32396588.0078,5841651.8609],[32396600.0849,5841666.5196],[32396624.244,5841695.8429],[32396621.9963,5841791.305],[32396617.7486,5841830.2895],[32396612.0013,5841857.2789],[32396606.0039,5841875.7716],[32396599.0069,5841888.2667],[32396590.2605,5841898.7627],[32396580.2646,5841906.7596],[32396569.7689,5841911.7578],[32396557.2738,5841912.2578],[32396541.7799,5841907.26],[32396524.0368,5841896.7644],[32396506.5436,5841881.2708],[32396488.7856,5841862.6901],[32396468.808,5841841.7871],[32396458.562,5841836.7892],[32396449.5656,5841836.2895],[32396442.5684,5841840.288],[32396437.3207,5841852.2833],[32396433.3225,5841871.2758],[32396429.3247,5841910.7602],[32396477.0561,5841934.75],[32396496.5485,5841948.2443],[32396529.7857,5841976.2327],[32396553.0267,5841992.7258],[32396628.9972,5842040.7057],[32396734.4563,5842116.6739],[32396767.9432,5842126.6695],[32396802.6794,5842133.6662],[32396837.1658,5842138.6637],[32396870.1527,5842141.1623],[32396926.8802,5842141.1614],[32396959.1173,5842139.1618],[32397048.0818,5842129.6643],[32397091.3145,5842121.1671],[32397130.7986,5842109.6711],[32397166.5342,5842095.6761],[32397196.2721,5842081.1815],[32397219.5127,5842067.1867],[32397239.0047,5842051.1928],[32397256.9973,5842033.1997],[32397274.7399,5842012.2078],[32397303.44,5841969.7368],[32397321.97,5841937.2369],[32397341.9616,5841906.249],[32397367.9508,5841873.2617],[32397400.1875,5841836.7758],[32397487.4024,5841813.2839],[32397499.8974,5841811.2845],[32397533.1342,5841813.2833],[32397548.3782,5841816.7816],[32397563.6223,5841823.2788],[32397599.6083,5841848.7682],[32397632.5956,5841875.2572],[32397663.0838,5841897.7478],[32397693.0721,5841916.24],[32397726.3092,5841932.733],[32397745.764,5841940.1287],[32397782.2872,5841951.7246],[32397806.0278,5841955.7227],[32397830.0183,5841957.2217],[32397852.0095,5841954.7224],[32397897.2413,5841939.2279],[32397912.7351,5841938.2281],[32397929.9783,5841941.2267],[32397945.7221,5841947.2241],[32397955.4683,5841954.721],[32397962.3315,5841966.9473],[32397985.2073,5842007.6994],[32398000.7014,5842028.6909],[32398016.1955,5842043.6847],[32398033.6887,5842054.6801],[32398054.6805,5842063.6762],[32398082.1696,5842071.1728],[32398115.1566,5842075.6705],[32398148.3934,5842077.1695],[32398177.132,5842077.1691],[32398219.1151,5842069.1716],[32398361.5579,5842030.1851],[32398431.5298,5842013.1909],[32398500.0024,5842000.1951],[32398646.4438,5841975.7027],[32398697.1729,5841923.7227],[32398711.4171,5841913.7265],[32398728.4102,5841904.7298],[32398738.4059,5841901.8041],[32398748.9019,5841898.7319],[32398774.3917,5841896.2326],[32398804.6298,5841899.7308],[32398836.867,5841907.2273],[32398867.1052,5841917.7227],[32398910.5882,5841938.7138],[32398965.8457,5841972.5247],[32398998.8039,5841992.6911],[32399014.5477,5841999.6881],[32399026.7929,5842003.1865],[32399054.532,5842015.1814],[32399090.018,5842024.1773],[32399194.4767,5842037.1707],[32399240.4585,5842045.6666],[32399366.159,5842077.1524],[32399393.1481,5842066.6562],[32399420.1372,5842056.16],[32399471.3663,5842023.6722],[32399511.5999,5841995.1829],[32399540.0882,5841970.1925],[32399577.8224,5841918.7125],[32399593.5658,5841891.723],[32399603.0617,5841868.732],[32399617.8049,5841809.2554],[32399621.053,5841769.2713],[32399615.0548,5841727.7879],[32399598.5608,5841689.8032],[32399577.0689,5841656.3169],[32399555.0772,5841626.8289],[32399538.0836,5841600.8395],[32399525.5882,5841574.85],[32399515.8416,5841545.3619],[32399510.8432,5841515.3739],[32399512.5921,5841487.385],[32399528.8351,5841451.8989],[32399559.3223,5841403.4177],[32399594.0577,5841353.9369],[32399665.5279,5841262.9721],[32399790.2261,5841111.5307],[32399829.9596,5841065.5484],[32399881.6882,5841006.5711],[32399903.929,5840982.5804],[32399939.6643,5840952.5918],[32399956.1576,5840943.5952],[32399972.1512,5840937.5973],[32400087.8516,5840696.1918],[32400103.5952,5840683.1967],[32400127.3356,5840674.2],[32400158.3231,5840666.7025],[32400349.4968,5840650.2064],[32400631.6778,5840615.4344],[32400890.0308,5840580.7265],[32401009.7328,5840561.2326],[32401054.7148,5840550.7361],[32401089.7007,5840537.7408],[32401114.4406,5840521.247],[32401139.8842,5840494.8689],[32401168.9181,5840464.7687],[32401196.4069,5840448.7747],[32401228.1441,5840437.7787],[32401264.8794,5840428.2819],[32401279.3736,5840430.2809],[32401291.369,5840436.2784],[32401300.8653,5840445.7745],[32401307.8627,5840456.2702],[32401311.1116,5840468.2654],[32401309.6124,5840482.2598],[32401304.1148,5840496.2543],[32401295.6183,5840507.7499],[32401276.3762,5840523.7438],[32401208.6539,5840573.7248],[32401187.8572,5840593.6781],[32401179.368,5840600.5482],[32401102.3113,5840627.3516],[32401061.0676,5840638.2057],[32400978.5805,5840672.9386],[32400917.9,5840711.6176],[32400896.0117,5840725.5696],[32400863.5328,5840738.0621],[32400828.8015,5840770.6235],[32400800.5828,5840803.1848],[32400778.8761,5840846.5997],[32400741.9752,5840959.4782],[32400718.0259,5841015.362],[32400697.864,5841046.5439],[32400671.8437,5841093.509],[32400656.8814,5841120.515],[32400645.886,5841133.51],[32400632.6414,5841144.006],[32400616.8978,5841153.5024],[32400596.1562,5841160.9997],[32400569.6668,5841164.9985],[32400504.4428,5841166.9986],[32400459.7105,5841162.501],[32400405.7318,5841152.5058],[32400356.0014,5841141.011],[32400323.7641,5841131.5153],[32400325.5151,5841247.9689],[32400321.2775,5841348.4372],[32400320.5189,5841366.4218],[32400340.2631,5841506.3659],[32400346.7608,5841529.3567],[32400357.5069,5841551.8476],[32400372.7511,5841574.8382],[32400391.9938,5841597.8288],[32400420.2329,5841622.8184],[32400457.9683,5841649.3074],[32400500.2019,5841674.7966],[32400541.9356,5841695.7877],[32400680.3814,5841758.2609],[32400781.8417,5841800.7426],[32400893.5479,5841842.2245],[32401013.0009,5841880.7075],[32401140.7046,5841916.7689],[32401271.3992,5841953.6749],[32401352.1174,5841978.6638],[32401433.3355,5842002.1533],[32401523.7998,5842025.1429],[32401622.5109,5842047.1328],[32401690.9146,5842060.4789],[32401806.1287,5842081.8365],[32401921.8925,5842101.1071],[32401994.8637,5842116.1001],[32402067.835,5842134.092],[32402120.0645,5842153.0837],[32402152.5518,5842171.0761],[32402181.2907,5842190.5679],[32402207.0307,5842212.059],[32402230.2719,5842238.0483],[32402253.5131,5842271.0349],[32402298.4964,5842349.503],[32402355.2241,5842369.9941],[32402412.4516,5842385.4871],[32402476.926,5842394.4826],[32402552.6459,5842395.981],[32402725.3272,5842395.4787],[32402796.5489,5842397.9768],[32402848.0285,5842402.974],[32402876.037,5842408.651],[32402885.0139,5842410.4705],[32402910.0041,5842419.9664],[32402925.4981,5842430.9618],[32402935.7442,5842442.9569],[32402943.4913,5842456.4514],[32402948.2396,5842470.4458],[32402949.7393,5842485.9396],[32402941.9928,5842513.4288],[32402894.6678,5842619.4589],[32402878.8548,5842655.0974],[32402859.7262,5842698.2083],[32402839.537,5842746.8373],[32402836.5384,5842765.8298],[32402835.5393,5842794.8183],[32402838.0387,5842827.3054],[32402846.2859,5842857.2933],[32402858.7813,5842880.284],[32402874.2754,5842900.2758],[32402973.4875,5843006.2323],[32403054.4567,5843104.1921],[32403079.9471,5843139.6777],[32403137.6756,5843237.1381],[32403189.4061,5843315.1063],[32403208.6489,5843341.0957],[32403231.1402,5843364.0863],[32403262.878,5843388.0763],[32403299.6137,5843409.0674],[32403337.5988,5843424.5607],[32403379.5823,5843436.0555],[32403482.2917,5843455.5463],[32403537.2699,5843463.5424],[32403734.9418,5843497.5261],[32403860.6421,5843516.017],[32403969.099,5843524.0123],[32404050.5666,5843524.5109],[32404116.3166,5843526.0556],[32404283.3064,5843529.9788],[32404285.2565,5843530.0364],[32404334.9536,5843531.5041],[32404434.9128,5843461.0308],[32404463.9009,5843439.0391],[32404483.3929,5843419.5466],[32404507.133,5843390.058],[32404531.1229,5843352.5725],[32404550.8644,5843310.0892],[32404580.4234,5843234.829],[32404582.8505,5843228.6211],[32404610.8386,5843172.1432],[32404624.8327,5843152.6508],[32404640.8261,5843139.6557],[32404682.5591,5843111.6663],[32404703.0507,5843089.6747],[32404718.794,5843064.6844],[32404739.5351,5843016.7032],[32404764.0246,5842965.7232],[32404778.7683,5842941.2327],[32404804.5076,5842905.7465],[32404814.7534,5842895.7503],[32404827.2483,5842887.2535],[32404844.4913,5842879.2564],[32404894.721,5842860.7631],[32404916.2123,5842851.2666],[32404932.2058,5842839.7709],[32404941.202,5842825.2766],[32404943.7008,5842809.7827],[32404941.4515,5842795.7883],[32404934.2042,5842782.2938],[32404921.2091,5842767.7997],[32404901.7166,5842752.3061],[32404845.2386,5842716.3213],[32404826.2458,5842695.3299],[32404813.2507,5842674.3384],[32404813.1324,5842673.6284],[32404811.2512,5842653.8466],[32404813.7499,5842634.8541],[32404823.2458,5842614.8619],[32404839.989,5842601.8669],[32404860.9806,5842598.368],[32404882.9719,5842601.3665],[32404903.7137,5842608.3634],[32404918.4571,5842617.353],[32404924.2058,5842620.8581],[32404946.6971,5842641.8495],[32404990.6804,5842694.328],[32405011.9223,5842717.3185],[32405034.1637,5842735.311],[32405054.9057,5842748.8054],[32405071.1493,5842756.802],[32405088.6424,5842761.7997],[32405130.6703,5842769.0839],[32405163.6128,5842774.7935],[32405188.8528,5842781.2906],[32405233.879,5842798.1417],[32405274.3193,5842813.2766],[32405331.297,5842837.2663],[32405380.2779,5842864.2548],[32405402.5193,5842878.249],[32405419.2628,5842890.244],[32405430.2586,5842900.2398],[32405436.5062,5842909.736],[32405437.7559,5842920.7316],[32405433.7577,5842934.2262],[32405418.4376,5842959.3491],[32405403.3211,5842984.1382],[32405381.0299,5843020.6926],[32405370.5342,5843030.6888],[32405357.2896,5843037.1864],[32405342.2956,5843038.1862],[32405327.8013,5843033.6882],[32405315.3062,5843028.1905],[32405298.063,5843018.5104],[32405272.5728,5843004.2007],[32405256.5791,5842998.2033],[32405240.5854,5842996.7041],[32405224.342,5843000.7028],[32405208.3485,5843009.1996],[32405194.1043,5843021.195],[32405181.1097,5843036.1892],[32405170.3642,5843054.682],[32405129.8816,5843137.1498],[32405107.6412,5843189.1294],[32405095.3966,5843229.6135],[32405093.8976,5843256.6028],[32405097.3966,5843279.0938],[32405104.8939,5843298.5859],[32405139.6309,5843354.5632],[32405149.3773,5843375.5547],[32405154.8755,5843399.5451],[32405156.6252,5843425.0349],[32405155.8758,5843450.025],[32405152.1277,5843475.5149],[32405138.9294,5843512.8901],[32405126.8888,5843546.9868],[32405123.6404,5843568.4783],[32405126.1397,5843589.9697],[32405131.8877,5843609.9617],[32405138.1355,5843627.4546],[32405155.879,5843665.9391],[32405165.1257,5843692.9282],[32405170.1242,5843720.4172],[32405172.2772,5843745.0179],[32405172.6236,5843750.905],[32405150.1325,5843750.4055],[32405129.8906,5843752.9048],[32405110.7488,5843757.1163],[32405104.9007,5843758.403],[32405093.4053,5843762.4016],[32405080.9104,5843771.3982],[32405072.1641,5843788.3915],[32405069.9153,5843807.384],[32405072.9143,5843823.3776],[32405079.6619,5843837.8717],[32405089.908,5843854.365],[32405132.8919,5843917.3394],[32405128.3939,5843933.8329],[32405117.8982,5843942.8294],[32405103.404,5843945.3286],[32405086.6606,5843940.3309],[32405071.6665,5843932.8341],[32405026.9338,5843901.847],[32405001.4437,5843886.3535],[32404972.2051,5843871.8597],[32404942.9666,5843860.8645],[32404917.9765,5843855.8668],[32404868.9959,5843852.8687],[32404835.7592,5843856.3678],[32404793.5261,5843866.8642],[32404705.5798,5843897.0007],[32404633.5906,5843923.8438],[32404624.3445,5843940.3374],[32404628.3432,5843958.3302],[32404642.088,5843976.3228],[32404661.0807,5843993.3158],[32404705.5635,5844026.8018],[32404891.3292,5844160.9979],[32404920.7302,5844182.237],[32404948.7194,5844207.2266],[32404972.7103,5844233.7157],[32404985.2056,5844255.7068],[32404987.2051,5844274.6992],[32404986.2058,5844293.1919],[32404982.9574,5844313.184],[32404874.9998,5844276.7],[32404815.6472,5844251.2298],[32404751.5481,5844223.7228],[32404735.3045,5844220.7243],[32404718.8111,5844220.2247],[32404703.5672,5844222.7239],[32404691.0722,5844230.2211],[32404673.8294,5844252.2126],[32404620.3519,5844336.18],[32404607.1075,5844354.173],[32404597.3616,5844372.166],[32404570.5778,5844442.1045],[32404534.3891,5844536.6014],[32404523.1438,5844552.5952],[32404508.1499,5844563.5911],[32404489.6574,5844569.0891],[32404479.811,5844568.3942],[32404468.4158,5844567.59],[32404445.1749,5844559.5935],[32404422.1839,5844547.5986],[32404401.9417,5844534.1043],[32404386.6976,5844522.6091],[32404323.9216,5844465.3277],[32404320.7397,5844462.4243],[32404266.7437,5844413.1543],[32404218.2618,5844332.687],[32404215.512,5844273.2107],[32404212.7623,5844213.7344],[32404165.2809,5844193.743],[32404123.0474,5844173.2518],[32404083.8126,5844149.7617],[32404042.3286,5844115.7758],[32403993.8472,5844070.7944],[32403926.1232,5844001.323],[32403916.3768,5843984.8297],[32403909.8791,5843965.8373],[32403907.3798,5843946.8449],[32403908.6291,5843930.3514],[32403913.1271,5843918.8559],[32403920.624,5843909.8594],[32403931.3696,5843903.8617],[32403946.1137,5843898.8634],[32403964.1065,5843896.3642],[32403985.3481,5843899.3627],[32404039.5768,5843915.3556],[32404169.7757,5843962.335],[32404136.5381,5843909.8564],[32404115.2962,5843882.3676],[32404092.5549,5843863.3755],[32404065.8154,5843850.8808],[32404032.8283,5843838.8861],[32403995.3431,5843829.3904],[32403954.8591,5843821.3941],[32403904.7654,5843812.7198],[32403807.6673,5843795.9063],[32403766.4336,5843790.4091],[32403659.2261,5843783.9132],[32403570.9426,5843781.2502],[32403477.0485,5843778.418],[32403440.563,5843773.9203],[32403411.5744,5843767.4233],[32403323.6086,5843716.4448],[32403282.6246,5843689.4561],[32403239.8911,5843656.4698],[32403191.1599,5843615.4868],[32403144.4278,5843572.5046],[32403107.442,5843535.02],[32403074.7044,5843496.036],[32403072.8832,5843493.6945],[32402982.7392,5843375.0854],[32402922.512,5843291.1196],[32402685.1016,5842962.7536],[32402596.1353,5842848.3004],[32402539.6568,5842785.826],[32402505.4299,5842750.4858],[32402485.9274,5842730.3489],[32402437.446,5842685.8672],[32402396.4619,5842655.38],[32402358.4767,5842634.8886],[32402318.9922,5842618.3958],[32402282.2566,5842606.9008],[32402252.2685,5842601.4034],[32402171.048,5842590.8654],[32402075.0886,5842578.4151],[32402003.117,5842565.4213],[32401961.1336,5842553.4266],[32401922.3988,5842538.4331],[32401894.1598,5842525.4387],[32401883.1641,5842519.941],[32401846.4284,5842501.9487],[32401736.4714,5842448.4715],[32401548.4438,5842370.7648],[32401360.3688,5842293.0386],[32401235.1678,5842241.0611],[32401136.5172,5842244.5668],[32400928.6729,5842251.953],[32400889.3342,5842253.351],[32400846.5726,5842254.0613],[32400774.6012,5842252.5629],[32400697.4394,5842245.2058],[32400614.6645,5842231.5735],[32400371.8466,5842182.194],[32400370.2567,5842181.8955],[32400238.813,5842160.1072],[32400171.8395,5842151.1117],[32400102.1172,5842145.6149],[32400035.1438,5842144.6162],[32399973.1685,5842149.1153],[32399914.1921,5842156.6131],[32399856.4652,5842166.6099],[32399791.7412,5842183.6041],[32399722.5191,5842209.5947],[32399663.2931,5842236.5848],[32399607.8157,5842272.0714],[32399583.8254,5842284.067],[32399558.8355,5842292.564],[32399512.604,5842303.0604],[32399468.6218,5842322.0535],[32399418.3922,5842351.5425],[32399248.2112,5842439.5098],[32399129.2596,5842513.9818],[32399071.683,5842552.828],[32398941.836,5842640.4341],[32398920.3446,5842646.4321],[32398901.1023,5842645.4327],[32398874.7981,5842636.3627],[32398857.6194,5842630.4393],[32398841.3758,5842627.9405],[32398823.6328,5842627.9408],[32398806.3897,5842630.44],[32398786.8976,5842635.9381],[32398763.657,5842645.4346],[32398739.9166,5842659.4294],[32398719.1751,5842678.9219],[32398695.112,5842711.9345],[32398649.7043,5842780.3825],[32398635.0872,5842780.874],[32398634.8344,5842780.8825],[32398619.9661,5842781.3825],[32398623.9648,5842803.3737],[32398621.4661,5842820.8668],[32398608.9712,5842832.8622],[32398507.2621,5842863.8513],[32398393.058,5842892.8414],[32398301.5946,5842906.8372],[32398307.8424,5842928.8283],[32398309.592,5842948.8204],[32398304.8442,5842967.3131],[32398296.8476,5842984.8062],[32398286.1023,5843017.2935],[32398323.3381,5843058.2766],[32398340.0818,5843082.2668],[32398353.5768,5843105.7573],[32398372.07,5843143.7419],[32398368.8216,5843168.2322],[32398359.8256,5843191.2232],[32398345.5816,5843214.2143],[32398349.8302,5843238.7044],[32398356.8277,5843256.1974],[32398368.8231,5843266.1932],[32398379.069,5843267.1927],[32398384.3745,5843264.5398],[32398392.0638,5843260.6951],[32398400.0606,5843261.1948],[32398406.8079,5843264.1935],[32398420.5527,5843279.1873],[32398424.3014,5843290.6827],[32398421.8025,5843302.1782],[32398412.8064,5843324.6693],[32398413.8062,5843336.1648],[32398419.5541,5843348.1599],[32398428.3008,5843358.1558],[32398439.2964,5843362.1541],[32398449.5424,5843361.1543],[32398464.2864,5843354.1569],[32398471.2835,5843348.659],[32398478.2807,5843346.1599],[32398484.5283,5843349.1586],[32398489.7763,5843356.6555],[32398494.5246,5843367.6511],[32398504.2714,5843418.1309],[32398494.5254,5843425.628],[32398483.7797,5843429.6266],[32398471.2847,5843430.1266],[32398460.0392,5843427.6277],[32398445.2959,5843420.6312],[32398430.5507,5843413.6337],[32398415.5566,5843413.6339],[32398400.8126,5843421.6309],[32398385.319,5843434.626],[32398360.8287,5843434.1265],[32398329.3413,5843437.6256],[32398290.6068,5843443.6238],[32398288.1847,5843469.1939],[32398286.1093,5843491.1049],[32398304.3523,5843512.5961],[32398309.3505,5843525.0911],[32398312.5998,5843566.5745],[32398312.6001,5843584.5674],[32398310.3513,5843605.0593],[32398304.1041,5843625.0514],[32398295.3578,5843643.5442],[32398285.1121,5843659.5379],[32398273.1171,5843672.5329],[32398258.8729,5843683.029],[32398242.6294,5843690.0264],[32398224.3867,5843692.5257],[32398204.6445,5843688.5276],[32398184.4024,5843677.5322],[32398165.1599,5843663.0383],[32398131.9226,5843631.5513],[32398112.4302,5843619.0565],[32398088.9394,5843608.0612],[32398061.4502,5843598.0656],[32398035.7103,5843592.0683],[32397999.9745,5843592.0689],[32397983.2312,5843590.0699],[32397965.4881,5843583.0729],[32397949.4943,5843572.0775],[32397935.9995,5843557.5835],[32397925.7533,5843539.5908],[32397897.2633,5843451.6262],[32397876.2706,5843377.6559],[32397857.7755,5843311.3995],[32397831.0582,5843215.6881],[32397804.5454,5843120.7592],[32397718.0796,5843110.7644],[32397672.3478,5843107.2664],[32397616.2985,5843104.203],[32397452.9348,5843095.2743],[32397359.9718,5843097.2749],[32397304.2441,5843102.2737],[32397264.51,5843111.7705],[32397234.7722,5843136.7609],[32397200.5364,5843176.7455],[32397168.7996,5843218.2295],[32397145.5593,5843248.7177],[32397078.0479,5843331.8423],[32396979.1285,5843453.6385],[32396956.138,5843479.6285],[32396933.6473,5843500.1207],[32396909.657,5843515.115],[32396882.1681,5843524.1118],[32396852.9298,5843527.6109],[32396795.7652,5843528.2666],[32396793.5416,5843528.2368],[32396736.726,5843527.6125],[32396683.4971,5843523.6149],[32396582.537,5843507.1229],[32396536.3053,5843503.1251],[32396498.0706,5843504.1253],[32396470.3316,5843507.1245],[32396456.6245,5843511.5875],[32396448.8403,5843514.122],[32396429.3482,5843526.1175],[32396411.8554,5843542.6112],[32396398.8609,5843563.1032],[32396390.6145,5843586.594],[32396387.3662,5843614.5829],[32396393.6143,5843652.5677],[32396409.3587,5843699.5488],[32396428.6017,5843745.5302],[32396444.8457,5843779.5165],[32396463.5887,5843810.5039],[32396491.828,5843848.4884],[32396523.3161,5843886.4728],[32396552.8048,5843918.4596],[32396576.0459,5843941.4502],[32396595.2885,5843957.9433],[32396612.5318,5843969.4385],[32396631.0246,5843977.9349],[32396654.5153,5843984.4319],[32396683.0041,5843989.4296],[32396742.2306,5843993.4271],[32396780.7152,5843991.9272],[32396889.9217,5843983.429],[32396957.1448,5843972.4324],[32396976.6368,5843957.4381],[32396999.6275,5843944.9427],[32397022.6182,5843936.4458],[32397042.1104,5843932.9469],[32397129.3225,5843924.6959],[32397190.0514,5843918.9504],[32397256.7748,5843915.4508],[32397280.2655,5843914.9507],[32397302.0068,5843917.4494],[32397322.9986,5843924.9461],[32397344.7402,5843942.9386],[32397366.9818,5843968.4282],[32397403.468,5844020.9068],[32397447.4514,5844079.8827],[32397610.6396,5844292.2958],[32397682.8623,5844391.7552],[32397758.5836,5844489.7152],[32397785.8232,5844521.2022],[32397807.8148,5844540.1944],[32397835.3041,5844558.6866],[32397857.6266,5844570.1242],[32397865.5423,5844574.18],[32397896.0303,5844584.1756],[32397925.0189,5844589.1732],[32397954.0074,5844589.6726],[32397984.995,5844584.1743],[32398011.2319,5844573.1468],[32398019.481,5844569.6796],[32398059.7147,5844544.689],[32398138.8151,5844482.3087],[32398164.9216,5844461.7205],[32398179.6656,5844447.7258],[32398188.4118,5844430.7325],[32398196.9079,5844396.7459],[32398203.9039,5844312.2794],[32398206.5294,5844246.481],[32398208.6503,5844193.3267],[32398215.8972,5844178.3325],[32398228.1422,5844170.3355],[32398245.3853,5844168.8359],[32398267.1267,5844170.335],[32398306.0894,5844176.1997],[32398313.6083,5844177.3315],[32398346.3453,5844179.3303],[32398374.5841,5844178.83],[32398399.5741,5844175.3311],[32398419.5661,5844167.8338],[32398438.5584,5844157.8375],[32398475.7932,5844130.3479],[32398561.758,5844061.8739],[32398590.7466,5844073.8687],[32398615.9868,5844088.8624],[32398638.7281,5844110.3535],[32398657.9708,5844138.8419],[32398675.4644,5844173.3279],[32398689.2094,5844208.8136],[32398697.2067,5844242.3002],[32398705.4544,5844306.2746],[32398709.4536,5844361.7525],[32398708.2044,5844384.7434],[32398704.7062,5844406.7347],[32398698.209,5844426.7268],[32398688.4632,5844444.22],[32398674.2191,5844460.2138],[32398655.7266,5844474.7083],[32398635.4848,5844486.7038],[32398615.7428,5844493.7013],[32398600.749,5844507.1962],[32398588.2542,5844523.6898],[32398578.2585,5844545.6812],[32398575.0101,5844569.1719],[32398577.2903,5844585.7535],[32398584.7568,5844608.1562],[32398600.0013,5844643.6419],[32398615.2456,5844671.1307],[32398634.4883,5844698.6195],[32398649.8781,5844724.5565],[32398656.73,5844736.1043],[32398679.4717,5844786.5839],[32398698.215,5844837.0635],[32398708.2116,5844875.0483],[32398698.2159,5844898.0393],[32398690.9691,5844920.5304],[32398687.221,5844945.5205],[32398687.2213,5844967.012],[32398689.7206,5844985.0048],[32398696.4681,5845001.9979],[32398709.4632,5845021.49],[32398726.7067,5845041.9816],[32398771.3599,5845078.4773],[32398807.4255,5845107.9542],[32398843.9116,5845146.4384],[32398875.1498,5845186.9219],[32398909.8868,5845244.3985],[32398915.6348,5845265.8899],[32398927.1306,5845287.881],[32398948.3725,5845313.8703],[32398977.1114,5845338.86],[32399008.0994,5845361.8504],[32399040.087,5845380.8424],[32399071.8246,5845396.3358],[32399150.1454,5845428.0751],[32399166.7874,5845434.8192],[32399256.5022,5845467.305],[32399343.718,5845501.2903],[32399367.9585,5845512.7854],[32399390.4498,5845528.7787],[32399407.4433,5845547.7709],[32399418.4392,5845567.7628],[32399436.6827,5845615.7434],[32399444.68,5845650.7294],[32399446.9297,5845692.7127],[32399445.431,5845742.193],[32399408.9056,5845730.9691],[32399346.2201,5845711.7065],[32399329.9765,5845707.7083],[32399317.4814,5845708.2083],[32399308.9849,5845712.2068],[32399304.4868,5845720.2037],[32399293.7415,5845751.1915],[32399285.745,5845772.1833],[32399273.9995,5845762.6872],[32399259.2553,5845754.1908],[32399238.2635,5845747.6937],[32399217.0219,5845745.195],[32399188.6703,5845748.8801],[32399147.7996,5845754.1924],[32399062.0837,5845757.6922],[32399033.8449,5845755.1936],[32399003.357,5845749.1964],[32398974.3684,5845740.2004],[32398950.6277,5845730.2047],[32398927.6366,5845714.7111],[32398900.3971,5845691.7207],[32398849.4166,5845640.7417],[32398828.9244,5845613.7527],[32398809.9315,5845581.2659],[32398783.1913,5845525.2885],[32398774.1946,5845509.7948],[32398763.6986,5845498.2995],[32398751.9532,5845491.3025],[32398739.2082,5845486.8044],[32398727.213,5845488.8038],[32398718.4666,5845498.8],[32398716.7934,5845504.9027],[32398714.2185,5845514.2939],[32398718.7172,5845546.7809],[32398717.7178,5845558.2763],[32398713.7195,5845567.7726],[32398707.2222,5845575.7695],[32398698.2259,5845580.7676],[32398686.9803,5845579.7682],[32398673.7355,5845573.7708],[32398631.5019,5845547.7817],[32398509.7992,5845468.8149],[32398415.8355,5845396.8448],[32398368.5371,5845362.676],[32398350.1109,5845349.3647],[32398282.8871,5845309.3815],[32398218.1624,5845281.8934],[32398158.4359,5845263.9014],[32398108.9554,5845253.9061],[32398074.719,5845248.9086],[32398071.22,5845221.4196],[32398067.9705,5845171.4395],[32398071.2189,5845149.948],[32398079.4654,5845130.4556],[32398090.7106,5845113.962],[32398103.2055,5845100.967],[32398125.6963,5845086.4725],[32398162.6814,5845068.4791],[32398205.1642,5845051.4853],[32398244.3985,5845040.4891],[32398277.1354,5845036.4902],[32398304.8744,5845037.9892],[32398325.6162,5845044.4863],[32398337.8615,5845054.4822],[32398344.1092,5845069.4761],[32398356.1051,5845110.9594],[32398366.6013,5845136.4492],[32398379.5964,5845157.4406],[32398392.5914,5845169.9355],[32398402.0016,5845173.4863],[32398405.8362,5845174.9333],[32398419.5808,5845174.9331],[32398430.8261,5845164.9369],[32398437.0734,5845144.445],[32398443.8195,5845064.9765],[32398453.8143,5844978.5107],[32398459.0619,5844961.0176],[32398483.052,5844934.5278],[32398492.2981,5844920.0335],[32398496.0464,5844901.5408],[32398496.2959,5844878.5499],[32398491.0474,5844840.0653],[32398485.2995,5844826.5707],[32398475.0534,5844815.0755],[32398461.8086,5844806.0792],[32398446.0648,5844802.5809],[32398428.072,5844804.0805],[32398409.8293,5844811.5778],[32398394.0858,5844825.0726],[32398392.7124,5844827.7491],[32398384.3399,5844844.0652],[32398374.8441,5844869.0554],[32398359.8504,5844896.0449],[32398342.3578,5844920.5354],[32398324.865,5844938.0287],[32398288.3798,5844960.0205],[32398266.8884,5844967.018],[32398242.1483,5844971.0168],[32398212.1602,5844969.5178],[32398178.6735,5844963.5206],[32398119.0772,5844948.2325],[32398083.2111,5844939.0318],[32398056.7216,5844936.0333],[32398027.2333,5844939.0326],[32398001.7436,5844950.0285],[32397985.5004,5844967.5218],[32397982.9235,5844973.412],[32397976.7541,5844987.514],[32397974.2554,5845007.5061],[32397973.2565,5845053.4878],[32397968.7589,5845098.9698],[32397954.7652,5845145.4515],[32397945.7691,5845167.9426],[32397939.022,5845182.437],[32397925.0278,5845199.4304],[32397913.0326,5845205.928],[32397896.0395,5845209.9267],[32397876.7971,5845209.9269],[32397858.8042,5845205.429],[32397841.8108,5845195.933],[32397825.5671,5845182.4386],[32397806.3244,5845160.4476],[32397739.5997,5845071.484],[32397720.6069,5845048.4934],[32397697.1159,5845024.5033],[32397669.6265,5845001.013],[32397638.1387,5844981.0214],[32397605.9013,5844966.0278],[32397575.1634,5844957.5317],[32397559.7667,5844955.122],[32397520.1852,5844951.035],[32397483.0819,5844952.4963],[32397456.7104,5844953.5349],[32397439.9671,5844951.0362],[32397427.7218,5844944.0391],[32397421.4742,5844934.543],[32397418.9749,5844913.5514],[32397424.9724,5844906.5541],[32397437.9671,5844900.0565],[32397449.9622,5844891.5597],[32397452.9608,5844876.0658],[32397445.4635,5844856.0739],[32397431.2189,5844836.5818],[32397411.9763,5844821.5881],[32397387.9857,5844814.5912],[32397361.7462,5844814.0918],[32397336.0065,5844819.59],[32397313.0158,5844832.5851],[32397295.5231,5844855.0764],[32397285.4177,5844882.6377],[32397278.5308,5844917.052],[32397276.0322,5844947.5399],[32397275.2833,5845000.019],[32397272.5348,5845031.5065],[32397266.2877,5845061.9945],[32397254.7926,5845085.4853],[32397239.7988,5845101.4792],[32397223.0557,5845112.475],[32397202.5639,5845117.9731],[32397176.5742,5845117.4737],[32397148.0854,5845106.9783],[32397123.3449,5845085.987],[32397103.6024,5845061.497],[32397089.3578,5845040.5056],[32397070.7149,5845000.6934],[32397045.124,5844946.0438],[32397024.3818,5844916.056],[32397003.8896,5844894.0651],[32396985.1468,5844877.5719],[32396966.4041,5844866.0767],[32396945.1625,5844858.58],[32396911.1759,5844850.5837],[32396900.6801,5844852.0832],[32396892.1836,5844859.5804],[32396870.1919,5844834.0908],[32396834.2055,5844782.6118],[32396820.4606,5844758.1218],[32396787.4727,5844687.1505],[32396780.975,5844669.1577],[32396778.9756,5844655.6631],[32396781.2246,5844644.6675],[32396786.4723,5844636.1708],[32396793.9693,5844629.1734],[32396821.2083,5844621.676],[32396834.2031,5844616.178],[32396839.2009,5844606.1819],[32396801.7153,5844567.6978],[32396787.2208,5844550.7048],[32396772.2264,5844529.2135],[32396760.2308,5844502.2244],[32396754.4827,5844470.737],[32396754.982,5844436.7506],[32396762.9779,5844373.7755],[32396766.4759,5844332.292],[32396766.2258,5844320.2967],[32396761.9774,5844312.7998],[32396750.9817,5844308.8015],[32396736.2376,5844308.8017],[32396717.0152,5844314.6789],[32396697.0033,5844320.7975],[32396686.0077,5844320.7977],[32396674.0124,5844318.2988],[32396661.5173,5844311.3018],[32396648.5223,5844297.8074],[32396638.2761,5844281.3141],[32396633.2779,5844265.8203],[32396633.5276,5844251.3261],[32396638.7752,5844235.8321],[32396655.0184,5844207.3433],[32396659.5164,5844193.8486],[32396657.517,5844180.8538],[32396651.5192,5844170.358],[32396645.2716,5844163.8607],[32396635.7753,5844159.8624],[32396620.0315,5844155.3644],[32396595.7911,5844151.3664],[32396566.0529,5844148.8678],[32396534.8153,5844148.8682],[32396506.5766,5844153.3668],[32396481.8366,5844160.8642],[32396430.3574,5844184.3556],[32396420.6113,5844187.3545],[32396408.866,5844187.8545],[32396394.8715,5844184.3561],[32396377.6282,5844176.3595],[32396360.8847,5844165.3641],[32396345.8905,5844151.8697],[32396331.1461,5844133.3773],[32396305.9055,5844087.3959],[32396273.9171,5844009.9272],[32396259.422,5843953.9497],[32396253.4236,5843897.4723],[32396252.9229,5843836.9963],[32396252.1723,5843775.021],[32396248.6732,5843740.035],[32396235.4274,5843668.5636],[32396215.4343,5843599.0915],[32396203.4386,5843567.1044],[32396180.1972,5843517.6244],[32396136.4636,5843452.1511],[32396117.4707,5843419.1645],[32396103.2259,5843390.676],[32396084.9825,5843340.1964],[32396068.9879,5843278.2213],[32396048.9949,5843212.2478],[32396040.6401,5843168.7835],[32396028.8794,5843107.6012],[32396012.0068,5843019.8249],[32396001.2606,5842983.3395],[32395989.5322,5842953.2453],[32395937.7839,5842848.8939],[32395918.5411,5842818.4063],[32395896.0496,5842792.417],[32395867.3154,5842767.2177],[32395802.5856,5842710.4509],[32395774.5963,5842681.9627],[32395722.6161,5842620.4879],[32395700.1246,5842590.0003],[32395685.3801,5842564.0109],[32395679.1321,5842531.5239],[32395677.1323,5842488.541],[32395677.6313,5842435.0623],[32395652.3909,5842403.5752],[32395606.9082,5842347.0983],[32395588.4152,5842328.6059],[32395514.6938,5842276.6276],[32395494.2018,5842264.6327],[32395477.9581,5842258.1355],[32395463.7138,5842256.6363],[32395449.7194,5842259.1355],[32395437.2245,5842268.1321],[32395428.978,5842282.6265],[32395423.2306,5842302.1188],[32395403.2396,5842377.589],[32395376.5015,5842461.556],[32395369.5047,5842496.0424],[32395367.0062,5842525.5307],[32395369.7554,5842548.5215],[32395376.0032,5842567.0141],[32395386.2494,5842583.5074],[32395399.9941,5842600.5004],[32395414.2387,5842614.4946],[32395427.2336,5842621.9915],[32395458.4713,5842629.488],[32395489.459,5842631.9866],[32395503.4535,5842634.9852],[32395521.1966,5842645.9806],[32395540.6891,5842663.4733],[32395559.1833,5842684.8349],[32395587.4213,5842717.4512],[32395601.4159,5842728.9464],[32395633.6534,5842749.4378],[32395661.5373,5842770.3224],[32395682.1347,5842789.4212],[32395714.6223,5842825.4064],[32395764.8893,5842885.4969],[32395824.0807,5842959.8514],[32395856.8184,5843006.8322],[32395881.5592,5843051.3142],[32395915.7967,5843132.7813],[32395941.0377,5843204.2525],[32395949.5349,5843242.2373],[32395956.9087,5843291.455],[32395968.7791,5843370.6859],[32395977.2762,5843405.1721],[32395990.5216,5843446.1556],[32396007.5154,5843489.1382],[32396048.0005,5843569.6056],[32396084.4872,5843651.5725],[32396095.4833,5843682.56],[32396116.7259,5843754.0313],[32396119.7249,5843770.0249],[32396117.4762,5843800.013],[32396103.2336,5843917.4664],[32396105.2347,5844046.4151],[32396108.234,5844079.4019],[32396113.2324,5844107.3907],[32396119.9801,5844132.8805],[32396158.2166,5844251.3328],[32396200.201,5844328.3016],[32396209.6974,5844341.7961],[32396230.9393,5844365.7863],[32396244.9339,5844377.2815],[32396255.9296,5844378.7807],[32396262.9267,5844372.2832],[32396265.1756,5844359.2884],[32396261.1769,5844338.2968],[32396239.9498,5844272.8498],[32396231.1875,5844245.834],[32396230.4376,5844235.838],[32396234.1861,5844230.8399],[32396243.1825,5844230.34],[32396262.9247,5844234.3381],[32396299.1605,5844245.833],[32396434.6805,5844295.6386],[32396520.8235,5844327.2974],[32396542.565,5844338.7926],[32396549.5624,5844349.2883],[32396549.5625,5844358.2847],[32396549.5626,5844364.7821],[32396574.8037,5844442.2509],[32396600.0448,5844519.22],[32396643.7797,5844680.6551],[32396663.0229,5844736.1328],[32396668.8227,5844746.7767],[32396684.265,5844775.1169],[32396711.2548,5844812.6016],[32396757.7371,5844867.5791],[32396790.4748,5844911.0613],[32396833.2087,5844974.0357],[32396842.2053,5844990.529],[32396849.2028,5845009.5213],[32396854.701,5845035.0111],[32396864.9481,5845113.9795],[32396871.9459,5845155.9627],[32396881.1927,5845187.9499],[32396901.4685,5845224.2071],[32396912.1811,5845240.4286],[32396947.1679,5845282.9112],[32396981.9045,5845312.8987],[32397003.1462,5845326.8929],[32397050.6277,5845353.8815],[32397072.1194,5845368.8752],[32397092.3825,5845386.3394],[32397102.6077,5845396.3638],[32397113.8535,5845415.8559],[32397122.6003,5845436.3476],[32397128.5983,5845462.3372],[32397132.3473,5845496.8234],[32397137.5966,5845588.287],[32397138.8469,5845645.7641],[32397135.1003,5845775.2126],[32397123.6065,5845890.167],[32397119.831,5845960.3389],[32397120.6096,5846018.1162],[32397123.6089,5846049.6036],[32397133.8556,5846104.5816],[32397141.1031,5846132.5704],[32397150.0999,5846159.0597],[32397178.0897,5846222.0342],[32397196.5829,5846257.0201],[32397216.0756,5846288.0074],[32397243.0653,5846320.4941],[32397278.3019,5846358.4785],[32397314.2881,5846393.9639],[32397343.027,5846417.9539],[32397363.519,5846430.9485],[32397389.8227,5846440.625],[32397396.756,5846442.4434],[32397410.0007,5846441.9434],[32397420.7464,5846438.4447],[32397427.4936,5846428.9483],[32397429.7424,5846413.9543],[32397426.7433,5846391.4633],[32397418.9961,5846369.9719],[32397407.7503,5846354.4783],[32397350.2724,5846303.4994],[32397323.2828,5846276.5105],[32397296.543,5846246.023],[32397273.5516,5846214.0361],[32397253.0593,5846179.5501],[32397233.5665,5846142.5651],[32397218.0721,5846104.0806],[32397209.5749,5846067.5952],[32397209.3246,5846035.1082],[32397215.0719,5846009.6182],[32397224.0681,5845991.6252],[32397233.814,5845981.6291],[32397243.3102,5845978.1303],[32397253.806,5845978.1302],[32397264.3019,5845982.1285],[32397274.548,5845989.1255],[32397284.7941,5846000.6208],[32397306.286,5846035.1068],[32397368.0131,5846148.5608],[32397417.2447,5846228.5282],[32397448.9827,5846273.5099],[32397478.9714,5846310.9945],[32397500.4631,5846330.9863],[32397513.2081,5846334.9845],[32397521.7047,5846332.9852],[32397526.4527,5846325.4881],[32397527.9519,5846314.4925],[32397525.9524,5846291.0018],[32397514.7057,5846214.0326],[32397617.4451,5846310.527],[32397688.8889,5846381.4635],[32397722.1268,5846419.0211],[32397792.5995,5846502.9137],[32397839.0818,5846562.8892],[32397867.5711,5846602.8729],[32397879.067,5846632.361],[32397883.8155,5846664.3482],[32397883.816,5846692.8368],[32397881.817,5846712.3291],[32397877.319,5846724.3244],[32397869.0724,5846735.3201],[32397856.3276,5846743.8169],[32397838.8346,5846747.3158],[32397816.8434,5846745.8167],[32397791.1035,5846740.3193],[32397763.6143,5846731.3232],[32397707.1364,5846706.334],[32397658.417,5846690.2729],[32397656.9061,5846689.8413],[32397645.1609,5846699.3377],[32397634.1654,5846705.3354],[32397622.9199,5846706.835],[32397533.2053,5846686.3444],[32397515.4623,5846685.3451],[32397501.7178,5846686.8447],[32397419.2502,5846659.3568],[32397382.5147,5846651.3605],[32397321.7887,5846644.864],[32397263.5617,5846633.8692],[32397242.0701,5846625.3729],[32397231.8241,5846616.3766],[32397225.3265,5846607.88],[32397215.0805,5846599.8834],[32397203.3352,5846598.8839],[32397196.588,5846608.3803],[32397191.3403,5846625.3736],[32397185.343,5846645.8655],[32397182.5944,5846666.3574],[32397186.5931,5846685.3498],[32397212.0841,5846765.3176],[32397217.3324,5846791.807],[32397215.0837,5846817.7967],[32397202.839,5846849.2843],[32397163.3558,5846927.2539],[32397136.1167,5846926.2547],[32397108.6275,5846922.2566],[32397059.6468,5846907.2633],[32397026.1599,5846891.7699],[32397014.4145,5846889.2711],[32397005.6681,5846895.2688],[32396994.0768,5846918.9508],[32396982.428,5846942.7503],[32396971.4326,5846955.7453],[32396961.4367,5846968.2404],[32396955.4394,5846984.734],[32396953.4404,5847000.2278],[32396954.9399,5847011.7232],[32396960.6878,5847023.7184],[32396982.6796,5847057.2047],[32396995.6746,5847072.6984],[32397062.8989,5847138.6712],[32397084.1408,5847167.1596],[32397156.6136,5847273.1164],[32397144.6185,5847286.6112],[32397136.6219,5847302.1051],[32397133.6234,5847321.5974],[32397138.3718,5847342.589],[32397150.1175,5847363.0807],[32397186.3537,5847408.5621],[32397203.5973,5847436.0509],[32397214.3434,5847464.0396],[32397221.5909,5847493.5277],[32397175.6091,5847484.0322],[32397145.6209,5847474.5364],[32397115.6326,5847462.0418],[32397089.3928,5847447.0481],[32397065.652,5847428.056],[32397043.1606,5847403.0663],[32397022.9182,5847373.5783],[32397006.6742,5847340.5917],[32396994.4285,5847304.6062],[32396985.9313,5847266.6214],[32396981.9323,5847227.1372],[32396978.9325,5847156.1654],[32396972.6846,5847129.6761],[32396959.4396,5847110.184],[32396943.4458,5847096.6896],[32396924.2032,5847085.6942],[32396898.4631,5847061.7042],[32396856.9792,5847030.7171],[32396816.245,5847003.2286],[32396793.004,5846989.7343],[32396785.0071,5846982.2374],[32396779.0093,5846969.7425],[32396775.0107,5846956.2479],[32396773.2612,5846945.7521],[32396774.7605,5846939.2546],[32396780.5082,5846935.756],[32396789.7545,5846935.7558],[32396815.4944,5846946.2513],[32396828.7392,5846949.2499],[32396839.7348,5846948.2501],[32396845.9823,5846942.2524],[32396847.7314,5846933.256],[32396841.4832,5846882.7762],[32396841.2329,5846856.7865],[32396846.2703,5846824.6001],[32396850.2285,5846799.3092],[32396847.4794,5846790.3129],[32396840.9819,5846781.8163],[32396830.2361,5846776.3187],[32396814.9921,5846773.8199],[32396796.7494,5846776.819],[32396760.7639,5846789.3145],[32396747.7691,5846791.3139],[32396740.272,5846788.3152],[32396737.0232,5846780.8182],[32396737.0231,5846770.8222],[32396740.0217,5846759.3267],[32396760.5129,5846714.3443],[32396765.5107,5846696.8512],[32396769.6698,5846668.2098],[32396783.002,5846576.3989],[32396791.4983,5846557.4063],[32396806.4921,5846538.4137],[32396823.735,5846521.92],[32396840.4781,5846509.4247],[32396856.4716,5846494.9303],[32396872.7148,5846474.4382],[32396886.459,5846452.4467],[32396894.4556,5846434.4538],[32396892.4562,5846418.96],[32396882.7098,5846404.9657],[32396866.9659,5846390.4717],[32396837.0765,5846368.0817],[32396827.2849,5846360.7469],[32396796.2432,5846337.4937],[32396841.4745,5846285.5138],[32396845.2229,5846278.0167],[32396846.2223,5846268.0207],[32396843.4733,5846256.0255],[32396835.976,5846242.531],[32396808.0384,5846206.8603],[32396791.7428,5846186.0541],[32396781.9965,5846171.0602],[32396777.9979,5846159.5648],[32396777.9977,5846148.0694],[32396782.7457,5846139.5727],[32396792.9916,5846134.5745],[32396812.9519,5846133.5393],[32396860.4647,5846131.075],[32396881.2063,5846124.5772],[32396921.1828,5846096.7593],[32397001.1574,5846041.1087],[32397000.4075,5846027.6141],[32396997.1587,5846017.1183],[32396990.1614,5846010.1212],[32396980.6651,5846008.622],[32396969.9194,5846010.6213],[32396947.1786,5846019.1183],[32396931.185,5846021.6175],[32396925.937,5846019.1186],[32396914.9412,5846007.6233],[32396908.9436,5846003.625],[32396897.698,5846002.6255],[32396894.9492,5846006.1242],[32396894.9493,5846014.6208],[32396894.9494,5846025.6164],[32396892.2007,5846035.6125],[32396882.205,5846058.1037],[32396875.4578,5846068.0998],[32396865.7118,5846073.0979],[32396854.7161,5846072.0985],[32396844.72,5846067.1006],[32396836.7231,5846057.6045],[32396830.4753,5846044.11],[32396823.8275,5846008.1863],[32396818.7291,5845980.6354],[32396811.7316,5845959.6439],[32396798.2366,5845939.1522],[32396778.7441,5845918.6606],[32396743.5076,5845886.6739],[32396733.7613,5845873.1794],[32396727.2636,5845855.6864],[32396724.0147,5845838.1934],[32396723.5147,5845826.1982],[32396724.7641,5845819.201],[32396728.2627,5845815.7023],[32396736.2595,5845815.7022],[32396832.2219,5845853.1859],[32396851.4643,5845860.1829],[32396863.4596,5845862.1819],[32396873.7055,5845859.6827],[32396881.2024,5845853.685],[32396884.451,5845843.689],[32396883.4512,5845833.6929],[32396877.7034,5845824.6966],[32396865.9579,5845815.7003],[32396703.7709,5845715.7424],[32396658.0386,5845680.2572],[32396635.7972,5845659.2659],[32396623.3019,5845642.2728],[32396615.7656,5845617.3902],[32396596.8111,5845554.808],[32396584.5656,5845528.8185],[32396569.0714,5845501.3297],[32396553.8271,5845478.339],[32396542.8313,5845465.8441],[32396530.5362,5845458.6412],[32396518.0909,5845451.3503],[32396509.8441,5845442.8538],[32396504.596,5845429.859],[32396503.5962,5845414.865],[32396507.5942,5845387.3759],[32396503.8454,5845370.8825],[32396492.5995,5845346.3924],[32396478.1049,5845321.9023],[32396464.6101,5845303.9097],[32396426.7635,5845258.4523],[32396376.3936,5845197.9531],[32396346.905,5845176.4621],[32396326.413,5845164.9669],[32396308.1702,5845159.4694],[32396294.6755,5845160.4692],[32396285.9291,5845165.9671],[32396281.9308,5845174.9636],[32396285.3583,5845196.669],[32396287.929,5845212.9484],[32396287.6793,5845225.9432],[32396283.9309,5845235.4395],[32396274.9345,5845238.9382],[32396261.6898,5845236.4394],[32396246.4457,5845229.9422],[32396232.2013,5845220.946],[32396198.4643,5845191.4582],[32396177.9721,5845170.4669],[32396137.3956,5845146.6544],[32396113.2473,5845132.4829],[32396082.2595,5845121.9875],[32396038.2768,5845114.4911],[32396013.7865,5845107.4943],[32395991.7951,5845096.4989],[32395971.8028,5845081.0054],[32395942.8128,5845053.0158],[32395935.5667,5845046.0198],[32395942.0639,5845031.5255],[32395945.3124,5845016.0316],[32395944.5624,5844997.539],[32395937.0651,5844975.048],[32395918.5718,5844930.0662],[32395918.0718,5844916.0718],[32395907.0758,5844895.5801],[32395891.0819,5844873.0893],[32395871.5893,5844851.5981],[32395828.6059,5844817.1124],[32395780.7788,5844770.4627],[32395767.6293,5844757.6369],[32395757.6332,5844752.6391],[32395747.6371,5844751.1398],[32395730.201,5844761.5498],[32395724.1072,5844765.188],[32395697.4075,5844781.1286],[32395687.6615,5844789.1256],[32395685.4125,5844797.1224],[32395688.1616,5844806.1188],[32395695.6588,5844817.1143],[32395707.4043,5844830.109],[32395733.8941,5844853.5992],[32395743.6404,5844866.0941],[32395749.3883,5844881.5879],[32395749.3885,5844895.5823],[32395744.1407,5844902.5796],[32395735.1443,5844905.0787],[32395724.1487,5844905.0789],[32395698.6588,5844899.0817],[32395667.9955,5844883.8226],[32395645.4295,5844872.5929],[32395636.1832,5844871.5935],[32395628.1864,5844875.0922],[32395621.939,5844880.5901],[32395619.1902,5844886.5878],[32395620.6897,5844896.5838],[32395628.187,5844912.5773],[32395639.6827,5844931.0698],[32395656.3641,5844952.0348],[32395685.4153,5844988.5462],[32395699.66,5845014.5357],[32395705.4081,5845039.5257],[32395705.9082,5845062.0167],[32395703.1596,5845080.0096],[32395696.6624,5845095.5035],[32395675.9211,5845125.9917],[32395668.9241,5845141.9854],[32395665.1759,5845159.9783],[32395663.177,5845181.9696],[32395664.9267,5845208.459],[32395672.1742,5845239.9464],[32395686.419,5845271.9335],[32395704.9121,5845300.4219],[32395724.4047,5845323.9123],[32395741.6481,5845341.4051],[32395761.5492,5845358.0706],[32395792.3785,5845383.8874],[32395808.8722,5845400.8804],[32395861.3523,5845465.8538],[32395892.8404,5845506.8371],[32395918.0809,5845542.8224],[32395936.3241,5845578.8078],[32395951.0688,5845618.2919],[32395964.3142,5845663.2738],[32395952.8188,5845664.2736],[32395933.5766,5845671.7709],[32395925.8297,5845678.2684],[32395919.0826,5845692.7627],[32395914.8347,5845717.2531],[32395914.0854,5845747.7409],[32395918.0843,5845778.7286],[32395928.0807,5845808.7165],[32395942.8253,5845837.7047],[32395958.3195,5845861.695],[32395970.8147,5845876.6888],[32395985.3092,5845889.1837],[32396023.9569,5845916.5583],[32396057.2813,5845940.1624],[32396068.527,5845952.6572],[32396076.0242,5845966.1517],[32396077.7737,5845980.646],[32396072.526,5845991.6417],[32396061.0306,5845997.6394],[32396045.7867,5845998.1395],[32396019.9402,5845987.9656],[32396007.1393,5845990.0992],[32395975.9482,5845968.656],[32395898.3852,5845903.0277],[32395830.7281,5845854.2273],[32395817.839,5845828.45],[32395803.3448,5845775.9644],[32395800.6837,5845690.8522],[32395755.9343,5845537.9662],[32395748.4754,5845474.5743],[32395703.7271,5845396.2671],[32395655.2498,5845347.7914],[32395625.4174,5845273.2131],[32395606.7719,5845217.2791],[32395599.3132,5845172.532],[32395554.5652,5845112.8695],[32395501.5209,5845086.3484],[32395503.9887,5845073.515],[32395496.9913,5845062.5195],[32395482.7468,5845051.5241],[32395538.9732,5844966.0573],[32395556.4658,5844934.5696],[32395567.2112,5844909.5793],[32395576.707,5844882.5899],[32395583.7039,5844856.6002],[32395586.2025,5844834.1091],[32395588.4508,5844774.6327],[32395573.7044,5844622.1936],[32395568.7058,5844582.2096],[32395565.7068,5844566.216],[32395561.4583,5844554.7206],[32395553.2115,5844545.7243],[32395537.7175,5844536.7281],[32395517.2255,5844529.7312],[32395496.2338,5844525.7331],[32395462.997,5844522.7347],[32395437.0072,5844516.2377],[32395424.0123,5844507.2414],[32395412.2667,5844491.7478],[32395394.2734,5844457.2618],[32395386.7763,5844453.2635],[32395375.7807,5844453.7634],[32395365.285,5844462.2602],[32395359.0377,5844476.2547],[32395360.2874,5844493.7477],[32395321.9442,5844493.0061],[32395282.8182,5844492.2494],[32395256.8285,5844491.75],[32395147.6203,5844379.2963],[32395121.6304,5844361.8036],[32395106.3864,5844355.3064],[32395093.6414,5844352.8076],[32395072.8997,5844357.8059],[32394966.9424,5844391.2941],[32394942.2024,5844401.2904],[32394922.4604,5844411.7865],[32394909.9655,5844422.7823],[32394907.4666,5844433.2782],[32394930.7081,5844480.759]],[[32395916.3178,5844594.6997],[32395900.3238,5844574.208],[32395874.0839,5844550.7178],[32395801.8619,5844499.7391],[32395779.1208,5844486.2448],[32395764.1266,5844479.7476],[32395746.1337,5844475.2496],[32395728.8906,5844474.75],[32395716.3956,5844479.7482],[32395692.9053,5844504.7386],[32395681.66,5844521.2322],[32395674.4131,5844536.7262],[32395673.1639,5844553.7194],[32395677.1625,5844571.7122],[32395686.1592,5844589.2051],[32395699.904,5844602.6995],[32395713.3987,5844610.6962],[32395737.6392,5844618.6927],[32395753.8828,5844626.1894],[32395779.8727,5844641.1831],[32395788.8692,5844644.6816],[32395800.1147,5844645.681],[32395810.8604,5844645.1811],[32395817.1079,5844643.1818],[32395820.3566,5844638.1837],[32395821.3559,5844617.6919],[32395823.6048,5844606.6962],[32395829.3524,5844598.6993],[32395840.8478,5844596.2001],[32395854.8423,5844601.1979],[32395871.4428,5844614.6704],[32395889.329,5844629.1863],[32395920.067,5844645.1795],[32395934.0615,5844649.1777],[32395940.0591,5844644.6794],[32395937.0601,5844631.6846],[32395928.8131,5844614.6915],[32395916.3178,5844594.6997]],[[32395016.7378,5848884.5058],[32395004.7426,5848885.5056],[32394991.248,5848892.0032],[32394941.7682,5848929.489],[32394929.5242,5849007.4581],[32394928.7748,5849023.9516],[32394931.0241,5849041.9444],[32394937.5219,5849062.9359],[32394950.5171,5849088.9254],[32394969.0101,5849117.9136],[32395008.9949,5849165.3941],[32395028.7371,5849166.3935],[32395046.9798,5849161.3952],[32395061.9737,5849152.3986],[32395071.7196,5849139.9034],[32395077.717,5849122.9101],[32395081.4652,5849102.918],[32395082.7144,5849082.4261],[32395078.6528,5849058.0441],[32395057.973,5848995.9609],[32395051.9751,5848973.4699],[32395048.3404,5848947.9313],[32395042.7278,5848908.4959],[32395036.4801,5848895.0013],[32395027.4836,5848888.0042],[32395016.7378,5848884.5058]],[[32388303.5322,5840206.5526],[32388318.0264,5840205.5528],[32388336.2692,5840207.0519],[32388355.0118,5840211.0501],[32388393.4967,5840223.5446],[32388402.2432,5840224.0443],[32388409.2404,5840222.045],[32388414.988,5840216.5471],[32388419.9859,5840207.0508],[32388422.4847,5840195.5553],[32388418.9859,5840183.5601],[32388407.4903,5840168.0665],[32388385.7487,5840148.5745],[32388353.0113,5840124.5845],[32388238.056,5840052.1149],[32388218.5637,5840043.1188],[32388201.3204,5840038.121],[32388189.5751,5840038.621],[32388181.3285,5840044.6187],[32388172.0823,5840054.6149],[32388163.0861,5840066.6102],[32388155.5892,5840080.6048],[32388151.0913,5840098.0979],[32388150.8417,5840120.5889],[32388153.341,5840142.0803],[32388157.5896,5840158.5737],[32388188.5781,5840217.05],[32388209.1507,5840227.7107],[32388250.304,5840249.0364],[32388267.5468,5840226.5451],[32388279.0421,5840217.0488],[32388291.0372,5840210.5512],[32388303.5322,5840206.5526]],[[32394891.9345,5841796.3276],[32394922.9222,5841795.8273],[32394980.1495,5841798.3255],[32394974.9012,5841775.8345],[32394967.154,5841755.3428],[32394954.9086,5841734.3513],[32394940.4141,5841715.3591],[32394924.4202,5841697.3665],[32394903.6782,5841679.8737],[32394874.4396,5841663.8805],[32394843.4517,5841652.3855],[32394818.4616,5841646.888],[32394797.7198,5841645.3889],[32394778.4775,5841646.3888],[32394758.4855,5841650.8873],[32394719.0015,5841670.3801],[32394699.9252,5841688.8738],[32394661.775,5841725.8588],[32394693.7626,5841742.8516],[32394745.4925,5841775.338],[32394764.9849,5841790.8315],[32394799.4717,5841822.8183],[32394830.4592,5841809.8231],[32394860.4471,5841800.8262],[32394891.9345,5841796.3276]],[[32396476.3218,5842994.3284],[32396460.5781,5842994.8284],[32396429.5905,5843005.3247],[32396383.6734,5843012.0655],[32396347.8732,5843017.3211],[32396274.4026,5843031.8164],[32396243.665,5843041.8128],[32396220.9242,5843054.808],[32396205.4306,5843070.8018],[32396194.1854,5843090.2942],[32396187.9382,5843111.286],[32396187.9385,5843131.7778],[32396193.9364,5843149.7706],[32396204.1825,5843163.7649],[32396217.4274,5843173.2609],[32396232.1716,5843178.2587],[32396249.1648,5843178.2585],[32396271.6558,5843174.2597],[32396300.3942,5843165.7627],[32396370.366,5843138.7724],[32396394.1064,5843126.2771],[32396458.5802,5843087.2917],[32396499.8134,5843059.3022],[32396514.0576,5843047.8066],[32396521.3045,5843035.3115],[32396520.8045,5843020.3174],[32396514.5568,5843007.3227],[32396504.3107,5842999.326],[32396491.3158,5842996.3274],[32396476.3218,5842994.3284]],[[32397100.3752,5846537.9097],[32397103.1238,5846518.9172],[32397107.1221,5846504.9227],[32397107.8716,5846493.9271],[32397102.6235,5846483.4313],[32397093.3771,5846474.435],[32397081.6317,5846469.4372],[32397069.6364,5846469.9372],[32397058.1411,5846472.9361],[32397035.4002,5846482.9325],[32397025.6542,5846489.9298],[32397018.6571,5846499.4261],[32397012.8288,5846515.2996],[32397006.9123,5846531.4136],[32396999.4154,5846537.9111],[32396990.169,5846537.9112],[32396980.4228,5846529.4148],[32396972.7536,5846514.9617],[32396967.4276,5846504.9247],[32396959.4307,5846502.9256],[32396948.4351,5846503.4256],[32396937.1897,5846508.4237],[32396923.1954,5846517.9202],[32396904.2031,5846532.4147],[32396887.46,5846549.4081],[32396879.2136,5846565.9017],[32396872.4666,5846592.891],[32396871.4672,5846604.8863],[32396876.4654,5846616.3816],[32396885.462,5846625.8777],[32396910.4522,5846638.8722],[32396922.6975,5846647.8685],[32396934.9428,5846659.8635],[32396966.9306,5846696.8483],[32396980.4254,5846706.8442],[32396995.6694,5846715.3406],[32397013.4124,5846715.3403],[32397022.9085,5846711.3418],[32397029.9056,5846702.8451],[32397042.1504,5846678.8544],[32397050.6469,5846668.8583],[32397061.1426,5846661.8609],[32397073.1378,5846657.8623],[32397096.3785,5846654.8632],[32397102.1262,5846652.8639],[32397105.3748,5846648.3657],[32397110.3725,5846627.8737],[32397110.6223,5846615.3787],[32397106.0411,5846590.7989],[32397100.3755,5846560.4007],[32397100.3752,5846537.9097]],[[32396952.3792,5842772.9097],[32396935.1361,5842774.9092],[32396912.1453,5842780.4073],[32396850.92,5842800.4002],[32396707.478,5842864.8766],[32396685.9867,5842877.372],[32396677.2403,5842886.8683],[32396671.7427,5842898.3638],[32396671.2431,5842911.8584],[32396677.2409,5842926.8524],[32396686.9872,5842938.3477],[32396697.4831,5842943.8453],[32396749.9624,5842953.3408],[32396767.4554,5842954.3402],[32396834.9285,5842951.8402],[32396886.6578,5842942.3432],[32396903.651,5842937.345],[32396919.6445,5842930.3476],[32396934.3885,5842921.3509],[32396948.3828,5842910.3551],[32396961.8772,5842896.3605],[32396986.6169,5842863.3732],[32396994.6135,5842848.3791],[32396999.3614,5842834.3846],[32397001.3604,5842818.8907],[32396999.361,5842804.3965],[32396992.3636,5842791.4018],[32396981.3678,5842781.4059],[32396967.8731,5842774.9087],[32396952.3792,5842772.9097]],[[32390533.705,5844361.8683],[32390512.9632,5844362.8682],[32390462.2335,5844370.8657],[32390405.2564,5844386.3604],[32390381.516,5844395.8569],[32390363.5233,5844407.8524],[32390353.0277,5844423.3464],[32390349.0296,5844443.8383],[32390349.7796,5844466.3293],[32390354.0282,5844488.8203],[32390360.7758,5844507.3129],[32390367.0962,5844515.9191],[32390372.5214,5844523.3064],[32390390.5145,5844539.7995],[32390411.2564,5844553.7937],[32390431.2486,5844563.2896],[32390450.7409,5844568.7872],[32390473.4819,5844572.7853],[32390499.2217,5844573.2847],[32390526.368,5844571.4122],[32390556.4488,5844561.2887],[32390579.6893,5844542.7957],[32390597.9317,5844519.3048],[32390610.9261,5844493.8147],[32390617.4232,5844467.825],[32390618.1725,5844440.8357],[32390613.1741,5844415.8457],[32390608.8043,5844407.1063],[32390603.1778,5844395.8538],[32390588.9333,5844381.3598],[32390571.69,5844370.3644],[32390552.9473,5844363.8673],[32390533.705,5844361.8683]],[[32394044.3631,5847724.0741],[32394162.6095,5847683.4742],[32394160.4148,5847676.8903],[32394147.3901,5847657.3539],[32394134.3655,5847657.3541],[32394121.3412,5847657.3543],[32394103.9755,5847659.5252],[32394090.9511,5847663.8669],[32394084.4392,5847676.8914],[32394073.5856,5847683.4037],[32394062.732,5847689.9159],[32394045.3661,5847689.9162],[32394028.0002,5847685.5751],[32393997.6097,5847666.0388],[32393969.3895,5847626.9663],[32393949.8526,5847585.7227],[32393934.657,5847546.6496],[32393915.1199,5847524.9426],[32393897.754,5847511.9186],[32393873.8756,5847490.2118],[32393800.0702,5847442.4567],[32393753.9676,5847404.8927],[32393686.9201,5847454.2811],[32393741.6978,5847625.5906],[32393802.703,5847679.5024],[32393872.1661,5847721.5541],[32393896.4425,5847719.482],[32393953.8681,5847681.2341],[32394044.3631,5847724.0741]],[[32397154.5457,5842562.4906],[32397194.03,5842557.492],[32397258.0046,5842560.9897],[32397288.7424,5842565.4875],[32397316.2314,5842559.9893],[32397358.2145,5842548.993],[32397395.2372,5842533.9687],[32397409.9437,5842528.0006],[32397405.6951,5842512.0071],[32397395.9488,5842495.014],[32397380.9545,5842479.0205],[32397360.4625,5842467.0256],[32397332.9733,5842459.529],[32397297.4873,5842455.0313],[32397254.2545,5842454.5321],[32397204.0245,5842457.5316],[32397140.7998,5842467.5285],[32397064.8303,5842486.0223],[32396985.1124,5842510.0139],[32396910.8923,5842535.5048],[32396838.1716,5842565.4939],[32396766.7005,5842599.4814],[32396709.2238,5842629.4703],[32396679.4859,5842647.9633],[32396669.9899,5842657.4597],[32396665.7417,5842666.956],[32396666.9914,5842678.4514],[32396674.9884,5842694.4449],[32396689.193,5842708.4549],[32396703.2275,5842714.4365],[32396719.9708,5842716.4355],[32396737.9637,5842716.4352],[32396777.6978,5842711.4367],[32396801.1884,5842704.4391],[32396828.1775,5842694.4427],[32396901.5317,5842655.2651],[32396963.8725,5842621.9696],[32397010.1038,5842602.9765],[32397106.3151,5842573.9867],[32397154.5457,5842562.4906]],[[32387795.2389,5840520.9346],[32387780.9946,5840522.934],[32387768.7496,5840528.9318],[32387754.5054,5840540.9272],[32387736.013,5840559.9199],[32387718.2704,5840583.9106],[32387705.7758,5840609.4006],[32387698.2792,5840639.8886],[32387692.7819,5840676.874],[32387690.0335,5840714.8589],[32387690.5338,5840747.346],[32387696.032,5840774.3352],[32387707.2779,5840799.8249],[32387723.022,5840824.3149],[32387759.2582,5840866.7975],[32387770.7538,5840877.2932],[32387780.5,5840883.2906],[32387807.7393,5840895.2855],[32387827.4815,5840898.7838],[32387867.9654,5840900.2827],[32387895.43,5840893.8815],[32387913.1972,5840887.2872],[32387935.938,5840875.2917],[32387952.6812,5840861.7968],[32387962.9269,5840846.3028],[32387969.1741,5840827.8101],[32387972.1726,5840808.3178],[32387972.6722,5840790.325],[32387967.9238,5840768.8336],[32387956.6778,5840739.8453],[32387920.6911,5840669.8736],[32387870.46,5840589.9061],[32387842.8979,5840552.767],[32387825.9769,5840533.4292],[32387810.7328,5840523.9332],[32387795.2389,5840520.9346]],[[32390606.4117,5843366.7632],[32390580.672,5843373.261],[32390559.6805,5843384.7567],[32390543.937,5843400.2507],[32390533.6914,5843417.2441],[32390522.4463,5843450.2312],[32390507.7029,5843502.2107],[32390494.7088,5843554.69],[32390488.4618,5843590.176],[32390489.4618,5843616.6654],[32390493.4607,5843649.6522],[32390500.4584,5843682.1392],[32390509.4552,5843706.1295],[32390538.4442,5843749.6118],[32390560.1859,5843772.1026],[32390586.4257,5843789.5952],[32390614.1648,5843798.5913],[32390639.1549,5843798.5909],[32390660.8961,5843790.094],[32390679.1386,5843774.1001],[32390694.3821,5843743.1122],[32390706.6266,5843695.6309],[32390714.8726,5843644.6511],[32390717.6209,5843603.6674],[32390715.1206,5843512.2038],[32390709.3721,5843462.2238],[32390697.8761,5843423.7392],[32390680.3827,5843398.2496],[32390658.6411,5843379.2575],[32390633.6509,5843368.2622],[32390606.4117,5843366.7632]],[[32391601.0314,5840834.7901],[32391565.818,5840635.9551],[32391548.9287,5840487.474],[32391431.7093,5840489.6464],[32391379.9344,5840494.5781],[32391392.6387,5840654.6224],[32391301.1966,5840658.965],[32391303.6403,5840756.6479],[32391266.7377,5840758.8192],[32391277.5933,5840891.2334],[32391280.6389,5840891.0303],[32391440.398,5840880.3774],[32391465.6079,5841086.6154],[32391617.049,5841088.7237],[32391601.0314,5840834.7901]],[[32395698.556,5837802.405],[32395693.8076,5837782.413],[32395684.3111,5837765.4199],[32395670.0665,5837745.4281],[32395654.0727,5837734.9325],[32395634.5804,5837727.4357],[32395608.3408,5837724.4373],[32395576.3535,5837728.4361],[32395542.6171,5837738.4326],[32395500.1738,5837754.6367],[32395476.8304,5837763.5489],[32395454.9025,5837771.9206],[32395440.1584,5837774.9196],[32395421.9156,5837772.9206],[32395400.6739,5837762.9249],[32395380.1818,5837746.9316],[32395359.1899,5837726.44],[32395343.696,5837724.9408],[32395331.2011,5837727.9398],[32395321.705,5837738.4358],[32395318.9563,5837752.9301],[32395321.9553,5837765.425],[32395337.1996,5837789.4153],[32395342.6975,5837801.4104],[32395343.9472,5837811.4064],[32395341.4485,5837833.3977],[32395336.9505,5837846.8924],[32395326.9546,5837859.8874],[32395311.1328,5837875.0867],[32395295.2177,5837890.3757],[32395288.4706,5837902.8708],[32395285.2221,5837916.3655],[32395287.4714,5837930.3599],[32395294.9685,5837939.856],[32395304.4648,5837943.3545],[32395315.7103,5837941.8549],[32395322.2431,5837938.4464],[32395327.2056,5837935.8572],[32395338.7009,5837926.8606],[32395359.6923,5837906.8682],[32395369.1884,5837901.8701],[32395379.4343,5837900.8703],[32395391.1797,5837903.3692],[32395404.1746,5837908.8668],[32395417.6694,5837917.3632],[32395427.6656,5837927.8589],[32395433.1635,5837939.3543],[32395436.4124,5837951.8493],[32395441.4108,5837979.3383],[32395435.1638,5838015.324],[32395436.4136,5838036.8155],[32395439.6625,5838049.3104],[32395484.8959,5838147.2708],[32395509.1369,5838187.2546],[32395526.6299,5838188.2539],[32395545.3725,5838193.2517],[32395567.3639,5838203.7472],[32395588.3558,5838220.7401],[32395604.5997,5838240.732],[32395616.0954,5838260.7238],[32395622.593,5838276.2176],[32395629.0909,5838312.2032],[32395635.0889,5838333.6945],[32395645.8349,5838353.6864],[32395671.5751,5838382.6745],[32395689.818,5838397.6683],[32395698.3146,5838396.6686],[32395709.3101,5838387.672],[32395721.3051,5838373.1776],[32395732.8003,5838355.6844],[32395751.2925,5838321.1979],[32395762.5376,5838292.709],[32395761.5378,5838280.7138],[32395753.041,5838267.7191],[32395735.6011,5838249.339],[32395692.814,5838204.2452],[32395606.0971,5838102.287],[32395582.8559,5838070.3001],[32395579.6069,5838053.8067],[32395583.855,5838037.3132],[32395592.1015,5838021.8192],[32395609.844,5837994.3299],[32395622.089,5837981.3349],[32395650.0775,5837956.8442],[32395666.8207,5837945.8484],[32395706.3047,5837928.3548],[32395698.556,5837802.405]],[[32390382.7592,5843960.5301],[32390341.2757,5843961.0305],[32390299.5423,5843964.0299],[32390264.8062,5843969.5282],[32390233.069,5843978.0252],[32390199.3326,5843989.5211],[32390169.0948,5844002.0166],[32390147.8534,5844014.5119],[32390133.6093,5844028.5065],[32390121.1145,5844047.4992],[32390111.1188,5844069.4906],[32390104.8717,5844094.9805],[32390103.3726,5844121.9698],[32390106.8716,5844148.4592],[32390113.9608,5844170.5597],[32390129.4975,5844199.9443],[32390149.6058,5844226.4276],[32390174.3463,5844254.9159],[32390198.8369,5844279.9056],[32390218.5793,5844296.8986],[32390234.0733,5844305.8948],[32390251.0666,5844312.8918],[32390271.0588,5844317.3897],[32390296.7986,5844319.8883],[32390328.286,5844319.3881],[32390363.0222,5844316.8886],[32390426.7467,5844308.8909],[32390449.4876,5844302.893],[32390486.2227,5844284.3998],[32390508.2139,5844275.9029],[32390531.9543,5844270.9045],[32390563.068,5844269.4046],[32390594.1796,5844267.9049],[32390615.1711,5844261.4071],[32390630.2128,5844251.0925],[32390645.9085,5844234.9172],[32390653.6552,5844221.9223],[32390656.9037,5844204.4292],[32390656.6534,5844179.939],[32390652.9045,5844152.9498],[32390646.1569,5844130.4588],[32390633.9114,5844107.9679],[32390615.9182,5844081.4787],[32390595.1761,5844055.4893],[32390574.434,5844034.498],[32390543.9459,5844014.0066],[32390499.7131,5843991.5161],[32390458.9001,5843974.7504],[32390423.8976,5843964.4748],[32390416.7457,5843962.5288],[32390382.7592,5843960.5301]],[[32395918.0635,5844347.2981],[32395901.82,5844352.7961],[32395886.5763,5844364.7915],[32395875.0811,5844384.284],[32395870.5833,5844410.2737],[32395880.0799,5844436.2632],[32395903.321,5844458.7539],[32395963.2977,5844501.736],[32396007.2809,5844544.2184],[32396071.0065,5844611.6907],[32396132.9829,5844681.1622],[32396171.4683,5844729.6423],[32396192.4605,5844769.6261],[32396238.4438,5844876.0831],[32396261.9351,5844924.5635],[32396287.6755,5844967.546],[32396394.1353,5845115.4857],[32396456.3701,5845198.3428],[32396566.82,5845345.3917],[32396615.5517,5845418.362],[32396644.7908,5845467.8419],[32396660.8171,5845496.9394],[32396699.0207,5845566.302],[32396725.2608,5845608.2849],[32396752.7505,5845648.2686],[32396775.2419,5845674.2579],[32396796.2338,5845688.7519],[32396820.4743,5845700.7467],[32396844.7148,5845707.7436],[32396865.7064,5845707.2435],[32396879.7007,5845697.7471],[32396885.4529,5845685.0095],[32396889.1964,5845662.2611],[32396888.9462,5845638.7704],[32396882.6983,5845612.281],[32396877.0079,5845600.9006],[32396868.7034,5845584.2924],[32396850.9601,5845557.3034],[32396833.7166,5845535.3124],[32396754.9968,5845455.8451],[32396722.5092,5845418.3605],[32396690.2714,5845375.8778],[32396660.7825,5845331.8958],[32396638.2908,5845292.9116],[32396626.5451,5845262.9237],[32396602.0533,5845157.9658],[32396593.5563,5845133.9755],[32396582.8104,5845119.4814],[32396567.3163,5845104.4876],[32396529.5809,5845076.999],[32396442.3649,5845029.5192],[32396420.6233,5845014.0256],[32396406.1289,5844999.0318],[32396392.8839,5844981.539],[32396381.3882,5844960.5475],[32396372.1415,5844934.558],[32396362.5938,5844901.3868],[32396337.9033,5844815.6058],[32396313.9121,5844764.1266],[32396296.4186,5844733.639],[32396279.425,5844709.6488],[32396193.2079,5844611.689],[32396135.7296,5844532.7212],[32396054.0106,5844428.7637],[32396020.5234,5844393.7781],[32395992.5342,5844372.7869],[32395963.7955,5844357.7932],[32395937.8057,5844349.297],[32395918.0635,5844347.2981]],[[32394010.4853,5838343.2138],[32393973.9999,5838346.7129],[32393946.7608,5838352.7109],[32393925.5193,5838361.2078],[32393910.0257,5838372.2037],[32393900.2798,5838386.698],[32393879.5386,5838428.6816],[32393869.0431,5838453.172],[32393861.5464,5838475.6632],[32393857.5484,5838504.6517],[32393852.8014,5838581.6212],[32393910.2795,5838647.5941],[32393953.763,5838701.572],[32393981.7525,5838743.5549],[32394017.9891,5838817.0252],[32394035.4827,5838857.009],[32394046.7288,5838892.4948],[32394064.9726,5838968.9641],[32394078.7177,5839011.9468],[32394096.2114,5839053.43],[32394128.1995,5839111.9063],[32394153.6898,5839144.8929],[32394168.684,5839156.3881],[32394186.1772,5839163.8848],[32394204.42,5839167.3832],[32394221.913,5839166.8831],[32394239.6558,5839160.3855],[32394250.3576,5839152.6562],[32394257.6485,5839147.3904],[32394273.392,5839130.8967],[32394283.6377,5839113.9033],[32394289.3851,5839091.912],[32394293.1332,5839062.9235],[32394295.1319,5839029.9366],[32394295.8812,5838998.4491],[32394280.8871,5838996.9499],[32394266.1429,5838990.4527],[32394249.3993,5838974.9591],[32394236.6541,5838953.9676],[32394229.6566,5838934.9753],[32394226.4076,5838915.4831],[32394224.6578,5838881.9964],[32394231.4046,5838847.0102],[32394284.3812,5838686.0735],[32394291.3782,5838664.0822],[32394302.8726,5838597.6084],[32394306.8705,5838561.6227],[32394306.1203,5838525.637],[32394300.622,5838490.1512],[32394291.3752,5838459.6635],[32394280.3793,5838438.1722],[32394263.6357,5838421.679],[32394236.6462,5838402.6869],[32394200.6602,5838382.6954],[32394155.9277,5838363.7036],[32394105.6975,5838349.7099],[32394058.2654,5838344.0187],[32394010.4853,5838343.2138]],[[32395628.1801,5844436.7666],[32395647.9222,5844434.2673],[32395718.004,5844438.7003],[32395790.1158,5844443.2617],[32395756.6287,5844418.7719],[32395726.3904,5844392.7827],[32395708.1473,5844372.7909],[32395688.1549,5844347.3013],[32395667.9125,5844315.3143],[32395650.4189,5844278.3293],[32395634.8297,5844232.4711],[32395629.6762,5844212.8556],[32395625.6774,5844182.3678],[32395621.6787,5844164.8749],[32395615.4309,5844145.3827],[32395607.1839,5844126.8902],[32395592.9393,5844105.8987],[32395526.7145,5844030.9295],[32395506.4722,5844003.4407],[32395481.4824,5843960.5509],[32395465.7373,5843929.4707],[32395452.9919,5843897.4836],[32395418.7535,5843759.0392],[32395411.756,5843740.0469],[32395400.7601,5843721.0546],[32395371.5211,5843680.5711],[32395320.7904,5843616.0975],[32395276.1692,5843564.0968],[32395267.8106,5843555.1225],[32395246.069,5843537.1299],[32395221.0787,5843521.1367],[32395195.8385,5843509.1418],[32395174.0971,5843504.1441],[32395153.3554,5843504.1444],[32395129.8647,5843506.1439],[32395105.1247,5843512.6417],[32395080.3847,5843525.1371],[32395052.1462,5843545.1295],[32395019.6595,5843571.6194],[32394990.4216,5843606.1061],[32394971.4298,5843648.5895],[32394963.1472,5843696.6554],[32394961.685,5843740.0532],[32394965.9339,5843780.0373],[32394975.6805,5843814.0236],[32395095.6369,5844094.4104],[32395152.7299,5844218.4659],[32395208.3456,5844339.3113],[32395250.0791,5844343.8089],[32395286.8146,5844350.3058],[32395320.8012,5844360.3014],[32395370.5063,5844383.9971],[32395492.734,5844442.2663],[32395512.7262,5844449.2633],[32395537.4664,5844453.2613],[32395562.2066,5844454.2606],[32395582.9483,5844450.7617],[32395628.1801,5844436.7666]]],[[[32390943.067,5837383.7145],[32390963.6831,5837349.652],[32390974.4286,5837335.1576],[32390985.9239,5837326.6608],[32391001.6676,5837320.663],[32391020.1602,5837316.6643],[32391060.3942,5837316.1639],[32391068.5657,5837316.5996],[32391114.3727,5837320.1616],[32391137.1137,5837319.6615],[32391197.5895,5837312.6634],[32391223.3292,5837306.6654],[32391291.8016,5837282.674],[32391295.55,5837270.6787],[32391295.7997,5837260.1829],[32391287.3027,5837236.1926],[32391276.3069,5837217.7001],[32391253.4412,5837184.3855],[32391221.0777,5837137.2329],[32391210.5815,5837110.2437],[32391208.5819,5837085.2537],[32391212.33,5837059.7638],[32391153.3292,5837031.3358],[32391136.3597,5837021.2802],[32391118.6165,5837000.7886],[32391098.1242,5836967.802],[32391078.6314,5836931.8166],[32390982.2933,5836736.6156],[32390888.4515,5836546.4726],[32390880.2043,5836509.9872],[32390881.7032,5836472.0023],[32390888.45,5836439.0153],[32390897.1962,5836418.5233],[32390907.9418,5836408.5272],[32390921.6863,5836404.5286],[32390935.9306,5836405.0282],[32390947.9259,5836411.0256],[32390959.4215,5836421.0215],[32390972.1666,5836435.0157],[32390983.6623,5836451.509],[32390990.9097,5836469.0019],[32390992.4093,5836486.495],[32390990.1607,5836516.9829],[32390994.1593,5836531.9768],[32391036.6437,5836623.9397],[32391065.383,5836678.4176],[32391086.8749,5836707.4057],[32391099.8698,5836712.4036],[32391110.6155,5836713.403],[32391124.5022,5836711.8381],[32391146.1014,5836709.4041],[32391172.5909,5836713.4022],[32391218.0619,5836733.8417],[32391303.7895,5836772.3768],[32391325.7809,5836778.874],[32391368.514,5836786.3704],[32391397.553,5836794.4363],[32391431.4892,5836803.8625],[32391450.9815,5836805.3617],[32391469.2241,5836801.8628],[32391482.2188,5836792.8662],[32391487.7165,5836778.8717],[32391487.2164,5836763.3778],[32391482.4681,5836747.8841],[32391435.9855,5836668.4163],[32391425.4894,5836648.9242],[32391418.242,5836630.4317],[32391414.2433,5836612.4389],[32391412.9935,5836592.4469],[32391410.7429,5836489.9877],[32391400.4968,5836472.9946],[32391386.7521,5836461.4994],[32391368.5093,5836456.0018],[32391344.5188,5836455.0025],[32391199.5765,5836460.0026],[32391131.8535,5836459.5037],[32391107.6131,5836457.5049],[32391087.1211,5836452.0073],[32391071.3772,5836440.5121],[32391061.8808,5836425.5182],[32391058.6319,5836411.024],[32391060.381,5836397.5294],[32391065.8787,5836386.5337],[32391076.1244,5836376.0377],[32391101.9641,5836358.1727],[32391116.6079,5836348.0483],[32391121.3559,5836337.5524],[32391123.3549,5836321.0589],[32391121.8552,5836301.0669],[32391117.6066,5836280.5751],[32391110.6091,5836263.0822],[32391101.1127,5836247.5885],[32391089.1173,5836235.5934],[32391085.3416,5836233.6406],[32391064.9975,5836224.006],[32391007.1493,5836196.6101],[32390990.9056,5836187.1141],[32390982.159,5836178.6176],[32390976.9109,5836168.1218],[32390974.4118,5836156.6264],[32390974.4116,5836143.1318],[32390977.4101,5836121.6403],[32390977.16,5836113.6435],[32390973.1615,5836105.6467],[32390963.9151,5836096.1506],[32390939.2165,5836078.7656],[32390919.1824,5836064.6638],[32390899.9399,5836054.668],[32390875.9494,5836046.6716],[32390850.2095,5836042.1737],[32390826.7189,5836040.6746],[32390805.9771,5836042.6741],[32390769.7417,5836051.6711],[32390754.9976,5836053.6705],[32390741.0031,5836051.6715],[32390724.5096,5836045.1743],[32390705.517,5836033.1793],[32390683.5255,5836016.1864],[32390622.2378,5835960.2161],[32390585.5632,5835926.7234],[32390561.0726,5835906.2319],[32390485.8518,5835856.2528],[32390395.8868,5835799.2767],[32390365.8985,5835782.2839],[32390338.6592,5835772.2883],[32390312.1697,5835769.2898],[32390283.4312,5835774.7881],[32390259.4409,5835787.2834],[32390245.1968,5835803.7771],[32390222.7064,5835849.7591],[32390207.7129,5835887.7442],[32390169.9799,5836026.1896],[32390158.4848,5836048.6808],[32390144.2407,5836064.1749],[32390126.9977,5836075.6705],[32390095.51,5836056.1787],[32389982.5538,5835980.2105],[32389875.8454,5835921.7353],[32389839.3597,5835902.7434],[32389816.3687,5835892.7477],[32389797.6261,5835887.7499],[32389783.8816,5835888.7497],[32389776.3846,5835896.2468],[32389769.9907,5835912.4455],[32389761.3912,5835934.2319],[32389757.6428,5835943.7282],[32389735.4026,5836010.2021],[32389724.6572,5836037.1915],[32389712.1625,5836060.6823],[32389694.42,5836086.1724],[32389644.1908,5836148.6483],[32389606.9561,5836181.6357],[32389513.4942,5836243.1125],[32389474.5102,5836276.5997],[32389443.7729,5836311.5863],[32389417.4699,5836346.056],[32389398.2919,5836375.5614],[32389388.9596,5836396.3971],[32389387.5465,5836399.5521],[32389386.7971,5836420.5437],[32389394.0445,5836440.5357],[32389410.7687,5836465.8187],[32389425.7826,5836488.5161],[32389433.2799,5836511.0071],[32389437.0288,5836538.4961],[32389434.7802,5836568.4842],[32389422.2855,5836595.9734],[32389401.0443,5836619.4644],[32389358.8117,5836657.4498],[32389345.5672,5836678.9415],[32389334.8219,5836705.4311],[32389327.8251,5836734.4197],[32389325.8263,5836763.4082],[32389328.8255,5836791.8968],[32389336.0731,5836821.8847],[32389346.8192,5836853.3721],[32389378.5578,5836933.8396],[32389397.0513,5836994.8151],[32389423.7921,5837098.2736],[32389429.5403,5837133.7594],[32389433.5393,5837175.7426],[32389436.0396,5837260.209],[32389433.0414,5837307.1903],[32389426.7947,5837363.1681],[32389411.802,5837456.6312],[32389387.063,5837536.5997],[32389368.821,5837587.5797],[32389346.58,5837602.574],[32389279.6072,5837637.561],[32389195.891,5837671.0489],[32389167.4024,5837680.0457],[32389147.1605,5837682.545],[32389072.9398,5837667.0522],[32388948.7387,5837633.5672],[32388917.0013,5837628.5697],[32388897.0093,5837633.0682],[32388890.0123,5837644.5637],[32388891.0439,5837651.5262],[32388892.0117,5837658.0583],[32388901.2582,5837673.552],[32388915.7527,5837689.0456],[32389158.1594,5837908.4549],[32389175.6525,5837916.9513],[32389224.3836,5837951.4369],[32389241.1272,5837966.4307],[32389256.6213,5837986.9224],[32389268.367,5838010.9126],[32389274.1151,5838036.4024],[32389272.3663,5838074.3873],[32389266.1195,5838125.3671],[32389254.1253,5838198.3383],[32389248.8776,5838209.8338],[32389239.1317,5838225.3278],[32389226.387,5838240.8218],[32389200.1478,5838266.312],[32389191.4015,5838280.3065],[32389168.4115,5838342.2822],[32389157.1663,5838362.7742],[32389141.1729,5838383.7661],[32389119.6818,5838407.7568],[32389097.4411,5838437.2454],[32389079.6986,5838471.732],[32389066.2045,5838506.7182],[32389056.9586,5838538.7056],[32389051.7112,5838572.6922],[32389049.9624,5838608.6779],[32389050.2129,5838649.1618],[32389078.7011,5838617.6739],[32389094.4447,5838603.6793],[32389111.9375,5838591.184],[32389131.6795,5838580.1881],[32389151.1717,5838573.1906],[32389168.1649,5838571.6909],[32389180.4101,5838575.1894],[32389189.6565,5838581.1869],[32389210.1487,5838608.1758],[32389222.6441,5838634.6651],[32389232.6406,5838669.6511],[32389242.7586,5838710.6878],[32389259.3815,5838778.1076],[32389290.6215,5838945.5405],[32389339.8524,5838976.5275],[32389361.0942,5838993.0206],[32389379.587,5839010.5134],[32389397.3303,5839032.0046],[32389412.8245,5839054.9953],[32389423.8204,5839077.4862],[32389432.0675,5839103.4757],[32389439.0652,5839134.4633],[32389443.5638,5839166.9503],[32389443.8142,5839196.4385],[32389437.0675,5839244.4196],[32389409.5807,5839403.8565],[32389426.8241,5839417.3509],[32389439.0694,5839433.3444],[32389447.3164,5839448.8381],[32389455.8132,5839473.3278],[32389472.8073,5839522.3085],[32389477.8057,5839548.2981],[32389478.5557,5839573.7879],[32389475.3074,5839599.7776],[32389467.5608,5839625.2676],[32389454.8163,5839649.758],[32389434.5746,5839671.2498],[32389393.6735,5839699.4583],[32389362.1042,5839721.2309],[32389342.6121,5839732.2268],[32389319.3714,5839737.2251],[32389295.3809,5839735.7261],[32389274.1393,5839728.7292],[32389180.176,5839681.2494],[32389017.2395,5839592.287],[32388997.4972,5839583.7907],[32388975.0061,5839576.7938],[32388952.515,5839572.7957],[32388933.5225,5839573.2957],[32388858.8026,5839598.7866],[32388766.09,5839633.2742],[32388736.6018,5839641.7712],[32388715.6102,5839642.2713],[32388699.1167,5839635.2744],[32388683.3727,5839620.7803],[32388631.1426,5839558.8057],[32388603.653,5839520.3214],[32388586.4094,5839489.8338],[32388581.4111,5839467.8426],[32388583.1601,5839449.3499],[32388594.1554,5839422.3605],[32388615.6463,5839388.3737],[32388634.6385,5839367.8816],[32388657.879,5839351.8877],[32388685.8678,5839342.3911],[32388714.8561,5839337.3926],[32388759.0905,5839335.3995],[32388770.334,5839334.8929],[32388777.3312,5839332.3938],[32388780.5799,5839326.8959],[32388780.3298,5839316.8999],[32388773.832,5839287.4117],[32388768.334,5839273.9172],[32388761.5865,5839264.9208],[32388751.8403,5839259.923],[32388737.0961,5839255.9247],[32388692.0372,5839249.5534],[32388662.8755,5839245.43],[32388637.3856,5839239.9325],[32388615.894,5839232.4358],[32388599.6503,5839221.9402],[32388578.8471,5839199.4509],[32388553.418,5839171.9607],[32388537.924,5839161.4651],[32388522.68,5839156.9671],[32388508.1858,5839156.9673],[32388497.2152,5839161.6358],[32388489.4435,5839174.4606],[32388487.1947,5839193.4531],[32388490.444,5839236.4359],[32388471.0656,5839225.9344],[32388451.7091,5839215.4448],[32388438.7142,5839208.9476],[32388420.721,5839188.456],[32388412.724,5839175.4613],[32388406.7262,5839161.4669],[32388402.4777,5839144.4738],[32388395.7294,5839077.5005],[32388394.4781,5838950.551],[32388395.0457,5838908.4979],[32388403.0033,5838889.9846],[32388409.0991,5838869.8796],[32388411.8416,5838852.0488],[32388411.7341,5838834.1171],[32388407.325,5838816.5857],[32388401.9198,5838805.9031],[32388392.3218,5838794.249],[32388377.7416,5838783.8453],[32388361.5401,5838775.8926],[32388349.8674,5838772.9459],[32388298.918,5838771.2842],[32388245.1265,5838775.339],[32388177.6158,5838786.1005],[32388161.5681,5838766.6274],[32388154.3208,5838752.6331],[32388151.0718,5838736.1397],[32388154.8201,5838721.1456],[32388164.0663,5838709.6501],[32388195.5535,5838689.6576],[32388223.5422,5838680.6608],[32388250.2815,5838675.1626],[32388258.5282,5838671.1641],[32388263.5261,5838665.1664],[32388266.6007,5838656.179],[32388309.5674,5838586.47],[32388296.0118,5838570.2037],[32388275.5195,5838539.7161],[32388269.5215,5838512.2271],[32388271.5203,5838482.239],[32388279.0168,5838448.2525],[32388346.2376,5838273.3211],[32388372.7258,5838185.3558],[32388384.9702,5838136.8749],[32388390.2176,5838101.3889],[32388388.7177,5838066.9027],[32388384.9688,5838036.9146],[32388377.9712,5838010.9251],[32388367.9749,5837991.433],[32388346.2332,5837964.444],[32388348.9815,5837927.4587],[32388348.2314,5837893.972],[32388342.733,5837857.4866],[32388330.2376,5837827.4987],[32388311.7446,5837803.0087],[32388288.7534,5837784.0166],[32388262.2638,5837770.5223],[32388233.2752,5837762.0261],[32388203.7869,5837757.5283],[32388165.363,5837754.4454],[32388122.819,5837751.032],[32388087.333,5837744.0353],[32388036.3531,5837730.0416],[32387975.6269,5837708.0512],[32387917.6496,5837682.0623],[32387865.9198,5837656.0734],[32387823.6863,5837633.0831],[32387790.1993,5837611.5921],[32387761.4604,5837588.1019],[32387736.9698,5837561.113],[32387715.7278,5837531.625],[32387695.9852,5837496.6392],[32387687.4444,5837478.2273],[32387585.7096,5837468.3836],[32387583.5296,5837479.6475],[32387576.5325,5837483.1462],[32387566.2865,5837478.6482],[32387541.5461,5837460.1559],[32387532.2997,5837455.158],[32387527.5516,5837457.1572],[32387521.8041,5837474.1506],[32387517.306,5837482.6472],[32387515.425,5837483.5023],[32387511.8083,5837485.1463],[32387504.3112,5837483.1472],[32387480.5704,5837468.1535],[32387448.0832,5837454.6593],[32387441.6017,5837420.5013],[32387431.1429,5837365.3826],[32387420.1695,5837307.5518],[32387401.4595,5837224.6022],[32387395.1416,5837196.5182],[32387385.3785,5837153.1195],[32387365.3609,5837089.8057],[32387359.9912,5836981.9633],[32387345.6151,5836832.9081],[32387379.3521,5836865.8945],[32387389.5981,5836871.3922],[32387394.846,5836868.3933],[32387399.0942,5836860.3965],[32387401.8429,5836847.4016],[32387402.8422,5836829.4087],[32387400.8426,5836797.9213],[32387388.3462,5836704.4587],[32387375.3504,5836634.9865],[32387373.1009,5836606.9976],[32387373.8503,5836584.5066],[32387376.3491,5836569.5125],[32387380.8472,5836562.0154],[32387386.9836,5836559.5697],[32387386.5114,5836443.3203],[32387399.8495,5836318.0548],[32387417.0782,5836242.1422],[32387438.0699,5836246.6401],[32387452.5642,5836254.1369],[32387476.5551,5836280.6261],[32387495.2976,5836281.6254],[32387511.0414,5836285.1238],[32387526.5354,5836293.1204],[32387543.7787,5836308.1142],[32387568.7692,5836337.1023],[32387601.7567,5836379.5849],[32387667.232,5836472.547],[32387693.4722,5836520.0278],[32387717.9633,5836575.5054],[32387738.206,5836631.4828],[32387752.2011,5836679.9633],[32387757.1997,5836717.9481],[32387753.452,5836775.4253],[32387755.4515,5836794.4177],[32387763.9483,5836809.4117],[32387775.4439,5836821.9065],[32387789.6884,5836833.9016],[32387824.924,5836806.412],[32387832.421,5836803.9129],[32387838.9184,5836806.9116],[32387844.1665,5836814.4086],[32387847.9151,5836826.4037],[32387853.0999,5836854.1709],[32387862.6604,5836905.3721],[32387871.1575,5836938.8587],[32387885.4023,5836973.8445],[32387904.1454,5837009.83],[32387927.3867,5837048.8141],[32387950.128,5837072.8043],[32387962.6231,5837080.8009],[32387976.3677,5837085.2989],[32388005.6062,5837088.7971],[32388113.5628,5837056.8084],[32388192.781,5837039.3142],[32388223.5186,5837030.3174],[32388248.5085,5837020.321],[32388265.7515,5837010.3247],[32388278.996,5836994.3309],[32388293.24,5836968.3411],[32388307.9837,5836936.3536],[32388339.9698,5836856.8847],[32388402.1929,5836705.9439],[32388413.9379,5836684.4523],[32388428.4319,5836664.4601],[32388443.6756,5836647.9664],[32388458.4195,5836635.4712],[32388473.1681,5836624.1387],[32388502.6515,5836601.4841],[32388441.6747,5836530.0134],[32388384.9747,5836453.9183],[32388365.7035,5836428.055],[32388337.7415,5836398.5601],[32388306.4761,5836365.5807],[32388280.2363,5836346.0888],[32388243.2507,5836324.0981],[32388162.0324,5836282.1159],[32388026.8353,5836217.1436],[32387981.353,5836190.6548],[32387941.6184,5836162.1667],[32387908.1313,5836134.1783],[32387854.6519,5836085.6983],[32387826.6626,5836058.2097],[32387759.9381,5835983.2404],[32387712.4023,5835951.5595],[32387655.032,5835939.3908],[32387637.9112,5835935.8228],[32387602.1542,5835931.7175],[32387539.2527,5835928.7859],[32387512.3329,5835930.6953],[32387467.8671,5835937.5691],[32387429.6342,5835946.4371],[32387359.7978,5835962.6355],[32387332.8852,5835964.8314],[32387299.986,5835961.977],[32387273.5536,5835956.3419],[32387254.6198,5835947.54],[32387238.3269,5835934.1431],[32387226.2728,5835920.9016],[32387226.2091,5835920.8316],[32387226.0982,5835920.6925],[32387064.0948,5828921.142],[32397437.1114,5828693.2162],[32397438.7389,5828705.176],[32397445.6389,5828720.4664],[32397460.4556,5828738.9872],[32397482.5269,5828755.8602],[32397484.8296,5828757.6205],[32397510.7266,5828760.154],[32397550.9433,5828740.5747],[32397584.2809,5828731.5789],[32397617.0893,5828741.6331],[32397644.606,5828758.0373],[32397667.3602,5828776.029],[32397686.8949,5828787.3059],[32397708.6105,5828786.051],[32397737.2104,5828780.2623],[32397749.1791,5828765.4431],[32397756.7896,5828737.3997],[32397762.0812,5828717.2914],[32397771.7535,5828702.016],[32397782.1258,5828685.6353],[32398349.7655,5828673.1625],[32409635.6618,5828451.2756],[32409640.9024,5828734.294],[32409614.2564,5828755.7204],[32409575.8995,5828786.5637],[32409474.7372,5828867.9095],[32409461.9721,5828880.5087],[32409452.9377,5828891.4586],[32409449.7648,5828895.3042],[32409443.5431,5828902.8451],[32409431.395,5828917.5689],[32409420.18,5828927.584],[32409411.9521,5828931.0794],[32409403.0503,5828932.4988],[32409345.4987,5828929.2404],[32409281.025,5828973.7237],[32409258.5342,5828991.7168],[32409203.8068,5829049.1948],[32409169.0713,5829091.6784],[32409138.3342,5829137.1607],[32409112.5952,5829192.1392],[32409089.6053,5829256.6139],[32409059.1189,5829359.0736],[32409052.3719,5829385.5632],[32409048.8737,5829413.0523],[32409046.8755,5829483.5243],[32409052.8738,5829532.5047],[32409067.3689,5829587.4827],[32409105.3553,5829693.9398],[32409137.5936,5829775.9067],[32409249.8029,5830048.7966],[32409247.4256,5830048.7212],[32409288.0556,5830193.1744],[32409336.5334,5830301.313],[32409373.8253,5830469.115],[32409381.2845,5830592.1701],[32409383.5715,5830658.1132],[32409388.5952,5830709.961],[32409401.6361,5830844.5499],[32409404.0035,5830880.9635],[32409402.7543,5830903.4545],[32409399.2559,5830920.4478],[32409394.2581,5830933.4427],[32409388.5106,5830944.4384],[32409379.0145,5830956.4338],[32409364.2706,5830968.4292],[32409339.7703,5830983.9808],[32409322.5375,5830994.9193],[32409315.5405,5831003.9158],[32409314.0412,5831012.4125],[32409319.0393,5831017.4104],[32409388.512,5831042.8993],[32409401.7562,5831006.4136],[32409412.8277,5830993.2148],[32409418.0931,5830990.7404],[32409433.1259,5830989.7119],[32409447.8703,5830992.6251],[32409461.8258,5830998.1742],[32409493.7354,5831014.9526],[32409518.9223,5831031.1629],[32409583.4611,5831080.0274],[32409646.8164,5831130.4875],[32409682.623,5831162.4287],[32409685.9183,5831165.3683],[32409685.9187,5831165.3875],[32409647.5529,5831152.9567],[32409603.1521,5831145.8415],[32409552.1716,5831145.3004],[32409507.554,5831151.1025],[32409482.1999,5831160.2442],[32409463.2368,5831174.8638],[32409453.4395,5831186.3486],[32409445.3097,5831198.9795],[32409440.7624,5831210.1251],[32409439.0917,5831222.025],[32409441.3839,5831236.8849],[32409447.5758,5831247.0354],[32409468.7297,5831264.1565],[32409481.8631,5831271.1685],[32409513.5756,5831280.3456],[32409615.6086,5831302.9408],[32409636.508,5831307.569],[32409688.7933,5831320.6301],[32409688.7941,5831320.6714],[32409685.9069,5831323.3994],[32409662.5843,5831345.4354],[32409645.403,5831366.4591],[32409607.8545,5831420.9062],[32409586.0761,5831456.8175],[32409574.6205,5831481.1418],[32409562.5361,5831515.1405],[32409552.2968,5831549.6422],[32409543.9294,5831584.2101],[32409539.46,5831602.6745],[32409512.22,5831547.197],[32409499.9746,5831526.7053],[32409489.2286,5831512.2112],[32409478.4828,5831501.2157],[32409467.2372,5831497.2175],[32409454.7422,5831501.2161],[32409441.4977,5831513.7113],[32409430.0025,5831531.7043],[32409421.5062,5831553.1959],[32409418.2578,5831576.1868],[32409421.01,5831807.5947],[32409426.0089,5831866.0714],[32409436.0056,5831917.5508],[32409458.248,5832004.0161],[32409470.9935,5832044.9996],[32409483.8522,5832075.7868],[32409488.7371,5832087.4825],[32409509.7293,5832125.467],[32409529.9716,5832153.4556],[32409549.7141,5832174.447],[32409587.4495,5832204.4345],[32409602.9435,5832214.9301],[32409617.6877,5832221.9271],[32409633.1816,5832226.4251],[32409647.4259,5832225.9251],[32409657.4219,5832221.9266],[32409665.1687,5832215.429],[32409704.6257,5832175.6546],[32409708.5948,5832390.0051],[32409683.6169,5832373.4442],[32409659.7946,5832360.6115],[32409643.2594,5832353.6332],[32409583.7665,5832337.5603],[32409573.5719,5832334.8061],[32409539.4756,5832323.2175],[32409514.6133,5832312.4196],[32409499.2587,5832303.2377],[32409488.6968,5832292.7547],[32409484.8474,5832287.8235],[32409472.6082,5832272.1446],[32409461.5004,5832257.9151],[32409449.5048,5832236.4238],[32409433.0108,5832191.9417],[32409420.0156,5832170.9502],[32409404.5215,5832152.4578],[32409392.9637,5832141.9838],[32409388.5277,5832137.9638],[32409371.0345,5832128.9676],[32409331.7999,5832114.474],[32409313.557,5832102.9788],[32409299.5624,5832087.4852],[32409289.5661,5832067.9931],[32409282.5684,5832040.0043],[32409277.3199,5831999.0207],[32409278.3189,5831952.5391],[32409288.0644,5831910.0559],[32409314.8028,5831840.5831],[32409326.0478,5831805.0971],[32409337.2927,5831761.6142],[32409345.5388,5831719.131],[32409348.787,5831687.1437],[32409347.5372,5831662.1536],[32409343.5384,5831637.6634],[32409337.2906,5831618.6711],[32409329.0438,5831610.1746],[32409320.7971,5831613.1735],[32409311.0135,5831627.4914],[32409300.3057,5831643.1618],[32409226.3358,5831693.6428],[32409170.8584,5831729.6293],[32409127.3761,5831755.6196],[32409092.3903,5831773.613],[32409053.1561,5831790.107],[32409013.1722,5831803.6022],[32408976.437,5831810.5999],[32408941.7008,5831810.1006],[32408905.715,5831802.6041],[32408869.7291,5831787.6106],[32408834.2429,5831766.6194],[32408798.0069,5831738.1313],[32408762.7704,5831704.1453],[32408734.2813,5831671.1588],[32408718.5372,5831644.1698],[32408713.289,5831622.6784],[32408712.7888,5831600.6872],[32408717.0369,5831580.1953],[32408726.2829,5831561.7025],[32408744.7753,5831545.7086],[32408774.2634,5831531.2139],[32408811.7483,5831517.7187],[32408852.9817,5831505.7229],[32408904.2112,5831494.2268],[32408980.7254,5831481.7843],[32409057.8996,5831469.2345],[32409108.8792,5831457.2385],[32409130.8703,5831449.7412],[32409145.1145,5831440.7446],[32409153.611,5831429.249],[32409160.1082,5831415.7543],[32409162.1072,5831401.7598],[32409157.109,5831388.7651],[32409146.1133,5831379.7688],[32409132.6186,5831375.7706],[32409117.8744,5831376.2706],[32409070.8932,5831383.7683],[32409020.79,5831387.418],[32408981.6788,5831390.267],[32408933.7816,5831396.8862],[32408912.9563,5831399.7642],[32408894.9634,5831397.7653],[32408875.4711,5831390.7683],[32408855.229,5831377.7738],[32408838.4854,5831362.2802],[32408812.2453,5831326.7947],[32408800.7498,5831318.2982],[32408785.7557,5831314.3],[32408767.7629,5831314.3003],[32408748.2707,5831319.2986],[32408730.7778,5831330.7942],[32408717.2834,5831347.7877],[32408702.7171,5831373.0734],[32408690.7946,5831393.7698],[32408685.047,5831402.2665],[32408678.7996,5831407.2646],[32408670.0531,5831409.7637],[32408659.0575,5831409.2641],[32408640.0425,5831404.9025],[32408589.335,5831393.2714],[32408551.3501,5831390.773],[32408529.1089,5831392.2727],[32408504.3688,5831396.7713],[32408479.3789,5831406.7676],[32408452.3899,5831422.7617],[32408366.675,5831492.2353],[32408343.1846,5831513.2273],[32408289.2069,5831566.7068],[32408250.2229,5831598.1948],[32408225.7808,5831615.5698],[32408208.7398,5831627.6837],[32408170.7552,5831650.1753],[32408088.0387,5831688.1613],[32408046.0556,5831703.6558],[32408013.3188,5831712.6527],[32407987.3291,5831715.1521],[32407960.8397,5831715.1524],[32407934.6001,5831712.6538],[32407878.8721,5831703.1584],[32407808.8998,5831695.1626],[32407777.4124,5831694.1634],[32407753.6718,5831696.163],[32407734.4296,5831703.1604],[32407680.4515,5831731.6499],[32407599.984,5831769.1361],[32407563.4987,5831781.1319],[32407553.672,5831781.4768],[32407535.0101,5831782.1319],[32407517.7668,5831775.1349],[32407511.0194,5831766.1386],[32407511.2477,5831762.0286],[32407511.5191,5831757.1422],[32407517.2666,5831748.1457],[32407539.5075,5831731.1521],[32407552.7521,5831718.6569],[32407564.7471,5831700.6639],[32407574.7427,5831676.1735],[32407582.9891,5831649.6839],[32407592.2348,5831608.2002],[32407597.7324,5831596.2049],[32407608.7279,5831587.2084],[32407623.2221,5831580.7107],[32407646.9624,5831578.2114],[32407665.955,5831576.2119],[32407677.7003,5831572.7131],[32407688.196,5831566.2156],[32407696.9424,5831556.7192],[32407732.1775,5831498.7418],[32407755.1679,5831466.7542],[32407781.4071,5831435.7661],[32407806.1468,5831409.7761],[32407836.3844,5831384.7856],[32407842.6318,5831376.7887],[32407843.3814,5831364.7935],[32407838.1331,5831342.3025],[32407825.3877,5831304.3178],[32407790.4003,5831212.3548],[32407733.4209,5831073.9107],[32407692.6856,5830962.4556],[32407693.1852,5830949.4608],[32407699.6825,5830942.4635],[32407709.6785,5830940.9639],[32407720.1743,5830943.4628],[32407773.1537,5830970.4513],[32407795.8948,5830984.4454],[32407802.3922,5830986.4445],[32407807.89,5830983.9454],[32407812.638,5830975.4487],[32407820.8843,5830948.4593],[32407825.8817,5830902.9774],[32407826.6308,5830857.9952],[32407821.131,5830724.5484],[32407814.8827,5830669.0705],[32407801.3874,5830622.0894],[32407791.18,5830599.002],[32407780.3951,5830574.6086],[32407759.153,5830535.1246],[32407744.4085,5830512.6338],[32407731.6634,5830499.1393],[32407714.4201,5830485.1451],[32407697.1768,5830477.1485],[32407683.6822,5830481.6469],[32407676.1854,5830494.1421],[32407672.687,5830506.1374],[32407670.4384,5830542.6229],[32407672.6901,5830723.0511],[32407671.6908,5830749.5406],[32407667.9427,5830772.5315],[32407661.1956,5830792.5236],[32407650.7001,5830809.0172],[32407636.9557,5830819.5133],[32407620.9621,5830822.0125],[32407604.2187,5830818.5141],[32407587.975,5830810.0177],[32407570.4818,5830797.0232],[32407500.7587,5830738.5474],[32407474.269,5830720.5549],[32407449.5286,5830707.5605],[32407429.0367,5830700.0637],[32407414.7924,5830700.0639],[32407406.2958,5830705.0621],[32407400.5482,5830711.5596],[32407397.2996,5830721.0558],[32407396.0503,5830734.0507],[32407396.3006,5830763.0392],[32407399.3008,5830857.0017],[32407402.7998,5830889.4888],[32407408.5478,5830908.4811],[32407417.0447,5830924.9745],[32407428.2904,5830938.9687],[32407441.2854,5830949.9642],[32407455.5298,5830956.9612],[32407469.7742,5830958.9602],[32407484.5183,5830956.461],[32407515.006,5830941.9663],[32407543.9942,5830923.4732],[32407642.9542,5830882.4881],[32407683.6878,5830868.9929],[32407709.9273,5830863.9945],[32407718.9237,5830866.4934],[32407723.6719,5830872.4909],[32407722.9223,5830878.9884],[32407718.6741,5830885.9856],[32407711.4271,5830891.9834],[32407650.2019,5830926.4705],[32407620.9638,5830941.465],[32407587.9771,5830955.9597],[32407552.2415,5830970.4544],[32407519.2548,5830981.4505],[32407494.2648,5830986.4489],[32407451.032,5830984.4503],[32407428.7908,5830979.9524],[32407409.2984,5830970.9563],[32407391.8052,5830957.4619],[32407372.8125,5830937.9699],[32407324.5808,5830877.4947],[32407295.0919,5830832.513],[32407267.3522,5830781.0338],[32407244.6105,5830733.5531],[32407230.8655,5830701.0662],[32407224.6177,5830680.0746],[32407221.8686,5830661.0822],[32407221.8683,5830645.0886],[32407224.1172,5830632.5935],[32407230.1147,5830621.5978],[32407239.8607,5830610.1022],[32407252.3556,5830602.1052],[32407266.1001,5830602.105],[32407323.0778,5830626.0947],[32407342.0703,5830630.5926],[32407359.3134,5830632.0918],[32407374.5574,5830631.0919],[32407385.303,5830624.5944],[32407389.5511,5830609.6003],[32407387.8015,5830589.6083],[32407382.3034,5830568.6167],[32407372.8069,5830547.6252],[32407358.5622,5830527.1335],[32407341.5688,5830510.1405],[32407323.076,5830499.645],[32407302.584,5830494.1474],[32407279.3432,5830491.6488],[32407256.6023,5830491.6491],[32407236.1105,5830494.6482],[32407195.6268,5830508.1434],[32407159.8913,5830528.136],[32407109.162,5830561.6234],[32407105.5719,5830564.1878],[32407060.182,5830596.6102],[32407030.1942,5830620.601],[32407001.4561,5830652.5887],[32406985.7126,5830667.583],[32406967.47,5830679.0787],[32406902.7461,5830703.5699],[32406824.2777,5830727.5615],[32406787.7923,5830734.5592],[32406750.8071,5830739.5577],[32406699.5775,5830743.0571],[32406687.8322,5830745.5562],[32406676.8367,5830752.0538],[32406667.8404,5830762.05],[32406662.3428,5830775.0449],[32406657.0954,5830811.5304],[32406654.597,5830851.0148],[32406651.0986,5830865.5091],[32406642.852,5830875.5052],[32406631.1067,5830879.5038],[32406617.1123,5830877.5048],[32406601.8682,5830869.0084],[32406587.1239,5830856.0138],[32406574.3788,5830841.5197],[32406565.1322,5830826.5258],[32406557.6349,5830803.0352],[32406542.6398,5830729.0649],[32406539.8905,5830700.0764],[32406541.1397,5830680.5842],[32406544.638,5830663.5909],[32406550.6355,5830650.596],[32406558.6322,5830642.599],[32406570.3774,5830638.6005],[32406586.6209,5830635.6014],[32406607.3627,5830634.1017],[32406631.3531,5830634.1014],[32406658.5923,5830636.6],[32406726.0657,5830652.5927],[32406742.3093,5830654.5916],[32406766.0498,5830654.0915],[32406814.2806,5830649.5926],[32406827.5252,5830644.5944],[32406831.2736,5830636.5975],[32406824.2761,5830613.107],[32406814.2798,5830595.6141],[32406797.2862,5830574.6227],[32406778.2935,5830555.1307],[32406761.3001,5830541.1365],[32406747.0556,5830533.6397],[32406732.5613,5830529.6415],[32406719.3166,5830529.1419],[32406708.5709,5830532.6406],[32406699.5607,5830541.5426],[32406687.8295,5830553.1328],[32406584.6208,5830573.1263],[32406560.8803,5830572.127],[32406545.8861,5830564.1304],[32406516.6474,5830538.641],[32406492.4069,5830527.1459],[32406469.6658,5830522.1482],[32406458.4204,5830526.1468],[32406454.4221,5830536.1429],[32406455.9225,5830604.6156],[32406454.9231,5830619.6097],[32406449.9253,5830633.6042],[32406438.4301,5830648.0986],[32406421.1871,5830660.5938],[32406398.9461,5830668.0912],[32406374.7057,5830668.5913],[32406352.7144,5830663.5936],[32406335.721,5830654.5975],[32406324.9751,5830642.6024],[32406321.2264,5830629.6076],[32406322.4757,5830615.6131],[32406326.9738,5830603.118],[32406333.721,5830594.1215],[32406353.9626,5830576.1284],[32406361.2096,5830564.6329],[32406360.2098,5830553.6373],[32406350.4636,5830544.641],[32406335.4695,5830539.6432],[32406276.7427,5830532.147],[32406255.751,5830527.1493],[32406237.0084,5830519.1527],[32406222.514,5830507.1577],[32406212.0179,5830493.1634],[32406204.7706,5830478.1695],[32406202.2714,5830462.6757],[32406206.0197,5830446.682],[32406216.7652,5830431.6878],[32406232.7586,5830420.6919],[32406252.0009,5830412.6949],[32406271.9928,5830408.1964],[32406297.4827,5830405.1972],[32406330.2196,5830403.6973],[32406364.2061,5830404.1966],[32406393.4445,5830406.6952],[32406421.1836,5830413.1922],[32406484.9085,5830431.684],[32406513.3972,5830437.6812],[32406537.1378,5830439.68],[32406572.8735,5830436.6807],[32406567.1256,5830420.1874],[32406557.6291,5830402.6945],[32406542.135,5830382.7026],[32406518.8939,5830361.2115],[32406491.9044,5830341.2198],[32406450.6704,5830314.2312],[32406417.6833,5830300.2372],[32406399.9402,5830289.7416],[32406388.9444,5830275.7474],[32406386.4452,5830262.7526],[32406389.6938,5830253.2563],[32406396.1911,5830246.259],[32406408.4567,5830238.0112],[32406425.1793,5830226.7663],[32406448.4199,5830215.2706],[32406459.1655,5830208.2732],[32406468.9115,5830197.7772],[32406475.9085,5830183.2829],[32406479.4069,5830166.7894],[32406478.4069,5830140.7997],[32406470.4089,5830061.8313],[32406441.4205,5830061.8317],[32406412.6819,5830061.8321],[32406383.6934,5830061.8325],[32406354.705,5830061.8329],[32406340.7104,5830051.3373],[32406321.468,5830047.839],[32406297.4776,5830049.8385],[32406178.1434,5830081.5039],[32406122.2979,5830096.3225],[32406134.0438,5830136.3065],[32406169.5314,5830255.7584],[32406104.8913,5830272.7525],[32406072.5704,5830281.2497],[32406067.4007,5830273.4217],[32406055.0769,5830254.7605],[32406041.0833,5830165.143],[32406034.0834,5830120.3142],[32405988.3517,5830126.3125],[32405942.6199,5830132.3108],[32405924.1282,5830193.2868],[32405916.1316,5830214.2786],[32405897.3895,5830244.2669],[32405884.145,5830257.2619],[32405868.9012,5830265.7588],[32405852.1579,5830269.7574],[32405804.9267,5830272.2571],[32405790.6825,5830276.7555],[32405777.9376,5830284.2527],[32405765.1929,5830294.7487],[32405769.4417,5830328.2353],[32405768.4423,5830345.2286],[32405750.9506,5830441.1907],[32405738.9558,5830468.1801],[32405730.4593,5830478.6761],[32405708.4683,5830493.6704],[32405700.2218,5830508.1648],[32405687.7272,5830538.153],[32405681.9797,5830556.1459],[32405672.9839,5830595.6304],[32405668.236,5830610.1247],[32405661.7387,5830621.6202],[32405652.7424,5830631.6163],[32405640.7473,5830638.6137],[32405628.2523,5830641.6127],[32405614.2579,5830641.6129],[32405621.589,5830665.9376],[32405625.254,5830678.0982],[32405526.0439,5830704.5891],[32405515.5481,5830708.5877],[32405507.0516,5830715.585],[32405501.5539,5830725.5811],[32405499.5549,5830739.5756],[32405504.0534,5830753.57],[32405515.7988,5830763.066],[32405532.0424,5830768.0638],[32405550.2852,5830769.5629],[32405601.2648,5830764.0644],[32405641.4988,5830763.564],[32405664.4897,5830765.5629],[32405685.2315,5830769.561],[32405700.2256,5830775.0586],[32405709.472,5830781.5559],[32405716.4694,5830789.5526],[32405743.2093,5830827.5371],[32405756.4542,5830838.5326],[32405771.1984,5830846.0294],[32405787.1921,5830851.0272],[32405802.9292,5830852.5464],[32405823.4277,5830854.5253],[32405827.926,5830860.023],[32405827.6762,5830868.5196],[32405822.1786,5830877.5161],[32405812.1827,5830887.0125],[32405604.2673,5831021.9618],[32405594.3545,5831014.1317],[32405574.5288,5830998.4716],[32405551.9981,5830999.3962],[32405525.7983,5831000.4714],[32405459.3248,5831008.4692],[32405440.0825,5831013.9673],[32405422.5897,5831023.9636],[32405408.5954,5831037.9582],[32405399.8491,5831053.952],[32405395.1013,5831071.9449],[32405392.1641,5831158.3561],[32405388.3568,5831270.3661],[32405386.1083,5831311.8496],[32405381.8603,5831334.3407],[32405373.614,5831360.3305],[32405362.1189,5831384.8209],[32405348.6245,5831403.3138],[32405332.1313,5831417.3084],[32405311.1398,5831430.8034],[32405285.6501,5831440.7997],[32405256.1619,5831443.799],[32405229.4225,5831440.3007],[32405210.4299,5831431.8044],[32405196.6852,5831420.3092],[32405174.6936,5831394.8196],[32405163.6979,5831385.3235],[32405152.952,5831379.3261],[32405142.7061,5831379.826],[32405121.9646,5831392.8212],[32405111.9687,5831403.3171],[32405102.9725,5831416.3121],[32405055.7426,5831507.2766],[32405038.0,5831536.2653],[32405017.5085,5831558.2568],[32404991.769,5831576.7499],[32404963.7804,5831591.7443],[32404908.8026,5831616.7351],[32404879.5645,5831634.2286],[32404830.8344,5831668.7156],[32404818.5895,5831683.7098],[32404813.5917,5831700.2033],[32404809.8436,5831732.6904],[32404805.0957,5831745.6853],[32404798.0986,5831755.1816],[32404788.1027,5831762.6788],[32404773.3587,5831769.1764],[32404757.8649,5831772.6753],[32404722.6289,5831774.675],[32404712.1332,5831778.6735],[32404702.3872,5831786.1707],[32404693.3909,5831797.6662],[32404685.1444,5831813.1602],[32404679.6468,5831828.6541],[32404677.3979,5831843.1484],[32404678.6479,5831879.1341],[32404682.1584,5831906.3089],[32404686.3957,5831939.1101],[32404684.1468,5831952.105],[32404677.1497,5831960.1019],[32404666.6539,5831963.6006],[32404653.4092,5831961.6016],[32404638.9148,5831955.1044],[32404623.1709,5831942.1098],[32404607.177,5831922.6178],[32404592.9324,5831901.6263],[32404582.6862,5831881.6344],[32404577.188,5831858.6436],[32404574.4387,5831830.6548],[32404574.7534,5831790.2976],[32404574.9376,5831766.6802],[32404568.4397,5831732.1941],[32404563.9413,5831720.6987],[32404557.6937,5831711.7024],[32404547.4476,5831704.2055],[32404534.4528,5831701.2069],[32404519.9586,5831706.2051],[32404507.2139,5831720.6995],[32404497.9678,5831741.1915],[32404492.4703,5831762.683],[32404490.2215,5831780.1761],[32404491.2217,5831821.1598],[32404497.9698,5831877.1374],[32404504.7175,5831906.6256],[32404514.4641,5831935.1141],[32404526.7096,5831960.104],[32404540.9542,5831978.5964],[32404560.4466,5831992.5906],[32404613.426,5832023.5775],[32404637.9165,5832040.0706],[32404657.6589,5832057.5634],[32404673.6527,5832075.0562],[32404684.6486,5832092.0493],[32404689.6468,5832106.0436],[32404689.3971,5832119.0385],[32404685.6488,5832132.5332],[32404678.4019,5832146.0279],[32404667.6563,5832160.0225],[32404650.1635,5832175.5166],[32404625.6735,5832192.0104],[32404599.6841,5832207.0048],[32404577.1932,5832217.5009],[32404555.7018,5832223.4988],[32404531.9613,5832225.9982],[32404509.4702,5832224.9989],[32404492.4769,5832219.5013],[32404473.5921,5832204.8287],[32404457.7403,5832192.5126],[32404443.9957,5832187.5147],[32404430.751,5832188.5145],[32404422.0046,5832194.5123],[32404416.7568,5832204.0086],[32404413.5085,5832228.9987],[32404414.7582,5832246.4917],[32404419.0068,5832266.9835],[32404426.2542,5832287.975],[32404436.5004,5832306.9673],[32404449.2456,5832321.4614],[32404465.2394,5832332.9566],[32404484.7318,5832342.9523],[32404524.4662,5832356.9462],[32404653.4154,5832395.4291],[32404701.8963,5832411.422],[32404743.63,5832427.4151],[32404842.3413,5832469.397],[32404874.8286,5832486.3898],[32404891.822,5832499.8841],[32404902.3181,5832512.8788],[32404906.5666,5832525.8736],[32404905.5671,5832538.3686],[32404897.0706,5832546.8654],[32404881.327,5832551.3638],[32404864.0838,5832551.3641],[32404850.5892,5832549.365],[32404781.8661,5832523.3764],[32404760.1247,5832517.3791],[32404742.1318,5832515.3801],[32404722.3897,5832516.8798],[32404703.1474,5832521.3783],[32404686.4042,5832529.3753],[32404670.6607,5832545.869],[32404655.1672,5832571.3591],[32404642.1728,5832598.8483],[32404634.6761,5832621.8393],[32404631.6775,5832638.3328],[32404632.4274,5832652.3272],[32404638.925,5832665.3219],[32404653.4195,5832681.3154],[32404763.0895,5832782.8731],[32404795.3649,5832812.7611],[32404820.1051,5832815.2597],[32404845.5951,5832821.257],[32404875.8332,5832833.7516],[32404903.0726,5832851.2442],[32404922.5652,5832871.7358],[32404936.31,5832893.7269],[32404950.5481,5832930.8377],[32404966.799,5832973.1948],[32404979.2944,5833000.6837],[32404990.5402,5833018.6764],[32405072.0089,5833095.1448],[32405124.4887,5833142.1254],[32405153.7274,5833165.1159],[32405163.2236,5833166.6151],[32405171.4703,5833163.6162],[32405176.968,5833156.1191],[32405177.9675,5833145.6233],[32405172.9692,5833127.6305],[32405150.2275,5833073.1525],[32405135.3885,5833040.7531],[32405095.7474,5832954.2006],[32405091.9986,5832933.7088],[32405096.2468,5832920.7139],[32405104.7432,5832911.7173],[32405115.9887,5832908.7184],[32405128.2339,5832912.7166],[32405152.2247,5832932.2085],[32405163.7203,5832944.7034],[32405174.4662,5832959.1975],[32405210.2029,5833020.6725],[32405248.4387,5833092.6433],[32405257.9353,5833117.6333],[32405263.1645,5833158.8084],[32405265.933,5833180.6081],[32405270.6813,5833196.1019],[32405276.6791,5833209.0966],[32405307.9174,5833259.0763],[32405339.1555,5833296.0611],[32405354.1497,5833308.556],[32405375.8839,5833318.9993],[32405392.6347,5833327.0481],[32405403.8803,5833336.0443],[32405434.6187,5833378.0272],[32405456.1104,5833397.5191],[32405471.1046,5833407.0151],[32405487.5981,5833413.0125],[32405503.092,5833416.5109],[32405560.9488,5833421.5686],[32405594.5557,5833424.5064],[32405619.5458,5833428.5045],[32405643.0366,5833434.002],[32405661.0295,5833440.4991],[32405675.5238,5833446.9963],[32405690.2681,5833456.9921],[32405728.5034,5833490.4783],[32405744.2474,5833507.9711],[32405795.9777,5833573.9441],[32405842.4602,5833641.4166],[32405816.0728,5833710.3763],[32405812.7232,5833719.3861],[32405786.2336,5833708.8907],[32405759.7439,5833698.3952],[32405733.2543,5833687.8997],[32405706.7647,5833677.4043],[32405717.0101,5833641.4184],[32405715.7605,5833634.921],[32405712.5117,5833629.4233],[32405706.764,5833625.9247],[32405666.5299,5833618.9281],[32405588.8107,5833611.4322],[32405531.3334,5833601.437],[32405400.7646,5833565.8293],[32405349.9049,5833551.9592],[32405332.9116,5833545.462],[32405327.1637,5833536.4657],[32405328.1632,5833525.9699],[32405343.5941,5833471.365],[32405354.1515,5833434.0061],[32405360.1489,5833419.5117],[32405368.1456,5833408.516],[32405383.8891,5833393.5217],[32405387.8874,5833382.5261],[32405388.1371,5833368.5316],[32405384.6382,5833354.0374],[32405377.391,5833342.5421],[32405368.6443,5833336.0448],[32405359.8978,5833334.5455],[32405350.6515,5833338.5441],[32405339.906,5833350.5395],[32405330.1601,5833365.0338],[32405319.9145,5833388.0248],[32405250.6918,5833373.5316],[32405214.2062,5833362.5365],[32405167.9743,5833343.5447],[32405046.7717,5833285.5695],[32404985.5457,5833259.0809],[32404924.3196,5833232.5923],[32404964.5522,5833133.6311],[32404967.5508,5833117.6374],[32404967.3006,5833099.1447],[32404960.0532,5833076.154],[32404945.8085,5833050.6643],[32404914.5703,5833007.6819],[32404899.3261,5832990.6888],[32404879.8336,5832972.6963],[32404838.3496,5832938.2106],[32404813.3593,5832921.2177],[32404754.3823,5832885.2328],[32404739.388,5832868.7396],[32404738.1383,5832853.7456],[32404743.6359,5832840.2509],[32404753.6317,5832826.7561],[32404680.1603,5832781.2752],[32404652.1712,5832766.2816],[32404609.438,5832750.2886],[32404590.4455,5832747.7898],[32404575.2016,5832750.7889],[32404570.4061,5832754.0499],[32404562.7067,5832759.2856],[32404552.461,5832771.7808],[32404544.2145,5832790.2736],[32404538.7171,5832816.7631],[32404532.2207,5832888.7346],[32404527.2232,5832920.7219],[32404518.9767,5832940.2143],[32404505.982,5832950.7103],[32404489.9885,5832959.2072],[32404410.7888,5832995.037],[32404385.031,5833006.6898],[32404370.0371,5833016.686],[32404361.5406,5833026.6822],[32404356.043,5833038.6775],[32404354.2939,5833052.6719],[32404356.7931,5833070.6647],[32404363.5408,5833092.1561],[32404382.284,5833138.6373],[32404345.2993,5833181.121],[32404308.3146,5833223.6046],[32404281.611,5833211.467],[32404269.8297,5833206.1121],[32404282.3254,5833255.0924],[32404290.8223,5833271.086],[32404301.3182,5833280.582],[32404313.3136,5833288.0789],[32404325.5588,5833293.5765],[32404336.0546,5833295.0758],[32404380.5368,5833289.0775],[32404397.78,5833288.5775],[32404412.2742,5833291.5761],[32404423.2699,5833298.0733],[32404430.5172,5833307.5695],[32404434.016,5833318.565],[32404434.0163,5833344.0549],[32404430.5179,5833359.049],[32404424.0208,5833375.5425],[32404415.2744,5833387.5379],[32404405.7783,5833392.0362],[32404386.5359,5833394.5355],[32404377.7895,5833399.5336],[32404369.5429,5833408.5302],[32404363.0457,5833421.0253],[32404359.0475,5833436.5192],[32404358.2981,5833456.0115],[32404362.2971,5833501.4933],[32404359.5489,5833551.4735],[32404354.8012,5833579.4624],[32404341.5571,5833624.4447],[32404332.0612,5833639.9387],[32404318.3168,5833652.4339],[32404302.3233,5833660.9307],[32404286.5796,5833665.929],[32404269.5864,5833666.9288],[32404250.0941,5833663.4305],[32404226.3534,5833654.4344],[32404159.6295,5833619.4493],[32404147.6342,5833615.451],[32404138.138,5833616.9506],[32404131.6407,5833624.9475],[32404123.9965,5833657.3181],[32404119.646,5833664.9317],[32404113.6485,5833670.9294],[32404111.1495,5833673.4285],[32404081.4113,5833670.9299],[32404047.6746,5833659.9348],[32404012.1885,5833642.942],[32403976.7023,5833623.4503],[32403939.9666,5833601.9593],[32403901.4816,5833576.9698],[32403864.7458,5833550.9807],[32403833.5079,5833525.4913],[32403804.7689,5833497.5028],[32403747.5408,5833434.0288],[32403746.5176,5833448.6719],[32403744.2927,5833480.5104],[32403742.7935,5833496.0043],[32403738.5463,5833569.9749],[32403739.7962,5833595.9646],[32403745.794,5833611.4583],[32403755.5404,5833627.9516],[32403767.7857,5833643.9451],[32403794.2756,5833670.4342],[32403846.7552,5833708.4183],[32403903.9829,5833741.4044],[32403903.9832,5833760.8966],[32403903.9835,5833780.3889],[32403903.9837,5833799.3813],[32403903.984,5833818.8736],[32403870.9972,5833817.8744],[32403838.51,5833814.3763],[32403802.5243,5833807.8794],[32403635.0929,5833769.3032],[32403585.6098,5833757.9023],[32403618.9633,5833714.1117],[32403707.8089,5833597.4644],[32403655.3293,5833564.4783],[32403630.589,5833552.9832],[32403445.162,5833499.5071],[32403415.6736,5833491.5107],[32403423.5252,5833519.2697],[32403429.6687,5833535.9928],[32403445.6628,5833569.4793],[32403478.6504,5833620.4585],[32403525.3827,5833682.933],[32403585.6098,5833757.9023],[32403564.1183,5833754.404],[32403542.6268,5833750.9057],[32403521.1353,5833747.4074],[32403499.6438,5833743.9091],[32403524.1345,5833771.3978],[32403597.6065,5833854.8636],[32403541.3795,5833901.3459],[32403485.1525,5833947.8282],[32403519.3906,5834063.2818],[32403525.1388,5834098.7676],[32403525.889,5834133.2539],[32403522.6413,5834200.2273],[32403517.3941,5834249.7077],[32403495.6546,5834382.6551],[32403479.9392,5834460.3578],[32403464.4193,5834537.0941],[32403463.1705,5834591.0727],[32403464.4203,5834608.5657],[32403468.6689,5834630.5569],[32403476.1663,5834654.0475],[32403487.4121,5834677.0382],[32403523.1732,5834727.8465],[32403542.6413,5834755.5062],[32403544.1408,5834763.0032],[32403538.8931,5834778.9969],[32403533.6453,5834788.4932],[32403526.6482,5834795.9903],[32403517.6519,5834799.9888],[32403500.6587,5834803.9875],[32403493.6615,5834808.9856],[32403486.6645,5834819.4815],[32403480.917,5834833.9758],[32403477.4186,5834852.4685],[32403469.9225,5834917.4428],[32403319.9823,5834926.4413],[32403301.7397,5834931.9394],[32403291.7438,5834945.4342],[32403287.7457,5834963.4271],[32403286.9963,5834981.4199],[32403301.4965,5835251.9804],[32403305.7437,5835325.2829],[32403294.4984,5835339.2775],[32403286.002,5835353.7719],[32403280.2545,5835371.265],[32403214.2844,5835622.6659],[32403159.0564,5835624.6659],[32403429.2053,5836066.9862],[32403482.9352,5836158.449],[32403486.9338,5836170.944],[32403487.6837,5836181.9396],[32403485.1848,5836190.4363],[32403479.6871,5836197.9334],[32403473.1898,5836204.4309],[32403463.1932,5836214.4277],[32403453.198,5836224.4232],[32403499.431,5836318.3852],[32403513.1979,5836353.8138],[32403521.4233,5836391.8557],[32403524.4224,5836417.3455],[32403526.4227,5836488.9531],[32403527.1728,5836515.8063],[32403529.4221,5836531.7999],[32403533.9204,5836541.2961],[32403542.1672,5836547.7934],[32403555.412,5836551.2918],[32403575.654,5836552.7909],[32403622.3727,5836555.2217],[32403642.8773,5836556.2886],[32403653.3731,5836554.789],[32403669.1168,5836549.7908],[32403675.8641,5836550.7903],[32403682.4865,5836554.5387],[32403689.1089,5836558.2871],[32403690.3589,5836589.2748],[32403731.0927,5836590.7736],[32403771.8265,5836592.2724],[32403774.7001,5836602.9451],[32403799.5668,5836684.2355],[32403818.0602,5836735.7147],[32403838.3028,5836782.196],[32403859.0451,5836820.1806],[32403880.2871,5836852.1675],[32403957.008,5836950.6273],[32403960.2568,5836958.1243],[32403959.5072,5836966.6209],[32403955.259,5836973.6182],[32403948.012,5836978.1165],[32403841.3051,5837023.1001],[32403854.5506,5837077.0785],[32403898.5331,5837080.5764],[32403942.5157,5837084.0744],[32404025.9819,5837046.0884],[32404053.9706,5837033.0931],[32404074.9626,5837055.5839],[32404089.8626,5837071.5477],[32404146.4352,5837132.5523],[32404152.433,5837142.5482],[32404154.4323,5837153.5438],[32404152.1834,5837165.0393],[32404146.4358,5837175.5352],[32404119.1971,5837201.5252],[32403982.2533,5837320.9797],[32403968.0091,5837335.4741],[32403953.2653,5837354.9665],[32403932.7739,5837387.9537],[32403922.5284,5837415.4429],[32403921.0292,5837431.4366],[32403925.0278,5837445.431],[32403940.5217,5837448.9294],[32403968.0106,5837439.9325],[32403987.4329,5837430.4435],[32403996.9269,5837425.805],[32404031.9847,5837407.9444],[32404062.4723,5837389.4513],[32404094.4593,5837365.9602],[32404123.1975,5837342.4691],[32404143.8975,5837323.293],[32404252.1445,5837223.0148],[32404268.6377,5837212.5187],[32404277.6341,5837209.5198],[32404290.1292,5837209.5196],[32404305.3731,5837213.018],[32404320.3673,5837219.5152],[32404367.349,5837249.0028],[32404580.7658,5837365.9533],[32404729.5406,5837464.727],[32404763.6947,5837487.4024],[32404790.6841,5837497.8979],[32404898.1418,5837530.3834],[32404908.6378,5837536.8807],[32404920.1503,5837549.5017],[32404924.8816,5837557.8721],[32404925.6315,5837571.8665],[32404986.1075,5837578.8629],[32405048.3328,5837583.3602],[32405119.5545,5837585.3584],[32405188.0272,5837582.3587],[32405247.0037,5837574.8608],[32405295.4842,5837564.8641],[32405332.2195,5837554.3677],[32405522.8927,5837491.3901],[32405490.906,5837530.375],[32405483.1593,5837544.3696],[32405481.6601,5837563.8619],[32405484.1593,5837575.857],[32405499.1539,5837612.8421],[32405511.1494,5837634.8332],[32405524.6443,5837654.3253],[32405538.3891,5837668.8193],[32405552.8834,5837676.3161],[32405567.3777,5837678.3151],[32405583.3713,5837676.8155],[32405566.1285,5837698.807],[32405540.1393,5837731.7943],[32405514.1501,5837764.7815],[32405490.1599,5837784.2741],[32405463.9206,5837801.7675],[32405431.4338,5837818.7612],[32405389.7006,5837835.755],[32405339.221,5837853.2488],[32405286.7421,5837866.7442],[32405270.1565,5837869.391],[32405239.7609,5837874.2418],[32405129.7552,5837878.4455],[32405056.5838,5837881.2417],[32405002.6054,5837885.2408],[32404890.4002,5837899.2369],[32404828.1752,5837911.233],[32404772.4476,5837928.227],[32404729.215,5837946.7202],[32404693.2398,5837966.0922],[32404651.2467,5837988.7047],[32404630.2551,5837994.7026],[32404592.7701,5838000.2009],[32404586.2727,5838000.7008],[32404572.5281,5837997.7022],[32404551.2866,5837998.2023],[32404460.0731,5838015.1968],[32404305.1351,5838039.1895],[32404237.912,5838047.1872],[32404167.5177,5838052.61],[32404091.7385,5838053.7811],[32404065.4807,5838054.1869],[32404045.4887,5838057.186],[32404028.9953,5838063.1838],[32404018.7496,5838073.6798],[32403966.0203,5838060.1859],[32403935.5184,5838051.003],[32403849.8161,5838025.2015],[32403815.8295,5838019.7041],[32403793.0886,5838023.7029],[32403786.8413,5838037.1976],[32403791.5897,5838058.1892],[32403812.5818,5838085.6779],[32403836.8227,5838127.6609],[32403865.5621,5838182.6386],[32403847.8199,5838234.1184],[32403839.0736,5838253.111],[32403829.8275,5838265.1063],[32403818.3322,5838273.6031],[32403802.5885,5838278.1015],[32403781.8468,5838279.6012],[32403519.4513,5838288.6014],[32403452.9772,5838245.6194],[32403396.749,5838206.6357],[32403348.5176,5838169.1513],[32403311.032,5838132.6663],[32403275.5455,5838092.1829],[32403231.1352,5838034.8205],[32403142.624,5838069.4567],[32403171.3371,5838101.1808],[32403184.3322,5838118.6737],[32403191.5796,5838134.1674],[32403194.8285,5838149.1614],[32403195.5784,5838165.155],[32403192.081,5838247.6223],[32403151.5973,5838260.6177],[32403114.9218,5838266.7308],[32403082.6249,5838272.1141],[32403066.6313,5838273.1139],[32403052.137,5838272.1145],[32403038.3924,5838267.6165],[32403026.1472,5838260.1196],[32403016.6508,5838250.1237],[32403011.4027,5838235.6296],[32403011.9021,5838210.6395],[32403016.15,5838176.653],[32403025.6454,5838124.1737],[32403026.8948,5838113.1781],[32403025.3952,5838099.6834],[32403021.1467,5838084.1897],[32403013.6494,5838066.6967],[32402938.6772,5837924.7542],[32402835.2213,5838133.1728],[32402830.2235,5838146.6675],[32402829.9012,5838154.7295],[32402783.6782,5838131.6187],[32402776.4482,5838127.7581],[32402714.5188,5838094.6898],[32402679.7824,5838081.1957],[32402618.8065,5838065.2029],[32402505.6013,5838050.2104],[32402425.1332,5838043.7142],[32402354.4113,5838041.7159],[32402293.9354,5838042.7164],[32402244.4551,5838046.2157],[32402008.0496,5838073.7081],[32401944.8249,5838082.2056],[32401896.5942,5838092.2023],[32401794.1354,5838117.6936],[32401754.1514,5838124.1916],[32401723.4136,5838123.1924],[32401697.4238,5838115.6957],[32401675.4324,5838104.7004],[32401640.6958,5838078.7112],[32401625.2018,5838062.218],[32401612.2067,5838043.7256],[32401602.9601,5838023.7336],[32401594.7138,5838057.7202],[32401586.4676,5838091.7068],[32401578.2214,5838125.6934],[32401569.9751,5838159.68],[32401535.9891,5838186.17],[32401518.2462,5838195.6664],[32401500.0036,5838200.6647],[32401481.5109,5838200.665],[32401464.7675,5838196.167],[32401452.0225,5838188.1704],[32401429.63,5838164.379],[32401420.0347,5838154.1843],[32401346.8123,5838048.2275],[32401314.3245,5837997.748],[32401204.1155,5837799.3285],[32401186.8697,5837774.6686],[32401152.3851,5837725.3586],[32401157.8825,5837697.3697],[32401169.1276,5837671.3799],[32401189.869,5837645.8897],[32401214.359,5837625.3975],[32401253.8428,5837596.9083],[32401270.3361,5837587.4118],[32401289.5784,5837581.414],[32401314.8183,5837579.9142],[32401343.3071,5837585.4116],[32401372.7956,5837599.9054],[32401428.0357,5837634.4748],[32401487.0011,5837671.3754],[32401514.9903,5837691.3671],[32401567.2201,5837733.3496],[32401595.7092,5837760.8383],[32401619.7001,5837791.3258],[32401633.1952,5837824.8123],[32401637.1941,5837857.7992],[32401634.9455,5837892.7853],[32401652.1891,5837927.2713],[32401667.1836,5837957.2592],[32401689.6753,5838006.2394],[32401698.9218,5838020.7335],[32401710.1675,5838028.7302],[32401726.4111,5838031.7287],[32401757.8985,5838027.7299],[32401860.8573,5838009.7356],[32401913.8361,5838004.237],[32402027.2909,5837997.738],[32402023.5419,5837965.7508],[32402015.2948,5837936.7624],[32401999.8005,5837908.274],[32401973.0607,5837880.2855],[32401903.0877,5837820.8101],[32401876.348,5837795.8205],[32401840.3618,5837756.3367],[32401829.3659,5837737.8442],[32401826.8666,5837719.8514],[32401831.1147,5837704.3575],[32401839.1114,5837693.8615],[32401851.3564,5837687.3639],[32401868.5995,5837685.8643],[32401958.696,5837690.2289],[32401982.0544,5837691.3605],[32402033.7838,5837688.8608],[32402096.7587,5837682.3625],[32402118.7498,5837674.3654],[32402134.7432,5837659.3711],[32402143.7394,5837640.8783],[32402145.2385,5837619.3868],[32402124.4967,5837619.3871],[32402104.0049,5837619.3874],[32402083.2631,5837619.3877],[32402062.5214,5837619.388],[32402037.7812,5837617.3892],[32402008.5428,5837612.3916],[32401950.3157,5837595.3991],[32401923.0764,5837583.9041],[32401896.3368,5837569.4102],[32401874.8451,5837551.4177],[32401863.0994,5837528.9268],[32401860.3502,5837507.9352],[32401861.5995,5837492.9411],[32401866.3474,5837479.9462],[32401887.3386,5837447.4589],[32401938.0675,5837381.4844],[32401946.5639,5837366.99],[32401950.5621,5837352.4957],[32401951.3116,5837338.5013],[32401949.0623,5837325.5065],[32401934.6075,5837272.0817],[32401929.3191,5837252.5358],[32401924.8217,5837239.7938],[32401908.3266,5837193.0597],[32401890.8329,5837149.0775],[32401867.5915,5837102.5963],[32401850.598,5837080.6053],[32401803.616,5837034.1244],[32401792.3706,5837040.1222],[32401778.6261,5837043.1212],[32401761.8827,5837041.622],[32401741.8906,5837034.1253],[32401724.3973,5837021.1307],[32401713.6514,5837005.637],[32401706.6539,5836988.1441],[32401648.4271,5836991.1437],[32401615.1904,5836998.1414],[32401583.4533,5837010.6369],[32401557.9636,5837026.1311],[32401534.7231,5837045.6236],[32401518.7298,5837062.6171],[32401502.4865,5837084.6086],[32401485.2438,5837112.5977],[32401514.4823,5837121.0939],[32401526.9774,5837129.0905],[32401530.7261,5837140.0861],[32401525.2284,5837151.0818],[32401512.7336,5837163.0772],[32401337.5561,5837357.0025],[32401326.0608,5837366.4989],[32401311.8165,5837371.9969],[32401295.0732,5837372.497],[32401276.8304,5837368.4988],[32401092.9026,5837301.0282],[32401080.6574,5837293.5314],[32401072.1606,5837279.5371],[32401066.9124,5837259.0453],[32401065.4126,5837231.5563],[32401067.6603,5837137.0938],[32401073.2852,5837060.1447],[32401075.4057,5837031.1358],[32401069.9076,5837011.6437],[32401056.4127,5836992.6514],[32401033.4216,5836972.6597],[32400842.7455,5836841.7144],[32400828.0012,5836825.721],[32400813.5066,5836803.7299],[32400801.0112,5836777.7405],[32400792.0144,5836751.2511],[32400789.7178,5836718.1765],[32400634.0258,5836617.9034],[32400617.8318,5836617.8066],[32400602.8376,5836606.3114],[32400595.1134,5836592.5187],[32400510.6839,5836554.2221],[32400481.228,5836544.4085],[32400310.4517,5836451.3771],[32400306.7027,5836414.3919],[32400307.2022,5836396.3991],[32400311.7002,5836377.4065],[32400334.6902,5836321.4285],[32400339.6881,5836310.9326],[32400346.4353,5836302.4359],[32400353.9322,5836296.938],[32400362.1789,5836293.939],[32400383.5358,5836292.9391],[32400379.5621,5836259.167],[32400372.4243,5836259.4526],[32400359.9291,5836250.9562],[32400349.4331,5836236.4621],[32400330.6901,5836200.4767],[32400315.9456,5836176.9862],[32400276.2106,5836124.0078],[32400248.4932,5836090.7919],[32400213.2346,5836048.5387],[32400202.7385,5836031.5456],[32400202.4885,5836025.548],[32400207.4865,5836022.0493],[32400218.9819,5836021.5494],[32400254.218,5836029.0459],[32400318.2938,5836044.9961],[32400323.1805,5836005.8983],[32400287.2042,5835982.0641],[32400270.2107,5835965.5709],[32400251.4679,5835943.0801],[32400232.7249,5835915.5913],[32400215.7313,5835885.1037],[32400162.001,5835773.149],[32400147.2563,5835735.1643],[32400108.7699,5835610.7143],[32400047.2932,5835530.747],[32400022.8024,5835495.7613],[32399952.7689,5835379.4991],[32399918.0916,5835324.3309],[32399871.8591,5835262.3562],[32399705.4223,5835050.9426],[32399652.846,5834989.6193],[32399547.7324,5834867.018],[32399418.7829,5834810.5423],[32399345.0617,5834773.0582],[32399262.6824,5834713.6935],[32399221.6095,5834684.0953],[32399183.6243,5834659.6056],[32399139.928,5834634.0482],[32399078.6652,5834600.1307],[32399043.179,5834582.6382],[32399015.9398,5834573.6421],[32398949.466,5834558.1492],[32398784.0317,5834550.6545],[32398648.2728,5834563.1688],[32398671.0163,5834856.5047],[32398681.8711,5834936.8215],[32398702.9997,5834985.1139],[32398616.7503,5835001.9444],[32398540.7741,5834965.0429],[32398488.6984,5835041.9188],[32398442.8257,5835006.8115],[32398412.9729,5834995.3977],[32398384.8761,5834991.0079],[32398359.4136,5834992.7643],[32398338.3412,5835000.6668],[32398327.8051,5835009.4472],[32398302.7883,5835040.5093],[32398286.9779,5835061.69],[32398273.2131,5835077.2313],[32398233.4189,5835076.6172],[32398203.5662,5835073.9836],[32398183.8107,5835069.1548],[32398158.5379,5835059.461],[32398130.2989,5835044.9672],[32398096.7033,5835023.5075],[32398064.5744,5835002.9848],[32398048.0809,5834995.488],[32398035.5859,5834995.4882],[32398029.3385,5835003.4851],[32398030.3382,5835013.9809],[32398043.5832,5835031.4738],[32398049.0812,5835046.4677],[32398051.0811,5835095.4482],[32398062.5771,5835132.9331],[32398065.5762,5835149.9263],[32398065.5764,5835168.9188],[32398060.5788,5835198.4071],[32398050.8333,5835238.8912],[32398039.8383,5835279.3752],[32398030.3424,5835307.3642],[32398020.8464,5835322.8582],[32398008.1017,5835333.3542],[32397994.6071,5835339.352],[32397981.8622,5835341.8512],[32397980.8628,5835351.3474],[32397976.1149,5835366.3415],[32397962.1209,5835395.83],[32397952.3749,5835407.3256],[32397939.1303,5835419.321],[32397917.889,5835434.3153],[32397911.8914,5835434.3154],[32397904.3943,5835430.3171],[32397896.1475,5835423.32],[32397883.5092,5835408.6277],[32397845.4168,5835364.3442],[32397831.922,5835352.849],[32397820.6765,5835348.3509],[32397809.6808,5835348.8509],[32397801.6841,5835354.3488],[32397798.9354,5835365.8443],[32397804.6316,5835413.2359],[32397810.1824,5835468.8031],[32397811.1826,5835512.7856],[32397806.4352,5835562.266],[32397797.4396,5835622.2423],[32397773.7009,5835745.1937],[32397714.228,5835989.0976],[32397704.2327,5836035.0794],[32397701.9839,5836059.0699],[32397700.7348,5836088.5582],[32397701.485,5836120.0457],[32397705.2339,5836149.5339],[32397713.731,5836179.5218],[32397736.8122,5836238.6073],[32397751.2174,5836275.4831],[32397757.9651,5836296.9745],[32397762.7135,5836318.9657],[32397762.7137,5836335.9589],[32397758.4656,5836349.9534],[32397751.7185,5836364.4477],[32397740.973,5836378.4423],[32397725.2294,5836388.4386],[32397706.237,5836395.436],[32397686.7449,5836398.9349],[32397666.253,5836397.9356],[32397567.5419,5836372.4472],[32397518.8111,5836357.9536],[32397471.5796,5836341.4609],[32397426.0974,5836320.4699],[32397378.8658,5836295.4805],[32397294.1488,5836245.5016],[32397257.4131,5836219.0126],[32397219.6776,5836186.5261],[32397182.9417,5836150.5409],[32397075.9825,5836028.0912],[32397037.747,5835981.1104],[32397005.5092,5835938.128],[32396934.5359,5835828.6725],[32396898.5494,5835769.6965],[32396842.5702,5835668.2376],[32396723.2078,5835479.3965],[32396669.1352,5835393.8493],[32396648.8928,5835356.3645],[32396635.8975,5835325.8768],[32396628.65,5835301.8864],[32396626.4006,5835280.395],[32396628.8993,5835259.4033],[32396634.147,5835240.4108],[32396640.894,5835224.9169],[32396648.6408,5835211.9219],[32396673.0064,5835182.9322],[32396697.3706,5835153.9443],[32396712.864,5835128.4542],[32396722.6097,5835096.9666],[32396720.1102,5835060.9809],[32396706.615,5835024.4956],[32396688.6217,5834992.5086],[32396668.3794,5834965.0198],[32396647.3874,5834943.0289],[32396622.8969,5834922.5374],[32396594.4079,5834902.046],[32396547.1763,5834874.5576],[32396521.4849,5834863.7921],[32396520.5407,5834865.6172],[32396520.2111,5834866.2543],[32396517.3971,5834871.6936],[32396512.1698,5834874.6881],[32396503.2285,5834875.5342],[32396494.304,5834874.0273],[32396486.8344,5834869.2187],[32396474.893,5834858.3061],[32396462.4326,5834846.9192],[32396447.2295,5834837.2788],[32396425.3188,5834827.594],[32396407.3923,5834825.9275],[32396396.1319,5834829.7162],[32396379.4645,5834843.291],[32396375.1718,5834846.7872],[32396357.8117,5834857.5835],[32396347.1203,5834864.2324],[32396340.4868,5834870.1766],[32396338.5668,5834875.8847],[32396337.8357,5834887.9372],[32396341.6308,5834902.4021],[32396381.8947,5834969.559],[32396392.5463,5834987.3251],[32396397.5525,5834998.1264],[32396403.0237,5835018.3912],[32396456.9653,5835088.4738],[32396476.208,5835116.9621],[32396495.201,5835152.4478],[32396536.6858,5835244.4106],[32396543.6833,5835266.9015],[32396550.4313,5835312.3834],[32396559.1782,5835342.3713],[32396577.9213,5835381.3555],[32396607.4103,5835429.8358],[32396674.3851,5835527.2961],[32396701.3748,5835563.2814],[32396801.5868,5835687.7305],[32396814.582,5835716.2189],[32396816.8313,5835730.2133],[32396812.5831,5835737.2106],[32396799.0884,5835732.2128],[32396777.3468,5835717.2191],[32396752.6065,5835702.7252],[32396722.565,5835695.1362],[32396721.522,5835694.8728],[32396720.5985,5835693.5797],[32396718.8527,5835691.1408],[32396717.1044,5835688.7036],[32396715.3535,5835686.2681],[32396713.6002,5835683.8343],[32396711.8444,5835681.4021],[32396710.0862,5835678.9716],[32396708.3255,5835676.5427],[32396706.9955,5835674.7116],[32396602.9048,5835538.1621],[32396556.9702,5835482.7249],[32396501.7057,5835419.4996],[32396474.8366,5835391.2305],[32396446.5514,5835364.375],[32396375.7643,5835304.4973],[32396375.5664,5835304.3387],[32396373.2237,5835302.4653],[32396370.879,5835300.595],[32396368.5323,5835298.7278],[32396366.1837,5835296.8635],[32396363.8334,5835295.002],[32396361.4814,5835293.1433],[32396359.1277,5835291.2876],[32396356.7682,5835289.4391],[32396355.1719,5835287.0786],[32396319.3134,5835234.0517],[32396208.8999,5835109.7064],[32396182.6502,5835095.2005],[32396171.2097,5835085.6455],[32396164.2865,5835075.7899],[32396161.1755,5835067.2778],[32396160.7206,5835061.2502],[32396163.065,5835055.715],[32396150.1778,5835035.3702],[32396135.5878,5835012.3373],[32396125.3048,5834990.9514],[32396119.317,5834967.987],[32396115.9307,5834943.567],[32396112.5998,5834919.5459],[32396104.3531,5834917.047],[32396096.3561,5834904.5521],[32396089.8584,5834885.5597],[32396085.3599,5834864.0683],[32396083.1104,5834841.5773],[32396082.1101,5834792.097],[32396083.859,5834764.1081],[32396088.6067,5834736.1192],[32396104.0472,5834680.4093],[32396114.0953,5834644.1554],[32396120.0924,5834609.669],[32396128.0878,5834511.7079],[32396141.4245,5834382.9809],[32396143.8294,5834359.7681],[32396150.8263,5834341.2753],[32396162.5714,5834325.2815],[32396197.8069,5834293.7936],[32396230.7933,5834254.3088],[32396249.7849,5834197.3312],[32396261.7795,5834155.3477],[32396270.5255,5834116.3631],[32396281.27,5834031.8966],[32396284.5181,5833988.9136],[32396284.7675,5833955.4269],[32396278.7694,5833921.4405],[32396266.2737,5833877.958],[32396250.0296,5833836.4747],[32396233.0359,5833806.4869],[32396213.2935,5833787.9945],[32396189.3029,5833774.5003],[32396163.8129,5833768.0032],[32396140.3223,5833770.5025],[32396121.5799,5833781.4984],[32396107.3358,5833798.9917],[32396096.8403,5833820.9831],[32396089.8435,5833845.4734],[32396064.605,5833952.4313],[32396056.6085,5833975.4222],[32396040.6153,5834000.9123],[32396028.3703,5834012.4079],[32396011.6271,5834021.4046],[32395936.1576,5834054.8923],[32395908.9186,5834063.3893],[32395878.4308,5834067.3882],[32395807.459,5834070.388],[32395777.9708,5834074.3868],[32395754.2304,5834082.384],[32395708.7488,5834104.8757],[32395683.0092,5834115.3719],[32395648.523,5834124.3688],[32395602.7914,5834132.8661],[32395551.062,5834138.8644],[32395499.0827,5834140.8643],[32395324.9019,5834129.3714],[32395301.6611,5834131.3709],[32395271.9231,5834137.369],[32395241.6852,5834145.866],[32395196.2036,5834167.3581],[32395175.4619,5834172.8562],[32395156.4695,5834174.3559],[32395141.9753,5834172.3569],[32395130.7297,5834167.8588],[32395120.4837,5834161.3616],[32395112.4867,5834152.8651],[32395107.9884,5834143.8687],[32395102.7402,5834124.3765],[32395097.492,5834104.8844],[32395092.2438,5834085.3922],[32395080.4914,5834041.7431],[32395080.1794,5834040.584],[32395080.3246,5834038.8504],[32395080.531,5834036.0364],[32395080.803,5833996.8037],[32395077.7442,5833978.9971],[32395073.0389,5833964.688],[32395065.3376,5833952.0729],[32395043.2594,5833927.2322],[32395034.2261,5833919.3956],[32395021.3474,5833911.621],[32394987.4317,5833899.6372],[32394912.3367,5833883.6426],[32394911.1776,5833883.406],[32394908.2386,5833882.8026],[32394905.3005,5833882.1951],[32394902.3637,5833881.5832],[32394899.4282,5833880.966],[32394896.4941,5833880.3432],[32394893.5617,5833879.714],[32394890.6311,5833879.0778],[32394887.7025,5833878.4342],[32394884.7667,5833877.7981],[32394881.818,5833877.1763],[32394878.8669,5833876.5467],[32394875.924,5833875.887],[32394872.9998,5833875.1749],[32394870.1049,5833874.3883],[32394867.2499,5833873.5048],[32394864.4455,5833872.5022],[32394861.6977,5833871.3597],[32394858.9988,5833870.0814],[32394856.3431,5833868.689],[32394853.7252,5833867.2046],[32394851.1398,5833865.6502],[32394848.5814,5833864.0479],[32394846.0448,5833862.4198],[32394843.5244,5833860.7879],[32394841.0203,5833859.1441],[32394838.5345,5833857.4701],[32394836.0655,5833855.769],[32394833.6117,5833854.0437],[32394831.1716,5833852.2975],[32394828.7435,5833850.5333],[32394826.326,5833848.7542],[32394823.9175,5833846.9633],[32394821.5164,5833845.1638],[32394819.1212,5833843.3586],[32394816.734,5833841.5433],[32394814.3581,5833839.7112],[32394811.992,5833837.8644],[32394809.6346,5833836.0048],[32394807.2843,5833834.1345],[32394804.94,5833832.2555],[32394802.6001,5833830.3699],[32394800.2635,5833828.4797],[32394797.9288,5833826.587],[32394795.5946,5833824.6937],[32394793.2595,5833822.802],[32394790.9223,5833820.9138],[32394788.5817,5833819.0312],[32394786.848,5833817.6452],[32394776.7791,5833809.7734],[32394754.6705,5833794.4303],[32394711.8244,5833772.7382],[32394678.2661,5833759.671],[32394628.5838,5833748.1039],[32394580.9411,5833742.8263],[32394520.9319,5833741.7132],[32394497.0321,5833743.732],[32394476.5207,5833748.2747],[32394448.4276,5833758.7496],[32394419.8085,5833775.1631],[32394395.1664,5833797.0841],[32394377.7223,5833817.6964],[32394370.5945,5833830.8811],[32394367.2301,5833842.3668],[32394365.685,5833860.3332],[32394365.61,5833874.2843],[32394365.6223,5833875.3242],[32394365.6678,5833878.3256],[32394365.7159,5833881.327],[32394365.7597,5833884.3282],[32394365.7921,5833887.3288],[32394365.8059,5833890.3283],[32394365.7941,5833893.3263],[32394365.7494,5833896.3225],[32394365.6567,5833899.3221],[32394365.4591,5833902.3329],[32394365.1083,5833905.3247],[32394364.5582,5833908.264],[32394363.7697,5833911.147],[32394362.74,5833913.9901],[32394361.4761,5833916.733],[32394359.9858,5833919.318],[32394358.299,5833921.7857],[32394356.4597,5833924.1673],[32394354.5107,5833926.4708],[32394352.4946,5833928.7046],[32394350.4484,5833930.8933],[32394348.3826,5833933.0646],[32394347.3671,5833934.1163],[32394302.9833,5833980.9605],[32394280.7955,5834009.2765],[32394264.7319,5834038.0382],[32394248.2619,5834083.1703],[32394244.216,5834106.7466],[32394242.9488,5834154.7574],[32394246.9697,5834184.4917],[32394254.3566,5834207.3551],[32394263.8509,5834222.5697],[32394279.2597,5834236.7715],[32394302.5684,5834250.5133],[32394331.0492,5834259.8336],[32394293.8149,5834324.3085],[32394281.3203,5834352.2975],[32394274.3234,5834375.2885],[32394270.0754,5834396.78],[32394268.3264,5834418.7713],[32394270.8261,5834468.2516],[32394270.5766,5834494.741],[32394266.0791,5834546.2206],[32394260.5816,5834568.7117],[32394250.8358,5834589.2037],[32394237.0915,5834606.697],[32394218.5991,5834622.1911],[32394196.8579,5834630.688],[32394174.6167,5834631.1881],[32394141.0384,5834624.2414],[32394087.6511,5834613.1965],[32394057.1632,5834611.1977],[32394032.4231,5834615.6963],[32394017.929,5834626.1923],[32394012.1814,5834638.6874],[32394011.9317,5834652.1821],[32394013.6812,5834665.1769],[32394019.679,5834676.1724],[32394033.6736,5834685.1686],[32394072.0944,5834697.7238],[32394110.1435,5834710.1576],[32394188.8626,5834742.6436],[32394215.3523,5834755.638],[32394230.8463,5834765.134],[32394243.3415,5834777.1291],[32394253.3377,5834793.1226],[32394261.5847,5834814.1141],[32394266.0833,5834839.1041],[32394266.3336,5834865.0938],[32394259.3371,5834917.573],[32394253.5897,5834939.0645],[32394243.5939,5834955.0583],[32394229.3498,5834966.5539],[32394209.8576,5834975.0508],[32394186.3671,5834980.549],[32394160.1275,5834984.0479],[32394097.4025,5834984.5486],[32394062.9162,5834981.5503],[32394030.9288,5834973.0541],[32394000.9405,5834961.0593],[32393972.9515,5834945.0661],[32393947.9611,5834925.5742],[32393927.7188,5834903.0834],[32393911.9747,5834877.5938],[32393900.229,5834850.1049],[32393888.4834,5834829.6132],[32393874.9887,5834821.6166],[32393861.9938,5834821.6168],[32393851.748,5834826.1151],[32393845.2507,5834836.1113],[32393841.7523,5834852.6047],[32393840.039,5834876.5954],[32393838.0046,5834905.0839],[32393834.7561,5834922.577],[32393828.7587,5834939.5703],[32393818.513,5834954.0647],[32393804.0189,5834963.0613],[32393787.2756,5834966.0604],[32393770.7822,5834965.061],[32393756.7877,5834960.563],[32393746.2918,5834953.5659],[32393731.3922,5834940.042],[32393713.8043,5834924.0781],[32393698.8101,5834917.5809],[32393682.8165,5834920.0802],[32393668.5723,5834929.0768],[32393657.5769,5834941.572],[32393652.3292,5834957.5657],[32393652.0796,5834976.5581],[32393656.5781,5834998.0495],[32393665.3249,5835020.0406],[32393694.0643,5835075.5182],[32393710.5581,5835102.0074],[32393726.0522,5835119.0004],[32393740.2966,5835127.9966],[32393755.5407,5835133.994],[32393772.284,5835136.9926],[32393839.5073,5835136.9917],[32393866.2467,5835136.9913],[32393891.2367,5835138.9901],[32393912.4784,5835144.9874],[32393929.4718,5835155.9828],[32393941.7171,5835171.4765],[32393948.7146,5835189.969],[32393950.2143,5835208.4616],[32393947.2157,5835225.9547],[32393930.9727,5835263.44],[32393914.2298,5835288.9301],[32393888.4904,5835319.4184],[32393857.7531,5835349.9067],[32393817.1488,5835381.6938],[32393784.6585,5835407.1289],[32393758.7936,5835427.3773],[32393744.7992,5835434.3747],[32393735.2978,5835434.7334],[32393682.6922,5835492.6007],[32393645.7903,5835538.1866],[32393630.5962,5835588.1136],[32393630.5966,5835614.1622],[32393630.5972,5835656.6848],[32393638.0949,5835657.7873],[32393651.8395,5835664.2845],[32393659.8365,5835673.2808],[32393662.3456,5835679.6831],[32393677.83,5835719.2623],[32393694.0742,5835766.2434],[32393694.3242,5835776.7392],[32393690.8258,5835785.7357],[32393684.3284,5835791.7334],[32393675.3321,5835795.7319],[32393632.3492,5835801.2303],[32393620.8539,5835805.7287],[32393611.1079,5835815.2251],[32393602.1117,5835830.2192],[32393593.8653,5835850.7112],[32393587.3682,5835875.2015],[32393584.8695,5835898.6922],[32393586.6192,5835921.6831],[32393592.6171,5835943.6742],[32393602.8633,5835961.6669],[32393615.6084,5835976.161],[32393636.9065,5835996.4588],[32393648.8457,5836011.1466],[32393654.8435,5836022.6419],[32393656.8428,5836034.6371],[32393653.3444,5836047.1322],[32393610.382,5836113.9247],[32393593.8694,5836139.5963],[32393582.8739,5836149.5925],[32393569.3793,5836151.0921],[32393555.8846,5836146.594],[32393544.1392,5836138.5974],[32393534.8927,5836128.1017],[32393517.5898,5836099.2967],[32393490.1594,5836053.6319],[32393470.4169,5836028.1424],[32393449.9248,5836007.151],[32393431.6819,5835995.156],[32393418.687,5835992.1574],[32393410.1904,5835993.6569],[32393404.6927,5836000.6542],[32393400.9444,5836015.1485],[32393399.4452,5836031.642],[32393402.6945,5836069.127],[32393403.1947,5836099.1151],[32393400.6962,5836134.1012],[32393395.1989,5836168.5876],[32393386.7027,5836199.5753],[32393375.7074,5836225.5652],[32393358.7145,5836250.0557],[32393315.2325,5836297.5374],[32393300.7386,5836316.0302],[32393293.7416,5836331.5242],[32393287.9233,5836356.4228],[32393282.9965,5836377.506],[32393275.4997,5836391.5006],[32393263.2547,5836402.4964],[32393246.2616,5836409.9936],[32393224.5203,5836412.9927],[32393182.2881,5836412.9182],[32393080.1962,5836451.812],[32393084.5766,5836457.9768],[32393090.8244,5836475.4698],[32393093.3236,5836493.4626],[32393092.3243,5836511.4554],[32393088.0762,5836527.4491],[32393080.3295,5836540.4441],[32393069.8338,5836549.9404],[32393058.0885,5836556.438],[32393046.0934,5836559.437],[32393032.5987,5836559.937],[32393012.3274,5836556.5008],[32392956.4425,5836625.537],[32392957.6296,5836636.4076],[32392952.3819,5836645.4041],[32392933.3897,5836665.8962],[32392923.3939,5836679.391],[32392914.8975,5836696.3844],[32392900.6538,5836738.3679],[32392892.6572,5836757.8602],[32392882.9113,5836771.355],[32392872.6654,5836775.3536],[32392862.6694,5836772.3549],[32392801.9429,5836729.3728],[32392791.447,5836723.8752],[32392779.4517,5836720.3767],[32392746.9647,5836721.3768],[32392728.722,5836724.8757],[32392712.7284,5836729.8739],[32392690.9872,5836741.3696],[32392683.4902,5836743.369],[32392677.8243,5836742.8294],[32392582.1481,5836814.5886],[32392508.1221,5836880.6852],[32392511.5607,5836890.3129],[32392517.309,5836927.2981],[32392516.0597,5836941.7924],[32392511.3118,5836953.7877],[32392500.8042,5836973.2711],[32392487.3219,5836998.2703],[32392480.5749,5837015.2636],[32392476.5767,5837032.7567],[32392474.5778,5837050.7496],[32392474.0782,5837069.7421],[32392476.0777,5837088.2347],[32392489.5729,5837131.2174],[32392491.8222,5837143.2126],[32392492.3222,5837155.7076],[32392487.3245,5837178.6985],[32392478.5781,5837188.1949],[32392463.0844,5837196.1919],[32392425.5996,5837211.6863],[32392407.1071,5837224.6814],[32392388.3648,5837242.6745],[32392372.1215,5837261.6672],[32392361.8758,5837277.1611],[32392355.3787,5837294.6543],[32392351.1307,5837319.1446],[32392350.8812,5837346.6337],[32392356.3794,5837371.6236],[32392372.6231,5837387.617],[32392381.3699,5837406.6094],[32392384.8688,5837426.6014],[32392384.8691,5837445.5938],[32392380.3711,5837462.0873],[32392370.1254,5837475.0823],[32392343.1364,5837494.0751],[32392311.3749,5837511.7967],[32392226.6837,5837559.0509],[32392179.9526,5837583.042],[32392131.7222,5837612.531],[32392078.4939,5837650.0168],[32392031.2632,5837684.5037],[32392000.2758,5837702.497],[32391978.2846,5837705.4961],[32391949.7959,5837702.9975],[32391914.8097,5837696.5006],[32391870.4594,5837685.1681],[32391768.1175,5837659.0176],[32391716.388,5837649.0223],[32391677.4034,5837645.0244],[32391653.1631,5837651.5222],[32391638.4192,5837666.0166],[32391628.9233,5837687.0084],[32391623.4258,5837710.4991],[32391620.4274,5837740.9871],[32391620.6778,5837772.9743],[32391624.4268,5837803.4621],[32391632.6739,5837831.9507],[32391665.4119,5837903.9216],[32391672.1595,5837923.9136],[32391681.6563,5837967.8959],[32391682.9061,5837985.3889],[32391679.9076,5838010.379],[32391675.4096,5838020.3751],[32391668.6624,5838027.3724],[32391659.1662,5838033.3702],[32391634.926,5838044.866],[32391584.6963,5838063.8591],[32391559.4565,5838075.3549],[32391529.7186,5838092.3486],[32391497.9815,5838114.3402],[32391442.7541,5838159.8229],[32391427.7604,5838181.3146],[32391414.266,5838196.8086],[32391402.021,5838204.8056],[32391392.025,5838204.8057],[32391382.7786,5838199.8079],[32391373.782,5838188.8124],[32391364.5354,5838170.8197],[32391356.2883,5838144.8301],[32391344.5421,5838084.8541],[32391337.0447,5838059.3644],[32391326.5487,5838041.3717],[32391314.3034,5838030.876],[32391301.3085,5838026.378],[32391288.3137,5838028.3774],[32391279.0675,5838035.3747],[32391274.8193,5838046.3704],[32391276.3191,5838075.8587],[32391284.0667,5838120.3409],[32391298.3118,5838173.8194],[32391309.8076,5838201.8081],[32391339.0468,5838260.7842],[32391342.5456,5838269.7806],[32391351.7922,5838291.7717],[32391365.2872,5838317.7612],[32391381.0313,5838340.252],[32391400.7737,5838358.2446],[32391424.5145,5838374.7377],[32391471.4962,5838402.2261],[32391500.2349,5838415.7203],[32391557.8365,5838439.4597],[32391615.4398,5838463.1998],[32391632.1833,5838474.1952],[32391646.4278,5838486.69],[32391654.4248,5838500.1846],[32391655.1747,5838512.6796],[32391649.9744,5838532.7563],[32391644.4296,5838554.1632],[32391624.6888,5838648.6259],[32391617.9417,5838668.6181],[32391610.6947,5838676.615],[32391601.1986,5838680.1137],[32391575.9586,5838679.6143],[32391478.997,5838665.6212],[32391376.7871,5838626.1383],[32391340.3014,5838614.6434],[32391297.4103,5838607.2343],[32391265.0811,5838601.6497],[32391205.3547,5838584.6573],[32391156.6238,5838567.1649],[32391137.3813,5838556.1695],[32391118.1387,5838540.1762],[32391097.1468,5838518.685],[32391077.9041,5838493.6952],[32391063.6593,5838467.206],[32391043.6667,5838425.223],[32390958.948,5838260.7896],[32390893.4721,5838123.3452],[32390854.7363,5838038.8793],[32390832.2445,5837985.4009],[32390824.997,5837959.9111],[32390820.7484,5837937.9199],[32390818.9986,5837902.9339],[32390823.9963,5837883.9414],[32390847.4863,5837838.9589],[32390872.6149,5837798.8909],[32390901.7135,5837752.4926],[32390945.6711,5837636.2128],[32390946.7247,5837633.4256],[32390947.779,5837630.6366],[32390948.6518,5837628.3279],[32390950.2294,5837625.1824],[32390951.5602,5837622.4928],[32390952.2739,5837621.0312],[32390969.5623,5837581.2801],[32390988.9056,5837527.6215],[32390995.0796,5837501.426],[32390996.6977,5837474.4394],[32390993.4187,5837447.6579],[32390984.1257,5837425.584],[32390970.2248,5837406.0518],[32390943.067,5837383.7145]],[[32399800.1126,5833518.051],[32399828.8543,5833738.463],[32399832.1032,5833752.9572],[32399837.8511,5833765.9519],[32399845.8481,5833775.448],[32399855.3443,5833778.9465],[32399868.2913,5833780.171],[32399892.3297,5833782.4446],[32399904.8247,5833781.4448],[32399910.4894,5833778.779],[32399913.3212,5833777.4463],[32399917.3195,5833769.9492],[32399919.0684,5833741.4605],[32399917.3185,5833700.4768],[32399903.8217,5833546.5383],[32399861.9415,5833534.9579],[32399826.1023,5833525.0479],[32399800.1126,5833518.051]],[[32403160.5431,5834743.0165],[32403147.2986,5834754.5122],[32403110.8138,5834805.9922],[32403076.8282,5834861.9704],[32403063.084,5834888.9599],[32403044.8419,5834931.4432],[32402990.6153,5835062.8917],[32402973.8727,5835107.8741],[32402969.3748,5835132.8642],[32402971.3743,5835153.8558],[32402979.3714,5835170.8489],[32402992.6163,5835184.3434],[32403005.6112,5835192.34],[32403015.3574,5835193.8393],[32403024.8536,5835190.3405],[32403037.8483,5835182.8433],[32403053.3419,5835169.3485],[32403068.5855,5835147.357],[32403082.5795,5835117.8686],[32403095.0741,5835081.3829],[32403106.3189,5835037.4002],[32403116.3143,5834989.919],[32403129.308,5834913.949],[32403135.0554,5834888.4591],[32403144.5512,5834861.4697],[32403174.2885,5834797.4947],[32403180.2858,5834777.0027],[32403180.7853,5834758.0103],[32403173.2881,5834744.5158],[32403160.5431,5834743.0165]],[[32405051.4813,5830607.6344],[32405038.9863,5830608.6342],[32405027.7409,5830613.6324],[32405014.9961,5830623.6286],[32405002.7511,5830638.123],[32404992.7554,5830656.116],[32404984.2591,5830678.1074],[32404969.7655,5830725.0889],[32404966.2672,5830743.0818],[32404965.5178,5830768.0719],[32404968.2669,5830778.0678],[32404974.0147,5830786.0646],[32405069.7275,5830846.5392],[32405101.9644,5830830.5451],[32405154.6928,5830786.062],[32405198.6748,5830753.0745],[32405207.4212,5830743.0784],[32405209.1703,5830729.5837],[32405205.6715,5830715.5893],[32405198.6741,5830703.5942],[32405186.9286,5830691.0993],[32405117.2056,5830637.1218],[32405090.7159,5830620.1289],[32405068.7245,5830611.1328],[32405051.4813,5830607.6344]],[[32408979.6819,5831546.205],[32408957.4408,5831548.7043],[32408908.2105,5831558.7011],[32408890.4676,5831564.1991],[32408874.4741,5831572.696],[32408856.2316,5831586.6907],[32408840.4881,5831602.6845],[32408831.9916,5831616.6791],[32408830.2425,5831630.1738],[32408831.2423,5831644.668],[32408835.241,5831660.6616],[32408841.9885,5831677.6547],[32408851.7349,5831693.1484],[32408863.4804,5831706.1431],[32408875.9756,5831715.1393],[32408888.2208,5831720.637],[32408902.4651,5831723.6356],[32408943.9487,5831726.6338],[32408969.6884,5831726.1336],[32409015.67,5831720.1353],[32409034.4125,5831714.6372],[32409052.4052,5831707.14],[32409069.3983,5831695.6443],[32409083.1426,5831677.6513],[32409093.1383,5831655.1601],[32409098.6357,5831629.1703],[32409098.3855,5831605.1799],[32409091.8878,5831586.6873],[32409080.6421,5831573.1928],[32409066.8974,5831562.6972],[32409048.4047,5831555.2004],[32409025.4137,5831549.703],[32409001.1733,5831546.7045],[32408979.6819,5831546.205]],[[32408159.7536,5831233.3412],[32408181.7448,5831230.8419],[32408206.7349,5831233.8403],[32408246.969,5831242.3364],[32408257.9647,5831242.3362],[32408266.2113,5831237.3381],[32408270.9593,5831229.3412],[32408272.2086,5831217.8457],[32408268.2101,5831206.3504],[32408257.7141,5831195.8547],[32408218.2294,5831169.3658],[32408196.9876,5831151.3733],[32408182.9929,5831132.8808],[32408167.4987,5831106.8914],[32408161.0012,5831102.8931],[32408153.5042,5831104.3926],[32408145.5075,5831110.3903],[32408137.7607,5831119.8866],[32408128.5146,5831136.8801],[32408119.2686,5831153.8734],[32408111.2719,5831162.8699],[32408099.7765,5831168.8677],[32408084.7826,5831172.3665],[32408068.2891,5831172.3668],[32408051.7956,5831168.3686],[32408037.3013,5831160.372],[32408024.3063,5831147.8771],[32408012.5607,5831131.8836],[32408000.8857,5831113.0867],[32407972.8256,5831067.9097],[32407958.581,5831048.4176],[32407947.0854,5831039.4214],[32407937.5892,5831037.9221],[32407927.0934,5831038.9218],[32407916.0978,5831043.4202],[32407905.3522,5831052.4168],[32407895.1065,5831066.4114],[32407879.1134,5831101.3977],[32407873.3659,5831117.8912],[32407869.8675,5831133.8849],[32407869.1181,5831151.378],[32407871.3674,5831168.871],[32407876.6156,5831183.8649],[32407885.1124,5831197.3594],[32407897.3577,5831211.8535],[32407913.6014,5831224.3483],[32407933.8435,5831234.344],[32407953.5857,5831239.8416],[32407969.8293,5831241.3408],[32407986.0728,5831242.8399],[32408021.6194,5831255.4346],[32408049.5479,5831265.3301],[32408069.0402,5831264.83],[32408094.7798,5831258.832],[32408159.7536,5831233.3412]],[[32405536.0332,5830238.2744],[32405520.5394,5830236.7753],[32405502.036,5830238.3337],[32405473.0583,5830240.7743],[32405449.8175,5830237.7759],[32405423.328,5830230.2792],[32405399.5872,5830219.2839],[32405385.0928,5830206.2893],[32405380.8443,5830193.2945],[32405382.8433,5830180.7995],[32405388.5909,5830170.3036],[32405402.835,5830154.3097],[32405412.331,5830139.3156],[32405420.0777,5830123.8216],[32405422.5765,5830111.8263],[32405417.0786,5830100.8308],[32405405.583,5830088.8357],[32405389.5892,5830079.3397],[32405370.5967,5830075.3416],[32405351.6043,5830076.3415],[32405334.1113,5830080.8399],[32405318.1178,5830088.837],[32405303.3738,5830101.832],[32405291.6288,5830119.3252],[32405283.3823,5830139.3174],[32405278.1347,5830159.3095],[32405271.6379,5830203.7919],[32405263.8923,5830296.7551],[32405264.6422,5830307.2509],[32405268.1409,5830317.2468],[32405274.8884,5830325.7434],[32405285.8841,5830330.7412],[32405314.8726,5830336.2386],[32405424.5792,5830351.7309],[32405452.5677,5830326.7404],[32405467.5616,5830316.7442],[32405483.805,5830310.7464],[32405501.7979,5830308.7469],[32405519.7907,5830308.7466],[32405536.0342,5830308.7464],[32405549.5288,5830306.747],[32405560.5244,5830300.7492],[32405568.5211,5830291.7527],[32405573.5189,5830280.2572],[32405572.5191,5830267.2624],[32405564.5221,5830254.7675],[32405551.777,5830244.2718],[32405536.0332,5830238.2744]],[[32408438.6291,5830287.2134],[32408409.8905,5830287.7137],[32408397.6455,5830293.7114],[32408391.1482,5830302.2082],[32408388.3994,5830311.7044],[32408387.8997,5830320.7009],[32408389.8991,5830330.6968],[32408396.1468,5830343.1918],[32408406.143,5830356.6863],[32408419.8877,5830370.6805],[32408469.3686,5830407.6651],[32408525.5967,5830442.1506],[32408584.8235,5830469.6388],[32408610.0636,5830477.6353],[32408627.8066,5830481.6334],[32408648.7983,5830483.1325],[32408672.2888,5830478.634],[32408702.7765,5830464.6391],[32408803.4856,5830409.1597],[32408814.9809,5830398.1639],[32408814.4809,5830383.6697],[32408804.4847,5830370.1752],[32408786.7416,5830361.6788],[32408592.818,5830309.7023],[32408541.3384,5830299.707],[32408486.1102,5830291.2112],[32408438.6291,5830287.2134]],[[32403824.3201,5837598.8714],[32403852.1341,5837561.5825],[32403869.2743,5837538.6034],[32403874.5491,5837526.8993],[32403870.0508,5837520.4019],[32403859.305,5837517.9031],[32403844.5609,5837519.4027],[32403829.0671,5837524.9007],[32403810.1463,5837535.8489],[32403789.3333,5837547.8921],[32403725.1092,5837570.8839],[32403701.3687,5837577.3816],[32403676.8785,5837580.8806],[32403623.1499,5837580.8814],[32403308.0244,5837521.4095],[32403205.0652,5837506.9167],[32403153.5856,5837502.919],[32403110.1029,5837503.9192],[32403014.6411,5837519.4144],[32402992.8998,5837518.4151],[32402966.4102,5837512.4178],[32402900.1863,5837491.4271],[32402854.7042,5837479.4325],[32402746.9967,5837456.4432],[32402744.7478,5837472.4369],[32402742.499,5837488.4305],[32402776.7355,5837503.4241],[32402806.224,5837519.4173],[32402831.7142,5837537.9096],[32402849.9572,5837557.4016],[32402863.4521,5837576.8936],[32402871.949,5837595.886],[32402875.9476,5837612.8792],[32402876.3739,5837624.3842],[32403029.5993,5837621.6458],[32403058.8744,5837579.8897],[32403073.6183,5837563.8959],[32403088.6122,5837552.4002],[32403104.3558,5837545.4028],[32403121.5989,5837542.4037],[32403155.8353,5837545.4021],[32403489.4533,5837595.8773],[32403533.9358,5837609.8711],[32403548.93,5837619.3671],[32403557.6767,5837630.8624],[32403561.4253,5837643.8572],[32403649.1404,5837639.8575],[32403701.3695,5837635.8584],[32403748.6007,5837630.3599],[32403783.3368,5837624.3618],[32403811.5754,5837617.3642],[32403824.3201,5837598.8714]],[[32404783.6017,5831564.7576],[32404787.8499,5831559.7595],[32404840.0794,5831576.752],[32404849.5756,5831578.2513],[32404856.8227,5831577.2516],[32404861.5708,5831572.7533],[32404873.8156,5831554.7603],[32404899.055,5831513.2764],[32404930.7918,5831471.7925],[32404946.5353,5831457.298],[32404964.2781,5831445.3025],[32405012.2586,5831416.8132],[32405055.7409,5831393.3219],[32405071.9843,5831381.8262],[32405083.4795,5831369.8308],[32405088.4774,5831355.8363],[32405086.9777,5831341.3421],[32405079.7305,5831329.347],[32405067.4852,5831318.8514],[32405051.2415,5831311.8544],[32405016.2553,5831301.359],[32404950.0314,5831286.8657],[32404919.0437,5831282.8678],[32404853.8196,5831280.8695],[32404823.3318,5831285.3681],[32404763.3559,5831301.3626],[32404704.8794,5831314.8581],[32404694.1338,5831323.8547],[32404693.1344,5831334.8503],[32404697.3828,5831346.8455],[32404703.8804,5831357.3412],[32404721.1238,5831375.8336],[32404728.1212,5831388.8283],[32404733.1195,5831405.8215],[32404736.6184,5831425.3137],[32404738.1181,5831447.3049],[32404737.1191,5831493.7865],[32404733.8711,5831541.7674],[32404735.1208,5831557.7611],[32404738.8695,5831570.7558],[32404744.8673,5831580.7518],[32404752.3644,5831587.2491],[32404760.3613,5831588.7484],[32404767.6083,5831585.7495],[32404773.1061,5831580.7514],[32404783.6017,5831564.7576]],[[32393566.0628,5831422.973],[32393595.8006,5831395.4835],[32393542.8212,5831365.4962],[32393516.5814,5831346.0044],[32393494.3399,5831324.5132],[32393477.8462,5831304.0216],[32393463.6016,5831283.0302],[32393457.1042,5831284.0299],[32393440.6108,5831288.0285],[32393417.5194,5831296.4933],[32393397.6282,5831308.521],[32393366.7018,5831335.8922],[32393325.9076,5831371.9967],[32393297.1693,5831392.489],[32393260.4343,5831414.9805],[32393248.4391,5831417.4797],[32393212.9532,5831414.4814],[32393199.9584,5831415.4812],[32393187.4634,5831420.4794],[32393138.9832,5831459.4646],[32393125.2388,5831467.4616],[32393108.7455,5831471.4602],[32393086.5043,5831473.4597],[32393035.0248,5831473.9603],[32393045.5211,5831506.4472],[32393060.0158,5831538.9341],[32393082.5074,5831573.9198],[32393108.2475,5831603.9075],[32393130.489,5831626.3983],[32393145.4833,5831646.8899],[32393149.732,5831670.8803],[32393171.2234,5831665.882],[32393192.9646,5831653.3867],[32393242.4441,5831598.4078],[32393270.51,5831574.3645],[32393299.9206,5831554.4245],[32393359.6464,5831522.4364],[32393422.1211,5831496.4458],[32393452.014,5831486.0645],[32393499.8398,5831469.4555],[32393521.3311,5831460.4588],[32393536.325,5831450.4625],[32393566.0628,5831422.973]],[[32402581.5185,5834394.1635],[32402443.8238,5834432.1503],[32402306.1292,5834470.1371],[32402318.5572,5834549.732],[32402325.8731,5834596.5866],[32402324.1941,5834599.7258],[32402314.378,5834618.0782],[32402285.1407,5834692.549],[32402354.6496,5834832.2384],[32402387.9869,5834846.1284],[32402408.9607,5834849.1243],[32402433.5299,5834847.9255],[32402462.2938,5834837.7378],[32402541.394,5834776.6132],[32402573.1536,5834731.6689],[32402597.1228,5834672.3428],[32402613.3021,5834638.7845],[32402619.3488,5834622.6591],[32402636.0357,5834608.753],[32402592.5148,5834437.646],[32402581.5185,5834394.1635]],[[32403269.2246,5832985.7139],[32403347.8564,5832918.0753],[32403387.1762,5832884.2526],[32403376.9296,5832833.273],[32403372.1809,5832794.2886],[32403374.9294,5832768.2989],[32403309.9548,5832732.3141],[32403291.2121,5832723.8178],[32403273.9689,5832719.3198],[32403257.4754,5832716.821],[32403240.4822,5832716.8213],[32403205.2463,5832720.8202],[32403170.0103,5832721.3205],[32403154.0166,5832716.8225],[32403142.0213,5832709.3256],[32403134.774,5832698.8299],[32403133.7742,5832684.8355],[32403139.5216,5832661.8446],[32403169.0086,5832578.8772],[32403181.001,5832560.0087],[32403187.7508,5832549.3886],[32403186.5011,5832540.3922],[32403180.7533,5832531.3959],[32403172.5065,5832523.3992],[32403161.5107,5832517.4017],[32403147.0165,5832513.9033],[32403131.5226,5832514.4033],[32403117.2784,5832519.4015],[32403103.2841,5832527.8984],[32403046.5572,5832570.3823],[32403019.5682,5832588.3755],[32402990.3301,5832604.3695],[32402967.5894,5832620.8633],[32402956.3441,5832639.3561],[32402952.346,5832657.8488],[32402951.8464,5832673.8425],[32402954.0959,5832702.3311],[32402967.5919,5832793.7945],[32402975.0893,5832822.2831],[32402982.5865,5832836.2774],[32402992.0829,5832847.7727],[32403003.0787,5832857.2688],[32403015.8237,5832864.2658],[32403043.8127,5832874.7612],[32403059.5566,5832883.7574],[32403077.5496,5832898.7512],[32403094.2933,5832921.242],[32403106.2889,5832946.7317],[32403116.0354,5832975.7201],[32403140.5257,5832975.7197],[32403165.0159,5832975.7194],[32403189.5062,5832975.7191],[32403214.2464,5832975.7187],[32403234.7382,5832977.2178],[32403269.2246,5832985.7139]],[[32388792.0281,5834691.6705],[32388781.1738,5834652.5976],[32388787.6857,5834622.2073],[32388818.0754,5834596.1581],[32388852.807,5834589.6454],[32388917.9292,5834604.8396],[32388980.8805,5834628.7167],[32389043.8322,5834663.4476],[32389089.3975,5834691.292],[32389160.3624,5834687.2365],[32389283.8135,5834698.2304],[32389311.3025,5834697.2304],[32389329.5452,5834690.7327],[32389366.5302,5834673.2392],[32389386.2723,5834668.7407],[32389406.5142,5834668.7404],[32389447.498,5834672.7382],[32389469.989,5834671.7383],[32389504.975,5834666.7398],[32389518.7196,5834666.7396],[32389535.213,5834669.7382],[32389558.7037,5834671.2373],[32389587.1923,5834667.2385],[32389614.4314,5834660.2409],[32389634.1734,5834652.2438],[32389645.1689,5834640.7482],[32389650.4166,5834625.7541],[32389651.9158,5834610.2602],[32389650.9159,5834595.766],[32389644.9685,5834582.2692],[32389637.6709,5834574.7745],[32389622.6768,5834567.7775],[32389601.1853,5834563.7794],[32389571.9469,5834563.7798],[32389536.4611,5834568.2785],[32389499.4759,5834575.2763],[32389460.8104,5834586.1486],[32389364.0303,5834610.7641],[32389302.305,5834622.2603],[32389250.8256,5834628.7585],[32389170.1077,5834630.7588],[32389095.3874,5834628.7607],[32389082.6971,5834626.7808],[32389060.1514,5834623.2633],[32389028.1639,5834611.2686],[32389000.1748,5834595.2753],[32388977.4337,5834579.282],[32388955.692,5834558.2906],[32388944.0436,5834544.4586],[32388889.4671,5834473.3254],[32388868.4752,5834454.3332],[32388841.7356,5834439.3396],[32388814.2464,5834428.3443],[32388790.2559,5834421.8472],[32388767.265,5834418.8488],[32388740.5256,5834420.3485],[32388711.0374,5834425.347],[32388680.0499,5834433.844],[32388650.3119,5834446.8393],[32388608.3185,5834473.8191],[32388560.8483,5834504.3176],[32388488.475,5834539.1172],[32388522.8555,5834550.5768],[32388557.5876,5834574.4543],[32388590.1489,5834607.0149],[32388603.2504,5834636.4916],[32388617.3277,5834636.2644],[32388648.0656,5834643.7609],[32388675.055,5834655.7558],[32388694.2976,5834667.251],[32388707.5425,5834683.2444],[32388718.2886,5834706.7349],[32388725.9788,5834737.2567],[32388783.3458,5834737.2559],[32388802.7756,5834740.0313],[32388792.0281,5834691.6705]],[[32396689.1837,5829790.7224],[32396750.1855,5829785.1759],[32396816.7328,5829787.9477],[32396861.0979,5829793.4926],[32396902.6897,5829790.7193],[32396955.3726,5829762.9905],[32397010.8281,5829721.3976],[32397071.8292,5829682.5775],[32397141.1488,5829663.1669],[32397246.4803,5829666.6764],[32397242.5742,5829634.1322],[32397236.8262,5829609.1422],[32397226.5799,5829588.1507],[32397210.3362,5829572.1573],[32397191.0937,5829561.6618],[32397170.8517,5829557.1639],[32397147.3611,5829560.6628],[32397089.9357,5829578.9538],[32397040.654,5829594.6508],[32396987.6753,5829608.1462],[32396924.2007,5829621.142],[32396861.9756,5829631.1389],[32396812.4954,5829634.6382],[32396783.6435,5829633.3932],[32396728.0018,5829693.6736],[32396686.41,5829713.0838],[32396617.09,5829726.9488],[32396536.6788,5829729.7228],[32396461.8127,5829704.7686],[32396388.7599,5829649.9809],[32396357.1767,5829646.1401],[32396319.1917,5829638.1438],[32396237.3875,5829615.4186],[32396533.9104,5830034.7314],[32396619.866,5829943.2275],[32396650.3665,5829926.5903],[32396661.457,5829868.3613],[32396680.8656,5829801.8137],[32396689.1837,5829790.7224]],[[32402235.6444,5833581.9914],[32402207.1558,5833584.4908],[32402179.417,5833596.4864],[32402155.4268,5833613.9798],[32402137.4343,5833634.4719],[32402125.4394,5833661.9611],[32402117.9429,5833697.9469],[32402115.4445,5833737.931],[32402117.6942,5833776.9155],[32402127.9409,5833831.8935],[32402163.1791,5833983.8326],[32402182.4063,5834051.3513],[32402190.8229,5834080.9073],[32402194.918,5834095.2878],[32402210.6624,5834138.2705],[32402225.157,5834164.7597],[32402243.4001,5834186.7507],[32402263.3923,5834199.7453],[32402283.8842,5834205.7426],[32402304.626,5834206.7419],[32402325.8675,5834204.2426],[32402347.3589,5834198.2447],[32402368.1004,5834187.2488],[32402388.0923,5834172.7542],[32402406.3348,5834154.7611],[32402423.8274,5834126.772],[32402440.3202,5834083.7889],[32402452.8145,5834032.809],[32402459.3112,5833979.83],[32402456.8113,5833922.8527],[32402446.8144,5833861.3773],[32402433.319,5833802.9007],[32402419.5738,5833755.9196],[32402406.3285,5833718.4347],[32402390.3344,5833684.4484],[32402371.3415,5833654.4606],[32402347.8505,5833627.9715],[32402321.3607,5833607.9798],[32402293.1217,5833594.4856],[32402264.1332,5833586.4892],[32402235.6444,5833581.9914]],[[32388844.9511,5832116.2638],[32388837.4539,5832100.7701],[32388825.7084,5832090.2744],[32388809.9646,5832081.778],[32388791.7217,5832076.2804],[32388772.4794,5832074.2815],[32388753.9868,5832077.2806],[32388736.4938,5832084.7778],[32388712.8056,5832099.1278],[32388684.515,5832116.266],[32388663.5235,5832126.2624],[32388641.2824,5832131.7605],[32388620.5406,5832129.7616],[32388600.0486,5832117.2668],[32388534.5737,5832051.294],[32388511.8325,5832032.3019],[32388489.0913,5832017.3081],[32388468.0995,5832007.3124],[32388446.0845,5832003.9948],[32388430.1146,5832004.8139],[32388407.1238,5832009.3125],[32388385.1327,5832017.8094],[32388368.1397,5832032.8037],[32388353.3957,5832048.7975],[32388336.9025,5832060.2932],[32388319.6594,5832065.7912],[32388303.1659,5832063.2925],[32388289.9211,5832054.2962],[32388281.4243,5832041.8013],[32388276.9259,5832027.8069],[32388273.9267,5832000.8177],[32388268.4287,5831986.8234],[32388257.1169,5831971.5383],[32388241.439,5831956.3359],[32388222.1964,5831942.8415],[32388202.954,5831934.3452],[32388182.2122,5831929.3474],[32388158.7215,5831926.8488],[32388131.2324,5831930.3478],[32388102.9938,5831941.3438],[32388071.3389,5831961.4353],[32388059.5116,5831970.8327],[32388045.7673,5831990.8249],[32388033.0228,5832019.3137],[32388023.527,5832050.8013],[32388019.7789,5832079.7899],[32388020.2299,5832088.0549],[32388021.2787,5832107.2789],[32388026.777,5832141.2653],[32388038.0232,5832186.747],[32388070.0121,5832298.2023],[32388073.0113,5832326.1911],[32388080.5086,5832347.6824],[32388098.7518,5832383.168],[32388122.4929,5832417.654],[32388141.6011,5832440.5832],[32388165.2266,5832464.6347],[32388183.4695,5832476.1299],[32388207.71,5832486.1256],[32388236.9484,5832492.1228],[32388269.9353,5832493.1219],[32388300.9229,5832488.1235],[32388325.9128,5832479.1267],[32388348.1538,5832465.6317],[32388370.3947,5832449.138],[32388433.8686,5832387.1618],[32388472.6027,5832352.1751],[32388511.3369,5832328.1841],[32388557.5683,5832315.6885],[32388594.6245,5832311.3868],[32388613.546,5832309.1903],[32388667.5245,5832306.6905],[32388732.4986,5832306.6896],[32388752.2407,5832303.6905],[32388770.4833,5832296.693],[32388791.2249,5832285.1973],[32388810.9668,5832264.7052],[32388824.9608,5832237.7157],[32388842.9529,5832183.737],[32388847.9506,5832160.7461],[32388848.45,5832137.2554],[32388844.9511,5832116.2638]],[[32397953.5811,5829696.4289],[32397923.0798,5829668.7012],[32397881.4872,5829635.4282],[32397831.5764,5829610.4737],[32397629.1618,5829607.7037],[32397629.1611,5829557.7933],[32397692.9352,5829552.2468],[32397649.5288,5829429.7497],[32397663.516,5829389.743],[32397611.1484,5829321.4364],[32397442.389,5829303.473],[32397381.3686,5829270.9883],[32397326.9218,5829305.4724],[32397249.2834,5829313.7921],[32397213.237,5829308.2469],[32397152.2346,5829274.9741],[32397015.7153,5829178.7929],[32396990.1684,5829194.3108],[32396969.1769,5829204.8069],[32396955.9321,5829206.3065],[32396944.1868,5829204.8073],[32396937.3846,5829199.178],[32396775.1342,5829335.9813],[32396783.4534,5829391.4372],[32396777.9086,5829441.3477],[32396764.0453,5829491.2584],[32396737.1033,5829527.182],[32396773.0095,5829526.6817],[32396803.9972,5829523.6824],[32396849.7289,5829516.6846],[32396896.9599,5829507.6875],[32396975.9282,5829487.6943],[32397035.9042,5829477.1976],[32397136.614,5829465.7007],[32397171.3502,5829466.6998],[32397217.8318,5829471.6972],[32397266.0627,5829481.6925],[32397306.2969,5829496.686],[32397345.5317,5829526.1737],[32397391.0143,5829569.6557],[32397491.7257,5829675.6122],[32397524.4631,5829704.6002],[32397558.9497,5829730.0895],[32397590.6874,5829749.0815],[32397603.929,5829754.9423],[32397643.0274,5829715.8429],[32397659.6639,5829704.7514],[32397681.8465,5829704.7511],[32397701.256,5829704.7508],[32397745.621,5829724.1598],[32397828.806,5829779.6147],[32397892.5811,5829807.3418],[32397945.2645,5829821.2052],[32397964.6736,5829807.3408],[32397975.7647,5829785.1583],[32397978.5372,5829762.9758],[32397978.5369,5829738.0206],[32397953.5811,5829696.4289]],[[32396579.8998,5833940.4287],[32396559.408,5833940.9288],[32396538.1665,5833945.4273],[32396518.4245,5833954.424],[32396496.1836,5833970.4179],[32396445.2045,5834015.9006],[32396429.2111,5834032.3942],[32396418.7155,5834049.3876],[32396408.47,5834074.3778],[32396400.7235,5834103.3664],[32396398.2249,5834133.8543],[32396401.2242,5834168.3406],[32396407.4723,5834206.8252],[32396416.969,5834242.3109],[32396429.2145,5834268.3004],[32396433.213,5834277.2968],[32396443.959,5834293.2903],[32396508.6882,5834384.7174],[32396523.9288,5834406.2442],[32396538.9231,5834424.7366],[32396549.4192,5834441.7297],[32396554.9172,5834456.7237],[32396553.6679,5834470.7181],[32396548.1703,5834486.7118],[32396523.9306,5834532.6939],[32396499.9406,5834565.6811],[32396468.2038,5834599.1682],[32396429.2198,5834635.1545],[32396444.5008,5834644.0922],[32396482.1991,5834666.1414],[32396545.9244,5834707.1242],[32396580.6609,5834732.1137],[32396621.1925,5834763.7384],[32396692.1178,5834819.0776],[32396714.3592,5834832.5719],[32396737.85,5834842.5676],[32396762.3403,5834849.0646],[32396787.5803,5834851.5633],[32396814.5696,5834850.0635],[32396844.5575,5834843.5656],[32396876.7946,5834833.0694],[32396908.2818,5834818.5747],[32396937.5199,5834800.0816],[32396959.4906,5834781.2491],[32396985.0003,5834750.6006],[32397001.2434,5834721.1121],[32397013.738,5834689.6245],[32397023.2338,5834658.6367],[32397028.2313,5834627.1491],[32397028.2309,5834594.662],[32397020.9829,5834534.1862],[32397001.8444,5834447.9378],[32396984.495,5834369.7521],[32396982.7454,5834344.2623],[32396984.7442,5834320.2718],[32396988.9922,5834298.2805],[32396993.4902,5834279.288],[32396944.5434,5834233.2469],[32396925.9195,5834215.7287],[32396879.7839,5834172.3321],[32396790.5683,5834095.364],[32396701.3526,5834018.3959],[32396639.1267,5833968.9165],[32396615.8857,5833953.9228],[32396597.8927,5833944.4268],[32396579.8998,5833940.4287]],[[32401049.8479,5832304.5162],[32401146.058,5832193.559],[32401178.7943,5832150.5756],[32401202.5343,5832109.0918],[32401251.5133,5832007.1316],[32401256.511,5831981.6417],[32401256.5107,5831960.1502],[32401249.2633,5831941.1579],[32401214.7764,5831898.6753],[32401181.0393,5831863.6897],[32401169.5438,5831860.1912],[32401159.7978,5831863.69],[32401152.8007,5831871.6869],[32401150.0519,5831880.1836],[32401151.5518,5831918.6682],[32401147.8035,5831933.1625],[32401141.8061,5831945.6576],[32401134.809,5831954.6541],[32401126.3125,5831960.6519],[32401115.8167,5831963.151],[32401103.3216,5831960.1524],[32401090.3267,5831951.1562],[32401078.831,5831937.6617],[32401070.834,5831921.1684],[32401066.3353,5831890.6806],[32401064.0856,5831843.1995],[32401064.2488,5831749.6983],[32401064.3334,5831701.2559],[32401061.8341,5831676.2659],[32401056.3359,5831655.7741],[32401040.5917,5831618.2893],[32401032.3447,5831601.2961],[32401023.3481,5831587.3018],[32401013.8517,5831577.3059],[32401003.6057,5831571.3085],[32400991.8603,5831568.3098],[32400978.1158,5831567.3104],[32400905.0523,5831644.1251],[32400758.9563,5831797.7219],[32400709.2249,5831717.2546],[32400691.7314,5831685.2675],[32400682.4848,5831663.2764],[32400678.9859,5831646.783],[32400679.4856,5831634.288],[32400682.7341,5831623.7921],[32400689.2314,5831615.2954],[32400699.7272,5831611.2968],[32400731.2146,5831607.298],[32400787.692,5831594.8022],[32400878.1556,5831570.8104],[32400893.8992,5831562.8134],[32400903.1454,5831550.818],[32400906.3939,5831538.323],[32400905.894,5831528.3269],[32400902.3952,5831520.3302],[32400895.3979,5831514.3327],[32400884.4023,5831509.8346],[32400854.664,5831501.3384],[32400823.1766,5831510.3353],[32400808.4031,5831520.7947],[32400794.9381,5831530.3277],[32400782.6931,5831534.3263],[32400768.6986,5831533.3269],[32400758.2027,5831526.8296],[32400755.2038,5831517.8332],[32400757.7026,5831508.337],[32400768.9385,5831494.1099],[32400792.4382,5831464.354],[32400803.6834,5831440.3634],[32400811.68,5831429.3676],[32400824.9536,5831416.4461],[32400839.9184,5831401.8782],[32400844.4164,5831390.3827],[32400844.1664,5831378.8873],[32400838.1686,5831368.8913],[32400825.9234,5831361.8943],[32400790.9372,5831354.3977],[32400773.1942,5831353.3984],[32400717.7163,5831354.8986],[32400670.6528,5831358.2312],[32400662.9882,5831358.8978],[32400647.9942,5831364.3958],[32400634.4997,5831375.3916],[32400622.7546,5831391.3854],[32400613.5098,5831411.8779],[32400544.2884,5831565.3173],[32400501.5568,5831663.279],[32400481.0658,5831722.7556],[32400476.8185,5831791.7282],[32400478.3184,5831829.7131],[32400485.566,5831862.6999],[32400496.3122,5831897.186],[32400506.3088,5831938.1695],[32400514.0564,5831979.6529],[32400518.5551,5832014.639],[32400516.5563,5832044.1273],[32400501.0632,5832095.1072],[32400497.8148,5832114.0997],[32400501.0637,5832130.5931],[32400511.5598,5832153.084],[32400532.3021,5832189.5692],[32400606.5243,5832311.5196],[32400676.2481,5832413.4781],[32400735.7233,5832338.0073],[32400795.1986,5832262.5365],[32400905.6563,5832381.4876],[32400988.6246,5832468.4518],[32401041.1044,5832520.4304],[32401064.3454,5832536.4237],[32401083.0881,5832543.4207],[32401100.5811,5832545.9194],[32401064.7137,5832375.2522],[32401049.8479,5832304.5162]]]],"crs":{"type":"EPSG","properties":{"code":4647}}},"properties":{"BGL":6,"BGL_NAME":"Talsandniederungen und Urstromtäler","FL_NR":425}}]}