{"type": "FeatureCollection","features":[{"type":"Feature","geometry":{"type":"Polygon","coordinates":[[[32498982.4939,5873359.262],[32498906.5238,5873341.2703],[32498830.8037,5873326.7772],[32498753.8341,5873315.2829],[32498677.8641,5873305.7878],[32498591.8981,5873296.2928],[32498505.9322,5873290.2965],[32498419.9663,5873288.7984],[32498334.7501,5873289.2995],[32498216.797,5873293.2996],[32498098.5942,5873304.297],[32497980.6412,5873316.294],[32497863.4378,5873321.7936],[32497801.4624,5873319.2955],[32497739.4869,5873309.8002],[32497682.7591,5873290.3088],[32497635.7772,5873255.8232],[32497622.2818,5873202.8445],[32497605.5377,5873150.8654],[32497585.0451,5873100.3858],[32497561.3038,5873052.4052],[32497538.5622,5873014.9204],[32497510.8228,5872982.9336],[32497478.835,5872952.4461],[32497448.0968,5872923.4581],[32497407.3622,5872874.978],[32497355.6322,5872833.4953],[32497298.9044,5872811.0051],[32497245.6756,5872819.5025],[32497175.4542,5872865.985],[32497108.9814,5872915.9662],[32497042.7584,5872967.4467],[32496977.2852,5873019.9268],[32496916.8105,5873102.3949],[32496848.089,5873180.8647],[32496770.6207,5873247.3395],[32496682.4065,5873296.8211],[32496576.1992,5873327.3106],[32496470.9914,5873360.299],[32496365.5339,5873395.7865],[32496261.3258,5873431.7737],[32496151.12,5873462.763],[32496043.9132,5873502.2489],[32495939.4554,5873549.7316],[32495839.9958,5873605.7108],[32495793.5154,5873685.6797],[32495738.0386,5873760.1509],[32495672.5656,5873823.6266],[32495595.097,5873870.1093],[32495506.8824,5873892.6017],[32495412.92,5873911.5955],[32495326.9541,5873909.0978],[32495265.228,5873866.6156],[32495237.4882,5873812.6374],[32495218.7448,5873755.1606],[32495204.2496,5873696.1842],[32495190.7541,5873637.2079],[32495185.5045,5873526.7519],[32495174.2574,5873418.795],[32495156.013,5873310.3384],[32495131.5211,5873204.3809],[32495110.278,5873105.9203],[32495079.0389,5873005.4607],[32495029.5574,5872926.4929],[32494956.5859,5872896.5059],[32494873.619,5872902.0049],[32494790.652,5872910.5028],[32494708.4348,5872920.9998],[32494626.4676,5872931.4969],[32494491.0219,5872964.4858],[32494354.8263,5872989.4778],[32494216.6314,5873005.4735],[32494078.6864,5873015.4716],[32493941.491,5873020.4716],[32493804.5453,5873014.9758],[32493670.5981,5872990.9873],[32493544.8973,5872945.0075],[32493457.4308,5872861.542],[32493364.9663,5872784.5739],[32493267.504,5872714.1034],[32493167.0429,5872649.1307],[32493069.3308,5872586.657],[32492965.6211,5872533.6796],[32492856.9138,5872501.694],[32492748.7069,5872505.1942],[32492640.5003,5872537.183],[32492532.2938,5872567.6725],[32492424.0872,5872597.6622],[32492315.8806,5872627.6518],[32492209.4237,5872682.1317],[32492095.2198,5872727.1155],[32491979.0162,5872745.6099],[32491870.0591,5872724.6198],[32491781.3435,5872667.144],[32491702.8735,5872593.1746],[32491626.4028,5872517.7057],[32491541.9353,5872453.7324],[32491379.4984,5872360.7718],[32491216.062,5872271.3098],[32491050.6264,5872185.3464],[32490884.1912,5872103.8813],[32491101.3546,5872076.389],[32491319.5174,5872041.8995],[32491529.933,5871986.4185],[32491725.6039,5871896.9512],[32491845.3052,5871818.9805],[32491959.7584,5871733.5128],[32492069.4634,5871642.5474],[32492174.1704,5871545.0847],[32492279.8767,5871437.6259],[32492384.8334,5871329.6673],[32492487.5409,5871219.2097],[32492585.2504,5871104.7538],[32492777.671,5870916.326],[32492965.3429,5870679.4175],[32493164.0105,5870451.5052],[32493375.4232,5870235.0882],[32493600.8306,5870035.6643],[32493788.0041,5869891.219],[32493984.9238,5869759.2685],[32494190.8403,5869643.8114],[32494406.5032,5869548.3462],[32494599.9253,5869479.8706],[32494800.3449,5869427.3885],[32495003.7636,5869391.8996],[32495208.682,5869378.4019],[32495350.8752,5869357.4081],[32495494.068,5869336.4143],[32495637.2608,5869318.4193],[32495781.4534,5869308.4212],[32495934.642,5869269.4344],[32496086.0811,5869220.4516],[32496234.5212,5869161.9727],[32496380.9621,5869098.9955],[32496521.4053,5869033.0197],[32496659.8493,5868963.5452],[32496797.5434,5868889.5726],[32496930.9892,5868811.6016],[32497097.6719,5868736.1292],[32497266.1039,5868663.1557],[32497435.7854,5868593.181],[32497607.2163,5868526.7048],[32497746.4105,5868493.7159],[32497892.6024,5868489.7153],[32498038.5447,5868507.7059],[32498179.2394,5868545.6887],[32498268.2044,5868565.6794],[32498356.9195,5868587.1695],[32498442.8858,5868617.6561],[32498521.6052,5868663.6366],[32498603.3231,5868687.126],[32498685.291,5868710.6154],[32498768.0085,5868734.1048],[32498850.9758,5868756.0948],[32498907.9533,5868763.591],[32498966.9299,5868762.5905],[32499024.9067,5868752.0938],[32499080.1345,5868733.6003],[32499126.3656,5868702.1122],[32499165.5994,5868659.1287],[32499197.0861,5868609.6479],[32499221.3257,5868556.6686],[32499221.8247,5868504.6893],[32499206.0802,5868454.2096],[32499180.3397,5868406.2291],[32499147.602,5868364.7461],[32499120.1121,5868312.7672],[32499092.3724,5868261.2881],[32499064.6326,5868210.3088],[32499035.1436,5868160.8289],[32499022.6473,5868081.8605],[32499041.1387,5868000.8924],[32499075.6238,5867919.9241],[32499114.3572,5867843.454],[32499193.8245,5867767.9828],[32499300.0316,5867723.4989],[32499418.2343,5867698.507],[32499535.4375,5867683.5112],[32499658.6384,5867670.0147],[32499783.5887,5867667.014],[32499907.5395,5867672.0102],[32500031.4906,5867688.002],[32500143.4464,5867703.994],[32500255.4023,5867723.9844],[32500366.1087,5867749.4727],[32500475.066,5867781.4584],[32500573.7776,5867833.9361],[32500660.2444,5867907.9054],[32500736.7154,5867995.3695],[32500802.9406,5868089.8309],[32500835.429,5868176.2961],[32500849.6748,5868271.7579],[32500845.1781,5868367.7198],[32500824.4377,5868459.6835],[32500826.9378,5868531.6548],[32500829.438,5868604.6258],[32500831.9381,5868677.5967],[32500834.4382,5868751.5673],[32500840.9366,5868814.0423],[32500854.6821,5868875.0179],[32500873.1757,5868934.9937],[32500895.9176,5868994.4697],[32500935.4028,5869052.4461],[32500991.1314,5869100.926],[32501055.8563,5869140.4094],[32501122.5804,5869174.3949],[32501196.8008,5869163.898],[32501262.024,5869109.9185],[32501318.7504,5869035.4473],[32501366.2304,5868960.9763],[32501467.6888,5868872.51],[32501570.3966,5868784.0437],[32501673.1045,5868697.0768],[32501776.5621,5868609.61],[32501916.5048,5868494.6537],[32502060.1961,5868384.6954],[32502206.1365,5868276.7362],[32502352.8266,5868170.7762],[32502503.5152,5868067.815],[32502659.2019,5867971.8509],[32502817.8876,5867881.8843],[32502979.5721,5867795.9161],[32503179.2414,5867704.4496],[32503385.6583,5867626.9774],[32503596.3236,5867559.5011],[32503808.7384,5867499.0221],[32503957.1787,5867454.0378],[32504106.3689,5867411.0527],[32504255.8089,5867372.066],[32504407.998,5867340.5763],[32504520.2033,5867329.0792],[32504634.1582,5867336.0748],[32504745.8642,5867358.0644],[32504852.8223,5867395.5479],[32504960.2804,5867446.5261],[32505061.991,5867509.4995],[32505156.4547,5867583.9685],[32505243.9213,5867666.9343],[32505346.6313,5867721.9109],[32505449.3414,5867776.3877],[32505554.0506,5867827.3659],[32505661.5087,5867875.3453],[32505797.4552,5867901.3329],[32505939.6486,5867894.3336],[32506081.8417,5867866.3426],[32506221.0359,5867830.3549],[32506467.4355,5867657.9198],[32506652.1082,5867403.0185],[32506801.0446,5867110.1327],[32506943.2336,5866820.7456],[32507083.9237,5866555.8489],[32507217.8664,5866286.454],[32507340.8133,5866012.561],[32507449.7658,5865733.1705],[32507519.9849,5865539.2466],[32507587.4551,5865344.8228],[32507644.6793,5865146.9007],[32507687.1594,5864947.4793],[32507690.4053,5864769.0502],[32507658.6652,5864591.6212],[32507597.6867,5864419.1907],[32507515.7168,5864259.7553],[32507459.7371,5864134.8058],[32507399.5091,5864012.3554],[32507333.2836,5863894.903],[32507254.0633,5863786.4473],[32507189.338,5863721.4741],[32507116.8659,5863665.9973],[32507035.8975,5863625.5146],[32506950.1812,5863605.024],[32506913.4449,5863552.5454],[32506884.9554,5863495.0687],[32506866.2119,5863436.0924],[32506863.7119,5863375.1167],[32506858.2131,5863311.1422],[32506855.4632,5863246.6679],[32506857.9613,5863183.6929],[32506866.4569,5863120.7178],[32506900.6927,5863078.2342],[32506960.9185,5863058.741],[32507029.891,5863055.2414],[32507095.8649,5863059.7386],[32507180.3302,5862985.267],[32507256.0489,5862901.799],[32507325.7698,5862812.3335],[32507391.2424,5862719.3695],[32507427.9741,5862481.4636],[32507472.4528,5862246.0565],[32507526.1779,5862012.1487],[32507591.6483,5861781.2395],[32507673.362,5861532.837],[32507762.073,5861287.4332],[32507849.7844,5861041.0299],[32507932.4978,5860793.1272],[32508004.2159,5860559.719],[32508074.9343,5860324.8113],[32508143.4037,5860090.4035],[32508209.1241,5859855.4959],[32508259.1022,5859715.051],[32508317.0772,5859578.1046],[32508385.7979,5859446.6559],[32508468.7632,5859324.2033],[32508525.4893,5859229.74],[32508583.9647,5859136.2763],[32508645.6888,5859044.312],[32508713.4106,5858957.8453],[32508748.6461,5858921.3593],[32508789.8792,5858887.3722],[32508834.8611,5858867.8793],[32508880.0932,5858870.8774],[32508960.0614,5858871.8758],[32509040.0298,5858883.37],[32509119.7485,5858901.8614],[32509197.7178,5858925.3509],[32509274.4379,5858962.8348],[32509347.1598,5859011.8143],[32509412.6346,5859069.2904],[32509474.3611,5859131.7646],[32509515.0954,5859165.7505],[32509557.8289,5859200.2361],[32509598.5633,5859235.7214],[32509638.2981,5859273.2059],[32509674.2839,5859279.203],[32509713.518,5859262.7089],[32509749.7532,5859231.7207],[32509778.9911,5859197.7338],[32509818.4744,5859130.26],[32509849.9608,5859057.2886],[32509875.4496,5858982.318],[32509896.9399,5858906.8477],[32509933.9232,5858770.9012],[32509967.9077,5858634.9547],[32509999.893,5858499.0083],[32510029.6292,5858362.0623],[32510077.8578,5858207.623],[32510131.8341,5858054.683],[32510189.8088,5857904.2419],[32510252.0319,5857754.3006],[32510288.5162,5857673.8321],[32510330.9982,5857594.8628],[32510381.4771,5857523.3905],[32510444.951,5857463.9131],[32510525.6677,5857381.4447],[32510610.133,5857303.9742],[32510698.5968,5857230.5021],[32510791.0591,5857162.0279],[32510864.2795,5857128.5401],[32510946.4967,5857115.0442],[32511030.4634,5857119.0414],[32511109.4323,5857140.5316],[32511204.6439,5857097.0475],[32511296.1068,5857048.0656],[32511384.3209,5856990.5872],[32511467.7869,5856928.1108],[32511537.5077,5856828.6493],[32511579.4893,5856710.6956],[32511601.2288,5856584.7453],[32511612.2225,5856458.7953],[32511611.7215,5856372.8294],[32511605.2228,5856286.8637],[32511586.9788,5856203.3972],[32511552.4914,5856127.9277],[32511507.7582,5856066.9526],[32511454.0288,5856013.4747],[32511392.5525,5855968.9933],[32511325.5786,5855935.5076],[32511235.8639,5855913.5176],[32511142.9008,5855908.0212],[32511048.6883,5855915.0199],[32510956.4751,5855930.5151],[32510875.2579,5855966.0022],[32510803.0374,5856019.4821],[32510739.5635,5856083.9574],[32510687.0855,5856156.9292],[32510602.6197,5856203.9118],[32510517.4042,5856250.3946],[32510430.9392,5856292.879],[32510342.7248,5856331.3651],[32510267.5048,5856339.8628],[32510190.785,5856325.3698],[32510115.8143,5856294.3832],[32510051.0894,5856251.9011],[32509983.6149,5856166.4361],[32509938.3814,5856063.9776],[32509910.141,5855954.0217],[32509889.8974,5855843.566],[32509908.6382,5855726.6122],[32509962.6151,5855616.1553],[32510037.0841,5855515.1943],[32510122.7987,5855426.2284],[32510200.2669,5855353.756],[32510283.7328,5855288.2808],[32510372.1968,5855231.8019],[32510468.6578,5855188.3177],[32510511.8899,5855136.8375],[32510551.3734,5855081.8588],[32510581.6106,5855024.3812],[32510598.1031,5854961.406],[32510592.8538,5854866.9436],[32510565.3633,5854775.9802],[32510521.8793,5854687.516],[32510474.6468,5854604.05],[32510420.1671,5854509.5884],[32510362.6885,5854418.1256],[32510301.4615,5854329.6617],[32510235.9863,5854245.1963],[32510196.7503,5854138.7392],[32510174.5075,5854027.2839],[32510165.2594,5853912.3298],[32510165.0079,5853799.3747],[32510159.758,5853664.9282],[32510158.7564,5853531.9811],[32510161.7532,5853399.0339],[32510169.4982,5853266.0867],[32510151.5034,5853134.6393],[32510121.2635,5853005.1912],[32510081.2775,5852879.2419],[32510035.044,5852755.7917],[32509956.0733,5852612.8498],[32509858.8599,5852480.9037],[32509749.6515,5852357.9543],[32509633.4459,5852243.0018],[32509509.9918,5852028.0892],[32509395.2841,5851809.178],[32509286.8239,5851586.2683],[32509185.3608,5851361.3593],[32509100.6415,5851157.4417],[32509022.1696,5850951.025],[32508950.445,5850742.1092],[32508887.9667,5850531.6938],[32508866.9728,5850383.2532],[32508873.9678,5850231.3135],[32508908.9517,5850082.3722],[32508970.9251,5849947.9247],[32509020.9034,5849820.9745],[32509076.6294,5849697.5227],[32509141.6019,5849578.5691],[32509217.3202,5849467.1122],[32509278.7947,5849397.6389],[32509348.2662,5849336.1623],[32509426.7343,5849285.6812],[32509511.95,5849254.1924],[32509584.1707,5849208.7094],[32509657.6408,5849164.226],[32509730.8611,5849120.7422],[32509806.0806,5849079.2575],[32509852.5614,5849024.7785],[32509878.0502,5848954.8059],[32509886.5457,5848876.8368],[32509885.0452,5848800.8671],[32509853.8058,5848679.4159],[32509799.5757,5848565.9618],[32509732.3508,5848457.506],[32509660.128,5848354.0483],[32509643.633,5848251.5893],[32509643.3816,5848147.6307],[32509658.1242,5848044.6714],[32509689.8602,5847946.7099],[32509770.5766,5847845.249],[32509881.0317,5847770.2772],[32510008.4802,5847714.7973],[32510137.9282,5847671.8124],[32510263.3775,5847614.8331],[32510389.5766,5847559.8531],[32510518.0248,5847507.8718],[32510648.4723,5847461.3883],[32510744.9331,5847399.4115],[32510833.3969,5847323.9401],[32510913.1139,5847238.4729],[32510982.585,5847147.0082],[32511039.5605,5847018.0587],[32511068.5469,5846878.1139],[32511078.5408,5846732.1718],[32511076.5395,5846589.2287],[32511109.7737,5846414.2978],[32511142.758,5846239.3669],[32511175.9923,5846064.436],[32511211.2257,5845890.5047],[32511289.6915,5845685.0853],[32511418.8875,5845501.1565],[32511576.0726,5845332.2213],[32511739.2554,5845172.2825],[32511836.2149,5845032.8366],[32511934.1739,5844895.3898],[32512030.1338,5844755.9438],[32512126.0936,5844616.4978],[32512239.2961,5844446.5638],[32512353.4983,5844276.1299],[32512465.7012,5844105.696],[32512577.9041,5843935.7619],[32512663.3672,5843729.3427],[32512692.1024,5843500.9332],[32512685.6015,5843265.0272],[32512664.1067,5843033.6196],[32512690.8426,5842801.7114],[32512717.3287,5842569.8033],[32512745.0643,5842337.8952],[32512774.5492,5842106.9866],[32512797.2867,5841869.0809],[32512816.7754,5841629.6759],[32512833.5153,5841391.7703],[32512848.006,5841153.8648],[32512843.0061,5841021.4176],[32512817.7642,5840890.47],[32512766.7827,5840769.0191],[32512688.3124,5840669.0601],[32512625.086,5840571.5999],[32512556.6119,5840478.1381],[32512482.1402,5840389.6744],[32512398.6722,5840310.7071],[32512360.436,5840216.2453],[32512335.9442,5840118.2846],[32512323.6976,5840016.3254],[32512326.445,5839915.8653],[32512307.4502,5839752.9304],[32512288.7053,5839590.4954],[32512271.7096,5839428.0602],[32512256.7132,5839266.1249],[32512217.9763,5839111.687],[32512153.7497,5838965.2462],[32512072.7798,5838824.3035],[32511983.8132,5838691.8575],[32511884.0999,5838492.9381],[32511784.3866,5838295.0183],[32511684.6733,5838096.0989],[32511584.9601,5837899.1786],[32511530.2294,5837732.7456],[32511515.2328,5837554.3168],[32511529.4745,5837374.3881],[32511566.7071,5837199.457],[32511571.9526,5837033.5229],[32511577.9479,5836868.5884],[32511586.1922,5836703.154],[32511598.185,5836539.219],[32511594.4342,5836382.2814],[32511586.4351,5836225.8437],[32511571.4388,5836070.9055],[32511553.4437,5835915.4676],[32511512.4582,5835792.0173],[32511443.234,5835678.5634],[32511353.7681,5835579.1043],[32511253.3068,5835493.14],[32511193.8295,5835430.6657],[32511133.1027,5835368.1915],[32511069.6271,5835310.7153],[32511000.9037,5835262.2356],[32510938.6767,5835145.2831],[32510902.4393,5835018.3341],[32510881.4457,5834884.8874],[32510866.4497,5834751.9405],[32510855.2022,5834614.4953],[32510852.2014,5834477.5498],[32510858.197,5834341.6037],[32510872.1894,5834205.1578],[32510829.9543,5834074.2105],[32510759.7305,5833953.2596],[32510670.5143,5833842.8049],[32510571.0524,5833743.8457],[32510499.5798,5833677.3732],[32510424.1089,5833614.3994],[32510343.3902,5833560.9219],[32510255.6745,5833524.4377],[32510177.9545,5833460.4643],[32510102.4835,5833396.9907],[32510026.7627,5833332.5175],[32509953.2909,5833267.0447],[32509918.8033,5833176.5811],[32509945.5411,5833069.6232],[32510005.5157,5832959.1662],[32510071.9878,5832861.704],[32510083.7317,5832759.7443],[32510094.476,5832658.7843],[32510101.2218,5832556.3249],[32510101.97,5832455.365],[32510084.4757,5832368.3999],[32510051.9874,5832284.9335],[32510006.5043,5832206.4654],[32509952.0249,5832135.9943],[32509911.0391,5831991.5523],[32509874.0517,5831846.1107],[32509841.0627,5831700.1692],[32509812.0721,5831553.7278],[32509771.8361,5831421.2811],[32509735.8485,5831287.8347],[32509704.6089,5831153.3886],[32509675.6185,5831019.4423],[32509641.8793,5830838.0149],[32509613.1381,5830656.5875],[32509586.396,5830474.1604],[32509553.4065,5830293.7326],[32509512.6701,5830113.305],[32509467.9353,5829934.8766],[32509419.202,5829757.4479],[32509366.2205,5829581.0188],[32509316.9884,5829466.565],[32509251.7628,5829359.1087],[32509170.5436,5829263.1481],[32509077.0796,5829184.6807],[32508990.3632,5829125.7055],[32508896.6498,5829079.2254],[32508797.9385,5829046.24],[32508696.9784,5829029.7481],[32508581.0244,5829021.753],[32508465.8202,5829025.7532],[32508350.8661,5829040.2492],[32508238.661,5829065.2409],[32508145.448,5829063.7429],[32508053.4846,5829062.7447],[32507961.521,5829058.2479],[32507870.5571,5829050.7523],[32507780.5925,5829030.7616],[32507693.8766,5829001.2746],[32507609.1597,5828963.291],[32507528.4411,5828920.8091],[32507461.7169,5828873.329],[32507400.9903,5828818.8516],[32507346.511,5828757.3768],[32507301.0281,5828690.9039],[32507257.2947,5828635.9265],[32507221.8079,5828570.453],[32507207.0628,5828505.4791],[32507225.5546,5828448.5014],[32507288.029,5828397.5208],[32507365.2479,5828366.5319],[32507443.4663,5828334.0436],[32507506.6905,5828285.562],[32507539.1769,5828236.5809],[32507565.4157,5828182.602],[32507581.9083,5828126.624],[32507584.1566,5828069.6466],[32507552.9177,5827977.6836],[32507497.4385,5827895.2173],[32507428.9646,5827819.2485],[32507357.2421,5827749.7772],[32507286.7692,5827687.3031],[32507213.0476,5827628.8275],[32507135.5777,5827576.8493],[32507053.8595,5827532.3682],[32506992.3829,5827457.8987],[32506941.9018,5827376.4319],[32506899.4174,5827289.9669],[32506864.9298,5827201.0028],[32506847.4358,5827128.5318],[32506837.9385,5827054.5614],[32506839.4368,5826980.5908],[32506853.9301,5826908.6192],[32506820.4423,5826835.1489],[32506775.959,5826768.676],[32506722.2295,5826707.2012],[32506664.7516,5826652.7237],[32506612.0219,5826609.7416],[32506556.2935,5826570.2581],[32506497.3164,5826536.7723],[32506436.5902,5826511.2834],[32506401.8536,5826480.796],[32506368.1165,5826450.8085],[32506336.1288,5826418.3219],[32506310.3885,5826383.3361],[32506292.645,5826343.8521],[32506283.8979,5826302.8685],[32506282.3979,5826259.8856],[32506286.6456,5826217.9023],[32506271.9007,5826162.9243],[32506256.406,5826108.4462],[32506240.6615,5826054.4679],[32506223.9174,5826000.9894],[32506184.4324,5825950.0103],[32506123.4562,5825918.5237],[32506052.734,5825899.0325],[32505983.7612,5825885.5389],[32505916.0375,5825845.056],[32505849.3134,5825803.0737],[32505782.5893,5825761.5912],[32505717.8644,5825719.1091],[32505645.1425,5825661.633],[32505577.6684,5825598.1593],[32505513.9428,5825531.6867],[32505452.4662,5825463.2148],[32505404.2338,5825349.7606],[32505401.2331,5825220.8119],[32505425.2217,5825084.8656],[32505454.958,5824954.9168],[32505444.7104,5824836.464],[32505434.7127,5824718.5111],[32505423.4654,5824600.5581],[32505407.2202,5824484.1047],[32505401.7214,5824411.1338],[32505397.2221,5824338.1628],[32505394.7221,5824264.6921],[32505396.2204,5824191.7211],[32505378.726,5824096.7591],[32505352.4851,5824003.2966],[32505318.9971,5823912.3333],[32505283.7598,5823821.8698],[32505280.5096,5823714.9123],[32505299.2506,5823607.9545],[32505333.9853,5823502.9957],[32505375.4674,5823403.0349],[32505431.194,5823315.5688],[32505500.6653,5823237.0989],[32505581.1324,5823168.6249],[32505669.5964,5823112.146],[32505696.0849,5823045.1723],[32505711.5778,5822973.2006],[32505712.0765,5822901.2292],[32505696.5817,5822833.2565],[32505662.8443,5822775.7799],[32505618.3613,5822725.3006],[32505564.632,5822684.3177],[32505506.6546,5822653.8307],[32505445.9284,5822628.3417],[32505381.9535,5822607.8508],[32505317.9787,5822594.3572],[32505253.0044,5822588.8603],[32505169.5369,5822537.8818],[32505091.8169,5822478.4067],[32505019.3447,5822412.9338],[32504949.6215,5822345.4616],[32504896.3912,5822245.0024],[32504876.1476,5822128.549],[32504876.8955,5822006.5974],[32504888.8891,5821887.6445],[32504911.6283,5821764.6931],[32504948.6119,5821643.7406],[32504997.3408,5821528.2857],[32505057.0656,5821418.3286],[32505108.0432,5821268.8872],[32505160.0204,5821119.9456],[32505212.2475,5820970.5042],[32505264.2248,5820821.5626],[32505295.9607,5820717.6035],[32505324.6978,5820614.1442],[32505348.4369,5820509.1856],[32505368.1775,5820403.2274],[32505367.6764,5820313.2631],[32505348.4328,5820223.799],[32505313.9452,5820137.3339],[32505268.4622,5820059.3656],[32505294.9503,5819965.4025],[32505349.6774,5819881.4351],[32505421.148,5819806.9636],[32505499.6159,5819742.488],[32505517.108,5819675.5144],[32505528.6024,5819607.5412],[32505528.1017,5819539.5683],[32505513.3566,5819475.5939],[32505494.863,5819408.6208],[32505473.3706,5819344.1468],[32505445.8806,5819281.1722],[32505413.1428,5819221.6964],[32505406.6445,5819163.7195],[32505405.894,5819105.7426],[32505413.3902,5819047.7655],[32505427.6338,5818992.7871],[32505403.1424,5818919.3167],[32505367.6555,5818849.8449],[32505324.1719,5818785.8709],[32505276.44,5818724.3961],[32505257.1963,5818633.9323],[32505250.6976,5818540.9694],[32505255.4444,5818448.0063],[32505265.9389,5818356.0427],[32505274.6841,5818263.0795],[32505286.4281,5818170.1163],[32505300.921,5818078.1526],[32505319.6623,5817987.1885],[32505293.1715,5817891.7268],[32505228.6959,5817810.2602],[32505143.2289,5817740.7891],[32505054.5132,5817680.8143],[32504953.8028,5817648.3287],[32504846.8451,5817641.3331],[32504738.6383,5817652.3303],[32504634.43,5817677.8218],[32504566.9562,5817632.3409],[32504511.2274,5817571.8658],[32504469.7429,5817499.3952],[32504446.2511,5817422.4261],[32504379.0263,5817316.4693],[32504311.5516,5817212.0118],[32504245.3264,5817107.5543],[32504181.1004,5817002.0972],[32504107.3788,5816943.6216],[32504008.6677,5816921.6318],[32503900.4607,5816925.6318],[32503800.2509,5816948.1244],[32503671.8009,5816877.1545],[32503548.3487,5816797.1882],[32503430.8941,5816708.2253],[32503319.437,5816614.2643],[32503189.2371,5816503.3104],[32503061.0365,5816389.3576],[32502935.8347,5816273.4056],[32502814.6312,5816154.4547],[32502703.1739,5816035.5037],[32502596.2147,5815912.5542],[32502495.0032,5815785.6063],[32502397.79,5815655.6594],[32502309.5737,5815555.2007],[32502222.1071,5815455.2418],[32502133.8908,5815356.7823],[32502044.425,5815258.8226],[32501971.7033,5815211.3425],[32501882.9882,5815190.852],[32501788.7757,5815194.8518],[32501701.5607,5815219.3434],[32501614.0945,5815154.3706],[32501536.6243,5815076.9026],[32501469.1499,5814990.438],[32501410.6719,5814898.9752],[32501369.4372,5814814.5094],[32501334.9497,5814726.0452],[32501310.4582,5814635.0817],[32501299.2114,5814542.6187],[32501243.4826,5814475.1463],[32501176.0087,5814417.6702],[32501100.2881,5814372.1895],[32501020.5694,5814337.7044],[32500958.843,5814270.2321],[32500899.3657,5814201.7603],[32500843.8868,5814131.2891],[32500793.4058,5814056.8195],[32500749.172,5813949.3629],[32500727.9289,5813833.9092],[32500720.6801,5813714.9566],[32500720.4287,5813598.0032],[32500714.6788,5813432.5691],[32500713.677,5813267.6347],[32500716.9235,5813101.7007],[32500723.9185,5812937.266],[32500719.6687,5812828.3094],[32500716.4186,5812720.3524],[32500710.1696,5812612.3955],[32500700.9218,5812504.9384],[32500667.9329,5812354.4987],[32500612.9529,5812210.057],[32500545.9776,5812069.6139],[32500475.7537,5811932.1697],[32500610.9519,5812079.1092],[32500739.9027,5812233.046],[32500856.6085,5812395.9794],[32500954.5719,5812569.9087],[32501034.2926,5812742.8387],[32501112.2639,5812917.2681],[32501185.987,5813093.197],[32501255.9616,5813271.625],[32501306.9431,5813407.0703],[32501358.9243,5813543.5153],[32501409.1562,5813680.9598],[32501456.1394,5813819.404],[32501509.3698,5813934.8573],[32501569.5974,5814048.3113],[32501635.8226,5814158.2665],[32501707.0457,5814265.7227],[32501770.5215,5814342.1913],[32501843.2436,5814411.6626],[32501923.7124,5814472.6371],[32502010.4287,5814522.1161],[32502078.1524,5814571.5954],[32502147.8754,5814620.0751],[32502217.5983,5814668.5548],[32502289.3205,5814714.5354],[32502370.7888,5814768.0129],[32502452.5071,5814822.49],[32502535.225,5814877.4669],[32502617.9429,5814931.944],[32502679.4192,5814985.4218],[32502730.1499,5815050.895],[32502772.634,5815124.3651],[32502807.1213,5815200.3344],[32502839.3597,5815288.7987],[32502864.8508,5815381.2615],[32502882.0952,5815474.2243],[32502893.592,5815569.1864],[32502929.0789,5815646.655],[32502969.5639,5815723.124],[32503017.046,5815795.5945],[32503070.5256,5815863.0668],[32503130.2528,5815927.5403],[32503194.728,5815988.0152],[32503263.4515,5816043.4921],[32503336.1733,5816093.971],[32503377.6576,5816151.4475],[32503413.1443,5816213.9221],[32503441.8838,5816279.8954],[32503461.377,5816349.3675],[32503504.1106,5816390.3506],[32503552.8417,5816426.8353],[32503606.5708,5816456.3228],[32503663.5484,5816476.8138],[32503722.5252,5816490.3075],[32503783.5011,5816496.804],[32503844.4769,5816497.3029],[32503905.4526,5816491.8042],[32503974.6749,5816475.3097],[32504042.8975,5816452.8176],[32504107.8713,5816423.8282],[32504172.3452,5816391.3401],[32504213.3286,5816366.8493],[32504254.5619,5816340.859],[32504292.7963,5816311.3701],[32504326.0327,5816277.3832],[32504386.2584,5816251.8924],[32504450.4826,5816231.3996],[32504514.457,5816215.9048],[32504580.6805,5816203.4087],[32504644.6552,5816207.906],[32504707.3806,5816230.3961],[32504766.3576,5816264.8815],[32504821.0865,5816306.3642],[32504882.5627,5816354.844],[32504941.2901,5816407.3222],[32504997.0187,5816463.7989],[32505048.4991,5816524.2741],[32505104.4772,5816545.7647],[32505166.4527,5816552.2612],[32505229.4276,5816544.2634],[32505289.6534,5816525.7699],[32505354.6273,5816506.2767],[32505419.8511,5816483.7846],[32505483.0756,5816457.2942],[32505544.3009,5816425.8058],[32505606.5256,5816384.3214],[32505666.0014,5816338.8385],[32505721.2288,5816288.8576],[32505774.7068,5816236.3776],[32505862.9213,5816199.8908],[32505959.1328,5816181.8965],[32506057.0938,5816175.3976],[32506156.3044,5816174.8963],[32506213.2818,5816171.3969],[32506271.2587,5816167.8974],[32506328.2361,5816168.3963],[32506385.2135,5816176.8921],[32506427.197,5816184.3885],[32506470.18,5816194.3838],[32506511.164,5816208.8775],[32506549.8988,5816227.8693],[32506603.8773,5816221.3711],[32506656.1063,5816200.8784],[32506706.336,5816172.389],[32506753.5668,5816140.401],[32506808.7944,5816106.9135],[32506863.0224,5816073.426],[32506917.2504,5816038.9389],[32506970.4787,5816001.9528],[32506994.9701,5816082.4204],[32507016.4627,5816165.3871],[32507032.9573,5816248.8537],[32507045.4535,5816332.8201],[32507051.7022,5816417.7862],[32507054.2024,5816504.2518],[32507054.4535,5816590.2176],[32507054.9545,5816676.1834],[32507031.4651,5816763.1492],[32507014.723,5816852.1141],[32507008.2268,5816942.0785],[32507015.4752,5817032.0426],[32507032.9693,5817103.5139],[32507060.7093,5817173.4857],[32507097.1957,5817238.9591],[32507140.6793,5817300.434],[32507217.3995,5817347.914],[32507291.121,5817401.3916],[32507359.5947,5817461.8665],[32507419.3219,5817530.3384],[32507459.8068,5817594.8122],[32507494.2941,5817664.284],[32507522.7838,5817736.255],[32507544.2763,5817810.725],[32507522.7859,5817882.6968],[32507511.2915,5817957.6671],[32507511.7924,5818031.6377],[32507529.2864,5818103.6088],[32507563.0239,5818167.0831],[32507605.5079,5818227.5584],[32507657.2381,5818276.5382],[32507718.964,5818308.0247],[32507794.934,5818322.018],[32507870.9041,5818338.5103],[32507946.6243,5818356.0022],[32508023.594,5818373.4941],[32508087.5686,5818379.9905],[32508151.5434,5818393.4842],[32508212.2696,5818415.9743],[32508265.2491,5818451.4594],[32508300.9855,5818492.4426],[32508331.474,5818539.9233],[32508356.2149,5818589.903],[32508377.957,5818642.3818],[32508398.4498,5818705.3565],[32508409.9462,5818773.8291],[32508410.447,5818841.8021],[32508401.9513,5818909.7752],[32508377.4622,5818994.7418],[32508346.9755,5819077.2094],[32508311.2409,5819159.1774],[32508272.7573,5819239.1462],[32508206.0351,5819330.6109],[32508143.5612,5819424.0746],[32508084.8359,5819520.5372],[32508029.1095,5819619.4987],[32507982.6291,5819698.9678],[32507944.8952,5819782.935],[32507917.4074,5819870.9005],[32507899.6658,5819961.8646],[32507891.9203,5820065.8234],[32507889.4228,5820170.7817],[32507891.6734,5820275.7399],[32507896.9228,5820380.6981],[32507928.4115,5820463.1649],[32507954.6523,5820548.6305],[32507970.1474,5820636.5953],[32507971.648,5820724.5603],[32507958.1544,5820794.5327],[32507936.6639,5820864.5052],[32507907.1765,5820930.4794],[32507868.6927,5820990.956],[32507802.4694,5821018.4461],[32507741.2442,5821056.4319],[32507685.7669,5821101.9146],[32507638.5364,5821154.3945],[32507599.053,5821217.3701],[32507568.5661,5821286.8429],[32507548.0753,5821359.8142],[32507535.5813,5821433.785],[32507528.0855,5821521.7501],[32507530.3359,5821612.2142],[32507547.8302,5821698.1797],[32507584.3168,5821777.6476],[32507639.796,5821860.114],[32507696.0248,5821943.5799],[32507753.5032,5822026.0463],[32507810.9815,5822109.5122],[32507885.4532,5822194.9771],[32507955.9264,5822285.4401],[32508019.1527,5822380.4014],[32508075.6317,5822479.861],[32508108.1198,5822550.8323],[32508131.6115,5822627.3016],[32508145.1073,5822705.2704],[32508149.6066,5822785.2385],[32508124.8679,5822884.1995],[32508107.1264,5822986.1593],[32508094.3829,5823088.119],[32508083.6386,5823191.0782],[32508059.8994,5823291.0388],[32508059.4011,5823395.9971],[32508080.6442,5823501.4549],[32508118.8804,5823598.9155],[32508201.0997,5823734.3605],[32508291.0658,5823865.3071],[32508390.2782,5823991.2555],[32508497.4872,5824108.7072],[32508629.936,5824207.166],[32508757.137,5824311.1228],[32508882.5887,5824419.078],[32509003.7921,5824532.0312],[32509112.2504,5824627.9914],[32509214.4613,5824732.4484],[32509299.6791,5824848.401],[32509356.9082,5824978.8483],[32509376.1521,5825087.3049],[32509387.3992,5825198.2606],[32509382.6526,5825307.2173],[32509353.9155,5825411.1765],[32509304.1867,5825511.6373],[32509255.4575,5825612.5979],[32509207.7279,5825714.0583],[32509160.9979,5825817.0181],[32509110.2696,5825926.4753],[32509061.5406,5826037.432],[32509014.8107,5826148.8884],[32508967.831,5826260.8446],[32508924.599,5826318.3224],[32508895.1116,5826386.2958],[32508881.618,5826457.2678],[32508890.1156,5826527.2399],[32508936.5984,5826615.704],[32508991.8277,5826704.168],[32509059.5518,5826771.6402],[32509142.2693,5826795.6294],[32509210.4919,5826776.1361],[32509280.7138,5826760.6412],[32509350.6858,5826747.1455],[32509421.9073,5826733.6498],[32509514.12,5826691.1653],[32509616.329,5826661.1756],[32509713.2904,5826656.6759],[32509791.26,5826698.1583],[32509847.4888,5826779.625],[32509906.9663,5826859.0925],[32509968.443,5826937.5604],[32510029.9197,5827017.0279],[32510104.3915,5827109.9898],[32510181.862,5827200.4527],[32510262.3312,5827288.4165],[32510345.5494,5827374.8809],[32510481.747,5827497.8299],[32510630.1896,5827608.2838],[32510784.3798,5827710.2409],[32510940.8191,5827810.6986],[32511045.2788,5827891.6648],[32511147.7393,5827977.1292],[32511247.2011,5828066.0924],[32511345.6633,5828157.0547],[32511433.1297,5828234.5226],[32511515.5982,5828319.9874],[32511587.8209,5828412.9494],[32511648.2984,5828514.4081],[32511692.5323,5828619.8655],[32511731.7683,5828727.3222],[32511766.0063,5828836.2784],[32511798.2451,5828947.7336],[32511793.4985,5829050.6928],[32511797.7483,5829154.6514],[32511814.2433,5829257.1104],[32511846.4819,5829355.5708],[32511885.9673,5829429.5408],[32511932.4499,5829504.0105],[32511989.1782,5829563.486],[32512060.9003,5829597.9712],[32512114.1288,5829574.4797],[32512171.106,5829560.9842],[32512230.3323,5829553.4863],[32512290.3085,5829548.9872],[32512370.2766,5829540.4894],[32512455.2429,5829545.9859],[32512530.2135,5829572.4743],[32512581.6939,5829625.9522],[32512617.1811,5829716.4157],[32512649.6695,5829808.8785],[32512678.9093,5829901.8411],[32512706.3997,5829996.3031],[32512711.6492,5830102.2609],[32512726.8947,5830208.7184],[32512750.1369,5830312.6767],[32512780.3764,5830416.1351],[32512813.8646,5830517.5943],[32512857.0989,5830617.5539],[32512915.577,5830706.0179],[32512994.0468,5830772.99],[32513069.7671,5830802.4772],[32513150.7353,5830824.967],[32513231.7033,5830835.4616],[32513311.6714,5830826.464],[32513371.1472,5830784.4798],[32513434.3716,5830748.9929],[32513500.5948,5830717.5045],[32513566.8181,5830688.0152],[32513632.0416,5830648.5299],[32513707.2614,5830626.0377],[32513785.2304,5830621.5383],[32513859.2012,5830639.0302],[32513948.9164,5830693.0074],[32514025.3872,5830770.4755],[32514087.8637,5830860.9386],[32514137.0955,5830958.3991],[32514174.3325,5831079.8502],[32514192.3272,5831208.2989],[32514194.5782,5831338.2472],[32514184.5841,5831467.1961],[32514105.8712,5831873.036],[32514081.3817,5831928.5143],[32514053.1438,5831983.4928],[32514022.6566,5832036.4722],[32513990.4202,5832088.9519],[32513940.1904,5832106.9455],[32513895.9584,5832138.4336],[32513859.7234,5832179.4179],[32513836.2334,5832226.8994],[32513815.7428,5832307.8675],[32513801.2497,5832390.8347],[32513793.7539,5832473.8019],[32513797.0038,5832558.2682],[32513807.501,5832653.2303],[32513819.7476,5832748.1924],[32513832.244,5832843.6542],[32513845.4901,5832939.6159],[32513867.7331,5833062.0669],[32513886.7273,5833186.0173],[32513902.9727,5833310.4676],[32513918.2184,5833435.4177],[32513933.2142,5833552.8708],[32513944.4614,5833670.8237],[32513943.7134,5833788.7769],[32513927.9714,5833905.7306],[32513890.2376,5833992.6966],[32513857.7518,5834080.6621],[32513828.0149,5834170.127],[32513799.5276,5834261.0913],[32513756.7956,5834335.0625],[32513730.3074,5834420.0292],[32513728.8092,5834504.9954],[32513759.2982,5834578.9655],[32513836.5189,5834672.927],[32513914.989,5834765.3891],[32513994.4588,5834856.8515],[32514074.6783,5834949.8133],[32514173.3901,5835018.2846],[32514263.8553,5835099.2511],[32514341.3259,5835190.7135],[32514402.5531,5835294.1715],[32514447.7868,5835409.6249],[32514481.0253,5835530.0765],[32514499.02,5835654.5268],[32514501.2709,5835778.4775],[32514488.0286,5835946.4109],[32514474.0366,5836114.3444],[32514459.7947,5836282.2778],[32514446.5524,5836451.7107],[32514449.8029,5836576.661],[32514443.8072,5836702.611],[32514427.0656,5836826.562],[32514393.3308,5836947.5144],[32514327.6081,5837028.983],[32514267.1333,5837114.45],[32514214.4056,5837205.4146],[32514174.6728,5837301.8769],[32514159.1798,5837364.8521],[32514153.9329,5837431.8255],[32514161.4309,5837497.2994],[32514185.922,5837556.2756],[32514229.6553,5837602.7564],[32514286.3833,5837637.2418],[32514349.3586,5837663.7304],[32514414.0832,5837685.2208],[32514521.2902,5837654.7313],[32514635.4946,5837639.7355],[32514745.4511,5837647.7307],[32514846.1617,5837687.2135],[32514943.8738,5837756.1846],[32515034.3391,5837834.652],[32515115.808,5837923.6154],[32515187.0311,5838020.076],[32515239.5115,5838104.5416],[32515288.9931,5838191.0065],[32515331.2276,5838282.4695],[32515362.7165,5838376.4316],[32515428.9419,5838495.3833],[32515490.1694,5838618.8333],[32515542.1506,5838745.2823],[32515588.3841,5838874.7301],[32515618.6238,5838989.1841],[32515639.8671,5839107.1368],[32515649.8648,5839226.0893],[32515649.1169,5839345.5418],[32515632.1256,5839479.4888],[32515601.3897,5839611.4367],[32515558.4087,5839739.8863],[32515506.4312,5839865.8369],[32515478.6938,5839975.7936],[32515451.956,5840086.2501],[32515426.2179,5840197.2063],[32515401.4794,5840309.1621],[32515390.7351,5840407.1233],[32515396.2343,5840507.0835],[32515412.4793,5840606.5436],[32515437.7207,5840703.5047],[32515438.7224,5840842.9492],[32515438.9743,5840982.8935],[32515436.9772,5841122.8378],[32515433.9804,5841263.282],[32515421.2369,5841359.244],[32515397.7476,5841453.7068],[32515363.0127,5841544.6711],[32515317.5321,5841630.6376],[32515280.7979,5841716.1041],[32515243.3141,5841803.0701],[32515204.5807,5841889.0365],[32515163.0984,5841973.5035],[32515142.3583,5842081.4609],[32515148.6074,5842194.4158],[32515169.8506,5842306.8707],[32515199.0907,5842418.326],[32515214.5855,5842487.2983],[32515231.08,5842556.2706],[32515253.572,5842622.7438],[32515286.3099,5842685.7182],[32515295.8071,5842752.1916],[32515304.3047,5842818.1653],[32515308.8039,5842885.1385],[32515309.3047,5842953.1115],[32515315.3045,5843098.5535],[32515321.3042,5843244.4954],[32515326.3044,5843390.937],[32515331.3046,5843537.8785],[32515314.8122,5843609.8501],[32515300.319,5843682.8213],[32515287.825,5843755.7924],[32515279.3295,5843829.7631],[32515271.8335,5843901.7346],[32515265.3372,5843974.7057],[32515258.8408,5844047.6767],[32515252.3445,5844121.6474],[32515241.6004,5844235.6022],[32515230.8564,5844349.557],[32515221.1119,5844464.5114],[32515211.1176,5844579.4659],[32515181.3809,5844684.4245],[32515166.3877,5844737.9035],[32515158.3916,5844790.8825],[32515093.1689,5844886.8453],[32515043.4401,5844984.8071],[32515020.2,5845032.2886],[32514984.7148,5845074.2724],[32514943.4817,5845112.2579],[32514902.2486,5845149.7436],[32514806.7874,5845207.2222],[32514715.3247,5845271.1981],[32514627.8604,5845339.6722],[32514545.3943,5845414.1438],[32514491.9162,5845461.126],[32514448.6843,5845521.6026],[32514425.1946,5845588.5763],[32514429.6937,5845654.5499],[32514508.4133,5845714.0251],[32514578.8864,5845784.9958],[32514640.3631,5845864.4632],[32514694.8427,5845948.9288],[32514750.0724,5846060.3836],[32514797.3054,5846176.8366],[32514830.294,5846296.7883],[32514844.5402,5846420.239],[32514835.795,5846515.2013],[32514815.3046,5846610.1639],[32514782.5689,5846702.1278],[32514740.0871,5846788.594],[32514679.3624,5846872.0617],[32514611.8904,5846951.5311],[32514534.4221,5847018.0059],[32514445.958,5847065.4883],[32514368.2385,5847043.998],[32514287.2706,5847033.5034],[32514207.3024,5847036.0036],[32514129.0837,5847051.4987],[32514049.8656,5847083.4871],[32513973.3966,5847126.971],[32513911.1722,5847182.9497],[32513873.6881,5847253.4222],[32513871.94,5847335.3896],[32513866.4434,5847418.3567],[32513856.9483,5847500.3242],[32513846.4537,5847583.2914],[32513840.7073,5847669.757],[32513819.2171,5847754.2238],[32513784.732,5847836.1917],[32513742.0001,5847913.1617],[32513639.7914,5847960.1445],[32513543.3306,5848022.6211],[32513460.8645,5848099.092],[32513397.1411,5848190.5565],[32513352.4106,5848303.5123],[32513314.4274,5848421.9657],[32513300.6846,5848539.919],[32513330.9242,5848648.3754],[32513382.4047,5848715.8477],[32513441.1323,5848777.3224],[32513505.6075,5848834.7986],[32513571.3322,5848891.2751],[32513682.0389,5848935.2559],[32513788.7473,5848990.2324],[32513887.2092,5849055.7049],[32513976.6748,5849135.6717],[32514040.1507,5849215.1391],[32514091.6316,5849306.602],[32514128.8683,5849404.0626],[32514152.3604,5849505.0221],[32514165.3574,5849650.464],[32514162.3607,5849797.4056],[32514147.3688,5849943.3478],[32514123.3805,5850089.2901],[32514060.6548,5850044.8088],[32513987.6834,5850017.3208],[32513908.7145,5850002.8278],[32513830.7455,5849998.8305],[32513703.796,5850006.8293],[32513578.596,5850027.323],[32513454.3958,5850056.3134],[32513334.9439,5850097.2989],[32513214.7424,5850152.2788],[32513097.29,5850215.7554],[32512984.5858,5850284.7296],[32512876.1301,5850361.2009],[32512788.6657,5850418.6793],[32512707.1991,5850491.1517],[32512652.722,5850573.6198],[32512644.9764,5850664.5837],[32512683.2127,5850764.0436],[32512728.696,5850860.5046],[32512779.1774,5850953.9666],[32512833.4072,5851047.4287],[32512924.8722,5851137.8913],[32513007.091,5851237.8503],[32513082.5626,5851344.3069],[32513148.788,5851455.7616],[32513215.7635,5851594.7053],[32513276.7413,5851736.1482],[32513328.9727,5851881.5896],[32513373.9571,5852030.0299],[32513367.9614,5852157.9791],[32513374.2108,5852285.9281],[32513391.2059,5852413.3772],[32513422.4454,5852538.8269],[32513500.9155,5852625.2913],[32513572.1386,5852719.7527],[32513627.3682,5852823.2107],[32513660.8565,5852933.6663],[32513625.122,5853019.6327],[32513605.3812,5853112.596],[32513596.886,5853207.5584],[32513595.1381,5853302.5207],[32513597.3892,5853435.4678],[32513615.3841,5853569.9141],[32513654.6204,5853697.3628],[32513719.8462,5853811.8163],[32513813.0607,5853916.2734],[32513913.5223,5854016.2322],[32514018.7319,5854112.1925],[32514124.1915,5854208.1527],[32514257.3901,5854311.1098],[32514400.8344,5854401.0719],[32514545.2784,5854491.5338],[32514680.7261,5854593.4912],[32514791.6841,5854729.4355],[32514865.6572,5854894.8687],[32514912.3913,5855074.2967],[32514943.1318,5855255.7241],[32514953.6288,5855334.1927],[32514953.1302,5855414.161],[32514943.6351,5855494.1293],[32514928.8921,5855573.0981],[32514895.1574,5855696.5496],[32514857.1743,5855820.5009],[32514819.4411,5855943.4526],[32514785.7064,5856068.4034],[32514752.7215,5856202.8504],[32514722.7354,5856339.7965],[32514693.749,5856475.7429],[32514667.7614,5856613.6884],[32514647.7717,5856777.6235],[32514641.5267,5856942.5581],[32514643.5283,5857108.9919],[32514651.2777,5857274.9258],[32514672.0225,5857477.345],[32514705.5122,5857678.7645],[32514748.2482,5857878.1846],[32514798.981,5858076.605],[32514857.9595,5858207.0522],[32514945.1767,5858325.0041],[32515054.6347,5858423.9631],[32515178.0868,5858498.9315],[32515284.7953,5858557.4067],[32515397.2514,5858608.3847],[32515514.2055,5858645.3683],[32515634.1581,5858666.3582],[32515721.1237,5858671.8547],[32515809.0887,5858670.354],[32515895.0544,5858658.3575],[32515977.2714,5858630.8672],[32516053.7402,5858575.3881],[32516117.2138,5858500.9168],[32516167.9424,5858415.9498],[32516208.425,5858327.4844],[32516243.1599,5858240.5184],[32516273.6465,5858152.5529],[32516297.3858,5858062.5883],[32516311.8786,5857971.6242],[32516356.3601,5857913.1468],[32516415.5859,5857865.6648],[32516483.0586,5857830.1779],[32516554.03,5857808.6854],[32516630.2496,5857800.1876],[32516708.2188,5857805.6843],[32516785.1884,5857821.177],[32516858.9096,5857847.6654],[32516975.3645,5857925.6326],[32517075.8261,5858026.591],[32517166.042,5858140.5444],[32517251.2598,5858256.9969],[32517336.4776,5858365.9523],[32517419.6962,5858476.4072],[32517500.9157,5858589.3611],[32517578.1367,5858704.814],[32517635.8647,5858766.2888],[32517698.5907,5858823.765],[32517768.0638,5858873.2443],[32517844.0342,5858909.7287],[32517903.7607,5858921.2232],[32517967.9851,5858918.7232],[32518029.9602,5858901.2293],[32518086.1875,5858872.7398],[32518136.6667,5858825.7577],[32518178.8991,5858770.2791],[32518213.3845,5858708.3032],[32518239.873,5858644.828],[32518242.3706,5858546.3671],[32518221.1276,5858449.4059],[32518183.8909,5858352.9448],[32518140.4068,5858262.4814],[32518091.424,5858112.0419],[32518041.4416,5857962.6021],[32517991.4593,5857813.1622],[32517940.4773,5857664.7219],[32517898.4918,5857522.2792],[32517859.5052,5857378.8367],[32517824.267,5857235.3943],[32517791.278,5857091.4519],[32517787.0283,5857000.988],[32517807.5188,5856911.0234],[32517848.2514,5856828.5556],[32517907.7268,5856762.0811],[32517975.9489,5856709.6009],[32518055.1669,5856672.1146],[32518139.3831,5856647.6231],[32518226.5983,5856636.1263],[32518320.3115,5856665.1134],[32518404.0291,5856722.5893],[32518478.5007,5856798.0582],[32518542.9763,5856879.5249],[32518590.4586,5856961.9914],[32518627.6952,5857050.4557],[32518653.1864,5857142.9186],[32518667.4322,5857236.881],[32518669.9326,5857328.8445],[32518665.1859,5857422.8072],[32518650.693,5857514.7709],[32518626.9538,5857604.7355],[32518602.4648,5857691.7013],[32518575.7267,5857778.6672],[32518545.2401,5857863.6339],[32518510.755,5857947.1012],[32518498.0113,5858025.0704],[32518494.5138,5858105.0387],[32518498.0137,5858185.5067],[32518508.5107,5858265.4747],[32518540.2488,5858315.4544],[32518593.978,5858350.9395],[32518658.7026,5858371.4304],[32518723.677,5858380.9257],[32518790.6504,5858384.4233],[32518858.8733,5858381.9232],[32518924.8469,5858372.426],[32518991.0704,5858356.9312],[32519051.296,5858323.4436],[32519106.5234,5858278.9604],[32519154.0037,5858224.9812],[32519195.2365,5858168.503],[32519233.9697,5858075.5394],[32519256.7092,5857977.5779],[32519268.4531,5857875.6183],[32519273.9494,5857774.6583],[32519259.7035,5857673.6986],[32519230.4636,5857575.2382],[32519187.9791,5857480.7763],[32519136.4982,5857392.3123],[32519123.2522,5857309.3454],[32519113.7548,5857226.3785],[32519109.2553,5857142.9118],[32519113.7523,5857060.9442],[32519140.2408,5856992.4711],[32519188.7206,5856933.4938],[32519251.1951,5856884.0125],[32519318.4178,5856846.5264],[32519400.6348,5856823.0345],[32519487.6002,5856815.5361],[32519575.5653,5856820.5328],[32519661.5314,5856836.0254],[32519764.2411,5856873.0091],[32519861.9531,5856924.4872],[32519953.6676,5856986.4612],[32520041.1339,5857054.9327],[32520119.1032,5857075.4234],[32520198.8218,5857089.4166],[32520280.0396,5857092.914],[32520359.0081,5857082.417],[32520447.2225,5857044.9306],[32520527.6897,5856987.4522],[32520600.1598,5856916.9791],[32520664.6331,5856842.5077],[32520772.5882,5856709.0591],[32520874.5457,5856572.1119],[32520970.7553,5856430.6667],[32521062.7166,5856286.2227],[32521156.1783,5856202.7544],[32521265.6338,5856138.2784],[32521385.0857,5856094.294],[32521508.2865,5856072.3009],[32521592.5027,5856048.8089],[32521678.4682,5856027.3162],[32521764.6838,5856013.3204],[32521851.6492,5856010.8201],[32521904.8776,5855979.3318],[32521952.3581,5855938.3474],[32521991.5918,5855888.8664],[32522018.0804,5855833.8879],[32522033.3234,5855767.9138],[32522037.8206,5855700.9404],[32522032.3217,5855632.9675],[32522019.8257,5855566.9938],[32521958.349,5855490.0253],[32521869.6334,5855438.5471],[32521766.9237,5855402.563],[32521664.9638,5855374.0759],[32521563.0043,5855376.0766],[32521463.7941,5855404.5668],[32521368.3328,5855452.0494],[32521283.1175,5855511.0272],[32521177.6603,5855572.5044],[32521074.2023,5855635.9808],[32520972.4938,5855703.9553],[32520875.0335,5855776.428],[32520799.5646,5855850.8996],[32520736.8408,5855937.3662],[32520684.3631,5856032.3292],[32520643.6308,5856130.7907],[32520574.1595,5856207.2614],[32520502.4391,5856281.7329],[32520427.9698,5856353.2056],[32520349.5019,5856420.68],[32520280.2799,5856454.1678],[32520202.0612,5856471.662],[32520122.093,5856471.1634],[32520045.1234,5856457.6699],[32519973.4015,5856437.1791],[32519903.4289,5856408.6915],[32519837.7045,5856372.207],[32519778.9771,5856328.7251],[32519706.5048,5856254.7556],[32519644.0284,5856173.2889],[32519588.5491,5856085.8245],[32519539.3174,5855996.3608],[32519481.8387,5855895.9016],[32519426.6091,5855794.4427],[32519374.3783,5855691.9842],[32519325.896,5855588.526],[32519265.4192,5855532.0494],[32519184.4509,5855500.5631],[32519094.4864,5855490.0687],[32519008.5207,5855497.0672],[32519070.2449,5855408.6014],[32519144.7141,5855329.1318],[32519231.1788,5855263.6565],[32519327.3899,5855219.6726],[32519446.5922,5855193.1813],[32519568.7935,5855183.1834],[32519691.9944,5855171.1863],[32519811.1966,5855146.1945],[32519906.4083,5855112.7063],[32520000.6204,5855076.2194],[32520093.083,5855034.2347],[32520180.2976,5854983.7534],[32520287.754,5854921.2766],[32520393.2111,5854856.3008],[32520497.6686,5854788.826],[32520601.1265,5854719.8519],[32520670.5981,5854664.8726],[32520737.0708,5854607.3945],[32520799.5451,5854545.9179],[32520857.0213,5854479.4435],[32521124.4139,5854404.4692],[32521294.5963,5854402.4674],[32521464.7784,5854383.9722],[32521632.9611,5854351.9823],[32521798.3948,5854307.4975],[32521958.8301,5854245.5196],[32522111.5183,5854165.5491],[32522254.2101,5854067.5858],[32522384.9065,5853955.6283],[32522505.8563,5853810.1843],[32522601.066,5853643.749],[32522675.2838,5853466.3184],[32522732.5084,5853283.3903],[32522761.7443,5853122.4538],[32522773.7371,5852958.5187],[32522765.9877,5852794.5839],[32522735.9972,5852635.1477],[32522716.0032,5852501.701],[32522693.7601,5852370.7533],[32522664.7696,5852239.3059],[32522625.5333,5852112.8567],[32522626.5308,5851976.9107],[32522644.5217,5851841.964],[32522675.2575,5851709.0164],[32522717.2389,5851580.067],[32522782.2112,5851453.6163],[32522867.9254,5851337.1613],[32522967.6342,5851231.7018],[32523076.3396,5851137.7375],[32523121.8203,5851057.7686],[32523167.551,5850977.2999],[32523205.0348,5850894.3323],[32523230.5234,5850807.3665],[32523237.2694,5850719.4013],[32523226.7723,5850631.4364],[32523202.5306,5850544.9711],[32523169.0427,5850464.0038],[32523118.3119,5850402.5289],[32523053.5869,5850355.0487],[32522979.8657,5850319.5639],[32522903.1458,5850297.5737],[32522849.1667,5850265.5872],[32522795.4376,5850233.1009],[32522741.7084,5850200.6146],[32522687.9793,5850169.1278],[32522635.2495,5850121.6475],[32522594.5148,5850061.1721],[32522563.0263,5849994.1991],[32522536.5358,5849926.7263],[32522523.79,5849866.7503],[32522522.2897,5849804.775],[32522531.785,5849742.7995],[32522551.0265,5849684.8223],[32522635.7416,5849595.3567],[32522729.4532,5849514.8873],[32522832.9111,5849448.9121],[32522946.1156,5849407.427],[32523049.0746,5849402.4275],[32523156.0324,5849421.9182],[32523261.9906,5849440.9091],[32523365.9492,5849435.9095],[32523465.1594,5849404.4206],[32523561.6204,5849361.9361],[32523652.0838,5849309.9555],[32523735.2998,5849247.4791],[32523869.7459,5849214.4903],[32524005.9415,5849189.4983],[32524143.1367,5849172.503],[32524282.0814,5849162.505],[32524379.2924,5849136.0141],[32524476.5034,5849108.5236],[32524571.7151,5849076.535],[32524664.1778,5849037.0493],[32524765.3869,5848988.5672],[32524865.8463,5848937.586],[32524963.3067,5848882.1066],[32525059.5177,5848824.1283],[32525142.984,5848790.6404],[32525228.1998,5848762.1505],[32525314.1653,5848739.6582],[32525403.3796,5848724.163],[32525488.5954,5848696.1729],[32525574.8107,5848668.6826],[32525661.0261,5848640.1926],[32525747.2414,5848611.7027],[32525827.4589,5848568.2188],[32525896.9304,5848506.7423],[32525958.405,5848434.2702],[32526015.1313,5848359.799],[32526055.6143,5848291.8254],[32526090.0995,5848219.3537],[32526115.5883,5848144.3832],[32526131.081,5848067.4136],[32526188.5573,5848005.9372],[32526257.779,5847954.4566],[32526333.2484,5847912.972],[32526412.4665,5847879.4842],[32526487.686,5847837.0],[32526564.155,5847794.5157],[32526640.3741,5847754.0307],[32526718.5925,5847715.5449],[32526779.0673,5847639.0744],[32526798.808,5847535.1154],[32526795.5575,5847418.6618],[32526784.3104,5847308.7057],[32526805.0508,5847215.7423],[32526826.7908,5847123.7786],[32526849.2805,5847031.8148],[32526875.019,5846941.3504],[32526918.2511,5846894.3685],[32526993.4711,5846881.8723],[32527078.4375,5846893.8663],[32527155.1574,5846917.3558],[32527214.8842,5846952.8409],[32527270.6127,5846998.322],[32527318.3445,5847050.3006],[32527356.8301,5847109.7764],[32527422.8043,5847136.2649],[32527492.5269,5847156.7557],[32527564.4985,5847169.2497],[32527636.47,5847174.7464],[32527716.6877,5847148.7556],[32527787.159,5847097.275],[32527849.6332,5847030.3007],[32527905.1101,5846959.8279],[32527955.8386,5846868.3635],[32527996.3211,5846771.4015],[32528025.0582,5846670.4412],[32528046.7981,5846567.4818],[32528098.2764,5846485.0138],[32528156.0023,5846405.5446],[32528219.476,5846330.5734],[32528289.947,5846263.0992],[32528352.1718,5846228.612],[32528424.3929,5846212.1175],[32528498.3635,5846211.6166],[32528570.3351,5846227.1094],[32528616.0673,5846252.5986],[32528655.8021,5846288.0839],[32528688.5397,5846331.0663],[32528709.2822,5846380.5463],[32528721.0282,5846426.5279],[32528726.5267,5846475.5083],[32528727.2771,5846523.4892],[32528720.0307,5846571.4703],[32528698.54,5846618.4519],[32528668.3026,5846662.4349],[32528632.0676,5846700.9201],[32528591.8341,5846735.9068],[32528597.3326,5846784.8872],[32528628.0711,5846830.3687],[32528671.8042,5846868.3529],[32528718.7861,5846901.8389],[32528778.5127,5846923.3295],[32528842.4874,5846932.8248],[32528907.4616,5846934.3232],[32528972.4357,5846928.8245],[32529029.4132,5846935.321],[32529086.3907,5846941.8176],[32529143.3681,5846947.8144],[32529200.3456,5846955.3105],[32529281.3137,5846971.303],[32529361.2823,5846996.7917],[32529440.0015,5847027.2784],[32529517.7211,5847059.7643],[32529596.9394,5847046.2685],[32529666.411,5846990.7895],[32529724.8866,5846912.3199],[32529773.3662,5846832.8507],[32529833.3406,5846714.8967],[32529882.0695,5846592.4447],[32529922.0517,5846465.4946],[32529954.7868,5846337.5449],[32530029.5059,5846250.0786],[32530126.9662,5846182.1042],[32530235.4223,5846131.6226],[32530349.6265,5846098.634],[32530428.5951,5846098.1331],[32530507.564,5846115.6249],[32530580.2856,5846150.1102],[32530641.0123,5846201.5888],[32530696.7408,5846247.0699],[32530751.2199,5846295.5498],[32530800.9509,5846348.0282],[32530843.6848,5846406.5043],[32530901.4121,5846422.9969],[32530963.3875,5846422.4962],[32531026.6122,5846407.5012],[32531084.8387,5846383.0101],[32531141.3154,5846327.5313],[32531183.7975,5846258.5581],[32531215.2839,5846182.088],[32531239.773,5846104.1186],[32531278.2566,5846031.147],[32531316.7403,5845958.6753],[32531355.2239,5845885.7037],[32531393.7076,5845813.2319],[32531455.4319,5845735.262],[32531537.6484,5845676.2842],[32531631.1106,5845628.8017],[32531725.3225,5845586.3172],[32531831.7797,5845550.3299],[32531943.9848,5845526.8375],[32532056.9397,5845514.8406],[32532171.1443,5845512.8397],[32532269.1054,5845511.3388],[32532368.0662,5845515.3358],[32532466.0274,5845523.8309],[32532563.9887,5845540.8227],[32532657.9512,5845529.3258],[32532751.1639,5845510.8318],[32532843.3769,5845485.8403],[32532933.5906,5845454.3515],[32532997.5652,5845451.8515],[32533063.539,5845456.3488],[32533127.5138,5845469.8424],[32533187.4904,5845493.3322],[32533235.2219,5845525.8186],[32533277.9555,5845568.8009],[32533311.6929,5845618.2807],[32533338.1831,5845672.2588],[32533368.9217,5845727.7363],[32533399.4105,5845785.213],[32533427.1503,5845842.19],[32533451.6415,5845902.6656],[32533499.3732,5845951.6454],[32533559.1001,5845990.1292],[32533624.8244,5846019.6165],[32533692.7978,5846043.1062],[32533763.7698,5846057.0995],[32533837.7405,5846061.5966],[32533911.711,5846057.0973],[32533984.9318,5846045.6008],[32534103.635,5846069.5895],[32534221.5886,5846100.0756],[32534338.2928,5846136.0596],[32534453.9974,5846175.0424],[32534542.9622,5846177.5401],[32534633.1761,5846163.5443],[32534719.3914,5846132.0555],[32534797.6097,5846088.5716],[32534898.8195,5846083.5721],[32535000.7789,5846080.072],[32535101.7389,5846083.0693],[32535203.6985,5846090.5648],[32535328.6494,5846122.5502],[32535448.3526,5846174.5277],[32535562.8081,5846239.5002],[32535673.5152,5846310.4704],[32535756.4824,5846317.9661],[32535841.4485,5846308.4686],[32535921.6662,5846280.9784],[32535991.138,5846235.4954],[32536084.3501,5846179.0164],[32536176.8125,5846119.0389],[32536264.2768,5846054.5632],[32536348.7422,5845984.0899],[32536417.9643,5845953.601],[32536491.1849,5845932.1084],[32536566.4049,5845919.6123],[32536641.3751,5845922.1102],[32536755.3299,5845922.1084],[32536869.2847,5845927.1047],[32536984.2392,5845936.5992],[32537098.1942,5845950.592],[32537189.4078,5845941.0944],[32537280.3714,5845924.0998],[32537368.586,5845898.6086],[32537454.8013,5845864.121],[32537506.0306,5845841.6291],[32537557.2599,5845817.1381],[32537604.4907,5845787.1493],[32537645.7238,5845750.6632],[32537684.2077,5845697.6836],[32537713.4452,5845638.2068],[32537733.9361,5845574.2319],[32537749.4291,5845510.2571],[32537727.6869,5845455.7791],[32537676.9564,5845415.7957],[32537612.2317,5845387.308],[32537547.2572,5845368.8163],[32537524.7654,5845317.3371],[32537510.0205,5845262.3592],[32537505.5214,5845207.3811],[32537509.7689,5845152.4029],[32537555.2498,5845076.4324],[32537624.7213,5845016.9549],[32537707.1878,5844967.4734],[32537791.4038,5844924.989],[32537852.6289,5844886.5033],[32537915.8532,5844850.0169],[32537979.3275,5844815.5296],[32538046.5504,5844787.0399],[32538064.7925,5844745.0563],[32538051.0472,5844692.0776],[32538020.3086,5844639.5989],[32537983.8225,5844596.1167],[32537979.323,5844510.1509],[32537978.8219,5844424.1851],[32537980.57,5844338.2192],[32537986.0665,5844253.2529],[32538000.5597,5844181.2812],[32538026.0486,5844112.3082],[32538060.5339,5844046.3339],[32538102.0166,5843986.8569],[32538182.4834,5843905.3881],[32538276.9449,5843839.9126],[32538379.4035,5843784.9329],[32538484.6109,5843734.4514],[32538537.0892,5843675.9738],[32538582.5702,5843611.9986],[32538618.0551,5843542.5256],[32538638.5459,5843468.5547],[32538637.7955,5843422.573],[32538627.299,5843375.092],[32538606.5566,5843334.1086],[32538575.8184,5843303.1213],[32538530.0855,5843230.6508],[32538483.6029,5843160.1795],[32538436.1207,5843090.7078],[32538386.6393,5843022.2358],[32538360.1489,5842956.2624],[32538346.4033,5842885.7906],[32538343.9032,5842813.8192],[32538350.3996,5842742.8473],[32538367.6422,5842704.8621],[32538398.8793,5842673.3742],[32538437.1138,5842651.3823],[32538478.0974,5842641.8855],[32538519.5804,5842602.9003],[32538560.8135,5842566.4142],[32538603.0461,5842527.429],[32538644.2792,5842489.9433],[32538667.5194,5842451.958],[32538677.7647,5842405.9762],[32538677.2641,5842357.9952],[32538670.5161,5842312.0136],[32538686.7589,5842260.034],[32538705.2508,5842209.054],[32538725.492,5842158.0739],[32538747.9824,5842109.5928],[32538791.2145,5842062.6108],[32538852.4398,5842035.1208],[32538921.6621,5842018.6263],[32538990.6346,5842009.129],[32539046.1118,5841959.6478],[32539096.341,5841903.6693],[32539141.8221,5841844.1922],[32539182.3051,5841781.2166],[32539246.2777,5841644.7699],[32539296.2557,5841501.8259],[32539337.2373,5841356.383],[32539376.2197,5841210.4404],[32539407.2053,5841068.4963],[32539434.1925,5840926.5523],[32539454.1824,5840782.6091],[32539469.1744,5840639.6657],[32539475.9202,5840537.7061],[32539480.4169,5840435.7465],[32539479.1659,5840333.787],[32539470.9177,5840232.3274],[32539468.6672,5840139.3644],[32539466.1669,5840047.401],[32539463.9164,5839955.4375],[32539460.4164,5839863.9739],[32539443.922,5839794.002],[32539410.4343,5839728.5285],[32539363.702,5839670.5522],[32539309.9726,5839621.0727],[32539246.2474,5839590.5858],[32539175.2755,5839579.0914],[32539101.3049,5839581.0918],[32539030.0833,5839593.5879],[32538947.1162,5839592.0898],[32538864.1492,5839590.5916],[32538782.1817,5839590.0931],[32538700.2143,5839592.0936],[32538639.2382,5839571.1028],[32538589.5072,5839523.6224],[32538550.022,5839463.1471],[32538523.2817,5839399.6727],[32538485.7957,5839340.6967],[32538449.0594,5839280.2213],[32538415.5718,5839219.7458],[32538385.083,5839157.7709],[32538313.6102,5839079.3032],[32538231.8917,5839010.3318],[32538144.4255,5838947.858],[32538055.7098,5838888.8828],[32537957.9979,5838842.4027],[32537853.2891,5838811.4167],[32537745.3317,5838793.9253],[32537637.3744,5838784.9305],[32537587.6437,5838751.4446],[32537542.9108,5838708.9622],[32537510.1731,5838659.9821],[32537498.6769,5838605.504],[32537499.1756,5838529.5342],[32537515.6679,5838454.5637],[32537542.1564,5838383.0918],[32537576.6417,5838314.1187],[32537610.1271,5838224.1539],[32537644.862,5838134.689],[32537680.3466,5838045.7238],[32537719.08,5837958.7578],[32537754.5648,5837886.2861],[32537795.0477,5837814.3141],[32537837.5299,5837745.8407],[32537885.0101,5837679.8662],[32537944.2358,5837627.3862],[32538016.7065,5837590.8996],[32538097.674,5837568.4073],[32538178.8916,5837554.9114],[32538245.1151,5837544.4146],[32538311.0888,5837536.9166],[32538378.0622,5837536.4157],[32538445.0357,5837543.9117],[32538509.2598,5837512.4233],[32538566.4864,5837466.9405],[32538617.9652,5837413.461],[32538662.4466,5837354.4838],[32538697.6819,5837301.0045],[32538730.1682,5837245.0263],[32538757.6564,5837186.0493],[32538777.8975,5837126.0728],[32538839.1227,5837090.586],[32538914.3426,5837080.089],[32538994.311,5837088.0846],[32539071.2807,5837102.5777],[32539158.2463,5837115.0714],[32539243.9625,5837132.5631],[32539329.9287,5837154.5531],[32539413.6459,5837181.0412],[32539480.8688,5837158.5492],[32539535.3464,5837103.0704],[32539576.8288,5837028.0996],[32539605.3164,5836953.129],[32539619.0596,5836858.1665],[32539617.8087,5836761.2051],[32539604.3127,5836665.2435],[32539582.0701,5836571.781],[32539585.8168,5836447.8302],[32539591.5628,5836323.8794],[32539599.5578,5836199.9286],[32539610.3017,5836076.9774],[32539594.0566,5835966.5215],[32539554.8206,5835861.0641],[32539499.5911,5835760.6049],[32539435.1154,5835669.1423],[32539372.8886,5835569.6828],[32539309.4124,5835472.2225],[32539241.9378,5835376.7615],[32539170.7148,5835285.7988],[32539114.4852,5835152.3527],[32539076.4983,5835012.9088],[32539051.5061,5834868.9664],[32539034.5108,5834725.5237],[32539033.5091,5834580.5814],[32539050.5002,5834435.6388],[32539082.4854,5834292.6952],[32539126.466,5834153.7497],[32539119.9672,5834062.786],[32539107.7208,5833972.822],[32539082.2296,5833886.3568],[32539039.7454,5833809.8878],[32539014.5039,5833701.9312],[32538989.2623,5833593.4747],[32538965.0204,5833485.0182],[32538940.5285,5833378.0611],[32538928.282,5833282.5993],[32538929.0303,5833186.6374],[32538938.5252,5833089.6759],[32538956.2668,5832995.713],[32538968.7607,5832923.7414],[32538985.2532,5832852.7694],[32539005.744,5832783.7965],[32539033.2322,5832717.3225],[32539033.9804,5832614.3635],[32539020.4842,5832510.9048],[32538999.2412,5832409.9453],[32538973.0002,5832309.4857],[32538947.5092,5832234.0161],[32538917.0202,5832162.0452],[32538879.5341,5832092.5734],[32538834.801,5832029.0993],[32538825.553,5831917.144],[32538838.2963,5831805.1883],[32538866.0337,5831693.2324],[32538901.0182,5831584.2752],[32538906.2652,5831517.3018],[32538911.762,5831450.3283],[32538915.2597,5831384.3545],[32538914.7589,5831318.3808],[32538947.2451,5831255.4053],[32539007.4705,5831210.9221],[32539082.6902,5831178.4339],[32539157.91,5831153.9425],[32539234.3788,5831100.4626],[32539310.5978,5831046.9827],[32539387.0666,5830993.5028],[32539463.5355,5830940.0229],[32539500.77,5830890.542],[32539514.2637,5830823.5685],[32539509.7644,5830751.5972],[32539491.2708,5830686.1235],[32539458.7827,5830615.1522],[32539418.0479,5830547.6797],[32539368.5666,5830486.2049],[32539313.8376,5830430.7278],[32539278.3506,5830355.2583],[32539244.8628,5830279.2891],[32539214.3738,5830202.82],[32539188.8828,5830124.8514],[32539186.6324,5830038.3858],[32539212.121,5829952.9194],[32539254.603,5829870.9514],[32539305.3317,5829795.4806],[32539349.8128,5829707.5149],[32539396.543,5829621.0486],[32539446.0221,5829536.0816],[32539498.5001,5829453.6136],[32539520.9903,5829397.6356],[32539539.4822,5829340.6579],[32539549.7272,5829282.6809],[32539550.2262,5829224.7039],[32539544.9769,5829127.7426],[32539531.4808,5829031.2811],[32539511.2375,5828936.3192],[32539488.7451,5828842.8567],[32539478.248,5828756.8911],[32539469.0004,5828670.9254],[32539459.503,5828584.46],[32539453.0043,5828499.4939],[32539416.5179,5828439.0185],[32539344.7959,5828403.5337],[32539256.8306,5828387.0416],[32539173.8635,5828383.5442],[32539091.8958,5828365.5526],[32539008.9285,5828350.0601],[32538927.2108,5828337.5663],[32538844.2436,5828330.0705],[32538779.2692,5828313.5781],[32538715.2943,5828296.086],[32538652.569,5828275.5951],[32538590.5932,5828253.105],[32538543.8612,5828213.6214],[32538514.3721,5828155.1451],[32538497.6278,5828088.172],[32538490.1298,5828023.198],[32538507.6217,5827944.2291],[32538547.105,5827871.2576],[32538599.5832,5827804.7832],[32538657.0595,5827744.3064],[32538649.5613,5827661.8393],[32538615.0738,5827584.8704],[32538564.5929,5827513.3996],[32538506.1152,5827450.9254],[32538440.3905,5827398.4472],[32538369.668,5827354.4658],[32538293.9476,5827319.9807],[32538214.9786,5827296.4912],[32538132.5104,5827233.0177],[32538051.7915,5827167.0452],[32537973.3217,5827098.5736],[32537898.8503,5827028.1028],[32537847.1199,5826965.6284],[32537804.6358,5826897.1563],[32537771.148,5826823.686],[32537747.6563,5826747.7166],[32537699.1745,5826675.2461],[32537649.6931,5826603.7753],[32537599.2121,5826534.3037],[32537546.4821,5826465.8318],[32537467.2622,5826376.3685],[32537382.7946,5826292.4032],[32537295.3281,5826211.9366],[32537205.8625,5826132.9693],[32537100.4029,5826024.5141],[32536996.1927,5825916.5586],[32536891.9825,5825807.6035],[32536788.522,5825698.6484],[32536686.3109,5825583.6957],[32536587.0986,5825466.2439],[32536490.8851,5825346.2931],[32536397.6704,5825225.3426],[32536271.7186,5825098.395],[32536137.2703,5824981.4436],[32535996.0747,5824871.4894],[32535853.8797,5824765.0339],[32535750.1698,5824690.5651],[32535644.7106,5824619.595],[32535536.2527,5824552.6232],[32535423.5466,5824494.648],[32535310.8407,5824447.6684],[32535194.1365,5824411.1847],[32535074.1838,5824383.1976],[32534954.2311,5824365.2066],[32534852.2717,5824370.2062],[32534752.0619,5824398.6963],[32534656.6005,5824444.1797],[32534572.1348,5824502.6577],[32534500.9138,5824551.1395],[32534433.4414,5824604.6192],[32534370.2173,5824663.0969],[32534316.7395,5824729.5713],[32534197.7862,5824688.5894],[32534080.0823,5824647.1077],[32533963.378,5824604.1265],[32533846.6738,5824561.1454],[32533750.9612,5824523.1619],[32533656.2483,5824484.6787],[32533561.2855,5824444.696],[32533466.5725,5824406.2128],[32533380.6066,5824397.7175],[32533295.8899,5824371.7291],[32533222.1685,5824328.2475],[32533175.4362,5824264.7735],[32533150.1947,5824161.8148],[32533131.9504,5824056.357],[32533123.7022,5823950.3993],[32533127.4492,5823845.441],[32533146.9401,5823754.4769],[32533180.6754,5823667.511],[32533213.1613,5823579.5455],[32533230.9029,5823489.581],[32533229.4025,5823419.6088],[32533219.9052,5823349.6368],[32533199.1625,5823283.1636],[32533168.6738,5823222.1883],[32533140.1841,5823156.7148],[32533109.4454,5823091.7411],[32533076.9574,5823028.2668],[32533043.4698,5822966.7918],[32533019.7287,5822929.8069],[32532993.7386,5822896.8204],[32532963.0003,5822865.3334],[32532930.263,5822840.3438],[32532868.2871,5822809.8569],[32532801.5634,5822790.8654],[32532732.5906,5822780.3707],[32532663.618,5822773.8743],[32532603.8913,5822745.3865],[32532552.1612,5822700.4052],[32532511.4265,5822643.9283],[32532486.9354,5822582.4531],[32532479.4369,5822482.493],[32532499.1776,5822380.5332],[32532521.9171,5822277.5738],[32532527.6633,5822175.6143],[32532500.6717,5822015.1785],[32532459.6857,5821857.7418],[32532408.9537,5821703.304],[32532352.9737,5821551.8651],[32532253.011,5821386.9322],[32532124.0602,5821240.9922],[32531976.8667,5821109.0469],[32531822.6763,5820989.5968],[32531693.4757,5820857.6512],[32531564.2752,5820726.7052],[32531435.0746,5820595.2595],[32531305.1244,5820465.3131],[32531234.6513,5820390.8438],[32531165.9275,5820316.3744],[32531100.4524,5820238.9062],[32531039.9753,5820158.4392],[32531008.7363,5820063.9772],[32531020.4801,5819958.0192],[32531058.2136,5819850.0616],[32531105.9432,5819751.6],[32531179.9116,5819595.6609],[32531264.1259,5819444.2199],[32531355.0876,5819297.7768],[32531453.0467,5819156.8314],[32531488.0308,5819019.8853],[32531496.0256,5818877.9417],[32531479.0302,5818733.4994],[32531442.7927,5818597.0542],[32531423.2975,5818399.1333],[32531404.5522,5818202.7117],[32531382.8079,5818005.2905],[32531359.3144,5817808.869],[32531343.0692,5817690.9162],[32531326.8239,5817572.4636],[32531307.5799,5817454.5108],[32531285.337,5817338.0574],[32531280.0876,5817232.0997],[32531283.8346,5817127.1414],[32531294.5788,5817022.183],[32531313.3199,5816918.224],[32531352.8029,5816830.2584],[32531416.5265,5816754.7875],[32531495.994,5816691.3116],[32531582.209,5816640.8304],[32531638.6857,5816583.3524],[32531696.1621,5816526.874],[32531753.3885,5816468.8962],[32531811.8644,5816413.4173],[32531849.3486,5816345.9436],[32531860.8428,5816264.9756],[32531853.5945,5816177.5105],[32531839.099,5816095.5433],[32531864.5877,5816010.5767],[32531895.3242,5815926.6097],[32531928.8098,5815845.1416],[32531968.2929,5815766.1724],[32532004.0274,5815673.2088],[32532039.512,5815581.7446],[32532075.2464,5815489.7807],[32532110.9809,5815397.8167],[32532124.4741,5815298.8558],[32532103.2311,5815196.8967],[32532060.9964,5815096.4373],[32532011.5147,5815002.9752],[32531952.0373,5814931.5045],[32531878.3158,5814874.0285],[32531794.5984,5814829.0476],[32531707.8824,5814798.561],[32531622.1658,5814749.082],[32531536.4491,5814699.1032],[32531450.7325,5814650.6237],[32531365.0159,5814605.1431],[32531301.2907,5814569.6582],[32531238.5651,5814534.1732],[32531174.84,5814498.1885],[32531112.1144,5814463.7031],[32531118.6107,5814386.7336],[32531124.1074,5814310.7638],[32531127.6049,5814234.7939],[32531127.104,5814158.8241],[32531123.6045,5814097.8484],[32531117.856,5814037.8724],[32531111.3577,5813976.3969],[32531102.8602,5813917.4205],[32531088.3648,5813837.4525],[32531073.8694,5813756.9847],[32531022.3886,5813670.5199],[32531040.8802,5813599.048],[32531138.8415,5813616.5396],[32531239.8015,5813619.5369],[32531340.0114,5813605.0412],[32531435.2232,5813575.5515],[32531528.6852,5813520.5719],[32531611.1513,5813443.1015],[32531671.8758,5813349.1379],[32531704.6114,5813247.6778],[32531685.1176,5813144.2192],[32531613.8946,5813053.7563],[32531515.1828,5812977.788],[32531413.7222,5812915.3143],[32531323.0074,5812857.3387],[32531229.2939,5812803.8614],[32531133.5812,5812757.8811],[32531033.8704,5812722.3967],[32530975.3928,5812665.92],[32530923.6624,5812600.4469],[32530884.1771,5812528.9759],[32530857.6865,5812453.5063],[32530831.1959,5812375.5377],[32530808.7037,5812296.0696],[32530792.2091,5812216.1017],[32530782.9616,5812136.1336],[32530789.4579,5812052.1669],[32530811.9477,5811971.1987],[32530826.1906,5811868.7393],[32530887.1656,5811818.2584],[32531436.6898,5811300.4561],[32531495.1658,5811250.4751],[32531551.3927,5811196.9956],[32531600.8722,5811138.5181],[32531641.3551,5811073.5433],[32531672.8416,5811005.5699],[32531700.3297,5810936.0971],[32531724.819,5810866.1246],[32531744.3102,5810794.1529],[32531757.8039,5810734.1765],[32531769.0486,5810674.2002],[32531778.544,5810613.2243],[32531784.0409,5810553.2481],[32531795.7844,5810425.2988],[32531808.7774,5810298.3491],[32531822.5201,5810171.3994],[32531837.5123,5810044.4496],[32531850.2555,5809926.4963],[32531865.9976,5809808.543],[32531883.7388,5809691.5893],[32531904.7288,5809574.6355],[32531949.4596,5809474.6745],[32532033.9249,5809395.2049],[32532139.382,5809333.2279],[32532248.8378,5809284.7456],[32532359.2928,5809206.775],[32532469.7478,5809130.3037],[32532581.4523,5809054.3323],[32532695.9057,5808981.8594],[32532775.373,5808900.3906],[32532840.0959,5808804.9276],[32532889.8246,5808698.4692],[32532926.5584,5808589.512],[32533002.5264,5808465.0603],[32533079.2441,5808341.6083],[32533157.2113,5808218.1562],[32533235.1786,5808095.7037],[32533302.6506,5808015.7345],[32533390.1149,5807954.7575],[32533488.3252,5807909.2741],[32533591.5338,5807881.7835],[32533688.9944,5807837.7995],[32533787.2048,5807795.3149],[32533885.6651,5807755.3294],[32533986.8743,5807719.8419],[32534044.1012,5807690.3528],[32534100.3284,5807658.8645],[32534154.5563,5807621.8784],[32534203.7862,5807581.3937],[32534350.9773,5807549.4042],[32534501.4171,5807523.4123],[32534650.6076,5807501.4187],[32534801.5474,5807482.9238],[32534943.7408,5807474.9248],[32535087.6837,5807477.9214],[32535230.8769,5807481.9177],[32535373.82,5807473.9187],[32535511.015,5807439.9301],[32535642.462,5807381.9511],[32535767.1613,5807306.9791],[32535883.6139,5807222.5109],[32535996.3179,5807136.5434],[32536105.0234,5807045.0781],[32536208.7308,5806948.1151],[32536305.4409,5806844.6547],[32536445.1341,5806753.6888],[32536589.5755,5806671.7192],[32536739.265,5806597.7463],[32536891.7035,5806529.771],[32537029.1482,5806485.7864],[32537172.3409,5806456.7957],[32537317.2832,5806443.7987],[32537463.4751,5806444.7961],[32537556.6878,5806420.8042],[32537650.9,5806396.3125],[32537743.113,5806367.8224],[32537833.3266,5806332.3351],[32537927.5385,5806285.3524],[32538018.0018,5806230.8726],[32538105.4662,5806170.3954],[32538189.9317,5806105.9197],[32538282.6436,5806019.9525],[32538368.1083,5805926.4883],[32538447.8252,5805828.0263],[32538522.5441,5805726.0657],[32538621.0043,5805681.0821],[32538726.2121,5805648.5934],[32538833.4192,5805629.5993],[32538942.3759,5805627.5984],[32539075.3233,5805642.5904],[32539209.2705,5805666.5788],[32539341.9681,5805690.5672],[32539475.9152,5805707.5584],[32539630.8538,5805717.552],[32539786.792,5805726.5461],[32539942.98,5805734.0407],[32540098.9182,5805737.0371],[32540241.1113,5805711.0452],[32540377.5562,5805650.0674],[32540504.2547,5805567.0984],[32540620.957,5805472.6342],[32540733.4111,5805389.6655],[32540845.1156,5805305.1973],[32540952.5716,5805215.2315],[32541055.2794,5805119.7678],[32541175.7306,5805051.793],[32541301.18,5804993.3143],[32541431.6275,5804945.3314],[32541564.824,5804907.3445],[32541680.0279,5804883.3522],[32541798.2307,5804868.3564],[32541917.4333,5804863.8563],[32542035.3866,5804871.8513],[32542178.0802,5804893.8404],[32542319.0248,5804928.8243],[32542457.7203,5804974.304],[32542593.4172,5805028.2805],[32542715.3691,5805048.2706],[32542840.3196,5805060.2639],[32542962.2711,5805052.765],[32543076.4752,5805017.7772],[32543172.9361,5804963.2973],[32543267.3977,5804904.3193],[32543361.8594,5804844.8415],[32543459.07,5804791.3613],[32543556.5306,5804742.3793],[32543654.9908,5804693.897],[32543754.2007,5804646.4144],[32543854.6602,5804603.4299],[32543967.8648,5804573.9399],[32544085.8179,5804567.9404],[32544205.7703,5804576.935],[32544324.7233,5804593.9264],[32544429.9314,5804583.4289],[32544534.8896,5804573.4313],[32544639.098,5804560.9346],[32544744.306,5804545.939],[32544857.5106,5804514.4497],[32544967.7162,5804470.4655],[32545074.1731,5804415.9855],[32545177.6312,5804358.007],[32545281.0892,5804291.5318],[32545381.5483,5804221.5581],[32545478.0089,5804146.0866],[32545572.7201,5804067.6164],[32545649.1885,5803985.148],[32545718.9096,5803895.6825],[32545787.3811,5803806.2171],[32545867.0983,5803726.7475],[32545940.3184,5803674.2672],[32546022.7851,5803632.7824],[32546109.0004,5803604.2924],[32546198.9645,5803589.297],[32546301.1738,5803583.7976],[32546404.133,5803592.7925],[32546505.0932,5803612.2832],[32546604.804,5803642.2697],[32546695.0178,5803620.7769],[32546781.2331,5803585.2897],[32546862.7,5803536.8077],[32546935.9201,5803479.3294],[32546992.397,5803430.8479],[32547047.6243,5803380.3671],[32547098.1035,5803324.3886],[32547140.5857,5803263.912],[32547219.8038,5803231.4237],[32547306.0193,5803217.9277],[32547395.9836,5803218.9259],[32547483.9488,5803228.4208],[32547580.9104,5803240.9144],[32547676.6227,5803260.9049],[32547771.5853,5803286.3933],[32547865.2986,5803319.3788],[32547956.2626,5803326.8744],[32548049.2257,5803330.8714],[32548141.439,5803328.3709],[32548233.4024,5803321.8721],[32548316.6189,5803295.8811],[32548393.8376,5803252.3973],[32548463.3092,5803195.4189],[32548526.7831,5803132.9427],[32548594.2552,5803059.4709],[32548657.7289,5802982.0008],[32548716.4544,5802901.5319],[32548769.932,5802816.5648],[32548813.4136,5802740.0946],[32548855.1459,5802661.1254],[32548891.6302,5802581.6564],[32548924.1162,5802499.6885],[32548963.8488,5802389.7316],[32549000.8325,5802279.275],[32549035.5671,5802168.3186],[32549067.3029,5802056.3627],[32549120.2757,5801624.5336],[32549105.2794,5801470.0953],[32549101.2788,5801315.157],[32549113.2718,5801162.2177],[32549149.5053,5801014.276],[32549198.234,5800878.8291],[32549256.2091,5800746.8807],[32549322.181,5800619.4304],[32549394.1506,5800494.9788],[32549479.1149,5800355.5329],[32549567.078,5800218.0863],[32549657.79,5800082.6388],[32549753.7499,5799950.19],[32549798.4807,5799851.2287],[32549830.2166,5799746.7697],[32549846.9584,5799638.8124],[32549844.7078,5799531.3552],[32549840.458,5799430.3954],[32549830.2107,5799330.4354],[32549811.7166,5799231.9748],[32549783.4765,5799137.013],[32549804.9665,5799041.0509],[32549849.6975,5798951.086],[32549908.173,5798868.6179],[32549976.8947,5798795.1461],[32550036.3697,5798702.1821],[32550096.0947,5798609.718],[32550157.8188,5798518.2534],[32550220.2927,5798427.7885],[32550252.0285,5798316.8321],[32550242.0307,5798195.3806],[32550204.7938,5798072.4301],[32550159.5601,5797956.9767],[32550133.0693,5797865.5135],[32550104.8292,5797774.0503],[32550073.3404,5797686.0858],[32550033.8549,5797600.6204],[32550031.3548,5797526.6499],[32550045.0983,5797453.6787],[32550072.5864,5797383.7061],[32550111.8199,5797321.2304],[32550193.2867,5797263.752],[32550292.4969,5797234.2622],[32550400.7037,5797224.2645],[32550506.6616,5797221.7639],[32550594.8764,5797209.7673],[32550683.8408,5797198.2705],[32550773.0553,5797189.7725],[32550863.0195,5797186.2725],[32550938.2389,5797139.29],[32550988.9675,5797055.3227],[32551020.7035,5796955.3619],[32551042.1935,5796856.401],[32551081.1761,5796721.9539],[32551116.1602,5796586.0074],[32551147.146,5796449.0614],[32551173.1336,5796311.1159],[32551233.1079,5796176.6685],[32551308.826,5796050.2176],[32551397.7889,5795929.7642],[32551493.4992,5795817.3074],[32551606.4526,5795697.8532],[32551728.1527,5795586.8955],[32551856.85,5795482.9349],[32551991.5451,5795387.4708],[32552088.0057,5795314.4983],[32552185.7159,5795243.0253],[32552285.1754,5795173.5514],[32552387.6337,5795110.5748],[32552463.1025,5795021.1093],[32552516.8295,5794913.1514],[32552554.8128,5794797.6968],[32552580.5509,5794679.7433],[32552618.7834,5794518.8067],[32552651.7679,5794357.8703],[32552678.0051,5794194.9347],[32552698.9944,5794031.9992],[32552775.2114,5793850.5702],[32552880.4171,5793681.136],[32553003.6159,5793524.1965],[32553135.5612,5793373.7544],[32553306.2399,5793134.8468],[32553478.9178,5792896.9388],[32553651.5957,5792660.0304],[32553827.2724,5792425.6209],[32553992.9532,5792199.7083],[32554159.3838,5791975.7948],[32554326.0643,5791750.8817],[32554493.4944,5791526.9683],[32554588.4547,5791390.5211],[32554677.4173,5791251.0752],[32554757.6333,5791106.6315],[32554827.6033,5790956.69],[32554893.8245,5790793.2541],[32554949.7998,5790626.3196],[32554996.029,5790455.8867],[32555034.2613,5790283.9546],[32555112.7271,5790084.5327],[32555193.942,5789887.11],[32555279.4051,5789691.1867],[32555369.6164,5789497.7623],[32555443.5851,5789370.3119],[32555533.2977,5789250.858],[32555637.2548,5789144.8986],[32555753.7072,5789055.4324],[32555848.4183,5788970.9646],[32555944.8788,5788888.9957],[32556044.588,5788811.525],[32556149.0454,5788740.0519],[32556206.2721,5788702.5659],[32556264.4985,5788668.0787],[32556326.7234,5788640.5887],[32556391.9472,5788628.0927],[32556433.1801,5788577.1123],[32556463.6671,5788517.6355],[32556483.1584,5788452.6611],[32556494.6529,5788386.6872],[32556476.1591,5788311.2175],[32556434.4247,5788244.2448],[32556377.9463,5788183.7697],[32556318.2193,5788131.2915],[32556274.4859,5788081.8119],[32556232.0021,5788032.3323],[32556188.2688,5787983.8522],[32556141.5367,5787939.8704],[32556100.0518,5787847.4079],[32556085.806,5787744.9489],[32556087.5537,5787637.9914],[32556093.2999,5787533.0331],[32556063.3094,5787366.5998],[32556033.5688,5787201.1661],[32556001.5791,5787035.2326],[32555969.8393,5786870.7986],[32555912.1092,5786665.881],[32555835.3868,5786467.4611],[32555747.9187,5786272.5401],[32555657.202,5786080.6178],[32555521.7524,5785842.7146],[32555367.3105,5785616.307],[32555200.6235,5785397.8965],[32555027.1894,5785186.4833],[32554842.7592,5784942.0834],[32554657.3293,5784698.1832],[32554471.8995,5784455.7825],[32554283.4709,5784216.3807],[32554130.0288,5784002.9679],[32553979.3356,5783786.5563],[32553832.8906,5783568.6452],[32553691.1938,5783348.2351],[32553602.2269,5783196.2968],[32553522.2564,5783038.8606],[32553455.5306,5782877.4257],[32553402.5492,5782710.4929],[32553350.817,5782526.0669],[32553309.0809,5782338.6421],[32553276.3411,5782149.2178],[32553254.597,5781960.2932],[32553226.6062,5781825.8471],[32553199.6149,5781691.4009],[32553171.3742,5781558.4542],[32553143.3834,5781425.0076],[32553139.1333,5781302.0566],[32553125.8867,5781179.6054],[32553103.8937,5781059.1536],[32553070.6552,5780942.2006],[32553027.4208,5780831.7451],[32552976.9393,5780725.2882],[32552916.7118,5780623.8294],[32552844.2392,5780532.8667],[32552775.7655,5780464.3949],[32552699.295,5780403.9201],[32552615.5776,5780354.441],[32552527.8619,5780315.4578],[32552393.9145,5780270.4777],[32552260.217,5780224.498],[32552127.5191,5780178.5182],[32551994.8212,5780133.5381],[32551880.1162,5780092.5561],[32551765.4112,5780051.5741],[32551651.7058,5780010.0923],[32551539.0,5779966.1114],[32551431.292,5779911.1349],[32551333.8298,5779839.1649],[32551243.3645,5779757.6987],[32551158.8969,5779670.7345],[32551120.1618,5779636.7486],[32551088.4238,5779596.2651],[32551062.6834,5779552.283],[32551045.9393,5779504.8021],[32551032.4438,5779441.8273],[32551026.6951,5779377.8528],[32551027.194,5779313.8782],[32551034.6901,5779250.9031],[32551046.1846,5779184.9292],[32551063.6767,5779120.9543],[32551065.6746,5779032.4895],[32551112.4055,5778997.0029],[32551151.8886,5778919.5331],[32551193.371,5778843.5626],[32551236.1029,5778768.092],[32551279.5845,5778693.1211],[32551316.0691,5778626.647],[32551357.5516,5778563.6714],[32551401.7831,5778501.1956],[32551446.2646,5778440.2191],[32551525.9813,5778332.7606],[32551610.6961,5778230.3001],[32551696.4105,5778126.8399],[32551779.1261,5778022.3802],[32551853.095,5777908.9242],[32551915.8183,5777789.4707],[32551972.7938,5777665.5191],[32552023.5218,5777541.0678],[32552077.9995,5777500.5831],[32552137.2255,5777464.5965],[32552199.4503,5777439.1057],[32552265.4239,5777427.6093],[32552319.4025,5777430.1075],[32552374.3809,5777445.6005],[32552424.1114,5777470.0901],[32552467.8446,5777505.0755],[32552507.5795,5777554.5553],[32552539.3177,5777611.0323],[32552563.8088,5777672.0077],[32552581.3028,5777735.4823],[32552551.5666,5777866.9305],[32552527.5781,5777999.878],[32552510.5868,5778133.825],[32552501.8422,5778269.2713],[32552502.0938,5778380.2272],[32552510.3421,5778491.183],[32552522.339,5778602.6385],[32552537.5845,5778713.5942],[32552550.8311,5778841.5432],[32552579.0718,5778967.9925],[32552621.0569,5779090.4432],[32552674.2874,5779209.8949],[32552749.5096,5779350.8378],[32552837.4765,5779483.2839],[32552938.6881,5779608.2327],[32553051.8948,5779721.1861],[32553211.3329,5779829.1408],[32553368.5221,5779942.5934],[32553521.7129,5780060.0444],[32553671.905,5780182.9933],[32553805.1036,5780293.9472],[32553935.5534,5780409.3993],[32554057.7567,5780533.3482],[32554164.7161,5780668.7928],[32554249.9341,5780795.741],[32554335.1521,5780923.6889],[32554420.1202,5781051.137],[32554505.3382,5781180.0844],[32554526.8308,5781259.0527],[32554558.3194,5781338.5207],[32554603.8023,5781402.9944],[32554668.527,5781434.4809],[32554740.7482,5781426.9828],[32554813.7191,5781424.4826],[32554886.6901,5781423.9817],[32554960.6607,5781423.4808],[32555032.8817,5781406.9863],[32555110.8507,5781405.4857],[32555183.8219,5781421.978],[32555240.5499,5781463.4607],[32555289.0318,5781541.9288],[32555327.5178,5781627.3942],[32555356.7575,5781716.8582],[32555378.2503,5781807.8217],[32555399.2439,5781943.2676],[32555415.4894,5782080.2129],[32555427.4867,5782216.6585],[32555438.4843,5782354.6035],[32555432.4892,5782522.5369],[32555433.2414,5782690.9699],[32555436.9923,5782858.9031],[32555446.9909,5783028.3356],[32555443.9938,5783149.2876],[32555454.2416,5783272.2385],[32555485.4808,5783387.6922],[32555545.7084,5783487.1517],[32555628.1768,5783572.1166],[32555713.644,5783654.5825],[32555800.1108,5783737.0484],[32555886.5777,5783820.014],[32555994.2856,5783867.9933],[32556097.9953,5783932.4661],[32556183.4625,5784014.4321],[32556240.6912,5784113.8917],[32556275.929,5784242.34],[32556305.919,5784372.2878],[32556331.1609,5784503.7351],[32556352.1545,5784636.1821],[32556353.1562,5784775.1268],[32556362.1546,5784915.071],[32556374.4018,5785055.5149],[32556387.3987,5785195.459],[32556384.1525,5785363.892],[32556407.1458,5785531.8248],[32556450.8808,5785697.2583],[32556509.8597,5785857.1937],[32556607.5739,5786065.1095],[32556723.0309,5786266.0277],[32556854.7314,5786455.9501],[32557000.6759,5786636.3761],[32557129.8765,5786770.3209],[32557274.0709,5786892.2702],[32557429.2607,5786998.7255],[32557595.6957,5787084.6888],[32557976.0462,5787213.6318],[32558035.773,5787251.116],[32558093.5006,5787291.5991],[32558146.2303,5787339.0794],[32558190.7134,5787393.557],[32558213.455,5787434.5404],[32558232.1982,5787479.0224],[32558245.9434,5787525.0039],[32558253.4411,5787571.9851],[32558257.1904,5787627.9627],[32558258.6907,5787686.4394],[32558257.442,5787743.4168],[32558251.945,5787800.3942],[32558259.4432,5787879.3626],[32558265.9418,5787960.3303],[32558264.4436,5788040.2985],[32558249.7006,5788118.2677],[32558225.4608,5788153.2541],[32558206.219,5788191.2393],[32558188.9764,5788230.224],[32558172.7335,5788270.2084],[32558140.2472,5788328.6856],[32558116.0078,5788391.6609],[32558099.5153,5788457.6349],[32558095.0181,5788524.6083],[32558099.5174,5788595.5799],[32558114.0126,5788666.0517],[32558134.5055,5788735.0239],[32558156.9975,5788803.9961],[32558211.4773,5788904.9551],[32558260.7093,5789008.913],[32558304.9432,5789116.3696],[32558345.1788,5789224.8258],[32558384.6646,5789324.2856],[32558416.9033,5789428.7436],[32558428.1503,5789532.702],[32558406.4104,5789631.663],[32558361.9291,5789699.1368],[32558312.4498,5789765.1113],[32558259.2219,5789826.5876],[32558201.7456,5789885.0652],[32558134.5227,5789908.057],[32558070.2987,5789938.5459],[32558011.0728,5789977.0314],[32557958.5944,5790023.5137],[32557920.3603,5790071.4952],[32557893.8717,5790127.9731],[32557879.6283,5790189.9486],[32557881.1286,5790250.9244],[32557935.8577,5790312.3991],[32557983.3398,5790380.8711],[32558020.8259,5790454.3413],[32558045.3173,5790532.8097],[32558050.8163,5790608.7794],[32558047.0689,5790688.7476],[32558025.5785,5790760.7193],[32557979.3477,5790811.1999],[32557904.3776,5790816.6988],[32557829.1577,5790828.1954],[32557756.9367,5790846.6891],[32557686.965,5790873.1796],[32557625.7398,5790903.6684],[32557569.2628,5790942.1539],[32557517.0343,5790987.1368],[32557469.5539,5791036.6178],[32557401.0824,5791119.086],[32557338.3586,5791206.5521],[32557279.8832,5791297.5168],[32557226.156,5791390.9804],[32557159.4339,5791482.445],[32557091.9621,5791575.409],[32557024.2404,5791666.8736],[32556957.5183,5791758.3382],[32556882.7996,5791866.7961],[32556804.0825,5791972.2553],[32556722.3665,5792075.7154],[32556636.6521,5792176.1768],[32556548.4378,5792224.6588],[32556464.9718,5792282.1373],[32556390.5024,5792349.6116],[32556330.7773,5792428.0813],[32556279.2991,5792517.5464],[32556234.5683,5792612.5093],[32556195.8351,5792709.4714],[32556163.3495,5792807.9327],[32556129.3646,5792920.8882],[32556097.6289,5793034.8434],[32556069.8916,5793149.7981],[32556046.1528,5793265.7523],[32555983.6784,5793320.2316],[32555916.4558,5793368.7133],[32555842.9856,5793406.1996],[32555766.0165,5793428.6918],[32555678.8011,5793426.6939],[32555592.8353,5793428.1947],[32555506.8696,5793432.6942],[32555421.6535,5793439.193],[32555340.6857,5793440.1938],[32555260.7177,5793452.6901],[32555181.4995,5793474.1828],[32555104.2806,5793500.6734],[32554995.0745,5793538.66],[32554887.6179,5793584.1436],[32554791.1571,5793643.6214],[32554721.686,5793727.0892],[32554696.1971,5793793.5632],[32554676.7058,5793863.5356],[32554666.2111,5793935.5072],[32554668.7111,5794006.9787],[32554704.4474,5794042.9638],[32554732.1871,5794086.4461],[32554752.9295,5794135.4263],[32554769.4237,5794185.4061],[32554785.9182,5794257.877],[32554791.4172,5794334.8463],[32554781.922,5794408.817],[32554755.4336,5794477.79],[32554691.9597,5794542.2653],[32554633.484,5794610.739],[32554578.007,5794682.7112],[32554524.5294,5794756.1828],[32554457.8071,5794843.649],[32554397.3325,5794936.1132],[32554345.6045,5795033.0754],[32554306.8713,5795136.035],[32554301.125,5795231.9969],[32554290.6305,5795326.9593],[32554273.8886,5795422.9214],[32554253.1482,5795516.8843],[32554236.6558,5795594.3537],[32554211.1671,5795675.3219],[32554170.6842,5795740.2967],[32554111.4581,5795769.7859],[32554041.486,5795771.2863],[32553971.5138,5795773.7864],[32553901.2918,5795777.2861],[32553832.3192,5795780.7858],[32553758.3487,5795784.2856],[32553685.1278,5795789.7845],[32553612.1569,5795796.2831],[32553540.1857,5795804.7808],[32553479.96,5795835.2696],[32553439.477,5795898.745],[32553413.9883,5795978.7135],[32553398.2457,5796057.6824],[32553390.0,5796128.6542],[32553379.2556,5796217.619],[32553370.7597,5796267.0995],[32553352.2686,5796377.5558],[32553319.0341,5796535.4935],[32553280.0518,5796693.4312],[32553232.823,5796855.8673],[32553175.8479,5797016.8042],[32553109.6265,5797173.2429],[32553035.6581,5797326.683],[32552967.687,5797459.1314],[32552876.7249,5797578.5853],[32552771.0185,5797689.043],[32552663.3128,5797795.5023],[32552438.4038,5797910.9598],[32552220.4923,5798042.4109],[32552019.3245,5798194.8533],[32551847.1455,5798374.7844],[32551736.9416,5798535.7221],[32551637.7334,5798706.1558],[32551556.5183,5798884.5861],[32551499.2937,5799071.5126],[32551511.0416,5799248.9418],[32551517.7915,5799427.8705],[32551505.5489,5799603.8007],[32551457.5703,5799770.735],[32551396.8458,5799861.2],[32551340.1197,5799956.1631],[32551287.6419,5800051.6259],[32551238.9127,5800150.0875],[32551170.9418,5800296.0305],[32551103.7206,5800441.4737],[32551035.7497,5800586.9168],[32550968.7784,5800733.8594],[32550906.8051,5800878.3029],[32550838.8342,5801020.7473],[32550767.8644,5801162.6919],[32550697.8942,5801304.1367],[32550598.9373,5801562.5354],[32550482.2372,5801813.9372],[32550341.5466,5802051.8448],[32550171.1174,5802266.7619],[32549955.4562,5802486.1779],[32549739.0453,5802704.5944],[32549520.3853,5802921.5115],[32549301.9752,5803137.9288],[32549096.5597,5803339.3518],[32548887.1457,5803537.2763],[32548673.7333,5803730.7027],[32548458.3216,5803921.1302],[32548287.142,5804086.0673],[32548101.218,5804235.5107],[32547903.2985,5804367.4613],[32547692.3839,5804475.9214],[32547441.9841,5804528.9041],[32547195.333,5804595.3815],[32546951.9308,5804672.3546],[32546712.2773,5804761.8227],[32546488.3676,5804857.2882],[32546270.7057,5804967.7476],[32546059.7912,5805090.2022],[32545858.873,5805226.651],[32545657.7052,5805385.091],[32545469.5324,5805560.0244],[32545293.1053,5805748.9519],[32545129.6731,5805946.8757],[32545020.9677,5806040.8401],[32544914.2615,5806137.3034],[32544809.5545,5806236.2656],[32544707.8464,5806337.7269],[32544625.1307,5806438.1882],[32544539.4162,5806537.65],[32544451.9523,5806634.113],[32544362.2394,5806729.5764],[32544303.7636,5806801.0489],[32544232.2929,5806861.5259],[32544151.8256,5806913.0067],[32544068.6093,5806956.4907],[32543946.1586,5807004.4735],[32543818.9597,5807040.4612],[32543688.7617,5807058.456],[32543559.8128,5807054.9594],[32543438.8605,5807027.972],[32543321.1567,5806989.989],[32543210.4498,5806935.0126],[32543115.9863,5806861.0434],[32543026.7702,5806756.5864],[32542935.305,5806653.6287],[32542843.0901,5806553.1701],[32542750.6254,5806452.2117],[32542663.4084,5806338.7582],[32542567.1951,5806233.8014],[32542460.7359,5806137.8412],[32542346.2802,5806055.8756],[32542228.576,5805993.9021],[32542106.1239,5805940.925],[32541980.1733,5805900.9429],[32541851.4741,5805874.9552],[32541732.5211,5805861.4624],[32541610.5695,5805856.4663],[32541494.3659,5805872.4617],[32541393.9065,5805922.9432],[32541317.4379,5805989.4179],[32541240.9692,5806055.8927],[32541163.5009,5806121.3678],[32541087.0323,5806187.8426],[32541036.5534,5806261.3141],[32540970.0807,5806321.7911],[32540890.8628,5806369.2734],[32540806.6467,5806401.7618],[32540665.4529,5806405.7624],[32540524.2591,5806415.7606],[32540384.3149,5806433.7556],[32540246.87,5806462.7462],[32540146.6602,5806491.7362],[32540050.4489,5806530.2224],[32539956.237,5806575.7057],[32539864.7741,5806624.6877],[32539801.0506,5806710.6544],[32539725.5817,5806787.1252],[32539638.1174,5806851.6009],[32539544.9051,5806902.5821],[32539406.4609,5806953.5639],[32539267.0169,5806998.5482],[32539125.8236,5807039.534],[32538984.3803,5807076.5215],[32538817.1969,5807093.5173],[32538650.0137,5807116.0109],[32538485.8293,5807147.0011],[32538323.6443,5807187.9873],[32538206.1918,5807245.966],[32538085.7404,5807299.9464],[32537963.2898,5807347.4294],[32537839.0897,5807387.4154],[32537729.8834,5807414.4063],[32537618.6778,5807430.9015],[32537506.7224,5807440.8992],[32537394.5171,5807447.8982],[32537264.818,5807405.9168],[32537130.8708,5807380.9288],[32536994.9247,5807372.9341],[32536860.978,5807381.9326],[32536703.541,5807411.923],[32536548.3532,5807453.9087],[32536396.9141,5807505.8903],[32536249.4736,5807568.3677],[32536067.7971,5807660.3339],[32535888.1198,5807754.7991],[32535710.4418,5807854.7621],[32535535.5128,5807957.7238],[32535424.0581,5808034.6949],[32535319.351,5808123.1613],[32535213.8941,5808210.1283],[32535101.19,5808285.6],[32534959.7471,5808347.5775],[32534810.5569,5808389.5631],[32534657.1182,5808417.0545],[32534503.1796,5808434.0501],[32534424.9607,5808434.551],[32534346.9918,5808446.0477],[32534270.7724,5808467.5403],[32534198.5515,5808496.03],[32534108.338,5808541.5133],[32534019.8739,5808593.494],[32533938.4071,5808652.9716],[32533865.9369,5808722.445],[32533812.459,5808785.4208],[32533765.9785,5808853.8942],[32533724.4961,5808926.8658],[32533687.012,5809001.3368],[32533636.0342,5809129.2867],[32533581.3078,5809256.7368],[32533525.3318,5809382.6875],[32533467.6066,5809508.1385],[32533399.3858,5809650.5829],[32533326.4168,5809790.5283],[32533249.4494,5809928.9744],[32533171.4824,5810066.4209],[32533061.7778,5810190.3733],[32532960.8198,5810323.8217],[32532869.858,5810464.2672],[32532787.8927,5810609.7106],[32532713.6743,5810753.1547],[32532652.7007,5810904.0956],[32532612.7188,5811060.0342],[32532605.474,5811218.9711],[32532656.7056,5811351.4176],[32532703.6888,5811486.8631],[32532737.9272,5811625.3075],[32532754.9225,5811766.2512],[32532751.4251,5811847.219],[32532734.6829,5811928.1871],[32532709.1942,5812008.1557],[32532676.7082,5812084.1259],[32532618.2326,5812165.5944],[32532542.5137,5812235.0679],[32532467.0447,5812305.541],[32532408.5691,5812387.0095],[32532378.8322,5812473.9754],[32532371.3366,5812568.9377],[32532381.5839,5812664.3996],[32532406.0755,5812756.3627],[32532435.3151,5812846.8263],[32532471.8019,5812935.2905],[32532516.2855,5813019.2565],[32532568.7658,5813099.7237],[32532634.2409,5813182.1899],[32532703.7145,5813262.1571],[32532775.1872,5813340.6248],[32532846.6599,5813420.0921],[32532956.1173,5813481.0662],[32533061.8264,5813555.0352],[32533147.0438,5813644.4984],[32533200.5241,5813751.9548],[32533212.7708,5813861.4111],[32533218.0203,5813973.3665],[32533207.2762,5814082.3233],[32533172.5415,5814184.2833],[32533112.0665,5814255.7558],[32533057.3394,5814331.2266],[32533005.861,5814410.196],[32532954.3826,5814488.6656],[32532868.6682,5814597.1237],[32532792.7001,5814713.5785],[32532732.9756,5814838.03],[32532697.9914,5814969.978],[32532688.9968,5815096.9277],[32532688.249,5815225.3766],[32532697.2473,5815353.3256],[32532720.4898,5815478.7753],[32532779.9672,5815549.2464],[32532833.4471,5815625.7152],[32532874.9318,5815708.6816],[32532896.4245,5815797.1461],[32532899.9242,5815870.117],[32532882.4322,5815944.0879],[32532848.9465,5816014.0605],[32532805.4647,5816076.5364],[32532713.7527,5816181.9958],[32532622.0406,5816286.4556],[32532528.3294,5816389.9159],[32532434.3682,5816493.3762],[32532322.6643,5816613.3302],[32532210.7106,5816733.7839],[32532099.0067,5816852.7383],[32531987.0529,5816973.192],[32531889.8421,5817014.677],[32531803.3775,5817081.6517],[32531737.6548,5817166.6188],[32531704.9192,5817264.0806],[32531698.9239,5817420.5184],[32531704.9238,5817577.4559],[32531722.9189,5817732.8938],[32531752.6593,5817886.8321],[32531799.6432,5818070.2584],[32531852.3749,5818253.1849],[32531911.1042,5818434.6118],[32531976.8307,5818613.0398],[32532036.8091,5818767.4775],[32532099.7863,5818922.4149],[32532166.7619,5819074.8533],[32532239.7351,5819225.2923],[32532279.7212,5819364.7362],[32532327.954,5819503.1804],[32532380.9349,5819638.6258],[32532440.1633,5819773.5712],[32532497.1426,5819906.0176],[32532569.3658,5820033.4659],[32532652.5844,5820154.4165],[32532741.8007,5820270.8688],[32532885.496,5820440.2992],[32533035.4388,5820605.2314],[32533189.38,5820765.6652],[32533348.3191,5820923.1002],[32533498.0108,5821006.0649],[32533642.2049,5821101.025],[32533774.6538,5821208.4802],[32533891.8591,5821333.4287],[32533964.0819,5821437.8861],[32534018.3121,5821555.3385],[32534059.5475,5821678.7888],[32534092.5362,5821805.238],[32534063.3004,5821982.1681],[32534051.0579,5822163.0963],[32534061.8062,5822342.0249],[32534100.7932,5822516.4549],[32534159.7719,5822657.8978],[32534239.7421,5822791.8433],[32534337.9548,5822912.7937],[32534453.4104,5823014.7514],[32534601.8529,5823109.7114],[32534763.2899,5823187.1781],[32534930.9742,5823251.1501],[32535100.4078,5823310.6239],[32535383.2961,5823353.6025],[32535665.9347,5823411.0754],[32535943.5755,5823483.0425],[32536216.9682,5823572.003],[32536457.3741,5823665.962],[32536693.7818,5823774.9151],[32536921.943,5823897.3629],[32537142.1076,5824035.3047],[32537328.2856,5824169.7484],[32537505.2174,5824317.187],[32537671.1539,5824477.6207],[32537824.0956,5824649.55],[32537961.0432,5824788.9924],[32538097.2412,5824928.9347],[32538232.1896,5825070.8762],[32538367.388,5825213.3175],[32538442.6097,5825319.774],[32538522.8293,5825423.7314],[32538610.296,5825521.1913],[32538707.7585,5825609.1548],[32538777.4816,5825657.6345],[32538852.2025,5825703.1153],[32538929.9222,5825738.6],[32539011.6401,5825763.5888],[32539059.8705,5825734.5996],[32539114.0988,5825718.1053],[32539171.076,5825711.607],[32539228.0534,5825714.1052],[32539305.0231,5825730.5974],[32539381.7431,5825760.0845],[32539444.4688,5825804.5659],[32539481.2051,5825868.0401],[32539502.448,5825956.0048],[32539524.9403,5826045.4688],[32539546.4331,5826134.4331],[32539568.6755,5826224.8968],[32539568.9271,5826343.8495],[32539587.1716,5826463.3017],[32539624.4085,5826577.2558],[32539679.6381,5826683.2128],[32539771.8533,5826810.6607],[32539868.8166,5826935.6096],[32539969.0285,5827058.5591],[32540071.2397,5827181.0089],[32540200.4405,5827324.4499],[32540335.3889,5827462.3929],[32540471.5867,5827599.3364],[32540601.5372,5827743.777],[32540689.7539,5827862.2285],[32540765.9755,5827991.176],[32540827.9528,5828126.6212],[32540878.1849,5828267.0646],[32540888.6816,5828323.0421],[32540895.1798,5828380.0194],[32540898.9292,5828437.9963],[32540901.429,5828496.473],[32540900.9303,5828572.4427],[32540896.4332,5828648.4126],[32540886.9381,5828724.3825],[32540874.4442,5828800.3525],[32540851.9542,5828878.3218],[32540818.4686,5828951.7931],[32540777.9857,5829023.7651],[32540733.5044,5829092.2385],[32540590.8164,5829459.5946],[32540558.8311,5829603.5378],[32540533.8432,5829749.4801],[32540513.8533,5829896.422],[32540498.8614,5830044.3634],[32540481.8701,5830183.3084],[32540474.8749,5830324.2524],[32540482.8738,5830465.696],[32540508.1158,5830603.6408],[32540555.8492,5830765.0758],[32540602.8329,5830926.5109],[32540648.817,5831088.9456],[32540694.5512,5831252.3798],[32540752.78,5831390.3241],[32540801.7627,5831533.7663],[32540830.7533,5831678.7082],[32540830.7554,5831826.1495],[32540805.7672,5831957.0978],[32540776.0309,5832086.5468],[32540744.0455,5832216.4956],[32540713.0597,5832346.4444],[32540627.0958,5832481.8918],[32540558.1253,5832630.3338],[32540518.1435,5832785.2728],[32540518.8954,5832942.2103],[32540556.8829,5833120.6388],[32540599.6186,5833299.0672],[32540645.353,5833477.4955],[32540693.0866,5833655.424],[32540713.0809,5833811.3616],[32540745.0706,5833970.7977],[32540803.0496,5834112.2406],[32540905.5104,5834216.1977],[32541016.967,5834271.1741],[32541127.6738,5834328.6495],[32541238.3807,5834387.6244],[32541348.8377,5834447.5988],[32541444.8,5834470.5882],[32541539.5129,5834512.0702],[32541617.233,5834572.545],[32541665.7149,5834653.0122],[32541684.709,5834768.466],[32541679.9626,5834887.4188],[32541657.2234,5835007.3714],[32541624.4881,5835123.3258],[32541559.0168,5835308.753],[32541484.7989,5835490.182],[32541403.5837,5835669.6119],[32541363.6008,5835750.0805],[32541315.3713,5835846.5428],[32541256.6461,5835945.0046],[32541202.9189,5836046.4651],[32541160.1874,5836153.4232],[32541134.4492,5836264.3794],[32541128.9526,5836342.3485],[32541130.4531,5836421.3171],[32541142.9493,5836497.2867],[32541170.4394,5836569.7574],[32541221.1697,5836602.2437],[32541266.9021,5836642.2271],[32541308.6362,5836687.7084],[32541347.3716,5836736.1885],[32541391.8548,5836795.6641],[32541428.3413,5836863.6365],[32541446.835,5836935.1078],[32541435.5904,5837003.081],[32541386.111,5837067.5561],[32541326.6354,5837124.0345],[32541260.1625,5837174.0157],[32541191.9403,5837218.499],[32541078.7355,5837238.4928],[32540968.5298,5837271.4814],[32540862.3226,5837315.9653],[32540759.864,5837367.9462],[32540650.4084,5837428.4239],[32540549.9494,5837505.8946],[32540468.2332,5837599.3587],[32540414.5061,5837708.816],[32540385.5196,5837845.7619],[32540368.5284,5837985.7065],[32540363.5324,5838126.6505],[32540372.5309,5838268.0941],[32540415.5161,5838421.5325],[32540452.5036,5838576.4703],[32540483.4936,5838732.9076],[32540508.2361,5838891.3442],[32540506.2393,5839059.2775],[32540509.9903,5839228.7101],[32540521.9881,5839397.6429],[32540542.7323,5839566.0756],[32540558.9774,5839674.0325],[32540588.2174,5839781.4894],[32540631.7016,5839882.9484],[32540692.9287,5839973.4116],[32540763.6515,5840036.8853],[32540851.3674,5840083.8653],[32540945.0805,5840104.3557],[32541035.2944,5840089.86],[32541158.7444,5840023.8843],[32541278.1959,5839950.9115],[32541394.8984,5839871.4413],[32541507.3525,5839787.4729],[32541661.2895,5839659.5213],[32541813.2273,5839528.571],[32541964.1654,5839396.6211],[32542120.1016,5839270.6687],[32542228.8072,5839185.2009],[32542339.2621,5839101.2326],[32542451.9662,5839019.7632],[32542567.4192,5838942.792],[32542660.8816,5838906.305],[32542756.0933,5838874.8161],[32542852.3047,5838845.8261],[32542949.5157,5838818.3355],[32543029.4841,5838828.8301],[32543111.4515,5838826.8297],[32543192.4191,5838812.3342],[32543266.8891,5838781.8451],[32543336.1109,5838732.3638],[32543396.586,5838669.8877],[32543443.0665,5838595.9164],[32543471.554,5838515.9478],[32543484.547,5838390.9973],[32543501.2886,5838268.0459],[32543519.2796,5838144.0949],[32543538.0204,5838021.1435],[32543535.7698,5837919.1841],[32543541.516,5837813.2262],[32543569.0037,5837719.2632],[32543629.4787,5837652.7887],[32543700.7001,5837632.2957],[32543774.9205,5837622.7983],[32543849.8908,5837625.2962],[32543921.6126,5837641.7885],[32543988.3368,5837695.2662],[32544059.0595,5837746.2448],[32544133.7805,5837789.7264],[32544213.4993,5837822.2122],[32544267.478,5837833.7068],[32544324.4555,5837838.2041],[32544379.4335,5837831.7059],[32544429.6633,5837810.7134],[32544468.8972,5837773.2277],[32544503.3828,5837729.2447],[32544531.6209,5837682.263],[32544557.8598,5837633.7818],[32544554.3601,5837561.8105],[32544562.8557,5837489.839],[32544582.347,5837419.8665],[32544609.8351,5837353.8924],[32544653.3168,5837280.9207],[32544709.7934,5837214.4463],[32544777.2659,5837166.9641],[32544852.2359,5837152.4687],[32544927.9565,5837199.9487],[32545009.6746,5837237.9323],[32545095.641,5837268.4189],[32545182.3569,5837293.9075],[32545300.3105,5837318.8958],[32545421.2627,5837333.8881],[32545543.2145,5837342.8827],[32545665.1662,5837347.879],[32545811.1084,5837356.8732],[32545958.2998,5837341.877],[32546104.4913,5837310.8872],[32546249.6832,5837274.8994],[32546481.3404,5837216.919],[32546709.7487,5837139.4465],[32546924.6619,5837035.9845],[32547116.5837,5836899.0361],[32547295.7601,5836726.602],[32547472.9373,5836550.6694],[32547647.3654,5836371.738],[32547819.5445,5836191.807],[32547894.5127,5836050.3621],[32547979.477,5835913.9151],[32548080.4351,5835792.4619],[32548204.1347,5835698.4975],[32548310.3418,5835652.5142],[32548420.7974,5835613.0282],[32548534.0021,5835582.0389],[32548649.206,5835561.5453],[32548743.1686,5835553.5471],[32548839.1306,5835553.0459],[32548932.0939,5835568.0385],[32549017.8104,5835602.5236],[32549067.5413,5835649.0043],[32549110.2752,5835704.4816],[32549137.7652,5835766.4566],[32549143.264,5835831.4307],[32549077.041,5835881.9116],[32549009.5686,5835940.8891],[32548965.0872,5836003.3649],[32548963.5888,5836072.3375],[32549000.3248,5836115.8197],[32549042.0588,5836154.3038],[32549090.0403,5836186.2903],[32549140.7705,5836212.7791],[32549189.7514,5836232.2706],[32549244.7296,5836234.7688],[32549301.7069,5836227.2709],[32549356.9348,5836214.2753],[32549456.1449,5836182.2865],[32549553.3557,5836139.8019],[32549646.818,5836091.3198],[32549739.0306,5836039.3391],[32549831.7424,5835939.8773],[32549934.4503,5835849.4117],[32550044.1556,5835768.4423],[32550160.6083,5835697.9686],[32550292.0552,5835633.9921],[32550427.5006,5835578.0123],[32550565.6951,5835532.0285],[32550708.1381,5835498.0399],[32550838.0865,5835498.038],[32550969.0345,5835492.0384],[32551099.2327,5835480.0412],[32551229.4308,5835464.0456],[32551346.6339,5835441.5528],[32551462.8374,5835411.563],[32551577.0415,5835373.5764],[32551687.497,5835326.0936],[32551807.9481,5835256.1196],[32551920.6522,5835170.6519],[32552024.3596,5835074.6885],[32552122.0693,5834973.2274],[32552195.7895,5834934.7416],[32552284.5036,5834888.2587],[32552360.4737,5834906.7502],[32552440.4423,5834924.7419],[32552508.9161,5834996.2124],[32552586.6362,5835058.6864],[32552670.1039,5835115.6625],[32552755.8207,5835168.1404],[32552868.2771,5835236.1117],[32552990.9792,5835289.0888],[32553119.9286,5835327.0717],[32553250.627,5835349.061],[32553409.564,5835356.0559],[32553570.75,5835347.057],[32553729.9365,5835324.5636],[32553886.3739,5835289.5751],[32554051.5575,5835237.5933],[32554214.242,5835174.1161],[32554370.6789,5835099.1435],[32554523.367,5835014.175],[32554590.5898,5834975.6893],[32554662.8107,5834948.1991],[32554739.0302,5834928.7057],[32554815.9994,5834914.2103],[32554906.2135,5834906.7119],[32554997.1775,5834913.7078],[32555086.8922,5834933.1987],[32555171.859,5834967.1839],[32555241.3322,5835023.6604],[32555287.815,5835106.1269],[32555317.3047,5835202.0883],[32555335.5489,5835298.5497],[32555318.3065,5835348.5301],[32555313.8091,5835403.5083],[32555321.5568,5835456.4871],[32555346.0478,5835502.4685],[32555416.0203,5835520.9601],[32555484.9933,5835546.4489],[32555547.7189,5835581.9339],[32555600.4487,5835630.4138],[32555631.937,5835681.8929],[32555656.678,5835738.8699],[32555674.1719,5835799.3456],[32555687.9174,5835860.3211],[32555667.1768,5835940.2896],[32555660.6806,5836023.2568],[32555664.1805,5836107.2234],[32555672.4284,5836190.6901],[32555670.9305,5836292.6496],[32555712.1657,5836393.109],[32555774.3924,5836490.5694],[32555835.8694,5836586.0305],[32555959.5735,5836796.9448],[32556099.0212,5837001.3615],[32556260.9596,5837182.7869],[32556453.8853,5837327.2267],[32556623.3194,5837412.1905],[32556802.9992,5837479.6611],[32556987.6766,5837522.1415],[32557176.6019,5837534.6338],[32557321.7942,5837524.6356],[32557467.986,5837502.6422],[32557607.4301,5837462.6561],[32557736.8779,5837398.6796],[32557798.1033,5837380.6859],[32557855.3307,5837383.6839],[32557936.799,5837422.1674],[32558002.5232,5837438.6599],[32558061.5001,5837459.1509],[32558118.2281,5837488.6383],[32558170.9577,5837525.123],[32558217.6898,5837568.6051],[32558265.1721,5837641.5754],[32558292.6625,5837728.0406],[32558307.1581,5837820.0039],[32558316.4058,5837912.467],[32558293.1658,5837965.4463],[32558263.6782,5838015.9267],[32558228.4429,5838061.9089],[32558187.2098,5838101.3938],[32558139.979,5838131.3826],[32558088.7497,5838157.8728],[32558035.521,5838174.3671],[32557982.542,5838175.8672],[32557925.5644,5838164.3726],[32557868.5869,5838155.377],[32557811.6093,5838144.882],[32557754.8816,5838135.3866],[32557690.9066,5838105.8993],[32557623.1831,5838086.408],[32557553.9605,5838080.9112],[32557487.9868,5838094.4068],[32557437.5077,5838150.8851],[32557383.2799,5838202.3654],[32557322.8046,5838248.3481],[32557257.5809,5838282.8353],[32557200.6038,5838301.3288],[32557140.3777,5838308.8267],[32557080.4014,5838302.3301],[32557028.6716,5838279.8398],[32556958.9485,5838230.3605],[32556889.2254,5838181.8808],[32556820.5019,5838133.4011],[32556750.7788,5838085.9209],[32556646.3192,5838013.9511],[32556542.8591,5837942.9808],[32556438.1496,5837872.5103],[32556333.6899,5837802.5396],[32556185.4969,5837684.0889],[32556029.0574,5837577.1337],[32555867.8699,5837478.6753],[32555702.4342,5837388.7135],[32555504.0115,5837288.7562],[32555299.5913,5837201.2941],[32555090.923,5837125.8272],[32554879.5059,5837062.3556],[32554630.8537,5837001.3836],[32554380.9521,5836948.4084],[32554130.3009,5836905.4292],[32553877.4008,5836873.4457],[32553607.5075,5836850.4589],[32553337.6144,5836834.4693],[32553067.4714,5836821.4785],[32552797.5783,5836811.4865],[32552463.7106,5836797.9969],[32552129.5931,5836793.5037],[32551795.4758,5836798.0068],[32551462.3581,5836809.5072],[32551171.2236,5836808.512],[32550877.0904,5836817.013],[32550592.7039,5836860.9997],[32550330.0596,5836963.4629],[32550149.133,5837069.9233],[32549969.4559,5837178.8826],[32549790.5285,5837289.3413],[32549612.8506,5837400.2999],[32549477.906,5837523.253],[32549338.9628,5837642.2077],[32549189.2737,5837741.1706],[32549023.8402,5837801.1492],[32548912.8844,5837814.1457],[32548801.6787,5837822.6439],[32548689.7231,5837824.6448],[32548578.5172,5837821.6476],[32548435.8236,5837804.6565],[32548292.88,5837789.6646],[32548149.9366,5837777.6714],[32548007.9927,5837764.6787],[32547848.0555,5837720.1987],[32547682.3709,5837695.2111],[32547517.1865,5837696.713],[32547359.9993,5837732.701],[32547181.3213,5837805.1748],[32547005.892,5837882.1467],[32546831.2125,5837960.6181],[32546657.7825,5838042.5881],[32546474.8567,5838154.0464],[32546289.1819,5838260.007],[32546098.259,5838356.4714],[32545902.8378,5838441.4405],[32545749.6489,5838461.9346],[32545598.2094,5838492.9245],[32545449.0192,5838534.91],[32545304.5773,5838587.891],[32545157.1368,5838653.8669],[32545014.4445,5838728.8392],[32544876.0006,5838810.8087],[32544741.3054,5838899.7754],[32544649.5936,5839021.2286],[32544547.6357,5839134.6851],[32544432.9328,5839234.6472],[32544305.4845,5839314.1176],[32544147.0483,5839373.5964],[32543989.3619,5839437.5735],[32543833.9246,5839505.5489],[32543679.4869,5839574.5239],[32543494.8115,5839658.9932],[32543312.1353,5839747.9607],[32543131.4584,5839840.4268],[32542951.7812,5839935.3919],[32542820.3342,5839991.3717],[32542691.8862,5840057.3475],[32542578.1826,5840141.8157],[32542490.469,5840247.7749],[32542460.7324,5840358.7313],[32542426.9974,5840469.6878],[32542385.2656,5840576.646],[32542333.5376,5840679.1061],[32542290.0558,5840744.0809],[32542243.5752,5840805.5572],[32542189.3475,5840861.0361],[32542127.8726,5840905.5193],[32542078.8923,5840924.5125],[32542027.6628,5840935.0092],[32541974.6839,5840937.509],[32541924.7036,5840929.0131],[32541884.9687,5840882.0324],[32541840.2358,5840838.5503],[32541789.5055,5840804.0648],[32541734.7769,5840786.5726],[32541683.5473,5840789.5722],[32541632.5677,5840797.07],[32541587.3359,5840815.5634],[32541556.0988,5840848.5507],[32541540.8554,5840887.5355],[32541530.6101,5840928.5194],[32541523.3636,5840970.5028],[32541517.1167,5841013.4858],[32541528.613,5841074.4614],[32541530.1134,5841138.436],[32541523.8668,5841203.4103],[32541514.3715,5841267.3851],[32541498.6291,5841355.3504],[32541466.1432,5841440.3171],[32541421.6621,5841520.7858],[32541371.1832,5841596.7564],[32541262.4777,5841687.722],[32541160.7696,5841786.1844],[32541064.0595,5841890.6444],[32540972.0976,5841999.1028],[32540872.389,5842121.0559],[32540778.4282,5842249.5063],[32540697.4624,5842384.9537],[32540636.4887,5842529.8971],[32540618.4977,5842657.8466],[32540594.7591,5842785.7961],[32540565.7724,5842912.2463],[32540530.0385,5843037.1973],[32540480.0604,5843180.1412],[32540428.0831,5843322.5855],[32540375.1063,5843464.5299],[32540321.1298,5843606.9741],[32540248.1605,5843723.429],[32540177.4404,5843844.382],[32540123.4636,5843968.8334],[32540099.725,5844100.7814],[32540118.2187,5844171.7529],[32540130.7148,5844245.2236],[32540139.2125,5844319.194],[32540147.7102,5844393.1645],[32540170.9524,5844483.6283],[32540178.4508,5844579.59],[32540162.7084,5844671.5538],[32540118.2272,5844748.5239],[32540021.7665,5844818.4975],[32539928.0549,5844893.969],[32539836.5923,5844970.44],[32539747.129,5845049.9098],[32539677.6575,5845114.3852],[32539612.1846,5845184.8582],[32539553.459,5845260.3291],[32539501.9806,5845340.2982],[32539449.2534,5845462.7503],[32539421.2665,5845596.6975],[32539411.2725,5845734.6429],[32539407.2761,5845872.5882],[32539228.3494,5846023.5309],[32539160.8768,5846069.0139],[32539093.6543,5846120.4945],[32539042.1756,5846179.4718],[32539022.6844,5846250.4439],[32539034.4304,5846299.4243],[32539043.9274,5846350.4039],[32539050.6755,5846401.3835],[32539058.1733,5846453.3628],[32539074.9176,5846522.8349],[32539086.4141,5846594.8062],[32539085.9154,5846665.778],[32539068.4233,5846733.7513],[32539040.935,5846785.731],[32539005.6997,5846833.7125],[32538966.466,5846878.1954],[32538926.9823,5846923.1782],[32538852.5131,5847003.6473],[32538773.0457,5847080.1181],[32538690.3297,5847153.0904],[32538605.8643,5847224.5633],[32538492.1607,5847313.0298],[32538375.7082,5847395.9986],[32538255.0073,5847474.4693],[32538132.557,5847549.4413],[32537952.8798,5847647.4051],[32537768.2044,5847735.8727],[32537579.5306,5847818.3428],[32537391.1066,5847898.3139],[32537265.1564,5847888.3197],[32537136.9574,5847892.3201],[32537012.7571,5847914.3132],[32536895.5542,5847956.2982],[32536814.8377,5848049.7623],[32536728.1234,5848139.2281],[32536630.6632,5848214.6995],[32536523.2067,5848270.1791],[32536429.9941,5848292.1718],[32536334.0323,5848303.6686],[32536236.821,5848305.6693],[32536140.859,5848304.1713],[32536025.1542,5848247.1957],[32535904.7013,5848199.2165],[32535780.7501,5848173.2287],[32535659.5484,5848184.2261],[32535541.3458,5848217.7146],[32535423.1433,5848250.7032],[32535304.9407,5848284.6915],[32535187.4879,5848319.1795],[32535059.2893,5848355.1671],[32534932.0904,5848392.1543],[32534804.6415,5848429.1415],[32534677.4426,5848466.1287],[32534568.4855,5848442.6397],[32534460.7779,5848416.6516],[32534353.8199,5848388.6643],[32534247.1119,5848360.1772],[32534115.4136,5848320.1951],[32533986.714,5848274.2152],[32533856.765,5848229.235],[32533727.0659,5848189.2528],[32533620.3579,5848166.2636],[32533512.1507,5848157.2687],[32533402.1945,5848159.7694],[32533295.2371,5848171.7662],[32533207.0226,5848199.2566],[32533124.556,5848244.7398],[32533050.0864,5848303.2176],[32532987.6123,5848372.691],[32532914.1424,5848438.166],[32532841.6722,5848505.6403],[32532771.2012,5848575.1137],[32532705.7283,5848648.5855],[32532623.2618,5848702.0655],[32532535.0475,5848746.5491],[32532441.8351,5848782.0364],[32532347.6229,5848810.0267],[32532254.4101,5848820.5239],[32532161.4469,5848815.0274],[32532068.4836,5848797.036],[32531979.7684,5848768.5486],[32531886.5555,5848771.5488],[32531793.5925,5848778.0476],[32531701.6291,5848787.5452],[32531610.4156,5848802.5406],[32531521.4507,5848785.0488],[32531430.4868,5848784.5504],[32531340.2728,5848797.5466],[32531254.0574,5848824.0373],[32531149.8497,5848879.5168],[32531054.1387,5848952.4892],[32530959.6774,5849026.961],[32530857.2189,5849087.4385],[32530731.0198,5849134.4217],[32530600.5721,5849172.4085],[32530468.3751,5849201.3989],[32530335.1783,5849221.3929],[32530229.9704,5849245.8848],[32530124.7625,5849270.8764],[32530019.5547,5849295.3682],[32529914.3468,5849318.3606],[32529814.1372,5849356.8468],[32529721.6747,5849412.8259],[32529636.2097,5849481.2999],[32529556.7423,5849555.7715],[32529479.2742,5849628.2438],[32529405.8045,5849704.7145],[32529336.0834,5849785.1835],[32529273.6094,5849871.1503],[32529190.1432,5849913.6346],[32529097.1804,5849931.6288],[32528998.9694,5849932.1301],[32528904.0069,5849918.137],[32528765.3117,5849896.1478],[32528627.366,5849866.1617],[32528491.6693,5849828.1788],[32528358.9714,5849785.1979],[32528247.0157,5849776.2031],[32528134.8103,5849775.2051],[32528022.8549,5849784.703],[32527913.6486,5849805.6962],[32527796.1958,5849848.1811],[32527687.7398,5849910.158],[32527585.2816,5849984.6299],[32527491.82,5850067.5983],[32527383.1145,5850159.0636],[32527278.4075,5850255.5268],[32527177.699,5850353.4894],[32527080.989,5850457.9493],[32526930.0509,5850592.8979],[32526780.1125,5850727.8465],[32526629.1745,5850862.7951],[32526478.2364,5850997.7437],[32526331.0472,5851149.6855],[32526199.8517,5851315.1217],[32526077.6529,5851488.0548],[32525962.4513,5851666.4856],[32525799.5178,5851789.4391],[32525633.5855,5851907.3947],[32525461.9053,5852016.8537],[32525284.2274,5852116.8166],[32525132.7885,5852180.7934],[32524976.3514,5852232.775],[32524820.9139,5852285.2564],[32524671.4743,5852352.232],[32524538.7781,5852425.205],[32524411.3299,5852506.6744],[32524288.63,5852593.6417],[32524171.9278,5852690.1051],[32524071.2192,5852788.0676],[32523979.5073,5852895.5263],[32523896.7918,5853009.982],[32523824.8222,5853131.4348],[32523775.0938,5853254.3867],[32523744.1081,5853384.3355],[32523729.116,5853517.283],[32523730.3675,5853651.2297],[32523709.6274,5853762.186],[32523689.8869,5853873.1422],[32523668.897,5853984.0984],[32523649.1565,5854095.0546],[32523610.4238,5854225.5034],[32523550.4495,5854350.4546],[32523477.7302,5854470.9078],[32523402.7617,5854588.3623],[32523315.7983,5854721.8105],[32523224.0867,5854853.2597],[32523128.1267,5854980.7104],[32523029.1679,5855106.162],[32522948.2021,5855243.6086],[32522874.2336,5855384.0539],[32522806.2628,5855528.4975],[32522744.2896,5855675.44],[32522670.3208,5855797.8925],[32522595.6023,5855918.3457],[32522516.6355,5856037.7994],[32522433.9201,5856154.2544],[32522334.9615,5856293.7004],[32522236.0029,5856433.1466],[32522135.045,5856571.0933],[32522034.0872,5856709.5398],[32521948.3728,5856813.9996],[32521857.6603,5856913.4615],[32521760.9502,5857008.9251],[32521661.2411,5857099.8904],[32521566.5304,5857208.3488],[32521471.5697,5857317.8067],[32521378.8582,5857428.2643],[32521288.1459,5857540.721],[32521201.1822,5857658.1756],[32521122.4653,5857779.6286],[32521047.497,5857905.0799],[32520977.7766,5858033.5299],[32520885.065,5858136.9902],[32520801.1,5858249.4468],[32520736.3775,5858369.8999],[32520706.3914,5858500.8483],[32520697.3969,5858633.7957],[32520691.6512,5858767.2427],[32520687.6548,5858900.19],[32520688.6564,5859034.1368],[32520689.1577,5859132.0978],[32520690.4087,5859231.5583],[32520691.6596,5859329.5194],[32520697.159,5859428.48],[32520612.1943,5859538.9374],[32520522.4816,5859645.3964],[32520423.7722,5859741.8596],[32520311.318,5859818.8307],[32520199.8631,5859876.3095],[32520087.4086,5859930.2898],[32519975.204,5859985.2696],[32519864.7487,5860042.7484],[32519748.2959,5860103.7259],[32519632.8427,5860166.2028],[32519518.389,5860228.1799],[32519403.9354,5860292.656],[32519329.4659,5860351.1339],[32519269.9906,5860426.6048],[32519226.2593,5860514.0707],[32519197.5221,5860607.0342],[32519150.0423,5860697.9987],[32519103.3122,5860788.4635],[32519057.8317,5860880.4276],[32519016.0996,5860973.8911],[32518970.3692,5861065.8553],[32518924.8886,5861157.3196],[32518879.1582,5861249.2837],[32518834.4273,5861340.7481],[32518803.1906,5861399.7251],[32518768.7052,5861457.7026],[32518731.2209,5861513.1811],[32518691.9873,5861568.1598],[32518560.5403,5861620.1411],[32518429.0933,5861673.122],[32518298.8958,5861726.1029],[32518168.4484,5861779.0838],[32518011.0119,5861843.0607],[32517855.3247,5861908.0372],[32517698.8878,5861974.0133],[32517543.4505,5862038.9897],[32517374.0186,5862091.4714],[32517198.8387,5862121.462],[32517020.6597,5862137.9581],[32516842.4806,5862146.4574],[32516732.2747,5862171.9489],[32516622.0689,5862197.9402],[32516513.8623,5862229.4292],[32516409.6543,5862268.4153],[32516287.2035,5862306.402],[32516166.0023,5862346.8877],[32516044.801,5862386.8736],[32515924.3495,5862428.8587],[32515815.1434,5862466.3454],[32515707.6868,5862511.3291],[32515612.2256,5862570.8069],[32515540.7553,5862653.2751],[32515505.2704,5862725.2471],[32515478.7821,5862800.7175],[32515457.2918,5862878.6868],[32515436.5513,5862957.6557],[32515398.5685,5863097.6007],[32515368.8325,5863239.5447],[32515345.8438,5863383.4879],[32515328.6029,5863528.4305],[32515324.6067,5863676.3718],[32515337.6039,5863826.312],[32515350.601,5863975.7524],[32515348.6041,5864125.6929],[32515318.6185,5864287.629],[32515267.3912,5864445.567],[32515201.4198,5864598.0074],[32515125.4522,5864746.4495],[32515040.7371,5864828.918],[32514961.0201,5864917.384],[32514889.55,5865010.8479],[32514829.8253,5865112.8083],[32514792.3414,5865192.2772],[32514765.6033,5865277.2439],[32514751.1104,5865365.2091],[32514749.3625,5865454.1738],[32514782.6008,5865557.6322],[32514815.0895,5865663.0898],[32514836.3327,5865769.0474],[32514834.585,5865875.0053],[32514811.3448,5865907.9925],[32514795.1018,5865945.9777],[32514781.8577,5865986.9616],[32514769.6132,5866026.9459],[32514730.1299,5866095.4193],[32514712.3882,5866174.3881],[32514705.8921,5866259.3545],[32514702.3947,5866343.3212],[32514737.1334,5866501.7577],[32514757.1279,5866665.1925],[32514764.1276,5866828.1276],[32514759.8818,5866992.5623],[32514750.6382,5867166.4934],[32514727.4001,5867344.423],[32514673.4241,5867506.8592],[32514575.465,5867639.3081],[32514450.7662,5867745.7676],[32514324.8179,5867852.7269],[32514200.1191,5867958.6866],[32514075.4203,5868066.1457],[32513942.7245,5868159.1107],[32513815.0268,5868260.0725],[32513692.3272,5868367.5316],[32513575.3754,5868480.4884],[32513525.6471,5868605.4394],[32513458.6756,5868723.8934],[32513375.9601,5868831.3519],[32513278.2503,5868921.8173],[32513145.8044,5869012.7831],[32513007.1108,5869094.7525],[32512863.6689,5869168.7252],[32512715.9787,5869233.7016],[32512555.5434,5869296.6789],[32512394.1085,5869355.158],[32512230.6743,5869409.1389],[32512065.4907,5869456.1226],[32511974.277,5869462.1215],[32511885.3126,5869474.6179],[32511796.0983,5869493.1118],[32511708.8833,5869515.1043],[32511615.6708,5869543.5943],[32511525.4573,5869579.0815],[32511436.2434,5869619.5668],[32511350.778,5869664.5501],[32511255.3169,5869722.0286],[32511163.8542,5869785.5047],[32511076.39,5869854.9784],[32510991.9247,5869927.4509],[32510858.2291,5870017.4171],[32510722.5343,5870103.3849],[32510580.092,5870175.3584],[32510429.6525,5870226.3404],[32510295.4562,5870252.3321],[32510161.2599,5870279.3233],[32510028.0632,5870307.3142],[32509894.8665,5870335.305],[32509790.9075,5870322.3117],[32509683.7003,5870335.8079],[32509583.4906,5870371.7951],[32509500.0247,5870432.2723],[32509394.3185,5870550.7268],[32509292.3608,5870672.18],[32509195.6512,5870797.6316],[32509100.6908,5870924.5825],[32509044.7151,5871056.5309],[32508981.7421,5871185.9804],[32508907.0236,5871307.4332],[32508816.3113,5871416.891],[32508744.8407,5871480.3668],[32508664.3734,5871531.8475],[32508576.159,5871570.3335],[32508483.9459,5871591.8264],[32508352.9979,5871591.8283],[32508222.7996,5871595.8286],[32508092.8513,5871602.8277],[32507962.6531,5871611.826],[32507839.7021,5871618.8251],[32507717.5008,5871631.8217],[32507597.2988,5871652.3153],[32507479.0962,5871682.3051],[32507348.6486,5871726.2895],[32507217.4514,5871770.274],[32507086.0042,5871812.2592],[32506955.8065,5871855.244],[32506825.3592,5871914.7223],[32506688.9141,5871960.706],[32506548.7202,5871993.6949],[32506407.5266,5872014.6886],[32506213.3538,5872025.1873],[32506019.4309,5872030.6879],[32505825.258,5872032.1901],[32505632.3345,5872031.6931],[32505420.4182,5872000.2087],[32505207.5024,5871983.7184],[32504993.3373,5871974.7251],[32504780.4217,5871971.2296],[32504517.5258,5871957.2389],[32504253.3809,5871969.238],[32503991.9852,5872008.2263],[32503737.3373,5872074.7035],[32503465.6966,5872172.6685],[32503203.8023,5872292.6246],[32502951.9044,5872435.0717],[32502714.501,5872598.5101],[32502514.5828,5872759.9488],[32502328.1594,5872937.8808],[32502157.7299,5873131.3064],[32502008.2923,5873340.7253],[32501882.8433,5873417.6965],[32501746.3983,5873477.6747],[32501603.2057,5873511.6632],[32501460.0125,5873512.6649],[32501286.3308,5873466.1858],[32501112.6491,5873424.7048],[32500936.7184,5873386.7224],[32500762.0372,5873353.2383],[32500614.0955,5873324.2519],[32500465.1543,5873304.262],[32500314.2141,5873293.7683],[32500165.2732,5873295.7697],[32500027.0784,5873314.7641],[32499890.883,5873348.7526],[32499754.4377,5873383.7407],[32499617.2425,5873403.7348],[32499457.306,5873406.736],[32499298.3691,5873399.2414],[32499139.4319,5873383.2501],[32498982.4939,5873359.262]],[[32514115.0365,5860350.2113],[32514067.0556,5860357.7091],[32514022.0737,5860375.2028],[32513981.8401,5860403.1922],[32513949.6035,5860437.679],[32513881.1314,5860486.6605],[32513812.9092,5860536.1419],[32513745.4367,5860585.6232],[32513679.9635,5860638.1033],[32513614.4905,5860705.5774],[32513561.0129,5860783.0474],[32513514.5326,5860867.0147],[32513473.8001,5860953.4809],[32513436.5657,5861012.458],[32513400.0811,5861072.4347],[32513365.5958,5861132.9112],[32513331.1104,5861193.8875],[32513290.6275,5861264.3601],[32513254.1431,5861336.332],[32513219.658,5861410.3031],[32513188.1716,5861484.774],[32513185.4241,5861574.7383],[32513238.9042,5861663.2023],[32513319.3735,5861745.1686],[32513400.8423,5861817.6386],[32513457.5705,5861868.1177],[32513518.2971,5861914.5983],[32513584.0217,5861955.0813],[32513653.7444,5861984.5685],[32513680.4848,5862048.0429],[32513684.9841,5862120.0143],[32513672.4902,5862194.9846],[32513650.9998,5862264.9572],[32513584.527,5862312.4393],[32513500.5606,5862331.9327],[32513408.3472,5862331.9341],[32513319.3824,5862324.4384],[32513248.4109,5862343.9317],[32513177.1895,5862363.425],[32513106.9677,5862384.9174],[32513038.7452,5862410.4083],[32512984.5176,5862464.8874],[32512967.7756,5862550.8535],[32512972.2753,5862649.3143],[32512984.5219,5862741.2776],[32513027.0059,5862802.7526],[32513092.7305,5862848.2335],[32513170.7,5862878.7203],[32513250.4186,5862896.2122],[32513354.6272,5862893.2118],[32513458.8355,5862872.7185],[32513560.0448,5862840.7297],[32513658.2552,5862799.2447],[32513789.2032,5862802.2416],[32513920.1514,5862815.2345],[32514050.1001,5862837.2239],[32514179.0494,5862868.2097],[32514287.0065,5862871.2069],[32514394.9637,5862871.7052],[32514502.9207,5862868.7048],[32514611.1276,5862859.207],[32514699.5917,5862810.2251],[32514762.0655,5862718.2608],[32514802.7976,5862605.8048],[32514830.7848,5862493.8489],[32514838.5296,5862355.9036],[32514827.5318,5862216.4592],[32514799.5409,5862079.514],[32514760.3044,5861946.0676],[32514704.3248,5861824.6167],[32514634.1009,5861710.663],[32514551.632,5861605.2061],[32514459.4172,5861510.2452],[32514420.931,5861414.2839],[32514389.6919,5861316.8231],[32514368.1989,5861216.3633],[32514361.9499,5861115.4036],[32514359.4496,5861031.437],[32514361.1976,5860948.4699],[32514370.6926,5860865.5028],[32514390.1837,5860785.5343],[32514383.6851,5860704.0667],[32514374.4375,5860624.0986],[32514360.9417,5860545.1302],[32514342.4479,5860466.6617],[32514305.7117,5860414.6829],[32514248.9837,5860379.1978],[32514182.01,5860358.707],[32514115.0365,5860350.2113]],[[32513241.4742,5866277.3687],[32513142.2637,5866278.8695],[32513043.3031,5866282.8694],[32512945.3421,5866289.3682],[32512847.1313,5866298.3661],[32512784.1564,5866306.3638],[32512721.9313,5866317.8601],[32512661.9554,5866335.3541],[32512604.7285,5866359.8452],[32512540.5047,5866401.3296],[32512487.0268,5866456.8083],[32512440.5462,5866519.784],[32512399.0637,5866586.2582],[32512367.5773,5866651.2328],[32512343.0881,5866721.2054],[32512327.5953,5866792.1774],[32512320.0994,5866865.1485],[32512293.6114,5866957.1123],[32512266.8734,5867048.5764],[32512240.3854,5867140.5402],[32512214.647,5867232.5041],[32512197.6557,5867357.4546],[32512210.9024,5867486.903],[32512240.1428,5867614.8517],[32512273.1316,5867742.3006],[32512303.6205,5867805.775],[32512350.3528,5867861.752],[32512409.0801,5867903.2347],[32512475.0542,5867921.7264],[32512546.026,5867926.2236],[32512617.9973,5867919.2253],[32512688.2191,5867901.7312],[32512754.4424,5867873.7414],[32512833.9098,5867810.7653],[32512901.3818,5867733.7949],[32512960.1072,5867647.3284],[32513012.5849,5867558.8628],[32513088.0539,5867491.3885],[32513166.5217,5867425.9134],[32513247.9884,5867364.4366],[32513332.454,5867307.9578],[32513420.6683,5867268.4722],[32513516.8797,5867245.48],[32513615.8402,5867234.9827],[32513715.0508,5867235.4811],[32513786.2719,5867198.9945],[32513854.4942,5867156.5104],[32513916.9686,5867106.0296],[32513971.446,5867048.5516],[32514017.9261,5866953.5887],[32514042.6647,5866849.1298],[32514050.4099,5866737.674],[32514051.1579,5866629.7169],[32514008.9233,5866538.2538],[32513931.2031,5866466.7834],[32513835.7402,5866410.807],[32513735.7793,5866371.3241],[32513615.0766,5866331.3418],[32513492.3749,5866303.3547],[32513366.4247,5866284.3641],[32513241.4742,5866277.3687]]],"crs":{"type":"EPSG","properties":{"code":4647}}},"properties":{"fl_nr":2040,"NRKART":8,"NRKARTTXT":"8","KLARTEXT":"Gley-Auenboeden aus Auelehmen, juengere Auelehme kalkhaltig; in tieferen Bereichen Gleye aus Auelehmen; in Altarmen und Senkenbereichen Niedermoore aus Schilf-Seggentorfen; bei Hochwasser ueberflutet","BULAND":null}}]}