{"type": "FeatureCollection","features":[{"type":"Feature","geometry":{"type":"MultiPolygon","coordinates":[[[[32553132.0946,5761171.4295],[32553134.2646,5761179.988],[32553127.4456,5761171.3816],[32553132.0946,5761171.4295]]],[[[32548112.5029,5769735.5103],[32548133.821,5769739.5052],[32548154.4,5769747.4984],[32548171.7333,5769759.4906],[32548181.8726,5769771.1506],[32548186.0732,5769775.9812],[32548195.6681,5769797.9702],[32548198.7685,5769826.9573],[32548194.1084,5769858.9443],[32548183.921,5769886.9338],[32548170.4561,5769908.9265],[32548157.2114,5769921.4232],[32548142.6976,5769928.9222],[32548125.4218,5769934.9225],[32548107.3877,5769938.9236],[32548089.8436,5769939.426],[32548077.6196,5769936.0034],[32548073.7876,5769934.9305],[32548059.9778,5769927.4359],[32548046.6597,5769916.9425],[32548033.2458,5769876.462],[32548089.1875,5769734.0145],[32548112.5029,5769735.5103]]],[[[32568197.0391,5774159.57],[32568193.9866,5774141.5782],[32568197.7837,5774113.3972],[32568206.9191,5774090.5479],[32568219.1065,5774075.3152],[32568240.4376,5774057.7979],[32568266.3412,5774044.089],[32568304.4355,5774033.4272],[32568349.3991,5774024.0851],[32568394.2418,5774020.6405],[32568394.3314,5774020.6405],[32568392.1685,5774177.7362],[32568364.6826,5774186.4686],[32568335.7397,5774191.8543],[32568303.7288,5774194.902],[32568274.0113,5774195.6634],[32568244.2913,5774190.3308],[32568218.3827,5774180.4257],[32568197.0391,5774159.57]]],[[[32552919.1801,5761199.1533],[32552940.8498,5761207.1333],[32552970.0483,5761221.9498],[32553000.9746,5761234.1351],[32553034.5707,5761236.2408],[32553062.1588,5761240.2739],[32553083.9875,5761247.8754],[32553095.0374,5761257.3988],[32553098.3215,5761267.4064],[32553097.851,5761278.4063],[32553093.6533,5761299.3911],[32553087.6561,5761305.3906],[32553077.3899,5761308.899],[32553049.8346,5761311.9075],[32553040.5719,5761314.4036],[32553032.5684,5761319.4011],[32553022.323,5761329.4012],[32553015.0887,5761341.4055],[32553014.8958,5761363.4048],[32553010.4136,5761373.3981],[32553002.1625,5761379.8999],[32552993.8936,5761379.9076],[32552968.3096,5761366.8787],[32552912.5543,5761333.1213],[32552879.3924,5761310.0502],[32552850.993,5761287.1838],[32552807.7401,5761244.2049],[32552806.5026,5761218.9099],[32552808.6927,5761212.5792],[32552815.5069,5761205.2772],[32552824.7549,5761200.6557],[32552842.2775,5761195.5497],[32552859.07,5761194.0889],[32552886.8147,5761193.5904],[32552919.1801,5761199.1533]]],[[[32566193.9895,5766528.297],[32566232.3531,5766532.7865],[32566285.2831,5766546.2708],[32566351.4812,5766554.7526],[32566250.9217,5766616.7663],[32566211.3874,5766637.7692],[32566176.8369,5766649.7713],[32566139.0167,5766658.273],[32566071.1206,5766667.2728],[32566039.4216,5766665.2829],[32566039.2994,5766665.2752],[32566004.9721,5766657.2825],[32565966.1239,5766644.2932],[32565978.014,5766623.2975],[32565990.9639,5766605.3046],[32566006.7027,5766589.3118],[32566024.9531,5766574.8166],[32566047.7134,5766559.8193],[32566075.7407,5766545.8191],[32566110.2911,5766533.8154],[32566151.3779,5766527.8074],[32566193.9895,5766528.297]]],[[[32567013.4007,5764850.6814],[32567005.7133,5764875.6681],[32566992.5178,5764902.6528],[32566972.5476,5764927.6371],[32566947.5489,5764948.1226],[32566919.7758,5764963.61],[32566892.2333,5764973.1003],[32566861.9168,5764977.5925],[32566826.069,5764977.0858],[32566786.9383,5764969.0815],[32566747.2791,5764952.5807],[32566711.8532,5764927.0841],[32566689.3141,5764903.8536],[32566684.692,5764899.0898],[32566660.7789,5764867.5977],[32566707.1483,5764865.6077],[32566747.7685,5764869.1145],[32566767.0637,5764867.1194],[32566795.3623,5764859.9228],[32566816.1538,5764854.6353],[32566866.256,5764845.6504],[32566913.8287,5764830.1682],[32566932.1125,5764826.1743],[32566947.6475,5764824.6785],[32566983.1537,5764824.6865],[32567017.8262,5764824.6944],[32567013.4007,5764850.6814]]],[[[32549298.9535,5768436.8528],[32549329.5681,5768447.842],[32549352.6791,5768463.8307],[32549365.0297,5768485.3192],[32549369.1167,5768509.3081],[32549369.4391,5768531.7985],[32549365.9937,5768551.7907],[32549358.7728,5768566.7857],[32549343.8117,5768591.2783],[32549332.3265,5768605.2746],[32549312.3285,5768622.2713],[32549283.8039,5768640.9409],[32549271.8027,5768647.2686],[32549256.0259,5768651.7698],[32549239.4861,5768652.7726],[32549223.6903,5768651.2764],[32549210.1359,5768645.2816],[32549197.0621,5768632.7894],[32549182.9602,5768612.3009],[32549172.8384,5768582.3156],[32549170.2235,5768548.3305],[32549172.8738,5768514.8442],[32549178.302,5768487.8545],[32549188.2578,5768465.862],[32549206.2457,5768447.3664],[32549231.7724,5768434.8667],[32549243.098,5768433.6481],[32549264.346,5768431.3619],[32549298.9535,5768436.8528]]],[[[32550239.0221,5767454.0779],[32550271.4041,5767469.0645],[32550297.8087,5767496.047],[32550312.4501,5767528.5297],[32550315.5648,5767562.0145],[32550307.1366,5767591.5035],[32550290.4258,5767617.496],[32550269.1969,5767641.4903],[32550244.692,5767659.9877],[32550217.901,5767668.9897],[32550187.0707,5767668.9964],[32550153.9591,5767661.007],[32550126.0682,5767639.5224],[32550110.3955,5767598.0435],[32550111.2435,5767549.5642],[32550123.1488,5767510.0787],[32550141.1049,5767481.5871],[32550159.8512,5767465.0902],[32550180.8757,5767455.5897],[32550208.1824,5767451.0859],[32550239.0221,5767454.0779]]],[[[32558065.4686,5779062.2392],[32558117.117,5779066.7363],[32558166.5192,5779074.2322],[32558207.4247,5779089.725],[32558233.7749,5779117.8484],[32558243.711,5779150.2],[32558242.2962,5779178.1887],[32558232.3417,5779200.6799],[32558216.0987,5779216.1741],[32558194.3238,5779226.1706],[32558168.0229,5779231.6689],[32558142.4656,5779233.6687],[32558122.4093,5779231.67],[32558106.8558,5779227.1721],[32558090.0392,5779219.6754],[32558009.4416,5779175.1951],[32557985.3171,5779155.7034],[32557970.9587,5779133.7126],[32557969.3702,5779108.2228],[32557978.0656,5779085.2319],[32557995.0594,5779069.7377],[32558023.1914,5779061.7413],[32558065.4686,5779062.2392]]],[[[32564513.1423,5761305.606],[32564514.4188,5761310.27],[32564515.5887,5761320.5331],[32564513.3531,5761339.6134],[32564507.8173,5761354.3728],[32564494.4391,5761370.9744],[32564484.7516,5761378.3525],[32564469.9904,5761384.3477],[32564438.1613,5761391.7333],[32564404.3398,5761392.6835],[32564363.3987,5761393.8338],[32564278.6812,5761393.4137],[32564221.5201,5761388.4488],[32564075.5742,5761364.4722],[32563986.7854,5761344.2815],[32564008.9155,5761304.4828],[32564012.7257,5761299.3033],[32564513.1423,5761305.606]]],[[[32555336.1147,5768432.0329],[32555362.4668,5768442.0289],[32555383.5625,5768454.5239],[32555399.1604,5768472.5167],[32555409.8203,5768498.0271],[32555414.6277,5768528.994],[32555411.4624,5768558.9821],[32555404.2754,5768585.4715],[32555395.8225,5768607.9625],[32555384.1,5768626.9549],[32555367.6084,5768643.9482],[32555349.8541,5768657.9426],[32555333.8404,5768667.4389],[32555315.0569,5768672.9367],[32555289.2434,5768674.9359],[32555259.4019,5768671.4374],[32555233.3003,5768661.4414],[32555213.9512,5768646.4475],[32555203.8649,5768627.455],[32555200.7865,5768604.964],[32555200.2041,5768578.9745],[32555202.3729,5768550.9856],[32555207.0924,5768526.4563],[32555217.2359,5768494.0084],[32555230.95,5768470.5177],[32555250.1915,5768451.0255],[32555276.2136,5768435.5316],[32555306.5254,5768429.0342],[32555336.1147,5768432.0329]]],[[[32568197.0391,5774159.57],[32568272.0898,5774307.2139],[32568283.4198,5774329.5028],[32568291.2604,5774348.4954],[32568295.5869,5774366.4883],[32568295.1421,5774382.4816],[32568289.1673,5774394.4762],[32568279.4192,5774402.9721],[32568267.6496,5774406.9696],[32568255.3625,5774406.469],[32568240.531,5774395.4724],[32568221.6427,5774371.9808],[32568202.2444,5774340.992],[32568165.0696,5774265.0264],[32568106.2377,5774155.0693],[32568043.0847,5774074.6046],[32568024.762,5774057.6103],[32568020.0213,5774054.8823],[32568000.4389,5774043.6138],[32567967.1024,5774033.6143],[32567921.4732,5774027.612],[32567870.7152,5774031.5012],[32567904.324,5773984.4472],[32567947.4769,5773937.3699],[32568024.0484,5773906.7402],[32568016.6664,5773932.1586],[32568018.2314,5773951.651],[32568027.3074,5773969.1451],[32568066.235,5774011.1322],[32568090.5838,5774033.1247],[32568108.6543,5774046.107],[32568114.9335,5774050.6182],[32568140.8243,5774075.6074],[32568167.5258,5774112.0908],[32568197.0391,5774159.57]]],[[[32547282.5011,5765214.4673],[32547310.837,5765218.4653],[32547341.4222,5765225.9619],[32547371.4978,5765236.9572],[32547398.5753,5765251.9511],[32547420.3706,5765268.4443],[32547435.9673,5765284.9377],[32547444.9579,5765303.4305],[32547447.0371,5765325.9218],[32547444.3536,5765348.4131],[32547438.6456,5765365.9064],[32547429.1627,5765378.9015],[32547415.158,5765388.8978],[32547396.6362,5765397.3949],[32547355.5705,5765410.8902],[32547298.4196,5765393.8977],[32547264.4163,5765385.7367],[32547213.043,5765373.4069],[32547180.209,5765363.911],[32547156.8739,5765353.4155],[32547141.5323,5765338.4215],[32547133.7464,5765326.253],[32547115.7967,5765291.9398],[32547121.2318,5765266.9494],[32547130.4444,5765247.4567],[32547146.4379,5765232.4623],[32547173.9784,5765223.4654],[32547211.0557,5765217.4671],[32547249.9056,5765213.9679],[32547282.5011,5765214.4673]]],[[[32553915.793,5766693.9436],[32553972.2063,5766700.2162],[32554047.9281,5766706.5528],[32554141.2339,5766714.3608],[32554144.7956,5766811.3052],[32554072.9361,5766840.3119],[32554049.1433,5766847.8155],[32554027.3497,5766853.3194],[32554005.2977,5766856.3248],[32553984.9474,5766856.737],[32553946.8773,5766853.8449],[32553865.8613,5766840.878],[32553831.9904,5766832.3935],[32553806.1389,5766822.9069],[32553786.5438,5766809.9203],[32553774.1987,5766790.4349],[32553770.8538,5766762.9511],[32553784.052,5766734.4626],[32553813.8196,5766713.4648],[32553847.6322,5766700.9756],[32553850.3795,5766699.9608],[32553883.4514,5766693.4539],[32553915.793,5766693.9436]]],[[[32553917.6276,5762202.061],[32553899.2106,5762220.4785],[32553871.5849,5762215.8745],[32553834.7506,5762215.875],[32553784.1026,5762183.6458],[32553710.4332,5762128.395],[32553613.7401,5761944.2244],[32553567.6958,5761842.9304],[32553553.8823,5761806.0962],[32553544.673,5761773.8664],[32553544.6727,5761750.8448],[32553563.0898,5761746.2403],[32553581.5072,5761746.24],[32553595.3203,5761760.0527],[32553613.7381,5761801.491],[32553645.9688,5761847.5336],[32553687.4088,5761935.0148],[32553747.2658,5762013.2871],[32553825.8393,5762052.5723],[32553866.0386,5762100.7147],[32553896.1036,5762126.9872],[32553947.6534,5762172.0344],[32553917.6276,5762202.061]]],[[[32560053.941,5782449.5333],[32560060.8599,5782459.34],[32560080.7354,5782480.8312],[32560102.8982,5782511.8185],[32560122.8226,5782548.3038],[32560136.4841,5782586.2886],[32560138.8698,5782625.7733],[32560131.9765,5782664.2585],[32560118.072,5782705.243],[32560092.8173,5782724.736],[32560072.3073,5782737.0285],[32560067.7985,5782739.7308],[32560040.7597,5782750.2275],[32560010.9552,5782758.2252],[32559976.4042,5782771.221],[32559939.3708,5782791.714],[32559902.8744,5782823.2027],[32559860.1826,5782876.683],[32559811.2768,5782946.6571],[32559759.0986,5783027.4942],[32559759.0979,5782985.7963],[32559759.0975,5782957.9587],[32559751.143,5782906.2603],[32559710.3007,5782840.9147],[32559742.7741,5782848.6968],[32559773.3619,5782850.1954],[32559798.9197,5782846.6961],[32559821.4466,5782836.1996],[32559843.1952,5782817.7063],[32559859.157,5782792.7156],[32559864.328,5782764.2265],[32559860.7169,5782733.2386],[32559850.3293,5782700.4201],[32559944.2165,5782661.2991],[32559998.7305,5782611.3261],[32560030.5301,5782556.8108],[32560037.9416,5782519.7501],[32560053.941,5782449.5333]]],[[[32568370.9949,5775715.5888],[32568370.9218,5775715.5341],[32568345.7619,5775700.8625],[32568302.7628,5775679.7845],[32568263.9794,5775654.491],[32568226.8822,5775626.668],[32568204.9611,5775612.335],[32568183.04,5775598.002],[32568161.1189,5775584.5121],[32568139.1979,5775573.5516],[32568095.3557,5775535.6113],[32568065.8466,5775495.1416],[32568054.886,5775471.5343],[32568046.4548,5775448.7701],[32568038.8668,5775411.6729],[32568030.4356,5775390.5949],[32568024.5338,5775370.3601],[32568015.2594,5775329.8904],[32568011.887,5775309.6555],[32568011.3063,5775286.7615],[32568023.5917,5775290.0758],[32568042.6749,5775300.0713],[32568077.3495,5775325.5592],[32568096.1857,5775336.5538],[32568115.7597,5775343.0506],[32568136.3269,5775346.5488],[32568158.4061,5775352.5455],[32568182.5068,5775363.5396],[32568209.8934,5775383.0288],[32568237.0564,5775411.0131],[32568259.7281,5775445.4936],[32568267.7355,5775462.0017],[32568315.7752,5775561.0407],[32568371.7284,5775656.9111],[32568371.8014,5775657.014],[32568370.9949,5775715.5888]]],[[[32553439.5697,5765402.3],[32553449.5267,5765414.7843],[32553466.3683,5765429.2721],[32553484.454,5765440.7612],[32553504.5375,5765449.751],[32553575.0494,5765471.2211],[32553599.6347,5765476.7117],[32553657.2976,5765477.6962],[32553710.3152,5765483.1393],[32553778.6728,5765490.1573],[32553806.5139,5765494.6474],[32553833.8613,5765501.6362],[32553872.7812,5765521.6145],[32553890.8514,5765528.106],[32553908.1633,5765532.5988],[32553941.5212,5765537.587],[32554009.5611,5765554.3588],[32554054.9221,5765565.5402],[32554109.004,5765581.023],[32554186.4116,5765605.9808],[32554190.6952,5765612.9755],[32554183.2009,5765621.4727],[32554152.1663,5765637.9718],[32554128.6276,5765646.4734],[32554061.5007,5765665.4811],[32553869.5838,5765622.0586],[32553789.2978,5765598.6505],[32553742.8678,5765585.1135],[32553680.465,5765568.2421],[32553624.6909,5765553.1628],[32553588.0645,5765545.1768],[32553553.4514,5765539.6889],[32553496.0375,5765538.2046],[32553476.4878,5765539.7089],[32553459.7083,5765545.2103],[32553444.5895,5765555.1364],[32553444.5885,5765487.5976],[32553439.5697,5765402.3]]],[[[32567842.8956,5774548.3879],[32567860.5261,5774566.3792],[32567870.3969,5774591.3636],[32567871.708,5774617.8516],[32567862.3416,5774648.838],[32567844.6674,5774684.3222],[32567821.2313,5774721.3052],[32567794.5196,5774753.7897],[32567748.0382,5774796.7679],[32567713.5028,5774823.7786],[32567656.0291,5774868.7297],[32567618.0174,5774896.2146],[32567583.4944,5774917.7021],[32567556.2011,5774927.6949],[32567534.8343,5774927.6912],[32567515.374,5774923.1996],[32567498.9811,5774914.1988],[32567486.6448,5774901.2109],[32567481.8097,5774885.2212],[32567486.2453,5774867.228],[32567510.6376,5774820.7436],[32567528.849,5774794.7547],[32567551.3361,5774772.7657],[32567572.8387,5774755.7748],[32567602.8529,5774735.2867],[32567619.6,5774720.7943],[32567636.0794,5774701.3032],[32567649.2767,5774676.3135],[32567660.4558,5774649.8247],[32567674.1534,5774626.3357],[32567692.6227,5774603.8467],[32567718.6228,5774581.858],[32567746.6432,5774562.868],[32567770.9289,5774550.8749],[32567794.2306,5774544.3799],[32567819.0445,5774541.8845],[32567842.8956,5774548.3879]]],[[[32556243.9074,5778508.9928],[32556243.5748,5778484.0028],[32556251.9976,5778454.0148],[32556263.3326,5778441.1499],[32556276.2179,5778426.5255],[32556301.141,5778413.272],[32556310.9939,5778408.0325],[32556344.2938,5778398.0362],[32556373.6035,5778394.0375],[32556396.6574,5778393.0376],[32556391.2845,5778359.5512],[32556392.6833,5778327.5639],[32556404.1021,5778294.0773],[32556423.064,5778268.0875],[32556441.8081,5778252.0937],[32556461.3236,5778242.0974],[32556541.4658,5778225.1034],[32556571.7823,5778222.6039],[32556602.3952,5778234.0989],[32556626.7496,5778247.5932],[32556644.8488,5778264.0863],[32556632.4585,5778307.0692],[32556618.0437,5778344.0545],[32556608.3253,5778361.0479],[32556590.8461,5778380.5403],[32556560.1055,5778406.5303],[32556522.8324,5778427.5224],[32556491.0284,5778435.0197],[32556468.9755,5778435.5198],[32556460.9508,5778434.0205],[32556469.521,5778449.0144],[32556470.207,5778453.8264],[32556472.0862,5778467.0071],[32556470.9021,5778487.9987],[32556464.4418,5778504.992],[32556454.2304,5778524.4843],[32556440.5086,5778543.4767],[32556422.5164,5778559.4706],[32556399.995,5778569.9666],[32556375.6995,5778574.4652],[32556341.8704,5778575.9649],[32556317.8136,5778565.8382],[32556311.0011,5778562.9705],[32556279.6108,5778543.9784],[32556245.6946,5778518.9888],[32556243.9074,5778508.9928]]],[[[32555201.1412,5765187.4568],[32555210.0183,5765220.434],[32555224.4105,5765253.4097],[32555243.7895,5765277.8894],[32555262.9963,5765291.4238],[32555285.219,5765299.365],[32555284.0392,5765322.8507],[32555277.8395,5765344.339],[32555264.3701,5765365.8293],[32555246.3681,5765380.8248],[32555227.5937,5765389.3246],[32555195.0647,5765395.8894],[32555155.6936,5765403.835],[32555124.1405,5765414.337],[32555094.3469,5765426.3377],[32555071.3184,5765437.3372],[32555053.3037,5765448.3354],[32555016.2854,5765474.8293],[32554995.0084,5765484.829],[32554972.6031,5765492.0018],[32554867.5378,5765525.8392],[32554829.4663,5765536.3434],[32554767.5856,5765548.853],[32554722.2283,5765554.3623],[32554667.0799,5765555.3771],[32554619.1107,5765553.0586],[32554595.1212,5765551.8991],[32554663.6914,5765513.9028],[32554719.2392,5765478.0382],[32554753.5073,5765455.9129],[32554780.5409,5765442.9134],[32554811.8407,5765431.4117],[32554874.2038,5765412.9059],[32554931.5483,5765392.9025],[32555022.4576,5765364.3953],[32555051.0119,5765356.8921],[32555076.0522,5765347.8909],[32555098.576,5765335.8923],[32555115.0788,5765322.3961],[32555127.3153,5765307.4021],[32555135.0332,5765290.4105],[32555139.2306,5765269.9221],[32555141.5245,5765201.9635],[32555141.1314,5765156.4918],[32555195.2644,5765151.9804],[32555201.1412,5765187.4568]]],[[[32546529.9283,5761124.8174],[32546519.0817,5761141.6204],[32546509.0353,5761136.1918],[32546478.7231,5761129.5503],[32546296.8385,5761101.7151],[32546294.8346,5761129.5127],[32546295.7265,5761157.958],[32546297.9765,5761170.4502],[32546305.2898,5761184.364],[32546320.4246,5761205.3172],[32546331.2226,5761220.2664],[32546336.0193,5761230.7445],[32546340.1134,5761256.2473],[32546337.1514,5761270.263],[32546332.6788,5761282.276],[32546325.942,5761291.7829],[32546317.9439,5761298.7847],[32546309.1887,5761304.2838],[32546307.6282,5761304.7719],[32546296.418,5761308.2784],[32546277.3736,5761310.2809],[32546257.8173,5761309.3213],[32546247.6721,5761305.5548],[32546244.515,5761304.3827],[32546227.4301,5761291.9612],[32546219.3834,5761283.9721],[32546188.6373,5761233.6077],[32546173.2875,5761215.1002],[32546152.174,5761197.6042],[32546136.1303,5761187.4398],[32546112.2419,5761175.0921],[32546097.4383,5761171.0852],[32546081.3875,5761169.0764],[32546065.3478,5761170.5668],[32546049.0746,5761177.5568],[32546035.8239,5761189.0499],[32546027.0893,5761201.5473],[32546020.6177,5761216.0484],[32545999.7867,5761209.0299],[32545981.4727,5761205.0153],[32545964.1712,5761204.0037],[32545951.3921,5761205.9972],[32545939.9822,5761209.9277],[32545916.5833,5761217.9881],[32545899.5489,5761221.9866],[32545864.705,5761222.4877],[32545849.1518,5761218.9894],[32545807.6727,5761200.6309],[32545770.9278,5761177.0042],[32545743.4547,5761154.7277],[32545718.8269,5761131.1258],[32545688.3031,5761094.7486],[32546536.5118,5761103.4865],[32546529.9283,5761124.8174]]],[[[32547247.7278,5766387.9841],[32547278.0786,5766393.9833],[32547308.2036,5766407.4833],[32547327.5725,5766427.9831],[32547340.1799,5766450.4831],[32547369.8945,5766524.985],[32547378.5875,5766555.4836],[32547381.6766,5766579.4757],[32547378.486,5766601.4454],[32547371.5417,5766625.4219],[32547361.3309,5766646.9133],[32547348.8422,5766660.9092],[32547334.5785,5766667.9074],[32547318.8031,5766672.4128],[32547281.4689,5766675.4438],[32547260.3943,5766673.4403],[32547228.6525,5766664.4837],[32547221.6368,5766661.9328],[32547191.1458,5766638.4276],[32547169.2998,5766626.9239],[32547147.2112,5766617.9206],[32547125.3849,5766612.4178],[32547098.5549,5766609.9148],[32547035.2911,5766608.9115],[32547003.7965,5766608.412],[32546960.4076,5766601.418],[32546938.5665,5766591.4252],[32546927.4894,5766576.9338],[32546922.6661,5766558.4438],[32546934.6457,5766542.4498],[32546949.4158,5766530.1763],[32546977.1596,5766511.9577],[32546997.8498,5766502.3872],[32547020.6071,5766494.0855],[32547122.368,5766456.9637],[32547143.8895,5766445.9665],[32547172.7839,5766420.0221],[32547192.8767,5766401.9807],[32547210.1386,5766391.4838],[32547226.6681,5766386.9848],[32547247.7278,5766387.9841]]],[[[32553147.5843,5763522.6264],[32553161.915,5763537.1219],[32553181.0014,5763549.6182],[32553203.8397,5763559.6157],[32553230.6835,5763568.1137],[32553216.1696,5763575.611],[32553204.92,5763585.1078],[32553197.4436,5763599.1031],[32553200.2539,5763616.5977],[32553211.5828,5763633.0928],[32553229.6834,5763651.0873],[32553274.161,5763688.5749],[32553278.4556,5763699.571],[32553276.5012,5763716.0654],[32553269.7984,5763737.0583],[32553185.1505,5763841.0246],[32553128.1312,5763913.3841],[32553093.7721,5763956.9871],[32553054.5816,5764009.3046],[32553017.3894,5764058.9544],[32552971.9106,5764103.9405],[32552958.1792,5764121.435],[32552950.7156,5764139.4289],[32552933.1142,5764201.9072],[32552923.3965,5764220.401],[32552909.6699,5764239.3948],[32552892.1865,5764259.3885],[32552896.7987,5764211.4059],[32552897.261,5764117.9378],[32552881.3847,5764089.9467],[32552859.7458,5764062.4545],[32552831.8371,5764033.4616],[32552896.7103,5763937.4913],[32552912.6581,5763907.0007],[32552942.2662,5763835.5224],[32552957.1749,5763793.0354],[32552973.8564,5763756.5469],[32552979.0694,5763740.052],[32552981.9961,5763713.5602],[32552986.4857,5763624.5894],[32552996.8071,5763613.0969],[32553017.4591,5763590.1017],[32553124.1752,5763490.1375],[32553147.5843,5763522.6264]]],[[[32566365.5578,5775642.7685],[32566337.7941,5775642.7631],[32566312.3763,5775640.2904],[32566312.0424,5775640.2579],[32566287.2865,5775633.7532],[32566269.5004,5775621.252],[32566260.1739,5775602.7554],[32566258.3557,5775580.2617],[32566262.7963,5775554.2705],[32566277.2492,5775524.2834],[32566301.7112,5775489.8008],[32566359.6562,5775422.3378],[32566391.3903,5775391.3561],[32566429.6331,5775358.8768],[32566469.8883,5775329.8968],[32566540.4276,5775290.4285],[32566576.4432,5775267.945],[32566652.9594,5775212.9818],[32566685.2046,5775185.4984],[32566706.1827,5775161.0113],[32566737.8781,5775116.0329],[32566756.8579,5775093.5444],[32566778.8469,5775072.0564],[32566804.843,5775050.0696],[32566837.0987,5775026.5847],[32566873.1163,5775004.1001],[32566908.8947,5774985.1143],[32566943.4393,5774971.626],[32566974.9822,5774962.6355],[32567003.5105,5774960.1424],[32567029.2765,5774962.6467],[32567043.0036,5774966.5246],[32567052.291,5774969.1483],[32567072.0667,5774979.6467],[32567089.8724,5774996.6405],[32567105.2339,5775022.1282],[32567112.6819,5775041.0469],[32567116.6767,5775060.4834],[32567115.8394,5775087.6948],[32567107.2197,5775119.7662],[32567080.0765,5775158.6405],[32567049.9361,5775184.8799],[32567035.3413,5775195.5698],[32566997.5386,5775215.5189],[32566972.6472,5775224.518],[32566923.2439,5775238.0102],[32566802.4567,5775262.9938],[32566701.655,5775288.9688],[32566697.8291,5775290.4055],[32566664.4076,5775302.9559],[32566630.4118,5775320.942],[32566601.6673,5775340.9286],[32566580.425,5775360.4171],[32566564.6883,5775384.9053],[32566564.3227,5775385.77],[32566550.9534,5775417.3914],[32566540.7206,5775453.3764],[32566531.3003,5775516.8477],[32566523.8351,5775536.3374],[32566514.1014,5775549.8298],[32566502.3498,5775558.8243],[32566484.3359,5775568.318],[32566430.8012,5775593.3001],[32566365.5578,5775642.7685]]],[[[32552231.7054,5766038.2633],[32552158.0774,5766058.2712],[32552131.7685,5766061.2761],[32552101.1905,5766061.7832],[32552047.5367,5766057.2981],[32552027.4622,5766050.3062],[32552006.6168,5766037.3174],[32551971.2093,5766009.5665],[32551946.0583,5765989.8542],[32551892.0747,5765954.5491],[32551837.825,5765926.409],[32551773.0405,5765889.9406],[32551765.4097,5765884.4909],[32551760.642,5765881.086],[32551734.6032,5765862.49],[32551665.5925,5765836.246],[32551604.9196,5765825.3773],[32551574.4292,5765821.8821],[32551549.0289,5765820.4204],[32551522.8197,5765818.9122],[32551446.8373,5765824.7623],[32551412.4021,5765827.4136],[32551390.4288,5765831.9058],[32551350.6992,5765840.0282],[32551317.0155,5765846.9145],[32551296.9667,5765848.9154],[32551273.6514,5765848.4171],[32551251.8199,5765841.4205],[32551238.4063,5765830.2341],[32551236.2369,5765828.4249],[32551223.6487,5765810.9299],[32551208.1863,5765755.4428],[32551207.5001,5765749.0897],[32551205.8644,5765733.9472],[32551209.7508,5765693.4554],[32551214.1983,5765672.4597],[32551220.9108,5765654.4637],[32551234.9054,5765640.9678],[32551280.2117,5765621.4766],[32551300.48,5765610.4809],[32551332.4978,5765589.4882],[32551362.28,5765574.994],[32551379.316,5765572.4959],[32551398.6219,5765574.4969],[32551420.6944,5765579.4969],[32551476.2252,5765622.485],[32551494.8297,5765639.4784],[32551529.5676,5765682.9586],[32551538.9188,5765701.9503],[32551560.2397,5765733.9402],[32551573.5936,5765746.4359],[32551599.8517,5765765.908],[32551642.6557,5765779.5651],[32551706.4273,5765799.9122],[32551746.7243,5765812.7694],[32551775.8397,5765824.4839],[32551805.9753,5765842.4558],[32551871.2882,5765887.4201],[32551897.6242,5765892.9116],[32551926.4587,5765895.9036],[32551962.0496,5765895.3958],[32552001.3845,5765889.8896],[32552040.456,5765880.3852],[32552075.7629,5765869.3824],[32552103.3011,5765858.8811],[32552129.5751,5765844.8819],[32552159.3406,5765825.3846],[32552187.0928,5765803.3889],[32552207.0765,5765781.8948],[32552243.7361,5765723.4152],[32552261.6795,5765690.927],[32552272.8792,5765665.9368],[32552307.4046,5765566.9778],[32552316.8274,5765534.9914],[32552321.7577,5765509.0032],[32552323.9419,5765486.5138],[32552323.8766,5765466.0239],[32552322.0647,5765448.0333],[32552316.996,5765430.543],[32552307.4186,5765414.0532],[32552294.3386,5765399.5632],[32552278.7584,5765387.0727],[32552193.4252,5765352.3851],[32552163.8307,5765345.8049],[32552130.824,5765342.5003],[32552096.1096,5765339.0247],[32552046.3924,5765323.062],[32552002.7911,5765309.063],[32551931.6418,5765289.5751],[32551973.4888,5765283.5729],[32552012.9754,5765280.0717],[32552054.4085,5765278.5716],[32552092.5931,5765281.0682],[32552126.9619,5765285.5436],[32552157.7398,5765292.0379],[32552184.4836,5765299.5346],[32552215.6075,5765312.2233],[32552253.2658,5765332.5415],[32552314.0206,5765362.0774],[32552351.4092,5765375.0629],[32552368.4774,5765382.5556],[32552380.2835,5765390.549],[32552388.8424,5765402.0415],[32552397.1696,5765419.5309],[32552403.506,5765441.5186],[32552407.0915,5765465.5059],[32552405.1706,5765491.9931],[32552398.7365,5765517.9816],[32552388.549,5765545.97],[32552351.1199,5765598.9521],[32552329.988,5765653.4299],[32552317.3529,5765699.9098],[32552310.5949,5765742.5208],[32552307.5243,5765761.8815],[32552301.3249,5765782.8725],[32552285.3618,5765825.4895],[32552272.4945,5765859.8413],[32552266.7995,5765881.8318],[32552263.3684,5765906.3205],[32552263.633,5765941.0399],[32552265.0268,5765954.7963],[32552270.1115,5765977.284],[32552283.0364,5766021.759],[32552231.7054,5766038.2633]]],[[[32554196.933,5762683.4198],[32554192.2233,5762700.4128],[32554184.9964,5762713.9076],[32554173.0059,5762726.9028],[32554133.0187,5762759.4933],[32554082.2639,5762804.8765],[32553992.0093,5762878.3517],[32553987.3362,5762881.8822],[32553960.2521,5762902.3438],[32553910.5365,5762936.7948],[32553829.697,5762992.8136],[32553774.186,5763035.2992],[32553711.4019,5763076.2852],[32553665.8873,5763109.2737],[32553648.1257,5763120.27],[32553610.0873,5763139.2635],[32553599.0762,5763144.7616],[32553586.8073,5763148.7601],[32553572.8793,5763149.2312],[32553572.0212,5763149.2602],[32553567.473,5763137.2647],[32553569.9379,5763123.7697],[32553582.9173,5763106.2763],[32553604.4198,5763089.2824],[32553627.6831,5763074.2877],[32553669.9732,5763052.2953],[32553688.2344,5763040.7993],[32553724.4816,5763009.8104],[32553748.7166,5762984.8195],[32553757.206,5762974.3234],[32553770.1715,5762952.3317],[32553788.5896,5762910.348],[32553800.0512,5762888.3566],[32553811.0423,5762876.361],[32553858.4129,5762876.3591],[32553869.4317,5762873.3598],[32553878.4331,5762866.3624],[32553885.9154,5762854.3669],[32553910.0425,5762794.3908],[32553922.5112,5762773.8988],[32553937.7478,5762756.9053],[32553956.5133,5762746.4087],[32553977.5516,5762741.4097],[32553998.6021,5762740.409],[32554016.1515,5762741.9073],[32554029.6968,5762745.405],[32554042.2472,5762751.4017],[32554057.0488,5762755.8988],[32554076.8462,5762754.898],[32554077.9857,5762754.5066],[32554091.7414,5762749.7815],[32554100.131,5762746.8998],[32554121.1448,5762733.9038],[32554136.1322,5762717.4099],[32554141.8352,5762697.418],[32554142.7792,5762678.4263],[32554141.9748,5762661.4337],[32554134.9136,5762647.4404],[32554116.3278,5762634.9472],[32554092.4892,5762625.9528],[32554037.8157,5762614.9616],[32554004.4466,5762603.9692],[32553990.3875,5762596.4739],[32553978.7614,5762584.9966],[32553952.4238,5762558.996],[32553934.5014,5762518.5198],[32553914.0952,5762485.5418],[32553888.1957,5762459.5627],[32553859.8242,5762444.579],[32553831.2244,5762436.091],[32553801.1424,5762434.5988],[32553768.5735,5762439.603],[32553735.0234,5762451.603],[32553703.4912,5762467.6],[32553650.7098,5762501.5904],[32553561.1766,5762565.572],[32553521.3611,5762588.6752],[32553508.3175,5762596.2438],[32553466.3533,5762620.5938],[32553424.2502,5762639.7256],[32553414.3166,5762644.2395],[32553371.4974,5762663.6966],[32553355.469,5762667.2334],[32553341.1861,5762667.7785],[32553327.141,5762663.8434],[32553316.3395,5762654.9198],[32553308.2859,5762642.9992],[32553303.4812,5762628.078],[32553301.6747,5762610.1549],[32553304.1238,5762590.674],[32553311.3368,5762572.1814],[32553323.0609,5762553.6886],[32553339.0451,5762535.1958],[32553374.5279,5762500.2093],[32553396.0255,5762481.7164],[32553471.2929,5762425.7375],[32553486.7906,5762412.2427],[32553501.0249,5762395.2493],[32553523.9859,5762363.2618],[32553530.7092,5762348.7675],[32553535.1677,5762331.2746],[32553535.8652,5762313.2819],[32553522.6669,5762259.804],[32553520.5761,5762232.815],[32553523.6191,5762167.5618],[32553525.0278,5762137.3536],[32553523.6189,5762090.8725],[32553521.0565,5762074.3792],[32553515.5108,5762065.3681],[32553506.7125,5762058.3348],[32553496.6742,5762055.3062],[32553486.6477,5762055.7847],[32553478.8993,5762062.7814],[32553468.222,5762093.3202],[32553455.8689,5762147.3509],[32553449.4212,5762168.3426],[32553437.4648,5762191.3335],[32553363.6041,5762294.793],[32553350.6378,5762315.7848],[32553340.4273,5762336.2768],[32553315.5749,5762402.2505],[32553310.3688,5762420.2433],[32553306.1392,5762440.9406],[32553298.521,5762478.22],[32553290.5595,5762497.2124],[32553284.4472,5762507.0116],[32553280.5834,5762513.2061],[32553269.3386,5762524.2019],[32553249.2716,5762519.2044],[32553231.1897,5762508.2093],[32553214.0783,5762487.718],[32553212.3411,5762483.3022],[32553201.6912,5762456.231],[32553194.0547,5762421.7452],[32553189.4082,5762382.2613],[32553221.076,5762257.085],[32553271.146,5762084.2463],[32553285.5279,5762029.9223],[32553295.8828,5761982.2673],[32553332.3056,5761766.392],[32553350.402,5761625.3918],[32553374.5724,5761659.0922],[32553396.7217,5761686.5338],[32553438.7111,5761726.7858],[32553455.8217,5761746.386],[32553484.758,5761784.1568],[32553528.2922,5761836.536],[32553551.9725,5761872.628],[32553566.8777,5761907.6848],[32553578.7955,5761948.2753],[32553595.2458,5761994.3969],[32553613.1859,5762036.3928],[32553629.3239,5762064.8808],[32553655.4911,5762094.8682],[32553664.3104,5762109.3621],[32553668.127,5762127.3547],[32553674.2942,5762176.3347],[32553688.4976,5762232.2965],[32553701.3568,5762258.6701],[32553719.9717,5762282.5241],[32553740.8289,5762301.8889],[32553760.4165,5762315.2905],[32553806.3598,5762340.6585],[32553833.4658,5762351.6438],[32553861.309,5762358.1334],[32553915.9766,5762366.6156],[32553943.8189,5762373.105],[32553972.9252,5762382.5923],[32554004.5516,5762396.5776],[32554036.9451,5762415.5614],[32554066.3364,5762436.5461],[32554106.3038,5762473.5228],[32554121.6441,5762490.0132],[32554135.7389,5762509.003],[32554178.0891,5762587.4637],[32554190.2047,5762614.9505],[32554197.0508,5762640.4387],[32554198.0189,5762654.2773],[32554196.933,5762683.4198]]],[[[32550433.3325,5774907.1599],[32550445.569,5774893.663],[32550460.3233,5774883.6638],[32550480.8555,5774877.661],[32550521.4399,5774872.1526],[32550538.7205,5774868.1498],[32550573.27,5774856.6457],[32550611.0975,5774851.1379],[32550616.8506,5774847.6379],[32550620.3397,5774841.6398],[32550621.3124,5774832.6437],[32550615.1173,5774809.9819],[32550608.8807,5774787.1686],[32550606.3148,5774769.1778],[32550608.7782,5774756.1831],[32550549.7028,5774627.2602],[32550544.3568,5774602.2734],[32550533.7993,5774517.3162],[32550660.7056,5774467.3039],[32550767.195,5774533.7423],[32550820.857,5774564.2861],[32550852.321,5774582.1951],[32550972.2957,5774535.8516],[32551032.2986,5774512.6737],[32551157.3141,5774800.0032],[32551188.148,5774877.4582],[32551275.742,5775141.8099],[32551314.2664,5775271.2387],[32551371.5127,5775453.6375],[32551377.4416,5775477.9595],[32551380.3834,5775490.0274],[32551380.4055,5775490.1182],[32551064.6677,5775281.8075],[32550997.1841,5775262.8358],[32550971.1147,5775261.8437],[32550947.5764,5775268.3474],[32550912.0524,5775288.3481],[32550897.565,5775303.3452],[32550861.3683,5775347.3347],[32550840.6185,5775363.333],[32550814.587,5775373.8352],[32550783.7904,5775383.3393],[32550753.734,5775389.3447],[32550730.1793,5775390.8504],[32550713.6274,5775387.8564],[32550654.8914,5775361.3848],[32550628.2779,5775347.3987],[32550594.5855,5775324.252],[32550573.0128,5775309.4315],[32550555.6943,5775301.9397],[32550538.1433,5775299.9453],[32550521.3573,5775301.9489],[32550506.5913,5775308.4497],[32550503.0412,5775295.9566],[32550495.7282,5775282.4649],[32550482.1378,5775265.4766],[32550464.0426,5775250.4885],[32550446.9713,5775241.9971],[32550428.9075,5775236.5045],[32550391.3106,5775236.0145],[32550373.7762,5775239.0177],[32550350.9994,5775248.7694],[32550331.729,5775257.0199],[32550311.9453,5775262.0226],[32550293.1526,5775263.5267],[32550282.1198,5775262.0303],[32550275.3378,5775257.5342],[32550251.468,5775239.5489],[32550235.6104,5775219.0627],[32550230.0139,5775194.0761],[32550238.4447,5775166.5872],[32550255.905,5775141.095],[32550277.1379,5775119.5998],[32550297.1358,5775103.6022],[32550321.6501,5775089.1028],[32550355.9357,5775073.6013],[32550393.4912,5775061.5971],[32550427.312,5775057.0903],[32550439.733,5775023.6029],[32550443.6787,5775004.1111],[32550445.6093,5774981.6213],[32550445.2727,5774955.6336],[32550441.6779,5774929.647],[32550433.3325,5774907.1599]]],[[[32554365.7309,5762397.0348],[32554351.726,5762407.0315],[32554333.4493,5762413.5302],[32554313.8946,5762412.0328],[32554298.0811,5762404.5378],[32554283.5068,5762392.545],[32554277.1818,5762373.5549],[32554276.1188,5762354.0646],[32554282.3196,5762333.0745],[32554294.2962,5762315.5819],[32554306.7957,5762305.0859],[32554329.5745,5762295.5881],[32554339.0756,5762288.0908],[32554346.0532,5762275.0966],[32554348.7638,5762260.104],[32554344.959,5762245.612],[32554315.0173,5762208.6355],[32554304.943,5762193.1454],[32554262.8499,5762118.1962],[32554242.1529,5762072.7292],[32554223.9631,5762027.263],[32554207.007,5761975.8011],[32554194.8163,5761923.9065],[32554186.4026,5761876.548],[32554180.2466,5761829.6918],[32554189.7382,5761664.0501],[32554197.9004,5761497.0193],[32554201.4533,5761403.9499],[32554215.9458,5761192.3706],[32554217.8105,5761182.6138],[32555058.8223,5761191.2773],[32555067.0499,5761202.1136],[32555081.0238,5761224.8366],[32555086.8253,5761240.3014],[32555096.0114,5761283.3147],[32555101.3303,5761330.1954],[32555104.6991,5761374.4907],[32555104.828,5761415.464],[32555100.6923,5761455.4393],[32555092.7718,5761487.4209],[32555082.5595,5761507.9103],[32555040.6167,5761560.8864],[32555002.8989,5761602.3687],[32554999.5794,5761582.8813],[32554990.738,5761560.8968],[32554977.1372,5761539.9127],[32554959.5417,5761523.9266],[32554939.2142,5761515.9361],[32554917.154,5761514.9415],[32554868.8103,5761524.9455],[32554840.5183,5761534.9452],[32554809.4802,5761548.4431],[32554781.7052,5761563.4394],[32554763.9516,5761576.9345],[32554753.224,5761592.9265],[32554743.5193,5761615.414],[32554738.0806,5761639.3998],[32554738.9032,5761661.8853],[32554746.9821,5761680.372],[32554760.0643,5761695.8597],[32554775.3914,5761707.8492],[32554790.9565,5761715.8414],[32554811.5236,5761720.3347],[32554838.8518,5761722.8281],[32554866.672,5761722.3232],[32554888.2166,5761718.8212],[32554908.4939,5761710.8221],[32554957.7867,5761683.8287],[32554947.5665,5761701.8201],[32554928.3448,5761726.8091],[32554884.1321,5761775.289],[32554832.143,5761821.7715],[32554780.3937,5761864.756],[32554747.7382,5761889.6891],[32554710.1401,5761918.396],[32554661.3785,5761958.2227],[32554642.1443,5761979.2141],[32554579.9817,5762058.6799],[32554556.2375,5762080.1717],[32554515.7064,5762103.6648],[32554499.4598,5762118.1592],[32554457.9872,5762165.2155],[32554451.0061,5762173.1365],[32554424.2147,5762262.594],[32554419.2701,5762284.5836],[32554397.9211,5762351.0535],[32554387.4577,5762371.5447],[32554375.5393,5762386.3691],[32554365.7309,5762397.0348]]],[[[32553274.3182,5765809.816],[32553256.4384,5765883.0807],[32553290.7562,5765874.0762],[32553322.5622,5765863.5733],[32553353.6099,5765851.0717],[32553379.1329,5765835.5732],[32553380.4254,5765834.6044],[32553401.143,5765819.0763],[32553439.6434,5765784.5846],[32553458.6513,5765770.0875],[32553479.1712,5765758.0885],[32553502.2058,5765748.5874],[32553529.0056,5765740.5846],[32553603.9157,5765725.073],[32553644.0069,5765718.5657],[32553707.6651,5765712.5517],[32553774.0623,5765700.5404],[32553799.6099,5765693.0376],[32553818.6364,5765684.5372],[32553851.4199,5765666.0386],[32553869.2007,5765660.0371],[32553888.9994,5765658.0329],[32553908.5552,5765658.5273],[32553924.6059,5765660.5217],[32553934.3923,5765663.5173],[32553957.4609,5765665.0102],[32554053.4785,5765665.4834],[32554033.1878,5765670.4861],[32554007.1435,5765679.4881],[32553980.8704,5765695.4863],[32553952.3534,5765715.4829],[32553897.8842,5765746.0661],[32553814.6151,5765784.6149],[32553787.8998,5765796.9825],[32553720.7366,5765804.497],[32553663.0831,5765816.7681],[32553644.1251,5765820.8032],[32553600.2245,5765828.0171],[32553553.9368,5765830.3587],[32553520.766,5765832.0367],[32553476.159,5765837.5458],[32553453.8655,5765843.5487],[32553432.0843,5765853.0494],[32553413.8191,5765864.5481],[32553402.3273,5765877.5442],[32553431.4029,5765956.4933],[32553445.789,5765987.4724],[32553466.1887,5766017.4504],[32553493.8727,5766051.9237],[32553528.841,5766090.8925],[32553541.7396,5766084.0757],[32553553.02,5766078.1142],[32553576.1451,5766065.8928],[32553587.4171,5766062.8912],[32553598.9493,5766062.888],[32553611.7474,5766066.8822],[32553646.8916,5766081.8638],[32553650.406,5766083.362],[32553673.288,5766105.3432],[32553696.4098,5766123.8264],[32553722.5275,5766138.3108],[32553750.8874,5766148.2969],[32553808.8468,5766163.7714],[32553827.0139,5766120.7901],[32553840.6807,5766081.8079],[32553849.34,5766044.8261],[32553858.9289,5765984.3573],[32553871.0543,5765933.3825],[32553879.5079,5765910.8928],[32553898.6902,5765871.9092],[32553912.5705,5765829.2819],[32553922.8225,5765812.4361],[32553939.8122,5765793.9418],[32553959.0769,5765781.4435],[32553979.6152,5765775.4412],[32554001.4242,5765774.9353],[32554048.5751,5765781.4184],[32554071.6732,5765792.4055],[32554089.5411,5765814.3879],[32554101.1633,5765843.368],[32554104.2729,5765875.8485],[32554101.5679,5765897.6523],[32554099.871,5765911.3294],[32554091.215,5765949.3102],[32554072.6169,5766014.7783],[32554058.9346,5766048.7629],[32554038.2576,5766090.7451],[32554011.0876,5766140.7248],[32554062.9283,5766129.1153],[32554093.7596,5766122.2108],[32554117.0713,5766121.2045],[32554140.1508,5766126.1949],[32554159.2442,5766139.1817],[32554157.2781,5766232.5002],[32554153.3484,5766419.0241],[32554143.8535,5766509.4757],[32554127.8183,5766512.479],[32554114.044,5766516.9807],[32554101.7817,5766523.9805],[32554074.2877,5766550.4742],[32554046.0291,5766572.9704],[32554016.0032,5766591.4693],[32553984.7858,5766603.7641],[32553949.6322,5766611.9785],[32553928.3244,5766612.485],[32553856.3554,5766606.5107],[32553836.5534,5766607.5163],[32553818.0189,5766613.019],[32553791.2215,5766625.6855],[32553774.4613,5766633.5211],[32553750.4409,5766648.5204],[32553728.6878,5766667.017],[32553685.7049,5766710.5048],[32553642.7186,5766753.9961],[32553618.485,5766780.9891],[32553603.7717,5766805.9801],[32553596.3302,5766831.4686],[32553593.1569,5766858.9547],[32553548.8111,5766867.9638],[32553506.4803,5766879.9706],[32553462.9178,5766898.9741],[32553426.7221,5766919.2738],[32553420.123,5766922.9748],[32553357.0042,5766961.1598],[32553338.3019,5766972.4741],[32553219.243,5766736.636],[32553198.0721,5766700.1616],[32553144.1828,5766621.7192],[32553128.0551,5766594.7382],[32553123.2211,5766572.2515],[32553123.6379,5766545.7653],[32553129.6972,5766480.7978],[32553127.3921,5766465.3067],[32553120.5751,5766449.8168],[32553107.7378,5766432.8295],[32553088.888,5766416.8433],[32553067.2921,5766404.356],[32553045.2093,5766396.3666],[32553024.6415,5766391.8748],[32553004.8193,5766385.3838],[32552986.2362,5766374.3948],[32552967.1373,5766358.9082],[32552940.4313,5766315.9381],[32552931.5948,5766295.9509],[32552920.4165,5766248.9785],[32552920.5286,5766205.5011],[32552924.161,5766165.521],[32552933.3077,5766125.5393],[32552950.2279,5766086.5551],[32552973.9172,5766048.0689],[32552999.1242,5766013.0805],[32553094.5079,5765889.6203],[32553115.9967,5765866.6268],[32553160.0203,5765834.6322],[32553205.3175,5765809.1339],[32553252.8895,5765789.6317],[32553281.4411,5765780.6291],[32553274.3182,5765809.816]]],[[[32553085.3841,5781675.1618],[32553075.1291,5781674.761],[32553068.7383,5781683.7973],[32553026.3449,5781707.35],[32552962.7163,5781723.2581],[32552795.6902,5781715.307],[32552676.3857,5781691.4479],[32552533.2199,5781647.7052],[32552426.6426,5781594.4186],[32552402.2638,5781554.8061],[32552380.3565,5781523.3189],[32552358.213,5781496.3298],[32552336.0921,5781476.3374],[32552311.9806,5781460.8432],[32552284.6207,5781448.3471],[32552252.0043,5781437.85],[32552212.1324,5781431.3502],[32552168.015,5781429.8475],[32552124.4051,5781430.8431],[32552087.3172,5781433.8379],[32552053.4927,5781438.332],[32552019.1845,5781445.8241],[32552008.8839,5781448.6183],[32551987.8805,5781454.3157],[32551941.3046,5781469.801],[32551916.5011,5781472.7956],[32551892.1841,5781470.793],[32551852.0301,5781454.2957],[32551808.6334,5781443.2945],[32551806.3803,5781367.3361],[32551801.5367,5781342.3489],[32551782.8131,5781286.8759],[32551749.5183,5781219.9068],[32551726.3561,5781187.4208],[32551697.9375,5781157.4327],[32551663.9994,5781125.9447],[32551601.809,5781035.9836],[32551573.5382,5780979.0095],[32551552.6396,5780949.5221],[32551525.2578,5780930.0303],[32551495.1829,5780923.5388],[32551467.1034,5780925.5422],[32551440.0538,5780934.044],[32551411.6136,5780946.9888],[32551355.462,5780972.5468],[32551328.1776,5780983.0452],[32551303.387,5780990.5417],[32551281.8389,5780993.0393],[32551263.5271,5780988.541],[32551247.2061,5780979.5457],[32551232.9429,5780968.7391],[32551214.7752,5780949.064],[32551198.41,5780926.0786],[32551181.2768,5780898.0967],[32551148.9618,5780825.1424],[32551139.5421,5780807.8868],[32551132.3219,5780794.6604],[32551110.9468,5780772.6742],[32551087.8791,5780762.0783],[32551076.7717,5780724.1846],[32551022.0186,5780669.433],[32550938.5041,5780562.0605],[32550783.4068,5780434.805],[32550676.0312,5780315.5022],[32550608.03,5780188.5711],[32550609.8829,5780148.0613],[32550619.5418,5780106.0766],[32550635.4701,5780065.0927],[32550656.8972,5780032.1032],[32550664.3994,5780027.1039],[32550682.8891,5780009.1046],[32550707.0949,5779975.6101],[32550731.7399,5779924.1335],[32550768.2168,5779825.9463],[32550785.3865,5779779.7294],[32550792.9271,5779753.1537],[32550795.76,5779743.1696],[32550811.6256,5779687.2536],[32550819.5248,5779649.7623],[32550832.2859,5779554.7865],[32550858.8712,5779555.7759],[32550884.7122,5779559.7649],[32550909.0532,5779565.7542],[32550930.6401,5779573.7441],[32550957.2581,5779587.7302],[32551027.8286,5779629.6931],[32551059.4647,5779643.9323],[32551153.0267,5779671.6353],[32551226.8717,5779691.335],[32551301.032,5779711.1188],[32551354.7283,5779729.596],[32551466.2725,5779773.0693],[32551512.5897,5779795.0408],[32551559.5558,5779825.0191],[32551597.7529,5779855.9979],[32551620.1472,5779882.9805],[32551635.8002,5779917.9596],[32551667.6984,5780001.301],[32551656.6057,5780055.7348],[32551656.6066,5780066.8651],[32551660.2768,5780072.4923],[32551665.8823,5780081.0869],[32551668.9745,5780100.2557],[32551678.2498,5780108.2941],[32551720.2961,5780123.1342],[32551742.5558,5780134.2643],[32551760.487,5780140.4477],[32551771.617,5780147.8678],[32551785.8395,5780168.2731],[32551792.6413,5780173.2198],[32551826.0305,5780185.5866],[32551858.8013,5780194.2432],[32551871.96,5780190.2454],[32551896.3186,5780182.845],[32551952.5061,5780214.6454],[32551950.6759,5780218.6116],[32551952.0679,5780248.7246],[32551963.3656,5780266.5764],[32551941.4353,5780260.8146],[32551895.0174,5780245.3208],[32551874.4555,5780242.3221],[32551853.4021,5780242.3222],[32551782.6778,5780228.8278],[32551687.0956,5780201.8388],[32551585.7251,5780166.8529],[32551529.2999,5780143.2962],[32551497.1347,5780129.8677],[32551442.5286,5780100.2348],[32551422.5614,5780089.3993],[32551354.4892,5780045.9348],[32551265.7958,5779982.4853],[32551233.3994,5779965.0024],[32551187.7131,5779947.5248],[32551140.2866,5779934.547],[32551103.1703,5779930.563],[32551075.1112,5779935.5724],[32551049.0768,5779945.0794],[32551026.5722,5779959.5826],[32551009.3501,5779979.0814],[32550992.5193,5780007.5438],[32550955.2815,5780070.5164],[32550909.8756,5780134.491],[32550896.941,5780164.9774],[32550891.7844,5780198.4653],[32550894.163,5780236.9517],[32550904.3126,5780275.4343],[32550921.2126,5780307.416],[32550942.6222,5780334.8989],[32550966.2682,5780360.3823],[32550986.1613,5780384.8672],[32550998.2814,5780407.355],[32551004.5862,5780428.3446],[32551007.7566,5780447.2857],[32551014.7915,5780489.3143],[32551023.8853,5780512.8024],[32551038.7345,5780532.2909],[32551132.033,5780601.0934],[32551197.2777,5780649.2078],[32551222.9327,5780677.1907],[32551243.3424,5780711.6721],[32551264.4618,5780761.5902],[32551286.2644,5780813.1231],[32551301.8885,5780839.6097],[32551320.0023,5780860.5978],[32551341.594,5780871.5888],[32551362.9126,5780875.0826],[32551380.2063,5780873.5794],[32551392.973,5780867.0793],[32551401.2125,5780856.0824],[32551412.6591,5780825.5931],[32551423.1067,5780809.0977],[32551440.8533,5780793.5969],[32551465.3859,5780783.5959],[32551491.6983,5780781.5994],[32551516.7777,5780786.0994],[32551536.8533,5780793.5975],[32551552.4463,5780810.0911],[32551565.0685,5780838.0787],[32551574.4413,5780869.0646],[32551579.2847,5780894.5526],[32551589.1267,5780915.5433],[32551608.4905,5780935.5353],[32551642.4162,5780963.0253],[32551667.8247,5780994.2313],[32551694.5046,5781026.9988],[32551710.0942,5781042.4929],[32551749.8547,5781069.4474],[32551846.4933,5781134.9609],[32551882.194,5781168.9476],[32551919.6939,5781216.9279],[32551951.1746,5781263.908],[32551969.5706,5781294.8946],[32551994.0343,5781342.3736],[32552010.6503,5781365.364],[32552030.7488,5781379.8588],[32552052.3212,5781384.8586],[32552073.8777,5781384.8608],[32552094.4138,5781379.3654],[32552113.4326,5781369.8715],[32552137.9352,5781351.3821],[32552203.9139,5781292.4121],[32552245.9888,5781250.8217],[32552309.5884,5781187.9546],[32552336.5911,5781165.463],[32552410.1277,5781113.9823],[32552421.1298,5781104.8154],[32552443.1206,5781086.4927],[32552493.4681,5781076.4962],[32552543.8164,5781066.4996],[32552578.6437,5781062.5009],[32552610.2057,5781056.503],[32552640.7498,5781046.0069],[32552664.0173,5781033.0117],[32552679.2725,5781022.5157],[32552690.5191,5781012.5195],[32552701.9939,5780995.5259],[32552706.2016,5780979.0323],[32552700.1347,5780963.0385],[32552685.8255,5780956.0413],[32552655.2537,5780958.0407],[32552642.6878,5780947.5449],[32552647.8884,5780928.0524],[32552673.142,5780909.0596],[32552700.9182,5780895.0648],[32552717.8879,5780888.3745],[32552740.219,5780879.5705],[32552762.7397,5780868.0748],[32552782.7425,5780853.0806],[32552815.7345,5780824.5914],[32552832.4897,5780813.0957],[32552896.6337,5780812.5956],[32552943.7975,5780819.5926],[32552968.6286,5780821.0919],[32552995.7571,5780816.0937],[32553023.4796,5780801.0994],[32553042.9424,5780785.6053],[32553058.9008,5780765.613],[32553072.1075,5780738.1236],[32553083.0409,5780689.6424],[32553084.0073,5780672.1492],[32553098.402,5780716.6318],[32553106.0173,5780758.1156],[32553105.3767,5780800.0993],[32553087.5084,5780903.5592],[32553083.1565,5780933.4609],[32553078.8521,5780963.0361],[32553073.0037,5781018.0149],[32553071.9439,5781073.9931],[32553075.3932,5781132.9702],[32553081.0701,5781183.4507],[32553086.6841,5781214.4387],[32553102.6435,5781266.9182],[32553114.0785,5781315.3993],[32553139.5834,5781456.1953],[32553152.2204,5781525.956],[32553133.7171,5781599.9745],[32553095.8487,5781658.8829],[32553085.3841,5781675.1618]],[[32552912.239,5780904.5598],[32552887.966,5780916.5553],[32552866.7458,5780942.5454],[32552853.0701,5780976.5323],[32552851.9378,5781014.0178],[32552857.5421,5781042.007],[32552863.1061,5781057.5009],[32552871.9076,5781066.4973],[32552887.4732,5781074.4942],[32552911.8049,5781080.4917],[32552930.3381,5781075.9932],[32552946.3389,5781063.498],[32552962.5774,5781047.0043],[32552978.3065,5781028.0116],[32552990.2692,5781007.0197],[32552997.7105,5780983.0289],[32552999.6264,5780956.5391],[32552990.0128,5780932.0487],[32552967.6526,5780915.5553],[32552939.3158,5780906.0591],[32552912.239,5780904.5598]],[[32552848.91,5781163.46],[32552827.6343,5781172.4566],[32552813.1294,5781182.4529],[32552807.156,5781195.448],[32552810.4691,5781212.4414],[32552818.3018,5781231.9337],[32552830.6429,5781250.4266],[32552873.3662,5781285.9126],[32552949.0397,5781357.3844],[32552988.405,5781361.8823],[32553022.7413,5781361.3822],[32553054.0493,5781354.3848],[32553071.2971,5781339.8902],[32553073.4933,5781321.3973],[32553066.4143,5781302.4048],[32553055.0823,5781285.9112],[32553035.7232,5781267.4185],[32553005.8161,5781242.4284],[32552941.9982,5781194.4474],[32552912.3741,5781179.4534],[32552882.2664,5781169.9573],[32552848.91,5781163.46]],[[32552833.0377,5781371.8797],[32552803.2344,5781379.377],[32552782.2313,5781395.3711],[32552771.2699,5781416.3631],[32552771.3434,5781439.3542],[32552779.9409,5781462.8451],[32552785.2672,5781473.1599],[32552791.0386,5781484.3368],[32552804.8948,5781506.3281],[32552877.7557,5781560.8065],[32552906.6423,5781580.2989],[32552966.1436,5781610.7866],[32553000.7695,5781622.2819],[32553033.8679,5781626.28],[32553058.9169,5781621.2818],[32553072.4136,5781609.2863],[32553077.1216,5781592.2928],[32553075.8049,5781572.3004],[32553063.6887,5781545.8107],[32553038.7641,5781511.3243],[32553008.5744,5781476.3381],[32552980.4076,5781446.8497],[32552943.2321,5781421.8596],[32552894.2775,5781397.3694],[32552833.0377,5781371.8797]]],[[[32561825.3528,5783379.3496],[32561747.036,5783379.3496],[32561662.3691,5783370.8829],[32561573.469,5783345.4828],[32561497.2688,5783305.2661],[32561370.2686,5783216.3659],[32561330.0518,5783174.0325],[32561321.847,5783155.5716],[32561305.3501,5783118.4535],[32561270.785,5783032.2155],[32561224.0021,5782963.0582],[32561232.7555,5782936.4759],[32561157.0672,5782909.1513],[32561126.3231,5782907.6436],[32561079.2123,5782910.1463],[32561040.3905,5782918.6469],[32561011.1079,5782932.1453],[32560987.9816,5782950.633],[32560975.6194,5782965.1392],[32560969.4134,5782984.6346],[32560974.6465,5783034.3351],[32561033.2945,5783103.3357],[32561078.168,5783193.0825],[32561120.5014,5783262.9327],[32561226.031,5783342.2654],[32561287.7184,5783389.9329],[32561363.9185,5783453.433],[32561444.352,5783497.8831],[32561474.4271,5783512.5793],[32561262.7393,5783509.9062],[32561226.3349,5783491.5331],[32561139.5514,5783480.9498],[32561080.2846,5783461.8997],[32561073.9346,5783430.1497],[32561095.1013,5783400.5163],[32561089.4015,5783371.0267],[32561054.7408,5783347.5359],[32561022.3162,5783317.5463],[32561008.3178,5783265.0493],[32560997.7345,5783235.4159],[32560963.8677,5783186.7325],[32560951.1677,5783157.0991],[32560934.2344,5783133.8157],[32560918.1447,5783102.6086],[32560879.2009,5783057.6156],[32560819.9341,5783015.2822],[32560758.5507,5782998.3488],[32560735.2673,5782968.7154],[32560764.9007,5782947.5487],[32560794.7815,5782918.5424],[32560788.4045,5782917.4832],[32560479.4765,5782983.98],[32560447.0852,5782973.8582],[32560222.1937,5782964.8658],[32560252.8605,5782922.1213],[32560303.0359,5782852.1851],[32560401.1563,5782729.7224],[32560500.3486,5782629.2587],[32560631.2912,5782502.8042],[32560711.0468,5782420.9757],[32560698.0804,5782442.1446],[32560676.6915,5782517.6212],[32560675.9078,5782554.4598],[32560678.3181,5782591.3563],[32560688.1685,5782653.23],[32560692.0165,5782667.9334],[32560650.6005,5782634.2814],[32560612.5004,5782666.0315],[32560645.325,5782731.0413],[32560799.0365,5782823.682],[32560803.6358,5782805.4142],[32560805.7524,5782788.4809],[32560837.5025,5782766.2558],[32560851.2609,5782759.9058],[32560873.2142,5782756.1426],[32560881.003,5782761.1975],[32560893.2921,5782763.6963],[32560914.8315,5782758.6966],[32560982.9446,5782714.7277],[32561027.8943,5782685.7114],[32561054.1756,5782674.2134],[32561080.2232,5782668.2138],[32561102.782,5782668.7126],[32561126.6429,5782685.2065],[32561144.9977,5782704.1999],[32561157.1017,5782728.1922],[32561175.4729,5782752.684],[32561189.2944,5782764.6795],[32561199.8469,5782773.1764],[32561211.8924,5782778.1741],[32561223.6765,5782779.6728],[32561233.4358,5782774.6736],[32561265.16,5782740.1816],[32561287.6277,5782711.1887],[32561334.5207,5782637.7081],[32561377.402,5782563.7289],[32561386.3479,5782538.7364],[32561388.2163,5782494.2509],[32561393.1505,5782468.7591],[32561407.1136,5782445.2662],[32561425.6187,5782431.7698],[32561440.9102,5782432.7686],[32561451.9641,5782441.265],[32561458.0114,5782451.761],[32561463.7942,5782457.7587],[32561473.0659,5782457.2582],[32561483.3248,5782451.7596],[32561492.3138,5782440.7627],[32561495.7765,5782425.7678],[32561494.4066,5782387.7811],[32561498.6059,5782367.7879],[32561514.0848,5782348.2939],[32561539.5922,5782329.7992],[32561592.3781,5782298.3077],[32561609.1196,5782281.8128],[32561619.829,5782259.8204],[32561625.7702,5782235.8292],[32561627.4568,5782213.8375],[32561628.2549,5782066.895],[32561649.8501,5781999.4215],[32561664.2746,5781963.436],[32561680.9627,5781929.9495],[32561711.5008,5781876.8863],[32561725.8336,5781851.9815],[32561733.8023,5781835.4885],[32561744.7252,5781802.0045],[32561755.5195,5781744.7124],[32561755.9515,5781742.7711],[32561844.2342,5781786.9108],[32561930.4174,5781844.4234],[32562093.4668,5781880.2121],[32562224.7018,5781892.1406],[32562338.7314,5781892.1389],[32562339.4819,5781898.6819],[32562486.6717,5781898.6797],[32562462.4229,5781928.9031],[32562441.2258,5781963.3886],[32562417.5766,5782015.3665],[32562358.944,5782181.7974],[32562335.5776,5782243.773],[32562324.9129,5782279.7587],[32562319.7564,5782313.7451],[32562325.0991,5782338.7342],[32562342.6909,5782353.2264],[32562369.2895,5782362.22],[32562402.6503,5782369.2135],[32562421.2204,5782369.4858],[32562436.4832,5782369.7096],[32562464.2705,5782361.211],[32562490.0462,5782345.7146],[32562487.5421,5782420.6908],[32562487.8827,5782437.3447],[32562488.1351,5782449.6873],[32562495.1614,5782531.6767],[32562496.3276,5782583.1586],[32562490.9522,5782626.638],[32562479.023,5782658.6235],[32562461.8058,5782683.1153],[32562438.0489,5782700.6136],[32562405.9958,5782710.618],[32562368.4094,5782714.6236],[32562301.7088,5782715.1234],[32562279.9408,5782718.6199],[32562262.195,5782734.6153],[32562238.7286,5782764.6082],[32562188.7335,5782841.3544],[32562120.7104,5782945.7749],[32562055.3912,5783046.0448],[32562024.7182,5783095.533],[32561968.9338,5783209.0046],[32561978.5458,5783235.9944],[32561984.8977,5783262.485],[32561986.7423,5783290.477],[32561981.5588,5783315.4718],[32561969.5942,5783336.4688],[32561951.6089,5783355.9667],[32561902.8306,5783401.1802],[32561825.3528,5783379.3496]],[[32562287.7531,5782418.2055],[32562257.6872,5782422.207],[32562223.8791,5782431.7066],[32562204.6074,5782440.705],[32562186.0988,5782453.202],[32562181.1847,5782457.8646],[32562166.6065,5782471.6967],[32562149.132,5782494.1898],[32562134.4193,5782518.1821],[32562121.7183,5782544.1735],[32562110.5258,5782571.6644],[32562102.8475,5782600.6544],[32562101.4372,5782630.1437],[32562105.4354,5782648.922],[32562107.2901,5782657.633],[32562120.6504,5782681.123],[32562143.758,5782697.1147],[32562171.6199,5782706.6093],[32562204.9728,5782711.6077],[32562220.7436,5782705.1106],[32562233.2542,5782698.1132],[32562242.5048,5782690.6155],[32562247.7368,5782680.6174],[32562255.1361,5782657.8471],[32562269.8285,5782612.633],[32562285.2892,5782585.6431],[32562306.285,5782568.6458],[32562328.5602,5782558.1479],[32562348.0927,5782552.1499],[32562362.1042,5782544.1527],[32562371.5863,5782530.6564],[32562376.2946,5782513.6607],[32562376.7373,5782494.6676],[32562370.6452,5782473.6742],[32562361.3408,5782459.0475],[32562357.2927,5782452.6839],[32562338.4394,5782434.6935],[32562315.5875,5782421.7012],[32562287.7531,5782418.2055]],[[32561597.4844,5782990.5171],[32561615.032,5782935.6792],[32561707.5512,5782965.1171],[32561836.6682,5783049.7839],[32561895.935,5783079.4173],[32561944.6184,5783073.0673],[32562003.8852,5783039.2006],[32562039.8686,5783013.8005],[32562044.1019,5782963.0004],[32562048.3353,5782933.367],[32561982.7185,5782897.3836],[32561900.1683,5782857.1669],[32561833.1747,5782821.5765],[32561773.168,5782783.0834],[32561754.118,5782753.45],[32561757.293,5782732.2833],[32561769.379,5782697.2475],[32561771.5805,5782679.8957],[32561769.993,5782652.1144],[32561776.3431,5782631.4768],[32561789.0431,5782621.9518],[32561806.5056,5782618.7768],[32561845.8263,5782630.7721],[32561807.1475,5782603.9953],[32561751.4718,5782584.1121],[32561691.8197,5782580.1362],[32561624.2143,5782600.0213],[32561556.6091,5782643.7672],[32561496.9583,5782723.304],[32561455.4287,5782865.6992],[32561394.9871,5782914.8303],[32561389.7649,5782923.5215],[32561326.7139,5782956.3122],[32561351.7115,5782970.4518],[32561397.7853,5783032.2155],[32561463.4021,5783102.0657],[32561560.7689,5783182.4992],[32561611.569,5783231.1826],[32561685.6525,5783281.9827],[32561772.436,5783307.3828],[32561842.2862,5783313.7328],[32561882.5029,5783290.4494],[32561916.3697,5783243.8826],[32561869.8029,5783193.0825],[32561792.8569,5783152.1114],[32561748.7958,5783120.4022],[32561711.7846,5783115.4007],[32561648.2845,5783090.0007],[32561620.7677,5783066.7173],[32561601.7177,5783039.2006],[32561597.4844,5782990.5171]]],[[[32562180.9551,5781778.8022],[32561994.0451,5781766.8748],[32561890.1078,5781721.6864],[32561891.892,5781719.3046],[32561898.8321,5781710.0401],[32561986.1549,5781503.1383],[32562025.9786,5781415.1822],[32562081.4257,5781275.2546],[32562104.0097,5781205.2919],[32562122.045,5781124.3353],[32562139.2712,5781026.3881],[32562157.1836,5780908.9509],[32562184.7548,5780907.9532],[32562209.0819,5780911.4529],[32562231.1775,5780922.4482],[32562251.0234,5780935.4419],[32562271.6063,5780943.9379],[32562292.4282,5780948.9356],[32562355.1163,5780955.4328],[32562382.4403,5780955.9326],[32562383.4935,5780955.7751],[32562412.5052,5780951.4353],[32562450.3147,5780938.9424],[32562491.593,5780913.9571],[32562531.8429,5780880.9766],[32562566.0688,5780845.498],[32562580.9142,5780827.1189],[32562590.2861,5780815.5164],[32562625.9497,5780759.5509],[32562639.3949,5780731.5685],[32562645.0823,5780707.5836],[32562643.2884,5780688.83],[32562643.266,5780688.5955],[32562636.2001,5780674.1046],[32562624.1388,5780665.1102],[32562607.3308,5780661.1124],[32562587.0282,5780661.6117],[32562558.4962,5780665.9489],[32562531.1562,5780670.1049],[32562517.6084,5780666.6063],[32562506.0445,5780656.6117],[32562501.2322,5780641.6203],[32562508.9406,5780622.6317],[32562527.4395,5780607.1418],[32562549.7283,5780600.6469],[32562575.8897,5780598.556],[32562616.9588,5780582.8748],[32562626.4642,5780579.2453],[32562638.1059,5780570.7786],[32562650.4057,5780550.5122],[32562643.7255,5780522.6983],[32562626.061,5780487.2183],[32562604.3986,5780455.7349],[32562583.5093,5780430.7468],[32562557.1197,5780410.2551],[32562509.3556,5780385.4826],[32562484.805,5780374.7654],[32562397.7949,5780358.4179],[32562354.3682,5780350.2589],[32562275.3543,5780335.2521],[32562242.4813,5780327.4839],[32562216.4014,5780321.7462],[32562163.0085,5780321.7343],[32562145.955,5780319.2313],[32562131.1476,5780313.7297],[32562119.3382,5780305.2294],[32562111.0298,5780294.2309],[32562096.4669,5780259.0271],[32562084.2267,5780223.7427],[32562072.3951,5780208.2425],[32562058.5638,5780194.2409],[32562041.9858,5780183.2375],[32562022.1658,5780177.2316],[32562014.7062,5780177.0382],[32562002.6143,5780176.7246],[32561987.5885,5780180.7183],[32561974.5755,5780187.2121],[32561966.1111,5780205.7049],[32561961.43,5780231.6977],[32561958.3176,5780266.948],[32561954.898,5780305.6785],[32561950.4588,5780328.1716],[32561942.7744,5780354.6624],[32561931.0974,5780386.65],[32561916.401,5780415.1377],[32561902.1667,5780431.6288],[32561886.9049,5780440.6217],[32561859.8453,5780444.6126],[32561837.0537,5780450.6041],[32561815.2746,5780459.595],[32561799.5377,5780476.5858],[32561785.0756,5780500.0752],[32561773.3756,5780525.0649],[32561765.6815,5780548.5561],[32561760.5236,5780581.0446],[32561749.5598,5780678.507],[32561739.6346,5780745.9417],[32561735.5834,5780773.4663],[32561713.6361,5781032.8515],[32561703.622,5781111.8207],[32561680.7784,5781252.7661],[32561633.1687,5781258.7651],[32561605.8708,5781266.7628],[32561552.7122,5781262.766],[32561527.9093,5781267.265],[32561500.6179,5781277.2619],[32561478.3535,5781291.257],[32561468.6353,5781308.7504],[32561463.782,5781356.7318],[32561457.5867,5781378.2235],[32561448.094,5781388.2199],[32561438.3189,5781388.72],[32561422.0077,5781383.7224],[32561410.4727,5781382.7231],[32561393.6851,5781385.2227],[32561376.6568,5781390.721],[32561366.6694,5781402.7165],[32561371.745,5781421.2091],[32561389.1024,5781439.2016],[32561427.0207,5781458.6928],[32561456.6858,5781484.182],[32561475.2593,5781491.1787],[32561492.3021,5781490.1786],[32561503.5446,5781478.6827],[32561513.7762,5781464.6879],[32561529.2967,5781458.19],[32561546.3527,5781461.1883],[32561560.9349,5781474.1825],[32561565.9845,5781485.1777],[32561572.6302,5781524.161],[32561574.4603,5781547.151],[32561572.6043,5781568.0407],[32561508.8717,5781568.0416],[32561461.1504,5781595.8799],[32561441.2669,5781627.6945],[32561437.2904,5781647.5788],[32561449.221,5781659.5091],[32561493.6765,5781665.0652],[32561487.624,5781668.6044],[32561457.0733,5781678.1026],[32561424.7515,5781682.6029],[32561396.1601,5781678.1065],[32561365.7777,5781662.6145],[32561334.6082,5781636.6259],[32561302.6544,5781601.1407],[32561272.9225,5781555.6594],[32561247.941,5781506.6794],[32561224.9459,5781452.2014],[32561251.9045,5781417.7141],[32561295.8884,5781376.7289],[32561328.8603,5781341.2419],[32561359.2917,5781301.4153],[32561445.2385,5781272.7649],[32561512.8432,5781205.1582],[32561556.5872,5781141.5286],[32561548.6324,5781065.9693],[32561524.7708,5781010.2943],[32561484.9734,5780972.9856],[32561460.6509,5780958.3925],[32561439.9208,5780950.6191],[32561440.3463,5780944.3948],[32561427.7536,5780926.4023],[32561399.6425,5780915.4075],[32561363.0387,5780913.4095],[32561324.2162,5780922.9069],[32561289.4431,5780944.3995],[32561262.6994,5780968.3908],[32561242.7205,5780991.3823],[32561228.5293,5781021.3709],[32561219.1548,5781067.8528],[32561210.484,5781099.3407],[32561195.0421,5781129.829],[32561174.3231,5781156.3192],[32561149.8242,5781176.812],[32561123.7949,5781189.3078],[32561097.4887,5781193.8068],[32561071.9119,5781191.3086],[32561048.3229,5781183.3124],[32561034.4843,5781167.3191],[32561033.1617,5781145.8277],[32561040.3455,5781119.3379],[32561068.0933,5781095.8464],[32561091.8273,5781071.3552],[32561113.037,5781041.3665],[32561130.4671,5781005.3802],[32561163.0645,5780930.9087],[32561176.7741,5780906.9177],[32561243.5298,5780845.3364],[32561292.5074,5780806.4539],[32561327.7877,5780786.9605],[32561357.5792,5780775.4642],[32561384.3596,5780762.9683],[32561410.3481,5780737.9773],[32561432.3036,5780705.9894],[32561444.9901,5780675.5011],[32561448.6491,5780643.5136],[32561443.2723,5780607.0283],[32561428.0428,5780544.0537],[32561426.7264,5780523.062],[32561431.9398,5780506.5685],[32561452.6872,5780488.575],[32561480.4234,5780461.0851],[32561509.6484,5780428.597],[32561535.3586,5780394.1099],[32561554.0559,5780361.1224],[32561566.2412,5780329.6346],[32561573.9159,5780298.6467],[32561578.0804,5780267.6589],[32561577.263,5780229.1743],[32561569.4802,5780174.4076],[32561556.3815,5780082.2335],[32561554.2579,5780040.7502],[32561554.8973,5780000.7661],[32561559.8036,5779961.7815],[32561569.2213,5779923.7964],[32561586.1735,5779892.8082],[32561609.4232,5779873.815],[32561659.719,5779849.8231],[32561678.4666,5779833.8289],[32561691.1836,5779811.3374],[32561700.0385,5779776.9116],[32561739.5015,5779831.1714],[32561759.3854,5779835.1479],[32561813.7686,5779828.3491],[32561767.6504,5780049.2399],[32561752.7,5780161.6955],[32561748.8495,5780214.6745],[32561749.4567,5780250.1604],[32561753.8488,5780294.1427],[32561765.6778,5780310.6357],[32561793.7755,5780319.6313],[32561824.6006,5780318.6307],[32561838.4825,5780312.2106],[32561845.1234,5780309.1393],[32561889.8419,5780262.1653],[32561917.5527,5780226.6829],[32561937.7343,5780187.6985],[32561948.0458,5780162.3775],[32561953.407,5780149.2125],[32561966.5847,5780114.2249],[32561976.1451,5780078.0105],[32561976.7452,5780075.7374],[32561978.4284,5780059.1891],[32561981.372,5780030.2498],[32561981.4964,5779987.7606],[32561971.7772,5779923.7834],[32561967.3637,5779871.3117],[32561967.3295,5779870.3183],[32561965.3496,5779812.8304],[32561966.6472,5779760.8487],[32561971.2501,5779704.3711],[32561978.0764,5779634.399],[32561985.9153,5779567.9254],[32561993.5547,5779519.4446],[32561996.2234,5779487.4573],[32561992.139,5779461.4678],[32561983.2944,5779437.9775],[32561936.8681,5779423.485],[32561907.4897,5779407.9948],[32561897.9462,5779395.6298],[32561891.1661,5779386.8454],[32561884.3727,5779363.0142],[32561885.4075,5779340.0322],[32561894.3882,5779322.5427],[32561910.631,5779309.5501],[32561931.3883,5779301.5542],[32561954.3165,5779297.0516],[32561979.3611,5779295.4227],[32562009.1583,5779296.1298],[32562042.2517,5779300.5309],[32562078.1334,5779309.0263],[32562113.0335,5779326.5181],[32562144.684,5779352.5199],[32562192.1628,5779402.5273],[32562230.3763,5779450.0273],[32562254.7313,5779476.029],[32562285.1468,5779496.0331],[32562627.9795,5779668.5718],[32562712.4873,5779711.1023],[32562747.4061,5779733.6084],[32562784.3574,5779763.6109],[32562825.5917,5779800.609],[32562864.7759,5779825.108],[32562889.9902,5779837.9515],[32562918.761,5779852.6067],[32562952.6419,5779864.607],[32562981.2293,5779867.6106],[32563008.2928,5779864.6168],[32563017.466,5779909.5936],[32563047.5322,5780019.0902],[32563062.8846,5780075.0015],[32563069.8274,5780127.9679],[32563070.9632,5780168.4412],[32563068.6072,5780214.4102],[32563062.9937,5780260.8785],[32563039.1159,5780357.7397],[32563005.8414,5780492.7194],[32562981.7283,5780477.2308],[32562959.1414,5780468.7371],[32562936.0821,5780469.2372],[32562917.0673,5780480.23],[32562912.2969,5780486.0475],[32562901.088,5780499.717],[32562886.6433,5780528.6977],[32562871.2315,5780568.6712],[32562856.5972,5780616.6396],[32562844.7325,5780668.6053],[32562826.5395,5780780.0322],[32562813.2088,5780844.4906],[32562792.6322,5780916.4451],[32562750.1908,5781049.8631],[32562707.0354,5781196.1561],[32562687.6889,5781261.739],[32562665.1353,5781262.7397],[32562646.8223,5781257.244],[32562632.4883,5781241.754],[32562627.89,5781213.7707],[32562632.288,5781177.2921],[32562642.9376,5781136.3161],[32562656.3439,5781095.3403],[32562673.0131,5781055.8636],[32562709.8804,5780983.4068],[32562720.6057,5780955.6221],[32562721.068,5780954.4245],[32562732.4557,5780909.4525],[32562731.9085,5780894.9618],[32562723.1138,5780887.9666],[32562709.3298,5780888.4669],[32562696.5657,5780894.4636],[32562684.579,5780908.4552],[32562661.1813,5780959.9238],[32562646.4817,5780987.907],[32562630.7558,5781008.395],[32562615.2363,5781014.8916],[32562604.4396,5781008.8958],[32562600.645,5780997.9026],[32562602.8566,5780983.9112],[32562619.7832,5780946.9335],[32562626.9132,5780926.9153],[32562631.7078,5780913.454],[32562640.6292,5780881.4738],[32562642.3198,5780861.4863],[32562635.7821,5780854.9906],[32562624.5074,5780856.49],[32562611.0088,5780867.9832],[32562596.2866,5780893.3113],[32562555.0302,5780998.9038],[32562533.6933,5781067.8626],[32562521.606,5781129.3263],[32562519.2708,5781183.7941],[32562520.6882,5781236.2633],[32562526.5163,5781337.2049],[32562525.3297,5781358.6928],[32562518.8767,5781379.1818],[32562503.6531,5781400.171],[32562483.4231,5781423.1594],[32562465.9609,5781449.6459],[32562454.2723,5781479.1306],[32562450.8668,5781512.6127],[32562453.6572,5781537.6339],[32562430.8907,5781569.2564],[32562422.4022,5781586.8298],[32562419.6787,5781601.3248],[32562411.5973,5781696.4381],[32562363.3304,5781759.0833],[32562180.9551,5781778.8022]],[[32562891.7574,5780252.8782],[32562857.1903,5780260.8708],[32562822.8952,5780275.3594],[32562790.3698,5780294.3452],[32562764.3769,5780317.8291],[32562746.9235,5780346.3108],[32562740.2708,5780381.2894],[32562750.3985,5780411.7714],[32562777.778,5780428.7621],[32562792.0709,5780432.3684],[32562812.8478,5780437.6107],[32562815.4101,5780438.2572],[32562856.5429,5780445.2534],[32562890.1406,5780447.7519],[32562914.1916,5780443.7546],[32562963.7633,5780425.2667],[32562991.7955,5780412.2751],[32563011.5347,5780392.7883],[32563023.9934,5780369.8039],[32563027.7167,5780353.4395],[32563029.6776,5780344.821],[32563028.0972,5780321.3371],[32563017.2484,5780299.8517],[32562996.3791,5780280.3646],[32562965.1866,5780263.8768],[32562964.2373,5780263.375],[32562927.1045,5780253.3799],[32562891.7574,5780252.8782]],[[32562375.4816,5781449.1512],[32562379.2084,5781438.6568],[32562377.4214,5781428.1626],[32562372.1301,5781419.1676],[32562353.043,5781406.6755],[32562247.1114,5781355.2083],[32562230.78,5781342.7156],[32562224.4599,5781325.725],[32562224.9057,5781308.2346],[32562229.116,5781292.2433],[32562261.7959,5781213.2692],[32562281.8473,5781164.8132],[32562288.2826,5781139.3275],[32562287.7091,5781116.8402],[32562283.3052,5781105.9532],[32562280.6342,5781099.3502],[32562267.3185,5781089.8556],[32562250.0115,5781086.3576],[32562233.4694,5781086.8573],[32562220.1972,5781090.855],[32562213.1996,5781097.3513],[32562202.5361,5781132.8317],[32562192.5905,5781157.8179],[32562160.4183,5781208.2903],[32562143.7208,5781238.2742],[32562131.2827,5781267.7584],[32562125.3456,5781292.2453],[32562122.8441,5781372.2028],[32562123.4534,5781406.1848],[32562129.4242,5781424.9685],[32562131.5548,5781431.6712],[32562150.8893,5781442.6648],[32562176.4597,5781444.163],[32562255.6496,5781440.162],[32562281.2257,5781443.659],[32562323.8976,5781464.1459],[32562338.439,5781465.6443],[32562364.4769,5781456.6478],[32562375.4816,5781449.1512]],[[32562229.1598,5779923.3658],[32562241.131,5779903.8747],[32562298.1782,5779855.0054],[32562342.6204,5779816.934],[32562358.3303,5779790.4463],[32562355.2301,5779758.9528],[32562338.0909,5779725.4549],[32562311.4264,5779691.4548],[32562278.2618,5779664.4518],[32562241.1179,5779649.945],[32562203.5054,5779645.9577],[32562168.6356,5779652.9476],[32562134.3439,5779669.9296],[32562098.5747,5779694.9096],[32562064.8295,5779724.3895],[32562036.3517,5779753.8715],[32562016.8949,5779781.8574],[32562006.7353,5779810.8456],[32562004.3761,5779841.8338],[32562006.3121,5779860.3883],[32562007.9724,5779876.3013],[32562018.8409,5779905.2958],[32562037.1809,5779919.7975],[32562059.4978,5779923.8039],[32562075.8699,5779921.2685],[32562082.0428,5779920.3126],[32562113.0917,5779911.3257],[32562121.8705,5779913.8283],[32562130.9174,5779922.3294],[32562136.2259,5779937.8276],[32562144.1001,5779973.3221],[32562150.9102,5779987.8215],[32562161.2158,5779997.8231],[32562176.0102,5780000.3281],[32562196.2867,5779992.3376],[32562213.2713,5779973.3483],[32562229.1598,5779923.3658]]],[[[32555486.7971,5762759.4464],[32555481.6513,5762796.9228],[32555483.0243,5762834.8979],[32555490.399,5762868.3747],[32555498.7623,5762897.3543],[32555508.8614,5762920.3375],[32555520.9436,5762936.3248],[32555536.7702,5762947.3147],[32555556.9906,5762959.0528],[32555595.2822,5762981.2814],[32555616.8914,5762997.7666],[32555667.163,5763041.7281],[32555736.9974,5763089.1832],[32555761.3996,5763116.9499],[32555770.195,5763126.9579],[32555804.6656,5763165.1199],[32555816.2278,5763175.1109],[32555830.5408,5763183.1027],[32555846.8498,5763188.0963],[32555868.0587,5763189.0774],[32555901.2828,5763216.1481],[32555891.0785,5763223.5639],[32555882.3416,5763235.058],[32555876.6188,5763248.5502],[32555874.4071,5763262.5414],[32555876.9548,5763275.5323],[32555884.5094,5763286.5234],[32555916.9459,5763318.4956],[32555923.7485,5763329.487],[32555927.2925,5763340.4789],[32555927.3288,5763351.9713],[32555923.6052,5763363.4644],[32555918.1237,5763373.9585],[32555912.379,5763380.4554],[32555905.8713,5763383.4547],[32555897.098,5763383.4566],[32555885.5565,5763379.9612],[32555870.9959,5763372.9688],[32555834.0663,5763346.9935],[32555812.9443,5763326.0117],[32555792.054,5763299.0338],[32555758.5642,5763251.0721],[32555745.2365,5763237.5837],[32555730.9202,5763228.5925],[32555716.6213,5763225.0977],[32555703.3392,5763226.0997],[32555693.5822,5763232.0976],[32555688.8526,5763242.5917],[32555686.8899,5763256.0832],[32555686.6897,5763272.0727],[32555690.5112,5763291.5591],[32555701.0349,5763319.0797],[32555714.7753,5763355.0124],[32555723.4579,5763383.3122],[32555732.2508,5763411.9715],[32555733.5454,5763420.3133],[32555716.5524,5763430.5095],[32555704.0037,5763430.5097],[32555682.024,5763408.5306],[32555677.4291,5763435.4672],[32555671.2208,5763453.9563],[32555663.004,5763471.4466],[32555651.7775,5763488.4378],[32555591.0528,5763547.9115],[32555546.2934,5763582.898],[32555557.1957,5763462.9739],[32555559.0892,5763427.4967],[32555557.7697,5763406.5106],[32555553.6898,5763384.5258],[32555547.1126,5763365.5395],[32555537.7969,5763352.5498],[32555525.4922,5763345.5569],[32555510.6903,5763341.5625],[32555495.1441,5763340.0666],[32555480.3594,5763341.5685],[32555464.8369,5763347.5677],[32555448.0736,5763357.5646],[32555432.0734,5763371.059],[32555418.5876,5763387.0514],[32555390.0239,5763435.0924],[32555368.9671,5763470.5075],[32555365.5319,5763474.928],[32555358.4814,5763484.0009],[32555319.339,5763521.574],[32555302.2502,5763537.9777],[32555271.7721,5763570.9627],[32555261.0419,5763586.4549],[32555220.7078,5763673.9075],[32555197.2764,5763715.8856],[32555182.5406,5763746.2737],[32555177.3591,5763759.3622],[32555174.5387,5763778.5018],[32555174.4137,5763779.3501],[32555175.9665,5763794.8399],[32555179.7642,5763806.8315],[32555186.8175,5763817.823],[32555197.628,5763827.8143],[32555274.2419,5763878.2655],[32555284.7969,5763886.7578],[32555290.0877,5763895.2512],[32555290.3651,5763903.7457],[32555285.3831,5763913.7404],[32555277.1281,5763919.2387],[32555266.8505,5763919.2409],[32555225.4579,5763909.2563],[32555210.0987,5763904.1623],[32555175.7726,5763892.7777],[32555151.9397,5763886.7867],[32555128.1162,5763883.7937],[32555106.0552,5763883.2988],[32555097.816,5763885.1789],[32555088.5205,5763887.3],[32555075.769,5763897.7962],[32555066.7994,5763915.2871],[32555063.5053,5763927.6259],[32555061.5965,5763934.7759],[32555059.8965,5763952.2653],[32555061.7485,5763983.2454],[32555065.3034,5763997.7354],[32555071.105,5764009.2269],[32555089.4811,5764033.7073],[32555104.6048,5764060.1874],[32555105.1422,5764071.68],[32555101.1643,5764082.1743],[32555093.6785,5764093.169],[32555081.3938,5764092.672],[32555068.8427,5764087.1783],[32555054.8819,5764078.9511],[32555014.5962,5764055.2105],[32554995.504,5764042.2229],[32554961.318,5764012.2492],[32554940.9724,5763999.2618],[32554918.1279,5763988.7733],[32554894.2916,5763981.7828],[32554871.4704,5763978.7896],[32554851.1671,5763979.2937],[32554834.6365,5763983.7945],[32554822.3783,5763991.7921],[32554812.3855,5764002.7875],[32554802.3991,5764015.7817],[32554787.1843,5764040.2698],[32554704.4015,5764262.1517],[32554699.1965,5764281.1412],[32554698.0753,5764297.0061],[32554700.788,5764309.1237],[32554707.0863,5764319.1162],[32554716.1359,5764327.1092],[32554727.9351,5764332.6032],[32554741.7351,5764336.5975],[32554758.7846,5764337.5929],[32554778.3299,5764335.09],[32554798.1165,5764329.5887],[32554815.6423,5764322.589],[32554831.9021,5764311.5922],[32554847.9004,5764297.0974],[32554862.8879,5764280.1045],[32554879.5111,5764257.8602],[32554911.0673,5764215.6336],[32554924.8156,5764203.1382],[32554938.8286,5764195.1399],[32554952.8493,5764189.6403],[32554965.6292,5764188.1383],[32554976.6654,5764190.1345],[32554986.2161,5764198.1274],[32554994.5292,5764211.1174],[32555002.3519,5764227.6053],[32554993.0884,5764255.465],[32554967.7441,5764331.6876],[32554956.6576,5764365.03],[32554933.2905,5764445.2776],[32554924.6171,5764475.0641],[32554917.2235,5764500.4552],[32554914.5224,5764518.4447],[32554917.0838,5764535.9333],[32554923.1441,5764549.9231],[32554930.6942,5764559.4154],[32554940.4942,5764566.9084],[32554972.8947,5764586.8882],[32554998.2463,5764597.3755],[32555025.8478,5764605.8635],[32555052.188,5764611.8533],[32555138.5396,5764623.805],[32555149.4939,5764625.3211],[32555087.8551,5764634.3305],[32555048.5217,5764641.8355],[32555029.0707,5764642.7636],[32554977.822,5764639.3544],[32554907.343,5764627.379],[32554874.7246,5764617.8927],[32554837.5766,5764602.9111],[32554787.8634,5764577.9385],[32554768.1175,5764565.3893],[32554714.7693,5764531.4844],[32554661.2582,5764494.5197],[32554598.4672,5764456.0577],[32554567.6391,5764440.6199],[32554489.7511,5764401.6158],[32554424.5453,5764392.6361],[32554346.3224,5764389.6556],[32554293.16,5764384.1708],[32554267.8192,5764377.1805],[32554215.6052,5764354.2057],[32554223.6845,5764372.693],[32554228.2435,5764387.6831],[32554227.7795,5764399.6761],[32554222.2831,5764405.6738],[32554214.5165,5764407.1747],[32554194.0993,5764403.2726],[32554170.1188,5764398.6896],[32554159.3393,5764398.6919],[32554149.3211,5764401.6925],[32554140.5689,5764408.6903],[32554133.8283,5764417.6865],[32554131.8539,5764427.6811],[32554137.4016,5764438.1737],[32554148.2184,5764450.1643],[32554158.7938,5764465.1531],[32554165.8612,5764480.6424],[32554166.1507,5764493.1351],[32554223.4535,5764496.7512],[32554269.9737,5764499.6869],[32554281.251,5764500.3986],[32554349.872,5764504.729],[32554402.8448,5764508.0719],[32554443.7158,5764511.0607],[32554475.0655,5764515.5506],[32554551.0852,5764535.5208],[32554681.2342,5764590.6674],[32554789.0599,5764639.9001],[32554849.5295,5764674.4035],[32554880.974,5764692.3454],[32554895.7987,5764703.3349],[32554934.2641,5764738.8035],[32554885.2508,5764744.1926],[32554856.8298,5764747.3175],[32554840.797,5764750.8193],[32554824.7705,5764756.3199],[32554778.9657,5764778.8175],[32554752.9476,5764795.8135],[32554732.208,5764817.3057],[32554715.4902,5764842.2946],[32554684.8215,5764895.2702],[32554671.789,5764896.2729],[32554661.5046,5764894.2767],[32554653.9669,5764888.7819],[32554651.4226,5764876.7898],[32554653.1196,5764858.3006],[32554657.8155,5764836.8124],[32554698.4983,5764699.3859],[32554699.6986,5764682.396],[32554694.881,5764664.9078],[32554686.8123,5764652.0183],[32554675.2527,5764640.9271],[32554659.69,5764634.4349],[32554636.8574,5764627.9443],[32554610.7722,5764623.4534],[32554584.4456,5764621.9606],[32554501.6445,5764625.3328],[32554440.5787,5764630.4899],[32554426.791,5764630.4932],[32554413.2477,5764628.4976],[32554399.1906,5764622.5044],[32554385.6224,5764612.5136],[32554371.0405,5764599.0252],[32554343.6441,5764576.0453],[32554317.2722,5764560.0609],[32554290.1716,5764551.5722],[32554236.2679,5764549.5859],[32554207.9466,5764551.5912],[32554179.6361,5764557.0944],[32554154.8537,5764568.5934],[32554135.3453,5764583.0894],[32554105.8449,5764609.0811],[32554092.328,5764615.5804],[32554079.0524,5764619.0814],[32554067.5176,5764618.0846],[32554058.2235,5764612.0903],[32554035.0547,5764578.1152],[32554028.0122,5764570.6212],[32553988.3214,5764544.1455],[32553974.7641,5764537.6523],[32553938.1311,5764527.1664],[32553926.3426,5764525.1702],[32553883.4952,5764531.676],[32553874.7274,5764533.6768],[32553865.469,5764539.1757],[32553859.7326,5764548.6714],[32553860.285,5764565.162],[32553877.7297,5764612.6309],[32553899.1776,5764657.6004],[32553910.5098,5764674.0884],[32553938.1709,5764701.5662],[32554041.1443,5764763.0067],[32554069.7865,5764783.488],[32554101.205,5764809.9652],[32554137.4084,5764843.4369],[32554205.0366,5764905.3841],[32554307.4796,5764796.4232],[32554416.4709,5764697.4556],[32554432.2268,5764685.459],[32554447.992,5764676.4606],[32554466.2702,5764669.4604],[32554486.8171,5764666.4573],[32554497.4534,5764667.2496],[32554506.8767,5764667.9515],[32554526.6964,5764672.9437],[32554546.0225,5764680.4345],[32554565.1059,5764690.4239],[32554583.1943,5764702.9119],[32554597.7746,5764715.9005],[32554606.8367,5764727.8911],[32554611.3865,5764739.8826],[32554612.4313,5764753.3743],[32554609.9651,5764766.3669],[32554603.7354,5764778.3613],[32554588.495,5764794.8551],[32554567.4764,5764807.3528],[32554551.4513,5764813.3531],[32554523.4157,5764821.0054],[32554516.6355,5764822.856],[32554514.6565,5764831.3515],[32554507.4209,5764842.3466],[32554490.1797,5764860.3401],[32554475.9248,5764871.3371],[32554452.6483,5764883.3357],[32554387.1607,5764904.4171],[32554353.2249,5764915.3416],[32554333.9467,5764923.3416],[32554317.9354,5764933.8394],[32554305.6905,5764946.3351],[32554298.2167,5764961.3281],[32554294.0126,5764979.8183],[32554289.8754,5765019.7958],[32554290.6758,5765035.2864],[32554300.3427,5765090.0987],[32554302.9253,5765104.7424],[32554322.789,5765123.7261],[32554341.8898,5765139.212],[32554361.7316,5765151.1998],[32554379.297,5765156.692],[32554395.8519,5765159.6859],[32554458.7968,5765166.6653],[32554522.2647,5765180.6403],[32554538.0831,5765188.6314],[32554551.4023,5765199.1216],[32554564.2295,5765212.6101],[32554558.2599,5765227.6028],[32554541.0435,5765253.5918],[32554516.2332,5765282.9143],[32554503.8281,5765297.5755],[32554476.2355,5765372.5384],[32554469.137,5765427.5077],[32554461.7853,5765456.2338],[32554453.5338,5765488.4759],[32554446.9118,5765535.45],[32554449.7271,5765553.9383],[32554457.0423,5765568.4277],[32554468.1148,5765581.9166],[32554393.2259,5765572.691],[32554356.7705,5765569.9546],[32554268.2919,5765558.4269],[32554167.6657,5765543.5221],[32554101.436,5765528.5488],[32553922.3005,5765483.6229],[32553869.6112,5765469.6448],[32553826.4498,5765456.1638],[32553689.8997,5765400.7306],[32553645.6291,5765379.714],[32553535.244,5765327.3109],[32553464.1845,5765290.8486],[32553388.0849,5765245.8918],[32553374.7625,5765234.4014],[32553362.9382,5765220.9115],[32553351.6012,5765202.924],[32553343.2572,5765179.9386],[32553334.5729,5765127.9689],[32553339.0005,5765100.4828],[32553348.0393,5765066.225],[32553362.8569,5765032.5142],[32553376.5679,5765007.5247],[32553393.2901,5764983.5339],[32553412.7807,5764963.0405],[32553439.0416,5764943.0455],[32553507.5983,5764900.0534],[32553568.6938,5764876.5513],[32553595.9872,5764866.0521],[32553621.7681,5764853.0534],[32553675.3154,5764820.5593],[32553700.0641,5764798.0662],[32553721.3015,5764775.0742],[32553740.2703,5764748.0851],[32553753.7117,5764717.0996],[32553762.8881,5764685.1156],[32553769.802,5764651.1333],[32553769.505,5764555.1877],[32553771.642,5764516.709],[32553775.8496,5764499.218],[32553781.605,5764488.761],[32553783.8267,5764484.7245],[32553793.8125,5764471.23],[32553805.5592,5764459.734],[32553813.7823,5764455.3538],[32553807.9287,5764420.2353],[32553807.9281,5764374.8159],[32553821.2264,5764281.7177],[32553815.2557,5764271.8388],[32553837.1259,5764210.3693],[32553842.5961,5764195.8765],[32553866.7826,5764153.8956],[32553885.3472,5764158.3893],[32553898.4059,5764165.8823],[32553905.4669,5764179.3732],[32553906.0099,5764192.8654],[32553904.5368,5764202.8599],[32553893.5809,5764226.8484],[32553888.8628,5764241.3411],[32553890.401,5764252.3345],[32553896.19,5764259.829],[32553904.7302,5764265.3241],[32553914.7655,5764267.8205],[32553926.0416,5764266.319],[32553938.0559,5764260.32],[32553950.0532,5764248.8241],[32554018.957,5764156.863],[32554076.6262,5764079.896],[32554155.2622,5763982.7398],[32554252.8592,5763862.1571],[32554361.809,5763727.5477],[32554375.632,5763739.0381],[32554389.4551,5763750.5286],[32554457.0807,5763812.4779],[32554473.9135,5763824.4674],[32554494.2528,5763835.4567],[32554517.84,5763842.9474],[32554544.4196,5763845.4404],[32554590.0306,5763841.4335],[32554609.0682,5763836.9324],[32554707.9846,5763804.4321],[32554727.2991,5763808.4256],[32554746.6139,5763812.4192],[32554784.8893,5763787.4267],[32554801.9103,5763779.4281],[32554838.6915,5763765.0632],[32554845.2393,5763762.5059],[32554881.2777,5763748.4311],[32554917.1433,5763674.4699],[32554926.3433,5763650.483],[32554929.0537,5763635.4919],[32554929.4768,5763610.5074],[32554948.3895,5763512.897],[32554957.8455,5763464.0936],[32554969.5176,5763429.1133],[32554983.7135,5763399.6291],[32554989.659,5763377.1421],[32554987.6162,5763365.1501],[32554982.316,5763353.6583],[32554974.0063,5763341.6674],[32554955.0509,5763292.202],[32554951.4899,5763275.713],[32554950.9305,5763257.2248],[32554953.6237,5763236.7371],[32554959.325,5763216.249],[32554979.9929,5763172.2728],[32555059.4972,5763025.851],[32555090.1725,5762975.8773],[32555109.1464,5762951.3895],[32555126.3845,5762932.8982],[32555164.8835,5762899.9125],[32555192.9063,5762883.4181],[32555223.9544,5762872.4197],[32555260.0221,5762863.4192],[32555276.7994,5762857.9197],[32555308.5899,5762843.9232],[32555361.3686,5762808.4368],[32555406.1132,5762768.9545],[32555427.6215,5762753.4608],[32555449.6406,5762740.965],[32555485.8285,5762724.2289],[32555497.1974,5762718.971],[32555486.7971,5762759.4464]],[[32553739.4489,5764887.5066],[32553682.3023,5764891.0181],[32553669.076,5764910.5103],[32553660.3622,5764930.0014],[32553656.9206,5764951.9899],[32553658.7234,5764967.4808],[32553664.9126,5764980.6268],[32553672.6028,5764996.961],[32553676.4112,5765012.4514],[32553676.7038,5765025.9437],[32553672.7872,5765056.4276],[32553662.8772,5765094.4088],[32553634.7611,5765162.8774],[32553615.8758,5765216.852],[32553611.4159,5765233.8437],[32553608.4545,5765329.791],[32553688.0239,5765361.7529],[32553836.2959,5765397.6943],[32553870.3986,5765319.7297],[32553883.0318,5765270.7543],[32553887.9525,5765240.77],[32553889.8679,5765211.7861],[32553889.032,5765184.8016],[32553881.8045,5765117.8416],[32553881.4996,5765100.3517],[32553885.1404,5765061.8727],[32553923.2223,5765054.3676],[32553941.2472,5765046.3677],[32553956.7513,5765033.871],[32553977.9715,5765005.3821],[32554001.8981,5764960.4021],[32553932.8292,5764918.9427],[32553903.209,5764906.457],[32553875.3622,5764899.9674],[32553842.5046,5764894.4783],[32553772.7924,5764887.9985],[32553739.4489,5764887.5066]]],[[[32566430.8012,5775593.3001],[32566466.0977,5775587.3069],[32566500.1903,5775586.8094],[32566535.6165,5775594.3063],[32566600.5772,5775622.7998],[32566631.2541,5775638.3093],[32566679.9967,5775675.7852],[32566718.5722,5775701.0174],[32566763.192,5775726.2507],[32566831.5731,5775754.9328],[32566873.8662,5775776.4419],[32566901.7787,5775797.0525],[32566921.612,5775820.3497],[32566929.7343,5775832.8938],[32566946.6591,5775891.7251],[32566953.5213,5775924.7113],[32566954.8622,5775954.6983],[32566948.3281,5775973.9439],[32566932.9028,5775986.6817],[32566911.6259,5775995.1754],[32566860.8333,5776022.6574],[32566837.3233,5776038.6474],[32566817.3378,5776060.1355],[32566802.8963,5776092.1196],[32566794.7338,5776128.6026],[32566793.5761,5776160.5884],[32566801.0874,5776190.5167],[32566813.2807,5776211.5683],[32566834.3849,5776227.5638],[32566859.974,5776234.5638],[32566885.5465,5776236.0661],[32566906.0934,5776233.5695],[32566928.3758,5776225.0758],[32566974.4634,5776201.0792],[32567032.9818,5776170.6103],[32567068.2856,5776157.619],[32567101.6058,5776151.1245],[32567161.2601,5776147.6296],[32567184.3146,5776144.6321],[32567201.3422,5776138.6358],[32567215.5985,5776128.6413],[32567230.5932,5776114.6488],[32567243.8163,5776095.6587],[32567245.4447,5776090.2664],[32567250.7585,5776072.6704],[32567253.1767,5776046.1835],[32567252.5758,5776016.1979],[32567245.7122,5775987.2113],[32567230.34,5775962.222],[32567208.4633,5775940.7301],[32567189.4746,5775926.7924],[32567182.5859,5775921.7361],[32567156.6996,5775899.2438],[32567134.5616,5775872.2537],[32567125.2877,5775857.1956],[32567117.9393,5775845.264],[32567108.0999,5775823.2728],[32567097.4477,5775780.2907],[32567070.4217,5775704.7907],[32567061.2902,5775654.6168],[32567054.2792,5775559.9333],[32567057.0801,5775527.0035],[32567065.7653,5775498.8176],[32567087.1135,5775467.7175],[32567112.3952,5775447.3095],[32567146.4601,5775429.8187],[32567183.4706,5775419.1318],[32567225.3728,5775414.2772],[32567256.5632,5775413.3089],[32567291.5951,5775415.9684],[32567327.6767,5775413.4732],[32567403.56,5775395.4882],[32567437.3757,5775389.4939],[32567466.4568,5775392.4951],[32567493.0604,5775404.9919],[32567517.6684,5775420.487],[32567541.2638,5775432.4836],[32567566.3592,5775442.9809],[32567596.468,5775453.4784],[32567633.8327,5775459.4784],[32567680.6895,5775454.4839],[32567727.9503,5775433.5179],[32567766.749,5775400.5135],[32567826.1833,5775328.5493],[32567854.6844,5775304.5618],[32567886.2247,5775290.5699],[32567926.9137,5775282.1436],[32567926.469,5775340.2226],[32567932.9832,5775410.2502],[32567941.1259,5775440.3784],[32567946.8259,5775474.5779],[32567964.7399,5775514.4774],[32567986.7253,5775551.1198],[32568037.2104,5775608.9333],[32568061.6386,5775633.3615],[32568108.8666,5775671.6324],[32568155.2802,5775696.875],[32568253.8075,5775765.274],[32568296.964,5775786.4452],[32568369.1962,5775840.9535],[32568369.268,5775841.0136],[32568365.1173,5776142.4814],[32568321.8571,5776193.8668],[32568231.7057,5776307.6352],[32568185.0275,5776353.1633],[32568140.9276,5776386.4148],[32568117.8087,5776397.9305],[32568081.5037,5776410.4261],[32568042.8295,5776418.9256],[32568007.404,5776421.9285],[32567884.0069,5776425.4555],[32567854.4555,5776428.4567],[32567795.2362,5776444.4473],[32567721.4065,5776469.4271],[32567681.8527,5776478.405],[32567660.7719,5776481.4193],[32567608.8543,5776482.4244],[32567550.7165,5776486.9262],[32567488.3414,5776498.9239],[32567436.0149,5776517.9164],[32567276.6737,5776585.823],[32567236.7693,5776604.8778],[32567217.7562,5776616.3719],[32567203.5055,5776627.8659],[32567176.0295,5776657.849],[32567157.529,5776672.8409],[32567118.2363,5776691.8317],[32567103.232,5776702.8259],[32567092.0136,5776721.8146],[32567081.5713,5776748.2984],[32567072.8932,5776777.7801],[32567067.2167,5776805.2625],[32567059.7629,5776825.7495],[32567047.0226,5776839.2416],[32567032.0071,5776846.738],[32567002.6943,5776851.2376],[32566984.6611,5776855.7362],[32566943.596,5776869.2307],[32566906.0562,5776887.7214],[32566859.2807,5776918.205],[32566841.2572,5776925.7015],[32566810.2154,5776933.1732],[32566776.8864,5776941.1955],[32566758.114,5776949.6911],[32566740.6031,5776960.685],[32566740.2119,5776943.8009],[32566738.309,5776861.6765],[32566727.908,5776864.2762],[32566700.7092,5776867.2972],[32566677.2859,5776863.5204],[32566663.6828,5776854.4564],[32566661.5507,5776851.7449],[32566647.0529,5776833.3069],[32566631.9276,5776798.5609],[32566623.605,5776771.3681],[32566630.4049,5776768.3472],[32566655.3408,5776766.0825],[32566782.286,5776762.3097],[32566808.9762,5776763.4534],[32566813.2182,5776709.8294],[32566813.7095,5776707.4758],[32566821.3554,5776670.8505],[32566832.2868,5776642.3658],[32566865.6596,5776578.9002],[32566884.0666,5776537.4223],[32566898.215,5776496.9435],[32566904.3567,5776460.962],[32566902.2426,5776429.9772],[32566891.8663,5776401.9902],[32566873.4739,5776375.5015],[32566843.0703,5776355.0083],[32566801.6758,5776345.5081],[32566756.7971,5776343.0037],[32566724.9581,5776345.2947],[32566669.0927,5776350.9886],[32566613.2248,5776358.9775],[32566560.1253,5776369.9651],[32566521.8241,5776384.4532],[32566492.5813,5776410.9373],[32566462.378,5776451.4151],[32566437.953,5776496.3919],[32566426.293,5776535.3732],[32566426.3834,5776564.3608],[32566433.7236,5776586.8523],[32566449.5652,5776602.3482],[32566475.1666,5776612.3478],[32566504.7621,5776616.8504],[32566560.6773,5776619.8567],[32566589.0346,5776627.8564],[32566612.4065,5776643.8515],[32566625.5175,5776664.8427],[32566631.6178,5776688.3319],[32566632.4479,5776710.3213],[32566625.5128,5776734.3089],[32566610.3143,5776761.2943],[32566564.6763,5776830.2565],[32566554.9778,5776852.7443],[32566547.8007,5776879.2303],[32566543.658,5776913.2122],[32566546.0309,5776946.6944],[32566554.1336,5776970.1817],[32566566.9823,5776989.1712],[32566531.3814,5776988.1711],[32566502.757,5776975.1773],[32566482.1269,5776954.6873],[32566459.886,5776904.7116],[32566454.5072,5776896.271],[32566441.732,5776876.224],[32566417.822,5776850.7339],[32566389.6739,5776831.7393],[32566358.5397,5776818.741],[32566298.6918,5776800.0449],[32566244.6165,5776786.7358],[32566203.7098,5776771.7347],[32566169.3024,5776749.7378],[32566140.9023,5776723.7435],[32566117.2607,5776695.251],[32566098.8707,5776661.7617],[32566087.9783,5776620.277],[32566085.3345,5776570.7973],[32566092.4469,5776515.3221],[32566112.3487,5776463.8476],[32566122.0568,5776452.0976],[32566143.3142,5776426.3695],[32566178.8208,5776399.8876],[32566212.6015,5776383.4011],[32566302.9605,5776348.9325],[32566351.7783,5776333.4477],[32566386.8402,5776326.9566],[32566412.392,5776324.462],[32566438.1816,5776317.4692],[32566461.708,5776307.4772],[32566479.7172,5776295.9851],[32566488.1958,5776281.4927],[32566485.3814,5776261.0011],[32566471.5348,5776238.0088],[32566446.1608,5776214.5146],[32566400.4838,5776189.0173],[32566339.7624,5776162.0171],[32566263.7313,5776133.0126],[32566268.3026,5776151.5064],[32566271.13,5776173.9983],[32566268.9434,5776196.4888],[32566258.4751,5776215.4791],[32566240.7269,5776230.4695],[32566219.2073,5776241.4605],[32566195.4169,5776247.453],[32566170.1079,5776248.9469],[32566144.7832,5776245.9423],[32566119.1938,5776239.4388],[32566092.8242,5776225.9374],[32566064.9301,5776203.4596],[32566043.6852,5776169.9863],[32566035.2339,5776132.4881],[32566034.4934,5776090.0053],[32566052.3025,5776042.0325],[32566073.6656,5775997.5587],[32566102.3214,5775952.0858],[32566104.8741,5775948.9582],[32566131.2777,5775916.6073],[32566169.8775,5775876.5026],[32566182.7385,5775863.1402],[32566195.2309,5775850.6478],[32566226.9843,5775825.6637],[32566263.2912,5775810.1748],[32566296.377,5775800.6818],[32566328.5113,5775798.1848],[32566352.9153,5775803.6838],[32566368.8023,5775814.1814],[32566378.6674,5775829.1789],[32566384.2631,5775848.6784],[32566386.8883,5775870.1749],[32566385.5549,5775907.1441],[32566430.754,5775857.1774],[32566450.7126,5775831.1959],[32566465.1471,5775805.7138],[32566474.305,5775780.7258],[32566477.7014,5775756.2294],[32566475.6062,5775734.2336],[32566468.7185,5775713.74],[32566458.5585,5775694.7481],[32566445.3968,5775677.257],[32566429.7536,5775661.2654],[32566420.6519,5775642.2751],[32566421.8412,5775619.7866],[32566430.8012,5775593.3001]]],[[[32546128.562,5763810.0824],[32546110.2625,5763806.8382],[32546105.993,5763806.0813],[32546082.6905,5763809.079],[32546062.1604,5763817.076],[32546047.9022,5763826.5734],[32546022.9449,5763849.1287],[32545955.1115,5763910.4337],[32545902.4361,5763958.0394],[32545868.4323,5763985.0327],[32545836.1682,5764007.5275],[32545807.7547,5764022.6679],[32545761.665,5764038.9385],[32545714.8864,5764051.317],[32545688.4327,5764061.7452],[32545660.9973,5764075.2934],[32545664.9326,5763645.7333],[32545679.2483,5763632.9974],[32545702.519,5763608.506],[32545732.7502,5763572.7701],[32545769.5059,5763521.6686],[32545796.2516,5763475.4103],[32545825.311,5763415.7492],[32545836.9957,5763385.7577],[32545845.4297,5763358.2658],[32545848.3633,5763335.2735],[32545846.7726,5763308.7842],[32545842.1513,5763275.7987],[32545835.0233,5763243.3144],[32545825.9172,5763219.3274],[32545792.1295,5763162.3618],[32545772.9503,5763125.382],[32545759.2986,5763091.8988],[32545750.9311,5763065.3148],[32545743.0637,5763035.9244],[32545738.9591,5763008.436],[32545740.1136,5762979.4471],[32545745.2339,5762958.0223],[32545747.2807,5762949.4576],[32545766.549,5762905.9073],[32545778.3715,5762877.9797],[32545779.8533,5762859.6939],[32545778.0111,5762844.0627],[32545766.9721,5762818.3183],[32545752.2559,5762793.4938],[32545724.6664,5762757.6369],[32545709.0319,5762729.1344],[32545698.9145,5762697.8727],[32545693.3947,5762666.6103],[32545692.4694,5762632.5888],[32545694.572,5762610.7938],[32545695.2193,5762604.084],[32545699.8017,5762565.4649],[32545703.4574,5762496.5042],[32545707.1361,5762459.7245],[32545715.959,5762425.6588],[32545733.9328,5762399.1644],[32545754.4271,5762378.1668],[32545791.6786,5762345.6682],[32545858.1836,5762291.6663],[32545958.8853,5762254.6593],[32546056.9684,5762218.6146],[32546089.0409,5762215.1048],[32546134.3793,5762205.5907],[32546170.4259,5762190.5807],[32546194.1997,5762178.5743],[32546220.4642,5762161.5681],[32546244.7073,5762139.5631],[32546263.4327,5762116.56],[32546290.883,5762078.5558],[32546333.2702,5762026.3906],[32546389.4217,5761957.2859],[32546398.7408,5761946.535],[32546427.2282,5761919.528],[32546456.4788,5761896.0201],[32546481.4974,5761881.5127],[32546499.0411,5761873.7568],[32546571.0937,5761838.9877],[32546597.3635,5761823.982],[32546623.3728,5761805.9772],[32546709.8905,5761741.3604],[32546761.1187,5761693.3574],[32546793.6147,5761665.8418],[32546805.549,5761657.7295],[32546828.8788,5761641.8709],[32546991.2899,5761560.9091],[32547067.1027,5761518.9331],[32547127.8523,5761488.991],[32547166.4446,5761466.9836],[32547194.4402,5761443.0069],[32547221.4203,5761415.0313],[32547267.9348,5761360.1078],[32547345.0081,5761264.1527],[32547454.1129,5761207.7146],[32547504.2518,5761182.6507],[32547561.0413,5761162.6331],[32547565.205,5761161.1654],[32547614.367,5761151.9749],[32547622.5731,5761150.4408],[32547705.04,5761144.5205],[32547802.8382,5761147.5115],[32548036.1055,5761166.1739],[32548120.6651,5761170.9043],[32548277.2351,5761175.4337],[32548307.5038,5761171.3995],[32548316.785,5761167.8437],[32548325.624,5761161.197],[32548332.7853,5761149.7101],[32548336.7823,5761125.068],[32548337.5369,5761122.0394],[32548551.8738,5761124.2473],[32548561.1939,5761171.7605],[32548562.5205,5761189.4352],[32548559.8692,5761203.5746],[32548552.3562,5761213.7375],[32548540.7673,5761223.0012],[32548514.7596,5761241.9942],[32548490.2783,5761267.9835],[32548470.3122,5761294.9706],[32548458.1006,5761316.9579],[32548450.1599,5761341.9401],[32548435.2481,5761406.5688],[32548419.0149,5761476.9247],[32548406.3394,5761509.9506],[32548387.6664,5761548.487],[32548360.7466,5761594.5323],[32548327.3083,5761640.0665],[32548294.0878,5761675.5764],[32548250.5954,5761712.5643],[32548184.3947,5761780.0768],[32548184.0685,5761757.5156],[32548180.9883,5761735.9568],[32548174.4002,5761714.908],[32548160.5514,5761696.381],[32548145.5883,5761685.1218],[32548141.9553,5761682.3881],[32548118.8513,5761669.431],[32548037.1472,5761718.7707],[32547968.7555,5761760.0712],[32547858.6626,5761813.6302],[32547824.1731,5761832.699],[32547798.6157,5761850.7156],[32547747.1137,5761903.7365],[32547718.9786,5761937.2218],[32547692.0443,5761975.1215],[32547656.8424,5762024.6547],[32547619.3776,5762072.1786],[32547594.6551,5762100.1845],[32547515.7033,5762176.6797],[32547479.4726,5762207.6634],[32547441.771,5762233.6321],[32547393.7829,5762261.2076],[32547336.9894,5762288.8613],[32547285.3405,5762328.4599],[32547195.5864,5762397.2734],[32547124.4994,5762458.207],[32547142.2723,5762484.8058],[32547161.7432,5762505.5578],[32547166.1586,5762509.4157],[32547176.6904,5762518.6176],[32547213.2849,5762545.7797],[32547229.7221,5762557.9801],[32547205.5407,5762581.3193],[32547158.7617,5762626.4692],[32547129.5118,5762658.6944],[32547127.4611,5762660.9537],[32547073.3474,5762720.783],[32547033.8876,5762764.4106],[32547000.8983,5762794.4055],[32546966.6283,5762816.4166],[32546902.553,5762845.9657],[32546867.2717,5762864.9823],[32546783.2094,5762921.9635],[32546753.4347,5762944.9356],[32546731.6979,5762967.4262],[32546688.6539,5763026.2915],[32546688.3332,5763026.73],[32546624.3979,5763104.3748],[32546612.1756,5763123.3597],[32546599.4807,5763151.3296],[32546588.8227,5763188.781],[32546583.3592,5763226.8131],[32546582.939,5763229.738],[32546580.5539,5763268.7166],[32546582.8642,5763315.9067],[32546571.1369,5763333.5885],[32546550.1342,5763354.7917],[32546530.9202,5763383.3303],[32546527.7452,5763422.4887],[32546557.8459,5763446.7839],[32546628.4506,5763454.4122],[32546640.2433,5763457.9315],[32546653.0258,5763457.7944],[32546682.6128,5763461.0338],[32546716.224,5763468.0269],[32546728.521,5763472.5234],[32546749.3599,5763483.0161],[32546757.9035,5763489.5122],[32546764.1976,5763498.008],[32546765.2311,5763507.5052],[32546761.245,5763515.0045],[32546754.2461,5763521.0052],[32546746.4871,5763524.5069],[32546715.9216,5763529.0155],[32546670.3115,5763532.0268],[32546632.887,5763529.9749],[32546597.6072,5763528.0406],[32546536.4748,5763536.3332],[32546485.6072,5763541.1831],[32546432.8106,5763566.6706],[32546416.5516,5763576.1662],[32546351.0377,5763622.6468],[32546329.5415,5763641.1401],[32546312.0597,5763661.6338],[32546297.8407,5763684.1274],[32546286.1408,5763711.1198],[32546280.2678,5763730.3408],[32546246.2279,5763774.9144],[32546191.1945,5763821.4811],[32546144.0049,5763820.3315],[32546128.562,5763810.0824]],[[32547789.659,5761414.5316],[32547756.8392,5761419.4995],[32547706.9891,5761428.9438],[32547627.3399,5761447.3446],[32547576.4255,5761461.2803],[32547467.3117,5761491.1457],[32547406.9823,5761515.5834],[32547166.4097,5761630.82],[32547095.1663,5761669.8699],[32547045.6384,5761700.8443],[32547015.5353,5761722.6153],[32547004.8789,5761730.3221],[32546960.404,5761773.2953],[32546901.2133,5761838.263],[32546821.0132,5761930.8883],[32546790.0981,5761967.2236],[32546741.439,5762033.2117],[32546685.827,5762118.7009],[32546637.7084,5762196.196],[32546612.0372,5762240.1951],[32546582.1566,5762299.6949],[32546567.4855,5762335.1962],[32546563.7372,5762351.4488],[32546560.5661,5762365.1984],[32546563.6412,5762385.7017],[32546574.218,5762400.7083],[32546588.2845,5762409.7187],[32546602.5885,5762414.7314],[32546610.2339,5762415.4423],[32546639.9406,5762415.7699],[32546663.7354,5762410.2959],[32546688.7652,5762399.3209],[32546748.1109,5762362.5605],[32546854.1103,5762296.4913],[32546941.5974,5762244.9528],[32547062.6574,5762173.6366],[32547180.8235,5762102.4108],[32547242.5922,5762059.4665],[32547303.8414,5762010.9962],[32547356.5786,5761965.5137],[32547393.5662,5761932.5263],[32547418.0461,5761907.0361],[32547438.5091,5761879.5468],[32547467.0851,5761830.4882],[32547482.88,5761803.3719],[32547589.3465,5761633.5124],[32547605.0673,5761612.0091],[32547630.5427,5761584.013],[32547661.7833,5761556.0254],[32547695.0504,5761534.5466],[32547746.9199,5761508.8164],[32547821.9282,5761471.608],[32547833.9337,5761463.6083],[32547841.167,5761452.6043],[32547843.135,5761441.0972],[32547839.5933,5761431.0878],[32547831.5463,5761423.0762],[32547820.4996,5761417.563],[32547806.4531,5761414.5481],[32547789.659,5761414.5316]]],[[[32568519.0067,5764955.3146],[32568518.9735,5764955.2785],[32568492.3793,5764925.9034],[32568454.9358,5764889.852],[32568421.568,5764852.9678],[32568397.9578,5764819.4589],[32568368.6301,5764769.7469],[32568353.796,5764739.7985],[32568342.6001,5764713.3655],[32568329.4537,5764655.8811],[32568317.681,5764604.4035],[32568305.8019,5764574.4124],[32568291.6819,5764548.9191],[32568279.0586,5764521.4265],[32568269.6982,5764495.4337],[32568265.6087,5764471.9408],[32568265.2796,5764448.9482],[32568267.1938,5764422.4567],[32568271.0627,5764404.6697],[32568272.5962,5764378.3201],[32568268.1831,5764366.78],[32568254.987,5764358.9059],[32568234.0796,5764360.3345],[32568185.8286,5764372.4556],[32568176.8021,5764370.9537],[32568169.0062,5764362.9541],[32568165.1993,5764348.9576],[32568166.8917,5764330.9637],[32568184.6908,5764259.9883],[32568185.129,5764241.4934],[32568177.282,5764218.4979],[32568162.4166,5764195.0009],[32568141.5435,5764173.5015],[32568112.1464,5764150.9997],[32568070.9594,5764124.9942],[32568023.005,5764098.4843],[32567907.0436,5764043.4408],[32567881.1724,5764025.9289],[32567855.5347,5764003.4181],[32567851.9661,5763999.5968],[32567832.6467,5763978.9098],[32567814.0241,5763955.9043],[32567796.392,5763929.4015],[32567771.4804,5763885.6467],[32567757.3093,5763858.9014],[32567734.4095,5763830.8938],[32567713.2827,5763808.3845],[32567692.9279,5763791.8718],[32567634.167,5763756.8203],[32567554.5476,5763705.7335],[32567535.7039,5763690.5622],[32567517.8562,5763676.1927],[32567467.683,5763624.3488],[32567400.6583,5763555.0922],[32567357.1397,5763507.0601],[32567349.3102,5763488.5666],[32567338.3694,5763437.6226],[32567330.2775,5763415.639],[32567316.6744,5763394.6403],[32567297.5489,5763371.1325],[32567275.6693,5763348.6164],[32567253.8042,5763330.5917],[32567116.6948,5763253.3935],[32567083.2866,5763231.3676],[32567062.6542,5763206.8576],[32567040.4842,5763171.8523],[32567020.3083,5763133.3578],[32567004.4033,5763097.8756],[32566994.765,5763062.4182],[32566990.1259,5763022.4999],[32566987.3988,5762953.666],[32566981.5312,5762921.7231],[32566969.1182,5762880.7824],[32566942.5731,5762809.3751],[32566929.4678,5762786.8954],[32566896.621,5762749.9537],[32566876.1371,5762726.9161],[32566864.2807,5762702.9454],[32566854.9088,5762671.4974],[32566845.9953,5762625.5846],[32566855.155,5762586.1956],[32566855.6034,5762568.2409],[32566852.2641,5762541.3037],[32566848.2183,5762529.8259],[32566841.1623,5762517.8434],[32566829.0873,5762504.3541],[32566812.244,5762489.3589],[32566773.5462,5762460.355],[32566756.7046,5762445.8588],[32566742.8581,5762426.8822],[32566716.8696,5762372.4846],[32566701.4484,5762331.0798],[32566662.2028,5762204.5641],[32566646.9697,5762148.0866],[32566636.0723,5762113.1006],[32566623.174,5762078.6144],[32566605.2619,5762043.1288],[32566582.5736,5762004.1447],[32566538.7299,5761936.6723],[32566517.0865,5761909.1836],[32566490.1742,5761880.1957],[32566463.2727,5761854.7062],[32566441.1557,5761836.2141],[32566386.6397,5761796.7308],[32566352.2262,5761772.2412],[32566289.9336,5761731.7586],[32566268.5735,5761714.7658],[32566252.2265,5761697.7728],[32566222.0985,5761658.6438],[32566197.0029,5761616.821],[32566180.2706,5761574.9981],[32566174.6932,5761530.228],[32566174.6908,5761481.1773],[32566179.6282,5761435.3956],[32566237.1881,5761541.9121],[32566254.0665,5761568.4565],[32566274.9554,5761594.9879],[32566298.8261,5761613.4472],[32566322.668,5761622.8543],[32566344.4854,5761626.275],[32566364.2766,5761623.2475],[32566381.7927,5761614.2861],[32566394.7732,5761598.3094],[32566401.2195,5761576.318],[32566402.3925,5761551.3279],[32566399.0555,5761526.8377],[32566387.2943,5761497.2614],[32566367.69,5761467.8382],[32566356.4869,5761451.024],[32566345.787,5761438.8412],[32566238.6833,5761364.2906],[32566210.3811,5761341.9689],[32566199.1965,5761329.558],[32566200.1848,5761326.854],[32566989.2089,5761336.7916],[32566989.3716,5761338.6041],[32566992.139,5761411.5413],[32566986.8578,5761452.1977],[32566978.0545,5761488.9403],[32566961.3266,5761519.7502],[32566938.4354,5761554.0753],[32566899.9507,5761605.0801],[32566886.8753,5761623.4096],[32566876.6645,5761643.9055],[32566856.296,5761701.4143],[32566873.2339,5761746.4025],[32566890.1525,5761785.3926],[32566908.5591,5761819.3807],[32566930.7222,5761852.3639],[32566955.922,5761894.3484],[32566978.6428,5761944.8446],[32566992.1122,5762002.3681],[32567002.3107,5762114.9889],[32567005.8864,5762154.4745],[32567009.4534,5762172.4761],[32567017.5629,5762199.9703],[32567029.6827,5762227.4565],[32567045.7838,5762245.9425],[32567070.8954,5762260.4242],[32567106.7946,5762277.8904],[32567149.2026,5762292.8369],[32567194.0881,5762298.7629],[32567234.4361,5762296.6905],[32567267.7531,5762290.6379],[32567297.05,5762281.6049],[32567398.6865,5762242.1252],[32567440.5018,5762228.6556],[32567480.0704,5762218.5433],[32567525.4217,5762213.5446],[32567636.7203,5762216.1475],[32567724.7159,5762221.1013],[32567762.8151,5762221.3011],[32567798.1442,5762217.3834],[32567829.4386,5762206.0047],[32567856.4526,5762188.629],[32567881.8992,5762168.6699],[32567915.4563,5762142.3495],[32567931.2263,5762135.8804],[32567963.0333,5762127.9194],[32567976.0495,5762122.4308],[32567991.3054,5762111.9443],[32568031.3036,5762077.4789],[32568091.734,5762003.94],[32568114.938,5761970.4532],[32568134.1609,5761945.9625],[32568152.6627,5761930.968],[32568172.1836,5761920.9716],[32568135.0579,5761821.0135],[32568090.0713,5761699.8905],[32568048.2342,5761594.8928],[32567990.7511,5761460.7918],[32567939.0958,5761349.4769],[32567938.623,5761348.7493],[32568483.2979,5761355.6094],[32568486.7779,5761366.0274],[32568486.3193,5761374.7764],[32568478.5341,5761388.4126],[32568470.7215,5761394.2737],[32568452.4722,5761400.5755],[32568381.5269,5761408.7522],[32568352.2518,5761412.1262],[32568331.9668,5761417.1401],[32568311.9409,5761425.1405],[32568294.428,5761435.1384],[32568279.6836,5761448.6349],[32568268.2128,5761466.6297],[32568262.2646,5761487.123],[32568263.836,5761507.6157],[32568271.6808,5761530.1074],[32568293.6489,5761578.5897],[32568302.726,5761594.5841],[32568312.7891,5761605.5803],[32568327.1041,5761613.5775],[32568344.6662,5761618.0761],[32568364.7201,5761618.0766],[32568384.2545,5761612.5791],[32568402.2715,5761603.0831],[32568419.2706,5761589.0884],[32568473.9965,5761522.5177],[32568498.161,5761493.1232],[32568516.4599,5761479.4588],[32568529.4402,5761474.2676],[32568549.0958,5761467.599],[32568567.0256,5761462.991],[32568519.0067,5764955.3146]],[[32566696.5872,5761609.1045],[32566679.0452,5761610.1313],[32566629.1904,5761617.7083],[32566558.5306,5761624.7875],[32566533.9864,5761630.7936],[32566523.5028,5761644.2886],[32566522.3057,5761661.7817],[32566525.6218,5761679.7744],[32566532.9483,5761697.7671],[32566544.7914,5761717.2591],[32566586.3377,5761776.2349],[32566593.3912,5761787.2304],[32566598.4426,5761799.2256],[32566610.8575,5761840.2003],[32566616.458,5761871.8128],[32566625.9201,5761925.223],[32566633.032,5761954.4045],[32566641.6428,5761982.1296],[32566651.743,5762005.1429],[32566663.8224,5762020.1367],[32566680.6462,5762029.6327],[32566727.0619,5762043.814],[32566751.1575,5762054.1915],[32566770.5072,5762069.6602],[32566782.855,5762090.2062],[32566790.2064,5762115.8751],[32566794.5647,5762146.0844],[32566795.6773,5762180.071],[32566793.3095,5762216.0569],[32566788.159,5762248.5441],[32566776.2837,5762292.5271],[32566772.8486,5762313.5189],[32566772.3967,5762333.9286],[32566775.4641,5762351.472],[32566782.8093,5762375.3986],[32566794.1949,5762408.5631],[32566807.3267,5762438.9975],[32566821.1693,5762456.4769],[32566834.7129,5762458.5042],[32566847.7323,5762453.5541],[32566858.4815,5762443.8521],[32566865.2149,5762433.1619],[32566867.1779,5762418.9756],[32566865.1237,5762400.4829],[32566860.7969,5762381.4904],[32566850.6631,5762350.5028],[32566849.0855,5762329.5111],[32566850.5128,5762307.0199],[32566859.3905,5762271.5337],[32566861.8266,5762251.0417],[32566861.7457,5762226.0515],[32566858.8865,5762194.4546],[32566851.2404,5762155.1505],[32566839.0717,5762112.5773],[32566824.6587,5762073.5974],[32566810.7786,5762044.6242],[32566788.6282,5762015.636],[32566693.3354,5761923.1746],[32566678.9842,5761903.1828],[32566669.1332,5761879.6923],[32566662.5361,5761854.7023],[32566658.6991,5761830.7119],[32566657.6244,5761808.2208],[32566659.3098,5761786.7293],[32566663.2622,5761768.7363],[32566669.4899,5761756.7352],[32566680.7481,5761750.219],[32566697.7791,5761746.1928],[32566743.6394,5761743.6148],[32566764.4335,5761740.5751],[32566778.1951,5761733.0448],[32566787.9301,5761720.5194],[32566795.3998,5761704.9983],[32566798.5971,5761685.9851],[32566794.272,5761665.9844],[32566783.6821,5761646.4934],[32566767.5846,5761629.0104],[32566745.7398,5761617.0367],[32566720.4052,5761611.0704],[32566696.5872,5761609.1045]]],[[[32568173.3716,5777826.9961],[32568169.0232,5777829.4603],[32568164.6748,5777831.9245],[32568160.3265,5777834.3886],[32568155.9782,5777836.8527],[32568151.6298,5777839.3169],[32568147.2815,5777841.781],[32568142.9331,5777844.2452],[32568138.5848,5777846.7093],[32568134.2364,5777849.1735],[32568129.8882,5777851.6376],[32568125.5398,5777854.1018],[32568116.8432,5777859.03],[32568112.4947,5777861.4942],[32568108.1464,5777863.9583],[32568103.798,5777866.4225],[32568099.4497,5777868.8866],[32568095.1013,5777871.3508],[32568090.753,5777873.8149],[32568086.4046,5777876.279],[32568082.0563,5777878.7431],[32568077.708,5777881.2072],[32568073.3595,5777883.6714],[32568069.0112,5777886.1355],[32568064.6628,5777888.5997],[32568060.3145,5777891.0638],[32568055.9662,5777893.528],[32568051.6179,5777895.9921],[32568019.91,5777888.7515],[32567934.5223,5777964.0959],[32567929.9012,5777950.8831],[32567917.5863,5777943.3902],[32567902.2854,5777942.3928],[32567795.5312,5777963.8908],[32567698.076,5777990.3843],[32567534.4231,5778030.7707],[32567438.7941,5778054.3701],[32567372.4103,5778066.8679],[32567283.23,5778078.8669],[32567121.9332,5778095.3635],[32567070.5936,5778098.3626],[32566915.3223,5778101.8613],[32566860.735,5778107.8579],[32566822.7944,5778120.0469],[32566817.1852,5778121.849],[32566810.5179,5778126.6152],[32566728.3472,5778170.7736],[32566708.8149,5778187.679],[32566694.2159,5778214.2237],[32566666.2417,5778242.1987],[32566605.8572,5778337.0916],[32566507.7826,5778458.7077],[32566417.5546,5778607.785],[32566382.2483,5778690.1697],[32566335.1735,5778819.6311],[32566323.406,5778933.3997],[32566284.1767,5779019.7074],[32566217.4867,5779145.2462],[32566154.7189,5779215.862],[32566072.336,5779302.1704],[32566010.1804,5779349.9838],[32565919.3387,5779419.8641],[32565762.4181,5779525.7889],[32565630.0129,5779578.9038],[32565585.8817,5779592.4835],[32565558.4206,5779616.0223],[32565554.9182,5779633.5357],[32565428.9605,5779655.2545],[32565272.0388,5779694.4874],[32565091.5785,5779706.2592],[32564852.2723,5779690.5704],[32564683.5804,5779667.0348],[32564554.0843,5779621.9946],[32564532.9752,5779602.3036],[32564506.8506,5779583.8204],[32564480.7353,5779568.3349],[32564433.7947,5779545.857],[32564273.6676,5779477.9262],[32564198.3934,5779453.4519],[32564184.4546,5779452.9352],[32564158.0326,5779451.9558],[32564121.1889,5779452.9572],[32564097.8676,5779449.9607],[32564070.7686,5779441.4688],[32564041.3874,5779424.9829],[32564010.7149,5779397.0051],[32563982.0243,5779362.0314],[32563952.5564,5779319.5614],[32563941.2203,5779302.5728],[32563932.8841,5779283.0856],[32563928.0343,5779256.603],[32563923.6169,5779209.1329],[32563918.3019,5779193.6417],[32563908.9908,5779182.6469],[32563895.4297,5779175.1493],[32563863.8216,5779168.1477],[32563880.082,5779081.1969],[32563885.7774,5779059.7088],[32563898.697,5779024.229],[32563931.7075,5779000.2483],[32563960.976,5778981.7641],[32564011.5335,5778957.7875],[32564033.5423,5778942.3002],[32564051.5353,5778925.3126],[32564070.4953,5778897.3305],[32564084.7463,5778885.8394],[32564103.5255,5778879.347],[32564125.8466,5778882.8502],[32564150.943,5778891.851],[32564177.0343,5778898.3527],[32564228.7092,5778909.3548],[32564251.2798,5778912.3559],[32564269.5676,5778908.8602],[32564283.3237,5778899.3677],[32564292.7953,5778882.8789],[32564299.4981,5778862.892],[32564302.1852,5778841.4053],[32564296.8475,5778818.9175],[32564279.2254,5778795.9269],[32564255.3481,5778776.4318],[32564233.9973,5778762.9334],[32564207.3448,5778751.4456],[32564191.0699,5778744.4307],[32564179.504,5778734.4317],[32564171.6792,5778718.9358],[32564171.6034,5778696.9446],[32564177.5391,5778673.4556],[32564186.0025,5778655.965],[32564198.9995,5778644.4734],[32564218.0397,5778640.4808],[32564241.3646,5778642.9869],[32564293.5456,5778652.9978],[32564320.8815,5778656.0039],[32564397.0902,5778657.022],[32564523.4961,5778677.5322],[32564693.808,5778709.52],[32564744.2172,5778717.0139],[32564784.0768,5778718.0121],[32564813.1365,5778712.5153],[32564834.9186,5778704.5205],[32564850.9321,5778695.5269],[32564862.432,5778686.0339],[32564873.1719,5778674.0429],[32564881.8934,5778658.0551],[32564883.8453,5778641.5679],[32564874.5252,5778627.5791],[32564854.1886,5778617.5873],[32564792.9629,5778598.6017],[32564753.8124,5778584.6105],[32564715.4039,5778567.6198],[32564682.5067,5778549.6283],[32564654.6151,5778529.137],[32564630.9705,5778504.1471],[32564607.5395,5778467.6604],[32564584.577,5778423.1743],[32564559.8213,5778369.6891],[32564560.2811,5778336.7928],[32564561.2256,5778269.2273],[32564564.5747,5778222.2453],[32564572.6616,5778166.7675],[32564587.5256,5778112.7914],[32564612.679,5778061.8177],[32564645.3548,5778011.3463],[32564706.5188,5777933.3943],[32564760.9246,5777873.8626],[32564794.1952,5777837.4573],[32564820.9118,5777804.478],[32564843.8492,5777764.4999],[32564865.2624,5777717.0242],[32564894.6039,5777637.0632],[32564909.3011,5777606.0795],[32564931.0019,5777570.5996],[32564959.4515,5777529.1242],[32564980.4435,5777509.1383],[32564997.9263,5777488.6514],[32565012.1409,5777464.1651],[32565050.6836,5777357.2182],[32565052.1576,5777437.6873],[32565055.2275,5777460.6795],[32565067.3251,5777486.1733],[32565077.1267,5777496.6721],[32565090.9309,5777504.6732],[32565104.969,5777506.6766],[32565116.732,5777501.6819],[32565126.4747,5777491.1887],[32565134.9517,5777476.197],[32565142.6586,5777454.7076],[32565150.0971,5777426.7205],[32565163.4612,5777366.7477],[32565174.3952,5777333.7637],[32565226.4144,5777207.3282],[32565242.6151,5777176.3451],[32565262.5697,5777143.8636],[32565283.0434,5777117.8796],[32565292.688,5777109.193],[32565305.7879,5777097.3942],[32565314.9725,5777090.8885],[32565333.296,5777077.9096],[32565378.269,5777049.8891],[32565419.0917,5777024.4544],[32565437.5891,5777008.4657],[32565451.5692,5776989.9769],[32565462.7746,5776964.9898],[32565499.0617,5776862.0403],[32565513.9416,5776810.5644],[32565526.1249,5776779.5797],[32565542.8153,5776747.5966],[32565563.7779,5776719.1132],[32565590.0347,5776699.6278],[32565617.8235,5776688.6398],[32565648.6353,5776682.6504],[32565671.4623,5776688.6542],[32565691.2945,5776699.655],[32565708.8779,5776713.6539],[32565723.9607,5776730.1511],[32565739.3149,5776754.6449],[32565755.6959,5776788.635],[32565775.2984,5776840.4657],[32565799.4442,5776932.086],[32565814.6038,5776974.5719],[32565836.5174,5777011.0618],[32565866.1862,5777041.056],[32565902.1131,5777066.5532],[32565942.2837,5777085.054],[32565983.683,5777095.0584],[32566031.5765,5777099.8298],[32566074.0673,5777104.063],[32566142.9564,5777113.5773],[32566191.8917,5777125.5774],[32566242.8456,5777141.5741],[32566288.2848,5777159.0679],[32566321.1777,5777174.5609],[32566342.0488,5777194.5501],[32566356.4409,5777226.5308],[32566363.8369,5777265.5059],[32566363.7272,5777308.977],[32566357.3522,5777352.9472],[32566346.7156,5777396.917],[32566332.5601,5777437.8887],[32566315.6277,5777472.8647],[32566256.2948,5777573.7953],[32566194.4551,5777674.7248],[32566176.2658,5777708.7005],[32566162.3505,5777746.6725],[32566152.4567,5777788.1413],[32566145.3279,5777832.1078],[32566143.4547,5777873.5755],[32566146.5675,5777906.5495],[32566153.4304,5777936.5256],[32566174.5616,5777960.5052],[32566196.4241,5777977.9903],[32566222.0243,5777988.4808],[32566249.3442,5777987.9797],[32566277.8889,5777978.4853],[32566307.1616,5777961.4966],[32566336.915,5777938.0125],[32566585.3319,5777722.0317],[32566654.152,5777662.1975],[32566695.5197,5777632.722],[32566747.3253,5777604.2492],[32566763.7762,5777597.0223],[32566798.4954,5777581.77],[32566839.0638,5777569.7774],[32566875.9013,5777566.7718],[32566921.7004,5777569.2525],[32566973.6084,5777579.7299],[32567025.9036,5777599.7297],[32567077.9981,5777635.1964],[32567123.8621,5777682.6494],[32567189.4882,5777763.5877],[32567211.5759,5777781.075],[32567233.8833,5777787.0702],[32567255.672,5777786.0703],[32567275.6984,5777781.5726],[32567295.2304,5777779.5734],[32567315.0266,5777783.0704],[32567327.6908,5777787.2193],[32567348.6224,5777795.5605],[32567363.409,5777798.5579],[32567379.9355,5777796.0588],[32567410.5236,5777783.5932],[32567428.9841,5777776.0699],[32567447.5162,5777773.5705],[32567495.9127,5777776.4389],[32567531.7145,5777778.5608],[32567555.5186,5777778.059],[32567577.3177,5777777.0577],[32567624.4103,5777769.0586],[32567682.2564,5777751.5647],[32567717.7894,5777731.5749],[32567756.0515,5777702.0917],[32567799.0526,5777664.6136],[32567827.9798,5777696.087],[32567908.9685,5777773.5186],[32567919.871,5777774.0405],[32567971.4173,5777776.5081],[32568067.4047,5777787.5907],[32568105.8083,5777795.3806],[32568134.012,5777805.5701],[32568174.9306,5777826.1126],[32568173.3716,5777826.9961]],[[32565072.3192,5779108.6669],[32565050.7746,5779112.1654],[32565029.7579,5779124.157],[32565011.0253,5779145.1413],[32564999.0853,5779174.1185],[32564997.9421,5779209.0903],[32565011.5873,5779244.0616],[32565033.7314,5779271.5388],[32565063.3863,5779296.0186],[32565077.9578,5779306.5101],[32565093.7749,5779314.5036],[32565113.349,5779321.498],[32565133.7579,5779325.9853],[32565153.9324,5779327.9864],[32565174.3332,5779326.4927],[32565195.751,5779320.5019],[32565216.7039,5779307.0142],[32565233.9357,5779287.5289],[32565245.2007,5779264.5437],[32565248.7627,5779242.0556],[32565239.3965,5779217.067],[32565219.7095,5779189.5969],[32565191.2862,5779158.6215],[32565157.1257,5779136.1403],[32565138.0461,5779126.6487],[32565117.466,5779118.1565],[32565095.1377,5779111.663],[32565072.3192,5779108.6669]],[[32565606.054,5778977.2613],[32565592.2621,5778901.8224],[32565591.6184,5778869.3383],[32565596.782,5778825.8608],[32565610.5693,5778781.3934],[32565636.4104,5778745.4222],[32565670.7636,5778721.9367],[32565708.1448,5778708.4497],[32565749.8945,5778706.4641],[32565797.0531,5778716.4644],[32565850.9891,5778736.436],[32565905.9453,5778760.8953],[32565956.8214,5778786.9203],[32565994.7729,5778811.3877],[32566021.9076,5778832.3575],[32566044.7638,5778847.3328],[32566065.3374,5778853.8234],[32566085.6254,5778849.8255],[32566103.379,5778836.835],[32566114.3485,5778817.8494],[32566116.286,5778795.8668],[32566107.4404,5778772.8899],[32566085.7954,5778744.4285],[32566056.1109,5778709.4663],[32566003.6082,5778653.9634],[32565988.9184,5778635.98],[32565973.6954,5778614.0247],[32565960.9121,5778588.5506],[32565951.1828,5778561.5782],[32565945.0954,5778530.6024],[32565939.3439,5778464.6335],[32565939.2514,5778426.654],[32565935.566,5778395.187],[32565926.9622,5778369.7064],[32565906.3621,5778355.2183],[32565873.0027,5778348.2253],[32565836.1566,5778348.2276],[32565804.3395,5778353.2258],[32565772.0433,5778365.2186],[32565731.2551,5778386.7046],[32565688.2395,5778417.1835],[32565647.7589,5778456.6549],[32565612.8147,5778503.1201],[32565580.8941,5778554.581],[32565372.7359,5778913.8064],[32565356.5812,5778957.273],[32565352.1408,5778979.7556],[32565355.7072,5778997.7415],[32565368.0199,5779007.2339],[32565384.3129,5779007.2336],[32565415.1236,5778987.7472],[32565435.983,5778982.2427],[32565458.4015,5778984.2432],[32565481.2264,5778994.2452],[32565529.9227,5779025.231],[32565554.6399,5779037.7154],[32565577.3183,5779043.7082],[32565594.9446,5779044.2015],[32565605.2039,5779038.6939],[32565609.5838,5779026.2186],[32565609.2598,5779004.2375],[32565606.054,5778977.2613]]],[[[32561894.5835,5778920.4803],[32561826.9779,5778920.4813],[32561703.9895,5778929.9438],[32561707.9743,5778916.9387],[32561700.4165,5778904.9255],[32561681.8571,5778901.4052],[32561656.5492,5778903.8815],[32561599.688,5778915.3341],[32561553.2907,5778916.7994],[32561522.2444,5778917.7799],[32561503.4568,5778921.2698],[32561466.4049,5778935.251],[32561443.8669,5778941.7415],[32561418.5623,5778945.2339],[32561392.9878,5778942.7311],[32561392.8209,5778942.67],[32561380.4961,5778938.1597],[32561381.1469,5778940.4379],[32561293.4643,5778922.0871],[32561170.804,5778868.7925],[32561079.3365,5778809.1418],[32561002.6941,5778763.1578],[32561013.0602,5778758.7743],[32560964.0077,5778709.7234],[32560924.2388,5778658.0254],[32560876.5164,5778610.3045],[32560781.0719,5778534.7465],[32560725.3962,5778502.9328],[32560606.092,5778494.981],[32560574.2769,5778459.1902],[32560530.531,5778383.6315],[32560485.8254,5778316.5754],[32560480.4702,5778319.1113],[32560368.2011,5778229.2988],[32560328.9701,5778186.1458],[32560305.4307,5778115.531],[32560274.0448,5778021.3781],[32560234.8116,5777836.9954],[32560230.886,5777664.381],[32560246.5748,5777428.9976],[32560264.7326,5777307.9323],[32560256.1963,5777262.4109],[32560238.6977,5777198.4374],[32560234.3396,5777167.9499],[32560234.0046,5777141.4607],[32560237.7006,5777121.4686],[32560247.4347,5777108.4736],[32560263.6967,5777098.9771],[32560277.6921,5777094.4933],[32560297.5685,5777024.9223],[32560313.2595,5776942.5379],[32560379.9489,5776769.9226],[32560446.6383,5776609.0764],[32560554.681,5776397.8948],[32560558.7538,5776393.1791],[32560574.8333,5776374.5614],[32560579.0852,5776365.9827],[32560580.7848,5776351.5553],[32560580.7348,5776313.3771],[32560579.5859,5776285.8185],[32560570.777,5776274.4733],[32560543.1138,5776248.956],[32560491.9129,5776252.1525],[32560516.737,5776196.3375],[32560527.6622,5776163.8505],[32560566.8401,5776030.4111],[32560578.9707,5775982.9368],[32560609.0426,5775839.441],[32560623.1656,5775772.0493],[32560626.8059,5775734.5682],[32560625.6871,5775698.0852],[32560620.0693,5775665.599],[32560612.9571,5775636.111],[32560608.6054,5775607.6234],[32560606.5126,5775580.1359],[32560607.8589,5775530.6599],[32560613.9628,5775479.6861],[32560676.9924,5775516.1868],[32560689.7946,5775522.1877],[32560703.8391,5775524.6905],[32560717.8708,5775523.1953],[32560730.1367,5775518.2012],[32560738.8777,5775508.2085],[32560743.0894,5775492.7172],[32560741.2775,5775474.7253],[32560731.9445,5775456.2315],[32560695.4728,5775416.2401],[32560677.8551,5775393.7461],[32560677.8097,5775393.6882],[32560701.616,5775188.9272],[32560748.6908,5775059.4659],[32560756.5363,5775016.3121],[32560768.3048,5774969.2353],[32560803.6115,5774918.2351],[32560878.1487,5774871.1573],[32560917.3792,5774863.3107],[32560960.5326,5774859.387],[32560984.071,5774855.4637],[32560987.994,5774859.3864],[32561007.412,5774878.804],[32561033.1012,5774866.1057],[32561086.8052,5774849.6529],[32561132.5124,5774835.65],[32561162.2984,5774822.6651],[32561189.8079,5774803.1827],[32561251.7846,5774745.2293],[32561282.5158,5774714.2535],[32561315.0798,5774675.3777],[32561460.8021,5774501.4103],[32561509.7338,5774439.9548],[32561539.4593,5774407.9791],[32561571.9626,5774382.501],[32561605.4861,5774362.5206],[32561640.0185,5774344.5393],[32561679.3212,5774329.0583],[32561715.1442,5774320.3235],[32561845.902,5774297.1212],[32561916.0908,5774286.787],[32561994.969,5774275.1734],[32562049.3219,5774263.1942],[32562104.4093,5774245.7178],[32562147.9588,5774225.7393],[32562177.4719,5774205.7572],[32562214.9422,5774174.32],[32562228.2202,5774163.7915],[32562263.1965,5774127.8186],[32562290.2206,5774113.3329],[32562319.0104,5774102.3459],[32562353.5794,5774095.8582],[32562386.4034,5774092.3683],[32562412.6995,5774085.3785],[32562426.573,5774079.1572],[32562434.9755,5774075.3892],[32562464.3272,5774053.4321],[32562489.7373,5774034.4235],[32562505.5076,5774027.9307],[32562543.1052,5774027.9401],[32562566.1475,5774022.4487],[32562589.1786,5774013.4588],[32562628.7194,5773993.9784],[32562648.5096,5773990.4849],[32562667.8081,5773989.9899],[32562706.9175,5773992.4981],[32562736.2357,5773990.0064],[32562761.6193,5773982.3232],[32562764.2815,5773981.5174],[32562783.2751,5773964.0307],[32562791.9555,5773935.0471],[32562794.3457,5773898.5658],[32562788.2122,5773861.5827],[32562771.5704,5773830.594],[32562745.1629,5773802.6015],[32562714.2437,5773774.6079],[32562683.3388,5773751.1119],[32562657.4804,5773738.112],[32562585.8533,5773756.5851],[32562558.0455,5773761.0759],[32562505.1662,5773763.5614],[32562482.8424,5773758.5582],[32562473.0224,5773744.5625],[32562478.4857,5773728.5718],[32562494.2432,5773718.081],[32562517.0301,5773711.0902],[32562608.9663,5773694.6214],[32562634.5071,5773686.6316],[32562641.9932,5773676.1387],[32562628.4182,5773663.6414],[32562619.8404,5773646.1479],[32562616.2595,5773623.658],[32562618.4341,5773598.171],[32562628.5929,5773561.1916],[32562647.2324,5773511.2206],[32562662.7304,5773476.1275],[32562670.6246,5773458.2522],[32562695.2908,5773411.7808],[32562727.7113,5773360.3137],[32562817.0203,5773227.3994],[32562907.7148,5773097.9447],[32562953.2714,5773038.0222],[32562988.9852,5772997.5496],[32563025.4735,5772964.0739],[32563060.7371,5772939.5934],[32563092.0126,5772922.1088],[32563117.0442,5772911.6193],[32563142.09,5772905.6276],[32563181.9763,5772903.8999],[32563214.025,5772905.1436],[32563257.4082,5772911.6498],[32563303.06,5772922.1545],[32563349.2242,5772936.1576],[32563394.148,5772954.1583],[32563435.5738,5772975.6566],[32563475.2627,5773002.6518],[32563515.4655,5773033.6451],[32563553.9202,5773066.6368],[32563589.3687,5773100.1278],[32563625.8548,5773144.6135],[32563665.1395,5773202.0934],[32563728.3811,5773305.0556],[32563756.085,5773346.5405],[32563830.3488,5773447.5048],[32563822.3662,5773459.4975],[32563817.8928,5773471.4909],[32563818.4372,5773484.9843],[32563826.9959,5773496.4802],[32563845.073,5773505.9788],[32563872.9175,5773512.9803],[32563911.2829,5773517.9846],[32563961.9782,5773519.6424],[32563996.5042,5773517.9992],[32564036.5939,5773513.508],[32564074.9226,5773507.0176],[32564107.4801,5773498.5271],[32564133.2604,5773487.0369],[32564155.5189,5773471.548],[32564177.514,5773452.0611],[32564198.2462,5773429.5753],[32564239.1918,5773379.1062],[32564253.4566,5773372.1118],[32564272.7503,5773370.1157],[32564293.8082,5773371.1184],[32564330.2532,5773377.6863],[32564355.7459,5773379.6235],[32564380.8014,5773376.6287],[32564407.0894,5773367.1372],[32564429.351,5773352.6474],[32564443.5887,5773337.157],[32564451.054,5773320.1662],[32564453.2523,5773302.1753],[32564454.308,5773240.2054],[32564412.692,5773237.7006],[32564383.6223,5773230.8704],[32564342.4572,5773221.1984],[32564316.883,5773218.6957],[32564290.571,5773220.6907],[32564277.8842,5773223.2456],[32564265.7726,5773225.6847],[32564227.7169,5773239.1723],[32564197.8384,5773223.1753],[32564173.9788,5773208.1788],[32564155.6287,5773191.6838],[32564107.3396,5773140.2008],[32564038.1924,5773071.7222],[32563955.0441,5772998.3259],[32563910.6398,5772991.9829],[32563875.3319,5772968.445],[32563749.7928,5772870.3705],[32563675.2534,5772780.1414],[32563620.3297,5772709.5273],[32563541.8678,5772654.6057],[32563424.3743,5772583.0902],[32563425.578,5772597.25],[32563349.6364,5772532.9938],[32563243.7125,5772434.919],[32563134.5275,5772341.3345],[32563126.0192,5772317.229],[32563067.1726,5772258.3841],[32562976.9415,5772191.6935],[32562882.7782,5772166.9152],[32562886.873,5772160.4137],[32562832.0408,5772097.9289],[32562811.3995,5772068.9371],[32562760.2282,5771972.9679],[32562719.8096,5771952.967],[32562702.7278,5771940.9684],[32562641.8711,5771875.9825],[32562606.3816,5771827.4954],[32562583.7403,5771800.5016],[32562555.3394,5771775.5058],[32562525.9577,5771758.0062],[32562503.6205,5771749.0047],[32562484.3046,5771744.5019],[32562468.7877,5771742.5723],[32562415.8432,5771735.9885],[32562381.6988,5771728.6683],[32562362.1631,5771724.48],[32562341.8519,5771722.4758],[32562290.2218,5771725.9609],[32562264.4015,5771725.9543],[32562234.6295,5771718.0237],[32562198.6708,5771708.445],[32562143.7506,5771701.4337],[32562055.5255,5771706.4082],[32561992.3715,5771712.3886],[32561991.774,5771716.0273],[32561972.6271,5771816.3368],[32561963.9488,5771848.32],[32561954.232,5771868.3084],[32561938.5712,5771888.9419],[32561916.7449,5771906.7808],[32561886.9559,5771920.7663],[32561853.1415,5771928.2536],[32561819.8067,5771928.7441],[32561788.2056,5771922.738],[32561758.5908,5771910.7352],[32561729.696,5771888.7371],[32561709.1727,5771866.0344],[32561580.3309,5771934.7526],[32561423.4101,5772040.6772],[32561293.9503,5772107.371],[32561034.2009,5772225.4433],[32560867.1673,5772347.2718],[32560782.8797,5772404.2194],[32560749.1263,5772430.6966],[32560703.6417,5772472.6629],[32560649.4662,5772541.9437],[32560477.9642,5772664.4491],[32560425.4902,5772708.639],[32560426.7268,5772734.5983],[32560414.6465,5772824.3475],[32560403.43,5772907.6789],[32560383.816,5772990.0633],[32560360.2781,5773025.3711],[32560344.5862,5773044.9866],[32560305.3557,5773048.9102],[32560250.9348,5773036.3524],[32560244.2441,5773043.142],[32560119.0981,5773172.1499],[32559999.2284,5773311.0469],[32559927.5623,5773395.9901],[32559883.3723,5773450.9685],[32559813.7623,5773551.9288],[32559774.1063,5773613.9043],[32559715.0251,5773715.3642],[32559674.1286,5773781.3382],[32559633.4747,5773844.8132],[32559604.0332,5773887.2965],[32559572.3198,5773924.7819],[32559476.6581,5774030.7407],[32559400.7435,5774119.7062],[32559286.3465,5774245.6573],[32559238.3823,5774296.1377],[32559191.1797,5774349.617],[32559135.006,5774419.5897],[32559054.6322,5774525.0486],[32558908.3937,5774726.9697],[32558831.5433,5774836.9267],[32558758.9923,5774927.3226],[32558724.4389,5774970.3749],[32558688.969,5775008.8601],[32558639.4849,5775054.3426],[32558554.7481,5775127.8146],[32558518.7658,5775162.8012],[32558467.8,5775215.2809],[32558414.5991,5775274.2581],[32558371.9064,5775327.2375],[32558303.037,5775424.6995],[32558271.3554,5775472.181],[32558246.4303,5775516.1638],[32558157.2381,5775686.0969],[32558130.0668,5775733.0785],[32558059.7045,5775834.0391],[32558015.5206,5775891.017],[32557973.5639,5775938.9983],[32557933.8409,5775979.9826],[32557894.8618,5776018.4679],[32557859.3711,5776050.4557],[32557831.6125,5776070.4481],[32557809.3347,5776079.9447],[32557790.2964,5776083.4436],[32557776.0044,5776081.9445],[32557767.4585,5776074.4477],[32557765.6626,5776061.453],[32557770.1121,5776041.9607],[32557793.7475,5775986.4826],[32557815.8693,5775928.0058],[32557873.6936,5775746.5778],[32557892.0412,5775683.6029],[32558008.9596,5775247.2765],[32558060.4642,5775127.8236],[32558082.6226,5775080.8422],[32558118.2684,5775018.8665],[32558196.3079,5774894.0122],[32558262.9094,5774787.4572],[32558320.011,5774693.9938],[32558351.9176,5774638.5156],[32558372.8292,5774593.5334],[32558411.0826,5774484.5767],[32558431.437,5774422.1015],[32558461.438,5774319.1425],[32558520.5631,5774152.7086],[32558610.6869,5774039.2528],[32558696.0896,5773938.7919],[32558739.5294,5773884.313],[32558838.889,5773758.862],[32558926.4982,5773642.9074],[32558955.4465,5773602.923],[32559049.7389,5773460.479],[32559103.3821,5773383.0094],[32559174.4579,5773270.0538],[32559224.1035,5773196.5826],[32559302.2148,5773089.1249],[32559326.937,5773060.1362],[32559350.9215,5773035.6456],[32559372.4201,5773017.6527],[32559403.9321,5772995.661],[32559502.2292,5772930.186],[32559581.6015,5772883.9962],[32559643.0844,5772848.2169],[32559700.3639,5772810.7312],[32559757.3754,5772767.7477],[32559823.8685,5772711.2886],[32559968.3448,5772585.8906],[32560041.5657,5772516.9452],[32560086.8093,5772477.9771],[32560137.3148,5772438.5108],[32560185.0855,5772406.0404],[32560258.0996,5772365.0742],[32560299.9287,5772341.6051],[32560327.4429,5772323.6218],[32560361.9498,5772297.6445],[32560490.7035,5772193.7322],[32560514.6927,5772170.7502],[32560536.4213,5772146.2684],[32560554.8913,5772121.7855],[32560590.0436,5772062.3241],[32560604.5256,5772044.8366],[32560626.0289,5772028.3507],[32560653.0561,5772014.8651],[32560680.0961,5772005.3776],[32560730.9431,5771994.3977],[32560753.9774,5771986.4083],[32560775.9916,5771972.9212],[32560796.2402,5771955.9351],[32560813.7251,5771936.9492],[32560854.1745,5771887.9839],[32560874.1373,5771860.003],[32560887.3405,5771834.5187],[32560907.4681,5771779.5502],[32560921.9262,5771754.5659],[32560940.1727,5771738.5787],[32560961.2049,5771731.5881],[32560985.0024,5771727.0971],[32561100.0267,5771719.634],[32561190.478,5771709.165],[32561303.6793,5771680.2108],[32561338.7337,5771668.7261],[32561368.7639,5771653.7415],[32561385.5925,5771664.7413],[32561404.1612,5771671.2436],[32561427.4765,5771672.7495],[32561448.7658,5771667.7579],[32561488.432,5771650.5725],[32561491.8831,5771629.8643],[32561507.4942,5771598.6409],[32561525.336,5771593.065],[32561552.0988,5771594.1798],[32561574.4012,5771601.9852],[32561599.4559,5771616.0781],[32561633.7812,5771589.8451],[32561659.2789,5771565.8629],[32561708.0065,5771513.8995],[32561751.7222,5771462.4343],[32561752.9232,5771444.9424],[32561757.6459,5771431.4497],[32561768.1418,5771420.4573],[32561778.2676,5771369.4825],[32561781.1981,5771343.4947],[32561780.8156,5771298.5619],[32561778.7479,5771278.5225],[32561806.8506,5771171.4275],[32561823.8596,5771106.6091],[32561831.0788,5771089.6183],[32561846.8169,5771071.1304],[32561873.3302,5771051.1458],[32561906.8688,5771033.1623],[32561942.9202,5771017.1784],[32561976.9751,5771004.1927],[32562027.5666,5770988.2125],[32562069.9152,5770982.2257],[32562094.4812,5770981.7322],[32562144.8905,5770988.7419],[32562160.9524,5770994.7434],[32562191.584,5771010.7442],[32562225.7415,5771032.2438],[32562252.3842,5771055.7405],[32562258.9461,5771065.0748],[32562269.2515,5771079.7346],[32562281.6079,5771104.2273],[32562290.1995,5771127.2198],[32562295.774,5771147.2127],[32562305.6945,5771195.6946],[32562313.537,5771219.6863],[32562324.8609,5771234.183],[32562338.9215,5771241.6834],[32562354.2239,5771245.1856],[32562370.2619,5771243.1904],[32562386.7806,5771234.1983],[32562400.5255,5771219.7079],[32562423.7506,5771189.7261],[32562440.7663,5771179.2347],[32562459.5546,5771174.7412],[32562475.5986,5771174.7449],[32562508.2013,5771179.2509],[32562525.7658,5771184.7529],[32562540.5874,5771195.252],[32562554.6673,5771209.2494],[32562581.5664,5771259.8018],[32562617.437,5771327.2145],[32562631.5226,5771343.211],[32562648.6062,5771355.7098],[32562667.9282,5771362.2116],[32562688.2339,5771362.2163],[32562707.5205,5771356.7232],[32562723.2902,5771348.7302],[32562733.039,5771339.2365],[32562738.5202,5771327.7425],[32562747.2043,5771297.2575],[32562744.1179,5771270.7679],[32562739.2825,5771246.277],[32562731.6882,5771221.2857],[32562718.3354,5771198.7921],[32562700.982,5771179.796],[32562679.3696,5771161.7985],[32562643.9665,5771142.7982],[32562624.1429,5771136.2963],[32562570.6364,5771131.0135],[32562537.881,5771127.7795],[32562518.0588,5771121.7774],[32562443.7707,5771093.2715],[32562418.914,5771080.2709],[32562341.7823,5771022.7763],[32562290.5454,5770990.2773],[32562259.4139,5770974.7762],[32562199.6786,5770950.7714],[32562170.2009,5770933.3746],[32562157.987,5770924.7719],[32562138.571,5770886.783],[32562123.9269,5770851.7939],[32562114.5474,5770816.8061],[32562111.1889,5770783.3191],[32562111.0805,5770746.8342],[32562116.2321,5770708.851],[32562129.6506,5770668.8707],[32562150.5973,5770631.3911],[32562176.0729,5770599.4102],[32562204.0702,5770572.4279],[32562233.3375,5770550.9435],[32562262.366,5770533.4574],[32562294.1566,5770517.4712],[32562330.9641,5770502.4858],[32562423.0013,5770473.6256],[32562446.7746,5770467.751],[32562397.9487,5770418.9263],[32562417.5933,5770389.4586],[32562461.7943,5770369.8128],[32562471.7402,5770367.3262],[32562499.2568,5770367.3259],[32562527.9945,5770372.3233],[32562559.2313,5770386.0669],[32562591.7178,5770404.8085],[32562615.2195,5770431.443],[32562617.0286,5770429.8081],[32562672.5061,5770365.6157],[32562701.249,5770336.1332],[32562736.5174,5770309.1509],[32562790.2956,5770272.1507],[32562891.0591,5770202.8241],[32562945.6751,5770165.2476],[32563022.4904,5770114.7811],[32563095.0648,5770071.3107],[32563135.8389,5770040.8294],[32563148.101,5770033.3343],[32563160.1287,5770031.3373],[32563176.9314,5770033.3397],[32563193.7429,5770038.341],[32563205.5523,5770047.34],[32563226.6932,5770075.3339],[32563243.0666,5770101.8274],[32563294.497,5770199.8017],[32563304.3079,5770211.2992],[32563314.3534,5770217.2989],[32563326.8868,5770216.8014],[32563343.1676,5770211.8061],[32563406.767,5770185.3271],[32563455.5546,5770166.368],[32563531.4725,5770136.8661],[32563686.6831,5770060.9185],[32563873.4519,5769974.4775],[32563937.5174,5769939.4172],[32563987.5884,5769912.0155],[32564026.8782,5769888.0291],[32564059.6426,5769861.5426],[32564083.8699,5769830.5562],[32564102.8268,5769797.5695],[32564126.7466,5769747.0892],[32564138.4988,5769736.594],[32564155.2818,5769732.0978],[32564193.125,5769730.6035],[32564211.4161,5769728.6065],[32564230.7017,5769724.1105],[32564249.4749,5769716.1156],[32564265.9764,5769703.1218],[32564279.9554,5769685.1293],[32564291.9211,5769664.6373],[32564301.1251,5769642.6454],[32564307.5671,5769619.1535],[32564319.1597,5769560.1732],[32564322.8191,5769528.6833],[32564321.732,5769502.1912],[32564304.4824,5769437.7085],[32564291.5813,5769400.7179],[32564267.3502,5769347.7305],[32564261.7802,5769330.235],[32564261.4802,5769314.7395],[32564266.0336,5769303.0887],[32564266.9499,5769300.7442],[32564276.6934,5769290.7484],[32564289.4701,5769288.7505],[32564304.2695,5769292.2513],[32564321.0869,5769299.7512],[32564339.1751,5769312.7496],[32564355.0209,5769327.6753],[32564377.6406,5769349.2437],[32564396.4855,5769363.7417],[32564412.792,5769368.2424],[32564424.812,5769364.7449],[32564435.0568,5769354.749],[32564436.4451,5769359.4058],[32564616.3982,5769520.4118],[32564635.9898,5769563.2106],[32564640.8402,5769583.2117],[32564671.8479,5769598.715],[32564711.1383,5769603.6257],[32564745.5166,5769588.8915],[32564765.1608,5769534.8673],[32564819.1845,5769520.1328],[32564878.1197,5769539.777],[32564946.8776,5769554.5097],[32565005.8131,5769579.0652],[32565064.7479,5769574.1531],[32565104.0375,5769529.9513],[32565128.5934,5769505.3947],[32565172.7946,5769505.3941],[32565197.3514,5769529.95],[32565192.4405,5769559.4175],[32565148.2397,5769603.6195],[32565133.5064,5769623.2647],[32565118.7727,5769633.0874],[32564951.79,5769633.0897],[32564863.3876,5769647.8248],[32564804.453,5769662.5593],[32564784.8082,5769677.2933],[32564691.4949,5769716.5848],[32564632.5604,5769770.6093],[32564598.1827,5769829.5448],[32564612.6425,5769984.2213],[32564582.4617,5770036.6423],[32564558.3115,5770055.7088],[32564537.8921,5770067.9609],[32564524.5171,5770065.2861],[32564483.1869,5770067.7178],[32564116.889,5770333.5872],[32564036.7837,5770361.8673],[32563987.4619,5770384.3518],[32563918.6295,5770421.8275],[32563847.0528,5770463.8009],[32563789.5036,5770501.7776],[32563725.4626,5770548.7496],[32563551.8382,5770671.1733],[32563512.0662,5770697.757],[32563507.8012,5770700.6078],[32563490.538,5770712.1465],[32563415.9108,5770757.9443],[32563364.0871,5770788.7964],[32563293.0894,5770831.0632],[32563265.0558,5770846.0518],[32563209.2263,5770871.5307],[32563180.4569,5770892.0167],[32563153.2077,5770918.0009],[32563128.9714,5770945.485],[32563088.0181,5770999.9546],[32563059.567,5771043.4311],[32563046.5796,5771059.9216],[32563029.5694,5771072.413],[32562997.1088,5771091.4214],[32562960.2758,5771112.9902],[32562957.12,5771114.8382],[32562939.2263,5771125.3718],[32562923.9725,5771138.3632],[32562911.2418,5771156.8528],[32562898.6788,5771181.6174],[32562866.8767,5771244.3067],[32562804.781,5771354.7464],[32562781.8504,5771399.722],[32562762.4354,5771446.6976],[32562713.9309,5771575.1313],[32562698.2588,5771616.1099],[32562687.5945,5771655.0904],[32562682.1975,5771695.0717],[32562682.7963,5771728.0575],[32562686.3812,5771753.5471],[32562692.4595,5771774.5394],[32562698.8054,5771787.8325],[32562701.528,5771831.5574],[32562722.3072,5771865.0066],[32562740.921,5771886.5016],[32562760.7795,5771904.9982],[32562784.3906,5771920.9967],[32562846.9002,5771951.4978],[32562881.8022,5771970.9971],[32562946.0926,5772010.4943],[32562977.4998,5772034.9905],[32563019.4581,5772077.0258],[32563074.7995,5772132.4687],[32563139.1305,5772185.9589],[32563187.5593,5772224.542],[32563253.9589,5772277.4424],[32563295.1756,5772313.4347],[32563337.2909,5772353.0704],[32563356.2586,5772370.9214],[32563436.0206,5772386.9303],[32563529.8086,5772398.9435],[32563660.9736,5772419.9591],[32563712.3957,5772431.4635],[32563775.7574,5772450.5834],[32563898.3227,5772491.9692],[32564031.8311,5772540.5367],[32564079.7528,5772557.9696],[32564120.4628,5772574.9505],[32564251.9269,5772629.7866],[32564336.2521,5772664.9601],[32564384.4551,5772690.4553],[32564439.4452,5772722.4483],[32564500.2237,5772762.4383],[32564526.8571,5772783.932],[32564544.2171,5772805.924],[32564552.0442,5772825.4159],[32564553.6046,5772844.9071],[32564545.6408,5772864.8967],[32564534.1648,5772883.8861],[32564516.1729,5772903.3744],[32564496.6638,5772918.3648],[32564479.1472,5772928.8574],[32564460.8714,5772936.8511],[32564372.9818,5772968.3236],[32564332.6606,5772978.8126],[32564292.0744,5772984.8038],[32564255.7269,5772983.7987],[32564223.6197,5772976.2973],[32564192.7468,5772962.7989],[32564159.3465,5772942.803],[32564115.1331,5772911.8106],[32564049.4373,5772861.6955],[32564008.0945,5772828.3322],[32563926.1473,5772751.7624],[32563866.3292,5772695.8697],[32563808.0228,5772644.3832],[32563760.2838,5772606.3921],[32563711.3105,5772574.8975],[32563583.2399,5772497.409],[32563773.7884,5772681.3598],[32563880.3961,5772791.8274],[32563975.7239,5772896.7946],[32564037.5656,5772953.7781],[32564059.9308,5772971.7733],[32564078.763,5772982.2713],[32564115.6469,5772994.2717],[32564136.7334,5773004.2703],[32564183.9577,5773036.2627],[32564214.3437,5773054.2588],[32564249.921,5773073.0873],[32564304.2032,5773101.815],[32564330.3308,5773112.7486],[32564361.943,5773122.2487],[32564394.2912,5773126.7512],[32564425.8716,5773126.256],[32564455.9369,5773122.2622],[32564510.2834,5773108.2766],[32564538.5718,5773097.2857],[32564607.8935,5773063.3112],[32564643.6758,5773044.3249],[32564671.4356,5773023.8383],[32564687.9149,5773001.3511],[32564706.5941,5772959.3733],[32564716.5719,5772942.3826],[32564728.8158,5772928.8904],[32564744.0808,5772919.8966],[32564762.8683,5772915.4011],[32564781.4209,5772916.4028],[32564797.2276,5772921.4024],[32564830.3565,5772935.3999],[32564852.4314,5772940.8999],[32564879.5141,5772944.4014],[32564910.3481,5772944.9048],[32564942.9239,5772940.9103],[32564973.7306,5772931.9181],[32565000.2731,5772921.9257],[32565043.5762,5772899.9408],[32565130.6455,5772842.4769],[32565160.6699,5772811.5049],[32565220.9369,5772811.5041],[32565338.6281,5772795.81],[32565480.3642,5772801.2594],[32565475.8043,5772798.1881],[32565566.1651,5772780.1146],[32565640.7031,5772784.0366],[32565695.6262,5772799.7281],[32565785.8565,5772807.5727],[32565813.3178,5772811.4956],[32565861.9795,5772832.3494],[32565850.3696,5772857.032],[32565848.6801,5772880.0212],[32565851.2464,5772901.0116],[32565857.0715,5772922.0022],[32565889.2314,5772947.9923],[32565912.5877,5772961.9746],[32565922.6276,5772967.9851],[32565961.2723,5772982.481],[32565995.885,5772989.4799],[32566039.7612,5772992.4813],[32566052.7415,5772993.6581],[32566078.3748,5772995.9821],[32566117.2818,5772958.2399],[32566239.3718,5772841.5635],[32566264.3829,5772821.5741],[32566287.1576,5772808.5814],[32566308.1932,5772801.086],[32566354.0428,5772792.5923],[32566389.6133,5772783.5983],[32566455.7353,5772763.6108],[32566488.0303,5772748.6192],[32566531.3283,5772724.1325],[32566575.118,5772696.1473],[32566609.1383,5772670.6604],[32566728.165,5772565.2135],[32566788.7953,5772553.2214],[32566823.3791,5772549.7243],[32566945.9551,5772547.7299],[32566983.5442,5772543.2332],[32567130.5524,5772515.1723],[32567201.8846,5772501.5564],[32567222.4975,5772496.9129],[32567307.7274,5772473.2757],[32567376.603,5772451.2877],[32567441.9638,5772427.3006],[32567501.8027,5772400.8142],[32567579.4137,5772363.0263],[32567635.235,5772335.8475],[32567662.7671,5772320.3552],[32567715.1421,5772285.0025],[32567745.5847,5772263.3833],[32567796.1739,5772245.8926],[32567844.7742,5772234.3992],[32567895.9009,5772229.9029],[32567950.8126,5772234.4027],[32568068.6732,5772248.9001],[32568112.5521,5772252.4],[32568144.6367,5772251.4016],[32568174.7103,5772248.404],[32568204.384,5772239.3477],[32568235.0557,5772223.4173],[32568264.3276,5772202.4278],[32568287.3461,5772182.4405],[32568353.0571,5772118.9701],[32568354.0509,5772092.8968],[32568356.048,5772040.5041],[32568360.079,5771972.533],[32568360.2341,5771943.5453],[32568358.392,5771916.5567],[32568351.1977,5771861.0801],[32568325.4122,5771791.6095],[32568313.5616,5771769.6187],[32568293.9342,5771745.6288],[32568266.2876,5771722.1387],[32568230.1296,5771702.1471],[32568191.4835,5771689.153],[32568158.8703,5771683.1563],[32568128.2714,5771681.1582],[32568114.4176,5771657.0408],[32568108.4909,5771635.0274],[32568109.7609,5771621.0574],[32568113.1476,5771609.6274],[32568130.9276,5771592.694],[32568154.211,5771584.6507],[32568180.1144,5771582.1962],[32568203.9429,5771594.2051],[32568229.5501,5771607.1105],[32568230.1148,5771607.4332],[32568268.9295,5771629.6137],[32568301.8836,5771656.137],[32568324.3923,5771682.6614],[32568348.5099,5771715.6159],[32568423.7493,5771876.0424],[32568423.8456,5771876.1959],[32568415.5792,5772477.3965],[32568410.9918,5772810.5808],[32568410.8898,5772810.6542],[32568337.2089,5772846.5872],[32568305.5227,5772858.7812],[32568251.3798,5772879.6173],[32568170.5537,5772906.0373],[32568078.1644,5772927.5025],[32568010.4425,5772953.9221],[32567955.8934,5772980.342],[32567934.764,5772993.5676],[32567799.1859,5773074.0246],[32567713.171,5773119.4995],[32567625.2753,5773168.9739],[32567612.5188,5773178.9689],[32567591.289,5773206.456],[32567501.4257,5773366.8828],[32567474.8976,5773418.8599],[32567431.6775,5773521.8159],[32567401.4133,5773584.2883],[32567389.9135,5773603.3819],[32567366.7981,5773641.7617],[32567224.7436,5773846.6629],[32567217.4051,5773849.3058],[32567202.7902,5773868.5365],[32567123.6362,5773972.6894],[32567049.0996,5774062.9206],[32567019.3675,5774095.9573],[32566999.0185,5774118.5681],[32566998.7083,5774135.5171],[32566980.6912,5774160.5041],[32566964.6606,5774186.9902],[32566950.1163,5774217.9737],[32566931.2858,5774276.4432],[32566917.5317,5774333.8927],[32566908.8576,5774361.8839],[32566898.4605,5774386.6755],[32566886.9589,5774406.8651],[32566872.7385,5774426.3556],[32566852.7495,5774445.8445],[32566826.7432,5774465.8317],[32566797.9687,5774483.3186],[32566740.895,5774510.2921],[32566644.7787,5774566.8744],[32566572.7577,5774609.2721],[32566436.5742,5774683.7374],[32566394.8982,5774711.7237],[32566363.7686,5774737.5231],[32566289.5667,5774792.8053],[32566254.0218,5774818.6688],[32566226.5178,5774834.1606],[32566191.2158,5774850.6515],[32566143.3856,5774870.1617],[32566065.044,5774902.1176],[32566019.4781,5774922.6035],[32565977.9349,5774943.5898],[32565945.4109,5774962.5783],[32565844.3585,5775028.5407],[32565818.3545,5775048.5291],[32565742.587,5775112.3355],[32565646.8689,5775192.9431],[32565628.8843,5775212.4328],[32565615.9142,5775232.424],[32565602.0165,5775260.749],[32565594.2933,5775278.2339],[32565553.2222,5775380.3549],[32565527.9911,5775452.3687],[32565506.4708,5775513.7912],[32565455.1369,5775626.731],[32565416.3877,5775706.6845],[32565403.8993,5775737.4736],[32565349.0099,5775873.0835],[32565311.7251,5775892.5736],[32565279.2101,5775913.0626],[32565250.9926,5775935.5504],[32565189.0417,5775994.517],[32565152.8113,5776031.9957],[32565135.4609,5776053.6708],[32565118.8111,5776074.4708],[32565089.1139,5776117.9451],[32564987.81,5776275.7241],[32564968.5924,5776302.6648],[32564947.8589,5776324.6453],[32564839.2841,5776426.3688],[32564766.4432,5776494.6133],[32564745.9584,5776516.0939],[32564729.2315,5776538.0446],[32564718.7628,5776557.9778],[32564695.6984,5776628.4219],[32564660.0074,5776673.893],[32564647.2912,5776693.3816],[32564604.4901,5776780.8331],[32564598.8157,5776740.8463],[32564593.2094,5776717.8497],[32564584.8548,5776695.3736],[32564575.2894,5776676.0748],[32564563.4649,5776657.6314],[32564539.9873,5776640.6437],[32564533.4536,5776637.7276],[32564517.6017,5776630.6526],[32564494.3927,5776627.6562],[32564461.0729,5776630.1556],[32564448.0188,5776633.1538],[32564433.4847,5776642.1483],[32564419.9854,5776655.1407],[32564411.7867,5776670.132],[32564408.614,5776686.6224],[32564409.4264,5776704.6113],[32564415.4301,5776724.0983],[32564426.1001,5776743.5842],[32564448.7466,5776775.1236],[32564460.8644,5776791.9998],[32564465.9031,5776804.861],[32564466.1925,5776819.2723],[32564460.9918,5776837.754],[32564449.2126,5776863.5909],[32564431.1437,5776903.224],[32564426.9512,5776921.7165],[32564430.7639,5776934.7133],[32564441.3274,5776942.2139],[32564456.3894,5776945.7171],[32564472.444,5776946.7212],[32564491.481,5776940.7291],[32564512.7435,5776926.2415],[32564537.493,5776905.2578],[32564504.1077,5776966.2204],[32564490.1289,5776984.2084],[32564461.9543,5777002.461],[32564415.3302,5777032.6658],[32564371.081,5777070.1364],[32564327.1073,5777114.6038],[32564298.1532,5777152.0785],[32564267.9803,5777200.0482],[32564234.5794,5777258.5124],[32564227.0593,5777259.8469],[32564183.9705,5777267.4936],[32564142.1314,5777277.4766],[32564124.0791,5777278.4705],[32564104.255,5777275.465],[32564083.299,5777268.6878],[32563980.6679,5777316.7951],[32563926.6513,5777353.4503],[32563890.8247,5777391.6664],[32563889.0201,5777388.9552],[32563885.1736,5777506.7966],[32563878.6118,5777565.2703],[32563871.9395,5777594.2559],[32563861.267,5777627.7386],[32563846.591,5777664.719],[32563814.9506,5777730.1834],[32563790.7525,5777769.6604],[32563773.0726,5777812.1398],[32563761.1399,5777850.1236],[32563744.2553,5777913.0991],[32563693.6337,5778129.0108],[32563662.1475,5778228.9602],[32563645.2916,5778271.4375],[32563624.1223,5778305.4176],[32563596.9031,5778334.8973],[32563547.4565,5778376.7033],[32563518.9025,5778400.845],[32563493.6673,5778425.3272],[32563469.4476,5778452.3089],[32563445.0428,5778484.9047],[32563353.4692,5778607.2132],[32563384.269,5778488.2652],[32563401.3326,5778429.7942],[32563423.7167,5778365.8252],[32563494.6862,5778182.9121],[32563511.1262,5778145.9296],[32563535.8114,5778099.4531],[32563580.4701,5778025.4933],[32563611.4286,5777983.519],[32563627.1497,5777959.0329],[32563639.8587,5777932.0464],[32563650.2746,5777890.564],[32563659.1442,5777836.5867],[32563664.7524,5777786.6084],[32563665.9074,5777757.6205],[32563655.4175,5777626.2825],[32563650.2874,5777584.0762],[32563644.3387,5777554.5984],[32563627.6193,5777502.1352],[32563621.4622,5777477.1507],[32563620.986,5777451.6654],[32563627.04,5777427.1791],[32563636.9323,5777404.6917],[32563648.4049,5777386.702],[32563682.125,5777349.724],[32563725.611,5777309.7483],[32563740.5895,5777290.7594],[32563745.5468,5777273.2689],[32563744.2377,5777255.778],[32563721.2182,5777189.7961],[32563707.34,5777160.7886],[32563686.9575,5777135.7693],[32563660.5657,5777112.7392],[32563627.6556,5777089.1989],[32563592.0456,5777083.6618],[32563571.2415,5777083.6418],[32563539.6975,5777095.6158],[32563520.0289,5777109.149],[32563509.9354,5777116.0939],[32563484.4486,5777141.0769],[32563465.4787,5777166.0658],[32563425.3469,5777236.048],[32563400.4075,5777275.5367],[32563375.1921,5777307.0225],[32563346.4483,5777332.5026],[32563312.939,5777356.9774],[32563279.417,5777377.4509],[32563250.6351,5777390.9269],[32563223.0906,5777399.4031],[32563188.5198,5777405.3734],[32563144.4067,5777405.8388],[32563088.2416,5777399.8085],[32563029.04,5777384.8026],[32562979.0999,5777365.8039],[32562913.3161,5777330.311],[32562889.6975,5777312.3163],[32562864.3005,5777286.8251],[32562843.9116,5777259.8356],[32562836.8186,5777236.3468],[32562843.5416,5777222.3554],[32562858.5648,5777217.3609],[32562877.8697,5777218.8636],[32562936.0607,5777231.3676],[32562949.8402,5777229.3712],[32562957.0756,5777218.8781],[32562954.0232,5777204.885],[32562941.2001,5777192.3893],[32562902.7771,5777169.3944],[32562884.1748,5777152.4],[32562870.0683,5777130.4091],[32562864.9867,5777108.9195],[32562873.7101,5777093.4292],[32562888.9776,5777086.4359],[32562902.0099,5777085.9386],[32562915.8085,5777089.939],[32562961.7382,5777108.9374],[32563070.6849,5777160.4298],[32563097.7857,5777169.9295],[32563125.6271,5777175.9313],[32563154.1998,5777175.4367],[32563183.4989,5777166.9464],[32563211.0164,5777149.9602],[32563233.7493,5777125.9772],[32563252.7096,5777097.9955],[32563268.4019,5777067.0149],[32563280.0646,5777030.0368],[32563288.1975,5776986.5616],[32563295.4845,5776913.602],[32563293.6661,5776893.6124],[32563283.8462,5776879.6183],[32563264.5125,5776869.1204],[32563233.4015,5776859.62],[32563189.5041,5776849.1176],[32563089.167,5776825.1121],[32563050.7838,5776814.6106],[32563019.1556,5776800.1123],[32562985.2428,5776776.6184],[32562951.801,5776743.6295],[32562921.0862,5776701.146],[32562898.6348,5776656.1656],[32562885.7337,5776619.1826],[32562878.8546,5776584.1996],[32562878.5419,5776564.71],[32562880.4866,5776545.7203],[32562886.4353,5776524.7325],[32562915.3276,5776467.2687],[32562923.7829,5776446.2814],[32562924.4536,5776420.7951],[32562916.8464,5776393.308],[32562902.4621,5776362.8213],[32562903.6405,5776339.3339],[32562911.6087,5776322.8442],[32562929.8793,5776314.3524],[32563007.3385,5776316.8665],[32563068.7337,5776312.3809],[32563075.2362,5776307.8845],[32563076.9558,5776296.8906],[32563072.6406,5776279.8989],[32563050.459,5776240.9151],[32563040.1106,5776218.425],[32563033.0111,5776192.9371],[32563028.1595,5776164.951],[32563021.469,5776110.4784],[32563024.4417,5776099.4848],[32563031.9278,5776088.9919],[32563044.1762,5776078.4999],[32563057.4066,5776061.5114],[32563066.3488,5776036.0267],[32563070.0161,5776007.0427],[32563066.927,5775981.5556],[32563057.329,5775958.5658],[32563042.9686,5775935.5751],[32563025.1054,5775914.5825],[32563004.7454,5775896.5878],[32562937.1624,5775847.0999],[32562906.018,5775827.1038],[32562884.1588,5775810.6078],[32562859.5248,5775788.6141],[32562814.2468,5775738.1308],[32562764.1091,5775657.162],[32562705.0969,5775581.0666],[32562672.2439,5775538.7031],[32562578.5705,5775560.6704],[32562531.7434,5775574.6524],[32562415.085,5775620.1016],[32562341.9937,5775651.0683],[32562291.2166,5775684.0393],[32562266.9656,5775703.5235],[32562244.7452,5775731.0041],[32562223.3071,5775767.9799],[32562205.3876,5775807.9553],[32562192.2162,5775843.434],[32562123.0681,5776089.2919],[32562107.4391,5776153.1075],[32562100.3045,5776182.2391],[32562091.316,5776193.2314],[32562074.0275,5776195.2263],[32562057.4558,5776186.2269],[32562050.1313,5776168.734],[32562048.8095,5776147.2446],[32562049.4929,5776125.7557],[32562102.3862,5775665.9351],[32562108.7592,5775610.5321],[32562122.4739,5775509.5868],[32562130.3657,5775469.1093],[32562140.2899,5775437.128],[32562151.986,5775410.6445],[32562163.7029,5775390.6575],[32562173.1862,5775377.6665],[32562186.6848,5775366.1757],[32562233.7163,5775337.702],[32562199.0978,5775328.6979],[32562167.9789,5775316.6962],[32562138.5969,5775299.1976],[32562115.7209,5775278.2023],[32562099.1062,5775255.7096],[32562088.7578,5775233.2183],[32562085.1819,5775212.228],[32562086.1255,5775193.7375],[32562089.5852,5775178.2463],[32562097.314,5775165.2548],[32562110.5619,5775153.7641],[32562128.3358,5775146.7721],[32562147.8866,5775146.7772],[32562167.7039,5775151.7797],[32562186.7853,5775161.7794],[32562206.3805,5775175.7774],[32562248.1001,5775210.7701],[32562303.1042,5775245.766],[32562320.1692,5775252.267],[32562337.4673,5775253.2707],[32562352.7379,5775247.2775],[32562363.2286,5775235.7859],[32562367.6829,5775217.7962],[32562364.8445,5775192.3085],[32562345.5211,5775106.3476],[32562331.2505,5775032.8813],[32562328.6404,5775000.3972],[32562329.3334,5774981.9067],[32562332.0173,5774958.9191],[32562340.9532,5774931.4353],[32562355.4032,5774903.9528],[32562374.8617,5774874.9724],[32562417.672,5774858.9911],[32562456.97,5774842.0094],[32562495.2558,5774822.029],[32562527.0248,5774802.0469],[32562555.0339,5774782.0638],[32562582.7861,5774760.0818],[32562613.2793,5774733.1029],[32562644.7642,5774702.6259],[32562696.9654,5774644.6678],[32562759.0992,5774714.6468],[32562812.909,5774768.1319],[32562835.3045,5774795.623],[32562879.3803,5774862.0989],[32562891.959,5774876.5943],[32562904.7804,5774888.591],[32562931.4116,5774908.0869],[32562945.9972,5774923.0823],[32562958.3348,5774940.5761],[32562965.4088,5774958.0687],[32562969.7282,5775003.2161],[32562972.1504,5775028.5338],[32562981.5137,5775056.5213],[32562990.0725,5775068.0172],[32563002.118,5775072.5176],[32563015.6532,5775072.5204],[32563027.4402,5775074.522],[32563037.4758,5775077.5225],[32563052.7926,5775086.0214],[32563061.5749,5775089.0218],[32563072.3402,5775085.0261],[32563085.0692,5775068.0376],[32563104.4701,5775021.066],[32563115.4399,5775002.578],[32563134.7033,5774991.0879],[32563158.5024,5774987.0949],[32563179.8109,5774988.0989],[32563210.9076,5774993.1028],[32563222.685,5774992.1057],[32563248.4883,5774984.2239],[32563268.711,5774978.0468],[32563273.8516,5774976.5493],[32563271.7349,5774962.7928],[32563260.7488,5774891.3896],[32563238.6265,5774881.0952],[32563141.938,5774841.6049],[32563035.5825,5774798.1663],[32563019.263,5774789.6671],[32563009.2083,5774780.6695],[32563003.4036,5774768.1747],[32563000.0861,5774749.6834],[32562991.0298,5774660.727],[32562986.4463,5774638.2375],[32562979.3819,5774623.7433],[32562968.5672,5774612.2467],[32562955.0083,5774604.7475],[32562939.9564,5774600.7462],[32562924.9254,5774603.2415],[32562911.668,5774611.7342],[32562902.183,5774624.2257],[32562896.964,5774638.2174],[32562893.8139,5774672.1993],[32562887.8476,5774687.69],[32562873.8431,5774697.6818],[32562856.3135,5774702.6753],[32562840.5257,5774703.6711],[32562826.47,5774697.6709],[32562813.1299,5774680.1769],[32562783.8823,5774626.1976],[32562773.0581,5774611.7023],[32562759.9812,5774598.2062],[32562734.3495,5774577.7106],[32562780.9122,5774480.7707],[32562844.1775,5774355.3489],[32562867.8826,5774321.8713],[32562981.7729,5774194.4614],[32562996.7514,5774175.4744],[32563005.5758,5774156.8062],[32563006.6627,5774139.4947],[32563001.6194,5774129.9983],[32562992.5769,5774123.9992],[32562969.0046,5774120.4957],[32562948.146,5774120.491],[32562923.9826,5774121.1452],[32562901.7365,5774124.4849],[32562900.7127,5774125.986],[32562889.8952,5774141.8466],[32562878.2454,5774155.2188],[32562854.1753,5774180.7881],[32562731.7442,5774310.8448],[32562700.2785,5774347.319],[32562590.7241,5774498.2163],[32562559.5153,5774536.6893],[32562535.0185,5774557.6727],[32562509.9884,5774568.661],[32562485.19,5774573.6523],[32562461.1292,5774574.1461],[32562434.8204,5774577.138],[32562407.0188,5774583.6277],[32562376.219,5774593.1152],[32562345.0423,5774641.5828],[32562331.0584,5774658.071],[32562298.5582,5774684.5493],[32562279.5502,5774697.5379],[32562261.5351,5774707.5282],[32562243.0108,5774715.0196],[32562221.9706,5774719.5119],[32562200.6685,5774720.5059],[32562182.1076,5774716.5031],[32562163.5307,5774707.5028],[32562123.3453,5774682.005],[32562039.2516,5774642.5024],[32562013.7878,5774635.2493],[32562011.5916,5774634.6237],[32561997.104,5774630.497],[32561964.007,5774626.9898],[32561903.8827,5774636.9684],[32561873.5779,5774644.4564],[32561842.0309,5774655.4422],[32561776.1942,5774681.9107],[32561679.6739,5774754.3479],[32561639.6765,5774787.82],[32561602.1968,5774824.7911],[32561561.2285,5774868.2579],[32561524.2677,5774910.7265],[32561498.5573,5774944.2025],[32561482.3574,5774973.1837],[32561469.1748,5775005.1641],[32561459.2602,5775040.144],[32561451.926,5775088.9102],[32561439.8696,5775169.0748],[32561429.749,5775218.0478],[32561420.0883,5775254.0273],[32561410.3988,5775281.0112],[32561398.7058,5775308.4944],[32561383.2562,5775336.9761],[32561361.7942,5775366.4555],[32561337.8069,5775393.5304],[32561307.3481,5775427.91],[32561296.8814,5775446.8976],[32561291.7004,5775472.8834],[32561291.7976,5775503.3685],[32561295.9227,5775539.352],[32561303.7239,5775627.8107],[32561304.075,5775659.2954],[32561299.8888,5775682.7827],[32561292.9422,5775705.2697],[32561283.2415,5775728.7555],[32561266.7479,5775744.2434],[32561250.2543,5775759.7313],[32561252.1336,5775803.3909],[32561253.5026,5775835.1952],[32561251.5833,5775862.1815],[32561245.6426,5775885.6684],[32561235.1598,5775899.6587],[32561207.8786,5775912.1452],[32561196.1475,5775927.6344],[32561187.973,5775958.1172],[32561170.0126,5776065.7579],[32561148.8662,5776192.4927],[32561141.2728,5776247.9638],[32561140.6291,5776281.9473],[32561142.503,5776319.4296],[32561146.8676,5776351.915],[32561152.701,5776373.4061],[32561162.521,5776387.4019],[32561177.1065,5776402.3985],[32561194.6934,5776415.3968],[32561213.77,5776423.8975],[32561243.586,5776432.6042],[32561249.2506,5776434.2583],[32561263.4452,5776438.4033],[32561366.314,5776470.4141],[32561379.1307,5776480.9121],[32561381.4247,5776492.9069],[32561376.4563,5776506.8988],[32561240.6527,5776522.3566],[32561211.9662,5776523.8748],[32561184.2658,5776525.3408],[32561148.4386,5776530.3292],[32561132.4096,5776534.3231],[32561118.8888,5776538.8174],[32561106.8783,5776545.3112],[32561095.1327,5776556.3029],[32561083.909,5776573.7916],[32561075.465,5776598.2776],[32561072.0545,5776629.2619],[32561071.0527,5776708.2238],[32561071.2247,5776762.198],[32561075.887,5776888.1389],[32561075.334,5776950.609],[32561072.9262,5776981.5937],[32561061.3636,5777050.0583],[32561044.5439,5777120.5207],[32561034.3817,5777156.5012],[32561020.0129,5777203.7048],[32560990.724,5777299.9231],[32560985.3482,5777343.4014],[32560970.1636,5777533.8087],[32560963.3093,5777585.2832],[32560929.4555,5777737.7048],[32560927.0113,5777761.4298],[32560925.0791,5777780.1842],[32560923.7471,5777834.1597],[32560925.1522,5777910.4255],[32560927.0804,5778015.0862],[32560938.6899,5778040.0757],[32560942.2612,5778059.5677],[32560941.7964,5778071.063],[32560938.5842,5778085.5573],[32560923.409,5778121.5432],[32560922.2035,5778136.5371],[32560925.0036,5778150.0315],[32560933.8607,5778176.5206],[32560935.4188,5778193.5136],[32560932.2319,5778216.0045],[32560911.8647,5778274.4815],[32560907.4087,5778291.9746],[32560908.0246,5778327.9599],[32560913.6233,5778354.4491],[32560925.7357,5778379.9384],[32560943.6099,5778404.4279],[32560965.988,5778426.4183],[32561091.1276,5778525.3744],[32561115.514,5778548.3676],[32561129.8536,5778564.8626],[32561158.0588,5778606.3484],[32561170.9136,5778628.8403],[32561166.5467,5778674.3185],[32561166.8738,5778698.3074],[32561172.7072,5778719.7985],[32561183.2887,5778736.7925],[32561197.8758,5778752.2878],[32561217.1744,5778751.7914],[32561232.9416,5778744.2975],[32561245.4184,5778726.8077],[32561298.1109,5778586.8824],[32561317.0475,5778551.4024],[32561330.4505,5778509.9243],[32561337.2968,5778455.9511],[32561336.1924,5778383.6469],[32561325.5169,5778220.0605],[32561324.4372,5778163.4455],[32561323.4106,5778109.6125],[32561320.8038,5778078.127],[32561311.1166,5778027.1493],[32561309.5364,5778003.1604],[32561313.7274,5777981.1717],[32561348.5687,5777902.7162],[32561354.2493,5777876.2301],[32561354.6424,5777842.2464],[32561352.7446,5777797.2675],[32561345.1445,5777693.3158],[32561345.5662,5777668.3279],[32561349.7604,5777647.3389],[32561358.9948,5777634.8469],[32561372.0159,5777630.8516],[32561384.0424,5777629.3549],[32561396.5797,5777630.8569],[32561407.6896,5777656.347],[32561416.0503,5777684.3352],[32561421.1731,5777718.8197],[32561438.0687,5777908.2318],[32561447.9835,5778030.6749],[32561452.2789,5778120.1327],[32561446.8936,5778318.0368],[32561447.5111,5778354.5194],[32561451.5773,5778372.0118],[32561459.3872,5778384.5072],[32561473.4413,5778390.0072],[32561495.24,5778387.5123],[32561508.7624,5778383.5166],[32561521.2775,5778378.0216],[32561533.7846,5778370.0278],[32561545.0258,5778358.0356],[32561555.7481,5778340.546],[32561565.1979,5778317.059],[32561573.3788,5778288.5743],[32561580.0047,5778244.0971],[32561587.883,5778120.6584],[32561587.7079,5778021.1068],[32561587.2652,5777769.3296],[32561608.2968,5777683.3759],[32561623.9223,5777631.4047],[32561632.6504,5777617.4134],[32561642.9048,5777610.419],[32561655.1852,5777609.9218],[32561668.9869,5777614.9223],[32561683.0633,5777627.419],[32561695.6642,5777648.911],[32561705.2925,5777681.3969],[32561719.8169,5777755.8631],[32561738.8386,5777825.8324],[32561752.7248,5777857.3196],[32561768.094,5777882.3102],[32561785.4574,5777903.803],[32561820.3865,5778010.2569],[32561834.579,5778059.2353],[32561846.0382,5778115.7094],[32561856.0365,5778185.6764],[32561863.5251,5778254.6437],[32561868.6286,5778324.5192],[32561875.1816,5778414.2393],[32561883.5351,5778537.7506],[32561888.9971,5778618.5105],[32561906.4951,5778761.0792],[32561919.7869,5778842.1327],[32561929.9419,5778882.6599],[32561943.4552,5778920.4796],[32561894.5835,5778920.4803]],[[32563435.9624,5776949.1075],[32563403.8806,5776949.6017],[32563378.6015,5776961.0911],[32563359.3698,5776982.5762],[32563345.4224,5777010.5587],[32563342.2581,5777040.0422],[32563352.8619,5777064.0312],[32563371.9687,5777082.0248],[32563395.5666,5777093.5234],[32563425.4117,5777099.0331],[32563460.4965,5777097.0532],[32563492.5851,5777081.706],[32563510.2312,5777051.5869],[32563507.6434,5777026.088],[32563493.0036,5776994.0931],[32563468.3458,5776964.6047],[32563463.7153,5776962.3888],[32563435.9624,5776949.1075]],[[32563434.176,5776703.2397],[32563411.132,5776708.2329],[32563388.1166,5776722.2212],[32563369.142,5776745.7054],[32563357.9694,5776779.1854],[32563362.3372,5776812.6682],[32563380.9619,5776836.6585],[32563404.3219,5776852.1543],[32563423.3985,5776860.653],[32563455.9118,5776868.7848],[32563480.4969,5776874.9337],[32563500.9215,5776883.1542],[32563518.7288,5776886.6553],[32563533.7505,5776881.1608],[32563548.5023,5776869.6696],[32563541.8229,5776818.696],[32563535.9893,5776797.2067],[32563528.4124,5776779.2151],[32563510.519,5776748.7284],[32563483.1247,5776725.7361],[32563458.0086,5776709.7403],[32563439.7442,5776704.7584],[32563434.176,5776703.2397]],[[32562681.0767,5774928.5193],[32562653.5179,5774932.5108],[32562627.7311,5774941.9998],[32562609.4783,5774955.9883],[32562598.748,5774970.9781],[32562595.2772,5774982.9711],[32562596.8272,5774997.4642],[32562602.161,5775019.4541],[32562612.5142,5775043.4443],[32562629.6269,5775064.9374],[32562652.7251,5775076.9366],[32562676.5481,5775080.4404],[32562702.6078,5775077.9477],[32562726.4005,5775071.9562],[32562772.2154,5775054.9755],[32562793.2144,5775037.4892],[32562810.4328,5775013.5055],[32562826.1266,5774983.0248],[32562806.279,5774968.5276],[32562784.6816,5774955.5295],[32562757.5698,5774942.5299],[32562730.4709,5774933.5283],[32562705.8928,5774929.0248],[32562681.0767,5774928.5193]],[[32566609.9995,5772977.0194],[32566569.1467,5772979.5164],[32566549.3828,5772993.5089],[32566534.6339,5773008.0015],[32566526.1603,5773025.4929],[32566525.2683,5773036.8546],[32566524.7084,5773043.9842],[32566527.5194,5773062.9755],[32566536.3465,5773081.967],[32566542.8333,5773089.1947],[32566552.9431,5773100.4592],[32566576.7937,5773113.4543],[32566602.6242,5773117.4536],[32566631.4474,5773115.9557],[32566665.0334,5773114.4579],[32566670.7853,5773113.6238],[32566692.5963,5773110.4611],[32566714.3837,5773102.9655],[32566728.8876,5773090.4719],[32566740.1229,5773074.4799],[32566746.5912,5773056.9884],[32566746.2899,5773038.9967],[32566742.7341,5773022.5042],[32566737.4278,5773007.5109],[32566725.1097,5772995.0162],[32566700.7689,5772986.0193],[32566652.117,5772978.5206],[32566609.9995,5772977.0194]],[[32563077.8965,5775255.4387],[32563059.8576,5775257.9336],[32563042.8292,5775262.9274],[32563025.0586,5775270.9195],[32563030.7338,5775321.3944],[32563031.8574,5775355.0597],[32563034.3364,5775429.3389],[32563037.1079,5775433.8371],[32563046.4091,5775442.3346],[32563065.2334,5775450.3344],[32563095.0688,5775452.8393],[32563126.3907,5775449.8473],[32563148.4337,5775445.3541],[32563164.453,5775438.3611],[32563176.9505,5775427.3694],[32563187.43,5775412.3794],[32563195.3934,5775394.3904],[32563199.8399,5775373.902],[32563199.765,5775350.4143],[32563194.9262,5775326.4259],[32563185.0838,5775305.4349],[32563170.2397,5775287.941],[32563149.8923,5775273.9441],[32563110.9936,5775258.9439],[32563094.6917,5775255.942],[32563077.8965,5775255.4387]],[[32562988.2193,5775508.7877],[32562928.8965,5775510.7089],[32562896.24,5775511.7665],[32562866.2045,5775511.3581],[32562858.8914,5775511.2587],[32562845.9196,5775530.7457],[32562839.4696,5775551.7334],[32562841.3086,5775578.22],[32562851.1653,5775603.7088],[32562863.7631,5775624.2009],[32562879.1006,5775639.1964],[32562903.9719,5775653.1005],[32562930.0736,5775667.6924],[32562943.8945,5775678.6895],[32562969.7975,5775705.6808],[32562983.8723,5775717.6775],[32562998.6878,5775726.1761],[32563014.2376,5775729.1777],[32563029.5211,5775727.1819],[32563043.7859,5775720.1885],[32563056.7719,5775705.199],[32563068.2206,5775679.7148],[32563077.4055,5775651.7314],[32563081.3378,5775627.2451],[32563077.0002,5775603.2567],[32563061.3691,5775574.7685],[32563037.2174,5775546.7781],[32563013.5909,5775526.2839],[32562988.2193,5775508.7877]],[[32562782.8007,5773500.7588],[32562757.2551,5773507.2495],[32562737.4903,5773518.7391],[32562726.5191,5773536.7276],[32562726.3482,5773561.7154],[32562737.9672,5773589.7045],[32562755.2221,5773609.0844],[32562761.11,5773615.6974],[32562835.259,5773680.6831],[32562878.9582,5773707.6802],[32562891.2443,5773714.4756],[32562915.1155,5773727.6787],[32562944.9828,5773740.1795],[32562956.4952,5773734.6849],[32562978.4999,5773718.198],[32562993.1989,5773690.2152],[32562982.2967,5773651.2319],[32562940.2521,5773589.6783],[32562922.6186,5773565.2603],[32562889.9273,5773531.769],[32562852.5102,5773509.771],[32562838.4436,5773506.4269],[32562814.6334,5773500.7664],[32562782.8007,5773500.7588]],[[32564250.6619,5776940.466],[32564231.9649,5776943.9652],[32564215.995,5776952.9605],[32564197.5343,5776970.3396],[32564169.2838,5776996.9347],[32564146.3225,5777008.9285],[32564121.6039,5777013.927],[32564076.486,5777016.4269],[32564059.1318,5777018.9251],[32564044.0454,5777023.9218],[32564029.9997,5777032.9161],[32564015.7464,5777046.408],[32564004.8104,5777063.3982],[32564002.1894,5777080.3885],[32564006.5766,5777096.8789],[32564018.4083,5777112.3687],[32564032.6415,5777125.359],[32564046.3337,5777133.852],[32564060.0343,5777138.8474],[32564074.2661,5777140.8452],[32564088.5316,5777145.3376],[32564101.5986,5777156.7543],[32564111.9064,5777174.0342],[32564122.79,5777205.0661],[32564128.3761,5777220.9937],[32564142.6857,5777224.4984],[32564163.5346,5777233.0024],[32564173.8207,5777234.0052],[32564189.3542,5777230.0119],[32564207.871,5777219.0223],[32564225.8609,5777201.0356],[32564243.0841,5777179.0505],[32564259.8019,5777156.0656],[32564277.0043,5777128.5829],[32564293.9288,5777094.1029],[32564307.3388,5777059.1213],[32564314.4989,5777029.6343],[32564316.1649,5777006.1417],[32564314.3329,5776985.6445],[32564309.0174,5776969.2094],[32564299.9736,5776956.8793],[32564285.9185,5776948.4537],[32564269.1247,5776942.4635],[32564250.6619,5776940.466]],[[32567061.6301,5773303.8868],[32567043.8352,5773304.8855],[32567024.2939,5773308.8828],[32567007.2692,5773316.3787],[32566994.7665,5773327.3731],[32566985.7789,5773340.3666],[32566979.2705,5773353.9251],[32566960.1104,5773393.8405],[32566946.6332,5773414.8301],[32566931.883,5773428.8228],[32566914.1094,5773437.318],[32566871.277,5773448.8107],[32566854.6595,5773485.4656],[32566841.6617,5773524.7735],[32566837.4618,5773544.7638],[32566835.7726,5773565.2541],[32566841.8026,5773648.2152],[32566846.3957,5773673.7033],[32566855.9891,5773695.1936],[32566870.3129,5773706.689],[32566888.225,5773710.161],[32566907.4155,5773708.6899],[32566929.1982,5773701.1946],[32566951.463,5773687.702],[32566975.7203,5773670.2114],[32566989.4357,5773648.2224],[32567001.6395,5773623.7346],[32567013.0752,5773594.249],[32567020.7411,5773560.2653],[32567025.3981,5773522.783],[32567029.2128,5773453.3158],[32567038.1524,5773423.3301],[32567056.1207,5773394.8442],[32567089.8503,5773355.3641],[32567096.3341,5773343.3699],[32567099.3069,5773330.8758],[32567097.3194,5773320.1439],[32567097.2707,5773319.8808],[32567089.7252,5773310.8847],[32567077.1774,5773305.8865],[32567061.6301,5773303.8868]],[[32562886.0715,5773816.1283],[32562880.3979,5773817.0572],[32562867.7835,5773819.1225],[32562850.768,5773828.114],[32562834.7774,5773844.1024],[32562825.8161,5773863.5907],[32562826.3747,5773881.5819],[32562833.6994,5773899.0749],[32562899.8164,5773985.2343],[32562915.7819,5774004.6531],[32562940.3773,5774027.9568],[32562966.2671,5774049.1035],[32562987.8419,5774062.9146],[32563009.4166,5774070.6855],[32563033.5801,5774075.4368],[32563060.1669,5774076.8974],[32563109.4682,5774073.0509],[32563146.2772,5774061.5647],[32563160.2913,5774054.5712],[32563170.7883,5774045.0782],[32563180.7681,5774030.5877],[32563186.9044,5774015.1733],[32563189.7199,5774008.1008],[32563197.6323,5773974.1195],[32563196.0137,5773938.1371],[32563182.8953,5773911.6476],[32563168.056,5773895.6523],[32563161.0203,5773890.1535],[32563067.3744,5773863.8166],[32563020.5301,5773850.6421],[32562974.3578,5773834.1397],[32562936.473,5773822.6368],[32562906.3741,5773816.133],[32562886.0715,5773816.1283]],[[32563626.1327,5774646.3639],[32563608.3428,5774648.3595],[32563593.3357,5774658.3515],[32563564.9033,5774702.8232],[32563534.0043,5774759.7878],[32563503.6321,5774824.7484],[32563491.2143,5774860.7274],[32563484.5534,5774894.2086],[32563484.6507,5774924.6929],[32563489.7561,5774953.6787],[32563501.6212,5774980.1671],[32563521.4991,5775004.1585],[32563675.5913,5775143.1144],[32563689.2416,5775100.6391],[32563700.3886,5775059.1629],[32563709.516,5775013.1886],[32563714.1221,5774964.215],[32563715.1985,5774908.7441],[32563711.9979,5774848.275],[32563704.2758,5774784.8066],[32563689.8071,5774727.8335],[32563670.8713,5774684.8522],[32563647.4475,5774649.3663],[32563626.1327,5774646.3639]],[[32563795.848,5776776.2803],[32563811.3725,5776771.2904],[32563827.6807,5776776.3019],[32563845.5152,5776788.3176],[32563940.6524,5776832.4173],[32563958.4613,5776836.4342],[32563977.0048,5776834.9496],[32563994.5248,5776826.9623],[32564009.2607,5776810.4712],[32564019.9591,5776785.4752],[32564026.3821,5776755.9739],[32564025.7851,5776725.9654],[32564015.4303,5776701.4488],[32563989.5479,5776680.9197],[32563952.6463,5776663.3862],[32563905.971,5776646.3579],[32563876.5826,5776626.8556],[32563853.9603,5776606.8628],[32563838.3482,5776584.3724],[32563832.4876,5776554.3877],[32563832.8678,5776516.4083],[32563836.7523,5776476.9303],[32563842.1599,5776443.4492],[32563854.7997,5776398.4757],[32563877.8872,5776328.5172],[32563934.2735,5776168.1129],[32563965.6038,5776089.1606],[32564002.9385,5776006.7109],[32564041.0459,5775930.7579],[32564073.6916,5775871.295],[32564155.9634,5775732.3824],[32564185.0412,5775672.7016],[32564210.4989,5775620.4507],[32564233.9183,5775575.978],[32564254.8646,5775541.9994],[32564273.582,5775516.5157],[32564295.3058,5775490.5329],[32564322.5375,5775462.5519],[32564357.2809,5775432.0733],[32564392.7968,5775408.0912],[32564420.3301,5775396.1016],[32564441.6147,5775389.6082],[32564457.8847,5775382.6142],[32564471.6243,5775368.1239],[32564484.0851,5775345.6376],[32564494.2677,5775316.1546],[32564500.6684,5775279.6749],[32564501.7781,5775234.6987],[32564497.7596,5775164.2609],[32564493.2821,5775085.7761],[32564494.3872,5775039.3006],[32564497.2164,5774983.3305],[32564505.8906,5774873.8889],[32564508.8844,5774790.9327],[32564526.0716,5774600.0342],[32564534.9324,5774549.0618],[32564567.8034,5774403.1414],[32564594.0566,5774304.1956],[32564624.2358,5774178.7636],[32564661.502,5773996.3607],[32564672.3744,5773947.3868],[32564680.3701,5773922.034],[32564684.037,5773910.4069],[32564700.4762,5773877.9252],[32564721.9221,5773843.4452],[32564744.8832,5773812.4636],[32564765.6122,5773788.9779],[32564783.5889,5773766.9911],[32564803.079,5773748.0029],[32564827.3363,5773730.5146],[32564858.6086,5773712.0275],[32564898.1221,5773684.0461],[32564940.3672,5773648.0688],[32564980.3341,5773605.0946],[32565022.782,5773554.1243],[32565118.1828,5773445.1879],[32565122.4647,5773451.6852],[32565136.5473,5773466.1796],[32565161.6587,5773480.6751],[32565199.0263,5773487.1759],[32565241.6257,5773483.6819],[32565279.4453,5773474.69],[32565309.7373,5773463.1985],[32565329.2529,5773452.2058],[32565342.4911,5773437.7141],[32565354.7044,5773416.2256],[32565363.648,5773391.2386],[32565367.5787,5773366.2511],[32565367.756,5773343.2622],[32565365.1331,5773306.7796],[32565444.2796,5773270.9871],[32565487.7747,5773251.3173],[32565505.2983,5773244.3231],[32565595.4339,5773208.3469],[32565678.1984,5773180.8642],[32565775.9962,5773148.3896],[32565816.8071,5773131.4007],[32565834.8925,5773144.3959],[32565848.2164,5773157.8904],[32565850.6519,5773163.3805],[32565855.5327,5773174.3831],[32565861.9105,5773213.3651],[32565867.4836,5773233.8556],[32565875.8098,5773252.8472],[32565886.6228,5773264.8422],[32565899.4183,5773268.8412],[32565928.7538,5773271.342],[32565943.0604,5773277.84],[32565952.6216,5773290.3347],[32565954.426,5773307.8265],[32565945.7123,5773328.8158],[32565921.9761,5773353.3025],[32565887.2187,5773379.2874],[32565851.1968,5773401.774],[32565823.1685,5773415.7652],[32565796.365,5773420.7608],[32565717.1801,5773427.2516],[32565672.8485,5773437.743],[32565630.0526,5773458.2297],[32565591.7989,5773488.2119],[32565562.8335,5773522.6927],[32565547.408,5773558.6739],[32565545.9998,5773588.6591],[32565555.3361,5773608.1504],[32565573.1658,5773618.6468],[32565597.2346,5773620.6479],[32565623.5242,5773611.6545],[32565648.5286,5773592.6658],[32565690.0043,5773551.1894],[32565709.5087,5773536.698],[32565733.5313,5773524.2059],[32565759.0641,5773513.7131],[32565791.2095,5773503.6018],[32565812.6475,5773496.2257],[32565850.4447,5773480.2361],[32565932.7731,5773437.7626],[32565968.7982,5773416.2755],[32565999.0631,5773396.2871],[32566023.8121,5773375.7986],[32566043.0433,5773353.8104],[32566057.1942,5773333.5168],[32566043.0656,5773308.7927],[32566031.9141,5773284.2604],[32566027.4531,5773253.0372],[32566045.2947,5773230.7347],[32566064.6034,5773221.08],[32566080.2626,5773219.698],[32566078.6605,5773214.0512],[32566073.9325,5773197.3869],[32566054.5358,5773163.9016],[32566029.4117,5773135.8515],[32565983.9755,5773128.2794],[32565934.9371,5773116.511],[32565863.736,5773103.0766],[32565805.4758,5773079.2439],[32565789.2874,5773063.0559],[32565773.4939,5773061.9304],[32565753.671,5773054.9323],[32565735.8435,5773044.4359],[32565701.4132,5773013.4479],[32565683.8092,5772993.4559],[32565667.2065,5772972.9642],[32565649.6125,5772956.4706],[32565628.2726,5772944.9743],[32565581.6119,5772932.4763],[32565555.5306,5772928.4761],[32565526.7033,5772928.4737],[32565497.8873,5772932.4694],[32565472.585,5772937.9647],[32565440.6646,5772947.8642],[32565412.9779,5772956.4507],[32565389.6797,5772961.4463],[32565366.625,5772963.9429],[32565347.5668,5772961.4424],[32565310.6922,5772952.4432],[32565285.3645,5772948.9424],[32565253.5248,5772947.4401],[32565217.1788,5772947.9362],[32565181.3399,5772950.4315],[32565149.019,5772955.9256],[32565123.2228,5772963.9192],[32565084.6681,5772980.907],[32565062.8812,5772988.4012],[32565033.8221,5772994.8949],[32564996.2371,5773000.3883],[32564915.5455,5773008.8751],[32564895.2325,5773005.8742],[32564869.4106,5773004.8717],[32564832.5677,5773006.8663],[32564794.9887,5773014.3583],[32564764.6951,5773027.3483],[32564738.9237,5773043.8373],[32564715.6683,5773061.8259],[32564640.8026,5773122.638],[32564614.1674,5773144.2733],[32564611.953,5773157.2669],[32564612.5213,5773178.2568],[32564615.6008,5773200.7464],[32564620.8445,5773213.9107],[32564622.1703,5773217.2393],[32564633.7338,5773227.7358],[32564649.0458,5773234.7345],[32564664.8494,5773238.7346],[32564688.6645,5773239.7372],[32564699.2094,5773245.2359],[32564706.0088,5773255.232],[32564705.3047,5773270.2247],[32564698.5913,5773287.2156],[32564680.6433,5773318.1983],[32564654.1652,5773346.6811],[32564618.172,5773378.1611],[32564442.8249,5773490.5821],[32564406.8126,5773516.0644],[32564374.5696,5773544.5457],[32564346.5924,5773574.5269],[32564322.8778,5773605.0083],[32564303.4435,5773641.4874],[32564287.0424,5773685.9629],[32564258.2603,5773777.9128],[32564241.3134,5773808.395],[32564222.3086,5773822.385],[32564185.2505,5773834.3733],[32564168.9981,5773846.8644],[32564152.7616,5773864.3532],[32564138.789,5773884.341],[32564129.3296,5773904.8291],[32564125.145,5773928.8164],[32564125.2487,5773961.3001],[32564133.0376,5774045.7589],[32564140.849,5774095.4308],[32564165.7139,5774231.6698],[32564202.6116,5774405.0869],[32564206.9938,5774443.0681],[32564204.1055,5774480.5483],[32564196.4629,5774520.5265],[32564180.4356,5774525.0217],[32564166.1533,5774526.5187],[32564152.1088,5774524.0178],[32564117.7171,5774507.5208],[32564098.3771,5774495.0241],[32564082.5351,5774479.0298],[32564071.1872,5774457.5389],[32564063.331,5774430.5516],[32564059.4224,5774403.8703],[32564058.7188,5774399.067],[32564055.5086,5774335.5989],[32564052.4243,5774311.6107],[32564046.0783,5774286.6225],[32564034.194,5774254.137],[32564017.067,5774228.1474],[32563997.2416,5774220.6479],[32563978.1906,5774220.145],[32563962.1377,5774216.644],[32563951.0613,5774201.6497],[32563943.2178,5774178.6602],[32563931.0224,5774127.1841],[32563920.9389,5774109.1915],[32563906.1187,5774099.194],[32563901.0933,5774098.2828],[32563889.5662,5774096.1926],[32563874.5352,5774098.6888],[32563860.5338,5774109.6808],[32563847.8403,5774127.5681],[32563836.3514,5774150.6558],[32563830.6485,5774170.1448],[32563827.5984,5774200.254],[32563820.9286,5774266.0944],[32563814.2949,5774308.0717],[32563802.3832,5774345.5506],[32563784.44,5774378.0307],[32563743.044,5774444.4893],[32563726.6221,5774482.4668],[32563717.2138,5774518.9463],[32563714.8141,5774552.4287],[32563720.1701,5774581.4147],[32563733.0251,5774603.9054],[32563752.1304,5774621.3999],[32563776.2358,5774634.8972],[32563803.3428,5774646.396],[32563837.709,5774654.8977],[32563880.0802,5774658.4033],[32563925.191,5774656.4121],[32563967.0241,5774648.4233],[32563997.8287,5774640.4326],[32564016.8781,5774640.4357],[32564027.6785,5774647.4338],[32564034.4922,5774661.9275],[32564028.285,5774680.4168],[32564004.2799,5774698.4036],[32563971.2386,5774712.3908],[32563938.4273,5774719.8814],[32563867.0188,5774728.3647],[32563832.9511,5774734.8554],[32563809.1695,5774744.3464],[32563793.4199,5774757.3368],[32563779.6915,5774775.3251],[32563768.9885,5774798.811],[32563761.8121,5774827.7946],[32563753.6262,5774933.2382],[32563750.3514,5775006.6992],[32563738.7149,5775209.091],[32563743.31,5775267.9954],[32563745.7711,5775299.5445],[32563750.3944,5775334.5269],[32563763.6561,5775405.9914],[32563767.2657,5775437.4754],[32563765.5569,5775530.4257],[32563763.53,5775557.0939],[32563761.2269,5775587.3948],[32563753.3638,5775636.8671],[32563713.083,5775817.2639],[32563710.1628,5775844.7488],[32563709.8144,5775892.7231],[32563705.6443,5775921.207],[32563694.7048,5775949.1902],[32563678.4842,5775971.6753],[32563643.0224,5776012.6473],[32563630.065,5776036.6321],[32563621.8828,5776064.6157],[32563617.4746,5776097.0975],[32563615.8396,5776134.5772],[32563610.7384,5776185.5489],[32563600.6498,5776244.5155],[32563586.5825,5776313.476],[32563576.1136,5776410.422],[32563569.3854,5776501.3719],[32563567.4227,5776593.322],[32563577.2661,5776693.2698],[32563596.6661,5776803.2137],[32563623.8842,5776928.1651],[32563628.458,5776947.6669],[32563641.6098,5776984.6812],[32563663.5614,5777030.2142],[32563695.0347,5777074.7601],[32563794.8843,5777181.821],[32563791.515,5777157.136],[32563780.9636,5777060.8318],[32563774.1486,5776967.3015],[32563775.1613,5776891.7789],[32563781.6739,5776811.7705],[32563785.8665,5776790.2733],[32563795.848,5776776.2803]]],[[[32550589.666,5772870.0636],[32550566.6253,5772876.0676],[32550541.3176,5772878.5737],[32550515.239,5772875.0829],[32550485.3862,5772867.0953],[32550450.7582,5772855.1107],[32550416.1207,5772840.1275],[32550282.6121,5772766.5189],[32550280.084,5772765.125],[32549872.5068,5772540.4112],[32549754.7382,5772473.4713],[32549673.3473,5772417.017],[32549639.6772,5772391.0369],[32549615.0449,5772369.5526],[32549595.6762,5772348.067],[32549576.2932,5772322.0835],[32549540.7665,5772264.1182],[32549494.3422,5772168.6724],[32549460.4226,5772091.2987],[32549434.7547,5772032.7477],[32549345.9244,5771844.3529],[32549318.6928,5771872.3463],[32549293.4457,5771893.8422],[32549267.6782,5771909.3409],[32549222.8596,5771924.3439],[32549200.8342,5771934.3441],[32549177.0719,5771949.8422],[32549150.5859,5771975.8361],[32549123.3671,5772007.8275],[32549100.4078,5772039.3182],[32549086.946,5772062.3106],[32549077.9944,5772084.8022],[32549068.5654,5772114.7906],[32549061.8968,5772145.778],[32549061.7323,5772172.7659],[32549067.5627,5772193.2554],[32549075.3902,5772211.2456],[32549084.7122,5772226.2369],[32549103.332,5772248.7227],[32549111.1454,5772262.215],[32549115.451,5772276.2077],[32549114.2441,5772290.7014],[32549104.3043,5772317.6913],[32549095.0637,5772328.1884],[32549078.7921,5772334.6889],[32549046.8499,5772338.7481],[32549007.8868,5772343.6995],[32548982.8425,5772350.2017],[32548961.3185,5772360.2017],[32548945.0692,5772373.6987],[32548914.2697,5772415.0784],[32548885.1701,5772454.1743],[32548864.4315,5772474.6692],[32548836.1719,5772494.6657],[32548804.641,5772510.6646],[32548774.5901,5772519.1666],[32548743.0161,5772521.6716],[32548706.9129,5772518.6799],[32548672.8069,5772513.1889],[32548646.2171,5772506.6969],[32548624.1359,5772499.2045],[32548603.0494,5772489.2129],[32548490.0413,5772421.7643],[32548447.7351,5772390.5837],[32548325.9802,5772300.8479],[32548298.8429,5772279.8621],[32548277.9798,5772261.3739],[32548261.8727,5772240.8859],[32548249.5142,5772216.8988],[32548242.4002,5772186.9136],[32548241.2938,5772154.4284],[32548244.4533,5772123.4418],[32548250.3876,5772097.9522],[32548259.8469,5772077.4598],[32548274.0765,5772059.4654],[32548291.0761,5772045.4689],[32548308.5913,5772035.9702],[32548328.6273,5772030.969],[32548351.4302,5772028.9658],[32548374.7439,5772029.9615],[32548396.0588,5772032.9564],[32548419.647,5772041.4484],[32548505.5069,5772084.4138],[32548533.8591,5772093.4047],[32548571.9867,5772102.3936],[32548618.1272,5772108.8822],[32548669.2663,5772110.8717],[32548720.8956,5772109.3626],[32548767.2563,5772106.3551],[32548804.5888,5772101.8498],[32548829.3874,5772096.8473],[32548880.2136,5772079.3451],[32548892.4762,5772073.3454],[32548902.2278,5772065.8468],[32548910.7147,5772054.8501],[32548916.9379,5772041.3549],[32548919.893,5772024.8617],[32548921.239,5771975.3838],[32548918.8874,5771945.3978],[32548911.7815,5771917.9116],[32548896.6035,5771874.4341],[32548893.0259,5771852.9445],[32548891.6928,5771827.956],[32548892.8407,5771794.9705],[32548896.2302,5771757.4866],[32548904.5608,5771697.5119],[32548920.173,5771641.5338],[32548945.0355,5771578.0572],[32548995.9872,5771472.7866],[32549013.0148,5771437.606],[32549053.8838,5771363.1309],[32549081.3197,5771320.6442],[32549105.2913,5771292.1519],[32549130.0563,5771276.6537],[32549159.5964,5771265.1526],[32549188.8954,5771256.6502],[32549213.6971,5771252.6467],[32549269.5762,5771247.6369],[32549296.3783,5771242.1336],[32549310.8825,5771231.6351],[32549305.2837,5771205.148],[32549293.4074,5771175.164],[32549277.0226,5771146.1804],[32549258.4026,5771123.6945],[32549232.0156,5771102.2096],[32549160.4238,5771053.2465],[32549133.3072,5771038.7585],[32549011.5961,5770993.3035],[32548975.204,5770978.3174],[32548950.8429,5770963.3289],[32548932.4928,5770946.8398],[32548913.1128,5770921.8545],[32548922.7556,5770958.8364],[32548929.1336,5770993.8197],[32548931.0079,5771031.3027],[32548926.3796,5771073.2851],[32548918.0154,5771122.765],[32548900.7299,5771204.2322],[32548889.3181,5771241.2181],[32548847.3044,5771349.6782],[32548827.1485,5771395.6616],[32548804.7271,5771438.6469],[32548709.735,5771597.0944],[32548693.2543,5771616.5887],[32548676.0073,5771631.5854],[32548652.7485,5771646.6144],[32548609.4715,5771674.5785],[32548583.9737,5771696.0736],[32548563.002,5771722.0657],[32548546.8039,5771751.5556],[32548518.4196,5771811.0341],[32548498.9106,5771846.7961],[32548480.7916,5771880.01],[32548468.8162,5771897.5042],[32548454.0725,5771911.5006],[32548404.2904,5771941.9957],[32548376.0116,5771955.9944],[32548353.7308,5771964.4944],[32548335.6903,5771966.4967],[32548316.8883,5771965.5003],[32548297.3264,5771962.0052],[32548277.5089,5771957.0107],[32548174.6257,5771920.5443],[32548160.8303,5771917.5479],[32548144.5396,5771918.0503],[32548127.2574,5771922.0513],[32548110.491,5771930.5502],[32548092.8222,5771942.6318],[32548079.2066,5772044.7605],[32548079.2072,5772084.0505],[32548079.2076,5772108.607],[32548079.2078,5772123.3406],[32548079.2085,5772173.9147],[32548097.3197,5772201.431],[32548108.176,5772225.9182],[32548118.4665,5772262.7954],[32548124.9105,5772285.8885],[32548143.0962,5772329.3659],[32548153.6874,5772349.3552],[32548173.8112,5772371.8417],[32548205.7333,5772399.8238],[32548262.5175,5772442.7947],[32548364.4845,5772506.2484],[32548392.9496,5772520.0277],[32548429.5035,5772537.7225],[32548450.8566,5772552.712],[32548487.0573,5772586.1902],[32548536.6024,5772614.8775],[32548568.1673,5772633.154],[32548647.8118,5772692.1121],[32548656.8592,5772699.607],[32548661.141,5772706.1032],[32548670.7215,5772723.5933],[32548680.5799,5772749.5796],[32548685.6934,5772781.0643],[32548684.7866,5772811.0506],[32548680.1024,5772835.5404],[32548671.644,5772855.5327],[32548659.4165,5772872.5273],[32548644.9251,5772887.0234],[32548629.1772,5772900.5202],[32548595.665,5772924.0158],[32548593.6825,5772924.774],[32548591.9733,5772925.4277],[32548572.1327,5772933.016],[32548543.319,5772936.5198],[32548508.2312,5772937.5257],[32548492.9945,5772936.3538],[32548462.8523,5772934.0356],[32548440.5237,5772927.5427],[32548393.3455,5772910.0591],[32548362.9674,5772894.5717],[32548327.0509,5772871.5885],[32548292.3735,5772844.1071],[32548265.7119,5772815.1249],[32548247.5694,5772785.1417],[32548229.1291,5772744.1333],[32548210.5771,5772813.7077],[32548202.7317,5772864.7075],[32548202.732,5772890.2286],[32548238.4804,5772921.581],[32548281.6928,5772953.0591],[32548326.1281,5772975.0413],[32548379.5885,5772997.5214],[32548433.2882,5773016.503],[32548477.6901,5773027.9898],[32548511.0361,5773030.9823],[32548538.6013,5773028.9781],[32548560.3903,5773023.4766],[32548577.163,5773016.9765],[32548625.6999,5772988.9802],[32548642.2189,5772981.4805],[32548659.0012,5772977.9789],[32548662.4397,5772978.0722],[32548677.3003,5772978.4752],[32548696.3657,5772983.4693],[32548704.6173,5772987.8477],[32548715.1963,5772993.4611],[32548730.0294,5773007.4517],[32548739.3545,5773023.4426],[32548744.425,5773041.4332],[32548746.2449,5773061.9235],[32548745.0587,5773082.914],[32548738.8547,5773102.4062],[32548725.8685,5773122.078],[32548685.273,5773268.7752],[32548685.2736,5773308.0058],[32548618.5821,5773323.6989],[32548269.4298,5773288.3966],[32548214.5067,5773268.782],[32548214.5059,5773217.7824],[32548183.1207,5773166.7832],[32548155.6591,5773147.1682],[32548147.8124,5773115.784],[32548150.5288,5773083.1824],[32548125.8861,5773055.0388],[32548065.4263,5772974.0449],[32548065.4272,5773037.324],[32547990.8895,5773056.9404],[32547869.2746,5773037.3269],[32547782.967,5773013.7898],[32547724.1208,5772978.4832],[32547720.1973,5772951.0219],[32547739.0643,5772879.4725],[32547763.35,5772884.3292],[32547798.6572,5772876.4825],[32547826.1185,5772864.713],[32547873.1951,5772860.7893],[32547959.5026,5772888.2493],[32548038.3978,5772934.2701],[32548027.7139,5772917.9828],[32547984.8608,5772852.6545],[32547972.3649,5772836.1179],[32547961.4492,5772821.6724],[32547941.832,5772801.1848],[32547933.5417,5772795.5163],[32547925.7552,5772790.1924],[32547909.6916,5772783.198],[32547892.6355,5772779.2026],[32547855.28,5772775.71],[32547841.482,5772771.7139],[32547830.1788,5772764.2191],[32547820.1186,5772753.7254],[32547799.4608,5772721.743],[32547794.0789,5772706.2429],[32547793.3876,5772704.2518],[32547794.5925,5772689.7582],[32547804.5845,5772679.7612],[32547821.8644,5772675.2607],[32547845.4319,5772677.2562],[32547874.0316,5772685.2481],[32547963.4232,5772724.1871],[32547963.4229,5772703.8657],[32547967.3456,5772664.6351],[32547963.4219,5772633.2508],[32547971.2676,5772601.8662],[32547994.8057,5772586.1736],[32548069.3439,5772601.8647],[32548139.9592,5772625.4021],[32548201.7949,5772665.1522],[32548194.1532,5772640.6704],[32548168.8972,5772559.7576],[32548161.5788,5772544.2658],[32548147.4754,5772523.2776],[32548125.8524,5772502.2907],[32548095.7248,5772486.8026],[32548054.3356,5772476.8139],[32548005.43,5772467.8258],[32547956.5355,5772462.336],[32547915.4257,5772461.3429],[32547877.8425,5772465.8467],[32547802.2034,5772483.8501],[32547774.1577,5772492.3505],[32547751.3789,5772501.8496],[32547728.8618,5772514.847],[32547707.8534,5772529.3437],[32547674.6064,5772557.3359],[32547646.0899,5772575.332],[32547635.1436,5772599.8226],[32547627.6978,5772621.8138],[32547622.3118,5772660.2972],[32547615.8584,5772679.2896],[32547604.3925,5772698.2826],[32547586.908,5772716.2771],[32547564.3944,5772729.2745],[32547539.3528,5772735.775],[32547513.5427,5772737.2781],[32547504.437,5772736.7348],[32547488.4745,5772735.7824],[32547452.8634,5772729.2903],[32547353.5122,5772698.8178],[32547318.1317,5772686.3281],[32547266.6809,5772664.8447],[32547090.2283,5772586.9027],[32547030.4835,5772558.4229],[32546981.5208,5772531.4411],[32546850.1787,5772452.4921],[32546805.7159,5772422.0109],[32546692.6222,5772328.5654],[32546669.2357,5772305.0785],[32546597.2938,5772226.1214],[32546565.1284,5772188.2509],[32546539.6891,5772162.6557],[32546526.3709,5772152.1618],[32546511.8078,5772144.1669],[32546472.4122,5772130.1774],[32546453.8323,5772120.1838],[32546437.5015,5772108.1908],[32546401.0371,5772071.9576],[32546372.1224,5772043.2262],[32546345.3606,5772017.2233],[32546326.8631,5771999.2503],[32546312.2984,5771990.7555],[32546294.731,5771983.7605],[32546283.2406,5771973.4972],[32546256.8842,5771980.0865],[32546221.5765,5771964.3949],[32546186.2685,5771925.1648],[32546162.7293,5771862.3963],[32546123.4977,5771791.7817],[32546107.8048,5771752.5515],[32546107.804,5771691.1794],[32546091.2355,5771685.9115],[32546054.8839,5771682.9164],[32546083.4064,5771667.9201],[32546095.6558,5771658.4231],[32546115.4011,5771641.9283],[32546122.8785,5771629.433],[32546127.5726,5771608.9415],[32546129.2492,5771585.4517],[32546128.6915,5771568.4592],[32546126.3911,5771554.9653],[32546116.0692,5771540.9725],[32546103.495,5771527.9794],[32546086.4092,5771514.9868],[32546066.5759,5771504.9931],[32546046.5018,5771497.9982],[32546027.6914,5771494.0018],[32546012.3996,5771493.0037],[32545994.6214,5771498.0032],[32545946.0737,5771520.4981],[32545943.4002,5771517.3294],[32545938.2729,5771511.2522],[32545930.4734,5771502.0077],[32545918.4051,5771490.5138],[32545912.863,5771482.0181],[32545909.5618,5771469.0241],[32545909.6115,5771465.1571],[32545909.7611,5771453.5309],[32545913.7248,5771439.5367],[32545920.6976,5771426.042],[32545949.1623,5771392.5536],[32545960.167,5771385.056],[32545983.9982,5771379.1793],[32546002.744,5771374.5566],[32546025.2627,5771362.0599],[32546036.0088,5771352.0633],[32546042.489,5771340.5676],[32546048.1676,5771313.579],[32546047.1219,5771300.0846],[32546042.8257,5771289.0908],[32546036.0277,5771279.5954],[32546045.2234,5771255.1048],[32546055.9392,5771235.6121],[32546069.9293,5771221.1171],[32546086.4498,5771214.1189],[32546102.9848,5771211.6188],[32546145.8494,5771212.6136],[32546179.4462,5771215.609],[32546248.3544,5771209.1049],[32546282.1668,5771201.105],[32546315.4666,5771189.6066],[32546381.5523,5771162.6117],[32546333.7591,5771109.6399],[32546318.4024,5771088.6507],[32546309.8275,5771072.1588],[32546304.2621,5771056.1663],[32546300.416,5771029.1806],[32546302.6335,5771017.1854],[32546314.5833,5770991.6951],[32546281.3808,5770945.718],[32546258.0469,5770932.2282],[32546214.8788,5770912.2455],[32546198.8325,5770908.749],[32546177.1125,5770906.752],[32546129.7395,5770906.7564],[32546107.9677,5770910.7562],[32546085.042,5770920.2537],[32546064.4273,5770933.2495],[32546029.3333,5770960.74],[32546005.434,5770975.2354],[32545975.1857,5770986.7326],[32545945.8803,5770993.2318],[32545914.5585,5770996.2325],[32545841.9864,5771032.7216],[32545807.4637,5771053.7148],[32545749.1914,5771094.2012],[32545721.1969,5771118.6926],[32545691.7175,5771149.1815],[32545664.5132,5771185.6676],[32545644.6648,5771220.1542],[32545628.3746,5771256.1399],[32545614.1451,5771324.0348],[32545615.8584,5771362.082],[32545614.1355,5771394.2109],[32545608.1032,5771429.7197],[32545593.1753,5771478.4614],[32545608.5404,5769801.2738],[32545647.3712,5769801.6273],[32545682.7989,5769803.8438],[32545729.1481,5769812.9899],[32545840.4531,5769842.2168],[32545876.125,5769859.202],[32545913.3274,5769883.6829],[32545946.2672,5769909.1641],[32545968.9053,5769929.65],[32545986.2695,5769948.6379],[32546023.274,5769995.6109],[32546042.3734,5770011.1016],[32546058.9732,5770030.0918],[32546073.3306,5770055.0803],[32546082.4362,5770085.568],[32546087.5288,5770116.0565],[32546090.1183,5770148.5449],[32546171.0414,5770148.0466],[32546171.5443,5770148.0435],[32546252.4488,5770147.5453],[32546223.5198,5769991.0943],[32546197.227,5769997.5931],[32546168.9213,5770001.5932],[32546133.8345,5770001.096],[32546098.7194,5769992.1029],[32546069.5869,5769973.6141],[32546047.9501,5769948.6282],[32546036.3216,5769918.6438],[32546035.7256,5769889.6576],[32546043.9226,5769866.1676],[32546056.536,5769848.8623],[32546057.4019,5769847.6743],[32546073.6512,5769832.6788],[32546094.4244,5769820.681],[32546118.4693,5769812.1808],[32546146.5307,5769805.1793],[32546104.2246,5769754.8818],[32546084.3297,5769731.2289],[32545969.0182,5769614.3134],[32545928.2058,5769631.8105],[32545904.9356,5769645.8067],[32545866.426,5769675.2972],[32545847.6572,5769685.7943],[32545834.1979,5769691.1061],[32545826.1232,5769694.2928],[32545803.3195,5769698.2934],[32545763.9644,5769701.2956],[32545746.9095,5769699.7976],[32545729.2894,5769691.3024],[32545717.1535,5769681.123],[32545712.0112,5769676.8096],[32545697.041,5769658.8178],[32545685.3652,5769637.3275],[32545677.6996,5769613.3379],[32545674.2961,5769583.3503],[32545674.1595,5769535.5474],[32545673.9977,5769478.893],[32545667.6412,5769450.9054],[32545655.9751,5769423.918],[32545631.7226,5769382.5269],[32545612.4314,5769376.5476],[32545621.2025,5768419.1344],[32545630.9908,5768433.4955],[32545642.5551,5768454.4308],[32545657.5922,5768490.3503],[32545669.1332,5768513.2979],[32545665.565,5768427.8037],[32545660.6848,5768310.8717],[32545677.3696,5768345.0852],[32545700.1723,5768391.8441],[32545712.7815,5768423.3414],[32545719.1278,5768447.8352],[32545722.2074,5768469.8254],[32545723.1215,5768504.7361],[32545723.8821,5768533.7865],[32545728.2221,5768543.2797],[32545737.7759,5768546.7758],[32545750.8026,5768546.2738],[32545763.3005,5768542.774],[32545777.0285,5768533.277],[32545792.9953,5768514.7837],[32545814.4006,5768481.2979],[32545868.5817,5768388.8527],[32545887.6037,5768354.3771],[32545925.6467,5768285.4278],[32545953.7362,5768251.2999],[32546000.5544,5768195.9786],[32546047.0248,5768149.0032],[32546074.5149,5768123.5158],[32546099.7879,5768119.5038],[32546131.3866,5768114.4876],[32546185.2516,5768105.9368],[32546222.3191,5768096.4292],[32546261.2794,5768080.921],[32546300.8862,5768052.9496],[32546368.294,5768046.4435],[32546387.0971,5768047.4457],[32546435.7537,5768055.9561],[32546444.2861,5768058.9584],[32546491.2141,5768075.471],[32546593.4951,5768124.196],[32546593.4944,5768077.7147],[32546603.3166,5768053.1583],[32546645.3972,5768053.1577],[32546642.46,5768052.6579],[32546644.2595,5768042.7603],[32546637.6948,5768004.0453],[32546647.5169,5767979.4889],[32546701.5402,5767950.0206],[32546741.6937,5767943.8425],[32546751.6618,5767937.7081],[32546779.1616,5767933.0125],[32546783.4171,5767935.2649],[32546848.8768,5767876.3496],[32546873.4328,5767861.6155],[32546947.1014,5767837.058],[32547010.9473,5767807.5896],[32547040.4141,5767758.4767],[32547060.3447,5767746.0196],[32547030.7653,5767727.0967],[32546998.3499,5767702.6175],[32546977.7189,5767679.1259],[32546965.3549,5767654.1287],[32546962.7669,5767629.13],[32546971.467,5767606.633],[32546985.9519,5767590.1377],[32547001.2099,5767580.1426],[32547042.0213,5767565.6549],[32547066.7983,5767553.6618],[32547087.2927,5767535.1682],[32547099.7429,5767509.6733],[32547100.3876,5767476.6739],[32547090.2403,5767439.6682],[32547075.8415,5767405.6627],[32547049.0994,5767353.1727],[32547034.4873,5767330.6813],[32546989.1924,5767277.2813],[32546933.0988,5767217.8355],[32546912.7112,5767192.2523],[32546898.5131,5767168.803],[32546886.411,5767143.7577],[32546878.0715,5767120.7727],[32546875.0089,5767102.7891],[32546875.0436,5767102.2034],[32546875.9571,5767086.7938],[32546879.6443,5767068.299],[32546886.8456,5767051.3038],[32546897.8402,5767040.3078],[32546912.3768,5767035.3108],[32546926.3081,5767035.3124],[32546945.7394,5767038.809],[32546963.0494,5767044.2915],[32546981.8756,5767054.7881],[32547001.7149,5767069.3505],[32547045.5335,5767105.8687],[32547079.1854,5767124.9287],[32547160.5621,5767173.706],[32547195.4623,5767191.2531],[32547325.4844,5767245.2425],[32547362.6467,5767264.7541],[32547394.5806,5767295.2509],[32547420.2397,5767323.2336],[32547440.3824,5767350.7072],[32547454.2681,5767381.1756],[32547476.2995,5767441.474],[32547491.891,5767484.1468],[32547516.2037,5767538.0579],[32547530.47,5767564.5795],[32547534.6578,5767571.3919],[32547593.2234,5767669.4961],[32547619.448,5767718.0063],[32547654.2795,5767797.5005],[32547664.4215,5767830.4889],[32547667.7689,5767856.4707],[32547684.2444,5767835.4807],[32547699.707,5767811.4929],[32547714.895,5767780.5085],[32547727.5688,5767747.522],[32547737.7367,5767715.0317],[32547745.1441,5767682.0396],[32547749.85,5767648.496],[32547753.8985,5767592.556],[32547753.7698,5767552.5509],[32547756.474,5767536.0514],[32547764.9626,5767525.5545],[32547778.2282,5767519.5593],[32547795.5189,5767518.0666],[32547840.7038,5767524.5897],[32547866.7829,5767530.5287],[32547850.768,5767472.5876],[32547836.3629,5767436.0812],[32547817.1935,5767399.0946],[32547791.256,5767362.1318],[32547759.8052,5767325.6627],[32547727.468,5767294.0012],[32547700.0284,5767272.7294],[32547671.5559,5767256.6754],[32547601.4001,5767224.23],[32547575.9918,5767196.2635],[32547550.7902,5767154.7932],[32547528.3196,5767105.3035],[32547512.3613,5767054.2972],[32547503.4281,5767005.2907],[32547499.0264,5766962.295],[32547497.6343,5766919.8075],[32547544.5233,5766847.3627],[32547562.4637,5766814.3746],[32547573.6246,5766777.7532],[32547580.2603,5766737.3846],[32547584.1189,5766690.9674],[32547573.7907,5766675.5347],[32547569.7292,5766660.0712],[32547569.6752,5766643.586],[32547564.3024,5766618.1284],[32547563.8524,5766615.9961],[32547558.4722,5766590.5038],[32547569.8786,5766552.4693],[32547587.2179,5766510.6874],[32547606.6477,5766471.1345],[32547624.3515,5766440.5843],[32547689.5389,5766350.4886],[32547743.4072,5766276.0372],[32547768.606,5766237.5342],[32547774.0443,5766212.0377],[32547771.9433,5766181.1008],[32547763.5782,5766152.6274],[32547754.3503,5766141.3837],[32547750.4432,5766136.6232],[32547731.7937,5766129.6168],[32547685.0262,5766121.1013],[32547624.6614,5765937.1453],[32547577.9193,5765794.7034],[32547611.8686,5765808.0576],[32547783.5719,5765875.2347],[32547925.1087,5765930.6094],[32548081.636,5765992.3485],[32548143.8159,5766015.6388],[32548269.1522,5766062.5852],[32548290.9771,5766067.384],[32548310.5311,5766067.8365],[32548327.5621,5766063.6429],[32548347.8182,5766052.8313],[32548366.8276,5766036.3623],[32548377.0625,5766023.3554],[32548384.7827,5766007.6707],[32548389.1396,5765988.3403],[32548385.3972,5765965.4761],[32548372.7851,5765941.6615],[32548351.9171,5765922.7395],[32548328.557,5765908.3101],[32548283.6276,5765890.2541],[32548216.0727,5765859.9219],[32548243.624,5765854.9717],[32548266.4121,5765848.4749],[32548284.6793,5765838.9784],[32548302.4195,5765820.9851],[32548325.3928,5765792.9957],[32548348.8579,5765762.0074],[32548367.0702,5765734.5178],[32548371.7279,5765724.9894],[32548377.8038,5765712.56],[32548194.5287,5765639.2533],[32548074.5018,5765599.2459],[32548120.8592,5765600.9756],[32548120.8587,5765565.5854],[32548120.8581,5765524.4749],[32548107.32,5765520.8295],[32548155.2357,5765432.9809],[32548214.17,5765378.9563],[32548302.5723,5765364.2213],[32548371.3297,5765349.4864],[32548415.5307,5765334.7522],[32548424.1744,5765334.7521],[32548467.6405,5765421.8808],[32548484.5582,5765460.7427],[32548496.9522,5765498.2202],[32548519.2023,5765568.0803],[32548527.3251,5765602.0669],[32548531.9643,5765636.3236],[32548534.8446,5765673.8772],[32548556.3034,5765687.7161],[32548573.5303,5765698.8258],[32548618.7349,5765724.1355],[32548632.3137,5765736.8954],[32548686.8501,5765825.6323],[32548731.4394,5765882.9597],[32548744.5242,5765888.5672],[32548764.1511,5765886.6977],[32548775.5023,5765869.203],[32548759.5597,5765784.6402],[32548722.5705,5765741.6458],[32548702.9313,5765715.4788],[32548684.5324,5765684.4081],[32548668.6254,5765649.7681],[32548655.2269,5765615.36],[32548624.7572,5765530.3514],[32548606.1194,5765467.5246],[32548602.2576,5765432.3409],[32548602.6615,5765396.7596],[32548605.8048,5765357.2152],[32548620.0379,5765339.7208],[32548636.3845,5765322.0572],[32548657.5104,5765299.2292],[32548661.9261,5765291.487],[32548667.3474,5765280.7247],[32548671.9524,5765268.7726],[32548685.2097,5765259.7594],[32548696.455,5765248.7593],[32548706.1833,5765233.7772],[32548712.1379,5765214.8303],[32548716.0801,5765193.9074],[32548717.5169,5765172.4656],[32548713.2356,5765113.9515],[32548714.3917,5765097.949],[32548719.8261,5765082.949],[32548728.0515,5765071.4511],[32548736.8144,5765064.9542],[32548752.1827,5765059.6915],[32548790.766,5765046.4789],[32548804.0364,5765037.9844],[32548814.7836,5765027.488],[32548849.034,5764995.9998],[32548863.7244,5765107.3818],[32548869.3332,5765149.9075],[32548875.0566,5765204.2719],[32548888.355,5765309.9766],[32548910.221,5765403.8628],[32548935.3354,5765494.7695],[32548950.2509,5765533.1966],[32548993.4213,5765626.6996],[32549021.163,5765678.2019],[32549051.1426,5765724.181],[32549053.8446,5765707.1891],[32549059.3153,5765693.6944],[32549069.8092,5765683.1972],[32549084.0974,5765683.1941],[32549098.6654,5765692.1851],[32549114.0067,5765707.6699],[32549098.0062,5765643.7095],[32549060.3155,5765539.2168],[32549045.9194,5765506.2174],[32549032.5537,5765481.7101],[32549001.0563,5765431.6912],[32548986.1798,5765404.9107],[32548977.0885,5765384.5683],[32548970.2156,5765352.877],[32548970.0666,5765307.4606],[32548973.4891,5765281.0083],[32548979.6807,5765258.0269],[32548988.8884,5765237.5314],[32549028.5375,5765174.0277],[32549040.9794,5765146.0168],[32549050.3681,5765113.4246],[32549058.9015,5765069.7991],[32549075.5509,5764967.8287],[32549192.7758,5764852.1716],[32549212.6147,5764832.5981],[32549239.7281,5764805.8],[32549374.5403,5764795.369],[32549405.3224,5764798.1613],[32549447.2081,5764805.1849],[32549490.3535,5764814.1085],[32549524.7286,5764823.964],[32549555.6008,5764835.4975],[32549592.2546,5764853.3224],[32549659.8065,5764889.8678],[32549691.2125,5764911.8843],[32549764.2335,5764971.8644],[32549764.8563,5764972.3874],[32549763.0251,5764948.893],[32549766.2169,5764928.3967],[32549776.9355,5764909.9005],[32549797.2024,5764898.4048],[32549821.7535,5764893.908],[32549850.8328,5764894.408],[32549822.8927,5764858.9133],[32549772.0661,5764800.4078],[32549673.5032,5764708.5934],[32549621.2619,5764578.2435],[32549592.9109,5764486.9593],[32549584.5464,5764455.5931],[32549578.1932,5764423.0517],[32549568.9491,5764346.8483],[32549567.5976,5764319.0215],[32549568.7752,5764297.1537],[32549572.7113,5764273.7194],[32549579.9133,5764252.2164],[32549590.6354,5764235.2164],[32549605.6397,5764223.222],[32549622.663,5764215.7315],[32549642.4447,5764209.7176],[32549660.7594,5764213.0976],[32549677.8311,5764218.4404],[32549695.4142,5764227.313],[32549724.2996,5764248.4072],[32549736.6045,5764259.5662],[32549807.4082,5764305.0548],[32549950.6058,5764435.1686],[32549986.5714,5764472.0735],[32550070.6308,5764574.4828],[32550091.0248,5764601.9837],[32550122.0576,5764663.4671],[32550150.2335,5764726.9347],[32550178.3615,5764806.8825],[32550191.0523,5764782.6011],[32550185.7321,5764654.9551],[32550166.8055,5764545.1917],[32550125.17,5764458.1385],[32550116.7753,5764411.972],[32550122.8218,5764408.0244],[32550083.5335,5764329.4505],[32550075.9632,5764295.3861],[32550075.9631,5764284.0312],[32550089.1474,5764270.8463],[32550085.3338,5764262.1514],[32550110.027,5764242.3963],[32550128.9518,5764242.396],[32550143.5136,5764256.9573],[32550146.273,5764244.0427],[32550148.995,5764237.7529],[32550158.745,5764229.7346],[32550174.7686,5764223.6432],[32550195.0683,5764222.419],[32550249.9968,5764232.3934],[32550264.5342,5764232.047],[32550279.0618,5764228.2747],[32550292.3246,5764221.1089],[32550303.0659,5764209.6383],[32550310.0375,5764195.3949],[32550312.238,5764178.5533],[32550309.6627,5764157.3022],[32550301.5496,5764129.6161],[32550233.9497,5763954.6861],[32550222.8111,5763921.1995],[32550213.4195,5763883.2146],[32550207.7932,5763846.3577],[32550207.205,5763817.8915],[32550221.2112,5763714.3091],[32550253.0673,5763642.8486],[32550284.2319,5763591.961],[32550293.7184,5763579.977],[32550303.4813,5763574.9412],[32550329.0478,5763571.3212],[32550346.8124,5763560.3009],[32550363.8046,5763543.2998],[32550376.0345,5763526.8091],[32550383.4929,5763508.349],[32550386.1721,5763486.4647],[32550386.5354,5763449.2601],[32550384.474,5763433.3699],[32550379.405,5763415.3954],[32550368.0184,5763391.3749],[32550351.5628,5763365.3565],[32550330.3053,5763335.842],[32550385.3826,5763347.3684],[32550450.1779,5763363.3866],[32550484.3034,5763368.5983],[32550519.1688,5763372.3181],[32550550.6556,5763375.6775],[32550553.2323,5763375.9524],[32550587.1223,5763379.5681],[32550673.252,5763359.0656],[32550683.6692,5763404.3962],[32550693.5571,5763440.3738],[32550703.4254,5763468.8697],[32550727.4376,5763514.6937],[32550744.0534,5763535.6825],[32550764.1551,5763549.1491],[32550784.2234,5763554.6456],[32550802.5324,5763557.5328],[32550819.3258,5763556.8361],[32550835.8573,5763552.6472],[32550852.3723,5763543.5399],[32550868.1207,5763530.0172],[32550881.3542,5763514.0671],[32550891.0799,5763498.6651],[32550897.0357,5763480.3692],[32550900.7174,5763456.6145],[32550901.4424,5763431.2078],[32550899.6244,5763409.214],[32550889.6984,5763383.2484],[32550873.2687,5763352.4141],[32550849.8292,5763314.3052],[32551088.6892,5763369.9039],[32551144.0928,5763371.3703],[32551165.8979,5763370.2709],[32551193.2114,5763366.8396],[32551256.2037,5763354.8874],[32551275.1306,5763351.2962],[32551294.4713,5763363.33],[32551317.5624,5763372.3431],[32551340.3528,5763376.2801],[32551386.0293,5763381.3481],[32551481.3688,5763396.4615],[32551503.7374,5763398.7618],[32551548.7854,5763400.1594],[32551548.7788,5763384.2849],[32551551.2701,5763372.336],[32551557.764,5763363.8437],[32551580.7611,5763351.3004],[32551592.5054,5763341.291],[32551600.7473,5763326.3363],[32551610.4205,5763288.7875],[32551576.5263,5763292.4231],[32551539.8525,5763293.8784],[32551495.1957,5763292.8775],[32551445.6323,5763288.375],[32551350.0845,5763275.3175],[32551391.1068,5763248.3353],[32551405.3495,5763234.3392],[32551411.7523,5763225.072],[32551414.3313,5763221.3393],[32551420.3051,5763208.3388],[32551421.0115,5763194.343],[32551413.9439,5763179.368],[32551396.6676,5763167.4108],[32551372.0248,5763162.4817],[32551345.5265,5763161.0402],[32551335.0032,5763162.5846],[32551322.1584,5763164.4698],[32551274.318,5763179.4765],[32551223.8381,5763192.0459],[32551182.4589,5763195.5552],[32551164.1877,5763193.7597],[32551147.6855,5763187.3211],[32551132.3658,5763176.8142],[32551120.4738,5763160.8368],[32551115.3535,5763139.8466],[32551120.1789,5763114.0047],[32551135.8878,5763089.0143],[32551158.8925,5763071.0211],[32551183.3675,5763057.3193],[32551204.8504,5763048.8825],[32551236.7562,5763039.4025],[32551278.8514,5763030.376],[32551360.4462,5763017.675],[32551397.3116,5763015.1984],[32551449.4835,5763016.0666],[32551542.9074,5763019.4817],[32551632.2605,5763028.2693],[32551661.3272,5763030.4536],[32551726.4839,5763030.462],[32551765.7519,5763032.3371],[32551820.8478,5763034.9681],[32551862.6753,5763035.595],[32551908.0876,5763036.2757],[32551957.9575,5763037.0548],[32551999.5591,5763033.6796],[32552020.6047,5763028.3405],[32552043.6368,5763018.099],[32552069.4037,5763001.7831],[32552092.3991,5762981.2728],[32552109.1266,5762960.3514],[32552144.5354,5762903.9759],[32552160.2655,5762885.1338],[32552178.7589,5762867.6075],[32552199.2715,5762853.7689],[32552220.3026,5762845.0972],[32552238.3339,5762839.8267],[32552255.6227,5762838.1421],[32552263.5567,5762810.3719],[32552272.2533,5762786.9736],[32552282.9616,5762766.0683],[32552333.3465,5762690.0605],[32552357.507,5762641.673],[32552364.2178,5762623.7489],[32552373.113,5762584.3312],[32552377.5701,5762549.5073],[32552375.5601,5762540.0783],[32552369.7865,5762533.1],[32552363.0254,5762535.0883],[32552330.9523,5762546.932],[32552316.8971,5762554.102],[32552294.1221,5762565.7203],[32552244.7708,5762584.1229],[32552216.1638,5762591.1185],[32552190.5429,5762593.1158],[32552165.1923,5762592.1135],[32552150.0438,5762590.2257],[32552056.4644,5762578.5638],[32552024.1839,5762571.6157],[32551988.1132,5762561.2109],[32551954.0884,5762546.7171],[32551927.0284,5762529.7243],[32551908.7351,5762508.5376],[32551890.0029,5762476.8377],[32551873.0237,5762448.1044],[32551852.3024,5762427.0768],[32551808.715,5762387.821],[32551790.8105,5762374.3486],[32551747.6659,5762349.8972],[32551692.11,5762349.898],[32551625.0625,5762362.3352],[32551589.9166,5762376.3942],[32551559.6373,5762395.3194],[32551544.4976,5762399.1045],[32551533.1427,5762410.4596],[32551513.1797,5762470.3518],[32551488.9598,5762488.6076],[32551458.6972,5762511.4182],[32551466.9402,5762502.2292],[32551408.2411,5762531.5798],[32551396.8863,5762531.58],[32551393.1012,5762520.2252],[32551381.746,5762501.3007],[32551374.1753,5762452.0963],[32551366.6052,5762429.3867],[32551366.6048,5762404.1687],[32551366.6047,5762391.5371],[32551377.9592,5762368.8273],[32551396.8836,5762346.1173],[32551427.1629,5762327.1921],[32551451.8451,5762309.5615],[32551469.8521,5762289.7581],[32551638.5878,5762244.6266],[32551687.5897,5762247.3482],[32551689.4046,5762245.3423],[32551728.1436,5762259.8688],[32551765.8163,5762266.1471],[32551794.9341,5762265.0285],[32551814.5958,5762269.0799],[32551862.3003,5762291.4446],[32551890.9356,5762309.3296],[32551911.3009,5762328.3044],[32551979.3539,5762410.4447],[32552026.9837,5762455.2523],[32552080.025,5762494.4191],[32552101.6149,5762508.1252],[32552145.5615,5762532.0812],[32552169.2518,5762542.6169],[32552189.3922,5762549.1269],[32552207.1842,5762550.1286],[32552224.984,5762547.6311],[32552254.5744,5762539.136],[32552269.1097,5762532.1392],[32552305.4179,5762509.1486],[32552272.5307,5762513.6445],[32552241.9234,5762514.1414],[32552211.315,5762509.1353],[32552200.261,5762505.3717],[32552181.8252,5762499.0948],[32552151.1924,5762484.103],[32552121.4147,5762464.1718],[32552114.4542,5762458.0105],[32552092.7741,5762438.8197],[32552061.4122,5762404.7718],[32551996.4898,5762327.1505],[32551974.1086,5762303.6466],[32551923.374,5762262.7993],[32551902.5487,5762244.1052],[32551896.4732,5762238.6515],[32551880.1095,5762216.8492],[32551874.7795,5762195.6105],[32551873.9634,5762175.7362],[32551876.4019,5762154.4619],[32551884.871,5762137.4537],[32551896.8589,5762123.4523],[32551915.1187,5762111.4708],[32551942.6809,5762107.761],[32552021.6765,5762118.5654],[32552249.9963,5762133.6608],[32552312.9173,5762140.3914],[32552332.0508,5762146.8705],[32552350.0204,5762150.8686],[32552367.1433,5762151.4596],[32552381.5939,5762146.3701],[32552391.8617,5762138.7925],[32552393.6526,5762129.4126],[32552383.2404,5762117.3814],[32552356.5954,5762101.1075],[32552318.2691,5762081.0576],[32552278.6648,5762062.2723],[32552229.9458,5762042.0317],[32552197.3617,5762028.4944],[32552171.2495,5762015.3283],[32552150.1398,5761998.966],[32552137.3028,5761982.9385],[32552134.3032,5761974.0521],[32552133.2765,5761971.0105],[32552223.2416,5761990.2876],[32552292.3066,5762017.9123],[32552388.9972,5762040.9324],[32552508.7094,5762054.7436],[32552633.0258,5762077.7634],[32552753.573,5762121.5968],[32552768.4338,5762072.966],[32552772.7571,5762058.8182],[32552816.5634,5761967.3484],[32552830.7532,5761933.859],[32552864.42,5761836.8541],[32552886.1313,5761786.3827],[32552905.5857,5761753.4826],[32552919.342,5761730.2188],[32552937.2411,5761699.9489],[32552951.4936,5761679.4615],[32553017.7127,5761608.9923],[32552957.4624,5761625.8591],[32552931.541,5761629.0801],[32552887.2358,5761628.5627],[32552864.0237,5761624.0707],[32552839.7596,5761613.5311],[32552802.6472,5761591.2245],[32552782.9684,5761579.3964],[32552766.6761,5761571.8689],[32552744.6103,5761568.3268],[32552688.2164,5761571.7191],[32552642.1201,5761579.9453],[32552623.0659,5761578.9148],[32552607.2577,5761573.9624],[32552575.1059,5761553.8815],[32552557.7682,5761540.8609],[32552542.6811,5761526.012],[32552532.5998,5761509.1151],[32552520.9723,5761478.0956],[32552513.1592,5761463.5198],[32552488.7552,5761432.3118],[32552446.9205,5761391.8304],[32552405.5124,5761351.7617],[32552373.8862,5761306.0641],[32552361.7866,5761279.1711],[32552355.1605,5761252.4522],[32552357.3593,5761231.475],[32552368.3705,5761208.3776],[32552384.8938,5761197.3546],[32552406.9248,5761194.0398],[32552441.0768,5761198.4217],[32552466.4069,5761210.2892],[32552497.2477,5761237.7493],[32552518.0413,5761265.8102],[32552526.774,5761253.3227],[32552538.0286,5761245.3312],[32552554.5693,5761243.8384],[32552578.4291,5761257.3526],[32552606.0858,5761282.9085],[32552638.7834,5761319.0545],[32552641.3193,5761328.5821],[32552648.6125,5761336.619],[32552663.1749,5761344.6652],[32552689.2679,5761352.1742],[32552758.244,5761365.3224],[32552784.8198,5761366.5927],[32552832.6931,5761365.0158],[32552860.2732,5761367.041],[32552888.6148,5761372.1921],[32552917.2223,5761380.169],[32552945.3235,5761390.3785],[32552992.7379,5761411.8435],[32553017.3063,5761425.6069],[32553072.8293,5761456.7113],[32553092.4752,5761464.4423],[32553118.6891,5761471.8187],[32553133.4925,5761471.2538],[32553151.0701,5761464.632],[32553185.6357,5761443.5577],[32553199.1368,5761432.5617],[32553209.372,5761419.5673],[32553216.0735,5761405.1122],[32553218.9916,5761390.7196],[32553218.2078,5761381.5649],[32553290.862,5761478.4342],[32553279.1359,5761476.5285],[32553246.9786,5761481.0165],[32553220.7103,5761487.5006],[32553198.3845,5761493.0116],[32553176.1338,5761507.0078],[32553124.6404,5761549.492],[32553063.6671,5761645.4388],[32553040.9687,5761677.4269],[32552997.3077,5761730.9091],[32552959.4451,5761780.8982],[32552945.3108,5761805.3974],[32552911.5385,5761878.3834],[32552899.365,5761910.8728],[32552889.455,5761945.8658],[32552867.7535,5762035.6844],[32552856.8,5762072.0583],[32552842.3367,5762105.9502],[32552802.9798,5762183.9467],[32552760.3156,5762315.8593],[32552740.4828,5762343.2614],[32552731.1724,5762377.2153],[32552724.4363,5762395.7721],[32552609.597,5762508.5786],[32552602.6095,5762515.4424],[32552589.5829,5762530.219],[32552561.9206,5762637.8588],[32552559.6456,5762646.7113],[32552553.6124,5762665.4798],[32552455.4286,5762750.811],[32552298.135,5763011.8618],[32552254.1394,5763096.2561],[32552245.5035,5763118.0172],[32552202.779,5763140.4339],[32552147.2893,5763169.5483],[32552045.858,5763234.0141],[32552014.0458,5763252.004],[32551982.1686,5763265.9929],[32551946.4277,5763277.7046],[32551905.6203,5763288.5322],[32551897.8713,5763295.0126],[32551891.6301,5763303.5569],[32551886.9059,5763317.7643],[32551885.6991,5763334.652],[32551888.7669,5763351.4611],[32551896.4073,5763367.9666],[32551908.5485,5763383.4699],[32551955.9326,5763431.2426],[32552001.2294,5763483.6938],[32552009.0758,5763505.2696],[32552011.1656,5763529.8218],[32552009.2552,5763557.8105],[32551996.9816,5763561.3093],[32551983.1916,5763561.3097],[32551969.3877,5763557.2872],[32551957.3285,5763550.2336],[32551935.9411,5763528.1259],[32551926.1174,5763514.5841],[32551906.4555,5763480.2004],[32551891.5946,5763463.9141],[32551875.6919,5763450.9635],[32551860.0809,5763445.9549],[32551846.366,5763446.9499],[32551834.5919,5763448.9462],[32551823.3283,5763453.9428],[32551799.8305,5763473.9354],[32551790.0949,5763486.4322],[32551781.6256,5763502.9292],[32551767.8348,5763551.4273],[32551759.5149,5763568.9269],[32551749.7373,5763582.925],[32551747.1548,5763602.931],[32551735.9758,5763634.3272],[32551731.2423,5763642.617],[32551719.2268,5763653.1093],[32551705.2421,5763665.3213],[32551696.7594,5763677.1256],[32551695.5552,5763689.5876],[32551706.0226,5763748.5267],[32551716.441,5763789.1403],[32551717.7443,5763803.6799],[32551714.2683,5763813.6948],[32551705.0099,5763819.182],[32551691.7246,5763820.1466],[32551676.6685,5763816.596],[32551624.1827,5763791.457],[32551609.3903,5763786.7602],[32551598.6014,5763786.0593],[32551592.0944,5763789.9997],[32551580.1128,5763805.0752],[32551575.6522,5763819.146],[32551575.7063,5763839.9399],[32551582.098,5763870.7549],[32551589.2148,5763905.066],[32551589.2936,5763928.1213],[32551586.1161,5763952.1605],[32551580.9307,5763975.6511],[32551571.7299,5763998.1421],[32551557.5078,5764018.6342],[32551539.2658,5764036.6273],[32551519.2638,5764053.121],[32551496.4987,5764068.1156],[32551470.2167,5764081.111],[32551418.8355,5764099.9918],[32551398.3472,5764107.5205],[32551384.3369,5764116.5038],[32551374.1013,5764129.5061],[32551365.8869,5764147.0241],[32551359.4327,5764166.05],[32551355.7331,5764184.072],[32551346.089,5764300.5245],[32551340.4383,5764337.0097],[32551317.8769,5764418.4768],[32551280.2043,5764476.4439],[32551261.7275,5764499.9137],[32551186.7814,5764581.3386],[32551244.3493,5764556.2515],[32551263.8867,5764552.6994],[32551276.429,5764556.6403],[32551286.7247,5764563.5784],[32551296.0245,5764572.5167],[32551292.3436,5764598.4443],[32551287.3862,5764616.4097],[32551277.9239,5764636.386],[32551263.7011,5764656.8723],[32551199.5257,5764733.8427],[32551103.614,5764843.5298],[32551057.9205,5764895.7861],[32550984.4439,5764964.7653],[32550968.2036,5764981.2599],[32550950.226,5765002.7522],[32550933.0173,5765028.7415],[32550918.5805,5765058.2279],[32550893.2788,5765133.1892],[32550868.3759,5765180.6674],[32550845.696,5765219.1505],[32550824.2425,5765250.1379],[32550804.5119,5765272.1302],[32550763.7814,5765311.6179],[32550744.7766,5765326.1145],[32550727.2509,5765333.6149],[32550712.2015,5765332.6199],[32550700.3907,5765326.1275],[32550692.8293,5765316.1359],[32550688.7579,5765300.6468],[32550687.4185,5765278.1611],[32550688.8368,5765255.1746],[32550693.5331,5765236.6841],[32550704.5015,5765218.6917],[32550740.4338,5765169.2107],[32550781.8301,5765103.7363],[32550790.7705,5765077.7579],[32550794.6717,5765042.8312],[32550790.8024,5765006.4636],[32550780.1919,5764978.0999],[32550766.596,5764957.207],[32550753.5241,5764944.2715],[32550722.122,5764921.2881],[32550701.2828,5764910.7932],[32550678.1997,5764904.7964],[32550653.8713,5764901.7983],[32550629.8006,5764901.256],[32550606.9912,5764903.2127],[32550586.4552,5764910.1815],[32550566.7001,5764925.6664],[32550548.2225,5764948.1657],[32550529.2655,5764977.1745],[32550544.1739,5765011.7497],[32550556.0648,5765044.7426],[32550564.9462,5765078.7282],[32550570.0671,5765113.69],[32550576.5588,5765175.1618],[32550580.6439,5765213.8455],[32550583.2343,5765241.2567],[32550583.5894,5765274.1924],[32550579.0852,5765348.1499],[32550571.8085,5765413.1123],[32550566.905,5765442.5954],[32550559.498,5765473.5784],[32550547.3376,5765508.0609],[32550530.6597,5765542.0451],[32550499.266,5765598.5205],[32550484.3039,5765622.0109],[32550462.8385,5765650.0004],[32550435.6107,5765678.9908],[32550403.3592,5765704.9841],[32550363.5814,5765729.4802],[32550318.5295,5765751.9791],[32550276.2187,5765770.4799],[32550244.414,5765782.482],[32550216.1034,5765790.4857],[32550183.2764,5765798.491],[32550126.1195,5765807.5034],[32550078.1706,5765806.3827],[32550009.9702,5765799.0401],[32549921.9349,5765782.2419],[32549895.1066,5765779.3053],[32549891.4473,5765779.389],[32549871.5469,5765779.8439],[32549850.7516,5765782.8654],[32549834.225,5765788.3734],[32549823.2223,5765796.8709],[32549817.4931,5765808.3594],[32549813.1106,5765825.6143],[32549806.6199,5765851.1697],[32549801.6452,5765870.7565],[32549803.4366,5765882.7227],[32549811.2452,5765895.1729],[32549830.8176,5765902.1118],[32549853.3878,5765905.5588],[32549855.9836,5765905.3813],[32549883.2118,5765903.5199],[32549973.9404,5765891.4974],[32550030.3833,5765892.48],[32549985.4567,5766011.4186],[32549971.528,5766041.404],[32549954.3417,5766072.39],[32549933.8963,5766103.8767],[32549885.7239,5766164.8536],[32549860.2437,5766191.345],[32549832.9858,5766211.8403],[32549803.691,5766224.3413],[32549859.0165,5766272.3002],[32549873.5967,5766287.2901],[32549879.8963,5766299.7832],[32549884.1999,5766316.2754],[32549884.2413,5766332.2686],[32549878.2599,5766344.2643],[32549862.2393,5766348.2642],[32549810.1079,5766341.2748],[32549785.2926,5766339.7801],[32549759.4881,5766343.7835],[32549727.677,5766351.7865],[32549695.1244,5766363.788],[32549666.0914,5766378.7871],[32549638.5826,5766399.2826],[32549610.3365,5766423.7759],[32549562.313,5766472.1391],[32549461.2828,5766600.212],[32549404.6128,5766669.187],[32549395.1449,5766686.1798],[32549390.6802,5766700.1731],[32549386.4672,5766714.6664],[32549385.2609,5766729.1591],[32549388.8073,5766741.1524],[32549400.625,5766754.6441],[32549418.9601,5766771.6345],[32549450.8322,5766798.6219],[32549457.3623,5766807.6186],[32549458.8847,5766817.1154],[32549453.6435,5766825.1129],[32549439.8771,5766827.1125],[32549331.4093,5766820.6237],[32549319.1385,5766823.1244],[32549305.6322,5766831.6225],[32549295.1478,5766845.1177],[32549290.6843,5766861.111],[32549294.241,5766878.6028],[32549302.3029,5766896.0947],[32549319.6476,5766923.0835],[32549325.1825,5766935.0793],[32549329.2198,5766950.0743],[32549331.0024,5766965.0697],[32549329.778,5766979.0655],[32549325.0428,5766990.0622],[32549319.3006,5766998.0599],[32549312.0535,5767004.5579],[32549292.0673,5767025.5514],[32549265.3253,5767048.0444],[32549253.083,5767060.5406],[32549242.0944,5767074.0365],[32549224.3807,5767105.5273],[32549217.1593,5767126.0215],[32549211.6933,5767148.5153],[32549209.7334,5767172.009],[32549209.8531,5767234.9919],[32549143.6933,5767326.4647],[32549108.7072,5767370.3999],[32549078.0172,5767408.94],[32549057.7975,5767437.4314],[32549022.8967,5767503.9099],[32549006.4704,5767542.8958],[32548995.3098,5767579.8808],[32548966.9662,5767727.3313],[32548957.6661,5767797.8144],[32548944.3094,5767854.3012],[32548915.5592,5767878.2934],[32548908.0695,5767887.7908],[32548904.0891,5767897.2884],[32548896.6991,5767938.2787],[32548890.9657,5767948.276],[32548882.7177,5767955.7735],[32548871.7091,5767962.2712],[32548857.9322,5767965.2693],[32548806.5159,5767955.767],[32548791.2315,5767957.7653],[32548781.7317,5767965.7628],[32548775.5065,5767978.7593],[32548780.8182,5767993.7564],[32548788.6318,5768007.254],[32548801.2079,5768020.752],[32548816.0306,5768031.2508],[32548831.0928,5768038.25],[32548846.3979,5768042.7496],[32548861.9427,5768043.7498],[32548879.7326,5768041.251],[32548898.0158,5768036.2527],[32548918.2949,5768028.2551],[32548946.3355,5768017.2582],[32548958.108,5768014.2589],[32548970.6392,5768013.2586],[32549002.2319,5768015.2551],[32548995.8797,5768033.2481],[32548982.6397,5768047.2435],[32548949.2212,5768068.2378],[32548936.4713,5768080.2338],[32548928.6583,5768097.2276],[32548923.9822,5768124.2177],[32548838.7916,5768093.7343],[32548814.1834,5768080.7378],[32548793.0809,5768066.2407],[32548776.7415,5768051.743],[32548753.382,5768036.7444],[32548719.2514,5768024.2446],[32548675.092,5768011.7458],[32548665.4537,5768052.509],[32548657.3101,5768086.9507],[32548645.6622,5768136.213],[32548607.6121,5768230.6876],[32548591.924,5768263.1783],[32548561.7682,5768317.6619],[32548521.6655,5768396.6367],[32548510.4815,5768426.1265],[32548501.3183,5768460.1139],[32548496.313,5768499.098],[32548492.0215,5768568.0732],[32548491.8602,5768596.0632],[32548494.4544,5768623.5529],[32548510.1141,5768690.0085],[32548525.0118,5768742.4711],[32548533.1807,5768758.4599],[32548559.1701,5768795.4402],[32548605.8768,5768844.5111],[32548662.2838,5768903.7734],[32548733.1909,5768973.7311],[32548822.153,5769054.9608],[32548866.1735,5769095.1552],[32548869.1096,5769072.6643],[32548874.0636,5769054.1713],[32548889.5015,5769028.064],[32548902.7337,5769005.6867],[32548909.6977,5768988.6926],[32548913.4096,5768973.6982],[32548965.9364,5768939.2031],[32548989.4563,5768926.2043],[32549015.2415,5768916.2037],[32549049.2997,5768906.7012],[32549088.3743,5768898.1975],[32549129.7128,5768892.192],[32549168.8033,5768888.6859],[32549249.2594,5768887.6705],[32549269.5557,5768885.6674],[32549323.1602,5768874.6614],[32549451.4413,5768858.1423],[32549490.7697,5768850.6373],[32549539.8575,5768838.1325],[32549589.6894,5768823.1284],[32549630.2471,5768808.1262],[32549662.0256,5768791.1267],[32549691.0311,5768769.13],[32549707.2737,5768754.7611],[32549739.5156,5768724.6386],[32549759.7466,5768702.144],[32549778.4594,5768675.1515],[32549793.9088,5768646.6604],[32549812.8439,5768590.7991],[32549844.0801,5768498.6482],[32549858.9672,5768454.7291],[32549871.3946,5768421.7405],[32549888.8302,5768387.2517],[32549911.0378,5768355.7604],[32549937.0274,5768331.2653],[32549971.897,5768312.4303],[32549994.0899,5768304.2643],[32550022.396,5768298.7604],[32550049.7108,5768296.7551],[32550079.0434,5768298.7476],[32550111.8948,5768303.7381],[32550143.7547,5768312.2271],[32550171.3614,5768323.2159],[32550199.2396,5768340.7019],[32550231.1521,5768365.6835],[32550261.8289,5768396.163],[32550286.7486,5768429.1427],[32550305.9241,5768468.6208],[32550322.3552,5768512.0976],[32550338.0566,5768562.5717],[32550355.8254,5768632.5365],[32550365.9583,5768666.0192],[32550379.0783,5768693.0041],[32550394.9315,5768712.4915],[32550413.5324,5768728.9797],[32550438.1393,5768742.4675],[32550461.7324,5768752.4572],[32550486.8167,5768758.4482],[32550508.8741,5768758.4427],[32550527.9076,5768753.44],[32550544.6742,5768744.9395],[32550560.6776,5768732.9408],[32550575.9132,5768715.9444],[32550590.127,5768692.951],[32550602.5814,5768668.4588],[32550612.2819,5768644.9667],[32550620.4689,5768618.4764],[32550627.8817,5768584.9894],[32550638.4509,5768519.5159],[32550645.9899,5768447.0464],[32550651.2109,5768355.086],[32550648.7813,5768300.6109],[32550642.5711,5768239.6396],[32550633.8584,5768166.0911],[32550627.8887,5768115.6984],[32550616.1148,5768039.2351],[32550613.519,5768011.2482],[32550614.9608,5767991.7565],[32550618.9074,5767971.7644],[32550625.11,5767951.7718],[32550633.3177,5767931.7787],[32550643.7893,5767914.2839],[32550657.0293,5767900.2868],[32550674.0353,5767888.2881],[32550718.0783,5767865.7873],[32550741.8599,5767856.2857],[32550797.7042,5767840.279],[32550908.6665,5767816.2622],[32550938.9667,5767807.2585],[32550962.4977,5767797.7569],[32550981.7612,5767786.2572],[32550997.0112,5767773.759],[32551008.4932,5767758.7628],[32551014.9528,5767740.7692],[32551015.6347,5767718.7791],[32551012.552,5767695.2905],[32551007.2134,5767671.8025],[32550997.1077,5767646.8162],[32550980.2232,5767618.3334],[32550960.0865,5767591.8502],[32550939.4678,5767571.3646],[32550886.6712,5767527.8792],[32550831.8874,5767476.9331],[32550801.1995,5767442.9555],[32550791.3588,5767422.467],[32550786.2518,5767392.9813],[32550784.5485,5767330.5095],[32550785.9633,5767302.5216],[32550789.1309,5767274.0335],[32550794.5513,5767244.5453],[32550801.228,5767216.0564],[32550814.3819,5767175.0716],[32550840.7933,5767125.5875],[32550898.0125,5767069.0994],[32550915.7387,5767047.1052],[32550958.3758,5766980.6279],[32550988.3199,5766934.6388],[32550989.3549,5766935.634],[32551033.2527,5766913.6842],[32551082.3652,5766913.6835],[32551212.2387,5766902.3881],[32551208.7598,5766892.6063],[32551206.9431,5766873.1156],[32551209.1272,5766850.6253],[32551220.7549,5766802.6443],[32551234.1882,5766770.6558],[32551239.1503,5766754.6619],[32551244.9954,5766701.1848],[32551257.5933,5766721.6725],[32551273.1784,5766735.6625],[32551294.7568,5766742.6543],[32551310.2908,5766741.1515],[32551325.828,5766739.6484],[32551512.1267,5766917.0212],[32551526.9534,5766929.0119],[32551538.7547,5766935.5058],[32551550.7939,5766938.0017],[32551566.3296,5766936.4985],[32551582.3571,5766931.9965],[32551594.6135,5766923.9972],[32551618.0999,5766900.5022],[32551634.3016,5766879.2582],[32551639.067,5766873.0098],[32551689.6833,5766789.5363],[32551704.8695,5766757.0477],[32551738.4042,5766646.1482],[32551747.0359,5766617.6031],[32551754.2491,5766600.1096],[32551775.1859,5766563.122],[32551788.6575,5766543.128],[32551801.1455,5766529.1316],[32551813.6478,5766519.6331],[32551838.6859,5766511.131],[32551851.4628,5766509.1287],[32551862.9975,5766510.6252],[32551872.2956,5766518.1193],[32551878.0956,5766529.1126],[32551879.8884,5766541.1064],[32551876.9172,5766552.6017],[32551869.1773,5766562.0991],[32551837.1878,5766591.593],[32551820.9591,5766611.5875],[32551811.7456,5766630.5808],[32551811.7933,5766645.5737],[32551819.3527,5766658.0658],[32551833.1688,5766667.5579],[32551851.7425,5766675.5493],[32551873.819,5766681.5409],[32551918.2003,5766686.5271],[32551913.5431,5766719.5124],[32551900.8809,5766757.4975],[32551899.9083,5766759.1934],[32551895.1477,5766767.4942],[32551874.1694,5766791.4882],[32551848.4607,5766825.4786],[32551838.9948,5766843.9722],[32551832.7875,5766862.4651],[32551825.8791,5766896.9505],[32551850.3054,5766932.4271],[32551865.6334,5766944.4173],[32551877.6807,5766949.4118],[32551893.4764,5766950.9069],[32551908.2585,5766948.9039],[32551917.5152,5766943.4041],[32551924.0034,5766934.4066],[32551936.4373,5766903.4182],[32551947.3401,5766863.9343],[32551977.1756,5766866.4252],[32551986.2118,5766870.4209],[32551990.0018,5766879.9153],[32551992.8561,5766910.3998],[32551987.8671,5766917.8975],[32551979.6545,5766936.3908],[32551978.4362,5766947.3859],[32551983.0085,5766966.3755],[32551997.575,5766975.3672],[32552012.8838,5766981.3601],[32552031.6907,5766983.8538],[32552051.7428,5766983.8484],[32552072.2899,5766981.8438],[32552092.8243,5766975.841],[32552113.5917,5766964.3409],[32552163.5867,5766921.8479],[32552189.0751,5766897.3529],[32552219.8223,5766862.5457],[32552274.7396,5766800.3769],[32552342.0939,5766728.8309],[32552367.9174,5766701.4003],[32552388.1421,5766676.9069],[32552415.35,5766641.4172],[32552423.5754,5766626.9221],[32552431.7768,5766604.9309],[32552437.9651,5766580.4414],[32552440.3984,5766557.4522],[32552439.3336,5766537.9622],[32552436.0194,5766520.4719],[32552430.4589,5766505.9806],[32552422.6568,5766495.9877],[32552412.6037,5766487.4947],[32552400.5502,5766480.5014],[32552385.4951,5766475.5078],[32552366.1933,5766475.0133],[32552359.3175,5766441.0319],[32552355.7128,5766411.0478],[32552355.879,5766384.5609],[32552359.8178,5766362.0711],[32552365.765,5766340.5801],[32552375.9763,5766320.0877],[32552392.2066,5766300.5932],[32552411.4575,5766285.096],[32552444.9891,5766267.596],[32552478.4493,5766385.0284],[32552488.6076,5766426.5048],[32552492.4517,5766452.9906],[32552492.5266,5766476.4787],[32552487.7445,5766548.9437],[32552486.0052,5766632.4023],[32552453.7756,5766743.8554],[32552441.115,5766782.3397],[32552410.9947,5766847.8155],[32552393.5527,5766880.3043],[32552360.1293,5766931.7881],[32552278.5151,5767041.2572],[32552240.0533,5767084.7467],[32552199.1105,5767136.2331],[32552189.3606,5767144.2319],[32552179.1014,5767149.7321],[32552169.3356,5767152.7335],[32552120.698,5767149.2489],[32552098.9499,5767154.5012],[32552059.7191,5767163.9757],[32552042.6849,5767436.5862],[32552040.0681,5767478.464],[32551989.0993,5767472.8018],[32551979.7938,5767471.768],[32552004.7795,5767478.9064],[32551989.084,5767535.5996],[32551986.1541,5767560.0887],[32551988.2836,5767599.0692],[32552005.5441,5767745.4938],[32552030.5852,5767868.7886],[32552048.0704,5767954.8801],[32552067.2802,5768083.8121],[32552072.9235,5768124.2909],[32552075.5336,5768156.7744],[32552074.4651,5768214.7467],[32552075.533,5768235.2366],[32552074.6196,5768263.2234],[32552069.3061,5768326.1947],[32552063.667,5768365.6775],[32552037.8264,5768515.6138],[32551997.641,5768726.0262],[32551921.2859,5769069.8875],[32551916.6272,5769102.3737],[32551914.2401,5769139.8567],[32551915.6161,5769178.3381],[32551922.749,5769214.3187],[32551938.42,5769255.2941],[32551984.1177,5769358.7298],[32551998.2146,5769377.716],[32552060.9422,5769476.6477],[32552096.183,5769523.6133],[32552179.4814,5769628.0346],[32552229.3221,5769694.4854],[32552273.0755,5769738.449],[32552312.314,5769781.4145],[32552349.311,5769828.8786],[32552425.6149,5769940.7975],[32552460.6273,5769994.7589],[32552483.5655,5770035.2311],[32552548.1844,5770177.1394],[32552571.7036,5770242.5993],[32552585.8865,5770288.5722],[32552600.1506,5770360.0328],[32552604.0155,5770393.0156],[32552603.1149,5770425.0007],[32552597.9643,5770460.4859],[32552590.2976,5770492.9733],[32552582.3549,5770517.4648],[32552573.8773,5770531.4613],[32552557.8813,5770543.5854],[32552542.8716,5770554.9619],[32552535.3919,5770567.4588],[32552532.9315,5770581.9529],[32552534.4833,5770596.9453],[32552551.4043,5770636.92],[32552554.9547,5770649.9125],[32552556.2542,5770664.4052],[32552552.2948,5770680.3991],[32552543.324,5770696.8947],[32552530.0968,5770714.8913],[32552491.121,5770752.7166],[32552413.1541,5770828.3821],[32552376.7024,5770873.3747],[32552347.2532,5770913.367],[32552325.0679,5770951.8573],[32552308.9015,5770991.345],[32552291.2599,5771039.829],[32552275.3887,5771093.31],[32552263.7866,5771149.2883],[32552252.8639,5771223.2086],[32552234.0982,5771350.2061],[32552226.2846,5771415.1789],[32552213.0287,5771478.8397],[32552194.4381,5771568.1201],[32552172.3002,5771700.0676],[32552153.4254,5771833.5134],[32552152.0761,5771881.9916],[32552155.7333,5771928.4689],[32552163.6755,5771982.4413],[32552171.7504,5771999.4304],[32552176.0895,5772023.9176],[32552176.9402,5772054.9031],[32552175.0577,5772093.3862],[32552169.1759,5772135.3692],[32552160.0213,5772172.8555],[32552147.8588,5772210.3429],[32552113.8692,5772241.3414],[32552090.3847,5772265.3392],[32552075.9059,5772283.8361],[32552049.4725,5772326.3264],[32552043.6976,5772332.2607],[32552030.9849,5772345.3245],[32551988.2306,5772378.825],[32551963.9669,5772394.3268],[32551935.9372,5772407.8308],[32551874.5981,5772429.843],[32551812.7291,5772442.8592],[32551608.7017,5772443.431],[32551529.5092,5772447.4565],[32551494.4326,5772451.9665],[32551457.6205,5772462.4742],[32551414.8103,5772478.4815],[32551382.15,5772492.8476],[32551326.2126,5772519.9923],[32551300.9289,5772529.9962],[32551275.1343,5772537.0015],[32551252.5822,5772539.0081],[32551230.0141,5772536.0169],[32551179.5968,5772524.5387],[32551166.3474,5772517.7525],[32551112.3128,5772490.0763],[32551048.0699,5772466.1078],[32551030.51,5772461.6155],[32551011.4575,5772460.6219],[32550992.6683,5772463.6266],[32550977.1424,5772468.1294],[32550963.6296,5772475.1304],[32550950.6277,5772485.13],[32550933.901,5772506.1257],[32550891.2711,5772578.6058],[32550851.6297,5772645.0877],[32550811.4488,5772699.5751],[32550788.4735,5772726.0701],[32550767.9745,5772743.0685],[32550752.4564,5772750.07],[32550740.1825,5772752.5725],[32550710.6043,5772752.0817],[32550691.0648,5772755.586],[32550673.2942,5772763.5877],[32550659.7958,5772775.0864],[32550652.0703,5772789.0823],[32550645.8598,5772806.5761],[32550635.896,5772826.0702],[32550622.9227,5772845.0653],[32550608.1822,5772860.0627],[32550596.3894,5772866.4322],[32550589.666,5772870.0636]],[[32549420.73,5770465.95],[32549401.1889,5770468.9529],[32549379.9042,5770475.4547],[32549357.6282,5770485.4552],[32549334.8652,5770499.9537],[32549311.8723,5770520.9494],[32549289.196,5770546.683],[32549267.4223,5770572.9359],[32549191.7958,5770673.4077],[32549185.9664,5770684.0037],[32549183.8212,5770687.903],[32549182.1001,5770698.3987],[32549187.383,5770704.395],[32549198.4211,5770707.3913],[32549202.5341,5770706.9429],[32549212.2022,5770705.889],[32549226.2211,5770700.3886],[32549255.7309,5770679.3915],[32549286.9777,5770652.8966],[32549304.4882,5770641.8977],[32549345.2997,5770627.8951],[32549358.8173,5770622.3946],[32549377.7412,5770617.3145],[32549405.3985,5770609.8899],[32549449.1858,5770585.8908],[32549472.6373,5770548.2187],[32549484.3474,5770529.4079],[32549470.7086,5770496.9253],[32549462.1434,5770483.4332],[32549451.3335,5770473.4399],[32549437.5285,5770467.4456],[32549420.73,5770465.95]],[[32547498.7614,5770709.6782],[32547480.978,5770713.6788],[32547466.469,5770722.6768],[32547455.4818,5770735.6726],[32547449.0192,5770752.6661],[32547441.878,5770792.6495],[32547441.4501,5770815.6396],[32547445.036,5770839.6286],[32547452.6258,5770861.6179],[32547462.9599,5770879.6088],[32547474.5331,5770893.1013],[32547486.0966,5770903.5952],[32547502.167,5770912.5891],[32547550.0925,5770928.5756],[32547590.7123,5770933.0681],[32547605.5007,5770933.0661],[32547632.3045,5770928.0645],[32547661.8445,5770916.5654],[32547673.3442,5770907.068],[32547682.0771,5770894.5722],[32547688.0496,5770881.0772],[32547691.514,5770867.0829],[32547692.7225,5770853.0888],[32547690.9168,5770837.096],[32547685.8528,5770821.1038],[32547677.0257,5770804.1124],[32547663.9406,5770788.1213],[32547647.8511,5770773.13],[32547629.5153,5770761.1378],[32547592.125,5770747.6488],[32547561.7515,5770733.6592],[32547539.6527,5770720.6679],[32547519.3228,5770712.1743],[32547498.7614,5770709.6782]],[[32546263.2316,5770437.4478],[32546233.1792,5770445.4462],[32546202.6212,5770450.9454],[32546168.2976,5770452.9454],[32546138.2283,5770451.9459],[32546105.4626,5770448.8785],[32546068.8138,5770445.4476],[32546041.4961,5770441.4488],[32545992.6087,5770428.453],[32546001.0362,5770489.9323],[32546010.175,5770534.4169],[32546015.0678,5770581.8997],[32546036.6833,5770604.3907],[32546062.5483,5770621.3828],[32546097.9265,5770632.3757],[32546134.7857,5770635.8718],[32546165.8073,5770634.3703],[32546192.1066,5770628.3711],[32546215.1377,5770619.3734],[32546234.1457,5770606.3777],[32546248.6339,5770590.8834],[32546258.6041,5770573.39],[32546264.5621,5770555.3973],[32546267.0127,5770537.9046],[32546267.2646,5770520.9119],[32546263.2316,5770437.4478]],[[32547858.9895,5766655.893],[32547841.7064,5766659.8891],[32547825.4406,5766668.3853],[32547812.445,5766680.3818],[32547800.7108,5766694.8779],[32547806.8737,5766723.8887],[32547815.4765,5766764.3846],[32547911.7006,5766831.3829],[32547951.6624,5766863.8446],[32547988.1212,5766898.2996],[32548065.1558,5766979.152],[32548072.7999,5766948.0906],[32548076.9322,5766916.7871],[32548076.7997,5766881.3695],[32548070.2236,5766841.8082],[32548058.7381,5766799.3422],[32548044.3217,5766759.8808],[32548028.6844,5766730.4076],[32548010.0666,5766709.4228],[32547986.6958,5766691.4294],[32547959.3257,5766676.9268],[32547928.9606,5766666.4172],[32547878.291,5766655.8983],[32547858.9895,5766655.893]],[[32548911.5675,5766385.4639],[32548908.7334,5766439.4721],[32548903.7073,5766485.7566],[32548897.0255,5766526.4672],[32548885.8558,5766559.4661],[32548870.6725,5766591.9658],[32548841.0217,5766646.4618],[32548830.332,5766673.4598],[32548821.4166,5766706.4531],[32548815.2662,5766741.9339],[32548812.6225,5766776.8973],[32548812.4685,5766806.8512],[32548815.1339,5766855.7639],[32548818.4657,5766877.7326],[32548824.8095,5766899.7176],[32548833.4096,5766919.2055],[32548844.2748,5766938.6912],[32548867.6038,5766937.685],[32548888.404,5766931.6823],[32548908.1619,5766916.6856],[32548924.8788,5766894.6944],[32548938.8233,5766869.7059],[32548949.4764,5766837.2226],[32548955.3314,5766795.245],[32548956.8974,5766740.7825],[32548955.4467,5766679.8911],[32548949.108,5766580.5088],[32548941.1745,5766532.4976],[32548916.9102,5766409.9698],[32548911.5675,5766385.4639]],[[32547699.5463,5768090.3037],[32547779.9542,5768236.6859],[32547800.9063,5768278.6604],[32547810.767,5768307.1461],[32547813.246,5768316.6753],[32547820.3883,5768344.1307],[32547833.3089,5768408.6093],[32547837.1532,5768454.5973],[32547836.7262,5768496.5876],[32547838.76,5768515.5838],[32547844.7963,5768534.0808],[32547854.5887,5768554.0781],[32547939.5325,5768466.1063],[32547950.5211,5768452.1105],[32547958.7528,5768435.6148],[32547963.9806,5768418.6188],[32547967.1446,5768364.1306],[32547965.1098,5768345.1346],[32547957.8242,5768330.1377],[32547942.7522,5768317.6193],[32547918.7035,5768297.645],[32547908.1462,5768280.6507],[32547877.1392,5768211.6813],[32547856.9516,5768172.2049],[32547839.2925,5768144.2249],[32547823.9255,5768127.739],[32547808.0681,5768115.2514],[32547791.9754,5768107.2617],[32547755.065,5768102.277],[32547699.5463,5768090.3037]],[[32546826.7362,5768253.1638],[32546840.4039,5768263.8236],[32546858.5176,5768284.3002],[32546887.2512,5768328.9302],[32546911.9246,5768367.2538],[32546936.0826,5768396.7609],[32546963.583,5768423.2676],[32546991.3607,5768446.2579],[32547040.6123,5768478.2333],[32547086.3235,5768499.7137],[32547110.4336,5768507.7053],[32547133.783,5768512.1976],[32547153.6061,5768512.6925],[32547168.9012,5768510.19],[32547190.2017,5768503.6883],[32547198.4584,5768498.1894],[32547214.426,5768477.1983],[32547251.0451,5768431.5946],[32547296.2924,5768375.2459],[32547306.7566,5768362.1744],[32547261.4288,5768328.1793],[32547227.0496,5768308.5348],[32547114.0902,5768274.1575],[32547030.5989,5768264.3362],[32546846.0977,5768254.1316],[32546826.7362,5768253.1638]],[[32546155.5331,5769019.036],[32546128.2324,5769025.5381],[32546102.7007,5769036.5379],[32546076.1824,5769052.5349],[32546185.4998,5769139.9975],[32546244.2775,5769182.8845],[32546300.1428,5769223.6464],[32546396.437,5769293.9071],[32546437.9462,5769321.3806],[32546491.7462,5769349.3507],[32546515.1161,5769359.8392],[32546532.1936,5769365.3322],[32546545.4814,5769363.8301],[32546558.7561,5769358.83],[32546573.0227,5769350.8313],[32546595.8996,5769297.8556],[32546613.839,5769266.3694],[32546618.0488,5769252.3764],[32546615.7317,5769237.3859],[32546608.647,5769222.3965],[32546599.5599,5769208.907],[32546585.7111,5769196.918],[32546564.5871,5769185.4306],[32546352.985,5769090.6937],[32546268.4582,5769054.2771],[32546242.5493,5769043.7766],[32546203.6883,5769028.0267],[32546180.6053,5769021.0311],[32546155.5331,5769019.036]],[[32546538.5874,5768429.7785],[32546600.4604,5768407.7758],[32546616.9847,5768399.2781],[32546629.4785,5768386.7819],[32546639.4534,5768371.7857],[32546668.8728,5768315.0984],[32546695.217,5768264.3366],[32546707.4127,5768245.344],[32546723.4218,5768231.3486],[32546744.2328,5768224.352],[32546762.6397,5768226.1304],[32546632.7856,5768161.2055],[32546598.4067,5768146.4724],[32546588.2482,5768126.1555],[32546521.1796,5768117.4697],[32546485.5869,5768117.9642],[32546458.7853,5768123.9577],[32546439.2628,5768132.9519],[32546425.5152,5768144.9472],[32546416.0307,5768157.4433],[32546410.0716,5768174.9396],[32546406.1389,5768198.9346],[32546398.6412,5768282.9084],[32546380.3647,5768366.8676],[32546378.9304,5768388.3547],[32546383.9906,5768402.8438],[32546395.3029,5768412.8333],[32546412.6213,5768419.8222],[32546432.6904,5768424.8112],[32546453.2512,5768426.8021],[32546483.3128,5768425.9935],[32546509.6452,5768425.2853],[32546538.5874,5768429.7785]],[[32548201.4994,5768127.7068],[32548171.7211,5768130.7034],[32548151.9637,5768139.6997],[32548143.2313,5768155.1951],[32548142.5173,5768176.1902],[32548152.6129,5768227.6801],[32548165.0934,5768274.2923],[32548167.4705,5768283.1702],[32548184.8208,5768323.6618],[32548193.1403,5768348.1547],[32548196.2074,5768371.6465],[32548192.0096,5768393.1386],[32548184.0416,5768410.1324],[32548174.5578,5768423.128],[32548160.8128,5768436.1241],[32548118.3112,5768470.6143],[32548083.0656,5768495.0819],[32548066.3011,5768509.1033],[32548054.319,5768525.0982],[32548046.609,5768545.091],[32548043.4314,5768570.5805],[32548042.7726,5768598.0683],[32548048.2169,5768652.0484],[32548078.5275,5768800.0047],[32548203.4056,5768845.9812],[32548286.4233,5768811.4574],[32548351.2518,5768784.4977],[32548366.5112,5768775.0005],[32548373.2436,5768764.0046],[32548370.9834,5768733.5167],[32548365.394,5768710.0257],[32548343.3703,5768642.0512],[32548333.0783,5768603.568],[32548329.9585,5768569.5805],[32548335.3839,5768542.0895],[32548358.2859,5768492.6049],[32548372.7072,5768456.1156],[32548388.8483,5768408.6288],[32548402.4794,5768360.142],[32548409.6248,5768321.6523],[32548410.5236,5768289.6613],[32548408.6621,5768257.1715],[32548400.4379,5768197.1963],[32548397.8384,5768192.4385],[32548387.3315,5768173.2079],[32548362.2377,5768155.2145],[32548331.1656,5768142.7166],[32548300.8654,5768135.2157],[32548269.8248,5768130.7134],[32548201.4994,5768127.7068]],[[32547449.1005,5772346.9624],[32547462.0018,5772305.4791],[32547471.6494,5772265.4957],[32547478.2684,5772219.0156],[32547482.8472,5772161.5406],[32547485.1669,5772103.0663],[32547484.2536,5772052.5889],[32547478.449,5772012.3916],[32547476.8203,5772001.1128],[32547463.8518,5771943.1403],[32547446.0939,5771876.6722],[32547448.7504,5771845.1858],[32547451.4069,5771813.6995],[32547424.2536,5771787.7146],[32547396.104,5771763.729],[32547327.5103,5771711.7608],[32547291.3143,5771679.7797],[32547251.8408,5771641.8015],[32547249.3118,5771656.8584],[32547230.9697,5771702.2715],[32547218.0477,5771734.265],[32547202.6941,5771792.7411],[32547195.6058,5771849.2171],[32547194.2057,5771881.7028],[32547196.1184,5771931.1807],[32547194.6896,5771954.6705],[32547191.2507,5771976.6611],[32547186.5459,5771994.6538],[32547172.9998,5772031.958],[32547161.7063,5772061.8171],[32547146.0412,5772104.6101],[32547139.6089,5772131.0992],[32547138.445,5772159.087],[32547143.3,5772188.0734],[32547154.1739,5772218.0587],[32547170.562,5772248.0434],[32547189.9516,5772276.0284],[32547210.8352,5772300.5149],[32547230.6981,5772319.5038],[32547253.0423,5772330.9958],[32547276.8654,5772334.9909],[32547303.6848,5772334.9874],[32547284.0508,5772385.4674],[32547274.8754,5772414.9555],[32547272.4222,5772430.9486],[32547272.3721,5772491.4216],[32547275.6851,5772507.9138],[32547285.5045,5772521.4065],[32547299.8186,5772529.9007],[32547315.1137,5772531.8979],[32547332.1417,5772527.3976],[32547351.9016,5772515.4003],[32547371.6435,5772497.9054],[32547388.8656,5772476.4127],[32547404.3216,5772451.4217],[32547434.1892,5772386.9466],[32547449.1005,5772346.9624]],[[32547334.2541,5770449.3133],[32547319.7307,5770453.8133],[32547302.2154,5770463.3114],[32547284.9635,5770476.8077],[32547272.4773,5770491.303],[32547250.8208,5770538.2853],[32547239.6106,5770567.7212],[32547229.6927,5770593.7638],[32547204.5078,5770634.7491],[32547195.2593,5770642.7468],[32547181.7513,5770651.2447],[32547165.981,5770657.7439],[32547151.4545,5770661.2442],[32547198.0469,5770730.708],[32547209.6631,5770757.6948],[32547220.3295,5770801.1745],[32547225.1813,5770829.1615],[32547228.0326,5770858.6484],[32547230.742,5770922.1203],[32547228.3441,5770956.1056],[32547220.9316,5770989.592],[32547205.0716,5771038.3183],[32547196.8548,5771063.5626],[32547181.436,5771136.6012],[32547172.9042,5771177.0158],[32547144.6046,5771262.9816],[32547138.9148,5771286.472],[32547137.232,5771308.9623],[32547138.0575,5771331.9521],[32547175.2387,5771436.9014],[32547190.3895,5771471.8841],[32547199.7676,5771487.7811],[32547206.0145,5771498.3704],[32547245.0379,5771552.3418],[32547333.5674,5771646.289],[32547356.6911,5771666.2772],[32547381.5647,5771684.7658],[32547424.5137,5771712.248],[32547444.3631,5771727.2386],[32547495.3842,5771770.7125],[32547494.0798,5771757.692],[32547493.8321,5771755.2194],[32547486.3223,5771680.2538],[32547486.7167,5771646.7685],[32547490.8595,5771609.7843],[32547497.9943,5771567.8018],[32547513.0041,5771557.6772],[32547538.0122,5771540.8083],[32547571.7862,5771520.8126],[32547585.46,5771510.8032],[32547589.541,5771507.8158],[32547606.5245,5771488.8218],[32547620.4796,5771463.3311],[32547634.3707,5771417.8492],[32547636.8069,5771395.8586],[32547633.3664,5771338.8842],[32547613.7763,5771314.0413],[32547603.4176,5771300.905],[32547586.5761,5771285.9139],[32547566.7298,5771271.9228],[32547557.427,5771262.9281],[32547548.6208,5771252.4338],[32547541.3135,5771240.4401],[32547534.498,5771225.4477],[32547524.3491,5771186.9659],[32547523.2921,5771169.9735],[32547525.192,5771136.9878],[32547523.8827,5771119.4956],[32547518.8171,5771103.0035],[32547510.7547,5771090.0103],[32547501.4535,5771081.5152],[32547490.1566,5771076.0191],[32547460.8033,5771067.5268],[32547428.9323,5771055.5363],[32547408.5912,5771043.5443],[32547391.7511,5771029.0528],[32547378.1569,5771010.5626],[32547333.477,5770912.1116],[32547318.0899,5770881.6269],[32547294.5989,5770825.1545],[32547278.3831,5770770.6804],[32547272.7874,5770745.1922],[32547269.9662,5770725.2014],[32547269.6645,5770709.2084],[32547271.6218,5770694.2147],[32547276.5886,5770679.7204],[32547285.3118,5770664.226],[32547311.7803,5770632.7363],[32547326.7761,5770619.2403],[32547346.0419,5770605.5171],[32547419.5523,5770551.7576],[32547432.543,5770538.2617],[32547443.5174,5770521.2677],[32547450.9794,5770503.2745],[32547452.6861,5770488.2807],[32547446.6306,5770475.787],[32547434.0661,5770465.793],[32547419.0045,5770458.7981],[32547404.9553,5770454.8017],[32547369.0994,5770450.8081],[32547334.2541,5770449.3133]],[[32546947.302,5769995.5897],[32546956.1226,5769932.1149],[32546962.7863,5769899.628],[32546972.5312,5769869.6402],[32546985.2368,5769845.6494],[32546999.9677,5769827.6559],[32547043.682,5769780.6725],[32547058.1588,5769761.6792],[32547085.3352,5769716.6956],[32547110.4833,5769664.7142],[32547126.6199,5769616.7314],[32547138.2601,5769573.7471],[32547143.7271,5769559.2525],[32547153.4491,5769542.7585],[32547168.927,5769523.2652],[32547190.1624,5769501.2727],[32547215.6596,5769479.2798],[32547244.9188,5769457.7865],[32547307.9559,5769416.7994],[32547337.2101,5769393.807],[32547361.6897,5769367.3158],[32547397.8739,5769317.3329],[32547422.3038,5769275.8473],[32547438.4855,5769241.8596],[32547442.692,5769225.3659],[32547443.1291,5769206.3742],[32547439.3009,5769185.3836],[32547432.2239,5769164.3919],[32547422.4007,5769143.3987],[32547398.566,5769104.6476],[32547383.9664,5769080.9113],[32547371.1586,5769056.4148],[32547342.7593,5768987.9256],[32547337.4693,5768969.4293],[32547335.4234,5768946.4348],[32547336.6288,5768922.941],[32547340.3464,5768904.4464],[32547346.8239,5768888.9511],[32547356.3057,5768873.456],[32547367.7951,5768859.9604],[32547380.5463,5768850.9635],[32547393.555,5768845.4656],[32547413.5186,5768843.2042],[32547430.8929,5768849.7323],[32547447.1755,5768858.4364],[32547462.3636,5768871.4922],[32547473.199,5768888.8994],[32547483.289,5768912.4585],[32547554.9106,5768935.4626],[32547590.4916,5768949.9618],[32547625.348,5768966.4569],[32547692.8976,5769003.4363],[32547716.5097,5769017.9311],[32547811.987,5769085.4083],[32547806.8928,5769060.9178],[32547806.567,5769037.9259],[32547812.7541,5769013.4339],[32547825.2245,5768993.9403],[32547832.804,5768986.2157],[32547838.4664,5768980.4448],[32547853.4743,5768970.4482],[32547833.0978,5768966.2414],[32547809.0728,5768960.4503],[32547772.6869,5768948.9535],[32547744.0603,5768934.4594],[32547684.4983,5768882.4846],[32547649.8686,5768848.4921],[32547620.0257,5768816.4956],[32547596.2008,5768786.4985],[32547576.8832,5768758.5019],[32547553.5319,5768718.5093],[32547528.1161,5768660.0259],[32547515.5511,5768643.5321],[32547498.2353,5768632.5373],[32547471.658,5768627.0421],[32547432.8156,5768629.0462],[32547388.462,5768635.0506],[32547336.8395,5768644.5561],[32547319.0763,5768656.0535],[32547300.8017,5768665.0527],[32547280.5123,5768672.0535],[32547225.3827,5768686.559],[32547204.3209,5768689.563],[32547172.6982,5768687.5733],[32547157.6276,5768684.0801],[32547147.3218,5768680.0859],[32547129.9912,5768676.5934],[32547069.2849,5768682.1082],[32547049.7063,5768681.1147],[32547005.2442,5768670.6339],[32546979.392,5768668.6416],[32546950.7999,5768670.6469],[32546892.6388,5768678.6531],[32546868.8355,5768684.1536],[32546848.3047,5768692.652],[32546811.5303,5768716.145],[32546853.7039,5768728.1338],[32546865.7674,5768734.1285],[32546879.1014,5768743.6205],[32546892.7016,5768756.1101],[32546904.8008,5768769.0992],[32546912.1363,5768782.5887],[32546913.2034,5768797.0794],[32546909.2608,5768813.5699],[32546901.5674,5768833.0596],[32546890.3498,5768850.052],[32546875.0885,5768860.5496],[32546856.2966,5768867.0508],[32546834.2429,5768873.5527],[32546809.412,5768876.0579],[32546785.0564,5768872.0664],[32546759.175,5768862.5781],[32546780.1337,5768889.1111],[32546809.3914,5768929.0244],[32546840.0116,5768988.9777],[32546889.2583,5769071.9163],[32546909.5658,5769097.9592],[32546910.2647,5769098.8556],[32546930.5596,5769124.8822],[32546932.5921,5769129.9571],[32546946.4514,5769164.5626],[32546952.7767,5769180.3565],[32546960.5859,5769196.3501],[32546967.3999,5769216.3429],[32546970.4603,5769239.3353],[32546968.7638,5769264.3274],[32546964.0569,5769287.8204],[32546956.8457,5769311.8133],[32546947.6316,5769336.3062],[32546935.4103,5769359.7992],[32546919.176,5769379.7929],[32546899.6806,5769396.787],[32546855.6726,5769426.2765],[32546807.4038,5769454.7661],[32546779.8794,5769465.2621],[32546758.8505,5769469.2604],[32546750.5724,5769463.7621],[32546750.7945,5769451.7659],[32546771.947,5769394.7851],[32546790.8762,5769351.8001],[32546795.5911,5769334.8063],[32546794.2924,5769318.313],[32546787.4903,5769305.8187],[32546776.1911,5769298.8229],[32546761.1503,5769298.3249],[32546743.6111,5769300.8261],[32546673.4012,5769324.3986],[32546660.2153,5769328.8257],[32546667.7612,5769335.8209],[32546673.556,5769344.3158],[32546676.0988,5769355.3101],[32546673.6333,5769368.3044],[32546665.4049,5769382.2992],[32546641.9302,5769410.7893],[32546632.9524,5769425.7837],[32546627.9863,5769441.2774],[32546626.0275,5769456.7709],[32546627.0751,5769472.2643],[32546630.8835,5769489.7569],[32546639.9529,5769507.7494],[32546663.4928,5769536.9567],[32546676.3001,5769552.8474],[32546745.7639,5769514.2553],[32546785.0538,5769504.4322],[32546814.5214,5769504.4318],[32546862.2823,5769512.391],[32546884.8881,5769493.4362],[32546959.4034,5769488.4674],[32546993.7824,5769488.4669],[32547033.0726,5769508.1114],[32547047.8067,5769527.7562],[32547047.8072,5769557.2238],[32547037.9849,5769571.9577],[32547018.3404,5769601.4255],[32546988.8728,5769621.071],[32546939.7609,5769660.3618],[32546890.6493,5769714.3863],[32546875.9163,5769773.3215],[32546871.0061,5769837.1679],[32546871.0069,5769891.1919],[32546850.9845,5769964.6102],[32546842.7338,5769962.1098],[32546826.4369,5769961.111],[32546809.4009,5769964.1104],[32546795.6367,5769971.1083],[32546785.3984,5769983.104],[32546776.4216,5769997.5987],[32546768.9587,5770015.0921],[32546750.6061,5770094.5602],[32546772.9319,5770178.5244],[32546778.0583,5770214.0093],[32546785.8905,5770246.9947],[32546799.729,5770278.9796],[32546823.4234,5770318.9538],[32546835.4722,5770331.4452],[32546852.0292,5770344.9338],[32546874.3248,5770358.4215],[32546914.7951,5770376.757],[32546949.3221,5770392.3997],[32546967.401,5770402.3639],[32546987.0044,5770418.87],[32546993.7417,5770409.3734],[32547000.9882,5770402.3756],[32547010.2512,5770398.876],[32547033.8028,5770395.8744],[32547043.8097,5770389.8758],[32547048.7844,5770377.8804],[32547047.7322,5770362.3872],[32547041.6671,5770346.8953],[32547004.6441,5770291.4365],[32546994.08,5770279.9424],[32546983.0386,5770270.9483],[32546944.2357,5770249.4682],[32546936.4599,5770242.4741],[32546930.1744,5770230.482],[32546925.8854,5770212.9912],[32546924.2835,5770194.5016],[32546925.1679,5770157.523],[32546940.4946,5770061.5631],[32546947.302,5769995.5897]],[[32548641.839,5769970.5987],[32548664.0278,5769762.5103],[32548670.594,5769700.9314],[32548670.2412,5769668.9453],[32548666.8822,5769637.4594],[32548661.2784,5769609.4723],[32548650.6745,5769585.4846],[32548636.3235,5769565.4957],[32548617.9669,5769547.0069],[32548605.3496,5769520.3547],[32548599.0404,5769507.0274],[32548618.339,5769506.5242],[32548635.875,5769503.5224],[32548653.1492,5769497.0221],[32548665.9006,5769487.0241],[32548673.8783,5769473.5284],[32548678.3326,5769455.5354],[32548680.5166,5769433.0446],[32548680.6795,5769405.5563],[32548677.825,5769375.0699],[32548672.2133,5769344.5839],[32548663.605,5769317.5969],[32548646.176,5769275.618],[32548637.3457,5769257.6272],[32548613.9218,5769222.1465],[32548583.9841,5769187.6663],[32548569.1526,5769174.1747],[32548537.5051,5769153.6889],[32548449.6253,5769106.2241],[32548347.7058,5769057.7562],[32548305.6839,5769040.8175],[32548284.7109,5769032.3634],[32548228.9044,5769043.3837],[32548201.1151,5769048.8714],[32548115.5269,5769063.3859],[32548094.9957,5769070.3914],[32548043.6872,5769093.8922],[32548013.4125,5769110.8875],[32547982.7483,5769124.8839],[32547948.9171,5769135.8815],[32547919.3577,5769141.3809],[32547897.0545,5769142.8813],[32547878.2507,5769141.3825],[32547828.3919,5769147.8818],[32547776.5389,5769157.8806],[32547756.808,5769163.8796],[32547735.822,5769174.3769],[32547715.8182,5769189.872],[32547699.3275,5769206.3663],[32547684.0986,5769225.3594],[32547707.8874,5769244.8498],[32547720.6882,5769250.3471],[32547745.0174,5769255.3444],[32547758.3035,5769255.8437],[32547792.3794,5769251.8439],[32547850.9824,5769236.3469],[32547864.9683,5769230.3484],[32547894.8231,5769213.3534],[32547912.4541,5769206.355],[32547931.2577,5769207.8526],[32547947.5788,5769216.8381],[32547962.9215,5769231.8212],[32547917.9513,5769308.7882],[32547899.4546,5769333.7779],[32547873.9579,5769365.2989],[32547833.9611,5769414.7461],[32547778.4406,5769494.2133],[32547747.6914,5769543.1935],[32547698.3658,5769638.1577],[32547626.0934,5769768.5331],[32547655.0381,5769806.0483],[32547662.8626,5769823.0399],[32547675.0504,5769872.0171],[32547675.8407,5769884.0118],[32547673.6263,5769897.0065],[32547667.4143,5769914.0],[32547657.9438,5769930.994],[32547638.7299,5769957.9851],[32547613.4284,5769962.4866],[32547587.6368,5769970.4868],[32547558.3585,5769985.4845],[32547494.3243,5770026.9753],[32547465.5759,5770050.9688],[32547444.6075,5770077.96],[32547422.1957,5770123.943],[32547416.7421,5770142.9355],[32547414.052,5770163.9268],[32547413.3734,5770186.9169],[32547414.9477,5770208.9071],[32547419.5248,5770229.3977],[32547427.6048,5770247.8886],[32547447.3027,5770276.6136],[32547460.8457,5770296.3631],[32547470.1517,5770306.3575],[32547508.5861,5770332.8408],[32547567.6105,5770449.2822],[32547589.7988,5770490.2613],[32547608.6887,5770518.7463],[32547630.3277,5770544.7319],[32547651.7001,5770565.7199],[32547670.5469,5770580.7107],[32547683.4274,5770588.1859],[32547709.4602,5770600.1967],[32547732.5393,5770606.1908],[32547758.1121,5770608.1863],[32547810.4934,5770606.6793],[32547835.798,5770603.1772],[32547859.8382,5770596.1767],[32547897.621,5770575.68],[32547913.369,5770562.1835],[32547930.3558,5770544.1887],[32547947.0824,5770523.1954],[32547991.9953,5770459.2164],[32548011.2348,5770440.2217],[32548034.2373,5770422.2259],[32548058.7499,5770406.2291],[32548082.2697,5770393.2311],[32548106.5494,5770382.7318],[32548132.8391,5770373.7316],[32548183.9321,5770361.2288],[32548214.7493,5770357.2257],[32548256.0973,5770354.2203],[32548330.1456,5770352.3418],[32548414.7469,5770350.1956],[32548449.0781,5770347.6908],[32548477.8903,5770343.6875],[32548502.6824,5770336.6863],[32548526.4623,5770326.6865],[32548546.7268,5770314.6882],[32548561.7275,5770302.6908],[32548572.4609,5770288.695],[32548590.3818,5770249.2088],[32548606.0179,5770200.7272],[32548622.347,5770133.7533],[32548628.492,5770095.7686],[32548641.839,5769970.5987]]],[[[32547452.9708,5782776.5573],[32547398.7775,5782838.0343],[32547347.3509,5782902.5094],[32547221.5594,5783069.4369],[32547128.3586,5783204.3759],[32547070.4105,5783295.8826],[32547039.3613,5783352.9072],[32545484.4014,5783336.8465],[32545485.5519,5783211.3966],[32545564.1408,5783205.722],[32545583.9359,5783208.0814],[32545622.5433,5783215.8915],[32545640.3449,5783217.3905],[32545656.3028,5783216.5],[32545676.1834,5783215.3905],[32545690.7268,5783216.8895],[32545727.8532,5783225.3852],[32545762.4497,5783226.3841],[32545779.491,5783224.8842],[32545800.2754,5783217.8867],[32545823.5543,5783206.8905],[32545850.3292,5783191.3963],[32545871.1287,5783188.8969],[32545897.1991,5783188.3965],[32545934.3082,5783190.3952],[32546016.561,5783198.3905],[32546052.164,5783199.8893],[32546081.2387,5783198.3895],[32546108.5434,5783192.3914],[32546138.5957,5783183.3946],[32546167.8804,5783169.3998],[32546192.8858,5783149.9072],[32546227.617,5783111.4244],[32546240.8452,5783092.9324],[32546253.3056,5783070.4411],[32546292.8852,5782985.4743],[32546340.9582,5782891.5109],[32546366.391,5782850.0308],[32546392.1077,5782819.0409],[32546448.3389,5782767.0509],[32546478.7953,5782728.5663],[32546561.3613,5782604.6167],[32546576.8366,5782584.6248],[32546647.3238,5782524.6496],[32546672.346,5782511.6551],[32546698.1348,5782503.1587],[32546726.6938,5782498.6606],[32546771.9981,5782479.1692],[32546808.2681,5782456.7012],[32546835.9917,5782426.7472],[32546857.7076,5782398.7661],[32546883.2207,5782378.7699],[32546909.2437,5782365.2736],[32546937.6546,5782354.9267],[32546874.2331,5782333.7872],[32546802.6502,5782321.858],[32546707.2069,5782321.8595],[32546579.9497,5782369.583],[32546361.2277,5782528.6588],[32546345.3199,5782492.8675],[32546337.3657,5782449.1228],[32546344.2783,5782431.3465],[32546339.2173,5782411.8062],[32546329.6294,5782411.8063],[32546311.1179,5782423.7847],[32546304.1483,5782433.6927],[32546297.5005,5782449.6576],[32546284.5239,5782488.6699],[32546273.8741,5782528.6534],[32546263.9952,5782574.6343],[32546256.87,5782619.6157],[32546252.0564,5782682.09],[32546245.1355,5782712.5775],[32546232.4477,5782742.5784],[32546213.7367,5782769.562],[32546187.4901,5782792.0535],[32546157.2192,5782810.047],[32546076.8908,5782850.5331],[32546031.5877,5782871.0258],[32545979.7447,5782892.015],[32545948.1393,5782902.0943],[32545931.1589,5782907.5096],[32545883.8005,5782915.0075],[32545832.1645,5782917.0077],[32545785.7588,5782915.9572],[32545718.5365,5782907.5567],[32545488.8075,5782856.5406],[32545550.9486,5776082.559],[32545587.6417,5776073.8277],[32545604.3821,5776073.9755],[32545617.3129,5776077.1045],[32545643.702,5776093.4768],[32545665.0951,5776111.9438],[32545680.7148,5776133.4227],[32545701.8874,5776171.4],[32545714.2132,5776184.8921],[32545729.5366,5776193.8872],[32545748.1099,5776198.385],[32545767.9255,5776197.8861],[32545786.9756,5776192.89],[32545812.9152,5776178.1607],[32545839.7714,5776162.9109],[32545922.4708,5776127.9355],[32545933.7301,5776126.9364],[32545964.665,5776131.9378],[32545980.0984,5776134.433],[32546002.2502,5776139.3747],[32546079.7907,5776191.0666],[32546147.1023,5776203.2478],[32546225.4455,5776231.2262],[32546235.7487,5776223.687],[32546347.1793,5776285.629],[32546380.3101,5776285.6285],[32546375.6554,5776294.3285],[32546413.8712,5776289.5511],[32546441.3322,5776262.0893],[32546457.0236,5776211.0894],[32546468.7919,5776144.3972],[32546492.423,5776092.4066],[32546500.7201,5776089.9646],[32546523.789,5776088.4644],[32546546.8621,5776086.9639],[32546570.6857,5776083.4643],[32546611.0583,5776074.9657],[32546613.1517,5776073.7838],[32546624.3375,5776067.4685],[32546667.3739,5776030.9834],[32546680.9019,5776027.4842],[32546698.8199,5776028.9822],[32546719.0202,5776033.9781],[32546739.6527,5776040.9728],[32546759.2267,5776051.9655],[32546777.8137,5776067.9559],[32546809.2521,5776100.437],[32546874.9455,5776176.3931],[32546879.7054,5776201.88],[32546882.091,5776225.8677],[32546879.8281,5776265.2268],[32546876.5457,5776322.3186],[32546878.1522,5776369.7944],[32546885.029,5776417.769],[32546896.6597,5776457.7472],[32546910.0263,5776487.7302],[32546924.3802,5776510.717],[32546951.0493,5776543.6974],[32546964.3671,5776553.691],[32546980.6922,5776562.6848],[32547026.1396,5776581.6709],[32547047.7298,5776588.1655],[32547072.323,5776590.162],[32547104.4362,5776587.1601],[32547138.0472,5776580.6596],[32547166.1246,5776572.1609],[32547190.9184,5776561.664],[32547248.9721,5776528.2972],[32547274.4081,5776513.6776],[32547284.1778,5776512.6764],[32547297.4658,5776514.6735],[32547346.3749,5776527.6601],[32547360.9089,5776527.6598],[32547373.905,5776518.1663],[32547386.3849,5776505.1706],[32547399.6346,5776498.1719],[32547412.9036,5776496.6705],[32547424.6929,5776501.1665],[32547449.5633,5776520.1534],[32547464.6241,5776528.647],[32547481.177,5776534.6414],[32547497.7087,5776535.6381],[32547513.4761,5776533.6364],[32547547.4776,5776521.1365],[32547566.9877,5776516.1354],[32547586.7721,5776516.6316],[32547605.0691,5776520.6263],[32547620.3657,5776525.6209],[32547638.4338,5776534.6133],[32547688.9026,5776566.5884],[32547718.2802,5776585.0739],[32547735.3383,5776591.5673],[32547752.8866,5776595.0618],[32547769.9236,5776595.5578],[32547786.6993,5776592.5551],[32547802.7135,5776586.0541],[32547818.4638,5776574.555],[32547833.2025,5776558.5579],[32547845.1849,5776541.0619],[32547855.1245,5776520.6157],[32547873.3732,5776483.0772],[32547886.1168,5776461.0823],[32547897.6255,5776446.0848],[32547909.3995,5776437.085],[32547938.4804,5776424.0818],[32547958.5287,5776412.0812],[32547968.2962,5776404.0819],[32547974.8008,5776396.0836],[32547983.476,5776354.6001],[32548004.2309,5776284.3079],[32548007.5302,5776273.1337],[32548032.8207,5776266.6466],[32548057.0951,5776256.1454],[32548082.5967,5776238.1537],[32548090.5148,5776226.7994],[32548096.3112,5776218.4874],[32548108.0362,5776201.6739],[32548110.2589,5776196.9871],[32548113.0131,5776191.1793],[32548114.9792,5776179.6853],[32548113.6925,5776169.6907],[32548108.9006,5776160.696],[32548093.0491,5776141.7081],[32548086.2701,5776126.2175],[32548082.3077,5776105.7303],[32548081.9459,5776098.5872],[32548080.9633,5776079.1859],[32548078.4159,5776003.2844],[32548076.0474,5775985.2937],[32548069.1588,5775963.3049],[32548058.0157,5775939.3174],[32548042.6333,5775916.3302],[32548021.7452,5775892.3452],[32547969.2231,5775845.8778],[32547944.1278,5775829.3911],[32547905.7759,5775809.908],[32547892.0082,5775805.4124],[32547869.2481,5775800.9178],[32547839.241,5775799.9218],[32547824.724,5775801.4233],[32547776.4822,5775823.9157],[32547749.7003,5775840.4104],[32547692.9508,5775881.3918],[32547665.6914,5775898.3818],[32547642.9134,5775906.3804],[32547587.6244,5775944.8729],[32547546.7828,5775965.873],[32547532.4896,5775969.8748],[32547516.9367,5775971.8776],[32547498.1161,5775971.3825],[32547480.0265,5775960.8911],[32547465.9277,5775939.4031],[32547456.8376,5775913.4158],[32547453.7725,5775888.9265],[32547455.9791,5775865.9356],[32547462.4473,5775842.444],[32547471.1683,5775818.9522],[32547481.1443,5775798.4594],[32547497.355,5775770.9696],[32547549.209,5775690.5087],[32547577.658,5775655.0258],[32547599.5417,5775624.041],[32547614.0371,5775595.5537],[32547620.6881,5775574.0633],[32547623.3303,5775556.0727],[32547621.9523,5775536.583],[32547615.8015,5775513.0954],[32547605.6494,5775488.1083],[32547593.033,5775468.1192],[32547573.9721,5775445.5704],[32547556.2829,5775424.6444],[32547531.3248,5775387.1643],[32547528.9813,5775365.6713],[32547529.4237,5775345.6756],[32547533.4084,5775324.6771],[32547536.0052,5775318.5859],[32547540.4433,5775308.1757],[32547549.0036,5775296.6734],[32547559.0762,5775288.6708],[32547571.1557,5775281.6694],[32547593.0059,5775274.1723],[32547599.8133,5775269.6776],[32547603.5191,5775260.689],[32547607.6101,5775219.6926],[32547611.3717,5775206.587],[32547612.0588,5775204.193],[32547626.4724,5775177.7133],[32547636.7218,5775165.24],[32547647.9675,5775154.7633],[32547661.7246,5775145.7793],[32547662.0801,5775131.2898],[32547657.4703,5775118.7932],[32547647.6583,5775107.2947],[32547630.8817,5775099.3086],[32547610.9115,5775092.8112],[32547587.5979,5775087.8073],[32547517.7385,5775083.2648],[32547489.6116,5775089.7689],[32547465.1107,5775101.2786],[32547442.367,5775121.7659],[32547421.2613,5775146.758],[32547399.1112,5775168.7636],[32547374.7725,5775190.2708],[32547292.5518,5775248.7599],[32547236.6647,5775280.2491],[32547193.0509,5775306.7392],[32547162.2981,5775327.7309],[32547115.3328,5775372.2132],[32547091.5878,5775397.7056],[32547074.3403,5775420.199],[32547064.1015,5775439.1929],[32547049.3575,5775483.6878],[32547035.4484,5775525.6634],[32547024.7133,5775548.1565],[32546993.9825,5775596.6425],[32546974.2495,5775624.6344],[32546952.5178,5775651.1268],[32546901.3307,5775706.1104],[32546871.1291,5775735.1012],[32546811.2317,5775786.5845],[32546753.5716,5775832.5699],[32546705.1109,5775868.559],[32546664.6084,5775894.5499],[32546580.5917,5775934.5381],[32546528.4999,5775956.5309],[32546474.8599,5775975.0253],[32546453.5653,5775980.391],[32546429.2342,5775986.5219],[32546395.1403,5775991.5206],[32546367.3075,5775991.0217],[32546340.9759,5775988.0239],[32546314.8846,5775980.5284],[32546291.7838,5775967.0359],[32546272.6809,5775949.5457],[32546259.0875,5775930.5563],[32546247.4887,5775908.0686],[32546236.1268,5775880.5836],[32546228.2706,5775851.0995],[32546226.6851,5775821.615],[32546232.3744,5775791.6304],[32546242.833,5775761.6452],[32546255.8131,5775736.1573],[32546268.312,5775719.165],[32546347.0096,5775665.6862],[32546372.3376,5775646.1936],[32546388.0899,5775631.1991],[32546402.7706,5775610.2072],[32546396.1405,5775577.2234],[32546390.5735,5775561.7309],[32546381.2496,5775546.7385],[32546367.9131,5775530.7469],[32546336.2365,5775500.7634],[32546318.9056,5775488.7705],[32546300.0782,5775478.7768],[32546281.0088,5775471.2816],[32546263.2026,5775466.7852],[32546228.3053,5775462.9433],[32546222.3806,5775462.291],[32546212.9924,5775439.3021],[32546206.6181,5775407.8168],[32546206.5,5775374.332],[32546215.1643,5775345.8437],[32546229.6159,5775325.3513],[32546248.7452,5775306.7661],[32546271.2872,5775284.8654],[32546281.732,5775265.8731],[32546288.4028,5775242.383],[32546293.0538,5775214.3952],[32546355.5149,5775170.909],[32546382.2475,5775149.416],[32546401.9826,5775131.4218],[32546416.4615,5775113.9278],[32546428.4285,5775093.4351],[32546440.6325,5775066.9449],[32546457.7118,5775022.2904],[32546464.5286,5775004.4678],[32546471.5147,5774990.9724],[32546481.7644,5774978.476],[32546495.0338,5774969.4779],[32546522.098,5774959.9779],[32546535.3917,5774959.976],[32546566.5096,5774965.9689],[32546582.0575,5774964.4673],[32546600.3391,5774952.9693],[32546621.3595,5774934.4738],[32546645.8649,5774908.981],[32546663.6382,5774903.1231],[32546694.5952,5774889.8553],[32546707.8815,5774880.3647],[32546715.4736,5774868.0272],[32546719.6344,5774845.8346],[32546708.7704,5774831.0098],[32546687.1368,5774807.0228],[32546648.9209,5774770.5429],[32546608.3758,5774770.0468],[32546527.3611,5774769.0555],[32546486.2892,5774787.0532],[32546475.2789,5774796.051],[32546451.0214,5774823.0433],[32546437.7642,5774837.0394],[32546424.5069,5774851.0356],[32546409.6992,5774855.5707],[32546373.2193,5774867.0244],[32546327.4809,5774881.3851],[32546291.9683,5774892.5351],[32546264.4264,5774903.5335],[32546225.798,5774923.224],[32546179.1089,5774947.0233],[32546121.3034,5774966.5197],[32545995.4825,5775014.509],[32545969.2069,5775021.5083],[32545942.1581,5775023.0102],[32545895.5416,5775017.5169],[32545876.7318,5775012.0211],[32545840.8235,5774989.5342],[32545788.3961,5774972.0465],[32545763.948,5774909.7281],[32545751.7325,5774878.5905],[32545748.0024,5774863.4266],[32545740.5453,5774833.111],[32545745.3232,5774768.1383],[32545751.2381,5774740.6497],[32545762.1943,5774721.6569],[32545776.4306,5774709.161],[32545794.1902,5774701.1628],[32545809.9806,5774703.1606],[32545822.0233,5774708.1574],[32545830.5743,5774717.6525],[32545831.8688,5774729.6473],[32545827.6537,5774742.1422],[32545811.9788,5774772.6304],[32545796.3485,5774815.1135],[32545793.1638,5774835.1051],[32545797.9763,5774849.5984],[32545811.0324,5774857.5938],[32545828.8264,5774859.5913],[32545835.1654,5774858.9883],[32545849.8624,5774857.5903],[32545872.1378,5774852.0907],[32545890.65,5774845.0921],[32545904.9002,5774837.0944],[32545937.1166,5774809.1038],[32545976.0682,5774771.1171],[32545990.7871,5774752.124],[32546004.5995,5774723.6384],[32546036.3493,5774658.1597],[32546047.0942,5774647.1634],[32546061.3392,5774632.6679],[32546073.0749,5774616.6735],[32546082.2951,5774597.1805],[32546115.8488,5774491.2202],[32546127.295,5774459.7318],[32546149.0439,5774412.2909],[32546178.8509,5774347.2728],[32546190.4927,5774307.2889],[32546194.6769,5774285.2982],[32546197.385,5774260.3092],[32546197.12,5774232.8225],[32546194.9158,5774214.1823],[32546188.0845,5774184.3446],[32546180.4937,5774169.8513],[32546170.6976,5774161.8555],[32546159.1747,5774156.8589],[32546147.6797,5774155.3606],[32546137.4619,5774159.8594],[32546127.2193,5774170.3552],[32546104.4294,5774202.8418],[32546085.0066,5774238.828],[32546074.0236,5774252.3234],[32546059.272,5774263.8201],[32546016.462,5774282.3169],[32545974.8869,5774296.3156],[32545942.0639,5774302.8164],[32545926.2743,5774304.3175],[32545909.9721,5774301.8201],[32545892.3962,5774292.3259],[32545877.0575,5774276.3341],[32545866.9773,5774258.3424],[32545856.8536,5774225.8569],[32545854.8048,5774211.3631],[32545856.5069,5774193.8702],[32545861.4689,5774176.8767],[32545870.9535,5774163.3813],[32545884.4591,5774153.384],[32545928.2563,5774131.3887],[32545937.5061,5774123.8909],[32545944.2406,5774113.8945],[32545952.4441,5774093.9021],[32545940.8687,5774079.9091],[32545918.4933,5774058.9201],[32545892.8616,5774038.4312],[32545870.5097,5774024.4393],[32545810.2814,5774000.955],[32545773.1501,5773989.4635],[32545741.0493,5773983.4692],[32545716.743,5773984.971],[32545699.2135,5773989.4708],[32545684.7012,5773996.9691],[32545679.3981,5773984.4748],[32545676.09,5773968.9816],[32545675.5272,5773949.9896],[32545678.9624,5773927.4987],[32545687.1602,5773905.5072],[32545699.3805,5773887.5135],[32545713.3643,5773872.5185],[32545757.5803,5773829.0327],[32545774.8562,5773815.5375],[32545793.6065,5773807.5393],[32545813.6073,5773804.5387],[32545858.6928,5773804.5352],[32545912.0284,5773807.5312],[32546019.9651,5773806.0229],[32546041.2705,5773803.0207],[32546058.3097,5773794.0207],[32546070.8306,5773780.0232],[32546078.3225,5773760.0294],[32546078.2774,5773739.0378],[32546069.4543,5773721.5464],[32546054.6188,5773707.5537],[32546039.9921,5773698.3879],[32546030.9336,5773693.0057],[32545965.4293,5773654.0856],[32545948.3441,5773643.0923],[32545933.012,5773630.5992],[32545918.6731,5773613.6076],[32545909.6019,5773596.6154],[32545905.3069,5773584.1209],[32545904.277,5773573.6253],[32545909.4714,5773548.1359],[32545922.3745,5773504.1543],[32545941.587,5773462.1744],[32545953.9996,5773442.6833],[32545958.402,5773428.6888],[32545958.9948,5773404.1985],[32545950.8379,5773327.7282],[32545954.1224,5773316.2669],[32545961.3078,5773309.735],[32545973.3404,5773305.7357],[32545978.1851,5773305.357],[32545986.1452,5773304.7349],[32546029.0955,5773313.2275],[32546070.2992,5773324.719],[32546082.612,5773332.7145],[32546096.4329,5773346.2076],[32546109.7511,5773363.1992],[32546123.2637,5773385.3019],[32546136.6378,5773407.1782],[32546146.4375,5773419.1722],[32546159.0011,5773430.6661],[32546177.8472,5773442.1596],[32546228.8659,5773462.1464],[32546213.3716,5773377.723],[32546205.5354,5773324.7061],[32546198.4921,5773249.7378],[32546193.1994,5773218.7512],[32546186.1419,5773189.7638],[32546167.7041,5773138.2869],[32546100.2511,5773137.2494],[32546038.5935,5773136.301],[32545966.2305,5773140.806],[32545903.9353,5773141.8112],[32545872.7913,5773142.3138],[32545845.4233,5773143.8156],[32545821.0748,5773147.3164],[32545785.1942,5773157.3153],[32545763.1153,5773159.8162],[32545736.6001,5773157.4288],[32545701.8341,5773154.2985],[32545652.9697,5773154.4701],[32545619.9093,5773156.672],[32545577.7237,5773163.8208],[32545586.4213,5772215.7029],[32545590.7703,5771740.9804],[32545642.5081,5771776.4991],[32545710.5246,5771798.268],[32545747.7108,5771803.2096],[32545821.6232,5771813.0317],[32545828.9391,5771827.5246],[32545828.7312,5771840.5189],[32545818.4913,5771851.5149],[32545800.2195,5771859.0133],[32545762.6587,5771869.5121],[32545753.4529,5771873.8904],[32545746.8932,5771877.0102],[32545735.1493,5771888.0065],[32545728.1796,5771902.5007],[32545726.4743,5771916.9944],[32545730.2763,5771929.4886],[32545748.4708,5771943.7191],[32545784.0119,5771960.1377],[32545833.1886,5771976.958],[32545875.1021,5771985.535],[32545904.7015,5771993.8262],[32545931.7153,5772003.5512],[32545953.398,5772017.0373],[32545970.075,5772033.8067],[32545988.5774,5772076.5625],[32546123.0386,5772210.7406],[32546141.2069,5772234.658],[32546150.2915,5772235.4838],[32546162.2416,5772241.6614],[32546195.3025,5772252.6781],[32546223.7151,5772262.1459],[32546244.3034,5772273.139],[32546265.9057,5772287.6304],[32546285.7619,5772304.6209],[32546318.4859,5772347.5986],[32546341.8853,5772375.084],[32546366.7838,5772401.0699],[32546388.9055,5772421.0587],[32546527.5888,5772521.9989],[32546616.264,5772582.9618],[32546816.4521,5772713.8801],[32546862.9137,5772742.3617],[32547017.0938,5772830.3031],[32547174.7956,5772915.0543],[32547364.3519,5773021.1708],[32547696.8352,5773216.0335],[32547781.0404,5773269.7266],[32547866.8727,5773324.4572],[32547930.1497,5773359.9308],[32547990.3959,5773388.4078],[32548052.8714,5773408.8879],[32548119.845,5773425.369],[32548193.3997,5773440.0443],[32548239.9775,5773449.3373],[32548368.4072,5773481.2997],[32548457.212,5773505.7723],[32548506.3674,5773515.2588],[32548555.2605,5773521.2469],[32548595.3633,5773521.7391],[32548631.4475,5773519.7332],[32548692.8619,5773520.0193],[32548734.4587,5773520.213],[32548762.2671,5773516.7091],[32548797.8335,5773509.7054],[32548850.4212,5773496.2012],[32548879.4628,5773486.6997],[32548896.4709,5773476.2013],[32548910.2008,5773459.7062],[32548917.4126,5773442.7127],[32548919.6268,5773430.218],[32548912.593,5773349.7569],[32548912.0167,5773326.268],[32548917.2069,5773303.2776],[32548930.161,5773278.2866],[32548943.2417,5773259.5691],[32548974.3425,5773220.8041],[32549003.0652,5773188.8131],[32549038.2967,5773154.3216],[32549076.79,5773120.829],[32549108.7919,5773095.3341],[32549137.0531,5773075.837],[32549158.8206,5773057.3082],[32549178.2955,5773039.8447],[32549234.8117,5772998.8513],[32549262.3098,5772975.8559],[32549286.037,5772949.3629],[32549304.7464,5772921.3716],[32549321.6901,5772889.8823],[32549336.6557,5772866.8895],[32549353.138,5772847.8946],[32549373.396,5772833.8965],[32549395.6816,5772826.8945],[32549419.4853,5772824.3903],[32549472.8786,5772825.8773],[32549602.2428,5772834.8427],[32549695.6855,5772897.7911],[32549724.0792,5772919.7741],[32549781.6598,5772976.7337],[32549838.811,5773034.8604],[32549898.0886,5773095.1497],[32549999.0507,5773195.3338],[32550100.5027,5773296.0041],[32550138.7114,5773330.4779],[32550210.5742,5773385.933],[32550253.0456,5773420.9051],[32550288.2385,5773452.8807],[32550315.1729,5773488.8566],[32550336.62,5773533.3301],[32550352.0419,5773574.8065],[32550360.6564,5773603.7907],[32550371.8045,5773662.0831],[32550383.2491,5773727.2649],[32550401.2301,5773829.6745],[32550409.8481,5773864.5734],[32550414.4344,5773883.1459],[32550459.2615,5774028.0658],[32550437.3127,5774062.056],[32550423.0864,5774081.0512],[32550425.8719,5774102.0939],[32550427.4526,5774114.0346],[32550441.8173,5774156.4121],[32550469.9693,5774239.4641],[32550443.8774,5774382.9042],[32550345.9623,5774435.8707],[32550289.5129,5774466.4067],[32550362.5645,5774750.0629],[32550382.9478,5774829.2102],[32550386.5459,5774856.1964],[32550386.8743,5774879.6853],[32550366.7938,5774870.6949],[32550346.2369,5774869.2011],[32550325.9488,5774873.2045],[32550230.6822,5774912.2388],[32550197.7978,5774925.7128],[32550146.659,5774943.5704],[32550136.2128,5774947.2182],[32550128.788,5774975.7065],[32550122.3854,5775010.1916],[32550113.6054,5775083.6585],[32550112.9591,5775115.6434],[32550121.051,5775170.9933],[32550126.0368,5775205.097],[32550126.4144,5775243.5784],[32550121.2764,5775281.5613],[32550109.9302,5775337.0374],[32550108.2564,5775361.526],[32550108.8714,5775396.0091],[32550113.5013,5775431.9905],[32550123.6173,5775459.4748],[32550139.9861,5775482.9594],[32550181.7613,5775534.4242],[32550200.1186,5775552.9107],[32550217.2442,5775577.8943],[32550234.1553,5775613.8727],[32550252.3558,5775660.8453],[32550258.2861,5775683.9885],[32550267.0818,5775718.3139],[32550299.4961,5775743.2938],[32550326.3933,5775767.2755],[32550348.0303,5775792.2579],[32550364.6677,5775821.2397],[32550382.0783,5775856.7182],[32550411.3889,5775928.6761],[32550430.6526,5775994.1394],[32550440.2904,5776041.4059],[32550445.4277,5776066.6007],[32550456.0694,5776101.5811],[32550470.9867,5776141.0582],[32550488.4055,5776179.0355],[32550507.0577,5776211.0153],[32550526.4422,5776236.9979],[32550548.0561,5776254.9839],[32550572.6467,5776263.4737],[32550577.6119,5776248.9794],[32550584.3397,5776236.9836],[32550600.5874,5776223.7362],[32550616.8357,5776210.4883],[32550628.3869,5776195.4935],[32550639.7794,5776175.4995],[32550648.2074,5776147.0111],[32550648.6035,5776115.0264],[32550643.4921,5776085.0422],[32550635.1455,5776062.0552],[32550655.4504,5776063.0497],[32550673.742,5776061.5456],[32550709.293,5776049.5423],[32550731.0802,5776044.0394],[32550757.3823,5776039.5347],[32550787.4521,5776037.5278],[32550816.7799,5776038.5197],[32550851.1574,5776044.1821],[32550892.5131,5776050.9938],[32550922.0916,5776051.9855],[32550952.1564,5776048.4791],[32551005.2517,5776036.4705],[32551029.0308,5776026.9685],[32551079.3197,5775999.9675],[32551080.2184,5775968.4822],[32551084.6425,5775941.9933],[32551094.3448,5775920.0009],[32551106.8107,5775900.0069],[32551117.5121,5775877.0147],[32551133.8892,5775827.0334],[32551139.0718,5775802.5435],[32551140.9993,5775779.0539],[32551139.6801,5775759.0635],[32551134.623,5775745.5713],[32551124.8251,5775738.5773],[32551110.2767,5775735.0831],[32551074.9387,5775735.5928],[32551012.0473,5775741.1077],[32550971.9473,5775741.6186],[32550943.6124,5775737.6282],[32550928.307,5775732.6348],[32550911.7355,5775723.6436],[32550894.8885,5775707.156],[32550879.781,5775686.17],[32550867.9254,5775663.1841],[32550858.3171,5775637.6987],[32550856.5019,5775631.1056],[32550850.1995,5775608.2149],[32550846.3458,5775579.7293],[32550847.5331,5775559.7385],[32550852.244,5775544.2445],[32550867.6727,5775510.7561],[32550883.621,5775482.7648],[32550902.8423,5775459.2705],[32550923.0943,5775444.2718],[32550943.8689,5775435.77],[32550965.163,5775432.7654],[32550986.7208,5775433.7589],[32551009.3028,5775441.249],[32551032.9104,5775455.7354],[32551056.279,5775473.7204],[32551077.6439,5775492.2057],[32551101.2765,5775515.2481],[32551145.2828,5775558.1555],[32551158.3423,5775566.1481],[32551170.3745,5775566.6444],[32551180.3768,5775559.6448],[32551187.0961,5775545.1496],[32551196.5707,5775530.1538],[32551211.8314,5775521.6532],[32551229.1121,5775517.6501],[32551243.395,5775516.6464],[32551258.4446,5775520.1404],[32551285.8088,5775533.6262],[32551313.1724,5775547.1118],[32551338.5478,5775565.5959],[32551376.7549,5775599.0692],[32551427.2895,5775646.5324],[32551471.0475,5775784.9018],[32551521.003,5775942.869],[32551502.2041,5775917.0536],[32551464.6049,5775865.421],[32551455.7788,5775849.0548],[32551389.9598,5775727.0064],[32551368.7958,5775693.528],[32551351.1886,5775674.542],[32551335.1214,5775666.5504],[32551319.0792,5775666.0552],[32551305.5547,5775669.0578],[32551296.7956,5775673.0584],[32551290.8019,5775679.5573],[32551286.0761,5775690.5535],[32551283.1229,5775707.0467],[32551285.7711,5775750.0261],[32551293.188,5775795.0032],[32551323.106,5775898.9465],[32551363.4379,5775997.8654],[32551380.9698,5776040.8644],[32551386.8037,5776061.853],[32551391.3992,5776087.34],[32551393.2475,5776115.8262],[32551391.3313,5776136.2611],[32551390.3419,5776146.8128],[32551382.6612,5776173.8025],[32551366.5099,5776216.2873],[32551365.0851,5776240.2766],[32551369.5296,5776260.0187],[32551370.9354,5776266.263],[32551382.796,5776290.7483],[32551383.2622,5776291.3792],[32551399.4121,5776313.2333],[32551419.5355,5776335.2176],[32551449.1928,5776360.1979],[32551530.3378,5776417.6489],[32551570.7594,5776438.6279],[32551607.9063,5776454.6102],[32551644.2798,5776464.0957],[32551740.549,5776471.5651],[32551770.8924,5776476.5543],[32551793.2222,5776483.5448],[32551816.8182,5776494.5331],[32551859.9277,5776494.5206],[32551870.1907,5776490.5195],[32551874.1745,5776482.522],[32551874.3889,5776471.5267],[32551884.0762,5776461.3325],[32551890.1078,5776454.9853],[32551898.6167,5776446.0312],[32551931.0889,5776488.5028],[32551961.7884,5776525.4774],[32552027.1926,5776597.9264],[32552107.2342,5776700.8578],[32552132.0056,5776739.6633],[32552181.5555,5776817.2854],[32552214.8897,5776893.2427],[32552232.0827,5776938.7181],[32552232.902,5776941.3907],[32552245.2572,5776981.6957],[32552254.415,5777022.6753],[32552261.8248,5777065.6546],[32552271.1157,5777147.1167],[32552271.9892,5777184.1004],[32552269.8502,5777219.5856],[32552265.9468,5777252.0726],[32552260.5265,5777280.5617],[32552251.3366,5777306.0531],[32552238.379,5777329.0466],[32552222.1631,5777352.0409],[32552206.1699,5777366.5389],[32552193.4367,5777381.5357],[32552181.7159,5777399.5309],[32552174.5015,5777416.0255],[32552164.8498,5777453.5116],[32552156.6444,5777473.5051],[32552146.1651,5777488.0014],[32552132.9224,5777500.4993],[32552118.6869,5777515.9961],[32552112.2113,5777528.4923],[32552104.2547,5777552.031],[32552079.9415,5777623.9584],[32552059.5383,5777669.4433],[32552040.3014,5777688.4396],[32552014.7952,5777706.4379],[32551983.5242,5777724.4374],[32551965.0015,5777731.9385],[32551942.437,5777735.9423],[32551920.4007,5777735.9476],[32551892.8189,5777732.4558],[32551860.9564,5777722.9677],[32551828.5829,5777710.4811],[32551783.1549,5777691.5006],[32551765.0762,5777681.5095],[32551706.5494,5777642.5413],[32551681.4394,5777628.5537],[32551654.3409,5777619.5642],[32551579.5943,5777602.5899],[32551490.0698,5777588.6174],[32551461.472,5777581.1276],[32551435.8756,5777571.6381],[32551409.2456,5777552.6532],[32551380.327,5777523.6736],[32551355.1649,5777493.6936],[32551293.7175,5777404.7501],[32551239.3502,5777334.7961],[32551214.709,5777310.8133],[32551143.0686,5777247.3605],[32551061.338,5777183.2435],[32551022.7025,5777152.9343],[32550992.2883,5777126.4542],[32550935.6302,5777066.9425],[32550888.4717,5777040.4361],[32550847.1966,5777008.686],[32550813.8061,5776970.2373],[32550791.8761,5776932.2609],[32550783.8788,5776915.2101],[32550760.7024,5776903.7009],[32550713.0773,5776903.7009],[32550690.5602,5776931.7668],[32550691.1344,5776936.9944],[32550675.9963,5776976.2344],[32550646.2259,5776996.0983],[32550624.4557,5777007.0979],[32550604.6033,5777012.3267],[32550594.5743,5777013.8951],[32550542.0469,5777022.1095],[32550509.7874,5777030.1162],[32550484.8197,5777039.6226],[32550468.1317,5777052.6263],[32550456.2193,5777070.6277],[32550453.0172,5777079.4291],[32550390.7605,5777160.5091],[32550377.6264,5777192.4836],[32550367.0011,5777253.1537],[32550369.7254,5777277.1486],[32550378.4845,5777303.1395],[32550391.5794,5777329.1278],[32550406.9438,5777352.6152],[32550459.7806,5777415.5752],[32550524.4105,5777482.528],[32550616.8958,5777559.9641],[32550633.5952,5777598.0354],[32550675.5912,5777698.4161],[32550659.8736,5777675.4176],[32550603.0518,5777661.2325],[32550543.8775,5777669.1979],[32550430.8497,5777708.6933],[32550455.2068,5777710.9293],[32550487.0582,5777716.9337],[32550513.4831,5777723.7437],[32550516.1573,5777724.4329],[32550535.2337,5777732.9278],[32550544.0509,5777746.9169],[32550547.8838,5777769.8959],[32550545.9582,5777794.8684],[32550538.761,5777817.3383],[32550497.1493,5777894.7186],[32550490.5425,5777945.1631],[32550485.0616,5777955.6534],[32550472.561,5777965.6559],[32550454.9386,5777970.7399],[32550430.8589,5777965.2159],[32550406.9964,5777949.213],[32550388.3799,5777927.7352],[32550373.2567,5777901.2767],[32550360.8795,5777871.3222],[32550348.5761,5777835.2471],[32550337.9168,5777793.78],[32550321.8857,5777718.355],[32550313.9246,5777658.4259],[32550306.0638,5777629.9586],[32550289.4383,5777603.9834],[32550268.5628,5777581.5015],[32550228.8575,5777543.7421],[32550233.9403,5777600.1346],[32550232.8799,5777617.4666],[32550289.8686,5777691.9877],[32550309.4849,5777774.3715],[32550305.5632,5777856.7556],[32550262.4106,5777931.2942],[32550223.1803,5777950.9104],[32550152.9765,5777950.9114],[32550257.2208,5778063.4188],[32550271.5027,5778077.0544],[32550368.0883,5778116.9033],[32550378.1929,5778121.0722],[32550395.8248,5778129.7812],[32550428.1603,5778186.4292],[32550430.6623,5778195.4055],[32550419.0203,5778239.4229],[32550411.8336,5778257.5424],[32550353.4873,5778305.0474],[32550283.2494,5778397.9983],[32550229.9593,5778479.6131],[32550184.157,5778581.1943],[32550183.59,5778596.4969],[32550180.8947,5778610.8028],[32550177.1076,5778619.635],[32550168.0238,5778633.1238],[32550152.2299,5778647.4513],[32550139.8705,5778651.4264],[32549918.9693,5778606.1874],[32549689.7558,5778481.7327],[32549650.3633,5778456.8821],[32549594.5005,5778399.263],[32549552.6939,5778398.863],[32549524.3128,5778398.5915],[32549461.5989,5778440.8799],[32549459.4508,5778444.7725],[32549457.9291,5778463.9813],[32549459.4921,5778504.8302],[32549461.38,5778508.993],[32549493.3939,5778538.2979],[32549488.8411,5778546.6815],[32549481.9375,5778578.6558],[32549481.7962,5778610.1273],[32549492.6588,5778636.1052],[32549515.286,5778657.5883],[32549541.9214,5778672.5375],[32549497.0693,5778704.797],[32549477.5585,5778706.2993],[32549372.0792,5778705.5964],[32549355.5496,5778695.209],[32549308.2917,5778657.0534],[32549300.0229,5778651.8715],[32549280.8499,5778649.4147],[32549225.0167,5778650.107],[32549215.4166,5778651.6596],[32549202.0208,5778657.9272],[32549153.8557,5778686.5395],[32549072.744,5778660.1993],[32548996.394,5778582.6458],[32548925.1256,5778582.6469],[32548922.234,5778614.4613],[32548902.3504,5778638.3225],[32548882.4666,5778654.2302],[32548850.652,5778662.1842],[32548810.884,5778662.1848],[32548751.2321,5778662.1857],[32548699.5339,5778678.0937],[32548655.7894,5778717.8625],[32548612.0449,5778745.7008],[32548544.6553,5778736.0748],[32548542.0381,5778725.6674],[32548524.9177,5778703.684],[32548502.8379,5778691.6947],[32548472.8559,5778689.2004],[32548472.8551,5778630.3754],[32548492.7381,5778566.7461],[32548501.7881,5778523.001],[32548448.9925,5778523.0018],[32548421.155,5778530.9559],[32548401.2715,5778562.7706],[32548397.295,5778586.6315],[32548389.3417,5778610.4926],[32548313.783,5778658.2153],[32548266.0616,5778666.1696],[32548226.2933,5778646.2861],[32548174.8039,5778617.6821],[32548172.674,5778620.8768],[32548171.0732,5778623.2777],[32548165.8138,5778626.776],[32548151.7819,5778634.273],[32548131.4777,5778642.271],[32548108.1608,5778647.7712],[32548078.3142,5778646.7765],[32548039.9323,5778638.7871],[32547996.777,5778624.302],[32547909.1807,5778581.3393],[32547849.6308,5778557.433],[32547793.7026,5778570.2512],[32547780.4734,5778609.9388],[32547801.6401,5778689.3139],[32547841.2647,5778782.7855],[32547847.0771,5778786.8467],[32547938.5644,5778923.3426],[32548150.21,5779082.1133],[32548133.695,5779115.1659],[32548132.7276,5779114.6382],[32548142.7887,5779226.9015],[32548206.4195,5779358.1353],[32548239.3427,5779486.5284],[32548239.5952,5779487.513],[32548326.8897,5779499.4154],[32548505.4962,5779644.6516],[32548604.1346,5779741.8151],[32548590.4628,5779816.8529],[32548362.2152,5779900.1086],[32548370.1527,5779963.6088],[32548421.1292,5780007.3533],[32548478.2793,5780102.6035],[32548476.1626,5780178.8036],[32548444.4125,5780255.0038],[32548406.3125,5780318.5039],[32548340.5606,5780351.8434],[32548300.0159,5780341.1488],[32548287.7316,5780352.9],[32548276.2581,5780363.8757],[32548268.1185,5780371.662],[32548251.1301,5780415.6822],[32548251.5243,5780435.6488],[32548288.0549,5780473.6979],[32548404.7212,5780577.7318],[32548475.1812,5780609.9264],[32548499.4538,5780633.3944],[32548518.6381,5780660.5529],[32548569.0704,5780695.5551],[32548575.0868,5780724.896],[32548578.2124,5780761.8717],[32548576.3016,5780791.3522],[32548569.616,5780816.8352],[32548557.404,5780838.3208],[32548538.6677,5780857.3078],[32548510.9088,5780876.2948],[32548476.3799,5780894.2822],[32548440.3422,5780910.771],[32548377.5171,5780937.2534],[32548344.1212,5780955.1068],[32548311.2129,5780976.702],[32548295.7174,5780989.3184],[32548235.2567,5781042.6469],[32548212.2433,5781066.1287],[32548162.3921,5781128.1626],[32548127.8515,5781161.8448],[32548102.2354,5781183.6606],[32548076.5289,5781202.6602],[32548051.0274,5781215.6565],[32548022.7182,5781224.9844],[32547928.0716,5781328.6481],[32547896.2578,5781380.347],[32547856.6854,5781449.6012],[32547862.3107,5781463.5086],[32547866.1513,5781488.4966],[32547866.0696,5781493.702],[32547865.7357,5781514.9847],[32547859.793,5781537.4755],[32547835.3541,5781575.9623],[32547832.5983,5781579.474],[32547821.625,5781593.457],[32547794.0519,5781623.0275],[32547769.4208,5781649.4429],[32547704.7032,5781711.4305],[32547622.7053,5781777.9205],[32547582.8602,5781805.7996],[32547577.4348,5781898.0569],[32547585.7199,5781889.8886],[32547606.7276,5781875.3902],[32547630.5006,5781863.3906],[32547657.5383,5781853.3897],[32547714.514,5781837.0809],[32547748.4284,5781823.8852],[32547793.2234,5781801.8856],[32547818.2285,5781783.3881],[32547849.2167,5781754.8932],[32547886.9417,5781716.9013],[32547886.6423,5781779.379],[32547883.5521,5781806.8526],[32547882.7973,5781813.5627],[32547863.3807,5781949.825],[32547815.1218,5781985.8207],[32547763.3198,5782011.3203],[32547736.3077,5782029.3185],[32547712.3244,5782053.8138],[32547694.8837,5782086.3053],[32547683.9775,5782124.2937],[32547678.089,5782163.7806],[32547676.452,5782200.2679],[32547678.5584,5782231.7562],[32547693.0576,5782297.7301],[32547696.1957,5782338.2146],[32547689.0698,5782382.6985],[32547674.1804,5782429.1823],[32547636.4174,5782533.6445],[32547594.8562,5782626.1102],[32547452.9708,5782776.5573]],[[32550034.5657,5773683.8412],[32550013.7634,5773684.3464],[32549993.7321,5773690.8485],[32549976.7134,5773698.8491],[32549961.9603,5773709.8478],[32549951.9804,5773724.3436],[32549945.0197,5773742.3369],[32549941.825,5773762.3284],[32549942.3869,5773781.3193],[32549949.215,5773800.3087],[32549962.5616,5773819.7962],[32549978.4051,5773836.2844],[32549993.4759,5773846.2759],[32550007.5267,5773850.7701],[32550036.6116,5773853.7612],[32550081.6903,5773841.7551],[32550096.7085,5773835.2542],[32550115.9686,5773822.755],[32550133.717,5773807.7573],[32550143.4493,5773794.2611],[32550146.4093,5773779.2673],[32550144.84,5773758.7773],[32550136.2446,5773735.7903],[32550117.8739,5773712.8058],[32550091.0002,5773695.8208],[32550061.6455,5773686.8326],[32550034.5657,5773683.8412]],[[32547809.2507,5775407.0647],[32547783.2,5775407.5775],[32547734.0832,5775415.584],[32547696.1442,5775417.5859],[32547679.7843,5775420.0914],[32547664.9286,5775430.5968],[32547654.8745,5775450.5997],[32547652.9142,5775477.5964],[32547663.2936,5775508.5851],[32547685.6949,5775536.0695],[32547714.5733,5775555.0537],[32547744.6902,5775565.5384],[32547770.8073,5775569.0247],[32547789.1586,5775567.5148],[32547802.2433,5775564.0081],[32547829.4348,5775551.4992],[32547846.0204,5775541.5019],[32547860.1058,5775527.5211],[32547871.5294,5775510.0173],[32547881.7178,5775489.5154],[32547886.1456,5775467.5166],[32547881.4159,5775445.5329],[32547869.8897,5775427.5485],[32547853.7627,5775416.0532],[32547833.5826,5775410.0535],[32547809.2507,5775407.0647]],[[32548296.0685,5775944.7266],[32548262.3314,5775947.2408],[32548253.3292,5775949.5196],[32548228.8,5775955.7288],[32548203.6196,5775970.7363],[32548187.0119,5775989.745],[32548177.7567,5776011.2483],[32548174.5819,5776034.2454],[32548180.1966,5776056.2369],[32548196.0535,5776074.7252],[32548217.8858,5776088.2129],[32548242.1967,5776094.7007],[32548256.3113,5776095.1782],[32548271.2851,5776095.6848],[32548342.9628,5776093.6415],[32548373.6518,5776091.6331],[32548400.3856,5776087.6468],[32548423.0961,5776080.1356],[32548438.0856,5776070.6287],[32548448.061,5776058.6254],[32548455.2623,5776040.6243],[32548461.5635,5776015.1529],[32548461.9819,5775989.2045],[32548452.9028,5775971.727],[32548437.3259,5775960.2299],[32548419.2584,5775953.7195],[32548395.6847,5775949.6983],[32548332.8944,5775945.7064],[32548296.0685,5775944.7266]],[[32547932.592,5774994.7691],[32547909.7358,5774996.7742],[32547836.0864,5775009.7855],[32547819.0613,5775015.7863],[32547807.5713,5775028.283],[32547793.91,5775067.2679],[32547786.681,5775079.7631],[32547773.4381,5775092.7575],[32547742.9178,5775111.2413],[32547728.667,5775118.005],[32547701.8735,5775130.7217],[32547736.5045,5775143.715],[32547746.4832,5775149.0115],[32547762.8675,5775157.7079],[32547780.4671,5775174.6973],[32547787.5556,5775196.6813],[32547791.1428,5775221.1642],[32547792.7376,5775249.6801],[32547806.5329,5775252.6443],[32547819.316,5775252.6439],[32547832.5909,5775249.6467],[32547841.8409,5775242.1535],[32547846.8204,5775231.6627],[32547865.9132,5775166.7116],[32547873.9084,5775149.7937],[32547875.125,5775147.2195],[32547887.3638,5775133.7238],[32547900.8797,5775127.7241],[32547913.4041,5775125.223],[32547981.5633,5775119.7113],[32548001.355,5775116.7078],[32548018.8846,5775111.7054],[32548033.0565,5775102.1066],[32548038.9231,5775094.7061],[32548046.5756,5775072.2116],[32548046.622,5775059.2158],[32548041.8716,5775047.2212],[32548033.5918,5775034.7277],[32547989.0521,5775006.2499],[32547970.1643,5774998.2579],[32547953.0231,5774995.2636],[32547932.592,5774994.7691]],[[32546429.5392,5780515.0884],[32546412.6916,5780523.0834],[32546404.2624,5780527.0835],[32546386.2285,5780531.0826],[32546363.4451,5780539.0801],[32546329.1949,5780566.5688],[32546318.2777,5780601.0528],[32546302.8164,5780625.5423],[32546293.8641,5780647.5326],[32546293.2042,5780676.0193],[32546302.0803,5780708.0037],[32546314.9621,5780738.4886],[32546339.9234,5780783.9659],[32546350.9877,5780794.96],[32546365.5449,5780800.956],[32546381.8452,5780803.4534],[32546398.6389,5780803.4519],[32546413.927,5780802.9508],[32546427.4524,5780799.9509],[32546436.1499,5780794.1569],[32546440.2082,5780791.4535],[32546453.6868,5780773.96],[32546479.6235,5780733.4762],[32546493.1151,5780719.9813],[32546508.8802,5780711.9836],[32546557.4642,5780698.9857],[32546582.7444,5780687.9891],[32546600.4936,5780673.4951],[32546609.7046,5780654.0045],[32546614.8954,5780631.516],[32546617.8224,5780606.5293],[32546615.7913,5780598.5337],[32546609.952,5780575.5467],[32546551.0456,5780554.0274],[32546516.4527,5780541.3901],[32546429.5392,5780515.0884]],[[32551188.0339,5776819.053],[32551167.7125,5776813.061],[32551148.4019,5776809.5675],[32551128.349,5776809.0728],[32551104.5499,5776812.5771],[32551080.7638,5776820.0795],[32551061.7267,5776823.5825],[32551042.4242,5776822.5878],[32551022.1044,5776817.0955],[32551000.0104,5776805.6064],[32550980.4031,5776788.1196],[32550967.3011,5776767.1329],[32550957.9488,5776743.1468],[32550948.4949,5776764.6388],[32550943.5052,5776771.6367],[32550925.7425,5776781.6362],[32550912.4667,5776784.1383],[32550897.1695,5776781.6432],[32550871.067,5776770.6549],[32550860.2828,5776768.6585],[32550848.5126,5776771.6599],[32550837.2583,5776779.1591],[32550829.2787,5776791.6548],[32550826.3284,5776809.1471],[32550829.9126,5776832.1351],[32550840.2755,5776858.6199],[32550855.9003,5776884.6035],[32550875.0308,5776909.5869],[32550896.6644,5776933.57],[32550925.3274,5776961.0499],[32550962.0256,5776993.0258],[32550999.9738,5777024.0018],[32551031.8804,5777046.983],[32551059.2526,5777062.9688],[32551111.4627,5777086.445],[32551147.0602,5777088.4354],[32551182.9018,5777088.4267],[32551223.2449,5777085.4183],[32551256.8029,5777076.914],[32551279.0639,5777062.9151],[32551294.5446,5777044.9197],[32551307.0143,5777025.9255],[32551323.4941,5777006.9304],[32551343.4862,5776988.9338],[32551367.4885,5776970.936],[32551325.3221,5776952.9552],[32551289.1679,5776933.9733],[32551258.0149,5776911.4917],[32551232.8608,5776884.011],[32551210.4539,5776853.531],[32551188.0339,5776819.053]],[[32549113.5993,5776698.14],[32549097.6405,5776721.6445],[32549082.4757,5776751.6476],[32549069.8109,5776785.1405],[32549061.7169,5776820.6144],[32549060.764,5776831.0252],[32549058.4222,5776856.6109],[32549058.4411,5776892.1104],[32549063.9657,5776960.5969],[32549071.4236,5776995.0814],[32549084.3918,5777032.5602],[32549118.9401,5777115.0098],[32549135.0403,5777157.9809],[32549147.413,5777198.9558],[32549159.1096,5777249.4238],[32549184.2129,5777261.9128],[32549212.8115,5777270.4032],[32549249.9425,5777273.3941],[32549284.5533,5777269.8911],[32549311.9696,5777261.8882],[32549339.6407,5777247.8849],[32549413.7833,5777203.3388],[32549468.811,5777165.346],[32549478.2386,5777143.8441],[32549483.1637,5777121.3458],[32549481.8208,5777094.8521],[32549470.457,5777068.3642],[32549453.3395,5777045.3786],[32549430.7111,5777023.396],[32549271.0886,5776879.0156],[32549240.1764,5776853.0382],[32549220.0522,5776830.554],[32549182.8011,5776782.5846],[32549163.7861,5776752.0472],[32549145.7727,5776723.1182],[32549131.1873,5776709.6285],[32549119.7517,5776701.743],[32549113.5993,5776698.14]],[[32548287.4255,5775203.0933],[32548278.8599,5775204.0962],[32548276.4135,5775205.5003],[32548269.4929,5775209.4722],[32548256.8915,5775221.5988],[32548240.6884,5775241.5979],[32548223.1938,5775265.0958],[32548196.9979,5775305.8434],[32548170.0556,5775356.5756],[32548149.9061,5775404.5583],[32548133.0292,5775457.0293],[32548119.9028,5775506.4842],[32548111.0117,5775547.9498],[32548108.0322,5775586.0088],[32548110.4219,5775627.9579],[32548118.8368,5775672.8884],[32548134.3759,5775719.8487],[32548150.0548,5775758.8342],[32548170.7409,5775796.3172],[32548180.561,5775809.31],[32548195.6336,5775820.3002],[32548217.2066,5775827.7876],[32548243.5271,5775831.273],[32548301.8115,5775830.3113],[32548333.8772,5775824.8494],[32548402.5794,5775803.2808],[32548428.8608,5775791.7985],[32548444.6087,5775778.3155],[32548452.3199,5775759.8329],[32548454.5072,5775738.3486],[32548454.1801,5775714.3617],[32548450.5897,5775688.8745],[32548443.7377,5775662.3879],[32548427.2925,5775614.4123],[32548423.212,5775592.4223],[32548422.888,5775569.4316],[32548427.232,5775522.79],[32548431.1278,5775480.9608],[32548430.8512,5775456.4687],[32548426.9195,5775428.9785],[32548415.1767,5775397.492],[32548396.6298,5775363.0086],[32548311.7445,5775229.8335],[32548299.7451,5775213.586],[32548297.612,5775211.7693],[32548291.118,5775206.2382],[32548287.4255,5775203.0933]],[[32549132.4303,5773888.4584],[32549108.1356,5773893.4613],[32549089.1157,5773901.9613],[32549074.3649,5773912.9593],[32549047.645,5773942.451],[32548969.4336,5774013.9333],[32548937.9316,5774037.4287],[32548862.6396,5774082.4227],[32548834.8804,5774100.9195],[32548817.1448,5774118.9145],[32548805.4261,5774137.408],[32548800.4744,5774155.9002],[32548802.0294,5774171.3925],[32548818.6933,5774208.3715],[32548832.0429,5774228.3594],[32548848.6409,5774245.3479],[32548870.4956,5774260.3363],[32548900.1216,5774275.8229],[32548938.5166,5774290.3082],[32548985.9245,5774301.793],[32549024.5453,5774308.7816],[32549055.3075,5774317.4836],[32549072.2103,5774322.2651],[32549095.5342,5774326.7581],[32549121.6068,5774328.7516],[32549147.9233,5774328.746],[32549172.7294,5774326.7416],[32549196.7737,5774321.7388],[32549222.0547,5774311.7381],[32549246.8228,5774298.2391],[32549269.8265,5774281.742],[32549294.0585,5774257.7481],[32549321.773,5774225.7572],[32549372.1889,5774161.7764],[32549387.1474,5774137.7844],[32549393.8432,5774116.2932],[32549395.2841,5774097.3018],[32549393.9696,5774078.8109],[32549388.3811,5774056.3228],[32549377.0082,5774027.8388],[32549349.5037,5773971.8715],[32549335.397,5773950.3848],[32549318.296,5773932.8968],[32549298.9542,5773919.9074],[32549277.3717,5773911.4161],[32549207.3924,5773895.439],[32549166.2673,5773888.951],[32549132.4303,5773888.4584]],[[32546868.8703,5777674.471],[32546891.3845,5777666.976],[32546924.452,5777667.4756],[32546940.9777,5777664.9771],[32546955.7382,5777658.4811],[32546967.9853,5777648.4875],[32546977.474,5777636.4952],[32546983.96,5777625.0026],[32546986.6761,5777609.013],[32546991.4044,5777594.0228],[32546999.3991,5777580.0319],[32547014.1633,5777563.043],[32547019.4889,5777558.7922],[32547035.448,5777546.0542],[32547057.2279,5777532.0634],[32547074.5129,5777524.0686],[32547086.3129,5777514.575],[32547094.6114,5777497.5864],[32547098.1323,5777479.0989],[32547095.6119,5777463.1098],[32547069.2033,5777411.4837],[32547060.084,5777393.6564],[32547052.9905,5777370.1722],[32547052.9134,5777348.1869],[32547063.0359,5777326.7011],[32547079.5929,5777302.7168],[32547093.9116,5777276.7331],[32547107.82,5777246.2522],[32547106.6755,5777172.2827],[32547106.2506,5777144.8223],[32547097.2973,5777087.3615],[32547076.4042,5777059.3804],[32547060.0577,5777042.3915],[32547027.3833,5777014.4091],[32547010.8001,5777001.9169],[32546988.4484,5776988.4248],[32546955.5593,5776971.9346],[32546912.6442,5776956.4446],[32546870.2376,5776946.9493],[32546824.8471,5776939.952],[32546791.4368,5776942.9815],[32546775.2534,5776944.449],[32546761.5174,5776949.9458],[32546735.6816,5776971.9317],[32546716.4016,5777004.4101],[32546709.475,5777020.3994],[32546695.5817,5777089.8527],[32546692.0721,5777124.8293],[32546692.8522,5777156.8083],[32546696.6823,5777183.7907],[32546703.2766,5777209.7738],[32546722.3782,5777225.7637],[32546728.6733,5777235.2575],[32546737.0134,5777259.7415],[32546735.8031,5777277.7296],[32546725.5745,5777302.2132],[32546708.5684,5777324.1983],[32546691.7923,5777335.1906],[32546673.7503,5777339.6873],[32546679.4306,5777393.652],[32546678.7089,5777402.6461],[32546673.5208,5777423.6323],[32546659.0939,5777451.114],[32546658.8234,5777451.3702],[32546631.1394,5777477.596],[32546585.8726,5777504.5764],[32546563.3708,5777522.0626],[32546539.6432,5777548.0417],[32546521.9521,5777580.5164],[32546517.0389,5777611.494],[32546522.1387,5777638.4754],[32546534.4879,5777659.4613],[32546563.1345,5777692.5897],[32546613.9888,5777751.4001],[32546639.8908,5777778.3821],[32546664.2641,5777797.3695],[32546692.8809,5777810.861],[32546724.2291,5777816.359],[32546756.048,5777812.3645],[32546784.3192,5777796.3796],[32546807.0441,5777770.4016],[32546823.9897,5777739.9254],[32546836.4255,5777709.947],[32546850.382,5777687.4623],[32546868.8703,5777674.471]],[[32547523.3556,5777812.866],[32547555.3457,5777812.3648],[32547587.5628,5777814.3617],[32547640.8113,5777820.8537],[32547666.3595,5777819.8525],[32547692.3928,5777814.356],[32547718.6801,5777803.8645],[32547741.6787,5777780.3803],[32547758.8596,5777743.9099],[32547783.4297,5777665.9781],[32547801.3765,5777635.9973],[32547830.8304,5777611.0111],[32547867.5523,5777590.5203],[32547906.8167,5777575.5243],[32547941.0964,5777560.0279],[32547965.8673,5777541.5337],[32547986.1349,5777519.5415],[32547990.8463,5777492.5548],[32547997.8211,5777466.5672],[32548008.0485,5777438.0806],[32547956.9836,5777378.6217],[32547930.8445,5777357.6374],[32547898.1862,5777338.6531],[32547858.5006,5777320.1698],[32547831.1069,5777300.1851],[32547808.9861,5777281.6986],[32547784.5508,5777254.3467],[32547759.4378,5777226.2362],[32547738.3237,5777209.2486],[32547715.4639,5777197.7585],[32547669.5022,5777179.2757],[32547648.1477,5777167.2854],[32547629.0488,5777153.7955],[32547614.4647,5777139.3054],[32547604.1495,5777126.3137],[32547597.5995,5777113.8213],[32547588.2602,5777086.8369],[32547571.3908,5777058.854],[32547563.0915,5777049.8599],[32547545.9988,5777035.8699],[32547524.136,5777020.881],[32547498.7735,5777006.5293],[32547477.1505,5776991.903],[32547440.1724,5776958.2705],[32547402.986,5776924.4485],[32547384.1425,5776912.957],[32547362.7925,5776902.4652],[32547340.4488,5776895.9715],[32547318.6249,5776895.9741],[32547299.8491,5776908.4693],[32547285.1261,5776930.9582],[32547272.4534,5776961.9415],[32547271.0106,5777167.8162],[32547273.6272,5777282.7305],[32547284.0484,5777328.6991],[32547307.0845,5777406.1449],[32547318.5959,5777472.0992],[32547320.2636,5777510.5743],[32547318.3066,5777552.0474],[32547310.476,5777627.4972],[32547309.5705,5777663.4729],[32547312.3462,5777703.4458],[32547317.8743,5777741.9196],[32547325.1947,5777772.8984],[32547338.2983,5777795.8827],[32547357.153,5777813.3705],[32547381.7658,5777827.8601],[32547406.1251,5777831.3572],[32547436.5466,5777829.8574],[32547468.2237,5777824.8599],[32547523.3556,5777812.866]],[[32549381.4535,5778506.2097],[32549386.6454,5778486.2284],[32549393.262,5778444.2591],[32549395.2047,5778427.7666],[32549394.8971,5778412.7738],[32549390.8295,5778397.2824],[32549382.9945,5778379.2931],[32549358.7959,5778340.3187],[32549351.2227,5778325.3279],[32549344.1347,5778306.3388],[32549330.6657,5778256.8649],[32549319.0445,5778231.3798],[32549296.6162,5778195.2578],[32549286.7887,5778181.4123],[32549264.6487,5778156.4308],[32549236.9971,5778131.4511],[32549207.3492,5778108.4714],[32549158.1301,5778077.0019],[32549144.3045,5778064.512],[32549134.9897,5778052.5204],[32549128.1259,5778026.5338],[32549126.5433,5778005.5432],[32549132.7443,5777988.548],[32549146.7394,5777978.047],[32549164.259,5777971.043],[32549181.7953,5777968.0373],[32549204.8779,5777972.1801],[32549217.9162,5777974.5202],[32549226.9367,5777972.5172],[32549250.4663,5777957.0133],[32549283.7696,5777939.1414],[32549290.5466,5777935.5046],[32549336.7943,5777962.6757],[32549374.7097,5777984.9515],[32549397.8313,5778001.9356],[32549416.9422,5778020.4208],[32549446.8776,5778054.3955],[32549463.4678,5778067.8837],[32549484.0661,5778078.8712],[32549508.9268,5778088.8574],[32549581.8484,5778135.216],[32549706.1426,5778214.2339],[32549739.3063,5778237.7127],[32549767.1853,5778255.1963],[32549791.2765,5778264.6847],[32549813.0811,5778265.1762],[32549829.3961,5778262.4861],[32549831.0384,5778262.2152],[32549861.1631,5778254.1669],[32549880.9372,5778246.193],[32549897.697,5778236.2034],[32549913.9442,5778222.7],[32549927.6725,5778205.7084],[32549936.8796,5778185.7203],[32549941.3167,5778163.235],[32549940.743,5778141.2502],[32549935.6647,5778121.2644],[32549925.5869,5778105.2763],[32549904.4753,5778087.2904],[32549816.0349,5778020.3438],[32549800.4418,5778003.8565],[32549786.0854,5777982.3724],[32549773.7273,5777958.8898],[32549763.6182,5777933.4082],[32549759.7155,5777914.5072],[32549755.4679,5777893.9362],[32549747.7657,5777838.4741],[32549741.1205,5777778.9872],[32549729.6238,5777676.07],[32549724.1751,5777640.0863],[32549718.287,5777615.0962],[32549711.2067,5777600.1032],[32549701.8921,5777588.6107],[32549689.1046,5777576.9095],[32549642.4406,5777534.2095],[32549616.176,5777510.176],[32549595.7864,5777485.6926],[32549572.7998,5777448.6822],[32549553.9225,5777414.2286],[32549438.4115,5777380.2959],[32549394.8479,5777371.312],[32549326.9046,5777364.3282],[32549294.5733,5777363.8346],[32549265.7623,5777366.8364],[32549236.9777,5777377.8315],[32549208.2097,5777393.8227],[32549177.4516,5777414.3119],[32549178.14,5777417.0211],[32549200.7686,5777492.7634],[32549221.7083,5777534.7396],[32549250.9222,5777577.7005],[32549346.292,5777694.1009],[32549357.1263,5777711.5846],[32549362.95,5777729.5713],[32549365.2718,5777749.5614],[32549354.5306,5777760.0596],[32549337.5247,5777770.5607],[32549316.4894,5777776.5631],[32549294.673,5777775.5698],[32549273.0801,5777766.0809],[32549253.2245,5777750.0946],[32549237.6245,5777731.1084],[32549229.2975,5777712.12],[32549211.8316,5777655.1532],[32549187.8167,5777592.6909],[32549176.7278,5777574.2028],[32549164.4196,5777565.7108],[32549150.8835,5777564.7157],[32549135.862,5777569.717],[32549121.096,5777578.2166],[32549107.3308,5777588.2159],[32549076.2934,5777616.214],[32549057.7598,5777630.7149],[32549037.2104,5777641.7186],[32548984.5709,5777660.2325],[32548955.4896,5777665.2421],[32548930.9084,5777663.2525],[32548910.0795,5777657.2629],[32548873.9365,5777643.7819],[32548850.1052,5777638.2929],[32548823.0236,5777634.3043],[32548765.3806,5777630.8256],[32548713.791,5777633.8407],[32548689.0532,5777647.8417],[32548663.8329,5777665.8404],[32548634.326,5777677.3426],[32548621.5594,5777679.3448],[32548580.4684,5777677.8553],[32548558.1511,5777673.362],[32548536.3214,5777664.3616],[32548513.4687,5777649.8726],[32548493.1021,5777629.8876],[32548479.4844,5777605.4081],[32548471.6249,5777579.4303],[32548462.6876,5777533.4558],[32548465.9002,5777399.5189],[32548468.7826,5777369.0318],[32548475.9225,5777337.0438],[32548489.3245,5777302.0545],[32548523.7042,5777234.5701],[32548539.6148,5777196.0245],[32548547.612,5777167.5875],[32548551.5567,5777137.0979],[32548552.0076,5777114.1068],[32548547.4012,5777073.125],[32548542.8305,5777048.6366],[32548528.4209,5777001.1614],[32548515.0437,5776967.6807],[32548501.6662,5776934.1995],[32548487.797,5776905.7165],[32548472.1763,5776879.2333],[32548451.5425,5776853.7507],[32548419.1811,5776823.4483],[32548403.5209,5776808.7845],[32548394.967,5776798.7914],[32548383.855,5776770.8077],[32548378.0244,5776749.3197],[32548376.7335,5776737.3261],[32548380.6769,5776717.3352],[32548388.3924,5776701.8426],[32548394.6165,5776689.3447],[32548399.0043,5776683.9153],[32548402.2758,5776679.8672],[32548422.0717,5776655.3718],[32548456.7848,5776618.8907],[32548532.887,5776544.4278],[32548551.6523,5776521.9363],[32548568.7793,5776496.4457],[32548581.6018,5776469.4531],[32548589.2313,5776442.4559],[32548592.6802,5776418.4562],[32548593.6664,5776395.9565],[32548592.1864,5776349.462],[32548595.9675,5776280.5078],[32548608.1012,5776246.5055],[32548608.9448,5776203.5125],[32548604.8842,5776189.0172],[32548598.3366,5776174.525],[32548586.7842,5776158.5371],[32548569.4175,5776145.5459],[32548549.3237,5776137.5566],[32548526.0008,5776132.0704],[32548458.4114,5776142.1073],[32548417.4142,5776142.5984],[32548379.6651,5776146.6127],[32548347.6736,5776191.4557],[32548332.1436,5776219.1288],[32548325.5312,5776240.1221],[32548322.4105,5776259.6131],[32548321.5216,5776279.6027],[32548324.8437,5776296.0939],[32548323.9268,5776306.0894],[32548319.82,5776316.585],[32548307.5587,5776334.4297],[32548292.0059,5776357.0648],[32548282.7921,5776374.5561],[32548277.3274,5776389.0479],[32548274.367,5776403.0394],[32548272.705,5776430.5223],[32548267.0348,5776458.5056],[32548263.1414,5776470.0053],[32548255.8679,5776491.4884],[32548235.9451,5776531.2445],[32548212.7944,5776577.442],[32548206.5956,5776602.4314],[32548205.4211,5776633.9175],[32548207.0192,5776673.8996],[32548210.6188,5776713.3822],[32548218.1145,5776757.1478],[32548258.4666,5776992.7556],[32548269.4849,5777066.7216],[32548271.8336,5777093.2097],[32548272.1723,5777117.1993],[32548270.5062,5777140.1896],[32548259.2303,5777201.165],[32548252.2911,5777218.6585],[32548242.3413,5777234.6535],[32548229.6363,5777250.6488],[32548195.4544,5777283.6403],[32548175.2407,5777306.1301],[32548147.0513,5777343.1047],[32548140.8541,5777363.0955],[32548137.9393,5777390.5819],[32548137.788,5777420.0672],[32548139.7321,5777445.5532],[32548151.8684,5777506.1098],[32548169.9767,5777596.4654],[32548173.3268,5777636.9429],[32548173.1579,5777677.4216],[32548170.2398,5777719.9],[32548152.2786,5777755.8844],[32548141.5453,5777770.3784],[32548126.8038,5777782.8739],[32548085.5579,5777803.8676],[32548049.5548,5777816.8637],[32548029.2892,5777821.3627],[32547940.8792,5777835.8555],[32547918.3101,5777832.8555],[32547891.7479,5777835.3494],[32547865.9519,5777842.3393],[32547845.9337,5777853.328],[32547824.6839,5777871.314],[32547796.1798,5777898.7946],[32547766.2362,5777933.7702],[32547740.2475,5777974.2459],[32547647.9652,5778161.6257],[32547649.0913,5778216.5908],[32547653.9041,5778235.5784],[32547673.575,5778276.5512],[32547690.6508,5778285.544],[32547709.9712,5778289.5395],[32547735.5474,5778286.0389],[32547761.6174,5778276.0427],[32547808.4675,5778252.0548],[32547835.0457,5778244.5583],[32547867.4742,5778249.553],[32547901.1656,5778267.0388],[32547938.1224,5778295.0174],[32548021.3397,5778378.9545],[32548052.4208,5778413.4127],[32548084.9463,5778440.9076],[32548127.6772,5778465.8871],[32548175.1401,5778482.8712],[32548221.7647,5778494.8582],[32548263.7804,5778500.8492],[32548297.7462,5778501.8444],[32548304.9681,5778497.8461],[32548323.6828,5778482.354],[32548349.8909,5778452.8756],[32548379.3317,5778406.4084],[32548407.7259,5778349.463],[32548431.3633,5778294.0175],[32548444.4357,5778250.6834],[32548446.7373,5778243.0535],[32548450.3241,5778200.0801],[32548444.1569,5778162.6039],[32548434.7483,5778128.1257],[32548424.7123,5778099.4031],[32548410.4856,5778073.1613],[32548386.818,5778041.6834],[32548352.649,5778015.7042],[32548331.8147,5778004.7141],[32548298.1999,5777991.7269],[32548288.8988,5777983.2334],[32548284.0998,5777973.2399],[32548282.5533,5777962.2465],[32548284.5147,5777951.2525],[32548290.2361,5777940.2577],[32548300.2297,5777931.7606],[32548314.5047,5777928.2597],[32548347.1064,5777931.2515],[32548364.4014,5777927.7496],[32548383.1846,5777914.752],[32548397.9437,5777893.7597],[32548405.6754,5777870.7702],[32548413.8617,5777830.2907],[32548425.86,5777817.2962],[32548445.0081,5777810.297],[32548470.4281,5777806.7929],[32548484.0183,5777822.2817],[32548493.3567,5777846.2672],[32548500.0028,5777878.1991],[32548508.6451,5777919.7225],[32548520.2759,5777956.6995],[32548535.9226,5777997.6739],[32548553.8173,5778035.1499],[32548581.0874,5778085.6322],[32548596.3904,5778113.5989],[32548619.5514,5778148.5753],[32548641.423,5778168.0598],[32548662.7649,5778175.0509],[32548683.846,5778177.0448],[32548703.6657,5778175.5407],[32548746.5405,5778165.5369],[32548826.2104,5778150.5273],[32548873.8424,5778172.0046],[32548912.5123,5778194.4827],[32548942.4238,5778220.9611],[32548960.5677,5778250.9412],[32548974.4563,5778282.4215],[32548992.6918,5778344.3842],[32549005.7917,5778374.8653],[32549026.6153,5778405.8437],[32549079.1316,5778469.7964],[32549098.2551,5778484.2842],[32549118.6737,5778494.7736],[32549136.7918,5778496.2679],[32549182.6613,5778491.2585],[32549208.4756,5778491.2507],[32549229.5382,5778494.2429],[32549247.1134,5778503.7333],[32549288.3066,5778531.2081],[32549311.3905,5778539.1982],[32549332.1985,5778541.1926],[32549347.9804,5778539.1901],[32549360.7412,5778533.1892],[32549372.2349,5778522.6947],[32549381.4535,5778506.2097]]],[[[32556245.6946,5778518.9888],[32556220.3799,5778518.4892],[32556182.7944,5778520.9886],[32556141.7082,5778525.987],[32556105.3952,5778534.4838],[32556035.7849,5778553.9766],[32556001.2343,5778564.9725],[32555970.6988,5778577.4677],[32555940.1549,5778587.464],[32555907.3323,5778590.463],[32555877.4976,5778587.4644],[32555855.6632,5778578.4682],[32555839.0872,5778567.9724],[32555822.7716,5778560.4756],[32555805.9631,5778555.4777],[32555784.1779,5778561.4754],[32555765.4101,5778570.472],[32555748.4148,5778584.9663],[32555741.1747,5778595.2407],[32555716.1224,5778532.6123],[32555714.1666,5778535.4863],[32555692.3617,5778535.4864],[32555671.0399,5778529.9887],[32555648.6829,5778514.495],[32555627.3005,5778490.5047],[32555606.4062,5778462.516],[32555586.7537,5778431.0287],[32555568.8458,5778396.5426],[32555487.5572,5778218.1144],[32555471.7002,5778197.6226],[32555453.1238,5778188.6263],[32555431.0631,5778187.127],[32555422.9987,5778173.6324],[32555419.6897,5778158.1386],[32555423.1282,5778136.6472],[32555430.3213,5778113.6564],[32555438.476,5778078.1706],[32555421.9325,5778077.6708],[32555405.8805,5778074.1722],[32555373.244,5778057.6789],[32555342.1391,5778049.6822],[32555321.3103,5778041.6855],[32555301.4593,5778026.1917],[32555298.7094,5778022.0713],[32555289.1177,5778007.6992],[32555281.2759,5777985.7079],[32555277.9392,5777961.7176],[32555277.859,5777937.2274],[32555282.0283,5777909.2386],[32555294.922,5777873.7985],[32555309.8493,5777832.769],[32555309.2924,5777815.776],[32555297.1884,5777793.2849],[32555251.5798,5777718.8148],[32555201.6296,5777696.3239],[32555158.7185,5777680.3303],[32555110.0427,5777664.3368],[32555031.0748,5777643.2644],[32555028.9061,5777591.5406],[32555021.3793,5777573.3255],[32555002.4854,5777537.8017],[32554930.1827,5777477.3098],[32554929.8113,5777477.0059],[32554925.943,5777473.841],[32554918.2064,5777467.5113],[32554913.3342,5777406.3689],[32554884.8928,5777185.9536],[32554875.3618,5777168.8474],[32554849.3591,5777131.5541],[32554795.9491,5777104.4668],[32554791.1333,5777103.6922],[32554747.3064,5777103.6949],[32554746.1506,5777103.695],[32554616.2011,5777103.703],[32554509.2884,5777041.2347],[32554490.2428,5777036.4737],[32554466.6097,5777030.5659],[32554462.0888,5777035.088],[32554447.0798,5777044.0844],[32554422.7937,5777052.0811],[32554391.231,5777057.5789],[32554357.4026,5777060.0778],[32554287.9784,5777061.0772],[32554250.8704,5777057.0786],[32554213.4955,5777048.0821],[32554172.8507,5777035.5871],[32554150.2554,5777024.0916],[32554139.082,5777020.3821],[32554124.6621,5777015.5949],[32554092.0608,5777010.097],[32554043.6756,5777006.5982],[32554016.8652,5777009.0972],[32553948.4398,5777025.1619],[32553935.9703,5777028.0894],[32553878.8554,5777037.5853],[32553857.8064,5777039.0847],[32553836.2497,5777038.5849],[32553797.1305,5777032.7061],[32553773.0572,5777029.0884],[32553732.9547,5777029.0883],[32553715.169,5777032.0871],[32553696.3956,5777039.584],[32553653.6131,5777063.0744],[32553475.4046,5777062.0742],[32553344.846,5777069.5708],[32553202.7433,5777072.5691],[32553161.6336,5777071.0697],[32553073.6166,5777058.0746],[32553037.7702,5777056.575],[32553004.6926,5777058.5741],[32552977.1453,5777065.5712],[32552954.1227,5777076.5668],[32552934.1209,5777091.5608],[32552923.6761,5777105.2269],[32552907.9816,5776958.7657],[32552893.7304,5776927.6259],[32552880.6496,5776913.1317],[32552863.067,5776901.6361],[32552840.4751,5776891.1402],[32552821.6723,5776889.6408],[32552749.9519,5776878.1452],[32552701.2787,5776863.151],[32552660.3507,5776840.6598],[32552626.4291,5776814.6701],[32552598.2754,5776789.6799],[32552479.6125,5776679.7576],[32552303.6707,5776529.3749],[32552242.3358,5776474.9169],[32552222.9159,5776454.2824],[32552199.0747,5776428.95],[32552160.3152,5776379.9831],[32552121.2886,5776326.0185],[32552155.6523,5776334.0046],[32552188.499,5776337.9929],[32552223.0837,5776336.9829],[32552285.2156,5776328.9673],[32552313.7702,5776323.461],[32552341.3123,5776314.9562],[32552365.8322,5776301.9542],[32552384.0679,5776283.4565],[32552388.1443,5776274.3963],[32552482.835,5776279.6556],[32552510.2963,5776271.809],[32552557.9155,5776261.2263],[32552556.1663,5776255.9143],[32552556.8705,5776241.4202],[32552567.2412,5776193.9372],[32552573.6197,5776151.953],[32552577.4918,5776109.9696],[32552577.1475,5776081.4818],[32552543.264,5776012.1377],[32552543.8641,5776021.0183],[32552537.9063,5776038.5128],[32552529.424,5776050.5104],[32552504.9156,5776067.0111],[32552487.8951,5776074.0137],[32552468.8629,5776079.0176],[32552446.5627,5776081.0238],[32552397.9287,5776078.0407],[32552353.518,5776063.5609],[32552313.8858,5776054.0777],[32552277.5316,5776050.5907],[32552202.6087,5776056.1117],[32552127.1964,5776065.1313],[32552094.1072,5776063.6422],[32552063.4998,5776054.6556],[32552032.1207,5776039.6719],[32552012.1404,5776061.1686],[32551997.8953,5776073.6674],[32551981.3812,5776082.1686],[32551965.8483,5776084.1725],[32551949.298,5776081.6786],[32551911.6565,5775991.7302],[32551901.2651,5775956.7489],[32551889.0351,5775896.2797],[32551880.6569,5775863.7968],[32551870.0263,5775832.3142],[32551769.6727,5775574.4609],[32551760.2887,5775540.9789],[32551752.8915,5775501.9988],[32551749.2541,5775463.0175],[32551750.3952,5775429.0324],[32551756.0658,5775400.5435],[32551763.9988,5775374.0529],[32551773.6996,5775351.5599],[32551784.4177,5775333.5646],[32551800.6466,5775314.5679],[32551850.3704,5775268.0728],[32551894.6975,5775236.1631],[32551925.3843,5775214.0726],[32551950.8771,5775192.0741],[32551968.8475,5775169.0783],[32551986.5408,5775138.0863],[32552002.2192,5775104.0962],[32552013.3927,5775072.1067],[32552027.508,5775020.125],[32552035.2154,5775001.131],[32552045.1983,5774988.1333],[32552095.1885,5774946.1351],[32552129.2166,5774928.1315],[32552148.2226,5774915.1308],[32552189.7144,5774880.132],[32552211.7184,5774856.1273],[32552226.9107,5774834.6392],[32552239.6212,5774812.6445],[32552252.0631,5774785.1523],[32552261.543,5774771.1551],[32552277.8065,5774762.1534],[32552303.13,5774764.6435],[32552343.5338,5774780.1225],[32552393.4831,5774802.0954],[32552465.7832,5774837.0547],[32552479.0838,5774842.0477],[32552484.7567,5774842.0458],[32552492.1174,5774842.0432],[32552502.1269,5774837.0418],[32552506.6056,5774827.0445],[32552500.7799,5774808.0549],[32552484.1511,5774781.0724],[32552461.7622,5774755.5915],[32552437.9011,5774740.1068],[32552411.2989,5774729.6208],[32552382.6787,5774715.1372],[32552358.3149,5774699.1528],[32552344.7384,5774686.1633],[32552338.418,5774669.1729],[32552331.5677,5774643.1868],[32552322.3931,5774595.7109],[32552322.8371,5774577.7186],[32552327.0281,5774555.7268],[32552335.4896,5774536.7322],[32552347.7396,5774526.7322],[32552362.2756,5774526.2272],[32552392.6407,5774537.7113],[32552406.1854,5774540.7051],[32552418.6032,5774537.8957],[32552473.7239,5774554.431],[32552472.1072,5774555.4468],[32552472.1074,5774567.8956],[32552472.1076,5774587.5683],[32552480.5471,5774614.0909],[32552484.6272,5774626.9133],[32552495.358,5774644.7974],[32552535.881,5774646.4178],[32552540.0685,5774646.5852],[32552545.4157,5774605.5848],[32552546.5581,5774596.825],[32552542.7091,5774595.2808],[32552554.9038,5774519.3594],[32552573.165,5774405.6695],[32552563.4354,5774351.7189],[32552550.9074,5774282.2515],[32552554.4734,5774279.7616],[32552564.494,5774272.7651],[32552584.5332,5774268.7594],[32552607.8483,5774270.2502],[32552631.6727,5774274.2397],[32552753.59,5774306.1807],[32552804.5068,5774317.1689],[32552821.0561,5774319.1682],[32552831.0772,5774317.6688],[32552838.3317,5774313.1706],[32552841.3172,5774306.1735],[32552838.7821,5774297.1771],[32552824.955,5774284.1822],[32552798.8349,5774267.6887],[32552766.1964,5774250.7001],[32552732.5649,5774236.7187],[32552700.4499,5774226.735],[32552646.0145,5774212.7611],[32552629.4494,5774205.7704],[32552624.8427,5774192.9999],[32552600.4944,5774180.8264],[32552640.2764,5773878.4497],[32552629.9805,5773853.8869],[32552629.595,5773852.9673],[32552655.2457,5773805.9359],[32552678.6856,5773767.9437],[32552694.5242,5773746.9134],[32552655.4103,5773702.2128],[32552635.7945,5773674.7518],[32552612.256,5773662.9829],[32552553.4099,5773643.3686],[32552523.286,5773571.074],[32552513.6085,5773563.5962],[32552508.5143,5773538.1094],[32552509.2026,5773518.118],[32552513.3904,5773495.1267],[32552539.6996,5773413.6529],[32552576.1145,5773357.1642],[32552586.2184,5773381.6495],[32552599.0668,5773402.1355],[32552617.163,5773417.6217],[32552641.7568,5773427.1082],[32552671.5937,5773430.0954],[32552702.663,5773426.5851],[32552730.9481,5773414.5796],[32552847.7228,5773327.0733],[32552881.9884,5773304.0757],[32552908.7649,5773290.5811],[32552934.7974,5773279.5857],[32552982.3761,5773265.5914],[32553005.428,5773263.0924],[32553050.0388,5773261.5933],[32553068.5677,5773255.5956],[32553084.5758,5773245.1],[32553111.5711,5773221.6095],[32553123.502,5773190.1222],[32553130.1756,5773160.634],[32553130.0816,5773131.1458],[32553122.9743,5773103.1571],[32553112.112,5773076.6677],[32553099.511,5773055.1762],[32553086.6866,5773042.1814],[32553070.6195,5773034.1846],[32553035.8216,5773021.4714],[32553028.2104,5773018.6907],[32553052.9658,5773000.1982],[32553077.9798,5772984.2047],[32553105.2559,5772970.2103],[32553211.1358,5772924.729],[32553263.6814,5772896.2406],[32553340.5225,5772862.2544],[32553457.3625,5772795.2818],[32553473.1009,5772778.7884],[32553486.5691,5772757.7969],[32553498.0067,5772728.8086],[32553502.9209,5772697.8209],[32553502.0798,5772669.8323],[32553494.4155,5772624.3505],[32553489.6268,5772537.3853],[32553502.4934,5772484.9065],[32553517.3827,5772437.9254],[32553536.7932,5772393.943],[32553562.2449,5772357.9575],[32553591.7228,5772326.9701],[32553618.9704,5772303.9794],[32553636.9774,5772291.4844],[32553670.0026,5772272.4923],[32553693.2844,5772263.4959],[32553719.8374,5772258.498],[32553739.027,5772259.5608],[32553773.4584,5772238.901],[32553829.9644,5772187.1027],[32553826.8496,5772175.0319],[32553826.7621,5772147.5429],[32553836.4625,5772124.0524],[32553858.4561,5772104.0605],[32553896.3123,5772083.2066],[32553918.608,5771999.5926],[32553918.6072,5771940.7468],[32553887.1947,5771872.6889],[32553865.9476,5771859.1588],[32553848.552,5771843.0778],[32553826.4794,5771822.6733],[32553795.2746,5771783.6889],[32553775.6188,5771750.702],[32553765.7305,5771715.2163],[32553761.0803,5771671.7337],[32553761.6969,5771629.2508],[32553767.36,5771597.2636],[32553775.3309,5771578.4651],[32553778.8039,5771570.2745],[32553794.4978,5771539.7868],[32553812.2016,5771510.7984],[32553828.9267,5771489.307],[32553854.9179,5771465.3168],[32553939.1656,5771395.8449],[32553956.8946,5771398.7162],[32553969.5987,5771354.2494],[32553985.2904,5771322.8648],[32553997.0589,5771283.6341],[32553997.0579,5771209.0961],[32553997.0568,5771130.635],[32553973.5166,5771005.0976],[32553942.5874,5770886.5421],[32553920.9371,5770866.5573],[32553898.0213,5770833.0707],[32553883.8718,5770797.5849],[32553875.2255,5770758.6005],[32553874.9964,5770686.6294],[32553878.1402,5770650.6438],[32553886.2874,5770611.6596],[32553912.0685,5770521.6957],[32553897.4967,5770353.4357],[32553890.2101,5770269.297],[32553889.5992,5770233.8108],[32553888.9798,5770197.8257],[32553896.4332,5770098.3656],[32553832.2652,5770097.8658],[32553768.0971,5770097.366],[32553782.439,5770035.8907],[32553788.9034,5770019.3973],[32553803.1203,5769997.4061],[32553838.469,5769945.7235],[32553864.9935,5769906.9425],[32553885.9749,5769883.9518],[32553911.2125,5769859.4616],[32553962.5453,5769817.4949],[32553983.9624,5769799.9855],[32553986.5409,5769731.0667],[32553987.8892,5769695.0277],[32553956.1207,5769696.868],[32553923.5663,5769657.8037],[32553916.415,5769607.7498],[32553911.1479,5769603.0646],[32553906.5981,5769591.0694],[32553904.7956,5769576.0754],[32553905.476,5769553.5845],[32553919.6397,5769436.1316],[32553936.8803,5769339.2071],[32553953.8673,5769243.7088],[32553957.7328,5769198.2272],[32553955.1276,5769167.2396],[32553949.7572,5769133.7531],[32553940.1196,5769098.2674],[32553925.2213,5769063.7812],[32553870.5182,5768965.8206],[32553859.6558,5768939.3312],[32553855.0677,5768915.341],[32553856.2461,5768891.8504],[32553859.4694,5768880.4762],[32553795.8608,5768759.0458],[32553741.835,5768626.4426],[32553709.4001,5768448.0648],[32553706.4504,5768449.0681],[32553725.9056,5768419.0767],[32553742.3546,5768389.5861],[32553756.0386,5768357.5979],[32553764.4607,5768325.6117],[32553768.8823,5768296.6254],[32553771.2968,5768267.1401],[32553799.4219,5768202.1643],[32553811.8534,5768169.1772],[32553821.2813,5768137.6906],[32553833.6376,5768080.7165],[32553833.42,5768011.2535],[32553827.8202,5767984.2699],[32553815.7037,5767957.7883],[32553795.543,5767924.3133],[32553765.1159,5767867.0273],[32553749.8975,5767838.3751],[32553707.8243,5767772.425],[32553686.6796,5767744.947],[32553662.6067,5767717.1747],[32553731.9997,5767732.5943],[32553771.8287,5767748.5251],[32553799.1561,5767636.9661],[32553833.0066,5767638.9534],[32553865.8638,5767643.9393],[32553900.7374,5767652.4227],[32553932.3644,5767664.905],[32553957.7286,5767678.8887],[32553980.5937,5767695.3718],[32553995.0763,5767676.8769],[32554007.7821,5767651.3863],[32554017.7163,5767621.3993],[32554023.3823,5767589.4147],[32554025.0419,5767558.9308],[32554023.201,5767531.4465],[32554017.6123,5767507.9612],[32554007.5218,5767487.9756],[32553989.663,5767468.992],[32553967.0454,5767451.5092],[32553938.9095,5767433.0289],[32553953.9014,5767417.0325],[32553967.3688,5767394.5403],[32553977.8246,5767371.0496],[32553985.4776,5767333.0678],[32553990.4416,5767317.0749],[32553998.9216,5767303.0798],[32554011.4221,5767292.0817],[32554024.6919,5767286.5803],[32554035.7257,5767287.576],[32554045.5216,5767293.5694],[32554054.5764,5767303.0612],[32554062.152,5767320.5489],[32554066.4966,5767347.0329],[32554067.5962,5767378.0155],[32554064.0838,5767422.1976],[32554060.8423,5767462.971],[32554061.4499,5767496.9523],[32554065.08,5767535.4299],[32554074.2348,5767576.9041],[32554088.145,5767615.878],[32554104.7957,5767649.3539],[32554121.9212,5767674.3391],[32554160.1411,5767710.8244],[32554181.7556,5767728.3173],[32554238.9886,5767832.2753],[32554267.4532,5767875.7578],[32554299.6702,5767916.7413],[32554339.922,5767961.723],[32554382.9219,5768003.7061],[32554423.8818,5768034.6935],[32554538.3974,5768098.6677],[32554602.4268,5768131.6544],[32554651.8815,5768153.6455],[32554747.5003,5768187.6317],[32554797.9323,5768201.626],[32554838.8131,5768207.6235],[32554869.1446,5768207.1237],[32554933.7627,5768202.8901],[32554991.2036,5768199.1267],[32555048.6148,5768200.626],[32555077.705,5768204.1246],[32555105.8095,5768213.1209],[32555127.9085,5768225.6159],[32555147.5116,5768241.6095],[32555114.484,5768261.6015],[32555093.4579,5768271.5975],[32555055.8913,5768283.093],[32555022.5551,5768284.5925],[32554880.1458,5768278.0953],[32554828.5028,5768277.5956],[32554777.8764,5768281.594],[32554736.0303,5768287.5917],[32554709.7267,5768293.5893],[32554685.6934,5768304.0852],[32554651.9065,5768322.078],[32554619.8901,5768345.0688],[32554600.6603,5768368.5594],[32554595.9864,5768397.048],[32554597.7376,5768442.6853],[32554598.1142,5768447.5492],[32554601.1073,5768511.5021],[32554595.4555,5768547.9875],[32554591.6383,5768561.36],[32554689.4106,5768673.0966],[32554744.545,5768685.932],[32554776.369,5768690.0118],[32554787.4296,5768691.4298],[32554836.5672,5768692.4295],[32554888.6988,5768688.9308],[32554932.9884,5768682.8082],[32554939.3152,5768681.9336],[32554984.1579,5768672.4373],[32555020.7186,5768659.9423],[32555050.7443,5768641.9494],[32555075.9929,5768619.4584],[32555097.721,5768593.4688],[32555116.9237,5768561.4816],[32555133.607,5768525.4959],[32555156.7214,5768466.2192],[32555167.9687,5768451.0256],[32555182.4956,5768447.0272],[32555197.2982,5768451.0256],[32555208.8543,5768459.0224],[32555212.666,5768475.5158],[32555207.9842,5768501.5054],[32555200.1415,5768527.6873],[32555190.348,5768553.4846],[32555178.8932,5768577.9749],[32555144.4849,5768637.4511],[32555131.0059,5768655.9437],[32555093.1854,5768688.487],[32555053.753,5768722.4172],[32555034.5237,5768745.9079],[32555032.302,5768756.9034],[32555038.6049,5768768.3989],[32555052.4267,5768779.3945],[32555070.7577,5768789.3905],[32555094.0912,5768795.8878],[32555122.6766,5768798.3867],[32555153.75,5768794.8881],[32555183.8034,5768785.8916],[32555226.8782,5768770.6585],[32555267.1872,5768756.4034],[32555349.303,5768722.4169],[32555384.3586,5768709.9217],[32555422.9266,5768698.4263],[32555532.4318,5768661.8663],[32555629.5154,5768629.4534],[32555763.2545,5768591.968],[32555783.8013,5768589.4689],[32555844.4539,5768586.9696],[32555871.5145,5768583.471],[32555897.5568,5768574.9743],[32555925.5949,5768563.4788],[32555957.6311,5768547.9848],[32556005.2343,5768540.9874],[32556041.0688,5768537.9884],[32556107.0032,5768541.9864],[32556141.8439,5768541.9863],[32556196.2914,5768538.4096],[32556225.544,5768536.488],[32556286.2069,5768538.4868],[32556316.7948,5768541.4855],[32556345.6344,5768546.4833],[32556371.9768,5768554.4799],[32556391.8117,5768565.4753],[32556393.1046,5768567.2581],[32556396.6593,5768572.1595],[32556501.9605,5768596.9346],[32556595.2746,5768611.6669],[32556649.2981,5768611.6661],[32556673.8544,5768611.6657],[32556732.7892,5768601.8424],[32556767.168,5768592.0194],[32556806.4576,5768567.4626],[32556835.9251,5768557.6396],[32556889.9492,5768572.3726],[32556948.8842,5768582.1942],[32557002.9086,5768611.6609],[32557022.5537,5768616.5719],[32557068.8323,5768644.3383],[32557066.7553,5768645.4889],[32557066.7561,5768695.1514],[32557022.5552,5768724.6195],[32556953.798,5768749.1769],[32556914.5082,5768758.9999],[32556860.4843,5768759.0007],[32556812.5035,5768745.2927],[32556792.1519,5768750.3318],[32556727.8799,5768724.6238],[32556639.4767,5768700.0689],[32556551.0739,5768680.4252],[32556462.671,5768655.8703],[32556340.2516,5768631.3883],[32556239.1806,5768649.9427],[32556154.8548,5768656.4838],[32556143.3816,5768657.3738],[32556103.8621,5768660.4392],[32555983.5882,5768673.4346],[32555853.0538,5768692.4275],[32555764.6242,5768709.9209],[32555564.7398,5768757.4024],[32555406.6173,5768773.8961],[32555346.7482,5768787.3908],[32555301.3834,5768800.0016],[32555246.0636,5768815.3798],[32555208.2284,5768820.8777],[32555162.8634,5768823.3768],[32555107.2125,5768823.3768],[32555053.3098,5768821.3776],[32554953.6169,5768809.6291],[32554909.1141,5768804.3846],[32554840.6986,5768798.2526],[32554792.0115,5768793.8888],[32554760.6742,5768793.389],[32554735.3626,5768795.8881],[32554712.5672,5768801.3859],[32554699.3402,5768820.3783],[32554690.3671,5768836.8717],[32554686.1539,5768852.3655],[32554691.2114,5768866.3599],[32554705.2952,5768880.8541],[32554726.8949,5768893.8488],[32554754.7491,5768902.8452],[32554804.41,5768910.842],[32554823.4651,5768911.8416],[32554843.8927,5768916.7745],[32554881.4171,5768925.836],[32554906.4995,5768930.3342],[32554966.4346,5768937.3313],[32555034.6295,5768940.3301],[32555193.7939,5768934.8322],[32555317.5456,5768908.3426],[32555355.3851,5768904.3441],[32555424.0212,5768906.3712],[32555456.9172,5768907.3428],[32555521.1528,5768894.1056],[32555616.9925,5768874.3556],[32555664.8528,5768868.8577],[32555730.4138,5768865.2917],[32555830.2631,5768859.8607],[32556042.7667,5768842.3669],[32556105.4728,5768839.6903],[32556171.5847,5768836.8684],[32556214.181,5768832.37],[32556285.3258,5768819.8746],[32556326.4191,5768815.8758],[32556448.2894,5768834.8675],[32556514.5496,5768841.3149],[32556628.0486,5768852.3589],[32556683.4697,5768861.3548],[32556731.6289,5768871.8502],[32556752.1912,5768874.3489],[32556812.3518,5768874.3482],[32556819.6213,5768874.3481],[32556879.2284,5768857.3543],[32556946.8402,5768835.3713],[32557055.5393,5768808.6977],[32557080.0921,5768805.1922],[32557081.1729,5768805.2432],[32557101.15,5768806.1853],[32557121.9684,5768810.6767],[32557135.7098,5768812.4085],[32557193.182,5768819.6517],[32557250.0863,5768821.6357],[32557310.4901,5768820.6216],[32557365.8666,5768815.1121],[32557389.4103,5768809.61],[32557414.1913,5768799.1106],[32557442.4608,5768782.1143],[32557470.7209,5768762.1197],[32557495.4685,5768741.1266],[32557520.9522,5768715.1361],[32557582.1406,5768645.6635],[32557617.8754,5768597.1673],[32557641.5343,5768551.0965],[32557643.7705,5768539.2822],[32557650.2542,5768505.028],[32557645.2812,5768424.1002],[32557645.7359,5768381.7968],[32557648.6351,5768373.2984],[32557663.126,5768330.8217],[32557670.8369,5768311.3309],[32557679.587,5768295.0095],[32557715.9806,5768237.3636],[32557734.2471,5768226.8664],[32557749.501,5768214.8706],[32557762.2391,5768199.8767],[32557799.6278,5768130.9081],[32557802.0885,5768130.4025],[32557868.022,5768118.4055],[32557864.3095,5768133.8976],[32557866.3531,5768146.3908],[32557877.164,5768156.8838],[32557898.4862,5768161.8785],[32557926.5612,5768161.8752],[32558015.2679,5768151.8709],[32558044.8243,5768144.372],[32558073.1211,5768134.8743],[32558118.9376,5768116.3801],[32558136.4603,5768108.3828],[32558149.7154,5768098.387],[32558157.6911,5768083.394],[32558159.8906,5768064.9035],[32558157.8301,5768046.913],[32558152.7631,5768029.4224],[32558146.4488,5768013.931],[32558135.3672,5767996.9406],[32558103.1648,5767961.5125],[32558088.5844,5767945.4715],[32558078.5055,5767928.4813],[32558069.66,5767904.9944],[32558064.3225,5767881.0074],[32558064.0091,5767860.518],[32558093.5488,5767847.5218],[32558121.829,5767832.5268],[32558134.8472,5767827.0284],[32558148.1238,5767824.0288],[32558162.4137,5767824.5272],[32558179.7195,5767827.5242],[32558219.8642,5767839.5148],[32558261.2009,5767725.1575],[32558236.9567,5767660.5094],[32558206.4856,5767623.268],[32558125.23,5767592.7983],[32558064.0823,5767558.4038],[32558032.6217,5767557.978],[32558014.8722,5767546.568],[32558011.0685,5767527.5508],[32558012.3361,5767521.2119],[32558015.5056,5767514.2388],[32558028.8175,5767502.8284],[32558035.1565,5767501.5605],[32558077.6283,5767506.6311],[32558113.1515,5767514.4542],[32558111.0424,5767516.4609],[32558159.0854,5767528.4709],[32558186.1705,5767528.4706],[32558209.8698,5767528.4703],[32558230.1837,5767528.47],[32558250.4975,5767528.4697],[32558257.2685,5767508.1558],[32558257.2682,5767487.842],[32558257.2677,5767453.9857],[32558248.4116,5767387.5723],[32558256.0684,5767387.1571],[32558247.1093,5767355.8025],[32558220.0236,5767305.0184],[32558169.2382,5767237.3065],[32558076.0381,5767120.8098],[32558069.2221,5767106.9043],[32558042.2776,5767066.9284],[32557981.1159,5766985.979],[32557963.7583,5766965.9921],[32557941.3871,5766946.006],[32557900.3733,5766923.2728],[32557892.0056,5766904.8646],[32557881.9138,5766892.2502],[32557852.9002,5766880.8975],[32557841.5469,5766868.2831],[32557836.5008,5766843.0541],[32557827.9944,5766817.5362],[32557834.483,5766818.6716],[32557756.7587,5766758.8856],[32557643.7973,5766582.0816],[32557604.5056,5766464.2123],[32557599.5921,5766311.9633],[32557599.5904,5766194.0934],[32557648.7016,5766095.8674],[32557697.8131,5766017.2868],[32557742.0138,5765977.996],[32557810.7711,5765968.1726],[32557864.795,5765968.1718],[32557904.085,5765968.1713],[32557943.3751,5765968.1707],[32557982.6651,5765968.1702],[32558021.9552,5765968.1697],[32558066.156,5765938.7016],[32558105.5497,5765877.8015],[32558111.221,5765859.9767],[32558160.6447,5765811.142],[32558179.569,5765773.2922],[32558156.8587,5765731.6582],[32558107.6535,5765682.4544],[32558043.309,5765648.3908],[32558024.3836,5765610.5415],[32557982.7479,5765538.6279],[32557907.0481,5765470.4998],[32557876.7683,5765462.9304],[32557827.564,5765462.931],[32557763.2199,5765474.2867],[32557698.876,5765496.9972],[32557626.9619,5765496.9981],[32557528.5527,5765474.2899],[32557017.5807,5765224.4899],[32556930.5264,5765197.9967],[32556900.2467,5765194.2121],[32556890.3197,5765185.5263],[32556847.6822,5765148.2195],[32556841.2658,5765124.5048],[32556873.7506,5765092.0187],[32556953.2346,5765095.8026],[32557066.7838,5765137.4354],[32557297.6676,5765254.7658],[32557392.2923,5765319.1087],[32557471.7773,5765387.2367],[32557536.122,5765421.3004],[32557592.8967,5765447.7943],[32557679.9506,5765451.5781],[32557782.144,5765432.652],[32557895.6923,5765406.1558],[32557952.4664,5765391.0152],[32557997.8857,5765391.0146],[32558020.5956,5765394.7992],[32558043.3058,5765425.0783],[32558050.8771,5765538.627],[32558062.2327,5765584.0463],[32558092.513,5765629.4653],[32558126.5782,5765659.7445],[32558183.3525,5765682.4534],[32558236.3422,5765697.5924],[32558289.3313,5765678.6669],[32558353.6746,5765625.6767],[32558376.3838,5765584.042],[32558368.8134,5765542.4077],[32558357.458,5765508.3431],[32558315.823,5765474.2792],[32558232.5532,5765413.7212],[32558171.9931,5765360.7325],[32558130.3567,5765224.4747],[32558103.861,5765148.7761],[32558084.9358,5765114.7118],[32558084.9354,5765088.2171],[32558096.2898,5765065.5074],[32558107.6447,5765065.5072],[32558134.1395,5765073.0767],[32558164.4196,5765099.5709],[32558206.0551,5765179.0544],[32558224.9807,5765239.6134],[32558228.7664,5765281.2479],[32558240.1217,5765319.0972],[32558262.8321,5765368.3013],[32558349.8869,5765425.0741],[32558380.1668,5765440.2138],[32558421.8014,5765455.353],[32558505.0703,5765443.997],[32558565.6288,5765398.5767],[32558607.2627,5765356.9417],[32558633.7566,5765319.0918],[32558652.6812,5765288.8119],[32558681.5852,5765288.8115],[32558687.3644,5765274.4968],[32558709.4557,5765303.9508],[32558698.1016,5765364.5102],[32558664.0378,5765421.285],[32558550.4906,5765508.3404],[32558493.717,5765561.3307],[32558471.6468,5765610.9909],[32558399.0956,5765735.4397],[32558179.5717,5765966.3249],[32558130.1613,5766005.8546],[32558130.2463,5766004.2966],[32558043.4194,5766091.1259],[32558046.4307,5766093.4167],[32557987.5783,5766100.7742],[32557938.4655,5766086.0411],[32557854.9743,5766095.8646],[32557740.8169,5766165.1267],[32557736.0664,5766173.0511],[32557733.717,5766182.0226],[32557733.2224,5766235.2102],[32557702.7288,5766326.6958],[32557717.465,5766503.5006],[32557771.49,5766586.9915],[32557825.5144,5766631.1918],[32557874.7456,5766663.0465],[32557909.0065,5766685.2145],[32557959.5141,5766769.391],[32558016.5089,5766838.0484],[32558069.1051,5766905.0064],[32558134.3055,5766994.9518],[32558195.767,5767076.7176],[32558231.9656,5767124.8748],[32558386.1421,5767291.7773],[32558434.9435,5767347.2463],[32558499.1099,5767426.7034],[32558531.5578,5767462.6842],[32558563.7229,5767488.1703],[32558587.1645,5767530.1488],[32558605.0729,5767566.1307],[32558617.2003,5767597.1153],[32558632.491,5767652.0689],[32558637.2242,5767669.0797],[32558645.2956,5767683.3942],[32558682.5928,5767749.5398],[32558724.6629,5767817.0068],[32558742.3252,5767854.4886],[32558758.2495,5767897.468],[32558772.9387,5767946.4444],[32558783.8768,5767998.4194],[32558789.7814,5768043.8974],[32558792.1749,5768088.8757],[32558780.7,5768107.3665],[32558772.7483,5768130.3551],[32558769.0828,5768161.3399],[32558770.5348,5768472.6873],[32558764.5716,5768572.138],[32558759.4126,5768606.6207],[32558749.7261,5768636.1057],[32558734.043,5768672.0872],[32558716.3487,5768706.0695],[32558700.1278,5768730.0568],[32558662.9216,5768777.5315],[32558644.9659,5768808.0156],[32558634.2815,5768838.9996],[32558612.992,5768926.9543],[32558588.2008,5769017.4075],[32558576.0339,5769055.3877],[32558559.1147,5769096.8659],[32558541.1792,5769133.3466],[32558525.7152,5769157.3337],[32558514.0062,5769179.8217],[32558504.8277,5769209.806],[32558497.1042,5769246.2099],[32558485.319,5769301.758],[32558450.3846,5769429.6906],[32558441.4439,5769455.6768],[32558430.241,5769479.6639],[32558418.0276,5769501.1523],[32558405.3017,5769519.1425],[32558367.6644,5769560.0267],[32558341.3563,5769588.6044],[32558322.1325,5769612.5914],[32558284.2341,5769675.5575],[32558264.0412,5769710.039],[32558248.6074,5769743.5211],[32558238.1899,5769778.0027],[32558231.7763,5769810.4853],[32558217.4152,5769865.9558],[32558247.7342,5770020.3743],[32558257.8303,5770042.3647],[32558272.5985,5770058.2279],[32558300.0558,5770078.8496],[32558326.401,5770087.3458],[32558351.7264,5770090.3444],[32558376.2885,5770089.8443],[32558401.8374,5770084.3468],[32558430.3797,5770074.3537],[32558462.1598,5770057.8643],[32558523.932,5770014.3911],[32558569.1805,5769976.9139],[32558600.3443,5769954.1754],[32558623.189,5769935.4396],[32558634.1698,5769920.4483],[32558640.631,5769902.9578],[32558642.3236,5769883.4679],[32558639.5012,5769862.9783],[32558619.3736,5769760.5293],[32558620.7996,5769736.0419],[32558625.7315,5769710.5554],[32558638.8759,5769666.579],[32558642.3325,5769650.0877],[32558641.7867,5769636.0947],[32558637.9886,5769624.1006],[32558632.1936,5769614.6051],[32558624.9072,5769609.1074],[32558616.3819,5769608.1073],[32558607.6234,5769612.6044],[32558599.1299,5769621.5992],[32558563.2097,5769676.0688],[32558540.7833,5769717.546],[32558526.8041,5769735.5358],[32558509.0636,5769753.0257],[32558486.8066,5769769.0162],[32558464.7876,5769781.0087],[32558447.0105,5769787.0046],[32558430.4723,5769788.5031],[32558412.6698,5769786.5033],[32558398.3652,5769781.0055],[32558392.3145,5769770.011],[32558391.7735,5769757.5176],[32558394.9952,5769746.0237],[32558403.9789,5769733.5305],[32558437.9625,5769700.5493],[32558455.7586,5769700.5501],[32558470.5263,5769694.0542],[32558482.0037,5769677.5633],[32558489.964,5769658.5735],[32558497.6913,5769645.081],[32558505.9342,5769636.0861],[32558525.4419,5769622.5942],[32558535.9295,5769610.1012],[32558545.6539,5769594.11],[32558561.5305,5769552.527],[32558580.952,5769501.6597],[32558598.8636,5769459.1825],[32558613.8087,5769429.6985],[32558628.5462,5769413.7076],[32558646.3058,5769402.2145],[32558666.0817,5769394.22],[32558687.4802,5769390.041],[32558787.6009,5769379.7365],[32558930.8829,5769356.0002],[32558969.4809,5769344.7711],[32558997.0192,5769332.7799],[32559046.8208,5769305.2989],[32559059.569,5769293.3062],[32559072.8261,5769283.8124],[32559088.8515,5769277.8171],[32559137.4701,5769273.325],[32559166.7802,5769266.8318],[32559189.8095,5769255.84],[32559206.5626,5769241.8488],[32559218.0484,5769226.8575],[32559223.0026,5769207.3676],[32559221.6669,5769180.3804],[32559215.3008,5769147.8952],[32559207.8085,5769120.9996],[32559205.416,5769112.4111],[32559192.2936,5769083.9232],[32559177.2038,5769067.9291],[32559159.8807,5769059.4312],[32559144.8427,5769060.429],[32559121.2922,5769064.9243],[32559080.472,5769078.4134],[32559064.1913,5769082.9094],[32559043.6399,5769084.4067],[32559014.0503,5769081.4051],[32558982.686,5769071.9068],[32558956.5663,5769055.9122],[32558936.2047,5769037.4196],[32558922.1101,5769018.9274],[32558914.0257,5768998.4369],[32558910.9474,5768975.448],[32558912.8811,5768951.9597],[32558919.5869,5768931.4702],[32558940.8064,5768902.4863],[32558948.278,5768886.4947],[32558949.2137,5768864.5055],[32558943.9861,5768841.6898],[32558926.9065,5768783.5434],[32558897.0652,5768698.0832],[32558887.2398,5768682.0904],[32558876.4376,5768674.5934],[32558866.9361,5768682.5888],[32558837.2122,5768769.8535],[32558817.7421,5768827.0146],[32558810.02,5768843.0062],[32558800.5368,5768856.9987],[32558785.5265,5768866.9928],[32558762.4762,5768870.9895],[32558741.1486,5768864.4916],[32558731.3202,5768847.4996],[32558729.9965,5768824.511],[32558734.6862,5768800.5232],[32558743.3958,5768779.5341],[32558765.0814,5768739.0553],[32558773.0283,5768714.5679],[32558787.2217,5768654.6912],[32558812.757,5768546.9669],[32558839.604,5768433.7092],[32558878.3591,5768369.2463],[32558896.7099,5768335.2598],[32558918.8635,5768283.7857],[32558956.5939,5768161.3462],[32558967.0464,5768136.3586],[32558981.279,5768117.868],[32559000.2884,5768103.8755],[32559038.5838,5768084.3865],[32559087.9095,5768064.8983],[32559115.6961,5768051.9059],[32559136.9526,5768034.915],[32559151.1869,5768016.9241],[32559162.9143,5767998.9333],[32559171.3751,5767978.4432],[32559176.5633,5767953.4551],[32559177.23,5767925.468],[32559172.8921,5767900.4793],[32559163.2959,5767877.4894],[32559148.4443,5767857.4978],[32559117.7719,5767828.5098],[32558993.3571,5767722.0552],[32558934.2659,5767663.0817],[32558901.5668,5767627.0982],[32558880.1777,5767600.6106],[32558869.0926,5767582.619],[32558864.0301,5767566.6265],[32558870.2528,5767552.1334],[32558893.2762,5767539.1396],[32558949.5746,5767518.9231],[32559038.0139,5767487.1651],[32559074.3086,5767469.1739],[32559087.566,5767459.6785],[32559094.307,5767450.6827],[32559134.4002,5767445.1861],[32559172.2099,5767430.6935],[32559202.5204,5767423.1977],[32559283.2026,5767410.206],[32559329.8217,5767407.209],[32559375.452,5767408.7101],[32559438.8906,5767413.211],[32559427.1508,5767427.2044],[32559418.427,5767443.6968],[32559414.9677,5767460.1894],[32559419.2676,5767472.6842],[32559450.9356,5767499.1742],[32559486.8592,5767523.6656],[32559498.6753,5767534.6615],[32559517.5855,5767570.1473],[32559527.9127,5767586.141],[32559542.2387,5767598.1368],[32559558.8088,5767606.1344],[32559577.8782,5767611.6334],[32559590.6367,5767615.3616],[32559596.6969,5767617.1324],[32559637.4646,5767668.1136],[32559655.3477,5767695.6032],[32559670.4791,5767725.0919],[32559683.6173,5767758.5787],[32559713.765,5767862.0372],[32559728.1871,5767905.5199],[32559744.3654,5767949.5027],[32559762.5699,5767992.4258],[32559799.1403,5768072.4559],[32559878.6989,5768246.2644],[32559901.6409,5768242.4404],[32559932.9898,5768271.1761],[32559959.1139,5768302.5241],[32559980.0131,5768312.9732],[32560017.2152,5768316.3548],[32560004.3969,5768299.3851],[32559998.3195,5768279.3926],[32559998.6278,5768270.9607],[32559999.0139,5768260.4007],[32560003.7209,5768241.9092],[32560010.9378,5768224.4175],[32560013.6392,5768205.9256],[32560009.072,5768187.9326],[32559999.4984,5768172.4378],[32559987.4347,5768162.4404],[32559953.7793,5768141.9448],[32559907.5435,5768106.4541],[32559886.1722,5768085.9601],[32559871.3249,5768067.4663],[32559859.9874,5768048.9728],[32559811.6505,5767950.0699],[32559766.3466,5767858.0948],[32559742.6872,5767810.062],[32559733.0664,5767779.0743],[32559730.2371,5767755.584],[32559729.6733,5767735.0927],[32559732.373,5767716.101],[32559739.5868,5767697.6094],[32559750.8192,5767681.6171],[32559764.3246,5767671.1227],[32559779.8449,5767663.6272],[32559842.4743,5767649.1387],[32559870.0218,5767639.6451],[32559897.3034,5767625.1535],[32559947.0805,5767588.673],[32559965.5817,5767572.1813],[32559976.8219,5767558.6878],[32559992.2889,5767533.6992],[32560003.0368,5767523.2045],[32560016.3039,5767516.7082],[32560031.5949,5767516.2098],[32560046.1489,5767520.7094],[32560059.4603,5767528.7074],[32560082.0992,5767553.6996],[32560102.6991,5767567.6959],[32560130.8152,5767580.1938],[32560165.9388,5767588.6939],[32560207.3191,5767593.6963],[32560294.079,5767599.7031],[32560323.6827,5767606.7036],[32560348.2771,5767615.203],[32560368.3696,5767627.2006],[32560384.4569,5767641.1972],[32560404.5524,5767654.1945],[32560431.897,5767660.1954],[32560468.9838,5767654.7016],[32560506.5415,5767639.2119],[32560534.5652,5767621.2218],[32560554.8125,5767601.7313],[32560569.2967,5767583.2397],[32560649.6186,5767450.7963],[32560731.7609,5767339.8439],[32560775.4383,5767275.8702],[32560777.4023,5767272.0674],[32560789.8936,5767247.8812],[32560799.8376,5767220.3914],[32560803.7678,5767193.9007],[32560820.9485,5767237.3876],[32560852.7477,5767306.3676],[32560871.1344,5767334.36],[32560893.5324,5767362.3529],[32560920.4491,5767392.3458],[32560884.3996,5767409.3361],[32560871.6398,5767417.8319],[32560862.4049,5767431.3263],[32560855.2032,5767453.8178],[32560853.5367,5767482.8077],[32560860.9075,5767515.7971],[32560877.8006,5767547.2883],[32560901.1889,5767571.2828],[32560930.8175,5767586.2811],[32560966.1773,5767589.7842],[32560997.2416,5767582.2905],[32561016.7476,5767566.2983],[32561028.2176,5767545.8066],[32561035.6671,5767522.3153],[32561031.8229,5767494.824],[32561015.185,5767464.8321],[32560988.0025,5767429.8406],[32561007.2928,5767425.3443],[32561023.3028,5767413.8498],[32561036.5215,5767391.3586],[32561040.1844,5767359.3695],[32561034.3114,5767324.3803],[32561023.4305,5767291.3899],[32561011.8203,5767265.897],[32560982.0983,5767220.4088],[32560968.9839,5767194.9159],[32560963.8857,5767167.4243],[32560968.0728,5767142.9326],[32560979.8024,5767125.4392],[32561000.8262,5767113.9449],[32561032.1504,5767109.4491],[32561078.0381,5767112.4522],[32561132.7207,5767121.9543],[32561184.9038,5767133.9554],[32561222.5415,5767144.4557],[32561246.9026,5767158.4537],[32561266.5217,5767179.4491],[32561280.8868,5767203.9432],[32561294.5532,5767245.9317],[32561302.1261,5767262.9274],[32561312.1941,5767275.9244],[32561325.749,5767281.4242],[32561339.5316,5767279.4262],[32561350.0414,5767272.9292],[32561357.5319,5767262.933],[32561362.0034,5767249.4375],[32561371.9857,5767234.443],[32561392.2562,5767222.4485],[32561419.0724,5767219.4521],[32561448.1879,5767230.4517],[32561487.3865,5767259.4473],[32561593.4452,5767344.9335],[32561648.9931,5767391.4261],[32561693.2165,5767423.9217],[32561711.7931,5767431.9215],[32561730.3468,5767432.4234],[32561744.86,5767425.6511],[32561749.6238,5767423.4281],[32561767.1215,5767406.4349],[32561780.0927,5767384.9424],[32561789.0478,5767361.9496],[32561794.7424,5767338.4567],[32561794.1723,5767315.9629],[32561785.5827,5767294.468],[32561769.984,5767276.4713],[32561749.1356,5767263.4728],[32561724.2836,5767252.9731],[32561673.8137,5767227.4752],[32561649.1941,5767210.9773],[32561620.0649,5767195.4788],[32561580.9074,5767179.9794],[32561529.7191,5767165.4786],[32561474.7749,5767152.477],[32561412.5618,5767139.9748],[32561322.5297,5767130.4692],[32561294.1864,5767125.9679],[32561277.8554,5767114.4699],[32561264.2516,5767092.975],[32561254.3929,5767066.4821],[32561250.6044,5767044.6335],[32561249.7992,5767039.9896],[32561254.486,5767014.9975],[32561268.7041,5766991.5056],[32561314.9021,5766932.0267],[32561327.1237,5766911.5336],[32561333.5714,5766888.5406],[32561328.9851,5766864.5472],[32561295.1957,5766801.0628],[32561282.5299,5766758.574],[32561283.1268,5766708.0883],[32561294.2484,5766656.1035],[32561311.7179,5766606.9416],[32561335.8418,5766567.1302],[32561374.3377,5766530.642],[32561385.9733,5766524.0024],[32561423.3892,5766502.6518],[32561425.5905,5766501.8703],[32561461.6424,5766489.0711],[32561472.7255,5766485.1363],[32561526.0837,5766472.1643],[32561570.9366,5766464.6683],[32561629.8305,5766457.6727],[32561791.9834,5766447.6822],[32561881.0818,5766445.6866],[32561970.182,5766443.6909],[32562000.7468,5766439.1932],[32562027.5457,5766432.6957],[32562053.8304,5766422.1991],[32562066.2661,5766413.3612],[32562076.3379,5766406.2033],[32562091.2957,5766380.7091],[32562097.9631,5766349.2158],[32562098.6084,5766315.7226],[32562092.2356,5766282.2291],[32562087.7428,5766271.1978],[32562079.6749,5766251.3889],[32562055.9196,5766212.2419],[32562028.7318,5766175.2486],[32561996.5215,5766135.2557],[32561931.6982,5766086.2644],[32561878.1908,5766048.7712],[32561834.7457,5766022.7759],[32561793.076,5766003.2795],[32561689.1627,5765957.7883],[32561620.9162,5765935.7927],[32561593.8126,5765925.295],[32561572.4693,5765913.2976],[32561567.4556,5765907.6044],[32561560.143,5765899.3007],[32561565.1066,5765883.804],[32561574.0887,5765870.8069],[32561589.8478,5765860.809],[32561623.6997,5765865.308],[32561651.5456,5765872.8064],[32561674.139,5765883.804],[32561690.72,5765895.8015],[32561721.6055,5765913.2979],[32561775.1744,5765891.3024],[32561822.2217,5765867.8071],[32561864.9936,5765839.8124],[32561898.3783,5765806.3234],[32561924.4305,5765768.364],[32561942.2933,5765728.3924],[32561950.454,5765690.9032],[32561979.3473,5765712.3991],[32561981.9894,5765714.0101],[32562007.2237,5765729.3966],[32562036.844,5765742.897],[32562066.9462,5765749.9046],[32562097.791,5765753.4208],[32562127.3684,5765751.9479],[32562152.9194,5765744.9846],[32562177.2041,5765733.5325],[32562201.2313,5765719.5899],[32562204.05,5765717.0622],[32562221.2349,5765701.652],[32562233.4527,5765679.2122],[32562239.6469,5765654.7669],[32562242.0814,5765630.8145],[32562239.4985,5765605.8555],[32562229.89,5765578.8885],[32562218.1332,5765564.2956],[32562207.7463,5765551.403],[32562176.5893,5765527.398],[32562136.9107,5765503.8787],[32562174.7604,5765503.437],[32562195.9237,5765499.5792],[32562210.0825,5765496.9983],[32562245.1237,5765482.0669],[32562272.8687,5765459.6291],[32562293.0826,5765434.1791],[32562322.2414,5765387.2466],[32562332.6882,5765364.7704],[32562339.1221,5765341.2899],[32562342.7893,5765314.8079],[32562355.0374,5765305.868],[32562371.5337,5765293.8274],[32562375.7426,5765278.8358],[32562375.685,5765261.8438],[32562369.0933,5765239.8517],[32562344.5578,5765175.867],[32562298.1158,5765023.5337],[32562268.6716,5764926.9546],[32562432.1529,5764993.1468],[32562491.3554,5765007.9968],[32562506.6973,5765011.8451],[32562547.7356,5765067.5326],[32562614.4192,5765152.4832],[32562641.8209,5765174.8582],[32562670.6986,5765186.8806],[32562722.9228,5765197.2881],[32562751.4114,5765199.5367],[32562789.4313,5765195.3503],[32562832.5429,5765185.3298],[32562851.1736,5765176.6047],[32562872.9799,5765166.3924],[32562950.7599,5765122.9526],[32562988.7512,5765105.5026],[32563023.0807,5765093.0103],[32563065.7393,5765083.5041],[32563118.1331,5765076.0352],[32563182.4569,5765069.541],[32563294.2623,5765074.5725],[32563345.8912,5765073.0697],[32563390.9921,5765068.0674],[32563431.5766,5765061.5683],[32563590.1013,5765032.1153],[32563553.9874,5765012.6236],[32563517.84,5764995.6284],[32563477.1827,5764979.1305],[32563440.8102,5764970.1282],[32563411.2242,5764967.124],[32563386.1578,5764966.6201],[32563338.2617,5764959.6196],[32563246.0467,5764967.1179],[32563210.7084,5764968.1198],[32563129.9931,5764966.1186],[32563053.5181,5764957.5824],[32562984.1765,5764956.0898],[32562920.9616,5764964.0543],[32562823.1475,5764992.2088],[32562761.3014,5764944.1072],[32562766.2117,5764880.261],[32562774.517,5764847.0383],[32562766.7686,5764841.9761],[32562732.101,5764815.9566],[32562697.0241,5764789.6299],[32562656.8496,5764772.6351],[32562588.3614,5764749.1214],[32562414.3107,5764694.5913],[32562359.939,5764676.2463],[32562320.8146,5764663.0458],[32562575.9867,5764475.8263],[32562594.7422,5764456.8431],[32562601.708,5764440.3536],[32562601.1162,5764411.8689],[32562602.8167,5764394.8784],[32562608.2643,5764373.8909],[32562617.7191,5764351.8995],[32562631.6935,5764332.4071],[32562649.4466,5764318.9122],[32562668.9392,5764311.9148],[32562689.4195,5764309.9153],[32562710.1831,5764311.4144],[32562822.762,5764333.4041],[32562838.8165,5764334.9033],[32562849.5871,5764330.4049],[32562855.0752,5764321.4084],[32562854.7873,5764310.4128],[32562843.9364,5764289.9211],[32562775.849,5764182.4648],[32562727.8285,5764086.0177],[32562663.063,5763988.8705],[32562613.95,5763964.3149],[32562589.393,5763915.2027],[32562589.3923,5763866.0902],[32562617.6719,5763820.8414],[32562602.0478,5763767.1282],[32562622.1424,5763778.9239],[32562691.4481,5763819.6069],[32562725.8579,5763841.598],[32562854.5331,5763948.0557],[32562891.6541,5763973.7154],[32562915.0573,5763984.5408],[32562938.8932,5763992.0374],[32562965.2245,5763996.0354],[32563007.1188,5763999.0014],[32563106.3742,5764006.0283],[32563208.6457,5764007.5202],[32563190.3208,5763999.0284],[32563171.2503,5763992.5315],[32563123.0913,5763982.0366],[32563095.4874,5763972.0411],[32563069.884,5763960.546],[32563042.5045,5763942.0755],[32563011.3554,5763921.0619],[32562998.0347,5763914.2915],[32562987.7556,5763909.067],[32562941.5761,5763890.575],[32562921.7425,5763880.5792],[32562895.3616,5763861.087],[32562889.0648,5763851.5906],[32562887.0261,5763841.0946],[32562890.9997,5763829.5987],[32562902.9897,5763816.6032],[32562922.2645,5763808.6056],[32562924.2376,5763808.5623],[32562945.0725,5763808.1052],[32562967.1444,5763812.6029],[32563098.6101,5763851.0359],[32563046.1833,5763820.6417],[32563016.7453,5763803.5752],[32562938.7876,5763777.8722],[32562934.1342,5763776.338],[32562856.1573,5763750.6287],[32562921.6964,5763709.1041],[32562943.4933,5763693.0668],[32562924.1015,5763607.7484],[32562921.2209,5763573.8398],[32562921.2206,5763558.7862],[32562924.1005,5763535.745],[32562935.6208,5763524.2243],[32562958.6618,5763512.7034],[32562984.5829,5763509.823],[32563022.0248,5763509.8225],[32563039.3056,5763509.8222],[32563050.8261,5763506.9419],[32563068.1067,5763495.4211],[32563068.1065,5763481.0204],[32563062.3459,5763452.2191],[32563051.1936,5763437.35],[32563045.0647,5763429.1783],[32563039.3041,5763403.2571],[32563056.5844,5763371.5754],[32563079.6254,5763362.9347],[32563105.5466,5763362.9343],[32563145.8686,5763362.9338],[32563160.2694,5763374.4542],[32563200.592,5763414.7755],[32563200.1051,5763443.6201],[32563194.8325,5763475.2584],[32563180.4322,5763504.06],[32563154.5114,5763532.8617],[32563119.9502,5763561.6635],[32563096.9093,5763584.7049],[32563082.509,5763607.7463],[32563065.2287,5763642.3081],[32563073.8697,5763682.63],[32563110.5108,5763719.2701],[32563147.6886,5763678.4174],[32563176.6506,5763642.8778],[32563205.1063,5763605.8387],[32563228.0441,5763567.8046],[32563243.7113,5763529.2769],[32563259.799,5763465.7416],[32563262.7085,5763435.2291],[32563262.0766,5763394.7166],[32563258.1797,5763352.2067],[32563251.7924,5763314.7007],[32563239.3719,5763271.6977],[32563200.3991,5763156.1971],[32563227.4715,5763157.1843],[32563261.5731,5763161.6693],[32563293.6841,5763170.656],[32563341.4874,5763196.6596],[32563479.2337,5763271.5897],[32563497.8068,5763279.5834],[32563514.6141,5763284.0779],[32563527.15,5763284.0737],[32563700.8185,5763425.2482],[32563760.1894,5763473.5106],[32563747.1429,5763496.0067],[32563736.4537,5763523.0109],[32563722.3205,5763570.0195],[32563717.127,5763591.524],[32563714.6841,5763611.0277],[32563717.0048,5763631.0297],[32563725.0901,5763651.0294],[32563738.4309,5763668.5263],[32563756.7665,5763680.5201],[32563778.5899,5763686.0113],[32563802.15,5763686.0013],[32563826.9436,5763679.9905],[32563852.9691,5763667.4797],[32563876.2098,5763646.4706],[32563894.1625,5763617.9647],[32563902.922,5763599.5301],[32563904.2395,5763596.7576],[32563867.4507,5763570.4806],[32563830.1645,5763535.8587],[32563870.3821,5763473.7024],[32563934.6493,5763495.1239],[32563933.809,5763478.9681],[32563921.4297,5763448.9744],[32563899.81,5763428.9804],[32563873.4658,5763420.485],[32563854.7466,5763418.7102],[32563847.1414,5763417.9891],[32563833.7368,5763419.902],[32563779.468,5763391.5888],[32563682.6887,5763318.2733],[32563546.5053,5763226.4315],[32563542.2601,5763243.6513],[32563534.4775,5763226.5732],[32563517.6131,5763204.5791],[32563487.9535,5763178.5886],[32563447.2593,5763150.6015],[32563405.8198,5763124.6148],[32563234.9999,5763023.8009],[32563172.0295,5762987.197],[32563343.4474,5762905.1561],[32563365.7096,5762891.6551],[32563385.7012,5762873.6564],[32563402.669,5762850.6604],[32563413.366,5762826.1664],[32563416.5538,5762804.6727],[32563415.2286,5762782.6799],[32563382.8505,5762538.7748],[32563523.4812,5762623.7456],[32563583.2568,5762662.2335],[32563689.6104,5762735.3348],[32563777.3593,5762795.6483],[32563865.589,5762853.1814],[32563893.7084,5762868.1787],[32563920.0507,5762876.1794],[32563912.4794,5762860.1858],[32563908.6742,5762846.192],[32563909.8879,5762834.198],[32563919.6379,5762826.7034],[32563934.4136,5762823.2079],[32563954.2099,5762822.212],[32563884.3764,5762773.7233],[32563862.2587,5762754.7289],[32563808.9536,5762702.2457],[32563762.1976,5762659.7591],[32563701.1525,5762616.2711],[32563600.7013,5762555.2869],[32563622.2736,5762528.878],[32563630.9064,5762518.3096],[32563712.0452,5762498.3324],[32563734.5954,5762496.3371],[32563758.361,5762498.9079],[32563785.4912,5762501.8426],[32563808.0253,5762494.8497],[32563835.0414,5762478.8619],[32563862.0414,5762457.876],[32563884.5317,5762437.3888],[32563905.0415,5762424.3972],[32563928.344,5762422.4008],[32563950.6603,5762425.4017],[32563968.9729,5762430.4012],[32563994.1552,5762434.4284],[32564081.0346,5762439.903],[32564128.4059,5762440.4064],[32564164.7352,5762437.2196],[32564185.7567,5762427.2333],[32564193.7194,5762409.2489],[32564190.63,5762383.7667],[32564170.9852,5762354.2825],[32564134.7997,5762325.2932],[32564065.6445,5762278.7559],[32564012.9691,5762241.3199],[32563854.4878,5762138.5136],[32563862.9864,5762131.5161],[32563867.975,5762124.019],[32563868.9484,5762115.029],[32563863.14,5762101.5646],[32563840.7052,5762062.0784],[32563856.692,5762045.4244],[32563873.6922,5762031.9395],[32563894.208,5762020.454],[32563915.4836,5762011.4668],[32563935.4964,5761999.4814],[32563953.9958,5761984.4978],[32563970.726,5761965.0169],[32563984.4325,5761940.5389],[32564010.3224,5761885.6297],[32564029.55,5761863.2136],[32564055.5628,5761846.2882],[32564113.6239,5761818.354],[32564139.6404,5761802.3452],[32564211.3892,5761744.2326],[32564249.6671,5761722.5667],[32564268.8862,5761706.6314],[32564286.8796,5761681.6309],[32564295.0567,5761652.2276],[32564320.4599,5761679.7086],[32564344.0956,5761697.5132],[32564558.1286,5761676.5892],[32564550.996,5761667.4189],[32564547.4232,5761658.6499],[32564544.8248,5761639.8126],[32564545.4741,5761623.2488],[32564549.696,5761606.3601],[32564556.5162,5761595.967],[32564564.1226,5761590.3889],[32564561.8776,5761590.557],[32564532.807,5761584.9248],[32564469.4745,5761564.1396],[32564457.7822,5761557.969],[32564424.979,5761535.5595],[32564369.7386,5761493.7119],[32564383.4633,5761476.3813],[32564402.4587,5761459.8341],[32564430.4731,5761441.7925],[32564461.5053,5761426.773],[32564518.0817,5761404.7838],[32564546.129,5761396.8005],[32564575.9383,5761391.3182],[32564660.6423,5761386.8136],[32564691.1984,5761379.3252],[32564780.0719,5761347.0205],[32564748.811,5761312.9534],[32564743.0263,5761308.5013],[32566146.806,5761326.1817],[32566146.2188,5761328.9514],[32566129.5941,5761389.5227],[32566125.7557,5761410.0196],[32566124.9884,5761423.6124],[32566125.8975,5761470.1736],[32566131.4755,5761524.8111],[32566141.2367,5761580.5754],[32566143.605,5761588.0018],[32566156.2535,5761627.6649],[32566155.8983,5761671.7051],[32566153.2689,5761710.6173],[32566147.8635,5761744.8553],[32566138.9222,5761771.9414],[32566127.7065,5761791.9058],[32566114.962,5761804.3375],[32566101.6894,5761808.294],[32566156.6922,5761842.321],[32566203.1493,5761868.8507],[32566242.3133,5761887.888],[32566272.1704,5761896.8314],[32566299.5055,5761899.7853],[32566322.3093,5761898.277],[32566338.5861,5761891.1945],[32566438.0233,5761947.6701],[32566380.3494,5761941.1738],[32566334.9777,5761940.3563],[32566298.8711,5761937.1217],[32566278.8105,5761935.3246],[32566221.5741,5761935.6815],[32566221.4076,5761935.6826],[32566164.0066,5761936.0405],[32566130.3893,5761926.4804],[32566090.7424,5761912.4069],[32566010.1878,5761881.7489],[32565972.5398,5761865.6856],[32565867.3583,5761815.0714],[32565809.6094,5761783.5521],[32565782.2556,5761773.0392],[32565757.6973,5761774.5098],[32565741.4423,5761785.9803],[32565735.4748,5761800.9589],[32565737.0332,5761817.9398],[32565743.6076,5761835.9207],[32565756.6955,5761852.8988],[32565777.2963,5761867.8729],[32565807.4245,5761884.8686],[32565866.6873,5761918.2995],[32565915.4115,5761949.2742],[32566007.3457,5762011.2514],[32566111.1004,5762085.7567],[32566166.3768,5762127.7665],[32566203.3211,5762158.7662],[32566213.9574,5762172.6134],[32566227.4839,5762190.2235],[32566251.1728,5762230.1493],[32566276.6449,5762279.0553],[32566305.7312,5762282.6291],[32566320.8598,5762282.6806],[32566331.2972,5762282.7161],[32566354.0917,5762278.3185],[32566372.3492,5762265.9394],[32566389.336,5762248.0707],[32566404.5577,5762226.6932],[32566418.0217,5762203.8042],[32566428.7191,5762177.4127],[32566436.1447,5762146.5257],[32566441.0633,5762115.6356],[32566442.9798,5762087.235],[32566438.0233,5761947.6701],[32566472.9386,5761971.16],[32566490.2857,5761987.1533],[32566496.1892,5761994.5571],[32566504.6323,5762005.1459],[32566517.745,5762028.6364],[32566554.6077,5762110.6033],[32566641.54,5762333.9258],[32566654.9106,5762361.3753],[32566695.7484,5762435.2571],[32566712.8764,5762461.7223],[32566741.8105,5762495.6936],[32566755.9118,5762516.1701],[32566768.2732,5762541.6313],[32566775.6341,5762571.5723],[32566777.2253,5762600.0057],[32566774.5743,5762637.1641],[32566771.4625,5762680.781],[32566772.2503,5762770.5052],[32566802.3642,5762859.8525],[32566811.7253,5762898.4303],[32566831.762,5762981.0034],[32566848.3401,5763049.3232],[32566862.1644,5763139.5342],[32566872.1034,5763190.6863],[32566892.156,5763269.3899],[32566902.2508,5763290.9204],[32566918.6279,5763317.4427],[32566940.7815,5763347.4562],[32566996.6334,5763411.9658],[32567125.5304,5763583.7527],[32567171.5692,5763636.7316],[32567194.7381,5763672.986],[32567235.3274,5763743.9583],[32567267.0524,5763785.9417],[32567315.1014,5763838.4207],[32567378.4753,5763902.3951],[32567442.6007,5763966.3695],[32567472.5082,5763991.8592],[32567583.7847,5764069.8273],[32567617.6896,5764090.8186],[32567648.3212,5764105.483],[32567688.1973,5764121.8559],[32567727.3825,5764137.945],[32567745.4785,5764152.9415],[32567766.1083,5764176.4426],[32567768.2748,5764179.426],[32567784.9914,5764202.4455],[32567801.2234,5764230.3119],[32567818.2213,5764259.4931],[32567848.7319,5764302.8642],[32567866.0823,5764319.879],[32567890.9264,5764328.9321],[32567967.6824,5764344.9028],[32567998.7909,5764352.8876],[32568029.9185,5764366.8842],[32568070.8462,5764388.3939],[32568111.5303,5764412.4096],[32568142.6818,5764434.4165],[32568166.8168,5764456.918],[32568191.4725,5764485.4161],[32568214.8867,5764517.4114],[32568236.055,5764552.4041],[32568253.7204,5764589.3942],[32568268.1268,5764626.3829],[32568278.2586,5764659.3724],[32568282.8551,5764685.8671],[32568282.9364,5764711.3628],[32568280.0222,5764740.3663],[32568275.1043,5764767.8538],[32568268.9133,5764788.3456],[32568258.6976,5764803.8403],[32568243.4712,5764818.8368],[32568210.4903,5764842.3356],[32568193.2333,5764850.3382],[32568150.9429,5764865.3501],[32568055.8967,5764798.2226],[32567783.1948,5764605.6235],[32567662.2681,5764583.1351],[32567628.1671,5764578.1379],[32567542.3311,5764574.5385],[32567438.0968,5764574.5817],[32567396.7529,5764578.6446],[32567304.0584,5764592.8658],[32567265.7319,5764600.8546],[32567230.9191,5764610.3257],[32567193.6136,5764623.8134],[32567157.3239,5764640.8027],[32567128.5162,5764659.3825],[32567125.559,5764661.2898],[32567077.8258,5764703.2632],[32567056.0737,5764719.2516],[32567031.7972,5764729.7417],[32566949.6871,5764759.2095],[32566893.8687,5764781.6861],[32566855.5414,5764788.1741],[32566837.4948,5764788.1699],[32566818.6846,5764784.6672],[32566796.3522,5764777.1654],[32566773.2565,5764766.165],[32566755.8982,5764754.7796],[32566751.152,5764751.6665],[32566733.0449,5764733.1706],[32566724.8653,5764718.8598],[32566720.659,5764711.5007],[32566663.5927,5764700.0882],[32566599.6665,5764700.0891],[32566577.0616,5764711.1446],[32566554.8479,5764709.526],[32566546.0007,5764713.2512],[32566455.8069,5764749.8427],[32566382.3756,5764766.162],[32566387.3655,5764774.8941],[32566325.4084,5764793.9587],[32566327.5187,5764802.8901],[32566258.1135,5764843.378],[32566184.4451,5764877.7577],[32566042.0189,5764897.4047],[32565902.217,5764933.877],[32565903.8995,5764929.5113],[32565781.7234,5764966.166],[32565656.7585,5765007.8228],[32565657.4366,5765005.2031],[32565595.0969,5765039.8373],[32565520.7184,5765093.9322],[32565496.3005,5765096.0768],[32565468.0032,5765103.5785],[32565441.4685,5765113.5808],[32565423.457,5765124.0825],[32565409.7112,5765136.0841],[32565361.7718,5765192.0937],[32565321.5511,5765232.6075],[32565296.3015,5765252.618],[32565265.292,5765274.1324],[32565232.7719,5765293.6488],[32565203.4905,5765307.1637],[32565176.442,5765313.6766],[32565155.8098,5765314.0708],[32565025.3965,5765393.4557],[32564718.7182,5765584.4533],[32564701.2566,5765619.3777],[32564648.6509,5765654.3311],[32564578.3754,5765687.0186],[32564514.0419,5765724.1903],[32564451.6626,5765766.3628],[32564445.8741,5765801.0973],[32564445.8745,5765830.5649],[32564450.7858,5765840.3873],[32564455.9516,5765876.5439],[32564480.1506,5765884.6427],[32564499.2412,5765897.6361],[32564515.7166,5765913.5135],[32564567.5269,5765887.6074],[32564563.282,5765858.6773],[32564564.0456,5765843.1131],[32564564.4586,5765834.6982],[32564566.4647,5765827.3109],[32564572.3266,5765805.7252],[32564586.2342,5765776.263],[32564607.0153,5765751.7847],[32564634.0687,5765734.7973],[32564662.61,5765724.8012],[32564694.1718,5765718.8],[32564738.5821,5765700.8453],[32564769.6039,5765688.3034],[32564816.6333,5765661.3198],[32564929.1769,5765584.8174],[32564978.7117,5765555.8001],[32565026.5179,5765534.7786],[32565077.5937,5765517.2529],[32565154.2161,5765493.7126],[32565187.2547,5765479.1944],[32565236.3004,5765454.1674],[32565288.0884,5765424.6401],[32565329.6075,5765397.6199],[32565388.8699,5765354.5924],[32565413.8656,5765333.5822],[32565435.5962,5765310.5744],[32565453.5623,5765286.069],[32565493.7107,5765223.5623],[32565524.1574,5765183.5614],[32565543.3943,5765164.5619],[32565565.4093,5765152.062],[32565590.7056,5765146.5615],[32565618.5214,5765145.0609],[32565764.6497,5765147.064],[32565795.2178,5765144.0674],[32565824.2707,5765137.5722],[32565891.6212,5765115.588],[32565925.6645,5765102.0975],[32566198.1358,5764986.4626],[32566226.6506,5764973.9148],[32566278.73,5764950.9975],[32566331.5276,5764941.7048],[32566358.1523,5764937.0187],[32566346.623,5765097.9595],[32566342.4215,5765116.4515],[32566332.4529,5765133.942],[32566318.9637,5765147.4327],[32566303.7045,5765155.0637],[32566287.1646,5765156.0856],[32566271.1,5765152.086],[32566257.2747,5765141.5888],[32566248.1985,5765123.0941],[32566218.0833,5765031.4498],[32566202.3526,5765048.6154],[32566190.876,5765076.1069],[32566184.16,5765105.6003],[32566181.7772,5765132.4397],[32566178.0798,5765174.0871],[32566173.16,5765197.0829],[32566166.7217,5765212.5799],[32566135.1278,5765246.5713],[32566123.929,5765260.0662],[32566114.9635,5765274.5598],[32566109.7487,5765289.5535],[32566108.0448,5765305.0475],[32566109.8498,5765320.5419],[32566116.4122,5765334.5377],[32566128.9788,5765345.0355],[32566146.2913,5765350.5358],[32566167.344,5765350.0388],[32566196.4885,5765343.8939],[32566217.1077,5765339.5465],[32566226.8636,5765340.5463],[32566251.1736,5765352.043],[32566268.4476,5765356.0413],[32566288.6962,5765352.5407],[32566304.9156,5765338.0422],[32566313.3675,5765315.5457],[32566323.7938,5765265.5553],[32566375.2309,5765108.4624],[32566387.3829,5765066.9797],[32566391.7833,5765030.993],[32566393.144,5764984.5091],[32566392.4697,5764928.0282],[32566564.816,5764884.0735],[32566520.3294,5764929.0498],[32566510.8378,5764940.5441],[32566501.1092,5764956.5371],[32566493.1475,5764976.529],[32566489.4509,5764997.5214],[32566490.2578,5765015.5155],[32566494.8176,5765031.0111],[32566502.1273,5765044.008],[32566513.9391,5765053.5069],[32566530.2543,5765060.0073],[32566547.8126,5765063.0091],[32566563.1069,5765063.5113],[32566588.6146,5765060.7331],[32566627.2655,5765056.5233],[32566657.7285,5765056.1119],[32566690.9558,5765060.5315],[32566778.787,5765089.0351],[32566815.1651,5765098.0376],[32566835.2266,5765100.04],[32566854.0174,5765096.5444],[32566877.5507,5765086.5521],[32566968.6474,5765039.5875],[32567027.9423,5765005.1144],[32567065.984,5764987.6302],[32567107.8021,5764975.6445],[32567149.3915,5764970.6557],[32567186.2318,5764969.6639],[32567234.8629,5764972.1727],[32567247.8926,5764971.1757],[32567260.1587,5764966.6803],[32567271.4123,5764959.1858],[32567281.1505,5764948.1927],[32567288.12,5764933.7005],[32567291.068,5764915.709],[32567289.7534,5764897.217],[32567284.4323,5764879.7236],[32567271.3214,5764856.2316],[32567228.7426,5764789.2531],[32567249.731,5764792.0213],[32567346.3446,5764804.7636],[32567391.2369,5764812.7656],[32567432.1258,5764822.7658],[32567478.2919,5764836.7645],[32567519.6989,5764851.7653],[32567546.309,5764864.2665],[32567677.0819,5764920.25],[32567731.042,5764941.5021],[32567778.4823,5764962.8494],[32567828.1999,5764990.3129],[32567859.6933,5765010.5173],[32567874.9176,5765020.2844],[32567913.8636,5765049.7657],[32567945.7865,5765077.7514],[32567974.4535,5765106.7377],[32567998.1037,5765134.225],[32568015.7247,5765157.7146],[32568039.4113,5765196.6998],[32568052.7473,5765212.6933],[32568056.3039,5765214.9882],[32568071.334,5765224.6863],[32568100.8773,5765234.6814],[32568138.4535,5765244.1789],[32568175.9695,5765250.6773],[32568203.9908,5765253.1767],[32568244.6313,5765250.2715],[32568279.4032,5765251.6901],[32568306.7527,5765262.1833],[32568331.6627,5765279.4911],[32568352.5216,5765304.037],[32568386.8772,5765349.4483],[32568429.8283,5765443.9552],[32568494.8416,5765661.4499],[32568508.435,5765693.1294],[32568508.8499,5765694.0004],[32568470.3523,5768493.8573],[32568470.2841,5768493.954],[32568446.6644,5768467.6175],[32568432.8464,5768450.0984],[32568415.2929,5768427.8433],[32568376.0403,5768372.3468],[32568344.5479,5768319.8619],[32568303.3617,5768219.3504],[32568255.4919,5768082.3049],[32568231.1624,5768014.1682],[32568219.0354,5767988.6783],[32568202.6522,5767963.1882],[32568180.5097,5767937.1981],[32568151.3555,5767910.2084],[32568113.864,5767883.1501],[32568071.0537,5767860.7262],[32568022.9253,5767844.231],[32567980.0493,5767834.7328],[32567937.1695,5767828.7335],[32567954.3934,5767806.7431],[32567976.1259,5767787.2525],[32568006.582,5767769.2613],[32568038.0414,5767756.2677],[32568064.5233,5767747.7715],[32568110.0452,5767738.2753],[32568130.58,5767736.7757],[32568146.8562,5767733.7767],[32568159.599,5767722.2808],[32568168.5345,5767694.2909],[32568172.9441,5767658.8038],[32568173.7885,5767600.325],[32568176.9894,5767577.8326],[32568183.2068,5767558.8392],[32568190.6842,5767543.8447],[32568201.4245,5767532.3486],[32568235.1923,5767513.8565],[32568252.4368,5767499.8622],[32568266.1619,5767482.3691],[32568273.8628,5767461.8768],[32568281.9931,5767419.3927],[32568293.6332,5767376.9084],[32568302.854,5767360.9145],[32568316.1106,5767352.9178],[32568332.1418,5767350.4193],[32568350.9345,5767349.4204],[32568399.5577,5767350.9223],[32568420.8498,5767347.9246],[32568431.589,5767336.4296],[32568430.2833,5767319.9354],[32568421.7163,5767305.4401],[32568409.5662,5767290.8616],[32568382.9741,5767258.9545],[32568337.159,5767194.9745],[32568329.0885,5767178.9798],[32568321.4818,5767150.989],[32568313.0264,5767092.0087],[32568312.4348,5767063.0184],[32568318.3568,5767033.0289],[32568330.039,5767001.5401],[32568343.7329,5766972.0508],[32568375.0617,5766914.6574],[32568389.8408,5766887.5824],[32568398.0476,5766866.5901],[32568401.5002,5766848.0966],[32568400.4492,5766832.1018],[32568395.6493,5766819.6056],[32568387.8585,5766812.6072],[32568342.4423,5766795.6092],[32568321.6075,5766785.1111],[32568301.517,5766772.114],[32568285.1814,5766757.6176],[32568274.6059,5766741.6222],[32568270.5441,5766724.6275],[32568273.2512,5766708.133],[32568280.4759,5766693.6383],[32568289.9654,5766682.1428],[32568300.2175,5766674.1462],[32568325.5034,5766664.6514],[32568335.691,5766656.3204],[32568388.8855,5766659.4012],[32568435.7822,5766669.295],[32568458.6213,5766674.1134],[32568495.1691,5766685.3492],[32568496.3352,5766600.5949],[32568374.8894,5766579.4757],[32568168.6164,5766569.656],[32568006.2064,5766592.0598],[32568018.4029,5766579.4807],[32568019.1973,5766578.6613],[32568035.6792,5766558.1683],[32567942.7979,5766513.6788],[32567813.271,5766454.6933],[32567779.3885,5766441.1967],[32567749.53,5766432.1989],[32567721.9399,5766427.1999],[32567694.8661,5766427.1996],[32567654.083,5766431.81],[32567632.9688,5766434.1969],[32567613.1667,5766434.6964],[32567592.3498,5766431.1971],[32567574.2718,5766421.6994],[32567559.9403,5766407.703],[32567551.1144,5766390.7076],[32567627.9432,5766347.7209],[32567661.4856,5766331.226],[32567690.2816,5766320.2296],[32567748.894,5766304.2355],[32567778.443,5766293.7395],[32567810.2343,5766278.7452],[32567843.2679,5766260.2523],[32567898.8079,5766224.2671],[32567926.3325,5766208.2743],[32567962.1236,5766190.7829],[32568056.9974,5766150.3059],[32568121.8471,5766128.3206],[32568099.4635,5766103.8275],[32568074.8459,5766086.3314],[32568044.2435,5766078.831],[32568013.6705,5766080.8271],[32567986.8649,5766085.3228],[32567933.7631,5766097.3132],[32567905.4448,5766099.31],[32567881.1184,5766095.3093],[32567863.8073,5766090.3096],[32567857.5331,5766087.8099],[32567844.425,5766063.8171],[32567827.8182,5766043.3228],[32567804.202,5766025.8269],[32567778.0973,5766014.3286],[32567752.7583,5766007.3288],[32567726.1826,5766005.8273],[32567695.8648,5766010.3234],[32567661.3029,5766020.8177],[32567625.7482,5766034.8112],[32567562.162,5766064.2992],[32567535.617,5766073.7955],[32567512.0651,5766078.2934],[32567488.2534,5766079.7922],[32567452.1275,5766071.2934],[32567422.2615,5766060.2955],[32567398.6493,5766044.7989],[32567363.726,5766003.2704],[32567330.9695,5765964.3184],[32567293.5476,5765941.8231],[32567268.9429,5765929.8252],[32567227.3284,5765930.323],[32567189.4857,5765934.3197],[32567152.9159,5765944.3144],[32567104.115,5765970.3024],[32567034.0725,5766013.2787],[32566903.1573,5766100.1039],[32566833.4758,5766146.3178],[32566775.3484,5766177.3041],[32566718.2819,5766202.2894],[32566615.625,5766235.2747],[32566573.5756,5766253.2708],[32566536.0426,5766272.7686],[32566484.7161,5766304.7399],[32566393.9651,5766361.2688],[32566335.1691,5766393.7773],[32566296.8707,5766409.285],[32566264.2836,5766408.2937],[32566137.6394,5766387.3318],[32566107.3079,5766386.3408],[32566071.7322,5766391.3505],[32566033.4156,5766401.3599],[32565995.1183,5766417.3672],[32565521.3201,5766641.5498],[32565293.7509,5766749.2266],[32565171.1021,5766802.2596],[32564988.4628,5766875.7075],[32564945.4749,5766895.26],[32564905.3362,5766920.2873],[32564870.941,5766950.2273],[32564845.1053,5766984.6443],[32564826.9468,5767026.6214],[32564819.6927,5767051.0052],[32564786.9586,5767159.9858],[32564766.7065,5767195.0072],[32564741.6048,5767232.0322],[32564709.1493,5767272.5094],[32564693.1507,5767285.8452],[32564635.5093,5767320.2068],[32564601.8013,5767336.1525],[32564570.142,5767347.6362],[32564389.9048,5767405.6861],[32564351.6389,5767413.2037],[32564321.0676,5767413.2013],[32564293.7338,5767407.698],[32564305.5687,5767424.5252],[32564329.2385,5767458.1795],[32564344.388,5767458.6835],[32564374.6021,5767459.6888],[32564427.9549,5767526.6673],[32564436.5259,5767541.662],[32564450.1711,5767575.1481],[32564468.7534,5767631.1688],[32564478.0195,5767659.1038],[32564484.592,5767676.0939],[32564496.4423,5767697.583],[32564513.5537,5767718.5752],[32564533.4035,5767734.0738],[32564550.7288,5767744.0752],[32564567.7918,5767750.5787],[32564594.6283,5767757.0855],[32564630.4797,5767761.5932],[32564671.0861,5767764.5961],[32564711.3891,5767764.5789],[32564753.1405,5767761.0418],[32564891.2861,5767736.9554],[32564992.5596,5767725.029],[32565040.3588,5767721.0864],[32565075.2709,5767720.623],[32565093.343,5767728.6295],[32565099.4016,5767742.1188],[32565097.4421,5767761.5915],[32565031.0218,5767798.9714],[32565007.1471,5767814.4393],[32564948.0321,5767859.4225],[32564882.0484,5767878.983],[32564840.0053,5767894.697],[32564766.8456,5767922.0411],[32564721.0261,5767934.5143],[32564668.1835,5767945.9672],[32564573.9875,5767959.8573],[32564571.186,5767945.8724],[32564566.89,5767934.8819],[32564560.5968,5767926.386],[32564533.0901,5767915.9399],[32564493.3408,5767900.8445],[32564473.244,5767886.8402],[32564462.9012,5767865.8563],[32564458.555,5767838.8874],[32564458.0683,5767800.4705],[32564457.5492,5767759.4881],[32564452.4228,5767724.5239],[32564443.0202,5767685.0582],[32564428.3506,5767644.5868],[32564414.4811,5767616.573],[32564408.3572,5767636.9869],[32564398.3886,5767651.3864],[32564387.3123,5767659.1401],[32564361.8365,5767662.4633],[32564350.7601,5767660.2483],[32564321.968,5767637.5184],[32564323.3239,5767639.9988],[32564310.5444,5767640.9837],[32564293.7671,5767645.9581],[32564277.7554,5767655.4261],[32564267.0194,5767668.8945],[32564224.1314,5767742.2499],[32564206.391,5767760.7158],[32564165.1428,5767786.504],[32564119.2876,5767815.1725],[32564091.5049,5767836.1589],[32564030.787,5767885.6003],[32564004.8563,5767911.0605],[32563978.3592,5767933.5447],[32563948.5893,5767951.5387],[32563914.5504,5767967.0327],[32563898.0715,5767969.6334],[32563871.6453,5767973.804],[32563844.905,5767978.0242],[32563826.8822,5767985.5211],[32563807.8759,5767999.0166],[32563773.1264,5768027.5076],[32563758.3651,5768036.0044],[32563742.3396,5768041.0019],[32563726.3028,5768042.5],[32563711.2559,5768039.9991],[32563700.2002,5768031.4998],[32563693.6453,5768019.5017],[32563690.0884,5768004.5045],[32563733.1156,5767978.0138],[32563770.6302,5767952.0226],[32563804.8768,5767923.0315],[32563869.3484,5767861.5491],[32563899.0929,5767835.5542],[32563939.8349,5767805.6008],[32563960.6737,5767786.6277],[32563975.8024,5767768.147],[32563977.4884,5767755.6546],[32563968.4437,5767748.1547],[32563956.6629,5767743.6519],[32563942.666,5767744.6447],[32563926.979,5767753.1309],[32563822.664,5767841.5489],[32563785.9094,5767870.0401],[32563569.847,5768026.4875],[32563508.0704,5768068.471],[32563460.0317,5768095.4592],[32563357.4361,5768148.9344],[32563318.1654,5768174.4234],[32563103.5798,5768322.3584],[32563019.7891,5768377.8322],[32562891.4625,5768458.292],[32562856.6919,5768482.78],[32562756.4278,5768562.2805],[32562667.6069,5768632.7076],[32562627.3241,5768659.6931],[32562587.2784,5768682.1798],[32562515.4051,5768708.6598],[32562451.5666,5768739.1397],[32562426.5196,5768750.0356],[32562379.207,5768770.6174],[32562345.665,5768788.1059],[32562316.3909,5768807.5946],[32562235.8721,5768877.0576],[32562222.891,5768877.0554],[32562183.1161,5768930.0901],[32562172.9917,5768943.5896],[32562131.6195,5769005.6497],[32562084.5907,5769052.6207],[32562034.4965,5769093.8759],[32561996.1888,5769099.7699],[32561969.3251,5769088.2575],[32561967.9338,5769083.3882],[32561957.4717,5769046.7726],[32561966.7204,5769041.9866],[32561966.7202,5769026.1016],[32561990.2934,5768973.0597],[32562037.4408,5768902.3365],[32562056.1956,5768874.2036],[32562025.3163,5768875.0621],[32561966.2998,5768876.7028],[32561937.5358,5768877.5024],[32561924.2666,5768883.498],[32561914.0298,5768897.4912],[32561904.0617,5768917.4825],[32561895.6126,5768942.4722],[32561882.0085,5769003.9482],[32561860.6983,5769087.4147],[32561839.4006,5769091.409],[32561829.8859,5769095.4056],[32561779.0788,5769123.8853],[32561758.2406,5769113.8847],[32561714.8198,5769097.3818],[32561692.7475,5769093.8788],[32561671.1887,5769094.3742],[32561628.5919,5769101.8629],[32561551.1854,5769121.8398],[32561500.3562,5769226.2903],[32561476.6387,5769279.8413],[32561464.4985,5769307.2521],[32561455.017,5769322.2444],[32561442.518,5769334.2371],[32561429.2565,5769342.731],[32561416.4843,5769347.2265],[32561350.5745,5769355.2091],[32561329.5294,5769359.7028],[32561309.7436,5769366.1961],[32561229.6209,5769399.6654],[32561198.5809,5769415.1525],[32561170.8046,5769432.1396],[32561130.5386,5769464.118],[32561048.5326,5769538.0697],[32561005.4731,5769558.0519],[32560971.6547,5769566.5407],[32560950.1054,5769570.0345],[32560904.3608,5769556.5316],[32560812.8532,5769529.5203],[32560794.938,5769519.898],[32560774.6857,5769509.0204],[32560759.8661,5769499.5211],[32560748.5562,5769490.0225],[32560738.4921,5769478.0252],[32560727.4055,5769461.7586],[32560715.3256,5769444.0344],[32560704.5155,5769434.0362],[32560691.2031,5769425.5369],[32560661.163,5769411.2361],[32560639.7367,5769401.036],[32560619.1435,5769389.0366],[32560583.2066,5769360.0411],[32560568.1362,5769350.5419],[32560553.5763,5769344.0415],[32560544.79,5769340.0414],[32560533.2505,5769337.54],[32560516.2002,5769336.5368],[32560498.9068,5769338.0327],[32560487.1424,5769344.0276],[32560482.1632,5769355.5217],[32560484.2201,5769372.5149],[32560495.9936,5769410.6155],[32560508.7777,5769451.9863],[32560513.0999,5769471.9786],[32560514.4048,5769488.9717],[32560514.4652,5769508.9632],[32560512.2648,5769527.4547],[32560506.7949,5769542.4471],[32560499.3073,5769553.4408],[32560490.311,5769562.9347],[32560477.5439,5769568.9293],[32560458.2435,5769569.9247],[32560439.1758,5769564.9226],[32560425.8589,5769554.9241],[32560398.4517,5769527.9299],[32560371.558,5769504.9341],[32560359.0054,5769498.934],[32560340.7063,5769499.43],[32560319.6739,5769507.9218],[32560301.6679,5769522.4116],[32560287.6837,5769540.4008],[32560278.9654,5769558.8908],[32560254.1742,5769634.4103],[32560244.6803,5769661.3383],[32560230.7385,5769693.321],[32560214.0286,5769721.8047],[32560192.3109,5769752.2864],[32560168.8308,5769780.2688],[32560147.0846,5769801.2546],[32560128.0761,5769815.7439],[32560109.0601,5769827.7344],[32560088.531,5769836.7259],[32560064.4816,5769842.2182],[32560041.6704,5769842.713],[32560019.1226,5769837.7647],[32559989.2418,5769831.2071],[32559934.326,5769826.1979],[32559923.8017,5769827.695],[32559917.0437,5769831.192],[32559912.2989,5769837.1882],[32559912.6959,5769846.76],[32559917.3673,5769855.181],[32559941.7811,5769887.1714],[32559951.3634,5769905.6649],[32559952.9115,5769920.1586],[32559944.1647,5769929.1526],[32559928.3851,5769933.6472],[32559908.8361,5769935.1423],[32559852.4287,5769934.131],[32559834.8853,5769935.6265],[32559817.1002,5769940.1208],[32559802.0789,5769946.6146],[32559792.7878,5769954.2001],[32559788.5949,5769964.1038],[32559788.3823,5769976.5978],[32559792.4524,5769999.4961],[32559796.2887,5770021.0786],[32559797.2434,5770036.5567],[32559795.1159,5770047.5659],[32559789.3669,5770053.0622],[32559781.5956,5770053.0606],[32559765.026,5770045.0609],[32559757.7563,5770045.0594],[32559751.0061,5770051.0551],[32559740.3178,5770081.0389],[32559733.3367,5770093.5315],[32559723.835,5770101.5258],[32559710.3057,5770104.0218],[32559693.7468,5770099.5206],[32559676.667,5770088.5223],[32559642.7456,5770062.5278],[32559626.1594,5770049.0309],[32559577.3791,5770000.5445],[32559563.0643,5769992.0458],[32559547.7741,5769992.5427],[32559533.7572,5769999.5367],[32559523.2652,5770011.529],[32559519.3086,5770028.5201],[32559523.1988,5770069.5011],[32559522.3323,5770087.4577],[32559509.6119,5770131.9685],[32559500.4111,5770154.9557],[32559489.4462,5770174.9439],[32559473.2128,5770193.4318],[32559450.9686,5770213.4179],[32559405.7123,5770248.3924],[32559386.2029,5770261.3824],[32559346.1626,5770281.3652],[32559324.8964,5770214.8939],[32559313.7787,5770186.9056],[32559299.9293,5770166.913],[32559279.1815,5770153.915],[32559237.5506,5770082.5506],[32559215.7411,5770052.8113],[32559156.7926,5769972.4291],[32559121.9009,5769988.4719],[32559078.634,5770018.4506],[32559041.3795,5770047.4026],[32559084.2924,5770054.5542],[32559080.7655,5770060.6397],[32559163.8822,5770102.1966],[32559233.2522,5770165.7844],[32559224.5345,5770182.8922],[32559222.0901,5770202.3821],[32559224.6634,5770223.3723],[32559236.841,5770269.3517],[32559241.1832,5770294.8398],[32559241.7592,5770318.3283],[32559239.0625,5770337.3184],[32559233.347,5770352.8098],[32559225.8671,5770365.3023],[32559200.5535,5770391.2857],[32559178.6486,5770413.7701],[32559166.1751,5770432.2588],[32559156.2238,5770455.7454],[32559149.2995,5770485.2295],[32559145.6527,5770520.7111],[32559145.0343,5770562.6902],[32559147.3165,5770649.6472],[32559125.5385,5770658.6388],[32559104.7552,5770665.1319],[32559083.2137,5770669.6259],[32559051.6365,5770671.1199],[32559026.803,5770665.1188],[32558962.5332,5770632.6249],[32558937.1936,5770625.1248],[32558913.6261,5770623.1246],[32558894.326,5770623.1247],[32558876.2856,5770625.1242],[32558862.9279,5770602.1335],[32558849.5703,5770579.143],[32558772.0581,5770481.1831],[32558757.4854,5770470.1876],[32558742.6778,5770464.1902],[32558725.6337,5770464.1905],[32558711.6164,5770470.1881],[32558703.3704,5770478.185],[32558699.3934,5770488.6809],[32558697.9308,5770501.6757],[32558699.4841,5770517.1695],[32558704.5448,5770532.1634],[32558712.8656,5770547.6571],[32558735.5243,5770579.1442],[32558747.1147,5770598.1364],[32558756.7015,5770617.6284],[32558762.5301,5770637.6204],[32558763.8454,5770657.1126],[32558761.4041,5770677.6043],[32558754.9493,5770697.0966],[32558745.2328,5770715.5892],[32558732.997,5770730.0836],[32558719.2431,5770740.0796],[32558701.9688,5770746.5773],[32558679.9259,5770751.0757],[32558657.8687,5770751.0759],[32558640.0519,5770744.5788],[32558625.4839,5770735.0828],[32558599.8523,5770714.5913],[32558587.0468,5770707.5942],[32558575.2615,5770706.095],[32558565.0056,5770712.5925],[32558560.7827,5770724.5876],[32558563.8302,5770737.0826],[32558592.0447,5770781.5645],[32558632.8266,5770837.0417],[32558614.0486,5770843.5393],[32558595.2705,5770850.0369],[32558576.7589,5770861.5325],[32558560.516,5770877.0265],[32558548.7879,5770893.5199],[32558543.5752,5770909.5136],[32558544.3732,5770924.0078],[32558550.6777,5770936.0029],[32558563.2341,5770943.4998],[32558583.2909,5770944.9989],[32558631.3903,5770937.0015],[32558676.2217,5770926.0055],[32558694.762,5770923.5062],[32558709.8105,5770926.5049],[32558722.1226,5770936.0008],[32558732.7056,5770953.4937],[32558737.3128,5770983.4817],[32558734.4307,5771022.9658],[32558721.8797,5771095.9366],[32558713.4659,5771129.923],[32558681.4231,5771221.3866],[32558669.6839,5771234.3816],[32558659.9611,5771250.875],[32558650.7505,5771270.8671],[32558600.8982,5771279.3643],[32558551.3124,5771292.8594],[32558501.2586,5771316.8505],[32558471.7407,5771335.3434],[32558441.9897,5771359.3341],[32558408.5058,5771391.8214],[32558337.3027,5771464.793],[32558257.6155,5771549.7599],[32558193.1545,5771614.7347],[32558170.1503,5771632.228],[32558142.6296,5771648.2219],[32558098.1041,5771669.5192],[32558041.2703,5771696.7037],[32558002.2483,5771721.6943],[32557988.7625,5771737.1883],[32557983.8052,5771754.6813],[32557984.8634,5771772.1743],[32557990.1733,5771786.6684],[32558001.778,5771810.1588],[32558004.5701,5771821.1543],[32558004.8558,5771832.1499],[32558000.387,5771845.6445],[32557982.9527,5771880.6308],[32557982.491,5771881.6423],[32557963.2675,5771917.1163],[32557952.0296,5771930.1113],[32557941.8636,5771936.6267],[32557938.7721,5771938.6081],[32557914.1234,5771950.9761],[32557887.9711,5771964.0985],[32557869.4643,5771977.0936],[32557849.9692,5771994.5868],[32557831.7368,5772015.0788],[32557817.5166,5772036.0706],[32557803.0759,5772066.5585],[32557767.0226,5772158.0224],[32557779.0936,5772170.5171],[32557779.7471,5772171.8562],[32557786.4102,5772185.5111],[32557787.2258,5772205.503],[32557776.0261,5772230.4931],[32557755.3079,5772257.4826],[32557650.4051,5772373.9374],[32557582.1985,5772443.4105],[32557556.2007,5772465.402],[32557530.1839,5772481.396],[32557506.4055,5772491.8921],[32557486.3645,5772495.391],[32557508.8761,5772559.365],[32557524.0711,5772608.3452],[32557529.9395,5772640.832],[32557535.5397,5772667.8212],[32557533.3141,5772677.3174],[32557521.2893,5772679.3167],[32557500.977,5772676.3182],[32557473.6305,5772668.3218],[32557476.3873,5772716.213],[32557478.4063,5772751.2885],[32557475.7128,5772771.2805],[32557469.5196,5772794.2714],[32557457.0539,5772815.2631],[32557440.0574,5772830.2574],[32557418.7918,5772842.7527],[32557396.9852,5772842.753],[32557383.2168,5772848.251],[32557362.4605,5772863.2453],[32557325.1786,5772883.7375],[32557299.1475,5772895.2333],[32557270.8557,5772905.2297],[32557244.0534,5772910.7279],[32557221.2442,5772910.7282],[32557190.2813,5772903.8403],[32557169.5733,5772899.2337],[32557156.5411,5772899.7337],[32557143.7658,5772902.2329],[32557135.5325,5772914.2281],[32557127.2992,5772926.2234],[32557098.167,5772987.1995],[32557085.7077,5773010.1904],[32557073.7241,5773025.1846],[32557059.9717,5773035.6806],[32557041.3279,5773047.1232],[32557021.6967,5773059.1718],[32557012.6988,5773067.1686],[32557005.2109,5773077.1647],[32556991.5159,5773105.6536],[32556982.1679,5773131.848],[32556977.6035,5773144.6381],[32556968.0795,5773223.6066],[32556876.2757,5773203.1161],[32556847.6951,5773201.1173],[32556817.3806,5773205.6159],[32556783.319,5773214.1129],[32556747.5363,5773233.1058],[32556734.7802,5773241.6025],[32556727.0371,5773250.0991],[32556722.3065,5773260.0952],[32556721.0898,5773271.5906],[32556723.8884,5773284.5854],[32556742.5946,5773320.7589],[32556755.1617,5773345.0607],[32556753.68,5773352.058],[32556744.6661,5773355.0569],[32556714.3405,5773356.0568],[32556699.3077,5773358.0562],[32556688.295,5773363.0543],[32556682.8061,5773371.0512],[32556683.3376,5773380.5473],[32556694.3966,5773390.0434],[32556778.4746,5773424.5286],[32556826.906,5773442.0209],[32556968.9147,5773486.0013],[32556986.5478,5773513.4901],[32557025.5389,5773557.4719],[32557054.533,5773582.0296],[32557079.826,5773603.4526],[32557092.9156,5773620.9453],[32557098.7458,5773641.4371],[32557098.659,5773692.9164],[32557096.2383,5773719.9055],[32557091.3049,5773744.8956],[32557084.1139,5773769.3858],[32557065.7376,5773823.3646],[32557046.6029,5773875.344],[32557045.3591,5773878.3428],[32557035.3665,5773888.8387],[32557019.593,5773894.3368],[32556998.2875,5773894.3371],[32556972.4482,5773887.3403],[32556911.4619,5773862.851],[32556896.9798,5773880.3442],[32556884.008,5773899.8366],[32556871.8024,5773923.8271],[32556856.1482,5773966.81],[32556849.3439,5773993.062],[32556836.587,5774042.2801],[32556825.9187,5774076.7664],[32556812.0581,5774105.084],[32556784.3304,5774161.7328],[32556774.3807,5774185.7233],[32556772.4391,5774205.7153],[32556774.6098,5774257.6944],[32556773.4218,5774278.1861],[32556766.4576,5774295.1794],[32556755.4815,5774311.673],[32556740.498,5774329.1661],[32556747.1466,5774327.9147],[32556731.4728,5774359.2633],[32556717.3448,5774394.584],[32556702.111,5774396.1397],[32556715.8355,5774455.6156],[32556725.3514,5774531.5851],[32556723.4337,5774559.074],[32556714.742,5774584.5639],[32556698.7641,5774604.5561],[32556659.2344,5774627.5473],[32556641.9792,5774640.0425],[32556629.4991,5774656.536],[32556620.7883,5774676.0283],[32556615.5931,5774697.5197],[32556613.6563,5774719.011],[32556609.4557,5774738.0035],[32556600.9781,5774751.998],[32556581.7352,5774769.991],[32556567.2262,5774778.9875],[32556521.1835,5774801.4209],[32556515.4209,5774803.978],[32556518.3574,5774806.0101],[32556533.7662,5774818.9718],[32556547.852,5774834.4655],[32556556.4282,5774851.4585],[32556554.7198,5774865.9527],[32556545.4758,5774875.4491],[32556530.2084,5774882.4463],[32556487.4262,5774880.1145],[32556466.0307,5774878.9484],[32556436.9074,5774863.9547],[32556422.8551,5774858.9568],[32556385.4859,5774851.96],[32556360.6651,5774849.961],[32556333.3521,5774852.4602],[32556306.0534,5774859.4576],[32556281.7736,5774869.9536],[32556271.6436,5774877.1135],[32556261.2665,5774884.4479],[32556246.0373,5774903.4404],[32556238.3339,5774924.432],[32556238.4023,5774945.9234],[32556245.2382,5774967.4147],[32556257.3348,5774987.9064],[32556326.2979,5775077.3699],[32556345.1842,5775104.8587],[32556364.0705,5775132.3475],[32556389.7499,5775167.8331],[32556406.3803,5775195.3218],[32556411.1777,5775206.3174],[32556412.7182,5775217.8128],[32556409.5043,5775231.8072],[32556401.0171,5775242.8029],[32556387.7486,5775247.801],[32556356.6758,5775250.3003],[32556340.6436,5775253.2991],[32556323.8628,5775257.2978],[32556307.5912,5775263.7953],[32556293.5898,5775274.7909],[32556282.3566,5775289.2852],[32556264.9288,5775326.2705],[32556258.4755,5775346.2625],[32556249.2508,5775361.7564],[32556236.4946,5775370.253],[32556219.966,5775374.7513],[32556180.107,5775451.7207],[32556112.7773,5775560.6769],[32556112.7392,5775560.7386],[32556080.3527,5775610.6576],[32556059.119,5775633.1486],[32555981.6531,5775704.6203],[32555930.4138,5775748.1032],[32555895.6904,5775783.589],[32555836.7506,5775848.5632],[32555823.2776,5775867.5557],[32555813.3087,5775885.0487],[32555807.0994,5775902.5416],[32555803.8959,5775919.5349],[32555803.9475,5775935.5284],[32555809.5551,5775964.5168],[32555811.3504,5775965.0445],[32555793.236,5775982.0939],[32555760.0185,5776009.084],[32555745.5057,5775999.503],[32555730.2349,5776005.0008],[32555717.2245,5776011.9981],[32555705.9733,5776020.4947],[32555681.1855,5776052.2432],[32555678.2675,5776055.9805],[32555663.079,5776086.9681],[32555650.8577,5776105.4607],[32555633.6171,5776121.9542],[32555613.6002,5776132.45],[32555590.3185,5776140.9466],[32555580.3674,5776163.9375],[32555573.9221,5776185.9287],[32555571.7407,5776208.9194],[32555576.8943,5776252.402],[32555586.3135,5776297.3838],[32555587.6426,5776320.8744],[32555583.9496,5776341.3663],[32555576.4953,5776361.3583],[32555458.4266,5776432.8298],[32555432.3538,5776430.8307],[32555410.5257,5776423.8335],[32555370.1162,5776406.3405],[32555345.5359,5776400.8427],[32555290.3775,5776395.345],[32555242.2623,5776398.3649],[32555218.7093,5776399.8432],[32555229.2588,5776406.8404],[32555237.3052,5776414.8373],[32555243.0992,5776423.8336],[32555246.6373,5776432.83],[32555249.1973,5776449.3234],[32555248.992,5776463.3178],[32555246.5294,5776476.8124],[32555286.8677,5776472.3142],[32555323.9589,5776471.3146],[32555360.3129,5776474.813],[32555401.4515,5776485.3089],[32555448.869,5776499.803],[32555504.0707,5776518.7952],[32555494.1572,5776553.2815],[32555482.4697,5776581.7701],[32555466.7543,5776604.7608],[32555372.0422,5776690.7265],[32555379.1299,5776712.2179],[32555379.9159,5776722.7137],[32555377.6942,5776733.2095],[32555368.9951,5776755.7005],[32555392.9161,5776789.6868],[32555410.3091,5776820.1746],[32555420.1832,5776850.6624],[32555422.5152,5776874.153],[32555421.5697,5776891.6459],[32555415.8489,5776905.1405],[32555403.8591,5776917.6356],[32555384.6007,5776930.1305],[32555337.551,5776951.622],[32555285.3859,5776941.6261],[32555236.497,5776937.128],[32555218.4314,5776931.1304],[32555197.0914,5776920.1348],[32555194.9346,5776950.4977],[32555194.2157,5776960.6186],[32555190.6367,5776968.767],[32555183.0199,5776986.1083],[32555185.8128,5776997.1039],[32555196.8735,5777007.0999],[32555208.3989,5777014.081],[32555208.4263,5777014.0959],[32555213.9494,5777017.0959],[32555203.4389,5777022.0939],[32555192.9364,5777029.5909],[32555181.9459,5777041.0862],[32555156.4949,5777076.0723],[32555144.2772,5777095.5645],[32555135.8158,5777114.0571],[32555112.9918,5777186.0283],[32555101.7947,5777211.0183],[32555077.5681,5777245.6462],[32555059.1346,5777271.9939],[32555050.1849,5777294.4849],[32555037.1395,5777367.4557],[32555052.375,5777401.9443],[32555082.8429,5777470.9143],[32555097.4272,5777485.4085],[32555114.2608,5777497.9035],[32555136.1037,5777509.3988],[32555220.1748,5777542.3856],[32555258.5451,5777549.3827],[32555324.6284,5777558.3128],[32555347.3093,5777561.3777],[32555398.0942,5777559.7118],[32555423.4941,5777558.8786],[32555448.7837,5777551.3814],[32555519.6203,5777522.8927],[32555591.135,5777471.9129],[32555605.1541,5777466.9148],[32555617.6923,5777468.914],[32555627.9976,5777477.9103],[32555634.3157,5777493.9039],[32555634.9165,5777524.3917],[32555632.477,5777544.8834],[32555625.5246,5777564.8755],[32555615.5466,5777579.3697],[32555602.5545,5777591.8648],[32555532.658,5777677.8305],[32555505.6843,5777706.819],[32555489.9597,5777726.8111],[32555482.7551,5777746.3032],[32555483.3168,5777764.7959],[32555497.8305,5777796.0337],[32555529.7602,5777864.7556],[32555552.9999,5777920.2334],[32555569.6791,5777962.2165],[32555612.029,5778083.0653],[32555621.542,5778110.2115],[32555670.8691,5778117.2576],[32555698.7067,5778109.3035],[32555724.5147,5778057.6858],[32555708.1425,5777997.2019],[32555686.9357,5777950.2208],[32555657.9364,5777896.2426],[32555695.6048,5777918.7333],[32555710.913,5777924.7309],[32555725.461,5777928.2294],[32555741.7553,5777929.2289],[32555755.7825,5777926.7298],[32555764.0255,5777918.2332],[32555766.4926,5777906.238],[32555765.1986,5777893.743],[32555760.3876,5777878.749],[32555742.6349,5777841.7621],[32555702.0946,5777757.298],[32555687.193,5777722.3121],[32555677.3237,5777693.3238],[32555672.2246,5777666.8344],[32555670.8799,5777638.8457],[32555672.2712,5777604.3594],[32555676.6585,5777566.3747],[32555685.3148,5777530.8888],[32555698.4808,5777494.9033],[32555717.1608,5777458.9176],[32555776.9895,5777359.957],[32555835.85,5777271.4922],[32555855.5797,5777250.0007],[32555872.0855,5777239.005],[32555884.1092,5777237.0058],[32555889.8932,5777243.0034],[32555889.1788,5777254.4987],[32555882.7146,5777270.4924],[32555872.499,5777288.985],[32555831.1013,5777352.4598],[32555790.5606,5777405.7303],[32555775.9482,5777424.931],[32555763.9799,5777443.9234],[32555754.7767,5777465.4148],[32555750.0962,5777490.4048],[32555748.923,5777514.895],[32555750.5132,5777541.3844],[32555751.2847,5777547.382],[32555756.8394,5777559.8769],[32555771.1612,5777570.8724],[32555799.2334,5777571.372],[32555837.2917,5777559.8765],[32555875.332,5777542.8831],[32555909.6046,5777523.3907],[32555968.118,5777482.4068],[32556011.395,5777457.4165],[32556094.2106,5777413.9334],[32556111.7446,5777410.9345],[32556126.0417,5777414.433],[32556132.6019,5777427.9275],[32556123.4038,5777450.9184],[32556098.4309,5777478.4074],[32556065.4346,5777504.8971],[32556031.1673,5777525.889],[32555941.0784,5777567.8727],[32555853.4739,5777603.359],[32555786.6357,5777627.8495],[32555757.6148,5777643.8432],[32555741.1351,5777662.8357],[32555736.662,5777683.8095],[32555737.5259,5777708.8173],[32555742.1141,5777732.3079],[32555747.9423,5777751.8],[32555760.0575,5777777.7895],[32555799.3977,5777851.7597],[32555819.8474,5777897.2413],[32555832.4509,5777919.2324],[32555847.3001,5777938.2247],[32555862.3739,5777949.2202],[32555874.725,5777970.7115],[32555890.5817,5777991.2031],[32555913.4527,5778010.6953],[32555939.5639,5778024.6895],[32555964.9035,5778032.6861],[32556004.8318,5778037.5589],[32556038.6174,5778041.682],[32556069.4674,5778048.6789],[32556098.8332,5778061.6734],[32556120.4558,5778082.6649],[32556133.8191,5778107.155],[32556141.9192,5778131.645],[32556144.5139,5778158.6342],[32556141.8618,5778190.6214],[32556128.7801,5778252.0969],[32556126.5215,5778257.4082],[32556117.0908,5778279.5859],[32556099.1358,5778307.075],[32556078.6711,5778333.5646],[32556057.9397,5778355.0562],[32556030.6754,5778371.5497],[32555990.8649,5778383.5453],[32556142.7252,5778454.0158],[32556194.21,5778486.5023],[32556245.6946,5778518.9888]],[[32560182.4224,5768227.3255],[32560182.6399,5768196.7215],[32560183.1249,5768128.4802],[32560178.7764,5768099.9913],[32560167.4176,5768074.5002],[32560164.7918,5768071.8903],[32560150.8215,5768058.0047],[32560135.0078,5768051.5053],[32560118.7126,5768051.5032],[32560106.9618,5768061.9974],[32560105.6323,5768067.9069],[32560103.2514,5768078.4902],[32560104.4139,5768130.9688],[32560101.9513,5768211.0047],[32560144.5907,5768203.2515],[32560182.4224,5768227.3255]],[[32557724.6983,5770830.5551],[32557661.3329,5770846.0497],[32557638.5507,5770854.5466],[32557614.7801,5770867.5417],[32557594.7805,5770884.0353],[32557582.0434,5770898.5297],[32557573.0662,5770913.024],[32557576.4058,5770938.5137],[32557586.24,5770957.0062],[32557606.3271,5770968.0015],[32557629.8979,5770971.0],[32557648.197,5770971.4996],[32557662.2287,5770970.0],[32557672.7497,5770968.0007],[32557682.011,5770964.0022],[32557700.2687,5770951.507],[32557754.2965,5770916.0205],[32557769.2862,5770900.5265],[32557775.9997,5770883.5331],[32557775.6918,5770865.5405],[32557769.6237,5770849.0471],[32557758.5569,5770837.0521],[32557742.9974,5770831.0547],[32557724.6983,5770830.5551]],[[32565285.3809,5762986.6894],[32565265.8382,5762989.1771],[32565251.079,5762998.1683],[32565242.8658,5763016.1558],[32565238.9284,5763038.6415],[32565241.5095,5763061.6286],[32565252.6044,5763082.1195],[32565269.2052,5763100.1136],[32565288.3125,5763118.1084],[32565311.6759,5763134.6054],[32565340.0424,5763148.1056],[32565369.1461,5763157.1086],[32565393.7238,5763161.6128],[32565430.8192,5763161.6226],[32565444.841,5763157.1286],[32565456.8497,5763150.1352],[32565468.0985,5763140.6478],[32565417.3497,5763104.1516],[32565389.4536,5763081.1573],[32565362.0444,5763053.6684],[32565337.1386,5763025.1856],[32565309.704,5762989.7174],[32565285.3809,5762986.6894]],[[32565094.3009,5762724.9911],[32565042.5465,5762725.8933],[32565017.1026,5762726.3368],[32565001.3625,5762742.2694],[32564999.2486,5762747.0762],[32564993.8977,5762759.2434],[32564997.2205,5762779.2322],[32565008.8114,5762798.2236],[32565031.4662,5762828.2114],[32565041.7766,5762838.7077],[32565051.8249,5762845.7061],[32565062.6107,5762848.2074],[32565074.8858,5762846.2119],[32565115.6839,5762828.2614],[32565134.6717,5762824.693],[32565186.5775,5762814.9383],[32565196.8437,5762811.4608],[32565212.8517,5762800.4934],[32565237.1551,5762797.004],[32565226.3105,5762776.0107],[32565213.2225,5762759.0154],[32565196.13,5762744.0211],[32565173.7912,5762734.5276],[32565147.2035,5762729.0289],[32565119.8717,5762726.0174],[32565094.3009,5762724.9911]],[[32557705.0938,5771207.4043],[32557723.1358,5771205.9048],[32557743.6956,5771207.9037],[32557794.6176,5771220.398],[32557854.59,5771241.3889],[32557867.6286,5771242.8881],[32557876.8867,5771237.89],[32557843.8755,5771204.3805],[32557818.2958,5771178.4146],[32557797.9533,5771165.9198],[32557775.3613,5771155.4243],[32557751.7746,5771147.4278],[32557727.1981,5771143.4297],[32557709.2171,5771142.0379],[32557701.3746,5771141.4308],[32557675.5639,5771143.4304],[32557651.0176,5771148.9285],[32557629.4902,5771157.9252],[32557611.7322,5771169.9205],[32557598.7397,5771182.9155],[32557585.7853,5771207.9057],[32557577.5077,5771216.9401],[32557596.0762,5771237.3647],[32557637.4135,5771427.3543],[32557638.303,5771423.3057],[32557639.8375,5771416.3215],[32557640.256,5771390.3319],[32557638.0809,5771348.273],[32557636.2497,5771312.8629],[32557639.1382,5771275.378],[32557644.8347,5771253.8865],[32557654.8004,5771234.894],[32557669.0414,5771220.3996],[32557686.3092,5771211.9028],[32557698.3255,5771209.0252],[32557705.0938,5771207.4043]],[[32553734.4506,5774092.2629],[32553775.4273,5774130.2478],[32553801.0811,5774157.737],[32553818.6982,5774180.228],[32553826.5224,5774197.2212],[32553829.3273,5774212.2152],[32553828.8722,5774226.7095],[32553918.572,5774295.1824],[32553943.364,5774288.1853],[32553961.3725,5774276.1902],[32553971.5823,5774255.1986],[32553971.0018,5774245.0003],[32553969.9893,5774227.2099],[32553960.6246,5774198.7212],[32553945.755,5774173.2314],[32553928.1475,5774153.7392],[32553907.0453,5774138.745],[32553881.6819,5774123.751],[32553854.572,5774111.2558],[32553828.4791,5774103.2589],[32553799.8907,5774098.7605],[32553734.4506,5774092.2629]],[[32565928.6029,5765157.5776],[32565904.8018,5765160.5735],[32565885.0175,5765165.5694],[32565864.4911,5765173.5643],[32565844.4776,5765185.0584],[32565825.2357,5765202.5513],[32565812.784,5765227.0431],[32565810.3743,5765256.5345],[32565816.9876,5765286.0267],[32565831.1069,5765311.5202],[32565852.2115,5765327.0166],[32565878.0355,5765329.5166],[32565905.8285,5765321.0205],[32565932.842,5765304.0277],[32565952.8376,5765287.0351],[32565963.8282,5765275.5401],[32565970.3138,5765266.044],[32565984.0191,5765241.5543],[32565992.7245,5765221.0629],[32565998.4143,5765198.0721],[32565996.5912,5765177.0797],[32565982.0082,5765163.0828],[32565956.9257,5765157.5814],[32565928.6029,5765157.5776]],[[32561720.1814,5768629.0473],[32561738.5211,5768747.9846],[32561749.2591,5768794.4957],[32561760.1356,5768826.4867],[32561772.7504,5768852.9799],[32561789.8582,5768872.9761],[32561806.4511,5768888.4739],[32561823.7812,5768898.9736],[32561839.0876,5768903.4749],[32561852.3763,5768903.9773],[32561862.6446,5768900.4805],[32561870.1416,5768892.4847],[32561875.1138,5768878.4905],[32561877.5608,5768858.4978],[32561876.7366,5768834.5058],[32561870.8939,5768809.0135],[32561860.7817,5768781.0212],[32561836.5489,5768726.0354],[32561813.1267,5768690.5432],[32561797.5304,5768673.0463],[32561776.1741,5768657.5477],[32561720.1814,5768629.0473]],[[32555735.3003,5775710.6189],[32555721.4913,5775703.122],[32555713.4934,5775710.1192],[32555702.4832,5775715.6169],[32555688.4541,5775717.6163],[32555663.1102,5775711.4531],[32555561.0305,5775686.629],[32555534.1865,5775678.6322],[32555508.8283,5775665.1377],[32555497.0549,5775667.1369],[32555485.0483,5775674.6339],[32555479.3174,5775685.1296],[32555479.3562,5775697.1248],[32555484.9121,5775710.1195],[32555506.0497,5775736.1091],[32555520.6287,5775749.1039],[32555538.2104,5775760.5993],[32555560.8001,5775770.5952],[32555617.2612,5775791.5867],[32555645.3745,5775804.5814],[32555668.7368,5775821.0747],[32555685.3336,5775838.0679],[32555698.6769,5775856.5605],[32555721.9473,5775844.5652],[32555740.7014,5775831.0706],[32555754.9279,5775812.578],[32555761.8877,5775794.5852],[32555763.5937,5775779.5912],[32555761.2881,5775764.0974],[32555755.7065,5775743.1058],[32555746.6176,5775722.6141],[32555735.3003,5775710.6189]],[[32559423.431,5767769.054],[32559395.8596,5767770.5514],[32559392.3384,5767771.9727],[32559373.5756,5767779.5459],[32559356.0746,5767795.038],[32559343.8548,5767816.0278],[32559336.4104,5767841.016],[32559337.2478,5767869.0034],[32559348.8664,5767897.4914],[32559369.7498,5767922.4817],[32559398.6295,5767938.9763],[32559435.7606,5767948.475],[32559467.0892,5767945.9786],[32559484.1119,5767937.9835],[32559501.6131,5767922.4919],[32559517.8333,5767898.004],[32559527.2697,5767868.5178],[32559526.6785,5767839.0307],[32559518.0788,5767814.041],[32559503.2346,5767796.5476],[32559483.3526,5767785.63],[32559453.28,5767774.5536],[32559423.431,5767769.054]],[[32554293.5171,5771453.3228],[32554309.7949,5771448.8246],[32554327.3436,5771449.8243],[32554355.6974,5771459.3206],[32554369.7433,5771462.3194],[32554388.2929,5771462.8193],[32554409.338,5771459.8205],[32554428.1208,5771454.8226],[32554441.6401,5771449.8246],[32554446.6451,5771447.3256],[32554448.141,5771444.8267],[32554450.3746,5771437.8295],[32554450.3427,5771427.8335],[32554445.5406,5771415.3385],[32554426.8132,5771409.4287],[32554420.1995,5771407.3416],[32554384.5802,5771398.8449],[32554350.5854,5771392.3929],[32554342.4455,5771390.848],[32554297.3158,5771386.8495],[32554220.8596,5771384.3503],[32554188.5289,5771385.3498],[32554155.9603,5771390.3477],[32554149.1937,5771392.0206],[32554127.6592,5771397.3447],[32554109.6331,5771403.8422],[32554097.3735,5771410.8393],[32554097.4436,5771432.8305],[32554101.2781,5771456.3211],[32554109.3626,5771476.3131],[32554121.9332,5771488.3083],[32554143.5035,5771492.8065],[32554173.0881,5771495.3057],[32554203.4135,5771494.3061],[32554226.9619,5771490.3077],[32554243.7315,5771482.8109],[32554272.2452,5771463.8186],[32554293.5171,5771453.3228]],[[32561801.2499,5768409.6346],[32561782.2401,5768424.1267],[32561765.494,5768441.1183],[32561749.5137,5768462.6084],[32561739.5745,5768492.0969],[32561735.9133,5768525.0853],[32561736.5291,5768563.0726],[32561747.6037,5768577.5697],[32561758.917,5768588.0681],[32561771.9718,5768594.0684],[32561786.5246,5768598.0696],[32561826.2036,5768620.5691],[32561849.2383,5768610.5765],[32561869.5107,5768599.0839],[32561888.0178,5768584.0922],[32561903.7594,5768566.6007],[32561918.3283,5768545.1981],[32561924.7029,5768528.1169],[32561923.1309,5768505.6239],[32561912.0367,5768484.6288],[32561895.6896,5768467.6316],[32561876.8431,5768453.1331],[32561838.6637,5768429.1345],[32561801.2499,5768409.6346]],[[32555863.0496,5775062.8784],[32555822.9637,5775068.3763],[32555804.4342,5775073.8741],[32555791.1906,5775086.3692],[32555782.9773,5775104.362],[32555778.0367,5775126.853],[32555780.6136,5775148.8442],[32555781.4484,5775151.4615],[32555784.9177,5775162.3388],[32555800.5437,5775189.3279],[32555810.3586,5775201.8228],[32555829.4725,5775222.3145],[32555849.8253,5775238.308],[32555873.6709,5775249.3035],[32555897.9919,5775252.3023],[32555920.7897,5775248.8036],[32555940.3181,5775241.8063],[32555955.3286,5775232.8099],[32555966.0652,5775219.815],[32555966.3073,5775219.1365],[32555973.0213,5775200.3227],[32555975.7085,5775178.3316],[32555973.8855,5775156.8402],[32555966.8036,5775136.8483],[32555954.4629,5775118.3558],[32555938.372,5775102.862],[32555919.5334,5775090.3672],[32555863.0496,5775062.8784]],[[32554477.2733,5774060.279],[32554465.9654,5774051.2825],[32554436.6761,5774062.7778],[32554412.1283,5774067.7757],[32554394.3322,5774067.7756],[32554374.7703,5774064.2769],[32554357.7087,5774058.7791],[32554341.1419,5774051.282],[32554327.1216,5774056.28],[32554315.6139,5774063.2771],[32554305.8753,5774074.7725],[32554299.4061,5774089.7664],[32554295.9559,5774108.259],[32554297.5202,5774127.2514],[32554300.6252,5774133.7632],[32554306.0997,5774145.2442],[32554322.4538,5774164.7365],[32554345.5853,5774187.2276],[32554373.4695,5774206.7199],[32554404.5849,5774217.7156],[32554434.4091,5774216.7161],[32554459.1915,5774206.7202],[32554509.7113,5774171.7344],[32554519.4468,5774159.2394],[32554524.1599,5774143.7457],[32554522.5938,5774124.2535],[32554511.9918,5774100.7628],[32554494.6254,5774078.2718],[32554477.2733,5774060.279]],[[32562434.8936,5768113.3225],[32562404.3329,5768121.8158],[32562376.5466,5768135.8078],[32562350.5304,5768154.7987],[32562325.5305,5768178.2883],[32562308.3117,5768204.7781],[32562303.3774,5768231.2696],[32562308.5012,5768257.3248],[32562318.3061,5768276.7585],[32562337.1454,5768288.7578],[32562366.7333,5768290.2618],[32562402.0663,5768284.7687],[32562439.8915,5768274.2774],[32562469.4434,5768263.7849],[32562487.215,5768254.2902],[32562510.4721,5768234.7991],[32562520.4597,5768221.3043],[32562524.9212,5768204.3098],[32562524.8594,5768183.8155],[32562521.2832,5768161.8212],[32562510.9409,5768140.8255],[32562491.8359,5768123.8276],[32562482.7427,5768120.3438],[32562465.7321,5768113.8267],[32562434.8936,5768113.3225]],[[32563460.9731,5767840.0168],[32563419.8873,5767846.511],[32563377.09,5767866.502],[32563346.3541,5767895.9919],[32563335.4195,5767925.4841],[32563337.0141,5767953.9777],[32563344.115,5767979.9726],[32563359.9711,5768000.4697],[32563388.3326,5768012.4702],[32563423.1808,5768014.9736],[32563458.0019,5768008.979],[32563486.0412,5767998.4845],[32563506.3087,5767987.4892],[32563523.0623,5767974.9939],[32563539.8017,5767957.9995],[32563552.2546,5767933.0061],[32563554.1595,5767901.5128],[32563545.2944,5767872.5179],[32563526.1847,5767853.5201],[32563497.3299,5767844.0193],[32563460.9731,5767840.0168]],[[32556614.0774,5771778.1899],[32556600.5501,5771780.1892],[32556584.2769,5771785.6871],[32556543.5395,5771822.173],[32556530.0495,5771836.1675],[32556516.3292,5771856.6593],[32556505.6383,5771884.1485],[32556500.7319,5771918.1349],[32556504.0963,5771952.1213],[32556514.7163,5771982.1092],[32556532.0952,5772009.598],[32556555.2394,5772037.0867],[32556589.6804,5772069.0737],[32556631.9012,5772104.0592],[32556682.6552,5772142.5433],[32556655.9239,5772091.564],[32556647.0859,5772071.0723],[32556632.1415,5772022.0921],[32556625.2515,5771983.6076],[32556621.3326,5771933.6276],[32556621.2012,5771867.4381],[32556625.1144,5771781.1885],[32556614.0774,5771778.1899]],[[32566469.6603,5762518.8541],[32566442.6144,5762526.3004],[32566423.861,5762540.2813],[32566411.1374,5762558.7933],[32566401.4362,5762581.8373],[32566398.0123,5762608.4026],[32566401.7801,5762631.934],[32566411.7174,5762661.5145],[32566489.9736,5762678.32],[32566526.7679,5762684.3023],[32566609.595,5762697.7689],[32566622.523,5762664.856],[32566625.9714,5762645.9168],[32566624.1481,5762624.4774],[32566616.2995,5762600.0329],[32566604.1898,5762575.5765],[32566589.3342,5762554.5993],[32566567.7254,5762538.0821],[32566537.8578,5762525.5233],[32566503.7485,5762518.9378],[32566469.6603,5762518.8541]],[[32557167.7719,5769971.0036],[32557145.2165,5769972.0083],[32557123.4209,5769975.5117],[32557100.3848,5769983.0132],[32557078.6147,5769994.5121],[32557057.1253,5770010.1666],[32557041.6153,5770025.0045],[32557027.6377,5770043.4977],[32557016.6758,5770064.4886],[32557008.9804,5770087.9537],[32557005.7982,5770111.9152],[32557007.8799,5770135.9289],[32557013.9431,5770154.3299],[32557023.7886,5770172.9242],[32557034.608,5770185.9138],[32557058.6738,5770186.9069],[32557088.2395,5770183.4014],[32557104.6266,5770179.2781],[32557120.0468,5770175.398],[32557149.5823,5770162.3985],[32557172.0805,5770143.4042],[32557186.2881,5770118.4151],[32557194.9766,5770091.9284],[32557200.1638,5770067.9408],[32557197.3192,5770040.4572],[32557185.938,5770008.4779],[32557167.7719,5769971.0036]],[[32555303.4806,5774629.0531],[32555253.2529,5774676.5341],[32555209.815,5774731.0122],[32555191.1078,5774759.5008],[32555176.9251,5774791.9877],[32555171.8499,5774818.5041],[32555169.6176,5774857.9612],[32555173.4687,5774886.4498],[32555180.5624,5774909.9404],[32555191.3883,5774924.9344],[32555205.1947,5774931.4319],[32555213.7048,5774930.2809],[32555219.9764,5774929.4326],[32555233.7314,5774919.9365],[32555246.9595,5774902.4435],[32555274.3846,5774856.9618],[32555312.814,5774803.9829],[32555327.2665,5774777.4936],[32555346.3979,5774725.0146],[32555352.3302,5774699.0251],[32555353.5097,5774676.0343],[32555347.435,5774657.5417],[32555335.1084,5774643.5473],[32555319.2858,5774633.5513],[32555303.4806,5774629.0531]],[[32555064.8143,5775237.3091],[32555086.5916,5775228.3126],[32555086.8648,5775228.3177],[32555113.1617,5775228.8126],[32555141.2581,5775236.3096],[32555172.8813,5775249.3044],[32555177.3845,5775168.8367],[32555177.3088,5775145.3461],[32555173.2262,5775122.8551],[32555163.6406,5775103.8627],[32555148.7929,5775085.3701],[32555129.9318,5775065.8779],[32555115.2426,5775056.3335],[32555105.317,5775049.8843],[32555073.7145,5775043.3868],[32555041.389,5775045.8858],[32555015.1,5775054.8821],[32554995.3424,5775068.3767],[32554982.1111,5775084.87],[32554974.3958,5775101.8631],[32554971.1873,5775117.357],[32554973.9959,5775133.3506],[32554983.5785,5775151.3433],[32555016.5614,5775197.325],[32555024.6353,5775213.8184],[32555029.9617,5775233.3106],[32555031.0045,5775243.6627],[32555031.7742,5775251.3034],[32555031.5816,5775269.2962],[32555047.3142,5775251.3035],[32555048.6965,5775250.1981],[32555064.8143,5775237.3091]],[[32565578.113,5761579.8021],[32565537.7595,5761579.805],[32565528.4036,5761580.2751],[32565497.4122,5761581.8321],[32565454.8171,5761586.3876],[32565408.9781,5761595.4773],[32565397.3714,5761598.8003],[32565361.3991,5761609.0992],[32565318.841,5761625.2225],[32565276.5431,5761644.3358],[32565338.2574,5761661.7183],[32565389.9317,5761674.6001],[32565412.2345,5761678.6327],[32565433.5693,5761682.4903],[32565471.4229,5761684.3908],[32565512.7791,5761684.2913],[32565608.2584,5761679.1522],[32565680.1675,5761671.1741],[32565706.9545,5761664.9485],[32565749.8232,5761654.9853],[32565769.5802,5761650.3935],[32565693.5486,5761623.3146],[32565664.4323,5761610.3051],[32565630.2791,5761589.8147],[32565610.2051,5761582.8126],[32565578.113,5761579.8021]],[[32562058.5014,5765774.8895],[32562032.9462,5765778.8889],[32562006.1682,5765794.3803],[32561985.0019,5765822.8569],[32561973.6993,5765859.3257],[32561968.3814,5765897.2946],[32561965.1145,5765953.7907],[32561966.4169,5765969.2878],[32561973.548,5766004.781],[32561980.3744,5766023.2775],[32561991.6934,5766035.7752],[32562009.2531,5766040.2746],[32562031.8067,5766038.7751],[32562057.3507,5766031.7767],[32562083.3753,5766018.2727],[32562104.2455,5765995.2985],[32562116.8084,5765962.329],[32562124.1432,5765924.8547],[32562128.0303,5765886.8709],[32562128.6829,5765853.3765],[32562124.081,5765824.8845],[32562114.4857,5765802.3928],[32562100.1525,5765787.8955],[32562081.0736,5765778.8932],[32562058.5014,5765774.8895]],[[32557091.4452,5772450.4147],[32557073.9202,5772456.9123],[32557062.6791,5772468.9077],[32557055.9624,5772484.9014],[32557049.8315,5772527.3844],[32557048.6609,5772553.3741],[32557051.0042,5772580.863],[32557058.3591,5772607.8521],[32557072.2213,5772631.8422],[32557091.5979,5772655.8324],[32557095.6178,5772658.8311],[32557128.742,5772670.8258],[32557151.0644,5772675.3236],[32557176.8878,5772677.3224],[32557204.9576,5772676.3224],[32557232.258,5772669.8246],[32557254.2739,5772656.8295],[32557268.7496,5772637.3372],[32557273.4293,5772611.3475],[32557268.0813,5772584.8583],[32557254.4808,5772564.3667],[32557233.8734,5772547.3737],[32557206.7569,5772532.88],[32557183.3969,5772517.3865],[32557169.3063,5772500.3935],[32557150.1566,5772468.9064],[32557134.3305,5772457.9111],[32557113.2551,5772451.414],[32557091.4452,5772450.4147]],[[32562141.3751,5768299.2246],[32562117.8118,5768300.2206],[32562095.2677,5768306.715],[32562054.4811,5768332.7005],[32562038.2077,5768340.1956],[32562023.1789,5768344.6918],[32562034.6053,5768392.6786],[32562046.9952,5768427.6696],[32562066.636,5768456.1639],[32562090.5073,5768474.1622],[32562114.8588,5768485.1627],[32562140.6905,5768488.166],[32562169.5051,5768482.6725],[32562176.7213,5768479.1655],[32562187.0,5768474.1703],[32562198.2942,5768468.6816],[32562223.0569,5768449.6915],[32562244.3054,5768429.2012],[32562280.045,5768392.2182],[32562317.2649,5768347.2375],[32562301.7703,5768345.1176],[32562273.3732,5768341.2325],[32562252.0481,5768336.2306],[32562189.5378,5768308.2293],[32562165.7012,5768301.7276],[32562141.3751,5768299.2246]],[[32565106.0147,5763249.472],[32565004.9754,5763253.3348],[32564963.4073,5763254.924],[32565002.4163,5763304.4067],[32565036.3789,5763343.3945],[32565067.7985,5763370.8884],[32565096.1659,5763384.3894],[32565126.7736,5763392.894],[32565158.1207,5763397.4011],[32565188.2034,5763398.4099],[32565215.0132,5763394.9202],[32565238.0454,5763385.9324],[32565258.5516,5763370.9476],[32565277.7849,5763349.966],[32565292.2375,5763323.4862],[32565293.6243,5763318.2905],[32565299.1719,5763297.5039],[32565301.8416,5763270.5209],[32565278.2598,5763264.0175],[32565237.6289,5763256.0094],[32565175.2021,5763251.4925],[32565106.0147,5763249.472]],[[32560391.229,5768301.9403],[32560432.5198,5768277.4563],[32560468.5733,5768261.9679],[32560499.856,5768243.9799],[32560527.354,5768217.9942],[32560554.5756,5768183.5117],[32560560.3007,5768170.0178],[32560563.0236,5768158.5226],[32560561.2414,5768149.5258],[32560554.9572,5768144.027],[32560546.4227,5768140.527],[32560534.6415,5768141.0252],[32560519.1102,5768145.0213],[32560499.0801,5768153.5151],[32560449.7653,5768177.4984],[32560397.9588,5768206.4793],[32560331.6543,5768249.4524],[32560300.6195,5768266.4409],[32560272.5763,5768277.9322],[32560245.2746,5768285.9249],[32560220.7124,5768287.9205],[32560200.1371,5768281.9199],[32560187.0477,5768264.4252],[32560185.8756,5768257.5397],[32560173.3287,5768328.6449],[32560162.8797,5768365.2181],[32560156.1028,5768446.5547],[32560158.4257,5768444.4688],[32560163.0138,5768440.3488],[32560203.0833,5768420.5711],[32560278.4118,5768383.39],[32560316.4403,5768357.9063],[32560350.4517,5768330.4226],[32560391.229,5768301.9403]],[[32565103.9219,5761744.7824],[32565130.4083,5761719.7914],[32565159.6562,5761695.7999],[32565036.6739,5761718.7944],[32564976.0451,5761726.4167],[32564914.135,5761728.9126],[32564849.2084,5761726.3427],[32564755.4402,5761718.7369],[32564728.1064,5761714.7345],[32564663.8963,5761700.7809],[32564708.4137,5761748.7926],[32564722.2663,5761769.8096],[32564740.8795,5761790.3176],[32564773.2781,5761810.7986],[32564809.4253,5761827.7739],[32564839.2765,5761835.2585],[32564906.7199,5761840.7963],[32564948.0781,5761840.8658],[32564987.4117,5761835.4338],[32565018.2169,5761826.4464],[32565040.2424,5761814.9405],[32565058.4908,5761798.5242],[32565103.9219,5761744.7824]],[[32562551.8988,5765990.3659],[32562595.2307,5765990.3653],[32562625.7294,5765995.762],[32562649.0369,5765994.2996],[32562670.0767,5765989.3387],[32562686.5896,5765979.8771],[32562695.311,5765963.9135],[32562693.9933,5765943.9414],[32562682.4013,5765924.4556],[32562662.7906,5765905.4594],[32562636.4162,5765887.4533],[32562625.0561,5765881.8391],[32562607.0454,5765872.9381],[32562576.686,5765862.9137],[32562546.0973,5765859.8762],[32562516.029,5765863.3264],[32562287.4924,5765928.1161],[32562363.5045,5765950.9186],[32562373.3273,5765975.4747],[32562407.707,5766044.2319],[32562411.9154,5766049.4921],[32562451.0839,5766012.7707],[32562479.0878,5765995.9677],[32562510.8259,5765992.2333],[32562551.8988,5765990.3659]],[[32553949.5262,5776651.7396],[32553939.9748,5776652.8829],[32553921.731,5776659.7364],[32553904.2155,5776668.7327],[32553870.4458,5776689.2244],[32553792.4305,5776745.7016],[32553775.685,5776760.1957],[32553745.2081,5776791.1832],[32553725.4582,5776806.677],[32553701.4426,5776820.6713],[32553672.6582,5776832.6664],[32553638.0992,5776841.6627],[32553602.7785,5776847.6601],[32553564.4435,5776851.6585],[32553614.3572,5776862.6542],[32553653.4915,5776873.1502],[32553681.5945,5776882.6464],[32553727.5338,5776904.6379],[32553757.3995,5776916.6332],[32553790.0155,5776926.6294],[32553820.1104,5776932.1273],[32553843.6724,5776932.6272],[32553862.7048,5776927.6292],[32553879.7123,5776916.6336],[32553888.6094,5776905.8066],[32553892.4443,5776901.1399],[32553899.9013,5776882.1475],[32553904.0902,5776860.1563],[32553913.3593,5776782.1875],[32553925.4559,5776725.71],[32553935.6374,5776696.7216],[32553946.3446,5776675.2303],[32553958.315,5776656.7377],[32553949.5262,5776651.7396]],[[32554763.7028,5773489.5085],[32554750.5701,5773492.4865],[32554730.641,5773497.0055],[32554700.3585,5773511.4996],[32554674.5958,5773528.4927],[32554654.5946,5773544.4861],[32554638.8611,5773562.479],[32554627.1569,5773586.4693],[32554622.2299,5773613.4584],[32554627.332,5773641.4472],[32554644.7096,5773667.4369],[32554677.5207,5773693.9661],[32554705.007,5773711.9192],[32554766.0232,5773745.9058],[32554784.8521,5773755.4022],[32554801.4125,5773760.8999],[32554822.2292,5773764.8985],[32554843.0283,5773763.3991],[32554857.2834,5773753.4031],[32554865.5822,5773738.6106],[32554871.7066,5773717.4176],[32554870.8862,5773695.9262],[32554863.2951,5773673.4352],[32554843.8694,5773633.951],[32554841.9682,5773621.6701],[32554840.5425,5773612.4596],[32554843.1607,5773572.1308],[32554845.799,5773531.492],[32554838.7187,5773511.9998],[32554821.3794,5773498.0054],[32554795.537,5773490.0085],[32554763.7028,5773489.5085]],[[32561866.6274,5767645.3787],[32561856.3499,5767645.8774],[32561847.8456,5767652.3745],[32561845.1182,5767662.3713],[32561845.3003,5767689.2049],[32561846.4787,5767862.8126],[32561844.8572,5767906.7992],[32561839.9824,5767952.7845],[32561829.8457,5767999.7688],[32561812.7467,5768065.746],[32561810.3046,5768087.239],[32561811.377,5768110.2319],[32561815.195,5768129.2266],[32561821.4868,5768137.225],[32561830.0123,5768137.7262],[32561841.2835,5768134.2289],[32561853.2962,5768127.2329],[32561864.2941,5768116.2381],[32561879.7728,5768094.7471],[32561889.7693,5768084.2517],[32561925.5387,5768057.2653],[32561942.8072,5768047.2709],[32561953.8065,5768036.7755],[32561959.0275,5768022.2807],[32561960.1767,5767987.7911],[32561962.6399,5767973.2959],[32561969.1264,5767962.7999],[32561985.9364,5767950.1317],[32561997.6419,5767941.3103],[32562003.1362,5767934.313],[32562005.8698,5767926.3158],[32562005.0481,5767903.3224],[32562001.2268,5767883.3277],[32561987.5372,5767833.3404],[32561978.1988,5767812.845],[32561967.6298,5767799.8474],[32561946.2681,5767782.8495],[32561936.205,5767771.3514],[32561926.3818,5767756.3545],[32561918.3062,5767738.8584],[32561908.6731,5767703.8673],[32561902.6196,5767691.87],[32561893.6879,5767678.8055],[32561882.0918,5767661.8437],[32561873.9115,5767649.8784],[32561866.6274,5767645.3787]],[[32553976.3869,5774504.5988],[32553940.5536,5774507.5974],[32553910.5076,5774517.5932],[32553886.2519,5774535.586],[32553867.0315,5774560.5759],[32553856.0968,5774590.064],[32553856.6968,5774621.0516],[32553869.0805,5774653.0388],[32553872.8687,5774658.7709],[32553889.2295,5774683.5268],[32553915.1307,5774710.0163],[32553944.2709,5774730.0084],[32553974.6372,5774741.5039],[32554005.7295,5774745.0026],[32554037.0548,5774743.0035],[32554068.1164,5774737.0062],[32554068.3564,5774736.9074],[32554092.3974,5774727.0103],[32554107.393,5774713.5158],[32554117.1152,5774697.0224],[32554135.0427,5774660.0373],[32554138.9918,5774641.0449],[32554138.6787,5774621.5527],[32554135.4639,5774605.7774],[32554134.0954,5774599.0617],[32554120.9836,5774574.5714],[32554098.5979,5774550.0811],[32554070.9612,5774529.5892],[32554062.6401,5774525.4104],[32554043.0946,5774515.5947],[32554007.3569,5774507.1893],[32553976.3869,5774504.5988]],[[32565320.4478,5764208.3463],[32565293.6306,5764208.8422],[32565276.8295,5764206.3405],[32565259.0094,5764198.8408],[32565242.9274,5764186.3431],[32565231.3456,5764170.3476],[32565225.527,5764153.8532],[32565223.5951,5764129.0498],[32565107.6225,5764087.9876],[32565067.3253,5764073.1418],[32564972.91,5764019.192],[32564985.3562,5764043.3361],[32565093.7281,5764241.2965],[32565226.5098,5764300.7949],[32565262.0999,5764309.6242],[32565280.9424,5764314.2987],[32565333.5409,5764303.3115],[32565371.8417,5764300.4128],[32565419.2327,5764296.8261],[32565447.7557,5764293.3283],[32565469.7632,5764288.829],[32565484.2664,5764283.8295],[32565492.0048,5764276.3307],[32565490.9703,5764266.8329],[32565479.4034,5764254.8364],[32565461.8238,5764242.8402],[32565444.2573,5764233.8434],[32565426.7075,5764228.3456],[32565401.6043,5764225.7834],[32565382.6333,5764223.8471],[32565351.4194,5764215.0009],[32565333.2356,5764209.8475],[32565320.4478,5764208.3463]],[[32556475.5577,5774092.2641],[32556407.1554,5774100.2614],[32556366.3057,5774102.2609],[32556320.8117,5774100.7453],[32556276.3125,5774099.2628],[32556259.0335,5774104.2609],[32556249.5422,5774114.7567],[32556249.0855,5774128.7511],[32556254.8982,5774143.7451],[32556264.7165,5774157.2396],[32556301.6799,5774194.2246],[32556346.6705,5774233.2086],[32556377.8148,5774253.2003],[32556425.0199,5774279.1895],[32556475.4772,5774303.1794],[32556517.1297,5774317.1734],[32556600.1254,5774326.6688],[32556618.3753,5774311.6745],[32556634.8515,5774290.6828],[32556646.3114,5774268.6915],[32556649.7632,5774250.6987],[32556643.1938,5774234.2054],[32556628.8477,5774215.713],[32556610.4962,5774198.72],[32556590.912,5774188.2244],[32556546.7576,5774175.7298],[32556522.9187,5774167.2335],[32556500.0713,5774155.2385],[32556484.2213,5774136.7461],[32556477.1379,5774116.2544],[32556475.5577,5774092.2641]],[[32555455.5472,5770236.3116],[32555380.4265,5770261.8015],[32555271.0246,5770306.7834],[32555267.9206,5770356.2636],[32555262.4966,5770385.2521],[32555253.5615,5770413.7407],[32555242.3611,5770439.2305],[32555230.6453,5770460.2221],[32555207.4424,5770495.2081],[32555193.4829,5770520.1981],[32555182.5364,5770546.6875],[32555179.0943,5770568.1789],[32555183.9072,5770584.1725],[32555194.9774,5770597.1673],[32555211.5498,5770606.1636],[32555233.369,5770609.6623],[32555260.1813,5770606.6635],[32555290.235,5770598.167],[32555366.2651,5770572.4941],[32555452.0095,5770548.1869],[32555410.2958,5770515.2001],[32555385.6478,5770488.7107],[32555372.8228,5770480.9121],[32555367.5653,5770477.7151],[32555332.4265,5770463.2209],[32555323.3743,5770454.2244],[32555321.3142,5770436.7314],[32555324.7627,5770417.2393],[32555333.2338,5770400.7459],[32555347.2399,5770390.7499],[32555366.0245,5770385.7518],[32555409.3712,5770379.7543],[32555429.9025,5770372.2573],[32555447.9082,5770358.7627],[32555461.8894,5770340.7698],[32555471.0954,5770318.7786],[32555472.5197,5770293.2888],[32555466.6701,5770266.2996],[32555455.5472,5770236.3116]],[[32554933.8678,5773087.67],[32554914.0761,5773090.6687],[32554898.5597,5773098.1657],[32554891.6639,5773136.6503],[32554889.8052,5773182.6319],[32554894.7633,5773244.1072],[32554899.1135,5773272.096],[32554909.2158,5773296.0865],[32554924.8134,5773314.0793],[32554945.6699,5773330.5728],[32554990.9997,5773334.2439],[32555025.8985,5773337.0702],[32555043.9595,5773341.5686],[32555072.8273,5773355.0632],[32555109.5033,5773380.5531],[32555126.8222,5773388.0501],[32555141.6077,5773387.0505],[32555154.5926,5773371.5568],[32555160.5273,5773346.0669],[32555159.4484,5773322.0766],[32555153.3548,5773297.5864],[32555152.184,5773244.6076],[32555103.8452,5773177.6343],[32555080.9544,5773152.1445],[32555057.0801,5773132.6523],[32555027.949,5773115.1592],[32554995.8198,5773100.6649],[32554962.7021,5773090.6689],[32554933.8678,5773087.67]],[[32556330.9742,5769535.9354],[32556379.4813,5769519.0948],[32556407.0173,5769508.099],[32556425.5288,5769496.6034],[32556443.2743,5769480.6097],[32556456.2501,5769462.117],[32556460.9564,5769444.1242],[32556459.8996,5769426.6311],[32556455.8413,5769411.1374],[32556445.2774,5769399.1422],[32556424.4606,5769394.6442],[32556398.8941,5769394.1446],[32556375.0896,5769396.1439],[32556349.2845,5769399.6427],[32556223.7932,5769425.6331],[32556122.9278,5769441.1633],[32556071.2215,5769449.1245],[32556040.4176,5769457.6212],[32556015.6358,5769468.1172],[32555998.3795,5769480.6123],[32555987.388,5769492.6075],[32555982.1679,5769506.602],[32555981.464,5769522.0958],[32555986.2809,5769539.5888],[32555994.6006,5769555.0825],[32556005.9282,5769570.5763],[32556013.5657,5769565.8195],[32556067.7196,5769532.0914],[32556082.2448,5769528.0929],[32556098.0358,5769528.0929],[32556112.3337,5769531.5913],[32556123.1303,5769537.589],[32556128.1774,5769548.5845],[32556128.4699,5769562.0791],[32556125.5166,5769579.5721],[32556169.6289,5769579.0722],[32556207.2135,5769575.0734],[32556247.0349,5769565.0773],[32556330.9742,5769535.9354]],[[32556546.8351,5771629.4246],[32556556.186,5771618.2545],[32556574.9375,5771603.76],[32556596.9626,5771594.2637],[32556622.5184,5771591.7644],[32556648.6063,5771598.7614],[32556670.9603,5771613.7552],[32556692.0805,5771634.7465],[32556682.1897,5771597.7614],[32556679.884,5771581.7678],[32556682.3453,5771567.2736],[32556690.5716,5771552.7794],[32556703.8298,5771544.2826],[32556720.6271,5771545.282],[32556737.2066,5771556.7773],[32556764.3578,5771582.2667],[32556777.1572,5771587.2646],[32556787.9235,5771583.266],[32556794.1574,5771572.7701],[32556796.8711,5771558.7758],[32556797.7709,5771525.789],[32556802.9634,5771502.798],[32556812.9215,5771480.8068],[32556828.6682,5771466.3123],[32556849.204,5771460.3145],[32556872.0187,5771461.8137],[32556897.1139,5771471.3095],[32556923.7417,5771490.3016],[32556952.4031,5771518.7898],[32556979.7989,5771550.7766],[32557008.2387,5771587.2616],[32556995.7849,5771533.2834],[32556986.9182,5771503.7953],[32556973.2908,5771474.807],[32556954.1891,5771448.318],[32556933.0671,5771426.3271],[32556912.4629,5771409.8339],[32556888.1555,5771392.9951],[32556876.9313,5771385.2196],[32556850.4169,5771366.8519],[32556803.5784,5771378.3479],[32556773.2881,5771391.343],[32556750.7874,5771410.3357],[32556743.8451,5771434.8259],[32556745.4316,5771461.3154],[32556749.2725,5771487.3049],[32556748.0737,5771504.7978],[32556740.5803,5771513.2945],[32556729.3052,5771514.7941],[32556716.0155,5771513.2949],[32556701.2111,5771508.297],[32556662.2963,5771487.8056],[32556638.7128,5771480.3088],[32556610.3837,5771477.8102],[32556578.0551,5771478.3103],[32556545.4849,5771481.8091],[32556515.9315,5771488.3068],[32556491.6536,5771498.8028],[32556472.402,5771513.7969],[32556458.4246,5771532.2897],[32556450.9682,5771552.2817],[32556451.0368,5771574.2729],[32556457.1329,5771600.2625],[32556466.3853,5771629.4633],[32556491.0575,5771621.2387],[32556515.464,5771619.8028],[32556528.385,5771621.2382],[32556542.1584,5771635.0112],[32556546.8351,5771629.4246]],[[32554705.3273,5768971.3179],[32554680.7679,5768973.8169],[32554660.492,5768983.313],[32554644.4917,5768997.3075],[32554632.5119,5769014.3007],[32554607.5777,5769057.2834],[32554591.1027,5769079.7745],[32554549.352,5769116.2598],[32554525.6102,5769139.7504],[32554505.378,5769163.241],[32554492.654,5769182.7331],[32554486.4525,5769203.7247],[32554482.5261,5769230.714],[32554481.1065,5769257.7031],[32554485.7505,5769299.6863],[32554492.085,5769321.1777],[32554508.4486,5769343.1689],[32554541.8542,5769363.6607],[32554585.2716,5769379.1545],[32554626.417,5769389.6503],[32554697.8984,5769401.1457],[32554734.0079,5769404.6443],[32554773.3653,5769404.6443],[32554805.1771,5769396.6475],[32554818.1501,5769376.6555],[32554814.6186,5769369.6583],[32554804.325,5769364.6604],[32554769.7506,5769360.4416],[32554730.5957,5769355.6639],[32554709.0165,5769349.1665],[32554690.9296,5769337.1713],[32554673.5743,5769318.6788],[32554655.2008,5769295.1881],[32554638.3266,5769270.1982],[32554626.7215,5769246.7075],[32554622.1356,5769223.217],[32554624.3088,5769196.7276],[32554631.2388,5769168.2389],[32554641.6754,5769138.7508],[32554653.6271,5769112.7612],[32554666.5987,5769092.2694],[32554680.5839,5769075.2762],[32554695.5751,5769059.2826],[32554726.3282,5769033.293],[32554738.0714,5769020.798],[32554745.2927,5769005.3042],[32554738.4743,5768989.3107],[32554726.4038,5768977.3154],[32554705.3273,5768971.3179]],[[32566427.8853,5765269.9149],[32566415.62,5765274.4097],[32566402.3768,5765285.0512],[32566360.8187,5765328.5387],[32566343.0664,5765355.0349],[32566326.6481,5765390.0297],[32566315.5865,5765433.0207],[32566313.5659,5765478.0084],[32566319.7679,5765519.4956],[32566337.8336,5765576.4513],[32566343.8389,5765592.9718],[32566360.7314,5765623.4626],[32566384.6243,5765648.4564],[32566413.0103,5765668.4525],[32566443.6099,5765682.9503],[32566470.9012,5765689.9496],[32566492.6338,5765687.4504],[32566509.8313,5765677.4524],[32566524.0232,5765663.4546],[32566534.6978,5765640.4585],[32566540.8681,5765609.464],[32566543.0522,5765577.9702],[32566541.2511,5765555.4752],[32566532.4233,5765533.4808],[32566515.5459,5765502.9889],[32566478.026,5765443.0053],[32566467.4302,5765416.0127],[32566463.3474,5765385.5216],[32566461.1699,5765331.3999],[32566456.5876,5765309.9071],[32566449.0031,5765289.913],[32566444.8741,5765283.7661],[32566438.9291,5765274.9161],[32566427.8853,5765269.9149]],[[32564247.2141,5764280.9136],[32564225.9144,5764282.4253],[32564213.156,5764289.9343],[32564210.4459,5764304.4401],[32564214.5161,5764322.9433],[32564223.0995,5764341.9442],[32564234.4352,5764359.4432],[32564256.0812,5764387.4393],[32564332.075,5764479.924],[32564424.0666,5764558.8951],[32564494.7421,5764634.3771],[32564522.6689,5764666.8707],[32564557.913,5764714.3645],[32564652.6023,5764852.3502],[32564628.4801,5764763.753],[32564609.987,5764695.8308],[32564590.5137,5764642.3277],[32564569.042,5764590.8265],[32564549.8583,5764549.3267],[32564526.9167,5764508.3289],[32564495.9318,5764460.3336],[32564462.9482,5764414.3396],[32564434.5153,5764380.3458],[32564402.5978,5764353.855],[32564361.6573,5764327.3684],[32564293.8674,5764291.3928],[32564271.7883,5764284.4021],[32564247.2141,5764280.9136]],[[32561323.6535,5769239.7479],[32561396.2617,5769208.2752],[32561429.8043,5769191.2887],[32561457.578,5769173.3012],[32561478.3336,5769155.8121],[32561496.0778,5769137.3227],[32561517.7431,5769088.8451],[32561525.6949,5769065.3554],[32561533.7076,5769038.6013],[32561545.3035,5768999.8832],[32561548.7548,5768980.3911],[32561547.6919,5768960.3981],[32561542.1102,5768938.4049],[32561533.7816,5768919.91],[32561524.2217,5768908.9122],[32561513.1759,5768903.9119],[32561500.8855,5768901.9102],[32561488.6026,5768902.4076],[32561477.5853,5768906.9038],[32561468.8362,5768915.399],[32561461.8542,5768927.8931],[32561451.9509,5768956.1225],[32561442.2172,5768983.8686],[32561434.2854,5769000.8432],[32561405.0718,5769053.3353],[32561389.5869,5769072.8249],[32561351.6083,5769115.3012],[32561336.8861,5769138.2894],[32561321.463,5769178.271],[32561313.4842,5769192.7637],[32561299.4766,5769203.2567],[32561281.1921,5769208.7508],[32561263.6446,5769209.2468],[32561248.0892,5769205.2452],[32561235.278,5769196.7458],[32561211.8653,5769164.2534],[32561203.0652,5769155.7548],[32561191.0105,5769148.755],[32561176.4534,5769143.2541],[32561162.6575,5769140.7522],[32561152.3848,5769142.7493],[32561143.1301,5769149.7447],[32561132.1399,5769163.2371],[32561120.662,5769181.2277],[32561110.4465,5769202.2173],[32561102.2503,5769227.7055],[32561097.0759,5769257.6927],[32561096.4172,5769288.6803],[32561102.0167,5769316.6704],[32561113.1152,5769339.1639],[32561125.4505,5769356.1598],[32561139.7808,5769369.6576],[32561172.8158,5769350.6722],[32561184.8193,5769340.6788],[32561225.5238,5769287.7084],[32561248.762,5769262.2233],[32561258.5258,5769257.7271],[32561293.0967,5769249.2377],[32561323.6535,5769239.7479]],[[32566781.9593,5763062.5461],[32566761.8446,5763043.0494],[32566743.2676,5763034.0867],[32566726.9817,5763036.1595],[32566710.9639,5763043.7539],[32566696.4643,5763055.8544],[32566683.7285,5763070.943],[32566672.23,5763080.9924],[32566660.7059,5763083.0123],[32566650.4255,5763082.0201],[32566641.9095,5763083.9164],[32566635.4311,5763092.4519],[32566631.2209,5763107.9462],[32566629.7699,5763127.2076],[32566632.0726,5763142.2017],[32566641.6529,5763159.1951],[32566681.4055,5763205.1765],[32566729.9122,5763246.6595],[32566737.7117,5763255.6559],[32566753.3515,5763284.6444],[32566761.9087,5763295.1402],[32566785.0314,5763315.132],[32566795.107,5763329.6262],[32566796.9219,5763345.1204],[32566793.7262,5763359.615],[32566785.06,5763382.6065],[32566784.1159,5763396.1015],[32566785.9258,5763409.5963],[32566790.9824,5763421.0918],[32566800.5361,5763430.0881],[32566813.8423,5763438.0848],[32566834.92,5763445.8094],[32566857.4808,5763454.0776],[32566868.7915,5763464.0735],[32566878.1206,5763479.0675],[32566885.2134,5763498.0602],[32566895.9484,5763550.0404],[32566901.0099,5763563.0353],[32566910.3234,5763574.5307],[32566935.952,5763594.5225],[32566946.5141,5763605.0182],[32566952.0783,5763618.5131],[32566955.7075,5763650.501],[32566958.7579,5763662.4963],[32566986.2157,5763702.9804],[32567005.3421,5763725.9712],[32567020.9234,5763738.4662],[32567032.9539,5763738.9656],[32567043.7081,5763733.4674],[32567052.1893,5763723.9707],[32567057.3973,5763710.9755],[32567057.3204,5763692.4824],[32567051.9593,5763668.4915],[32567043.3287,5763641.5019],[32567032.7012,5763616.0118],[32567012.2788,5763583.5245],[32566975.9859,5763536.4773],[32566925.9148,5763471.5691],[32566847.2789,5763344.6192],[32566824.8466,5763303.7455],[32566814.9773,5763273.3784],[32566814.1223,5763244.9942],[32566823.4618,5763186.3504],[32566824.8204,5763173.1683],[32566825.8934,5763162.7573],[32566824.8364,5763145.6967],[32566820.7762,5763130.1529],[32566813.1957,5763111.1095],[32566810.3645,5763105.8168],[32566800.3355,5763087.0681],[32566781.9593,5763062.5461]],[[32566628.8015,5762903.039],[32566612.4916,5762897.5833],[32566594.697,5762898.1591],[32566578.4192,5762902.7459],[32566561.6511,5762910.8457],[32566549.6213,5762911.3937],[32566524.0388,5762906.4655],[32566510.2272,5762898.4852],[32566483.0771,5762873.4986],[32566473.1237,5762896.5588],[32566464.6993,5762923.521],[32566456.7994,5762963.7745],[32566443.8603,5763053.2408],[32566434.3929,5763133.2108],[32566435.5325,5763174.1953],[32566443.4636,5763223.6764],[32566454.6485,5763269.6588],[32566465.7907,5763302.1461],[32566469.8787,5763324.1378],[32566464.0461,5763350.3257],[32566455.9935,5763368.1218],[32566492.8436,5763370.1199],[32566509.122,5763367.1204],[32566527.1375,5763360.1226],[32566542.6434,5763351.6253],[32566556.6434,5763340.629],[32566565.125,5763327.6336],[32566568.5881,5763313.1389],[32566567.2008,5763277.8227],[32566561.5057,5763222.6733],[32566560.6041,5763184.6877],[32566564.6945,5763144.2029],[32566575.3281,5763109.7157],[32566590.5312,5763084.225],[32566594.0562,5763079.8256],[32566606.7657,5763063.9636],[32566620.7496,5763051.0256],[32566633.7316,5763034.4846],[32566647.4447,5763011.3788],[32566657.1355,5762984.7423],[32566659.0527,5762957.1253],[32566653.209,5762932.554],[32566642.8747,5762914.5271],[32566628.8015,5762903.039]],[[32557542.9914,5771408.8686],[32557500.2057,5771410.8118],[32557482.6912,5771411.6072],[32557463.9484,5771408.0462],[32557447.672,5771397.4536],[32557421.2847,5771372.9398],[32557386.4982,5771377.5595],[32557367.4946,5771381.875],[32557364.2002,5771385.0448],[32557330.9245,5771447.0354],[32557329.9867,5771557.5809],[32557331.5921,5771571.9937],[32557333.8662,5771576.1684],[32557421.7974,5771679.1087],[32557472.1621,5771679.9168],[32557491.436,5771676.738],[32557656.459,5771600.1552],[32557665.077,5771595.574],[32557673.1509,5771588.6829],[32557674.2985,5771587.2092],[32557641.6466,5771563.8873],[32557623.1828,5771532.236],[32557588.8929,5771479.4839],[32557553.5838,5771425.164],[32557542.9914,5771408.8686]],[[32553567.8554,5773017.6929],[32553593.4089,5773013.6946],[32553617.7267,5773015.1941],[32553679.4247,5773027.1896],[32553731.1126,5773044.1829],[32553756.709,5773053.6793],[32553784.2948,5773058.1775],[32553818.6274,5773056.1784],[32553850.6915,5773050.1811],[32553897.5199,5773036.6866],[32553917.7907,5773026.6907],[32553933.5387,5773013.1962],[32553940.2553,5772997.2026],[32553940.2027,5772980.7092],[32553935.3894,5772964.7156],[32553926.5674,5772949.2218],[32553912.2294,5772933.2281],[32553892.1297,5772918.2341],[32553864.52,5772906.2388],[32553783.993,5772884.7471],[32553709.4961,5772867.7536],[32553616.7112,5772853.7589],[32553611.7587,5772872.7512],[32553604.2965,5772890.7439],[32553592.5765,5772909.7363],[32553575.8403,5772927.7291],[32553553.3359,5772944.7221],[32553524.8112,5772960.2158],[32553490.0108,5772972.7107],[32553451.6838,5772979.7077],[32553414.3385,5772980.2074],[32553380.7308,5772973.7099],[32553352.8626,5772959.2156],[32553350.9083,5772975.2091],[32553336.584,5773042.1823],[32553346.117,5773046.1705],[32553396.3181,5773067.1725],[32553415.8816,5773071.1709],[32553461.495,5773069.6717],[32553479.4971,5773055.6774],[32553502.5139,5773042.1829],[32553535.5535,5773027.6887],[32553567.8554,5773017.6929]],[[32553773.4765,5772415.9351],[32553753.4341,5772418.9338],[32553751.029,5772419.723],[32553735.1558,5772424.9313],[32553717.3899,5772434.4274],[32553699.3861,5772447.922],[32553644.238,5772501.064],[32553637.6651,5772507.3978],[32553654.0704,5772542.8837],[32553669.6982,5772570.3727],[32553685.5528,5772590.3648],[32553767.4492,5772648.3418],[32553810.428,5772685.3271],[32553828.5162,5772698.322],[32553875.9654,5772722.3126],[32553909.5764,5772729.8097],[32553937.1557,5772732.3088],[32553958.9448,5772726.8111],[32553973.1935,5772714.816],[32553983.9254,5772700.3218],[32553990.6417,5772683.8247],[32553993.088,5772665.3359],[32553987.9063,5772612.3571],[32553982.7881,5772579.3703],[32553919.4676,5772451.4213],[32553887.0972,5772439.9259],[32553818.86,5772420.9332],[32553795.2847,5772416.4348],[32553773.4765,5772415.9351]],[[32563713.9587,5766083.4394],[32563726.5915,5766073.4943],[32563608.7739,5766082.4792],[32563542.6294,5766083.186],[32563454.339,5766084.1294],[32563399.3092,5766087.5829],[32563354.3433,5766094.0525],[32563310.7119,5766107.9568],[32563310.4496,5766108.0404],[32563207.4094,5766152.0795],[32563175.1754,5766163.8914],[32563139.4861,5766181.7368],[32563080.5515,5766211.2052],[32562880.8184,5766265.6807],[32562906.6071,5766268.6624],[32562948.4405,5766272.2702],[32563037.6741,5766274.3816],[32563080.0415,5766278.4214],[32563115.1647,5766289.9408],[32563140.2819,5766306.9439],[32563166.4351,5766333.9371],[32563179.5113,5766347.4333],[32563191.3113,5766353.9361],[32563204.0986,5766355.9443],[32563215.1062,5766350.458],[32563220.3179,5766335.4752],[32563223.7479,5766312.4962],[32563232.1911,5766290.0165],[32563248.4108,5766270.0344],[32563275.4268,5766256.0475],[32563308.4624,5766247.5482],[32563370.0177,5766238.5178],[32563419.3638,5766233.4991],[32563443.4303,5766228.4982],[32563465.7544,5766219.5064],[32563485.3295,5766203.0277],[32563507.4317,5766180.0664],[32563535.8046,5766155.1165],[32563565.0725,5766133.677],[32563590.3436,5766119.1685],[32563616.8885,5766111.92],[32563692.2601,5766096.4636],[32563713.9587,5766083.4394]],[[32555605.3277,5771481.8133],[32555565.7003,5771474.3164],[32555553.1627,5771472.817],[32555536.6208,5771473.3167],[32555475.9769,5771478.3148],[32555441.1648,5771484.5555],[32555389.5475,5771493.8087],[32555351.461,5771498.3069],[32555312.3639,5771500.3061],[32555274.7518,5771496.3076],[32555241.3851,5771487.3111],[32555208.5056,5771473.8166],[32555192.2468,5771484.8122],[32555180.005,5771497.8069],[32555172.0433,5771516.7993],[32555171.1052,5771537.2911],[32555174.4187,5771554.7841],[32555180.9863,5771570.7777],[32555216.3711,5771583.7725],[32555245.4702,5771590.7698],[32555268.5312,5771590.7697],[32555286.8187,5771587.2712],[32555307.8744,5771587.2712],[32555354.7593,5771590.7699],[32555411.9007,5771587.7711],[32555474.0315,5771577.2753],[32555499.8211,5771568.2789],[32555518.8319,5771555.7838],[32555534.578,5771541.2897],[32555588.2657,5771556.2835],[32555614.3653,5771566.2796],[32555636.4685,5771580.7737],[32555653.5663,5771597.7669],[32555668.6698,5771618.2587],[32555732.9718,5771661.2414],[32555762.1226,5771685.2317],[32555789.7913,5771716.2193],[32555812.6991,5771747.7067],[32555828.3177,5771772.6966],[32555861.6132,5771839.6697],[32555884.1134,5771821.177],[32555904.1042,5771801.6848],[32555922.3278,5771778.1941],[32555934.763,5771747.2065],[32555942.173,5771712.2205],[32555946.3056,5771671.2369],[32555897.8463,5771644.2478],[32555865.4657,5771629.2539],[32555806.7182,5771598.7662],[32555709.6491,5771542.3956],[32555605.3277,5771481.8133]],[[32557242.4858,5771473.304],[32557235.6832,5771462.3084],[32557207.9383,5771447.6273],[32557176.1786,5771430.8218],[32557157.0877,5771417.8273],[32557144.5153,5771405.3325],[32557138.709,5771392.3378],[32557138.6581,5771376.3442],[32557145.6238,5771359.8507],[32557161.1165,5771344.8565],[32557186.6369,5771330.362],[32557274.7437,5771291.8761],[32557292.267,5771284.8788],[32557310.298,5771279.8805],[32557330.3405,5771276.8815],[32557354.1508,5771276.3813],[32557384.4988,5771282.3785],[32557420.8894,5771296.8722],[32557461.0604,5771317.8633],[32557502.5038,5771344.852],[32557539.776,5771374.6585],[32557515.0369,5771308.0392],[32557472.8337,5771228.911],[32557388.7844,5771144.864],[32557314.3786,5771144.4346],[32557278.5418,5771146.4344],[32557248.4779,5771150.933],[32557215.4158,5771158.4304],[32557182.6107,5771167.927],[32557153.8272,5771180.9221],[32557128.3148,5771197.9157],[32557104.327,5771221.4067],[32557083.8642,5771249.8956],[32557069.1775,5771281.883],[32557060.2623,5771315.8695],[32557055.8556,5771348.8563],[32557055.4465,5771377.8448],[32557059.3559,5771424.8258],[32557056.1817,5771451.3153],[32557049.7618,5771481.8031],[32557081.0726,5771475.3054],[32557095.1122,5771476.3048],[32557105.9061,5771481.3026],[32557112.9563,5771491.2985],[32557116.2545,5771503.7934],[32557113.2143,5771524.1733],[32557110.3644,5771543.2778],[32557114.1625,5771555.2729],[32557126.2256,5771565.2688],[32557142.7861,5771570.7663],[32557158.3265,5771570.7661],[32557173.3465,5771564.7683],[32557189.3516,5771553.2727],[32557204.8379,5771536.2793],[32557235.0208,5771494.645],[32557242.5208,5771484.2996],[32557242.4858,5771473.304]],[[32557701.8025,5769858.4799],[32557683.7747,5769864.4784],[32557669.7765,5769876.4731],[32557662.5521,5769890.4662],[32557653.8955,5769926.9469],[32557644.4439,5769949.9352],[32557628.7324,5769974.9231],[32557607.9983,5769996.9132],[32557586.4933,5770012.9067],[32557525.6758,5770041.3985],[32557503.1569,5770053.8946],[32557481.4028,5770070.3885],[32557463.1768,5770092.8785],[32557449.7227,5770118.3663],[32557442.4372,5770136.863],[32557434.3319,5770165.3422],[32557431.3925,5770186.8306],[32557433.9642,5770207.3187],[32557441.2903,5770225.3075],[32557452.6254,5770242.7961],[32557468.5564,5770286.7759],[32557486.4656,5770322.2615],[32557509.3624,5770349.7502],[32557605.7072,5770300.7686],[32557669.7546,5770263.2828],[32557701.7711,5770242.2909],[32557731.0256,5770219.7994],[32557752.0136,5770198.8077],[32557774.9732,5770167.32],[32557782.1848,5770149.3271],[32557787.1167,5770123.8372],[32557788.0191,5770092.3499],[32557784.6715,5770064.3611],[32557778.0639,5770035.8761],[32557773.5036,5769971.8515],[32557768.8807,5769906.9474],[32557755.7848,5769887.4591],[32557741.1977,5769871.9689],[32557722.1116,5769860.4769],[32557701.8025,5769858.4799]],[[32555611.0516,5773141.1492],[32555633.3499,5773138.1504],[32555661.4286,5773140.1495],[32555690.7812,5773148.6461],[32555717.1338,5773159.6417],[32555743.2435,5773173.1362],[32555750.9646,5773157.6424],[32555755.6747,5773141.149],[32555756.3635,5773121.157],[32555744.7407,5773091.6689],[32555722.3131,5773053.6841],[32555690.8339,5773006.7029],[32555639.9114,5772993.7082],[32555603.2993,5772988.2105],[32555560.9236,5772983.2125],[32555471.6729,5772977.2149],[32555428.5606,5772977.2149],[32555385.7084,5772980.2137],[32555347.5226,5772986.2894],[32555344.8723,5772986.7111],[32555302.7908,5772995.7074],[32555283.2555,5773000.7054],[32555263.982,5773009.202],[32555243.2218,5773023.1964],[32555226.4769,5773038.6902],[32555216.7442,5773052.1848],[32555211.7754,5773066.1792],[32555210.0731,5773082.6725],[32555213.3997,5773104.1639],[32555224.0066,5773129.154],[32555240.6322,5773155.1436],[32555261.2637,5773179.6337],[32555290.165,5773203.6242],[32555324.5744,5773225.6154],[32555365.5021,5773248.1064],[32555404.6071,5773249.106],[32555426.1536,5773246.1073],[32555498.0302,5773227.1149],[32555526.3252,5773218.1185],[32555549.596,5773205.6235],[32555568.5884,5773187.6306],[32555580.0598,5773169.138],[32555590.519,5773147.6466],[32555611.0516,5773141.1492]],[[32556221.749,5773651.4427],[32556209.7834,5773637.4144],[32556206.402,5773633.4501],[32556184.5652,5773623.954],[32556158.7497,5773624.4539],[32556131.9524,5773631.4512],[32556073.1131,5773651.4435],[32556046.5537,5773654.4425],[32556028.7337,5773646.9456],[32556013.6437,5773630.952],[32555996.5247,5773607.4615],[32555986.4128,5773580.4724],[32555990.5911,5773554.4827],[32556002.051,5773532.4915],[32556012.7797,5773516.9977],[32556041.4979,5773483.511],[32556059.9665,5773458.5209],[32556076.6614,5773427.5333],[32556090.0677,5773387.0494],[32556100.4518,5773342.0674],[32556109.3096,5773290.0882],[32556026.8289,5773268.7554],[32555985.6371,5773258.1015],[32555971.3946,5773272.096],[32555957.6677,5773290.5886],[32555942.7146,5773317.5778],[32555932.7744,5773344.567],[32555925.6266,5773382.5518],[32555917.414,5773401.0445],[32555901.1837,5773420.5367],[32555879.4264,5773436.0306],[32555856.1542,5773448.0258],[32555818.3489,5773461.5206],[32555806.597,5773470.517],[32555799.1172,5773483.012],[32555789.7008,5773516.9984],[32555780.7251,5773531.9923],[32555768.74,5773546.4866],[32555804.4629,5773587.4701],[32555837.9075,5773621.4564],[32555871.8376,5773650.4447],[32555902.2219,5773667.9376],[32555930.0776,5773678.4333],[32555955.6599,5773683.4311],[32556002.4786,5773686.4776],[32556040.1466,5773688.9287],[32556059.9687,5773695.426],[32556074.2907,5773706.4214],[32556079.8481,5773719.9161],[32556078.6441,5773735.4098],[32556073.4329,5773751.9033],[32556053.0005,5773789.8882],[32556047.5482,5773809.3803],[32556053.6116,5773824.3742],[32556084.5148,5773847.3649],[32556201.0729,5773927.8321],[32556175.1079,5773881.3508],[32556165.51,5773858.3601],[32556164.4437,5773838.3682],[32556173.6637,5773821.3749],[32556188.9089,5773807.3804],[32556222.6814,5773786.8884],[32556238.4374,5773775.8928],[32556251.1841,5773764.3973],[32556258.9208,5773753.9014],[32556260.131,5773740.4067],[32556255.3099,5773721.9142],[32556232.3399,5773671.4346],[32556221.749,5773651.4427]],[[32556687.6664,5772299.4804],[32556639.703,5772271.4922],[32556557.0988,5772227.5106],[32556402.4834,5772157.5399],[32556360.0568,5772135.0492],[32556323.8722,5772105.0614],[32556284.6391,5772062.0789],[32556232.395,5771997.7818],[32556222.4916,5771985.1101],[32556207.5223,5771975.9286],[32556142.6357,5771936.13],[32556112.7596,5771920.1366],[32556082.1503,5771910.1407],[32556039.264,5771901.6443],[32555991.1265,5771897.1463],[32555944.7604,5771898.1461],[32555908.6862,5771904.1438],[32555885.1474,5771911.141],[32555868.6329,5771920.1375],[32555868.4026,5771926.6349],[32555872.2109,5771942.1287],[32555885.5579,5771962.1207],[32555914.1942,5771982.1126],[32556048.7396,5772046.0865],[32556086.6552,5772068.0775],[32556117.3053,5772091.0682],[32556126.5084,5772100.1286],[32556143.7036,5772117.0577],[32556183.1993,5772163.5388],[32556225.234,5772220.5158],[32556261.4396,5772257.001],[32556312.9271,5772291.4869],[32556370.3996,5772316.4764],[32556421.5704,5772329.4708],[32556508.8272,5772338.9664],[32556551.1889,5772339.4657],[32556654.6744,5772328.969],[32556673.4795,5772330.9679],[32556730.9249,5772345.4615],[32556687.6664,5772299.4804]],[[32562383.3227,5768638.1596],[32562411.0806,5768614.6715],[32562438.5968,5768594.1822],[32562467.1292,5768578.1918],[32562498.9344,5768566.7004],[32562532.5066,5768559.208],[32562566.5877,5768554.215],[32562631.7534,5768548.227],[32562661.5725,5768543.233],[32562689.3755,5768534.7398],[32562713.8998,5768519.748],[32562734.3948,5768498.7571],[32562749.619,5768475.7661],[32562768.2885,5768431.2815],[32562784.0095,5768406.7906],[32562803.0017,5768386.2991],[32562822.5221,5768375.8048],[32562841.8092,5768371.8087],[32562860.0876,5768365.813],[32562874.5982,5768357.3174],[32562883.3343,5768345.8217],[32562884.2907,5768331.3258],[32562879.7297,5768315.8294],[32562870.9028,5768298.8328],[32562861.3479,5768289.334],[32562846.7801,5768279.8345],[32562823.4347,5768268.8342],[32562790.5694,5768259.3322],[32562751.2001,5768253.8282],[32562709.3418,5768254.3221],[32562669.7511,5768261.3147],[32562581.1432,5768290.6831],[32562493.1458,5768325.2193],[32562443.3629,5768344.7575],[32562432.6847,5768378.746],[32562418.2355,5768409.2347],[32562397.2602,5768437.2231],[32562334.0269,5768502.1933],[32562285.9518,5768556.5756],[32562280.836,5768597.5065],[32562281.6712,5768605.8565],[32562284.4217,5768633.3596],[32562286.6682,5768631.6872],[32562269.5712,5768733.1287],[32562280.3049,5768729.1135],[32562299.0703,5768716.6206],[32562318.5759,5768700.1293],[32562383.3227,5768638.1596]],[[32555687.1957,5773992.808],[32555639.5784,5773994.8072],[32555586.677,5773990.3091],[32555513.7287,5773987.3103],[32555456.851,5773993.308],[32555423.0407,5774001.8045],[32555394.7493,5774011.8005],[32555356.9524,5774027.7941],[32555318.9401,5774038.5183],[32555273.9634,5774051.2073],[32555255.7382,5774060.3071],[32555242.0951,5774075.2568],[32555235.636,5774094.1064],[32555233.7568,5774118.1559],[32555240.3634,5774145.4553],[32555252.1606,5774164.955],[32555272.4558,5774191.6045],[32555290.1019,5774207.722],[32555316.4823,5774227.2141],[32555342.8546,5774244.2074],[32555396.5825,5774272.1962],[32555413.6631,5774283.6916],[32555425.4835,5774296.1866],[32555434.0502,5774310.181],[32555459.5202,5774358.6615],[32555567.0944,5774373.6554],[32555660.3703,5774384.6509],[32555703.241,5774387.6496],[32555741.8411,5774387.6496],[32555741.9378,5774387.6359],[32555773.6594,5774383.1513],[32555825.5042,5774370.6561],[32555845.7799,5774362.1595],[32555858.528,5774351.1639],[32555865.2479,5774336.1698],[32555867.7002,5774319.1767],[32555863.631,5774300.6841],[32555851.7931,5774282.6913],[32555836.9523,5774266.198],[32555825.6237,5774250.7042],[32555816.2987,5774234.7107],[32555802.1493,5774199.225],[32555798.5941,5774184.7308],[32555798.053,5774172.2358],[32555800.5229,5774160.7403],[32555817.0038,5774141.2482],[32555818.9676,5774128.2533],[32555805.8685,5774107.7616],[32555774.1832,5774075.2747],[32555706.4973,5774011.1065],[32555687.1957,5773992.808]],[[32555211.4377,5770009.4024],[32555239.2546,5770006.9034],[32555298.4195,5770008.9026],[32555339.2726,5770006.9034],[32555390.6333,5769998.4067],[32555414.8942,5769991.6888],[32555442.9778,5769983.9125],[32555486.544,5769967.9188],[32555521.8303,5769949.4262],[32555549.5904,5769928.9344],[32555579.8398,5769902.9447],[32555657.6062,5769841.9689],[32555603.8879,5769817.4787],[32555559.7177,5769800.4857],[32555436.2117,5769743.5086],[32555382.7566,5769723.5166],[32555322.2855,5769704.5242],[32555252.5391,5769685.5319],[32555194.0421,5769737.0114],[32555172.2693,5769748.5067],[32555121.0619,5769765.9329],[32555102.4026,5769771.4976],[32554945.7737,5769865.9597],[32554918.7456,5769880.4539],[32554875.1854,5769898.9465],[32554822.1022,5769918.4387],[32554765.7522,5769935.4318],[32554718.4031,5769944.928],[32554684.5641,5769945.9276],[32554641.9433,5769944.428],[32554625.9121,5769948.4265],[32554611.6467,5769955.9235],[32554600.6512,5769966.9191],[32554594.685,5769982.9126],[32554594.9905,5770000.4056],[32554601.3078,5770016.3992],[32554612.88,5770029.3941],[32554627.9508,5770038.8903],[32554677.3916,5770056.8831],[32554712.263,5770065.3797],[32554751.8879,5770070.8775],[32554844.9153,5770078.8744],[32554876.5513,5770083.35],[32554926.1713,5770090.3699],[32554962.272,5770091.3696],[32555000.61,5770086.3715],[32555037.422,5770074.3763],[32555085.3582,5770049.4522],[32555122.0127,5770030.3939],[32555148.5577,5770021.8974],[32555179.8685,5770014.4004],[32555211.4377,5770009.4024]],[[32554943.4624,5776848.6633],[32554945.369,5776821.2464],[32554945.6173,5776817.6758],[32554945.282,5776791.6861],[32554944.7465,5776781.1903],[32554936.9179,5776763.1976],[32554930.5689,5776737.7078],[32554928.9723,5776709.2191],[32554935.3963,5776680.7306],[32554950.1076,5776657.24],[32554967.5988,5776640.7466],[32554988.3597,5776627.7518],[32554935.2352,5776631.2504],[32554896.6332,5776630.2508],[32554892.4231,5776629.6192],[32554873.3122,5776626.7522],[32554851.2313,5776619.2551],[32554828.1251,5776604.7609],[32554794.4144,5776578.9387],[32554747.2167,5776542.7856],[32554715.3266,5776524.7926],[32554677.1703,5776506.7997],[32554640.0313,5776493.3051],[32554612.192,5776487.8073],[32554466.3439,5776495.8037],[32554416.741,5776503.3006],[32554379.6703,5776510.7974],[32554348.13,5776523.2923],[32554322.3741,5776541.7849],[32554298.1351,5776564.2758],[32554277.1578,5776587.7663],[32554262.1926,5776610.2573],[32554241.5231,5776651.2409],[32554186.9531,5776767.8871],[32554172.079,5776799.6813],[32554182.9678,5776833.6678],[32554197.8504,5776862.6563],[32554220.9928,5776888.1461],[32554258.6936,5776920.1335],[32554272.5067,5776928.6301],[32554289.8092,5776931.1291],[32554309.3526,5776929.13],[32554326.1292,5776924.132],[32554339.6329,5776914.6359],[32554349.3524,5776897.6427],[32554361.2655,5776861.6571],[32554369.2404,5776847.6627],[32554382.2328,5776835.1678],[32554399.0064,5776829.1702],[32554415.8058,5776831.1695],[32554468.7533,5776850.162],[32554512.6955,5776874.6522],[32554561.9437,5776912.1374],[32554580.2764,5776923.1331],[32554597.0922,5776930.1303],[32554630.2109,5776940.6262],[32554727.4634,5776939.7987],[32554806.4066,5776939.127],[32554851.263,5776936.6281],[32554872.8895,5776931.994],[32554888.5823,5776928.6313],[32554911.5939,5776914.1371],[32554925.5678,5776895.1447],[32554936.028,5776874.6529],[32554943.4624,5776848.6633]],[[32554609.9208,5771715.7186],[32554628.7133,5771713.7193],[32554652.0285,5771715.2188],[32554675.7476,5771718.5427],[32554684.1283,5771719.7172],[32554721.0007,5771727.2142],[32554754.373,5771737.7101],[32554808.0813,5771758.202],[32554830.1607,5771764.6995],[32554852.7305,5771767.6984],[32554874.5388,5771767.6984],[32554905.4101,5771762.2129],[32554936.4193,5771756.7029],[32554957.4707,5771755.2036],[32554973.7736,5771758.2023],[32554999.5687,5771749.3711],[32555051.1464,5771731.7131],[32555049.5904,5771715.2197],[32555050.002,5771686.7311],[32555059.6254,5771638.2506],[32555065.0787,5771618.7584],[32555064.2607,5771597.7668],[32555053.9015,5771571.7771],[32555040.0503,5771551.2853],[32555025.4596,5771534.7918],[32555008.3748,5771522.2969],[32554984.2948,5771517.2988],[32554935.4597,5771516.53],[32554889.0355,5771515.7992],[32554820.3233,5771506.8028],[32554778.4517,5771503.8038],[32554740.8539,5771504.8034],[32554697.7571,5771510.8008],[32554643.3894,5771519.797],[32554580.3802,5771531.9027],[32554508.1172,5771545.7863],[32554453.9926,5771550.7842],[32554387.331,5771554.2826],[32554341.2607,5771569.7763],[32554294.1688,5771579.2723],[32554240.5376,5771581.7711],[32554184.8775,5771576.773],[32554129.9612,5771569.2758],[32554036.9192,5771553.2819],[32553914.292,5771528.1852],[32553897.7177,5771524.7931],[32553886.4878,5771540.2868],[32553877.7725,5771558.2795],[32553871.3304,5771581.77],[32553871.6622,5771607.2599],[32553877.7478,5771629.251],[32553888.0945,5771651.2423],[32553944.2313,5771727.2119],[32553966.8773,5771754.701],[32553991.7729,5771780.1908],[32554059.9028,5771844.1654],[32554103.153,5771887.6481],[32554125.515,5771904.6414],[32554153.1294,5771918.136],[32554186.0043,5771930.631],[32554225.1455,5771943.1263],[32554254.9489,5771935.6294],[32554282.2347,5771924.6338],[32554282.4085,5771924.5267],[32554309.0018,5771908.1406],[32554345.6281,5771875.8248],[32554421.7281,5771808.6808],[32554459.9869,5771780.1923],[32554495.2648,5771760.2004],[32554531.3042,5771743.2073],[32554564.0965,5771729.7128],[32554609.9208,5771715.7186]],[[32556624.8109,5770475.7107],[32556620.8708,5770457.8601],[32556618.9641,5770449.2214],[32556617.6334,5770424.2314],[32556620.3174,5770400.7407],[32556628.4751,5770364.2552],[32556636.1703,5770340.2647],[32556669.0041,5770259.2968],[32556696.8927,5770199.8203],[32556706.3402,5770174.8301],[32556711.5265,5770149.8401],[32556715.1097,5770092.8627],[32556687.746,5770079.3685],[32556658.8903,5770069.3727],[32556658.0216,5770069.2435],[32556625.2889,5770064.375],[32556592.4565,5770064.3753],[32556535.8285,5770068.8741],[32556487.4863,5770078.3707],[32556467.9587,5770085.368],[32556450.4439,5770094.8644],[32556416.1924,5770122.3536],[32556396.6739,5770132.3497],[32556374.6428,5770140.3467],[32556317.1157,5770178.8316],[32556238.4395,5770224.2202],[32556154.2402,5770272.7951],[32556132.2083,5770280.792],[32556103.1473,5770285.2903],[32556066.8128,5770288.2894],[32556014.2094,5770298.2852],[32556009.3802,5770299.2029],[32555956.3417,5770309.2814],[32555862.353,5770311.2809],[32555833.5074,5770304.7836],[32555800.1296,5770291.7888],[32555749.6711,5770267.2988],[32555733.1089,5770261.3012],[32555689.7152,5770251.8051],[32555666.1874,5770262.8007],[32555643.6746,5770277.7948],[32555620.4333,5770300.2858],[32555602.7236,5770328.2747],[32555593.5427,5770358.2627],[32555592.137,5770389.7501],[32555592.3107,5770390.8178],[32555597.5039,5770422.7369],[32555611.8929,5770455.2239],[32555632.7884,5770484.2123],[32555659.698,5770512.7008],[32555676.9534,5770515.2482],[32555713.8653,5770520.6976],[32555803.4184,5770542.6885],[32555818.4874,5770552.1847],[32555838.5569,5770557.6825],[32555867.6343,5770558.1822],[32555903.4527,5770550.1853],[32555939.503,5770536.1907],[32555995.8199,5770510.7008],[32556016.1053,5770505.2029],[32556066.2162,5770499.2051],[32556175.1821,5770493.9363],[32556231.6163,5770491.2075],[32556287.2677,5770487.1739],[32556330.7003,5770484.026],[32556352.706,5770482.431],[32556390.2341,5770479.711],[32556436.4624,5770515.6963],[32556460.0855,5770536.188],[32556517.1679,5770597.1631],[32556556.5279,5770644.4749],[32556568.7406,5770659.6377],[32556579.0877,5770682.6284],[32556580.4123,5770705.6192],[32556575.4759,5770730.1095],[32556548.0888,5770788.5863],[32556537.1141,5770805.5797],[32556510.9766,5770840.3362],[32556505.166,5770848.0629],[32556537.0826,5770876.0515],[32556552.9047,5770886.5471],[32556567.9609,5770892.5446],[32556582.7524,5770894.0438],[32556597.0271,5770890.5452],[32556610.2837,5770882.0484],[32556623.7711,5770867.0543],[32556642.7027,5770839.6436],[32556669.6823,5770800.5804],[32556685.4267,5770785.5862],[32556702.694,5770776.5896],[32556737.9922,5770762.095],[32556752.0029,5770753.5983],[32556759.4996,5770746.1013],[32556762.2337,5770738.6042],[32556761.2015,5770729.108],[32556757.1535,5770717.1128],[32556744.5474,5770693.6224],[32556726.6571,5770663.6346],[32556720.0886,5770647.1412],[32556715.5384,5770627.6456],[32556708.6567,5770598.1609],[32556700.0817,5770581.1677],[32556687.7545,5770566.6737],[32556675.4384,5770555.6783],[32556653.3349,5770540.6845],[32556643.767,5770526.6902],[32556633.6685,5770503.1996],[32556624.8109,5770475.7107]],[[32557155.896,5769783.6134],[32557136.6133,5769789.115],[32557073.9679,5769794.6281],[32557052.1267,5769797.4528],[32557031.3746,5769800.1367],[32556987.9589,5769810.4766],[32556948.6564,5769826.4665],[32556947.2313,5769827.2834],[32556919.8819,5769842.9603],[32556902.1267,5769856.455],[32556890.6348,5769868.9502],[32556872.1754,5769897.9389],[32556859.2336,5769927.927],[32556890.3038,5769923.9283],[32556920.8801,5769922.4285],[32556954.4773,5769925.4268],[32556988.6796,5769932.5124],[32556999.8736,5769934.9259],[32557017.2695,5769936.0594],[32557040.5674,5769932.0583],[32557067.6123,5769924.0555],[32557091.3877,5769912.5559],[32557110.3943,5769899.0587],[32557123.1329,5769885.0635],[32557135.8366,5769860.0746],[32557171.4109,5769775.6141],[32557190.6777,5769765.1156],[32557210.9693,5769761.6128],[32557235.5539,5769768.1036],[32557261.5238,5769785.5571],[32557279.5235,5769774.9395],[32557336.7432,5769753.2018],[32557344.952,5769756.3272],[32557455.9394,5769850.6208],[32557466.8669,5769872.6368],[32557480.4275,5769910.7231],[32557482.8824,5769920.0366],[32557485.945,5769931.6553],[32557490.3889,5769940.0275],[32557497.8321,5769945.1253],[32557512.8771,5769950.99],[32557529.4083,5769954.0724],[32557539.5733,5769953.8073],[32557547.8822,5769951.1425],[32557557.1208,5769941.9146],[32557583.385,5769889.9577],[32557570.9522,5769863.6505],[32557568.3382,5769859.2604],[32557555.269,5769837.3113],[32557541.3149,5769817.03],[32557533.725,5769805.9987],[32557529.8051,5769797.3318],[32557529.3074,5769789.0932],[32557535.194,5769777.5654],[32557590.5513,5769718.5549],[32557599.8879,5769732.5607],[32557615.2158,5769744.5521],[32557636.783,5769748.0476],[32557657.3252,5769744.5473],[32557664.6197,5769740.3838],[32557671.3362,5769736.5502],[32557680.5658,5769722.5569],[32557687.5219,5769703.067],[32557700.6442,5769652.0937],[32557701.0612,5769625.6082],[32557691.4569,5769600.6229],[32557660.498,5769560.1487],[32557649.1629,5769542.6597],[32557643.8373,5769523.1712],[32557643.0169,5769501.6831],[32557644.9553,5769480.6945],[32557650.6629,5769462.7037],[32557661.1553,5769451.7085],[32557673.9258,5769447.7091],[32557686.709,5769447.7076],[32557700.0062,5769451.7039],[32557738.9097,5769468.1907],[32557806.1541,5769490.1724],[32557800.7552,5769447.696],[32557788.7933,5769390.7282],[32557772.8209,5769333.7608],[32557755.6397,5769290.7861],[32557714.8862,5769225.4339],[32557684.5934,5769176.8566],[32557671.2199,5769148.8737],[32557650.4517,5769081.4136],[32557639.0483,5769042.4366],[32557632.1804,5769010.9549],[32557629.7974,5768970.9772],[32557629.3773,5768839.0497],[32557624.5688,5768824.5584],[32557614.9901,5768807.5692],[32557601.6626,5768794.0788],[32557585.1084,5768790.5834],[32557568.345,5768800.081],[32557555.1147,5768817.0739],[32557545.3965,5768835.0656],[32557525.4924,5768881.5435],[32557511.5323,5768905.5327],[32557492.5592,5768929.5228],[32557467.3276,5768956.0128],[32557436.5899,5768985.0025],[32557404.3401,5769011.4942],[32557374.5746,5769030.9895],[32557324.781,5769057.9851],[32557299.2527,5769069.9841],[32557269.9599,5769080.4851],[32557225.3105,5769091.9847],[32557167.0265,5769106.9959],[32557139.5041,5769122.4945],[32557114.0155,5769146.9876],[32557092.0473,5769174.9779],[32557075.5854,5769200.468],[32557056.9085,5769234.6126],[32557012.2453,5769316.2645],[32557052.0305,5769267.3128],[32557086.4093,5769272.2234],[32557140.4331,5769277.134],[32557194.4572,5769286.9557],[32557228.8356,5769286.9553],[32557263.2146,5769282.0434],[32557302.5044,5769272.2204],[32557356.5279,5769247.6634],[32557410.5514,5769223.1065],[32557464.5754,5769228.0171],[32557498.9541,5769237.8391],[32557508.7771,5769272.2176],[32557503.8665,5769306.5966],[32557459.9474,5769319.1455],[32557449.7204,5769330.3074],[32557427.1967,5769341.3053],[32557398.1498,5769350.3058],[32557300.7086,5769369.8147],[32557267.1467,5769377.8178],[32557239.8543,5769386.819],[32557336.2094,5769419.7791],[32557363.3212,5769432.7663],[32557411.5449,5769463.7396],[32557412.8665,5769485.2274],[32557408.6628,5769503.2181],[32557396.1811,5769519.2114],[32557377.909,5769527.2104],[32557334.0864,5769540.2117],[32557304.5716,5769559.7068],[32557273.3388,5769590.6959],[32557246.8763,5769624.1827],[32557227.6732,5769654.6698],[32557212.9206,5769686.3827],[32557171.4109,5769775.6141],[32557155.896,5769783.6134]],[[32555390.0908,5772780.7936],[32555401.088,5772770.7976],[32555407.6356,5772767.6341],[32555416.6048,5772763.3005],[32555437.8995,5772759.802],[32555489.7784,5772757.8028],[32555510.8253,5772755.3037],[32555534.1202,5772750.3058],[32555551.8928,5772742.8088],[32555567.1525,5772733.3126],[32555583.6798,5772728.3145],[32555602.4502,5772719.318],[32555635.5192,5772699.0682],[32555683.254,5772669.8378],[32555713.2862,5772655.3436],[32555774.6224,5772632.3527],[32555804.1499,5772616.8588],[32555828.6644,5772601.365],[32555856.4214,5772580.8731],[32555867.9338,5772575.3753],[32555900.4876,5772565.879],[32555938.7012,5772560.2779],[32555961.8667,5772556.8824],[32555977.8874,5772550.3848],[32555991.3827,5772537.8898],[32556003.3569,5772519.897],[32556012.3171,5772499.905],[32556017.2702,5772480.9126],[32556011.6838,5772457.9218],[32555995.298,5772427.9338],[32555961.8072,5772378.4538],[32555944.7477,5772364.4068],[32555927.1478,5772355.9628],[32555901.5585,5772348.466],[32555874.2257,5772344.4676],[32555832.6168,5772343.968],[32555675.476,5772348.9663],[32555650.425,5772353.4645],[32555627.149,5772364.4601],[32555607.1441,5772379.4541],[32555591.6572,5772396.4473],[32555562.7042,5772435.4317],[32555546.2226,5772454.924],[32555528.7271,5772470.9176],[32555510.461,5772480.9136],[32555493.6782,5772484.4122],[32555476.8812,5772483.4126],[32555451.6356,5772485.2586],[32555424.2451,5772483.9124],[32555402.6619,5772475.4158],[32555385.8349,5772464.92],[32555369.5201,5772457.9228],[32555351.9631,5772454.4242],[32555331.9104,5772454.4242],[32555308.4352,5772459.3743],[32555283.5682,5772465.4197],[32555269.0205,5772462.4209],[32555255.9578,5772453.4245],[32555238.0224,5772428.7244],[32555228.0131,5772414.9398],[32555212.6897,5772404.444],[32555194.3709,5772397.9466],[32555172.5509,5772393.9482],[32555172.9969,5772376.4552],[32555166.9274,5772359.462],[32555156.1,5772343.9681],[32555141.5175,5772329.9738],[32555118.6725,5772318.9781],[32555110.8393,5772317.3677],[32555087.0685,5772312.4806],[32555054.4728,5772309.4818],[32555028.6575,5772310.4813],[32555005.8598,5772314.4797],[32554980.3141,5772321.4768],[32554956.0313,5772331.4728],[32554937.0251,5772345.4671],[32554912.4514,5772373.5331],[32554834.6249,5772462.4201],[32554805.1278,5772487.41],[32554771.3552,5772507.9017],[32554756.8342,5772514.5774],[32554736.5659,5772523.8952],[32554703.2613,5772533.8911],[32554670.6879,5772537.3896],[32554637.8465,5772535.3903],[32554623.5589,5772532.2537],[32554608.2491,5772528.8927],[32554584.902,5772517.3973],[32554563.0381,5772499.4045],[32554538.3981,5772475.414],[32554495.1399,5772429.4323],[32554477.5579,5772417.9368],[32554456.4969,5772415.9375],[32554405.6325,5772421.4352],[32554381.0625,5772419.4359],[32554361.7353,5772410.9392],[32554345.6524,5772397.9444],[32554330.3087,5772380.9511],[32554325.2409,5772376.3449],[32554312.7123,5772364.9575],[32554294.1291,5772353.9617],[32554273.7995,5772345.4651],[32554259.1592,5772391.9465],[32554250.5058,5772429.4313],[32554247.3158,5772450.9228],[32554247.1479,5772476.9123],[32554252.2659,5772509.8992],[32554263.1569,5772545.385],[32554278.0503,5772578.3718],[32554290.4988,5772597.5833],[32554296.1862,5772606.3607],[32554315.5546,5772627.8521],[32554337.6548,5772641.3468],[32554361.9885,5772647.8443],[32554386.5585,5772649.8435],[32554408.6109,5772648.3443],[32554450.7015,5772642.3468],[32554499.8061,5772635.3498],[32554734.6299,5772624.355],[32554738.972,5772623.8572],[32554778.2271,5772619.357],[32554810.7797,5772609.3612],[32554838.3082,5772595.8667],[32554852.2889,5772578.3736],[32554863.7568,5772558.8816],[32554883.8844,5772503.9035],[32554928.4384,5772404.4435],[32554938.9173,5772388.9498],[32554952.1645,5772376.9546],[32554967.9406,5772371.9566],[32554981.4923,5772376.9547],[32554988.0554,5772391.4489],[32554989.1165,5772409.9415],[32554985.9164,5772428.434],[32554975.2042,5772449.4256],[32554958.2367,5772473.9158],[32554935.2673,5772502.9041],[32554953.6531,5772503.9038],[32554962.8451,5772504.4036],[32554964.8836,5772514.8994],[32554970.4346,5772526.3947],[32554981.7587,5772540.3892],[32555009.3918,5772559.3816],[32555099.0298,5772607.3626],[32555150.186,5772638.4235],[32555194.7131,5772664.8398],[32555219.8422,5772684.8318],[32555232.194,5772706.823],[32555232.5174,5772729.8138],[32555224.9856,5772750.8381],[32555213.3258,5772764.3],[32555193.803,5772773.2964],[32555179.222,5772775.0591],[32555168.9972,5772776.2952],[32555110.5905,5772775.2955],[32555055.0102,5772771.236],[32554994.2571,5772766.7986],[32554947.1284,5772765.2991],[32554901.7687,5772767.798],[32554863.9366,5772772.7959],[32554835.6354,5772779.793],[32554816.1134,5772788.7893],[32554803.6222,5772801.7841],[32554800.6701,5772819.2771],[32554808.7545,5772839.2691],[32554825.8592,5772858.2616],[32554850.22,5772873.2556],[32555005.3015,5772929.7334],[32555036.4357,5772946.2269],[32555061.5666,5772966.7187],[32555084.9555,5772991.209],[32555152.1051,5772982.7125],[32555190.9316,5772974.7157],[32555300.3782,5772946.2273],[32555372.2418,5772922.7367],[32555380.4486,5772902.2449],[32555385.6523,5772883.2525],[32555386.3458,5772864.7599],[32555378.9567,5772826.7751],[32555377.645,5772808.2825],[32555381.6064,5772792.7888],[32555390.0908,5772780.7936]],[[32555834.5039,5771186.4311],[32555844.2231,5771168.4382],[32555844.1559,5771146.9469],[32555837.5688,5771124.4559],[32555826.2097,5771098.9661],[32555823.4072,5771084.4719],[32555815.5731,5771063.9801],[32555801.2218,5771043.4884],[32555778.3592,5771026.4952],[32555697.2945,5770993.5086],[32555673.1892,5770980.0139],[32555658.8564,5770965.5198],[32555657.4265,5770959.1302],[32555656.0601,5770953.0248],[32555661.0342,5770940.5298],[32555645.7355,5770857.563],[32555642.9063,5770834.5722],[32555643.7856,5770795.0879],[32555641.9545,5770770.5978],[32555636.1253,5770750.1059],[32555624.7878,5770731.6134],[32555608.1865,5770713.1208],[32555587.833,5770697.1272],[32555565.2392,5770686.1316],[32555539.8972,5770678.1349],[32555512.3041,5770671.6375],[32555483.7144,5770667.1393],[32555456.8902,5770666.1397],[32555424.0609,5770668.6388],[32555275.0024,5770683.3782],[32555157.9217,5770691.1297],[32555110.7892,5770689.1305],[32555077.0451,5770680.6714],[32555072.908,5770679.6342],[32555043.7751,5770662.1412],[32555021.1424,5770639.1503],[32555002.2603,5770613.1607],[32554987.8716,5770581.1735],[32554978.4854,5770545.6877],[32554972.0885,5770504.2043],[32554937.4732,5770497.2071],[32554908.6048,5770484.2122],[32554755.8618,5770378.7542],[32554658.6305,5770309.282],[32554645.3178,5770300.7854],[32554642.4987,5770299.6419],[32554631.7637,5770295.2876],[32554618.4666,5770291.789],[32554566.4227,5770285.4385],[32554520.1616,5770279.7936],[32554493.8351,5770278.2942],[32554465.0098,5770279.2936],[32554362.2641,5770290.2892],[32554279.5996,5770309.7813],[32554264.0744,5770314.7792],[32554265.4041,5770338.7695],[32554276.9913,5770356.7624],[32554297.0856,5770369.7572],[32554323.9356,5770378.2538],[32554357.5477,5770384.7513],[32554432.2843,5770395.2472],[32554463.3894,5770401.7447],[32554487.2387,5770412.7402],[32554505.8442,5770430.2332],[32554519.6946,5770450.2253],[32554528.7852,5770471.2169],[32554547.789,5770535.6911],[32554558.8818,5770555.6831],[32554572.7242,5770573.1762],[32554588.3105,5770587.1706],[32554606.1418,5770597.6663],[32554635.7202,5770605.2849],[32554649.5392,5770607.1627],[32554687.8962,5770608.1624],[32554705.9608,5770613.1603],[32554718.2786,5770624.156],[32554721.3354,5770639.6498],[32554715.1894,5770678.1343],[32554708.4918,5770700.6253],[32554684.3237,5770747.6065],[32554708.1428,5770749.1059],[32554735.9916,5770756.603],[32554762.3536,5770769.5978],[32554781.7105,5770787.0908],[32554811.1889,5770834.5719],[32554837.4053,5770881.0532],[32554855.4455,5770905.1635],[32554899.5402,5770950.5256],[32555027.758,5770990.01],[32555049.5994,5771000.5058],[32555067.6869,5771013.0008],[32555084.2798,5771028.4947],[32555048.6516,5771017.9988],[32555014.2876,5771011.0015],[32554978.1799,5771007.5029],[32554922.5289,5771007.0031],[32554887.4409,5771009.0022],[32554875.6734,5771013.5004],[32554868.4274,5771020.9973],[32554863.1946,5771030.9934],[32554729.5535,5771020.9971],[32554668.8679,5771013.9998],[32554602.1516,5771002.5042],[32554490.5257,5770979.0134],[32554450.1318,5770968.0177],[32554405.9664,5770952.024],[32554358.779,5770931.5322],[32554309.0707,5770906.5421],[32554264.6197,5770879.5528],[32554230.4501,5770854.0629],[32554182.6881,5770810.5803],[32554165.8372,5770792.5874],[32554154.7562,5770776.094],[32554148.1883,5770760.1004],[32554144.8757,5770743.1073],[32554146.3255,5770726.114],[32554154.0463,5770710.6203],[32554166.7865,5770697.1257],[32554184.5508,5770687.1298],[32554206.0876,5770681.1322],[32554228.6398,5770679.1331],[32554249.7008,5770681.1322],[32554266.2628,5770687.1299],[32554319.2279,5770711.6202],[32554361.2179,5770729.3269],[32554404.5652,5770747.6059],[32554406.3883,5770748.3011],[32554428.1577,5770756.6023],[32554449.9857,5770762.6001],[32554468.7884,5770763.0998],[32554484.5655,5770758.1019],[32554497.5788,5770751.1047],[32554509.5831,5770742.1083],[32554515.8092,5770729.1136],[32554519.7775,5770715.6189],[32554521.7343,5770700.1252],[32554520.4734,5770691.8439],[32554518.9186,5770681.6326],[32554511.578,5770659.1416],[32554500.9754,5770635.651],[32554488.3707,5770613.1599],[32554471.7613,5770592.6681],[32554450.8933,5770573.176],[32554427.7786,5770556.6825],[32554405.1843,5770546.1867],[32554384.1096,5770540.6889],[32554364.2994,5770538.6896],[32554345.2522,5770540.189],[32554326.714,5770543.6875],[32554308.9432,5770551.6842],[32554285.0463,5770569.5675],[32554256.1818,5770591.1684],[32554234.4134,5770603.1635],[32554208.8837,5770614.6589],[32554181.3392,5770623.1554],[32554153.5235,5770625.1545],[32554122.9251,5770619.1569],[32554089.3014,5770607.6614],[32554031.5706,5770582.1716],[32554009.9877,5770573.675],[32553987.9097,5770567.1776],[32553968.102,5770565.1783],[32553953.0789,5770570.1763],[32553941.3381,5770582.6713],[32553929.8639,5770600.1642],[32553920.4046,5770620.6559],[32553914.7112,5770643.147],[32553913.5264,5770664.6383],[32553916.5979,5770684.6303],[32553919.9302,5770693.3378],[32553923.675,5770703.1229],[32553934.7545,5770719.1165],[32553954.8733,5770740.1081],[32553985.0422,5770768.5967],[32554020.979,5770798.0849],[32554057.8994,5770821.5756],[32554095.3003,5770838.5689],[32554137.9128,5770855.2709],[32554189.6625,5770875.5542],[32554203.9814,5770885.5502],[32554213.7966,5770898.0453],[32554217.8484,5770911.0401],[32554216.1272,5770921.5358],[32554195.4157,5770950.5242],[32554287.2968,5770995.5063],[32554334.7302,5771014.4988],[32554428.821,5771044.9868],[32554475.9848,5771057.9817],[32554521.8919,5771068.4775],[32554643.0272,5771086.9705],[32554742.7788,5771098.4961],[32554867.6917,5771112.929],[32554919.8727,5771118.9582],[32555004.1472,5771134.4522],[32555030.4786,5771137.9508],[32555085.878,5771137.9509],[32555132.2505,5771137.9509],[32555148.8057,5771141.4494],[32555187.7016,5771154.9441],[32555220.7837,5771162.4424],[32555235.1123,5771165.6901],[32555282.5211,5771176.4356],[32555305.0842,5771177.4352],[32555352.1982,5771173.9367],[32555365.8789,5771176.3001],[32555413.0116,5771184.4423],[32555433.2063,5771187.931],[32555509.1755,5771193.9286],[32555531.2555,5771200.9257],[32555552.8451,5771211.4216],[32555580.2218,5771228.9146],[32555620.1045,5771237.9109],[32555653.1944,5771238.9104],[32555723.1211,5771236.9112],[32555752.4382,5771233.9123],[32555775.7241,5771225.9154],[32555817.5065,5771201.4251],[32555834.5039,5771186.4311]]]],"crs":{"type":"EPSG","properties":{"code":4647}}},"properties":{"BGL":14,"BGL_NAME":"Lössbecken","FL_NR":653}}]}