{"type": "FeatureCollection","features":[{"type":"Feature","geometry":{"type":"Polygon","coordinates":[[[32582587.9773,5791949.9395],[32582617.1055,5791951.9705],[32582558.6148,5791978.558],[32582509.7688,5792018.5242],[32582492.0069,5792071.8122],[32582483.1126,5792142.9764],[32582478.6869,5792178.3871],[32582467.8481,5792227.1642],[32582464.8471,5792223.0545],[32582405.5622,5792141.8667],[32582367.0776,5792091.887],[32582235.8808,5791936.9504],[32582183.1521,5791868.4783],[32582155.4877,5791770.6923],[32582150.9135,5791754.5239],[32582138.918,5791723.0365],[32582116.6771,5791692.0491],[32582092.687,5791665.0602],[32581945.4985,5791534.6139],[32581818.3015,5791417.1622],[32581757.5777,5791407.1669],[32581720.5935,5791393.6728],[32581702.3512,5791384.6766],[32581689.3567,5791376.1802],[32581562.576,5791263.2876],[32581511.4309,5791217.7451],[32581396.229,5791125.7827],[32581261.2858,5791052.3134],[32581218.8036,5791032.3217],[32581191.0654,5791024.8251],[32581163.3271,5791022.3263],[32581139.5872,5791023.3262],[32581122.8444,5791027.8245],[32581113.5984,5791035.8215],[32581109.1005,5791046.8172],[32581110.6,5791059.8121],[32581118.5967,5791073.3066],[32581158.5804,5791115.2895],[32581188.0682,5791139.7796],[32581204.8317,5791149.6854],[32581184.4127,5791166.9634],[32581156.7807,5791178.377],[32581133.9541,5791180.7802],[32581099.1134,5791178.3779],[32581056.8742,5791167.1976],[32581056.8742,5791163.9453],[32581011.4109,5791150.7469],[32580954.1227,5791138.4718],[32580916.4328,5791114.7922],[32580861.4555,5791088.3031],[32580805.2288,5791067.8118],[32580775.7383,5791061.5129],[32580753.7502,5791056.8164],[32580692.7364,5791047.5476],[32580666.896,5791052.7161],[32580533.6778,5791066.0399],[32580347.1723,5791114.8894],[32580151.7857,5791172.6202],[32579987.4836,5791234.7912],[32579778.7752,5791301.4036],[32579374.6809,5791454.6111],[32579254.7851,5791525.6627],[32579127.1206,5791591.4315],[32579108.2455,5791601.1554],[32578943.9433,5791650.0046],[32578819.6062,5791672.2096],[32578744.1157,5791672.2107],[32578641.9813,5791658.8904],[32578477.6781,5791654.4521],[32578388.1884,5791650.3858],[32578379.9843,5791650.0131],[32578224.5625,5791650.0154],[32578135.1383,5791643.9697],[32578018.5555,5791636.088],[32577911.0071,5791628.8171],[32577827.0981,5791644.3883],[32577684.9137,5791622.305],[32577682.9171,5791622.3125],[32577539.5618,5791622.8471],[32577466.635,5791625.9973],[32577395.8859,5791629.0535],[32577269.5398,5791621.2302],[32577186.8651,5791601.3764],[32577121.7064,5791610.1014],[32577087.6876,5791608.7499],[32577039.9403,5791617.9964],[32576983.3489,5791622.8471],[32576870.166,5791627.6978],[32576765.0676,5791639.0161],[32576674.5213,5791640.633],[32576615.1614,5791637.5906],[32576607.4135,5791639.8289],[32576592.6706,5791644.0881],[32576572.6788,5791654.0841],[32576533.1951,5791678.5745],[32576496.71,5791695.5679],[32576477.218,5791700.0661],[32576457.476,5791699.0665],[32576436.2345,5791694.5683],[32576405.7468,5791687.5711],[32576373.26,5791686.0716],[32576340.0234,5791690.5699],[32576307.2869,5791700.0661],[32576274.3005,5791715.0603],[32576212.5758,5791749.5468],[32576197.4261,5791750.0466],[32576178.8182,5791750.6606],[32576145.5389,5791751.7587],[32576093.0672,5791789.9211],[32575982.0524,5791834.3288],[32575979.5257,5791835.0945],[32575835.5125,5791878.7372],[32575720.0568,5791909.8233],[32575573.5163,5791914.2661],[32575447.9597,5791914.268],[32575455.3859,5791933.9755],[32575456.4341,5791937.83],[32575463.133,5791962.4645],[32575469.1311,5791993.9522],[32575475.3791,5792043.9326],[32575466.7604,5792117.9384],[32575466.6303,5792121.152],[32575406.7548,5792121.1529],[32575407.4071,5792076.4201],[32575405.6574,5792035.4361],[32575399.1596,5791999.9499],[32575386.4143,5791963.964],[32575378.1264,5791944.6821],[32575349.6782,5791878.4974],[32575346.9297,5791902.9878],[32575342.9315,5791917.4821],[32575335.1847,5791927.4782],[32575324.6891,5791931.4768],[32575311.9932,5791930.577],[32575263.6613,5791957.429],[32575249.2384,5791965.442],[32575172.5201,5791998.3226],[32575045.4985,5792025.9379],[32575038.8067,5792030.9386],[32575014.8166,5792043.4338],[32574990.5766,5792051.4308],[32574966.5864,5792055.9291],[32574943.096,5792057.4285],[32574822.8948,5792054.9298],[32574692.9477,5792048.4327],[32574644.4675,5792049.4324],[32574617.9783,5792047.4332],[32574592.2387,5792042.9351],[32574505.5238,5792021.4436],[32574487.2812,5792017.9451],[32574469.0386,5792014.4465],[32574410.0625,5792010.4482],[32574367.5798,5792012.4476],[32574343.8396,5792015.9463],[32574319.3496,5792022.4439],[32574296.1091,5792033.9395],[32574285.5537,5792045.2831],[32574210.2475,5792045.2842],[32574072.5883,5792045.2862],[32573866.959,5792040.2738],[32573840.0449,5792027.4909],[32573799.3114,5792023.5231],[32573756.5789,5792028.5577],[32573714.596,5792039.592],[32573675.6121,5792053.124],[32573555.0209,5792104.3522],[32573457.452,5792145.8004],[32573433.2119,5792151.3191],[32573408.472,5792152.3377],[32573384.9815,5792148.3549],[32573364.9895,5792139.3689],[32573347.9963,5792125.3801],[32573333.2521,5792109.8897],[32573318.2872,5792090.5808],[32573252.8851,5792079.6717],[32573073.4484,5792049.7415],[32572891.3825,5792009.7786],[32572870.5094,5792006.8999],[32572762.6041,5791992.018],[32572522.8107,5791992.0215],[32572373.3665,5791984.9072],[32572336.3044,5791983.1428],[32572207.5261,5791965.3823],[32571981.0537,5791912.098],[32571653.592,5791854.7971],[32571625.8031,5791849.9345],[32571304.6277,5791815.8751],[32571333.3091,5791731.0191],[32571356.0494,5791672.0036],[32571376.7906,5791630.4903],[32571396.2824,5791597.978],[32571416.7739,5791569.4654],[32571419.9191,5791562.6599],[32571435.2659,5791529.4521],[32571441.0135,5791511.9473],[32571442.7627,5791499.9449],[32571441.763,5791492.4443],[32571432.0169,5791479.9473],[32571424.2699,5791473.4499],[32571415.7733,5791468.9532],[32571406.5271,5791468.4574],[32571396.781,5791472.4624],[32571380.2878,5791485.4716],[32571327.5596,5791533.0012],[32571324.7048,5791535.8268],[32571305.3188,5791555.0136],[32571260.6113,5791610.3631],[32571199.8626,5791685.5724],[32571155.381,5791733.5946],[32571114.8977,5791770.614],[32571081.1616,5791797.1293],[32571049.6745,5791818.6429],[32571068.6665,5791790.6337],[32571087.6585,5791755.6238],[32571108.1499,5791712.6124],[32571093.156,5791719.1189],[32571076.4128,5791721.6259],[32571060.4192,5791720.6322],[32571048.6739,5791716.1365],[32570977.9529,5791667.776],[32570952.464,5791654.3849],[32570918.4788,5791639.5351],[32570844.7608,5791613.3044],[32570731.8085,5791580.929],[32570664.5966,5791565.4351],[32570610.1314,5791557.9374],[32570555.9169,5791553.938],[32570492.7092,5791546.9384],[32570418.2575,5791536.9385],[32570356.5484,5791501.9431],[32570321.818,5791485.4452],[32570283.8369,5791471.9467],[32570242.8549,5791462.4481],[32570181.9696,5791452.1564],[32570118.6487,5791441.453],[32570036.1706,5791420.4605],[32569999.6794,5791409.965],[32569713.0233,5791312.518],[32569556.5892,5791266.0502],[32569523.3946,5791257.5611],[32569486.9479,5791250.572],[32569425.5918,5791244.1363],[32569372.7853,5791238.5976],[32569344.5377,5791231.6032],[32569319.7819,5791222.1081],[32569290.2672,5791208.1133],[32569264.0007,5791193.1172],[32569208.7391,5791156.1231],[32569121.0709,5791116.1365],[32568978.349,5791049.587],[32568790.8831,5790962.1741],[32568740.0352,5790937.0676],[32568635.3796,5790898.3802],[32568324.2171,5790790.6594],[32568163.9791,5790741.6186],[32568155.9904,5790739.1737],[32568149.2027,5790737.0963],[32568141.903,5790734.9149],[32568126.1839,5790730.2174],[32567786.7935,5790628.7944],[32567668.7016,5790599.5359],[32567631.2226,5790590.25],[32567545.9359,5790569.1192],[32567405.6204,5790534.3543],[32567332.6688,5790515.8658],[32567280.4516,5790506.3728],[32567227.9804,5790501.3783],[32567152.5103,5790498.3824],[32567067.0286,5790501.382],[32566998.5452,5790506.3806],[32566934.0884,5790514.8812],[32566801.9414,5790538.876],[32566778.6975,5790540.3753],[32566753.4522,5790539.3754],[32566698.9624,5790531.3773],[32566579.2838,5790501.3783],[32566507.692,5790479.3883],[32566362.638,5790427.6685],[32566300.3002,5790178.3323],[32566298.079,5790178.2066],[32565963.9191,5790159.297],[32565963.9212,5790302.1857],[32565946.2032,5790288.5207],[32565872.8061,5790231.9131],[32565805.8124,5790172.939],[32565747.3319,5790111.4579],[32565727.0,5790089.2754],[32565639.3432,5789993.6403],[32565608.0707,5789959.5213],[32565563.1526,5789910.5149],[32565559.5794,5789907.2116],[32565521.8382,5789872.3195],[32565300.956,5789668.1122],[32565268.9638,5789640.1244],[32565191.2374,5789579.6546],[32565161.7311,5789558.6251],[32565115.5169,5789525.6879],[32565058.5391,5789487.2185],[32565043.295,5789477.7277],[32564979.32,5789446.774],[32564835.8757,5789383.877],[32564814.9811,5789364.9406],[32564750.4087,5789306.4199],[32564683.6845,5789240.4529],[32564652.4465,5789202.967],[32564622.7079,5789160.478],[32564596.9677,5789112.9805],[32564586.4717,5789087.9767],[32564577.9749,5789061.968],[32564565.4795,5789012.9422],[32564551.4845,5788938.391],[32564521.496,5788898.8948],[32564474.7639,5788841.9048],[32564413.5374,5788775.4248],[32564379.5504,5788742.4397],[32564296.0828,5788668.4848],[32564075.4178,5788481.1307],[32564051.1772,5788458.1447],[32564020.6552,5788426.2297],[32564001.946,5788406.6667],[32563975.956,5788375.6726],[32563956.7133,5788343.1626],[32563945.2175,5788308.1331],[32563941.7187,5788275.5943],[32563943.4332,5788238.322],[32563945.4712,5788194.0185],[32563943.7361,5788169.5062],[32563941.2455,5788156.5013],[32563931.5138,5788129.496],[32563909.9832,5788094.8096],[32563890.5479,5788063.499],[32563873.5689,5788026.4987],[32563861.3381,5787988.9985],[32563852.8499,5787953.0011],[32563850.8518,5787935.5037],[32563851.3494,5787918.5069],[32563854.0924,5787902.0107],[32563865.0668,5787872.016],[32563873.0529,5787860.0141],[32563882.2919,5787850.0073],[32563892.5361,5787842.2367],[32563905.0276,5787836.5721],[32563938.7661,5787831.8774],[32563979.9893,5787832.8871],[32564023.4705,5787840.3848],[32564065.9593,5787855.3823],[32564153.0764,5787897.5264],[32564203.4081,5787921.8751],[32564264.2739,5787947.0725],[32564283.1123,5787954.8713],[32564309.5948,5787960.87],[32564351.0738,5787963.8672],[32564382.8179,5787962.8682],[32564416.8174,5787958.8726],[32564490.3121,5787942.8859],[32564618.0272,5787905.7931],[32564696.9546,5787882.8699],[32564911.1794,5787829.0832],[32564928.352,5787824.7716],[32564941.8674,5787822.9461],[32564970.3964,5787819.0926],[32564983.0568,5787817.3825],[32565010.0641,5787813.7346],[32565079.2807,5787810.2093],[32565117.0121,5787810.1986],[32565142.9994,5787813.6932],[32565167.9874,5787819.6893],[32565194.2249,5787829.6863],[32565219.9631,5787844.1841],[32565264.5745,5787878.7624],[32565270.7083,5787883.5167],[32565303.1716,5787908.6789],[32565316.648,5787914.6766],[32565335.098,5787919.6716],[32565344.8199,5787920.6688],[32565354.2969,5787919.1664],[32565362.5401,5787915.1655],[32565382.8847,5787905.2568],[32565425.2863,5787884.6054],[32565435.362,5787879.6981],[32565475.0609,5787860.7082],[32565515.4665,5787847.1988],[32565537.948,5787842.6888],[32565585.0235,5787839.1723],[32565638.6768,5787839.1727],[32565696.4686,5787843.6818],[32565725.7726,5787849.1864],[32565755.0205,5787857.1822],[32565777.7433,5787866.3398],[32565783.0404,5787865.555],[32565897.8874,5787848.5389],[32566045.8734,5787865.9467],[32566132.9239,5787887.7078],[32566211.2689,5787848.5341],[32566272.2028,5787761.4826],[32566307.0225,5787731.0146],[32566372.3096,5787678.7832],[32566381.0123,5787513.3875],[32566376.6577,5787378.4595],[32566441.9446,5787317.523],[32566620.3967,5787226.1174],[32566811.9068,5787178.2368],[32566877.1947,5787178.2358],[32566981.6551,5787178.2342],[32567038.238,5787186.9385],[32567177.5181,5787156.4687],[32567212.3385,5787160.8207],[32567273.2744,5787213.05],[32567369.0301,5787226.106],[32567486.5479,5787217.3991],[32567791.2249,5787239.1572],[32568122.0167,5787273.9723],[32568211.4009,5787299.5091],[32568211.4352,5787299.5163],[32568265.8732,5787310.9109],[32568344.1598,5787324.6269],[32568350.0313,5787325.6556],[32568369.299,5787329.0313],[32568411.1153,5787332.6554],[32568546.5893,5787337.1544],[32568691.9438,5787371.3534],[32568824.4729,5787405.5523],[32568918.5259,5787439.752],[32568999.7538,5787473.9518],[32569093.8064,5787473.9504],[32569230.6102,5787478.2236],[32569414.44,5787469.6707],[32569670.9474,5787478.2172],[32569808.339,5787478.2153],[32569859.3454,5787466.5456],[32569893.6302,5787456.0861],[32570081.0734,5787385.9737],[32570151.282,5787363.4465],[32570189.1998,5787354.4659],[32570226.324,5787349.4871],[32570338.3925,5787340.8985],[32570373.1315,5787339.398],[32570453.3488,5787341.8999],[32570531.0686,5787346.8929],[32570570.595,5787351.0266],[32570583.5529,5787352.3818],[32570616.5456,5787360.3733],[32570635.838,5787379.6772],[32570773.9264,5787409.2656],[32570823.2893,5787419.1374],[32570836.4997,5787420.2381],[32570837.4107,5787422.9712],[32570841.7942,5787425.1618],[32571028.1196,5787463.8897],[32571033.9631,5787463.9031],[32571038.0564,5787461.6737],[32571070.4713,5787471.3978],[32571072.6915,5787474.2416],[32571214.845,5787501.8907],[32571219.2304,5787499.6831],[32571222.0028,5787490.8173],[32571261.1362,5787500.6],[32571262.3635,5787506.1296],[32571267.4805,5787509.8169],[32571278.016,5787511.3298],[32571445.0915,5787518.2593],[32571454.5405,5787517.4615],[32571454.8622,5787519.8793],[32571461.0689,5787520.6002],[32571574.9641,5787533.8287],[32571587.617,5787532.5385],[32571708.7869,5787534.8896],[32571895.246,5787541.8036],[32571897.1668,5787546.4683],[32571904.6975,5787564.7567],[32571931.4171,5787569.0313],[32571955.9989,5787565.8246],[32571985.9246,5787554.0676],[32572003.4561,5787537.8842],[32571985.0057,5787504.6423],[32571976.253,5787483.5213],[32571971.0073,5787465.0914],[32571970.5126,5787448.3031],[32571975.015,5787432.4806],[32571988.8997,5787409.5283],[32571949.5836,5787396.4235],[32571915.3819,5787336.5724],[32571872.6294,5787272.4462],[32571864.0783,5787208.3195],[32571876.9029,5787144.1926],[32571906.8282,5787109.9912],[32571929.2914,5787069.3385],[32571932.4783,5787062.9645],[32571936.7527,5787028.7635],[32571949.5772,5786960.3614],[32571949.5763,5786896.2347],[32571962.401,5786857.7584],[32571992.3262,5786810.7316],[32572056.4522,5786763.7045],[32572141.9536,5786691.0262],[32572218.9049,5786639.7237],[32572325.7823,5786596.971],[32572407.0093,5786571.319],[32572496.7862,5786545.6671],[32572586.5634,5786515.74],[32572629.3138,5786472.9881],[32572650.6886,5786425.9614],[32572654.9631,5786366.1098],[32572654.9624,5786321.9911],[32572648.005,5786322.2695],[32572620.7615,5786323.3596],[32572552.3601,5786349.0113],[32572449.7585,5786443.0653],[32572389.9078,5786502.9179],[32572244.5547,5786575.5969],[32572099.2016,5786637.5885],[32571970.9486,5786676.0662],[32571876.8969,5786735.9194],[32571829.8713,5786774.3961],[32571727.2713,5786971.0529],[32571663.1464,5787099.3076],[32571564.82,5787184.8113],[32571415.1919,5787261.7657],[32571312.5891,5787261.7672],[32571312.2623,5787260.1332],[32571310.5501,5787251.5728],[32571286.9365,5787133.5138],[32571240.445,5786994.0461],[32570998.9061,5786990.8372],[32570830.4658,5786978.8737],[32570644.4862,5786968.4557],[32570599.9851,5786964.9524],[32570543.1369,5786955.315],[32570434.7231,5786936.9358],[32570331.8258,5786932.3399],[32570262.8205,5786934.2607],[32570173.1098,5786943.6794],[32570092.1449,5786958.6102],[32569989.4391,5786982.0166],[32569900.7274,5786992.4155],[32569855.5938,5787000.6696],[32569757.2889,5787018.6479],[32569623.596,5787040.7525],[32569398.5558,5787071.7134],[32569334.9682,5787079.2037],[32569277.2426,5787082.6958],[32569142.0497,5787083.6798],[32569110.3138,5787064.975],[32569081.5761,5787048.0373],[32569053.8382,5787029.5337],[32569031.8479,5787011.5378],[32569014.6055,5786994.0364],[32569001.3616,5786977.0276],[32568991.1162,5786960.0125],[32568976.3732,5786929.972],[32568966.8931,5786897.9246],[32568961.1629,5786863.8814],[32568960.917,5786847.3686],[32568963.6684,5786829.3635],[32569011.9079,5786724.2644],[32569032.9038,5786686.4445],[32569079.6412,5786622.8772],[32569107.8819,5786588.3042],[32569091.8889,5786577.1789],[32569082.6765,5786570.7705],[32569046.3777,5786545.5199],[32569029.6008,5786532.0082],[32569007.797,5786509.9855],[32568996.783,5786508.475],[32568980.0207,5786511.9607],[32568958.0089,5786518.9428],[32568824.7576,5786599.3539],[32568780.755,5786619.828],[32568756.2529,5786628.8147],[32568734.2512,5786635.3038],[32568680.501,5786644.7825],[32568647.2644,5786648.2739],[32568614.2779,5786648.7692],[32568582.7907,5786644.2697],[32568555.5519,5786635.2746],[32568529.3236,5786622.283],[32568497.8508,5786615.7904],[32568479.8667,5786610.2956],[32568463.1317,5786602.3011],[32568448.8941,5786592.3063],[32568437.4034,5786580.3106],[32568427.9093,5786565.8141],[32568404.8886,5786519.83],[32568395.224,5786508.8275],[32568382.4769,5786497.8323],[32568361.7344,5786481.2509],[32568313.7059,5786442.8571],[32568306.9502,5786432.8608],[32568303.6934,5786421.8642],[32568308.9111,5786376.3754],[32568314.645,5786355.3801],[32568327.6241,5786329.3849],[32568367.0708,5786263.896],[32568381.8051,5786244.3988],[32568395.795,5786232.3997],[32568415.7838,5786218.8998],[32568439.0237,5786205.8995],[32568462.2673,5786195.8983],[32568485.7654,5786189.3961],[32568510.0187,5786185.893],[32568574.045,5786182.383],[32568623.818,5786175.8757],[32568640.8232,5786171.3739],[32568684.5804,5786155.3698],[32568764.3261,5786133.8605],[32568814.2283,5786125.5303],[32568862.5036,5786121.0535],[32568906.4849,5786119.5361],[32568952.1558,5786120.1814],[32569009.6881,5786120.9943],[32569050.1537,5786123.0038],[32569126.5766,5786132.02],[32569159.3131,5786134.0316],[32569222.537,5786135.0662],[32569260.0216,5786133.0941],[32569302.532,5786127.63],[32569343.5535,5786120.1674],[32569426.6118,5786101.7449],[32569582.6488,5786071.3334],[32569636.9718,5786058.197],[32569744.4255,5786029.1161],[32569806.8963,5786020.9613],[32569856.1237,5786016.4683],[32569926.7971,5786016.4777],[32569954.749,5786014.9817],[32569975.2234,5786011.9852],[32570011.2083,5785998.4933],[32570029.7006,5785987.9981],[32570045.694,5785976.003],[32570080.9298,5785936.0167],[32570112.9169,5785894.5303],[32570077.9891,5785885.0273],[32570062.2764,5785875.5271],[32570050.5516,5785862.5284],[32570042.8155,5785846.5309],[32570038.8202,5785828.0346],[32570038.0732,5785808.5127],[32570016.0802,5785829.0313],[32569988.3398,5785849.7644],[32569948.8548,5785872.189],[32569811.9028,5785928.477],[32569771.4253,5785939.1767],[32569687.3796,5785954.8792],[32569642.1201,5785961.3663],[32569548.7908,5785968.7921],[32569438.7192,5785974.1876],[32569345.2395,5785976.1245],[32569290.5363,5785972.6025],[32569267.8125,5785967.5965],[32569235.8505,5785956.09],[32569227.3605,5785949.5885],[32569213.1218,5785931.5862],[32569207.3749,5785920.6],[32569204.128,5785906.1328],[32569204.8806,5785885.1879],[32569213.632,5785851.2747],[32569249.1309,5785756.4605],[32569257.8012,5785715.4858],[32569262.8677,5785682.4938],[32569264.6147,5785658.2241],[32569264.1127,5785641.9637],[32569261.6126,5785627.345],[32569254.3595,5785613.3485],[32569239.3453,5785601.3537],[32569220.8246,5785593.8594],[32569204.5597,5785592.8637],[32569189.0511,5785596.867],[32569173.047,5785604.8699],[32569148.547,5785621.8734],[32569099.6693,5785660.1469],[32569049.5592,5785699.3854],[32568966.4403,5785761.6953],[32568932.8217,5785786.8974],[32568913.3495,5785821.8953],[32568894.6219,5785851.3938],[32568875.6378,5785875.8931],[32568838.9023,5785910.894],[32568820.6552,5785924.8949],[32568802.9043,5785935.3965],[32568782.6486,5785943.399],[32568619.8758,5785979.9225],[32568599.3802,5785981.9257],[32568584.6342,5785980.9285],[32568573.1379,5785977.4314],[32568563.392,5785972.4342],[32568555.1466,5785963.4377],[32568548.1527,5785948.942],[32568544.6596,5785930.4468],[32568547.1638,5785911.4505],[32568554.4158,5785891.9535],[32568565.9147,5785872.9554],[32568622.807,5785791.8803],[32568722.389,5785649.9697],[32568729.387,5785635.9711],[32568733.3861,5785622.9731],[32568734.3864,5785609.476],[32568732.8876,5785597.4793],[32568729.3894,5785590.4819],[32568724.6415,5785585.9842],[32568713.3962,5785579.9886],[32568685.9085,5785573.9973],[32568656.1707,5785591.0014],[32568638.1767,5785608.5018],[32568441.8457,5785878.1845],[32568400.5033,5785934.973],[32568366.2648,5785976.9689],[32568349.771,5785992.9679],[32568332.2783,5786004.9682],[32568288.2556,5786027.1664],[32568244.2548,5786049.3536],[32568228.5851,5786055.5943],[32568213.8263,5786061.4722],[32568194.583,5786073.4661],[32568174.5894,5786090.4555],[32568159.0934,5786111.9431],[32568152.8443,5786124.4372],[32568143.3448,5786151.9249],[32568139.8441,5786167.4188],[32568135.841,5786201.4084],[32568135.8352,5786241.8977],[32568145.559,5786397.3601],[32568144.052,5786453.3472],[32568140.8004,5786475.8419],[32568135.5501,5786494.3376],[32568128.0513,5786510.3338],[32568118.3037,5786523.8306],[32568106.0573,5786535.8276],[32568091.0623,5786546.325],[32568072.819,5786556.3223],[32568030.5851,5786573.8176],[32567999.0975,5786581.3154],[32567944.6204,5786580.3151],[32567904.6363,5786584.314],[32567861.152,5786595.8115],[32567797.9222,5786620.8072],[32567910.1236,5786667.795],[32567978.0939,5786691.7896],[32568036.8186,5786706.7866],[32568108.1216,5786718.1578],[32568030.6068,5786777.7864],[32567982.7295,5786816.9599],[32567904.3849,5786869.1914],[32567709.3383,5786979.4658],[32567704.1704,5786982.3599],[32567647.588,5786991.0657],[32567534.4225,5786995.4201],[32567425.61,5787030.2419],[32567321.1499,5787043.3011],[32567238.4519,5787038.9497],[32567173.1632,5786982.368],[32567120.9325,5786956.2536],[32567059.997,5786934.492],[32566994.709,5786934.493],[32566920.7163,5786934.4942],[32566716.1487,5787004.1375],[32566250.4311,5787134.7203],[32566198.2015,5787173.8936],[32566193.8495,5787217.4188],[32566193.8502,5787260.9441],[32566259.1395,5787365.4036],[32566298.3137,5787465.5109],[32566276.5523,5787556.9142],[32566211.2657,5787626.5557],[32566150.3306,5787648.3189],[32565971.8775,5787661.3793],[32565641.0854,5787622.2115],[32565593.2068,5787565.6296],[32565510.5081,5787509.0481],[32565406.0472,5787474.2295],[32565310.2917,5787474.231],[32565245.0041,5787491.642],[32565240.6516,5787491.6421],[32565175.3644,5787530.8159],[32565066.9139,5787573.4232],[32565058.1257,5787580.1836],[32565039.4439,5787562.6849],[32565027.4521,5787555.686],[32565014.2199,5787550.6881],[32564983.295,5787544.6957],[32564951.0726,5787544.199],[32564923.5867,5787549.2032],[32564902.3479,5787559.2089],[32564889.9062,5787567.1804],[32564840.2207,5787554.7597],[32564718.3501,5787554.7615],[32564592.1271,5787554.7634],[32564470.3115,5787591.3102],[32564429.0863,5787675.5562],[32564416.5432,5787635.7309],[32564405.9923,5787602.2311],[32564351.0826,5787427.8886],[32564294.1835,5787242.4477],[32564283.1078,5787206.3506],[32564266.1142,5787171.3468],[32564248.1212,5787143.8458],[32564234.1267,5787125.8462],[32564207.7952,5787223.2114],[32564201.745,5787245.583],[32564190.8896,5787285.7229],[32564179.4526,5787328.0133],[32564174.0355,5787348.0439],[32564157.1605,5787410.4423],[32564176.0771,5787499.95],[32564177.5442,5787506.892],[32564181.8143,5787527.0968],[32564187.9105,5787555.9418],[32564136.6853,5787540.446],[32564114.6619,5787531.8255],[32564067.7152,5787513.4495],[32564028.4796,5787502.4494],[32564008.2358,5787498.4484],[32563967.7442,5787494.4447],[32563947.7464,5787494.4421],[32563925.4969,5787497.9385],[32563899.2471,5787506.4344],[32563870.7548,5787518.4338],[32563813.051,5787548.9301],[32563764.3151,5787580.4243],[32563712.2486,5787619.4209],[32563663.3792,5787648.5606],[32563599.6822,5787680.0698],[32563520.143,5787710.628],[32563476.3963,5787722.1827],[32563433.1634,5787727.7699],[32563391.4297,5787728.8716],[32563351.1954,5787726.973],[32563247.4855,5787714.7114],[32563220.246,5787713.2671],[32563174.7636,5787716.8479],[32563132.28,5787726.8932],[32563024.0721,5787768.7717],[32562960.8469,5787789.5612],[32562932.8579,5787795.4571],[32562906.3683,5787797.8641],[32562880.6284,5787797.7804],[32562854.8884,5787794.7076],[32562828.8986,5787789.144],[32562771.6709,5787771.0313],[32562670.96,5787730.3911],[32562606.9848,5787698.3417],[32562579.4955,5787682.3298],[32562557.0041,5787666.3262],[32562537.0117,5787648.3288],[32562517.0194,5787626.8369],[32562476.5347,5787575.8688],[32562376.0725,5787428.0412],[32562355.8301,5787393.6016],[32562306.3533,5787299.8705],[32562263.5807,5787218.8403],[32562250.6191,5787197.0504],[32562235.6248,5787178.0784],[32562217.8816,5787161.0866],[32562197.8893,5787146.0771],[32562153.4064,5787121.0169],[32562128.2919,5787108.4593],[32562085.1827,5787086.904],[32562064.4408,5787074.3798],[32562044.4485,5787059.8673],[32562008.3161,5787028.797],[32562001.9619,5787022.9409],[32561951.9839,5786976.8808],[32561915.7477,5786946.3768],[32561899.1973,5786929.7514],[32561863.5175,5786893.9097],[32561849.7728,5786882.9055],[32561833.5292,5786873.8825],[32561814.0368,5786866.3409],[32561793.5447,5786861.2861],[32561774.3023,5786859.226],[32561755.8096,5786859.6632],[32561719.0742,5786865.543],[32561679.8398,5786874.9588],[32561635.1074,5786882.9449],[32561578.3797,5786888.9416],[32561545.3925,5786889.9375],[32561513.9048,5786887.9336],[32561457.9265,5786877.4278],[32561415.6928,5786863.9252],[32561388.7033,5786852.9246],[32561362.4636,5786860.9156],[32561338.2233,5786877.9032],[32561316.4821,5786901.389],[32561296.9901,5786928.8745],[32561280.4969,5786958.361],[32561267.0027,5786987.8492],[32561256.757,5787014.6938],[32561244.7625,5787056.9705],[32561231.5187,5787094.2718],[32561213.5263,5787129.7412],[32561189.786,5787165.1915],[32561160.0483,5787199.1526],[32561146.0539,5787210.6479],[32561132.5594,5787218.6504],[32561119.3147,5787223.1575],[32561097.8719,5787224.3866],[32561060.3381,5787218.7113],[32561043.3448,5787213.2292],[32561027.1011,5787205.7445],[32560995.6132,5787185.7678],[32560951.804,5787151.7042],[32560932.6375,5787136.8014],[32560915.1443,5787124.8145],[32560878.4085,5787102.3493],[32560822.4303,5787072.9201],[32560798.158,5787086.1324],[32560782.8602,5787094.4596],[32560776.0227,5787098.1815],[32560759.4912,5787107.1802],[32560725.7195,5787124.4312],[32560704.7278,5787131.0361],[32560651.749,5787143.7627],[32560571.531,5787157.9378],[32560531.7967,5787161.427],[32560509.0556,5787161.418],[32560403.3472,5787155.3802],[32560355.1162,5787148.8653],[32560329.6261,5787143.3587],[32560297.3887,5787133.8522],[32560260.9029,5787121.8455],[32560184.4327,5787093.3336],[32560094.9675,5787056.3214],[32560079.5206,5787051.4383],[32560080.2352,5787030.1261],[32560083.9969,5786917.9277],[32560144.3085,5786911.275],[32560183.6844,5786906.9317],[32560209.1531,5786902.4004],[32560210.1456,5786899.5721],[32560219.5437,5786872.791],[32560240.9109,5786805.252],[32560279.755,5786763.3364],[32560352.0633,5786685.3106],[32560433.1961,5786610.1152],[32560433.2423,5786609.9391],[32560440.0128,5786584.1089],[32560448.7234,5786550.877],[32560441.5278,5786545.9223],[32560418.8234,5786530.2889],[32560408.5867,5786523.2402],[32560391.0625,5786515.5932],[32560151.5792,5786411.0894],[32560151.0477,5786410.8574],[32560089.1531,5786402.4004],[32560084.9979,5786405.9815],[32560083.782,5786407.0293],[32560065.7144,5786436.6416],[32560027.1414,5786499.8613],[32560010.49,5786510.29],[32559979.8953,5786529.4512],[32559989.7813,5786652.5143],[32559991.7898,5786677.5176],[32559990.8242,5786678.8798],[32559990.3986,5786679.4802],[32559963.782,5786717.0293],[32559961.1601,5786722.9092],[32559958.9338,5786715.836],[32559958.4796,5786714.3929],[32559957.5635,5786711.4824],[32559955.9612,5786707.3581],[32559941.2878,5786669.5891],[32559935.6939,5786646.2638],[32559934.5935,5786640.0422],[32559925.7726,5786590.17],[32559919.2395,5786570.2171],[32559887.8596,5786560.9344],[32559848.8509,5786549.3949],[32559841.6987,5786547.2792],[32559832.8392,5786546.7186],[32559829.6117,5786551.5129],[32559826.8495,5786563.376],[32559824.829,5786572.0538],[32559820.0887,5786587.8424],[32559772.4417,5786746.5419],[32559759.0109,5786791.2767],[32559756.7214,5786798.9023],[32559755.7089,5786807.7529],[32559760.9858,5786809.8569],[32559771.524,5786809.7775],[32559782.0225,5786809.6983],[32559788.8256,5786808.3509],[32559791.8152,5786807.7588],[32559799.5777,5786806.2215],[32559832.5278,5786804.8839],[32559791.1844,5786809.627],[32559774.6324,5786854.7186],[32559773.5661,5786857.6235],[32559766.0335,5786859.3658],[32559760.8697,5786862.1369],[32559758.1023,5786867.3425],[32559758.8683,5786873.3766],[32559764.1699,5786890.985],[32559770.5572,5786912.1996],[32559778.723,5786939.3211],[32559779.6023,5786950.2715],[32559761.7708,5786970.9659],[32559759.8953,5786973.1426],[32559728.9443,5786978.7871],[32559694.1915,5786985.1249],[32559679.4279,5786987.8173],[32559683.8391,5786976.378],[32559696.188,5786944.3539],[32559698.3898,5786934.6738],[32559700.1301,5786927.0223],[32559700.8443,5786923.8822],[32559701.3277,5786914.683],[32559701.8,5786905.6967],[32559701.4094,5786902.8928],[32559698.9956,5786900.7037],[32559683.7689,5786886.8946],[32559681.1412,5786878.2417],[32559680.9426,5786875.0548],[32559679.844,5786857.4248],[32559670.929,5786841.8042],[32559660.6154,5786835.8787],[32559647.4191,5786835.1581],[32559636.6765,5786834.5714],[32559631.7928,5786831.2163],[32559628.9612,5786825.8951],[32559628.2642,5786817.013],[32559628.7452,5786812.9496],[32559629.5857,5786805.8484],[32559632.1412,5786784.2573],[32559633.0997,5786781.2965],[32559635.4851,5786773.9276],[32559637.6897,5786767.1172],[32559640.7059,5786761.3926],[32559649.4702,5786744.7583],[32559651.7502,5786740.431],[32559658.6175,5786727.3971],[32559657.0135,5786715.5226],[32559653.6947,5786710.5452],[32559648.8507,5786707.0401],[32559643.4343,5786706.6582],[32559616.0228,5786704.7252],[32559564.0312,5786686.9469],[32559556.4403,5786684.3512],[32559527.5396,5786676.3292],[32559515.7831,5786678.4152],[32559507.4676,5786682.0676],[32559503.3273,5786686.2332],[32559484.0921,5786728.1325],[32559477.0663,5786743.4364],[32559467.0139,5786757.4503],[32559454.4328,5786774.9894],[32559444.1032,5786812.2589],[32559441.6337,5786821.1692],[32559435.7349,5786834.9428],[32559428.8741,5786844.7871],[32559424.1962,5786849.4294],[32559405.4708,5786868.0123],[32559398.9397,5786878.0646],[32559396.6642,5786913.9478],[32559395.0575,5786919.5843],[32559384.6279,5786930.3187],[32559374.1339,5786941.1194],[32559367.357,5786954.3671],[32559365.8007,5786961.3171],[32559357.5388,5786998.2133],[32559338.3609,5787058.1957],[32559337.4484,5787061.0497],[32559335.9553,5787072.897],[32559337.8458,5787081.7163],[32559342.124,5787085.8626],[32559367.3514,5787092.5487],[32559376.9443,5787095.0911],[32559189.3248,5787074.9081],[32559066.6232,5787064.8572],[32558979.9074,5787061.3186],[32558907.186,5787054.788],[32558874.6987,5787050.2751],[32558819.2204,5787037.7561],[32558797.2291,5787030.7498],[32558779.2361,5787022.7459],[32558772.7385,5787014.248],[32558774.211,5787012.7367],[32558778.4188,5787008.418],[32558781.9847,5787004.7582],[32558803.726,5786994.7749],[32558833.964,5786984.7956],[32558942.9206,5786953.8673],[32558973.1585,5786943.3884],[32559100.1852,5786892.3435],[32559221.5592,5786843.57],[32559223.5406,5786842.5805],[32559223.6919,5786839.8554],[32559229.1463,5786850.7638],[32559350.6275,5786858.1996],[32559427.4816,5786771.4262],[32559420.1617,5786742.1488],[32559439.9715,5786726.2494],[32559453.7159,5786711.7655],[32559466.2107,5786695.2823],[32559476.4564,5786677.299],[32559484.453,5786657.316],[32559487.4515,5786631.8343],[32559486.8181,5786618.919],[32559486.2017,5786606.3506],[32559480.7034,5786576.8676],[32559471.2067,5786540.3873],[32559464.8159,5786520.035],[32559464.4591,5786518.8984],[32559423.224,5786420.9436],[32559402.4815,5786367.469],[32559381.9886,5786292.0093],[32559377.7399,5786271.0212],[32559373.9909,5786233.0448],[32559374.4223,5786227.2931],[32559376.9892,5786193.0731],[32559380.9873,5786170.0905],[32559387.2345,5786146.6096],[32559396.2307,5786123.6296],[32559407.7258,5786100.1514],[32559436.4639,5786052.1402],[32559491.1909,5785969.2697],[32559511.1827,5785941.6011],[32559530.6745,5785918.9542],[32559549.1669,5785901.8374],[32559580.4041,5785879.6827],[32559601.3957,5785869.6068],[32559681.6471,5785800.3667],[32559711.6006,5785774.5232],[32559729.0935,5785770.5243],[32559753.8336,5785760.028],[32559767.3282,5785751.5309],[32559780.8227,5785740.0353],[32559793.0676,5785726.0669],[32559794.2718,5785724.3326],[32559823.555,5785682.1591],[32559843.0467,5785645.2013],[32559848.2944,5785626.4525],[32559850.2912,5785481.7836],[32559869.7828,5785422.8074],[32559883.5269,5785391.3202],[32559900.0201,5785361.3314],[32559917.2631,5785335.8392],[32559933.3521,5785315.5115],[32559936.2553,5785311.8434],[32559960.4958,5785316.8441],[32559994.2326,5785326.358],[32560032.7176,5785341.8816],[32560079.3009,5785368.8388],[32560121.4248,5785393.2154],[32560143.4249,5785405.9466],[32560171.6981,5785421.1803],[32560189.907,5785430.9913],[32560201.1077,5785438.9062],[32560209.6811,5785444.9646],[32560232.3906,5785461.0122],[32560244.8858,5785465.5346],[32560259.63,5785467.0773],[32560277.6228,5785465.1488],[32560300.1137,5785457.7679],[32560365.3376,5785430.6821],[32560409.8196,5785408.4929],[32560425.5632,5785397.1165],[32560454.5449,5785369.7404],[32560457.1671,5785367.2635],[32560461.0371,5785363.608],[32560467.5461,5785357.4597],[32560500.533,5785354.0449],[32560517.2765,5785354.0445],[32560557.2608,5785357.542],[32560601.9934,5785368.0366],[32560640.2286,5785382.0299],[32560656.2224,5785389.5265],[32560670.2171,5785398.5225],[32560682.4624,5785408.0184],[32560692.7085,5785418.5138],[32560703.502,5785435.973],[32560729.2508,5785401.1699],[32560743.3417,5785364.529],[32560753.8797,5785337.127],[32560784.8457,5785309.4387],[32560790.5984,5785304.2949],[32560799.1447,5785292.5227],[32560853.8797,5785217.127],[32560859.427,5785209.9682],[32560893.0789,5785166.541],[32560897.804,5785101.0886],[32560911.1205,5785104.4205],[32560931.6126,5785111.8659],[32561009.6378,5785148.5921],[32561041.5707,5785163.6228],[32561084.5544,5785181.0286],[32561133.7856,5785198.4261],[32561180.0181,5785211.8413],[32561257.743,5785223.2322],[32561308.3199,5785225.5281],[32561321.9701,5785226.1477],[32561342.7117,5785224.6834],[32561362.2011,5785221.1819],[32561381.6928,5785216.9165],[32561420.9253,5785204.4149],[32561476.9019,5785181.912],[32561525.8838,5785097.9227],[32561560.6205,5785047.9267],[32561578.3647,5785027.4285],[32561633.3482,5784973.9326],[32561687.0834,5784928.4343],[32561717.075,5784908.4335],[32561731.8207,5784901.9323],[32561748.9325,5784896.1618],[32561800.0501,5784878.9237],[32561815.0456,5784870.4219],[32561827.5421,5784858.9209],[32561836.2898,5784844.4212],[32561848.0377,5784801.4245],[32561857.0363,5784749.9296],[32561864.785,5784687.9366],[32561899.1531,5784657.174],[32561954.5791,5784607.5627],[32561990.4897,5784575.4195],[32562047.9678,5784502.4199],[32562077.7065,5784457.9251],[32562087.4529,5784438.929],[32562103.4472,5784398.9397],[32562135.9365,5784308.974],[32562151.1849,5784251.4938],[32562168.4343,5784202.9831],[32562179.1832,5784179.9746],[32562191.1809,5784160.9681],[32562205.4269,5784144.9641],[32562222.9209,5784128.9641],[32562263.9042,5784099.4817],[32562322.7283,5784063.3943],[32562359.1192,5784041.0692],[32562400.8505,5784017.6329],[32562426.0855,5784003.461],[32562483.2981,5783966.0977],[32562511.2822,5783943.3889],[32562526.0254,5783921.9618],[32562541.5216,5783886.964],[32562556.3389,5783838.1708],[32562560.8455,5783812.2853],[32562564.2298,5783775.0826],[32562563.1144,5783728.7339],[32562551.4204,5783602.0614],[32562636.2882,5783585.6134],[32562693.6614,5783576.9231],[32562716.1663,5783570.2389],[32562735.5037,5783559.362],[32562778.4928,5783529.0466],[32562783.355,5783525.6178],[32562797.6812,5783509.3325],[32562808.7512,5783493.0472],[32562817.542,5783474.8082],[32562825.6813,5783450.0553],[32562836.3107,5783389.438],[32562842.1503,5783334.4431],[32562845.4856,5783279.9467],[32562847.9349,5783183.9566],[32562850.0532,5783162.3254],[32562853.7607,5783124.4649],[32562865.5983,5783063.4741],[32562885.7329,5783010.4827],[32562948.2787,5782894.5029],[32563060.0338,5782725.538],[32563129.4095,5782617.4855],[32563142.8384,5782596.5701],[32563201.1927,5782503.5961],[32563276.7288,5782376.1358],[32563311.3716,5782315.1563],[32563337.5241,5782264.1743],[32563402.2032,5782114.2313],[32563411.3729,5782089.69],[32563433.0167,5782031.7638],[32563439.1965,5782004.7745],[32563442.6027,5781972.2873],[32563439.5049,5781943.2987],[32563425.9209,5781926.8051],[32563407.1248,5781926.8048],[32563391.1084,5781934.3016],[32563376.3633,5781947.7962],[32563395.7669,5781900.3155],[32563406.9748,5781877.3251],[32563423.4319,5781849.8367],[32563470.8348,5781779.3674],[32563478.0502,5781818.0599],[32563489.9409,5781881.8242],[32563533.4557,5781889.8552],[32563544.1073,5781891.821],[32563553.6867,5781857.783],[32563617.2474,5781631.9348],[32563633.1271,5781647.7223],[32563636.8523,5781651.4259],[32563655.1755,5781661.4219],[32563673.7091,5781657.924],[32563693.1974,5781638.4334],[32563715.1633,5781609.4471],[32563784.7849,5781510.4954],[32563798.4907,5781484.5081],[32563805.9231,5781455.5226],[32563805.5826,5781425.0379],[32563799.9826,5781396.0531],[32563790.8845,5781371.567],[32563780.0471,5781353.0801],[32563766.9785,5781342.5947],[32563752.8357,5781340.1747],[32563752.4315,5781340.1055],[32563735.8939,5781342.1137],[32563741.1576,5781263.6949],[32563733.3563,5781253.7062],[32563725.5542,5781243.7165],[32563736.1619,5781086.3011],[32563710.0962,5780876.9165],[32563703.4896,5780848.9351],[32563694.6339,5780822.9526],[32563683.2706,5780796.4705],[32563677.5833,5780741.5073],[32563677.5034,5780716.0244],[32563679.4475,5780696.5375],[32563682.9035,5780679.5489],[32563690.116,5780661.5607],[32563702.581,5780640.0748],[32563726.0586,5780613.5917],[32563726.8682,5780612.9543],[32563759.0622,5780587.6079],[32563793.0794,5780565.1216],[32563838.3788,5780543.6342],[32563854.3825,5780531.6418],[32563865.6083,5780514.6531],[32563870.297,5780491.1693],[32563863.4499,5780465.6877],[32563845.5843,5780443.2046],[32563822.9692,5780424.7192],[32563801.3724,5780411.2301],[32563787.0427,5780397.2411],[32563779.4725,5780380.7535],[32563769.0848,5780344.7806],[32563755.753,5780329.2929],[32563735.1668,5780318.3025],[32563729.9599,5780317.3378],[32563713.5998,5780314.3069],[32563697.3255,5780319.804],[32563688.3539,5780336.2924],[32563683.6725,5780362.2735],[32563680.8742,5780429.7243],[32563675.7162,5780463.7002],[32563665.2762,5780491.6808],[32563650.3187,5780517.6633],[32563647.5423,5780463.8452],[32563637.2505,5780264.3497],[32563629.2976,5780205.8945],[32563598.6608,5780070.4172],[32563584.5568,5780008.049],[32563579.0255,5779960.0519],[32563578.6264,5779956.5885],[32563576.4588,5779897.4781],[32563577.7438,5779838.6779],[32563581.6098,5779794.2108],[32563589.0143,5779758.737],[32563600.0825,5779726.3797],[32563621.0862,5779677.7959],[32563639.9378,5779643.4047],[32563681.887,5779566.8763],[32563694.4647,5779542.3841],[32563724.4801,5779483.9357],[32563765.3133,5779399.495],[32563795.6725,5779331.5415],[32563833.2067,5779241.5498],[32563863.8216,5779168.1477],[32563880.082,5779081.1969],[32563885.7774,5779059.7088],[32563898.697,5779024.229],[32563931.7075,5779000.2483],[32563960.976,5778981.7641],[32564011.5335,5778957.7875],[32564033.5423,5778942.3002],[32564051.5353,5778925.3126],[32564070.4953,5778897.3305],[32564084.7463,5778885.8394],[32564103.5255,5778879.347],[32564125.8466,5778882.8502],[32564150.943,5778891.851],[32564177.0343,5778898.3527],[32564228.7092,5778909.3548],[32564251.2798,5778912.3559],[32564269.5676,5778908.8602],[32564283.3237,5778899.3677],[32564292.7953,5778882.8789],[32564299.4981,5778862.892],[32564302.1852,5778841.4053],[32564296.8475,5778818.9175],[32564279.2254,5778795.9269],[32564255.3481,5778776.4318],[32564233.9973,5778762.9334],[32564207.3448,5778751.4456],[32564191.0699,5778744.4307],[32564179.504,5778734.4317],[32564171.6792,5778718.9358],[32564171.6034,5778696.9446],[32564177.5391,5778673.4556],[32564186.0025,5778655.965],[32564198.9995,5778644.4734],[32564218.0397,5778640.4808],[32564241.3646,5778642.9869],[32564293.5456,5778652.9978],[32564320.8815,5778656.0039],[32564397.0902,5778657.022],[32564523.4961,5778677.5322],[32564693.808,5778709.52],[32564744.2172,5778717.0139],[32564784.0768,5778718.0121],[32564813.1365,5778712.5153],[32564834.9186,5778704.5205],[32564850.9321,5778695.5269],[32564862.432,5778686.0339],[32564873.1719,5778674.0429],[32564881.8934,5778658.0551],[32564883.8453,5778641.5679],[32564874.5252,5778627.5791],[32564854.1886,5778617.5873],[32564792.9629,5778598.6017],[32564753.8124,5778584.6105],[32564715.4039,5778567.6198],[32564682.5067,5778549.6283],[32564654.6151,5778529.137],[32564630.9705,5778504.1471],[32564607.5395,5778467.6604],[32564584.577,5778423.1743],[32564559.8213,5778369.6891],[32564560.2811,5778336.7928],[32564561.2256,5778269.2273],[32564564.5747,5778222.2453],[32564572.6616,5778166.7675],[32564583.191,5778128.5316],[32564623.1375,5778139.666],[32564637.3865,5778229.057],[32564639.7781,5778244.0606],[32564640.3232,5778244.4359],[32564648.9009,5778250.3423],[32564673.9578,5778267.5957],[32564720.7503,5778273.9836],[32564744.3484,5778277.2051],[32564780.3943,5778289.8401],[32564829.9344,5778307.2051],[32564831.6613,5778304.8534],[32564844.5355,5778287.3214],[32564853.0398,5778275.7402],[32564860.0177,5778231.9399],[32564868.1961,5778180.6035],[32564870.9062,5778174.8636],[32564887.1329,5778140.4955],[32564897.825,5778117.8496],[32564979.1531,5778114.627],[32565005.1367,5778115.6549],[32565082.3367,5778118.709],[32565090.2776,5778111.3567],[32565109.2117,5778093.8262],[32565124.8367,5778044.4707],[32565136.8549,5778021.7481],[32565153.9578,5777989.4121],[32565152.0331,5777986.9704],[32565139.7321,5777971.3646],[32565129.0945,5777957.8692],[32565028.6782,5777933.9444],[32565024.7391,5777933.0059],[32565019.4071,5777827.5453],[32565013.9578,5777719.7637],[32564974.7046,5777668.5645],[32564966.5945,5777657.9863],[32564953.9578,5777597.5957],[32564952.7541,5777596.2942],[32564949.1531,5777592.4004],[32564915.8955,5777595.298],[32564931.0019,5777570.5996],[32564959.4515,5777529.1242],[32564980.4435,5777509.1383],[32564997.9264,5777488.6514],[32565012.1409,5777464.1651],[32565050.6836,5777357.2182],[32565052.1576,5777437.6873],[32565055.2275,5777460.6795],[32565067.3251,5777486.1733],[32565077.1267,5777496.6721],[32565090.9309,5777504.6732],[32565104.969,5777506.6766],[32565116.732,5777501.6819],[32565122.9245,5777495.0124],[32565121.2625,5777506.3848],[32565128.4579,5777517.9719],[32565148.0571,5777549.5335],[32565202.4148,5777637.0684],[32565203.5203,5777637.0908],[32565234.7393,5777637.7237],[32565249.6219,5777638.0254],[32565293.9033,5777630.8171],[32565363.6062,5777619.4707],[32565516.1226,5777587.8436],[32565638.7234,5777562.4199],[32565639.5752,5777561.6016],[32565684.8677,5777518.0837],[32565694.0555,5777509.2559],[32565693.3399,5777506.924],[32565689.4878,5777494.3698],[32565683.8016,5777475.8379],[32565675.1914,5777459.1291],[32565656.1844,5777422.2442],[32565654.0555,5777317.4981],[32565652.8575,5777316.2524],[32565649.1531,5777312.4004],[32565553.1961,5777317.3418],[32565527.1847,5777321.1741],[32565317.0084,5777352.1395],[32565172.7273,5777373.3965],[32565172.0735,5777373.7136],[32565160.6773,5777379.2406],[32565163.4612,5777366.7477],[32565174.3952,5777333.7637],[32565226.4144,5777207.3282],[32565242.6151,5777176.3451],[32565262.5697,5777143.8636],[32565283.0434,5777117.8796],[32565292.688,5777109.193],[32565305.7879,5777097.3942],[32565314.9725,5777090.8885],[32565333.296,5777077.9096],[32565378.269,5777049.8891],[32565419.0917,5777024.4544],[32565437.5891,5777008.4657],[32565451.5692,5776989.9769],[32565462.7746,5776964.9898],[32565499.0617,5776862.0403],[32565513.9416,5776810.5644],[32565526.1249,5776779.5797],[32565542.8153,5776747.5966],[32565563.7779,5776719.1132],[32565590.0347,5776699.6278],[32565617.8235,5776688.6398],[32565648.6353,5776682.6504],[32565671.4623,5776688.6542],[32565691.2945,5776699.655],[32565708.8779,5776713.6539],[32565723.9607,5776730.1511],[32565739.3149,5776754.6449],[32565755.6959,5776788.635],[32565775.2984,5776840.4657],[32565799.4442,5776932.086],[32565814.6038,5776974.5719],[32565836.5174,5777011.0618],[32565866.1862,5777041.056],[32565902.1131,5777066.5532],[32565942.2837,5777085.054],[32565983.683,5777095.0584],[32566031.5765,5777099.8298],[32566074.0673,5777104.063],[32566142.9564,5777113.5773],[32566191.8917,5777125.5774],[32566242.8456,5777141.5741],[32566288.2848,5777159.0679],[32566321.1777,5777174.5609],[32566342.0488,5777194.5501],[32566356.4409,5777226.5308],[32566363.8369,5777265.5059],[32566363.7272,5777308.977],[32566357.3522,5777352.9472],[32566346.7156,5777396.917],[32566332.5601,5777437.8887],[32566315.6277,5777472.8647],[32566256.2948,5777573.7953],[32566194.4551,5777674.7248],[32566176.2658,5777708.7005],[32566162.3505,5777746.6725],[32566152.4567,5777788.1413],[32566145.3279,5777832.1078],[32566143.4547,5777873.5755],[32566146.5675,5777906.5495],[32566153.4304,5777936.5256],[32566174.5616,5777960.5052],[32566196.4241,5777977.9903],[32566222.0243,5777988.4808],[32566249.3442,5777987.9797],[32566277.8889,5777978.4853],[32566307.1616,5777961.4966],[32566336.915,5777938.0125],[32566585.3319,5777722.0317],[32566654.152,5777662.1975],[32566675.6453,5777646.883],[32566695.5197,5777632.722],[32566747.3253,5777604.2492],[32566763.7762,5777597.0223],[32566798.4954,5777581.77],[32566839.0639,5777569.7774],[32566874.5718,5777566.8803],[32566875.9013,5777566.7718],[32566921.7004,5777569.2525],[32566973.6084,5777579.7299],[32567025.9037,5777599.7297],[32567077.9981,5777635.1964],[32567123.8621,5777682.6494],[32567132.4724,5777693.2688],[32567174.705,5777745.3552],[32567189.4882,5777763.5877],[32567211.576,5777781.075],[32567233.8833,5777787.0702],[32567255.672,5777786.0703],[32567275.6984,5777781.5726],[32567295.2305,5777779.5734],[32567315.0267,5777783.0704],[32567327.6908,5777787.2193],[32567348.6224,5777795.5605],[32567363.4091,5777798.5579],[32567379.9355,5777796.0588],[32567410.5236,5777783.5932],[32567428.9841,5777776.0699],[32567447.5162,5777773.5705],[32567495.9127,5777776.4389],[32567531.7145,5777778.5608],[32567555.5187,5777778.059],[32567577.3177,5777777.0577],[32567602.8858,5777772.7147],[32567624.4103,5777769.0586],[32567682.2564,5777751.5647],[32567717.7894,5777731.5749],[32567727.5853,5777724.0266],[32567756.0515,5777702.0917],[32567799.0526,5777664.6136],[32567827.9798,5777696.087],[32567908.9685,5777773.5186],[32567919.871,5777774.0405],[32567971.4173,5777776.5081],[32568067.4047,5777787.5907],[32568105.8083,5777795.3806],[32568134.012,5777805.5701],[32568174.9306,5777826.1126],[32568193.0303,5777822.4399],[32568216.8428,5777820.8524],[32568235.8929,5777822.4399],[32568261.1669,5777819.4311],[32568302.568,5777814.5024],[32568342.0636,5777812.9569],[32568342.1176,5777812.9603],[32568366.1699,5777814.4938],[32568387.5649,5777815.8578],[32568418.0241,5777814.4793],[32568431.6841,5777807.5174],[32568432.0652,5777807.2183],[32568458.4249,5777786.5314],[32568492.4143,5777757.0514],[32568537.4139,5777715.216],[32568563.6544,5777690.8206],[32568585.3918,5777670.6117],[32568613.136,5777650.6259],[32568640.8804,5777634.6377],[32568668.6247,5777622.147],[32568696.119,5777613.154],[32568724.3629,5777607.6586],[32568753.6067,5777604.6615],[32568784.3497,5777603.6631],[32568848.9355,5777604.5807],[32568890.0715,5777605.1652],[32568919.8116,5777603.6671],[32568982.2866,5777594.6751],[32568988.7979,5777593.2635],[32569023.7668,5777585.6825],[32569072.9902,5777572.6925],[32569123.9601,5777557.2044],[32569169.182,5777541.2161],[32569209.1574,5777523.7289],[32569278.1739,5777482.698],[32569286.1162,5777477.9762],[32569332.6629,5777450.3037],[32569352.866,5777438.2928],[32569488.3832,5777347.8335],[32569531.2058,5777315.5266],[32569579.0816,5777279.4074],[32569616.3276,5777257.4365],[32569651.5716,5777242.9568],[32569712.7955,5777221.4726],[32569767.7539,5777204.468],[32569837.4492,5777185.9632],[32569856.439,5777178.9511],[32569962.3841,5777136.5127],[32570104.3171,5777075.417],[32570138.7362,5777060.6011],[32570196.4357,5777034.1273],[32570250.6466,5777014.6421],[32570317.1104,5776994.1493],[32570468.0712,5776982.1179],[32570557.5688,5776976.5857],[32570602.822,5776972.5676],[32570641.0766,5776966.5523],[32570676.3328,5776956.0398],[32570693.9748,5776948.8246],[32570710.5885,5776942.0299],[32570807.8711,5776893.8228],[32570859.0411,5776868.4661],[32570889.0818,5776858.4604],[32570915.567,5776849.6389],[32570961.0388,5776834.4934],[32570971.6208,5776830.9688],[32571069.8146,5776792.4967],[32571092.5545,5776802.9896],[32571103.7998,5776809.9848],[32571125.7517,5776832.3654],[32571141.5356,5776848.4576],[32571162.9743,5776865.5199],[32571242.3902,5776847.9689],[32571261.4623,5776840.6793],[32571274.7913,5776832.7595],[32571408.8258,5776738.0079],[32571423.181,5776719.2983],[32571439.4425,5776689.3512],[32571453.0134,5776656.7593],[32571460.3159,5776636.8835],[32571479.6489,5776584.2635],[32571494.0241,5776552.1096],[32571506.2991,5776530.8576],[32571519.2162,5776516.8673],[32571529.2502,5776499.4744],[32571564.7514,5776497.0633],[32571647.4905,5776494.5818],[32571682.3225,5776493.5371],[32571712.5125,5776490.031],[32571765.8763,5776473.0977],[32571788.1598,5776466.0268],[32571879.6225,5776492.5017],[32571938.0985,5776487.5057],[32571962.089,5776487.0075],[32571993.3267,5776492.006],[32572029.6216,5776500.878],[32572216.5975,5776495.6226],[32572261.0785,5776494.3723],[32572300.7519,5776495.146],[32572334.7742,5776497.9724],[32572348.7929,5776500.8969],[32572357.2872,5776505.4022],[32572369.0574,5776515.0738],[32572376.6411,5776522.7922],[32572395.1812,5776541.6614],[32572411.6074,5776552.3589],[32572425.7337,5776556.4441],[32572441.1254,5776558.4415],[32572456.9156,5776558.3565],[32572472.2365,5776556.1889],[32572481.7613,5776553.587],[32572553.7778,5776499.6711],[32572675.4735,5776437.623],[32572931.1304,5776307.2732],[32572944.6996,5776320.2115],[32573004.1315,5776376.8797],[32573032.6209,5776407.8585],[32573052.3634,5776437.3399],[32573053.1133,5776409.354],[32573057.8617,5776388.3637],[32573068.8579,5776375.868],[32573086.8512,5776377.3639],[32573107.0937,5776388.3544],[32573130.5848,5776406.3409],[32573123.8376,5776371.36],[32573119.5896,5776321.8858],[32573121.5897,5776211.4412],[32573177.5692,5776192.4399],[32573207.8582,5776180.2415],[32573216.055,5776176.9403],[32573239.2963,5776171.9382],[32573264.2871,5776168.4352],[32573288.0283,5776167.431],[32573311.5195,5776167.9262],[32573357.5023,5776171.915],[32573312.2681,5776317.351],[32573307.6489,5776329.4234],[32573265.0348,5776440.7977],[32573280.7788,5776445.7922],[32573293.2741,5776452.2865],[32573296.6882,5776455.7918],[32573302.5205,5776461.78],[32573324.512,5776504.754],[32573341.5059,5776483.7613],[32573355.2509,5776458.2715],[32573365.2474,5776422.7875],[32573382.7974,5776344.4678],[32573389.7391,5776315.8365],[32573401.985,5776249.8672],[32573413.231,5776215.882],[32573427.9757,5776179.3972],[32573440.837,5776174.7616],[32573480.5457,5776160.4496],[32573607.3522,5776216.8059],[32573706.1943,5776241.5148],[32573776.7247,5776279.4917],[32573871.7956,5776252.8204],[32573892.2421,5776249.8273],[32573910.1682,5776250.1091],[32573917.2871,5776304.7343],[32573920.0356,5776378.1974],[32573918.5359,5776410.6816],[32573915.0371,5776433.671],[32573905.5406,5776470.6547],[32573898.543,5776513.1351],[32573895.2936,5776596.0944],[32573896.7703,5776599.8129],[32573928.5929,5776529.8004],[32573965.6582,5776521.5632],[32574022.6571,5776552.6522],[32574004.5017,5776507.6157],[32573990.7573,5776461.1415],[32573977.2631,5776403.173],[32573965.7681,5776338.7073],[32573957.865,5776267.1865],[32574030.4015,5776303.8962],[32574098.969,5776342.1361],[32574132.8729,5776361.0441],[32574201.8046,5776399.4871],[32574282.8189,5776440.9589],[32574230.3779,5776553.5108],[32574505.872,5776425.7363],[32574524.0555,5776417.3027],[32574654.2508,5776357.4981],[32574710.7802,5776330.6352],[32574844.0555,5776267.3027],[32574879.7521,5776257.852],[32574897.5904,5776253.1293],[32574918.6541,5776247.5526],[32574918.8602,5776247.4981],[32574930.8341,5776278.4495],[32574950.283,5776328.7233],[32574951.301,5776331.3548],[32574934.3749,5776342.4878],[32574923.3796,5776352.9855],[32574908.435,5776375.8441],[32574901.2155,5776386.8868],[32574893.6419,5776398.471],[32574868.294,5776403.5462],[32574856.1575,5776405.9762],[32574835.7684,5776413.3093],[32574815.6623,5776420.5407],[32574801.93,5776425.4796],[32574757.4299,5776443.033],[32574610.5087,5776500.9872],[32574580.7709,5776513.9876],[32574526.2929,5776542.486],[32574486.8088,5776569.9814],[32574446.325,5776601.4751],[32574374.6036,5776662.9606],[32574337.9095,5776696.9881],[32574309.3792,5776723.445],[32574275.8923,5776757.4355],[32574260.1485,5776776.4294],[32574132.1978,5776946.3717],[32574030.7363,5777087.8213],[32573931.7735,5777229.2692],[32573930.7332,5777230.9336],[32573913.9872,5777257.7268],[32573901.7846,5777277.2505],[32573839.0577,5777385.707],[32573792.0747,5777474.67],[32573766.334,5777530.1462],[32573743.3421,5777585.6217],[32573737.2995,5777603.4328],[32573727.7395,5777631.6115],[32573710.8328,5777693.1133],[32573707.0767,5777715.6125],[32573708.836,5777735.1082],[32573711.9392,5777741.7343],[32573740.4146,5777842.0168],[32573729.0144,5777870.8343],[32573715.1582,5777888.3356],[32573712.507,5777889.8502],[32573714.9827,5778045.1101],[32573717.7979,5778114.9686],[32573722.9946,5778243.9254],[32573725.9043,5778316.1304],[32573728.6264,5778330.8502],[32573732.9133,5778341.3205],[32573733.8143,5778394.4349],[32573748.1676,5778394.105],[32573772.9078,5778403.0999],[32573784.6532,5778411.0945],[32573822.3887,5778442.5725],[32573821.1387,5778408.6011],[32573821.1515,5778408.4646],[32573823.3877,5778384.6225],[32573829.1352,5778362.1436],[32573839.3813,5778345.6604],[32573866.1214,5778322.1876],[32573874.1185,5778309.2012],[32573875.6181,5778293.2164],[32573873.1192,5778275.7323],[32573863.1233,5778236.7663],[32573860.6245,5778213.2873],[32573861.8743,5778186.8114],[32573865.8731,5778158.3373],[32573872.1208,5778130.8616],[32573880.0046,5778109.8478],[32573881.8671,5778104.8834],[32573895.8615,5778080.9017],[32573911.5276,5778059.3928],[32573929.3468,5778034.9279],[32573939.581,5778016.4344],[32573946.9364,5777999.5523],[32573948.2931,5777996.4384],[32573953.5148,5777978.9405],[32573955.9993,5777958.9429],[32573960.9867,5777886.352],[32573963.6936,5777846.9537],[32573969.9951,5777823.4593],[32573978.9981,5777804.9664],[32573989.994,5777792.4709],[32574004.2385,5777784.9724],[32574039.7248,5777772.4724],[32574032.2273,5777804.4574],[32574028.4786,5777820.4498],[32574027.6487,5777841.5378],[32574025.7053,5777890.9164],[32574015.2721,5777961.4089],[32574009.7358,5777987.4094],[32573980.0776,5778083.3938],[32573973.3314,5778113.3773],[32573971.0828,5778135.8628],[32573971.5829,5778154.8496],[32573976.0813,5778169.339],[32573985.5777,5778178.3327],[32574007.3194,5778185.8277],[32574017.0655,5778184.8283],[32574027.3113,5778179.3316],[32574042.477,5778166.7338],[32574043.5544,5778165.8388],[32574066.7888,5778143.3466],[32574092.4711,5778114.8462],[32574115.4568,5778083.3388],[32574136.0504,5778047.3307],[32574191.663,5777938.8606],[32574233.6473,5777877.884],[32574278.8802,5777819.9053],[32574299.6222,5777800.4114],[32574325.1124,5777782.4158],[32574379.0913,5777752.9208],[32574411.5785,5777739.4214],[32574498.0441,5777713.918],[32574470.4205,5777750.3108],[32574393.3343,5777851.8686],[32574356.4099,5777897.0312],[32574335.3802,5777918.6762],[32574287.6247,5777967.8288],[32574233.9745,5778018.1639],[32574227.4196,5778085.1862],[32574218.1466,5778180.0021],[32574232.185,5778182.2615],[32574289.9964,5778197.2271],[32574305.2624,5778203.2182],[32574339.3785,5778220.5026],[32574343.6667,5778222.6752],[32574363.7693,5778222.4093],[32574379.6406,5778219.3135],[32574401.8687,5778209.0793],[32574406.7773,5778207.9725],[32574439.2323,5778200.6549],[32574479.0318,5778157.2138],[32574589.519,5778105.8366],[32574655.1912,5778071.811],[32574807.6182,5778000.3885],[32574808.9151,5777976.2308],[32574831.5936,5777949.1653],[32574896.0383,5777949.5737],[32574946.7689,5777989.1746],[32574968.5991,5778034.6731],[32574989.4259,5778061.1673],[32575016.8838,5778060.2592],[32575040.9359,5778054.4472],[32575249.4403,5777950.6131],[32575261.5863,5777942.5811],[32575275.7987,5777928.9929],[32575301.843,5777894.4144],[32575312.7693,5777879.9079],[32575329.9617,5777861.9325],[32575345.9788,5777850.6878],[32575367.6092,5777838.501],[32575415.5277,5777818.1113],[32575417.1639,5777781.2072],[32575412.6664,5777691.7497],[32575415.4153,5777666.261],[32575419.4137,5777652.2667],[32575425.1613,5777641.2706],[32575431.9085,5777634.7722],[32575439.9052,5777631.772],[32575447.9017,5777631.2706],[32575457.3977,5777634.2672],[32575477.4306,5777647.6351],[32575541.4467,5777639.6321],[32575592.1651,5777624.9066],[32575682.1489,5777582.3673],[32575760.0891,5777511.0116],[32575764.0555,5777547.4981],[32575778.1153,5777671.3432],[32575779.3484,5777682.2051],[32575800.2469,5777874.5684],[32575820.8317,5778042.9842],[32575830.9109,5778125.4473],[32575832.4018,5778130.7349],[32575847.0809,5778182.7983],[32575856.8094,5778217.3027],[32575858.2399,5778217.2007],[32575972.8063,5778209.0278],[32575994.2508,5778207.4981],[32576090.4374,5778198.5672],[32576104.0555,5778197.3027],[32576249.6069,5778184.3488],[32576253.7234,5778183.9824],[32576259.4512,5778113.7933],[32576265.2469,5778042.7715],[32576457.8466,5777981.7217],[32576594.0359,5777938.5527],[32576594.0568,5777937.5221],[32576594.6521,5777908.1746],[32576594.8172,5777900.0371],[32576585.5438,5777854.7675],[32576572.2,5777789.627],[32576574.0977,5777787.6525],[32576580.581,5777780.9069],[32576592.9617,5777768.0254],[32576609.4332,5777761.3449],[32576644.0555,5777747.3027],[32576656.3901,5777743.2976],[32576674.2508,5777737.4981],[32576719.2352,5777722.0988],[32576711.8429,5777731.4643],[32576711.0933,5777745.9583],[32576716.5909,5777766.9485],[32576728.3357,5777791.9357],[32576746.0777,5777816.4219],[32576816.0461,5777893.3762],[32576881.5167,5777969.3322],[32576929.2453,5778037.2952],[32576952.4849,5778073.776],[32576965.4791,5778097.264],[32576968.7276,5778113.257],[32576969.2276,5778134.7482],[32576963.2306,5778182.2302],[32576955.2343,5778205.7221],[32576943.4898,5778229.7145],[32576930.246,5778251.2083],[32576902.7586,5778288.6981],[32576859.7783,5778340.6847],[32576840.787,5778360.68],[32576820.7961,5778376.6771],[32576795.0578,5778393.1749],[32576767.8201,5778408.1737],[32576742.8314,5778419.1736],[32576716.8431,5778427.1749],[32576685.6071,5778433.178],[32576651.6224,5778435.683],[32576618.3872,5778433.19],[32576588.4006,5778426.6981],[32576535.4243,5778407.2156],[32576432.2201,5778364.2525],[32576389.739,5778349.7664],[32576348.2574,5778338.7787],[32576314.2724,5778333.7871],[32576288.0339,5778335.2912],[32576265.0441,5778342.2924],[32576240.305,5778352.7924],[32576218.5645,5778370.7885],[32576205.8199,5778395.2803],[32576198.823,5778420.7705],[32576195.0745,5778442.2618],[32576194.0749,5778459.7544],[32576200.572,5778492.7389],[32576208.8183,5778511.2294],[32576219.8134,5778529.2197],[32576235.8064,5778549.2083],[32576257.7967,5778569.6956],[32576347.0073,5778641.6494],[32576405.4815,5778682.6221],[32576447.7128,5778705.6053],[32576480.9481,5778727.5905],[32576504.6876,5778749.5773],[32576520.1808,5778770.0662],[32576535.6739,5778792.5542],[32576549.4178,5778821.0401],[32576559.913,5778858.5227],[32576564.411,5778897.5058],[32576562.9116,5778929.4927],[32576551.1666,5778995.4671],[32576536.423,5779052.9453],[32576493.9611,5779190.5286],[32576473.9494,5779255.3698],[32576448.8905,5779354.381],[32576431.9667,5779406.3122],[32576384.4864,5779519.2707],[32576374.7404,5779549.7589],[32576312.0151,5779773.1715],[32576345.751,5779739.1821],[32576361.4944,5779728.1849],[32576376.9879,5779723.685],[32576394.2305,5779723.1832],[32576411.4731,5779726.6798],[32576427.7161,5779734.6744],[32576441.2102,5779748.667],[32576451.7056,5779765.6587],[32576460.7016,5779786.6488],[32576528.1738,5779626.7076],[32576553.1634,5779571.7274],[32576590.1476,5779500.2522],[32576634.3788,5779422.2786],[32576673.362,5779330.311],[32576682.858,5779296.8233],[32576696.692,5779239.8876],[32576721.8412,5779136.3833],[32576744.8312,5779034.9212],[32576772.8187,5778882.9788],[32576790.0609,5778755.0281],[32576811.801,5778673.0579],[32576840.7878,5778587.5877],[32576856.0308,5778554.0987],[32576874.7723,5778521.6086],[32576895.5128,5778491.6172],[32576943.241,5778436.1313],[32577021.455,5778352.651],[32577051.691,5778320.1587],[32577064.4351,5778303.1632],[32577074.1805,5778285.1687],[32577087.924,5778242.6831],[32577093.1714,5778220.6908],[32577096.4197,5778197.1997],[32577096.6694,5778171.7098],[32577092.1711,5778129.2277],[32577078.1774,5778090.2458],[32577053.4383,5778042.7696],[32577049.69,5778032.7743],[32577049.1902,5778024.2777],[32576987.218,5777940.8234],[32576916.9997,5777853.3727],[32576847.0313,5777779.9168],[32576806.7996,5777742.9402],[32576774.8141,5777720.456],[32576757.3295,5777715.138],[32576816.0845,5777705.5806],[32576852.8055,5777699.6074],[32576852.8702,5777698.973],[32576859.833,5777630.7682],[32576868.8602,5777542.3418],[32576808.8602,5777357.4004],[32576808.8077,5777357.2924],[32576796.2422,5777331.4135],[32576794.0945,5777326.9902],[32576742.9165,5777310.3728],[32576714.9344,5777301.2871],[32576714.5768,5777299.1909],[32576701.388,5777221.8742],[32576697.6297,5777199.8418],[32576719.6791,5777191.1407],[32576754.2508,5777177.4981],[32576774.4776,5777146.6452],[32576775.4422,5777145.1738],[32576818.5493,5777103.7626],[32576824.0945,5777098.4356],[32576834.7332,5777076.5013],[32576853.5086,5777037.791],[32576859.0473,5777035.5446],[32576874.4697,5777029.2896],[32576794.5502,5777006.2496],[32576735.5775,5776994.268],[32576695.3461,5776988.7794],[32576660.1124,5776986.2886],[32576634.8739,5776989.2931],[32576618.3816,5776995.7941],[32576606.1374,5777005.2929],[32576605.1377,5776991.7989],[32576608.636,5776976.8045],[32576615.6326,5776963.3086],[32576625.8778,5776954.31],[32576651.3661,5776943.8086],[32576667.6086,5776940.3063],[32576687.5992,5776940.3017],[32576707.84,5776942.7961],[32576732.559,5776948.5584],[32576752.8192,5776953.2813],[32576852.7728,5776957.7567],[32576877.3839,5776949.5568],[32576917.6323,5776932.1117],[32576940.8933,5776919.8886],[32576968.2685,5776905.5036],[32576988.906,5776898.3598],[32577015.0998,5776893.5973],[32577052.4062,5776892.4067],[32577088.3963,5776895.0055],[32577082.9656,5776901.5348],[32577080.9812,5776911.4567],[32577086.5375,5776931.6974],[32577107.5719,5776963.0506],[32577115.1585,5776965.8427],[32577125.4398,5776969.6264],[32577184.8674,5776969.1779],[32577210.2408,5776973.441],[32577211.6048,5776973.6702],[32577233.5946,5776980.6626],[32577278.0738,5777003.1438],[32577321.3037,5777031.623],[32577342.2939,5777035.617],[32577364.5333,5777037.6115],[32577405.0011,5777033.2925],[32577414.2777,5777032.3024],[32577448.9933,5777028.5973],[32577478.4793,5777027.0919],[32577478.6711,5777027.1056],[32577506.4661,5777029.0853],[32577531.4542,5777035.0778],[32577553.9437,5777043.5699],[32577574.6841,5777056.0607],[32577584.2403,5777064.2139],[32577559.9045,5777019.8479],[32577539.7961,5777002.3854],[32577533.4461,5776983.8645],[32577536.2302,5776973.4239],[32577549.8378,5776970.6914],[32577571.017,5776975.3978],[32577623.9173,5776994.5212],[32577674.8865,5777063.5378],[32577703.3736,5777106.0154],[32577742.356,5777169.483],[32577759.0984,5777191.971],[32577776.8402,5777207.9613],[32577783.1607,5777210.2727],[32577797.3305,5777215.4546],[32577822.6124,5777212.763],[32577832.8624,5777212.6226],[32577858.2625,5777220.4543],[32577871.3858,5777228.4976],[32577875.7534,5777235.3275],[32577875.5437,5777235.4324],[32577882.2914,5777242.5763],[32577909.5281,5777271.4123],[32577922.034,5777283.0543],[32577924.0214,5777284.9045],[32577936.5156,5777293.8988],[32577950.0093,5777301.3934],[32577965.0023,5777305.3893],[32577978.9158,5777304.5917],[32577982.4939,5777304.3866],[32577993.2112,5777301.0001],[32578039.4233,5777312.6514],[32578221.2471,5777421.2151],[32578211.3877,5777450.793],[32578207.1402,5777482.7816],[32578208.3903,5777515.2692],[32578218.3863,5777552.2537],[32578235.8787,5777593.2357],[32578254.1206,5777628.7197],[32578266.6152,5777650.7096],[32578318.7812,5777729.1233],[32578349.0785,5777776.1512],[32578373.5678,5777818.1324],[32578379.1402,5777829.4487],[32578389.8108,5777851.1181],[32578404.3046,5777885.1037],[32578414.8003,5777916.091],[32578419.7984,5777942.5806],[32578419.6924,5777955.3258],[32578419.5491,5777972.5698],[32578415.5518,5778011.5562],[32578408.5558,5778053.042],[32578399.0609,5778089.0301],[32578352.5858,5778243.4805],[32578322.6015,5778333.9517],[32578302.862,5778402.4297],[32578294.3669,5778451.9131],[32578292.1184,5778485.9014],[32578294.8678,5778516.89],[32578304.114,5778547.8777],[32578319.6073,5778573.8666],[32578338.349,5778595.3567],[32578361.3385,5778612.8478],[32578389.076,5778625.8399],[32578417.063,5778633.8338],[32578441.8016,5778636.8299],[32578466.2902,5778635.8275],[32578493.7774,5778631.3261],[32578556.9984,5778650.3126],[32578580.7376,5778661.3063],[32578596.4805,5778670.8014],[32578617.2211,5778689.7928],[32578625.9674,5778700.7881],[32578634.4544,5778717.2911],[32578634.9636,5778718.2812],[32578650.7714,5778765.8117],[32578654.5967,5778777.3137],[32578672.1987,5778830.2392],[32578680.6951,5778843.7339],[32578692.19,5778851.7301],[32578704.4344,5778855.7276],[32578715.4293,5778857.2261],[32578740.6676,5778856.2242],[32578753.9115,5778853.224],[32578778.6499,5778844.225],[32578794.6424,5778840.7248],[32578800.6604,5778840.3703],[32578811.6345,5778839.7238],[32578827.1274,5778842.7214],[32578842.1207,5778849.218],[32578871.6076,5778871.2084],[32578877.0569,5778877.0057],[32578883.3525,5778883.7032],[32578893.3482,5778899.1973],[32578902.5944,5778920.1896],[32578906.8431,5778946.6804],[32578904.095,5778976.1708],[32578891.6024,5779044.6489],[32578889.6041,5779078.1379],[32578892.1035,5779105.1288],[32578897.1017,5779125.6217],[32578902.5995,5779140.6163],[32578910.0964,5779152.6118],[32578921.3415,5779164.6071],[32578937.0876,5779178.168],[32579009.553,5779240.5767],[32579011.5516,5779226.0813],[32579017.5487,5779209.0865],[32579021.9679,5779202.0141],[32579027.5436,5779193.0912],[32579041.5368,5779180.0946],[32579058.2791,5779172.0963],[32579075.2714,5779168.5965],[32579093.263,5779168.0956],[32579107.9567,5779189.8083],[32579126.749,5779217.5778],[32579145.9908,5779240.5695],[32579216.7105,5779311.5436],[32579242.1995,5779332.036],[32579277.934,5779357.5266],[32579329.6753,5779389.8227],[32579316.2179,5779436.9262],[32579305.9235,5779443.4983],[32579296.1783,5779456.4945],[32579289.4317,5779470.9902],[32579284.155,5779489.0059],[32579270.6917,5779534.9705],[32579261.6963,5779551.9655],[32579250.7015,5779566.9611],[32579237.4579,5779581.457],[32579218.4668,5779596.453],[32579186.9814,5779609.9499],[32579175.2368,5779613.4492],[32579112.2306,5779624.8776],[32579084.2783,5779629.9478],[32579067.7859,5779636.4466],[32579049.7943,5779646.4443],[32579015.0606,5779671.938],[32578996.3201,5779711.4265],[32578984.5753,5779709.4277],[32578974.33,5779709.9281],[32578965.0843,5779714.4271],[32578922.8546,5779771.4114],[32578894.3685,5779814.3994],[32578840.8942,5779878.8821],[32578823.9018,5779880.3826],[32578792.7688,5779887.3039],[32578785.6693,5779888.8822],[32578768.6774,5779909.3767],[32578754.6842,5779929.3713],[32578735.6936,5779969.8597],[32578725.1987,5779987.3547],[32578710.4557,5780004.3503],[32578689.9653,5780020.8464],[32578619.4979,5780067.3361],[32578597.1522,5780083.6834],[32578542.2837,5780123.8231],[32578511.0485,5780165.8118],[32578501.5531,5780181.8074],[32578466.3203,5780265.7828],[32578455.5755,5780287.2767],[32578417.5933,5780345.2606],[32578395.6037,5780374.7526],[32578368.1164,5780407.244],[32578310.7688,5780465.4051],[32578296.6492,5780479.7251],[32578273.5995,5780497.6691],[32578245.9222,5780519.2156],[32578194.5422,5780556.4371],[32578185.1997,5780563.2051],[32578139.7201,5780591.6986],[32578119.2293,5780608.6943],[32578055.7578,5780667.6789],[32578038.7655,5780687.6733],[32578001.7747,5780740.1686],[32577964.7987,5780792.6428],[32577908.5733,5780795.645],[32577861.3438,5780792.6485],[32577834.3556,5780791.1506],[32577811.7108,5780785.4306],[32577810.6159,5780785.154],[32577787.3759,5780776.1583],[32577777.1302,5780751.6673],[32577769.6641,5780723.6675],[32577769.1336,5780721.6781],[32577760.8868,5780662.6988],[32577760.3869,5780614.7153],[32577766.3839,5780557.7344],[32577774.88,5780520.2467],[32577787.874,5780481.2592],[32577809.6333,5780426.1079],[32577824.3574,5780388.7883],[32577886.8283,5780221.3407],[32577923.311,5780097.38],[32577945.7999,5780004.41],[32577965.54,5779905.4421],[32577970.2874,5779868.9542],[32577972.5356,5779799.9778],[32577970.2859,5779737.9994],[32577960.0397,5779681.0203],[32577943.7963,5779619.0436],[32577929.5524,5779585.057],[32577906.8122,5779542.0745],[32577881.8231,5779500.0921],[32577861.332,5779470.105],[32577805.1068,5779404.1351],[32577793.8618,5779398.6384],[32577763.1257,5779397.1426],[32577760.6267,5779375.1508],[32577763.375,5779346.1609],[32577769.6219,5779318.1702],[32577777.6181,5779298.1763],[32577804.855,5779243.1928],[32577831.5921,5779180.2122],[32577835.5899,5779154.7208],[32577835.3397,5779124.7317],[32577831.5909,5779089.7448],[32577825.5932,5779052.2591],[32577824.0936,5779024.7693],[32577824.843,5779001.7775],[32577837.0866,5778944.2967],[32577856.9447,5778913.9018],[32577828.7638,5778866.9349],[32577742.2759,5778784.568],[32577684.6173,5778726.911],[32577668.1422,5778628.0695],[32577655.7838,5778413.9124],[32577635.1875,5778117.3872],[32577614.5954,5778113.269],[32577602.2402,5778113.2692],[32577589.8853,5778142.0982],[32577585.7673,5778162.6904],[32577543.0439,5778241.0194],[32577549.2114,5778273.0906],[32577553.8751,5778328.8061],[32577558.7083,5778386.5457],[32577562.2074,5778448.0218],[32577561.4583,5778497.0033],[32577543.9677,5778620.4593],[32577530.9743,5778678.9392],[32577525.2273,5778715.4263],[32577523.9781,5778750.4134],[32577528.9763,5778789.8976],[32577537.4728,5778835.8791],[32577546.7191,5778877.3622],[32577561.4628,5778929.8405],[32577573.708,5779003.8111],[32577592.4502,5779087.7773],[32577598.5748,5779133.834],[32577611.1931,5779228.7228],[32577612.1929,5779266.7087],[32577606.9456,5779300.1972],[32577598.6845,5779327.3678],[32577651.9798,5779447.2774],[32577653.1762,5779461.6325],[32577663.9216,5779497.6182],[32577681.4141,5779538.1015],[32577727.1443,5779627.5642],[32577749.3848,5779678.5435],[32577770.1259,5779734.0215],[32577788.6182,5779794.9981],[32577802.1129,5779862.473],[32577808.8605,5779932.9476],[32577809.8607,5780001.9233],[32577806.1129,5780063.9021],[32577794.6185,5780123.8823],[32577787.22,5780148.0612],[32577776.8769,5780181.8636],[32577753.3877,5780242.8444],[32577705.9528,5780334.6673],[32577691.4158,5780362.8076],[32577649.6844,5780437.7844],[32577613.4505,5780507.2628],[32577563.9722,5780524.7602],[32577541.7319,5780529.2601],[32577519.7415,5780528.2621],[32577494.2526,5780522.2661],[32577465.0153,5780511.2722],[32577432.5294,5780495.2804],[32577328.8243,5780429.8122],[32577217.6225,5780355.3488],[32577178.8894,5780331.8608],[32577145.6538,5780317.8689],[32577117.9158,5780311.3737],[32577096.4251,5780310.8757],[32577079.4324,5780316.3751],[32577066.6879,5780328.3715],[32577061.44,5780346.3651],[32577066.6877,5780370.3555],[32577083.4303,5780396.844],[32577108.4196,5780420.8329],[32577138.1566,5780442.3224],[32577384.0503,5780583.2519],[32577411.8567,5780598.318],[32577497.5013,5780644.7221],[32577566.654,5780700.7108],[32577601.2065,5780728.6858],[32577637.5205,5780782.1043],[32577652.9343,5780802.6569],[32577679.4229,5780831.1456],[32577743.3954,5780890.6218],[32577755.3904,5780945.6025],[32577761.8878,5780994.0856],[32577760.8882,5781037.0712],[32577752.392,5781077.058],[32577740.1473,5781120.044],[32577725.9035,5781159.5311],[32577710.4101,5781189.5215],[32577675.6749,5781240.0055],[32577656.1832,5781265.4976],[32577635.442,5781288.4903],[32577567.8022,5781350.9337],[32577560.7235,5781357.4686],[32577540.4638,5781378.9667],[32577520.209,5781405.9657],[32577438.2418,5781526.9076],[32577394.0071,5781604.856],[32577331.2806,5781605.8421],[32577256.3089,5781589.3352],[32577216.574,5781578.3328],[32577193.8631,5781569.6778],[32577179.8381,5781564.3329],[32577147.3507,5781546.3364],[32577119.1116,5781526.8418],[32577095.3708,5781507.8479],[32577076.1284,5781490.3543],[32577045.8901,5781462.8642],[32577031.3958,5781455.8653],[32577016.9013,5781452.8637],[32577004.1562,5781452.3613],[32576994.16,5781455.8569],[32576988.412,5781463.8508],[32576992.9103,5781481.8409],[32577007.0912,5781506.0301],[32577009.9036,5781510.8274],[32577033.8942,5781544.8126],[32577060.1339,5781578.2987],[32577090.8719,5781613.2851],[32577151.0061,5781677.1793],[32577210.8251,5781740.7387],[32577243.0624,5781781.723],[32577251.809,5781798.7158],[32577286.0459,5781863.6886],[32577294.0428,5781885.6791],[32577303.2894,5781921.6632],[32577302.5398,5781927.6601],[32577307.9706,5782029.6435],[32577309.5394,5782059.1024],[32577315.6243,5782132.9888],[32577319.7887,5782183.5548],[32577337.783,5782243.5349],[32577360.5254,5782305.5156],[32577385.268,5782395.4881],[32577405.9026,5782457.394],[32577420.2568,5782500.4582],[32577431.5033,5782539.4473],[32577439.2511,5782573.4377],[32577441.2511,5782602.4294],[32577438.7529,5782630.9209],[32577433.2565,5782656.9133],[32577426.0101,5782677.9072],[32577415.7645,5782698.4011],[32577400.5219,5782721.3942],[32577380.0314,5782746.8844],[32577354.2932,5782773.8727],[32577328.555,5782795.3622],[32577290.345,5782815.2285],[32577266.083,5782827.8429],[32577163.628,5782887.3092],[32577096.4064,5782931.7872],[32577059.1717,5782958.7752],[32577035.931,5782978.7671],[32577019.5972,5782998.7122],[32576988.4498,5783036.7463],[32576971.9562,5783054.74],[32576948.4653,5783075.7324],[32576878.2426,5783129.7117],[32576741.8064,5783278.4165],[32576714.3122,5783303.7761],[32576662.3351,5783343.8026],[32576628.8496,5783365.1682],[32576603.8602,5783377.6368],[32576575.3723,5783387.1057],[32576549.133,5783390.0314],[32576522.3939,5783388.9577],[32576469.6801,5783382.9554],[32576407.6944,5783375.8973],[32576353.2188,5783361.3953],[32576321.7321,5783351.8962],[32576292.4937,5783339.5923],[32576270.0027,5783326.2229],[32576250.2607,5783311.2726],[32576212.2759,5783286.332],[32576151.05,5783242.0106],[32576084.4326,5783182.6279],[32576035.0969,5783135.6525],[32575996.8531,5783094.6566],[32575954.3802,5783049.1273],[32575923.6426,5783021.172],[32575888.6564,5782995.2749],[32575763.4642,5782916.662],[32575733.4744,5782897.8301],[32575723.0658,5782882.0857],[32575681.4925,5782819.2008],[32575671.4955,5782799.8734],[32575666.9155,5782788.9764],[32575659.7501,5782771.9278],[32575646.258,5782735.1026],[32575620.2694,5782697.5152],[32575605.7755,5782679.4254],[32575593.2807,5782667.949],[32575579.0362,5782659.5703],[32575558.6579,5782650.5997],[32575510.8113,5782629.5375],[32575487.0712,5782616.0216],[32575464.0811,5782598.9588],[32575425.0139,5782562.3652],[32575401.6072,5782540.4406],[32575377.6179,5782521.3507],[32575352.6295,5782504.1734],[32575327.8914,5782490.4845],[32575306.9009,5782480.9661],[32575290.4085,5782476.9304],[32575276.4155,5782477.8667],[32575262.9224,5782484.7715],[32575251.178,5782495.1916],[32575243.4313,5782507.6831],[32575238.6828,5782520.175],[32575235.6828,5782548.7193],[32575237.9313,5782586.7925],[32575244.68,5782629.6225],[32575252.928,5782664.0946],[32575261.6748,5782680.5867],[32575294.1621,5782726.5665],[32575312.4047,5782747.5581],[32575336.3946,5782768.051],[32575371.16,5782791.8475],[32575411.6123,5782819.5366],[32575468.8384,5782868.02],[32575471.0855,5782815.2073],[32575473.8344,5782802.1799],[32575478.8327,5782793.1471],[32575486.8298,5782787.1154],[32575497.5758,5782783.0911],[32575511.0705,5782782.0813],[32575524.565,5782784.0853],[32575539.3087,5782788.5978],[32575559.0507,5782829.072],[32575564.7982,5782848.075],[32575567.3138,5782867.3632],[32575570.545,5782892.1384],[32575576.7922,5782907.6548],[32575587.038,5782923.1606],[32575601.0323,5782938.1582],[32575620.5242,5782955.6495],[32575681.2495,5783005.1148],[32575750.9712,5783066.5852],[32575663.0745,5783113.2787],[32575605.288,5783143.9768],[32575560.7349,5783170.46],[32575550.563,5783176.5064],[32575484.3432,5783230.7634],[32575451.1088,5783254.2807],[32575416.1257,5783276.2072],[32575382.7449,5783294.3784],[32575330.1679,5783322.9994],[32575281.6913,5783297.9258],[32575195.7286,5783233.8897],[32575170.4886,5783215.3981],[32575149.3046,5783192.1264],[32575144.7751,5783187.1505],[32575111.7637,5783150.8859],[32575098.0199,5783120.8818],[32575082.5258,5783094.4054],[32575063.2835,5783070.918],[32575057.7343,5783066.2026],[32575012.056,5783027.3875],[32574982.3188,5783005.8733],[32574922.091,5782968.9308],[32574827.6283,5782921.072],[32574783.3967,5782901.0875],[32574780.6479,5782898.5881],[32574740.6646,5782859.0955],[32574615.9661,5782743.625],[32574601.4727,5782723.6261],[32574591.9774,5782703.1244],[32574585.2308,5782680.6218],[32574585.2269,5782635.5766],[32574582.9821,5782616.4819],[32574564.2442,5782556.9899],[32574545.641,5782516.7545],[32574525.5039,5782473.2016],[32574508.5103,5782441.7396],[32574490.2676,5782416.269],[32574454.0328,5782377.7887],[32574362.5774,5782336.6262],[32574360.5738,5782307.2621],[32574361.3223,5782289.3045],[32574364.8195,5782272.3888],[32574370.8155,5782258.4932],[32574409.4985,5782195.7839],[32574412.9814,5782190.1377],[32574429.7822,5782162.9018],[32574435.2794,5782148.3438],[32574443.0252,5782115.6869],[32574448.7715,5782077.5528],[32574450.7696,5782029.5769],[32574446.0219,5782000.5998],[32574436.5259,5781971.1225],[32574417.5333,5781927.158],[32574400.54,5781898.6742],[32574388.0453,5781882.6739],[32574373.5514,5781867.684],[32574353.81,5781854.709],[32574328.5712,5781843.7111],[32574300.8336,5781836.2115],[32574274.3448,5781832.2109],[32574191.6302,5781829.2211],[32574295.0859,5781921.144],[32574308.5804,5781937.6378],[32574320.0758,5781955.1385],[32574330.5718,5781975.6539],[32574338.319,5781996.6902],[32574341.3181,5782016.7526],[32574340.5691,5782040.3484],[32574337.0713,5782070.4531],[32574328.5766,5782109.9808],[32574311.6212,5782162.2033],[32574292.1019,5782222.3225],[32574277.6081,5782303.6052],[32574253.6144,5782292.1943],[32574243.6183,5782283.7066],[32574230.3745,5782266.1946],[32574223.6299,5782249.6405],[32574224.138,5782215.6148],[32574226.6344,5782193.7047],[32574237.1236,5782142.4454],[32574239.1202,5782111.1351],[32574230.3714,5782068.3353],[32574222.1237,5782040.9301],[32574212.627,5782017.9852],[32574196.8832,5781994.018],[32574114.6673,5781895.5952],[32574083.1804,5781859.1186],[32573987.9707,5781756.6764],[32573966.23,5781736.6871],[32573944.2397,5781721.1925],[32573920.7502,5781707.1891],[32573910.1065,5781688.3035],[32573898.5089,5781667.7253],[32573906.503,5781600.5707],[32573911.7499,5781576.9635],[32573939.7376,5781500.4452],[32573949.2339,5781481.9608],[32573961.6131,5781464.3532],[32574001.9545,5781411.0763],[32574019.6939,5781392.6944],[32574037.6843,5781376.8938],[32574078.4218,5781334.2894],[32574092.4156,5781315.4441],[32574119.3981,5781267.7762],[32574157.627,5781186.2709],[32574190.8558,5781101.0902],[32574218.3378,5781007.1838],[32574254.0122,5780899.0313],[32574269.8316,5780858.2878],[32574297.356,5780796.4842],[32574306.3248,5780776.3456],[32574359.7927,5780684.6317],[32574408.4911,5780609.7333],[32574427.4804,5780585.2479],[32574495.9509,5780511.2875],[32574514.4438,5780493.7967],[32574528.4384,5780484.8013],[32574542.4329,5780478.3045],[32574568.4228,5780471.8077],[32574640.6554,5780467.0209],[32574688.3208,5780463.8622],[32574749.3502,5780459.8179],[32574836.313,5780463.3206],[32574872.0456,5780457.9307],[32574889.2892,5780455.3297],[32574897.035,5780443.3382],[32574902.282,5780429.8476],[32574904.53,5780413.3586],[32574899.7814,5780399.3676],[32574895.5256,5780396.3536],[32574887.7865,5780390.8728],[32574872.5433,5780386.8748],[32574841.4541,5780385.463],[32574751.3477,5780381.3711],[32574664.6585,5780374.0316],[32574639.1452,5780371.8715],[32574604.1596,5780378.3661],[32574583.9178,5780379.3649],[32574562.9262,5780376.3667],[32574543.9339,5780369.3709],[32574524.4417,5780359.3773],[32574525.941,5780375.3672],[32574524.9411,5780388.3591],[32574519.943,5780399.3524],[32574500.0826,5780417.4037],[32574492.4534,5780424.3379],[32574470.2183,5780446.2921],[32574412.4852,5780503.2959],[32574349.2446,5780571.9163],[32574321.5761,5780601.9385],[32574294.0732,5780631.781],[32574274.0862,5780667.1238],[32574249.1004,5780724.3717],[32574192.8819,5780866.149],[32574155.8643,5780959.2119],[32574141.1403,5781013.8775],[32574104.6518,5781149.3481],[32574093.1618,5781174.235],[32574074.9205,5781199.9915],[32574029.6925,5781251.4993],[32573995.4554,5781281.8146],[32573949.2235,5781314.315],[32573887.1044,5781352.7858],[32573881.0111,5781356.5419],[32573871.7658,5781367.0519],[32573865.0198,5781383.5351],[32573856.7732,5781420.5044],[32573851.6426,5781462.3542],[32573847.2767,5781497.9668],[32573842.2798,5781517.5403],[32573832.5346,5781526.6148],[32573817.2915,5781529.6877],[32573800.0495,5781529.2448],[32573719.2213,5781516.8848],[32573671.6102,5781509.6043],[32573596.2183,5781504.2371],[32573588.9021,5781503.7161],[32573473.1999,5781459.5201],[32573461.6682,5781454.5859],[32573420.9592,5781437.1667],[32573386.1989,5781420.1864],[32573345.5382,5781397.627],[32573322.2859,5781384.726],[32573312.7893,5781370.7341],[32573297.547,5781356.2448],[32573229.075,5781311.7823],[32573072.1323,5781203.8308],[32572978.6656,5781152.2946],[32572865.9643,5781094.7184],[32572818.4861,5781074.7027],[32572745.509,5781048.2306],[32572711.7774,5781035.9946],[32572690.5376,5781024.9903],[32572682.2913,5781017.0008],[32572676.5435,5781006.5021],[32572667.5461,5780972.1693],[32572626.324,5780795.5383],[32572604.8596,5780665.3014],[32572600.4959,5780592.8347],[32572596.0743,5780551.3052],[32572587.3364,5780514.3352],[32572587.5848,5780487.6554],[32572587.8322,5780461.0906],[32572586.1759,5780407.7446],[32572585.577,5780388.4569],[32572586.5734,5780341.5608],[32572590.5686,5780292.4938],[32572608.3176,5780172.5353],[32572617.0649,5780141.5564],[32572627.3073,5780114.5738],[32572640.0472,5780090.5955],[32572660.0357,5780067.3949],[32572716.255,5780016.4024],[32572740.4979,5779997.9414],[32572764.9867,5779981.6107],[32572835.5934,5779940.311],[32572870.6783,5779919.7889],[32572893.9164,5779900.428],[32572915.9021,5779879.4552],[32572933.139,5779859.4788],[32572981.6489,5779797.5137],[32573043.8266,5779718.0897],[32573114.3286,5779636.1117],[32573147.0818,5779601.6186],[32573181.0781,5779571.1286],[32573245.1207,5779518.6167],[32573266.0312,5779501.4711],[32573247.7915,5779501.1031],[32573231.5503,5779498.2006],[32573216.558,5779491.7523],[32573208.0614,5779478.745],[32573206.5606,5779462.1717],[32573209.8065,5779442.0256],[32573161.0863,5779470.2737],[32573122.1053,5779496.1803],[32573108.1518,5779507.7259],[32573093.1104,5779520.1717],[32573043.7126,5779573.8407],[32573026.8532,5779592.1578],[32572997.6621,5779627.0491],[32572914.3797,5779726.5946],[32572895.3934,5779753.0713],[32572862.9307,5779810.5843],[32572847.1848,5779838.4806],[32572825.1977,5779869.3713],[32572810.4568,5779886.2496],[32572793.2187,5779901.2851],[32572752.74,5779928.0562],[32572654.7808,5779985.9769],[32572629.046,5780005.7962],[32572608.309,5780026.5487],[32572593.0685,5780051.1283],[32572581.5785,5780078.6066],[32572566.3365,5780125.0766],[32572547.586,5780169.0389],[32572535.8384,5780192.0146],[32572513.8522,5780223.5675],[32572499.1109,5780249.1248],[32572485.3697,5780278.5645],[32572475.877,5780307.8944],[32572401.1633,5780275.7385],[32572373.1773,5780267.2155],[32572309.6973,5780255.601],[32572284.7661,5780258.9819],[32572268.8118,5780261.1455],[32572249.6706,5780267.1557],[32572233.5296,5780274.6613],[32572225.9314,5780280.2356],[32572221.2802,5780283.648],[32572193.7739,5780320.5088],[32572144.5342,5780369.7987],[32572132.2827,5780385.2349],[32572124.786,5780404.6119],[32572119.6807,5780428.0015],[32572119.04,5780430.9367],[32572113.5378,5780482.7655],[32572115.2861,5780505.2647],[32572121.7832,5780529.7504],[32572132.2788,5780553.7277],[32572146.5228,5780574.2084],[32572165.0147,5780590.1996],[32572189.0042,5780603.6934],[32572254.477,5780635.1412],[32572293.462,5780656.6082],[32572363.683,5780701.7225],[32572393.6993,5780715.4243],[32572433.8995,5780733.7749],[32572444.8947,5780745.2653],[32572452.6416,5780758.7399],[32572457.1403,5780774.2487],[32572459.3906,5780793.916],[32572459.3896,5780818.4029],[32572459.3871,5780878.4737],[32572466.1344,5780924.4538],[32572471.6327,5780944.4286],[32572491.8754,5780994.8474],[32572514.6167,5781043.7628],[32572559.8474,5781116.1751],[32572617.0727,5781158.1846],[32572646.3095,5781174.7099],[32572723.4413,5781211.0879],[32572727.2831,5781212.8998],[32572776.7497,5781236.23],[32572789.9942,5781238.7149],[32572839.2252,5781221.7441],[32572870.8531,5781219.3675],[32572880.4082,5781224.6345],[32572883.6697,5781227.5049],[32572901.4119,5781243.1199],[32572950.1402,5781275.176],[32573050.1245,5781329.8586],[32573079.2681,5781342.007],[32573080.3696,5781342.4661],[32573119.015,5781352.5847],[32573169.4245,5781359.3875],[32573196.3117,5781366.1436],[32573240.0036,5781389.6938],[32573289.3354,5781420.4861],[32573355.1158,5781461.5455],[32573446.6996,5781509.4179],[32573487.6866,5781536.4065],[32573532.0997,5781565.6511],[32573542.4332,5781572.4554],[32573550.0009,5781577.4385],[32573645.805,5781628.0744],[32573703.6081,5781660.9352],[32573731.3439,5781676.0354],[32573773.0738,5781702.0738],[32573832.547,5781744.0922],[32573865.783,5781780.0647],[32573893.0217,5781812.5323],[32573914.0133,5781841.9978],[32573995.4836,5781986.2],[32574026.959,5782057.8008],[32574043.946,5782101.8066],[32574061.7063,5782149.7987],[32574066.2027,5782171.2969],[32574070.4232,5782211.8394],[32574074.1733,5782247.8623],[32574077.1822,5782276.7659],[32574088.9257,5782325.2327],[32574096.9226,5782344.7202],[32574172.8904,5782421.7066],[32574283.0939,5782512.2016],[32574344.6682,5782574.4718],[32574373.5562,5782603.6863],[32574455.0225,5782682.6748],[32574575.2229,5782819.658],[32574608.3498,5782863.5879],[32574674.186,5782950.8938],[32574748.2554,5783119.2262],[32574748.2562,5783176.884],[32574748.2566,5783205.3218],[32574872.8688,5783328.806],[32574924.0983,5783391.794],[32574949.5883,5783427.2678],[32574965.3324,5783454.7232],[32574971.8303,5783474.1652],[32574975.3295,5783491.1099],[32574976.3301,5783516.0466],[32574973.3318,5783525.5351],[32574967.0851,5783534.0412],[32574958.0896,5783542.0716],[32574947.5945,5783548.1147],[32574932.6774,5783554.1996],[32574915.6094,5783561.1618],[32575032.5577,5783590.0873],[32575065.0433,5783596.6498],[32575142.7586,5783606.8458],[32575130.7808,5783612.6302],[32575109.4393,5783622.9365],[32575088.2842,5783633.1528],[32575077.5394,5783640.1294],[32575062.2968,5783656.122],[32575060.0483,5783668.1265],[32575061.8528,5783699.7929],[32575062.2987,5783707.6179],[32575065.1903,5783721.7066],[32575070.5172,5783732.3905],[32575080.6936,5783744.0281],[32575095.2459,5783756.1531],[32575144.8237,5783791.2372],[32575182.2292,5783813.6991],[32575196.4709,5783834.7026],[32575213.211,5783855.7049],[32575234.9491,5783877.6884],[32575299.4209,5783932.9733],[32575334.9066,5783961.3399],[32575363.8983,5783983.3187],[32575415.1198,5784015.7924],[32575445.5,5784031.5293],[32575448.7542,5784014.4891],[32575449.1531,5784012.4004],[32575478.9962,5784001.187],[32575482.7529,5783999.7755],[32575485.2273,5783998.8457],[32575512.8121,5784001.6595],[32575599.1531,5784010.4668],[32575619.7482,5784008.3621],[32575656.1062,5784004.6465],[32575675.7029,5784028.244],[32575706.8094,5784065.7012],[32575709.5612,5784066.1363],[32575739.3152,5784070.8416],[32575791.1648,5784079.041],[32575796.9106,5784074.2654],[32575809.2117,5784064.041],[32575828.5428,5784033.3737],[32575848.1816,5784059.0274],[32575882.4078,5784109.0197],[32575911.6466,5784159.0104],[32575932.395,5784205.0401],[32575947.8903,5784244.8185],[32575966.6398,5784299.7339],[32575977.1306,5784312.3963],[32575991.6219,5784319.4219],[32576009.6139,5784323.9063],[32576042.3498,5784294.4121],[32576067.3396,5784265.9297],[32576083.5828,5784234.4534],[32576089.0828,5784200.9049],[32576089.5874,5784163.8003],[32576086.3816,5784136.3622],[32576085.085,5784125.2635],[32576075.835,5784092.6936],[32576061.3394,5784061.9464],[32576039.594,5784028.0648],[32576028.0452,5784014.3173],[32576020.2452,5784005.0322],[32576009.3563,5783992.0704],[32575968.8796,5783955.0743],[32575886.4134,5783889.4067],[32575852.9207,5783863.2895],[32575824.43,5783844.2094],[32575797.4418,5783830.1855],[32575771.4552,5783820.2015],[32575744.2207,5783812.2489],[32575720.5041,5783797.6797],[32575665.7603,5783764.0504],[32575618.3551,5783726.6745],[32575605.2565,5783716.3471],[32575604.7758,5783715.9191],[32575595.6127,5783707.7606],[32575515.0288,5783636.0115],[32575488.4876,5783608.8688],[32575467.8441,5783582.3137],[32575442.1625,5783541.4317],[32575386.1478,5783437.933],[32575415.6314,5783403.0089],[32575427.5319,5783386.4026],[32575454.6113,5783348.6155],[32575571.3086,5783357.6971],[32575601.2952,5783356.1725],[32575693.7545,5783346.4812],[32575709.2477,5783341.4428],[32575749.979,5783315.4044],[32575777.9663,5783301.8502],[32575793.959,5783295.8403],[32575817.6983,5783290.8478],[32575832.6914,5783285.3538],[32575916.4632,5783244.7631],[32575925.1499,5783240.5541],[32575936.6451,5783245.0461],[32575948.1406,5783249.5379],[32575965.1337,5783249.0271],[32575982.6264,5783253.027],[32576003.3678,5783263.5325],[32576028.6073,5783283.0376],[32576078.8272,5783325.8221],[32576088.0826,5783334.0483],[32576156.6169,5783398.115],[32576190.7902,5783430.0607],[32576292.4975,5783505.1063],[32576331.7311,5783530.6283],[32576361.4684,5783545.6492],[32576388.9567,5783557.1672],[32576414.1957,5783564.6794],[32576462.9242,5783573.303],[32576501.1739,5783577.2675],[32576529.147,5783580.1668],[32576570.13,5783580.4964],[32576602.8655,5783573.775],[32576620.3576,5783567.3663],[32576639.5988,5783556.3872],[32576669.941,5783534.6326],[32576677.8316,5783528.9752],[32576731.3101,5783571.9923],[32576751.5519,5783586.0029],[32576770.9853,5783597.7007],[32576797.2834,5783613.5307],[32576816.7754,5783621.0462],[32576826.2714,5783622.5547],[32576835.2676,5783620.5636],[32576843.0142,5783612.5767],[32576847.2621,5783600.5956],[32576846.5122,5783587.6147],[32576841.5142,5783573.6316],[32576832.0178,5783558.6445],[32576807.0007,5783528.5519],[32576805.1812,5783526.3632],[32576768.0433,5783481.6909],[32576762.5454,5783468.2106],[32576760.5459,5783452.242],[32576761.0455,5783435.7732],[32576763.794,5783419.7943],[32576776.288,5783394.2796],[32576819.2196,5783328.54],[32576828.8386,5783314.0632],[32576859.0008,5783268.6681],[32576948.215,5783149.7115],[32576983.4514,5783108.7257],[32576997.1961,5783094.7307],[32577016.9384,5783079.2366],[32577047.6763,5783059.2448],[32577080.9132,5783040.2532],[32577108.6519,5783027.2596],[32577079.9135,5783072.7437],[32577071.167,5783091.2377],[32577044.6772,5783167.2143],[32577026.2877,5783210.8213],[32577020.4365,5783224.6963],[32577103.1541,5783161.7208],[32577129.6438,5783144.228],[32577150.3854,5783135.2325],[32577178.1243,5783126.2377],[32577209.8615,5783118.2432],[32577369.1093,5783089.0717],[32577377.8005,5783087.3651],[32577449.6266,5783073.2618],[32577520.7309,5783059.3002],[32577626.6849,5783025.824],[32577648.6753,5783016.3292],[32577691.157,5782993.34],[32577713.1474,5782977.8453],[32577731.1395,5782960.3512],[32577671.6641,5782957.8476],[32577616.1877,5782965.3408],[32577585.7006,5782967.8369],[32577558.712,5782965.8344],[32577544.218,5782958.8349],[32577537.2206,5782946.8378],[32577522.9768,5782951.8346],[32577504.2349,5782955.831],[32577451.2578,5782962.322],[32577418.022,5782963.8172],[32577354.2991,5782959.3101],[32577372.2105,5782953.5388],[32577414.7727,5782939.8246],[32577459.0032,5782922.3361],[32577507.4815,5782892.8514],[32577526.7229,5782875.3587],[32577542.7155,5782850.3675],[32577560.4572,5782811.3787],[32577585.1936,5782706.9093],[32577594.641,5782653.234],[32577599.434,5782595.9422],[32577598.9332,5782566.9509],[32577593.4343,5782529.462],[32577582.4374,5782481.4762],[32577568.9416,5782431.9913],[32577509.2112,5782239.0548],[32577476.2229,5782151.0864],[32577453.7355,5782098.6255],[32577443.0028,5782073.5872],[32577431.2395,5782038.1296],[32577423.4922,5782004.644],[32577417.2445,5781967.1611],[32577413.4959,5781919.6843],[32577413.4959,5781863.7136],[32577416.4953,5781809.7436],[32577421.4939,5781768.7676],[32577430.2411,5781735.2886],[32577442.987,5781698.8121],[32577457.4821,5781665.3343],[32577471.2275,5781638.8519],[32577500.513,5781587.9389],[32577549.6984,5781502.43],[32577568.1905,5781474.9407],[32577684.921,5781340.471],[32577720.4824,5781294.9303],[32577725.9036,5781287.9877],[32577773.9037,5781222.441],[32577855.8476,5781110.5425],[32577897.5794,5781049.561],[32577910.8236,5781023.5691],[32577940.5603,5780941.5948],[32577952.2918,5780929.9412],[32577977.2941,5780905.105],[32577991.2879,5780888.6098],[32578075.0004,5780781.6404],[32578103.7376,5780751.1488],[32578209.44,5780654.674],[32578223.1838,5780640.6778],[32578249.1719,5780606.1874],[32578276.4097,5780595.1894],[32578300.6488,5780581.1924],[32578324.1382,5780561.1975],[32578393.3329,5780479.1842],[32578437.5857,5780426.7334],[32578463.1016,5780399.0737],[32578527.0442,5780329.7588],[32578561.9227,5780288.9694],[32578592.0137,5780253.7788],[32578631.4953,5780212.7894],[32578646.7382,5780202.2917],[32578661.9812,5780195.7929],[32578680.2046,5780192.1005],[32578701.4634,5780187.7931],[32578719.2052,5780181.794],[32578736.4473,5780169.7967],[32578748.4415,5780149.8023],[32578753.1889,5780126.8093],[32578758.1854,5780067.3276],[32578767.9307,5780048.3329],[32578784.1729,5780027.8385],[32578805.0727,5780005.984],[32578806.1625,5780004.8445],[32578822.6549,5779993.3471],[32578847.1436,5779981.8493],[32578886.1257,5779970.3509],[32578975.8349,5779954.8512],[32579018.3157,5779950.3506],[32579032.0592,5779937.3541],[32579041.5545,5779922.8581],[32579045.8022,5779905.3633],[32579048.5501,5779866.3754],[32579055.0468,5779850.3801],[32579067.7908,5779840.3826],[32579085.032,5779795.3959],[32579095.0266,5779761.9059],[32579104.0222,5779745.4107],[32579123.0129,5779718.9181],[32579155.4977,5779696.4239],[32579192.4806,5779675.9289],[32579233.4613,5779649.4358],[32579255.9509,5779632.4404],[32579269.4444,5779619.9439],[32579281.2741,5779605.2789],[32579287.1859,5779597.9502],[32579312.9234,5779558.4619],[32579326.1667,5779532.9696],[32579334.4125,5779510.9763],[32579336.6469,5779500.7944],[32579385.2961,5779421.7369],[32579529.5749,5779506.4745],[32579561.3114,5779528.9673],[32579580.3665,5779546.607],[32579591.5486,5779556.9585],[32579617.288,5779585.4497],[32579635.2807,5779609.9422],[32579647.7758,5779632.4352],[32579657.2723,5779656.4279],[32579662.5206,5779679.4209],[32579661.7715,5779700.4143],[32579654.0254,5779716.4094],[32579642.0309,5779726.4062],[32579626.538,5779733.404],[32579624.0395,5779747.8995],[32579626.039,5779761.8952],[32579632.5365,5779776.3908],[32579643.0323,5779790.8865],[32579658.5259,5779806.3818],[32579697.0096,5779835.8733],[32579729.7455,5779843.8713],[32579755.2343,5779841.8723],[32579780.9729,5779843.8723],[32579828.2027,5779856.8695],[32579979.1367,5779843.3801],[32580023.3673,5779837.8844],[32580142.8284,5779812.9237],[32580203.8024,5779795.9293],[32580252.782,5779784.4335],[32580274.5231,5779780.935],[32580310.5085,5779779.4361],[32580460.6996,5779782.9395],[32580481.9415,5779784.4399],[32580501.934,5779788.4394],[32580521.6767,5779795.938],[32580542.4191,5779807.4353],[32580559.913,5779823.9308],[32580570.6594,5779843.9249],[32580575.1582,5779865.9183],[32580574.159,5779886.4117],[32580569.911,5779905.9052],[32580563.4138,5779924.3991],[32580554.6674,5779939.8937],[32580543.4218,5779952.889],[32580509.685,5779977.3797],[32580494.1912,5779996.373],[32580486.1948,5780023.3641],[32580486.9453,5780054.8542],[32580494.6929,5780083.8455],[32580509.4379,5780107.8388],[32580531.18,5780124.8345],[32580555.4212,5780135.8323],[32580578.4128,5780142.3316],[32580602.6538,5780143.8325],[32580630.3935,5780137.836],[32580656.3838,5780126.3411],[32580694.3694,5780098.3522],[32580715.3617,5780087.357],[32580739.353,5780079.3612],[32580762.0949,5780074.3643],[32580782.0878,5780072.3664],[32580798.0822,5780073.8671],[32580811.8276,5780080.3661],[32580835.0964,5780099.441],[32580872.8074,5780130.3552],[32580884.0538,5780137.8538],[32580895.5499,5780142.8532],[32580910.2949,5780144.3539],[32580932.746,5780142.0648],[32580959.2783,5780139.3596],[32580983.0205,5780142.3606],[32581007.5124,5780148.361],[32581026.0064,5780154.8606],[32581041.5015,5780164.359],[32581055.747,5780177.8562],[32581067.8452,5780192.1159],[32581069.7427,5780194.3524],[32581080.7394,5780212.3477],[32581088.987,5780231.3426],[32581093.2359,5780250.3372],[32581092.9218,5780279.4853],[32581092.4872,5780319.8157],[32581093.9008,5780326.4876],[32581098.7356,5780349.3072],[32581108.4171,5780372.5435],[32581111.2319,5780379.2991],[32581126.4773,5780404.7927],[32581143.722,5780425.7879],[32581150.662,5780431.7647],[32581161.7164,5780441.2848],[32581180.2104,5780452.783],[32581199.4544,5780462.2819],[32581219.9478,5780469.2818],[32581242.1908,5780474.2823],[32581282.428,5780478.285],[32581300.9221,5780476.2875],[32581320.4158,5780468.7917],[32581355.6546,5780440.8039],[32581375.3983,5780428.8096],[32581401.8901,5780424.3137],[32581431.8809,5780431.3147],[32581458.1229,5780446.8126],[32581479.3665,5780466.8085],[32581494.6119,5780487.3037],[32581523.4258,5780543.9442],[32581552.8448,5780601.7742],[32581569.5896,5780625.2686],[32581594.0822,5780647.2643],[32581605.5355,5780653.0776],[32581715.7307,5780828.0881],[32581761.2808,5780856.216],[32581778.809,5780869.7621],[32581783.2741,5780873.2129],[32581856.751,5780941.1987],[32581912.8386,5780996.1314],[32581965.4664,5781047.6755],[32582075.1807,5781144.1547],[32582106.4205,5781165.6505],[32582146.4075,5781187.6469],[32582228.1309,5781229.1404],[32582282.863,5781253.6369],[32582322.5205,5781259.1239],[32582418.8748,5781272.4556],[32582478.0506,5781280.6432],[32582521.0365,5781291.1429],[32582525.5767,5781292.524],[32582563.7664,5781304.1415],[32582588.339,5781313.2717],[32582600.079,5781317.6338],[32582606.4833,5781320.4125],[32582637.0047,5781333.655],[32582794.2313,5781403.6767],[32582859.7083,5781435.1633],[32582973.1509,5781472.3091],[32583009.6519,5781486.328],[32583157.6386,5781552.812],[32583200.386,5781575.7556],[32583231.8678,5781595.2474],[32583262.7876,5781617.7381],[32583271.0453,5781624.7345],[32583306.049,5781654.3914],[32583320.1948,5781671.9445],[32583358.5537,5781719.5432],[32583383.2874,5781747.0319],[32583406.2762,5781769.0201],[32583429.7695,5781786.2308],[32583453.014,5781798.7573],[32583470.2711,5781805.8315],[32583474.753,5781807.6689],[32583523.1616,5781820.4479],[32583561.2479,5781830.5021],[32583583.7478,5781837.7565],[32583637.7139,5781861.0992],[32583667.4801,5781876.2529],[32583687.442,5781889.7607],[32583701.6845,5781904.2568],[32583741.3742,5781951.9224],[32583766.618,5781987.3707],[32583786.8871,5782012.4881],[32583810.9023,5782035.1103],[32583836.8822,5782054.6114],[32583865.6282,5782072.6086],[32583899.8702,5782088.6134],[32583967.4426,5782107.9764],[32584144.2996,5782158.655],[32584155.4275,5782162.1604],[32584258.4516,5782194.6141],[32584320.9241,5782218.1064],[32584343.9137,5782232.5936],[32584387.3886,5782265.0452],[32584401.3796,5782277.5239],[32584420.5319,5782298.7117],[32584424.6701,5782303.2896],[32584445.5999,5782326.444],[32584463.0893,5782343.4168],[32584485.0772,5782359.3908],[32584515.3127,5782376.8644],[32584551.0264,5782393.3385],[32584593.2835,5782412.8308],[32584757.4902,5782474.349],[32584808.472,5782497.3474],[32584824.2163,5782508.343],[32584834.9625,5782521.3376],[32584871.553,5782573.2399],[32585059.8776,5782616.1615],[32585288.2991,5782719.965],[32585329.0535,5782740.6046],[32585371.3036,5782767.3572],[32585386.8674,5782779.2708],[32585397.1777,5782789.7128],[32585408.8586,5782806.0724],[32585443.3394,5782863.0371],[32585457.0214,5782876.746],[32585473.335,5782887.179],[32585478.6988,5782953.1962],[32585562.0,5783027.0292],[32585650.8705,5783062.9276],[32585805.8349,5783067.362],[32585832.1966,5783090.8341],[32585866.2266,5783112.0506],[32585907.2008,5783132.3019],[32585949.737,5783146.3025],[32586112.1616,5783241.3285],[32586204.2559,5783311.1358],[32586303.398,5783359.8369],[32586357.299,5783371.0562],[32586377.5495,5783377.9615],[32586387.9731,5783381.5158],[32586404.0853,5783387.01],[32586418.8306,5783395.1273],[32586424.4578,5783401.1305],[32586480.7154,5783422.7376],[32586557.2854,5783477.213],[32586640.7678,5783546.743],[32586692.7112,5783599.2476],[32586797.2047,5783577.4294],[32586869.6874,5783666.5904],[32586959.6097,5783685.2684],[32587044.2766,5783685.2684],[32587087.701,5783634.508],[32587162.3967,5783609.4045],[32587239.4897,5783615.4959],[32587203.0675,5783719.7434],[32587204.6206,5783719.3372],[32587237.9965,5783745.1269],[32587404.8254,5783772.3345],[32587442.2818,5783739.372],[32587455.77,5783693.082],[32587499.1529,5783709.8071],[32587557.1062,5783742.4014],[32587612.4085,5783762.1369],[32587648.5251,5783771.5361],[32587693.2388,5783792.9581],[32587707.5258,5783818.6932],[32587713.8901,5783840.8261],[32587726.9818,5783863.7629],[32587736.384,5783880.2358],[32587799.7643,5783892.3548],[32587879.088,5783877.6314],[32587844.1366,5783830.3239],[32587794.2713,5783770.5642],[32587748.3543,5783722.8739],[32587700.9317,5783693.3268],[32587650.2744,5783687.3023],[32587614.6911,5783680.3571],[32587584.1304,5783683.7293],[32587554.5669,5783672.161],[32587546.8546,5783651.5951],[32587537.8571,5783607.8925],[32587517.2911,5783584.7559],[32587499.296,5783569.3315],[32587477.9304,5783527.1147],[32587511.2178,5783446.4535],[32587325.8881,5783368.2064],[32587299.8981,5783442.5949],[32587002.2588,5783303.0966],[32586720.4667,5783147.775],[32586588.6661,5783016.0794],[32586461.6053,5782871.4179],[32586197.1584,5782709.7691],[32585933.821,5782631.1099],[32585648.0705,5782468.3908],[32585515.6971,5782373.2041],[32585504.4498,5782355.6972],[32585485.4545,5782339.0473],[32585473.048,5782330.1193],[32585443.9638,5782309.1897],[32585431.2157,5782296.5546],[32585426.7154,5782286.4773],[32585428.9633,5782277.9441],[32585437.4597,5782271.454],[32585453.2048,5782272.0396],[32585486.4297,5782287.8538],[32585500.1936,5782294.405],[32585521.1878,5782302.5467],[32585539.9315,5782304.1382],[32585559.9239,5782299.2021],[32585578.6659,5782287.7328],[32585583.8526,5782281.6049],[32585593.9085,5782269.7243],[32585606.1509,5782240.154],[32585615.8926,5782201.5198],[32585620.3856,5782163.3451],[32585615.8826,5782135.6693],[32585614.2799,5782133.4886],[32585658.4189,5782149.2279],[32585726.0986,5782167.7371],[32585859.9888,5782204.3537],[32585879.9463,5782207.9467],[32585911.2852,5782207.4905],[32585935.3796,5782201.7371],[32585951.8659,5782191.22],[32585969.1241,5782174.0413],[32586023.7004,5782192.1293],[32586049.9359,5782195.5149],[32586069.1758,5782193.4525],[32586082.4194,5782185.9364],[32586091.9152,5782173.4545],[32586111.4071,5782138.0332],[32586135.8968,5782098.6111],[32586133.5553,5782111.8354],[32586125.3989,5782157.9016],[32586118.9018,5782214.2283],[32586123.9025,5782233.6749],[32586141.4024,5782249.1136],[32586193.6332,5782274.0177],[32586254.103,5782302.8503],[32586275.8441,5782311.8418],[32586307.5809,5782314.834],[32586358.0594,5782313.3265],[32586373.5528,5782311.3259],[32586388.5462,5782305.3275],[32586391.5597,5782302.5456],[32586452.9131,5782347.2003],[32586487.9934,5782358.794],[32586564.94,5782370.283],[32586644.4024,5782416.5347],[32586678.1836,5782486.3825],[32586694.0587,5782540.6222],[32586675.5378,5782639.8411],[32586669.9001,5782729.1233],[32586671.6581,5782758.017],[32586719.1102,5782969.9176],[32586723.6426,5782981.3949],[32586728.1683,5782987.8815],[32586742.4807,5782997.3525],[32586762.144,5783002.7599],[32586790.5979,5783005.1382],[32586824.2497,5783003.8247],[32586838.6865,5783002.0221],[32586852.3924,5782996.6554],[32586865.4634,5782988.0392],[32586881.1688,5782973.8868],[32586897.0758,5782954.7852],[32586908.9654,5782932.0684],[32586969.9624,5782756.303],[32586973.3344,5782741.7843],[32586993.2718,5782770.4172],[32587069.528,5782879.9315],[32587097.5165,5782923.0577],[32587150.9924,5782993.5121],[32587181.9805,5783028.9886],[32587267.6981,5783121.4276],[32587341.1705,5783191.8808],[32587392.1509,5783238.8499],[32587425.388,5783266.8311],[32587479.1166,5783295.309],[32587515.8517,5783312.7031],[32587595.8179,5783345.5956],[32587679.034,5783384.0877],[32587773.2463,5783437.3819],[32587908.4963,5783517.1053],[32587975.6678,5783556.6997],[32588122.3617,5783634.2414],[32588387.5045,5783769.8735],[32588412.9943,5783780.3803],[32588440.2335,5783788.3867],[32588466.723,5783793.8924],[32588491.4632,5783796.3976],[32588514.4541,5783796.4028],[32588536.6952,5783793.9081],[32588587.3896,5783775.6227],[32588610.1457,5783769.5577],[32588632.9019,5783766.5264],[32588657.1752,5783766.5286],[32588686.7583,5783768.0478],[32588727.7194,5783773.3601],[32588765.6468,5783783.9823],[32588786.0625,5783793.7413],[32588744.4082,5783819.6292],[32588682.9673,5783865.891],[32588646.5584,5783906.0875],[32588634.7796,5783923.0578],[32588632.881,5783925.7931],[32588581.6823,5784032.3168],[32588556.3073,5784097.6762],[32588526.9958,5784173.1752],[32588519.2221,5784193.1983],[32588510.47,5784215.7415],[32588489.982,5784252.7208],[32588483.9861,5784267.2125],[32588470.748,5784321.1817],[32588455.5131,5784386.6407],[32588448.2405,5784413.6599],[32588439.7772,5784445.1024],[32588421.2898,5784499.5691],[32588360.5552,5784657.0096],[32588322.8137,5784780.1133],[32588270.3655,5784938.1769],[32588247.8839,5784992.1619],[32588225.6224,5785037.15],[32588179.9779,5785115.2931],[32588149.6086,5785156.7212],[32588110.388,5785193.7155],[32588071.4066,5785223.7887],[32588041.1684,5785242.5229],[32587978.8612,5785268.7755],[32587942.8462,5785283.9502],[32587869.2299,5785321.7521],[32587797.5055,5785363.6497],[32587766.7664,5785387.0435],[32587736.5276,5785413.0058],[32587711.0466,5785438.9928],[32587694.0653,5785460.4835],[32587625.6106,5785568.7863],[32587603.8705,5785589.127],[32587578.8831,5785600.0823],[32587552.145,5785603.0367],[32587525.4065,5785601.9991],[32587500.4171,5785596.9755],[32587480.1754,5785586.9677],[32587465.0381,5785576.3518],[32587305.5507,5785591.3109],[32587290.7575,5785605.7371],[32587244.2785,5785620.373],[32587026.4846,5785573.469],[32586898.8511,5785403.6721],[32586680.7647,5785309.6142],[32586517.532,5785340.6631],[32586027.7971,5785387.3543],[32585704.9279,5785339.9998],[32585681.6861,5785335.038],[32585658.944,5785327.5718],[32585626.719,5785312.8012],[32585603.4629,5785302.1415],[32585562.5838,5785287.9726],[32585551.7301,5785284.2107],[32585537.9086,5785283.6932],[32585496.1523,5785282.1298],[32585441.5171,5785283.3348],[32585409.7788,5785292.3364],[32585282.8369,5785339.0488],[32585246.606,5785347.9068],[32585208.3767,5785354.2499],[32585166.1498,5785359.5747],[32585143.8443,5785338.1067],[32585076.4116,5785334.5586],[32584983.1584,5785331.1063],[32584817.1067,5785339.2086],[32584805.0613,5785341.6058],[32584775.0747,5785357.1273],[32584726.3472,5785389.1578],[32584701.6083,5785400.1619],[32584671.1218,5785410.1552],[32584639.8854,5785418.1349],[32584613.8966,5785422.1101],[32584585.1586,5785422.5787],[32584479.4517,5785419.4146],[32584450.7133,5785419.8567],[32584414.7275,5785422.7767],[32584379.4914,5785428.1957],[32584351.752,5785436.1321],[32584322.2631,5785450.5728],[32584209.5488,5785517.822],[32584173.5654,5785537.3278],[32584079.1127,5785580.4539],[32584044.3791,5785593.951],[32584011.8936,5785600.4501],[32583968.6618,5785604.4503],[32583888.9907,5785606.8141],[32583828.9664,5785608.595],[32583721.7606,5785617.6104],[32583680.5292,5785624.0047],[32583538.8304,5785661.701],[32583457.1045,5785685.9413],[32583409.6494,5785704.7537],[32583342.6011,5785723.0986],[32583312.2134,5785730.7096],[32583207.6972,5785756.887],[32583148.2176,5785776.1817],[32583022.7845,5785830.5764],[32583015.0715,5785834.6522],[32582983.0497,5785851.5735],[32582944.0655,5785867.461],[32582905.3313,5785873.986],[32582870.3449,5785873.8047],[32582838.4139,5785866.2949],[32582757.0593,5785876.4653],[32582680.1077,5785906.3923],[32582583.5029,5785992.8305],[32582583.3485,5786005.6689],[32582582.6916,5786060.2828],[32582579.6885,5786117.2598],[32582575.1813,5786145.2486],[32582566.9451,5786177.2083],[32582556.6959,5786205.9838],[32582546.6874,5786225.2168],[32582532.2017,5786246.2085],[32582487.219,5786293.9222],[32582461.4737,5786314.5177],[32582445.2287,5786327.5131],[32582415.2435,5786338.6041],[32582381.2582,5786344.0592],[32582333.0292,5786345.5031],[32582309.7893,5786348.4732],[32582292.0472,5786357.4422],[32582281.8016,5786371.4136],[32582277.3034,5786385.3916],[32582276.5537,5786400.3725],[32582290.1205,5786424.789],[32582299.0439,5786440.8487],[32582304.0027,5786451.7237],[32582306.7904,5786457.837],[32582311.0386,5786477.3182],[32582308.5395,5786498.2901],[32582299.2937,5786519.2545],[32582285.5496,5786538.7157],[32582267.3075,5786556.1744],[32582245.817,5786570.633],[32582198.0879,5786595.0505],[32582172.5991,5786604.0112],[32582145.6108,5786608.975],[32582115.624,5786609.94],[32582077.809,5786603.8909],[32582000.3749,5786671.6479],[32581953.3498,5786748.6005],[32581929.3571,5786806.1851],[32581930.7052,5786825.9802],[32581928.2063,5786845.4551],[32581923.7085,5786862.4306],[32581915.2122,5786878.9023],[32581890.723,5786903.8464],[32581857.9873,5786927.2831],[32581834.9974,5786937.7453],[32581788.2679,5786948.6802],[32581779.7716,5786950.1689],[32581737.7899,5786949.6219],[32581723.5461,5786951.104],[32581699.8064,5786958.0693],[32581685.8126,5786964.5462],[32581670.5692,5786974.5177],[32581637.5837,5787002.9487],[32581622.0905,5787019.4128],[32581582.1081,5787072.8087],[32581565.8339,5787096.4113],[32581540.1267,5787133.6948],[32581533.9011,5787139.7149],[32581508.1406,5787164.625],[32581488.6492,5787179.0873],[32581465.9091,5787193.0465],[32581414.6814,5787216.9625],[32581344.7117,5787242.8552],[32581267.745,5787275.8096],[32581118.5591,5787341.7847],[32580943.0857,5787417.3715],[32580855.1714,5787455.2414],[32580804.9426,5787480.232],[32580632.5153,5787572.1964],[32580587.7838,5787575.1955],[32580563.7937,5787574.196],[32580535.5553,5787569.698],[32580505.5676,5787558.7025],[32580480.8275,5787542.2092],[32580457.337,5787521.2177],[32580441.8431,5787502.2253],[32580425.3498,5787486.2316],[32580393.8712,5787464.9851],[32580341.5435,5787479.9366],[32580293.8306,5787493.5696],[32580262.7469,5787533.5357],[32580256.4777,5787549.209],[32580253.8658,5787555.7389],[32580228.1623,5787594.2965],[32580233.9288,5787609.1836],[32580235.9283,5787638.1722],[32580232.9297,5787655.1655],[32580215.9371,5787717.6407],[32580213.6882,5787740.6316],[32580213.4386,5787767.6209],[32580215.9379,5787796.6095],[32580221.436,5787824.5984],[32580230.6824,5787848.5887],[32580243.9272,5787869.0807],[32580260.6707,5787887.5733],[32580280.9127,5787905.0661],[32580305.153,5787921.0597],[32580375.8745,5787954.5461],[32580396.3662,5787966.0416],[32580420.8564,5787983.0347],[32580446.3461,5788002.5267],[32580469.3369,5788023.0185],[32580491.578,5788051.5071],[32580526.0989,5788111.6926],[32580587.0401,5788217.9407],[32580611.7803,5788257.9246],[32580671.2563,5788339.8917],[32580712.7396,5788400.8673],[32580792.2074,5788526.3171],[32580820.9459,5788577.2966],[32580843.9366,5788622.7784],[32580871.6755,5788687.2527],[32580877.4233,5788713.2423],[32580879.4227,5788746.2293],[32580878.6734,5788778.7164],[32580872.6763,5788822.699],[32580874.6757,5788839.1926],[32580880.6733,5788852.6872],[32580889.4196,5788864.6823],[32580898.4159,5788871.6795],[32580906.1627,5788873.6786],[32580932.4015,5788868.6805],[32580948.8945,5788868.1803],[32580993.8754,5788871.1788],[32581024.3626,5788881.6744],[32581060.3474,5788902.6658],[32581095.8325,5788928.1555],[32581134.7951,5788961.1549],[32581231.6615,5789043.1961],[32581340.7289,5789135.5709],[32581419.6954,5789210.5403],[32581455.6802,5789248.0251],[32581484.418,5789282.0112],[32581506.6585,5789314.4981],[32581542.6436,5789381.4712],[32581556.6377,5789414.458],[32581563.3851,5789439.9477],[32581565.8842,5789461.939],[32581656.0955,5789546.4045],[32581681.5846,5789573.3934],[32581716.5697,5789622.8733],[32581734.3123,5789653.3611],[32581735.8286,5789656.9507],[32581746.5572,5789682.3494],[32581749.7894,5789692.2257],[32581753.8668,5789704.6843],[32581838.7699,5789961.7376],[32581881.2526,5790073.6928],[32581903.5636,5790121.569],[32581905.2426,5790125.172],[32581935.4799,5790179.1502],[32581941.1784,5790188.8379],[32581975.4632,5790247.1228],[32582016.446,5790312.5963],[32582022.1117,5790320.0939],[32582049.6819,5790356.5783],[32582086.9157,5790386.0662],[32582136.8939,5790415.5538],[32582218.3582,5790456.0365],[32582252.3434,5790474.5286],[32582304.0707,5790505.0157],[32582358.7968,5790540.001],[32582402.2777,5790571.4879],[32582439.5117,5790602.475],[32582515.9785,5790671.4465],[32582539.9684,5790700.4346],[32582572.4549,5790757.4115],[32582587.6988,5790792.8972],[32582600.6938,5790832.8812],[32582624.4349,5790916.3477],[32582645.9265,5790977.3233],[32582656.9222,5790998.3148],[32582672.6656,5791021.3054],[32582680.3729,5791029.4456],[32582563.0418,5791072.6749],[32582459.6292,5791083.0176],[32582460.7618,5791076.7869],[32582455.2637,5791053.2964],[32582444.0182,5791027.3069],[32582431.0236,5791003.8164],[32582415.0302,5790980.8256],[32582369.7993,5790929.3468],[32582344.0601,5790896.8601],[32582300.8282,5790834.8853],[32582286.8339,5790805.3971],[32582263.0932,5790736.4248],[32582249.0989,5790709.4357],[32582216.3627,5790668.4525],[32582196.8712,5790648.4607],[32582173.1314,5790627.9691],[32582146.6428,5790607.9774],[32582082.6706,5790565.995],[32582065.6779,5790557.9984],[32582043.6875,5790550.5017],[32582020.1979,5790545.0043],[32581998.9572,5790542.0058],[32581976.7172,5790546.5043],[32581950.7287,5790549.5035],[32581939.7337,5790555.0014],[32581931.9872,5790563.4982],[32581929.4885,5790574.9936],[32581933.9868,5790592.4866],[32581954.9784,5790643.4662],[32581976.9686,5790641.9665],[32581998.2092,5790644.4652],[32582019.9498,5790651.9619],[32582036.9425,5790664.4567],[32582047.9378,5790677.9513],[32582053.4355,5790690.4462],[32582055.1849,5790700.4423],[32582050.6875,5790727.9314],[32582115.9096,5790785.9075],[32582142.1484,5790813.896],[32582170.8863,5790850.3811],[32582240.6072,5790944.8426],[32582299.083,5791034.3064],[32582323.8226,5791064.2941],[32582350.5611,5791084.2858],[32582378.049,5791094.7812],[32582417.0782,5791106.3682],[32582309.9269,5791117.0846],[32582127.8619,5791148.1715],[32581945.7965,5791165.9368],[32581726.4096,5791137.8134],[32581800.2939,5791198.5763],[32581968.2347,5791336.6919],[32582021.212,5791359.1822],[32582040.9533,5791364.1799],[32582127.2498,5791433.3336],[32582159.7379,5791461.7609],[32582184.104,5791485.5471],[32582215.4492,5791522.1649],[32582202.0077,5791513.1788],[32582184.9747,5791501.7916],[32582142.6245,5791486.1279],[32582108.3963,5791470.4642],[32582102.5949,5791468.7238],[32582090.9922,5791471.0446],[32582086.9314,5791475.6859],[32582086.9317,5791489.6097],[32582088.0921,5791497.732],[32582090.4127,5791501.793],[32582107.817,5791515.1365],[32582127.5419,5791526.1592],[32582143.786,5791542.9836],[32582147.8472,5791551.1058],[32582156.8943,5791562.4579],[32582209.2587,5791686.5357],[32582268.1141,5791825.9937],[32582294.3539,5791880.9716],[32582314.0959,5791903.9622],[32582325.9251,5791931.9517],[32582331.8392,5791945.9453],[32582417.8009,5791915.9558],[32582439.5103,5791890.8673],[32582457.1567,5791870.4741],[32582474.0246,5791850.9806],[32582486.1484,5791867.2541],[32582511.2595,5791900.9602],[32582529.0023,5791919.4526],[32582546.7448,5791932.4471],[32582566.4865,5791942.9426],[32582587.9773,5791949.9395]],[[32572794.2097,5791015.1017],[32572790.7106,5790963.0926],[32572738.4715,5790967.628],[32572686.2532,5790972.1615],[32572681.7548,5790945.4914],[32572679.5056,5790932.1567],[32572558.305,5790953.2372],[32572591.2929,5791083.2451],[32572622.5302,5791082.7255],[32572797.459,5791066.6103],[32572794.2097,5791015.1017]],[[32581127.0914,5790936.3607],[32581142.5848,5790940.359],[32581152.5806,5790938.8595],[32581159.8274,5790927.3639],[32581164.3252,5790915.8684],[32581165.8244,5790903.3733],[32581162.3259,5790893.3773],[32581153.8294,5790886.3802],[32581099.852,5790861.8904],[32581098.6475,5790860.7954],[32581091.6054,5790854.3934],[32581086.6074,5790843.8977],[32581083.654,5790827.9498],[32581082.0172,5790819.1113],[32581076.611,5790789.9191],[32580961.5351,5790642.346],[32580936.9372,5790610.8017],[32580898.6855,5790561.7478],[32580897.0576,5790559.6602],[32580775.7334,5790404.0743],[32580755.9912,5790373.5866],[32580740.2476,5790342.0991],[32580723.62,5790300.3608],[32580715.7571,5790280.6236],[32580608.3011,5790209.1525],[32580611.0504,5790247.1376],[32580613.7997,5790285.1226],[32580643.0147,5790300.1046],[32580672.2756,5790315.1102],[32580675.1914,5790351.0953],[32580681.0232,5790423.0675],[32580665.0079,5790428.9742],[32580645.788,5790436.0627],[32580393.3891,5790137.6822],[32580351.4895,5790129.519],[32580267.6902,5790113.1925],[32580272.6884,5790134.684],[32580277.6866,5790156.1754],[32580237.6697,5790140.3048],[32580192.1091,5790122.2355],[32580189.4721,5790121.1897],[32580157.4855,5790158.675],[32580116.7518,5790149.1789],[32580076.0182,5790139.6828],[32580070.9307,5790074.2077],[32580067.5408,5790030.5802],[32580066.2706,5790014.2324],[32580064.2714,5789999.7382],[32580060.0229,5789985.7436],[32580053.0256,5789973.2486],[32580035.6781,5789955.3165],[32580008.543,5789927.267],[32579993.2989,5789908.2745],[32579978.3045,5789882.7846],[32579944.8172,5789814.8115],[32579866.5977,5789752.8361],[32579846.3549,5789680.3649],[32579831.4095,5789634.7597],[32579822.1137,5789606.3941],[32579789.6254,5789521.4277],[32579709.1543,5789335.5012],[32579646.1774,5789199.555],[32579623.6858,5789161.0702],[32579570.4404,5789081.9503],[32579570.2057,5789081.6016],[32579456.7794,5789104.0404],[32579401.4985,5789114.9765],[32579363.0372,5789122.5852],[32579347.7932,5789119.0866],[32579301.3113,5789101.5934],[32579274.8221,5789148.075],[32579257.3293,5789174.5645],[32579234.8384,5789203.0532],[32579213.2441,5789227.396],[32579207.3495,5789234.0409],[32579177.3616,5789264.029],[32579148.1233,5789289.0191],[32579122.8834,5789306.0123],[32579103.891,5789315.5086],[32579087.6474,5789321.0064],[32579111.8881,5789335.5007],[32579122.8838,5789348.9954],[32579134.1295,5789359.4912],[32579147.1245,5789366.9883],[32579158.3701,5789369.4873],[32579172.5274,5789367.6671],[32579193.3564,5789364.9892],[32579215.5976,5789368.4878],[32579243.5867,5789377.4843],[32579271.0759,5789388.4799],[32579291.3182,5789400.4752],[32579302.0641,5789411.4709],[32579304.8131,5789422.9664],[32579301.0648,5789436.4611],[32579292.5682,5789450.9553],[32579280.3232,5789462.4507],[32579266.0789,5789468.9481],[32579250.0851,5789472.4467],[32579223.5955,5789480.6548],[32579196.8562,5789488.9402],[32579178.1137,5789495.9374],[32579159.1212,5789505.9333],[32579141.8782,5789519.9278],[32579116.1385,5789549.916],[32579118.1379,5789574.9061],[32579124.6357,5789596.3976],[32579138.1306,5789617.3893],[32579189.361,5789673.867],[32579230.3454,5789714.3511],[32579363.7942,5789820.3094],[32579516.6249,5789946.3087],[32579555.9709,5789978.747],[32579584.2274,5789951.836],[32579599.053,5789937.7164],[32579603.2021,5789933.7648],[32579607.2669,5789936.5741],[32579637.5624,5789957.5121],[32579728.5819,5790020.4182],[32579800.6273,5790070.2108],[32579733.0778,5790078.0366],[32579718.6674,5790079.7061],[32579554.7227,5790098.6996],[32579741.3109,5790192.0464],[32579863.1323,5790302.2627],[32579885.6593,5790327.6049],[32579892.9129,5790344.1837],[32579902.5808,5790341.3333],[32579911.8362,5790338.6046],[32579942.8237,5790339.1043],[32579980.8087,5790344.6021],[32580016.2945,5790353.0987],[32580049.5312,5790364.594],[32580081.5185,5790380.0878],[32580100.4042,5790391.0284],[32580104.5556,5790393.4333],[32580117.7542,5790401.0793],[32580158.2381,5790426.5692],[32580195.7232,5790452.5587],[32580222.7125,5790474.55],[32580239.9557,5790495.0418],[32580252.201,5790516.0334],[32580257.6989,5790537.0251],[32580255.6919,5790549.0682],[32580254.7004,5790555.018],[32580263.5814,5790556.8682],[32580404.8937,5790670.8265],[32580523.519,5790749.9076],[32580552.0805,5790755.9369],[32580575.0711,5790763.4338],[32580623.8786,5790783.9169],[32580651.2898,5790795.4206],[32580699.5199,5790811.414],[32580723.0102,5790817.4114],[32580749.2493,5790821.9094],[32580817.7207,5790830.9053],[32580904.6845,5790858.3937],[32580957.5097,5790869.1542],[32581012.6392,5790880.384],[32581059.1198,5790907.3728],[32581084.3593,5790918.868],[32581087.392,5790920.1094],[32581127.0914,5790936.3607]],[[32581345.2441,5790635.9771],[32581350.4286,5790685.6904],[32581354.9912,5790729.44],[32581361.2389,5790752.9307],[32581370.4851,5790771.9231],[32581381.9803,5790780.9193],[32581393.9751,5790778.92],[32581404.7203,5790767.9242],[32581412.2168,5790748.9316],[32581414.9653,5790723.9415],[32581412.2154,5790644.9728],[32581407.2165,5790570.5022],[32581402.968,5790543.0132],[32581395.7208,5790511.5257],[32581395.1699,5790509.728],[32581386.2245,5790480.5381],[32581375.2289,5790453.5489],[32581361.2345,5790430.5581],[32581304.7581,5790359.087],[32581289.5378,5790334.018],[32581287.7651,5790331.0982],[32581273.5208,5790298.6113],[32581254.0285,5790241.1341],[32581245.2818,5790202.6496],[32581225.1366,5790094.3726],[32581213.2935,5790030.7179],[32581195.8002,5789964.2444],[32581185.5544,5789936.2555],[32581160.0646,5789886.7754],[32581149.5691,5789873.7805],[32581132.8261,5789861.7855],[32581112.5847,5789852.2894],[32581091.5935,5789846.2921],[32581011.6275,5789832.7981],[32580975.4633,5789825.1832],[32580945.4211,5789818.8573],[32580910.3441,5789779.2367],[32580878.8238,5789746.6994],[32580832.0518,5789710.095],[32580791.2191,5789683.3591],[32580775.112,5789663.3227],[32580763.9273,5789638.9196],[32580757.8263,5789609.4325],[32580755.6813,5789585.4491],[32580752.2335,5789546.8994],[32580749.1831,5789539.2734],[32580743.0824,5789535.2062],[32580734.9481,5789532.6643],[32580723.7635,5789532.6644],[32580708.4139,5789535.2662],[32580693.7688,5789537.7486],[32580679.0255,5789535.7151],[32580633.2701,5789498.6022],[32580584.9728,5789465.0482],[32580563.6203,5789447.2544],[32580542.2676,5789422.8513],[32580533.1165,5789417.7674],[32580523.9656,5789422.3431],[32580520.9153,5789429.4607],[32580511.7649,5789488.9435],[32580505.6643,5789505.7207],[32580498.0386,5789513.8551],[32580490.9212,5789518.9391],[32580481.2618,5789521.4812],[32580455.22,5789522.1712],[32580404.4947,5789523.5152],[32580398.3941,5789526.5656],[32580363.3153,5789554.0194],[32580345.0132,5789566.2211],[32580314.5101,5789601.8092],[32580310.342,5789609.9822],[32580310.3405,5789609.9851],[32580288.5825,5789652.6494],[32580270.2808,5789693.3214],[32580259.0964,5789722.8086],[32580252.9958,5789747.2118],[32580249.9458,5789768.5646],[32580250.4543,5789783.8166],[32580254.5216,5789797.5433],[32580262.6561,5789813.3037],[32580279.4333,5789830.5893],[32580302.3111,5789845.8411],[32580330.7813,5789859.0594],[32580336.7626,5789861.5125],[32580336.9444,5789861.5871],[32580441.1028,5789904.3064],[32580469.9423,5789910.9616],[32580493.9756,5789916.5077],[32580531.5966,5789928.7089],[32580588.0281,5789951.5866],[32580651.0687,5789984.6321],[32580703.9414,5790006.4929],[32580734.4448,5790022.7615],[32580780.2,5790051.2315],[32580830.8483,5790078.5206],[32580831.053,5790078.6309],[32580898.1464,5790114.7805],[32580874.4391,5790159.1703],[32580850.6784,5790208.3609],[32580843.5933,5790224.494],[32580824.2115,5790268.6275],[32580811.4673,5790310.611],[32580808.9687,5790334.6015],[32580814.4665,5790359.0918],[32580827.9613,5790387.0806],[32580864.1967,5790453.5541],[32580917.6752,5790536.5208],[32580922.4217,5790542.6913],[32580937.6671,5790562.5103],[32580957.6588,5790580.503],[32580976.9008,5790588.4997],[32580994.3934,5790589.9989],[32581009.1371,5790586.9999],[32581014.3823,5790584.4354],[32581035.8677,5790573.9309],[32581081.679,5790595.7248],[32581095.4054,5790597.2498],[32581102.0144,5790595.2162],[32581105.0647,5790590.6406],[32581107.0981,5790579.9641],[32581114.7226,5790480.8261],[32581115.3404,5790452.5521],[32581124.3355,5790368.0854],[32581129.3331,5790353.5911],[32581138.3292,5790341.5957],[32581152.573,5790336.0978],[32581169.5658,5790337.0971],[32581185.8089,5790344.0943],[32581202.5518,5790356.0893],[32581239.5365,5790395.0735],[32581281.0193,5790446.5527],[32581297.1029,5790470.7949],[32581298.2622,5790472.5423],[32581311.7568,5790499.5314],[32581322.7525,5790527.5202],[32581335.4975,5790570.5031],[32581345.2441,5790635.9771]],[[32570704.2027,5789034.1861],[32570590.0407,5788977.1071],[32570537.0755,5788940.9056],[32570495.3839,5788917.6531],[32570469.5017,5788906.6081],[32570446.0675,5788899.3339],[32570412.3907,5788892.9677],[32570377.5124,5788889.2503],[32570339.1063,5788887.8963],[32570336.7961,5788887.8149],[32570295.8814,5788888.9826],[32570255.5126,5788892.3392],[32570211.6635,5788898.2854],[32570197.2461,5788903.0149],[32570183.2316,5788910.6913],[32570170.3849,5788920.4887],[32570156.3945,5788935.4236],[32570149.2253,5788947.2997],[32570146.2352,5788956.8815],[32570144.4194,5788973.13],[32570145.8071,5788989.536],[32570152.643,5789007.6593],[32570168.7977,5789026.5809],[32570190.605,5789042.2117],[32570209.7411,5789049.7776],[32570238.6137,5789053.4931],[32570429.5672,5789050.1611],[32570449.1998,5789052.6454],[32570467.3922,5789062.152],[32570527.1452,5789117.4802],[32570547.1728,5789140.1611],[32570561.1162,5789160.1915],[32570568.9385,5789177.5244],[32570569.9225,5789192.7085],[32570570.5788,5789202.8363],[32570644.782,5789349.0208],[32570628.91,5789342.9129],[32570593.8576,5789425.1399],[32570574.9703,5789469.4464],[32570690.6308,5789495.8658],[32570728.5924,5789502.351],[32570806.3292,5789510.3429],[32570839.0638,5789509.7782],[32570869.0513,5789512.7663],[32570897.7903,5789521.3044],[32570927.7762,5789538.3104],[32571003.0538,5789587.792],[32571041.0747,5789608.2783],[32571079.067,5789622.7607],[32571153.4764,5789644.7223],[32571215.1195,5789661.6947],[32571242.5873,5789666.6875],[32571291.5283,5789671.1906],[32571320.6064,5789676.1836],[32571355.0927,5789685.1763],[32571512.5308,5789738.1664],[32571588.7508,5789765.6622],[32571628.8521,5789775.6192],[32571669.2203,5789785.6425],[32571729.7031,5789804.1297],[32571838.9678,5789864.905],[32571856.421,5789874.6129],[32571975.755,5789946.0664],[32571990.8576,5789955.1094],[32572084.8408,5789972.1159],[32572131.7689,5789980.6076],[32572175.4904,5789987.1055],[32572258.6904,5789995.5984],[32572412.8719,5790007.0077],[32572363.1426,5789972.5876],[32572330.1586,5789946.597],[32572282.9393,5789915.1053],[32572253.2107,5789897.6083],[32572221.2333,5789883.6103],[32572222.4882,5789855.6116],[32572222.4497,5789855.0153],[32572220.7444,5789828.6126],[32572214.503,5789801.1133],[32572206.6998,5789783.1662],[32572202.7639,5789774.1139],[32572188.0251,5789748.1143],[32572163.7902,5789711.6148],[32572126.3068,5789660.1165],[32572032.8319,5789584.1271],[32572014.061,5789570.4768],[32571883.3243,5789536.3736],[32571727.9024,5789523.054],[32571517.1476,5789502.4957],[32571455.05,5789535.1873],[32571390.9877,5789578.194],[32571356.041,5789553.1892],[32571339.5629,5789544.1946],[32571285.404,5789529.2178],[32571222.7417,5789516.7485],[32571190.7663,5789508.2641],[32571100.4949,5789475.7961],[32570991.5009,5789419.7964],[32570927.0288,5789384.8576],[32570886.4323,5789359.3608],[32570882.5467,5789355.4846],[32570863.0626,5789336.0474],[32570835.0799,5789302.347],[32570806.1217,5789260.9337],[32570778.6101,5789214.9272],[32570752.571,5789158.8727],[32570704.2027,5789034.1861]],[[32573220.5633,5788900.1122],[32573271.0541,5788925.7433],[32573321.0017,5788951.0986],[32573361.7425,5788838.6066],[32573366.8266,5788821.2703],[32573376.9915,5788786.6093],[32573374.2437,5788781.6097],[32573369.2472,5788777.6102],[32573360.5026,5788774.6109],[32573322.7745,5788770.6127],[32573312.0311,5788767.113],[32573299.2894,5788758.1137],[32573262.5622,5788727.1147],[32573257.5613,5788747.1208],[32573252.5636,5788767.1144],[32573249.314,5788780.1143],[32573239.746,5788820.0487],[32573220.5633,5788900.1122]],[[32569626.955,5788870.4212],[32569653.9487,5788859.9274],[32569675.4568,5788846.4292],[32569689.4407,5788829.4299],[32569699.7589,5788806.6261],[32569749.0587,5788803.5021],[32569798.5557,5788797.5154],[32569808.4528,5788794.139],[32569822.3833,5788786.2955],[32569836.3925,5788772.1533],[32569845.9801,5788754.3721],[32569853.3878,5788733.8597],[32569856.1901,5788718.3141],[32569855.6003,5788703.9009],[32569851.0973,5788691.156],[32569840.7638,5788674.8909],[32569827.02,5788659.4112],[32569810.3998,5788643.9196],[32569788.0079,5788624.9544],[32569771.1356,5788613.7054],[32569485.6368,5788467.3079],[32569457.9115,5788456.692],[32569443.5598,5788453.3783],[32569398.3949,5788450.7735],[32569363.1331,5788448.7399],[32569349.0795,5788444.2933],[32569331.4763,5788434.2789],[32569315.541,5788421.636],[32569248.2454,5788360.9285],[32569223.7572,5788335.7736],[32569201.6041,5788309.1362],[32569188.9336,5788287.9448],[32569176.2258,5788246.3083],[32569169.2444,5788223.4339],[32569163.1861,5788210.056],[32569155.0895,5788198.4395],[32569144.7235,5788188.8166],[32568975.3758,5788054.3093],[32568959.0936,5788054.0709],[32568943.8503,5788048.0678],[32568932.3557,5788036.066],[32568923.61,5788021.0645],[32568896.3742,5787952.5569],[32568886.1278,5787974.0547],[32568881.3789,5787997.5539],[32568881.6197,5788000.1826],[32568884.1266,5788027.5544],[32568899.118,5788083.055],[32568901.1162,5788109.053],[32568895.1176,5788138.0487],[32568756.1787,5788081.025],[32568706.7004,5788063.0161],[32568651.8524,5788047.0183],[32568413.6866,5787985.5318],[32568375.047,5787977.3342],[32568357.136,5787973.5343],[32568257.2152,5787958.0537],[32568276.0951,5787966.118],[32568370.695,5788006.5252],[32568420.6017,5788036.5329],[32568484.5947,5788078.5749],[32568551.8906,5788128.684],[32568621.4819,5788180.5023],[32568655.9665,5788204.0051],[32568680.9555,5788215.5075],[32568705.6947,5788223.5102],[32568731.9333,5788229.5132],[32568759.1719,5788228.017],[32568782.6621,5788224.5207],[32568803.6534,5788217.0244],[32568823.6446,5788226.5261],[32568857.6292,5788247.0282],[32568871.8727,5788259.0285],[32568886.116,5788274.5281],[32568899.3596,5788292.5276],[32568924.0969,5788341.0262],[32568942.1207,5788372.0287],[32568976.7303,5788424.5445],[32569019.211,5788464.9444],[32569041.924,5788481.9531],[32569190.5321,5788573.4278],[32569266.7615,5788624.926],[32569309.4903,5788656.9174],[32569340.4702,5788683.4072],[32569375.2015,5788719.0518],[32569416.9373,5788761.8851],[32569459.1899,5788799.883],[32569482.4456,5788817.8844],[32569526.708,5788846.3887],[32569593.9616,5788879.9001],[32569626.955,5788870.4212]],[[32576703.8431,5788166.9563],[32576686.1004,5788180.9506],[32576656.3625,5788201.9423],[32576617.8784,5788225.9326],[32576573.8963,5788248.9234],[32576479.185,5788293.9052],[32576437.952,5788316.3962],[32576408.714,5788335.8883],[32576385.2236,5788358.3794],[32576337.9932,5788417.356],[32576321.5,5788441.3464],[32576318.2928,5788446.9683],[32576361.5541,5788447.8529],[32576409.1531,5788448.8262],[32576499.1531,5788446.9902],[32576513.7856,5788447.2903],[32576490.6813,5788418.3561],[32576479.4357,5788400.3632],[32576472.4384,5788384.3695],[32576470.689,5788369.8752],[32576472.938,5788356.8803],[32576479.1854,5788343.3857],[32576489.1812,5788328.8914],[32576503.1755,5788316.3965],[32576520.1685,5788306.9003],[32576552.9051,5788298.4037],[32576567.3993,5788298.4038],[32576583.3929,5788301.9025],[32576616.8794,5788317.8963],[32576660.112,5788350.8833],[32576681.0401,5788370.1031],[32576758.9902,5788281.2533],[32576858.4562,5788141.9526],[32576862.5374,5788133.7656],[32576871.317,5788096.3481],[32576876.1796,5788050.8524],[32576876.6136,5787998.8651],[32576872.2201,5787938.9224],[32576870.3693,5787929.8139],[32576865.0374,5787922.0723],[32576835.9771,5787899.2154],[32576810.7984,5787961.0381],[32576793.6193,5787999.7093],[32576749.0743,5788099.9829],[32576729.0826,5788135.4688],[32576715.8381,5788153.9614],[32576703.8431,5788166.9563]],[[32569001.5811,5787908.5887],[32569014.076,5787905.0928],[32569066.0546,5787882.1103],[32569066.0572,5787812.6068],[32569057.3443,5787708.1119],[32569005.337,5787708.1311],[32568990.0763,5787794.4293],[32568969.0948,5787913.078],[32569001.5811,5787908.5887]],[[32577861.1234,5787794.6076],[32577874.6181,5787808.1024],[32577891.3614,5787818.5982],[32577909.6041,5787826.5951],[32577928.3467,5787832.0929],[32577946.8392,5787834.592],[32577981.0755,5787832.0931],[32577996.0694,5787820.0979],[32578008.5643,5787807.6029],[32578018.5602,5787793.6085],[32578024.3077,5787780.1139],[32578027.0566,5787767.1191],[32578027.0564,5787753.6244],[32578024.0576,5787739.6299],[32578017.5601,5787723.1364],[32578007.0641,5787705.6433],[32577994.0692,5787688.6501],[32577980.0748,5787673.656],[32577963.8312,5787661.1609],[32577944.339,5787651.6646],[32577923.5973,5787645.1671],[32577902.8556,5787641.6684],[32577882.8636,5787642.1682],[32577863.1216,5787647.6659],[32577846.1285,5787656.1625],[32577833.3837,5787666.6583],[32577826.1367,5787679.6531],[32577823.6378,5787694.6472],[32577824.1376,5787710.141],[32577826.8867,5787725.1351],[32577839.8817,5787759.6215],[32577849.8778,5787778.1142],[32577861.1234,5787794.6076]],[[32571768.1122,5787720.2666],[32571768.1097,5787713.9087],[32571735.0,5787597.4237],[32571729.8869,5787590.8335],[32571723.3127,5787587.1629],[32571494.74,5787578.3799],[32571440.6931,5787577.8221],[32571431.9278,5787580.0265],[32571427.5444,5787585.141],[32571427.5431,5787591.7057],[32571443.5764,5787647.7902],[32571456.6823,5787701.2403],[32571461.0646,5787713.6831],[32571464.1772,5787715.8602],[32571751.6004,5787723.0723],[32571760.8053,5787723.151],[32571768.1122,5787720.2666]],[[32571398.7503,5787629.222],[32571385.1845,5787582.2167],[32571380.0749,5787576.3549],[32571370.5842,5787571.2223],[32571290.7591,5787568.408],[32571277.5902,5787570.6205],[32571270.2961,5787580.118],[32571231.0624,5787733.6603],[32571223.9731,5787761.4045],[32571224.4545,5787772.2498],[32571228.1049,5787778.8149],[32571230.4423,5787779.8875],[32571236.7357,5787782.7756],[32571360.44,5787790.9892],[32571365.5149,5787791.3262],[32571397.6039,5787793.16],[32571415.1364,5787790.9921],[32571418.071,5787790.0783],[32571426.8231,5787787.3531],[32571431.9373,5787781.5037],[32571434.1308,5787772.7182],[32571432.6702,5787759.5353],[32571398.7503,5787629.222]],[[32576550.0022,5788163.735],[32576555.7482,5788143.3622],[32576559.9269,5788109.4073],[32576564.1058,5788089.0346],[32576574.0308,5788070.7513],[32576588.6572,5788057.6918],[32576606.9403,5788045.6771],[32576616.343,5788034.1847],[32576618.4324,5788023.7372],[32576616.3429,5788012.7672],[32576611.6415,5788008.0657],[32576599.1044,5788003.8866],[32576587.6122,5788002.3194],[32576579.2542,5788003.3642],[32576571.9409,5788007.5431],[32576542.6881,5788047.244],[32576513.9576,5788074.4077],[32576505.0774,5788094.7806],[32576498.2867,5788126.1234],[32576496.1973,5788142.8395],[32576497.7646,5788157.9886],[32576521.2715,5788163.2125],[32576542.6889,5788165.3021],[32576550.0022,5788163.735]],[[32566710.7019,5789986.008],[32566679.4632,5789946.0168],[32566649.2247,5789910.5248],[32566621.2357,5789881.5315],[32566568.5083,5789834.5429],[32566542.2697,5789812.0483],[32566488.7936,5789771.5585],[32566433.8184,5789736.5675],[32566405.081,5789721.0715],[32566376.8426,5789707.5749],[32566349.3531,5789697.5773],[32566323.6113,5789691.0786],[32566299.6172,5789687.5789],[32566277.8705,5789687.0782],[32566258.6212,5789690.0765],[32566242.12,5789696.0738],[32566228.8671,5789705.5705],[32566221.3632,5789719.0665],[32566221.3581,5789738.0618],[32566227.3529,5789760.5569],[32566237.598,5789785.0518],[32566250.8437,5789810.5468],[32566279.8381,5789859.5371],[32566307.8341,5789902.0282],[32566378.0714,5789997.0073],[32566440.5583,5790077.9887],[32566474.1212,5790114.4753],[32566527.2365,5790172.2177],[32566534.7473,5790180.3828],[32566548.1755,5790194.9807],[32566583.5395,5790233.4254],[32566622.2269,5790275.483],[32566639.8662,5790294.6589],[32566696.2204,5790355.9222],[32566781.3842,5790326.427],[32566824.8693,5790306.9308],[32566839.3686,5790298.4332],[32566849.1195,5790289.9357],[32566857.121,5790280.9383],[32566862.3732,5790270.4412],[32566864.8762,5790257.9445],[32566864.3799,5790242.9484],[32566860.1346,5790225.4526],[32566851.8906,5790204.4579],[32566821.4068,5790148.4712],[32566795.0628,5790107.3661],[32566771.4287,5790070.4892],[32566710.7019,5789986.008]],[[32572793.7022,5790036.2178],[32572834.6844,5790069.7046],[32572860.1739,5790087.6975],[32572927.1467,5790107.1897],[32572957.1347,5790114.1868],[32572983.624,5790119.6846],[32573022.6904,5790124.023],[32573055.3447,5790123.183],[32573077.8356,5790117.6852],[32573102.0756,5790109.1884],[32573108.3014,5790106.3461],[32573125.0662,5790098.6924],[32573144.5581,5790087.6966],[32573190.2892,5790058.208],[32573216.5283,5790038.7155],[32573223.8813,5790031.4554],[32573204.6414,5790023.9629],[32573197.6458,5789958.2452],[32573192.6492,5789911.3067],[32572922.8836,5789840.6231],[32572879.6679,5789835.4545],[32572813.9578,5789827.5957],[32572788.8454,5789810.3091],[32572773.157,5789799.5098],[32572765.3477,5789797.8762],[32572706.6886,5789785.6055],[32572668.118,5789777.5371],[32572609.1531,5789772.4004],[32572607.7029,5789776.3484],[32572602.5065,5789790.4945],[32572615.289,5789807.5051],[32572631.5909,5789833.7085],[32572658.0188,5789876.1881],[32572710.1332,5789949.9744],[32572726.9839,5789973.8324],[32572752.4715,5789999.5322],[32572793.7022,5790036.2178]],[[32572608.1376,5790838.2736],[32572619.2487,5790734.9638],[32572587.7045,5790722.7877],[32572569.4237,5790764.0486],[32572513.5044,5790745.7894],[32572537.5219,5790845.8496],[32572608.1376,5790838.2736]],[[32574446.2747,5791634.0693],[32574444.2656,5791627.0376],[32574438.7407,5791623.0194],[32574431.7091,5791621.5127],[32574409.6099,5791623.0195],[32574380.9813,5791631.5581],[32574350.3439,5791647.1284],[32574331.7607,5791665.7122],[32574317.1956,5791693.8392],[32574306.6486,5791722.4684],[32574304.1374,5791734.5228],[32574303.133,5791741.0522],[32574305.6445,5791762.6497],[32574307.1514,5791767.17],[32574310.6671,5791770.6859],[32574331.762,5791779.2244],[32574352.8567,5791783.2425],[32574367.9245,5791784.2469],[32574376.4628,5791783.2423],[32574381.4854,5791780.731],[32574406.0953,5791733.0157],[32574413.629,5791722.4681],[32574425.683,5791712.4228],[32574432.7145,5791701.8752],[32574438.2392,5791683.7936],[32574446.2748,5791642.6077],[32574446.2747,5791634.0693]],[[32579162.3439,5786579.0937],[32579147.5997,5786583.5919],[32579137.3539,5786591.5886],[32579130.8566,5786603.5839],[32579127.1082,5786621.0769],[32579126.3587,5786640.5692],[32579128.8578,5786659.0618],[32579140.3536,5786698.0463],[32579182.3378,5786805.0037],[32579196.0844,5786824.9986],[32579209.8271,5786844.9879],[32579283.7981,5786882.473],[32579304.54,5786895.4679],[32579361.0092,5786943.6462],[32579394.7549,5786972.4373],[32579414.2473,5786985.4323],[32579457.7303,5787006.9237],[32579532.7009,5787036.412],[32579552.443,5787035.4125],[32579570.436,5787032.4137],[32579587.9289,5787026.416],[32579599.9242,5787018.919],[32579605.6718,5787009.9227],[32579606.1714,5786998.927],[32579602.173,5786984.9325],[32579590.9272,5786965.9402],[32579551.4423,5786919.4586],[32579496.1159,5786886.0001],[32579480.2421,5786876.4004],[32579435.7376,5786849.4863],[32579408.7481,5786831.4934],[32579388.2561,5786814.0004],[32579372.5121,5786793.5085],[32579356.2683,5786768.0187],[32579337.8431,5786736.5568],[32579260.555,5786604.5836],[32579207.5759,5786582.0926],[32579179.3371,5786577.5943],[32579162.3439,5786579.0937]],[[32575599.8135,5786394.8556],[32575613.5457,5786399.7412],[32575663.0366,5786417.3487],[32575709.2656,5786431.345],[32575770.4873,5786442.3408],[32575785.2307,5786440.8407],[32575798.4751,5786434.8419],[32575807.7212,5786423.845],[32575811.4699,5786408.8497],[32575804.9733,5786392.8549],[32575788.9811,5786378.3595],[32575767.7411,5786365.863],[32575659.272,5786320.5365],[32575594.3135,5786293.392],[32575570.0733,5786280.8981],[32575546.8325,5786264.9015],[32575508.3475,5786232.9014],[32575496.1022,5786218.4003],[32575488.1052,5786203.3998],[32575484.1065,5786188.8998],[32575482.8568,5786175.4002],[32575483.6058,5786134.4026],[32575491.3516,5786082.408],[32575509.3423,5785986.9231],[32575523.5853,5785932.4355],[32575578.8094,5785762.9885],[32575555.5658,5785619.0538],[32575538.5471,5785552.4827],[32575527.0751,5785507.6081],[32575526.7606,5785496.0825],[32575526.325,5785480.1194],[32575528.2987,5785470.8123],[32575467.9774,5785476.8452],[32575403.8511,5785511.0473],[32575369.651,5785558.074],[32575339.7261,5785630.7514],[32575318.352,5785711.979],[32575267.9035,5785752.3389],[32575256.9396,5785772.0114],[32575247.6936,5785783.5073],[32575224.7033,5785805.9998],[32575168.7268,5785847.9867],[32575146.2362,5785863.482],[32575121.4491,5785877.9779],[32575089.5034,5785891.9812],[32575015.7839,5785918.4715],[32574970.8036,5785929.953],[32574940.07,5785935.4509],[32574885.5979,5785942.9505],[32574861.4641,5785941.8743],[32574796.3824,5785938.972],[32574744.0863,5785938.5399],[32574537.2208,5785936.8306],[32574441.5221,5785932.6224],[32574396.0519,5785928.4798],[32574340.8704,5785919.4402],[32574329.0944,5785917.5111],[32574304.6101,5785909.6896],[32574202.5492,5785915.0627],[32574040.0948,5785923.6153],[32573940.5064,5785917.8075],[32573951.6977,5786007.3267],[32573975.9691,5786013.3942],[32574010.1708,5786060.4202],[32574070.0233,5786115.9958],[32574146.9759,5786141.6455],[32574241.0288,5786167.2947],[32574339.3564,5786167.2933],[32574437.6842,5786171.5669],[32574536.0123,5786197.2163],[32574625.7906,5786244.2412],[32574715.5688,5786304.0916],[32574809.649,5786385.34],[32574821.8779,5786382.316],[32574908.3431,5786381.3089],[32574944.3262,5786377.3242],[32574976.0657,5786373.8094],[32575037.7906,5786358.3144],[32575068.7515,5786347.8778],[32575104.5132,5786335.823],[32575122.5059,5786333.8252],[32575139.9989,5786334.3273],[32575171.986,5786337.3316],[32575187.7298,5786340.834],[32575224.2153,5786353.8401],[32575247.2061,5786359.8445],[32575274.695,5786362.85],[32575303.4333,5786360.8558],[32575356.9114,5786351.3664],[32575383.9004,5786348.371],[32575412.8886,5786347.8752],[32575474.3636,5786351.8787],[32575502.852,5786357.3763],[32575532.8399,5786366.8693],[32575599.8135,5786394.8556]],[[32576909.7603,5785724.0989],[32576886.77,5785734.1065],[32576863.7796,5785749.105],[32576840.2895,5785768.0977],[32576817.5489,5785792.5815],[32576803.0549,5785823.5453],[32576804.304,5785863.4602],[32576816.0486,5785904.3208],[32576830.5419,5785938.157],[32576851.5324,5785964.4669],[32576882.5188,5785981.8265],[32576920.0025,5785990.823],[32576953.9878,5785992.8223],[32576988.2231,5785990.8232],[32576973.9795,5785977.8283],[32576961.7349,5785963.3341],[32576950.7401,5785944.3416],[32576940.7448,5785915.3533],[32576930.0001,5785877.0817],[32576921.2544,5785837.2723],[32576916.5067,5785805.8907],[32576916.2572,5785767.9968],[32576920.0057,5785744.5453],[32576923.5044,5785735.0604],[32576934.2499,5785717.0821],[32576909.7603,5785724.0989]],[[32577025.4611,5785722.3949],[32577035.4567,5785738.8105],[32577043.453,5785758.7076],[32577072.6891,5785853.8783],[32577080.935,5785890.3636],[32577079.1852,5785923.3505],[32577067.6896,5785950.8393],[32577048.9472,5785976.3291],[32577073.9368,5785962.3348],[32577095.4279,5785941.3433],[32577113.9204,5785916.8532],[32577130.4137,5785891.3634],[32577143.9084,5785865.8736],[32577152.655,5785839.3843],[32577157.1535,5785813.3948],[32577156.904,5785788.9046],[32577151.9065,5785768.4128],[32577141.6611,5785751.9194],[32577124.6686,5785738.5079],[32577100.679,5785725.1596],[32577071.1917,5785715.2954],[32577042.9538,5785709.3943],[32577013.7163,5785706.97],[32577025.4611,5785722.3949]],[[32582324.8071,5785530.3349],[32582327.3641,5785539.832],[32582337.9659,5785579.2094],[32582368.5102,5785577.7022],[32582408.1977,5785561.8271],[32582429.6628,5785523.4551],[32582428.039,5785519.0112],[32582415.271,5785484.0685],[32582404.0247,5785439.2389],[32582396.777,5785400.9355],[32582392.2785,5785366.5382],[32582392.2779,5785333.8217],[32582394.9646,5785311.4759],[32582394.3293,5785258.2283],[32582370.615,5785188.6086],[32582364.3013,5785145.0222],[32582328.7125,5785100.5363],[32582267.3291,5785030.6861],[32582229.229,5785004.2277],[32582194.8075,5784975.8644],[32582149.8696,5784958.698],[32582091.9769,5784931.3993],[32582047.4097,5784910.3841],[32581954.9465,5784870.1035],[32581923.7092,5784860.4219],[32581868.5819,5784851.8886],[32581830.9965,5784846.0707],[32581788.5135,5784832.9417],[32581770.5207,5784824.9135],[32581754.7768,5784814.4061],[32581741.2822,5784800.9137],[32581730.0364,5784783.4388],[32581712.043,5784739.0608],[32581692.5498,5784670.2821],[32581685.0522,5784628.915],[32581683.3022,5784593.6531],[32581685.3008,5784561.853],[32581691.1124,5784491.3515],[32581694.7958,5784446.6673],[32581699.2937,5784418.1177],[32581707.5394,5784393.5966],[32581719.2825,5784374.4609],[32581743.2693,5784348.238],[32581769.9863,5784324.2868],[32581805.9952,5784292.0056],[32581829.2374,5784268.152],[32581845.2331,5784247.8147],[32581852.9832,5784233.1053],[32581853.9847,5784220.7936],[32581850.2371,5784208.4055],[32581840.9907,5784197.4137],[32581826.4953,5784189.8037],[32581809.4999,5784185.618],[32581793.0042,5784184.9151],[32581772.0102,5784186.7159],[32581658.5517,5784199.8677],[32581613.5703,5784200.3734],[32581575.3372,5784196.9839],[32581544.8507,5784190.0891],[32581522.8602,5784181.1501],[32581505.1172,5784164.6689],[32581488.8732,5784140.6623],[32581472.1291,5784109.642],[32581471.3791,5784105.635],[32581466.6293,5784055.5715],[32581468.378,5784032.0711],[32581473.6259,5784009.5982],[32581486.6211,5783974.1915],[32581490.3699,5783957.7345],[32581490.6198,5783939.2683],[32581485.6219,5783922.2857],[32581480.6096,5783918.1936],[32581473.3767,5783912.2885],[32581461.8379,5783915.5727],[32581459.3822,5783916.2717],[32581450.3856,5783932.7326],[32581443.2814,5783963.4676],[32581438.3899,5783984.63],[32581429.8938,5784007.6208],[32581418.3993,5784032.6603],[32581404.9063,5784055.7374],[32581388.9139,5784072.2962],[32581370.9215,5784082.7976],[32581353.4287,5784088.3188],[32581339.9341,5784089.8454],[32581307.4471,5784083.8949],[32581224.8465,5784065.4453],[32581086.627,5784034.5726],[32581044.0533,5784025.0633],[32580934.4965,5783990.8871],[32580865.6885,5783963.9266],[32580811.7578,5783938.8384],[32580757.827,5783910.0231],[32580692.7379,5783862.6023],[32580654.4819,5783828.5886],[32580618.8989,5783796.9515],[32580602.2773,5783784.6836],[32580585.3172,5783772.1659],[32580548.8942,5783750.5712],[32580520.4403,5783738.0722],[32580508.6039,5783731.2077],[32580495.4806,5783719.9858],[32580486.907,5783709.6978],[32580477.6204,5783698.5542],[32580451.1892,5783689.1389],[32580418.5943,5783688.5326],[32580376.8093,5783718.1822],[32580357.1487,5783733.972],[32580352.4783,5783743.368],[32580349.6864,5783748.9848],[32580350.1217,5783756.6066],[32580353.0205,5783762.3931],[32580383.9248,5783780.9221],[32580404.9224,5783793.5114],[32580461.2088,5783833.387],[32580519.6109,5783881.0736],[32580578.3698,5783929.0516],[32580642.5288,5783969.948],[32580681.5823,5783989.493],[32580778.3007,5784027.8346],[32580824.1432,5784043.4856],[32581041.3056,5784106.8785],[32581189.996,5784160.5152],[32581266.7152,5784193.6084],[32581320.9435,5784219.7313],[32581341.1854,5784232.2666],[32581360.6777,5784246.7894],[32581383.6687,5784266.8038],[32581408.409,5784292.3024],[32581433.6493,5784323.775],[32581454.3913,5784353.7279],[32581469.1358,5784379.6637],[32581480.1318,5784407.0645],[32581489.8785,5784443.4245],[32581498.1258,5784488.3258],[32581506.124,5784578.0332],[32581508.1243,5784644.1075],[32581506.6253,5784701.9806],[32581504.1273,5784728.855],[32581500.8798,5784751.8127],[32581496.3824,5784768.1873],[32581489.1357,5784780.4879],[32581477.6404,5784789.7272],[32581462.2141,5784798.3872],[32581472.3844,5784820.589],[32581512.4883,5784908.136],[32581514.8784,5784913.3535],[32581566.358,5784921.2925],[32581617.3363,5784934.9951],[32581669.5654,5784953.4487],[32581717.5458,5784973.7179],[32581757.0294,5784994.8023],[32581842.2445,5785046.3423],[32581867.2346,5785058.6464],[32581893.4749,5785066.9876],[32581922.9632,5785072.4433],[32582009.6779,5785073.7601],[32582040.9152,5785076.8669],[32582075.1515,5785086.9962],[32582112.3869,5785107.0708],[32582153.121,5785135.5907],[32582197.3538,5785170.6002],[32582235.3391,5785212.0741],[32582259.8298,5785257.5088],[32582275.3243,5785303.8243],[32582286.5706,5785347.6455],[32582324.8071,5785530.3349]],[[32587053.3821,5784663.7672],[32587076.3083,5784715.3281],[32587095.4311,5784752.2977],[32587099.2986,5784759.7746],[32587126.0374,5784801.7461],[32587158.2739,5784838.7291],[32587224.2462,5784905.6985],[32587250.2355,5784937.6847],[32587268.4788,5784969.1716],[32587281.976,5785003.1576],[32587293.7265,5785041.6421],[32587303.7286,5785082.1269],[32587316.4765,5785152.4209],[32587322.4743,5785217.2444],[32587323.6473,5785221.6735],[32587362.8363,5785191.1922],[32587387.013,5785187.738],[32587400.5695,5785180.9595],[32587400.3199,5785177.7399],[32587399.688,5785169.5895],[32587377.7268,5785053.8735],[32587377.6814,5785053.6344],[32587355.1924,5784960.7688],[32587335.7011,5784908.3888],[32587321.4572,5784880.9443],[32587288.7209,5784829.5325],[32587168.2706,5784647.8198],[32587168.2593,5784647.7909],[32587115.7915,5784514.0408],[32587090.9433,5784444.054],[32587076.0568,5784402.1251],[32587064.8112,5784376.1346],[32587054.8151,5784358.1421],[32587021.1336,5784317.4433],[32586985.3423,5784274.1954],[32586956.2396,5784224.4845],[32586928.8639,5784177.7235],[32586908.1219,5784148.7337],[32586899.1142,5784140.8937],[32586886.8802,5784130.2457],[32586861.6405,5784116.7572],[32586806.9126,5784095.76],[32586713.9506,5784069.6927],[32586648.2276,5784053.6025],[32586575.4579,5784069.5315],[32586533.026,5784078.8196],[32586503.2885,5784080.7585],[32586473.0511,5784079.7108],[32586405.7338,5784034.1703],[32586329.6778,5783986.4576],[32586230.216,5783930.2539],[32586196.2724,5783905.9429],[32586173.1767,5783886.2484],[32586173.1716,5783886.2435],[32586167.2147,5783880.5496],[32586120.4759,5783835.8748],[32585967.0121,5783700.1569],[32585907.0406,5783648.7254],[32585852.8498,5783605.8536],[32585661.8822,5783454.7739],[32585579.167,5783382.2022],[32585510.5068,5783318.6553],[32585493.2039,5783302.641],[32585482.9583,5783296.1374],[32585470.4636,5783291.1342],[32585457.7188,5783288.1317],[32585448.2228,5783289.1305],[32585443.2251,5783296.1306],[32585443.9751,5783310.1326],[32585451.722,5783330.1376],[32585465.2166,5783352.1462],[32585493.2047,5783389.1677],[32585518.4438,5783414.1882],[32585665.1336,5783542.3013],[32585730.8386,5783606.1858],[32585787.3415,5783661.1231],[32585835.3213,5783699.6697],[32585959.0149,5783805.5263],[32586042.748,5783878.4055],[32586049.474,5783884.2596],[32586099.8138,5783928.3305],[32586138.6917,5783957.6831],[32586185.5376,5783988.5906],[32586359.9097,5784089.4548],[32586512.2866,5784177.596],[32586637.3372,5784251.0513],[32586766.1836,5784326.7362],[32586826.909,5784363.7936],[32586879.8875,5784400.829],[32586923.12,5784436.837],[32586955.607,5784471.316],[32586966.3294,5784487.9311],[32586982.3463,5784512.7505],[32587008.9042,5784563.7962],[32587009.0856,5784564.1449],[32587053.3821,5784663.7672]],[[32584525.1258,5783596.0731],[32584525.876,5783585.6044],[32584520.6003,5783562.0178],[32584512.3855,5783525.291],[32584505.6395,5783503.8464],[32584471.6565,5783421.9562],[32584476.903,5783338.9515],[32584459.1927,5783241.1435],[32584451.402,5783206.1019],[32584442.4022,5783178.4877],[32584432.6529,5783155.3865],[32584423.9044,5783141.8216],[32584413.9071,5783134.7758],[32584400.9112,5783129.2311],[32584387.4159,5783127.1986],[32584375.9204,5783130.1825],[32584367.4246,5783143.6895],[32584360.179,5783166.2173],[32584355.1833,5783192.7644],[32584352.3065,5783226.5201],[32584351.0985,5783240.695],[32584350.9425,5783269.9542],[32584354.6951,5783309.568],[32584381.1927,5783423.322],[32584449.6634,5783544.2838],[32584467.1538,5783581.1872],[32584471.6509,5783594.6472],[32584473.1497,5783607.6096],[32584474.1473,5783645.9963],[32584487.392,5783628.53],[32584500.636,5783622.529],[32584510.6313,5783622.0151],[32584514.6293,5783623.504],[32584525.1258,5783596.0731]],[[32585090.8724,5783141.3406],[32585101.1165,5783150.2675],[32585131.4288,5783187.987],[32585145.8439,5783205.9246],[32585168.0862,5783229.8165],[32585201.3217,5783250.7201],[32585222.0663,5783260.6169],[32585240.059,5783268.6195],[32585258.3015,5783273.1211],[32585280.2924,5783276.1221],[32585302.2833,5783275.6228],[32585320.5256,5783272.1234],[32585335.7692,5783264.6241],[32585363.2572,5783242.1258],[32585372.2532,5783230.6267],[32585378.2504,5783219.1276],[32585382.4982,5783205.6288],[32585383.4974,5783191.6303],[32585379.7485,5783176.6318],[32585370.7519,5783163.1329],[32585358.2569,5783153.1329],[32585344.5125,5783146.6316],[32585317.5198,5783138.9021],[32585281.2853,5783123.3992],[32585266.2919,5783114.449],[32585254.7954,5783103.0011],[32585244.7994,5783089.5664],[32585232.7137,5783068.281],[32585223.0607,5783051.28],[32585214.5657,5783039.8584],[32585204.3218,5783028.9428],[32585193.3282,5783020.5192],[32585172.8398,5783012.1271],[32585140.6078,5783003.7656],[32585082.2532,5782991.3908],[32585056.6529,5782985.962],[32585021.4206,5782971.9768],[32585008.1771,5782962.9843],[32584989.4357,5782944.4982],[32584983.1883,5782936.004],[32584979.1898,5782927.5095],[32584966.6917,5782865.9116],[32584960.6923,5782846.8366],[32584950.1941,5782828.7351],[32584936.1969,5782813.1161],[32584918.7013,5782803.498],[32584898.4571,5782799.3881],[32584877.4634,5782796.7811],[32584844.4738,5782797.1373],[32584833.4771,5782795.0827],[32584790.2382,5782768.8422],[32584768.7452,5782757.7747],[32584744.096,5782747.0142],[32584716.0159,5782734.756],[32584703.2715,5782738.2552],[32584692.0265,5782743.7536],[32584682.031,5782752.2507],[32584676.0336,5782761.7472],[32584674.5343,5782770.7438],[32584678.2835,5782791.7357],[32584686.2807,5782810.2315],[32584701.5263,5782834.781],[32584719.7725,5782859.897],[32584736.5431,5782878.815],[32584743.9654,5782887.1878],[32584811.7555,5782963.6583],[32584812.5398,5782967.8385],[32584819.7561,5783006.2983],[32584824.2553,5783021.8407],[32584842.2495,5783059.9187],[32584848.247,5783069.9294],[32584858.2427,5783079.9375],[32584875.4848,5783091.4376],[32584898.7236,5783102.9179],[32584926.4598,5783111.3763],[32584953.446,5783115.3256],[32584986.9302,5783115.2493],[32584988.094,5783115.2466],[32585020.9112,5783115.1718],[32585040.1509,5783117.6066],[32585054.3931,5783121.5464],[32585066.6362,5783126.9839],[32585090.8724,5783141.3406]],[[32584133.2594,5783031.6564],[32584163.2487,5783024.6617],[32584177.2433,5783018.1647],[32584185.7394,5783008.1673],[32584187.2378,5782998.1689],[32584180.736,5782966.6718],[32584143.9926,5782921.1745],[32584126.497,5782906.1771],[32584042.2768,5782862.2047],[32583993.2991,5782834.7393],[32583910.0938,5782792.817],[32583762.6683,5782718.427],[32583730.4334,5782707.4317],[32583644.2437,5782691.9534],[32583598.9042,5782684.1004],[32583398.8647,5782649.4528],[32583367.8643,5782646.9404],[32583344.0805,5782648.3956],[32583335.3665,5782648.9287],[32583287.8759,5782656.9153],[32583274.8806,5782664.912],[32583262.1363,5782678.908],[32583256.4887,5782689.3159],[32583252.6421,5782696.4046],[32583248.8971,5782713.403],[32583251.6705,5782722.6397],[32583254.1522,5782730.905],[32583267.6587,5782749.4111],[32583285.6645,5782766.419],[32583304.4169,5782778.9258],[32583330.6646,5782789.9327],[32583367.4034,5782802.4369],[32583416.8234,5782816.8524],[32583451.3461,5782826.9224],[32583483.4002,5782838.2516],[32583500.8002,5782844.4015],[32583677.7062,5782885.356],[32583738.6745,5782901.3164],[32583831.8746,5782929.2439],[32583902.34,5782954.1956],[32583981.5637,5782990.8574],[32584005.1813,5783001.7868],[32584040.5388,5783018.1489],[32584080.2765,5783029.6499],[32584097.7712,5783033.1514],[32584114.5159,5783034.1535],[32584133.2594,5783031.6564]],[[32579490.9256,5783017.0122],[32579493.6742,5783005.5151],[32579500.9197,5782918.5362],[32579492.4232,5782908.0384],[32579475.6798,5782892.0417],[32579456.1878,5782879.544],[32579440.6941,5782874.0448],[32579418.4533,5782869.0451],[32579393.7137,5782869.0443],[32579373.7221,5782875.0422],[32579355.4798,5782885.5389],[32579346.734,5782919.0305],[32579346.7342,5782935.0265],[32579354.044,5782985.3101],[32579253.7957,5782985.3116],[32579249.6793,5783137.6927],[32579345.6555,5783137.6913],[32579345.9413,5783141.8099],[32579410.2976,5783141.8089],[32579419.7165,5783061.7359],[32579441.6966,5783061.4997],[32579457.4401,5783059.5008],[32579471.4342,5783053.5028],[32579481.18,5783041.006],[32579490.9256,5783017.0122]],[[32581196.6925,5783177.0092],[32581049.434,5783724.5402],[32581135.6834,5783729.3305],[32581136.264,5783724.0001],[32581357.4573,5783797.6929],[32581392.5656,5783809.3896],[32581392.5693,5783809.3908],[32581671.81,5783896.6169],[32581685.0391,5783814.092],[32581686.3129,5783807.5067],[32581687.1127,5783803.3718],[32581695.918,5783757.8511],[32581716.4318,5783651.7997],[32581717.0325,5783648.6944],[32581714.3094,5783647.4247],[32581647.8853,5783616.4532],[32581593.6387,5783591.1596],[32581492.5729,5783545.9993],[32581534.585,5783346.427],[32581329.4447,5783207.9617],[32581210.0434,5783127.3684],[32581196.6925,5783177.0092]],[[32585732.3769,5784565.8472],[32585746.1209,5784559.3397],[32585754.3669,5784546.8354],[32585758.8644,5784530.8343],[32585760.1134,5784515.8357],[32585750.3663,5784481.3475],[32585739.6198,5784451.361],[32585725.8746,5784424.3758],[32585711.63,5784404.8879],[32585697.6353,5784389.3981],[32585666.3977,5784364.9157],[32585645.906,5784353.925],[32585622.1656,5784342.4357],[32585534.7014,5784307.972],[32585498.7159,5784291.9858],[32585464.9796,5784272.999],[32585439.2398,5784252.5104],[32585418.7476,5784227.5231],[32585393.1123,5784189.2893],[32585358.7702,5784138.0695],[32585318.9815,5784090.6007],[32585285.0486,5784050.1181],[32585271.304,5784036.1256],[32585233.3193,5784010.1365],[32585168.0983,5784057.5849],[32585093.1318,5784116.0132],[32585083.584,5784123.8184],[32585060.1465,5784142.9785],[32585032.6589,5784170.9478],[32585015.4174,5784202.4235],[32585006.6722,5784235.4073],[32585002.9249,5784271.3999],[32585016.9197,5784290.3944],[32585032.9134,5784303.3888],[32585045.9083,5784310.8844],[32585096.8875,5784328.8737],[32585134.1221,5784337.3736],[32585151.865,5784347.372],[32585166.1096,5784363.8661],[32585172.6078,5784388.3548],[32585179.3569,5784442.8385],[32585185.8551,5784466.3363],[32585195.8516,5784485.3344],[32585209.8462,5784499.8301],[32585228.8388,5784511.8229],[32585252.8291,5784520.8148],[32585281.8171,5784524.8102],[32585312.0543,5784524.8134],[32585392.0197,5784514.8522],[32585417.7586,5784514.3654],[32585466.2382,5784520.8827],[32585482.2315,5784525.8855],[32585490.7283,5784534.8827],[32585493.7277,5784548.8746],[32585492.4788,5784564.3632],[32585487.7315,5784577.8513],[32585528.2136,5784564.8765],[32585548.4547,5784560.3846],[32585571.9446,5784558.8892],[32585680.2714,5784564.7941],[32585699.8906,5784565.8636],[32585732.3769,5784565.8472]],[[32579152.465,5783784.754],[32579134.3954,5783773.0849],[32579120.8723,5783760.3833],[32579106.4307,5783750.9099],[32579081.1959,5783744.5044],[32579023.4572,5783739.0565],[32578982.8172,5783741.5965],[32578930.3237,5783742.4432],[32578848.7463,5783756.3213],[32578808.9527,5783763.091],[32578734.2468,5783775.8],[32578681.621,5783781.3091],[32578625.3338,5783787.2014],[32578585.7297,5783800.8633],[32578566.0041,5783822.7761],[32578559.6035,5783834.487],[32578554.305,5783844.1815],[32578580.3054,5783863.1781],[32578608.0443,5783880.1687],[32578646.385,5783894.8757],[32578651.027,5783896.6563],[32578668.0198,5783885.1606],[32578688.2614,5783874.1639],[32578716.2497,5783862.6653],[32578756.4832,5783853.6608],[32578807.7122,5783847.6477],[32578857.6917,5783844.6286],[32578895.6762,5783845.1094],[32578937.1593,5783850.5816],[32578994.1362,5783862.5345],[32579049.8637,5783876.9803],[32579087.5984,5783889.937],[32579253.2817,5783965.6879],[32579351.7422,5784014.5193],[32579505.6805,5784096.8025],[32579551.4123,5784126.2706],[32579629.1317,5784192.2734],[32579681.1112,5784231.2921],[32579730.0918,5784260.8189],[32579779.8219,5784279.3606],[32579823.8045,5784298.3942],[32579864.2885,5784320.4196],[32580032.7223,5784440.4912],[32580130.9338,5784505.5396],[32580189.1609,5784546.5651],[32580246.1385,5784589.0869],[32580290.871,5784625.1009],[32580325.5601,5784657.2809],[32580328.6063,5784660.1067],[32580370.3401,5784703.1078],[32580411.8239,5784750.6028],[32580449.5594,5784799.0918],[32580482.2968,5784846.5753],[32580530.4765,5784926.504],[32580547.0496,5784908.2405],[32580558.5591,5784892.3149],[32580566.6668,5784876.0504],[32580569.8924,5784863.5727],[32580569.831,5784849.8851],[32580566.7078,5784835.1548],[32580561.0576,5784820.012],[32580550.5177,5784800.2691],[32580537.7041,5784782.4066],[32580425.6117,5784644.6258],[32580330.1052,5784527.232],[32580236.3927,5784435.4092],[32580211.9368,5784426.3376],[32580200.5416,5784417.6163],[32580184.237,5784386.9045],[32580175.3519,5784364.8519],[32580153.358,5784310.2631],[32580141.1868,5784289.0048],[32580129.2557,5784274.3079],[32580114.5389,5784262.6198],[32579949.6555,5784156.8945],[32579926.703,5784151.7168],[32579897.5371,5784149.0533],[32579826.8867,5784150.1054],[32579805.2481,5784150.4277],[32579769.9041,5784148.8177],[32579750.4011,5784145.5668],[32579727.1154,5784135.6108],[32579710.184,5784124.2277],[32579675.7068,5784095.2412],[32579645.7847,5784067.9621],[32579624.7105,5784046.3117],[32579602.5783,5784019.4898],[32579543.8927,5783936.3766],[32579551.4094,5783912.1931],[32579550.1597,5783889.2335],[32579542.1626,5783865.7713],[32579528.4178,5783841.3073],[32579505.6768,5783819.3367],[32579475.4389,5783803.3576],[32579444.468,5783794.5186],[32579443.9516,5783794.3712],[32579416.9625,5783792.8775],[32579378.0786,5783799.41],[32579345.4918,5783804.8846],[32579327.7491,5783806.3899],[32579300.4566,5783801.2659],[32579272.0217,5783795.9275],[32579245.0327,5783792.9447],[32579218.5435,5783792.9595],[32579197.8019,5783795.469],[32579184.7044,5783798.7493],[32579152.465,5783784.754]],[[32565521.4473,5784774.0606],[32565529.2017,5784732.0702],[32565549.4735,5784592.6008],[32565585.4728,5784306.6525],[32565627.4712,5783985.7163],[32565638.4724,5783927.9664],[32565641.4686,5783912.2378],[32565655.7147,5783868.7515],[32565664.7119,5783850.2573],[32565680.9567,5783825.7654],[32565742.1273,5783738.6916],[32565787.5685,5783697.312],[32565829.3139,5783667.9138],[32565868.7075,5783633.2239],[32565891.0538,5783603.037],[32565902.2215,5783587.9507],[32565916.3408,5783571.3671],[32565919.7281,5783568.7129],[32565930.4438,5783560.3163],[32565950.8169,5783534.2387],[32565959.8421,5783522.6866],[32565995.7078,5783471.5338],[32566005.2184,5783447.2028],[32566022.5729,5783318.7646],[32566045.9302,5783253.8803],[32566129.9424,5783020.5026],[32566209.4761,5782849.4987],[32566322.4462,5782700.9307],[32566499.7773,5782467.721],[32566591.242,5782340.4619],[32566599.0834,5782314.696],[32566619.0783,5782248.995],[32566611.1232,5782145.5981],[32566595.2139,5781998.4566],[32566523.1609,5781813.8289],[32566519.6518,5781811.5481],[32566463.9754,5781739.9663],[32566384.4373,5781596.8026],[32566340.6899,5781429.7774],[32566332.7339,5781274.6821],[32566348.6406,5781230.9371],[32566376.4779,5781203.099],[32566428.1761,5781187.1911],[32566479.8745,5781183.2135],[32566646.9001,5781163.3269],[32566714.5055,5781139.4652],[32566798.0179,5781103.6726],[32566980.9503,5781063.9018],[32567195.6972,5781020.1537],[32567438.2814,5780944.5908],[32567461.2687,5780936.5948],[32567519.8731,5780916.2097],[32567668.9348,5780857.0975],[32567927.4261,5780781.5345],[32568030.8231,5780773.5792],[32568111.1917,5780788.1905],[32568243.0148,5780813.663],[32568300.6499,5780824.8],[32568309.7696,5780826.5622],[32568326.0452,5780829.7072],[32568382.0841,5780840.5358],[32568412.0285,5780847.5439],[32568455.5403,5780862.6049],[32568507.3021,5780880.5215],[32568607.7635,5780907.4801],[32568742.2126,5780934.4241],[32568776.8859,5780938.459],[32568806.4384,5780941.8979],[32568840.9255,5780953.8792],[32568884.4092,5780962.8586],[32568899.6535,5780963.8524],[32568974.3753,5780956.8285],[32568999.3658,5780952.8213],[32569048.3471,5780941.8095],[32569086.3326,5780937.2985],[32569086.3327,5780952.29],[32569083.0842,5780969.7811],[32569076.4341,5780987.97],[32569163.6564,5780967.4458],[32569254.2615,5780967.4445],[32569303.6824,5780967.4438],[32569348.9849,5780971.5615],[32569435.4714,5780959.205],[32569624.9176,5780918.0184],[32569756.7069,5780913.8982],[32569880.2589,5780889.1858],[32570094.4158,5780864.4722],[32570259.1518,5780815.049],[32570320.9275,5780782.1009],[32570386.8211,5780716.2053],[32570522.5567,5780660.2931],[32570416.9368,5780637.4105],[32570537.4541,5780593.3939],[32570570.565,5780580.5159],[32570701.8719,5780529.4462],[32570737.3524,5780517.1057],[32570776.8346,5780508.5565],[32570819.0672,5780502.6877],[32570925.203,5780493.6773],[32570953.2608,5780491.2953],[32570989.9947,5780483.3157],[32571048.9683,5780480.8345],[32571071.4574,5780468.3518],[32571086.9495,5780456.8647],[32571094.1954,5780445.3756],[32571089.1962,5780420.3976],[32571084.1976,5780405.91],[32571015.3808,5780394.5197],[32571008.7311,5780393.4191],[32570978.5756,5780380.9729],[32571038.0817,5780334.2168],[32571061.9118,5780315.4926],[32571107.5366,5780279.6435],[32571181.6665,5780180.8005],[32571201.2428,5780092.7028],[32571174.9792,5780113.6114],[32571097.2287,5780167.1697],[32570997.231,5780236.0528],[32571038.9905,5780150.1118],[32571124.1422,5779992.5407],[32571156.9995,5779931.7391],[32571214.1955,5779830.7945],[32571249.9304,5779761.7383],[32571311.1283,5779643.476],[32571393.8691,5779523.2187],[32571430.8812,5779458.9704],[32571458.6068,5779406.4849],[32571497.6848,5779324.2156],[32571504.3032,5779310.2821],[32571531.2689,5779253.5123],[32571652.7131,5778997.8408],[32571677.2014,5778954.9152],[32571713.4347,5778897.6636],[32571789.3832,5778814.2906],[32571816.6062,5778778.3301],[32571852.0663,5778720.8857],[32571905.0223,5778616.9587],[32571957.7764,5778501.4974],[32571969.5323,5778479.5004],[32571983.289,5778458.5016],[32571999.7964,5778437.5014],[32572040.3096,5778395.9995],[32572074.3265,5778367.3565],[32572092.5586,5778352.0047],[32572134.2853,5778314.0579],[32572164.6547,5778283.0677],[32572196.1179,5778250.9613],[32572239.6306,5778207.4438],[32572260.8673,5778183.9605],[32572310.8395,5778120.5072],[32572359.2477,5778053.118],[32572435.042,5777936.2393],[32572470.102,5777882.175],[32572504.5345,5777837.6756],[32572526.1187,5777813.1755],[32572546.4458,5777793.6757],[32572565.2016,5777779.6751],[32572634.5005,5777737.6776],[32572659.7644,5777719.1814],[32572679.7628,5777699.1869],[32572697.4947,5777677.1937],[32572715.7047,5777649.7023],[32572761.062,5777573.2278],[32572883.4934,5777355.3884],[32572903.9854,5777315.4275],[32572946.2191,5777221.0129],[32572912.232,5777208.5203],[32572882.4935,5777249.4822],[32572870.2481,5777269.4627],[32572851.1513,5777309.2427],[32572822.767,5777368.3687],[32572807.2735,5777391.8475],[32572792.28,5777407.3341],[32572776.5367,5777417.8255],[32572767.7897,5777397.8406],[32572760.042,5777370.8613],[32572750.0448,5777316.9042],[32572746.5457,5777279.4354],[32572740.0131,5777209.4825],[32572732.5497,5777129.5642],[32572728.0514,5777107.083],[32572720.3041,5777089.0974],[32572709.8082,5777076.6067],[32572697.3128,5777073.1079],[32572684.8175,5777079.6005],[32572674.3216,5777094.5859],[32572665.825,5777114.5671],[32572659.8274,5777137.0466],[32572648.3329,5777210.9824],[32572641.2974,5777286.0322],[32572634.0943,5777362.8714],[32572626.1029,5777407.8467],[32572614.6502,5777451.327],[32572600.4682,5777491.8112],[32572569.5606,5777567.782],[32572536.5406,5777640.2518],[32572484.2141,5777735.2215],[32572421.9253,5777837.2252],[32572421.3898,5777838.1019],[32572381.04,5777904.1783],[32572363.0514,5777923.6635],[32572347.5611,5777943.6478],[32572335.5685,5777963.132],[32572321.8276,5777996.6048],[32572305.0871,5778029.5781],[32572301.3364,5778034.8717],[32572261.6561,5778092.8018],[32572224.8818,5778146.4893],[32572181.8722,5778201.4677],[32572159.0463,5778225.9897],[32572106.0466,5778278.0758],[32572060.7459,5778314.243],[32571964.5639,5778391.0326],[32571899.5423,5778465.0348],[32571887.7888,5778488.5296],[32571877.2867,5778516.0204],[32571868.8216,5778543.6832],[32571846.549,5778616.4669],[32571820.8261,5778679.4191],[32571807.8416,5778705.8953],[32571790.6117,5778734.867],[32571771.632,5778761.3389],[32571723.1183,5778823.5408],[32571701.1857,5778851.6617],[32571633.9691,5778920.9415],[32571616.9762,5778941.4348],[32571599.738,5778966.4115],[32571583.9984,5778994.5493],[32571571.2622,5779023.5274],[32571523.7829,5779147.9476],[32571465.5626,5779296.2209],[32571443.3224,5779346.0144],[32571421.2679,5779384.511],[32571363.4191,5779473.7702],[32571340.1342,5779509.6981],[32571317.8856,5779540.709],[32571299.8865,5779577.5334],[32571278.6416,5779611.999],[32571250.6459,5779646.9277],[32571211.8969,5779688.0003],[32571194.0143,5779670.1179],[32571165.1855,5779670.1183],[32571099.291,5779678.3561],[32571008.6862,5779694.8311],[32570769.8193,5779756.6106],[32570746.361,5779758.1244],[32570751.3881,5779796.9187],[32570757.3781,5779824.3974],[32570768.3657,5779856.8716],[32570794.3422,5779918.8214],[32570804.5814,5779948.7973],[32570811.5706,5779982.271],[32570815.5614,5780016.2444],[32570816.3055,5780047.72],[32570812.3042,5780078.6963],[32570803.308,5780110.6715],[32570768.5779,5780201.5813],[32570735.8456,5780277.9842],[32570708.5553,5780291.9323],[32570673.0534,5780310.0773],[32570629.6409,5780332.2654],[32570588.4112,5780357.4132],[32570235.7538,5780532.1546],[32570230.5825,5780431.0352],[32570225.5836,5780408.054],[32570213.5878,5780387.0713],[32570194.8451,5780369.0862],[32570171.8542,5780352.6001],[32570145.8649,5780339.1117],[32570117.8765,5780329.1204],[32570068.3974,5780317.1307],[32570042.6583,5780315.1322],[32569975.9371,5780316.13],[32569903.1367,5780311.487],[32569865.9848,5780309.1176],[32569844.9936,5780304.6132],[32569809.2585,5780292.6093],[32569788.2674,5780288.102],[32569763.2781,5780285.5875],[32569735.0402,5780284.0683],[32569652.0762,5780285.0269],[32569631.3354,5780282.5219],[32569606.3112,5780276.5569],[32569556.6181,5780264.7117],[32569493.1433,5780261.6552],[32569470.6532,5780265.26],[32569453.4125,5780276.75],[32569442.918,5780296.7356],[32569438.1713,5780321.7187],[32569439.1723,5780349.7008],[32569445.6709,5780379.1827],[32569456.6676,5780406.1669],[32569470.4129,5780430.1533],[32569496.1537,5780465.1345],[32569525.3929,5780499.1168],[32569543.1362,5780516.6081],[32569577.123,5780543.5956],[32569593.1171,5780563.0854],[32569602.1144,5780586.0722],[32569598.8669,5780611.5556],[32569577.6276,5780654.5258],[32569562.6346,5780669.5145],[32569539.1451,5780680.005],[32569510.9132,5780685.498],[32569455.6788,5780690.2392],[32569426.941,5780696.7305],[32569371.7135,5780716.7855],[32569345.9738,5780730.8187],[32569319.9842,5780748.8429],[32569271.9986,5780787.1814],[32569264.2583,5780792.3414],[32569244.017,5780801.3388],[32569219.5272,5780807.3398],[32569195.2871,5780808.8443],[32569172.5461,5780805.3521],[32569165.9331,5780802.7092],[32569152.554,5780797.3625],[32569100.0743,5780768.895],[32569050.0934,5780746.4237],[32569027.6021,5780743.4324],[32568996.864,5780742.9427],[32568960.4355,5780744.8908],[32568921.6429,5780746.9654],[32568873.1612,5780737.987],[32568851.6692,5780729.9988],[32568762.4526,5780680.556],[32568663.2399,5780636.1115],[32568634.0008,5780626.1255],[32568605.7617,5780622.1356],[32568576.5229,5780624.1425],[32568546.5347,5780629.6473],[32568518.7955,5780638.6494],[32568495.5547,5780650.6485],[32568475.8125,5780664.6456],[32568461.2242,5780677.4848],[32568456.1208,5780682.5861],[32568303.8062,5780595.5521],[32568303.7784,5780595.5362],[32568278.4084,5780580.1589],[32568239.8384,5780556.7807],[32568187.6133,5780528.2688],[32568167.7296,5780525.4134],[32568166.2023,5780525.3236],[32568130.9541,5780523.2501],[32568105.9609,5780519.0626],[32568102.4834,5780515.7238],[32568064.5754,5780496.7354],[32568017.6602,5780482.7446],[32567967.244,5780471.2528],[32567907.5995,5780459.4665],[32567810.4917,5780440.2772],[32567757.3271,5780431.785],[32567691.752,5780428.4232],[32567640.2535,5780425.7831],[32567618.8391,5780422.6109],[32567307.04,5780479.3065],[32567104.2239,5780554.8688],[32566909.3619,5780642.3615],[32566615.0799,5780765.6468],[32566483.8454,5780781.5561],[32566381.1487,5780781.5577],[32566357.071,5780794.4786],[32566316.0106,5780809.4758],[32566272.9624,5780822.4673],[32566227.4792,5780834.2382],[32566178.4887,5780846.9168],[32566157.4623,5780855.9095],[32566098.6716,5780891.384],[32566083.9794,5780897.9231],[32565958.9109,5781048.01],[32565899.2604,5781159.3613],[32565907.2157,5781270.7119],[32565919.147,5781334.3405],[32565925.2652,5781350.2473],[32566070.2715,5781732.0187],[32566181.6251,5781930.8574],[32566244.3666,5782042.8918],[32566243.8172,5782053.8833],[32566264.9486,5782132.9538],[32566265.1408,5782133.6729],[32566296.9577,5782304.6751],[32566295.1229,5782341.3841],[32566292.9822,5782384.2112],[32566268.3461,5782433.4851],[32566261.1686,5782447.8406],[32566201.5178,5782531.3545],[32566050.4018,5782714.2897],[32565958.9366,5782809.7345],[32565944.3026,5782829.9976],[32565907.2392,5782881.3177],[32565890.1662,5782963.2742],[32565887.3566,5782976.7614],[32565857.0639,5783214.0819],[32565858.4135,5783257.9176],[32565856.7655,5783292.5568],[32565838.9318,5783369.2387],[32565812.9554,5783461.0791],[32565796.256,5783501.8971],[32565770.2789,5783545.4984],[32565755.2478,5783566.6359],[32565753.2148,5783569.4948],[32565747.3122,5783576.1808],[32565694.208,5783636.3326],[32565642.2253,5783703.3091],[32565616.7335,5783740.2964],[32565594.2406,5783777.784],[32565574.2467,5783817.2714],[32565559.8784,5783851.4442],[32565555.752,5783861.2581],[32565538.5068,5783907.7451],[32565522.7608,5783956.7327],[32565495.2669,5784055.7117],[32565473.0207,5784150.1965],[32565464.7715,5784196.6902],[32565459.2711,5784244.6837],[32565456.5198,5784291.677],[32565455.5164,5784374.6635],[32565457.5133,5784432.6515],[32565454.0102,5784536.1232],[32565445.9861,5784670.0934],[32565441.983,5784708.0836],[32565431.2454,5784775.5652],[32565399.5191,5784922.6528],[32565383.4875,5785006.849],[32565374.03,5785056.5186],[32565365.0354,5785091.6183],[32565355.7953,5785119.3899],[32565345.5536,5785140.1579],[32565335.0581,5785154.813],[32565323.8107,5785163.8317],[32565311.5629,5785168.3339],[32565280.7793,5785180.2498],[32565260.1043,5785191.2335],[32565251.9847,5785201.2864],[32565232.9683,5785224.8304],[32565220.0464,5785246.1515],[32565211.0011,5785262.3039],[32565203.2479,5785303.654],[32565203.2479,5785321.0985],[32565206.7405,5785344.9813],[32565221.1024,5785372.4901],[32565241.5942,5785405.4979],[32565266.8342,5785439.5036],[32565330.3091,5785513.508],[32565414.3856,5785604.2429],[32565479.5,5785674.5141],[32565532.4788,5785739.5359],[32565639.4356,5785881.6208],[32565696.9119,5785964.696],[32565713.1549,5785992.2314],[32565732.8962,5786029.287],[32565746.8896,5786061.346],[32565750.6372,5786076.3826],[32565751.6357,5786091.9291],[32565749.6347,5786108.9883],[32565744.1343,5786127.0571],[32565720.6343,5786181.2266],[32565697.6379,5786228.7699],[32565619.6213,5786384.1754],[32565601.8038,5786419.667],[32565582.7934,5786449.2047],[32565572.7904,5786460.7113],[32565551.288,5786476.2222],[32565539.0386,5786481.6428],[32565525.5394,5786485.0836],[32565511.7894,5786486.5879],[32565497.7896,5786486.0924],[32565469.5435,5786480.6019],[32565422.3642,5786463.1327],[32565373.7608,5786445.1361],[32565359.2461,5786442.6411],[32565346.2506,5786442.6455],[32565335.0044,5786444.649],[32565325.5073,5786450.1518],[32565318.5093,5786458.1535],[32565314.0435,5786469.6542],[32565312.3708,5786483.1537],[32565313.6513,5786496.6523],[32565322.1898,5786524.6475],[32565329.799,5786543.4634],[32565340.182,5786569.1383],[32565344.929,5786584.6356],[32565345.177,5786599.1346],[32565338.4266,5786612.1359],[32565326.1773,5786623.1395],[32565309.9293,5786632.6444],[32565291.4334,5786640.1503],[32565272.1896,5786646.1566],[32565236.9558,5786652.655],[32565193.4816,5786653.1954],[32565128.2749,5786649.1724],[32565009.0831,5786636.0438],[32564926.1107,5786621.4888],[32564882.875,5786610.4717],[32564800.9042,5786585.4565],[32564714.688,5786554.446],[32564663.4589,5786531.4317],[32564635.2206,5786521.4171],[32564624.2255,5786519.4135],[32564604.9848,5786520.9165],[32564595.7396,5786524.4257],[32564587.9939,5786530.9418],[32564582.7471,5786539.4625],[32564580.9986,5786551.4873],[32564583.4981,5786566.5127],[32564591.2453,5786585.537],[32564634.9767,5786605.9822],[32564696.9496,5786641.4336],[32564716.941,5786655.9257],[32564733.4341,5786671.9241],[32564745.6795,5786689.4291],[32564754.9266,5786708.4413],[32564761.425,5786728.9638],[32564766.6747,5786750.4952],[32564782.918,5786817.1158],[32564794.4131,5786841.6468],[32564812.4056,5786870.1698],[32564865.4558,5786942.1035],[32564913.1143,5787006.7263],[32564936.3552,5787042.7358],[32564954.8445,5787077.2368],[32564967.5442,5787111.2302],[32564975.2392,5787144.221],[32564978.7377,5787175.7145],[32564978.0513,5787227.7112],[32564972.6415,5787262.7237],[32564961.085,5787293.7345],[32564939.7989,5787333.7316],[32564925.073,5787354.7046],[32564907.3114,5787373.1949],[32564886.5175,5787388.1947],[32564923.8065,5787388.6935],[32564978.2943,5787384.7236],[32565010.2401,5787378.7342],[32565043.3337,5787370.2282],[32565076.089,5787357.2131],[32565104.9681,5787342.7016],[32565127.6724,5787329.2042],[32565160.9666,5787302.7179],[32565176.5514,5787286.5764],[32565212.7428,5787249.0923],[32565229.4849,5787236.5206],[32565248.2253,5787225.9611],[32565267.7149,5787217.9278],[32565307.1956,5787207.939],[32565325.6868,5787205.4444],[32565355.9226,5787204.9437],[32565394.9051,5787209.9382],[32565433.1387,5787218.4344],[32565437.1391,5787169.4416],[32565445.1426,5787100.9917],[32565457.8912,5787025.0736],[32565466.1318,5786989.0965],[32565490.0999,5786913.8555],[32565522.8405,5786830.5598],[32565559.7588,5786751.0525],[32565578.1594,5786717.0487],[32565596.1546,5786688.045],[32565631.2203,5786641.5372],[32565666.7325,5786603.8079],[32565702.2387,5786574.2027],[32565737.2467,5786550.1481],[32565756.0018,5786539.6191],[32565818.5226,5786509.5885],[32565865.2876,5786490.6398],[32565873.5179,5786491.0147],[32565876.5243,5786491.1517],[32565899.0384,5786492.1772],[32565948.0336,5786498.2257],[32565964.5302,5786501.7372],[32565991.5821,5786510.6446],[32566020.7627,5786520.2529],[32566035.7573,5786523.7513],[32566070.7456,5786528.2311],[32566092.2391,5786528.2036],[32566112.7333,5786525.6633],[32566128.7291,5786520.1165],[32566140.9762,5786512.0659],[32566150.2243,5786501.5118],[32566156.9731,5786489.9592],[32566162.2223,5786476.4039],[32566171.7205,5786448.7994],[32566173.7204,5786432.7535],[32566170.9721,5786414.217],[32566164.7251,5786394.1885],[32566155.7291,5786373.6671],[32566134.4883,5786335.1396],[32566116.496,5786307.1258],[32566067.0008,5786239.0363],[32566058.2505,5786222.9619],[32566051.7529,5786206.4659],[32566048.2532,5786189.4691],[32566049.0007,5786171.9716],[32566053.995,5786152.4733],[32566074.0463,5786103.1896],[32566092.237,5786058.479],[32566100.2436,5786031.9816],[32566105.4995,5786004.485],[32566107.0009,5785977.9892],[32566105.7493,5785954.4936],[32566102.5005,5785934.4978],[32566092.7547,5785904.439],[32566083.5085,5785887.4015],[32566076.5112,5785874.87],[32566066.2653,5785862.863],[32566062.1122,5785858.9093],[32566050.1665,5785847.5371],[32566013.7869,5785812.9039],[32566003.0411,5785799.8933],[32565995.2939,5785785.851],[32565994.1882,5785782.4043],[32565990.2949,5785770.2686],[32565983.2926,5785730.5073],[32565977.0852,5785656.9263],[32565973.2879,5785611.9139],[32565966.54,5785573.9233],[32565956.7941,5785549.9233],[32565943.5494,5785537.931],[32565935.5525,5785535.4373],[32565927.0561,5785534.443],[32565919.0594,5785541.445],[32565913.0628,5785558.9341],[32565905.8204,5785618.8919],[32565903.0583,5785661.357],[32565896.0843,5785768.5743],[32565890.3357,5785796.5706],[32565880.3334,5785816.0695],[32565870.3631,5785825.8438],[32565856.4007,5785774.2468],[32565855.2272,5785730.3294],[32565848.1714,5785655.3607],[32565723.4387,5785659.1457],[32565715.262,5785659.3889],[32565724.8316,5785672.7155],[32565725.8654,5785674.1552],[32565730.1311,5785720.6227],[32565728.6259,5785759.6162],[32565703.1357,5785744.1253],[32565682.144,5785729.1332],[32565656.1545,5785705.6438],[32565640.4777,5785693.5126],[32565598.6777,5785661.1662],[32565582.1844,5785646.6729],[32565566.4408,5785630.1798],[32565552.1964,5785612.1867],[32565517.211,5785557.7054],[32565490.4733,5785510.7207],[32565466.9863,5785462.2357],[32565438.7556,5785394.2558],[32565425.5153,5785356.2667],[32565415.0211,5785318.7768],[32565409.0226,5785283.7854],[32565407.0271,5785252.2924],[32565408.7782,5785198.5954],[32565417.0163,5785154.1522],[32565420.3086,5785144.5729],[32565434.8958,5785102.1303],[32565443.5006,5785077.0936],[32565465.7424,5784998.1305],[32565521.4473,5784774.0606]],[[32566126.2878,5783935.2266],[32566141.0325,5783935.7544],[32566158.5266,5783932.3205],[32566167.024,5783928.362],[32566181.0198,5783917.9215],[32566196.0142,5783898.898],[32566198.9887,5783890.1898],[32566202.0737,5783870.8435],[32566201.3034,5783837.6623],[32566193.5933,5783766.0747],[32566194.3648,5783736.1765],[32566201.3429,5783700.873],[32566213.0284,5783667.7106],[32566245.6454,5783575.1469],[32566246.4322,5783572.8384],[32566258.2841,5783538.0662],[32566260.969,5783525.984],[32566250.8615,5783478.6924],[32566232.3058,5783443.4392],[32566213.7501,5783422.1016],[32566173.8558,5783391.4869],[32566116.334,5783360.8737],[32566102.4176,5783357.1629],[32566078.2955,5783358.0904],[32566062.5235,5783363.6567],[32566034.6909,5783388.7056],[32566020.7746,5783412.8273],[32566011.4975,5783438.8042],[32566003.148,5783474.0583],[32566002.2207,5783514.8784],[32566012.4264,5783543.6375],[32566029.8251,5783570.1032],[32566031.5252,5783572.6892],[32566068.8553,5783616.967],[32566082.6157,5783636.8414],[32566093.0793,5783651.9541],[32566098.6034,5783670.3567],[32566099.9335,5783689.8571],[32566094.5561,5783729.2743],[32566091.3071,5783738.2718],[32566076.812,5783757.8149],[32566066.1899,5783769.2104],[32566035.3259,5783802.3215],[32566018.8311,5783828.2636],[32566010.5827,5783854.2521],[32566009.5817,5783879.2429],[32566011.8302,5783890.7388],[32566016.0782,5783901.7347],[32566021.8256,5783912.2308],[32566030.8218,5783920.7277],[32566043.3171,5783926.2255],[32566058.0617,5783930.2238],[32566073.5564,5783932.2228],[32566109.0442,5783932.2222],[32566112.0431,5783932.2222],[32566126.2878,5783935.2266]],[[32567493.9935,5783375.8977],[32567498.5979,5783404.3866],[32567507.2077,5783431.3761],[32567518.5569,5783452.8676],[32567531.6508,5783471.3603],[32567548.2488,5783488.3533],[32567569.3552,5783504.3468],[32567603.4937,5783519.8402],[32567650.4121,5783534.3337],[32567766.0536,5783562.8202],[32567788.3647,5783563.8194],[32567809.9158,5783562.3195],[32567863.5309,5783554.8213],[32567915.9525,5783544.2727],[32567923.1472,5783542.8249],[32567959.4845,5783539.9894],[32568003.3617,5783544.8223],[32568045.9804,5783547.3203],[32568072.0401,5783544.8207],[32568099.5876,5783537.3232],[32568126.1196,5783525.8272],[32568149.6291,5783509.8332],[32568165.8534,5783488.8412],[32568173.2951,5783464.8507],[32568173.9574,5783452.0941],[32568175.8899,5783414.8708],[32568172.5566,5783391.8801],[32568161.7102,5783370.8887],[32568146.1209,5783355.895],[32568127.0553,5783350.8975],[32568109.4928,5783353.7777],[32568108.7676,5783353.8966],[32568092.7458,5783359.8944],[32568046.7374,5783393.8817],[32568024.7226,5783406.877],[32568000.9436,5783416.8734],[32567979.1518,5783421.3721],[32567957.3453,5783421.3725],[32567933.0243,5783418.874],[32567907.935,5783411.3775],[32567884.0778,5783397.3834],[32567862.9515,5783375.3924],[32567845.5668,5783347.9034],[32567832.4264,5783315.4162],[32567825.0394,5783279.4302],[32567817.2102,5783189.5212],[32567814.8965,5783162.9517],[32567810.1982,5783108.9967],[32567804.5267,5783060.0164],[32567793.8688,5783019.0332],[32567775.1854,5782976.5507],[32567751.2545,5782939.0662],[32567724.3461,5782911.078],[32567690.9577,5782894.5852],[32567650.5735,5782885.0898],[32567610.4576,5782881.0921],[32567578.3735,5782880.5929],[32567551.0597,5782882.5926],[32567522.5101,5782890.0901],[32567496.2467,5782907.0837],[32567475.791,5782937.5716],[32567464.3903,5782978.0553],[32567460.5185,5783021.5376],[32567461.2848,5783059.6766],[32567461.4122,5783066.0195],[32567470.0185,5783170.9768],[32567482.5371,5783272.021],[32567491.3817,5783343.4105],[32567493.9935,5783375.8977]],[[32566787.3529,5783042.0509],[32566846.2105,5783028.0543],[32566880.9996,5783012.0596],[32566907.2412,5782988.0687],[32566925.4526,5782961.0794],[32566935.4006,5782936.5892],[32566936.0859,5782915.5981],[32566927.5021,5782896.1067],[32566910.6581,5782880.1142],[32566886.5579,5782868.1204],[32566853.1997,5782861.1248],[32566812.0808,5782857.1284],[32566769.9701,5782856.6305],[32566697.6778,5782866.07],[32566647.4537,5782872.6279],[32566601.3455,5782876.1237],[32566563.7473,5782876.1221],[32566506.0808,5782871.1261],[32566482.0179,5782871.1256],[32566463.2316,5782875.1234],[32566448.9666,5782882.1205],[32566438.4709,5782892.1165],[32566433.247,5782904.6118],[32566434.5463,5782919.1065],[32566440.0376,5782928.5999],[32566444.3761,5782936.1005],[32566462.9882,5782956.0932],[32566489.8735,5782976.5848],[32566524.2783,5782997.0753],[32566565.6918,5783014.5703],[32566612.1026,5783027.5645],[32566662.2612,5783036.5585],[32566714.6663,5783042.5537],[32566757.7843,5783044.551],[32566787.3529,5783042.0509]],[[32568481.3218,5782382.2799],[32568446.8355,5782387.2857],[32568417.8472,5782396.2883],[32568394.3567,5782408.288],[32568383.7053,5782417.4619],[32568376.3641,5782423.7848],[32568363.8694,5782442.7786],[32568356.1228,5782465.2696],[32568352.3746,5782489.7587],[32568355.6239,5782518.7441],[32568366.8699,5782551.7255],[32568383.6137,5782583.706],[32568404.1061,5782610.1883],[32568432.3453,5782633.6702],[32568469.081,5782658.1495],[32568505.8168,5782678.6303],[32568535.3053,5782691.6166],[32568558.7962,5782697.6076],[32568583.2865,5782699.6002],[32568610.2758,5782698.0937],[32568641.2635,5782691.5885],[32568675.2498,5782678.0854],[32568709.2361,5782659.0848],[32568765.7134,5782618.5875],[32568783.2064,5782609.5864],[32568801.949,5782602.5838],[32568866.1738,5782588.0695],[32568883.1672,5782582.5662],[32568896.9118,5782574.5652],[32568905.9082,5782563.5675],[32568910.1563,5782549.073],[32568910.1561,5782533.0807],[32568906.6573,5782517.0896],[32568899.9097,5782501.5996],[32568888.4139,5782484.1121],[32568871.9199,5782466.1266],[32568849.4284,5782448.143],[32568823.1884,5782433.6588],[32568798.6977,5782426.1705],[32568773.4575,5782422.6803],[32568725.4401,5782416.3775],[32568697.487,5782412.7083],[32568649.6456,5782402.4063],[32568604.7731,5782392.7436],[32568563.5393,5782386.2576],[32568521.056,5782381.7704],[32568481.3218,5782382.2799]],[[32566804.8173,5778451.0796],[32567055.5319,5778435.0778],[32567163.2742,5778428.2012],[32567188.422,5778410.1172],[32567195.2628,5778405.198],[32567199.1531,5778402.4004],[32567200.6565,5778389.4272],[32567206.8484,5778335.9943],[32567209.9074,5778275.4373],[32567210.3218,5778267.2337],[32567219.0913,5778093.6234],[32567219.1531,5778092.4004],[32567212.5882,5778086.0918],[32567121.9332,5778095.3635],[32567070.5936,5778098.3626],[32567011.9792,5778099.6833],[32566915.3224,5778101.8613],[32566860.735,5778107.8579],[32566822.7944,5778120.0469],[32566817.1852,5778121.849],[32566810.5179,5778126.6152],[32566809.6956,5778127.0571],[32566728.3472,5778170.7736],[32566708.8149,5778187.679],[32566685.337,5778212.3723],[32566593.2861,5778255.5659],[32566565.031,5778255.5989],[32566565.1687,5778262.4004],[32566564.0359,5778318.1035],[32566459.3085,5778315.967],[32566449.1531,5778315.7598],[32566352.6102,5778317.7324],[32566326.7386,5778331.0633],[32566282.2586,5778353.9824],[32566220.2665,5778366.0847],[32566193.118,5778371.3848],[32566193.1447,5778372.6965],[32566193.6755,5778398.6868],[32566194.2898,5778428.7676],[32566206.4068,5778458.6434],[32566246.8484,5778558.3574],[32566249.5849,5778572.7509],[32566259.9549,5778627.2965],[32566264.0555,5778648.8652],[32566250.4949,5778688.4875],[32566244.0555,5778707.3027],[32566234.2508,5778750.7793],[32566234.4405,5778751.103],[32566240.6774,5778761.7434],[32566249.7977,5778777.3027],[32566284.2276,5778753.9645],[32566294.0555,5778747.3027],[32566363.232,5778742.4668],[32566477.0928,5778734.5072],[32566522.3172,5778731.3457],[32566535.3379,5778571.535],[32566544.6609,5778457.1074],[32566614.5551,5778458.531],[32566670.2859,5778459.666],[32566804.8173,5778451.0796]],[[32566107.4404,5778772.8899],[32566085.7954,5778744.4285],[32566056.1109,5778709.4663],[32566003.6082,5778653.9634],[32565988.9184,5778635.98],[32565973.6954,5778614.0247],[32565960.9121,5778588.5506],[32565951.1828,5778561.5782],[32565945.0954,5778530.6024],[32565939.3439,5778464.6335],[32565939.2514,5778426.654],[32565935.566,5778395.187],[32565926.9622,5778369.7064],[32565906.3621,5778355.2183],[32565873.0027,5778348.2253],[32565836.1566,5778348.2276],[32565804.3395,5778353.2258],[32565772.0433,5778365.2186],[32565731.2551,5778386.7046],[32565688.2395,5778417.1835],[32565647.7589,5778456.6549],[32565612.8147,5778503.1201],[32565580.8941,5778554.581],[32565372.7359,5778913.8064],[32565356.5812,5778957.273],[32565352.1408,5778979.7556],[32565355.7072,5778997.7415],[32565368.0199,5779007.2339],[32565384.3129,5779007.2336],[32565415.1236,5778987.7472],[32565435.983,5778982.2427],[32565458.4015,5778984.2432],[32565481.2264,5778994.2452],[32565529.9227,5779025.231],[32565554.6399,5779037.7154],[32565577.3183,5779043.7082],[32565594.9446,5779044.2015],[32565605.2039,5779038.6939],[32565609.5838,5779026.2186],[32565609.2598,5779004.2375],[32565606.054,5778977.2613],[32565592.2621,5778901.8224],[32565591.6184,5778869.3383],[32565596.782,5778825.8608],[32565610.5693,5778781.3934],[32565636.4104,5778745.4222],[32565670.7636,5778721.9367],[32565708.1448,5778708.4497],[32565749.8945,5778706.4641],[32565797.0531,5778716.4644],[32565850.9891,5778736.436],[32565905.9453,5778760.8953],[32565956.8214,5778786.9203],[32565994.7729,5778811.3877],[32566021.9076,5778832.3575],[32566044.7638,5778847.3328],[32566065.3374,5778853.8234],[32566085.6254,5778849.8255],[32566103.379,5778836.835],[32566114.3485,5778817.8494],[32566116.286,5778795.8668],[32566107.4404,5778772.8899]],[[32565174.3332,5779326.4927],[32565195.751,5779320.5019],[32565216.7039,5779307.0142],[32565233.9357,5779287.5289],[32565245.2007,5779264.5437],[32565248.7627,5779242.0556],[32565239.3965,5779217.067],[32565219.7095,5779189.5969],[32565191.2862,5779158.6215],[32565157.1257,5779136.1403],[32565138.0461,5779126.6487],[32565117.466,5779118.1565],[32565095.1377,5779111.663],[32565072.3192,5779108.6669],[32565050.7746,5779112.1654],[32565029.7579,5779124.157],[32565011.0253,5779145.1413],[32564999.0853,5779174.1185],[32564997.9421,5779209.0903],[32565011.5873,5779244.0616],[32565033.7314,5779271.5388],[32565063.3863,5779296.0186],[32565077.9578,5779306.5101],[32565093.7749,5779314.5036],[32565113.349,5779321.498],[32565133.7579,5779325.9853],[32565153.9324,5779327.9864],[32565174.3332,5779326.4927]],[[32564182.693,5779326.0555],[32564160.0309,5779324.515],[32564109.2314,5779321.0617],[32564086.4009,5779315.0666],[32564015.8641,5779285.0883],[32563996.7981,5779280.5908],[32563980.7566,5779281.0898],[32563968.2472,5779285.7435],[32563965.9848,5779286.5852],[32563955.7465,5779298.5763],[32563955.4585,5779300.4709],[32563952.5564,5779319.5614],[32563982.0243,5779362.0314],[32564010.7149,5779397.0051],[32564041.3874,5779424.9829],[32564070.7686,5779441.4688],[32564097.8676,5779449.9607],[32564121.1889,5779452.9572],[32564158.0326,5779451.9558],[32564184.4546,5779452.9352],[32564198.3934,5779453.4519],[32564207.6565,5779449.9541],[32564227.1709,5779438.4621],[32564245.9126,5779420.4755],[32564252.6004,5779395.4955],[32564242.9904,5779369.0178],[32564224.8754,5779348.0358],[32564203.2701,5779333.049],[32564182.693,5779326.0555]],[[32564706.5372,5779399.4554],[32564675.9884,5779408.95],[32564653.7344,5779425.9378],[32564639.5181,5779448.4205],[32564631.0729,5779472.9012],[32564630.9083,5779500.3789],[32564640.7789,5779530.8537],[32564660.4169,5779558.8302],[32564686.5436,5779577.8138],[32564716.6545,5779588.3041],[32564749.2454,5779590.3012],[32564783.8103,5779582.3062],[32564816.5908,5779564.8185],[32564841.3186,5779537.3389],[32564850.7279,5779500.8667],[32564844.6222,5779472.3891],[32564828.2386,5779443.4126],[32564803.8502,5779419.433],[32564774.2254,5779403.9472],[32564740.6202,5779397.9543],[32564706.5372,5779399.4554]],[[32564506.8506,5779583.8204],[32564480.7353,5779568.3349],[32564433.7947,5779545.857],[32564273.6676,5779477.9262],[32564205.3969,5779527.3909],[32564155.641,5779566.3627],[32564127.1572,5779594.8416],[32564120.2025,5779614.8258],[32564119.5219,5779637.3076],[32564126.8572,5779658.2899],[32564142.9476,5779673.7759],[32564166.0323,5779681.7677],[32564193.1051,5779682.7647],[32564253.4899,5779676.2651],[32564285.0678,5779675.2633],[32564316.9118,5779679.2576],[32564345.5147,5779688.7476],[32564367.3672,5779703.7339],[32564376.1928,5779720.7198],[32564371.2253,5779735.2085],[32564357.9788,5779747.1999],[32564324.6965,5779764.1888],[32564306.4387,5779776.6801],[32564289.6942,5779792.169],[32564278.2194,5779809.6559],[32564266.2728,5779836.6354],[32564234.9462,5779918.0737],[32564224.2761,5779952.5476],[32564221.1035,5779980.0267],[32564223.9369,5780004.5077],[32564231.7724,5780025.4913],[32564243.3504,5780040.9789],[32564260.1655,5780047.9729],[32564281.7148,5780045.9733],[32564305.9993,5780036.979],[32564330.7743,5780024.4872],[32564354.7769,5780005.5004],[32564378.0086,5779980.5181],[32564398.4754,5779953.038],[32564414.4368,5779927.5565],[32564444.8305,5779868.5999],[32564465.0388,5779838.622],[32564490.2803,5779815.1389],[32564516.5607,5779803.1469],[32564540.1171,5779801.647],[32564584.2635,5779811.6377],[32564605.068,5779811.6371],[32564621.34,5779805.1415],[32564636.094,5779794.1494],[32564614.0844,5779730.1987],[32564598.1724,5779691.7291],[32564579.2594,5779655.2586],[32564554.0843,5779621.9946],[32564532.9752,5779602.3036],[32564506.8506,5779583.8204]],[[32565864.5257,5779921.5517],[32565849.5157,5779931.0448],[32565836.7821,5779946.034],[32565828.0747,5779965.0203],[32565823.6542,5779991.0016],[32565822.7682,5780024.4778],[32565824.0098,5780093.9256],[32565826.6087,5780120.9043],[32565833.7062,5780143.8857],[32565846.31,5780164.3687],[32565886.5614,5780205.8366],[32565916.224,5780242.8644],[32565937.9563,5780264.8905],[32565977.0706,5780288.6858],[32565989.4963,5780299.3334],[32566006.5705,5780306.7836],[32566020.2296,5780308.9577],[32566037.9983,5780309.1891],[32566064.4686,5780309.5338],[32566092.2494,5780316.7268],[32566099.6997,5780317.0381],[32566108.0815,5780316.108],[32566115.2216,5780313.005],[32566122.6724,5780305.8668],[32566126.0874,5780297.797],[32566131.0557,5780268.31],[32566140.9916,5780229.2013],[32566142.7773,5780214.9198],[32566171.6842,5780216.8302],[32566183.9619,5780215.8324],[32566193.7179,5780209.8372],[32566200.1939,5780196.8457],[32566202.3781,5780173.8594],[32566200.5477,5780149.3736],[32566196.2311,5780131.384],[32566190.1705,5780116.8927],[32566162.0621,5780105.3991],[32566140.2015,5780101.1485],[32566144.8395,5780097.4893],[32566148.1624,5780091.5098],[32566152.1489,5780075.8969],[32566162.7798,5780004.4846],[32566163.2926,5779967.9382],[32566159.3548,5779962.2892],[32566151.7083,5779956.9734],[32566126.1139,5779954.6479],[32566098.7123,5779945.879],[32566075.2561,5779938.3727],[32566060.631,5779936.3805],[32566049.6626,5779936.3814],[32566040.0243,5779939.0395],[32566036.037,5779944.6869],[32566013.204,5780061.6291],[32566010.8059,5780073.9112],[32566011.4727,5780082.2164],[32566014.7977,5780086.8675],[32565989.5361,5780084.542],[32565970.877,5780078.8425],[32565954.804,5780073.9329],[32565942.266,5780072.9343],[32565931.493,5780074.9334],[32565912.9722,5780083.9276],[32565901.4404,5780083.9283],[32565893.1217,5780070.4397],[32565892.2742,5780042.4618],[32565895.3515,5780005.9252],[32565899.2596,5779959.5243],[32565898.4346,5779938.5393],[32565893.1147,5779923.0503],[32565881.0599,5779917.5545],[32565864.5257,5779921.5517]],[[32564259.7866,5780298.7838],[32564254.1253,5780277.8051],[32564243.2813,5780257.32],[32564230.4387,5780238.8337],[32564218.6134,5780224.8442],[32564207.5561,5780215.8512],[32564194.7618,5780212.3542],[32564180.2304,5780214.3533],[32564164.4614,5780221.3489],[32564147.7072,5780233.8405],[32564130.7182,5780251.3286],[32564092.761,5780296.2977],[32564082.0664,5780322.7791],[32564086.4157,5780350.7589],[32564110.9073,5780406.7184],[32564115.4961,5780430.7015],[32564111.8002,5780450.6876],[32564094.6896,5780490.1549],[32564089.4441,5780510.6416],[32564090.4278,5780527.1328],[32564098.6562,5780539.6276],[32564114.4129,5780548.624],[32564131.699,5780549.6238],[32564145.4509,5780539.1307],[32564170.6358,5780500.1566],[32564184.8624,5780481.6689],[32564199.8595,5780469.6771],[32564216.6333,5780463.1813],[32564257.2611,5780458.1848],[32564278.5051,5780452.6637],[32564294.6949,5780443.1565],[32564303.4862,5780428.6739],[32564302.7243,5780410.7169],[32564296.8733,5780392.7285],[32564288.0273,5780376.74],[32564270.7277,5780353.2532],[32564265.5014,5780337.2608],[32564259.7866,5780298.7838]],[[32565235.1248,5780546.9431],[32565183.4271,5780606.5961],[32565171.4977,5780670.2251],[32565175.4748,5780686.1322],[32565215.2431,5780706.0158],[32565179.4535,5780817.3667],[32565320.5919,5780821.9176],[32565319.7118,5780824.9901],[32565577.1333,5780761.6855],[32565593.0394,5780678.1723],[32565359.1441,5780660.5235],[32565360.3511,5780646.5284],[32565353.6829,5780601.5624],[32565337.9976,5780559.0957],[32565316.0823,5780523.1308],[32565235.1248,5780546.9431]],[[32566236.2331,5779942.5284],[32566266.6295,5779963.0032],[32566282.4459,5779970.4965],[32566304.0116,5779973.4943],[32566330.0735,5779971.9966],[32566354.3648,5779965.5027],[32566370.8661,5779952.5124],[32566374.0621,5779932.5254],[32566364.448,5779904.0442],[32566324.1002,5779829.1142],[32566300.0598,5779792.1334],[32566276.1544,5779766.154],[32566263.7123,5779757.6342],[32566253.5385,5779750.6677],[32566234.2208,5779746.6723],[32566229.6504,5779747.7294],[32566216.9359,5779750.6703],[32566200.1765,5779761.6628],[32566184.964,5779785.1453],[32566171.312,5779825.1146],[32566167.1946,5779867.5814],[32566175.8204,5779897.558],[32566193.6922,5779918.5428],[32566236.2331,5779942.5284]],[[32565540.3319,5781607.4641],[32565537.9825,5781318.4466],[32565546.806,5781184.7001],[32565546.9054,5781183.1953],[32565480.7158,5781178.6969],[32565457.025,5781371.5751],[32565395.2364,5781372.7403],[32565271.295,5781375.0775],[32565282.2844,5781385.7436],[32565360.8504,5781461.9987],[32565486.7497,5781584.195],[32565514.8746,5781617.0065],[32565542.3198,5781654.8679],[32565540.3319,5781607.4641]],[[32564726.5995,5784068.9401],[32564723.3719,5784067.459],[32564520.6469,5784029.6199],[32564507.3953,5784027.1465],[32564486.911,5783982.5315],[32564481.282,5783970.2715],[32564438.9286,5783950.8118],[32564436.4773,5783949.6856],[32564429.9617,5783944.6407],[32564394.4266,5783917.127],[32564366.4548,5783913.1239],[32564368.6783,5783958.7449],[32564370.9246,5784073.5668],[32564370.4294,5784125.2462],[32564365.4368,5784167.9635],[32564355.9391,5784206.0292],[32564341.936,5784240.4064],[32564334.6466,5784254.0513],[32564333.3133,5784276.3848],[32564351.1266,5784279.7091],[32564446.868,5784297.5762],[32564458.5377,5784303.9206],[32564486.2144,5784318.9673],[32564488.4695,5784320.1934],[32564526.5645,5784428.4705],[32564549.5242,5784493.7285],[32564596.5847,5784506.6924],[32564648.164,5784520.9011],[32564593.5947,5784455.0197],[32564578.3517,5784433.5288],[32564568.8567,5784416.5343],[32564568.0798,5784414.202],[32564564.3595,5784403.0329],[32564564.6102,5784393.0205],[32564568.8588,5784385.4916],[32564587.1,5784374.8614],[32564600.0926,5784370.754],[32564614.3342,5784368.642],[32564629.3261,5784370.5532],[32564645.0685,5784376.4907],[32564679.3037,5784397.4158],[32564741.2791,5784449.8608],[32564809.5022,5784518.3257],[32564840.305,5784551.5127],[32564874.9517,5784553.5768],[32565074.5242,5784565.4668],[32565074.8951,5784565.1355],[32565085.1063,5784556.014],[32565131.2625,5784514.7832],[32565140.9279,5784432.3135],[32565143.8797,5784407.127],[32565146.0316,5784394.9962],[32565151.4748,5784364.3127],[32565154.4266,5784347.6738],[32565166.8289,5784268.1426],[32565219.1531,5784265.0176],[32565239.288,5784266.2174],[32565313.8797,5784270.6621],[32565299.0164,5784123.416],[32565298.1308,5784122.1997],[32565286.3329,5784105.9959],[32565269.1531,5784082.4004],[32565268.2413,5784082.7279],[32565257.9657,5784086.4187],[32565247.2391,5784090.2715],[32565210.8186,5784088.0943],[32565169.1531,5784085.6035],[32565126.0672,5784088.1817],[32565063.7683,5784169.4345],[32565004.993,5784246.0918],[32564917.7298,5784240.8889],[32564844.5351,5784236.5247],[32564844.1531,5784236.502],[32564776.1777,5784112.0034],[32564761.3797,5784084.9004],[32564761.2722,5784084.8511],[32564726.5995,5784068.9401]],[[32564269.4078,5784454.1072],[32564271.7179,5784437.7059],[32564273.966,5784399.1784],[32564273.9655,5784341.1787],[32564273.9654,5784334.4346],[32564263.7274,5784350.6036],[32564255.3703,5784363.8021],[32564243.6949,5784382.2413],[32564231.9483,5784400.7928],[32564225.9103,5784410.3287],[32564216.7399,5784424.8117],[32564187.7519,5784492.9532],[32564165.2563,5784555.0565],[32564152.7551,5784602.1003],[32564137.2492,5784674.6128],[32564137.2452,5784704.601],[32564131.744,5784730.0859],[32564125.9949,5784742.0762],[32564117.4973,5784751.5663],[32564106.8527,5784760.3519],[32564075.7576,5784786.0164],[32564058.7566,5784805.9919],[32564052.7552,5784816.9817],[32564049.0034,5784828.4723],[32564044.7469,5784870.438],[32564045.2418,5784947.7555],[32564048.9866,5784967.7511],[32564052.2336,5784976.7486],[32564055.9807,5784984.7462],[32564065.4753,5784997.7409],[32564084.469,5785010.2326],[32564098.9628,5785023.7256],[32564110.4552,5785043.2187],[32564113.9507,5785055.7157],[32564115.8231,5785101.8133],[32564119.6364,5785195.6943],[32564119.7102,5785264.1856],[32564188.4323,5785334.6527],[32564214.2791,5785365.8929],[32564223.1671,5785376.6355],[32564258.8992,5785429.1167],[32564315.1137,5785529.5856],[32564348.3383,5785597.0668],[32564373.5661,5785658.5516],[32564392.5469,5785722.5387],[32564412.7848,5785819.5227],[32564447.6117,5785833.5826],[32564463.5142,5785840.0026],[32564529.494,5785859.4771],[32564551.7393,5785863.9687],[32564582.9854,5785865.9573],[32564599.7349,5785863.4515],[32564606.7357,5785859.4494],[32564635.4416,5785770.9381],[32564642.7864,5785748.2913],[32564667.1663,5785673.1186],[32564688.1917,5785614.4464],[32564697.4426,5785594.2245],[32564709.4422,5785574.2537],[32564723.6941,5785555.2673],[32564736.7618,5785541.1658],[32564729.511,5785370.8156],[32564724.6598,5785256.8403],[32564698.2742,5785296.3888],[32564668.2771,5785334.3454],[32564651.2728,5785352.3206],[32564595.2574,5785400.1819],[32564592.6198,5785402.4355],[32564569.4564,5785422.2271],[32564540.0152,5785447.3825],[32564511.5134,5785469.0239],[32564490.5132,5785480.5297],[32564478.0056,5785482.7528],[32564464.256,5785487.5379],[32564434.2212,5785487.5483],[32564419.2058,5785484.054],[32564405.2031,5785477.5596],[32564392.7085,5785467.0651],[32564382.2155,5785454.5702],[32564374.2249,5785441.5746],[32564365.01,5785415.081],[32564364.0343,5785401.583],[32564365.3027,5785388.0842],[32564369.0571,5785372.8423],[32564383.5696,5785349.5828],[32564394.0719,5785340.5803],[32564405.8229,5785333.5772],[32564452.3505,5785315.9289],[32564538.3051,5785283.3256],[32564542.8511,5785280.8486],[32564549.3064,5785277.3313],[32564569.811,5785258.8533],[32564580.3134,5785245.3715],[32564598.8125,5785212.9066],[32564611.8097,5785181.4183],[32564616.06,5785166.4176],[32564618.8109,5785152.9141],[32564620.0637,5785130.9045],[32564616.8171,5785114.3975],[32564609.8206,5785102.3963],[32564604.3227,5785097.3985],[32564588.5775,5785090.9099],[32564566.8333,5785088.4261],[32564555.5857,5785090.9336],[32564517.4222,5785110.5661],[32564491.831,5785123.731],[32564469.4337,5785090.6718],[32564469.3875,5785090.6035],[32564533.0984,5785029.3926],[32564560.9273,5784968.5198],[32564583.1518,5784919.9059],[32564569.8536,5784922.7221],[32564556.8575,5784923.7553],[32564531.6153,5784920.8069],[32564518.1196,5784916.3281],[32564503.1244,5784910.3491],[32564474.6343,5784892.3782],[32564462.3889,5784881.8869],[32564439.898,5784856.8963],[32564408.4116,5784813.4001],[32564346.9386,5784715.3949],[32564308.9876,5784652.5594],[32564301.7544,5784640.5834],[32564293.5121,5784626.9366],[32564265.3622,5784580.3288],[32564254.2268,5784561.8919],[32564269.4078,5784454.1072]],[[32562568.021,5785155.1696],[32562579.5163,5785149.1657],[32562588.0129,5785140.6631],[32562594.0106,5785130.6616],[32562599.758,5785110.161],[32562601.0072,5785093.6619],[32562587.7617,5785050.6704],[32562574.5164,5785007.6798],[32562561.2714,5784964.6902],[32562548.0267,5784921.7016],[32562529.7837,5784909.2083],[32562504.5434,5784895.2171],[32562490.5489,5784889.7215],[32562476.8041,5784886.7255],[32562464.3091,5784886.2288],[32562453.8131,5784890.2308],[32562444.8168,5784897.7322],[32562437.5696,5784907.7327],[32562427.5738,5784929.7329],[32562422.5759,5784948.2324],[32562425.5865,5784962.2089],[32562425.9474,5784963.8845],[32562435.8213,5785009.7227],[32562440.2061,5785016.2209],[32562484.0531,5785081.2019],[32562498.9791,5785110.0955],[32562507.2945,5785126.1923],[32562522.7886,5785144.1863],[32562532.5348,5785151.1826],[32562543.2806,5785155.6786],[32562555.276,5785157.1742],[32562568.021,5785155.1696]],[[32561787.0138,5785690.1923],[32561818.5281,5785622.8023],[32561746.7901,5785581.7197],[32561694.6572,5785551.8644],[32561675.6168,5785540.9605],[32561644.3491,5785523.0543],[32561602.6084,5785645.1825],[32561632.9574,5785668.0332],[32561653.3603,5785683.3951],[32561693.7032,5785713.7705],[32561704.0271,5785721.5436],[32561754.5599,5785759.5913],[32561787.0138,5785690.1923]],[[32560485.178,5786833.0113],[32560490.3849,5786812.6101],[32560491.2217,5786797.5392],[32560492.2198,5786779.5613],[32560493.6564,5786769.8044],[32560497.5851,5786743.1212],[32560499.2219,5786732.0046],[32560505.1807,5786711.8256],[32560509.4614,5786703.8834],[32560512.2787,5786698.6562],[32560514.3077,5786689.893],[32560512.672,5786674.9185],[32560508.9947,5786666.7733],[32560500.3455,5786658.4811],[32560484.6283,5786649.6703],[32560466.7274,5786649.0813],[32560461.2037,5786651.4243],[32560449.481,5786660.8537],[32560436.266,5786677.3884],[32560376.2212,5786752.5171],[32560358.4662,5786770.3927],[32560291.4009,5786837.9138],[32560278.3352,5786856.4618],[32560267.1735,5786872.3069],[32560259.6715,5786888.6213],[32560255.9458,5786903.1196],[32560255.9729,5786925.8673],[32560255.9851,5786936.0945],[32560255.3439,5786940.0939],[32560253.149,5786953.7838],[32560253.6644,5786977.7857],[32560257.0036,5786985.9416],[32560262.2016,5786988.802],[32560266.8269,5786988.8275],[32560278.3444,5786988.8911],[32560286.2239,5786988.9346],[32560293.8637,5786988.9768],[32560305.7607,5786990.5818],[32560314.449,5786992.8704],[32560317.3682,5786994.2613],[32560327.9664,5786999.3109],[32560339.8179,5787001.634],[32560348.2725,5786999.131],[32560359.3326,5786989.0709],[32560372.5943,5786973.7878],[32560396.7066,5786946.0003],[32560454.0725,5786897.9587],[32560458.9996,5786893.8324],[32560467.3415,5786877.8313],[32560472.0987,5786865.8773],[32560485.178,5786833.0113]],[[32566253.147,5785310.8179],[32566231.6467,5785321.3207],[32566190.3985,5785336.827],[32566169.3991,5785349.3287],[32566160.1494,5785357.3286],[32566152.8993,5785366.8276],[32566147.1492,5785378.3253],[32566143.3991,5785391.322],[32566141.3989,5785406.8174],[32566141.3985,5785424.8117],[32566147.398,5785468.2975],[32566153.8974,5785489.7905],[32566163.6439,5785505.7846],[32566176.1373,5785516.2799],[32566191.128,5785522.2763],[32566207.8676,5785524.2736],[32566226.3571,5785523.272],[32566266.3388,5785514.7705],[32566302.5827,5785485.2723],[32566319.3344,5785466.2729],[32566323.5864,5785457.2738],[32566326.5926,5785437.2769],[32566325.3514,5785411.7821],[32566319.8626,5785381.789],[32566310.3751,5785349.2976],[32566303.8808,5785334.8019],[32566296.1357,5785323.8059],[32566287.3899,5785315.8095],[32566278.393,5785310.8124],[32566260.8965,5785308.8165],[32566253.147,5785310.8179]],[[32565851.5989,5785183.8099],[32565843.3153,5785183.9385],[32565842.0503,5785185.8777],[32565844.5327,5785205.9377],[32565848.4823,5785237.8511],[32565852.0422,5785266.6173],[32565857.2022,5785286.9316],[32565866.0712,5785287.362],[32565913.5438,5785283.0621],[32565961.3445,5785278.7326],[32565963.9802,5785277.4937],[32565965.0917,5785274.9308],[32565965.1019,5785265.4292],[32565965.1113,5785256.7337],[32565967.701,5785241.915],[32565972.6504,5785238.8299],[32565987.3021,5785235.7403],[32565988.867,5785230.0203],[32565988.545,5785225.4561],[32565987.915,5785216.5247],[32565985.9648,5785188.8755],[32565985.7017,5785185.1433],[32565985.8668,5785180.7654],[32565986.3852,5785167.0168],[32565984.2576,5785165.3616],[32565948.1295,5785165.9307],[32565942.4544,5785167.671],[32565933.4317,5785209.3079],[32565930.38,5785223.3901],[32565928.7389,5785225.7458],[32565923.0248,5785227.5908],[32565908.003,5785227.4481],[32565899.5309,5785224.7767],[32565883.7116,5785206.1198],[32565864.6238,5785183.6079],[32565851.5989,5785183.8099]],[[32573481.9523,5776558.696],[32573532.1832,5776576.1774],[32573545.6781,5776579.1732],[32573571.1684,5776577.669],[32573583.9135,5776573.6684],[32573596.4089,5776566.6695],[32573608.9041,5776556.1722],[32573617.651,5776537.6799],[32573619.9004,5776509.6934],[32573617.6515,5776477.71],[32573612.1539,5776447.2264],[32573601.6581,5776422.7407],[32573584.6646,5776405.7526],[32573562.4232,5776394.2629],[32573537.1829,5776388.7706],[32573512.4422,5776387.7761],[32573490.4505,5776390.779],[32573468.9586,5776397.28],[32573446.7169,5776406.2798],[32573427.2241,5776419.7768],[32573414.2289,5776437.7704],[32573407.2314,5776459.2609],[32573404.982,5776482.2497],[32573409.98,5776504.7374],[32573424.9741,5776525.2241],[32573449.2149,5776543.2103],[32573481.9523,5776558.696]],[[32577014.7085,5778432.1204],[32577000.7149,5778443.1184],[32576989.9698,5778457.1146],[32576980.974,5778475.109],[32576975.7265,5778494.1023],[32576976.4763,5778512.5947],[32576982.9734,5778528.0874],[32576994.4682,5778539.5809],[32577010.7109,5778549.0743],[32577031.4515,5778556.5678],[32577057.4398,5778561.5614],[32577085.9269,5778563.056],[32577137.4034,5778559.0489],[32577155.6451,5778554.0478],[32577171.1379,5778545.5485],[32577183.3822,5778534.0511],[32577192.3781,5778519.0554],[32577198.875,5778501.0614],[32577203.8725,5778481.0684],[32577207.8704,5778442.0831],[32577204.6218,5778424.5905],[32577196.8752,5778408.5981],[32577186.3798,5778395.605],[32577175.8847,5778387.1102],[32577163.6404,5778401.6066],[32577144.8991,5778416.604],[32577123.409,5778429.6025],[32577103.1682,5778437.6029],[32577084.9266,5778437.1062],[32577068.6838,5778429.1122],[32577052.4412,5778415.6203],[32577014.7085,5778432.1204]],[[32578056.4233,5777752.7564],[32578038.3016,5777757.4801],[32578028.3914,5777764.3315],[32578021.8606,5777774.4349],[32578015.449,5777791.0308],[32578011.2687,5777810.3098],[32578009.1118,5777831.4278],[32578010.5801,5777881.2957],[32578014.4955,5777907.6381],[32578020.3363,5777931.3592],[32578027.0697,5777949.6608],[32578037.7779,5777972.1139],[32578064.3765,5778015.6514],[32578105.2836,5778073.5122],[32578122.0147,5778092.1162],[32578140.4284,5778109.3437],[32578179.5756,5778141.3661],[32578201.8148,5778152.8207],[32578226.7926,5778157.8301],[32578248.3448,5778160.1373],[32578264.0427,5778159.971],[32578278.333,5778157.4658],[32578294.3877,5778148.9353],[32578302.1453,5778141.5025],[32578312.6984,5778127.621],[32578322.135,5778107.3139],[32578323.7475,5778097.8045],[32578322.6422,5778089.5402],[32578319.1326,5778082.1034],[32578310.5825,5778071.5899],[32578277.8852,5778045.1685],[32578268.9116,5778037.9173],[32578254.0421,5778022.9934],[32578223.9187,5777976.833],[32578199.0885,5777932.6963],[32578181.9163,5777896.4256],[32578169.5521,5777864.2866],[32578167.5849,5777844.5895],[32578170.506,5777819.1492],[32578171.7604,5777808.2238],[32578171.7855,5777793.4374],[32578167.9455,5777780.0816],[32578154.5161,5777765.6525],[32578134.1335,5777749.1054],[32578056.4233,5777752.7564]],[[32576303.0168,5779961.5919],[32576283.7751,5779949.0993],[32576266.7825,5779933.1079],[32576239.2929,5780021.0729],[32576201.7176,5780130.5583],[32576168.9893,5780196.0372],[32576132.2535,5780259.4966],[32576111.5109,5780283.9765],[32576063.7487,5780326.8168],[32576040.7855,5780347.4137],[32576024.791,5780360.3995],[32575974.5589,5780391.3625],[32576030.7885,5780375.3891],[32576051.781,5780366.4014],[32576114.5088,5780328.9442],[32576130.2533,5780321.9524],[32576159.7424,5780316.4613],[32576168.4891,5780317.9616],[32576181.734,5780326.4576],[32576190.9803,5780337.4514],[32576198.2275,5780350.9432],[32576199.7266,5780363.9344],[32576199.2265,5780379.4233],[32576192.728,5780420.3921],[32576209.137,5780386.2518],[32576252.457,5780293.984],[32576308.2215,5780167.5114],[32576350.9954,5780059.5454],[32576392.4789,5779966.0809],[32576372.9871,5779970.0811],[32576352.4957,5779971.0828],[32576327.2565,5779969.586],[32576303.0168,5779961.5919]],[[32574449.0242,5780685.2054],[32574445.7761,5780676.207],[32574438.53,5780670.212],[32574429.5295,5780668.2183],[32574422.0203,5780669.2216],[32574416.2698,5780672.2182],[32574412.0209,5780678.1947],[32574369.0441,5780770.0691],[32574355.303,5780823.8357],[32574330.5615,5780867.7827],[32574316.8141,5780885.2716],[32574277.5713,5780920.7496],[32574322.8065,5780931.7431],[32574442.2531,5780946.4447],[32574441.579,5780961.7714],[32574445.5557,5780975.0259],[32574457.4871,5780984.9676],[32574477.3732,5780992.2594],[32574491.9561,5780992.924],[32574506.5385,5780987.6648],[32574513.1665,5780978.4682],[32574518.4645,5780896.1851],[32574518.4604,5780824.3079],[32574510.5095,5780774.6916],[32574510.4783,5780699.1185],[32574507.8268,5780696.4675],[32574501.1985,5780697.793],[32574483.3513,5780718.3521],[32574470.7439,5780719.686],[32574461.4586,5780717.0363],[32574456.1557,5780718.3554],[32574452.3618,5780743.3545],[32574450.0028,5780731.6287],[32574449.0242,5780685.2054]],[[32574915.1355,5782467.73],[32574908.0778,5782462.3208],[32574894.3335,5782464.8156],[32574878.3404,5782470.3072],[32574863.0976,5782477.8081],[32574851.853,5782486.8495],[32574843.8568,5782499.9186],[32574836.8602,5782518.5169],[32574832.6125,5782538.6049],[32574831.8631,5782556.6585],[32574836.6115,5782573.1807],[32574846.8574,5782590.1857],[32574861.6013,5782605.678],[32574879.3437,5782618.1596],[32574900.5845,5782625.6195],[32574923.0747,5782628.5532],[32574947.5641,5782627.9547],[32575000.5404,5782614.7378],[32575010.5357,5782609.7286],[32575020.781,5782601.7377],[32575028.7774,5782591.7475],[32575032.5257,5782579.2584],[32575030.5263,5782567.2679],[32575024.5286,5782557.7741],[32575005.0369,5782539.2838],[32574987.5444,5782531.7848],[32574982.1469,5782530.7843],[32574974.0501,5782529.2834],[32574966.8033,5782525.7843],[32574963.0547,5782518.789],[32574961.0556,5782509.7958],[32574956.5573,5782501.8011],[32574949.8102,5782494.3055],[32574915.1355,5782467.73]],[[32577934.5638,5781105.0411],[32577895.3309,5781154.5264],[32577854.5986,5781208.51],[32577851.5024,5781212.8991],[32577797.1232,5781289.9848],[32577759.1394,5781336.9702],[32577718.9065,5781383.9554],[32577652.6832,5781455.9329],[32577580.1865,5781540.9152],[32577644.912,5781505.9247],[32577672.9175,5781493.4216],[32577734.4589,5781475.8621],[32577804.9945,5781455.7364],[32577857.098,5781433.9355],[32577880.5879,5781418.4399],[32577896.581,5781401.945],[32577906.077,5781380.9517],[32577913.074,5781354.4602],[32577917.572,5781326.4692],[32577921.0153,5781264.9376],[32577923.0892,5781227.878],[32577925.0683,5781192.5127],[32577930.3158,5781169.0203],[32577959.3029,5781077.0493],[32577934.5638,5781105.0411]],[[32578604.7599,5780353.7467],[32578582.0205,5780379.24],[32578564.2788,5780402.2338],[32578521.549,5780465.2165],[32578505.8064,5780491.7091],[32578478.3194,5780546.6933],[32578462.327,5780574.6854],[32578446.3345,5780596.1795],[32578428.0928,5780612.6752],[32578406.3526,5780627.1719],[32578383.8628,5780639.6691],[32578359.1364,5780649.8728],[32578272.4126,5780685.6606],[32578245.9245,5780701.1571],[32578224.1843,5780718.6527],[32578183.9524,5780760.1416],[32578171.9579,5780777.1367],[32578143.471,5780836.619],[32578213.9397,5780798.6276],[32578238.1789,5780787.13],[32578331.3875,5780753.1361],[32578385.3087,5780726.5127],[32578415.1221,5780711.7924],[32578488.3171,5780675.6525],[32578538.7942,5780644.1598],[32578574.278,5780614.1673],[32578584.5232,5780599.6713],[32578594.5184,5780580.6767],[32578611.7599,5780535.6897],[32578658.9852,5780334.2497],[32578663.7328,5780315.7552],[32578677.7257,5780275.7669],[32578604.7599,5780353.7467]],[[32578888.8906,5780731.1189],[32578924.6251,5780743.1142],[32578963.5387,5780745.8115],[32579018.3337,5780749.6096],[32579035.5762,5780755.6074],[32579051.8193,5780765.1042],[32579069.0619,5780778.1],[32579067.062,5780741.6107],[32579070.0603,5780724.1157],[32579080.3054,5780708.1201],[32579098.547,5780693.124],[32579121.7864,5780680.6272],[32579146.0255,5780672.6289],[32579173.0134,5780667.6299],[32579204.7493,5780665.6298],[32579238.9842,5780667.1287],[32579374.1009,5780691.6466],[32579478.6297,5780710.6142],[32579519.6118,5780716.6126],[32579536.3544,5780714.6132],[32579551.5976,5780709.1148],[32579567.0906,5780701.1172],[32579558.8438,5780686.1214],[32579545.0995,5780673.6249],[32579528.6065,5780664.1276],[32579510.864,5780657.1296],[32579437.1461,5780638.635],[32579390.9162,5780629.1379],[32579323.9455,5780619.6414],[32579231.736,5780609.1458],[32579189.0049,5780607.1472],[32579153.2708,5780610.1471],[32579063.561,5780628.144],[32579025.328,5780630.1446],[32578916.6262,5780628.1486],[32578848.1566,5780628.651],[32578788.8705,5780625.8298],[32578774.6891,5780625.155],[32578766.6928,5780632.653],[32578760.9456,5780640.6508],[32578757.1975,5780650.1481],[32578756.6979,5780668.1427],[32578765.9443,5780689.136],[32578775.4403,5780700.1323],[32578785.436,5780707.6296],[32578796.9309,5780713.1276],[32578810.4249,5780707.1288],[32578826.6678,5780707.6281],[32578843.1605,5780711.1265],[32578888.8906,5780731.1189]],[[32586242.1176,5782578.2538],[32586247.3657,5782602.7588],[32586258.6109,5782622.7685],[32586278.1024,5782641.2853],[32586305.3404,5782657.8089],[32586341.0749,5782671.3376],[32586386.8061,5782683.8675],[32586403.2973,5782683.3754],[32586435.7755,5782675.8903],[32586457.5103,5782667.3995],[32586477.9968,5782656.4075],[32586495.2359,5782644.9137],[32586518.2204,5782633.4229],[32586577.4081,5782614.6775],[32586609.6628,5782604.4621],[32586622.6559,5782596.4669],[32586627.9027,5782587.968],[32586627.4027,5782578.9664],[32586622.9056,5782569.9627],[32586601.427,5782545.4474],[32586584.6971,5782531.9354],[32586545.9826,5782511.4103],[32586516.8998,5782491.821],[32586459.7685,5782453.339],[32586386.0507,5782414.2988],[32586360.8116,5782403.2944],[32586347.3173,5782400.7931],[32586338.3213,5782402.7918],[32586331.0745,5782408.2898],[32586259.3581,5782492.7632],[32586247.364,5782516.7575],[32586241.8672,5782547.2534],[32586242.1176,5782578.2538]],[[32585853.782,5782547.8772],[32585874.2748,5782538.3681],[32585885.9417,5782522.6637],[32585886.5192,5782521.8864],[32585894.6246,5782496.273],[32585910.9989,5782444.5296],[32585917.4944,5782415.0943],[32585917.7442,5782385.1948],[32585910.2488,5782360.3199],[32585897.0069,5782342.9455],[32585879.2674,5782333.5559],[32585858.2791,5782331.6436],[32585836.7909,5782334.6555],[32585817.0513,5782340.6565],[32585798.8107,5782349.1557],[32585782.3188,5782359.1538],[32585767.0767,5782364.1544],[32585753.5846,5782360.1596],[32585737.5167,5782348.6033],[32585718.8549,5782335.1814],[32585690.1198,5782324.194],[32585663.8823,5782318.2031],[32585651.8878,5782318.7054],[32585640.6429,5782323.2054],[32585631.3971,5782332.702],[32585625.8997,5782344.6964],[32585625.6499,5782356.6897],[32585629.398,5782369.1818],[32585635.6446,5782383.1726],[32585644.6396,5782396.1634],[32585656.8828,5782405.1556],[32585672.3741,5782413.1476],[32585724.5938,5782432.1254],[32585736.8365,5782437.6195],[32585749.0787,5782447.046],[32585761.0709,5782459.9419],[32585770.8144,5782474.8366],[32585801.2975,5782530.0158],[32585814.5429,5782542.455],[32585831.5395,5782548.414],[32585853.782,5782547.8772]]],"crs":{"type":"EPSG","properties":{"code":4647}}},"properties":{"FL_NR":49338,"KLASSE":"BF","KATEGORIE":"hohe - äußerst hohe Bodenfruchtbarkeit","TYP":"BFR 7","QUELLE":"BK50 - Auswertung nach Geobericht 19","UP_DATE":"2021-04-21T08:16:11.0000000","AREA":251437510.34375}}]}