{"type": "FeatureCollection","features":[{"type":"Feature","geometry":{"type":"Polygon","coordinates":[[[32561618.0792,5905804.4488],[32561581.5925,5905722.9817],[32561544.1062,5905644.0137],[32561506.6199,5905564.5458],[32561469.1337,5905485.078],[32561439.6444,5905419.1047],[32561406.1568,5905354.6308],[32561369.4204,5905291.1566],[32561331.9344,5905230.1814],[32561292.4491,5905159.71],[32561245.9666,5905095.2363],[32561191.2374,5905035.7608],[32561130.5108,5904986.2814],[32561036.0474,5904920.8088],[32560941.3341,5904855.8361],[32560846.8706,5904790.8633],[32560752.1573,5904727.39],[32560660.4432,5904692.4052],[32560570.7282,5904649.9235],[32560493.0083,5904594.4467],[32560436.5296,5904520.9767],[32560404.0413,5904436.5108],[32560369.8037,5904353.0445],[32560335.3161,5904271.0776],[32560299.829,5904188.6109],[32560288.3326,5904119.6385],[32560256.5942,5904055.1646],[32560213.1107,5903996.6885],[32560162.3801,5903946.2093],[32560064.9177,5903873.7396],[32559964.4566,5903805.7681],[32559857.7482,5903749.792],[32559745.0424,5903713.3082],[32559669.0724,5903703.8131],[32559590.8534,5903701.815],[32559516.883,5903714.3112],[32559452.659,5903747.7988],[32559414.4248,5903792.7815],[32559386.9365,5903845.7608],[32559368.4447,5903903.7381],[32559361.1985,5903962.7147],[32559391.6874,5904034.6857],[32559413.18,5904111.155],[32559426.6758,5904190.1234],[32559435.1736,5904269.0918],[32559438.4237,5904364.5538],[32559430.6782,5904460.5158],[32559408.1885,5904551.9798],[32559367.4559,5904636.9466],[32559306.981,5904708.4191],[32559240.5084,5904775.8933],[32559166.0388,5904832.3719],[32559084.8217,5904874.8563],[32559042.589,5904916.8402],[32558966.6192,5904916.3415],[32558875.6551,5904897.3505],[32558792.6878,5904884.8567],[32558578.2717,5904797.3946],[32558352.8599,5904710.4325],[32558137.9448,5904676.9491],[32557955.5183,5904748.4234],[32557869.8036,5904830.8919],[32557793.0854,5904923.3563],[32557726.3633,5905021.8181],[32557671.6366,5905127.7768],[32557620.9083,5905233.2356],[32557571.1797,5905339.1943],[32557526.449,5905446.6522],[32557488.7156,5905557.6087],[32557386.0059,5905521.6245],[32557287.2944,5905474.1449],[32557198.5787,5905412.1708],[32557123.1076,5905337.7015],[32557052.884,5905236.2429],[32556988.6579,5905131.7854],[32556929.18,5905023.8292],[32556872.9507,5904915.3731],[32556810.7238,5904802.9187],[32556764.4903,5904681.4677],[32556730.502,5904556.5178],[32556700.2621,5904430.0686],[32556710.755,5904231.1475],[32556704.0048,5904031.7268],[32556677.2625,5903834.3057],[32556631.5278,5903641.8828],[32556551.3062,5903408.9766],[32556464.8372,5903179.5691],[32556375.3693,5902950.6614],[32556284.9019,5902722.7533],[32556175.4417,5902476.8526],[32556054.2363,5902236.45],[32555932.781,5901996.5471],[32555824.3204,5901751.6461],[32555765.8402,5901520.2389],[32555758.5895,5901278.835],[32555790.3233,5901033.9318],[32555846.7974,5900798.0248],[32555904.0245,5900785.5289],[32555960.2518,5900762.0374],[32556010.4814,5900728.55],[32556051.7144,5900686.566],[32556090.1982,5900624.0903],[32556115.687,5900552.1185],[32556125.1821,5900478.1478],[32556117.6841,5900406.6763],[32556087.9452,5900361.6946],[32556036.2153,5900334.2063],[32555975.2393,5900319.713],[32555915.2631,5900316.2153],[32555871.5297,5900261.2377],[32555834.0436,5900200.7623],[32555802.3053,5900138.2876],[32555777.8141,5900073.3138],[32555784.3103,5899991.3463],[32555825.043,5899915.3759],[32555882.5191,5899844.9031],[32555945.7431,5899782.427],[32555970.7313,5899653.4778],[32555984.7238,5899523.5293],[32555990.4696,5899392.0815],[32555989.4681,5899262.1331],[32555940.236,5899151.6777],[32555843.773,5899065.2135],[32555722.0704,5898999.2415],[32555598.3688,5898952.262],[32555490.6609,5898911.2799],[32555379.9544,5898878.2947],[32555267.9985,5898854.3059],[32555155.0433,5898845.8109],[32555059.8313,5898859.8068],[32554967.6184,5898894.2944],[32554883.4026,5898944.7756],[32554809.9327,5899007.2519],[32554739.4617,5899071.7273],[32554673.9887,5899141.2006],[32554615.513,5899217.1713],[32554565.784,5899297.6401],[32554492.5636,5899334.1266],[32554412.3458,5899356.6189],[32554329.3788,5899363.1175],[32554247.4113,5899357.1211],[32554182.4369,5899345.6267],[32554119.4616,5899327.135],[32554059.735,5899301.646],[32554006.0058,5899266.6607],[32553949.0283,5899257.1653],[32553892.0508,5899250.6687],[32553834.0738,5899248.1706],[32553777.8462,5899250.6704],[32553731.8647,5899264.1657],[32553689.6318,5899290.156],[32553653.3967,5899324.6428],[32553624.1589,5899363.6278],[32553591.6729,5899439.5981],[32553576.1803,5899522.5653],[32553545.4438,5899609.0314],[32553518.9531,5899526.0648],[32553489.4636,5899443.598],[32553459.2244,5899362.6306],[32553417.241,5899358.133],[32553382.5042,5899318.6492],[32553357.7632,5899262.6718],[32553346.267,5899208.6935],[32553340.2671,5899058.2533],[32553333.2677,5898909.3126],[32553324.2691,5898759.8722],[32553314.2709,5898610.9315],[32553305.0231,5898511.4712],[32553292.5266,5898412.5107],[32553279.2804,5898314.5498],[32553267.0338,5898216.0891],[32553216.5524,5898119.6282],[32553186.3129,5898014.6704],[32553175.0657,5897903.2148],[32553181.8114,5897795.2577],[32553212.7967,5897628.3235],[32553250.0294,5897462.3889],[32553292.2602,5897297.9537],[32553341.2384,5897136.0173],[32553389.2173,5896997.0718],[32553443.1938,5896860.6253],[32553500.1692,5896725.1783],[32553563.1423,5896592.2302],[32553635.6123,5896515.7595],[32553704.084,5896435.2905],[32553759.8105,5896346.8248],[32553795.5449,5896250.8624],[32553797.0433,5896182.8894],[32553789.2954,5896113.9169],[32553769.8022,5896049.4429],[32553734.3155,5895995.9646],[32553680.3364,5895963.9781],[32553619.6102,5895942.4876],[32553556.6351,5895931.9927],[32553493.6601,5895930.4942],[32553416.4409,5895939.9916],[32553343.2205,5895975.4785],[32553280.996,5896027.9586],[32553237.5142,5896092.4336],[32553213.5257,5896225.3811],[32553184.5392,5896358.3287],[32553145.8065,5896488.2776],[32553092.8293,5896611.7294],[32553040.3515,5896698.6956],[32552985.6244,5896784.1624],[32552929.1481,5896868.6297],[32552872.4219,5896953.5967],[32552807.1983,5896990.0832],[32552752.7208,5897046.5615],[32552707.2399,5897112.536],[32552666.7569,5897180.0098],[32552596.0369,5897310.459],[32552533.0639,5897444.4067],[32552478.0878,5897581.8528],[32552433.1077,5897723.7971],[32552398.1236,5897860.7432],[32552371.1364,5898000.1882],[32552351.1464,5898140.1328],[32552338.1537,5898282.5764],[32552328.1601,5898447.511],[32552323.9142,5898612.4455],[32552324.9162,5898777.38],[32552331.666,5898943.8137],[32552317.1729,5899017.7845],[32552300.6805,5899091.7554],[32552279.1901,5899163.7271],[32552252.7016,5899234.1995],[32552228.462,5899284.18],[32552200.9736,5899333.1609],[32552169.7367,5899379.6429],[32552136.2507,5899424.6255],[32552103.0144,5899461.6113],[32552068.7786,5899497.0977],[32552032.5435,5899531.0847],[32551994.3091,5899562.5728],[32551979.3131,5899432.6246],[32551928.0817,5899308.1748],[32551846.8623,5899198.2197],[32551745.4014,5899115.2542],[32551555.9752,5899019.7949],[32551354.3043,5898953.3243],[32551144.6369,5898910.8443],[32550933.7204,5898890.3555],[32550723.8037,5898888.8592],[32550513.3876,5898908.3545],[32550306.2205,5898948.8415],[32550105.8009,5899008.3208],[32550203.5105,5898897.8632],[32550311.2162,5898797.4016],[32550429.9178,5898708.4352],[32550555.3669,5898632.4636],[32550703.807,5898570.486],[32550861.2439,5898528.5004],[32551018.4308,5898485.5152],[32551166.8709,5898422.538],[32551265.3309,5898357.5624],[32551358.0429,5898281.0914],[32551437.5101,5898193.625],[32551501.2333,5898095.1632],[32551555.2101,5897978.2089],[32551594.9426,5897855.757],[32551619.9308,5897728.8071],[32551633.6734,5897600.8577],[32551616.9275,5897426.4273],[32551594.184,5897253.9962],[32551563.1938,5897082.5647],[32551525.4563,5896913.1326],[32551472.7246,5896733.7047],[32551413.7454,5896556.2761],[32551355.0161,5896378.8475],[32551304.2836,5896199.4195],[32551268.2958,5896056.9767],[32551235.0569,5895913.5342],[32551206.0663,5895770.0916],[32551183.0733,5895626.1492],[32551166.0781,5895492.7024],[32551154.8306,5895358.7558],[32551149.8306,5895224.3094],[32551149.8286,5895091.3622],[32551148.3279,5894998.3992],[32551163.0706,5894904.4363],[32551198.5553,5894818.4699],[32551255.0318,5894749.9963],[32551343.4958,5894691.5183],[32551445.7047,5894654.0317],[32551553.9114,5894633.0384],[32551663.1179,5894627.0392],[32551817.0569,5894632.035],[32551969.9964,5894651.0252],[32552122.6862,5894682.5104],[32552272.6273,5894722.4923],[32552420.8181,5894701.4985],[32552566.0097,5894655.5146],[32552704.4538,5894590.5384],[32552834.1512,5894512.5675],[32552975.8436,5894422.6012],[32553113.5375,5894325.6377],[32553246.2333,5894222.1768],[32553371.9317,5894111.2191],[32553476.6388,5894018.7543],[32553581.3459,5893926.7893],[32553684.0537,5893832.3253],[32553782.7631,5893733.863],[32553905.4628,5893627.9033],[32554030.1618,5893523.9428],[32554155.8604,5893420.4821],[32554282.5586,5893319.5203],[32554388.7662,5893305.0245],[32554497.7229,5893302.0241],[32554605.9299,5893305.0213],[32554714.8867,5893311.5171],[32554883.8198,5893325.0093],[32555052.753,5893344.9988],[32555220.4368,5893373.485],[32555388.3706,5893407.9688],[32555493.0795,5893435.4564],[32555595.7892,5893474.4393],[32555692.5016,5893524.9179],[32555780.2177,5893589.8908],[32555856.6882,5893648.3664],[32555929.4103,5893712.8397],[32555996.8845,5893783.8105],[32556057.3616,5893860.2792],[32556126.3346,5893883.7689],[32556202.3045,5893889.2656],[32556278.2742,5893876.7695],[32556349.4955,5893850.2789],[32556426.9639,5893791.8011],[32556492.4369,5893718.3293],[32556547.1639,5893634.3619],[32556594.6438,5893547.8955],[32556652.6187,5893404.4517],[32556698.5983,5893255.5102],[32556735.8314,5893103.5701],[32556765.8173,5892951.63],[32556825.5417,5892826.179],[32556895.5122,5892705.7259],[32556974.2293,5892591.2702],[32557062.9426,5892484.8113],[32557136.4124,5892416.3374],[32557219.8784,5892356.8598],[32557311.3415,5892312.3762],[32557407.5529,5892284.8857],[32557452.0343,5892220.4106],[32557486.5196,5892147.4391],[32557507.0103,5892070.4694],[32557512.507,5891993.5],[32557493.0135,5891902.5364],[32557456.7766,5891816.0713],[32557407.2951,5891735.604],[32557350.8164,5891661.1344],[32557332.3226,5891579.1673],[32557319.8263,5891496.7003],[32557313.3277,5891412.7337],[32557316.0754,5891330.7663],[32557327.5695,5891235.8038],[32557347.3103,5891142.8405],[32557374.7981,5891051.8763],[32557408.5334,5890963.4109],[32557373.2959,5890861.9518],[32557288.8283,5890781.9848],[32557178.1213,5890719.5113],[32557068.4141,5890667.5335],[32556955.4587,5890652.5411],[32556840.5045,5890665.5377],[32556727.0501,5890701.0252],[32556622.8421,5890751.0069],[32556557.1196,5890843.9709],[32556529.3823,5890960.425],[32556527.3849,5891085.8752],[32556541.631,5891207.8265],[32556521.1401,5891277.799],[32556500.6493,5891348.771],[32556478.1592,5891418.7436],[32556449.6715,5891486.2172],[32556412.4368,5891518.205],[32556358.4583,5891529.7012],[32556299.4817,5891524.2043],[32556246.5025,5891509.7108],[32556179.7784,5891470.2275],[32556121.051,5891420.748],[32556067.3215,5891364.2712],[32556019.8395,5891304.2958],[32555966.3594,5891214.8321],[32555923.1252,5891119.3707],[32555887.6378,5891020.9103],[32555858.398,5890921.4503],[32555790.9235,5890837.9845],[32555711.4541,5890766.514],[32555622.7383,5890703.5404],[32555530.2743,5890651.0626],[32555397.3268,5890630.0729],[32555259.1321,5890656.0646],[32555123.6866,5890709.0455],[32554995.2386,5890772.0224],[32554889.2807,5890773.5234],[32554783.0728,5890772.5254],[32554678.1144,5890762.5309],[32554576.4045,5890742.0405],[32554414.7179,5890689.5638],[32554258.0292,5890624.5919],[32554105.5887,5890549.1241],[32553956.1469,5890469.1581],[32553857.4353,5890415.181],[32553759.7233,5890360.7041],[32553665.0101,5890301.729],[32553576.5443,5890236.2563],[32553720.986,5890174.2788],[32553861.6789,5890093.3089],[32553977.3815,5889988.8487],[32554051.3502,5889859.3991],[32554084.335,5889712.457],[32554095.3284,5889561.5169],[32554085.3302,5889409.5774],[32554057.3392,5889262.1364],[32554013.3545,5889111.6969],[32553960.3734,5888965.2559],[32553897.3963,5888822.8134],[32553821.1746,5888687.8682],[32553744.9531,5888565.418],[32553664.7333,5888446.4664],[32553577.5163,5888333.0128],[32553483.3021,5888226.0567],[32553435.8196,5888131.595],[32553394.5846,5888034.1343],[32553364.3451,5887933.1749],[32553346.8506,5887830.7159],[32553356.5952,5887721.759],[32553394.3286,5887615.8006],[32553450.0551,5887516.3393],[32553516.7772,5887425.8743],[32553579.2514,5887356.401],[32553649.7225,5887292.9252],[32553726.9411,5887240.4449],[32553811.407,5887199.9598],[32553879.8787,5887124.4888],[32553946.3512,5887048.0182],[32554009.0751,5886968.049],[32554068.5503,5886885.581],[32554096.2875,5886766.6278],[32554072.2952,5886637.6794],[32554019.0645,5886508.7315],[32553958.8366,5886388.2802],[32553907.6053,5886274.8261],[32553852.3757,5886163.3712],[32553791.1484,5886055.9148],[32553721.9244,5885953.4566],[32553652.4505,5885848.9991],[32553581.2273,5885745.0415],[32553509.0045,5885642.5833],[32553433.533,5885544.1235],[32553384.0515,5885464.6559],[32553335.5696,5885385.1882],[32553289.0869,5885304.7208],[32553246.8525,5885223.2538],[32553209.3662,5885136.7887],[32553178.877,5885047.8246],[32553154.6353,5884957.3609],[32553135.1417,5884866.3973],[32553136.3905,5884819.416],[32553156.8818,5884774.4336],[32553189.1184,5884734.449],[32553226.3531,5884702.9609],[32553304.5713,5884648.4815],[32553387.0378,5884599.9995],[32553472.2533,5884555.5159],[32553558.7184,5884515.0308],[32553655.9292,5884471.0468],[32553754.3895,5884429.5619],[32553853.5995,5884390.0761],[32553954.8088,5884354.0889],[32554061.2657,5884298.6094],[32554169.7219,5884245.6289],[32554278.9277,5884194.1477],[32554388.3835,5884143.1664],[32554479.8463,5884081.6895],[32554581.0555,5884035.7063],[32554688.5123,5884003.2176],[32554797.7186,5883982.2243],[32554965.6519,5883976.2242],[32555133.8349,5883966.7255],[32555303.0175,5883952.7286],[32555470.9506,5883938.2319],[32555609.1455,5883921.2366],[32555747.3403,5883899.2433],[32555884.5354,5883868.2536],[32556018.9815,5883829.2672],[32556116.1923,5883778.7858],[32556201.9072,5883704.3142],[32556272.3779,5883613.8491],[32556327.1048,5883515.3874],[32556467.0519,5883697.3131],[32556621.743,5883867.7431],[32556789.6787,5884025.178],[32556968.8597,5884170.6176],[32557158.0365,5884297.0645],[32557360.4577,5884405.5185],[32557572.8747,5884492.9806],[32557791.289,5884559.9508],[32558032.1941,5884600.4311],[32558279.0963,5884610.4235],[32558526.248,5884594.4263],[32558770.6505,5884557.9372],[32558930.8364,5884521.4493],[32559089.2728,5884471.4669],[32559238.7126,5884403.4917],[32559370.409,5884310.5267],[32559450.3755,5884184.0758],[32559485.3594,5884032.1357],[32559487.6062,5883869.7002],[32559465.6126,5883713.7625],[32559410.3827,5883582.3156],[32559333.1616,5883460.3652],[32559236.9483,5883353.9089],[32559126.4908,5883264.9459],[32559036.2751,5883157.9897],[32558946.0594,5883051.5333],[32558854.5942,5882945.5767],[32558762.3793,5882841.6194],[32558733.8897,5882777.6452],[32558730.3901,5882702.6751],[32558748.8817,5882630.7034],[32558790.1146,5882574.725],[32558860.5857,5882510.2496],[32558942.0527,5882459.7685],[32559030.2671,5882419.7831],[32559122.4801,5882388.2942],[32559231.6864,5882356.8051],[32559341.8923,5882331.8134],[32559455.0971,5882314.8185],[32559568.3021,5882303.3214],[32559650.7686,5882247.8422],[32559716.2415,5882168.3728],[32559765.9705,5882073.9096],[32559800.4554,5881975.948],[32559807.4505,5881827.0071],[32559782.4584,5881677.5668],[32559735.4749,5881531.1257],[32559679.4952,5881389.6827],[32559591.7775,5881214.7535],[32559489.8156,5881047.8213],[32559375.8586,5880888.8862],[32559253.9048,5880736.9483],[32559158.6908,5880606.5016],[32559062.727,5880476.5546],[32558965.5138,5880348.6069],[32558865.3017,5880223.658],[32558790.0797,5880092.2114],[32558729.102,5879953.7673],[32558681.119,5879809.3254],[32558642.1324,5879662.8841],[32558588.9017,5879537.4348],[32558536.6707,5879412.985],[32558484.6896,5879287.5356],[32558431.4589,5879164.0854],[32558349.2397,5879030.1399],[32558241.031,5878914.1875],[32558116.8288,5878811.2303],[32557990.3776,5878714.2707],[32557902.6616,5878657.7944],[32557808.9481,5878611.8141],[32557710.2368,5878580.328],[32557610.2763,5878570.3335],[32557507.5663,5878519.3553],[32557405.8559,5878469.8764],[32557304.1455,5878416.899],[32557205.6838,5878363.4217],[32557150.2043,5878255.9652],[32557099.9727,5878145.5098],[32557059.7371,5878033.0551],[32557032.4962,5877916.6018],[32557021.2495,5877829.6365],[32557015.7504,5877740.1722],[32557022.4965,5877654.2062],[32557048.9849,5877573.7378],[32557085.4695,5877505.7643],[32557122.9537,5877438.7903],[32557163.4367,5877373.3157],[32557203.9197,5877308.341],[32557257.3975,5877233.8698],[32557308.876,5877157.3994],[32557359.3549,5877080.4292],[32557410.8334,5877004.9585],[32557479.5552,5876934.4854],[32557535.032,5876850.518],[32557576.7641,5876759.0537],[32557604.2519,5876664.091],[32557619.2442,5876536.1417],[32557615.9936,5876404.1941],[32557586.0038,5876281.7432],[32557520.5283,5876180.2845],[32557406.0726,5876101.3176],[32557294.6156,5876018.3522],[32557185.1578,5875932.388],[32557078.6988,5875844.4245],[32556981.2365,5875776.9528],[32556894.7696,5875693.987],[32556821.2974,5875600.5253],[32556765.0683,5875498.0668],[32556720.0843,5875365.6201],[32556688.8447,5875229.1748],[32556672.8491,5875090.2303],[32556668.8488,5874950.7857],[32556674.8443,5874799.8456],[32556696.8334,5874648.9053],[32556740.814,5874505.9614],[32556814.7829,5874379.5106],[32556924.4879,5874273.5511],[32557030.1944,5874164.093],[32557135.1512,5874051.6361],[32557237.8589,5873939.6791],[32557331.5705,5873848.214],[32557419.2843,5873749.7519],[32557490.0048,5873642.2935],[32557534.7354,5873523.3401],[32557543.4806,5873431.3765],[32557532.9834,5873334.4152],[32557498.7458,5873249.9493],[32557437.0195,5873191.4734],[32557356.0513,5873170.9828],[32557270.0855,5873181.4799],[32557183.8701,5873211.4693],[32557105.6517,5873251.9543],[32557063.1672,5873156.4929],[32557010.6868,5873067.0292],[32556948.2103,5872982.5637],[32556879.7364,5872906.0951],[32556792.2702,5872843.6213],[32556691.5596,5872800.6398],[32556589.8493,5872758.658],[32556501.1336,5872699.183],[32556415.9159,5872594.7258],[32556350.6901,5872473.7748],[32556302.4574,5872344.3269],[32556264.4706,5872212.8797],[32556243.2274,5872098.9253],[32556233.9794,5871983.4712],[32556237.7263,5871868.5168],[32556256.4672,5871755.5614],[32556266.2118,5871643.6057],[32556278.2054,5871531.65],[32556291.9484,5871420.6939],[32556311.689,5871310.7372],[32556316.4356,5871205.7788],[32556318.9331,5871100.8205],[32556318.6817,5870995.8621],[32556315.4315,5870891.4037],[32556329.1726,5870649.4995],[32556332.6678,5870407.5955],[32556323.418,5870166.1915],[32556300.1738,5869925.7873],[32556261.9351,5869656.3949],[32556217.6988,5869388.0021],[32556165.4657,5869120.1093],[32556107.235,5868855.7151],[32556058.7514,5868656.295],[32556007.019,5868456.875],[32555950.2887,5868258.9544],[32555886.5612,5868065.5322],[32555970.2766,5867966.0704],[32556046.245,5867859.6116],[32556106.9693,5867745.1561],[32556145.7022,5867623.204],[32556140.4527,5867517.2461],[32556107.2144,5867409.7893],[32556077.9744,5867303.332],[32556086.7195,5867202.372],[32556127.2026,5867137.897],[32556189.4272,5867087.9159],[32556263.6473,5867055.4277],[32556341.8661,5867040.4325],[32556389.847,5867031.4353],[32556438.8275,5867025.9368],[32556487.8081,5867027.4355],[32556532.7905,5867042.4288],[32556582.0206,5867014.939],[32556626.2526,5866979.4524],[32556665.4864,5866936.4689],[32556699.9721,5866891.9861],[32556705.2191,5866829.011],[32556682.7271,5866764.5369],[32556643.2419,5866703.0619],[32556600.5081,5866649.084],[32556588.0121,5866588.6082],[32556576.2659,5866528.6322],[32556568.768,5866467.6565],[32556565.2686,5866407.6804],[32556581.7611,5866338.7076],[32556617.9958,5866275.732],[32556666.4758,5866219.2537],[32556719.9539,5866167.2736],[32556759.1878,5866131.7871],[32556802.4202,5866098.7995],[32556848.6515,5866072.3094],[32556898.6315,5866054.8156],[32556910.876,5866008.8336],[32556901.379,5865957.854],[32556877.6377,5865907.3744],[32556849.8981,5865863.3923],[32556793.1699,5865819.9104],[32556726.4459,5865791.4227],[32556654.4742,5865771.9315],[32556583.5021,5865758.9378],[32556531.7723,5865733.9485],[32556481.042,5865708.4593],[32556430.0618,5865681.9706],[32556381.3307,5865654.4823],[32556355.5903,5865612.4993],[32556360.0877,5865555.5219],[32556382.328,5865493.5462],[32556409.8164,5865439.5672],[32556476.0396,5865401.0815],[32556557.2572,5865388.5852],[32556643.2232,5865393.582],[32556727.1901,5865404.0765],[32556918.1147,5865415.5691],[32557109.0392,5865432.0597],[32557298.9643,5865452.0489],[32557489.889,5865475.5367],[32557626.8347,5865471.5363],[32557763.0304,5865451.5422],[32557896.2272,5865417.5537],[32558024.6756,5865367.5716],[32558088.8995,5865322.0887],[32558143.377,5865261.6119],[32558179.8616,5865189.6399],[32558192.3556,5865114.6695],[32558146.1224,5865012.2109],[32558065.6531,5864927.7456],[32557966.1915,5864856.7753],[32557865.4805,5864793.8018],[32557722.7863,5864744.8234],[32557572.8454,5864720.8352],[32557419.9059,5864715.8395],[32557267.9662,5864723.3388],[32557144.015,5864703.8484],[32557020.0639,5864684.8578],[32556896.1127,5864663.8679],[32556773.411,5864641.8785],[32556694.442,5864623.387],[32556616.4726,5864600.3973],[32556540.7521,5864571.9098],[32556469.0301,5864537.4245],[32556422.2981,5864502.9389],[32556381.5636,5864460.9562],[32556350.8251,5864410.4767],[32556331.0821,5864357.4981],[32556327.5826,5864292.0241],[32556341.0763,5864226.5499],[32556366.5653,5864163.5745],[32556397.8021,5864104.5975],[32556483.2675,5864048.1186],[32556589.4751,5864027.1254],[32556705.4291,5864027.1237],[32556817.3849,5864032.6198],[32556948.583,5864040.6147],[32557079.2815,5864057.606],[32557209.2304,5864082.5941],[32557338.1797,5864114.5795],[32557448.1359,5864094.5857],[32557553.5935,5864047.103],[32557650.0543,5863981.1278],[32557734.5197,5863902.6577],[32557776.252,5863818.6904],[32557795.743,5863724.7274],[32557794.4921,5863627.7659],[32557776.248,5863534.3033],[32557727.7656,5863423.3481],[32557662.54,5863319.3904],[32557585.3192,5863223.9294],[32557500.8514,5863137.465],[32557415.1345,5863078.4897],[32557321.421,5863035.0084],[32557221.7101,5863005.0218],[32557120.7499,5862993.5279],[32557050.7774,5862975.5361],[32556981.8045,5862959.0437],[32556911.832,5862945.5501],[32556841.8596,5862939.0537],[32556784.1322,5862916.5635],[32556728.4039,5862889.0753],[32556675.4244,5862858.0883],[32556626.6932,5862822.6032],[32556592.2059,5862758.1293],[32556590.7054,5862679.1607],[32556607.1977,5862596.1934],[32556629.6877,5862517.2244],[32556691.1626,5862467.7431],[32556776.3786,5862451.2484],[32556870.3415,5862457.2446],[32556960.3061,5862470.7379],[32557061.5154,5862431.2521],[32557161.7251,5862391.2664],[32557260.1855,5862345.783],[32557356.3967,5862296.801],[32557432.1155,5862212.3334],[32557474.847,5862100.3773],[32557493.8377,5861975.4266],[32557500.5833,5861853.4749],[32557499.5816,5861708.0327],[32557487.5843,5861564.09],[32557463.5918,5861420.6474],[32557430.353,5861280.2036],[32557368.6247,5861097.777],[32557294.9013,5860920.3485],[32557210.932,5860746.4188],[32557120.2155,5860577.4872],[32557045.993,5860454.0373],[32556965.773,5860334.5859],[32556878.5559,5860220.6324],[32556781.3429,5860116.6751],[32556703.6228,5860058.1995],[32556614.9073,5860014.7181],[32556520.9441,5859988.7298],[32556425.9817,5859986.2322],[32556350.762,5860019.7201],[32556289.2872,5860081.1966],[32556241.8071,5860156.6673],[32556208.3216,5860237.6357],[32556153.5948,5860342.0951],[32556101.8668,5860449.0534],[32556054.1373,5860556.5115],[32556012.4055,5860667.4681],[32555985.6675,5860763.4304],[32555966.9263,5860861.3918],[32555957.1817,5860961.3522],[32555957.6829,5861061.3126],[32555935.1927,5861121.2891],[32555907.7045,5861179.2665],[32555873.4689,5861231.7462],[32555828.9872,5861276.729],[32555797.0003,5861304.2186],[32555762.7642,5861331.2084],[32555726.5289,5861350.7012],[32555687.5445,5861363.6966],[32555628.5678,5861357.2001],[32555573.5893,5861332.7106],[32555520.8597,5861297.2255],[32555473.1281,5861259.7411],[32555432.3935,5861207.7623],[32555403.9039,5861147.2868],[32555385.4103,5861082.3128],[32555373.664,5861016.839],[32555366.166,5860949.8657],[32555363.666,5860882.8923],[32555367.1636,5860815.9188],[32555376.6589,5860749.9449],[32555346.92,5860706.4626],[32555298.9386,5860678.9742],[32555242.2109,5860663.4812],[32555186.2331,5860659.4836],[32555128.0065,5860681.9756],[32555076.7774,5860720.4611],[32555031.2962,5860769.4423],[32554994.0617,5860821.922],[32554901.5993,5860882.3994],[32554809.1368,5860942.8768],[32554716.6744,5861001.8548],[32554623.2123,5861060.333],[32554470.7739,5861132.3067],[32554312.3375,5861189.2865],[32554148.9031,5861236.7701],[32553985.7185,5861281.7546],[32553849.2731,5861318.742],[32553713.0777,5861354.7297],[32553575.8826,5861387.7187],[32553437.4379,5861415.7096],[32553304.4909,5861435.7037],[32553171.294,5861449.7001],[32553037.0973,5861457.6989],[32552903.1505,5861460.6997],[32552786.9469,5861478.1945],[32552671.7428,5861497.1887],[32552557.5385,5861519.1817],[32552444.3337,5861545.6728],[32552367.3646,5861566.6656],[32552291.1452,5861594.1559],[32552218.6744,5861627.6436],[32552150.4521,5861669.1282],[32552093.4749,5861680.1247],[32552035.2481,5861687.6225],[32551977.2711,5861687.1236],[32551921.2932,5861679.6274],[32551834.5769,5861634.1468],[32551750.1097,5861581.1691],[32551682.3856,5861515.6961],[32551644.8993,5861435.2286],[32551644.3984,5861362.2576],[32551650.8948,5861288.2869],[32551669.3865,5861220.3136],[32551710.8693,5861168.8334],[32551756.1009,5861141.8434],[32551803.0819,5861119.3517],[32551852.3121,5861099.8587],[32551902.5419,5861082.3649],[32551954.5214,5861087.3621],[32552008.5,5861088.8607],[32552060.4793,5861081.3629],[32552105.711,5861058.8712],[32552126.9521,5861024.8843],[32552141.1959,5860986.8992],[32552147.4428,5860945.9154],[32552145.6929,5860906.9309],[32552128.9487,5860852.4527],[32552102.4585,5860802.473],[32552064.7228,5860758.9908],[32552020.9897,5860727.0041],[32551946.0189,5860690.0199],[32551870.2985,5860656.5343],[32551793.5784,5860626.0476],[32551716.6085,5860596.5604],[32551603.9028,5860565.5744],[32551492.1966,5860531.5895],[32551381.2401,5860493.6063],[32551273.5322,5860452.1243],[32551203.8094,5860419.6382],[32551137.0853,5860381.1545],[32551075.3591,5860336.6731],[32551020.63,5860284.1947],[32550970.149,5860210.7246],[32550934.6618,5860128.2579],[32550911.4197,5860040.7929],[32550896.9242,5859952.828],[32550853.1908,5859904.3479],[32550818.7037,5859847.3711],[32550798.9606,5859784.8961],[32550797.4603,5859722.9208],[32550817.9509,5859639.9534],[32550843.6895,5859555.9863],[32550881.1735,5859482.5149],[32550940.3993,5859432.0341],[32550991.6286,5859410.042],[32551041.8584,5859388.5498],[32551093.0877,5859367.0576],[32551144.0672,5859345.0656],[32551202.2937,5859318.5752],[32551260.5202,5859291.0853],[32551317.7471,5859262.5957],[32551374.974,5859233.1066],[32551441.4468,5859178.6272],[32551490.9261,5859106.655],[32551531.4088,5859025.1868],[32551567.8931,5858943.2187],[32551680.5971,5858851.7534],[32551787.3033,5858753.7907],[32551884.0134,5858645.3323],[32551966.9787,5858527.8776],[32552048.9441,5858382.4341],[32552129.9098,5858236.9907],[32552209.8759,5858091.5472],[32552290.092,5857946.1037],[32552365.8101,5857822.1518],[32552432.7817,5857693.7018],[32552492.7559,5857561.2534],[32552549.4814,5857427.3057],[32552625.6987,5857253.8734],[32552690.9202,5857075.4433],[32552734.4002,5856891.5156],[32552747.6422,5856705.5892],[32552698.6592,5856542.1548],[32552655.9237,5856376.7211],[32552627.9324,5856210.2876],[32552627.1802,5856043.3538],[32552640.9227,5855902.9094],[32552654.9151,5855762.9647],[32552668.9075,5855623.02],[32552683.8995,5855484.0749],[32552682.6482,5855363.123],[32552691.6429,5855241.1712],[32552707.3848,5855121.2186],[32552727.1252,5855001.2659],[32552760.6091,5854805.3432],[32552801.8399,5854611.4195],[32552848.3186,5854418.4954],[32552899.5455,5854228.0702],[32552989.2561,5853970.671],[32553075.2182,5853711.7725],[32553154.9327,5853450.375],[32553228.6496,5853188.4779],[32553285.3739,5852965.0657],[32553337.8498,5852741.1538],[32553383.3284,5852515.2428],[32553415.8122,5852288.3323],[32553402.8157,5852174.3778],[32553396.5664,5852059.4235],[32553398.3141,5851944.9689],[32553407.0589,5851831.014],[32553418.8028,5851731.0535],[32553442.5419,5851632.0924],[32553478.0265,5851538.629],[32553525.7563,5851450.6632],[32553607.2229,5851379.1903],[32553685.6907,5851303.7191],[32553757.411,5851223.25],[32553820.8846,5851135.7837],[32553860.3678,5851060.8129],[32553893.1037,5850982.3436],[32553918.5924,5850901.3753],[32553939.083,5850819.4075],[32553915.5912,5850737.9402],[32553902.3452,5850653.9737],[32553901.8442,5850570.0071],[32553917.3368,5850489.039],[32553950.8225,5850420.0659],[32554001.3016,5850358.5895],[32554063.5262,5850312.107],[32554134.7476,5850287.6157],[32554230.4603,5850329.0978],[32554331.4207,5850359.0844],[32554436.3793,5850376.5759],[32554541.3378,5850380.5727],[32554655.2924,5850366.5766],[32554768.4971,5850342.0846],[32554876.9535,5850303.0984],[32554974.1641,5850245.6198],[32555036.6384,5850181.1445],[32555092.3652,5850108.6724],[32555129.8491,5850027.704],[32555142.3429,5849942.7375],[32555127.0977,5849854.7727],[32555095.6089,5849769.3071],[32555053.1245,5849687.84],[32555006.6418,5849610.3715],[32554923.423,5849486.9217],[32554836.2058,5849366.9706],[32554739.9923,5849256.5159],[32554629.5347,5849161.5553],[32554529.0737,5849106.5786],[32554430.362,5849049.1029],[32554333.6495,5848989.1281],[32554238.1864,5848928.1538],[32554171.4623,5848891.6693],[32554105.4879,5848850.1867],[32554053.0079,5848798.7079],[32554023.2688,5848735.7334],[32554035.763,5848676.7566],[32554058.2532,5848616.7801],[32554092.4889,5848571.7974],[32554139.72,5848558.3021],[32554205.4441,5848572.7953],[32554272.4178,5848586.289],[32554339.3914,5848598.783],[32554406.365,5848612.2767],[32554468.0909,5848636.766],[32554534.065,5848655.2577],[32554600.0389,5848657.7557],[32554660.2647,5848640.2618],[32554703.4969,5848594.7792],[32554739.9817,5848542.7993],[32554765.2208,5848485.8215],[32554776.7154,5848425.8451],[32554730.9826,5848366.8692],[32554685.4997,5848301.3959],[32554660.0089,5848237.9215],[32554677.2512,5848182.943],[32554722.2334,5848183.4422],[32554766.4657,5848175.9445],[32554811.4477,5848160.9498],[32554855.6799,5848146.4549],[32554924.9021,5848123.9627],[32554994.1241,5848089.4754],[32555047.3524,5848043.9927],[32555073.841,5847984.0161],[32555066.3428,5847907.0467],[32555049.8482,5847830.5773],[32555024.3572,5847757.6067],[32554987.8707,5847691.1336],[32554924.1449,5847619.663],[32554864.6674,5847546.193],[32554806.1895,5847470.7238],[32554748.7112,5847396.2543],[32554722.2204,5847306.7902],[32554682.9847,5847222.3243],[32554629.5047,5847146.855],[32554561.7807,5847088.3793],[32554471.0661,5847045.8975],[32554374.354,5847012.912],[32554276.3926,5846998.4192],[32554181.1805,5847008.4167],[32554094.9654,5847055.8991],[32554005.5015,5847096.3844],[32553914.2882,5847133.8709],[32553823.0749,5847169.858],[32553696.6258,5847219.3402],[32553566.428,5847257.3271],[32553433.2313,5847288.3167],[32553300.7843,5847316.3076],[32553110.8593,5847298.8174],[32552917.9357,5847288.3244],[32552731.7598,5847305.8202],[32552563.3276,5847372.7962],[32552477.8627,5847452.2659],[32552388.1494,5847527.7373],[32552296.6867,5847601.2095],[32552204.2245,5847673.1823],[32552122.5081,5847752.6519],[32552030.0458,5847824.1249],[32551927.8371,5847872.6072],[32551820.6298,5847885.6036],[32551710.9229,5847857.6164],[32551603.9647,5847819.1332],[32551506.5026,5847765.1561],[32551427.7827,5847690.6868],[32551365.556,5847598.2245],[32551313.0754,5847500.7639],[32551260.8446,5847401.3042],[32551203.366,5847307.8421],[32551095.4066,5847154.9045],[32550986.4476,5847003.966],[32550876.4889,5846853.0275],[32550793.0204,5846742.5726],[32550764.5312,5846705.0879],[32550730.0437,5846628.6188],[32550690.5583,5846554.1489],[32550642.8262,5846486.1766],[32550589.3465,5846423.7022],[32550517.8738,5846353.7311],[32550445.1516,5846286.2589],[32550372.6794,5846219.7864],[32550300.2072,5846153.3138],[32550205.7434,5846067.3494],[32550112.2792,5845983.8839],[32550016.8158,5845900.9182],[32549921.3525,5845818.9522],[32549797.8999,5845714.9953],[32549675.6969,5845612.0379],[32549552.2443,5845509.0806],[32549430.0413,5845407.1229],[32549312.5864,5845310.1631],[32549196.3811,5845213.2033],[32549079.9259,5845117.2432],[32548963.4706,5845020.2834],[32548880.0026,5844944.8146],[32548801.5325,5844863.3481],[32548729.06,5844776.3836],[32548661.8353,5844686.9202],[32548661.0847,5844622.9456],[32548667.5812,5844559.9705],[32548685.0733,5844498.9944],[32548715.3106,5844446.015],[32548757.7931,5844402.5316],[32548805.0238,5844363.0466],[32548854.2537,5844327.0602],[32548907.4821,5844295.5719],[32548958.7114,5844266.0828],[32549015.9384,5844247.0895],[32549075.9144,5844237.5924],[32549136.8902,5844234.0929],[32549227.8542,5844236.0908],[32549318.8182,5844247.5849],[32549407.7833,5844269.075],[32549492.5002,5844302.0607],[32549577.2174,5844361.5358],[32549664.9335,5844418.5119],[32549754.3988,5844470.9898],[32549846.1131,5844521.4684],[32549924.8325,5844559.4521],[32550005.8009,5844592.9376],[32550089.518,5844619.4259],[32550175.4842,5844639.4167],[32550257.4518,5844646.9125],[32550341.4185,5844642.413],[32550424.6352,5844626.9179],[32550505.8527,5844604.4257],[32551001.9056,5844584.4263],[32551074.877,5844607.9159],[32551149.5978,5844636.4034],[32551215.5722,5844673.8876],[32551268.0522,5844727.3656],[32551294.7923,5844775.8459],[32551322.532,5844823.8265],[32551351.0214,5844871.3072],[32551379.7607,5844919.2877],[32551400.5033,5844977.7642],[32551431.9916,5845031.7423],[32551471.7266,5845081.2221],[32551517.4591,5845124.7041],[32551582.1841,5845171.1847],[32551653.9063,5845210.668],[32551729.6266,5845236.1567],[32551808.5954,5845241.6534],[32551892.8117,5845226.6581],[32551977.028,5845207.1646],[32552059.2451,5845184.6723],[32552140.4625,5845156.1824],[32552177.697,5845111.6995],[32552219.9297,5845069.7155],[32552267.1605,5845039.2269],[32552319.3896,5845030.2297],[32552367.1208,5845037.726],[32552414.1023,5845048.2212],[32552462.0835,5845059.7159],[32552510.0646,5845070.7108],[32552563.7938,5845107.1955],[32552624.5202,5845136.6829],[32552687.4954,5845152.1758],[32552750.4704,5845149.6759],[32552815.6942,5845126.1843],[32552879.9183,5845099.6938],[32552943.1428,5845070.2046],[32553006.3673,5845038.7161],[32553057.8461,5844989.7348],[32553114.0732,5844947.2508],[32553174.2987,5844908.7652],[32553236.5235,5844875.2776],[32553294.75,5844845.7884],[32553358.9743,5844827.2948],[32553424.948,5844820.7964],[32553490.9219,5844827.2928],[32553558.6457,5844871.7742],[32553629.3683,5844912.2571],[32553704.0891,5844945.7426],[32553782.0586,5844970.2318],[32553837.0369,5844978.7276],[32553896.0135,5844979.2265],[32553948.2426,5844966.7307],[32553986.4769,5844933.7432],[32554009.7169,5844877.7651],[32554021.2114,5844816.7891],[32554021.7103,5844753.8141],[32554013.9625,5844692.8384],[32553997.468,5844625.8653],[32553974.9759,5844560.3916],[32553947.236,5844497.417],[32553914.748,5844437.9411],[32553919.2452,5844366.9692],[32553926.7411,5844294.9977],[32553945.2328,5844228.024],[32553980.468,5844171.0461],[32554006.7073,5844150.5538],[32554038.6944,5844137.5585],[32554073.9303,5844132.0601],[32554108.9165,5844134.0588],[32554160.6463,5844154.5499],[32554214.6251,5844172.0422],[32554269.6035,5844186.5356],[32554324.332,5844201.029],[32554413.2971,5844227.5172],[32554505.2609,5844244.0093],[32554598.2242,5844257.0027],[32554692.1871,5844267.4971],[32554822.8856,5844290.4861],[32554956.8326,5844300.4801],[32555089.03,5844288.4829],[32555213.2301,5844248.4969],[32555310.9401,5844160.0305],[32555416.647,5844081.0603],[32555526.1024,5844006.5882],[32555636.5575,5843934.6152],[32555787.2464,5843840.6502],[32555944.9326,5843758.6804],[32556108.3667,5843686.7065],[32556274.7998,5843624.2288],[32556473.2207,5843588.2402],[32556680.139,5843605.2305],[32556886.8079,5843656.707],[32557087.4794,5843721.1785],[32557222.1764,5843750.165],[32557357.1235,5843786.1487],[32557489.8216,5843828.1301],[32557619.521,5843879.108],[32557738.2248,5843932.0852],[32557856.6787,5843986.062],[32557970.3846,5844049.0353],[32558074.8443,5844125.5035],[32558133.5719,5844179.981],[32558194.0488,5844234.4584],[32558253.7759,5844288.9359],[32558314.5027,5844344.9128],[32558369.9818,5844415.8838],[32558430.4589,5844485.8552],[32558499.1825,5844543.3313],[32558578.9015,5844575.8173],[32558641.8765,5844576.3161],[32558705.8512,5844579.8138],[32558768.8264,5844585.3107],[32558832.8011,5844591.8072],[32558894.0269,5844589.3073],[32558958.0016,5844592.8049],[32559015.729,5844609.2975],[32559061.4614,5844644.283],[32559086.2023,5844692.7634],[32559114.9416,5844740.7439],[32559143.681,5844788.2246],[32559173.4199,5844836.2051],[32559191.9136,5844902.6784],[32559228.4001,5844963.6537],[32559278.1312,5845016.1321],[32559336.8585,5845054.616],[32559434.5702,5845085.6022],[32559536.5302,5845108.0918],[32559638.49,5845120.0855],[32559742.4489,5845122.583],[32559833.6626,5845112.5856],[32559923.6267,5845092.0924],[32560010.0919,5845058.6045],[32560087.3106,5845011.1222],[32560144.7869,5844949.6457],[32560198.2647,5844881.1721],[32560231.7503,5844807.201],[32560230.2498,5844733.2304],[32560195.7625,5844667.7569],[32560156.0273,5844606.7817],[32560112.5436,5844547.306],[32560066.8109,5844489.8295],[32560023.327,5844414.3601],[32559957.852,5844353.885],[32559881.1316,5844303.4062],[32559802.4121,5844258.925],[32559629.9791,5844169.4631],[32559459.5452,5844079.0015],[32559289.1113,5843987.5404],[32559119.6771,5843895.5794],[32558926.502,5843789.6243],[32558736.0758,5843681.1701],[32558547.8986,5843568.7176],[32558361.4708,5843455.2653],[32558209.0299,5843369.3017],[32558060.5873,5843274.8414],[32557924.3896,5843166.8862],[32557806.1845,5843041.9376],[32557729.9631,5842931.4826],[32557661.7384,5842816.5292],[32557605.5089,5842696.0778],[32557569.5212,5842570.1284],[32557556.2748,5842458.6728],[32557553.0244,5842347.7169],[32557554.7721,5842235.7613],[32557561.5177,5842124.8053],[32557559.2668,5842001.3543],[32557570.2605,5841874.4046],[32557604.9951,5841761.4489],[32557680.464,5841680.9797],[32557772.9266,5841631.9978],[32557869.1378,5841587.5141],[32557965.599,5841546.0292],[32558063.8095,5841507.0432],[32558215.2486,5841448.0644],[32558367.6874,5841391.0848],[32558521.1258,5841337.104],[32558675.5638,5841284.1227],[32558809.7603,5841260.1303],[32558943.9567,5841232.1394],[32559074.1545,5841193.153],[32559198.6044,5841138.173],[32559286.0688,5841074.6969],[32559375.5324,5841014.2196],[32559465.9957,5840955.7415],[32559557.2087,5840899.7624],[32559616.6846,5840864.2756],[32559679.9091,5840831.2878],[32559743.8833,5840805.797],[32559812.106,5840788.3029],[32559874.0816,5840793.7998],[32559931.8092,5840826.2861],[32559983.5394,5840875.7657],[32560027.2729,5840930.2434],[32560018.0272,5840970.2277],[32560010.5308,5841012.2111],[32560005.2835,5841053.1949],[32560000.0362,5841095.1783],[32559988.7913,5841141.1602],[32559984.5438,5841190.1408],[32559987.0435,5841238.1217],[32559997.79,5841286.1025],[32560016.5332,5841333.0836],[32560044.023,5841379.5647],[32560080.0094,5841417.0493],[32560123.7424,5841440.0396],[32560178.7208,5841451.5342],[32560236.6978,5841454.0323],[32560294.6748,5841448.5337],[32560352.9016,5841442.0354],[32560460.8586,5841423.5411],[32560569.0654,5841402.5479],[32560677.2722,5841380.0552],[32560785.4789,5841358.0624],[32560893.4361,5841352.0632],[32561002.6425,5841332.5693],[32561105.1014,5841294.5829],[32561193.3155,5841235.1052],[32561269.0342,5841148.6384],[32561338.7552,5841056.1741],[32561399.4796,5840958.2121],[32561451.9573,5840856.7516],[32561457.7034,5840747.7948],[32561472.4459,5840638.8378],[32561499.1837,5840534.8787],[32561544.9141,5840437.9166],[32561595.3931,5840367.4438],[32561655.8681,5840302.9685],[32561721.3413,5840243.4912],[32561788.8137,5840187.0126],[32561880.2762,5840106.5432],[32561985.7335,5840042.0672],[32562097.1885,5839987.0874],[32562210.6427,5839936.6058],[32562375.0764,5839860.1337],[32562550.5061,5839806.1526],[32562730.6842,5839777.6612],[32562911.8624,5839778.6582],[32563141.5219,5839812.6413],[32563369.4323,5839854.1214],[32563597.0928,5839902.099],[32563824.7533,5839953.5752],[32564056.4124,5840011.5487],[32564287.072,5840079.5183],[32564513.7334,5840156.9842],[32564738.1458,5840242.9467],[32564981.3012,5840355.8983],[32565215.4604,5840490.3414],[32565441.6231,5840640.2785],[32565660.5388,5840800.2117],[32565702.7735,5840895.1733],[32565742.2594,5840992.634],[32565771.4993,5841093.0937],[32565782.7464,5841195.053],[32565777.4995,5841259.0277],[32565767.0046,5841322.0029],[32565754.5105,5841384.978],[32565742.0165,5841448.9528],[32565701.5335,5841513.9276],[32565673.0459,5841586.3992],[32565653.5548,5841663.369],[32565638.0621,5841740.3386],[32565614.0736,5841866.289],[32565599.3314,5841995.238],[32565598.3338,5842123.687],[32565619.5773,5842248.637],[32565649.0669,5842337.1015],[32565686.3035,5842425.066],[32565736.7847,5842501.5348],[32565807.5075,5842555.5123],[32565882.2284,5842587.9983],[32565959.1984,5842620.4843],[32566034.9189,5842652.9702],[32566111.639,5842685.4562],[32566221.5958,5842709.445],[32566329.3037,5842746.4287],[32566432.0138,5842795.9075],[32566528.7264,5842855.8823],[32566654.9279,5842949.8431],[32566778.3805,5843048.8019],[32566899.8339,5843151.7592],[32567021.0375,5843254.7165],[32567205.9667,5843414.1504],[32567386.8976,5843580.5816],[32567563.8301,5843750.0117],[32567738.7635,5843923.4402],[32567883.4587,5844093.8704],[32568006.163,5844282.7935],[32568109.875,5844483.7122],[32568201.5919,5844690.6287],[32568225.8338,5844789.589],[32568253.0745,5844889.0491],[32568282.5643,5844987.5096],[32568311.8043,5845086.4698],[32568333.0478,5845213.9189],[32568370.0351,5845338.3689],[32568421.2666,5845457.8207],[32568484.4933,5845571.2748],[32568581.707,5845718.215],[32568686.6676,5845860.157],[32568796.6262,5845999.1002],[32568910.833,5846135.0446],[32569063.7751,5846310.9724],[32569219.466,5846485.4009],[32569378.4057,5846657.83],[32569539.3445,5846827.7602],[32569372.9087,5846715.8071],[32569202.7246,5846611.3511],[32569027.2927,5846516.8912],[32568844.6139,5846439.4246],[32568717.9135,5846396.4436],[32568587.2148,5846364.4582],[32568455.2669,5846349.4661],[32568324.069,5846357.4648],[32568237.1038,5846379.9572],[32568154.6371,5846420.4423],[32568083.4162,5846475.9213],[32568029.6886,5846545.3945],[32567990.455,5846600.3733],[32567954.97,5846658.8506],[32567927.4818,5846720.8264],[32567913.2385,5846785.8008],[32567862.7591,5846830.2838],[32567806.532,5846868.2696],[32567746.3064,5846899.7579],[32567683.0818,5846923.2495],[32567608.1116,5846925.7497],[32567532.1414,5846909.2573],[32567459.4198,5846879.2703],[32567391.6961,5846842.7858],[32567338.7166,5846810.7993],[32567287.9861,5846775.3141],[32567241.254,5846733.8313],[32567201.519,5846688.35],[32567090.8125,5846663.8614],[32566975.6081,5846666.8619],[32566858.6547,5846685.8561],[32566744.4503,5846708.8487],[32566668.231,5846744.3358],[32566601.7582,5846801.3141],[32566548.2805,5846870.7874],[32566512.7957,5846948.2571],[32566443.3241,5847003.2363],[32566373.8524,5847057.7157],[32566303.631,5847111.1955],[32566231.1605,5847161.6766],[32566147.944,5847196.1641],[32566058.7295,5847211.1595],[32565965.7664,5847214.6595],[32565874.8023,5847209.1631],[32565753.6007,5847232.1558],[32565632.399,5847255.1485],[32565511.1974,5847279.1408],[32565390.9954,5847305.632],[32565299.7819,5847334.6219],[32565213.3168,5847377.1063],[32565132.0998,5847430.5863],[32565058.6298,5847492.063],[32564933.1801,5847532.049],[32564805.981,5847565.0378],[32564677.7821,5847592.029],[32564548.5836,5847614.522],[32564430.3808,5847638.5142],[32564312.178,5847663.5061],[32564194.9748,5847687.4983],[32564076.7719,5847710.9908],[32563980.5604,5847736.9819],[32563886.3482,5847772.4692],[32563795.135,5847812.9545],[32563706.6707,5847859.4373],[32563646.4453,5847910.9178],[32563599.9648,5847979.3913],[32563569.478,5848056.3612],[32563551.7363,5848137.3293],[32563485.2636,5848204.8035],[32563416.7917,5848270.2785],[32563344.3214,5848331.7552],[32563269.102,5848388.2339],[32563219.8718,5848410.7257],[32563167.6427,5848424.7209],[32563113.6641,5848426.2211],[32563065.9328,5848411.7276],[32563020.701,5848434.7192],[32562976.4689,5848460.2097],[32562935.2357,5848489.6986],[32562899.0006,5848524.6853],[32562893.7535,5848578.6639],[32562928.2407,5848633.1417],[32562982.9698,5848684.1207],[32563036.6992,5848729.6018],[32563076.4339,5848755.0911],[32563120.4168,5848776.5819],[32563166.1489,5848789.5761],[32563214.13,5848795.0732],[32563230.8741,5848847.5521],[32563223.378,5848906.5288],[32563200.1381,5848966.0055],[32563173.6495,5849022.9833],[32563122.4204,5849064.4676],[32563058.1962,5849089.9584],[32562987.9742,5849103.4541],[32562919.0016,5849108.9529],[32562829.0372,5849110.4537],[32562740.0724,5849105.9568],[32562651.1074,5849095.9621],[32562563.142,5849080.4696],[32562380.9642,5849084.9705],[32562200.0359,5849094.9692],[32562017.8583,5849107.467],[32561837.6798,5849122.9635],[32561733.4712,5849133.4609],[32561630.5122,5849146.4573],[32561529.3025,5849165.9511],[32561430.0922,5849194.941],[32561350.8742,5849233.4269],[32561281.4025,5849289.9055],[32561221.9271,5849358.879],[32561173.4474,5849434.3498],[32561143.9602,5849506.3217],[32561127.218,5849583.2914],[32561122.721,5849661.2605],[32561132.2184,5849739.2294],[32561112.9766,5849777.2146],[32561090.7359,5849814.2002],[32561063.4972,5849845.6881],[32561029.5109,5849864.6811],[32560974.2831,5849886.1734],[32560917.056,5849900.6685],[32560858.0794,5849908.1664],[32560800.1025,5849913.1653],[32560732.129,5849891.175],[32560672.402,5849847.6932],[32560619.672,5849791.7162],[32560573.1896,5849733.2401],[32560493.2209,5849709.7506],[32560410.2535,5849697.7566],[32560326.2867,5849696.2584],[32560243.3197,5849703.7567],[32560142.3592,5849673.7701],[32560042.6481,5849640.2849],[32559944.9362,5849601.3018],[32559850.2231,5849559.8197],[32559777.2516,5849534.8307],[32559704.53,5849511.3411],[32559631.5586,5849488.8511],[32559558.837,5849468.3603],[32559519.8523,5849459.8643],[32559478.8685,5849456.8661],[32559439.6341,5849462.3645],[32559406.6474,5849479.3582],[32559355.418,5849500.8504],[32559306.1879,5849527.3407],[32559258.9571,5849558.3291],[32559214.7251,5849591.8164],[32559179.2404,5849675.7836],[32559197.4847,5849777.7429],[32559241.7188,5849885.1995],[32559287.2024,5849986.6586],[32559181.7426,5849887.6994],[32559069.2858,5849797.7368],[32558948.8323,5849720.7692],[32558819.1328,5849663.7937],[32558702.4285,5849635.3067],[32558583.4753,5849616.316],[32558464.5224,5849614.3186],[32558349.3182,5849633.3128],[32558261.1037,5849667.8004],[32558175.6382,5849716.2824],[32558110.1651,5849778.7586],[32558080.678,5849858.7273],[32558076.931,5849959.6872],[32558072.1844,5850061.6468],[32558067.6877,5850163.6064],[32558063.9407,5850265.566],[32558071.9394,5850399.0129],[32558071.1917,5850533.9594],[32558058.1988,5850666.9068],[32558032.211,5850798.8548],[32557992.4786,5850926.8046],[32557945.4991,5851053.2551],[32557889.523,5851176.2071],[32557823.8007,5851292.6619],[32557757.0785,5851383.1269],[32557683.6088,5851468.5941],[32557605.8908,5851551.0625],[32557528.4226,5851632.5313],[32557397.9752,5851695.0085],[32557275.5248,5851774.9785],[32557166.8192,5851870.9421],[32557079.8553,5851984.3983],[32557023.1296,5852111.3488],[32556987.1459,5852248.295],[32556970.1547,5852389.2393],[32556972.1559,5852529.1837],[32557000.1471,5852684.6216],[32557051.1292,5852838.0599],[32557128.1008,5852976.5038],[32557233.3108,5853091.4566],[32557372.757,5853182.4185],[32557527.4468,5853253.8878],[32557689.1334,5853298.8676],[32557855.068,5853314.3589],[32558074.231,5853300.861],[32558294.3936,5853282.3651],[32558513.5565,5853259.371],[32558732.7194,5853234.8774],[32558973.1239,5853208.3844],[32559212.2786,5853170.3959],[32559450.6836,5853121.9116],[32559687.0892,5853066.9299],[32559920.7457,5853000.4528],[32560151.1534,5852921.9805],[32560377.0626,5852829.5138],[32560593.7253,5852720.054],[32560706.4295,5852641.0837],[32560804.1393,5852538.6229],[32560873.86,5852420.1689],[32560902.8467,5852291.2196],[32561072.0311,5852390.6776],[32561238.4668,5852498.1325],[32561394.6567,5852618.0825],[32561533.8537,5852756.5255],[32561602.078,5852846.9885],[32561659.5567,5852946.4482],[32561700.7919,5853053.9049],[32561721.0355,5853164.8606],[32561721.2871,5853280.8145],[32561707.2944,5853398.2681],[32561680.5566,5853511.7235],[32561639.8243,5853621.6804],[32561655.0699,5853733.6357],[32561683.3104,5853845.0911],[32561723.546,5853952.5478],[32561775.0271,5854055.0064],[32561790.0229,5854174.9585],[32561802.2698,5854295.4105],[32561808.5191,5854416.3624],[32561808.5209,5854538.314],[32561766.5399,5854704.2487],[32561685.3243,5854859.6883],[32561580.368,5855005.1321],[32561471.4132,5855145.578],[32561341.2172,5855315.5125],[32561206.0232,5855481.4486],[32561064.8314,5855643.8863],[32560918.8915,5855800.8262],[32560779.4494,5855983.7556],[32560642.2564,5856168.1845],[32560507.8123,5856355.1123],[32560376.617,5856544.0393],[32560277.4087,5856708.4755],[32560190.1957,5856880.9083],[32560114.9781,5857058.8388],[32560051.7558,5857240.2678],[32560016.5223,5857412.2001],[32560009.2777,5857588.1303],[32560024.0245,5857765.5597],[32560058.0135,5857939.9899],[32560116.7426,5858099.4258],[32560199.9619,5858250.8644],[32560301.9235,5858389.8077],[32560420.1286,5858515.7559],[32560525.588,5858596.7222],[32560644.0421,5858664.6934],[32560770.7426,5858712.6725],[32560901.6911,5858736.661],[32560995.6542,5858758.151],[32561090.367,5858778.1417],[32561186.3292,5858790.6353],[32561282.5411,5858791.6334],[32561394.4967,5858783.1351],[32561506.702,5858769.139],[32561617.9077,5858747.146],[32561728.1137,5858719.6553],[32561817.0784,5858719.6539],[32561908.0425,5858726.15],[32561997.0075,5858739.6433],[32562083.7235,5858762.6328],[32562148.4485,5858806.1146],[32562208.1756,5858859.5924],[32562254.6581,5858921.5671],[32562284.3974,5858993.0383],[32562294.6445,5859072.0068],[32562291.147,5859154.4741],[32562273.6551,5859234.9424],[32562243.1683,5859309.9131],[32562203.6848,5859370.8895],[32562155.2048,5859426.3682],[32562098.9778,5859472.8506],[32562037.7526,5859511.8361],[32561974.2784,5859557.319],[32561911.0541,5859602.8019],[32561846.8302,5859646.2856],[32561781.3567,5859686.7705],[32561717.1324,5859710.2622],[32561654.9076,5859744.7494],[32561607.677,5859791.7315],[32561589.1851,5859849.7088],[32561594.6841,5859924.6789],[32561610.179,5859999.6489],[32561632.6712,5860072.1198],[32561662.1605,5860143.0912],[32561698.6472,5860221.5595],[32561737.1331,5860299.0281],[32561778.6178,5860374.9974],[32561824.1009,5860449.4671],[32561927.8129,5860665.3798],[32562027.2767,5860883.2918],[32562117.7441,5861104.2027],[32562197.216,5861331.1115],[32562245.1994,5861501.5431],[32562289.934,5861672.9743],[32562330.9202,5861845.4052],[32562367.6581,5862019.8354],[32562373.6578,5862163.7782],[32562381.6566,5862309.2203],[32562401.6507,5862452.1632],[32562438.638,5862591.6073],[32562475.1249,5862690.0676],[32562512.3616,5862789.5276],[32562549.8481,5862888.4877],[32562587.0847,5862987.9477],[32562633.5675,5863069.4146],[32562679.0506,5863153.8804],[32562712.2887,5863241.3451],[32562723.7854,5863332.3089],[32562712.5404,5863369.2943],[32562688.3004,5863402.2816],[32562656.0636,5863427.772],[32562620.8278,5863445.7654],[32562550.8556,5863454.2631],[32562480.8833,5863452.7647],[32562409.9113,5863442.7698],[32562340.9384,5863430.2758],[32562288.4583,5863364.8026],[32562223.7331,5863306.3268],[32562152.011,5863267.8431],[32562076.041,5863262.3465],[32561992.8246,5863307.8297],[32561914.3565,5863364.3084],[32561851.8822,5863431.7826],[32561819.3962,5863513.7505],[32561827.644,5863590.7198],[32561851.1358,5863667.1891],[32561886.6227,5863739.16],[32561930.3563,5863806.6326],[32562025.0692,5863833.6204],[32562117.7831,5863877.1017],[32562197.5023,5863937.5765],[32562258.9791,5864014.0452],[32562304.2127,5864126.4999],[32562344.4485,5864248.9506],[32562353.6964,5864361.4059],[32562304.9669,5864446.8727],[32562235.745,5864494.3549],[32562164.2739,5864540.8375],[32562094.0524,5864587.3201],[32562023.581,5864633.8027],[32561884.3869,5864686.7838],[32561752.69,5864756.758],[32561631.2394,5864844.2251],[32561524.2832,5864946.1862],[32561428.5728,5865070.6382],[32561345.6076,5865207.0853],[32561281.635,5865351.0291],[32561239.6537,5865502.4696],[32561214.4161,5865669.4037],[32561205.1721,5865838.8366],[32561212.1717,5866008.769],[32561232.9159,5866177.2018],[32561265.6553,5866346.6341],[32561309.6402,5866515.0665],[32561363.6211,5866679.5004],[32561429.3474,5866839.9357],[32561437.095,5866892.9146],[32561439.5948,5866947.8927],[32561436.3469,5867002.3711],[32561426.8514,5867056.3498],[32561406.6103,5867121.8241],[32561386.1194,5867187.7982],[32561367.6276,5867254.7719],[32561348.1363,5867321.7456],[32561299.4069,5867412.2105],[32561255.9255,5867509.1726],[32561231.1866,5867607.1341],[32561242.4335,5867702.0962],[32561269.9237,5867775.5666],[32561297.4138,5867848.5372],[32561324.9039,5867922.0077],[32561353.3937,5867995.9779],[32561407.8733,5868081.4431],[32561457.355,5868173.9056],[32561488.5939,5868269.3673],[32561490.0947,5868366.3287],[32561463.6062,5868437.301],[32561431.12,5868505.2745],[32561391.6366,5868569.7495],[32561347.1551,5868631.7255],[32561273.9345,5868660.2153],[32561202.7132,5868696.7019],[32561142.2379,5868744.184],[32561104.0039,5868806.6597],[32561093.5089,5868865.6365],[32561093.01,5868927.1121],[32561101.7573,5868988.0877],[32561114.2532,5869048.0637],[32561135.7459,5869130.5307],[32561169.2337,5869209.4988],[32561213.7171,5869284.9682],[32561264.1981,5869355.4394],[32561359.6614,5869434.4066],[32561452.1259,5869516.8725],[32561539.5925,5869604.8362],[32561615.8136,5869702.2964],[32561667.2944,5869788.7613],[32561720.7744,5869875.2262],[32561774.2545,5869961.691],[32561828.4842,5870048.1559],[32561862.9716,5870129.623],[32561906.4555,5870207.5914],[32561961.1848,5870277.063],[32562029.6584,5870330.0409],[32562097.6317,5870348.5326],[32562169.6033,5870358.0277],[32562241.5747,5870352.5288],[32562308.7978,5870333.0355],[32562371.0224,5870285.5534],[32562427.4992,5870226.576],[32562463.9838,5870161.1014],[32562464.4827,5870092.6286],[32562422.998,5870014.6602],[32562385.5118,5869934.1927],[32562350.0247,5869853.7252],[32562314.5377,5869773.7575],[32562254.3101,5869671.7989],[32562205.0781,5869564.3423],[32562170.8401,5869453.3869],[32562153.5954,5869338.9326],[32562153.3439,5869229.9758],[32562169.0862,5869122.0184],[32562199.8225,5869017.0597],[32562247.3024,5868920.5972],[32562302.0296,5868844.6266],[32562368.5023,5868778.152],[32562444.7214,5868722.6728],[32562529.1873,5868682.1876],[32562489.7039,5868746.1628],[32562465.2146,5868820.1338],[32562462.7166,5868895.1041],[32562488.2075,5868961.0775],[32562556.6815,5869044.0435],[32562629.1539,5869124.5105],[32562702.6259,5869203.9778],[32562777.0974,5869282.4456],[32562849.8191,5869317.4306],[32562914.5441,5869366.9099],[32562974.0214,5869426.3854],[32563029.7502,5869488.8598],[32563113.9682,5869588.319],[32563192.4386,5869697.2746],[32563249.6675,5869812.7279],[32563266.6625,5869935.6788],[32563252.9194,5870040.6373],[32563235.1779,5870144.5963],[32563217.6863,5870249.5549],[32563198.9452,5870354.5135],[32563146.2173,5870436.9816],[32563105.7346,5870529.9453],[32563085.9938,5870625.9075],[32563093.2422,5870721.8693],[32563130.4789,5870826.3272],[32563177.9615,5870926.7866],[32563232.1914,5871024.2471],[32563292.6687,5871118.7087],[32563368.89,5871228.1641],[32563451.1089,5871335.1204],[32563541.5744,5871433.5799],[32563645.0346,5871516.5454],[32563723.754,5871561.0266],[32563805.4722,5871602.0091],[32563888.1899,5871639.4929],[32563973.9064,5871671.9787],[32564053.8748,5871680.974],[32564133.8433,5871695.467],[32564212.8123,5871714.9581],[32564290.5318,5871739.4472],[32564357.256,5871787.9269],[32564427.9786,5871830.9088],[32564502.6994,5871867.3931],[32564581.6685,5871894.881],[32564643.6441,5871907.3751],[32564710.6176,5871908.8735],[32564772.5928,5871893.3787],[32564823.0723,5871859.3915],[32564861.5561,5871787.9192],[32564893.0425,5871711.9489],[32564912.5337,5871633.9796],[32564915.0316,5871555.0109],[32564869.5489,5871497.5344],[32564831.813,5871435.5596],[32564804.3229,5871368.0868],[32564790.8273,5871299.1144],[32564791.3261,5871227.1429],[32564797.8225,5871153.1722],[32564817.3138,5871086.1985],[32564857.5472,5871033.2189],[32564902.7788,5871001.7307],[32564951.0093,5870973.2413],[32564999.2398,5870946.2513],[32565049.4695,5870920.7607],[32565108.4459,5870907.2651],[32565166.6726,5870886.7724],[32565222.8999,5870860.7818],[32565279.1273,5870834.2915],[32565340.3527,5870811.7995],[32565394.5806,5870767.3163],[32565435.0637,5870709.3387],[32565458.3036,5870645.3638],[32565467.2983,5870521.4128],[32565468.0463,5870397.462],[32565462.047,5870273.5113],[32565450.7997,5870150.0605],[32565434.8042,5870015.1143],[32565408.5627,5869879.6685],[32565370.576,5869749.2209],[32565316.3458,5869626.7703],[32565231.8781,5869545.3039],[32565150.4092,5869460.3389],[32565078.9363,5869369.8759],[32565027.7052,5869268.417],[32565022.2064,5869197.4452],[32565011.7096,5869125.9738],[32564997.2143,5869056.0018],[32564979.7203,5868988.029],[32564964.9752,5868920.556],[32564937.4852,5868856.5819],[32564899.9993,5868797.106],[32564855.2663,5868744.6276],[32564769.7992,5868677.1556],[32564688.0806,5868606.6849],[32564607.6115,5868533.7151],[32564527.1424,5868462.2447],[32564418.6844,5868389.2753],[32564313.225,5868308.309],[32564228.7572,5868213.8478],[32564187.522,5868102.3927],[32564180.2734,5868000.4333],[32564170.7758,5867897.9741],[32564162.5276,5867796.0147],[32564154.2795,5867695.0549],[32564178.0187,5867593.095],[32564182.7653,5867485.1378],[32564160.2728,5867382.6789],[32564107.0427,5867300.2124],[32563999.5841,5867211.2494],[32563890.1263,5867126.2848],[32563777.6697,5867045.8184],[32563665.2131,5866965.8519],[32563537.5131,5866917.8729],[32563412.8117,5866862.8966],[32563296.107,5866793.9257],[32563197.8947,5866705.9621],[32563150.1626,5866635.4908],[32563109.6776,5866560.5212],[32563081.1878,5866481.0532],[32563073.9395,5866400.0855],[32563086.1838,5866336.1107],[32563112.6724,5866274.1349],[32563152.156,5866221.1553],[32563203.3852,5866184.669],[32563287.6014,5866148.1822],[32563373.8167,5866114.1944],[32563460.0321,5866081.706],[32563547.2471,5866049.2176],[32563642.4592,5866037.7207],[32563736.6715,5866012.7292],[32563827.8849,5865978.2415],[32563917.099,5865937.7562],[32564017.5584,5865877.7785],[32564109.271,5865803.3067],[32564190.7375,5865716.8398],[32564263.4574,5865624.3754],[32564342.4241,5865476.9327],[32564392.6519,5865314.9963],[32564424.6369,5865146.0628],[32564447.8754,5864978.1292],[32564473.1168,5865079.5885],[32564504.6057,5865179.5483],[32564540.8427,5865278.0087],[32564584.3268,5865373.4701],[32564632.5589,5865461.9343],[32564686.0389,5865548.3991],[32564740.5185,5865633.8644],[32564796.9974,5865719.3296],[32564886.4629,5865792.799],[32564967.9318,5865877.7641],[32565036.1561,5865973.2251],[32565085.638,5866077.6829],[32565109.8799,5866187.1391],[32565124.1258,5866300.094],[32565124.3773,5866412.0495],[32565106.3859,5866523.0058],[32565037.914,5866594.4784],[32564983.4368,5866679.4455],[32564938.7058,5866769.9103],[32564899.2227,5866863.8736],[32564846.2455,5866993.323],[32564820.2578,5867133.2678],[32564813.2626,5867278.7102],[32564817.263,5867422.653],[32564826.7621,5867634.0689],[32564867.499,5867847.4836],[32564947.9698,5868042.9047],[32565076.9209,5868200.8401],[32565274.8448,5868367.7708],[32565473.7682,5868535.2013],[32565671.6921,5868702.6318],[32565870.6156,5868870.5621],[32566035.5524,5869026.9975],[32566206.7366,5869176.9353],[32566382.6689,5869322.3749],[32566563.849,5869461.8168],[32566674.0566,5869555.7778],[32566801.7571,5869632.7453],[32566940.4528,5869681.7237],[32567083.3963,5869697.2154],[32567241.5831,5869658.2285],[32567393.2719,5869581.2568],[32567514.9722,5869471.2987],[32567581.9437,5869333.3524],[32567611.4288,5869100.4445],[32567646.1618,5868868.536],[32567681.6446,5868637.6271],[32567719.3765,5868406.7182],[32567795.0927,5868138.3237],[32567858.064,5867866.4307],[32567904.7917,5867591.5391],[32567932.7768,5867315.6482],[32567940.5204,5867072.7445],[32567933.02,5866829.3413],[32567907.7767,5866586.9379],[32567866.2898,5866348.5332],[32567778.3208,5866066.6464],[32567697.0991,5865783.7599],[32567621.1253,5865499.3739],[32567548.1503,5865214.4881],[32567466.9286,5864931.6016],[32567393.9536,5864645.7162],[32567343.9694,5864358.3311],[32567330.7207,5864067.9466],[32567343.4624,5863832.04],[32567357.9534,5863597.1331],[32567374.6935,5863361.7263],[32567391.1838,5863127.8189],[32567413.1714,5862863.9233],[32567439.9072,5862600.0277],[32567467.6426,5862337.1317],[32567490.6298,5862073.7359],[32567473.1333,5861820.8366],[32567401.9081,5861571.9365],[32567294.4473,5861332.0333],[32567169.9933,5861104.1257],[32567298.1922,5861083.6319],[32567425.6412,5861047.6443],[32567539.8451,5860990.6652],[32567629.5583,5860905.1978],[32567687.2839,5860801.738],[32567725.0173,5860687.7827],[32567744.7578,5860567.8301],[32567748.7545,5860448.8772],[32567737.7567,5860299.4367],[32567715.7632,5860151.4958],[32567682.7742,5860006.0541],[32567640.7888,5859863.6112],[32567603.5516,5859725.1668],[32567565.5646,5859586.7223],[32567524.5789,5859450.2771],[32567480.3445,5859314.8315],[32567553.8166,5859398.7971],[32567631.287,5859479.264],[32567714.755,5859551.734],[32567808.4687,5859610.7092],[32567872.1937,5859634.1989],[32567938.1679,5859654.6898],[32568005.1415,5859669.183],[32568074.1143,5859677.6786],[32568121.0957,5859678.1777],[32568170.0762,5859669.1806],[32568212.3091,5859648.6881],[32568240.5475,5859615.7008],[32568250.0428,5859554.7248],[32568247.293,5859493.7491],[32568234.7971,5859431.7739],[32568217.0533,5859373.2974],[32568162.5738,5859298.3279],[32568113.0923,5859219.8598],[32568068.8586,5859137.3932],[32568030.3727,5859053.927],[32567994.8856,5858973.4594],[32567961.3976,5858890.4929],[32567946.9022,5858808.0259],[32567969.3922,5858735.0545],[32568004.6278,5858703.5665],[32568049.8596,5858684.0735],[32568098.84,5858670.0784],[32568148.0703,5858661.581],[32568233.7867,5858683.0712],[32568322.7516,5858700.0631],[32568410.7168,5858701.5612],[32568490.9346,5858677.0698],[32568554.159,5858639.5837],[32568618.6329,5858602.0976],[32568682.8569,5858564.6116],[32568747.0809,5858528.1251],[32568807.5562,5858476.1448],[32568872.7797,5858430.6619],[32568942.0017,5858393.1758],[32569016.2219,5858364.686],[32569089.1932,5858380.1788],[32569165.1632,5858388.1744],[32569239.1337,5858380.6763],[32569308.3559,5858356.185],[32569385.8246,5858309.7023],[32569462.0437,5858262.22],[32569538.5127,5858214.7378],[32569615.7314,5858168.2551],[32569667.2101,5858107.2785],[32569728.6849,5858051.7996],[32569795.9077,5858011.3147],[32569871.1276,5857992.8209],[32569951.0959,5857995.3187],[32570031.0643,5858004.314],[32570109.7833,5858016.8078],[32570188.7523,5858034.2997],[32570259.7245,5858058.7889],[32570327.4481,5858092.2746],[32570395.1718,5858125.7603],[32570467.1436,5858151.2491],[32570551.1105,5858165.2423],[32570637.0765,5858168.7396],[32570724.0419,5858164.2401],[32570810.0077,5858155.2424],[32570787.2683,5858263.6997],[32570771.5262,5858376.1552],[32570764.7805,5858488.1109],[32570768.0308,5858600.0664],[32570778.2783,5858706.0241],[32570795.523,5858812.4816],[32570820.0148,5858917.4395],[32570852.2535,5859019.8984],[32570880.7433,5859094.3684],[32570914.2311,5859167.3389],[32570953.7164,5859236.8107],[32571002.448,5859301.2844],[32571052.1788,5859336.7695],[32571113.9046,5859356.2609],[32571178.879,5859361.7577],[32571243.1034,5859355.2593],[32571354.3088,5859315.7733],[32571458.7665,5859259.794],[32571557.2265,5859190.3201],[32571652.6876,5859117.8475],[32571777.6365,5859007.8893],[32571895.3381,5858890.4341],[32572007.292,5858767.4813],[32572115.2473,5858640.0303],[32572196.7138,5858559.561],[32572279.18,5858480.0914],[32572362.8957,5858401.6213],[32572448.3607,5858325.1504],[32572496.591,5858286.6649],[32572549.8194,5858254.177],[32572606.0468,5858232.6847],[32572666.023,5858225.6866],[32572726.9989,5858236.1815],[32572783.9768,5858265.669],[32572834.4574,5858308.1513],[32572880.1899,5858355.6318],[32572925.1721,5858354.1317],[32572970.404,5858342.1358],[32573011.6373,5858322.6429],[32573046.6231,5858293.6539],[32573074.8614,5858263.1656],[32573100.1009,5858229.1787],[32573121.342,5858192.1931],[32573136.5854,5858154.2079],[32573153.0782,5858110.2251],[32573167.3219,5858066.7422],[32573179.5664,5858022.7595],[32573189.8117,5857977.7772],[32573226.0469,5857946.789],[32573278.2761,5857938.2916],[32573337.2528,5857943.7885],[32573393.2307,5857954.2835],[32573442.9612,5857966.7778],[32573491.942,5857982.7707],[32573538.9237,5858005.261],[32573582.6568,5858032.7495],[32573618.6425,5858034.7481],[32573654.6282,5858032.2486],[32573690.8637,5858023.2516],[32573722.8508,5858008.7569],[32573763.0843,5857965.7734],[32573790.5726,5857912.2942],[32573811.0636,5857852.3177],[32573827.3063,5857793.3409],[32573970.7509,5857891.2998],[32574109.9472,5857997.7554],[32574242.3964,5858110.7086],[32574369.5977,5858231.6586],[32574506.5455,5858379.5978],[32574638.4954,5858533.0348],[32574771.445,5858686.9717],[32574909.3924,5858834.9108],[32575031.5958,5858956.8605],[32575155.7983,5859077.8106],[32575282.9995,5859195.262],[32575413.4495,5859310.2144],[32575488.671,5859400.6773],[32575556.1457,5859500.1368],[32575610.3757,5859606.5937],[32575650.6114,5859719.0484],[32575666.1067,5859814.5102],[32575663.3592,5859912.4714],[32575643.6184,5860009.4331],[32575609.1334,5860099.8977],[32575601.3876,5860175.8677],[32575593.8916,5860252.3374],[32575586.3957,5860328.3073],[32575579.8994,5860405.2769],[32575580.4004,5860488.2439],[32575593.8963,5860572.2103],[32575615.1391,5860654.6772],[32575640.6301,5860736.6443],[32575666.1211,5860807.1159],[32575697.6096,5860876.088],[32575735.3456,5860941.5615],[32575777.8296,5861005.0356],[32575798.3225,5861073.0083],[32575815.8166,5861143.48],[32575829.5622,5861213.452],[32575838.0598,5861285.4233],[32575835.5618,5861349.3979],[32575826.0665,5861414.3723],[32575808.5743,5861477.3475],[32575785.3344,5861538.3236],[32575780.8369,5861585.305],[32575778.5884,5861633.286],[32575778.3392,5861681.267],[32575782.8381,5861729.2479],[32575803.5805,5861777.7283],[32575840.3165,5861819.2113],[32575886.0489,5861853.1971],[32575933.7804,5861883.6843],[32575991.0076,5861876.1864],[32576042.2367,5861835.7017],[32576087.7179,5861777.724],[32576125.9519,5861720.2462],[32576155.4394,5861660.2696],[32576178.9292,5861597.2942],[32576195.4218,5861532.3198],[32576204.9171,5861467.3455],[32576234.1548,5861418.8643],[32576267.3909,5861371.8824],[32576304.8754,5861327.8993],[32576347.1081,5861290.4136],[32576395.3386,5861263.9234],[32576449.317,5861247.9289],[32576506.5442,5861240.431],[32576563.5216,5861241.9295],[32576623.4978,5861241.4288],[32576683.4741,5861242.9273],[32576744.45,5861247.4246],[32576804.4263,5861256.9199],[32576846.6592,5861229.93],[32576869.8992,5861177.4505],[32576880.3942,5861114.4754],[32576882.8923,5861053.9993],[32576845.4058,5860964.0357],[32576783.9291,5860884.5682],[32576708.4579,5860812.5979],[32576631.7374,5860747.1251],[32576594.2511,5860670.656],[32576562.0128,5860591.6879],[32576536.5217,5860510.2206],[32576521.0266,5860428.2534],[32576548.5148,5860361.2796],[32576616.7371,5860314.7971],[32576703.952,5860284.3078],[32576789.168,5860265.8139],[32576953.3527,5860251.3172],[32577119.287,5860256.3126],[32577285.2215,5860273.8032],[32577450.1564,5860297.7911],[32577612.3418,5860276.2972],[32577773.5274,5860241.3086],[32577931.9639,5860195.3245],[32578087.4015,5860139.8442],[32578199.6064,5860094.3605],[32578311.0615,5860047.3775],[32578419.5177,5859991.8979],[32578521.9761,5859927.9218],[32578597.1958,5859897.4328],[32578672.4154,5859866.9438],[32578749.6344,5859839.4536],[32578827.853,5859816.9614],[32578952.8031,5859796.9675],[32579080.0025,5859792.9672],[32579208.9514,5859799.9625],[32579336.9007,5859809.4569],[32579435.1114,5859787.4642],[32579531.3227,5859751.9769],[32579622.7857,5859705.9938],[32579707.0014,5859648.5154],[32579750.733,5859575.5437],[32579765.2259,5859486.5789],[32579756.9778,5859393.6159],[32579735.4851,5859305.1514],[32579667.0111,5859225.684],[32579576.2963,5859168.2081],[32579472.5869,5859127.2259],[32579368.8777,5859098.239],[32579238.6794,5859101.2397],[32579111.4804,5859131.7295],[32578988.0302,5859182.711],[32578871.5773,5859244.6881],[32578737.3811,5859278.6766],[32578604.1845,5859312.665],[32578469.9883,5859346.1537],[32578336.5417,5859379.1426],[32578234.5822,5859385.1418],[32578131.6227,5859365.6511],[32578032.9113,5859326.6681],[32577943.1961,5859274.1903],[32577841.2364,5859268.1942],[32577739.2768,5859266.1966],[32577637.3173,5859269.6967],[32577537.1072,5859281.6935],[32577489.126,5859269.699],[32577441.3946,5859248.2082],[32577403.4093,5859217.7209],[32577384.6661,5859178.7367],[32577360.1751,5859127.2575],[32577341.4317,5859073.2793],[32577329.9355,5859018.3013],[32577324.187,5858962.3236],[32577320.6873,5858887.8532],[32577323.1852,5858814.8822],[32577328.682,5858741.9111],[32577339.1768,5858669.9395],[32577288.6956,5858586.4735],[32577191.9832,5858537.9942],[32577073.2798,5858509.0075],[32576960.3243,5858488.0176],[32576836.6227,5858440.0385],[32576712.921,5858393.059],[32576589.2194,5858347.0792],[32576465.5178,5858304.0981],[32576386.7982,5858245.6226],[32576330.5692,5858160.1574],[32576295.0819,5858060.6974],[32576278.8368,5857959.7378],[32576318.3201,5857886.7662],[32576392.7899,5857837.2847],[32576483.0036,5857804.2964],[32576572.9677,5857784.8028],[32576703.1661,5857789.7989],[32576831.8655,5857814.787],[32576957.8161,5857854.7692],[32577080.2683,5857904.7475],[32577222.9626,5857964.7215],[32577363.6578,5858029.6935],[32577501.1043,5858099.6636],[32577636.5517,5858177.1308],[32577730.2654,5858236.6058],[32577821.98,5858300.5789],[32577909.4463,5858370.05],[32577989.9156,5858447.518],[32578051.8913,5858468.0089],[32578119.8644,5858474.5053],[32578185.8381,5858465.0081],[32578244.0647,5858437.5181],[32578284.5478,5858380.0403],[32578306.0382,5858309.0682],[32578312.5345,5858233.0983],[32578311.0341,5858159.1277],[32578251.8055,5858015.1858],[32578158.8405,5857887.7379],[32578047.6328,5857770.786],[32577934.1762,5857658.8322],[32577816.9711,5857550.8769],[32577693.7685,5857449.9189],[32577564.3184,5857356.9578],[32577429.8705,5857272.9932],[32577307.1681,5857200.024],[32577181.7169,5857131.0533],[32577055.0162,5857068.0803],[32576924.5671,5857012.6043],[32576828.6049,5856999.1111],[32576728.3949,5857014.6064],[32576635.1824,5857052.5928],[32576554.7151,5857110.0711],[32576474.4972,5857130.5642],[32576394.2793,5857152.0569],[32576315.311,5857173.5495],[32576236.0927,5857196.0418],[32576172.1179,5857188.5458],[32576116.3894,5857145.0639],[32576068.6574,5857081.5898],[32576034.1701,5857016.1163],[32576019.6748,5856940.1467],[32576022.1727,5856862.1777],[32576037.6654,5856785.208],[32576062.4045,5856711.237],[32576131.876,5856646.7616],[32576225.0886,5856611.2743],[32576329.0471,5856595.2791],[32576432.2561,5856587.7805],[32576525.2194,5856597.7751],[32576617.933,5856621.2644],[32576705.8986,5856657.7486],[32576787.6169,5856706.7279],[32576854.5903,5856703.2282],[32576921.5636,5856690.7322],[32576985.7878,5856667.2405],[32577042.015,5856632.2536],[32577072.5022,5856580.7736],[32577083.7468,5856518.798],[32577081.2469,5856453.8239],[32577069.7505,5856391.3489],[32577022.2682,5856311.8812],[32576957.7928,5856244.409],[32576883.0715,5856185.9333],[32576805.3516,5856134.4549],[32576761.8678,5856058.9856],[32576726.3807,5855980.5173],[32576698.8904,5855898.5503],[32576681.646,5855815.0837],[32576683.1443,5855738.1143],[32576701.6359,5855662.1442],[32576732.1227,5855589.6725],[32576773.6053,5855523.6981],[32576796.0953,5855449.7271],[32576819.585,5855376.7558],[32576842.075,5855304.2842],[32576865.5646,5855232.3124],[32576862.065,5855159.3415],[32576819.5808,5855090.8693],[32576755.8552,5855029.3947],[32576690.3804,5854976.9166],[32576640.4,5854959.4243],[32576587.4209,5854955.9265],[32576533.4424,5854964.4239],[32576487.2111,5854987.4155],[32576436.9813,5855004.9093],[32576388.001,5855024.4023],[32576340.77,5855046.3942],[32576295.5383,5855073.884],[32576240.56,5855062.3894],[32576192.8284,5855024.905],[32576152.0938,5854972.9263],[32576118.6063,5854919.448],[32576061.878,5854870.9681],[32576005.1498,5854822.4882],[32575948.4216,5854774.0084],[32575891.9433,5854726.5281],[32575843.9622,5854714.0338],[32575790.7336,5854737.0254],[32575739.5045,5854778.5097],[32575700.0209,5854826.4913],[32575651.7906,5854869.9747],[32575605.5596,5854915.4573],[32575561.078,5854964.4385],[32575520.8446,5855014.9191],[32575481.6104,5855029.9137],[32575437.6279,5855030.4142],[32575393.6451,5855019.919],[32575355.9098,5854999.9275],[32575287.1865,5854958.445],[32575222.4614,5854911.9645],[32575161.7348,5854860.4858],[32575103.0073,5854807.008],[32575057.5246,5854754.5295],[32575015.7903,5854698.0526],[32574981.3031,5854638.5767],[32574952.5636,5854576.6018],[32574866.8469,5854529.6217],[32574767.8859,5854513.1298],[32574661.9279,5854514.1309],[32574559.9684,5854521.6295],[32574493.2442,5854471.1506],[32574441.7636,5854401.6789],[32574405.2769,5854322.211],[32574383.7842,5854240.2439],[32574381.2841,5854163.7743],[32574392.7784,5854087.8043],[32574415.2685,5854015.3328],[32574450.7534,5853948.3589],[32574486.2384,5853878.3861],[32574525.7217,5853809.9127],[32574569.2035,5853743.9383],[32574618.683,5853683.4616],[32574633.1761,5853604.4927],[32574628.6767,5853523.525],[32574610.1829,5853442.0576],[32574583.6923,5853365.0886],[32574608.1819,5853315.1081],[32574648.4153,5853274.1237],[32574697.6453,5853243.6351],[32574750.874,5853227.1409],[32574837.8395,5853226.6398],[32574924.8053,5853243.6317],[32575010.5217,5853272.1191],[32575093.2394,5853306.6042],[32575218.4394,5853283.6114],[32575338.891,5853237.6279],[32575454.3443,5853175.151],[32575565.7992,5853108.1759],[32575672.0068,5853086.6828],[32575780.2137,5853072.6868],[32575889.1704,5853068.6867],[32575998.1273,5853075.1825],[32576090.0912,5853100.1712],[32576176.8074,5853143.6526],[32576256.2768,5853201.1286],[32576326.9997,5853269.1005],[32576400.9705,5853275.5968],[32576477.9399,5853271.0975],[32576551.1606,5853252.6037],[32576619.3831,5853221.1152],[32576665.8635,5853144.1451],[32576680.3564,5853050.1822],[32576675.1071,5852949.2224],[32576660.8613,5852853.2607],[32576597.884,5852699.3228],[32576505.6686,5852558.88],[32576398.7091,5852427.9336],[32576285.5022,5852302.985],[32576198.0356,5852219.0197],[32576103.572,5852142.5515],[32576002.861,5852078.5784],[32575894.1534,5852030.5991],[32575834.4265,5851991.1157],[32575774.6996,5851951.6322],[32575714.9727,5851912.6486],[32575654.2463,5851876.164],[32575629.5056,5851842.6777],[32575620.7584,5851798.6953],[32575626.0057,5851751.7139],[32575643.4981,5851710.7299],[32575686.7304,5851671.245],[32575740.9585,5851643.2553],[32575799.9348,5851623.7621],[32575860.1608,5851611.2662],[32575893.397,5851570.282],[32575920.6355,5851523.8],[32575940.1271,5851473.8196],[32575951.3719,5851421.8401],[32575951.8706,5851347.8694],[32575942.3733,5851273.899],[32575924.8792,5851200.4284],[32575903.3867,5851129.4569],[32575905.8846,5851052.4875],[32575913.3805,5850975.0182],[32575925.8744,5850899.0481],[32575944.6159,5850824.5775],[32575958.3587,5850706.6241],[32575972.1016,5850589.6704],[32575985.8444,5850471.2172],[32575999.8371,5850354.2635],[32575988.8393,5850210.3208],[32575938.6071,5850069.8773],[32575866.6336,5849935.4318],[32575789.4122,5849805.4846],[32575683.452,5849662.543],[32575561.2485,5849531.5968],[32575427.0499,5849413.6456],[32575285.8542,5849304.691],[32575216.6296,5849166.7469],[32575175.6435,5849016.3072],[32575158.6479,5848860.3694],[32575164.8931,5848705.9307],[32575193.8793,5848556.4896],[32575244.8569,5848411.5464],[32575313.8274,5848274.1],[32575399.7914,5848148.6485],[32575478.2589,5848056.1841],[32575565.9729,5847972.7159],[32575663.4332,5847901.2428],[32575770.8897,5847848.2623],[32575821.3684,5847763.2953],[32575862.1009,5847672.8306],[32575889.5886,5847577.8679],[32575902.332,5847480.9062],[32575886.8369,5847394.4408],[32575851.5996,5847312.4739],[32575801.1185,5847237.0046],[32575740.3916,5847173.5307],[32575687.9112,5847098.0615],[32575636.4305,5847023.5918],[32575582.9506,5846949.1222],[32575527.4715,5846878.651],[32575507.7286,5846829.6708],[32575500.9804,5846775.1925],[32575507.477,5846722.2135],[32575528.7179,5846675.7316],[32575575.1984,5846601.7603],[32575634.6738,5846537.285],[32575702.1461,5846477.8076],[32575772.6174,5846424.3278],[32575799.8557,5846367.3501],[32575820.3467,5846307.3736],[32575828.8424,5846244.3985],[32575826.0925,5846183.4227],[32575788.856,5846096.9576],[32575727.3792,5846023.4877],[32575652.6579,5845959.0144],[32575575.1877,5845900.5388],[32575474.4768,5845849.5606],[32575367.5187,5845814.5761],[32575255.8126,5845793.0863],[32575143.8569,5845782.0923],[32575075.1332,5845725.6158],[32575019.6541,5845654.145],[32574979.1689,5845572.678],[32574955.677,5845487.2123],[32574943.1809,5845420.2391],[32574937.682,5845352.2661],[32574941.1796,5845284.2931],[32574958.6717,5845220.3182],[32575013.899,5845167.8383],[32575092.1176,5845142.3472],[32575180.3325,5845133.8493],[32575265.2989,5845134.3478],[32575370.2572,5845133.3466],[32575475.2157,5845137.8433],[32575580.1742,5845147.8377],[32575684.1333,5845164.8294],[32575781.3444,5845138.3385],[32575872.8074,5845088.8568],[32575955.2737,5845024.3812],[32576029.7431,5844951.9088],[32576080.2217,5844861.444],[32576110.958,5844759.4841],[32576123.7013,5844652.5263],[32576122.4502,5844546.5685],[32576086.963,5844466.1009],[32576027.4855,5844396.6294],[32575951.7647,5844342.1522],[32575871.0461,5844302.6691],[32575753.0926,5844286.6772],[32575633.1403,5844295.6754],[32575513.9379,5844322.6665],[32575399.4839,5844361.1529],[32575287.5283,5844360.155],[32575176.5722,5844358.1574],[32575065.6161,5844353.6609],[32574955.6595,5844343.6665],[32574898.6819,5844332.1719],[32574841.7043,5844316.6789],[32574790.974,5844290.1902],[32574753.2384,5844252.2058],[32574725.4986,5844203.7255],[32574712.7528,5844148.7475],[32574710.253,5844091.7702],[32574716.4996,5844035.7923],[32574729.9935,5843983.8128],[32574749.2351,5843934.832],[32574775.7239,5843887.8502],[32574807.9605,5843846.3662],[32574796.4641,5843780.8924],[32574763.7261,5843720.9167],[32574719.2429,5843665.4394],[32574670.5115,5843615.9598],[32574588.5437,5843601.4668],[32574501.3287,5843630.9564],[32574415.8634,5843683.4368],[32574338.6449,5843739.4157],[32574290.4143,5843757.4093],[32574242.1837,5843775.9027],[32574194.2029,5843793.3964],[32574146.972,5843813.3892],[32574101.9898,5843813.8897],[32574058.0069,5843793.3984],[32574017.2726,5843759.4126],[32573982.5358,5843722.9276],[32573946.049,5843643.4597],[32573930.8037,5843555.4948],[32573928.5537,5843498.0177],[32573927.3037,5843463.5314],[32573929.0516,5843373.5671],[32573926.3019,5843321.088],[32573914.5558,5843270.1084],[32573890.0648,5843225.1267],[32573854.0786,5843194.6393],[32573792.3528,5843177.1472],[32573727.3785,5843173.6495],[32573662.1543,5843170.1519],[32573600.4285,5843155.6586],[32573545.4499,5843129.1699],[32573491.7208,5843099.6824],[32573441.99,5843065.6967],[32573397.2571,5843027.2126],[32573381.5126,5842979.2319],[32573391.7577,5842925.2532],[32573417.2468,5842871.2743],[32573449.4833,5842824.2924],[32573517.9552,5842759.817],[32573596.4233,5842706.3371],[32573680.6392,5842661.8535],[32573768.104,5842622.8677],[32573828.579,5842554.8938],[32573881.057,5842481.4222],[32573925.5382,5842401.4533],[32573961.2728,5842318.9855],[32573945.7777,5842242.5161],[32573886.0504,5842178.0426],[32573803.3324,5842126.5643],[32573720.6146,5842088.0808],[32573621.6536,5842072.0887],[32573521.6933,5842075.5888],[32573421.4833,5842094.5827],[32573326.2714,5842124.0724],[32573245.3034,5842116.5766],[32573165.335,5842106.5817],[32573086.366,5842093.0883],[32573009.6461,5842071.598],[32572945.9208,5842032.1146],[32572893.1908,5841976.6374],[32572851.7062,5841910.1644],[32572820.2177,5841841.1923],[32572793.4774,5841782.7159],[32572770.9854,5841722.7401],[32572753.2415,5841661.2648],[32572744.7439,5841599.2895],[32572678.2693,5841539.8141],[32572591.3032,5841504.3295],[32572496.5904,5841483.3392],[32572402.6275,5841469.846],[32572291.9208,5841432.8623],[32572180.9642,5841396.8783],[32572070.2575,5841361.394],[32571959.5509,5841327.4091],[32571888.5785,5841296.9223],[32571821.8544,5841259.4382],[32571760.1281,5841212.9575],[32571705.6489,5841160.4792],[32571655.9176,5841090.0079],[32571620.4304,5841011.5396],[32571596.1887,5840927.5733],[32571580.6936,5840842.1075],[32571596.1863,5840769.1363],[32571637.6689,5840703.6617],[32571696.1448,5840645.6838],[32571760.3687,5840601.2005],[32571756.869,5840529.2292],[32571736.376,5840458.2577],[32571702.8883,5840391.7846],[32571660.1543,5840333.3084],[32571579.4354,5840275.8325],[32571488.7207,5840235.8497],[32571390.0094,5840209.3617],[32571292.048,5840191.3703],[32571173.3441,5840131.8956],[32571055.8897,5840071.9212],[32570938.1854,5840010.9472],[32570823.4799,5839946.9743],[32570722.0193,5839896.9956],[32570621.3085,5839848.5164],[32570519.598,5839799.5373],[32570417.8876,5839753.5571],[32570375.1537,5839697.5799],[32570336.668,5839638.1041],[32570304.9297,5839575.6294],[32570279.4388,5839511.6552],[32570263.944,5839452.1791],[32570255.1965,5839390.2038],[32570256.695,5839329.228],[32570268.1895,5839270.2513],[32570289.4303,5839219.2712],[32570321.6669,5839174.7884],[32570363.1499,5839135.8033],[32570409.1312,5839105.3147],[32570519.8364,5839037.8399],[32570633.2905,5838975.8628],[32570748.494,5838918.8838],[32570867.9459,5838867.4024],[32570962.1582,5838841.4114],[32571060.3691,5838827.9153],[32571157.3304,5838812.42],[32571249.7933,5838780.4313],[32571290.0269,5838745.4446],[32571318.265,5838696.9635],[32571331.7588,5838641.9851],[32571327.0099,5838590.0058],[32571283.2766,5838543.525],[32571227.5482,5838511.0387],[32571163.5732,5838488.5486],[32571099.8482,5838474.0553],[32571010.8831,5838452.5651],[32570922.9177,5838433.5739],[32570832.9531,5838419.081],[32570743.9882,5838408.0867],[32570680.263,5838376.6002],[32570624.5344,5838331.119],[32570578.052,5838277.1412],[32570541.3157,5838216.6657],[32570542.8142,5838158.6887],[32570573.0514,5838103.7101],[32570618.5327,5838054.2291],[32570669.7618,5838014.2442],[32570791.963,5837990.252],[32570920.9121,5838001.2457],[32571050.8611,5838032.2315],[32571177.5614,5838068.2153],[32571370.4852,5838087.7047],[32571564.4087,5838108.1937],[32571758.3322,5838128.6827],[32571953.2552,5838149.1717],[32572113.9421,5838187.1542],[32572264.3837,5838262.622],[32572405.8291,5838360.581],[32572535.0295,5838470.5354],[32572694.7172,5838537.0067],[32572855.4045,5838600.9789],[32573016.8414,5838661.4524],[32573181.527,5838716.4282],[32573291.4838,5838740.417],[32573403.4396,5838754.4098],[32573516.3949,5838752.4089],[32573626.6009,5838731.9154],[32573695.5734,5838720.4189],[32573765.7954,5838707.9229],[32573832.0188,5838687.43],[32573894.2437,5838656.9412],[32573925.4809,5838629.9515],[32573950.7204,5838596.4644],[32573966.9634,5838557.4796],[32573971.2112,5838518.4951],[32573925.4783,5838452.0222],[32573855.0055,5838405.5417],[32573773.0375,5838370.057],[32573692.319,5838338.0709],[32573565.6186,5838301.0875],[32573435.6698,5838278.0985],[32573303.7219,5838265.1056],[32573171.7741,5838258.1104],[32573061.8172,5838228.6237],[32572952.1102,5838195.6385],[32572845.4019,5838158.6547],[32572740.6928,5838116.1732],[32572657.9748,5838065.1946],[32572583.2534,5838001.721],[32572517.7783,5837927.2515],[32572463.2987,5837847.7839],[32572349.8423,5837755.8221],[32572237.6354,5837664.8599],[32572123.1794,5837575.8969],[32572007.7239,5837488.9332],[32571909.012,5837425.4598],[32571805.5522,5837369.4836],[32571698.8438,5837322.5038],[32571588.8868,5837283.0211],[32571802.0521,5837269.5234],[32572016.2172,5837264.0224],[32572229.1329,5837272.5159],[32572441.0494,5837300.0018],[32572596.9881,5837333.4862],[32572751.6774,5837376.4668],[32572902.3685,5837430.943],[32573049.8111,5837494.9154],[32573212.4978,5837575.381],[32573372.9355,5837662.3441],[32573529.3749,5837754.805],[32573682.5657,5837854.763],[32573785.2757,5837905.7413],[32573888.9854,5837957.2193],[32573993.6946,5838005.1986],[32574101.4026,5838048.18],[32574172.3746,5838054.6763],[32574246.5949,5838037.1822],[32574313.8177,5837998.6965],[32574368.0455,5837948.2157],[32574383.788,5837866.2481],[32574368.2929,5837780.7822],[32574334.8049,5837695.8165],[32574294.3198,5837617.3483],[32574190.1095,5837510.3923],[32574063.6583,5837426.4275],[32573925.9619,5837357.457],[32573787.5158,5837295.9835],[32573698.8,5837228.5116],[32573611.3336,5837161.0397],[32573526.866,5837089.0695],[32573446.3968,5837014.6003],[32573416.6578,5836965.1204],[32573404.9116,5836906.144],[32573409.409,5836847.1674],[32573434.6482,5836798.1864],[32573478.1302,5836745.7067],[32573530.3589,5836700.7237],[32573589.8347,5836664.2374],[32573652.0597,5836634.7482],[32573733.2768,5836590.2646],[32573814.494,5836547.7803],[32573897.9603,5836508.2947],[32573983.176,5836471.3082],[32574051.648,5836411.8308],[32574107.1249,5836336.8597],[32574151.6061,5836253.3922],[32574188.3402,5836167.4259],[32574279.807,5836371.3435],[32574381.5197,5836572.2622],[32574497.2267,5836765.1838],[32574629.1771,5836946.11],[32574777.8708,5837122.5377],[32574930.8128,5837297.9657],[32575086.5037,5837468.8955],[32575247.4424,5837636.3265],[32575410.3802,5837796.7604],[32575574.3176,5837957.1942],[32575739.2546,5838116.1286],[32575904.1917,5838275.5628],[32576020.3975,5838402.5106],[32576139.6021,5838527.4592],[32576267.803,5838641.412],[32576409.2484,5838736.872],[32576487.9677,5838772.3567],[32576569.9357,5838803.843],[32576653.6529,5838827.8322],[32576739.619,5838840.3259],[32576790.5988,5838836.8266],[32576841.8283,5838824.8306],[32576886.8101,5838801.3392],[32576918.2971,5838765.353],[32576930.5414,5838705.3767],[32576926.0422,5838642.4018],[32576907.5486,5838580.4267],[32576880.8084,5838523.9495],[32576820.5809,5838429.4879],[32576755.1055,5838339.0249],[32576686.6313,5838251.5606],[32576616.1579,5838166.0956],[32576505.9497,5838037.1485],[32576392.9926,5837912.1999],[32576277.7864,5837788.2508],[32576161.5806,5837667.3006],[32576003.6408,5837506.8667],[32575842.7023,5837349.4317],[32575680.5142,5837193.496],[32575517.5765,5837040.0594],[32575660.0194,5836995.0752],[32575808.2102,5836964.0853],[32575957.401,5836956.0862],[32576102.094,5836980.0745],[32576240.7898,5837034.5508],[32576374.4879,5837102.5218],[32576507.936,5837170.4928],[32576647.6315,5837225.4689],[32576779.3298,5837263.4518],[32576911.2781,5837300.4352],[32577044.9756,5837331.4209],[32577180.9221,5837355.4093],[32577274.8848,5837349.4103],[32577368.0974,5837319.9206],[32577453.5628,5837270.439],[32577525.0335,5837205.9635],[32577584.5086,5837116.4982],[32577626.2406,5837015.5377],[32577652.9784,5836907.5802],[32577666.7213,5836799.6229],[32577645.4783,5836701.6621],[32577600.9945,5836609.1995],[32577537.7683,5836525.7336],[32577465.0461,5836455.2627],[32577429.5592,5836390.7888],[32577395.0719,5836327.3146],[32577359.3352,5836264.3401],[32577326.8471,5836199.8662],[32577325.0969,5836143.8885],[32577363.5809,5836090.909],[32577420.8075,5836045.4262],[32577481.0332,5836010.939],[32577552.2547,5835996.4437],[32577627.2251,5835999.9412],[32577701.196,5836014.4343],[32577772.9179,5836037.9239],[32577866.1308,5836024.9277],[32577958.344,5836008.4329],[32578050.5571,5835987.9396],[32578141.5207,5835963.9478],[32578214.9907,5835901.4715],[32578256.7227,5835804.5094],[32578275.4636,5835692.5536],[32578284.2085,5835583.5968],[32578273.9611,5835482.637],[32578248.7196,5835383.1769],[32578209.2339,5835288.7151],[32578158.7526,5835201.2506],[32578086.2803,5835132.7789],[32577998.5642,5835080.301],[32577902.8516,5835043.3172],[32577804.8901,5835020.8276],[32577716.4242,5834958.8535],[32577629.7077,5834897.3792],[32577544.2406,5834832.4063],[32577462.7719,5834764.9343],[32577372.807,5834731.449],[32577275.8453,5834721.4544],[32577176.8846,5834728.9529],[32577081.6726,5834748.9464],[32576994.2083,5834816.4209],[32576936.4827,5834917.8814],[32576899.749,5835036.8347],[32576875.7603,5835154.7882],[32576868.2647,5835254.7486],[32576872.5145,5835355.7084],[32576890.7588,5835455.1686],[32576924.2469,5835549.6306],[32576934.7437,5835615.6042],[32576946.2402,5835682.5774],[32576958.7362,5835750.0505],[32576973.2315,5835817.0236],[32576959.7381,5835901.9901],[32576912.2581,5835980.4596],[32576847.7847,5836053.4316],[32576781.3121,5836120.9058],[32576695.8468,5836180.3834],[32576601.3849,5836225.3669],[32576501.1751,5836258.8551],[32576398.966,5836282.8471],[32576328.9939,5836295.3432],[32576257.7722,5836303.8409],[32576187.8,5836305.3413],[32576119.8267,5836293.8469],[32576061.8498,5836301.3448],[32576003.8729,5836308.8427],[32575946.6457,5836318.8396],[32575890.6681,5836331.3354],[32575809.4506,5836349.8293],[32575730.2323,5836371.3219],[32575650.0144,5836393.3144],[32575571.7957,5836417.8058],[32575586.2893,5836372.8235],[32575593.5358,5836325.842],[32575589.7866,5836279.8604],[32575573.0426,5836239.8765],[32575537.3061,5836195.3947],[32575499.5704,5836153.4119],[32575461.8348,5836112.9286],[32575422.0999,5836073.4449],[32575385.3644,5836063.4494],[32575353.3767,5836039.9592],[32575323.638,5836010.9711],[32575294.899,5835983.4825],[32575223.1765,5835922.008],[32575155.7023,5835855.5354],[32575092.2264,5835785.0643],[32575029.5002,5835715.5929],[32574945.2821,5835615.6338],[32574866.8116,5835512.1761],[32574794.5887,5835404.2201],[32574727.3637,5835293.7649],[32574684.1293,5835195.3047],[32574661.6367,5835090.3467],[32574656.3871,5834981.3901],[32574666.1317,5834873.9326],[32574742.3492,5834717.4937],[32574823.3148,5834564.0534],[32574909.5284,5834413.6119],[32575000.4902,5834266.1691],[32575076.2084,5834150.7139],[32575159.1739,5834039.2569],[32575248.8868,5833932.7979],[32575346.5966,5833835.3352],[32575430.0625,5833767.8607],[32575523.2748,5833713.8808],[32575623.7344,5833672.3958],[32575728.9423,5833647.4042],[32575826.1535,5833627.9105],[32575925.1141,5833617.913],[32576024.0749,5833615.4125],[32576123.0358,5833625.4071],[32576194.2572,5833597.9169],[32576262.4796,5833560.9306],[32576324.9542,5833515.4477],[32576378.4322,5833460.9686],[32576408.6692,5833393.9948],[32576420.1635,5833320.024],[32576417.9133,5833243.0546],[32576405.4171,5833169.0842],[32576327.9467,5833090.1167],[32576218.9892,5833048.6348],[32576094.2883,5833026.6454],[32575974.3356,5833013.6523],[32575815.3984,5832996.6614],[32575656.4612,5832988.1672],[32575496.2747,5832989.1691],[32575338.3374,5832996.6685],[32575218.3845,5832967.182],[32575102.6797,5832923.2012],[32574992.9723,5832863.2266],[32574895.5098,5832790.2571],[32574831.7844,5832744.7761],[32574769.0586,5832698.2955],[32574713.5798,5832645.8172],[32574667.847,5832585.8417],[32574649.3535,5832527.3652],[32574650.6021,5832464.3902],[32574667.0946,5832401.4149],[32574694.5829,5832344.4372],[32574756.8075,5832299.9539],[32574834.0266,5832277.4617],[32574917.9932,5832269.4637],[32575000.2106,5832269.9622],[32575047.4414,5832233.9758],[32575091.6732,5832192.4917],[32575127.9082,5832145.01],[32575153.3973,5832093.0303],[32575139.6519,5832038.5521],[32575098.9174,5831993.5706],[32575045.1882,5831956.0863],[32574989.4598,5831926.5988],[32574936.7302,5831896.1117],[32574883.7508,5831867.6238],[32574830.0217,5831843.1343],[32574774.0436,5831824.1427],[32574737.3075,5831779.6609],[32574714.8156,5831725.1829],[32574702.0698,5831666.2065],[32574698.5703,5831607.23],[32574709.8152,5831562.2477],[32574732.0558,5831520.2641],[32574764.5424,5831483.7781],[32574801.5273,5831455.7887],[32574825.7673,5831428.799],[32574850.0073,5831402.3092],[32574877.7455,5831351.8288],[32574967.4596,5831325.8378],[32575040.6805,5831318.3397],[32575114.6513,5831330.3339],[32575183.3745,5831356.8223],[32575296.0808,5831422.2946],[32575407.5377,5831492.2652],[32575516.9954,5831564.235],[32575626.703,5831638.204],[32575732.1623,5831711.1734],[32575835.6224,5831788.6411],[32575935.0842,5831871.6067],[32576031.5473,5831959.5703],[32576117.0147,5832044.0355],[32576197.2343,5832135.4979],[32576273.7054,5832231.4587],[32576346.9278,5832329.9185],[32576406.1564,5832469.3622],[32576474.1315,5832605.3071],[32576554.3516,5832733.7549],[32576648.5661,5832852.7063],[32576767.7705,5832964.66],[32576884.9758,5833079.6126],[32577000.1818,5833195.5648],[32577115.3879,5833313.5162],[32577234.8423,5833430.468],[32577352.0476,5833549.419],[32577461.0063,5833675.3673],[32577557.2202,5833811.8116],[32577626.4445,5833926.7649],[32577695.6688,5834041.2184],[32577764.8931,5834155.6719],[32577834.1174,5834271.125],[32577873.3536,5834392.5762],[32577922.5859,5834514.0272],[32577990.8105,5834619.984],[32578086.2737,5834692.4538],[32578182.9859,5834728.4381],[32578280.9476,5834760.9237],[32578379.6589,5834790.9103],[32578479.6197,5834821.3967],[32578588.5765,5834815.3975],[32578701.5318,5834817.395],[32578804.4913,5834840.8841],[32578885.2101,5834900.3593],[32578938.6899,5834969.8309],[32578992.1697,5835040.3021],[32579045.6495,5835110.7733],[32579100.1289,5835181.2445],[32579159.6064,5835257.7132],[32579219.0839,5835334.1819],[32579278.8113,5835410.6507],[32579339.2884,5835488.6188],[32579365.2787,5835529.1023],[32579418.2588,5835612.0686],[32579490.4821,5835741.5161],[32579555.7081,5835875.4619],[32579615.6863,5836010.9072],[32579678.6637,5836171.3425],[32579732.3948,5836336.776],[32579778.379,5836503.2092],[32579815.117,5836673.6409],[32579840.359,5836813.0851],[32579852.3564,5836956.0281],[32579845.3613,5837097.472],[32579811.3768,5837232.9187],[32579755.6507,5837350.8727],[32579693.6771,5837466.3277],[32579618.9583,5837571.7869],[32579529.2453,5837663.2519],[32579433.7843,5837733.7253],[32579338.3233,5837802.6993],[32579241.8626,5837871.1736],[32579146.4016,5837940.6474],[32579030.9482,5837989.6296],[32578914.4953,5838044.1097],[32578813.0366,5838112.0842],[32578738.5675,5838204.5486],[32578733.0707,5838268.5232],[32578721.5762,5838332.498],[32578705.0836,5838395.4732],[32578685.8422,5838458.4485],[32578632.3641,5838502.9316],[32578588.1324,5838557.9104],[32578554.6466,5838619.8863],[32578532.1565,5838686.3602],[32578515.4145,5838778.3239],[32578505.9197,5838875.2855],[32578515.1674,5838965.7495],[32578555.6525,5839042.7183],[32578607.3827,5839092.1978],[32578661.1122,5839139.6782],[32578715.8412,5839187.1585],[32578770.3203,5839234.6388],[32578846.2905,5839258.1283],[32578920.0118,5839296.612],[32578981.738,5839348.0906],[32579023.2225,5839414.5636],[32579049.7134,5839508.026],[32579072.9556,5839602.988],[32579093.4489,5839699.4494],[32579109.6939,5839796.4106],[32579100.9487,5839884.3758],[32579100.4503,5839973.8403],[32579106.949,5840062.8048],[32579120.1951,5840151.7693],[32579141.6881,5840253.2287],[32579167.9292,5840354.1882],[32579201.1675,5840452.6486],[32579245.6513,5840547.1104],[32579276.1399,5840594.5911],[32579314.8751,5840636.5738],[32579359.8578,5840672.0591],[32579409.5885,5840700.547],[32579464.5668,5840713.0412],[32579523.5433,5840707.0427],[32579579.7706,5840685.5504],[32579626.0017,5840651.0634],[32579681.4784,5840565.0968],[32579725.2096,5840471.6332],[32579754.9463,5840371.6725],[32579767.6897,5840270.7124],[32579766.6879,5840126.7696],[32579762.4375,5839983.3267],[32579755.4381,5839840.3836],[32579746.4395,5839698.4401],[32579714.4503,5839567.9924],[32579683.2107,5839437.5446],[32579666.2155,5839306.5969],[32579672.9609,5839176.1487],[32579687.4544,5839129.6669],[32579707.6956,5839081.6857],[32579735.9339,5839043.7003],[32579775.168,5839025.2071],[32579815.1522,5839033.2033],[32579852.8875,5839053.6946],[32579886.8745,5839081.683],[32579914.6139,5839115.1693],[32579936.1064,5839180.1432],[32579963.5964,5839244.6171],[32579995.3348,5839307.5916],[32580027.8228,5839370.0663],[32580066.3085,5839436.5394],[32580112.0413,5839499.0139],[32580161.5225,5839558.4895],[32580217.2512,5839612.4672],[32580292.9719,5839664.4455],[32580381.6871,5839695.9316],[32580476.6497,5839715.9223],[32580571.6122,5839729.4155],[32580721.5526,5839728.4137],[32580871.4931,5839733.4095],[32581020.4342,5839746.9019],[32581169.3754,5839770.8901],[32581281.3313,5839795.8785],[32581391.0382,5839830.3632],[32581497.7465,5839873.3445],[32581600.4565,5839926.322],[32581690.9214,5839984.7974],[32581776.6384,5840051.7695],[32581856.1079,5840126.2387],[32581928.5803,5840207.7053],[32581972.0643,5840291.1715],[32581998.3053,5840383.6344],[32582006.5538,5840504.0864],[32582003.0563,5840576.5577],[32582006.8054,5840613.5429],[32582006.5561,5840652.5274],[32582004.3075,5840690.5124],[32582002.059,5840729.4969],[32581980.5685,5840790.473],[32581965.0756,5840854.4479],[32581957.5795,5840919.4222],[32581962.3286,5840983.3967],[32581975.8241,5841041.8733],[32581994.5675,5841098.8503],[32582015.0603,5841156.3272],[32582036.8025,5841213.3043],[32582082.535,5841258.7855],[32582123.0197,5841310.2645],[32582151.7591,5841367.2414],[32582163.2555,5841429.2166],[32582135.0175,5841482.196],[32582112.5273,5841539.1737],[32582096.0348,5841598.1505],[32582085.7897,5841658.1268],[32582083.2915,5841710.1062],[32582091.0392,5841764.0847],[32582108.5331,5841815.0642],[32582135.2731,5841861.5453],[32582185.0041,5841910.0253],[32582247.7297,5841945.5103],[32582317.7023,5841970.9991],[32582388.4245,5841990.4903],[32582374.9309,5842059.4631],[32582369.4341,5842130.435],[32582372.9338,5842200.4072],[32582386.6794,5842270.879],[32582417.1681,5842324.8571],[32582465.8994,5842371.3379],[32582512.6316,5842418.8183],[32582538.1223,5842474.7957],[32582529.8764,5842530.7736],[32582495.3909,5842582.7535],[32582448.1603,5842627.2365],[32582396.9313,5842664.2226],[32582333.9563,5842667.7221],[32582270.9811,5842652.2292],[32582211.0045,5842621.7422],[32582156.2757,5842586.2571],[32582094.3003,5842586.7578],[32582032.325,5842593.2562],[32581972.0991,5842604.7525],[32581914.1225,5842623.246],[32581866.8916,5842646.2376],[32581822.6596,5842674.727],[32581782.4261,5842709.2139],[32581748.1903,5842749.1985],[32581697.7111,5842800.6788],[32581649.4811,5842853.6585],[32581602.0007,5842907.1379],[32581556.5197,5842964.116],[32581524.5326,5842980.6099],[32581485.5482,5842986.6081],[32581447.5632,5842980.1112],[32581416.5753,5842963.1185],[32581346.3536,5842994.607],[32581278.1313,5843031.0935],[32581211.9082,5843070.5788],[32581148.4341,5843114.0625],[32581083.7104,5843152.0484],[32581113.9466,5843039.5926],[32581147.9309,5842892.6504],[32581175.9176,5842745.7084],[32581192.9089,5842615.7598],[32581207.901,5842484.8115],[32581219.6443,5842354.863],[32581230.638,5842224.9144],[32581222.3895,5842109.9602],[32581221.1383,5841996.0055],[32581224.8851,5841880.5513],[32581232.6303,5841766.5965],[32581243.624,5841640.6463],[32581260.3655,5841514.6961],[32581287.3529,5841391.7445],[32581325.0861,5841272.2914],[32581387.5604,5841211.3147],[32581446.0362,5841145.8399],[32581491.517,5841073.368],[32581517.0057,5840993.3993],[32581516.5048,5840922.4275],[32581510.0063,5840850.956],[32581498.5098,5840781.9836],[32581481.0158,5840714.0109],[32581459.5233,5840650.5364],[32581429.7843,5840590.5607],[32581391.0489,5840538.0821],[32581342.3176,5840496.5993],[32581280.5917,5840469.1111],[32581215.867,5840444.6218],[32581150.8927,5840433.1274],[32581088.6676,5840443.6241],[32581050.6829,5840459.6183],[32581020.4454,5840491.1063],[32580995.206,5840531.0908],[32580973.965,5840571.0752],[32580930.2337,5840657.5415],[32580893.4997,5840747.5063],[32580858.0151,5840837.4711],[32580818.2822,5840925.9365],[32580753.5598,5841047.8891],[32580687.5878,5841168.3422],[32580618.8669,5841287.7958],[32580548.8965,5841407.2494],[32580459.6826,5841446.735],[32580372.4679,5841492.2182],[32580291.0011,5841545.6982],[32580217.5312,5841608.1745],[32580166.3021,5841647.6596],[32580132.8164,5841708.6358],[32580113.3252,5841779.6079],[32580101.8308,5841849.5803],[32580088.8381,5841994.5229],[32580080.8435,5842140.4651],[32580075.8477,5842286.4072],[32580072.8511,5842433.3488],[32580100.8421,5842573.7926],[32580116.8379,5842718.235],[32580120.0888,5842862.1778],[32580107.0962,5843006.1208],[32580073.8617,5843160.0602],[32580033.8799,5843313.9996],[32579988.9,5843464.4405],[32579938.6723,5843615.3813],[32579854.7078,5843760.8248],[32579779.7399,5843911.2661],[32579713.5185,5844065.7058],[32579655.5439,5844223.6439],[32579607.565,5844354.0928],[32579569.5821,5844491.039],[32579557.8389,5844627.9847],[32579588.8285,5844756.4333],[32579661.301,5844842.8978],[32579729.7752,5844934.8603],[32579793.0015,5845029.3218],[32579853.4789,5845126.7822],[32579904.9598,5845212.2475],[32579949.1936,5845303.7105],[32579979.6829,5845398.6724],[32579990.9299,5845497.1331],[32579955.4452,5845574.6028],[32579930.7063,5845656.5707],[32579913.2145,5845740.5376],[32579899.7211,5845826.5036],[32579883.979,5845929.463],[32579888.2289,5846036.4204],[32579907.4728,5846142.8778],[32579935.7132,5846245.8365],[32579985.9453,5846386.28],[32580050.9216,5846524.2242],[32580137.1391,5846643.6755],[32580250.5954,5846731.6389],[32580377.2957,5846777.6188],[32580511.9926,5846804.606],[32580645.9398,5846834.5921],[32580770.6411,5846886.5697],[32580847.3613,5846931.5507],[32580923.0819,5846981.0299],[32580992.5552,5847036.5068],[32581048.2841,5847104.9788],[32581074.5254,5847220.4325],[32581103.5156,5847335.3865],[32581136.7541,5847449.8405],[32581172.9914,5847563.2949],[32581197.4828,5847639.2644],[32581230.9706,5847713.7343],[32581269.7063,5847785.2053],[32581311.1909,5847856.1765],[32581361.4224,5847950.6383],[32581422.8993,5848043.1006],[32581496.3713,5848119.0694],[32581588.0855,5848163.5503],[32581672.0522,5848165.0485],[32581757.2682,5848161.0488],[32581837.2362,5848142.555],[32581906.708,5848102.07],[32581937.9448,5848054.0886],[32581959.1856,5848000.1097],[32581970.6802,5847943.1322],[32581971.1791,5847886.1548],[32581948.6869,5847813.1841],[32581909.9513,5847745.7115],[32581870.466,5847677.2393],[32581845.9746,5847606.2678],[32581839.476,5847526.2997],[32581844.9726,5847445.3318],[32581861.7147,5847365.3633],[32581886.2039,5847288.3935],[32581941.4311,5847232.4149],[32582006.9043,5847181.934],[32582075.1267,5847152.4447],[32582141.1007,5847162.9395],[32582206.8251,5847201.4233],[32582273.5492,5847239.907],[32582340.2733,5847278.8905],[32582406.9973,5847317.3742],[32582452.7297,5847351.36],[32582502.7103,5847381.8472],[32582555.4397,5847408.3359],[32582609.4186,5847432.8254],[32582682.1402,5847461.313],[32582758.1103,5847482.8033],[32582834.8301,5847499.2956],[32582913.7989,5847511.2897],[32583012.7596,5847514.7868],[32583111.97,5847504.7893],[32583210.1807,5847485.2956],[32583308.3913,5847461.8034],[32583715.4794,5847451.8013],[32583912.6507,5847427.3081],[32584114.8203,5847421.8073],[32584310.7428,5847448.2938],[32584490.1726,5847520.7624],[32584628.619,5847617.7218],[32584753.821,5847733.174],[32584863.0296,5847863.6206],[32584956.9944,5848006.5624],[32585049.96,5848177.4932],[32585134.679,5848354.4216],[32585208.4024,5848534.8489],[32585270.1307,5848720.2743],[32585329.3589,5848837.2269],[32585389.5867,5848953.6798],[32585452.8133,5849068.1334],[32585522.0374,5849179.5881],[32585618.2509,5849292.5418],[32585732.7069,5849389.5016],[32585859.1579,5849474.4659],[32585989.6072,5849551.4334],[32586081.0724,5849654.8909],[32586168.2894,5849763.8464],[32586246.51,5849878.2997],[32586317.7335,5849998.251],[32586417.9456,5850129.1975],[32586517.9079,5850260.6438],[32586619.1196,5850391.5903],[32586721.331,5850522.5368],[32586817.5441,5850611.5],[32586937.2474,5850674.973],[32587068.9457,5850715.9547],[32587202.8928,5850741.4426],[32587277.863,5850737.9428],[32587354.0824,5850718.4494],[32587421.3052,5850681.9629],[32587469.7851,5850627.9836],[32587489.2759,5850535.0203],[32587481.0278,5850437.0593],[32587455.7863,5850338.5988],[32587421.2986,5850246.6358],[32587338.0797,5850111.6906],[32587236.8681,5849990.7402],[32587123.6614,5849879.2862],[32587005.4568,5849774.3296],[32586830.524,5849616.8948],[32586651.3429,5849464.458],[32586469.413,5849316.0197],[32586284.2344,5849172.0796],[32586139.2899,5849030.1382],[32585999.3433,5848883.1986],[32585866.3938,5848728.762],[32585741.4411,5848570.8266],[32585680.9636,5848468.3682],[32585636.7295,5848355.9135],[32585617.4854,5848238.9602],[32585630.2286,5848125.5051],[32585640.7234,5848052.5339],[32585658.4652,5847980.0624],[32585687.7026,5847913.0886],[32585733.1837,5847859.1094],[32585804.6546,5847809.6279],[32585887.871,5847777.6394],[32585974.8361,5847757.1462],[32586064.0505,5847746.6491],[32586211.7424,5847782.6325],[32586358.4348,5847832.1107],[32586491.1331,5847902.0809],[32586596.3429,5848004.0388],[32586673.5639,5848115.4934],[32586747.7861,5848228.9472],[32586819.2594,5848344.9001],[32586886.2346,5848463.3521],[32586943.7133,5848567.8097],[32587001.9417,5848672.2674],[32587058.1709,5848776.725],[32587112.401,5848884.1815],[32587206.8648,5848977.1432],[32587334.565,5849035.1182],[32587477.2587,5849068.103],[32587619.2027,5849091.0917],[32587751.1507,5849123.077],[32587883.8484,5849153.0631],[32588017.7956,5849178.0512],[32588152.7422,5849196.042],[32588269.4465,5849239.0232],[32588383.1521,5849293.0],[32588491.6099,5849355.9734],[32588596.0695,5849427.9432],[32588668.7912,5849470.4253],[32588742.5126,5849513.9069],[32588815.2344,5849559.3877],[32588886.9566,5849607.8674],[32588917.9445,5849626.3596],[32588950.6818,5849644.3519],[32588983.6688,5849653.8477],[32589053.8906,5849634.3543],[32589091.1255,5849609.3637],[32589124.3618,5849578.8753],[32589154.5993,5849545.8879],[32589164.8444,5849489.91],[32589151.3488,5849429.934],[32589122.6094,5849370.4581],[32589092.1207,5849316.48],[32589072.3779,5849275.9964],[32589052.6352,5849236.0125],[32589029.8936,5849198.028],[32589004.1534,5849163.5421],[32589006.4018,5849116.5607],[32589030.6415,5849072.5778],[32589066.8765,5849033.0929],[32589106.1104,5848999.1058],[32589171.8331,5848921.6356],[32589238.3055,5848845.165],[32589305.7776,5848769.6939],[32589375.2489,5848696.222],[32589395.7398,5848632.2471],[32589383.2437,5848558.7765],[32589347.7567,5848486.8056],[32589301.2743,5848428.3295],[32589241.2978,5848406.839],[32589175.324,5848404.341],[32589108.1009,5848416.837],[32589046.1258,5848439.329],[32588975.9043,5848473.8164],[32588909.4313,5848515.3009],[32588847.2067,5848561.7834],[32588790.73,5848615.7628],[32588696.5181,5848664.7448],[32588601.0568,5848713.227],[32588505.5954,5848759.71],[32588409.3843,5848803.6939],[32588296.1796,5848822.1883],[32588178.2262,5848803.1976],[32588061.522,5848762.2157],[32587951.8148,5848712.2372],[32587882.3415,5848648.7634],[32587832.8599,5848567.2965],[32587801.371,5848474.3339],[32587789.1245,5848379.8716],[32587725.1476,5848223.4347],[32587661.1707,5848067.9974],[32587599.193,5847912.0603],[32587538.4648,5847755.6233],[32587484.9845,5847654.1644],[32587420.7586,5847559.7029],[32587345.2873,5847473.2384],[32587260.8197,5847398.2694],[32587188.0978,5847342.7925],[32587111.3776,5847295.3126],[32587029.6595,5847256.8291],[32586943.6932,5847230.8407],[32586877.969,5847205.3518],[32586811.9948,5847179.8629],[32586745.271,5847158.3724],[32586678.2974,5847140.8804],[32586618.5705,5847099.3978],[32586567.8398,5847046.9194],[32586525.3558,5846986.444],[32586488.8694,5846923.4696],[32586464.3775,5846817.0122],[32586431.1392,5846712.5542],[32586385.9057,5846615.5934],[32586325.4284,5846527.6293],[32586240.9605,5846430.1692],[32586156.7425,5846333.7088],[32586071.275,5846237.7482],[32585985.0579,5846144.2866],[32585924.331,5846079.3133],[32585864.8537,5846014.8398],[32585805.1265,5845951.366],[32585744.6496,5845888.8917],[32585709.9128,5845852.9065],[32585676.1757,5845817.4211],[32585641.439,5845782.4355],[32585606.7023,5845747.9497],[32585574.9642,5845698.4699],[32585557.2203,5845640.4931],[32585548.7228,5845579.5175],[32585544.2237,5845519.5414],[32585552.4696,5845465.5627],[32585574.9599,5845414.5826],[32585608.196,5845368.6004],[32585646.4302,5845329.1155],[32585724.6487,5845301.6252],[32585809.6149,5845295.1265],[32585895.5808,5845304.6215],[32585977.5487,5845330.6099],[32586092.254,5845392.5836],[32586199.7125,5845470.0512],[32586306.1713,5845548.0186],[32586420.6268,5845612.9911],[32586527.3351,5845654.9728],[32586637.2919,5845689.4575],[32586749.9975,5845714.4458],[32586863.9524,5845730.4378],[32586987.1534,5845727.4371],[32587110.3542,5845706.9434],[32587230.5559,5845673.9547],[32587347.7587,5845631.9696],[32587419.9799,5845622.4723],[32587492.9507,5845612.9749],[32587565.9217,5845606.4764],[32587640.1422,5845607.9747],[32587714.8627,5845621.4682],[32587786.8345,5845650.9554],[32587854.5582,5845691.4383],[32587919.2832,5845737.4191],[32588006.7493,5845793.8953],[32588092.4661,5845853.3704],[32588177.1834,5845916.3441],[32588260.6512,5845980.8173],[32588318.3789,5846026.2983],[32588376.1067,5846073.7786],[32588432.8349,5846121.2589],[32588488.3136,5846172.7376],[32588573.0329,5846367.6589],[32588671.7465,5846561.5804],[32588798.6985,5846724.5138],[32588967.1331,5846824.9713],[32589105.8285,5846856.9565],[32589249.7714,5846868.9496],[32589391.9647,5846855.9526],[32589526.1608,5846814.9669],[32589619.623,5846769.4835],[32589711.0858,5846717.003],[32589792.5525,5846653.5269],[32589858.0254,5846576.0567],[32589889.761,5846460.6021],[32589887.5101,5846336.1515],[32589861.5185,5846212.2011],[32589823.2819,5846092.7492],[32589796.0411,5845979.2946],[32589768.8002,5845865.8401],[32589736.5614,5845754.8847],[32589698.3249,5845646.4283],[32589696.0743,5845541.47],[32589713.8156,5845437.511],[32589745.3016,5845336.5507],[32589790.0324,5845240.5881],[32589876.9959,5845107.1398],[32589982.952,5844987.1858],[32590101.6531,5844875.7284],[32590225.3524,5844772.7674],[32590292.0744,5844673.306],[32590355.7976,5844571.3455],[32590411.5238,5844464.887],[32590456.2544,5844354.93],[32590477.4936,5844193.9936],[32590461.4975,5844030.0589],[32590420.7612,5843865.6248],[32590371.7783,5843706.1889],[32590355.5329,5843584.7373],[32590340.2872,5843463.7856],[32590325.2913,5843342.334],[32590311.0452,5843222.3819],[32590315.5422,5843140.4144],[32590345.0293,5843061.4453],[32590392.5094,5842989.973],[32590451.9848,5842930.9955],[32590525.455,5842886.5121],[32590607.6719,5842859.5216],[32590694.6371,5842846.0257],[32590782.6021,5842844.525],[32590905.803,5842833.5276],[32591030.0035,5842826.5285],[32591153.9542,5842822.5283],[32591278.9045,5842822.0266],[32591387.111,5842793.0366],[32591489.5696,5842743.5547],[32591585.0307,5842680.5783],[32591673.4944,5842608.1058],[32591746.2143,5842525.6375],[32591806.6888,5842433.1733],[32591855.418,5842332.2127],[32591892.1518,5842228.2534],[32591887.9018,5842115.2983],[32591849.6653,5842004.8428],[32591788.4381,5841901.3848],[32591716.9651,5841807.9229],[32591717.7135,5841717.9586],[32591729.2076,5841628.9938],[32591753.9465,5841543.0276],[32591795.4288,5841465.0579],[32591852.6555,5841424.5732],[32591923.8768,5841405.0799],[32592000.8462,5841403.5793],[32592074.817,5841416.0733],[32592145.5394,5841451.0583],[32592209.2648,5841499.5381],[32592266.9927,5841557.0145],[32592315.4744,5841620.9883],[32592339.9656,5841686.462],[32592352.4617,5841757.4336],[32592350.9634,5841829.405],[32592339.469,5841900.377],[32592394.1983,5841968.849],[32592465.6707,5842024.8257],[32592546.3893,5842069.3069],[32592630.1066,5842105.7912],[32592729.0676,5842128.7806],[32592831.0272,5842137.2757],[32592934.9858,5842133.2757],[32593037.195,5842120.7792],[32593089.4238,5842096.2881],[32593137.6541,5842058.8023],[32593172.8894,5842010.8208],[32593190.3816,5841956.842],[32593173.6374,5841902.8637],[32593142.1492,5841854.3834],[32593098.416,5841812.4007],[32593051.684,5841777.9151],[32593028.9422,5841715.4403],[32593011.4482,5841652.4655],[32592996.9529,5841587.4916],[32592989.2051,5841523.0173],[32593035.9353,5841441.5489],[32593138.144,5841398.0647],[32593264.3435,5841377.0712],[32593384.5454,5841361.0757],[32593516.7426,5841343.0809],[32593649.6896,5841333.0829],[32593783.8862,5841332.0813],[32593917.8331,5841339.0766],[32594024.7907,5841351.57],[32594131.4986,5841373.5597],[32594236.4574,5841403.5463],[32594337.1679,5841443.0291],[32594410.889,5841468.5179],[32594484.86,5841495.506],[32594557.5815,5841524.9933],[32594628.5538,5841559.4785],[32594701.5249,5841567.974],[32594775.4954,5841562.4751],[32594849.4658,5841545.9806],[32594920.6871,5841522.4889],[32594985.1608,5841477.006],[32595037.639,5841415.5296],[32595080.121,5841343.5575],[32595113.6066,5841269.5864],[32595118.1037,5841199.6141],[32595104.6081,5841129.6421],[32595075.8684,5841061.1697],[32595038.3825,5841002.1937],[32594960.6627,5840960.2116],[32594870.6983,5840945.7186],[32594775.7361,5840950.2183],[32594683.523,5840962.2149],[32594612.8006,5840927.7296],[32594545.0769,5840886.2471],[32594483.3507,5840837.7673],[32594429.6212,5840782.2901],[32594378.1408,5840722.8145],[32594331.4084,5840660.34],[32594288.9243,5840595.3664],[32594253.4374,5840526.8941],[32594177.4672,5840500.4058],[32594091.5016,5840515.9009],[32594002.0378,5840554.8868],[32593922.82,5840601.3695],[32593824.36,5840655.8493],[32593729.8984,5840716.3267],[32593639.4354,5840781.3022],[32593552.9708,5840852.7751],[32593451.7616,5840891.2613],[32593347.5535,5840917.2526],[32593239.3467,5840933.7476],[32593132.3894,5840939.7468],[32593027.4308,5840919.2565],[32592927.7198,5840876.275],[32592835.0057,5840816.3002],[32592752.5375,5840746.829],[32592657.0741,5840658.8654],[32592568.6079,5840566.4034],[32592486.3891,5840466.4443],[32592412.1671,5840362.9865],[32592352.4399,5840303.511],[32592293.9623,5840244.0355],[32592234.2352,5840186.5592],[32592171.5093,5840133.0814],[32592119.0291,5840063.6097],[32592075.5453,5839987.1407],[32592039.0586,5839908.1726],[32592008.5695,5839826.7054],[32592210.2404,5839900.1733],[32592414.6602,5839967.6435],[32592622.3285,5840026.617],[32592833.2453,5840073.0954],[32592955.9468,5840091.0864],[32593082.1467,5840098.0818],[32593207.0969,5840089.5833],[32593328.2983,5840063.5919],[32593440.7528,5840014.6096],[32593546.2099,5839947.1349],[32593640.6711,5839864.6662],[32593724.3864,5839773.2013],[32593831.843,5839724.2192],[32593942.0484,5839679.2354],[32594055.5028,5839640.749],[32594170.7065,5839611.7588],[32594293.6577,5839619.7538],[32594412.3612,5839665.7338],[32594523.818,5839737.2037],[32594626.2785,5839818.1701],[32594717.2428,5839851.6554],[32594808.9568,5839885.6406],[32594900.6708,5839918.1263],[32594994.6339,5839947.1134],[32595065.6055,5839934.6173],[32595128.0798,5839879.1384],[32595176.5593,5839799.1694],[32595211.0444,5839719.7005],[32595222.5388,5839649.7281],[32595222.0378,5839577.2569],[32595210.5413,5839506.2853],[32595188.0492,5839440.3118],[32595124.5733,5839364.8427],[32595042.8548,5839305.8674],[32594951.1406,5839259.3872],[32594858.4268,5839221.4037],[32594821.6908,5839178.4213],[32594787.9535,5839131.9403],[32594764.462,5839082.9601],[32594757.7139,5839030.4811],[32594765.2101,5838980.5008],[32594784.4517,5838934.019],[32594812.6898,5838890.0361],[32594847.9252,5838853.0502],[32594928.3926,5838815.5639],[32595018.3566,5838801.5681],[32595111.3196,5838801.067],[32595204.5326,5838805.064],[32595298.2459,5838838.5493],[32595381.7137,5838900.0236],[32595456.1852,5838976.9919],[32595520.6609,5839060.4578],[32595606.6272,5839086.946],[32595695.592,5839104.4377],[32595786.556,5839109.4344],[32595876.52,5839100.9364],[32595933.747,5839081.4433],[32595987.9749,5839050.9546],[32596033.2063,5839010.9698],[32596067.4419,5838962.4886],[32596090.932,5838923.5037],[32596111.1733,5838882.5197],[32596125.4169,5838840.5362],[32596131.6638,5838797.5532],[32596166.8991,5838757.0687],[32596207.1325,5838720.0828],[32596251.3644,5838687.5951],[32596297.5956,5838659.1057],[32596354.8226,5838643.1112],[32596416.7979,5838643.6101],[32596478.7735,5838655.1046],[32596539.7495,5838672.5967],[32596647.2078,5838740.5681],[32596749.6683,5838815.5368],[32596846.1312,5838899.0022],[32596931.5987,5838993.9632],[32596977.832,5839097.4214],[32597031.0624,5839198.8803],[32597090.5403,5839296.3407],[32597158.0149,5839388.8029],[32597226.489,5839469.2699],[32597298.9614,5839546.738],[32597376.4317,5839618.7083],[32597460.8992,5839683.1814],[32597517.6271,5839717.6669],[32597578.6034,5839750.153],[32597641.3287,5839767.6452],[32597702.5543,5839761.1468],[32597741.7882,5839729.1589],[32597780.0224,5839691.6733],[32597805.2617,5839650.6892],[32597804.5113,5839608.7059],[32597779.7706,5839571.7209],[32597758.0286,5839533.2365],[32597737.2862,5839494.2523],[32597716.5439,5839455.7679],[32597681.0571,5839398.7911],[32597649.3188,5839339.3152],[32597623.8279,5839277.3402],[32597604.0848,5839213.8657],[32597593.5882,5839163.8858],[32597588.8392,5839112.9061],[32597595.3359,5839063.9255],[32597617.5764,5839022.9414],[32597649.8132,5838997.9509],[32597687.7978,5838981.4568],[32597728.7813,5838969.9608],[32597770.0147,5838959.9641],[32597836.2381,5838942.4701],[32597905.2106,5838934.9721],[32597973.1836,5838939.4692],[32598037.1585,5838961.9594],[32598099.8842,5839002.4423],[32598160.3609,5839046.9237],[32598219.0883,5839094.404],[32598277.8157,5839141.8843],[32598333.2949,5839224.3507],[32598397.7705,5839302.8185],[32598471.2424,5839370.7904],[32598555.9595,5839423.2683],[32598637.9272,5839442.7593],[32598726.8919,5839443.2578],[32598814.8569,5839443.2565],[32598898.8238,5839463.7471],[32598986.5397,5839510.7271],[32599068.2581,5839568.203],[32599144.7288,5839634.6754],[32599214.2023,5839707.1456],[32599107.245,5839717.643],[32599000.0379,5839735.6375],[32598900.8279,5839770.1253],[32598820.3608,5839831.6021],[32598779.8779,5839893.0783],[32598744.393,5839958.053],[32598716.9049,5840026.0264],[32598704.411,5840097.998],[32598706.161,5840146.9786],[32598718.6568,5840196.9585],[32598739.3993,5840243.9396],[32598766.1393,5840288.4215],[32598806.874,5840345.8981],[32598857.3547,5840396.8771],[32598916.082,5840438.3597],[32598981.0566,5840467.847],[32599075.7693,5840491.8361],[32599171.7316,5840517.3245],[32599266.4443,5840545.312],[32599362.4066,5840571.8],[32599516.0958,5840597.2876],[32599668.036,5840635.2702],[32599816.7277,5840687.2473],[32599958.1724,5840753.7188],[32600074.877,5840816.692],[32600179.3368,5840904.1557],[32600267.5533,5841008.1131],[32600336.7776,5841124.5658],[32600387.5103,5841314.9895],[32600447.2395,5841504.9132],[32600512.9662,5841692.3377],[32600586.6897,5841876.7634],[32600652.6657,5842022.7044],[32600728.8876,5842163.1475],[32600815.8551,5842298.0926],[32600914.068,5842425.0407],[32601040.2698,5842554.9872],[32601183.4646,5842668.9398],[32601336.9052,5842770.3974],[32601496.3434,5842861.359],[32601604.8016,5842943.3249],[32601715.259,5843023.2916],[32601826.716,5843103.2583],[32601938.173,5843181.7256],[32602022.8899,5843218.7097],[32602106.6074,5843262.1912],[32602184.3273,5843313.6697],[32602254.8003,5843374.6445],[32602302.5322,5843431.6212],[32602348.0151,5843493.0961],[32602383.752,5843558.5696],[32602406.2441,5843629.5411],[32602402.9961,5843672.5241],[32602384.5041,5843715.5073],[32602354.2666,5843750.4938],[32602316.282,5843768.987],[32602230.0663,5843776.4853],[32602144.1005,5843778.9855],[32602058.1345,5843775.9879],[32601973.1681,5843766.4929],[32601861.2122,5843746.5024],[32601750.2559,5843727.0117],[32601639.5495,5843707.0212],[32601528.5933,5843687.0307],[32601411.39,5843703.5258],[32601289.4383,5843697.5299],[32601175.7329,5843662.5454],[32601085.018,5843596.0732],[32600978.0586,5843470.1248],[32600870.8493,5843346.1756],[32600762.6404,5843221.2269],[32600655.4311,5843097.2777],[32600599.9517,5843000.8168],[32600534.7262,5842910.3537],[32600457.2558,5842832.8857],[32600365.5415,5842777.9089],[32600277.5762,5842760.4172],[32600186.6122,5842754.4209],[32600099.647,5842765.9176],[32600022.1783,5842801.4047],[32599971.9492,5842861.8815],[32599936.4644,5842934.853],[32599917.7231,5843013.8219],[32599918.2241,5843092.7906],[32599947.4641,5843200.2475],[32599990.6986,5843305.7049],[32600047.1776,5843402.1658],[32600119.6501,5843487.6308],[32600225.3587,5843531.6117],[32600328.0687,5843584.0893],[32600424.5313,5843646.0633],[32600511.9977,5843719.5328],[32600573.7242,5843788.0047],[32600635.2009,5843861.4746],[32600678.6848,5843939.9427],[32600688.1823,5844025.4087],[32600660.6939,5844066.8926],[32600620.4604,5844100.8797],[32600572.4798,5844124.3711],[32600522.25,5844138.8661],[32600434.2846,5844114.3772],[32600344.57,5844095.8859],[32600254.6056,5844087.8904],[32600166.3908,5844098.3875],[32600115.4114,5844116.881],[32600067.1811,5844148.869],[32600030.6962,5844188.3539],[32600013.4538,5844237.3347],[32600019.9523,5844309.306],[32600023.452,5844382.277],[32600024.9525,5844455.7478],[32600024.4539,5844529.7184],[32600022.9555,5844599.6906],[32600015.4596,5844670.6626],[32600002.9656,5844740.635],[32599984.474,5844809.6079],[32599934.2447,5844853.0913],[32599888.7636,5844905.0714],[32599855.5276,5844961.5495],[32599843.0336,5845024.5246],[32599847.5328,5845088.4992],[32599859.2791,5845151.9738],[32599875.7735,5845215.9481],[32599892.2679,5845278.9229],[32599950.7462,5845379.3821],[32600007.975,5845484.3396],[32600044.2123,5845591.2966],[32600042.4646,5845699.7535],[32600019.9745,5845757.231],[32599994.7354,5845815.2084],[32599967.2472,5845871.1866],[32599940.0088,5845927.6646],[32599879.5338,5845985.6425],[32599830.0545,5846053.1164],[32599789.5717,5846127.0876],[32599759.8347,5846205.5569],[32599792.3232,5846300.0189],[32599814.5659,5846400.4787],[32599815.0672,5846498.4398],[32599783.3312,5846587.405],[32599713.8598,5846648.8816],[32599636.6413,5846701.3619],[32599552.1754,5846737.3489],[32599464.2105,5846750.8449],[32599373.2466,5846742.3496],[32599284.2815,5846714.362],[32599199.5645,5846671.8802],[32599121.8446,5846621.4014],[32598986.6468,5846516.9449],[32598850.1994,5846413.9878],[32598715.0016,5846312.0303],[32598578.5543,5846211.0725],[32598469.0964,5846124.1086],[32598356.6399,5846040.1436],[32598241.1845,5845961.1767],[32598122.7305,5845890.2067],[32598062.0041,5845855.7213],[32597997.0295,5845826.234],[32597931.0555,5845812.7403],[32597869.0804,5845825.2363],[32597823.8488,5845858.2239],[32597790.6127,5845904.7059],[32597767.1229,5845958.6848],[32597753.6291,5846015.6624],[32597742.135,5846103.6276],[32597738.6378,5846192.5924],[32597741.8879,5846281.557],[32597751.3854,5846371.0213],[32597635.1799,5846259.0675],[32597509.7282,5846157.1099],[32597372.2816,5846075.6443],[32597223.59,5846028.6651],[32597089.643,5846011.6739],[32596953.697,5846011.6759],[32596821.4999,5846034.6687],[32596701.0485,5846086.6499],[32596634.5757,5846136.631],[32596577.0995,5846199.1071],[32596536.6167,5846272.5785],[32596521.1241,5846351.5474],[32596532.6207,5846432.0153],[32596562.1102,5846508.9843],[32596604.5944,5846581.4549],[32596657.0745,5846645.9285],[32596765.7825,5846721.8967],[32596888.2347,5846777.8726],[32597019.1833,5846819.854],[32597150.8815,5846854.8382],[32597278.3318,5846919.8105],[32597406.0321,5846986.782],[32597531.4832,5847054.7531],[32597657.1844,5847126.7226],[32597784.3853,5847223.6822],[32597898.8416,5847340.6341],[32598000.8031,5847468.5818],[32598097.0169,5847601.5275],[32598145.4987,5847677.4966],[32598187.9831,5847759.9633],[32598216.4731,5847845.4289],[32598220.7228,5847933.3939],[32598229.2204,5848002.3664],[32598236.7185,5848073.8379],[32598237.2194,5848143.8101],[32598230.7231,5848213.7824],[32598198.4868,5848276.2581],[32598145.0089,5848328.2383],[32598079.7854,5848368.7232],[32598012.5626,5848401.2113],[32597940.092,5848441.6963],[32597867.8713,5848481.1817],[32597793.6514,5848517.6683],[32597718.4318,5848551.1561],[32597640.9635,5848612.6329],[32597571.4922,5848683.1059],[32597508.0185,5848759.5765],[32597449.2931,5848840.0454],[32597329.8416,5848908.52],[32597199.644,5848954.5037],[32597063.1988,5848987.4926],[32596926.0036,5849012.4848],[32596774.0639,5849007.489],[32596624.3728,5848970.0061],[32596479.6794,5848912.0313],[32596342.9827,5848841.0615],[32596151.8071,5848737.6054],[32595965.3794,5848625.1528],[32595785.1992,5848503.7037],[32595610.0168,5848376.257],[32595485.8145,5848262.3041],[32595372.6075,5848136.3557],[32595275.644,5847998.412],[32595196.6731,5847850.9717],[32595086.2155,5847751.013],[32594972.7592,5847656.0524],[32594854.3049,5847568.0891],[32594729.8532,5847490.1219],[32594643.1371,5847458.6357],[32594550.1739,5847445.6422],[32594457.2109,5847453.1406],[32594373.9945,5847485.629],[32594319.7664,5847509.1204],[32594268.5372,5847539.6091],[32594224.3054,5847576.595],[32594193.8182,5847624.0766],[32594184.5726,5847674.0569],[32594189.0716,5847727.0358],[32594205.8158,5847779.5147],[32594230.5567,5847827.4953],[32594290.0341,5847896.9669],[32594361.7565,5847957.4418],[32594439.2265,5848010.4196],[32594519.9452,5848059.8987],[32594630.6522,5848127.8701],[32594744.1082,5848194.8418],[32594858.8135,5848257.8151],[32594975.2682,5848318.2894],[32595098.7204,5848402.2542],[32595220.1735,5848491.2171],[32595338.6278,5848583.1788],[32595455.083,5848679.139],[32595508.5625,5848730.6178],[32595558.2937,5848789.0938],[32595593.7805,5848853.5677],[32595604.2774,5848922.5401],[32595601.0294,5848971.5207],[32595586.7858,5849020.5015],[32595561.2966,5849064.4844],[32595527.0608,5849099.9708],[32595459.838,5849136.4573],[32595386.6175,5849160.9487],[32595309.6483,5849176.4437],[32595233.4287,5849185.941],[32595162.2074,5849206.434],[32595092.2355,5849227.9265],[32595022.0137,5849249.419],[32594952.7915,5849271.9111],[32594891.5662,5849295.4026],[32594833.3398,5849324.8918],[32594777.1127,5849358.8791],[32594722.8848,5849396.365],[32594694.6466,5849434.3504],[32594682.4022,5849484.3307],[32594683.9024,5849537.3097],[32594695.6485,5849587.2896],[32594758.1247,5849656.7611],[32594843.8414,5849703.2414],[32594940.5535,5849737.2265],[32595036.5158,5849767.7129],[32595161.2166,5849793.7008],[32595288.1664,5849808.6929],[32595416.1157,5849813.6891],[32595545.3143,5849811.6879],[32595730.4906,5849801.1894],[32595914.4173,5849783.6936],[32596098.8436,5849759.7004],[32596283.02,5849731.2089],[32596378.9819,5849732.7069],[32596476.9432,5849746.6999],[32596566.6581,5849779.1857],[32596638.3804,5849836.162],[32596748.3371,5849857.6518],[32596859.0434,5849878.6418],[32596969.9997,5849899.6318],[32597081.9555,5849917.1232],[32597179.9165,5849917.1218],[32597277.1277,5849900.6269],[32597373.339,5849870.6373],[32597464.5522,5849832.1513],[32597547.5192,5849831.6502],[32597631.4859,5849837.1468],[32597713.4536,5849851.14],[32597794.4217,5849873.6299],[32597845.1519,5849895.1206],[32597894.1329,5849923.1087],[32597937.866,5849958.594],[32597971.6033,5850003.0758],[32598006.3403,5850052.0559],[32598036.829,5850106.5338],[32598062.5696,5850161.5116],[32598083.0624,5850219.988],[32598108.5532,5850285.9615],[32598135.2936,5850352.4347],[32598158.7853,5850419.4077],[32598182.277,5850487.8802],[32598155.5391,5850582.8429],[32598124.0531,5850678.3054],[32598079.3222,5850764.272],[32598013.8492,5850829.747],[32597963.6195,5850856.2372],[32597909.6412,5850876.23],[32597852.4141,5850887.7263],[32597796.4364,5850891.2258],[32597731.4622,5850888.7277],[32597667.4876,5850884.2305],[32597604.5124,5850875.7348],[32597542.5369,5850862.2411],[32597455.5711,5850843.7497],[32597369.8549,5850825.2583],[32597282.6398,5850840.2537],[32597199.9218,5850782.7777],[32597026.4894,5850696.3147],[32596849.0587,5850621.8469],[32596665.3808,5850561.3736],[32596478.7043,5850521.3923],[32596265.7884,5850490.4077],[32596053.8722,5850463.9214],[32595840.9564,5850441.4335],[32595628.0407,5850422.944],[32595389.1353,5850401.9559],[32595151.2295,5850382.9669],[32594913.3238,5850365.4774],[32594675.4181,5850349.4873],[32594460.5028,5850311.0057],[32594251.8348,5850247.534],[32594048.4144,5850166.0694],[32593850.9914,5850073.1092],[32593701.5497,5850000.1404],[32593555.1067,5849922.1735],[32593414.6611,5849834.7103],[32593283.2119,5849736.7512],[32593208.491,5849698.2676],[32593133.7701,5849659.7839],[32593057.7998,5849627.298],[32592979.0807,5849606.3075],[32592921.1036,5849595.8125],[32592862.127,5849593.8141],[32592804.1501,5849599.3128],[32592749.9219,5849616.8067],[32592711.6876,5849647.2951],[32592684.4491,5849691.2781],[32592666.9568,5849742.2581],[32592659.7104,5849794.2375],[32592669.2078,5849871.2068],[32592694.6988,5849945.6769],[32592730.1858,5850018.1476],[32592770.6708,5850087.1196],[32592851.1401,5850173.0843],[32592947.6028,5850243.5549],[32593053.3118,5850304.5291],[32593162.0194,5850358.5061],[32593347.1977,5850483.9535],[32593533.3757,5850610.4006],[32593719.5536,5850735.848],[32593906.7311,5850862.295],[32594062.9207,5850971.2494],[32594218.1107,5851083.7025],[32594372.551,5851198.1547],[32594525.7419,5851314.1064],[32594336.0666,5851269.6269],[32594148.1405,5851223.1481],[32593961.4639,5851170.6717],[32593776.7865,5851115.6963],[32593623.3466,5851059.221],[32593472.6555,5850996.2482],[32593321.9645,5850933.7753],[32593169.2743,5850879.7989],[32593028.5796,5850839.8169],[32592886.8854,5850805.8325],[32592742.9422,5850778.3455],[32592598.9991,5850759.3552],[32592488.7932,5850779.8487],[32592389.3336,5850843.8247],[32592304.8685,5850934.29],[32592240.1457,5851034.7511],[32592172.1747,5851168.6989],[32592119.1978,5851310.1435],[32592081.215,5851456.0861],[32592056.2272,5851605.0273],[32592035.4866,5851683.9962],[32592014.9959,5851762.9651],[32591997.504,5851841.4342],[32591989.0086,5851922.902],[32591949.5249,5851968.3845],[32591887.5499,5851992.8757],[32591815.3287,5852000.3737],[32591747.3557,5851995.8765],[32591676.6332,5851960.3917],[32591616.9062,5851907.9134],[32591564.4261,5851845.439],[32591520.9424,5851777.9664],[32591436.4744,5851673.5092],[32591354.2555,5851568.5521],[32591273.0362,5851462.0955],[32591194.5658,5851354.1396],[32591141.0861,5851295.1638],[32591083.3582,5851238.6871],[32591021.632,5851189.2076],[32590954.9079,5851148.2249],[32590869.1916,5851126.7347],[32590776.9784,5851134.233],[32590684.7654,5851161.2237],[32590598.5502,5851195.7112],[32590542.3231,5851237.1956],[32590496.842,5851292.1744],[32590462.3566,5851355.1499],[32590443.865,5851422.6234],[32590447.1158,5851566.0663],[32590481.1044,5851708.5092],[32590533.0858,5851847.9531],[32590590.0652,5851984.3981],[32590626.5523,5852087.8564],[32590663.789,5852190.815],[32590705.0241,5852292.2741],[32590751.5071,5852392.7335],[32590761.5054,5852546.1724],[32590727.2713,5852699.6119],[32590669.2966,5852853.5516],[32590605.3242,5853000.994],[32590579.3367,5853145.9368],[32590553.3492,5853291.8792],[32590530.1106,5853437.8216],[32590510.1207,5853584.7635],[32590491.6294,5853676.7272],[32590473.8878,5853768.6909],[32590453.3973,5853860.6547],[32590430.6577,5853952.6185],[32590411.4161,5854000.0999],[32590382.9281,5854045.0825],[32590345.6934,5854081.0687],[32590301.7112,5854103.5604],[32590237.7365,5854093.0655],[32590182.008,5854050.5832],[32590131.2773,5853993.1068],[32590087.7937,5853935.6303],[32590015.5706,5853816.1788],[32589958.3415,5853688.7302],[32589908.3594,5853558.2828],[32589864.125,5853425.836],[32589811.1437,5853264.4009],[32589763.4102,5853101.9662],[32589718.4257,5852938.5318],[32589679.4387,5852775.0973],[32589608.7143,5852601.1675],[32589527.7439,5852433.7352],[32589438.0272,5852269.8017],[32589343.0625,5852109.8667],[32589254.8459,5851996.4131],[32589152.3851,5851894.4551],[32589037.9293,5851807.4914],[32588914.4773,5851737.5211],[32588821.7637,5851707.0346],[32588722.8029,5851694.0412],[32588623.5924,5851701.5397],[32588533.3787,5851733.0286],[32588409.43,5851868.9764],[32588337.2113,5852047.4066],[32588293.7316,5852246.3283],[32588259.4981,5852442.251],[32588233.0119,5852669.1612],[32588226.268,5852899.07],[32588236.7673,5853129.4783],[32588262.2605,5853357.8872],[32588307.995,5853535.316],[32588378.9693,5853705.7472],[32588471.6848,5853865.6823],[32588586.8912,5854009.6233],[32588636.3727,5854088.0914],[32588686.8538,5854168.5587],[32588743.3325,5854243.0283],[32588812.8058,5854303.5032],[32588835.5477,5854366.9776],[32588847.0441,5854434.9505],[32588847.5449,5854503.923],[32588835.0509,5854570.8966],[32588786.5712,5854640.8696],[32588717.0996,5854695.349],[32588635.8825,5854737.3335],[32588553.6657,5854771.821],[32588463.4519,5854795.3131],[32588370.2391,5854808.8091],[32588277.2761,5854811.8093],[32588184.3129,5854806.3129],[32588111.8424,5854852.7955],[32588054.3662,5854920.2696],[32588009.8851,5854999.2389],[32587978.3988,5855082.7062],[32587960.6574,5855186.6652],[32587960.9089,5855293.1229],[32587975.1548,5855399.0806],[32587999.3967,5855503.5387],[32587987.9027,5855602.4996],[32587974.1597,5855701.4605],[32587955.4186,5855799.4218],[32587931.6794,5855895.8839],[32587859.9596,5856009.8397],[32587751.2541,5856098.806],[32587623.8058,5856170.7793],[32587496.3574,5856235.2556],[32587417.8895,5856302.7299],[32587339.4217,5856370.2043],[32587262.9531,5856439.6779],[32587188.4838,5856511.1506],[32587146.0016,5856575.6256],[32587125.5109,5856653.5949],[32587122.7632,5856735.5624],[32587134.2598,5856816.0303],[32587158.5021,5856942.9795],[32587196.4888,5857069.4287],[32587242.7223,5857191.8793],[32587294.9533,5857313.3303],[32587328.1917,5857421.7867],[32587362.4297,5857529.7433],[32587395.6681,5857638.1997],[32587429.9061,5857747.6558],[32587455.3974,5857841.618],[32587477.64,5857937.0798],[32587498.1333,5858032.5416],[32587515.3778,5858129.5028],[32587501.8846,5858221.4664],[32587450.1563,5858304.9341],[32587375.687,5858380.4052],[32587296.2196,5858444.8808],[32587204.7567,5858497.3613],[32587106.5463,5858536.8471],[32587004.3373,5858563.8379],[32586900.1289,5858580.3329],[32586825.909,5858625.816],[32586755.4378,5858675.2974],[32586689.2149,5858730.7763],[32586630.739,5858793.2524],[32586546.2736,5858864.7252],[32586462.558,5858937.1977],[32586380.0918,5859009.6701],[32586297.6256,5859083.1422],[32586232.402,5859115.6303],[32586155.1828,5859126.1272],[32586077.2137,5859116.6322],[32586005.4918,5859092.143],[32585925.2738,5859104.1394],[32585845.3058,5859117.6352],[32585765.0879,5859133.1303],[32585686.8692,5859152.6237],[32585642.6373,5859187.1107],[32585619.3974,5859246.0876],[32585613.9006,5859315.0603],[32585620.399,5859380.0344],[32585668.8806,5859442.5088],[32585738.6036,5859487.9897],[32585818.5724,5859521.975],[32585899.2907,5859548.4633],[32586032.238,5859557.4577],[32586167.4341,5859543.4613],[32586301.6304,5859514.4708],[32586433.8274,5859478.4831],[32586589.0155,5859462.4871],[32586745.2032,5859447.4907],[32586901.391,5859433.9938],[32587057.5788,5859420.9966],[32587174.5323,5859416.9964],[32587292.4855,5859420.4933],[32587410.4388,5859432.4867],[32587527.3926,5859451.4774],[32587653.0935,5859502.4553],[32587765.55,5859586.4203],[32587864.7622,5859689.3779],[32587956.2275,5859798.833],[32588048.4423,5859899.7915],[32588139.6576,5860003.2491],[32588226.1249,5860111.2049],[32588307.3443,5860222.6594],[32588364.8224,5860285.1337],[32588422.5504,5860347.608],[32588483.0273,5860409.0827],[32588546.7528,5860466.5589],[32588607.4792,5860501.0443],[32588678.4513,5860520.5355],[32588752.422,5860525.5324],[32588825.393,5860521.0331],[32588877.6218,5860490.0446],[32588918.8547,5860440.5636],[32588948.3421,5860380.587],[32588967.8334,5860318.6113],[32589021.0617,5860278.1266],[32589077.2888,5860241.6403],[32589136.5148,5860208.1527],[32589197.7401,5860181.6623],[32589268.712,5860190.1578],[32589333.437,5860237.638],[32589388.916,5860305.1103],[32589437.6477,5860374.0822],[32589504.8724,5860471.0427],[32589566.0996,5860572.5015],[32589622.5787,5860675.9595],[32589674.8095,5860783.4161],[32589715.5442,5860837.8938],[32589759.0277,5860890.8722],[32589807.759,5860938.3526],[32589863.4874,5860976.8365],[32589913.4679,5860998.3273],[32589968.4462,5861010.8215],[32590024.424,5861012.3201],[32590079.402,5861004.3225],[32590123.6341,5860981.8308],[32590162.868,5860949.3431],[32590195.1046,5860909.3585],[32590220.3439,5860865.3756],[32590245.8325,5860782.4082],[32590258.5762,5860696.4422],[32590262.0735,5860609.4767],[32590261.8223,5860522.5112],[32590324.7974,5860530.0073],[32590389.7715,5860525.5082],[32590450.9969,5860507.0146],[32590504.2253,5860474.5268],[32590556.4536,5860414.5498],[32590598.9357,5860347.076],[32590632.4213,5860272.1053],[32590659.1595,5860196.1351],[32590688.896,5860080.6805],[32590711.6352,5859963.7266],[32590728.3768,5859845.7733],[32590740.3703,5859727.8199],[32590757.1121,5859622.8614],[32590773.8539,5859517.9028],[32590791.3454,5859412.9443],[32590808.0872,5859308.9853],[32590853.0674,5859184.0343],[32590931.7845,5859074.5766],[32591029.4942,5858974.1151],[32591130.2028,5858880.151],[32591185.6795,5858798.1827],[32591241.4062,5858716.7143],[32591296.8829,5858634.2462],[32591349.3608,5858551.2784],[32591374.0998,5858472.3094],[32591370.5999,5858387.3432],[32591348.1076,5858300.3781],[32591314.6197,5858220.9101],[32591259.1407,5858148.4397],[32591188.6678,5858087.9648],[32591108.9488,5858038.9854],[32591025.2315,5858001.5015],[32590927.2702,5857985.0095],[32590826.3103,5857988.0098],[32590726.1004,5858005.5043],[32590630.8887,5858035.4937],[32590599.6495,5857925.5379],[32590572.4087,5857814.0825],[32590552.1651,5857701.6275],[32590545.9159,5857589.6721],[32590548.4139,5857521.699],[32590556.6596,5857454.7255],[32590570.1532,5857387.7519],[32590586.6457,5857322.7775],[32590616.3823,5857213.8203],[32590648.1181,5857106.3626],[32590681.8531,5856998.405],[32590718.5869,5856892.4465],[32590809.3018,5856957.4194],[32590903.7652,5857019.8932],[32591003.4763,5857066.8731],[32591110.4341,5857086.3638],[32591173.409,5857080.865],[32591235.634,5857065.3703],[32591295.8597,5857041.8787],[32591353.0866,5857013.3892],[32591447.2983,5856956.9103],[32591540.7603,5856899.4318],[32591633.2227,5856839.4542],[32591723.6858,5856775.9781],[32591789.909,5856746.4889],[32591860.1308,5856724.9964],[32591932.102,5856713.4999],[32592004.0734,5856714.9982],[32592084.7923,5856776.4726],[32592162.2626,5856851.4417],[32592212.7438,5856934.9078],[32592217.2433,5857022.8728],[32592186.5068,5857114.8368],[32592154.7708,5857207.3005],[32592121.2855,5857298.2649],[32592086.5506,5857390.2288],[32592046.8179,5857487.6907],[32592008.3346,5857585.6524],[32591969.6015,5857684.6136],[32591929.8687,5857782.0755],[32591920.1242,5857893.0316],[32591957.3611,5858005.4863],[32592020.5876,5858114.9419],[32592091.0611,5858215.9008],[32592154.2873,5858308.3632],[32592222.7614,5858398.8262],[32592297.2331,5858483.2916],[32592379.7015,5858562.259],[32592428.9335,5858672.7144],[32592465.1709,5858790.6671],[32592488.4134,5858912.1185],[32592501.4101,5859034.0699],[32592518.6547,5859135.5293],[32592536.1492,5859236.489],[32592550.3951,5859337.9484],[32592561.6421,5859440.9074],[32592608.1251,5859538.368],[32592684.5959,5859619.8345],[32592778.0598,5859689.8054],[32592875.7718,5859749.7801],[32593030.4609,5859788.7624],[32593195.3953,5859785.7612],[32593361.8287,5859757.2701],[32593525.0133,5859718.2832],[32593684.4493,5859677.2971],[32593842.6358,5859630.8133],[32593998.0732,5859574.8332],[32594149.512,5859508.8572],[32594275.9612,5859470.8704],[32594403.16,5859432.8837],[32594531.6084,5859395.3967],[32594659.807,5859361.4083],[32594802.7501,5859356.4082],[32594946.6935,5859398.8892],[32595086.1391,5859467.8597],[32595217.588,5859545.8269],[32595379.025,5859629.2913],[32595538.4629,5859716.2545],[32595695.9017,5859809.715],[32595849.3422,5859908.6735],[32595976.0427,5859967.6482],[32596103.4929,5860023.6241],[32596234.1917,5860074.6019],[32596367.8891,5860117.5829],[32596451.8564,5860158.5654],[32596535.5737,5860201.0473],[32596618.2915,5860247.5276],[32596696.7611,5860299.5058],[32596735.4963,5860341.4886],[32596762.2365,5860396.9661],[32596774.7324,5860456.9421],[32596771.4846,5860515.9188],[32596743.9965,5860582.8926],[32596700.5146,5860642.8694],[32596648.0363,5860695.3493],[32596590.8097,5860742.8313],[32596472.6071,5860770.8219],[32596346.657,5860759.8281],[32596217.7078,5860724.8439],[32596095.006,5860686.361],[32595935.3187,5860633.8842],[32595779.6297,5860575.9095],[32595626.1897,5860509.4382],[32595475.4986,5860438.4686],[32595290.8215,5860406.9838],[32595101.6467,5860402.4883],[32594912.722,5860415.9858],[32594725.2969,5860442.9778],[32594526.1264,5860467.471],[32594327.9556,5860495.9626],[32594130.5346,5860531.4513],[32593935.3628,5860574.9369],[32593742.9399,5860614.4241],[32593551.5166,5860655.4106],[32593360.3432,5860697.8965],[32593170.9192,5860744.3808],[32593009.7334,5860755.3788],[32592848.7972,5860739.8873],[32592689.1101,5860701.9047],[32592536.42,5860648.4282],[32592408.7201,5860600.4491],[32592285.0184,5860544.4731],[32592166.5645,5860478.501],[32592056.1073,5860402.033],[32591933.1558,5860376.0451],[32591808.2053,5860364.0517],[32591683.255,5860367.0523],[32591560.0542,5860384.0474],[32591462.5935,5860422.5335],[32591375.3791,5860484.0104],[32591299.6603,5860560.4811],[32591240.1853,5860647.9472],[32591205.7001,5860724.9171],[32591183.96,5860808.8841],[32591176.4642,5860893.8505],[32591185.9617,5860977.817],[32591240.1916,5861073.2783],[32591323.6596,5861151.7459],[32591423.3709,5861217.7182],[32591525.831,5861273.6945],[32591665.5264,5861339.6663],[32591810.2197,5861395.6419],[32591957.9117,5861442.6211],[32592108.6024,5861483.1029],[32592334.513,5861510.5887],[32592564.4217,5861514.5837],[32592794.58,5861502.0853],[32593023.7386,5861480.5905],[32593280.8864,5861484.5852],[32593538.0343,5861489.5795],[32593794.9322,5861495.5733],[32594053.0797,5861503.5664],[32594257.7488,5861533.0517],[32594457.4204,5861599.5224],[32594646.8465,5861692.9825],[32594826.0269,5861804.4356],[32594918.7409,5861866.4096],[32595010.2056,5861934.8811],[32595084.6771,5862016.3477],[32595128.1611,5862112.8087],[32595174.3941,5862209.2697],[32595213.6299,5862310.7289],[32595244.1193,5862415.1869],[32595263.3631,5862521.1446],[32595274.6101,5862625.1031],[32595280.8591,5862730.5611],[32595280.1108,5862835.5195],[32595271.3658,5862940.4779],[32595270.867,5863013.4489],[32595270.3682,5863086.42],[32595269.8694,5863159.8908],[32595268.371,5863232.8618],[32595289.8636,5863309.8309],[32595342.3436,5863377.3034],[32595411.0671,5863436.7787],[32595482.7894,5863489.2568],[32595519.0264,5863595.714],[32595540.2696,5863707.1695],[32595550.5171,5863821.124],[32595553.7674,5863935.0787],[32595461.0594,5864302.934],[32595409.3392,5864969.67],[32595406.341,5865009.1543],[32595403.0929,5865052.1373],[32595408.5915,5865115.1122],[32595410.0918,5865178.0872],[32595406.844,5865242.0618],[32595400.3475,5865306.0365],[32595391.8517,5865363.014],[32595375.6089,5865419.9916],[32595348.1205,5865469.9722],[32595308.8867,5865508.4575],[32595253.6589,5865528.9501],[32595194.6825,5865540.9462],[32595135.706,5865542.4465],[32595079.7281,5865531.9515],[32595026.9985,5865489.4691],[32594970.2705,5865452.9845],[32594912.2931,5865419.4986],[32594852.5664,5865390.0112],[32594792.8397,5865358.5246],[32594728.8648,5865337.034],[32594662.891,5865328.5384],[32594598.9165,5865336.0363],[32594519.6984,5865365.5258],[32594439.4807,5865393.016],[32594359.2629,5865419.5067],[32594280.0448,5865446.9969],[32594204.825,5865469.4891],[32594128.6056,5865489.4823],[32594051.6364,5865506.9765],[32593974.4173,5865520.4722],[32593895.4486,5865511.9768],[32593821.7273,5865471.4939],[32593755.253,5865414.0177],[32593696.5254,5865352.543],[32593746.755,5865317.5561],[32593794.9853,5865279.0707],[32593838.4674,5865236.587],[32593875.7019,5865188.6055],[32593897.9425,5865144.6226],[32593912.436,5865096.6415],[32593918.6829,5865046.6612],[32593915.9333,5864998.6803],[32593900.4387,5864942.7028],[32593869.7002,5864892.2233],[32593826.9666,5864849.241],[32593778.2355,5864818.7538],[32593687.5211,5864785.7682],[32593596.5569,5864758.2805],[32593503.8434,5864733.7915],[32593410.8801,5864712.8012],[32593322.6654,5864731.2952],[32593231.7017,5864740.2929],[32593144.7361,5864730.798],[32593066.7666,5864697.3124],[32593000.2922,5864631.8394],[32592932.8181,5864568.3656],[32592863.095,5864507.3908],[32592790.3731,5864451.9139],[32592724.8985,5864407.4325],[32592658.1744,5864364.9504],[32592591.2005,5864324.4674],[32592524.4764,5864283.9845],[32592433.762,5864250.4991],[32592347.0459,5864206.5178],[32592264.3281,5864156.0391],[32592183.6094,5864103.0613],[32592077.1508,5864037.5888],[32591976.6897,5863957.622],[32591897.22,5863865.1599],[32591855.9848,5863755.704],[32591851.7349,5863640.7497],[32591854.4822,5863525.2955],[32591866.4759,5863411.3406],[32591886.2164,5863298.3852],[32591935.9453,5863198.9239],[32591977.6772,5863094.9646],[32592012.412,5862988.5064],[32592043.1482,5862881.5484],[32592071.8853,5862775.5901],[32592090.6264,5862664.6339],[32592085.3769,5862556.6768],[32592047.8905,5862461.2153],[32591978.4172,5862396.7419],[32591897.6986,5862344.7637],[32591809.9829,5862306.2803],[32591719.0187,5862279.7921],[32591603.0646,5862264.7998],[32591484.1119,5862264.8015],[32591370.9072,5862286.7944],[32591273.4467,5862339.275],[32591236.9626,5862443.2342],[32591192.2318,5862545.6942],[32591133.5065,5862637.6585],[32591054.039,5862705.1328],[32590983.8172,5862729.6241],[32590909.5969,5862744.1195],[32590834.6268,5862751.1178],[32590760.6563,5862752.6182],[32590689.9338,5862707.1373],[32590610.9647,5862677.6502],[32590528.2473,5862658.1591],[32590444.2806,5862648.1643],[32590331.3255,5862648.6657],[32590218.1207,5862666.6602],[32590109.6644,5862704.1469],[32590010.4546,5862757.1273],[32589955.9771,5862823.6017],[32589938.2355,5862916.565],[32589945.484,5863018.0246],[32589968.976,5863112.9866],[32589843.776,5863132.9805],[32589720.5755,5863164.4697],[32589603.1228,5863209.4536],[32589496.666,5863273.9296],[32589418.198,5863339.4047],[32589351.7255,5863417.8746],[32589298.9977,5863505.3406],[32589264.5127,5863601.303],[32589239.5245,5863733.251],[32589221.5335,5863866.1985],[32589207.7908,5864000.1455],[32589195.7974,5864135.0921],[32589215.542,5864311.5217],[32589220.2926,5864490.4506],[32589211.0488,5864669.3797],[32589188.8101,5864846.3098],[32589154.8259,5865013.244],[32589107.597,5865179.1788],[32589035.6277,5865330.6198],[32588927.6722,5865454.0724],[32588814.2182,5865520.0479],[32588694.7665,5865578.5264],[32588570.5663,5865616.5132],[32588443.3669,5865626.5112],[32588334.6595,5865586.5287],[32588223.953,5865553.5435],[32588111.9971,5865528.0553],[32587999.0417,5865508.0649],[32587896.0824,5865493.0724],[32587792.1236,5865488.5758],[32587690.1642,5865499.5729],[32587592.9532,5865529.0627],[32587517.4838,5865571.5469],[32587449.0118,5865631.0243],[32587400.532,5865701.4971],[32587386.0389,5865780.466],[32587398.2856,5865891.9215],[32587412.5315,5866002.8772],[32587428.7766,5866114.3327],[32587445.0217,5866226.288],[32587471.5124,5866316.7517],[32587490.7561,5866408.7149],[32587505.2516,5866502.1776],[32587518.4977,5866596.1401],[32587497.7575,5866710.0951],[32587487.0134,5866826.0492],[32587489.2641,5866941.0036],[32587513.506,5867053.4585],[32587551.742,5867136.9248],[32587596.2255,5867219.3914],[32587646.7065,5867297.8595],[32587701.186,5867373.3287],[32587770.1588,5867388.8215],[32587832.8844,5867429.3045],[32587889.6127,5867482.7824],[32587940.0934,5867540.7586],[32588018.5638,5867651.7134],[32588080.5409,5867775.1634],[32588115.7788,5867906.6107],[32588113.7814,5868038.5583],[32588069.8009,5868184.501],[32588010.8263,5868324.9461],[32587940.856,5868461.393],[32587865.8876,5868595.341],[32587722.6969,5868769.2741],[32587586.5034,5868949.2047],[32587457.0574,5869135.6326],[32587337.8574,5869326.5586],[32587247.6454,5869478.9994],[32587165.6801,5869636.4381],[32587101.4579,5869801.3736],[32587064.225,5869972.3063],[32587059.4785,5870088.2603],[32587063.7285,5870205.2138],[32587085.9712,5870318.6684],[32587136.2027,5870418.1282],[32587193.9305,5870471.6061],[32587257.6559,5870520.0858],[32587327.3787,5870558.5695],[32587401.3498,5870586.0575],[32587462.076,5870610.5468],[32587535.0469,5870604.0483],[32587610.2667,5870579.5569],[32587681.4881,5870551.0672],[32587827.179,5870466.0987],[32587976.6186,5870387.1278],[32588128.3073,5870311.1557],[32588281.7454,5870239.1819],[32588386.203,5870175.2058],[32588504.6554,5870131.7212],[32588628.8558,5870108.7285],[32588753.8061,5870104.7282],[32588913.7429,5870124.218],[32589070.4313,5870171.197],[32589218.1237,5870243.1662],[32589348.3233,5870339.1261],[32589490.2691,5870491.5635],[32589623.2185,5870654.4968],[32589744.1728,5870825.4272],[32589850.8829,5871006.3538],[32589862.8805,5871174.7867],[32589894.6202,5871342.2198],[32589947.6014,5871504.6545],[32590021.5742,5871656.0933],[32590116.7881,5871788.0395],[32590234.9928,5871903.9918],[32590369.1908,5872001.9509],[32590513.8844,5872081.4173],[32590728.3003,5872161.8822],[32590952.9618,5872215.3577],[32591182.8709,5872249.3408],[32591413.7793,5872268.8297],[32591522.4868,5872312.8107],[32591633.1933,5872352.7932],[32591744.8994,5872389.7769],[32591857.855,5872425.2611],[32591998.5494,5872449.7494],[32592138.4943,5872480.735],[32592277.1896,5872517.7183],[32592414.8855,5872558.7],[32592530.8397,5872581.6892],[32592650.5427,5872618.6727],[32592744.2562,5872678.1477],[32592781.7426,5872766.6121],[32592776.9959,5872870.5709],[32592772.2493,5872975.5292],[32592768.5022,5873080.4876],[32592764.7552,5873185.9458],[32592746.2634,5873247.4217],[32592736.7681,5873313.3956],[32592741.5171,5873379.8692],[32592762.0098,5873439.845],[32592808.742,5873492.3235],[32592866.4696,5873537.8046],[32592929.1951,5873564.2932],[32592990.1707,5873556.7953],[32593064.6406,5873517.3099],[32593137.8609,5873476.8249],[32593211.0813,5873436.3399],[32593284.5515,5873394.8552],[32593369.7669,5873344.374],[32593456.2318,5873293.8928],[32593542.4469,5873244.4112],[32593628.9118,5873193.93],[32593683.3899,5873173.9371],[32593732.1203,5873155.9435],[32593841.3265,5873130.9519],[32593952.5322,5873122.4536],[32594062.4887,5873135.4468],[32594172.1956,5873172.4305],[32594283.9018,5873216.9112],[32594376.6158,5873278.8853],[32594428.8463,5873368.349],[32594417.3519,5873439.3209],[32594390.8634,5873510.2932],[32594351.6298,5873571.7693],[32594299.1514,5873621.2504],[32594204.9391,5873638.7449],[32594113.7257,5873665.2357],[32594024.5117,5873700.2231],[32593941.2953,5873744.7067],[32593855.8301,5873800.1859],[32593776.3626,5873863.6619],[32593701.8931,5873934.135],[32593633.4214,5874008.6064],[32593557.7028,5874100.0712],[32593486.9822,5874196.534],[32593422.2593,5874296.4952],[32593362.5345,5874398.9554],[32593292.5625,5874414.4503],[32593222.3406,5874426.9464],[32593152.3686,5874437.4432],[32593082.1466,5874446.9405],[32593006.1768,5874449.4406],[32592929.2073,5874444.9435],[32592852.2379,5874439.4468],[32592777.2677,5874443.4463],[32592729.0372,5874468.4371],[32592696.5508,5874519.9172],[32592679.3086,5874582.8924],[32592673.8116,5874645.8675],[32592583.5979,5874676.3567],[32592487.3863,5874684.8548],[32592389.4251,5874679.8582],[32592292.4635,5874668.3642],[32592228.7384,5874636.8776],[32592174.0095,5874588.3976],[32592131.5255,5874527.9223],[32592103.7856,5874462.4487],[32592045.8087,5874467.4475],[32591989.5814,5874490.939],[32591940.3515,5874529.4245],[32591899.1185,5874574.4072],[32591867.6319,5874634.8837],[32591847.1409,5874701.8574],[32591835.6465,5874770.8302],[32591833.1484,5874840.8024],[32591791.9155,5874889.7836],[32591742.6856,5874932.2674],[32591687.4581,5874965.7549],[32591628.2319,5874991.2457],[32591567.256,5874981.2506],[32591512.5273,5874943.7662],[32591464.7955,5874892.2874],[32591426.0601,5874836.81],[32591379.5777,5874772.3362],[32591337.0937,5874705.8633],[32591297.6084,5874637.8908],[32591263.8709,5874567.4193],[32591221.1374,5874534.9328],[32591169.4077,5874515.9411],[32591113.4298,5874508.4449],[32591060.2011,5874514.9431],[32591016.9687,5874543.4324],[32590983.7325,5874587.4154],[32590959.4928,5874638.3956],[32590943.9997,5874691.3747],[32590918.2615,5874802.8309],[32590903.5189,5874917.7855],[32590893.7744,5875033.2398],[32590888.778,5875149.1938],[32590868.0382,5875288.1389],[32590848.048,5875428.0837],[32590828.0579,5875567.0288],[32590807.0682,5875706.9735],[32590764.3346,5875667.4898],[32590718.6023,5875629.0058],[32590670.8708,5875600.5178],[32590617.8917,5875590.5225],[32590582.4065,5875635.0054],[32590528.1784,5875665.4941],[32590475.1998,5875687.4861],[32590415.9735,5875699.982],[32590359.9957,5875697.4838],[32590311.2648,5875675.9931],[32590260.5343,5875627.5131],[32590211.8029,5875577.5336],[32590166.0704,5875524.0555],[32590122.5869,5875470.5774],[32590071.8562,5875408.1029],[32590027.3729,5875340.6304],[32589986.8881,5875271.6583],[32589947.4028,5875202.1865],[32589868.1826,5875083.2349],[32589801.9572,5874956.786],[32589746.7273,5874824.3394],[32589698.7446,5874690.8931],[32589658.2577,5874477.4784],[32589609.5241,5874266.0631],[32589554.0433,5874056.1472],[32589491.3154,5873849.7301],[32589433.5858,5873669.3025],[32589369.8587,5873490.8743],[32589287.8889,5873321.9426],[32589179.9297,5873173.0034],[32589109.4568,5873105.5312],[32589027.7384,5873047.5555],[32588940.0228,5873014.0701],[32588851.0581,5873016.5705],[32588780.8364,5873048.059],[32588719.3615,5873098.5399],[32588668.8824,5873161.0159],[32588632.3979,5873230.9886],[32588563.926,5873300.4621],[32588489.4565,5873363.938],[32588409.9888,5873420.4168],[32588325.7729,5873468.8988],[32588245.5552,5873504.386],[32588160.3394,5873529.8771],[32588074.1237,5873535.8761],[32587994.4051,5873516.385],[32587923.6825,5873465.9061],[32587857.9578,5873408.4299],[32587800.4797,5873343.9564],[32587754.9968,5873272.4855],[32587727.5066,5873194.017],[32587713.0112,5873112.0498],[32587697.5162,5873030.0826],[32587669.0265,5872953.6133],[32587633.5398,5872897.1363],[32587592.8053,5872845.1576],[32587546.0732,5872798.6767],[32587493.3436,5872761.1924],[32587508.3358,5872630.2442],[32587510.3331,5872493.2985],[32587482.0926,5872368.8484],[32587409.6201,5872277.3858],[32587306.1602,5872209.4143],[32587200.4513,5872146.4409],[32587094.9923,5872084.9669],[32586992.2821,5872017.9951],[32586890.8214,5871947.0248],[32586789.3607,5871877.5539],[32586688.6497,5871806.5836],[32586589.1882,5871734.6137],[32586527.7114,5871648.1489],[32586508.4675,5871537.1933],[32586517.4622,5871414.7418],[32586542.2008,5871301.2864],[32586540.7001,5871207.8236],[32586539.4493,5871115.8601],[32586539.9478,5871023.8966],[32586545.6943,5870932.9326],[32586516.2048,5870846.4674],[32586459.7262,5870770.9982],[32586385.2548,5870705.5254],[32586307.5349,5870651.0482],[32586219.5695,5870630.0578],[32586127.6062,5870639.5554],[32586035.3932,5870669.0451],[32585950.9273,5870710.5299],[32585867.4616,5870790.4994],[32585803.7383,5870890.4607],[32585755.0091,5871000.9175],[32585718.2753,5871114.8728],[32585699.7837,5871189.8434],[32585687.0399,5871267.8126],[32585685.5415,5871344.7821],[32585702.036,5871419.752],[32585666.551,5871485.7264],[32585622.3194,5871546.203],[32585568.8414,5871600.1824],[32585509.6156,5871646.6648],[32585390.4133,5871672.6563],[32585264.4631,5871658.6637],[32585136.5133,5871620.6808],[32585013.8114,5871577.6997],[32584867.3685,5871503.7312],[32584730.9214,5871410.7702],[32584603.7204,5871304.8142],[32584484.2663,5871190.8612],[32584363.0629,5871081.9063],[32584244.8583,5870971.9517],[32584129.6524,5870857.9987],[32584018.445,5870741.0468],[32583930.7289,5870675.0743],[32583838.2648,5870616.5989],[32583740.5529,5870567.6198],[32583638.5929,5870533.135],[32583542.6309,5870532.1368],[32583447.4192,5870563.6257],[32583358.955,5870617.1058],[32583281.4867,5870682.581],[32583217.0136,5870773.046],[32583171.2832,5870876.5056],[32583141.5465,5870987.462],[32583124.5548,5871100.4174],[32583118.8088,5871221.3695],[32583125.058,5871343.8208],[32583142.0529,5871463.7729],[32583170.2934,5871583.2251],[32583203.5321,5871721.6696],[32583240.5194,5871860.1141],[32583282.5046,5871996.0595],[32583330.7373,5872131.505],[32583354.979,5872223.9679],[32583380.4701,5872316.4308],[32583404.7118,5872408.394],[32583428.2038,5872501.8565],[32583436.4518,5872592.8203],[32583425.9572,5872686.7831],[32583403.2176,5872779.7465],[32583373.7305,5872869.7113],[32583325.0012,5872967.1733],[32583264.2766,5873058.6379],[32583192.8061,5873143.6052],[32583116.0877,5873223.0748],[32583072.8554,5873263.5594],[32583032.622,5873308.0423],[32583001.1352,5873357.0233],[32582986.8916,5873412.0017],[32582992.6398,5873450.9862],[32583011.3829,5873488.471],[32583039.1223,5873518.4587],[32583073.8588,5873539.9496],[32583138.8333,5873561.4401],[32583204.8074,5873577.9326],[32583272.7806,5873592.4258],[32583340.5039,5873606.9191],[32583484.447,5873625.9094],[32583627.3906,5873651.8969],[32583770.0844,5873680.8833],[32583912.0285,5873713.868],[32584046.7254,5873743.3543],[32584180.6728,5873781.3372],[32584310.372,5873831.3154],[32584430.8251,5873898.287],[32584514.5427,5873958.7618],[32584597.0109,5874025.2341],[32584662.4859,5874102.2026],[32584694.9743,5874193.166],[32584686.4786,5874262.1387],[32584681.9814,5874332.111],[32584679.4833,5874402.0833],[32584678.9845,5874472.5553],[32584668.4896,5874537.5297],[32584668.9903,5874606.5023],[32584682.7358,5874670.4767],[32584715.2236,5874726.9538],[32584779.9484,5874758.4403],[32584840.6749,5874799.9229],[32584898.4026,5874846.4036],[32584955.1307,5874894.8835],[32585055.592,5874977.3492],[32585152.0549,5875067.3121],[32585240.5211,5875162.7729],[32585319.7411,5875267.73],[32585361.9759,5875380.1847],[32585411.2079,5875491.6397],[32585466.4375,5875599.0962],[32585531.9129,5875701.5546],[32585583.3934,5875769.027],[32585644.8698,5875829.5021],[32585711.5941,5875884.979],[32585783.3163,5875933.4587],[32585879.2784,5875946.4521],[32585975.9903,5875967.9421],[32586066.9546,5876001.9273],[32586150.6721,5876051.4064],[32586192.1564,5876109.8825],[32586224.6445,5876183.8527],[32586232.1425,5876252.3254],[32586198.9063,5876293.8094],[32586090.6997,5876326.2981],[32585982.4931,5876356.2879],[32585874.2864,5876386.7774],[32585766.0798,5876416.7671],[32585643.8784,5876422.7666],[32585522.6768,5876442.7604],[32585405.4738,5876477.2485],[32585294.0187,5876525.2311],[32585200.5567,5876583.7093],[32585119.0901,5876661.1798],[32585053.6173,5876751.6448],[32585010.8857,5876853.605],[32584996.8931,5876988.5516],[32585009.8899,5877128.4959],[32585054.1241,5877257.9438],[32585133.3441,5877362.901],[32585273.7897,5877456.8616],[32585423.2315,5877538.8268],[32585578.6707,5877608.2969],[32585740.3572,5877661.2734],[32585909.5399,5877651.7746],[32586079.4726,5877657.7697],[32586247.4062,5877680.2582],[32586413.091,5877719.2403],[32586591.7712,5877805.7033],[32586773.2003,5877886.1686],[32586957.6281,5877958.637],[32587147.3036,5878020.1098],[32587310.2392,5878041.099],[32587472.1753,5878069.5852],[32587633.8616,5878102.5697],[32587794.5483,5878141.052],[32587905.5045,5878155.0448],[32588018.46,5878185.531],[32588114.1728,5878239.5081],[32588174.4,5878322.9741],[32588200.6413,5878441.4266],[32588230.8809,5878559.3794],[32588262.1201,5878677.8319],[32588296.3581,5878795.2847],[32588316.6015,5878894.2451],[32588345.0915,5878993.7052],[32588386.3264,5879086.1679],[32588445.8039,5879165.6354],[32588501.5323,5879205.1189],[32588564.2579,5879235.6059],[32588631.2315,5879254.0975],[32588699.2046,5879256.5955],[32588769.4265,5879240.101],[32588834.6501,5879203.6145],[32588896.125,5879156.1324],[32588954.3512,5879107.151],[32589059.0584,5879019.1843],[32589156.7682,5878916.7235],[32589226.489,5878803.2675],[32589251.4773,5878678.3167],[32589242.2291,5878542.8706],[32589229.2324,5878409.9236],[32589212.987,5878275.4772],[32589192.9931,5878143.5299],[32589167.0012,5877983.094],[32589141.2593,5877823.6577],[32589114.2678,5877664.7212],[32589085.2771,5877506.2845],[32589144.0044,5877550.766],[32589208.7293,5877593.2481],[32589274.7035,5877618.737],[32589338.6779,5877611.239],[32589380.9108,5877584.2491],[32589423.1436,5877556.7594],[32589463.3772,5877527.2705],[32589504.3606,5877498.2814],[32589531.8489,5877444.3025],[32589575.0811,5877399.8195],[32589628.3095,5877364.3328],[32589684.5367,5877334.3439],[32589784.9963,5877295.3579],[32589889.2045,5877267.8673],[32589997.1614,5877252.8717],[32590105.3684,5877250.8709],[32590222.322,5877259.3658],[32590339.2759,5877283.3546],[32590452.9812,5877321.3378],[32590561.6887,5877370.3168],[32590697.136,5877447.2843],[32590829.5845,5877530.2494],[32590957.0351,5877620.2118],[32591079.4878,5877718.1711],[32591192.6945,5877833.1238],[32591307.9003,5877946.0773],[32591426.1048,5878057.0315],[32591544.3094,5878167.9857],[32591654.5176,5878306.9289],[32591776.7209,5878438.8748],[32591915.917,5878544.8306],[32592074.6048,5878606.3039],[32592228.544,5878625.2941],[32592384.4822,5878640.7857],[32592540.4204,5878652.7786],[32592696.3587,5878663.7719],[32592855.2957,5878680.2631],[32593016.2319,5878689.2571],[32593175.1687,5878683.2571],[32593332.6058,5878657.7649],[32593432.8155,5878623.2772],[32593529.0267,5878578.7934],[32593619.49,5878523.8139],[32593702.9559,5878458.3387],[32593739.6899,5878358.3778],[32593786.42,5878260.9158],[32593845.8951,5878173.9495],[32593922.3638,5878104.4759],[32593999.8325,5878064.9905],[32594083.049,5878036.0007],[32594168.015,5878018.5064],[32594253.9808,5878019.005],[32594323.7038,5878063.4863],[32594398.6745,5878100.9703],[32594477.3937,5878130.9572],[32594558.3618,5878149.4487],[32594627.3344,5878152.9463],[32594697.3065,5878143.449],[32594764.5295,5878121.9565],[32594825.7547,5878088.4689],[32594855.2418,5878007.5006],[32594892.9757,5877928.5314],[32594941.4555,5877861.0575],[32595006.6789,5877811.5762],[32595064.6558,5877804.0783],[32595127.631,5877820.5708],[32595190.6062,5877836.0637],[32595247.5834,5877826.5667],[32595295.8137,5877787.5814],[32595336.2969,5877739.1001],[32595397.022,5877679.6228],[32595402.5204,5877722.6057],[32595414.7669,5877820.5666],[32595426.0138,5877919.5271],[32595436.2611,5878018.9875],[32595442.0098,5878084.9612],[32595446.5089,5878151.9345],[32595448.0093,5878218.9079],[32595446.5108,5878285.8813],[32595440.2639,5878326.8652],[32595428.0193,5878367.8491],[32595407.7779,5878405.8343],[32595381.5388,5878437.822],[32595317.8133,5878379.3461],[32595244.3417,5878328.8673],[32595166.3723,5878299.8799],[32595090.4026,5878307.3781],[32595012.934,5878350.862],[32594942.7127,5878407.3406],[32594872.2415,5878463.8192],[32594795.7725,5878508.3027],[32594720.5528,5878537.7921],[32594645.333,5878566.2819],[32594568.3639,5878589.7737],[32594490.1453,5878606.2683],[32594400.9308,5878616.7654],[32594311.9663,5878621.7648],[32594223.0016,5878621.2663],[32594134.0369,5878615.7698],[32594054.8188,5878650.7571],[32593988.3461,5878711.7338],[32593933.8688,5878787.2047],[32593889.1377,5878866.6738],[32593862.6493,5878945.6428],[32593849.1558,5879028.6101],[32593848.4073,5879113.5764],[32593860.9035,5879197.043],[32593817.4218,5879268.5153],[32593762.9443,5879333.4903],[32593698.4707,5879388.9692],[32593629.2489,5879436.4514],[32593559.0271,5879460.9427],[32593485.0566,5879472.4392],[32593409.8365,5879470.941],[32593337.1152,5879458.447],[32593256.1472,5879446.4529],[32593176.1788,5879431.9599],[32593096.2103,5879414.468],[32593019.4904,5879391.9781],[32592959.2645,5879398.4764],[32592901.2878,5879417.9695],[32592847.0598,5879450.4574],[32592802.578,5879491.4418],[32592754.0983,5879568.9117],[32592724.6113,5879657.8768],[32592707.8693,5879751.8398],[32592697.1248,5879845.8026],[32592665.8881,5879911.2771],[32592632.4024,5879976.2518],[32592595.9177,5880039.2273],[32592554.435,5880098.7043],[32592503.206,5880146.686],[32592443.7302,5880184.172],[32592378.5065,5880213.6613],[32592312.533,5880236.1533],[32592211.3237,5880269.1417],[32592109.8644,5880298.6315],[32592006.9056,5880323.6231],[32591903.6969,5880346.1157],[32591845.4704,5880366.6084],[32591788.2434,5880391.0995],[32591735.015,5880420.0888],[32591686.7847,5880457.5746],[32591656.5472,5880496.5596],[32591639.3047,5880544.041],[32591631.8084,5880596.0205],[32591634.5581,5880648.4996],[32591637.0579,5880706.4766],[32591643.806,5880763.4538],[32591654.3026,5880821.4307],[32591669.7972,5880877.908],[32591718.2791,5880954.377],[32591787.0026,5881017.8507],[32591866.7217,5881071.3283],[32591947.1905,5881121.8071],[32591837.2341,5881117.3105],[32591727.2779,5881127.3082],[32591619.0712,5881148.3014],[32591513.8634,5881180.7901],[32591377.4183,5881235.7703],[32591244.9718,5881297.7476],[32591114.5246,5881365.7225],[32590989.8251,5881442.194],[32590911.3576,5881532.6593],[32590825.6428,5881616.1274],[32590731.1813,5881691.099],[32590631.7217,5881756.5745],[32590495.027,5881827.5483],[32590358.5821,5881896.5229],[32590220.1381,5881963.4984],[32590081.6939,5882029.4742],[32589936.2523,5882071.4597],[32589793.8096,5882123.4412],[32589654.3658,5882183.4194],[32589519.9201,5882252.394],[32589408.4652,5882311.872],[32589303.0081,5882384.3448],[32589216.2937,5882472.3111],[32589160.5673,5882579.2695],[32589149.8231,5882684.228],[32589157.3216,5882793.1847],[32589186.5614,5882893.6443],[32589246.0389,5882975.1111],[32589343.5012,5883049.0803],[32589443.9623,5883120.5505],[32589546.6725,5883190.5212],[32589650.1323,5883258.4927],[32589751.0925,5883278.9831],[32589854.8018,5883308.9696],[32589943.5172,5883354.4503],[32590003.9942,5883427.9202],[32590021.4883,5883501.3908],[32590041.9811,5883575.3611],[32590065.4728,5883647.832],[32590089.9641,5883720.8027],[32590107.7079,5883780.2788],[32590130.1998,5883838.2555],[32590161.9379,5883891.7338],[32590202.6724,5883937.7149],[32590243.4066,5883964.2038],[32590291.3878,5883985.6946],[32590338.3693,5883992.6911],[32590379.3528,5883978.1963],[32590419.5863,5883938.7114],[32590461.819,5883901.7254],[32590504.3016,5883864.2397],[32590546.5343,5883827.2537],[32590613.007,5883762.7783],[32590682.4786,5883702.3013],[32590754.6991,5883644.8231],[32590829.1688,5883589.344],[32590907.6368,5883532.8653],[32590990.8531,5883482.3841],[32591075.3189,5883434.9017],[32591161.534,5883388.4189],[32591304.9764,5883341.4354],[32591445.4199,5883285.4556],[32591580.8651,5883218.4801],[32591710.5626,5883140.5092],[32591842.2589,5883042.5461],[32591971.956,5882939.5851],[32592097.6546,5882833.1255],[32592223.3532,5882726.1661],[32592365.2953,5882617.2073],[32592503.9886,5882502.2509],[32592623.9392,5882372.8005],[32592710.9025,5882223.3585],[32592755.8829,5882096.4083],[32592795.6154,5881969.9579],[32592836.5973,5881842.0081],[32592881.5777,5881716.5572],[32592938.5529,5881563.6171],[32592996.5278,5881411.1767],[32593055.7521,5881259.2362],[32593116.7258,5881108.795],[32593386.1158,5880895.3758],[32593428.3487,5880867.8861],[32593493.323,5880879.3805],[32593547.3015,5880875.8811],[32593602.5295,5880871.8819],[32593662.5057,5880869.382],[32593723.4815,5880873.8793],[32593784.4575,5880884.3742],[32593843.1844,5880900.8668],[32593909.9087,5880962.3414],[32593929.1526,5881067.7993],[32593923.4066,5881191.7501],[32593915.4114,5881307.7042],[32593897.1694,5881366.6811],[32593883.6756,5881426.6575],[32593871.1815,5881487.6334],[32593861.936,5881548.6094],[32593853.4402,5881608.5857],[32593850.942,5881669.5615],[32593852.6922,5881729.5377],[32593860.1901,5881790.5134],[32593877.9338,5881845.9911],[32593910.4216,5881896.9703],[32593952.1557,5881942.4517],[32593997.8881,5881982.9349],[32593979.147,5882087.8935],[32593958.4067,5882191.8526],[32593937.6664,5882296.8112],[32593916.9261,5882401.27],[32593915.6776,5882472.7417],[32593898.1855,5882543.214],[32593869.6978,5882612.187],[32593838.2113,5882680.1605],[32593794.4801,5882787.6185],[32593722.76,5882884.581],[32593632.0471,5882963.551],[32593529.8385,5883020.0301],[32593344.1631,5883086.5065],[32593158.7377,5883154.4822],[32592974.3119,5883222.9578],[32592789.6362,5883291.9331],[32592601.2118,5883345.4147],[32592416.7859,5883411.891],[32592237.1084,5883489.8627],[32592061.6792,5883576.331],[32591852.7637,5883683.7914],[32591651.8451,5883804.7464],[32591459.9232,5883939.1958],[32591280.7464,5884089.1389],[32591066.3345,5884293.5609],[32590851.9225,5884497.9828],[32590636.5109,5884701.4051],[32590421.0993,5884906.3269],[32590258.1658,5885027.781],[32590099.2307,5885155.7325],[32589951.2914,5885294.6794],[32589818.0965,5885447.1208],[32589751.6242,5885540.5846],[32589698.8966,5885643.0447],[32589662.1627,5885752.0019],[32589648.4198,5885864.9573],[32589662.6657,5885978.412],[32589687.9073,5886090.3671],[32589731.1416,5886195.8246],[32589797.3666,5886285.288],[32589875.0865,5886342.2642],[32589960.8032,5886392.7429],[32590050.518,5886422.2299],[32590138.7329,5886416.231],[32590190.9614,5886360.2525],[32590251.4367,5886311.7708],[32590315.6606,5886269.2868],[32590382.1336,5886228.8019],[32590469.3482,5886172.323],[32590563.81,5886126.8397],[32590663.0202,5886097.8498],[32590764.9797,5886092.3505],[32590854.6947,5886137.3313],[32590948.408,5886174.815],[32591046.3695,5886203.8021],[32591145.3305,5886223.2928],[32591230.2969,5886232.288],[32591318.2619,5886230.7873],[32591399.4794,5886210.2943],[32591463.7032,5886163.8118],[32591508.1846,5886091.8397],[32591547.6678,5886017.3688],[32591580.4037,5885939.3993],[32591606.8921,5885859.4306],[32591627.6323,5885750.4736],[32591650.3717,5885644.0156],[32591675.1104,5885536.0581],[32591699.849,5885429.1003],[32591711.5928,5885319.1438],[32591733.3327,5885211.1864],[32591768.0674,5885106.2276],[32591818.7959,5885010.7648],[32591875.2724,5884939.7921],[32591942.7447,5884874.3172],[32592017.9642,5884829.8337],[32592099.9316,5884822.3355],[32592181.8994,5884849.3236],[32592261.6183,5884883.8087],[32592339.338,5884923.2918],[32592416.0581,5884966.2736],[32592492.5289,5885047.7401],[32592576.9964,5885122.2093],[32592668.7109,5885187.1821],[32592769.4216,5885236.6609],[32592858.1368,5885263.6489],[32592951.1001,5885276.1426],[32593045.0628,5885277.1408],[32593138.2756,5885265.644],[32593248.4814,5885236.6539],[32593355.6883,5885197.168],[32593459.1465,5885147.6861],[32593559.6058,5885092.7064],[32593529.1188,5885153.6827],[32593501.6306,5885215.1586],[32593479.1404,5885279.1336],[32593467.8959,5885346.1071],[32593468.3964,5885399.0861],[32593468.1473,5885453.0646],[32593466.6486,5885507.0432],[32593465.3999,5885562.0214],[32593484.8933,5885638.4907],[32593489.1427,5885720.458],[32593473.65,5885798.4273],[32593437.1654,5885866.4008],[32593360.6968,5885938.8732],[32593276.2313,5886003.3488],[32593185.768,5886058.3283],[32593091.556,5886104.8112],[32592955.111,5886156.7926],[32592817.6662,5886205.7751],[32592680.4714,5886253.7581],[32592543.0266,5886301.7411],[32592378.5925,5886344.7264],[32592215.408,5886392.7097],[32592052.9732,5886443.1921],[32591892.5377,5886498.1726],[32591739.0994,5886551.1538],[32591587.6604,5886612.1318],[32591439.2202,5886677.1082],[32591292.7794,5886747.0825],[32591162.332,5886807.0606],[32591034.6337,5886877.0347],[32590918.1811,5886959.0038],[32590818.4721,5887059.4654],[32590757.7475,5887147.9311],[32590700.2716,5887239.8954],[32590656.5404,5887336.3577],[32590636.7997,5887438.3175],[32590644.5473,5887491.2963],[32590661.0416,5887545.7744],[32590686.782,5887592.7554],[32590724.5176,5887630.2399],[32590773.4984,5887647.7323],[32590828.4766,5887653.2293],[32590882.455,5887643.2325],[32590927.6867,5887619.7411],[32590987.1623,5887562.2631],[32591048.3872,5887505.7846],[32591109.862,5887448.8064],[32591171.3368,5887393.3275],[32591239.8084,5887305.8613],[32591320.5252,5887228.3909],[32591408.9891,5887160.9164],[32591505.2001,5887104.4374],[32591633.6483,5887044.4593],[32591766.0949,5886992.478],[32591901.5406,5886950.4927],[32592040.7349,5886919.503],[32592204.9193,5886893.5109],[32592370.1034,5886873.0166],[32592536.2872,5886855.0213],[32592702.4709,5886837.5258],[32592893.6445,5886800.0379],[32593088.8167,5886777.0441],[32593284.9888,5886774.5422],[32593478.912,5886795.0312],[32593673.5854,5886838.511],[32593866.2596,5886888.9881],[32594055.9352,5886952.4601],[32594238.3639,5887031.9258],[32594361.8162,5887124.887],[32594487.2676,5887214.8494],[32594618.7166,5887296.8149],[32594756.4129,5887368.2845],[32594856.1236,5887388.7748],[32594955.0847,5887416.7623],[32595052.7964,5887448.2483],[32595149.5085,5887486.2318],[32595234.4753,5887519.7172],[32595317.193,5887561.1995],[32595391.6642,5887614.1773],[32595452.391,5887680.65],[32595469.8851,5887755.62],[32595496.3757,5887830.09],[32595529.8634,5887902.0609],[32595564.3507,5887973.532],[32595601.5873,5888069.9931],[32595658.0662,5888160.4563],[32595729.5389,5888236.9249],[32595815.2556,5888294.4008],[32595944.9549,5888348.3774],[32596079.6521,5888393.8573],[32596214.3492,5888437.8378],[32596347.0473,5888490.8148],[32596515.4815,5888568.7813],[32596683.9157,5888648.2472],[32596851.6003,5888730.712],[32597018.0355,5888815.6757],[32597005.2919,5888912.6374],[32596999.5456,5889012.098],[32596998.0476,5889111.0587],[32597001.2977,5889210.0193],[32597006.5469,5889303.9819],[32597019.0433,5889398.4442],[32597040.2862,5889490.4073],[32597073.7742,5889578.8717],[32597110.2606,5889643.3455],[32597153.9941,5889703.321],[32597204.4748,5889758.7982],[32597261.203,5889809.2773],[32597317.9311,5889854.7584],[32597386.6543,5889888.2441],[32597459.6255,5889901.7376],[32597527.8483,5889889.2416],[32597620.061,5889843.2585],[32597712.5236,5889795.7759],[32597804.7363,5889748.2934],[32597898.1985,5889701.8105],[32598019.8989,5889608.8456],[32598150.3459,5889526.8762],[32598288.79,5889460.9004],[32598435.2312,5889415.9161],[32598588.42,5889385.9257],[32598744.6077,5889368.9301],[32598901.7952,5889363.4299],[32599058.733,5889371.4244],[32599193.6796,5889385.4168],[32599328.3765,5889406.4065],[32599461.3241,5889436.3926],[32599591.0232,5889478.3739],[32599517.5534,5889551.8458],[32599438.086,5889622.319],[32599352.6207,5889679.7975],[32599258.4086,5889716.2844],[32599165.1959,5889733.279],[32599072.9828,5889750.7735],[32598981.0195,5889769.2675],[32598888.8064,5889788.2613],[32598772.6029,5889809.7545],[32598658.3986,5889833.7467],[32598544.1943,5889859.7381],[32598429.99,5889886.2293],[32598295.7936,5889910.2218],[32598163.5966,5889942.211],[32598033.1489,5889982.1971],[32597907.9494,5890032.1791],[32597802.4919,5890079.6618],[32597703.0322,5890138.1401],[32597609.5703,5890205.1148],[32597524.1053,5890282.5853],[32597414.1506,5890396.0419],[32597307.4446,5890511.9974],[32597202.488,5890629.4523],[32597099.7804,5890748.9064],[32596981.5796,5890902.847],[32596859.6302,5891055.2882],[32596735.6815,5891204.2309],[32596610.4833,5891353.6734],[32596489.5334,5891498.6176],[32596360.5866,5891637.0645],[32596223.6428,5891768.0145],[32596083.7002,5891894.9662],[32595908.2708,5891961.9422],[32595736.5901,5892044.412],[32595581.903,5892148.3729],[32595456.9546,5892282.8214],[32595381.9862,5892417.2691],[32595318.0136,5892557.7142],[32595264.0371,5892703.657],[32595221.806,5892852.0987],[32595209.063,5892990.0441],[32595220.0607,5893132.4873],[32595231.0583,5893273.4311],[32595216.0663,5893411.3766],[32595163.3389,5893534.3285],[32595085.3715,5893645.7854],[32594988.6613,5893743.2481],[32594882.2047,5893827.2163],[32594825.4765,5893770.7396],[32594774.9956,5893708.2651],[32594731.5119,5893641.2924],[32594693.7759,5893570.8209],[32594652.5409,5893474.3599],[32594617.3035,5893374.8999],[32594585.8146,5893275.9397],[32594557.5744,5893175.48],[32594522.0871,5893081.0181],[32594501.8437,5892981.0581],[32594498.5936,5892880.0983],[32594511.3371,5892780.6376],[32594547.3208,5892640.1929],[32594586.0535,5892500.2479],[32594627.0352,5892361.3025],[32594669.0166,5892222.8569],[32594729.9905,5892093.9072],[32594784.9668,5891962.4586],[32594830.9467,5891827.5116],[32594865.6809,5891690.5655],[32594883.4224,5891589.1055],[32594886.1699,5891484.647],[32594872.9237,5891382.6877],[32594844.4336,5891284.2272],[32594789.204,5891175.7711],[32594725.9776,5891072.3132],[32594649.5067,5890980.8506],[32594555.0432,5890912.8791],[32594465.3284,5890880.3933],[32594374.3642,5890855.4046],[32594280.4012,5890838.9125],[32594187.4381,5890832.4165],[32594112.4679,5890835.4164],[32594038.2476,5890850.9113],[32593969.0254,5890878.4014],[32593906.8007,5890917.8867],[32593849.3243,5890974.8649],[32593801.8442,5891044.338],[32593774.3562,5891120.3082],[32593776.8563,5891196.278],[32593808.0953,5891297.7372],[32593838.5846,5891400.196],[32593868.8241,5891502.1551],[32593900.0631,5891604.6139],[32593953.2939,5891740.0593],[32593998.278,5891879.5032],[32594034.2658,5892021.9461],[32594059.2579,5892165.8885],[32594069.5056,5892290.3389],[32594074.5054,5892416.2888],[32594068.7594,5892540.2396],[32594042.0218,5892661.192],[32594014.5335,5892716.1705],[32593981.2974,5892770.1496],[32593938.8149,5892812.6333],[32593887.5856,5892837.1244],[32593834.6066,5892835.1259],[32593782.8769,5892819.6329],[32593732.8964,5892796.1429],[32593685.1651,5892771.6534],[32593605.4462,5892733.1698],[32593534.7234,5892675.6937],[32593476.2456,5892605.2226],[32593432.7618,5892527.754],[32593385.5287,5892397.3065],[32593349.5411,5892263.8601],[32593321.3004,5892128.4143],[32593298.3076,5891992.4687],[32593272.5653,5891818.0384],[32593254.8199,5891641.6087],[32593250.819,5891466.6783],[32593267.0601,5891292.7472],[32593297.046,5891141.8067],[32593332.2799,5890992.8653],[32593371.2623,5890843.924],[32593413.2435,5890697.4815],[32593476.9667,5890585.5251],[32593534.6921,5890471.0697],[32593579.6725,5890351.1167],[32593608.4094,5890228.6649],[32593611.1571,5890141.1996],[32593607.6572,5890053.2346],[32593588.1637,5889969.2683],[32593548.6784,5889897.7973],[32593497.9481,5889868.3097],[32593437.9717,5889853.8164],[32593376.996,5889854.3171],[32593319.7689,5889869.8118],[32593237.5523,5889921.2925],[32593163.0827,5889984.7684],[32593102.3579,5890060.7391],[32593062.8748,5890146.2057],[32593038.1362,5890255.1628],[32593025.3929,5890367.1185],[32593013.6491,5890480.0738],[32592994.9081,5890591.03],[32592944.4311,5890796.9489],[32592891.9549,5891003.8675],[32592838.479,5891209.2866],[32592783.2539,5891415.2056],[32592725.025,5891269.7643],[32592671.0443,5891122.8235],[32592620.0625,5890976.3824],[32592573.079,5890827.9421],[32592565.8305,5890729.9811],[32592552.3345,5890633.0198],[32592530.0919,5890537.5581],[32592500.6023,5890445.0953],[32592472.1126,5890369.1259],[32592425.63,5890299.6542],[32592370.1512,5890236.1802],[32592312.4232,5890176.7047],[32592180.9745,5890112.732],[32592055.2734,5890037.7637],[32591941.0674,5889947.8011],[32591845.6038,5889840.845],[32591757.6369,5889708.3989],[32591672.4188,5889574.4534],[32591590.4494,5889439.0084],[32591508.2302,5889304.0633],[32591450.5007,5889138.6299],[32591376.5279,5888980.1939],[32591287.561,5888829.2552],[32591183.3504,5888690.3119],[32591051.4008,5888549.3699],[32590911.2046,5888416.9246],[32590762.0121,5888294.9752],[32590603.5735,5888188.5199],[32590422.1445,5888111.0533],[32590244.7137,5888029.0885],[32590069.2821,5887940.6262],[32589895.8497,5887850.1647],[32589764.4008,5887774.1968],[32589639.949,5887690.232],[32589522.4943,5887594.2719],[32589416.0351,5887489.3151],[32589326.0688,5887348.3725],[32589275.0867,5887184.9382],[32589251.3437,5887011.0076],[32589244.5939,5886838.5763],[32589267.5828,5886700.6307],[32589272.5789,5886561.6859],[32589268.3286,5886420.742],[32589263.3286,5886280.2978],[32589247.8317,5886066.3831],[32589214.342,5885854.9676],[32589165.6083,5885645.0517],[32589106.129,5885439.6343],[32589010.1648,5885273.7017],[32588858.973,5885144.7552],[32588676.7939,5885046.2971],[32588488.1178,5884974.8283],[32588380.4098,5884920.8514],[32588271.7022,5884867.8741],[32588159.996,5884826.3922],[32588045.2912,5884805.4023],[32587976.5678,5884757.9222],[32587906.8449,5884712.4413],[32587837.1219,5884667.9601],[32587767.399,5884623.9786],[32587671.686,5884555.5072],[32587572.2246,5884493.5334],[32587468.515,5884439.0566],[32587362.8063,5884391.0772],[32587234.1068,5884343.0982],[32587104.4076,5884300.1173],[32586973.709,5884259.1355],[32586842.7604,5884220.153],[32586680.0747,5884200.6631],[32586520.1378,5884170.6775],[32586361.4502,5884128.1967],[32586208.7601,5884074.2205],[32586057.0693,5884004.2505],[32585909.6268,5883925.7839],[32585766.1826,5883840.8198],[32585627.7363,5883749.858],[32585496.537,5883652.3986],[32585373.0846,5883546.4425],[32585255.8795,5883433.4891],[32585148.6704,5883312.5387],[32585060.4538,5883193.0875],[32584985.2319,5883063.1402],[32584923.2546,5882927.6949],[32584874.2721,5882788.251],[32584871.7721,5882713.2808],[32584931.2472,5882626.8142],[32584981.7262,5882555.8416],[32585043.201,5882497.3639],[32585128.6663,5882444.8835],[32585223.8781,5882409.896],[32585324.0879,5882386.4038],[32585425.0477,5882374.407],[32585593.2308,5882366.4077],[32585762.1638,5882371.903],[32585931.0969,5882385.8949],[32586099.0305,5882407.3838],[32586267.2134,5882382.3912],[32586431.6475,5882338.906],[32586593.0826,5882279.927],[32586749.5195,5882210.9521],[32586852.2277,5882137.4797],[32586940.6913,5882044.5153],[32587010.4122,5881936.5571],[32587058.3915,5881820.1026],[32587072.1343,5881697.1512],[32587059.1378,5881571.7012],[32587024.8997,5881449.2503],[32586974.668,5881336.2959],[32586874.2065,5881235.3375],[32586749.7549,5881162.3683],[32586610.0597,5881110.3911],[32586468.3655,5881075.9069],[32586345.4137,5881033.9254],[32586222.7119,5880994.4429],[32586099.0105,5880958.459],[32585974.0597,5880931.4716],[32585880.596,5880874.4957],[32585798.8775,5880802.0256],[32585728.6542,5880715.561],[32585672.1753,5880623.0986],[32585582.959,5880500.1487],[32585495.742,5880377.1988],[32585412.7732,5880251.7499],[32585333.5528,5880123.8019],[32585221.3456,5879996.854],[32585101.1417,5879877.903],[32584973.9407,5879766.9489],[32584842.4914,5879660.993],[32584769.0195,5879580.526],[32584696.5471,5879500.059],[32584628.0731,5879416.0934],[32584566.8462,5879327.6294],[32584504.3696,5879226.1707],[32584449.1401,5879121.7129],[32584398.9086,5879015.256],[32584354.6746,5878905.8001],[32584280.2029,5878814.3375],[32584194.7357,5878732.3713],[32584100.2722,5878660.9011],[32584001.5605,5878596.928],[32583884.8565,5878566.9416],[32583759.6563,5878575.4401],[32583635.456,5878608.4289],[32583518.0033,5878655.412],[32583404.7989,5878697.8968],[32583293.3438,5878746.879],[32583185.1375,5878802.3586],[32583083.4288,5878866.3347],[32582985.4679,5878885.8285],[32582886.2575,5878894.8264],[32582786.2971,5878891.3292],[32582689.3354,5878875.337],[32582608.1182,5878913.823],[32582534.6481,5878969.302],[32582472.1738,5879037.7758],[32582420.6953,5879113.7464],[32582380.2126,5879199.213],[32582350.4757,5879291.177],[32582332.734,5879385.1399],[32582327.2375,5879481.1019],[32582322.7401,5879535.0806],[32582319.4921,5879591.0584],[32582322.9915,5879645.0369],[32582337.7364,5879697.5158],[32582292.0058,5879789.9798],[32582221.5349,5879870.4489],[32582139.0686,5879942.9214],[32582055.3528,5880012.395],[32582022.1169,5880077.3697],[32581998.6272,5880147.3423],[32581986.1332,5880219.3139],[32581988.6332,5880291.2853],[32581993.8824,5880381.2495],[32582006.3786,5880471.2136],[32582024.6226,5880559.6782],[32582049.1141,5880647.6429],[32582088.5996,5880728.1104],[32582142.0794,5880802.58],[32582204.5555,5880869.0527],[32582274.2786,5880929.5277],[32582378.7382,5881002.4971],[32582491.4443,5881064.4709],[32582609.1483,5881117.4481],[32582729.851,5881164.4276],[32582842.3071,5881216.4053],[32582956.0127,5881268.8828],[32583069.7182,5881320.8605],[32583185.423,5881371.8385],[32583232.9051,5881441.3102],[32583277.3885,5881512.7812],[32583317.1237,5881586.7512],[32583347.3628,5881666.2192],[32583358.1091,5881709.202],[32583357.8599,5881755.1837],[32583349.6138,5881801.1656],[32583333.3708,5881844.1488],[32583294.8869,5881902.1263],[32583250.4054,5881959.6042],[32583198.1767,5882000.5887],[32583141.1994,5882007.087],[32583083.2222,5881989.5948],[32583026.2446,5881973.1022],[32582969.5168,5881956.6096],[32582912.5393,5881941.1166],[32582831.8208,5881901.6334],[32582746.8541,5881874.1456],[32582658.8888,5881856.1541],[32582569.924,5881848.6584],[32582469.9637,5881851.6586],[32582369.7537,5881868.1536],[32582277.5408,5881901.6417],[32582201.072,5881959.12],[32582149.5935,5882038.5892],[32582103.1132,5882127.0548],[32582082.3726,5882213.0209],[32582107.8636,5882288.4906],[32582162.5925,5882337.9701],[32582216.3219,5882389.4489],[32582268.8018,5882441.9273],[32582322.5312,5882494.4057],[32582396.2526,5882546.8837],[32582463.7267,5882610.3575],[32582519.2057,5882682.8279],[32582560.6904,5882764.295],[32582556.9433,5882867.2542],[32582559.4437,5882972.2125],[32582574.6891,5883073.6719],[32582607.9273,5883170.633],[32582640.665,5883221.1124],[32582686.3974,5883264.5945],[32582740.1265,5883298.5802],[32582797.1043,5883325.0688],[32582884.3193,5883296.079],[32582978.2817,5883275.5858],[32583067.4963,5883278.0835],[32583140.2179,5883316.5671],[32583168.7076,5883390.0375],[32583205.1941,5883461.5086],[32583245.679,5883530.9804],[32583290.1623,5883597.9532],[32583337.8942,5883661.4273],[32583395.3722,5883718.9036],[32583459.0976,5883767.3834],[32583529.82,5883803.8678],[32583597.0433,5883801.3678],[32583660.2675,5883754.8853],[32583715.7445,5883686.4117],[32583760.2259,5883615.4392],[32583773.9696,5883554.4632],[32583855.9364,5883510.4795],[32583915.1625,5883478.4913],[32583977.1379,5883477.9906],[32584038.1142,5883516.4744],[32584093.5928,5883561.9555],[32584145.323,5883614.4339],[32584192.0552,5883670.9108],[32584230.5408,5883733.3854],[32584257.0313,5883803.3572],[32584272.5261,5883876.8278],[32584278.025,5883951.798],[32584262.2829,5884070.7509],[32584221.5507,5884186.2057],[32584166.5741,5884299.1616],[32584107.849,5884407.6194],[32584041.6257,5884443.1062],[32583971.404,5884472.5956],[32583900.1826,5884491.0893],[32583827.2116,5884493.5894],[32583773.4826,5884470.0995],[32583725.7509,5884428.1169],[32583678.0193,5884388.6333],[32583625.0402,5884377.1387],[32583583.8068,5884393.6327],[32583550.5705,5884427.6197],[32583525.3311,5884470.603],[32583510.0878,5884515.5854],[32583541.5762,5884579.5595],[32583598.3044,5884630.0386],[32583667.0277,5884670.5214],[32583736.7505,5884708.0055],[32583784.4822,5884754.4863],[32583832.2139,5884802.9663],[32583879.9457,5884850.4468],[32583925.4283,5884900.926],[32583936.1748,5884953.9048],[32583904.6881,5885012.8818],[32583851.2101,5885069.3602],[32583795.9827,5885115.8425],[32583727.76,5885132.337],[32583655.7886,5885128.8395],[32583584.0668,5885112.3471],[32583516.0935,5885087.8578],[32583451.3688,5885059.3701],[32583389.3929,5885025.8843],[32583329.6661,5884988.4001],[32583275.9368,5884944.9182],[32583183.2233,5884919.4297],[32583087.2611,5884902.4379],[32582991.2991,5884893.9427],[32582895.3371,5884889.9457],[32582817.1183,5884898.4435],[32582741.1487,5884917.9369],[32582668.9278,5884948.4258],[32582602.4548,5884988.9107],[32582485.5012,5884986.9133],[32582368.5478,5884998.4104],[32582253.3439,5885021.403],[32582143.8879,5885060.3891],[32582031.6832,5885113.8696],[32581925.2263,5885177.8457],[32581824.5173,5885251.318],[32581734.0544,5885335.7858],[32581671.5802,5885405.2591],[32581615.8534,5885481.7295],[32581570.3726,5885563.6976],[32581539.8859,5885651.6631],[32581522.3916,5885559.2001],[32581491.9024,5885467.7369],[32581445.6697,5885388.769],[32581377.9458,5885331.7926],[32581286.2317,5885300.3065],[32581188.2705,5885288.8125],[32581090.3092,5885277.8183],[32580997.3457,5885251.3302],[32580894.6358,5885200.352],[32580794.1749,5885144.3758],[32580697.4625,5885084.9008],[32580605.9978,5885017.9288],[32580504.0379,5884990.4412],[32580398.0799,5884979.4472],[32580291.1224,5884983.4471],[32580186.914,5885000.9417],[32580073.7091,5885014.9378],[32579961.5039,5885033.4321],[32579850.5483,5885056.4246],[32579741.0922,5885085.9145],[32579660.8745,5885122.901],[32579587.6543,5885175.3812],[32579523.1808,5885239.3568],[32579471.7023,5885311.8287],[32579413.2261,5885358.3111],[32579355.9995,5885405.7931],[32579298.523,5885452.7753],[32579241.2964,5885500.2572],[32579180.8211,5885550.7381],[32579123.5946,5885604.2177],[32579066.1181,5885658.1971],[32579009.6413,5885713.6758],[32578951.1656,5885790.1463],[32578910.6829,5885878.1119],[32578878.9468,5885973.0747],[32578853.2083,5886067.5375],[32578807.9771,5886126.5147],[32578756.4983,5886181.9934],[32578699.0218,5886229.4754],[32578635.7975,5886269.4605],[32578559.5781,5886293.452],[32578479.6099,5886303.9491],[32578397.6425,5886301.4512],[32578317.6741,5886290.9566],[32578251.4508,5886321.4455],[32578189.9757,5886361.9303],[32578134.7483,5886410.4118],[32578087.268,5886466.3903],[32578019.0455,5886498.8784],[32577948.8238,5886529.3673],[32577878.602,5886555.8578],[32577806.6308,5886578.35],[32577716.4165,5886576.3521],[32577627.7013,5886545.8656],[32577542.9842,5886499.3854],[32577464.2647,5886446.4076],[32577394.5421,5886428.9156],[32577324.5696,5886413.4228],[32577254.5972,5886399.9293],[32577184.6248,5886393.4329],[32577108.4053,5886410.9271],[32577041.1825,5886455.4104],[32576981.707,5886515.8873],[32576929.2287,5886580.8623],[32576886.7466,5886658.3321],[32576858.2591,5886744.2984],[32576842.5166,5886833.2633],[32576836.0204,5886923.2276],[32576811.5309,5886984.2038],[32576788.0411,5887045.1799],[32576761.5524,5887104.6566],[32576732.3148,5887163.6336],[32576698.8288,5887214.6139],[32576661.5943,5887263.0952],[32576621.111,5887310.0771],[32576577.8787,5887352.5609],[32576546.6418,5887406.5399],[32576518.1539,5887463.0179],[32576467.175,5887523.9944],[32576451.6792,5887383.5505],[32576408.9433,5887185.13],[32576330.2221,5887008.7013],[32576201.0215,5886878.2551],[32576029.8378,5886771.3002],[32575859.4039,5886664.8451],[32575689.2199,5886558.3899],[32575518.786,5886451.9348],[32575373.3423,5886360.9732],[32575227.8987,5886270.0115],[32575082.4551,5886179.5497],[32574938.261,5886089.5876],[32574823.8051,5885994.6271],[32574732.5895,5885874.6761],[32574659.3667,5885741.2303],[32574599.3885,5885602.7862],[32574488.1811,5885497.8296],[32574371.7259,5885399.8703],[32574248.2736,5885309.9079],[32574120.823,5885228.942],[32574012.1153,5885174.9651],[32573899.4094,5885130.9842],[32573782.7052,5885100.4981],[32573663.7521,5885084.5063],[32573568.7898,5885087.5065],[32573475.577,5885108.9993],[32573386.113,5885144.4866],[32573306.8951,5885194.9677],[32573228.926,5885195.9685],[32573151.9565,5885194.4702],[32573075.9865,5885184.9751],[32573002.0156,5885166.4836],[32572904.3037,5885127.0008],[32572810.5902,5885078.0216],[32572720.8749,5885020.5458],[32572635.408,5884959.5713],[32572575.6808,5884904.0943],[32572524.2004,5884842.6195],[32572479.4672,5884775.147],[32572447.9786,5884703.1761],[32572392.25,5884654.6962],[32572333.5227,5884609.2151],[32572271.7966,5884568.7321],[32572208.0714,5884535.2464],[32572093.1166,5884512.2573],[32571974.1639,5884521.2555],[32571853.9619,5884548.7463],[32571736.7588,5884580.7354],[32571619.8049,5884565.7431],[32571503.8506,5884543.7536],[32571390.1452,5884513.2674],[32571280.1883,5884474.2845],[32571142.7418,5884410.312],[32571011.2929,5884335.3438],[32570884.8418,5884251.8788],[32570762.3891,5884163.9156],[32570658.6791,5884085.4484],[32570558.2178,5884004.4821],[32570462.0047,5883918.5177],[32570371.5393,5883829.0546],[32570278.8251,5883760.0834],[32570185.3612,5883694.6108],[32570089.6482,5883630.6376],[32569993.1856,5883571.1627],[32569915.466,5883538.1769],[32569831.499,5883520.6851],[32569745.533,5883518.1874],[32569662.3162,5883529.6841],[32569551.36,5883517.6905],[32569440.4038,5883506.6965],[32569329.4476,5883496.2023],[32569218.4915,5883486.2079],[32569139.7722,5883454.7216],[32569066.0508,5883406.242],[32569009.5723,5883342.768],[32568979.0833,5883268.298],[32568963.8377,5883149.8453],[32568950.5913,5883031.8923],[32568940.3438,5882914.9389],[32568933.095,5882796.4861],[32568938.8414,5882704.5225],[32568939.34,5882612.559],[32568938.0892,5882520.5956],[32568936.5885,5882428.1323],[32568935.5869,5882287.1883],[32568926.5885,5882147.244],[32568910.5929,5882006.8],[32568891.5985,5881868.8551],[32568878.3519,5881732.4095],[32568851.3607,5881596.9637],[32568800.1293,5881472.5138],[32568718.91,5881371.0553],[32568611.4516,5881295.0871],[32568498.7453,5881228.1154],[32568382.2906,5881167.6411],[32568263.5869,5881112.6647],[32568139.8852,5881058.688],[32568010.186,5881017.7062],[32567877.2383,5880990.7189],[32567743.2913,5880979.7252],[32567609.3444,5880980.7268],[32567474.1482,5880997.7221],[32567348.6985,5881038.7077],[32567246.2401,5881113.6794],[32567161.5251,5881215.1404],[32567083.8074,5881322.5989],[32567010.0881,5881432.5563],[32566937.3685,5881543.0135],[32566820.9171,5881719.945],[32566712.7126,5881902.3742],[32566609.5061,5882087.8021],[32566510.0482,5882275.2291],[32566396.3467,5882524.6318],[32566304.6367,5882783.0306],[32566226.9212,5883047.4267],[32566155.9531,5883314.3218],[32566127.2138,5883265.8415],[32566092.477,5883222.8591],[32566051.7426,5883186.3742],[32566005.0108,5883159.8854],[32565952.0316,5883146.3915],[32565897.0534,5883143.3936],[32565842.0753,5883146.893],[32565788.8465,5883157.3896],[32565742.6155,5883201.8726],[32565689.3871,5883240.858],[32565632.1603,5883272.3463],[32565571.9345,5883294.8383],[32565505.9608,5883306.3347],[32565435.7386,5883304.8363],[32565373.0132,5883284.3454],[32565330.2796,5883241.8629],[32565288.7949,5883158.8965],[32565248.3098,5883075.4303],[32565207.8247,5882991.964],[32565168.5891,5882909.4974],[32565155.0932,5882822.5321],[32565131.6013,5882735.0672],[32565092.1159,5882658.0983],[32565032.6388,5882603.6209],[32564957.6682,5882578.6319],[32564880.6985,5882563.1392],[32564802.7294,5882560.6414],[32564727.7593,5882574.1371],[32564657.2879,5882617.6209],[32564584.0674,5882656.1067],[32564508.8477,5882689.5946],[32564433.6281,5882724.082],[32564318.1747,5882781.0611],[32564197.7231,5882830.5432],[32564074.5225,5882866.5308],[32563948.3228,5882883.5259],[32563825.3713,5882865.5349],[32563701.4203,5882853.5415],[32563577.4694,5882845.5465],[32563453.5185,5882840.5503],[32563343.5619,5882828.0569],[32563231.6063,5882828.0586],[32563125.3988,5882849.5517],[32563032.9361,5882899.5332],[32562964.4643,5882971.0058],[32562914.9852,5883060.9708],[32562891.246,5883158.9322],[32562902.4928,5883253.8944],[32562947.2261,5883324.3657],[32563019.698,5883376.8438],[32563105.6644,5883412.8282],[32563193.38,5883435.318],[32563187.3844,5883582.2597],[32563172.3924,5883729.2015],[32563146.4048,5883875.1439],[32563110.4212,5884019.0872],[32563037.4521,5884155.5341],[32562974.4791,5884296.9788],[32562916.5041,5884441.922],[32562863.5272,5884588.3646],[32562801.3042,5884746.3027],[32562757.324,5884910.2382],[32562732.0864,5885079.1714],[32562729.8397,5885248.1043],[32562749.8341,5885410.0396],[32562786.5719,5885574.4737],[32562853.7973,5885720.4147],[32562965.0047,5885823.3721],[32563091.7051,5885869.352],[32563225.6523,5885897.3388],[32563362.5982,5885909.332],[32563498.5442,5885905.3316],[32563693.7164,5885879.8388],[32563888.1388,5885846.8491],[32564081.3116,5885811.3603],[32564275.7339,5885772.8727],[32564497.3949,5885695.4002],[32564721.8049,5885629.9229],[32564950.2135,5885573.9417],[32565180.6214,5885528.4563],[32565369.7959,5885495.9664],[32565562.9691,5885480.4697],[32565754.893,5885487.9639],[32565942.819,5885523.9467],[32566082.5144,5885584.4206],[32566219.961,5885664.3868],[32566326.1704,5885768.3438],[32566371.4042,5885896.7921],[32566329.423,5886041.2353],[32566266.4499,5886182.1802],[32566177.487,5886303.6333],[32566062.034,5886389.6008],[32565902.3482,5886451.5786],[32565740.1634,5886505.0598],[32565575.7293,5886553.0431],[32565411.2952,5886599.0273],[32565209.1255,5886606.5274],[32565006.956,5886626.0226],[32564809.7848,5886664.5103],[32564621.1106,5886729.9871],[32564450.4296,5886824.9519],[32564278.999,5886915.9183],[32564105.3191,5887004.3857],[32563931.6393,5887091.3537],[32563795.9442,5887165.3263],[32563653.5016,5887226.3042],[32563506.3107,5887276.2865],[32563356.8705,5887314.2736],[32563170.9444,5887319.7742],[32562985.768,5887330.2728],[32562801.5914,5887349.7678],[32562619.1642,5887382.7574],[32562532.199,5887399.7519],[32562446.9832,5887432.2403],[32562371.5139,5887480.7221],[32562312.0384,5887544.6976],[32562261.5597,5887634.1627],[32562224.8257,5887732.1243],[32562203.0858,5887833.5843],[32562194.3407,5887938.0429],[32562194.343,5888092.9814],[32562202.342,5888248.9192],[32562214.0896,5888404.3573],[32562226.0871,5888560.2951],[32562242.3342,5888809.6957],[32562269.8268,5889058.0966],[32562305.0664,5889305.4977],[32562342.3052,5889553.8984],[32562372.2975,5889845.2822],[32562428.5293,5890134.1665],[32562511.5004,5890417.0528],[32562623.7098,5890687.9435],[32562754.1614,5890921.8486],[32562910.6024,5891143.2582],[32563093.2828,5891341.6766],[32563302.2023,5891508.6072],[32563535.3616,5891640.5513],[32563780.7659,5891759.0005],[32564034.1664,5891834.9666],[32564290.3148,5891836.9619],[32564476.74,5891781.4812],[32564661.1659,5891714.5051],[32564840.8434,5891637.0332],[32565017.2722,5891552.0643],[32565169.9606,5891477.5917],[32565311.6529,5891378.1291],[32565437.3513,5891259.1745],[32565543.3074,5891125.7259],[32565653.7608,5890934.8002],[32565748.2205,5890735.378],[32565824.6872,5890527.4595],[32565881.9114,5890316.0427],[32565900.9002,5890056.6456],[32565928.6355,5889798.7477],[32565964.3677,5889541.8492],[32566007.0971,5889286.9499],[32566039.5811,5889069.0361],[32566087.0592,5888852.6214],[32566156.5286,5888644.703],[32566256.986,5888451.2784],[32566349.6975,5888331.8245],[32566458.4029,5888223.8657],[32566581.1029,5888137.8981],[32566718.5477,5888087.4161],[32566853.4941,5888081.4165],[32566990.44,5888094.9091],[32567119.1395,5888133.8917],[32567225.8482,5888207.3609],[32567316.0642,5888325.3127],[32567409.2788,5888441.2652],[32567504.4927,5888554.7187],[32567601.7058,5888668.672],[32567663.1824,5888737.1438],[32567729.9069,5888802.6168],[32567801.3794,5888862.0921],[32567879.0993,5888913.0707],[32567960.0674,5888930.5626],[32568048.2822,5888910.0694],[32568133.4978,5888866.5854],[32568210.9663,5888815.1048],[32568172.9833,5888953.0505],[32568130.0024,5889091.9959],[32568072.0272,5889221.4453],[32567989.3116,5889333.9018],[32567924.8379,5889385.3823],[32567855.616,5889431.8649],[32567782.1457,5889473.3494],[32567707.9256,5889508.8364],[32567621.9597,5889507.3383],[32567534.9943,5889513.837],[32567451.7775,5889532.8307],[32567376.5578,5889568.3177],[32567326.0785,5889614.3002],[32567278.848,5889668.7792],[32567252.3593,5889726.7565],[32567260.1071,5889783.7338],[32567298.5926,5889838.2116],[32567342.326,5889890.6901],[32567388.0586,5889939.6699],[32567435.5404,5889989.1495],[32567524.2562,5890055.122],[32567610.7229,5890124.5931],[32567691.1921,5890200.5617],[32567763.6646,5890285.0271],[32567804.3993,5890346.502],[32567839.8861,5890412.4753],[32567868.3758,5890480.9477],[32567887.8691,5890552.9188],[32567860.6306,5890602.8993],[32567840.1395,5890658.8774],[32567833.8928,5890715.8548],[32567847.3882,5890768.8335],[32567883.1249,5890825.3106],[32567916.6124,5890882.2874],[32567951.3495,5890940.7637],[32567984.837,5890999.2399],[32568022.5728,5891049.2195],[32568053.0615,5891106.6962],[32568076.8029,5891166.672],[32568097.2957,5891229.1469],[32568131.7832,5891310.1142],[32568144.2795,5891401.5776],[32568137.5335,5891495.5404],[32568118.7922,5891585.5049],[32568069.814,5891749.9403],[32568020.5858,5891914.8754],[32567970.608,5892079.8106],[32567921.3799,5892244.246],[32567857.6567,5892357.202],[32567801.6806,5892476.6554],[32567765.9466,5892600.6066],[32567763.9491,5892725.557],[32567790.4398,5892809.0234],[32567829.9253,5892890.9903],[32567882.4055,5892960.4619],[32567952.1285,5893006.9424],[32568038.0945,5893011.9391],[32568124.0606,5893025.4325],[32568209.0271,5893041.9247],[32568294.7434,5893061.9155],[32568405.6997,5893080.4065],[32568515.6565,5893111.3925],[32568619.366,5893157.3727],[32568712.8298,5893218.8469],[32568792.2995,5893303.812],[32568860.7738,5893401.2722],[32568929.9977,5893497.7329],[32569014.4653,5893577.2],[32569069.1941,5893610.6859],[32569131.1699,5893639.1737],[32569211.6385,5893676.1578],[32569161.6588,5893712.644],[32569069.1965,5893785.1166],[32568986.4805,5893865.5858],[32568920.7579,5893958.05],[32568886.2726,5894031.0216],[32568850.7877,5894103.4933],[32568814.3032,5894176.4648],[32568778.8183,5894248.9365],[32568747.332,5894337.9016],[32568707.599,5894424.8677],[32568658.1198,5894505.3364],[32568597.6448,5894577.8085],[32568534.1707,5894627.7896],[32568464.9488,5894671.2733],[32568391.7283,5894705.7607],[32568315.5088,5894726.7534],[32568251.2844,5894734.7512],[32568185.5603,5894721.2576],[32568121.5853,5894693.7694],[32568062.8581,5894661.2832],[32567984.3879,5894566.3221],[32567899.1705,5894479.8577],[32567806.4561,5894399.8909],[32567709.9933,5894327.4211],[32567613.5306,5894260.4491],[32567507.8217,5894203.4733],[32567399.1144,5894171.9875],[32567291.9071,5894181.9851],[32567212.4394,5894236.4646],[32567141.9683,5894304.9384],[32567085.4918,5894384.4076],[32567047.0083,5894472.3732],[32567026.0183,5894584.329],[32567020.2722,5894699.2834],[32567026.5213,5894815.2373],[32567042.7666,5894929.6915],[32567069.008,5895059.1396],[32567116.9908,5895183.5894],[32567183.2162,5895300.0422],[32567266.6846,5895402.5002],[32567411.378,5895452.978],[32567550.8236,5895518.9497],[32567681.273,5895600.9152],[32567797.7283,5895700.8737],[32567895.941,5895813.8273],[32567996.1531,5895939.276],[32568055.1315,5896065.7248],[32568034.3915,5896185.6774],[32567961.921,5896242.156],[32567893.699,5896305.132],[32567828.2259,5896370.6069],[32567764.7521,5896437.0814],[32567673.0395,5896510.5535],[32567585.5754,5896595.0212],[32567525.8505,5896688.4849],[32567519.1046,5896790.4445],[32567580.8311,5896856.9172],[32567631.3122,5896934.3856],[32567675.5459,5897015.8525],[32567720.0294,5897098.3191],[32567798.2503,5897230.7653],[32567866.2254,5897372.208],[32567912.2093,5897519.6487],[32567930.2044,5897672.0878],[32567919.2109,5897822.0284],[32567901.2202,5897970.9694],[32567877.2319,5898119.9105],[32567848.2455,5898268.8517],[32567787.0221,5898426.7898],[32567734.0455,5898587.2268],[32567687.8162,5898750.1627],[32567650.5833,5898915.0976],[32567627.8441,5899033.5508],[32567617.1001,5899157.0019],[32567621.1003,5899278.9534],[32567645.3424,5899397.9057],[32567684.8281,5899491.3679],[32567742.0567,5899577.8327],[32567814.7789,5899653.8014],[32567896.2475,5899718.2746],[32568037.6926,5899800.2399],[32568188.3838,5899866.7113],[32568345.0724,5899920.6875],[32568504.7597,5899967.1667],[32568418.5444,5899999.1552],[32568337.0774,5900045.6379],[32568268.6054,5900105.1153],[32568222.1249,5900180.0862],[32568195.6367,5900269.0512],[32568186.8916,5900363.0139],[32568194.1401,5900457.9761],[32568218.6316,5900547.9399],[32568253.1191,5900624.409],[32568299.6017,5900696.8795],[32568355.3305,5900762.3526],[32568419.8057,5900817.8296],[32568437.5495,5900875.8063],[32568449.0459,5900937.2817],[32568451.5458,5900999.257],[32568442.3003,5901059.2333],[32568422.8088,5901111.2129],[32568397.5695,5901161.6932],[32568364.0835,5901207.6754],[32568325.8493,5901248.6597],[32568317.6033,5901301.6387],[32568316.1047,5901356.6169],[32568322.8528,5901411.5949],[32568336.3482,5901464.5737],[32568366.3367,5901491.0627],[32568409.0699,5901501.0581],[32568456.3012,5901500.5576],[32568501.2832,5901492.0603],[32568580.5012,5901457.5729],[32568655.9706,5901412.0898],[32568726.192,5901359.6097],[32568795.6637,5901305.1303],[32568878.8801,5901269.6432],[32568964.0959,5901239.1541],[32569051.3109,5901213.6629],[32569140.5252,5901193.6695],[32569229.4898,5901186.1712],[32569319.4542,5901192.6673],[32569408.4191,5901210.6588],[32569495.385,5901236.1474],[32569555.1119,5901276.6304],[32569602.5939,5901336.1061],[32569637.0812,5901405.0781],[32569658.5737,5901478.5486],[32569637.0833,5901552.5195],[32569587.6039,5901616.9946],[32569522.3806,5901671.4739],[32569452.9088,5901717.9564],[32569347.4517,5901790.4292],[32569239.9953,5901857.9039],[32569130.5397,5901921.8801],[32569018.0852,5901980.8583],[32568929.6213,5902051.3316],[32568846.9052,5902126.8028],[32568768.4375,5902208.2716],[32568696.7173,5902294.7382],[32568634.243,5902362.7121],[32568571.7688,5902431.1858],[32568511.2938,5902500.6591],[32568452.8181,5902572.1315],[32568417.3331,5902637.1062],[32568397.8419,5902711.0771],[32568392.3452,5902788.0465],[32568398.8437,5902864.0162],[32568403.343,5902933.9884],[32568411.8406,5903005.4598],[32568426.3359,5903075.4318],[32568447.0786,5903143.4044],[32568454.5763,5903184.8878],[32568463.3234,5903226.871],[32568472.0705,5903267.8546],[32568482.8169,5903309.8377],[32568464.5748,5903359.8181],[32568408.3476,5903393.3056],[32568335.127,5903415.7978],[32568265.9048,5903434.2914],[32568170.9422,5903414.8006],[32568080.2277,5903382.8146],[32567992.5119,5903340.3328],[32567910.7936,5903290.8537],[32567817.3297,5903217.8841],[32567729.8632,5903139.4166],[32567650.3935,5903052.4523],[32567583.9185,5902956.9913],[32567537.6855,5902866.5279],[32567502.1982,5902771.5662],[32567475.9572,5902673.1057],[32567460.7118,5902573.6455],[32567481.4519,5902457.1915],[32567494.1951,5902338.7384],[32567497.9419,5902220.7853],[32567490.943,5902103.8319],[32567473.4487,5902020.8652],[32567444.9589,5901939.398],[32567404.4738,5901863.9286],[32567353.9929,5901797.4558],[32567274.2735,5901725.9853],[32567184.8081,5901666.0105],[32567088.0958,5901617.5312],[32566988.3848,5901577.5486],[32566950.6491,5901534.5662],[32566909.9147,5901496.0821],[32566867.1812,5901458.5977],[32566824.4476,5901423.6122],[32566782.7134,5901373.1329],[32566725.9854,5901335.6486],[32566661.0108,5901312.1589],[32566596.0366,5901306.6621],[32566487.8298,5901323.657],[32566380.6227,5901348.1488],[32566279.4134,5901385.1357],[32566187.9506,5901441.6146],[32566120.7281,5901501.0919],[32566059.2535,5901566.5668],[32566000.7777,5901635.5403],[32565944.0513,5901706.0131],[32565888.325,5901817.4696],[32565826.6011,5901927.4269],[32565755.8807,5902029.8872],[32565673.1649,5902123.3513],[32565578.9532,5902181.8294],[32565487.4904,5902245.8054],[32565399.7763,5902314.2795],[32565314.3113,5902385.7523],[32565229.8457,5902447.2292],[32565147.3795,5902517.7024],[32565086.9046,5902597.1717],[32565069.163,5902689.1354],[32565092.6547,5902757.6078],[32565122.3939,5902824.5807],[32565159.8799,5902888.0549],[32565206.6122,5902944.5318],[32565263.5895,5902944.5309],[32565321.5667,5902957.0251],[32565373.2965,5902982.5141],[32565409.0329,5903022.9975],[32565438.5222,5903087.9712],[32565467.2617,5903155.444],[32565493.7522,5903222.9167],[32565521.2423,5903290.8893],[32565538.7366,5903376.355],[32565562.9782,5903461.3209],[32565593.4673,5903543.7876],[32565631.9531,5903622.7556],[32565665.6906,5903678.2331],[32565709.174,5903728.7123],[32565761.1539,5903767.1963],[32565820.8806,5903789.6864],[32565896.1005,5903780.189],[32565973.0697,5903758.6964],[32566034.2948,5903722.21],[32566063.7823,5903665.2322],[32566062.2817,5903582.2652],[32566063.0302,5903500.2978],[32566064.5284,5903416.831],[32566067.0262,5903334.8635],[32566058.5285,5903265.8911],[32566058.0277,5903196.9185],[32566069.5222,5903128.9454],[32566096.0108,5903067.9692],[32566134.245,5903026.4851],[32566186.4738,5902996.4963],[32566244.4506,5902984.0004],[32566299.4289,5902994.4954],[32566354.1578,5903036.9776],[32566391.6439,5903101.4514],[32566417.1348,5903175.4216],[32566436.6282,5903249.8917],[32566392.8971,5903355.3505],[32566353.1644,5903463.3081],[32566315.431,5903571.2658],[32566279.6968,5903680.7228],[32566253.2085,5903767.6886],[32566231.4685,5903855.6539],[32566213.9767,5903945.6184],[32566200.2335,5904035.5829],[32566189.4894,5904152.5365],[32566185.7426,5904269.4901],[32566188.9931,5904387.4431],[32566194.9924,5904505.8959],[32566142.7641,5904568.3719],[32566087.2871,5904634.8463],[32566027.8114,5904680.8289],[32565964.8364,5904681.3297],[32565931.8492,5904662.8375],[32565900.1115,5904643.8456],[32565869.1235,5904623.3542],[32565838.3855,5904604.3622],[32565793.6526,5904559.8806],[32565744.9214,5904521.3966],[32565692.1918,5904487.9107],[32565636.2137,5904461.4221],[32565576.4871,5904438.9319],[32565514.5115,5904422.4394],[32565452.536,5904417.9422],[32565395.309,5904433.9367],[32565341.081,5904465.425],[32565286.853,5904496.9133],[32565231.6253,5904527.402],[32565177.3973,5904558.3905],[32565115.1728,5904610.8706],[32565045.7011,5904659.3523],[32564972.4806,5904690.8409],[32564896.5109,5904695.3403],[32564823.5395,5904672.8503],[32564750.8181,5904652.8594],[32564677.8468,5904634.3678],[32564604.8755,5904615.8763],[32564507.1637,5904569.3962],[32564404.4538,5904527.4145],[32564302.4941,5904509.4232],[32564211.2807,5904535.914],[32564168.0486,5904587.894],[32564134.5628,5904646.3713],[32564110.0734,5904710.3462],[32564094.8305,5904776.3202],[32564084.3357,5904850.291],[32564098.5812,5904926.2605],[32564129.32,5905000.7305],[32564168.8054,5905069.2026],[32564253.0235,5905176.6586],[32564346.238,5905279.6163],[32564446.6994,5905373.0776],[32564558.1563,5905454.0437],[32564674.8606,5905493.0265],[32564790.5653,5905540.006],[32564903.2713,5905591.9837],[32565013.9782,5905649.9589],[32565114.6889,5905698.4381],[32565211.1515,5905761.4116],[32565290.8709,5905838.8796],[32565342.102,5905933.3411],[32565356.3478,5906030.3012],[32565345.8535,5906131.7597],[32565313.118,5906228.2207],[32565261.3898,5906314.1862],[32565183.9218,5906392.6552],[32565093.4587,5906458.6296],[32564993.999,5906511.1096],[32564890.7907,5906551.5946],[32564901.2856,5906491.619],[32564905.533,5906430.6439],[32564904.0326,5906369.1691],[32564893.5359,5906310.1934],[32564873.7931,5906269.2105],[32564843.0548,5906232.726],[32564806.0691,5906208.7363],[32564767.0845,5906207.2375],[32564704.8598,5906240.7248],[32564645.6339,5906279.2099],[32564589.157,5906323.1927],[32564536.9284,5906369.6745],[32564508.4407,5906432.6491],[32564473.2056,5906492.1253],[32564429.7237,5906548.1031],[32564381.2437,5906596.5839],[32564324.0171,5906636.0686],[32564260.7927,5906670.5555],[32564196.8183,5906686.5499],[32564139.8407,5906671.0572],[32564091.1094,5906625.5765],[32564046.3764,5906578.0966],[32564004.6423,5906527.6179],[32563963.158,5906477.639],[32563934.6682,5906403.17],[32563898.9312,5906330.7002],[32563854.4479,5906265.7274],[32563800.9683,5906209.2513],[32563746.9893,5906177.765],[32563687.2627,5906156.2747],[32563626.2868,5906150.7779],[32563572.0586,5906168.2716],[32563546.5698,5906239.2429],[32563514.0838,5906309.2148],[32563471.6016,5906370.6903],[32563417.3739,5906421.1705],[32563354.1495,5906452.6586],[32563286.9266,5906479.6485],[32563220.703,5906489.1457],[32563162.9757,5906469.6545],[32563114.2444,5906431.171],[32563066.5128,5906392.6875],[32563019.7808,5906353.2043],[32562973.0488,5906314.7208],[32562875.586,5906219.2612],[32562773.1253,5906130.2991],[32562666.6664,5906046.3351],[32562557.2086,5905967.8688],[32562447.751,5905896.8994],[32562332.0461,5905835.9255],[32562212.3429,5905784.9476],[32562089.641,5905745.9649],[32561971.6876,5905728.9735],[32561850.7358,5905735.9725],[32561731.2836,5905763.4634],[32561618.0792,5905804.4488]],[[32559855.3583,5876598.5836],[32559789.6359,5876706.5417],[32559754.6515,5876830.9928],[32559742.908,5876963.4403],[32559748.9074,5877093.3886],[32559792.6427,5877277.8147],[32559879.6106,5877452.7439],[32559997.566,5877609.6798],[32560136.5128,5877745.6237],[32560321.9406,5877839.0838],[32560538.8549,5877861.5716],[32560768.0137,5877838.5774],[32560987.4261,5877793.0922],[32561233.8276,5877743.6081],[32561479.2295,5877684.6279],[32561720.8826,5877611.1535],[32561956.538,5877524.1845],[32562181.4471,5877407.7274],[32562396.36,5877271.2784],[32562598.5277,5877116.3369],[32562788.6999,5876947.901],[32562885.6596,5876815.4521],[32562955.6297,5876663.0116],[32562991.8631,5876501.0754],[32562985.8632,5876340.1394],[32562937.8799,5876174.7059],[32562858.9091,5876018.769],[32562754.9483,5875875.8274],[32562635.7438,5875750.8788],[32562473.0557,5875560.4569],[32562305.3696,5875375.0331],[32562133.4353,5875193.6077],[32561956.7529,5875019.1797],[32561853.5422,5874901.7279],[32561751.0812,5874784.7759],[32561650.8692,5874665.8246],[32561554.9056,5874544.8741],[32561500.426,5874458.4093],[32561459.9407,5874363.4476],[32561436.6985,5874262.9879],[32561431.4492,5874162.0281],[32561429.6969,5873950.6121],[32561448.1867,5873740.6952],[32561478.6717,5873531.7778],[32561516.1539,5873323.8598],[32561536.3934,5873145.9302],[32561556.6329,5872968.0006],[32561576.8724,5872790.071],[32561599.1111,5872613.1409],[32561611.8541,5872476.1951],[32561623.8475,5872340.2489],[32561633.8416,5872203.3031],[32561642.8361,5872066.8572],[32561659.5775,5871928.9117],[32561682.5665,5871791.9657],[32561708.5543,5871656.5191],[32561737.5409,5871521.5722],[32561735.2902,5871411.1161],[32561710.0487,5871302.1598],[32561668.8136,5871196.7023],[32561614.3338,5871100.2414],[32561479.8858,5871002.2823],[32561309.2028,5870960.8013],[32561123.2764,5870951.3079],[32560942.0983,5870953.3098],[32560778.1632,5870952.8125],[32560614.978,5870959.8122],[32560452.7926,5870978.3073],[32560293.6061,5871010.297],[32560143.6655,5871004.3016],[32559993.7248,5870994.3078],[32559843.784,5870976.817],[32559696.8419,5870952.8288],[32559587.135,5870927.8403],[32559481.1765,5870888.3576],[32559384.7139,5870831.3817],[32559304.2448,5870757.912],[32559238.7693,5870655.4537],[32559189.5372,5870541.9995],[32559141.3047,5870428.5453],[32559080.0775,5870323.5878],[32558986.8628,5870207.1355],[32558888.6502,5870095.1814],[32558785.1897,5869988.2254],[32558677.9807,5869887.7669],[32558573.521,5869809.7994],[32558461.8143,5869741.8281],[32558344.1102,5869684.8525],[32558222.4078,5869640.8718],[32558147.1863,5869544.4112],[32558098.9538,5869429.9574],[32558071.7128,5869305.5072],[32558061.715,5869181.5566],[32558048.2189,5869079.0974],[32558036.9719,5868977.1381],[32558033.7217,5868875.1786],[32558040.4676,5868774.2186],[32557994.9843,5868676.758],[32557925.5106,5868591.293],[32557841.043,5868517.3236],[32557751.5776,5868453.8502],[32557668.8598,5868410.8685],[32557579.8946,5868381.3815],[32557488.9304,5868363.8898],[32557396.9668,5868360.8924],[32557314.7497,5868383.3847],[32557238.5305,5868425.8689],[32557171.0581,5868482.3475],[32557114.5814,5868547.8224],[32557035.8642,5868664.2773],[32556970.8918,5868790.2283],[32556916.1653,5868920.6773],[32556868.1862,5869054.6248],[32556829.4531,5869160.0835],[32556793.7188,5869267.0416],[32556761.9829,5869374.9992],[32556737.2443,5869484.9559],[32556718.2535,5869606.9077],[32556707.5096,5869731.8583],[32556703.7628,5869855.8091],[32556706.7634,5869980.7594],[32556746.7495,5870117.2047],[32556827.9691,5870241.1542],[32556933.4289,5870352.6084],[32557044.6362,5870454.5663],[32557204.0744,5870552.0252],[32557380.5055,5870621.495],[32557566.1825,5870669.973],[32557754.1085,5870702.9571],[32557914.7956,5870755.4338],[32558076.4822,5870809.41],[32558238.1689,5870861.8867],[32558400.8551,5870914.3634],[32558524.3073,5870989.3318],[32558621.5204,5871104.7845],[32558695.7429,5871244.7279],[32558751.7227,5871388.1701],[32558793.708,5871523.6157],[32558822.6985,5871663.5597],[32558836.9449,5871806.0029],[32558834.9477,5871947.9466],[32558825.4544,5872155.3643],[32558807.9642,5872362.2824],[32558782.7272,5872568.201],[32558750.2429,5872774.1197],[32558756.4941,5873038.0147],[32558778.4891,5873303.409],[32558811.7296,5873566.8038],[32558853.9666,5873829.6987],[32558893.953,5873991.134],[32558949.933,5874150.5698],[32559026.9046,5874299.0096],[32559127.8664,5874429.9561],[32559190.5942,5874619.3799],[32559251.3228,5874810.3031],[32559308.0529,5875001.7262],[32559360.7847,5875195.1486],[32559386.0265,5875323.5972],[32559402.022,5875454.5449],[32559406.0223,5875585.9926],[32559394.2788,5875716.9408],[32559390.5316,5875811.9031],[32559386.0347,5875907.865],[32559378.2891,5876002.8274],[32559364.5459,5876097.7899],[32559387.0384,5876202.2481],[32559433.2715,5876301.2081],[32559495.748,5876394.1702],[32559563.9722,5876481.6344],[32559624.6988,5876532.1135],[32559697.4205,5876569.5975],[32559775.3899,5876592.0874],[32559855.3583,5876598.5836]],[[32564958.0514,5874205.4577],[32564866.8377,5874212.4563],[32564764.6287,5874247.9437],[32564671.4162,5874284.9304],[32564593.9478,5874350.4056],[32564537.2215,5874438.3715],[32564495.4895,5874536.833],[32564464.7531,5874638.793],[32564418.7733,5874784.7357],[32564378.7912,5874933.1774],[32564345.8064,5875083.1183],[32564318.8192,5875235.0583],[32564309.8249,5875383.9993],[32564308.5775,5875534.4396],[32564317.576,5875683.3803],[32564337.5701,5875832.8206],[32564364.8113,5875975.7634],[32564399.7994,5876118.2063],[32564443.7839,5876257.6503],[32564497.7644,5876394.0953],[32564538.2496,5876481.5599],[32564586.7315,5876567.0252],[32564643.2102,5876645.4932],[32564710.6844,5876713.965],[32564727.1791,5876801.43],[32564725.4311,5876892.3939],[32564708.9389,5876983.358],[32564681.2011,5877070.3239],[32564690.4491,5877188.2769],[32564703.6954,5877305.2302],[32564718.941,5877423.683],[32564740.1842,5877540.6362],[32564775.4215,5877631.0997],[32564830.9007,5877713.5661],[32564900.3741,5877786.0363],[32564979.0938,5877848.0105],[32565003.3354,5877939.9736],[32565014.8322,5878037.4347],[32565014.0839,5878134.3962],[32565000.3407,5878230.3583],[32564964.856,5878321.8225],[32564914.1273,5878408.7887],[32564851.6532,5878487.2585],[32564781.1821,5878557.7316],[32564724.7055,5878625.2056],[32564668.2288,5878692.1799],[32564609.7529,5878758.6544],[32564549.2778,5878822.1301],[32564527.5377,5878917.0927],[32564563.0251,5879021.5506],[32564628.2507,5879125.0086],[32564697.7244,5879218.4704],[32564799.9353,5879317.4296],[32564917.3898,5879399.3952],[32565045.0902,5879469.3655],[32565177.5385,5879528.3401],[32565351.4697,5879542.8317],[32565527.8992,5879506.8434],[32565701.3295,5879438.368],[32565866.013,5879357.3977],[32565986.4641,5879277.4276],[32566099.1681,5879182.9634],[32566197.8775,5879075.5046],[32566276.8445,5878955.0513],[32566336.5692,5878841.5954],[32566387.2974,5878723.1417],[32566425.2807,5878600.19],[32566447.0203,5878474.2396],[32566441.0206,5878325.7987],[32566410.0309,5878179.8571],[32566361.0483,5878037.4144],[32566300.0706,5877900.4697],[32566273.0792,5877747.5309],[32566247.0874,5877595.0918],[32566224.0944,5877442.6527],[32566205.0998,5877289.7138],[32566225.0897,5877137.7738],[32566294.3103,5876994.8295],[32566393.0193,5876863.88],[32566502.9741,5876745.4254],[32566550.7037,5876638.4672],[32566598.4333,5876532.0087],[32566644.1636,5876424.0509],[32566684.896,5876315.5934],[32566709.884,5876165.6525],[32566706.1333,5876011.2139],[32566683.1403,5875857.2754],[32566653.1501,5875704.8364],[32566623.9098,5875573.3891],[32566588.9219,5875443.4412],[32566545.6873,5875316.9921],[32566492.4567,5875194.5415],[32566442.2254,5875104.0782],[32566384.747,5875019.6127],[32566317.2727,5874940.645],[32566241.8017,5874874.1726],[32566183.8245,5874863.6776],[32566122.5991,5874883.1708],[32566066.3719,5874924.1554],[32566024.8891,5874973.6364],[32565997.4013,5875067.5995],[32565988.6561,5875166.5603],[32565994.905,5875267.5201],[32566008.1512,5875367.98],[32566000.6555,5875462.9424],[32565993.9095,5875557.9048],[32565986.4138,5875652.8672],[32565978.6682,5875748.8292],[32565953.4288,5875796.8105],[32565900.9501,5875830.298],[32565836.9757,5875847.792],[32565775.0003,5875848.2928],[32565697.0308,5875815.8068],[32565627.5577,5875767.3271],[32565564.8317,5875706.8521],[32565509.3528,5875642.3786],[32565487.6106,5875580.9033],[32565485.1106,5875514.9296],[32565498.6043,5875447.9559],[32565525.093,5875388.4792],[32565536.5875,5875320.506],[32565548.8317,5875253.5324],[32565562.3255,5875187.5584],[32565578.818,5875121.5844],[32565556.3261,5875062.1083],[32565495.5996,5875021.6253],[32565415.631,5874996.1367],[32565338.6613,5874979.6444],[32565291.9293,5874942.16],[32565247.1965,5874904.6755],[32565202.4637,5874866.6913],[32565161.7293,5874825.2084],[32565120.2447,5874751.7382],[32565099.7517,5874668.7715],[32565092.5033,5874580.3067],[32565089.0035,5874493.3413],[32565071.5096,5874432.3658],[32565053.7658,5874370.8905],[32565035.2723,5874309.915],[32565015.5293,5874250.4389],[32564958.0514,5874205.4577]],[[32572163.8016,5863826.9698],[32572092.5802,5863852.4607],[32572034.1042,5863907.9396],[32571985.6244,5863979.9118],[32571945.1414,5864053.3832],[32571903.9083,5864088.3699],[32571863.6747,5864124.8561],[32571822.4415,5864158.8432],[32571779.2091,5864191.3309],[32571722.9817,5864212.8232],[32571662.0059,5864217.3224],[32571598.0312,5864211.8255],[32571537.0552,5864201.3306],[32571481.8275,5864231.3195],[32571433.3473,5864272.8038],[32571392.1144,5864322.2848],[32571357.6288,5864377.2635],[32571342.136,5864454.2331],[32571350.6338,5864536.2005],[32571374.1256,5864617.6678],[32571404.6146,5864695.6364],[32571407.8647,5864797.096],[32571412.1144,5864898.0559],[32571413.3653,5865000.0154],[32571413.8665,5865101.9749],[32571386.1288,5865198.9368],[32571327.4033,5865285.9032],[32571250.9347,5865362.374],[32571168.4683,5865430.848],[32571095.9981,5865510.3176],[32571023.2781,5865590.7867],[32570948.8087,5865669.2567],[32570873.3396,5865745.7274],[32570841.1029,5865782.2134],[32570809.616,5865822.198],[32570787.3754,5865864.1817],[32570782.1281,5865910.1635],[32570781.6292,5865975.1377],[32570798.1235,5866040.1117],[32570824.8638,5866103.5861],[32570856.3522,5866164.5614],[32570899.8358,5866229.0352],[32570951.5661,5866289.5104],[32571008.2944,5866344.9875],[32571069.7708,5866395.4665],[32571092.2629,5866470.9362],[32571092.7638,5866551.9041],[32571078.2707,5866634.8714],[32571053.7815,5866713.8404],[32571041.2871,5866762.3213],[32571029.0426,5866811.3021],[32571011.5502,5866859.2833],[32570988.3101,5866903.2662],[32570987.8113,5866976.2372],[32570997.3085,5867050.2077],[32571014.8026,5867123.6783],[32571036.2951,5867195.6494],[32571091.0243,5867259.1233],[32571174.7416,5867296.1074],[32571270.7038,5867315.5982],[32571365.6663,5867326.0926],[32571440.1377,5867388.0669],[32571509.6111,5867456.5387],[32571573.3368,5867530.0086],[32571629.8155,5867609.4762],[32571669.3005,5867650.9591],[32571710.0349,5867692.9418],[32571750.7693,5867734.4247],[32571793.503,5867775.9076],[32571847.4821,5867811.3927],[32571911.2071,5867833.8828],[32571979.1804,5867846.3768],[32572047.1535,5867854.8724],[32572092.3853,5867832.8805],[32572122.6226,5867784.3993],[32572141.1145,5867724.4228],[32572150.36,5867665.4461],[32572121.1204,5867579.9805],[32572069.6398,5867503.5116],[32572004.9145,5867434.0402],[32571937.4403,5867370.5664],[32571881.961,5867278.1039],[32571827.7313,5867186.641],[32571775.2508,5867093.1789],[32571724.7695,5866999.7168],[32571697.2794,5866929.745],[32571679.7853,5866856.2744],[32571672.2873,5866781.3043],[32571676.7845,5866707.3336],[32571704.2726,5866636.3614],[32571752.7525,5866574.885],[32571815.227,5866522.9047],[32571882.4498,5866480.4206],[32571951.6718,5866439.9356],[32572024.1426,5866405.4482],[32572099.1125,5866376.9584],[32572176.3316,5866356.9652],[32572231.5596,5866349.9671],[32572287.5375,5866351.4657],[32572341.5162,5866361.9607],[32572392.2464,5866384.451],[32572445.9757,5866423.9345],[32572493.7074,5866473.4142],[32572533.1926,5866529.3913],[32572567.9296,5866589.8668],[32572608.6641,5866634.3485],[32572649.3986,5866679.3301],[32572690.133,5866723.8118],[32572731.6172,5866769.2931],[32572763.6049,5866793.2831],[32572801.3402,5866810.7756],[32572842.324,5866819.7714],[32572883.3078,5866821.2702],[32572929.5391,5866789.782],[32572957.0274,5866734.8034],[32572974.5196,5866669.8289],[32572987.7635,5866606.8537],[32573011.5029,5866521.8871],[32573031.9936,5866435.9209],[32573050.7349,5866350.4546],[32573067.2272,5866264.4884],[32573113.708,5866204.5116],[32573187.9281,5866171.0237],[32573276.1429,5866156.0283],[32573361.1092,5866153.5281],[32573430.082,5866166.022],[32573496.8059,5866190.5113],[32573558.5319,5866224.9967],[32573613.2609,5866270.4778],[32573672.9881,5866332.9521],[32573726.4678,5866401.4241],[32573772.9504,5866474.8942],[32573814.435,5866551.8631],[32573861.167,5866585.3491],[32573915.1459,5866612.8373],[32573971.8737,5866628.3303],[32574029.8507,5866630.8284],[32574105.0708,5866624.3299],[32574179.0413,5866608.8349],[32574251.2623,5866585.3431],[32574322.4837,5866556.8534],[32574395.4548,5866556.3525],[32574469.4256,5866563.8484],[32574542.3968,5866577.3419],[32574614.3686,5866598.8323],[32574670.0968,5866618.3237],[32574726.0749,5866641.8135],[32574779.804,5866669.3018],[32574829.7847,5866702.7878],[32574877.5162,5866739.2725],[32574923.2487,5866779.256],[32574965.9823,5866822.7381],[32575005.4673,5866870.2186],[32575041.2039,5866925.6961],[32575071.6927,5866985.6718],[32575097.4334,5867048.1466],[32575117.9261,5867112.1209],[32575140.6679,5867172.5965],[32575163.1599,5867232.5724],[32575183.6526,5867292.5482],[32575204.3952,5867355.0231],[32575226.8872,5867418.9974],[32575251.3783,5867482.4718],[32575277.119,5867545.4464],[32575303.6094,5867609.9204],[32575331.0994,5867674.8942],[32575360.8385,5867739.3682],[32575393.3265,5867803.8421],[32575427.8137,5867865.817],[32575470.5474,5867909.299],[32575531.5236,5867933.7884],[32575600.4964,5867943.2836],[32575668.4694,5867944.7819],[32575725.6963,5867911.2944],[32575768.9284,5867854.3163],[32575800.4149,5867786.8426],[32575823.9047,5867717.8697],[32575833.6497,5867634.9025],[32575832.1491,5867550.9358],[32575820.6525,5867467.4691],[32575801.1591,5867386.5016],[32575762.9228,5867282.0436],[32575715.6901,5867180.5846],[32575661.2104,5867084.1237],[32575601.9826,5866990.6617],[32575590.2363,5866924.6881],[32575591.7348,5866856.7151],[32575609.2269,5866791.7406],[32575642.7129,5866736.7619],[32575693.9422,5866704.274],[32575755.9174,5866690.7785],[32575820.8917,5866691.2773],[32575884.8664,5866700.7725],[32576009.8171,5866718.7635],[32576133.7684,5866743.2519],[32576256.4702,5866774.2377],[32576379.4219,5866808.2223],[32576500.374,5866814.2181],[32576621.326,5866810.2179],[32576742.5278,5866797.2212],[32576862.7299,5866774.7283],[32576945.6968,5866760.7326],[32577029.9132,5866745.2374],[32577113.1299,5866726.7435],[32577194.3474,5866702.252],[32577245.5767,5866676.7613],[32577291.8079,5866642.2743],[32577332.0414,5866599.2908],[32577361.2791,5866551.3094],[32577352.0316,5866466.3433],[32577298.5518,5866389.8744],[32577222.8308,5866320.4032],[32577148.3595,5866256.9295],[32577023.6579,5866188.9584],[32576887.9611,5866144.4781],[32576745.2673,5866117.491],[32576603.3233,5866098.5007],[32576413.3982,5866069.0153],[32576222.4735,5866045.5275],[32576031.5489,5866026.0382],[32575840.6245,5866014.0458],[32575681.6874,5866007.5508],[32575522.5004,5866005.554],[32575363.5635,5866009.0551],[32575205.3763,5866020.0531],[32575095.6694,5865993.0655],[32574991.9599,5865942.5871],[32574900.4951,5865871.6167],[32574826.0235,5865787.1513],[32574765.2967,5865724.6771],[32574706.819,5865661.2031],[32574654.3388,5865592.7311],[32574612.6044,5865518.2613],[32574515.1423,5865465.7836],[32574407.1846,5865434.7976],[32574293.2296,5865418.8056],[32574181.2738,5865411.8101],[32574070.3181,5865430.3045],[32573963.8609,5865471.2898],[32573863.4015,5865528.7685],[32573772.9383,5865598.2423],[32573621.7487,5865633.2307],[32573469.5594,5865662.7213],[32573315.3709,5865686.7141],[32573162.1819,5865705.7088],[32573032.9831,5865707.71],[32572905.0337,5865699.7151],[32572778.0838,5865680.7246],[32572654.3824,5865649.7387],[32572532.4303,5865623.7509],[32572410.7282,5865595.7638],[32572290.7753,5865565.2778],[32572172.0719,5865530.2934],[32572069.3618,5865473.3176],[32571981.8954,5865393.8505],[32571907.6735,5865297.8897],[32571845.1968,5865196.4309],[32571818.956,5865103.4682],[32571817.4552,5865004.0077],[32571837.196,5864906.0463],[32571873.9302,5864815.5817],[32571932.6554,5864703.6252],[32572002.3763,5864599.1657],[32572083.0929,5864501.7031],[32572170.8069,5864411.2377],[32572225.2843,5864338.7657],[32572279.7617,5864266.2936],[32572334.2391,5864193.3218],[32572389.7162,5864121.8493],[32572408.9579,5864075.8673],[32572413.4554,5864023.8879],[32572403.7086,5863972.9082],[32572378.9678,5863930.4255],[32572334.235,5863890.442],[32572281.5054,5863860.9545],[32572222.5285,5863840.4636],[32572163.8016,5863826.9698]],[[32556399.033,5897740.232],[32556339.8068,5897759.7251],[32556296.3249,5897817.7027],[32556268.837,5897893.1731],[32556257.3426,5897968.1435],[32556229.3556,5898096.0931],[32556206.6166,5898226.0417],[32556187.626,5898356.99],[32556175.8826,5898487.9381],[32556182.8819,5898624.3838],[32556207.874,5898760.3294],[32556248.11,5898893.7757],[32556297.0924,5899023.2236],[32556317.0866,5899165.6666],[32556336.0811,5899308.6095],[32556353.3264,5899452.0523],[32556367.323,5899595.9949],[32556393.0651,5899752.4323],[32556422.0559,5899908.8697],[32556454.0455,5900064.3074],[32556488.0343,5900220.7448],[32556562.7574,5900412.1676],[32556675.4653,5900588.096],[32556810.4141,5900753.5282],[32556951.3605,5900911.4634],[32557081.3111,5901060.4023],[32557216.5096,5901205.8424],[32557357.4556,5901344.7851],[32557505.6487,5901476.7305],[32557615.6072,5901623.6705],[32557717.569,5901778.6074],[32557809.5349,5901938.5424],[32557892.5044,5902104.4752],[32557955.2321,5902283.903],[32557994.9691,5902472.3275],[32558017.7129,5902663.7511],[32558025.4626,5902855.6747],[32558052.9547,5903055.095],[32558080.6966,5903255.5149],[32558107.189,5903455.9349],[32558131.9322,5903657.3544],[32558159.173,5903767.3103],[32558205.4062,5903873.7673],[32558270.8816,5903968.2288],[32558356.3487,5904041.1985],[32558444.0647,5904096.6752],[32558541.7765,5904137.6574],[32558644.486,5904162.1461],[32558749.4445,5904172.1406],[32558829.6624,5904154.6464],[32558905.8816,5904120.1589],[32558974.3537,5904070.6776],[32559030.8304,5904010.2008],[32559076.311,5903919.2363],[32559104.0485,5903821.2748],[32559118.7912,5903719.3151],[32559123.5378,5903617.3556],[32559109.7922,5903548.3832],[32559085.301,5903480.9104],[32559047.815,5903421.9344],[32558999.0836,5903374.454],[32558930.3603,5903333.9711],[32558854.3901,5903306.4831],[32558774.6715,5903288.4915],[32558694.7031,5903281.9953],[32558623.9803,5903216.5223],[32558566.5019,5903138.0544],[32558519.2694,5903051.5895],[32558481.783,5902962.1256],[32558467.537,5902851.1699],[32558479.2807,5902737.215],[32558509.0172,5902624.2595],[32558549.7495,5902517.3014],[32558597.7287,5902400.847],[32558651.4557,5902287.8911],[32558713.1796,5902178.4337],[32558782.9004,5902074.9738],[32558785.6476,5901963.0182],[32558748.4108,5901850.5635],[32558685.1843,5901746.1059],[32558609.7129,5901654.1436],[32558584.4715,5901553.1841],[32558559.9797,5901450.7252],[32558538.7366,5901348.7661],[32558524.4908,5901246.307],[32558533.9858,5901164.3394],[32558568.7209,5901085.8701],[32558619.1998,5901014.8976],[32558680.4246,5900955.4203],[32558752.6455,5900924.9314],[32558833.8631,5900916.4335],[32558917.8299,5900924.9289],[32558997.5485,5900946.919],[32559069.5204,5900974.407],[32559139.2432,5901008.8922],[32559203.9681,5901051.3744],[32559263.6951,5901101.8534],[32559312.6759,5901116.3469],[32559364.4055,5901127.8416],[32559415.3854,5901132.8389],[32559466.615,5901129.3395],[32559518.594,5901104.8485],[32559563.0757,5901064.8637],[32559601.3098,5901016.3824],[32559633.7962,5900965.4022],[32559639.2927,5900880.4359],[32559613.8016,5900795.47],[32559569.318,5900712.0039],[32559521.8358,5900634.5354],[32559460.359,5900556.0675],[32559390.8856,5900484.5969],[32559314.415,5900420.6235],[32559232.6966,5900364.1472],[32559186.9642,5900329.6615],[32559141.2319,5900297.1751],[32559094.2502,5900268.1874],[32559043.52,5900247.6963],[32558971.5482,5900221.2079],[32558899.8263,5900199.7175],[32558825.8554,5900181.7257],[32558751.8846,5900168.2322],[32558708.9018,5900176.2296],[32558670.6674,5900201.7201],[32558640.4299,5900239.7054],[32558623.1874,5900281.689],[32558589.9512,5900321.1738],[32558556.4651,5900361.1584],[32558524.2284,5900401.6428],[32558494.9907,5900444.6261],[32558448.7594,5900471.1163],[32558393.7814,5900480.1135],[32558334.8048,5900476.6158],[32558278.8269,5900468.12],[32558226.8472,5900447.6289],[32558180.1153,5900418.1413],[32558137.3817,5900381.1566],[32558101.6453,5900339.6737],[32558027.9237,5900276.2],[32557955.4515,5900211.7267],[32557882.7294,5900146.7536],[32557812.2564,5900082.2802],[32557762.5256,5900040.7975],[32557712.7947,5900001.3139],[32557662.0643,5899963.3297],[32557610.3343,5899927.8446],[32557500.8766,5899846.8784],[32557397.4164,5899757.9153],[32557302.9524,5899660.4554],[32557219.7339,5899554.4988],[32557140.5136,5899434.0478],[32557070.2896,5899307.0993],[32557010.3115,5899176.6521],[32556958.0803,5899043.2059],[32556906.0986,5898886.7688],[32556863.3632,5898727.3328],[32556827.3751,5898566.8971],[32556799.3839,5898405.4617],[32556783.1389,5898310.4997],[32556768.8932,5898214.538],[32556761.3947,5898119.0761],[32556765.1418,5898024.1138],[32556707.6632,5897925.6538],[32556617.198,5897849.6853],[32556508.7402,5897790.2105],[32556399.033,5897740.232]],[[32570637.7787,5872670.4819],[32570426.6126,5872683.9797],[32570217.4458,5872704.4747],[32570008.279,5872728.9681],[32569801.1115,5872760.4587],[32569593.6943,5872799.9461],[32569390.2756,5872848.4299],[32569274.0723,5872895.413],[32569166.366,5872965.8866],[32569077.9023,5873055.3524],[32569018.1774,5873161.811],[32568919.4679,5873263.2722],[32568821.7581,5873366.2328],[32568724.7979,5873469.6932],[32568632.0862,5873577.1519],[32568554.6181,5873661.6195],[32568476.9,5873746.0871],[32568400.4315,5873831.5543],[32568323.7131,5873917.0215],[32568235.7498,5874045.4718],[32568174.7759,5874191.4147],[32568129.7959,5874344.8545],[32568088.8143,5874499.7935],[32568025.5916,5874663.2296],[32567963.3686,5874828.165],[32567901.3954,5874992.6006],[32567841.1716,5875158.5356],[32567787.1947,5875284.9862],[32567727.4701,5875409.4377],[32567662.4976,5875531.3902],[32567594.7761,5875651.8434],[32567533.0519,5875750.3052],[32567467.3293,5875846.7678],[32567397.6082,5875940.7316],[32567324.1386,5876030.1971],[32567299.3995,5876110.1657],[32567300.9001,5876196.1316],[32567321.3932,5876282.0971],[32567358.8794,5876360.5654],[32567422.3552,5876430.0369],[32567503.074,5876483.5144],[32567593.7886,5876525.4964],[32567686.5023,5876554.9833],[32567766.4707,5876563.4788],[32567848.4382,5876562.4779],[32567928.6562,5876547.9825],[32568004.8756,5876520.4923],[32568101.3365,5876459.0153],[32568188.8008,5876382.5443],[32568266.5188,5876296.0775],[32568338.9888,5876205.6123],[32568428.9517,5876098.1537],[32568517.665,5875988.6958],[32568603.3795,5875877.7386],[32568686.0952,5875765.282],[32568752.3168,5875616.3402],[32568817.289,5875467.8982],[32568882.2612,5875317.9568],[32568946.2338,5875169.5148],[32569006.4579,5875021.0728],[32569063.4332,5874872.1311],[32569120.4086,5874722.6896],[32569181.3823,5874574.7475],[32569251.6023,5874416.3093],[32569328.5696,5874260.8699],[32569408.7857,5874107.4297],[32569492.7503,5873955.9885],[32569598.4572,5873868.5217],[32569747.6477,5873842.5298],[32569912.5826,5873859.0208],[32570065.2726,5873898.003],[32570218.2122,5873906.9971],[32570371.1517,5873917.4907],[32570523.0917,5873932.4824],[32570675.0318,5873955.471],[32570814.2264,5873938.4757],[32570952.4211,5873901.4883],[32571084.8679,5873847.5077],[32571211.3168,5873782.5316],[32571319.0228,5873686.0683],[32571404.9871,5873564.6153],[32571470.959,5873430.1677],[32571520.9373,5873290.7223],[32571531.4318,5873191.7614],[32571524.1832,5873089.3022],[32571496.9427,5872992.3412],[32571448.4607,5872908.875],[32571366.9919,5872831.9068],[32571270.2795,5872773.4315],[32571164.5708,5872730.4502],[32571056.863,5872700.4637],[32570848.9451,5872673.9773],[32570637.7787,5872670.4819]],[[32583611.2691,5864443.5533],[32583517.057,5864480.0402],[32583436.5899,5864548.5142],[32583365.8691,5864632.9817],[32583303.3952,5864720.4479],[32583265.4119,5864836.4024],[32583261.6651,5864962.3525],[32583280.6593,5865091.8008],[32583311.8987,5865215.7511],[32583346.8868,5865362.1925],[32583388.8722,5865507.6341],[32583439.1042,5865650.0768],[32583496.0835,5865790.5202],[32583539.5674,5865875.9856],[32583589.7987,5865959.4517],[32583650.5256,5866033.9212],[32583721.9981,5866097.3949],[32583738.4926,5866172.8647],[32583741.9923,5866250.8337],[32583730.4979,5866328.8029],[32583706.0087,5866402.7739],[32583659.5278,5866448.2566],[32583599.3021,5866479.745],[32583531.3293,5866496.2394],[32583463.1065,5866501.7383],[32583391.3846,5866474.2502],[32583327.6593,5866428.7693],[32583271.9306,5866371.2929],[32583224.4486,5866308.8184],[32583180.9649,5866242.8453],[32583143.2289,5866173.3734],[32583110.7408,5866101.9023],[32583087.2491,5866027.932],[32583041.5169,5865997.4448],[32582985.5389,5865983.951],[32582926.5623,5865985.4512],[32582871.5844,5865999.9463],[32582827.1027,5866048.9275],[32582800.6141,5866111.9029],[32582786.1208,5866182.8749],[32582779.6244,5866252.8473],[32582780.1252,5866326.8179],[32582788.6229,5866400.7884],[32582804.1178,5866474.7588],[32582827.6094,5866546.2301],[32582824.112,5866632.196],[32582815.6166,5866718.162],[32582802.8728,5866804.128],[32582786.3806,5866889.0945],[32582745.6481,5866989.0555],[32582689.9215,5867082.5192],[32582624.4488,5867170.985],[32582553.728,5867254.4529],[32582524.2408,5867330.4232],[32582501.7508,5867410.3918],[32582488.2573,5867490.3602],[32582486.5091,5867572.3277],[32582478.2629,5867609.3132],[32582471.0163,5867647.2982],[32582463.7697,5867685.2832],[32582459.5219,5867724.2678],[32582475.2666,5867788.2422],[32582526.7468,5867840.7206],[32582595.4702,5867886.2015],[32582661.1947,5867929.6832],[32582711.1748,5867927.1835],[32582758.4056,5867890.6973],[32582797.8891,5867834.7189],[32582827.3766,5867779.2405],[32582852.6159,5867727.2608],[32582875.1062,5867673.2819],[32582893.3482,5867619.303],[32582905.8425,5867563.3251],[32582943.3267,5867497.8505],[32582984.8093,5867433.8753],[32583028.0413,5867371.3994],[32583074.522,5867311.4226],[32583104.0093,5867240.9501],[32583150.49,5867177.9744],[32583205.9672,5867121.496],[32583267.1922,5867072.0148],[32583365.6522,5867006.5393],[32583473.1088,5866954.0585],[32583585.3137,5866915.0723],[32583701.5172,5866886.0821],[32583833.7145,5866870.0865],[32583968.661,5866876.0821],[32584102.6081,5866898.0714],[32584234.5562,5866930.0567],[32584323.2711,5866945.5492],[32584413.2357,5866962.5411],[32584502.2006,5866982.0321],[32584589.9162,5867009.5198],[32584677.8814,5867017.5153],[32584766.8461,5867020.013],[32584857.0602,5867018.5123],[32584946.0248,5867013.5129],[32585014.2473,5866982.0244],[32585068.7249,5866923.047],[32585109.2078,5866849.5756],[32585138.695,5866773.6053],[32585164.934,5866732.6212],[32585193.4222,5866693.1364],[32585218.6615,5866651.1527],[32585241.9017,5866609.169],[32585298.1289,5866572.6827],[32585369.3505,5866562.1858],[32585447.3196,5866565.6832],[32585522.2899,5866574.1787],[32585619.0018,5866597.1682],[32585711.7155,5866633.6523],[32585802.4302,5866679.6327],[32585889.1465,5866731.1109],[32585970.8645,5866766.5956],[32586053.8321,5866802.5801],[32586135.5501,5866838.0648],[32586218.2678,5866874.549],[32586276.245,5866894.0404],[32586336.2214,5866907.5342],[32586398.1969,5866914.0307],[32586460.1723,5866914.5295],[32586516.3996,5866888.0392],[32586559.6317,5866834.06],[32586591.1183,5866767.5859],[32586614.608,5866700.6122],[32586604.1114,5866642.6353],[32586571.3736,5866590.1567],[32586526.6408,5866544.6754],[32586476.91,5866508.1906],[32586419.1823,5866461.71],[32586360.455,5866417.2285],[32586299.7285,5866376.7455],[32586237.0029,5866340.2609],[32586208.2636,5866288.282],[32586200.7657,5866225.3071],[32586208.2618,5866160.3328],[32586226.5037,5866099.3567],[32586218.0063,5866044.3787],[32586210.2586,5865989.9004],[32586200.7617,5865935.922],[32586190.0152,5865882.9432],[32586139.7838,5865787.4819],[32586060.3143,5865708.5144],[32585967.6001,5865640.043],[32585876.1355,5865574.0706],[32585813.6593,5865501.6003],[32585752.1827,5865429.13],[32585692.4554,5865354.6604],[32585636.9764,5865279.1912],[32585605.2385,5865245.2052],[32585573.5006,5865210.7194],[32585538.764,5865182.731],[32585498.7796,5865163.2393],[32585438.8034,5865157.7424],[32585379.5772,5865182.2336],[32585321.3509,5865220.7192],[32585269.1222,5865262.7033],[32585224.6408,5865329.1776],[32585201.1512,5865409.1462],[32585191.4063,5865494.1126],[32585188.9085,5865579.0789],[32585174.4153,5865655.0489],[32585159.9221,5865731.019],[32585146.4285,5865806.989],[32585134.9341,5865883.9586],[32585095.4508,5865952.9318],[32585028.9779,5866004.4124],[32584947.7606,5866041.8987],[32584866.5433,5866071.888],[32584798.5703,5866072.3888],[32584730.597,5866054.8968],[32584667.8715,5866022.4106],[32584613.1426,5865979.9283],[32584584.4032,5865915.9541],[32584577.9047,5865843.9828],[32584585.4007,5865770.0121],[32584602.8928,5865700.0396],[32584631.6302,5865610.0749],[32584668.1145,5865523.1089],[32584710.8463,5865439.6414],[32584759.326,5865358.6728],[32584779.0665,5865245.7174],[32584786.8119,5865130.7629],[32584784.5612,5865015.8086],[32584776.5628,5864901.8539],[32584744.0745,5864816.3883],[32584688.5955,5864741.9187],[32584616.8731,5864678.445],[32584538.1537,5864631.4648],[32584491.1723,5864629.4663],[32584443.1915,5864642.9617],[32584400.9587,5864669.4518],[32584371.7208,5864706.4376],[32584319.4919,5864730.9286],[32584268.2626,5864755.9195],[32584217.0332,5864780.4105],[32584167.0534,5864805.9011],[32584119.8222,5864809.9002],[32584072.0909,5864789.4091],[32584027.3582,5864752.9242],[32583990.6222,5864714.4401],[32583953.8862,5864668.4589],[32583923.1477,5864617.9794],[32583897.6571,5864565.0008],[32583877.9141,5864510.5227],[32583820.1865,5864473.0385],[32583753.2128,5864452.5476],[32583681.2413,5864445.0516],[32583611.2691,5864443.5533]],[[32570615.6192,5878556.1449],[32570508.4119,5878568.6415],[32570408.2023,5878619.6228],[32570318.4889,5878695.0941],[32570245.0192,5878781.5609],[32570181.0466,5878925.5047],[32570147.8119,5879080.9435],[32570135.8189,5879242.3795],[32570136.5708,5879403.3156],[32570163.5624,5879566.7503],[32570211.5456,5879727.1859],[32570277.5216,5879881.6236],[32570359.4912,5880028.564],[32570438.7113,5880138.0193],[32570531.1761,5880239.9775],[32570635.386,5880328.4408],[32570750.0916,5880401.4101],[32570889.7868,5880441.3921],[32571037.7282,5880447.8873],[32571188.9181,5880429.8922],[32571334.11,5880394.9039],[32571501.0445,5880437.3845],[32571664.7303,5880490.361],[32571825.1676,5880554.833],[32571980.857,5880629.8009],[32572124.3012,5880704.769],[32572265.7462,5880785.2349],[32572403.193,5880872.1983],[32572536.6414,5880966.159],[32572674.3376,5881026.1331],[32572815.7823,5881080.6094],[32572959.7259,5881125.5893],[32573106.4183,5881163.5721],[32573229.3698,5881182.5627],[32573354.3204,5881189.558],[32573479.2708,5881185.5577],[32573602.4718,5881168.0628],[32573722.674,5881161.0638],[32573843.626,5881155.0643],[32573964.8279,5881146.0661],[32574085.7798,5881136.0682],[32574180.9919,5881125.571],[32574275.9541,5881115.0737],[32574372.1658,5881103.077],[32574467.128,5881088.5813],[32574600.3249,5881066.588],[32574733.5218,5881045.5944],[32574867.7183,5881025.6003],[32575001.9149,5881005.6062],[32575090.1297,5880993.1098],[32575180.0939,5880982.1128],[32575269.3084,5880970.616],[32575358.273,5880958.1197],[32575417.4993,5880945.6237],[32575475.4761,5880930.129],[32575532.7032,5880909.6363],[32575587.9309,5880885.1452],[32575621.1673,5880850.1585],[32575638.4098,5880801.1777],[32575643.9068,5880746.1995],[32575641.1572,5880694.2202],[32575587.6776,5880634.7446],[32575510.7076,5880600.2594],[32575422.9921,5880579.2691],[32575337.0259,5880563.7766],[32575157.3464,5880512.2997],[32574976.6674,5880464.8213],[32574794.9888,5880420.8415],[32574614.0599,5880378.3611],[32574362.4091,5880344.3784],[32574107.2602,5880339.3842],[32573852.1114,5880349.3841],[32573597.9624,5880367.8806],[32573304.0785,5880341.3956],[32573012.1938,5880309.4127],[32572720.3089,5880271.9319],[32572429.6735,5880227.9538],[32572197.0147,5880155.9858],[32571978.8496,5880043.5338],[32571777.6773,5879900.0937],[32571595.7472,5879736.1616],[32571469.5455,5879611.2131],[32571352.5899,5879476.2684],[32571253.3772,5879330.3279],[32571181.4036,5879172.8915],[32571135.1706,5879079.4293],[32571090.6869,5878985.9671],[32571057.4487,5878889.0061],[32571046.2018,5878789.5457],[32570958.7353,5878704.081],[32570852.0267,5878640.108],[32570734.3227,5878592.1288],[32570615.6192,5878556.1449]],[[32562206.4391,5842885.9347],[32562123.2221,5842888.9347],[32562043.2541,5842908.4282],[32561964.0359,5842936.918],[32561887.8166,5842971.4055],[32561795.3543,5843038.88],[32561717.6364,5843125.3468],[32561651.9139,5843222.8091],[32561592.1891,5843324.2697],[32561549.4578,5843444.2227],[32561528.4681,5843572.1722],[32561525.7211,5843702.1207],[32561535.7192,5843832.5687],[32561560.9609,5843944.5239],[32561600.197,5844054.9794],[32561654.4271,5844158.4376],[32561721.9018,5844253.8986],[32561822.3633,5844339.863],[32561941.817,5844404.8355],[32562070.5167,5844452.8145],[32562202.465,5844487.7986],[32562312.4218,5844509.7883],[32562424.1278,5844523.2813],[32562536.3334,5844528.2776],[32562647.2893,5844518.2799],[32562726.258,5844517.779],[32562806.4762,5844517.278],[32562885.4449,5844514.7778],[32562965.4131,5844508.2792],[32563037.3849,5844522.7723],[32563106.1081,5844552.7594],[32563171.083,5844592.2428],[32563230.5601,5844638.7234],[32563264.2976,5844694.7007],[32563278.7929,5844764.1729],[32563278.2942,5844836.1443],[32563266.7998,5844906.1167],[32563262.3027,5844976.089],[32563256.8059,5845046.0613],[32563249.3099,5845115.034],[32563237.8156,5845185.0064],[32563260.5575,5845247.981],[32563310.0387,5845300.4595],[32563372.7645,5845342.9417],[32563439.7385,5845377.427],[32563512.7098,5845387.9217],[32563587.68,5845380.4236],[32563662.8999,5845359.4308],[32563733.1216,5845329.9414],[32563822.3356,5845287.457],[32563910.7999,5845238.9749],[32563995.0157,5845186.4945],[32564077.4822,5845130.0157],[32564191.6866,5845103.0247],[32564303.8916,5845066.5375],[32564408.3494,5845014.5566],[32564498.8125,5844944.0833],[32564553.2898,5844873.6104],[32564594.0224,5844790.6428],[32564616.5122,5844702.6774],[32564617.2605,5844614.7123],[32564592.7689,5844524.7484],[32564550.2844,5844440.2826],[32564493.8056,5844362.8142],[32564429.3301,5844295.3419],[32564334.6167,5844239.3656],[32564230.9073,5844204.8808],[32564120.9505,5844183.8908],[32564010.994,5844175.8956],[32563953.2664,5844148.4074],[32563895.2889,5844120.9192],[32563841.5597,5844087.4333],[32563796.8268,5844046.4502],[32563755.3421,5843973.9796],[32563736.8482,5843891.0128],[32563733.5981,5843801.5484],[32563736.0958,5843715.5825],[32563765.5831,5843649.6083],[32563817.8116,5843597.1283],[32563884.2847,5843555.6438],[32563954.5064,5843527.1541],[32563982.7447,5843490.1683],[32564011.9826,5843454.682],[32564038.2216,5843416.6967],[32564057.4633,5843375.7127],[32564058.9619,5843318.7353],[32564039.2188,5843262.7578],[32564006.7309,5843208.2799],[32563970.9943,5843158.8001],[32563890.2757,5843123.3154],[32563795.0635,5843126.8154],[32563695.8532,5843151.807],[32563601.6409,5843180.2971],[32563455.9482,5843152.3104],[32563312.0047,5843115.3272],[32563171.3097,5843070.8469],[32563031.6143,5843021.8685],[32562904.9141,5842994.8811],[32562777.964,5842968.8933],[32562651.0139,5842945.9043],[32562524.0639,5842926.9137],[32562444.3453,5842914.4198],[32562365.3764,5842902.9256],[32562285.4079,5842892.4309],[32562206.4391,5842885.9347]],[[32595831.3046,5840168.513],[32595759.3332,5840169.0139],[32595689.1115,5840191.506],[32595624.8876,5840228.9921],[32595576.4076,5840281.4719],[32595545.6714,5840383.4319],[32595544.9234,5840493.3882],[32595561.1686,5840604.8437],[32595586.4102,5840713.8001],[32595634.3932,5840854.2436],[32595697.6202,5840991.1883],[32595769.5935,5841122.635],[32595850.8132,5841249.0836],[32595976.5165,5841467.495],[32596103.9691,5841684.4069],[32596233.4209,5841901.8187],[32596366.1214,5842116.7314],[32596487.5764,5842334.643],[32596609.0315,5842554.0541],[32596727.7376,5842774.9646],[32596844.1947,5842996.8747],[32596942.6587,5843204.7907],[32597033.3759,5843417.7048],[32597116.846,5843632.1184],[32597194.3185,5843851.0303],[32597279.2873,5844021.9612],[32597370.2537,5844189.3933],[32597466.9678,5844354.3264],[32597571.9285,5844514.2613],[32597633.4053,5844595.728],[32597703.8785,5844672.1966],[32597783.5977,5844734.1708],[32597875.3118,5844770.6549],[32597942.0356,5844794.1446],[32598013.0077,5844811.6366],[32598083.9796,5844818.133],[32598154.2016,5844809.6353],[32598210.4286,5844772.1493],[32598254.6602,5844716.6707],[32598286.1467,5844650.6964],[32598308.6367,5844582.7231],[32598316.3823,5844492.7587],[32598311.8827,5844402.7945],[32598295.6378,5844313.3303],[32598272.1458,5844226.3651],[32598231.9097,5844092.9187],[32598186.9256,5843961.4716],[32598137.6932,5843831.0241],[32598084.7123,5843703.5755],[32598019.4861,5843565.1315],[32597949.5119,5843430.1861],[32597874.2898,5843297.7398],[32597796.3188,5843168.2924],[32597737.0903,5843030.3481],[32597685.1088,5842890.9042],[32597637.1257,5842749.4611],[32597595.89,5842607.0183],[32597483.681,5842373.1129],[32597368.2234,5842141.2067],[32597246.7682,5841912.2994],[32597118.066,5841688.89],[32597012.3554,5841518.9591],[32596904.3958,5841352.027],[32596792.4378,5841187.0942],[32596677.4811,5841025.1602],[32596560.7751,5840866.225],[32596441.82,5840708.2895],[32596321.8653,5840552.3533],[32596198.662,5840399.4158],[32596121.1916,5840318.4491],[32596032.7257,5840247.9784],[32595935.0137,5840195.0009],[32595831.3046,5840168.513]],[[32561472.9508,5893077.0109],[32561380.9873,5893079.0115],[32561290.0236,5893089.5086],[32561154.5779,5893132.4936],[32561028.1291,5893198.4692],[32560906.4285,5893277.9394],[32560790.9756,5893362.9074],[32560709.2592,5893447.375],[32560631.7912,5893534.8414],[32560556.0726,5893624.3069],[32560482.3532,5893715.7717],[32560429.875,5893785.7446],[32560383.3945,5893859.2161],[32560343.9113,5893937.1857],[32560314.4242,5894019.1535],[32560303.68,5894125.1116],[32560327.9219,5894233.0683],[32560373.1555,5894338.5257],[32560424.3866,5894439.9846],[32560478.8663,5894536.4455],[32560541.3429,5894629.9074],[32560610.5667,5894717.3716],[32560688.0371,5894799.3379],[32560746.515,5894872.8078],[32560804.9929,5894947.2774],[32560864.7202,5895020.7473],[32560926.1969,5895094.2171],[32560978.6772,5895169.6864],[32561027.1591,5895249.1541],[32561071.6426,5895330.621],[32561113.8771,5895413.5874],[32561195.3462,5895514.546],[32561284.8121,5895609.0072],[32561380.0256,5895698.97],[32561478.4878,5895785.9339],[32561568.9531,5895872.3982],[32561659.4185,5895960.3619],[32561750.8835,5896046.8262],[32561843.348,5896132.7906],[32561894.0786,5896178.2718],[32561945.5588,5896222.7533],[32562000.2876,5896263.7362],[32562058.2652,5896300.2209],[32562117.2419,5896308.7166],[32562178.2173,5896282.2262],[32562237.693,5896237.743],[32562287.9224,5896189.2616],[32562314.411,5896130.2846],[32562325.9055,5896066.3099],[32562325.4047,5895999.3365],[32562315.6576,5895934.8623],[32562309.1592,5895863.8906],[32562302.6607,5895793.9185],[32562293.1635,5895723.9465],[32562280.6674,5895654.4743],[32562307.1556,5895567.0087],[32562367.8804,5895491.038],[32562445.3487,5895424.5633],[32562525.566,5895365.0857],[32562562.3001,5895277.62],[32562590.0378,5895185.6561],[32562608.529,5895091.6932],[32562618.2738,5894997.7304],[32562589.0338,5894888.2744],[32562525.5576,5894790.8141],[32562443.0891,5894703.3501],[32562354.6231,5894625.3824],[32562265.1577,5894564.9077],[32562168.4454,5894515.9286],[32562066.7352,5894479.4447],[32561962.7762,5894456.4553],[32561889.0546,5894399.9789],[32561818.5817,5894338.5044],[32561753.8565,5894272.0317],[32561698.3774,5894199.5614],[32561669.1378,5894115.0954],[32561663.6387,5894024.1316],[32561676.3823,5893931.1684],[32561701.8709,5893843.203],[32561735.3565,5893767.2327],[32561779.8379,5893696.76],[32561833.3157,5893632.7846],[32561894.7905,5893578.3054],[32561918.28,5893494.3384],[32561934.0225,5893408.3724],[32561939.5191,5893321.4068],[32561937.0189,5893235.441],[32561896.534,5893170.9673],[32561825.8115,5893129.4848],[32561740.8449,5893104.9958],[32561657.8776,5893093.5016],[32561566.1638,5893081.5077],[32561472.9508,5893077.0109]],[[32563589.6675,5879473.3858],[32563501.4525,5879475.8861],[32563416.2367,5879508.3745],[32563338.0185,5879559.8552],[32563269.5465,5879622.3314],[32563220.8173,5879723.7918],[32563205.0751,5879839.746],[32563210.0748,5879961.1977],[32563227.3196,5880079.1506],[32563251.3123,5880237.5873],[32563284.3014,5880395.0243],[32563325.2874,5880550.4619],[32563373.0206,5880703.9002],[32563355.2794,5880835.8481],[32563297.3042,5880961.2991],[32563212.5894,5881074.7553],[32563113.8799,5881172.2181],[32563024.6658,5881209.7045],[32562925.4553,5881222.7008],[32562824.4952,5881212.2065],[32562732.7812,5881180.2206],[32562614.8278,5881170.2263],[32562496.8745,5881161.7314],[32562379.9207,5881149.738],[32562262.9669,5881136.7449],[32562149.762,5881149.7414],[32562041.5555,5881189.2273],[32561938.0973,5881245.2066],[32561841.6365,5881310.682],[32561785.9098,5881397.6483],[32561768.1683,5881505.1059],[32561775.4171,5881620.5599],[32561799.659,5881729.5163],[32561863.1352,5881832.4744],[32561951.3514,5881918.9388],[32562055.0613,5881991.9083],[32562164.5188,5882051.8828],[32562258.4818,5882071.3737],[32562358.4421,5882072.3718],[32562455.6533,5882053.8777],[32562545.867,5882017.3908],[32562615.0892,5881993.8991],[32562684.3114,5881970.4074],[32562751.5344,5881941.9177],[32562814.7588,5881905.4313],[32562892.9776,5881890.9359],[32562972.9457,5881882.4381],[32563052.914,5881879.9379],[32563132.8823,5881883.9351],[32563198.8563,5881899.428],[32563262.8314,5881927.9157],[32563321.5586,5881967.3991],[32563373.2888,5882013.8799],[32563462.2536,5882021.3756],[32563552.2178,5882015.8764],[32563641.4322,5882000.8811],[32563729.397,5881979.3883],[32563808.8645,5881909.9147],[32563856.5942,5881807.9545],[32563882.5822,5881689.0013],[32563898.3244,5881574.0468],[32563906.0696,5881452.0951],[32563903.0691,5881330.1436],[32563889.8226,5881209.1918],[32563865.5806,5881090.7392],[32563870.0779,5881026.7646],[32563875.5749,5880963.7895],[32563888.8188,5880902.8135],[32563918.3063,5880849.8341],[32563956.5406,5880808.35],[32564007.7698,5880778.3612],[32564064.9969,5880759.8677],[32564122.9738,5880750.3706],[32564211.9386,5880758.8659],[32564298.9045,5880785.8538],[32564383.6214,5880824.3373],[32564465.3396,5880867.8188],[32564551.3054,5880858.8211],[32564634.522,5880829.3315],[32564712.9902,5880785.8476],[32564784.2112,5880732.3678],[32564825.9432,5880626.4093],[32564821.9431,5880505.4574],[32564789.7041,5880379.0081],[32564750.468,5880260.5557],[32564695.2383,5880144.1028],[32564628.0135,5880033.6477],[32564549.793,5879931.1895],[32564462.3264,5879838.2278],[32564343.6226,5879775.2546],[32564224.1692,5879716.2798],[32564102.4667,5879659.3042],[32563981.7638,5879604.3279],[32563886.0512,5879562.8458],[32563789.339,5879525.8619],[32563689.3782,5879496.3751],[32563589.6675,5879473.3858]],[[32573401.1942,5873437.6356],[32573326.974,5873466.1254],[32573263.7498,5873520.6047],[32573211.2715,5873590.0779],[32573169.789,5873664.0492],[32573126.0575,5873748.0165],[32573090.5728,5873835.4823],[32573060.8358,5873925.447],[32573039.3456,5874018.4104],[32573010.6084,5874116.372],[32572982.8707,5874213.8337],[32572957.1323,5874311.7952],[32572933.3931,5874411.7558],[32572923.8983,5874515.7147],[32572932.1465,5874621.6725],[32572952.3899,5874728.1299],[32572980.6302,5874831.5884],[32573018.1166,5874925.5505],[32573066.3488,5875015.0143],[32573124.8268,5875099.4798],[32573192.3011,5875177.4479],[32573209.5457,5875280.4067],[32573208.7975,5875386.3646],[32573191.056,5875493.3224],[32573163.5683,5875596.282],[32573181.8124,5875691.244],[32573208.0533,5875786.7057],[32573241.5413,5875879.1684],[32573286.0249,5875966.633],[32573358.4972,5876038.1036],[32573453.2103,5876085.5833],[32573558.9188,5876116.5694],[32573665.8767,5876135.5602],[32573778.8319,5876135.0587],[32573893.0365,5876120.0629],[32574004.242,5876091.0728],[32574111.6988,5876050.5872],[32574216.6574,5876060.5817],[32574320.3666,5876082.0716],[32574421.327,5876113.0577],[32574518.0393,5876156.539],[32574600.0069,5876162.5354],[32574682.974,5876164.0335],[32574765.9411,5876160.5337],[32574848.1583,5876148.0374],[32574903.1363,5876129.5439],[32574955.3652,5876102.054],[32575001.5964,5876066.0676],[32575040.0805,5876022.5843],[32575060.5713,5875946.6142],[32575054.0728,5875865.6464],[32575032.5802,5875783.1795],[32575005.09,5875705.2109],[32574945.8618,5875589.7576],[32574872.6393,5875480.802],[32574791.4201,5875379.3435],[32574704.953,5875281.3837],[32574624.4837,5875189.9212],[32574542.265,5875100.458],[32574459.7964,5875010.495],[32574377.3279,5874923.031],[32574286.8625,5874831.0689],[32574194.6478,5874742.6054],[32574102.1832,5874653.6421],[32574012.7174,5874562.6796],[32573950.2412,5874491.2089],[32573894.7621,5874416.7393],[32573843.2814,5874337.2717],[32573799.7975,5874255.3049],[32573778.5544,5874145.8487],[32573794.2966,5874031.8937],[32573833.0297,5873918.9379],[32573880.7593,5873811.4799],[32573856.5177,5873728.0134],[32573815.0331,5873651.0446],[32573759.3042,5873582.5726],[32573692.8299,5873529.5947],[32573624.8563,5873491.111],[32573553.1343,5873461.6238],[32573477.1641,5873443.1323],[32573401.1942,5873437.6356]],[[32586735.9735,5878498.4261],[32586653.0066,5878505.9244],[32586573.5386,5878537.4131],[32586498.3191,5878582.8961],[32586429.847,5878635.3763],[32586380.6173,5878690.855],[32586342.1335,5878755.8298],[32586314.6454,5878826.3023],[32586300.1521,5878900.2731],[32586229.6811,5878973.745],[32586154.212,5879042.2189],[32586074.7445,5879104.6953],[32585992.278,5879164.173],[32585941.7987,5879213.1543],[32585891.5694,5879261.6358],[32585844.0889,5879312.1165],[32585798.8576,5879366.0957],[32585768.3708,5879445.5646],[32585774.6196,5879537.0282],[32585800.8605,5879631.9901],[32585833.3489,5879722.4537],[32585894.8255,5879800.9216],[32585978.5431,5879861.3964],[32586075.2554,5879907.3767],[32586174.9663,5879942.3613],[32586311.9121,5879955.3541],[32586450.107,5879942.3572],[32586588.3017,5879911.3674],[32586722.4979,5879871.3812],[32586841.4508,5879878.8765],[32586960.4037,5879893.8687],[32587077.3576,5879917.8574],[32587192.0626,5879952.8418],[32587269.0324,5879979.3302],[32587344.7528,5880009.8169],[32587416.4748,5880048.3006],[32587482.1994,5880095.7807],[32587590.4063,5880090.7811],[32587695.614,5880049.7958],[32587797.0729,5879988.3186],[32587891.5344,5879921.8436],[32587953.0089,5879836.3766],[32587990.7425,5879734.4165],[32588007.4843,5879624.4599],[32588009.2321,5879516.5027],[32588009.9806,5879425.5388],[32588006.4807,5879335.5746],[32587996.2335,5879246.1103],[32587974.7409,5879160.1447],[32587942.2528,5879088.6736],[32587898.7691,5879023.2002],[32587846.0393,5878965.7239],[32587787.3119,5878916.2444],[32587726.5853,5878863.7661],[32587665.109,5878813.2871],[32587601.3837,5878765.8069],[32587534.6596,5878723.3248],[32587414.9565,5878681.3432],[32587294.004,5878641.8607],[32587174.301,5878602.878],[32587053.5984,5878565.8945],[32586974.6294,5878542.405],[32586895.9104,5878522.4142],[32586815.9419,5878506.9215],[32586735.9735,5878498.4261]],[[32559573.5833,5901867.5444],[32559498.3632,5901869.045],[32559422.3935,5901878.5423],[32559352.1717,5901901.0344],[32559292.9458,5901940.5196],[32559242.467,5902017.4898],[32559217.7282,5902109.9534],[32559210.9824,5902210.4135],[32559213.4828,5902308.3746],[32559247.4712,5902439.8218],[32559305.7,5902564.2715],[32559379.9222,5902681.7237],[32559462.1412,5902794.6775],[32559576.3478,5902924.6242],[32559703.549,5903043.575],[32559837.7473,5903154.5289],[32559979.1927,5903257.4859],[32560152.3758,5903386.9318],[32560327.3082,5903515.3781],[32560505.7392,5903639.826],[32560685.9194,5903761.275],[32560772.3859,5903817.7513],[32560861.1015,5903873.7277],[32560953.8153,5903918.2086],[32561052.7764,5903943.1972],[32561144.74,5903954.6913],[32561238.7026,5903948.6922],[32561331.9153,5903928.199],[32561421.1294,5903895.7106],[32561474.3579,5903868.2207],[32561525.587,5903834.7332],[32561569.8189,5903793.7489],[32561601.0558,5903745.2677],[32561615.5492,5903689.2897],[32561617.0477,5903629.8133],[32561607.3007,5903570.8369],[32561590.8065,5903515.859],[32561567.3147,5903440.3894],[32561541.8237,5903366.4192],[32561512.3344,5903292.9488],[32561479.5963,5903222.9771],[32561388.3809,5903111.023],[32561271.9259,5903022.0601],[32561141.4765,5902946.0923],[32561012.0269,5902874.1228],[32560876.8288,5902751.1737],[32560741.6307,5902628.7244],[32560606.4326,5902506.7749],[32560471.2345,5902385.825],[32560363.7757,5902288.8652],[32560256.5669,5902191.9053],[32560149.1081,5902095.9451],[32560042.649,5902000.4846],[32559941.1883,5901933.5127],[32559823.4845,5901893.5304],[32559697.5342,5901873.5402],[32559573.5833,5901867.5444]]],"crs":{"type":"EPSG","properties":{"code":4647}}},"properties":{"fl_nr":1806,"NRKART":26,"NRKARTTXT":"26","KLARTEXT":"Podsole aus Flugsanden ueber glazifluviatilen Sanden; in Senkenbereichen Gley-Podsole aus Flugsanden ueber glazifluviatilen Sanden; in Taelern Gleye aus periglazialen Decken ueber glazifluviatilen Sanden","BULAND":null}}]}