{"type": "FeatureCollection","features":[{"type":"Feature","geometry":{"type":"MultiPolygon","coordinates":[[[[32589199.2902,5883530.4487],[32589197.1662,5883644.7202],[32589197.0383,5883644.5784],[32589153.3039,5883616.7682],[32589129.2664,5883604.275],[32589114.6943,5883596.7014],[32589108.763,5883586.9957],[32589111.9982,5883558.9569],[32589115.2335,5883544.9375],[32589120.6255,5883533.0749],[32589133.0273,5883530.3788],[32589155.0369,5883537.5239],[32589166.1984,5883538.2635],[32589176.6324,5883537.8218],[32589192.3288,5883534.1772],[32589199.2902,5883530.4487]]],[[[32567199.6104,5872574.7193],[32567199.4795,5872574.9143],[32567186.4754,5872594.2876],[32567175.6987,5872607.7944],[32567144.3744,5872636.1012],[32567121.6645,5872652.4232],[32567101.0552,5872664.4472],[32567056.2927,5872679.9265],[32567028.4331,5872686.6155],[32567030.0293,5872572.1608],[32567199.6104,5872574.7193]]],[[[32568125.3381,5872588.6859],[32568124.7953,5872589.9501],[32568118.5263,5872613.0424],[32568106.5315,5872642.5309],[32568098.285,5872657.5251],[32568088.2891,5872670.5201],[32568076.294,5872680.0165],[32568063.0493,5872687.0139],[32568049.055,5872692.0121],[32568034.3108,5872695.0111],[32568019.3168,5872696.011],[32568003.8229,5872695.0116],[32567972.5852,5872687.0152],[32567957.3411,5872680.0182],[32567890.1172,5872641.0347],[32567867.2868,5872621.9038],[32567843.8398,5872600.6528],[32567833.4158,5872585.2154],[32567832.6664,5872584.2703],[32568125.3381,5872588.6859]]],[[[32567007.8245,5874165.5581],[32567014.2409,5874165.0505],[32567053.4701,5874172.439],[32567077.9605,5874184.4339],[32567089.4561,5874193.9299],[32567100.4519,5874205.925],[32567110.4481,5874219.9193],[32567126.9421,5874253.9055],[32567137.6884,5874293.3897],[32567140.6875,5874314.3813],[32567140.188,5874336.3726],[32567135.6901,5874359.3635],[32567117.1981,5874407.8445],[32567061.4717,5874516.8021],[32567050.2263,5874531.7963],[32567027.7356,5874554.2877],[32567004.2494,5874568.9669],[32567002.1921,5874569.7371],[32567007.8245,5874165.5581]]],[[[32566913.9504,5886698.4653],[32566882.6133,5886725.9947],[32566832.1147,5886770.3574],[32566840.5711,5886164.3178],[32566893.1164,5886209.5376],[32566921.5422,5886234.0005],[32566948.4305,5886257.1402],[32566992.1637,5886296.6239],[32567008.9073,5886314.6165],[32567023.9017,5886334.6083],[32567045.5792,5886373.8584],[32567056.3897,5886401.0814],[32567066.1364,5886441.5652],[32567067.1363,5886458.5584],[32567064.3876,5886472.0531],[32567062.0616,5886476.1236],[32567058.3901,5886482.549],[32567049.1439,5886490.546],[32567038.1483,5886496.5437],[32567025.9032,5886501.0421],[32566980.9212,5886512.5382],[32566958.1804,5886524.5338],[32566935.4397,5886543.0268],[32566925.1939,5886554.0226],[32566916.4476,5886567.0175],[32566909.4505,5886580.5123],[32566905.2024,5886597.0058],[32566903.7033,5886615.4984],[32566905.953,5886653.9831],[32566913.9504,5886698.4653]]],[[[32589396.2151,5872935.5936],[32589382.9633,5873648.5597],[32589382.9554,5873648.5423],[32589373.1862,5873642.7556],[32589362.1582,5873634.7594],[32589334.6523,5873607.0959],[32589307.1834,5873575.7821],[32589291.8906,5873558.3487],[32589280.6448,5873541.8554],[32589262.6514,5873502.8712],[32589251.4053,5873459.3886],[32589247.1564,5873416.4057],[32589250.4045,5873376.4215],[32589260.1501,5873335.4377],[32589267.2312,5873311.1108],[32589281.3907,5873262.4663],[32589289.6368,5873221.9823],[32589294.124,5873205.4016],[32589304.3802,5873167.5037],[32589307.3787,5873146.0122],[32589306.129,5873127.5195],[32589299.8811,5873100.0305],[32589291.6341,5873082.0378],[32589280.3883,5873065.0447],[32589275.9083,5873054.6668],[32589272.8631,5873038.2903],[32589270.6885,5873019.8083],[32589269.6523,5872974.6163],[32589268.7101,5872933.5215],[32589268.6967,5872933.3733],[32589396.2151,5872935.5936]]],[[[32589099.9893,5888866.7705],[32589099.9122,5888866.7738],[32589086.4543,5888874.2253],[32589068.1605,5888879.5029],[32589046.4517,5888885.7656],[32588975.7304,5888930.249],[32588960.7365,5888943.7439],[32588953.9894,5888956.239],[32588951.2409,5888984.7277],[32588946.9929,5889006.2193],[32588942.4948,5889016.2154],[32588935.7476,5889025.2119],[32588926.5014,5889033.2089],[32588914.2563,5889039.2067],[32588898.7625,5889043.2053],[32588843.2847,5889050.2034],[32588805.5497,5889051.7033],[32588770.8134,5889050.2044],[32588741.0751,5889043.7075],[32588727.5804,5889037.2103],[32588714.8353,5889028.7138],[32588703.5897,5889018.718],[32588694.3432,5889007.2227],[32588687.3458,5888995.2276],[32588682.8474,5888982.2328],[32588681.5977,5888969.7378],[32588684.2939,5888951.7704],[32588691.3433,5888930.2533],[32588705.3374,5888904.7632],[32588722.8301,5888882.2719],[32588741.3225,5888865.2784],[32588749.8191,5888861.2798],[32588757.566,5888859.7803],[32588765.3129,5888860.28],[32588775.7742,5888863.1273],[32588807.5463,5888871.7748],[32588816.0429,5888871.7747],[32588831.5367,5888868.2758],[32588845.2812,5888861.2784],[32588854.8699,5888854.9666],[32588865.0232,5888848.2833],[32588910.5049,5888831.2893],[32588923.9994,5888824.2919],[32588977.4776,5888783.3074],[32589001.218,5888768.313],[32589018.2111,5888762.8149],[32589046.9497,5888757.3167],[32589063.4431,5888749.3119],[32589068.9399,5888743.368],[32589071.6895,5888734.8252],[32589071.4394,5888718.8316],[32589065.6915,5888707.8361],[32589060.4435,5888703.8377],[32589053.9461,5888700.839],[32589036.453,5888697.3407],[32588955.7349,5888687.3459],[32588936.2425,5888680.8487],[32588922.2479,5888670.8529],[32588909.5028,5888655.3593],[32588899.5064,5888633.868],[32588896.2575,5888620.8732],[32588893.5082,5888590.3853],[32588894.0078,5888575.3913],[32588898.0058,5888546.4027],[32588910.0005,5888507.4181],[32588931.0958,5888464.5227],[32588939.9877,5888446.4418],[32588950.2332,5888417.953],[32588954.9809,5888387.465],[32588954.1806,5888354.9398],[32588953.4806,5888326.4893],[32588956.2289,5888279.0081],[32588960.9767,5888256.517],[32588969.2231,5888236.5248],[32588981.2181,5888220.0312],[32589040.4438,5888162.5531],[32589062.1342,5888143.4935],[32589088.2321,5888125.2914],[32589114.1161,5888103.0668],[32589114.2016,5888103.1162],[32589099.9893,5888866.7705]]],[[[32567014.1856,5888446.2691],[32567003.6396,5888441.6951],[32566993.4436,5888437.2729],[32566964.1128,5888421.6799],[32566953.959,5888416.2819],[32566949.2109,5888415.7821],[32566944.9626,5888417.2816],[32566941.2141,5888421.2801],[32566938.4653,5888427.7775],[32566936.9662,5888450.7684],[32566942.2146,5888485.7544],[32566947.2129,5888505.2466],[32566961.9577,5888547.2297],[32566982.95,5888588.7129],[32567018.9365,5888642.1911],[32567036.18,5888670.6795],[32567047.9258,5888699.168],[32567053.9239,5888733.1544],[32567054.5129,5888784.0385],[32567054.9247,5888819.62],[32567060.6728,5888848.6084],[32567067.1705,5888862.103],[32567088.6623,5888889.5917],[32567117.9012,5888919.5794],[32567182.3765,5888980.0544],[32567191.1232,5888991.0499],[32567205.3679,5889016.0397],[32567214.3646,5889039.5303],[32567216.8639,5889058.0229],[32567215.6145,5889065.0201],[32567208.8674,5889078.0151],[32567193.4367,5889097.8318],[32567185.1272,5889108.5033],[32567177.6304,5889122.4978],[32567168.8842,5889145.9886],[32567166.2061,5889156.5169],[32567161.6375,5889174.4774],[32567151.6416,5889187.4724],[32567144.8944,5889192.4705],[32567137.3974,5889195.9692],[32567128.9007,5889196.4692],[32567108.941,5889188.598],[32567093.4146,5889182.4752],[32567002.7001,5889150.9891],[32566969.2132,5889134.9959],[32566959.9668,5889129.4983],[32566951.47,5889122.0014],[32566943.9729,5889111.5057],[32566937.4752,5889096.5117],[32566932.7268,5889076.0199],[32566926.4785,5889019.0427],[32566918.2309,5888962.5652],[32566912.7328,5888937.0755],[32566898.7377,5888893.0931],[32566889.7412,5888875.0887],[32566879.7452,5888860.5739],[32566858.5041,5888839.5276],[32566848.5083,5888831.5041],[32566838.5125,5888825.9808],[32566820.0202,5888820.4537],[32566811.5236,5888820.4486],[32566803.4809,5888822.4475],[32566825.9819,5887209.875],[32566834.9863,5887215.4577],[32566881.9289,5887253.4071],[32566913.9587,5887283.7327],[32567006.4236,5887389.6892],[32566938.6041,5887436.8092],[32566910.9624,5887460.6624],[32566895.4689,5887485.1529],[32566884.9735,5887512.1423],[32566874.2283,5887551.6267],[32566871.9794,5887565.6212],[32566872.9795,5887599.6077],[32566878.7277,5887637.5925],[32566890.7237,5887689.5717],[32566902.7194,5887722.5584],[32566920.7129,5887761.0428],[32566963.9469,5887845.0088],[32566966.9459,5887858.0036],[32566966.6963,5887881.4943],[32566958.4857,5887911.0542],[32566954.2019,5887926.4766],[32566954.2021,5887934.4734],[32566958.2007,5887948.9676],[32566961.4495,5887954.9651],[32566969.9462,5887962.462],[32566974.4444,5887963.9614],[32567006.6817,5887962.9613],[32567013.9288,5887964.4606],[32567027.4236,5887972.4572],[32567040.6686,5887992.4491],[32567059.4118,5888039.9299],[32567067.4091,5888070.4177],[32567069.1586,5888081.9131],[32567067.9092,5888090.4097],[32567062.9113,5888097.407],[32567055.4143,5888103.4047],[32567039.6537,5888112.3314],[32567027.1758,5888119.3988],[32567019.4289,5888125.8963],[32567014.1811,5888133.3934],[32567011.4323,5888141.3903],[32567010.6828,5888156.8841],[32567015.1813,5888171.8781],[32567028.4263,5888193.8692],[32567041.6713,5888209.3628],[32567049.6682,5888217.3595],[32567058.165,5888225.856],[32567067.1615,5888234.8523],[32567093.6515,5888268.8384],[32567100.8989,5888284.3321],[32567106.8968,5888302.3249],[32567116.6437,5888362.3009],[32567118.8935,5888404.784],[32567116.8943,5888411.2814],[32567111.1467,5888416.7793],[32567102.9,5888421.2777],[32567076.7769,5888429.6748],[32567060.9169,5888434.7729],[32567038.9257,5888444.7693],[32567026.4307,5888446.7687],[32567014.1856,5888446.2691]]],[[[32589120.0068,5887791.1902],[32589119.9165,5887791.1965],[32589085.7527,5887777.0758],[32589063.2378,5887767.7698],[32589045.436,5887753.7155],[32589001.2028,5887697.7384],[32588998.9534,5887681.7448],[32588999.203,5887659.2538],[32589006.1999,5887633.264],[32589013.1969,5887620.7689],[32588988.2109,5887606.7772],[32588969.4639,5887596.2792],[32588875.7503,5887539.3033],[32588791.0333,5887492.3232],[32588755.2972,5887475.3305],[32588629.8463,5887421.8537],[32588557.0621,5887393.1514],[32588523.3879,5887379.872],[32588493.8994,5887362.8792],[32588469.4089,5887344.8867],[32588453.415,5887327.3939],[32588440.1699,5887301.4044],[32588401.889,5887202.9721],[32588392.9369,5887179.9534],[32588378.1923,5887149.4657],[32588360.6989,5887123.4763],[32588351.2025,5887112.9806],[32588341.7062,5887105.4838],[32588332.8798,5887101.19],[32588263.8913,5886989.0877],[32588284.7271,5886986.0321],[32588309.3239,5886986.9799],[32588358.9478,5887000.5252],[32588408.4283,5887011.5201],[32588454.4102,5887020.5158],[32588479.9001,5887023.5142],[32588494.6442,5887019.5156],[32588528.6305,5887003.0217],[32588553.8703,5886987.0276],[32588588.3562,5886962.037],[32588620.3433,5886945.5431],[32588640.835,5886939.0454],[32588650.5812,5886937.5458],[32588687.5664,5886935.5461],[32588714.8057,5886941.0435],[32588734.2981,5886949.5398],[32588763.2867,5886957.5362],[32588772.533,5886958.5356],[32588781.7794,5886959.5351],[32588802.9122,5886959.3354],[32588834.7583,5886959.0345],[32588858.499,5886965.0318],[32588890.9863,5886979.5255],[32588980.7014,5887026.5055],[32588993.9462,5887032.0031],[32589034.4303,5887044.4975],[32589057.921,5887048.9954],[32589077.1634,5887050.4945],[32589091.4077,5887048.9949],[32589103.4029,5887043.4969],[32589114.3984,5887033.5007],[32589118.8965,5887026.0036],[32589122.1451,5887017.0071],[32589123.6443,5887006.0115],[32589123.3942,5886992.5169],[32589118.3958,5886965.0279],[32589098.9027,5886904.0524],[32589095.9036,5886880.5618],[32589095.1535,5886859.0703],[32589096.4028,5886839.0782],[32589102.4904,5886808.1923],[32589106.648,5886787.0988],[32589107.1475,5886766.6069],[32589105.8978,5886757.1107],[32589100.3998,5886739.1179],[32589090.1536,5886724.124],[32589083.4062,5886718.1265],[32589067.4124,5886708.1307],[32589049.9193,5886701.6336],[32589033.1759,5886699.6346],[32589020.927,5886699.3922],[32589007.9359,5886699.1352],[32588982.6959,5886695.637],[32588967.9517,5886690.6392],[32588936.214,5886674.646],[32588923.2191,5886671.6474],[32588916.2219,5886672.1473],[32588908.2251,5886673.6468],[32588888.733,5886682.6435],[32588859.7448,5886700.6368],[32588847.9996,5886710.633],[32588813.2639,5886751.1175],[32588791.023,5886768.1111],[32588778.528,5886774.6087],[32588754.7875,5886778.6074],[32588733.7958,5886773.1099],[32588724.5494,5886767.6123],[32588715.5529,5886761.6148],[32588700.8436,5886748.0595],[32588690.0627,5886738.1245],[32588655.5758,5886698.6407],[32588638.0823,5886668.1531],[32588634.3336,5886654.1587],[32588635.333,5886641.1639],[32588644.3292,5886621.6715],[32588650.3267,5886614.6742],[32588666.0703,5886606.1773],[32588689.0611,5886602.1785],[32588717.2461,5886600.7759],[32588739.2911,5886599.6788],[32588782.7738,5886595.1799],[32588856.9942,5886582.6838],[32588883.2337,5886576.1859],[32588929.2152,5886561.691],[32588962.4518,5886547.6961],[32588974.9467,5886540.6987],[32588992.4396,5886528.2034],[32589002.4355,5886517.2076],[32589011.1818,5886499.7144],[32589016.9292,5886479.7223],[32589016.679,5886460.23],[32589013.1803,5886452.733],[32589007.4325,5886446.2357],[32588993.9211,5886436.9874],[32588969.3965,5886426.1323],[32588940.8013,5886413.4755],[32588919.9666,5886404.2537],[32588885.98,5886395.2578],[32588861.9895,5886393.259],[32588833.6539,5886393.42],[32588773.7745,5886393.7601],[32588763.0288,5886393.2604],[32588744.5361,5886389.2623],[32588716.7969,5886377.2675],[32588701.5528,5886368.2713],[32588687.0584,5886357.7757],[32588674.5632,5886345.2808],[32588665.3167,5886332.2862],[32588660.5684,5886318.2918],[32588659.5686,5886303.7976],[32588660.8179,5886290.3029],[32588664.3163,5886277.308],[32588669.814,5886265.3127],[32588677.5607,5886253.8172],[32588687.8065,5886243.821],[32588700.0515,5886235.3242],[32588714.5457,5886227.8269],[32588730.0395,5886222.3289],[32588745.5333,5886218.83],[32588761.277,5886217.3304],[32588794.7637,5886217.8297],[32588826.5551,5886221.4608],[32588836.2696,5886222.5703],[32588877.481,5886228.3243],[32588900.7219,5886234.3215],[32588923.7128,5886241.8182],[32588954.028,5886254.0517],[32589007.9299,5886275.8034],[32589074.4038,5886297.7937],[32589090.1477,5886300.7845],[32589105.6417,5886300.7739],[32589120.4541,5886294.13],[32589134.8409,5886279.0645],[32589148.4614,5886262.2655],[32589120.0068,5887791.1902]],[[32588601.1037,5887145.464],[32588593.3568,5887144.4645],[32588586.3596,5887146.4638],[32588574.3645,5887154.9606],[32588564.6186,5887171.4542],[32588552.624,5887212.9379],[32588551.1248,5887231.4305],[32588553.3742,5887250.9228],[32588558.8723,5887271.4145],[32588566.8694,5887292.4061],[32588588.8613,5887332.3899],[32588614.3516,5887367.3756],[32588642.8408,5887399.8622],[32588650.3379,5887406.3595],[32588666.5816,5887415.8555],[32588690.3223,5887423.3522],[32588704.3168,5887425.851],[32588716.8118,5887425.8508],[32588728.0573,5887422.8518],[32588738.3032,5887417.8536],[32588747.5494,5887411.3561],[32588764.7923,5887393.8628],[32588781.0356,5887373.3707],[32588794.0301,5887350.8794],[32588801.5268,5887326.8888],[32588802.5262,5887314.3938],[32588801.7763,5887301.8988],[32588798.2775,5887288.904],[32588792.7795,5887277.9084],[32588785.5323,5887269.9117],[32588776.2859,5887264.414],[32588765.79,5887260.9156],[32588740.7999,5887258.417],[32588726.8055,5887257.9174],[32588698.8165,5887256.9182],[32588687.8208,5887252.9199],[32588678.8243,5887247.4223],[32588665.3295,5887231.4288],[32588653.6855,5887206.5682],[32588646.8363,5887191.9448],[32588633.8411,5887171.4531],[32588625.8442,5887162.4568],[32588609.3505,5887148.9624],[32588601.1037,5887145.464]]],[[[32567026.2938,5872840.2175],[32567043.9577,5872842.3032],[32567058.1998,5872846.9653],[32567069.1955,5872853.9624],[32567077.9422,5872862.4589],[32567095.0295,5872890.845],[32567108.9306,5872913.938],[32567136.8269,5872969.2288],[32567170.4079,5873030.8906],[32567179.9042,5873039.8869],[32567191.6497,5873044.8847],[32567204.6445,5873045.8842],[32567218.1392,5873044.3846],[32567231.6337,5873039.8861],[32567244.1287,5873034.8879],[32567274.1166,5873016.3948],[32567328.3447,5872988.4051],[32567379.0743,5872968.4123],[32567406.5633,5872959.4155],[32567462.5409,5872947.4194],[32567488.0308,5872944.92],[32567512.2712,5872944.9197],[32567534.7623,5872946.4187],[32567556.2538,5872949.917],[32567596.4881,5872961.4119],[32567615.7305,5872968.9086],[32567650.467,5872986.4011],[32567728.1869,5873034.8807],[32567745.6801,5873042.8773],[32567762.6734,5873048.3749],[32567777.1677,5873050.3738],[32567789.9126,5873049.374],[32567801.6579,5873046.3751],[32567845.8901,5873028.3816],[32567872.8794,5873022.3835],[32567902.8674,5873018.8845],[32567934.8548,5873018.884],[32567967.092,5873023.8815],[32567985.5848,5873029.8789],[32568032.5665,5873050.8698],[32568084.5462,5873077.8583],[32568149.0212,5873116.8419],[32568164.0155,5873128.3371],[32568177.5103,5873141.8315],[32568189.5058,5873157.3252],[32568200.2517,5873174.3183],[32568216.7457,5873212.303],[32568227.2421,5873252.2869],[32568229.7414,5873272.7788],[32568229.7417,5873294.2702],[32568223.9946,5873337.2532],[32568218.9969,5873358.7448],[32568206.0026,5873397.7295],[32568189.7595,5873432.216],[32568178.5142,5873450.2091],[32568122.9881,5873522.8777],[32568091.0504,5873563.6653],[32568078.0557,5873576.1605],[32568047.0111,5873600.5641],[32567967.1008,5873652.132],[32567945.8593,5873662.6282],[32567923.1184,5873668.6261],[32567899.6278,5873671.1255],[32567875.6373,5873670.626],[32567809.1635,5873661.1308],[32567764.4311,5873651.6352],[32567623.2265,5873610.523],[32567450.3043,5873560.1762],[32567399.0745,5873549.6812],[32567366.0875,5873548.1823],[32567353.0927,5873550.1817],[32567331.3514,5873558.1788],[32567313.6086,5873572.6733],[32567305.8619,5873582.6695],[32567298.6149,5873593.6652],[32567285.3705,5873621.1545],[32567267.1934,5873668.0992],[32567259.6316,5873687.6285],[32567251.8849,5873703.1224],[32567242.3888,5873714.1182],[32567231.8931,5873721.6154],[32567209.1522,5873728.6129],[32567198.1566,5873729.1129],[32567178.1645,5873727.114],[32567139.1798,5873721.117],[32567128.684,5873721.6169],[32567108.9419,5873727.115],[32567099.9456,5873733.6126],[32567089.4499,5873744.1086],[32567012.3871,5873838.1505],[32567026.2938,5872840.2175]]],[[[32588434.1739,5872918.8431],[32588434.924,5872919.9732],[32588458.3276,5872951.1771],[32588474.7531,5872984.0269],[32588470.0605,5873002.7984],[32588447.895,5873030.5061],[32588401.7368,5873038.5685],[32588378.2462,5873046.0659],[32588357.7545,5873056.0623],[32588340.7614,5873070.057],[32588313.7726,5873106.0431],[32588285.0347,5873155.0241],[32588264.7934,5873200.0065],[32588250.7996,5873247.4879],[32588232.8079,5873333.9538],[32588225.5611,5873356.9448],[32588213.5662,5873376.4372],[32588207.8114,5873381.9937],[32588199.0721,5873390.4319],[32588187.8268,5873403.9267],[32588173.083,5873430.9162],[32588167.8353,5873451.4082],[32588146.8442,5873567.3687],[32588145.7521,5873573.4017],[32588141.5978,5873596.351],[32588134.8507,5873615.8434],[32588119.3572,5873642.3331],[32588099.3655,5873665.3243],[32588085.871,5873674.3209],[32588076.2058,5873678.4931],[32588051.135,5873689.3155],[32588044.6376,5873694.3136],[32588040.8892,5873700.8111],[32588039.3899,5873707.8083],[32588040.6396,5873723.3022],[32588049.3865,5873753.2901],[32588068.3795,5873786.2767],[32588086.501,5873813.6595],[32588102.1168,5873837.256],[32588106.1153,5873845.2527],[32588111.1135,5873862.2459],[32588112.3633,5873879.2392],[32588109.3647,5873896.7323],[32588101.618,5873910.227],[32588088.2347,5873917.4521],[32588074.129,5873919.2239],[32588057.6355,5873918.7243],[32588040.6422,5873913.7266],[32588031.3958,5873909.7283],[32587988.1626,5873883.2394],[32587948.4281,5873861.7486],[32587923.9377,5873852.2527],[32587902.946,5873846.7552],[32587886.9523,5873845.7559],[32587877.9559,5873847.7552],[32587832.4262,5873861.5954],[32587825.2115,5873863.7885],[32587812.5327,5873867.6426],[32587764.5014,5873882.2432],[32587736.5126,5873885.7423],[32587704.7752,5873884.2433],[32587593.0693,5873868.2514],[32587487.361,5873849.2605],[32587426.6349,5873835.7668],[32587393.6479,5873825.2714],[32587367.9079,5873813.7764],[32587357.1621,5873807.7789],[32587340.9184,5873793.7847],[32587336.42,5873785.788],[32587334.6706,5873777.2914],[32587336.1699,5873769.2945],[32587339.9183,5873762.2973],[32587352.1633,5873751.8012],[32587374.6543,5873743.3043],[32587387.3992,5873741.8047],[32587449.3746,5873741.3039],[32587463.2634,5873738.4768],[32587505.852,5873729.8077],[32587548.5751,5873729.2913],[32587630.0527,5873728.3064],[32587652.7241,5873725.1561],[32587716.3544,5873716.3143],[32587766.7481,5873709.3118],[32587796.986,5873702.3142],[32587810.9804,5873694.8169],[32587815.7284,5873689.8188],[32587818.7271,5873683.8212],[32587819.7266,5873676.3241],[32587818.2271,5873667.3277],[32587814.4785,5873658.3314],[32587801.7333,5873640.3387],[32587793.2366,5873631.8422],[32587774.9936,5873618.8476],[32587749.8364,5873608.759],[32587679.0312,5873580.3644],[32587615.8058,5873547.3784],[32587541.8345,5873497.3994],[32587476.8596,5873445.9208],[32587451.3693,5873417.9323],[32587431.3768,5873387.4447],[32587367.9003,5873262.4953],[32587352.4061,5873236.006],[32587332.4137,5873212.0158],[32587317.4195,5873201.0204],[32587296.4277,5873190.0251],[32587271.6874,5873180.0295],[32587217.9584,5873161.5376],[32587156.2327,5873145.0451],[32587140.1087,5873141.6811],[32587058.0214,5873124.5547],[32587014.2886,5873112.0603],[32586995.296,5873104.0638],[32586979.3023,5873095.0676],[32586966.0574,5873085.0718],[32586955.0616,5873073.5765],[32586946.065,5873061.0816],[32586933.0698,5873033.5927],[32586924.8226,5873004.1045],[32586923.0731,5872987.6111],[32586926.0714,5872952.1252],[32586933.8179,5872919.6379],[32586941.4617,5872895.7058],[32586944.6141,5872892.9079],[32587429.4538,5872901.3496],[32587423.559,5872907.9402],[32587417.126,5872915.1324],[32587398.3838,5872942.122],[32587389.8875,5872965.113],[32587388.8882,5872987.1043],[32587393.8864,5873004.5973],[32587405.3822,5873031.5864],[32587405.6322,5873038.0838],[32587401.8839,5873054.5773],[32587385.3911,5873101.0591],[32587381.1432,5873128.5482],[32587384.1423,5873147.5407],[32587388.8905,5873155.5374],[32587396.1377,5873162.5345],[32587406.3837,5873168.0322],[32587432.6234,5873175.5288],[32587447.1177,5873178.0276],[32587476.8559,5873180.0264],[32587505.0947,5873179.0263],[32587528.8352,5873174.5278],[32587546.5781,5873168.5299],[32587559.8227,5873159.5332],[32587570.3183,5873144.539],[32587583.5626,5873108.0533],[32587592.8083,5873064.5704],[32587594.807,5873026.0857],[32587590.104,5872998.5391],[32587590.1035,5872958.9024],[32587591.8259,5872938.2295],[32587602.42,5872906.4458],[32587604.7201,5872904.4012],[32588434.1739,5872918.8431]]],[[[32567225.8748,5890076.1181],[32567233.622,5890092.6114],[32567248.6163,5890112.1034],[32567259.3622,5890121.5995],[32567272.1072,5890128.5965],[32567287.6011,5890132.5947],[32567304.0946,5890134.0939],[32567337.0815,5890133.0938],[32567369.3187,5890127.5955],[32567399.8065,5890118.5986],[32567456.0338,5890096.6065],[32567482.2734,5890090.1087],[32567506.7636,5890087.1095],[32567517.7592,5890087.1094],[32567528.505,5890089.6082],[32567538.751,5890094.6061],[32567557.2439,5890110.0997],[32567564.991,5890120.5954],[32567571.2387,5890131.5909],[32567578.4861,5890155.5813],[32567578.4863,5890168.0763],[32567575.4877,5890181.0712],[32567569.9901,5890195.0657],[32567554.2467,5890222.0552],[32567520.7606,5890265.4978],[32567508.0159,5890282.032],[32567489.2737,5890312.5202],[32567473.2806,5890348.0063],[32567467.0333,5890367.4987],[32567462.7853,5890387.9906],[32567460.7864,5890408.4825],[32567461.2865,5890427.4749],[32567464.2855,5890444.9679],[32567469.0339,5890461.4613],[32567483.7785,5890493.4484],[32567503.5211,5890523.4362],[32567526.7623,5890552.9241],[32567550.0034,5890576.9142],[32567569.93,5890595.0646],[32567575.2437,5890599.9047],[32567564.9982,5890626.3943],[32567554.2527,5890647.3861],[32567541.0082,5890662.3804],[32567533.7611,5890665.8791],[32567526.0142,5890667.3786],[32567498.2752,5890666.3794],[32567475.0345,5890669.8784],[32567461.5399,5890675.8762],[32567446.5627,5890684.313],[32567382.5719,5890720.3597],[32567345.0869,5890734.8545],[32567325.0949,5890739.8528],[32567217.8877,5890758.8468],[32567189.1492,5890766.844],[32567181.6522,5890770.3428],[32567165.7845,5890787.6894],[32567141.4188,5890814.3259],[32567117.9284,5890833.3187],[32567075.9454,5890857.8096],[32567046.9571,5890869.8052],[32567017.219,5890878.8021],[32566970.2377,5890887.7992],[32566921.7571,5890894.7971],[32566893.7682,5890897.2965],[32566853.0344,5890898.2967],[32566774.3761,5890908.2976],[32566798.76,5889160.7814],[32566801.3793,5889166.7948],[32566810.0179,5889186.627],[32566817.0172,5889197.9872],[32566826.2659,5889208.3272],[32566838.0135,5889217.6682],[32566852.2596,5889224.5511],[32566866.2551,5889229.4828],[32566908.7387,5889244.4533],[32566972.7135,5889256.4476],[32567020.1949,5889269.4418],[32567132.1511,5889314.922],[32567175.839,5889335.3558],[32567194.127,5889343.9096],[32567220.3667,5889348.9072],[32567237.3599,5889349.4068],[32567250.6047,5889347.9072],[32567260.6006,5889343.9086],[32567267.0979,5889336.4115],[32567268.8472,5889330.9136],[32567269.8466,5889316.9192],[32567266.5975,5889291.9292],[32567266.3473,5889273.4365],[32567272.3447,5889253.4444],[32567278.592,5889241.9489],[32567286.5887,5889231.4529],[32567315.623,5889203.6446],[32567322.0742,5889197.4659],[32567327.8218,5889189.9688],[32567332.9447,5889180.7223],[32567358.5588,5889134.4904],[32567373.7624,5889113.0258],[32567384.0482,5889098.5043],[32567390.2955,5889081.511],[32567391.045,5889071.515],[32567389.5455,5889061.0191],[32567385.297,5889049.024],[32567367.8035,5889021.5352],[32567342.813,5888990.5478],[32567313.5742,5888960.5602],[32567282.836,5888935.5706],[32567236.3541,5888908.582],[32567205.366,5888886.5912],[32567169.6298,5888856.1038],[32567158.384,5888842.1096],[32567152.3862,5888828.615],[32567149.1372,5888811.6218],[32567148.6268,5888778.644],[32567148.3869,5888763.1411],[32567139.8894,5888703.6649],[32567130.6425,5888665.1803],[32567121.1459,5888640.1904],[32567186.8705,5888684.6717],[32567222.6067,5888714.1595],[32567268.3144,5888770.012],[32567340.8119,5888858.6003],[32567389.5433,5888910.5789],[32567439.0244,5888957.0597],[32567469.7625,5888980.0501],[32567483.7571,5888987.547],[32567504.7489,5888996.0433],[32567520.9925,5889000.0414],[32567539.2353,5889002.0404],[32567548.7316,5889005.5388],[32567566.4747,5889014.535],[32567584.9675,5889027.0298],[32567580.8569,5889026.8277],[32567554.4796,5889025.5308],[32567533.4879,5889027.0305],[32567523.242,5889029.5297],[32567504.4996,5889039.526],[32567488.5062,5889057.0193],[32567475.5117,5889081.5097],[32567466.0159,5889111.9978],[32567457.7698,5889160.4786],[32567453.772,5889203.4616],[32567449.9349,5889213.3415],[32567432.0315,5889259.4396],[32567416.9639,5889303.4854],[32567412.54,5889316.4173],[32567401.5447,5889340.9077],[32567387.0508,5889364.8984],[32567370.3078,5889387.3897],[32567351.8154,5889406.8822],[32567330.0742,5889422.3764],[32567302.8352,5889434.372],[32567286.3418,5889438.3707],[32567246.6076,5889443.8691],[32567176.6354,5889444.8697],[32567150.3406,5889442.3936],[32567086.421,5889436.3744],[32567038.1901,5889434.8757],[32566987.96,5889436.8757],[32566964.7193,5889439.375],[32566944.7273,5889443.8735],[32566927.7341,5889450.871],[32566913.24,5889461.8668],[32566901.245,5889475.3617],[32566883.7523,5889502.851],[32566874.2564,5889525.3422],[32566956.973,5889486.8563],[32566983.9622,5889476.8598],[32567007.7027,5889472.3613],[32567087.1712,5889472.8599],[32567111.9115,5889475.8583],[32567169.6387,5889487.8527],[32567185.9697,5889511.1261],[32567211.373,5889547.3285],[32567159.6434,5889538.3328],[32567121.4086,5889536.3342],[32567084.6731,5889537.3343],[32567051.9362,5889540.3336],[32566997.4579,5889550.3304],[32566963.6295,5889557.95],[32566941.9801,5889562.8263],[32566885.7526,5889577.8212],[32566838.0533,5889592.6417],[32566814.5367,5889599.9485],[32566841.778,5889607.0545],[32566865.2731,5889617.2693],[32566889.79,5889642.807],[32566951.0823,5889718.3986],[32566990.9221,5889753.1296],[32567044.0414,5889769.4732],[32567076.7443,5889776.2858],[32567095.4222,5889769.242],[32567106.6676,5889762.2446],[32567127.909,5889745.251],[32567151.8991,5889719.261],[32567158.941,5889709.3773],[32567180.3872,5889679.2765],[32567193.8817,5889670.2799],[32567201.6286,5889669.7799],[32567208.6259,5889671.2792],[32567218.1222,5889677.7765],[32567226.4395,5889697.1323],[32567231.8672,5889709.7636],[32567241.1137,5889717.2605],[32567254.3585,5889721.2587],[32567270.1023,5889723.2577],[32567287.5953,5889723.2574],[32567296.5917,5889721.7579],[32567305.5881,5889720.2583],[32567347.0715,5889708.2625],[32567364.8145,5889705.7632],[32567375.5602,5889705.7631],[32567398.801,5889709.7611],[32567410.0466,5889713.2596],[32567420.5425,5889718.7572],[32567429.5391,5889725.7543],[32567443.2839,5889741.7478],[32567447.7822,5889750.2443],[32567450.5312,5889760.2403],[32567451.2813,5889784.2308],[32567445.0342,5889817.2177],[32567438.0373,5889835.7105],[32567427.7916,5889851.7043],[32567415.5466,5889865.6989],[32567390.3069,5889886.1911],[32567370.0651,5889897.6869],[32567361.8422,5889895.6567],[32567313.0188,5889883.6023],[32567289.0969,5889877.696],[32567248.6128,5889864.7018],[32567204.88,5889853.7068],[32567188.6364,5889852.2076],[32567175.6416,5889855.2066],[32567165.6456,5889861.2044],[32567157.8988,5889870.2009],[32567152.4012,5889880.6968],[32567148.9027,5889892.6921],[32567146.2922,5889921.8337],[32567141.157,5889979.1579],[32567133.219,5890011.5874],[32567129.4124,5890027.139],[32567129.1626,5890039.634],[32567131.9117,5890053.1286],[32567137.9096,5890067.6227],[32567148.6554,5890075.1196],[32567162.4,5890076.6188],[32567190.8886,5890073.1198],[32567197.8859,5890073.1197],[32567204.8831,5890073.1196],[32567212.6576,5890074.2301],[32567220.2776,5890075.3186],[32567225.8748,5890076.1181]]],[[[32568122.4364,5893428.0781],[32568121.8173,5893431.771],[32568101.825,5893421.2755],[32568085.5814,5893417.7771],[32568078.0844,5893419.7764],[32568072.0869,5893425.2743],[32568068.5884,5893433.2712],[32568067.339,5893441.7679],[32568068.0888,5893451.2641],[32568072.8372,5893469.7566],[32568077.2359,5893481.7524],[32568081.0843,5893492.2476],[32568082.5839,5893505.7422],[32568079.0856,5893528.7331],[32568073.5324,5893542.3151],[32568065.5913,5893551.7242],[32568054.3458,5893558.7216],[32568033.6041,5893565.2193],[32568013.862,5893569.218],[32567999.6178,5893576.2154],[32567979.3761,5893595.2082],[32567969.6301,5893610.2023],[32567967.631,5893617.6994],[32567968.8806,5893624.6966],[32567972.1295,5893631.194],[32567983.3751,5893642.1894],[32568000.6185,5893654.6842],[32568008.9147,5893664.7213],[32568020.8608,5893679.1742],[32568027.6082,5893683.6723],[32568035.1053,5893685.6714],[32568038.7806,5893684.3741],[32568043.6018,5893682.6724],[32568053.3479,5893674.1757],[32568097.0799,5893631.1921],[32568123.3192,5893611.1997],[32568172.5493,5893581.7107],[32568250.8551,5893541.5045],[32568256.2655,5893538.7265],[32568300.2484,5893565.7151],[32568338.9833,5893585.2068],[32568357.726,5893592.2038],[32568374.2195,5893596.2019],[32568443.9419,5893600.1993],[32568462.1847,5893603.6977],[32568470.6814,5893607.1961],[32568483.6764,5893617.192],[32568491.6734,5893632.1859],[32568494.1725,5893640.6825],[32568495.4223,5893658.6753],[32568492.1737,5893668.6714],[32568484.6768,5893678.1677],[32568459.687,5893697.6604],[32568429.6992,5893714.654],[32568402.71,5893727.1495],[32568391.2147,5893731.1481],[32568367.4741,5893736.1464],[32568338.8607,5893737.6462],[32568310.2469,5893739.1461],[32568282.508,5893745.1441],[32568204.7891,5893768.1361],[32568188.0458,5893773.6342],[32568171.3026,5893779.1322],[32568157.4699,5893786.1756],[32568151.8105,5893791.1277],[32568147.0625,5893799.1246],[32568144.8135,5893808.1211],[32568146.3131,5893826.6137],[32568151.5613,5893844.1067],[32568155.2273,5893850.9496],[32568166.8055,5893860.1001],[32568174.3026,5893862.599],[32568191.5457,5893864.0982],[32568211.038,5893861.5989],[32568241.0259,5893852.1022],[32568284.7583,5893834.1087],[32568310.7479,5893825.6117],[32568413.9567,5893802.6193],[32568445.5801,5893789.8058],[32568471.9333,5893779.1278],[32568482.6791,5893781.6266],[32568487.6772,5893785.625],[32568491.1759,5893791.1227],[32568492.1756,5893797.6201],[32568488.6772,5893811.6146],[32568484.6218,5893819.1534],[32568428.4526,5893923.571],[32568386.7202,5893995.0432],[32568377.474,5894007.0386],[32568369.7272,5894013.5361],[32568353.2339,5894022.033],[32568344.2375,5894024.0323],[32568324.9951,5894025.0322],[32568292.5079,5894022.0339],[32568250.6955,5894009.7149],[32568236.5299,5894005.5413],[32568211.0399,5894000.5436],[32568185.3002,5894000.0442],[32568165.1064,5894005.5263],[32568154.5625,5894010.5405],[32568146.8157,5894017.038],[32568140.5682,5894024.5351],[32568133.3214,5894043.0279],[32568132.072,5894052.5241],[32568133.5717,5894072.0164],[32568144.8179,5894117.4981],[32568146.5674,5894130.4929],[32568141.5697,5894155.4831],[32568131.3241,5894176.9747],[32568121.828,5894190.9693],[32568090.3409,5894214.9602],[32568075.5969,5894228.9548],[32568073.098,5894234.4527],[32568074.3476,5894239.4507],[32568080.5388,5894243.6688],[32568085.3433,5894245.4481],[32568104.5857,5894246.9473],[32568136.8228,5894242.9484],[32568152.5665,5894237.9501],[32568179.0558,5894223.9553],[32568199.5476,5894215.9582],[32568213.542,5894212.4594],[32568244.2797,5894208.4605],[32568259.2738,5894208.4603],[32568273.2683,5894210.4593],[32568284.7637,5894214.4575],[32568299.7579,5894224.4533],[32568303.5065,5894230.4509],[32568305.006,5894236.4485],[32568304.5063,5894242.9459],[32568298.5089,5894256.9404],[32568287.2636,5894272.4344],[32568279.0169,5894278.4322],[32568269.5208,5894283.4303],[32568248.5292,5894290.4279],[32568229.5733,5894294.7138],[32568219.7907,5894296.9257],[32568198.9384,5894299.3263],[32568185.0545,5894300.9246],[32568177.3076,5894303.4237],[32568171.3101,5894307.4222],[32568167.3117,5894312.9201],[32568165.6337,5894334.9245],[32568165.063,5894342.4084],[32568160.815,5894358.4021],[32568150.5693,5894380.8933],[32568135.5755,5894397.387],[32568130.0778,5894407.3831],[32568130.5777,5894413.3807],[32568139.0746,5894426.8752],[32568144.8223,5894430.8736],[32568151.3198,5894432.3729],[32568166.5637,5894429.3738],[32568185.0562,5894421.3768],[32568420.4613,5894307.9184],[32568426.7094,5894351.401],[32568425.71,5894368.3943],[32568422.2116,5894379.3899],[32568408.4674,5894402.8808],[32568398.7214,5894414.8762],[32568387.476,5894425.3722],[32568374.7312,5894434.3688],[32568360.9867,5894441.3662],[32568345.2431,5894446.3645],[32568286.8443,5894460.6963],[32568223.042,5894476.3543],[32568211.2967,5894482.3521],[32568202.3004,5894490.3491],[32568195.8031,5894499.8454],[32568191.5549,5894510.3413],[32568189.3061,5894531.8328],[32568191.0556,5894541.8288],[32568194.5543,5894550.3254],[32568200.552,5894558.3221],[32568221.0441,5894574.3154],[32568268.5257,5894601.304],[32568281.5207,5894611.2998],[32568286.5188,5894617.2974],[32568293.0164,5894629.7923],[32568294.266,5894636.7895],[32568291.0175,5894651.2838],[32568286.0196,5894658.2811],[32568278.2727,5894663.2792],[32568267.7769,5894664.7788],[32568241.7871,5894660.281],[32568199.3038,5894646.7869],[32568174.5635,5894641.7893],[32568147.3243,5894638.2911],[32568133.0799,5894637.7915],[32568118.8356,5894637.2919],[32568105.3409,5894638.7915],[32568081.1006,5894645.2893],[32568062.3583,5894657.2848],[32568049.1137,5894674.2782],[32568044.3658,5894684.7741],[32568039.6495,5894702.3623],[32568036.8693,5894724.2585],[32568040.3684,5894759.7444],[32568050.365,5894797.2293],[32568060.1478,5894825.2909],[32568061.816,5894830.0762],[32568064.506,5894837.7924],[32567151.7223,5894823.9848],[32567154.1021,5894818.3512],[32567159.2186,5894806.2389],[32567191.2882,5894723.4375],[32567200.4507,5894699.7806],[32567206.6979,5894681.2879],[32567212.9452,5894662.7951],[32567218.4415,5894644.302],[32567225.2321,5894621.4539],[32567239.6833,5894572.8305],[32567252.1781,5894554.3376],[32567269.9203,5894535.3454],[32567287.6635,5894516.3522],[32567291.4119,5894508.3553],[32567293.1611,5894498.8591],[32567290.9117,5894476.8679],[32567281.1652,5894455.3766],[32567273.6681,5894446.88],[32567264.4216,5894440.3828],[32567253.426,5894436.3845],[32567240.4311,5894434.8853],[32567211.6925,5894437.8845],[32567197.6981,5894441.3833],[32567172.7569,5894449.9608],[32567142.4703,5894460.3766],[32567097.7382,5894469.3737],[32567056.2547,5894473.8725],[32566997.5223,5894487.176],[32566939.3015,5894500.3637],[32566906.0647,5894502.3634],[32566872.8278,5894498.8653],[32566839.8408,5894490.3691],[32566823.5971,5894484.3718],[32566807.1035,5894475.3756],[32566790.3641,5894463.157],[32566773.8842,5894448.4118],[32566725.6809,5894398.1225],[32566735.8278,5893670.9236],[32566772.6889,5893718.981],[32566790.0384,5893734.2784],[32566812.341,5893744.1671],[32566828.3347,5893747.1647],[32566859.8223,5893745.5577],[32566877.3153,5893744.665],[32566922.7973,5893749.1625],[32567001.0159,5893725.1709],[32567024.0066,5893712.6755],[32567034.7522,5893700.6802],[32567041.9991,5893685.686],[32567044.9977,5893667.1933],[32567041.9986,5893651.6995],[32567032.2523,5893640.2042],[32567016.2586,5893633.2072],[32566993.5184,5893630.3199],[32566921.7959,5893621.2134],[32566891.3078,5893612.2174],[32566880.8119,5893605.7202],[32566872.815,5893598.2233],[32566858.5703,5893577.2318],[32566852.3226,5893565.7365],[32566842.5761,5893541.2464],[32566836.8281,5893517.7558],[32566827.5809,5893450.7739],[32566820.8337,5893424.2492],[32566815.8357,5893413.239],[32566808.5888,5893403.721],[32566798.0933,5893396.6906],[32566785.5987,5893391.1517],[32566760.6094,5893384.5948],[32566739.8589,5893382.0292],[32566746.0379,5892939.2011],[32566794.5871,5892916.939],[32566803.3684,5892910.769],[32566811.5794,5892904.9997],[32566835.5697,5892895.0033],[32566856.0615,5892890.5048],[32566879.2082,5892889.0578],[32566909.7916,5892887.1459],[32566928.0329,5892886.0055],[32566993.2569,5892878.5076],[32567024.9943,5892873.0093],[32567034.2405,5892867.5113],[32567035.9898,5892863.0131],[32567035.7398,5892857.5153],[32567026.4928,5892813.0331],[32567017.246,5892779.0467],[32567009.9986,5892761.5538],[32567000.2523,5892743.5611],[32566974.0122,5892711.0744],[32566936.7765,5892678.5879],[32566903.5394,5892660.0957],[32566866.5539,5892648.101],[32566798.3308,5892633.108],[32566805.0409,5892640.2014],[32566824.0122,5892660.2562],[32566824.5706,5892660.8465],[32566850.8107,5892688.5852],[32566865.0554,5892710.5762],[32566870.0537,5892727.5694],[32566869.8039,5892735.5662],[32566867.305,5892742.5635],[32566862.5569,5892749.0609],[32566855.8097,5892754.0591],[32566847.563,5892759.0572],[32566807.0793,5892775.0514],[32566776.3467,5892789.1908],[32566751.1106,5892803.418],[32566747.902,5892805.6083],[32566772.9623,5891009.6171],[32566778.3185,5891009.5379],[32566810.66,5891013.5606],[32566811.3647,5891013.7235],[32566822.2982,5891016.2503],[32566828.2958,5891015.7504],[32566842.5401,5891012.2516],[32566856.5621,5891006.8994],[32566858.6655,5891006.0966],[32566875.277,5890999.7561],[32566886.0227,5890997.2569],[32566925.5529,5890992.9158],[32566949.7473,5890990.2588],[32566978.9856,5890983.7609],[32566988.9816,5890978.7628],[32566984.2337,5890996.2559],[32566981.735,5891014.7486],[32566982.2353,5891051.7339],[32566984.4847,5891069.2269],[32566991.4823,5891098.2152],[32566995.4809,5891107.7114],[32567000.9788,5891115.2083],[32567008.4759,5891122.2055],[32567027.4685,5891133.2008],[32567060.6283,5891144.7341],[32567073.4505,5891149.1938],[32567092.4431,5891157.6901],[32567193.5531,5891207.8184],[32567211.3968,5891216.6649],[32567243.1346,5891242.1543],[32567263.6267,5891262.1461],[32567281.1201,5891284.1371],[32567291.3663,5891304.6288],[32567295.6149,5891326.1202],[32567295.8652,5891350.1106],[32567293.8664,5891376.6001],[32567288.369,5891408.5875],[32567287.3696,5891424.5812],[32567289.119,5891431.0785],[32567293.1175,5891437.0761],[32567299.1152,5891442.074],[32567316.8583,5891448.0714],[32567338.5997,5891450.5701],[32567349.8452,5891450.5699],[32567359.8413,5891450.5698],[32567370.0872,5891450.5696],[32567399.0756,5891444.5716],[32567418.0679,5891435.0751],[32567434.3113,5891422.5798],[32567446.3063,5891406.586],[32567451.0543,5891396.5899],[32567461.5496,5891360.604],[32567463.7983,5891326.1177],[32567462.2987,5891315.6219],[32567454.5515,5891293.6307],[32567441.8062,5891270.1403],[32567425.0625,5891248.1492],[32567318.5058,5891141.82],[32567306.3579,5891129.6981],[32567301.1264,5891126.0029],[32567243.3822,5891085.2167],[32567192.4021,5891058.2282],[32567165.6624,5891042.2349],[32567139.9224,5891024.2425],[32567117.9308,5891005.2503],[32567106.9351,5890995.7543],[32567093.9401,5890986.758],[32567065.951,5890970.265],[32567032.9638,5890954.7716],[32567073.5288,5890935.4403],[32567171.408,5890888.7958],[32567235.9907,5890854.4999],[32567293.6086,5890826.8187],[32567333.8425,5890811.3242],[32567375.8257,5890799.8282],[32567395.3179,5890796.8291],[32567414.0604,5890794.8296],[32567455.2435,5890793.8294],[32567517.0196,5890792.3291],[32567612.9814,5890785.3304],[32567673.2185,5890773.9862],[32567689.9507,5890770.8351],[32567739.431,5890764.8367],[32567754.4256,5890767.8354],[32567781.9143,5890773.3327],[32567804.4053,5890773.8322],[32567830.736,5890767.1412],[32567851.3698,5890761.8978],[32567865.3809,5890758.3374],[32567970.1654,5890734.4719],[32567986.0827,5890730.8466],[32568010.8228,5890727.8474],[32568047.3084,5890729.8461],[32568088.542,5890728.3461],[32568115.7812,5890724.3473],[32568138.2363,5890719.0844],[32568139.2718,5890718.8491],[32568138.2724,5890735.3426],[32568132.0254,5890769.3291],[32568122.7793,5890789.3213],[32568103.2874,5890814.3117],[32568098.2896,5890826.8068],[32568097.7899,5890834.3038],[32568098.5397,5890843.3002],[32568103.288,5890858.794],[32568106.5368,5890864.2918],[32568112.0539,5890870.1397],[32568131.5273,5890890.7809],[32568137.525,5890899.7772],[32568146.022,5890921.2685],[32568148.5212,5890932.7639],[32568149.2712,5890954.7552],[32568147.522,5890963.7516],[32568141.7263,5890974.4814],[32568134.0804,5890988.6365],[32568124.5318,5891015.2315],[32568120.5337,5891031.2252],[32568114.2866,5891066.2114],[32568112.7875,5891084.7041],[32568113.2878,5891121.6894],[32568121.036,5891207.1553],[32568121.7862,5891242.1414],[32568118.7887,5891338.1033],[32568114.7912,5891403.5773],[32568110.7933,5891441.5622],[32568108.0752,5891453.9352],[32568103.5467,5891474.5492],[32568096.3,5891507.5362],[32568070.0612,5891560.0158],[32568043.8222,5891603.9987],[32568029.3282,5891623.9909],[32568014.8342,5891639.9848],[32567995.3443,5891659.2254],[32567975.8502,5891678.4701],[32567950.8604,5891698.9623],[32567937.3659,5891707.4591],[32567922.3719,5891713.9568],[32567905.6286,5891718.4552],[32567870.2703,5891722.2884],[32567828.6592,5891721.955],[32567774.1808,5891717.9574],[32567743.9427,5891713.4596],[32567707.7069,5891704.9635],[32567650.7292,5891684.9723],[32567597.2501,5891659.4832],[32567514.7824,5891629.9961],[32567288.8679,5891559.0101],[32567168.7021,5891521.2521],[32567121.6865,5891507.5506],[32567069.2071,5891494.5566],[32566977.2434,5891479.0641],[32566919.0164,5891474.0669],[32566893.7764,5891476.0665],[32566876.0335,5891482.0644],[32566869.5362,5891486.0629],[32566864.5382,5891491.5608],[32566860.2901,5891506.5549],[32566861.04,5891516.5509],[32566864.2888,5891526.5469],[32566870.5365,5891534.5436],[32566879.0332,5891541.5407],[32566900.5248,5891550.037],[32566924.0155,5891554.035],[32566965.9988,5891550.5358],[32566994.2376,5891550.5354],[32567036.471,5891555.5328],[32567166.6698,5891587.5182],[32567197.6577,5891599.0131],[32567207.6538,5891605.0106],[32567213.6515,5891611.5079],[32567216.6504,5891618.5051],[32567217.6501,5891627.0017],[32567214.1518,5891644.9946],[32567203.6562,5891660.9884],[32567196.1592,5891666.4863],[32567187.1628,5891669.9851],[32567135.6834,5891678.4825],[32567091.2012,5891687.9793],[32567053.7162,5891701.4745],[32567031.975,5891712.4705],[32567015.4817,5891724.466],[32567009.7341,5891730.4637],[32567005.236,5891740.4597],[32567005.7359,5891744.4582],[32567010.9838,5891748.4565],[32567020.73,5891748.9561],[32567040.4721,5891745.4572],[32567059.2147,5891744.9572],[32567089.4527,5891748.9551],[32567112.1938,5891757.4514],[32567122.9396,5891759.4505],[32567150.1788,5891761.9491],[32567175.3329,5891762.4485],[32567225.6489,5891763.4474],[32567279.3597,5891773.6238],[32567320.8972,5891785.7942],[32567341.8532,5891791.9343],[32567382.0875,5891806.428],[32567403.3292,5891817.4233],[32567418.2781,5891828.3511],[32567475.8012,5891870.4012],[32567496.7931,5891880.3969],[32567516.0355,5891886.3942],[32567537.2772,5891895.8901],[32567568.617,5891913.4506],[32567595.2547,5891928.3764],[32567639.3414,5891945.6882],[32567649.9833,5891949.867],[32567635.1845,5891956.9926],[32567622.9942,5891962.8622],[32567599.7536,5891976.3572],[32567579.5118,5891990.352],[32567571.765,5891998.3489],[32567559.0204,5892019.3407],[32567544.7356,5892057.2057],[32567538.2794,5892074.3192],[32567514.5392,5892104.3076],[32567508.0419,5892114.8035],[32567492.7985,5892150.2897],[32567489.5501,5892171.7812],[32567491.5494,5892180.7776],[32567496.7974,5892187.7747],[32567515.5401,5892196.7709],[32567539.2808,5892200.7689],[32567564.2709,5892200.7685],[32567587.2617,5892197.7694],[32567599.007,5892194.2706],[32567641.24,5892178.2763],[32567661.8542,5892168.9059],[32567674.2267,5892163.2818],[32567674.2268,5892168.7796],[32567674.2277,5892230.755],[32567679.7041,5892272.985],[32567680.0927,5892275.982],[32567682.4758,5892326.2169],[32567681.4764,5892344.2098],[32567675.2293,5892375.6974],[32567669.9816,5892388.1925],[32567653.7383,5892408.1848],[32567642.9927,5892417.1814],[32567617.7529,5892431.1762],[32567603.5086,5892435.6746],[32567573.0208,5892439.1737],[32567557.7768,5892437.6745],[32567530.7874,5892431.6773],[32567518.7921,5892427.1792],[32567497.3005,5892415.6841],[32567466.3824,5892389.4405],[32567454.317,5892379.1992],[32567440.9234,5892370.4211],[32567424.0788,5892363.206],[32567397.8391,5892360.7074],[32567369.6004,5892365.2061],[32567319.1206,5892380.2008],[32567295.1302,5892385.1992],[32567257.3952,5892385.1998],[32567233.9044,5892381.2017],[32567223.9084,5892378.203],[32567209.414,5892369.7066],[32567197.9183,5892354.213],[32567172.6777,5892313.2296],[32567161.9319,5892302.2341],[32567146.9378,5892300.2352],[32567126.196,5892302.7345],[32567116.6999,5892306.733],[32567108.953,5892313.2306],[32567104.7048,5892321.7272],[32567104.705,5892333.2227],[32567108.2038,5892346.2175],[32567113.9517,5892359.2122],[32567128.0046,5892385.3563],[32567135.4437,5892399.196],[32567147.6893,5892427.6845],[32567152.6877,5892457.1727],[32567154.1875,5892485.6613],[32567152.9384,5892511.651],[32567148.6904,5892532.143],[32567141.4435,5892547.1371],[32567132.1973,5892559.6323],[32567120.2022,5892568.6289],[32567112.9551,5892571.128],[32567094.7123,5892571.1282],[32567074.7202,5892565.1309],[32567039.4224,5892548.4205],[32567022.9903,5892540.6414],[32566939.2731,5892512.6538],[32566978.4729,5892595.0366],[32566998.2515,5892636.6036],[32567078.2221,5892797.0387],[32567092.7166,5892815.0313],[32567102.4629,5892823.028],[32567113.7085,5892830.5249],[32567140.1982,5892843.0195],[32567170.6862,5892850.0163],[32567217.1678,5892857.0128],[32567250.7004,5892868.4202],[32567265.6489,5892873.5055],[32567285.3911,5892876.0043],[32567313.6298,5892870.0062],[32567334.8712,5892862.0091],[32567348.6157,5892855.0117],[32567365.109,5892842.5164],[32567401.594,5892809.529],[32567445.0762,5892765.046],[32567445.7758,5892768.0442],[32567448.575,5892780.04],[32567455.8224,5892800.0319],[32567468.3177,5892821.0234],[32567477.0644,5892830.0197],[32567487.3104,5892837.5166],[32567509.8017,5892848.0121],[32567530.5435,5892854.0094],[32567545.2877,5892856.5082],[32567622.2563,5892791.5329],[32567665.7386,5892758.5453],[32567683.2315,5892747.5495],[32567690.6792,5892754.1473],[32567757.7029,5892813.5221],[32567773.6968,5892831.0149],[32567779.1947,5892841.0109],[32567785.4426,5892864.5015],[32567784.6932,5892888.4919],[32567781.1948,5892898.9878],[32567775.6971,5892908.4841],[32567762.9523,5892922.4787],[32567750.9572,5892931.4753],[32567744.9596,5892934.4742],[32567732.7145,5892936.9734],[32567718.7201,5892936.4738],[32567690.2314,5892938.9733],[32567679.9855,5892941.4724],[32567661.2431,5892950.4691],[32567653.4962,5892957.9663],[32567642.001,5892973.4603],[32567638.0028,5892986.4552],[32567639.7522,5892991.4531],[32567644.2504,5892995.4515],[32567651.9974,5892997.9504],[32567676.4877,5892997.95],[32567703.227,5892992.9516],[32567732.9655,5892984.4544],[32567767.9511,5892974.458],[32567795.69,5892969.4596],[32567828.427,5892967.9597],[32567865.1625,5892970.958],[32567878.8719,5892973.7699],[32567904.647,5892980.9534],[32567945.1311,5892995.9469],[32568018.1026,5893026.4337],[32568019.103,5893079.4126],[32568023.8515,5893108.9008],[32568033.526,5893130.2546],[32568064.8365,5893199.3642],[32568076.383,5893234.1445],[32568085.0794,5893260.3397],[32568095.3257,5893286.3292],[32568106.3216,5893308.3203],[32568113.1886,5893318.0968],[32568121.0661,5893329.3118],[32568126.814,5893343.3061],[32568129.5631,5893358.7999],[32568129.5634,5893376.7928],[32568122.7503,5893425.8191],[32568122.4364,5893428.0781]],[[32567635.0034,5893076.0193],[32567488.8129,5893053.9305],[32567466.0719,5893053.9309],[32567442.0815,5893058.9292],[32567435.3342,5893061.9281],[32567425.3383,5893071.9243],[32567422.5895,5893079.4214],[32567422.0899,5893088.9176],[32567425.5887,5893106.9104],[32567429.8371,5893112.908],[32567443.5818,5893121.9042],[32567453.328,5893124.9029],[32567479.3178,5893128.9009],[32567571.7355,5893140.4888],[32567634.7564,5893148.3908],[32567669.4927,5893154.3879],[32567690.2346,5893161.8847],[32567708.7274,5893175.379],[32567717.2242,5893184.8751],[32567763.7067,5893251.348],[32567771.9536,5893259.3447],[32567787.1979,5893283.8348],[32567807.6904,5893329.3164],[32567836.6794,5893363.8022],[32567857.9214,5893393.79],[32567865.9184,5893408.2841],[32567872.8636,5893429.7501],[32567876.9145,5893442.2705],[32567886.1611,5893459.7634],[32567896.907,5893470.7588],[32567902.9047,5893472.758],[32567914.8999,5893471.2584],[32567924.6459,5893466.76],[32567932.1428,5893457.2637],[32567935.1415,5893449.7666],[32567939.8893,5893425.2763],[32567941.3885,5893406.7836],[32567940.849,5893353.0091],[32567937.1387,5893302.825],[32567930.6405,5893252.845],[32567922.3933,5893216.8594],[32567911.6471,5893184.8723],[32567897.6522,5893156.8836],[32567879.909,5893134.3928],[32567869.413,5893125.3965],[32567857.1677,5893117.8997],[32567837.3489,5893108.7397],[32567809.4364,5893098.9079],[32567772.7009,5893090.4119],[32567754.2082,5893087.9131],[32567697.9804,5893084.4153],[32567677.7384,5893081.9166],[32567657.4964,5893079.4179],[32567635.0034,5893076.0193]],[[32567981.8849,5894285.4338],[32567964.8916,5894281.9354],[32567950.8972,5894284.9344],[32567938.9021,5894294.4308],[32567919.6601,5894321.9202],[32567883.4253,5894381.3971],[32567866.1826,5894413.8844],[32567862.1844,5894428.8785],[32567864.9335,5894443.3727],[32567873.4303,5894456.8672],[32567885.6757,5894468.8623],[32567900.6699,5894479.8577],[32567925.8924,5894493.7482],[32567982.1381,5894517.3416],[32568002.8799,5894521.8395],[32568012.626,5894521.3396],[32568022.1222,5894517.8408],[32568031.3685,5894511.8431],[32568038.8654,5894502.8465],[32568043.8632,5894491.8508],[32568047.6114,5894463.8619],[32568046.707,5894424.8686],[32568045.861,5894388.3919],[32568044.6112,5894367.9001],[32568040.8888,5894349.7472],[32568035.8642,5894334.9133],[32568029.1167,5894321.9186],[32568020.8698,5894310.9231],[32568001.8771,5894294.4299],[32567981.8849,5894285.4338]],[[32567686.7488,5894067.0249],[32567669.5056,5894062.0272],[32567652.7342,5894062.5502],[32567601.033,5894082.0202],[32567552.5526,5894105.0118],[32567541.0573,5894112.0092],[32567533.3104,5894120.0061],[32567529.0623,5894131.0018],[32567527.813,5894144.4965],[32567531.8118,5894174.4845],[32567536.0603,5894189.9783],[32567546.5566,5894216.4676],[32567559.0519,5894236.4595],[32567567.0488,5894244.4562],[32567576.7951,5894250.9535],[32567594.2214,5894257.0958],[32567617.2791,5894258.4499],[32567670.5079,5894248.9529],[32567674.7561,5894246.9536],[32567679.9207,5894241.42],[32567688.7504,5894231.9594],[32567694.7479,5894224.4622],[32567698.4963,5894215.9656],[32567699.9956,5894205.9695],[32567698.246,5894185.9775],[32567690.3691,5894162.6905],[32567686.75,5894151.9912],[32567687.4996,5894144.9939],[32567690.4983,5894137.4969],[32567703.4928,5894113.0064],[32567706.4915,5894103.5101],[32567707.491,5894094.0139],[32567705.4917,5894085.0175],[32567700.9933,5894077.5206],[32567686.7488,5894067.0249]]],[[[32589037.1676,5892242.3151],[32588982.4918,5895180.1554],[32588762.6771,5895176.3181],[32588757.1132,5895170.9796],[32588752.7695,5895166.8118],[32588751.3857,5895165.4841],[32588742.5953,5895157.0497],[32588738.5892,5895153.2058],[32588732.4154,5895147.2821],[32588687.6832,5895152.2808],[32588645.45,5895153.7809],[32588602.2171,5895150.7827],[32588580.9755,5895145.2852],[32588558.2343,5895135.7893],[32588509.2534,5895109.3006],[32588422.4294,5895055.8331],[32588307.0716,5894984.794],[32588253.6026,5894951.867],[32588232.3609,5894940.8717],[32588216.617,5894934.8743],[32588203.6222,5894932.3755],[32588190.1275,5894932.8755],[32588164.6377,5894938.3737],[32588144.3959,5894950.3692],[32588137.6487,5894957.3666],[32588133.9003,5894965.3634],[32588133.1507,5894974.8597],[32588134.6503,5894985.3555],[32588138.6489,5894997.3507],[32588145.1465,5895009.8456],[32588154.393,5895023.8399],[32588181.8825,5895052.3282],[32588211.0557,5895074.8895],[32588317.6166,5895157.2989],[32588322.5376,5895161.1046],[32588332.4991,5895168.8084],[32587387.4967,5895152.3113],[32587373.9535,5895085.827],[32587364.7068,5895056.3389],[32587355.2103,5895040.8452],[32587342.4651,5895024.8517],[32587326.7212,5895008.8583],[32587308.7281,5894993.3647],[32587288.4859,5894979.3706],[32587266.7444,5894967.3757],[32587243.5035,5894957.8798],[32587222.2618,5894951.3827],[32587191.274,5894945.8854],[32587173.5311,5894946.8852],[32587165.5493,5894949.7707],[32587165.2427,5894949.8815],[32587110.8059,5894945.8866],[32587058.3267,5894939.8897],[32587003.3484,5894930.3943],[32586979.3578,5894924.3971],[32586959.3656,5894917.9],[32586928.6276,5894903.906],[32586882.1456,5894869.4204],[32586854.1564,5894851.9278],[32586820.4196,5894837.9338],[32586782.6844,5894827.4386],[32586742.2004,5894820.9417],[32586707.3648,5894817.4895],[32586706.5458,5894817.4083],[32586672.5423,5894814.0386],[32586670.8812,5894813.874],[32586637.7152,5894810.5873],[32586601.0062,5894806.9494],[32586619.2493,5894824.942],[32586649.7375,5894850.4314],[32586692.9708,5894878.4196],[32586718.9606,5894891.9139],[32586804.927,5894927.3985],[32586862.1546,5894947.3897],[32586914.3841,5894961.8832],[32586977.3593,5894972.8778],[32587084.5669,5894985.3713],[32587096.0624,5894989.3695],[32587115.3049,5895001.3644],[32587123.052,5895009.3612],[32587136.5469,5895030.3526],[32587146.231,5895052.3596],[32587188.6869,5895148.8407],[32583015.2725,5895075.9848],[32583021.68,5895066.3998],[32583037.4236,5895051.9053],[32583048.1692,5895044.9079],[32583061.4139,5895039.4099],[32583108.645,5895026.9142],[32583169.8456,5895017.1566],[32583177.6175,5895015.9175],[32583190.6122,5895009.4199],[32583207.6053,5894995.4252],[32583242.091,5894951.942],[32583273.3281,5894919.4544],[32583306.5645,5894891.4651],[32583336.8022,5894869.9731],[32583349.0473,5894862.9757],[32583377.5358,5894851.9797],[32583395.2787,5894847.4812],[32583433.7634,5894839.9836],[32583470.7486,5894836.4845],[32583486.9922,5894836.4842],[32583522.2283,5894844.9803],[32583563.962,5894863.4723],[32583584.704,5894874.9675],[32583634.4347,5894906.954],[32583687.8434,5894946.1611],[32583740.6436,5894984.9215],[32583782.8774,5895019.9069],[32583807.3679,5895034.4008],[32583833.6076,5895043.8966],[32583847.3522,5895045.8956],[32583860.347,5895045.3956],[32583872.842,5895042.3966],[32583884.5873,5895036.8987],[32583895.3329,5895028.9017],[32583905.3288,5895018.4057],[32583923.0713,5894990.9164],[32583938.0649,5894957.4294],[32583953.5581,5894912.9469],[32583961.8044,5894876.9611],[32583963.8031,5894845.4735],[32583963.0529,5894807.9884],[32583974.0484,5894800.4913],[32583986.2934,5894788.9957],[32584013.0324,5894760.0068],[32584079.255,5894680.0376],[32584106.4936,5894641.5524],[32584131.9829,5894600.5684],[32584150.725,5894563.5828],[32584155.7228,5894549.0885],[32584157.222,5894536.0936],[32584155.2226,5894522.599],[32584150.4743,5894509.1044],[32584143.7268,5894496.1097],[32584135.4799,5894484.1146],[32584117.2369,5894464.6226],[32584098.9939,5894451.628],[32584079.9987,5894440.8863],[32584062.758,5894431.1367],[32584037.018,5894413.1442],[32584014.7765,5894390.1537],[32584006.2797,5894376.6592],[32583999.5321,5894361.6653],[32583990.5353,5894330.1779],[32583987.0362,5894300.6897],[32583987.8985,5894269.3464],[32583988.5349,5894246.2113],[32583984.5362,5894225.7195],[32583977.5387,5894210.2258],[32583972.0408,5894205.2278],[32583965.2935,5894202.7289],[32583932.0566,5894200.2304],[32583914.3136,5894197.2319],[32583897.0705,5894198.2317],[32583872.5803,5894205.2293],[32583863.532,5894201.8514],[32583845.9768,5894195.2978],[32583825.4006,5894187.6164],[32583816.3523,5894184.2385],[32583833.8444,5894118.2645],[32583840.5911,5894071.7828],[32583839.0914,5894049.2918],[32583835.2383,5894027.7164],[32583824.0961,5893965.3254],[32583821.8466,5893937.3365],[32583826.3445,5893910.3472],[32583845.336,5893843.8733],[32583851.5831,5893816.3841],[32583854.0818,5893793.3932],[32583854.3314,5893770.4024],[32583849.3329,5893732.4175],[32583841.3357,5893706.428],[32583826.8411,5893685.4366],[32583804.8496,5893666.4444],[32583798.602,5893662.9459],[32583795.8529,5893650.4509],[32583790.105,5893637.4562],[32583773.6113,5893615.965],[32583745.622,5893589.9757],[32583687.8943,5893549.4926],[32583657.906,5893532.4998],[32583636.4144,5893526.0027],[32583625.4188,5893525.0033],[32583615.1729,5893526.5029],[32583605.1769,5893530.0016],[32583595.9306,5893536.4992],[32583589.1834,5893545.9955],[32583585.9349,5893558.9904],[32583585.4353,5893573.9844],[32583591.9332,5893607.9708],[32583597.9311,5893624.964],[32583612.4258,5893654.4521],[32583624.5473,5893673.6959],[32583668.6667,5893743.739],[32583672.6589,5893750.077],[32583685.1485,5893769.9051],[32583682.9002,5893822.8841],[32583675.9036,5893867.8663],[32583670.656,5893889.8576],[32583662.9093,5893905.3516],[32583657.1616,5893912.3489],[32583639.9187,5893927.3432],[32583627.9235,5893933.8408],[32583613.9291,5893936.34],[32583598.4353,5893936.3403],[32583582.6915,5893933.8415],[32583567.1976,5893929.3435],[32583540.458,5893917.8485],[32583481.1801,5893876.6895],[32583456.2406,5893859.373],[32583382.769,5893803.3963],[32583363.5264,5893786.4033],[32583347.5325,5893769.4103],[32583333.7877,5893751.4177],[32583313.2953,5893712.9333],[32583302.799,5893678.4471],[32583301.2993,5893664.4527],[32583302.7986,5893654.4567],[32583315.0434,5893631.4656],[32583354.5269,5893568.4901],[32583361.7738,5893553.9957],[32583365.5221,5893542.0004],[32583366.5216,5893531.5046],[32583365.272,5893522.0084],[32583358.0246,5893506.5146],[32583352.5267,5893501.0169],[32583340.0316,5893494.5197],[32583326.2871,5893495.5195],[32583291.551,5893504.5164],[32583243.5703,5893525.5088],[32583207.0851,5893549.4998],[32583188.3428,5893564.4941],[32583153.607,5893599.4807],[32583126.8681,5893634.967],[32583118.3717,5893650.9608],[32583114.3735,5893665.4551],[32583114.3737,5893677.9501],[32583116.8729,5893689.9453],[32583121.8711,5893700.9409],[32583128.6185,5893711.9364],[32583146.3618,5893731.4284],[32583166.1042,5893747.9216],[32583224.3317,5893790.9036],[32583256.5693,5893820.3914],[32583266.5655,5893835.3853],[32583289.5571,5893882.3663],[32583327.0436,5893978.3276],[32583343.0705,5894028.991],[32583347.959,5894044.4441],[32583365.7799,5894100.7784],[32583387.6024,5894175.1606],[32583394.5199,5894198.739],[32583401.0175,5894215.2324],[32583417.2616,5894249.2186],[32583435.5048,5894281.7054],[32583452.7483,5894309.6941],[32583463.2444,5894321.6891],[32583478.4885,5894333.1843],[32583496.9813,5894343.1801],[32583517.7232,5894351.6764],[32583560.2065,5894365.1704],[32583579.6988,5894369.1685],[32583595.9424,5894371.6673],[32583673.0786,5894378.3302],[32583711.6466,5894381.6616],[32583788.7776,5894388.324],[32583827.3509,5894391.6559],[32583875.0825,5894429.6401],[32583897.3239,5894450.1316],[32583903.3217,5894457.6286],[32583912.8181,5894472.1227],[32583923.0643,5894493.614],[32583927.3128,5894506.1089],[32583929.812,5894520.1033],[32583930.5619,5894535.5972],[32583928.8129,5894552.0906],[32583923.5652,5894569.5838],[32583915.3187,5894585.5775],[32583894.5773,5894613.0669],[32583867.0886,5894639.5568],[32583845.8466,5894612.068],[32583804.3624,5894563.5879],[32583791.8672,5894551.0931],[32583766.1271,5894530.6016],[32583734.1393,5894496.6156],[32583719.395,5894484.1208],[32583709.8987,5894479.6227],[32583679.6606,5894470.1269],[32583588.6447,5894446.7799],[32583574.4519,5894443.1392],[32583560.9573,5894442.1398],[32583537.2168,5894446.6384],[32583519.224,5894456.6347],[32583509.9779,5894469.6297],[32583504.639,5894529.5396],[32583499.7336,5894584.5841],[32583492.7367,5894612.0733],[32583487.2391,5894623.069],[32583472.995,5894640.5623],[32583456.0019,5894651.0584],[32583438.5089,5894655.057],[32583428.1825,5894654.5293],[32583360.2898,5894651.0598],[32583324.4001,5894655.3671],[32583272.8247,5894661.5569],[32583212.2426,5894662.8642],[32583180.1115,5894663.5575],[32583152.8724,5894667.5563],[32583088.898,5894682.5513],[32583028.4222,5894700.5451],[32583005.6813,5894708.5422],[32582990.9373,5894715.5397],[32582982.1909,5894722.0372],[32582975.6935,5894729.5343],[32582971.1954,5894737.5312],[32582968.6967,5894755.0243],[32582970.4461,5894764.0207],[32582974.1947,5894772.5173],[32582979.9426,5894780.514],[32583001.4342,5894794.5081],[32583037.6945,5894808.6844],[32583101.1452,5894833.4911],[32583124.1363,5894846.4856],[32583140.8799,5894860.9796],[32583146.6277,5894869.976],[32583150.1265,5894880.4717],[32583151.626,5894892.467],[32583150.8765,5894906.9612],[32583147.3781,5894921.4555],[32583141.6306,5894932.951],[32583124.8874,5894948.4451],[32583104.8955,5894956.4422],[32583076.9671,5894959.3988],[32583015.1812,5894965.9398],[32582884.183,5895003.7381],[32582862.7423,5895009.9246],[32582839.0017,5895011.4243],[32582809.8662,5895003.6995],[32582773.0277,5894993.9323],[32582746.788,5894989.9342],[32582719.5488,5894987.9354],[32582697.8219,5894989.6332],[32582668.369,5894991.9346],[32582655.5743,5894992.9344],[32582637.0817,5894998.4325],[32582625.0865,5895003.9305],[32582614.091,5895012.4273],[32582607.3438,5895023.423],[32582603.5955,5895035.4183],[32582603.096,5895058.4092],[32582604.9883,5895068.8224],[32581813.2694,5895055.0013],[32581808.9105,5895014.4384],[32581804.1621,5894995.446],[32581800.4135,5894987.4493],[32581781.6705,5894958.9609],[32581754.7577,5894928.4027],[32581742.9352,5894914.9789],[32581729.4402,5894888.9895],[32581706.9484,5894834.0116],[32581687.2056,5894792.5284],[32581672.7111,5894770.0376],[32581651.969,5894746.0474],[32581626.7286,5894721.0577],[32581570.2504,5894673.0776],[32581515.7714,5894634.5937],[32581473.7878,5894612.1033],[32581435.8027,5894598.6092],[32581417.8097,5894594.6111],[32581400.8165,5894593.6117],[32581384.5729,5894595.1113],[32581369.579,5894599.6098],[32581355.5846,5894607.6068],[32581343.8394,5894618.6026],[32581334.8432,5894633.097],[32581328.0961,5894650.0903],[32581323.5982,5894669.5827],[32581321.0995,5894691.574],[32581320.1005,5894739.5549],[32581321.3504,5894765.0448],[32581324.8494,5894790.5346],[32581331.0972,5894815.5246],[32581339.5942,5894838.5153],[32581350.0903,5894860.0066],[32581361.8359,5894878.9989],[32581374.0813,5894894.9923],[32581386.5765,5894907.987],[32581398.5719,5894916.9832],[32581411.8167,5894922.9807],[32581428.0604,5894927.4786],[32581466.0453,5894931.4765],[32581516.3647,5894931.7392],[32581561.5075,5894931.9749],[32581588.247,5894938.4719],[32581598.493,5894943.9696],[32581607.2396,5894950.9666],[32581613.987,5894960.4628],[32581618.9852,5894971.4583],[32581622.2342,5894989.618],[32581622.2343,5894996.9481],[32581617.2364,5895006.9442],[32581608.9898,5895014.4414],[32581586.249,5895024.4378],[32581563.2285,5895030.2792],[32581552.7624,5895032.9349],[32581545.5153,5895035.9338],[32581535.5194,5895043.9308],[32581532.385,5895050.0978],[32581122.6893,5895042.9457],[32581115.1857,5895015.4483],[32581105.4392,5894989.9586],[32581088.4455,5894958.4713],[32581051.9593,5894908.4917],[32581034.8768,5894887.9084],[32581011.7246,5894860.0116],[32580997.7298,5894836.5211],[32580987.2336,5894810.5316],[32580981.4855,5894783.5424],[32580982.2348,5894757.5528],[32580984.9836,5894743.5583],[32580993.7297,5894715.5693],[32581016.9696,5894655.5928],[32581017.7191,5894637.5999],[32581012.471,5894622.6059],[32581002.9746,5894612.1102],[32580997.4767,5894608.6117],[32580961.4174,5894594.6113],[32580929.2534,5894582.1232],[32580906.0125,5894570.1284],[32580896.0163,5894562.1317],[32580877.5234,5894540.6405],[32580853.0325,5894499.6571],[32580851.1053,5894492.1909],[32580849.0556,5894484.2503],[32580845.7434,5894471.4186],[32580830.0405,5894417.6901],[32580825.292,5894393.1999],[32580825.7914,5894365.7108],[32580827.7904,5894352.2161],[32580835.0372,5894328.2255],[32580839.7852,5894318.7292],[32580846.5324,5894310.2325],[32580855.2788,5894302.7354],[32580876.7701,5894288.2408],[32580920.2525,5894263.7499],[32580928.9989,5894256.7525],[32580946.7416,5894237.26],[32580963.2347,5894209.2709],[32580977.9783,5894173.285],[32581002.7174,5894093.3164],[32581079.434,5893878.4007],[32581149.6537,5893705.9681],[32581224.8731,5893657.4863],[32581270.1049,5893632.9954],[32581341.3262,5893602.5064],[32581369.5228,5893593.2395],[32581394.5548,5893585.0126],[32581413.5471,5893576.5157],[32581429.5406,5893564.5202],[32581442.2854,5893548.5264],[32581463.0266,5893514.5396],[32581482.0185,5893470.057],[32581491.2654,5893435.071],[32581512.005,5893356.6016],[32581523.2501,5893324.1144],[32581538.4935,5893289.128],[32581551.0677,5893241.6228],[32581560.9834,5893204.1615],[32581571.0507,5893179.5516],[32581587.9718,5893138.1873],[32581594.9687,5893112.6973],[32581601.3725,5893080.9554],[32581603.9642,5893051.7214],[32581603.4642,5893038.2268],[32581647.6967,5893036.2269],[32581668.6883,5893033.7276],[32581695.1777,5893025.7304],[32581707.1728,5893016.234],[32581709.4218,5893009.7365],[32581708.9219,5893002.2395],[32581696.8119,5892971.6773],[32581687.9295,5892949.2609],[32581683.9309,5892935.7663],[32581682.1814,5892922.2717],[32581683.4307,5892910.7762],[32581686.6793,5892900.2804],[32581691.9271,5892891.2839],[32581698.6743,5892884.2865],[32581713.6682,5892874.2903],[32581769.1459,5892855.7968],[32581804.0978,5892842.4153],[32581815.6695,5892837.985],[32581832.7941,5892831.4288],[32581844.8655,5892826.8072],[32581845.4354,5892829.7545],[32581852.1131,5892864.2922],[32581861.6098,5892898.2786],[32581875.8546,5892930.2656],[32581892.3484,5892952.2567],[32581900.8451,5892959.2537],[32581909.5917,5892963.7518],[32581928.0844,5892968.2498],[32581967.5687,5892965.7502],[32581981.3132,5892959.2526],[32581986.0612,5892953.7547],[32581989.3098,5892945.258],[32581990.5592,5892933.2627],[32581989.9633,5892874.9528],[32581989.8084,5892859.792],[32581987.0592,5892838.3005],[32581983.3106,5892828.8044],[32581972.4361,5892814.5644],[32581962.3185,5892801.3156],[32581942.8258,5892768.8288],[32581932.2051,5892740.6922],[32581923.5827,5892717.8493],[32581897.3044,5892670.6846],[32581884.5972,5892647.8777],[32581876.8501,5892636.3824],[32581865.3546,5892627.3862],[32581859.3569,5892625.387],[32581853.3593,5892626.3867],[32581848.1114,5892631.3848],[32581843.8633,5892640.3813],[32581835.3671,5892671.3691],[32581817.3754,5892753.8366],[32581808.1287,5892730.8459],[32581801.6309,5892706.3557],[32581797.3822,5892677.8671],[32581798.3816,5892660.8738],[32581802.1298,5892640.8817],[32581815.374,5892597.8986],[32581830.6174,5892559.4137],[32581837.7027,5892544.3082],[32581853.3577,5892510.9326],[32581865.6023,5892473.4473],[32581871.3496,5892447.4576],[32581872.8489,5892433.4631],[32581872.8483,5892395.978],[32581864.5999,5892276.5256],[32581865.3493,5892252.5351],[32581869.8472,5892229.5442],[32581877.5938,5892207.053],[32581887.3396,5892186.561],[32581898.8348,5892167.5684],[32581923.0747,5892135.5807],[32581973.7669,5892078.8866],[32581984.2995,5892067.107],[32581972.5545,5892094.5963],[32581968.3064,5892111.0898],[32581965.058,5892130.0823],[32581963.5589,5892152.0736],[32581967.8079,5892201.0541],[32581974.8057,5892243.0373],[32581980.8036,5892260.0304],[32581989.0505,5892275.0243],[32582001.0459,5892287.0194],[32582016.7898,5892296.5154],[32582060.5226,5892308.0102],[32582133.9936,5892320.5041],[32582148.4879,5892324.5023],[32582160.9831,5892330.4997],[32582193.7204,5892356.4889],[32582204.4663,5892366.9846],[32582214.7124,5892378.9797],[32582223.4592,5892392.974],[32582230.4566,5892409.9671],[32582235.205,5892430.9587],[32582237.2046,5892456.4486],[32582238.4555,5892552.9102],[32582241.9551,5892624.3818],[32582250.2028,5892693.3542],[32582256.9505,5892724.3418],[32582275.4439,5892778.3201],[32582297.1859,5892823.3019],[32582319.4276,5892858.2877],[32582338.7702,5892881.7625],[32582348.6665,5892893.7731],[32582357.1633,5892907.7674],[32582366.1016,5892927.6803],[32582370.9083,5892940.7541],[32582374.907,5892958.7469],[32582376.6566,5892976.2399],[32582375.1574,5892992.7334],[32582370.4095,5893007.2277],[32582362.6628,5893022.2219],[32582321.4301,5893095.1935],[32582313.6835,5893113.6863],[32582308.6857,5893131.1794],[32582307.6863,5893146.1734],[32582310.9352,5893160.6676],[32582317.4329,5893176.1614],[32582325.9297,5893191.1553],[32582335.4261,5893205.6494],[32582358.4174,5893234.1377],[32582360.9164,5893231.1389],[32582364.4144,5893185.1571],[32582370.4114,5893146.1725],[32582374.6596,5893137.176],[32582381.4068,5893128.1795],[32582390.4031,5893119.6827],[32582401.3986,5893111.1859],[32582426.3885,5893096.6913],[32582459.1995,5893085.573],[32582486.8642,5893076.1986],[32582532.8457,5893056.2058],[32582577.5777,5893034.2139],[32582608.5651,5893016.2206],[32582626.0579,5892999.7269],[32582632.8051,5892989.7308],[32582638.5527,5892978.7351],[32582646.799,5892951.7457],[32582650.5471,5892918.2589],[32582658.0423,5892792.3089],[32582665.7885,5892739.8296],[32582671.286,5892717.3384],[32582679.0326,5892696.3467],[32582701.773,5892653.8632],[32582729.7614,5892614.8783],[32582757.2501,5892585.8894],[32582769.4951,5892576.393],[32582800.7325,5892561.3985],[32582845.2146,5892546.9036],[32582870.4545,5892540.9056],[32582923.1834,5892531.9084],[32583022.8938,5892524.4099],[32583097.3802,5892511.8649],[32583115.3568,5892506.9155],[32583140.8466,5892496.9191],[32583165.8364,5892481.4248],[32583176.582,5892471.9285],[32583185.5783,5892460.9327],[32583191.8257,5892449.4372],[32583194.8243,5892436.4423],[32583203.4662,5892437.0871],[32583228.3111,5892438.9408],[32583243.2733,5892439.4404],[32583330.9108,5892442.3664],[32583348.0136,5892442.9374],[32583393.9955,5892450.9336],[32583421.9631,5892458.5896],[32583459.7197,5892468.9254],[32583513.6983,5892473.9226],[32583552.9328,5892475.4215],[32583626.6535,5892475.9202],[32583662.1394,5892473.9204],[32583676.3837,5892470.9214],[32583686.6296,5892464.9236],[32583691.8773,5892456.4269],[32583693.1267,5892445.9311],[32583688.6282,5892425.9391],[32583676.8826,5892407.9464],[32583659.1395,5892393.4525],[32583648.8934,5892387.9548],[32583636.8981,5892383.9566],[32583607.6597,5892379.9586],[32583506.6998,5892382.9589],[32583470.2143,5892381.9598],[32583413.7366,5892377.4625],[32583379.9999,5892371.4654],[32583360.7575,5892365.468],[32583335.5173,5892354.9726],[32583275.7907,5892327.9842],[32583199.3204,5892288.0012],[32583158.619,5892262.1194],[32583156.3834,5892260.8951],[32583125.9487,5892215.2442],[32583074.2032,5892189.3725],[32583005.2093,5892167.8129],[32582923.2792,5892146.2537],[32582826.731,5892093.1539],[32582824.7158,5892057.5195],[32582824.4659,5892053.1001],[32582831.7323,5892052.5617],[32582871.6971,5892049.6008],[32582912.4309,5892049.1004],[32582959.5346,5892055.2105],[32583004.8944,5892061.0943],[32583046.3779,5892060.5939],[32583064.1208,5892057.095],[32583077.6154,5892051.0972],[32583085.6121,5892042.1006],[32583096.1075,5892012.6122],[32583096.8571,5892003.6157],[32583095.6075,5891995.1191],[32583091.8588,5891987.1224],[32583085.3613,5891979.6254],[32583075.865,5891972.6284],[32582987.6492,5891917.6515],[32582914.4277,5891877.1687],[32582887.1884,5891867.6729],[32582859.1993,5891855.6781],[32582831.4601,5891839.185],[32582819.9645,5891829.689],[32582811.2179,5891819.6931],[32582805.7199,5891809.6971],[32582769.4822,5891662.7561],[32582753.2378,5891604.7793],[32582747.4899,5891589.2856],[32582734.7447,5891569.2937],[32582726.2479,5891559.7976],[32582705.256,5891543.3045],[32582679.5161,5891533.8086],[32582664.7719,5891532.8093],[32582650.5276,5891535.8083],[32582638.5325,5891543.3055],[32582628.5366,5891554.3013],[32582620.2901,5891568.7956],[32582613.7929,5891585.2892],[32582608.7952,5891603.7819],[32582603.048,5891643.2663],[32582602.5485,5891664.7577],[32582604.2981,5891689.248],[32582613.2953,5891743.7262],[32582619.7932,5891771.715],[32582636.0374,5891824.6937],[32582645.0342,5891848.1842],[32582667.526,5891897.6642],[32582724.255,5892006.6201],[32582717.1574,5892009.625],[32582713.6731,5892011.1001],[32582697.1155,5892018.1102],[32582690.0188,5892021.1148],[32582639.7882,5891982.6309],[32582610.5495,5891963.6389],[32582598.5542,5891958.1412],[32582586.5589,5891954.6428],[32582554.3216,5891949.6453],[32582492.0955,5891944.2483],[32582450.6127,5891940.6504],[32582389.3867,5891925.1574],[32582362.0067,5891916.0771],[32582339.6562,5891908.6647],[32582349.1521,5891883.6745],[32582358.6479,5891850.1877],[32582362.146,5891813.7021],[32582359.3968,5891797.2087],[32582353.1491,5891783.7142],[32582343.6527,5891772.2189],[32582318.4125,5891754.7262],[32582304.1681,5891748.7288],[32582264.6836,5891738.7334],[32582240.943,5891738.2339],[32582228.1981,5891740.2333],[32582215.7031,5891744.2319],[32582203.9579,5891749.2301],[32582193.712,5891756.2275],[32582185.4654,5891765.224],[32582179.9678,5891776.2197],[32582176.4693,5891788.7148],[32582173.221,5891813.7049],[32582174.471,5891850.1904],[32582113.495,5891837.6963],[32582065.514,5891831.6994],[32582052.0193,5891832.1994],[32582029.5283,5891837.6975],[32582020.0321,5891841.1963],[32581995.7919,5891854.6913],[32582001.0396,5891832.6999],[32582009.0361,5891813.2076],[32582024.5296,5891785.2185],[32582040.7728,5891764.7264],[32582052.7679,5891754.2304],[32582065.7627,5891746.7331],[32582100.0544,5891739.5133],[32582108.4956,5891737.7361],[32582114.2433,5891735.237],[32582123.7394,5891727.7398],[32582128.2374,5891715.7445],[32582128.4872,5891708.2475],[32582125.2383,5891690.2547],[32582111.4932,5891656.2684],[32582085.0031,5891610.7869],[32582037.3166,5891535.7354],[32582054.1067,5891454.578],[32582045.053,5891332.3773],[32582047.514,5891323.4016],[32582078.2518,5891326.8998],[32582091.7465,5891330.898],[32582105.741,5891336.8954],[32582119.2358,5891345.8916],[32582131.4811,5891357.8867],[32582150.7239,5891387.3747],[32582163.9691,5891418.862],[32582171.4666,5891450.8492],[32582173.2166,5891501.3291],[32582176.4655,5891518.8221],[32582180.2141,5891525.8192],[32582193.2092,5891537.8143],[32582213.7011,5891546.8104],[32582232.6937,5891550.8085],[32582248.6873,5891549.3089],[32582262.6817,5891543.8109],[32582276.9259,5891534.8142],[32582300.4164,5891524.8178],[32582330.6543,5891516.3208],[32582346.6479,5891514.3213],[32582378.1354,5891514.3209],[32582392.8796,5891516.8196],[32582408.9665,5891522.0151],[32582433.1138,5891529.8139],[32582445.1091,5891532.3127],[32582455.8549,5891532.8124],[32582465.601,5891530.813],[32582474.0975,5891525.3151],[32582480.8447,5891516.8183],[32582488.3415,5891498.8254],[32582488.0913,5891478.8333],[32582483.0965,5891464.0531],[32582475.0961,5891450.3448],[32582466.5993,5891440.3489],[32582422.9856,5891400.2423],[32582388.8791,5891368.8785],[32582359.6402,5891327.8952],[32582347.1447,5891300.9061],[32582344.6455,5891286.9117],[32582345.8948,5891272.9173],[32582351.8923,5891259.4225],[32582379.8806,5891220.9374],[32582400.872,5891200.9451],[32582412.1175,5891195.4471],[32582424.1127,5891193.4477],[32582436.6077,5891195.4467],[32582459.8487,5891206.442],[32582469.8448,5891212.9393],[32582487.8379,5891228.4328],[32582504.5815,5891248.4246],[32582522.0749,5891272.9147],[32582533.0707,5891283.9101],[32582555.8119,5891298.404],[32582566.0579,5891300.4031],[32582574.3046,5891298.4038],[32582579.5524,5891291.4065],[32582580.6994,5891273.0597],[32582630.0442,5891273.0589],[32582660.2287,5891264.4341],[32582694.7258,5891281.6821],[32582733.5348,5891290.3057],[32582798.2162,5891285.9926],[32582862.8975,5891273.0555],[32582880.1454,5891242.8706],[32582880.145,5891216.9981],[32582867.2083,5891182.5014],[32582832.7112,5891160.9414],[32582789.59,5891148.0057],[32582724.9084,5891135.0705],[32582542.4713,5891104.667],[32582532.5682,5891088.9876],[32582520.5727,5891074.4935],[32582502.3297,5891057.0007],[32582494.0829,5891052.5027],[32582485.5863,5891051.0034],[32582462.2109,5891052.6172],[32582440.3086,5891044.9518],[32582371.3149,5891020.8052],[32582272.1364,5891007.8704],[32582207.455,5891012.1835],[32582160.0223,5891038.0567],[32582096.3749,5891112.3141],[32582087.2179,5891113.0798],[32582052.4898,5891115.984],[32582046.5115,5891116.4839],[32582044.5112,5891040.0143],[32582039.0128,5890997.5313],[32582034.5143,5890981.0379],[32582020.7693,5890951.05],[32582003.1245,5890919.0333],[32581983.0334,5890882.5778],[32581977.5353,5890865.5846],[32581977.2851,5890842.5937],[32581982.9887,5890794.6775],[32581987.2799,5890758.627],[32581988.5289,5890721.6416],[32581986.2792,5890681.1578],[32581978.7817,5890644.6724],[32581972.7839,5890630.1782],[32581964.537,5890618.1831],[32581942.7953,5890596.1922],[32581930.3001,5890586.6961],[32581905.0599,5890571.7025],[32581886.036,5890563.5897],[32581871.0732,5890557.2087],[32581843.0841,5890540.7157],[32581815.8446,5890517.2254],[32581805.0987,5890503.2312],[32581797.8513,5890488.2372],[32581795.3521,5890472.7434],[32581796.8513,5890456.2499],[32581801.3492,5890438.257],[32581817.5923,5890400.7717],[32581840.8325,5890364.7856],[32581868.0713,5890333.7976],[32581886.3138,5890318.8032],[32581972.2789,5890262.3244],[32582068.8825,5890203.6321],[32582084.9832,5890193.85],[32582100.7269,5890186.3527],[32582137.712,5890172.8575],[32582177.9459,5890163.3607],[32582197.688,5890160.8614],[32582235.9229,5890160.361],[32582283.1542,5890164.8585],[32582331.3851,5890171.855],[32582377.0813,5890180.9935],[32582408.8546,5890187.3477],[32582440.3421,5890188.8467],[32582454.6546,5890187.8923],[32582470.3302,5890186.847],[32582498.819,5890192.3444],[32582533.3054,5890203.8393],[32582551.5483,5890212.3357],[32582569.2914,5890222.3314],[32582586.5347,5890233.8266],[32582618.7722,5890255.3176],[32582649.7602,5890272.3104],[32582679.4985,5890283.3056],[32582696.059,5890286.492],[32582723.4811,5890287.8031],[32582752.9694,5890285.3037],[32582783.2073,5890280.805],[32582820.2301,5890272.0932],[32582846.9318,5890265.81],[32582869.4229,5890262.3111],[32583030.8585,5890244.3159],[32583100.379,5890245.1109],[32583161.8066,5890245.8133],[32583196.5427,5890234.8172],[32583213.5321,5890227.4531],[32583277.2601,5890199.8299],[32583351.4803,5890174.8387],[32583400.9605,5890163.3425],[32583447.1921,5890159.3434],[32583495.9228,5890160.8421],[32583516.6646,5890166.3396],[32583531.6589,5890179.3342],[32583549.652,5890200.3256],[32583566.3957,5890223.816],[32583581.1403,5890252.8043],[32583586.3883,5890259.8014],[32583598.8834,5890268.7977],[32583604.8811,5890269.2974],[32583610.3789,5890266.7983],[32583614.877,5890261.3004],[32583618.7576,5890247.0707],[32583623.873,5890228.3134],[32583633.6188,5890209.3208],[32583639.8662,5890202.3235],[32583647.6131,5890196.8255],[32583656.3596,5890194.3264],[32583673.8527,5890194.9509],[32583698.3429,5890195.8252],[32583706.3397,5890191.3269],[32583708.3388,5890186.3288],[32583709.0884,5890172.3344],[32583707.5889,5890166.8366],[32583701.0913,5890159.3396],[32583690.0957,5890155.8412],[32583656.8588,5890150.3439],[32583636.8666,5890140.3481],[32583619.1234,5890126.354],[32583606.878,5890108.8611],[32583604.129,5890099.3649],[32583605.1283,5890077.8734],[32583612.8749,5890054.3827],[32583639.1137,5890003.4025],[32583697.8553,5889868.7494],[32583716.0807,5889826.9715],[32583766.8091,5889721.5127],[32583798.5457,5889665.0346],[32583810.2908,5889650.5402],[32583844.7767,5889619.0522],[32583885.5101,5889588.0639],[32583935.2399,5889553.5769],[32583947.235,5889547.0793],[32583974.9739,5889537.0828],[32584005.4617,5889532.0844],[32584035.6997,5889531.5841],[32584100.1742,5889538.5804],[32584153.653,5889542.0782],[32584168.1473,5889542.078],[32584180.942,5889540.3959],[32584221.3761,5889535.08],[32584286.3502,5889531.5804],[32584312.5898,5889532.5796],[32584350.075,5889539.5763],[32584392.3084,5889552.0707],[32584428.5443,5889568.5636],[32584441.0395,5889578.0596],[32584413.3017,5889667.0247],[32584394.31,5889717.5049],[32584384.814,5889737.4971],[32584375.0682,5889755.9899],[32584351.0782,5889794.475],[32584324.0895,5889830.9609],[32584310.3451,5889846.4549],[32584297.1006,5889858.9501],[32584284.6056,5889867.9467],[32584248.8701,5889883.9409],[32584174.6499,5889911.4311],[32584130.3404,5889926.1404],[32584114.4241,5889931.4241],[32584097.9308,5889943.9193],[32584084.4364,5889962.4122],[32584079.6885,5889972.9081],[32584077.1896,5889983.404],[32584077.4397,5889994.3996],[32584083.4378,5890029.3856],[32584090.6852,5890052.3763],[32584095.6834,5890062.3723],[32584102.4308,5890070.8688],[32584110.4277,5890077.3661],[32584142.1653,5890092.3597],[32584161.6576,5890095.3582],[32584171.4691,5890094.19],[32584203.6409,5890090.3596],[32584213.1372,5890090.8592],[32584228.6311,5890095.3572],[32584232.8795,5890100.3552],[32584200.8788,5890121.1718],[32584181.4004,5890133.8426],[32584151.4125,5890151.3361],[32584104.7819,5890171.4286],[32584073.6938,5890184.824],[32584050.7032,5890199.8184],[32584035.2096,5890217.8114],[32584023.4645,5890238.3035],[32584016.9674,5890259.2952],[32584017.7418,5890274.592],[32584019.2168,5890280.7866],[32584024.4649,5890290.7826],[32584032.2119,5890300.7785],[32584049.7052,5890318.2713],[32584059.2016,5890325.7682],[32584069.4476,5890331.2658],[32584079.6936,5890335.7639],[32584090.1894,5890337.7629],[32584100.6853,5890337.263],[32584131.6728,5890326.7667],[32584152.9142,5890312.7719],[32584174.4054,5890292.7796],[32584196.6462,5890265.79],[32584218.8869,5890234.8019],[32584250.1238,5890184.3215],[32584254.3719,5890166.8284],[32584253.8718,5890146.3366],[32584350.2492,5890132.1683],[32584366.077,5890129.8415],[32584379.916,5890137.2605],[32584485.036,5890193.6144],[32584546.007,5890226.3004],[32584578.2443,5890235.7962],[32584593.9881,5890236.7956],[32584608.9821,5890235.2959],[32584622.9765,5890230.2977],[32584635.9712,5890222.3007],[32584647.9663,5890212.8043],[32584658.7119,5890201.3087],[32584667.958,5890188.3137],[32584675.2049,5890173.8194],[32584679.9528,5890157.8257],[32584682.2017,5890140.3326],[32584681.4517,5890121.3401],[32584676.9532,5890099.3489],[32584660.2091,5890049.8688],[32584623.9724,5889968.9016],[32584631.969,5889954.907],[32584641.4649,5889932.4158],[32584649.4613,5889903.927],[32584651.7102,5889888.4331],[32584655.2076,5889798.9686],[32584654.7068,5889732.4951],[32584651.9576,5889706.0056],[32584645.9112,5889688.1876],[32584635.9634,5889669.5204],[32584626.7169,5889657.5253],[32584615.2213,5889645.5302],[32584601.2267,5889634.035],[32584584.4832,5889623.0396],[32584583.9077,5889617.1804],[32584578.9846,5889567.0619],[32584578.9842,5889543.5713],[32584588.4799,5889501.088],[32584600.2248,5889471.0997],[32584617.7174,5889439.1122],[32584722.1296,5889266.6788],[32584732.4192,5889249.6858],[32584753.6604,5889224.1956],[32584796.6427,5889181.7118],[32584820.133,5889150.224],[32584827.3799,5889134.73],[32584829.1291,5889127.233],[32584826.8798,5889115.2378],[32584822.8813,5889111.2394],[32584811.3859,5889112.2392],[32584804.3887,5889115.7379],[32584781.648,5889132.7315],[32584734.6672,5889173.2161],[32584683.1884,5889222.6972],[32584658.1987,5889251.6861],[32584595.771,5889351.1038],[32584578.4821,5889378.6368],[32584552.7428,5889415.6225],[32584542.4971,5889428.1177],[32584518.7568,5889451.1089],[32584505.5122,5889460.6053],[32584491.268,5889468.1026],[32584460.7802,5889476.5996],[32584444.2868,5889478.5991],[32584427.7934,5889480.5985],[32584379.0627,5889482.0987],[32584325.5839,5889480.6001],[32584301.8433,5889477.1018],[32584279.8519,5889471.6043],[32584211.2681,5889444.0899],[32584196.3846,5889438.1189],[32584256.6101,5889393.6357],[32584303.8408,5889354.6504],[32584323.5827,5889336.1575],[32584348.766,5889305.0922],[32584365.3154,5889284.6773],[32584402.3001,5889242.6935],[32584440.7843,5889202.209],[32584473.021,5889171.2208],[32584522.0011,5889133.2352],[32584628.2078,5889055.7644],[32584646.9502,5889043.7689],[32584688.6833,5889021.777],[32584731.9159,5889002.7839],[32584770.6503,5888989.2887],[32584849.6188,5888971.7944],[32584876.8578,5888964.297],[32584902.8474,5888953.8008],[32584950.0086,5888929.5751],[32584994.3104,5888906.8181],[32585013.5527,5888900.3204],[32585051.4542,5888893.7252],[32585072.7791,5888892.8225],[32585088.7728,5888896.3209],[32585103.0173,5888908.3159],[32585114.7629,5888926.8084],[32585119.4942,5888939.5743],[32585123.26,5888959.7951],[32585122.7605,5888981.7864],[32585118.5125,5889003.2779],[32585109.0165,5889024.2697],[32585101.7695,5889033.7661],[32585092.5233,5889042.2628],[32585070.882,5889057.6591],[32585055.2885,5889068.7528],[32585042.2938,5889079.7487],[32585030.2987,5889092.7437],[32585020.3029,5889108.7375],[32585014.983,5889122.5699],[32585008.5582,5889151.2208],[32585008.8084,5889175.711],[32585012.8071,5889196.2028],[32585023.9889,5889218.3934],[32585017.1255,5889238.9846],[32585010.186,5889277.155],[32585006.7164,5889315.3254],[32585010.1872,5889363.9057],[32585010.1881,5889425.6388],[32584954.5835,5889423.1135],[32584932.5922,5889425.1131],[32584915.0992,5889429.6115],[32584901.1049,5889436.609],[32584890.8591,5889446.1053],[32584883.862,5889457.6009],[32584879.364,5889471.5954],[32584877.6149,5889487.5891],[32584880.3641,5889504.0825],[32584889.3607,5889520.076],[32584903.3554,5889535.5696],[32584921.0985,5889549.5638],[32584941.3407,5889562.5583],[32584962.3325,5889574.0534],[32585002.067,5889591.0461],[32585019.81,5889596.5436],[32585054.5463,5889598.5423],[32585071.0397,5889596.5429],[32585086.7834,5889592.5442],[32585115.2719,5889579.549],[32585131.951,5889567.9139],[32585190.6315,5889572.1045],[32585246.1518,5889558.2235],[32585329.4319,5889523.5221],[32585412.7116,5889454.1203],[32585461.2911,5889391.6591],[32585471.7007,5889356.9587],[32585468.2302,5889322.2585],[32585457.8193,5889270.2082],[32585433.5287,5889235.5084],[32585374.5375,5889186.9289],[32585295.9752,5889134.5557],[32585305.4398,5889108.7332],[32585311.6868,5889071.248],[32585312.4358,5889023.7669],[32585306.9877,5888959.7205],[32585314.1834,5888917.6506],[32585325.0098,5888901.7289],[32585342.2048,5888883.2597],[32585366.4054,5888870.5221],[32585381.0532,5888867.9744],[32585406.5276,5888871.1583],[32585421.8124,5888876.8899],[32585540.1041,5888952.2867],[32585584.6689,5888976.0537],[32585607.8689,5888988.4266],[32585645.3039,5889040.7551],[32585669.5447,5889069.2435],[32585694.5351,5889095.2328],[32585719.5255,5889116.224],[32585746.0152,5889133.7167],[32585775.7537,5889150.2097],[32585831.2773,5889173.7395],[32585874.9648,5889188.1931],[32585937.94,5889203.1862],[32585965.1793,5889206.6844],[32585991.6688,5889207.1838],[32586049.3958,5889201.6851],[32586104.6237,5889191.1885],[32586171.5969,5889176.1934],[32586221.7612,5889175.8626],[32586247.5668,5889175.6925],[32586285.8015,5889168.6947],[32586304.544,5889168.1946],[32586351.5255,5889173.6917],[32586376.2657,5889178.6894],[32586400.0064,5889185.6862],[32586420.7483,5889193.6828],[32586436.7421,5889203.1787],[32586557.6954,5889297.6394],[32586604.1765,5889336.3224],[32586635.1656,5889362.1126],[32586662.9048,5889377.606],[32586694.1425,5889388.1014],[32586709.8863,5889390.6002],[32586725.63,5889390.5999],[32586769.6335,5889385.177],[32586778.359,5889384.1017],[32586812.3147,5889384.4568],[32586826.0901,5889384.6008],[32586848.0813,5889382.1015],[32586871.0721,5889375.1039],[32586892.813,5889363.5369],[32586921.8016,5889348.1139],[32586950.2902,5889339.6168],[32586978.5289,5889335.1182],[32587004.2686,5889333.1186],[32587017.7633,5889333.1184],[32587033.2571,5889333.1182],[32587067.4936,5889334.617],[32587100.4806,5889340.6142],[32587114.4751,5889345.612],[32587131.7977,5889356.4229],[32587149.7114,5889367.6027],[32587191.4363,5889388.5893],[32587198.9384,5889392.2176],[32587214.3784,5889399.6851],[32587267.9153,5889425.5779],[32587304.1511,5889438.5722],[32587322.6438,5889442.5703],[32587340.1369,5889444.0695],[32587355.8806,5889442.5698],[32587404.6111,5889426.5754],[32587436.8481,5889418.0783],[32587469.2555,5889417.0128],[32587546.2772,5889423.7715],[32587583.1958,5889427.0111],[32587595.2854,5889428.072],[32587619.5205,5889433.158],[32587635.7694,5889436.568],[32587661.2593,5889437.0674],[32587777.2497,5889421.0576],[32587819.2086,5889415.2662],[32587838.9385,5889411.5749],[32587861.6793,5889405.0771],[32587905.6618,5889401.078],[32587926.4035,5889397.5791],[32587940.2199,5889391.7953],[32587958.6405,5889384.084],[32587988.8784,5889374.5873],[32588047.8548,5889359.5924],[32588070.3458,5889357.093],[32588080.8417,5889357.0929],[32588109.0805,5889357.0925],[32588125.7507,5889350.9767],[32588131.5714,5889347.0961],[32588154.8119,5889331.6019],[32588161.8091,5889325.6042],[32588171.0552,5889312.6092],[32588172.5545,5889305.612],[32588170.3052,5889293.117],[32588163.5578,5889284.6204],[32588158.5597,5889281.6217],[32588144.3153,5889278.1233],[32588103.8314,5889277.6241],[32587983.3791,5889268.1297],[32587946.1438,5889263.6321],[32587904.9101,5889256.1357],[32587880.9196,5889254.6366],[32587868.4245,5889255.6364],[32587854.4498,5889258.306],[32587823.9423,5889264.1337],[32587730.964,5889268.7743],[32587703.7401,5889270.1331],[32587655.2593,5889268.1346],[32587627.7701,5889261.1378],[32587617.2742,5889255.6402],[32587609.2773,5889248.1433],[32587602.5298,5889238.1473],[32587585.5362,5889208.6593],[32587545.5509,5889131.6905],[32587529.8068,5889107.2005],[32587507.3153,5889076.7129],[32587483.3244,5889047.7248],[32587462.8323,5889026.7335],[32587453.8358,5889020.736],[32587435.0931,5889012.7394],[32587404.1053,5889009.2413],[32587333.6334,5889014.2404],[32587285.1696,5889014.9359],[32587263.9111,5889015.241],[32587221.6779,5889021.2393],[32587132.4636,5889040.7329],[32587066.2401,5889053.2289],[32587052.9954,5889055.7281],[32587023.5071,5889058.2275],[32587006.5138,5889057.728],[32586988.0212,5889055.7291],[32586948.5367,5889045.2338],[32586909.8018,5889030.7402],[32586890.9255,5889022.7354],[32586814.3392,5888990.2577],[32586751.114,5888971.2662],[32586711.1298,5888967.2684],[32586595.6756,5888967.7699],[32586510.7093,5888962.7732],[32586495.2154,5888959.7746],[32586474.7234,5888951.2783],[32586460.1498,5888939.454],[32586453.7314,5888929.7871],[32586451.2323,5888919.7911],[32586451.7319,5888908.7955],[32586455.4803,5888895.8006],[32586465.6769,5888876.5411],[32586477.9709,5888860.8142],[32586488.7165,5888851.3178],[32586501.7112,5888843.3208],[32586535.9474,5888830.8252],[32586557.9386,5888826.3267],[32586599.4221,5888821.3281],[32586642.655,5888823.3266],[32586704.3737,5888836.8104],[32586761.6081,5888849.3145],[32586774.8529,5888850.8137],[32586792.2883,5888850.1944],[32586817.0861,5888849.3137],[32586839.0774,5888851.8123],[32586862.818,5888857.3098],[32586889.3077,5888867.3054],[32586936.9819,5888894.2098],[32586990.2684,5888924.2813],[32587019.7569,5888936.2761],[32587060.4909,5888947.7709],[32587107.4912,5888954.6927],[32587124.9654,5888957.2661],[32587158.8965,5888968.1526],[32587171.6971,5888972.2595],[32587193.4385,5888976.7574],[32587203.9343,5888976.2574],[32587300.3958,5888956.2639],[32587337.6308,5888946.7671],[32587353.9574,5888941.6648],[32587385.6116,5888931.7724],[32587415.5996,5888926.2741],[32587443.5885,5888924.7743],[32587455.0839,5888926.7733],[32587466.3295,5888931.2713],[32587479.0746,5888938.7682],[32587544.0495,5888988.7473],[32587602.7767,5889026.2316],[32587649.2586,5889048.2221],[32587663.2531,5889052.2203],[32587676.7478,5889053.7195],[32587703.9869,5889053.2193],[32587717.4815,5889050.7201],[32587743.2212,5889042.2231],[32587754.9665,5889036.2253],[32587765.7121,5889029.2279],[32587791.7015,5889007.2363],[32587858.5431,5888940.9093],[32587914.9454,5888970.7683],[32588006.8201,5889085.6082],[32588084.3389,5889143.0277],[32588176.2127,5889200.447],[32588250.8602,5889237.7693],[32588311.1522,5889257.8655],[32588414.3524,5889254.535],[32588442.6968,5889268.1228],[32588471.4355,5889277.1188],[32588484.4304,5889279.6176],[32588517.6672,5889281.1165],[32588544.1567,5889284.6147],[32588577.8626,5889294.0805],[32588602.8837,5889301.1073],[32588625.3747,5889301.1069],[32588671.3564,5889295.6084],[32588704.4289,5889295.956],[32588718.8376,5889296.1075],[32588752.0743,5889293.1082],[32588783.062,5889293.6075],[32588818.2981,5889299.1048],[32588835.5414,5889304.1026],[32588852.0349,5889311.5993],[32588866.7792,5889321.0953],[32588915.8529,5889362.3075],[32588982.2347,5889418.0551],[32589000.4777,5889430.5498],[32589007.9747,5889433.5485],[32589021.7193,5889435.0477],[32589033.4646,5889431.0491],[32589042.9607,5889423.552],[32589045.9594,5889417.5543],[32589045.4594,5889398.5619],[32589038.9616,5889374.5715],[32589029.4651,5889352.0806],[32589017.2197,5889333.0883],[32588998.1752,5889309.9016],[32588923.6053,5889228.0734],[32588907.2615,5889210.1388],[32588899.0146,5889195.1449],[32588897.5151,5889187.6479],[32588898.4396,5889180.7131],[32588902.0131,5889172.154],[32588907.7607,5889165.6565],[32588915.0078,5889161.1582],[32588923.2545,5889159.1588],[32588941.4973,5889162.1574],[32588959.7402,5889174.1523],[32588967.9871,5889183.1486],[32588995.4773,5889222.7333],[32589005.4729,5889237.1266],[32589025.4653,5889259.6174],[32589037.7106,5889265.115],[32589049.7065,5889265.0957],[32589060.6641,5889260.5824],[32589070.5864,5889253.4864],[32589082.9699,5889239.3672],[32589089.7814,5889229.2561],[32589093.2667,5889224.0825],[32589093.3404,5889224.0315],[32589040.4488,5892066.008],[32589040.4102,5892066.0297],[32589013.6738,5892076.5775],[32588987.2707,5892086.9939],[32588971.6539,5892091.1132],[32588964.5298,5892092.9923],[32588944.038,5892095.9915],[32588920.2974,5892094.4924],[32588890.3092,5892088.4953],[32588878.0641,5892092.9936],[32588872.0666,5892097.9918],[32588860.0716,5892116.9844],[32588852.8248,5892138.9758],[32588852.8249,5892148.472],[32588854.5744,5892156.9686],[32588863.8209,5892172.4623],[32588878.8152,5892187.4561],[32588902.556,5892206.4482],[32588934.2938,5892228.9388],[32588966.2813,5892248.4305],[32588980.026,5892254.9268],[32588991.2719,5892257.9103],[32589000.5185,5892258.05],[32589009.2653,5892256.5131],[32589023.7598,5892250.6097],[32589037.1676,5892242.3151]],[[32584116.4467,5891591.7642],[32584161.4288,5891589.7643],[32584206.411,5891591.7629],[32584230.4031,5891594.1084],[32584262.6387,5891597.2599],[32584287.8787,5891596.7597],[32584308.6204,5891591.7614],[32584319.3661,5891587.263],[32584330.1118,5891582.2648],[32584346.0702,5891571.2982],[32584356.8508,5891560.2732],[32584367.5963,5891539.2813],[32584374.3432,5891514.791],[32584377.8414,5891478.8052],[32584375.0922,5891461.3122],[32584371.3436,5891452.8156],[32584363.7546,5891439.1288],[32584343.354,5891402.3361],[32584332.1081,5891377.846],[32584329.8588,5891368.8496],[32584329.6088,5891359.8412],[32584328.8866,5891333.8196],[32584325.36,5891324.3674],[32584312.1151,5891312.3723],[32584269.5761,5891291.7082],[32584215.4028,5891265.3924],[32584187.4136,5891243.9014],[32584178.6669,5891230.9067],[32584174.4183,5891213.4137],[32584174.4182,5891202.4181],[32584176.917,5891190.9226],[32584182.6646,5891180.4267],[32584190.6613,5891171.93],[32584201.157,5891164.9326],[32584226.8967,5891153.9366],[32584256.135,5891146.9389],[32584287.6224,5891142.4402],[32584355.5953,5891135.442],[32584388.3323,5891133.9421],[32584424.568,5891134.4414],[32584491.0623,5891140.0653],[32584507.2852,5891141.4374],[32584555.0163,5891143.4358],[32584616.4919,5891142.9351],[32584694.4609,5891135.9367],[32584720.2006,5891129.9387],[32584731.446,5891124.9406],[32584740.9422,5891118.443],[32584749.4387,5891109.9463],[32584765.1821,5891087.9548],[32584778.4265,5891062.9645],[32584790.4614,5891033.4584],[32584801.6665,5891005.9868],[32584814.9109,5890985.4947],[32584831.654,5890967.5016],[32584841.1502,5890960.0045],[32584862.6415,5890949.0085],[32584903.8749,5890933.5141],[32584942.6093,5890921.0184],[32584995.3383,5890911.5214],[32585035.0728,5890929.0139],[32585061.8122,5890934.0115],[32585074.8071,5890933.5115],[32585086.0526,5890931.0123],[32585102.7958,5890923.0153],[32585109.0432,5890916.5177],[32585117.5396,5890898.025],[32585126.347,5890849.7228],[32585133.0323,5890813.0585],[32585143.2776,5890774.5736],[32585149.7748,5890756.5807],[32585157.5215,5890739.5873],[32585166.2678,5890725.093],[32585176.0138,5890713.0976],[32585186.5095,5890704.6008],[32585197.2552,5890699.1028],[32585220.246,5890694.6043],[32585256.7315,5890696.6029],[32585269.2266,5890699.1018],[32585281.9716,5890704.0996],[32585326.6711,5890730.1042],[32585349.9452,5890743.0831],[32585386.3726,5890758.2939],[32585418.1685,5890771.5707],[32585436.1614,5890772.0703],[32585446.1574,5890769.0713],[32585456.4032,5890763.5733],[32585465.6494,5890755.5764],[32585473.1463,5890745.0804],[32585478.8939,5890733.5849],[32585482.3923,5890721.0898],[32585483.1418,5890708.095],[32585481.1424,5890695.1002],[32585475.8943,5890683.105],[32585465.549,5890667.2799],[32585400.2605,5890582.0353],[32585373.9329,5890547.6604],[32585330.1993,5890482.6868],[32585292.9632,5890421.2118],[32585281.7173,5890393.7229],[32585278.4684,5890377.2295],[32585278.7182,5890369.2327],[32585281.2171,5890361.7356],[32585286.215,5890354.7383],[32585293.9618,5890348.2408],[32585302.9582,5890343.2427],[32585310.955,5890341.2433],[32585326.6988,5890343.7421],[32585359.436,5890358.2359],[32585382.9188,5890367.472],[32585434.4066,5890387.723],[32585473.8912,5890407.7145],[32585491.6344,5890419.7095],[32585506.8785,5890432.7041],[32585518.874,5890447.1981],[32585536.6173,5890477.6857],[32585549.3627,5890507.6736],[32585568.6059,5890564.1509],[32585577.5927,5890584.719],[32585584.8499,5890595.1383],[32585599.8441,5890607.6332],[32585620.0861,5890613.1307],[32585645.576,5890613.6301],[32585658.5708,5890612.6303],[32585671.5657,5890611.6305],[32585696.0559,5890606.6321],[32585707.5513,5890602.6335],[32585728.2929,5890591.6376],[32585747.0352,5890577.6429],[32585764.2782,5890561.1492],[32585779.272,5890542.6563],[32585791.017,5890522.1643],[32585803.7615,5890489.677],[32585808.2594,5890468.1855],[32585807.7593,5890448.6932],[32585805.5101,5890439.6968],[32585800.4294,5890427.2407],[32585791.5562,5890405.4867],[32585781.2687,5890371.2244],[32585780.0189,5890344.7349],[32585783.0175,5890332.2399],[32585788.7651,5890321.2441],[32585796.5118,5890311.248],[32585816.2538,5890295.7539],[32585836.4956,5890286.2573],[32585844.9922,5890284.258],[32585864.9843,5890285.2573],[32585889.9745,5890292.7539],[32585915.4645,5890304.249],[32585926.7102,5890311.246],[32585936.4564,5890318.2431],[32585964.9455,5890344.7322],[32585995.6838,5890384.216],[32586015.5225,5890421.3727],[32586027.1722,5890443.1921],[32586055.1616,5890483.1758],[32586085.4001,5890516.1622],[32586099.6446,5890528.6571],[32586121.6361,5890543.151],[32586130.6325,5890545.15],[32586140.6286,5890544.6501],[32586162.6197,5890538.1523],[32586207.6016,5890514.661],[32586228.8429,5890499.1668],[32586249.0846,5890478.1749],[32586266.3274,5890455.1838],[32586273.0746,5890443.6882],[32586279.5418,5890429.5618],[32586292.0664,5890402.2044],[32586304.0614,5890383.7116],[32586319.5551,5890369.7169],[32586328.8013,5890364.7188],[32586339.7969,5890362.2196],[32586352.292,5890363.219],[32586365.5368,5890366.7174],[32586393.026,5890377.7126],[32586453.7524,5890408.1996],[32586478.4927,5890417.6955],[32586496.0928,5890421.8628],[32586527.2235,5890426.1914],[32586559.011,5890426.5135],[32586568.707,5890425.1911],[32586585.7001,5890418.6935],[32586610.9399,5890401.2],[32586625.0163,5890390.1338],[32586654.1722,5890367.2129],[32586666.4173,5890359.2159],[32586679.412,5890353.2181],[32586693.6563,5890348.7197],[32586709.1501,5890347.22],[32586769.0711,5890350.1617],[32586821.1058,5890352.7162],[32586839.0986,5890351.7163],[32586870.8359,5890345.7182],[32586899.0746,5890337.7209],[32586925.564,5890327.7245],[32586963.5486,5890309.7311],[32587000.0338,5890286.2399],[32587032.5206,5890262.2489],[32587051.7628,5890252.2526],[32587072.0047,5890246.2547],[32587094.4957,5890242.7558],[32587116.9868,5890243.755],[32587127.2328,5890246.2539],[32587136.7291,5890250.2521],[32587144.726,5890256.2496],[32587151.7233,5890264.7462],[32587162.7192,5890285.2378],[32587169.7168,5890307.7288],[32587172.9658,5890327.221],[32587173.2158,5890336.2174],[32587169.4676,5890359.2083],[32587160.2216,5890385.1982],[32587145.9776,5890409.6886],[32587077.0913,5890481.5536],[32587065.011,5890494.1563],[32587049.5174,5890512.1494],[32587045.5191,5890520.6461],[32587043.2701,5890530.6421],[32587042.5206,5890542.1376],[32587044.3128,5890557.9364],[32587050.0181,5890577.1235],[32587055.2662,5890587.1195],[32587061.7637,5890595.1162],[32587078.5072,5890606.1116],[32587100.2487,5890614.1081],[32587142.2321,5890622.1043],[32587190.4631,5890628.1012],[32587216.7031,5890633.1898],[32587231.6968,5890636.0974],[32587255.6873,5890638.596],[32587266.683,5890638.096],[32587277.6786,5890637.5961],[32587312.2595,5890643.4567],[32587336.6553,5890647.5912],[32587355.6494,5890647.0682],[32587370.142,5890644.0921],[32587391.6334,5890637.0946],[32587410.6257,5890628.0979],[32587418.6224,5890622.1001],[32587429.8678,5890608.1055],[32587436.6149,5890590.1126],[32587441.6126,5890568.621],[32587443.3614,5890535.1343],[32587441.8618,5890524.6385],[32587435.3638,5890479.1567],[32587435.1134,5890448.6688],[32587438.8617,5890433.1749],[32587458.3533,5890381.6951],[32587460.6021,5890361.2032],[32587457.853,5890350.7074],[32587452.1051,5890338.7122],[32587432.5384,5890310.9665],[32587455.266,5890214.3679],[32587450.9533,5890175.5591],[32587412.1438,5890128.1266],[32587308.6527,5890076.383],[32587187.6649,5890029.8514],[32587183.3631,5890036.3043],[32587156.9662,5890045.1037],[32587139.3682,5890045.104],[32587104.1722,5890040.705],[32587024.9812,5890040.7062],[32586954.5889,5890023.1092],[32586867.8823,5889997.6087],[32586862.3335,5889937.8804],[32586856.8353,5889908.3922],[32586850.8374,5889888.4002],[32586852.3365,5889870.4074],[32586860.833,5889854.4136],[32586874.8272,5889841.4185],[32586893.3198,5889832.9216],[32586905.8147,5889829.4228],[32586935.5528,5889822.925],[32586956.6245,5889819.5478],[32587013.5217,5889810.4288],[32587076.2468,5889808.4286],[32587100.7371,5889810.9273],[32587144.4699,5889818.4236],[32587222.439,5889825.9195],[32587269.9202,5889826.4186],[32587291.1618,5889828.9173],[32587384.3699,5889850.8391],[32587398.0744,5889854.0623],[32587401.3841,5889854.8761],[32587419.1733,5889859.2504],[32587423.8596,5889860.4027],[32587438.5316,5889866.4594],[32587469.9989,5889878.432],[32587627.5298,5889938.3687],[32587686.0069,5889958.8597],[32587872.1838,5890015.8342],[32587960.8989,5890038.324],[32587981.1409,5890041.3225],[32587999.3837,5890040.8224],[32588029.8715,5890034.3245],[32588054.8614,5890021.8291],[32588076.6026,5890007.8343],[32588086.0987,5890000.3372],[32588099.3432,5889983.3437],[32588103.0916,5889973.8475],[32588104.341,5889964.851],[32588103.3412,5889955.3548],[32588099.5926,5889945.8586],[32588093.095,5889937.3621],[32588083.8486,5889928.8656],[32588057.8587,5889914.8716],[32588019.2372,5889900.711],[32587982.8881,5889887.3836],[32587953.1496,5889870.8906],[32587893.9226,5889833.4064],[32587847.9405,5889808.9168],[32587824.1998,5889799.421],[32587776.6678,5889784.2758],[32587746.4946,5889723.9316],[32587715.6973,5889666.7386],[32587680.5007,5889622.7441],[32587623.3067,5889596.348],[32587583.7653,5889581.1404],[32587566.1129,5889574.3513],[32587453.8457,5889561.1439],[32587339.8474,5889537.0794],[32587298.6545,5889526.5373],[32587273.9143,5889524.0387],[32587231.4312,5889524.5391],[32587204.9417,5889523.0401],[32587194.1959,5889521.0411],[32587168.7059,5889509.546],[32587144.2155,5889504.5484],[32587076.6423,5889499.2703],[32587070.9572,5889498.9408],[32586995.6394,5889487.9961],[32586954.7904,5889482.0601],[32586923.5528,5889480.5612],[32586783.3364,5889478.5641],[32586537.9557,5889475.0692],[32586504.719,5889477.5687],[32586474.7309,5889483.0669],[32586430.2488,5889499.5611],[32586394.7632,5889520.0534],[32586375.521,5889533.5484],[32586357.0286,5889549.5423],[32586340.2855,5889567.0356],[32586326.2913,5889585.5285],[32586316.2956,5889605.5207],[32586311.2978,5889626.5124],[32586311.0483,5889649.5033],[32586318.2002,5889690.7279],[32586329.792,5889730.9706],[32586343.9927,5889766.7502],[32586364.7792,5889808.9391],[32586377.2745,5889828.931],[32586393.5183,5889844.4246],[32586415.5097,5889855.9197],[32586441.4995,5889863.4163],[32586469.7384,5889868.4139],[32586497.4774,5889870.4127],[32586523.2172,5889870.9121],[32586560.2025,5889867.9127],[32586580.4444,5889864.4138],[32586602.6855,5889863.9137],[32586618.728,5889868.0313],[32586649.4172,5889875.9082],[32586678.1558,5889877.4072],[32586691.9004,5889879.906],[32586746.8789,5889903.8956],[32586752.3768,5889910.393],[32586759.3743,5889929.3853],[32586763.7681,5889965.9165],[32586767.1336,5889993.898],[32586722.2066,5890013.8662],[32586674.1988,5890029.8697],[32586657.5255,5890035.4277],[32586562.6594,5890040.6996],[32586562.6595,5890048.3655],[32586554.036,5890095.7986],[32586528.1641,5890147.5441],[32586505.7946,5890192.2846],[32586482.4879,5890192.285],[32586459.9968,5890190.2861],[32586439.5049,5890185.7882],[32586422.5115,5890178.2915],[32586408.7668,5890169.2952],[32586387.0252,5890148.8037],[32586372.7805,5890129.3117],[32586364.7835,5890111.3189],[32586360.8473,5890087.9007],[32586354.7866,5890051.8427],[32586344.2903,5890020.3554],[32586336.5432,5890006.8609],[32586326.547,5889995.3656],[32586311.1097,5889983.6967],[32586294.5594,5889972.875],[32586262.5719,5889958.881],[32586227.0858,5889947.8859],[32586193.8556,5889940.6633],[32586192.1255,5889940.3487],[32586134.8721,5889929.3947],[32586100.8855,5889918.8994],[32586054.4037,5889900.4074],[32586009.6711,5889879.4164],[32585992.4278,5889869.4206],[32585974.8004,5889855.3884],[32585946.9452,5889822.9398],[32585931.4511,5889799.9492],[32585920.8301,5889780.2074],[32585888.9668,5889720.9812],[32585859.9776,5889673.5005],[32585830.4887,5889631.0178],[32585803.9988,5889601.0301],[32585751.0191,5889550.0512],[32585710.7847,5889518.0645],[32585690.7924,5889504.5701],[32585654.5565,5889486.078],[32585622.569,5889473.5835],[32585607.8248,5889469.5853],[32585579.3361,5889466.0871],[32585550.8475,5889471.0855],[32585536.3533,5889477.0834],[32585522.1091,5889486.5798],[32585497.3693,5889511.0705],[32585487.6233,5889525.5648],[32585480.3764,5889540.0592],[32585476.3782,5889554.5535],[32585475.8786,5889568.0481],[32585478.6277,5889581.5427],[32585491.1232,5889611.5306],[32585511.3656,5889643.5176],[32585524.3606,5889659.5111],[32585539.105,5889674.0051],[32585560.5105,5889692.1021],[32585713.9256,5889821.8051],[32585755.7716,5889858.9284],[32585798.2553,5889899.9114],[32585842.9883,5889948.3915],[32585892.9693,5890009.8663],[32585900.2166,5890021.8614],[32585916.4607,5890059.3463],[32585918.7099,5890068.8425],[32585918.96,5890079.3383],[32585916.9609,5890089.8342],[32585912.213,5890101.3297],[32585885.9741,5890150.3106],[32585870.4805,5890169.3033],[32585861.9839,5890175.301],[32585852.7376,5890178.3],[32585842.9915,5890179.2997],[32585792.0117,5890177.8011],[32585782.5155,5890178.8008],[32585773.5191,5890181.7998],[32585755.7763,5890192.2959],[32585734.1027,5890210.0185],[32585710.5448,5890229.2819],[32585698.2998,5890236.7791],[32585683.8056,5890242.7769],[32585667.812,5890242.7771],[32585659.3153,5890239.2786],[32585651.0684,5890232.2816],[32585634.0749,5890209.2909],[32585613.742,5890169.9294],[32585602.8363,5890143.3176],[32585594.1551,5890114.0922],[32585587.8416,5890092.8379],[32585580.5942,5890076.3446],[32585568.3387,5890055.6957],[32585549.356,5890031.3629],[32585536.8608,5890019.3679],[32585524.1157,5890009.372],[32585511.1207,5890002.375],[32585481.8822,5889989.8804],[32585446.3961,5889977.3859],[32585360.2179,5889950.4092],[32585326.693,5889938.903],[32585307.7005,5889930.4066],[32585273.4638,5889912.4143],[32585246.4743,5889893.9221],[32585236.728,5889885.4256],[32585216.9855,5889862.9348],[32585196.8498,5889837.3732],[32585146.5122,5889773.4714],[32585125.0205,5889755.4789],[32585112.0255,5889747.4823],[32585083.5367,5889734.9877],[32585069.0424,5889731.9891],[32585055.0479,5889731.9893],[32585025.06,5889740.9861],[32585009.3163,5889748.4834],[32584979.3285,5889767.4763],[32584956.3379,5889788.9681],[32584949.0909,5889799.464],[32584939.0952,5889822.4551],[32584935.8467,5889836.4495],[32584934.0976,5889851.4436],[32584934.8476,5889867.4372],[32584938.8462,5889884.4304],[32584946.3435,5889901.9234],[32584958.0891,5889919.4162],[32584990.8266,5889958.4003],[32585013.6662,5889983.8712],[32585058.051,5890033.3695],[32585074.7947,5890056.3601],[32585077.2938,5890063.8571],[32585078.7935,5890083.8491],[32585072.5468,5890140.8265],[32585073.0469,5890162.8178],[32585082.5436,5890198.3036],[32585088.9928,5890214.5218],[32585107.7845,5890261.778],[32585118.2809,5890301.7619],[32585125.5286,5890344.2449],[32585127.0283,5890364.2369],[32585126.5287,5890381.2302],[32585124.03,5890397.7237],[32585119.7819,5890414.2172],[32585106.5376,5890447.7041],[32585087.7954,5890475.1934],[32585076.7999,5890485.1896],[32585064.8048,5890491.6872],[32585037.5657,5890497.1855],[32585023.0714,5890497.6855],[32585008.3273,5890495.6865],[32584994.0829,5890491.1885],[32584980.838,5890483.6917],[32584968.8426,5890473.6958],[32584959.0963,5890460.7011],[32584950.5994,5890444.2078],[32584936.1046,5890402.7245],[32584925.1083,5890355.2435],[32584921.3595,5890330.7533],[32584919.11,5890307.2627],[32584918.2718,5890277.3419],[32584915.6096,5890182.3124],[32584913.3602,5890155.3232],[32584905.3626,5890106.3427],[32584899.6146,5890086.8506],[32584892.1174,5890070.857],[32584883.1208,5890056.3629],[32584861.3791,5890033.3724],[32584836.6387,5890019.3783],[32584811.3986,5890015.3803],[32584786.6585,5890018.3795],[32584764.9173,5890027.876],[32584756.6707,5890035.873],[32584750.4233,5890046.3689],[32584747.1748,5890059.3638],[32584747.4249,5890075.8572],[32584755.5942,5890127.6375],[32584762.1704,5890169.3199],[32584763.9201,5890198.3083],[32584762.9208,5890224.7978],[32584759.4225,5890246.7891],[32584746.4283,5890286.2736],[32584726.6862,5890291.7717],[32584716.8332,5890293.414],[32584705.6945,5890295.2706],[32584678.9552,5890295.7708],[32584630.9741,5890289.2741],[32584614.9616,5890285.8005],[32584591.2782,5890280.6628],[32584557.2531,5890273.2816],[32584535.5118,5890272.2823],[32584451.2954,5890284.2788],[32584413.5605,5890294.2754],[32584391.3195,5890310.2694],[32584364.5805,5890339.2583],[32584352.0858,5890356.7515],[32584341.5902,5890375.2443],[32584333.8435,5890393.2373],[32584329.8453,5890411.2302],[32584329.3458,5890426.724],[32584331.0952,5890439.219],[32584338.0927,5890457.7116],[32584349.5884,5890470.7062],[32584352.3375,5890488.6991],[32584362.5479,5890510.2148],[32584303.128,5890563.6945],[32584251.3832,5890598.192],[32584212.5753,5890662.874],[32584165.1428,5890701.6836],[32584100.4615,5890714.6207],[32584001.2834,5890723.2465],[32583927.9786,5890783.6168],[32583869.8042,5890895.1217],[32583839.7966,5890892.0464],[32583814.3067,5890891.547],[32583792.0656,5890893.0467],[32583775.5722,5890897.0454],[32583761.078,5890904.5426],[32583755.0805,5890909.5407],[32583750.3324,5890915.5384],[32583747.3337,5890923.0355],[32583746.0844,5890932.0319],[32583746.8342,5890942.0279],[32583750.0831,5890952.5237],[32583762.3284,5890968.5172],[32583771.075,5890974.5147],[32583791.3171,5890984.0106],[32583814.0582,5890992.0071],[32583853.543,5890999.3657],[32583858.9895,5891091.9327],[32583853.9891,5891211.9815],[32583956.3915,5891314.3808],[32583945.7608,5891334.8689],[32583933.2662,5891365.3569],[32583924.0203,5891396.3448],[32583918.7728,5891426.3329],[32583917.4795,5891445.6197],[32583916.0245,5891467.3167],[32583906.2796,5891560.7797],[32583909.5287,5891586.7693],[32583917.5259,5891610.2598],[32583929.2715,5891626.7531],[32583936.5186,5891630.7514],[32583944.0157,5891633.2503],[32583960.5092,5891633.7499],[32583969.7555,5891632.2503],[32584003.242,5891621.754],[32584064.3754,5891600.3849],[32584082.2103,5891596.2629],[32584116.4467,5891591.7642]],[[32588702.6713,5894734.9464],[32588759.6487,5894732.9464],[32588848.3635,5894735.444],[32588864.6071,5894734.4442],[32588880.6007,5894730.4455],[32588894.8449,5894723.4481],[32588906.84,5894711.9525],[32588913.0874,5894702.4562],[32588923.5829,5894678.9653],[32588927.0813,5894665.9705],[32588929.0802,5894640.4806],[32588926.3311,5894629.485],[32588920.3333,5894619.489],[32588911.0869,5894610.9925],[32588886.5964,5894596.9985],[32588860.6066,5894588.5022],[32588840.3646,5894585.5037],[32588822.6216,5894587.0034],[32588765.3945,5894598.9995],[32588730.4085,5894604.4979],[32588689.1749,5894608.9967],[32588662.6854,5894609.4969],[32588639.4446,5894606.9982],[32588627.9492,5894606.9984],[32588616.7036,5894606.9986],[32588580.1717,5894610.4922],[32588553.9786,5894612.9971],[32588531.7373,5894607.4997],[32588520.4917,5894602.5018],[32588500.7494,5894588.0079],[32588493.5021,5894578.5117],[32588488.7538,5894569.0156],[32588487.0044,5894556.0208],[32588487.5039,5894540.0271],[32588493.7509,5894502.0421],[32588511.1475,5894439.9979],[32588514.4916,5894428.0712],[32588515.7409,5894408.0791],[32588512.4919,5894388.0871],[32588505.4944,5894370.5942],[32588495.998,5894356.5999],[32588487.0013,5894337.6076],[32588479.7538,5894314.117],[32588475.2309,5894285.0639],[32588471.5063,5894261.1382],[32588464.2589,5894243.1455],[32588453.5129,5894222.6538],[32588440.018,5894201.6623],[32588408.28,5894159.6795],[32588392.0361,5894141.1871],[32588376.2922,5894125.6935],[32588345.0542,5894102.2033],[32588328.5606,5894092.7073],[32588294.0741,5894079.2132],[32588258.5881,5894072.7163],[32588240.8451,5894071.7169],[32588141.6345,5894073.7176],[32588091.1545,5894069.72],[32588062.4158,5894065.2222],[32588035.4265,5894059.225],[32588014.9345,5894052.2281],[32587999.1906,5894044.7313],[32587987.945,5894035.2352],[32587979.948,5894025.2393],[32587970.2015,5894000.2494],[32587966.4528,5893985.7552],[32587964.9532,5893971.7608],[32587967.7019,5893959.2657],[32587973.1996,5893949.2696],[32587981.4462,5893940.7729],[32587990.6924,5893934.2753],[32588000.9383,5893929.777],[32588019.4309,5893926.2781],[32588028.1775,5893927.7773],[32588038.9233,5893930.776],[32588087.9041,5893951.2671],[32588108.646,5893956.2648],[32588120.1414,5893956.2646],[32588194.6118,5893956.2635],[32588227.5987,5893951.7648],[32588237.5947,5893947.2664],[32588243.3423,5893940.7689],[32588246.5909,5893932.7721],[32588247.3404,5893922.776],[32588245.3411,5893911.7804],[32588240.5928,5893900.2851],[32588232.8457,5893888.29],[32588221.8499,5893875.7951],[32588207.8553,5893863.3003],[32588191.1118,5893852.3049],[32588152.6268,5893834.8124],[32588109.3938,5893823.3176],[32588086.6527,5893819.3196],[32588040.421,5893814.822],[32587988.1917,5893812.3238],[32587899.227,5893810.8258],[32587843.2492,5893813.3256],[32587797.5175,5893818.3243],[32587779.0248,5893818.3246],[32587745.2881,5893814.8265],[32587690.0599,5893804.8313],[32587641.5791,5893799.834],[32587568.608,5893798.3357],[32587523.8758,5893801.835],[32587483.8918,5893808.333],[32587465.899,5893813.3313],[32587449.4056,5893819.8289],[32587420.4174,5893837.8222],[32587407.4227,5893848.3183],[32587384.1822,5893872.8089],[32587370.2595,5893891.3212],[32587357.9423,5893907.6987],[32587339.4508,5893932.2859],[32587304.7152,5893973.2701],[32587285.4731,5893990.2637],[32587274.9773,5893994.762],[32587260.4831,5893998.2609],[32587223.4978,5894001.76],[32587181.0147,5894001.2609],[32587155.906,5893999.3703],[32587121.2883,5893996.7636],[32587085.8024,5893998.7633],[32587069.0591,5894001.2626],[32587038.0715,5894008.76],[32586961.3523,5894031.7521],[32586861.1424,5894056.2438],[32586829.1552,5894062.2419],[32586808.1634,5894059.7432],[32586794.4318,5894054.2065],[32586746.1877,5894034.7541],[32586717.6989,5894026.2579],[32586703.9543,5894024.2589],[32586690.9594,5894023.7593],[32586679.2141,5894025.7587],[32586669.4681,5894031.2566],[32586662.471,5894040.753],[32586658.9726,5894054.2477],[32586658.2231,5894070.7411],[32586662.7218,5894108.2262],[32586671.9687,5894144.2117],[32586683.9644,5894174.1996],[32586706.456,5894214.6832],[32586720.9506,5894237.174],[32586752.4387,5894279.6567],[32586768.1827,5894296.6497],[32586782.927,5894308.6447],[32586809.4167,5894323.1386],[32586832.4077,5894329.6356],[32586850.9003,5894328.6357],[32586858.3973,5894326.1366],[32586864.3949,5894322.1381],[32586869.8926,5894315.6406],[32586881.1378,5894292.1498],[32586891.3833,5894259.1627],[32586899.3795,5894220.6779],[32586902.087,5894198.807],[32586905.8762,5894168.1987],[32586910.8739,5894146.7071],[32586919.3704,5894134.212],[32586925.8677,5894130.2135],[32586944.3603,5894123.7158],[32586972.599,5894117.2179],[32587033.5747,5894108.7204],[32587086.0538,5894105.7208],[32587163.2732,5894106.2194],[32587185.2645,5894107.7185],[32587221.7501,5894114.7152],[32587236.2444,5894120.2128],[32587247.9899,5894128.2094],[32587258.9857,5894139.2049],[32587284.2262,5894174.1906],[32587331.3649,5894252.2614],[32587348.2023,5894280.1475],[32587372.693,5894312.6343],[32587386.9376,5894327.6281],[32587418.4255,5894352.1179],[32587434.919,5894360.6143],[32587452.1623,5894366.6116],[32587469.4055,5894369.1104],[32587485.3991,5894368.1105],[32587498.3939,5894363.1123],[32587508.8896,5894355.1153],[32587516.8863,5894345.619],[32587523.1337,5894334.6233],[32587530.6304,5894313.1317],[32587532.3796,5894304.1352],[32587531.3798,5894292.6398],[32587526.8813,5894273.6474],[32587510.3871,5894223.6676],[32587489.1448,5894168.6897],[32587477.6753,5894142.5951],[32587461.9047,5894106.7148],[32587456.1567,5894088.2222],[32587451.6583,5894069.2298],[32587447.4094,5894033.2442],[32587447.6591,5894017.7503],[32587449.6581,5894005.7551],[32587452.9067,5893996.7586],[32587457.6547,5893990.2611],[32587471.3991,5893976.2664],[32587491.8908,5893965.2705],[32587504.6357,5893961.7717],[32587519.6297,5893960.2721],[32587536.623,5893961.7712],[32587582.1051,5893972.2664],[32587610.0941,5893981.2624],[32587669.8208,5894003.7525],[32587727.0484,5894028.242],[32587814.7642,5894072.2232],[32587850.5003,5894093.7141],[32587880.2389,5894116.2047],[32587892.7341,5894128.1997],[32587902.7303,5894141.1944],[32587910.2275,5894156.6882],[32587915.2258,5894173.6813],[32587918.2249,5894191.1743],[32587919.2249,5894223.6614],[32587915.7267,5894248.1517],[32587911.7284,5894257.648],[32587895.4851,5894279.6395],[32587864.3599,5894312.9889],[32587853.5024,5894324.6223],[32587838.7585,5894343.1151],[32587828.263,5894361.608],[32587807.7719,5894414.5872],[32587802.0243,5894425.5829],[32587794.0276,5894437.5783],[32587784.4669,5894449.4515],[32587755.7935,5894485.06],[32587742.799,5894509.0507],[32587736.302,5894540.0384],[32587735.3027,5894559.0309],[32587736.0526,5894578.5231],[32587739.3016,5894597.5156],[32587745.2995,5894614.5087],[32587754.7959,5894629.0028],[32587768.0408,5894639.4984],[32587784.0346,5894645.9956],[32587801.5277,5894649.9938],[32587820.2703,5894651.4929],[32587839.7625,5894650.9928],[32587881.7458,5894644.4947],[32587925.7281,5894632.4988],[32587947.4694,5894624.0019],[32587968.7108,5894612.0063],[32587988.9526,5894597.5118],[32588031.3075,5894561.7844],[32588083.1641,5894518.042],[32588133.6749,5894481.3686],[32588192.6195,5894438.5719],[32588251.3456,5894398.5869],[32588292.5789,5894376.0952],[32588305.8236,5894372.0966],[32588330.064,5894371.0966],[32588351.0557,5894376.5941],[32588360.0522,5894381.592],[32588375.2964,5894393.587],[32588383.5433,5894406.5817],[32588383.0436,5894417.5774],[32588377.296,5894426.5739],[32588373.2977,5894430.0725],[32588358.0538,5894436.0704],[32588337.5621,5894447.0663],[32588313.5719,5894469.5578],[32588306.8248,5894480.0537],[32588303.0764,5894491.5492],[32588301.8271,5894503.5444],[32588302.8269,5894515.5396],[32588309.0747,5894538.0306],[32588319.071,5894555.5235],[32588342.5621,5894588.0102],[32588361.555,5894617.4982],[32588378.0489,5894649.4853],[32588384.0468,5894664.4792],[32588387.7955,5894679.4732],[32588389.0452,5894693.9674],[32588385.547,5894722.4562],[32588377.0507,5894749.9454],[32588362.3071,5894786.9309],[32588360.3081,5894798.4264],[32588362.0577,5894819.9178],[32588365.5564,5894829.9138],[32588376.8022,5894845.9073],[32588384.0494,5894851.9048],[32588392.5461,5894855.903],[32588402.0424,5894856.9025],[32588421.5346,5894852.9038],[32588438.7776,5894843.9071],[32588451.0914,5894832.2717],[32588470.5146,5894813.9186],[32588507.9993,5894787.4285],[32588534.9884,5894772.4341],[32588570.2243,5894760.9381],[32588639.9464,5894744.9434],[32588684.4286,5894737.4457],[32588702.6713,5894734.9464]],[[32584533.8128,5893844.8627],[32584574.546,5893798.3805],[32584673.5069,5893805.3763],[32584694.2486,5893805.8758],[32584715.7618,5893804.8826],[32584759.2228,5893802.876],[32584776.9658,5893804.8749],[32584788.2114,5893807.3738],[32584799.4569,5893809.8726],[32584808.9532,5893809.3727],[32584819.449,5893806.8735],[32584840.1906,5893796.8772],[32584848.937,5893790.3796],[32584855.4344,5893782.8825],[32584858.9328,5893774.3858],[32584875.1764,5893770.887],[32584895.918,5893760.8906],[32584906.6636,5893752.3938],[32584916.4096,5893741.3981],[32584923.9064,5893726.9037],[32584942.3984,5893681.9213],[32584952.394,5893652.4329],[32584958.3912,5893620.4455],[32584961.1392,5893557.4705],[32584971.1479,5893458.3829],[32584980.8786,5893362.0478],[32584983.127,5893313.0673],[32584982.1271,5893289.0768],[32584978.8781,5893267.0856],[32584972.3804,5893249.0929],[32584962.3842,5893235.5984],[32584949.9396,5893224.7544],[32584945.3918,5893188.3758],[32584928.4175,5893103.5103],[32584872.3591,5893025.8934],[32584829.2376,5892995.7094],[32584777.4923,5892987.086],[32584730.0595,5893008.6472],[32584717.1239,5893056.0804],[32584730.0609,5893107.8253],[32584777.4949,5893168.1939],[32584823.7142,5893240.0885],[32584817.3149,5893249.2891],[32584779.9965,5893302.9433],[32584757.5613,5893335.1994],[32584686.943,5893323.4307],[32584643.8221,5893323.4314],[32584583.4534,5893370.8653],[32584513.3187,5893435.1572],[32584488.0546,5893414.2587],[32584438.8439,5893373.5514],[32584391.6121,5893337.0666],[32584357.8752,5893313.5764],[32584318.3905,5893291.0859],[32584307.3948,5893286.5879],[32584287.9025,5893282.5898],[32584268.91,5893284.0895],[32584248.918,5893289.0878],[32584239.172,5893293.0863],[32584219.9298,5893305.0818],[32584142.5237,5893377.2537],[32584141.7052,5893378.0168],[32584049.9994,5893463.5214],[32584031.2572,5893489.0116],[32584024.5102,5893507.5043],[32584025.0102,5893526.4968],[32584032.578,5893553.1751],[32584039.7551,5893578.4759],[32584049.5025,5893668.9398],[32584049.0032,5893701.9267],[32584044.0056,5893730.4154],[32584041.7568,5893755.4055],[32584045.0058,5893777.3968],[32584054.0025,5893795.8893],[32584060.9999,5893803.886],[32584069.9964,5893810.8831],[32584091.7379,5893817.3802],[32584129.223,5893817.3796],[32584227.4357,5893933.3321],[32584273.9179,5893984.8109],[32584286.913,5893996.806],[32584304.906,5894008.8009],[32584325.6479,5894018.7966],[32584336.8935,5894020.7957],[32584349.1386,5894020.2957],[32584361.6336,5894016.7969],[32584375.1281,5894008.7999],[32584406.1154,5893981.3103],[32584468.5831,5893912.8824],[32584487.332,5893892.3445],[32584533.8128,5893844.8627]],[[32588574.4196,5893744.6111],[32588582.205,5893741.8429],[32588634.2547,5893745.3121],[32588672.1694,5893747.8391],[32588687.2085,5893746.8686],[32588700.387,5893746.0182],[32588707.7165,5893745.5452],[32588741.8915,5893743.3399],[32588749.6386,5893742.84],[32588755.6362,5893740.8407],[32588770.88,5893730.3446],[32588774.6284,5893726.3461],[32588778.6267,5893717.8495],[32588787.6224,5893666.3698],[32588790.9188,5893623.1793],[32588792.6195,5893600.8957],[32588800.6159,5893572.9067],[32588811.6113,5893554.9137],[32588855.8431,5893507.4319],[32588859.3416,5893501.4342],[32588864.8391,5893477.4437],[32588866.8378,5893444.9566],[32588863.8386,5893412.9693],[32588860.0899,5893399.4747],[32588854.5919,5893388.4792],[32588847.3446,5893378.4833],[32588829.3515,5893362.9897],[32588810.109,5893352.994],[32588792.8658,5893348.9958],[32588775.8725,5893347.4967],[32588738.6374,5893349.9962],[32588705.4007,5893361.4922],[32588659.669,5893373.4881],[32588616.0301,5893383.4161],[32588606.9401,5893385.4841],[32588576.7022,5893388.4834],[32588546.2142,5893385.485],[32588511.1328,5893372.1826],[32588464.4962,5893354.4986],[32588451.7512,5893351.5],[32588438.2566,5893351.0004],[32588411.2673,5893353.0],[32588388.2765,5893357.9983],[32588376.2798,5893361.9974],[32588372.2119,5893363.3534],[32588359.7879,5893367.495],[32588326.5512,5893372.4935],[32588264.3271,5893377.304],[32588223.0924,5893380.4919],[32588213.5961,5893380.492],[32588197.6024,5893377.4935],[32588171.3626,5893362.9996],[32588130.8783,5893335.0113],[32588082.1471,5893295.028],[32588067.4027,5893278.5347],[32588056.4068,5893260.5421],[32588048.4097,5893242.0495],[32588040.4124,5893208.563],[32588038.6628,5893184.5725],[32588002.4253,5893057.1237],[32587995.9276,5893038.1314],[32587985.6814,5893015.1406],[32587967.1883,5892985.6526],[32587954.943,5892974.1574],[32587949.6951,5892972.6581],[32587945.4468,5892975.1571],[32587939.3012,5892991.1253],[32587932.4111,5893020.4204],[32587918.9587,5893077.6168],[32587911.212,5893094.1104],[32587897.7177,5893115.602],[32587888.4715,5893127.5974],[32587876.9763,5893139.093],[32587863.4818,5893151.0885],[32587831.2449,5893172.0806],[32587805.2554,5893183.5764],[32587790.9805,5893187.4621],[32587778.536,5893190.8496],[32587763.0223,5893195.0725],[32587751.5269,5893200.0707],[32587717.0409,5893218.064],[32587693.2439,5893234.7309],[32587676.0576,5893250.5518],[32587659.0647,5893273.5429],[32587650.5683,5893294.5347],[32587649.569,5893314.0269],[32587653.8176,5893335.0185],[32587661.315,5893359.5087],[32587684.3064,5893400.9918],[32587705.2985,5893431.4794],[32587717.294,5893447.9727],[32587738.0361,5893469.4638],[32587807.7591,5893518.4433],[32587824.7523,5893529.8669],[32587837.4976,5893538.4349],[32587875.2332,5893578.4185],[32587884.2298,5893586.915],[32587901.9729,5893599.4097],[32587940.9576,5893614.903],[32587979.119,5893623.8413],[32587996.6857,5893623.3988],[32588015.678,5893617.4009],[32588035.67,5893607.4045],[32588068.4066,5893584.913],[32588086.6493,5893574.9167],[32588119.1362,5893563.4208],[32588141.6272,5893560.4216],[32588188.3587,5893558.9215],[32588228.0929,5893559.9205],[32588268.5769,5893563.4185],[32588287.0696,5893566.9168],[32588304.5628,5893571.9146],[32588335.8005,5893583.9094],[32588375.2852,5893605.4002],[32588421.518,5893685.8675],[32588435.2628,5893705.8594],[32588444.2593,5893713.8561],[32588466.2508,5893727.3504],[32588497.9829,5893740.875],[32588511.9829,5893746.842],[32588531.7252,5893751.8397],[32588541.7212,5893751.8395],[32588559.714,5893749.84],[32588574.4196,5893744.6111]],[[32586200.4189,5895069.3512],[32586223.1595,5895043.8609],[32586245.1504,5895014.3723],[32586263.1428,5894982.3848],[32586268.3904,5894964.8916],[32586271.389,5894947.8984],[32586273.1379,5894917.4104],[32586271.6382,5894895.919],[32586257.3942,5894920.4095],[32586240.4012,5894940.9016],[32586217.6605,5894957.8952],[32586207.1647,5894961.8938],[32586200.6673,5894961.8939],[32586197.6684,5894957.8955],[32586197.1685,5894951.8979],[32586205.9147,5894926.9077],[32586222.4078,5894899.4184],[32586235.1494,5894881.4568],[32586255.1581,5894853.2509],[32586263.8905,5894840.941],[32586257.643,5894844.4397],[32586242.8989,5894846.4391],[32586228.9044,5894844.4401],[32586218.6584,5894840.9416],[32586219.6574,5894797.4589],[32586217.9076,5894759.9738],[32586211.1595,5894706.4952],[32586204.4119,5894684.0042],[32586199.9135,5894674.5081],[32586192.6662,5894664.5121],[32586167.4259,5894637.5232],[32586151.1821,5894622.0296],[32586115.9457,5894594.0413],[32586098.7024,5894583.0459],[32586083.2084,5894575.5491],[32586057.2186,5894567.5527],[32586036.7267,5894565.054],[32586027.7303,5894566.0537],[32586011.9866,5894571.5518],[32586000.9901,5894579.5495],[32585970.7534,5894601.5405],[32585949.7619,5894612.0366],[32585938.5164,5894615.5354],[32585926.7711,5894617.5348],[32585905.5295,5894616.0357],[32585896.7829,5894613.5368],[32585882.7883,5894604.5406],[32585872.2923,5894589.5467],[32585868.2937,5894580.0506],[32585828.9956,5894447.3026],[32585808.8145,5894379.1313],[32585801.817,5894361.6384],[32585783.074,5894330.1511],[32585771.8283,5894316.6567],[32585759.8329,5894304.6616],[32585735.5923,5894287.6687],[32585723.8469,5894283.1707],[32585711.6017,5894281.1717],[32585681.3637,5894281.1721],[32585649.1266,5894286.6704],[32585621.1378,5894297.6665],[32585588.6511,5894325.6558],[32585477.1968,5894432.1152],[32585463.7024,5894448.1091],[32585444.9691,5894475.3842],[32585430.4664,5894504.5871],[32585418.7215,5894533.5758],[32585413.7237,5894549.5695],[32585410.7251,5894566.5628],[32585412.225,5894602.5485],[32585416.4736,5894620.5412],[32585424.554,5894640.9282],[32585431.718,5894654.0277],[32585442.9638,5894669.0216],[32585456.7085,5894680.5168],[32585472.9521,5894687.5138],[32585490.1953,5894691.0121],[32585508.1882,5894691.5117],[32585540.9251,5894686.0134],[32585554.1698,5894682.0148],[32585568.5641,5894675.817],[32585590.1553,5894666.5204],[32585612.1465,5894661.522],[32585625.1414,5894661.022],[32585656.6289,5894666.0196],[32585673.8722,5894672.0169],[32585689.866,5894680.5133],[32585704.8602,5894691.0089],[32585718.8548,5894703.0039],[32585744.8448,5894729.493],[32585768.086,5894754.9826],[32585780.0815,5894772.4754],[32585793.8264,5894798.9647],[32585822.8159,5894867.9368],[32585859.5899,5894970.0457],[32585878.7959,5895023.3742],[32585895.5396,5895053.8619],[32585905.0361,5895066.3568],[32585915.532,5895076.3526],[32585926.7777,5895082.8499],[32585938.7729,5895085.8485],[32585962.5135,5895082.3496],[32585972.7594,5895078.351],[32585989.7525,5895068.8545],[32586000.4981,5895060.3577],[32586012.4936,5895081.3492],[32586028.2376,5895097.8424],[32586048.9795,5895109.3375],[32586060.9748,5895112.3362],[32586074.4695,5895113.3356],[32586101.4588,5895111.8358],[32586126.6987,5895107.3372],[32586149.4396,5895101.3392],[32586169.1816,5895093.3421],[32586178.6778,5895087.8441],[32586200.4189,5895069.3512]],[[32582780.5086,5893848.8872],[32582743.523,5893831.3947],[32582728.2789,5893821.8987],[32582716.5335,5893811.9028],[32582659.8052,5893755.4261],[32582624.0689,5893725.9384],[32582558.8443,5893687.4546],[32582497.6181,5893655.968],[32582441.3901,5893631.9784],[32582420.1484,5893625.4813],[32582387.1614,5893620.4838],[32582366.5219,5893620.6517],[32582347.4273,5893624.9826],[32582336.6816,5893630.4806],[32582327.6853,5893638.9773],[32582319.9385,5893649.9731],[32582313.2448,5893664.6227],[32582303.6957,5893700.4532],[32582299.9475,5893720.9451],[32582289.203,5893811.4094],[32582290.4527,5893823.9044],[32582293.7015,5893834.4002],[32582298.4498,5893843.3965],[32582304.9473,5893850.8934],[32582321.191,5893860.8892],[32582341.6829,5893864.8873],[32582353.6782,5893863.8875],[32582366.673,5893861.8881],[32582393.1624,5893854.3907],[32582417.9444,5893845.0606],[32582435.6453,5893838.3965],[32582454.1379,5893835.8972],[32582471.631,5893837.8961],[32582485.6255,5893843.8935],[32582494.6221,5893853.8894],[32582497.8709,5893860.8866],[32582502.6193,5893877.8798],[32582503.8691,5893903.8694],[32582498.4425,5893925.7612],[32582489.1258,5893963.346],[32582488.8762,5893984.3377],[32582496.6234,5893999.8314],[32582536.1083,5894043.8133],[32582552.3522,5894065.3046],[32582558.3499,5894077.2997],[32582562.0986,5894090.2945],[32582563.5982,5894103.7891],[32582563.3485,5894118.2833],[32582558.3509,5894147.2719],[32582550.1046,5894174.2613],[32582543.9496,5894190.8746],[32582524.3658,5894243.7341],[32582516.8692,5894277.2209],[32582514.8703,5894295.7136],[32582514.8705,5894314.2062],[32582520.6187,5894348.6924],[32582533.614,5894378.1805],[32582542.3607,5894391.1752],[32582552.3569,5894402.1707],[32582563.3527,5894411.167],[32582575.5979,5894418.164],[32582589.0926,5894422.662],[32582603.0871,5894425.1608],[32582630.8261,5894424.6606],[32582654.5666,5894419.1624],[32582681.3058,5894406.1672],[32582723.7886,5894380.6767],[32582745.2799,5894370.6803],[32582771.7693,5894361.6835],[32582849.9879,5894339.6911],[32582895.2198,5894324.1966],[32582918.2105,5894314.2002],[32582941.4511,5894302.2046],[32582964.1919,5894287.7101],[32582985.6831,5894271.2163],[32583004.9252,5894252.7234],[32583021.6683,5894232.2313],[32583034.9127,5894210.2398],[32583043.9088,5894186.2492],[32583047.1573,5894171.2551],[32583051.655,5894134.2697],[32583052.6541,5894093.7858],[32583049.9046,5894056.8005],[32583042.907,5894028.312],[32583028.9121,5893998.8239],[32583008.4198,5893967.3367],[32582967.9352,5893916.3576],[32582952.4411,5893901.3638],[32582937.197,5893889.3688],[32582921.9529,5893880.8724],[32582906.9588,5893874.875],[32582877.9702,5893868.378],[32582864.0514,5893867.372],[32582836.4866,5893865.3798],[32582819.2434,5893861.3816],[32582780.5086,5893848.8872]],[[32585925.9796,5891664.7082],[32585927.7284,5891627.7229],[32585925.4791,5891612.7289],[32585920.7307,5891597.2351],[32585913.9832,5891582.741],[32585896.4898,5891556.2517],[32585886.4936,5891545.7561],[32585876.4974,5891537.7594],[32585867.251,5891532.7615],[32585820.2696,5891524.2656],[32585753.546,5891521.7676],[32585732.0545,5891522.7675],[32585696.3188,5891527.2663],[32585670.3291,5891528.2663],[32585644.5893,5891524.2682],[32585612.8515,5891499.7784],[32585593.3591,5891488.7831],[32585581.3638,5891484.2851],[32585553.8746,5891477.7881],[32585523.1368,5891472.7905],[32585473.9062,5891467.7932],[32585432.1727,5891460.2968],[32585409.6342,5891454.7333],[32585312.7197,5891430.8103],[32585159.2799,5891386.3303],[32585123.2941,5891377.3344],[32585088.5087,5891376.3353],[32585036.3286,5891374.8367],[32585014.9619,5891379.0854],[32584993.5956,5891383.334],[32584961.8582,5891383.8342],[32584932.6198,5891378.3369],[32584907.3864,5891368.4695],[32584887.8873,5891360.8445],[32584871.8936,5891358.8455],[32584848.9028,5891364.8435],[32584833.1592,5891373.8401],[32584825.1624,5891380.8375],[32584800.9224,5891407.8271],[32584783.9199,5891433.6465],[32584773.9337,5891448.8112],[32584756.9407,5891462.8059],[32584735.4493,5891472.8023],[32584687.421,5891487.1927],[32584653.8507,5891497.2512],[32584636.2392,5891507.29],[32584619.746,5891522.7841],[32584613.7485,5891532.7802],[32584611.9993,5891542.2765],[32584613.7488,5891551.2729],[32584618.2471,5891559.7695],[32584624.4947,5891567.2664],[32584639.7388,5891578.7616],[32584652.3896,5891583.5484],[32584665.2288,5891583.7592],[32584676.4743,5891581.7598],[32584733.2015,5891564.7658],[32584753.6933,5891560.2672],[32584790.1788,5891555.7685],[32584811.6703,5891556.268],[32584829.4133,5891561.2657],[32584910.3816,5891592.752],[32584973.8567,5891614.7423],[32585025.3366,5891636.7328],[32585131.0454,5891688.2108],[32585141.2914,5891692.209],[32585152.2871,5891694.2081],[32585163.2827,5891694.7077],[32585185.024,5891691.7086],[32585194.7701,5891688.7096],[32585210.2639,5891680.7126],[32585222.5088,5891668.2173],[32585251.2468,5891628.2328],[32585263.242,5891619.736],[32585271.9885,5891617.2369],[32585292.9801,5891615.7371],[32585313.9718,5891617.2362],[32585358.8967,5891631.7826],[32585392.6909,5891642.7249],[32585422.1793,5891649.7217],[32585443.4209,5891650.2212],[32585464.9123,5891646.7223],[32585486.4037,5891643.2233],[32585519.3907,5891644.2224],[32585571.8699,5891648.7199],[32585654.3377,5891683.7047],[32585664.2342,5891690.0023],[32585749.1751,5891744.0538],[32585758.7972,5891750.1767],[32585773.5414,5891755.1745],[32585793.2836,5891757.6732],[32585803.2797,5891761.1717],[32585845.7633,5891794.158],[32585864.0062,5891806.1529],[32585870.5036,5891808.152],[32585881.4993,5891806.6525],[32585892.2449,5891799.6551],[32585901.2412,5891788.6593],[32585906.7388,5891775.1646],[32585919.7327,5891709.1906],[32585925.9796,5891664.7082]],[[32583380.5141,5893396.558],[32583397.5074,5893396.5577],[32583444.7388,5893406.0533],[32583486.4723,5893412.0503],[32583508.4636,5893411.5501],[32583530.7048,5893413.549],[32583559.3374,5893419.2277],[32583591.181,5893425.5433],[32583642.4106,5893424.0432],[32583660.9032,5893420.0445],[32583676.8968,5893414.0466],[32583689.3917,5893405.5498],[32583696.1389,5893394.0543],[32583719.3787,5893326.5808],[32583733.1228,5893296.5925],[32583740.3698,5893285.0969],[32583749.616,5893274.601],[32583778.1043,5893250.6101],[32583811.8406,5893226.6191],[32583861.0706,5893195.1309],[32583880.0628,5893178.1373],[32583887.0598,5893161.144],[32583888.809,5893149.1487],[32583889.0587,5893135.1543],[32583886.0597,5893120.6601],[32583878.0627,5893109.1648],[32583866.3172,5893099.6687],[32583851.5729,5893091.6721],[32583834.5796,5893085.6748],[32583797.844,5893076.6789],[32583762.1081,5893071.1816],[32583743.6155,5893070.1823],[32583706.8801,5893072.6818],[32583673.8933,5893078.6799],[32583648.9033,5893086.6771],[32583590.9266,5893112.1679],[32583555.4409,5893125.663],[32583522.2042,5893134.1602],[32583486.4684,5893134.6605],[32583466.2264,5893132.1618],[32583394.7652,5893117.9819],[32583337.777,5893106.6738],[32583304.2903,5893105.6747],[32583269.0544,5893111.1731],[32583232.3191,5893125.168],[32583212.3272,5893138.1632],[32583167.0957,5893177.6482],[32583122.1143,5893226.6294],[32583085.1296,5893272.1118],[32583062.3891,5893304.5993],[32583053.143,5893320.593],[32583038.1494,5893353.0804],[32583031.4025,5893385.0678],[32583032.1524,5893400.5616],[32583036.151,5893415.0558],[32583044.148,5893427.5507],[32583055.8935,5893437.0467],[32583070.8877,5893444.5435],[32583088.1309,5893449.0415],[32583106.8735,5893452.5398],[32583126.1159,5893454.0389],[32583163.8509,5893453.5386],[32583204.8346,5893447.5403],[32583250.3164,5893435.5444],[32583288.3372,5893423.1201],[32583317.6809,5893413.5313],[32583321.2887,5893412.3523],[32583339.0307,5893406.5546],[32583380.5141,5893396.558]],[[32588522.9601,5892446.3586],[32588507.7159,5892433.364],[32588492.7218,5892424.3678],[32588476.7281,5892419.8698],[32588448.4893,5892422.3692],[32588418.7512,5892432.3657],[32588404.0072,5892441.8622],[32588345.2813,5892494.842],[32588310.2955,5892519.8326],[32588279.3443,5892537.9879],[32588229.437,5892567.2623],[32588187.5952,5892591.8058],[32588163.1141,5892602.6452],[32588154.8584,5892606.3006],[32588129.3688,5892623.2942],[32588114.8748,5892639.2881],[32588109.627,5892647.7848],[32588106.1285,5892657.281],[32588102.3802,5892675.2739],[32588103.8799,5892693.7666],[32588106.8788,5892703.2628],[32588117.3749,5892721.7552],[32588140.6161,5892749.7438],[32588164.8569,5892774.7335],[32588274.8148,5892884.1883],[32588296.5564,5892902.1809],[32588317.7982,5892916.175],[32588340.5393,5892925.6709],[32588351.7849,5892927.6699],[32588363.2803,5892927.6697],[32588374.2759,5892924.6707],[32588393.0183,5892912.6752],[32588400.2653,5892904.6783],[32588405.763,5892895.6818],[32588409.7612,5892885.1859],[32588411.7603,5892873.6904],[32588411.7601,5892861.1954],[32588408.5361,5892843.2023],[32588401.0135,5892801.2194],[32588390.1444,5892724.3382],[32588387.5175,5892705.7575],[32588385.2678,5892664.7739],[32588400.7613,5892638.2842],[32588417.2545,5892619.2915],[32588429.2496,5892611.7942],[32588455.739,5892600.7982],[32588454.7395,5892611.2941],[32588457.7385,5892625.7883],[32588462.2368,5892633.785],[32588469.4841,5892641.2819],[32588479.98,5892647.7792],[32588514.7164,5892660.2737],[32588600.9162,5892680.2929],[32588630.9207,5892687.2612],[32588704.1419,5892710.251],[32588764.8682,5892732.7411],[32588779.3625,5892740.2379],[32588796.8558,5892753.7323],[32588808.6012,5892760.7293],[32588850.8348,5892782.72],[32588862.8301,5892790.7166],[32588872.0766,5892798.7133],[32588876.5749,5892806.7101],[32588877.3247,5892814.7069],[32588875.3256,5892822.7037],[32588864.5801,5892836.6983],[32588856.5833,5892842.6961],[32588836.8413,5892852.1926],[32588778.9234,5892868.532],[32588698.6467,5892891.1792],[32588637.6711,5892906.1741],[32588612.1813,5892910.1729],[32588545.7078,5892918.1707],[32588473.4865,5892924.6693],[32588459.4921,5892928.1681],[32588411.7614,5892951.1597],[32588407.7631,5892957.6571],[32588407.7632,5892969.1526],[32588409.7625,5892976.1498],[32588420.2585,5892988.6446],[32588429.2551,5892994.1423],[32588442.0,5892997.6407],[32588478.7355,5893001.6386],[32588500.9767,5893001.6383],[32588549.4574,5892998.1389],[32588596.6886,5892990.6412],[32588643.4199,5892979.6448],[32588689.6513,5892966.6493],[32588745.6288,5892945.6568],[32588783.3635,5892922.6654],[32588792.3599,5892918.6668],[32588802.8557,5892915.1681],[32588830.8445,5892910.1696],[32588870.5787,5892908.6696],[32588904.8151,5892909.6687],[32588944.7994,5892916.1655],[32588967.0406,5892923.6622],[32588954.2954,5892904.1701],[32588940.5505,5892875.1819],[32588935.5522,5892858.1887],[32588932.8031,5892840.6957],[32588934.0523,5892823.2026],[32588938.0505,5892807.7087],[32588943.2982,5892795.7134],[32588955.0434,5892779.7196],[32588969.2876,5892771.2228],[32588922.5555,5892724.7419],[32588889.8181,5892697.2533],[32588873.3245,5892686.7578],[32588841.3369,5892668.7654],[32588798.3537,5892647.2746],[32588776.6122,5892638.7783],[32588742.8754,5892629.2826],[32588714.1366,5892615.2886],[32588700.3919,5892602.7937],[32588665.8187,5892560.1077],[32588651.4105,5892542.3185],[32588626.8579,5892509.0905],[32588618.173,5892497.3369],[32588587.1849,5892465.8499],[32588575.6893,5892456.3538],[32588560.9451,5892450.8562],[32588536.2048,5892446.8582],[32588522.9601,5892446.3586]],[[32588393.4714,5889629.4799],[32588366.2322,5889626.9813],[32588342.4916,5889627.4815],[32588230.7865,5889662.4693],[32588228.0378,5889681.4618],[32588226.7888,5889710.9501],[32588227.5387,5889729.4427],[32588234.2866,5889770.9261],[32588245.7827,5889813.9089],[32588259.028,5889854.3926],[32588273.5227,5889888.8787],[32588288.2672,5889912.8689],[32588296.5141,5889921.3654],[32588317.2561,5889936.8589],[32588341.4966,5889948.354],[32588366.9866,5889956.3504],[32588389.4789,5889960.9403],[32588415.9673,5889966.3457],[32588447.9547,5889975.3417],[32588536.1702,5890008.827],[32588726.846,5890112.7828],[32588744.3392,5890121.2792],[32588766.3305,5890128.7759],[32588787.0724,5890132.2742],[32588806.8145,5890129.7749],[32588824.8072,5890120.2784],[32588839.0514,5890107.2833],[32588845.6841,5890097.0163],[32588849.5469,5890085.7917],[32588850.5464,5890076.2955],[32588849.0466,5890050.8056],[32588846.7973,5890034.812],[32588831.8023,5889966.8393],[32588829.8028,5889949.3462],[32588830.0525,5889932.353],[32588832.5512,5889914.8599],[32588844.5264,5889876.6089],[32588849.2938,5889861.3809],[32588851.5428,5889849.8854],[32588852.2923,5889838.8898],[32588850.7927,5889827.3944],[32588840.7963,5889802.4045],[32588824.8024,5889782.4127],[32588803.3107,5889767.9187],[32588790.0659,5889761.9213],[32588739.3358,5889746.4282],[32588625.4217,5889705.7331],[32588598.391,5889695.9504],[32588572.4013,5889688.9536],[32588546.896,5889688.3642],[32588529.1684,5889687.9546],[32588520.4218,5889685.4558],[32588510.6757,5889681.4575],[32588496.7942,5889673.7787],[32588440.2031,5889642.4741],[32588419.4612,5889634.9774],[32588393.4714,5889629.4799]],[[32583389.7263,5890970.0221],[32583383.2287,5890952.0294],[32583371.733,5890936.0359],[32583355.7391,5890919.0429],[32583350.2411,5890909.0469],[32583347.9918,5890894.5527],[32583347.7417,5890878.5625],[32583347.2414,5890846.5718],[32583341.9932,5890821.5818],[32583333.2463,5890796.0921],[32583322.5003,5890776.6],[32583305.8395,5890759.9397],[32583295.0108,5890749.1113],[32583277.7674,5890728.6197],[32583263.5227,5890705.1293],[32583258.7744,5890693.1341],[32583255.7754,5890679.1397],[32583253.7757,5890642.1544],[32583259.0198,5890571.206],[32583259.0236,5890571.1828],[32583263.0207,5890546.6922],[32583261.2711,5890529.699],[32583258.2722,5890521.7022],[32583253.524,5890514.7051],[32583246.7766,5890509.7072],[32583237.7801,5890506.7085],[32583220.2871,5890506.7088],[32583207.5422,5890511.2072],[32583188.3001,5890529.2003],[32583170.8072,5890541.6956],[32583116.5791,5890572.1843],[32583105.0838,5890577.6823],[32583094.4878,5890581.3621],[32583027.365,5890604.6727],[32583017.1191,5890609.6709],[32583003.8745,5890619.1673],[32582991.8794,5890624.6653],[32582972.637,5890626.6648],[32582945.3206,5890624.1533],[32582929.1542,5890622.667],[32582922.1571,5890626.6655],[32582920.4079,5890637.1614],[32582922.6571,5890643.159],[32582926.9055,5890648.6567],[32582939.4007,5890658.6526],[32582955.8942,5890665.6495],[32582992.1514,5890671.2509],[32583014.1212,5890674.6451],[32583027.3661,5890680.1427],[32583032.614,5890685.1406],[32583040.1113,5890701.1342],[32583046.8591,5890734.6208],[32583023.8681,5890724.6251],[32583007.3746,5890720.1271],[32582947.6482,5890713.1308],[32582903.1658,5890712.1318],[32582853.6855,5890718.1302],[32582827.9458,5890726.1274],[32582815.7008,5890732.1252],[32582803.7057,5890740.1222],[32582792.4603,5890750.6182],[32582783.2141,5890762.1138],[32582771.719,5890785.6046],[32582768.9704,5890809.0953],[32582769.9702,5890820.5907],[32582775.9681,5890843.0817],[32582785.7145,5890862.074],[32582798.2098,5890877.0679],[32582814.2036,5890887.0636],[32582823.9497,5890890.5621],[32582834.4456,5890892.5612],[32582856.6868,5890893.5604],[32582878.1782,5890890.5613],[32582898.67,5890884.5634],[32582917.1625,5890876.0665],[32582926.4088,5890869.0691],[32582946.9003,5890846.5778],[32582970.2901,5890812.3918],[32582979.3868,5890799.0962],[32582986.6766,5890799.5126],[32582988.133,5890799.5958],[32582994.936,5890799.9844],[32583005.6268,5890800.5952],[32583023.1195,5890801.5945],[32583040.5556,5890806.529],[32583049.609,5890809.0911],[32583056.1065,5890810.0906],[32583062.6039,5890811.0901],[32583116.7123,5890810.2788],[32583129.3274,5890810.0896],[32583148.8197,5890814.5875],[32583167.3125,5890823.0838],[32583183.0564,5890835.0788],[32583193.5525,5890849.0731],[32583195.5518,5890856.0703],[32583194.3025,5890869.565],[32583191.5536,5890875.5626],[32583188.0551,5890881.0605],[32583179.3087,5890888.0578],[32583165.3143,5890893.056],[32583124.6926,5890899.9774],[32583097.8412,5890904.5525],[32583080.0984,5890911.55],[32583072.6014,5890916.5481],[32583059.107,5890929.5431],[32583051.3523,5890939.1843],[32583022.5577,5890974.9841],[32583012.8761,5890987.021],[32583013.8758,5890993.0186],[32583025.4571,5890995.9946],[32583043.614,5890993.0181],[32583085.3472,5890978.0235],[32583105.0893,5890972.5254],[32583169.8135,5890964.0278],[32583205.2994,5890962.5278],[32583221.2931,5890963.0274],[32583255.0298,5890968.5247],[32583309.0086,5890984.5176],[32583345.7442,5890997.5119],[32583359.7386,5891000.0107],[32583366.486,5891000.0106],[32583378.981,5890996.012],[32583383.9789,5890992.0135],[32583387.7273,5890986.0158],[32583389.7264,5890978.5187],[32583389.7263,5890970.0221]],[[32582439.5933,5890251.8217],[32582421.3505,5890249.3229],[32582406.8563,5890250.3227],[32582399.6092,5890250.8226],[32582385.1172,5890253.5007],[32582324.2407,5890264.7506],[32582307.6459,5890267.8173],[32582264.1873,5890272.0996],[32582206.1863,5890277.8148],[32582154.2071,5890291.3102],[32582130.7166,5890301.8064],[32582112.7239,5890315.3013],[32582104.4773,5890324.2978],[32582076.9888,5890364.2823],[32582056.4974,5890398.7689],[32582029.1097,5890507.1267],[32582022.2629,5890534.2156],[32582016.0158,5890567.2026],[32582014.2669,5890591.6929],[32582018.5157,5890628.1783],[32582028.0125,5890668.6621],[32582034.5102,5890687.1547],[32582041.7575,5890703.648],[32582049.7545,5890716.1429],[32582059.2509,5890726.1388],[32582070.2467,5890734.6353],[32582082.7418,5890741.1325],[32582095.9866,5890745.1307],[32582109.9811,5890746.1301],[32582123.4757,5890744.1307],[32582136.7203,5890737.1333],[32582148.9653,5890726.1375],[32582159.211,5890710.6435],[32582167.4575,5890692.6505],[32582177.7029,5890652.1664],[32582183.562,5890602.1858],[32582186.1985,5890579.6951],[32582203.9408,5890534.7127],[32582222.9327,5890495.7279],[32582289.4056,5890444.7472],[32582302.9785,5890433.5059],[32582346.1325,5890397.765],[32582389.3649,5890366.7767],[32582425.1004,5890343.7853],[32582443.8427,5890329.2908],[32582457.587,5890312.7972],[32582461.8352,5890302.8011],[32582464.0842,5890291.8054],[32582464.084,5890279.8102],[32582461.3349,5890268.8146],[32582455.837,5890260.8178],[32582448.3399,5890255.3201],[32582439.5933,5890251.8217]],[[32584788.9478,5892868.2469],[32584792.696,5892845.256],[32584793.1954,5892817.7669],[32584783.1989,5892783.2808],[32584774.702,5892764.7883],[32584764.4558,5892746.7956],[32584752.2104,5892729.8025],[32584738.9655,5892714.8087],[32584709.7268,5892691.8182],[32584695.7322,5892684.3214],[32584682.2375,5892677.8242],[32584657.4972,5892670.3275],[32584616.2635,5892664.8303],[32584601.5858,5892664.733],[32584541.044,5892664.3317],[32584465.8232,5892663.833],[32584442.0826,5892662.8337],[32584377.9233,5892654.8741],[32584330.1347,5892644.7979],[32584311.3841,5892640.8444],[32584285.6443,5892639.8452],[32584273.899,5892642.8442],[32584264.153,5892649.3418],[32584257.1559,5892660.3375],[32584254.4072,5892672.8326],[32584256.9064,5892685.3276],[32584263.154,5892696.3231],[32584272.9003,5892706.319],[32584284.8957,5892715.815],[32584312.6349,5892730.8087],[32584340.6239,5892739.8047],[32584354.8683,5892741.3039],[32584383.6068,5892738.8044],[32584400.7166,5892735.4198],[32584429.0887,5892729.8073],[32584445.0823,5892730.8067],[32584459.5767,5892738.3035],[32584465.0746,5892744.301],[32584468.8232,5892751.798],[32584470.0728,5892760.7944],[32584468.8235,5892771.2902],[32584463.5757,5892780.7865],[32584454.3294,5892785.7847],[32584442.0843,5892788.2839],[32584401.5559,5892786.5888],[32584382.358,5892785.7858],[32584369.6131,5892786.7856],[32584351.1205,5892793.2833],[32584345.1229,5892797.2818],[32584340.067,5892804.0421],[32584338.1259,5892808.2775],[32584336.6267,5892824.2712],[32584337.6264,5892834.2672],[32584342.1248,5892843.7633],[32584352.1209,5892851.76],[32584366.1154,5892857.2576],[32584382.609,5892861.7556],[32584415.596,5892867.2529],[32584439.0867,5892869.7516],[32584448.0831,5892869.7514],[32584460.0783,5892869.7512],[32584475.7507,5892868.6355],[32584530.3004,5892864.7522],[32584560.9191,5892868.8553],[32584578.7813,5892871.2489],[32584607.3003,5892871.8217],[32584628.5115,5892872.2477],[32584659.2494,5892879.2445],[32584719.9756,5892900.7351],[32584732.2208,5892902.2343],[32584746.4651,5892901.7343],[32584766.4572,5892898.2354],[32584774.4539,5892893.2372],[32584780.7014,5892886.7397],[32584788.9478,5892868.2469]],[[32586303.8655,5894198.6956],[32586264.631,5894195.6974],[32586249.3871,5894197.197],[32586238.6414,5894200.6958],[32586230.8946,5894206.6935],[32586224.8971,5894214.6904],[32586220.6489,5894224.6865],[32586218.4,5894235.6822],[32586218.4001,5894248.1772],[32586220.6494,5894261.172],[32586225.3977,5894274.6666],[32586233.1449,5894289.1607],[32586245.1403,5894302.6552],[32586262.3836,5894316.6493],[32586284.1252,5894329.6438],[32586309.1155,5894341.6387],[32586364.8436,5894362.6295],[32586421.5713,5894377.1229],[32586532.2777,5894399.6123],[32586583.7575,5894412.6064],[32586627.4903,5894426.6002],[32586645.7332,5894435.0965],[32586661.4771,5894445.5921],[32586675.2218,5894457.0873],[32586697.2135,5894482.0771],[32586732.7002,5894540.0535],[32586743.6962,5894565.0434],[32586748.1946,5894579.5376],[32586753.6929,5894614.0238],[32586754.193,5894634.0158],[32586752.9438,5894653.0083],[32586749.6953,5894668.5022],[32586744.6974,5894680.9973],[32586738.4501,5894690.9934],[32586730.9531,5894698.9904],[32586722.4566,5894704.9881],[32586691.9689,5894718.983],[32586616.885,5894743.7867],[32586608.7523,5894746.4733],[32586620.1941,5894748.195],[32586711.7117,5894761.9656],[32586753.9449,5894762.9646],[32586796.9278,5894758.4658],[32586819.4188,5894752.9676],[32586828.915,5894747.4696],[32586834.4127,5894738.9729],[32586836.1618,5894726.9777],[32586835.4119,5894713.483],[32586828.4143,5894682.9953],[32586814.4192,5894637.5136],[32586787.1738,5894569.7352],[32586773.434,5894535.5547],[32586758.6892,5894494.0714],[32586745.1942,5894466.0827],[32586736.6974,5894452.5882],[32586726.9511,5894439.5935],[32586703.71,5894417.6026],[32586671.2226,5894400.11],[32586611.496,5894378.6195],[32586564.2916,5894366.958],[32586526.5294,5894357.6291],[32586511.2853,5894349.1327],[32586506.2873,5894343.635],[32586503.5383,5894337.1376],[32586503.0383,5894329.6406],[32586505.2874,5894322.6433],[32586510.2853,5894317.1454],[32586516.7827,5894313.6467],[32586531.5268,5894310.1479],[32586543.7719,5894309.6479],[32586493.0415,5894274.6626],[32586423.0687,5894235.6791],[32586384.084,5894218.1866],[32586346.5987,5894207.1916],[32586303.8655,5894198.6956]],[[32585308.0068,5893929.3175],[32585238.2844,5893918.3229],[32585215.5434,5893918.8231],[32585195.0516,5893925.3208],[32585186.0553,5893931.3186],[32585177.8087,5893939.8153],[32585170.8116,5893950.811],[32585165.314,5893963.806],[32585162.3153,5893977.8004],[32585161.3159,5893992.7945],[32585164.815,5894021.7829],[32585174.8114,5894046.2731],[32585190.0555,5894063.2661],[32585222.2931,5894085.2568],[32585259.0287,5894101.7497],[32585283.769,5894107.747],[32585315.2377,5894113.2998],[32585351.1936,5894119.6444],[32585360.2388,5894121.2405],[32585371.7345,5894134.2352],[32585389.7275,5894149.7287],[32585413.7182,5894163.7228],[32585441.9571,5894170.2198],[32585487.4391,5894173.2179],[32585526.6735,5894169.7187],[32585536.6695,5894167.7194],[32585554.4123,5894160.2221],[32585563.1588,5894155.2239],[32585579.4022,5894141.7291],[32585591.897,5894125.2354],[32585596.1452,5894115.7391],[32585599.1437,5894093.7478],[32585595.1449,5894069.2576],[32585585.1485,5894046.2669],[32585578.1512,5894037.2706],[32585569.6544,5894029.7737],[32585557.3267,5894022.2218],[32585541.9152,5894012.7809],[32585510.9273,5894000.2863],[32585499.4319,5893997.7875],[32585484.7553,5893996.7072],[32585458.698,5893994.7893],[32585397.722,5893985.7938],[32585368.7331,5893956.3059],[32585349.9904,5893942.8115],[32585323.2508,5893932.8159],[32585308.0068,5893929.3175]],[[32582750.7827,5893039.3431],[32582742.0125,5893038.7097],[32582735.765,5893041.7086],[32582728.5181,5893057.7023],[32582725.7894,5893078.9943],[32582722.2713,5893108.6822],[32582714.7748,5893145.6676],[32582706.9381,5893180.1968],[32582689.432,5893257.3302],[32582663.0485,5893373.5778],[32582656.052,5893424.0578],[32582653.5536,5893469.04],[32582657.5525,5893501.527],[32582661.801,5893513.5222],[32582667.2989,5893522.0187],[32582674.2962,5893528.0163],[32582682.2931,5893531.0149],[32582691.0396,5893530.0152],[32582700.036,5893524.5173],[32582717.0289,5893503.0256],[32582732.0225,5893473.537],[32582751.7641,5893426.5554],[32582764.0089,5893407.5628],[32582796.7453,5893365.0792],[32582847.4392,5893309.6836],[32582872.2142,5893282.6108],[32582880.4608,5893268.6163],[32582886.4582,5893252.6225],[32582890.4563,5893236.129],[32582892.2054,5893219.6356],[32582891.7054,5893203.6419],[32582889.2062,5893189.1477],[32582883.9581,5893177.1526],[32582875.4613,5893164.1579],[32582847.222,5893128.6724],[32582810.9858,5893088.6888],[32582776.2491,5893055.7024],[32582761.7547,5893044.707],[32582750.7827,5893039.3431]],[[32581758.9145,5893885.8876],[32581743.9204,5893882.3892],[32581729.676,5893882.8893],[32581716.6812,5893886.3881],[32581704.6861,5893892.8857],[32581693.6906,5893901.8822],[32581683.9446,5893913.3778],[32581677.4474,5893928.8718],[32581675.9483,5893950.863],[32581678.4477,5893977.3525],[32581684.1958,5894006.8407],[32581692.9428,5894037.8282],[32581716.1844,5894096.8044],[32581729.1796,5894121.2945],[32581757.6684,5894173.7722],[32581767.1655,5894191.2662],[32581797.4041,5894233.7488],[32581812.8982,5894250.7418],[32581828.3922,5894262.237],[32581843.6362,5894269.234],[32581858.3804,5894271.7328],[32581872.3748,5894270.2332],[32581885.6195,5894264.7352],[32581897.3647,5894255.7386],[32581907.6105,5894243.7432],[32581915.6071,5894228.2493],[32581920.105,5894208.7569],[32581922.1039,5894186.7656],[32581919.6043,5894138.7848],[32581915.8554,5894114.7943],[32581905.6089,5894072.8112],[32581898.1116,5894053.319],[32581875.1201,5894008.837],[32581860.3756,5893985.3466],[32581827.1382,5893940.8648],[32581791.9016,5893905.3794],[32581775.1581,5893893.3844],[32581758.9145,5893885.8876]],[[32585678.5465,5892238.0585],[32585645.8945,5892232.6171],[32585602.3585,5892232.6177],[32585537.0555,5892254.3865],[32585493.5205,5892297.9228],[32585466.3109,5892341.4589],[32585460.87,5892390.4366],[32585466.3122,5892433.9721],[32585498.9645,5892455.7394],[32585572.4322,5892504.716],[32585591.4787,5892504.7157],[32585629.5721,5892499.2732],[32585673.1072,5892466.6209],[32585689.4329,5892433.9688],[32585705.7576,5892357.7812],[32585705.7569,5892308.8036],[32585705.7563,5892265.2678],[32585694.8723,5892248.9423],[32585678.5465,5892238.0585]],[[32583546.9152,5891059.984],[32583533.1706,5891055.486],[32583518.4265,5891059.9845],[32583504.4322,5891070.4805],[32583493.1869,5891084.9749],[32583489.6884,5891092.472],[32583487.6381,5891104.1854],[32583483.8887,5891214.0606],[32583482.4436,5891256.4069],[32583476.1244,5891347.7821],[32583473.6988,5891382.8568],[32583474.1989,5891404.8481],[32583479.1972,5891423.8404],[32583483.4456,5891432.337],[32583495.9409,5891448.8303],[32583513.1843,5891465.8233],[32583522.6806,5891472.8203],[32583530.9274,5891477.8182],[32583538.4245,5891480.3171],[32583545.1718,5891480.317],[32583551.6692,5891478.8175],[32583564.1641,5891469.3211],[32583577.6585,5891452.3277],[32583585.1554,5891438.8329],[32583601.6483,5891403.3468],[32583633.3846,5891323.3781],[32583639.382,5891305.8849],[32583644.8793,5891272.898],[32583644.3791,5891244.4093],[32583639.8806,5891223.4177],[32583574.8322,5891094.0968],[32583560.41,5891072.4789],[32583553.6626,5891065.4817],[32583546.9152,5891059.984]],[[32587399.9397,5894835.4261],[32587414.9333,5894807.9368],[32587426.8034,5894789.9438],[32587438.6734,5894771.9508],[32587453.6671,5894745.4611],[32587467.4111,5894711.9742],[32587473.6584,5894691.982],[32587484.4035,5894650.9981],[32587489.6509,5894614.0127],[32587489.1509,5894600.0183],[32587485.9021,5894589.5225],[32587480.1542,5894583.525],[32587472.4073,5894581.0261],[32587462.9111,5894581.5261],[32587452.4153,5894584.525],[32587441.4197,5894590.023],[32587420.9281,5894605.5172],[32587367.3042,5894672.6604],[32587330.7155,5894718.4736],[32587301.9773,5894751.9608],[32587252.7476,5894801.4418],[32587228.7573,5894818.9352],[32587205.0169,5894828.9316],[32587181.0265,5894831.9308],[32587157.2859,5894831.4313],[32587122.5496,5894827.9333],[32587111.3041,5894827.9334],[32587099.5587,5894827.9336],[32587038.583,5894832.4327],[32587091.0625,5894852.9238],[32587132.0464,5894865.4182],[32587234.8125,5894886.6509],[32587260.2459,5894891.9058],[32587291.9834,5894900.4019],[32587304.2286,5894904.8999],[32587326.2201,5894916.8948],[32587368.2038,5894945.8827],[32587381.6976,5894888.4053],[32587393.1926,5894851.9197],[32587399.9397,5894835.4261]],[[32586441.0166,5891056.4422],[32586406.0304,5891047.9461],[32586381.79,5891047.9465],[32586373.0435,5891051.4452],[32586365.7964,5891056.9431],[32586330.0613,5891100.9262],[32586312.5686,5891131.4143],[32586304.1372,5891151.6105],[32586299.0745,5891167.9],[32586295.8261,5891186.3927],[32586295.5764,5891203.8858],[32586299.0752,5891219.8794],[32586306.3225,5891232.8741],[32586316.3187,5891243.3698],[32586328.8139,5891250.8666],[32586343.3082,5891255.8644],[32586378.0445,5891261.3617],[32586397.5368,5891261.8612],[32586456.0136,5891263.3598],[32586466.5095,5891269.3572],[32586475.256,5891270.8565],[32586488.7507,5891269.8567],[32586504.7443,5891266.3578],[32586527.5863,5891256.6745],[32586550.4758,5891240.3675],[32586563.9702,5891226.3728],[32586569.4679,5891218.3759],[32586576.7148,5891200.8828],[32586577.4642,5891180.8907],[32586575.4648,5891168.8955],[32586566.9679,5891144.9052],[32586553.4729,5891121.4147],[32586544.9761,5891110.919],[32586533.4805,5891100.4233],[32586500.7432,5891080.4318],[32586481.2508,5891071.4356],[32586441.0166,5891056.4422]],[[32582060.5481,5894121.2896],[32582047.5532,5894119.2906],[32582038.057,5894122.2895],[32582030.3102,5894129.2869],[32582024.3127,5894140.2826],[32582020.3145,5894153.2775],[32582018.0656,5894168.7714],[32582019.5655,5894201.2584],[32582023.3142,5894217.252],[32582030.8115,5894233.2456],[32582042.0572,5894249.7388],[32582074.2949,5894282.2255],[32582093.2876,5894297.2192],[32582113.0299,5894310.2138],[32582152.2646,5894327.7062],[32582191.7491,5894339.2011],[32582235.4819,5894349.6963],[32582258.9726,5894353.1945],[32582283.4629,5894354.6936],[32582308.9528,5894353.6936],[32582335.1923,5894349.6948],[32582349.1867,5894344.6966],[32582358.4329,5894337.6992],[32582363.9306,5894329.2025],[32582366.1796,5894319.7062],[32582365.6797,5894309.7102],[32582358.4323,5894289.7183],[32582352.9343,5894281.2217],[32582343.1881,5894272.2254],[32582305.7026,5894248.2355],[32582212.239,5894198.7566],[32582170.1708,5894174.676],[32582141.5165,5894158.2737],[32582097.7835,5894135.7833],[32582077.7913,5894126.7872],[32582060.5481,5894121.2896]],[[32582379.3729,5890657.6613],[32582351.6338,5890651.6641],[32582325.3943,5890652.1643],[32582277.9132,5890662.161],[32582256.6718,5890672.1573],[32582246.6759,5890680.6541],[32582237.1798,5890690.6503],[32582228.6833,5890702.6456],[32582215.1891,5890730.1349],[32582210.6911,5890745.129],[32582209.4418,5890760.6229],[32582212.1909,5890776.1167],[32582218.4387,5890791.1106],[32582227.1854,5890805.6047],[32582237.6814,5890819.0992],[32582259.9229,5890842.0898],[32582281.1647,5890857.5833],[32582294.1596,5890863.5807],[32582309.4036,5890868.0787],[32582343.3902,5890873.0762],[32582379.8757,5890871.5763],[32582398.1184,5890868.5772],[32582413.1124,5890862.0795],[32582423.6081,5890852.5832],[32582430.3552,5890840.088],[32582434.1035,5890825.5937],[32582435.3528,5890810.5997],[32582434.8526,5890779.612],[32582433.6027,5890752.1229],[32582431.1035,5890736.6291],[32582420.8571,5890704.642],[32582414.4028,5890691.7339],[32582413.11,5890689.1483],[32582403.6135,5890676.1536],[32582392.3679,5890665.1581],[32582379.3729,5890657.6613]],[[32585376.9925,5894847.4517],[32585362.2483,5894845.9525],[32585349.2535,5894847.4521],[32585341.0467,5894850.8876],[32585338.5078,5894851.9504],[32585330.5111,5894859.9474],[32585325.0134,5894870.4433],[32585318.0165,5894895.4335],[32585315.5181,5894935.4176],[32585318.2673,5894957.9086],[32585326.2645,5894985.8974],[32585341.7589,5895023.8821],[32585352.255,5895043.3742],[32585364.7503,5895060.3672],[32585379.2448,5895074.3615],[32585395.4885,5895083.3576],[32585428.9753,5895093.3532],[32585434.4731,5895093.8529],[32585446.2043,5895092.2062],[32585449.4945,5895091.7444],[32585462.9618,5895089.8541],[32585470.4588,5895086.3553],[32585484.2031,5895075.3595],[32585516.19,5895039.8731],[32585521.4378,5895031.8762],[32585528.6846,5895013.3835],[32585532.183,5894993.8911],[32585532.1827,5894975.3985],[32585528.9338,5894965.4025],[32585521.4366,5894953.4074],[32585497.1959,5894925.9187],[32585466.7076,5894897.9303],[32585437.4688,5894873.9402],[32585408.2302,5894856.9474],[32585376.9925,5894847.4517]],[[32587267.7132,5892800.2368],[32587251.2197,5892796.7385],[32587234.4764,5892798.7379],[32587218.9827,5892806.735],[32587204.9884,5892820.2298],[32587192.7435,5892837.2233],[32587182.248,5892857.2155],[32587173.5017,5892878.2073],[32587167.2545,5892899.199],[32587160.7576,5892936.1844],[32587159.0088,5892969.6711],[32587164.507,5892996.6603],[32587172.2542,5893021.1505],[32587180.0013,5893033.6454],[32587190.2474,5893044.1411],[32587202.9925,5893053.1373],[32587218.2365,5893059.1347],[32587235.7296,5893062.633],[32587255.2219,5893062.133],[32587276.7133,5893058.1342],[32587296.2054,5893047.6381],[32587310.6995,5893031.6442],[32587320.9451,5893010.6524],[32587327.4422,5892987.1617],[32587330.9404,5892962.6713],[32587331.9397,5892937.6813],[32587329.4401,5892896.1978],[32587326.441,5892878.7048],[32587321.4428,5892862.2114],[32587314.4453,5892845.7181],[32587305.6986,5892831.224],[32587294.9527,5892818.2293],[32587282.2076,5892807.7336],[32587267.7132,5892800.2368]],[[32584708.2479,5894144.2411],[32584643.7734,5894139.244],[32584604.5389,5894139.7444],[32584586.5461,5894141.7439],[32584571.0523,5894145.2427],[32584559.0571,5894150.2409],[32584549.8109,5894157.2383],[32584541.8142,5894166.7346],[32584529.5694,5894189.7257],[32584519.5739,5894224.7119],[32584518.3245,5894233.7084],[32584519.824,5894241.7052],[32584525.8217,5894249.2021],[32584535.8179,5894256.699],[32584549.3126,5894263.1962],[32584584.049,5894274.1913],[32584626.2823,5894280.1883],[32584649.8899,5894281.8184],[32584695.6071,5894284.9751],[32584709.5588,5894287.6086],[32584710.3501,5894287.758],[32584728.4919,5894291.1824],[32584744.9854,5894292.1818],[32584761.2289,5894289.6825],[32584778.4719,5894281.1856],[32584786.2188,5894274.1883],[32584792.2163,5894265.6916],[32584795.9646,5894255.1957],[32584798.2134,5894231.2052],[32584796.3634,5894213.7981],[32584791.7154,5894193.2204],[32584785.9676,5894181.725],[32584776.971,5894171.7291],[32584765.4754,5894163.2327],[32584752.2306,5894156.7355],[32584737.7363,5894151.2379],[32584708.2479,5894144.2411]],[[32582135.2737,5894498.6386],[32582104.0361,5894497.6394],[32582090.2916,5894500.1386],[32582078.5463,5894505.1368],[32582068.3005,5894511.6344],[32582059.804,5894520.6309],[32582052.557,5894531.1269],[32582047.0594,5894543.1222],[32582043.5609,5894556.6169],[32582042.0617,5894571.1111],[32582042.5618,5894587.1048],[32582045.5608,5894604.098],[32582051.0589,5894620.5913],[32582059.3058,5894635.0855],[32582069.8018,5894647.5803],[32582082.297,5894658.5758],[32582096.0417,5894667.572],[32582126.03,5894680.5664],[32582141.274,5894684.5646],[32582167.0138,5894689.0624],[32582189.5049,5894687.0629],[32582208.997,5894680.0654],[32582225.4903,5894669.5693],[32582238.7349,5894656.5743],[32582249.2305,5894642.0799],[32582256.7274,5894627.5855],[32582261.4753,5894614.0908],[32582262.7246,5894601.0959],[32582260.7252,5894587.1015],[32582247.4801,5894558.6131],[32582225.4884,5894533.6233],[32582212.4934,5894523.6275],[32582184.0046,5894510.1333],[32582151.7672,5894501.1373],[32582135.2737,5894498.6386]],[[32582382.6592,5893330.599],[32582369.1645,5893329.5996],[32582355.9198,5893331.0992],[32582342.925,5893335.5976],[32582331.9295,5893343.0948],[32582324.4326,5893352.5912],[32582319.6846,5893363.5869],[32582317.4357,5893375.5821],[32582317.1859,5893388.0772],[32582321.1847,5893412.0676],[32582324.1837,5893422.5634],[32582330.1814,5893433.5589],[32582346.6291,5893451.9169],[32582370.9158,5893471.5432],[32582389.1587,5893483.5382],[32582408.1513,5893493.0341],[32582427.3938,5893500.031],[32582452.7187,5893503.7507],[32582471.6263,5893506.5278],[32582494.3674,5893514.5243],[32582506.1128,5893516.5233],[32582521.8565,5893515.0237],[32582537.6002,5893508.526],[32582552.3441,5893494.5314],[32582565.5886,5893471.0405],[32582566.5879,5893456.0465],[32582558.341,5893439.5531],[32582543.3467,5893422.5601],[32582523.8542,5893405.5671],[32582502.1126,5893389.5738],[32582461.1285,5893363.5848],[32582422.1437,5893343.0935],[32582398.7799,5893334.0745],[32582382.6592,5893330.599]],[[32581495.2738,5894223.7573],[32581474.7819,5894217.76],[32581457.0389,5894218.26],[32581449.0421,5894221.259],[32581422.303,5894237.7528],[32581400.9888,5894255.063],[32581381.0698,5894271.2401],[32581372.0735,5894282.2359],[32581367.3256,5894295.7306],[32581366.0763,5894311.2244],[32581367.8258,5894328.7175],[32581371.8245,5894346.7102],[32581384.57,5894382.6958],[32581398.8147,5894413.1834],[32581405.3123,5894423.6792],[32581411.5599,5894431.6759],[32581418.3073,5894437.1736],[32581426.5541,5894440.1723],[32581449.0452,5894442.1712],[32581464.789,5894441.1713],[32581480.2828,5894438.1723],[32581492.5278,5894432.6743],[32581502.2739,5894425.1771],[32581509.7707,5894414.6812],[32581521.5157,5894388.6913],[32581540.7572,5894323.2171],[32581543.7556,5894293.7287],[32581543.0057,5894280.7339],[32581536.5079,5894258.243],[32581530.7601,5894249.2466],[32581514.7662,5894234.2528],[32581495.2738,5894223.7573]],[[32583330.2509,5891035.9968],[32583311.0084,5891030.9991],[32583292.5158,5891034.9977],[32583284.2691,5891038.4965],[32583266.0266,5891050.9918],[32583256.7804,5891060.988],[32583248.034,5891074.4827],[32583240.0374,5891090.9763],[32583235.2896,5891108.4694],[32583235.5397,5891124.463],[32583237.6658,5891131.7165],[32583239.7882,5891138.9572],[32583247.5353,5891151.9519],[32583258.0313,5891164.4468],[32583297.2662,5891198.9325],[32583323.5061,5891216.4252],[32583335.7513,5891221.423],[32583357.9925,5891222.4223],[32583367.4886,5891218.4237],[32583375.9852,5891212.426],[32583383.2322,5891203.4295],[32583388.7298,5891191.934],[32583392.2283,5891179.4389],[32583393.7275,5891164.9446],[32583391.9777,5891133.9569],[32583381.0715,5891088.9633],[32583372.9844,5891070.9823],[32583363.9878,5891058.9872],[32583353.2419,5891048.9913],[32583341.7464,5891041.4944],[32583330.2509,5891035.9968]]],[[[32574639.9891,5893926.4775],[32574636.8475,5893930.4759],[32574631.7425,5893936.9734],[32574621.9966,5893953.467],[32574613.5003,5893974.4588],[32574611.5012,5893985.9543],[32574610.7519,5894009.9447],[32574617.0,5894054.427],[32574629.4957,5894096.9099],[32574633.9942,5894122.8995],[32574634.4942,5894134.8947],[32574627.4975,5894172.3799],[32574613.5036,5894212.8641],[32574596.5109,5894253.3482],[32574577.2691,5894291.8332],[32574553.0293,5894331.8177],[32574540.2846,5894348.3113],[32574528.2895,5894359.8069],[32574517.294,5894367.3041],[32574506.7982,5894371.3027],[32574490.4754,5894373.9861],[32574470.3127,5894377.3008],[32574461.5663,5894381.2994],[32574442.3241,5894392.7951],[32574423.0819,5894408.2892],[32574407.5883,5894423.2835],[32574393.5941,5894443.7756],[32574386.3473,5894465.7669],[32574386.3474,5894472.7642],[32574388.772,5894481.6115],[32574396.5936,5894492.2563],[32574404.3406,5894497.2542],[32574425.5823,5894504.7509],[32574450.5724,5894508.7489],[32574500.0528,5894509.248],[32574524.5431,5894511.2468],[32574561.5286,5894521.7421],[32574578.3463,5894531.5794],[32574585.0195,5894536.7358],[32574593.7662,5894547.2315],[32574600.2638,5894559.7264],[32574604.5123,5894573.221],[32574606.7616,5894587.2154],[32574607.5115,5894602.2094],[32574603.7633,5894629.6985],[32574599.2653,5894640.6942],[32574593.0179,5894649.6908],[32574584.7712,5894656.1883],[32574575.0252,5894661.1865],[32574563.5298,5894664.6852],[32574528.9972,5894672.292],[32574506.8025,5894677.1811],[32574448.6727,5894693.4918],[32574437.3303,5894696.6744],[32574415.8398,5894768.6461],[32574407.0124,5894794.0593],[32574399.347,5894816.1275],[32574396.0986,5894835.12],[32574396.5988,5894862.1093],[32574391.459,5894860.8166],[32574379.9504,5894857.922],[32574321.9468,5894843.3334],[32574298.9315,5894831.5137],[32574294.4523,5894827.3901],[32574279.1356,5894813.2896],[32574262.8541,5894806.6287],[32574237.3492,5894801.7861],[32574203.5045,5894795.3601],[32574163.7092,5894787.8043],[32574149.6956,5894785.1436],[32574093.9677,5894784.6446],[32574070.7269,5894782.6457],[32574030.7427,5894776.1489],[32574014.4377,5894772.5258],[32573974.5148,5894763.6547],[32573924.5298,5894749.7619],[32573818.0762,5894720.1743],[32573771.5946,5894711.1786],[32573719.3652,5894706.6812],[32573669.6349,5894705.6823],[32573630.6504,5894707.6821],[32573575.6724,5894718.6786],[32573513.9471,5894736.6723],[32573490.9564,5894752.1665],[32573469.2152,5894763.1625],[32573446.3256,5894768.6606],[32573429.481,5894767.6613],[32573419.235,5894763.1632],[32573415.4865,5894759.6647],[32573408.689,5894749.226],[32573401.4917,5894738.1734],[32573388.7466,5894727.6778],[32573372.503,5894720.181],[32573354.5101,5894716.1829],[32573314.5259,5894715.1839],[32573289.286,5894719.1826],[32573260.2976,5894730.1787],[32573210.8176,5894758.1683],[32573189.1554,5894767.6751],[32573141.3456,5894788.6572],[32573119.0014,5894804.9617],[32573091.8659,5894833.1403],[32573079.621,5894854.6319],[32573076.6224,5894865.6276],[32573076.3726,5894876.6233],[32573079.1217,5894886.1194],[32573084.6196,5894893.6164],[32573092.3666,5894899.1141],[32573101.613,5894903.1123],[32573123.8542,5894908.11],[32573169.5861,5894909.6088],[32573211.0696,5894906.1095],[32573201.977,5894915.5065],[32572636.7963,5894906.9571],[32572631.842,5894894.0497],[32572630.4145,5894890.3307],[32572625.2967,5894857.3747],[32572623.8751,5894848.2203],[32572620.4355,5894836.0495],[32572612.8679,5894832.0733],[32572604.8251,5894827.8474],[32572598.7397,5894815.412],[32572599.6393,5894775.8302],[32572604.0843,5894759.9552],[32572602.8143,5894749.7952],[32572601.5443,5894739.6351],[32572581.8592,5894714.8701],[32572565.481,5894697.5663],[32572552.7169,5894684.081],[32572547.5692,5894667.245],[32572543.7591,5894643.1149],[32572546.2991,5894627.2399],[32572556.4592,5894613.9049],[32572582.9003,5894602.1508],[32572587.0965,5894599.4525],[32572590.4606,5894594.5085],[32572593.1444,5894587.1279],[32572595.6945,5894580.1151],[32572601.9099,5894552.3098],[32572604.4599,5894515.9084],[32572603.5455,5894499.9703],[32572601.2556,5894489.5024],[32572597.6573,5894480.6701],[32572591.442,5894477.0717],[32572581.9554,5894474.7819],[32572566.9078,5894474.7819],[32572500.9692,5894490.0375],[32572449.2238,5894490.0383],[32572393.1664,5894477.1028],[32572344.0368,5894449.8097],[32572342.4958,5894436.6185],[32572337.1587,5894372.8345],[32572337.9079,5894337.3486],[32572340.1568,5894319.8555],[32572349.4026,5894284.8693],[32572364.3962,5894252.382],[32572372.8927,5894238.3874],[32572382.1388,5894225.8922],[32572391.6349,5894216.3959],[32572400.8812,5894209.8983],[32572431.5678,5894195.7177],[32572470.1033,5894177.91],[32572502.5901,5894157.4176],[32572517.584,5894144.9224],[32572529.579,5894131.4276],[32572536.5761,5894118.9324],[32572539.5747,5894106.9372],[32572539.3246,5894095.4417],[32572531.3275,5894072.9508],[32572518.8321,5894050.9597],[32572503.0881,5894030.4681],[32572494.0915,5894021.9716],[32572484.5952,5894014.4747],[32572467.2478,5894004.9691],[32572455.8564,5894001.4803],[32572435.1146,5894000.9808],[32572370.8902,5894009.9782],[32572324.4088,5894018.4755],[32572286.9908,5894027.9531],[32572267.1817,5894032.9706],[32572243.1912,5894033.4708],[32572232.1955,5894027.9731],[32572221.1997,5894014.4786],[32572176.942,5893945.4042],[32572157.4735,5893915.0191],[32572131.7334,5893888.0302],[32572104.9937,5893869.0382],[32572092.4986,5893862.5409],[32572072.5064,5893857.0434],[32572049.0158,5893861.0422],[32572036.0211,5893869.0392],[32572031.273,5893875.0369],[32572028.2743,5893882.0342],[32572027.7576,5893897.1106],[32572029.7742,5893914.5212],[32572036.522,5893946.5084],[32572055.7653,5894012.4819],[32572102.4983,5894124.9365],[32572119.992,5894172.4174],[32572128.4892,5894206.9035],[32572131.2385,5894235.892],[32572127.7404,5894275.3763],[32572116.2455,5894314.8608],[32572095.2545,5894360.3431],[32572077.0121,5894388.832],[32572064.0212,5894405.1512],[32572047.2744,5894420.3199],[32572038.7778,5894423.8187],[32572031.2808,5894423.8188],[32572020.5349,5894416.3219],[32572015.5367,5894403.827],[32572015.0368,5894397.3296],[32572016.786,5894387.8333],[32572034.7258,5894324.6137],[32572048.272,5894276.8769],[32572053.0197,5894251.387],[32572053.0192,5894217.4005],[32572043.7722,5894169.9195],[32572030.5271,5894138.932],[32572008.0354,5894099.9478],[32571971.799,5894045.9698],[32571928.3155,5893987.4937],[32571902.3252,5893945.5108],[32571881.083,5893900.0292],[32571873.981,5893876.5774],[32571873.2227,5893873.2284],[32571836.8839,5893692.3063],[32571822.3523,5893621.1409],[32571816.6043,5893603.6479],[32571797.1116,5893568.1623],[32571771.8712,5893538.6744],[32571758.8762,5893528.1788],[32571746.381,5893521.6816],[32571735.1355,5893520.1823],[32571724.1399,5893521.6819],[32571711.8948,5893525.6805],[32571698.9,5893531.1785],[32571678.7456,5893543.4596],[32571660.1657,5893557.6685],[32571639.4243,5893582.6589],[32571631.1778,5893597.6531],[32571618.1835,5893633.639],[32571603.94,5893694.1152],[32571593.195,5893751.5925],[32571589.1972,5893793.5758],[32571588.0829,5893818.7889],[32571585.4131,5893879.1967],[32571581.9517,5893906.0313],[32571578.4532,5893917.5267],[32571573.7052,5893926.5232],[32571567.9576,5893933.5205],[32571560.7106,5893938.0189],[32571542.9676,5893941.5177],[32571532.4718,5893940.0185],[32571509.9806,5893930.5226],[32571487.4893,5893914.0295],[32571465.529,5893894.1052],[32571436.2589,5893867.5487],[32571424.5135,5893861.0515],[32571411.2687,5893855.5539],[32571397.5241,5893852.5553],[32571383.5296,5893851.5559],[32571370.035,5893853.0555],[32571357.54,5893858.0537],[32571346.2946,5893866.0507],[32571336.7985,5893876.5466],[32571322.5545,5893902.5365],[32571312.5589,5893932.0249],[32571302.0637,5893979.5062],[32571296.5661,5893994.5003],[32571287.8198,5894007.9951],[32571264.5793,5894029.4869],[32571233.8417,5894047.98],[32571197.7921,5893977.2646],[32571168.6158,5893920.0318],[32571159.369,5893888.5445],[32571156.6197,5893856.0574],[32571157.6187,5893819.0721],[32571161.3666,5893775.0896],[32571166.8485,5893750.3706],[32571180.1083,5893712.6141],[32571189.3544,5893693.1217],[32571211.0952,5893655.1365],[32571236.5846,5893617.651],[32571271.5701,5893577.1666],[32571310.3042,5893538.6813],[32571345.04,5893508.1929],[32571358.2846,5893497.6969],[32571370.5297,5893490.6995],[32571383.7743,5893484.7017],[32571397.7687,5893480.703],[32571426.5073,5893478.2036],[32571440.7517,5893479.7028],[32571467.4912,5893489.1986],[32571479.2366,5893496.1957],[32571500.7284,5893513.6884],[32571518.9714,5893533.6802],[32571536.6167,5893558.0177],[32571547.9605,5893573.6639],[32571554.7079,5893579.1616],[32571561.4552,5893581.6605],[32571574.9498,5893579.1613],[32571588.6943,5893569.6648],[32571601.1891,5893554.1708],[32571607.9091,5893535.5899],[32571612.4339,5893501.6915],[32571610.9341,5893473.7027],[32571606.1856,5893449.2125],[32571605.4357,5893434.7182],[32571607.4344,5893400.7317],[32571617.6796,5893343.2544],[32571622.6773,5893323.7621],[32571629.4244,5893306.7687],[32571637.9208,5893294.2736],[32571648.1666,5893284.7772],[32571659.9119,5893278.2796],[32571685.1518,5893270.2824],[32571723.8863,5893263.2846],[32571751.8752,5893263.2842],[32571782.1133,5893266.7823],[32571813.8508,5893273.7791],[32571845.0886,5893285.2741],[32571858.8332,5893294.2703],[32571871.0785,5893305.2657],[32571882.0744,5893318.2604],[32571920.31,5893375.737],[32571939.3028,5893397.728],[32571949.5488,5893405.2248],[32571971.5402,5893413.7211],[32571983.2856,5893415.2204],[32571995.5307,5893414.7204],[32572022.0201,5893409.722],[32572050.5087,5893400.2253],[32572083.4954,5893386.2304],[32572116.4821,5893372.2355],[32572129.9767,5893368.7366],[32572170.2107,5893363.2382],[32572251.1786,5893360.738],[32572337.1445,5893364.2353],[32572398.6203,5893372.2312],[32572456.3475,5893383.7258],[32572480.8379,5893390.2229],[32572500.5802,5893396.72],[32572525.3205,5893408.7149],[32572537.3158,5893412.2133],[32572561.0565,5893416.7111],[32572587.0462,5893417.2106],[32572595.5427,5893412.7122],[32572601.2904,5893406.2147],[32572605.0388,5893398.2178],[32572607.5375,5893381.7244],[32572606.7876,5893368.7295],[32572622.2816,5893375.7265],[32572639.7747,5893377.7255],[32572646.7719,5893374.2268],[32572651.27,5893365.7301],[32572652.0195,5893351.2358],[32572612.2848,5893320.2487],[32572594.0832,5893311.3158],[32572571.5507,5893300.2573],[32572545.5608,5893285.2636],[32572533.8153,5893277.7668],[32572499.3286,5893250.778],[32572373.1275,5893171.8113],[32572353.6351,5893156.8175],[32572337.3913,5893140.3243],[32572324.1463,5893121.8319],[32572313.6502,5893103.3394],[32572305.1533,5893084.3471],[32572289.4088,5893032.8678],[32572286.4097,5893015.8745],[32572284.6601,5892995.3827],[32572284.1596,5892945.9024],[32572287.9704,5892862.3571],[32572290.1554,5892814.4545],[32572288.6557,5892793.4629],[32572285.4067,5892774.9703],[32572280.9083,5892758.9767],[32572274.9105,5892744.9824],[32572260.9157,5892723.4911],[32572244.9219,5892708.9971],[32572228.1784,5892700.5008],[32572211.1851,5892697.5022],[32572203.1883,5892698.5019],[32572195.9412,5892700.5012],[32572182.6966,5892709.9977],[32572158.4565,5892736.9873],[32572145.1961,5892753.8227],[32572100.9804,5892809.9592],[32572064.2455,5892848.4444],[32571985.028,5892926.9144],[32571958.5389,5892957.9025],[32571950.7922,5892970.3976],[32571946.2941,5892981.8931],[32571944.2951,5892992.389],[32571944.5451,5893003.3846],[32571953.2922,5893041.8692],[32571959.2901,5893057.8627],[32571978.7828,5893091.3491],[32571990.0286,5893107.3426],[32572018.5178,5893141.8285],[32572011.8548,5893158.8199],[32572008.5221,5893167.3185],[32572005.19,5893175.8157],[32571998.5264,5893192.8085],[32571947.7964,5893182.3134],[32571930.5613,5893181.7973],[32571881.0728,5893180.3152],[32571849.8351,5893175.8175],[32571824.3451,5893169.3204],[32571813.0995,5893162.3234],[32571783.111,5893132.3358],[32571750.1235,5893090.8527],[32571708.6391,5893034.8756],[32571695.3942,5893020.8814],[32571676.4015,5893005.3878],[32571629.1698,5892974.4008],[32571583.6875,5892949.9112],[32571555.4485,5892937.9164],[32571521.9617,5892928.9205],[32571491.9734,5892918.4251],[32571462.4849,5892904.9309],[32571449.7399,5892897.4341],[32571439.2439,5892888.4378],[32571430.997,5892877.9421],[32571424.7493,5892865.947],[32571418.7514,5892839.9574],[32571419.0011,5892826.4628],[32571421.25,5892813.4679],[32571425.4981,5892801.4726],[32571433.4948,5892788.9774],[32571445.9896,5892775.4826],[32571479.4759,5892745.9938],[32571522.9959,5892712.093],[32571549.3626,5892691.5542],[32571574.4372,5892672.0218],[32571646.6579,5892623.0402],[32571700.3862,5892596.5499],[32571731.1238,5892577.0572],[32571756.1135,5892555.5654],[32571768.3585,5892541.5708],[32571775.3555,5892528.076],[32571777.6045,5892516.0808],[32571776.8547,5892510.583],[32571771.6066,5892501.5866],[32571756.1126,5892488.0922],[32571743.3676,5892481.595],[32571730.8725,5892479.596],[32571723.2869,5892481.7783],[32571690.8887,5892503.587],[32571663.3999,5892526.5783],[32571649.6555,5892539.5734],[32571635.9112,5892552.5684],[32571601.925,5892579.5582],[32571559.1924,5892608.0475],[32571477.9753,5892658.5286],[32571438.4913,5892681.0203],[32571351.2765,5892726.5035],[32571329.0354,5892735.0004],[32571311.2925,5892736.9999],[32571302.2961,5892736.0004],[32571293.2996,5892733.5016],[32571274.5569,5892723.5058],[32571223.3267,5892686.0215],[32571176.0948,5892645.5383],[32571162.8499,5892631.0442],[32571152.3538,5892616.5501],[32571145.8562,5892600.5566],[32571143.8567,5892583.5634],[32571145.8557,5892565.5705],[32571150.6036,5892547.5776],[32571157.8504,5892530.5842],[32571174.8433,5892504.0945],[32571183.09,5892496.0976],[32571202.0822,5892482.6026],[32571208.8294,5892474.1059],[32571210.0788,5892463.6101],[32571208.3294,5892456.6129],[32571204.3309,5892449.6157],[32571189.0868,5892440.6195],[32571179.5905,5892438.1207],[32571146.2713,5892435.6222],[32571139.6063,5892435.1224],[32571115.6158,5892430.1248],[32571100.1218,5892422.1282],[32571094.1241,5892416.6305],[32571078.1299,5892380.645],[32571065.1348,5892356.6547],[32571049.3907,5892333.1643],[32571033.1468,5892313.6723],[32571021.901,5892293.1806],[32571015.4033,5892272.189],[32571012.2543,5892252.0373],[32571009.1552,5892232.205],[32570998.6591,5892213.7125],[32570983.165,5892197.2193],[32570974.6683,5892191.2218],[32570958.1747,5892183.2253],[32570946.8565,5892180.0815],[32570931.1853,5892175.7286],[32570911.6929,5892167.7321],[32570895.4492,5892155.7371],[32570889.9513,5892147.7404],[32570885.4529,5892138.2442],[32570877.2058,5892112.2547],[32570871.7243,5892091.9227],[32570847.9659,5892003.7982],[32570842.7176,5891977.3088],[32570842.7173,5891955.3176],[32570846.4656,5891937.3247],[32570853.2127,5891922.8303],[32570861.4593,5891912.3344],[32570870.4556,5891904.3374],[32570885.4495,5891897.8398],[32570953.4224,5891891.3404],[32571016.1475,5891885.3428],[32571038.1387,5891880.8443],[32571057.1311,5891870.3481],[32571076.1233,5891853.8544],[32571110.609,5891809.8714],[32571136.3485,5891786.3803],[32571188.8272,5891752.3931],[32571228.3112,5891732.4004],[32571294.7845,5891704.9104],[32571343.5149,5891688.916],[32571368.255,5891682.4182],[32571415.4862,5891673.9209],[32571461.9678,5891673.9202],[32571484.7088,5891676.9187],[32571506.7001,5891680.9167],[32571544.9351,5891691.412],[32571572.1744,5891701.4076],[32571596.1651,5891714.9019],[32571625.1539,5891734.3937],[32571653.8928,5891757.884],[32571676.8841,5891783.3735],[32571685.131,5891797.3678],[32571698.1263,5891832.8535],[32571702.8747,5891851.8459],[32571709.1228,5891889.8307],[32571710.6947,5891941.5068],[32571711.3729,5891963.8013],[32571713.1223,5891970.7985],[32571716.1212,5891975.2966],[32571720.6195,5891978.2954],[32571727.3668,5891978.2953],[32571734.8638,5891974.7965],[32571741.1112,5891967.2994],[32571750.857,5891944.3084],[32571762.6017,5891899.8259],[32571766.1003,5891894.3281],[32571771.8479,5891889.8298],[32571787.5916,5891885.3313],[32571796.8379,5891885.3312],[32571815.3306,5891887.3301],[32571831.8242,5891892.3279],[32571841.8202,5891893.3273],[32571878.8061,5891893.3268],[32571919.2895,5891893.3262],[32571949.1877,5891896.0795],[32571995.2595,5891900.3223],[32572015.5014,5891898.3227],[32572025.9972,5891893.8244],[32572046.9887,5891880.8292],[32572070.889,5891860.4505],[32572094.4693,5891840.3446],[32572118.2097,5891824.8504],[32572145.4486,5891809.856],[32572171.6881,5891797.3605],[32572190.9303,5891791.3626],[32572204.7581,5891790.3628],[32572211.6721,5891789.8629],[32572227.4158,5891786.3641],[32572246.9079,5891776.8676],[32572252.1736,5891770.6047],[32572253.6551,5891766.3716],[32572252.9054,5891761.8734],[32572247.1576,5891756.8755],[32572243.6589,5891756.3758],[32572238.661,5891759.3746],[32572235.4122,5891758.8749],[32572212.4211,5891743.3814],[32572204.1744,5891740.3827],[32572190.1887,5891739.7633],[32572178.4346,5891743.3819],[32572168.1888,5891751.3789],[32572151.9454,5891760.8753],[32572097.7695,5891785.2712],[32572066.4798,5891799.3613],[32571987.5117,5891839.3466],[32571973.2674,5891844.3448],[32571959.273,5891846.3442],[32571946.0282,5891846.8442],[32571933.2833,5891845.345],[32571910.0424,5891838.3482],[32571881.3036,5891824.854],[32571859.3122,5891817.3573],[32571820.8274,5891809.8608],[32571801.3923,5891807.9297],[32571780.5933,5891805.863],[32571757.8522,5891796.3671],[32571738.3597,5891781.3734],[32571712.1197,5891753.3849],[32571703.1231,5891742.8892],[32571689.1086,5891722.6173],[32571663.388,5891685.4126],[32571639.897,5891658.4237],[32571627.1519,5891647.4283],[32571613.907,5891639.4316],[32571587.6673,5891627.9366],[32571575.4221,5891624.4382],[32571550.5447,5891620.5901],[32571530.1899,5891617.4416],[32571518.1945,5891609.445],[32571513.1965,5891603.9472],[32571505.9491,5891589.4531],[32571503.6998,5891572.9597],[32571504.6993,5891563.4635],[32571512.4458,5891533.9751],[32571522.9413,5891514.9824],[32571529.9384,5891506.9855],[32571537.9352,5891499.9882],[32571557.4273,5891487.9927],[32571628.3987,5891456.0043],[32571654.1383,5891442.0095],[32571681.1273,5891424.0162],[32571703.3682,5891404.5237],[32571710.6152,5891395.5271],[32571714.1137,5891387.5303],[32571714.3634,5891374.5354],[32571709.3653,5891363.0401],[32571698.6193,5891346.5468],[32571693.3712,5891331.5528],[32571693.6207,5891304.5635],[32571699.8675,5891252.0843],[32571698.8675,5891228.5937],[32571693.0543,5891203.251],[32571683.8728,5891182.1124],[32571677.8751,5891173.116],[32571658.9936,5891154.6771],[32571603.1537,5891100.1461],[32571552.4232,5891055.1648],[32571507.9404,5891026.1769],[32571478.4519,5891012.6828],[32571466.7065,5891010.1839],[32571458.4598,5891011.6834],[32571453.4619,5891016.6815],[32571449.9633,5891023.179],[32571448.2141,5891031.6757],[32571448.7142,5891051.6677],[32571453.6204,5891077.351],[32571465.7087,5891140.6321],[32571495.4499,5891352.5474],[32571515.9432,5891453.507],[32571477.7087,5891476.9982],[32571406.2376,5891517.4832],[32571371.5016,5891532.9776],[32571348.7607,5891535.9767],[32571325.0201,5891534.4776],[32571293.0327,5891529.9799],[32571276.0395,5891530.48],[32571257.2969,5891533.9789],[32571230.8076,5891544.9749],[32571224.3102,5891549.4732],[32571215.3139,5891559.4693],[32571200.82,5891583.9598],[32571192.8235,5891602.4526],[32571189.5515,5891619.6035],[32571185.5769,5891640.4376],[32571178.3299,5891653.9324],[32571161.087,5891671.9255],[32571144.0939,5891681.4219],[32571122.3526,5891687.9197],[32571086.1171,5891692.4184],[32571048.8818,5891691.9192],[32570980.9087,5891687.9218],[32570953.4196,5891689.9214],[32570926.1806,5891697.9186],[32570900.6908,5891709.4144],[32570860.2073,5891736.4043],[32570842.7143,5891743.4018],[32570816.4747,5891743.4022],[32570802.6335,5891739.0171],[32570791.2346,5891735.4057],[32570782.9879,5891734.4062],[32570751.0006,5891738.4051],[32570741.9314,5891738.9051],[32570687.5258,5891741.9047],[32570672.9527,5891743.645],[32570654.0392,5891745.9036],[32570655.788,5891711.9171],[32570654.788,5891683.9282],[32570646.2906,5891633.4484],[32570640.2927,5891614.456],[32570622.5493,5891578.9704],[32570603.3065,5891549.4824],[32570588.0623,5891529.9904],[32570597.3086,5891526.9914],[32570604.5556,5891521.9933],[32570610.0533,5891515.9956],[32570616.3006,5891500.0019],[32570617.55,5891490.5056],[32570616.5501,5891469.0142],[32570611.3019,5891450.0218],[32570601.3057,5891436.5273],[32570588.3107,5891427.5311],[32570573.5665,5891421.5337],[32570548.3264,5891416.0363],[32570521.587,5891416.5365],[32570506.3431,5891421.5347],[32570479.6041,5891446.5252],[32570441.6198,5891494.5067],[32570427.48,5891517.8381],[32570411.6324,5891543.9875],[32570394.6395,5891565.979],[32570384.8935,5891575.9751],[32570374.1479,5891583.9721],[32570348.6582,5891599.9661],[32570317.6707,5891617.9594],[32570300.4277,5891625.4567],[32570282.6848,5891631.9544],[32570264.1922,5891636.4529],[32570245.1998,5891637.9526],[32570226.4572,5891636.4535],[32570207.9644,5891632.9551],[32570185.4271,5891625.1173],[32570154.9851,5891610.4648],[32570138.2416,5891599.4695],[32570121.9979,5891587.9743],[32570062.2709,5891538.9946],[32570047.1503,5891527.9981],[32570023.7858,5891511.0063],[32570073.7655,5891477.0191],[32570098.0055,5891454.0279],[32570105.2525,5891442.5323],[32570124.4943,5891402.0481],[32570135.9894,5891382.5557],[32570150.4834,5891362.0636],[32570167.7263,5891344.0705],[32570186.4687,5891331.0754],[32570206.2107,5891321.5789],[32570226.4526,5891316.0808],[32570261.6886,5891311.5821],[32570284.9293,5891306.0839],[32570294.9253,5891301.0857],[32570303.1719,5891294.5882],[32570309.1694,5891285.0919],[32570312.9178,5891274.596],[32570315.1667,5891264.1001],[32570316.166,5891244.6079],[32570310.9178,5891219.6179],[32570287.1763,5891154.1442],[32570311.2291,5891134.4641],[32570320.1628,5891127.1545],[32570334.407,5891113.1598],[32570339.9047,5891105.6627],[32570343.6531,5891097.1661],[32570347.6512,5891077.1739],[32570346.1511,5891030.1926],[32570347.9002,5891012.1998],[32570353.6476,5890994.7066],[32570364.3932,5890980.2122],[32570371.8901,5890974.2145],[32570384.5725,5890966.9672],[32570406.876,5890954.2219],[32570450.8582,5890932.23],[32570476.5979,5890921.234],[32570519.8306,5890914.2361],[32570536.0741,5890908.7381],[32570541.8217,5890903.74],[32570545.0704,5890896.2429],[32570544.0706,5890888.2461],[32570538.0729,5890882.2486],[32570528.3267,5890878.2503],[32570516.0816,5890875.7515],[32570456.1053,5890874.253],[32570419.8697,5890877.7521],[32570364.3919,5890887.2492],[32570330.9052,5890888.7491],[32570245.189,5890877.7547],[32570205.7046,5890875.2563],[32570171.968,5890877.7558],[32570148.4564,5890880.891],[32570085.7524,5890889.2525],[32570042.0198,5890891.2524],[32569997.2874,5890888.2542],[32569955.5539,5890880.7578],[32569938.0735,5890876.0337],[32569924.5273,5890871.5181],[32569991.2755,5890835.5755],[32570047.3327,5890814.0142],[32570090.4534,5890809.7015],[32570142.1987,5890809.7008],[32570193.9444,5890831.2605],[32570206.8807,5890839.8845],[32570241.3773,5890835.5718],[32570254.3132,5890814.0111],[32570254.3124,5890753.6418],[32570240.9423,5890686.7948],[32570261.9293,5890657.8419],[32570270.4256,5890640.8485],[32570277.9224,5890622.8556],[32570289.6672,5890584.8705],[32570295.9145,5890570.8759],[32570302.9116,5890559.8802],[32570317.4057,5890544.886],[32570327.8773,5890537.3364],[32570338.8969,5890529.3918],[32570352.3914,5890516.8966],[32570370.134,5890494.905],[32570377.3809,5890475.4127],[32570378.6301,5890452.4218],[32570375.1311,5890427.4318],[32570366.3842,5890398.4434],[32570351.3896,5890359.959],[32570328.398,5890310.479],[32570297.4096,5890261.4989],[32570266.9211,5890221.0154],[32570244.1797,5890194.0265],[32570291.4113,5890211.5188],[32570327.897,5890229.0114],[32570368.6312,5890252.5014],[32570390.6227,5890266.9953],[32570446.851,5890308.478],[32570479.3385,5890334.4672],[32570586.7971,5890424.4298],[32570569.5542,5890439.9239],[32570536.5678,5890473.9109],[32570519.5748,5890495.9024],[32570514.327,5890506.3983],[32570507.3301,5890527.3901],[32570505.3312,5890549.3814],[32570508.8301,5890571.8724],[32570513.0786,5890583.3678],[32570519.8261,5890592.8639],[32570530.0721,5890600.3607],[32570542.5672,5890605.3586],[32570572.3055,5890609.8563],[32570587.7994,5890610.3559],[32570621.8763,5890607.7943],[32570707.5018,5890601.3577],[32570736.7402,5890602.8567],[32570749.4852,5890605.8553],[32570760.7308,5890611.3529],[32570770.4771,5890618.8498],[32570785.4713,5890635.8428],[32570797.4669,5890660.3329],[32570798.9666,5890675.327],[32570795.4682,5890692.8201],[32570787.4716,5890709.8134],[32570775.2266,5890723.3082],[32570765.9804,5890727.3068],[32570737.2418,5890731.8054],[32570667.7694,5890734.3055],[32570642.2796,5890736.8048],[32570620.5383,5890744.3022],[32570601.7959,5890756.2977],[32570587.052,5890773.791],[32570577.5561,5890795.7824],[32570575.5571,5890814.275],[32570577.3065,5890822.7716],[32570585.0537,5890836.766],[32570597.7988,5890848.761],[32570606.2955,5890853.7589],[32570628.2868,5890859.2564],[32570667.2714,5890862.7544],[32570692.7614,5890867.2522],[32570712.7536,5890875.2488],[32570726.7482,5890886.2442],[32570736.7444,5890901.2381],[32570747.4906,5890931.226],[32570752.4247,5890972.4356],[32570755.9882,5891002.1977],[32570762.9857,5891022.6894],[32570775.7309,5891038.6829],[32570783.7278,5891044.6804],[32570802.2206,5891052.1771],[32570822.7125,5891052.6766],[32570843.704,5891043.6799],[32570853.9498,5891035.6829],[32570863.6958,5891026.1865],[32570880.9387,5891005.1946],[32570892.764,5890985.9617],[32570903.6792,5890968.209],[32570910.1765,5890960.2121],[32570917.6734,5890952.7149],[32570937.1655,5890940.7194],[32570949.4106,5890936.7208],[32570978.3991,5890934.2214],[32571003.6391,5890935.7204],[32571033.1275,5890942.2174],[32571089.3553,5890950.7132],[32571105.3272,5890952.3428],[32571138.3359,5890955.7105],[32571160.827,5890956.2099],[32571174.3216,5890951.7115],[32571189.5654,5890940.2159],[32571199.8111,5890922.7227],[32571202.8098,5890912.2268],[32571204.309,5890900.7313],[32571202.5594,5890876.2411],[32571193.5625,5890847.2527],[32571137.5833,5890749.2925],[32571105.3453,5890688.817],[32571091.6003,5890657.8296],[32571081.104,5890628.3414],[32571074.1064,5890599.8529],[32571070.3575,5890572.3638],[32571069.3575,5890544.375],[32571070.8565,5890516.3861],[32571074.3547,5890487.3975],[32571086.0992,5890424.4224],[32571095.595,5890393.9344],[32571109.3392,5890369.4439],[32571125.8324,5890349.9514],[32571144.0749,5890334.9571],[32571162.8173,5890323.4614],[32571222.2934,5890298.4704],[32571258.279,5890289.9733],[32571303.261,5890282.4756],[32571396.474,5890272.978],[32571443.2054,5890273.4771],[32571470.8422,5890274.81],[32571557.1603,5890278.9732],[32571588.8977,5890274.9743],[32571621.0803,5890265.0996],[32571632.8801,5890261.479],[32571658.3699,5890256.4806],[32571730.5912,5890251.4815],[32571773.0743,5890251.9807],[32571808.68,5890258.733],[32571831.0515,5890262.9755],[32571848.5445,5890257.9772],[32571854.7919,5890252.4793],[32571861.2892,5890237.985],[32571862.0386,5890220.9917],[32571859.7893,5890203.9985],[32571855.5408,5890195.0021],[32571837.0479,5890174.0107],[32571794.5642,5890138.0257],[32571787.5668,5890124.0313],[32571786.0672,5890110.0369],[32571789.9073,5890094.0789],[32571802.81,5890069.053],[32571824.301,5890041.0638],[32571827.5497,5890034.5663],[32571829.049,5890027.5691],[32571827.7993,5890012.575],[32571822.3013,5889999.5803],[32571815.687,5889993.2911],[32571808.0568,5889991.0839],[32571784.0663,5889988.5852],[32571719.3419,5889986.587],[32571681.6069,5889988.087],[32571635.1639,5889992.6261],[32571604.8874,5889995.5851],[32571568.5687,5889996.5852],[32571550.409,5889997.0853],[32571521.4206,5890001.0842],[32571505.0941,5890009.8524],[32571494.4315,5890015.5788],[32571466.6926,5890024.5757],[32571420.7109,5890026.5755],[32571398.7196,5890024.0769],[32571376.2284,5890016.5802],[32571364.9827,5890010.0829],[32571352.2376,5890000.0871],[32571322.7489,5889968.6],[32571275.2764,5889907.8371],[32571260.2725,5889888.6328],[32571252.0257,5889881.1359],[32571229.7843,5889865.1426],[32571210.2899,5889854.646],[32571197.2969,5889847.65],[32571188.5504,5889844.6513],[32571188.55,5889819.1614],[32571183.1034,5889787.8901],[32571180.8024,5889774.6792],[32571180.0525,5889761.1846],[32571183.5507,5889732.1961],[32571187.2991,5889718.2016],[32571197.5447,5889693.7112],[32571213.0382,5889673.7189],[32571242.5262,5889648.7284],[32571277.7618,5889622.7382],[32571308.4994,5889604.2451],[32571318.4954,5889600.2465],[32571326.4923,5889606.7438],[32571339.2373,5889609.2426],[32571476.989,5889609.6849],[32571494.1759,5889609.7401],[32571542.1569,5889612.7382],[32571573.1447,5889617.236],[32571613.8787,5889627.7312],[32571599.8843,5889637.2276],[32571589.1388,5889648.2234],[32571581.1421,5889660.2188],[32571575.3946,5889673.2137],[32571572.146,5889686.7084],[32571570.3969,5889699.7032],[32571570.897,5889722.6941],[32571573.3962,5889732.6901],[32571584.3921,5889752.1822],[32571601.8854,5889769.675],[32571624.6266,5889783.6691],[32571637.1217,5889788.6669],[32571696.5983,5889802.1606],[32571755.845,5889812.3371],[32571778.0662,5889816.1539],[32571793.3681,5889816.858],[32571995.2302,5889826.1466],[32572098.1897,5889846.1372],[32572130.9268,5889849.6353],[32572167.0995,5889851.1342],[32572179.1577,5889851.6338],[32572206.1475,5889886.6195],[32572229.8886,5889923.1046],[32572244.3832,5889950.0937],[32572275.1219,5890014.5676],[32572278.7669,5890011.1576],[32572278.9962,5890010.9431],[32572281.5212,5890008.5809],[32572285.451,5890004.9046],[32572287.9212,5890002.5937],[32572290.6156,5890000.0731],[32572371.3328,5889946.5931],[32572394.5734,5889929.5996],[32572432.8078,5889897.6117],[32572446.0523,5889883.6171],[32572467.7933,5889855.1281],[32572484.2864,5889827.6387],[32572500.0296,5889793.1522],[32572508.4409,5889769.1663],[32572510.1261,5889764.3609],[32572516.8542,5889745.175],[32572520.2207,5889735.5751],[32572525.2686,5889721.1804],[32572558.2553,5889702.6873],[32572584.4948,5889694.6901],[32572592.7414,5889690.1917],[32572612.7332,5889670.6992],[32572617.2313,5889663.7019],[32572622.2292,5889650.707],[32572632.7243,5889585.589],[32572634.4733,5889574.737],[32572570.2488,5889577.7368],[32572506.0243,5889580.7366],[32572441.7998,5889583.7363],[32572377.5753,5889586.7361],[32572380.8239,5889579.239],[32572384.822,5889560.7463],[32572384.8218,5889540.7542],[32572383.0723,5889531.258],[32572376.5747,5889515.2645],[32572371.3267,5889509.7668],[32572357.582,5889502.7698],[32572322.3553,5889498.8942],[32572301.622,5889496.6132],[32572290.3281,5889495.3707],[32572280.3625,5889494.2743],[32572263.3692,5889493.7747],[32572234.8152,5889499.0803],[32572217.6375,5889502.272],[32572209.5157,5889502.7719],[32572163.3695,5889505.6124],[32572159.061,5889505.8776],[32572136.4198,5889507.2713],[32572111.1798,5889510.7703],[32572089.9383,5889517.268],[32572074.6946,5889530.2631],[32572062.1998,5889549.2557],[32572054.536,5889564.084],[32572039.2095,5889593.7384],[32572020.7172,5889617.2293],[32571992.9785,5889641.72],[32571960.2418,5889662.7121],[32571943.4986,5889670.7092],[32571927.0052,5889676.2073],[32571909.5122,5889679.7061],[32571870.2778,5889683.2053],[32571807.8025,5889682.7064],[32571842.5378,5889612.2339],[32571859.0307,5889574.2488],[32571869.2762,5889539.7623],[32571870.0256,5889520.7699],[32571865.2772,5889501.2777],[32571860.279,5889491.2817],[32571830.2903,5889449.2989],[32571812.5471,5889432.8057],[32571801.0516,5889426.3085],[32571770.3136,5889416.3129],[32571752.0708,5889412.8145],[32571734.5778,5889411.8152],[32571717.5845,5889412.3153],[32571685.0975,5889417.8136],[32571639.3658,5889433.8079],[32571603.2201,5889450.2287],[32571554.6499,5889472.2939],[32571521.1634,5889483.7898],[32571505.9195,5889486.7888],[32571479.7528,5889489.1413],[32571476.4869,5889489.4349],[32571439.196,5889492.7874],[32571396.713,5889503.2839],[32571373.4723,5889511.2811],[32571353.4804,5889520.7776],[32571312.7046,5889553.6917],[32571310.0951,5889555.798],[32571303.8708,5889560.8222],[32571297.7531,5889565.7605],[32571410.5152,5889338.9274],[32571427.6979,5889304.3625],[32571452.1877,5889271.3752],[32571478.9268,5889244.8854],[32571503.9166,5889225.3927],[32571537.0096,5889203.8343],[32571547.6488,5889196.9034],[32571557.8946,5889187.407],[32571561.3932,5889181.4094],[32571563.3922,5889167.4149],[32571558.6439,5889152.9207],[32571547.8979,5889139.4263],[32571522.4078,5889120.934],[32571495.9181,5889111.938],[32571479.4247,5889109.4392],[32571445.9379,5889107.9403],[32571419.6983,5889109.9399],[32571412.2013,5889111.9392],[32571404.5385,5889116.2705],[32571354.7246,5889144.4272],[32571344.9785,5889148.4257],[32571336.8488,5889150.507],[32571313.741,5889156.423],[32571287.0018,5889167.419],[32571270.0086,5889175.9159],[32571257.7636,5889185.9121],[32571253.7653,5889191.9098],[32571251.0166,5889204.9047],[32571251.7664,5889211.9019],[32571258.0141,5889225.3964],[32571269.2598,5889238.3911],[32571283.7542,5889249.8863],[32571300.9975,5889260.3819],[32571319.7402,5889269.378],[32571334.2346,5889279.8736],[32571338.7329,5889286.8708],[32571341.2321,5889294.8676],[32571341.4822,5889314.3598],[32571336.2347,5889338.8502],[32571314.2441,5889388.8306],[32571275.2606,5889462.8018],[32571221.5332,5889559.2643],[32571200.2919,5889575.758],[32571169.8043,5889594.2511],[32571150.3121,5889600.249],[32571122.3232,5889600.2494],[32571106.0795,5889594.7519],[32571099.3321,5889590.7536],[32571089.336,5889579.7581],[32571083.3381,5889565.2639],[32571079.3394,5889540.7737],[32571080.0888,5889524.7801],[32571077.3394,5889487.7948],[32571073.3406,5889460.3058],[32571067.3426,5889434.3162],[32571057.5961,5889408.3267],[32571008.1141,5889294.3727],[32570998.8675,5889276.8798],[32570989.8709,5889264.3849],[32570980.8744,5889255.3886],[32570971.8779,5889250.3907],[32570962.3816,5889247.8919],[32570941.6399,5889250.891],[32570932.3936,5889255.3893],[32570925.8963,5889262.8865],[32570922.3978,5889272.3827],[32570920.8986,5889283.8782],[32570922.6483,5889311.867],[32570929.3963,5889363.3465],[32570930.8962,5889398.8323],[32570928.8975,5889434.3183],[32570918.6523,5889488.7968],[32570912.1552,5889508.2891],[32570903.159,5889528.2813],[32570879.6689,5889568.7656],[32570852.9301,5889606.2511],[32570828.1903,5889635.2399],[32570815.1956,5889647.7351],[32570798.9522,5889660.2304],[32570760.2179,5889684.2215],[32570719.4844,5889704.7139],[32570683.7487,5889718.2091],[32570649.0126,5889727.206],[32570559.0485,5889744.2006],[32570507.9888,5889748.3695],[32570473.3326,5889751.1991],[32570435.5977,5889759.1965],[32570409.1083,5889769.6927],[32570382.619,5889783.1877],[32570337.1375,5889814.6759],[32570325.6422,5889820.6737],[32570300.9021,5889829.1707],[32570257.4195,5889839.1674],[32570239.9265,5889847.1644],[32570222.1837,5889859.6597],[32570206.4402,5889877.6528],[32570192.0826,5889906.9432],[32570181.4508,5889928.6329],[32570164.2081,5889956.6221],[32570142.717,5889987.1103],[32570133.4707,5889990.1092],[32570111.2296,5889992.1087],[32570075.7024,5889989.6485],[32570053.5024,5889988.1112],[32570042.5068,5889989.1109],[32570015.2677,5889998.1078],[32569986.5293,5890013.1022],[32569973.0348,5890022.0989],[32569952.0434,5890041.0916],[32569935.5503,5890066.0819],[32569900.8916,5890137.7922],[32569892.0688,5890156.0468],[32569870.3277,5890178.0384],[32569845.4934,5890197.7936],[32569826.3457,5890213.0252],[32569794.3589,5890251.5103],[32569779.1152,5890267.0044],[32569763.8714,5890278.5001],[32569751.3764,5890284.4979],[32569745.6287,5890285.4975],[32569734.3831,5890284.4981],[32569705.6444,5890275.0023],[32569700.1466,5890274.5026],[32569688.4013,5890277.0018],[32569682.1538,5890280.0007],[32569671.6581,5890288.9973],[32569666.1604,5890299.4932],[32569663.4117,5890310.9886],[32569655.4149,5890313.4878],[32569649.1674,5890317.9861],[32569639.6714,5890332.9802],[32569629.5672,5890372.0519],[32569617.1815,5890419.946],[32569600.4384,5890432.9411],[32569576.698,5890447.4357],[32569548.4593,5890457.4321],[32569534.4649,5890458.4319],[32569508.4751,5890454.4339],[32569485.9839,5890447.437],[32569467.4912,5890439.4405],[32569391.2708,5890400.4571],[32569299.8058,5890311.9936],[32569277.0647,5890296.9999],[32569265.8191,5890293.0017],[32569244.8273,5890289.5034],[32569227.3343,5890292.0027],[32569191.3488,5890308.4966],[32569168.8579,5890323.491],[32569159.6117,5890332.9874],[32569152.8646,5890343.9831],[32569149.8659,5890355.9784],[32569150.8665,5890423.4515],[32569156.3652,5890483.9274],[32569159.8643,5890522.4121],[32569155.3665,5890553.8996],[32569146.8702,5890576.3908],[32569138.8736,5890589.8856],[32569021.6692,5890530.9107],[32569001.4271,5890519.4156],[32568978.436,5890502.4227],[32568949.1971,5890467.9368],[32568932.4533,5890440.9478],[32568920.7076,5890414.4585],[32568910.2112,5890375.974],[32568908.4615,5890348.9847],[32568910.2107,5890335.4901],[32568914.2089,5890321.9954],[32568928.9527,5890296.5053],[32568937.949,5890286.5091],[32568957.441,5890271.5148],[32568992.0804,5890255.5084],[32569029.9118,5890238.027],[32569064.3978,5890215.5355],[32569073.1442,5890203.0403],[32569077.6422,5890187.0466],[32569076.1423,5890156.5587],[32569095.1347,5890151.0606],[32569120.1247,5890141.0642],[32569133.1194,5890134.5666],[32569155.3604,5890118.0729],[32569163.1072,5890109.0763],[32569173.1029,5890089.0841],[32569175.6016,5890068.5922],[32569174.1021,5890058.0964],[32569165.3553,5890036.6051],[32569154.3594,5890019.612],[32569144.3632,5890009.6161],[32569132.8677,5890003.6187],[32569116.8739,5889998.1211],[32569095.3824,5889994.123],[32569072.6414,5889994.6231],[32569051.285,5889997.5837],[32569047.4015,5889998.1221],[32569063.8944,5889962.1362],[32569080.8873,5889932.1479],[32569100.3792,5889906.6577],[32569120.1211,5889887.1652],[32569140.6127,5889869.6718],[32569162.104,5889855.1772],[32569206.3773,5889839.6521],[32569239.0731,5889828.1868],[32569274.3088,5889809.1939],[32569300.9221,5889785.1951],[32569317.5411,5889770.2087],[32569328.7864,5889752.7155],[32569332.7847,5889741.22],[32569336.4819,5889738.307],[32569365.7712,5889715.2299],[32569396.7587,5889696.2369],[32569416.7507,5889688.7396],[32569428.1158,5889685.7152],[32569474.9773,5889673.2449],[32569511.2128,5889657.2507],[32569556.6945,5889641.7562],[32569586.1827,5889637.2576],[32569656.9047,5889639.2557],[32569757.5332,5889634.9823],[32569788.3525,5889629.7576],[32569856.3253,5889613.2631],[32569882.8148,5889611.7633],[32569936.5435,5889614.7613],[32569964.2825,5889610.2627],[32569979.0265,5889604.7647],[32570057.7448,5889570.2772],[32570098.2286,5889555.2826],[32570125.9673,5889539.2885],[32570138.7121,5889523.7945],[32570141.7107,5889514.2982],[32570141.9604,5889496.8051],[32570139.7112,5889489.808],[32570130.2148,5889477.3131],[32570123.2175,5889471.8154],[32570104.2249,5889461.3198],[32570037.4951,5889435.0203],[32569950.7848,5889400.8461],[32569928.5435,5889390.3506],[32569907.4018,5889377.756],[32569881.5617,5889362.3625],[32569847.3251,5889349.8679],[32569811.0895,5889346.3699],[32569787.5988,5889347.8696],[32569765.3577,5889351.3686],[32569721.1254,5889363.3644],[32569692.3868,5889368.8627],[32569628.4123,5889375.8608],[32569546.6947,5889376.3619],[32569511.4586,5889373.8634],[32569480.4709,5889368.8658],[32569465.4767,5889363.868],[32569430.4904,5889346.8753],[32569394.7542,5889323.3852],[32569365.0156,5889297.3959],[32569354.7695,5889284.9011],[32569340.2749,5889261.4106],[32569331.7779,5889237.4203],[32569330.5283,5889224.9253],[32569331.7776,5889212.4302],[32569335.7758,5889199.9351],[32569350.7695,5889175.4446],[32569364.7638,5889160.9502],[32569371.0113,5889156.9517],[32569377.2587,5889154.9524],[32569383.5062,5889152.9531],[32569393.454,5889151.3429],[32569411.1751,5889148.4745],[32569426.739,5889145.9552],[32569448.2304,5889139.9573],[32569458.4762,5889133.9595],[32569467.4726,5889125.9626],[32569474.9694,5889115.4666],[32569488.7135,5889082.4795],[32569492.9616,5889063.9868],[32569494.5036,5889051.4777],[32569497.4593,5889027.5013],[32569504.2063,5889006.0097],[32569509.704,5888995.014],[32569516.951,5888985.0179],[32569525.4475,5888975.5215],[32569535.6933,5888968.0243],[32569547.6884,5888962.0265],[32569574.4278,5888955.5287],[32569603.1663,5888954.0289],[32569634.404,5888956.0276],[32569667.8908,5888961.0252],[32569714.2271,5888971.4401],[32569754.6067,5888980.5161],[32569786.594,5888984.0143],[32569814.333,5888980.5152],[32569835.5745,5888972.5181],[32569843.3213,5888967.0202],[32569849.0689,5888960.0229],[32569852.8173,5888952.026],[32569854.5665,5888943.0295],[32569854.0666,5888932.5337],[32569846.0694,5888906.5442],[32569839.3218,5888891.5502],[32569822.5781,5888862.562],[32569804.335,5888839.5714],[32569795.5883,5888832.0745],[32569776.8456,5888821.0792],[32569744.6082,5888807.585],[32569725.1158,5888801.5877],[32569710.6215,5888799.5887],[32569699.8759,5888803.0875],[32569692.6289,5888813.0836],[32569689.6303,5888828.5775],[32569690.3806,5888873.5596],[32569688.1317,5888884.0554],[32569683.3837,5888894.0515],[32569675.6369,5888901.5487],[32569664.3914,5888907.0467],[32569649.1475,5888909.0461],[32569625.157,5888908.0468],[32569550.9363,5888898.5517],[32569460.4576,5888883.843],[32569373.5539,5888869.7155],[32569357.2626,5888867.0671],[32569325.0253,5888859.0708],[32569294.5372,5888848.0756],[32569263.2993,5888831.0828],[32569254.0528,5888817.5883],[32569249.2996,5888806.3099],[32569239.3082,5888782.6024],[32569234.31,5888775.6053],[32569228.0625,5888770.6074],[32569331.5211,5888748.6146],[32569381.751,5888733.12],[32569402.2427,5888722.1241],[32569423.2341,5888705.1305],[32569429.9813,5888694.1348],[32569428.9815,5888681.1399],[32569420.2348,5888665.6462],[32569408.7392,5888654.6508],[32569394.4948,5888649.653],[32569386.248,5888649.1533],[32569367.0057,5888653.6518],[32569317.7706,5888669.6558],[32569271.1288,5888684.8169],[32569196.3242,5888709.1323],[32569150.3425,5888717.1298],[32569117.8554,5888717.6301],[32569087.3674,5888713.1323],[32569062.877,5888704.636],[32569049.2159,5888698.643],[32569024.1421,5888687.6434],[32568998.9021,5888684.1451],[32568964.6656,5888683.6458],[32568931.179,5888686.1453],[32568908.438,5888690.1441],[32568895.6895,5888693.6439],[32568882.9482,5888697.1417],[32568862.4564,5888700.1408],[32568841.4647,5888698.1419],[32568831.4686,5888694.1436],[32568816.4744,5888684.6476],[32568810.2267,5888674.1519],[32568810.4765,5888663.1563],[32568815.8846,5888647.4546],[32568825.9697,5888618.1739],[32568827.4688,5888598.6816],[32568826.4691,5888588.1858],[32568819.8421,5888563.6032],[32568810.9744,5888530.7089],[32568793.9801,5888457.2384],[32568792.9802,5888435.7469],[32568800.1067,5888388.398],[32568844.224,5888487.6579],[32568885.1892,5888511.3739],[32568932.6224,5888513.5292],[32568999.4598,5888507.06],[32569053.361,5888504.9032],[32569104.4775,5888511.2921],[32569116.3532,5888519.209],[32569144.0924,5888533.7028],[32569171.8315,5888544.698],[32569185.5761,5888548.1964],[32569224.3109,5888554.6932],[32569236.0562,5888555.1929],[32569256.2982,5888552.6936],[32569271.7919,5888546.6957],[32569285.0366,5888537.6991],[32569289.7846,5888532.701],[32569292.7833,5888526.7034],[32569293.283,5888520.2059],[32569291.0338,5888513.2087],[32569285.286,5888504.7122],[32569276.5393,5888496.2157],[32569218.1723,5888455.6396],[32569227.9997,5888408.9566],[32569253.8717,5888374.4595],[32569286.212,5888342.1183],[32569316.3964,5888311.9332],[32569344.1166,5888271.8917],[32569394.0125,5888199.8175],[32569422.0411,5888193.3489],[32569475.9424,5888199.8163],[32569510.4396,5888230.0005],[32569529.8446,5888258.0287],[32569581.5902,5888300.0709],[32569616.0872,5888313.0067],[32569679.5165,5888314.3271],[32569719.5776,5888315.1611],[32569741.1382,5888319.473],[32569760.5427,5888325.9409],[32569777.7912,5888338.8768],[32569790.7278,5888351.8129],[32569805.8204,5888377.6853],[32569810.1328,5888392.7775],[32569810.133,5888407.8698],[32569807.9772,5888422.9622],[32569788.5728,5888431.5867],[32569779.9489,5888446.6792],[32569773.4813,5888485.4881],[32569773.482,5888532.9211],[32569777.7944,5888560.9497],[32569792.887,5888573.8857],[32569816.6036,5888578.1976],[32569851.1003,5888573.8849],[32569905.0011,5888545.8555],[32569956.7456,5888485.4854],[32569965.3693,5888457.4567],[32569965.3689,5888427.272],[32569971.8358,5888334.5619],[32569982.6155,5888306.5331],[32570009.0182,5888263.9645],[32570022.4905,5888274.2928],[32570040.9833,5888285.2882],[32570061.7252,5888295.2839],[32570105.9579,5888312.2765],[32570145.9422,5888322.7717],[32570190.4247,5888328.7687],[32570268.3938,5888332.2661],[32570289.6354,5888331.2662],[32570305.3791,5888328.767],[32570313.6258,5888325.2683],[32570319.6232,5888312.2733],[32570321.3724,5888302.7771],[32570321.8718,5888278.7866],[32570317.873,5888248.7986],[32570310.3755,5888215.312],[32570310.1254,5888201.3176],[32570312.1244,5888189.3223],[32570315.8728,5888178.8264],[32570323.8799,5888165.2444],[32570335.6145,5888145.3394],[32570338.6132,5888137.3426],[32570340.6122,5888121.8487],[32570338.8627,5888106.3549],[32570329.8842,5888072.0968],[32570319.8692,5888033.884],[32570317.37,5888020.3894],[32570316.1201,5887990.9011],[32570317.8692,5887975.9071],[32570322.3672,5887962.4123],[32570329.6142,5887953.4158],[32570339.86,5887948.4177],[32570352.3551,5887946.9181],[32570367.3492,5887948.917],[32570384.5924,5887954.9144],[32570403.8349,5887963.9105],[32570424.8267,5887975.9055],[32570447.0681,5887990.3994],[32570493.3003,5888024.3852],[32570549.8003,5888071.2453],[32570555.0204,5888075.7657],[32570577.6827,5888136.1964],[32570569.059,5888157.757],[32570534.5625,5888179.318],[32570500.0662,5888209.5032],[32570478.5058,5888231.064],[32570478.5064,5888269.8728],[32570478.5071,5888321.618],[32570534.566,5888429.4194],[32570599.249,5888532.9086],[32570629.4339,5888571.7172],[32570663.9313,5888597.5892],[32570737.2366,5888580.3397],[32570776.0451,5888554.4667],[32570810.5414,5888498.4088],[32570832.1008,5888425.103],[32570866.4454,5888356.4111],[32570893.3962,5888346.7511],[32570907.3906,5888339.2538],[32570919.6356,5888331.2568],[32570929.6315,5888321.7605],[32570950.6227,5888289.2731],[32570967.6774,5888256.662],[32571018.8438,5888158.8239],[32571032.0883,5888137.8321],[32571045.3328,5888121.8382],[32571061.7712,5888108.9246],[32571073.3215,5888102.8453],[32571087.3158,5888098.3469],[32571114.0552,5888095.8475],[32571146.0426,5888098.346],[32571154.0394,5888096.8465],[32571162.6036,5888092.5048],[32571178.5294,5888078.3535],[32571183.5273,5888072.3558],[32571188.5253,5888066.3581],[32571190.7743,5888059.3609],[32571187.7754,5888051.3641],[32571181.0279,5888042.3678],[32571171.2816,5888033.3715],[32571159.7861,5888024.3752],[32571134.7958,5888011.3808],[32571112.2564,5888005.4273],[32571048.1028,5887988.4821],[32571042.0822,5887986.8919],[32571085.0649,5887967.399],[32571110.5545,5887950.4054],[32571121.3001,5887940.4092],[32571130.0465,5887929.4134],[32571144.0406,5887903.9234],[32571156.7665,5887865.5125],[32571157.7846,5887862.4396],[32571206.2656,5887881.9312],[32571233.255,5887887.4286],[32571243.7508,5887886.4288],[32571251.2478,5887883.4299],[32571256.9955,5887878.4318],[32571263.7426,5887865.4369],[32571268.9901,5887831.4503],[32571268.4901,5887820.9545],[32571264.7414,5887808.9593],[32571258.4937,5887795.4648],[32571242.2498,5887767.9759],[32571228.568,5887747.8298],[32571219.5083,5887734.4896],[32571213.2607,5887726.9926],[32571196.767,5887713.4983],[32571175.5253,5887702.0031],[32571151.5347,5887693.5069],[32571102.0541,5887682.512],[32571069.567,5887679.0139],[32571047.3982,5887680.8399],[32571027.0838,5887682.5131],[32570977.6035,5887684.0132],[32570944.6166,5887687.5123],[32570898.635,5887702.0073],[32570881.6418,5887704.5065],[32570873.3951,5887704.0069],[32570855.652,5887699.0091],[32570831.4114,5887684.0154],[32570800.4233,5887657.0266],[32570768.4356,5887624.54],[32570741.1959,5887592.5531],[32570704.7096,5887537.0757],[32570655.2279,5887446.6124],[32570637.4847,5887426.1208],[32570620.7412,5887418.1242],[32570610.4952,5887416.625],[32570598.9998,5887417.125],[32570575.7591,5887422.1233],[32570552.8467,5887431.4558],[32570538.5241,5887439.6169],[32570527.3912,5887448.0347],[32570518.0324,5887455.1111],[32570509.0361,5887460.1092],[32570486.795,5887466.607],[32570475.0497,5887468.1066],[32570463.5542,5887468.1067],[32570452.8085,5887466.1077],[32570432.5664,5887458.1112],[32570399.0796,5887452.114],[32570339.1033,5887448.1165],[32570321.8601,5887448.1168],[32570314.4664,5887448.1169],[32570294.6209,5887449.1168],[32570260.1347,5887456.6143],[32570222.3998,5887468.6101],[32570190.4127,5887481.1056],[32570160.9246,5887498.0993],[32570128.4379,5887524.0895],[32570127.6885,5887548.0799],[32570122.1909,5887563.0741],[32570112.1951,5887578.0682],[32570108.1968,5887588.0643],[32570102.6993,5887610.0557],[32570099.7008,5887636.5452],[32570105.9485,5887642.5427],[32570118.1937,5887647.5405],[32570127.1901,5887648.54],[32570138.1857,5887647.0404],[32570189.6312,5887628.1943],[32570256.8881,5887603.556],[32570291.6242,5887593.5594],[32570326.1104,5887587.5613],[32570382.8379,5887586.061],[32570439.0656,5887589.059],[32570431.9854,5887595.8895],[32570396.5831,5887630.0434],[32570347.1033,5887674.5264],[32570303.3711,5887706.0145],[32570286.378,5887720.0092],[32570276.1323,5887736.5028],[32570265.043,5887765.4721],[32570263.8876,5887768.4903],[32570231.2136,5887829.1446],[32570222.1553,5887845.9601],[32570214.1586,5887858.4553],[32570198.1652,5887876.4484],[32570180.6723,5887886.9445],[32570144.8324,5887895.4379],[32570127.9434,5887899.4403],[32570116.6979,5887903.9387],[32570097.0138,5887915.3958],[32570025.7311,5887924.9121],[32569995.5467,5887944.317],[32569963.2063,5887974.5021],[32569939.4903,5888002.531],[32569926.5545,5888043.4961],[32569904.9943,5888067.213],[32569879.1219,5888080.1497],[32569838.1571,5888088.7745],[32569801.5043,5888090.931],[32569775.6317,5888086.6193],[32569760.5391,5888067.2152],[32569745.4461,5888026.2505],[32569734.6652,5887978.8176],[32569736.8206,5887933.5406],[32569741.1321,5887888.2635],[32569749.7555,5887827.894],[32569747.5988,5887789.0853],[32569726.0378,5887748.1207],[32569680.7602,5887715.7806],[32569652.4524,5887682.3268],[32569416.972,5887673.0408],[32569395.9804,5887674.0407],[32569370.6153,5887678.5706],[32569353.9971,5887681.5384],[32569264.5327,5887692.5353],[32569238.2932,5887700.5326],[32569211.8039,5887712.0284],[32569182.8156,5887727.0229],[32569186.8138,5887710.5293],[32569189.0626,5887689.5377],[32569188.5626,5887678.542],[32569185.8136,5887668.0462],[32569180.8154,5887659.5497],[32569222.5486,5887639.557],[32569276.527,5887624.5622],[32569313.7621,5887613.0662],[32569339.5018,5887607.568],[32569386.4831,5887601.5697],[32569415.1454,5887599.2686],[32569461.2034,5887595.571],[32569480.9454,5887587.5739],[32569500.9373,5887573.5791],[32569509.6837,5887565.0824],[32569516.6808,5887555.586],[32569521.1789,5887545.0901],[32569585.1509,5887358.6633],[32569606.8915,5887305.1842],[32569627.6327,5887261.7012],[32569636.8788,5887246.2072],[32569650.1234,5887234.2118],[32569661.8686,5887228.7138],[32569675.1134,5887227.2142],[32569682.1106,5887228.7135],[32569704.3515,5887210.7203],[32569750.0114,5887168.4787],[32569761.0783,5887158.2403],[32569776.572,5887142.7463],[32569784.0688,5887130.7509],[32569786.3178,5887118.7557],[32569783.3185,5887090.267],[32569777.3206,5887069.7753],[32569766.8245,5887046.2848],[32569741.5839,5887008.3002],[32569717.5931,5886981.8111],[32569673.61,5886944.3267],[32569642.8719,5886924.8349],[32569628.1276,5886917.8379],[32569592.8915,5886908.842],[32569552.9072,5886903.3448],[32569506.9254,5886900.3466],[32569503.4267,5886892.3499],[32569495.6796,5886882.8538],[32569489.1821,5886877.8558],[32569470.4395,5886871.8585],[32569439.2018,5886870.8594],[32569397.9682,5886873.359],[32569322.7482,5886882.8563],[32569292.0104,5886884.856],[32569255.7747,5886883.3571],[32569221.2883,5886878.8594],[32569196.0482,5886871.8626],[32569178.8049,5886862.3666],[32569171.5577,5886856.3691],[32569165.56,5886848.3724],[32569161.5615,5886838.8762],[32569159.812,5886826.3812],[32569160.3116,5886810.8873],[32569164.0598,5886792.3946],[32569170.307,5886772.4025],[32569186.0503,5886736.9164],[32569205.792,5886706.928],[32569216.7875,5886693.4332],[32569240.2779,5886669.9422],[32569360.6987,5886567.0053],[32569391.716,5886540.4914],[32569406.9597,5886523.9977],[32569416.9555,5886508.0039],[32569418.7047,5886501.5065],[32569418.2049,5886496.0087],[32569411.7073,5886488.0119],[32569401.2114,5886484.0137],[32569389.3827,5886483.0143],[32569383.4684,5886482.5146],[32569378.4704,5886481.0152],[32569373.9721,5886477.5167],[32569363.9758,5886457.025],[32569356.4782,5886416.5412],[32569351.9798,5886402.5468],[32569348.2312,5886397.5489],[32569342.9832,5886394.0503],[32569335.986,5886393.5506],[32569328.7389,5886395.5499],[32569318.2432,5886408.0451],[32569311.7461,5886428.0373],[32569308.4996,5886462.9427],[32569305.7494,5886492.5117],[32569297.5032,5886529.997],[32569291.7557,5886548.9895],[32569276.7622,5886584.4756],[32569267.7659,5886598.4702],[32569256.2707,5886611.4652],[32569224.7836,5886639.9543],[32569206.2911,5886653.949],[32569168.0566,5886678.4399],[32569149.814,5886687.4366],[32569133.3206,5886694.434],[32569102.333,5886702.9311],[32569045.6291,5886714.4314],[32569030.8615,5886717.4264],[32569019.8659,5886720.9252],[32569010.6197,5886724.9237],[32569004.1223,5886730.4216],[32569000.124,5886736.9191],[32568998.3748,5886744.4162],[32569001.8736,5886758.4106],[32569007.1216,5886764.9079],[32569020.0357,5886773.9991],[32569038.3596,5886786.8987],[32569053.8536,5886799.8933],[32569085.5915,5886831.8801],[32569098.8365,5886849.373],[32569108.5828,5886866.3661],[32569113.5811,5886882.8594],[32569114.331,5886898.3533],[32569109.0835,5886928.8412],[32569098.3382,5886957.3301],[32569086.9448,5886979.3643],[32569068.101,5887015.8073],[32569059.105,5887045.2957],[32569056.3563,5887062.7888],[32569056.107,5887102.2731],[32569065.3543,5887173.7445],[32569066.6046,5887224.2244],[32569061.8581,5887344.1768],[32569055.1832,5887441.2571],[32569003.7567,5887436.5826],[32568952.0115,5887434.4274],[32568906.7343,5887423.6478],[32568865.769,5887402.0879],[32568837.7401,5887378.3719],[32568816.1792,5887354.6557],[32568807.5548,5887334.8201],[32568794.6181,5887305.0669],[32568727.7777,5887104.5555],[32568697.5923,5887054.9669],[32568626.4417,5886988.1305],[32568600.5686,5886949.322],[32568591.9436,5886899.733],[32568601.5075,5886806.4722],[32568638.5181,5886790.903],[32568654.7616,5886785.9048],[32568683.6149,5886780.2283],[32568715.7373,5886773.9086],[32568722.7344,5886770.4099],[32568726.7328,5886765.4119],[32568727.2325,5886758.9144],[32568723.234,5886750.4179],[32568708.4896,5886733.9246],[32568689.7468,5886723.4291],[32568679.251,5886720.4304],[32568668.5052,5886718.4314],[32568657.5096,5886718.4316],[32568606.2799,5886722.9305],[32568559.7983,5886720.4322],[32568529.3103,5886716.4343],[32568503.8204,5886710.9368],[32568493.3245,5886707.9382],[32568477.3307,5886698.942],[32568471.333,5886692.4446],[32568467.0846,5886684.9477],[32568464.3355,5886675.4515],[32568457.9059,5886614.3],[32568454.0882,5886577.9904],[32568450.0895,5886560.9972],[32568444.0917,5886548.5023],[32568436.3447,5886541.0054],[32568431.5966,5886539.0062],[32568420.351,5886541.0056],[32568414.3535,5886546.0037],[32568409.3556,5886555.0002],[32568401.1092,5886580.4902],[32568398.3606,5886596.4839],[32568395.862,5886629.4708],[32568396.8628,5886712.9376],[32568394.1144,5886746.9241],[32568382.3448,5886804.2611],[32568368.8761,5886869.8756],[32568364.1285,5886904.8618],[32568360.3807,5886952.8428],[32568347.8868,5887035.3102],[32568342.3894,5887067.7974],[32568326.6467,5887139.2692],[32568299.4088,5887231.7328],[32568287.4142,5887278.7143],[32568282.4166,5887307.2031],[32568271.9213,5887345.1881],[32568232.9384,5887458.1438],[32568215.9456,5887497.6284],[32568193.9549,5887538.1126],[32568168.9654,5887573.5989],[32568155.9707,5887587.5935],[32568142.7261,5887599.0891],[32568130.4811,5887607.0861],[32568110.4885,5887617.8517],[32568107.7442,5887619.3294],[32568091.4968,5887628.0784],[32568070.0056,5887643.5725],[32568047.8125,5887663.4745],[32567978.0432,5887726.0411],[32567919.817,5887773.0233],[32567906.8222,5887782.0199],[32567875.3349,5887798.5138],[32567865.339,5887802.5124],[32567845.5969,5887806.5111],[32567826.3544,5887804.0124],[32567810.1108,5887797.0154],[32567799.115,5887788.0191],[32567793.8669,5887775.5242],[32567793.367,5887767.0275],[32567796.6154,5887747.0354],[32567809.2034,5887710.5427],[32567818.8557,5887682.5607],[32567822.354,5887658.5702],[32567820.6045,5887645.0756],[32567818.1054,5887639.5778],[32567809.1088,5887631.5811],[32567802.1116,5887630.0818],[32567801.1117,5887608.5904],[32567797.6129,5887594.596],[32567787.6166,5887577.6029],[32567780.8691,5887569.6062],[32567771.6231,5887562.1088],[32567771.4035,5887561.9307],[32567849.0556,5887523.1035],[32567891.2734,5887468.8216],[32567921.4287,5887402.4774],[32567939.5221,5887378.3523],[32567963.6468,5887360.2584],[32567975.7089,5887330.102],[32567975.7082,5887281.8521],[32567921.4259,5887203.4469],[32567867.1439,5887149.1667],[32567836.9872,5887112.9796],[32567818.8925,5887046.6363],[32567812.8608,5887004.4178],[32567788.7352,5886962.1993],[32567764.6097,5886932.0437],[32567722.3911,5886932.0443],[32567708.4142,5886938.2564],[32567668.1103,5886956.17],[32567613.8293,5886974.2645],[32567511.2991,5887028.5471],[32567487.1745,5887052.6723],[32567481.1435,5887076.7973],[32567481.1438,5887100.9224],[32567481.1441,5887119.0162],[32567487.1758,5887149.1723],[32567481.1445,5887149.1724],[32567444.9572,5887149.1729],[32567426.8632,5887137.1107],[32567414.8008,5887149.1733],[32567398.925,5887188.8646],[32567324.5823,5887159.5386],[32567315.0479,5887155.7776],[32567301.5526,5887105.7977],[32567277.5606,5887004.8381],[32567273.8118,5886981.8473],[32567273.8113,5886947.8609],[32567280.0585,5886924.8699],[32567290.2353,5886900.109],[32567304.2981,5886865.893],[32567323.7899,5886833.4056],[32567339.7832,5886812.9135],[32567366.0223,5886774.4284],[32567395.5099,5886723.9481],[32567399.0084,5886714.9516],[32567399.5081,5886707.4546],[32567398.0086,5886701.9568],[32567391.0113,5886695.4594],[32567383.2643,5886692.9606],[32567381.5987,5886689.6295],[32567377.7302,5886681.9447],[32567307.2923,5886542.0217],[32567292.0478,5886508.5352],[32567281.3017,5886479.0471],[32567273.5543,5886449.5589],[32567269.3056,5886418.5713],[32567269.0552,5886386.0842],[32567272.0954,5886358.8907],[32567276.0519,5886344.6006],[32567282.0493,5886332.1055],[32567290.046,5886320.61],[32567301.0415,5886310.114],[32567315.0358,5886299.6179],[32567343.7741,5886284.1237],[32567370.5134,5886276.1264],[32567400.5015,5886272.6274],[32567458.7284,5886272.1267],[32567506.9593,5886269.627],[32567557.4391,5886262.1292],[32567598.8184,5886254.0326],[32567607.5281,5886252.3284],[32567741.3657,5886226.1408],[32567785.3482,5886222.6417],[32567848.728,5886217.5994],[32567859.3188,5886214.6437],[32567870.0645,5886211.6447],[32567912.0476,5886196.65],[32567937.2875,5886183.6548],[32567945.5341,5886176.6575],[32567949.7823,5886169.6602],[32567949.5322,5886158.1648],[32567946.7833,5886153.6666],[32567942.5349,5886150.6678],[32567928.5404,5886146.6696],[32567862.0667,5886146.6706],[32567823.582,5886143.1726],[32567770.6028,5886130.1785],[32567762.1061,5886126.1803],[32567755.8585,5886120.6825],[32567751.6101,5886113.6854],[32567749.8606,5886103.6894],[32567754.3223,5886056.388],[32567757.3565,5886024.2209],[32567757.3561,5885993.2332],[32567755.3567,5885980.2384],[32567751.3581,5885970.2424],[32567746.5128,5885964.5162],[32567739.6126,5885960.2465],[32567732.6154,5885960.7465],[32567725.6182,5885963.7454],[32567711.8739,5885976.7404],[32567705.8764,5885986.2367],[32567695.3809,5886010.7271],[32567686.6458,5886036.098],[32567666.6435,5886094.1944],[32567651.8999,5886132.1795],[32567645.6525,5886145.6742],[32567639.1552,5886155.1705],[32567622.662,5886171.1644],[32567612.4161,5886177.1622],[32567589.4254,5886185.6592],[32567562.9359,5886189.658],[32567548.4417,5886189.1584],[32567518.7034,5886184.6606],[32567490.2146,5886176.1644],[32567455.978,5886163.1701],[32567424.2801,5886156.5964],[32567364.5463,5886148.7993],[32567506.2467,5886137.8972],[32567548.4443,5886114.4532],[32567576.576,5886091.0095],[32567576.5757,5886067.5662],[32567557.8206,5886034.7458],[32567510.9336,5886011.3031],[32567468.7353,5885997.2378],[32567440.6031,5885987.8609],[32567421.8481,5885959.7291],[32567407.7816,5885926.9087],[32567398.4038,5885894.0882],[32567384.3376,5885884.7111],[32567332.7623,5885889.4005],[32567252.4498,5885935.2949],[32567244.8084,5885933.7644],[32567228.315,5885936.7634],[32567216.3966,5885940.9312],[32567176.5539,5885954.8641],[32567172.327,5885956.3422],[32567151.8742,5885963.4945],[32567111.112,5885977.7489],[32567088.1212,5885984.2466],[32567054.6346,5885990.7446],[32567033.8928,5885993.2439],[32566989.6604,5885995.2437],[32566907.193,5885990.2469],[32566865.1161,5885955.8299],[32566855.3394,5885947.833],[32566843.7244,5885938.3325],[32566848.6408,5885585.9914],[32566853.9592,5885586.3461],[32566874.4509,5885582.354],[32566892.1936,5885575.3699],[32566900.6901,5885570.3797],[32566919.1823,5885553.9039],[32566946.4208,5885522.4323],[32566956.5945,5885509.6029],[32566963.2553,5885501.2034],[32566966.0856,5885497.6343],[32567031.6355,5885414.9738],[32567046.3793,5885385.9851],[32567052.8764,5885369.4915],[32567062.6221,5885335.5049],[32567065.3708,5885319.5112],[32567065.8704,5885304.5172],[32567063.3707,5885255.0369],[32567056.1228,5885203.0577],[32567052.1242,5885188.5635],[32567041.3781,5885167.0722],[32567019.8863,5885142.5822],[32567004.3923,5885131.5868],[32566989.8979,5885126.0892],[32566977.6528,5885125.0898],[32566967.157,5885129.5882],[32566957.1612,5885142.5832],[32566941.418,5885181.5679],[32566929.1731,5885207.0596],[32566902.935,5885246.4795],[32566852.521,5885307.9065],[32566875.0306,5883694.7173],[32566889.0859,5882686.1233],[32566898.333,5882689.6957],[32566929.1372,5882701.5962],[32566965.6234,5882709.0565],[32566988.3645,5882710.0493],[32567011.8552,5882708.0497],[32567058.0867,5882700.552],[32567092.0732,5882698.0525],[32567106.8174,5882699.5517],[32567120.8119,5882703.0501],[32567134.3066,5882708.5477],[32567148.0513,5882716.0445],[32567178.2896,5882737.0358],[32567193.7836,5882749.0308],[32567218.7741,5882773.0209],[32567228.7703,5882785.016],[32567245.0142,5882809.0062],[32567251.5956,5882821.6687],[32567264.7569,5882846.9908],[32567274.2533,5882859.9855],[32567285.9988,5882872.4804],[32567314.7377,5882895.4708],[32567330.9814,5882905.9664],[32567347.9748,5882914.4628],[32567383.9607,5882925.9577],[32567421.6959,5882931.9547],[32567476.924,5882934.4529],[32567477.674,5882954.445],[32567473.176,5882970.9385],[32567468.1781,5882978.4356],[32567460.4312,5882984.9331],[32567444.6876,5882994.4296],[32567432.9424,5883003.926],[32567424.9457,5883014.9218],[32567420.5476,5883026.8948],[32567415.9496,5883039.4122],[32567409.2024,5883048.9085],[32567389.2106,5883067.9012],[32567350.9761,5883093.3917],[32567324.7367,5883106.3869],[32567277.7555,5883117.3832],[32567222.2776,5883124.8811],[32567197.5375,5883130.8791],[32567168.2992,5883140.3757],[32567144.3089,5883154.8703],[32567136.812,5883163.8669],[32567134.3131,5883174.3627],[32567135.063,5883184.3588],[32567137.812,5883191.3559],[32567141.8105,5883196.3539],[32567154.0557,5883201.3517],[32567173.0682,5883203.0047],[32567205.7852,5883205.8492],[32567221.0292,5883209.3476],[32567229.1526,5883212.2636],[32567250.2678,5883219.843],[32567282.7549,5883220.3423],[32567325.238,5883216.843],[32567404.7064,5883206.8458],[32567537.1536,5883181.354],[32567585.1345,5883174.3561],[32567602.8774,5883170.3574],[32567615.3723,5883164.8594],[32567619.8705,5883160.8609],[32567631.8654,5883136.3705],[32567641.1115,5883122.3759],[32567652.107,5883109.3809],[32567668.3504,5883096.8856],[32567672.8485,5883091.3877],[32567679.5956,5883075.8938],[32567681.5947,5883066.3975],[32567682.8441,5883055.9017],[32567681.8442,5883032.411],[32567706.5846,5883051.9029],[32567738.0726,5883081.8905],[32567748.93,5883095.6243],[32567767.3115,5883118.8754],[32567809.2955,5883164.3567],[32567824.2897,5883178.3509],[32567852.7787,5883198.8424],[32567910.5062,5883227.3302],[32567982.7281,5883258.3168],[32568004.2196,5883266.3133],[32568057.9486,5883281.3066],[32568099.6822,5883295.3004],[32568144.6401,5883311.7533],[32568147.9184,5883312.953],[32568196.6443,5883330.7849],[32568250.6232,5883353.2751],[32568305.3519,5883380.2636],[32568354.083,5883407.752],[32568391.5684,5883432.2417],[32568405.813,5883443.7369],[32568430.3036,5883468.2268],[32568448.5467,5883494.2162],[32568459.0429,5883519.2061],[32568461.0423,5883530.2017],[32568459.0434,5883554.1922],[32568455.545,5883567.1871],[32568444.2998,5883592.1774],[32568429.0561,5883611.6699],[32568420.3096,5883618.6672],[32568410.3137,5883623.6654],[32568385.5736,5883630.1632],[32568367.3564,5883632.5172],[32568320.3495,5883633.6628],[32568180.4048,5883627.1674],[32568159.913,5883627.1677],[32568139.1712,5883627.168],[32568103.1855,5883630.6672],[32568074.6969,5883638.1646],[32568032.8831,5883654.8324],[32568003.2256,5883666.6544],[32567982.4159,5883673.9545],[32567907.7639,5883700.1425],[32567864.2815,5883724.1336],[32567794.2433,5883771.3608],[32567776.817,5883783.1114],[32567749.8278,5883794.1075],[32567719.8398,5883801.6049],[32567677.6066,5883807.1034],[32567653.6161,5883806.1041],[32567611.3828,5883799.6073],[32567602.3863,5883799.6075],[32567593.8897,5883801.6068],[32567586.8926,5883805.6053],[32567582.1445,5883811.603],[32567579.1458,5883819.1001],[32567577.3967,5883828.0965],[32567576.6473,5883852.3874],[32567576.1477,5883868.5804],[32567568.6512,5883904.5662],[32567558.1557,5883931.0559],[32567543.162,5883954.047],[32567534.1657,5883963.5433],[32567514.4237,5883977.538],[32567493.932,5883986.5348],[32567460.4454,5883996.5313],[32567453.6981,5884000.03],[32567438.2044,5884013.0251],[32567412.9649,5884043.0135],[32567411.4246,5884046.2105],[32567399.7205,5884070.5028],[32567386.4761,5884093.4938],[32567372.7318,5884110.9871],[32567337.674,5884150.379],[32567328.2501,5884160.9679],[32567360.7371,5884147.4728],[32567410.217,5884117.9838],[32567456.9227,5884080.1733],[32567525.6699,5884024.5192],[32567555.4079,5884004.5267],[32567566.1535,5883999.0287],[32567683.6064,5883954.5447],[32567729.3381,5883948.0466],[32567756.2593,5883946.6656],[32567797.5611,5883944.547],[32567806.8073,5883941.548],[32567814.0544,5883936.5499],[32567823.5505,5883924.0547],[32567826.799,5883908.5608],[32567824.2997,5883893.067],[32567820.3916,5883884.9162],[32567806.8061,5883856.5818],[32567805.5565,5883847.5854],[32567809.3047,5883827.5933],[32567814.0527,5883818.097],[32567821.2997,5883809.1005],[32567831.0457,5883800.6037],[32567861.0336,5883785.6092],[32567907.7649,5883773.1135],[32567934.7542,5883768.6149],[32567981.2357,5883765.6154],[32568037.1965,5883770.1424],[32568077.5142,5883773.4039],[32568129.2014,5883777.5851],[32568178.9076,5883781.6061],[32568246.131,5883782.6047],[32568281.1765,5883777.8396],[32568334.5956,5883762.6113],[32568362.3345,5883751.1155],[32568393.0721,5883735.1214],[32568427.5582,5883721.1264],[32568460.0452,5883712.1295],[32568473.5616,5883709.4954],[32568508.7758,5883702.6326],[32568529.0176,5883695.1352],[32568550.259,5883683.1397],[32568590.3513,5883649.4898],[32568606.2362,5883636.1575],[32568639.7226,5883611.6667],[32568674.9584,5883593.6734],[32568737.5165,5883571.022],[32568761.9235,5883562.1846],[32568791.6615,5883549.1893],[32568803.9065,5883540.6925],[32568813.6525,5883530.1965],[32568821.1105,5883518.7606],[32568844.692,5883571.4702],[32568873.3571,5883607.6121],[32568905.0752,5883634.3213],[32568883.1267,5883650.1478],[32568855.6378,5883664.6425],[32568846.6414,5883668.1412],[32568826.3749,5883672.5282],[32568788.9144,5883680.6371],[32568780.4178,5883684.1359],[32568773.4207,5883687.6346],[32568766.6049,5883694.905],[32568747.1815,5883715.6239],[32568717.9433,5883734.6167],[32568700.31,5883743.0383],[32568578.959,5883800.9947],[32568511.7764,5883833.0807],[32568488.5358,5883843.5768],[32568451.8005,5883855.5726],[32568421.5625,5883860.0713],[32568386.4609,5883858.4763],[32568344.593,5883856.5738],[32568283.6172,5883859.5735],[32568254.1289,5883863.0726],[32568231.8879,5883870.5699],[32568213.5955,5883880.2603],[32568185.6565,5883895.0609],[32568165.1647,5883900.0592],[32568148.9211,5883897.5604],[32568142.4237,5883893.5621],[32568131.9276,5883882.0668],[32568121.4315,5883861.0753],[32568117.1831,5883856.5772],[32568105.9375,5883850.0799],[32568076.4491,5883845.5822],[32568063.4543,5883845.0826],[32568039.2139,5883847.5819],[32568027.2187,5883851.5805],[32568002.7286,5883864.0759],[32567989.7339,5883873.5723],[32567963.4946,5883898.5628],[32567945.0024,5883926.0521],[32567934.7568,5883950.0427],[32567929.759,5883967.0361],[32567917.0143,5883988.0279],[32567903.5199,5884005.5212],[32567881.0291,5884023.0145],[32567835.0476,5884045.5063],[32567803.7599,5884058.5017],[32567795.9381,5884061.7505],[32567787.3539,5884065.316],[32567756.8291,5884077.9945],[32567787.0676,5884109.9814],[32567806.8102,5884145.467],[32567820.555,5884161.9602],[32567829.3016,5884168.4575],[32567839.5477,5884173.4553],[32567851.293,5884175.9542],[32567864.7877,5884175.954],[32567905.7714,5884169.456],[32567928.2623,5884160.4592],[32567937.2587,5884154.4614],[32567949.7535,5884138.9674],[32567956.4561,5884120.1155],[32567965.7465,5884093.9851],[32567970.2446,5884086.9878],[32567976.2422,5884081.4899],[32567983.9891,5884077.9911],[32568012.7276,5884069.9939],[32568041.4661,5884063.9959],[32568056.71,5884063.9956],[32568068.7053,5884068.4937],[32568079.7012,5884079.9889],[32568084.4494,5884087.9857],[32568091.197,5884108.4774],[32568092.9465,5884120.9724],[32568105.9436,5884277.4101],[32568115.1463,5884440.5403],[32568118.9417,5884507.8183],[32568120.4412,5884515.8151],[32568126.6889,5884527.8102],[32568131.1872,5884531.3088],[32568136.4351,5884532.3083],[32568142.4327,5884531.8084],[32568149.18,5884528.8095],[32568165.1735,5884515.8144],[32568173.9199,5884506.3181],[32568182.1664,5884495.3223],[32568195.4108,5884470.8319],[32568199.4091,5884458.3368],[32568200.9083,5884446.3415],[32568252.1385,5884480.3272],[32568269.3817,5884485.8248],[32568282.8763,5884480.8266],[32568298.1201,5884468.8311],[32568305.617,5884460.8342],[32568312.3642,5884452.8373],[32568322.1101,5884435.3441],[32568332.1056,5884394.3602],[32568334.854,5884357.8747],[32568333.6042,5884339.8819],[32568330.3553,5884322.8887],[32568324.3574,5884308.3945],[32568332.1042,5884299.8978],[32568339.8509,5884283.4042],[32568342.0999,5884272.4086],[32568342.3496,5884258.4141],[32568339.8504,5884242.4205],[32568335.102,5884226.9267],[32568329.3541,5884215.9312],[32568316.1092,5884200.9373],[32568297.1165,5884185.9436],[32568292.3683,5884179.4462],[32568289.1195,5884171.4495],[32568287.8698,5884163.4527],[32568288.8693,5884155.4558],[32568291.868,5884148.4586],[32568297.6157,5884142.9607],[32568305.8624,5884140.4615],[32568316.858,5884140.9612],[32568331.1024,5884145.4592],[32568347.596,5884154.4554],[32568365.839,5884168.4495],[32568403.0748,5884204.9345],[32568420.5681,5884224.9263],[32568448.5575,5884261.4113],[32568477.2156,5884309.9692],[32568484.5441,5884322.3866],[32568496.5396,5884339.3796],[32568502.2874,5884344.3776],[32568507.2855,5884345.8769],[32568515.782,5884342.878],[32568519.0307,5884338.8795],[32568522.2793,5884327.8838],[32568521.0296,5884313.8894],[32568509.2837,5884274.9051],[32568507.7839,5884252.414],[32568510.0329,5884243.4176],[32568515.0308,5884236.4203],[32568522.7777,5884232.4218],[32568534.2732,5884232.4216],[32568566.0107,5884243.9166],[32568584.0037,5884253.4125],[32568618.7403,5884275.9031],[32568634.3056,5884287.5767],[32568668.721,5884313.3874],[32568724.9492,5884345.8737],[32568744.1918,5884362.3668],[32568771.9313,5884398.8519],[32568786.6757,5884411.8465],[32568794.6725,5884414.8452],[32568802.6694,5884414.3453],[32568809.9164,5884409.847],[32568815.1642,5884402.8497],[32568818.1629,5884393.3534],[32568819.4123,5884382.8576],[32568818.4125,5884370.8623],[32568810.6652,5884347.3718],[32568803.6679,5884336.8761],[32568695.0463,5884228.2577],[32568603.2445,5884136.4587],[32568585.2513,5884114.4677],[32568573.0058,5884092.9764],[32568569.2572,5884081.9809],[32568566.0081,5884059.9897],[32568569.2565,5884035.9992],[32568577.253,5884009.0098],[32568589.7477,5883985.0191],[32568597.2446,5883975.5228],[32568605.4912,5883969.0252],[32568614.2377,5883965.5265],[32568662.2187,5883966.5254],[32568676.7129,5883964.0262],[32568681.461,5883960.0277],[32568687.4584,5883948.5322],[32568692.456,5883918.544],[32568702.9518,5883916.0449],[32568720.6948,5883916.0446],[32568745.9349,5883923.5412],[32568760.6792,5883931.5378],[32568800.9136,5883960.5257],[32568824.4046,5883979.5178],[32568904.124,5884048.4892],[32568925.8657,5884071.4797],[32568940.8599,5884083.9746],[32568948.1071,5884087.9729],[32568983.0934,5884097.9684],[32569004.5519,5884101.0336],[32569035.5727,5884105.4646],[32569053.0659,5884114.4608],[32569066.5607,5884128.455],[32569071.5589,5884136.9516],[32569075.5574,5884145.9479],[32569083.5546,5884174.9363],[32569097.2996,5884204.4244],[32569110.7945,5884222.9168],[32569119.0414,5884231.4133],[32569141.0329,5884247.9064],[32569169.2719,5884263.3998],[32569199.76,5884275.3946],[32569214.5042,5884278.893],[32569227.9989,5884280.892],[32569253.9886,5884279.3922],[32569279.2285,5884272.3946],[32569302.2192,5884261.3987],[32569320.7117,5884246.9041],[32569426.4184,5884146.4425],[32569432.9157,5884148.0667],[32569498.3901,5884164.4343],[32569524.3799,5884173.9301],[32569535.3756,5884179.9276],[32569562.6151,5884198.4198],[32569577.3594,5884210.9146],[32569605.5986,5884238.9031],[32569617.5941,5884254.3967],[32569634.5878,5884285.884],[32569646.3337,5884320.8699],[32569650.0824,5884338.8627],[32569651.3322,5884356.3557],[32569650.3328,5884373.8488],[32569646.3346,5884390.3423],[32569639.0877,5884405.3364],[32569629.8416,5884418.8312],[32569598.8544,5884453.318],[32569594.856,5884460.3152],[32569592.8569,5884466.8127],[32569593.8566,5884473.8099],[32569596.8555,5884479.8075],[32569605.3522,5884484.3055],[32569616.0979,5884482.3062],[32569640.0883,5884472.3098],[32569665.0783,5884467.3114],[32569674.3246,5884467.8111],[32569683.571,5884470.8097],[32569692.5675,5884476.3074],[32569700.8144,5884484.8039],[32569707.8118,5884496.2992],[32569713.0599,5884509.7938],[32569720.0575,5884538.7822],[32569725.0561,5884581.765],[32569727.0554,5884586.2632],[32569731.3038,5884590.2615],[32569737.3015,5884593.2603],[32569752.2955,5884594.7594],[32569760.2923,5884591.7605],[32569767.7893,5884586.7624],[32569774.5365,5884578.2657],[32569789.2042,5884554.8361],[32569811.7709,5884518.7888],[32569843.7576,5884475.3056],[32569861.5004,5884461.3109],[32569880.4927,5884453.8136],[32569901.9842,5884452.3138],[32569913.7296,5884453.8131],[32569925.9747,5884456.8117],[32569955.0686,5884468.8086],[32569974.4558,5884476.803],[32569994.448,5884482.8003],[32570003.1945,5884483.7998],[32570011.4412,5884482.8001],[32570024.1313,5884478.1382],[32570035.9314,5884473.8033],[32570063.1705,5884468.8049],[32570086.4114,5884470.3039],[32570097.9069,5884477.301],[32570102.6551,5884483.2985],[32570109.1528,5884501.2913],[32570109.6529,5884526.2813],[32570107.404,5884542.275],[32570101.1562,5884569.7669],[32570096.1592,5884591.7555],[32570092.4109,5884608.249],[32570087.1635,5884642.7354],[32570086.6532,5884685.2472],[32570085.9155,5884746.6941],[32570080.378,5884808.9176],[32570076.9203,5884835.6588],[32570066.6751,5884888.1381],[32570058.6786,5884913.1283],[32570052.931,5884922.6246],[32570045.9339,5884928.6224],[32570036.9375,5884931.1215],[32569989.7062,5884932.1218],[32569968.4647,5884936.1205],[32569960.9677,5884939.6193],[32569956.4696,5884944.1175],[32569954.7203,5884949.1156],[32569955.2202,5884953.6138],[32569960.7181,5884960.1111],[32569965.8011,5884963.6008],[32569977.4616,5884971.6063],[32569979.9607,5884975.6047],[32569980.2108,5884991.0985],[32569976.2127,5885003.3434],[32569972.2143,5885015.5889],[32569975.2133,5885025.5849],[32569978.9619,5885030.5828],[32569984.2098,5885034.5812],[32569990.9572,5885037.0801],[32569998.954,5885037.5797],[32570029.192,5885031.5817],[32570048.9342,5885032.581],[32570056.931,5885035.5797],[32570062.6788,5885040.5776],[32570065.6777,5885047.075],[32570065.6778,5885055.5716],[32570062.4298,5885070.0638],[32570059.1808,5885084.5602],[32570049.435,5885109.0506],[32570039.1892,5885118.547],[32570017.1981,5885129.0431],[32570002.704,5885139.0394],[32569992.2083,5885151.5346],[32569989.4595,5885159.0316],[32569988.9598,5885166.5286],[32569990.4593,5885172.0264],[32569993.7081,5885176.5246],[32570003.7042,5885182.0223],[32570016.1993,5885183.0217],[32570025.9721,5885181.7357],[32570035.1917,5885180.5224],[32570048.1866,5885182.0216],[32570060.1819,5885191.0178],[32570065.9298,5885199.5144],[32570085.5771,5885250.1062],[32570124.1588,5885349.4539],[32570146.6506,5885399.9335],[32570154.8975,5885412.4284],[32570160.1455,5885419.4256],[32570172.6407,5885427.922],[32570195.6317,5885434.4191],[32570212.1252,5885435.9182],[32570221.2493,5885432.6576],[32570226.5861,5885430.7504],[32570257.2175,5885419.8038],[32570283.4334,5885410.4352],[32570298.8404,5885404.9293],[32570310.0859,5885401.4305],[32570336.8252,5885396.9319],[32570368.5626,5885398.4308],[32570406.5819,5885404.3751],[32570474.9172,5885415.0593],[32570491.764,5885415.922],[32570504.0092,5885413.9226],[32570508.7573,5885412.4232],[32570512.7556,5885405.9257],[32570511.2561,5885401.4275],[32570499.0108,5885389.9322],[32570461.2755,5885369.4409],[32570444.2821,5885358.4456],[32570433.2862,5885345.4509],[32570429.7875,5885338.4537],[32570427.2884,5885331.4565],[32570425.7888,5885316.4625],[32570428.5375,5885300.4688],[32570434.285,5885284.4751],[32570437.0337,5885268.9812],[32570434.784,5885231.996],[32570428.0364,5885211.5042],[32570419.5397,5885203.5075],[32570413.8453,5885202.6897],[32570408.7939,5885204.0075],[32570402.7964,5885208.5058],[32570396.7989,5885217.0025],[32570377.9708,5885258.5763],[32570365.5622,5885285.9755],[32570357.8155,5885298.9705],[32570348.8192,5885309.9663],[32570327.328,5885327.4596],[32570302.3381,5885340.4548],[32570289.0934,5885344.9532],[32570263.1037,5885348.4522],[32570250.6087,5885347.4528],[32570238.3635,5885344.4542],[32570212.3736,5885332.9592],[32570200.1284,5885324.9625],[32570179.1364,5885303.9712],[32570171.8891,5885291.4762],[32570166.8909,5885277.9817],[32570152.6453,5885195.5147],[32570145.3973,5885127.042],[32570145.1469,5885092.5557],[32570147.3954,5885054.071],[32570151.8511,5885006.7062],[32570156.1407,5884961.1078],[32570152.1418,5884933.119],[32570139.3962,5884882.6392],[32570182.3785,5884835.1575],[32570226.3604,5884792.1739],[32570258.8472,5884768.183],[32570276.8399,5884757.1871],[32570333.3171,5884728.1977],[32570336.3161,5884736.1945],[32570347.5618,5884748.6894],[32570373.5517,5884765.6822],[32570394.0437,5884775.678],[32570439.2761,5884793.6701],[32570480.26,5884806.1646],[32570513.247,5884813.6611],[32570534.9885,5884816.6596],[32570605.4605,5884815.1591],[32570665.9365,5884811.6596],[32570678.6814,5884812.1592],[32570702.4221,5884817.1569],[32570712.918,5884821.1551],[32570730.911,5884831.6507],[32570741.265,5884842.8091],[32570779.1426,5884883.6293],[32570793.8869,5884893.6251],[32570809.131,5884898.6229],[32570825.1246,5884899.6223],[32570841.868,5884897.6228],[32570880.0629,5884886.5044],[32570895.0966,5884882.1282],[32570913.8392,5884881.6281],[32570923.3355,5884884.127],[32570932.8318,5884889.1248],[32570951.8245,5884906.6176],[32570969.3179,5884928.6086],[32570984.2819,5884950.3256],[32570997.5573,5884969.5919],[32571033.0438,5885009.0757],[32571055.0352,5885017.0721],[32571075.777,5885022.0698],[32571108.8238,5885025.2001],[32571123.2583,5885026.5674],[32571136.5031,5885030.5656],[32571145.7495,5885038.0624],[32571148.7484,5885043.5602],[32571150.7477,5885049.5578],[32571150.498,5885065.0516],[32571145.7501,5885081.5452],[32571137.0038,5885096.5393],[32571131.2562,5885103.0368],[32571083.8434,5885141.8182],[32571066.184,5885156.2627],[32571042.0426,5885176.0092],[32571019.8017,5885196.5014],[32571013.8041,5885204.4983],[32570998.5606,5885236.9856],[32570992.0636,5885260.4763],[32570989.065,5885281.468],[32570990.5645,5885287.9654],[32570995.8125,5885289.9646],[32571013.8053,5885283.9667],[32571050.0407,5885266.9729],[32571066.675,5885261.2819],[32571088.0254,5885253.9775],[32571099.2709,5885246.9801],[32571110.2663,5885234.9847],[32571144.0022,5885177.507],[32571166.2429,5885148.5182],[32571178.4879,5885136.023],[32571191.9824,5885124.5274],[32571222.47,5885104.0351],[32571238.7135,5885095.0384],[32571271.7002,5885082.5429],[32571303.1877,5885077.5444],[32571335.9247,5885080.5427],[32571387.6544,5885091.5376],[32571416.1432,5885100.5336],[32571443.3826,5885111.5288],[32571469.8721,5885115.027],[32571490.1141,5885113.5273],[32571536.8439,5885105.0303],[32571583.5768,5885096.5327],[32571608.3169,5885094.0333],[32571623.32,5885095.2051],[32571637.5554,5885099.0309],[32571653.5492,5885108.5268],[32571675.5408,5885129.5182],[32571683.038,5885139.5141],[32571690.2853,5885152.5088],[32571703.2806,5885185.9953],[32571713.2771,5885221.4811],[32571718.5255,5885251.4691],[32571721.025,5885289.4539],[32571720.2755,5885301.949],[32571717.5268,5885313.9442],[32571713.0287,5885324.4401],[32571705.7817,5885334.4363],[32571695.5359,5885342.933],[32571667.2604,5885360.3028],[32571660.5501,5885364.425],[32571651.8036,5885372.422],[32571649.3047,5885377.42],[32571648.3053,5885390.4149],[32571650.8044,5885395.9127],[32571661.0504,5885404.4091],[32571676.0445,5885408.9071],[32571702.2842,5885410.4061],[32571748.7657,5885405.9072],[32571772.494,5885402.604],[32571816.9885,5885396.41],[32571832.2325,5885396.4097],[32571856.223,5885400.9076],[32571889.46,5885412.4025],[32571897.2069,5885413.402],[32571914.9499,5885411.9023],[32571945.1878,5885404.4049],[32571977.1749,5885390.9098],[32572005.0522,5885373.2444],[32572027.6545,5885358.9217],[32572048.1462,5885349.925],[32572059.3917,5885346.926],[32572086.8808,5885344.9264],[32572101.3751,5885345.426],[32572115.6194,5885347.9248],[32572139.86,5885356.421],[32572148.3567,5885362.9183],[32572154.8542,5885370.9151],[32572160.1023,5885380.4112],[32572165.3352,5885395.12],[32572168.0996,5885412.3984],[32572168.0997,5885423.8938],[32572163.8517,5885446.8847],[32572058.1132,5885728.1609],[32572013.9168,5885845.7284],[32572009.4187,5885853.7253],[32571994.6747,5885865.221],[32571956.1902,5885884.214],[32571944.1896,5885895.4489],[32571932.6998,5885906.2056],[32571916.9562,5885915.2023],[32571897.9638,5885921.7],[32571830.7407,5885936.695],[32571793.5056,5885948.6908],[32571779.2757,5885954.8064],[32571763.2678,5885961.6861],[32571754.2713,5885963.6854],[32571737.0282,5885962.6861],[32571728.2816,5885960.1872],[32571696.2498,5885946.5573],[32571681.2999,5885940.1959],[32571657.3093,5885932.1994],[32571629.3204,5885927.2018],[32571613.0768,5885928.7014],[32571608.8285,5885931.7003],[32571606.5795,5885935.6988],[32571607.8292,5885949.6932],[32571625.3229,5885994.1752],[32571635.8193,5886034.1592],[32571643.0666,5886048.1535],[32571653.3127,5886056.65],[32571659.0604,5886058.6491],[32571671.0557,5886058.1491],[32571685.5498,5886051.1517],[32571718.0366,5886025.6613],[32571731.781,5886016.6647],[32571751.2732,5886012.1662],[32571824.2442,5886006.6673],[32571890.4457,5885992.764],[32571924.2043,5885985.6742],[32571938.6985,5885981.6755],[32571953.6926,5885974.7549],[32572000.4236,5885953.1859],[32572027.1141,5885945.3653],[32572039.6579,5885941.6899],[32572048.4044,5885935.6922],[32572056.4011,5885927.6952],[32572069.8955,5885908.7026],[32572082.0566,5885879.312],[32572105.88,5885821.7366],[32572126.3713,5885780.7526],[32572147.1126,5885745.2664],[32572158.108,5885731.2718],[32572183.3477,5885707.7807],[32572206.8381,5885690.7871],[32572224.331,5885680.291],[32572233.5773,5885676.7923],[32572251.3202,5885673.7932],[32572269.3132,5885676.7918],[32572301.5505,5885688.2867],[32572324.5416,5885700.7814],[32572344.7838,5885717.2745],[32572373.2729,5885743.7636],[32572392.7654,5885758.7573],[32572410.2585,5885765.2545],[32572426.0023,5885764.2546],[32572433.2494,5885761.2557],[32572446.9938,5885753.2587],[32572459.5435,5885741.0439],[32572467.7353,5885730.7673],[32572480.7298,5885709.7755],[32572494.4739,5885678.2878],[32572498.2221,5885655.7967],[32572498.7217,5885643.3016],[32572496.4723,5885616.8122],[32572493.4733,5885603.8174],[32572484.4765,5885578.8275],[32572476.2296,5885566.8324],[32572464.2342,5885553.3379],[32572435.2453,5885526.8489],[32572397.2599,5885497.3612],[32572439.2431,5885484.3657],[32572469.481,5885478.3676],[32572497.7198,5885475.8682],[32572509.715,5885476.3678],[32572532.706,5885481.8653],[32572555.9469,5885490.8614],[32572573.0005,5885498.7754],[32572601.1793,5885511.8523],[32572622.6709,5885518.3494],[32572653.1588,5885518.349],[32572671.4015,5885512.3511],[32572694.3922,5885499.8557],[32572701.1395,5885498.3562],[32572714.1344,5885500.855],[32572720.6318,5885504.3535],[32572733.377,5885517.3482],[32572738.3751,5885526.3445],[32572740.3745,5885537.3401],[32572737.6259,5885563.3298],[32572730.4104,5885591.2097],[32572726.6309,5885605.8131],[32572721.8831,5885632.8025],[32572723.6327,5885653.7941],[32572726.6317,5885662.2907],[32572731.13,5885669.2878],[32572737.1277,5885674.7855],[32572752.1218,5885680.2831],[32572769.6149,5885678.7835],[32572786.3581,5885670.2866],[32572824.3426,5885639.2983],[32572839.8363,5885629.3021],[32572858.079,5885623.3042],[32572880.3202,5885622.3043],[32572906.8098,5885627.8017],[32572920.3045,5885632.7995],[32572946.7942,5885647.7931],[32572998.0244,5885685.7773],[32573010.0198,5885696.7727],[32573018.8033,5885707.9514],[32573031.2618,5885726.2607],[32573040.2585,5885743.2538],[32573055.253,5885778.2397],[32573065.2495,5885809.2272],[32573067.7487,5885823.7214],[32573068.2488,5885839.715],[32573065.2366,5885875.3032],[32573057.7542,5885932.1784],[32573056.2554,5885970.6632],[32573058.505,5886008.648],[32573061.7994,5886037.4985],[32573065.753,5886072.1227],[32573066.0032,5886091.6149],[32573059.5062,5886120.6035],[32573045.2623,5886152.591],[32573029.5188,5886176.5817],[32573001.7802,5886204.571],[32572967.5442,5886232.5604],[32572922.0627,5886265.548],[32572895.0736,5886279.043],[32572866.3351,5886287.5401],[32572833.8481,5886294.038],[32572839.0014,5886307.1447],[32572840.2755,5886310.3852],[32572846.5338,5886326.3025],[32572850.4115,5886336.1648],[32572851.6871,5886339.4092],[32572856.8398,5886352.5144],[32572902.5712,5886323.5252],[32572960.0481,5886295.0357],[32573015.0259,5886272.044],[32573053.0107,5886261.0478],[32573077.2511,5886259.0482],[32573110.488,5886262.0465],[32573129.9803,5886268.0439],[32573144.7351,5886275.0034],[32573156.47,5886280.5385],[32573174.213,5886286.5358],[32573192.9557,5886290.534],[32573212.9478,5886292.0331],[32573223.6935,5886291.0333],[32573250.2324,5886284.392],[32573270.6746,5886275.039],[32573281.4203,5886267.5418],[32573290.9164,5886259.5448],[32573298.9131,5886250.0485],[32573305.6603,5886238.0531],[32573318.1548,5886204.5663],[32573329.3357,5886164.3582],[32573342.8938,5886115.6012],[32573348.8912,5886103.1061],[32573369.6326,5886077.6159],[32573398.3709,5886053.625],[32573431.1077,5886035.6317],[32573468.6588,5886023.5028],[32573511.5754,5886009.6408],[32573514.6246,5886008.0412],[32573526.8193,5886001.6438],[32573548.0607,5885994.6462],[32573559.8061,5885993.6465],[32573571.3015,5885995.1457],[32573582.0474,5886000.1435],[32573614.2851,5886038.128],[32573630.0292,5886062.618],[32573642.9075,5886098.2522],[32573648.2727,5886113.0977],[32573661.268,5886143.5853],[32573678.0117,5886171.0742],[32573687.758,5886181.5699],[32573701.2528,5886191.5657],[32573719.9955,5886202.561],[32573792.9311,5886238.2242],[32573833.4513,5886258.0373],[32573934.662,5886313.5137],[32573983.1431,5886340.5022],[32574007.197,5886356.671],[32573981.5723,5886433.5488],[32573964.8013,5886493.4483],[32573964.8018,5886531.7838],[32573976.7822,5886565.3271],[32574003.1381,5886582.0986],[32574041.4737,5886586.8899],[32574115.7486,5886567.7211],[32574202.0031,5886536.5722],[32574266.6938,5886495.8397],[32574297.8408,5886452.7118],[32574315.7976,5886388.0641],[32574376.4876,5886365.9862],[32574388.081,5886363.5956],[32574389.3207,5886363.34],[32574400.7279,5886360.9878],[32574412.3213,5886358.5972],[32574413.561,5886358.3416],[32574424.9682,5886355.9894],[32574482.6954,5886357.488],[32574510.9342,5886360.4864],[32574552.4179,5886367.9828],[32574566.5539,5886371.8458],[32574587.9188,5886377.6843],[32574592.6521,5886378.9778],[32574636.1361,5886466.9422],[32574660.3773,5886525.9184],[32574669.624,5886554.4069],[32574681.62,5886603.8871],[32574688.618,5886662.8635],[32574687.3694,5886725.3387],[32574682.6216,5886753.3276],[32574678.6234,5886767.3221],[32574668.8777,5886794.8114],[32574642.8026,5886853.728],[32574614.4971,5886917.684],[32574609.1532,5886929.7586],[32574570.1691,5886994.7343],[32574525.1885,5887069.7043],[32574492.2022,5887118.1855],[32574481.2068,5887130.6807],[32574468.7119,5887140.6769],[32574440.7232,5887156.671],[32574410.7352,5887167.1673],[32574380.9971,5887174.6647],[32574366.253,5887177.164],[32574335.0154,5887178.6638],[32574302.2783,5887176.1653],[32574283.7001,5887173.8506],[32574222.06,5887166.1705],[32574193.3214,5887166.1709],[32574140.8423,5887171.1697],[32574112.1037,5887170.6704],[32574081.6157,5887164.6732],[32574047.1292,5887154.6777],[32574041.9084,5887151.4485],[32574022.8886,5887139.684],[32573999.6476,5887127.6891],[32573975.4071,5887118.1933],[32573963.6617,5887115.1946],[32573939.9211,5887110.6968],[32573928.9254,5887111.1967],[32573919.1793,5887113.6959],[32573911.1826,5887120.1934],[32573905.1851,5887130.1896],[32573901.6867,5887144.6838],[32573901.1874,5887178.6703],[32573906.4358,5887210.6576],[32573917.432,5887255.1397],[32573922.4304,5887283.1285],[32573923.9302,5887308.6184],[32573920.4319,5887330.6097],[32573916.6835,5887339.6061],[32573911.1858,5887347.6031],[32573903.9388,5887354.1006],[32573867.9534,5887377.5918],[32573850.9604,5887396.5845],[32573843.7134,5887409.5794],[32573837.716,5887426.073],[32573814.4765,5887517.537],[32573810.7051,5887534.7322],[32573800.4535,5887581.4724],[32573800.0185,5887583.4556],[32573783.98,5887656.5801],[32573774.245,5887700.9647],[32573764.7492,5887729.4535],[32573758.0578,5887745.4439],[32573754.2058,5887754.6491],[32573745.5075,5887775.4355],[32573739.76,5887796.4272],[32573741.5096,5887812.4209],[32573747.0075,5887822.9166],[32573752.7553,5887827.9145],[32573749.5688,5887828.4144],[32573727.2655,5887831.9133],[32573703.2751,5887838.9109],[32573672.2877,5887858.9034],[32573659.3067,5887868.7788],[32573642.4549,5887881.599],[32573637.4509,5887885.4058],[32573631.5543,5887889.8917],[32573610.0624,5887863.9024],[32573594.5681,5887833.4147],[32573588.5702,5887814.9222],[32573584.1195,5887778.8262],[32573575.0741,5887705.4659],[32573571.0754,5887684.4743],[32573560.3291,5887645.9897],[32573545.3346,5887615.0023],[32573536.338,5887601.5078],[32573514.3463,5887578.0174],[32573502.8129,5887569.1458],[32573472.1127,5887551.5286],[32573411.8863,5887530.5378],[32573400.3908,5887528.039],[32573380.3988,5887528.5391],[32573371.4024,5887532.0378],[32573362.6559,5887538.5354],[32573338.4163,5887593.5139],[32573333.0822,5887609.1612],[32573319.6745,5887648.4923],[32573313.9269,5887657.9887],[32573305.4304,5887667.485],[32573294.6848,5887675.9818],[32573282.1899,5887683.9788],[32573254.4511,5887697.4738],[32573227.212,5887706.9705],[32573184.2292,5887716.4674],[32573140.2466,5887718.967],[32573127.2518,5887717.4678],[32573108.2995,5887712.4713],[32573084.2686,5887706.4728],[32573055.7437,5887701.2776],[32572944.3238,5887680.9851],[32572881.0161,5887675.1185],[32572841.8643,5887671.4904],[32572820.6226,5887667.9921],[32572799.1311,5887667.9924],[32572789.1351,5887670.4915],[32572779.8889,5887673.9903],[32572772.142,5887679.4882],[32572766.3944,5887686.4855],[32572763.3957,5887695.9818],[32572765.1451,5887705.478],[32572772.8922,5887713.9745],[32572785.1374,5887720.4717],[32572817.8746,5887730.4673],[32572852.361,5887735.9646],[32572884.3484,5887738.9629],[32572941.3714,5887750.211],[32573060.0293,5887777.445],[32573076.2728,5887779.4439],[32573087.0186,5887779.9436],[32573107.2605,5887777.4443],[32573127.9133,5887772.1833],[32573160.2393,5887763.9488],[32573181.7308,5887763.9485],[32573214.2181,5887771.9449],[32573223.2145,5887776.4429],[32573238.2088,5887789.9373],[32573274.7166,5887835.7407],[32573318.6783,5887890.896],[32573327.9247,5887898.3929],[32573340.4199,5887905.3899],[32573386.8773,5887923.9114],[32573416.89,5887935.8767],[32573426.6362,5887941.8741],[32573434.8831,5887948.8712],[32573452.3764,5887968.863],[32573478.3666,5888006.8475],[32573412.3934,5888048.8318],[32573386.9038,5888068.3245],[32573365.1627,5888089.8163],[32573327.6781,5888131.8001],[32573277.6988,5888192.7766],[32573253.2091,5888235.2601],[32573218.4739,5888310.7306],[32573204.2294,5888299.7352],[32573181.7382,5888286.7407],[32573152.2497,5888275.7455],[32573135.7562,5888273.2468],[32573056.3591,5888271.2488],[32572966.577,5888268.9894],[32572917.4152,5888267.7522],[32572857.8663,5888266.2537],[32572804.9408,5888258.1627],[32572795.3451,5888256.6957],[32572736.914,5888247.7629],[32572711.424,5888241.2659],[32572693.431,5888231.2701],[32572686.4336,5888224.273],[32572675.6877,5888206.7801],[32572668.9401,5888187.2879],[32572665.8834,5888163.4923],[32572661.9421,5888132.8097],[32572655.4443,5888107.3199],[32572646.4475,5888084.829],[32572630.2037,5888062.3382],[32572618.7081,5888052.8421],[32572602.9642,5888047.3446],[32572572.1647,5888045.1024],[32572507.1748,5888040.3711],[32572506.8689,5888040.3488],[32572500.005,5888039.8491],[32572473.5155,5888044.8475],[32572465.0189,5888047.8464],[32572449.2753,5888057.3429],[32572446.0268,5888067.8388],[32572444.5276,5888084.832],[32572447.2768,5888107.323],[32572451.5253,5888120.3178],[32572459.2724,5888133.8123],[32572471.2679,5888147.8066],[32572503.5055,5888175.795],[32572533.209,5888197.6093],[32572579.7261,5888231.7716],[32572629.2071,5888277.2528],[32572687.1849,5888335.2289],[32572708.1768,5888351.722],[32572720.1722,5888358.719],[32572745.6622,5888369.2145],[32572771.1522,5888374.2121],[32572805.8884,5888375.711],[32572830.1289,5888380.2089],[32572887.0482,5888397.3484],[32572918.0944,5888406.697],[32572943.5843,5888412.6942],[32572997.5631,5888424.1889],[32573076.2821,5888437.6823],[32573028.9389,5888484.9795],[32573025.3033,5888488.6115],[32572981.5925,5888532.2799],[32572979.3219,5888534.6452],[32572972.3245,5888519.6513],[32572961.3287,5888509.1556],[32572941.5864,5888500.1595],[32572921.5942,5888496.1614],[32572878.0062,5888501.1312],[32572782.2498,5888512.0491],[32572719.9245,5888519.1553],[32572678.691,5888529.6517],[32572654.7007,5888539.6481],[32572643.5361,5888545.4107],[32572623.7132,5888555.6422],[32572610.4685,5888557.6416],[32572580.4803,5888556.6425],[32572552.4913,5888550.6453],[32572533.9986,5888542.1489],[32572527.0846,5888536.6512],[32572513.2565,5888525.6558],[32572501.2612,5888519.6583],[32572486.7669,5888516.6598],[32572469.7737,5888518.1594],[32572445.5334,5888526.6564],[32572432.2888,5888536.1528],[32572411.2974,5888559.6438],[32572368.2285,5888599.8963],[32572357.8194,5888609.6247],[32572356.5051,5888612.7748],[32572353.6669,5888619.5774],[32572334.9579,5888664.419],[32572327.5824,5888682.0964],[32572321.5851,5888704.5875],[32572315.8379,5888741.5729],[32572312.6742,5888753.9571],[32572305.2626,5888782.9699],[32572298.3458,5888810.046],[32572287.85,5888817.0433],[32572269.3574,5888824.0408],[32572242.3682,5888829.0393],[32572207.8819,5888827.0406],[32572190.6387,5888824.042],[32572160.4005,5888817.0452],[32572138.8521,5888810.5268],[32572130.6622,5888808.0493],[32572145.6565,5888826.5417],[32572155.4029,5888844.0346],[32572158.1519,5888853.031],[32572158.402,5888862.0274],[32572153.654,5888876.0219],[32572149.6557,5888882.0196],[32572138.6602,5888890.5164],[32572131.9129,5888893.5153],[32572122.6579,5888895.7367],[32572094.4279,5888902.5123],[32572078.8595,5888910.0469],[32572059.442,5888922.005],[32572039.2003,5888940.498],[32572031.4536,5888950.9939],[32572008.4632,5888991.978],[32571989.4712,5889021.4666],[32571978.9755,5889034.9613],[32571955.4852,5889055.9534],[32571908.754,5889078.4451],[32571853.6504,5889097.9801],[32571814.2919,5889111.9332],[32571793.3004,5889123.429],[32571784.554,5889130.9261],[32571778.0567,5889139.9226],[32571774.5582,5889149.9187],[32571774.8083,5889161.4141],[32571778.307,5889171.9099],[32571783.3051,5889177.9074],[32571789.5527,5889181.406],[32571805.7963,5889180.4061],[32571825.2884,5889173.9084],[32571846.28,5889166.9109],[32571870.2704,5889160.9129],[32571894.7606,5889156.9141],[32571916.7519,5889155.9142],[32571942.9915,5889157.913],[32571989.9728,5889149.4157],[32572012.7138,5889147.4161],[32572189.8935,5889144.9145],[32572213.634,5889140.9157],[32572234.6256,5889132.9186],[32572243.1221,5889126.9208],[32572254.3674,5889109.9274],[32572257.1162,5889102.9302],[32572256.6163,5889090.9349],[32572249.6189,5889080.4392],[32572222.1294,5889055.4496],[32572213.8826,5889047.9527],[32572199.3881,5889029.4602],[32572194.14,5889018.9645],[32572190.8911,5889006.4695],[32572190.1412,5888992.9749],[32572193.3897,5888978.9804],[32572200.6367,5888965.9854],[32572210.6326,5888953.9901],[32572235.3725,5888933.4978],[32572276.3558,5888904.0089],[32572303.5948,5888891.0137],[32572320.3381,5888885.0158],[32572374.3165,5888873.0198],[32572390.81,5888871.5201],[32572425.5462,5888873.019],[32572462.5316,5888880.0157],[32572479.525,5888885.5133],[32572494.2692,5888893.0101],[32572506.2646,5888902.5061],[32572514.2616,5888913.5016],[32572529.5061,5888949.9869],[32572570.4913,5889057.9434],[32572578.0571,5889076.4823],[32572578.415,5889077.3594],[32572587.8522,5889100.4836],[32572598.2313,5889125.9159],[32572619.4734,5889159.4023],[32572637.7165,5889183.3925],[32572625.4716,5889205.3839],[32572611.7275,5889235.872],[32572602.2318,5889271.8579],[32572601.2324,5889289.3509],[32572604.9814,5889320.8384],[32572615.9775,5889358.3233],[32572625.7239,5889377.8154],[32572635.8587,5889393.6419],[32572643.9671,5889406.3038],[32572650.7147,5889421.7976],[32572651.7145,5889437.2914],[32572645.4675,5889474.2768],[32572653.9642,5889480.7741],[32572667.9587,5889486.7715],[32572687.2011,5889489.2702],[32572698.1968,5889487.7706],[32572720.4379,5889481.2729],[32572753.8858,5889466.9704],[32572756.6733,5889465.7785],[32572756.1731,5889442.7876],[32572752.9242,5889423.2954],[32572749.9252,5889414.299],[32572738.1796,5889394.807],[32572734.6808,5889381.3124],[32572733.6807,5889342.8277],[32572737.9285,5889311.3402],[32572741.4268,5889286.8498],[32572740.9267,5889265.3584],[32572737.1779,5889247.3656],[32572731.1801,5889232.3716],[32572723.6829,5889219.8767],[32572701.941,5889195.8864],[32572694.6939,5889187.8899],[32572689.196,5889179.8931],[32572676.2007,5889149.9052],[32572666.2042,5889118.4179],[32572654.9038,5889076.8042],[32572618.0724,5888941.1731],[32572614.2222,5888926.9948],[32572607.974,5888884.0119],[32572608.9733,5888857.0226],[32572611.4721,5888844.5276],[32572615.7203,5888834.0317],[32572631.9635,5888810.5408],[32572657.453,5888781.5519],[32572701.9348,5888740.5675],[32572715.9291,5888730.5713],[32572746.9166,5888714.0774],[32572795.1471,5888693.5848],[32572811.3846,5888687.9975],[32572818.3878,5888685.5877],[32572919.8472,5888656.5977],[32572959.8311,5888641.603],[32572991.0685,5888624.6093],[32573020.7749,5888600.5026],[32573035.719,5888588.3755],[32573036.4084,5888587.816],[32573043.9502,5888581.6959],[32573052.0436,5888575.1281],[32573052.8104,5888574.6488],[32573122.5151,5888533.6435],[32573139.2583,5888522.1478],[32573170.4765,5888494.1583],[32573226.2227,5888444.1775],[32573274.2032,5888407.6913],[32573299.9428,5888391.1974],[32573350.1725,5888362.708],[32573406.8996,5888336.2177],[32573417.6452,5888329.7201],[32573425.1421,5888321.2234],[32573429.8901,5888310.7275],[32573433.3884,5888286.737],[32573433.3882,5888274.2419],[32573433.3879,5888250.2515],[32573434.8871,5888239.2558],[32573445.1328,5888218.264],[32573472.8714,5888188.2755],[32573487.0011,5888176.1493],[32573541.5933,5888129.2979],[32573583.448,5888091.1409],[32573595.3213,5888080.3166],[32573671.5404,5888029.8355],[32573719.5209,5887994.8487],[32573752.0076,5887965.8597],[32573766.5016,5887949.3661],[32573775.9976,5887933.8721],[32573781.2451,5887904.3837],[32573780.4951,5887885.3913],[32573793.49,5887883.8917],[32573819.9794,5887876.8941],[32573832.2244,5887871.3961],[32573852.7161,5887858.4009],[32573859.7133,5887851.4036],[32573864.3601,5887844.1302],[32573876.9561,5887824.4141],[32573888.2014,5887811.9189],[32573899.6967,5887802.4225],[32573907.332,5887798.1913],[32573978.165,5887758.9386],[32574014.6502,5887734.9475],[32574059.2142,5887697.7865],[32574094.3677,5887668.4728],[32574116.8585,5887652.9786],[32574126.3547,5887648.4802],[32574149.8453,5887643.9817],[32574180.3333,5887644.9808],[32574196.8268,5887647.4796],[32574228.8142,5887655.9757],[32574243.3086,5887662.9727],[32574256.8033,5887672.9685],[32574270.5481,5887687.4626],[32574283.7931,5887705.955],[32574308.5339,5887749.9372],[32574338.0232,5887816.9101],[32574358.266,5887881.884],[32574394.2537,5888019.3288],[32574419.2453,5888126.2859],[32574436.2401,5888235.2424],[32574446.7372,5888328.7051],[32574452.9853,5888367.1897],[32574457.2339,5888386.1821],[32574468.23,5888420.1684],[32574474.4777,5888433.6629],[32574487.2229,5888453.155],[32574491.2215,5888462.1514],[32574494.9702,5888478.6448],[32574494.4707,5888496.1378],[32574563.4444,5888573.1062],[32574585.5451,5888602.3462],[32574660.9076,5888702.0535],[32574673.9026,5888715.5479],[32574703.6411,5888740.0377],[32574751.3727,5888770.5249],[32574753.8722,5888812.0084],[32574761.6199,5888863.9876],[32574765.6185,5888876.9824],[32574772.366,5888889.4773],[32574782.862,5888902.472],[32574811.3511,5888929.4608],[32574859.5825,5888966.9452],[32574887.2269,5888985.0618],[32574903.8154,5888995.933],[32575008.025,5889059.906],[32575045.5105,5889091.3929],[32575095.4914,5889139.3731],[32575209.4478,5889255.8251],[32575315.1576,5889374.2765],[32575410.1215,5889486.2305],[32575429.8641,5889514.2191],[32575439.8604,5889534.211],[32575447.1078,5889553.7032],[32575450.6066,5889572.1958],[32575451.1066,5889583.2836],[32575453.3564,5889633.1715],[32575446.2342,5889634.3586],[32575417.3708,5889639.1696],[32575364.8917,5889645.1681],[32575331.1551,5889646.668],[32575316.161,5889645.1688],[32575288.4219,5889638.6718],[32575275.6769,5889633.1742],[32575251.4363,5889617.6807],[32575227.9453,5889596.6894],[32575207.2032,5889572.1994],[32575190.2095,5889547.2096],[32575166.7183,5889508.2255],[32575161.97,5889492.2319],[32575162.9693,5889476.2382],[32575170.966,5889461.2441],[32575192.9298,5889440.5096],[32575202.2032,5889431.7553],[32575208.7005,5889424.2582],[32575212.9487,5889416.2613],[32575214.1981,5889407.7647],[32575211.449,5889398.7683],[32575204.2018,5889388.2726],[32575194.2056,5889379.7761],[32575184.4594,5889374.2784],[32575174.7132,5889371.2798],[32575155.7208,5889372.7795],[32575137.728,5889380.2767],[32575090.747,5889407.2667],[32575056.011,5889419.7623],[32575043.266,5889421.7617],[32575020.7749,5889420.2626],[32575011.0288,5889417.264],[32574996.519,5889409.8517],[32574967.8771,5889389.237],[32574944.6836,5889372.5437],[32574917.984,5889353.327],[32574894.3239,5889336.2979],[32574841.5942,5889292.816],[32574835.3465,5889282.82],[32574830.3483,5889269.3255],[32574823.5545,5889243.881],[32574816.6031,5889217.8461],[32574803.1079,5889183.36],[32574793.1117,5889169.3658],[32574781.3662,5889157.3707],[32574768.1213,5889146.8751],[32574739.1325,5889129.8823],[32574723.3887,5889123.8849],[32574690.6516,5889115.8885],[32574656.4151,5889111.8907],[32574614.9314,5889101.8952],[32574571.4484,5889087.4017],[32574531.9639,5889071.4086],[32574501.4757,5889055.9152],[32574478.2347,5889040.4217],[32574453.994,5889018.4308],[32574442.7454,5889004.6829],[32574431.5026,5888990.9421],[32574421.2565,5888983.945],[32574407.512,5888982.4458],[32574398.7654,5888983.9454],[32574382.522,5888992.942],[32574371.7765,5889007.4364],[32574365.7791,5889024.9296],[32574364.5299,5889044.9217],[32574365.2173,5889055.9177],[32574366.0296,5889068.9121],[32574364.5304,5889081.4072],[32574357.5333,5889093.9023],[32574336.7919,5889119.3925],[32574330.2946,5889130.3882],[32574325.5467,5889142.3835],[32574322.5481,5889154.3788],[32574322.0484,5889165.8742],[32574324.2977,5889176.8698],[32574330.2954,5889186.8658],[32574339.292,5889194.8624],[32574350.0378,5889201.3597],[32574386.6711,5889214.7309],[32574415.7621,5889225.3492],[32574436.5736,5889236.735],[32574497.9801,5889270.3301],[32574625.1806,5889335.3023],[32574643.4234,5889340.7999],[32574664.1653,5889343.7984],[32574683.6575,5889344.2979],[32574709.1474,5889342.2983],[32574731.1387,5889345.7966],[32574757.3785,5889354.2928],[32574787.6167,5889369.7862],[32574819.1045,5889389.7778],[32574833.349,5889400.7732],[32574845.5943,5889412.2684],[32574855.3406,5889424.7633],[32574862.0881,5889437.2582],[32574865.0871,5889450.253],[32574863.5879,5889463.2479],[32574855.4167,5889489.5076],[32574849.6076,5889508.176],[32574846.5955,5889525.7233],[32574847.3453,5889536.7189],[32574851.094,5889547.2147],[32574858.0914,5889557.2106],[32574877.3339,5889571.2048],[32574902.6998,5889579.7523],[32574909.0715,5889581.2003],[32574913.7994,5889582.2748],[32574943.0581,5889589.1966],[32574964.2998,5889599.6922],[32574982.043,5889615.1857],[32575000.2377,5889635.8316],[32575017.2796,5889655.1693],[32575029.0251,5889663.166],[32575035.0227,5889665.1651],[32575040.7704,5889665.165],[32575046.2682,5889662.6659],[32575057.0138,5889651.1703],[32575075.2564,5889641.174],[32575109.9926,5889633.1767],[32575139.2309,5889631.6768],[32575157.2239,5889640.1732],[32575176.3704,5889656.1922],[32575244.4404,5889713.1429],[32575270.9301,5889729.1361],[32575285.1745,5889734.6337],[32575300.1686,5889737.6323],[32575315.4126,5889738.6317],[32575345.4007,5889737.1318],[32575417.655,5889722.2329],[32575442.3619,5889717.1383],[32575468.3516,5889714.1391],[32575480.8467,5889714.6387],[32575492.3421,5889717.1375],[32575503.0879,5889721.6356],[32575522.8303,5889737.6289],[32575545.3216,5889752.1228],[32575582.3072,5889769.6153],[32575594.0529,5889798.6036],[32575598.3015,5889817.0962],[32575597.8019,5889833.5897],[32575595.0824,5889844.7707],[32575593.304,5889852.0824],[32575594.8175,5889863.8314],[32575604.2999,5889874.5733],[32575612.0469,5889879.0714],[32575626.7911,5889879.0712],[32575640.5355,5889871.5739],[32575659.2779,5889855.58],[32575682.0187,5889841.5852],[32575691.5149,5889838.5863],[32575701.5109,5889838.0863],[32575712.2567,5889840.0854],[32575723.2524,5889845.583],[32575734.2481,5889855.5789],[32575760.988,5889887.066],[32575779.4809,5889906.0581],[32575790.4766,5889912.0556],[32575806.3703,5889913.5548],[32575816.9662,5889914.5542],[32575829.9611,5889921.5512],[32575835.459,5889928.5483],[32575841.803,5889945.0803],[32575851.9531,5889971.531],[32575861.9493,5889986.0251],[32575868.6967,5889991.023],[32575886.4398,5889995.521],[32575912.1796,5889995.5206],[32575928.1732,5889995.5204],[32575945.6663,5889995.5201],[32575964.6588,5889997.0192],[32575984.6509,5890000.5175],[32576005.6427,5890006.5148],[32576027.3842,5890015.5109],[32576051.1249,5890028.0056],[32576077.6146,5890042.9992],[32576120.7446,5890070.7656],[32576160.0827,5890099.4755],[32576183.8236,5890119.967],[32576203.8159,5890139.9588],[32576218.0606,5890158.951],[32576228.3067,5890176.9437],[32576243.8011,5890213.9288],[32576253.5478,5890249.9143],[32576260.0458,5890296.3958],[32576258.2971,5890336.3799],[32576249.3016,5890401.3542],[32576250.0522,5890469.3272],[32576226.3112,5890439.3395],[32576204.0697,5890415.8491],[32576192.5741,5890406.8529],[32576181.5784,5890401.3552],[32576160.0869,5890396.3575],[32576137.5958,5890396.3579],[32576114.6049,5890398.8572],[32576092.3638,5890403.3558],[32576072.6217,5890410.3533],[32576057.3779,5890421.3492],[32576051.8802,5890429.3461],[32576047.8819,5890438.3425],[32576046.1328,5890449.3382],[32576046.133,5890461.8332],[32576051.1314,5890489.3222],[32576060.3781,5890514.812],[32576071.6239,5890536.3033],[32576077.6216,5890544.3],[32576089.8669,5890553.796],[32576114.1073,5890557.2943],[32576124.8667,5890556.6037],[32576160.8388,5890554.2948],[32576260.0495,5890559.7911],[32576233.0616,5890659.252],[32576222.816,5890685.2418],[32576216.5337,5890697.2141],[32576196.3272,5890735.7221],[32576191.5794,5890756.214],[32576192.5793,5890773.7071],[32576194.5785,5890779.7047],[32576199.8799,5890789.1291],[32576210.3227,5890807.6933],[32576228.3163,5890864.1706],[32576233.5147,5890868.969],[32576247.8089,5890882.1631],[32576262.3032,5890890.1598],[32576269.8003,5890891.659],[32576276.7975,5890891.1591],[32576282.7951,5890888.66],[32576292.2912,5890880.6631],[32576299.0384,5890869.6673],[32576325.7757,5890721.7257],[32576330.7731,5890676.7435],[32576330.5228,5890649.7543],[32576325.8291,5890612.7774],[32576322.2752,5890584.7802],[32576319.0254,5890509.8101],[32576319.5248,5890476.3234],[32576323.2725,5890424.344],[32576327.2705,5890390.3574],[32576333.2677,5890359.8694],[32576342.5137,5890334.3794],[32576354.0088,5890314.887],[32576366.7536,5890300.8924],[32576374.5005,5890296.8938],[32576384.2466,5890294.8945],[32576395.4921,5890294.8943],[32576420.4822,5890298.8923],[32576444.9726,5890305.8892],[32576467.2139,5890314.3855],[32576508.6978,5890339.8747],[32576539.436,5890363.8647],[32576569.6744,5890391.3533],[32576604.6335,5890427.9756],[32576612.475,5890436.428],[32576743.608,5890577.7766],[32576895.5497,5890713.7203],[32576914.5424,5890730.7133],[32576905.8717,5890727.8589],[32576894.2874,5890724.0453],[32576853.8162,5890710.7221],[32576788.7132,5890692.8471],[32576763.7263,5890685.9865],[32576719.1191,5890673.7389],[32576669.3886,5890663.7436],[32576642.3993,5890660.7452],[32576614.9102,5890660.2458],[32576532.6928,5890661.7464],[32576508.4525,5890665.7452],[32576490.2099,5890674.7419],[32576482.2131,5890681.2395],[32576467.7191,5890696.7335],[32576449.4767,5890723.2233],[32576423.9873,5890758.7096],[32576413.2418,5890779.2016],[32576409.2436,5890790.6971],[32576405.2455,5890817.6864],[32576406.4955,5890848.1743],[32576413.2432,5890878.1622],[32576418.7412,5890891.6568],[32576426.2384,5890903.6519],[32576447.4803,5890924.6433],[32576476.2041,5890942.3782],[32576484.7158,5890947.6336],[32576490.0201,5890948.5064],[32576524.2003,5890954.1304],[32576570.6819,5890955.6291],[32576608.4166,5890931.1382],[32576646.1513,5890906.6474],[32576683.8859,5890882.1566],[32576721.6206,5890857.6657],[32576754.1075,5890838.6728],[32576775.5989,5890829.676],[32576787.3442,5890826.6771],[32576799.0895,5890825.1775],[32576822.5802,5890827.1763],[32576845.5712,5890834.673],[32576877.3089,5890853.665],[32576895.8018,5890870.1581],[32576911.2959,5890888.1508],[32576926.5402,5890915.6396],[32576932.7881,5890940.6296],[32576934.5375,5890947.6268],[32576941.7848,5890960.6215],[32576948.2823,5890965.6194],[32576957.5287,5890969.6177],[32576974.7719,5890973.6158],[32576980.7695,5890973.6157],[32576990.5156,5890969.1174],[32577019.5038,5890946.1261],[32577034.9975,5890940.1282],[32577044.2438,5890938.6287],[32577066.2351,5890938.6284],[32577101.7289,5890943.1783],[32577135.4762,5890947.5044],[32577144.2043,5890948.6232],[32577164.1964,5890948.6229],[32577180.19,5890941.1256],[32577199.9318,5890919.1341],[32577336.6289,5891008.5965],[32577481.3229,5891090.0614],[32577540.7995,5891123.5477],[32577583.0332,5891153.0353],[32577593.5292,5891162.5314],[32577602.3225,5891173.8607],[32577606.4097,5891181.5513],[32577612.0224,5891201.5156],[32577613.5221,5891224.5065],[32577611.7731,5891248.497],[32577604.9238,5891278.3557],[32577528.8342,5891348.594],[32577502.9624,5891400.3395],[32577481.4026,5891460.7092],[32577451.2192,5891538.3274],[32577429.6593,5891585.7608],[32577380.6665,5891612.9799],[32577366.1251,5891573.8714],[32577351.1307,5891547.8819],[32577339.8849,5891533.8877],[32577336.7679,5891530.3472],[32577327.3708,5891519.6736],[32577317.5431,5891460.7117],[32577308.9183,5891421.903],[32577283.0452,5891396.0308],[32577248.5482,5891387.4072],[32577196.8029,5891365.8474],[32577170.9298,5891335.6632],[32577140.7448,5891305.479],[32577136.4327,5891304.1854],[32577097.6236,5891292.5433],[32577032.942,5891288.2322],[32576976.885,5891301.1693],[32576929.4522,5891331.3547],[32576886.8527,5891427.2075],[32576860.5737,5891438.4328],[32576842.9422,5891449.521],[32576841.8231,5891450.2248],[32576828.2491,5891458.7613],[32576812.0933,5891468.9215],[32576800.5981,5891487.4143],[32576790.1026,5891509.9055],[32576780.107,5891540.8933],[32576763.8645,5891613.8646],[32576758.8669,5891647.3513],[32576756.1185,5891682.8373],[32576750.371,5891700.8302],[32576739.8754,5891717.8236],[32576718.3843,5891746.8124],[32576690.4206,5891779.7111],[32576680.4921,5891791.3918],[32576664.4067,5891814.7862],[32576659.4088,5891826.2817],[32576657.6597,5891837.2774],[32576658.9093,5891846.7736],[32576666.1567,5891862.7671],[32576684.6496,5891883.2587],[32576697.3948,5891901.2514],[32576723.1353,5891952.2307],[32576748.1262,5892010.2073],[32576798.608,5892141.6543],[32576817.8297,5892182.5952],[32576841.8423,5892244.1129],[32576849.8395,5892269.1029],[32576862.6767,5892322.7221],[32576865.0844,5892339.5747],[32576867.0842,5892377.5595],[32576865.3354,5892412.5457],[32576862.3368,5892428.0395],[32576857.5888,5892442.0341],[32576850.8417,5892454.5292],[32576841.8454,5892465.0252],[32576821.1991,5892482.4423],[32576795.8641,5892499.5121],[32576771.8738,5892510.0083],[32576760.3784,5892513.0073],[32576748.8824,5892513.5073],[32576702.9012,5892515.5072],[32576678.6609,5892522.005],[32576655.6702,5892534.5004],[32576646.1741,5892544.4965],[32576639.9268,5892555.992],[32576636.1784,5892569.9865],[32576634.4293,5892584.9806],[32576636.4296,5892659.9508],[32576641.9283,5892719.9269],[32576641.6786,5892740.9185],[32576639.4298,5892761.4104],[32576634.1822,5892779.4034],[32576624.6861,5892794.8973],[32576602.4452,5892815.3895],[32576591.6996,5892821.3873],[32576581.4537,5892824.8861],[32576571.2078,5892826.3856],[32576561.4616,5892825.3862],[32576541.9693,5892817.8894],[32576530.9735,5892808.8932],[32576516.7289,5892793.3996],[32576449.4962,5892705.5078],[32576414.2677,5892659.4543],[32576389.0273,5892628.9668],[32576368.0353,5892606.4761],[32576336.7973,5892582.4861],[32576322.7643,5892575.4179],[32576303.0605,5892565.4933],[32576293.8141,5892558.9961],[32576277.5703,5892542.5029],[32576262.8257,5892516.0136],[32576238.5846,5892460.536],[32576228.8382,5892443.0431],[32576211.4309,5892418.2538],[32576196.1006,5892400.5605],[32576172.8596,5892382.568],[32576160.6143,5892377.5702],[32576146.8698,5892375.0714],[32576132.3755,5892375.5714],[32576117.3815,5892378.0706],[32576102.6374,5892383.0689],[32576074.6487,5892397.5635],[32576051.908,5892418.0557],[32576033.6656,5892445.5451],[32576026.6686,5892462.0386],[32576021.6709,5892479.0319],[32576018.6723,5892496.525],[32576017.9229,5892514.5179],[32576019.6724,5892532.5107],[32576025.6931,5892562.5131],[32576027.6959,5892572.4936],[32576034.9174,5892608.4803],[32576040.4158,5892645.4655],[32576041.9154,5892662.4587],[32576040.0422,5892715.5558],[32576035.4195,5892773.9145],[32576030.4219,5892803.4029],[32576023.4251,5892831.3919],[32576013.4294,5892856.3821],[32576008.551,5892863.971],[32576001.6321,5892874.7341],[32575976.4984,5892862.1679],[32575959.2499,5892853.544],[32575946.3134,5892827.6716],[32575937.6887,5892806.1113],[32575920.4401,5892784.5511],[32575873.0064,5892750.055],[32575802.0115,5892730.6939],[32575802.0115,5892732.9343],[32575802.0121,5892773.4183],[32575804.7025,5892799.1235],[32575806.5109,5892816.4011],[32575807.5109,5892842.8906],[32575806.2615,5892853.3864],[32575803.2628,5892860.8835],[32575798.2648,5892862.8828],[32575792.767,5892861.3834],[32575788.2687,5892856.8853],[32575782.5208,5892841.8913],[32575779.5217,5892821.3995],[32575774.7727,5892757.9248],[32575765.7718,5892725.6777],[32575759.4843,5892703.1519],[32575709.146,5892694.0002],[32575640.1524,5892689.6892],[32575618.5926,5892728.4984],[32575588.4086,5892788.8682],[32575518.9632,5892814.1222],[32575480.8896,5892784.9185],[32575441.4049,5892760.4288],[32575378.5055,5892725.1753],[32575373.2524,5892722.3593],[32575346.9305,5892601.288],[32575295.184,5892510.7349],[32575230.5012,5892407.2456],[32575174.4435,5892372.7496],[32575122.6983,5892372.7504],[32575092.5135,5892364.1267],[32575062.5367,5892345.3918],[32575058.0163,5892342.5667],[32575045.0797,5892325.3185],[32575006.2707,5892303.7586],[32574950.2133,5892299.4473],[32574889.8439,5892299.4482],[32574829.4744,5892295.1371],[32574782.0412,5892273.5773],[32574760.4807,5892277.8896],[32574751.8568,5892303.7624],[32574751.8571,5892325.3229],[32574756.1696,5892351.1954],[32574773.4187,5892407.2524],[32574816.5407,5892471.9331],[32574820.8533,5892515.054],[32574788.2265,5892538.2434],[32574773.4166,5892530.5302],[32574738.1803,5892508.0397],[32574702.9439,5892480.5512],[32574667.2076,5892447.5648],[32574635.4697,5892413.079],[32574622.4746,5892396.0859],[32574601.2325,5892360.1006],[32574584.7385,5892322.6157],[32574568.7014,5892277.5051],[32574553.9995,5892236.1505],[32574542.2538,5892211.1606],[32574524.2606,5892187.1704],[32574496.7712,5892165.6794],[32574453.5381,5892145.688],[32574396.0606,5892126.6964],[32574364.8229,5892118.2002],[32574275.3581,5892097.2099],[32574224.878,5892089.2139],[32574201.3872,5892087.215],[32574158.9041,5892087.2156],[32574139.9117,5892089.2151],[32574106.6749,5892096.2128],[32574092.6805,5892101.2111],[32574080.9353,5892107.7087],[32574063.1926,5892124.2024],[32574057.6949,5892134.1985],[32574054.1964,5892144.6944],[32574052.9471,5892156.1898],[32574053.697,5892168.6848],[32574057.9456,5892190.676],[32574067.4421,5892209.6683],[32574076.1887,5892219.1644],[32574106.4271,5892243.6542],[32574207.0406,5892308.0343],[32574299.3523,5892367.1023],[32574354.581,5892405.5862],[32574383.9035,5892432.9086],[32574398.5641,5892446.5692],[32574429.5522,5892478.0562],[32574445.0464,5892496.0489],[32574473.2857,5892537.532],[32574484.7815,5892561.0224],[32574503.025,5892614.5009],[32574527.7664,5892696.468],[32574536.7631,5892719.9585],[32574547.2592,5892740.4502],[32574559.5046,5892756.4437],[32574584.495,5892777.9347],[32574596.2405,5892785.4316],[32574620.2311,5892796.9267],[32574659.8459,5892810.351],[32574710.1959,5892827.4132],[32574739.4344,5892839.408],[32574768.673,5892854.9014],[32574797.162,5892873.8934],[32574825.8256,5892899.394],[32574867.385,5892936.3675],[32574908.1192,5892962.3566],[32574943.3555,5892980.3489],[32575032.5707,5893021.8311],[32575160.0209,5893075.8077],[32575327.3491,5893133.0956],[32575371.688,5893148.2758],[32575395.6787,5893160.7704],[32575420.9189,5893178.2631],[32575439.5219,5893194.3574],[32575456.6552,5893211.2495],[32575467.1865,5893223.9172],[32575491.1421,5893252.7324],[32575506.6361,5893264.7274],[32575515.3827,5893266.7265],[32575524.8789,5893266.2266],[32575539.1232,5893262.228],[32575600.4079,5893238.2608],[32575636.1307,5893224.2904],[32575673.3192,5893209.7468],[32575723.2992,5893193.7524],[32575764.0329,5893186.7546],[32575818.9494,5893182.7788],[32575847.7497,5893180.2559],[32575908.7867,5893169.8509],[32575979.697,5893157.7628],[32576009.4351,5893147.2666],[32576054.9721,5893126.4319],[32576085.9043,5893112.2793],[32576091.9019,5893111.2796],[32576099.8528,5893113.3599],[32576112.8937,5893121.7751],[32576123.6396,5893137.2688],[32576126.3887,5893146.765],[32576126.5295,5893158.8623],[32576126.8891,5893189.7479],[32576130.8878,5893209.7399],[32576137.8852,5893226.7331],[32576151.1303,5893246.2251],[32576161.1264,5893256.221],[32576167.374,5893258.7199],[32576174.3712,5893258.7198],[32576182.8678,5893256.2207],[32576193.8441,5893249.0229],[32576213.3554,5893236.2281],[32576232.5977,5893228.231],[32576250.3406,5893224.7322],[32576266.1281,5893225.6745],[32576283.8274,5893226.7309],[32576302.0701,5893224.2316],[32576319.3132,5893217.7339],[32576338.5553,5893201.2402],[32576345.5525,5893198.2413],[32576361.2962,5893197.7412],[32576377.5399,5893204.7382],[32576392.2842,5893217.7328],[32576405.2794,5893242.2229],[32576426.0219,5893294.7017],[32576441.7661,5893326.189],[32576450.5128,5893337.1845],[32576480.0014,5893361.1745],[32576501.2432,5893371.67],[32576511.739,5893373.669],[32576521.9849,5893372.6693],[32576539.2426,5893364.9081],[32576564.2179,5893353.6762],[32576575.4634,5893351.177],[32576587.2088,5893350.677],[32576598.7042,5893352.6761],[32576610.1997,5893357.6739],[32576621.4454,5893366.6702],[32576641.9376,5893387.1617],[32576659.9306,5893401.1559],[32576668.4273,5893405.1542],[32576676.674,5893405.154],[32576685.4205,5893401.1555],[32576694.1669,5893393.1585],[32576702.6634,5893382.1628],[32576710.1603,5893370.6672],[32576721.6554,5893345.677],[32576728.1524,5893318.6876],[32576729.6516,5893305.193],[32576729.6512,5893275.2049],[32576735.3984,5893239.7189],[32576747.6431,5893203.2332],[32576756.1395,5893186.7396],[32576765.8854,5893172.2453],[32576776.8809,5893160.7497],[32576824.8613,5893121.7644],[32576847.1022,5893100.7724],[32576864.2949,5893079.2809],[32576883.0873,5893055.7898],[32576892.3335,5893048.2926],[32576902.5794,5893043.2944],[32576913.8249,5893040.2955],[32576940.5643,5893039.7953],[32576973.5513,5893046.792],[32577007.7879,5893057.7871],[32577038.5259,5893070.2817],[32577061.5169,5893082.7763],[32577070.4953,5893089.0726],[32577080.7595,5893096.2707],[32577093.7544,5893101.7683],[32577108.2487,5893104.7669],[32577116.5373,5893105.2666],[32577157.979,5893107.765],[32577210.9581,5893114.2616],[32577228.2012,5893113.7615],[32577237.9473,5893111.2624],[32577247.1936,5893105.7644],[32577254.6905,5893097.7675],[32577259.6884,5893086.272],[32577261.1876,5893070.7781],[32577258.4384,5893050.2863],[32577252.1905,5893028.2951],[32577234.5227,5892980.7024],[32577227.6993,5892962.3217],[32577226.5661,5892955.5227],[32577228.4488,5892948.8271],[32577235.1962,5892948.827],[32577300.6705,5892968.3182],[32577325.4108,5892969.8172],[32577341.9042,5892970.8166],[32577355.5906,5892972.364],[32577370.1043,5892974.0049],[32577412.6262,5892978.8124],[32577434.3675,5892975.3134],[32577449.3615,5892969.3156],[32577461.3566,5892960.319],[32577475.6008,5892943.3255],[32577482.0981,5892939.327],[32577495.8426,5892935.8282],[32577501.5904,5892936.8277],[32577506.0886,5892939.8264],[32577511.5867,5892958.319],[32577516.5848,5892967.3154],[32577520.3334,5892969.8143],[32577524.8316,5892970.314],[32577530.3294,5892968.3148],[32577543.8239,5892958.8183],[32577553.5699,5892945.8233],[32577567.6648,5892904.0225],[32577575.3103,5892881.3486],[32577589.8042,5892853.8593],[32577616.1246,5892813.5847],[32577632.5363,5892787.3851],[32577640.283,5892769.8919],[32577641.7822,5892750.8995],[32577638.7832,5892739.9039],[32577632.2856,5892728.4086],[32577622.0395,5892715.4139],[32577598.2029,5892690.1837],[32577555.2768,5892644.7479],[32577532.3238,5892620.453],[32577498.5866,5892579.9696],[32577492.5887,5892562.9764],[32577490.839,5892537.4866],[32577493.3378,5892522.4925],[32577499.3352,5892505.4991],[32577509.5809,5892487.0063],[32577525.0745,5892467.5139],[32577545.0663,5892446.5219],[32577591.7972,5892404.5379],[32577640.2774,5892364.553],[32577730.4906,5892296.5787],[32577739.9868,5892291.5805],[32577748.7333,5892289.0814],[32577756.98,5892288.5815],[32577765.2268,5892290.5805],[32577788.5222,5892308.6599],[32577798.7139,5892316.5697],[32577807.9602,5892319.5684],[32577812.2085,5892318.0689],[32577815.957,5892314.0704],[32577821.2048,5892302.5749],[32577823.3203,5892285.8325],[32577826.9518,5892257.0929],[32577833.4491,5892243.0984],[32577850.442,5892217.1084],[32577855.9395,5892197.6161],[32577862.9366,5892184.1214],[32577874.6817,5892171.1263],[32577893.1954,5892156.7843],[32577910.1673,5892143.6367],[32577937.1561,5892110.1497],[32577941.4044,5892107.1508],[32577948.9016,5892104.1518],[32577970.1428,5892095.6549],[32577976.3902,5892090.157],[32577980.6384,5892082.1601],[32577982.3876,5892071.6643],[32577981.8876,5892059.6691],[32577977.8887,5892019.685],[32577979.6376,5891993.1955],[32577983.3859,5891981.2002],[32577990.1331,5891970.2045],[32577998.3797,5891961.2079],[32578014.1233,5891948.7127],[32578029.867,5891943.7144],[32578045.8607,5891945.2136],[32578073.1,5891954.7094],[32578095.0913,5891957.2081],[32578106.3368,5891956.2083],[32578117.0825,5891952.7096],[32578126.8285,5891946.7118],[32578155.8165,5891910.7257],[32578168.3113,5891888.2344],[32578170.81,5891870.2416],[32578169.7757,5891854.4714],[32578168.8104,5891839.7537],[32578172.5587,5891826.259],[32578185.0535,5891808.266],[32578212.792,5891775.7785],[32578230.5348,5891757.7854],[32578238.7814,5891751.7876],[32578246.5283,5891748.2889],[32578253.5255,5891747.789],[32578260.2728,5891749.7881],[32578290.761,5891766.2811],[32578299.2576,5891768.78],[32578308.0042,5891769.2797],[32578317.5004,5891767.7801],[32578325.7471,5891764.2814],[32578336.2428,5891756.7842],[32578338.9916,5891752.286],[32578338.9915,5891740.2907],[32578330.7444,5891713.3016],[32578327.9952,5891691.3104],[32578330.4939,5891668.8193],[32578333.9923,5891657.8236],[32578338.7403,5891647.3277],[32578353.734,5891626.3358],[32578437.4494,5891526.3743],[32578445.9459,5891513.3793],[32578447.945,5891506.3821],[32578447.6949,5891492.3876],[32578442.6967,5891478.8931],[32578431.2009,5891457.4018],[32578428.7017,5891438.9092],[32578429.9511,5891429.9127],[32578433.6994,5891421.4161],[32578440.8699,5891413.6144],[32578481.9299,5891391.4273],[32578503.1713,5891376.4329],[32578518.9147,5891357.4402],[32578523.4128,5891345.4449],[32578525.4118,5891333.9495],[32578524.9119,5891322.9538],[32578522.4127,5891312.458],[32578513.416,5891294.4653],[32578506.3784,5891284.4603],[32578492.6739,5891264.9774],[32578488.9252,5891251.9826],[32578489.6748,5891245.4851],[32578496.4219,5891232.4902],[32578502.9192,5891225.4929],[32578525.1671,5891206.7255],[32578539.6542,5891194.5047],[32578547.401,5891185.5081],[32578553.1486,5891175.0122],[32578556.1472,5891162.5171],[32578556.147,5891147.5231],[32578552.1484,5891129.5303],[32578545.9006,5891111.5375],[32578531.6166,5891078.6495],[32578516.1614,5891043.0652],[32578515.1616,5891024.5726],[32578517.9104,5891016.5757],[32578529.4056,5891004.0805],[32578547.8982,5890995.5836],[32578558.8938,5890993.0844],[32578675.0975,5890982.0871],[32578715.0816,5890976.0889],[32578738.3223,5890970.0909],[32578754.8156,5890961.5941],[32578761.3129,5890956.0961],[32578769.0597,5890944.6006],[32578770.0592,5890938.1032],[32578769.3094,5890931.106],[32578761.0625,5890920.1104],[32578754.3152,5890916.1121],[32578736.822,5890910.6146],[32578661.995,5890895.7646],[32578638.6107,5890891.1238],[32578611.8713,5890888.6252],[32578571.6373,5890888.6257],[32578541.1493,5890881.629],[32578527.6546,5890877.131],[32578509.6615,5890865.136],[32578506.9125,5890858.6386],[32578508.162,5890852.1412],[32578511.9104,5890846.1435],[32578526.9043,5890836.1473],[32578551.6444,5890828.1501],[32578595.3852,5890820.8026],[32578689.376,5890805.0142],[32578712.3302,5890801.1584],[32578730.323,5890793.1613],[32578734.3213,5890789.1629],[32578737.5699,5890779.1668],[32578732.5432,5890765.6581],[32578729.5728,5890757.6755],[32578730.0725,5890748.679],[32578732.8213,5890744.1808],[32578746.0659,5890735.1842],[32578756.8116,5890731.1856],[32578769.5565,5890729.1862],[32578796.2959,5890728.1862],[32578825.0345,5890730.185],[32578829.5326,5890723.1877],[32578846.525,5890663.2113],[32578858.5199,5890634.7224],[32578864.0176,5890629.2245],[32578875.3596,5890627.2938],[32579008.71,5890617.727],[32579109.6699,5890614.7267],[32579130.7294,5890615.5136],[32579249.1011,5890621.4464],[32579302.9747,5890681.5826],[32579363.013,5890735.3653],[32579276.0589,5890743.9407],[32579241.054,5890747.3929],[32579212.8809,5890750.1713],[32579162.6509,5890758.6687],[32579142.659,5890766.6658],[32579136.6614,5890772.1637],[32579132.6631,5890778.1614],[32579131.1638,5890785.1586],[32579131.6637,5890793.6552],[32579136.6618,5890801.652],[32579147.4077,5890809.1489],[32579162.4018,5890815.6461],[32579180.1449,5890821.1436],[32579218.8796,5890828.1403],[32579236.8724,5890829.1396],[32579260.097,5890828.0064],[32579277.8562,5890827.1398],[32579408.8042,5890826.1383],[32579455.0359,5890830.136],[32579477.2771,5890834.1341],[32579522.0095,5890846.6284],[32579545.5003,5890855.6245],[32579570.2407,5890866.12],[32579592.9818,5890878.1149],[32579610.475,5890890.1099],[32579623.2202,5890902.6047],[32579631.9669,5890915.0996],[32579637.4648,5890927.5946],[32579640.4638,5890939.5898],[32579640.9639,5890961.0812],[32579638.4651,5890971.5771],[32579633.2173,5890983.0726],[32579616.7242,5891007.0633],[32579595.9827,5891027.5555],[32579585.487,5891035.0526],[32579536.898,5891058.2207],[32579493.9237,5891078.7117],[32579444.0441,5891104.5271],[32579398.0627,5891132.0169],[32579385.3178,5891136.5153],[32579371.3234,5891139.0145],[32579340.0858,5891139.5147],[32579305.3495,5891133.5176],[32579268.3641,5891125.0216],[32579249.8714,5891124.522],[32579231.3788,5891127.0213],[32579213.1361,5891131.5198],[32579178.8999,5891145.0149],[32579156.3303,5891156.8017],[32579133.918,5891168.5063],[32579110.9266,5891176.1704],[32579084.4379,5891185.0004],[32579077.4408,5891190.4983],[32579073.9423,5891198.995],[32579074.4422,5891209.9906],[32579079.4404,5891220.4864],[32579087.9371,5891226.4839],[32579098.9328,5891228.9827],[32579111.6777,5891228.9825],[32579160.4083,5891221.9846],[32579259.3692,5891236.4774],[32579293.8556,5891239.9755],[32579328.092,5891238.9754],[32579357.9196,5891236.4155],[32579403.8118,5891232.4769],[32579431.5508,5891232.9762],[32579475.7834,5891238.9732],[32579513.5184,5891241.4717],[32579549.5041,5891240.9713],[32579595.7357,5891235.4728],[32579632.721,5891236.4719],[32579703.1932,5891246.4669],[32579759.671,5891259.4609],[32579786.6604,5891269.9563],[32579831.1993,5891294.0715],[32579887.7301,5891333.4139],[32579902.1156,5891343.4254],[32579933.1037,5891367.4154],[32579952.3463,5891384.4084],[32579990.8316,5891424.3919],[32580007.3253,5891444.8835],[32580019.5707,5891464.3756],[32580026.5682,5891482.3684],[32580027.3181,5891498.362],[32580022.4463,5891512.491],[32580013.3241,5891525.8513],[32580000.5793,5891536.8471],[32579985.8353,5891546.8433],[32579969.8417,5891554.3406],[32579953.5982,5891560.3385],[32579938.3543,5891563.8373],[32579882.8765,5891571.8349],[32579859.6358,5891578.3327],[32579849.6398,5891582.8311],[32579841.3932,5891589.3286],[32579835.1458,5891596.8257],[32579831.1475,5891606.322],[32579829.3983,5891615.8182],[32579829.8982,5891625.8143],[32579832.3974,5891634.8107],[32579836.8957,5891642.8074],[32579843.1433,5891649.3047],[32579871.1146,5891658.6906],[32579917.6141,5891674.2937],[32579961.347,5891692.7857],[32580001.3315,5891716.7756],[32580017.8251,5891730.7698],[32580032.0697,5891746.7632],[32580043.8153,5891763.7563],[32580052.812,5891782.7486],[32580058.8099,5891803.2404],[32580061.809,5891825.7314],[32580061.3095,5891849.7219],[32580057.3115,5891875.7116],[32580050.0647,5891900.202],[32580040.3189,5891921.1938],[32580028.8237,5891939.1868],[32580016.3288,5891953.6812],[32579994.7133,5891973.9386],[32579972.5968,5891994.6656],[32579954.3544,5892022.6547],[32579920.119,5892092.1276],[32579895.3186,5892156.6112],[32579885.1341,5892183.092],[32579873.389,5892201.085],[32579858.895,5892218.0785],[32579842.1519,5892233.0728],[32579807.416,5892257.5635],[32579776.4285,5892272.558],[32579740.3136,5892284.9111],[32579696.4606,5892296.0499],[32579666.9723,5892299.0491],[32579624.9889,5892294.0517],[32579603.1544,5892293.0154],[32579540.7723,5892290.0546],[32579522.7794,5892287.5558],[32579493.0411,5892280.559],[32579444.0604,5892274.0623],[32579361.593,5892267.0663],[32579335.7673,5892266.7682],[32579318.3602,5892266.5672],[32579273.424,5892257.8593],[32579253.8856,5892254.0731],[32579217.65,5892254.0736],[32579207.9038,5892252.0746],[32579199.4071,5892248.0763],[32579186.6621,5892239.08],[32579179.1649,5892230.5835],[32579203.1553,5892221.5868],[32579219.3987,5892209.5913],[32579230.8176,5892196.4419],[32579244.1384,5892181.1022],[32579257.8827,5892159.6106],[32579277.6242,5892110.6297],[32579287.3698,5892077.6427],[32579292.3675,5892052.1528],[32579293.6214,5892036.9244],[32579295.8655,5892009.6696],[32579297.8646,5892001.1729],[32579301.1132,5891993.6759],[32579311.6089,5891982.1803],[32579317.8564,5891979.1814],[32579331.1011,5891979.1812],[32579351.4547,5891984.5292],[32579365.3377,5891988.1771],[32579380.8315,5891990.6759],[32579562.5098,5892014.6637],[32579601.7443,5892018.1617],[32579640.9787,5892016.6617],[32579658.4717,5892011.1637],[32579665.2189,5892007.1651],[32579675.2148,5891995.6696],[32579678.9632,5891987.1729],[32579681.7119,5891976.677],[32579683.7108,5891953.1863],[32579680.2119,5891928.6961],[32579676.2133,5891917.7005],[32579662.9684,5891903.7063],[32579636.4786,5891885.7138],[32579559.0088,5891841.7325],[32579443.054,5891783.7572],[32579404.8189,5891766.2647],[32579358.8369,5891748.2725],[32579331.3477,5891740.7759],[32579308.1069,5891737.7775],[32579275.2972,5891739.6199],[32579236.8852,5891741.7769],[32579214.3941,5891740.2779],[32579184.5554,5891730.6084],[32579160.4153,5891722.7856],[32579136.1749,5891721.2865],[32579123.9297,5891722.7861],[32579107.9362,5891729.2838],[32579093.2227,5891746.5346],[32579078.9482,5891763.2707],[32579069.2021,5891770.2681],[32579058.4564,5891773.7668],[32579035.4656,5891773.7672],[32579002.2286,5891765.271],[32578953.2479,5891749.7779],[32578929.2573,5891746.2797],[32578901.5184,5891748.7791],[32578886.7743,5891753.2775],[32578872.7799,5891759.7751],[32578859.2854,5891768.272],[32578833.7958,5891790.2636],[32578809.5558,5891816.7534],[32578797.8107,5891831.7476],[32578788.0648,5891847.7414],[32578781.3177,5891865.2346],[32578777.0696,5891883.7273],[32578773.8214,5891916.7142],[32578774.8213,5891940.7047],[32578761.7654,5891943.106],[32578753.1177,5891944.6965],[32578735.6813,5891947.9035],[32578731.3702,5891948.6964],[32578722.621,5891950.3056],[32578709.5974,5891952.7009],[32578690.605,5891956.1998],[32578672.6121,5891957.1996],[32578644.7375,5891953.2825],[32578626.3804,5891950.7029],[32578602.6398,5891951.7028],[32578590.6446,5891957.2008],[32578586.1465,5891962.1989],[32578576.6224,5891980.0187],[32578570.653,5891991.1876],[32578565.6551,5891997.6851],[32578559.1578,5892002.6832],[32578550.9111,5892005.6821],[32578486.9366,5892015.1793],[32578462.9462,5892023.1765],[32578453.9499,5892028.6744],[32578446.9528,5892035.6718],[32578434.7079,5892053.6648],[32578426.7113,5892076.156],[32578424.2127,5892100.1465],[32578427.0722,5892122.7022],[32578433.2101,5892171.1181],[32578430.9612,5892187.6116],[32578427.4627,5892193.1095],[32578423.2144,5892196.1084],[32578412.7185,5892193.6095],[32578394.1543,5892177.5448],[32578386.7285,5892171.1188],[32578382.4802,5892169.1197],[32578377.982,5892169.1197],[32578368.2359,5892172.6185],[32578346.2448,5892188.1127],[32578341.2468,5892189.6121],[32578328.7518,5892192.1113],[32578304.4287,5892193.1113],[32578292.2663,5892193.6113],[32578278.2719,5892197.1101],[32578272.2744,5892200.6088],[32578263.528,5892210.1051],[32578261.279,5892216.6026],[32578261.2791,5892224.0996],[32578264.5279,5892232.5962],[32578272.5249,5892242.5921],[32578297.2653,5892264.0832],[32578326.504,5892284.0748],[32578340.2487,5892292.0714],[32578363.4896,5892302.5669],[32578437.3312,5892327.5322],[32578450.7054,5892332.0539],[32578387.981,5892380.0358],[32578363.7409,5892402.5272],[32578353.745,5892414.5226],[32578343.2494,5892430.0166],[32578322.0084,5892468.5016],[32578281.0259,5892556.4672],[32578272.5294,5892569.962],[32578242.042,5892606.448],[32578216.3391,5892631.02],[32578202.3083,5892644.4334],[32578196.3108,5892652.9302],[32578190.3134,5892670.9231],[32578189.3141,5892690.4154],[32578190.564,5892720.9032],[32578184.5832,5892742.202],[32578180.3186,5892757.3889],[32578181.8183,5892775.8815],[32578186.5665,5892786.3773],[32578194.0637,5892795.8734],[32578216.8049,5892811.3669],[32578230.5495,5892817.8641],[32578254.1981,5892826.281],[32578289.5264,5892838.8549],[32578301.7717,5892846.8515],[32578320.7644,5892864.3443],[32578336.0086,5892886.3354],[32578341.2569,5892910.8255],[32578340.0076,5892928.8184],[32578337.2589,5892937.8149],[32578332.5109,5892945.8118],[32578325.7636,5892952.3093],[32578308.7705,5892959.8066],[32578289.2782,5892962.3058],[32578259.2901,5892961.3067],[32578205.4975,5892953.3317],[32578107.6,5892938.8179],[32578099.6032,5892939.3178],[32578092.1062,5892941.8169],[32578085.6088,5892945.8154],[32578080.1111,5892952.3129],[32578076.6126,5892961.8092],[32578074.8635,5892974.3042],[32578076.1132,5892988.7985],[32578079.8619,5893002.293],[32578085.8597,5893015.2878],[32578093.8567,5893027.7827],[32578112.8495,5893049.7737],[32578142.6734,5893075.4441],[32578152.3343,5893083.7596],[32578161.5023,5893092.5546],[32578177.9485,5893108.3319],[32578183.0725,5893113.2474],[32578186.3215,5893133.2394],[32578184.3225,5893147.7337],[32578178.5749,5893156.7302],[32578170.0783,5893161.7284],[32578159.5825,5893163.2279],[32578148.5868,5893162.2285],[32578128.8446,5893155.2315],[32578109.8519,5893140.7376],[32578086.8607,5893118.2469],[32578031.3819,5893054.2731],[32577973.1541,5892994.7976],[32577929.171,5892954.8141],[32577894.1845,5892926.8258],[32577862.197,5892912.8318],[32577843.2045,5892907.8341],[32577823.7122,5892904.3357],[32577785.9771,5892900.8377],[32577756.4888,5892901.8378],[32577712.2565,5892911.3347],[32577659.2777,5892929.8281],[32577626.5409,5892944.8226],[32577612.7965,5892952.3199],[32577601.5511,5892961.3165],[32577592.3049,5892970.8128],[32577578.0608,5892992.3045],[32577565.3159,5893024.0932],[32577556.82,5893045.2838],[32577550.3227,5893057.2791],[32577525.5829,5893086.7678],[32577490.3473,5893118.7556],[32577482.6005,5893122.2543],[32577475.6032,5893122.2544],[32577468.8559,5893119.7555],[32577455.8609,5893109.2599],[32577428.6213,5893081.2714],[32577415.3764,5893073.2748],[32577408.879,5893071.2757],[32577396.6339,5893071.2759],[32577385.3884,5893077.2736],[32577380.6404,5893082.7715],[32577373.3934,5893098.2655],[32577361.8986,5893144.2474],[32577358.1503,5893155.7429],[32577352.4027,5893164.7394],[32577345.4056,5893171.2369],[32577336.6591,5893176.2351],[32577292.4269,5893191.2298],[32577271.6852,5893201.7259],[32577258.4406,5893212.7217],[32577252.4432,5893225.2169],[32577253.9428,5893237.7119],[32577262.1401,5893255.0388],[32577284.6815,5893302.6856],[32577295.9275,5893334.6727],[32577299.1764,5893350.1665],[32577299.9263,5893362.6615],[32577298.1771,5893372.6576],[32577294.4287,5893380.6545],[32577289.1809,5893386.1524],[32577282.9334,5893389.6511],[32577268.1893,5893393.1499],[32577247.4475,5893390.6512],[32577202.4651,5893375.6578],[32577170.9774,5893360.6643],[32577123.9956,5893332.6761],[32577063.0194,5893301.1895],[32576942.2,5893243.1302],[32576921.5745,5893233.2187],[32576905.4604,5893224.5422],[32576889.0872,5893215.7261],[32576879.341,5893212.7275],[32576869.3449,5893211.728],[32576859.099,5893212.7278],[32576849.6028,5893216.2265],[32576841.1063,5893222.2243],[32576833.8593,5893230.721],[32576828.6115,5893242.2165],[32576825.6129,5893254.7116],[32576825.8631,5893277.2026],[32576828.862,5893287.1986],[32576839.1082,5893305.6911],[32576853.8526,5893321.6845],[32576862.5992,5893328.6816],[32576891.588,5893346.674],[32576912.8297,5893355.6701],[32576926.8164,5893359.4224],[32576953.8136,5893366.6652],[32576968.308,5893374.162],[32576977.5544,5893384.1578],[32576980.8033,5893396.6528],[32576979.8038,5893402.1507],[32576977.0549,5893405.6493],[32576966.809,5893408.6483],[32576951.3152,5893407.6489],[32576939.5279,5893406.8886],[32576920.3274,5893405.6502],[32576858.3519,5893396.6547],[32576822.1162,5893394.1562],[32576815.119,5893397.1551],[32576809.3714,5893403.6526],[32576805.1232,5893413.1489],[32576802.3745,5893424.6444],[32576803.3744,5893449.6345],[32576807.373,5893462.1294],[32576814.3704,5893473.6248],[32576825.866,5893485.6198],[32576885.8429,5893535.0992],[32576958.7293,5893587.7137],[32576970.3103,5893596.0737],[32576985.3045,5893610.5678],[32576994.3012,5893628.0607],[32576996.3005,5893637.5569],[32576993.8018,5893661.0476],[32576988.5541,5893671.5435],[32576979.5577,5893679.0406],[32576967.8125,5893683.0392],[32576954.3178,5893685.0386],[32576926.079,5893684.5393],[32576902.3384,5893682.0406],[32576891.8425,5893678.5422],[32576879.8472,5893671.0453],[32576866.8522,5893660.0499],[32576816.6214,5893611.0701],[32576807.6249,5893603.5732],[32576797.3789,5893598.0756],[32576766.391,5893588.5798],[32576729.6555,5893582.0829],[32576689.9167,5893579.4777],[32576668.6796,5893578.0854],[32576658.1838,5893575.0868],[32576636.942,5893565.5909],[32576618.6991,5893552.0965],[32576611.4519,5893544.0998],[32576605.704,5893534.1039],[32576595.9575,5893507.1147],[32576591.0744,5893487.8473],[32576577.4638,5893434.144],[32576571.9658,5893424.6479],[32576563.9689,5893418.1506],[32576553.9728,5893414.1523],[32576530.732,5893412.1535],[32576518.7368,5893413.1532],[32576495.5682,5893417.8658],[32576474.5045,5893422.1503],[32576462.0094,5893420.6511],[32576452.0133,5893413.1542],[32576434.0199,5893379.168],[32576404.781,5893340.6838],[32576388.7871,5893327.1894],[32576381.54,5893325.1903],[32576374.7927,5893327.1896],[32576369.045,5893332.1877],[32576358.5494,5893346.6821],[32576344.8052,5893375.171],[32576317.5761,5893420.9785],[32576291.3277,5893465.136],[32576268.8373,5893512.1177],[32576248.3459,5893546.1045],[32576223.1064,5893580.5911],[32576190.6198,5893618.0767],[32576182.1233,5893624.5743],[32576163.1309,5893631.072],[32576143.3887,5893631.0723],[32576125.8956,5893625.0749],[32576118.8983,5893620.077],[32576113.9002,5893614.0795],[32576109.1518,5893599.5853],[32576111.4006,5893573.0958],[32576118.6473,5893546.6062],[32576128.893,5893528.6132],[32576142.8872,5893512.1196],[32576164.201,5893492.9532],[32576175.1241,5893483.1306],[32576185.6197,5893471.635],[32576220.3553,5893425.153],[32576237.3482,5893396.1642],[32576241.3464,5893385.6683],[32576242.3459,5893376.6719],[32576239.3469,5893360.1785],[32576230.85,5893345.6844],[32576219.1046,5893336.1883],[32576205.36,5893332.6899],[32576187.617,5893334.6894],[32576177.8709,5893337.6884],[32576158.8786,5893345.6855],[32576146.0429,5893353.6762],[32576121.1439,5893369.1767],[32576097.9032,5893376.1743],[32576083.6589,5893377.6739],[32576049.6701,5893377.948],[32576021.5669,5893378.1746],[32575959.4581,5893378.6754],[32575935.4677,5893386.1727],[32575922.7229,5893392.6703],[32575909.978,5893399.168],[32575887.7783,5893412.3595],[32575875.492,5893419.6603],[32575865.496,5893423.6589],[32575855.9998,5893425.1584],[32575846.5036,5893424.159],[32575837.2572,5893421.1603],[32575819.5141,5893412.1642],[32575802.7706,5893400.669],[32575795.2735,5893397.1705],[32575789.2759,5893396.6708],[32575784.5278,5893399.1698],[32575781.2791,5893403.1683],[32575777.2809,5893417.1628],[32575776.7816,5893450.1497],[32575781.7799,5893473.1405],[32575789.2772,5893490.1336],[32575803.5219,5893513.6241],[32575863.9991,5893601.5882],[32575891.4888,5893645.0705],[32575899.7358,5893661.064],[32575903.4844,5893673.0592],[32575903.7345,5893683.555],[32575901.3335,5893691.7188],[32575896.2377,5893699.049],[32575881.7436,5893708.0456],[32575865.5001,5893712.5441],[32575857.0034,5893711.5446],[32575847.5071,5893706.0469],[32575837.2611,5893697.5505],[32575806.861,5893660.8405],[32575780.0327,5893621.5815],[32575762.2893,5893588.5949],[32575724.3032,5893507.6276],[32575717.8057,5893499.1311],[32575708.5593,5893494.633],[32575697.3137,5893493.6336],[32575684.069,5893495.1332],[32575632.304,5893511.3224],[32575615.3465,5893516.6257],[32575605.3505,5893517.1257],[32575596.604,5893515.6264],[32575588.857,5893512.1279],[32575556.8693,5893486.6385],[32575547.1231,5893481.1408],[32575537.3769,5893479.1418],[32575528.3805,5893480.1415],[32575520.3837,5893483.1404],[32575513.1367,5893488.1386],[32575507.6389,5893494.1363],[32575501.8914,5893507.631],[32575501.8917,5893527.623],[32575505.1408,5893557.1113],[32575515.6439,5893614.2713],[32575520.3859,5893640.0781],[32575518.6368,5893650.5739],[32575514.3886,5893658.5708],[32575508.6409,5893664.0687],[32575502.3934,5893667.0676],[32575490.898,5893669.5668],[32575483.4011,5893675.0647],[32575473.1554,5893691.5583],[32575467.6578,5893709.5513],[32575465.784,5893721.2117],[32575465.4089,5893723.5457],[32575461.6609,5893757.0325],[32575454.1644,5893799.0159],[32575451.1658,5893811.0112],[32575447.1675,5893819.5079],[32575441.6697,5893826.0054],[32575435.4223,5893830.5037],[32575420.9281,5893834.5023],[32575403.3483,5893835.646],[32575390.1903,5893836.502],[32575380.4442,5893836.5021],[32575369.4485,5893836.5023],[32575357.7032,5893836.5024],[32575345.708,5893836.5026],[32575312.2213,5893841.5012],[32575303.2249,5893845.4997],[32575285.732,5893857.995],[32575270.8636,5893872.364],[32575226.2564,5893915.473],[32575210.013,5893926.9687],[32575194.7692,5893932.4668],[32575181.0246,5893932.467],[32575168.5295,5893928.9686],[32575145.8475,5893914.5219],[32575129.2947,5893903.9791],[32575095.8079,5893894.4833],[32575076.4583,5893890.5725],[32575072.1527,5893889.7023],[32575048.8264,5893884.9878],[32575017.3387,5893874.9923],[32574984.3516,5893861.4981],[32574955.3629,5893846.0047],[32574914.6287,5893817.5167],[32574831.6894,5893764.6362],[32574822.9142,5893759.0413],[32574827.9115,5893710.5605],[32574826.9114,5893673.0754],[32574821.1634,5893648.0854],[32574807.4184,5893616.0983],[32574802.1703,5893608.1016],[32574784.4272,5893593.6076],[32574758.4373,5893580.1133],[32574711.7489,5893559.0861],[32574660.2256,5893532.6337],[32574630.737,5893511.6425],[32574617.9918,5893499.1476],[32574607.9956,5893485.6531],[32574601.2481,5893471.6588],[32574594.5004,5893442.1706],[32574594.0001,5893411.6827],[32574595.9987,5893366.7006],[32574590.7496,5893281.2346],[32574577.7532,5893169.2793],[32574570.5055,5893131.7943],[32574565.5072,5893113.8016],[32574552.262,5893080.8149],[32574543.5153,5893066.3208],[32574533.2692,5893053.8259],[32574521.5237,5893042.3306],[32574495.7836,5893021.8391],[32574467.7945,5893005.3461],[32574453.3002,5892999.8485],[32574438.5559,5892995.8503],[32574424.0617,5892994.3511],[32574409.3175,5892994.3514],[32574379.3295,5892999.3498],[32574365.0852,5893003.3485],[32574338.5959,5893016.3437],[32574327.6004,5893024.8405],[32574318.3542,5893034.8366],[32574314.9241,5893041.011],[32574204.229,5893062.7071],[32574195.6049,5893084.2677],[32574195.6053,5893114.4523],[32574208.5419,5893140.3247],[32574230.103,5893183.4454],[32574247.3519,5893222.2539],[32574247.3524,5893256.7507],[32574247.3527,5893278.3112],[32574230.1046,5893299.8719],[32574204.2325,5893312.8086],[32574195.6086,5893347.3055],[32574195.6094,5893402.9315],[32574221.4821,5893407.6744],[32574251.4552,5893443.6413],[32574235.6437,5893513.1478],[32574228.897,5893562.1284],[32574227.8978,5893585.1193],[32574232.1467,5893628.602],[32574236.8951,5893649.0937],[32574250.1403,5893684.5794],[32574265.3847,5893711.0687],[32574273.1317,5893719.5652],[32574291.6245,5893730.5605],[32574303.3699,5893735.5584],[32574330.6795,5893744.1257],[32574367.0949,5893755.5495],[32574408.0789,5893771.0427],[32574479.551,5893805.0281],[32574523.5339,5893829.5177],[32574541.277,5893840.0133],[32574567.7668,5893859.0054],[32574609.2509,5893895.99],[32574623.5756,5893910.1979],[32574639.9891,5893926.4775]],[[32573886.0448,5894397.8014],[32573894.7911,5894387.8053],[32573906.5364,5894379.3085],[32573935.0249,5894365.3136],[32573950.2688,5894360.3154],[32573966.0563,5894356.7228],[32573992.0021,5894350.8185],[32574001.2483,5894344.8208],[32574008.2454,5894337.3237],[32574012.9934,5894328.3272],[32574017.7413,5894308.335],[32574017.7408,5894277.3473],[32574007.7439,5894214.3725],[32573990.4997,5894138.9028],[32573977.2544,5894098.9189],[32573968.7575,5894083.4251],[32573958.7613,5894070.4305],[32573947.7655,5894059.435],[32573911.0822,5894032.6819],[32573881.2912,5894010.9553],[32573869.0459,5893996.4612],[32573865.0473,5893987.9646],[32573860.5488,5893967.4728],[32573859.7989,5893953.9782],[32573853.2979,5893697.5802],[32573850.049,5893685.585],[32573838.5532,5893658.0961],[32573816.1334,5893621.9453],[32573801.3172,5893603.6183],[32573789.5717,5893592.6229],[32573760.5829,5893572.1315],[32573729.3451,5893556.6381],[32573701.356,5893546.1427],[32573645.8779,5893534.1483],[32573584.1522,5893525.6526],[32573541.4191,5893523.1542],[32573506.7076,5893525.0528],[32573491.439,5893528.153],[32573465.4495,5893542.1478],[32573446.4572,5893548.1457],[32573425.7154,5893549.1456],[32573405.4734,5893546.6469],[32573395.7272,5893544.148],[32573380.9364,5893538.3688],[32573330.9183,5893518.8254],[32573298.5152,5893506.1646],[32573236.3044,5893479.3348],[32573180.3114,5893455.1866],[32573105.0908,5893425.1997],[32572991.4531,5893454.8082],[32572974.643,5893459.1881],[32572940.6566,5893465.1862],[32572888.4022,5893471.3346],[32572876.932,5893472.6842],[32572889.6772,5893490.6768],[32572899.1737,5893509.1694],[32572905.6713,5893527.6619],[32572909.4201,5893546.1545],[32572910.9198,5893563.1477],[32572910.1703,5893579.6412],[32572907.6715,5893594.1355],[32572903.4234,5893607.1304],[32572897.4259,5893616.6267],[32572889.4291,5893623.1242],[32572880.1829,5893626.623],[32572858.1916,5893628.1227],[32572821.706,5893622.6254],[32572727.7429,5893596.1374],[32572688.5083,5893587.1415],[32572673.0144,5893586.1421],[32572659.2699,5893587.6417],[32572645.5254,5893591.6404],[32572632.0309,5893598.138],[32572619.0362,5893607.6344],[32572606.7912,5893619.13],[32572600.3294,5893627.648],[32572522.5181,5893614.6806],[32572445.3545,5893630.1145],[32572453.525,5893636.2421],[32572496.6465,5893696.6108],[32572518.2081,5893774.2282],[32572531.1451,5893830.2852],[32572528.5934,5893850.7016],[32572521.2757,5893902.2702],[32572569.9563,5893972.5838],[32572608.7655,5893998.4558],[32572651.8864,5894011.3913],[32572688.8544,5894043.0772],[32572678.5189,5894059.4539],[32572653.5741,5894087.475],[32572642.034,5894100.4382],[32572636.2864,5894109.9345],[32572633.0378,5894118.931],[32572632.5381,5894127.4276],[32572634.0376,5894135.4244],[32572637.5364,5894142.4216],[32572642.5345,5894148.9189],[32572651.8269,5894155.4074],[32572671.0702,5894164.0266],[32572721.829,5894186.7619],[32572739.9965,5894194.8992],[32572764.9867,5894203.3955],[32572791.7261,5894207.3935],[32572805.4707,5894206.8935],[32572819.4651,5894204.3942],[32572832.4598,5894199.8958],[32572842.9556,5894194.3979],[32572858.1994,5894180.4032],[32572863.1973,5894171.9065],[32572868.9447,5894154.4134],[32572870.1939,5894132.9219],[32572868.4444,5894117.4281],[32572857.7002,5894066.4574],[32572906.3005,5894017.8555],[32572953.7336,5894009.2307],[32572988.2303,5894013.5423],[32573009.7913,5894043.7265],[32573014.1043,5894108.4079],[32572998.1486,5894214.7892],[32573012.8883,5894200.8927],[32573023.4962,5894193.3716],[32573060.1191,5894167.4054],[32573101.0574,5894130.148],[32573114.2412,5894118.1496],[32573096.0337,5894069.5979],[32573070.1606,5894043.7256],[32573031.3513,5894009.2295],[32572996.8539,5893961.797],[32572962.3561,5893892.804],[32572949.4191,5893849.6832],[32572953.7308,5893815.1864],[32572966.6669,5893793.6257],[32572992.8157,5893767.476],[32573060.3633,5893762.0664],[32573086.8528,5893763.5654],[32573108.3444,5893768.0633],[32573124.3381,5893775.0603],[32573136.8333,5893784.0566],[32573146.0798,5893794.5522],[32573153.327,5893805.5478],[32573162.6437,5893825.683],[32573168.8214,5893839.0342],[32573181.8165,5893857.5267],[32573203.0583,5893878.0182],[32573230.2978,5893899.0095],[32573261.0359,5893916.5021],[32573276.7797,5893922.9992],[32573292.5236,5893927.997],[32573327.5568,5893935.0764],[32573364.2453,5893942.4902],[32573384.9872,5893953.9853],[32573395.5242,5893966.1103],[32573405.7294,5893982.9735],[32573410.4777,5893994.4688],[32573415.9759,5894017.9594],[32573416.7259,5894040.9503],[32573414.9767,5894052.4457],[32573407.2301,5894074.9369],[32573389.2377,5894107.4243],[32573352.503,5894155.4058],[32573337.5092,5894178.8966],[32573323.2653,5894205.3863],[32573311.0205,5894233.3754],[32573302.2744,5894262.8638],[32573296.777,5894291.3526],[32573293.2787,5894317.8421],[32573292.5294,5894342.8322],[32573294.279,5894365.823],[32573299.2773,5894386.8146],[32573307.7742,5894405.3071],[32573319.5198,5894421.3006],[32573335.2637,5894434.795],[32573428.4766,5894425.7972],[32573443.9704,5894421.7985],[32573460.084,5894414.5211],[32573467.2111,5894411.3023],[32573481.7053,5894408.3033],[32573497.1992,5894410.8021],[32573530.936,5894423.7964],[32573550.6782,5894428.7941],[32573576.1681,5894430.2932],[32573620.9003,5894427.7935],[32573665.6325,5894422.7948],[32573688.3734,5894417.7965],[32573711.6141,5894407.3003],[32573720.0899,5894400.2636],[32573724.8587,5894396.3045],[32573729.107,5894395.8046],[32573734.0815,5894397.4548],[32573745.1008,5894405.8004],[32573785.5853,5894445.7839],[32573804.578,5894461.7772],[32573823.0708,5894472.2728],[32573831.8173,5894474.2719],[32573840.0641,5894473.2721],[32573854.0584,5894464.7753],[32573865.0538,5894450.7807],[32573878.501,5894416.8413],[32573886.0448,5894397.8014]],[[32572562.7934,5892541.5589],[32572580.0366,5892540.0593],[32572615.5225,5892540.5585],[32572655.2886,5892543.1851],[32572698.7396,5892546.0551],[32572715.2829,5892545.3085],[32572731.9764,5892544.5552],[32572778.7077,5892536.5577],[32572789.9533,5892536.0577],[32572847.1806,5892540.0553],[32572869.4216,5892527.0601],[32572893.6619,5892519.5627],[32572907.9063,5892518.0631],[32572939.3938,5892521.5613],[32572973.6302,5892521.5608],[32573024.8598,5892514.063],[32573054.348,5892506.0657],[32573076.5447,5892498.9147],[32573203.2883,5892458.0825],[32573239.6759,5892444.7569],[32573433.9456,5892373.6127],[32573467.7803,5892362.3563],[32573521.5809,5892344.4574],[32573560.145,5892331.6275],[32573577.8879,5892327.129],[32573608.6256,5892324.1297],[32573740.3236,5892338.1222],[32573761.3153,5892336.1227],[32573769.562,5892333.6235],[32573782.8066,5892325.1267],[32573792.5525,5892311.1321],[32573796.8007,5892302.6354],[32573800.799,5892294.6386],[32573805.7968,5892277.6452],[32573805.5468,5892268.149],[32573803.0476,5892258.6528],[32573797.2998,5892248.1571],[32573788.3032,5892237.1616],[32573759.3143,5892212.172],[32573699.4754,5892168.683],[32573665.1007,5892143.7006],[32573634.8623,5892118.711],[32573620.3679,5892104.2169],[32573593.8779,5892071.2305],[32573582.882,5892053.2378],[32573573.6354,5892033.7457],[32573567.1377,5892014.2535],[32573563.3889,5891993.7617],[32573562.1391,5891973.2699],[32573565.637,5891916.2925],[32573571.9711,5891880.5883],[32573576.6317,5891854.3169],[32573574.132,5891802.3376],[32573569.6332,5891765.3524],[32573564.385,5891740.3624],[32573557.1376,5891724.3689],[32573544.3925,5891710.3746],[32573535.8958,5891704.3771],[32573525.8997,5891700.3789],[32573514.1543,5891698.3798],[32573500.6597,5891698.38],[32573340.7234,5891718.3745],[32573332.7265,5891719.3742],[32573324.2299,5891721.3735],[32573315.7333,5891723.3729],[32573300.9893,5891730.8701],[32573296.2413,5891736.368],[32573293.7423,5891743.3652],[32573294.4922,5891752.3617],[32573302.4893,5891770.8542],[32573326.2303,5891801.8415],[32573330.7286,5891809.8383],[32573334.2273,5891817.3352],[32573335.2271,5891825.8319],[32573333.9777,5891834.8283],[32573318.7343,5891876.312],[32573313.7899,5891900.8653],[32573311.4877,5891912.2978],[32573305.7402,5891926.7922],[32573299.1581,5891939.457],[32573297.6151,5891942.4259],[32573293.9925,5891949.3962],[32573285.9985,5891964.7774],[32573267.5063,5891995.7653],[32573231.0215,5892046.7456],[32573210.7798,5892067.7376],[32573184.5405,5892085.7308],[32573161.0499,5892096.7268],[32573146.5557,5892100.7254],[32573129.3126,5892103.2247],[32573097.575,5892103.725],[32573034.1004,5892104.7255],[32572973.1246,5892109.7244],[32572954.3822,5892118.2213],[32572946.3854,5892124.2191],[32572939.3883,5892131.2164],[32572933.8906,5892139.7131],[32572930.642,5892149.2094],[32572929.6426,5892159.2054],[32572932.3916,5892168.7016],[32572939.389,5892178.1977],[32572949.635,5892186.6942],[32572962.8799,5892194.191],[32572978.124,5892201.6878],[32573051.0954,5892228.1762],[32573109.0727,5892251.1662],[32573198.2879,5892289.6496],[32573230.5253,5892306.6423],[32573243.0205,5892318.1376],[32573247.7688,5892325.1347],[32573250.7677,5892333.1315],[32573251.0177,5892341.6281],[32573248.019,5892351.1244],[32573241.0219,5892361.6203],[32573229.5267,5892372.6161],[32573207.7854,5892384.1119],[32573173.2993,5892395.108],[32573129.8167,5892406.1043],[32572986.6238,5892431.5963],[32572780.456,5892459.0885],[32572728.7265,5892463.0876],[32572704.3025,5892462.9339],[32572649.5079,5892462.589],[32572614.2561,5892467.4129],[32572591.9273,5892472.6677],[32572545.5495,5892483.5822],[32572476.8874,5892497.5748],[32572439.4285,5892505.2085],[32572413.1024,5892510.5735],[32572384.4719,5892519.3859],[32572340.1317,5892540.5627],[32572315.6417,5892560.0553],[32572301.3977,5892580.5473],[32572296.8997,5892596.0413],[32572296.1502,5892613.0345],[32572349.3791,5892612.0341],[32572381.6162,5892606.036],[32572429.0971,5892585.0436],[32572498.5691,5892557.5535],[32572544.0509,5892544.558],[32572562.7934,5892541.5589]],[[32569167.5463,5885933.7359],[32569151.5526,5885934.7357],[32569128.062,5885939.2343],[32569100.0732,5885949.7305],[32569072.8343,5885965.7246],[32569061.5888,5885970.223],[32569051.8427,5885971.7225],[32569043.8458,5885970.723],[32569037.3484,5885968.2241],[32569027.6021,5885959.2278],[32569022.1932,5885949.9099],[32569002.3615,5885915.7455],[32568984.8682,5885897.2531],[32568975.1219,5885891.7554],[32568964.6261,5885889.7564],[32568955.3798,5885891.2559],[32568948.3826,5885894.7547],[32568943.8844,5885900.2525],[32568939.3864,5885915.7464],[32568938.8869,5885935.2387],[32568944.6359,5886026.2025],[32568950.8844,5886094.1753],[32568956.6327,5886133.6596],[32568962.3808,5886157.6499],[32568970.8777,5886178.1417],[32568976.1257,5886186.6382],[32568989.8704,5886198.1334],[32569010.6123,5886206.6298],[32569036.1023,5886213.6266],[32569092.3302,5886222.6222],[32569177.7966,5886246.6114],[32569234.7741,5886254.1076],[32569270.6076,5886256.8777],[32569298.071,5886259.0007],[32569299.9441,5886259.1455],[32569331.7358,5886261.6031],[32569353.9771,5886266.6008],[32569362.6323,5886269.7313],[32569377.4679,5886275.0971],[32569396.7103,5886278.5954],[32569406.7063,5886278.5953],[32569414.2033,5886275.0965],[32569419.4512,5886269.0989],[32569422.2,5886261.6018],[32569422.9495,5886252.6054],[32569419.4506,5886232.6134],[32569381.3383,5886154.6788],[32569330.4833,5886050.687],[32569310.9906,5886017.7004],[32569299.7449,5886004.2059],[32569278.2531,5885982.215],[32569262.2592,5885969.2204],[32569295.9686,5885959.3819],[32569327.0544,5885950.3092],[32569345.345,5885944.9709],[32569378.7126,5885935.2322],[32569395.7057,5885925.7357],[32569402.7028,5885919.738],[32569412.4488,5885904.244],[32569415.4473,5885883.2523],[32569413.6978,5885871.7569],[32569404.951,5885853.2644],[32569392.2057,5885838.2704],[32569383.7091,5885828.2746],[32569381.21,5885823.7764],[32569381.4598,5885814.78],[32569387.2074,5885807.2829],[32569398.9527,5885801.2851],[32569425.2773,5885797.4028],[32569453.1811,5885793.2875],[32569469.1746,5885785.2904],[32569476.9214,5885779.2927],[32569484.9182,5885770.796],[32569495.9135,5885751.8033],[32569499.9117,5885735.3098],[32569499.1618,5885718.8164],[32569496.9125,5885703.8224],[32569498.6615,5885684.8299],[32569502.4099,5885675.8334],[32569508.9072,5885667.8365],[32569518.9032,5885662.8384],[32569532.3978,5885660.3392],[32569547.6417,5885659.8391],[32569610.367,5885667.3352],[32569629.1095,5885667.3349],[32569621.6121,5885641.3454],[32569611.8657,5885621.8533],[32569595.8718,5885600.362],[32569562.6345,5885566.8759],[32569521.1504,5885530.8908],[32569476.1059,5885505.2954],[32569431.4352,5885479.9124],[32569418.4403,5885470.4163],[32569397.6982,5885448.9252],[32569369.9585,5885401.9443],[32569345.5133,5885353.2665],[32569311.9798,5885286.491],[32569295.9859,5885263.5004],[32569286.9893,5885254.5041],[32569277.7429,5885248.0068],[32569267.4969,5885244.0086],[32569256.7511,5885244.0087],[32569246.7551,5885246.5079],[32569239.2582,5885250.5064],[32569234.0103,5885255.5045],[32569228.2628,5885269.9988],[32569228.0133,5885298.9873],[32569232.0121,5885323.9773],[32569237.9712,5885348.3891],[32569247.5068,5885387.4519],[32569248.7566,5885407.4439],[32569242.2596,5885433.9335],[32569235.7624,5885448.9276],[32569227.016,5885462.9222],[32569215.7707,5885476.417],[32569202.2762,5885487.4128],[32569186.2826,5885495.4099],[32569148.7976,5885505.9062],[32569107.814,5885513.4039],[32569004.925,5885524.589],[32568969.8689,5885528.4],[32568959.1232,5885531.3989],[32568934.8829,5885542.3949],[32568919.3892,5885551.3916],[32568904.1454,5885562.8872],[32568891.6505,5885575.3824],[32568881.4048,5885588.8772],[32568872.9084,5885602.8718],[32568858.6644,5885633.3599],[32568849.3431,5885654.535],[32568838.4231,5885679.3419],[32568835.6744,5885690.8374],[32568835.6745,5885699.334],[32568838.4235,5885705.3316],[32568843.1717,5885709.3299],[32568858.1658,5885713.3281],[32568867.662,5885713.328],[32568878.1578,5885712.3282],[32568900.8987,5885705.8305],[32568924.6392,5885695.3343],[32568956.8761,5885675.8415],[32568975.3687,5885668.8441],[32568984.1152,5885668.8439],[32568992.6119,5885670.843],[32569000.8586,5885673.8417],[32569016.6025,5885683.3377],[32569038.5158,5885699.9119],[32569124.311,5885764.8037],[32569145.5528,5885783.296],[32569161.7966,5885800.289],[32569170.7933,5885813.7835],[32569174.0422,5885827.7779],[32569175.0423,5885865.263],[32569167.5463,5885933.7359]],[[32573092.591,5893088.3337],[32573120.5733,5893038.0396],[32573129.5754,5893021.8596],[32573139.3214,5893008.8646],[32573163.8113,5892982.8746],[32573190.0506,5892960.3831],[32573220.7881,5892939.8908],[32573239.5306,5892935.8921],[32573257.9868,5892938.8287],[32573267.2697,5892942.8889],[32573275.7664,5892948.8864],[32573312.7523,5892985.8712],[32573338.2425,5893005.8628],[32573381.4757,5893030.8522],[32573409.2148,5893040.8479],[32573432.4557,5893046.3453],[32573458.9451,5893045.3453],[32573465.4425,5893042.8462],[32573471.69,5893036.8485],[32573478.9369,5893026.3526],[32573494.4304,5892994.8649],[32573514.6716,5892940.886],[32573531.1641,5892875.9116],[32573537.4111,5892835.4276],[32573539.41,5892814.4359],[32573539.1595,5892773.952],[32573532.9112,5892717.4745],[32573525.1638,5892681.9887],[32573512.1685,5892649.0021],[32573502.672,5892633.0085],[32573489.6769,5892616.5153],[32573471.4339,5892600.0221],[32573425.4517,5892567.5357],[32573374.2216,5892538.548],[32573327.4898,5892517.0573],[32573290.5043,5892504.063],[32573259.5165,5892498.5656],[32573245.2722,5892498.5658],[32573217.5333,5892504.0641],[32573188.7948,5892516.5595],[32573176.2999,5892525.0563],[32573164.8046,5892535.0525],[32573145.5625,5892556.5443],[32573117.4244,5892597.0098],[32573094.9882,5892629.2755],[32573073.0927,5892655.0062],[32573055.0208,5892672.6483],[32573031.1099,5892695.9906],[32573019.1149,5892713.4838],[32573009.1191,5892732.4764],[32573000.8727,5892752.9684],[32572988.3782,5892795.9515],[32572970.8864,5892883.417],[32572963.3902,5892939.8946],[32572958.6428,5892992.3739],[32572958.6435,5893041.3544],[32572953.3959,5893062.3461],[32572948.398,5893070.343],[32572942.6503,5893076.8405],[32572936.153,5893080.839],[32572929.1558,5893081.8387],[32572922.1585,5893080.3394],[32572897.9179,5893061.8472],[32572869.1789,5893033.8587],[32572848.1869,5893016.366],[32572836.9413,5893008.8691],[32572812.201,5892998.3737],[32572798.7063,5892994.8753],[32572770.2175,5892993.3763],[32572755.4734,5892994.8759],[32572725.2355,5893003.8728],[32572698.2465,5893019.367],[32572675.7556,5893037.86],[32572659.0126,5893057.8523],[32572648.0172,5893076.8449],[32572634.2731,5893113.3306],[32572630.2751,5893140.8198],[32572631.2749,5893154.3144],[32572634.5238,5893167.3092],[32572640.5216,5893180.3039],[32572649.2683,5893193.2986],[32572660.2641,5893205.7935],[32572686.0043,5893229.7836],[32572725.9888,5893257.7719],[32572740.2332,5893263.7693],[32572758.9759,5893268.767],[32572780.7173,5893271.7655],[32572829.9478,5893273.2641],[32572880.1778,5893268.7652],[32572903.4185,5893264.2666],[32572924.1602,5893256.7693],[32572943.4024,5893246.2732],[32572960.8953,5893233.2781],[32572977.3886,5893218.2838],[32573021.6203,5893170.3022],[32573037.9762,5893154.0404],[32573064.8526,5893127.3186],[32573076.5977,5893112.8242],[32573092.591,5893088.3337]],[[32568452.3217,5885365.9722],[32568460.0686,5885365.4723],[32568507.7998,5885372.4688],[32568566.7325,5885389.4175],[32568620.7555,5885404.9542],[32568640.4977,5885407.4529],[32568649.2442,5885407.4528],[32568657.7409,5885407.4527],[32568672.2351,5885403.9538],[32568678.2327,5885400.955],[32568688.4785,5885390.9588],[32568697.7245,5885371.9662],[32568708.2198,5885333.9811],[32568711.3458,5885316.6778],[32568718.9647,5885274.5046],[32568726.9612,5885249.5144],[32568738.4563,5885227.0232],[32568753.9499,5885209.0301],[32568776.1909,5885191.5367],[32568815.9248,5885167.5457],[32568852.1602,5885149.0525],[32568868.9033,5885137.057],[32568874.9009,5885130.5595],[32568882.3977,5885116.0652],[32568883.1472,5885099.5717],[32568880.3981,5885091.5749],[32568875.6499,5885085.0776],[32568868.6526,5885079.5799],[32568860.4058,5885075.5816],[32568842.163,5885070.5838],[32568824.6699,5885068.5849],[32568765.6933,5885068.5858],[32568751.199,5885068.586],[32568736.205,5885067.5866],[32568721.2109,5885066.5872],[32568689.4734,5885061.0899],[32568616.2522,5885043.5979],[32568606.506,5885043.5981],[32568583.0154,5885048.0966],[32568566.7585,5885052.8001],[32568526.7238,5885064.3831],[32568503.5472,5885071.0887],[32568490.9221,5885074.3172],[32568448.8191,5885085.0839],[32568409.8347,5885092.0817],[32568388.5931,5885094.0812],[32568367.3515,5885095.0812],[32568324.3685,5885091.5832],[32568194.1698,5885067.5946],[32568145.9388,5885060.0983],[32568125.4469,5885058.5992],[32568107.704,5885059.5991],[32568092.2101,5885063.0979],[32568079.4653,5885069.0958],[32568068.4698,5885077.5925],[32568059.4735,5885088.5883],[32568046.7289,5885117.0772],[32568043.4805,5885134.0705],[32568043.2308,5885151.0637],[32568045.2303,5885168.0569],[32568049.4788,5885184.5503],[32568061.4745,5885216.0376],[32568083.7163,5885256.0214],[32568109.2066,5885288.0083],[32568140.4447,5885321.4945],[32568171.4328,5885348.9831],[32568184.4278,5885358.4792],[32568198.2485,5885367.9259],[32568223.9125,5885385.4678],[32568252.1516,5885402.4607],[32568279.6408,5885412.4563],[32568292.3858,5885413.9555],[32568318.3754,5885411.4561],[32568361.6082,5885400.9596],[32568421.3508,5885376.1675],[32568435.0786,5885370.4707],[32568452.3217,5885365.9722]],[[32574058.1612,5889744.6482],[32574077.6523,5889665.1794],[32574081.4005,5889638.1901],[32574081.1504,5889626.1949],[32574077.1517,5889606.7027],[32574069.4046,5889592.2086],[32574059.1585,5889584.7117],[32574053.4108,5889583.2124],[32574037.2159,5889586.6341],[32574020.9238,5889596.7075],[32574010.6781,5889608.7029],[32573998.4334,5889639.6908],[32573991.1867,5889670.6786],[32573985.9393,5889708.6635],[32573980.4427,5889797.4165],[32573981.9426,5889831.1149],[32573985.1916,5889851.1069],[32573990.9396,5889870.5991],[32573999.6864,5889891.0908],[32574011.432,5889910.5829],[32574024.9269,5889928.0758],[32574039.9212,5889943.0696],[32574072.1587,5889966.5597],[32574087.6527,5889975.0561],[32574115.3919,5889986.0514],[32574138.1329,5889990.0494],[32574148.6287,5889990.0493],[32574158.125,5889989.0495],[32574174.3684,5889983.0517],[32574180.8658,5889978.0535],[32574185.8637,5889971.5561],[32574189.6121,5889964.059],[32574191.3613,5889956.0621],[32574190.1116,5889938.0693],[32574182.6143,5889919.5768],[32574169.3693,5889901.0843],[32574149.127,5889882.0922],[32574095.6477,5889847.1069],[32574196.6077,5889846.6056],[32574212.8512,5889845.1059],[32574244.3387,5889839.1078],[32574288.321,5889823.1135],[32574308.6693,5889811.9373],[32574384.782,5889770.1331],[32574418.7683,5889756.638],[32574470.2477,5889742.143],[32574506.4834,5889742.6422],[32574521.9773,5889745.6408],[32574551.9655,5889751.638],[32574584.9524,5889751.6375],[32574629.6846,5889747.1386],[32574668.4191,5889740.1408],[32574697.4075,5889731.1439],[32574707.9033,5889725.1461],[32574716.1499,5889718.6486],[32574721.6476,5889711.6513],[32574728.1448,5889696.1574],[32574730.8935,5889680.6635],[32574728.1444,5889664.6699],[32574719.3976,5889647.6768],[32574683.1612,5889592.1994],[32574669.6662,5889565.7101],[32574657.9204,5889535.2224],[32574643.9253,5889486.7419],[32574632.9292,5889455.7543],[32574617.9348,5889428.2655],[32574602.6905,5889407.2741],[32574585.6971,5889393.7797],[32574575.701,5889389.7814],[32574551.9603,5889386.2832],[32574538.9655,5889387.283],[32574517.4742,5889395.7799],[32574507.978,5889401.7777],[32574487.1933,5889419.8876],[32574457.4986,5889445.7609],[32574422.0132,5889482.247],[32574403.271,5889510.2361],[32574396.7738,5889524.7305],[32574393.2754,5889539.7246],[32574390.9821,5889544.4668],[32574363.788,5889600.7008],[32574345.2957,5889629.6895],[32574323.8045,5889651.6811],[32574309.5603,5889660.6778],[32574302.813,5889662.6771],[32574269.3264,5889671.674],[32574223.4002,5889681.3167],[32574178.8625,5889690.6678],[32574131.6314,5889702.6637],[32574058.1612,5889744.6482]],[[32575715.5177,5890720.2355],[32575720.2656,5890708.74],[32575721.265,5890695.2454],[32575717.7662,5890678.752],[32575724.5134,5890670.755],[32575736.5083,5890641.7664],[32575745.2543,5890605.7806],[32575750.2518,5890573.2934],[32575750.7515,5890560.7984],[32575750.2515,5890550.8023],[32575745.753,5890528.8111],[32575737.2561,5890507.3198],[32575724.5109,5890489.3272],[32575708.5171,5890477.832],[32575692.7732,5890472.8342],[32575684.7764,5890472.3345],[32575657.7871,5890475.8335],[32575635.546,5890481.8315],[32575596.5618,5890500.3247],[32575549.6334,5890532.8812],[32575528.8393,5890547.3071],[32575500.3508,5890560.3023],[32575490.6047,5890563.3013],[32575487.356,5890564.3009],[32575464.3645,5890522.318],[32575443.9411,5890470.8328],[32575441.0978,5890463.665],[32575434.6252,5890447.3482],[32575418.8811,5890418.8598],[32575403.387,5890403.8659],[32575393.3909,5890398.3683],[32575381.8954,5890394.37],[32575357.7354,5890391.9903],[32575341.4114,5890391.3718],[32575306.4253,5890393.3716],[32575273.6884,5890401.3689],[32575262.6928,5890405.8673],[32575243.2008,5890421.3614],[32575228.7068,5890443.3529],[32575223.9589,5890456.3478],[32575221.2102,5890470.8421],[32575220.7106,5890486.3359],[32575223.4597,5890501.8297],[32575237.7045,5890533.317],[32575255.9477,5890559.8062],[32575266.9234,5890572.5518],[32575271.4418,5890577.7988],[32575227.7091,5890578.2993],[32575207.4672,5890580.7986],[32575187.4752,5890585.7969],[32575165.2341,5890594.7937],[32575142.7432,5890607.289],[32575122.7514,5890624.7824],[32575114.7547,5890635.2783],[32575108.2222,5890650.741],[32575105.5088,5890669.7648],[32575107.2583,5890681.2602],[32575111.2569,5890692.2557],[32575118.0043,5890702.2517],[32575127.0009,5890710.7481],[32575137.7467,5890717.7452],[32575160.2379,5890725.2419],[32575183.9785,5890727.7405],[32575236.9575,5890726.7401],[32575375.1525,5890710.7444],[32575395.3946,5890722.7393],[32575425.6329,5890737.2331],[32575462.1186,5890750.2274],[32575500.6034,5890756.2245],[32575522.3448,5890757.7235],[32575568.8264,5890759.2222],[32575614.3083,5890757.2223],[32575652.793,5890751.7239],[32575668.7866,5890747.7253],[32575696.7753,5890736.7292],[32575707.521,5890729.2321],[32575715.5177,5890720.2355]],[[32573612.1005,5890633.3017],[32573601.8545,5890630.303],[32573580.363,5890630.3033],[32573569.1175,5890633.3023],[32573557.3723,5890637.8007],[32573532.6323,5890652.2953],[32573520.1374,5890663.7909],[32573508.8921,5890678.2853],[32573498.8963,5890694.7789],[32573481.9035,5890732.2643],[32573467.6453,5890774.8578],[32573456.8986,5890806.9611],[32573445.4194,5890830.7257],[32573432.1749,5890849.7183],[32573417.9307,5890864.2128],[32573390.4419,5890885.7047],[32573379.6964,5890901.6985],[32573375.6982,5890912.6942],[32573370.9505,5890941.6827],[32573371.9504,5890967.6724],[32573374.6995,5890979.1678],[32573379.1979,5890989.1637],[32573385.1956,5890998.6598],[32573396.1847,5891010.5568],[32573431.4278,5891036.6441],[32573473.1616,5891059.6343],[32573521.6427,5891080.1254],[32573546.6328,5891087.1223],[32573571.1232,5891091.1203],[32573614.356,5891091.6195],[32573632.8487,5891089.62],[32573663.5864,5891082.1225],[32573676.3313,5891077.1243],[32573696.823,5891065.6286],[32573719.8136,5891044.6366],[32573775.7905,5890979.6616],[32573791.5339,5890957.6701],[32573796.7817,5890945.1749],[32573797.5312,5890933.1797],[32573794.2823,5890921.1845],[32573787.035,5890909.1894],[32573780.7874,5890903.6917],[32573751.049,5890890.1975],[32573724.3095,5890882.7009],[32573715.313,5890879.2024],[32573705.3169,5890870.7059],[32573698.3194,5890855.2122],[32573697.8195,5890844.2165],[32573701.0679,5890822.2252],[32573714.5619,5890777.7427],[32573717.3106,5890760.7494],[32573714.5614,5890742.7566],[32573704.3151,5890715.2677],[32573690.8204,5890710.2699],[32573671.078,5890697.2753],[32573659.0826,5890684.2807],[32573646.5872,5890663.2892],[32573636.8409,5890650.2945],[32573621.8467,5890638.2995],[32573612.1005,5890633.3017]],[[32574387.5329,5889909.5777],[32574362.5428,5889909.0782],[32574339.302,5889911.5776],[32574318.3104,5889917.5755],[32574299.568,5889926.0724],[32574284.5741,5889938.0679],[32574274.5783,5889952.0625],[32574269.0807,5889968.0562],[32574267.5815,5889985.5493],[32574269.3311,5890003.5421],[32574273.8295,5890021.5349],[32574280.3272,5890039.0278],[32574299.57,5890072.5142],[32574333.8071,5890115.9964],[32574414.7763,5890207.9587],[32574434.7552,5890232.3001],[32574501.7433,5890313.9153],[32574528.483,5890339.9045],[32574540.7283,5890348.401],[32574553.2234,5890352.899],[32574565.9684,5890353.3986],[32574578.7133,5890350.3996],[32574591.2082,5890344.9016],[32574613.6991,5890328.9076],[32574630.1923,5890311.9141],[32574682.9204,5890243.4405],[32574713.4077,5890199.9574],[32574724.653,5890180.9647],[32574731.4001,5890166.4704],[32574734.3988,5890153.9753],[32574734.3733,5890134.781],[32574729.6501,5890113.4915],[32574723.6523,5890099.4971],[32574705.9089,5890073.5077],[32574696.8343,5890064.8114],[32574679.669,5890050.0175],[32574641.6837,5890023.5286],[32574593.2025,5889994.041],[32574535.9748,5889962.5544],[32574472.9993,5889931.5676],[32574442.7611,5889920.5725],[32574414.2723,5889913.0759],[32574387.5329,5889909.5777]],[[32572293.1222,5890540.8581],[32572283.8758,5890538.8591],[32572275.879,5890539.8588],[32572268.382,5890542.8577],[32572255.1375,5890554.8531],[32572236.4005,5890583.8009],[32572213.4049,5890619.3281],[32572199.9105,5890633.3228],[32572166.4241,5890656.3141],[32572126.94,5890672.8082],[32572105.9484,5890678.8061],[32572083.9134,5890683.4081],[32572043.7232,5890691.8019],[32572008.4873,5890702.798],[32571980.2487,5890715.2935],[32571960.007,5890730.7876],[32571952.2602,5890741.2836],[32571945.0133,5890755.2781],[32571932.0189,5890791.264],[32571918.5252,5890854.739],[32571914.3053,5890889.1047],[32571911.5287,5890911.7164],[32571896.7854,5890966.6948],[32571881.7918,5890998.6823],[32571857.9986,5891039.9216],[32571851.6642,5891050.9005],[32571839.8095,5891073.6531],[32571836.311,5891085.6484],[32571836.5611,5891096.644],[32571839.8099,5891106.64],[32571852.0553,5891121.6339],[32571865.55,5891129.1307],[32571870.798,5891129.6304],[32571882.2841,5891126.0361],[32571900.536,5891114.6359],[32571912.2811,5891103.6401],[32571924.3255,5891086.5239],[32571950.2653,5891049.661],[32571969.2575,5891027.1697],[32571979.7532,5891017.1735],[32571996.9962,5891004.1784],[32572059.2209,5890963.1938],[32572283.38,5890823.246],[32572310.3691,5890803.2536],[32572328.1117,5890783.7611],[32572333.3595,5890771.7658],[32572337.3577,5890754.7724],[32572342.8549,5890712.2892],[32572344.6035,5890665.3079],[32572343.3534,5890622.8248],[32572340.8542,5890604.832],[32572336.1058,5890588.8384],[32572329.3583,5890574.8441],[32572312.1148,5890552.8531],[32572293.1222,5890540.8581]],[[32576066.1222,5890255.9148],[32576069.1207,5890233.9235],[32576069.37,5890193.4395],[32576067.3705,5890174.4471],[32576060.954,5890141.3055],[32576060.1229,5890137.4619],[32576056.1242,5890118.9693],[32576050.1264,5890102.476],[32576041.3796,5890089.9811],[32576030.3839,5890080.485],[32576017.8887,5890073.9878],[32576004.1441,5890069.9896],[32575990.3996,5890068.4904],[32575964.6598,5890069.4904],[32575953.4143,5890072.9892],[32575943.1684,5890078.9869],[32575925.4257,5890097.9797],[32575918.1788,5890109.4752],[32575906.9336,5890132.966],[32575902.3401,5890145.2933],[32575887.1921,5890185.9453],[32575871.9485,5890208.4366],[32575860.7031,5890219.9322],[32575846.7088,5890231.4278],[32575830.4654,5890240.9243],[32575813.4722,5890246.9221],[32575795.7293,5890249.4214],[32575769.0934,5890248.8413],[32575738.0693,5890245.1867],[32575621.2982,5890231.4312],[32575579.0649,5890229.4326],[32575560.5723,5890230.4325],[32575544.5786,5890232.9318],[32575531.5839,5890237.93],[32575521.338,5890244.9273],[32575513.5912,5890253.4241],[32575508.3434,5890262.9204],[32575505.5947,5890272.9165],[32575505.095,5890282.9125],[32575510.3432,5890302.4047],[32575516.091,5890310.9012],[32575541.3313,5890332.3923],[32575611.804,5890377.3733],[32575668.5319,5890406.361],[32575752.749,5890441.8456],[32575780.738,5890450.8416],[32575802.7294,5890454.3399],[32575835.4664,5890454.3394],[32575875.9502,5890447.8414],[32575920.9322,5890433.8462],[32575966.9137,5890412.3541],[32575987.4054,5890399.3589],[32576004.3984,5890385.8641],[32576018.1428,5890371.8694],[32576029.3881,5890356.8752],[32576038.6342,5890340.3816],[32576046.3809,5890321.8888],[32576060.3748,5890278.9057],[32576066.1222,5890255.9148]],[[32570369.8239,5886228.101],[32570380.819,5886191.6153],[32570391.8143,5886171.6231],[32570413.8052,5886144.1337],[32570420.5524,5886134.6374],[32570432.5473,5886109.1473],[32570446.791,5886061.666],[32570436.2949,5886043.6733],[32570421.3006,5886025.6807],[32570411.5543,5886017.684],[32570399.559,5886011.6866],[32570385.3146,5886007.1886],[32570350.5783,5886005.1899],[32570297.5994,5886007.1899],[32570262.8632,5886012.6882],[32570224.4011,5886024.4953],[32570211.6338,5886029.6822],[32570189.6427,5886044.6766],[32570175.1487,5886062.1699],[32570146.4107,5886106.1528],[32570129.1678,5886124.1459],[32570110.6753,5886137.6408],[32570065.6934,5886158.6331],[32569963.7344,5886199.1186],[32569942.493,5886210.6143],[32569925.0001,5886223.6094],[32569912.0055,5886237.1042],[32569904.5086,5886249.5994],[32569903.5091,5886254.5974],[32569907.0079,5886266.5926],[32569916.7542,5886282.0863],[32569924.0014,5886289.5832],[32569942.2444,5886301.5782],[32569953.2401,5886305.0766],[32569980.4793,5886305.0762],[32570013.2162,5886296.5791],[32570078.6899,5886272.0879],[32570107.1784,5886259.0926],[32570160.9067,5886230.6031],[32570173.4017,5886225.6049],[32570197.8919,5886221.6061],[32570222.6321,5886224.1048],[32570246.6228,5886233.1008],[32570258.1183,5886239.5981],[32570278.3605,5886255.5914],[32570299.3525,5886280.5812],[32570313.1328,5886299.002],[32570347.5843,5886345.0548],[32570367.5767,5886366.0462],[32570376.8231,5886371.0441],[32570388.0687,5886374.0427],[32570400.5637,5886375.0421],[32570427.0532,5886372.5427],[32570439.7981,5886369.0439],[32570462.2891,5886359.0476],[32570477.5328,5886346.0525],[32570485.2795,5886331.0584],[32570486.279,5886323.5613],[32570483.7798,5886310.0667],[32570480.0312,5886304.0692],[32570465.2869,5886293.0738],[32570442.2959,5886281.5787],[32570389.5665,5886260.088],[32570379.5704,5886254.5903],[32570373.3228,5886249.0926],[32570369.8241,5886242.5952],[32570369.8239,5886228.101]],[[32570231.8817,5886449.515],[32570206.6416,5886442.0184],[32570197.895,5886442.0185],[32570127.8771,5886453.7241],[32570114.1784,5886456.0142],[32570093.9365,5886462.5119],[32570081.9414,5886471.5085],[32570071.8486,5886486.1333],[32570057.4516,5886506.9948],[32570037.1208,5886527.5954],[32569981.9826,5886583.4655],[32569960.2416,5886612.4543],[32569954.4941,5886624.9494],[32569951.9952,5886635.9451],[32569951.9954,5886645.9411],[32569954.2446,5886654.9375],[32569962.4916,5886669.4316],[32569972.9876,5886681.4267],[32569986.4824,5886692.9219],[32570004.2255,5886703.4175],[32570014.9713,5886708.4154],[32570053.2063,5886720.41],[32570064.4519,5886725.4079],[32570083.9444,5886739.9018],[32570108.5716,5886765.6536],[32570146.1707,5886804.3753],[32570159.4155,5886811.3723],[32570172.8998,5886810.8324],[32570176.5171,5886810.2673],[32570220.6411,5886803.3746],[32570232.1365,5886797.8766],[32570239.3835,5886790.3794],[32570242.882,5886781.8828],[32570244.1314,5886772.8863],[32570243.1316,5886763.3901],[32570240.5073,5886752.8937],[32570236.6338,5886737.4005],[32570235.3841,5886722.4065],[32570234.3838,5886670.9289],[32570233.3835,5886619.4475],[32570231.3838,5886588.4598],[32570232.883,5886575.465],[32570235.8817,5886563.9695],[32570245.3777,5886544.4771],[32570268.2527,5886519.1024],[32570275.1154,5886511.4898],[32570283.1121,5886498.9946],[32570285.611,5886492.4972],[32570286.6104,5886482.0013],[32570284.8611,5886478.0029],[32570271.1164,5886468.5069],[32570231.8817,5886449.515]],[[32573645.2804,5886580.9118],[32573629.7863,5886557.9211],[32573598.0483,5886521.9359],[32573586.3028,5886510.9405],[32573562.8119,5886493.9476],[32573541.3203,5886487.9503],[32573519.8289,5886490.9494],[32573503.8941,5886495.6711],[32573445.6086,5886512.9418],[32573435.3627,5886513.9415],[32573428.8296,5886513.0848],[32573420.1187,5886511.9426],[32573408.1235,5886514.4417],[32573395.6286,5886521.939],[32573372.3881,5886545.9298],[32573365.391,5886550.4281],[32573349.8972,5886555.4263],[32573341.4006,5886556.426],[32573334.3449,5886557.2562],[32573309.4133,5886561.9244],[32573300.1671,5886568.9217],[32573296.6686,5886577.9182],[32573296.6687,5886582.9162],[32573299.9175,5886592.9122],[32573312.1629,5886606.9064],[32573333.1548,5886625.8986],[32573364.8926,5886652.8874],[32573376.3881,5886660.3842],[32573381.1363,5886660.8839],[32573391.1322,5886656.3856],[32573422.1195,5886624.8976],[32573433.1148,5886602.4064],[32573435.3637,5886587.4123],[32573463.1026,5886576.9161],[32573485.0938,5886571.9177],[32573497.089,5886570.918],[32573508.0847,5886570.418],[32573516.0815,5886571.9173],[32573521.8293,5886574.4162],[32573528.0769,5886582.9127],[32573530.3263,5886603.9044],[32573525.8284,5886626.8953],[32573503.4456,5886685.7999],[32573487.8449,5886726.8561],[32573467.1038,5886773.338],[32573458.8574,5886800.3274],[32573447.3629,5886864.3021],[32573446.8633,5886879.796],[32573449.3624,5886885.2937],[32573454.1106,5886889.2921],[32573460.8579,5886891.791],[32573470.6117,5886892.7904],[32573492.3454,5886889.7913],[32573521.8335,5886875.7964],[32573538.8267,5886870.2983],[32573558.5688,5886866.7994],[32573618.545,5886860.3011],[32573624.5425,5886857.802],[32573634.7884,5886850.3049],[32573644.7842,5886837.3099],[32573649.2823,5886829.313],[32573652.7807,5886811.3201],[32573651.5309,5886792.3276],[32573650.0314,5886782.8314],[32573648.5318,5886773.3352],[32573647.0323,5886763.839],[32573647.032,5886741.348],[32573660.3923,5886668.6953],[32573663.0244,5886654.3823],[32573663.5241,5886644.8861],[32573662.0244,5886626.3934],[32573654.2771,5886599.4043],[32573645.2804,5886580.9118]],[[32574080.4306,5891760.8465],[32574091.9261,5891760.3465],[32574164.3926,5891764.1827],[32574175.2436,5891764.7571],[32574190.2553,5891765.5518],[32574214.6275,5891766.8421],[32574242.3665,5891765.8421],[32574263.608,5891761.8434],[32574280.1014,5891754.8459],[32574292.8462,5891746.8489],[32574297.8441,5891741.351],[32574301.5925,5891733.8539],[32574304.841,5891713.8618],[32574304.341,5891701.3668],[32574302.5915,5891688.372],[32574298.2434,5891671.2567],[32574286.8469,5891626.3969],[32574279.0365,5891550.8652],[32574278.599,5891541.9306],[32574258.1068,5891517.4406],[32574236.8647,5891480.4556],[32574227.6182,5891470.4597],[32574211.3746,5891467.4612],[32574176.2206,5891469.7444],[32574172.8899,5891469.9607],[32574126.6587,5891506.9467],[32574096.671,5891530.9376],[32574079.1781,5891542.4333],[32574069.9318,5891546.4319],[32574059.9358,5891549.4308],[32574038.9441,5891549.931],[32574020.2015,5891543.9336],[32573997.5212,5891531.6165],[32573966.9722,5891516.9452],[32573960.4748,5891517.4451],[32573955.7267,5891519.9441],[32573952.4781,5891524.9422],[32573950.479,5891538.9367],[32573953.4781,5891555.9299],[32573956.7269,5891564.9262],[32573967.223,5891578.4207],[32573973.7205,5891583.9184],[32573987.4651,5891591.4152],[32573999.7103,5891594.9137],[32574039.1947,5891600.4109],[32574062.6855,5891607.9076],[32574089.4251,5891622.9012],[32574108.9176,5891636.8954],[32574116.4147,5891644.3923],[32574121.6628,5891652.389],[32574123.1623,5891660.8856],[32574121.4131,5891667.383],[32574117.1648,5891671.3815],[32574110.9173,5891672.881],[32574095.7412,5891672.4568],[32574075.1815,5891671.882],[32574050.5929,5891676.2913],[32574038.9459,5891678.3799],[32574010.4573,5891681.3792],[32573996.9521,5891681.5131],[32573976.2268,5891681.7186],[32573959.9773,5891681.8797],[32573950.4811,5891684.8787],[32573936.9866,5891692.8757],[32573929.9894,5891698.8734],[32573925.7412,5891705.8707],[32573924.2419,5891713.8675],[32573924.9917,5891722.3641],[32573931.7393,5891737.8579],[32573937.2372,5891744.855],[32573950.732,5891754.8508],[32573968.2252,5891762.8474],[32573997.7136,5891769.8442],[32574007.2098,5891770.3438],[32574016.6822,5891768.7414],[32574057.4398,5891761.8465],[32574068.9352,5891761.3465],[32574080.4306,5891760.8465]],[[32572708.2162,5891153.6084],[32572716.9627,5891146.611],[32572731.2068,5891130.6172],[32572741.2026,5891113.124],[32572750.9484,5891088.6336],[32572754.6968,5891082.6359],[32572758.945,5891077.6378],[32572769.9406,5891071.64],[32572784.185,5891072.6394],[32572791.682,5891075.6381],[32572797.1799,5891081.1359],[32572801.4284,5891088.133],[32572804.1774,5891097.1294],[32572807.4264,5891116.6216],[32572808.4263,5891136.1138],[32572810.6755,5891144.1106],[32572816.1734,5891148.6088],[32572824.4201,5891150.6078],[32572835.1659,5891151.1075],[32572939.8742,5891139.6105],[32572967.6131,5891134.6121],[32572987.1053,5891127.1148],[32572992.603,5891122.1167],[32572994.8521,5891116.6188],[32572994.852,5891110.6212],[32572988.3544,5891099.1259],[32572982.6066,5891094.1279],[32572975.8592,5891089.13],[32572959.3656,5891082.133],[32572934.0297,5891075.756],[32572760.0744,5891031.9714],[32572740.9515,5891027.1582],[32572707.2148,5891024.1599],[32572691.721,5891025.1597],[32572664.7317,5891029.6583],[32572646.6955,5891035.2268],[32572627.4967,5891041.1543],[32572610.7533,5891042.1541],[32572602.5066,5891041.1547],[32572587.2625,5891036.1569],[32572564.7713,5891023.6622],[32572555.275,5891021.1633],[32572535.2829,5891020.164],[32572514.7911,5891024.6625],[32572496.2986,5891036.1582],[32572451.817,5891086.6388],[32572437.073,5891100.1337],[32572429.8259,5891103.1326],[32572411.3333,5891105.6319],[32572385.0523,5891104.9641],[32572352.3566,5891104.1334],[32572330.6153,5891108.1321],[32572321.8688,5891111.6308],[32572309.124,5891121.6271],[32572304.8758,5891127.6247],[32572300.3778,5891141.6192],[32572301.3775,5891147.6168],[32572305.126,5891151.1154],[32572311.6235,5891152.1149],[32572335.9989,5891149.7594],[32572363.3529,5891147.1161],[32572374.0986,5891148.1156],[32572394.0908,5891155.1125],[32572416.0924,5891167.9012],[32572444.8211,5891184.6],[32572457.3162,5891189.5978],[32572471.8105,5891193.0962],[32572488.0541,5891194.5954],[32572549.5297,5891191.5957],[32572633.3739,5891179.8764],[32572653.2384,5891177.0999],[32572666.2332,5891173.6011],[32572673.1419,5891170.8046],[32572687.2247,5891165.1041],[32572708.2162,5891153.6084]],[[32572149.1362,5887481.5762],[32572164.38,5887472.0798],[32572172.3768,5887471.08],[32572180.6236,5887472.5793],[32572189.1203,5887477.5772],[32572198.7182,5887485.9364],[32572222.5584,5887452.5592],[32572245.0978,5887459.0837],[32572281.3335,5887462.5818],[32572338.3109,5887461.5813],[32572353.5549,5887460.0817],[32572377.5453,5887454.0837],[32572397.5372,5887444.5872],[32572428.2747,5887421.5959],[32572434.772,5887411.5998],[32572437.7707,5887401.6037],[32572437.4113,5887388.0609],[32572435.2713,5887379.1127],[32572429.7734,5887368.1171],[32572421.5265,5887357.1216],[32572410.5307,5887346.6259],[32572398.0355,5887337.6297],[32572384.2909,5887331.1325],[32572370.2964,5887327.1343],[32572342.0575,5887323.6361],[32572317.0674,5887325.1359],[32572284.3305,5887329.6346],[32572244.0028,5887331.9679],[32572187.6385,5887335.2291],[32572117.0634,5887283.681],[32572073.2128,5887271.7225],[32572048.4401,5887271.7228],[32572057.2691,5887407.2603],[32572047.0193,5887479.0156],[32572057.2701,5887479.0154],[32572097.1343,5887490.974],[32572133.09,5887496.9662],[32572149.1362,5887481.5762]],[[32574179.6229,5890448.3667],[32574182.1214,5890416.8791],[32574181.3858,5890396.4986],[32574180.3715,5890368.3984],[32574177.6221,5890338.9102],[32574174.1233,5890323.9162],[32574168.1255,5890308.9222],[32574159.1288,5890292.4289],[32574146.3836,5890274.4363],[32574102.9001,5890223.4572],[32574076.1604,5890196.4683],[32574052.9193,5890176.9764],[32574042.6733,5890170.9789],[32574022.4312,5890162.9824],[32574011.9353,5890161.4832],[32574002.1892,5890161.9831],[32573993.4427,5890165.4819],[32573986.1957,5890171.9794],[32573981.1978,5890181.9755],[32573978.699,5890196.4698],[32573979.949,5890229.4566],[32573982.4482,5890245.4503],[32573990.4454,5890273.439],[32574001.4414,5890294.4305],[32574007.4391,5890300.9278],[32574020.6008,5890309.595],[32574048.4232,5890327.9165],[32574059.1691,5890337.4126],[32574067.9158,5890348.9079],[32574073.4138,5890361.9026],[32574074.6635,5890376.8966],[32574072.4146,5890391.3909],[32574068.4163,5890403.3862],[32574063.1685,5890412.3827],[32574056.6712,5890419.38],[32574042.1771,5890428.3767],[32574012.6889,5890433.3751],[32573968.3794,5890431.4324],[32573955.7114,5890430.877],[32573933.2204,5890432.8765],[32573905.9813,5890441.8733],[32573889.488,5890452.8692],[32573890.1465,5890466.7662],[32573891.7378,5890500.3503],[32573927.9735,5890510.3458],[32573965.2089,5890517.3425],[32573986.4505,5890519.3413],[32574029.5591,5890520.3403],[32574072.6663,5890521.3393],[32574109.6516,5890519.8393],[32574138.64,5890513.3414],[32574149.6356,5890506.8439],[32574158.382,5890498.8469],[32574165.8789,5890488.351],[32574171.6264,5890476.3556],[32574179.6229,5890448.3667]],[[32572715.5736,5892629.9859],[32572688.7447,5892624.5241],[32572681.7474,5892624.5242],[32572676.2496,5892626.5235],[32572672.0014,5892630.5219],[32572668.7528,5892637.0194],[32572665.5043,5892653.0131],[32572665.5045,5892672.0056],[32572669.5034,5892706.4918],[32572668.5042,5892730.4823],[32572666.2553,5892743.4771],[32572662.5069,5892756.472],[32572657.0093,5892767.9675],[32572649.5124,5892776.9641],[32572640.0162,5892782.462],[32572637.7674,5892805.9527],[32572632.5198,5892828.4439],[32572616.5266,5892861.431],[32572610.5293,5892881.923],[32572610.2795,5892891.4192],[32572614.2782,5892907.4128],[32572624.5243,5892919.4078],[32572632.5212,5892922.9063],[32572655.0123,5892923.4058],[32572668.257,5892921.4064],[32572705.9918,5892910.4102],[32572743.3545,5892891.9813],[32572798.2046,5892864.9269],[32572842.6868,5892851.4316],[32572860.6796,5892843.4345],[32572875.4235,5892831.4391],[32572880.6714,5892823.942],[32572884.6696,5892814.4457],[32572889.6672,5892782.9581],[32572887.4178,5892760.4671],[32572879.1707,5892737.4763],[32572856.1786,5892699.8121],[32572843.568,5892679.1541],[32572842.5244,5892677.4446],[32572832.2025,5892660.536],[32572829.4393,5892656.0095],[32572822.1625,5892653.6281],[32572820.2764,5892653.0109],[32572801.9501,5892647.0135],[32572759.7167,5892637.0181],[32572730.4782,5892633.0201],[32572715.5736,5892629.9859]],[[32574063.6789,5891164.0839],[32574037.6892,5891162.0851],[32574026.1937,5891162.5851],[32574015.1981,5891165.5841],[32574004.2026,5891170.0824],[32573993.7068,5891177.0798],[32573984.2107,5891186.0764],[32573976.9637,5891197.0721],[32573971.9659,5891210.067],[32573970.2168,5891225.0611],[32573972.2163,5891242.0543],[32573978.2141,5891257.5481],[32573987.4606,5891269.0434],[32573998.9561,5891277.04],[32574011.9511,5891282.0378],[32574049.1864,5891291.0337],[32574061.3653,5891296.6639],[32574098.917,5891314.0238],[32574137.402,5891328.0177],[32574156.6444,5891334.015],[32574204.8754,5891344.0103],[32574219.3697,5891348.5083],[32574246.3592,5891360.5031],[32574274.0984,5891376.4964],[32574293.8405,5891370.4985],[32574319.8301,5891359.5024],[32574345.5696,5891343.0086],[32574355.8154,5891332.5126],[32574364.062,5891320.5173],[32574377.8061,5891293.028],[32574393.2994,5891249.545],[32574379.5547,5891241.5484],[32574352.8152,5891233.552],[32574299.8362,5891230.554],[32574268.8484,5891225.0566],[32574239.36,5891215.5608],[32574225.6153,5891209.5634],[32574208.2181,5891200.4509],[32574183.6317,5891187.5728],[32574137.6498,5891181.5759],[32574104.163,5891172.58],[32574063.6789,5891164.0839]],[[32571863.9835,5886367.0235],[32571835.7446,5886356.0283],[32571816.2523,5886356.0286],[32571806.7562,5886363.5257],[32571800.0091,5886379.0197],[32571795.7611,5886402.0106],[32571792.5899,5886450.1493],[32571791.5137,5886466.485],[32571787.2657,5886493.9742],[32571774.5215,5886541.4555],[32571756.7792,5886590.4363],[32571743.7764,5886618.8252],[32571729.5692,5886649.8435],[32571724.0432,5886661.9084],[32571717.0461,5886672.4043],[32571701.3026,5886688.898],[32571667.8162,5886713.8885],[32571661.8187,5886719.8862],[32571657.4343,5886730.9903],[32571658.3203,5886739.3785],[32571666.0674,5886750.3741],[32571672.315,5886754.3724],[32571689.5582,5886758.8703],[32571728.7927,5886761.8686],[32571768.7768,5886759.8688],[32571787.5193,5886754.8705],[32571794.7664,5886749.8723],[32571805.7618,5886735.3779],[32571812.7588,5886718.3846],[32571816.757,5886701.8911],[32571826.5022,5886634.9176],[32571833.2491,5886605.929],[32571837.4972,5886594.9333],[32571850.4919,5886578.9394],[32571858.9884,5886572.9417],[32571905.9695,5886551.9493],[32571919.0778,5886544.2532],[32571940.2056,5886525.4594],[32571949.2018,5886511.4648],[32571953.9497,5886496.9705],[32571954.1995,5886488.9737],[32571951.2004,5886469.9812],[32571941.7037,5886438.9937],[32571932.9569,5886418.502],[32571917.9626,5886400.5094],[32571886.7247,5886378.0188],[32571863.9835,5886367.0235]],[[32579138.912,5890877.6218],[32579112.9223,5890877.1224],[32579089.9315,5890880.6213],[32579070.1894,5890887.6188],[32579053.946,5890898.6147],[32579040.9514,5890912.1095],[32579030.7056,5890928.1033],[32579023.7087,5890946.0963],[32579019.7105,5890965.5886],[32579018.2114,5890986.5802],[32579022.46,5891006.5722],[32579033.7058,5891024.5649],[32579050.4494,5891040.0585],[32579071.4412,5891053.0531],[32579094.6821,5891063.5485],[32579118.6727,5891071.0452],[32579141.9136,5891075.5431],[32579162.6554,5891076.5424],[32579200.6402,5891073.543],[32579236.8758,5891066.0455],[32579253.8689,5891061.0472],[32579283.1072,5891049.5513],[32579294.8524,5891043.5535],[32579304.3486,5891036.0564],[32579311.5955,5891025.5604],[32579316.0936,5891013.5651],[32579318.3425,5891000.0705],[32579317.8425,5890985.0764],[32579314.5936,5890970.0824],[32579308.8456,5890955.0885],[32579300.3488,5890941.0942],[32579287.3538,5890927.5997],[32579269.1109,5890915.6048],[32579246.8695,5890904.1097],[32579221.6294,5890894.114],[32579166.4011,5890880.6202],[32579138.912,5890877.6218]],[[32575020.543,5890702.7529],[32575007.2982,5890699.7543],[32574980.8087,5890699.7547],[32574968.3137,5890702.2539],[32574947.572,5890710.7508],[32574940.0751,5890717.2484],[32574934.5774,5890725.7451],[32574928.0803,5890747.2366],[32574920.0842,5890803.2145],[32574922.3335,5890815.7095],[32574934.0793,5890844.198],[32574952.5724,5890876.185],[32574998.805,5890943.1577],[32575023.7955,5890976.1442],[32575049.0359,5891002.1335],[32575061.781,5891010.6299],[32575074.2761,5891016.1276],[32575085.2718,5891018.1266],[32575094.2682,5891017.6267],[32575101.2654,5891015.1276],[32575110.5116,5891005.1314],[32575116.2591,5890991.1369],[32575119.7574,5890973.144],[32575118.7574,5890944.1555],[32575114.5086,5890906.6705],[32575105.0115,5890845.195],[32575096.0145,5890806.2107],[32575082.2695,5890769.2256],[32575064.776,5890737.7384],[32575055.0296,5890725.2435],[32575044.5337,5890715.2476],[32575033.0381,5890707.7507],[32575020.543,5890702.7529]],[[32572312.6359,5892059.7542],[32572302.6398,5892059.2545],[32572269.1532,5892063.7532],[32572223.4215,5892075.2493],[32572213.1756,5892078.7481],[32572203.9293,5892084.246],[32572188.6856,5892098.2407],[32572178.9397,5892115.7339],[32572176.1909,5892125.73],[32572175.5108,5892142.5563],[32572179.4401,5892162.2154],[32572192.1855,5892196.2017],[32572210.4288,5892230.6877],[32572220.675,5892246.1814],[32572241.4171,5892270.6714],[32572262.6589,5892289.6635],[32572284.6504,5892303.1578],[32572295.896,5892306.6563],[32572308.7647,5892307.9802],[32572330.6322,5892303.1572],[32572341.1279,5892298.159],[32572358.8707,5892284.6641],[32572373.1148,5892267.6706],[32572384.3601,5892248.1782],[32572388.1084,5892238.1821],[32572390.857,5892215.1912],[32572385.1087,5892171.7086],[32572372.6128,5892112.7322],[32572366.3651,5892096.7387],[32572358.8679,5892084.2437],[32572350.621,5892075.2474],[32572341.3746,5892068.2504],[32572331.8783,5892063.7523],[32572312.6359,5892059.7542]],[[32571588.403,5890639.3295],[32571575.908,5890638.3301],[32571549.1686,5890640.8295],[32571534.9243,5890644.3283],[32571520.1802,5890650.3262],[32571506.6857,5890658.3232],[32571495.4403,5890668.3194],[32571486.444,5890679.3151],[32571479.6969,5890692.3101],[32571474.4323,5890711.4157],[32571472.4504,5890737.2923],[32571473.95,5890753.7857],[32571477.6988,5890769.7793],[32571483.9465,5890783.7737],[32571492.1934,5890795.269],[32571502.1895,5890805.2648],[32571513.6851,5890812.7617],[32571526.4301,5890818.2593],[32571540.1747,5890821.7577],[32571595.4029,5890825.2555],[32571622.9645,5890824.5317],[32571643.1339,5890822.256],[32571663.8756,5890815.2585],[32571683.6176,5890805.7619],[32571701.6103,5890794.2662],[32571716.8541,5890778.7722],[32571723.1014,5890769.2758],[32571731.5978,5890747.7843],[32571733.5968,5890736.2888],[32571732.5969,5890712.7982],[32571724.3498,5890689.8074],[32571717.6023,5890678.8119],[32571708.3559,5890670.3154],[32571697.3602,5890663.8181],[32571684.8651,5890659.8199],[32571632.3858,5890651.3241],[32571588.403,5890639.3295]],[[32569538.2074,5890033.1009],[32569522.2137,5890031.6018],[32569488.4771,5890034.1013],[32569471.7338,5890037.6001],[32569456.24,5890044.5976],[32569443.4953,5890056.593],[32569432.9996,5890072.087],[32569424.7532,5890090.08],[32569415.2575,5890130.0642],[32569413.7584,5890149.0567],[32569414.2584,5890166.5497],[32569421.2563,5890211.5318],[32569428.5036,5890226.5257],[32569448.2461,5890251.0157],[32569462.7405,5890262.0111],[32569470.7374,5890265.0098],[32569491.7291,5890266.5089],[32569522.4669,5890262.51],[32569539.2102,5890257.5117],[32569552.4548,5890249.5147],[32569563.2004,5890239.0187],[32569571.4469,5890227.0234],[32569577.9442,5890213.5286],[32569587.6899,5890184.0402],[32569595.1865,5890156.0512],[32569598.4348,5890128.0623],[32569596.6851,5890100.5733],[32569589.6875,5890074.5837],[32569583.9396,5890062.0887],[32569576.1926,5890051.0932],[32569565.6966,5890042.5968],[32569552.9516,5890036.5993],[32569538.2074,5890033.1009]],[[32568268.6558,5886158.6598],[32568248.1639,5886157.1607],[32568238.4177,5886158.6603],[32568218.6757,5886165.6578],[32568197.6841,5886177.1535],[32568187.9381,5886185.1505],[32568179.1917,5886193.6473],[32568172.1946,5886203.6434],[32568163.9976,5886222.7111],[32568149.2045,5886257.1225],[32568131.7119,5886289.11],[32568109.2212,5886319.5982],[32568079.6886,5886350.2998],[32568069.2377,5886365.0807],[32568064.9895,5886374.0772],[32568062.2408,5886382.5739],[32568059.992,5886406.5644],[32568060.4919,5886414.0614],[32568067.2394,5886424.5571],[32568081.0677,5886430.4003],[32568091.9797,5886431.0542],[32568105.4743,5886427.5554],[32568131.7137,5886414.5601],[32568150.2062,5886401.565],[32568168.9935,5886381.7706],[32568178.1946,5886372.0763],[32568184.1922,5886367.578],[32568214.6142,5886355.061],[32568227.9246,5886349.5845],[32568247.9165,5886335.5898],[32568267.9083,5886317.5967],[32568284.4015,5886299.1038],[32568290.1491,5886291.1069],[32568299.1452,5886270.1151],[32568302.6437,5886257.1202],[32568307.1415,5886228.1316],[32568307.391,5886201.1424],[32568305.6415,5886189.647],[32568301.8929,5886180.1508],[32568295.8951,5886172.1541],[32568278.6518,5886161.6585],[32568268.6558,5886158.6598]],[[32573999.6632,5888240.2469],[32573996.1645,5888229.7512],[32573988.9172,5888221.7545],[32573978.6712,5888216.2568],[32573965.9262,5888212.7584],[32573951.432,5888211.2592],[32573936.4379,5888211.7592],[32573921.4439,5888213.2588],[32573891.2755,5888219.7049],[32573849.1828,5888228.6988],[32573814.9864,5888232.7527],[32573800.4921,5888232.2531],[32573780.1067,5888228.5667],[32573753.5106,5888223.7572],[32573744.5142,5888224.2571],[32573736.2675,5888226.7563],[32573729.2703,5888232.2542],[32573723.0229,5888240.7509],[32573717.5253,5888253.246],[32573714.5978,5888270.3026],[32573715.0267,5888282.7343],[32573718.5255,5888297.2285],[32573724.7732,5888310.7231],[32573733.27,5888323.7178],[32573755.5115,5888346.7083],[32573768.2566,5888356.2043],[32573782.5011,5888363.2013],[32573798.2449,5888367.1995],[32573815.2382,5888368.6987],[32573832.9811,5888368.1986],[32573851.2239,5888365.6993],[32573868.9668,5888362.2004],[32573902.7032,5888351.7041],[32573941.9375,5888335.7099],[32573969.1764,5888315.7174],[32573980.2331,5888303.3446],[32573989.2468,5888289.2148],[32573995.4154,5888275.7329],[32573998.4141,5888264.2374],[32573999.6632,5888240.2469]],[[32574182.8368,5890860.7973],[32574152.3891,5890836.2129],[32574138.8942,5890820.2195],[32574129.8976,5890803.7262],[32574124.6496,5890798.2284],[32574112.9042,5890795.2298],[32574102.1585,5890799.2284],[32574098.1602,5890803.7266],[32574094.8538,5890811.993],[32574085.1658,5890836.2139],[32574075.4198,5890845.7103],[32574069.1723,5890847.2098],[32574061.4253,5890846.7101],[32574054.4281,5890842.7118],[32574049.1801,5890837.2141],[32574043.9319,5890823.7195],[32574042.6822,5890805.7267],[32574022.1903,5890805.727],[32574005.447,5890808.726],[32573991.4526,5890813.7243],[32573980.4571,5890821.2215],[32573971.4608,5890830.218],[32573958.4662,5890853.2091],[32573949.7201,5890879.6987],[32573947.7211,5890893.1933],[32573947.7214,5890919.6828],[32573951.2204,5890943.6732],[32573956.7185,5890964.165],[32573961.2168,5890972.1618],[32573968.464,5890976.6599],[32573978.2102,5890978.1591],[32574002.7004,5890975.6597],[32574018.8193,5890972.0775],[32574074.6717,5890959.665],[32574098.0066,5890956.2168],[32574169.3839,5890945.6692],[32574182.6286,5890941.6706],[32574200.1215,5890931.1745],[32574208.618,5890919.6789],[32574211.3668,5890910.1826],[32574210.117,5890894.189],[32574202.8697,5890878.6953],[32574192.6236,5890868.6994],[32574182.8368,5890860.7973]],[[32576832.3279,5890941.6307],[32576815.8344,5890940.1315],[32576798.5913,5890941.1314],[32576781.0983,5890944.6303],[32576765.1047,5890950.6281],[32576751.6102,5890959.125],[32576740.8646,5890969.621],[32576732.618,5890981.6163],[32576726.8705,5890995.111],[32576724.1218,5891009.6053],[32576723.6222,5891024.0996],[32576726.1214,5891038.094],[32576731.3695,5891052.5881],[32576749.8626,5891082.5759],[32576774.6032,5891110.0646],[32576800.8431,5891131.5557],[32576824.3339,5891143.0508],[32576834.8298,5891146.5492],[32576854.3221,5891150.0475],[32576882.0611,5891148.5477],[32576900.5537,5891144.549],[32576908.5505,5891139.5509],[32576921.795,5891125.0565],[32576930.7912,5891105.0643],[32576935.539,5891083.5727],[32576935.039,5891071.0777],[32576931.5402,5891056.0837],[32576918.5449,5891023.5968],[32576889.3057,5890969.6187],[32576882.5583,5890962.1218],[32576873.3119,5890955.1247],[32576861.3165,5890949.1273],[32576847.5719,5890944.1295],[32576832.3279,5890941.6307]],[[32571576.9613,5891912.0432],[32571546.6875,5891907.3262],[32571533.4427,5891909.8254],[32571522.947,5891916.8227],[32571513.9507,5891928.8181],[32571506.9537,5891944.312],[32571502.2059,5891963.8044],[32571499.2074,5891985.2959],[32571498.458,5892008.2867],[32571499.9577,5892031.7774],[32571503.7066,5892055.268],[32571510.2043,5892075.7598],[32571519.7008,5892091.2535],[32571531.4462,5892102.2489],[32571545.4408,5892109.7457],[32571561.4345,5892114.7435],[32571578.6777,5892117.7421],[32571647.4005,5892121.2396],[32571666.8928,5892118.2405],[32571673.3901,5892114.7418],[32571678.8879,5892110.7433],[32571687.8842,5892098.2482],[32571691.3826,5892089.2517],[32571693.3817,5892076.7566],[32571691.382,5892045.2692],[32571681.2663,5892008.4302],[32571663.642,5891972.7984],[32571650.6469,5891956.3051],[32571634.903,5891941.8111],[32571617.4097,5891929.8162],[32571598.9169,5891919.8204],[32571576.9613,5891912.0432]],[[32570814.9078,5886962.8023],[32570806.4111,5886960.8033],[32570788.4183,5886961.8031],[32570762.9285,5886966.8015],[32570747.1848,5886974.7986],[32570738.9382,5886982.2957],[32570722.4451,5887006.2864],[32570715.1982,5887021.7804],[32570710.7002,5887036.7745],[32570708.4513,5887051.2688],[32570707.9517,5887065.763],[32570710.5668,5887088.4736],[32570720.6975,5887129.7374],[32570726.4454,5887139.7333],[32570734.1924,5887147.73],[32570743.6887,5887154.2273],[32570767.6794,5887165.2226],[32570798.4173,5887174.7183],[32570827.6558,5887180.2157],[32570839.1513,5887180.7154],[32570849.1473,5887178.716],[32570858.1437,5887174.7175],[32570873.6373,5887160.7228],[32570881.1342,5887150.2268],[32570886.6319,5887138.7313],[32570888.6309,5887125.7365],[32570887.881,5887112.2418],[32570884.6321,5887097.2479],[32570864.8892,5887043.2696],[32570864.8662,5887043.2067],[32570848.645,5887001.2865],[32570840.1481,5886985.7928],[32570831.9012,5886974.7973],[32570823.4045,5886967.3004],[32570814.9078,5886962.8023]],[[32573310.9674,5890452.8779],[32573296.4731,5890451.8785],[32573283.3105,5890454.0569],[32573273.2324,5890458.3763],[32573264.2361,5890465.8734],[32573257.239,5890476.3693],[32573251.7414,5890489.3643],[32573247.4933,5890505.358],[32573244.9945,5890523.3509],[32573245.2447,5890542.3433],[32573247.2939,5890549.515],[32573250.243,5890559.8363],[32573258.9897,5890575.33],[32573270.4853,5890589.8241],[32573297.9748,5890616.3131],[32573333.8204,5890647.2723],[32573338.9798,5890651.9318],[32573347.8827,5890659.9721],[32573353.8908,5890665.398],[32573358.2017,5890669.2912],[32573380.4431,5890684.7847],[32573394.1877,5890688.2831],[32573400.935,5890687.2834],[32573413.2236,5890681.4011],[32573431.4226,5890665.7915],[32573440.169,5890655.2955],[32573445.1669,5890644.7996],[32573445.9164,5890633.3041],[32573441.1681,5890618.3102],[32573429.1725,5890591.8209],[32573388.1876,5890512.3531],[32573366.4458,5890480.8659],[32573348.9525,5890465.8721],[32573338.2067,5890460.3745],[32573310.9674,5890452.8779]],[[32572980.8313,5889246.3623],[32572965.3373,5889235.8667],[32572949.8925,5889234.4732],[32572938.3854,5889235.8998],[32572902.3623,5889240.3659],[32572894.3655,5889239.3664],[32572887.868,5889236.3677],[32572863.1276,5889221.8738],[32572857.13,5889220.3745],[32572847.6338,5889223.8733],[32572843.1358,5889237.8678],[32572841.8865,5889254.861],[32572844.8857,5889282.3501],[32572853.1328,5889307.34],[32572855.632,5889322.334],[32572855.1324,5889337.3281],[32572852.5377,5889351.5522],[32572848.3856,5889374.3135],[32572851.1347,5889388.3079],[32572858.8818,5889400.8028],[32572872.3766,5889411.7982],[32572888.8702,5889419.295],[32572906.6132,5889422.2935],[32572916.8591,5889422.2934],[32572940.5997,5889418.7944],[32572978.8344,5889408.7978],[32572992.5789,5889404.2994],[32573001.3279,5889399.589],[32573014.5699,5889388.3054],[32573020.5674,5889380.8083],[32573024.0659,5889371.8118],[32573025.5652,5889361.316],[32573023.3157,5889337.3256],[32573013.5691,5889299.3408],[32573009.0707,5889286.8458],[32572996.3254,5889264.355],[32572980.8313,5889246.3623]],[[32574213.6602,5894065.9284],[32574180.1733,5894053.9337],[32574170.4271,5894054.9335],[32574159.6139,5894057.4779],[32574127.9384,5894064.9315],[32574110.9509,5894068.9288],[32574097.7063,5894073.927],[32574088.2102,5894085.9224],[32574084.7117,5894094.9188],[32574081.2134,5894116.9102],[32574081.4635,5894129.905],[32574083.4629,5894143.3996],[32574092.9595,5894170.8885],[32574108.9535,5894195.8784],[32574119.1996,5894206.374],[32574143.4402,5894223.8667],[32574157.4348,5894229.3643],[32574172.6788,5894232.8627],[32574188.6724,5894232.8625],[32574219.9099,5894227.3642],[32574253.1466,5894215.3685],[32574259.8937,5894202.8733],[32574266.141,5894184.3806],[32574268.3898,5894160.8899],[32574262.8916,5894135.4001],[32574253.6449,5894111.4098],[32574248.147,5894100.4142],[32574235.4018,5894081.9218],[32574228.6543,5894074.9246],[32574213.6602,5894065.9284]],[[32571916.7384,5888510.7088],[32571912.4944,5888504.6731],[32571878.2585,5888543.6581],[32571855.7677,5888561.6513],[32571845.272,5888566.6495],[32571821.7814,5888573.647],[32571794.2924,5888584.1433],[32571767.8031,5888598.1381],[32571756.3078,5888606.6349],[32571747.3115,5888616.1313],[32571740.5643,5888626.1274],[32571736.3161,5888636.1235],[32571733.8174,5888655.116],[32571738.8157,5888673.1088],[32571749.5616,5888688.6024],[32571757.3086,5888694.5999],[32571767.5546,5888698.0984],[32571793.0445,5888699.5974],[32571838.7763,5888691.5999],[32571881.5092,5888679.1042],[32571911.747,5888664.1097],[32571925.7413,5888654.1135],[32571931.239,5888649.1154],[32571959.6412,5888623.2944],[32571964.2255,5888619.1268],[32571964.19,5888618.8783],[32571959.9769,5888594.1368],[32571950.2303,5888562.1497],[32571934.986,5888536.6601],[32571926.3175,5888524.3319],[32571921.8662,5888518.0015],[32571916.7384,5888510.7088]]],[[[32582127.1814,5887692.3434],[32582109.9388,5887730.3286],[32582102.1923,5887760.3168],[32582099.6938,5887796.8023],[32582099.77,5887828.4773],[32582099.9451,5887901.2608],[32582097.9466,5887948.742],[32582088.701,5887997.7226],[32582078.7054,5888031.2095],[32582063.7118,5888067.1954],[32582041.4712,5888106.1802],[32582008.0325,5888154.881],[32581967.0023,5888214.6382],[32581943.5122,5888255.1225],[32581932.8949,5888280.8443],[32581908.0275,5888341.0889],[32581894.7831,5888369.0779],[32581879.0397,5888395.0678],[32581873.2921,5888401.5653],[32581858.2982,5888411.5616],[32581838.3062,5888418.5591],[32581826.0611,5888420.0587],[32581798.3221,5888419.0595],[32581770.1887,5888415.1114],[32581727.1002,5888409.0645],[32581694.8631,5888413.0634],[32581667.874,5888423.0598],[32581651.7272,5888432.0807],[32581623.1421,5888448.0506],[32581600.4183,5888454.8502],[32581591.4048,5888457.5473],[32581577.7433,5888463.3786],[32581550.4213,5888475.0409],[32581518.9779,5888482.3835],[32581501.191,5888486.5371],[32581494.9435,5888489.536],[32581482.1985,5888486.5374],[32581461.2068,5888484.5385],[32581443.214,5888487.0377],[32581429.4536,5888491.0028],[32581413.7258,5888495.5348],[32581402.4804,5888499.5334],[32581380.9891,5888511.0291],[32581354.0954,5888532.9255],[32581352.7506,5888534.0204],[32581349.0649,5888551.2006],[32581323.2642,5888671.4662],[32581316.2672,5888688.9594],[32581304.2722,5888704.4534],[32581282.2813,5888727.9443],[32581275.1879,5888735.5216],[32581260.2903,5888751.4354],[32581229.0531,5888774.4267],[32581209.5583,5888784.503],[32581206.812,5888785.9225],[32581195.0669,5888798.4177],[32581175.825,5888829.4056],[32581163.3303,5888859.8937],[32581156.3334,5888881.8851],[32581144.5876,5888848.8984],[32581135.5906,5888803.4166],[32581131.3421,5888789.922],[32581118.3468,5888760.4339],[32581101.1033,5888733.4449],[32581082.3604,5888714.9525],[32581071.1148,5888708.4553],[32581003.6412,5888676.469],[32580967.7964,5888665.4705],[32580950.1622,5888663.9747],[32580929.4204,5888658.977],[32580848.9519,5888631.9889],[32580805.9687,5888614.4965],[32580726.2499,5888577.5124],[32580720.3851,5888577.3348],[32580709.7564,5888577.0128],[32580674.5204,5888579.5124],[32580641.0338,5888585.0107],[32580612.2953,5888593.5077],[32580579.8084,5888609.5019],[32580577.5591,5888589.5098],[32580571.3112,5888562.5206],[32580565.8131,5888548.0265],[32580558.3159,5888534.0322],[32580548.8195,5888521.0375],[32580544.7557,5888527.4919],[32580526.6547,5888556.2416],[32580514.8338,5888575.0165],[32580505.3377,5888586.5121],[32580483.3466,5888603.0059],[32580465.104,5888612.0026],[32580411.6255,5888629.4964],[32580208.2071,5888690.975],[32580118.7429,5888715.4666],[32580042.0236,5888732.9607],[32580020.5322,5888735.9599],[32580000.5401,5888736.46],[32579982.0475,5888735.4606],[32579948.5607,5888727.9641],[32579933.0667,5888721.9667],[32579918.3225,5888713.9701],[32579834.2902,5888661.9436],[32579787.4074,5888633.4787],[32579743.8902,5888605.5158],[32579726.8967,5888593.021],[32579709.9033,5888580.5262],[32579665.1707,5888554.5372],[32579593.4487,5888518.5526],[32579546.7169,5888498.5612],[32579519.2277,5888489.5652],[32579491.2388,5888484.0678],[32579477.4942,5888483.5682],[32579464.9992,5888484.568],[32579453.5038,5888488.0667],[32579432.5123,5888501.5617],[32579423.0162,5888510.5582],[32579397.2769,5888542.0461],[32579372.9945,5888553.1638],[32579293.5687,5888589.5288],[32579280.8239,5888600.5246],[32579264.3304,5888622.5166],[32579258.3333,5888630.513],[32579245.3385,5888639.0098],[32579221.848,5888647.007],[32579170.8683,5888657.0038],[32579071.1581,5888670.9997],[32579019.9285,5888673.9992],[32578991.6897,5888671.5006],[32578962.7524,5888663.9522],[32578945.7077,5888659.5061],[32578913.4705,5888655.0083],[32578834.5018,5888652.5105],[32578749.6899,5888646.1857],[32578719.2845,5888643.9182],[32578663.5695,5888642.0172],[32578538.7117,5888659.4227],[32578536.6228,5888659.7139],[32578499.1351,5888664.5107],[32578442.6575,5888669.0097],[32578394.4267,5888670.5098],[32578346.9455,5888668.0115],[32578304.4623,5888659.0157],[32578232.7023,5888637.6744],[32578188.5078,5888624.5311],[32578103.5412,5888602.5411],[32578080.5926,5888598.5025],[32578041.0659,5888591.5464],[32578003.5807,5888589.5477],[32577962.8469,5888594.0465],[32577917.1152,5888606.0425],[32577885.1281,5888618.538],[32577858.0494,5888633.1757],[32577838.8968,5888643.5288],[32577809.6585,5888656.0242],[32577748.1831,5888672.5186],[32577736.5443,5888676.561],[32577706.4499,5888687.0135],[32577682.9592,5888689.013],[32577658.9687,5888684.5152],[32577647.4732,5888679.5174],[32577623.2326,5888663.0243],[32577586.4968,5888641.0336],[32577517.5237,5888606.5483],[32577494.0328,5888596.5527],[32577452.4001,5888582.0864],[32577429.3082,5888574.0626],[32577387.3247,5888561.0684],[32577333.8457,5888548.0743],[32577238.3834,5888541.0786],[32577177.9073,5888533.5825],[32577194.6505,5888523.5862],[32577227.1373,5888498.0958],[32577237.1332,5888487.5998],[32577245.1299,5888476.1043],[32577249.378,5888464.6088],[32577249.3779,5888453.6132],[32577246.129,5888443.6172],[32577240.1313,5888434.6208],[32577232.3842,5888426.6241],[32577214.1413,5888415.129],[32577153.4151,5888398.6365],[32577129.1747,5888397.1374],[32577104.9345,5888406.1342],[32577080.106,5888425.3205],[32577071.9479,5888431.6246],[32577065.4505,5888433.1241],[32577050.7063,5888431.1251],[32577030.2596,5888423.051],[32577011.4716,5888415.6319],[32576999.9762,5888413.133],[32576989.2304,5888413.633],[32576978.9845,5888416.6319],[32576962.7411,5888426.1284],[32576951.9955,5888435.125],[32576948.407,5888433.0617],[32576892.0188,5888400.6396],[32576844.5374,5888382.1477],[32576828.8131,5888376.8699],[32576814.1811,5888371.9587],[32576808.8014,5888370.153],[32576800.0173,5888362.8947],[32576786.6232,5888351.8271],[32576782.6232,5888348.5219],[32576730.2213,5888305.2222],[32576672.104,5888257.1999],[32576566.3945,5888160.2401],[32576546.4022,5888139.7485],[32576532.9073,5888123.2553],[32576525.1602,5888109.7608],[32576522.4111,5888097.7656],[32576522.9108,5888087.7695],[32576534.6557,5888059.7805],[32576537.6544,5888049.7844],[32576538.154,5888038.7888],[32576536.4046,5888029.2926],[32576532.656,5888020.2962],[32576527.4079,5888012.7993],[32576521.1603,5888006.8017],[32576508.1654,5887999.3049],[32576496.42,5887997.3059],[32576462.9333,5887996.8066],[32576444.6905,5887994.3079],[32576427.6971,5887988.8103],[32576408.9544,5887977.3152],[32576381.4649,5887952.3255],[32576365.5957,5887931.1671],[32576351.4763,5887912.3418],[32576331.7338,5887891.8503],[32576297.2471,5887862.3625],[32576267.9915,5887841.7233],[32576220.0269,5887807.8853],[32576192.7873,5887780.3967],[32576179.5424,5887762.9038],[32576168.5464,5887743.4117],[32576162.0487,5887722.92],[32576159.2995,5887701.4286],[32576159.799,5887680.4369],[32576167.5454,5887640.9525],[32576173.7927,5887623.9591],[32576180.5398,5887608.965],[32576189.0362,5887594.9704],[32576205.5267,5887572.8735],[32576250.0111,5887524.9973],[32576294.7432,5887515.0006],[32576325.481,5887513.0009],[32576351.9705,5887514.9998],[32576453.6805,5887537.9891],[32576517.9769,5887547.9934],[32576649.6033,5887568.474],[32576677.8422,5887574.971],[32576746.5652,5887596.4614],[32576781.0516,5887600.9591],[32576796.5455,5887598.9597],[32576809.7901,5887593.9615],[32576820.7857,5887587.9637],[32576829.782,5887580.4665],[32576842.5267,5887561.9737],[32576851.7726,5887532.985],[32576854.0214,5887505.4959],[32576851.2722,5887489.5023],[32576848.0234,5887482.0054],[32576837.2775,5887469.0107],[32576829.5305,5887463.513],[32576810.0381,5887456.0163],[32576787.547,5887453.5176],[32576765.0559,5887454.0177],[32576701.2445,5887467.0414],[32576605.8695,5887486.5072],[32576560.6375,5887491.5059],[32576509.4078,5887493.0061],[32576454.4296,5887490.0081],[32576398.7015,5887482.0122],[32576372.212,5887475.5151],[32576348.2213,5887467.0189],[32576312.65,5887449.6714],[32576294.2423,5887438.531],[32576274.2501,5887423.5373],[32576264.4613,5887374.9529],[32576262.8531,5887366.9707],[32576246.7591,5887287.0919],[32576258.7542,5887277.5955],[32576273.748,5887260.602],[32576287.4922,5887236.1116],[32576291.7403,5887221.1175],[32576293.7393,5887204.1242],[32576291.4897,5887169.6379],[32576285.2417,5887139.6499],[32576280.5158,5887124.019],[32576278.744,5887118.1586],[32576260.2511,5887101.6654],[32576246.7562,5887081.1738],[32576217.5163,5886977.2155],[32576203.8685,5886937.6649],[32576185.528,5886902.7456],[32576177.2811,5886890.7505],[32576159.038,5886871.2585],[32576149.7916,5886863.7616],[32576113.3058,5886848.2683],[32576098.3117,5886839.2721],[32576092.064,5886831.7752],[32576085.7579,5886819.4869],[32576072.5712,5886793.7906],[32576027.3382,5886726.3181],[32575996.23,5886712.8758],[32575977.7257,5886704.8798],[32575968.2302,5886700.7767],[32575937.1234,5886687.335],[32575943.8706,5886679.8378],[32575948.1189,5886671.8409],[32575950.3677,5886655.8473],[32575946.1192,5886638.8541],[32575940.8716,5886626.5073],[32575933.3738,5886608.8662],[32575924.377,5886579.8779],[32575912.8809,5886533.8963],[32575911.6313,5886528.8983],[32575912.1311,5886526.3993],[32575926.1249,5886479.9176],[32575940.1189,5886448.9297],[32575958.6112,5886423.4395],[32575979.5205,5886403.2946],[32575999.5944,5886383.9546],[32576010.8397,5886364.4622],[32576016.0087,5886351.9756],[32576030.0814,5886317.9803],[32576030.8309,5886302.4865],[32576028.5817,5886294.9895],[32576024.8331,5886289.4918],[32576020.3348,5886285.9932],[32576015.3368,5886285.9933],[32576009.839,5886287.9926],[32576003.3417,5886292.9907],[32575989.0976,5886309.9841],[32575954.1121,5886358.9652],[32575934.87,5886380.457],[32575916.1277,5886397.9503],[32575897.3853,5886410.4456],[32575840.696,5886437.9192],[32575840.5271,5886438.0011],[32575832.4115,5886441.9341],[32575817.6672,5886429.4393],[32575805.422,5886426.4406],[32575790.428,5886429.9395],[32575776.2741,5886435.3205],[32575729.9523,5886452.9312],[32575703.7128,5886458.9293],[32575669.2265,5886462.9282],[32575649.7342,5886463.4283],[32575610.2498,5886460.4301],[32575591.5072,5886456.4319],[32575558.77,5886443.4376],[32575516.5364,5886419.4478],[32575477.4435,5886392.5969],[32575467.0555,5886385.462],[32575447.1029,5886374.6773],[32575420.8235,5886360.4727],[32575384.5875,5886329.4855],[32575369.0933,5886310.9931],[32575363.8452,5886294.9995],[32575359.9913,5886245.2045],[32575357.3466,5886211.033],[32575353.5978,5886194.0398],[32575334.1051,5886158.5542],[32575304.3662,5886112.0731],[32575295.1196,5886090.082],[32575291.1209,5886073.0888],[32575290.1211,5886055.096],[32575291.3704,5886046.0996],[32575294.3691,5886038.1027],[32575304.2647,5886020.5099],[32575316.8597,5885998.1182],[32575322.1073,5885979.6255],[32575326.2529,5885951.1847],[32575326.3552,5885949.0181],[32575327.1047,5885933.1439],[32575332.1022,5885895.1589],[32575328.3534,5885874.6671],[32575323.1053,5885865.6708],[32575348.8447,5885833.6831],[32575362.5889,5885810.1922],[32575367.3369,5885798.1969],[32575372.3345,5885774.7062],[32575373.0841,5885763.2108],[32575369.5845,5885693.7384],[32575366.5855,5885676.7452],[32575361.0874,5885661.7513],[32575352.8405,5885648.7565],[32575342.8443,5885637.7611],[32575331.3488,5885629.2646],[32575318.8536,5885623.767],[32575305.6089,5885621.2682],[32575292.3641,5885621.7682],[32575280.8688,5885628.2658],[32575273.122,5885640.7609],[32575268.3741,5885658.254],[32575266.1253,5885679.2457],[32575267.3755,5885725.7272],[32575275.6434,5885778.0861],[32575279.3718,5885801.6969],[32575281.6213,5885833.1843],[32575280.6221,5885858.1744],[32575275.8742,5885875.1677],[32575264.3789,5885888.6625],[32575250.5439,5885900.2664],[32575225.6447,5885921.1502],[32575216.1486,5885931.1464],[32575198.6559,5885954.1375],[32575177.1649,5885987.6245],[32575145.9281,5886046.1017],[32575138.4313,5886063.5949],[32575132.8215,5886082.6693],[32575123.438,5886114.5749],[32575105.4456,5886152.56],[32575092.2012,5886174.0517],[32575073.4589,5886195.0436],[32575039.9726,5886222.5332],[32575030.9234,5886233.6471],[32575026.5959,5886237.573],[32575020.2919,5886243.2919],[32575009.7365,5886252.8677],[32575007.4645,5886254.9289],[32574989.2607,5886254.4459],[32574970.0409,5886257.1125],[32574959.5416,5886261.7445],[32574952.5374,5886268.8117],[32574950.6362,5886270.73],[32574950.7331,5886268.3134],[32574951.7672,5886242.531],[32574947.2656,5886227.3618],[32574936.6822,5886214.1963],[32574912.7726,5886197.0453],[32574903.4739,5886188.3252],[32574860.5426,5886148.0655],[32574833.8028,5886116.5784],[32574826.3056,5886103.5837],[32574816.9776,5886070.2975],[32574813.56,5886058.102],[32574809.5615,5886050.605],[32574803.3139,5886042.6083],[32574784.571,5886025.6153],[32574770.3265,5886010.1217],[32574760.83,5885996.6272],[32574757.0814,5885989.6301],[32574745.8356,5885968.6386],[32574733.8402,5885956.6435],[32574710.5991,5885938.1512],[32574707.1005,5885933.6531],[32574703.8469,5885922.125],[32574700.6026,5885900.6663],[32574697.6076,5885890.9704],[32574691.8558,5885882.1737],[32574680.6101,5885875.1767],[32574667.1154,5885871.6783],[32574630.13,5885867.6804],[32574618.8845,5885864.6818],[32574608.3886,5885859.6839],[32574598.3924,5885853.1867],[32574580.8991,5885837.6931],[32574563.9056,5885815.7021],[32574561.4065,5885809.2047],[32574560.4066,5885793.7109],[32574563.2385,5885769.7206],[32574564.6545,5885757.7251],[32574564.1544,5885739.7323],[32574550.6589,5885677.2573],[32574546.1602,5885647.2693],[32574546.1601,5885636.2737],[32574552.657,5885600.7877],[32574552.4069,5885582.295],[32574549.9077,5885572.299],[32574545.1595,5885562.3031],[32574535.663,5885544.8102],[32574526.6664,5885533.3149],[32574513.1717,5885528.3171],[32574503.1756,5885527.8174],[32574476.6862,5885531.8162],[32574465.9405,5885535.315],[32574448.9473,5885544.3117],[32574441.6739,5885549.331],[32574406.2147,5885573.8006],[32574388.7217,5885582.2975],[32574373.4778,5885585.7963],[32574365.7309,5885586.2963],[32574348.9875,5885583.2977],[32574329.745,5885577.3004],[32574319.1268,5885572.9721],[32574290.5104,5885561.3073],[32574274.5161,5885519.3242],[32574270.0176,5885493.8344],[32574270.7671,5885482.8388],[32574276.7644,5885462.8467],[32574283.5255,5885447.2956],[32574306.7516,5885393.8736],[32574308.001,5885385.8768],[32574307.0012,5885372.3822],[32574302.5028,5885361.3866],[32574295.0056,5885349.3915],[32574282.5104,5885333.398],[32574268.2658,5885320.4034],[32574251.0225,5885312.4068],[32574208.7892,5885306.9097],[32574186.0482,5885307.4098],[32574155.3105,5885313.4079],[32574137.3176,5885312.4085],[32574129.3207,5885309.9097],[32574115.3262,5885300.9134],[32574098.8324,5885280.9216],[32574082.8386,5885269.4264],[32574062.5965,5885261.4299],[32574015.3651,5885253.9336],[32573996.1227,5885248.4361],[32573923.1512,5885219.9485],[32573879.918,5885198.9575],[32573865.1738,5885189.9613],[32573851.9289,5885178.9659],[32573835.935,5885161.9729],[32573818.1917,5885140.4817],[32573782.4552,5885091.5017],[32573753.2161,5885043.5212],[32573743.9695,5885023.5293],[32573730.7241,5884976.5482],[32573724.9759,5884948.0596],[32573716.4785,5884889.5829],[32573713.9788,5884844.6008],[32573715.4781,5884831.606],[32573718.4767,5884821.6099],[32573746.2146,5884738.1427],[32573794.1027,5884691.8362],[32573804.9679,5884680.3989],[32573828.9306,5884655.1744],[32573854.4202,5884635.6818],[32573876.9112,5884625.1856],[32573886.1575,5884623.1863],[32573893.6545,5884622.6863],[32573903.6506,5884624.6854],[32573911.3975,5884623.6857],[32573915.3959,5884621.1866],[32573930.8895,5884603.6933],[32573946.383,5884581.7018],[32573968.6103,5884545.6338],[32573999.3608,5884495.7352],[32574022.8511,5884462.748],[32574031.5974,5884447.7538],[32574035.0958,5884433.7593],[32574034.5958,5884420.2647],[32574030.8471,5884407.2699],[32574024.8493,5884395.7746],[32574017.3522,5884385.7787],[32574001.8581,5884371.2846],[32573992.6117,5884365.787],[32573963.1233,5884356.791],[32573927.1374,5884351.2937],[32573893.6507,5884351.2942],[32573880.6559,5884353.2936],[32573869.9102,5884357.792],[32573859.9143,5884364.7894],[32573843.9208,5884381.7828],[32573835.1746,5884400.2756],[32573833.9252,5884408.7723],[32573839.4234,5884438.2605],[32573840.1736,5884471.7471],[32573837.925,5884507.7329],[32573833.1773,5884537.721],[32573827.1798,5884550.2162],[32573806.7516,5884572.1414],[32573727.4705,5884634.6841],[32573713.2264,5884647.6791],[32573693.9844,5884673.1693],[32573688.2368,5884685.6644],[32573681.7397,5884707.156],[32573679.9906,5884721.6502],[32573663.497,5884711.1546],[32573657.2494,5884709.1555],[32573651.0019,5884707.1564],[32573637.5072,5884707.1566],[32573624.0127,5884713.1544],[32573618.5149,5884717.6527],[32573610.5182,5884730.6477],[32573605.5204,5884745.6418],[32573600.5228,5884769.6324],[32573595.5249,5884778.6289],[32573579.5315,5884797.1217],[32573559.0398,5884814.6151],[32573538.0483,5884828.6098],[32573498.0645,5884851.1015],[32573460.209,5884871.4972],[32573369.1166,5884920.5758],[32573328.6329,5884941.0683],[32573316.6377,5884943.5675],[32573301.8936,5884943.5677],[32573265.9077,5884936.571],[32573185.1894,5884911.0824],[32573168.4459,5884904.5852],[32573156.4506,5884897.0884],[32573148.2037,5884888.5919],[32573142.9557,5884879.5955],[32573134.7084,5884842.6103],[32573132.1468,5884834.3637],[32573124.462,5884809.6236],[32573120.7134,5884802.6264],[32573109.9675,5884793.6302],[32573102.7204,5884792.1309],[32573094.4737,5884792.6308],[32573078.4801,5884800.6279],[32573061.9869,5884817.6214],[32573053.4904,5884829.6167],[32573044.7441,5884844.1111],[32573018.5051,5884887.5942],[32573004.5108,5884899.5897],[32572997.7635,5884901.589],[32572991.0162,5884900.5895],[32572983.769,5884898.0906],[32572965.5261,5884886.5954],[32572887.5562,5884830.6188],[32572832.8275,5884799.1322],[32572611.9137,5884705.1728],[32572563.6825,5884686.1811],[32572544.1902,5884681.1834],[32572524.9478,5884678.6846],[32572506.705,5884679.6845],[32572489.212,5884682.1838],[32572472.9685,5884686.6822],[32572444.9798,5884699.1777],[32572420.7396,5884714.1721],[32572381.5054,5884734.1647],[32572307.0354,5884765.1535],[32572260.8039,5884780.1483],[32572240.0622,5884782.1478],[32572219.5702,5884778.1497],[32572199.8279,5884770.1532],[32572181.3351,5884759.6576],[32572138.7744,5884726.7865],[32572133.1908,5884722.4741],[32572119.8588,5884712.1774],[32572113.6112,5884704.1807],[32572104.8644,5884683.689],[32572103.1149,5884672.1936],[32572105.1137,5884647.2035],[32572109.8617,5884634.7083],[32572116.8588,5884623.2128],[32572126.105,5884614.2163],[32572137.1005,5884607.2189],[32572163.0901,5884596.7227],[32572206.8226,5884586.2262],[32572221.5667,5884581.2279],[32572237.0604,5884572.7311],[32572268.7975,5884550.2395],[32572313.0706,5884510.2144],[32572349.5145,5884477.2673],[32572366.5592,5884464.8708],[32572398.9944,5884441.2809],[32572425.9833,5884417.29],[32572436.7289,5884405.2946],[32572441.227,5884395.2985],[32572440.977,5884388.3013],[32572436.7286,5884382.8036],[32572421.9844,5884379.3052],[32572413.7377,5884380.3049],[32572353.512,5884409.7941],[32572315.7772,5884433.2853],[32572296.785,5884447.28],[32572261.2995,5884478.7681],[32572245.0561,5884490.2637],[32572230.0621,5884498.7606],[32572215.568,5884504.2586],[32572202.0734,5884507.7574],[32572172.1347,5884511.5924],[32572151.3436,5884514.2556],[32572125.8544,5884523.0671],[32572110.8598,5884528.2506],[32572076.3736,5884537.7474],[32572031.3915,5884542.2463],[32572007.1511,5884539.2478],[32571985.1597,5884532.2509],[32571965.4173,5884521.7554],[32571948.4239,5884508.7608],[32571933.6795,5884493.767],[32571921.4342,5884477.7735],[32571904.6904,5884447.2859],[32571900.4419,5884433.7913],[32571898.4425,5884420.7965],[32571899.0328,5884396.5796],[32571899.4415,5884379.8128],[32571897.6921,5884371.816],[32571893.6936,5884364.8189],[32571888.1957,5884359.8209],[32571882.4479,5884357.8218],[32571870.4527,5884361.8204],[32571842.5953,5884389.1177],[32571833.218,5884398.3065],[32571822.4724,5884406.3034],[32571797.7324,5884419.7984],[32571770.2434,5884430.7945],[32571742.7544,5884438.2919],[32571728.76,5884440.2913],[32571698.522,5884440.2918],[32571655.0391,5884432.2956],[32571611.5561,5884413.8036],[32571564.5745,5884396.3113],[32571530.088,5884387.3154],[32571495.8515,5884380.8185],[32571475.1096,5884374.3214],[32571382.3959,5884339.3366],[32571342.6614,5884327.342],[32571326.6677,5884320.345],[32571311.9233,5884307.3504],[32571299.1782,5884290.8572],[32571288.1822,5884270.8653],[32571272.6877,5884226.883],[32571268.4391,5884205.3916],[32571266.6895,5884185.8994],[32571268.6883,5884151.413],[32571274.935,5884094.4356],[32571273.6853,5884084.4396],[32571269.9367,5884076.9426],[32571264.1889,5884072.9443],[32571257.1917,5884072.9444],[32571248.6951,5884076.4431],[32571238.9491,5884083.4405],[32571227.9536,5884092.9369],[32571190.9833,5884133.6589],[32571176.2249,5884149.915],[32571152.4846,5884167.4084],[32571130.9932,5884175.9054],[32571093.0198,5884185.6845],[32571072.7665,5884190.9003],[32571057.0228,5884194.3991],[32571022.0367,5884197.8983],[32570984.5515,5884196.3994],[32570965.8089,5884192.9011],[32570948.0658,5884185.4043],[32570931.3223,5884174.4089],[32570901.5836,5884142.9219],[32570879.5302,5884113.0795],[32570851.3526,5884074.9497],[32570840.6067,5884063.9542],[32570831.8601,5884057.9567],[32570824.1131,5884055.9576],[32570817.3658,5884057.9569],[32570811.1184,5884062.4552],[32570791.8763,5884085.9462],[32570782.6301,5884091.9439],[32570770.8847,5884092.9437],[32570757.39,5884089.9451],[32570742.6458,5884083.9477],[32570727.6516,5884075.4513],[32570713.1572,5884065.9553],[32570689.1665,5884044.964],[32570678.4206,5884037.4672],[32570664.676,5884034.9684],[32570648.9323,5884035.9682],[32570631.4393,5884040.4667],[32570612.6968,5884047.964],[32570593.2047,5884056.9607],[32570536.2277,5884087.9492],[32570521.7335,5884090.9482],[32570510.7378,5884089.449],[32570501.9912,5884083.9513],[32570495.7435,5884075.9546],[32570491.4951,5884065.4588],[32570487.4963,5884041.4684],[32570489.2454,5884026.9741],[32570494.743,5884008.4814],[32570513.7348,5883964.4986],[32570552.2796,5883892.7947],[32570560.2152,5883878.0323],[32570564.7132,5883862.5384],[32570563.7135,5883856.5408],[32570555.4666,5883847.0447],[32570539.4729,5883840.0477],[32570500.7924,5883828.9657],[32570450.5078,5883814.5592],[32570393.78,5883796.5672],[32570351.0467,5883778.5749],[32570335.8026,5883768.5792],[32570321.5581,5883756.5841],[32570300.3668,5883733.2555],[32570298.786,5883731.2623],[32570259.7287,5883741.0274],[32570199.0762,5883747.0935],[32570088.9892,5883844.1806],[32570079.1552,5883829.0589],[32570076.4061,5883819.5628],[32570076.9056,5883799.5707],[32570084.1525,5883779.5785],[32570102.9096,5883753.7425],[32570110.6415,5883743.0926],[32570118.888,5883725.5995],[32570123.136,5883706.1071],[32570123.8856,5883695.0752],[32570126.6339,5883654.6275],[32570135.5698,5883616.7275],[32570144.8757,5883586.6543],[32570216.597,5883565.1617],[32570257.3307,5883554.6653],[32570348.8016,5883536.7674],[32570441.2573,5883518.6768],[32570467.7467,5883512.6788],[32570487.4888,5883506.1811],[32570511.9789,5883491.6865],[32570530.9712,5883478.1916],[32570550.963,5883461.198],[32570562.4582,5883443.7048],[32570565.9566,5883428.2109],[32570564.651,5883419.6853],[32570560.2087,5883411.2177],[32570545.9642,5883403.2211],[32570520.4742,5883393.7253],[32570462.247,5883377.2327],[32570422.2628,5883370.7359],[32570357.4683,5883368.2567],[32570317.8041,5883366.739],[32570297.5621,5883362.7409],[32570277.8198,5883356.2438],[32570240.5844,5883340.2507],[32570184.6061,5883308.2642],[32570059.9042,5883215.303],[32570027.1669,5883192.8124],[32570008.1743,5883182.3169],[32569966.1906,5883162.8252],[32569891.0072,5883136.0023],[32569866.7296,5883127.3408],[32569821.7471,5883103.351],[32569795.2573,5883082.8595],[32569772.266,5883058.3696],[32569698.2081,5882985.3932],[32569669.6734,5882957.2751],[32569635.8182,5882921.9258],[32569624.3226,5882907.4317],[32569614.8261,5882891.4382],[32569600.3314,5882856.4523],[32569580.5882,5882780.9826],[32569575.0901,5882763.9894],[32569568.0927,5882749.9951],[32569559.346,5882738.9996],[32569549.8496,5882731.0029],[32569539.3537,5882725.5052],[32569528.358,5882722.0068],[32569507.1805,5882720.5077],[32569494.8713,5882722.0073],[32569494.8064,5882722.0289],[32569484.3755,5882725.5061],[32569463.8838,5882737.5016],[32569443.892,5882754.4952],[32569411.9051,5882786.4829],[32569400.1598,5882792.4807],[32569376.9191,5882794.4803],[32569356.1772,5882786.9836],[32569341.4329,5882775.4883],[32569332.4362,5882756.9958],[32569328.068,5882743.1209],[32569315.4422,5882703.0175],[32569309.1945,5882691.0224],[32569301.9472,5882680.5266],[32569293.2006,5882673.5296],[32569283.9541,5882668.0319],[32569274.7078,5882665.0332],[32569265.4614,5882663.0341],[32569240.7212,5882665.0337],[32569215.8158,5882673.6968],[32569194.7397,5882681.028],[32569166.501,5882688.0257],[32569152.0067,5882689.5253],[32569122.7683,5882688.0263],[32569106.7747,5882690.5256],[32569075.0374,5882700.5221],[32569040.5513,5882717.016],[32569041.051,5882707.5198],[32569038.0519,5882693.0256],[32569028.3056,5882675.0329],[32569004.353,5882650.7125],[32568979.5742,5882625.5533],[32568970.5776,5882614.5578],[32568956.8327,5882589.0681],[32568950.085,5882560.5795],[32568949.8347,5882532.5906],[32568955.5821,5882507.6005],[32568966.8273,5882486.1088],[32568985.3197,5882467.1161],[32569018.5562,5882441.6257],[32569082.7802,5882401.1409],[32569141.5065,5882372.1515],[32569177.4921,5882360.1557],[32569211.9782,5882348.6598],[32569243.4656,5882336.1643],[32569271.2043,5882319.1706],[32569306.1901,5882289.6818],[32569323.433,5882270.1893],[32569333.6787,5882252.1963],[32569340.1758,5882233.2037],[32569345.1735,5882210.7126],[32569346.6726,5882186.7221],[32569345.4229,5882174.7269],[32569341.8256,5882159.5813],[32569335.9261,5882134.7429],[32569333.4269,5882117.7497],[32569329.9278,5882081.764],[32569330.1772,5882048.7771],[32569334.675,5882021.2879],[32569344.9049,5881988.1323],[32569368.9099,5881910.3315],[32569374.6572,5881875.8451],[32569377.4053,5881821.3667],[32569375.1557,5881786.8804],[32569369.1577,5881757.3922],[32569360.454,5881732.8888],[32569335.6659,5881663.103],[32569335.4194,5881634.4416],[32569342.8947,5881592.734],[32569344.9149,5881581.4625],[32569343.4153,5881570.9666],[32569340.4164,5881565.9687],[32569335.6683,5881561.9703],[32569328.4211,5881558.9716],[32569316.9797,5881557.869],[32569286.9375,5881554.9738],[32569226.0804,5881544.2615],[32569200.4715,5881537.9819],[32569163.9858,5881525.9872],[32569114.5051,5881502.4972],[32569097.0119,5881492.0017],[32569080.2683,5881479.5069],[32569064.5244,5881464.5131],[32569050.5297,5881447.0202],[32569038.5341,5881426.5285],[32569029.7873,5881403.5378],[32569024.2891,5881379.5474],[32569020.29,5881330.5669],[32569019.5397,5881288.0838],[32569018.29,5881272.59],[32569015.2911,5881261.5944],[32569000.1629,5881234.4962],[32568986.5517,5881210.1153],[32568977.0552,5881189.6235],[32568973.6135,5881176.9379],[32568953.1322,5881101.4477],[32568946.8157,5881083.6661],[32568940.1928,5881069.685],[32568928.8223,5881045.6814],[32568921.8248,5881022.6907],[32568920.0753,5881010.1956],[32568920.325,5880997.7006],[32568925.9745,5880973.3628],[32568930.0706,5880955.7171],[32568935.3181,5880923.23],[32568935.3176,5880893.7417],[32568932.3187,5880881.7465],[32568927.0706,5880872.2503],[32568919.0737,5880865.2532],[32568908.8277,5880859.2558],[32568871.4491,5880842.5197],[32568858.5973,5880836.7654],[32568839.1048,5880823.7709],[32568824.8602,5880805.7782],[32568801.8139,5880761.2766],[32568795.8709,5880749.8009],[32568786.8743,5880736.8062],[32568774.629,5880728.3098],[32568767.3819,5880725.8109],[32568751.888,5880722.8123],[32568736.3941,5880722.3127],[32568727.6476,5880726.811],[32568721.4002,5880732.309],[32568714.9029,5880745.3039],[32568713.6539,5880778.7906],[32568720.9014,5880803.7806],[32568730.3979,5880822.7729],[32568743.1431,5880840.2658],[32568776.025,5880874.3963],[32568821.7776,5880921.8861],[32568834.6082,5880937.2259],[32568853.3512,5880968.7131],[32568861.8481,5880987.7054],[32568875.8431,5881027.1896],[32568887.5891,5881078.6689],[32568892.4428,5881134.2809],[32568896.8369,5881184.6267],[32568903.0851,5881230.6084],[32568907.3337,5881249.101],[32568920.3291,5881288.5851],[32568937.8227,5881332.0676],[32568969.002,5881398.0918],[32568976.0587,5881413.0348],[32568989.0541,5881451.0196],[32569009.7969,5881525.9895],[32569013.9038,5881528.1553],[32569060.0274,5881552.4782],[32569128.5009,5881596.9595],[32569149.7427,5881613.9525],[32569201.9726,5881662.4324],[32569228.7125,5881692.9199],[32569249.7046,5881724.4071],[32569264.4492,5881757.3938],[32569273.1962,5881789.381],[32569275.9455,5881818.8692],[32569272.6972,5881845.3587],[32569263.4512,5881868.8495],[32569255.349,5881882.4228],[32569234.2134,5881917.8305],[32569227.4663,5881932.8247],[32569222.4685,5881949.3182],[32569217.9708,5881985.8038],[32569220.4705,5882037.2833],[32569219.7212,5882063.273],[32569212.4745,5882095.2604],[32569206.4771,5882110.2545],[32569199.2301,5882123.2495],[32569181.9873,5882146.2406],[32569140.5043,5882184.7259],[32569049.5412,5882247.7023],[32569036.5464,5882252.7005],[32569015.3049,5882256.6992],[32568990.0648,5882248.7028],[32568954.3289,5882245.2047],[32568914.3448,5882247.2045],[32568894.3528,5882251.2032],[32568875.3604,5882257.7009],[32568839.3749,5882274.6947],[32568772.1699,5882315.3727],[32568744.4133,5882332.1733],[32568722.9219,5882339.1708],[32568691.1845,5882342.1701],[32568682.6879,5882341.6704],[32568674.0441,5882339.6654],[32568602.9692,5882323.179],[32568564.3123,5882318.4548],[32568513.0047,5882312.1847],[32568452.4833,5882300.7356],[32568439.0339,5882298.1913],[32568425.7891,5882297.1919],[32568389.0537,5882300.6911],[32568368.0139,5882306.2053],[32568352.8182,5882310.1878],[32568320.0812,5882313.1871],[32568299.4763,5882312.2357],[32568298.1527,5882312.1746],[32568211.874,5882308.1907],[32568172.8894,5882303.6931],[32568163.3931,5882300.6944],[32568129.5926,5882270.7783],[32568104.6657,5882248.7159],[32568097.4185,5882243.2182],[32568085.0679,5882237.2442],[32568046.4384,5882224.7263],[32567954.7245,5882202.7364],[32567928.4847,5882193.2406],[32567913.0476,5882186.0983],[32567894.9978,5882177.7472],[32567867.0088,5882168.2514],[32567835.0214,5882163.7537],[32567819.5275,5882164.2537],[32567804.2836,5882166.7529],[32567759.5515,5882178.7488],[32567714.8194,5882194.7432],[32567661.0911,5882219.2342],[32567639.8495,5882217.7351],[32567618.6079,5882218.7351],[32567607.8622,5882219.7348],[32567585.6211,5882225.233],[32567562.8802,5882234.2297],[32567553.6339,5882240.2275],[32567546.137,5882247.2248],[32567540.3894,5882255.7215],[32567533.6424,5882276.7133],[32567532.643,5882289.7082],[32567534.8925,5882319.1964],[32567541.1404,5882349.1844],[32567550.3872,5882378.1728],[32567568.0057,5882417.9066],[32567573.8786,5882431.1514],[32567576.8776,5882443.6464],[32567577.3775,5882456.1414],[32567575.6284,5882468.1367],[32567571.3802,5882480.132],[32567564.883,5882492.1273],[32567555.6368,5882504.1227],[32567544.1415,5882515.6183],[32567531.1468,5882525.6145],[32567517.9022,5882533.1117],[32567493.412,5882542.6083],[32567468.1721,5882546.6071],[32567403.4472,5882509.1229],[32567315.2315,5882464.1421],[32567287.9921,5882448.1489],[32567251.2563,5882420.6603],[32567230.7641,5882398.6694],[32567225.2661,5882387.6738],[32567223.0169,5882377.178],[32567223.0167,5882367.182],[32567228.2644,5882347.6896],[32567241.2589,5882322.6994],[32567265.6632,5882298.8533],[32567273.9955,5882290.7116],[32567287.4899,5882273.2183],[32567292.2379,5882262.7224],[32567294.2369,5882252.2266],[32567292.4873,5882232.2345],[32567285.9897,5882214.2418],[32567278.4924,5882200.2474],[32567262.9983,5882180.2556],[32567191.2756,5882098.2892],[32567155.0393,5882050.8086],[32567102.8089,5881976.8388],[32567072.3203,5881923.3605],[32567061.5742,5881898.3705],[32567054.3268,5881875.3798],[32567049.8282,5881853.8884],[32567046.8289,5881814.9039],[32567050.5765,5881752.9285],[32567049.8267,5881741.433],[32567047.0776,5881732.4367],[32567043.329,5881726.4391],[32567038.8308,5881721.941],[32567026.3356,5881717.4429],[32567015.3397,5881696.9512],[32566998.8459,5881674.4604],[32566979.1035,5881651.9696],[32566937.8678,5881611.5898],[32566904.4563,5881583.1617],[32566984.5611,5875834.9186],[32567001.2021,5875826.5532],[32567069.4875,5875792.2261],[32567143.9562,5875757.808],[32567165.4476,5875750.3106],[32567186.9391,5875748.3111],[32567205.1819,5875751.8095],[32567211.9293,5875756.3076],[32567217.4272,5875762.3051],[32567225.4242,5875778.7984],[32567231.1723,5875803.2886],[32567232.4222,5875833.7765],[32567227.1748,5875867.7631],[32567222.6768,5875885.2562],[32567210.682,5875921.2421],[32567194.6889,5875955.7286],[32567169.9491,5875988.7159],[32567110.2237,5876055.1904],[32567086.7335,5876089.1772],[32567082.4853,5876099.1733],[32567082.4854,5876105.1709],[32567085.5328,5876107.3476],[32567085.9841,5876107.6699],[32567092.2316,5876107.6698],[32567127.4674,5876094.1746],[32567154.7064,5876078.1806],[32567188.1928,5876055.689],[32567239.9218,5876014.7045],[32567256.6649,5875998.7106],[32567291.9004,5875958.726],[32567340.3802,5875892.2517],[32567362.1211,5875856.2656],[32567371.3672,5875837.273],[32567419.3466,5875722.8178],[32567442.5865,5875655.844],[32567447.5841,5875628.8547],[32567450.3326,5875599.3664],[32567450.3322,5875569.8781],[32567448.1328,5875550.6858],[32567444.8337,5875521.8972],[32567447.5823,5875501.4053],[32567454.5793,5875483.4123],[32567459.3273,5875476.4151],[32567465.0518,5875470.198],[32567551.8232,5875375.9598],[32567598.77,5875324.9731],[32567613.264,5875311.9781],[32567641.0028,5875291.4858],[32567690.7326,5875261.9968],[32567701.2284,5875253.0002],[32567710.4745,5875240.505],[32567724.7184,5875208.0177],[32567734.9639,5875172.5316],[32567776.4449,5874989.1039],[32567791.8437,5874910.4456],[32567808.9297,5874823.1693],[32567826.9217,5874760.194],[32567837.4171,5874730.2058],[32567860.4073,5874680.2253],[32567872.4023,5874661.7325],[32567904.8554,5874621.0219],[32567971.6113,5874537.2804],[32568013.7322,5874472.1709],[32568054.9339,5874408.4822],[32568104.8057,5874335.3586],[32568140.7906,5874279.3803],[32568203.5143,5874173.4215],[32568242.7476,5874088.4546],[32568259.4903,5874041.473],[32568265.2377,5874017.4825],[32568267.9863,5873994.9914],[32568266.4865,5873970.5011],[32568259.9887,5873941.5127],[32568238.9962,5873881.5368],[32568201.5109,5873800.5716],[32568182.7668,5873760.0859],[32568172.2705,5873728.0988],[32568170.0212,5873714.1044],[32568169.7709,5873688.6145],[32568175.0186,5873666.1234],[32568180.2663,5873656.1272],[32568188.2631,5873647.6305],[32568199.0087,5873640.6331],[32568213.0031,5873635.6349],[32568229.4965,5873632.6358],[32568264.2327,5873630.6361],[32568316.4621,5873635.6334],[32568401.678,5873612.6412],[32568436.0863,5873605.7206],[32568491.1423,5873594.647],[32568563.8632,5873573.1545],[32568572.1098,5873566.6569],[32568578.3572,5873558.66],[32568582.8553,5873549.6635],[32568587.6032,5873530.671],[32568587.6029,5873514.1775],[32568577.8559,5873450.7029],[32568576.3561,5873420.7148],[32568577.6054,5873407.72],[32568580.6041,5873396.7243],[32568584.8523,5873387.7278],[32568590.5999,5873380.7305],[32568597.5971,5873375.7324],[32568605.8437,5873372.7334],[32568614.8402,5873370.7341],[32568624.5863,5873370.734],[32568694.4203,5873385.8056],[32568746.1528,5873396.9705],[32568764.8236,5873399.0775],[32568834.4166,5873456.0155],[32568887.6959,5873474.6624],[32568948.9668,5873464.0057],[32568999.5817,5873448.0212],[32569039.5406,5873413.3892],[32569050.1961,5873386.7495],[32569050.1956,5873352.1181],[32569039.5394,5873325.4787],[32569018.6982,5873309.8483],[32569005.6839,5873271.7676],[32568984.4417,5873228.785],[32568971.1967,5873207.2937],[32568941.4579,5873167.8098],[32568924.2145,5873149.3174],[32568885.7292,5873114.8317],[32568840.9965,5873081.3457],[32568815.7563,5873066.352],[32568788.7668,5873054.857],[32568733.0387,5873038.8641],[32568691.309,5873030.3533],[32568644.8234,5873020.8726],[32568631.0788,5873015.375],[32568605.8386,5872998.3821],[32568594.8428,5872987.8865],[32568577.8492,5872965.3956],[32568572.1013,5872954.4001],[32568568.8525,5872944.9039],[32568568.1026,5872934.4081],[32568569.8518,5872922.9126],[32568578.5979,5872894.9236],[32568588.4839,5872870.8525],[32568613.0831,5872810.9564],[32568628.0763,5872752.9793],[32568633.0738,5872715.9939],[32568633.8231,5872684.5064],[32568628.8247,5872655.5179],[32568615.3295,5872616.0338],[32568605.6478,5872595.9324],[32572351.5768,5872652.4475],[32572353.227,5872670.4713],[32572350.4001,5872697.3835],[32572340.6727,5872725.7808],[32572323.132,5872757.5238],[32572298.9513,5872788.04],[32572283.7666,5872802.6174],[32572253.1336,5872826.7413],[32572203.4108,5872853.8855],[32572178.4208,5872860.8831],[32572154.6802,5872861.3833],[32572137.3256,5872856.1934],[32572127.9407,5872853.3868],[32572109.448,5872855.3863],[32572075.2118,5872867.3821],[32571930.0201,5872925.861],[32571887.0374,5872941.3555],[32571858.2989,5872948.3532],[32571804.3204,5872958.35],[32571776.8314,5872967.8467],[32571763.3369,5872974.8441],[32571751.5916,5872983.3409],[32571733.8489,5873002.8334],[32571728.3513,5873013.8291],[32571725.6025,5873024.325],[32571725.3527,5873034.8209],[32571728.3517,5873044.8168],[32571722.312,5873044.0301],[32571663.1274,5873036.3212],[32571628.1413,5873034.8223],[32571598.7345,5873035.3226],[32571539.9262,5873036.3231],[32571491.4455,5873039.3226],[32571478.7005,5873038.3232],[32571469.704,5873033.3253],[32571464.2061,5873025.3286],[32571460.9573,5873015.3326],[32571459.4402,5872984.9996],[32571458.7075,5872970.3505],[32571452.2099,5872952.8575],[32571442.9634,5872944.8608],[32571436.466,5872942.8617],[32571420.4723,5872943.8616],[32571408.2273,5872950.859],[32571399.9807,5872962.3545],[32571392.3835,5872982.8813],[32571385.7369,5873000.8395],[32571375.4912,5873022.3311],[32571362.2468,5873045.3221],[32571347.0031,5873065.8142],[32571323.2629,5873089.3053],[32571257.6069,5873143.8308],[32571251.0423,5873149.2825],[32571268.5354,5873151.2815],[32571300.5229,5873160.7772],[32571325.5131,5873172.7721],[32571341.5069,5873182.7679],[32571378.2421,5873166.2739],[32571412.7283,5873155.2777],[32571430.4712,5873151.7788],[32571447.2146,5873150.779],[32571478.2023,5873153.7773],[32571506.1914,5873161.7737],[32571529.9322,5873177.2672],[32571540.1783,5873188.2627],[32571548.6751,5873201.2574],[32571555.9224,5873217.251],[32571561.6704,5873235.7435],[32571569.168,5873276.2273],[32571571.6675,5873314.712],[32571569.6687,5873343.7005],[32571566.4202,5873356.6954],[32571548.9279,5873410.1744],[32571539.8788,5873434.2163],[32571532.1851,5873454.657],[32571445.4699,5873484.1466],[32571426.7275,5873493.6431],[32571406.7356,5873506.6383],[32571385.994,5873523.6318],[32571367.0018,5873543.6242],[32571337.4355,5873590.3092],[32571329.0177,5873603.6009],[32571310.0256,5873627.5917],[32571298.7802,5873638.0877],[32571272.2909,5873654.0817],[32571221.3114,5873676.0738],[32571184.826,5873688.0696],[32571116.5992,5873702.1041],[32571070.6216,5873711.5619],[32570996.1515,5873736.0533],[32570908.6866,5873771.0408],[32570884.9462,5873784.036],[32570851.2099,5873807.5271],[32570835.7161,5873809.5266],[32570814.7244,5873809.5269],[32570803.2289,5873808.0277],[32570791.9833,5873804.5292],[32570781.7373,5873798.5317],[32570761.2452,5873780.0394],[32570714.0374,5873725.2656],[32570695.7701,5873704.0706],[32570676.5274,5873684.5786],[32570666.7812,5873677.0817],[32570645.7893,5873664.0872],[32570620.5492,5873653.5917],[32570547.8277,5873633.101],[32570478.3551,5873620.607],[32570454.3646,5873618.1083],[32570407.3832,5873617.6092],[32570369.3983,5873622.6078],[32570315.6698,5873635.6034],[32570271.1875,5873640.6021],[32570248.6965,5873647.5997],[32570240.1999,5873652.5978],[32570234.7022,5873658.0957],[32570232.9529,5873664.0934],[32570235.9519,5873675.5888],[32570239.2007,5873679.5871],[32570248.9469,5873685.0848],[32570269.9402,5873686.1722],[32570297.1778,5873687.5831],[32570353.1558,5873696.5787],[32570376.9694,5873701.7999],[32570403.0529,5873707.5188],[32570428.3762,5873713.071],[32570458.8839,5873718.8301],[32570460.4706,5873719.1296],[32570513.0928,5873729.0634],[32570535.3341,5873737.5597],[32570580.5665,5873763.0489],[32570612.3043,5873785.0396],[32570639.5438,5873806.5307],[32570672.5312,5873840.5167],[32570682.2775,5873853.0116],[32570697.7717,5873877.5016],[32570703.2697,5873888.997],[32570708.5179,5873909.9886],[32570707.2686,5873929.4809],[32570704.7698,5873937.9775],[32570701.0214,5873946.4742],[32570690.2758,5873960.4688],[32570676.0316,5873970.4651],[32570667.2851,5873972.9642],[32570647.0431,5873971.9649],[32570622.8026,5873966.4674],[32570511.1117,5873925.5372],[32570479.3779,5873913.908],[32570446.8715,5873901.9957],[32570408.1366,5873890.001],[32570395.1418,5873888.002],[32570371.6511,5873888.5022],[32570361.905,5873891.5011],[32570354.6579,5873896.9991],[32570349.66,5873904.4961],[32570347.9109,5873914.4922],[32570349.6603,5873927.487],[32570354.4087,5873941.9812],[32570368.9033,5873969.4701],[32570378.8995,5873981.9649],[32570390.3951,5873992.9604],[32570403.64,5874002.9562],[32570418.3843,5874010.9528],[32570451.8711,5874021.4482],[32570487.607,5874026.4456],[32570536.3378,5874027.9443],[32570566.2289,5874026.6582],[32570582.8193,5874025.9444],[32570622.0538,5874029.9422],[32570644.0452,5874036.9391],[32570657.54,5874048.4344],[32570662.0383,5874055.4315],[32570665.537,5874062.4287],[32570668.0363,5874078.4223],[32570666.537,5874086.9189],[32570663.0385,5874094.9158],[32570657.2909,5874102.9127],[32570617.8071,5874142.3976],[32570563.0794,5874189.8796],[32570533.8413,5874208.8725],[32570510.1008,5874216.8697],[32570484.6109,5874221.3683],[32570458.8711,5874221.8685],[32570434.6307,5874216.371],[32570412.6393,5874206.3753],[32570392.8969,5874193.8806],[32570383.6505,5874186.3837],[32570374.404,5874178.8868],[32570331.5733,5874134.4711],[32570320.4246,5874122.9098],[32570300.9321,5874106.4167],[32570278.191,5874093.922],[32570205.9692,5874062.4356],[32570110.7563,5874016.9551],[32570085.766,5874003.9606],[32570059.8708,5873987.7008],[32570048.8412,5873980.0969],[32569990.7012,5873940.0149],[32569964.5629,5873921.995],[32569946.5699,5873913.4986],[32569937.8233,5873911.4995],[32569929.8265,5873911.4997],[32569923.8289,5873913.9988],[32569920.5803,5873920.4962],[32569921.0802,5873930.9921],[32569928.0778,5873953.9828],[32569939.3236,5873973.4749],[32569949.125,5873987.9504],[32569971.8114,5874021.4554],[32569979.5585,5874035.9495],[32569983.807,5874049.4441],[32569985.0567,5874061.9391],[32569983.3076,5874073.4345],[32569978.8095,5874083.9304],[32569972.0623,5874093.4268],[32569963.066,5874101.9235],[32569919.0838,5874128.4137],[32569889.6925,5874144.9118],[32569827.3708,5874179.8946],[32569817.6643,5874179.4239],[32569798.397,5874177.9229],[32569778.1125,5874176.3426],[32569753.1502,5874174.3979],[32569746.4028,5874174.398],[32569739.9054,5874174.3981],[32569732.4084,5874174.3982],[32569725.1613,5874174.3983],[32569692.1743,5874171.8998],[32569663.4356,5874164.4032],[32569590.7141,5874139.914],[32569512.4789,5874124.841],[32569461.0151,5874114.9259],[32569406.7864,5874098.9331],[32569371.0504,5874084.4393],[32569341.3119,5874067.4465],[32569321.6861,5874052.3686],[32569300.3277,5874035.9597],[32569291.0813,5874030.9618],[32569281.3351,5874027.4633],[32569271.0892,5874026.4639],[32569259.8436,5874027.9634],[32569249.3479,5874031.4622],[32569241.8509,5874035.9605],[32569236.3532,5874042.458],[32569232.8546,5874049.9551],[32569228.8565,5874070.447],[32569224.3589,5874115.929],[32569225.609,5874154.4137],[32569227.8584,5874174.9056],[32569236.1059,5874229.3838],[32569243.1035,5874256.8728],[32569257.8481,5874292.8583],[32569289.5864,5874356.3326],[32569361.5592,5874452.2934],[32569404.0431,5874500.7735],[32569422.2862,5874527.7625],[32569434.2818,5874555.7512],[32569438.2805,5874570.7452],[32569442.7791,5874600.7332],[32569442.2797,5874629.7217],[32569435.2828,5874654.2121],[32569429.5352,5874665.2078],[32569413.5419,5874684.7003],[32569403.0461,5874693.6969],[32569390.5512,5874701.1941],[32569375.3073,5874707.192],[32569340.8211,5874715.1893],[32569290.5911,5874723.1869],[32569252.8562,5874732.6837],[32569212.1224,5874736.6827],[32569148.1478,5874737.1834],[32569137.6519,5874739.1828],[32569119.4093,5874745.6805],[32569104.4154,5874756.6764],[32569092.6702,5874771.6706],[32569089.1717,5874779.6675],[32569087.6724,5874786.6647],[32569090.4215,5874799.1597],[32569100.6675,5874807.1564],[32569108.9143,5874809.1554],[32569137.6529,5874810.6544],[32569257.6053,5874805.6546],[32569323.829,5874797.6568],[32569364.5627,5874787.6602],[32569401.0481,5874774.6648],[32569431.7856,5874758.6707],[32569446.5297,5874749.1742],[32569513.5025,5874701.1923],[32569550.7372,5874667.2052],[32569557.4844,5874655.7097],[32569561.9824,5874641.2154],[32569564.7311,5874624.7219],[32569565.4803,5874588.7362],[32569563.9807,5874571.2431],[32569558.4824,5874540.2555],[32569554.4838,5874526.2611],[32569526.4937,5874443.2945],[32569505.3761,5874431.9239],[32569497.2557,5874427.5515],[32569476.1421,5874416.1831],[32569471.2637,5874413.5564],[32569455.0215,5874404.8109],[32569454.4564,5874399.2683],[32569449.7729,5874353.3314],[32569444.5247,5874330.8404],[32569445.0243,5874317.3457],[32569450.0221,5874303.851],[32569459.5182,5874291.3558],[32569466.0155,5874286.8575],[32569475.2618,5874283.3588],[32569506.2495,5874279.3599],[32569549.9821,5874278.3597],[32569655.4404,5874281.8567],[32569700.4226,5874287.3538],[32569719.4152,5874291.352],[32569748.5225,5874298.9841],[32569831.871,5874320.8386],[32569831.5337,5874324.3618],[32569829.6222,5874344.3293],[32569900.3445,5874367.8189],[32569921.1419,5874375.9462],[32569943.8275,5874384.8115],[32570000.1106,5874400.3161],[32570083.5227,5874423.2941],[32570166.2403,5874450.2821],[32570189.4812,5874460.2778],[32570200.2271,5874467.7747],[32570210.973,5874478.7702],[32570221.8659,5874493.6759],[32570229.9658,5874504.7596],[32570245.4599,5874522.7522],[32570263.4529,5874535.7467],[32570283.695,5874541.7441],[32570304.6867,5874539.7445],[32570313.1833,5874537.2454],[32570325.6782,5874530.248],[32570335.1743,5874520.7516],[32570350.1681,5874501.2591],[32570366.6613,5874485.2652],[32570397.1489,5874462.2739],[32570426.3871,5874443.7808],[32570436.633,5874439.7823],[32570457.6246,5874434.7839],[32570477.1169,5874434.7836],[32570491.8611,5874438.7818],[32570497.359,5874442.2804],[32570505.3559,5874450.7769],[32570509.3545,5874461.7724],[32570509.1048,5874477.2663],[32570505.2731,5874496.4263],[32570502.6078,5874509.7535],[32570499.8592,5874532.7444],[32570501.6088,5874556.235],[32570505.1076,5874567.7304],[32570510.6056,5874578.726],[32570518.1028,5874588.2221],[32570526.5995,5874594.2196],[32570536.0957,5874597.2182],[32570546.3417,5874597.2181],[32570556.5876,5874594.7189],[32570566.5836,5874590.7204],[32570576.0797,5874584.2228],[32570584.5763,5874576.7257],[32570593.0727,5874565.7299],[32570613.0643,5874532.2429],[32570653.797,5874447.7758],[32570671.2898,5874424.7847],[32570716.7711,5874379.3021],[32570743.7601,5874355.811],[32570779.9954,5874329.321],[32570793.24,5874317.8253],[32570799.6097,5874310.4281],[32570808.7336,5874299.8323],[32570813.7315,5874296.8334],[32570824.7272,5874294.3342],[32570830.4749,5874295.3337],[32570835.473,5874299.3321],[32570843.2201,5874312.8266],[32570847.7186,5874331.819],[32570853.2165,5874342.3147],[32570858.9643,5874347.8124],[32570878.7066,5874358.308],[32570926.1881,5874376.7999],[32570952.4278,5874382.7972],[32570964.9228,5874381.7974],[32570970.9204,5874379.7981],[32570980.9163,5874371.3013],[32570983.4152,5874365.3036],[32570984.1648,5874357.3068],[32570972.4186,5874295.3316],[32570955.9231,5874148.89],[32570953.6734,5874101.4089],[32570953.6724,5874031.4367],[32570968.6661,5874007.9458],[32570991.9065,5873977.4575],[32571022.6439,5873947.9688],[32571039.637,5873936.4731],[32571095.1146,5873907.4838],[32571115.1066,5873898.9868],[32571158.0894,5873884.9918],[32571181.0802,5873880.4932],[32571204.8207,5873877.9938],[32571229.5609,5873877.4937],[32571362.2584,5873883.9891],[32571390.997,5873883.9887],[32571437.9785,5873891.9848],[32571527.1166,5873911.6462],[32571539.9384,5873914.4743],[32571534.4408,5873927.969],[32571535.6905,5873943.4629],[32571539.4392,5873953.9586],[32571569.178,5874001.4393],[32571585.1722,5874034.9258],[32571593.4193,5874061.4151],[32571592.4199,5874077.9086],[32571585.173,5874094.4022],[32571571.4286,5874108.3968],[32571561.9325,5874113.8948],[32571507.4544,5874137.8861],[32571493.7099,5874144.8835],[32571482.2146,5874152.8805],[32571473.7181,5874161.3772],[32571469.4699,5874169.8739],[32571467.7208,5874187.367],[32571469.2203,5874194.864],[32571471.9693,5874200.8616],[32571476.4676,5874205.8595],[32571482.4653,5874209.3581],[32571490.4621,5874210.3575],[32571500.2083,5874209.8576],[32571512.628,5874207.0586],[32571535.6941,5874201.8602],[32571561.6837,5874197.8614],[32571587.9234,5874199.3604],[32571612.9136,5874208.3565],[32571636.4045,5874222.8504],[32571647.6501,5874231.8466],[32571657.8962,5874242.8421],[32571675.8895,5874269.3313],[32571689.3846,5874302.8178],[32571699.631,5874334.3052],[32571708.3781,5874380.2868],[32571709.6281,5874412.2741],[32571707.6291,5874430.7667],[32571696.1343,5874471.2508],[32571666.9193,5874541.7867],[32571661.1493,5874555.7178],[32571622.4156,5874622.6918],[32571616.1682,5874635.6867],[32571612.9197,5874646.6824],[32571613.6695,5874654.6792],[32571618.4177,5874659.6772],[32571634.4113,5874659.6769],[32571655.6528,5874650.1804],[32571677.144,5874634.1864],[32571686.3903,5874625.1899],[32571705.8822,5874598.7001],[32571726.8733,5874561.7145],[32571746.8648,5874520.2306],[32571768.3555,5874460.2541],[32571773.3532,5874439.7622],[32571780.1,5874397.7788],[32571781.5988,5874355.2956],[32571780.0991,5874334.8038],[32571771.8518,5874296.819],[32571758.3567,5874262.3329],[32571743.862,5874231.3454],[32571733.8656,5874204.3563],[32571731.6163,5874191.8613],[32571731.866,5874178.8664],[32571741.6115,5874127.8865],[32571766.1006,5874044.4193],[32571787.8412,5873986.9418],[32571807.083,5873948.9566],[32571817.5787,5873933.4626],[32571828.5741,5873920.9674],[32571840.0694,5873911.9708],[32571864.3097,5873901.9744],[32571877.3045,5873899.975],[32571890.7992,5873900.4746],[32571919.288,5873905.4722],[32571950.5257,5873916.4673],[32571967.769,5873925.9633],[32572024.3131,5873964.7082],[32572057.4843,5873987.4375],[32572088.7222,5874004.9301],[32572104.9659,5874011.9271],[32572139.4523,5874022.4224],[32572156.9454,5874024.4214],[32572174.6884,5874024.9209],[32572191.9315,5874022.4216],[32572208.6748,5874016.9236],[32572224.4185,5874008.9265],[32572238.1629,5873998.9303],[32572249.9081,5873987.4346],[32572259.9039,5873974.9395],[32572268.1505,5873961.4447],[32572274.3978,5873946.9504],[32572278.8958,5873931.9562],[32572282.8938,5873900.9685],[32572285.2135,5873860.6319],[32572289.3897,5873788.0132],[32572296.1367,5873770.0203],[32572301.6344,5873761.5236],[32572308.8814,5873753.5266],[32572318.1277,5873746.5293],[32572343.1176,5873734.5337],[32572378.6034,5873724.0373],[32572463.3195,5873702.5446],[32572559.5324,5873774.0147],[32572586.7719,5873797.505],[32572610.0131,5873821.9949],[32572632.0047,5873849.9835],[32572649.7481,5873878.9717],[32572660.4942,5873906.4606],[32572665.4926,5873933.4498],[32572666.7425,5873959.9393],[32572665.7431,5873972.4343],[32572660.4954,5873994.4257],[32572649.75,5874013.4183],[32572636.0085,5874032.1734],[32572591.5241,5874092.8876],[32572568.034,5874130.3731],[32572558.0382,5874149.3657],[32572541.2954,5874187.8507],[32572529.3006,5874221.8373],[32572522.8035,5874249.3265],[32572507.0601,5874268.3192],[32572493.5658,5874295.8085],[32572482.3207,5874328.7956],[32572473.0748,5874363.7818],[32572460.8306,5874428.7562],[32572455.0278,5874472.3702],[32572444.3389,5874552.7072],[32572428.0967,5874656.1664],[32572417.6014,5874693.1519],[32572409.8547,5874711.6446],[32572391.8623,5874746.631],[32572372.8703,5874774.1204],[32572364.1239,5874783.6167],[32572354.1279,5874791.1139],[32572325.3895,5874802.6098],[32572294.2027,5874811.0067],[32572247.4207,5874823.6026],[32572202.1889,5874843.0956],[32572185.4456,5874851.5924],[32572157.7069,5874870.0855],[32572149.2104,5874879.0821],[32572145.9618,5874887.5787],[32572147.4613,5874894.0761],[32572151.2098,5874898.0745],[32572163.9548,5874900.5733],[32572175.2639,5874900.2231],[32572228.5557,5874898.5731],[32572293.1535,5874896.573],[32572331.1384,5874893.0738],[32572376.5044,5874884.4167],[32572401.8602,5874879.5781],[32572418.8535,5874879.5778],[32572424.8512,5874882.0767],[32572430.0991,5874886.5749],[32572448.3423,5874911.5647],[32572462.3369,5874927.0583],[32572469.834,5874931.0566],[32572477.5809,5874931.5563],[32572484.0783,5874928.0576],[32572488.0767,5874922.5597],[32572490.0757,5874914.063],[32572489.5757,5874893.5712],[32572486.9285,5874876.2643],[32572483.0776,5874851.0882],[32572482.8276,5874841.0921],[32572485.8261,5874820.6002],[32572493.3229,5874801.6076],[32572499.0705,5874792.6111],[32572506.3175,5874783.6146],[32572515.0639,5874777.117],[32572525.0599,5874772.1189],[32572536.3054,5874769.6197],[32572559.2963,5874770.1192],[32572581.0378,5874775.6166],[32572610.7762,5874787.6114],[32572662.7557,5874801.6051],[32572679.4815,5874829.3524],[32572777.469,5874991.9085],[32572793.2071,5875018.0172],[32572819.6972,5875064.9981],[32572842.4389,5875112.4789],[32572851.1857,5875135.4697],[32572857.9333,5875157.9606],[32572862.182,5875179.452],[32572865.1813,5875220.4357],[32572862.9328,5875259.4203],[32572856.4358,5875294.4065],[32572846.94,5875323.8949],[32572832.9459,5875352.3838],[32572803.7082,5875401.3648],[32572781.7174,5875432.3528],[32572758.7268,5875459.3424],[32572711.2462,5875501.3265],[32572679.0093,5875524.3178],[32572654.0194,5875538.8125],[32572564.3721,5875584.9912],[32572513.3262,5875611.2858],[32572478.8401,5875628.2796],[32572424.8618,5875651.2713],[32572388.1265,5875660.768],[32572328.1504,5875672.2644],[32572305.6595,5875679.7617],[32572269.4241,5875698.2549],[32572255.9295,5875706.7518],[32572217.6951,5875735.241],[32572199.4526,5875757.2326],[32572188.2074,5875781.723],[32572181.4605,5875807.213],[32572169.9659,5875867.6892],[32572159.9703,5875901.6758],[32572145.7264,5875938.1615],[32572137.4799,5875955.1549],[32572123.0759,5875979.3544],[32572093.7483,5876028.6264],[32572061.5117,5876076.6078],[32572042.0198,5876100.0988],[32572020.0288,5876123.09],[32571995.039,5876143.5822],[32571968.7997,5876161.5755],[32571942.8102,5876176.5699],[32571892.8303,5876199.0617],[32571846.5988,5876212.5571],[32571825.3573,5876216.056],[32571784.8734,5876220.055],[32571736.8924,5876222.0549],[32571609.4429,5876223.0565],[32571559.9626,5876225.0564],[32571394.5283,5876240.0529],[32571360.292,5876246.5509],[32571312.811,5876260.546],[32571211.6016,5876296.5333],[32571172.8671,5876307.0297],[32571139.8802,5876309.5292],[32571103.3947,5876306.5309],[32571068.4084,5876300.034],[32571040.7853,5876291.9167],[32571007.1824,5876282.0421],[32570977.4442,5876282.0425],[32570955.9528,5876288.0405],[32570856.7427,5876324.5275],[32570820.2573,5876335.5236],[32570799.5155,5876340.0222],[32570742.0385,5876349.5193],[32570675.8148,5876358.0169],[32570557.8531,5876369.0393],[32570531.3723,5876371.5137],[32570462.3997,5876380.0113],[32570413.8014,5876393.4387],[32570379.183,5876403.0035],[32570331.0278,5876411.4914],[32570313.959,5876414.4999],[32570274.7247,5876427.4953],[32570235.2406,5876444.9889],[32570218.2475,5876453.4858],[32570206.2523,5876459.4836],[32570194.2572,5876465.4814],[32570167.0053,5876480.8166],[32570038.82,5876552.949],[32570002.0848,5876569.9428],[32569985.0916,5876575.9407],[32569968.0984,5876581.4388],[32569933.1124,5876588.9363],[32569896.8768,5876591.9357],[32569858.8918,5876590.9366],[32569839.6494,5876587.4383],[32569802.414,5876576.4432],[32569770.1766,5876562.4493],[32569745.936,5876547.9554],[32569700.7034,5876509.4713],[32569624.9824,5876440.9997],[32569512.2756,5876334.5436],[32569502.7792,5876318.0503],[32569495.0319,5876296.559],[32569484.7854,5876254.076],[32569483.7856,5876237.0828],[32569485.5348,5876229.0859],[32569493.7813,5876213.0921],[32569507.0258,5876198.0979],[32569522.7694,5876183.6034],[32569526.7677,5876175.6065],[32569528.0171,5876167.1099],[32569524.0184,5876150.6165],[32569519.5201,5876143.6193],[32569507.7746,5876131.6243],[32569500.2775,5876127.1262],[32569478.536,5876120.6291],[32569452.0465,5876116.1313],[32569420.358,5876114.8642],[32569402.0662,5876114.1328],[32569387.8218,5876110.6344],[32569356.3342,5876098.6396],[32569298.5464,5876067.4041],[32569273.1165,5876053.6588],[32569244.1278,5876041.1641],[32569228.384,5876036.1664],[32569195.8968,5876030.1692],[32569183.6516,5876030.6692],[32569178.4038,5876033.6681],[32569178.9036,5876039.1659],[32569183.9018,5876045.6633],[32569202.8944,5876061.1568],[32569235.358,5876079.2874],[32569296.8579,5876113.6346],[32569350.837,5876149.1197],[32569369.08,5876166.6125],[32569393.5708,5876196.1004],[32569405.0665,5876216.0923],[32569407.5656,5876224.5889],[32569407.5657,5876232.0859],[32569404.3171,5876238.0835],[32569389.8229,5876246.0806],[32569369.0812,5876250.5791],[32569347.5897,5876251.0792],[32569327.0978,5876249.5801],[32569254.6264,5876236.0866],[32569215.1419,5876225.0915],[32569198.1485,5876218.5944],[32569158.6639,5876197.1035],[32569104.4721,5876162.2826],[32569034.2121,5876117.1371],[32568991.7286,5876095.6463],[32568929.0031,5876068.6579],[32568856.2815,5876040.6701],[32568791.307,5876018.6798],[32568739.9596,5876007.0548],[32568698.5934,5875997.6896],[32568671.8539,5875989.1933],[32568659.6087,5875983.6957],[32568637.3673,5875969.7016],[32568610.2522,5875944.3366],[32568575.3911,5875911.7255],[32568549.6511,5875896.7319],[32568533.9072,5875892.2339],[32568498.921,5875887.7362],[32568463.9349,5875889.2361],[32568434.4467,5875894.7344],[32568406.208,5875905.2306],[32568356.9779,5875930.2215],[32568310.9965,5875959.7104],[32568299.0014,5875968.707],[32568281.0088,5875985.7006],[32568271.0129,5876000.6947],[32568268.764,5876014.1894],[32568273.5123,5876025.6848],[32568278.0105,5876029.1833],[32568290.5056,5876031.6821],[32568323.2426,5876027.1834],[32568394.2143,5876012.6881],[32568433.4487,5876009.1889],[32568477.4313,5876011.1875],[32568532.6595,5876022.1823],[32568594.8851,5876039.1746],[32568656.8608,5876060.6652],[32568753.5731,5876100.6478],[32568874.0261,5876153.625],[32568962.2417,5876196.6066],[32568991.9802,5876216.0984],[32569012.7222,5876235.5904],[32569019.9695,5876245.5863],[32569029.4661,5876268.577],[32569031.9654,5876294.0669],[32569029.7165,5876305.0625],[32569025.4683,5876314.5588],[32569019.4708,5876323.0556],[32569010.7324,5876331.5021],[32568975.2388,5876358.0423],[32568947.9998,5876371.5374],[32568898.2697,5876390.5306],[32568864.2834,5876401.5267],[32568833.7956,5876409.0242],[32568808.8055,5876412.0234],[32568767.3219,5876410.0248],[32568756.8261,5876410.0249],[32568696.5999,5876410.0258],[32568671.1207,5876407.7405],[32568601.8874,5876401.5306],[32568576.8973,5876404.5298],[32568569.9001,5876408.0285],[32568567.901,5876413.5264],[32568569.9003,5876419.524],[32568573.6489,5876424.5219],[32568579.3966,5876428.0204],[32568619.6309,5876442.5141],[32568626.6282,5876446.5124],[32568631.3764,5876452.5099],[32568635.8748,5876468.5035],[32568633.8761,5876504.9891],[32568635.8754,5876511.9862],[32568642.3729,5876514.985],[32568652.3689,5876515.9844],[32568709.0964,5876508.4865],[32568755.0782,5876510.4851],[32568786.5657,5876509.9848],[32568841.2939,5876501.9872],[32568921.012,5876481.9939],[32568954.3924,5876472.6924],[32569082.4474,5876437.0094],[32569123.1811,5876428.5121],[32569141.3928,5876427.6405],[32569168.1634,5876435.5087],[32569193.1537,5876450.5023],[32569205.1491,5876460.998],[32569215.6451,5876472.9931],[32569224.6417,5876486.4876],[32569229.64,5876501.9814],[32569230.14,5876519.9742],[32569226.6417,5876538.4669],[32569220.1445,5876557.9593],[32569211.898,5876576.9518],[32569186.1589,5876624.4334],[32569178.4121,5876634.9293],[32569169.9156,5876642.9263],[32569128.9322,5876666.9174],[32569096.1955,5876692.9075],[32569086.9492,5876698.4055],[32569070.9557,5876703.9035],[32569049.2143,5876707.4025],[32569034.7202,5876714.3999],[32569025.2241,5876724.8959],[32569021.7256,5876735.8916],[32569024.7246,5876745.8876],[32569033.4712,5876752.8846],[32569048.3657,5876756.8437],[32569072.9557,5876763.3799],[32569082.7019,5876771.3766],[32569091.6986,5876790.3689],[32569102.8749,5876825.1856],[32569117.6895,5876871.3363],[32569122.1878,5876879.3331],[32569127.1859,5876884.331],[32569131.934,5876886.3302],[32569136.7737,5876886.3301],[32569136.932,5876886.3301],[32569146.4282,5876880.3323],[32569157.1737,5876866.3377],[32569220.1473,5876757.8799],[32569246.6361,5876708.8989],[32569269.0874,5876651.692],[32569283.1204,5876615.9353],[32569288.618,5876605.4394],[32569296.1149,5876595.943],[32569307.6102,5876585.447],[32569339.0975,5876564.4549],[32569376.0825,5876546.4615],[32569394.5751,5876539.464],[32569412.0681,5876534.9655],[32569430.061,5876531.9665],[32569473.7936,5876529.4668],[32569523.0241,5876531.4653],[32569547.7643,5876533.9639],[32569572.0048,5876538.4618],[32569617.9867,5876551.4559],[32569643.2269,5876561.9514],[32569694.7068,5876586.9407],[32569788.1705,5876640.9178],[32569813.4108,5876659.4101],[32569837.1517,5876679.4018],[32569857.144,5876698.8938],[32569871.1387,5876717.3862],[32569876.1369,5876727.882],[32569882.8845,5876750.3729],[32569887.0147,5876772.212],[32569897.6298,5876828.3418],[32569905.1272,5876857.8299],[32569915.1237,5876887.8179],[32569934.8664,5876927.3019],[32569964.1054,5876969.2848],[32569984.5981,5877028.2611],[32569992.7896,5877057.3098],[32569995.2449,5877066.0167],[32570008.8397,5877114.2266],[32570010.3394,5877136.7176],[32570008.8402,5877151.2119],[32570001.3437,5877193.6951],[32569983.3519,5877268.6656],[32569970.6075,5877309.6495],[32569957.6131,5877343.1364],[32569927.1261,5877408.1111],[32569915.7626,5877428.5058],[32569851.6579,5877543.5584],[32569762.6082,5877712.2513],[32569762.6086,5877737.9566],[32569766.6148,5877753.9808],[32569780.6362,5877761.9927],[32569824.2483,5877774.8191],[32569869.404,5877764.9702],[32569886.897,5877762.9708],[32569919.3323,5877763.5698],[32569932.6289,5877764.9693],[32569960.7439,5877770.7704],[32569995.6041,5877777.9632],[32570013.3471,5877777.4631],[32570018.8448,5877771.4654],[32570019.0947,5877765.9676],[32570016.8454,5877757.9708],[32570011.0976,5877747.9749],[32569993.3543,5877722.985],[32569958.7704,5877682.1731],[32569953.1195,5877675.5045],[32569939.6246,5877655.0128],[32569926.1296,5877628.0238],[32569920.3817,5877613.5296],[32569913.384,5877584.0414],[32569912.884,5877570.047],[32569918.1316,5877542.058],[32569932.1825,5877506.2723],[32569952.8666,5877453.5926],[32569981.1045,5877392.6164],[32570017.5418,5877326.7376],[32570043.5609,5877279.6949],[32570056.5727,5877256.1695],[32570073.0658,5877229.1799],[32570084.0612,5877214.6855],[32570111.7999,5877187.196],[32570141.7877,5877163.7049],[32570170.2134,5877144.3373],[32570187.2692,5877132.7165],[32570191.5175,5877128.7181],[32570196.0156,5877119.7216],[32570196.5153,5877114.7236],[32570193.2664,5877104.7276],[32570186.0192,5877094.7317],[32570176.023,5877087.2348],[32570164.2776,5877081.2373],[32570149.9673,5877076.8883],[32570113.2976,5877065.7443],[32570101.5522,5877061.2462],[32570089.8068,5877056.7482],[32570067.5654,5877045.2531],[32570057.5693,5877037.7562],[32570039.5761,5877016.7648],[32570016.8346,5876977.7806],[32570016.0843,5876934.2979],[32570010.3361,5876898.8121],[32570006.0869,5876838.836],[32570005.8365,5876802.8503],[32570010.0843,5876762.3663],[32570020.0797,5876717.384],[32570034.8232,5876672.4016],[32570043.8194,5876650.91],[32570064.0608,5876612.425],[32570076.3057,5876595.9314],[32570090.0501,5876581.4369],[32570121.0375,5876556.9462],[32570173.5162,5876525.9577],[32570193.2583,5876516.961],[32570239.2398,5876500.4669],[32570312.2106,5876480.9735],[32570453.5104,5876453.4479],[32570494.3879,5876445.4849],[32570578.4469,5876426.1555],[32570609.5919,5876418.9937],[32570655.5736,5876414.4948],[32570732.0433,5876415.993],[32570755.9422,5876414.0325],[32570811.2619,5876409.4944],[32570893.4792,5876406.9942],[32570966.4504,5876411.4913],[32570997.8649,5876415.6307],[32571030.9249,5876419.9869],[32571075.9071,5876420.4861],[32571098.1483,5876416.9871],[32571163.872,5876401.9921],[32571290.8212,5876366.5043],[32571303.8021,5876370.9008],[32571304.3518,5876371.087],[32571321.8059,5876376.9985],[32571355.9074,5876388.5484],[32571358.5987,5876389.4599],[32571403.6261,5876404.7102],[32571424.019,5876410.4848],[32571437.2638,5876412.4838],[32571464.7529,5876412.9832],[32571511.9841,5876402.4867],[32571560.7917,5876390.1741],[32571570.9323,5876387.616],[32571650.6786,5876367.4985],[32571674.4191,5876363.4997],[32571721.4005,5876360.0004],[32571765.1332,5876361.4991],[32571803.3681,5876366.4966],[32571820.8612,5876369.9949],[32571901.3296,5876394.9838],[32571924.5705,5876400.4813],[32571946.5618,5876400.9807],[32571972.0516,5876397.4817],[32572044.2728,5876381.9868],[32572055.5182,5876373.49],[32572066.7635,5876356.4966],[32572088.5303,5876303.5483],[32572103.7476,5876266.5318],[32572116.2424,5876243.0409],[32572130.9863,5876226.0474],[32572174.7184,5876184.5632],[32572189.7121,5876163.0716],[32572205.2056,5876134.5826],[32572225.4469,5876088.6006],[32572232.0871,5876065.6799],[32572240.94,5876035.1216],[32572271.9266,5875950.1549],[32572275.9248,5875934.1612],[32572279.6731,5875919.1671],[32572289.6687,5875889.1788],[32572302.6632,5875862.1893],[32572317.407,5875839.6981],[32572325.6536,5875830.7015],[32572335.8995,5875822.7045],[32572365.3875,5875805.7108],[32572401.8728,5875788.717],[32572472.8443,5875760.2273],[32572593.296,5875719.2417],[32572619.5356,5875716.7423],[32572640.0275,5875721.2402],[32572661.2693,5875734.2348],[32572671.7653,5875744.7304],[32572681.2617,5875757.2253],[32572696.2561,5875784.2144],[32572706.0026,5875810.7037],[32572711.1953,5875840.7445],[32572713.0004,5875851.1875],[32572717.2489,5875863.6825],[32572743.0239,5875919.4967],[32572753.4856,5875942.1508],[32572769.5299,5875987.1277],[32572782.7252,5876024.1178],[32572792.4716,5876045.6091],[32572797.2198,5876052.1065],[32572808.7154,5876059.1035],[32572855.4469,5876064.1008],[32572881.6866,5876070.5979],[32572896.9306,5876076.5952],[32572938.9147,5876098.16],[32572988.395,5876123.5752],[32573049.1213,5876144.0662],[32573086.642,5876152.9415],[32573118.8439,5876160.5586],[32573154.0801,5876175.5521],[32573203.5609,5876203.5402],[32573225.3025,5876221.0329],[32573250.0431,5876246.5224],[32573275.2835,5876277.01],[32573295.5259,5876309.9965],[32573302.0236,5876325.4903],[32573311.7701,5876356.9776],[32573326.2652,5876418.453],[32573328.5147,5876444.4427],[32573326.7659,5876478.4292],[32573319.5191,5876507.4178],[32573315.7707,5876515.4147],[32573297.5284,5876542.904],[32573292.2807,5876558.8978],[32573291.0314,5876579.3896],[32573297.0302,5876659.3578],[32573296.5309,5876695.3435],[32573294.7818,5876711.837],[32573288.7845,5876739.3262],[32573275.0804,5876778.6667],[32573267.5438,5876800.3023],[32573235.0584,5876921.7545],[32573226.5624,5876969.2358],[32573227.0627,5877002.2227],[32573234.8103,5877050.2035],[32573238.8089,5877065.6973],[32573248.8053,5877092.1866],[32573258.5269,5877108.4268],[32573270.0474,5877127.6722],[32573293.3843,5877170.0604],[32573312.0005,5877203.8743],[32573321.7782,5877221.6341],[32573329.0254,5877232.1299],[32573359.014,5877265.1163],[32573384.7541,5877288.6066],[32573388.5031,5877320.5938],[32573395.001,5877351.5814],[32573410.2147,5877394.4546],[32573422.4911,5877429.0502],[32573432.2379,5877473.0326],[32573434.2375,5877499.0223],[32573433.488,5877515.0159],[32573419.7451,5877639.4667],[32573417.7464,5877674.4529],[32573429.9926,5877747.4237],[32573458.9076,5877882.0404],[32573476.4772,5877963.8371],[32573482.9752,5878004.3209],[32573484.9748,5878038.3074],[32573483.7255,5878051.3022],[32573475.2294,5878086.2885],[32573439.7451,5878205.7416],[32573398.2628,5878296.7061],[32573357.5303,5878396.667],[32573352.7825,5878414.6599],[32573350.2837,5878433.6524],[32573350.284,5878454.1443],[32573359.1194,5878498.5634],[32573368.2781,5878544.6081],[32573382.7732,5878605.0838],[32573388.2713,5878620.5776],[32573396.6909,5878635.3684],[32573425.2575,5878685.5513],[32573442.2513,5878726.0349],[32573444.2507,5878735.5311],[32573448.0001,5878804.5037],[32573450.9991,5878818.9979],[32573455.4975,5878830.993],[32573461.7452,5878838.9898],[32573470.7417,5878844.9873],[32573482.2372,5878850.4849],[32573509.2266,5878858.9811],[32573537.7154,5878864.9783],[32573560.9563,5878867.9768],[32573599.9408,5878868.476],[32573613.6853,5878866.4766],[32573625.4306,5878862.478],[32573633.4274,5878855.4806],[32573636.1761,5878845.4846],[32573632.6773,5878831.4902],[32573607.6866,5878784.0094],[32573533.2142,5878651.0633],[32573507.9735,5878600.0839],[32573488.9802,5878538.1088],[32573479.9831,5878491.1276],[32573473.7349,5878440.6478],[32573470.7354,5878389.6681],[32573470.9849,5878365.1778],[32573474.4829,5878320.1956],[32573485.7276,5878259.2196],[32573517.2136,5878151.262],[32573537.7722,5878101.858],[32573550.6992,5878070.7935],[32573558.6957,5878040.8053],[32573562.9435,5878006.3189],[32573563.1931,5877987.3264],[32573560.9437,5877967.8342],[32573555.9455,5877948.342],[32573548.6981,5877929.3497],[32573523.4573,5877877.3707],[32573512.4613,5877847.3828],[32573496.9661,5877753.4203],[32573492.7294,5877723.3363],[32573479.7213,5877630.9692],[32573479.4711,5877610.9771],[32573483.4689,5877569.9934],[32573486.7174,5877550.5011],[32573494.9637,5877518.5136],[32573499.2118,5877507.0181],[32573509.4575,5877490.0247],[32573518.5216,5877480.078],[32573537.6959,5877459.0366],[32573541.1944,5877453.0389],[32573543.4433,5877437.5451],[32573542.4436,5877429.0484],[32573537.1954,5877411.5555],[32573524.7001,5877390.0642],[32573506.2072,5877372.0716],[32573446.4393,5877320.8435],[32573439.7327,5877315.0952],[32573383.5032,5877184.1481],[32573358.5279,5877140.8357],[32573347.7665,5877122.1732],[32573336.7705,5877095.6839],[32573334.0214,5877082.6891],[32573332.0217,5877047.703],[32573332.1095,5876995.429],[32573332.2037,5876939.388],[32573332.2695,5876900.2616],[32573342.0148,5876836.7867],[32573346.1375,5876817.8586],[32573353.0097,5876786.3065],[32573361.2562,5876763.8153],[32573371.5019,5876752.8196],[32573406.9876,5876730.3279],[32573432.977,5876710.3355],[32573445.2219,5876695.8411],[32573468.2123,5876656.8562],[32573479.4577,5876645.3606],[32573485.955,5876641.8619],[32573493.2021,5876639.8626],[32573500.6992,5876640.3623],[32573516.443,5876646.8594],[32573533.1866,5876658.8544],[32573550.9298,5876674.8478],[32573563.425,5876689.3419],[32573618.6663,5876766.9189],[32573654.8905,5876817.7895],[32573702.8724,5876880.7637],[32573721.8651,5876900.7555],[32573758.1012,5876930.2433],[32573799.5851,5876958.2315],[32573821.8265,5876970.7262],[32573868.0585,5876991.7172],[32573916.7894,5877007.2103],[32574003.5053,5877030.6997],[32574056.2346,5877043.1939],[32574092.2204,5877049.6908],[32574126.4569,5877052.6891],[32574153.6961,5877049.1901],[32574160.6932,5877045.1915],[32574165.9411,5877039.6936],[32574171.9385,5877024.1997],[32574172.1883,5877015.7031],[32574170.9386,5877006.7067],[32574167.6898,5876998.7099],[32574155.4445,5876984.7156],[32573969.2672,5876908.7486],[32573912.5394,5876887.7578],[32573888.2989,5876877.2623],[32573860.0598,5876861.7689],[32573797.0842,5876821.7857],[32573736.1078,5876777.8041],[32573689.8756,5876740.8195],[32573672.3823,5876724.3263],[32573637.1457,5876684.8425],[32573601.4807,5876639.9442],[32573581.1669,5876614.3714],[32573570.3129,5876602.6238],[32573559.925,5876591.3808],[32573542.6815,5876565.8912],[32573535.4341,5876547.8985],[32573526.6871,5876512.9125],[32573519.8888,5876493.0184],[32573511.5263,5876468.5469],[32573492.6992,5876413.4525],[32573464.9749,5876313.9547],[32573461.8225,5876302.6411],[32573456.2118,5876282.505],[32573483.7005,5876247.5185],[32573503.9422,5876230.525],[32573514.6879,5876225.027],[32573526.4332,5876222.5278],[32573539.6779,5876221.0282],[32573569.1662,5876221.5275],[32573641.1652,5876226.8777],[32573717.1078,5876232.5209],[32573767.4658,5876240.9424],[32573788.8295,5876244.5151],[32573818.6747,5876247.6491],[32573881.7028,5876254.2675],[32573898.2863,5876256.0089],[32573969.0085,5876271.0019],[32574034.9825,5876287.9941],[32574057.2239,5876298.4896],[32574071.2185,5876309.9848],[32574082.2143,5876325.4785],[32574090.3704,5876344.9411],[32574104.2064,5876377.9573],[32574108.9546,5876383.9549],[32574114.2025,5876385.954],[32574119.7003,5876382.9551],[32574125.6324,5876375.8929],[32574140.6916,5876357.9647],[32574153.9362,5876348.9681],[32574172.6788,5876345.4692],[32574184.4241,5876346.4686],[32574207.8757,5876353.1033],[32574235.654,5876360.9621],[32574246.3998,5876362.4613],[32574255.3962,5876361.4616],[32574261.8936,5876356.4635],[32574266.1418,5876349.4662],[32574270.14,5876335.4717],[32574268.3905,5876321.9771],[32574260.3935,5876310.4818],[32574246.4692,5876300.6861],[32574210.6627,5876275.4964],[32574194.4189,5876257.004],[32574187.9213,5876246.0085],[32574179.9242,5876225.5167],[32574177.9248,5876209.5231],[32574179.6739,5876196.0284],[32574185.1715,5876177.5357],[32574185.1713,5876166.5401],[32574180.4231,5876159.0431],[32574170.1771,5876155.0449],[32574162.6801,5876154.5452],[32574139.499,5876157.4614],[32574122.9459,5876159.5438],[32574100.4941,5876163.494],[32574068.9674,5876169.0408],[32574005.9926,5876182.5364],[32573945.0169,5876198.0312],[32573903.2836,5876204.0295],[32573859.051,5876199.5319],[32573794.5764,5876189.037],[32573664.6278,5876176.544],[32573619.4142,5876174.1733],[32573604.682,5876173.4009],[32573521.6843,5876169.0491],[32573474.9528,5876168.0502],[32573454.461,5876170.5495],[32573434.469,5876179.0465],[32573419.2252,5876189.0427],[32573393.4857,5876212.034],[32573212.5561,5876114.0756],[32573196.3124,5876104.0798],[32573171.322,5876083.0885],[32573127.5887,5876036.1078],[32573093.6015,5875992.6256],[32572994.6385,5875827.1928],[32572925.1647,5875733.731],[32572918.4477,5875730.4326],[32572869.1865,5875706.2427],[32572840.9475,5875689.2499],[32572824.4538,5875675.2557],[32572817.9563,5875667.7588],[32572807.2103,5875650.7657],[32572803.7115,5875641.2695],[32572801.7122,5875631.7733],[32572801.7121,5875621.2775],[32572803.961,5875610.2818],[32572809.2088,5875598.2865],[32572817.7052,5875584.7917],[32572841.9452,5875556.3027],[32572871.683,5875528.8132],[32572913.2765,5875499.7336],[32572928.1601,5875489.328],[32572954.8992,5875468.3359],[32572989.635,5875435.3485],[32573014.6247,5875406.3596],[32573021.122,5875397.3631],[32573030.8678,5875376.8711],[32573034.3663,5875365.3756],[32573037.6146,5875335.8873],[32573036.3648,5875317.3946],[32573027.3678,5875272.9124],[32572991.1305,5875154.46],[32572969.6383,5875101.9812],[32572940.6489,5875040.0062],[32572925.6545,5875011.5178],[32572899.6642,5874971.0342],[32572791.2054,5874844.0863],[32572776.8696,5874822.8362],[32572769.9634,5874812.5991],[32572757.2182,5874790.1082],[32572749.221,5874766.6177],[32572748.2212,5874755.1223],[32572750.0912,5874743.6434],[32572755.4677,5874710.6398],[32572752.9682,5874675.6538],[32572743.2216,5874636.6694],[32572736.4347,5874616.3534],[32572704.4853,5874520.716],[32572694.7386,5874480.732],[32572691.4894,5874443.7468],[32572691.2392,5874422.7551],[32572694.2372,5874360.7797],[32572699.2347,5874329.7919],[32572705.4821,5874315.7974],[32572717.727,5874297.3045],[32572733.9702,5874275.8128],[32572771.9546,5874232.3295],[32572815.9365,5874188.8461],[32572891.754,5874195.4537],[32572919.1458,5874197.841],[32572959.13,5874202.8384],[32572973.6243,5874205.837],[32572995.659,5874213.6596],[32573015.8577,5874220.8304],[32573039.8483,5874224.8285],[32573089.6029,5874221.1872],[32573120.6183,5874218.9173],[32573131.2728,5874218.1375],[32573179.1956,5874214.6302],[32573244.7669,5874209.8313],[32573269.0072,5874208.8313],[32573319.2374,5874211.8294],[32573352.4743,5874217.8265],[32573380.6277,5874226.7366],[32573426.6952,5874241.3161],[32573452.435,5874243.3149],[32573475.6759,5874247.3129],[32573514.4107,5874259.8074],[32573526.406,5874265.305],[32573554.4839,5874282.9604],[32573566.2904,5874290.3843],[32573583.6338,5874301.2899],[32573616.3711,5874318.7824],[32573654.6061,5874331.7767],[32573794.5515,5874390.2514],[32573834.2714,5874412.6831],[32573891.014,5874444.7283],[32573987.9761,5874481.7121],[32574067.0765,5874509.6528],[32574084.1884,5874515.6972],[32574109.4286,5874530.191],[32574134.6689,5874549.1831],[32574154.9111,5874568.6751],[32574165.907,5874584.6685],[32574171.9049,5874602.6613],[32574173.6545,5874624.6525],[32574170.4061,5874650.6423],[32574157.0007,5874699.5351],[32574149.1656,5874728.1118],[32574142.1689,5874762.5982],[32574139.4205,5874799.0838],[32574140.4204,5874819.5756],[32574146.6685,5874866.5569],[32574159.1643,5874917.0367],[32574177.1578,5874966.5167],[32574200.6492,5875011.4985],[32574231.3876,5875059.479],[32574264.6251,5875106.4598],[32574295.3635,5875144.9441],[32574308.1086,5875158.4385],[32574338.5969,5875185.4274],[32574409.2843,5875241.6542],[32574426.563,5875255.3982],[32574458.5507,5875282.8868],[32574467.0474,5875288.3845],[32574476.2938,5875291.883],[32574485.7901,5875293.8821],[32574496.036,5875292.8823],[32574506.5318,5875288.3839],[32574516.0279,5875281.8864],[32574529.7722,5875265.3927],[32574537.7688,5875247.8995],[32574544.016,5875223.4092],[32574545.7651,5875210.4143],[32574543.7658,5875199.4187],[32574540.2671,5875194.4207],[32574528.0218,5875184.9247],[32574514.4328,5875178.6851],[32574479.0409,5875162.4344],[32574464.0467,5875153.938],[32574433.5585,5875132.447],[32574419.314,5875118.9525],[32574406.069,5875103.4589],[32574376.0803,5875062.4756],[32574341.0935,5875010.4968],[32574310.3549,5874955.0193],[32574299.3589,5874928.0302],[32574292.6112,5874903.0402],[32574281.1145,5874815.5751],[32574276.3656,5874753.1],[32574275.6151,5874701.6204],[32574277.1143,5874683.6276],[32574280.3628,5874669.6331],[32574289.3589,5874643.6433],[32574300.854,5874621.152],[32574323.108,5874590.4818],[32574330.5917,5874580.1678],[32574338.8382,5874564.1741],[32574340.3375,5874556.1772],[32574338.838,5874548.6802],[32574334.3396,5874541.1833],[32574325.8429,5874534.686],[32574297.8539,5874523.191],[32574220.3843,5874503.6999],[32574160.9076,5874485.7079],[32573990.2454,5874424.4093],[32573874.2698,5874382.7531],[32573831.0367,5874365.7605],[32573791.3021,5874345.2693],[32573699.3378,5874287.2937],[32573581.3835,5874215.8239],[32573523.4061,5874186.3364],[32573501.9145,5874179.3395],[32573454.4332,5874168.3446],[32573383.4612,5874159.3493],[32573345.976,5874157.8504],[32573248.2648,5874162.3501],[32573184.0403,5874163.3507],[32573118.8161,5874158.8535],[32573055.591,5874149.3582],[32573009.6091,5874137.3636],[32572991.8975,5874133.5136],[32572973.2855,5874129.4678],[32572940.6362,5874122.3706],[32572918.3949,5874114.874],[32572898.6526,5874103.3788],[32572879.41,5874087.8853],[32572863.666,5874070.3924],[32572854.6693,5874055.3985],[32572861.9158,5874005.9181],[32572872.8038,5873971.0748],[32572878.1586,5873953.9385],[32572880.9073,5873940.9436],[32572883.1561,5873914.4541],[32572882.4062,5873900.4596],[32572877.6577,5873872.4708],[32572866.4116,5873836.9851],[32572840.1711,5873772.0113],[32572821.9279,5873735.0263],[32572798.1868,5873699.0409],[32572781.693,5873678.0495],[32572764.4496,5873659.5571],[32572755.703,5873652.0602],[32572732.838,5873636.5675],[32572709.9707,5873621.0732],[32572683.9807,5873599.5821],[32572627.2523,5873540.6064],[32572609.5887,5873520.4643],[32572598.7632,5873508.1197],[32572583.519,5873496.6245],[32572564.5264,5873487.6284],[32572543.5347,5873481.6311],[32572532.7889,5873480.1318],[32572548.2824,5873453.6421],[32572559.2777,5873425.1533],[32572569.2732,5873386.1686],[32572572.2717,5873366.1765],[32572573.7703,5873310.1987],[32572566.4681,5873254.8944],[32572562.0237,5873221.2342],[32572558.0244,5873152.7615],[32572561.0229,5873132.7694],[32572564.7713,5873123.2731],[32572577.516,5873105.28],[32572587.0121,5873095.7837],[32572612.0019,5873077.7904],[32572628.2454,5873070.2932],[32572646.738,5873064.2953],[32572666.4801,5873060.2966],[32572725.9565,5873055.2976],[32572834.999,5873055.7186],[32572854.9054,5873055.7955],[32572886.3929,5873053.7958],[32572909.846,5873051.2253],[32572914.0946,5873050.7596],[32572959.3638,5873045.7979],[32572975.1613,5873041.5136],[32572988.852,5873037.8006],[32573033.0842,5873037.8],[32573044.8298,5873037.7998],[32573069.3201,5873036.3],[32573090.8115,5873032.3013],[32573107.055,5873026.8032],[32573121.0494,5873017.3068],[32573128.0465,5873009.8096],[32573142.7903,5872988.8177],[32573154.0356,5872967.3261],[32573162.0321,5872947.3339],[32573167.9361,5872926.7156],[32573177.7751,5872892.3555],[32573206.0129,5872813.3865],[32573306.2281,5872771.1494],[32573406.4322,5872728.917],[32573417.0046,5872722.7606],[32573439.8225,5872709.4734],[32573457.3352,5872696.8643],[32573464.3403,5872689.1587],[32573467.1423,5872684.2551],[32573466.1202,5872669.2627],[32574282.5535,5872681.5803],[32574299.6166,5872708.3424],[32574314.4318,5872759.5194],[32574330.5669,5872792.8776],[32574353.5587,5872857.8514],[32574390.7956,5872979.8024],[32574377.5515,5873029.283],[32574372.5539,5873058.2716],[32574372.2088,5873077.0612],[32574371.3054,5873126.2446],[32574361.5603,5873202.7144],[32574359.8114,5873232.7025],[32574360.8112,5873247.1967],[32574368.5585,5873273.1863],[32574376.3056,5873285.1814],[32574397.0477,5873310.671],[32574409.9146,5873324.2633],[32574445.7791,5873362.1498],[32574462.5228,5873387.1396],[32574472.5192,5873410.1303],[32574475.5182,5873422.6253],[32574476.2681,5873436.1199],[32574469.723,5873472.5882],[32574465.773,5873494.5969],[32574462.0251,5873536.0805],[32574464.5244,5873559.5711],[32574472.7714,5873577.064],[32574478.5192,5873582.5618],[32574485.0167,5873586.0603],[32574491.764,5873586.56],[32574498.5113,5873584.0609],[32574504.5088,5873577.5633],[32574509.7566,5873567.0674],[32574514.8931,5873551.8547],[32574522.7509,5873528.5825],[32574533.9961,5873504.0921],[32574541.7429,5873493.5961],[32574550.9891,5873485.0994],[32574562.7344,5873478.102],[32574575.7292,5873474.1034],[32574589.2238,5873472.6037],[32574602.9684,5873474.1029],[32574617.2128,5873476.6017],[32574637.0112,5873482.3235],[32574660.4458,5873489.0961],[32574695.1821,5873497.0924],[32574760.6565,5873517.5833],[32574843.5253,5873545.8301],[32574948.333,5873581.555],[32574983.819,5873590.5509],[32575004.1213,5873592.5936],[32575023.5534,5873594.5487],[32575047.7939,5873602.0454],[32575072.5342,5873615.5397],[32575083.7799,5873624.5359],[32575093.7761,5873635.5314],[32575113.7685,5873657.5224],[32575136.0099,5873676.0147],[32575147.2556,5873684.0113],[32575177.4938,5873699.5047],[32575185.9905,5873701.5038],[32575201.7342,5873700.0041],[32575215.7286,5873693.0067],[32575227.1526,5873683.903],[32575247.7155,5873667.5164],[32575252.7135,5873665.5171],[32575258.7111,5873665.517],[32575265.9583,5873667.5161],[32575296.2073,5873684.1036],[32575327.9342,5873701.5016],[32575411.2654,5873743.3429],[32575445.3885,5873760.4764],[32575487.2798,5873783.6495],[32575509.3898,5873795.8802],[32575551.0974,5873818.9516],[32575564.3423,5873828.4476],[32575575.588,5873838.9433],[32575587.8334,5873856.4362],[32575600.0787,5873873.929],[32575618.5717,5873895.4202],[32575638.0642,5873913.4128],[32575656.807,5873927.4069],[32575666.0534,5873931.905],[32575684.0463,5873931.9047],[32575700.2897,5873923.9077],[32575713.0345,5873912.412],[32575717.5326,5873906.4144],[32575724.0299,5873892.4198],[32575726.7785,5873872.9275],[32575725.7787,5873861.4321],[32575717.0319,5873835.9423],[32575708.7849,5873821.948],[32575689.7921,5873798.9574],[32575680.5457,5873790.9608],[32575661.5531,5873781.4648],[32575639.8117,5873777.4667],[32575623.112,5873776.3153],[32575574.5874,5873772.9695],[32575547.3481,5873765.4729],[32575533.1037,5873758.9757],[32575518.1095,5873749.9795],[32575503.3652,5873738.4843],[32575476.3755,5873709.4962],[32575450.6352,5873677.5093],[32575423.6456,5873650.0206],[32575392.1578,5873631.0287],[32575330.4319,5873606.0395],[32575288.4483,5873593.0453],[32575253.4621,5873586.0486],[32575237.7183,5873584.5494],[32575179.9911,5873579.0525],[32575140.2568,5873573.0555],[32575122.5138,5873569.0574],[32575106.8163,5873563.981],[32575063.7868,5873550.0658],[32575020.3039,5873540.5702],[32574956.0792,5873529.0758],[32574884.6073,5873511.084],[32574840.6245,5873498.0898],[32574807.3875,5873485.5953],[32574741.913,5873453.1092],[32574694.1815,5873425.6208],[32574633.705,5873385.6376],[32574600.4677,5873357.1494],[32574572.7283,5873328.1614],[32574561.2327,5873313.6673],[32574551.4864,5873299.673],[32574537.7414,5873272.6839],[32574531.9935,5873259.1894],[32574523.9963,5873231.7004],[32574520.4974,5873207.2102],[32574522.9961,5873188.2177],[32574533.4258,5873163.6635],[32574546.9858,5873131.7397],[32574554.9823,5873105.7499],[32574557.2312,5873093.2549],[32574559.2299,5873054.2703],[32574555.731,5873038.2767],[32574547.2342,5873020.7838],[32574564.4767,5872972.8026],[32574569.2244,5872947.8124],[32574568.7243,5872925.8212],[32574563.4762,5872906.8288],[32574554.4795,5872888.3363],[32574537.2784,5872860.2971],[32574534.5791,5872855.897],[32574528.0174,5872845.2009],[32574517.9931,5872828.8605],[32574504.7481,5872811.3676],[32574493.7255,5872801.8536],[32574481.0072,5872790.8761],[32574470.2613,5872777.3816],[32574447.2699,5872741.3963],[32574436.3194,5872722.1157],[32574416.8823,5872687.8929],[32574412.4786,5872683.5405],[32578213.2169,5872740.8826],[32586381.1321,5872883.0969],[32586381.0772,5872892.6708],[32586381.0371,5872899.6542],[32586383.0365,5872916.6474],[32586389.7841,5872936.1396],[32586395.7819,5872945.6357],[32586412.0256,5872959.6299],[32586421.272,5872964.6278],[32586441.2642,5872972.1245],[32586470.7526,5872979.6211],[32586491.4944,5872983.1194],[32586556.4686,5872983.1184],[32586569.9632,5872983.1182],[32586582.4583,5872983.118],[32586613.446,5872985.1168],[32586629.6896,5872989.1149],[32586643.6841,5872995.1124],[32586667.175,5873011.1057],[32586683.4188,5873025.5997],[32586696.1639,5873042.0929],[32586699.9126,5873050.0897],[32586705.1607,5873069.0821],[32586708.9097,5873100.5695],[32586707.1606,5873120.0618],[32586700.4135,5873136.0555],[32586680.9216,5873160.5461],[32586655.1821,5873181.0384],[32586636.1898,5873189.0355],[32586592.957,5873196.0333],[32586577.9631,5873201.0316],[32586574.4645,5873205.5299],[32586572.9652,5873211.5275],[32586575.7144,5873233.5187],[32586584.9611,5873257.0093],[32586593.9577,5873271.0036],[32586612.4505,5873285.4975],[32586624.9614,5873293.463],[32586679.1746,5873327.9797],[32586703.4154,5873355.4684],[32586722.6582,5873386.9556],[32586737.9026,5873422.4413],[32586753.8969,5873468.4228],[32586764.6432,5873508.9065],[32586768.6417,5873517.9029],[32586789.134,5873547.3909],[32586806.1275,5873564.3839],[32586823.6207,5873574.8795],[32586834.1166,5873577.8781],[32586858.1071,5873581.3764],[32586887.6801,5873583.0387],[32586920.3324,5873584.874],[32586946.822,5873591.8709],[32586960.5666,5873597.3685],[32586986.5565,5873611.3625],[32586998.302,5873619.859],[32587017.0448,5873637.8515],[32587029.5401,5873654.8446],[32587036.2876,5873673.3372],[32587039.0368,5873695.3284],[32587039.0372,5873721.3181],[32587035.289,5873744.309],[32587024.0439,5873775.2969],[32587006.9291,5873806.6451],[32587000.3039,5873818.78],[32586989.0587,5873843.2704],[32586981.812,5873868.7604],[32586980.3127,5873881.2555],[32586981.0626,5873894.2503],[32586986.0609,5873915.7417],[32586993.0583,5873929.2362],[32587002.0549,5873938.2325],[32587026.7952,5873948.728],[32587046.8446,5873949.277],[32587063.2807,5873949.727],[32587085.7719,5873954.7247],[32587097.2674,5873964.2208],[32587110.5286,5873981.4316],[32587120.7585,5873994.7083],[32587125.2568,5873999.2064],[32587137.0022,5874006.2035],[32587180.606,5874021.9451],[32587224.2181,5874037.6897],[32587290.692,5874058.6803],[32587311.1839,5874061.179],[32587369.2846,5874062.6775],[32587388.6531,5874063.1771],[32587436.3728,5874073.8176],[32587460.3749,5874079.1696],[32587523.1,5874083.6669],[32587558.5859,5874083.1666],[32587594.6703,5874073.7057],[32587625.3092,5874065.6725],[32587648.7999,5874064.1727],[32587677.0387,5874069.6701],[32587700.7167,5874076.2996],[32587727.0191,5874083.6638],[32587764.5043,5874091.6601],[32587948.4057,5874114.4118],[32587974.4021,5874117.628],[32587986.8801,5874119.1717],[32588042.1445,5874124.6428],[32588072.8823,5874124.6423],[32588088.876,5874123.6425],[32588123.6121,5874118.1441],[32588156.5989,5874109.1472],[32588240.5651,5874076.6588],[32588330.3309,5874026.828],[32588363.0156,5874008.684],[32588380.5085,5874002.1863],[32588400.0007,5873997.6878],[32588420.6185,5873997.0499],[32588474.9237,5873921.0205],[32588502.8843,5873873.0861],[32588550.8178,5873837.135],[32588654.674,5873793.194],[32588786.4923,5873785.203],[32588878.3656,5873785.2016],[32588950.2663,5873781.2061],[32588990.2112,5873781.2054],[32589002.1946,5873769.2218],[32589006.1883,5873709.3043],[32589022.1649,5873609.4417],[32589034.1481,5873585.4746],[32589066.104,5873593.4631],[32589102.0551,5873637.402],[32589126.0229,5873693.3246],[32589142.002,5873777.2087],[32589149.9923,5873873.0763],[32589159.939,5873960.0578],[32589169.9668,5874016.8778],[32589181.951,5874084.7839],[32589205.9188,5874140.7065],[32589241.87,5874196.629],[32589293.7992,5874248.5565],[32589322.9271,5874289.3343],[32589340.3815,5874299.0539],[32589346.6291,5874304.5516],[32589352.377,5874315.0474],[32589357.1254,5874334.5395],[32589356.6259,5874358.53],[32589351.6262,5874377.4511],[32589335.6262,5874414.19],[32589332.8578,5874437.4656],[32589338.5298,5874464.7463],[32589358.3785,5874511.8617],[32589366.6692,5874525.2072],[32589362.5816,5874745.1269],[32589362.5604,5874745.0992],[32589349.6163,5874739.726],[32589343.3447,5874739.026],[32589329.2893,5874741.354],[32589315.9424,5874743.5647],[32589305.655,5874742.4109],[32589279.1618,5874730.8834],[32589259.9192,5874727.385],[32589248.9237,5874725.386],[32589207.4399,5874706.3942],[32589202.4419,5874701.8961],[32589198.9432,5874695.8985],[32589197.4437,5874687.4019],[32589198.1932,5874676.906],[32589201.6917,5874665.9103],[32589207.4393,5874656.9138],[32589224.4643,5874641.694],[32589240.4258,5874627.425],[32589248.1725,5874616.9291],[32589254.4199,5874602.9346],[32589263.4159,5874574.9455],[32589269.413,5874538.4599],[32589267.4135,5874512.4703],[32589264.4144,5874496.9765],[32589257.3197,5874470.319],[32589239.673,5874404.0137],[32589234.8946,5874355.4366],[32589206.9668,5874314.5435],[32589192.8242,5874288.0271],[32589188.3795,5874269.1385],[32589190.5133,5874269.6719],[32589177.9588,5874244.5637],[32589142.0071,5874148.6964],[32589078.0935,5874020.8737],[32588974.235,5873901.0405],[32588890.3501,5873865.0912],[32588834.4272,5873861.0977],[32588750.6871,5873889.0124],[32588799.091,5873908.2173],[32588820.5827,5873919.2126],[32588840.0751,5873930.7077],[32588870.8132,5873953.6981],[32588893.5545,5873979.1877],[32588902.3012,5873993.6818],[32588908.549,5874008.1759],[32588912.5394,5874023.7792],[32588910.7985,5874038.6638],[32588905.5508,5874053.6579],[32588895.0552,5874068.6521],[32588861.0691,5874103.6387],[32588850.0736,5874112.6353],[32588824.5839,5874127.13],[32588789.3481,5874140.1253],[32588746.1154,5874150.6218],[32588724.3741,5874154.1208],[32588702.6328,5874156.1203],[32588661.649,5874154.6215],[32588642.6565,5874150.1236],[32588625.1633,5874143.1266],[32588592.1762,5874124.1347],[32588576.4323,5874112.6395],[32588549.4426,5874085.6506],[32588538.9466,5874070.6567],[32588531.4493,5874054.6632],[32588527.2008,5874037.67],[32588525.4512,5874019.6772],[32588525.5924,5874008.9391],[32588525.7009,5874000.6847],[32588527.6998,5873982.192],[32588533.2534,5873957.4549],[32588520.6416,5873963.761],[32588484.153,5874010.0749],[32588445.2799,5874034.9544],[32588441.4849,5874045.6681],[32588436.487,5874052.6654],[32588421.743,5874065.6605],[32588391.2554,5874083.6538],[32588358.2687,5874098.6483],[32588332.0292,5874107.1454],[32588283.7985,5874118.6415],[32588259.3084,5874129.1377],[32588230.5701,5874148.6304],[32588210.0784,5874166.1238],[32588182.09,5874197.1119],[32588187.3381,5874208.6073],[32588195.8348,5874214.105],[32588206.8304,5874215.6042],[32588233.3198,5874209.6062],[32588249.1589,5874203.7545],[32588272.554,5874195.1113],[32588302.2922,5874189.1133],[32588313.2369,5874188.0115],[32588382.1979,5874181.069],[32588416.4967,5874177.6161],[32588429.4915,5874177.1161],[32588451.2329,5874180.1146],[32588467.4766,5874189.6106],[32588474.224,5874197.6073],[32588480.2218,5874208.6028],[32588489.9683,5874235.592],[32588495.7164,5874267.0794],[32588497.4662,5874297.5673],[32588495.717,5874311.0619],[32588490.6497,5874325.6953],[32588481.2232,5874341.0502],[32588474.476,5874348.0476],[32588454.4841,5874360.5429],[32588437.7408,5874366.5408],[32588401.5053,5874375.0379],[32588377.265,5874377.0375],[32588367.2689,5874376.0381],[32588346.7769,5874366.5421],[32588333.2558,5874357.2671],[32588295.047,5874331.057],[32588266.0583,5874315.0638],[32588250.0645,5874309.5662],[32588215.5781,5874301.5699],[32588166.0977,5874296.5727],[32588073.0601,5874300.1587],[32588023.4044,5874302.0726],[32587981.9209,5874301.5735],[32587940.9371,5874299.0751],[32587887.4583,5874291.5789],[32587851.2225,5874282.583],[32587821.2343,5874277.0856],[32587790.6908,5874274.587],[32587766.2561,5874272.5882],[32587749.2628,5874267.5905],[32587735.4566,5874262.1379],[32587689.7861,5874244.1007],[32587664.2961,5874237.6037],[32587564.8355,5874227.6091],[32587533.8477,5874226.61],[32587521.3527,5874228.1096],[32587486.8665,5874236.6067],[32587459.3776,5874246.6032],[32587417.6444,5874265.0965],[32587380.4095,5874288.0879],[32587360.1678,5874306.5809],[32587350.4218,5874318.5763],[32587332.1795,5874348.5646],[32587317.9356,5874383.5509],[32587309.4395,5874420.0366],[32587307.4405,5874437.5297],[32587307.1911,5874469.517],[32587312.1895,5874498.0056],[32587316.9378,5874511.5002],[32587322.9356,5874524.4949],[32587338.6797,5874547.9853],[32587347.4263,5874556.4818],[32587356.4228,5874562.4793],[32587366.4189,5874566.4776],[32587388.6601,5874568.9763],[32587416.399,5874565.4772],[32587432.6425,5874560.479],[32587450.1355,5874552.4819],[32587468.1282,5874541.9858],[32587509.0157,5874513.4092],[32587535.3509,5874495.0034],[32587645.5562,5874426.5289],[32587665.5481,5874417.5322],[32587688.7888,5874412.5338],[32587714.0288,5874412.5335],[32587744.7307,5874418.7324],[32587766.0083,5874423.0285],[32587791.7765,5874425.0274],[32587823.9853,5874427.5258],[32587860.9062,5874447.4144],[32587904.7039,5874471.0074],[32587934.942,5874480.5031],[32587977.1754,5874488.4993],[32588115.6207,5874509.4889],[32588181.0948,5874515.4855],[32588223.328,5874515.4849],[32588260.3133,5874512.4855],[32588319.1282,5874502.9519],[32588352.0135,5874497.6214],[32588423.748,5874485.9936],[32588571.9389,5874465.4995],[32588586.683,5874464.4996],[32588610.9234,5874465.9987],[32588635.1639,5874472.9955],[32588679.1467,5874490.9877],[32588719.8809,5874514.4778],[32588786.3556,5874566.9563],[32588871.8222,5874634.4278],[32588909.9655,5874660.8555],[32588973.5328,5874704.8983],[32588991.0261,5874720.8917],[32588996.2741,5874728.8885],[32589000.7725,5874740.3838],[32589007.5202,5874768.3726],[32589011.2691,5874799.8601],[32589011.5192,5874814.8541],[32589009.0206,5874841.3436],[32589002.163,5874867.3316],[32588990.0291,5874913.3153],[32588985.5314,5874952.2999],[32588985.5317,5874972.7918],[32588988.7809,5875009.2773],[32588998.7776,5875053.7594],[32589022.5197,5875167.7138],[32589027.2684,5875206.6983],[32589024.2699,5875228.6896],[32589020.7714,5875239.1855],[32589009.2762,5875256.1789],[32589001.0296,5875263.1763],[32588981.7873,5875269.1742],[32588951.7992,5875267.6752],[32588905.5674,5875255.1809],[32588745.1304,5875204.7034],[32588709.1445,5875194.7079],[32588646.1693,5875182.7136],[32588599.1879,5875176.7167],[32588494.9789,5875147.23],[32588443.9989,5875134.7357],[32588413.2611,5875132.2372],[32588354.2844,5875122.242],[32588339.5402,5875121.2426],[32588325.5458,5875122.7423],[32588312.3011,5875126.2411],[32588300.306,5875132.2389],[32588289.8102,5875139.736],[32588273.5669,5875155.2301],[32588260.3224,5875173.723],[32588300.8071,5875232.1992],[32588371.7806,5875350.1513],[32588387.7742,5875347.1522],[32588396.7706,5875347.1521],[32588408.0162,5875347.1519],[32588436.7548,5875351.1499],[32588530.9677,5875372.6399],[32588615.6844,5875395.6295],[32588654.4192,5875408.124],[32588686.6566,5875420.6185],[32588717.3992,5875438.0344],[32588744.8839,5875453.6046],[32588808.609,5875480.0931],[32588894.8252,5875511.5793],[32588947.3042,5875526.5724],[32588985.7894,5875537.5676],[32589002.283,5875544.0647],[32589035.7699,5875561.5573],[32589074.5049,5875586.5468],[32589131.233,5875630.0287],[32589146.4771,5875643.0233],[32589168.7186,5875666.5136],[32589204.455,5875709.496],[32589229.1955,5875731.4869],[32589267.9303,5875750.4788],[32589298.9182,5875759.4747],[32589308.4144,5875758.4202],[32589320.057,5875749.4785],[32589344.2251,5875730.9169],[32589344.2591,5875730.9051],[32589336.3029,5876158.9612],[32589336.2641,5876158.9472],[32589321.9736,5876154.3821],[32589316.3425,5876152.5832],[32589309.3991,5876150.3652],[32589295.175,5876145.8214],[32589313.6358,5876113.8338],[32589322.4058,5876092.3422],[32589324.9094,5876081.8464],[32589327.4087,5876063.3537],[32589327.1608,5876047.36],[32589319.6635,5876015.9579],[32589305.1686,5875973.7288],[32589294.6725,5875953.8976],[32589288.4249,5875946.4007],[32589271.9313,5875933.4061],[32589224.1999,5875910.4159],[32589170.4709,5875886.9261],[32589112.9934,5875864.4359],[32589065.0123,5875849.4426],[32589003.2866,5875836.4487],[32588963.5523,5875830.9514],[32588930.8153,5875829.9523],[32588918.3203,5875831.4519],[32588908.3243,5875834.4509],[32588893.0804,5875843.4475],[32588883.5844,5875855.4429],[32588879.0864,5875870.437],[32588879.5864,5875889.4295],[32588882.3355,5875902.4243],[32588901.8287,5875965.8988],[32588812.1138,5875928.9148],[32588787.7116,5875916.7864],[32588769.8802,5875907.9238],[32588760.1341,5875905.425],[32588743.6406,5875905.925],[32588732.1453,5875912.9224],[32588726.6476,5875922.9185],[32588720.4007,5875965.9015],[32588715.6529,5875987.8929],[32588707.6564,5876009.8843],[32588701.409,5876020.88],[32588684.9158,5876039.8727],[32588665.4238,5876056.3665],[32588643.1444,5876069.3705],[32588632.1038,5876075.8146],[32588601.1998,5876093.8526],[32588569.2126,5876105.8483],[32588524.9803,5876112.8462],[32588439.0144,5876112.3477],[32588349.7998,5876105.8516],[32588357.3031,5876103.6228],[32588425.5194,5876083.3594],[32588471.6035,5876073.7384],[32588499.7397,5876067.8644],[32588553.2183,5876052.8695],[32588583.9559,5876040.8738],[32588596.4508,5876034.3762],[32588616.4427,5876019.8817],[32588630.6868,5876002.8882],[32588639.4331,5875985.395],[32588644.6807,5875959.9051],[32588643.181,5875941.4124],[32588635.6836,5875915.4229],[32588628.4363,5875900.9287],[32588612.6923,5875879.9373],[32588604.6424,5875871.2986],[32588598.0551,5875864.2295],[32588592.2001,5875857.9463],[32588633.9336,5875863.9433],[32588646.9285,5875864.4429],[32588670.4191,5875863.443],[32588688.6618,5875858.9445],[32588702.4063,5875851.4473],[32588706.9044,5875845.9494],[32588709.4033,5875839.4519],[32588709.903,5875831.9549],[32588707.9037,5875822.9585],[32588697.9074,5875802.9666],[32588690.6601,5875793.4705],[32588673.4167,5875774.9781],[32588653.9242,5875759.4845],[32588633.4322,5875747.9894],[32588609.6915,5875737.9937],[32588583.4518,5875730.4971],[32588543.7175,5875723.5005],[32588528.9733,5875719.5023],[32588510.9803,5875710.0063],[32588471.2457,5875680.5186],[32588434.2599,5875646.0329],[32588420.0153,5875630.0394],[32588410.269,5875616.5449],[32588402.272,5875602.0508],[32588369.0342,5875534.5781],[32588312.8617,5875402.462],[32588302.3086,5875377.6414],[32588280.0667,5875330.1606],[32588257.5751,5875289.1772],[32588243.4263,5875268.9798],[32588212.4561,5875224.7702],[32588188.6011,5875190.7173],[32588148.1165,5875143.7366],[32588127.3745,5875123.7449],[32588096.8863,5875103.2534],[32588071.896,5875082.762],[32588006.7258,5875021.5485],[32587977.1823,5874993.7987],[32587950.6924,5874962.8114],[32587938.6969,5874944.3189],[32587930.45,5874926.826],[32587923.3932,5874907.3217],[32587908.2079,5874865.3508],[32587873.7207,5874801.3767],[32587861.2963,5874786.8602],[32587852.916,5874777.0687],[32587832.4518,5874753.1586],[32587826.2388,5874745.8994],[32587830.9861,5874685.4233],[32587829.7361,5874646.9386],[32587820.9889,5874598.9578],[32587809.4929,5874559.4737],[32587797.7473,5874537.4826],[32587790.0002,5874527.9865],[32587779.2544,5874519.49],[32587766.0095,5874512.493],[32587750.5156,5874506.9954],[32587718.5282,5874498.9991],[32587691.7888,5874495.5009],[32587676.045,5874495.5011],[32587660.8011,5874501.9987],[32587652.5545,5874507.4967],[32587624.8159,5874532.4872],[32587555.8443,5874609.9575],[32587549.3471,5874622.4526],[32587547.8479,5874637.4467],[32587553.8458,5874663.9361],[32587565.3417,5874691.9248],[32587567.0911,5874701.421],[32587566.8413,5874711.417],[32587564.5924,5874720.9133],[32587560.0943,5874729.41],[32587553.5969,5874736.9071],[32587545.1004,5874741.9052],[32587534.1048,5874744.9042],[32587499.8684,5874747.4037],[32587476.8775,5874744.4053],[32587452.637,5874737.4084],[32587439.3922,5874731.9108],[32587409.154,5874713.9184],[32587354.4251,5874672.4357],[32587320.7329,5874644.9162],[32587271.2072,5874604.4639],[32587226.9742,5874560.4821],[32587188.313,5874517.6426],[32587153.0024,5874478.5157],[32587129.5115,5874458.524],[32587122.7641,5874454.0259],[32587110.0191,5874449.5279],[32587104.5213,5874451.0274],[32587095.5249,5874457.5249],[32587092.5262,5874462.0232],[32587089.7774,5874473.0189],[32587092.2766,5874484.5143],[32587107.521,5874515.0019],[32587115.7681,5874544.9899],[32587119.1276,5874595.532],[32587119.6739,5874603.7505],[32587119.7849,5874605.4197],[32587121.0171,5874623.9585],[32587119.2684,5874667.4412],[32587114.2707,5874692.4314],[32587110.0226,5874701.9277],[32587103.5253,5874709.9246],[32587084.0332,5874723.4195],[32587062.7917,5874732.9161],[32587046.0485,5874738.4142],[32586992.6065,5874712.9495],[32586971.5775,5874702.9294],[32586923.8462,5874682.938],[32586868.8678,5874667.445],[32586821.6341,5874657.6991],[32586805.8927,5874654.4511],[32586785.1508,5874650.9528],[32586760.9105,5874651.453],[32586725.5511,5874657.2538],[32586681.6921,5874664.449],[32586664.2771,5874666.1673],[32586585.7909,5874673.9115],[32586570.2365,5874675.4463],[32586503.7629,5874678.9459],[32586490.5179,5874654.4559],[32586477.023,5874637.4628],[32586457.7804,5874621.4695],[32586444.5356,5874614.4724],[32586396.5544,5874596.9801],[32586354.0711,5874589.4837],[32586334.9116,5874590.1435],[32586253.9939,5874554.1816],[32586134.1585,5874494.2661],[32586034.2953,5874438.3447],[32585954.4053,5874422.3678],[32585902.4769,5874422.3686],[32585862.5319,5874422.3692],[32585790.631,5874422.3703],[32585710.741,5874410.3881],[32585674.7903,5874394.4107],[32585630.8505,5874362.4554],[32585530.5166,5874244.7368],[32585491.0409,5874198.6832],[32585403.161,5874114.8002],[32585331.2595,5874066.8674],[32585307.2916,5874010.9448],[32585287.3185,5873955.0222],[32585251.3677,5873935.0503],[32585231.3952,5873935.0506],[32585211.423,5873951.0289],[32585199.44,5873982.985],[32585171.4788,5874002.9579],[32585103.5727,5874026.9259],[32585107.5674,5874038.9093],[32585131.5347,5874066.8704],[32585179.4692,5874102.8201],[32585227.4032,5874114.8028],[32585295.3101,5874146.7577],[32585351.2335,5874182.7074],[32585397.6787,5874235.7861],[32585487.048,5874306.5346],[32585566.9387,5874378.4343],[32585638.8404,5874426.3671],[32585726.7197,5874466.3107],[32585786.6375,5874490.2768],[32585830.5769,5874494.2706],[32585910.4672,5874518.2364],[32585954.4066,5874522.2302],[32586022.3133,5874538.2071],[32586082.2312,5874578.1512],[32586126.1712,5874630.0789],[32586150.1387,5874662.0345],[32586178.1002,5874674.0176],[32586279.1718,5874698.0806],[32586279.3523,5874698.4416],[32586280.102,5874699.941],[32586212.3803,5874799.9023],[32586189.8896,5874830.8903],[32586180.2898,5874842.4713],[32586158.4027,5874868.8757],[32586144.6585,5874892.8664],[32586134.6628,5874923.3545],[32586119.9196,5874989.3285],[32586095.4306,5875078.7933],[32586079.6873,5875114.2795],[32586063.9439,5875141.7688],[32586051.9489,5875159.2621],[32585963.7338,5875146.7683],[32585899.7903,5875143.4985],[32585866.0225,5875141.7718],[32585808.5452,5875134.2756],[32585751.8176,5875124.2805],[32585735.9435,5875120.3843],[32585720.9973,5875116.7159],[32585696.8393,5875110.7866],[32585677.347,5875107.7881],[32585662.8739,5875103.0498],[32585698.7662,5875041.5182],[32585694.4978,5875017.3324],[32585686.7818,5874973.612],[32585658.8195,5874913.695],[32585638.847,5874901.7117],[32585628.8607,5874899.7146],[32585598.9018,5874893.7234],[32585538.9843,5874877.7463],[32585511.0236,5874933.6697],[32585507.0299,5874993.587],[32585517.1403,5875034.0263],[32585433.1926,5875013.8291],[32585397.4566,5875001.8344],[32585387.9603,5874996.3367],[32585369.9672,5874979.8435],[32585361.4704,5874969.8476],[32585330.3104,5874925.9789],[32585323.4848,5874916.3694],[32585310.7396,5874900.8758],[32585297.2448,5874889.3805],[32585289.4978,5874884.8824],[32585270.7552,5874878.3853],[32585260.5092,5874876.3863],[32585242.7663,5874875.8867],[32585207.0305,5874879.3859],[32585156.8004,5874877.3874],[32585125.8127,5874878.8873],[32585095.8247,5874883.8858],[32585037.814,5874899.5687],[32584988.8676,5874912.376],[32584942.3862,5874921.3732],[32584895.9829,5874927.9824],[32584861.6684,5874932.8698],[32584803.6915,5874938.8683],[32584738.4674,5874941.3683],[32584659.9985,5874940.3699],[32584609.7685,5874941.87],[32584598.0231,5874940.3707],[32584587.2163,5874938.9913],[32584562.7871,5874935.8731],[32584553.2909,5874938.3723],[32584549.7923,5874941.3711],[32584547.5433,5874946.3692],[32584547.0436,5874960.8634],[32584550.5425,5874974.8578],[32584555.7351,5874986.5914],[32584569.7854,5875018.3403],[32584577.0329,5875047.8284],[32584579.7823,5875080.8153],[32584580.0324,5875099.4314],[32584580.7829,5875155.2857],[32584588.4621,5875198.7978],[32584598.7772,5875257.245],[32584597.6605,5875276.9775],[32584597.2033,5875285.0567],[32584595.7791,5875310.224],[32584591.0313,5875331.7155],[32584586.5332,5875342.2114],[32584571.5395,5875361.7039],[32584551.7975,5875377.1981],[32584528.307,5875388.6938],[32584501.8177,5875398.1905],[32584472.0796,5875405.1881],[32584440.5921,5875408.6872],[32584409.6044,5875409.6873],[32584329.886,5875406.1899],[32584322.389,5875407.1896],[32584316.1415,5875408.6891],[32584311.1435,5875412.1878],[32584307.645,5875417.1858],[32584305.6459,5875423.1835],[32584307.3953,5875432.1799],[32584314.6425,5875439.177],[32584326.1381,5875445.6742],[32584340.1326,5875452.1715],[32584363.6234,5875460.1679],[32584372.1201,5875464.666],[32584381.1166,5875472.1629],[32584390.3631,5875482.1588],[32584400.1094,5875496.6529],[32584408.6062,5875511.6468],[32584419.3325,5875535.4176],[32584427.0995,5875552.6303],[32584430.5981,5875555.629],[32584440.5942,5875557.6281],[32584444.8425,5875556.1286],[32584451.0899,5875548.1317],[32584457.6892,5875529.6867],[32584470.5814,5875493.653],[32584484.5755,5875467.6631],[32584493.8216,5875455.168],[32584504.5672,5875444.1722],[32584517.0621,5875434.176],[32584531.3063,5875427.1785],[32584560.0448,5875418.1817],[32584601.7782,5875413.183],[32584671.2506,5875416.6806],[32584725.7291,5875424.1768],[32584741.223,5875423.177],[32584746.2209,5875420.6779],[32584749.7195,5875416.6794],[32584752.2184,5875407.6829],[32584749.2194,5875397.1872],[32584741.2224,5875385.6918],[32584727.9775,5875372.1974],[32584711.2339,5875350.2064],[32584683.4942,5875305.2247],[32584665.7508,5875270.7386],[32584651.2561,5875237.7519],[32584637.0111,5875192.2702],[32584633.5121,5875163.7816],[32584637.0102,5875123.2976],[32584647.0057,5875089.8107],[32584651.2539,5875080.3144],[32584661.2497,5875064.8204],[32584667.7471,5875058.3229],[32584685.7398,5875047.8268],[32584705.2078,5875040.4581],[32584763.4838,5875018.4005],[32584811.1893,5875000.3438],[32584881.661,5874977.8517],[32584965.0368,5874957.6264],[32584990.8673,5874951.3605],[32585013.8581,5874946.862],[32585036.8489,5874942.3634],[32585082.3308,5874936.3651],[32585148.8044,5874936.3641],[32585185.539,5874938.3569],[32585213.2789,5874939.8618],[32585260.7601,5874945.8587],[32585280.5023,5874951.856],[32585288.4992,5874955.8543],[32585300.9944,5874966.3499],[32585311.4905,5874981.8436],[32585312.4902,5874990.84],[32585307.9921,5874997.8373],[32585299.2456,5875003.3353],[32585291.8914,5875006.477],[32585273.506,5875014.3313],[32585267.0086,5875018.3298],[32585257.2626,5875028.8258],[32585254.5138,5875034.8234],[32585254.264,5875042.3205],[32585256.5132,5875050.3173],[32585260.7616,5875057.8142],[32585266.7593,5875062.3123],[32585281.2536,5875067.3101],[32585307.7432,5875072.8076],[32585344.4789,5875090.7999],[32585361.4722,5875097.7968],[32585376.2164,5875101.795],[32585381.9641,5875102.2947],[32585389.7975,5875101.1979],[32585406.9542,5875098.7958],[32585422.1981,5875099.7951],[32585451.1992,5875105.9191],[32585462.4323,5875108.2912],[32585476.4268,5875113.7888],[32585481.175,5875118.7867],[32585484.6737,5875126.2837],[32585486.673,5875136.2797],[32585486.6732,5875147.7751],[32585484.924,5875158.271],[32585476.4278,5875186.26],[32585475.6783,5875201.254],[32585478.9271,5875207.7514],[32585486.6741,5875214.2487],[32585498.6694,5875220.2462],[32585550.1492,5875237.2386],[32585620.8714,5875255.7302],[32585649.6101,5875260.228],[32585672.8508,5875258.7283],[32585701.5893,5875253.23],[32585744.0722,5875237.2357],[32585766.3133,5875231.2378],[32585779.808,5875229.7382],[32585808.0468,5875230.7373],[32585832.5371,5875236.7346],[32585843.2829,5875241.2326],[32585852.7792,5875247.2301],[32585868.0234,5875263.2235],[32585873.7712,5875272.2199],[32585881.7683,5875291.2122],[32585885.5171,5875311.704],[32585885.7673,5875333.6953],[32585880.7698,5875369.1813],[32585875.0224,5875391.6724],[32585866.2761,5875411.6646],[32585853.7813,5875428.1583],[32585837.7878,5875439.654],[32585819.7951,5875446.6514],[32585798.105,5875451.6895],[32585781.0606,5875455.6485],[32585710.3389,5875475.6416],[32585670.8547,5875484.1388],[32585652.6121,5875490.1367],[32585643.8656,5875493.6354],[32585628.6218,5875503.6317],[32585610.1668,5875523.2649],[32585604.1319,5875533.1204],[32585608.6302,5875538.6181],[32585614.6278,5875540.6172],[32585641.1173,5875542.616],[32585670.8555,5875538.6172],[32585688.5987,5875557.1096],[32585696.5957,5875568.6049],[32585698.3451,5875573.6029],[32585698.3451,5875579.1007],[32585692.098,5875606.0901],[32585692.5979,5875611.5879],[32585695.0969,5875616.0861],[32585700.5948,5875619.0848],[32585720.6495,5875620.5839],[32585727.3342,5875621.0836],[32585736.5806,5875625.0819],[32585739.3296,5875629.58],[32585739.5798,5875656.5693],[32585741.8291,5875666.0655],[32585744.8279,5875670.0639],[32585756.8233,5875676.0613],[32585764.3203,5875678.0604],[32585770.5678,5875677.5605],[32585775.5658,5875675.0614],[32585783.5625,5875665.0653],[32585789.8398,5875650.4925],[32585797.5565,5875632.578],[32585813.05,5875610.0867],[32585837.2901,5875587.5952],[32585852.5339,5875577.599],[32585869.7769,5875569.1021],[32585889.0192,5875562.6044],[32585955.9924,5875544.6105],[32586018.9671,5875523.1181],[32586060.7003,5875505.1246],[32586088.1891,5875486.1317],[32586117.4271,5875461.1412],[32586135.1698,5875442.1485],[32586142.4168,5875432.6522],[32586153.912,5875412.6599],[32586162.4888,5875388.9557],[32586167.656,5875374.6748],[32586179.401,5875354.1827],[32586185.5497,5875346.4842],[32586210.1383,5875315.6976],[32586229.1305,5875297.7044],[32586239.3764,5875290.707],[32586323.5823,5875235.9152],[32586333.0883,5875229.7298],[32586384.8175,5875207.238],[32586426.5507,5875193.2429],[32586467.0345,5875182.7465],[32586485.0273,5875179.2476],[32586534.5076,5875174.7486],[32586668.9542,5875173.2472],[32586736.4274,5875174.7456],[32586776.9114,5875179.2432],[32586828.641,5875188.2389],[32586882.8697,5875202.2325],[32586908.3597,5875211.2285],[32586931.3507,5875222.2238],[32587110.0312,5875323.6808],[32587155.5134,5875347.6706],[32587183.2526,5875360.1653],[32587245.4782,5875385.1544],[32587329.1954,5875415.1412],[32587368.5788,5875426.1021],[32587403.9834,5875435.9557],[32587454.896,5875450.1254],[32587468.3396,5875470.9148],[32587477.3115,5875484.7891],[32587481.7806,5875491.7003],[32587499.7149,5875519.4343],[32587508.6752,5875533.2906],[32587522.1207,5875554.0831],[32587515.995,5875569.4193],[32587486.3862,5875643.5482],[32587466.3771,5875683.9526],[32587460.3972,5875696.0277],[32587451.4011,5875720.5181],[32587450.4017,5875734.5126],[32587452.401,5875740.0104],[32587460.8977,5875748.0071],[32587469.6563,5875752.0283],[32587495.6342,5875764.5],[32587508.1294,5875777.4947],[32587527.9108,5875817.511],[32587551.6133,5875865.4591],[32587563.3589,5875879.4534],[32587567.3573,5875881.4525],[32587575.6348,5875882.7496],[32587634.3309,5875891.9473],[32587665.3187,5875900.9433],[32587707.0524,5875919.9351],[32587729.2938,5875935.4286],[32587738.5402,5875944.4249],[32587752.5349,5875965.9162],[32587765.0305,5876004.4007],[32587772.2782,5876041.8857],[32587696.8084,5876062.3787],[32587653.076,5876077.8732],[32587635.583,5876086.3701],[32587610.8431,5876103.8635],[32587594.5998,5876124.8555],[32587573.3526,5876172.2685],[32587564.3628,5876192.3291],[32587533.8756,5876243.3093],[32587510.8852,5876274.7972],[32587490.1437,5876298.788],[32587480.1478,5876307.7846],[32587468.1527,5876314.782],[32587440.4138,5876326.2778],[32587378.9385,5876345.2712],[32587336.3304,5876364.5143],[32587324.7104,5876369.7623],[32587303.7188,5876374.7606],[32587277.979,5876375.7606],[32587258.4867,5876369.7633],[32587251.2395,5876365.2652],[32587233.7525,5876348.8385],[32587218.2522,5876334.278],[32587175.2689,5876307.7892],[32587163.2607,5876298.8195],[32587154.5269,5876292.2956],[32587148.2793,5876290.7963],[32587142.2817,5876291.796],[32587131.0363,5876298.2936],[32587111.2944,5876318.286],[32587078.3535,5876362.3241],[32587063.8141,5876381.7615],[32587041.5733,5876409.2509],[32587029.0785,5876422.2459],[32586996.3419,5876450.2353],[32586938.1156,5876493.7189],[32586925.6545,5876490.5186],[32586819.4123,5876463.2328],[32586770.5079,5876456.6127],[32586738.1944,5876452.2384],[32586714.2038,5876447.2407],[32586698.7099,5876442.243],[32586691.9626,5876441.7433],[32586678.468,5876445.2421],[32586664.2238,5876453.2391],[32586655.8604,5876459.7599],[32586619.9918,5876487.7261],[32586597.5009,5876498.7221],[32586584.5061,5876502.7207],[32586554.518,5876506.2197],[32586454.8076,5876505.2216],[32586413.8239,5876507.7213],[32586396.3309,5876510.7203],[32586368.592,5876519.7172],[32586354.5357,5876526.6787],[32586316.1132,5876545.7076],[32586261.6351,5876566.2003],[32586252.657,5876568.7419],[32586235.255,5876573.6683],[32586235.0699,5876573.7207],[32586180.4177,5876589.1924],[32586132.8627,5876599.1821],[32586087.1264,5876608.7898],[32586067.0965,5876615.4491],[32585882.4381,5876593.9801],[32585795.5949,5876583.8834],[32585393.8302,5876565.8999],[32585339.8619,5876565.9007],[32585291.8898,5876553.9085],[32585243.9177,5876535.9197],[32585183.9523,5876493.9453],[32585141.9768,5876481.9529],[32585111.9944,5876481.9533],[32585094.005,5876493.9467],[32585088.0089,5876517.9326],[32585105.9989,5876553.9113],[32585123.9888,5876589.8898],[32585123.9894,5876631.8653],[32585100.0041,5876679.8375],[32585034.044,5876763.7893],[32585028.0477,5876781.7789],[32585040.0411,5876811.761],[32585106.0021,5876787.7741],[32585333.8666,5876655.848],[32585411.8206,5876637.8573],[32585585.7187,5876643.8513],[32585839.7341,5876676.0689],[32585996.1248,5876693.4434],[32585995.6991,5876704.9904],[32585994.7436,5876747.6323],[32585999.2422,5876772.1225],[32586004.7401,5876781.6187],[32586020.9839,5876799.6113],[32586069.9651,5876848.5911],[32586077.4623,5876857.5874],[32586087.9584,5876876.0799],[32586095.4558,5876905.5681],[32586096.4557,5876924.0607],[32586095.2064,5876941.054],[32586089.2092,5876973.0414],[32586088.9596,5876994.0331],[32586091.7087,5877003.0295],[32586097.2066,5877009.5268],[32586105.7032,5877014.0249],[32586116.449,5877016.5237],[32586128.6942,5877017.0233],[32586155.6834,5877013.5243],[32586180.6734,5877006.0269],[32586190.9193,5877002.0284],[32586200.6653,5876996.0306],[32586211.9107,5876987.5338],[32586236.4007,5876964.5426],[32586274.8848,5876921.0592],[32586319.1165,5876866.5802],[32586349.3541,5876836.0919],[32586369.3459,5876821.0975],[32586380.0916,5876816.0993],[32586391.3371,5876812.6005],[32586415.8273,5876809.6014],[32586487.0491,5876813.5987],[32586529.5323,5876822.0947],[32586578.763,5876837.5878],[32586641.2385,5876863.0767],[32586716.1972,5876896.1128],[32586776.1858,5876922.5511],[32586818.4193,5876942.5425],[32586912.6326,5876991.0219],[32586904.1367,5877047.4996],[32586895.6409,5877103.9773],[32586887.145,5877160.455],[32586878.6492,5877216.9327],[32586841.4138,5877202.9388],[32586829.6683,5877196.4416],[32586807.9267,5877179.4486],[32586791.6829,5877160.4564],[32586759.445,5877106.4783],[32586746.6998,5877089.4853],[32586730.706,5877074.9913],[32586712.9628,5877063.4961],[32586703.7165,5877059.9976],[32586684.7239,5877054.9999],[32586662.4827,5877053.001],[32586650.2376,5877053.0012],[32586637.9925,5877053.0014],[32586603.0467,5877056.8195],[32586578.5162,5877059.4997],[32586554.7756,5877058.0007],[32586532.7842,5877053.003],[32586514.7913,5877045.0064],[32586469.5586,5877003.5236],[32586445.8178,5876984.0317],[32586418.8283,5876968.5382],[32586396.0872,5876961.5413],[32586377.0948,5876962.5412],[32586361.1012,5876969.5387],[32586354.1041,5876974.5368],[32586347.1069,5876980.5345],[32586340.8595,5876989.0313],[32586324.1166,5877020.519],[32586307.3739,5877068.0004],[32586299.3777,5877108.4845],[32586299.128,5877122.4789],[32586300.8774,5877134.9739],[32586304.6261,5877146.9691],[32586311.1237,5877157.4648],[32586319.6204,5877165.4615],[32586340.8621,5877175.9571],[32586364.3529,5877179.9551],[32586399.2132,5877180.4544],[32586434.0752,5877180.9537],[32586450.5687,5877184.9518],[32586467.5621,5877194.9476],[32586477.0584,5877203.4441],[32586499.0501,5877232.4323],[32586523.0411,5877269.4172],[32586554.5294,5877324.8947],[32586573.2725,5877364.3788],[32586600.0957,5877429.6848],[32586625.0037,5877490.328],[32586641.9973,5877518.8164],[32586654.9923,5877529.8118],[32586672.4854,5877535.8092],[32586683.4811,5877537.3084],[32586716.9678,5877537.3079],[32586745.2065,5877531.8097],[32586743.1368,5877550.1057],[32586737.4605,5877600.2826],[32586704.7531,5877625.0816],[32586679.4103,5877625.8739],[32586443.2296,5877633.2583],[32586269.3313,5877615.2713],[32586005.4859,5877603.2824],[32585885.5566,5877627.27],[32585741.5712,5877675.2678],[32585742.0931,5877669.1787],[32585746.354,5877601.2971],[32585744.6042,5877563.812],[32585741.3553,5877548.3182],[32585732.3585,5877522.8285],[32585726.6106,5877511.3331],[32585719.6133,5877500.8374],[32585699.8708,5877481.8452],[32585669.6326,5877464.8524],[32585649.8903,5877456.8559],[32585603.9084,5877443.362],[32585545.4811,5877431.3304],[32585477.7082,5877417.3742],[32585453.4677,5877409.3777],[32585432.2259,5877397.3828],[32585423.2294,5877388.8863],[32585416.232,5877378.8904],[32585382.8705,5877300.925],[32585371.7482,5877274.9323],[32585348.7568,5877230.4503],[32585336.7613,5877213.4572],[32585324.516,5877200.9624],[32585311.2711,5877191.9662],[32585297.0267,5877186.4686],[32585267.0385,5877181.9708],[32585217.8081,5877185.9699],[32585203.064,5877188.969],[32585192.0685,5877194.467],[32585184.5715,5877201.4643],[32585179.5736,5877209.4612],[32585176.8249,5877218.9575],[32585175.5756,5877239.4493],[32585177.3252,5877260.9408],[32585185.0725,5877284.9311],[32585202.9321,5877326.1158],[32585209.5636,5877341.4084],[32585221.3093,5877373.3955],[32585247.6598,5877475.3038],[32585255.2977,5877504.8428],[32585269.2925,5877533.8311],[32585290.7623,5877562.6113],[32585300.9694,5877576.294],[32585315.525,5877595.8058],[32585323.0222,5877604.8021],[32585341.765,5877621.7951],[32585353.5104,5877630.2915],[32585404.2407,5877659.779],[32585474.5878,5877696.1108],[32585495.2052,5877706.759],[32585511.449,5877723.752],[32585520.4244,5877738.3477],[32585473.9369,5877763.1419],[32585422.1864,5877768.0713],[32585331.0069,5877763.1441],[32585183.9696,5877741.2138],[32585100.0189,5877753.208],[32584974.0928,5877753.2099],[32584920.1249,5877789.1897],[32584858.8888,5877850.4275],[32584853.2119,5877836.2173],[32584838.7173,5877815.2258],[32584819.9745,5877796.7334],[32584797.4833,5877782.7393],[32584772.743,5877775.7425],[32584748.7525,5877774.2434],[32584728.2607,5877777.2425],[32584710.2679,5877785.2396],[32584694.5244,5877798.7345],[32584686.7776,5877808.7307],[32584670.5344,5877837.2196],[32584648.294,5877889.1993],[32584638.2984,5877919.6873],[32584629.5523,5877956.6728],[32584628.0532,5877978.1643],[32584632.3018,5877997.1567],[32584637.05,5878005.6532],[32584650.7948,5878018.6479],[32584669.5374,5878025.145],[32584691.7023,5878028.7853],[32584772.9966,5878042.1367],[32584788.9902,5878042.6363],[32584806.7331,5878039.1374],[32584816.2293,5878035.1388],[32584823.7263,5878028.6413],[32584830.2236,5878020.6444],[32584835.4713,5878010.6483],[32584858.9611,5877941.6753],[32584863.8693,5877911.4874],[32584956.1052,5877885.1329],[32585016.0696,5877855.1495],[32585088.027,5877825.1662],[32585141.9953,5877819.1686],[32585237.9391,5877831.1603],[32585267.9218,5877849.1494],[32585339.8797,5877849.1483],[32585459.8082,5877849.1465],[32585495.6563,5877849.146],[32585433.2325,5877903.182],[32585410.7418,5877924.6738],[32585391.9995,5877948.6645],[32585385.2524,5877960.6599],[32585381.0042,5877972.1554],[32585378.7553,5877983.151],[32585379.7552,5878004.6425],[32585391.2513,5878056.1219],[32585403.247,5878089.6084],[32585420.2408,5878127.0933],[32585451.4792,5878186.5692],[32585491.2141,5878234.5495],[32585526.4506,5878272.5339],[32585543.4441,5878289.0271],[32585558.4383,5878301.0221],[32585572.4329,5878309.0188],[32585587.427,5878313.5168],[32585602.4211,5878315.5157],[32585617.665,5878315.0157],[32585632.659,5878312.5165],[32585660.6478,5878302.52],[32585683.6384,5878287.5256],[32585692.1349,5878277.5295],[32585698.8821,5878265.0343],[32585703.63,5878251.0398],[32585706.8785,5878234.5463],[32585708.6273,5878196.5614],[32585704.1284,5878151.5793],[32585694.1318,5878106.0975],[32585671.1397,5878017.1332],[32585667.3909,5877996.1416],[32585666.8907,5877973.1507],[32585669.8892,5877948.6604],[32585675.6366,5877923.1704],[32585691.1297,5877874.6894],[32585701.2028,5877848.4708],[32585709.3718,5877827.208],[32585719.6297,5877792.1235],[32585837.5861,5877729.2111],[32585921.5364,5877693.231],[32586059.4557,5877705.2219],[32586215.3642,5877711.2159],[32586335.2942,5877723.207],[32586455.2239,5877729.2018],[32586556.1809,5877729.2003],[32586634.1981,5877729.1991],[32586644.9991,5877731.232],[32586682.2344,5877741.7273],[32586697.2285,5877747.7247],[32586722.9685,5877761.219],[32586757.4552,5877789.7071],[32586768.451,5877802.202],[32586784.695,5877829.6908],[32586794.4414,5877855.1806],[32586799.1898,5877873.6732],[32586753.4581,5877880.1713],[32586746.2109,5877880.1714],[32586737.2145,5877880.1715],[32586727.9682,5877880.1716],[32586715.4731,5877880.1718],[32586701.7286,5877880.172],[32586647.2503,5877883.6715],[32586621.5106,5877889.6695],[32586591.5226,5877900.1658],[32586533.546,5877927.6557],[32586507.5566,5877945.649],[32586494.312,5877957.1446],[32586469.8221,5877983.1347],[32586451.8296,5878011.1238],[32586443.3334,5878037.6134],[32586438.086,5878075.5984],[32586439.5857,5878102.0879],[32586442.0849,5878116.0823],[32586450.582,5878145.0707],[32586457.8293,5878160.0646],[32586475.8226,5878190.0524],[32586527.8029,5878262.0231],[32586566.2886,5878331.4949],[32586597.2772,5878398.9677],[32586604.2748,5878425.457],[32586605.5247,5878449.4475],[32586604.0254,5878461.9426],[32586595.2793,5878487.4326],[32586577.7866,5878514.9219],[32586567.041,5878526.9173],[32586556.7952,5878535.9139],[32586535.8037,5878546.9099],[32586521.2295,5878551.1852],[32586479.5762,5878563.4041],[32586462.833,5878571.901],[32586448.5888,5878582.3971],[32586437.0935,5878594.8923],[32586420.8503,5878619.3828],[32586412.354,5878638.3754],[32586329.6365,5878614.886],[32586285.154,5878604.3908],[32586256.1655,5878600.8926],[32586230.4257,5878600.893],[32586206.4353,5878605.8914],[32586195.6896,5878610.8896],[32586185.9436,5878617.8869],[32586177.697,5878627.3833],[32586172.6991,5878639.8784],[32586171.9496,5878654.3727],[32586174.6988,5878670.8661],[32586180.4467,5878687.8592],[32586196.6907,5878719.8463],[32586215.1837,5878741.8373],[32586248.4208,5878767.8265],[32586390.116,5878867.2849],[32586434.8486,5878895.2731],[32586524.8135,5878941.7533],[32586608.5308,5878977.2379],[32586626.2738,5878982.2357],[32586642.0176,5878984.7344],[32586682.2517,5878988.7322],[32586718.3356,5878990.6542],[32586740.8681,5878991.8544],[32586804.2033,5878995.2278],[32586861.9304,5878991.7284],[32586899.1655,5878985.2304],[32586929.4034,5878975.7337],[32586941.6484,5878968.2365],[32586953.8934,5878957.2407],[32586965.6385,5878943.7458],[32586986.6298,5878912.7578],[32587002.3731,5878882.2697],[32587007.6208,5878869.7746],[32587012.1187,5878847.7832],[32587011.6187,5878828.291],[32587007.62,5878809.2986],[32587049.1034,5878799.8017],[32587085.5888,5878793.8036],[32587103.3318,5878792.3039],[32587144.5654,5878792.8031],[32587166.8065,5878788.3045],[32587183.6018,5878783.2057],[32587222.784,5878771.3104],[32587246.2372,5878766.1196],[32587344.7353,5878744.3193],[32587358.4797,5878737.8217],[32587364.4773,5878733.3234],[32587373.9734,5878723.827],[32587376.7222,5878718.8289],[32587376.7221,5878707.8333],[32587368.4752,5878698.3372],[32587345.7341,5878688.3415],[32587320.471,5878679.6902],[32587309.2484,5878675.847],[32587295.5038,5878672.8484],[32587261.0174,5878667.8509],[32587221.783,5878665.3525],[32587171.4872,5878666.5565],[32587117.3245,5878667.8531],[32587089.3355,5878663.8551],[32587076.8405,5878660.3567],[32587064.5023,5878654.0536],[32587102.8561,5878592.6858],[32587138.8336,5878484.7484],[32587168.8139,5878346.8289],[32587180.8059,5878274.8709],[32587192.7985,5878238.8919],[32587228.1434,5878196.4763],[32587228.524,5878208.5338],[32587232.2727,5878224.0276],[32587235.7714,5878231.5245],[32587248.0167,5878244.0194],[32587256.2635,5878249.0173],[32587275.0062,5878256.0142],[32587293.405,5878257.9232],[32587327.9852,5878261.5112],[32587350.9762,5878267.0087],[32587379.9648,5878278.0039],[32587398.9574,5878289.9988],[32587434.4438,5878318.9868],[32587467.5108,5878353.1082],[32587481.4258,5878367.4669],[32587496.42,5878379.9617],[32587532.1561,5878403.4518],[32587551.3986,5878413.9473],[32587605.8773,5878436.9374],[32587637.6148,5878445.4335],[32587669.8521,5878450.9309],[32587717.8331,5878452.4296],[32587764.5645,5878446.931],[32587807.2974,5878438.4338],[32587830.7879,5878428.9372],[32587848.5307,5878414.9425],[32587857.0271,5878399.4485],[32587857.2768,5878382.955],[32587854.7776,5878374.4584],[32587850.5292,5878366.9615],[32587832.786,5878347.4695],[32587819.2912,5878337.9735],[32587803.2975,5878329.4771],[32587790.1231,5878324.1786],[32587780.3238,5878320.2376],[32587666.601,5878274.501],[32587703.0857,5878217.523],[32587724.0768,5878175.5394],[32587732.5731,5878153.548],[32587745.0676,5878111.0647],[32587753.3138,5878075.0788],[32587758.2948,5878044.7568],[32587759.061,5878040.0926],[32588022.5629,5878246.8806],[32588107.4265,5878313.4788],[32588138.1645,5878330.9714],[32588161.1555,5878339.9675],[32588184.8962,5878345.465],[32588196.6415,5878346.4644],[32588209.6371,5878401.9422],[32588210.8869,5878422.434],[32588209.1377,5878429.9311],[32588205.8891,5878437.9279],[32588194.6438,5878452.4224],[32588178.1505,5878464.9177],[32588167.9046,5878468.9162],[32588065.4456,5878492.4084],[32588020.2137,5878498.4067],[32587909.5077,5878500.9074],[32587809.7972,5878498.9097],[32587777.8099,5878500.9094],[32587749.0714,5878505.9079],[32587722.3322,5878513.9051],[32587696.0927,5878523.9015],[32587682.0984,5878531.3987],[32587654.1098,5878552.8906],[32587640.8652,5878567.3851],[32587628.8702,5878584.3785],[32587618.6246,5878603.3711],[32587604.3808,5878646.8541],[32587600.8825,5878665.8466],[32587599.6332,5878682.8399],[32587600.633,5878697.3341],[32587604.1318,5878709.3293],[32587609.8796,5878719.825],[32587618.3764,5878728.3215],[32587629.1222,5878735.3186],[32587641.6173,5878740.8162],[32587655.112,5878744.3146],[32587684.8503,5878747.313],[32587718.087,5878744.8135],[32587736.0798,5878741.8144],[32587773.8366,5878733.3698],[32587814.2986,5878724.3202],[32587924.2546,5878705.8258],[32587947.4954,5878703.8263],[32587969.9865,5878705.3254],[32587992.2277,5878709.3234],[32588034.711,5878722.3176],[32588073.9457,5878739.8101],[32588110.1816,5878758.802],[32588150.4159,5878785.2909],[32588170.908,5878800.7844],[32588207.6439,5878832.2714],[32588234.1337,5878859.7601],[32588258.6245,5878898.2444],[32588288.6134,5878956.2209],[32588314.8539,5879017.1963],[32588323.3509,5879044.6853],[32588328.1338,5879071.1831],[32588341.8449,5879147.1443],[32588374.6963,5879279.8057],[32588380.8316,5879304.5813],[32588391.0856,5879358.1493],[32588405.3237,5879432.5301],[32588415.8201,5879471.5145],[32588428.3154,5879497.0042],[32588443.3097,5879514.9968],[32588448.5702,5879518.3033],[32588452.0563,5879520.4945],[32588461.0528,5879522.9933],[32588470.7989,5879522.4934],[32588480.7949,5879518.9946],[32588490.541,5879512.4971],[32588499.5373,5879504.0003],[32588507.5339,5879493.5043],[32588526.7908,5879462.9579],[32588558.2627,5879413.0355],[32588577.338,5879380.0483],[32588615.4886,5879314.0739],[32588632.9813,5879290.583],[32588656.7217,5879273.5894],[32588689.2177,5879253.0976],[32588696.6873,5879248.3873],[32588735.1898,5879224.1079],[32588776.4204,5879196.6199],[32588808.66,5879175.1262],[32588900.8726,5879117.1478],[32588919.1152,5879104.6525],[32588944.3548,5879082.161],[32588984.8381,5879033.6797],[32589009.8277,5878998.1934],[32589019.3237,5878981.6998],[32589031.5684,5878954.2105],[32589039.3151,5878933.2187],[32589041.5639,5878916.2254],[32589040.0644,5878908.2286],[32589029.5684,5878890.7357],[32589020.5718,5878881.7394],[32589008.8264,5878874.2426],[32588981.0872,5878862.7476],[32588950.8492,5878857.75],[32588936.3549,5878857.7502],[32588922.8603,5878859.7497],[32588891.373,5878871.2456],[32588852.3887,5878890.2386],[32588789.4548,5878925.6693],[32588751.1797,5878947.2175],[32588719.9423,5878961.2124],[32588682.7072,5878973.2082],[32588636.2258,5878983.205],[32588588.7448,5878990.7027],[32588568.2529,5878992.2024],[32588532.5171,5878991.7032],[32588517.2731,5878988.7046],[32588503.2786,5878983.7068],[32588490.7835,5878976.7098],[32588479.038,5878967.2137],[32588468.0422,5878955.7184],[32588458.046,5878942.2239],[32588440.8024,5878912.2361],[32588429.0566,5878880.7488],[32588425.8077,5878865.255],[32588422.3085,5878820.7727],[32588421.307,5878687.8255],[32588416.3086,5878681.4943],[32588413.0202,5878677.3292],[32588399.7526,5878660.5239],[32588383.8213,5878640.3449],[32588369.5767,5878623.8517],[32588360.0803,5878612.8562],[32588348.7208,5878595.1359],[32588347.585,5878593.3641],[32588350.4385,5878591.3078],[32588381.5712,5878568.8733],[32588393.8162,5878556.8779],[32588403.3122,5878541.3839],[32588412.8081,5878518.8927],[32588424.3029,5878476.4094],[32588428.051,5878445.9214],[32588426.5513,5878420.4316],[32588418.0542,5878391.4432],[32588380.1158,5878370.4692],[32588377.3562,5878368.9435],[32588314.9713,5878334.4543],[32588330.3325,5878283.2476],[32588344.723,5878204.0937],[32588333.9261,5878112.3307],[32588338.6582,5878110.8252],[32588343.6415,5878109.2399],[32588344.7615,5878108.8836],[32588363.0721,5878103.0585],[32588472.278,5878053.0767],[32588545.49,5878023.1385],[32588595.7283,5878002.5949],[32588629.7146,5877986.1009],[32588642.9592,5877978.1039],[32588683.6928,5877955.6122],[32588720.9276,5877928.6224],[32588726.6752,5877923.1245],[32588732.4229,5877917.6265],[32588744.168,5877903.1321],[32588749.6657,5877894.6354],[32588753.1642,5877885.6389],[32588755.4132,5877876.1427],[32588755.6628,5877855.6508],[32588752.4138,5877832.66],[32588745.4162,5877808.1698],[32588738.6687,5877794.6753],[32588722.1749,5877770.1852],[32588700.1833,5877744.6957],[32588697.1568,5877741.4194],[32588672.9437,5877715.2078],[32588646.2038,5877680.7219],[32588610.7841,5877620.7575],[32588592.4739,5877589.7588],[32588568.9828,5877556.2725],[32588555.4879,5877539.7792],[32588525.9992,5877508.792],[32588480.7666,5877466.8093],[32588490.7612,5877364.8496],[32588492.2601,5877326.3649],[32588491.51,5877297.3764],[32588488.5108,5877274.3856],[32588479.0141,5877236.9006],[32588456.5223,5877186.9208],[32588461.2509,5877187.4205],[32588517.998,5877193.4173],[32588542.5217,5877199.0402],[32588546.7059,5877199.9996],[32588596.4671,5877211.409],[32588604.0365,5877211.6107],[32588615.2097,5877211.9085],[32588634.2021,5877209.909],[32588656.1933,5877204.9106],[32588666.4392,5877200.4123],[32588683.4323,5877188.4168],[32588689.9296,5877182.4191],[32588700.4252,5877168.4245],[32588701.1749,5877167.4248],[32588698.5262,5877165.3259],[32588687.93,5877156.9292],[32588678.4336,5877144.4343],[32588673.6853,5877127.4411],[32588673.6851,5877115.4459],[32588676.4333,5877060.9675],[32588682.93,5877007.9884],[32588688.4275,5876990.9951],[32588696.4241,5876974.0017],[32588704.6704,5876939.0155],[32588707.419,5876917.524],[32588708.6678,5876865.0448],[32588703.4186,5876773.5812],[32588740.904,5876792.0732],[32588756.6479,5876805.5677],[32588760.6633,5876818.6635],[32588772.8922,5876858.5464],[32588781.639,5876877.0389],[32588791.6352,5876892.0328],[32588806.6294,5876903.528],[32588815.6259,5876907.5263],[32588835.1182,5876911.5244],[32588854.3606,5876910.5245],[32588862.8571,5876906.526],[32588869.8543,5876899.5286],[32588875.8517,5876890.0323],[32588885.6689,5876867.6574],[32588897.3425,5876841.0514],[32588909.3376,5876828.0564],[32588927.0803,5876813.5619],[32588960.3169,5876794.5689],[32588986.0566,5876787.0715],[32589041.2846,5876783.0723],[32589127.7503,5876784.5704],[32589174.9816,5876787.5685],[32589185.9772,5876790.0673],[32589195.4735,5876793.066],[32589213.2166,5876804.0613],[32589230.9594,5876822.0896],[32589237.2256,5876831.0389],[32589243.515,5876849.5645],[32589245.6801,5876882.315],[32589246.5857,5876896.0142],[32589252.8744,5876921.5734],[32589254.4711,5876924.6385],[32589255.6493,5876926.9001],[32589268.9952,5876936.9093],[32589282.3334,5876944.5692],[32589287.3612,5876945.0774],[32589299.6592,5876940.7049],[32589313.9009,5876932.981],[32589318.0805,5876930.7142],[32589321.949,5876928.6161],[32589321.9988,5876928.5441],[32589315.866,5877258.4986],[32589315.8141,5877258.4648],[32589288.1663,5877259.3214],[32589278.8942,5877261.1838],[32589274.0162,5877267.2013],[32589244.0261,5877304.1973],[32589220.4709,5877325.8541],[32589135.5053,5877370.8375],[32589085.2758,5877409.8228],[32589049.2905,5877441.8106],[32589041.7936,5877450.3074],[32589029.7986,5877470.7994],[32589018.0537,5877499.7881],[32589008.0581,5877533.7748],[32588998.0629,5877587.2537],[32588989.0669,5877622.7397],[32588967.8652,5877683.9353],[32588947.3351,5877743.1925],[32588933.3414,5877795.6719],[32588927.0944,5877828.1591],[32588923.8461,5877861.1461],[32588922.5971,5877897.1318],[32588924.5968,5877934.1171],[32588930.5949,5877968.6033],[32588942.3407,5877998.5912],[32588951.7655,5878012.7757],[32588971.3297,5878035.5761],[32588995.5703,5878055.5678],[32589096.6202,5878117.199],[32589136.5155,5878141.5315],[32589168.2201,5878160.2169],[32589237.9847,5878201.3332],[32589240.4933,5878205.5785],[32589245.2695,5878215.3698],[32589248.3228,5878226.5365],[32589245.8746,5878237.4779],[32589238.3248,5878251.6369],[32589222.2118,5878271.188],[32589207.5157,5878289.0199],[32589198.4931,5878299.9677],[32589184.4988,5878305.9655],[32589172.6279,5878306.4655],[32589160.7582,5878306.9655],[32589143.5151,5878310.9642],[32589128.2712,5878317.4618],[32589112.8275,5878326.6766],[32589102.2818,5878337.4543],[32589099.7829,5878342.9521],[32589098.2837,5878355.4472],[32589103.5319,5878375.939],[32589108.2801,5878382.4363],[32589115.2774,5878387.934],[32589135.0196,5878395.9306],[32589159.2601,5878399.4288],[32589194.7459,5878396.9293],[32589217.4869,5878392.4307],[32589223.7235,5878390.2753],[32589236.7783,5878375.0819],[32589253.6833,5878344.7653],[32589271.3705,5878313.0462],[32589286.1997,5878294.6877],[32589296.6962,5878286.3618],[32589296.7618,5878286.332],[32589256.5892,5880447.6792],[32589256.4981,5880447.654],[32589246.2648,5880436.2515],[32589222.0344,5880401.8334],[32589215.779,5880383.7856],[32589207.5176,5880344.801],[32589203.0195,5880335.6721],[32589196.5219,5880327.6959],[32589187.2755,5880321.2214],[32589166.0338,5880313.169],[32589143.5427,5880311.6699],[32589127.1526,5880313.515],[32589104.5583,5880318.6678],[32589073.071,5880329.1641],[32589041.9269,5880343.0562],[32589003.599,5880360.1528],[32588963.615,5880374.6477],[32588941.6238,5880379.646],[32588884.3967,5880388.1435],[32588853.409,5880389.1436],[32588823.4208,5880383.6462],[32588807.1772,5880378.6484],[32588767.9426,5880362.1556],[32588678.9773,5880319.174],[32588583.6894,5880276.7714],[32588483.5537,5880232.2115],[32588458.8134,5880223.2154],[32588430.7486,5880217.2834],[32588366.5997,5880203.7245],[32588347.1074,5880197.7272],[32588312.1211,5880183.2335],[32588285.9559,5880166.2226],[32588231.4024,5880130.7555],[32588208.9108,5880117.261],[32588173.9247,5880096.2701],[32587974.0027,5879991.8146],[32587913.5779,5879912.343],[32587900.2806,5879894.8542],[32587882.2875,5879874.8624],[32587870.2921,5879865.8661],[32587826.6684,5879841.0847],[32587806.0671,5879829.3816],[32587776.8284,5879809.8898],[32587757.2261,5879794.159],[32587657.8743,5879714.4295],[32587634.1335,5879697.9364],[32587621.3885,5879690.9393],[32587605.3948,5879685.9416],[32587581.6542,5879683.9427],[32587550.4166,5879685.4426],[32587500.6864,5879690.9412],[32587470.9483,5879696.9392],[32587447.2079,5879704.4366],[32587428.4654,5879713.9331],[32587414.4711,5879725.9286],[32587405.4749,5879741.9223],[32587403.226,5879751.4186],[32587402.4764,5879761.9145],[32587405.9753,5879784.4055],[32587409.724,5879795.9009],[32587421.2197,5879816.8924],[32587428.2171,5879826.8883],[32587445.4605,5879842.8817],[32587456.2063,5879850.3785],[32587482.1962,5879863.8728],[32587527.4284,5879879.3659],[32587571.9108,5879885.8627],[32587594.152,5879885.3626],[32587613.6442,5879882.3635],[32587621.2638,5879896.2835],[32587623.5971,5879900.5462],[32587665.6249,5879977.325],[32587672.8723,5880000.3157],[32587676.6212,5880022.307],[32587676.8712,5880031.8032],[32587673.1228,5880043.2987],[32587657.6291,5880054.2945],[32587638.8867,5880062.7915],[32587611.3977,5880069.7891],[32587593.9047,5880072.2884],[32587554.1705,5880073.7884],[32587533.6786,5880072.7891],[32587492.195,5880068.2915],[32587468.9136,5880064.1853],[32587432.9684,5880056.7969],[32587398.4819,5880047.3012],[32587288.4543,5880012.9391],[32587260.2734,5880004.1381],[32587224.0504,5879992.8255],[32587209.0564,5879991.3263],[32587204.8081,5879993.8254],[32587202.0593,5880000.8226],[32587206.5576,5880007.32],[32587216.5537,5880012.8177],[32587239.2948,5880021.3139],[32587255.2886,5880030.8099],[32587272.282,5880044.8041],[32587323.9781,5880093.4801],[32587340.7557,5880109.2775],[32587346.5035,5880115.7748],[32587354.2507,5880131.2686],[32587357.9995,5880152.2602],[32587357.4998,5880161.7564],[32587352.2521,5880179.2495],[32587342.7561,5880194.7435],[32587315.7672,5880223.7324],[32587271.2855,5880267.2158],[32587254.0426,5880286.7084],[32587248.0451,5880296.2047],[32587239.7986,5880314.6975],[32587226.8043,5880353.1824],[32587217.5582,5880370.1758],[32587212.5603,5880375.6737],[32587200.5652,5880384.1705],[32587176.075,5880390.6683],[32587156.8327,5880392.168],[32587139.8394,5880391.1686],[32587123.3459,5880388.17],[32587105.8527,5880381.6729],[32587077.6139,5880374.6761],[32587039.379,5880370.6783],[32587017.3877,5880370.6786],[32586974.6547,5880373.678],[32586936.42,5880379.1764],[32586900.1845,5880388.6732],[32586882.1917,5880395.6707],[32586846.3888,5880412.5732],[32586834.0068,5880418.4188],[32586822.2527,5880423.9679],[32586783.7315,5880442.1537],[32586737.5655,5880462.7517],[32586718.7577,5880471.1432],[32586698.3983,5880478.9857],[32586685.0213,5880484.1385],[32586664.0297,5880494.6347],[32586655.7831,5880500.6324],[32586650.0355,5880507.6297],[32586647.2867,5880516.1264],[32586645.0379,5880541.6163],[32586645.0386,5880590.0971],[32586645.0388,5880606.5905],[32586643.0399,5880626.0828],[32586637.7922,5880646.075],[32586620.7995,5880684.0601],[32586583.3153,5880745.5363],[32586560.3248,5880777.5239],[32586503.3484,5880844.4982],[32586463.1149,5880884.4829],[32586417.6334,5880917.9703],[32586392.1437,5880930.9656],[32586377.1497,5880935.9638],[32586336.6659,5880942.9616],[32586279.6886,5880947.9605],[32586231.2079,5880947.9612],[32586186.2411,5880944.2026],[32586153.4886,5880941.465],[32586142.2431,5880941.9649],[32586130.9976,5880942.4649],[32586109.2563,5880946.4636],[32586088.5146,5880954.4608],[32586069.7722,5880967.9557],[32586062.0254,5880976.9523],[32586051.7798,5880997.4443],[32586047.032,5881019.9354],[32586046.7824,5881042.9263],[32586050.2818,5881100.4034],[32586049.7825,5881138.3883],[32586045.7846,5881171.8751],[32586033.0401,5881205.8618],[32586025.5432,5881212.3593],[32585994.0554,5881216.2958],[32585977.5623,5881218.3577],[32585954.7044,5881225.4973],[32585913.3254,5881238.4218],[32585886.3489,5881246.8477],[32585879.3518,5881251.3461],[32585874.3538,5881256.844],[32585871.605,5881263.8412],[32585871.3552,5881273.3375],[32585877.603,5881291.3302],[32585894.412,5881311.3875],[32585907.3417,5881326.8157],[32585916.3384,5881344.8084],[32585927.5845,5881384.7924],[32585933.7849,5881413.4959],[32585941.08,5881447.2674],[32585945.8283,5881460.7619],[32585959.5732,5881488.7506],[32585968.8197,5881501.7453],[32585979.3157,5881512.7408],[32585991.5609,5881520.2376],[32586045.7897,5881544.7271],[32586071.2798,5881561.2202],[32586082.2756,5881571.216],[32586100.2688,5881596.2058],[32586114.2637,5881625.6939],[32586122.5108,5881655.1821],[32586123.5106,5881668.6767],[32586120.7972,5881682.2079],[32586117.2634,5881689.6685],[32586101.8256,5881707.437],[32586090.7743,5881720.1568],[32586079.0292,5881739.6492],[32586070.7829,5881768.138],[32586068.7839,5881785.1313],[32586068.0347,5881818.618],[32586071.0339,5881849.6057],[32586075.2826,5881874.0959],[32586081.4056,5881898.5864],[32586085.779,5881916.0791],[32586089.0279,5881929.0739],[32586095.5259,5881974.0559],[32586095.0266,5882006.0432],[32586087.0302,5882040.0299],[32586068.7881,5882088.5109],[32586062.5338,5882097.5599],[32586057.043,5882105.5043],[32586049.7961,5882121.4981],[32586045.2984,5882152.9856],[32586035.3027,5882177.9759],[32586018.5597,5882204.9654],[32585989.3218,5882242.9508],[32585965.3317,5882267.9412],[32585950.5877,5882280.4365],[32585917.1013,5882303.4278],[32585899.8583,5882312.9243],[32585882.6153,5882319.9218],[32585850.1072,5882327.514],[32585799.1487,5882339.4153],[32585727.1776,5882366.4057],[32585682.4456,5882378.9014],[32585636.7138,5882385.3995],[32585550.2482,5882387.4],[32585474.5283,5882391.3995],[32585400.8077,5882400.3971],[32585365.3219,5882407.8946],[32585324.9224,5882424.5549],[32585292.6012,5882437.8838],[32585270.3601,5882443.382],[32585241.1217,5882446.881],[32585224.8782,5882446.8813],[32585210.6338,5882444.3825],[32585185.8935,5882434.3868],[32585164.0809,5882420.9641],[32585150.1574,5882412.3961],[32585101.6762,5882385.4075],[32585036.4269,5882343.2422],[32585011.9611,5882327.4319],[32584996.717,5882319.9351],[32584979.7237,5882318.4359],[32584972.7266,5882325.933],[32584971.4772,5882332.9303],[32584974.7262,5882351.9227],[32584979.2245,5882360.9191],[32584992.9693,5882375.4131],[32585001.9766,5882382.0975],[32585032.7039,5882404.9008],[32585043.9496,5882414.8967],[32585066.6909,5882438.8868],[32585109.4247,5882494.8639],[32585127.6678,5882521.8529],[32585149.4097,5882558.8379],[32585158.4064,5882581.3289],[32585161.6554,5882601.3209],[32585158.6569,5882625.8112],[32585152.6595,5882638.8061],[32585142.9135,5882650.3017],[32585121.9221,5882663.7967],[32585098.4315,5882674.2929],[32585084.2014,5882679.6008],[32585071.8005,5882684.2264],[32585069.1695,5882685.2078],[32585052.4038,5882691.4615],[32585020.7128,5882703.2825],[32584997.972,5882715.7779],[32584989.7254,5882723.275],[32584984.2277,5882732.2716],[32584981.7288,5882741.7678],[32584981.479,5882750.7643],[32584983.2284,5882759.7607],[32584990.9756,5882775.2544],[32585008.4689,5882790.748],[32584950.7424,5882832.2324],[32584915.7566,5882855.2238],[32584900.5127,5882864.7202],[32584854.7812,5882887.7118],[32584802.0524,5882907.2048],[32584765.0672,5882915.2022],[32584745.575,5882917.7015],[32584704.0915,5882918.7017],[32584662.358,5882917.203],[32584563.4705,5882907.7925],[32584554.1665,5882856.6247],[32584531.9552,5882812.2035],[32584502.3398,5882738.168],[32584498.6374,5882701.1501],[32584513.4441,5882664.1319],[32584543.0579,5882623.4117],[32584576.3737,5882597.4986],[32584735.5503,5882549.3729],[32584794.7787,5882527.1612],[32584831.7964,5882504.9499],[32584861.4107,5882497.5458],[32584865.1121,5882467.9314],[32584861.4098,5882434.6153],[32584835.4969,5882408.7031],[32584787.3734,5882397.5984],[32584724.4427,5882390.1958],[32584654.1085,5882382.7933],[32584613.3887,5882382.7939],[32584583.7745,5882390.1979],[32584554.1604,5882412.4091],[32584520.8447,5882445.7258],[32584494.9324,5882464.2352],[32584476.4235,5882471.639],[32584454.2127,5882475.3412],[32584428.3,5882456.8326],[32584406.0887,5882423.5167],[32584387.5791,5882379.0955],[32584361.6661,5882345.7797],[32584343.157,5882338.3764],[32584306.1388,5882323.5697],[32584246.9106,5882360.5886],[32584150.6648,5882427.2223],[32584102.542,5882464.241],[32584084.0333,5882486.4521],[32584084.0335,5882501.2593],[32584091.4374,5882527.1717],[32584102.5431,5882545.6806],[32584128.4557,5882545.6802],[32584191.386,5882534.5739],[32584243.211,5882519.7659],[32584283.9307,5882516.0635],[32584317.2469,5882516.063],[32584346.8614,5882527.1679],[32584372.7744,5882560.4837],[32584402.3897,5882623.4138],[32584402.3909,5882715.9587],[32584385.4835,5882792.0474],[32584377.2195,5882791.757],[32584367.7164,5882796.9259],[32584364.4748,5882809.2503],[32584364.4749,5882816.7473],[32584368.8802,5882841.4827],[32584370.9728,5882853.2327],[32584370.7231,5882862.2291],[32584364.9756,5882879.7223],[32584343.7345,5882911.7099],[32584338.7366,5882922.2058],[32584338.2369,5882927.7036],[32584339.9862,5882932.2018],[32584344.4845,5882935.7004],[32584363.9768,5882939.6985],[32584447.6937,5882945.195],[32584495.4248,5882950.6921],[32584557.3087,5882962.7242],[32584585.3893,5882968.1839],[32584618.3762,5882969.183],[32584637.6186,5882971.6817],[32584664.8579,5882980.1779],[32584676.8533,5882988.1746],[32584681.6315,5882993.0502],[32584689.0986,5883000.6694],[32584700.0943,5883006.1671],[32584707.5913,5883007.6664],[32584717.0876,5883007.6662],[32584742.8273,5883002.168],[32584762.589,5882995.8398],[32584838.039,5882971.6787],[32584855.782,5882970.179],[32584873.0252,5882972.6778],[32584888.769,5882977.1758],[32584900.5144,5882984.1728],[32584906.2622,5882992.6693],[32584910.0109,5883006.1639],[32584911.0107,5883020.6582],[32584907.5123,5883033.1533],[32584888.0203,5883050.1468],[32584879.024,5883061.6424],[32584876.0253,5883068.1398],[32584875.0258,5883076.1367],[32584876.2754,5883085.1331],[32584880.0241,5883094.1295],[32584885.522,5883101.6264],[32584892.5193,5883108.6235],[32584914.5108,5883125.1166],[32584927.006,5883138.6111],[32584936.5023,5883143.1092],[32584947.248,5883141.6096],[32584951.9961,5883138.1109],[32584955.7445,5883132.6131],[32584957.9935,5883124.6162],[32584959.3744,5883103.6226],[32584960.492,5883086.6312],[32584963.9904,5883067.6387],[32584967.2389,5883058.6422],[32584977.4846,5883040.6492],[32584986.9804,5883010.661],[32584988.7295,5882991.6685],[32584987.7921,5882976.2989],[32584986.2299,5882950.6848],[32584992.227,5882909.701],[32585002.7224,5882882.2118],[32585015.9669,5882860.7201],[32585025.7128,5882850.7239],[32585030.7108,5882846.7254],[32585091.9358,5882797.744],[32585132.4193,5882767.7553],[32585158.4088,5882753.2606],[32585204.8424,5882732.5737],[32585246.291,5882714.1077],[32585263.8663,5882706.2777],[32585284.8576,5882681.7871],[32585294.0288,5882668.4048],[32585324.591,5882623.8095],[32585364.8244,5882578.8268],[32585392.0633,5882552.8367],[32585403.0588,5882544.8397],[32585435.2958,5882528.3458],[32585447.5408,5882523.8474],[32585460.0358,5882519.8488],[32585486.5252,5882515.3502],[32585513.0147,5882515.8496],[32585536.6561,5882519.0237],[32585583.7368,5882525.3447],[32585606.2278,5882522.8454],[32585644.2126,5882513.3486],[32585672.951,5882499.8535],[32585687.6949,5882485.8588],[32585735.4253,5882433.8788],[32585744.6715,5882425.8818],[32585764.1636,5882412.8867],[32585785.9048,5882401.8907],[32585821.6405,5882391.8941],[32585846.6305,5882390.3944],[32585884.1157,5882393.3926],[32585906.1069,5882393.3923],[32585914.8534,5882390.8931],[32585922.1005,5882386.3948],[32585982.0209,5882321.1066],[32586003.7738,5882297.405],[32586022.5591,5882276.9368],[32586039.5521,5882261.9425],[32586059.544,5882250.4467],[32586071.5392,5882246.9479],[32586085.2838,5882245.4483],[32586115.7716,5882244.9481],[32586146.7594,5882247.4466],[32586174.2485,5882253.4438],[32586185.4941,5882257.4421],[32586194.2407,5882262.9398],[32586201.4879,5882268.9373],[32586217.5316,5882287.8958],[32586269.3987,5882469.4215],[32586299.3822,5882547.3753],[32586317.3723,5882589.3504],[32586329.366,5882643.3186],[32586311.3781,5882751.2556],[32586329.3688,5882841.2026],[32586347.3592,5882913.1601],[32586371.3462,5882985.1175],[32586389.3366,5883057.0751],[32586383.3407,5883105.0471],[32586347.3626,5883153.0195],[32586329.3736,5883188.9985],[32586293.3949,5883206.9886],[32586269.4094,5883236.9715],[32586257.4167,5883254.961],[32586257.417,5883278.947],[32586293.3963,5883308.9289],[32586329.3758,5883344.9072],[32586359.3588,5883392.8787],[32586377.349,5883446.8467],[32586407.3321,5883494.8181],[32586431.3182,5883512.8073],[32586467.2974,5883530.7961],[32586497.2799,5883530.7957],[32586497.2794,5883494.8168],[32586473.2926,5883440.8488],[32586443.3095,5883392.8774],[32586461.298,5883314.9228],[32586479.2861,5883218.9788],[32586467.2912,5883081.0598],[32586455.2969,5882991.1128],[32586443.303,5882919.1551],[32586455.2951,5882859.1901],[32586467.2878,5882835.2041],[32586497.27,5882817.2141],[32586521.2558,5882811.2173],[32586557.2345,5882799.2237],[32586569.2272,5882781.2341],[32586563.2303,5882751.2518],[32586527.2513,5882733.2629],[32586461.2893,5882691.2885],[32586431.3061,5882637.3206],[32586419.3122,5882571.3594],[32586395.3255,5882517.3915],[32586383.3319,5882469.4197],[32586359.3449,5882391.4658],[32586338.6434,5882287.9658],[32586346.9302,5882271.4341],[32586351.1784,5882258.4392],[32586352.9275,5882246.9437],[32586351.9278,5882236.4479],[32586348.429,5882227.9513],[32586343.181,5882220.9542],[32586336.4336,5882215.9563],[32586328.4367,5882211.4582],[32586290.2018,5882199.9633],[32586280.7055,5882195.965],[32586272.2088,5882189.9675],[32586258.2141,5882173.9741],[32586249.2174,5882155.4816],[32586246.9682,5882146.4852],[32586243.9686,5882088.5083],[32586243.4681,5882037.5285],[32586247.2159,5881988.0481],[32586251.7138,5881967.5562],[32586263.9584,5881928.5714],[32586303.3271,5881813.4613],[32586319.684,5881765.6353],[32586323.1824,5881744.6436],[32586325.2926,5881714.9262],[32586326.4303,5881686.1667],[32586325.4302,5881653.6796],[32586320.9316,5881621.6924],[32586316.683,5881606.1986],[32586304.6874,5881579.2095],[32586289.366,5881555.4],[32586267.7013,5881521.7329],[32586246.2092,5881475.7515],[32586234.2582,5881453.8531],[32586201.4758,5881393.7847],[32586187.4808,5881354.3006],[32586177.9841,5881314.3166],[32586171.486,5881266.8355],[32586170.2361,5881241.8455],[32586171.2354,5881216.8554],[32586180.2309,5881151.3812],[32586193.7249,5881104.3997],[32586204.2205,5881084.9073],[32586215.7157,5881070.9126],[32586229.71,5881056.918],[32586257.4487,5881037.9251],[32586282.1887,5881026.4293],[32586312.4265,5881014.9334],[32586340.4369,5881005.5112],[32586367.4044,5880996.4399],[32586393.3239,5880986.8481],[32586480.8588,5880954.4549],[32586507.0982,5880942.4593],[32586532.5879,5880924.9658],[32586566.0742,5880894.9772],[32586607.3072,5880854.9925],[32586684.7754,5880775.0231],[32586707.266,5880746.0342],[32586728.5072,5880715.0462],[32586744.2506,5880687.5569],[32586748.4987,5880677.061],[32586772.9889,5880670.5632],[32586796.4794,5880659.0674],[32586808.9743,5880650.0708],[32586849.9575,5880608.5867],[32586865.701,5880594.592],[32586883.6937,5880581.0971],[32586911.4325,5880564.1034],[32586961.6622,5880542.1114],[32587020.6385,5880519.6194],[32587071.3681,5880503.625],[32587102.3557,5880497.6269],[32587137.5917,5880495.1274],[32587175.5766,5880494.627],[32587208.8135,5880497.1255],[32587255.545,5880506.1212],[32587291.2809,5880507.1203],[32587388.2419,5880490.9586],[32587420.2294,5880485.6269],[32587448.0706,5880479.7133],[32587476.7068,5880473.6308],[32587493.7,5880473.1307],[32587499.6977,5880474.6301],[32587503.946,5880477.6288],[32587506.1952,5880482.127],[32587505.9455,5880496.1214],[32587498.6989,5880537.6051],[32587500.1985,5880552.5991],[32587506.1964,5880568.0929],[32587516.1926,5880581.0875],[32587522.94,5880584.0863],[32587530.6869,5880584.0861],[32587539.6832,5880579.088],[32587549.6791,5880569.0918],[32587639.6856,5880449.9429],[32587653.8858,5880431.145],[32587678.3757,5880399.6571],[32587689.3796,5880387.8414],[32587697.3679,5880382.6636],[32587717.6098,5880377.6653],[32587732.6038,5880376.1656],[32587749.0973,5880376.1654],[32587808.0739,5880376.1645],[32587822.5681,5880373.6653],[32587837.812,5880368.667],[32587870.0489,5880350.6737],[32587885.7925,5880338.6782],[32587914.2808,5880313.1879],[32587949.384,5880276.8489],[32587964.0104,5880261.7076],[32587989.5,5880240.7155],[32588008.9921,5880230.2194],[32588030.2335,5880223.2219],[32588041.9789,5880221.7223],[32588067.9686,5880224.2209],[32588094.4582,5880231.7175],[32588118.1989,5880241.7132],[32588136.9416,5880253.2084],[32588152.6856,5880268.702],[32588190.1714,5880320.6808],[32588210.7995,5880365.9379],[32588223.6591,5880394.1511],[32588236.4043,5880415.1426],[32588254.6474,5880436.6338],[32588279.3879,5880458.6247],[32588312.3751,5880479.116],[32588390.0947,5880514.101],[32588419.9263,5880528.7663],[32588434.8272,5880536.0916],[32588464.5154,5880554.0505],[32588475.3115,5880560.5812],[32588500.8015,5880572.5761],[32588530.2899,5880580.0727],[32588546.0337,5880580.5722],[32588562.5271,5880578.073],[32588608.1873,5880566.074],[32588630.9997,5880560.0791],[32588675.4819,5880550.5822],[32588696.9733,5880549.0824],[32588714.4664,5880552.5808],[32588721.7136,5880556.0793],[32588733.2092,5880568.0744],[32588737.2077,5880576.0711],[32588747.9539,5880610.5573],[32588769.446,5880653.5399],[32588786.1897,5880675.5309],[32588793.9367,5880682.528],[32588809.1807,5880689.0252],[32588833.671,5880687.5254],[32588852.5326,5880680.898],[32588870.6561,5880674.53],[32588899.6445,5880666.5328],[32588954.8724,5880657.0357],[32589012.5995,5880653.5362],[32589033.0913,5880653.5359],[32589061.5371,5880656.0401],[32589046.4913,5880662.4869],[32589037.6013,5880678.362],[32589007.1213,5880747.5771],[32588998.8662,5880776.1521],[32588993.7862,5880803.4572],[32589008.3913,5880821.8722],[32589028.7113,5880827.5873],[32589047.6602,5880824.2787],[32589068.7164,5880820.6022],[32589082.0514,5880820.6022],[32589095.3864,5880823.1422],[32589111.7094,5880829.3406],[32589120.9944,5880835.5304],[32589122.6915,5880846.0023],[32589116.3415,5880857.4323],[32589108.0865,5880870.7673],[32589097.8044,5880881.4449],[32589075.0664,5880905.0574],[32589054.1113,5880944.4275],[32589049.6663,5880962.2075],[32589048.3963,5880985.0676],[32589052.8413,5881002.8476],[32589063.0014,5881015.5476],[32589073.7964,5881022.5326],[32589089.6714,5881026.9777],[32589103.6414,5881023.1676],[32589111.2615,5881013.6426],[32589134.1215,5880953.9525],[32589148.0915,5880931.0925],[32589163.3316,5880910.1374],[32589169.6816,5880902.5174],[32589177.9366,5880896.8024],[32589200.1308,5880887.0504],[32589213.6834,5880881.0955],[32589219.8467,5880878.3874],[32589235.0867,5880865.6873],[32589241.4367,5880856.7973],[32589241.6982,5880843.9853],[32589242.0717,5880825.6822],[32589238.8967,5880793.9322],[32589239.5317,5880784.4072],[32589233.6109,5880772.839],[32589250.2936,5880781.2457],[32589250.3906,5880781.1707],[32589223.4876,5882228.5916],[32589223.3752,5882228.5457],[32589205.8001,5882250.1712],[32589156.9361,5882323.1673],[32589123.078,5882373.7466],[32589091.3426,5882417.3348],[32589066.8528,5882456.3197],[32589037.1154,5882508.7994],[32589009.1273,5882565.2774],[32588998.132,5882592.7666],[32588984.1383,5882641.7474],[32588972.6879,5882708.8676],[32588912.1042,5882744.1149],[32588841.8944,5882772.2054],[32588819.394,5882792.375],[32588805.9161,5882820.1777],[32588805.9167,5882862.1531],[32588811.9141,5882910.1249],[32588835.9016,5883024.0576],[32588852.2472,5883126.2092],[32588866.3841,5883178.4558],[32588884.8031,5883207.1866],[32588913.8588,5883245.9265],[32588948.9342,5883313.0761],[32588955.8356,5883348.6361],[32588955.836,5883377.8486],[32588937.8469,5883407.8311],[32588889.8755,5883425.8213],[32588847.8999,5883431.8186],[32588829.9105,5883424.6231],[32588817.9175,5883419.8261],[32588793.9314,5883401.8369],[32588769.9447,5883353.8655],[32588751.9545,5883305.8938],[32588673.9991,5883215.9477],[32588608.037,5883155.9837],[32588548.072,5883149.9883],[32588518.0899,5883173.9746],[32588476.1148,5883197.9611],[32588404.1572,5883215.9517],[32588344.1925,5883227.9456],[32588308.2142,5883263.9251],[32588308.2146,5883293.9074],[32588314.2116,5883323.8897],[32588326.2049,5883365.8649],[32588362.1847,5883419.8329],[32588410.157,5883461.8074],[32588470.1223,5883473.7996],[32588548.0763,5883461.8053],[32588650.0163,5883437.8179],[32588739.9632,5883425.8236],[32588787.9355,5883467.7985],[32588799.9293,5883509.7735],[32588805.9263,5883557.7451],[32588805.927,5883611.7137],[32588793.936,5883731.6434],[32588826.3151,5883951.4822],[32588806.2271,5883955.2287],[32588796.9808,5883959.727],[32588782.9865,5883970.2231],[32588771.9911,5883984.2177],[32588726.5093,5883998.7126],[32588681.5273,5884009.7089],[32588609.5559,5884011.7092],[32588501.7586,5884007.9062],[32588482.1065,5884007.2129],[32588453.118,5884008.7128],[32588377.6481,5884018.2101],[32588348.6597,5884024.708],[32588329.1676,5884034.2045],[32588314.1737,5884047.6994],[32588305.6773,5884063.1933],[32588304.6779,5884078.6872],[32588312.925,5884104.6768],[32588325.4204,5884125.6682],[32588334.9168,5884137.6633],[32588347.412,5884149.6584],[32588363.1559,5884162.653],[32588416.8851,5884201.1369],[32588493.8553,5884253.115],[32588584.0669,5884311.2909],[32588584.068,5884382.2648],[32588554.0862,5884418.2443],[32588554.087,5884472.2126],[32588554.0879,5884532.1772],[32588566.0812,5884574.1524],[32588590.0671,5884580.1489],[32588608.0566,5884580.1486],[32588614.0526,5884538.1731],[32588656.0276,5884508.1898],[32588727.9856,5884520.1819],[32588775.9573,5884520.1812],[32588835.9217,5884484.2013],[32588859.9073,5884448.2221],[32588859.906,5884357.0658],[32588877.7041,5884342.0739],[32588906.6922,5884308.5868],[32588929.6825,5884272.1009],[32588938.1788,5884248.6101],[32588997.4049,5884222.1198],[32589025.3021,5884214.0947],[32589046.8851,5884210.1238],[32589067.127,5884209.6237],[32589087.1191,5884212.1224],[32589096.8653,5884216.1206],[32589114.8584,5884232.114],[32589122.6055,5884242.1099],[32589134.601,5884264.101],[32589139.8492,5884282.5936],[32589140.3493,5884301.0862],[32589138.3504,5884323.5773],[32589133.8525,5884348.5674],[32589129.3734,5884365.4056],[32589117.118,5884411.4777],[32589114.11,5884434.944],[32589114.1026,5884447.0007],[32589116.847,5884471.7088],[32589120.0891,5884484.807],[32589129.0397,5884511.6136],[32589146.4455,5884552.5019],[32589122.8266,5884586.0229],[32589104.3681,5884621.4594],[32589090.8741,5884665.942],[32589081.6286,5884724.9187],[32589032.8976,5884696.4307],[32588991.1638,5884675.9395],[32588968.9226,5884672.4412],[32588958.1769,5884672.9412],[32588940.1841,5884678.9391],[32588933.4369,5884682.9376],[32588929.1886,5884687.9357],[32588926.7811,5884695.5884],[32588915.1948,5884732.4182],[32588904.4494,5884759.4076],[32588880.2098,5884809.8879],[32588853.7209,5884854.8705],[32588831.98,5884883.3595],[32588820.4847,5884895.3549],[32588807.7399,5884904.8513],[32588794.2453,5884910.3493],[32588767.506,5884914.3481],[32588738.7674,5884910.8499],[32588734.0192,5884905.3522],[32588726.2722,5884900.3543],[32588705.2804,5884891.858],[32588681.2899,5884886.3605],[32588650.7023,5884884.3618],[32588643.055,5884883.8621],[32588619.5643,5884878.8645],[32588613.2951,5884876.4012],[32588595.1969,5884869.2898],[32588592.91,5884868.3912],[32588578.2708,5884862.639],[32588520.3531,5884839.8814],[32588452.3796,5884803.8968],[32588446.1951,5884800.4611],[32588384.9058,5884766.4127],[32588349.4197,5884751.919],[32588325.679,5884739.4243],[32588291.1923,5884714.4347],[32588275.9481,5884698.4413],[32588270.2002,5884682.4478],[32588269.9502,5884673.4514],[32588272.9487,5884654.9587],[32588285.943,5884614.4746],[32588326.1756,5884515.5133],[32588331.9231,5884498.0201],[32588334.4219,5884484.5255],[32588333.4221,5884472.0304],[32588329.1736,5884457.0365],[32588322.1761,5884441.0429],[32588301.9337,5884408.0563],[32588290.1882,5884393.5623],[32588277.443,5884380.5676],[32588264.9479,5884371.0716],[32588251.703,5884363.075],[32588220.7151,5884349.5808],[32588187.978,5884340.5849],[32588172.4841,5884338.0861],[32588158.2398,5884338.0863],[32588134.4993,5884343.5845],[32588110.7588,5884353.5809],[32588099.7633,5884361.0781],[32588089.5175,5884370.5744],[32588080.7712,5884383.5694],[32588074.274,5884400.063],[32588070.026,5884420.5549],[32588066.5279,5884462.5382],[32588065.5291,5884514.0178],[32588063.0304,5884542.0067],[32588060.0318,5884554.002],[32588054.784,5884564.4979],[32588047.2871,5884572.9946],[32588037.5411,5884579.992],[32588026.0457,5884584.9902],[32588013.5507,5884587.9892],[32588000.5559,5884589.4888],[32587987.0613,5884588.9892],[32587962.0711,5884583.9915],[32587913.3403,5884568.4984],[32587896.2947,5884566.3435],[32587869.8574,5884563.0013],[32587849.8627,5884556.9299],[32587822.1262,5884548.5078],[32587791.3883,5884543.5102],[32587772.8957,5884544.0103],[32587764.1492,5884546.5094],[32587756.6522,5884552.0073],[32587750.4048,5884560.5041],[32587746.9064,5884571.4997],[32587747.1564,5884582.9952],[32587750.1554,5884594.9904],[32587761.4013,5884618.4809],[32587776.2795,5884640.9834],[32587801.3863,5884678.9562],[32587815.1312,5884707.9445],[32587825.1277,5884741.431],[32587827.7018,5884763.4689],[32587833.1255,5884809.9037],[32587837.624,5884824.8977],[32587844.6214,5884837.8924],[32587854.8675,5884849.8875],[32587869.1119,5884858.8837],[32587888.1045,5884865.8806],[32587946.3315,5884876.8754],[32587992.3133,5884878.8739],[32588023.8512,5884875.8284],[32588064.7844,5884871.8756],[32588123.0113,5884872.3745],[32588140.2545,5884874.8733],[32588154.7488,5884878.8715],[32588197.732,5884896.8637],[32588219.9732,5884898.3627],[32588304.6895,5884895.8624],[32588339.6757,5884900.3601],[32588352.1708,5884907.3572],[32588370.164,5884928.8483],[32588381.1599,5884947.8406],[32588389.4069,5884967.3328],[32588393.9055,5884997.3208],[32588392.9062,5885017.3128],[32588387.9085,5885035.8056],[32588369.4924,5885068.5746],[32588325.6653,5885146.5592],[32588315.4391,5885164.7554],[32588296.9466,5885181.7489],[32588280.1633,5885192.1665],[32588253.4643,5885208.7389],[32588243.9682,5885217.2356],[32588157.0041,5885318.6966],[32588139.2614,5885333.6909],[32588114.7714,5885351.1843],[32588087.7823,5885365.1792],[32588074.7578,5885368.3005],[32588033.554,5885378.1748],[32587958.5841,5885404.6654],[32587900.6076,5885438.6528],[32587873.0024,5885457.5358],[32587871.7968,5885458.3605],[32587867.2461,5885461.4733],[32587833.385,5885484.6355],[32587799.3903,5885503.4657],[32587782.9237,5885510.5429],[32587750.1686,5885524.6209],[32587712.4339,5885546.6127],[32587695.1909,5885562.1068],[32587683.1959,5885578.6005],[32587674.1107,5885595.7318],[32587671.2011,5885605.5899],[32587672.201,5885626.0818],[32587676.4494,5885637.0773],[32587682.947,5885647.0733],[32587690.694,5885654.0704],[32587699.6905,5885658.5684],[32587720.6822,5885661.0671],[32587732.1776,5885659.5675],[32587772.4115,5885648.5713],[32587879.3685,5885607.0862],[32587907.857,5885597.5895],[32587954.4925,5885589.4629],[32587973.8307,5885586.0931],[32588012.0654,5885577.5959],[32588104.5283,5885551.6049],[32588133.0168,5885540.6088],[32588169.9746,5885521.2472],[32588195.2416,5885505.122],[32588226.7288,5885482.1306],[32588259.4654,5885455.1409],[32588331.9359,5885405.1596],[32588365.8769,5885377.4946],[32588404.9061,5885345.6822],[32588436.2642,5885321.6943],[32588439.7515,5885319.0267],[32588459.9807,5885303.5521],[32588467.6305,5885297.7003],[32588494.1202,5885308.6955],[32588534.1044,5885319.1907],[32588598.0792,5885331.6848],[32588632.5656,5885334.6831],[32588652.3077,5885332.6836],[32588673.7991,5885328.1851],[32588726.3401,5885314.1108],[32588785.7542,5885298.1953],[32588824.7387,5885292.1971],[32588850.2285,5885290.1975],[32588910.7051,5885332.6797],[32588934.9458,5885353.671],[32588971.6201,5885394.3705],[32589007.2042,5885433.8601],[32589039.6558,5885464.1255],[32589051.6511,5885472.622],[32589072.8928,5885481.6181],[32589082.1392,5885482.1177],[32589090.6358,5885480.6182],[32589098.3826,5885476.6197],[32589105.1299,5885470.1222],[32589111.3772,5885460.6258],[32589115.3755,5885450.1299],[32589116.3749,5885438.1347],[32589111.3766,5885413.6445],[32589099.6309,5885387.655],[32589084.8864,5885362.6652],[32589075.1401,5885351.1699],[32589061.8952,5885339.6747],[32589027.9084,5885317.6839],[32588999.5305,5885301.6969],[32588974.6791,5885287.6966],[32588948.1893,5885267.2052],[32588926.4476,5885241.7156],[32588908.8215,5885216.2216],[32588898.4581,5885201.2321],[32588870.2189,5885170.7447],[32588860.2227,5885157.2502],[32588841.7295,5885125.2632],[32588824.6661,5885089.8081],[32588822.4866,5885085.2794],[32588832.2325,5885067.2864],[32588847.726,5885043.7955],[32588859.971,5885030.8004],[32588867.7178,5885025.8023],[32588886.2104,5885018.8048],[32588906.602,5885014.0065],[32588941.4383,5885005.8092],[32588960.4306,5884995.8128],[32588976.6739,5884981.3184],[32589010.1601,5884944.8323],[32589038.1485,5884910.8454],[32589053.1422,5884888.3541],[32589063.6917,5884862.8889],[32589067.636,5884853.3678],[32589078.8813,5884835.8746],[32589084.8788,5884829.3771],[32589099.6235,5884867.8616],[32589113.1184,5884890.3547],[32589121.0859,5884899.33],[32589130.038,5884906.0436],[32589147.6698,5884915.0749],[32589173.2629,5884922.9105],[32589173.387,5884922.9605],[32589154.2551,5885950.9572],[32589138.4173,5886000.0076],[32589116.6874,5886031.2527],[32589097.8813,5886044.4174],[32589089.3943,5886045.8936],[32589078.1487,5886044.3943],[32589067.9027,5886038.8967],[32589058.9062,5886030.4002],[32589044.6615,5886006.9097],[32589039.9132,5885992.4156],[32589036.6643,5885977.9214],[32589034.713,5885956.9255],[32589031.4155,5885921.4439],[32589018.9193,5885835.9781],[32589001.6747,5885735.0184],[32588988.6791,5885679.0409],[32588985.6802,5885672.5435],[32588942.0147,5885616.9216],[32588905.1021,5885569.9016],[32588869.6774,5885550.0645],[32588839.921,5885552.8989],[32588814.4155,5885564.2351],[32588797.4121,5885584.073],[32588773.186,5885629.0659],[32588750.2733,5885646.5574],[32588699.1866,5885707.5842],[32588677.0536,5885734.0237],[32588660.3104,5885750.0176],[32588640.5685,5885765.012],[32588629.3231,5885772.5092],[32588603.3335,5885784.005],[32588588.8393,5885787.5038],[32588573.5954,5885789.0034],[32588518.3673,5885789.0043],[32588478.6331,5885786.0061],[32588460.3903,5885783.5073],[32588443.8968,5885779.0094],[32588430.4021,5885774.0116],[32588410.1599,5885759.0178],[32588395.9153,5885740.5254],[32588383.5687,5885716.9429],[32588370.4247,5885690.5456],[32588362.4277,5885679.0503],[32588341.9355,5885655.0602],[32588319.694,5885633.569],[32588309.448,5885625.0726],[32588291.7049,5885616.0764],[32588282.9583,5885613.5775],[32588265.2154,5885613.078],[32588256.219,5885615.0773],[32588238.9759,5885623.0744],[32588221.4831,5885639.5681],[32588196.4935,5885672.0556],[32588158.0289,5885733.4007],[32588147.0143,5885757.0226],[32588146.2648,5885768.0182],[32588147.7644,5885783.0122],[32588161.5098,5885841.4888],[32588180.1035,5885900.1425],[32588185.7512,5885917.958],[32588190.7495,5885938.4498],[32588191.7494,5885954.4434],[32588190.5,5885960.9409],[32588184.0027,5885969.4376],[32588173.257,5885974.9356],[32588166.7596,5885975.9353],[32588152.7651,5885972.4369],[32588145.5179,5885967.9388],[32588130.0238,5885950.9458],[32588101.8913,5885913.6264],[32588086.9566,5885893.8146],[32588072.5159,5885874.6581],[32588055.8019,5885852.486],[32588033.3105,5885826.4967],[32588020.3155,5885815.5012],[32587992.5762,5885798.0086],[32587979.0815,5885792.0112],[32587966.3365,5885789.0126],[32587955.3409,5885789.0127],[32587946.5944,5885792.5115],[32587939.3474,5885799.009],[32587926.8526,5885818.0017],[32587916.8569,5885841.4925],[32587905.8618,5885876.4787],[32587903.8628,5885896.4708],[32587905.8622,5885905.967],[32587916.3583,5885924.9593],[32587936.1007,5885944.4513],[32587949.8454,5885954.4471],[32587996.3274,5885983.4349],[32588155.4565,5886073.8067],[32588180.2558,5886087.8906],[32588197.4991,5886099.3858],[32588215.992,5886114.3795],[32588253.4777,5886152.8637],[32588270.7211,5886174.8547],[32588285.7155,5886197.3455],[32588298.2109,5886220.3362],[32588306.9577,5886242.3273],[32588311.7061,5886262.8191],[32588313.2139,5886279.6171],[32588312.9561,5886299.3046],[32588310.7072,5886314.2986],[32588301.4613,5886343.2873],[32588304.9351,5886344.5504],[32588318.4547,5886349.7844],[32588338.9467,5886362.779],[32588348.4431,5886372.275],[32588355.6904,5886384.77],[32588359.689,5886399.7639],[32588361.4386,5886420.7556],[32588363.1305,5886523.0114],[32588363.6906,5886621.1759],[32588367.1894,5886638.6689],[32588375.4364,5886654.1626],[32588382.1838,5886660.1601],[32588391.1802,5886663.6586],[32588439.661,5886666.1569],[32588462.652,5886670.6547],[32588474.1475,5886675.1528],[32588496.3888,5886689.6467],[32588518.6303,5886712.6372],[32588526.2618,5886723.7025],[32588500.1509,5886762.8684],[32588470.1687,5886774.862],[32588428.1931,5886780.859],[32588380.2214,5886780.8597],[32588314.2602,5886786.8575],[32588260.2924,5886822.8371],[32588208.6835,5886917.4563],[32588187.2773,5886910.8684],[32588170.0214,5886899.0684],[32588156.0267,5886882.5751],[32588146.5302,5886863.5828],[32588143.7812,5886854.5864],[32588142.2815,5886838.5928],[32588143.281,5886830.596],[32588148.2788,5886816.1017],[32588159.2743,5886801.1075],[32588182.7646,5886774.6176],[32588193.2601,5886755.625],[32588194.5095,5886745.629],[32588190.5108,5886728.136],[32588181.5142,5886714.6415],[32588168.7691,5886703.646],[32588153.7749,5886692.6506],[32588138.2809,5886684.1543],[32588130.534,5886681.1556],[32588114.2904,5886678.6568],[32588096.2975,5886679.6567],[32588040.0701,5886694.1518],[32588021.5775,5886697.1508],[32587943.6085,5886702.6498],[32587933.9324,5886693.9329],[32587915.8691,5886677.6602],[32587900.8748,5886659.6676],[32587895.8767,5886649.6716],[32587886.8798,5886615.1854],[32587881.6313,5886576.201],[32587907.1213,5886584.6973],[32587919.8663,5886586.6963],[32587934.6104,5886586.1962],[32587950.604,5886583.1972],[32587967.3473,5886577.1993],[32588029.8221,5886551.7085],[32588078.8025,5886537.7133],[32588100.5438,5886533.2148],[32588122.0352,5886531.2153],[32588132.2812,5886531.2151],[32588141.7774,5886531.215],[32588165.518,5886531.2146],[32588181.7614,5886525.2168],[32588198.0048,5886512.2217],[32588211.999,5886494.7284],[32588232.2404,5886454.2442],[32588263.9768,5886390.769],[32588269.9743,5886378.7736],[32588275.7265,5886367.2688],[32588268.4749,5886369.3245],[32588247.4832,5886375.2754],[32588212.7471,5886381.2735],[32588173.7626,5886385.7723],[32588109.8998,5886389.6693],[32587906.8687,5886391.7739],[32587889.0449,5886391.5904],[32587809.9071,5886390.7758],[32587792.1643,5886397.2735],[32587758.874,5886419.4479],[32587678.626,5886319.1415],[32587642.6468,5886271.1701],[32587630.653,5886229.1949],[32587624.6561,5886187.2196],[32587600.6696,5886163.2341],[32587564.6906,5886133.2522],[32587492.732,5886091.2779],[32587426.7704,5886055.3001],[32587412.0094,5886040.5397],[32587396.7873,5886025.3181],[32587354.8113,5885983.3432],[32587342.8171,5885887.3998],[32587318.8297,5885779.4636],[32587276.8533,5885713.5028],[32587276.8527,5885665.531],[32587282.8484,5885623.5554],[32587300.8373,5885581.5799],[32587330.819,5885539.6041],[32587354.4408,5885480.5475],[32587300.8353,5885437.6643],[32587270.8529,5885437.6648],[32587252.8634,5885443.6616],[32587234.8745,5885485.6371],[32587222.8828,5885557.5951],[32587216.8876,5885671.5283],[32587198.9013,5885863.416],[32587180.9124,5885911.3881],[32587120.9478,5885947.3679],[32587096.962,5885953.3648],[32587060.9832,5885953.3654],[32587019.0078,5885953.366],[32586965.0394,5885941.3738],[32586893.0812,5885917.389],[32586821.1232,5885905.3971],[32586737.1725,5885911.3947],[32586713.1871,5885947.374],[32586713.1876,5885977.3564],[32586743.1702,5885989.3489],[32586791.1419,5885989.3482],[32586857.1034,5885989.3472],[32586911.072,5886007.3359],[32586971.0372,5886031.3209],[32587075.9696,5886067.2959],[32587180.9152,5886103.2755],[32587252.8728,5886103.2744],[32587318.8342,5886103.2734],[32587378.7994,5886121.2621],[32587420.7751,5886163.2368],[32587468.7476,5886199.2149],[32587540.7065,5886271.1716],[32587594.676,5886355.1215],[32587636.6526,5886445.068],[32587658.8958,5886556.2768],[32587638.2279,5886571.2067],[32587620.2351,5886577.7044],[32587602.4922,5886580.2036],[32587583.7496,5886578.7045],[32587573.7535,5886576.2056],[32587551.0124,5886568.2092],[32587512.2775,5886548.2177],[32587402.0703,5886479.7466],[32587363.5852,5886452.7579],[32587346.5917,5886437.7641],[32587292.6124,5886386.2853],[32587157.4142,5886249.8416],[32587093.4388,5886193.365],[32586984.2309,5886104.9018],[32586943.7465,5886073.9147],[32586926.7531,5886063.919],[32586894.5157,5886050.4248],[32586852.2824,5886041.429],[32586803.0519,5886039.9303],[32586777.812,5886042.4297],[32586755.0711,5886046.9283],[32586745.325,5886050.427],[32586729.3315,5886061.9227],[32586723.0841,5886070.4194],[32586714.0879,5886089.9118],[32586709.59,5886112.4029],[32586709.0904,5886122.8988],[32586713.8391,5886164.3822],[32586724.3356,5886213.3626],[32586755.3247,5886313.8222],[32586758.3237,5886328.8162],[32586759.0737,5886344.31],[32586753.0764,5886366.8012],[32586728.8366,5886409.2847],[32586708.5953,5886456.2663],[32586702.3482,5886484.7551],[32586702.3486,5886516.7424],[32586708.5965,5886539.2333],[32586723.3677,5886557.8259],[32586744.3329,5886584.2149],[32586758.0778,5886610.2044],[32586763.0761,5886625.6982],[32586766.325,5886642.1915],[32586769.3245,5886688.1732],[32586770.8258,5886821.6202],[32586779.3228,5886853.1075],[32586792.8879,5886892.5471],[32586809.0622,5886939.5727],[32586811.3117,5886966.0622],[32586808.3133,5886996.0503],[32586805.1681,5887011.0515],[32586788.8219,5887057.0264],[32586778.0769,5887107.5065],[32586770.0809,5887165.4835],[32586766.3333,5887226.4594],[32586772.8311,5887252.9487],[32586789.8248,5887285.4356],[32586802.5699,5887299.9296],[32586818.3138,5887310.925],[32586827.1397,5887313.9845],[32586837.0565,5887317.4221],[32586858.7978,5887316.4222],[32586882.2884,5887310.4242],[32586905.2792,5887302.4271],[32586948.0119,5887280.935],[32586984.4971,5887257.4438],[32587010.9863,5887235.9519],[32587053.9687,5887196.467],[32587085.9555,5887161.9802],[32587099.4499,5887144.4869],[32587109.6956,5887127.4935],[32587115.6929,5887111.4998],[32587117.9418,5887096.0059],[32587118.1915,5887080.0123],[32587115.1922,5887047.5252],[32587107.6155,5887011.2228],[32587103.1962,5886990.0483],[32587101.9464,5886973.055],[32587103.6955,5886957.0614],[32587105.9445,5886950.5639],[32587108.9433,5886946.0656],[32587113.4415,5886943.0668],[32587120.4387,5886943.0667],[32587130.6847,5886946.0653],[32587157.1743,5886958.0602],[32587185.9131,5886975.5528],[32587219.4002,5887002.5415],[32587244.6404,5887018.5348],[32587274.3788,5887029.0302],[32587290.3725,5887030.5294],[32587306.616,5887029.0297],[32587322.8595,5887023.5316],[32587358.3451,5887006.0381],[32587415.0722,5886975.0495],[32587432.0653,5886964.0536],[32587459.5541,5886943.0616],[32587531.0248,5886883.0843],[32587570.7586,5886853.5955],[32587588.4778,5886843.3141],[32587602.4958,5886836.6017],[32587622.9876,5886829.6042],[32587649.9768,5886825.1056],[32587658.2235,5886826.1051],[32587665.9705,5886829.1038],[32587679.7152,5886842.5982],[32587684.2136,5886852.0943],[32587686.4628,5886863.0899],[32587685.9632,5886875.585],[32587675.2179,5886904.5736],[32587645.4805,5886959.5522],[32587609.4607,5887017.27],[32587602.7484,5887028.0257],[32587595.7515,5887047.518],[32587593.2529,5887081.0047],[32587596.8842,5887111.1686],[32587599.7511,5887134.9832],[32587601.251,5887170.4691],[32587599.2523,5887201.9566],[32587596.2536,5887213.9519],[32587591.7555,5887221.9488],[32587585.5081,5887226.9469],[32587568.7649,5887235.9435],[32587547.7733,5887242.9411],[32587474.8025,5887258.436],[32587435.3182,5887263.4346],[32587395.8339,5887265.9342],[32587371.3437,5887270.4328],[32587350.3522,5887278.4299],[32587341.6057,5887283.4281],[32587328.3611,5887294.4239],[32587322.6135,5887302.4208],[32587309.1192,5887328.9105],[32587295.3751,5887360.898],[32587285.3795,5887390.3864],[32587279.2063,5887438.6749],[32587271.3866,5887499.8431],[32587265.0861,5887535.6994],[32587259.3922,5887559.3197],[32587251.6456,5887580.3114],[32587242.3995,5887592.3068],[32587232.1536,5887595.8056],[32587221.9076,5887595.3059],[32587211.6617,5887591.8075],[32587191.4195,5887577.8133],[32587173.1765,5887559.321],[32587148.0737,5887529.5704],[32587132.6919,5887511.3406],[32587102.7033,5887478.854],[32587070.2158,5887451.3654],[32587053.9721,5887442.3692],[32587037.7285,5887436.3719],[32587020.9851,5887432.3737],[32586986.9986,5887431.3746],[32586970.0053,5887432.8743],[32586936.2688,5887438.8724],[32586869.4592,5887454.0984],[32586836.0589,5887461.8648],[32586814.8174,5887464.3641],[32586793.076,5887462.3652],[32586774.893,5887458.298],[32586753.3416,5887450.8704],[32586738.0975,5887443.3736],[32586704.6105,5887422.3824],[32586687.1173,5887408.888],[32586654.8797,5887378.4006],[32586592.1536,5887310.9284],[32586581.044,5887301.3838],[32586556.6673,5887280.441],[32586514.6835,5887251.4532],[32586488.6937,5887241.4576],[32586465.203,5887239.9585],[32586432.9658,5887243.4576],[32586407.9118,5887250.8684],[32586397.4801,5887253.954],[32586377.7379,5887254.9539],[32586355.4967,5887249.4564],[32586344.0012,5887244.4585],[32586332.5056,5887236.9617],[32586321.0101,5887227.4656],[32586294.5201,5887195.9785],[32586226.9228,5887098.7437],[32586215.3,5887082.025],[32586199.8058,5887062.533],[32586180.5632,5887043.041],[32586158.0719,5887025.5483],[32586145.5767,5887018.0515],[32586119.337,5887007.556],[32586092.0977,5886999.5596],[32586050.864,5886992.0632],[32586012.1293,5886990.0646],[32585981.5126,5886985.8335],[32585950.6536,5886981.5689],[32585922.4559,5886985.9594],[32585908.9203,5886988.0669],[32585891.1773,5886988.0672],[32585842.4457,5886979.2077],[32585775.7228,5886967.0773],[32585749.1067,5886966.078],[32585722.494,5886965.0789],[32585690.7564,5886957.0825],[32585675.2625,5886948.5861],[32585661.2678,5886936.0913],[32585648.7726,5886918.5984],[32585639.526,5886899.1063],[32585633.5281,5886881.1136],[32585631.0288,5886863.1208],[32585632.7779,5886845.6277],[32585638.5253,5886827.6347],[32585648.5211,5886809.1419],[32585662.7652,5886788.6499],[32585682.0072,5886766.6583],[32585766.1274,5886680.5365],[32585818.701,5886626.7119],[32585843.9406,5886598.2228],[32585858.1846,5886576.2314],[32585871.1791,5886551.7409],[32585879.9253,5886526.7507],[32585882.4239,5886502.2604],[32585880.4246,5886490.765],[32585875.9262,5886480.2692],[32585869.4286,5886470.2733],[32585852.685,5886452.7805],[32585814.3545,5886426.6967],[32585756.4723,5886387.308],[32585729.2328,5886365.8169],[32585708.7407,5886344.8256],[32585690.2476,5886316.837],[32585676.0028,5886281.8511],[32585672.0041,5886262.3589],[32585670.5044,5886241.8671],[32585672.0035,5886221.3752],[32585680.9996,5886195.3854],[32585693.4942,5886169.3955],[32585701.7408,5886155.9008],[32585722.4821,5886128.4114],[32585755.4685,5886092.925],[32585798.0935,5886054.2496],[32585806.6976,5886046.4427],[32585843.9322,5886009.4568],[32585882.9159,5885950.4797],[32585917.8331,5885892.6224],[32585951.3872,5885837.0237],[32586021.2155,5885733.3661],[32586039.6003,5885706.0745],[32586062.5908,5885681.0841],[32586071.3372,5885673.5869],[32586089.3299,5885663.0908],[32586098.5762,5885660.0919],[32586108.8222,5885660.5915],[32586121.3172,5885664.0899],[32586150.0561,5885680.5829],[32586180.5443,5885704.573],[32586215.6985,5885739.7261],[32586245.5194,5885769.5462],[32586258.0146,5885782.041],[32586292.2514,5885809.5296],[32586309.4947,5885818.0259],[32586325.7383,5885821.0245],[32586332.9854,5885821.0244],[32586345.7303,5885815.5264],[32586354.2267,5885802.5314],[32586369.9699,5885764.0465],[32586376.717,5885747.5529],[32586388.212,5885712.5667],[32586391.7103,5885695.5734],[32586392.7097,5885679.0799],[32586390.7098,5885631.5988],[32586383.9615,5885562.1265],[32586369.4664,5885498.1522],[32586351.7227,5885444.6737],[32586324.2327,5885381.1993],[32586303.2404,5885338.2167],[32586291.7628,5885317.5966],[32586273.7514,5885285.2382],[32586266.7539,5885266.2459],[32586258.2567,5885227.2615],[32586253.7579,5885184.2786],[32586256.0062,5885129.3004],[32586255.2558,5885081.8193],[32586250.5071,5885039.8361],[32586246.0087,5885022.8429],[32586240.2607,5885005.3499],[32586226.5157,5884972.8631],[32586201.2861,5884918.0069],[32586177.7836,5884866.9059],[32586148.2944,5884807.9298],[32586144.7957,5884800.9326],[32586124.5532,5884757.4502],[32586096.3138,5884713.4681],[32586050.3312,5884658.9904],[32585992.6033,5884597.0159],[32585978.1089,5884583.5215],[32585963.3646,5884573.0259],[32585948.3704,5884565.0293],[32585933.6262,5884559.5317],[32585919.8816,5884557.0329],[32585907.3866,5884558.0327],[32585896.6409,5884562.0313],[32585887.8945,5884569.5284],[32585881.897,5884579.5245],[32585878.3986,5884591.5198],[32585876.8993,5884605.0145],[32585877.3993,5884619.5087],[32585883.3974,5884649.4967],[32585896.8926,5884685.4823],[32585902.8904,5884701.4758],[32585909.6382,5884735.4622],[32585908.889,5884773.4471],[32585906.1403,5884785.9421],[32585901.1424,5884795.9382],[32585894.1453,5884804.435],[32585877.1522,5884815.4309],[32585847.914,5884825.9271],[32585840.5669,5884827.7265],[32585811.1787,5884834.9241],[32585800.6829,5884838.4229],[32585788.6877,5884842.4215],[32585751.7027,5884861.4145],[32585674.484,5884906.8975],[32585628.0028,5884936.3865],[32585599.0146,5884956.8788],[32585588.7689,5884967.3748],[32585580.2724,5884978.3705],[32585573.5252,5884990.3659],[32585563.5295,5885015.3561],[32585557.4077,5885037.8454],[32585502.307,5885240.2676],[32585466.2748,5885360.1144],[32585445.903,5885427.8728],[32585434.837,5885464.6795],[32585423.3421,5885507.1627],[32585413.3472,5885584.6321],[32585404.3515,5885637.1114],[32585381.1118,5885715.0807],[32585374.485,5885749.6467],[32585368.3678,5885781.5545],[32585340.4801,5885872.8628],[32585331.884,5885901.0076],[32585319.1397,5885949.4885],[32585314.8918,5885971.9796],[32585310.3941,5886014.4628],[32585309.8949,5886052.9475],[32585313.1443,5886103.4274],[32585326.6406,5886219.3811],[32585327.1406,5886234.3752],[32585325.3915,5886247.8698],[32585320.8935,5886261.3645],[32585313.6465,5886273.8597],[32585303.6506,5886285.3553],[32585291.1557,5886295.8513],[32585276.4117,5886304.8479],[32585259.6685,5886311.3456],[32585241.1759,5886315.8441],[32585222.4333,5886316.844],[32585205.44,5886313.3456],[32585189.4463,5886306.3486],[32585174.702,5886296.3528],[32585147.9623,5886272.3628],[32585111.4762,5886233.3788],[32585064.7438,5886169.4049],[32585051.7488,5886153.9113],[32585038.004,5886139.4172],[32585023.0098,5886127.4222],[32584990.7724,5886109.4299],[32584957.2855,5886096.9353],[32584922.2993,5886090.4384],[32584894.936,5886088.9394],[32584867.571,5886087.4404],[32584853.0767,5886082.4426],[32584840.8314,5886074.446],[32584830.8352,5886064.4501],[32584822.8382,5886052.455],[32584811.8423,5886027.9649],[32584806.0942,5886004.9741],[32584806.0941,5885993.9785],[32584811.8415,5885972.9868],[32584822.587,5885956.9929],[32584835.5817,5885948.9959],[32584852.7755,5885945.426],[32584907.8028,5885934.0008],[32584922.547,5885934.5004],[32584957.0334,5885940.9973],[32584982.0235,5885940.9969],[32585008.5129,5885936.4983],[32585021.7576,5885931.9999],[32585047.747,5885917.5053],[32585059.992,5885907.5091],[32585071.4873,5885895.0139],[32585081.4831,5885880.5195],[32585089.7296,5885863.5261],[32585101.2245,5885827.0404],[32585104.7229,5885808.0479],[32585107.7212,5885772.0622],[32585107.721,5885756.0685],[32585104.7217,5885727.0801],[32585096.7245,5885698.5915],[32585083.9792,5885671.1027],[32585075.4824,5885658.108],[32585065.986,5885645.1133],[32585052.2412,5885631.6188],[32585032.7488,5885617.1249],[32585009.2579,5885602.631],[32584957.0282,5885576.1423],[32584909.5468,5885556.6508],[32584877.0596,5885546.1554],[32584863.3149,5885539.1584],[32584850.32,5885529.6624],[32584838.8244,5885517.6673],[32584829.078,5885503.1732],[32584821.081,5885486.6799],[32584815.5829,5885467.6875],[32584812.3339,5885446.6959],[32584812.5835,5885426.7038],[32584815.5821,5885410.7102],[32584821.3296,5885399.2146],[32584829.5763,5885391.7175],[32584839.5722,5885387.7189],[32584850.8178,5885387.7188],[32584863.3128,5885390.2176],[32584885.5987,5885400.4225],[32584991.013,5885448.6924],[32585056.9871,5885475.1809],[32585081.2276,5885483.1774],[32585095.7219,5885486.176],[32585116.2138,5885484.1765],[32585134.2066,5885481.1774],[32585163.1949,5885470.1813],[32585175.6898,5885462.1843],[32585198.6804,5885442.6917],[32585222.6705,5885415.7021],[32585235.915,5885395.7098],[32585262.9036,5885345.7293],[32585299.138,5885263.7613],[32585316.1306,5885216.7797],[32585328.1253,5885174.2964],[32585337.3708,5885118.3186],[32585338.1201,5885088.3305],[32585332.3719,5885054.8439],[32585320.6259,5885012.3609],[32585299.8833,5884949.3863],[32585278.8909,5884899.9062],[32585234.8458,5884824.5634],[32585220.1628,5884799.447],[32585214.165,5884786.9521],[32585204.1686,5884758.4636],[32585187.1744,5884692.9898],[32585181.1766,5884680.4949],[32585141.1917,5884620.0195],[32585108.2041,5884575.5377],[32585057.2235,5884512.5635],[32585029.7339,5884475.5786],[32585003.9935,5884433.0959],[32584993.4973,5884410.605],[32584986.4953,5884390.4749],[32584980.2519,5884362.1244],[32584977.5026,5884333.136],[32584976.7525,5884302.1483],[32584980.8176,5884196.4173],[32584982.2483,5884159.205],[32584981.2481,5884121.2201],[32584977.4991,5884084.7347],[32584968.2523,5884049.7487],[32584960.755,5884032.2558],[32584951.2586,5884015.2627],[32584938.0135,5883996.2704],[32584921.02,5883976.2786],[32584879.5359,5883933.2963],[32584857.7942,5883913.3046],[32584805.3189,5883869.6678],[32584800.4312,5883865.6033],[32584790.3202,5883856.828],[32584776.3256,5883840.3348],[32584748.0862,5883798.8517],[32584723.5953,5883753.3701],[32584711.0707,5883725.4814],[32584699.3542,5883699.3919],[32584689.8578,5883686.897],[32584678.862,5883677.4009],[32584666.6168,5883670.4039],[32584641.8906,5883662.8858],[32584631.1308,5883661.9078],[32584611.6385,5883664.4071],[32584562.9081,5883679.9017],[32584478.4421,5883712.8898],[32584433.9601,5883737.3808],[32584344.2466,5883799.8573],[32584308.761,5883821.3493],[32584211.5503,5883872.3305],[32584174.5652,5883889.8241],[32584147.8259,5883897.8213],[32584129.8317,5883901.5022],[32584103.8435,5883906.8184],[32584092.598,5883911.3168],[32584067.3583,5883925.8114],[32584046.8666,5883943.8046],[32584040.8691,5883951.8015],[32584037.8704,5883959.2986],[32584037.6206,5883966.2958],[32584039.6199,5883973.7928],[32584049.8661,5883988.7867],[32584067.8592,5884005.2799],[32584080.9188,5884015.4414],[32584150.0774,5884069.2532],[32584166.3211,5884080.2486],[32584184.564,5884089.2447],[32584203.5566,5884095.7419],[32584221.7994,5884100.2398],[32584263.5329,5884105.2372],[32584279.0272,5884135.7249],[32584290.0232,5884166.7124],[32584296.7711,5884202.1982],[32584294.7721,5884220.1911],[32584288.025,5884237.1844],[32584278.0292,5884252.6784],[32584253.7892,5884277.6688],[32584232.7977,5884293.6628],[32584189.0649,5884278.6694],[32584130.338,5884262.1768],[32584034.1259,5884240.187],[32583953.6577,5884228.6928],[32583893.6814,5884224.1954],[32583861.4442,5884226.1951],[32583832.4558,5884233.1928],[32583781.9762,5884254.685],[32583693.5119,5884299.6684],[32583661.7747,5884310.1647],[32583647.2805,5884312.664],[32583633.5359,5884312.6642],[32583620.791,5884310.1653],[32583608.7957,5884305.1675],[32583598.0498,5884297.1708],[32583590.0528,5884285.6755],[32583585.8043,5884271.1814],[32583585.8038,5884235.6955],[32583593.0501,5884178.2182],[32583593.5497,5884161.7247],[32583591.8002,5884147.2305],[32583587.8016,5884134.2358],[32583581.8038,5884122.7404],[32583562.0759,5884096.2411],[32583548.3165,5884077.7588],[32583539.5698,5884063.7645],[32583526.3246,5884031.2776],[32583519.2011,5884003.1286],[32583505.5816,5883949.3105],[32583499.8337,5883935.8159],[32583492.0866,5883923.8208],[32583481.5907,5883913.8249],[32583469.3454,5883905.8283],[32583442.356,5883896.8322],[32583429.3612,5883895.8328],[32583417.8657,5883896.8326],[32583408.3696,5883900.3314],[32583394.3753,5883914.326],[32583382.6303,5883934.3183],[32583370.0636,5883961.6276],[32583356.6414,5883990.7962],[32583347.895,5884005.7904],[32583337.6493,5884018.7854],[32583325.9041,5884030.281],[32583297.9155,5884049.7736],[32583264.1222,5884068.797],[32583222.4461,5884092.2579],[32583131.9828,5884148.7368],[32583077.2551,5884187.7221],[32583058.7626,5884203.2162],[32583049.2665,5884214.7118],[32583046.2679,5884223.7083],[32583047.7675,5884242.7007],[32583058.0137,5884261.693],[32583075.507,5884278.1862],[32583095.9349,5884290.1021],[32583199.2096,5884350.3436],[32583225.4487,5884365.6492],[32583245.191,5884371.6465],[32583262.9339,5884370.1468],[32583270.9307,5884367.1479],[32583283.1757,5884357.6515],[32583290.4226,5884344.1568],[32583297.9189,5884294.6763],[32583303.9156,5884227.203],[32583305.9145,5884204.7119],[32583310.6623,5884184.7198],[32583320.1584,5884169.2258],[32583333.4029,5884157.2304],[32583349.1465,5884148.2337],[32583366.3896,5884142.7357],[32583383.8826,5884139.2368],[32583400.8759,5884138.2369],[32583429.1147,5884140.2357],[32583440.3603,5884143.7342],[32583457.3537,5884153.7299],[32583468.8493,5884167.2244],[32583481.3447,5884193.2139],[32583496.3393,5884231.6984],[32583505.0862,5884259.6871],[32583507.3355,5884272.6819],[32583507.8356,5884294.6732],[32583513.8337,5884330.6588],[32583523.8303,5884373.1418],[32583538.5752,5884424.1213],[32583543.8233,5884434.1172],[32583551.8202,5884442.6137],[32583573.062,5884456.6079],[32583597.5524,5884464.1045],[32583620.0434,5884465.6036],[32583663.776,5884460.1051],[32583701.0111,5884453.1073],[32583735.7472,5884443.6106],[32583749.9915,5884438.1126],[32583805.4691,5884412.6219],[32583852.95,5884393.1289],[32583899.4313,5884378.634],[32583919.9231,5884375.6349],[32583939.1655,5884375.1348],[32583958.9077,5884377.1337],[32583978.6499,5884381.1318],[32584017.6346,5884394.6259],[32584036.1274,5884403.1222],[32584069.6143,5884422.614],[32584091.6059,5884442.6057],[32584096.604,5884451.602],[32584098.3535,5884459.5988],[32584097.1041,5884467.0959],[32584093.6055,5884473.5934],[32584080.6108,5884483.5896],[32583938.6679,5884535.0712],[32583864.1979,5884565.0604],[32583828.7123,5884583.5536],[32583814.2182,5884595.0492],[32583802.2231,5884608.0443],[32583792.977,5884622.5386],[32583785.98,5884638.5324],[32583781.482,5884656.0255],[32583778.9833,5884675.5178],[32583778.7337,5884696.0097],[32583781.7328,5884717.0013],[32583788.4804,5884735.9936],[32583798.4766,5884752.9867],[32583810.4721,5884768.9802],[32583831.3859,5884788.939],[32583891.6615,5884946.0979],[32583881.4989,5884950.5058],[32583828.7177,5884973.3987],[32583803.9777,5884980.8961],[32583782.986,5884982.8956],[32583766.9924,5884982.396],[32583742.6517,5884980.515],[32583686.6554,5884976.1876],[32583663.5333,5884974.4007],[32583613.5532,5884974.9013],[32583596.0602,5884977.4005],[32583578.5671,5884979.8998],[32583546.8299,5884987.8971],[32583515.8196,5885001.5285],[32583501.3482,5885007.8898],[32583425.3786,5885025.8838],[32583391.1423,5885031.8819],[32583338.8338,5885037.2022],[32583333.3037,5885037.7647],[32583302.6775,5885040.8797],[32583262.9434,5885047.3777],[32583253.947,5885046.878],[32583247.1996,5885043.8793],[32583242.2015,5885039.3812],[32583238.7028,5885032.384],[32583236.2035,5885012.392],[32583236.7031,5884999.3971],[32583239.9516,5884984.4031],[32583247.4484,5884968.9091],[32583258.6938,5884953.4151],[32583287.4319,5884924.4262],[32583303.4254,5884911.9309],[32583318.9191,5884902.4345],[32583333.6632,5884895.437],[32583346.658,5884891.9382],[32583370.1486,5884889.9387],[32583398.1267,5884894.2844],[32583421.6283,5884897.9347],[32583431.6243,5884896.935],[32583441.1205,5884893.936],[32583458.8633,5884882.4403],[32583475.8563,5884863.4476],[32583493.349,5884839.4569],[32583500.5959,5884826.4619],[32583504.3443,5884814.9665],[32583505.0938,5884803.471],[32583503.3444,5884792.4754],[32583494.3476,5884770.4843],[32583472.8556,5884732.4997],[32583448.6149,5884706.0106],[32583416.8771,5884682.0206],[32583380.3914,5884663.5285],[32583361.1489,5884657.5312],[32583341.9065,5884654.0328],[32583304.4214,5884654.5332],[32583238.9476,5884668.5286],[32583210.209,5884671.028],[32583167.7258,5884663.5317],[32583141.9859,5884657.0346],[32583086.5077,5884639.0426],[32582954.6349,5884584.0477],[32582922.3219,5884570.5722],[32582858.4719,5884547.4867],[32582836.6056,5884542.0848],[32582821.8614,5884540.5857],[32582808.8666,5884541.5855],[32582797.6211,5884545.0842],[32582779.8783,5884555.0805],[32582767.8825,5884566.5551],[32582762.6354,5884571.5742],[32582759.8865,5884577.5719],[32582759.137,5884586.5683],[32582762.6359,5884610.5587],[32582770.3832,5884637.0481],[32582778.4188,5884656.8661],[32582795.5086,5884699.0139],[32582821.6102,5884763.3875],[32582826.113,5884774.4926],[32582828.3623,5884785.4882],[32582828.3626,5884808.4791],[32582824.3646,5884836.4678],[32582819.8668,5884867.9556],[32582819.8673,5884907.4399],[32582824.8661,5884959.919],[32582832.6633,5884982.7097],[32582837.8615,5884997.9037],[32582842.6099,5885018.8953],[32582843.1098,5885028.8913],[32582841.1108,5885038.8873],[32582829.8655,5885059.8792],[32582804.376,5885087.8684],[32582781.1355,5885105.3618],[32582752.9187,5885118.8746],[32582727.907,5885130.8525],[32582700.1682,5885146.8465],[32582633.4456,5885206.8237],[32582604.4937,5885230.652],[32582576.9686,5885253.306],[32582561.9748,5885270.7993],[32582551.2293,5885288.7923],[32582506.999,5885438.7334],[32582499.5026,5885479.7172],[32582498.2534,5885506.7065],[32582500.7528,5885530.1971],[32582503.7517,5885540.1931],[32582508.9998,5885550.1891],[32582516.7469,5885561.6844],[32582549.7996,5885602.363],[32582560.5979,5885615.6526],[32582576.4742,5885638.1531],[32582581.9722,5885649.1487],[32582584.4713,5885658.6448],[32582584.4715,5885666.6417],[32582582.4723,5885673.6389],[32582574.9755,5885685.1345],[32582568.0957,5885692.1521],[32582549.9858,5885710.6247],[32582538.7404,5885725.6189],[32582528.7447,5885745.1113],[32582524.7464,5885757.1066],[32582519.249,5885786.0952],[32582515.7529,5885840.773],[32582513.7524,5885872.0611],[32582497.0226,5885945.2413],[32582441.2187,5885920.4406],[32582410.3181,5885916.0267],[32582387.0579,5885916.0271],[32582313.2042,5886044.0444],[32582277.8904,5886114.6745],[32582238.1619,5886167.6473],[32582220.5049,5886194.1337],[32582220.5055,5886234.8555],[32582196.8835,5886248.4162],[32582188.137,5886255.4136],[32582167.6455,5886277.4051],[32582158.7236,5886264.6909],[32582105.9188,5886189.441],[32582097.172,5886174.9469],[32582082.4274,5886138.9614],[32582066.6828,5886077.4861],[32582058.9389,5886027.2346],[32582054.4365,5885998.0178],[32582038.4417,5885917.5501],[32582032.1939,5885892.5601],[32582018.9486,5885854.0756],[32581998.7062,5885824.5876],[32581954.7554,5885776.6875],[32581909.7402,5885727.6274],[32581900.7435,5885712.1337],[32581895.9952,5885695.1406],[32581894.7454,5885677.6475],[32581895.9947,5885660.1545],[32581898.9933,5885644.1608],[32581908.7389,5885609.6743],[32581916.2358,5885596.1796],[32581929.154,5885580.2152],[32581946.973,5885558.1942],[32581956.9687,5885530.705],[32581964.4653,5885499.7172],[32581970.2125,5885463.2316],[32581971.961,5885409.253],[32581974.4598,5885391.2602],[32581984.2054,5885356.7737],[32582006.6957,5885302.295],[32582009.4445,5885291.2994],[32582006.9451,5885263.8103],[32581997.4484,5885232.323],[32581971.458,5885177.845],[32581955.9636,5885140.8599],[32581931.9721,5885070.3883],[32581921.3218,5885031.3724],[32581914.2282,5884997.4176],[32581911.7285,5884949.4367],[32581915.4764,5884903.4549],[32581924.222,5884840.4798],[32581924.9714,5884820.4877],[32581922.9719,5884799.4961],[32581912.4755,5884757.5129],[32581905.2281,5884737.0212],[32581888.984,5884701.5355],[32581862.4939,5884652.5554],[32581793.0195,5884515.6108],[32581783.2732,5884499.6173],[32581773.277,5884487.1225],[32581762.781,5884477.1266],[32581741.0395,5884464.6319],[32581718.5483,5884459.6342],[32581706.554,5884459.1346],[32581682.5626,5884458.1353],[32581656.5728,5884452.1381],[32581643.328,5884446.6405],[32581630.0832,5884438.6439],[32581617.0882,5884428.648],[32581609.3195,5884420.2581],[32581594.3468,5884400.1597],[32581588.0991,5884384.1661],[32581585.3499,5884368.1725],[32581585.3497,5884351.6791],[32581587.8485,5884334.186],[32581601.3422,5884285.8724],[32581608.0894,5884261.7145],[32581610.0884,5884245.221],[32581609.8383,5884230.7268],[32581607.3391,5884217.732],[32581602.8407,5884206.2366],[32581589.5957,5884186.2448],[32581581.3489,5884178.2481],[32581570.3531,5884170.7512],[32581555.6089,5884164.254],[32581521.3723,5884153.7587],[32581478.8891,5884145.2627],[32581480.1382,5884114.7748],[32581484.136,5884074.7906],[32581492.3822,5884034.8064],[32581498.6295,5884019.3125],[32581506.6261,5884007.3171],[32581526.1181,5883988.3244],[32581585.8439,5883953.3374],[32581606.0857,5883938.343],[32581613.5826,5883930.3461],[32581623.8283,5883913.3527],[32581627.0769,5883904.3562],[32581629.0759,5883894.3602],[32581629.5815,5883874.1115],[32581625.5768,5883856.8751],[32581621.5783,5883848.8783],[32581609.5828,5883833.8845],[32581574.0964,5883796.3999],[32581559.3519,5883772.9094],[32581549.1056,5883745.9203],[32581543.8573,5883714.4329],[32581543.1067,5883652.9513],[32581542.6064,5883611.9736],[32581538.3576,5883577.9871],[32581534.1091,5883566.4917],[32581519.3646,5883542.5015],[32581512.1173,5883527.0077],[32581508.1186,5883509.0149],[32581506.6189,5883487.5235],[32581504.3697,5883477.5275],[32581491.2849,5883450.0171],[32581484.8768,5883436.5441],[32581475.4864,5883392.629],[32581468.6322,5883360.5745],[32581460.1352,5883331.0863],[32581454.6372,5883318.5913],[32581438.1434,5883294.1013],[32581413.6528,5883267.6122],[32581384.1641,5883241.1231],[32581337.1823,5883205.1381],[32581324.1873,5883192.1435],[32581313.4413,5883178.1492],[32581296.9475,5883151.1601],[32581283.9522,5883119.173],[32581282.4527,5883111.676],[32581285.4513,5883097.6815],[32581296.6967,5883086.1859],[32581315.689,5883077.1892],[32581365.4191,5883063.6939],[32581456.2964,5883031.3595],[32581486.7292,5883020.5314],[32581510.1109,5883012.2121],[32581535.1008,5882998.7171],[32581570.0866,5882975.7257],[32581592.3276,5882963.2304],[32581623.0653,5882958.7317],[32581649.0551,5882961.2303],[32581662.7996,5882964.2289],[32581676.0445,5882969.2268],[32581729.2736,5882992.7166],[32581750.7652,5882997.7143],[32581758.762,5882996.2148],[32581768.5762,5882985.3098],[32581774.5055,5882978.7215],[32581789.7493,5882968.2255],[32581810.4909,5882959.7285],[32581838.2298,5882952.7309],[32581898.4558,5882945.7328],[32581938.1427,5882942.6486],[32581983.3879,5882939.1325],[32582045.7388,5882934.2871],[32582072.1367,5882932.2356],[32582099.1259,5882927.2371],[32582107.6225,5882923.2386],[32582111.3709,5882917.7407],[32582111.6207,5882910.7435],[32582109.6214,5882904.2461],[32582105.373,5882897.7488],[32582089.879,5882885.254],[32582065.3886,5882874.7585],[32582033.4011,5882866.2623],[32582017.9073,5882863.7636],[32581989.6685,5882862.7644],[32581976.4237,5882864.264],[32581951.6837,5882872.761],[32581927.4435,5882887.7554],[32581902.9534,5882898.2516],[32581878.4632,5882904.2495],[32581854.2229,5882907.2487],[32581831.9817,5882906.7492],[32581823.485,5882904.2504],[32581804.3848,5882891.9721],[32581795.4959,5882886.2579],[32581786.7493,5882882.7594],[32581776.5033,5882881.2602],[32581762.259,5882881.2604],[32581722.7747,5882886.259],[32581625.8135,5882905.7527],[32581611.3193,5882906.7525],[32581604.8219,5882906.2528],[32581593.0765,5882901.255],[32581582.3424,5882885.2853],[32581572.5842,5882870.7674],[32581567.3362,5882866.2692],[32581554.5912,5882862.7708],[32581538.3477,5882866.7695],[32581505.5684,5882887.9006],[32581447.6345,5882925.2476],[32581408.4004,5882943.7408],[32581387.6587,5882950.7384],[32581365.6675,5882956.7363],[32581318.1865,5882966.2332],[32581241.4671,5882977.23],[32581167.4966,5882985.2279],[32581109.2697,5882985.2288],[32581078.7817,5882980.2312],[32581065.5369,5882975.7332],[32581027.9753,5882959.8254],[32581002.5569,5882949.0604],[32580980.5702,5882939.7488],[32580945.8338,5882927.754],[32580918.0947,5882920.7572],[32580893.1045,5882909.762],[32580869.8635,5882895.2681],[32580838.6256,5882872.2777],[32580799.1408,5882838.7915],[32580774.6503,5882820.799],[32580731.8262,5882800.1261],[32580709.4257,5882789.3125],[32580677.4382,5882769.3209],[32580663.6378,5882758.1841],[32580650.9484,5882745.8306],[32580640.4523,5882732.8359],[32580632.4553,5882719.3414],[32580605.7152,5882662.8642],[32580587.7218,5882628.878],[32580544.4882,5882573.9005],[32580524.7442,5882440.4537],[32580520.2453,5882390.9734],[32580520.245,5882369.482],[32580532.8741,5882244.4162],[32580535.4869,5882218.5417],[32580536.2363,5882196.5504],[32580563.724,5882101.0879],[32580569.7212,5882070.1001],[32580567.9716,5882045.6099],[32580562.1879,5882015.6226],[32580554.476,5881975.6378],[32580553.226,5881944.6502],[32580562.9705,5881822.6984],[32580574.7145,5881728.2358],[32580578.4629,5881717.2401],[32580583.7107,5881708.7434],[32580590.4579,5881702.2459],[32580603.6066,5881694.0357],[32580641.6871,5881670.2578],[32580658.6803,5881663.7601],[32580679.1721,5881663.7598],[32580687.4189,5881663.7597],[32580708.4105,5881659.761],[32580735.6495,5881647.7653],[32580751.643,5881636.7695],[32580865.8476,5881636.7678],[32580902.2517,5881634.828],[32580969.0566,5881631.2684],[32581057.2716,5881630.7673],[32581078.5131,5881627.2684],[32581092.7573,5881620.7708],[32581101.5037,5881611.2744],[32581114.9979,5881577.2877],[32581122.2448,5881563.2931],[32581139.9875,5881541.3016],[32581158.7298,5881524.3081],[32581186.4685,5881503.8158],[32581232.9496,5881474.3268],[32581258.4394,5881462.831],[32581279.9307,5881457.3329],[32581291.1763,5881456.3331],[32581315.6666,5881458.3319],[32581342.9059,5881468.3276],[32581373.644,5881488.3192],[32581426.5157,5881529.5308],[32581471.1063,5881564.2876],[32581484.1012,5881569.7852],[32581497.8458,5881571.2844],[32581503.0937,5881568.7853],[32581506.5922,5881564.287],[32581507.5917,5881556.2902],[32581505.3425,5881544.295],[32581495.3461,5881518.3055],[32581485.9744,5881498.0635],[32581470.3552,5881464.3273],[32581466.8564,5881448.3337],[32581469.3552,5881432.34],[32581477.8516,5881417.3458],[32581492.3457,5881406.35],[32581502.0918,5881403.351],[32581526.8319,5881401.3514],[32581559.6518,5881401.8964],[32581617.0461,5881402.8495],[32581659.5293,5881401.3487],[32581772.7343,5881397.3494],[32581839.7077,5881403.346],[32581868.9462,5881404.3452],[32581917.2361,5881401.4491],[32581985.6497,5881397.3462],[32582013.6386,5881399.345],[32582039.1286,5881404.3426],[32582084.8606,5881418.8362],[32582095.1066,5881419.3359],[32582108.8151,5881415.0517],[32582119.0969,5881411.8385],[32582137.8394,5881407.8398],[32582161.5801,5881405.8402],[32582185.3205,5881403.8407],[32582210.4382,5881395.9675],[32582218.8071,5881393.3443],[32582232.3017,5881391.3449],[32582244.95,5881391.5686],[32582260.5405,5881391.8443],[32582276.2842,5881385.8465],[32582280.5324,5881382.8476],[32582285.5303,5881374.8507],[32582320.5166,5881383.8466],[32582341.0086,5881391.8431],[32582369.9973,5881409.3357],[32582380.4932,5881417.8322],[32582384.7416,5881423.33],[32582390.2396,5881437.3243],[32582390.7396,5881445.8209],[32582386.9912,5881458.8158],[32582374.4965,5881483.8061],[32582373.7469,5881491.3031],[32582374.9965,5881497.3007],[32582378.7451,5881499.2999],[32582384.2429,5881497.8004],[32582401.1749,5881487.3961],[32582425.726,5881472.3099],[32582436.9715,5881470.3105],[32582447.7173,5881471.8098],[32582457.4635,5881477.8073],[32582492.3226,5881518.7942],[32582502.9462,5881531.2854],[32582526.9371,5881562.2727],[32582531.6853,5881567.2706],[32582535.9336,5881568.77],[32582539.1823,5881566.7707],[32582541.6812,5881561.7727],[32582544.6799,5881547.7782],[32582545.5084,5881538.0713],[32582546.4289,5881527.2863],[32582552.1764,5881515.291],[32582562.4222,5881505.2948],[32582575.6669,5881499.297],[32582583.1639,5881498.2973],[32582630.1453,5881500.7956],[32582660.4755,5881507.9149],[32582683.3743,5881513.2898],[32582757.345,5881520.2859],[32582780.8358,5881526.2832],[32582801.8276,5881535.7791],[32582822.3196,5881549.2735],[32582843.8114,5881567.266],[32582860.8049,5881589.7568],[32582867.3025,5881601.752],[32582879.798,5881635.2385],[32582887.6701,5881668.2244],[32582890.2945,5881679.2209],[32582890.7944,5881690.7163],[32582886.5464,5881709.209],[32582887.2961,5881714.207],[32582891.8293,5881722.5059],[32582902.5403,5881729.7006],[32582909.5375,5881731.6997],[32582943.2742,5881734.698],[32582953.2703,5881737.1969],[32582959.018,5881740.6954],[32583001.0019,5881777.6801],[32583036.9881,5881813.1655],[32583053.4818,5881832.6575],[32583061.9787,5881850.1504],[32583065.2277,5881872.1417],[32583066.7275,5881905.6283],[32583066.4779,5881924.121],[32583063.9791,5881938.6153],[32583054.9829,5881958.1077],[32583047.334,5881968.1472],[32583038.9896,5881979.0996],[32583034.9913,5881987.5963],[32582983.7634,5882113.0472],[32582978.0159,5882134.039],[32582977.7663,5882150.5324],[32582982.2646,5882163.0274],[32582991.2612,5882169.5247],[32582997.5087,5882170.5242],[32583003.7562,5882169.0247],[32583009.254,5882166.0258],[32583019.2499,5882155.5298],[32583035.5469,5882124.0458],[32583041.2405,5882113.0464],[32583065.4804,5882079.0595],[32583092.4693,5882049.071],[32583108.6703,5882035.538],[32583134.952,5882013.5845],[32583148.6963,5881998.0904],[32583154.9437,5881988.5941],[32583159.9415,5881977.5984],[32583163.1899,5881950.609],[32583159.1583,5881897.8057],[32583158.1909,5881885.1351],[32583159.6902,5881875.6389],[32583163.9384,5881867.1422],[32583177.1829,5881852.1479],[32583189.5979,5881841.8368],[32583206.6709,5881827.6572],[32583210.4193,5881821.6595],[32583210.919,5881815.1621],[32583208.6698,5881808.6647],[32583197.9239,5881794.6704],[32583181.6802,5881782.6754],[32583123.7675,5881757.7121],[32583052.9805,5881727.1994],[32583021.7427,5881710.7064],[32583009.4974,5881700.7105],[32582976.2601,5881666.2247],[32582957.7672,5881644.7335],[32582911.5347,5881585.7576],[32582900.039,5881564.2663],[32582898.7894,5881556.2695],[32582900.0388,5881549.2723],[32582909.0351,5881537.7767],[32582916.7819,5881532.7786],[32582937.7734,5881523.2821],[32582950.0185,5881519.7833],[32582973.0094,5881516.7841],[32582996.4374,5881516.9727],[32583034.9848,5881517.283],[32583044.9808,5881515.2836],[32583054.9768,5881513.2843],[32583087.2138,5881501.2886],[32583108.1955,5881490.7568],[32583151.9377,5881468.8005],[32583222.0739,5881437.7162],[32583239.9022,5881429.8147],[32583254.6462,5881421.8176],[32583346.5916,5881361.3883],[32583354.5924,5881356.1299],[32583380.4832,5881394.9649],[32583448.8578,5881410.1582],[32583547.6221,5881508.9196],[32583593.2058,5881562.099],[32583634.9909,5881622.8756],[32583642.5894,5881717.8399],[32583623.5975,5881790.0131],[32583616.0011,5881843.1933],[32583616.0014,5881862.1862],[32583634.9945,5881884.9774],[32583680.5777,5881903.9696],[32583718.5635,5881903.969],[32583764.1462,5881888.774],[32583790.7359,5881865.9821],[32583805.9298,5881835.5933],[32583805.9291,5881786.2118],[32583783.1368,5881729.2336],[32583756.546,5881668.4567],[32583741.3509,5881615.2769],[32583741.3506,5881588.6868],[32583760.3432,5881569.6937],[32583798.3291,5881581.0888],[32583843.9127,5881634.2682],[32583862.9064,5881691.2466],[32583874.3025,5881714.0379],[32583862.9073,5881755.8223],[32583862.9078,5881790.0095],[32583866.7067,5881812.801],[32583889.4983,5881824.1963],[32583923.6856,5881831.793],[32583973.0668,5881812.7994],[32583980.6631,5881748.2235],[32583946.4747,5881664.6553],[32583942.6752,5881592.4824],[32583942.6747,5881554.4967],[32583950.2714,5881527.9066],[32583961.6667,5881497.5177],[32583988.2562,5881455.733],[32583995.8527,5881413.9486],[32584003.449,5881349.3727],[32584003.4485,5881315.1855],[32584007.2467,5881284.7968],[32584022.4407,5881265.8037],[32584052.8289,5881235.4147],[32584079.4186,5881212.6228],[32584094.6125,5881186.0326],[32584094.612,5881148.0468],[32584071.8201,5881117.6585],[32584026.2368,5881087.2706],[32583984.4523,5881072.0769],[32583919.8771,5881113.8622],[32583855.3023,5881186.0361],[32583813.5187,5881243.0154],[32583794.5263,5881277.2029],[32583775.5335,5881284.8003],[32583726.1521,5881284.801],[32583665.3744,5881250.6147],[32583615.9925,5881220.2269],[32583585.6036,5881197.4359],[32583566.6103,5881167.0476],[32583536.2215,5881155.6523],[32583505.8331,5881167.0485],[32583502.0348,5881189.84],[32583502.0351,5881212.6314],[32583502.0355,5881243.02],[32583486.8413,5881246.8188],[32583466.5156,5881260.3697],[32583462.0615,5881250.3826],[32583454.0646,5881242.3859],[32583444.5683,5881239.3872],[32583440.0701,5881239.8871],[32583425.347,5881250.1175],[32583386.8417,5881276.8732],[32583315.6205,5881312.3602],[32583308.3734,5881310.8609],[32583303.1254,5881305.3631],[32583299.3767,5881297.3664],[32583294.0074,5881270.3683],[32583290.6296,5881253.384],[32583287.6307,5881245.3872],[32583280.8832,5881236.8906],[32583277.3846,5881235.3913],[32583273.6361,5881236.391],[32583265.8893,5881241.3891],[32583251.8951,5881258.3825],[32583235.2914,5881283.1001],[32583207.9134,5881323.8572],[32583187.172,5881347.848],[32583174.4272,5881359.8434],[32583145.439,5881381.3353],[32583114.2017,5881398.329],[32583094.9723,5881405.7062],[32583045.6634,5881422.1073],[32583025.4873,5881428.8183],[32583002.3677,5881435.817],[32582933.0244,5881456.8085],[32582891.541,5881465.8056],[32582854.0559,5881469.3047],[32582832.8143,5881467.8056],[32582811.3228,5881462.8079],[32582789.3314,5881455.3113],[32582754.0952,5881440.3177],[32582730.8544,5881433.8207],[32582695.8682,5881429.323],[32582683.2051,5881428.8233],[32582657.8832,5881427.8241],[32582643.6389,5881424.8255],[32582615.6498,5881414.3301],[32582591.6591,5881398.8366],[32582582.6626,5881390.3401],[32582576.4149,5881381.3438],[32582573.416,5881372.3474],[32582573.166,5881363.351],[32582579.1634,5881345.358],[32582609.4008,5881305.8733],[32582613.399,5881292.8784],[32582612.1495,5881287.3806],[32582604.1525,5881277.8844],[32582589.6582,5881270.8874],[32582569.9159,5881264.8901],[32582535.6794,5881258.3932],[32582512.9384,5881258.8933],[32582502.6926,5881261.3925],[32582493.6962,5881265.8909],[32582486.949,5881272.8882],[32582481.4513,5881282.3845],[32582470.1012,5881315.0175],[32582465.4583,5881328.3665],[32582460.7103,5881339.3622],[32582453.9631,5881348.8585],[32582444.7169,5881355.3561],[32582433.4714,5881359.8544],[32582407.7317,5881363.3534],[32582381.9919,5881360.8548],[32582357.5015,5881354.8576],[32582261.2895,5881337.3659],[32582240.2976,5881327.3702],[32582216.0572,5881322.3726],[32582181.321,5881319.8741],[32582128.0921,5881319.3751],[32582084.6094,5881322.3745],[32582029.1315,5881328.8728],[32581979.1513,5881328.3737],[32581954.9109,5881325.3752],[32581864.6964,5881300.8863],[32581845.7039,5881296.8882],[32581822.2132,5881294.3895],[32581793.7248,5881293.3903],[32581694.014,5881289.8932],[32581665.7752,5881287.8944],[32581628.5399,5881282.897],[32581609.0477,5881283.8968],[32581599.2604,5881286.218],[32581545.823,5881298.8918],[32581506.3387,5881304.3902],[32581449.1114,5881302.8917],[32581420.5688,5881297.3973],[32581402.3799,5881293.8959],[32581395.6325,5881294.3958],[32581379.639,5881299.3941],[32581357.8978,5881311.3897],[32581329.1594,5881330.8823],[32581251.9409,5881391.3595],[32581217.7049,5881415.3505],[32581173.9726,5881440.841],[32581108.499,5881472.8293],[32581061.7678,5881488.3238],[32581036.278,5881493.822],[32581014.0369,5881496.3213],[32580984.5485,5881494.3226],[32580971.2346,5881491.0186],[32580950.312,5881485.8264],[32580933.8186,5881487.8259],[32580918.075,5881498.8218],[32580893.835,5881524.8118],[32580878.3413,5881534.8081],[32580832.9874,5881544.2265],[32580786.8778,5881553.8019],[32580727.4017,5881574.2946],[32580695.1647,5881584.7909],[32580642.9355,5881593.7881],[32580588.4572,5881596.2879],[32580571.4639,5881594.7888],[32580556.7197,5881591.2904],[32580544.2246,5881585.7928],[32580533.7287,5881578.7957],[32580524.7322,5881570.2992],[32580517.4849,5881560.3033],[32580506.9888,5881538.812],[32580503.4899,5881523.3182],[32580501.7403,5881499.8275],[32580500.9898,5881441.3508],[32580502.4879,5881350.6363],[32580502.9873,5881320.3987],[32580509.2337,5881241.43],[32580513.4817,5881214.9405],[32580516.7303,5881207.4434],[32580521.4783,5881199.4465],[32580537.398,5881182.1353],[32580547.2177,5881171.4572],[32580555.4642,5881158.9621],[32580560.4618,5881123.9759],[32580563.21,5881074.9953],[32580563.2098,5881060.501],[32580563.2096,5881048.5058],[32580561.1568,5881026.5241],[32580555.4616,5880965.5389],[32580556.607,5880920.9704],[32580557.7095,5880878.0736],[32580554.4599,5880816.0982],[32580550.961,5880797.1058],[32580541.2144,5880762.1198],[32580517.9728,5880701.6442],[32580525.2198,5880691.6481],[32580533.4662,5880671.1561],[32580535.2154,5880660.6602],[32580535.2151,5880641.6677],[32580529.9667,5880608.6809],[32580526.825,5880594.6154],[32580507.9741,5880510.2203],[32580506.9743,5880496.2259],[32580508.4733,5880465.2382],[32580518.4686,5880413.7585],[32580530.2134,5880376.2732],[32580539.7094,5880357.2806],[32580550.9547,5880339.2876],[32580577.4506,5880305.2352],[32580602.6833,5880278.8108],[32580625.424,5880258.3186],[32580692.867,5880206.8072],[32580702.6425,5880199.3409],[32580720.885,5880181.8476],[32580774.1131,5880122.8702],[32580877.5703,5879998.4181],[32580889.3154,5879982.924],[32580900.5606,5879962.9318],[32580906.8079,5879945.4387],[32580910.3063,5879927.9456],[32580990.7742,5879915.4493],[32581022.2189,5879912.0822],[32581042.9533,5879909.8619],[32581107.4777,5879902.9526],[32581150.2106,5879894.9551],[32581238.4253,5879873.4623],[32581251.9198,5879868.4641],[32581269.6627,5879858.9676],[32581279.4086,5879848.4716],[32581281.8721,5879848.9714],[32581281.9946,5879848.9962],[32581296.6518,5879851.97],[32581306.3981,5879852.6196],[32581326.64,5879853.9688],[32581360.3766,5879852.9686],[32581403.8592,5879848.4698],[32581487.5758,5879836.4733],[32581635.2667,5879803.4842],[32581646.7622,5879806.9827],[32581663.0059,5879815.479],[32581682.2485,5879831.4724],[32581712.2371,5879873.9551],[32581768.7159,5879962.4191],[32581796.7443,5879997.2692],[32581844.6871,5880056.8805],[32581856.9325,5880078.8716],[32581861.431,5880095.365],[32581864.93,5880121.3546],[32581863.4644,5880134.0337],[32581858.9327,5880148.344],[32581853.435,5880157.8403],[32581835.9423,5880178.8322],[32581824.6969,5880189.3282],[32581800.2068,5880207.8212],[32581776.4665,5880220.8164],[32581742.73,5880232.8122],[32581704.9067,5880242.8758],[32581688.2518,5880247.3072],[32581647.0184,5880260.8025],[32581624.2775,5880263.8016],[32581590.7907,5880262.3027],[32581578.5456,5880264.8019],[32581574.7972,5880267.8008],[32581573.5477,5880272.7988],[32581577.0465,5880282.295],[32581581.838,5880286.8582],[32581592.7904,5880297.2888],[32581595.5394,5880302.2868],[32581596.789,5880307.7846],[32581596.7891,5880315.2816],[32581596.7893,5880331.2752],[32581599.7883,5880345.7694],[32581603.7868,5880350.7674],[32581610.2843,5880353.7661],[32581619.7805,5880354.2658],[32581641.022,5880348.7676],[32581660.764,5880338.7713],[32581719.2403,5880301.7851],[32581755.4757,5880284.7913],[32581794.2101,5880269.2969],[32581826.697,5880259.3004],[32581847.1889,5880256.8011],[32581856.4352,5880257.8006],[32581875.1779,5880263.2981],[32581884.9241,5880268.7958],[32581905.4162,5880286.2885],[32581926.0836,5880311.7753],[32581983.6364,5880382.7491],[32582007.1274,5880404.74],[32582015.6241,5880408.2385],[32582022.8712,5880408.2384],[32582038.6149,5880404.2397],[32582052.6093,5880396.7425],[32582062.1054,5880387.7459],[32582064.3543,5880377.7498],[32582061.3554,5880365.7546],[32582053.3583,5880351.7603],[32582039.3637,5880336.2667],[32582025.0602,5880325.4161],[32581995.8805,5880303.2804],[32581983.8851,5880293.2846],[32581969.8967,5880278.6002],[32581952.1472,5880255.7999],[32581943.9003,5880240.806],[32581930.4052,5880209.3187],[32581919.659,5880178.3312],[32581908.9126,5880131.35],[32581900.665,5880067.8753],[32581895.1668,5880038.8869],[32581885.1704,5880013.897],[32581852.1829,5879971.4143],[32581807.9238,5879921.7494],[32581796.954,5879909.4397],[32581781.4598,5879884.9497],[32581766.2154,5879853.9622],[32581761.717,5879840.4677],[32581759.7175,5879815.9774],[32581762.4661,5879795.9853],[32581767.366,5879785.5462],[32582013.3124,5879789.107],[32582319.2822,5879799.4324],[32582306.5003,5879805.4734],[32582322.9939,5879821.9667],[32582332.2404,5879827.9641],[32582343.2361,5879833.4618],[32582355.9811,5879837.46],[32582394.2159,5879840.4583],[32582446.4452,5879838.4583],[32582470.9355,5879840.9569],[32582490.6777,5879845.4548],[32582535.1602,5879859.9484],[32582546.8484,5879862.4089],[32582587.3896,5879870.9433],[32582622.3759,5879883.9376],[32582638.3697,5879892.434],[32582659.1117,5879907.9275],[32582663.8599,5879914.4249],[32582665.6093,5879920.4225],[32582663.6103,5879933.9171],[32582657.258,5879947.1745],[32582646.3676,5879969.9031],[32582644.6184,5879975.401],[32582644.6185,5879983.3978],[32582649.3667,5879990.3949],[32582659.1129,5879998.3916],[32582678.0662,5880010.2983],[32582701.8462,5880017.3834],[32582741.8304,5880022.8807],[32582779.8278,5880022.1699],[32582822.0486,5880021.3801],[32582834.0438,5880023.8789],[32582853.7861,5880033.3748],[32582861.5332,5880040.3719],[32582873.2787,5880058.3646],[32582879.5265,5880078.8564],[32582879.7766,5880088.8524],[32582877.5276,5880098.3487],[32582867.032,5880114.3425],[32582836.5445,5880140.3326],[32582825.2991,5880152.328],[32582820.5511,5880163.3237],[32582820.5512,5880168.8215],[32582824.7996,5880178.3177],[32582834.0461,5880185.3148],[32582848.5403,5880184.315],[32582870.8441,5880176.2324],[32582920.2615,5880158.3242],[32582952.9984,5880149.8271],[32582973.7401,5880151.3262],[32582982.9865,5880155.8243],[32582998.9803,5880167.3195],[32583010.476,5880179.8143],[32583014.9743,5880186.8115],[32583021.4719,5880203.8047],[32583024.9708,5880224.7963],[32583022.9718,5880241.2898],[32583016.4748,5880265.7801],[32583019.2238,5880277.2755],[32583025.7214,5880286.2719],[32583034.468,5880292.7691],[32583051.4613,5880298.2667],[32583061.7127,5880298.6525],[32583074.7855,5880298.2663],[32583088.8791,5880297.85],[32583159.4184,5880295.7661],[32583170.9138,5880291.7675],[32583176.1616,5880284.7702],[32583177.1612,5880280.7718],[32583175.219,5880262.4316],[32583172.6624,5880238.2887],[32583175.9109,5880225.2938],[32583179.9092,5880219.2961],[32583193.6536,5880209.7997],[32583202.4001,5880205.8012],[32583226.3914,5880197.8037],[32583239.8851,5880193.3056],[32583253.6295,5880185.8083],[32583262.126,5880174.3128],[32583264.6249,5880167.8153],[32583266.6239,5880152.8212],[32583266.1239,5880137.3274],[32583269.3724,5880126.3317],[32583275.8697,5880119.3344],[32583286.9668,5880114.3298],[32583291.159,5880112.4392],[32583299.86,5880103.3404],[32583306.3572,5880090.3455],[32583311.1051,5880074.3517],[32583312.6043,5880057.3585],[32583310.3551,5880049.8615],[32583306.3566,5880043.3641],[32583300.3589,5880037.8664],[32583293.1117,5880033.8681],[32583275.3687,5880029.8699],[32583254.8769,5880031.8694],[32583226.3883,5880043.3653],[32583209.1454,5880056.3604],[32583187.4025,5880081.0145],[32583177.4085,5880092.3466],[32583159.4158,5880109.3401],[32583140.1737,5880122.3352],[32583119.6819,5880129.3328],[32583108.9362,5880129.8327],[32583097.4407,5880128.8333],[32583072.2006,5880120.8368],[32583029.9671,5880099.8458],[32583000.9783,5880080.354],[32582988.733,5880067.8591],[32582977.9871,5880053.8648],[32582947.9984,5880007.3837],[32582936.5027,5879992.3899],[32582923.5077,5879978.3956],[32582890.5204,5879951.9066],[32582833.7925,5879917.4212],[32582801.3051,5879901.428],[32582763.5699,5879887.4341],[32582754.0736,5879879.4374],[32582752.3241,5879869.4414],[32582754.8231,5879862.944],[32582761.0705,5879855.9466],[32582771.3163,5879848.9493],[32582784.8109,5879842.4516],[32582834.0411,5879825.9575],[32582896.766,5879809.9629],[32582943.8326,5879790.1255],[32582961.9897,5879782.4728],[32582999.4747,5879771.4766],[32583006.4718,5879767.9779],[32583009.2207,5879762.4801],[32583008.7208,5879756.4824],[32583003.7399,5879743.3132],[32582993.9761,5879717.4981],[32582994.7895,5879696.669],[32582995.2252,5879685.5108],[32582993.4756,5879670.017],[32582986.4782,5879658.0219],[32582980.7305,5879654.0235],[32582968.7352,5879651.0249],[32582956.74,5879654.0239],[32582946.4942,5879661.0213],[32582932.25,5879675.5157],[32582918.2557,5879686.0118],[32582892.4822,5879700.8982],[32582873.2739,5879711.0025],[32582851.6577,5879725.9969],[32582830.0415,5879740.9913],[32582820.975,5879746.6406],[32582800.6998,5879759.274],[32582765.0679,5879781.4761],[32582729.5822,5879800.9689],[32582702.0933,5879812.9646],[32582681.8514,5879817.4631],[32582662.6091,5879819.4626],[32582615.8777,5879822.9619],[32582599.884,5879821.4627],[32582563.9425,5879808.3174],[32582535.6592,5879797.973],[32582485.6788,5879784.9789],[32582465.1796,5879780.4993],[32582410.2086,5879768.4866],[32582344.9844,5879761.9901],[32582298.7527,5879760.4914],[32582296.5036,5879760.4915],[32582241.7749,5879728.0052],[32582208.5379,5879712.5118],[32582181.7984,5879707.5142],[32582156.3085,5879708.5142],[32582130.8187,5879709.5142],[32582111.4273,5879704.7136],[32581927.1298,5879722.8147],[32581785.0989,5879722.8168],[32581781.2076,5879720.0152],[32581763.9644,5879714.5176],[32581733.2266,5879712.5189],[32581708.4865,5879716.5177],[32581666.2534,5879727.5139],[32581635.5156,5879728.0142],[32581620.0217,5879724.5158],[32581615.2158,5879723.3624],[32581588.784,5879717.0192],[32581570.2256,5879715.0203],[32581562.0446,5879715.5202],[32581549.5496,5879719.019],[32581528.5102,5879729.4796],[32581505.3175,5879741.0109],[32581491.9493,5879737.7036],[32581481.077,5879735.0137],[32581448.8398,5879734.5144],[32581412.3544,5879746.5101],[32581387.8642,5879752.0083],[32581336.3847,5879756.0075],[32581293.4018,5879757.0077],[32581290.7688,5879756.9566],[32581267.662,5879756.5083],[32581221.4304,5879758.5082],[32581174.699,5879765.0063],[32581157.7059,5879771.504],[32581125.2191,5879794.4954],[32581093.7319,5879813.4883],[32581071.9906,5879822.485],[32581006.017,5879837.9799],[32580949.7895,5879844.9779],[32580934.0847,5879846.0612],[32580920.8011,5879846.9776],[32580913.5539,5879847.4775],[32580909.8047,5879800.4962],[32580912.3993,5879756.8967],[32580914.8016,5879716.5294],[32580912.8016,5879663.0507],[32580905.804,5879634.5621],[32580891.5592,5879605.074],[32580887.0609,5879593.5787],[32580885.3114,5879583.5827],[32580888.0601,5879566.5894],[32580897.0563,5879551.0954],[32580903.8041,5879542.1606],[32580951.0339,5879479.623],[32580957.2812,5879466.1282],[32580957.7809,5879460.6304],[32580957.0312,5879455.6324],[32580951.7831,5879446.636],[32580934.3462,5879435.6101],[32580917.7963,5879425.1451],[32580910.799,5879415.1491],[32580909.2995,5879409.1515],[32580910.2989,5879396.6565],[32580913.2976,5879390.6588],[32580917.7958,5879386.1606],[32580935.5386,5879374.6649],[32580941.2862,5879369.6668],[32580945.7844,5879362.6695],[32580948.783,5879353.673],[32580951.7816,5879335.1803],[32580952.2813,5879327.1835],[32580950.2819,5879313.6888],[32580942.7847,5879301.6937],[32580936.5371,5879296.196],[32580916.4978,5879281.2835],[32580893.5537,5879264.2093],[32580862.0658,5879236.7207],[32580856.318,5879229.2238],[32580847.5712,5879211.231],[32580837.5747,5879175.2455],[32580835.8251,5879152.7544],[32580837.9041,5879143.1585],[32580845.5706,5879107.7722],[32580844.8205,5879075.7849],[32580847.3192,5879053.2938],[32580852.8166,5879026.8042],[32580860.5632,5878999.8148],[32580876.3064,5878961.3298],[32580890.8003,5878936.3395],[32580926.2855,5878888.3581],[32580937.5308,5878869.8652],[32580951.7747,5878838.8773],[32580957.4352,5878823.292],[32580971.0163,5878785.8981],[32580998.2547,5878728.9203],[32581030.7411,5878674.4415],[32581038.7377,5878662.9459],[32581056.7303,5878643.9532],[32581078.7214,5878629.4586],[32581131.1326,5878607.7944],[32581153.6912,5878598.4698],[32581169.5099,5878590.0729],[32581206.4199,5878570.4801],[32581228.6609,5878560.4838],[32581273.8837,5878546.7651],[32581325.8719,5878530.994],[32581337.3059,5878524.9922],[32581381.0996,5878502.0047],[32581409.838,5878491.5085],[32581424.5821,5878488.0096],[32581445.8735,5878486.3008],[32581511.3201,5878489.1918],[32581575.0225,5878492.0058],[32581603.0113,5878489.0066],[32581622.1683,5878485.5045],[32581649.4927,5878480.5093],[32581671.9838,5878479.0095],[32581695.2246,5878481.5082],[32581706.1168,5878483.5412],[32581751.4524,5878492.0032],[32581781.9403,5878492.0027],[32581796.9343,5878489.5035],[32581808.1798,5878485.5049],[32581816.1766,5878480.007],[32581821.4244,5878473.5095],[32581824.4231,5878466.0124],[32581826.9217,5878441.0223],[32581825.4221,5878423.5293],[32581818.2467,5878398.1605],[32581811.427,5878374.0491],[32581817.8681,5878354.3459],[32581824.1714,5878335.0644],[32581824.1712,5878324.5686],[32581818.6732,5878309.5746],[32581804.4285,5878285.0845],[32581793.9325,5878273.5893],[32581781.6873,5878267.5918],[32581774.4402,5878266.0925],[32581766.6932,5878266.5925],[32581759.1963,5878269.0916],[32581752.1991,5878274.0897],[32581745.9517,5878282.0866],[32581734.7746,5878312.6206],[32581725.4606,5878338.0647],[32581705.9689,5878381.5477],[32581699.2218,5878393.0433],[32581686.2272,5878408.5373],[32581674.2321,5878419.5331],[32581661.7371,5878426.5305],[32581654.2401,5878428.5298],[32581636.4972,5878427.0307],[32581584.2677,5878410.0382],[32581566.5246,5878405.5403],[32581552.7801,5878404.5409],[32581546.0327,5878402.5417],[32581539.2854,5878400.5426],[32581504.3306,5878382.0681],[32581495.5131,5878377.4078],[32581489.8047,5878374.5537],[32581467.8132,5878363.5584],[32581445.572,5878355.0621],[32581424.8301,5878350.5642],[32581416.0836,5878351.0641],[32581363.6413,5878362.7512],[32581326.3695,5878371.0575],[32581273.1407,5878375.5565],[32581221.1614,5878383.5541],[32581204.3395,5878384.8824],[32581164.1841,5878388.0532],[32581134.6959,5878394.0512],[32581112.9523,5878402.2161],[32581105.3072,5878394.7139],[32581091.1648,5878393.9574],[32581076.9007,5878401.0169],[32581065.1977,5878415.4473],[32580969.5119,5878422.0426],[32580940.0236,5878421.5432],[32580912.7843,5878416.5456],[32580900.789,5878411.5478],[32580889.5434,5878404.5507],[32580879.2973,5878395.0546],[32580855.0565,5878360.0689],[32580843.8106,5878337.0782],[32580835.8786,5878317.3298],[32580831.5651,5878306.5905],[32580822.8183,5878293.5957],[32580804.3254,5878273.604],[32580801.5324,5878265.6663],[32580790.0805,5878233.1202],[32580775.8354,5878179.1419],[32580770.7514,5878122.0537],[32580769.337,5878106.171],[32580765.0883,5878083.1801],[32580761.5896,5878074.6836],[32580757.0913,5878068.686],[32580747.8449,5878061.1891],[32580739.0982,5878050.1936],[32580733.1684,5878033.3932],[32580730.1014,5878024.7039],[32580714.3061,5878003.1813],[32580707.36,5877993.7165],[32580701.862,5877979.7222],[32580699.1125,5877935.2399],[32580701.3608,5877876.2632],[32580704.3594,5877859.7698],[32580708.6075,5877847.2746],[32580718.7402,5877828.0782],[32580728.3492,5877813.2878],[32580747.3414,5877791.7961],[32580758.8367,5877783.2993],[32580771.5815,5877777.3015],[32580785.5759,5877773.3029],[32580819.3125,5877769.8038],[32580925.5202,5877763.3048],[32580963.0056,5877763.7073],[32580972.0018,5877763.8039],[32580987.2457,5877761.8044],[32580996.2421,5877759.3053],[32581004.7387,5877754.807],[32581011.9857,5877749.8088],[32581017.2335,5877743.8111],[32581023.4809,5877731.8158],[32581023.7306,5877719.8206],[32581017.7329,5877709.8246],[32581005.4876,5877698.8292],[32580997.7406,5877693.3315],[32580979.4977,5877684.8351],[32580969.7515,5877682.3363],[32580959.7555,5877681.8366],[32580912.2761,5877682.8369],[32580888.5338,5877683.3371],[32580871.5406,5877685.3365],[32580850.549,5877690.3349],[32580833.0234,5877695.6036],[32580769.0817,5877714.8263],[32580763.2441,5877717.8652],[32580732.5964,5877733.8193],[32580706.357,5877743.8158],[32580688.864,5877747.3146],[32580662.1246,5877748.8144],[32580644.3816,5877745.8159],[32580635.8849,5877742.8172],[32580617.8919,5877730.8222],[32580600.1487,5877711.83],[32580583.6549,5877689.3392],[32580562.9126,5877651.8544],[32580531.6751,5877579.5646],[32580510.4318,5877530.4034],[32580502.4348,5877518.9081],[32580497.9365,5877515.4095],[32580493.4383,5877513.4104],[32580489.19,5877514.4101],[32580484.6918,5877518.9083],[32580479.4442,5877536.4015],[32580479.2526,5877584.0746],[32580479.1951,5877598.3769],[32580475.4468,5877611.3718],[32580461.4528,5877645.3585],[32580459.4539,5877663.3514],[32580462.4528,5877671.8479],[32580469.2002,5877679.8447],[32580512.6834,5877711.8313],[32580531.1763,5877729.3241],[32580545.421,5877753.8142],[32580549.6695,5877767.8086],[32580551.1691,5877779.8038],[32580549.6699,5877795.2976],[32580546.4213,5877802.7947],[32580540.1738,5877808.7924],[32580521.9312,5877817.2893],[32580509.9361,5877824.7865],[32580502.939,5877834.7827],[32580502.1894,5877840.2805],[32580503.6888,5877845.7783],[32580507.9372,5877851.7758],[32580515.4343,5877857.7733],[32580564.4153,5877886.7611],[32580588.406,5877902.7544],[32580602.9092,5877915.5965],[32580604.61,5877917.1025],[32580621.1434,5877931.7424],[32580629.6402,5877946.7363],[32580633.3889,5877958.2317],[32580639.8868,5877989.2193],[32580643.1358,5878016.7083],[32580642.3866,5878047.1963],[32580637.8885,5878060.1912],[32580630.3916,5878067.6883],[32580625.6435,5878070.1874],[32580608.1505,5878072.1868],[32580585.9093,5878067.689],[32580557.4205,5878059.1927],[32580508.4397,5878041.2006],[32580486.948,5878029.2057],[32580459.9584,5878006.2152],[32580445.714,5877999.2182],[32580431.9694,5877998.2188],[32580426.7215,5878000.7179],[32580423.9727,5878004.7164],[32580423.2231,5878010.2142],[32580427.4716,5878023.209],[32580436.968,5878037.7031],[32580453.2118,5878057.1951],[32580460.7091,5878073.1886],[32580460.2094,5878081.6853],[32580451.2132,5878102.1773],[32580451.4633,5878116.1717],[32580454.7121,5878121.6695],[32580460.9597,5878125.6678],[32580470.4559,5878127.1671],[32580480.7019,5878126.6671],[32580488.9486,5878125.6674],[32580506.8953,5878119.5013],[32580517.3364,5878115.9139],[32580534.4303,5878111.6723],[32580561.4196,5878108.673],[32580618.8967,5878108.6722],[32580643.387,5878110.671],[32580653.8829,5878113.1699],[32580663.3792,5878117.1682],[32580672.1258,5878123.1656],[32580686.8702,5878138.6593],[32580703.1141,5878164.6487],[32580715.1097,5878193.637],[32580746.6509,5878280.9458],[32580751.4891,5878294.3383],[32580752.8462,5878298.095],[32580761.5931,5878324.5844],[32580768.0909,5878353.0729],[32580767.5914,5878374.0646],[32580763.3432,5878385.5601],[32580760.0946,5878390.0584],[32580750.3486,5878397.0557],[32580710.1148,5878418.048],[32580699.1193,5878429.5436],[32580697.62,5878435.5412],[32580698.6197,5878441.5388],[32580701.6186,5878446.037],[32580709.4285,5878452.1427],[32580729.108,5878467.5281],[32580738.1046,5878482.0222],[32580749.3505,5878508.5115],[32580752.0995,5878518.0077],[32580753.8491,5878536.5003],[32580749.3512,5878559.9911],[32580745.1031,5878572.986],[32580736.1068,5878583.9817],[32580728.6098,5878588.9799],[32580691.125,5878605.4739],[32580681.129,5878613.4708],[32580678.88,5878617.4693],[32580678.8801,5878626.4657],[32580684.4014,5878637.7531],[32580690.126,5878649.4564],[32580693.125,5878666.9494],[32580687.8774,5878689.4406],[32580684.6288,5878696.9377],[32580675.6326,5878709.9326],[32580670.3847,5878715.4305],[32580660.8203,5878720.5938],[32580613.9076,5878745.9193],[32580588.4179,5878762.9129],[32580573.4241,5878778.9068],[32580565.9272,5878790.9021],[32580564.178,5878796.8998],[32580564.1781,5878802.3976],[32580566.4273,5878808.3952],[32580571.6753,5878814.8925],[32580604.9909,5878847.874],[32580621.6561,5878864.3721],[32580631.4025,5878878.8662],[32580634.1517,5878902.8566],[32580633.902,5878914.3521],[32580628.9043,5878937.8428],[32580623.1567,5878949.8382],[32580614.9101,5878960.3341],[32580604.6643,5878969.3307],[32580594.1686,5878975.8283],[32580572.6772,5878984.825],[32580538.9407,5878989.3237],[32580516.6995,5878988.3245],[32580495.4579,5878985.326],[32580474.4662,5878979.3286],[32580442.9785,5878964.8349],[32580405.9928,5878942.3443],[32580376.2544,5878926.3511],[32580343.5172,5878912.857],[32580308.2811,5878905.3605],[32580273.295,5878902.862],[32580256.5516,5878903.362],[32580240.8079,5878904.3619],[32580202.8231,5878910.8599],[32580184.0806,5878917.3576],[32580155.0485,5878935.0019],[32580138.8489,5878944.8473],[32580128.6031,5878951.8447],[32580114.3588,5878957.8425],[32580079.8727,5878968.3389],[32580041.3979,5878976.811],[32580025.3945,5878980.3349],[32580006.9018,5878979.8354],[32579986.5045,5878974.7026],[32579969.1666,5878970.3397],[32579952.1733,5878962.8429],[32579927.6827,5878940.852],[32579919.0241,5878930.2165],[32579895.9448,5878901.868],[32579887.698,5878896.3703],[32579879.7011,5878893.3716],[32579871.4544,5878892.8719],[32579856.9602,5878896.8705],[32579845.7147,5878903.8679],[32579839.9523,5878909.3411],[32579825.8134,5878922.7702],[32579790.9872,5878955.8481],[32579770.4955,5878971.842],[32579718.0168,5878999.3319],[32579662.2892,5879020.8242],[32579648.2948,5879024.323],[32579632.4222,5879026.7465],[32579550.084,5879039.3185],[32579497.4384,5879051.6477],[32579471.1156,5879057.8123],[32579419.6335,5879066.3935],[32579375.1539,5879073.8074],[32579356.9112,5879074.8073],[32579327.1729,5879069.8097],[32579318.9262,5879070.3096],[32579225.7136,5879100.2991],[32579189.978,5879113.2945],[32579170.9856,5879118.2928],[32579150.7436,5879118.2931],[32579130.7515,5879115.7943],[32579095.0156,5879105.7988],[32579069.7754,5879094.8036],[32579055.5307,5879065.3155],[32579046.0343,5879050.8214],[32579034.2887,5879037.8267],[32579021.2938,5879031.3295],[32579012.5473,5879029.8302],[32578990.8059,5879031.3299],[32578975.5621,5879037.8276],[32578960.3002,5879054.1074],[32578953.0713,5879061.8184],[32578938.5772,5879068.8158],[32578907.0898,5879076.3133],[32578885.0985,5879078.9008],[32578860.3584,5879081.8118],[32578842.8644,5879086.1773],[32578761.7905,5879106.4088],[32578728.1613,5879114.8007],[32578706.67,5879121.2984],[32578693.6752,5879127.796],[32578666.6861,5879141.2911],[32578652.4418,5879145.7895],[32578637.4478,5879146.7893],[32578603.4615,5879145.7902],[32578586.468,5879145.2907],[32578547.4836,5879148.7898],[32578536.7379,5879152.7884],[32578526.2421,5879159.286],[32578493.4911,5879190.692],[32578471.5146,5879211.766],[32578454.0216,5879218.7634],[32578429.2815,5879222.2624],[32578413.7877,5879222.7624],[32578395.7948,5879222.7627],[32578374.0534,5879222.763],[32578352.562,5879222.7633],[32578311.0784,5879220.7648],[32578280.5904,5879215.2674],[32578234.6085,5879199.2744],[32578193.1248,5879187.2798],[32578132.5743,5879171.826],[32578123.398,5879169.484],[32578061.9264,5879153.795],[32578012.9456,5879139.8013],[32577977.2096,5879126.3072],[32577938.9745,5879107.8152],[32577920.7315,5879096.8198],[32577888.7439,5879072.33],[32577876.4985,5879059.3354],[32577867.7518,5879046.3407],[32577862.5037,5879032.3463],[32577860.5041,5879006.3566],[32577862.5032,5878993.8616],[32577871.999,5878963.3735],[32577884.0889,5878943.7672],[32577907.4843,5878920.3901],[32577929.4754,5878905.8955],[32577965.9607,5878890.4011],[32577978.4557,5878883.9035],[32577990.9506,5878877.4059],[32578037.1819,5878848.9165],[32578066.4201,5878832.9224],[32578133.4089,5878801.8245],[32578181.6237,5878779.4419],[32578194.8683,5878771.9447],[32578220.108,5878752.452],[32578274.3357,5878694.9741],[32578289.5794,5878675.4816],[32578311.5702,5878642.9942],[32578320.4099,5878632.1669],[32578343.8068,5878603.5094],[32578359.0504,5878575.5202],[32578364.548,5878558.0271],[32578365.2976,5878550.5301],[32578361.0491,5878537.5353],[32578350.5531,5878528.539],[32578335.0592,5878526.0402],[32578326.0628,5878527.04],[32578315.567,5878530.5387],[32578289.5775,5878542.5344],[32578234.1,5878574.5225],[32578203.9717,5878594.9419],[32578128.6429,5878645.9957],[32578063.6693,5878693.4778],[32578030.3045,5878719.9288],[32577939.4699,5878791.9406],[32577875.2461,5878847.9193],[32577844.5087,5878878.9075],[32577803.2757,5878925.8895],[32577784.7834,5878951.3796],[32577770.7893,5878977.8693],[32577759.544,5878992.8635],[32577744.5501,5879004.859],[32577717.7178,5879016.1],[32577707.565,5879020.3534],[32577696.5694,5879029.35],[32577693.3208,5879034.3481],[32577691.5715,5879038.8463],[32577692.3214,5879049.3421],[32577695.8201,5879055.8395],[32577702.3176,5879062.8366],[32577733.0558,5879085.3272],[32577755.547,5879096.8223],[32577792.0327,5879107.8174],[32577813.6713,5879117.2839],[32577824.0202,5879121.8114],[32577872.7511,5879136.3049],[32577925.7303,5879154.2969],[32577951.2204,5879168.291],[32577991.2048,5879186.2832],[32578088.4168,5879222.7672],[32578127.4015,5879234.2621],[32578179.7316,5879247.0507],[32578250.1032,5879264.2484],[32578280.3414,5879275.7434],[32578302.8326,5879290.2373],[32578311.3294,5879297.7342],[32578317.8269,5879306.2307],[32578326.0739,5879323.7237],[32578328.8231,5879348.2139],[32578325.3247,5879360.2092],[32578317.328,5879366.7067],[32578309.1864,5879368.5364],[32578295.0869,5879371.7051],[32578273.0957,5879379.2024],[32578233.282,5879397.7081],[32578202.1243,5879412.1904],[32578141.8985,5879430.6839],[32578106.1629,5879447.1779],[32578085.1714,5879462.672],[32578069.6778,5879477.6663],[32578057.7857,5879494.4629],[32578031.9756,5879530.9176],[32577936.9066,5879558.0817],[32577895.4075,5879581.7963],[32577889.4801,5879664.7955],[32577871.6955,5879730.0093],[32577847.982,5879771.5091],[32577776.8408,5879836.7237],[32577652.3442,5879979.0096],[32577598.9896,5880115.366],[32577575.2766,5880192.4369],[32577575.2776,5880263.5789],[32577587.1351,5880299.1497],[32577622.7063,5880311.0062],[32577658.2773,5880311.0057],[32577687.9196,5880293.2196],[32577687.9186,5880222.0776],[32577699.7748,5880156.864],[32577723.488,5880103.5071],[32577753.1299,5880056.0786],[32577782.771,5879955.2937],[32577907.2675,5879807.0792],[32577996.1938,5879706.2933],[32578016.9882,5879633.5088],[32578033.1941,5879612.1135],[32578043.4399,5879601.6175],[32578069.9291,5879579.6258],[32578097.4179,5879560.633],[32578117.6598,5879549.637],[32578134.1531,5879544.139],[32578163.8912,5879537.6411],[32578183.1336,5879540.1398],[32578191.6303,5879545.6375],[32578200.6269,5879555.6334],[32578211.6228,5879571.6269],[32578236.6134,5879614.1097],[32578276.3487,5879690.0789],[32578282.3464,5879697.5759],[32578288.8439,5879701.0744],[32578295.5912,5879701.0743],[32578310.0854,5879694.5766],[32578334.0756,5879675.084],[32578340.3229,5879660.5897],[32578342.072,5879642.5968],[32578339.0729,5879625.1038],[32578335.8241,5879618.1066],[32578328.6994,5879607.4731],[32578302.3367,5879568.127],[32578290.0912,5879542.6373],[32578286.3425,5879530.1423],[32578284.8428,5879507.1514],[32578286.3421,5879497.1554],[32578293.0891,5879478.6626],[32578309.5822,5879452.6727],[32578326.5752,5879434.6796],[32578354.5666,5879411.7661],[32578385.801,5879386.198],[32578405.7928,5879367.705],[32578433.5316,5879348.2123],[32578485.2606,5879320.7225],[32578534.4908,5879299.2303],[32578564.9784,5879279.2378],[32578611.7094,5879244.7508],[32578628.2027,5879234.7545],[32578663.1886,5879218.7604],[32578696.9251,5879209.7634],[32578727.4129,5879205.7646],[32578752.403,5879205.2644],[32578801.1337,5879210.7615],[32578816.3777,5879213.2603],[32578844.3667,5879222.2563],[32578855.3624,5879228.2538],[32578862.6096,5879235.7507],[32578867.108,5879243.7474],[32578869.1073,5879251.7442],[32578869.3573,5879259.741],[32578867.6081,5879267.2381],[32578858.1121,5879282.2323],[32578843.5619,5879294.91],[32578832.8724,5879304.2239],[32578825.8753,5879313.2205],[32578820.3776,5879322.7168],[32578813.8805,5879343.7085],[32578811.8817,5879373.6966],[32578814.8807,5879390.1901],[32578822.378,5879404.6842],[32578834.4352,5879414.7213],[32578845.1191,5879419.6779],[32578856.1148,5879422.1767],[32578866.8605,5879422.1766],[32578875.607,5879419.1776],[32578882.6042,5879413.6797],[32578887.852,5879406.6824],[32578894.5991,5879389.6891],[32578900.3464,5879359.7009],[32578906.0938,5879339.7088],[32578914.0905,5879326.7138],[32578931.0475,5879308.5068],[32578937.8307,5879301.2236],[32578946.8269,5879288.7284],[32578953.3241,5879272.2348],[32578955.5913,5879258.7722],[32578961.3203,5879224.7536],[32578968.8172,5879213.7578],[32578983.8111,5879207.2602],[32579000.5545,5879204.7609],[32579030.7915,5879210.2581],[32579044.5371,5879212.7571],[32579066.7783,5879213.7564],[32579109.5113,5879209.2575],[32579117.5941,5879208.4518],[32579184.7313,5879201.7594],[32579204.098,5879200.7595],[32579223.4659,5879199.7596],[32579252.7042,5879195.7608],[32579318.4249,5879180.1722],[32579330.673,5879177.267],[32579395.1548,5879168.8046],[32579441.129,5879162.7711],[32579484.6115,5879148.776],[32579507.8522,5879144.7773],[32579519.8474,5879144.2773],[32579536.05,5879146.069],[32579574.076,5879150.2741],[32579591.8189,5879148.7744],[32579618.9335,5879134.7793],[32579661.5408,5879112.7877],[32579683.8601,5879099.33],[32579695.527,5879092.2953],[32579718.7677,5879086.2974],[32579747.5419,5879081.7205],[32579754.8733,5879080.5544],[32579844.4675,5879066.3034],[32579868.4718,5879070.1043],[32579929.6838,5879079.7968],[32579945.9274,5879081.296],[32579962.171,5879082.7952],[32580014.6502,5879085.2934],[32580032.1432,5879085.2931],[32580048.8866,5879085.2929],[32580064.8802,5879085.2926],[32580146.3479,5879085.2914],[32580193.8291,5879089.7889],[32580272.2983,5879113.7783],[32580341.5212,5879139.7669],[32580352.0171,5879147.2638],[32580362.763,5879158.7591],[32580389.5604,5879194.5835],[32580409.4953,5879221.2336],[32580415.493,5879225.7317],[32580420.7409,5879227.231],[32580429.6982,5879227.5371],[32580449.9793,5879228.2302],[32580459.2257,5879230.2293],[32580468.9719,5879234.7273],[32580489.2141,5879249.7211],[32580504.2084,5879268.7133],[32580509.7063,5879278.7093],[32580516.7038,5879297.2018],[32580520.2026,5879314.195],[32580517.2027,5879378.5336],[32580513.957,5879448.1419],[32580516.2067,5879492.1244],[32580520.4554,5879523.1121],[32580528.7024,5879538.106],[32580542.697,5879548.6016],[32580548.9445,5879550.6007],[32580559.4403,5879547.102],[32580568.1867,5879537.1058],[32580580.5181,5879518.7394],[32580591.6769,5879502.1193],[32580602.1725,5879490.6238],[32580614.9174,5879482.1269],[32580630.911,5879477.6285],[32580646.9046,5879478.6279],[32580654.1518,5879481.1268],[32580660.6493,5879485.1251],[32580666.1472,5879491.1226],[32580673.3945,5879508.1158],[32580678.143,5879537.604],[32580678.6431,5879555.097],[32580674.8948,5879571.0907],[32580668.4587,5879582.5487],[32580652.1544,5879611.575],[32580644.1578,5879632.067],[32580641.1592,5879644.0623],[32580631.1114,5879736.5691],[32580622.9188,5879811.9959],[32580607.9283,5879854.3847],[32580593.9314,5879893.9637],[32580580.4375,5879945.4435],[32580570.4418,5879968.4345],[32580564.6942,5879977.431],[32580558.1969,5879983.9285],[32580550.9498,5879987.4273],[32580536.7054,5879987.9273],[32580506.2174,5879980.9305],[32580486.9751,5879979.4314],[32580468.2325,5879981.9307],[32580460.4857,5879984.4298],[32580447.241,5879991.927],[32580430.7478,5880008.4207],[32580420.5021,5880025.4141],[32580411.7559,5880046.9057],[32580401.0107,5880084.391],[32580398.2622,5880113.8793],[32580402.261,5880143.3676],[32580408.7587,5880164.609],[32580409.5917,5880167.332],[32580415.2564,5880185.8505],[32580418.7553,5880203.3435],[32580419.5051,5880211.8401],[32580417.5061,5880228.8334],[32580414.5074,5880236.8303],[32580403.7619,5880250.8249],[32580380.3755,5880268.6597],[32580369.026,5880277.3149],[32580341.5373,5880304.3046],[32580328.5427,5880323.797],[32580324.0447,5880334.2929],[32580319.5468,5880356.784],[32580320.547,5880389.2758],[32580321.5469,5880421.7582],[32580321.798,5880507.7241],[32580319.5491,5880521.7186],[32580317.0501,5880527.7162],[32580308.8036,5880537.7124],[32580294.8092,5880543.7102],[32580274.3173,5880545.2099],[32580243.2785,5880542.7812],[32580216.8401,5880540.7125],[32580184.1031,5880541.2128],[32580122.3778,5880553.7088],[32580096.888,5880561.2062],[32580074.8969,5880571.7023],[32580037.2042,5880600.807],[32579996.6789,5880638.6769],[32580044.4098,5880631.679],[32580071.1492,5880630.1792],[32580145.0495,5880640.4463],[32580189.8523,5880646.6709],[32580245.3302,5880642.1718],[32580265.5722,5880644.1707],[32580278.0673,5880648.169],[32580311.8041,5880663.6623],[32580373.5301,5880697.1481],[32580373.6373,5880697.7484],[32580386.5259,5880770.1189],[32580396.7728,5880840.091],[32580399.2725,5880890.0711],[32580398.8783,5880943.6567],[32580397.7759,5881093.4904],[32580393.2785,5881150.9676],[32580380.2849,5881239.4327],[32580372.538,5881239.4328],[32580363.2917,5881242.4318],[32580355.0451,5881250.4287],[32580352.5462,5881256.9262],[32580351.2971,5881288.4137],[32580354.7963,5881328.3978],[32580350.1389,5881325.4444],[32580347.345,5881323.6727],[32580334.3042,5881315.4032],[32580313.5623,5881304.9077],[32580289.8216,5881295.4118],[32580258.8338,5881288.9149],[32580228.096,5881286.9161],[32580214.8512,5881282.9179],[32580194.8589,5881268.4239],[32580183.2973,5881256.4407],[32580181.1648,5881254.2304],[32580173.1478,5881245.9211],[32580169.3936,5881242.03],[32580160.622,5881232.9385],[32580149.8762,5881223.9423],[32580136.6313,5881217.445],[32580128.6345,5881215.446],[32580100.3957,5881215.9462],[32580086.4013,5881220.9444],[32580081.6533,5881224.9429],[32580078.4046,5881230.9405],[32580076.9053,5881238.4376],[32580076.9058,5881270.9247],[32580066.6606,5881320.905],[32580066.6607,5881330.901],[32580068.66,5881335.899],[32580076.9068,5881346.3947],[32580085.5607,5881353.3963],[32580100.8975,5881361.8882],[32580124.3883,5881369.8847],[32580145.63,5881379.3806],[32580164.6226,5881390.8758],[32580177.9508,5881400.8716],[32580202.608,5881419.3639],[32580230.597,5881428.3599],[32580259.0857,5881432.8577],[32580281.077,5881434.3568],[32580266.5831,5881455.3487],[32580255.8376,5881476.8403],[32580251.5895,5881489.3354],[32580248.3601,5881505.7139],[32580244.5927,5881524.8214],[32580233.0978,5881557.3087],[32580222.3523,5881577.8007],[32580208.858,5881598.7926],[32580200.8613,5881608.7887],[32580182.1189,5881625.2824],[32580171.6232,5881632.7796],[32580148.8824,5881644.7752],[32580105.3531,5881660.8818],[32580048.9226,5881681.762],[32580015.6859,5881691.2587],[32580003.1909,5881693.2581],[32579993.4448,5881693.2582],[32579984.9482,5881693.2583],[32579976.9513,5881693.2585],[32579969.7042,5881693.2586],[32579956.7094,5881694.7582],[32579943.7146,5881699.7564],[32579933.9686,5881707.7534],[32579929.9703,5881717.7495],[32579929.7205,5881723.2473],[32579932.7196,5881743.7391],[32579937.4679,5881758.2333],[32579949.2135,5881775.7262],[32579960.8093,5881787.6115],[32579969.2059,5881796.2177],[32579975.4535,5881805.2141],[32580003.1931,5881853.1946],[32579969.4565,5881846.6977],[32579954.7123,5881848.6971],[32579951.4637,5881853.1954],[32579950.964,5881858.1934],[32579953.4631,5881869.189],[32579963.4186,5881888.5049],[32579970.2069,5881901.6758],[32579977.7043,5881927.1656],[32579978.4543,5881946.1581],[32579975.9555,5881966.65],[32579970.2081,5881986.1423],[32579965.9598,5881990.1408],[32579960.462,5881990.6407],[32579953.7147,5881988.6416],[32579924.2262,5881975.1474],[32579883.7421,5881962.1531],[32579860.7511,5881951.1578],[32579824.765,5881929.1671],[32579804.2731,5881921.6704],[32579791.0283,5881919.1715],[32579776.7839,5881917.6724],[32579748.0454,5881918.1726],[32579724.5547,5881922.6711],[32579716.3081,5881926.1699],[32579710.5604,5881931.168],[32579707.3118,5881936.166],[32579705.8126,5881949.1609],[32579710.0611,5881962.6555],[32579720.8071,5881987.1456],[32579731.5175,5882022.8452],[32579741.05,5882054.6185],[32579744.7987,5882063.6149],[32579755.0448,5882075.61],[32579768.2896,5882082.1072],[32579791.7803,5882087.6047],[32579808.7737,5882093.602],[32579822.0449,5882100.7903],[32579856.755,5882119.591],[32579879.746,5882128.0873],[32579921.2296,5882136.0835],[32579967.9091,5882140.4159],[32579980.4562,5882141.5804],[32580001.6978,5882148.5774],[32580013.1934,5882156.0742],[32580025.6891,5882203.0554],[32580036.4357,5882264.031],[32580039.1852,5882308.0135],[32580037.8083,5882349.0333],[32580033.3932,5882394.5028],[32580031.9395,5882409.4733],[32580031.9396,5882421.9684],[32580035.1887,5882447.958],[32580045.1853,5882486.4426],[32580033.9398,5882492.9402],[32580026.6928,5882499.4377],[32580022.6945,5882506.435],[32580021.695,5882513.932],[32580024.1942,5882528.926],[32580031.0648,5882552.2531],[32580034.9404,5882565.4114],[32580045.1867,5882592.4005],[32580055.183,5882611.3928],[32580077.6745,5882641.3806],[32580104.6642,5882670.8685],[32580092.1701,5882737.8421],[32580081.1751,5882780.8252],[32580072.4307,5882808.3091],[32580056.6859,5882857.795],[32580027.5218,5882957.6395],[32579964.9071,5882889.8088],[32579878.3159,5882909.0526],[32579772.4825,5882937.9181],[32579690.7019,5882957.1618],[32579676.2703,5882981.2152],[32579667.2303,5883017.378],[32579715.3108,5883009.9858],[32579777.2939,5883000.4562],[32579796.5365,5883005.2664],[32579820.59,5883024.5087],[32579820.5903,5883048.562],[32579820.5906,5883072.615],[32579806.1589,5883087.0471],[32579743.6209,5883111.1013],[32579709.9466,5883111.1018],[32579690.7041,5883120.7233],[32579666.6514,5883154.3983],[32579657.0307,5883192.8834],[32579632.9777,5883212.1262],[32579613.7355,5883231.3692],[32579589.6825,5883240.9906],[32579584.8722,5883274.6651],[32579570.4411,5883327.5825],[32579580.0628,5883356.4462],[32579599.3058,5883390.1204],[32579628.1697,5883394.9305],[32579661.8441,5883394.93],[32579676.2758,5883380.4978],[32579681.0856,5883317.9596],[32579695.517,5883279.4744],[32579748.4334,5883236.1777],[32579772.4862,5883207.3136],[32579786.9176,5883178.4495],[32579825.4022,5883149.5852],[32579887.9403,5883130.3416],[32579982.0052,5883130.3402],[32579971.7239,5883166.6736],[32579954.4814,5883217.1538],[32579934.7399,5883261.1366],[32579923.9944,5883279.1296],[32579875.0147,5883342.1054],[32579854.7731,5883365.5963],[32579834.5314,5883389.0873],[32579798.0465,5883428.0724],[32579784.0522,5883441.0674],[32579758.5626,5883460.0603],[32579731.5735,5883474.0551],[32579706.0837,5883481.0527],[32579694.8382,5883481.0529],[32579596.3768,5883449.5668],[32579582.3823,5883443.0696],[32579571.3866,5883435.5727],[32579548.7533,5883414.5801],[32579536.8998,5883403.5859],[32579519.9064,5883390.0916],[32579500.9138,5883381.5952],[32579490.168,5883379.5962],[32579468.1768,5883380.5961],[32579446.4355,5883386.0942],[32579424.2751,5883395.5246],[32579399.4544,5883406.087],[32579353.4728,5883412.0853],[32579317.2373,5883420.5824],[32579300.244,5883422.0821],[32579292.4971,5883420.5828],[32579285.4998,5883416.5845],[32579279.2522,5883409.0876],[32579261.2588,5883374.1017],[32579245.7647,5883350.1115],[32579236.2683,5883340.6154],[32579225.0227,5883333.6183],[32579212.0278,5883330.6197],[32579199.0329,5883330.6199],[32579167.186,5883337.0202],[32579146.8038,5883341.1165],[32579123.813,5883340.617],[32579103.5709,5883334.6197],[32579096.8235,5883329.6218],[32579092.0753,5883323.1244],[32579086.0775,5883305.6315],[32579081.0787,5883250.1536],[32579082.3275,5883205.1714],[32579088.0749,5883177.1825],[32579098.3205,5883151.6924],[32579105.3173,5883125.7026],[32579112.8135,5883067.2257],[32579116.8117,5883049.2328],[32579123.5588,5883033.2391],[32579134.3043,5883019.2445],[32579149.2982,5883007.7488],[32579177.2869,5882991.255],[32579187.756,5882983.3927],[32579204.0259,5882966.7643],[32579211.5228,5882955.7685],[32579256.7532,5882842.3129],[32579273.9959,5882805.3273],[32579281.4927,5882791.8326],[32579289.2395,5882781.8364],[32579309.2313,5882764.8429],[32579320.7267,5882758.3453],[32579344.9669,5882748.3489],[32579369.707,5882743.3505],[32579421.1865,5882737.852],[32579441.6783,5882730.8544],[32579448.1756,5882725.3565],[32579451.1743,5882717.8595],[32579450.6744,5882709.8626],[32579447.4256,5882701.8659],[32579434.9304,5882687.3718],[32579418.1868,5882675.8766],[32579402.6929,5882669.3794],[32579365.9574,5882663.8821],[32579342.9665,5882662.8829],[32579313.1698,5882664.516],[32579288.2383,5882665.8825],[32579277.9924,5882665.3829],[32579267.7464,5882664.8832],[32579223.5139,5882660.3856],[32579205.7249,5882657.2507],[32579158.2897,5882648.8912],[32579127.3019,5882646.3926],[32579065.3265,5882647.3931],[32579029.6675,5882650.354],[32578999.1029,5882652.8919],[32578983.1093,5882652.8921],[32578965.6162,5882652.8924],[32578912.3873,5882648.395],[32578884.8981,5882643.3974],[32578874.4022,5882639.3991],[32578855.9094,5882628.4038],[32578824.6715,5882601.4149],[32578799.4312,5882583.9222],[32578763.1954,5882566.9295],[32578737.7054,5882558.4333],[32578726.2099,5882555.9344],[32578700.8724,5882553.2599],[32578683.6127,5882551.438],[32578640.9936,5882546.9393],[32578604.0082,5882541.442],[32578574.5463,5882535.2952],[32578541.0493,5882528.3065],[32578505.7969,5882520.9516],[32578473.9127,5882512.6794],[32578459.5651,5882508.957],[32578427.327,5882508.6604],[32578405.3367,5882508.458],[32578396.7682,5882505.6305],[32578355.3563,5882491.9653],[32578295.13,5882477.9717],[32578267.141,5882474.4735],[32578216.4112,5882472.4751],[32578197.1688,5882468.9767],[32578188.4222,5882465.4783],[32578168.6798,5882452.9835],[32578140.6906,5882428.4937],[32578130.1023,5882417.6246],[32578112.4514,5882399.5056],[32578106.4538,5882396.0071],[32578099.7064,5882394.5077],[32578092.4593,5882394.5079],[32578084.7124,5882397.007],[32578075.966,5882403.0047],[32578054.5022,5882424.7592],[32578038.9812,5882440.4904],[32578031.984,5882445.4885],[32578024.7369,5882447.4878],[32577974.8089,5882438.482],[32577961.012,5882435.9934],[32577924.9516,5882426.7228],[32577904.8439,5882421.5534],[32577850.0557,5882415.0034],[32577826.2919,5882414.3615],[32577683.6216,5882410.5077],[32577553.7818,5882400.5362],[32577467.4016,5882393.9024],[32577399.234,5882389.5204],[32577378.7421,5882391.5199],[32577358.7502,5882398.5174],[32577339.508,5882411.0127],[32577318.5662,5882435.2318],[32577302.7731,5882453.4964],[32577278.2831,5882474.4885],[32577248.795,5882490.9824],[32577232.5516,5882496.9802],[32577215.3084,5882500.9789],[32577200.3144,5882500.4793],[32577183.8209,5882496.4812],[32577148.8345,5882482.9871],[32577115.5974,5882463.9951],[32577079.1115,5882436.5066],[32577057.6199,5882425.5113],[32577034.8788,5882420.5136],[32577022.8836,5882419.5142],[32576998.5704,5882420.4806],[32576985.1485,5882421.0141],[32576958.4091,5882419.0153],[32576931.1699,5882414.5175],[32576909.9394,5882409.4756],[32576891.1856,5882405.0219],[32576862.6968,5882402.0235],[32576830.9594,5882404.0232],[32576815.2157,5882406.5225],[32576800.4716,5882409.5215],[32576780.547,5882415.7567],[32576763.7363,5882421.0175],[32576732.4987,5882425.5162],[32576675.5213,5882426.0169],[32576617.7941,5882421.5195],[32576577.81,5882422.5197],[32576537.576,5882427.0185],[32576511.5634,5882430.9811],[32576462.1061,5882438.5151],[32576407.3778,5882443.514],[32576374.6409,5882451.5113],[32576360.1468,5882458.5087],[32576347.9018,5882468.0051],[32576338.1558,5882480.5003],[32576330.9089,5882494.4949],[32576326.161,5882509.9888],[32576323.4123,5882525.9825],[32576322.4129,5882541.4764],[32576325.662,5882569.4652],[32576331.9835,5882587.1022],[32576345.9047,5882625.9425],[32576355.1516,5882663.4274],[32576357.9009,5882688.4175],[32576359.1511,5882743.8954],[32576357.1525,5882785.379],[32576352.4049,5882822.8642],[32576347.657,5882838.8579],[32576340.1602,5882853.3523],[32576330.6641,5882866.847],[32576319.1689,5882878.8425],[32576292.9295,5882897.3355],[32576279.1851,5882903.8331],[32576265.4406,5882908.8314],[32576248.6972,5882911.3306],[32576202.7154,5882909.8319],[32576116.171,5882898.1466],[32576065.7695,5882891.3413],[32576011.7908,5882888.8431],[32575852.604,5882893.8436],[32575813.8694,5882900.8414],[32575793.1278,5882907.8389],[32575770.6368,5882917.8353],[32575750.1451,5882930.3306],[32575735.6511,5882945.8247],[32575726.1551,5882963.3179],[32575720.9074,5882981.3108],[32575719.4083,5883000.3033],[32575720.4081,5883019.7956],[32575727.6558,5883055.2814],[32575733.6536,5883071.7747],[32575742.4003,5883086.7686],[32575752.8964,5883101.2627],[32575765.1417,5883113.7576],[32575791.6315,5883134.7488],[32575816.8717,5883146.7437],[32575859.8548,5883158.7383],[32575997.8006,5883190.2237],[32576047.0312,5883197.72],[32576062.2751,5883197.7197],[32576089.7642,5883193.7209],[32576115.5039,5883185.7237],[32576152.1152,5883168.3203],[32576171.2314,5883159.2334],[32576212.7147,5883143.2391],[32576282.6867,5883123.7458],[32576322.6708,5883117.2477],[32576340.9136,5883116.7477],[32576382.897,5883123.7443],[32576427.8794,5883137.2382],[32576489.1054,5883161.2278],[32576530.5893,5883180.421],[32576556.0793,5883192.2144],[32576589.8161,5883203.2096],[32576607.5591,5883205.7083],[32576625.8019,5883206.2078],[32576642.5452,5883204.2084],[32576656.0398,5883200.2098],[32576667.0354,5883193.7122],[32576676.2816,5883185.7152],[32576710.5174,5883141.2323],[32576719.5137,5883128.2374],[32576725.5111,5883114.7426],[32576729.5093,5883100.2483],[32576731.758,5883066.7616],[32576728.3359,5883001.5796],[32576727.0086,5882976.2976],[32576727.2582,5882957.8049],[32576728.7574,5882942.8109],[32576731.7561,5882931.3154],[32576736.2542,5882922.3189],[32576742.5016,5882914.322],[32576750.2484,5882907.8244],[32576770.99,5882894.8293],[32576791.2319,5882886.3323],[32576818.471,5882881.3339],[32576827.2177,5882889.3306],[32576846.7102,5882912.3212],[32576867.9523,5882946.8072],[32576876.1993,5882967.7987],[32576881.4476,5882990.2897],[32576889.9451,5883058.2626],[32576891.6951,5883102.7449],[32576887.4474,5883147.2273],[32576870.9548,5883212.2017],[32576863.7079,5883230.6945],[32576854.2119,5883247.6879],[32576840.9674,5883263.6817],[32576822.475,5883279.1759],[32576797.735,5883294.1703],[32576697.7752,5883336.1551],[32576640.7981,5883358.1473],[32576564.0788,5883384.6379],[32576541.338,5883394.6343],[32576531.342,5883401.1319],[32576513.5993,5883417.6256],[32576490.3452,5883448.2672],[32576471.1169,5883473.604],[32576445.3775,5883499.5941],[32576431.1333,5883511.5895],[32576401.3954,5883531.582],[32576386.6513,5883538.0797],[32576347.7738,5883549.35],[32576297.187,5883558.5729],[32576261.7011,5883561.5722],[32576246.7071,5883561.0727],[32576222.4666,5883557.0746],[32576212.2206,5883553.0764],[32576181.4826,5883541.0816],[32576153.9935,5883534.5846],[32576110.5106,5883532.0862],[32576035.0406,5883533.5868],[32576012.7993,5883529.5887],[32575984.8103,5883519.0933],[32575953.3226,5883504.0997],[32575920.0855,5883485.6076],[32575856.86,5883446.1242],[32575812.3771,5883412.6382],[32575748.4016,5883347.1651],[32575676.1791,5883264.699],[32575645.9405,5883225.2151],[32575600.9573,5883151.2452],[32575580.4648,5883107.2629],[32575573.4673,5883085.7716],[32575569.9684,5883065.2798],[32575569.468,5883025.2957],[32575572.2162,5882969.3178],[32575569.7167,5882938.83],[32575565.4682,5882926.335],[32575559.4705,5882915.8393],[32575542.7269,5882899.3461],[32575532.231,5882894.3482],[32575520.7355,5882890.8498],[32575494.7458,5882891.8498],[32575480.7514,5882896.848],[32575463.2585,5882905.8447],[32575414.7781,5882938.8323],[32575369.0672,5882973.1847],[32575353.1864,5882985.1193],[32575289.0793,5883033.2967],[32575270.5867,5883043.293],[32575249.3453,5883050.2906],[32575225.8546,5883054.7891],[32575201.1144,5883055.7891],[32575176.3742,5883053.7903],[32575152.1338,5883049.2924],[32575129.3927,5883041.7958],[32575109.4004,5883031.3002],[32575093.6562,5882999.3132],[32575081.9107,5882983.8195],[32575063.1679,5882967.3263],[32575019.0919,5882937.4407],[32575018.8924,5882937.3153],[32575010.1884,5882931.8412],[32574778.7784,5882808.3937],[32574672.8196,5882749.4187],[32574645.3302,5882732.4259],[32574603.7875,5882702.691],[32574550.3669,5882664.4543],[32574508.883,5882636.9659],[32574449.6559,5882601.4809],[32574408.824,5882578.7973],[32574390.2773,5882568.4939],[32574386.681,5882566.496],[32574377.6839,5882561.4978],[32574354.4425,5882517.0158],[32574337.9485,5882478.0316],[32574324.7018,5882423.0539],[32574314.7064,5882381.5702],[32574308.4586,5882362.5778],[32574301.2113,5882349.0833],[32574287.9663,5882335.5889],[32574277.2205,5882327.5922],[32574250.6999,5882311.0669],[32574143.2724,5882244.1274],[32574096.5405,5882212.1408],[32574066.8019,5882189.1504],[32574048.5589,5882168.6588],[32574029.3161,5882141.17],[32574004.7124,5882095.6914],[32573995.3287,5882074.6969],[32573981.0838,5882034.2132],[32573951.0941,5881924.7571],[32573945.846,5881910.2629],[32573932.1012,5881888.7717],[32573920.1058,5881877.7762],[32573907.1108,5881871.279],[32573901.1132,5881869.7797],[32573889.8676,5881871.2792],[32573881.3711,5881878.7764],[32573875.0374,5881897.3324],[32573863.6289,5881930.756],[32573849.3849,5881960.7443],[32573841.1384,5881974.2391],[32573832.8918,5881985.2348],[32573824.3953,5881993.2318],[32573806.6525,5882002.7283],[32573796.9064,5882006.2271],[32573786.6605,5882008.7262],[32573764.1694,5882010.7258],[32573739.6791,5882007.2275],[32573710.4405,5881998.7313],[32573681.4321,5881988.6831],[32573633.9705,5881972.243],[32573614.728,5881968.7447],[32573595.4857,5881969.2448],[32573586.7392,5881971.2441],[32573573.7444,5881979.2411],[32573570.7457,5881984.739],[32573570.9957,5881991.7362],[32573573.4948,5881999.733],[32573581.4918,5882013.2275],[32573594.2369,5882024.223],[32573612.9796,5882032.7193],[32573697.7687,5882050.5683],[32573769.668,5882065.7038],[32573826.3142,5882084.381],[32573884.1232,5882109.6847],[32573921.6087,5882130.6758],[32573935.6033,5882140.6716],[32573964.3423,5882168.66],[32574045.8113,5882261.1221],[32574082.2973,5882300.1061],[32574123.0319,5882352.0848],[32574146.7731,5882391.5688],[32574164.0168,5882432.0524],[32574192.5066,5882508.0218],[32574210.7498,5882540.5087],[32574222.2454,5882555.0027],[32574252.9836,5882582.9912],[32574287.9701,5882609.4801],[32574329.2042,5882636.4688],[32574450.1573,5882713.4364],[32574530.876,5882762.4157],[32574564.1769,5882780.8401],[32574641.0832,5882823.3899],[32574665.8235,5882835.8845],[32574714.0729,5882856.1322],[32574821.1618,5882898.8776],[32574894.984,5882928.3443],[32574929.7205,5882945.3371],[32574952.9828,5882958.4217],[32574976.2488,5882971.5084],[32574993.6956,5882981.3218],[32575010.7319,5883013.8159],[32575020.6856,5883032.801],[32575025.6839,5883054.2924],[32575026.6838,5883070.7858],[32574991.4495,5883198.2357],[32574972.708,5883275.7052],[32574966.2111,5883308.6922],[32574951.9678,5883388.1609],[32574949.7193,5883431.1439],[32574952.4685,5883450.1363],[32574958.4664,5883468.6289],[32574968.2127,5883486.1218],[32574992.7034,5883515.1099],[32575017.194,5883534.102],[32575064.1757,5883560.0909],[32575084.6678,5883574.0851],[32575129.732,5883619.5771],[32575163.3877,5883653.5523],[32575187.3785,5883673.0442],[32575200.8732,5883681.5407],[32575215.6175,5883689.0375],[32575251.6034,5883699.0329],[32575377.3038,5883714.5249],[32575421.2933,5883718.5233],[32575448.7755,5883721.0212],[32575485.7609,5883722.0203],[32575518.9977,5883720.5204],[32575583.2221,5883713.0224],[32575624.2059,5883713.0218],[32575672.9367,5883717.5192],[32575703.9226,5883721.4478],[32575759.6524,5883728.5136],[32575852.6158,5883744.5058],[32575904.8453,5883758.9993],[32575927.0866,5883767.4956],[32575944.5798,5883776.9915],[32575999.0588,5883815.9752],[32576031.0465,5883843.9636],[32576046.5406,5883862.456],[32576070.0318,5883897.4418],[32576077.279,5883902.9395],[32576086.0256,5883906.4379],[32576096.7713,5883907.4374],[32576107.2671,5883904.9382],[32576115.5138,5883899.9401],[32576122.0111,5883892.443],[32576130.7574,5883872.4508],[32576150.7486,5883811.9745],[32576161.2442,5883791.4825],[32576168.4912,5883782.9857],[32576177.4875,5883774.9888],[32576189.2327,5883767.9914],[32576218.7879,5883756.2341],[32576234.4646,5883749.9978],[32576285.1941,5883727.506],[32576328.6766,5883709.0127],[32576395.3999,5883690.0192],[32576473.1189,5883674.0244],[32576513.4436,5883668.908],[32576540.0923,5883665.5268],[32576568.081,5883655.5303],[32576591.3216,5883643.0349],[32576607.0652,5883632.5388],[32576622.0594,5883636.537],[32576654.0467,5883637.0363],[32576715.2723,5883630.0382],[32576744.5107,5883628.5383],[32576783.2453,5883623.0399],[32576816.9817,5883609.5448],[32576864.9624,5883586.0534],[32576957.6952,5883535.3164],[32577029.396,5883496.0866],[32577062.6326,5883482.5915],[32577080.3755,5883480.0922],[32577092.8706,5883484.0904],[32577104.8655,5883490.0876],[32577121.8594,5883498.5842],[32577138.6028,5883505.0814],[32577200.0787,5883525.0725],[32577237.814,5883539.0664],[32577267.8248,5883554.6848],[32577305.0378,5883574.0515],[32577370.7621,5883601.0398],[32577383.7571,5883607.537],[32577409.9969,5883624.5298],[32577432.9881,5883643.5219],[32577448.982,5883661.5146],[32577457.2289,5883677.5081],[32577469.4743,5883692.0021],[32577488.9668,5883709.9947],[32577498.713,5883716.9918],[32577525.2027,5883731.4856],[32577535.2964,5883735.4829],[32577539.9587,5883737.3293],[32577550.4429,5883741.4813],[32577570.1851,5883743.98],[32577577.8072,5883743.4801],[32577582.2387,5883743.1894],[32577585.429,5883742.9801],[32577656.9549,5883774.1683],[32577664.8979,5883777.6318],[32577680.795,5883784.5636],[32577704.6325,5883794.9577],[32577750.8647,5883830.4429],[32577773.1062,5883853.4334],[32577779.6038,5883864.429],[32577818.0898,5883954.3926],[32577805.5953,5883993.3773],[32577790.6017,5884027.8638],[32577776.3577,5884052.8541],[32577749.119,5884090.8395],[32577730.6267,5884119.8282],[32577722.1303,5884136.3218],[32577708.3863,5884174.3069],[32577702.1393,5884209.2931],[32577702.1395,5884225.7865],[32577704.3888,5884241.2803],[32577709.1371,5884256.2743],[32577716.1346,5884271.2682],[32577725.631,5884286.2621],[32577737.3766,5884299.7566],[32577751.3712,5884310.2522],[32577766.6152,5884318.7486],[32577798.8526,5884329.2439],[32577814.5964,5884332.2425],[32577842.3354,5884334.7411],[32577853.8309,5884333.2415],[32577864.0767,5884327.7436],[32577873.3229,5884318.747],[32577881.0697,5884307.7512],[32577892.3149,5884280.262],[32577895.8133,5884264.7681],[32577898.4328,5884232.1644],[32577902.5594,5884180.8014],[32577908.0568,5884146.8148],[32577916.0532,5884118.8258],[32577922.8004,5884107.3303],[32577932.0466,5884095.8347],[32577956.0368,5884074.3429],[32577993.2717,5884051.8512],[32578025.7569,5884041.8552],[32578090.7326,5884021.8617],[32578111.2243,5884011.8654],[32578132.2158,5883996.871],[32578140.9623,5883995.8713],[32578149.7089,5884001.8688],[32578153.2076,5884007.8663],[32578155.207,5884024.3598],[32578145.7117,5884088.3345],[32578141.0472,5884109.4926],[32578131.7181,5884151.8095],[32578130.9687,5884171.8015],[32578136.9665,5884187.2953],[32578147.5699,5884203.4408],[32578158.9583,5884220.7816],[32578163.7065,5884230.7776],[32578169.9544,5884253.7684],[32578172.4537,5884275.7596],[32578172.454,5884296.7513],[32578165.8383,5884335.431],[32578162.7086,5884353.7288],[32578163.9583,5884366.2238],[32578165.9576,5884371.2218],[32578173.9545,5884381.2177],[32578180.452,5884385.7158],[32578197.6953,5884392.2129],[32578207.6913,5884394.212],[32578228.9329,5884395.2113],[32578258.1712,5884390.2129],[32578277.9134,5884389.7128],[32578298.6552,5884392.7113],[32578311.5501,5884395.7401],[32578373.1259,5884410.2032],[32578392.868,5884410.2029],[32578413.1099,5884405.2046],[32578423.6057,5884400.2065],[32578433.8515,5884392.7093],[32578453.5934,5884375.2159],[32578492.8273,5884331.2328],[32578530.0618,5884285.2506],[32578551.3031,5884262.2594],[32578572.0446,5884243.7664],[32578599.0336,5884222.7744],[32578615.5268,5884207.2803],[32578623.5235,5884197.784],[32578662.5072,5884138.307],[32578688.2465,5884102.3209],[32578714.7355,5884071.3329],[32578739.2255,5884050.3409],[32578750.9708,5884044.3431],[32578775.461,5884037.8453],[32578832.9381,5884037.3446],[32578860.6771,5884034.8452],[32578903.9097,5884020.3503],[32578921.6526,5884017.8511],[32578941.145,5884021.8492],[32578959.3879,5884033.3444],[32578967.3848,5884040.8413],[32578979.6302,5884061.3329],[32578982.1294,5884075.3273],[32578981.1301,5884093.3202],[32578971.1346,5884136.8031],[32578955.1416,5884182.2852],[32578932.1515,5884236.7639],[32578919.907,5884281.2464],[32578916.9086,5884310.235],[32578916.6591,5884341.2226],[32578919.5912,5884377.8085],[32578922.9077,5884419.1916],[32578920.1591,5884440.6831],[32578910.6631,5884459.6757],[32578895.1695,5884474.1701],[32578885.6733,5884479.6681],[32578864.182,5884487.6652],[32578759.2225,5884502.661],[32578640.2713,5884519.6558],[32578615.2814,5884528.1528],[32578603.0363,5884534.6504],[32578579.7958,5884551.1442],[32578560.0539,5884573.1357],[32578552.0573,5884586.1307],[32578544.5605,5884601.6246],[32578531.3163,5884641.6089],[32578526.0687,5884662.6007],[32578520.3215,5884701.0855],[32578520.5716,5884715.5797],[32578523.3206,5884725.0759],[32578528.0688,5884729.574],[32578534.3163,5884731.0733],[32578549.8102,5884728.5741],[32578580.7977,5884715.079],[32578605.7876,5884706.582],[32578635.5257,5884701.0838],[32578684.2564,5884699.0838],[32578716.2437,5884701.5824],[32578732.4873,5884705.5805],[32578769.7228,5884723.073],[32578808.9575,5884747.5627],[32578874.6821,5884796.0425],[32578884.6783,5884805.5386],[32578891.9255,5884815.0347],[32578899.1729,5884834.027],[32578900.1728,5884854.5189],[32578899.1734,5884866.0143],[32578896.1747,5884877.01],[32578889.9273,5884886.5063],[32578870.9351,5884900.501],[32578847.9443,5884908.4982],[32578836.6988,5884910.4976],[32578813.138,5884910.8019],[32578797.9642,5884910.9979],[32578779.7215,5884914.4968],[32578763.2282,5884925.4927],[32578755.9812,5884935.4888],[32578744.2362,5884962.4783],[32578740.4879,5884978.9718],[32578736.2401,5885015.9571],[32578736.9904,5885053.942],[32578739.2397,5885071.9349],[32578748.4866,5885113.918],[32578772.2283,5885191.3869],[32578802.2175,5885268.3559],[32578832.2064,5885327.8318],[32578852.1988,5885355.3206],[32578862.195,5885365.8163],[32578872.6909,5885372.8133],[32578883.6866,5885377.3114],[32578895.1821,5885379.8102],[32578932.9171,5885380.8093],[32578972.9012,5885373.8114],[32578998.8907,5885363.3152],[32579021.6314,5885344.3224],[32579039.8212,5885323.3937],[32579068.1122,5885290.843],[32579098.5997,5885262.8537],[32579161.0743,5885219.8699],[32579203.3072,5885195.8788],[32579226.4046,5885185.5556],[32579248.0392,5885175.8861],[32579253.0371,5885168.8888],[32579253.5368,5885160.8919],[32579250.288,5885152.3954],[32579244.5401,5885143.399],[32579228.7961,5885126.406],[32579212.3025,5885112.4118],[32579185.0522,5885094.7365],[32579147.5776,5885070.4294],[32579120.588,5885049.938],[32579109.3423,5885036.9433],[32579099.596,5885020.9498],[32579083.8516,5884980.4661],[32579064.6083,5884913.493],[32579050.3634,5884872.5095],[32579033.3696,5884834.5249],[32578990.6354,5884748.0599],[32578984.8875,5884731.0667],[32578981.6385,5884713.0739],[32578980.8885,5884694.5813],[32578982.6376,5884676.5884],[32578986.6358,5884658.5955],[32578993.1329,5884641.6021],[32579001.6293,5884626.1082],[32579012.6248,5884612.6134],[32579024.8698,5884601.1178],[32579037.8645,5884592.6209],[32579067.186,5884579.2925],[32579092.8423,5884567.6301],[32579106.8366,5884559.1332],[32579120.581,5884547.6376],[32579132.5761,5884533.643],[32579141.0725,5884518.149],[32579146.82,5884502.6551],[32579152.0675,5884471.6673],[32579151.5673,5884445.6777],[32579148.5682,5884425.1859],[32579133.823,5884349.7161],[32579121.8271,5884300.7357],[32579112.0807,5884282.2432],[32579083.8414,5884243.2591],[32579071.096,5884212.2716],[32579066.0977,5884192.2796],[32579059.3497,5884144.2988],[32579056.6001,5884093.3191],[32579056.3499,5884068.8288],[32579057.9152,5884038.4779],[32579059.5977,5884005.8538],[32579058.098,5883981.8634],[32579051.1,5883931.3835],[32579045.8514,5883904.143],[32579040.6034,5883876.9053],[32579061.0958,5883912.3909],[32579082.338,5883957.3728],[32579105.0798,5884016.349],[32579126.3223,5884083.322],[32579144.566,5884149.7954],[32579162.0601,5884230.7629],[32579164.8753,5884249.3005],[32579170.4213,5884285.8195],[32579182.5539,5884365.709],[32579183.554,5884400.6951],[32579179.5566,5884478.1643],[32579181.0567,5884528.1445],[32579183.806,5884555.6335],[32579207.6708,5884694.0739],[32579216.5457,5884745.5575],[32579222.2941,5884795.0378],[32579222.0444,5884810.5316],[32579211.2995,5884868.5087],[32579206.8019,5884912.9911],[32579208.8013,5884930.4842],[32579215.049,5884942.9791],[32579226.5445,5884947.4771],[32579239.2895,5884946.4774],[32579249.2854,5884943.4784],[32579256.7824,5884938.4803],[32579261.7803,5884931.9828],[32579264.5291,5884923.9859],[32579265.5284,5884903.9938],[32579262.0294,5884870.5072],[32579262.8696,5884853.5301],[32579264.5277,5884820.0272],[32579262.0283,5884793.038],[32579257.4965,5884771.005],[32579239.7857,5884694.0777],[32579236.6596,5884671.7895],[32579234.2255,5884654.4347],[32579228.2892,5884612.1104],[32579225.2899,5884576.6245],[32579225.0397,5884558.6317],[32579227.6005,5884530.0216],[32579235.284,5884444.177],[32579237.0326,5884390.6983],[32579234.0332,5884345.7162],[32579222.537,5884290.2384],[32579219.5378,5884264.7486],[32579222.5147,5884210.8207],[32579224.0349,5884183.2809],[32579223.6036,5884131.2426],[32579220.785,5884100.3139],[32579216.0365,5884070.3259],[32579208.7889,5884040.3379],[32579198.7925,5884009.8502],[32579174.3014,5883953.373],[32579136.8264,5883884.777],[32579115.3233,5883845.4167],[32579101.3284,5883811.9302],[32579093.5811,5883784.4413],[32579091.5816,5883761.9502],[32579096.3293,5883730.9625],[32579100.3276,5883720.4666],[32579112.3225,5883699.4747],[32579136.0627,5883669.9861],[32579219.2796,5883665.9865],[32579249.5176,5883670.984],[32579297.4988,5883683.9782],[32579332.9849,5883696.9725],[32579389.9626,5883724.9605],[32579415.9525,5883741.9534],[32579423.5284,5883749.8447],[32579439.9434,5883766.9431],[32579448.6899,5883769.9418],[32579453.438,5883769.9417],[32579460.5777,5883767.3033],[32579467.6823,5883762.4445],[32579469.9313,5883757.4464],[32579471.4304,5883737.2048],[32579472.9296,5883716.9625],[32579475.4284,5883707.4662],[32579479.9265,5883698.9695],[32579486.4239,5883691.9722],[32579494.9204,5883685.9745],[32579504.9164,5883681.9759],[32579528.6569,5883677.4773],[32579542.1515,5883677.4771],[32579575.035,5883681.8484],[32579616.7273,5883687.3907],[32579628.6174,5883688.9713],[32579678.5976,5883692.4692],[32579688.8435,5883691.9692],[32579708.8355,5883686.4711],[32579726.8282,5883673.476],[32579781.0564,5883659.4807],[32579820.0408,5883645.4857],[32579858.7751,5883625.4931],[32579889.7625,5883602.002],[32579914.7522,5883576.0119],[32579947.2388,5883538.0265],[32579970.979,5883514.0357],[32580009.7132,5883481.548],[32580037.5886,5883462.336],[32580046.6981,5883456.0576],[32580053.6953,5883449.5601],[32580065.1905,5883433.0664],[32580069.4386,5883423.0704],[32580071.6876,5883412.0747],[32580071.6874,5883401.079],[32580069.4382,5883389.0838],[32580075.6189,5883386.0517],[32580095.9275,5883376.0886],[32580126.1653,5883364.0929],[32580165.3996,5883351.5973],[32580188.6403,5883346.0991],[32580297.0003,5883327.3292],[32580341.5792,5883319.6074],[32580373.065,5883310.4572],[32580458.5323,5883285.6192],[32580509.262,5883281.1202],[32580542.0329,5883282.0986],[32580575.4858,5883285.1176],[32580595.228,5883288.616],[32580627.4586,5883298.6948],[32580663.951,5883310.1064],[32580747.4182,5883330.597],[32580850.6274,5883345.5896],[32580938.3427,5883351.5859],[32580955.5859,5883354.5844],[32580992.3214,5883364.5799],[32581040.0528,5883386.5705],[32581060.295,5883403.0636],[32581075.5392,5883421.5561],[32581082.5365,5883432.5516],[32581105.3291,5883475.6029],[32581123.0215,5883509.0206],[32581148.7308,5883555.1814],[32581179.2506,5883609.9797],[32581187.9974,5883627.4727],[32581210.7391,5883681.9507],[32581218.4864,5883708.4401],[32581221.0191,5883730.9331],[32581218.9761,5883762.1602],[32581217.4878,5883784.9097],[32581217.9879,5883800.4036],[32581226.4855,5883876.3733],[32581229.735,5883926.8532],[32581234.2335,5883950.8436],[32581238.7319,5883964.3381],[32581253.9763,5883995.3256],[32581309.2057,5884088.7876],[32581369.9345,5884296.7041],[32581407.1716,5884432.6495],[32581349.9451,5884491.1271],[32581314.7095,5884522.6152],[32581299.2159,5884534.1108],[32581273.9744,5884430.1525],[32581257.98,5884375.6744],[32581250.7326,5884356.682],[32581234.9885,5884328.1936],[32581225.2422,5884315.1989],[32581214.2464,5884304.2034],[32581201.7512,5884295.2072],[32581187.7567,5884288.71],[32581172.7626,5884285.7114],[32581156.0192,5884286.2115],[32581139.276,5884290.2101],[32581124.0321,5884297.7074],[32581110.7875,5884308.2034],[32581100.042,5884322.198],[32581092.7951,5884339.1913],[32581089.0469,5884359.1834],[32581089.7969,5884382.1743],[32581095.2951,5884408.6637],[32581123.7302,5884492.4642],[32581158.2725,5884582.5936],[32581131.0335,5884596.5885],[32581091.5494,5884612.5827],[32581068.5586,5884620.0801],[32581044.8181,5884625.0784],[32581021.5774,5884627.5778],[32580998.5865,5884627.5781],[32580975.3457,5884625.0795],[32580929.8636,5884615.5839],[32580871.3866,5884599.5911],[32580842.8979,5884593.5939],[32580816.4084,5884594.0941],[32580795.8716,5884596.2771],[32580764.679,5884599.5927],[32580734.3375,5884600.0052],[32580693.8924,5884598.5476],[32580656.7255,5884597.2082],[32580639.7286,5884596.5957],[32580613.2391,5884597.5957],[32580599.7445,5884599.5951],[32580589.2487,5884603.5937],[32580582.119,5884610.9464],[32580573.2553,5884620.0874],[32580559.7607,5884626.0852],[32580544.017,5884629.0842],[32580527.7735,5884629.0845],[32580509.2797,5884551.6155],[32580504.7813,5884537.6212],[32580497.641,5884525.1849],[32580490.2868,5884519.1287],[32580479.7909,5884515.6303],[32580467.7957,5884514.6309],[32580440.8065,5884520.6289],[32580398.0737,5884540.1217],[32580358.5897,5884564.1128],[32580315.6072,5884595.1011],[32580278.6223,5884625.5895],[32580246.9675,5884658.0273],[32580228.8927,5884669.073],[32580209.1506,5884672.5719],[32580149.9241,5884669.574],[32580097.6948,5884669.0749],[32580066.7071,5884671.5744],[32580029.9718,5884678.0724],[32580005.4815,5884678.0727],[32579982.7405,5884672.0754],[32579972.4944,5884666.078],[32579963.7478,5884658.5811],[32579929.1549,5884618.6259],[32579812.8053,5884481.1538],[32579786.5654,5884459.163],[32579755.8273,5884440.6708],[32579739.8336,5884433.174],[32579708.8457,5884420.1796],[32579691.1013,5884413.9319],[32579673.3596,5884407.6851],[32579659.8649,5884400.6881],[32579650.3685,5884392.1916],[32579643.728,5884382.9808],[32579634.8744,5884370.7003],[32579627.6271,5884363.2034],[32579619.6302,5884356.7061],[32579601.3873,5884346.7104],[32579591.8911,5884343.7117],[32579572.3988,5884342.2126],[32579563.9022,5884345.7113],[32579556.9051,5884353.2084],[32579551.6573,5884364.2042],[32579545.6601,5884391.6933],[32579544.6607,5884407.687],[32579545.9106,5884438.1748],[32579548.9096,5884451.6694],[32579553.9078,5884463.1648],[32579565.5789,5884481.7376],[32579577.1491,5884500.1497],[32579585.6459,5884516.1433],[32579593.893,5884536.635],[32579601.1404,5884561.625],[32579605.3891,5884588.1144],[32579605.3894,5884610.6054],[32579602.141,5884630.5975],[32579596.3935,5884648.5905],[32579572.9035,5884695.0723],[32579560.9087,5884726.0602],[32579558.1602,5884756.0483],[32579559.6598,5884770.5425],[32579566.4075,5884797.0319],[32579575.6541,5884819.5228],[32579583.4013,5884833.0174],[32579627.6346,5884896.9913],[32579675.9932,5884960.0617],[32579703.6057,5884990.9528],[32579714.3516,5885000.4489],[32579728.3378,5885009.4969],[32579748.3383,5885015.9422],[32579762.0829,5885016.9416],[32579796.0693,5885012.4429],[32579833.5543,5885000.9469],[32579866.2911,5884984.453],[32579894.2797,5884966.9596],[32579951.7563,5884923.9758],[32579978.9952,5884905.4827],[32580009.7328,5884891.9876],[32580042.9696,5884887.9887],[32580058.2135,5884888.9881],[32580086.4524,5884896.4847],[32580100.6968,5884902.4821],[32580147.0163,5884929.191],[32580169.1702,5884941.9654],[32580188.6626,5884950.9616],[32580228.8968,5884964.9554],[32580269.8807,5884974.9508],[32580295.3359,5884979.6927],[32580361.0947,5884991.9427],[32580416.9222,5885003.5561],[32580466.8031,5885013.9324],[32580510.036,5885020.4292],[32580518.0328,5885017.9301],[32580524.5301,5885012.932],[32580533.2764,5884998.4376],[32580536.6791,5884985.8913],[32580539.0236,5884960.9524],[32580537.774,5884950.4566],[32580531.7761,5884928.9652],[32580522.0296,5884907.9737],[32580509.0345,5884888.9815],[32580501.0376,5884881.4846],[32580491.0415,5884875.9869],[32580466.801,5884868.99],[32580414.3218,5884864.9924],[32580391.331,5884866.4921],[32580360.0935,5884873.9896],[32580342.1006,5884874.9895],[32580331.4835,5884871.485],[32580316.3607,5884866.4933],[32580274.3773,5884857.9972],[32580252.3859,5884851.5002],[32580243.1395,5884846.0025],[32580236.3921,5884838.0058],[32580232.3935,5884828.5096],[32580230.6441,5884817.0142],[32580233.3926,5884791.0245],[32580243.6382,5884763.5352],[32580252.1346,5884751.0401],[32580263.8798,5884741.0439],[32580278.6238,5884733.0468],[32580295.617,5884727.5488],[32580314.6094,5884724.5497],[32580340.7874,5884723.1763],[32580356.8427,5884723.5495],[32580400.5754,5884729.5464],[32580435.0614,5884737.7926],[32580469.5482,5884746.0389],[32580496.7874,5884748.5375],[32580509.0326,5884747.0379],[32580520.7778,5884742.0397],[32580531.2736,5884734.5425],[32580540.5198,5884725.0462],[32580555.2636,5884705.0539],[32580564.2598,5884688.5603],[32580571.507,5884690.5594],[32580580.0037,5884699.0559],[32580586.5014,5884717.0487],[32580587.1756,5884749.3899],[32580588.0018,5884789.02],[32580590.7509,5884800.0156],[32580595.2492,5884809.012],[32580602.4964,5884815.5093],[32580612.7424,5884819.5075],[32580623.4881,5884820.507],[32580634.9854,5884816.9554],[32580645.979,5884807.5118],[32580667.7199,5884772.0256],[32580699.2068,5884726.0434],[32580709.4525,5884713.5482],[32580733.4427,5884690.0572],[32580747.1871,5884680.5608],[32580762.6808,5884673.0635],[32580779.9239,5884667.0657],[32580798.4165,5884663.067],[32580817.4089,5884661.0675],[32580854.8941,5884661.5667],[32580888.131,5884668.5635],[32580916.6198,5884679.5587],[32580940.4724,5884691.2016],[32580958.2787,5884699.8932],[32580959.0916,5884700.29],[32580990.341,5884715.5433],[32581028.0763,5884732.0362],[32581093.8005,5884754.5263],[32581139.5325,5884763.522],[32581183.515,5884764.521],[32581185.4162,5884773.7982],[32581210.0245,5884893.8783],[32581214.7547,5884916.9599],[32581215.2547,5884927.4557],[32581212.5061,5884948.4474],[32581208.7577,5884958.4435],[32581203.26,5884967.44],[32581195.7631,5884974.9372],[32581175.7712,5884986.4329],[32581151.281,5884992.9307],[32581122.7924,5884995.4301],[32581062.3163,5884989.9332],[32581048.2612,5884986.8101],[32581003.8393,5884976.9392],[32580995.0928,5884977.4391],[32580987.5958,5884979.9382],[32580976.8502,5884990.4342],[32580972.852,5885004.4287],[32580973.6018,5885011.9257],[32580976.3508,5885018.9229],[32580983.5981,5885031.4178],[32580988.9666,5885040.6735],[32581038.5776,5885122.8807],[32581056.8207,5885147.8705],[32581064.0679,5885153.868],[32581083.3103,5885160.8649],[32581106.0513,5885162.364],[32581129.0422,5885159.8646],[32581139.538,5885156.8657],[32581172.7746,5885147.369],[32581195.7655,5885144.3698],[32581216.0075,5885146.3687],[32581224.2542,5885150.367],[32581235.58,5885159.4433],[32581247.4953,5885173.3575],[32581253.9929,5885184.3531],[32581258.9911,5885196.3482],[32581261.9901,5885208.8432],[32581262.4901,5885221.838],[32581257.6923,5885239.2308],[32581246.4972,5885279.8152],[32581242.5244,5885316.9199],[32581243.4992,5885336.7926],[32581247.248,5885356.2848],[32581253.9956,5885374.7774],[32581285.484,5885441.2505],[32581300.9785,5885484.733],[32581305.4771,5885512.222],[32581306.2272,5885541.7103],[32581302.729,5885571.6984],[32581299.4805,5885585.6929],[32581294.4826,5885599.1876],[32581267.494,5885647.1689],[32581258.9114,5885667.42],[32581183.0266,5885707.3608],[32581114.4523,5885703.9331],[32581083.5941,5885724.5058],[32581080.1659,5885758.793],[32581092.943,5885852.4822],[32581044.3366,5885930.0598],[32580995.1507,5885999.2663],[32580989.9303,5886006.6116],[32580939.5914,5885971.3755],[32580922.4474,5885943.946],[32580914.3759,5885849.3199],[32580932.63,5885862.5883],[32580946.1247,5885869.5853],[32580960.1192,5885874.0833],[32580974.6135,5885875.5825],[32580989.6075,5885873.0833],[32581004.1017,5885867.5852],[32581017.0964,5885859.5882],[32581027.842,5885850.5916],[32581035.8387,5885840.5955],[32581040.5867,5885830.5994],[32581041.836,5885820.1035],[32581039.087,5885810.6074],[32581031.5899,5885802.6107],[32580979.9722,5885771.9403],[32580962.6167,5885761.628],[32580935.3772,5885741.1365],[32580924.6313,5885729.6412],[32580908.6373,5885703.6518],[32580897.3913,5885674.1637],[32580889.6364,5885646.1123],[32580882.6464,5885619.6856],[32580872.1502,5885595.1954],[32580855.9063,5885570.2056],[32580836.4138,5885547.7148],[32580816.6714,5885530.2221],[32580806.6752,5885523.7248],[32580755.6581,5885501.1467],[32580717.4601,5885484.2418],[32580703.4655,5885475.2456],[32580691.97,5885464.7499],[32580682.7235,5885452.7548],[32580675.7261,5885440.7597],[32580667.479,5885415.7698],[32580665.7294,5885393.7785],[32580668.7279,5885373.7864],[32580677.974,5885354.7938],[32580685.4709,5885346.7969],[32580695.4668,5885339.7995],[32580708.2117,5885334.8013],[32580723.9554,5885331.8023],[32580759.1914,5885329.3028],[32580806.4225,5885322.3049],[32580818.9175,5885318.3063],[32580828.6636,5885312.8083],[32580835.4108,5885305.3112],[32580842.4078,5885287.3182],[32580843.657,5885266.3266],[32580839.4084,5885245.335],[32580829.9118,5885225.343],[32580815.4174,5885208.35],[32580806.6707,5885201.8527],[32580785.4291,5885193.3564],[32580772.6841,5885191.3574],[32580742.696,5885191.8576],[32580704.7722,5885200.0897],[32580678.2218,5885205.853],[32580663.7276,5885207.8525],[32580650.4828,5885207.3529],[32580638.9873,5885203.3546],[32580629.2411,5885195.3579],[32580619.5089,5885181.8299],[32580616.6796,5885177.4289],[32580603.2814,5885155.6011],[32580583.5082,5885123.3872],[32580574.0118,5885110.3925],[32580564.2656,5885100.3966],[32580554.2694,5885093.8994],[32580545.0231,5885091.4005],[32580537.0263,5885091.4006],[32580529.5293,5885093.3999],[32580522.5321,5885096.8986],[32580512.7637,5885105.202],[32580492.5443,5885122.389],[32580473.3022,5885135.8839],[32580452.0607,5885145.8802],[32580430.5694,5885150.8785],[32580420.0735,5885150.8787],[32580410.0775,5885148.8796],[32580396.8326,5885143.382],[32580353.8211,5885118.1917],[32580281.6274,5885075.9105],[32580239.144,5885057.4185],[32580181.9165,5885041.9255],[32580139.9331,5885032.4299],[32580096.7002,5885026.4329],[32580074.9588,5885025.4336],[32580014.7327,5885028.9331],[32579980.4964,5885034.9313],[32579965.5024,5885039.4297],[32579940.5125,5885051.9251],[32579908.2757,5885077.9153],[32579889.5333,5885090.4106],[32579791.8227,5885132.8951],[32579763.5098,5885141.3214],[32579747.0906,5885142.8918],[32579741.9472,5885141.1774],[32579726.8485,5885133.8957],[32579718.1019,5885126.8986],[32579696.86,5885103.908],[32579685.3644,5885093.9122],[32579677.3675,5885089.9139],[32579657.3754,5885084.9162],[32579634.6344,5885085.4163],[32579623.6388,5885088.9151],[32579613.1431,5885094.9128],[32579604.6466,5885104.4092],[32579599.149,5885117.4041],[32579596.4003,5885132.3982],[32579596.4005,5885148.8916],[32579599.1496,5885165.385],[32579604.8976,5885180.8788],[32579613.1445,5885195.3729],[32579624.1403,5885206.3684],[32579649.1306,5885222.3617],[32579661.8756,5885228.3591],[32579687.1157,5885237.855],[32579736.5963,5885252.8483],[32579747.3421,5885259.8453],[32579756.3387,5885269.3414],[32579763.336,5885279.8371],[32579767.5845,5885292.3321],[32579768.5843,5885305.3269],[32579766.3354,5885319.3214],[32579759.8382,5885333.3159],[32579745.3293,5885353.6597],[32579732.5995,5885366.803],[32579721.354,5885374.8],[32579707.6096,5885381.7974],[32579691.1162,5885387.7953],[32579670.8743,5885393.2934],[32579620.1446,5885402.7904],[32579494.9446,5885420.7851],[32579466.7059,5885429.7819],[32579454.9607,5885437.2791],[32579434.9689,5885456.7717],[32579417.4762,5885481.2622],[32579390.7871,5885523.3532],[32579358.2509,5885566.2293],[32579347.5053,5885578.7245],[32579329.5127,5885595.718],[32579323.5151,5885598.7169],[32579271.5359,5885607.7141],[32579242.0477,5885618.2104],[32579232.5516,5885624.7079],[32579228.5533,5885632.7048],[32579229.3031,5885641.2014],[32579232.0521,5885649.1982],[32579237.0502,5885656.6951],[32579244.7973,5885663.1924],[32579255.0433,5885668.1903],[32579268.5379,5885671.6887],[32579297.2739,5885672.8778],[32579304.7736,5885672.6878],[32579333.5125,5885696.178],[32579367.7494,5885730.164],[32579383.2435,5885749.656],[32579394.7392,5885769.1481],[32579400.4872,5885788.1405],[32579412.9836,5885889.6],[32579420.9809,5885920.5875],[32579425.9791,5885930.5835],[32579431.9768,5885938.0804],[32579454.4682,5885960.0714],[32579461.483,5885965.8016],[32579472.2113,5885974.5653],[32579433.227,5885989.56],[32579409.2367,5886002.0553],[32579398.2412,5886009.5525],[32579389.4948,5886018.0493],[32579376.5002,5886037.5417],[32579363.5596,5886074.9942],[32579361.007,5886083.5237],[32579352.7604,5886095.0192],[32579339.7657,5886102.0166],[32579332.2687,5886103.5162],[32579316.0251,5886102.017],[32579308.0282,5886099.0183],[32579299.8375,5886092.1291],[32579287.0362,5886072.0293],[32579276.0401,5886042.5412],[32579259.8624,5885980.681],[32579244.8009,5885923.0891],[32579217.8104,5885839.1229],[32579207.8141,5885815.6324],[32579197.8178,5885797.1399],[32579183.8623,5885778.3327],[32579165.83,5885760.1551],[32579154.8342,5885752.1584],[32579133.5925,5885741.6629],[32579115.0998,5885738.6644],[32579106.6032,5885739.6641],[32579097.8567,5885743.1628],[32579059.6222,5885764.6548],[32579039.1304,5885774.1514],[32579028.6346,5885776.1507],[32579006.6434,5885775.1514],[32578982.6528,5885768.1546],[32578961.2376,5885760.0226],[32578943.1683,5885753.1611],[32578897.4719,5885732.8829],[32578776.4834,5885679.193],[32578749.2441,5885672.696],[32578736.2493,5885672.1963],[32578723.2545,5885674.6955],[32578711.0094,5885681.1931],[32578700.2638,5885692.6887],[32578691.5176,5885710.6817],[32578685.5203,5885735.6719],[32578683.2717,5885769.6584],[32578682.4616,5885808.243],[32578680.7743,5885888.6112],[32578683.0239,5885924.097],[32578686.0229,5885936.592],[32578690.7711,5885945.5884],[32578697.0187,5885952.0857],[32578711.0133,5885957.5833],[32578726.757,5885956.5835],[32578760.4935,5885948.5861],[32578782.7347,5885948.5858],[32578795.2297,5885950.5848],[32578835.7138,5885962.5795],[32578862.7033,5885977.0733],[32578874.9486,5885986.5694],[32578897.1901,5886008.0605],[32578920.6133,5886035.833],[32578932.1767,5886049.5435],[32578947.171,5886063.5377],[32578954.6681,5886069.0354],[32578970.4119,5886076.5322],[32578992.5168,5886080.0305],[32579005.1482,5886082.0295],[32579014.3946,5886087.0274],[32579023.3912,5886095.0241],[32579041.4135,5886114.4563],[32579080.8692,5886156.9986],[32579101.8611,5886175.9907],[32579136.9295,5886207.7183],[32579154.341,5886223.4711],[32579200.0734,5886262.4549],[32579206.5709,5886269.9519],[32579211.8189,5886279.448],[32579215.8175,5886290.4436],[32579218.0668,5886303.4384],[32579218.8167,5886319.432],[32579217.0677,5886337.9247],[32579198.9687,5886423.171],[32579193.8284,5886447.3815],[32579190.58,5886469.3728],[32579189.0809,5886490.3645],[32579187.5818,5886511.3562],[32579180.5852,5886556.3384],[32579163.8426,5886613.8158],[32579152.5974,5886634.8077],[32579146.8497,5886638.8062],[32579130.8561,5886641.8052],[32579110.1143,5886639.8063],[32579098.6189,5886636.8077],[32579074.3784,5886629.311],[32579062.1332,5886623.8134],[32579020.9895,5886600.2547],[32579001.9066,5886589.328],[32578977.4162,5886578.3327],[32578955.1749,5886572.3354],[32578945.1789,5886571.3359],[32578925.1868,5886573.8352],[32578901.9462,5886583.3318],[32578870.9587,5886600.8253],[32578828.7259,5886631.8136],[32578806.9848,5886650.8064],[32578786.7431,5886669.7991],[32578770.0,5886689.2916],[32578758.5049,5886707.7845],[32578753.757,5886723.7782],[32578737.5134,5886721.2794],[32578715.0223,5886720.7799],[32578702.5273,5886721.7797],[32578690.2822,5886725.2785],[32578678.7868,5886730.2767],[32578642.3017,5886756.2669],[32578621.0604,5886779.2581],[32578589.0574,5886821.8431],[32578585.5497,5886848.1535],[32578592.0855,5886871.0274],[32578491.1123,5886803.2505],[32578462.8733,5886786.2576],[32578439.6324,5886774.7625],[32578399.8979,5886760.7687],[32578381.4052,5886757.2703],[32578364.6619,5886756.7708],[32578349.9178,5886759.27],[32578338.1725,5886765.7676],[32578329.676,5886776.2636],[32578324.9281,5886791.2577],[32578324.6785,5886807.2513],[32578328.1773,5886821.2457],[32578335.4246,5886833.7406],[32578346.1705,5886845.2359],[32578375.659,5886865.2275],[32578397.9708,5886877.2034],[32578497.3616,5886930.6997],[32578558.5878,5886967.1843],[32578607.069,5886999.1709],[32578621.5634,5887011.6657],[32578662.048,5887053.6484],[32578800.2352,5887203.0562],[32578832.9827,5887240.5716],[32578844.1268,5887254.5767],[32578869.9687,5887287.0526],[32578883.2136,5887300.0473],[32578888.7115,5887302.5462],[32578893.7095,5887302.5461],[32578897.7078,5887299.5472],[32578900.7066,5887294.5492],[32578904.205,5887277.5559],[32578905.6677,5887254.5091],[32578905.704,5887251.2294],[32578906.2032,5887206.0843],[32578910.7009,5887171.0981],[32578915.4488,5887153.605],[32578922.4457,5887136.1118],[32578931.6918,5887119.1184],[32578944.1867,5887103.1246],[32578959.6803,5887087.6305],[32578978.6726,5887074.1356],[32579000.4138,5887063.6395],[32579023.6544,5887055.1425],[32579047.8947,5887049.6443],[32579095.1259,5887044.1458],[32579135.1101,5887045.6446],[32579152.3533,5887049.143],[32579170.3462,5887055.1404],[32579188.3392,5887063.1369],[32579205.5825,5887073.1327],[32579221.8262,5887084.1281],[32579236.0707,5887096.1231],[32579248.316,5887108.618],[32579257.3126,5887120.6131],[32579265.5427,5887135.8646],[32579277.3053,5887165.5949],[32579286.802,5887202.58],[32579291.5507,5887241.0647],[32579292.5511,5887298.042],[32579299.049,5887336.0268],[32579304.797,5887353.5198],[32579312.0443,5887368.0139],[32579321.2908,5887379.5092],[32579332.2866,5887387.0061],[32579377.4604,5887409.3234],[32579402.2594,5887428.4886],[32579412.2555,5887439.4841],[32579421.5021,5887453.4784],[32579438.7457,5887486.9648],[32579446.4929,5887505.4573],[32579458.7385,5887542.4425],[32579462.9873,5887573.9299],[32579461.2381,5887585.4253],[32579453.4915,5887605.4175],[32579441.9963,5887623.4105],[32579423.7538,5887638.4048],[32579411.2588,5887644.9024],[32579374.2736,5887653.8994],[32579265.8168,5887666.8958],[32579204.8624,5887672.1766],[32579180.2372,5887674.31],[32579084.8888,5887679.8933],[32579046.4041,5887678.8943],[32578994.6745,5887670.8982],[32578965.9358,5887659.903],[32578953.6905,5887651.4066],[32578942.195,5887641.9105],[32578927.7029,5887627.5817],[32578897.712,5887597.9287],[32578884.9669,5887587.9328],[32578870.4725,5887578.9366],[32578854.9786,5887572.4394],[32578838.735,5887567.9414],[32578822.2415,5887565.4427],[32578790.5041,5887564.9434],[32578776.2598,5887566.9428],[32578759.2763,5887571.3259],[32578737.5253,5887576.9394],[32578706.5377,5887581.438],[32578672.3012,5887581.4385],[32578660.3109,5887580.0684],[32578644.362,5887577.1184],[32578619.3221,5887569.9439],[32578601.8289,5887561.9473],[32578568.5919,5887541.4559],[32578506.086,5887489.9505],[32578452.1367,5887445.4958],[32578391.1604,5887403.0136],[32578358.673,5887384.5214],[32578326.6855,5887371.0272],[32578306.2092,5887365.6123],[32578296.4474,5887363.0309],[32578329.1841,5887339.0399],[32578361.421,5887319.0474],[32578379.1637,5887303.5533],[32578385.9109,5887293.0573],[32578390.9088,5887281.5618],[32578393.6575,5887270.0664],[32578393.9073,5887258.5709],[32578391.4081,5887248.5749],[32578385.6603,5887239.5786],[32578388.393,5887239.5318],[32578414.8987,5887239.0784],[32578472.126,5887246.0748],[32578487.1201,5887246.5743],[32578514.3592,5887243.0753],[32578525.6047,5887239.5765],[32578534.1702,5887234.6174],[32578542.5978,5887227.0813],[32578547.5957,5887218.5846],[32578554.0928,5887198.5924],[32578554.0925,5887176.6012],[32578547.4027,5887161.6412],[32578541.0974,5887153.1107],[32578527.8524,5887141.1156],[32578509.1097,5887129.6205],[32578465.8766,5887108.1297],[32578424.8926,5887091.137],[32578405.6502,5887085.1397],[32578387.4074,5887080.6417],[32578365.5444,5887078.6429],[32578354.6703,5887078.643],[32578340.9258,5887081.1422],[32578318.4349,5887092.1382],[32578292.7799,5887117.3591],[32578280.2214,5887129.7051],[32578274.2031,5887135.6216],[32578255.7107,5887158.1129],[32578180.9897,5887110.1331],[32578124.7616,5887080.6456],[32578094.7733,5887067.6512],[32578067.534,5887058.6552],[32578045.5427,5887054.1573],[32578028.7993,5887053.6577],[32578016.0544,5887055.6571],[32578007.3079,5887059.1559],[32577997.8118,5887067.6526],[32577989.8149,5887060.6555],[32577977.3198,5887055.1579],[32577961.576,5887051.6595],[32577926.8397,5887048.1614],[32577876.6096,5887047.6624],[32577858.3668,5887044.1641],[32577841.8732,5887037.6669],[32577835.3758,5887033.1688],[32577830.6276,5887027.671],[32577828.1285,5887021.1737],[32577827.6286,5887013.6767],[32577832.6263,5886995.1839],[32577844.8712,5886976.1913],[32577853.6176,5886968.1943],[32577864.1134,5886962.1966],[32577876.6084,5886958.6978],[32577889.8531,5886957.698],[32577903.3478,5886959.1972],[32577931.1496,5886965.0869],[32577962.3246,5886971.6913],[32577979.068,5886973.1904],[32577996.561,5886972.6904],[32578012.3047,5886970.1911],[32578023.5502,5886966.1926],[32578031.0471,5886960.6946],[32578035.2954,5886954.1972],[32578037.2945,5886946.2003],[32578036.5445,5886927.7077],[32578032.5458,5886906.7161],[32578020.8001,5886881.2264],[32578012.3033,5886867.7319],[32577993.3105,5886843.7417],[32577974.5677,5886826.2489],[32577947.5782,5886813.2545],[32577870.6045,5886788.8642],[32577851.3659,5886782.7681],[32577837.8712,5886777.7703],[32577826.6256,5886771.273],[32577814.8801,5886762.2768],[32577803.3845,5886750.7815],[32577775.9414,5886719.7023],[32577761.9003,5886703.8008],[32577754.1533,5886696.3039],[32577745.9065,5886692.3056],[32577735.9104,5886691.3062],[32577724.9148,5886693.3055],[32577713.1695,5886697.8039],[32577702.174,5886704.3015],[32577691.9282,5886712.7983],[32577683.9315,5886722.7944],[32577678.1839,5886733.7902],[32577669.4378,5886764.2782],[32577658.443,5886826.2537],[32577656.1945,5886866.7376],[32577657.1943,5886883.7309],[32577660.4432,5886898.7249],[32577677.7265,5886944.2208],[32577689.6827,5886975.6938],[32577693.1815,5886991.1876],[32577694.6812,5887007.1813],[32577693.1819,5887020.6759],[32577688.6839,5887030.672],[32577682.1865,5887038.1691],[32577673.9399,5887044.1669],[32577643.952,5887059.6612],[32577633.9561,5887067.6581],[32577626.4592,5887077.1545],[32577621.9611,5887087.6504],[32577620.7118,5887098.646],[32577621.9614,5887109.6416],[32577625.4602,5887119.6376],[32577630.9581,5887129.1337],[32577646.2023,5887143.6278],[32577656.4483,5887149.1254],[32577686.1867,5887160.6204],[32577724.9215,5887171.6154],[32577746.6629,5887176.6131],[32577815.1359,5887187.6077],[32577853.8706,5887191.6055],[32577887.6073,5887192.6046],[32577920.0943,5887188.1059],[32577937.0875,5887183.6075],[32577953.5809,5887176.61],[32577967.8251,5887168.613],[32577980.0701,5887159.1165],[32577998.3126,5887140.6236],[32578008.8083,5887126.1292],[32578019.1003,5887129.9625],[32578020.0281,5887130.3081],[32578070.5341,5887149.1192],[32578079.5306,5887154.1171],[32578088.0273,5887162.6136],[32578102.7718,5887185.1044],[32578108.5197,5887198.0992],[32578117.2666,5887223.0891],[32578126.5134,5887257.0755],[32578142.7574,5887294.5603],[32578155.5027,5887313.5526],[32578163.1867,5887319.9046],[32578174.2454,5887329.0462],[32578195.9872,5887357.5345],[32578135.5115,5887376.5279],[32578096.223,5887392.6094],[32578081.7831,5887398.5199],[32578042.549,5887419.0123],[32578022.1582,5887432.9021],[32578008.063,5887442.5035],[32577998.3169,5887444.5029],[32577989.5703,5887443.0036],[32577982.0732,5887438.0057],[32577970.8275,5887423.5116],[32577964.5797,5887406.0187],[32577955.0828,5887355.5389],[32577947.0857,5887339.0455],[32577941.5878,5887333.048],[32577934.8404,5887329.5495],[32577918.8468,5887327.0507],[32577901.8535,5887330.5496],[32577886.1099,5887339.5463],[32577874.1149,5887353.5409],[32577863.6193,5887376.5319],[32577856.1227,5887407.5197],[32577853.3743,5887444.0052],[32577854.3742,5887463.4975],[32577863.6211,5887504.4811],[32577878.6157,5887542.9655],[32577898.6083,5887583.4491],[32577897.058,5887598.159],[32577891.8028,5887648.0226],[32577888.8635,5887675.9125],[32577891.3628,5887699.4032],[32577900.1097,5887722.3939],[32577915.104,5887743.3853],[32577925.7175,5887753.4399],[32577962.5858,5887788.3667],[32577976.0807,5887804.3602],[32577980.8289,5887812.3569],[32577984.5776,5887820.3537],[32577986.3271,5887835.3477],[32577982.5787,5887847.343],[32577974.5821,5887858.8385],[32577954.8398,5887854.3406],[32577942.5947,5887854.8406],[32577932.7384,5887859.1869],[32577910.8575,5887868.8355],[32577899.3621,5887871.8345],[32577887.8666,5887871.8347],[32577877.1208,5887868.3362],[32577868.3742,5887859.8398],[32577862.1264,5887844.346],[32577854.0264,5887804.9183],[32577848.8808,5887779.8718],[32577836.1352,5887731.8911],[32577827.3883,5887707.9008],[32577816.3923,5887684.9101],[32577802.6475,5887663.9186],[32577785.4041,5887642.9272],[32577742.6704,5887597.4459],[32577695.6884,5887554.4637],[32577653.2047,5887519.4783],[32577620.2175,5887498.4871],[32577582.9821,5887485.9927],[32577544.7472,5887480.9952],[32577512.51,5887483.4947],[32577500.7647,5887487.4933],[32577491.2686,5887496.4899],[32577482.5223,5887511.9838],[32577474.7756,5887531.976],[32577463.031,5887580.9567],[32577459.2828,5887605.9469],[32577457.784,5887649.4296],[32577460.7831,5887668.422],[32577467.2808,5887687.9142],[32577476.7773,5887708.9057],[32577488.523,5887729.3974],[32577502.0179,5887749.3892],[32577532.2564,5887784.3748],[32577564.2441,5887810.364],[32577594.9009,5887831.6155],[32577626.9698,5887853.8458],[32577650.9606,5887874.8371],[32577659.4574,5887885.3328],[32577672.4526,5887911.8221],[32577697.4436,5887977.7955],[32577710.7593,5888001.3458],[32577714.8402,5888007.1797],[32577740.4612,5888043.8062],[32577750.9235,5888058.7625],[32577768.9167,5888081.2533],[32577777.4134,5888089.25],[32577790.1583,5888095.6221],[32577802.4037,5888101.7446],[32577823.1457,5888115.2389],[32577845.8869,5888132.7316],[32577881.1233,5888163.219],[32577895.8683,5888172.0518],[32577924.3565,5888182.7106],[32577950.5961,5888185.709],[32577960.3422,5888183.2099],[32577966.8396,5888178.7115],[32577970.588,5888171.7143],[32577972.3372,5888164.2172],[32577970.8375,5888146.7242],[32577962.5906,5888129.7311],[32577956.093,5888121.7343],[32577944.1717,5888111.6391],[32577928.3537,5888098.2441],[32577918.3575,5888087.7484],[32577910.6104,5888075.7533],[32577905.8621,5888063.2583],[32577905.862,5888049.7637],[32577911.8594,5888035.7692],[32577925.1039,5888020.7749],[32577975.5833,5887978.7909],[32578040.8067,5887929.3096],[32578050.8027,5887924.8112],[32578062.548,5887922.312],[32578075.0431,5887922.8117],[32578100.0333,5887930.3083],[32578111.029,5887936.8056],[32578120.2754,5887945.302],[32578126.773,5887954.7982],[32578136.5194,5887978.2887],[32578144.2668,5888006.2775],[32578147.5159,5888037.7649],[32578147.0163,5888054.2584],[32578139.0202,5888107.2374],[32578137.2714,5888141.7237],[32578138.2714,5888172.2116],[32578140.7162,5888193.0715],[32578142.0204,5888204.1988],[32578137.5065,5888239.2823],[32578133.2748,5888272.172],[32578136.2739,5888290.1648],[32578144.5209,5888308.6573],[32578150.7685,5888315.6544],[32578158.5155,5888320.1525],[32578168.2616,5888321.152],[32578179.5071,5888317.1534],[32578224.239,5888293.1623],[32578240.2325,5888282.6662],[32578268.7209,5888258.1755],[32578279.9662,5888244.6807],[32578287.463,5888230.1864],[32578296.7089,5888196.1997],[32578300.7068,5888156.7154],[32578298.9569,5888115.2319],[32578290.9595,5888077.2471],[32578280.752,5888048.9566],[32578259.2209,5887989.2825],[32578251.7235,5887963.7928],[32578245.4756,5887937.8032],[32578241.4769,5887911.8136],[32578240.227,5887886.3237],[32578243.4749,5887831.3455],[32578255.2191,5887745.3795],[32578260.2167,5887719.3898],[32578270.9619,5887678.4059],[32578276.4595,5887663.4118],[32578285.6282,5887645.3511],[32578293.9522,5887635.4226],[32578300.9494,5887631.9239],[32578308.4464,5887631.424],[32578316.6931,5887633.4231],[32578326.1894,5887638.421],[32578355.9279,5887657.9128],[32578366.9236,5887663.4104],[32578392.1637,5887671.9067],[32578424.151,5887674.905],[32578442.3938,5887674.405],[32578476.8801,5887670.4061],[32578507.118,5887663.9082],[32578538.8552,5887653.9117],[32578548.6013,5887652.4121],[32578581.0885,5887657.4097],[32578597.3763,5887662.2354],[32578626.9167,5887673.0327],[32578634.0561,5887676.3411],[32578661.8069,5887690.8952],[32578677.8007,5887702.3904],[32578708.2891,5887731.8782],[32578730.8925,5887756.5013],[32578797.7549,5887829.3382],[32578836.2966,5887858.4187],[32578852.7337,5887870.8209],[32578876.2246,5887893.8114],[32578883.222,5887905.8065],[32578885.9711,5887918.3015],[32578887.221,5887945.2908],[32578890.9699,5887973.7794],[32578901.9661,5888013.2635],[32578928.4563,5888066.7419],[32578937.453,5888081.7358],[32578946.9494,5888095.7301],[32578956.6957,5888106.2258],[32578966.6918,5888112.2233],[32578976.4379,5888112.2231],[32578985.6842,5888107.225],[32579003.4268,5888086.7329],[32579011.4235,5888072.7383],[32579031.165,5888025.2569],[32579051.156,5887952.7854],[32579064.4002,5887911.8015],[32579079.6437,5887880.3138],[32579087.6404,5887870.8174],[32579097.6364,5887866.8189],[32579110.6312,5887865.8191],[32579125.3754,5887867.8181],[32579156.863,5887877.3138],[32579194.5983,5887896.3057],[32579212.4892,5887910.5754],[32579236.5821,5887929.7918],[32579263.5716,5887947.2844],[32579278.3159,5887954.7812],[32579292.3699,5887959.7679],[32579298.4415,5887961.5865],[32579392.5211,5887989.7657],[32579421.0099,5887999.2615],[32579447.9993,5888008.2575],[32579470.9903,5888017.2536],[32579503.2277,5888032.7469],[32579530.2172,5888050.2396],[32579551.9589,5888071.7307],[32579559.706,5888084.7255],[32579564.9541,5888099.2196],[32579566.9536,5888115.713],[32579568.4536,5888159.6955],[32579565.2052,5888179.1878],[32579561.2068,5888185.6853],[32579554.4596,5888190.1836],[32579544.9634,5888191.6832],[32579531.7186,5888191.6834],[32579494.9831,5888186.1861],[32579473.4916,5888181.1884],[32579451.0004,5888173.1919],[32579428.2593,5888163.696],[32579406.5177,5888150.7015],[32579386.2756,5888135.7078],[32579316.3025,5888075.2328],[32579286.0642,5888053.7418],[32579272.3196,5888046.245],[32579247.0794,5888036.7491],[32579223.0889,5888031.7515],[32579212.3431,5888031.2518],[32579202.8469,5888032.7514],[32579194.8502,5888036.2501],[32579189.1025,5888042.7476],[32579185.604,5888051.7441],[32579185.3545,5888076.7341],[32579188.3535,5888091.7281],[32579201.8486,5888124.7148],[32579212.8445,5888142.7075],[32579226.8392,5888161.2],[32579244.0826,5888179.6924],[32579266.0742,5888199.6841],[32579321.8027,5888244.6654],[32579408.2692,5888306.6395],[32579446.7543,5888329.6298],[32579459.9991,5888334.1278],[32579489.7373,5888339.1254],[32579557.2106,5888345.122],[32579592.4537,5888354.1263],[32579670.666,5888374.1088],[32579725.8942,5888383.1044],[32579751.3841,5888385.1033],[32579774.1251,5888384.6031],[32579828.0174,5888379.5973],[32579845.6384,5888377.6507],[32579884.5811,5888371.6067],[32579902.8238,5888366.6084],[32579918.3175,5888360.1107],[32579929.5629,5888351.6139],[32579938.5592,5888340.6182],[32579947.7337,5888325.7672],[32579954.0527,5888313.1289],[32579959.0505,5888297.1352],[32579961.7991,5888280.1419],[32579961.2991,5888262.149],[32579957.0505,5888244.656],[32579948.3038,5888227.1631],[32579928.0614,5888198.0083],[32579887.5766,5888139.6988],[32579870.8328,5888105.2127],[32579866.8342,5888088.2195],[32579865.3345,5888071.2263],[32579866.084,5888055.2327],[32579868.8327,5888040.2386],[32579873.8305,5888026.7439],[32579880.59,5888015.9284],[32579890.8235,5888004.7524],[32579903.0685,5887996.7554],[32579917.3128,5887991.2573],[32579944.776,5887984.8241],[32579972.7906,5887978.2617],[32579982.2867,5887974.2631],[32579989.2839,5887969.265],[32579993.2822,5887961.7679],[32579993.532,5887952.7715],[32579991.0328,5887942.7755],[32579981.0366,5887926.782],[32579970.1062,5887919.5187],[32579954.7968,5887913.7876],[32579918.3112,5887909.2899],[32579907.3155,5887906.2912],[32579888.5729,5887896.7953],[32579876.6051,5887889.2603],[32579861.5833,5887879.8024],[32579840.0918,5887872.3057],[32579815.8513,5887869.8071],[32579775.8659,5887869.7803],[32579771.0189,5887869.2516],[32579748.8779,5887865.3099],[32579733.8837,5887860.3121],[32579717.1403,5887851.8157],[32579681.1542,5887826.8262],[32579666.9147,5887813.6189],[32579647.9169,5887793.34],[32579634.422,5887774.3477],[32579624.1758,5887754.3558],[32579616.4286,5887730.8652],[32579603.4329,5887671.8889],[32579593.436,5887607.4146],[32579589.4387,5887574.4412],[32579583.4388,5887524.9476],[32579582.4389,5887503.4561],[32579583.6881,5887480.4652],[32579587.4363,5887457.4743],[32579592.9338,5887434.9832],[32579600.1806,5887413.9914],[32579608.677,5887394.9988],[32579618.173,5887379.0051],[32579628.6686,5887367.5095],[32579640.9136,5887358.5129],[32579672.401,5887345.5176],[32579708.8864,5887337.0204],[32579795.3518,5887322.5249],[32579858.5767,5887317.5259],[32579878.8186,5887318.0254],[32579885.3161,5887319.5248],[32579895.5621,5887327.0216],[32579901.31,5887338.517],[32579902.0598,5887345.0144],[32579898.5614,5887358.5091],[32579893.8134,5887365.5064],[32579878.3197,5887380.5006],[32579846.8325,5887403.9918],[32579813.5958,5887406.991],[32579785.1072,5887415.4881],[32579771.3628,5887422.4855],[32579759.8675,5887432.4817],[32579750.8712,5887443.9773],[32579744.3739,5887456.4724],[32579740.1225,5887471.662],[32579738.8765,5887482.4622],[32579739.8763,5887495.9568],[32579743.3751,5887509.4514],[32579749.3729,5887522.9459],[32579757.6198,5887535.9406],[32579769.3653,5887548.4355],[32579784.1096,5887559.4309],[32579800.8531,5887568.9269],[32579833.5903,5887584.4202],[32579850.5834,5887590.4175],[32579859.0803,5887593.4163],[32579866.078,5887626.4031],[32579877.3241,5887668.3862],[32579891.8189,5887708.3701],[32579899.816,5887722.3644],[32579908.8125,5887732.3603],[32579918.8087,5887739.8572],[32579940.8001,5887749.3531],[32579952.0456,5887750.8524],[32579973.0373,5887749.3526],[32579982.5335,5887746.3537],[32579991.5298,5887741.3555],[32580001.2758,5887734.3582],[32580020.5179,5887714.8656],[32580036.7612,5887690.8749],[32580042.7586,5887677.88],[32580046.257,5887664.8851],[32580049.5054,5887642.394],[32580049.0054,5887624.4012],[32580045.5065,5887606.9082],[32580011.4942,5887517.3829],[32580006.7705,5887504.9493],[32580002.7717,5887481.9585],[32580002.2715,5887454.4694],[32580057.4993,5887428.9787],[32580095.4862,5887405.7904],[32580107.1998,5887396.5418],[32580133.2185,5887375.9986],[32580151.711,5887365.5025],[32580172.7026,5887359.5046],[32580183.4483,5887359.0047],[32580204.44,5887364.0024],[32580214.686,5887369.9998],[32580225.182,5887378.9961],[32580235.4281,5887390.9912],[32580254.3586,5887421.107],[32580268.4157,5887443.4698],[32580293.9061,5887479.4552],[32580333.3911,5887524.9365],[32580358.1315,5887543.9286],[32580369.3771,5887548.9264],[32580388.8694,5887551.4252],[32580403.8634,5887547.4265],[32580413.3596,5887542.4284],[32580419.1072,5887534.9313],[32580421.1063,5887528.4338],[32580422.8554,5887513.9396],[32580422.1056,5887505.4429],[32580420.1063,5887497.4461],[32580404.1121,5887461.4607],[32580400.8631,5887438.9697],[32580402.6123,5887427.4742],[32580407.1103,5887415.9787],[32580415.6068,5887404.983],[32580426.1025,5887395.9864],[32580436.8481,5887389.4888],[32580458.8393,5887385.4901],[32580479.3313,5887389.4882],[32580494.7012,5887397.9484],[32580506.5707,5887404.4818],[32580519.0658,5887408.48],[32580548.5541,5887410.9786],[32580563.2982,5887408.9792],[32580577.2926,5887404.9806],[32580588.7879,5887397.9832],[32580603.2087,5887379.6002],[32580611.5285,5887368.9944],[32580628.2717,5887354.9997],[32580638.0177,5887349.5017],[32580660.5087,5887342.5042],[32580687.4979,5887339.0052],[32580714.9871,5887343.503],[32580726.9824,5887348.001],[32580736.4787,5887354.4983],[32580736.7968,5887354.8546],[32580742.7263,5887361.4954],[32580744.7256,5887368.9924],[32580741.7269,5887377.4891],[32580727.9214,5887401.2069],[32580722.2351,5887410.976],[32580710.7399,5887424.4709],[32580703.243,5887429.9688],[32580691.3068,5887434.4965],[32580674.2546,5887440.9648],[32580664.2587,5887446.4628],[32580654.7625,5887452.4606],[32580638.0194,5887468.4544],[32580631.2722,5887478.4506],[32580626.0244,5887489.9461],[32580623.2757,5887500.442],[32580624.2754,5887509.4384],[32580628.2739,5887516.4355],[32580634.5215,5887521.4334],[32580652.7643,5887525.9314],[32580663.2602,5887525.4314],[32580690.4034,5887520.1375],[32580783.712,5887501.939],[32580926.6551,5887488.942],[32580962.141,5887488.9415],[32580976.3854,5887490.9405],[32581014.0395,5887499.8206],[32581029.3645,5887503.4348],[32581052.8552,5887504.9338],[32581062.3514,5887502.4347],[32581070.0983,5887497.4365],[32581079.8442,5887483.9418],[32581085.0919,5887468.4478],[32581100.8346,5887391.978],[32581111.0801,5887362.4896],[32581121.3259,5887349.9944],[32581156.3117,5887328.0026],[32581177.553,5887310.5092],[32581198.2945,5887288.0179],[32581216.037,5887260.5285],[32581222.0344,5887246.0342],[32581225.7828,5887231.5399],[32581226.7821,5887216.5459],[32581224.5328,5887201.5518],[32581219.0348,5887186.0581],[32581210.0381,5887170.0646],[32581196.7932,5887153.5713],[32581181.2991,5887137.5779],[32581148.8116,5887110.0893],[32581131.5683,5887098.5941],[32581093.833,5887082.1012],[32581073.3411,5887077.6033],[32581051.3498,5887075.1047],[32581002.2704,5887076.0821],[32580950.8897,5887077.1053],[32580927.8988,5887071.1081],[32580903.6582,5887058.1136],[32580814.4429,5887004.6362],[32580788.9527,5886986.6437],[32580769.2103,5886964.6527],[32580740.721,5886923.1696],[32580724.7271,5886907.676],[32580714.4811,5886901.6786],[32580702.7357,5886896.1809],[32580674.9966,5886889.1841],[32580642.5095,5886886.6856],[32580593.5289,5886887.6859],[32580566.2897,5886883.6879],[32580554.5443,5886878.6901],[32580544.798,5886870.6934],[32580536.801,5886859.1981],[32580531.5529,5886846.2033],[32580529.5536,5886834.2081],[32580530.553,5886822.2129],[32580534.0515,5886811.2172],[32580539.799,5886800.7213],[32580555.7924,5886782.2284],[32580565.2886,5886774.7312],[32580577.7835,5886767.234],[32580593.7771,5886761.2362],[32580633.0114,5886752.739],[32580672.7456,5886750.2394],[32580689.7388,5886751.7385],[32580703.2335,5886755.7367],[32580720.6431,5886764.1235],[32580723.7739,5886765.6317],[32580737.4702,5886772.2297],[32580755.2132,5886778.7268],[32580772.2672,5886782.0705],[32580824.9972,5886792.4089],[32580857.173,5886798.7174],[32580877.1651,5886796.7179],[32580893.6584,5886787.7212],[32580905.4035,5886773.2268],[32580912.9003,5886753.7344],[32580916.8983,5886729.2441],[32580916.3981,5886699.7558],[32580913.3991,5886683.7622],[32580901.6533,5886652.2749],[32580892.1569,5886637.281],[32580880.6613,5886624.2863],[32580850.6729,5886603.2951],[32580821.1842,5886579.3051],[32580784.9481,5886542.8201],[32580764.4559,5886516.8308],[32580761.2071,5886508.834],[32580758.3982,5886497.2551],[32580748.9612,5886458.3542],[32580742.4635,5886439.8617],[32580727.004,5886405.9027],[32580711.9747,5886372.8887],[32580695.7305,5886329.4063],[32580690.2324,5886308.9145],[32580686.7336,5886289.4223],[32580686.1911,5886276.4067],[32580686.9025,5886262.502],[32580846.989,5886295.8509],[32580921.7254,5886322.5412],[32580984.1284,5886377.1423],[32580968.3731,5886388.3788],[32580959.127,5886400.3742],[32580952.1299,5886413.8689],[32580947.8818,5886428.3632],[32580945.8828,5886442.8575],[32580945.8831,5886459.3509],[32580948.3826,5886499.335],[32580954.8807,5886543.3174],[32580965.627,5886583.3014],[32580972.8743,5886599.2949],[32580986.1193,5886617.7874],[32581008.1109,5886642.2773],[32581067.838,5886700.7532],[32581131.0637,5886758.2294],[32581177.5458,5886796.7134],[32581199.7872,5886813.2065],[32581366.4726,5886925.6594],[32581473.681,5886993.131],[32581552.4004,5887038.6117],[32581588.1364,5887052.6056],[32581604.8798,5887055.6042],[32581620.6236,5887055.604],[32581635.6176,5887053.1047],[32581677.3508,5887041.1089],[32581720.0836,5887021.616],[32581751.5708,5887003.1229],[32581780.8089,5886976.1332],[32581807.048,5886944.1455],[32581842.7831,5886894.1648],[32581854.0285,5886881.1698],[32581864.7741,5886872.6731],[32581875.0199,5886868.1747],[32581894.2623,5886868.1744],[32581909.2148,5886873.2949],[32581930.748,5886880.6689],[32581950.7401,5886885.1668],[32581960.2364,5886885.6665],[32581969.4827,5886885.6663],[32581977.4795,5886883.667],[32581983.9769,5886880.1683],[32581988.475,5886874.1706],[32581990.9739,5886867.6732],[32581991.2237,5886861.1758],[32581985.2259,5886847.1814],[32581970.9813,5886830.6882],[32581948.49,5886809.6968],[32581937.2442,5886796.7022],[32581929.2472,5886782.2081],[32581924.249,5886767.2141],[32581921.9997,5886751.2205],[32581923.2487,5886721.7322],[32581925.9975,5886708.7373],[32581932.765,5886690.7819],[32581938.2422,5886676.25],[32581946.2386,5886648.261],[32581952.4856,5886615.274],[32581955.7338,5886578.2887],[32581953.9842,5886558.2967],[32581949.2359,5886538.3047],[32581941.9885,5886519.3123],[32581925.4946,5886486.8255],[32581911.0,5886464.3346],[32581915.4978,5886459.5868],[32581921.6323,5886453.1114],[32581933.4916,5886440.5929],[32581937.9889,5886435.8456],[32581978.4735,5886486.3249],[32581999.2158,5886519.8113],[32582006.2132,5886535.8048],[32582016.9596,5886579.7872],[32582042.4512,5886702.738],[32582050.1985,5886730.2269],[32582059.1952,5886752.218],[32582083.4362,5886793.7012],[32582114.9243,5886836.1838],[32582146.4122,5886871.1695],[32582159.9071,5886883.6643],[32582170.6529,5886890.6614],[32582216.1356,5886943.6396],[32582281.3608,5887023.6069],[32582283.2835,5887032.3064],[32582284.217,5887036.5302],[32582301.3541,5887114.0706],[32582273.1155,5887122.5677],[32582224.8848,5887134.0638],[32582207.6417,5887136.5631],[32582189.8614,5887136.2005],[32582183.1512,5887136.0637],[32582181.4015,5887136.028],[32582158.6611,5887135.5642],[32582118.0818,5887142.6754],[32582091.4354,5887147.345],[32582075.9441,5887150.0597],[32582053.5539,5887157.6167],[32582035.9602,5887163.5549],[32582017.9674,5887166.0542],[32582007.7214,5887165.5545],[32581988.2291,5887161.0566],[32581978.9827,5887157.0583],[32581961.9893,5887145.5632],[32581948.4944,5887129.5697],[32581924.2535,5887087.5868],[32581909.2592,5887071.5933],[32581900.5126,5887067.0953],[32581891.0164,5887066.0958],[32581882.2699,5887069.0947],[32581876.0224,5887075.5922],[32581871.2016,5887087.9834],[32581864.6763,5887136.4651],[32581862.7788,5887150.5627],[32581856.7814,5887169.0554],[32581848.2849,5887179.0515],[32581824.0447,5887190.5473],[32581811.7997,5887200.0437],[32581803.803,5887212.5389],[32581800.5545,5887226.5334],[32581802.8038,5887241.0276],[32581824.2954,5887306.5016],[32581851.0367,5887387.9685],[32581856.7846,5887400.9632],[32581863.5321,5887409.9596],[32581871.0292,5887415.9571],[32581886.2732,5887419.9552],[32581893.7702,5887418.9555],[32581906.2652,5887413.9573],[32581924.2259,5887401.3611],[32581963.9917,5887373.4726],[32581996.7284,5887353.9798],[32582028.7155,5887339.9849],[32582054.9551,5887335.9861],[32582066.7004,5887336.9855],[32582087.6922,5887345.4819],[32582108.4342,5887360.9754],[32582127.177,5887379.9676],[32582140.9218,5887397.9602],[32582151.9177,5887416.4527],[32582108.187,5887556.3977],[32582103.6891,5887574.8904],[32582099.941,5887607.8774],[32582101.4409,5887641.3641],[32582104.6898,5887656.8579],[32582109.9379,5887670.8522],[32582117.4351,5887682.8473],[32582127.1814,5887692.3434]],[[32582802.5102,5876689.7031],[32582793.2636,5876675.7088],[32582767.2735,5876646.2209],[32582738.5346,5876620.7314],[32582722.9334,5876609.541],[32582679.3075,5876578.2492],[32582614.1738,5876527.303],[32582572.5987,5876494.7839],[32582413.6604,5876387.329],[32582224.7336,5876263.8808],[32582209.4895,5876252.3856],[32582175.5025,5876217.4],[32582142.765,5876175.4171],[32582118.524,5876136.433],[32582110.2386,5876118.8686],[32582093.5332,5876083.4544],[32582076.7896,5876061.4634],[32582066.7934,5876052.9669],[32582055.048,5876046.4696],[32582041.8032,5876041.9716],[32582015.8135,5876040.4726],[32581993.5724,5876044.4713],[32581982.0897,5876048.4258],[32581955.8375,5876057.4667],[32581946.0914,5876058.9663],[32581919.6019,5876057.9671],[32581869.8715,5876048.4716],[32581816.1427,5876035.9774],[32581759.5915,5876028.9784],[32581662.7034,5876016.9872],[32581617.9709,5876004.9926],[32581537.2526,5875974.0061],[32581510.513,5875962.0113],[32581463.2814,5875937.5217],[32581425.0462,5875911.0328],[32581408.0528,5875896.5388],[32581379.5637,5875866.5511],[32581357.8219,5875836.0635],[32581349.8249,5875821.5694],[32581332.3312,5875776.5875],[32581290.5959,5875645.6402],[32581275.9839,5875603.2317],[32581270.1032,5875586.1641],[32581266.3544,5875559.6746],[32581267.8534,5875534.1847],[32581274.8501,5875498.6987],[32581277.8659,5875487.152],[32581283.5962,5875465.2119],[32581280.8472,5875456.2155],[32581277.0986,5875451.7174],[32581268.1021,5875444.2205],[32581263.3539,5875442.7211],[32581252.3583,5875443.2211],[32581245.6299,5875444.8757],[32581221.8705,5875450.7186],[32581201.8784,5875447.2203],[32581150.3985,5875425.2298],[32581130.4063,5875412.2352],[32581120.4101,5875402.7391],[32581101.6673,5875380.2483],[32581087.4226,5875356.2581],[32581080.1751,5875333.2673],[32581077.0601,5875317.5101],[32581074.6515,5875305.3265],[32581071.6779,5875290.2845],[32581068.9289,5875280.7883],[32581061.1817,5875264.295],[32581054.6842,5875256.2982],[32581034.1921,5875239.3053],[32580990.9589,5875212.8165],[32580942.7277,5875190.3261],[32580912.2397,5875180.8303],[32580850.7639,5875165.8372],[32580809.78,5875151.3436],[32580592.1151,5875056.3845],[32580518.144,5875025.8977],[32580446.422,5874989.4132],[32580421.4317,5874974.9194],[32580379.448,5874945.9315],[32580365.7032,5874932.4371],[32580356.7066,5874920.442],[32580344.4612,5874899.4505],[32580341.2124,5874889.4545],[32580337.7135,5874869.4625],[32580337.2135,5874853.3254],[32580335.9634,5874812.9849],[32580331.4647,5874778.4987],[32580322.4678,5874743.5127],[32580312.5074,5874719.166],[32580306.7235,5874705.0282],[32580302.225,5874686.5356],[32580301.7251,5874677.0394],[32580304.7237,5874665.5439],[32580311.4709,5874653.0488],[32580321.7166,5874639.0542],[32580347.7059,5874612.0645],[32580361.9501,5874600.5689],[32580387.6897,5874585.5745],[32580401.1843,5874582.0757],[32580418.1775,5874581.0758],[32580437.4199,5874581.5753],[32580479.1534,5874586.0729],[32580516.6386,5874593.0696],[32580547.1266,5874601.0659],[32580680.3243,5874642.5475],[32580722.8076,5874652.5429],[32580773.7874,5874657.5402],[32580826.2666,5874660.0384],[32580856.6924,5874658.9735],[32580911.9825,5874657.0383],[32580928.2261,5874657.0381],[32580944.7195,5874657.0378],[32580962.2126,5874657.0376],[32580979.4558,5874657.0373],[32580997.4486,5874657.037],[32581052.1769,5874660.5348],[32581087.9128,5874666.0321],[32581137.8932,5874678.5264],[32581170.6303,5874692.0206],[32581237.3543,5874724.0069],[32581255.5971,5874728.5048],[32581263.8439,5874729.0045],[32581277.5884,5874726.0055],[32581282.3364,5874723.0066],[32581287.0844,5874714.5099],[32581286.5846,5874709.0121],[32581280.5868,5874697.5168],[32581269.3411,5874686.5213],[32581255.0966,5874677.0253],[32581231.3559,5874665.5302],[32581223.1091,5874659.5327],[32581200.6177,5874639.0412],[32581183.8741,5874617.0501],[32581172.3785,5874607.5541],[32581166.1309,5874605.0552],[32581151.6366,5874602.5564],[32581127.8613,5874605.2282],[32581107.1544,5874607.5551],[32581073.9176,5874608.0553],[32581027.9358,5874604.0576],[32580898.9867,5874582.0683],[32580805.7735,5874569.5746],[32580692.818,5874548.5846],[32580618.0604,5874525.3036],[32580590.1084,5874516.5988],[32580559.1206,5874509.1023],[32580521.3854,5874497.1076],[32580491.3971,5874482.114],[32580441.9163,5874449.6276],[32580429.921,5874443.1304],[32580403.4313,5874433.1348],[32580388.937,5874430.1362],[32580355.7002,5874427.1379],[32580306.2199,5874428.1382],[32580282.9791,5874430.1377],[32580236.4978,5874450.1305],[32580221.052,5874455.3689],[32580179.0209,5874469.6236],[32580163.5271,5874473.1224],[32580155.7802,5874472.6228],[32580137.5373,5874464.1264],[32580119.7941,5874448.133],[32580106.5738,5874430.034],[32580098.0523,5874413.647],[32580079.3081,5874298.1932],[32580067.8122,5874260.2084],[32580057.5659,5874239.2169],[32580046.0703,5874222.7236],[32580031.0012,5874206.2305],[32579995.8395,5874167.7462],[32579976.5967,5874139.7576],[32579970.0991,5874125.7632],[32579965.6007,5874111.2691],[32579959.6026,5874079.2818],[32579954.8759,5874034.0458],[32579952.6045,5874012.3085],[32579945.6068,5873979.3217],[32579936.61,5873951.8328],[32579923.3649,5873925.8433],[32579896.8586,5873895.8646],[32579887.1287,5873884.8601],[32579862.8879,5873852.8732],[32579852.1419,5873832.8813],[32579845.8941,5873811.8897],[32579844.1444,5873789.8985],[32579846.1435,5873779.4026],[32579850.3917,5873770.4061],[32579857.3888,5873762.909],[32579867.6347,5873757.9108],[32579905.1196,5873745.4152],[32579929.11,5873737.418],[32579955.8492,5873726.9218],[32579965.3454,5873720.9241],[32579968.0942,5873717.4254],[32579969.3437,5873713.9268],[32579967.3444,5873706.4298],[32579959.0975,5873696.9337],[32579937.6059,5873688.9372],[32579894.153,5873681.778],[32579849.6407,5873674.4442],[32579780.7457,5873656.7799],[32579752.179,5873649.4556],[32579735.1857,5873643.4582],[32579720.6913,5873636.4612],[32579709.9455,5873627.9648],[32579693.2018,5873606.9733],[32579677.7076,5873580.9839],[32579665.9619,5873550.4962],[32579662.2131,5873532.5034],[32579658.9639,5873493.5189],[32579651.9661,5873458.5329],[32579646.4681,5873443.0391],[32579631.2238,5873414.5507],[32579610.9814,5873388.5613],[32579598.4615,5873375.7689],[32579507.771,5873283.1047],[32579490.0277,5873261.6135],[32579468.0359,5873226.1279],[32579391.5637,5873040.2029],[32579380.0678,5873005.2169],[32579356.6762,5872922.0015],[32579354.0768,5872912.754],[32579341.082,5872914.7534],[32579325.0885,5872922.7505],[32579317.8415,5872929.7478],[32579312.0939,5872939.7439],[32579308.8454,5872953.2386],[32579308.8456,5872970.2319],[32579317.3428,5873009.2163],[32579332.5873,5873051.1994],[32579357.3282,5873105.1776],[32579433.8,5873259.6151],[32579462.2895,5873314.5929],[32579472.4574,5873332.023],[32579486.7803,5873356.5758],[32579488.7797,5873368.571],[32579486.2807,5873373.0693],[32579480.783,5873376.568],[32579467.2883,5873378.0676],[32579461.0408,5873376.5683],[32579448.7956,5873369.5712],[32579423.0554,5873343.0821],[32579414.7677,5873333.2455],[32579399.8715,5873315.5655],[32579384.5153,5873297.3396],[32579369.5758,5873279.6081],[32579390.8184,5873354.578],[32579397.0663,5873383.0666],[32579397.8162,5873395.0619],[32579397.3165,5873408.0567],[32579393.0686,5873435.046],[32579382.5373,5873472.9608],[32579378.0753,5873489.0248],[32579376.0763,5873503.0193],[32579373.0782,5873556.4981],[32579374.8279,5873584.9868],[32579377.327,5873592.4838],[32579386.8234,5873598.981],[32579393.8206,5873600.9802],[32579420.56,5873603.9786],[32579459.5446,5873605.4774],[32579487.0336,5873604.4774],[32579494.7806,5873603.4777],[32579502.4386,5873600.898],[32579518.521,5873595.4805],[32579538.0133,5873596.9796],[32579549.5088,5873599.9782],[32579575.2487,5873610.9735],[32579615.9829,5873637.9622],[32579642.7226,5873660.9527],[32579668.7127,5873690.4406],[32579681.4579,5873707.9334],[32579704.4493,5873748.417],[32579713.1961,5873766.4097],[32579725.1918,5873797.8971],[32579730.9399,5873826.3857],[32579731.6931,5873869.2843],[32579731.9403,5873883.363],[32579733.9399,5873910.3523],[32579739.9378,5873936.3419],[32579744.6861,5873949.8364],[32579771.1763,5873997.817],[32579856.8941,5874133.2619],[32579875.1375,5874173.2458],[32579914.8525,5874270.2383],[32579927.1186,5874300.1946],[32579939.3641,5874326.6839],[32579972.6017,5874387.6592],[32580017.4429,5874459.2421],[32580044.0749,5874497.6145],[32580057.0699,5874513.6079],[32580087.5583,5874545.095],[32580111.5492,5874573.5833],[32580128.7927,5874600.5724],[32580156.2827,5874668.0452],[32580155.2837,5874714.5267],[32580149.5365,5874751.0123],[32580144.2888,5874766.0064],[32580135.0427,5874784.4992],[32580128.7954,5874796.9944],[32580120.5489,5874810.4891],[32580098.558,5874838.4783],[32580050.8276,5874887.9594],[32580001.3481,5874946.4369],[32579991.6022,5874966.9289],[32579989.8531,5874977.9246],[32579990.353,5874986.921],[32579992.3523,5874992.9186],[32579995.601,5874996.4172],[32580004.8474,5874998.4162],[32580010.3452,5874997.4165],[32580029.5875,5874993.9176],[32580056.5248,5874989.0195],[32580081.8166,5874984.4206],[32580120.0514,5874979.9219],[32580143.792,5874979.9215],[32580162.2847,5874985.419],[32580174.0302,5874992.9159],[32580182.277,5875000.9126],[32580224.4843,5875048.3944],[32580266.245,5875095.3738],[32580325.7222,5875154.3496],[32580342.2159,5875174.8412],[32580348.2137,5875184.8371],[32580358.4599,5875209.3272],[32580371.9553,5875259.807],[32580377.2037,5875296.2924],[32580377.4541,5875330.7787],[32580375.2054,5875364.2655],[32580367.7091,5875413.7459],[32580360.2125,5875444.7337],[32580320.9752,5875567.5379],[32580306.2363,5875613.6675],[32580303.2377,5875628.6616],[32580302.988,5875643.6556],[32580305.2373,5875658.6496],[32580313.7343,5875686.6384],[32580351.7205,5875776.1023],[32580375.1124,5875841.2769],[32580380.96,5875857.5695],[32580399.9531,5875903.0512],[32580414.9475,5875931.5396],[32580476.1745,5876027.5006],[32580515.9097,5876094.4734],[32580541.1504,5876144.4532],[32580552.1464,5876173.9414],[32580559.394,5876208.4276],[32580560.8937,5876227.42],[32580558.3953,5876272.902],[32580546.5943,5876366.5462],[32580543.153,5876393.8542],[32580542.9035,5876421.8431],[32580546.4022,5876429.8398],[32580551.6502,5876433.8382],[32580566.3944,5876433.838],[32580592.8837,5876422.3421],[32580607.6277,5876411.3463],[32580618.3732,5876396.8519],[32580631.3676,5876364.8644],[32580639.6141,5876350.8698],[32580660.04,5876330.1385],[32580689.8435,5876299.8893],[32580712.5967,5876276.7958],[32580723.3297,5876265.9023],[32580732.8258,5876252.4075],[32580734.575,5876244.4107],[32580733.8252,5876235.9141],[32580730.3264,5876228.4171],[32580724.5786,5876221.9198],[32580707.3353,5876212.9236],[32580686.0937,5876204.4273],[32580664.3521,5876190.9329],[32580643.61,5876166.9428],[32580622.6179,5876131.957],[32580601.8755,5876087.475],[32580562.1398,5875981.0178],[32580536.149,5875900.5501],[32580523.4033,5875848.571],[32580518.9048,5875823.0812],[32580513.656,5875763.1051],[32580511.432,5875695.8342],[32580507.9059,5875589.1742],[32580482.7076,5875467.5614],[32580463.9072,5875376.8264],[32580440.1782,5875262.305],[32580434.18,5875221.3213],[32580434.1798,5875205.8275],[32580436.4288,5875192.3328],[32580440.427,5875179.3379],[32580446.6743,5875166.343],[32580454.4211,5875154.8474],[32580463.6673,5875144.8513],[32580474.4129,5875137.3541],[32580486.658,5875131.8561],[32580500.1526,5875129.8567],[32580514.6468,5875129.8565],[32580545.3847,5875134.3542],[32580577.622,5875142.8504],[32580609.8594,5875154.3453],[32580644.8457,5875168.8391],[32580698.0749,5875193.8283],[32580814.2796,5875252.3034],[32580869.0083,5875285.2895],[32580932.7847,5875331.6709],[32580976.2168,5875363.2569],[32580998.9581,5875382.2491],[32581022.9489,5875406.739],[32581070.6807,5875463.7157],[32581092.9223,5875493.7034],[32581142.6536,5875566.1739],[32581154.3992,5875586.6656],[32581167.3944,5875613.6547],[32581195.1343,5875679.1283],[32581219.6255,5875744.6019],[32581232.2678,5875783.4995],[32581248.8651,5875834.5658],[32581269.1078,5875884.5456],[32581293.0989,5875932.5262],[32581305.5942,5875952.0183],[32581317.8396,5875967.0121],[32581330.8346,5875978.5074],[32581345.079,5875988.0034],[32581360.573,5875995.5002],[32581393.0603,5876006.9952],[32581412.0964,5876011.6041],[32581496.2696,5876031.9837],[32581541.752,5876044.1362],[32581681.4468,5876081.4613],[32581749.9199,5876100.4527],[32581841.6339,5876128.9401],[32581913.6056,5876152.9295],[32581976.581,5876176.919],[32582000.0718,5876187.4145],[32582021.0636,5876199.4094],[32582068.0454,5876232.8954],[32582160.5097,5876307.3645],[32582196.7457,5876333.8534],[32582286.9607,5876392.8287],[32582366.4298,5876437.3098],[32582383.4232,5876448.805],[32582415.9107,5876474.7942],[32582457.6447,5876515.2775],[32582468.3906,5876527.2726],[32582476.8874,5876540.2673],[32582482.8852,5876557.7603],[32582486.8839,5876578.2521],[32582489.6334,5876622.2346],[32582487.2652,5876673.2573],[32582486.3857,5876692.2068],[32582487.1355,5876697.2048],[32582491.1339,5876701.2032],[32582506.4001,5876694.0886],[32582516.8736,5876689.2076],[32582534.8663,5876683.2097],[32582557.3574,5876679.7107],[32582584.0967,5876679.2105],[32582619.0829,5876683.7082],[32582680.7652,5876697.6293],[32582689.9091,5876699.693],[32582701.8668,5876702.3917],[32582721.5776,5876706.8402],[32582765.9531,5876716.8553],[32582778.5201,5876719.6916],[32582797.0128,5876719.6913],[32582803.5101,5876716.6924],[32582807.7584,5876711.1945],[32582807.7582,5876701.6983],[32582802.5102,5876689.7031]],[[32586881.2646,5885597.605],[32586895.259,5885594.1061],[32586910.503,5885595.1055],[32586923.248,5885600.6031],[32586938.992,5885617.0963],[32586948.5543,5885633.6549],[32586959.4843,5885652.5819],[32586967.981,5885659.0792],[32586973.9787,5885661.0783],[32586990.972,5885662.5775],[32587014.7125,5885661.0777],[32587038.7029,5885654.58],[32587049.4485,5885648.5822],[32587058.4449,5885640.0854],[32587064.9421,5885628.5899],[32587068.1906,5885614.0956],[32587069.19,5885597.6021],[32587067.6901,5885566.6145],[32587051.9451,5885474.6513],[32587035.7006,5885407.1783],[32587033.2011,5885374.6913],[32587035.2001,5885359.6972],[32587078.68,5885159.776],[32587088.6752,5885102.2987],[32587099.4206,5885072.8102],[32587108.9166,5885058.3159],[32587117.9129,5885048.8195],[32587136.9058,5885081.3063],[32587156.3985,5885110.2945],[32587178.7448,5885138.197],[32587203.6305,5885169.2703],[32587251.4281,5885235.4495],[32587275.1036,5885268.2299],[32587300.5938,5885296.2184],[32587316.3377,5885306.714],[32587333.581,5885315.7102],[32587352.0738,5885322.7071],[32587389.0592,5885330.7034],[32587412.8896,5885331.2391],[32587433.5415,5885328.2037],[32587452.5338,5885319.207],[32587459.531,5885313.2093],[32587464.5289,5885306.212],[32587470.5263,5885290.2183],[32587471.0258,5885271.2258],[32587464.0282,5885245.736],[32587451.033,5885216.248],[32587430.7261,5885182.5185],[32587415.5463,5885159.2711],[32587409.0486,5885144.777],[32587401.5512,5885116.2884],[32587398.8019,5885086.3004],[32587405.0492,5885074.3051],[32587417.0443,5885059.3108],[32587435.2868,5885044.8163],[32587447.282,5885039.8181],[32587461.2764,5885035.8195],[32587494.513,5885026.3228],[32587603.9692,5884997.8325],[32587626.2102,5884990.3351],[32587635.4565,5884985.337],[32587643.4532,5884978.8394],[32587649.4507,5884971.3423],[32587653.449,5884961.846],[32587655.9479,5884950.3505],[32587658.9461,5884911.366],[32587653.9478,5884886.8758],[32587648.6997,5884876.8799],[32587641.2026,5884868.8831],[32587631.2064,5884862.3859],[32587604.4669,5884849.8912],[32587557.9851,5884834.8979],[32587529.9962,5884829.4005],[32587503.7566,5884827.9015],[32587475.018,5884829.9011],[32587398.2986,5884839.3985],[32587364.0621,5884836.4002],[32587329.0759,5884827.9041],[32587296.3387,5884815.9094],[32587268.5996,5884801.9154],[32587243.3593,5884781.9237],[32587220.368,5884754.435],[32587199.126,5884720.4488],[32587174.6749,5884670.37],[32587157.6413,5884635.4832],[32587149.1443,5884608.9938],[32587147.3948,5884595.4992],[32587147.6444,5884580.5052],[32587152.3922,5884555.0152],[32587161.6383,5884539.0214],[32587172.1218,5884527.0987],[32587187.1278,5884510.0326],[32587199.3726,5884490.5401],[32587203.3709,5884480.5441],[32587206.6193,5884458.0529],[32587201.371,5884431.5636],[32587194.8734,5884416.0698],[32587184.6272,5884398.5769],[32587170.1327,5884379.0849],[32587152.8892,5884358.0935],[32587114.9037,5884317.1103],[32587080.6669,5884284.6238],[32587020.6899,5884231.6457],[32586983.4543,5884202.6578],[32586972.2087,5884196.6604],[32586947.7183,5884190.1633],[32586918.4799,5884189.6639],[32586885.9929,5884194.6624],[32586852.2564,5884206.6582],[32586820.5193,5884222.1525],[32586794.5298,5884239.6459],[32586784.2841,5884250.1419],[32586775.5377,5884262.1373],[32586769.2904,5884276.6316],[32586765.0423,5884293.6249],[32586762.7935,5884313.617],[32586760.0452,5884356.6],[32586759.5463,5884422.5738],[32586757.0475,5884438.0676],[32586750.8003,5884458.0598],[32586745.8024,5884468.0559],[32586739.3051,5884476.5526],[32586731.0585,5884483.55],[32586701.3205,5884495.5456],[32586678.1992,5884501.1666],[32586656.0886,5884506.5419],[32586623.9976,5884518.3793],[32586595.1131,5884529.0339],[32586560.1271,5884539.0305],[32586546.1327,5884543.0291],[32586542.6342,5884544.0287],[32586539.1356,5884545.0284],[32586528.1401,5884560.0226],[32586516.645,5884585.0128],[32586512.6469,5884601.5064],[32586511.3976,5884619.4992],[32586513.8969,5884639.991],[32586519.395,5884660.9826],[32586541.8672,5884718.0353],[32586561.13,5884766.9399],[32586561.8799,5884786.9319],[32586558.3816,5884804.9248],[32586550.385,5884820.9186],[32586543.6377,5884826.9163],[32586534.8913,5884831.9145],[32586518.4289,5884835.9854],[32586487.4089,5884843.6562],[32586425.3391,5884766.0716],[32586329.3941,5884676.1257],[32586269.4288,5884640.1477],[32586221.4572,5884658.1379],[32586209.4647,5884682.124],[32586209.4653,5884730.0959],[32586221.4591,5884790.0605],[32586251.4424,5884856.0213],[32586281.4261,5884939.9716],[32586359.3817,5885029.9177],[32586401.3573,5885053.903],[32586556.2626,5885067.983],[32586593.3716,5885083.3137],[32586617.6122,5885096.3081],[32586641.6029,5885114.3006],[32586657.9389,5885129.9699],[32586701.3301,5885175.2755],[32586725.5912,5885206.0063],[32586730.0003,5885213.5161],[32586738.0662,5885227.2543],[32586746.8129,5885238.2498],[32586788.7417,5885281.7746],[32586799.2928,5885292.7273],[32586808.7892,5885304.7224],[32586816.2865,5885323.215],[32586819.0356,5885335.71],[32586821.0352,5885367.1974],[32586819.5361,5885386.1899],[32586815.7879,5885406.6818],[32586803.2935,5885450.1647],[32586771.6859,5885525.7352],[32586759.8122,5885554.1241],[32586751.8158,5885587.1111],[32586749.7468,5885602.5757],[32586747.0682,5885622.597],[32586741.0709,5885644.0886],[32586718.8305,5885695.5685],[32586700.838,5885722.0582],[32586679.5968,5885745.5492],[32586673.5992,5885749.5477],[32586663.426,5885753.4744],[32586630.8664,5885766.0418],[32586615.6226,5885777.5374],[32586610.8746,5885785.0345],[32586605.627,5885807.5257],[32586604.3777,5885823.0195],[32586605.1279,5885855.5066],[32586607.3772,5885870.5006],[32586611.1259,5885883.4954],[32586616.3739,5885892.9915],[32586623.6212,5885899.4888],[32586642.6137,5885907.9852],[32586665.1048,5885907.9848],[32586676.8501,5885903.9863],[32586688.3454,5885896.9889],[32586699.091,5885887.4925],[32586732.827,5885845.5087],[32586764.3138,5885796.5277],[32586780.3795,5885761.0995],[32586793.5513,5885732.0528],[32586852.2765,5885627.0937],[32586862.7721,5885611.5997],[32586874.7672,5885601.1037],[32586881.2646,5885597.605]],[[32571013.1799,5879570.9224],[32570965.4919,5879370.3163],[32570946.1393,5879282.0598],[32570938.7508,5879248.3651],[32570932.2531,5879230.3724],[32570914.2597,5879192.3877],[32570890.6552,5879150.2731],[32570854.0321,5879084.9313],[32570830.0409,5879033.4521],[32570823.7931,5879016.9587],[32570815.296,5878984.4718],[32570796.3448,5878884.8097],[32570795.0526,5878878.0144],[32570771.6624,5878780.4611],[32570765.3858,5878754.2834],[32570750.0784,5878690.4412],[32570736.5724,5878634.1121],[32570731.824,5878619.6179],[32570726.3261,5878608.6224],[32570719.8285,5878601.1254],[32570713.0812,5878597.1271],[32570705.834,5878595.6278],[32570698.337,5878596.6275],[32570683.593,5878604.6246],[32570677.8453,5878611.1221],[32570673.5971,5878619.6188],[32570671.0983,5878629.6149],[32570668.1511,5878662.9227],[32570666.101,5878686.0925],[32570660.8533,5878704.0854],[32570651.1074,5878718.08],[32570644.3601,5878723.0781],[32570636.1135,5878727.0767],[32570626.6173,5878729.076],[32570615.3717,5878730.0758],[32570593.6303,5878727.0773],[32570574.6377,5878718.581],[32570526.4064,5878685.095],[32570470.9277,5878637.6147],[32570450.1859,5878633.6166],[32570432.9427,5878633.117],[32570425.1958,5878634.6165],[32570419.1982,5878637.6154],[32570414.7,5878642.1137],[32570403.7047,5878663.1056],[32570397.4462,5878682.4688],[32570387.7117,5878712.5861],[32570369.4696,5878757.0688],[32570352.7267,5878791.5553],[32570333.2349,5878826.0419],[32570321.7396,5878841.0361],[32570308.2452,5878852.5318],[32570293.2512,5878861.5284],[32570277.0078,5878868.5259],[32570243.2712,5878876.0234],[32570211.034,5878878.0231],[32570137.5631,5878875.0254],[32570101.5773,5878869.0283],[32570086.3333,5878863.5307],[32570074.3379,5878857.0335],[32570058.0941,5878839.5407],[32570049.0974,5878818.0493],[32570044.8487,5878792.0597],[32570042.3492,5878760.0725],[32570039.3502,5878743.5791],[32570033.6023,5878731.0841],[32570026.355,5878721.0882],[32570017.8583,5878713.5913],[32570009.8614,5878708.0936],[32569996.1168,5878702.596],[32569959.5016,5878703.0999],[32569923.3956,5878703.5967],[32569887.0388,5878704.097],[32569886.7804,5878704.1006],[32569850.6744,5878704.5974],[32569832.7455,5878702.8485],[32569829.1915,5878702.5018],[32569805.5252,5878700.1933],[32569789.1987,5878698.6007],[32569774.6211,5878697.5982],[32569694.7361,5878692.1046],[32569666.9971,5878692.1051],[32569653.2525,5878693.6047],[32569640.7575,5878697.1035],[32569630.2618,5878703.1012],[32569621.7652,5878710.5984],[32569609.7702,5878727.092],[32569603.7728,5878740.0869],[32569602.2736,5878758.0798],[32569604.2732,5878784.0695],[32569607.5221,5878799.5633],[32569613.0202,5878815.5568],[32569621.2671,5878831.5504],[32569646.5076,5878866.0363],[32569686.7819,5878914.2505],[32569717.4807,5878951.0015],[32569729.0371,5878967.2561],[32569740.2221,5878982.9884],[32569758.4651,5879001.9806],[32569770.2106,5879008.9777],[32569784.2051,5879013.9755],[32569800.9485,5879015.9744],[32569820.9405,5879014.4747],[32569857.9258,5879006.4774],[32569897.9097,5878992.4823],[32569920.6506,5878986.4844],[32569956.1366,5878987.9832],[32569980.1272,5878994.4803],[32570004.1178,5879005.4756],[32570028.1085,5879020.9691],[32570049.6003,5879039.4614],[32570066.094,5879058.9534],[32570072.5916,5879069.4491],[32570082.338,5879091.4403],[32570085.337,5879103.9353],[32570088.0863,5879131.9241],[32570089.5867,5879201.8963],[32570095.8344,5879217.8898],[32570109.0794,5879233.3835],[32570117.5761,5879240.8804],[32570137.0686,5879253.8749],[32570147.5645,5879258.373],[32570202.7927,5879269.8676],[32570226.5334,5879272.8661],[32570238.6119,5879273.3657],[32570262.769,5879274.3649],[32570275.0142,5879277.8634],[32570287.2595,5879283.8608],[32570298.755,5879291.8574],[32570309.5009,5879301.8533],[32570326.4945,5879326.8431],[32570332.2424,5879341.8371],[32570343.0274,5879386.2433],[32570353.4852,5879429.302],[32570365.231,5879462.7886],[32570381.475,5879489.2778],[32570390.2216,5879498.7739],[32570399.2182,5879505.2712],[32570418.7105,5879511.7683],[32570428.9565,5879511.7682],[32570439.9521,5879510.2686],[32570462.693,5879501.7716],[32570473.6885,5879493.2748],[32570494.6799,5879470.2837],[32570533.4137,5879412.8059],[32570546.9081,5879395.3126],[32570553.9052,5879387.8155],[32570569.149,5879376.8197],[32570577.1458,5879373.8207],[32570585.6424,5879372.821],[32570594.8888,5879374.3203],[32570604.635,5879378.3185],[32570614.3812,5879385.3156],[32570623.6277,5879394.8117],[32570631.8746,5879406.307],[32570638.6221,5879419.3017],[32570643.1205,5879434.2957],[32570645.12,5879450.7891],[32570643.8714,5879517.2628],[32570638.8738,5879549.2501],[32570634.3758,5879565.2439],[32570621.6313,5879596.2317],[32570604.8883,5879623.2213],[32570584.8965,5879645.7126],[32570562.4057,5879664.2056],[32570493.1101,5879704.9936],[32570395.973,5879762.1692],[32570349.7416,5879783.6614],[32570335.4974,5879792.1582],[32570302.2609,5879817.1488],[32570286.0176,5879832.6429],[32570271.5236,5879849.6363],[32570260.0283,5879866.13],[32570252.7815,5879882.6235],[32570248.2835,5879899.117],[32570240.0372,5879935.1029],[32570237.2886,5879954.0954],[32570237.5391,5879995.0791],[32570241.5378,5880016.5705],[32570248.5353,5880039.0615],[32570258.7816,5880062.0522],[32570272.5264,5880084.543],[32570288.2705,5880105.0347],[32570305.7638,5880124.5267],[32570342.7496,5880156.0136],[32570377.2362,5880175.0056],[32570393.7297,5880180.5031],[32570447.9584,5880192.9974],[32570482.1949,5880196.9953],[32570509.684,5880195.9952],[32570520.4297,5880192.9963],[32570540.1718,5880186.4986],[32570564.6619,5880173.5033],[32570569.16,5880165.5065],[32570570.6592,5880152.5116],[32570568.9098,5880144.5148],[32570564.1616,5880135.5184],[32570547.0956,5880118.5432],[32570516.9296,5880088.5378],[32570509.6824,5880078.0421],[32570504.1844,5880066.5467],[32570500.6856,5880054.0517],[32570500.6852,5880026.0629],[32570506.1826,5879998.5737],[32570516.1783,5879973.5835],[32570531.1721,5879951.0922],[32570577.403,5879900.1117],[32570588.1486,5879889.6157],[32570600.3937,5879880.6191],[32570614.8878,5879872.1223],[32570631.881,5879865.1248],[32570790.5673,5879809.1447],[32570847.2945,5879787.1525],[32570863.2881,5879779.1555],[32570888.1314,5879766.1452],[32570953.0018,5879732.1728],[32570988.4875,5879710.6808],[32571000.9824,5879701.1844],[32571017.7255,5879682.1917],[32571022.7234,5879672.1956],[32571025.9719,5879660.7001],[32571027.2213,5879647.2054],[32571023.4723,5879614.2186],[32571013.1799,5879570.9224]],[[32569722.6426,5872757.4611],[32569687.1563,5872727.9733],[32569650.6704,5872705.9826],[32569629.6786,5872697.4863],[32569607.9372,5872692.4886],[32569588.4449,5872690.4897],[32569573.4508,5872691.4895],[32569561.9554,5872694.9883],[32569553.4589,5872701.4859],[32569547.7113,5872710.4824],[32569543.713,5872721.4781],[32569538.7154,5872749.467],[32569538.2158,5872767.4599],[32569540.7151,5872787.9517],[32569552.2112,5872833.4335],[32569568.4554,5872878.9152],[32569584.9494,5872915.9002],[32569589.9476,5872930.8942],[32569590.9474,5872945.8882],[32569588.1987,5872960.3825],[32569582.7011,5872974.377],[32569565.4583,5873000.8668],[32569544.217,5873025.3574],[32569518.7274,5873047.349],[32569487.9899,5873065.8421],[32569455.5029,5873078.3377],[32569439.7592,5873081.3367],[32569395.2768,5873081.3374],[32569379.5331,5873081.3376],[32569347.046,5873085.3365],[32569331.0524,5873089.835],[32569315.5586,5873096.8324],[32569300.5647,5873106.8287],[32569288.3198,5873120.3235],[32569280.5731,5873137.3168],[32569276.5749,5873156.3094],[32569276.8251,5873175.8016],[32569280.5739,5873195.7936],[32569287.8213,5873213.7864],[32569298.0674,5873229.2801],[32569311.5622,5873241.2751],[32569350.0474,5873270.263],[32569399.2785,5873312.7454],[32569486.7449,5873394.2117],[32569508.6448,5873416.7126],[32569577.7102,5873487.6733],[32569618.1946,5873520.1597],[32569637.9369,5873531.1551],[32569657.6792,5873538.6518],[32569678.6709,5873544.1493],[32569700.6623,5873547.6476],[32569723.4033,5873549.1467],[32569771.6342,5873547.6465],[32569796.8741,5873544.6473],[32569822.8637,5873539.6489],[32569851.8521,5873531.6517],[32569869.8913,5873524.4908],[32569919.325,5873502.6622],[32569980.5795,5873471.0765],[32570004.9452,5873457.9578],[32570043.5249,5873437.1863],[32570076.5116,5873421.1922],[32570156.7291,5873369.7114],[32570196.463,5873349.219],[32570216.7049,5873340.722],[32570234.1979,5873335.224],[32570264.6857,5873329.7257],[32570348.1526,5873329.7244],[32570368.3946,5873328.2247],[32570384.1383,5873322.7267],[32570391.1354,5873317.2288],[32570404.3799,5873299.2357],[32570409.1279,5873286.7406],[32570414.1255,5873258.2518],[32570414.375,5873229.2633],[32570410.3762,5873204.7731],[32570395.3714,5873166.9245],[32570382.6363,5873134.8013],[32570378.1378,5873118.8078],[32570375.3887,5873102.8141],[32570375.1386,5873087.8201],[32570377.8873,5873074.8252],[32570383.8848,5873063.8295],[32570391.8815,5873055.3328],[32570401.8775,5873049.335],[32570424.3685,5873042.8372],[32570435.8639,5873042.3373],[32570446.6097,5873043.8365],[32570495.3206,5873058.9065],[32570537.0742,5873071.824],[32570562.5641,5873075.8221],[32570635.2856,5873093.314],[32570670.0218,5873096.3123],[32570683.5165,5873093.3133],[32570694.7619,5873086.8157],[32570704.0081,5873076.8195],[32570712.0048,5873063.8246],[32570718.2521,5873048.8304],[32570723.4998,5873032.3369],[32570730.7464,5872998.3503],[32570734.4945,5872965.8631],[32570734.2443,5872948.8699],[32570728.746,5872910.3853],[32570715.5006,5872864.4037],[32570705.5042,5872838.4142],[32570693.5086,5872810.4255],[32570678.0143,5872781.4372],[32570659.0215,5872755.4478],[32570637.0299,5872731.4577],[32570613.289,5872710.9662],[32570589.0483,5872692.9737],[32570564.8077,5872678.4798],[32570542.0666,5872667.4845],[32570521.5746,5872660.4876],[32570500.5829,5872655.9897],[32570475.8427,5872654.4907],[32570421.3643,5872656.4907],[32570394.1251,5872660.4895],[32570344.8948,5872672.4855],[32570325.4026,5872679.9828],[32570307.9097,5872690.4789],[32570289.4173,5872704.9734],[32570253.9318,5872737.4611],[32570216.4472,5872778.4454],[32570070.754,5872714.4729],[32569970.5432,5872674.4903],[32569929.8092,5872665.4945],[32569908.0678,5872663.4956],[32569886.3264,5872662.9962],[32569845.8425,5872665.9956],[32569828.0996,5872668.9946],[32569813.1056,5872673.4931],[32569798.6114,5872680.9903],[32569783.6175,5872691.9862],[32569768.3738,5872705.9808],[32569741.6348,5872734.4699],[32569725.4122,5872754.1084],[32569722.6426,5872757.4611]],[[32577834.4863,5876981.1612],[32577828.3336,5876885.5253],[32577821.2387,5876775.2432],[32577821.7383,5876763.2479],[32577824.2372,5876752.2522],[32577827.9856,5876743.2558],[32577838.4812,5876729.2611],[32577851.2261,5876720.2645],[32577863.9709,5876714.7665],[32577876.4658,5876704.2705],[32577887.4613,5876690.2759],[32577894.7082,5876676.2813],[32577896.2075,5876670.2837],[32577893.2085,5876654.2901],[32577879.8145,5876622.0365],[32577856.4718,5876565.8258],[32577848.2246,5876529.8402],[32577844.4755,5876488.3567],[32577843.2247,5876394.8938],[32577843.7242,5876372.4028],[32577847.9721,5876338.916],[32577854.2193,5876319.4236],[32577859.717,5876309.9273],[32577880.9584,5876299.4312],[32577909.197,5876282.4375],[32577938.9349,5876260.4458],[32577951.1799,5876248.4503],[32577968.6726,5876223.9598],[32577977.1689,5876197.97],[32577978.6681,5876183.9755],[32577975.6686,5876132.496],[32577966.4217,5876093.0118],[32577951.4271,5876054.0275],[32577921.438,5875985.0554],[32577912.1912,5875951.069],[32577907.6925,5875913.0842],[32577908.192,5875893.0921],[32577911.1905,5875873.5998],[32577916.938,5875854.6073],[32577925.9342,5875836.1145],[32577940.9279,5875815.1226],[32577989.4079,5875757.6447],[32578098.613,5875637.1908],[32578119.4175,5875611.7203],[32578139.8459,5875586.7102],[32578162.5866,5875563.719],[32578184.5776,5875546.2256],[32578202.114,5875535.8155],[32578239.3054,5875513.7377],[32578248.3018,5875505.241],[32578256.0485,5875494.745],[32578262.5458,5875482.7497],[32578267.0438,5875467.7556],[32578269.7925,5875450.2625],[32578270.5417,5875416.276],[32578265.293,5875363.2971],[32578265.2927,5875339.3066],[32578277.5371,5875282.329],[32578281.2852,5875253.8403],[32578280.0355,5875241.3453],[32578276.2868,5875229.8499],[32578269.0395,5875218.3546],[32578246.2982,5875188.8666],[32578205.0639,5875144.3849],[32578183.8221,5875125.3927],[32578174.5757,5875119.3953],[32578135.8067,5875100.0992],[32578119.3472,5875091.907],[32578091.1081,5875073.9146],[32578079.1127,5875063.4189],[32578050.3737,5875032.9315],[32577994.1451,5874967.4583],[32577960.4078,5874923.4763],[32577937.9162,5874886.9912],[32577928.1698,5874867.9988],[32577911.4259,5874827.0154],[32577898.9303,5874785.0322],[32577892.9321,5874746.0478],[32577892.4318,5874711.0617],[32577898.6787,5874660.5817],[32577915.9209,5874591.6088],[32577931.6641,5874551.6244],[32577960.9017,5874492.1476],[32577979.8937,5874458.6606],[32578036.6199,5874368.6955],[32578057.861,5874331.7098],[32578072.3548,5874299.7223],[32578077.3526,5874283.7286],[32578082.6001,5874252.241],[32578082.5999,5874237.2469],[32578080.6005,5874222.7527],[32578076.6019,5874209.2582],[32578070.3542,5874197.263],[32578000.0622,5874106.0358],[32577976.3897,5874075.3129],[32577952.3988,5874040.8269],[32577938.9038,5874015.3373],[32577924.9087,5873973.8539],[32577920.1602,5873944.3657],[32577920.1596,5873900.883],[32577924.768,5873872.4832],[32577909.8855,5873892.6665],[32577894.1423,5873929.9375],[32577879.2035,5873995.6726],[32577867.2535,5874124.1546],[32577852.3142,5874157.0223],[32577816.4589,5874165.9867],[32577792.5551,5874157.0232],[32577768.6512,5874136.1079],[32577727.3966,5874063.8859],[32577667.4375,5874003.9169],[32577649.4717,5873982.9019],[32577649.0406,5873987.7878],[32577641.2726,5874075.8178],[32577640.7736,5874134.7944],[32577647.0219,5874195.2703],[32577658.0185,5874259.2447],[32577672.5141,5874359.2048],[32577680.2621,5874435.6743],[32577678.2637,5874496.6501],[32577668.019,5874581.1167],[32577661.022,5874599.1097],[32577640.0109,5874627.8733],[32577609.5434,5874669.5825],[32577594.0499,5874696.0722],[32577578.3066,5874730.059],[32577566.062,5874772.5423],[32577555.6477,5874863.1126],[32577548.8209,5874922.483],[32577546.8218,5874929.4803],[32577540.3246,5874941.4756],[32577522.8318,5874960.4683],[32577507.0882,5874970.9644],[32577481.6299,5874979.5496],[32577421.1226,5874999.9542],[32577403.6297,5875009.4507],[32577393.6338,5875020.4465],[32577385.8871,5875034.441],[32577383.6381,5875041.9381],[32577382.8886,5875057.9317],[32577384.8879,5875065.9285],[32577389.6361,5875072.4259],[32577397.3831,5875076.924],[32577407.3792,5875079.9226],[32577446.8635,5875079.922],[32577474.1027,5875076.9228],[32577496.0858,5875071.9639],[32577507.3394,5875069.4253],[32577552.5715,5875068.425],[32577720.0053,5875079.4181],[32577802.9725,5875086.414],[32577820.2157,5875088.9128],[32577850.204,5875098.9083],[32577882.4414,5875117.4005],[32577897.9354,5875128.8957],[32577912.18,5875141.3905],[32577934.6714,5875168.3795],[32577954.4141,5875200.8663],[32577974.9065,5875239.3507],[32577990.9007,5875279.3346],[32577995.899,5875298.3269],[32577997.6485,5875314.8204],[32577997.1489,5875331.8136],[32577993.401,5875369.2988],[32577983.1558,5875422.7777],[32577974.4096,5875447.2681],[32577959.9156,5875467.2604],[32577926.794,5875504.0632],[32577901.4397,5875532.2355],[32577878.6991,5875560.7245],[32577828.9697,5875629.6979],[32577796.7332,5875678.1791],[32577777.2414,5875715.1648],[32577757.9997,5875764.1456],[32577745.0055,5875806.1291],[32577737.759,5875852.6108],[32577737.5094,5875877.1011],[32577745.5071,5875935.0779],[32577760.7519,5876002.0511],[32577776.1474,5876058.8929],[32577796.4896,5876133.9982],[32577821.2315,5876259.448],[32577804.4886,5876290.4359],[32577793.2435,5876320.924],[32577784.7474,5876356.9098],[32577782.7484,5876375.9023],[32577782.9994,5876456.3704],[32577785.6657,5876509.3489],[32577790.9985,5876615.3071],[32577789.4995,5876647.7942],[32577784.7518,5876678.782],[32577776.2557,5876711.769],[32577762.7615,5876749.2544],[32577752.2659,5876768.247],[32577726.2768,5876804.7329],[32577699.038,5876835.721],[32577657.7693,5876874.5632],[32577639.5623,5876891.6997],[32577632.3154,5876903.1952],[32577631.8156,5876909.6927],[32577633.0652,5876915.1905],[32577639.5628,5876923.1872],[32577650.0587,5876928.185],[32577668.0516,5876931.6834],[32577673.2995,5876933.6825],[32577677.7978,5876937.6808],[32577684.5453,5876950.1758],[32577690.543,5876968.1679],[32577694.5418,5876980.1637],[32577701.789,5876988.6602],[32577706.7871,5876990.6594],[32577717.5328,5876990.6592],[32577727.7787,5876987.1604],[32577732.0664,5876984.6299],[32577743.0225,5876978.1638],[32577750.5195,5876977.6639],[32577758.5164,5876981.1623],[32577771.1599,5876992.3509],[32577786.7556,5877006.152],[32577798.7509,5877011.6496],[32577812.7454,5877013.1488],[32577818.743,5877011.6493],[32577827.7393,5877004.652],[32577832.7372,5876993.6563],[32577834.4863,5876981.1612]],[[32583154.9564,5882905.2302],[32583117.7214,5882925.7226],[32583105.2265,5882930.7208],[32583081.2361,5882935.2194],[32583035.754,5882928.2228],[32582904.3057,5882892.7389],[32582870.8189,5882885.2423],[32582861.8225,5882884.7427],[32582847.3283,5882887.7417],[32582834.0837,5882896.7383],[32582828.336,5882902.736],[32582819.0899,5882919.7294],[32582813.3425,5882941.7208],[32582793.1681,5883047.0366],[32582778.1091,5883125.6483],[32582774.6915,5883147.4215],[32582771.3623,5883168.6313],[32582769.3636,5883206.1165],[32582772.6127,5883232.6059],[32582776.3614,5883246.6003],[32582787.8573,5883275.5886],[32582795.8543,5883289.5829],[32582816.0966,5883316.0721],[32582842.0866,5883339.5624],[32582856.8309,5883350.058],[32582887.0692,5883367.5506],[32582918.057,5883380.545],[32582948.545,5883388.0416],[32582963.2892,5883389.041],[32582992.2777,5883388.0409],[32583006.7719,5883385.5417],[32583034.5107,5883376.5449],[32583059.2507,5883362.5501],[32583070.2462,5883352.5539],[32583081.2416,5883337.5596],[32583092.9867,5883315.0684],[32583116.9763,5883256.5913],[32583154.7098,5883144.1353],[32583171.4526,5883105.6504],[32583184.4471,5883082.6593],[32583197.9415,5883066.1657],[32583212.9355,5883057.6688],[32583221.1822,5883056.1693],[32583230.1786,5883055.6693],[32583248.4214,5883058.1681],[32583275.9106,5883068.1637],[32583310.6471,5883086.156],[32583331.7071,5883098.9041],[32583335.5453,5883101.2274],[32583394.8643,5883137.1345],[32583414.3567,5883145.6309],[32583431.5999,5883149.1292],[32583448.843,5883147.1298],[32583477.0817,5883139.6323],[32583513.0281,5883122.0804],[32583530.3102,5883113.6419],[32583567.0455,5883100.1467],[32583603.5309,5883093.6487],[32583612.5273,5883093.1488],[32583625.2723,5883095.1478],[32583633.769,5883100.6455],[32583646.764,5883117.1387],[32583664.6489,5883152.6588],[32583682.7507,5883188.6098],[32583694.2464,5883202.6041],[32583708.7407,5883211.6003],[32583725.984,5883216.0983],[32583757.2216,5883216.0978],[32583774.2147,5883210.5997],[32583787.7092,5883199.1041],[32583793.7067,5883191.1072],[32583805.2019,5883169.6155],[32583809.6999,5883157.1204],[32583811.6989,5883144.1256],[32583811.6987,5883130.6309],[32583807.7,5883104.1415],[32583795.4542,5883055.6609],[32583786.7073,5883030.1712],[32583779.6632,5883013.681],[32583754.469,5882954.7016],[32583747.4714,5882926.213],[32583742.9728,5882896.7248],[32583742.7383,5882894.1929],[32583773.8499,5882812.2622],[32583827.2582,5882758.8524],[32583876.0344,5882727.4953],[32583914.3587,5882713.5586],[32583977.0713,5882710.0736],[32584050.2361,5882699.6204],[32584064.1719,5882668.2638],[32584050.235,5882619.4874],[32583997.9738,5882577.6796],[32583959.649,5882553.2919],[32583847.2632,5882509.1422],[32583880.6625,5882492.8831],[32583899.9047,5882480.8875],[32583907.6516,5882474.8898],[32583919.3967,5882460.3954],[32583927.1434,5882442.9022],[32583931.1415,5882423.4099],[32583931.3911,5882401.9184],[32583925.3932,5882379.9272],[32583913.8975,5882358.436],[32583891.1561,5882328.948],[32583869.4144,5882306.4573],[32583855.6697,5882297.9608],[32583840.6757,5882295.462],[32583821.1835,5882299.9605],[32583784.4483,5882314.9551],[32583763.5389,5882326.7645],[32583749.9735,5882269.1157],[32583747.2387,5882211.7016],[32583722.6319,5882157.0218],[32583687.0896,5882140.6183],[32583643.3454,5882135.1509],[32583572.2611,5882129.6839],[32583492.9749,5882132.4191],[32583438.2951,5882151.558],[32583402.7532,5882173.4306],[32583350.8074,5882195.3034],[32583274.2558,5882236.3147],[32583238.7141,5882266.3893],[32583227.7784,5882290.9955],[32583227.7788,5882321.0696],[32583238.7152,5882348.4095],[32583274.2579,5882392.1531],[32583326.2049,5882449.5665],[32583361.7473,5882474.1721],[32583389.0873,5882471.4376],[32583405.4913,5882463.2353],[32583432.8306,5882405.8208],[32583435.5642,5882375.7467],[32583451.9677,5882340.2043],[32583468.3714,5882312.864],[32583509.381,5882280.0553],[32583542.1888,5882258.1828],[32583572.2628,5882249.9803],[32583591.401,5882266.3841],[32583613.2735,5882290.9898],[32583665.2206,5882356.6052],[32583739.6238,5882377.8621],[32583738.7179,5882419.4144],[32583743.4664,5882451.4016],[32583751.9634,5882478.8905],[32583761.2316,5882490.8277],[32583762.9906,5882493.0932],[32583769.9589,5882502.0681],[32583729.7018,5882528.907],[32583722.734,5882549.8114],[32583733.1865,5882577.6836],[32583754.0912,5882609.0396],[32583771.5116,5882626.4596],[32583774.9961,5882654.3319],[32583774.9964,5882678.7202],[32583764.5446,5882699.6246],[32583747.1244,5882706.593],[32583705.3159,5882706.5936],[32583663.5071,5882682.2059],[32583625.1822,5882654.3341],[32583586.8572,5882619.4943],[32583569.4367,5882598.5903],[32583545.0483,5882591.6226],[32583499.7558,5882595.1072],[32583464.9157,5882619.4961],[32583447.4958,5882636.9166],[32583440.5284,5882685.6933],[32583447.4976,5882765.8262],[32583447.4982,5882812.261],[32583446.2044,5882810.6571],[32583424.6864,5882783.9809],[32583422.3434,5882781.0762],[32583409.6033,5882765.282],[32583398.3573,5882726.2976],[32583385.362,5882695.8099],[32583379.8641,5882688.8128],[32583363.6203,5882674.3187],[32583341.8788,5882660.3246],[32583301.6445,5882641.8326],[32583260.9105,5882630.3377],[32583237.6697,5882627.8391],[32583227.4238,5882628.339],[32583210.1807,5882631.8379],[32583191.4382,5882640.8346],[32583155.9526,5882662.3266],[32583122.9661,5882687.3172],[32583115.2193,5882696.3137],[32583109.7216,5882706.3098],[32583104.474,5882729.8006],[32583105.9739,5882768.2853],[32583110.9723,5882795.7743],[32583124.4675,5882834.7586],[32583154.9564,5882905.2302]],[[32585484.4764,5878928.2742],[32585470.7315,5878903.2844],[32585454.7375,5878879.2941],[32585433.9954,5878854.3044],[32585420.7505,5878843.8087],[32585388.5131,5878828.3154],[32585357.2754,5878820.319],[32585338.4822,5878817.5497],[32585333.5348,5878816.8207],[32585381.0149,5878746.8478],[32585396.3424,5878720.1904],[32585409.7528,5878696.8672],[32585438.241,5878656.8827],[32585474.1764,5878620.2746],[32585491.719,5878602.4035],[32585536.4274,5878551.1509],[32585553.1936,5878531.9306],[32585582.4316,5878502.4418],[32585610.9199,5878478.4509],[32585625.9748,5878469.7346],[32585648.9046,5878456.4591],[32585657.651,5878446.9627],[32585660.3998,5878441.9647],[32585663.1485,5878429.9694],[32585662.6486,5878422.9722],[32585659.8996,5878415.4752],[32585649.1537,5878398.9819],[32585633.6596,5878383.9881],[32585625.1629,5878377.9906],[32585597.4237,5878364.4964],[32585560.1884,5878354.0011],[32585517.7052,5878348.5039],[32585487.7171,5878350.0038],[32585456.2297,5878355.5021],[32585408.4988,5878369.4972],[32585377.2614,5878381.4929],[32585343.7749,5878399.4863],[32585308.0394,5878422.4777],[32585271.3044,5878449.4675],[32585234.0696,5878480.4558],[32585169.596,5878540.4329],[32585125.3642,5878585.4157],[32585094.4599,5878619.7006],[32584935.6924,5878795.835],[32584917.4497,5878795.8353],[32584898.2074,5878799.834],[32584886.9619,5878803.8326],[32584863.7213,5878818.827],[32584844.2294,5878841.8182],[32584831.2349,5878869.3074],[32584827.4866,5878883.3019],[32584825.9874,5878896.7966],[32584826.7372,5878909.2916],[32584829.9861,5878920.787],[32584835.4841,5878931.7826],[32584851.2281,5878949.2754],[32584860.9743,5878956.2725],[32584871.2203,5878962.2699],[32584891.7123,5878970.2664],[32584923.9496,5878974.2644],[32585016.4694,5878971.0657],[32585039.6536,5878970.2642],[32585047.6504,5878971.2637],[32585063.1443,5878977.2611],[32585071.3911,5878983.2586],[32585088.6346,5879003.2504],[32585110.6264,5879041.7348],[32585116.7913,5879055.0638],[32585119.873,5879061.7267],[32585123.8716,5879075.2213],[32585129.8694,5879088.2161],[32585147.6127,5879112.7061],[32585159.3582,5879123.7015],[32585187.3473,5879143.6932],[32585214.1602,5879156.9936],[32585250.8226,5879175.1797],[32585286.5587,5879196.6707],[32585300.5533,5879209.1655],[32585327.2932,5879251.1484],[32585340.7881,5879267.6417],[32585348.0353,5879274.139],[32585368.2775,5879286.6337],[32585439.7495,5879319.6195],[32585463.9901,5879333.1138],[32585483.7325,5879349.1072],[32585525.2167,5879400.0863],[32585553.206,5879427.575],[32585575.6973,5879442.5687],[32585586.693,5879447.5665],[32585596.9389,5879449.5656],[32585606.6851,5879448.5658],[32585615.4315,5879445.5669],[32585631.1751,5879434.0712],[32585643.42,5879416.578],[32585652.1663,5879395.5862],[32585656.4143,5879373.0951],[32585656.9139,5879361.5996],[32585655.7104,5879321.5001],[32585655.4138,5879311.6195],[32585656.663,5879285.6298],[32585663.6598,5879257.141],[32585674.1553,5879235.6494],[32585681.4023,5879225.1534],[32585699.145,5879208.1599],[32585728.772,5879188.5867],[32585754.3726,5879171.6736],[32585765.1182,5879160.6778],[32585771.6154,5879148.6824],[32585776.6131,5879125.6915],[32585775.8633,5879116.1953],[32585772.3645,5879107.1989],[32585759.6194,5879091.2054],[32585740.1269,5879074.7123],[32585742.8609,5879070.2437],[32585763.3671,5879036.727],[32585766.6158,5879032.7285],[32585777.8612,5879025.7311],[32585817.3239,5879006.852],[32585827.0297,5879002.2087],[32585864.5762,5878984.2463],[32585887.5497,5878978.7046],[32585914.3063,5878972.2503],[32585925.052,5878967.752],[32585943.0447,5878955.7564],[32585956.0393,5878940.7622],[32585964.2858,5878925.2682],[32585966.035,5878918.271],[32585967.5342,5878903.2769],[32585965.7847,5878887.2833],[32585963.7854,5878879.7863],[32585956.2882,5878866.7916],[32585943.0433,5878858.2951],[32585920.5522,5878851.2983],[32585893.063,5878846.3006],[32585865.8238,5878845.3015],[32585802.5991,5878857.2976],[32585768.6127,5878867.794],[32585761.1158,5878871.7925],[32585748.7212,5878881.1101],[32585730.3724,5878894.9037],[32585688.6453,5878926.272],[32585666.9934,5878940.9148],[32585653.9094,5878949.7632],[32585635.417,5878967.2565],[32585611.177,5878997.7448],[32585571.1925,5878966.2579],[32585531.9577,5878940.2688],[32585502.969,5878928.7738],[32585491.2237,5878927.2745],[32585484.4764,5878928.2742]],[[32584653.5618,5879325.1291],[32584609.5791,5879315.1338],[32584554.101,5879306.1382],[32584444.3945,5879305.1402],[32584408.1589,5879303.1415],[32584358.1786,5879294.6457],[32584325.8053,5879285.6241],[32584297.2026,5879277.6533],[32584274.2117,5879275.1546],[32584225.5678,5879274.1558],[32584201.2406,5879273.6563],[32584166.0045,5879268.159],[32584113.7751,5879254.6652],[32584082.5378,5879278.1563],[32584050.551,5879309.1445],[32584036.3068,5879325.1384],[32584014.8158,5879354.627],[32583997.3232,5879387.6141],[32583960.5884,5879433.0966],[32583974.0832,5879445.5915],[32583994.5753,5879460.5852],[32584019.3156,5879473.0799],[32584032.0606,5879476.0785],[32584045.0555,5879476.5781],[32584057.8004,5879474.5787],[32584083.0402,5879465.0821],[32584095.2853,5879458.0847],[32584118.5258,5879441.0911],[32584152.0121,5879412.6019],[32584178.0015,5879394.6087],[32584204.4908,5879380.6138],[32584229.4808,5879372.6166],[32584253.2213,5879369.1177],[32584279.9607,5879368.1177],[32584312.1979,5879370.1164],[32584352.9318,5879376.6132],[32584373.9236,5879381.6109],[32584392.1664,5879387.6082],[32584421.1551,5879402.6019],[32584443.6464,5879420.5944],[32584453.3927,5879431.5899],[32584471.8857,5879454.5805],[32584499.6252,5879493.5646],[32584507.1223,5879501.0615],[32584525.8651,5879512.5566],[32584548.6061,5879519.5535],[32584560.6014,5879521.0527],[32584586.0913,5879522.052],[32584604.6581,5879519.7063],[32584595.4006,5879575.2558],[32584569.2908,5879607.894],[32584520.3342,5879617.6861],[32584494.2241,5879630.7416],[32584474.6417,5879653.5884],[32584471.3781,5879669.9074],[32584471.3784,5879689.4901],[32584474.6424,5879702.5452],[32584504.0164,5879702.5448],[32584559.5008,5879702.544],[32584618.249,5879712.3344],[32584637.8322,5879744.9719],[32584657.4157,5879803.7198],[32584660.6802,5879855.9403],[32584667.2081,5879878.7866],[32584680.2633,5879885.3141],[32584712.9012,5879888.5773],[32584729.22,5879882.0495],[32584742.2748,5879852.6753],[32584748.8019,5879823.3011],[32584758.593,5879803.7183],[32584771.6478,5879777.6078],[32584807.5491,5879751.497],[32584856.5058,5879751.4963],[32584911.9902,5879758.023],[32584960.9471,5879761.286],[32585029.4864,5879758.0212],[32585075.1791,5879731.9103],[32585130.6627,5879686.2164],[32585156.7722,5879627.4679],[32585173.0903,5879562.192],[32585168.4724,5879520.6373],[32585184.3539,5879533.0386],[32585219.8401,5879553.53],[32585270.5703,5879575.5205],[32585307.0559,5879586.5156],[32585331.2963,5879589.0142],[32585345.5407,5879588.5142],[32585380.0269,5879584.5153],[32585397.0201,5879580.5166],[32585427.008,5879566.5217],[32585439.5029,5879557.5251],[32585449.9986,5879546.5293],[32585457.9953,5879534.5339],[32585463.7428,5879521.0392],[32585465.4919,5879507.5446],[32585463.2427,5879495.5493],[32585457.4948,5879485.0536],[32585448.2483,5879475.0577],[32585421.5087,5879458.5647],[32585386.5224,5879445.0705],[32585366.5303,5879439.0732],[32585301.306,5879425.0798],[32585260.3222,5879421.5818],[32585227.8351,5879424.0812],[32585200.5961,5879432.5783],[32585187.1015,5879438.5761],[32585164.075,5879453.6074],[32585127.3949,5879392.4759],[32585078.4374,5879336.9923],[32585032.7444,5879333.7292],[32584956.4015,5879364.2677],[32584956.6916,5879338.1194],[32584949.1942,5879309.6309],[32584944.9458,5879302.1339],[32584933.4502,5879291.1384],[32584918.2061,5879285.141],[32584889.7174,5879285.1415],[32584855.4243,5879290.6046],[32584827.6902,5879295.0229],[32584748.5238,5879307.6347],[32584716.7865,5879310.6339],[32584653.5618,5879325.1291]],[[32574375.6609,5880848.1782],[32574395.4031,5880848.1779],[32574415.1453,5880850.6766],[32574433.8879,5880855.6743],[32574508.8587,5880890.1595],[32574564.5868,5880901.6541],[32574590.3266,5880904.1527],[32574635.8086,5880904.6518],[32574669.5452,5880903.1519],[32574696.5344,5880899.6529],[32574711.0286,5880895.1544],[32574722.524,5880887.6572],[32574731.7702,5880878.1609],[32574737.2678,5880865.6658],[32574736.7678,5880850.6717],[32574733.2691,5880845.174],[32574728.0211,5880841.1756],[32574712.2773,5880836.1778],[32574702.5312,5880835.6782],[32574667.795,5880838.6775],[32574621.3134,5880838.6782],[32574605.8195,5880837.1791],[32574579.5798,5880830.682],[32574570.3334,5880826.184],[32574563.3361,5880820.1864],[32574552.3403,5880805.1926],[32574549.3413,5880797.1958],[32574548.5915,5880788.6992],[32574550.3407,5880780.7023],[32574555.3386,5880773.2052],[32574563.8352,5880766.7077],[32574575.0806,5880761.2097],[32574602.0699,5880756.2113],[32574645.3027,5880751.7124],[32574669.543,5880744.7148],[32574688.7852,5880733.7189],[32574715.2462,5880715.7725],[32574761.0059,5880684.7372],[32574805.2381,5880663.7449],[32574832.9769,5880647.7508],[32574844.4722,5880637.2548],[32574853.7183,5880624.2599],[32574893.7015,5880554.7868],[32574918.941,5880522.2994],[32574932.4355,5880510.3039],[32574946.18,5880501.8071],[32574961.174,5880497.8084],[32574993.4112,5880498.8076],[32575009.9047,5880502.8057],[32575039.893,5880515.3003],[32575061.8845,5880529.7942],[32575080.6273,5880549.786],[32575095.3463,5880568.6981],[32575125.3604,5880607.2625],[32575136.856,5880619.7574],[32575151.7054,5880632.9902],[32575210.3278,5880685.2303],[32575244.3148,5880718.2166],[32575271.0194,5880746.4913],[32575291.047,5880767.6963],[32575313.7882,5880786.1886],[32575335.5297,5880795.6845],[32575345.2759,5880795.6844],[32575354.0224,5880791.6858],[32575360.7696,5880785.1883],[32575365.2677,5880776.6916],[32575368.5161,5880758.1989],[32575367.2665,5880747.7031],[32575359.7692,5880727.2113],[32575346.2742,5880706.2199],[32575326.2818,5880682.2297],[32575294.3268,5880647.3465],[32575266.3047,5880616.7566],[32575235.5662,5880568.7761],[32575212.7906,5880527.9932],[32575192.5822,5880491.8073],[32575183.5856,5880480.8118],[32575161.8439,5880460.8201],[32575138.353,5880444.8268],[32575118.1109,5880434.8311],[32575094.3702,5880431.3328],[32575062.6328,5880432.8327],[32575004.6559,5880439.331],[32574965.9212,5880436.3328],[32574934.9334,5880429.8358],[32574892.2002,5880417.3414],[32574835.2224,5880392.852],[32574809.7324,5880386.355],[32574800.2362,5880387.3547],[32574794.2387,5880392.8526],[32574778.7452,5880422.841],[32574771.4982,5880433.8367],[32574762.2521,5880444.3327],[32574751.2565,5880453.3293],[32574737.762,5880461.3263],[32574721.5185,5880466.8244],[32574699.0275,5880470.3233],[32574634.803,5880474.8225],[32574471.3678,5880476.8242],[32574397.647,5880473.3267],[32574258.7019,5880461.3335],[32574219.4346,5880459.4917],[32574197.6555,5880458.4701],[32574173.4856,5880457.3364],[32574130.7525,5880456.8373],[32573957.422,5880461.3381],[32573841.8671,5880464.3386],[32573804.1321,5880467.8378],[32573717.0538,5880485.8731],[32573669.1766,5880495.7893],[32573635.1995,5880502.8265],[32573609.9596,5880507.3251],[32573572.7244,5880511.324],[32573428.7816,5880518.8232],[32573345.8144,5880516.8253],[32573324.424,5880517.8996],[32573286.0881,5880519.825],[32573230.3602,5880514.328],[32573213.8668,5880519.8261],[32573189.8763,5880524.8244],[32573161.8874,5880525.3247],[32573134.3983,5880518.8277],[32573080.3512,5880497.8433],[32573066.1749,5880492.3392],[32573049.4315,5880488.341],[32573042.4343,5880488.3411],[32573023.4419,5880493.3394],[32573005.6991,5880504.3353],[32572991.4549,5880518.33],[32572984.208,5880536.323],[32572977.711,5880565.3116],[32572971.9635,5880578.3065],[32572965.2163,5880590.3018],[32572954.7508,5880602.998],[32572949.9726,5880608.7947],[32572941.4761,5880621.7897],[32572936.9781,5880635.2844],[32572937.478,5880641.282],[32572940.4769,5880646.28],[32572946.2247,5880650.2783],[32572971.0078,5880657.9572],[32572981.7107,5880661.2734],[32572990.2074,5880665.7715],[32572997.2048,5880672.2688],[32573002.2029,5880680.7653],[32573005.2018,5880689.7617],[32573006.7014,5880698.2583],[32573006.2018,5880713.2524],[32573003.203,5880726.2479],[32572989.7093,5880784.7242],[32572984.4621,5880834.7045],[32572985.7121,5880869.1908],[32572993.6236,5880938.6275],[32572994.7096,5880948.1593],[32573009.9535,5880947.1594],[32573028.696,5880939.1623],[32573037.4424,5880931.1654],[32573044.4395,5880919.6698],[32573048.6876,5880904.1759],[32573050.9364,5880884.6836],[32573058.9319,5880786.7224],[32573066.1782,5880727.7457],[32573076.4238,5880700.7563],[32573084.9202,5880687.2615],[32573108.4105,5880660.7717],[32573123.1545,5880648.2764],[32573139.8977,5880636.2809],[32573158.89,5880625.285],[32573199.8735,5880605.7921],[32573221.3649,5880597.2952],[32573264.0977,5880582.3005],[32573285.3392,5880576.8024],[32573325.0734,5880570.3043],[32573402.2927,5880566.8046],[32573495.5058,5880566.8032],[32573538.8192,5880568.6916],[32573575.7241,5880570.3006],[32573645.1965,5880568.3003],[32573745.6116,5880561.4706],[32573770.1469,5880559.8018],[32573790.8272,5880559.3017],[32573852.864,5880557.8014],[32573963.3202,5880552.3019],[32574026.3704,5880545.149],[32574047.0369,5880542.8044],[32574089.52,5880540.8045],[32574155.9937,5880542.3029],[32574313.1815,5880551.7968],[32574359.4133,5880556.2943],[32574435.3832,5880556.2932],[32574489.3617,5880552.7937],[32574510.8532,5880549.7946],[32574536.8428,5880542.2972],[32574565.3314,5880536.2991],[32574667.038,5880521.9601],[32574678.7862,5880520.3038],[32574699.2781,5880519.8037],[32574709.0242,5880521.8027],[32574718.5205,5880526.3008],[32574728.0169,5880532.7981],[32574753.0073,5880557.288],[32574764.503,5880572.7816],[32574768.2516,5880580.2786],[32574771.0007,5880593.2734],[32574770.5011,5880610.7665],[32574768.0022,5880616.2643],[32574762.5044,5880622.262],[32574738.0143,5880635.2572],[32574708.8424,5880646.1662],[32574649.7997,5880668.2455],[32574432.637,5880754.2146],[32574404.3983,5880761.7121],[32574372.4111,5880767.7102],[32574310.6585,5880773.5307],[32574276.949,5880776.708],[32574236.7151,5880789.2037],[32574195.2318,5880807.697],[32574088.2751,5880869.674],[32574009.557,5880920.1551],[32573905.9541,5880995.2424],[32573866.1153,5881024.116],[32573727.6715,5881119.0804],[32573710.6784,5881136.5737],[32573705.1807,5881145.0704],[32573701.9322,5881154.0669],[32573700.9327,5881163.5631],[32573704.9314,5881182.5555],[32573713.4282,5881195.5502],[32573724.4239,5881201.5477],[32573730.9213,5881202.0474],[32573745.1656,5881196.5493],[32573831.3349,5881143.1862],[32573844.247,5881135.19],[32573915.5104,5881091.0579],[32574022.8032,5881024.6134],[32574047.5431,5881005.1208],[32574066.902,5880987.5354],[32574110.2675,5880948.1425],[32574137.7563,5880929.1496],[32574194.2335,5880900.1603],[32574229.5494,5880884.2746],[32574232.4181,5880882.9842],[32574256.4585,5880872.1704],[32574278.4497,5880865.1729],[32574341.9797,5880853.1473],[32574357.668,5880850.1776],[32574375.6609,5880848.1782]],[[32577224.0979,5885585.7533],[32577215.0819,5885740.3498],[32577213.6046,5885765.6819],[32577209.8564,5885790.6721],[32577203.6092,5885813.663],[32577177.6204,5885880.6368],[32577161.1277,5885930.6172],[32577140.887,5886026.5794],[32577114.4617,5886141.1033],[32577110.6509,5886159.527],[32577109.6515,5886174.0212],[32577115.3997,5886208.0076],[32577121.3975,5886226.0004],[32577138.1414,5886258.987],[32577147.8877,5886271.9817],[32577157.8839,5886281.9776],[32577169.3794,5886288.4748],[32577182.1244,5886292.4731],[32577210.863,5886294.9716],[32577240.3513,5886291.9724],[32577261.5896,5886287.7687],[32577288.3322,5886282.4754],[32577308.1462,5886281.4755],[32577336.0448,5886280.0677],[32577347.3087,5886277.4765],[32577372.2987,5886266.9803],[32577386.7928,5886258.4835],[32577418.0301,5886234.9923],[32577450.017,5886203.5044],[32577464.511,5886185.0115],[32577474.6782,5886168.4891],[32577486.2518,5886145.027],[32577500.7455,5886104.5429],[32577509.7414,5886067.5575],[32577514.9889,5886036.0699],[32577514.9884,5886002.0834],[32577511.489,5885943.1069],[32577511.4885,5885908.8693],[32577511.4878,5885856.1415],[32577509.4883,5885839.1483],[32577501.2411,5885806.1615],[32577469.2526,5885718.6967],[32577449.5098,5885672.2155],[32577428.5175,5885630.2325],[32577404.7764,5885593.2476],[32577376.5371,5885561.2607],[32577359.2938,5885548.2661],[32577323.5577,5885526.7752],[32577287.1658,5885511.2428],[32577282.5737,5885509.2828],[32577262.0811,5885459.303],[32577255.5835,5885446.808],[32577239.0897,5885424.3172],[32577211.3504,5885400.827],[32577176.114,5885377.3369],[32577120.6356,5885348.3492],[32577104.8918,5885343.3514],[32577092.3967,5885341.8522],[32577082.4007,5885343.8516],[32577075.1536,5885348.3499],[32577069.6559,5885354.8474],[32577065.6576,5885362.8443],[32577062.8823,5885371.9533],[32577055.9119,5885394.8317],[32577047.4154,5885403.3285],[32577042.1675,5885406.3274],[32577030.6721,5885408.8265],[32577021.9254,5885409.3264],[32577004.4325,5885410.3263],[32576992.6872,5885414.8247],[32576988.439,5885418.8232],[32576985.6902,5885424.8209],[32576984.9406,5885432.3179],[32576986.1902,5885440.8145],[32576992.4379,5885457.8077],[32577003.4338,5885474.8007],[32577015.4311,5885489.597],[32577033.4225,5885511.7856],[32577040.1699,5885522.2813],[32577050.1663,5885544.7722],[32577053.6651,5885556.2676],[32577056.9141,5885577.2592],[32577053.197,5885608.1732],[32577052.1665,5885616.7436],[32577052.6664,5885622.7412],[32577058.1644,5885634.7363],[32577064.412,5885640.7339],[32577072.4089,5885645.7318],[32577090.9016,5885650.7295],[32577111.3935,5885649.2298],[32577121.3895,5885646.2308],[32577131.3854,5885641.2326],[32577146.4695,5885630.7803],[32577163.1225,5885619.2409],[32577224.0979,5885585.7533]],[[32588368.1701,5882613.3055],[32588398.1518,5882559.3367],[32588446.1225,5882481.3817],[32588500.0907,5882475.3844],[32588548.0628,5882505.366],[32588590.0386,5882529.3515],[32588620.0211,5882535.3475],[32588632.0142,5882529.3508],[32588620.0203,5882475.3826],[32588596.0336,5882421.4146],[32588578.0439,5882385.436],[32588500.0893,5882373.4441],[32588392.153,5882397.4318],[32588326.192,5882415.4222],[32588290.2134,5882445.4051],[32588242.2414,5882445.4059],[32588176.2797,5882409.428],[32588140.3004,5882379.4461],[32588092.3284,5882355.4609],[32588050.353,5882373.4509],[32588026.3676,5882409.4303],[32588014.375,5882445.4093],[32588032.3654,5882511.3704],[32588032.3657,5882535.3563],[32588014.3765,5882559.3425],[32587996.3871,5882565.3393],[32587936.4224,5882565.3402],[32587894.4469,5882553.3479],[32587846.4752,5882553.3486],[32587804.4998,5882553.3492],[32587780.5138,5882559.346],[32587780.5143,5882601.3214],[32587804.5017,5882691.2683],[32587834.4847,5882733.2432],[32587858.4712,5882775.2183],[32587864.4686,5882853.1725],[32587866.1822,5882856.5995],[32587876.4629,5882949.116],[32587906.4459,5882991.0909],[32587942.4254,5883009.08],[32587954.4182,5883015.0762],[32588002.3904,5883033.0649],[32588038.3692,5883033.0643],[32588080.3436,5882961.1059],[32588134.3112,5882907.1367],[32588206.2681,5882859.1638],[32588284.2222,5882817.1872],[32588314.204,5882787.2043],[32588338.1892,5882745.2286],[32588344.1849,5882679.2672],[32588368.1701,5882613.3055]],[[32584394.8459,5881224.413],[32584447.4155,5881189.3649],[32584461.6649,5881269.8599],[32584471.4116,5881309.8439],[32584481.658,5881343.3305],[32584488.6555,5881363.8222],[32584496.9024,5881381.3152],[32584510.3973,5881399.3078],[32584519.1439,5881405.3053],[32584523.1423,5881403.8058],[32584526.8907,5881395.809],[32584539.4848,5881337.0327],[32584545.6321,5881308.3434],[32584549.8803,5881298.3473],[32584563.6245,5881275.856],[32584592.5325,5881237.1946],[32584605.1072,5881220.3774],[32584611.3546,5881209.8815],[32584622.3499,5881180.8929],[32584630.5961,5881147.406],[32584635.3438,5881115.4187],[32584635.0935,5881088.4294],[32584622.8475,5881027.9536],[32584608.9203,5880975.2127],[32584600.8551,5880943.9872],[32584602.3542,5880922.9955],[32584607.6521,5880901.1696],[32584610.8503,5880883.0113],[32584610.6003,5880873.5151],[32584608.1011,5880865.5183],[32584602.6033,5880860.5203],[32584587.3593,5880858.0216],[32584578.3629,5880859.5211],[32584561.9145,5880865.5021],[32584529.0728,5880821.7136],[32584500.8132,5880821.714],[32584444.2944,5880821.7149],[32584349.167,5880863.9951],[32584342.2066,5880856.026],[32584321.4646,5880840.5325],[32584256.49,5880810.0455],[32584236.4978,5880802.5488],[32584216.5056,5880795.0521],[32584197.5131,5880789.5546],[32584147.5328,5880778.0599],[32584119.7938,5880775.0615],[32584097.3027,5880776.5612],[32584088.3063,5880779.5602],[32584070.0637,5880790.5561],[32584051.0715,5880808.0494],[32584042.8249,5880819.545],[32584036.5776,5880832.5399],[32584032.3295,5880847.534],[32584031.0802,5880864.5273],[32584032.33,5880882.0203],[32584040.3272,5880914.5073],[32584053.5724,5880942.496],[32584061.8193,5880953.9913],[32584080.5621,5880971.4841],[32584091.058,5880976.4819],[32584102.0536,5880978.481],[32584113.799,5880978.4808],[32584167.7774,5880966.9846],[32584185.5203,5880966.4845],[32584194.5168,5880968.4836],[32584213.2594,5880975.9803],[32584222.5059,5880982.4776],[32584241.4986,5880999.9704],[32584257.7424,5881017.963],[32584271.2372,5881028.9584],[32584277.9523,5881032.0322],[32584246.7639,5881105.8476],[32584239.4172,5881118.4423],[32584197.0288,5881182.0266],[32584168.7696,5881217.3514],[32584161.7055,5881259.7408],[32584161.706,5881295.0652],[32584189.9655,5881309.1945],[32584211.1604,5881323.3239],[32584239.4206,5881358.6478],[32584267.6801,5881365.7121],[32584274.7452,5881393.9717],[32584274.7455,5881415.1663],[32584232.3566,5881429.2967],[32584211.1621,5881443.4267],[32584168.7732,5881478.7514],[32584175.8388,5881499.946],[32584197.0336,5881528.2053],[32584253.5528,5881542.3342],[32584274.7472,5881542.3339],[32584310.0714,5881507.009],[32584324.1999,5881443.425],[32584338.3292,5881393.9707],[32584366.5883,5881372.7756],[32584373.6528,5881337.4511],[32584366.5872,5881295.0622],[32584366.5867,5881259.7378],[32584394.8459,5881224.413]],[[32573516.7794,5884039.0531],[32573516.7801,5884086.6982],[32573553.1719,5884092.7627],[32573607.7592,5884086.6968],[32573656.2809,5884038.1739],[32573692.6715,5883953.26],[32573692.6708,5883904.7378],[32573680.5396,5883874.4117],[32573644.1475,5883844.0859],[32573607.7554,5883819.8255],[32573595.6248,5883795.5645],[32573565.2981,5883771.304],[32573571.3631,5883740.9778],[32573589.5581,5883698.5207],[32573638.0793,5883643.9325],[32573650.2095,5883601.4757],[32573650.2089,5883559.0186],[32573632.0124,5883534.758],[32573607.7514,5883528.693],[32573571.3605,5883552.9545],[32573541.0348,5883601.4773],[32573510.7088,5883625.7388],[32573480.3827,5883643.9348],[32573450.0563,5883643.9353],[32573389.4033,5883619.6752],[32573346.9462,5883589.3495],[32573316.6198,5883583.2849],[32573292.3589,5883589.3504],[32573268.0982,5883607.5466],[32573286.294,5883656.0682],[32573355.4142,5883752.8329],[32573291.3809,5883743.045],[32573270.0147,5883742.0457],[32573205.9147,5883739.0479],[32573164.0539,5883735.2695],[32573133.9431,5883732.5516],[32573098.2073,5883731.0527],[32573054.6841,5883732.463],[32573036.4818,5883733.0528],[32573002.7451,5883732.5535],[32572986.5015,5883730.5546],[32572962.5096,5883725.2234],[32572946.0175,5883721.5587],[32572916.779,5883719.56],[32572900.2856,5883723.5586],[32572892.0389,5883727.5572],[32572875.7956,5883741.5519],[32572862.5511,5883761.5441],[32572858.3029,5883772.5398],[32572856.054,5883782.5359],[32572856.5539,5883792.5319],[32572860.3025,5883800.5287],[32572868.5494,5883808.0256],[32572898.2879,5883827.5174],[32572973.5086,5883866.5007],[32573000.9979,5883877.9958],[32573015.2423,5883881.4942],[32573047.7294,5883883.9927],[32573086.2141,5883881.9929],[32573165.9324,5883870.9961],[32573185.5886,5883864.8592],[32573217.1619,5883855.0017],[32573232.4058,5883854.5016],[32573253.6474,5883858.4997],[32573265.3929,5883863.9974],[32573275.8888,5883871.994],[32573285.6351,5883881.9899],[32573303.1285,5883907.4795],[32573334.8668,5883965.9558],[32573347.9397,5883998.0765],[32573361.1073,5884030.4298],[32573366.8551,5884039.9259],[32573373.8525,5884047.4228],[32573381.3496,5884051.9209],[32573389.5963,5884053.4202],[32573398.3428,5884052.9203],[32573437.0773,5884039.9248],[32573458.0689,5884035.9261],[32573503.3011,5884040.9235],[32573516.7794,5884039.0531]],[[32583008.6958,5882350.6388],[32583085.6345,5882304.474],[32583120.2567,5882277.5448],[32583151.0321,5882242.9216],[32583166.4194,5882208.2987],[32583154.8783,5882192.911],[32583147.1841,5882169.8293],[32583124.1022,5882162.1358],[32583066.3981,5882189.0654],[32583016.3877,5882200.607],[32582977.918,5882200.6076],[32582943.2951,5882181.3733],[32582908.672,5882158.292],[32582885.5897,5882119.8227],[32582854.8134,5882081.3535],[32582712.4745,5881992.8754],[32582639.3816,5881950.5599],[32582616.2998,5881950.5602],[32582608.606,5881958.2543],[32582608.6064,5881992.8769],[32582635.5369,5882115.9794],[32582639.3845,5882162.143],[32582631.691,5882189.0718],[32582631.6912,5882208.3067],[32582623.9977,5882235.2355],[32582593.2222,5882254.4708],[32582543.2118,5882262.1655],[32582470.119,5882235.2378],[32582416.2608,5882181.3811],[32582393.1786,5882150.6058],[32582412.4123,5882069.8192],[32582447.0343,5882023.6551],[32582481.6566,5881992.8788],[32582497.044,5881958.2559],[32582500.8904,5881915.9392],[32582489.3491,5881889.0106],[32582466.2671,5881877.4701],[32582420.1035,5881873.6238],[32582381.634,5881885.1653],[32582339.3182,5881946.7174],[32582312.3907,5882031.351],[32582293.1568,5882104.4436],[32582285.4635,5882150.6074],[32582285.4643,5882204.4649],[32582281.6177,5882235.2406],[32582289.3121,5882262.1693],[32582323.9351,5882289.0975],[32582381.6397,5882296.7906],[32582439.3445,5882319.8715],[32582481.6612,5882323.7179],[32582527.8251,5882346.799],[32582550.907,5882358.3396],[32582600.9176,5882358.3389],[32582685.5508,5882358.3376],[32582735.5614,5882358.3368],[32582789.4189,5882358.336],[32582812.5007,5882358.3357],[32582839.4292,5882339.1004],[32582877.8987,5882327.5589],[32582897.1335,5882323.7117],[32582912.5214,5882331.4054],[32582927.9096,5882350.64],[32582931.7567,5882366.0278],[32582950.9916,5882369.8745],[32583008.6958,5882350.6388]],[[32567749.292,5881201.1372],[32567758.7882,5881200.1375],[32567801.5214,5881208.6335],[32567841.2557,5881212.6313],[32567861.9974,5881212.1312],[32567877.4912,5881207.1329],[32567883.2389,5881203.1344],[32567887.9869,5881197.6366],[32567890.7357,5881189.6397],[32567889.7358,5881164.6496],[32567881.9884,5881135.1615],[32567870.2427,5881107.1728],[32567856.7478,5881086.1813],[32567832.0072,5881056.1936],[32567814.7638,5881039.7004],[32567798.7699,5881028.705],[32567776.7786,5881023.2075],[32567755.5352,5881019.7089],[32567713.0537,5881012.7126],[32567686.3142,5881005.7158],[32567605.3458,5880968.2319],[32567558.6279,5880944.1707],[32567530.6248,5880929.7483],[32567477.1456,5880900.2608],[32567444.4084,5880885.2672],[32567412.4209,5880875.2716],[32567396.6771,5880872.7729],[32567380.9334,5880872.2733],[32567366.9389,5880874.2727],[32567355.9434,5880878.2713],[32567347.9466,5880884.7688],[32567342.199,5880892.2659],[32567336.9513,5880910.2589],[32567337.9512,5880928.7515],[32567345.6984,5880950.7427],[32567359.1935,5880979.2311],[32567392.1812,5881037.7074],[32567405.9261,5881065.1963],[32567417.1721,5881096.6836],[32567425.9191,5881131.6696],[32567431.6674,5881171.1539],[32567431.4178,5881190.1463],[32567426.6699,5881205.6402],[32567419.738,5881216.6501],[32567407.1779,5881230.6306],[32567384.5547,5881248.0946],[32567350.2011,5881274.614],[32567339.7055,5881288.6086],[32567335.2075,5881303.6027],[32567335.7075,5881320.0961],[32567339.9561,5881336.0897],[32567346.9535,5881351.0837],[32567355.2004,5881365.078],[32567371.1944,5881385.0698],[32567392.4362,5881400.5633],[32567425.4233,5881419.0555],[32567482.9009,5881443.0451],[32567538.1285,5881455.7891],[32567547.8753,5881458.0382],[32567560.0848,5881459.3921],[32567585.8603,5881459.0372],[32567603.3533,5881453.5392],[32567619.8466,5881444.0427],[32567634.5906,5881429.5482],[32567647.3352,5881408.5564],[32567659.3301,5881378.5681],[32567681.4163,5881302.6563],[32567685.0686,5881290.1029],[32567693.5649,5881266.6121],[32567705.5599,5881242.6214],[32567712.8068,5881231.6257],[32567730.2996,5881211.6333],[32567749.292,5881201.1372]],[[32575889.5697,5881484.9024],[32575863.3295,5881439.4209],[32575850.5844,5881425.4267],[32575832.8412,5881413.4317],[32575819.9773,5881407.9965],[32575797.3551,5881398.4382],[32575785.6096,5881389.9417],[32575780.8614,5881383.9442],[32575770.6152,5881360.9535],[32575765.8668,5881343.9603],[32575765.1169,5881326.967],[32575770.6145,5881310.9733],[32575775.6124,5881303.976],[32575788.857,5881294.9794],[32575804.3508,5881290.9807],[32575821.4683,5881289.9809],[32575838.5872,5881288.981],[32575850.8323,5881285.982],[32575914.0569,5881262.4904],[32575956.7898,5881244.4969],[32576002.2714,5881218.0067],[32576035.2579,5881191.0169],[32576052.2509,5881174.5232],[32576084.4876,5881135.5382],[32576106.2285,5881098.5526],[32576113.2255,5881083.0586],[32576123.2211,5881051.0712],[32576117.2229,5881011.5869],[32576106.7266,5880979.1],[32576093.4816,5880961.6071],[32576063.2433,5880936.6175],[32576040.5021,5880923.623],[32576027.0078,5880918.8113],[32576008.2647,5880912.1281],[32575990.0888,5880904.5906],[32575986.1472,5880902.956],[32575933.5439,5880881.1415],[32575871.3183,5880862.6498],[32575806.2867,5880847.3493],[32575794.8484,5880844.6581],[32575779.8544,5880850.1561],[32575764.8605,5880860.6522],[32575759.8626,5880868.1493],[32575758.3633,5880877.1458],[32575761.6121,5880887.6415],[32575767.36,5880898.6371],[32575782.1045,5880921.1279],[32575787.8523,5880925.6261],[32575795.0994,5880928.6248],[32575815.7159,5880931.6329],[32575853.3265,5880937.1205],[32575876.5674,5880945.6168],[32575887.0633,5880951.1144],[32575905.0564,5880965.1086],[32575911.5539,5880973.1053],[32575915.8023,5880981.6019],[32575918.0516,5880990.5983],[32575917.552,5881009.091],[32575915.3031,5881018.5872],[32575909.5251,5881033.6545],[32575895.5616,5881070.0671],[32575892.0632,5881083.5618],[32575888.5649,5881110.5511],[32575889.0649,5881123.0461],[32575891.814,5881134.5415],[32575899.88,5881153.8992],[32575910.5572,5881179.5234],[32575912.3066,5881189.0196],[32575911.3071,5881196.5166],[32575906.0593,5881202.5143],[32575896.0633,5881205.0135],[32575842.8345,5881212.0115],[32575819.8436,5881216.5101],[32575808.5978,5881219.7233],[32575797.1027,5881223.0078],[32575789.3558,5881222.5082],[32575771.6128,5881217.5104],[32575736.193,5881200.7072],[32575717.8837,5881192.0213],[32575702.6397,5881189.5226],[32575694.8928,5881191.0221],[32575686.896,5881194.5208],[32575679.1492,5881200.5186],[32575647.6002,5881240.7446],[32575639.1657,5881251.4989],[32575622.6725,5881269.9918],[32575613.9261,5881276.9892],[32575596.6831,5881285.9859],[32575579.6898,5881290.4843],[32575564.196,5881289.485],[32575551.201,5881283.4875],[32575533.7078,5881271.4926],[32575520.9628,5881265.9949],[32575505.9687,5881261.497],[32575480.9785,5881258.4985],[32575468.9833,5881261.4975],[32575464.985,5881266.4956],[32575462.736,5881273.4929],[32575461.9864,5881284.4885],[32575465.9853,5881315.9759],[32575480.7302,5881368.9547],[32575498.2238,5881409.4383],[32575502.7221,5881416.9353],[32575512.7183,5881424.932],[32575526.213,5881427.9306],[32575534.9595,5881427.9304],[32575571.9012,5881423.9935],[32575595.9352,5881421.4321],[32575608.9301,5881421.4319],[32575621.1752,5881421.4317],[32575632.1709,5881422.9309],[32575649.9139,5881427.9287],[32575655.9116,5881431.927],[32575662.7841,5881439.0492],[32575665.7745,5881442.1482],[32575683.4011,5881460.4153],[32575702.1438,5881471.4106],[32575713.6393,5881472.4101],[32575726.1863,5881468.2605],[32575745.3766,5881461.9138],[32575755.6226,5881465.4122],[32575759.8709,5881469.9104],[32575765.6189,5881485.9039],[32575766.119,5881512.3934],[32575755.4623,5881588.8355],[32575751.6262,5881616.3523],[32575748.8779,5881657.3361],[32575750.1277,5881675.8287],[32575752.8767,5881683.8255],[32575757.375,5881690.8227],[32575763.8725,5881696.8202],[32575773.1188,5881693.3215],[32575787.1131,5881683.825],[32575804.356,5881665.8319],[32575863.8311,5881571.8683],[32575874.0768,5881553.3755],[32575880.8239,5881534.3829],[32575889.5697,5881484.9024]],[[32574621.6706,5884465.6541],[32574526.9912,5884439.5372],[32574399.664,5884429.7448],[32574282.6582,5884441.4471],[32574266.5034,5884385.7749],[32574258.2565,5884369.7814],[32574248.5101,5884356.2869],[32574237.2644,5884345.2914],[32574224.5194,5884336.2952],[32574196.5303,5884322.801],[32574168.0414,5884313.805],[32574158.0454,5884314.8047],[32574150.7983,5884319.3031],[32574145.3006,5884326.3004],[32574134.1627,5884357.0774],[32574126.3089,5884378.7798],[32574121.561,5884394.7735],[32574119.562,5884409.7676],[32574119.8121,5884424.7616],[32574122.3113,5884438.756],[32574130.3085,5884465.7452],[32574135.5574,5884480.1305],[32574143.8037,5884502.7303],[32574157.2987,5884525.2211],[32574163.0465,5884530.7188],[32574184.8433,5884544.6732],[32574193.9839,5884576.6635],[32574239.6912,5884589.722],[32574321.3113,5884599.5151],[32574399.6666,5884615.8379],[32574513.9352,5884668.0728],[32574647.7926,5884723.5723],[32574700.0294,5884736.6307],[32574745.7366,5884736.63],[32574794.7085,5884730.0997],[32574837.1504,5884703.9807],[32574860.0036,5884681.1268],[32574886.1214,5884632.1545],[32574892.6503,5884579.9178],[32574860.0017,5884547.2703],[32574827.3534,5884517.8877],[32574797.9699,5884495.0346],[32574703.2906,5884475.4473],[32574621.6706,5884465.6541]],[[32568295.0834,5881759.4074],[32568309.1073,5881750.1152],[32568335.8169,5881732.4175],[32568347.8121,5881727.4193],[32568375.551,5881720.9215],[32568390.7949,5881719.4219],[32568453.3707,5881717.4217],[32568469.0139,5881716.9217],[32568495.5034,5881714.4223],[32568531.7389,5881708.9239],[32568553.7301,5881703.4258],[32568560.4774,5881698.4277],[32568564.4757,5881692.43],[32568566.2249,5881684.933],[32568564.9752,5881665.9405],[32568558.4773,5881632.4539],[32568553.729,5881622.458],[32568547.2315,5881613.4616],[32568531.9873,5881598.9676],[32568509.496,5881584.4737],[32568497.2507,5881574.4779],[32568481.2567,5881551.987],[32568474.7591,5881535.4937],[32568472.3044,5881518.5353],[32568471.3223,5881511.7508],[32568469.2607,5881497.5088],[32568461.7633,5881466.0214],[32568454.5159,5881447.5289],[32568448.7681,5881439.5322],[32568440.0214,5881431.5355],[32568414.7812,5881415.0424],[32568362.3017,5881393.0519],[32568321.5677,5881382.0569],[32568302.0754,5881379.0584],[32568283.5827,5881378.059],[32568266.3395,5881379.5587],[32568250.3459,5881383.0575],[32568236.1016,5881389.5552],[32568223.6067,5881398.5518],[32568213.111,5881410.0474],[32568204.1148,5881424.042],[32568189.621,5881454.5301],[32568184.3733,5881471.0236],[32568176.8767,5881505.0102],[32568174.3782,5881538.9967],[32568178.627,5881573.9828],[32568189.1233,5881608.4689],[32568215.3638,5881671.4435],[32568219.6123,5881684.4383],[32568221.3618,5881696.9333],[32568221.112,5881707.929],[32568218.863,5881717.925],[32568215.6144,5881726.4217],[32568206.6182,5881739.4167],[32568196.3723,5881745.9142],[32568178.8793,5881749.4131],[32568155.6386,5881750.9129],[32568129.3989,5881748.9141],[32568102.6594,5881742.417],[32568047.6809,5881717.9276],[32568019.192,5881708.4318],[32567987.2047,5881705.4334],[32567913.234,5881703.4353],[32567866.0027,5881705.4352],[32567848.7596,5881708.4343],[32567838.2638,5881713.4325],[32567832.0164,5881719.93],[32567820.0214,5881738.9226],[32567817.2635,5881745.8902],[32567812.2748,5881763.413],[32567811.0255,5881777.4075],[32567812.2752,5881791.4019],[32567816.2738,5881805.8961],[32567823.771,5881818.8908],[32567833.7672,5881828.8867],[32567849.8609,5881838.5036],[32567860.2569,5881842.8807],[32567890.9948,5881848.8779],[32567922.2324,5881849.877],[32567966.5113,5881847.8811],[32568066.4252,5881843.3775],[32568080.6695,5881841.8779],[32568116.4053,5881833.3807],[32568179.1301,5881810.8887],[32568202.1265,5881801.7497],[32568255.8493,5881780.3997],[32568295.0834,5881759.4074]],[[32582329.0592,5884693.5322],[32582251.5898,5884684.0371],[32582211.6057,5884684.0377],[32582175.3702,5884689.5361],[32582159.8764,5884695.0341],[32582147.1316,5884703.0311],[32582137.8854,5884712.5275],[32582131.8879,5884723.5232],[32582129.639,5884734.5189],[32582130.8886,5884745.5145],[32582135.387,5884755.5104],[32582143.6338,5884764.0069],[32582158.1361,5884770.9893],[32582184.118,5884783.4986],[32582213.3567,5884802.9904],[32582240.5962,5884824.9813],[32582270.4264,5884854.7351],[32582293.6957,5885095.1484],[32582282.8335,5885115.3652],[32582276.5862,5885133.3582],[32582272.5881,5885153.8501],[32582271.3389,5885176.841],[32582273.3384,5885198.3324],[32582279.3363,5885215.8254],[32582288.5828,5885229.8197],[32582300.3283,5885240.8151],[32582313.823,5885249.3115],[32582371.5505,5885274.3008],[32582382.7961,5885277.2994],[32582399.7893,5885277.7989],[32582412.0344,5885273.3005],[32582427.0283,5885263.3043],[32582436.0246,5885254.8075],[32582444.2712,5885243.8118],[32582451.0183,5885228.3178],[32582456.274,5885210.6575],[32582463.5127,5885186.3343],[32582471.2594,5885166.3422],[32582481.755,5885150.3484],[32582488.2523,5885144.8505],[32582507.9944,5885136.8533],[32582535.4834,5885132.3547],[32582583.1797,5885130.3548],[32582618.9502,5885128.8549],[32582636.1933,5885124.3564],[32582646.689,5885116.8592],[32582648.9381,5885112.361],[32582649.1879,5885107.363],[32582643.1901,5885094.3682],[32582630.9448,5885080.8738],[32582615.9506,5885069.3786],[32582608.4535,5885065.8801],[32582591.7325,5885062.9903],[32582567.9695,5885058.8834],[32582547.2563,5885052.0536],[32582509.6278,5884976.7991],[32582509.6271,5884921.9276],[32582524.7345,5884902.9461],[32582532.4812,5884887.9519],[32582536.9792,5884871.4584],[32582537.7286,5884854.9649],[32582535.7292,5884838.4715],[32582531.2307,5884822.4779],[32582517.7357,5884792.9899],[32582502.7413,5884769.9992],[32582485.4979,5884750.5072],[32582453.0104,5884725.0178],[32582431.5188,5884714.5223],[32582415.546,5884711.8153],[32582402.0305,5884709.5248],[32582329.0592,5884693.5322]],[[32588334.0354,5874611.9449],[32588313.7934,5874609.946],[32588294.801,5874615.9439],[32588284.8051,5874623.4411],[32588275.0591,5874632.9375],[32588265.8129,5874644.9329],[32588257.5664,5874658.9274],[32588245.5716,5874688.9157],[32588242.8229,5874704.4096],[32588243.5729,5874729.8995],[32588247.0717,5874739.8954],[32588258.8172,5874756.3887],[32588286.8064,5874777.8798],[32588298.8018,5874784.8768],[32588326.0411,5874794.8724],[32588401.5114,5874815.3631],[32588453.741,5874839.8526],[32588512.968,5874873.8382],[32588561.6991,5874908.3238],[32588596.4357,5874935.8124],[32588605.6821,5874944.3088],[32588614.9286,5874952.8053],[32588631.0891,5874970.9561],[32588683.9023,5875030.2735],[32588710.8919,5875057.2624],[32588735.3825,5875078.7535],[32588757.374,5875092.7476],[32588778.1158,5875099.2447],[32588787.862,5875099.7444],[32588805.105,5875095.7457],[32588812.602,5875091.2474],[32588818.0997,5875084.2501],[32588821.0984,5875075.7534],[32588822.0979,5875065.7574],[32588819.0988,5875043.2663],[32588812.6011,5875022.2748],[32588793.608,5874979.7919],[32588774.8648,5874932.3111],[32588767.3674,5874902.8229],[32588766.6175,5874888.8284],[32588772.6147,5874860.8395],[32588784.3597,5874834.3498],[32588797.854,5874813.3579],[32588825.3427,5874781.87],[32588838.3373,5874763.877],[32588842.8353,5874749.8825],[32588843.335,5874742.3854],[32588839.5863,5874726.8916],[32588835.5878,5874719.3947],[32588823.0925,5874706.8998],[32588814.8457,5874701.9019],[32588783.1082,5874691.9064],[32588741.6246,5874685.4096],[32588676.6061,5874678.689],[32588615.9243,5874672.4166],[32588567.9433,5874670.918],[32588536.2059,5874666.4202],[32588428.9981,5874639.4326],[32588346.5305,5874614.9435],[32588334.0354,5874611.9449]],[[32572155.28,5880065.0226],[32572074.3116,5880028.0385],[32572023.8313,5880008.547],[32571921.1216,5879976.0614],[32571875.3895,5879964.5667],[32571858.6461,5879961.0683],[32571838.5289,5879959.5692],[32571826.2496,5879958.6542],[32571818.412,5879958.0701],[32571789.1908,5879951.2316],[32571771.4305,5879947.0752],[32571731.946,5879940.5784],[32571660.7242,5879933.5822],[32571621.4897,5879932.5832],[32571605.4961,5879933.583],[32571573.009,5879939.0813],[32571526.7775,5879952.0769],[32571477.7973,5879977.0677],[32571449.3087,5879988.0637],[32571426.8177,5879992.0625],[32571389.207,5879993.5625],[32571351.5975,5879995.0624],[32571332.855,5879999.5609],[32571315.3621,5880007.558],[32571297.6193,5880018.5539],[32571311.6139,5880033.0479],[32571325.3586,5880044.0434],[32571332.8557,5880048.0417],[32571347.5999,5880051.0403],[32571368.0918,5880049.5405],[32571425.3189,5880037.5444],[32571460.8048,5880034.0453],[32571591.5029,5880029.5451],[32571695.2899,5880028.544],[32571747.1912,5880028.0434],[32571798.4209,5880030.0418],[32571856.8978,5880036.0386],[32571918.1237,5880046.0337],[32571948.3618,5880052.5306],[32572006.8389,5880069.523],[32572068.3148,5880092.513],[32572127.7916,5880119.5014],[32572178.272,5880147.4895],[32572197.7645,5880160.484],[32572236.7495,5880193.4704],[32572294.4774,5880249.9471],[32572309.7569,5880266.2257],[32572321.2172,5880278.4353],[32572336.8214,5880295.7684],[32572519.6416,5880498.8448],[32572541.9841,5880522.3324],[32572617.1044,5880601.3027],[32572646.8431,5880635.7885],[32572673.3331,5880669.7747],[32572693.8252,5880686.7676],[32572704.3211,5880693.2649],[32572723.3137,5880701.7612],[32572731.3106,5880702.7607],[32572744.8052,5880701.2611],[32572755.5509,5880696.2629],[32572758.7995,5880691.7646],[32572760.2988,5880686.2668],[32572759.7989,5880679.2696],[32572749.8025,5880649.7814],[32572748.053,5880638.286],[32572748.3026,5880615.2952],[32572753.3004,5880595.303],[32572757.5486,5880586.8063],[32572775.2203,5880565.3957],[32572783.5378,5880555.3184],[32572788.5357,5880547.3215],[32572791.5344,5880538.8249],[32572791.7842,5880530.828],[32572788.5354,5880522.8313],[32572781.788,5880515.8341],[32572762.0457,5880506.838],[32572723.8107,5880499.8414],[32572684.5762,5880495.3437],[32572650.0897,5880485.848],[32572611.8547,5880470.3548],[32572576.1185,5880448.364],[32572561.6241,5880435.8692],[32572536.1338,5880408.8803],[32572524.1397,5880394.5988],[32572504.9654,5880371.7676],[32572492.9002,5880357.4014],[32572472.6858,5880335.8578],[32572454.9147,5880316.9181],[32572400.6853,5880249.9455],[32572323.4647,5880163.481],[32572305.9714,5880148.4872],[32572245.6138,5880115.5979],[32572219.7549,5880101.5071],[32572196.5139,5880086.5134],[32572155.28,5880065.0226]],[[32580066.7001,5884170.2736],[32580071.698,5884156.2791],[32580087.9411,5884127.2904],[32580110.4318,5884098.3016],[32580159.9114,5884044.8221],[32580168.9076,5884030.8275],[32580173.4056,5884014.8338],[32580174.405,5883997.3408],[32580172.1556,5883979.8478],[32580167.4073,5883962.8546],[32580160.9096,5883948.3604],[32580153.4124,5883936.3653],[32580145.4155,5883927.8688],[32580136.419,5883923.3707],[32580125.6732,5883921.3717],[32580113.678,5883921.8717],[32580101.4329,5883924.3708],[32580089.1878,5883929.369],[32580077.9424,5883936.8662],[32580068.1964,5883946.8624],[32580060.6996,5883958.8577],[32580027.7136,5884023.3326],[32580006.2226,5884058.8188],[32579987.68,5884085.159],[32579969.9876,5884106.8003],[32579944.4981,5884131.2909],[32579920.258,5884148.2845],[32579898.2668,5884158.2809],[32579888.7706,5884160.78],[32579865.2799,5884158.7812],[32579834.7919,5884148.2858],[32579818.7981,5884140.2892],[32579788.31,5884120.7974],[32579775.315,5884109.802],[32579764.3192,5884096.8073],[32579755.3225,5884079.8142],[32579748.0751,5884060.322],[32579737.5787,5884017.8391],[32579730.8975,5883977.0525],[32579723.3331,5883930.8738],[32579714.0864,5883900.8859],[32579708.0886,5883888.3909],[32579701.0912,5883879.3946],[32579693.0943,5883873.8969],[32579683.848,5883873.8971],[32579673.8521,5883879.8948],[32579664.6059,5883890.8906],[32579655.8596,5883905.8848],[32579648.3628,5883923.8777],[32579642.1156,5883944.3697],[32579637.6176,5883965.8612],[32579635.3688,5883987.3527],[32579637.3686,5884029.336],[32579645.3661,5884073.3184],[32579658.6114,5884115.8013],[32579672.0264,5884144.0119],[32579685.8513,5884164.7814],[32579700.8455,5884179.2754],[32579751.0761,5884217.7594],[32579858.3853,5884291.3777],[32579912.804,5884328.7111],[32579918.3265,5884332.4998],[32579957.2462,5884359.2002],[32580004.9777,5884390.6869],[32580048.2109,5884416.676],[32580066.2039,5884426.1719],[32580082.4475,5884432.1693],[32580098.6911,5884434.6681],[32580114.9347,5884434.6678],[32580145.4225,5884427.1704],[32580171.412,5884415.1748],[32580181.9077,5884408.6772],[32580189.9044,5884401.18],[32580195.1522,5884392.1835],[32580197.6511,5884381.1879],[32580197.6509,5884369.6924],[32580195.1517,5884356.6976],[32580183.9058,5884327.2095],[32580165.6626,5884296.7219],[32580145.6702,5884275.2307],[32580124.9283,5884260.237],[32580109.3129,5884250.7431],[32580093.6904,5884241.245],[32580076.1971,5884225.2516],[32580070.1994,5884216.2553],[32580066.2008,5884206.2593],[32580064.2015,5884195.2637],[32580064.2013,5884183.2685],[32580066.7001,5884170.2736]],[[32572959.9895,5882107.1996],[32572940.2472,5882103.2014],[32572924.0037,5882103.2017],[32572904.2616,5882110.1992],[32572844.7032,5882139.4966],[32572811.7989,5882155.6825],[32572749.5738,5882176.1753],[32572719.5858,5882182.6732],[32572707.1597,5882183.7446],[32572603.6319,5882192.671],[32572537.4082,5882201.1686],[32572508.3258,5882206.7701],[32572493.8308,5882209.562],[32572436.1986,5882220.6624],[32572377.9718,5882229.6597],[32572359.7291,5882234.1582],[32572321.9942,5882244.1548],[32572259.5192,5882263.648],[32572104.5814,5882320.6277],[32572056.8507,5882343.1194],[32571904.1624,5882426.5886],[32571815.034,5882472.2935],[32571774.7145,5882489.0657],[32571744.7265,5882497.063],[32571714.9601,5882503.1074],[32571695.4962,5882507.0598],[32571669.0068,5882519.0554],[32571656.7618,5882530.551],[32571649.5149,5882544.0458],[32571647.7658,5882560.0394],[32571650.1113,5882571.5245],[32571655.5131,5882581.5308],[32571660.5111,5882585.0293],[32571666.5088,5882587.5282],[32571682.0026,5882588.5276],[32571701.9947,5882586.0283],[32571750.9751,5882575.5317],[32571809.4517,5882556.5384],[32571825.4453,5882549.5409],[32571874.6753,5882519.5521],[32571912.4129,5882500.7462],[32571948.8954,5882482.5657],[32572116.0778,5882388.1007],[32572157.0613,5882366.6086],[32572170.8058,5882361.6104],[32572224.0345,5882352.6132],[32572302.0036,5882346.1146],[32572390.7181,5882326.621],[32572428.2032,5882320.6228],[32572487.8975,5882314.9095],[32572584.8909,5882305.6264],[32572756.5724,5882271.6373],[32572872.1424,5882251.9908],[32572894.7673,5882248.1446],[32572947.996,5882237.1481],[32572973.7357,5882228.1513],[32572983.9816,5882222.6534],[32573000.225,5882211.1577],[32573006.4724,5882204.6602],[32573012.22,5882198.1627],[32573016.4682,5882190.1658],[32573018.2174,5882181.1693],[32573015.968,5882160.6775],[32573012.4693,5882150.1817],[32573001.9732,5882132.189],[32572988.2284,5882119.6942],[32572979.4818,5882114.6963],[32572959.9895,5882107.1996]],[[32587326.049,5882813.7041],[32587307.5563,5882813.2046],[32587291.3128,5882817.2032],[32587276.5688,5882824.2007],[32587263.5741,5882833.1973],[32587232.087,5882863.6857],[32587216.9589,5882876.3588],[32587184.3565,5882903.6705],[32587151.37,5882934.6587],[32587123.6314,5882965.147],[32587106.6385,5882989.6376],[32587087.6464,5883011.6291],[32587061.5569,5883036.2324],[32587039.4162,5883057.1118],[32587014.1766,5883084.6013],[32586996.434,5883113.0902],[32586990.6865,5883128.5842],[32586986.9382,5883145.0777],[32586985.1892,5883163.0705],[32586984.9395,5883182.5628],[32586989.9381,5883224.5461],[32586994.4366,5883240.5397],[32587000.9342,5883253.0346],[32587009.181,5883262.5307],[32587019.427,5883269.5278],[32587031.6723,5883275.0254],[32587046.4165,5883279.0236],[32587081.9024,5883284.0211],[32587098.8957,5883283.521],[32587115.3891,5883281.0218],[32587148.3758,5883269.5258],[32587219.3471,5883232.5394],[32587246.3362,5883212.547],[32587274.8244,5883182.5585],[32587314.0582,5883133.5773],[32587345.2951,5883082.5971],[32587368.0354,5883036.615],[32587378.5308,5883006.6267],[32587388.5263,5882970.1411],[32587392.7744,5882951.1485],[32587397.522,5882914.663],[32587397.7717,5882898.6693],[32587392.7733,5882869.6809],[32587387.7751,5882856.6861],[32587380.5278,5882844.1912],[32587370.7815,5882833.6955],[32587358.7861,5882824.6993],[32587343.792,5882818.2021],[32587326.049,5882813.7041]],[[32569137.4564,5878657.6267],[32569122.7121,5878644.632],[32569112.4661,5878638.1348],[32569087.2259,5878627.1395],[32569054.9886,5878620.1428],[32568896.801,5878595.1551],[32568787.6021,5878581.8629],[32568753.1077,5878577.6641],[32568715.1226,5878570.1677],[32568691.1321,5878567.669],[32568665.3923,5878568.669],[32568623.8895,5878575.4675],[32568607.4154,5878578.1661],[32568573.6787,5878576.1674],[32568537.6929,5878570.1703],[32568519.7,5878567.1718],[32568485.2136,5878563.6737],[32568430.2354,5878564.1743],[32568347.4928,5878570.2038],[32568260.247,5878576.5614],[32568217.5699,5878579.6713],[32568179.0853,5878585.1697],[32568167.8398,5878589.1683],[32568154.5952,5878599.1645],[32568149.8471,5878605.1622],[32568144.3495,5878617.1575],[32568144.0997,5878628.1532],[32568149.5977,5878639.1487],[32568192.0815,5878686.1294],[32568206.3259,5878689.128],[32568230.0665,5878690.1273],[32568291.542,5878682.1295],[32568338.5233,5878672.6326],[32568362.5137,5878669.6334],[32568398.9993,5878668.6333],[32568418.9284,5878669.1328],[32568458.1682,5878670.1163],[32568478.7177,5878670.6313],[32568553.1594,5878665.0895],[32568686.885,5878655.1344],[32568747.8608,5878656.6329],[32568801.8395,5878663.6293],[32568834.5767,5878671.6256],[32568867.064,5878684.62],[32568898.5517,5878702.1126],[32568912.2964,5878712.6082],[32568924.042,5878724.1034],[32568933.2885,5878736.5983],[32568939.2863,5878750.0929],[32568942.0354,5878762.5879],[32568940.7861,5878782.0802],[32568930.5406,5878810.0692],[32568931.7903,5878823.5638],[32568937.788,5878831.5606],[32568948.2839,5878834.5592],[32568973.2739,5878832.5596],[32568984.0197,5878830.0605],[32569006.0108,5878818.5647],[32569052.2311,5878782.6411],[32569150.7019,5878706.1072],[32569150.2019,5878691.1132],[32569147.4528,5878677.6186],[32569141.9548,5878664.124],[32569137.4564,5878657.6267]],[[32568296.2683,5877111.7531],[32568340.2499,5877038.7814],[32568356.7429,5877004.7947],[32568360.7411,5876992.2996],[32568364.7392,5876968.8089],[32568366.7381,5876941.3198],[32568365.7382,5876926.8255],[32568357.741,5876897.3374],[32568340.2476,5876869.8485],[32568321.2548,5876848.8572],[32568311.0087,5876841.3603],[32568300.013,5876836.3624],[32568288.0178,5876833.8636],[32568274.5231,5876834.3636],[32568259.2792,5876837.8624],[32568197.8039,5876864.3528],[32568134.5794,5876897.3407],[32568109.3397,5876912.8349],[32568079.6017,5876933.827],[32568071.3551,5876937.8255],[32568054.3619,5876943.3236],[32568035.3694,5876944.8233],[32568009.8796,5876949.8217],[32567952.4026,5876968.815],[32567916.4171,5876983.8096],[32567885.9294,5877002.3027],[32567864.6881,5877018.7965],[32567859.9401,5877024.2944],[32567851.9434,5877039.2885],[32567842.6975,5877066.2779],[32567913.1701,5877103.762],[32567948.1562,5877101.2625],[32567987.1408,5877105.7601],[32568036.8713,5877123.2524],[32568114.8409,5877157.7376],[32568135.5827,5877163.2351],[32568161.3226,5877164.7341],[32568188.8116,5877162.7345],[32568223.9827,5877155.5194],[32568235.1055,5877153.2376],[32568257.0344,5877148.739],[32568273.2779,5877140.7419],[32568280.7748,5877133.7446],[32568296.2683,5877111.7531]],[[32580430.8645,5888387.0924],[32580402.8754,5888377.5966],[32580357.6433,5888371.5997],[32580327.6552,5888373.0995],[32580264.6804,5888383.5963],[32580246.6875,5888383.5965],[32580232.1932,5888378.0989],[32580226.4454,5888373.101],[32580221.9471,5888366.1039],[32580218.6983,5888357.6073],[32580217.1987,5888347.1115],[32580218.4481,5888336.1158],[32580223.4459,5888326.1197],[32580241.6884,5888308.6264],[32580287.6697,5888273.1398],[32580312.4095,5888246.65],[32580317.9072,5888238.1533],[32580321.9055,5888228.1572],[32580323.9045,5888217.6614],[32580323.9044,5888204.6665],[32580321.9049,5888189.6725],[32580317.1566,5888173.1791],[32580309.4094,5888157.1856],[32580299.6631,5888142.6915],[32580287.6677,5888129.197],[32580274.1729,5888118.2016],[32580259.1787,5888108.7056],[32580243.4349,5888102.2084],[32580227.1913,5888099.2099],[32580191.4555,5888100.21],[32580172.713,5888104.2087],[32580136.4775,5888117.7038],[32580120.484,5888127.2003],[32580106.7396,5888138.1961],[32580095.9941,5888150.6913],[32580087.2477,5888165.6855],[32580073.0039,5888201.1716],[32580064.008,5888242.1555],[32580061.5096,5888284.1388],[32580063.0093,5888304.1308],[32580068.0076,5888325.1224],[32580077.5042,5888349.1128],[32580090.9992,5888374.6024],[32580124.9864,5888428.0807],[32580180.7154,5888502.5503],[32580199.2083,5888521.5424],[32580219.2005,5888535.5366],[32580240.6921,5888545.0325],[32580262.9334,5888551.0298],[32580285.6744,5888554.528],[32580308.1655,5888555.0275],[32580351.6482,5888552.0281],[32580382.3859,5888547.5294],[32580398.3795,5888541.5315],[32580403.6274,5888538.0329],[32580409.9312,5888531.5586],[32580422.1198,5888519.0401],[32580437.1136,5888500.0475],[32580446.6095,5888478.0561],[32580452.6068,5888453.5657],[32580456.3549,5888426.5764],[32580455.605,5888413.5815],[32580450.6068,5888402.586],[32580442.1101,5888394.0895],[32580430.8645,5888387.0924]],[[32574895.7456,5883787.5032],[32574840.2676,5883787.0042],[32574797.5346,5883790.5035],[32574782.0408,5883793.5025],[32574767.2967,5883798.5008],[32574740.5575,5883810.9962],[32574718.5664,5883827.9898],[32574702.8229,5883847.4823],[32574683.5811,5883886.4671],[32574672.336,5883919.4541],[32574667.8381,5883937.447],[32574663.0905,5883975.432],[32574664.0906,5884014.4165],[32574667.8393,5884025.9119],[32574670.4007,5884030.4098],[32574678.0855,5884043.9046],[32574686.0825,5884054.4003],[32574697.3282,5884063.8963],[32574712.5722,5884071.8929],[32574738.8119,5884078.8897],[32574753.806,5884082.8879],[32574776.7971,5884092.8836],[32574798.5382,5884109.607],[32574806.0358,5884115.3742],[32574820.0303,5884121.8714],[32574842.5215,5884124.3701],[32574859.2648,5884123.3703],[32574877.0077,5884119.8714],[32574892.7514,5884113.3737],[32574906.4958,5884104.8769],[32574928.9866,5884083.8849],[32574946.4463,5884061.7598],[32574961.7231,5884042.4009],[32574995.9381,5884005.3417],[32575048.9372,5883947.9371],[32575058.6831,5883935.9417],[32575069.1787,5883915.4497],[32575071.1777,5883897.4569],[32575066.6792,5883880.4637],[32575058.6821,5883862.9708],[32575038.4397,5883834.4824],[32575019.1971,5883815.99],[32574997.4555,5883801.9959],[32574985.96,5883796.9981],[32574949.4744,5883791.001],[32574895.7456,5883787.5032]],[[32582357.3072,5885352.7698],[32582341.3136,5885350.7708],[32582304.0784,5885352.7706],[32582261.0955,5885360.768],[32582190.8737,5885380.2613],[32582147.1413,5885396.7554],[32582128.149,5885405.7521],[32582110.9059,5885416.2482],[32582080.4184,5885441.2387],[32582066.924,5885456.233],[32582043.9336,5885489.72],[32582037.6863,5885504.7141],[32582035.1874,5885518.2088],[32582035.4375,5885530.7038],[32582038.1866,5885541.6994],[32582049.1825,5885562.1911],[32582073.9231,5885593.1784],[32582121.6537,5885642.9068],[32582148.1719,5885670.5349],[32582169.3866,5885692.6375],[32582212.6475,5885740.302],[32582232.1126,5885755.1117],[32582244.8576,5885758.6102],[32582256.8528,5885757.1106],[32582284.5916,5885747.6139],[32582301.8346,5885734.119],[32582310.581,5885725.1225],[32582326.5743,5885702.6312],[32582338.5692,5885677.1411],[32582346.0199,5885650.3355],[32582356.0612,5885602.6705],[32582366.2316,5885539.7938],[32582372.5533,5885500.7108],[32582376.8014,5885485.2169],[32582387.7966,5885459.7268],[32582394.044,5885449.2309],[32582406.5388,5885433.7369],[32582415.9026,5885426.328],[32582429.2795,5885415.7437],[32582433.028,5885409.2462],[32582432.0282,5885400.2498],[32582429.2793,5885394.752],[32582417.0339,5885381.2576],[32582397.2916,5885367.7632],[32582371.5516,5885356.768],[32582357.3072,5885352.7698]],[[32572260.1311,5874212.8691],[32572243.2471,5874198.3976],[32572207.0678,5874198.3981],[32572026.1715,5874241.816],[32571975.5202,5874256.2886],[32571975.5207,5874290.056],[32571994.8171,5874340.7069],[32572030.997,5874376.8858],[32572052.7053,5874422.7127],[32572076.8252,5874439.596],[32572105.7688,5874446.8315],[32572122.6527,5874461.303],[32572125.065,5874485.4225],[32572122.6533,5874504.7182],[32572110.5938,5874524.0141],[32572088.8864,5874543.3101],[32572074.4149,5874560.194],[32572064.7672,5874574.6659],[32572069.5914,5874593.9616],[32572086.4753,5874608.4331],[32572110.595,5874610.8446],[32572298.7274,5874572.2505],[32572339.7306,5874560.19],[32572346.9663,5874543.3062],[32572346.9659,5874519.1866],[32572327.6691,5874434.7683],[32572267.3677,5874265.9321],[32572260.1311,5874212.8691]],[[32587558.6374,5882091.6236],[32587480.6832,5882085.6283],[32587426.7146,5882085.6291],[32587378.7435,5882127.6052],[32587348.7617,5882169.5811],[32587318.7797,5882205.5604],[32587306.7871,5882235.543],[32587300.7909,5882253.5326],[32587294.7947,5882271.5221],[32587288.7985,5882301.5046],[32587300.7921,5882331.4869],[32587312.7855,5882367.4656],[32587348.765,5882409.4405],[32587378.7478,5882439.4224],[32587390.7414,5882487.3941],[32587402.735,5882535.3658],[32587414.7284,5882571.3445],[32587438.7146,5882595.33],[32587486.6868,5882595.3293],[32587528.6617,5882577.3393],[32587546.6507,5882541.3601],[32587564.6398,5882505.3809],[32587564.6393,5882475.3985],[32587540.6527,5882433.4234],[32587504.6734,5882403.4416],[32587480.6872,5882379.456],[32587468.6939,5882349.4738],[32587468.6937,5882337.4808],[32587492.6793,5882319.491],[32587534.6542,5882283.5114],[32587552.643,5882247.5323],[32587558.6389,5882199.5603],[32587576.628,5882169.5776],[32587588.6206,5882145.5915],[32587588.6201,5882109.6126],[32587558.6374,5882091.6236]],[[32581602.6418,5887851.288],[32581588.1476,5887850.7884],[32581574.4031,5887854.7871],[32581561.408,5887863.8839],[32581534.4194,5887882.7765],[32581519.4052,5887890.1255],[32581497.6755,5887900.7616],[32581475.1933,5887911.7659],[32581446.2049,5887919.2633],[32581417.2514,5887923.435],[32581387.2284,5887927.7608],[32581373.9551,5887930.952],[32581360.739,5887936.2578],[32581345.995,5887945.7543],[32581339.9975,5887951.2522],[32581332.5006,5887964.2471],[32581331.5011,5887971.2444],[32581335.0007,5888039.2173],[32581332.7521,5888074.7032],[32581329.2537,5888092.1963],[32581316.2594,5888125.6832],[32581284.8532,5888179.9636],[32581271.5283,5888207.1515],[32581269.5293,5888227.1436],[32581271.2788,5888237.6394],[32581275.0274,5888247.6354],[32581281.525,5888256.1319],[32581290.5215,5888263.6288],[32581302.2669,5888268.6266],[32581317.5109,5888270.6256],[32581334.2542,5888270.6254],[32581369.2402,5888262.628],[32581404.7259,5888246.6339],[32581439.9616,5888224.1423],[32581508.6877,5888172.5576],[32581551.1663,5888140.6738],[32581566.9099,5888127.6787],[32581588.9008,5888105.1873],[32581596.6476,5888092.1924],[32581614.8898,5888052.208],[32581642.128,5887979.7364],[32581654.8724,5887940.7517],[32581657.621,5887925.2578],[32581657.6208,5887910.7636],[32581655.3715,5887896.7692],[32581650.8732,5887884.2742],[32581637.1283,5887864.7822],[32581628.6316,5887858.2849],[32581619.3852,5887854.7864],[32581602.6418,5887851.288]],[[32586513.8862,5883880.2929],[32586504.6399,5883878.2938],[32586485.8973,5883879.7935],[32586460.9074,5883889.2901],[32586444.664,5883901.7854],[32586417.1754,5883932.7735],[32586401.1821,5883958.7634],[32586388.9373,5883987.7521],[32586374.6936,5884029.2359],[32586343.2075,5884131.6956],[32586333.7116,5884153.687],[32586320.2172,5884169.1811],[32586311.7206,5884175.6786],[32586284.4172,5884192.6474],[32586267.4886,5884203.1683],[32586257.9925,5884210.6655],[32586243.9982,5884227.1592],[32586234.7522,5884247.1513],[32586226.506,5884287.1356],[32586227.506,5884315.1244],[32586230.2552,5884330.1184],[32586252.0119,5884408.9591],[32586259.495,5884436.0759],[32586270.4912,5884469.5624],[32586276.4889,5884480.0582],[32586283.7361,5884487.5551],[32586293.2324,5884492.5529],[32586320.9715,5884496.5509],[32586337.215,5884495.5511],[32586350.2098,5884491.0527],[32586360.2057,5884484.5551],[32586368.2024,5884475.5586],[32586378.4481,5884456.566],[32586400.9261,5884374.6881],[32586416.1812,5884319.12],[32586428.9255,5884278.1361],[32586450.1663,5884222.6579],[32586474.1791,5884172.2442],[32586490.3992,5884138.1908],[32586497.396,5884113.7004],[32586499.8948,5884099.2062],[32586502.577,5884069.2744],[32586504.6422,5884046.2272],[32586507.6408,5884029.2339],[32586516.3869,5884000.745],[32586529.3314,5883971.3564],[32586534.879,5883958.7614],[32586542.6256,5883933.7712],[32586542.8752,5883917.2778],[32586536.6275,5883900.2846],[32586522.6328,5883884.2912],[32586513.8862,5883880.2929]],[[32580424.3034,5883830.9032],[32580416.0567,5883829.4039],[32580400.313,5883831.9031],[32580393.0659,5883836.4015],[32580386.5686,5883842.899],[32580380.821,5883852.3953],[32580376.073,5883864.3906],[32580372.5746,5883879.3847],[32580371.3254,5883896.8778],[32580373.0749,5883914.8706],[32580377.5734,5883934.3628],[32580393.5677,5883976.8457],[32580429.8043,5884049.3163],[32580464.7912,5884107.7926],[32580489.2387,5884143.14],[32580535.2646,5884203.7534],[32580564.5929,5884237.7114],[32580583.996,5884258.7308],[32580627.9791,5884297.7147],[32580676.4603,5884332.2003],[32580702.4502,5884348.1935],[32580729.4397,5884362.1876],[32580757.1788,5884374.1824],[32580785.6677,5884384.178],[32580817.8015,5884391.3444],[32580852.0354,5884397.0097],[32580873.6329,5884397.6713],[32580896.3738,5884391.6734],[32580907.3694,5884385.6756],[32580919.1146,5884376.679],[32580929.6103,5884365.6832],[32580937.6069,5884353.1881],[32580943.1045,5884340.1931],[32580945.8533,5884327.1983],[32580945.8531,5884314.7032],[32580943.6038,5884302.708],[32580938.6056,5884291.7125],[32580931.1085,5884282.7162],[32580906.3681,5884267.7225],[32580849.6403,5884247.2315],[32580786.915,5884227.7401],[32580755.9879,5884214.0595],[32580710.9446,5884188.257],[32580681.2061,5884168.2653],[32580622.2289,5884124.2837],[32580594.247,5884101.1348],[32580570.7487,5884080.3019],[32580550.0067,5884058.8108],[32580531.5137,5884036.8198],[32580502.2747,5883992.8377],[32580481.5324,5883950.3549],[32580474.0351,5883930.8628],[32580464.7927,5883900.3644],[32580459.0403,5883881.3826],[32580444.5456,5883847.3963],[32580432.0504,5883834.4017],[32580424.3034,5883830.9032]],[[32581819.8049,5887795.8069],[32581842.046,5887795.3067],[32581893.7756,5887806.8014],[32581913.2679,5887808.8003],[32581946.2548,5887804.8014],[32581981.4907,5887795.8045],[32582002.2322,5887781.3099],[32582018.7255,5887765.8158],[32582030.9703,5887746.8232],[32582040.2163,5887718.3344],[32582054.9596,5887657.8582],[32582061.4564,5887616.3746],[32582062.7057,5887598.3817],[32582060.706,5887568.3937],[32582057.2073,5887555.8987],[32582051.7093,5887544.4033],[32582044.2121,5887534.4074],[32582034.4659,5887525.4111],[32582007.4763,5887508.9181],[32581991.7325,5887502.4209],[32581950.9985,5887491.4259],[32581929.2571,5887491.4262],[32581912.264,5887496.4245],[32581898.5195,5887505.9209],[32581892.7719,5887512.9182],[32581887.5241,5887520.9151],[32581879.5276,5887540.9073],[32581874.5299,5887565.3976],[32581872.5311,5887592.3869],[32581874.5309,5887639.868],[32581857.9662,5887644.0094],[32581802.5598,5887657.8619],[32581790.5646,5887660.8609],[32581744.0831,5887663.8604],[32581726.0902,5887666.8595],[32581710.5965,5887672.3575],[32581695.6026,5887684.8528],[32581682.3581,5887702.8458],[32581677.1104,5887714.3414],[32581671.1131,5887739.3315],[32581670.3637,5887764.8214],[32581672.6132,5887786.3128],[32581677.6114,5887805.3052],[32581685.3586,5887822.7981],[32581690.6066,5887830.2951],[32581697.354,5887835.293],[32581705.3509,5887837.7919],[32581713.8475,5887838.2916],[32581723.0938,5887837.2918],[32581740.8367,5887831.2939],[32581761.8517,5887820.5071],[32581797.3139,5887802.3046],[32581819.8049,5887795.8069]],[[32581844.2986,5888043.708],[32581852.0455,5888042.2085],[32581868.7889,5888042.708],[32581877.8962,5888045.0772],[32581899.5268,5888050.7044],[32581917.0198,5888048.7049],[32581976.9956,5888017.2165],[32581998.9866,5888002.722],[32582013.2308,5887987.7277],[32582031.2231,5887951.7418],[32582034.7215,5887934.7485],[32582033.4719,5887927.7513],[32582029.7233,5887922.7533],[32582018.9775,5887915.7562],[32582006.7323,5887910.7584],[32581982.4918,5887906.7604],[32581961.5002,5887905.7611],[32581941.508,5887900.7633],[32581932.5115,5887896.7651],[32581916.5177,5887886.2695],[32581896.5254,5887867.2773],[32581883.5304,5887857.7813],[32581853.7921,5887844.7869],[32581836.2989,5887839.2893],[32581827.3025,5887838.2899],[32581818.306,5887837.7902],[32581801.3128,5887841.2891],[32581785.8191,5887849.7859],[32581779.3218,5887855.7836],[32581763.3284,5887874.2765],[32581755.3318,5887888.7709],[32581749.5843,5887909.2628],[32581746.336,5887938.2513],[32581745.0869,5887967.2398],[32581746.337,5888007.7237],[32581733.5921,5888013.2217],[32581718.3484,5888025.717],[32581711.3513,5888034.7135],[32581705.8536,5888046.209],[32581702.855,5888060.2035],[32581696.4633,5888112.2781],[32581692.6102,5888143.6705],[32581691.8609,5888169.6602],[32581693.6103,5888178.1568],[32581714.1026,5888206.6452],[32581760.5848,5888254.6254],[32581774.3295,5888263.6216],[32581792.5723,5888270.1188],[32581802.3185,5888271.618],[32581821.3109,5888270.1183],[32581829.8075,5888266.1198],[32581844.0517,5888256.1236],[32581850.0492,5888250.1259],[32581858.7955,5888235.1317],[32581863.2935,5888215.1396],[32581864.2927,5888189.6497],[32581867.5338,5888160.1166],[32581868.7904,5888148.6659],[32581868.2903,5888130.1733],[32581866.291,5888120.1773],[32581856.2946,5888099.1858],[32581848.7975,5888088.69],[32581820.5582,5888058.2026],[32581831.5537,5888049.206],[32581844.2986,5888043.708]],[[32583242.4309,5883572.9638],[32583233.9343,5883572.4641],[32583226.1874,5883573.9636],[32583219.1902,5883577.4624],[32583206.4454,5883590.4574],[32583195.2002,5883608.9502],[32583190.7022,5883625.4437],[32583190.8711,5883650.3885],[32583190.9526,5883662.429],[32583187.7042,5883687.919],[32583175.4595,5883715.4082],[32583167.2129,5883728.903],[32583122.4815,5883789.8795],[32583102.9895,5883809.372],[32583073.0018,5883835.8619],[32583055.7589,5883854.3549],[32583031.2692,5883890.8407],[32583013.5266,5883922.3285],[32582987.5377,5883975.3078],[32582971.2947,5884017.2914],[32582970.2954,5884034.2847],[32582972.7945,5884040.782],[32582984.2901,5884051.2777],[32582993.0366,5884055.276],[32583015.2779,5884058.7743],[32583040.018,5884055.7751],[32583063.5085,5884047.7779],[32583073.5045,5884042.7798],[32583084.0002,5884034.7828],[32583127.7322,5883989.3002],[32583182.8617,5883922.5984],[32583208.6987,5883891.3379],[32583227.1911,5883871.3456],[32583258.0973,5883841.3308],[32583322.402,5883778.8809],[32583334.647,5883764.8862],[32583342.8935,5883751.3915],[32583348.1412,5883737.3969],[32583351.1396,5883708.4084],[32583347.1408,5883681.4192],[32583340.1433,5883661.4272],[32583319.4012,5883631.9392],[32583298.4092,5883609.9483],[32583262.9229,5883581.9599],[32583242.4309,5883572.9638]],[[32578313.9091,5885109.4262],[32578303.1633,5885107.4272],[32578293.917,5885108.4269],[32578285.9202,5885111.4258],[32578279.173,5885115.9241],[32578269.9268,5885125.9203],[32578238.9399,5885183.8977],[32578218.4486,5885227.3807],[32578203.6383,5885263.3401],[32578185.3394,5885307.77],[32578164.7218,5885357.8297],[32578154.7264,5885400.8127],[32578152.4776,5885427.3023],[32578153.7273,5885440.2971],[32578156.9762,5885452.2923],[32578170.721,5885474.2833],[32578180.4673,5885482.7798],[32578190.9632,5885487.7777],[32578201.709,5885490.2765],[32578212.9545,5885490.2763],[32578236.695,5885484.7782],[32578261.1851,5885474.282],[32578292.4224,5885454.7893],[32578350.6487,5885409.8063],[32578397.6295,5885368.3221],[32578407.6254,5885357.8261],[32578416.1218,5885345.8308],[32578427.6169,5885320.3407],[32578430.8654,5885306.3462],[32578431.8648,5885290.8524],[32578431.3648,5885274.8587],[32578428.6156,5885258.3653],[32578423.3675,5885240.3726],[32578405.8739,5885203.3875],[32578381.3831,5885167.4022],[32578353.3938,5885136.4149],[32578339.3992,5885123.9201],[32578325.9044,5885114.424],[32578313.9091,5885109.4262]],[[32576386.6568,5883932.9229],[32576379.1595,5883912.9309],[32576366.1644,5883895.9379],[32576348.9211,5883884.4427],[32576322.1816,5883876.9461],[32576314.4346,5883876.4464],[32576301.6897,5883879.4454],[32576271.2421,5883890.8253],[32576252.2096,5883897.9388],[32576201.4799,5883913.9332],[32576154.9984,5883921.9307],[32576098.2709,5883922.9312],[32576055.038,5883920.9327],[32576032.9299,5883914.6538],[32576012.8046,5883908.9381],[32575997.5606,5883905.9395],[32575981.5669,5883904.9401],[32575968.822,5883906.4397],[32575958.3262,5883909.9385],[32575949.3299,5883915.9362],[32575941.3332,5883923.9332],[32575916.0936,5883957.9201],[32575908.8467,5883970.915],[32575907.8473,5883982.9103],[32575912.5955,5883993.9058],[32575922.5917,5884004.9013],[32575937.0861,5884015.3969],[32575978.3201,5884038.3871],[32576030.5497,5884062.8766],[32576055.0401,5884069.8735],[32576077.5313,5884072.8719],[32576098.5229,5884073.3714],[32576118.0152,5884071.8717],[32576151.7469,5884065.9806],[32576219.9239,5884054.0739],[32576269.7047,5884045.3799],[32576299.9426,5884036.8829],[32576325.4323,5884025.3871],[32576346.1739,5884010.8925],[32576372.1632,5883984.4026],[32576379.4102,5883974.4065],[32576384.1582,5883964.4104],[32576386.907,5883953.9145],[32576386.6568,5883932.9229]],[[32576492.631,5885092.4604],[32576481.8852,5885091.9608],[32576472.389,5885093.9601],[32576464.892,5885097.4589],[32576457.645,5885104.956],[32576441.4018,5885132.9451],[32576425.1588,5885169.9307],[32576406.4169,5885220.9107],[32576398.9204,5885255.8969],[32576394.6727,5885302.8783],[32576394.1733,5885328.3682],[32576395.673,5885352.8584],[32576398.9221,5885375.8492],[32576407.0548,5885404.4945],[32576415.6662,5885434.8255],[32576416.9161,5885457.7716],[32576418.4159,5885485.3054],[32576422.4145,5885500.7992],[32576430.1616,5885513.2941],[32576452.653,5885532.786],[32576463.1489,5885538.7835],[32576483.141,5885542.7816],[32576492.8871,5885541.7818],[32576501.8835,5885538.2831],[32576510.63,5885533.7848],[32576518.3768,5885527.2872],[32576531.6213,5885509.794],[32576536.6192,5885497.2989],[32576540.3675,5885483.8042],[32576544.8653,5885454.3158],[32576544.1152,5885428.3262],[32576539.8667,5885409.3338],[32576540.3662,5885391.3409],[32576548.744,5885360.2218],[32576568.3537,5885287.3818],[32576574.8506,5885251.396],[32576578.5986,5885214.9105],[32576576.349,5885181.4238],[32576573.1001,5885165.93],[32576568.6017,5885151.9356],[32576555.6065,5885127.9454],[32576538.1132,5885109.9528],[32576527.3673,5885102.9557],[32576504.1264,5885093.9597],[32576492.631,5885092.4604]],[[32576740.0686,5887652.9391],[32576730.3225,5887652.4394],[32576711.0801,5887656.9379],[32576695.5864,5887664.935],[32576689.0891,5887670.4329],[32576678.5934,5887684.4275],[32576670.8468,5887704.4197],[32576662.1007,5887736.9069],[32576646.3579,5887804.3803],[32576639.6112,5887849.3625],[32576640.4507,5887882.2431],[32576645.1097,5887903.341],[32576651.8573,5887919.3345],[32576660.604,5887934.3284],[32576671.1001,5887947.8229],[32576683.3454,5887959.818],[32576696.8402,5887969.8138],[32576728.3279,5887984.3076],[32576768.3121,5887991.804],[32576812.7945,5887994.8021],[32576877.0191,5887995.8007],[32576895.2618,5887994.8009],[32576919.6474,5887990.1258],[32576935.7456,5887984.3044],[32576951.2393,5887972.8087],[32576955.4876,5887966.8111],[32576957.4867,5887960.3136],[32576956.9868,5887953.8162],[32576953.9879,5887946.3192],[32576942.2423,5887930.8256],[32576925.2489,5887916.3316],[32576915.5026,5887909.8343],[32576881.0161,5887894.341],[32576851.5276,5887877.848],[32576823.2885,5887857.8564],[32576811.7929,5887845.8613],[32576803.2961,5887833.3664],[32576797.5482,5887820.3717],[32576794.0493,5887806.8771],[32576790.9373,5887765.6511],[32576788.0506,5887727.4087],[32576784.5517,5887708.9161],[32576779.3036,5887692.4228],[32576773.0559,5887678.4284],[32576765.8086,5887667.9327],[32576757.8117,5887660.4358],[32576749.0651,5887655.4379],[32576740.0686,5887652.9391]],[[32583197.8911,5879424.1116],[32583229.1287,5879423.6113],[32583268.9386,5879432.3762],[32583283.6072,5879435.6057],[32583303.3494,5879435.6054],[32583311.3461,5879433.1063],[32583318.0934,5879429.6076],[32583323.3413,5879424.6095],[32583331.088,5879412.6142],[32583336.5856,5879391.6224],[32583334.0864,5879377.628],[32583325.8394,5879363.6337],[32583320.0916,5879357.6361],[32583304.8475,5879347.1405],[32583281.3568,5879339.6439],[32583248.1199,5879335.1462],[32583228.8775,5879334.1468],[32583187.394,5879334.6473],[32583094.6809,5879343.1453],[32583067.1919,5879348.1437],[32583042.4518,5879354.6415],[32583031.2064,5879360.1395],[32583020.9606,5879369.136],[32583003.2179,5879394.1264],[32582988.7241,5879425.1143],[32582971.4816,5879469.0971],[32582964.3337,5879494.5928],[32582956.4883,5879522.5761],[32582955.9887,5879541.5686],[32582960.4873,5879565.0592],[32582964.7358,5879577.5541],[32582983.4789,5879619.5372],[32582997.9734,5879637.5298],[32583014.2171,5879647.0258],[32583034.2092,5879649.5245],[32583045.9545,5879649.0246],[32583057.4499,5879646.5254],[32583067.4459,5879641.5272],[32583075.6925,5879634.5299],[32583082.6896,5879626.0331],[32583091.9357,5879606.0409],[32583095.778,5879582.4361],[32583098.9323,5879563.0579],[32583106.4289,5879534.0693],[32583121.9222,5879490.5863],[32583137.9154,5879458.099],[32583150.1603,5879442.1051],[32583158.6568,5879435.6076],[32583181.8975,5879426.6108],[32583197.8911,5879424.1116]],[[32575784.917,5885489.8132],[32575791.4143,5885481.8163],[32575814.9048,5885467.8215],[32575878.8792,5885444.8297],[32575904.8687,5885432.3342],[32575915.3644,5885424.8371],[32575931.1079,5885406.844],[32575936.6056,5885397.3477],[32575941.6034,5885378.8549],[32575941.3534,5885370.8581],[32575938.8543,5885364.3607],[32575933.6063,5885360.8622],[32575926.609,5885358.8631],[32575917.6126,5885358.8632],[32575862.3846,5885364.8617],[32575823.4001,5885370.3601],[32575783.4784,5885379.4118],[32575761.6748,5885384.3555],[32575754.1777,5885382.8562],[32575748.4299,5885378.8578],[32575742.6293,5885371.84],[32575728.1876,5885354.3679],[32575719.9408,5885349.8698],[32575710.1947,5885347.3709],[32575699.6988,5885347.8709],[32575676.9579,5885354.8685],[32575636.974,5885373.8615],[32575554.5072,5885406.3498],[32575522.0203,5885421.8442],[32575494.0316,5885439.8375],[32575483.5359,5885450.3334],[32575477.2886,5885460.3296],[32575474.2899,5885469.8258],[32575474.5399,5885478.3225],[32575477.7887,5885485.8194],[32575483.2866,5885491.817],[32575491.0336,5885496.3151],[32575500.5299,5885498.3141],[32575519.7722,5885497.814],[32575555.5079,5885487.3177],[32575576.7494,5885482.8191],[32575586.7455,5885483.3188],[32575594.7424,5885485.8177],[32575600.2402,5885490.3158],[32575606.7379,5885505.3097],[32575608.4875,5885529.2159],[32575609.7373,5885546.2934],[32575613.236,5885555.7896],[32575618.7339,5885563.7863],[32575626.2311,5885570.2836],[32575646.7231,5885579.2797],[32575673.7124,5885582.2781],[32575686.6594,5885582.8028],[32575710.6978,5885583.777],[32575730.9396,5885575.7798],[32575740.9356,5885568.7825],[32575749.9319,5885559.2861],[32575757.6786,5885547.7906],[32575784.917,5885489.8132]],[[32589030.0636,5878558.8675],[32588998.0762,5878557.3686],[32588961.3409,5878561.3675],[32588941.3489,5878567.8652],[32588931.8528,5878572.8634],[32588914.6098,5878588.3575],[32588899.1163,5878609.8492],[32588891.3696,5878630.841],[32588890.6201,5878640.3372],[32588893.8691,5878660.8291],[32588902.8658,5878682.3204],[32588910.113,5878692.8161],[32588919.3595,5878700.313],[32588942.8503,5878710.8085],[32588994.33,5878719.8041],[32589029.8161,5878731.7988],[32589113.2831,5878775.2812],[32589131.1044,5878784.5652],[32589143.0219,5878790.7737],[32589167.5123,5878800.2696],[32589175.5092,5878801.7689],[32589194.0018,5878800.2692],[32589203.7479,5878796.7704],[32589223.24,5878784.2751],[32589240.233,5878763.783],[32589245.7306,5878751.7876],[32589247.7296,5878738.7928],[32589246.9798,5878725.7979],[32589243.9808,5878712.8031],[32589233.2347,5878687.8132],[32589220.2395,5878665.8221],[32589202.2464,5878641.8319],[32589175.7565,5878614.3433],[32589160.5124,5878601.3486],[32589129.5244,5878580.3574],[32589099.2862,5878570.3619],[32589065.0497,5878563.3652],[32589030.0636,5878558.8675]],[[32581151.5764,5888243.6388],[32581165.0709,5888245.138],[32581166.3566,5888245.2808],[32581169.5689,5888245.6377],[32581174.0675,5888246.1375],[32581187.3918,5888174.5127],[32581191.2162,5888153.9548],[32581193.5583,5888141.1789],[32581196.307,5888126.1848],[32581177.6153,5888120.5087],[32581141.9642,5888109.6824],[32581081.1022,5888091.2004],[32581051.2849,5888088.6632],[32581032.0477,5888087.0263],[32581022.3755,5888086.2033],[32581015.8785,5888117.6909],[32581009.3815,5888149.1784],[32581002.8845,5888180.666],[32580996.3875,5888212.1536],[32581009.5828,5888215.8521],[32581018.3783,5888218.3174],[32581035.97,5888223.2481],[32581040.3728,5888224.4821],[32581062.3616,5888230.6453],[32581050.3665,5888243.6403],[32581024.1273,5888266.6315],[32581014.6311,5888272.6293],[32581003.1912,5888277.647],[32580986.1426,5888285.1248],[32580962.902,5888299.1195],[32580951.4067,5888307.6163],[32580931.4149,5888328.1085],[32580917.4208,5888350.5997],[32580912.423,5888361.5955],[32580905.9258,5888383.5868],[32580905.6762,5888403.5789],[32580908.4252,5888412.0755],[32580912.9236,5888420.0722],[32580920.0475,5888426.0469],[32580931.9162,5888430.068],[32580945.9106,5888432.067],[32580961.6544,5888431.5669],[32580978.8975,5888429.5675],[32581014.1334,5888420.0707],[32581030.6268,5888413.0732],[32581064.3631,5888395.0799],[32581113.0933,5888361.5925],[32581136.5837,5888340.1007],[32581143.3309,5888330.6044],[32581147.579,5888320.6083],[32581151.827,5888293.6189],[32581151.5764,5888243.6388]],[[32577046.6191,5882057.1577],[32577081.1054,5882055.6578],[32577098.2718,5882058.5794],[32577116.3416,5882061.6548],[32577145.0801,5882059.1554],[32577154.8262,5882054.657],[32577160.5738,5882048.6593],[32577163.0727,5882040.6625],[32577163.3225,5882031.666],[32577157.8243,5882000.6784],[32577153.3259,5881990.6825],[32577144.0794,5881981.6862],[32577131.0845,5881973.6895],[32577098.8471,5881960.6952],[32577066.3599,5881953.6985],[32577040.1202,5881952.1995],[32576986.033,5881954.6993],[32576951.6553,5881953.7002],[32576934.9119,5881950.7016],[32576919.9178,5881945.7039],[32576888.9298,5881927.7115],[32576867.6501,5881912.9535],[32576795.9658,5881863.2385],[32576777.7229,5881853.2427],[32576760.7295,5881846.2458],[32576745.4855,5881842.7474],[32576731.9908,5881843.2474],[32576720.7453,5881846.2464],[32576711.9989,5881851.7443],[32576706.0014,5881858.7416],[32576702.7528,5881867.7381],[32576702.7529,5881877.2343],[32576705.8733,5881887.315],[32576711.7496,5881898.7257],[32576728.2434,5881921.2165],[32576747.7991,5881942.0295],[32576770.9771,5881966.6978],[32576785.2053,5881997.145],[32576795.968,5882020.1762],[32576811.9619,5882042.667],[32576822.7078,5882052.6629],[32576834.9531,5882060.6595],[32576862.6922,5882073.1541],[32576877.4365,5882077.1523],[32576908.1743,5882081.1503],[32576937.1628,5882080.1502],[32576982.4789,5882068.4872],[32577005.1356,5882062.6561],[32577046.6191,5882057.1577]],[[32587885.3713,5885978.4385],[32587847.3853,5885899.4705],[32587841.661,5885901.2424],[32587829.4467,5885905.0232],[32587826.394,5885905.9681],[32587810.9076,5885910.7618],[32587797.2401,5885914.9924],[32587791.4084,5885916.7975],[32587763.419,5885925.4614],[32587744.9263,5885923.4625],[32587721.6855,5885916.9654],[32587711.6894,5885917.4654],[32587700.444,5885925.4624],[32587692.0783,5885942.3391],[32587676.4542,5885970.9446],[32587655.7128,5885998.434],[32587646.9664,5886006.431],[32587637.97,5886011.9289],[32587628.9737,5886015.9275],[32587604.2336,5886021.9255],[32587597.7362,5886024.9244],[32587589.2397,5886034.9205],[32587585.9912,5886045.9162],[32587586.2411,5886051.414],[32587590.7395,5886061.9098],[32587607.2332,5886077.4034],[32587623.2271,5886095.396],[32587662.3121,5886151.4727],[32587669.2098,5886161.3691],[32587678.956,5886171.8648],[32587683.4543,5886173.8639],[32587692.2008,5886173.8638],[32587786.9125,5886126.3812],[32587884.8729,5886073.4008],[32587910.1126,5886056.907],[32587915.8603,5886051.9089],[32587918.8576,5886045.588],[32587918.1092,5886036.415],[32587909.9248,5886021.9209],[32587885.3713,5885978.4385]],[[32579891.4714,5880690.158],[32579882.9747,5880689.6583],[32579863.2326,5880694.6566],[32579853.7365,5880700.1546],[32579839.7422,5880712.6499],[32579831.9955,5880725.6448],[32579828.4059,5880735.6418],[32579824.9986,5880754.1336],[32579816.2533,5880840.0996],[32579818.0031,5880876.5851],[32579824.5376,5880914.1552],[32579826.0006,5880922.5667],[32579824.054,5880957.0582],[32579822.5028,5880984.5422],[32579826.8229,5881000.5264],[32579830.0001,5881006.0335],[32579841.2458,5881016.5292],[32579877.4817,5881034.5215],[32579919.7151,5881047.0159],[32580032.4207,5881074.0035],[32580070.4058,5881087.4976],[32580093.1469,5881097.4933],[32580108.8908,5881101.9913],[32580127.8832,5881102.4908],[32580147.1255,5881097.4925],[32580154.8724,5881092.9942],[32580167.1173,5881080.9988],[32580171.3656,5881073.5017],[32580176.3633,5881056.5084],[32580175.1137,5881047.0121],[32580169.6158,5881038.0158],[32580160.8691,5881030.0191],[32580137.3783,5881016.5248],[32580124.1334,5881011.0272],[32580089.3971,5881001.0317],[32580037.9935,5880996.9453],[32580007.6794,5880994.5355],[32579987.6873,5880987.0387],[32579964.6962,5880969.546],[32579942.2047,5880944.0565],[32579932.2085,5880928.063],[32579923.9615,5880910.57],[32579918.2135,5880891.0779],[32579915.2144,5880868.5868],[32579914.4644,5880844.0966],[32579916.2422,5880802.3036],[32579918.4615,5880750.1338],[32579914.7125,5880718.1466],[32579910.714,5880707.151],[32579905.4659,5880698.6544],[32579898.9684,5880693.1567],[32579891.4714,5880690.158]],[[32581422.9556,5887314.504],[32581413.7093,5887313.0047],[32581404.9628,5887315.0041],[32581397.9656,5887319.0026],[32581392.4679,5887324.5005],[32581383.7216,5887340.9941],[32581333.4933,5887469.4438],[32581315.0015,5887526.9212],[32581312.7526,5887542.9149],[32581313.0028,5887561.9073],[32581319.5008,5887603.3907],[32581325.2488,5887625.3819],[32581331.9964,5887646.8733],[32581347.9906,5887686.8572],[32581368.733,5887729.34],[32581380.0133,5887743.0666],[32581391.7242,5887751.3309],[32581402.7198,5887755.3291],[32581416.2145,5887757.3281],[32581429.7091,5887754.8289],[32581440.9545,5887746.3321],[32581449.7009,5887732.8374],[32581456.9478,5887715.3442],[32581462.6952,5887694.8523],[32581474.9394,5887626.8791],[32581477.6875,5887569.9017],[32581474.1879,5887499.4298],[32581464.3598,5887408.042],[32581455.6934,5887368.4821],[32581445.4471,5887341.493],[32581438.9495,5887329.4978],[32581431.4524,5887320.5015],[32581422.9556,5887314.504]],[[32567539.6131,5880344.9803],[32567551.1086,5880344.4804],[32567560.105,5880345.9796],[32567577.3322,5880353.2075],[32567595.8411,5880360.9732],[32567604.3377,5880361.4728],[32567609.3357,5880356.9746],[32567611.3348,5880349.4775],[32567611.3346,5880339.4815],[32567607.5858,5880316.9905],[32567600.8382,5880292.5003],[32567594.5905,5880285.0034],[32567574.3483,5880269.01],[32567544.6099,5880254.5162],[32567526.8669,5880248.019],[32567507.8743,5880243.0213],[32567487.3824,5880240.0228],[32567445.6489,5880240.0234],[32567406.4145,5880244.5222],[32567362.1822,5880254.0191],[32567283.9635,5880279.0103],[32567251.2267,5880293.5051],[32567224.7374,5880308.9993],[32567209.7435,5880314.4974],[32567141.2708,5880328.9926],[32567108.7838,5880338.9891],[32567096.7887,5880345.9865],[32567089.2917,5880353.4837],[32567086.0431,5880360.9807],[32567086.0432,5880368.9776],[32567092.5409,5880383.9715],[32567102.2872,5880396.4664],[32567112.7832,5880406.9621],[32567126.278,5880416.4581],[32567134.5247,5880420.4564],[32567154.5169,5880425.4541],[32567178.7573,5880425.4537],[32567204.7469,5880420.9551],[32567232.2359,5880412.4581],[32567259.9798,5880402.426],[32567276.4682,5880396.4638],[32567325.6983,5880374.4718],[32567369.1809,5880361.4763],[32567407.1658,5880356.4778],[32567447.9476,5880354.6976],[32567475.8885,5880353.4779],[32567523.1795,5880347.1717],[32567539.6131,5880344.9803]],[[32570393.2628,5882544.0646],[32570368.7725,5882542.0657],[32570345.4758,5882544.447],[32570334.5361,5882547.564],[32570326.7892,5882552.0624],[32570315.7937,5882562.5584],[32570306.2978,5882582.5506],[32570302.23,5882598.3578],[32570297.5517,5882616.5372],[32570289.0554,5882636.0296],[32570275.8109,5882656.0218],[32570257.5684,5882674.5148],[32570246.323,5882683.0116],[32570220.0835,5882697.0064],[32570176.8358,5882714.7317],[32570159.1081,5882721.9974],[32570127.1209,5882736.9919],[32570113.3765,5882745.4887],[32570103.3806,5882753.9855],[32570096.6334,5882762.9821],[32570092.6351,5882771.4787],[32570091.1358,5882779.4756],[32570093.8849,5882794.4696],[32570097.3836,5882800.967],[32570110.6285,5882811.9624],[32570134.0596,5882820.8897],[32570160.359,5882825.4563],[32570176.3527,5882825.9559],[32570212.3384,5882821.9569],[32570257.3203,5882807.9618],[32570304.0515,5882788.4688],[32570344.0354,5882768.4762],[32570379.0213,5882746.9842],[32570397.2638,5882730.9903],[32570418.2551,5882705.0003],[32570439.9976,5882690.0051],[32570447.2434,5882685.0078],[32570460.4879,5882673.0123],[32570463.9864,5882665.5153],[32570465.2358,5882657.0186],[32570463.2364,5882637.5264],[32570447.4919,5882588.0463],[32570443.2435,5882579.5497],[32570432.4975,5882565.0556],[32570419.7524,5882554.0602],[32570412.7551,5882549.5621],[32570404.0086,5882546.5634],[32570393.2628,5882544.0646]],[[32572596.8954,5882970.3623],[32572582.9009,5882966.3641],[32572577.1531,5882966.864],[32572572.1552,5882969.363],[32572568.4559,5882973.5248],[32572562.9091,5882986.8562],[32572560.9101,5883007.3481],[32572563.9102,5883097.3124],[32572569.6587,5883151.2908],[32572580.4048,5883180.779],[32572596.6488,5883208.7676],[32572642.3816,5883279.7387],[32572684.366,5883352.2093],[32572696.8613,5883366.2036],[32572704.3584,5883371.7013],[32572712.6051,5883375.1998],[32572721.8515,5883377.1988],[32572732.3473,5883377.1987],[32572743.0931,5883374.6995],[32572753.3389,5883369.7013],[32572767.0961,5883358.9156],[32572780.3279,5883343.7113],[32572788.0746,5883331.7159],[32572801.8188,5883304.2266],[32572806.3168,5883289.7323],[32572808.0659,5883275.238],[32572807.316,5883261.2436],[32572804.317,5883247.2492],[32572793.8208,5883221.7595],[32572779.8261,5883200.768],[32572741.8145,5883160.3314],[32572674.1164,5883088.3143],[32572655.8733,5883062.8247],[32572621.636,5883000.8498],[32572604.8923,5882976.8596],[32572596.8954,5882970.3623]],[[32587915.5949,5884957.8437],[32587895.8527,5884956.3446],[32587878.1098,5884958.344],[32587863.6156,5884963.8421],[32587852.1203,5884972.3389],[32587843.124,5884983.3346],[32587836.127,5884995.33],[32587830.8792,5885008.3249],[32587823.5897,5885032.1828],[32587819.8841,5885044.3107],[32587815.1361,5885055.3064],[32587796.5021,5885091.8402],[32587777.1523,5885129.7774],[32587770.1553,5885148.77],[32587771.9047,5885154.7676],[32587777.9024,5885160.2653],[32587799.1441,5885171.2606],[32587827.7017,5885181.7562],[32587903.8531,5885209.7437],[32587924.5949,5885214.7414],[32587934.591,5885215.2411],[32587956.3323,5885210.7425],[32587976.5741,5885200.7462],[32587984.5708,5885193.7489],[32587999.5646,5885173.7566],[32588029.0522,5885125.7752],[32588039.5478,5885105.2832],[32588045.5451,5885085.2911],[32588047.544,5885066.2986],[32588046.2943,5885048.3057],[32588042.5455,5885032.3122],[32588036.7976,5885018.3178],[32588029.5503,5885006.8225],[32588021.5534,5884997.8262],[32588010.8075,5884990.3293],[32587995.8134,5884982.3327],[32587957.5783,5884967.3393],[32587936.5866,5884961.342],[32587915.5949,5884957.8437]],[[32579770.7933,5882419.4732],[32579741.0549,5882408.9778],[32579714.8154,5882408.9782],[32579703.32,5882411.4774],[32579693.0741,5882415.9757],[32579684.3276,5882421.4737],[32579677.5804,5882428.471],[32579672.5825,5882435.9681],[32579670.3335,5882443.4652],[32579670.8334,5882450.4624],[32579678.8304,5882462.4575],[32579694.0745,5882474.4525],[32579705.2651,5882481.2562],[32579725.3124,5882493.4445],[32579743.8052,5882508.9381],[32579751.8022,5882517.9344],[32579759.0495,5882527.9303],[32579770.5452,5882551.9206],[32579775.2935,5882565.915],[32579777.7927,5882580.4092],[32579775.544,5882605.3993],[32579770.0821,5882622.3926],[32579762.0499,5882647.3829],[32579760.7432,5882658.5845],[32579756.8026,5882692.3651],[32579745.5577,5882734.3486],[32579728.565,5882777.8316],[32579710.5726,5882807.8199],[32579707.5738,5882812.818],[32579702.576,5882824.8133],[32579701.3266,5882831.3107],[32579701.8265,5882836.3087],[32579703.8257,5882839.3075],[32579707.3243,5882841.3067],[32579718.0701,5882842.8059],[32579740.3112,5882839.8068],[32579756.8046,5882832.3095],[32579774.0475,5882819.3144],[32579799.537,5882789.8257],[32579815.7802,5882763.336],[32579830.5239,5882733.3477],[32579842.5188,5882703.8592],[32579848.2406,5882686.1726],[32579853.5139,5882669.8726],[32579858.2619,5882661.3759],[32579870.7568,5882646.8814],[32579880.5873,5882638.9891],[32579906.2423,5882618.3922],[32579917.7375,5882603.8978],[32579926.7337,5882585.9048],[32579933.9804,5882554.917],[32579932.9806,5882544.921],[32579928.9821,5882535.4248],[32579922.4846,5882527.4281],[32579905.2412,5882512.9341],[32579877.7519,5882495.4415],[32579856.186,5882479.1743],[32579805.5298,5882440.9642],[32579787.7867,5882429.469],[32579770.7933,5882419.4732]],[[32583831.9481,5883660.9201],[32583821.4522,5883660.4204],[32583811.4562,5883661.92],[32583793.7134,5883670.4169],[32583786.4663,5883676.9144],[32583776.9346,5883691.4802],[32583764.2256,5883710.9013],[32583698.2527,5883775.8765],[32583689.2565,5883786.3724],[32583676.7617,5883807.3643],[32583673.2632,5883818.36],[32583671.7642,5883843.8499],[32583673.7636,5883858.8439],[32583677.2624,5883875.3373],[32583683.5102,5883891.3308],[32583692.007,5883904.8254],[32583703.0028,5883916.3206],[32583715.9978,5883925.8167],[32583745.4862,5883938.3113],[32583761.4799,5883941.8096],[32583792.9675,5883943.8084],[32583806.712,5883943.8082],[32583830.7024,5883940.3092],[32583852.4437,5883931.8122],[32583874.6846,5883916.8179],[32583884.4306,5883906.3219],[32583891.1777,5883892.3273],[32583895.4258,5883875.8338],[32583897.6744,5883837.3491],[32583894.4248,5883771.3753],[32583888.9264,5883731.3913],[32583884.1781,5883714.8979],[32583878.1803,5883700.9035],[32583870.6831,5883688.4086],[32583862.4362,5883678.4127],[32583852.9399,5883670.416],[32583842.6938,5883664.4185],[32583831.9481,5883660.9201]],[[32570607.4119,5875035.3008],[32570591.6663,5875021.5239],[32570544.4303,5875033.3336],[32570495.2265,5875068.7614],[32570501.1326,5875178.9789],[32570453.8968,5875208.5022],[32570447.7073,5875325.2737],[32570678.269,5875241.9577],[32570664.4906,5875155.3584],[32570648.7445,5875104.1862],[32570625.1257,5875056.9505],[32570607.4119,5875035.3008]],[[32577912.3167,5884982.4826],[32577898.5722,5884981.983],[32577884.3278,5884984.982],[32577871.0832,5884990.9799],[32577860.5874,5884998.9768],[32577852.3409,5885008.973],[32577846.0935,5885020.9683],[32577841.8454,5885033.4634],[32577838.0972,5885059.9529],[32577840.8473,5885142.4201],[32577846.8454,5885180.4049],[32577852.0936,5885197.8979],[32577858.8411,5885212.8918],[32577868.0876,5885224.8869],[32577879.3333,5885233.3834],[32577892.0783,5885239.3808],[32577906.0728,5885242.8792],[32577934.8114,5885243.3786],[32577961.3009,5885238.3802],[32577974.0457,5885233.8818],[32578001.5346,5885218.3875],[32578015.279,5885207.8915],[32578039.769,5885182.901],[32578049.265,5885168.9065],[32578056.0121,5885154.4121],[32578059.0107,5885139.418],[32578057.0113,5885123.9242],[32578051.5133,5885107.4309],[32578042.7665,5885090.9375],[32578031.7706,5885074.4443],[32578005.7805,5885044.4566],[32577979.0408,5885019.4669],[32577952.8009,5884998.9754],[32577939.556,5884990.9788],[32577926.0613,5884985.4812],[32577912.3167,5884982.4826]],[[32576423.9308,5886712.8175],[32576377.4492,5886710.3192],[32576342.4631,5886713.8183],[32576331.7174,5886718.3167],[32576324.7203,5886725.314],[32576320.722,5886733.8107],[32576319.2227,5886743.3069],[32576321.9719,5886764.2986],[32576328.2197,5886784.2905],[32576341.7147,5886808.7806],[32576365.2059,5886839.2681],[32576382.2683,5886857.702],[32576406.1902,5886879.2516],[32576427.2187,5886891.3116],[32576440.177,5886898.7433],[32576442.231,5886899.2705],[32576486.9086,5886910.7379],[32576505.6512,5886911.7372],[32576524.3937,5886907.7385],[32576551.1329,5886892.744],[32576599.1133,5886852.2594],[32576603.3615,5886846.2617],[32576605.1587,5886840.4208],[32576604.6108,5886826.7695],[32576599.9094,5886811.4125],[32576597.1134,5886802.2793],[32576592.615,5886792.2833],[32576584.868,5886782.7872],[32576562.6265,5886762.7955],[32576549.3816,5886753.7993],[32576506.6483,5886730.3093],[32576470.6624,5886719.814],[32576423.9308,5886712.8175]],[[32586474.0366,5875536.1061],[32586416.0596,5875535.1074],[32586377.5749,5875537.6069],[32586344.5881,5875543.6051],[32586331.5933,5875547.6037],[32586322.0971,5875552.6018],[32586306.3536,5875567.0963],[32586292.6093,5875585.5892],[32586286.8617,5875596.0851],[32586282.3637,5875607.0808],[32586277.8658,5875630.0717],[32586281.1147,5875648.5643],[32586285.613,5875654.5619],[32586299.8575,5875664.0579],[32586314.9749,5875669.5549],[32586346.5892,5875681.0505],[32586391.8214,5875690.0462],[32586425.3081,5875693.0445],[32586479.7865,5875693.0437],[32586495.5302,5875691.0443],[32586509.5246,5875687.0456],[32586522.2695,5875682.5472],[32586533.7648,5875676.0496],[32586566.7514,5875651.0591],[32586576.2475,5875641.0629],[32586582.2449,5875631.0668],[32586585.7434,5875621.0707],[32586586.493,5875610.5748],[32586584.7435,5875600.5788],[32586580.9949,5875591.0827],[32586568.9994,5875571.5906],[32586560.5026,5875562.5943],[32586550.0067,5875555.0974],[32586523.7669,5875544.1022],[32586491.7796,5875537.6052],[32586474.0366,5875536.1061]],[[32585190.3151,5876897.0851],[32585176.5705,5876895.5859],[32585153.0798,5876897.5854],[32585131.0887,5876906.0824],[32585107.5982,5876920.577],[32585095.3532,5876931.5728],[32585084.3578,5876947.5666],[32585066.1156,5876987.0512],[32585053.1213,5877029.0347],[32585045.8747,5877063.5211],[32585046.3749,5877092.5096],[32585049.6238,5877107.5036],[32585061.1196,5877133.9929],[32585068.8667,5877144.9885],[32585077.3634,5877153.485],[32585086.6098,5877158.4828],[32585096.6059,5877160.4819],[32585119.5967,5877155.4835],[32585145.3363,5877140.9889],[32585159.0807,5877130.4929],[32585188.0688,5877104.5027],[32585215.0577,5877074.0144],[32585236.2988,5877041.0272],[32585244.2954,5877024.5336],[32585255.5405,5876992.0464],[32585258.5391,5876976.5525],[32585259.7884,5876962.558],[32585256.0395,5876938.0678],[32585250.7915,5876928.0718],[32585243.2943,5876919.0755],[32585233.2982,5876911.5787],[32585220.8031,5876905.5812],[32585190.3151,5876897.0851]],[[32577492.2362,5885196.404],[32577448.7534,5885193.4058],[32577426.7621,5885194.9056],[32577406.5202,5885200.4037],[32577388.772,5885209.9057],[32577374.5332,5885224.3946],[32577365.2872,5885244.8866],[32577363.2883,5885267.3777],[32577370.0359,5885287.3697],[32577383.5308,5885304.3627],[32577402.5235,5885318.8567],[32577425.0147,5885331.3514],[32577449.5052,5885341.8468],[32577498.486,5885357.3399],[32577543.4683,5885368.3349],[32577585.4517,5885373.832],[32577604.4442,5885373.8317],[32577621.4374,5885371.8323],[32577639.3046,5885365.4217],[32577648.4266,5885359.8366],[32577657.173,5885350.3403],[32577662.4207,5885340.3442],[32577664.4198,5885329.8483],[32577664.1698,5885319.3525],[32577657.9219,5885297.8611],[32577648.4254,5885277.8692],[32577640.6784,5885267.8733],[32577612.1893,5885244.3831],[32577572.7047,5885221.8926],[32577551.7128,5885212.3967],[32577530.971,5885204.9],[32577492.2362,5885196.404]],[[32568186.3665,5881039.6948],[32568154.1292,5881037.1963],[32568077.4097,5881039.1967],[32568039.4248,5881043.6954],[32568024.6807,5881046.6945],[32568012.9354,5881051.1929],[32568002.9394,5881058.69],[32567995.1927,5881068.6862],[32567989.4451,5881081.1813],[32567985.197,5881095.1758],[32567983.198,5881111.6693],[32567983.9482,5881148.1548],[32567988.4467,5881165.148],[32567997.1934,5881177.6429],[32568009.1888,5881186.6391],[32568022.9334,5881192.1367],[32568037.6776,5881195.6351],[32568084.9089,5881199.133],[32568123.1437,5881197.1333],[32568173.8735,5881188.1361],[32568223.3537,5881174.1409],[32568244.5952,5881164.6444],[32568261.5882,5881151.1495],[32568268.0856,5881144.1522],[32568272.0838,5881135.1557],[32568273.5831,5881124.6598],[32568272.5833,5881113.6642],[32568269.3345,5881102.1688],[32568263.5866,5881090.1737],[32568255.3397,5881079.1781],[32568233.848,5881059.6862],[32568213.8557,5881047.6913],[32568186.3665,5881039.6948]],[[32578469.3638,5886290.9544],[32578484.3576,5886270.9621],[32578492.6041,5886255.9679],[32578496.6024,5886242.973],[32578501.5999,5886210.4859],[32578502.3494,5886191.9932],[32578500.1,5886171.5014],[32578492.6026,5886148.5106],[32578486.3549,5886137.0153],[32578478.8578,5886127.0194],[32578469.8612,5886118.5229],[32578449.6191,5886106.0281],[32578438.3735,5886102.5297],[32578415.3826,5886100.031],[32578403.6373,5886101.5306],[32578380.6465,5886107.5286],[32578369.6509,5886112.5267],[32578350.6587,5886125.5219],[32578337.1642,5886141.0159],[32578322.8585,5886170.2887],[32578304.678,5886207.49],[32578289.4863,5886227.2241],[32578280.4381,5886238.9778],[32578273.691,5886254.9715],[32578272.4416,5886263.4682],[32578275.9405,5886279.4618],[32578280.9386,5886286.4589],[32578292.1842,5886293.9558],[32578297.4321,5886294.4555],[32578306.0114,5886292.6229],[32578323.1718,5886288.9573],[32578332.6681,5886288.4574],[32578348.9117,5886292.4555],[32578354.1597,5886296.9537],[32578360.6572,5886308.9488],[32578364.1237,5886323.7702],[32578367.9048,5886339.9364],[32578374.6522,5886347.9331],[32578379.4004,5886348.9326],[32578399.8922,5886345.4337],[32578417.635,5886339.4359],[32578432.3791,5886331.4388],[32578452.8707,5886311.4465],[32578469.3638,5886290.9544]],[[32576433.1405,5884083.8622],[32576416.1472,5884081.3634],[32576401.1531,5884081.3637],[32576388.908,5884083.363],[32576379.1619,5884088.3612],[32576372.1648,5884094.8587],[32576367.6667,5884103.3554],[32576365.4177,5884113.3515],[32576365.6678,5884124.3471],[32576368.4168,5884135.8425],[32576373.6649,5884148.3375],[32576383.4046,5884164.164],[32576417.6485,5884219.8084],[32576442.0429,5884265.6085],[32576454.3849,5884288.7804],[32576460.8824,5884295.7775],[32576468.3795,5884299.7758],[32576486.8722,5884299.2758],[32576527.6058,5884285.2807],[32576552.5958,5884274.2847],[32576563.8412,5884264.7883],[32576566.59,5884259.2904],[32576568.7764,5884251.4189],[32576572.8372,5884236.7993],[32576591.0793,5884187.3187],[32576592.5784,5884166.8268],[32576590.3292,5884156.331],[32576585.5809,5884146.335],[32576577.8339,5884138.8381],[32576567.8378,5884132.3409],[32576556.3422,5884127.343],[32576539.5304,5884121.2724],[32576520.3563,5884114.3487],[32576484.3704,5884098.8554],[32576450.6336,5884087.8603],[32576433.1405,5884083.8622]],[[32587343.9912,5879152.6572],[32587332.9955,5879151.158],[32587323.2494,5879152.6575],[32587315.0028,5879156.1563],[32587302.0081,5879168.1517],[32587293.0119,5879185.1451],[32587286.2649,5879206.1368],[32587281.0175,5879244.1218],[32587281.7675,5879269.6117],[32587284.0168,5879280.6073],[32587288.5151,5879290.6033],[32587295.7624,5879298.6],[32587315.0049,5879309.5953],[32587337.2461,5879316.5922],[32587377.2304,5879325.5881],[32587397.2226,5879335.084],[32587408.5932,5879341.8312],[32587442.7049,5879362.0726],[32587455.9497,5879362.5722],[32587466.4455,5879361.0726],[32587484.6881,5879352.5757],[32587507.9286,5879331.5837],[32587514.6758,5879321.5876],[32587517.6744,5879310.5919],[32587517.9242,5879299.5963],[32587515.425,5879287.6011],[32587511.1765,5879276.1057],[32587497.9315,5879253.115],[32587479.9383,5879231.124],[32587448.4505,5879206.6342],[32587389.9732,5879172.1488],[32587356.7362,5879156.1556],[32587343.9912,5879152.6572]],[[32577650.4648,5888162.7227],[32577638.7194,5888160.2239],[32577628.2236,5888160.224],[32577619.727,5888163.223],[32577613.7294,5888167.7213],[32577605.4829,5888180.2164],[32577596.9866,5888207.7056],[32577594.4877,5888213.7033],[32577589.9895,5888218.7014],[32577573.2463,5888227.698],[32577527.4909,5888242.1655],[32577505.2736,5888249.1905],[32577492.5287,5888255.1883],[32577483.5324,5888263.1853],[32577478.2846,5888272.1818],[32577476.0356,5888282.6777],[32577476.0358,5888293.6733],[32577478.285,5888305.1687],[32577486.5321,5888327.1598],[32577493.5294,5888335.6563],[32577504.5251,5888341.6538],[32577533.5137,5888346.1516],[32577598.5998,5888346.5279],[32577619.7295,5888346.6501],[32577651.7168,5888342.6512],[32577712.1927,5888330.655],[32577723.1882,5888324.1574],[32577729.9354,5888316.1605],[32577732.9341,5888308.6634],[32577733.4338,5888298.1676],[32577731.6843,5888284.673],[32577723.1872,5888253.1856],[32577704.6939,5888207.2042],[32577696.9468,5888194.7093],[32577686.9506,5888183.7138],[32577675.455,5888174.7175],[32577650.4648,5888162.7227]],[[32571961.8947,5882799.4397],[32571935.9049,5882792.9426],[32571914.1635,5882792.943],[32571897.6701,5882799.4406],[32571890.6517,5882806.3098],[32571866.3496,5882830.0956],[32571838.9442,5882856.9187],[32571824.7001,5882876.911],[32571821.2016,5882886.4072],[32571820.452,5882894.9039],[32571824.9505,5882909.3981],[32571834.6967,5882919.3939],[32571841.7627,5882922.2315],[32571896.9224,5882944.3831],[32571945.6533,5882959.3764],[32571979.3901,5882967.3727],[32572027.3711,5882974.3692],[32572054.3604,5882974.3688],[32572065.606,5882972.8692],[32572074.6023,5882968.8707],[32572081.0997,5882962.873],[32572085.098,5882955.3759],[32572087.3469,5882937.383],[32572085.8473,5882927.8868],[32572078.8499,5882912.3931],[32572051.6102,5882875.4082],[32572023.121,5882842.4217],[32572007.377,5882826.9281],[32571991.6331,5882814.4333],[32571976.389,5882805.4371],[32571961.8947,5882799.4397]],[[32579164.1036,5887407.0006],[32579133.8656,5887406.0015],[32579118.6128,5887410.0175],[32579111.3746,5887413.9986],[32579103.6278,5887421.4957],[32579098.1301,5887430.4923],[32579091.3831,5887452.9834],[32579088.6345,5887477.4737],[32579089.1345,5887489.4689],[32579091.6337,5887500.4645],[32579096.132,5887510.9603],[32579111.6262,5887530.9521],[32579149.3616,5887560.4399],[32579180.8493,5887576.9328],[32579196.5931,5887582.4304],[32579227.331,5887587.9278],[32579241.5754,5887587.9276],[32579266.0656,5887583.429],[32579284.808,5887572.9329],[32579292.3049,5887565.4358],[32579304.2999,5887545.4435],[32579318.0439,5887504.9594],[32579319.5431,5887490.4652],[32579317.0439,5887477.4704],[32579312.922,5887469.8864],[32579301.7996,5887456.4789],[32579278.5586,5887440.9854],[32579227.5786,5887422.4935],[32579196.3409,5887413.4976],[32579164.1036,5887407.0006]],[[32583941.8823,5881991.6476],[32583896.2025,5881987.3658],[32583847.6679,5881990.2215],[32583820.5458,5882007.3518],[32583819.1186,5882025.9092],[32583821.9739,5882045.894],[32583849.0967,5882084.4358],[32583867.6551,5882155.81],[32583880.5027,5882171.5122],[32583900.4877,5882180.0768],[32583927.61,5882181.5039],[32583960.4422,5882180.0759],[32583988.992,5882175.793],[32584000.4117,5882160.0905],[32584006.1214,5882144.388],[32584008.9762,5882128.6856],[32584019.2201,5882103.0746],[32584027.5324,5882045.8909],[32584017.5396,5882021.6237],[32583996.127,5881998.7842],[32583941.8823,5881991.6476]],[[32577102.1217,5875836.2716],[32577047.1023,5875834.4385],[32577010.4228,5875841.7749],[32576949.9018,5875861.9496],[32576933.3963,5875882.1236],[32576935.2311,5875946.3128],[32576951.7374,5875979.3242],[32576970.0775,5876001.3316],[32576979.2475,5876010.5014],[32576990.78,5876018.7386],[32577025.0972,5876025.1725],[32577045.2709,5876019.6703],[32577061.7766,5876010.5001],[32577072.7803,5875997.6621],[32577078.282,5875982.9902],[32577091.1197,5875966.4842],[32577107.6254,5875962.816],[32577122.2972,5875957.3138],[32577144.3049,5875955.4795],[32577157.1427,5875949.9774],[32577144.304,5875891.2903],[32577120.4617,5875849.1092],[32577102.1217,5875836.2716]],[[32571553.8042,5882641.5085],[32571529.3139,5882640.5093],[32571510.0715,5882642.009],[32571503.3242,5882644.5081],[32571498.3263,5882648.5065],[32571495.8274,5882654.5042],[32571496.0774,5882662.0012],[32571504.3244,5882683.9924],[32571511.8216,5882697.4869],[32571543.5597,5882746.9668],[32571578.2966,5882796.4466],[32571611.2841,5882835.9304],[32571634.2753,5882857.9214],[32571661.015,5882875.414],[32571678.5081,5882878.9124],[32571686.5049,5882876.913],[32571693.2521,5882871.9149],[32571698.0001,5882863.918],[32571700.7489,5882853.9219],[32571701.9983,5882842.4265],[32571701.2482,5882816.9366],[32571695.2501,5882782.4504],[32571683.5041,5882733.9698],[32571672.2581,5882700.9831],[32571665.5106,5882686.9888],[32571658.0134,5882676.493],[32571649.5166,5882668.4963],[32571640.2702,5882661.4993],[32571619.0285,5882651.5035],[32571594.5381,5882645.0065],[32571553.8042,5882641.5085]],[[32583551.7382,5878527.9621],[32583538.7433,5878526.9627],[32583514.0032,5878528.9623],[32583490.2627,5878535.9598],[32583468.2716,5878549.9546],[32583458.2757,5878558.9512],[32583449.2794,5878569.9469],[32583434.5356,5878595.437],[32583426.0394,5878623.4261],[32583425.04,5878635.4213],[32583426.2896,5878645.4173],[32583429.5384,5878654.4137],[32583442.0337,5878667.9082],[32583450.7803,5878673.4059],[32583472.5217,5878681.4024],[32583484.0172,5878682.9016],[32583508.2575,5878679.9024],[32583575.7305,5878659.9093],[32583607.7349,5878653.465],[32583612.9656,5878652.4118],[32583625.7105,5878648.4132],[32583646.4521,5878636.9174],[32583657.6974,5878624.922],[32583664.1946,5878608.9283],[32583664.6943,5878598.9322],[32583662.9449,5878589.436],[32583652.9486,5878570.9435],[32583644.7017,5878562.447],[32583634.4557,5878554.4503],[32583607.966,5878541.4559],[32583578.7275,5878532.4599],[32583551.7382,5878527.9621]],[[32572753.3661,5877334.188],[32572670.4592,5877317.2696],[32572660.3084,5877391.7164],[32572709.3758,5877401.8675],[32572709.3761,5877423.8632],[32572719.5282,5877444.1667],[32572748.2921,5877469.5458],[32572778.7477,5877478.0052],[32572793.9755,5877479.6969],[32572849.8106,5877479.6961],[32572875.19,5877467.8519],[32572898.8773,5877449.2399],[32572903.9529,5877422.1682],[32572890.4167,5877391.713],[32572863.3446,5877357.874],[32572844.7329,5877351.1064],[32572753.3661,5877334.188]],[[32577372.5762,5888252.1913],[32577355.8328,5888250.6922],[32577322.0962,5888250.6927],[32577291.8582,5888253.692],[32577278.3636,5888256.691],[32577255.123,5888266.6874],[32577245.8767,5888274.1845],[32577238.3798,5888283.1811],[32577221.387,5888314.169],[32577218.3883,5888325.1647],[32577217.6388,5888335.6605],[32577219.6382,5888346.6561],[32577224.8862,5888356.6521],[32577234.1327,5888367.1478],[32577246.3779,5888375.1444],[32577261.1222,5888381.1418],[32577277.1159,5888384.6402],[32577294.3591,5888386.1393],[32577329.845,5888385.1392],[32577376.3265,5888379.1408],[32577394.3193,5888374.6423],[32577410.063,5888368.6445],[32577417.7874,5888367.4857],[32577430.055,5888365.6454],[32577436.5524,5888362.6465],[32577441.8002,5888358.1482],[32577446.0485,5888351.6507],[32577448.5474,5888343.154],[32577449.047,5888332.1584],[32577444.5484,5888304.1696],[32577438.3007,5888289.1756],[32577429.3041,5888277.1806],[32577417.5586,5888267.6845],[32577404.0638,5888260.6875],[32577372.5762,5888252.1913]],[[32571050.9713,5875394.7984],[32571049.5829,5875267.2251],[32570927.5566,5875306.0536],[32570812.4635,5875332.402],[32570827.6744,5875429.1897],[32571050.9713,5875394.7984]],[[32567803.2512,5879807.6898],[32567791.006,5879806.6904],[32567767.7653,5879808.1901],[32567748.0232,5879812.6886],[32567731.5298,5879819.1863],[32567718.2851,5879827.6831],[32567706.7899,5879839.6785],[32567687.298,5879871.6661],[32567721.981,5879913.6104],[32567753.5859,5879951.8323],[32567769.5774,5879971.1718],[32567804.2537,5880013.1082],[32567818.248,5880006.1108],[32567836.7405,5879993.1157],[32567846.4865,5879983.6193],[32567855.2329,5879972.1237],[32567867.9774,5879944.6345],[32567872.2256,5879930.1402],[32567875.9737,5879902.651],[32567874.224,5879877.661],[32567866.9766,5879856.1696],[32567861.2288,5879847.1733],[32567854.2314,5879838.1769],[32567836.4882,5879822.1836],[32567825.9923,5879815.6863],[32567803.2512,5879807.6898]],[[32583696.9236,5878027.6585],[32583675.1822,5878027.1591],[32583652.6912,5878032.1574],[32583640.946,5878037.6554],[32583630.7001,5878046.1522],[32583623.7031,5878057.1479],[32583619.4549,5878070.1428],[32583617.4561,5878098.6316],[32583620.9551,5878123.6216],[32583623.2043,5878132.618],[32583627.2028,5878139.1153],[32583633.4504,5878144.6131],[32583652.1931,5878152.1098],[32583693.4341,5878159.8524],[32583713.4189,5878163.6043],[32583732.9112,5878165.1034],[32583747.9052,5878164.1036],[32583761.1499,5878160.6048],[32583774.3946,5878155.1068],[32583793.8867,5878143.1113],[32583810.6298,5878125.1182],[32583815.1279,5878117.1213],[32583820.3756,5878101.1275],[32583820.6253,5878085.1339],[32583818.626,5878077.1371],[32583806.1306,5878053.1468],[32583799.6331,5878046.1497],[32583782.6397,5878038.6529],[32583739.9066,5878035.1549],[32583722.7131,5878032.1563],[32583696.9236,5878027.6585]],[[32571388.6294,5883340.7333],[32571359.8907,5883332.2371],[32571329.4027,5883332.2376],[32571315.4083,5883334.237],[32571291.168,5883340.7348],[32571271.9258,5883351.2309],[32571263.4292,5883357.7284],[32571255.9323,5883366.2252],[32571249.1851,5883376.2213],[32571244.937,5883386.7172],[32571245.6868,5883397.7128],[32571249.9353,5883408.2086],[32571257.1826,5883418.7043],[32571266.429,5883429.2],[32571279.6305,5883441.6437],[32571312.1231,5883472.271],[32571327.4057,5883486.6763],[32571338.6513,5883494.6729],[32571353.3166,5883499.8435],[32571366.1405,5883501.1699],[32571382.8839,5883498.1709],[32571402.376,5883488.6744],[32571412.3719,5883479.6778],[32571419.6189,5883468.682],[32571424.3668,5883455.1873],[32571426.8656,5883440.693],[32571427.6151,5883425.1992],[32571425.3966,5883394.9775],[32571423.1163,5883380.7169],[32571418.8678,5883368.2219],[32571411.3706,5883357.2264],[32571401.1245,5883348.2302],[32571388.6294,5883340.7333]],[[32584390.0287,5875770.1662],[32584385.6647,5875669.8261],[32584169.7152,5875669.8293],[32584172.0569,5875761.1041],[32584390.0287,5875770.1662]],[[32576300.2315,5886834.2711],[32576277.7404,5886833.7716],[32576255.4994,5886840.2694],[32576244.5038,5886846.2672],[32576235.2576,5886853.2645],[32576229.26,5886860.7616],[32576226.5113,5886869.7581],[32576226.5114,5886879.7541],[32576232.7593,5886904.2443],[32576253.5095,5886955.5599],[32576254.7439,5886958.6127],[32576261.2489,5886972.7166],[32576265.3953,5886978.1692],[32576270.7167,5886985.167],[32576279.492,5886996.7068],[32576285.7396,5887002.2046],[32576296.9852,5887007.7022],[32576306.7314,5887005.7028],[32576310.9796,5887003.2038],[32576343.2164,5886967.7174],[32576360.2093,5886945.2261],[32576366.9565,5886933.7305],[32576375.2029,5886911.2394],[32576375.9524,5886900.7435],[32576372.628,5886886.6244],[32576364.9564,5886872.7548],[32576347.4631,5886856.2616],[32576335.9676,5886848.265],[32576311.9769,5886837.2697],[32576300.2315,5886834.2711]],[[32585738.7091,5874893.7213],[32585762.6742,5874753.9137],[32585858.1359,5874760.2764],[32585846.558,5874713.9675],[32585802.6181,5874686.0067],[32585795.1517,5874679.4738],[32585726.7228,5874690.0023],[32585666.808,5874877.7444],[32585738.7091,5874893.7213]]]],"crs":{"type":"EPSG","properties":{"code":4647}}},"properties":{"FL_NR":25444,"BR":3,"BR_NAME":"GEEST","BGL":8,"BGL_NAME":" Geestplatten und Endmoränen","BL":9,"BL_NAME":"Fluviatile und glazifluviatile Ablagerungen","BR_BGL_BL_NAME":"GEEST /  Geestplatten und Endmoränen / Fluviatile und glazifluviatile Ablagerungen","TKNR":null,"TKNAME":null,"UP_DATE":"2018-09-06T14:14:17.0000000"}}]}