{"type": "FeatureCollection","features":[{"type":"Feature","geometry":{"type":"MultiPolygon","coordinates":[[[[32545665.7366,5716610.0327],[32545617.9822,5716621.0914],[32545532.3216,5716640.9281],[32545458.5166,5716658.0194],[32545474.2851,5716633.529],[32545477.1488,5716621.0343],[32545482.6372,5716608.785],[32545482.995,5716608.0908],[32545667.87,5716609.5613],[32545665.7366,5716610.0327]]],[[[32537940.8445,5723542.8656],[32537963.5909,5723555.8628],[32537980.5793,5723579.8496],[32537986.8272,5723609.3373],[32537986.5777,5723638.3253],[32537978.8312,5723664.8145],[32537962.8378,5723684.8066],[32537935.349,5723703.7993],[32537897.8639,5723710.7972],[32537867.1261,5723709.2984],[32537839.8867,5723696.3043],[32537822.5399,5723674.9555],[32537821.7171,5723673.9428],[32537820.3941,5723672.3146],[32537814.1461,5723637.3291],[32537820.3931,5723600.3442],[32537835.1368,5723571.3559],[32537856.1282,5723550.864],[32537882.3676,5723540.3678],[32537911.8559,5723537.8682],[32537940.8445,5723542.8656]]],[[[32527246.4764,5732705.7805],[32527263.7196,5732711.2781],[32527278.214,5732720.2743],[32527288.4601,5732733.2689],[32527297.3095,5732752.4594],[32527309.2025,5732778.2505],[32527317.9492,5732792.2448],[32527330.4445,5732806.239],[32527361.2538,5732827.8311],[32527388.9218,5732847.2217],[32527401.4171,5732864.7145],[32527403.6666,5732888.7048],[32527396.1699,5732912.1955],[32527381.9258,5732926.19],[32527360.6843,5732931.1883],[32527331.9457,5732927.1903],[32527304.4564,5732916.1951],[32527282.7149,5732901.7012],[32527205.7446,5732842.2261],[32527184.5027,5732822.7343],[32527171.0078,5732802.2427],[32527165.7595,5732778.2524],[32527166.2589,5732753.7623],[32527170.507,5732733.2705],[32527179.5031,5732717.2768],[32527194.2471,5732707.7804],[32527212.2399,5732703.282],[32527229.4831,5732702.782],[32527246.4764,5732705.7805]]],[[[32541089.364,5724769.8002],[32541116.6032,5724774.7976],[32541142.843,5724784.793],[32541161.8357,5724800.7861],[32541171.5821,5724822.7769],[32541174.5813,5724848.2664],[32541171.333,5724875.2554],[32541163.0866,5724901.2449],[32541149.3424,5724922.2365],[32541130.3501,5724938.2303],[32541106.6097,5724951.2254],[32541079.3707,5724962.7212],[32541052.8813,5724969.7188],[32541030.6401,5724969.7193],[32541012.1473,5724964.7217],[32540996.6534,5724957.225],[32540980.1598,5724946.7296],[32540962.6665,5724930.2367],[32540949.9212,5724908.7458],[32540947.172,5724884.7557],[32540956.6678,5724857.2668],[32540972.1613,5724829.7778],[32540993.4024,5724800.7893],[32541042.5493,5724779.4638],[32541067.1228,5724768.801],[32541089.364,5724769.8002]]],[[[32539097.3353,5719962.8166],[32539084.5903,5719960.8177],[32539071.3455,5719954.3207],[32539060.3497,5719942.3259],[32539052.1028,5719927.832],[32539044.8554,5719910.3394],[32539144.064,5719763.8975],[32539166.5547,5719737.4079],[32539195.2929,5719710.4183],[32539224.0312,5719687.4272],[32539246.5221,5719673.4324],[32539265.7643,5719664.9355],[32539288.0054,5719657.4381],[32539340.2346,5719646.9412],[32539365.4745,5719645.9411],[32539387.2159,5719648.4395],[32539430.6989,5719659.9338],[32539319.2441,5719731.9067],[32539265.5159,5719768.3929],[32539203.5412,5719817.8739],[32539181.3003,5719842.8641],[32539162.0584,5719872.3524],[32539147.3146,5719901.3408],[32539131.5714,5719941.3247],[32539122.3253,5719952.8202],[32539111.0799,5719961.8167],[32539097.3353,5719962.8166]]],[[[32535830.1445,5720956.9777],[32535818.3995,5720977.4694],[32535809.4034,5721005.458],[32535801.9074,5721073.43],[32535799.6584,5721084.9253],[32535792.4116,5721104.4174],[32535782.6656,5721114.9133],[32535764.423,5721126.9087],[32535667.9619,5721176.3903],[32535650.4689,5721182.8879],[32535634.7252,5721185.3872],[32535624.4792,5721179.8897],[32535618.9812,5721169.3942],[32535616.9819,5721157.899],[32535619.4806,5721141.9056],[32535664.7108,5721007.4603],[32535677.2054,5720976.9727],[32535689.4503,5720954.9815],[32535714.9397,5720922.4944],[32535744.4277,5720898.5037],[32535769.9174,5720883.5093],[32535774.1656,5720881.0103],[32535783.3693,5720888.62],[32535844.8884,5720939.4846],[32535830.1445,5720956.9777]]],[[[32546053.4145,5720276.2946],[32546030.8652,5720267.0833],[32546001.3808,5720262.1443],[32545965.6158,5720259.6743],[32545911.6605,5720258.6226],[32545854.6939,5720259.6051],[32545825.9223,5720261.0443],[32545799.183,5720265.0432],[32545770.6944,5720273.0406],[32545722.9018,5720289.0218],[32545689.9768,5720300.0314],[32545648.7432,5720309.0287],[32545627.0019,5720311.0284],[32545591.7658,5720306.0312],[32545558.7788,5720304.5325],[32545520.9606,5720323.5807],[32545520.9601,5720294.0653],[32545516.8708,5720249.0876],[32545504.9627,5720213.3659],[32545542.0344,5720227.5642],[32545586.5169,5720236.5596],[32545596.2871,5720236.0289],[32545641.7449,5720233.5596],[32545700.3544,5720222.1445],[32545803.4304,5720202.0688],[32545847.4129,5720197.5696],[32545894.9899,5720195.8255],[32545935.5449,5720194.3389],[32545974.1594,5720188.9757],[32545994.3215,5720183.566],[32546019.2715,5720173.3514],[32546062.2109,5720146.4785],[32546062.2338,5720146.4687],[32546061.0226,5720279.4025],[32546053.4145,5720276.2946]]],[[[32526804.8948,5732229.9778],[32526829.6353,5732250.4693],[32526889.1127,5732318.9409],[32526921.3504,5732352.427],[32526951.8386,5732380.4154],[32526992.3231,5732413.9014],[32527001.8195,5732428.8952],[32527007.0677,5732450.8863],[32527010.0669,5732477.3756],[32527010.0673,5732501.8657],[32527004.3199,5732521.8577],[32526989.326,5732535.8523],[32526969.3341,5732539.851],[32526950.8413,5732532.854],[32526932.8483,5732519.8595],[32526902.6523,5732490.8724],[32526882.8674,5732471.8795],[32526859.3765,5732454.3868],[32526794.4018,5732420.4013],[32526768.6618,5732401.9091],[32526753.4174,5732372.921],[32526748.1689,5732335.4361],[32526748.1684,5732299.9504],[32526751.4167,5732269.4626],[32526756.9142,5732247.9712],[32526766.6601,5732234.4765],[32526783.1534,5732226.4795],[32526804.8948,5732229.9778]]],[[[32544799.5741,5719904.2127],[32544789.078,5719886.2202],[32544784.8293,5719858.7315],[32544790.8264,5719820.7469],[32544806.5696,5719780.7628],[32544827.2089,5719742.7683],[32544842.8042,5719714.2891],[32544853.5496,5719684.3011],[32544863.2948,5719623.3257],[32544874.54,5719600.3348],[32544897.5308,5719590.3384],[32544927.0192,5719594.8358],[32544952.5092,5719607.83],[32544972.2517,5719625.8222],[32544983.4975,5719644.3144],[32544988.246,5719669.8039],[32544988.7463,5719704.2898],[32544985.2482,5719741.2748],[32544978.0015,5719774.7614],[32544965.7568,5719805.2492],[32544946.2063,5719842.7008],[32544917.5271,5719887.2169],[32544900.0342,5719902.711],[32544874.7944,5719914.7067],[32544844.8064,5719919.2055],[32544812.819,5719913.2087],[32544799.5741,5719904.2127]]],[[[32539018.7115,5726658.0619],[32539007.2163,5726677.5541],[32538972.2309,5726724.0356],[32538949.2403,5726751.0248],[32538890.5144,5726807.0028],[32538824.8601,5726861.8161],[32538781.5589,5726897.9672],[32538753.0706,5726925.4564],[32538729.5803,5726953.4453],[32538706.0901,5726986.9319],[32538683.5995,5727023.4173],[32538635.8696,5727108.3831],[32538600.3845,5727162.8612],[32538531.4132,5727259.3227],[32538406.9648,5727420.2585],[32538451.238,5727328.2781],[32538535.9099,5727152.3667],[32538608.879,5727016.4214],[32538637.3671,5726972.9388],[32538668.1044,5726934.4542],[32538702.0904,5726895.4696],[32538758.5671,5726835.9932],[32538858.2764,5726748.5274],[32538921.5006,5726695.5482],[32538964.483,5726662.0612],[32538987.7236,5726649.0661],[32539005.4665,5726643.5681],[32539020.7105,5726642.0684],[32539018.7115,5726658.0619]]],[[[32543587.5654,5720670.427],[32543615.3046,5720682.9213],[32543641.2946,5720702.4128],[32543682.7788,5720745.3943],[32543744.7552,5720813.865],[32543806.2318,5720884.8347],[32543846.4666,5720934.8134],[32543869.208,5720969.2988],[32543888.4509,5721006.2833],[32543898.4475,5721040.769],[32543892.7002,5721070.7569],[32543871.4588,5721083.2523],[32543842.97,5721075.7559],[32543813.4814,5721056.7643],[32543788.9908,5721035.2736],[32543724.1765,5720964.3601],[32543676.386,5720912.0724],[32543635.0494,5720866.8458],[32543566.5754,5720784.3809],[32543545.5833,5720755.3932],[32543534.0875,5720732.4029],[32543529.0892,5720708.9126],[32543531.338,5720687.9211],[32543542.0835,5720672.927],[32543562.0755,5720666.929],[32543587.5654,5720670.427]]],[[[32545059.7637,5720359.8656],[32545089.2159,5720367.0176],[32545116.4552,5720377.0129],[32545135.6978,5720391.5066],[32545146.6938,5720414.9967],[32545147.4439,5720441.9857],[32545138.9476,5720465.4764],[32545125.7031,5720486.4681],[32545111.459,5720503.9613],[32545104.9617,5720514.4572],[32545104.2121,5720519.9549],[32545097.215,5720529.4512],[32545041.7378,5720582.9307],[32545012.1222,5720614.395],[32545001.2602,5720630.5272],[32544984.5115,5720655.4024],[32544966.2689,5720667.3979],[32544944.0278,5720674.3956],[32544894.7973,5720675.3962],[32544876.8044,5720670.8985],[32544864.809,5720658.9036],[32544859.0609,5720632.9143],[32544859.5602,5720599.428],[32544870.2056,5720538.8778],[32544875.5526,5720508.4647],[32544881.2994,5720446.9896],[32544891.0451,5720414.5026],[32544912.0364,5720386.0138],[32544942.7739,5720366.0212],[32544970.8876,5720357.5865],[32544977.7599,5720355.5247],[32545015.245,5720353.0249],[32545059.7637,5720359.8656]]],[[[32545664.2713,5722707.0525],[32545638.0318,5722719.0482],[32545615.041,5722724.5464],[32545594.2991,5722717.0499],[32545527.5752,5722686.0639],[32545495.0879,5722676.0686],[32545461.6011,5722673.5703],[32545423.3663,5722675.5703],[32545358.3922,5722685.0678],[32545336.151,5722682.5692],[32545316.4086,5722671.0743],[32545296.6662,5722652.0825],[32545319.9066,5722628.5916],[32545330.6522,5722615.5966],[32545341.6476,5722598.6033],[32545352.6429,5722575.1126],[32545361.389,5722545.6245],[32545366.1366,5722510.6386],[32545365.1366,5722476.6525],[32545361.3877,5722450.1633],[32545354.8899,5722427.1728],[32545395.3738,5722421.1744],[32545430.8597,5722419.6743],[32545463.097,5722423.672],[32545494.0849,5722435.6665],[32545531.5703,5722455.1578],[32545574.0538,5722481.1463],[32545664.269,5722545.1184],[32545727.4946,5722593.5974],[32545728.9942,5722606.0923],[32545728.7446,5722627.0837],[32545723.497,5722651.5739],[32545711.0023,5722672.5656],[32545690.0108,5722690.5587],[32545664.2713,5722707.0525]]],[[[32544409.5434,5724449.3678],[32544427.7863,5724459.3634],[32544440.2817,5724482.3538],[32544447.7792,5724515.3402],[32544456.0058,5724570.6691],[32544466.7733,5724629.7931],[32544487.0162,5724696.2656],[32544499.0119,5724721.755],[32544528.251,5724770.2347],[32544540.2466,5724796.2239],[32544546.7444,5724821.2136],[32544544.9954,5724842.7048],[32544537.9984,5724859.1982],[32544528.5023,5724870.6937],[32544515.0077,5724877.1913],[32544495.5155,5724879.1909],[32544420.5451,5724873.6946],[32544384.0595,5724869.1971],[32544346.8242,5724862.2006],[32544311.8379,5724853.7048],[32544238.3667,5724826.2174],[32544190.6353,5724805.2268],[32544178.39,5724795.731],[32544168.8935,5724780.7373],[32544163.8952,5724756.7471],[32544162.1454,5724726.2596],[32544163.3945,5724694.7724],[32544168.8919,5724664.2848],[32544180.3869,5724635.2964],[32544189.728,5724620.9425],[32544200.8783,5724603.8088],[32544228.3669,5724567.823],[32544280.5954,5724508.846],[32544299.3377,5724490.853],[32544318.08,5724474.8592],[32544338.5717,5724462.3639],[32544362.0623,5724453.8669],[32544387.0523,5724448.8684],[32544409.5434,5724449.3678]]],[[[32546014.1935,5722669.0608],[32545987.3619,5722670.5607],[32545954.4057,5722668.5622],[32545892.68,5722657.0681],[32545866.1904,5722649.5717],[32545840.9503,5722641.0757],[32545818.709,5722630.5804],[32545801.2157,5722618.5857],[32545787.9708,5722604.0919],[32545778.2244,5722585.5996],[32545768.9774,5722540.6181],[32545760.4804,5722517.6276],[32545747.2354,5722494.6372],[32545727.243,5722472.1468],[32545701.0031,5722451.1559],[32545628.0315,5722414.1724],[32545582.799,5722387.6842],[32545531.3189,5722354.1989],[32545509.0778,5722355.6987],[32545480.8389,5722354.1999],[32545421.1125,5722345.7046],[32545383.1274,5722334.7099],[32545276.669,5722294.7284],[32545215.4429,5722267.2409],[32545183.2055,5722255.2464],[32545152.9674,5722246.2507],[32545124.9784,5722241.2533],[32545098.7388,5722239.2547],[32545072.999,5722239.755],[32545050.5079,5722243.2541],[32545032.5152,5722250.7514],[32545015.0223,5722264.7461],[32544994.5307,5722286.2377],[32544977.7878,5722313.7269],[32544970.5411,5722343.7148],[32544967.0433,5722403.6905],[32544959.2972,5722461.1672],[32544952.3004,5722488.6562],[32544941.8049,5722514.146],[32544927.5608,5722531.6392],[32544912.3169,5722538.6366],[32544895.5736,5722539.6366],[32544891.325,5722519.6448],[32544891.0749,5722510.6485],[32544900.5708,5722482.6597],[32544906.3181,5722455.6705],[32544907.5672,5722427.1821],[32544897.5697,5722323.7245],[32544901.8173,5722270.2462],[32544906.565,5722244.2567],[32544915.0613,5722221.7657],[32544927.806,5722203.2729],[32544941.5503,5722188.2788],[32544953.7953,5722177.7828],[32544967.04,5722171.7849],[32544984.0332,5722170.2852],[32545003.2757,5722172.7838],[32545023.2678,5722179.2807],[32545053.7559,5722193.2744],[32545071.2491,5722198.7718],[32545098.2385,5722204.269],[32545125.7276,5722207.767],[32545165.4618,5722203.268],[32545180.706,5722218.7613],[32545196.6998,5722230.7561],[32545214.9427,5722238.7525],[32545232.6857,5722241.7509],[32545247.6797,5722240.751],[32545259.9248,5722233.7536],[32545270.1705,5722218.7595],[32545275.4182,5722199.7671],[32545273.4187,5722182.774],[32545265.9215,5722166.2809],[32545241.4307,5722134.7943],[32545226.1864,5722107.3058],[32545231.1843,5722101.8079],[32545248.1774,5722089.3126],[32545278.1653,5722077.3169],[32545323.1474,5722073.3176],[32545369.1293,5722076.8152],[32545404.3654,5722081.8124],[32545458.5941,5722096.3054],[32545509.0743,5722113.2974],[32545550.0583,5722129.29],[32545582.0459,5722146.2824],[32545604.5372,5722163.7748],[32545627.7783,5722186.2652],[32545651.7692,5722213.7535],[32545800.2131,5722406.1721],[32545824.7039,5722443.1566],[32545882.6823,5722540.6157],[32545907.1731,5722574.6014],[32545929.6645,5722596.0922],[32545954.155,5722614.5841],[32545996.3091,5722641.0725],[32546021.8595,5722655.3944],[32546026.8722,5722658.2042],[32546039.2468,5722665.1407],[32546014.1935,5722669.0608]]],[[[32546082.5385,5717917.9289],[32546082.5297,5717917.9289],[32546082.0092,5717917.8573],[32546068.2873,5717915.9706],[32546065.3145,5717915.5164],[32546023.2254,5717909.0866],[32546000.0048,5717905.5393],[32545956.4269,5717897.1099],[32545899.8842,5717886.1726],[32545858.3878,5717879.8079],[32545745.6702,5717879.5152],[32545707.6852,5717875.0179],[32545672.1991,5717861.5243],[32545640.9611,5717835.5356],[32545616.7202,5717801.55],[32545600.2262,5717765.0653],[32545591.979,5717730.5795],[32545589.4713,5717697.4071],[32545589.2638,5717694.6634],[32545588.2291,5717630.1205],[32545590.2274,5717568.6454],[32545595.2247,5717515.6669],[32545603.4707,5717463.1881],[32545615.7149,5717403.2122],[32545632.2076,5717345.2354],[32545653.6984,5717299.7533],[32545676.9387,5717265.7666],[32545699.9292,5717237.2776],[32545722.6699,5717215.286],[32545746.1604,5717201.2912],[32545774.399,5717192.2941],[32545810.1348,5717186.2957],[32545852.368,5717186.7944],[32545904.4136,5717200.1183],[32545908.2729,5717201.8557],[32545958.0767,5717224.2766],[32545978.2497,5717235.8733],[32545989.0164,5717245.0683],[32546028.4742,5717278.7661],[32546050.5688,5717293.4584],[32546053.256,5717294.6953],[32546088.066,5717310.7176],[32546088.0709,5717310.7187],[32546086.282,5717507.06],[32546086.2758,5717507.0603],[32546063.4908,5717521.7832],[32546035.3006,5717542.7672],[32546009.3113,5717569.257],[32545993.0681,5717597.7458],[32545988.0705,5717624.2352],[32545990.3199,5717647.7256],[32545997.8173,5717669.7164],[32546008.3134,5717691.7072],[32546026.8064,5717717.1964],[32546052.2698,5717745.2412],[32546077.259,5717769.6456],[32546083.8233,5717776.0563],[32546083.8311,5717776.0586],[32546082.5385,5717917.9289]]],[[[32546043.5563,5722196.4134],[32546043.5206,5722196.3959],[32546039.4016,5722194.0504],[32545989.048,5722165.3774],[32545980.2702,5722157.4834],[32545972.7997,5722147.8265],[32545968.8925,5722142.7757],[32545958.3961,5722104.2916],[32545943.6515,5722072.3049],[32545921.4099,5722046.8158],[32545866.1815,5722021.3273],[32545843.1904,5722007.3335],[32545825.1973,5721990.3408],[32545809.953,5721968.35],[32545798.2072,5721939.3621],[32545791.4594,5721903.3769],[32545792.2086,5721867.8913],[32545800.7048,5721839.9025],[32545812.9497,5721818.411],[32545847.1855,5721776.9271],[32545922.4045,5721691.9601],[32545871.9239,5721649.9782],[32545836.9372,5721610.9948],[32545801.2006,5721556.5178],[32545787.9554,5721525.0309],[32545779.9581,5721491.5447],[32545776.459,5721457.5586],[32545777.7071,5721356.5996],[32545776.2071,5721320.6143],[32545770.4589,5721286.6282],[32545757.0392,5721233.62],[32545730.2226,5721127.6938],[32545709.2296,5721036.7312],[32545701.2321,5720988.7509],[32545696.9831,5720938.2716],[32545698.7317,5720888.7917],[32545709.9766,5720844.8093],[32545730.2181,5720808.3237],[32545756.2073,5720778.8351],[32545784.6957,5720755.3441],[32545814.6836,5720739.3499],[32545842.6724,5720731.8524],[32545871.9108,5720728.8529],[32545826.6781,5720684.8718],[32545816.9315,5720656.8834],[32545812.6828,5720629.3947],[32545815.6812,5720598.907],[32545828.1759,5720572.9173],[32545847.418,5720554.9242],[32545870.1588,5720544.428],[32545893.8993,5720539.4295],[32545917.8898,5720537.4298],[32545942.8799,5720539.4284],[32545967.1264,5720547.9262],[32545988.5691,5720565.9114],[32546007.6919,5720592.8845],[32546049.945,5720666.1874],[32546057.3885,5720675.3794],[32546057.4148,5720675.3794],[32546047.6936,5721742.3234],[32546042.2665,5721742.0052],[32546022.3843,5721747.1617],[32546016.3375,5721748.73],[32545997.1995,5721749.5647],[32545980.5573,5721753.9888],[32545953.5877,5721764.8405],[32545906.1622,5721783.923],[32545887.1699,5721794.9189],[32545871.9262,5721813.4117],[32545864.4295,5721836.4026],[32545865.1796,5721859.893],[32545877.4254,5721912.3714],[32545893.4195,5721943.3584],[32545920.4093,5721974.3453],[32545956.6454,5722007.3311],[32545990.9463,5722036.4079],[32546004.2104,5722053.0674],[32546022.4412,5722075.9651],[32546040.2592,5722095.023],[32546044.4045,5722099.4567],[32546044.4395,5722099.4786],[32546043.5563,5722196.4134]]],[[[32543975.4789,5725387.9931],[32543954.4869,5725372.0],[32543936.7437,5725353.5079],[32543921.2495,5725329.518],[32543880.5143,5725237.5563],[32543862.7706,5725182.5791],[32543848.5257,5725147.5936],[32543795.7951,5725036.1401],[32543748.8122,5724929.1846],[32543732.8179,5724888.7015],[32543692.3321,5724760.2547],[32543644.8483,5724570.3331],[32543608.1121,5724519.8545],[32543594.1174,5724503.3615],[32543561.6298,5724472.3747],[32543542.3871,5724449.8843],[32543525.6434,5724423.8952],[32543513.8977,5724395.4071],[32543505.9004,5724366.9189],[32543501.1519,5724339.4302],[32543499.4023,5724314.9402],[32543499.4016,5724270.9582],[32543504.3989,5724215.9806],[32543512.6448,5724156.0049],[32543532.6352,5724039.0523],[32543537.6325,5723989.5724],[32543539.1312,5723941.0922],[32543537.8809,5723888.1138],[32543530.6331,5723841.633],[32543505.6422,5723779.159],[32543499.3941,5723741.6744],[32543507.1404,5723699.6914],[32543526.6322,5723664.7053],[32543546.3741,5723641.2145],[32543555.3704,5723632.7178],[32543577.8607,5723582.7378],[32543593.104,5723537.256],[32543617.0937,5723477.28],[32543631.338,5723475.2806],[32543646.0822,5723476.7797],[32543660.8264,5723481.2775],[32543675.5707,5723488.2744],[32543688.5656,5723497.7703],[32543698.8118,5723510.7647],[32543718.5545,5723547.7492],[32543726.0519,5723572.2391],[32543727.5516,5723595.7295],[32543725.0529,5723620.7193],[32543779.532,5723669.6982],[32543827.8866,5723705.7448],[32543876.7445,5723742.1667],[32543907.5737,5723769.141],[32543920.7277,5723780.6502],[32543950.9662,5723817.6345],[32543966.2106,5723849.6211],[32543973.2082,5723876.1102],[32543972.2089,5723899.1008],[32543963.2128,5723919.0928],[32543947.4693,5723937.0858],[32543927.7273,5723953.0796],[32543883.7452,5723984.0679],[32543863.0037,5724003.0605],[32543842.7621,5724027.5509],[32543779.2886,5724124.5126],[32543762.7956,5724154.0009],[32543750.8007,5724181.4899],[32543742.8043,5724207.9792],[32543739.0561,5724235.9678],[32543738.3069,5724265.4558],[32543741.8067,5724347.9221],[32543744.306,5724372.9118],[32543749.0545,5724395.9024],[32543757.0516,5724416.3938],[32543846.5154,5724367.4121],[32543874.0044,5724355.4165],[32543892.497,5724351.4177],[32543913.9884,5724349.9179],[32543936.4796,5724352.4165],[32543958.7209,5724362.412],[32543979.4628,5724375.4063],[32543997.7058,5724390.8996],[32544012.9501,5724412.8903],[32544024.9458,5724445.8766],[32544033.6929,5724485.8602],[32544039.6911,5724525.3439],[32544041.6909,5724565.3276],[32544038.1929,5724607.8103],[32544028.4474,5724652.7921],[32544014.7034,5724696.2747],[32543999.7099,5724733.7596],[32543986.4655,5724759.7493],[32543962.4756,5724796.7347],[32543949.231,5724810.7292],[32543934.487,5724819.7258],[32543914.4949,5724819.2264],[32543890.2544,5724811.7299],[32543861.7655,5724798.7358],[32543884.0073,5724840.2184],[32543899.5017,5724876.2034],[32543906.9992,5724907.6904],[32543906.394,5724950.0192],[32543904.7517,5725026.1421],[32543907.0014,5725067.6251],[32543914.9988,5725108.1085],[32543928.4941,5725151.5905],[32543955.4845,5725226.0596],[32543965.2311,5725260.5453],[32543973.2286,5725304.5272],[32543977.4775,5725350.0086],[32543976.3601,5725371.2455],[32543975.4789,5725387.9931]]],[[[32546031.8366,5723477.8857],[32546002.8203,5723482.0314],[32546000.6781,5723586.4802],[32546000.151,5723612.1775],[32545998.4021,5723634.6684],[32545995.4035,5723653.6607],[32545990.1558,5723667.1553],[32545983.1587,5723675.652],[32545973.6625,5723677.6514],[32545961.1673,5723670.1547],[32545948.922,5723658.1598],[32545908.1874,5723606.1818],[32545861.7033,5723552.5487],[32545849.7096,5723538.7104],[32545842.4623,5723528.2148],[32545839.7043,5723520.0864],[32545811.7809,5723538.7022],[32545795.6495,5723544.0797],[32545741.8769,5723533.3265],[32545693.4815,5723517.1959],[32545666.5953,5723501.065],[32545642.5555,5723477.0262],[32545607.4446,5723436.5401],[32545575.1808,5723382.7689],[32545548.2936,5723328.9976],[32545499.8977,5723269.8497],[32545467.6334,5723221.4558],[32545451.5012,5723156.93],[32545386.9733,5723097.7824],[32545343.955,5723070.8972],[32545244.6853,5723049.6275],[32545243.693,5723058.4181],[32545246.1923,5723077.4103],[32545259.1877,5723115.8944],[32545269.4339,5723134.8864],[32545277.6809,5723155.8777],[32545284.4286,5723181.867],[32545286.6781,5723207.8564],[32545283.9295,5723229.8475],[32545276.9325,5723249.8395],[32545266.9368,5723269.8315],[32545253.6923,5723286.3251],[32545237.4488,5723295.3217],[32545219.7059,5723298.8207],[32545200.7135,5723299.8207],[32545179.7217,5723297.3221],[32545156.231,5723290.8252],[32545132.99,5723278.8306],[32545112.4979,5723262.3377],[32545097.7535,5723243.3457],[32545088.5069,5723226.8526],[32545082.7589,5723210.3595],[32545077.5107,5723189.3681],[32545074.8113,5723144.6886],[32545073.0114,5723114.8986],[32545070.0123,5723093.9072],[32545059.5157,5723039.9294],[32545050.7687,5723007.9426],[32545036.274,5722972.4573],[32545016.7812,5722938.4716],[32544992.5403,5722901.9869],[32544981.7945,5722899.4882],[32544973.2978,5722892.991],[32544967.0501,5722879.9964],[32544961.3021,5722857.5057],[32544951.5555,5722829.5173],[32544940.594,5722807.9867],[32544937.5607,5722802.0288],[32544918.5679,5722781.0377],[32544897.8259,5722766.0443],[32544875.8345,5722754.0496],[32544849.5947,5722745.0538],[32544815.1083,5722739.0569],[32544781.1217,5722736.5587],[32544724.6442,5722738.0592],[32544709.4002,5722735.5605],[32544693.6563,5722729.0635],[32544681.1611,5722720.0674],[32544677.1626,5722710.0716],[32544687.658,5722681.0832],[32544699.4031,5722663.0903],[32544716.8959,5722646.5967],[32544791.8656,5722605.112],[32544831.8494,5722579.6216],[32544853.5904,5722552.6321],[32544890.0767,5722606.6094],[32544887.828,5722632.5988],[32544890.8271,5722654.5898],[32544902.0729,5722672.5822],[32544919.5661,5722682.5778],[32544938.5586,5722684.5766],[32544958.5507,5722683.0768],[32545003.2873,5722674.984],[32545055.2621,5722665.5819],[32545076.2537,5722663.0825],[32545093.7468,5722664.5816],[32545110.7402,5722670.5788],[32545125.2345,5722680.0746],[32545135.7305,5722690.5701],[32545141.2286,5722707.0633],[32545139.4795,5722725.5558],[32545132.4826,5722746.5474],[32545153.7239,5722728.0545],[32545182.4624,5722719.5573],[32545212.9503,5722718.0573],[32545239.19,5722721.0556],[32545261.1813,5722728.5521],[32545280.174,5722739.5472],[32545298.9167,5722753.0413],[32545379.635,5722770.0327],[32545461.3527,5722779.0274],[32545492.8403,5722784.5245],[32545529.0041,5722792.4815],[32545595.0501,5722807.0133],[32545678.0175,5722822.5053],[32545725.7486,5722826.0028],[32545763.9835,5722833.499],[32545792.4724,5722846.9929],[32545801.9689,5722864.4856],[32545798.2206,5722880.4792],[32545784.7262,5722896.473],[32545803.2189,5722899.4714],[32545821.7116,5722902.4698],[32545840.2044,5722905.4682],[32545858.6971,5722908.4666],[32545871.322,5722911.8326],[32545917.0948,5722924.0363],[32545939.3336,5722932.6387],[32545944.6225,5722935.4554],[32546010.701,5722970.6463],[32546021.6965,5722974.9852],[32546032.3146,5722976.3984],[32546036.404,5722976.9427],[32546036.4448,5722976.9373],[32546031.8805,5723477.8875],[32546031.8366,5723477.8857]]],[[[32543177.4793,5720761.8987],[32543195.4729,5720811.8778],[32543214.216,5720854.3601],[32543223.9311,5720871.1094],[32543235.958,5720891.8443],[32543261.9481,5720925.33],[32543293.4362,5720961.3146],[32543326.9234,5720993.8006],[32543359.1609,5721018.7897],[32543395.3968,5721037.2814],[32543439.1297,5721054.2735],[32543515.6836,5721080.3266],[32543581.574,5721102.7506],[32543686.5329,5721142.2322],[32543725.0179,5721159.7242],[32543755.756,5721178.216],[32543786.4941,5721200.7061],[32543841.9728,5721248.1856],[32543863.7145,5721271.6755],[32543881.7078,5721296.6649],[32543908.1979,5721343.6452],[32543917.1946,5721362.6372],[32543922.4428,5721379.6302],[32543923.6925,5721395.6236],[32543920.1941,5721412.117],[32543910.6982,5721431.6092],[32543893.9551,5721453.6006],[32543870.7147,5721476.0919],[32543841.9763,5721496.0844],[32543805.741,5721513.578],[32543763.5079,5721529.0726],[32543681.0409,5721552.0649],[32543539.0977,5721585.5543],[32543499.3635,5721593.0521],[32543427.892,5721601.0503],[32543385.9087,5721604.05],[32543338.4275,5721605.0506],[32543287.4477,5721602.0529],[32543238.7169,5721594.0572],[32543197.733,5721584.0622],[32543169.7439,5721574.0669],[32543145.0035,5721558.5737],[32543114.7651,5721534.0844],[32543084.2768,5721506.0965],[32543059.5363,5721480.6074],[32543039.1298,5721451.4032],[32543038.3545,5721450.2937],[32542996.06,5721380.1498],[32542958.5739,5721313.178],[32542928.3351,5721256.7018],[32542901.0934,5721201.2655],[32542809.3786,5720997.8102],[32542785.887,5720937.8353],[32542725.1169,5720764.9613],[32542724.4231,5720762.9492],[32542724.2805,5720762.6697],[32542699.9179,5720714.9283],[32542677.6761,5720666.4486],[32542656.1838,5720611.9714],[32542639.9395,5720558.4936],[32542628.4434,5720511.5131],[32542619.9461,5720465.5321],[32542636.4395,5720462.0332],[32542648.6846,5720457.035],[32542662.6788,5720441.541],[32542674.674,5720439.0417],[32542691.1675,5720443.0397],[32542711.4097,5720454.5346],[32542737.3997,5720475.0256],[32542767.1382,5720500.0148],[32542791.6288,5720520.5058],[32542801.625,5720529.5019],[32542851.0818,5720560.2427],[32543016.0418,5720658.9443],[32543078.7675,5720698.4268],[32543134.7534,5720734.6509],[32543177.4793,5720761.8987]]],[[[32543352.1979,5723421.808],[32543322.9605,5723492.7796],[32543312.1643,5723495.9423],[32543293.2725,5723501.4766],[32543273.4803,5723507.2746],[32543252.9885,5723511.2734],[32543232.2467,5723511.7736],[32543211.5049,5723506.2763],[32543191.7625,5723490.2832],[32543090.3011,5723382.8292],[32542992.3385,5723282.3722],[32542976.5946,5723269.8776],[32542959.6012,5723259.882],[32542938.6094,5723253.3851],[32542911.87,5723250.3869],[32542813.6589,5723247.8899],[32542780.6719,5723241.3932],[32542769.3657,5723237.3555],[32542761.7144,5723234.6232],[32542708.2002,5723211.9067],[32542674.7132,5723192.9152],[32542650.7224,5723174.4232],[32542634.2287,5723155.4313],[32542619.4842,5723132.441],[32542605.7392,5723102.4536],[32542592.244,5723062.97],[32542579.9982,5723014.4901],[32542568.4602,5722956.0686],[32542565.779,5722939.4807],[32542556.0056,5722871.0492],[32542554.0058,5722824.0685],[32542555.7533,5722702.1184],[32542554.1015,5722637.6478],[32542551.0026,5722516.6943],[32542552.7514,5722481.2088],[32542556.4994,5722449.2218],[32542572.4919,5722367.7548],[32542574.4904,5722317.2754],[32542571.491,5722275.7925],[32542561.4945,5722240.807],[32542627.4668,5722134.3492],[32542648.4579,5722094.3651],[32542671.9479,5722042.3859],[32542687.6913,5722020.3945],[32542711.4316,5721998.403],[32542745.6677,5721976.4113],[32542852.3747,5721922.4311],[32542870.3673,5721907.4369],[32542885.6111,5721891.9429],[32542905.603,5721879.9474],[32542937.3403,5721873.9492],[32542971.5768,5721875.4478],[32542998.5661,5721880.945],[32543048.5466,5721897.937],[32543079.2845,5721906.4329],[32543114.2707,5721913.9291],[32543152.2558,5721918.9263],[32543191.7401,5721918.9254],[32543230.2248,5721912.4273],[32543263.4614,5721900.4315],[32543295.4485,5721883.9375],[32543266.2111,5721953.9096],[32543241.9716,5722017.8839],[32543221.4806,5722078.8594],[32543191.2442,5722193.3133],[32543180.999,5722244.7925],[32543177.501,5722284.7762],[32543202.4914,5722308.2661],[32543223.9832,5722333.2554],[32543242.4763,5722364.2424],[32543276.9637,5722438.2114],[32543298.2058,5722476.1955],[32543322.9465,5722509.6813],[32543355.9339,5722541.1677],[32543399.4171,5722570.155],[32543448.3979,5722592.145],[32543498.1284,5722602.1399],[32543484.6349,5722685.6061],[32543480.6372,5722733.5866],[32543476.8899,5722816.5527],[32543473.8916,5722854.0375],[32543468.3943,5722894.5211],[32543457.3994,5722943.5013],[32543435.3387,5723022.003],[32543416.6676,5723088.4429],[32543407.7501,5723126.7832],[32543393.9771,5723185.9994],[32543384.9321,5723224.8878],[32543382.1836,5723250.8772],[32543382.4341,5723297.858],[32543379.4357,5723322.8479],[32543362.1933,5723379.8249],[32543360.4443,5723396.818],[32543352.1979,5723421.808]]],[[[32545323.601,5718823.6408],[32545296.862,5718855.1286],[32545267.6239,5718878.6198],[32545242.634,5718892.1148],[32545221.1426,5718898.1129],[32545198.4017,5718901.612],[32545154.4192,5718905.1116],[32545101.9851,5718904.8571],[32545051.9598,5718904.6142],[32545006.7278,5718909.6132],[32544962.4955,5718919.6102],[32544922.7614,5718933.1056],[32544888.7751,5718947.6005],[32544861.2862,5718962.595],[32544831.0485,5718982.5876],[32544784.4817,5719016.5898],[32544673.6125,5719097.5444],[32544621.3837,5719133.0311],[32544565.4064,5719167.5183],[32544512.9276,5719195.0083],[32544466.1964,5719214.0017],[32544377.2321,5719240.4929],[32544334.4991,5719249.99],[32544289.2672,5719257.9878],[32544240.5366,5719263.4867],[32544193.3053,5719265.487],[32544151.5718,5719263.4887],[32544117.8351,5719252.9938],[32544092.095,5719237.0009],[32544070.1035,5719216.01],[32544067.8542,5719202.5155],[32544059.1069,5719150.0372],[32544078.0989,5719117.0502],[32544095.5914,5719077.0661],[32544110.5848,5719033.5835],[32544122.8294,5718991.1006],[32544132.5748,5718945.1191],[32544140.321,5718892.1405],[32544150.5655,5718792.6809],[32544151.2087,5718762.8582],[32544151.0629,5718623.25],[32544148.3122,5718495.3023],[32544142.8139,5718458.8173],[32544131.0679,5718415.8351],[32544115.8233,5718371.8534],[32544099.8291,5718333.3695],[32544091.8996,5718322.6601],[32544080.5864,5718307.3806],[32544058.8448,5718294.3864],[32544033.6047,5718289.389],[32544037.3528,5718260.9006],[32544046.8482,5718195.4271],[32544058.3425,5718119.9576],[32544068.8376,5718063.4804],[32544080.0825,5718019.4981],[32544094.0762,5717969.0184],[32544109.5693,5717918.0388],[32544125.0626,5717873.5566],[32544141.5555,5717834.0723],[32544160.5474,5717794.588],[32544181.7884,5717756.1031],[32544204.5289,5717721.6167],[32544230.5182,5717690.1289],[32544260.5059,5717661.14],[32544290.7435,5717637.149],[32544317.9825,5717619.1557],[32544346.9708,5717606.6601],[32544381.7069,5717596.1636],[32544417.4426,5717587.1664],[32544450.1795,5717579.6686],[32544490.1635,5717570.1715],[32544544.3919,5717558.6749],[32544602.1188,5717546.1786],[32544654.098,5717533.1826],[32544707.0768,5717517.6877],[32544783.6177,5717493.2443],[32544820.7812,5717481.1998],[32544855.7672,5717470.2034],[32544889.7535,5717455.2087],[32544940.4829,5717426.2193],[32544995.4607,5717392.2318],[32545041.9418,5717360.2437],[32545063.8293,5717342.8491],[32545065.4746,5717393.1747],[32545057.5382,5717461.7691],[32545051.257,5717491.0106],[32545042.8758,5717513.4919],[32545034.4297,5717536.1474],[32545016.7052,5717602.6455],[32545023.2029,5717617.6393],[32545026.4521,5717656.6233],[32545030.4509,5717680.1136],[32545036.1765,5717696.988],[32545039.9475,5717708.102],[32545054.1923,5717737.0898],[32545071.6857,5717762.579],[32545093.9272,5717784.0697],[32545120.1671,5717802.5616],[32545146.9067,5717817.5548],[32545181.8948,5717831.3838],[32545231.6236,5717851.0391],[32545263.861,5717867.5316],[32545286.6023,5717884.5242],[32545298.8476,5717900.5174],[32545305.0954,5717917.0105],[32545306.845,5717934.5033],[32545305.3459,5717956.4944],[32545299.0986,5717977.9858],[32545285.3543,5717995.479],[32545264.3629,5718009.9736],[32545237.1238,5718022.4692],[32545206.3862,5718031.966],[32545177.1478,5718037.9643],[32545151.9078,5718037.9649],[32545132.4155,5718032.4676],[32545115.9219,5718021.9723],[32545097.0719,5718005.4762],[32545092.1251,5718001.2481],[32545072.3894,5717984.3799],[32545048.7025,5717961.3366],[32545016.3011,5717925.9844],[32544993.6223,5717890.7193],[32544970.6288,5717844.7708],[32544965.2621,5717834.0463],[32544960.4805,5717813.0611],[32544951.7338,5717798.5673],[32544940.7381,5717792.0702],[32544929.9923,5717793.5698],[32544918.9968,5717804.0658],[32544907.5017,5717824.0579],[32544898.7555,5717849.5478],[32544890.6456,5717898.2108],[32544885.5119,5717929.0157],[32544879.5146,5717948.5079],[32544855.7747,5718000.4873],[32544845.2794,5718038.472],[32544826.2883,5718135.433],[32544817.2924,5718173.4177],[32544808.0464,5718197.4082],[32544797.8007,5718213.4019],[32544785.3058,5718223.8979],[32544768.8125,5718231.895],[32544746.0715,5718235.8939],[32544717.5828,5718234.3952],[32544600.1291,5718217.4049],[32544423.6987,5718187.9212],[32544374.468,5718176.9268],[32544351.4771,5718173.4288],[32544333.4843,5718176.9278],[32544323.7383,5718185.9244],[32544322.7388,5718195.9203],[32544328.2368,5718206.4159],[32544337.7331,5718216.4116],[32544354.9765,5718226.9069],[32544380.7164,5718238.4016],[32544407.7059,5718248.3969],[32544429.1974,5718253.8941],[32544473.5452,5718257.1229],[32544518.4121,5718260.3894],[32544482.1774,5718319.866],[32544471.1821,5718347.355],[32544461.4364,5718380.8416],[32544453.9399,5718414.3281],[32544449.1922,5718444.316],[32544447.1935,5718481.301],[32544448.3685,5718594.8426],[32544456.9435,5718748.6917],[32544462.1918,5718776.6801],[32544467.233,5718790.211],[32544471.6884,5718802.1695],[32544475.1359,5718807.0433],[32544486.1829,5718822.6608],[32544506.4251,5718835.655],[32544528.4165,5718842.6517],[32544550.6577,5718846.6495],[32544577.1472,5718846.6489],[32544612.1333,5718842.1499],[32544712.4242,5718825.6076],[32544803.0571,5718810.6583],[32544862.2835,5718802.6602],[32544918.0114,5718801.1595],[32544981.4863,5718806.156],[32545080.5494,5718819.1546],[32545156.6672,5718829.1425],[32545203.8986,5718833.6396],[32545244.6324,5718834.6382],[32545276.6197,5718830.1393],[32545302.1094,5718818.6434],[32545322.3512,5718803.1492],[32545340.5937,5718783.6567],[32545323.601,5718823.6408]]],[[[32544812.819,5719913.2087],[32544843.807,5719938.6976],[32544867.0482,5719961.6877],[32544886.5409,5719991.675],[32544942.0206,5720115.6233],[32544963.263,5720171.6],[32544968.5113,5720197.0895],[32544968.7616,5720224.5783],[32544961.5149,5720255.066],[32544948.2706,5720284.0545],[32544932.5134,5720306.7059],[32544928.7923,5720310.2317],[32544914.7844,5720323.0394],[32544896.5417,5720332.0361],[32544859.8371,5720340.3518],[32544819.3226,5720349.5307],[32544798.5809,5720357.5279],[32544779.5887,5720375.521],[32544729.6095,5720440.9954],[32544702.6206,5720471.9834],[32544674.882,5720496.9738],[32544645.8937,5720517.9659],[32544617.1554,5720535.4594],[32544590.1663,5720547.9549],[32544549.4874,5720564.5929],[32544478.961,5720593.4388],[32544456.9699,5720606.9338],[32544437.228,5720625.4267],[32544419.2354,5720646.4185],[32544402.7423,5720669.4095],[32544387.7486,5720696.3988],[32544364.0097,5720756.5642],[32544363.2592,5720758.8739],[32544346.0164,5720784.8637],[32544324.7751,5720805.8556],[32544300.0352,5720822.3494],[32544271.7966,5720836.8441],[32544241.8086,5720846.8407],[32544215.0693,5720850.3398],[32544188.08,5720850.3404],[32544130.1026,5720829.85],[32544068.6265,5720793.3663],[32544012.898,5720752.3842],[32543933.6784,5720683.4141],[32543880.4488,5720633.4357],[32543823.4706,5720575.9604],[32543773.7395,5720518.485],[32543686.2725,5720405.0332],[32543640.003,5720339.0762],[32543617.0485,5720302.5766],[32543586.8096,5720242.6018],[32543512.3368,5720078.6704],[32543468.3526,5719963.2186],[32543460.8552,5719933.7308],[32543446.3599,5719861.7605],[32543453.357,5719852.2642],[32543470.35,5719830.7726],[32543490.8415,5719806.2822],[32543509.084,5719787.7893],[32543559.5633,5719742.8066],[32543630.0344,5719671.834],[32543719.4977,5719588.366],[32543734.4916,5719571.8724],[32543746.2367,5719554.8791],[32543759.24,5719531.1938],[32543764.7288,5719519.8929],[32543774.2248,5719503.8993],[32543787.9692,5719489.9047],[32543808.211,5719477.4093],[32543837.4492,5719464.9137],[32543867.6871,5719453.4177],[32543889.9281,5719442.9215],[32543906.6713,5719430.4262],[32543934.4098,5719396.4395],[32543950.6532,5719380.9454],[32543967.6463,5719369.9495],[32543982.8901,5719363.4518],[32543995.6351,5719361.9521],[32544006.6307,5719361.4521],[32544017.6263,5719358.4531],[32544030.3711,5719347.957],[32544088.348,5719338.9594],[32544180.3114,5719329.4612],[32544219.5459,5719331.4594],[32544314.0086,5719342.4528],[32544358.7409,5719343.9511],[32544457.4517,5719339.4507],[32544509.6809,5719335.4511],[32544555.9125,5719329.4525],[32544602.6438,5719319.4555],[32544653.8733,5719305.4601],[32544700.8545,5719290.4651],[32544734.5909,5719276.47],[32544742.588,5719297.4613],[32544755.5835,5719341.443],[32544763.8308,5719381.9264],[32544765.8036,5719405.4182],[32544765.6543,5719413.7806],[32544765.3309,5719431.9059],[32544761.0831,5719468.891],[32544753.3368,5719511.3738],[32544733.3004,5719600.1691],[32544729.1309,5719614.1079],[32544717.1032,5719654.3164],[32544651.8817,5719835.2441],[32544668.6253,5719855.7354],[32544685.8687,5719871.2287],[32544705.8609,5719882.7235],[32544812.819,5719913.2087]]],[[[32537650.9274,5721282.3043],[32537645.9298,5721313.7914],[32537635.9341,5721335.2827],[32537623.1893,5721349.2772],[32537610.1946,5721359.2733],[32537531.9763,5721405.7558],[32537516.2327,5721418.7508],[32537502.4884,5721435.7441],[32537494.4918,5721454.7364],[32537495.4917,5721474.2283],[32537504.4884,5721489.2219],[32537528.4792,5721511.2124],[32537538.4754,5721525.7062],[32537538.2258,5721543.199],[32537526.7305,5721559.1926],[32537506.4888,5721575.1864],[32537523.7324,5721609.172],[32537540.4762,5721637.1601],[32537572.4641,5721678.6423],[32537580.961,5721698.6339],[32537590.4578,5721737.6176],[32537594.4952,5721766.4529],[32537602.7042,5721825.0812],[32537611.2012,5721849.571],[32537635.7428,5721888.9414],[32537680.6752,5721961.0235],[32537687.4228,5721980.5153],[32537685.6737,5721996.009],[32537677.4272,5722008.504],[32537664.1826,5722018.5001],[32537650.1881,5722020.4996],[32537637.4431,5722012.0034],[32537609.2038,5721982.0163],[32537497.7466,5721884.0591],[32537474.7554,5721858.5701],[32537470.2569,5721841.0774],[32537473.5053,5721820.5858],[32537477.8519,5721809.3686],[32537487.0795,5721790.6869],[32537497.2452,5721770.1061],[32537496.9951,5721758.1111],[32537484.4997,5721730.6227],[32537474.0037,5721716.1289],[32537444.515,5721691.1398],[32537429.5207,5721674.647],[32537417.5252,5721655.1553],[32537409.778,5721636.6631],[32537404.03,5721617.1712],[32537386.5367,5721603.1774],[32537378.2897,5721579.6873],[32537375.5403,5721549.6997],[32537373.5401,5721478.2293],[32537369.0414,5721442.744],[32537357.7949,5721378.2709],[32537348.0484,5721347.7837],[32537333.3038,5721318.2961],[32537313.8111,5721287.8092],[32537293.0691,5721272.316],[32537271.0777,5721262.3206],[32537244.3382,5721257.823],[32537220.5977,5721263.821],[32537203.8545,5721276.816],[32537192.1094,5721294.8089],[32537182.6135,5721315.3006],[32537175.3667,5721342.2896],[32537171.8686,5721378.2748],[32537172.1191,5721416.7589],[32537176.118,5721451.7444],[32537184.1153,5721486.23],[32537195.8612,5721524.214],[32537213.3899,5721571.3536],[32537244.3437,5721644.1635],[32537267.835,5721691.1436],[32537294.0753,5721737.6238],[32537321.5649,5721776.1073],[32537382.2918,5721843.0784],[32537435.7714,5721896.0554],[32537458.0129,5721922.544],[32537462.1961,5721930.5565],[32537475.7564,5721956.5296],[32537476.7565,5721994.0141],[32537482.057,5722010.4276],[32537491.9991,5722041.214],[32537499.9983,5722065.9839],[32537513.7344,5722096.6594],[32537529.9874,5722132.9557],[32537534.236,5722153.9469],[32537532.2371,5722174.4385],[32537527.2394,5722195.9297],[32537518.743,5722216.4214],[32537507.7476,5722233.4147],[32537495.2527,5722244.4104],[32537481.0084,5722249.9084],[32537463.5154,5722249.9088],[32537440.5244,5722245.4111],[32537286.8349,5722213.9273],[32537119.6506,5722176.946],[32537026.1874,5722158.4555],[32536975.2074,5722144.9622],[32536886.2423,5722118.475],[32536792.5291,5722088.9891],[32536730.9095,5722067.187],[32536581.1117,5722005.528],[32536537.8785,5721983.0382],[32536517.3864,5721969.0444],[32536475.9023,5721931.5607],[32536441.4155,5721893.0774],[32536405.679,5721846.5973],[32536389.935,5721831.1041],[32536372.6916,5721817.1102],[32536351.6998,5721803.6162],[32536329.4584,5721794.1206],[32536307.4671,5721790.1227],[32536282.6915,5721787.9517],[32536244.7419,5721784.6263],[32536222.7506,5721780.6284],[32536202.5085,5721773.6318],[32536186.5147,5721763.6362],[32536135.2843,5721717.1565],[32536099.2982,5721692.1676],[32536064.062,5721679.1737],[32536101.296,5721592.2089],[32536130.0338,5721530.7338],[32536143.0282,5721497.7472],[32536155.2728,5721460.2624],[32536166.5177,5721418.7793],[32536175.5135,5721375.7969],[32536188.5068,5721261.344],[32536195.5035,5721227.3579],[32536207.4982,5721188.3738],[32536234.9863,5721115.9032],[32536251.4793,5721081.9169],[32536274.7195,5721042.9326],[32536298.9594,5721006.4471],[32536318.7012,5720980.4575],[32536340.4423,5720957.9663],[32536402.4169,5720901.9881],[32536463.3922,5720864.5023],[32536509.1859,5720829.1445],[32536570.8484,5720781.5343],[32536593.0894,5720768.5392],[32536636.7192,5720746.8188],[32536707.5433,5720711.5603],[32536730.0342,5720703.5631],[32536779.2646,5720694.066],[32536792.7592,5720690.0673],[32536800.0062,5720684.0696],[32536803.5047,5720676.0729],[32536932.7035,5720677.5694],[32536975.4366,5720679.5677],[32537041.6604,5720686.0636],[32537077.8962,5720692.5601],[32537112.1327,5720702.5552],[32537141.1214,5720716.049],[32537164.8622,5720730.5425],[32537184.6046,5720746.5355],[32537201.3482,5720763.0283],[32537216.0926,5720781.0206],[32537242.8327,5720825.5016],[32537295.0634,5720925.959],[32537335.7982,5720993.4303],[32537360.289,5721027.9155],[32537423.0152,5721103.383],[32537448.2555,5721128.8719],[32537472.4962,5721147.8636],[32537502.2347,5721166.3553],[32537556.2137,5721194.3426],[32537582.9532,5721200.3395],[32537655.4245,5721208.3347],[32537650.9274,5721282.3043]]],[[[32544555.9433,5721490.5713],[32544557.1931,5721518.0601],[32544563.9409,5721545.5487],[32544579.1853,5721576.5358],[32544613.1725,5721625.0153],[32544621.1696,5721646.0065],[32544619.9204,5721668.9972],[32544611.674,5721687.9896],[32544600.1786,5721695.9866],[32544585.6844,5721694.4875],[32544561.588,5721682.9877],[32544541.7015,5721673.497],[32544526.7074,5721668.4994],[32544511.7133,5721666.0007],[32544501.2175,5721666.5007],[32544491.9712,5721669.4997],[32544484.4742,5721675.9972],[32544478.9766,5721686.4931],[32544492.4715,5721707.984],[32544503.9673,5721731.4742],[32544514.2136,5721760.4622],[32544520.7115,5721792.9488],[32544523.7108,5721827.4346],[32544523.7113,5721859.4216],[32544520.7128,5721884.9113],[32544514.7155,5721906.9024],[32544504.22,5721930.8929],[32544488.9764,5721956.8826],[32544445.7444,5722013.3605],[32544427.7521,5722051.3454],[32544414.0081,5722093.3285],[32544406.4875,5722130.934],[32544405.0123,5722138.3104],[32544403.7634,5722181.2929],[32544409.5116,5722216.7783],[32544420.5078,5722249.7646],[32544474.4866,5722266.2567],[32544518.7193,5722284.7483],[32544553.9557,5722308.238],[32544592.1911,5722345.2221],[32544603.1869,5722361.2153],[32544610.1844,5722381.7068],[32544621.6805,5722425.6887],[32544630.9271,5722445.6803],[32544660.4161,5722491.661],[32544675.9104,5722519.6492],[32544687.6561,5722548.1374],[32544692.6545,5722573.6269],[32544690.4058,5722600.1161],[32544682.9092,5722630.6039],[32544671.4141,5722660.0921],[32544657.42,5722685.0822],[32544640.9269,5722706.074],[32544620.9351,5722726.0662],[32544597.4446,5722742.56],[32544570.4555,5722754.5557],[32544506.731,5722771.55],[32544474.244,5722782.5462],[32544444.7559,5722796.0413],[32544417.2671,5722815.5339],[32544390.778,5722841.0241],[32544368.5372,5722868.5133],[32544353.2936,5722895.5026],[32544344.0477,5722926.4902],[32544337.8007,5722964.4748],[32544334.0527,5723001.9596],[32544332.3039,5723031.9474],[32544334.0535,5723057.9368],[32544339.5518,5723085.9252],[32544347.5489,5723111.4147],[32544356.5457,5723131.4063],[32544366.292,5723144.9006],[32544378.0375,5723154.8963],[32544393.2815,5723159.894],[32544438.0137,5723157.8939],[32544467.0023,5723158.8929],[32544496.9904,5723163.3905],[32544561.7151,5723187.3794],[32544595.1972,5723198.0241],[32544659.4269,5723219.3644],[32544697.1621,5723235.8569],[32544760.3876,5723273.8401],[32544789.9226,5723294.8308],[32544790.6259,5723295.3307],[32544805.2042,5723309.1247],[32544813.867,5723317.3213],[32544851.2403,5723368.5737],[32544892.5874,5723425.2757],[32544918.5775,5723456.2626],[32544946.8167,5723482.2514],[32545017.2895,5723533.7291],[32545048.7773,5723553.2205],[32545101.7566,5723577.2097],[32545120.2495,5723590.204],[32545126.9971,5723610.6955],[32545123.4988,5723633.1864],[32545115.2523,5723651.1793],[32545097.2977,5723679.6518],[32545074.2696,5723719.6522],[32545044.7821,5723782.1273],[32545033.2872,5723814.6143],[32545017.3832,5723868.8877],[32544989.0568,5723965.5537],[32544972.8137,5723994.0424],[32544954.8211,5724013.5348],[32544928.5817,5724027.0299],[32544889.3474,5724035.0274],[32544838.3676,5724039.5265],[32544783.3895,5724042.0266],[32544687.9273,5724040.5291],[32544648.6928,5724041.5294],[32544616.7056,5724044.5288],[32544594.7144,5724050.5268],[32544578.9707,5724059.5235],[32544566.226,5724072.5184],[32544558.4793,5724089.5116],[32544558.2297,5724110.0033],[32544570.2253,5724136.992],[32544592.4669,5724168.9786],[32544618.457,5724197.9662],[32544640.9484,5724217.9577],[32544673.9356,5724238.4487],[32544728.9143,5724269.435],[32544794.1389,5724302.4203],[32544858.1139,5724327.9086],[32544932.085,5724353.8966],[32545063.6491,5724403.6916],[32545136.7549,5724431.3611],[32545252.7097,5724484.8371],[32545328.1804,5724523.32],[32545355.1914,5724539.4409],[32545375.9119,5724551.8074],[32545397.4036,5724570.2995],[32545413.3975,5724588.7917],[32545423.1439,5724606.2844],[32545426.6428,5724623.2774],[32545425.1436,5724637.7715],[32545418.6463,5724648.2673],[32545404.9018,5724655.2648],[32545371.3244,5724659.8694],[32545299.194,5724669.7609],[32545254.2119,5724678.2583],[32545198.7874,5724690.7015],[32545156.251,5724700.2512],[32545127.5126,5724711.7471],[32545110.5196,5724729.2403],[32545081.7808,5724718.7451],[32545051.7926,5724712.2483],[32545003.9657,5724707.889],[32544964.0773,5724704.2533],[32544938.3374,5724698.2562],[32544911.5978,5724687.2612],[32544848.3725,5724657.2746],[32544785.1473,5724640.2827],[32544755.6588,5724630.7872],[32544729.9189,5724618.7926],[32544708.4272,5724603.7991],[32544687.935,5724583.8076],[32544665.1936,5724557.3189],[32544630.4567,5724508.3395],[32544531.7436,5724353.4046],[32544489.5097,5724306.9243],[32544451.0245,5724271.9393],[32544430.2823,5724247.4497],[32544410.5397,5724217.9621],[32544395.2953,5724185.9755],[32544384.799,5724153.9887],[32544377.3016,5724122.5017],[32544372.3031,5724091.5145],[32544363.5555,5724016.0454],[32544342.312,5723885.0992],[32544340.5624,5723861.109],[32544342.3114,5723840.1176],[32544348.8083,5723800.1338],[32544350.5572,5723774.1443],[32544348.8068,5723695.6764],[32544340.5593,5723645.1971],[32544340.0592,5723624.7055],[32544344.5569,5723586.2211],[32544343.3071,5723563.7303],[32544335.5598,5723540.24],[32544285.0783,5723436.2834],[32544276.365,5723438.5852],[32544271.8336,5723439.7823],[32544268.085,5723423.5395],[32544255.3392,5723368.3117],[32544248.3416,5723348.32],[32544225.6,5723301.8395],[32544204.0716,5723288.6643],[32544088.4032,5723217.8765],[32544028.1766,5723185.391],[32543884.9823,5723114.4228],[32543812.5105,5723075.94],[32543764.779,5723045.4534],[32543800.5147,5723036.4564],[32543851.7442,5723019.962],[32543905.9724,5722999.9691],[32543950.9543,5722981.4757],[32543981.9418,5722964.9818],[32544002.4334,5722946.9888],[32544013.6787,5722926.9967],[32544017.1769,5722903.0064],[32544013.4281,5722883.0147],[32544004.1817,5722873.5187],[32543991.6866,5722870.5202],[32543978.6917,5722871.0203],[32543931.7105,5722883.5161],[32543889.1519,5722898.8696],[32543837.4984,5722917.5042],[32543817.5063,5722916.505],[32543802.0123,5722908.0088],[32543788.0176,5722894.5146],[32543776.2721,5722878.5213],[32543768.7748,5722862.0282],[32543765.2759,5722842.5362],[32543766.788,5722813.9517],[32543775.0209,5722759.5699],[32543779.0187,5722720.086],[32543779.2679,5722671.6057],[32543774.6389,5722642.1816],[32543772.2701,5722627.124],[32543757.5255,5722595.6372],[32543725.6062,5722552.2472],[32543687.3019,5722500.1776],[32543649.0665,5722456.6962],[32543658.0626,5722433.7054],[32543691.0487,5722374.229],[32543731.7813,5722289.2628],[32543751.2727,5722230.2865],[32543764.843,5722179.6361],[32543783.0085,5722111.8342],[32543795.2532,5722078.8474],[32543827.7393,5722012.8737],[32543848.9805,5721983.3853],[32543871.9711,5721965.3921],[32543916.953,5721943.4002],[32543942.1928,5721928.9055],[32544005.4171,5721887.9209],[32544033.6556,5721864.9297],[32544058.8952,5721839.4396],[32544083.8849,5721809.4513],[32544106.6254,5721777.4639],[32544143.1101,5721715.4884],[32544183.5933,5721660.0102],[32544219.5784,5721621.0253],[32544250.0659,5721591.5367],[32544276.0553,5721571.0445],[32544328.1464,5721643.6124],[32544334.5333,5721652.51],[32544353.5261,5721672.0016],[32544376.5172,5721689.494],[32544386.9391,5721693.8819],[32544400.2579,5721699.4894],[32544421.4995,5721697.4898],[32544432.2451,5721684.9947],[32544430.2456,5721669.501],[32544420.9991,5721654.0075],[32544394.2592,5721617.523],[32544364.6382,5721574.0987],[32544339.0299,5721536.5572],[32544401.2549,5721512.5657],[32544429.2437,5721504.5683],[32544495.2174,5721495.5706],[32544555.9433,5721490.5713]]],[[[32545891.6555,5738853.4116],[32534400.4841,5738761.6261],[32530115.3234,5738737.1991],[32530111.0635,5738723.0423],[32530098.6787,5738674.1605],[32530092.8218,5738618.5971],[32530105.9277,5738576.8751],[32530131.1674,5738552.8844],[32530155.6574,5738537.3903],[32530182.3966,5738527.8937],[32530213.8841,5738523.8949],[32530246.1212,5738519.896],[32530275.1096,5738510.8992],[32530303.0982,5738497.4042],[32530332.8362,5738479.9109],[32530367.3223,5738465.916],[32530405.8069,5738459.4181],[32530446.5406,5738455.9189],[32530487.0245,5738448.9211],[32530699.1895,5738400.9374],[32530767.1622,5738380.9445],[32530820.6406,5738358.4527],[32530866.6219,5738331.9628],[32530901.3577,5738303.4737],[32530921.3494,5738274.985],[32530930.3453,5738242.4979],[32530930.3447,5738204.5133],[32530916.0998,5738165.5292],[32530881.6129,5738129.5442],[32530859.6113,5738114.933],[32530727.7241,5738028.9434],[32530727.1728,5738028.5872],[32530635.9581,5737969.1125],[32530564.2358,5737918.1341],[32530485.2662,5737854.6609],[32530408.7389,5737792.5071],[32530378.8072,5737768.1973],[32530276.8465,5737683.7328],[32530211.6215,5737626.7567],[32530180.3835,5737596.2695],[32530159.6413,5737571.7797],[32530149.8949,5737549.7887],[32530152.1437,5737527.7975],[32530167.3874,5737510.8041],[32530195.626,5737503.3068],[32530234.6105,5737501.307],[32530282.0916,5737499.3071],[32530313.5791,5737497.8073],[32530334.3207,5737488.8106],[32530341.5675,5737468.3188],[32530321.3252,5737442.8293],[32530290.5721,5737428.5578],[32530246.2753,5737411.1899],[32530220.1148,5737401.8473],[32530167.6353,5737380.3567],[32530117.4049,5737357.3667],[32530063.426,5737335.3764],[32529969.2129,5737300.8916],[32529897.4909,5737262.908],[32529833.5157,5737226.4236],[32529773.0392,5737188.4398],[32529729.711,5737148.6581],[32529718.0603,5737137.9609],[32529662.3314,5737069.9891],[32529568.1169,5736943.5414],[32529487.8972,5736841.0839],[32529356.197,5736671.1543],[32529227.4957,5736506.7224],[32529156.0228,5736421.2578],[32529129.2832,5736405.7644],[32529104.7928,5736399.2674],[32529081.0523,5736403.7659],[32529060.5607,5736417.2608],[32529039.0694,5736427.257],[32529012.8298,5736427.7572],[32528977.3437,5736412.7638],[32528929.1123,5736379.7777],[32528874.6334,5736337.7954],[32528824.6526,5736296.3128],[32528790.1658,5736264.826],[32528764.4257,5736239.8364],[32528705.6982,5736181.8606],[32528640.723,5736115.3883],[32528597.2395,5736065.4091],[32528586.7435,5736051.4148],[32528562.2527,5736017.9287],[32528535.0129,5735978.445],[32528515.7701,5735946.4581],[32528503.2747,5735919.4692],[32528490.2794,5735888.4818],[32528478.0338,5735858.9939],[32528468.2873,5735834.0041],[32528455.542,5735813.5125],[32528440.0479,5735795.0202],[32528418.8061,5735776.5279],[32528394.3156,5735760.0349],[32528366.3264,5735739.0438],[32528339.8366,5735715.5536],[32528320.5938,5735690.5639],[32528307.3486,5735660.0764],[32528296.1026,5735623.0915],[32528287.3555,5735586.1065],[32528280.8576,5735557.6181],[32528236.6227,5735390.1861],[32528225.8763,5735341.7058],[32528218.8784,5735296.724],[32528212.169,5735247.6675],[32528210.8807,5735238.2477],[32528203.3828,5735178.7717],[32528198.3841,5735132.2905],[32528196.0933,5735108.6223],[32528186.6372,5735026.8332],[32528176.1405,5734966.8575],[32528161.8954,5734915.8782],[32528145.9011,5734875.8945],[32528115.6622,5734809.4217],[32528100.1679,5734782.9326],[32528067.6796,5734702.4655],[32528039.19,5734638.9914],[32528029.9432,5734608.5038],[32528013.1989,5734540.5314],[32527970.2137,5734389.5928],[32527947.9718,5734342.1122],[32527923.7308,5734296.6309],[32527892.9923,5734249.6502],[32527855.0067,5734200.1707],[32527750.7962,5734072.2236],[32527733.3028,5734048.2335],[32527716.8089,5734021.2446],[32527708.8117,5733995.2552],[32527716.5584,5733975.2631],[32527741.2983,5733962.7678],[32527771.5362,5733956.27],[32527808.0217,5733952.7709],[32527857.5012,5733897.7924],[32527879.7421,5733877.8002],[32527920.9753,5733853.3095],[32527946.176,5733840.0456],[32527958.7095,5733833.4488],[32527982.7003,5733820.8217],[32527988.4478,5733809.8261],[32527982.2001,5733791.8334],[32527968.7051,5733771.8417],[32527960.2083,5733754.8486],[32527963.4567,5733740.3544],[32527984.4482,5733726.8596],[32528015.9355,5733712.365],[32528045.6734,5733695.3714],[32528121.6425,5733647.3897],[32528145.3828,5733627.8973],[32528166.3741,5733605.9058],[32528182.8672,5733582.9149],[32528192.3631,5733560.4238],[32528195.8614,5733538.9324],[32528192.6108,5733410.984],[32528193.8594,5733349.009],[32528197.6075,5733326.0182],[32528203.8548,5733306.0262],[32528244.5871,5733210.5641],[32528257.8313,5733169.5804],[32528268.8261,5733114.6024],[32528276.3221,5733050.1283],[32528281.3193,5732989.6526],[32528283.5676,5732938.6731],[32528283.0673,5732905.1866],[32528260.7271,5732869.1458],[32528245.5813,5732844.7114],[32528234.3356,5732833.2162],[32528221.3406,5732823.2204],[32528219.8426,5732846.7111],[32528218.3096,5732870.7504],[32528213.5955,5732944.6716],[32528211.0969,5732973.1602],[32528206.0994,5733003.6479],[32528198.3529,5733034.6356],[32528187.1078,5733065.6232],[32528173.6136,5733093.1123],[32528158.6199,5733116.1033],[32528104.8923,5733184.5764],[32528060.411,5733255.5484],[32527989.9404,5733348.5119],[32527966.7001,5733376.5009],[32527944.4592,5733399.492],[32527896.7288,5733439.9763],[32527871.3019,5733456.4698],[32527850.4976,5733469.9648],[32527833.2547,5733484.959],[32527808.0775,5733515.4306],[32527784.5249,5733543.9359],[32527771.7802,5733553.9321],[32527744.0413,5733561.9292],[32527734.5451,5733562.9289],[32527726.5482,5733556.4316],[32527718.801,5733537.4394],[32527709.804,5733502.4536],[32527699.0214,5733451.4852],[32527685.0621,5733385.501],[32527680.064,5733377.0045],[32527672.317,5733370.5072],[32527647.3268,5733366.5092],[32527637.0808,5733361.5113],[32527630.8332,5733351.0156],[32527629.5834,5733331.5235],[32527637.5798,5733304.0345],[32527653.0732,5733276.0455],[32527674.8141,5733245.5575],[32527401.4244,5733355.5169],[32527335.951,5733391.5033],[32527271.4771,5733429.4888],[32527245.2378,5733447.9817],[32527181.7638,5733500.4614],[32527127.7859,5733542.4453],[32527054.316,5733604.9211],[32526945.8059,5733690.5395],[32526881.3868,5733741.3685],[32526815.1638,5733787.8506],[32526775.9296,5733805.3441],[32526732.697,5733818.3395],[32526691.3504,5733827.8902],[32526691.3494,5733755.6671],[32526710.705,5733764.3615],[32526729.1976,5733764.861],[32526754.6873,5733754.8647],[32526783.4535,5733737.9822],[32526819.4111,5733716.8792],[32526872.3897,5733694.3875],[32526910.1244,5733674.395],[32526974.598,5733625.9137],[32527033.324,5733577.4324],[32527129.2844,5733480.4702],[32527234.9908,5733374.5114],[32527253.4833,5733362.0162],[32527274.4748,5733352.02],[32527303.575,5733341.8649],[32527370.4362,5733318.5322],[32527399.1745,5733304.5374],[32527426.9133,5733287.5439],[32527496.8848,5733242.0613],[32527578.8515,5733194.0795],[32527677.0616,5733133.1028],[32527695.8039,5733117.6088],[32527718.2946,5733093.6181],[32527739.7856,5733065.1293],[32527756.2786,5733037.1404],[32527770.2726,5733005.6529],[32527784.7663,5732967.668],[32527796.2612,5732930.6827],[32527801.5087,5732901.6943],[32527801.7578,5732848.2159],[32527796.0089,5732773.7459],[32527782.2632,5732690.2797],[32527763.479,5732595.317],[32527750.9553,5732532.0043],[32527747.5244,5732514.8508],[32527728.2825,5732546.3384],[32527707.0413,5732569.3294],[32527680.3021,5732582.3246],[32527641.3176,5732581.3255],[32527590.8375,5732572.3298],[32527540.6073,5732558.336],[32527502.872,5732541.3434],[32527479.1312,5732522.8511],[32527460.6382,5732502.8594],[32527430.1498,5732462.8759],[32527395.9128,5732424.3919],[32527373.6714,5732409.3982],[32527345.1826,5732402.4014],[32527314.4449,5732403.9012],[32527285.9563,5732411.3985],[32527259.7169,5732423.8939],[32527234.977,5732440.8873],[32527056.5502,5732597.3267],[32527043.5555,5732604.324],[32527029.811,5732604.3242],[32527020.0647,5732595.8278],[32527020.3143,5732576.8354],[32527029.3104,5732550.8458],[32527043.5543,5732524.856],[32527062.2965,5732500.3656],[32527085.287,5732477.3746],[32527189.7444,5732398.9048],[32527214.2343,5732378.4128],[32527250.9692,5732345.9254],[32527259.5648,5732333.7654],[32527281.1391,5732355.339],[32527301.4067,5732351.2852],[32527325.7276,5732335.0708],[32527366.2625,5732302.6422],[32527414.9041,5732245.8923],[32527528.4022,5732185.0881],[32527601.3656,5732172.9267],[32527617.5793,5732140.4984],[32527617.5785,5732087.8027],[32527617.5777,5732035.107],[32527587.4152,5731934.571],[32527613.3191,5731934.0865],[32527634.0609,5731938.5844],[32527670.5468,5731965.0733],[32527696.0369,5731977.5679],[32527728.7739,5731980.5663],[32527762.7603,5731978.0668],[32527791.4989,5731979.0661],[32527815.7394,5731983.5639],[32527852.2922,5731996.5292],[32527881.9634,5732007.0536],[32527889.96,5731993.0591],[32527891.2093,5731980.0644],[32527884.2117,5731951.5759],[32527876.7145,5731938.5813],[32527863.7195,5731929.0853],[32527830.2325,5731911.0929],[32527801.3455,5731893.1094],[32527766.0075,5731871.1099],[32527745.2655,5731856.1162],[32527729.5215,5731836.6242],[32527719.0253,5731812.634],[32527702.7807,5731739.6636],[32527695.7831,5731717.1728],[32527686.5365,5731695.1817],[32527674.7908,5731673.1908],[32527661.2958,5731652.1994],[32527633.3064,5731614.215],[32527619.5616,5731592.7239],[32527609.0653,5731561.7365],[32527602.5673,5731523.7519],[32527598.818,5731472.2726],[32527584.5741,5731499.7618],[32527561.3338,5731529.2502],[32527534.5948,5731557.2393],[32527510.6047,5731578.2311],[32527490.6128,5731590.7263],[32527449.6032,5731603.4591],[32527421.3906,5731612.2186],[32527399.6495,5731625.2136],[32527392.9024,5731640.7075],[32527396.901,5731658.2004],[32527408.1469,5731677.1926],[32527426.1399,5731694.1855],[32527450.6304,5731706.1804],[32527500.6108,5731721.6735],[32527519.6033,5731731.1694],[32527534.0978,5731746.663],[32527542.5947,5731764.6556],[32527543.5946,5731783.1482],[32527534.5984,5731802.6404],[32527517.8554,5731823.6322],[32527497.3638,5731842.125],[32527478.6215,5731857.1192],[32527461.6284,5731866.6156],[32527408.1499,5731883.6095],[32527381.1608,5731894.6054],[32527279.2021,5731944.0868],[32527263.4585,5731955.0826],[32527221.7258,5732003.5636],[32527207.7315,5732015.0591],[32527192.9874,5732019.0577],[32527178.993,5732016.0591],[32527166.7477,5732005.5635],[32527157.5011,5731991.0694],[32527151.0035,5731974.5762],[32527147.0047,5731952.5851],[32527145.7548,5731923.097],[32527147.7535,5731889.6104],[32527156.1421,5731841.5119],[32527158.9981,5731825.1362],[32527105.0199,5731850.6267],[32527085.2779,5731857.1243],[32527071.0335,5731857.6243],[32527058.7883,5731853.1262],[32527049.7917,5731842.1308],[32527045.5431,5731822.6387],[32527051.7903,5731800.6475],[32527067.7837,5731782.1547],[32527091.7739,5731765.661],[32527068.5331,5731759.6637],[32527055.5381,5731752.1669],[32527045.0422,5731742.1711],[32527040.044,5731730.176],[32527039.0441,5731713.6826],[32527041.043,5731692.6911],[32527037.0443,5731671.1998],[32527023.5494,5731654.7066],[32527002.5575,5731641.2123],[32526992.2277,5731647.7102],[32526971.5702,5731660.7048],[32526851.8702,5731825.1402],[32526818.7599,5731873.0331],[32526795.8936,5731906.1083],[32526775.4021,5731930.0989],[32526753.4112,5731950.591],[32526713.6774,5731983.0784],[32526698.1838,5731999.572],[32526686.1889,5732016.5653],[32526670.1957,5732050.052],[32526664.4482,5732066.5454],[32526659.9503,5732086.0377],[32526657.4516,5732108.5286],[32526658.0996,5732139.8681],[32526658.702,5732169.0043],[32526657.2031,5732200.9914],[32526652.955,5732216.985],[32526643.2091,5732229.4801],[32526629.7146,5732236.9773],[32526614.7206,5732239.9763],[32526597.9772,5732238.4771],[32526579.4845,5732232.9796],[32526555.2439,5732220.9847],[32526526.2552,5732202.9923],[32526479.0234,5732168.007],[32526359.0694,5732048.5566],[32526371.8137,5732010.5717],[32526386.8073,5731977.085],[32526406.2991,5731947.5966],[32526431.2888,5731921.107],[32526461.2764,5731893.6177],[32526493.5132,5731867.6277],[32526525.5002,5731846.1359],[32526581.6421,5731811.4102],[32526660.4453,5731762.6678],[32526756.9062,5731708.6883],[32526811.8838,5731674.2015],[32526850.3681,5731641.714],[32526867.361,5731622.7215],[32526879.106,5731602.2296],[32526990.3108,5731528.7577],[32527034.5428,5731501.2682],[32527076.276,5731489.2725],[32527119.0087,5731467.7806],[32527167.7387,5731429.2955],[32527246.9561,5731350.3263],[32527273.9449,5731318.8386],[32527294.6862,5731288.3506],[32527312.6786,5731258.3624],[32527329.9213,5731227.8745],[32527344.9148,5731195.3874],[32527356.1598,5731159.4017],[32527362.9066,5731124.4157],[32527365.1553,5731094.9276],[32527361.9058,5731043.9481],[32527389.3945,5731013.4601],[32527411.1354,5730985.9709],[32527426.8788,5730959.9811],[32527437.1243,5730933.4917],[32527446.87,5730901.5044],[32527454.1166,5730868.0178],[32527457.6147,5730836.5304],[32527461.1119,5730740.0692],[32527462.1102,5730654.6036],[32527460.1107,5730635.1115],[32527456.3619,5730615.1196],[32527449.6143,5730594.628],[32527423.8738,5730546.6476],[32527408.3795,5730511.6619],[32527397.8831,5730471.6781],[32527397.1327,5730428.6954],[32527411.6252,5730312.7419],[32527419.1219,5730285.7527],[32527431.8664,5730259.763],[32527450.1088,5730232.7737],[32527470.1005,5730209.7827],[32527488.5929,5730195.2883],[32527470.6,5730189.2909],[32527448.6087,5730187.7918],[32527417.871,5730192.7902],[32527388.3829,5730202.7865],[32527345.4002,5730221.2796],[32527323.1592,5730228.2771],[32527301.168,5730232.2757],[32527282.9252,5730232.7757],[32527257.1686,5730230.7871],[32527218.2009,5730227.7786],[32527154.4763,5730229.2788],[32527125.7377,5730229.7789],[32527097.9988,5730233.2779],[32527068.7605,5730240.2754],[32527043.2708,5730251.2713],[32527023.7787,5730262.7669],[32527007.0356,5730275.7619],[32526981.8774,5730134.9889],[32527077.423,5730126.3018],[32527150.6887,5730122.5437],[32527210.8041,5730120.6644],[32527254.0121,5730120.6638],[32527285.7572,5730120.6634],[32527322.1582,5730133.3153],[32527352.896,5730138.8127],[32527385.1332,5730139.8119],[32527418.37,5730136.3129],[32527452.1064,5730130.3149],[32527522.079,5730112.1848],[32527562.0623,5730101.825],[32527588.8016,5730095.8271],[32527609.7932,5730094.3274],[32527631.0348,5730095.3267],[32527671.5188,5730104.8224],[32527726.8092,5730125.4382],[32527745.2399,5730132.3104],[32527762.9214,5730096.9779],[32527777.726,5730063.8376],[32527787.2218,5730037.8479],[32527790.97,5730016.3565],[32527790.7198,5729994.8652],[32527783.4724,5729976.8725],[32527766.2291,5729964.8776],[32527743.9879,5729961.3793],[32527723.2462,5729964.8781],[32527701.1627,5729973.4664],[32527642.2788,5729996.3665],[32527615.5395,5730000.865],[32527583.3023,5729998.8662],[32527548.0662,5729989.8702],[32527515.0791,5729975.8763],[32527486.3403,5729958.8835],[32527464.3488,5729941.8906],[32527434.6101,5729910.4037],[32527391.6265,5729858.4251],[32527349.6423,5729801.9484],[32527323.1522,5729755.4674],[32527294.9123,5729679.9982],[32527284.4159,5729640.0144],[32527279.1673,5729598.0314],[32527278.6669,5729559.0471],[32527280.4158,5729526.0603],[32527284.9135,5729496.5721],[32527292.4101,5729468.0835],[32527303.6552,5729438.5953],[32527329.894,5729384.6167],[32527337.6406,5729363.1252],[32527344.3875,5729335.6362],[32527349.1352,5729306.6478],[32527353.0516,5729240.8924],[32527356.1307,5729189.195],[32527360.3784,5729147.2119],[32527366.1255,5729110.7265],[32527373.3722,5729080.2387],[32527382.3682,5729053.2494],[32527393.3635,5729029.259],[32527406.8578,5729008.2673],[32527425.3502,5728991.7737],[32527446.3417,5728980.7778],[32527470.8319,5728973.2806],[32527457.8367,5728952.789],[32527458.0863,5728931.2976],[32527467.5822,5728908.3068],[32527450.8389,5728909.3066],[32527434.3453,5728901.8098],[32527416.852,5728887.3158],[32527504.8152,5728761.8653],[32527534.8026,5728712.8846],[32527587.2802,5728611.4249],[32527612.5193,5728556.9465],[32527628.5124,5728514.4634],[32527681.4904,5728453.4873],[32527701.2321,5728425.4984],[32527716.1293,5728413.3466],[32527764.956,5728373.5185],[32527803.6902,5728344.5297],[32527836.1769,5728322.5382],[32527863.166,5728307.5439],[32527886.1567,5728300.0466],[32527912.6461,5728294.5485],[32527964.6253,5728288.5503],[32527950.8807,5728280.5537],[32527941.6342,5728269.0585],[32527936.1362,5728255.564],[32527933.387,5728240.57],[32527934.1364,5728215.5801],[32527938.3843,5728191.0899],[32527950.129,5728148.6069],[32527956.1262,5728119.6185],[32527957.1254,5728089.1307],[32527953.6263,5728060.1425],[32527945.879,5728036.652],[32527933.3837,5728018.6594],[32527918.8893,5728006.1646],[32527901.646,5727995.6691],[32527928.1327,5727805.2454],[32527934.879,5727736.7729],[32527935.8778,5727681.7951],[32527931.6278,5727571.8397],[32527923.3801,5727501.8685],[32527913.3835,5727460.3857],[32527894.6404,5727416.9038],[32527863.1524,5727379.4196],[32527749.6938,5727112.0309],[32527670.2234,5726970.59],[32527692.9629,5726864.1335],[32527721.2001,5726757.1772],[32527730.9457,5726714.6946],[32527735.1935,5726679.7089],[32527734.1934,5726647.7221],[32527728.8127,5726583.9933],[32527727.6949,5726570.7538],[32527749.936,5726566.2554],[32527811.4115,5726559.7574],[32527754.7667,5726514.1101],[32527726.4443,5726491.2865],[32527696.2036,5726293.868],[32527690.2053,5726243.3889],[32527690.205,5726222.3975],[32527692.4538,5726199.9067],[32527697.4514,5726174.917],[32527712.9445,5726120.939],[32527715.4432,5726097.9484],[32527712.9439,5726077.4569],[32527705.4466,5726059.4643],[32527690.9522,5726044.9705],[32527670.7101,5726035.4746],[32527649.2186,5726029.9771],[32527631.7255,5726028.4779],[32527562.5032,5726038.4746],[32527537.0133,5726039.4744],[32527478.5366,5726039.4751],[32527461.5433,5726036.9763],[32527443.3005,5726030.979],[32527424.8077,5726021.9829],[32527408.0642,5726009.988],[32527389.8212,5725992.9952],[32527368.8293,5725969.505],[32527347.8372,5725942.0166],[32527329.844,5725912.0291],[32527319.3476,5725875.5442],[32527316.8481,5725836.0605],[32527319.8462,5725790.5791],[32527358.3302,5725734.6017],[32527381.0703,5725673.1268],[32527405.5593,5725583.1635],[32527438.794,5725439.2223],[32527459.0905,5725333.851],[32527465.722,5725299.4227],[32527471.7785,5725267.7924],[32527480.7743,5725220.8116],[32527489.0197,5725130.8486],[32527490.0182,5725048.8822],[32527480.7708,5724969.415],[32527478.0211,5724917.4364],[32527473.7722,5724873.4545],[32527466.2747,5724836.4698],[32527467.7733,5724779.993],[32527465.5235,5724732.0128],[32527457.5261,5724691.0297],[32527446.7799,5724654.5448],[32527430.0355,5724578.5762],[32527404.0451,5724527.0977],[32527390.3003,5724506.6062],[32527354.0641,5724461.6251],[32527254.8511,5724286.1982],[32527235.3582,5724240.7171],[32527214.3657,5724178.243],[32527182.1269,5724062.7908],[32527171.6303,5724012.8114],[32527157.1411,5723924.0337],[32527151.6365,5723883.3648],[32527147.7804,5723833.855],[32527145.6373,5723768.9119],[32527145.8865,5723717.9328],[32527147.3852,5723669.4528],[32527150.3879,5723620.2824],[32527158.1285,5723493.525],[32527160.1267,5723427.552],[32527157.8771,5723389.5677],[32527190.8607,5723390.0671],[32527190.864,5723390.0672],[32527223.8509,5723390.5666],[32527230.0981,5723367.576],[32527231.0973,5723344.0857],[32527228.3481,5723318.5962],[32527214.6025,5723240.1286],[32527205.6051,5723173.1562],[32527201.8558,5723117.1792],[32527200.3557,5723064.7008],[32527194.6993,5722988.552],[32527184.9298,5722878.5806],[32527182.1097,5722832.7963],[32527182.3593,5722808.8061],[32527187.6057,5722704.8488],[32527186.3559,5722685.3568],[32527180.1424,5722657.0416],[32527171.111,5722615.8855],[32527165.8629,5722600.3919],[32527138.3731,5722549.9129],[32527124.6282,5722518.9258],[32527111.3831,5722497.9346],[32527096.8889,5722493.9363],[32527080.6454,5722500.9336],[32527087.8917,5722443.9569],[32527100.1361,5722387.9798],[32527121.3768,5722328.0043],[32527198.5939,5722171.0681],[32527240.826,5722092.1002],[32527272.3127,5722038.1221],[32527300.0511,5722000.1375],[32527333.2874,5721960.6534],[32527366.0239,5721927.1669],[32527392.513,5721907.1749],[32527446.4911,5721877.1867],[32527472.2306,5721858.1943],[32527489.4735,5721838.7022],[32527509.9655,5721847.1985],[32527557.9467,5721866.69],[32527612.6752,5721889.6801],[32527653.6591,5721907.1726],[32527684.647,5721917.1682],[32527720.1329,5721923.6652],[32527755.6188,5721925.6641],[32527785.8568,5721924.6642],[32527822.842,5721921.1653],[32527873.072,5721916.6667],[32527924.8014,5721913.6675],[32527966.5348,5721915.1665],[32527977.3571,5721916.0559],[32528045.7533,5721919.1642],[32528095.9833,5721917.1645],[32528153.9602,5721911.6663],[32528223.9322,5721901.17],[32528378.1205,5721874.1797],[32528440.5955,5721865.1829],[32528497.0729,5721857.1857],[32528583.4408,5721841.1556],[32528607.7786,5721836.1934],[32528642.2648,5721830.1955],[32528677.5006,5721823.6979],[32528729.9797,5721817.2001],[32528787.2069,5721818.1992],[32528836.1877,5721835.6916],[32528866.1759,5721849.6855],[32528893.4152,5721859.6812],[32528918.6553,5721864.1791],[32528938.1891,5721864.6787],[32528939.1471,5721864.6787],[32528940.2036,5721864.7302],[32528957.7232,5721865.1783],[32528959.639,5721865.1783],[32528960.9674,5721865.2613],[32528967.6358,5721865.678],[32528989.1273,5721868.1768],[32529019.6152,5721874.1741],[32529054.3516,5721885.1692],[32529094.3359,5721903.1615],[32529138.3188,5721927.1512],[32529179.0529,5721952.6403],[32529190.6377,5721961.6818],[32529209.791,5721976.6302],[32529213.0398,5721980.6285],[32529221.0367,5721991.1241],[32529231.5328,5722008.117],[32529241.779,5722030.6077],[32529249.5263,5722055.5973],[32529256.0241,5722079.5873],[32529267.0203,5722126.5679],[32529284.5141,5722179.5459],[32529314.0026,5722197.0384],[32529346.9897,5722212.5317],[32529388.2235,5722226.5256],[32529395.9705,5722228.0249],[32529415.7127,5722231.5233],[32529441.7024,5722236.521],[32529468.6917,5722242.0185],[32529474.3294,5722243.2606],[32529554.9735,5722258.9341],[32529555.4075,5722259.0107],[32529565.6534,5722261.0098],[32529533.1665,5722270.0064],[32529498.6804,5722287.9993],[32529466.6935,5722311.9897],[32529442.2036,5722338.9788],[32529427.7098,5722370.9657],[32529420.7131,5722404.9518],[32529417.9647,5722442.9361],[32529455.4505,5722488.9168],[32529469.445,5722496.9134],[32529488.1876,5722497.413],[32529508.6793,5722492.4149],[32529528.1714,5722483.4184],[32529547.6635,5722469.9238],[32529568.1551,5722450.9315],[32529598.3801,5722414.2477],[32529626.6308,5722379.9602],[32529659.6173,5722348.4729],[32529695.1027,5722319.4845],[32529724.3408,5722300.4921],[32529859.0377,5722334.9766],[32529906.2691,5722344.4723],[32529943.7542,5722348.4703],[32529986.7372,5722350.9689],[32530064.956,5722351.4679],[32530124.6822,5722348.4686],[32530177.1613,5722341.471],[32530243.6346,5722328.4758],[32530276.3715,5722317.9798],[32530291.0488,5722311.2384],[32530310.3577,5722301.9861],[32530338.8462,5722288.9912],[32530362.3367,5722278.4953],[32530402.5515,5722261.8278],[32530466.0448,5722235.5121],[32530534.0174,5722207.0233],[32530601.99,5722178.5344],[32530703.449,5722136.0511],[32530766.9234,5722110.0612],[32530816.6533,5722090.5688],[32530890.8734,5722063.0795],[32530962.3446,5722036.5898],[32531004.8275,5722021.5956],[32531019.1746,5722018.7465],[32531047.3104,5722012.5991],[32531082.5463,5722005.6016],[32531108.2031,5722001.0198],[32531110.5351,5722000.6033],[32531126.9243,5721998.703],[32531156.5167,5721994.6054],[32531196.7507,5721990.6067],[32531232.9862,5721988.6072],[32531406.2855,5721992.0673],[32531409.1662,5721992.1042],[32531433.1567,5721992.6038],[32531460.146,5721996.6019],[32531486.1358,5722006.5975],[32531506.1281,5722024.0901],[32531522.1221,5722049.0796],[32531536.6166,5722074.569],[32531547.3627,5722095.0604],[32531551.3612,5722103.5568],[32531578.601,5722153.0361],[32531603.0919,5722192.5196],[32531626.333,5722221.0076],[32531656.5713,5722244.4976],[32531714.0605,5722283.7518],[32531747.7859,5722306.4712],[32531790.5193,5722335.9586],[32531853.245,5722382.4388],[32531945.2094,5722451.4094],[32532034.1749,5722517.8811],[32532088.7113,5722556.7002],[32532140.3836,5722586.3518],[32532168.1227,5722597.347],[32532198.3608,5722602.3447],[32532217.3536,5722629.3333],[32532240.0949,5722652.3236],[32532271.0828,5722671.8153],[32532419.7746,5722739.2859],[32532441.7659,5722744.2837],[32532533.2297,5722756.7776],[32532564.4674,5722763.2747],[32532693.1667,5722800.7579],[32532812.12,5722842.7394],[32532859.3513,5722849.2843],[32532912.3453,5722856.6277],[32532970.8072,5722864.7288],[32533030.5336,5722875.2239],[32533205.9643,5722911.2074],[32533256.1944,5722923.2019],[32533550.8284,5723004.6654],[32533701.7689,5723048.1459],[32533789.4844,5723070.6357],[32533876.6999,5723090.6266],[32533941.6742,5723101.6214],[32534053.8797,5723108.6175],[32534151.091,5723109.6161],[32534224.5617,5723104.6175],[32534298.7821,5723093.1215],[32534360.7572,5723077.6274],[32534385.7471,5723066.6317],[32534404.4894,5723052.1375],[32534421.2325,5723031.6459],[32534468.4628,5722967.1722],[32534491.6729,5722939.6203],[32534537.934,5722884.7054],[32534560.9244,5722852.7182],[32534579.6665,5722819.7315],[32534597.6589,5722782.7465],[32534623.8976,5722721.2715],[32534648.5054,5722658.1036],[32534655.6339,5722639.8047],[32534664.1296,5722575.831],[32534664.629,5722546.3432],[32534656.8808,5722458.8797],[32534655.9999,5722452.4056],[32534646.8838,5722385.4104],[32534636.6374,5722356.4226],[32534621.1431,5722323.4366],[32534603.8995,5722292.9496],[32534588.4053,5722270.9591],[32534520.1812,5722191.4934],[32534507.1861,5722173.5011],[32534471.6993,5722102.0311],[32534414.5833,5721973.6376],[32534342.7465,5721812.1525],[32534312.5609,5721721.4207],[32534301.0113,5721686.7049],[32534216.042,5721465.2975],[32534234.5335,5721386.8298],[32534243.5296,5721359.3412],[32534246.0271,5721256.8836],[32534243.5276,5721219.3992],[32534225.0328,5721070.4611],[32534222.5332,5721027.9788],[32534225.2808,5720934.5175],[32534229.2314,5720869.3972],[32534231.5269,5720831.5602],[32534231.7756,5720750.5937],[32534233.7744,5720716.108],[32534239.5216,5720686.1204],[32534248.7675,5720654.1336],[32534269.0086,5720594.6581],[32534283.7523,5720559.1727],[32534342.7271,5720441.7209],[32534380.211,5720358.755],[32534414.1971,5720327.2678],[32534450.1822,5720288.7835],[32534474.922,5720264.7933],[32534501.6611,5720241.3028],[32534527.9003,5720221.3109],[32534565.8849,5720197.32],[32534682.0879,5720130.845],[32534760.3845,5720100.6911],[32534916.9935,5720040.3774],[32535121.911,5719944.4126],[32535207.4465,5719908.0751],[32535283.0961,5719875.9374],[32535315.8329,5719863.9417],[32535492.0135,5719893.4255],[32535558.2375,5719906.9185],[32535694.2544,5719942.9003],[32535716.9251,5719948.8976],[32535772.4034,5719968.3883],[32535830.8806,5719992.8768],[32535883.1102,5720017.8653],[32535920.8456,5720039.3556],[32535954.0828,5720064.3445],[32536035.3016,5720133.814],[32536055.045,5720222.7767],[32536076.2886,5720365.2173],[32536053.7981,5720407.7002],[32536018.8128,5720466.6765],[32535995.8223,5720495.6651],[32535972.8318,5720520.1554],[32535947.3422,5720540.6475],[32535841.385,5720599.1256],[32535736.6772,5720647.6078],[32535644.2145,5720694.0905],[32535617.2254,5720710.5843],[32535590.2364,5720727.078],[32535496.2748,5720812.5447],[32535464.5379,5720846.0315],[32535436.2996,5720886.5153],[32535336.8414,5721048.4503],[32535269.3698,5721166.4029],[32535233.385,5721233.8757],[32535211.1445,5721280.3569],[32535198.1502,5721322.3398],[32535184.1566,5721379.8162],[32535173.1617,5721437.2926],[32535168.1643,5721478.2758],[32535169.4143,5721511.2621],[32535174.4129,5721551.7452],[32535182.4103,5721595.227],[32535231.6437,5721799.6412],[32535247.888,5721856.1175],[32535273.8788,5721931.5857],[32535315.8625,5721954.5753],[32535336.8543,5721964.5707],[32535357.0964,5721971.5674],[32535377.5883,5721976.0651],[32535397.5804,5721977.564],[32535419.6422,5721976.666],[32535433.5662,5721977.0635],[32535447.3108,5721984.0603],[32535451.8092,5721996.5551],[32535441.5635,5722015.0476],[32535423.071,5722024.0443],[32535405.0781,5722025.544],[32535367.593,5722023.0458],[32535349.3502,5722024.0458],[32535333.6065,5722027.5447],[32535318.8625,5722036.5412],[32535303.6187,5722053.5345],[32535292.1237,5722079.0242],[32535286.6263,5722108.5121],[32535282.8787,5722174.9846],[32535270.6353,5722299.4333],[32535268.3867,5722335.9182],[32535268.3871,5722365.9058],[32535273.9481,5722416.9855],[32535315.7044,5722443.0817],[32535356.013,5722459.2039],[32535360.1023,5722472.3598],[32535376.3463,5722506.8452],[32535369.5983,5722453.3675],[32535370.3473,5722405.3873],[32535362.0994,5722321.4223],[32535364.8479,5722296.4326],[32535374.0939,5722271.4428],[32535386.8386,5722250.951],[32535400.5829,5722239.9553],[32535414.3275,5722236.9562],[32535428.8217,5722238.4553],[32535444.0658,5722243.4529],[32535460.3095,5722252.9487],[32535476.5532,5722267.9421],[32535527.5339,5722331.4148],[32535550.0254,5722356.404],[32535578.5145,5722384.8916],[32535635.4926,5722434.8697],[32535670.729,5722461.358],[32535766.9418,5722526.3292],[32535828.6678,5722560.3138],[32535930.8781,5722621.2865],[32535957.3679,5722640.7779],[32536040.8359,5722714.7456],[32536120.8049,5722763.7237],[32536177.7827,5722794.21],[32536188.0288,5722807.2044],[32536190.778,5722820.6988],[32536211.0197,5722807.2039],[32536234.0105,5722798.2072],[32536263.4988,5722794.2083],[32536295.736,5722795.707],[32536327.9733,5722800.2045],[32536359.7108,5722807.2009],[32536391.4484,5722817.1962],[32536449.6756,5722839.6857],[32536474.9158,5722852.18],[32536497.1572,5722867.1734],[32536620.7316,5722973.2986],[32536665.3425,5723011.6103],[32536699.3294,5723037.0991],[32536724.6812,5723053.2645],[32536726.1919,5723054.2278],[32536765.0539,5723075.082],[32536793.043,5723085.0774],[32536820.7821,5723091.5741],[32536849.2708,5723095.0721],[32536878.5093,5723096.0711],[32536977.7199,5723091.571],[32536985.9667,5723098.5679],[32536996.7125,5723103.5657],[32537011.7066,5723107.0639],[32537029.9493,5723104.0648],[32537046.9425,5723096.0677],[32537064.6853,5723083.0728],[32537075.6808,5723082.2396],[32537097.6722,5723080.5731],[32537072.4161,5723103.1794],[32537089.9587,5723123.9104],[32537122.9827,5723129.9141],[32537160.7901,5723127.6894],[32537191.3851,5723086.069],[32537227.6208,5723088.0674],[32537263.6066,5723092.0651],[32537302.8411,5723099.5612],[32537345.3244,5723112.0552],[32537427.5423,5723143.0408],[32537451.5329,5723150.0374],[32537466.7769,5723151.0367],[32537482.7705,5723148.5374],[32537497.2646,5723137.0418],[32537508.7597,5723112.5517],[32537518.5052,5723073.0678],[32537529.3736,5723020.3018],[32537547.7416,5722931.1258],[32537570.4815,5722852.6578],[32537583.7258,5722818.1717],[32537601.4683,5722787.684],[32537625.4584,5722756.1965],[32537652.6972,5722729.2071],[32537679.6863,5722712.7133],[32537652.6988,5722844.6594],[32537638.9551,5722901.1364],[32537622.4623,5722953.615],[32537568.236,5723105.0536],[32537545.496,5723173.026],[32537537.9995,5723210.0109],[32537537.6486,5723237.7481],[32537537.5002,5723249.4946],[32537541.999,5723288.9782],[32537551.7461,5723355.9504],[32537597.7295,5723475.4002],[32537628.7181,5723537.8738],[32537638.4646,5723562.8633],[32537644.9624,5723585.3539],[32537650.7106,5723619.3397],[32537650.9607,5723637.3323],[32537648.2121,5723655.8247],[32537642.2147,5723673.3176],[32537631.969,5723689.3112],[32537542.2559,5723785.7732],[32537515.7669,5723816.2611],[32537496.7748,5723845.2495],[32537472.7851,5723902.7262],[32537465.0386,5723930.215],[32537461.5403,5723954.705],[32537460.5413,5723995.6881],[32537457.043,5724014.6803],[32537448.2967,5724032.6731],[32537430.8039,5724051.1658],[32537385.5723,5724088.1514],[32537370.0787,5724106.644],[32537349.8372,5724139.131],[32537342.5903,5724157.6235],[32537340.3416,5724181.6137],[32537341.1664,5724221.5899],[32537341.3419,5724230.0936],[32537392.0719,5724243.0873],[32537402.8178,5724249.0846],[32537409.3154,5724261.5793],[32537409.5656,5724284.07],[32537405.3177,5724310.5592],[32537396.3218,5724350.043],[32537372.9082,5724347.5078],[32537327.0991,5724342.5475],[32537316.6038,5724383.5307],[32537304.1094,5724422.5149],[32537287.3666,5724462.4987],[32537271.3734,5724495.4854],[32537258.6288,5724520.4753],[32537243.8849,5724542.4665],[32537222.3937,5724563.958],[32537198.1536,5724583.4504],[32537159.1695,5724610.44],[32537141.9265,5724624.4345],[32537124.4337,5724642.4274],[32537092.6969,5724684.4107],[32537061.646,5724733.1643],[32537039.2192,5724768.377],[32537019.4774,5724793.3671],[32536992.2386,5724821.8558],[32536900.5262,5724911.3206],[32536875.7865,5724944.3074],[32536806.0656,5725045.267],[32536751.3383,5725121.2366],[32536703.2526,5725191.5497],[32536638.8852,5725285.6707],[32536584.6578,5725359.1413],[32536564.4162,5725383.6315],[32536547.4231,5725400.125],[32536528.181,5725415.619],[32536509.1887,5725428.6139],[32536492.6953,5725437.6105],[32536477.9513,5725449.106],[32536456.6123,5725469.5381],[32536465.0125,5725489.1375],[32536479.0385,5725504.0393],[32536498.3239,5725513.6814],[32536528.9226,5725520.8203],[32536574.5094,5725486.734],[32536616.1467,5725455.6008],[32536644.8849,5725429.1113],[32536674.8725,5725392.6258],[32536703.3606,5725350.1428],[32536742.844,5725279.1715],[32536778.1559,5725192.1575],[32536788.0744,5725167.7167],[32536802.8183,5725143.2265],[32536828.5576,5725111.2393],[32536861.794,5725078.2523],[32536899.5286,5725051.2627],[32536944.2608,5725041.7658],[32536986.7439,5725037.2669],[32537030.4765,5725037.7659],[32537089.2034,5725045.2617],[32537111.4446,5725050.759],[32537159.8597,5725068.8983],[32537204.6581,5725082.2443],[32537238.6447,5725084.2428],[32537273.1309,5725077.2451],[32537302.3693,5725078.2441],[32537326.6098,5725081.2424],[32537345.8523,5725088.739],[32537371.8423,5725110.2296],[32537384.5873,5725115.7271],[32537398.5817,5725111.7285],[32537407.5779,5725100.2331],[32537407.3279,5725088.2381],[32537396.6857,5725062.8731],[32537389.0845,5725044.7564],[32537376.5891,5725019.2671],[32537362.5939,5724967.7886],[32537355.5959,5724913.3112],[32537357.8441,5724848.338],[32537371.3378,5724780.8656],[32537390.8292,5724718.8909],[32537413.0696,5724666.4121],[32537433.8109,5724627.9276],[32537458.3008,5724599.9387],[32537489.788,5724577.9472],[32537523.5244,5724561.4533],[32537554.0121,5724550.9571],[32537585.2497,5724545.9586],[32537620.2358,5724544.9583],[32537680.7118,5724546.4566],[32537703.9526,5724544.9567],[32537728.4428,5724540.4581],[32537750.6839,5724533.9604],[32537767.927,5724524.464],[32537778.9224,5724513.4683],[32537785.9195,5724500.9733],[32537789.9177,5724486.4792],[32537790.917,5724467.9868],[32537775.4226,5724428.0036],[32537764.9263,5724394.5177],[32537760.1778,5724366.5293],[32537762.4265,5724341.0398],[32537768.4237,5724311.052],[32537776.92,5724281.564],[32537786.4159,5724258.5733],[32537799.4104,5724239.0811],[32537816.6533,5724219.089],[32537836.3952,5724201.5959],[32537855.8874,5724190.6],[32537873.7124,5724184.9183],[32537891.2125,5724173.2513],[32537899.5459,5724164.9178],[32537904.7574,5724144.0708],[32537902.3683,5724142.1192],[32537894.8708,5724115.1304],[32537893.371,5724083.6434],[32537900.1177,5724041.6606],[32537914.6113,5723991.1812],[32537932.1036,5723939.7021],[32537949.8459,5723893.7207],[32537978.3338,5723834.2447],[32538001.5737,5723774.269],[32538008.0708,5723748.2795],[32538021.3142,5723653.3185],[32538031.0599,5723624.83],[32538045.5539,5723603.8384],[32538063.7964,5723587.8446],[32538086.0375,5723578.8479],[32538112.7769,5723578.8474],[32538143.7648,5723592.3412],[32538151.4397,5723598.2063],[32538174.5029,5723615.8309],[32538207.4903,5723648.3169],[32538235.9791,5723652.8145],[32538257.7205,5723653.3138],[32538272.4645,5723647.316],[32538278.2121,5723635.8206],[32538279.2115,5723624.3254],[32538274.9631,5723612.3304],[32538265.9665,5723600.8353],[32538210.7376,5723546.8586],[32538190.9951,5723523.8685],[32538171.0025,5723489.3831],[32538150.51,5723445.4017],[32538128.2681,5723391.4244],[32538117.0223,5723373.9318],[32538101.2783,5723356.9391],[32538082.2856,5723340.9461],[32538061.2937,5723325.9527],[32538036.8032,5723311.9589],[32537992.5705,5723292.9676],[32537976.0769,5723288.9696],[32537950.0872,5723287.9705],[32537924.3475,5723290.47],[32537876.8664,5723297.9679],[32537854.3753,5723294.9696],[32537832.3838,5723282.4752],[32537815.1403,5723259.485],[32537807.3929,5723226.9985],[32537811.6408,5723196.0112],[32537823.136,5723176.0193],[32537840.6288,5723162.0247],[32537944.087,5723105.0461],[32537961.3301,5723097.0491],[32537982.0717,5723090.0515],[32538006.562,5723084.5533],[32538070.0039,5723079.8624],[32538128.2636,5723075.5546],[32538179.993,5723070.5556],[32538220.7268,5723064.0575],[32538260.211,5723052.5614],[32538308.1917,5723035.5675],[32538493.1174,5722967.092],[32538524.8547,5722958.5949],[32538546.0963,5722956.0955],[32538566.3383,5722956.095],[32538588.0797,5722958.5936],[32538613.0698,5722964.0908],[32538638.0601,5722973.0866],[32538658.5521,5722985.0813],[32538686.7912,5723008.0712],[32538722.2777,5723045.5551],[32538752.5163,5723086.5376],[32538816.4924,5723186.9949],[32538841.2331,5723222.9796],[32538859.2262,5723241.4716],[32538876.4695,5723249.9678],[32538893.9626,5723250.967],[32538912.7051,5723245.9687],[32538928.6986,5723237.4719],[32538937.445,5723226.976],[32538940.6935,5723212.4819],[32538939.1938,5723192.99],[32538931.9463,5723162.5027],[32538892.9601,5723050.0498],[32538886.4623,5723025.0602],[32538885.4624,5723000.5703],[32538889.7104,5722979.0791],[32538899.4563,5722962.5857],[32538915.1999,5722954.0889],[32538935.4419,5722951.5895],[32538956.6835,5722953.5882],[32538995.6682,5722964.5829],[32539026.1447,5722971.6985],[32539044.8988,5722976.0772],[32539080.6347,5722977.0761],[32539101.1264,5722965.5804],[32539110.6224,5722948.0874],[32539117.1194,5722916.1004],[32539125.6159,5722908.1035],[32539137.6111,5722904.1049],[32539151.8554,5722904.1047],[32539186.8417,5722912.1007],[32539207.0837,5722918.5976],[32539181.3435,5722884.1123],[32539157.6025,5722855.6245],[32539134.3614,5722832.6344],[32539095.8762,5722804.6467],[32539085.1303,5722790.6527],[32539084.6302,5722773.1599],[32539091.6272,5722752.6682],[32539101.373,5722734.6754],[32539103.6946,5722732.9455],[32539112.6407,5722726.2797],[32539114.1179,5722725.1791],[32539129.8617,5722730.1767],[32539164.8482,5722757.6647],[32539181.8416,5722764.1617],[32539198.0851,5722760.163],[32539211.3296,5722747.1681],[32539215.5777,5722730.6748],[32539212.3288,5722713.6818],[32539194.3355,5722685.1939],[32539193.5856,5722672.6991],[32539199.833,5722664.2024],[32539212.5779,5722660.7036],[32539238.3177,5722662.7023],[32539247.564,5722657.7041],[32539254.3111,5722642.2104],[32539255.3104,5722620.2194],[32539248.8127,5722598.7284],[32539238.3166,5722579.2366],[32539210.0771,5722534.7555],[32539160.0957,5722446.2929],[32539139.8531,5722402.8113],[32539126.6078,5722362.3282],[32539118.1105,5722320.8454],[32539114.6113,5722280.3622],[32539115.6104,5722244.377],[32539122.6071,5722207.3921],[32539133.6022,5722169.4075],[32539148.5957,5722127.4244],[32539162.5894,5722075.4455],[32539169.5864,5722056.953],[32539185.0798,5722028.4644],[32539195.3256,5722015.9693],[32539205.4297,5722009.2331],[32539208.0704,5722007.4726],[32539222.8145,5722004.4735],[32539237.0589,5722005.4728],[32539252.053,5722009.4708],[32539279.7921,5722017.467],[32539309.7804,5722029.4614],[32539347.0159,5722047.953],[32539380.0032,5722072.4423],[32539402.7446,5722098.4311],[32539432.9833,5722147.4103],[32539449.477,5722170.4005],[32539468.9697,5722195.8896],[32539500.2078,5722230.8746],[32539512.453,5722236.8719],[32539528.4467,5722239.3705],[32539544.9402,5722239.3702],[32539558.4348,5722237.8705],[32539569.6803,5722233.3721],[32539578.6766,5722224.8754],[32539581.4253,5722211.3809],[32539573.928,5722191.3893],[32539507.5913,5722070.4704],[32539444.1407,5721954.8122],[32539410.2387,5721893.0154],[32539387.747,5721848.5342],[32539368.5039,5721798.0554],[32539324.0195,5721657.1143],[32539311.7737,5721608.6345],[32539303.8671,5721556.7717],[32539286.6124,5721422.8076],[32539386.298,5721380.8331],[32539489.1679,5721327.1598],[32539534.7781,5721288.0646],[32539737.1007,5721298.753],[32539808.0726,5721305.2488],[32539897.0375,5721317.242],[32540004.7451,5721334.2327],[32540062.4721,5721327.7341],[32540081.9643,5721321.7362],[32540096.2085,5721312.7396],[32540107.4539,5721299.7447],[32540108.0676,5721286.689],[32540093.9589,5721277.754],[32540012.9908,5721263.2617],[32539957.5127,5721255.7659],[32539822.5658,5721227.7803],[32539719.6063,5721208.2906],[32539512.1878,5721155.3168],[32539455.4597,5721114.8347],[32539438.4662,5721100.341],[32539409.4773,5721067.3552],[32539388.9851,5721049.8628],[32539365.7442,5721038.8678],[32539341.0039,5721034.3702],[32539317.0134,5721033.871],[32539293.5228,5721037.37],[32539270.7819,5721045.3672],[32539249.5406,5721062.8605],[32539230.2986,5721090.3496],[32539214.0555,5721121.3372],[32539201.5608,5721149.8257],[32539192.3149,5721177.8144],[32539187.5672,5721207.8021],[32539189.5668,5721237.7898],[32539200.313,5721265.778],[32539202.5052,5721268.2198],[32539158.1928,5721345.0573],[32539113.5386,5721389.7124],[32539082.3615,5721389.2297],[32539050.8735,5721355.2444],[32539041.6269,5721339.7509],[32539026.6321,5721286.2733],[32539020.6339,5721242.7913],[32539020.6331,5721190.8127],[32539026.1301,5721133.3363],[32539040.1232,5721032.3775],[32539046.1203,5721001.3902],[32539068.3605,5720929.4193],[32539102.3458,5720843.454],[32539122.0875,5720805.4692],[32539145.0778,5720766.9845],[32539180.563,5720712.5062],[32539190.3088,5720694.0136],[32539196.6597,5720676.8657],[32539208.3009,5720636.5368],[32539212.5488,5720606.5491],[32539245.534,5720483.0992],[32539257.5285,5720432.6197],[32539281.767,5720301.6731],[32539290.7627,5720248.1949],[32539293.0114,5720223.2051],[32539291.7616,5720202.7136],[32539287.5131,5720184.7212],[32539275.0559,5720155.8099],[32539267.2704,5720137.7409],[32539265.521,5720127.745],[32539267.2702,5720120.7478],[32539272.0182,5720115.25],[32539232.2828,5720029.2863],[32539225.2852,5720008.7949],[32539220.2869,5719985.3046],[32539218.7871,5719956.8164],[32539222.2852,5719920.3313],[32539231.2811,5719886.8449],[32539244.7755,5719865.3535],[32539270.9032,5719843.4091],[32539397.713,5719736.9029],[32539451.691,5719693.4196],[32539465.6853,5719678.4254],[32539475.931,5719664.431],[32539512.6665,5719670.4277],[32539551.6511,5719672.426],[32539598.1326,5719668.9263],[32539644.864,5719659.929],[32539749.0723,5719631.4384],[32539776.5613,5719626.9396],[32539810.7977,5719625.9392],[32539845.2841,5719629.437],[32539874.7725,5719638.9324],[32539943.9957,5719680.4138],[32539980.2317,5719706.4023],[32540005.9718,5719729.3923],[32540085.4408,5719764.8759],[32540145.4175,5719796.8614],[32540176.9052,5719811.8546],[32540209.8923,5719823.8489],[32540241.6298,5719830.8453],[32540270.6184,5719831.8442],[32540301.2352,5719829.0853],[32540353.8353,5719824.3455],[32540405.8146,5719817.847],[32540462.5417,5719790.357],[32540479.7847,5719777.8617],[32540488.5311,5719768.8652],[32540495.2783,5719759.369],[32540500.2761,5719746.874],[32540504.4442,5719723.3459],[32540511.5208,5719683.3998],[32540519.0176,5719667.906],[32540531.5124,5719655.9106],[32540550.5048,5719648.4133],[32540575.4949,5719647.4131],[32540605.2332,5719651.9106],[32540674.2061,5719672.9004],[32540709.9421,5719686.3941],[32540742.1796,5719701.887],[32540767.4198,5719720.8786],[32540785.1631,5719742.8692],[32540797.9084,5719765.8595],[32540814.1531,5719812.9662],[32540827.8977,5719852.8231],[32540842.3923,5719876.3132],[32540863.1344,5719894.8051],[32540886.3753,5719906.2999],[32540908.3667,5719912.7967],[32540920.155,5719913.2775],[32540932.857,5719913.7957],[32540963.5948,5719909.2969],[32541071.5516,5719884.8045],[32541084.2965,5719878.3069],[32541099.5403,5719867.8109],[32541117.7828,5719852.8166],[32541382.178,5719853.8103],[32541662.0673,5719871.7966],[32541790.5166,5719884.2886],[32541843.9955,5719887.2862],[32541872.2343,5719890.2843],[32541940.9572,5719900.7785],[32542026.6735,5719918.7692],[32542106.3923,5719945.2565],[32542173.2775,5720044.4944],[32542175.6455,5720048.4184],[32542183.3634,5720061.2073],[32542194.1095,5720083.6979],[32542205.3554,5720113.1855],[32542214.6022,5720148.171],[32542219.8507,5720186.6551],[32542221.3506,5720223.64],[32542220.1016,5720255.6269],[32542214.6042,5720287.1141],[32542203.5603,5720320.4923],[32542139.2612,5720467.2371],[32542135.2692,5720475.9958],[32542102.9022,5720547.0102],[32542085.9095,5720588.4935],[32542059.9209,5720662.9636],[32542032.5263,5720795.605],[32542009.4444,5720907.3646],[32541990.203,5720978.336],[32541932.2287,5721167.7596],[32541959.4684,5721207.7427],[32542003.2018,5721253.2231],[32542084.1707,5721326.1915],[32542119.1572,5721353.6795],[32542165.1667,5721385.8113],[32542169.8885,5721388.8986],[32542266.6002,5721450.6366],[32542284.0935,5721470.1283],[32542297.8384,5721494.6179],[32542306.8352,5721523.6059],[32542308.0851,5721551.0946],[32542301.8379,5721571.5863],[32542290.3427,5721588.5796],[32542344.3212,5721582.5809],[32542390.553,5721592.5759],[32542426.539,5721611.0675],[32542450.03,5721631.5587],[32542460.776,5721651.0504],[32542461.0262,5721671.0423],[32542453.7794,5721690.5344],[32542441.2846,5721708.5273],[32542424.2915,5721725.0209],[32542402.0506,5721739.0157],[32542375.5612,5721749.0122],[32542345.5732,5721754.0107],[32542312.3363,5721750.0131],[32542280.0989,5721739.0183],[32542246.362,5721723.0255],[32542224.1218,5721789.4988],[32542207.1294,5721846.4758],[32542195.6346,5721896.9554],[32542176.1439,5722004.9116],[32542174.6449,5722035.8989],[32542174.8957,5722096.874],[32542171.6474,5722127.3616],[32542163.651,5722157.3494],[32542151.906,5722182.8393],[32542139.1614,5722202.3315],[32542112.9222,5722233.3194],[32542079.6859,5722267.3062],[32542061.6933,5722289.7973],[32542047.9492,5722317.7862],[32542038.4535,5722357.2702],[32542032.7064,5722403.2515],[32542031.9573,5722446.2339],[32542037.9554,5722476.7213],[32542049.8678,5722507.3811],[32542066.695,5722550.6904],[32542079.69,5722560.686],[32542126.4218,5722582.6761],[32542149.4129,5722595.6703],[32542169.1553,5722613.1627],[32542187.3984,5722637.6523],[32542200.3937,5722669.6389],[32542205.3923,5722708.1231],[32542203.3937,5722752.6049],[32542197.6467,5722800.0856],[32542168.4104,5722952.5238],[32542145.9215,5723101.4632],[32542144.1726,5723132.4506],[32542145.9223,5723162.9381],[32542151.4205,5723187.9277],[32542161.4167,5723200.9222],[32542174.4116,5723203.9207],[32542189.6556,5723204.4202],[32542230.8892,5723199.4214],[32542259.128,5723201.42],[32542290.3658,5723210.9155],[32542349.8426,5723238.4031],[32542381.5803,5723258.894],[32542400.636,5723273.9373],[32542401.9005,5723274.9355],[32542487.7895,5723346.8559],[32542494.287,5723356.8517],[32542496.1299,5723368.3687],[32542493.0379,5723386.8395],[32542486.041,5723406.3316],[32542476.2951,5723422.8251],[32542464.0502,5723438.319],[32542380.8344,5723526.7844],[32542364.0912,5723541.2788],[32542349.0974,5723558.2722],[32542334.3536,5723579.7637],[32542326.1072,5723602.7544],[32542324.6081,5723622.7463],[32542327.857,5723641.7384],[32542374.839,5723682.7207],[32542399.5794,5723699.7133],[32542435.5654,5723716.7056],[32542486.7954,5723736.1966],[32542539.7746,5723754.1882],[32542729.3991,5723814.5887],[32542815.9164,5723842.1468],[32542846.1546,5723853.1417],[32542873.6439,5723868.135],[32542895.6354,5723884.1281],[32542909.6301,5723900.6211],[32542825.3177,5723970.7045],[32542771.9363,5724015.0769],[32542769.4374,5724022.5739],[32542766.9385,5724030.0709],[32542764.4396,5724037.5679],[32542761.9407,5724045.0649],[32542710.2119,5724094.5456],[32542565.771,5724223.4957],[32542549.5277,5724241.9884],[32542525.7874,5724261.4809],[32542499.2982,5724278.9743],[32542475.5578,5724292.969],[32542450.3179,5724302.9654],[32542417.8309,5724311.9624],[32542345.6097,5724325.958],[32542194.17,5724343.4538],[32542139.0942,5724346.5504],[32541980.7548,5724355.453],[32541889.541,5724363.4515],[32541788.3314,5724381.446],[32541746.0983,5724391.9425],[32541699.1172,5724408.9365],[32541659.7219,5724425.2386],[32541580.2149,5724338.5076],[32541548.3734,5724230.2538],[32541497.4265,5724032.8496],[32541433.7442,5723860.9171],[32541363.6942,5723714.4565],[32541261.8047,5723606.2043],[32541210.86,5723555.2618],[32541204.4916,5723529.7903],[32541204.4909,5723478.847],[32541198.1213,5723364.2248],[32541204.4873,5723230.4985],[32541204.486,5723134.9799],[32541185.3817,5723115.8767],[32541106.5918,5723123.757],[32541106.3301,5723121.5643],[32541103.9457,5723101.583],[32541099.0855,5723039.5097],[32541098.0853,5722992.529],[32541101.3333,5722945.0484],[32541109.3295,5722898.5673],[32541120.2375,5722853.2221],[32541134.8179,5722792.6103],[32541136.8166,5722763.6221],[32541134.5671,5722730.1359],[32541128.8187,5722688.1533],[32541121.3211,5722646.6704],[32541113.074,5722617.1827],[32541102.8278,5722597.1911],[32541089.083,5722584.6965],[32541073.5891,5722580.6985],[32541058.5951,5722584.6971],[32541043.8511,5722593.6937],[32541029.6069,5722605.6891],[32541001.3753,5722633.1092],[32540881.9175,5722749.1333],[32540789.7054,5722843.0966],[32540776.7107,5722858.5905],[32540764.9657,5722877.0831],[32540754.2203,5722901.0735],[32540745.4741,5722929.0622],[32540741.4761,5722958.0504],[32540742.4761,5722986.0389],[32540748.724,5723012.5279],[32540760.9696,5723040.0163],[32540777.4634,5723070.5035],[32540810.4512,5723125.9801],[32540818.4483,5723149.9701],[32540818.6986,5723176.959],[32540811.6948,5723222.1301],[32540806.4546,5723255.9268],[32540799.4583,5723321.8999],[32540800.6806,5723380.3157],[32540807.2082,5723530.3142],[32540805.9591,5723561.3015],[32540802.211,5723589.7899],[32540794.9643,5723619.7777],[32540783.9692,5723653.764],[32540766.9764,5723690.7491],[32540745.4854,5723726.7348],[32540704.5025,5723784.7118],[32540687.2596,5723805.2037],[32540650.5247,5723840.1901],[32540636.2806,5723859.6824],[32540628.5341,5723885.172],[32540627.0351,5723914.66],[32540630.784,5723943.648],[32540638.5313,5723967.638],[32540650.2769,5723988.1294],[32540666.0209,5724008.6206],[32540684.264,5724025.6133],[32540703.5065,5724037.1082],[32540725.4978,5724040.6063],[32540750.9877,5724037.6071],[32540798.2187,5724022.6123],[32540829.4561,5724007.1181],[32540988.6417,5723909.655],[32541020.129,5723893.1611],[32541053.1157,5723879.666],[32541085.8526,5723870.6691],[32541112.8418,5723868.1695],[32541131.0847,5723871.6678],[32541144.5794,5723878.1648],[32541156.3249,5723886.1613],[32541168.0704,5723897.1566],[32541189.0626,5723932.6416],[32541200.5583,5723955.632],[32541211.3044,5723982.6207],[32541219.5516,5724013.108],[32541231.2977,5724068.0852],[32541232.2977,5724093.075],[32541227.7999,5724122.563],[32541216.0553,5724172.5427],[32541210.5577,5724189.5358],[32541201.8114,5724204.5299],[32541191.0658,5724217.0249],[32541179.5705,5724225.5217],[32541162.8272,5724232.5191],[32541137.8372,5724240.0165],[32541108.0991,5724246.5145],[32541077.1115,5724251.0132],[32541040.9753,5724252.5133],[32541016.8854,5724253.5133],[32540995.6439,5724258.5117],[32540975.1521,5724267.5084],[32540963.9067,5724277.5045],[32540960.1584,5724289.9995],[32540961.4081,5724304.9933],[32540965.1568,5724322.486],[32540970.9048,5724340.9783],[32540981.151,5724358.471],[32540997.6447,5724373.4645],[32541041.3778,5724404.4509],[32541202.8156,5724529.8964],[32541066.1211,5724621.3615],[32540968.4094,5724592.3752],[32540930.4243,5724579.3813],[32540898.1868,5724565.3877],[32540863.7003,5724547.8955],[32540830.963,5724529.4037],[32540804.973,5724511.9114],[32540778.2333,5724490.9205],[32540745.246,5724461.4332],[32540712.5085,5724428.4474],[32540687.0181,5724396.461],[32540632.0387,5724312.9963],[32540614.2955,5724291.5055],[32540595.5527,5724278.0114],[32540577.3099,5724273.0138],[32540561.5661,5724273.0141],[32540550.3206,5724276.5129],[32540499.5911,5724304.0026],[32540442.3643,5724339.9889],[32540397.6325,5724372.9762],[32540374.392,5724395.4674],[32540359.6482,5724420.4574],[32540343.655,5724452.9444],[32540317.6659,5724491.9289],[32540271.4351,5724554.9039],[32540260.9395,5724573.8963],[32540253.6927,5724593.3884],[32540249.6946,5724614.3799],[32540248.4454,5724636.8707],[32540251.6944,5724658.8616],[32540259.9414,5724678.3534],[32540271.687,5724693.8468],[32540284.682,5724704.8421],[32540420.6292,5724784.8066],[32540455.6156,5724801.799],[32540545.3689,5724833.6738],[32540654.038,5724872.2663],[32540684.5227,5724895.5964],[32540688.9835,5724899.0103],[32540694.3124,5724903.0886],[32540723.2613,5724925.2433],[32540758.5797,5724906.2508],[32540776.2399,5724896.754],[32540787.9869,5724904.7516],[32540811.4763,5724920.7435],[32540784.9874,5724962.7267],[32540774.2418,5724975.7216],[32540757.4986,5724990.7158],[32540739.2561,5725003.7108],[32540706.0195,5725021.704],[32540660.538,5725056.1907],[32540641.7957,5725073.1841],[32540621.3042,5725101.6728],[32540594.5655,5725149.6536],[32540568.8265,5725204.6315],[32540551.3341,5725254.6113],[32540545.8368,5725289.0972],[32540547.3365,5725309.5888],[32540554.8339,5725338.5767],[32540554.0847,5725375.5616],[32540549.3369,5725394.5539],[32540539.3411,5725413.5463],[32540523.8475,5725430.0398],[32540505.355,5725443.0348],[32540466.6206,5725460.0285],[32540405.1453,5725480.0214],[32540363.6619,5725491.0177],[32540322.1784,5725498.5154],[32540291.6905,5725497.0165],[32540274.1972,5725485.0218],[32540249.4565,5725444.5389],[32540231.2135,5725427.5462],[32540210.9714,5725419.5498],[32540191.4791,5725419.0504],[32540175.7354,5725423.5488],[32540135.7516,5725447.5397],[32539969.5691,5725563.4951],[32539920.589,5725600.4808],[32539892.8503,5725623.4719],[32539866.1113,5725648.4621],[32539840.3719,5725675.4515],[32539810.1489,5725713.142],[32539776.6483,5725754.9199],[32539756.1566,5725771.9133],[32539695.4312,5725803.9013],[32539665.4433,5725822.3942],[32539609.9659,5725867.3767],[32539533.2473,5725934.8504],[32539452.78,5725994.3273],[32539326.0817,5726096.7875],[32539226.872,5726166.2606],[32539202.8818,5726185.2533],[32539147.9043,5726237.2328],[32539128.9122,5726259.7239],[32539054.943,5726370.1798],[32539039.1994,5726378.6765],[32539024.2054,5726384.1745],[32539008.7116,5726385.6742],[32538993.4676,5726382.1759],[32538975.9744,5726375.6789],[32538924.9943,5726351.1899],[32538894.0064,5726340.6948],[32538865.7676,5726337.1967],[32538812.5387,5726341.196],[32538783.8002,5726345.1948],[32538753.8121,5726351.6927],[32538725.0737,5726361.1893],[32538700.0837,5726372.1852],[32538676.5933,5726388.179],[32538596.6259,5726458.1516],[32538569.8868,5726478.1439],[32538544.647,5726491.6387],[32538519.9069,5726500.1357],[32538467.9277,5726514.1308],[32538410.4509,5726537.6221],[32538388.2099,5726550.6172],[32538370.717,5726567.6105],[32538355.7233,5726590.1015],[32538344.9779,5726613.592],[32538339.7303,5726635.583],[32538340.4803,5726657.0741],[32538345.2288,5726681.564],[32538363.9721,5726736.0412],[32538389.6364,5726787.9855],[32538426.1992,5726861.9882],[32538441.1939,5726903.4709],[32538447.9418,5726946.9528],[32538450.6914,5726995.9326],[32538451.192,5727052.4093],[32538433.4506,5727159.3655],[32538425.4547,5727228.837],[32538418.458,5727264.3225],[32538401.4657,5727332.2948],[32538385.9725,5727381.2749],[32538375.2271,5727403.266],[32538359.7336,5727425.757],[32538333.9941,5727451.2469],[32538245.0304,5727523.7186],[32538195.8007,5727579.6963],[32538169.0618,5727614.1825],[32538151.3193,5727645.1701],[32538148.0707,5727657.665],[32538141.0737,5727672.1592],[32538119.3329,5727706.6456],[32538092.0942,5727742.6315],[32538037.117,5727807.6063],[32537989.1385,5727975.0395],[32537977.144,5728025.5194],[32537961.8254,5728136.0809],[32538020.7565,5728195.0099],[32538020.7247,5728190.7528],[32538243.9413,5728287.1366],[32538323.2495,5728332.4538],[32538344.2536,5728366.8756],[32538358.4976,5728342.885],[32538370.2426,5728314.8961],[32538387.4846,5728237.9269],[32538419.2204,5728130.9695],[32538432.9643,5728090.9854],[32538471.9475,5727999.0218],[32538491.4392,5727957.5382],[32538570.889,5727801.7026],[32538607.8896,5727729.1284],[32538642.6249,5727671.1512],[32538722.0917,5727548.2005],[32538758.0767,5727498.7202],[32538810.4969,5727442.587],[32538817.1933,5727435.4163],[32538867.7815,5727378.7678],[32538901.018,5727349.2794],[32538933.0049,5727325.7885],[32538957.9948,5727310.2944],[32539011.4732,5727282.3051],[32539069.2,5727254.8154],[32539093.69,5727238.3218],[32539116.4307,5727214.3312],[32539135.1729,5727189.3412],[32539146.4181,5727169.849],[32539156.6637,5727141.8604],[32539157.913,5727127.8661],[32539155.1639,5727113.8719],[32539140.9192,5727090.8816],[32539102.9425,5727042.7527],[32539081.0399,5727014.995],[32539069.1963,5726999.4205],[32539071.9451,5726986.4258],[32539090.6875,5726978.4288],[32539113.031,5726973.8449],[32539122.175,5726972.9305],[32539177.4039,5727028.9065],[32539198.8956,5727046.3989],[32539228.3842,5727065.8904],[32539258.8723,5727082.8829],[32539284.1125,5727092.8784],[32539309.6024,5727096.3765],[32539342.0895,5727095.8761],[32539379.0748,5727090.3778],[32539417.5594,5727078.382],[32539462.5412,5727056.3903],[32539514.2703,5727024.9024],[32539593.738,5726969.4238],[32539612.4803,5726950.4313],[32539626.4745,5726928.9399],[32539632.5121,5726914.378],[32539634.4139,5726909.7911],[32539601.4707,5726893.3202],[32539540.2967,5726848.8322],[32539426.6626,5726756.5091],[32539403.0604,5726746.019],[32539386.5668,5726737.023],[32539380.7483,5726731.5801],[32539371.0728,5726722.5292],[32539354.5789,5726697.5398],[32539339.3345,5726663.0542],[32539328.3383,5726621.0717],[32539323.3397,5726582.0878],[32539324.0889,5726550.6008],[32539325.9064,5726540.786],[32539329.0866,5726523.6118],[32539337.083,5726496.6228],[32539352.8264,5726468.634],[32539377.3163,5726441.6447],[32539424.0471,5726397.6619],[32539436.7918,5726376.6703],[32539444.0385,5726347.6821],[32539446.537,5726312.1967],[32539445.037,5726270.7138],[32539449.5347,5726231.2299],[32539463.7786,5726201.242],[32539485.7695,5726174.7525],[32539500.8649,5726170.2832],[32539561.7391,5726152.2604],[32539592.7267,5726145.2628],[32539638.2086,5726139.2644],[32539661.1994,5726132.2669],[32539669.8067,5726128.0413],[32539688.6883,5726118.7719],[32539718.1763,5726099.2794],[32539767.906,5726058.2954],[32539779.402,5726097.7789],[32539796.3958,5726133.7638],[32539823.1357,5726169.2488],[32539853.1242,5726194.238],[32539880.1137,5726206.2326],[32539905.8535,5726211.23],[32539932.0932,5726213.7286],[32539964.3304,5726214.2278],[32540002.8151,5726210.7285],[32540041.2997,5726201.7315],[32540074.2864,5726186.2373],[32540093.2786,5726161.747],[32540099.0259,5726133.7584],[32540096.2764,5726096.7737],[32540137.7602,5726107.7684],[32540170.2473,5726111.7662],[32540193.2381,5726105.7682],[32540198.9276,5726095.7021],[32540199.7354,5726094.2729],[32540194.2375,5726085.2766],[32540169.7482,5726073.0326],[32540151.2542,5726063.7862],[32540126.3223,5726048.9502],[32540069.7858,5726015.3076],[32540040.797,5725995.3164],[32540018.0557,5725974.3254],[32540002.0617,5725953.3343],[32539992.8151,5725934.8421],[32539989.3162,5725913.351],[32539990.3154,5725885.3625],[32539995.8128,5725854.3751],[32540006.0584,5725825.8866],[32540020.8022,5725803.8954],[32540037.5454,5725790.4006],[32540056.7876,5725781.404],[32540082.7774,5725789.9],[32540107.0179,5725792.8983],[32540139.0052,5725791.3984],[32540157.7477,5725785.9003],[32540181.2382,5725774.4046],[32540204.2288,5725754.9122],[32540230.0403,5725724.709],[32540264.4539,5725684.44],[32540286.9447,5725660.4495],[32540313.6838,5725639.9574],[32540344.4214,5725626.9622],[32540376.1587,5725619.9645],[32540405.8969,5725617.465],[32540437.3844,5725612.4664],[32540469.6214,5725601.9702],[32540505.1072,5725587.4755],[32540558.0856,5725549.9899],[32540565.083,5725559.4859],[32540576.8285,5725569.4815],[32540594.3217,5725579.4771],[32540647.301,5725600.4675],[32540676.7895,5725616.4604],[32540705.2785,5725635.9519],[32540732.2681,5725657.9424],[32540754.2598,5725683.4315],[32540769.754,5725710.92],[32540778.251,5725735.9096],[32540780.7503,5725754.9017],[32540782.0003,5725793.3859],[32540786.4989,5725816.8762],[32540813.989,5725889.3459],[32540824.985,5725910.3371],[32540840.2292,5725925.8305],[32540857.2225,5725931.3279],[32540870.7171,5725927.8291],[32540883.212,5725917.3332],[32540899.9545,5725855.8581],[32540904.2024,5725824.371],[32540896.7042,5725746.4031],[32540890.956,5725714.4163],[32540859.717,5725612.9585],[32540830.2274,5725524.9952],[32540816.7325,5725508.0024],[32540792.4918,5725488.011],[32540752.0075,5725460.0233],[32540805.4854,5725395.5487],[32540831.4747,5725369.5589],[32540894.8137,5725319.9315],[32540928.4352,5725293.5883],[32540970.6679,5725250.6051],[32541025.8952,5725199.1252],[32541045.1373,5725178.6333],[32541093.8671,5725118.1572],[32541119.5665,5725093.3212],[32541153.3428,5725060.6797],[32541178.5823,5725030.1917],[32541203.8217,5724990.2076],[32541226.3122,5724943.7262],[32541243.8046,5724900.2438],[32541259.0479,5724855.7617],[32541260.0479,5724883.7502],[32541266.2958,5724910.2392],[32541281.0404,5724937.2279],[32541306.5307,5724966.7153],[32541339.0183,5724999.2014],[32541371.2559,5725027.6891],[32541414.989,5725060.6748],[32541434.7315,5725078.1672],[32541463.9703,5725109.154],[32541477.965,5725126.1467],[32541488.2112,5725145.1388],[32541496.9581,5725166.6298],[32541507.4543,5725193.6185],[32541527.9475,5725284.5809],[32541537.5144,5725294.6258],[32541553.4375,5725297.0753],[32541570.9305,5725293.0766],[32541587.4239,5725286.5789],[32541602.4178,5725274.5836],[32541617.4116,5725254.0917],[32541631.9055,5725228.1021],[32541657.3946,5725173.1241],[32541665.391,5725145.1355],[32541670.1387,5725116.1473],[32541671.8872,5725058.6708],[32541675.3854,5725031.6818],[32541680.633,5725008.1913],[32541692.3779,5724972.7056],[32541697.8754,5724950.2147],[32541701.1237,5724923.2257],[32541700.623,5724864.2499],[32541704.1214,5724843.7582],[32541711.1184,5724827.7646],[32541720.6144,5724812.7706],[32541736.5704,5724791.9903],[32541774.3421,5724742.7983],[32541797.8323,5724708.3119],[32541817.324,5724668.8277],[32541829.0688,5724631.3429],[32541836.3154,5724592.3587],[32541888.7947,5724600.3544],[32541920.7822,5724610.3497],[32541936.0262,5724612.8484],[32541950.0206,5724611.8486],[32541961.0162,5724607.85],[32542005.4983,5724589.3567],[32542028.398,5724575.044],[32542049.4805,5724561.8671],[32542068.2229,5724554.3698],[32542102.9495,5724544.2584],[32542251.8994,5724500.8882],[32542301.6295,5724488.8922],[32542375.35,5724467.8994],[32542474.3102,5724431.4124],[32542565.0233,5724360.9395],[32542597.7599,5724333.4501],[32542656.4857,5724268.4755],[32542730.9548,5724174.5125],[32542764.6909,5724136.0276],[32542792.9293,5724107.5387],[32542896.1374,5724035.5661],[32542929.6238,5724009.5761],[32542950.3654,5723998.5802],[32542969.108,5724000.579],[32542984.3521,5724009.575],[32543005.344,5724030.5661],[32543036.332,5724049.0579],[32542953.6159,5724129.0268],[32542924.1281,5724162.5137],[32542907.1353,5724191.5022],[32542897.8893,5724217.4917],[32542893.1416,5724244.4808],[32542894.8914,5724283.4648],[32542892.1428,5724300.9577],[32542886.6452,5724321.4494],[32542876.3997,5724346.9392],[32542863.1553,5724373.9284],[32542849.4111,5724398.4187],[32542838.1658,5724414.9121],[32542815.9249,5724438.9028],[32542802.9302,5724448.3991],[32542789.6855,5724453.8971],[32542731.8893,5724460.1352],[32542720.2132,5724461.3954],[32542720.7133,5724483.3864],[32542710.2186,5724565.8529],[32542712.2181,5724586.3444],[32542718.7158,5724601.838],[32542728.9619,5724615.8321],[32542737.7086,5724629.3264],[32542752.453,5724641.821],[32542771.6955,5724652.3163],[32542793.9368,5724659.8128],[32542820.6762,5724663.3109],[32542852.9135,5724663.8101],[32542887.1499,5724660.8107],[32542920.6365,5724655.3123],[32542950.8744,5724645.3158],[32542977.3637,5724629.8216],[32543000.3543,5724611.3287],[32543019.8463,5724592.3361],[32543032.0911,5724571.3445],[32543035.5894,5724548.8536],[32543033.0901,5724522.8643],[32543078.072,5724504.371],[32543118.3058,5724489.8761],[32543155.5409,5724479.8795],[32543273.4939,5724463.384],[32543314.7276,5724461.8838],[32543325.3751,5724464.1927],[32543335.4694,5724466.3815],[32543352.7127,5724477.8765],[32543364.2084,5724496.3687],[32543369.4567,5724518.3596],[32543368.9572,5724542.8497],[32543357.7124,5724593.3292],[32543355.4637,5724622.8172],[32543358.2131,5724656.3035],[32543366.9601,5724692.7884],[32543426.4394,5724891.2062],[32543452.6805,5724999.1617],[32543459.3304,5725034.7824],[32543466.4261,5725067.6334],[32543501.4137,5725175.5887],[32543508.9113,5725213.573],[32543516.2996,5725278.8451],[32543525.6568,5725361.5123],[32543542.9012,5725447.4769],[32543545.6506,5725483.9619],[32543543.6521,5725531.9423],[32543537.6552,5725587.4198],[32543524.6616,5725674.3845],[32543508.6691,5725751.8532],[32543501.9767,5725800.9349],[32543502.6728,5725847.8141],[32543509.921,5725920.7842],[32543510.9218,5726010.2476],[32543508.6731,5726036.237],[32543503.9254,5726062.7263],[32543486.933,5726126.7005],[32543479.6864,5726165.6847],[32543475.4387,5726209.167],[32543474.9396,5726256.6476],[32543477.9829,5726284.5404],[32543480.938,5726311.6251],[32543492.1844,5726370.6008],[32543504.1804,5726421.0799],[32543512.4275,5726451.5673],[32543519.425,5726470.5595],[32543530.6709,5726490.0513],[32543546.9146,5726505.5447],[32543568.6561,5726510.0425],[32543591.1471,5726506.0437],[32543605.7497,5726500.0424],[32543620.236,5726489.7993],[32543691.6537,5726521.5386],[32543691.8847,5726527.3887],[32543692.1075,5726533.0309],[32543702.8533,5726542.027],[32543715.8482,5726543.5262],[32543733.5911,5726535.5291],[32543759.3306,5726516.5364],[32543786.8194,5726493.0455],[32543809.8099,5726469.0549],[32543831.0511,5726442.5653],[32543853.0419,5726409.5784],[32543903.0211,5726334.6081],[32543929.5101,5726302.6207],[32543955.4995,5726280.6292],[32543980.4893,5726263.1359],[32544003.4799,5726243.1436],[32544022.9719,5726222.1519],[32544038.2156,5726200.1606],[32544070.2021,5726145.1824],[32544094.9419,5726116.1938],[32544128.4283,5726093.2026],[32544246.8805,5726036.2237],[32544276.1187,5726020.7295],[32544298.8595,5726004.2358],[32544316.852,5725980.2452],[32544327.0975,5725946.7587],[32544326.8469,5725901.777],[32544318.6059,5725852.3362],[32544307.1033,5725803.3176],[32544294.1079,5725765.3333],[32544280.6129,5725740.8435],[32544267.118,5725720.8519],[32544253.1232,5725694.363],[32544239.6281,5725663.3759],[32544215.6366,5725595.9038],[32544209.4485,5725568.9438],[32544206.6394,5725539.427],[32544211.1373,5725517.9357],[32544216.1932,5725511.0509],[32544218.0858,5725508.4737],[32544222.8824,5725501.942],[32544241.125,5725488.947],[32544265.3653,5725479.9502],[32544294.8535,5725473.9521],[32544362.5766,5725467.4535],[32544395.8134,5725468.4525],[32544426.0515,5725474.9493],[32544452.2913,5725486.9439],[32544477.2816,5725503.9365],[32544503.7715,5725528.9258],[32544561.7277,5725598.2807],[32544576.9115,5725616.4508],[32544592.9876,5725635.3808],[32544618.9777,5725661.8695],[32544647.4668,5725685.8592],[32544679.9541,5725702.3519],[32544713.9407,5725708.3488],[32544785.6224,5725709.8074],[32544789.8675,5725709.8938],[32544959.3435,5725713.3423],[32545017.5704,5725707.8434],[32545042.0606,5725702.3452],[32545063.0522,5725694.3481],[32545081.2948,5725685.3514],[32545110.533,5725667.858],[32545129.5253,5725658.8613],[32545158.0139,5725649.8645],[32545190.0011,5725643.3665],[32545219.4894,5725643.8658],[32545262.7224,5725653.8609],[32545284.4639,5725656.8593],[32545345.1898,5725653.3596],[32545375.9276,5725653.359],[32545408.4147,5725656.857],[32545445.4002,5725664.8531],[32545483.1354,5725678.3469],[32545515.6228,5725694.8396],[32545566.603,5725724.3266],[32545624.5804,5725748.8156],[32545660.3164,5725758.8109],[32545696.552,5725760.3096],[32545798.262,5725753.8099],[32545869.7227,5725754.3171],[32545895.1982,5725765.8231],[32545918.1585,5725794.8353],[32545940.6115,5725830.8872],[32545961.8522,5725862.1969],[32545974.9955,5725878.5244],[32545994.3072,5725897.4214],[32546008.4162,5725905.5277],[32546009.6958,5725906.2629],[32546009.7549,5725906.2657],[32545993.1105,5727733.0586],[32545930.8778,5734554.3035],[32545930.8503,5734554.2996],[32545910.1907,5734541.6837],[32545882.8063,5734519.9844],[32545865.4264,5734506.2127],[32545828.469,5734480.2944],[32545793.0199,5734457.6444],[32545766.6252,5734443.4813],[32545744.2195,5734434.7119],[32545718.2973,5734427.3968],[32545598.8608,5734404.0518],[32545098.4142,5734323.8721],[32544960.1258,5734297.9545],[32544863.7567,5734279.8933],[32544824.5222,5734278.8943],[32544776.0415,5734285.8922],[32544731.3095,5734302.3863],[32544703.8208,5734330.8753],[32544696.3243,5734366.3611],[32544701.3229,5734402.3466],[32544718.8165,5734436.3327],[32544749.0549,5734466.3202],[32544802.2842,5734494.808],[32544877.7547,5734524.295],[32544957.7234,5734550.7832],[32545098.1683,5734590.765],[32545285.8445,5734636.2439],[32545391.91,5734656.428],[32545579.9786,5734692.2171],[32545735.2528,5734726.1573],[32545768.0681,5734729.2772],[32545809.9127,5734730.5045],[32545825.61,5734730.9649],[32545859.5567,5734734.4631],[32545885.2879,5734744.0657],[32545909.7556,5734756.4705],[32545928.9185,5734766.1858],[32545928.9446,5734766.1971],[32545926.3218,5735053.6799],[32545926.2976,5735053.6621],[32545904.7145,5735032.5823],[32545897.6009,5735027.06],[32545855.4675,5734994.3516],[32545852.5865,5734992.1151],[32545835.0012,5734980.6368],[32545817.8941,5734975.7324],[32545805.8627,5734975.1348],[32545769.9315,5734973.35],[32545717.2934,5734960.5204],[32545627.4543,5734937.3622],[32545583.5076,5734927.8541],[32545532.9423,5734921.5009],[32545467.5266,5734917.1285],[32545432.0406,5734916.6292],[32545371.8145,5734919.1291],[32545345.0753,5734925.6269],[32545317.3364,5734937.6225],[32545292.0967,5734952.1171],[32545273.6042,5734966.6116],[32545259.3601,5734981.6058],[32545245.6158,5734999.0989],[32545233.8708,5735020.0907],[32545225.1246,5735043.5814],[32545215.1293,5735094.5611],[32545275.6058,5735130.5458],[32545316.34,5735152.5363],[32545335.3326,5735164.5312],[32545350.3269,5735179.0252],[32545356.3248,5735195.5185],[32545344.3297,5735209.0132],[32545318.3401,5735214.0116],[32545280.3552,5735214.512],[32545351.8282,5735311.472],[32545368.822,5735344.9583],[32545387.4407,5735401.1766],[32545407.0585,5735460.4115],[32545437.0475,5735516.8884],[32545458.2895,5735546.876],[32545483.0301,5735574.8644],[32545508.5203,5735596.8552],[32545533.7605,5735612.8484],[32545557.0767,5735624.8269],[32545558.8648,5735625.7455],[32545588.0926,5735623.0881],[32545656.083,5735648.2137],[32545728.9798,5735684.0428],[32545780.5207,5735726.7467],[32545863.3726,5735746.5773],[32545919.8331,5735762.7142],[32545919.853,5735762.7185],[32545916.902,5736086.1741],[32545916.8841,5736086.1672],[32545901.4094,5736110.7506],[32545894.9445,5736132.4803],[32545880.704,5736216.4072],[32545881.8663,5736236.1302],[32545761.2079,5736171.8102],[32545699.0247,5736153.1563],[32545566.27,5736118.6767],[32545530.2862,5736118.6772],[32545538.0163,5736121.6443],[32545554.7598,5736133.6392],[32545560.2578,5736144.6347],[32545554.5102,5736152.6316],[32545540.7657,5736157.6298],[32545522.7729,5736160.129],[32545454.0502,5736160.6298],[32545409.9609,5736158.7125],[32545535.2379,5736210.0531],[32545596.2087,5736237.0118],[32545773.1496,5736284.5756],[32545914.7129,5736326.1193],[32545908.6469,5736991.0094],[32545892.8961,5736989.7022],[32545892.6311,5736991.6977],[32545891.8888,5736997.2879],[32545880.1439,5737027.7758],[32545865.8999,5737052.2662],[32545840.1607,5737091.251],[32545828.6656,5737115.7413],[32545815.9211,5737148.7283],[32545805.1759,5737184.2142],[32545799.4287,5737216.7012],[32545797.9298,5737253.1866],[32545801.6796,5737342.1509],[32545661.9362,5737601.5741],[32545681.9843,5737681.5972],[32545830.0363,5737729.9923],[32545761.054,5737741.4762],[32545753.8197,5737759.2233],[32545752.6452,5737774.7916],[32545781.6172,5737803.7636],[32545814.859,5737810.7845],[32545901.111,5737816.2433],[32545901.1184,5737816.2581],[32545891.6555,5738853.4116]],[[32536442.2129,5733377.6144],[32536508.809,5733315.7736],[32536503.024,5733312.7461],[32536498.5599,5733310.4099],[32536467.3224,5733318.4072],[32536435.5853,5733335.4008],[32536408.0963,5733347.3964],[32536390.3534,5733350.8952],[32536371.8608,5733351.3953],[32536312.3843,5733349.8968],[32536270.6508,5733342.9002],[32536233.1654,5733328.4067],[32536195.4301,5733307.4157],[32536073.1387,5733200.9478],[32536053.7564,5733184.0734],[32535973.2653,5733113.9972],[32535913.2883,5733064.0183],[32535852.0618,5733014.0394],[32535713.3869,5732909.1869],[32535712.4478,5732908.4778],[32535741.443,5732966.4655],[32535748.5942,5733009.369],[32535798.6496,5733066.573],[32535862.7992,5733173.4845],[32535931.9502,5733231.261],[32536118.2119,5733386.8848],[32536152.6986,5733410.8746],[32536194.1825,5733434.3645],[32536234.6667,5733453.3562],[32536274.901,5733466.3503],[32536299.6927,5733470.8152],[32536374.2824,5733416.9436],[32536442.2129,5733377.6144]],[[32535108.9359,5721348.3309],[32535109.9348,5721296.3524],[32535111.9337,5721272.3623],[32535116.1817,5721252.8703],[32535122.6789,5721235.3774],[32535131.6751,5721218.3843],[32535156.6647,5721181.3991],[32535167.4101,5721161.9069],[32535175.9065,5721142.4148],[32535186.6517,5721106.4295],[32535188.1509,5721090.9359],[32535184.6518,5721058.4494],[32535180.1534,5721041.4566],[32535168.6575,5721010.4697],[32535165.9084,5720995.9757],[32535166.1581,5720980.4821],[32535168.6568,5720963.4891],[32535174.1544,5720944.9967],[32535183.6504,5720925.5046],[32535198.6441,5720906.0123],[32535218.1362,5720888.5192],[32535245.7803,5720867.9427],[32535394.0646,5720757.5696],[32535398.5627,5720749.0731],[32535405.5596,5720728.5814],[32535405.8091,5720702.5922],[32535389.5652,5720678.6025],[32535333.8368,5720639.12],[32535305.5977,5720622.1277],[32535277.3587,5720608.1341],[32535223.1299,5720587.144],[32535181.3963,5720578.1486],[32535102.9276,5720589.6455],[32535060.1947,5720600.1421],[32535020.4607,5720618.1355],[32534984.9752,5720646.6245],[32534953.2382,5720682.1104],[32534924.5002,5720722.5943],[32534901.0101,5720766.0767],[32534884.2674,5720810.0589],[32534873.5222,5720851.5419],[32534867.2752,5720889.0265],[32534865.2765,5720924.5118],[32534868.7757,5720960.9966],[32534879.5219,5720993.9827],[32534899.2644,5721018.9719],[32534924.0048,5721032.4658],[32534948.2452,5721036.9634],[32534981.2275,5721034.3474],[32535004.9727,5721032.464],[32535017.7177,5721035.4625],[32535029.7131,5721045.9579],[32535042.4583,5721067.4487],[32535048.9561,5721094.9372],[32535044.4583,5721120.9265],[32535028.2153,5721164.4088],[32535014.2216,5721214.3884],[32535007.9745,5721245.8755],[32535006.2257,5721278.8619],[32535010.7243,5721309.8489],[32535018.4716,5721335.3382],[32535029.2177,5721358.3284],[32535042.7122,5721346.8329],[32535057.2064,5721341.3349],[32535074.4495,5721342.8339],[32535089.6936,5721350.8302],[32535099.4399,5721359.3265],[32535106.4372,5721368.3226],[32535108.9359,5721348.3309]],[[32538034.2574,5728312.5973],[32538050.8714,5728462.8417],[32538053.3712,5728516.8199],[32538050.1231,5728557.3036],[32538043.6263,5728597.7874],[32538034.8803,5728632.7734],[32538025.6343,5728658.7631],[32537993.1481,5728716.7403],[32537971.4072,5728749.7273],[32537950.9157,5728775.7172],[32537919.9284,5728803.7064],[32537873.6973,5728839.6926],[32537825.4669,5728874.1795],[32537787.7322,5728897.1708],[32537705.2655,5728940.6547],[32537646.2893,5728966.1453],[32537577.3169,5728986.1384],[32537547.08,5729055.6109],[32537534.3356,5729092.0963],[32537508.4071,5729181.3883],[32537501.1005,5729206.5507],[32537497.8524,5729249.5334],[32537494.6043,5729292.5161],[32537518.3459,5729355.9901],[32537528.842,5729373.9827],[32537543.8362,5729384.978],[32537567.8269,5729394.9736],[32537596.5656,5729402.4701],[32537609.0138,5729403.1082],[32537612.7565,5729403.3001],[32537625.804,5729403.969],[32537654.7925,5729399.9702],[32537685.5302,5729392.9725],[32537716.5177,5729382.4762],[32537747.0054,5729368.4814],[32537779.2424,5729350.4881],[32537813.7284,5729327.9966],[32537846.9648,5729303.0062],[32537874.7034,5729276.0166],[32537927.1816,5729211.0419],[32537951.4215,5729176.5555],[32537988.6558,5729112.5807],[32538090.8628,5728950.6443],[32538171.0789,5728809.6998],[32538229.3045,5728721.2346],[32538298.0259,5728626.7715],[32538322.016,5728601.2814],[32538349.0049,5728577.7904],[32538376.9936,5728559.2974],[32538404.7324,5728546.3022],[32538432.4713,5728539.3046],[32538472.6841,5728536.1004],[32538370.4769,5728454.3379],[32538302.6906,5728404.6299],[32538221.3472,5728359.4412],[32538108.3706,5728318.7721],[32538034.2574,5728312.5973]]]],"crs":{"type":"EPSG","properties":{"code":4647}}},"properties":{"BGL":15,"BGL_NAME":"Höhenzüge","FL_NR":706}}]}