{"type": "FeatureCollection","features":[{"type":"Feature","geometry":{"type":"MultiPolygon","coordinates":[[[[32545932.2961,5734398.8565],[32545930.8779,5734554.3035],[32545930.8503,5734554.2996],[32545921.7373,5734543.179],[32545879.3037,5734491.3968],[32545847.7282,5734459.2562],[32545826.3036,5734442.7783],[32545796.3249,5734422.7131],[32545750.7771,5734399.8134],[32545708.9289,5734383.3231],[32545674.2325,5734373.763],[32545412.5397,5734326.3664],[32545395.7961,5734313.8716],[32545385.0502,5734301.8766],[32545381.5514,5734288.8819],[32545385.0499,5734278.8858],[32545392.5468,5734272.8881],[32545407.5409,5734271.8883],[32545433.5306,5734275.3865],[32545482.2019,5734284.7602],[32545598.3055,5734307.1209],[32545615.2814,5734309.472],[32545628.0228,5734311.2366],[32545660.8518,5734314.1834],[32545706.9534,5734315.3069],[32545720.8334,5734315.6452],[32545750.6329,5734319.5506],[32545781.4365,5734331.0445],[32545822.7604,5734352.9352],[32545855.7881,5734370.4312],[32545886.0351,5734383.6306],[32545932.2675,5734398.8527],[32545932.2961,5734398.8565]]],[[[32545558.7788,5720304.5325],[32545520.9606,5720323.5807],[32545520.9601,5720294.0653],[32545516.8708,5720249.0876],[32545504.9627,5720213.3659],[32545542.0344,5720227.5642],[32545586.5169,5720236.5596],[32545596.2871,5720236.0289],[32545641.7449,5720233.5596],[32545700.3544,5720222.1445],[32545803.4304,5720202.0688],[32545847.4129,5720197.5696],[32545894.9899,5720195.8255],[32545935.5449,5720194.3389],[32545974.1594,5720188.9757],[32545994.3215,5720183.566],[32546019.2715,5720173.3514],[32546062.2109,5720146.4785],[32546062.2337,5720146.4688],[32546061.0225,5720279.4024],[32546053.4145,5720276.2946],[32546030.8652,5720267.0833],[32546001.3808,5720262.1443],[32545965.6158,5720259.6743],[32545911.6605,5720258.6226],[32545854.6939,5720259.6051],[32545825.9223,5720261.0443],[32545799.183,5720265.0432],[32545770.6944,5720273.0406],[32545722.9018,5720289.0218],[32545689.9768,5720300.0314],[32545648.7432,5720309.0287],[32545627.0019,5720311.0284],[32545591.7658,5720306.0312],[32545558.7788,5720304.5325]]],[[[32546049.7482,5721516.8041],[32546049.7174,5721516.74],[32546022.5146,5721593.2984],[32546009.3594,5721616.2029],[32545995.4536,5721630.6198],[32545979.793,5721640.0488],[32545951.8096,5721665.3615],[32545922.4045,5721691.9601],[32545871.9239,5721649.9782],[32545836.9372,5721610.9948],[32545801.2006,5721556.5178],[32545787.9554,5721525.0309],[32545779.9581,5721491.5447],[32545776.459,5721457.5586],[32545777.7071,5721356.5996],[32545776.2071,5721320.6143],[32545770.4589,5721286.6282],[32545757.0392,5721233.62],[32545730.2226,5721127.6938],[32545709.2296,5721036.7312],[32545701.2321,5720988.7509],[32545696.9831,5720938.2716],[32545698.7317,5720888.7917],[32545709.9766,5720844.8093],[32545730.2181,5720808.3237],[32545756.2073,5720778.8351],[32545784.6957,5720755.3441],[32545814.6836,5720739.3499],[32545842.6724,5720731.8524],[32545871.9108,5720728.8529],[32545826.6781,5720684.8718],[32545816.9315,5720656.8834],[32545812.6828,5720629.3947],[32545815.6812,5720598.907],[32545828.1759,5720572.9173],[32545847.418,5720554.9242],[32545870.1588,5720544.428],[32545893.8993,5720539.4295],[32545917.8898,5720537.4298],[32545942.8799,5720539.4284],[32545967.1264,5720547.9262],[32545988.5691,5720565.9114],[32546007.6919,5720592.8845],[32546049.945,5720666.1874],[32546057.3885,5720675.3794],[32546057.4146,5720675.3794],[32546049.7482,5721516.8041]]],[[[32545895.7332,5738406.4562],[32545895.73,5738406.4569],[32545853.675,5738431.2134],[32545839.9307,5738446.2076],[32545799.4472,5738479.6947],[32545715.7312,5738528.1764],[32545692.4906,5738544.6701],[32545675.4977,5738564.1625],[32545671.0292,5738572.7023],[32545664.2525,5738585.6541],[32545658.0053,5738608.6449],[32545656.0064,5738629.6365],[32545659.0055,5738650.1283],[32545667.0026,5738672.1194],[32545678.2525,5738693.7693],[32545695.5737,5738721.2275],[32545718.0508,5738750.0408],[32545735.8064,5738765.2662],[32545765.9858,5738785.0352],[32545861.5278,5738837.5976],[32545890.2522,5738853.4004],[32534400.4841,5738761.6261],[32532821.4188,5738752.6248],[32532819.9214,5738750.4259],[32532799.4908,5738720.4234],[32532745.5683,5738636.82],[32532700.7756,5738562.1975],[32532685.8531,5738532.8253],[32532673.6719,5738500.6433],[32532667.7676,5738485.0445],[32532658.8115,5738466.184],[32532647.0868,5738448.7783],[32532622.4689,5738417.3138],[32532613.757,5738406.1789],[32532605.3111,5738390.3007],[32532600.844,5738376.0076],[32532596.9391,5738355.3493],[32532595.795,5738344.1353],[32532592.3439,5738310.3097],[32532586.1877,5738249.9707],[32532581.939,5738220.9825],[32532573.192,5738188.9956],[32532561.6961,5738158.508],[32532540.4538,5738114.0263],[32532532.4567,5738093.0349],[32532508.1236,5738019.3892],[32532485.7231,5737951.5927],[32532473.2274,5737904.6119],[32532461.9811,5737853.1328],[32532457.4822,5737812.1495],[32532461.4791,5737709.6908],[32532465.9764,5737649.2151],[32532472.9729,5737601.7342],[32532484.7176,5737560.7506],[32532501.2104,5737515.2687],[32532533.4464,5737435.3006],[32532549.9393,5737403.3132],[32532590.5236,5737344.7685],[32532621.6593,5737299.854],[32532635.4034,5737271.3653],[32532646.8983,5737238.3785],[32532652.6455,5737203.8923],[32532651.3954,5737161.4095],[32532641.6476,5737054.4528],[32532639.3978,5737009.9708],[32532637.4615,5736924.5738],[32532635.6468,5736844.5377],[32532640.3921,5736658.6127],[32532642.6407,5736620.628],[32532649.3874,5736578.1451],[32532683.3712,5736400.2165],[32532725.3527,5736224.3142],[32532730.3544,5736203.1006],[32532777.3278,5736003.8753],[32532789.0725,5735961.8921],[32532800.3176,5735929.9048],[32532830.3045,5735853.4353],[32532846.5475,5735817.4496],[32532889.1805,5735736.9182],[32532914.0188,5735690.0001],[32532930.2618,5735654.5142],[32532934.0107,5735642.1954],[32532950.0029,5735582.543],[32532958.9986,5735539.5603],[32533069.4061,5735442.1877],[32533229.8874,5735300.653],[32533254.1274,5735277.662],[32533338.0927,5735191.6955],[32533374.0778,5735148.2126],[32533416.0604,5735104.7296],[32533439.674,5735085.9189],[32533591.7385,5734964.7837],[32533630.9725,5734935.7949],[32533755.6717,5734856.3253],[32533785.4097,5734841.3309],[32533820.8987,5734829.0685],[32533860.6294,5734815.3404],[32533899.6137,5734799.8461],[32533959.5894,5734772.8562],[32534006.1061,5734741.093],[32534073.0432,5734695.386],[32534130.0201,5734666.8967],[32534167.0051,5734645.9047],[32534191.9949,5734628.4114],[32534212.9862,5734605.4204],[32534264.9645,5734539.4464],[32534301.9183,5734485.4357],[32534323.44,5734453.9801],[32534334.1854,5734430.9893],[32534338.9332,5734411.9969],[32534340.9321,5734393.5043],[32534339.4324,5734373.0126],[32534332.9346,5734349.5222],[32534318.6899,5734322.5333],[32534287.5551,5734280.9312],[32534261.4615,5734246.065],[32534206.4819,5734151.604],[32534194.2364,5734128.1136],[32534185.9894,5734108.1218],[32534167.7458,5734054.1439],[32534148.502,5733962.1813],[32534146.7523,5733936.1919],[32534150.9997,5733875.2165],[32534161.2446,5733807.2438],[32534169.4908,5733772.2578],[32534181.7354,5733735.2726],[32534206.2247,5733675.2965],[32534240.71,5733604.8246],[32534259.7017,5733560.3423],[32534272.4461,5733519.8585],[32534281.9417,5733480.8741],[32534305.931,5733404.4047],[32534343.6108,5733300.9659],[32534382.3974,5733194.4886],[32534415.8829,5733114.0207],[32534451.867,5733006.5636],[32534466.3605,5732959.0826],[32534477.1056,5732915.6],[32534485.8514,5732868.6189],[32534497.0957,5732789.1508],[32534498.5946,5732753.6652],[32534494.0949,5732659.2034],[32534483.0974,5732532.7547],[32534477.3492,5732504.2663],[32534469.602,5732482.7751],[32534457.8563,5732463.783],[32534446.811,5732449.9356],[32534441.1127,5732442.7917],[32534420.1207,5732421.3007],[32534353.3963,5732362.8252],[32534235.6915,5732254.8704],[32534085.4991,5732120.9266],[32533953.7996,5731998.9776],[32533903.8186,5731938.5027],[32533879.5777,5731903.0174],[32533864.5832,5731873.5295],[32533844.8401,5731810.5552],[32533837.0926,5731774.5698],[32533834.843,5731739.0842],[32533840.8396,5731676.1096],[32533845.0876,5731651.6194],[32533852.834,5731620.6319],[32533854.583,5731600.6399],[32533853.833,5731577.1494],[32533849.3344,5731551.6598],[32533839.3379,5731523.1714],[32533825.343,5731491.1845],[32533784.358,5731404.2202],[32533772.8621,5731372.2333],[32533763.3653,5731337.2476],[32533757.8669,5731299.263],[32533756.117,5731258.2796],[32533756.866,5731214.7971],[32533759.8642,5731172.3143],[32533772.8574,5731062.8583],[32533774.6062,5731029.3719],[32533773.1063,5731001.883],[32533763.3593,5730938.9086],[32533751.1132,5730880.4324],[32533736.6186,5730851.4443],[32533709.6287,5730808.9618],[32533677.8906,5730765.9796],[32533649.6513,5730732.9933],[32533616.4141,5730704.0054],[32533571.1816,5730669.5199],[32533523.9499,5730637.0337],[32533484.4652,5730614.0434],[32533373.2586,5730557.0679],[32533295.5388,5730511.0875],[32533172.5866,5730442.1169],[32533145.5972,5730430.6219],[32533111.1108,5730421.626],[32533041.3883,5730406.6329],[32532981.9388,5730397.5616],[32532939.7223,5730393.7703],[32532759.9997,5730377.6482],[32532718.5161,5730371.6512],[32532684.5295,5730362.6552],[32532638.3478,5730344.4779],[32532594.0649,5730324.1719],[32532543.1823,5730303.5989],[32532518.3445,5730295.1846],[32532488.1064,5730281.1906],[32532459.6175,5730271.6948],[32532435.1272,5730267.1969],[32532421.8825,5730266.6973],[32532411.6366,5730270.6958],[32532407.8883,5730282.1912],[32532413.3863,5730299.1843],[32532425.3818,5730315.6775],[32532448.623,5730341.6667],[32532454.121,5730354.6614],[32532454.621,5730371.6545],[32532444.6253,5730388.6478],[32532418.9546,5730400.2839],[32532417.3574,5730400.525],[32532380.1512,5730406.1415],[32532334.4194,5730409.6407],[32532152.614,5730417.7261],[32532134.3277,5730418.6208],[32532014.2969,5730424.1389],[32531938.3271,5730425.6393],[32531871.8535,5730423.1411],[32531712.6667,5730412.6474],[32531653.9399,5730407.6501],[32531598.7118,5730400.6537],[32531528.7394,5730389.1592],[32531406.0378,5730364.6706],[32531216.6125,5730317.692],[32531190.6226,5730305.1974],[32531169.8799,5730287.2837],[32531138.3925,5730249.2206],[32531113.9017,5730208.7373],[32531097.158,5730186.7463],[32531075.4164,5730170.7531],[32531050.1763,5730162.2568],[32531023.9367,5730157.2592],[32530996.9474,5730157.2595],[32530969.7083,5730162.2578],[32530897.9871,5730181.2511],[32530854.0047,5730189.2484],[32530800.3472,5730191.6421],[32530733.8025,5730189.2499],[32530695.8175,5730182.753],[32530647.8364,5730168.7593],[32530555.1228,5730136.7733],[32530515.1385,5730125.2785],[32530473.9047,5730115.7828],[32530406.1815,5730105.7877],[32530375.9435,5730105.7881],[32530337.209,5730110.2868],[32530284.4801,5730119.7836],[32530190.1644,5730139.9639],[32530123.2947,5730154.2717],[32530084.3104,5730164.2682],[32529993.8468,5730193.7574],[32529959.1108,5730206.2528],[32529894.3869,5730234.2424],[32529668.353,5730338.5404],[32529606.5034,5730368.192],[32529517.4394,5730415.2502],[32529412.582,5730470.6531],[32529371.0321,5730491.1275],[32529304.1259,5730521.1341],[32529273.8881,5730530.1309],[32529234.1539,5730535.6292],[32529171.4289,5730538.6288],[32529021.2387,5730541.6295],[32528959.7632,5730545.1288],[32528938.2717,5730544.1295],[32528902.687,5730538.226],[32528862.862,5730527.8553],[32528650.5226,5730472.5604],[32528537.6795,5730443.1752],[32528494.0585,5730428.4722],[32528448.7144,5730413.1884],[32528415.2276,5730405.6919],[32528330.5112,5730397.1964],[32528286.7785,5730397.1969],[32528213.5578,5730406.1942],[32528191.4728,5730407.2217],[32528126.8423,5730407.1949],[32528088.1076,5730403.6968],[32528007.8893,5730385.2053],[32527935.9176,5730364.7144],[32527904.6799,5730358.7172],[32527867.9444,5730354.2195],[32527830.4593,5730353.2204],[32527798.2222,5730357.2192],[32527772.7325,5730365.2163],[32527752.2407,5730374.7127],[32527735.2477,5730386.7081],[32527721.0036,5730403.7014],[32527681.2702,5730458.6798],[32527675.2726,5730460.1793],[32527662.7777,5730467.1766],[32527655.7011,5730477.0511],[32527652.0322,5730482.1707],[32527651.5328,5730508.1602],[32527634.5403,5730563.6381],[32527621.7961,5730612.6185],[32527614.0499,5730658.1003],[32527602.1786,5730760.0516],[32527591.062,5730855.5211],[32527580.8168,5730907.0005],[32527546.7033,5731022.889],[32527527.0908,5731085.4293],[32527514.0965,5731120.9152],[32527495.1046,5731160.8994],[32527473.3638,5731199.3841],[32527432.4049,5731256.6013],[32527425.2519,5731266.5937],[32527376.4044,5731334.8308],[32527350.6651,5731366.8183],[32527295.188,5731425.7952],[32527246.2082,5731472.2772],[32527162.4924,5731537.2521],[32527129.256,5731560.743],[32527094.6999,5731582.6904],[32527002.5575,5731641.2123],[32526992.2277,5731647.7102],[32526971.5702,5731660.7048],[32526946.0804,5731671.2009],[32526871.8605,5731711.1858],[32526834.9845,5731735.3234],[32526803.1385,5731756.1686],[32526783.3965,5731766.6646],[32526705.1781,5731796.1537],[32526643.2031,5731822.6439],[32526622.9613,5731835.6389],[32526600.9704,5731857.1305],[32526580.4789,5731883.1203],[32526564.9855,5731910.1097],[32526556.989,5731933.1005],[32526555.4899,5731953.0925],[32526560.4882,5731973.5842],[32526585.2292,5732028.062],[32526620.2166,5732120.5243],[32526627.714,5732144.0147],[32526630.2133,5732164.0067],[32526626.2151,5732179.0007],[32526614.7198,5732186.4978],[32526599.7257,5732186.498],[32526586.231,5732180.5006],[32526573.236,5732169.5052],[32526559.4912,5732153.5118],[32526541.7478,5732123.0243],[32526517.5509,5732071.7859],[32526478.0212,5731988.0794],[32526464.0265,5731968.5875],[32526453.0308,5731964.0894],[32526444.0344,5731969.0875],[32526436.0377,5731978.084],[32526427.7912,5731991.0789],[32526400.8027,5732046.5569],[32526390.0571,5732055.0536],[32526376.3126,5732055.0538],[32526359.0694,5732048.5566],[32526371.8137,5732010.5717],[32526386.8073,5731977.085],[32526406.2991,5731947.5966],[32526431.2888,5731921.107],[32526461.2764,5731893.6177],[32526493.5132,5731867.6277],[32526525.5002,5731846.1359],[32526581.6421,5731811.4102],[32526660.4453,5731762.6678],[32526756.9062,5731708.6883],[32526811.8838,5731674.2015],[32526850.3681,5731641.714],[32526867.361,5731622.7215],[32526872.2122,5731614.2575],[32526941.3037,5731579.7384],[32527018.4311,5731527.2761],[32527025.556,5731521.4174],[32527060.4702,5731493.8157],[32527076.276,5731489.2725],[32527119.0087,5731467.7806],[32527167.7387,5731429.2955],[32527246.9561,5731350.3263],[32527273.9449,5731318.8386],[32527294.6862,5731288.3506],[32527312.6786,5731258.3624],[32527329.9213,5731227.8745],[32527344.9148,5731195.3874],[32527356.1598,5731159.4017],[32527362.9066,5731124.4157],[32527365.1553,5731094.9276],[32527361.9058,5731043.9481],[32527389.3945,5731013.4601],[32527411.1354,5730985.9709],[32527426.8788,5730959.9811],[32527437.1243,5730933.4917],[32527446.87,5730901.5044],[32527454.1166,5730868.0178],[32527457.6147,5730836.5304],[32527461.1119,5730740.0692],[32527462.1102,5730654.6036],[32527460.1107,5730635.1115],[32527456.3619,5730615.1196],[32527449.6143,5730594.628],[32527423.8738,5730546.6476],[32527408.3795,5730511.6619],[32527397.8831,5730471.6781],[32527397.1327,5730428.6954],[32527411.6252,5730312.7419],[32527419.1219,5730285.7527],[32527431.8664,5730259.763],[32527450.1088,5730232.7737],[32527470.1005,5730209.7827],[32527488.5929,5730195.2883],[32527514.6036,5730183.3801],[32527554.3164,5730167.7985],[32527573.3087,5730163.3001],[32527622.0393,5730157.3019],[32527685.7639,5730153.3027],[32527713.7527,5730149.8038],[32527731.9953,5730142.3066],[32527745.2399,5730132.3104],[32527762.9214,5730096.9779],[32527777.726,5730063.8376],[32527787.2218,5730037.8479],[32527790.97,5730016.3565],[32527790.7198,5729994.8652],[32527783.4724,5729976.8725],[32527766.2291,5729964.8776],[32527743.9879,5729961.3793],[32527723.2462,5729964.8781],[32527701.1627,5729973.4664],[32527642.2788,5729996.3665],[32527615.5395,5730000.865],[32527583.3023,5729998.8662],[32527548.0662,5729989.8702],[32527515.0791,5729975.8763],[32527486.3403,5729958.8835],[32527464.3488,5729941.8906],[32527434.6101,5729910.4037],[32527391.6265,5729858.4251],[32527349.6423,5729801.9484],[32527323.1522,5729755.4674],[32527294.9123,5729679.9982],[32527284.4159,5729640.0144],[32527279.1673,5729598.0314],[32527278.6669,5729559.0471],[32527280.4158,5729526.0603],[32527284.9135,5729496.5721],[32527292.4101,5729468.0835],[32527303.6552,5729438.5953],[32527329.894,5729384.6167],[32527337.6406,5729363.1252],[32527344.3875,5729335.6362],[32527349.1352,5729306.6478],[32527353.0516,5729240.8924],[32527356.1307,5729189.195],[32527360.3784,5729147.2119],[32527366.1255,5729110.7265],[32527373.3722,5729080.2387],[32527382.3682,5729053.2494],[32527393.3635,5729029.259],[32527406.8578,5729008.2673],[32527425.3502,5728991.7737],[32527446.3417,5728980.7778],[32527470.8319,5728973.2806],[32527457.8367,5728952.789],[32527458.0863,5728931.2976],[32527467.5822,5728908.3068],[32527450.8389,5728909.3066],[32527434.3453,5728901.8098],[32527416.852,5728887.3158],[32527504.8152,5728761.8653],[32527534.8026,5728712.8846],[32527587.2802,5728611.4249],[32527612.5193,5728556.9465],[32527628.5124,5728514.4634],[32527681.4904,5728453.4873],[32527701.2321,5728425.4984],[32527716.1293,5728413.3466],[32527764.956,5728373.5185],[32527803.6902,5728344.5297],[32527836.1769,5728322.5382],[32527863.166,5728307.5439],[32527886.1567,5728300.0466],[32527912.6461,5728294.5485],[32527964.6253,5728288.5503],[32527950.8807,5728280.5537],[32527941.6342,5728269.0585],[32527936.1362,5728255.564],[32527933.387,5728240.57],[32527934.1364,5728215.5801],[32527938.3843,5728191.0899],[32527950.129,5728148.6069],[32527956.1262,5728119.6185],[32527957.1254,5728089.1307],[32527953.6263,5728060.1425],[32527945.879,5728036.652],[32527933.3837,5728018.6594],[32527918.8893,5728006.1646],[32527901.646,5727995.6691],[32527928.1327,5727805.2454],[32527934.879,5727736.7729],[32527935.8778,5727681.7951],[32527931.6278,5727571.8397],[32527923.3801,5727501.8685],[32527913.3835,5727460.3857],[32527894.6404,5727416.9038],[32527863.1524,5727379.4196],[32527749.6938,5727112.0309],[32527670.2234,5726970.59],[32527692.9629,5726864.1335],[32527721.2001,5726757.1772],[32527730.9457,5726714.6946],[32527735.1935,5726679.7089],[32527734.1934,5726647.7221],[32527728.8127,5726583.9933],[32527727.6949,5726570.7538],[32527749.936,5726566.2554],[32527811.4115,5726559.7574],[32527754.7667,5726514.1101],[32527726.4443,5726491.2865],[32527696.2036,5726293.868],[32527690.2053,5726243.3889],[32527690.205,5726222.3975],[32527692.4538,5726199.9067],[32527697.4514,5726174.917],[32527712.9445,5726120.939],[32527715.4432,5726097.9484],[32527712.9439,5726077.4569],[32527705.4466,5726059.4643],[32527690.9522,5726044.9705],[32527670.7101,5726035.4746],[32527649.2186,5726029.9771],[32527631.7255,5726028.4779],[32527562.5032,5726038.4746],[32527537.0133,5726039.4744],[32527478.5366,5726039.4751],[32527461.5433,5726036.9763],[32527443.3005,5726030.979],[32527424.8077,5726021.9829],[32527408.0642,5726009.988],[32527389.8212,5725992.9952],[32527368.8293,5725969.505],[32527347.8372,5725942.0166],[32527329.844,5725912.0291],[32527319.3476,5725875.5442],[32527316.8481,5725836.0605],[32527319.8462,5725790.5791],[32527358.3302,5725734.6017],[32527396.0655,5725763.0896],[32527415.8079,5725775.0845],[32527435.3002,5725784.0805],[32527456.7918,5725789.0783],[32527481.5319,5725789.078],[32527510.5203,5725781.5808],[32527601.9834,5725746.5942],[32527636.9693,5725736.0981],[32527653.9626,5725736.5977],[32527666.9575,5725744.0945],[32527666.2077,5725738.5967],[32527668.7067,5725731.5996],[32527678.4527,5725723.103],[32527738.9282,5725693.6145],[32527809.4068,5725656.0588],[32527879.6212,5725618.6438],[32528055.8698,5725541.3775],[32528108.7786,5725518.1826],[32528145.792,5725506.5748],[32528297.457,5725485.8918],[32528391.032,5725439.1036],[32528463.3402,5725413.5825],[32528518.6342,5725375.3016],[32528569.6751,5725337.0205],[32528637.7296,5725302.9928],[32528735.5582,5725268.9648],[32528799.3598,5725260.4574],[32528854.6544,5725264.7101],[32528952.4834,5725256.2023],[32529041.8062,5725290.2284],[32529169.4111,5725396.5615],[32529271.4949,5725498.6416],[32529352.311,5725549.6813],[32529543.7175,5725664.5203],[32529684.0824,5725758.0932],[32529828.7009,5725872.9328],[32529935.0381,5725949.4923],[32529981.8268,5726000.5323],[32530015.8553,5726077.093],[32530062.6451,5726208.9472],[32530122.195,5726349.3078],[32530168.9846,5726476.9085],[32530194.507,5726596.0029],[32530206.6366,5726668.7735],[32530191.7686,5726665.8593],[32530163.9773,5726668.6858],[32530139.737,5726678.682],[32530120.245,5726695.1754],[32530105.2513,5726718.6658],[32530098.7543,5726746.6544],[32530104.5024,5726776.6419],[32530121.746,5726808.1287],[32530143.4878,5726838.1161],[32530166.2291,5726864.1051],[32530200.216,5726896.5913],[32530211.7117,5726916.0832],[32530215.4606,5726937.0745],[32530206.9642,5726957.5661],[32530186.3114,5726968.4796],[32530161.9822,5726967.0627],[32530101.2562,5726951.07],[32530067.0197,5726947.0721],[32530032.7834,5726947.5722],[32529995.5482,5726951.0712],[32529902.2543,5726906.9252],[32529715.6577,5726818.6291],[32529265.8341,5726574.6448],[32529041.1708,5726452.7875],[32528940.2758,5726403.2049],[32528763.5294,5726316.3469],[32528762.7799,5726331.8405],[32528772.2763,5726348.3336],[32528794.268,5726374.8224],[32528791.7691,5726383.8188],[32528779.774,5726393.8148],[32528760.032,5726404.3107],[32528758.283,5726429.8002],[32528760.0327,5726455.7895],[32528754.285,5726457.7887],[32528744.5388,5726453.7905],[32528681.0636,5726415.307],[32528608.092,5726374.8245],[32528576.8543,5726365.3288],[32528552.614,5726368.8276],[32528536.6205,5726376.8245],[32528512.3804,5726396.8165],[32528500.1355,5726412.8101],[32528495.6375,5726431.8023],[32528495.3879,5726449.2951],[32528490.8899,5726462.2898],[32528482.1435,5726470.7864],[32528468.1491,5726474.7849],[32528447.9071,5726469.7872],[32528430.1639,5726454.7936],[32528412.9204,5726431.8033],[32528390.4295,5726439.8002],[32528371.1873,5726448.7967],[32528352.4635,5726461.6201],[32528343.1987,5726471.2878],[32528334.7023,5726484.7823],[32528328.455,5726502.2752],[32528323.7072,5726524.2662],[32528321.7084,5726549.7557],[32528323.7079,5726573.7458],[32528328.9561,5726596.2365],[32528336.9532,5726615.7284],[32528353.1971,5726636.7196],[32528380.4366,5726660.2096],[32528413.1738,5726682.2002],[32528446.161,5726698.693],[32528488.6443,5726713.6864],[32528595.6022,5726746.1718],[32528630.0886,5726754.6679],[32528667.3239,5726761.1648],[32528679.0693,5726768.1618],[32528683.0679,5726781.1564],[32528676.8205,5726794.1511],[32528663.326,5726800.6486],[32528631.3388,5726804.1475],[32528620.5931,5726810.6449],[32528614.0959,5726822.1403],[32528610.3476,5726838.6335],[32528615.096,5726861.1242],[32528626.5918,5726882.1154],[32528641.3361,5726900.1079],[32528685.3193,5726943.0896],[32528671.3249,5726948.5875],[32528648.5839,5726948.088],[32528622.8441,5726942.5906],[32528580.1108,5726923.0991],[32528560.6185,5726920.1006],[32528539.8768,5726920.1008],[32528534.8786,5726911.1046],[32528524.8825,5726904.6073],[32528512.3874,5726900.1093],[32528493.1274,5726896.0715],[32528468.9047,5726895.1119],[32528419.6743,5726901.6098],[32528356.6996,5726916.1045],[32528327.9612,5726925.601],[32528306.22,5726936.5967],[32528289.9766,5726951.0909],[32528276.2324,5726971.0828],[32528264.7373,5726995.0731],[32528255.4913,5727021.5623],[32528251.7432,5727048.5512],[32528255.2422,5727074.0407],[32528263.2393,5727097.5309],[32528274.4858,5727121.5223],[32528308.2228,5727193.4909],[32528235.0018,5727187.4942],[32528161.7808,5727181.4976],[32528214.3402,5727312.4916],[32528277.4889,5727469.8775],[32528368.9526,5727476.3738],[32528375.4502,5727492.8669],[32528386.1962,5727508.3604],[32528399.4411,5727521.3549],[32528411.9362,5727530.351],[32528452.6703,5727547.8434],[32528483.908,5727555.8397],[32528519.8937,5727561.337],[32528708.319,5727580.327],[32528749.3028,5727585.3244],[32528784.5388,5727587.3232],[32528815.2766,5727584.8238],[32528840.2666,5727580.8252],[32528864.7568,5727581.3247],[32528886.4982,5727583.8234],[32528903.4915,5727587.8216],[32528929.4814,5727600.8159],[32528935.9789,5727606.3135],[32528940.7271,5727613.3107],[32528941.9767,5727620.3078],[32528938.7281,5727628.8045],[32528919.4861,5727651.7954],[32528857.2617,5727711.2722],[32528792.0385,5727765.751],[32528749.8058,5727798.7382],[32528704.8241,5727830.2261],[32528642.6253,5727865.616],[32528530.8948,5727929.1883],[32528475.6672,5727956.6779],[32528458.6741,5727967.1738],[32528444.6798,5727979.669],[32528431.6852,5727994.6631],[32528405.446,5728019.6533],[32528388.2033,5728048.1421],[32528376.9582,5728077.6303],[32528369.9614,5728104.6195],[32528371.9609,5728127.6102],[32528383.7065,5728145.1031],[32528396.9514,5728156.5983],[32528406.9475,5728162.5957],[32528590.3756,5728232.0655],[32528624.1124,5728244.0603],[32528666.3458,5728255.0553],[32528720.5743,5728262.5517],[32528794.7948,5728265.5496],[32528880.5108,5728267.0479],[32528967.0098,5728266.9194],[32529219.6259,5728266.544],[32529242.6168,5728271.5417],[32529260.11,5728283.5367],[32529262.1095,5728300.5298],[32529238.3692,5728319.5224],[32529177.394,5728352.5099],[32529064.4179,5728419.4108],[32528968.4789,5728479.4612],[32528951.236,5728491.9564],[32528938.991,5728504.9513],[32528933.7434,5728522.9441],[32528937.4923,5728550.9328],[32528945.7395,5728582.9198],[32528950.7379,5728609.9089],[32528950.9882,5728631.4002],[32528944.2411,5728647.8937],[32528931.7462,5728658.8894],[32528915.7527,5728664.3874],[32528877.9995,5728667.7814],[32528849.0293,5728670.3858],[32528816.5423,5728676.3837],[32528751.3185,5728694.3773],[32528726.0788,5728711.8705],[32528706.587,5728741.8587],[32528693.5927,5728779.3437],[32528687.3458,5728819.8275],[32528689.096,5728879.8033],[32528696.8442,5728964.2692],[32528707.3413,5729052.2336],[32528743.0807,5729291.1369],[32528757.8261,5729380.1009],[32528775.3204,5729462.0676],[32528777.32,5729488.0571],[32528775.571,5729513.5469],[32528760.0782,5729580.5201],[32528747.5841,5729643.4948],[32528729.3429,5729748.9526],[32528727.3442,5729779.9401],[32528729.5939,5729817.9248],[32528738.0911,5729856.4092],[32528754.5849,5729886.3969],[32528779.3254,5729908.8875],[32528809.0639,5729927.3797],[32528842.3009,5729941.8734],[32528878.0368,5729952.8685],[32528937.2479,5729965.9837],[32528956.7558,5729969.8607],[32528994.9907,5729973.8586],[32529027.9775,5729972.3588],[32529055.9663,5729966.3609],[32529081.9558,5729957.864],[32529122.2087,5729939.3278],[32529154.6764,5729924.3766],[32529188.4128,5729913.3806],[32529224.3984,5729904.8836],[32529258.3848,5729900.8847],[32529324.8584,5729899.3845],[32529359.5945,5729895.8855],[32529393.8308,5729886.3889],[32529433.8146,5729870.3948],[32529481.5453,5729847.4035],[32529530.2755,5729818.9144],[32529573.5078,5729785.4274],[32529609.493,5729749.9412],[32529640.73,5729714.9549],[32529665.2198,5729682.9675],[32529681.4629,5729653.979],[32529735.4398,5729542.5233],[32529771.9243,5729474.5502],[32529802.6613,5729426.0694],[32529827.1511,5729394.5818],[32529854.3898,5729362.5944],[32529888.6257,5729328.6076],[32529934.8567,5729290.6224],[32529963.8446,5729273.2548],[32529991.5837,5729256.6354],[32530050.31,5729234.1437],[32530104.0384,5729220.1487],[32530146.5214,5729211.1518],[32530339.4441,5729173.6645],[32530370.1817,5729163.6682],[32530400.6694,5729148.1741],[32530453.8977,5729114.1871],[32530480.137,5729100.1924],[32530510.6248,5729089.1965],[32530541.3624,5729080.6996],[32530567.352,5729075.7013],[32530669.8111,5729068.203],[32530700.8878,5729061.5525],[32530730.5368,5729055.2075],[32530758.5256,5729053.208],[32530786.7644,5729055.7066],[32530851.2391,5729074.6982],[32530883.9762,5729082.1947],[32530910.2157,5729082.1944],[32530937.4549,5729078.1957],[32530973.1906,5729077.1956],[32531012.675,5729079.1943],[32531051.1597,5729084.1919],[32531111.6359,5729099.6849],[32531133.3774,5729107.6814],[32531165.6148,5729123.6745],[32531182.1083,5729128.6723],[32531262.0767,5729139.6669],[32531364.133,5729157.5749],[32531427.0116,5729171.6519],[32531489.7369,5729188.6443],[32531597.8171,5729223.7686],[32531649.6741,5729240.6213],[32531675.414,5729252.6161],[32531716.1482,5729279.1049],[32531738.8893,5729286.1018],[32531761.6303,5729289.1003],[32531778.8734,5729289.5999],[32531791.6183,5729284.6018],[32531800.6145,5729269.6077],[32531804.3627,5729247.6166],[32531800.8637,5729224.6259],[32531790.3675,5729200.1359],[32531751.1342,5729145.5828],[32531705.8993,5729082.6844],[32531666.914,5729024.2085],[32531636.4253,5728971.73],[32531611.1845,5728916.7525],[32531562.2021,5728789.8044],[32531538.2523,5728718.8015],[32531512.4696,5728642.3645],[32531488.978,5728579.3902],[32531465.4866,5728526.9117],[32531437.7469,5728476.4324],[32531402.7599,5728419.4558],[32531367.0233,5728365.9778],[32531336.5349,5728327.4937],[32531250.834,5728232.8888],[32531203.0858,5728182.0541],[32531160.3521,5728141.0711],[32531038.1492,5728037.6143],[32530941.6722,5727960.1494],[32530869.4643,5727902.171],[32530830.979,5727862.1876],[32530796.9919,5727820.7048],[32530769.0024,5727782.7204],[32530747.7604,5727750.2338],[32530718.2713,5727695.7561],[32530892.9535,5727807.7089],[32531037.8973,5727903.1686],[32531170.8459,5728001.6273],[32531553.698,5728296.5036],[32531676.0889,5728383.991],[32531700.2177,5728399.2759],[32532063.5002,5728621.3662],[32532298.409,5728768.304],[32532448.6007,5728868.2618],[32532542.0647,5728945.2295],[32532755.4827,5729134.1506],[32532836.4515,5729199.1233],[32532916.6702,5729241.6052],[32533018.3804,5729282.5873],[32533080.3762,5729305.4032],[32533206.8065,5729353.0565],[32533160.7228,5729272.8505],[32533140.5811,5729237.604],[32533118.5893,5729199.1198],[32533038.1198,5729097.162],[32532973.3942,5729011.1975],[32532924.6625,5728938.7274],[32532890.4253,5728883.2503],[32532851.9397,5728828.2729],[32532806.9568,5728772.2961],[32532752.7275,5728713.8204],[32532629.5249,5728610.8635],[32532425.3538,5728454.929],[32532209.6872,5728301.4936],[32532051.7485,5728202.5355],[32531936.2936,5728144.0605],[32531811.5921,5728075.5896],[32531693.6379,5727997.6226],[32531597.6748,5727911.6584],[32531474.7221,5727807.7019],[32531306.7872,5727695.2493],[32531158.8447,5727604.7877],[32531095.3694,5727567.8037],[32531131.8555,5727608.7864],[32531151.0984,5727645.2713],[32531156.0969,5727676.7585],[32531154.1694,5727684.0404],[32531062.2234,5727638.0691],[32531015.435,5727595.5359],[32530951.6329,5727561.5097],[32530892.0845,5727535.99],[32530845.2961,5727506.2169],[32530794.2546,5727476.4439],[32530743.2125,5727425.404],[32530670.9033,5727387.1246],[32530619.8619,5727370.1116],[32530547.5531,5727336.0856],[32530453.9763,5727263.779],[32530398.6809,5727208.4858],[32530356.145,5727123.4189],[32530347.6372,5727042.6048],[32530325.7402,5726971.4443],[32530313.7178,5726909.3341],[32530302.925,5726884.0953],[32530298.1765,5726858.1061],[32530297.676,5726805.128],[32530293.6771,5726767.6435],[32530281.6813,5726728.1599],[32530276.591,5726720.949],[32530296.4663,5726633.3326],[32530283.8284,5726536.4548],[32530275.3202,5726438.627],[32530249.798,5726332.2928],[32530203.0092,5726259.986],[32530156.2201,5726183.4257],[32530139.2057,5726140.8923],[32530105.1774,5726068.5851],[32530066.8956,5726009.0383],[32530041.374,5725949.4912],[32530015.853,5725915.4646],[32529969.0646,5725872.9313],[32529905.2624,5725838.9048],[32529849.9671,5725792.1184],[32529730.8695,5725707.0521],[32529671.3206,5725656.0122],[32529603.2643,5725566.692],[32529539.4624,5725536.9191],[32529411.8585,5725490.1332],[32529305.5213,5725409.3202],[32529194.9304,5725315.747],[32529139.6349,5725251.9469],[32529088.593,5725213.667],[32529037.5516,5725200.9074],[32528854.6533,5725183.8957],[32528671.7558,5725209.418],[32528578.1806,5725234.9394],[32528469.1526,5725284.4982],[32528446.325,5725320.0083],[32528386.7773,5725345.5293],[32528301.709,5725388.064],[32528244.1419,5725419.4646],[32528233.4777,5725421.2212],[32528088.7858,5725461.7061],[32527982.5783,5725479.2],[32527863.1262,5725505.1906],[32527892.3641,5725477.7016],[32527921.6021,5725450.2126],[32528089.0347,5725391.7349],[32528191.2434,5725346.2525],[32528281.9567,5725301.2701],[32528309.9453,5725284.2767],[32528335.6848,5725263.7849],[32528352.9276,5725240.7942],[32528355.6762,5725217.3038],[32528339.6823,5725201.8104],[32528309.6942,5725195.8132],[32528272.7089,5725196.8131],[32528159.754,5725206.8102],[32528122.5189,5725213.3079],[32528091.2814,5725222.8044],[32528032.8051,5725249.2941],[32528000.0683,5725261.2895],[32527964.5825,5725270.2862],[32527926.3478,5725276.7839],[32527854.3765,5725284.7814],[32527854.3118,5725284.7868],[32527776.6576,5725291.7793],[32527742.921,5725295.778],[32527713.6827,5725301.2761],[32527685.4441,5725311.2723],[32527661.204,5725326.7662],[32527643.7113,5725349.7569],[32527617.9724,5725412.2315],[32527606.4775,5725451.2156],[32527596.4821,5725496.1972],[32527564.4974,5725678.1227],[32527532.2595,5725626.1444],[32527508.7681,5725578.1644],[32527495.0229,5725530.6841],[32527492.2734,5725487.7018],[32527494.2721,5725447.2184],[32527500.519,5725408.2344],[32527511.5141,5725370.7497],[32527524.7584,5725337.7631],[32527538.7525,5725311.2738],[32527555.6455,5725290.2185],[32527518.8998,5725297.1484],[32527465.722,5725299.4227],[32527471.7785,5725267.7924],[32527480.7743,5725220.8116],[32527489.0197,5725130.8486],[32527490.0182,5725048.8822],[32527480.7708,5724969.415],[32527478.0211,5724917.4364],[32527473.7722,5724873.4545],[32527466.2747,5724836.4698],[32527467.7733,5724779.993],[32527465.5235,5724732.0128],[32527457.5261,5724691.0297],[32527446.7799,5724654.5448],[32527430.0355,5724578.5762],[32527447.5283,5724565.0816],[32527469.0197,5724558.584],[32527498.2581,5724559.5833],[32527534.2722,5724659.1367],[32527554.4879,5724715.0188],[32527600.7212,5724840.4668],[32527622.4636,5724915.4357],[32527631.4607,5724963.4159],[32527631.7113,5725008.3974],[32527616.2185,5725086.8653],[32527606.9726,5725118.3524],[32527597.4767,5725140.3435],[32527565.0437,5725173.8645],[32527897.5377,5725107.3629],[32527929.8937,5725050.4598],[32527925.8449,5725051.3766],[32527995.5666,5725011.8922],[32528056.5419,5724981.4041],[32528112.2694,5724959.9123],[32528230.9099,5724924.9078],[32528303.6925,5724903.4336],[32528327.4329,5724894.437],[32528347.9246,5724881.4422],[32528407.6502,5724835.9603],[32528444.885,5724810.4704],[32528478.1215,5724789.9785],[32528512.6075,5724771.9855],[32528554.0908,5724752.9929],[32528594.5744,5724735.9995],[32528626.8114,5724725.0037],[32528655.3,5724719.5056],[32528686.5376,5724718.0059],[32528726.8482,5724720.1063],[32528763.2571,5724722.0035],[32528787.7473,5724718.0049],[32528815.2363,5724710.5077],[32528909.9484,5724694.0135],[32528944.1846,5724685.5167],[32529109.3681,5724624.5401],[32529136.1074,5724621.541],[32529208.5785,5724619.0413],[32529268.3047,5724613.0432],[32529297.5431,5724614.0425],[32529328.5308,5724619.5399],[32529361.7677,5724629.0356],[32529477.9721,5724667.5186],[32529530.4514,5724680.5127],[32529603.2093,5724695.6717],[32529651.6535,5724706.0009],[32529675.1442,5724708.4996],[32529782.8513,5724704.0004],[32529858.3211,5724696.0029],[32529898.3051,5724689.5051],[32529934.7905,5724681.0083],[32529970.0263,5724669.5126],[32530032.751,5724642.5231],[32530050.4938,5724633.5267],[32530058.9388,5724625.526],[32530064.238,5724609.5364],[32530058.9898,5724588.0453],[32530040.7467,5724560.5569],[32530000.2622,5724520.5738],[32529941.7848,5724470.0952],[32529878.5593,5724423.1152],[32529870.131,5724418.277],[32529824.5803,5724392.1285],[32529759.6058,5724369.6385],[32529586.6739,5724315.1627],[32529502.207,5724284.6761],[32529470.9693,5724275.6802],[32529439.9816,5724269.1831],[32529380.755,5724261.187],[32529348.5177,5724252.6909],[32529311.5322,5724238.697],[32529267.0497,5724219.2055],[32529217.569,5724192.7169],[32529149.822,5724150.8785],[32529170.1244,5724145.8027],[32529190.0842,5724134.397],[32529195.7871,5724125.8427],[32529192.9351,5724100.1803],[32529153.0148,5724071.6669],[32529058.9169,5724020.3427],[32529018.9966,5724006.0862],[32528976.2248,5723971.8699],[32528927.7495,5723911.9913],[32528879.2749,5723889.1806],[32528805.1369,5723837.8562],[32528742.4052,5723817.8971],[32528696.7816,5723763.7211],[32528662.564,5723738.0591],[32528628.3461,5723683.883],[32528537.3739,5723600.8243],[32528571.5678,5723609.9633],[32528600.0566,5723620.4587],[32528679.7755,5723662.4407],[32528737.0035,5723719.9165],[32528751.498,5723737.4091],[32528794.2319,5723802.3819],[32528810.2257,5723815.8762],[32528831.7173,5723826.3717],[32528863.8108,5723837.4538],[32528901.19,5723850.3611],[32528943.6735,5723872.8514],[32528963.9156,5723887.3453],[32528982.4085,5723904.3381],[32529005.983,5723929.7631],[32529030.1402,5723955.8164],[32529055.8803,5723977.3073],[32529139.098,5724038.2813],[32529176.5835,5724062.7709],[32529238.0595,5724096.2564],[32529294.5374,5724123.2448],[32529331.5229,5724137.7384],[32529382.003,5724153.2315],[32529434.4823,5724166.7254],[32529477.4653,5724175.2215],[32529653.8955,5724197.2107],[32529855.3558,5724231.9288],[32529900.7979,5724240.1904],[32529972.2696,5724253.1844],[32530189.9337,5724298.6634],[32530242.413,5724311.6575],[32530325.3517,5724336.8363],[32530402.1001,5724360.1359],[32530481.0902,5724363.6008],[32530538.7958,5724366.132],[32530572.7824,5724371.6294],[32530601.5211,5724380.1256],[32530647.5031,5724401.1164],[32530695.7341,5724414.1106],[32530731.47,5724425.6055],[32530768.7054,5724438.5997],[32530802.1923,5724452.5936],[32530829.4316,5724468.5867],[32530877.4131,5724505.0712],[32530903.403,5724522.0639],[32530933.7795,5724537.7118],[32530941.5375,5724541.3961],[32531086.0815,5724605.0277],[32531158.3429,5724634.2531],[32531243.0199,5724668.4999],[32531299.5278,5724695.2248],[32531334.2939,5724711.6672],[32531337.1092,5724713.0345],[32531422.4498,5724755.9619],[32531453.1878,5724774.9537],[32531480.4273,5724796.4445],[32531505.9175,5724819.9346],[32531553.6492,5724867.9142],[32531568.3936,5724886.4064],[32531577.89,5724905.3985],[32531584.6377,5724926.3897],[32531588.3865,5724949.3802],[32531587.887,5724968.8721],[32531582.3894,5724983.866],[32531571.3939,5724993.862],[32531551.6518,5725000.3595],[32531523.1632,5725006.3573],[32531490.6762,5725010.8558],[32531457.6894,5725012.3555],[32531413.7068,5725009.857],[32531351.2316,5725002.8606],[32531227.6199,5724985.4836],[32531210.4038,5724982.6393],[32531146.8124,5724969.8764],[32531067.5937,5724950.3853],[32530948.6405,5724917.8999],[32530881.4171,5724902.9068],[32530848.1802,5724897.9092],[32530820.941,5724896.9099],[32530795.4512,5724899.4092],[32530741.4728,5724908.9058],[32530698.2401,5724913.9042],[32530678.7479,5724919.9019],[32530662.0047,5724928.8984],[32530647.0108,5724939.894],[32530635.0158,5724954.3882],[32530627.0192,5724971.881],[32530622.2714,5724994.8716],[32530619.7728,5725023.3598],[32530619.7733,5725053.3475],[32530622.5226,5725081.8357],[32530629.2703,5725110.3238],[32530640.0164,5725141.3109],[32530666.5067,5725197.7873],[32530702.4932,5725255.763],[32530726.2342,5725285.7504],[32530752.4741,5725311.2396],[32530784.7116,5725334.2297],[32530822.4469,5725357.7196],[32530876.3635,5725387.816],[32530922.158,5725413.6954],[32531157.5664,5725556.6339],[32531216.5435,5725595.1173],[32531259.5269,5725628.603],[32531336.2473,5725696.0743],[32531374.7325,5725731.0594],[32531401.7221,5725759.5474],[32531431.4609,5725800.0303],[32531441.707,5725817.523],[32531456.7016,5725851.009],[32531467.6973,5725860.0051],[32531480.6922,5725864.5031],[32531495.1865,5725865.5025],[32531513.1792,5725860.5044],[32531534.9204,5725848.5091],[32531584.4609,5725815.9343],[32531644.3759,5725776.5377],[32531716.8463,5725722.0594],[32531752.3317,5725688.5729],[32531829.7997,5725606.1061],[32531881.2785,5725555.1266],[32531912.7655,5725522.1399],[32531945.7519,5725484.1553],[32531974.7398,5725445.6709],[32531995.7309,5725408.1862],[32532010.4745,5725370.2017],[32532021.2197,5725334.2165],[32532029.7159,5725300.2304],[32532036.2127,5725258.2477],[32532039.9605,5725207.7686],[32532041.9589,5725148.2931],[32532027.4641,5725112.3082],[32532016.7179,5725078.8221],[32532009.9701,5725045.8359],[32532004.2215,5724979.8632],[32532003.2214,5724948.3762],[32532005.7184,5724915.0974],[32532011.0603,5724801.1179],[32532017.6916,5724718.849],[32532028.0867,5724589.8856],[32532028.4091,5724585.8855],[32532031.1795,5724558.8959],[32532035.2249,5724519.4847],[32532036.0221,5724481.601],[32532031.5549,5724448.4288],[32532020.8246,5724406.1775],[32531989.7297,5724317.1517],[32531971.291,5724264.3608],[32531925.4929,5724272.1567],[32531908.4996,5724270.6575],[32531896.5043,5724263.1607],[32531890.7563,5724246.6676],[32531891.0059,5724225.6763],[32531894.2544,5724207.1839],[32531900.2518,5724191.1904],[32531908.4983,5724178.1957],[32531920.7432,5724166.2006],[32531953.7298,5724139.7112],[32531955.9785,5724117.2205],[32531955.978,5724081.7351],[32531953.4785,5724043.2511],[32531948.2301,5724010.7646],[32531937.4839,5723977.7783],[32531919.7404,5723932.7971],[32531895.2494,5723882.818],[32531865.5105,5723833.3388],[32531831.0236,5723787.8579],[32531794.5375,5723746.3754],[32531731.0619,5723681.4029],[32531700.3237,5723653.9146],[32531623.1036,5723593.4403],[32531590.1164,5723568.9508],[32531551.8813,5723546.4604],[32531502.6505,5723522.9706],[32531425.9306,5723490.4848],[32531280.7242,5723434.1685],[32531206.7547,5723405.4805],[32531139.293,5723378.0341],[32531100.3083,5723359.5421],[32531062.0732,5723338.0513],[32531023.5881,5723312.0624],[32530986.8523,5723282.0752],[32530955.1145,5723250.0887],[32530929.8742,5723221.1009],[32530912.3808,5723198.6104],[32530899.1358,5723176.6196],[32530886.8902,5723147.1319],[32530875.8941,5723113.6458],[32530867.1471,5723079.6599],[32530861.3989,5723044.1746],[32530858.8994,5723006.6901],[32530859.6486,5722969.7054],[32530873.3939,5722884.7282],[32530884.3866,5722816.7683],[32530893.8815,5722724.3064],[32530895.3802,5722676.3262],[32530892.3807,5722623.3481],[32530886.8822,5722579.3663],[32530882.6816,5722558.9126],[32530909.2497,5722558.9124],[32530930.1827,5722554.9873],[32530938.0323,5722540.5959],[32530983.0792,5722522.047],[32530986.4393,5722481.7222],[32530996.9052,5722442.4731],[32531009.9879,5722411.0739],[32531021.7625,5722388.8328],[32531037.4621,5722373.1331],[32531063.628,5722356.1249],[32531100.2607,5722336.5002],[32531119.8853,5722329.9584],[32531136.8933,5722315.5671],[32531146.0513,5722302.4841],[32531146.0507,5722256.6937],[32531100.2592,5722227.9116],[32531097.6423,5722214.8286],[32531100.653,5722195.2578],[32531091.1751,5722146.6802],[32531111.2865,5722122.553],[32531125.2807,5722100.5619],[32531138.2751,5722075.5721],[32531134.7762,5722053.5812],[32531125.2797,5722028.5916],[32531110.5351,5722000.6033],[32531126.9243,5721998.703],[32531156.5167,5721994.6054],[32531196.7507,5721990.6067],[32531232.9862,5721988.6072],[32531406.2855,5721992.0673],[32531409.1662,5721992.1042],[32531433.1567,5721992.6038],[32531460.146,5721996.6019],[32531486.1358,5722006.5975],[32531506.1281,5722024.0901],[32531522.1221,5722049.0796],[32531536.6166,5722074.569],[32531547.3627,5722095.0604],[32531551.3612,5722103.5568],[32531578.601,5722153.0361],[32531603.0919,5722192.5196],[32531626.333,5722221.0076],[32531656.5713,5722244.4976],[32531714.0605,5722283.7518],[32531747.7859,5722306.4712],[32531790.5193,5722335.9586],[32531853.245,5722382.4388],[32531945.2094,5722451.4094],[32532034.1749,5722517.8811],[32532088.7113,5722556.7002],[32532140.3836,5722586.3518],[32532168.1227,5722597.347],[32532198.3608,5722602.3447],[32532217.3536,5722629.3333],[32532240.0949,5722652.3236],[32532271.0828,5722671.8153],[32532419.7746,5722739.2859],[32532441.7659,5722744.2837],[32532533.2297,5722756.7776],[32532564.4674,5722763.2747],[32532693.1667,5722800.7579],[32532812.12,5722842.7394],[32532859.3513,5722849.2843],[32532912.3453,5722856.6277],[32532970.8072,5722864.7288],[32533030.5336,5722875.2239],[32533205.9643,5722911.2074],[32533256.1944,5722923.2019],[32533550.8284,5723004.6654],[32533701.7689,5723048.1459],[32533789.4844,5723070.6357],[32533876.6999,5723090.6266],[32533941.6742,5723101.6214],[32534053.8797,5723108.6175],[32534151.091,5723109.6161],[32534224.5617,5723104.6175],[32534298.7821,5723093.1215],[32534360.7572,5723077.6274],[32534385.7471,5723066.6317],[32534404.4894,5723052.1375],[32534421.2325,5723031.6459],[32534468.4628,5722967.1722],[32534491.6729,5722939.6203],[32534537.934,5722884.7054],[32534560.9244,5722852.7182],[32534579.6665,5722819.7315],[32534597.6589,5722782.7465],[32534623.8976,5722721.2715],[32534648.5054,5722658.1036],[32534655.6339,5722639.8047],[32534692.1194,5722641.3033],[32534701.1158,5722637.8046],[32534708.113,5722630.8073],[32534713.8606,5722621.8109],[32534729.6037,5722576.3295],[32534737.1003,5722549.3405],[32534752.3433,5722479.869],[32534758.3406,5722457.878],[32534771.3349,5722421.8927],[32534775.3331,5722402.9005],[32534772.3341,5722390.9055],[32534768.2495,5722386.9529],[32534764.5871,5722383.4088],[32534729.6008,5722372.9139],[32534687.6173,5722365.4178],[32534666.3758,5722366.9176],[32534654.1307,5722373.915],[32534646.8838,5722385.4104],[32534636.6374,5722356.4226],[32534621.1431,5722323.4366],[32534603.8995,5722292.9496],[32534588.4053,5722270.9591],[32534520.1812,5722191.4934],[32534507.1861,5722173.5011],[32534471.6993,5722102.0311],[32534414.5833,5721973.6376],[32534342.7465,5721812.1525],[32534312.5609,5721721.4207],[32534301.0113,5721686.7049],[32534216.042,5721465.2975],[32534234.5335,5721386.8298],[32534243.5296,5721359.3412],[32534264.2709,5721332.852],[32534281.7636,5721306.8626],[32534313.7501,5721251.3853],[32534339.2395,5721220.398],[32534367.4779,5721190.91],[32534393.4672,5721167.9193],[32534461.4394,5721117.4396],[32534496.925,5721092.9495],[32534520.1655,5721079.4549],[32534534.9096,5721072.9573],[32534550.1534,5721062.9611],[32534564.1477,5721048.9666],[32534575.3929,5721028.9747],[32534583.6393,5721004.4847],[32534589.3867,5720978.4953],[32534591.3855,5720953.5056],[32534588.3864,5720931.015],[32534564.1447,5720837.0545],[32534549.3996,5720768.5833],[32534543.6512,5720725.1014],[32534542.401,5720677.6212],[32534548.8978,5720628.6414],[32534562.8915,5720578.6618],[32534579.6342,5720527.6826],[32534610.6208,5720448.2149],[32534628.1133,5720414.7284],[32534663.5178,5720356.2221],[32534698.5838,5720298.2752],[32534720.3247,5720265.7882],[32534751.0619,5720225.3043],[32534784.798,5720184.3206],[32534844.7733,5720117.347],[32534916.9935,5720040.3774],[32535121.911,5719944.4126],[32535207.4465,5719908.0751],[32535283.0961,5719875.9374],[32535315.8329,5719863.9417],[32535492.0135,5719893.4255],[32535558.2375,5719906.9185],[32535694.2544,5719942.9003],[32535716.9251,5719948.8976],[32535772.4034,5719968.3883],[32535830.8806,5719992.8768],[32535883.1102,5720017.8653],[32535920.8456,5720039.3556],[32535954.0828,5720064.3445],[32536035.3016,5720133.814],[32536055.045,5720222.7767],[32536076.2886,5720365.2173],[32536053.7981,5720407.7002],[32536018.8128,5720466.6765],[32535995.8223,5720495.6651],[32535972.8318,5720520.1554],[32535947.3422,5720540.6475],[32535841.385,5720599.1256],[32535736.6772,5720647.6078],[32535644.2145,5720694.0905],[32535617.2254,5720710.5843],[32535590.2364,5720727.078],[32535496.2748,5720812.5447],[32535464.5379,5720846.0315],[32535436.2996,5720886.5153],[32535336.8414,5721048.4503],[32535269.3698,5721166.4029],[32535233.385,5721233.8757],[32535211.1445,5721280.3569],[32535198.1502,5721322.3398],[32535184.1566,5721379.8162],[32535173.1617,5721437.2926],[32535168.1643,5721478.2758],[32535169.4143,5721511.2621],[32535174.4129,5721551.7452],[32535182.4103,5721595.227],[32535231.6437,5721799.6412],[32535247.888,5721856.1175],[32535273.8788,5721931.5857],[32535315.8625,5721954.5753],[32535336.8543,5721964.5707],[32535357.0964,5721971.5674],[32535377.5883,5721976.0651],[32535397.5804,5721977.564],[32535419.6422,5721976.666],[32535433.5662,5721977.0635],[32535447.3108,5721984.0603],[32535451.8092,5721996.5551],[32535441.5635,5722015.0476],[32535423.071,5722024.0443],[32535405.0781,5722025.544],[32535367.593,5722023.0458],[32535349.3502,5722024.0458],[32535333.6065,5722027.5447],[32535318.8625,5722036.5412],[32535303.6187,5722053.5345],[32535292.1237,5722079.0242],[32535286.6263,5722108.5121],[32535282.8787,5722174.9846],[32535270.6353,5722299.4333],[32535268.3867,5722335.9182],[32535268.3871,5722365.9058],[32535273.9481,5722416.9855],[32535315.7044,5722443.0817],[32535356.013,5722459.2039],[32535360.1023,5722472.3598],[32535376.3463,5722506.8452],[32535369.5983,5722453.3675],[32535370.3473,5722405.3873],[32535362.0994,5722321.4223],[32535364.8479,5722296.4326],[32535374.0939,5722271.4428],[32535386.8386,5722250.951],[32535400.5829,5722239.9553],[32535414.3275,5722236.9562],[32535428.8217,5722238.4553],[32535444.0658,5722243.4529],[32535460.3095,5722252.9487],[32535476.5532,5722267.9421],[32535527.5339,5722331.4148],[32535550.0254,5722356.404],[32535578.5145,5722384.8916],[32535635.4926,5722434.8697],[32535670.729,5722461.358],[32535766.9418,5722526.3292],[32535828.6678,5722560.3138],[32535930.8781,5722621.2865],[32535957.3679,5722640.7779],[32536040.8359,5722714.7456],[32536120.8049,5722763.7237],[32536177.7827,5722794.21],[32536188.0288,5722807.2044],[32536190.778,5722820.6988],[32536211.0197,5722807.2039],[32536234.0105,5722798.2072],[32536263.4988,5722794.2083],[32536295.736,5722795.707],[32536327.9733,5722800.2045],[32536359.7108,5722807.2009],[32536391.4484,5722817.1962],[32536449.6756,5722839.6857],[32536474.9158,5722852.18],[32536497.1572,5722867.1734],[32536620.7316,5722973.2986],[32536665.3425,5723011.6103],[32536699.3294,5723037.0991],[32536724.6812,5723053.2645],[32536726.1919,5723054.2278],[32536765.0539,5723075.082],[32536793.043,5723085.0774],[32536820.7821,5723091.5741],[32536849.2708,5723095.0721],[32536878.5093,5723096.0711],[32536977.7199,5723091.571],[32536985.9667,5723098.5679],[32536996.7125,5723103.5657],[32537011.7066,5723107.0639],[32537029.9493,5723104.0648],[32537046.9425,5723096.0677],[32537064.6853,5723083.0728],[32537075.6808,5723082.2396],[32537097.6722,5723080.5731],[32537072.4161,5723103.1794],[32537089.9587,5723123.9104],[32537122.9827,5723129.9141],[32537160.7901,5723127.6894],[32537191.3851,5723086.069],[32537227.6208,5723088.0674],[32537263.6066,5723092.0651],[32537302.8411,5723099.5612],[32537345.3244,5723112.0552],[32537427.5423,5723143.0408],[32537451.5329,5723150.0374],[32537466.7769,5723151.0367],[32537482.7705,5723148.5374],[32537497.2646,5723137.0418],[32537508.7597,5723112.5517],[32537518.5052,5723073.0678],[32537529.3736,5723020.3018],[32537547.7416,5722931.1258],[32537570.4815,5722852.6578],[32537583.7258,5722818.1717],[32537601.4683,5722787.684],[32537625.4584,5722756.1965],[32537652.6972,5722729.2071],[32537679.6863,5722712.7133],[32537652.6988,5722844.6594],[32537638.9551,5722901.1364],[32537622.4623,5722953.615],[32537568.236,5723105.0536],[32537545.496,5723173.026],[32537537.9995,5723210.0109],[32537537.6486,5723237.7481],[32537537.5002,5723249.4946],[32537541.999,5723288.9782],[32537551.7461,5723355.9504],[32537597.7295,5723475.4002],[32537628.7181,5723537.8738],[32537638.4646,5723562.8633],[32537644.9624,5723585.3539],[32537650.7106,5723619.3397],[32537650.9607,5723637.3323],[32537648.2121,5723655.8247],[32537642.2147,5723673.3176],[32537631.969,5723689.3112],[32537542.2559,5723785.7732],[32537515.7669,5723816.2611],[32537496.7748,5723845.2495],[32537472.7851,5723902.7262],[32537465.0386,5723930.215],[32537461.5403,5723954.705],[32537460.5413,5723995.6881],[32537457.043,5724014.6803],[32537448.2967,5724032.6731],[32537430.8039,5724051.1658],[32537385.5723,5724088.1514],[32537370.0787,5724106.644],[32537349.8372,5724139.131],[32537342.5903,5724157.6235],[32537340.3416,5724181.6137],[32537341.1664,5724221.5899],[32537341.3419,5724230.0936],[32537299.3583,5724213.6012],[32537303.8563,5724201.6061],[32537305.8554,5724190.1108],[32537304.8556,5724178.1158],[32537298.8578,5724169.1196],[32537289.6114,5724163.6221],[32537277.3662,5724160.6235],[32537261.6224,5724155.1261],[32537243.1297,5724151.6279],[32537217.8897,5724151.6284],[32537195.3987,5724158.1261],[32537180.9046,5724172.1206],[32537170.4091,5724191.113],[32537142.6709,5724252.5881],[32537107.5318,5724337.7674],[32537080.1978,5724404.0268],[32537064.7044,5724434.5145],[32537047.9615,5724463.003],[32537036.2165,5724489.4923],[32537034.9673,5724511.983],[32537047.4625,5724526.4768],[32537067.9545,5724531.9741],[32537101.1913,5724530.9739],[32537124.6819,5724526.4753],[32537145.4236,5724520.4774],[32537193.6543,5724502.4839],[32537219.144,5724490.4884],[32537237.1367,5724477.4934],[32537251.1309,5724459.5006],[32537264.1254,5724435.0105],[32537276.3701,5724402.5237],[32537285.1161,5724369.5371],[32537291.8629,5724332.5523],[32537327.0991,5724342.5475],[32537316.6038,5724383.5307],[32537304.1094,5724422.5149],[32537287.3666,5724462.4987],[32537271.3734,5724495.4854],[32537258.6288,5724520.4753],[32537243.8849,5724542.4665],[32537222.3937,5724563.958],[32537198.1536,5724583.4504],[32537159.1695,5724610.44],[32537141.9265,5724624.4345],[32537124.4337,5724642.4274],[32537092.6969,5724684.4107],[32537061.646,5724733.1643],[32537039.2192,5724768.377],[32537019.4774,5724793.3671],[32536992.2386,5724821.8558],[32536900.5262,5724911.3206],[32536875.7865,5724944.3074],[32536806.0656,5725045.267],[32536751.3383,5725121.2366],[32536703.2526,5725191.5497],[32536638.8852,5725285.6707],[32536584.6578,5725359.1413],[32536564.4162,5725383.6315],[32536547.4231,5725400.125],[32536528.181,5725415.619],[32536509.1887,5725428.6139],[32536492.6953,5725437.6105],[32536477.9513,5725449.106],[32536456.6123,5725469.5381],[32536465.0125,5725489.1375],[32536479.0385,5725504.0393],[32536498.3239,5725513.6814],[32536528.9226,5725520.8203],[32536574.5094,5725486.734],[32536616.1467,5725455.6008],[32536644.8849,5725429.1113],[32536674.8725,5725392.6258],[32536703.3606,5725350.1428],[32536742.844,5725279.1715],[32536778.1559,5725192.1575],[32536788.0744,5725167.7167],[32536802.8183,5725143.2265],[32536828.5576,5725111.2393],[32536861.794,5725078.2523],[32536899.5286,5725051.2627],[32536944.2608,5725041.7658],[32536986.7439,5725037.2669],[32537030.4765,5725037.7659],[32537089.2034,5725045.2617],[32537111.4446,5725050.759],[32537159.8597,5725068.8983],[32537204.6581,5725082.2443],[32537238.6447,5725084.2428],[32537273.1309,5725077.2451],[32537302.3693,5725078.2441],[32537326.6098,5725081.2424],[32537345.8523,5725088.739],[32537371.8423,5725110.2296],[32537384.5873,5725115.7271],[32537398.5817,5725111.7285],[32537407.5779,5725100.2331],[32537407.3279,5725088.2381],[32537396.6857,5725062.8731],[32537389.0845,5725044.7564],[32537376.5891,5725019.2671],[32537362.5939,5724967.7886],[32537355.5959,5724913.3112],[32537357.8441,5724848.338],[32537371.3378,5724780.8656],[32537390.8292,5724718.8909],[32537413.0696,5724666.4121],[32537433.8109,5724627.9276],[32537458.3008,5724599.9387],[32537489.788,5724577.9472],[32537523.5244,5724561.4533],[32537554.0121,5724550.9571],[32537585.2497,5724545.9586],[32537620.2358,5724544.9583],[32537680.7118,5724546.4566],[32537703.9526,5724544.9567],[32537728.4428,5724540.4581],[32537750.6839,5724533.9604],[32537767.927,5724524.464],[32537778.9224,5724513.4683],[32537785.9195,5724500.9733],[32537789.9177,5724486.4792],[32537790.917,5724467.9868],[32537775.4226,5724428.0036],[32537764.9263,5724394.5177],[32537760.1778,5724366.5293],[32537762.4265,5724341.0398],[32537768.4237,5724311.052],[32537776.92,5724281.564],[32537786.4159,5724258.5733],[32537799.4104,5724239.0811],[32537816.6533,5724219.089],[32537836.3952,5724201.5959],[32537855.8874,5724190.6],[32537873.7124,5724184.9183],[32537891.2125,5724173.2513],[32537899.5459,5724164.9178],[32537904.7574,5724144.0708],[32537902.3683,5724142.1192],[32537894.8708,5724115.1304],[32537893.371,5724083.6434],[32537900.1177,5724041.6606],[32537914.6113,5723991.1812],[32537932.1036,5723939.7021],[32537949.8459,5723893.7207],[32537978.3338,5723834.2447],[32538001.5737,5723774.269],[32538008.0708,5723748.2795],[32538021.3142,5723653.3185],[32538031.0599,5723624.83],[32538045.5539,5723603.8384],[32538063.7964,5723587.8446],[32538086.0375,5723578.8479],[32538112.7769,5723578.8474],[32538143.7648,5723592.3412],[32538151.4397,5723598.2063],[32538174.5029,5723615.8309],[32538207.4903,5723648.3169],[32538235.9791,5723652.8145],[32538257.7205,5723653.3138],[32538272.4645,5723647.316],[32538278.2121,5723635.8206],[32538279.2115,5723624.3254],[32538274.9631,5723612.3304],[32538265.9665,5723600.8353],[32538210.7376,5723546.8586],[32538190.9951,5723523.8685],[32538171.0025,5723489.3831],[32538150.51,5723445.4017],[32538128.2681,5723391.4244],[32538154.507,5723344.943],[32538197.9055,5723273.8048],[32538284.7024,5723131.5284],[32538093.279,5723185.51],[32538052.7952,5723195.5066],[32538010.812,5723203.5042],[32537971.5776,5723208.5029],[32537942.0893,5723207.5039],[32537922.8468,5723200.5072],[32537909.6019,5723190.0118],[32537897.8564,5723177.5172],[32537881.8626,5723168.5212],[32537862.87,5723163.5236],[32537840.6288,5723162.0247],[32537944.087,5723105.0461],[32537961.3301,5723097.0491],[32537982.0717,5723090.0515],[32538006.562,5723084.5533],[32538070.0039,5723079.8624],[32538128.2636,5723075.5546],[32538179.993,5723070.5556],[32538220.7268,5723064.0575],[32538260.211,5723052.5614],[32538308.1917,5723035.5675],[32538493.1174,5722967.092],[32538524.8547,5722958.5949],[32538546.0963,5722956.0955],[32538566.3383,5722956.095],[32538588.0797,5722958.5936],[32538613.0698,5722964.0908],[32538638.0601,5722973.0866],[32538658.5521,5722985.0813],[32538686.7912,5723008.0712],[32538722.2777,5723045.5551],[32538752.5163,5723086.5376],[32538816.4924,5723186.9949],[32538841.2331,5723222.9796],[32538859.2262,5723241.4716],[32538876.4695,5723249.9678],[32538893.9626,5723250.967],[32538912.7051,5723245.9687],[32538928.6986,5723237.4719],[32538937.445,5723226.976],[32538940.6935,5723212.4819],[32538939.1938,5723192.99],[32538931.9463,5723162.5027],[32538892.9601,5723050.0498],[32538886.4623,5723025.0602],[32538885.4624,5723000.5703],[32538889.7104,5722979.0791],[32538899.4563,5722962.5857],[32538915.1999,5722954.0889],[32538935.4419,5722951.5895],[32538956.6835,5722953.5882],[32538995.6682,5722964.5829],[32539026.1447,5722971.6985],[32539044.8988,5722976.0772],[32539080.6347,5722977.0761],[32539101.1264,5722965.5804],[32539110.6224,5722948.0874],[32539117.1194,5722916.1004],[32539125.6159,5722908.1035],[32539137.6111,5722904.1049],[32539151.8554,5722904.1047],[32539186.8417,5722912.1007],[32539207.0837,5722918.5976],[32539181.3435,5722884.1123],[32539157.6025,5722855.6245],[32539134.3614,5722832.6344],[32539095.8762,5722804.6467],[32539085.1303,5722790.6527],[32539084.6302,5722773.1599],[32539091.6272,5722752.6682],[32539101.373,5722734.6754],[32539103.6946,5722732.9455],[32539112.6407,5722726.2797],[32539114.1179,5722725.1791],[32539129.8617,5722730.1767],[32539164.8482,5722757.6647],[32539181.8416,5722764.1617],[32539198.0851,5722760.163],[32539211.3296,5722747.1681],[32539215.5777,5722730.6748],[32539212.3288,5722713.6818],[32539194.3355,5722685.1939],[32539193.5856,5722672.6991],[32539199.833,5722664.2024],[32539212.5779,5722660.7036],[32539238.3177,5722662.7023],[32539247.564,5722657.7041],[32539254.3111,5722642.2104],[32539255.3104,5722620.2194],[32539248.8127,5722598.7284],[32539238.3166,5722579.2366],[32539210.0771,5722534.7555],[32539160.0957,5722446.2929],[32539139.8531,5722402.8113],[32539126.6078,5722362.3282],[32539118.1105,5722320.8454],[32539114.6113,5722280.3622],[32539115.6104,5722244.377],[32539122.6071,5722207.3921],[32539133.6022,5722169.4075],[32539148.5957,5722127.4244],[32539162.5894,5722075.4455],[32539169.5864,5722056.953],[32539185.0798,5722028.4644],[32539195.3256,5722015.9693],[32539205.4297,5722009.2331],[32539208.0704,5722007.4726],[32539222.8145,5722004.4735],[32539237.0589,5722005.4728],[32539252.053,5722009.4708],[32539279.7921,5722017.467],[32539309.7804,5722029.4614],[32539347.0159,5722047.953],[32539380.0032,5722072.4423],[32539402.7446,5722098.4311],[32539432.9833,5722147.4103],[32539449.477,5722170.4005],[32539468.9697,5722195.8896],[32539500.2078,5722230.8746],[32539512.453,5722236.8719],[32539528.4467,5722239.3705],[32539544.9402,5722239.3702],[32539558.4348,5722237.8705],[32539569.6803,5722233.3721],[32539578.6766,5722224.8754],[32539581.4253,5722211.3809],[32539573.928,5722191.3893],[32539507.5913,5722070.4704],[32539444.1407,5721954.8122],[32539410.2387,5721893.0154],[32539387.747,5721848.5342],[32539368.5039,5721798.0554],[32539324.0195,5721657.1143],[32539311.7737,5721608.6345],[32539303.8671,5721556.7717],[32539286.6124,5721422.8076],[32539386.298,5721380.8331],[32539489.1679,5721327.1598],[32539534.7781,5721288.0646],[32539737.1007,5721298.753],[32539808.0726,5721305.2488],[32539897.0375,5721317.242],[32540004.7451,5721334.2327],[32540062.4721,5721327.7341],[32540081.9643,5721321.7362],[32540096.2085,5721312.7396],[32540107.4539,5721299.7447],[32540108.0676,5721286.689],[32540093.9589,5721277.754],[32540012.9908,5721263.2617],[32539957.5127,5721255.7659],[32539822.5658,5721227.7803],[32539719.6063,5721208.2906],[32539512.1878,5721155.3168],[32539455.4597,5721114.8347],[32539438.4662,5721100.341],[32539409.4773,5721067.3552],[32539388.9851,5721049.8628],[32539365.7442,5721038.8678],[32539341.0039,5721034.3702],[32539317.0134,5721033.871],[32539293.5228,5721037.37],[32539270.7819,5721045.3672],[32539249.5406,5721062.8605],[32539230.2986,5721090.3496],[32539214.0555,5721121.3372],[32539201.5608,5721149.8257],[32539192.3149,5721177.8144],[32539187.5672,5721207.8021],[32539189.5668,5721237.7898],[32539200.313,5721265.778],[32539202.5052,5721268.2198],[32539158.1928,5721345.0573],[32539113.5386,5721389.7124],[32539082.3615,5721389.2297],[32539050.8735,5721355.2444],[32539041.6269,5721339.7509],[32539026.6321,5721286.2733],[32539020.6339,5721242.7913],[32539020.6331,5721190.8127],[32539026.1301,5721133.3363],[32539040.1232,5721032.3775],[32539046.1203,5721001.3902],[32539068.3605,5720929.4193],[32539102.3458,5720843.454],[32539122.0875,5720805.4692],[32539145.0778,5720766.9845],[32539180.563,5720712.5062],[32539190.3088,5720694.0136],[32539196.6597,5720676.8657],[32539208.3009,5720636.5368],[32539212.5488,5720606.5491],[32539245.534,5720483.0992],[32539257.5285,5720432.6197],[32539281.767,5720301.6731],[32539334.9969,5720373.6423],[32539355.7391,5720398.6315],[32539378.2304,5720419.1226],[32539408.7187,5720442.6123],[32539441.9558,5720464.1027],[32539472.4439,5720479.0959],[32539547.6858,5720504.9581],[32539568.4064,5720512.0802],[32539552.9123,5720499.0859],[32539533.1699,5720478.5947],[32539512.1778,5720452.1061],[32539492.4352,5720422.6186],[32539363.4832,5720203.2118],[32539305.0053,5720126.2447],[32539292.0103,5720113.2504],[32539281.5144,5720110.7516],[32539272.0182,5720115.25],[32539232.2828,5720029.2863],[32539225.2852,5720008.7949],[32539220.2869,5719985.3046],[32539218.7871,5719956.8164],[32539222.2852,5719920.3313],[32539231.2811,5719886.8449],[32539244.7755,5719865.3535],[32539270.9032,5719843.4091],[32539397.713,5719736.9029],[32539451.691,5719693.4196],[32539465.6853,5719678.4254],[32539475.931,5719664.431],[32539512.6665,5719670.4277],[32539551.6511,5719672.426],[32539598.1326,5719668.9263],[32539644.864,5719659.929],[32539749.0723,5719631.4384],[32539776.5613,5719626.9396],[32539810.7977,5719625.9392],[32539845.2841,5719629.437],[32539874.7725,5719638.9324],[32539943.9957,5719680.4138],[32539980.2317,5719706.4023],[32540005.9718,5719729.3923],[32540085.4408,5719764.8759],[32540145.4175,5719796.8614],[32540176.9052,5719811.8546],[32540209.8923,5719823.8489],[32540241.6298,5719830.8453],[32540270.6184,5719831.8442],[32540301.2352,5719829.0853],[32540353.8353,5719824.3455],[32540405.8146,5719817.847],[32540462.5417,5719790.357],[32540479.7847,5719777.8617],[32540488.5311,5719768.8652],[32540495.2783,5719759.369],[32540500.2761,5719746.874],[32540504.4442,5719723.3459],[32540511.5208,5719683.3998],[32540519.0176,5719667.906],[32540531.5124,5719655.9106],[32540550.5048,5719648.4133],[32540575.4949,5719647.4131],[32540605.2332,5719651.9106],[32540674.2061,5719672.9004],[32540709.9421,5719686.3941],[32540742.1796,5719701.887],[32540767.4198,5719720.8786],[32540785.1631,5719742.8692],[32540797.9084,5719765.8595],[32540814.1531,5719812.9662],[32540827.8977,5719852.8231],[32540842.3923,5719876.3132],[32540863.1344,5719894.8051],[32540886.3753,5719906.2999],[32540908.3667,5719912.7967],[32540920.155,5719913.2775],[32540932.857,5719913.7957],[32540963.5948,5719909.2969],[32541056.7933,5719888.1527],[32541276.8626,5719883.0553],[32541830.2899,5719931.4024],[32542146.1658,5720004.2687],[32542173.2775,5720044.4944],[32542175.6455,5720048.4184],[32542183.3634,5720061.2073],[32542194.1095,5720083.6979],[32542205.3554,5720113.1855],[32542214.6022,5720148.171],[32542219.8507,5720186.6551],[32542221.3506,5720223.64],[32542220.1016,5720255.6269],[32542214.6042,5720287.1141],[32542203.5603,5720320.4923],[32542139.2612,5720467.2371],[32542135.2692,5720475.9958],[32542102.9022,5720547.0102],[32542085.9095,5720588.4935],[32542059.9209,5720662.9636],[32542032.5263,5720795.605],[32542009.4444,5720907.3646],[32541990.203,5720978.336],[32541932.2287,5721167.7596],[32541959.4684,5721207.7427],[32542003.2018,5721253.2231],[32542084.1707,5721326.1915],[32542119.1572,5721353.6795],[32542165.1667,5721385.8113],[32542169.8885,5721388.8986],[32542266.6002,5721450.6366],[32542284.0935,5721470.1283],[32542297.8384,5721494.6179],[32542306.8352,5721523.6059],[32542308.0851,5721551.0946],[32542301.8379,5721571.5863],[32542290.3427,5721588.5796],[32542260.3548,5721603.0743],[32542237.3641,5721617.5689],[32542222.1204,5721633.5627],[32542215.3733,5721651.5554],[32542211.875,5721670.048],[32542212.6249,5721686.5412],[32542217.6231,5721697.5366],[32542246.362,5721723.0255],[32542224.1218,5721789.4988],[32542207.1294,5721846.4758],[32542195.6346,5721896.9554],[32542176.1439,5722004.9116],[32542174.6449,5722035.8989],[32542174.8957,5722096.874],[32542171.6474,5722127.3616],[32542163.651,5722157.3494],[32542151.906,5722182.8393],[32542139.1614,5722202.3315],[32542112.9222,5722233.3194],[32542079.6859,5722267.3062],[32542061.6933,5722289.7973],[32542047.9492,5722317.7862],[32542038.4535,5722357.2702],[32542032.7064,5722403.2515],[32542031.9573,5722446.2339],[32542037.9554,5722476.7213],[32542049.8678,5722507.3811],[32542066.695,5722550.6904],[32542079.69,5722560.686],[32542126.4218,5722582.6761],[32542149.4129,5722595.6703],[32542169.1553,5722613.1627],[32542187.3984,5722637.6523],[32542200.3937,5722669.6389],[32542205.3923,5722708.1231],[32542203.3937,5722752.6049],[32542197.6467,5722800.0856],[32542168.4104,5722952.5238],[32542145.9215,5723101.4632],[32542144.1726,5723132.4506],[32542145.9223,5723162.9381],[32542151.4205,5723187.9277],[32542161.4167,5723200.9222],[32542174.4116,5723203.9207],[32542189.6556,5723204.4202],[32542230.8892,5723199.4214],[32542259.128,5723201.42],[32542290.3658,5723210.9155],[32542349.8426,5723238.4031],[32542381.5803,5723258.894],[32542400.636,5723273.9373],[32542401.9005,5723274.9355],[32542487.7895,5723346.8559],[32542494.287,5723356.8517],[32542496.1299,5723368.3687],[32542493.0379,5723386.8395],[32542486.041,5723406.3316],[32542476.2951,5723422.8251],[32542464.0502,5723438.319],[32542380.8344,5723526.7844],[32542364.0912,5723541.2788],[32542349.0974,5723558.2722],[32542334.3536,5723579.7637],[32542326.1072,5723602.7544],[32542324.6081,5723622.7463],[32542327.857,5723641.7384],[32542374.839,5723682.7207],[32542399.5794,5723699.7133],[32542435.5654,5723716.7056],[32542486.7954,5723736.1966],[32542539.7746,5723754.1882],[32542729.3991,5723814.5887],[32542815.9164,5723842.1468],[32542846.1546,5723853.1417],[32542873.6439,5723868.135],[32542895.6354,5723884.1281],[32542909.6301,5723900.6211],[32542825.3177,5723970.7045],[32542771.9363,5724015.0769],[32542769.4374,5724022.5739],[32542766.9385,5724030.0709],[32542764.4396,5724037.5679],[32542761.9407,5724045.0649],[32542710.2119,5724094.5456],[32542565.771,5724223.4957],[32542549.5277,5724241.9884],[32542525.7874,5724261.4809],[32542499.2982,5724278.9743],[32542475.5578,5724292.969],[32542450.3179,5724302.9654],[32542417.8309,5724311.9624],[32542345.6097,5724325.958],[32542194.17,5724343.4538],[32542139.0942,5724346.5504],[32541980.7548,5724355.453],[32541889.541,5724363.4515],[32541788.3314,5724381.446],[32541746.0983,5724391.9425],[32541699.1172,5724408.9365],[32541659.7219,5724425.2386],[32541580.2149,5724338.5076],[32541548.3734,5724230.2538],[32541497.4265,5724032.8496],[32541433.7442,5723860.9171],[32541363.6942,5723714.4565],[32541261.8047,5723606.2043],[32541210.86,5723555.2618],[32541204.4916,5723529.7903],[32541204.4909,5723478.847],[32541198.1213,5723364.2248],[32541204.4873,5723230.4985],[32541204.486,5723134.9799],[32541185.3817,5723115.8767],[32541106.5918,5723123.757],[32541106.3301,5723121.5643],[32541103.9457,5723101.583],[32541099.0855,5723039.5097],[32541098.0853,5722992.529],[32541101.3333,5722945.0484],[32541109.3295,5722898.5673],[32541120.2375,5722853.2221],[32541134.8179,5722792.6103],[32541136.8166,5722763.6221],[32541134.5671,5722730.1359],[32541128.8187,5722688.1533],[32541121.3211,5722646.6704],[32541113.074,5722617.1827],[32541102.8278,5722597.1911],[32541089.083,5722584.6965],[32541073.5891,5722580.6985],[32541058.5951,5722584.6971],[32541043.8511,5722593.6937],[32541029.6069,5722605.6891],[32541001.3753,5722633.1092],[32540881.9175,5722749.1333],[32540789.7054,5722843.0966],[32540776.7107,5722858.5905],[32540764.9657,5722877.0831],[32540754.2203,5722901.0735],[32540745.4741,5722929.0622],[32540741.4761,5722958.0504],[32540742.4761,5722986.0389],[32540748.724,5723012.5279],[32540760.9696,5723040.0163],[32540777.4634,5723070.5035],[32540810.4512,5723125.9801],[32540818.4483,5723149.9701],[32540818.6986,5723176.959],[32540811.6948,5723222.1301],[32540806.4546,5723255.9268],[32540799.4583,5723321.8999],[32540800.6806,5723380.3157],[32540807.2082,5723530.3142],[32540805.9591,5723561.3015],[32540802.211,5723589.7899],[32540794.9643,5723619.7777],[32540783.9692,5723653.764],[32540766.9764,5723690.7491],[32540745.4854,5723726.7348],[32540704.5025,5723784.7118],[32540687.2596,5723805.2037],[32540650.5247,5723840.1901],[32540636.2806,5723859.6824],[32540628.5341,5723885.172],[32540627.0351,5723914.66],[32540630.784,5723943.648],[32540638.5313,5723967.638],[32540650.2769,5723988.1294],[32540666.0209,5724008.6206],[32540684.264,5724025.6133],[32540703.5065,5724037.1082],[32540725.4978,5724040.6063],[32540750.9877,5724037.6071],[32540798.2187,5724022.6123],[32540829.4561,5724007.1181],[32540988.6417,5723909.655],[32541020.129,5723893.1611],[32541053.1157,5723879.666],[32541085.8526,5723870.6691],[32541112.8418,5723868.1695],[32541131.0847,5723871.6678],[32541144.5794,5723878.1648],[32541156.3249,5723886.1613],[32541168.0704,5723897.1566],[32541189.0626,5723932.6416],[32541200.5583,5723955.632],[32541211.3044,5723982.6207],[32541219.5516,5724013.108],[32541231.2977,5724068.0852],[32541232.2977,5724093.075],[32541227.7999,5724122.563],[32541216.0553,5724172.5427],[32541210.5577,5724189.5358],[32541201.8114,5724204.5299],[32541191.0658,5724217.0249],[32541179.5705,5724225.5217],[32541162.8272,5724232.5191],[32541137.8372,5724240.0165],[32541108.0991,5724246.5145],[32541077.1115,5724251.0132],[32541040.9753,5724252.5133],[32541016.8854,5724253.5133],[32540995.6439,5724258.5117],[32540975.1521,5724267.5084],[32540963.9067,5724277.5045],[32540960.1584,5724289.9995],[32540961.4081,5724304.9933],[32540965.1568,5724322.486],[32540970.9048,5724340.9783],[32540981.151,5724358.471],[32540997.6447,5724373.4645],[32541041.3778,5724404.4509],[32541202.8156,5724529.8964],[32541066.1211,5724621.3615],[32540968.4094,5724592.3752],[32540930.4243,5724579.3813],[32540898.1868,5724565.3877],[32540863.7003,5724547.8955],[32540830.963,5724529.4037],[32540804.973,5724511.9114],[32540778.2333,5724490.9205],[32540745.246,5724461.4332],[32540712.5085,5724428.4474],[32540687.0181,5724396.461],[32540632.0387,5724312.9963],[32540614.2955,5724291.5055],[32540595.5527,5724278.0114],[32540577.3099,5724273.0138],[32540561.5661,5724273.0141],[32540550.3206,5724276.5129],[32540499.5911,5724304.0026],[32540442.3643,5724339.9889],[32540397.6325,5724372.9762],[32540374.392,5724395.4674],[32540359.6482,5724420.4574],[32540343.655,5724452.9444],[32540317.6659,5724491.9289],[32540271.4351,5724554.9039],[32540260.9395,5724573.8963],[32540253.6927,5724593.3884],[32540249.6946,5724614.3799],[32540248.4454,5724636.8707],[32540251.6944,5724658.8616],[32540259.9414,5724678.3534],[32540271.687,5724693.8468],[32540284.682,5724704.8421],[32540420.6292,5724784.8066],[32540455.6156,5724801.799],[32540545.3689,5724833.6738],[32540654.038,5724872.2663],[32540684.5227,5724895.5964],[32540694.3124,5724903.0886],[32540723.2613,5724925.2433],[32540758.5797,5724906.2508],[32540776.2399,5724896.754],[32540787.9869,5724904.7516],[32540811.4763,5724920.7435],[32540784.9874,5724962.7267],[32540774.2418,5724975.7216],[32540757.4986,5724990.7158],[32540739.2561,5725003.7108],[32540706.0195,5725021.704],[32540660.538,5725056.1907],[32540641.7957,5725073.1841],[32540621.3042,5725101.6728],[32540594.5655,5725149.6536],[32540568.8265,5725204.6315],[32540551.3341,5725254.6113],[32540545.8368,5725289.0972],[32540547.3365,5725309.5888],[32540554.8339,5725338.5767],[32540554.0847,5725375.5616],[32540549.3369,5725394.5539],[32540539.3411,5725413.5463],[32540523.8475,5725430.0398],[32540505.355,5725443.0348],[32540466.6206,5725460.0285],[32540405.1453,5725480.0214],[32540363.6619,5725491.0177],[32540322.1784,5725498.5154],[32540291.6905,5725497.0165],[32540274.1972,5725485.0218],[32540249.4565,5725444.5389],[32540231.2135,5725427.5462],[32540210.9714,5725419.5498],[32540191.4791,5725419.0504],[32540175.7354,5725423.5488],[32540135.7516,5725447.5397],[32539969.5691,5725563.4951],[32539920.589,5725600.4808],[32539892.8503,5725623.4719],[32539866.1113,5725648.4621],[32539840.3719,5725675.4515],[32539810.1489,5725713.142],[32539776.6483,5725754.9199],[32539756.1566,5725771.9133],[32539695.4312,5725803.9013],[32539665.4433,5725822.3942],[32539609.9659,5725867.3767],[32539533.2473,5725934.8504],[32539452.78,5725994.3273],[32539326.0817,5726096.7875],[32539226.872,5726166.2606],[32539202.8818,5726185.2533],[32539147.9043,5726237.2328],[32539128.9122,5726259.7239],[32539054.943,5726370.1798],[32539039.1994,5726378.6765],[32539024.2054,5726384.1745],[32539008.7116,5726385.6742],[32538993.4676,5726382.1759],[32538975.9744,5726375.6789],[32538924.9943,5726351.1899],[32538894.0064,5726340.6948],[32538865.7676,5726337.1967],[32538812.5387,5726341.196],[32538783.8002,5726345.1948],[32538753.8121,5726351.6927],[32538725.0737,5726361.1893],[32538700.0837,5726372.1852],[32538676.5933,5726388.179],[32538596.6259,5726458.1516],[32538569.8868,5726478.1439],[32538544.647,5726491.6387],[32538519.9069,5726500.1357],[32538467.9277,5726514.1308],[32538410.4509,5726537.6221],[32538388.2099,5726550.6172],[32538370.717,5726567.6105],[32538355.7233,5726590.1015],[32538344.9779,5726613.592],[32538339.7303,5726635.583],[32538340.4803,5726657.0741],[32538345.2288,5726681.564],[32538363.9721,5726736.0412],[32538389.6364,5726787.9855],[32538426.1992,5726861.9882],[32538441.1939,5726903.4709],[32538447.9418,5726946.9528],[32538450.6914,5726995.9326],[32538451.192,5727052.4093],[32538433.4506,5727159.3655],[32538425.4547,5727228.837],[32538418.458,5727264.3225],[32538401.4657,5727332.2948],[32538385.9725,5727381.2749],[32538375.2271,5727403.266],[32538359.7336,5727425.757],[32538333.9941,5727451.2469],[32538245.0304,5727523.7186],[32538195.8007,5727579.6963],[32538169.0618,5727614.1825],[32538151.3193,5727645.1701],[32538148.0707,5727657.665],[32538141.0737,5727672.1592],[32538119.3329,5727706.6456],[32538092.0942,5727742.6315],[32538037.117,5727807.6063],[32537989.1385,5727975.0395],[32537977.144,5728025.5194],[32537961.8254,5728136.0809],[32538020.7565,5728195.0099],[32538020.7247,5728190.7528],[32538243.9413,5728287.1366],[32538323.2495,5728332.4538],[32538344.2536,5728366.8756],[32538358.4976,5728342.885],[32538370.2426,5728314.8961],[32538387.4846,5728237.9269],[32538419.2204,5728130.9695],[32538432.9643,5728090.9854],[32538471.9475,5727999.0218],[32538491.4392,5727957.5382],[32538570.889,5727801.7026],[32538607.8896,5727729.1284],[32538642.6249,5727671.1512],[32538722.0917,5727548.2005],[32538758.0767,5727498.7202],[32538810.4969,5727442.587],[32538817.1933,5727435.4163],[32538867.7815,5727378.7678],[32538901.018,5727349.2794],[32538933.0049,5727325.7885],[32538957.9948,5727310.2944],[32539011.4732,5727282.3051],[32539069.2,5727254.8154],[32539093.69,5727238.3218],[32539116.4307,5727214.3312],[32539135.1729,5727189.3412],[32539146.4181,5727169.849],[32539156.6637,5727141.8604],[32539157.913,5727127.8661],[32539155.1639,5727113.8719],[32539140.9192,5727090.8816],[32539102.9425,5727042.7527],[32539081.0399,5727014.995],[32539069.1963,5726999.4205],[32539071.9451,5726986.4258],[32539090.6875,5726978.4288],[32539113.031,5726973.8449],[32539122.175,5726972.9305],[32539177.4039,5727028.9065],[32539198.8956,5727046.3989],[32539228.3842,5727065.8904],[32539258.8723,5727082.8829],[32539284.1125,5727092.8784],[32539309.6024,5727096.3765],[32539342.0895,5727095.8761],[32539379.0748,5727090.3778],[32539417.5594,5727078.382],[32539462.5412,5727056.3903],[32539514.2703,5727024.9024],[32539593.738,5726969.4238],[32539612.4803,5726950.4313],[32539626.4745,5726928.9399],[32539632.5121,5726914.378],[32539634.4139,5726909.7911],[32539601.4707,5726893.3202],[32539540.2967,5726848.8322],[32539426.6626,5726756.5091],[32539403.0604,5726746.019],[32539386.5668,5726737.023],[32539380.7483,5726731.5801],[32539371.0728,5726722.5292],[32539354.5789,5726697.5398],[32539339.3345,5726663.0542],[32539328.3383,5726621.0717],[32539323.3397,5726582.0878],[32539324.0889,5726550.6008],[32539325.9064,5726540.786],[32539329.0866,5726523.6118],[32539337.083,5726496.6228],[32539352.8264,5726468.634],[32539377.3163,5726441.6447],[32539424.0471,5726397.6619],[32539436.7918,5726376.6703],[32539444.0385,5726347.6821],[32539446.537,5726312.1967],[32539445.037,5726270.7138],[32539449.5347,5726231.2299],[32539463.7786,5726201.242],[32539485.7695,5726174.7525],[32539500.8649,5726170.2832],[32539561.7391,5726152.2604],[32539592.7267,5726145.2628],[32539638.2086,5726139.2644],[32539661.1994,5726132.2669],[32539669.8067,5726128.0413],[32539688.6883,5726118.7719],[32539718.1763,5726099.2794],[32539767.906,5726058.2954],[32539779.402,5726097.7789],[32539796.3958,5726133.7638],[32539823.1357,5726169.2488],[32539853.1242,5726194.238],[32539880.1137,5726206.2326],[32539905.8535,5726211.23],[32539932.0932,5726213.7286],[32539964.3304,5726214.2278],[32540002.8151,5726210.7285],[32540041.2997,5726201.7315],[32540074.2864,5726186.2373],[32540093.2786,5726161.747],[32540099.0259,5726133.7584],[32540096.2764,5726096.7737],[32540137.7602,5726107.7684],[32540170.2473,5726111.7662],[32540193.2381,5726105.7682],[32540198.9276,5726095.7021],[32540199.7354,5726094.2729],[32540194.2375,5726085.2766],[32540169.7482,5726073.0326],[32540151.2542,5726063.7862],[32540126.3223,5726048.9502],[32540069.7858,5726015.3076],[32540040.797,5725995.3164],[32540018.0557,5725974.3254],[32540002.0617,5725953.3343],[32539992.8151,5725934.8421],[32539989.3162,5725913.351],[32539990.3154,5725885.3625],[32539995.8128,5725854.3751],[32540006.0584,5725825.8866],[32540020.8022,5725803.8954],[32540037.5454,5725790.4006],[32540056.7876,5725781.404],[32540082.7774,5725789.9],[32540107.0179,5725792.8983],[32540139.0052,5725791.3984],[32540157.7477,5725785.9003],[32540181.2382,5725774.4046],[32540204.2288,5725754.9122],[32540230.0403,5725724.709],[32540264.4539,5725684.44],[32540286.9447,5725660.4495],[32540313.6838,5725639.9574],[32540344.4214,5725626.9622],[32540376.1587,5725619.9645],[32540405.8969,5725617.465],[32540437.3844,5725612.4664],[32540469.6214,5725601.9702],[32540505.1072,5725587.4755],[32540558.0856,5725549.9899],[32540565.083,5725559.4859],[32540576.8285,5725569.4815],[32540594.3217,5725579.4771],[32540647.301,5725600.4675],[32540676.7895,5725616.4604],[32540705.2785,5725635.9519],[32540732.2681,5725657.9424],[32540754.2598,5725683.4315],[32540769.754,5725710.92],[32540778.251,5725735.9096],[32540780.7503,5725754.9017],[32540782.0003,5725793.3859],[32540786.4989,5725816.8762],[32540813.989,5725889.3459],[32540824.985,5725910.3371],[32540840.2292,5725925.8305],[32540857.2225,5725931.3279],[32540870.7171,5725927.8291],[32540883.212,5725917.3332],[32540899.9545,5725855.8581],[32540904.2024,5725824.371],[32540896.7042,5725746.4031],[32540890.956,5725714.4163],[32540859.717,5725612.9585],[32540830.2274,5725524.9952],[32540816.7325,5725508.0024],[32540792.4918,5725488.011],[32540752.0075,5725460.0233],[32540805.4854,5725395.5487],[32540831.4747,5725369.5589],[32540894.8137,5725319.9315],[32540928.4352,5725293.5883],[32540970.6679,5725250.6051],[32541025.8952,5725199.1252],[32541045.1373,5725178.6333],[32541093.8671,5725118.1572],[32541119.5665,5725093.3212],[32541153.3428,5725060.6797],[32541178.5823,5725030.1917],[32541203.8217,5724990.2076],[32541226.3122,5724943.7262],[32541243.8046,5724900.2438],[32541259.0479,5724855.7617],[32541260.0479,5724883.7502],[32541266.2958,5724910.2392],[32541281.0404,5724937.2279],[32541306.5307,5724966.7153],[32541339.0183,5724999.2014],[32541371.2559,5725027.6891],[32541414.989,5725060.6748],[32541434.7315,5725078.1672],[32541463.9703,5725109.154],[32541439.7297,5725094.6604],[32541414.2397,5725084.6649],[32541383.5018,5725079.6676],[32541348.5157,5725082.1672],[32541312.0303,5725090.1646],[32541279.7932,5725101.1607],[32541257.8021,5725112.6564],[32541242.0585,5725127.6505],[32541226.0652,5725148.6422],[32541211.8212,5725174.132],[32541201.5756,5725200.6214],[32541195.5784,5725227.1106],[32541189.5814,5725272.5921],[32541189.0821,5725307.0779],[32541193.57,5725350.4551],[32541188.0646,5725412.1257],[32541195.941,5725449.5362],[32541207.7556,5725482.0239],[32541221.5389,5725503.6824],[32541240.2446,5725514.5115],[32541253.0431,5725519.4337],[32541261.9036,5725518.449],[32541361.3368,5725426.8899],[32541463.7229,5725292.0133],[32541486.3667,5725309.7337],[32541509.0102,5725313.6712],[32541520.8242,5725308.7485],[32541537.5144,5725294.6258],[32541553.4375,5725297.0753],[32541570.9305,5725293.0766],[32541587.4239,5725286.5789],[32541602.4178,5725274.5836],[32541617.4116,5725254.0917],[32541631.9055,5725228.1021],[32541657.3946,5725173.1241],[32541665.391,5725145.1355],[32541670.1387,5725116.1473],[32541671.8872,5725058.6708],[32541675.3854,5725031.6818],[32541680.633,5725008.1913],[32541692.3779,5724972.7056],[32541697.8754,5724950.2147],[32541701.1237,5724923.2257],[32541700.623,5724864.2499],[32541704.1214,5724843.7582],[32541711.1184,5724827.7646],[32541720.6144,5724812.7706],[32541736.5704,5724791.9903],[32541774.3421,5724742.7983],[32541797.8323,5724708.3119],[32541817.324,5724668.8277],[32541829.0688,5724631.3429],[32541836.3154,5724592.3587],[32541888.7947,5724600.3544],[32541920.7822,5724610.3497],[32541936.0262,5724612.8484],[32541950.0206,5724611.8486],[32541961.0162,5724607.85],[32541965.0152,5724652.3317],[32541962.5168,5724695.3141],[32541963.2667,5724708.3088],[32541968.015,5724718.3046],[32541977.5114,5724730.2995],[32541994.7547,5724742.7941],[32542018.2456,5724752.2897],[32542042.486,5724757.787],[32542062.2282,5724758.7863],[32542082.72,5724753.7879],[32542107.46,5724741.7924],[32542129.9509,5724725.7985],[32542142.6956,5724705.8064],[32542158.4386,5724651.8282],[32542170.4334,5724619.8411],[32542185.6769,5724589.3533],[32542205.9184,5724559.3652],[32542251.8994,5724500.8882],[32542301.6295,5724488.8922],[32542375.35,5724467.8994],[32542474.3102,5724431.4124],[32542565.0233,5724360.9395],[32542597.7599,5724333.4501],[32542656.4857,5724268.4755],[32542730.9548,5724174.5125],[32542764.6909,5724136.0276],[32542792.9293,5724107.5387],[32542896.1374,5724035.5661],[32542929.6238,5724009.5761],[32542950.3654,5723998.5802],[32542969.108,5724000.579],[32542984.3521,5724009.575],[32543005.344,5724030.5661],[32543036.332,5724049.0579],[32542953.6159,5724129.0268],[32542924.1281,5724162.5137],[32542907.1353,5724191.5022],[32542897.8893,5724217.4917],[32542893.1416,5724244.4808],[32542885.1445,5724230.9864],[32542875.3982,5724218.4917],[32542862.4032,5724206.9967],[32542845.4098,5724198.5005],[32542827.4169,5724195.0023],[32542807.1749,5724193.5033],[32542804.1767,5724238.9847],[32542798.9294,5724277.9689],[32542789.6835,5724313.4546],[32542749.2009,5724402.419],[32542720.2132,5724461.3954],[32542720.7133,5724483.3864],[32542710.2186,5724565.8529],[32542712.2181,5724586.3444],[32542718.7158,5724601.838],[32542728.9619,5724615.8321],[32542737.7086,5724629.3264],[32542752.453,5724641.821],[32542771.6955,5724652.3163],[32542793.9368,5724659.8128],[32542820.6762,5724663.3109],[32542852.9135,5724663.8101],[32542887.1499,5724660.8107],[32542920.6365,5724655.3123],[32542950.8744,5724645.3158],[32542977.3637,5724629.8216],[32543000.3543,5724611.3287],[32543019.8463,5724592.3361],[32543032.0911,5724571.3445],[32543035.5894,5724548.8536],[32543033.0901,5724522.8643],[32543078.072,5724504.371],[32543118.3058,5724489.8761],[32543155.5409,5724479.8795],[32543273.4939,5724463.384],[32543314.7276,5724461.8838],[32543325.3751,5724464.1927],[32543335.4694,5724466.3815],[32543352.7127,5724477.8765],[32543364.2084,5724496.3687],[32543369.4567,5724518.3596],[32543368.9572,5724542.8497],[32543357.7124,5724593.3292],[32543355.4637,5724622.8172],[32543358.2131,5724656.3035],[32543366.9601,5724692.7884],[32543426.4394,5724891.2062],[32543452.6805,5724999.1617],[32543459.3304,5725034.7824],[32543466.4261,5725067.6334],[32543501.4137,5725175.5887],[32543508.9113,5725213.573],[32543516.2996,5725278.8451],[32543525.6568,5725361.5123],[32543542.9012,5725447.4769],[32543545.6506,5725483.9619],[32543543.6521,5725531.9423],[32543537.6552,5725587.4198],[32543524.6616,5725674.3845],[32543508.6691,5725751.8532],[32543501.9767,5725800.9349],[32543502.6728,5725847.8141],[32543509.921,5725920.7842],[32543510.9218,5726010.2476],[32543508.6731,5726036.237],[32543503.9254,5726062.7263],[32543486.933,5726126.7005],[32543479.6864,5726165.6847],[32543475.4387,5726209.167],[32543474.9396,5726256.6476],[32543477.9829,5726284.5404],[32543480.938,5726311.6251],[32543492.1844,5726370.6008],[32543504.1804,5726421.0799],[32543512.4275,5726451.5673],[32543519.425,5726470.5595],[32543530.6709,5726490.0513],[32543546.9146,5726505.5447],[32543568.6561,5726510.0425],[32543591.1471,5726506.0437],[32543605.7497,5726500.0424],[32543620.236,5726489.7993],[32543691.6537,5726521.5386],[32543691.8847,5726527.3887],[32543692.1075,5726533.0309],[32543702.8533,5726542.027],[32543715.8482,5726543.5262],[32543733.5911,5726535.5291],[32543759.3306,5726516.5364],[32543786.8194,5726493.0455],[32543809.8099,5726469.0549],[32543831.0511,5726442.5653],[32543853.0419,5726409.5784],[32543903.0211,5726334.6081],[32543929.5101,5726302.6207],[32543955.4995,5726280.6292],[32543980.4893,5726263.1359],[32544003.4799,5726243.1436],[32544022.9719,5726222.1519],[32544038.2156,5726200.1606],[32544070.2021,5726145.1824],[32544094.9419,5726116.1938],[32544128.4283,5726093.2026],[32544246.8805,5726036.2237],[32544276.1187,5726020.7295],[32544298.8595,5726004.2358],[32544316.852,5725980.2452],[32544327.0975,5725946.7587],[32544326.8469,5725901.777],[32544318.6059,5725852.3362],[32544307.1033,5725803.3176],[32544294.1079,5725765.3333],[32544280.6129,5725740.8435],[32544267.118,5725720.8519],[32544253.1232,5725694.363],[32544239.6281,5725663.3759],[32544215.6366,5725595.9038],[32544209.4485,5725568.9438],[32544206.6394,5725539.427],[32544211.1373,5725517.9357],[32544216.1932,5725511.0509],[32544218.0858,5725508.4737],[32544222.8824,5725501.942],[32544241.125,5725488.947],[32544265.3653,5725479.9502],[32544294.8535,5725473.9521],[32544362.5766,5725467.4535],[32544395.8134,5725468.4525],[32544426.0515,5725474.9493],[32544452.2913,5725486.9439],[32544477.2816,5725503.9365],[32544503.7715,5725528.9258],[32544561.7277,5725598.2807],[32544576.9115,5725616.4508],[32544592.9876,5725635.3808],[32544618.9777,5725661.8695],[32544647.4668,5725685.8592],[32544679.9541,5725702.3519],[32544713.9407,5725708.3488],[32544785.6224,5725709.8074],[32544789.8675,5725709.8938],[32544959.3435,5725713.3423],[32545017.5704,5725707.8434],[32545042.0606,5725702.3452],[32545063.0522,5725694.3481],[32545081.2948,5725685.3514],[32545110.533,5725667.858],[32545129.5253,5725658.8613],[32545158.0139,5725649.8645],[32545190.0011,5725643.3665],[32545219.4894,5725643.8658],[32545262.7224,5725653.8609],[32545284.4639,5725656.8593],[32545345.1898,5725653.3596],[32545375.9276,5725653.359],[32545408.4147,5725656.857],[32545445.4002,5725664.8531],[32545483.1354,5725678.3469],[32545515.6228,5725694.8396],[32545566.603,5725724.3266],[32545624.5804,5725748.8156],[32545660.3164,5725758.8109],[32545696.552,5725760.3096],[32545798.262,5725753.8099],[32545869.7227,5725754.3171],[32545895.1982,5725765.8231],[32545918.1585,5725794.8353],[32545940.6115,5725830.8872],[32545961.8522,5725862.1969],[32545974.9955,5725878.5244],[32545994.3072,5725897.4214],[32546008.4162,5725905.5277],[32546009.6958,5725906.2629],[32546009.7548,5725906.2657],[32545993.1105,5727733.0586],[32545953.5542,5732068.7741],[32545945.2903,5732054.0514],[32545872.0721,5731923.6078],[32545841.0834,5731853.3518],[32545783.8537,5731693.9167],[32545754.619,5731607.5006],[32545732.6218,5731542.4782],[32545702.133,5731478.0046],[32545686.8886,5731449.0164],[32545669.8949,5731422.5273],[32545646.9037,5731396.0383],[32545586.6767,5731337.5628],[32545554.689,5731313.0731],[32545527.4496,5731300.0787],[32545504.2088,5731295.5809],[32545461.7256,5731295.5816],[32545401.9994,5731301.5801],[32545368.2628,5731307.0785],[32545335.7759,5731317.075],[32545306.7876,5731335.0682],[32545283.0473,5731356.56],[32545265.8045,5731379.551],[32545069.6372,5731711.421],[32545054.8933,5731732.4128],[32545041.6487,5731739.4102],[32545030.4031,5731735.9118],[32545021.1566,5731723.4169],[32544997.9151,5731673.4374],[32544976.3313,5731622.0887],[32544945.1841,5731547.9885],[32544918.6938,5731493.5108],[32544891.9537,5731443.0315],[32544870.2118,5731406.0467],[32544847.9702,5731378.0583],[32544818.9812,5731348.5706],[32544786.9935,5731320.0825],[32544756.7551,5731295.5929],[32544725.5172,5731276.601],[32544691.0307,5731260.608],[32544626.8058,5731240.617],[32544594.8184,5731235.6195],[32544556.5836,5731234.1207],[32544518.5987,5731237.1201],[32544487.861,5731246.117],[32544461.8716,5731262.6108],[32544434.3828,5731287.1014],[32544407.8938,5731317.5896],[32544384.4036,5731353.0757],[32544353.6667,5731411.5527],[32544313.1839,5731494.5201],[32544274.7004,5731575.988],[32544250.9606,5731630.9663],[32544239.9655,5731663.4534],[32544232.7188,5731694.4411],[32544228.9707,5731723.9293],[32544229.9707,5731750.9184],[32544235.7188,5731778.9071],[32544245.4654,5731808.8949],[32544258.9605,5731836.8834],[32544275.2044,5731857.8748],[32544345.9271,5731910.8524],[32544447.138,5731981.3225],[32544544.1997,5732055.243],[32544560.1903,5732067.8635],[32544627.5685,5732122.263],[32544732.5282,5732213.2249],[32544773.0128,5732251.209],[32544802.0017,5732282.1961],[32544817.9957,5732304.187],[32544828.9916,5732324.1788],[32544836.2391,5732344.1707],[32544840.4877,5732365.662],[32544844.5538,5732409.3362],[32544849.2356,5732459.6241],[32544858.2326,5732500.6076],[32544871.4781,5732547.5885],[32544880.4748,5732568.5799],[32544892.9701,5732585.5729],[32544908.2143,5732599.0673],[32544925.4576,5732609.5628],[32544945.4498,5732616.5597],[32544968.6906,5732619.5581],[32544994.4304,5732619.0579],[32545021.1697,5732616.0587],[32545050.6579,5732609.061],[32545111.3835,5732587.5687],[32545135.8737,5732580.5711],[32545199.7584,5732563.7973],[32545265.3219,5732546.5827],[32545306.5554,5732537.5857],[32545343.5407,5732537.5851],[32545391.4825,5732547.7715],[32545427.7577,5732560.0748],[32545467.4922,5732578.5667],[32545501.2291,5732601.0572],[32545527.9689,5732628.046],[32545548.4612,5732655.5346],[32545563.4556,5732682.0237],[32545573.2022,5732709.0128],[32545578.9503,5732738.5008],[32545581.0309,5732783.0705],[32545582.45,5732813.4707],[32545601.9435,5732891.4391],[32545615.6886,5732929.4237],[32545660.1723,5733025.3845],[32545693.9099,5733092.3571],[32545720.1502,5733139.8377],[32545753.1379,5733192.8159],[32545790.3739,5733242.7953],[32545836.2977,5733292.6862],[32545941.3761,5733399.7886],[32545941.4106,5733399.817],[32545936.1037,5733981.5033],[32545936.0726,5733981.4962],[32545900.6658,5733969.715],[32545887.6395,5733963.4151],[32545854.3395,5733947.3102],[32545834.4597,5733940.6296],[32545825.8107,5733941.0083],[32545815.0007,5733947.3454],[32545808.9954,5733954.0671],[32545803.6371,5733964.9522],[32545802.8621,5733973.8087],[32545804.7429,5733992.006],[32545809.1497,5734006.232],[32545816.8088,5734015.6233],[32545834.6895,5734026.4057],[32545883.9662,5734049.1399],[32545913.0832,5734058.9229],[32545935.3292,5734066.3973],[32545933.6709,5734248.1631],[32545572.6195,5733998.7871],[32545524.6146,5733968.5792],[32545475.2591,5733937.5214],[32545365.3017,5733873.5488],[32545267.8394,5733808.0765],[32545148.8856,5733736.607],[32545100.6543,5733710.1184],[32545049.4243,5733685.629],[32544981.9506,5733657.1414],[32544909.7288,5733629.1538],[32544845.0042,5733607.6634],[32544781.779,5733591.6708],[32544721.8552,5733578.8309],[32544582.6074,5733551.6899],[32544525.1301,5733543.1942],[32544467.4029,5733538.6969],[32544405.1776,5733536.1988],[32544355.9468,5733516.7074],[32544235.494,5733477.7249],[32544258.985,5733499.7157],[32544278.7275,5733522.7062],[32544294.9715,5733550.6947],[32544305.9676,5733582.6817],[32544314.2149,5733618.1673],[32544322.7125,5733683.6409],[32544321.4635,5733722.1255],[32544315.9665,5733773.6049],[32544302.723,5733858.0712],[32544294.9764,5733882.5614],[32544283.2314,5733909.051],[32544269.7371,5733933.0416],[32544256.4926,5733949.5351],[32544217.5086,5733980.5233],[32544162.7809,5734020.0083],[32544131.0437,5734040.0007],[32544060.3224,5734078.4863],[32544006.8439,5734100.9781],[32543953.3654,5734123.4699],[32543860.4029,5734165.4544],[32543837.4033,5734178.7703],[32543795.6792,5734205.9391],[32543777.1868,5734221.933],[32543765.1918,5734241.9251],[32543758.445,5734272.413],[32543763.1936,5734309.3981],[32543776.364,5734332.4036],[32543782.9363,5734343.8839],[32543811.4254,5734374.3712],[32543842.1636,5734396.8617],[32543922.3825,5734443.3419],[32543972.8628,5734468.3311],[32544025.0924,5734488.3223],[32544120.5549,5734514.3104],[32544162.2885,5734521.8068],[32544200.2735,5734525.8046],[32544243.0065,5734527.3033],[32544342.4671,5734526.802],[32544430.6822,5734532.2985],[32544480.9123,5734538.2953],[32544528.6435,5734546.7912],[32544645.5976,5734579.2764],[32544704.3246,5734598.7677],[32544745.8084,5734613.7611],[32544775.047,5734628.7546],[32544797.0403,5734643.5496],[32544985.8816,5734684.8554],[32545243.9157,5734728.9058],[32545399.3007,5734720.7083],[32545448.5311,5734715.2098],[32545579.9786,5734692.2171],[32545735.2528,5734726.1573],[32545768.0681,5734729.2772],[32545809.9127,5734730.5045],[32545825.61,5734730.9649],[32545859.5567,5734734.4631],[32545885.2879,5734744.0657],[32545909.7556,5734756.4705],[32545928.9185,5734766.1858],[32545928.9447,5734766.1971],[32545926.3219,5735053.6799],[32545926.2976,5735053.6621],[32545904.7145,5735032.5823],[32545897.6009,5735027.06],[32545855.4675,5734994.3516],[32545852.5865,5734992.1151],[32545835.0012,5734980.6368],[32545817.8941,5734975.7324],[32545805.8627,5734975.1348],[32545769.9315,5734973.35],[32545717.2934,5734960.5204],[32545627.4543,5734937.3622],[32545583.5076,5734927.8541],[32545532.9423,5734921.5009],[32545467.5266,5734917.1285],[32545410.299,5734898.137],[32545361.568,5734879.1453],[32545289.2722,5734841.9248],[32545000.5868,5734771.9454],[32544726.8373,5734705.5865],[32544687.8327,5734706.2248],[32544659.8438,5734703.2264],[32544636.1031,5734698.7286],[32544588.1221,5734695.2307],[32544542.6402,5734701.7288],[32544488.9118,5734714.7244],[32544401.9466,5734740.7153],[32544365.961,5734747.2132],[32544264.2515,5734756.2111],[32544120.0589,5734772.7066],[32544072.5779,5734781.2039],[32544041.5903,5734791.7002],[32544010.6028,5734805.695],[32543978.6158,5734824.6879],[32543963.2845,5734835.9612],[32543944.6296,5734849.6783],[32543915.1418,5734880.6663],[32543896.6496,5734911.6542],[32543886.9038,5734936.1445],[32543874.9093,5734985.125],[32543868.6623,5735023.6096],[32543866.4138,5735064.5932],[32543869.2425,5735116.8159],[32543872.9125,5735151.5582],[32543896.9038,5735201.5377],[32543924.1436,5735242.5209],[32543958.8803,5735275.0073],[32544011.1099,5735300.4963],[32544232.2734,5735380.9607],[32544434.4443,5735456.9272],[32544564.3934,5735501.4075],[32544662.575,5735530.4095],[32544689.5943,5735538.3908],[32544835.287,5735569.3762],[32544980.6146,5735603.1283],[32545036.192,5735592.012],[32545152.9993,5735612.3245],[32545325.6704,5735612.3219],[32545557.0767,5735624.8269],[32545558.8648,5735625.7455],[32545588.0926,5735623.0881],[32545656.083,5735648.2137],[32545728.9798,5735684.0428],[32545780.5207,5735726.7467],[32545784.1401,5735729.7455],[32545775.8189,5735724.6264],[32545478.0287,5735703.7335],[32545208.8647,5735698.6588],[32545020.9578,5735698.6616],[32544954.2002,5735678.122],[32544907.0102,5735684.329],[32544877.0221,5735686.3286],[32544813.2974,5735683.3308],[32544788.8071,5735683.8309],[32544703.6881,5735690.3797],[32544671.8536,5735692.829],[32544582.639,5735692.3305],[32544506.4193,5735693.8311],[32544440.4455,5735698.3302],[32544390.7153,5735704.8283],[32544347.7325,5735711.8262],[32544311.9968,5735719.8235],[32544284.008,5735729.3201],[32544261.2672,5735739.3164],[32544242.0897,5735750.0748],[32544223.2827,5735767.8055],[32544209.0387,5735791.7961],[32544204.0411,5735819.7849],[32544211.7884,5735844.7748],[32544230.0314,5735866.7657],[32544254.5608,5735883.4265],[32544299.2545,5735903.7498],[32544360.7305,5735927.7393],[32544429.9534,5735950.2292],[32544495.6775,5735967.2215],[32544773.3182,5736019.1965],[32544814.8019,5736030.1915],[32544850.0381,5736046.1846],[32544853.8977,5736052.8227],[32544937.1037,5736056.5471],[32545136.4332,5736046.0531],[32545187.6544,5736058.6746],[32545385.0765,5736086.6605],[32545442.3039,5736096.1559],[32545513.276,5736112.1484],[32545530.2862,5736118.6772],[32545538.0163,5736121.6443],[32545554.7598,5736133.6392],[32545560.2578,5736144.6347],[32545554.5102,5736152.6316],[32545540.7657,5736157.6298],[32545522.7729,5736160.129],[32545454.0502,5736160.6298],[32545409.9609,5736158.7125],[32545268.1237,5736146.6382],[32545229.639,5736144.6395],[32545190.2745,5736146.6332],[32545118.9305,5736156.1117],[32545003.6695,5736133.9479],[32544901.091,5736116.8531],[32544758.4337,5736112.2534],[32544701.848,5736121.6565],[32544544.1608,5736134.6535],[32544443.9506,5736140.6526],[32544341.7858,5736142.7381],[32544302.7567,5736143.6534],[32544140.8211,5736155.651],[32544114.8315,5736162.1488],[32544077.3466,5736179.1425],[32544041.5813,5736207.58],[32544041.2044,5736208.293],[32544024.1187,5736240.6186],[32544021.1204,5736275.6046],[32544026.1188,5736304.5928],[32544041.8629,5736326.5838],[32544071.3514,5736343.0767],[32544107.0874,5736353.572],[32544201.3003,5736372.563],[32544229.7892,5736383.5582],[32544266.7023,5736404.2983],[32544356.9898,5736455.0276],[32544389.9769,5736472.0203],[32544427.2124,5736488.5132],[32544489.4389,5736508.0047],[32544530.9217,5736520.9986],[32544598.1453,5736537.9908],[32544742.339,5736597.4649],[32544788.8208,5736614.4574],[32544838.3014,5736630.9501],[32544930.5152,5736656.4385],[32545056.6278,5736699.8061],[32545095.2007,5736714.4129],[32545136.1846,5736726.4075],[32545231.1785,5736745.8008],[32545250.3451,5736749.4722],[32545319.8623,5736760.3912],[32545383.3373,5736772.8852],[32545509.3041,5736805.6055],[32545600.7518,5736829.3594],[32545622.7432,5736837.3559],[32545636.7378,5736847.3517],[32545641.736,5736861.8458],[32545638.6369,5736869.151],[32545673.6203,5736871.9492],[32545774.6805,5736840.8081],[32545814.467,5736839.9616],[32545849.153,5736841.55],[32545910.1366,5736827.726],[32545908.6469,5736991.0094],[32545892.8961,5736989.7022],[32545636.554,5736967.3506],[32545472.2233,5736957.4635],[32545143.937,5737098.7579],[32545105.9524,5737119.2502],[32545077.464,5737141.7416],[32545060.2212,5737165.2325],[32545048.9761,5737190.7224],[32545042.4791,5737220.2106],[32545039.9806,5737256.696],[32545041.2306,5737293.1814],[32545045.7293,5737324.1689],[32545061.9737,5737380.1462],[32545077.468,5737412.1331],[32545099.9596,5737448.6182],[32545146.9419,5737511.0924],[32545175.1811,5737540.5802],[32545215.9155,5737578.0646],[32545259.6487,5737614.5493],[32545297.884,5737642.0378],[32545336.8688,5737664.5282],[32545383.8505,5737688.0181],[32545431.332,5737707.5096],[32545472.0659,5737718.0048],[32545516.0486,5737722.5024],[32545634.9008,5737729.4205],[32545712.9706,5737734.4948],[32545761.054,5737741.4762],[32545753.8197,5737759.2233],[32545752.6452,5737774.7916],[32545781.6172,5737803.7636],[32545814.859,5737810.7845],[32545786.1612,5737816.8856],[32545761.671,5737824.3829],[32545663.8831,5737842.4285],[32545630.1487,5737852.3504],[32545594.5194,5737855.4479],[32545591.1541,5737857.9601],[32545559.0338,5737881.9378],[32545525.5476,5737911.9263],[32545501.8074,5737940.915],[32545488.0633,5737966.9047],[32545483.824,5737982.4006],[32545480.8165,5737993.3942],[32545481.5667,5738021.8828],[32545491.8131,5738055.3692],[32545511.3058,5738083.8575],[32545536.546,5738099.8507],[32545564.535,5738107.8471],[32545579.9809,5738110.63],[32545622.7621,5738119.3417],[32545740.9656,5738151.3272],[32545787.6973,5738169.3193],[32545838.9273,5738193.8088],[32545897.2839,5738225.4292],[32545897.3801,5738225.4694],[32545897.3844,5738225.4712],[32545895.7332,5738406.4562]],[[32533184.6286,5726034.9169],[32533213.9951,5725946.8149],[32533227.1937,5725963.7664],[32533292.7241,5726058.4028],[32533384.6877,5726065.8987],[32533418.1743,5726064.8987],[32533438.4162,5726060.4003],[32533451.9107,5726053.4031],[32533472.1524,5726034.9105],[32533487.646,5726017.4176],[32533506.888,5725989.9288],[32533538.3747,5725939.4493],[32533541.6232,5725920.4572],[32533537.1247,5725898.4663],[32533520.8544,5725860.4435],[32533514.8828,5725846.4881],[32533511.8838,5725833.4935],[32533512.8832,5725820.4989],[32533519.6304,5725809.0036],[32533532.6251,5725801.5066],[32533549.8682,5725798.5076],[32533583.6048,5725799.5068],[32533598.099,5725798.0073],[32533614.5923,5725792.5094],[32533631.0857,5725784.0127],[32533646.3295,5725773.0171],[32533657.075,5725757.5234],[32533662.3226,5725738.5312],[32533665.071,5725701.0467],[32533662.8215,5725677.0567],[32533644.0775,5725573.5998],[32533645.0769,5725556.107],[32533652.5738,5725546.6109],[32533664.569,5725543.612],[32533713.5496,5725550.6086],[32533735.2909,5725552.1077],[32533758.7816,5725551.6077],[32533779.7732,5725547.6091],[32533795.7667,5725541.1116],[32533808.0117,5725533.1148],[32533817.2579,5725523.6186],[32533824.0051,5725511.1237],[32533827.2535,5725494.1307],[32533826.7535,5725473.6392],[32533821.5052,5725451.1486],[32533810.0095,5725427.6585],[32533792.5161,5725404.6682],[32533773.7733,5725385.1765],[32533757.7795,5725372.6818],[32533640.8251,5725308.7096],[32533614.3354,5725292.7165],[32533580.3486,5725269.7264],[32533531.7165,5725233.0703],[32533517.373,5725221.747],[32533493.6321,5725197.2574],[32533470.3909,5725166.2705],[32533451.1481,5725133.7841],[32533439.1524,5725105.2961],[32533434.4039,5725074.309],[32533434.4034,5725037.3243],[32533439.151,5725001.8389],[32533447.8971,5724973.8504],[32533462.1412,5724954.3584],[32533481.1334,5724940.364],[32533502.6248,5724932.367],[32533524.1162,5724931.867],[32533537.1145,5724938.7393],[32533545.8577,5724943.362],[32533568.599,5724963.8533],[32533613.3318,5725008.3344],[32533718.2914,5725102.2943],[32533781.767,5725162.2688],[32533819.2526,5725200.7524],[32533851.0213,5725243.03],[32533886.4771,5725290.2146],[32533892.4436,5725295.9678],[32533900.4717,5725303.7089],[32533913.4666,5725309.2065],[32533927.9609,5725308.7065],[32533946.2035,5725303.2086],[32533962.9468,5725295.2117],[32533974.1921,5725284.2162],[32533989.1858,5725257.2272],[32533994.4334,5725238.7348],[32533994.9328,5725211.2462],[32533989.4345,5725176.2608],[32533976.9389,5725134.7781],[32533957.4461,5725093.7953],[32533934.2049,5725059.8096],[32533910.7138,5725033.8207],[32533889.9718,5725015.8283],[32533871.229,5724996.3366],[32533852.4861,5724969.348],[32533822.7472,5724916.8701],[32533812.251,5724894.8793],[32533805.2535,5724872.8885],[32533805.753,5724851.8972],[32533818.2478,5724833.9045],[32533835.7407,5724825.9077],[32533849.9851,5724829.9058],[32533876.7249,5724855.8948],[32533910.712,5724900.376],[32533967.9403,5724981.3418],[32534034.8852,5725079.0059],[32534071.4013,5725132.2781],[32534086.1457,5725148.2713],[32534100.89,5725159.2666],[32534114.6346,5725164.7642],[32534128.1292,5725164.7641],[32534140.3743,5725160.2658],[32534149.6205,5725150.7696],[32534154.3684,5725135.7758],[32534152.3689,5725117.7833],[32534143.6221,5725098.7912],[32534129.6274,5725078.2999],[32534081.8956,5725020.8242],[32534040.9111,5724968.3464],[32533974.6862,5724879.384],[32533963.6903,5724857.3933],[32533960.4413,5724838.4012],[32533962.9401,5724823.9071],[32533969.1875,5724813.9112],[32533979.4333,5724809.413],[32533993.6777,5724809.4128],[32534010.671,5724813.9108],[32534028.6639,5724822.9069],[32534046.9069,5724836.4011],[32534065.1499,5724853.3938],[32534083.6428,5724874.3849],[32534115.3678,5724916.9669],[32534158.1146,5724974.3427],[32534175.3579,5724989.3363],[32534193.101,5724998.3324],[32534214.3426,5725004.8295],[32534269.071,5725013.8252],[32534306.3062,5725016.3237],[32534349.539,5725016.3233],[32534431.0066,5725013.8234],[32534458.4956,5725010.3246],[32534477.2381,5725004.3269],[32534490.2978,5724995.7541],[32534500.4785,5724983.8351],[32534508.975,5724969.8407],[32534515.7258,5724950.9805],[32534515.892,5724950.0345],[32534518.4707,5724935.3549],[32534519.2201,5724913.364],[32534519.6456,5724848.2622],[32534519.9682,5724798.9115],[32534517.9684,5724758.9281],[32534513.7195,5724719.4446],[32534500.7234,5724630.4817],[32534493.7256,5724589.4988],[32534482.2296,5724545.5172],[32534464.7359,5724496.5377],[32534433.2473,5724420.5695],[32534414.0045,5724384.5847],[32534382.0164,5724330.6074],[32534320.7894,5724230.1497],[32534295.7988,5724193.6651],[32534263.3111,5724151.6828],[32534200.585,5724078.2139],[32534169.5969,5724048.7265],[32534129.6124,5724017.2399],[32534087.8786,5723988.2524],[32534051.8926,5723967.7612],[32534008.1598,5723949.2693],[32533894.2045,5723907.2879],[32533858.9684,5723896.2928],[32533770.8643,5723877.6331],[32533715.0252,5723865.8069],[32533694.0334,5723858.3102],[32533675.5406,5723846.3153],[32533660.5464,5723828.8227],[32533650.5386,5723810.4421],[32533636.3053,5723780.8429],[32533618.8116,5723733.3627],[32533611.8141,5723714.3707],[32533603.5672,5723697.8776],[32533594.5706,5723683.3837],[32533578.1099,5723661.4994],[32533550.5872,5723624.9083],[32533537.3422,5723602.9176],[32533523.5973,5723574.9293],[32533493.3583,5723503.4592],[32533476.6145,5723471.9724],[32533459.1211,5723449.4819],[32533440.6283,5723434.4883],[32533428.1028,5723427.8295],[32533399.3944,5723414.497],[32533374.6541,5723407.0004],[32533346.6652,5723403.5021],[32533318.6764,5723403.0026],[32533293.6863,5723404.5022],[32533272.4023,5723407.685],[32533240.2077,5723412.4994],[32533204.2221,5723414.9987],[32533183.9802,5723418.9972],[32533162.4888,5723427.4939],[32533140.4978,5723440.9886],[32533117.2573,5723458.9813],[32533092.2675,5723479.4731],[32533039.0394,5723527.9535],[32533009.4689,5723559.5032],[32532955.5739,5723625.414],[32532913.3416,5723684.8898],[32532860.1137,5723752.8622],[32532836.3735,5723778.3519],[32532814.1326,5723797.3442],[32532766.9019,5723831.3306],[32532747.16,5723847.824],[32532730.4169,5723867.8159],[32532718.3749,5723888.6346],[32532703.4284,5723919.2948],[32532694.1824,5723942.2854],[32532675.4408,5724007.2587],[32532667.1947,5724050.7408],[32532663.4468,5724094.7226],[32532664.447,5724135.2059],[32532668.9457,5724170.6911],[32532675.6934,5724201.1784],[32532684.1904,5724226.6678],[32532696.186,5724251.1575],[32532713.1796,5724276.6468],[32532734.4215,5724302.136],[32532759.162,5724326.1259],[32532793.6486,5724351.1152],[32532820.7468,5724368.0313],[32532836.8818,5724378.1035],[32532878.6155,5724401.0936],[32532908.104,5724415.0875],[32532973.5458,5724441.2208],[32533020.1211,5724459.82],[32533063.2931,5724477.0602],[32533079.5368,5724485.5566],[32533099.0292,5724499.0508],[32533118.0219,5724514.5442],[32533132.7662,5724530.0376],[32533141.7628,5724543.5319],[32533147.2608,5724556.5265],[32533154.7582,5724584.015],[32533158.0072,5724600.5081],[32533158.2573,5724620.0001],[32533156.009,5724671.9786],[32533150.5116,5724701.9662],[32533139.5163,5724726.4562],[32533124.0228,5724748.947],[32532959.835,5724527.5404],[32532939.5927,5724505.0499],[32532887.1129,5724455.0712],[32532818.6398,5724429.5824],[32532787.2422,5724412.4324],[32532760.3284,5724476.3541],[32532861.6247,5724575.0218],[32532937.3457,5724652.9887],[32532953.0897,5724673.9798],[32532963.3359,5724692.4721],[32532970.0834,5724707.4658],[32532979.5801,5724740.452],[32532854.1286,5724638.9954],[32532805.1476,5724605.0099],[32532783.4061,5724593.0151],[32532741.4316,5724575.9494],[32532730.3311,5724571.4362],[32532680.4866,5724551.1707],[32532646.9596,5724537.5395],[32532612.4497,5724521.2674],[32532589.732,5724510.5513],[32532570.7394,5724505.5535],[32532530.5054,5724502.5552],[32532512.0128,5724506.0539],[32532495.7694,5724514.5506],[32532471.5294,5724536.5417],[32532443.0412,5724570.528],[32532416.5708,5724609.847],[32532331.5879,5724742.458],[32532239.1268,5724891.3973],[32532253.6222,5724974.3628],[32532261.1197,5725006.8493],[32532268.4817,5725026.8578],[32532270.7129,5725032.9219],[32532285.1109,5725060.8267],[32532322.8467,5725116.3034],[32532348.8367,5725143.2919],[32532380.8243,5725168.7811],[32532441.8007,5725213.262],[32532472.5389,5725239.7507],[32532509.7746,5725276.2352],[32532572.0007,5725342.2072],[32532588.9943,5725363.1984],[32532602.7391,5725384.6893],[32532625.9806,5725434.6684],[32532636.7269,5725474.6517],[32532645.9739,5725527.6297],[32532661.331,5725646.8165],[32532664.9115,5725674.6051],[32532671.4665,5725720.0498],[32532676.7147,5725744.0398],[32532684.7118,5725762.532],[32532697.9568,5725781.524],[32532715.2002,5725797.0174],[32532734.9425,5725806.0135],[32532750.2422,5725807.5244],[32532775.1765,5725806.013],[32532829.1549,5725791.8308],[32532833.7417,5725856.0309],[32532844.5578,5725895.6872],[32532858.9789,5725931.7383],[32532873.4002,5725960.5792],[32532873.4004,5725971.3946],[32532873.4006,5725989.4203],[32532873.4008,5726003.8407],[32532873.401,5726018.2611],[32532848.1648,5726032.682],[32532808.5083,5726065.1286],[32532743.6155,5726097.5755],[32532707.5639,5726126.4168],[32532671.5127,5726166.0737],[32532631.8563,5726212.9407],[32532621.0413,5726248.9922],[32532621.0417,5726281.4383],[32532635.6787,5726300.9533],[32532633.7398,5726310.3059],[32532637.4886,5726328.2984],[32532646.9851,5726345.791],[32532693.3887,5726355.121],[32532761.1899,5726366.7811],[32532809.9206,5726372.2782],[32532855.1526,5726372.2777],[32532905.1327,5726366.7794],[32532954.363,5726357.7826],[32532998.3453,5726345.7871],[32533072.0656,5726317.7978],[32533105.3021,5726301.8041],[32533137.2891,5726283.3114],[32533166.0274,5726262.3197],[32533189.2679,5726240.3286],[32533207.2604,5726216.8381],[32533220.005,5726192.8479],[32533228.2513,5726166.8586],[32533232.7492,5726140.8693],[32533233.7484,5726116.3794],[32533230.9992,5726096.8875],[32533199.7615,5726083.3935],[32533188.511,5726082.8015],[32533184.6293,5726082.5972],[32533184.6286,5726034.9169]],[[32534512.6353,5735796.4346],[32534484.3964,5735793.4363],[32534445.162,5735795.9358],[32534401.9293,5735803.9332],[32534361.6955,5735816.4287],[32534316.2139,5735835.9215],[32534207.5079,5735889.9012],[32534168.7736,5735913.3922],[32534130.2894,5735947.8788],[32534003.5918,5736078.8277],[32533960.3596,5736121.3111],[32533932.871,5736153.7984],[32533906.632,5736192.2832],[32533887.1403,5736225.7699],[32533874.1458,5736251.2598],[32533864.8999,5736276.7496],[32533855.904,5736311.2358],[32533848.9074,5736350.2202],[32533846.159,5736384.2065],[32533846.6592,5736413.6945],[32533853.6579,5736513.654],[32533859.8063,5736579.3258],[32533863.9055,5736623.1096],[32533863.4063,5736658.5953],[32533860.408,5736697.0798],[32533854.9108,5736735.5643],[32533844.4156,5736775.0485],[32533829.4222,5736817.0317],[32533813.679,5736855.0166],[32533800.9345,5736884.0051],[32533794.7989,5736894.3288],[32533763.4503,5736942.482],[32533743.7087,5736978.4677],[32533740.367,5736991.501],[32533733.7132,5737017.4521],[32533733.9637,5737053.4376],[32533739.4619,5737082.4258],[32533748.9585,5737106.4159],[32533761.204,5737125.4081],[32533779.9468,5737143.9003],[32533807.4362,5737162.8923],[32533840.9231,5737180.8845],[32533876.9091,5737195.8779],[32533923.3908,5737209.8716],[32534045.3428,5737234.8597],[32534100.5709,5737243.3555],[32534277.0012,5737264.3445],[32534310.7378,5737265.3436],[32534343.7246,5737262.3443],[32534375.212,5737256.3463],[32534404.7002,5737247.8493],[32534439.1863,5737235.3539],[32534482.6688,5737216.361],[32534528.9001,5737193.3696],[32534572.1326,5737168.3791],[32534655.8485,5737112.9004],[32534702.6047,5737086.8566],[32534789.5449,5737038.4297],[32534829.0283,5737016.437],[32534862.7646,5736995.9448],[32534900.9991,5736969.9547],[32534936.7345,5736942.9652],[32534964.4731,5736919.4743],[32535042.9408,5736843.0041],[32535102.9163,5736794.023],[32535122.908,5736769.0328],[32535136.6522,5736745.5421],[32535146.398,5736725.5501],[32535153.145,5736704.0587],[32535157.143,5736676.5697],[32535158.6419,5736647.5814],[32535157.392,5736620.5923],[32535152.8935,5736596.6021],[32535144.8963,5736573.1117],[32535134.1502,5736552.6201],[32535120.9052,5736537.1266],[32535099.1636,5736522.6328],[32535066.6763,5736506.6397],[32534996.4537,5736477.6524],[32534937.4769,5736461.6597],[32534912.2367,5736451.6641],[32534893.9937,5736434.6712],[32534881.4983,5736409.1817],[32534872.0016,5736380.1935],[32534865.7537,5736352.2049],[32534863.2543,5736329.7141],[32534858.7543,5736214.2608],[32534852.5063,5736183.2734],[32534839.511,5736147.7879],[32534821.0177,5736109.8036],[32534798.0263,5736071.8192],[32534767.2878,5736028.3373],[32534687.8178,5735929.3784],[32534652.5812,5735890.3947],[32534617.3447,5735858.9079],[32534577.61,5735830.42],[32534540.3745,5735808.4294],[32534512.6353,5735796.4346]],[[32543947.0958,5732623.5724],[32543921.3559,5732621.5736],[32543880.1224,5732626.0724],[32543667.9569,5732655.5639],[32543483.0307,5732687.0541],[32543367.5769,5732710.0467],[32543283.3606,5732731.5393],[32543232.631,5732752.5317],[32543193.6468,5732776.5226],[32543164.4088,5732801.513],[32543143.4175,5732825.5037],[32543133.4218,5732848.9944],[32543135.4213,5732872.485],[32543145.6676,5732895.4756],[32543161.1618,5732916.9667],[32543181.4041,5732938.9575],[32543206.6444,5732960.4485],[32543232.8842,5732977.4413],[32543248.858,5732983.4311],[32543256.8749,5732986.4373],[32543435.5545,5733021.4205],[32543895.1234,5733100.8815],[32543980.5898,5733118.3731],[32544111.5383,5733148.3591],[32544249.4841,5733182.8431],[32544356.6921,5733214.3288],[32544732.5449,5733342.2717],[32544803.0173,5733368.7599],[32544925.4695,5733417.7384],[32545147.8826,5733508.6985],[32545208.359,5733535.6867],[32545266.3364,5733563.6746],[32545316.8168,5733590.1632],[32545392.5375,5733639.1424],[32545538.4809,5733729.1041],[32545556.7238,5733735.6012],[32545572.2176,5733734.1015],[32545583.2131,5733721.1066],[32545581.9025,5733699.7062],[32545581.7133,5733696.6164],[32545565.7192,5733666.1289],[32545542.478,5733637.1409],[32545519.4868,5733615.6499],[32545475.7504,5733583.1307],[32545335.3078,5733478.7076],[32545293.1337,5733441.17],[32545151.1285,5733314.7762],[32545087.4029,5733260.7989],[32545032.6741,5733221.8154],[32544972.1975,5733185.8308],[32544862.4901,5733125.3567],[32544492.3837,5732908.9493],[32544372.3699,5732837.1055],[32544176.7561,5732718.5307],[32544090.0398,5732670.0515],[32544035.8109,5732647.0616],[32543986.8301,5732631.5686],[32543947.0958,5732623.5724]],[[32531166.8371,5727292.9165],[32531176.833,5727279.4219],[32531182.3305,5727260.9295],[32531180.5809,5727239.4384],[32531171.5842,5727215.4484],[32531154.8405,5727188.9595],[32531131.0995,5727158.9722],[32531063.3753,5727081.0052],[32531049.1306,5727057.5151],[32531014.8933,5726988.544],[32530990.6525,5726956.5575],[32530957.415,5726908.0779],[32530951.4171,5726888.586],[32530950.6671,5726865.0957],[32530955.9147,5726840.106],[32530966.4102,5726816.6155],[32530987.65,5726695.6652],[32530992.8973,5726651.1836],[32530992.6467,5726599.205],[32530986.1472,5726451.2662],[32530981.6482,5726399.7875],[32530962.9043,5726302.8278],[32530940.9119,5726216.8635],[32530930.4157,5726192.8736],[32530914.9215,5726164.8853],[32530895.4288,5726136.3973],[32530873.6871,5726112.4074],[32530841.1997,5726083.9195],[32530716.2479,5725980.9634],[32530451.4955,5725777.5044],[32530392.3733,5725732.0697],[32530353.6382,5725698.584],[32530287.4137,5725636.1105],[32530264.6723,5725608.1223],[32530245.4295,5725575.1361],[32530230.9348,5725543.1495],[32530222.4379,5725519.6592],[32530191.6986,5725410.2047],[32530180.7025,5725381.7166],[32530152.4631,5725337.2353],[32530139.5323,5725321.7189],[32530117.7265,5725301.2505],[32530100.983,5725291.7546],[32530082.2403,5725284.2579],[32530058.9995,5725280.7596],[32530028.5117,5725283.7587],[32529997.2742,5725292.2555],[32529972.7842,5725304.2508],[32529954.5416,5725319.2448],[32529942.5467,5725337.7373],[32529935.0499,5725357.2293],[32529931.5516,5725376.2216],[32529933.8009,5725395.7135],[32529943.7972,5725415.7051],[32529962.79,5725439.695],[32529993.6189,5725472.1352],[32530044.0089,5725525.1589],[32530075.3339,5725565.6677],[32530169.7114,5725701.085],[32530204.9481,5725754.0627],[32530238.1857,5725809.5395],[32530281.1697,5725886.0074],[32530324.4036,5725967.4733],[32530359.1408,5726038.4437],[32530386.6307,5726100.9176],[32530433.1139,5726216.3694],[32530461.8537,5726304.3328],[32530463.6033,5726325.8239],[32530456.1066,5726350.3139],[32530434.116,5726397.2947],[32530430.3678,5726416.2869],[32530435.1161,5726432.7801],[32530453.4755,5726453.6503],[32530478.8494,5726479.2604],[32530510.0874,5726514.7454],[32530539.8262,5726560.7261],[32530562.8177,5726606.7068],[32530578.0622,5726644.1912],[32530587.309,5726676.6777],[32530591.5577,5726707.165],[32530592.3079,5726737.6524],[32530590.0592,5726768.1399],[32530572.3176,5726863.6007],[32530569.5691,5726897.0869],[32530570.5692,5726931.0728],[32530572.7277,5726943.8347],[32530576.3174,5726965.0587],[32530585.3143,5726998.5448],[32530595.8106,5727028.5323],[32530607.5562,5727052.5223],[32530620.3014,5727067.5159],[32530636.2951,5727076.512],[32530678.0288,5727093.5045],[32530699.7703,5727104.9995],[32530718.7629,5727118.9935],[32530735.7564,5727134.4869],[32530752.2501,5727152.4793],[32530785.0316,5727197.2267],[32530799.4822,5727216.9521],[32530814.2265,5727231.9458],[32530835.2184,5727246.4395],[32530863.9572,5727261.433],[32530896.6944,5727275.9266],[32530928.9317,5727286.4219],[32530956.4208,5727290.42],[32530995.561,5727290.3056],[32531020.3954,5727292.4184],[32531060.6295,5727304.413],[32531081.8711,5727307.9113],[32531102.8628,5727308.9106],[32531122.8548,5727306.9112],[32531154.842,5727299.9137],[32531166.8371,5727292.9165]],[[32537855.7918,5736092.8789],[32537832.8226,5736091.268],[32537811.5811,5736095.7665],[32537793.0886,5736105.7627],[32537781.0936,5736122.7561],[32537774.5965,5736145.2471],[32537772.3479,5736173.2358],[32537777.8462,5736208.7214],[32537795.5898,5736253.703],[32537824.3293,5736309.1802],[32537857.8169,5736367.6562],[32537890.3048,5736420.1345],[32537916.7948,5736456.6195],[32538078.7335,5736654.0375],[32538101.2251,5736688.0235],[32538159.9533,5736785.9832],[32538191.1915,5736827.9658],[32538273.91,5736914.9296],[32538316.8936,5736956.912],[32538347.6318,5736983.4009],[32538420.6037,5737037.3781],[32538498.6809,5737099.8895],[32538571.0458,5737157.8274],[32538628.2737,5737199.8097],[32538684.7519,5737235.7944],[32538715.24,5737251.2877],[32538756.6789,5737269.4171],[32538784.2131,5737280.2751],[32538851.6866,5737300.2661],[32538912.1628,5737311.7606],[32538940.4016,5737313.7594],[32539026.368,5737348.2443],[32539057.6058,5737363.7376],[32539082.8461,5737379.7308],[32539099.5895,5737387.7274],[32539104.8373,5737377.7313],[32539103.9232,5737372.4211],[32539103.7477,5737371.4017],[32539099.5889,5737347.2437],[32539077.3464,5737258.2798],[32539058.6425,5737196.9233],[32539040.8593,5737153.3226],[32539022.3662,5737121.8356],[32538998.8751,5737091.3482],[32538814.4451,5736882.435],[32538768.63,5736833.478],[32538592.2797,5736645.0339],[32538396.7716,5736513.2913],[32538357.0602,5736486.5319],[32538331.1306,5736468.1089],[32538303.6412,5736444.6188],[32538279.6502,5736415.6308],[32538220.9224,5736336.1637],[32538185.4666,5736283.0602],[32538164.1936,5736251.1988],[32538146.9501,5736232.2067],[32538127.2078,5736219.712],[32538107.9653,5736212.2153],[32538075.2282,5736204.7188],[32538056.7355,5736203.2197],[32538028.2467,5736194.2237],[32537995.2073,5736178.0329],[32537927.7857,5736140.2469],[32537899.7972,5736119.5984],[32537871.5574,5736098.7644],[32537855.7918,5736092.8789]],[[32538988.9504,5725044.2268],[32539001.4452,5725028.2332],[32539011.9407,5725005.7422],[32539020.9368,5724977.7536],[32539037.4289,5724883.2922],[32539046.6748,5724857.3027],[32539061.9185,5724837.3106],[32539104.6511,5724802.824],[32539126.1423,5724782.8319],[32539144.1348,5724757.342],[32539159.6282,5724727.3541],[32539173.8721,5724690.8688],[32539184.3674,5724655.3832],[32539187.6157,5724625.8953],[32539185.3662,5724599.4062],[32539178.3686,5724572.9173],[32539163.3741,5724540.9307],[32539140.3827,5724505.9456],[32539114.8924,5724473.4594],[32539092.4009,5724449.4697],[32539071.409,5724432.4771],[32539046.9185,5724416.984],[32538988.9411,5724389.9962],[32538956.4537,5724370.5048],[32538923.4664,5724343.0168],[32538858.7412,5724282.0431],[32538800.2636,5724229.5658],[32538768.7757,5724205.5763],[32538732.04,5724183.5861],[32538693.3052,5724170.0924],[32538658.0691,5724169.0935],[32538626.8316,5724175.5914],[32538599.8424,5724187.0872],[32538573.6031,5724204.5805],[32538546.6141,5724229.5707],[32538521.6244,5724258.0595],[32538501.6328,5724287.5477],[32538482.391,5724325.5324],[32538437.9101,5724431.4896],[32538421.1683,5724545.4429],[32538413.4224,5724616.9136],[32538412.4232,5724643.4027],[32538415.6723,5724668.8922],[32538423.1698,5724705.8768],[32538434.416,5724749.3587],[32538448.9109,5724794.3399],[32538455.8088,5724808.4597],[32538470.1531,5724837.8215],[32538497.6428,5724879.3039],[32538545.8745,5724939.7781],[32538568.116,5724963.268],[32538629.0927,5725020.2434],[32538648.3354,5725044.2332],[32538657.3321,5725064.7246],[32538672.0769,5725109.7057],[32538682.5731,5725133.6957],[32538697.8173,5725151.1882],[32538716.5599,5725156.6856],[32538735.0526,5725155.1858],[32538749.7967,5725151.1872],[32538765.0405,5725144.6896],[32538801.0408,5725124.6146],[32538832.2634,5725107.2038],[32538857.2533,5725097.2075],[32538946.9674,5725068.7175],[32538971.9573,5725056.722],[32538988.9504,5725044.2268]],[[32534862.5241,5737613.1953],[32534815.5427,5737612.6961],[32534757.8157,5737616.1955],[32534733.0756,5737620.1942],[32534539.1533,5737672.6757],[32534485.175,5737688.67],[32534469.736,5737694.7718],[32534443.4418,5737705.1639],[32534393.462,5737729.6547],[32534346.2312,5737756.6444],[32534313.2446,5737780.1354],[32534232.2778,5737847.1095],[32534186.7965,5737887.094],[32534157.8085,5737918.0819],[32534138.5666,5737948.5699],[32534115.8263,5737991.5528],[32534106.332,5738012.7245],[32534094.0856,5738040.0335],[32534078.5925,5738089.5138],[32534071.3461,5738133.4961],[32534070.0971,5738169.9814],[32534072.3467,5738201.4686],[32534082.0937,5738257.9456],[32534090.8407,5738287.4336],[32534101.8367,5738314.4225],[32534125.0574,5738354.5178],[32534147.5698,5738393.3899],[32534164.0637,5738425.8765],[32534180.8078,5738472.8573],[32534194.3027,5738495.348],[32534213.0456,5738515.3396],[32534236.0367,5738528.334],[32534259.5274,5738531.8323],[32534282.0184,5738525.8344],[32534307.2581,5738509.8405],[32534371.9816,5738457.3607],[32534402.2193,5738436.3688],[32534464.1941,5738398.3833],[32534500.1794,5738372.3933],[32534568.7338,5738312.2188],[32534609.6848,5738276.2736],[32534659.614,5738232.4477],[32534680.1056,5738210.9561],[32534722.0882,5738162.4752],[32534759.0728,5738115.9935],[32534801.555,5738055.0175],[32534840.5386,5737994.5414],[32534889.0181,5737910.0749],[32534913.5077,5737863.5934],[32534934.7485,5737815.1127],[32534946.993,5737770.1307],[32534949.9912,5737729.1472],[32534948.2413,5737690.6628],[32534942.4931,5737658.176],[32534933.7462,5737635.6852],[32534916.7527,5737622.6907],[32534890.7629,5737615.6939],[32534862.5241,5737613.1953]],[[32538833.4357,5733598.2368],[32538814.8955,5733591.2617],[32538789.4056,5733592.7614],[32538765.9151,5733600.2588],[32538745.4234,5733612.2542],[32538729.9297,5733626.7486],[32538714.4362,5733649.2398],[32538694.1948,5733684.7258],[32538651.7129,5733768.6926],[32538615.2287,5733858.1571],[32538597.7364,5733906.6378],[32538626.4781,5734116.5527],[32538635.2259,5734197.52],[32538670.4631,5734279.9862],[32538680.4598,5734320.9695],[32538682.9592,5734348.9582],[32538681.4603,5734380.4455],[32538673.7138,5734413.9321],[32538661.7191,5734444.42],[32538626.4841,5734518.3907],[32538607.4925,5734570.3701],[32538587.7512,5734632.8452],[32538592.2508,5734724.3082],[32538591.5016,5734759.7939],[32538581.0073,5734861.753],[32538567.1602,5734953.4211],[32538533.7796,5735098.6582],[32538511.0721,5735182.0127],[32538496.2965,5735229.1061],[32538488.5516,5735367.5504],[32538493.3004,5735408.5338],[32538499.0484,5735427.5261],[32538508.5448,5735438.5215],[32538546.0295,5735416.1966],[32538564.7719,5735405.0342],[32538595.0091,5735348.0567],[32538619.4986,5735297.5767],[32538638.4904,5735251.0952],[32538684.9358,5735118.9743],[32538768.6832,5734880.7426],[32538820.7433,5734726.3415],[32538863.3914,5734599.8544],[32538884.6317,5734513.3889],[32538899.1252,5734463.9086],[32538918.3669,5734418.9265],[32538986.8379,5734294.4756],[32538998.8323,5734240.997],[32539003.33,5734209.5096],[32539003.3296,5734183.0203],[32538997.8315,5734164.028],[32538987.5854,5734148.5344],[32538973.5907,5734131.5415],[32538913.8634,5734069.5674],[32538894.1209,5734046.5769],[32538880.1261,5734023.5864],[32538872.8787,5734003.5946],[32538866.3806,5733956.1138],[32538868.879,5733917.6293],[32538880.2672,5733852.3657],[32538891.1183,5733790.1803],[32538894.1164,5733746.198],[32538893.3661,5733705.2145],[32538889.867,5733672.7277],[32538880.1204,5733645.7387],[32538862.627,5733620.2493],[32538840.1356,5733600.7575],[32538833.4357,5733598.2368]],[[32538108.3706,5728318.7721],[32538034.2574,5728312.5973],[32538050.8714,5728462.8417],[32538053.3712,5728516.8199],[32538050.1231,5728557.3036],[32538043.6263,5728597.7874],[32538034.8803,5728632.7734],[32538025.6343,5728658.7631],[32537993.1481,5728716.7403],[32537971.4072,5728749.7273],[32537950.9157,5728775.7172],[32537919.9284,5728803.7064],[32537873.6973,5728839.6926],[32537825.4669,5728874.1795],[32537787.7322,5728897.1708],[32537705.2655,5728940.6547],[32537646.2893,5728966.1453],[32537577.3169,5728986.1384],[32537547.08,5729055.6109],[32537534.3356,5729092.0963],[32537508.4071,5729181.3883],[32537501.1005,5729206.5507],[32537497.8524,5729249.5334],[32537494.6043,5729292.5161],[32537518.3459,5729355.9901],[32537528.842,5729373.9827],[32537543.8362,5729384.978],[32537567.8269,5729394.9736],[32537596.5656,5729402.4701],[32537609.0138,5729403.1082],[32537612.7565,5729403.3001],[32537625.804,5729403.969],[32537654.7925,5729399.9702],[32537685.5302,5729392.9725],[32537716.5177,5729382.4762],[32537747.0054,5729368.4814],[32537779.2424,5729350.4881],[32537813.7284,5729327.9966],[32537846.9648,5729303.0062],[32537874.7034,5729276.0166],[32537927.1816,5729211.0419],[32537951.4215,5729176.5555],[32537988.6558,5729112.5807],[32538090.8628,5728950.6443],[32538171.0789,5728809.6998],[32538229.3045,5728721.2346],[32538298.0259,5728626.7715],[32538322.016,5728601.2814],[32538349.0049,5728577.7904],[32538376.9936,5728559.2974],[32538404.7324,5728546.3022],[32538432.4713,5728539.3046],[32538472.6841,5728536.1004],[32538370.4769,5728454.3379],[32538302.6906,5728404.6299],[32538221.3472,5728359.4412],[32538108.3706,5728318.7721]],[[32535513.5628,5723983.7306],[32535486.3236,5723980.7324],[32535459.0844,5723982.2323],[32535433.3447,5723987.7305],[32535399.6239,5723999.3719],[32535375.368,5724010.7221],[32535311.394,5724057.204],[32535282.906,5724109.1831],[32535260.4156,5724154.6646],[32535244.1726,5724196.1478],[32535214.4359,5724300.605],[32535187.9474,5724369.0772],[32535179.2029,5724517.016],[32535180.7036,5724608.4781],[32535183.7029,5724642.9637],[32535192.2,5724673.9507],[32535211.1928,5724700.4394],[32535239.1821,5724722.9295],[32535270.9197,5724740.4217],[32535304.4066,5724751.9163],[32535337.8934,5724755.914],[32535373.8791,5724752.9146],[32535413.3633,5724745.417],[32535452.3477,5724732.9214],[32535487.8334,5724713.9286],[32535526.8175,5724682.9407],[32535572.049,5724640.9573],[32535612.7822,5724598.9739],[32535638.7715,5724567.4864],[32535654.2649,5724537.4986],[32535669.2584,5724498.5144],[32535682.5026,5724457.5311],[32535696.3503,5724401.0075],[32535706.9915,5724357.5721],[32535722.2105,5724306.4461],[32535732.73,5724271.1074],[32535737.4777,5724240.6199],[32535738.4769,5724208.6331],[32535735.404,5724181.1861],[32535734.7279,5724175.1471],[32535724.2316,5724145.1597],[32535707.7378,5724121.1699],[32535643.5124,5724056.6979],[32535614.5235,5724031.7088],[32535585.5347,5724009.7185],[32535561.544,5723996.2245],[32535539.3027,5723989.2278],[32535513.5628,5723983.7306]],[[32531408.1758,5722649.8324],[32531370.6905,5722634.8389],[32531340.4526,5722635.8388],[32531315.7126,5722647.3343],[32531295.7208,5722663.3279],[32531275.9789,5722683.3198],[32531254.7377,5722709.809],[32531235.7457,5722739.7968],[32531226.2964,5722761.4446],[32531222.0016,5722771.2839],[32531211.7562,5722810.7677],[32531201.511,5722859.7476],[32531187.7677,5722947.2116],[32531188.0181,5722979.6982],[32531194.516,5723014.1838],[32531205.762,5723047.6699],[32531220.7564,5723077.6574],[32531237.7499,5723098.1487],[32531249.8302,5723104.7677],[32531255.9928,5723108.1444],[32531275.9849,5723111.6428],[32531387.4406,5723112.6413],[32531423.6762,5723113.6406],[32531458.1625,5723116.639],[32531489.9,5723122.6362],[32531521.6375,5723131.6322],[32531556.8736,5723144.6265],[32531596.6081,5723161.6191],[32531637.0923,5723183.1098],[32531675.5773,5723208.5989],[32531709.0644,5723238.5862],[32531793.6648,5723325.83],[32531874.0675,5723408.7449],[32531924.7317,5723460.9921],[32531956.9693,5723489.9798],[32531980.2102,5723501.9747],[32531993.205,5723498.476],[32531998.6544,5723491.7111],[32532000.452,5723489.4796],[32532002.2011,5723476.485],[32531999.9518,5723460.9914],[32531988.2061,5723430.5041],[32531966.9638,5723383.024],[32531933.7666,5723315.9818],[32531915.9827,5723280.067],[32531856.9794,5723145.1639],[32531823.5165,5723068.6553],[32531808.5221,5723045.1652],[32531794.0276,5723027.6726],[32531778.8363,5723014.0094],[32531748.6303,5722986.8419],[32531704.5621,5722947.2067],[32531673.574,5722915.72],[32531637.5877,5722871.7385],[32531574.6116,5722789.773],[32531543.8734,5722756.7869],[32531500.8899,5722718.3032],[32531453.1584,5722680.3194],[32531408.1758,5722649.8324]],[[32540888.6001,5735406.4996],[32540905.5932,5735390.5058],[32540923.0859,5735371.0134],[32540946.3259,5735315.0356],[32540975.5634,5735254.5595],[32540995.8048,5735218.5737],[32541018.7952,5735183.0877],[32541042.0355,5735156.0982],[32541071.5235,5735133.6068],[32541109.2582,5735109.6159],[32541174.2319,5735072.6298],[32541194.9734,5735058.6351],[32541214.7154,5735042.1415],[32541228.2097,5735025.1481],[32541230.4586,5735010.6539],[32541221.4621,5735000.1583],[32541206.7178,5734993.6611],[32541188.9748,5734991.1624],[32541150.4176,5734994.7162],[32540988.3047,5735009.6579],[32540816.6229,5735017.6572],[32540429.2769,5735041.6533],[32540406.0362,5735044.6524],[32540385.0446,5735051.6499],[32540365.3026,5735064.645],[32540350.0589,5735083.1377],[32540338.3139,5735105.129],[32540330.0675,5735127.6201],[32540324.5701,5735149.6113],[32540324.0706,5735172.6021],[32540329.3189,5735198.5915],[32540338.8155,5735224.0811],[32540350.0614,5735246.5719],[32540369.3041,5735271.0618],[32540399.0428,5735300.5495],[32540431.5303,5735329.0375],[32540459.0197,5735351.0283],[32540485.0097,5735368.5208],[32540515.7477,5735385.0138],[32540546.9855,5735398.0081],[32540574.7246,5735404.0052],[32540597.7155,5735404.0049],[32540633.2013,5735396.5074],[32540654.4428,5735392.0089],[32540679.183,5735390.5091],[32540711.4202,5735392.0081],[32540744.6571,5735398.505],[32540793.5489,5735415.8015],[32540813.88,5735422.9941],[32540839.8698,5735427.9917],[32540853.6143,5735426.4921],[32540870.1077,5735419.4947],[32540888.6001,5735406.4996]],[[32528365.7194,5728526.9494],[32528335.7312,5728521.9518],[32528312.4905,5728524.9509],[32528293.748,5728531.4485],[32528277.5046,5728539.9453],[32528260.7614,5728545.9431],[32528182.0017,5728556.2221],[32528176.7004,5728557.8209],[32528148.5563,5728567.9356],[32528125.5658,5728587.9278],[32528107.8232,5728616.4165],[32528091.3304,5728653.4018],[32528075.5873,5728699.8833],[32528063.093,5728750.8629],[32528047.1007,5728838.8277],[32528046.3515,5728875.8128],[32528052.3498,5728920.7946],[32528063.0962,5728967.2757],[32528075.8418,5729009.2587],[32528083.6686,5729021.2995],[32528085.2681,5729023.7603],[32528098.5833,5729044.2443],[32528133.8197,5729072.7324],[32528171.8049,5729095.2229],[32528202.5429,5729110.7162],[32528229.7823,5729122.2113],[32528260.77,5729129.2081],[32528290.7581,5729129.2077],[32528314.9983,5729119.7112],[32528363.2285,5729076.2282],[32528392.9662,5729044.2407],[32528426.2024,5729005.256],[32528455.6901,5728966.2713],[32528516.1446,5728878.8426],[32528553.1493,5728825.3269],[32528573.6405,5728782.344],[32528585.1352,5728737.8618],[32528586.1342,5728694.3793],[32528572.1392,5728655.895],[32528544.6497,5728625.4076],[32528511.6624,5728601.9175],[32528425.9458,5728551.9386],[32528397.4569,5728537.9446],[32528365.7194,5728526.9494]],[[32536492.945,5723392.6611],[32536505.9099,5723306.4915],[32536427.9412,5723335.9809],[32536387.0636,5723355.1004],[32536368.8658,5723363.612],[32536284.7489,5723402.956],[32536061.8389,5723512.9149],[32535932.6409,5723570.3936],[32535852.6731,5723607.8797],[32535800.6941,5723637.3685],[32535778.2033,5723657.8604],[32535765.3781,5723677.6255],[32535759.7112,5723696.8446],[32535758.9618,5723717.836],[32535762.7106,5723740.3266],[32535770.208,5723761.8175],[32535780.954,5723784.8078],[32535871.3819,5723815.8028],[32535983.6247,5723854.2751],[32536096.3306,5723895.256],[32536130.3172,5723903.7518],[32536157.3066,5723907.2498],[32536179.7977,5723908.249],[32536198.5402,5723906.2495],[32536215.0336,5723901.751],[32536233.0264,5723892.2546],[32536253.518,5723877.2604],[32536273.7597,5723857.7681],[32536291.2525,5723836.7764],[32536369.4696,5723698.8319],[32536447.6865,5723552.391],[32536461.4306,5723523.4027],[32536473.1756,5723494.9143],[32536481.9217,5723465.9261],[32536492.945,5723392.6611]],[[32541852.975,5735901.7863],[32541876.2157,5735899.287],[32541899.4565,5735899.7864],[32541960.4479,5735911.1958],[32542011.6623,5735920.7763],[32542039.4013,5735922.7751],[32542067.1403,5735920.7755],[32542094.6293,5735915.7771],[32542120.8688,5735907.78],[32542141.6104,5735896.7841],[32542153.6054,5735882.2898],[32542158.1034,5735865.7963],[32542157.1035,5735848.3034],[32542151.1056,5735827.8117],[32542139.9311,5735804.4704],[32542139.8597,5735804.3213],[32542128.2154,5735787.6376],[32542123.116,5735780.3312],[32542105.0341,5735761.839],[32542101.1244,5735757.8406],[32542070.1364,5735737.8491],[32542032.651,5735720.3566],[32541996.4152,5735706.8626],[32541969.9256,5735699.366],[32541942.4364,5735696.3676],[32541902.9521,5735696.868],[32541857.97,5735699.8674],[32541814.4873,5735707.3651],[32541776.2527,5735718.3612],[32541744.2656,5735732.356],[32541705.2813,5735753.3481],[32541688.788,5735757.8466],[32541633.0602,5735763.845],[32541609.5695,5735764.3451],[32541576.1866,5735761.6417],[32541529.3512,5735757.8489],[32541500.3627,5735758.8489],[32541471.1244,5735764.8469],[32541439.637,5735773.8438],[32541388.3251,5735793.5696],[32541343.4258,5735810.8303],[32541239.2176,5735846.3175],[32541207.2305,5735858.3132],[32541188.2382,5735867.3098],[32541167.4966,5735880.8047],[32541149.7539,5735897.2983],[32541140.008,5735916.2908],[32541139.5085,5735936.7826],[32541145.0066,5735956.2746],[32541155.003,5735975.7667],[32541168.7478,5735994.7588],[32541187.4906,5736009.7525],[32541211.4812,5736017.7489],[32541268.8886,5736031.2394],[32541315.6902,5736042.2376],[32541394.6591,5736055.2312],[32541476.3768,5736064.2264],[32541518.1103,5736066.225],[32541553.3462,5736064.2253],[32541583.8341,5736057.7275],[32541613.3222,5736047.7311],[32541640.0614,5736035.7355],[32541662.3024,5736022.2406],[32541701.7863,5735993.2517],[32541726.9785,5735971.7787],[32541776.2558,5735929.7761],[32541792.2493,5735920.7795],[32541830.7339,5735906.2848],[32541852.975,5735901.7863]],[[32537898.4097,5726951.4604],[32537915.4027,5726935.9665],[32537936.3942,5726923.4713],[32537958.3854,5726917.4734],[32537979.627,5726916.4735],[32537999.1193,5726919.4719],[32538035.605,5726928.9673],[32538056.3468,5726930.4664],[32538075.839,5726927.9671],[32538090.833,5726919.9701],[32538110.3249,5726896.4794],[32538115.0728,5726884.4843],[32538118.4462,5726870.6154],[32538124.0688,5726847.4994],[32538124.8182,5726828.5072],[32538119.8199,5726811.0145],[32538107.5746,5726800.5191],[32538088.832,5726794.5219],[32538065.3412,5726790.0241],[32538037.8521,5726786.526],[32538008.8635,5726785.5269],[32537981.6244,5726787.5266],[32537959.6331,5726792.0251],[32537940.141,5726802.5211],[32537919.3995,5726820.5141],[32537880.1656,5726862.4974],[32537864.1723,5726887.4874],[32537851.1779,5726916.4757],[32537839.433,5726950.9616],[32537529.8484,5726829.7447],[32537517.8087,5726825.0192],[32537512.311,5726833.5157],[32537467.08,5726908.9854],[32537452.8361,5726937.4739],[32537439.5918,5726972.9594],[32537429.0965,5727012.4433],[32537422.8496,5727055.4257],[32537422.8502,5727099.4075],[32537427.349,5727138.8911],[32537435.0965,5727178.8745],[32537445.3429,5727212.8603],[32537458.838,5727241.3483],[32537478.0807,5727264.8383],[32537500.572,5727280.8313],[32537525.3124,5727291.3266],[32537555.3005,5727296.324],[32537592.5358,5727294.824],[32537663.7574,5727282.3279],[32537722.7337,5727263.8346],[32537791.2062,5727238.3439],[32537847.1837,5727214.3529],[32537898.413,5727183.8646],[32537949.6422,5727147.8785],[32538045.6027,5727045.4191],[32537882.4163,5726970.4529],[32537898.4097,5726951.4604]],[[32535364.926,5727805.1518],[32535461.3859,5727681.2003],[32535493.8725,5727644.7145],[32535527.3587,5727610.728],[32535558.346,5727583.2389],[32535598.3298,5727556.2494],[32535682.8301,5727506.4188],[32535739.0229,5727473.2814],[32535773.2591,5727455.2883],[32535815.9919,5727436.7952],[32535867.971,5727416.8027],[32535853.9764,5727404.8079],[32535837.2328,5727393.8127],[32535815.2414,5727382.8176],[32535765.5108,5727364.3261],[32535743.0197,5727357.8292],[32535724.7769,5727355.3305],[32535706.5341,5727356.8302],[32535685.0427,5727361.8285],[32535663.3015,5727371.3249],[32535644.3092,5727387.3186],[32535594.0799,5727441.7969],[32535530.8558,5727502.7727],[32535502.1175,5727526.2635],[32535454.8867,5727561.2498],[32535372.9197,5727595.7368],[32535328.8541,5727618.7281],[32535292.4522,5727637.7208],[32535263.214,5727650.7159],[32535237.7242,5727659.2129],[32535181.2191,5727670.6051],[32535168.7242,5727717.4633],[32535167.9707,5727715.404],[32535110.0167,5727884.6367],[32535088.4424,5727963.3278],[32535055.5351,5728041.802],[32534967.4581,5728185.4393],[32534886.4241,5728335.0453],[32534842.79,5728397.381],[32534788.505,5728442.6201],[32534791.3752,5728453.8705],[32534802.4093,5728488.3849],[32534810.6566,5728526.3694],[32534822.1534,5728612.8343],[32534901.3709,5728543.8609],[32534931.3586,5728512.3731],[32534953.5992,5728478.3865],[32534973.8406,5728437.4027],[32535009.5752,5728354.9355],[32535038.313,5728304.9552],[32535121.9006,5728180.2114],[32535185.0016,5728086.0413],[32535297.2043,5727903.1133],[32535327.9414,5727856.1318],[32535364.926,5727805.1518]],[[32536118.7136,5722908.7308],[32536114.5588,5722869.1802],[32536109.3106,5722847.1894],[32536099.5643,5722832.1958],[32536084.3201,5722820.7009],[32536066.3272,5722812.7046],[32536048.5841,5722808.7066],[32536028.0922,5722807.2076],[32535977.1125,5722809.7076],[32535929.0361,5722871.3211],[32535899.8945,5722908.6682],[32535876.9021,5722802.2127],[32535860.9079,5722762.7294],[32535849.1622,5722740.2389],[32535815.9247,5722688.2611],[32535770.9417,5722629.7863],[32535741.7029,5722601.7984],[32535704.967,5722575.3101],[32535533.5335,5722471.3567],[32535503.2953,5722455.3639],[32535481.054,5722446.8679],[32535464.5605,5722444.8691],[32535451.0659,5722447.3683],[32535440.5701,5722454.8654],[32535432.5735,5722466.8606],[32535429.5749,5722483.3538],[32535432.0742,5722503.3455],[32535447.0689,5722549.8259],[32535459.8142,5722576.3147],[32535476.3081,5722602.8034],[32535496.5504,5722631.2912],[32535563.5248,5722698.2621],[32535604.5092,5722742.243],[32535635.4975,5722778.7273],[32535691.9762,5722856.1941],[32535724.4291,5722907.7203],[32535725.4097,5722909.4876],[32535740.2082,5722936.16],[32535789.6903,5723058.6083],[32535805.1112,5723110.4189],[32535827.1772,5723184.5554],[32535863.6642,5723287.0123],[32535887.1548,5723277.016],[32535920.1414,5723259.5225],[32535954.1277,5723238.5306],[32535981.3666,5723217.5387],[32536002.358,5723197.0468],[32536040.3423,5723151.0651],[32536057.585,5723124.5757],[32536075.5774,5723087.0908],[32536087.8444,5723055.0323],[32536094.3193,5723038.1107],[32536109.8124,5722990.1303],[32536118.0587,5722956.1442],[32536119.5577,5722929.6551],[32536118.7136,5722908.7308]],[[32535108.9359,5721348.3309],[32535109.9348,5721296.3524],[32535111.9337,5721272.3623],[32535116.1817,5721252.8703],[32535122.6789,5721235.3774],[32535131.6751,5721218.3843],[32535156.6647,5721181.3991],[32535167.4101,5721161.9069],[32535175.9065,5721142.4148],[32535186.6517,5721106.4295],[32535188.1509,5721090.9359],[32535184.6518,5721058.4494],[32535180.1534,5721041.4566],[32535168.6575,5721010.4697],[32535165.9084,5720995.9757],[32535166.1581,5720980.4821],[32535168.6568,5720963.4891],[32535174.1544,5720944.9967],[32535183.6504,5720925.5046],[32535198.6441,5720906.0123],[32535218.1362,5720888.5192],[32535245.7803,5720867.9427],[32535394.0646,5720757.5696],[32535398.5627,5720749.0731],[32535405.5596,5720728.5814],[32535405.8091,5720702.5922],[32535389.5652,5720678.6025],[32535333.8368,5720639.12],[32535305.5977,5720622.1277],[32535277.3587,5720608.1341],[32535223.1299,5720587.144],[32535181.3963,5720578.1486],[32535102.9276,5720589.6455],[32535060.1947,5720600.1421],[32535020.4607,5720618.1355],[32534984.9752,5720646.6245],[32534953.2382,5720682.1104],[32534924.5002,5720722.5943],[32534901.0101,5720766.0767],[32534884.2674,5720810.0589],[32534873.5222,5720851.5419],[32534867.2752,5720889.0265],[32534865.2765,5720924.5118],[32534868.7757,5720960.9966],[32534879.5219,5720993.9827],[32534899.2644,5721018.9719],[32534924.0048,5721032.4658],[32534948.2452,5721036.9634],[32534981.2275,5721034.3474],[32535004.9727,5721032.464],[32535017.7177,5721035.4625],[32535029.7131,5721045.9579],[32535042.4583,5721067.4487],[32535048.9561,5721094.9372],[32535044.4583,5721120.9265],[32535028.2153,5721164.4088],[32535014.2216,5721214.3884],[32535007.9745,5721245.8755],[32535006.2257,5721278.8619],[32535010.7243,5721309.8489],[32535018.4716,5721335.3382],[32535029.2177,5721358.3284],[32535042.7122,5721346.8329],[32535057.2064,5721341.3349],[32535074.4495,5721342.8339],[32535089.6936,5721350.8302],[32535099.4399,5721359.3265],[32535106.4372,5721368.3226],[32535108.9359,5721348.3309]],[[32528257.774,5729318.132],[32528229.5352,5729316.1332],[32528193.7995,5729320.6318],[32528159.3134,5729330.1284],[32528134.3235,5729342.1239],[32528103.836,5729370.6128],[32527976.6386,5729503.061],[32527956.1471,5729527.0516],[32527937.6548,5729554.0409],[32527923.411,5729584.5288],[32527916.1643,5729617.5156],[32527917.1644,5729652.5015],[32527925.6616,5729686.4877],[32527939.5555,5729716.1906],[32527959.1491,5729744.464],[32527996.6349,5729792.944],[32528013.8783,5729805.9385],[32528064.3585,5729828.4288],[32528083.601,5729839.4242],[32528100.5946,5729857.4167],[32528147.0769,5729915.8926],[32528174.1268,5729941.0529],[32528201.0561,5729955.8758],[32528227.5456,5729962.8726],[32528253.7852,5729960.8731],[32528279.7747,5729948.3778],[32528300.5409,5729925.4959],[32528310.0119,5729900.3968],[32528310.0115,5729872.9079],[32528300.7648,5729846.9184],[32528286.5201,5729822.9283],[32528274.2746,5729797.9385],[32528267.2769,5729767.9507],[32528268.7758,5729731.4653],[32528277.5218,5729696.9791],[32528290.2664,5729672.9886],[32528326.0016,5729632.0047],[32528343.9941,5729608.0142],[32528358.238,5729582.5242],[32528382.2276,5729525.0471],[32528390.9736,5729491.0607],[32528392.7224,5729455.0752],[32528387.2241,5729420.0893],[32528374.4787,5729389.6018],[32528350.9877,5729364.1123],[32528318.5003,5729343.1212],[32528285.0133,5729327.128],[32528257.774,5729318.132]],[[32536311.3461,5724668.0576],[32536296.7617,5724640.9436],[32536213.7959,5724729.4086],[32536129.3307,5724827.8694],[32536092.3461,5724877.8495],[32536064.108,5724928.8289],[32536050.6821,5724959.3429],[32535988.1405,5725094.2618],[32535980.1439,5725115.2533],[32535973.397,5725144.2414],[32535970.8985,5725176.2282],[32535975.8969,5725207.7151],[32535988.8922,5725235.7033],[32535995.7509,5725245.6969],[32536006.3856,5725261.1924],[32536025.3784,5725281.6836],[32536043.1215,5725295.6775],[32536065.3628,5725305.6729],[32536096.8505,5725313.669],[32536134.5856,5725317.1669],[32536175.3194,5725313.1678],[32536184.9016,5725294.4704],[32536242.291,5725184.2199],[32536278.4096,5725117.5381],[32536320.2581,5725040.278],[32536340.4994,5724998.295],[32536358.2418,5724954.3129],[32536370.2364,5724910.3308],[32536374.7341,5724870.3473],[32536373.484,5724833.8624],[32536369.4851,5724799.8765],[32536355.2402,5724756.3948],[32536330.4992,5724703.917],[32536311.3461,5724668.0576]],[[32539867.5461,5737821.3008],[32539839.7648,5737820.507],[32539821.06,5737837.5361],[32539811.9835,5737849.8758],[32539796.9022,5737863.3696],[32539770.365,5737879.1929],[32539774.8293,5737898.0123],[32539784.8255,5737912.5064],[32539797.8205,5737925.0012],[32539813.3146,5737937.4959],[32539866.294,5737964.4843],[32539886.0363,5737978.4784],[32539930.7693,5738023.4597],[32539954.2604,5738052.9475],[32539969.7547,5738080.936],[32539989.7475,5738132.415],[32540004.492,5738159.4039],[32540025.9839,5738187.8921],[32540073.9656,5738230.8741],[32540148.9367,5738290.849],[32540276.1376,5738384.8094],[32540401.4761,5738461.9378],[32540510.047,5738528.7482],[32540767.2813,5738697.2887],[32540830.423,5738738.6593],[32540848.9158,5738749.1548],[32540864.6596,5738755.1522],[32540878.4042,5738755.152],[32540889.3635,5738748.0044],[32540892.898,5738730.6617],[32540882.9017,5738707.1713],[32540863.6589,5738681.6818],[32540839.1683,5738657.192],[32540685.4285,5738529.896],[32540407.5842,5738299.8418],[32540265.389,5738189.3882],[32540170.6755,5738121.9167],[32540066.7158,5738056.4445],[32540031.7296,5738047.9484],[32540007.9888,5738037.4529],[32539980.7493,5738014.9624],[32539955.2589,5737981.976],[32539936.5159,5737949.4894],[32539924.2703,5737922.0006],[32539918.0225,5737903.5081],[32539910.275,5737863.0246],[32539867.5461,5737821.3008]],[[32536251.2933,5725596.5492],[32536232.3005,5725577.0576],[32536209.8092,5725559.0654],[32536190.8165,5725547.0707],[32536167.8255,5725536.0757],[32536117.3106,5725515.3714],[32536097.1031,5725507.089],[32536054.12,5725494.0952],[32536017.6343,5725485.0995],[32535986.8964,5725480.602],[32535960.6569,5725482.6016],[32535932.1682,5725487.1003],[32535905.6788,5725494.0979],[32535885.6869,5725504.0941],[32535827.4605,5725544.0786],[32535809.4678,5725554.5746],[32535757.4887,5725577.566],[32535703.7603,5725595.5595],[32535698.3478,5725596.3715],[32535688.3393,5725593.1491],[32535682.6914,5725591.3307],[32535673.6096,5725595.8719],[32535631.3318,5725599.3957],[32535755.7413,5725710.0112],[32535850.455,5725797.9731],[32535902.1851,5725840.9543],[32535958.9132,5725879.9372],[32536018.8898,5725910.4235],[32536041.901,5725870.6526],[32536085.112,5725795.9697],[32536103.1045,5725770.9797],[32536122.0967,5725750.9876],[32536143.5879,5725735.4936],[32536188.5698,5725712.5023],[32536210.0611,5725699.5073],[32536230.5527,5725681.5144],[32536246.5461,5725661.0226],[32536256.0421,5725643.5297],[32536260.2901,5725627.5362],[32536260.2899,5725613.0422],[32536251.2933,5725596.5492]],[[32535224.0311,5731050.3425],[32535209.7866,5731043.8454],[32535198.2913,5731049.3433],[32535188.0455,5731062.3382],[32535159.0774,5731113.6652],[32535137.3172,5731163.2982],[32535131.0702,5731198.2842],[32535130.0712,5731242.2664],[32535136.0703,5731337.7278],[32535140.8191,5731385.7083],[32535156.0646,5731483.1687],[32535164.3116,5731499.6619],[32535173.5581,5731513.1563],[32535182.1192,5731523.2164],[32535217.7914,5731565.1346],[32535242.782,5731599.1204],[32535258.5262,5731629.1081],[32535275.4162,5731714.428],[32535297.0139,5731823.5289],[32535321.5055,5731909.9936],[32535344.9971,5731974.967],[32535354.4936,5731991.96],[32535365.2396,5732005.4543],[32535369.6805,5732008.3545],[32535377.4848,5732013.4509],[32535391.4793,5732013.9505],[32535402.7247,5732005.9536],[32535407.4726,5731992.4589],[32535407.2225,5731976.4654],[32535401.0343,5731955.1413],[32535390.9781,5731920.4883],[32535387.9788,5731892.4996],[32535391.477,5731865.0107],[32535419.4643,5731757.5537],[32535406.9682,5731689.0815],[32535393.222,5731579.1262],[32535373.7293,5731553.6368],[32535355.4861,5731521.1502],[32535341.2412,5731485.165],[32535334.4933,5731449.6794],[32535334.9927,5731420.1913],[32535344.2383,5731374.2098],[32535347.7365,5731348.72],[32535346.2367,5731320.7313],[32535339.489,5731292.243],[32535304.2513,5731186.7861],[32535285.5082,5731146.8026],[32535264.7124,5731109.5654],[32535242.2742,5731073.333],[32535224.0311,5731050.3425]],[[32536777.2235,5734903.7625],[32536788.7187,5734893.7664],[32536795.4658,5734876.7731],[32536795.9652,5734847.7848],[32536788.9674,5734812.7991],[32536777.8139,5734781.7648],[32536762.7269,5734751.8241],[32536746.483,5734726.3346],[32536656.0169,5734596.3884],[32536616.7817,5734543.9101],[32536584.3402,5734482.4695],[32536513.0698,5734347.491],[32536500.5745,5734326.4996],[32536489.0788,5734312.0057],[32536472.3352,5734296.0124],[32536458.3802,5734285.8637],[32536433.3503,5734272.5224],[32536415.8572,5734272.0229],[32536401.8629,5734279.0203],[32536389.368,5734291.0156],[32536383.6205,5734303.5106],[32536380.8719,5734322.503],[32536381.8898,5734338.0234],[32536382.8715,5734352.9907],[32536388.3699,5734385.4775],[32536400.3658,5734428.9597],[32536457.8451,5734573.4006],[32536512.8253,5734700.3485],[32536570.0543,5734816.8006],[32536631.5315,5734919.2584],[32536701.0055,5735021.2162],[32536769.9795,5735112.6783],[32536830.2067,5735182.6492],[32536818.4756,5735135.2299],[32536818.4607,5735135.1685],[32536806.7766,5735087.0771],[32536796.9678,5735046.7045],[32536787.3553,5734977.1136],[32536777.2235,5734903.7625]],[[32534734.1181,5723719.8551],[32534706.6289,5723718.3562],[32534678.8899,5723718.8565],[32534652.9003,5723723.855],[32534630.4094,5723735.3506],[32534609.418,5723759.8409],[32534587.9271,5723796.826],[32534568.9352,5723835.8101],[32534555.441,5723868.7967],[32534546.445,5723899.784],[32534540.4479,5723939.2678],[32534538.6993,5723984.7489],[32534543.4481,5724033.7285],[32534554.1944,5724075.2111],[32534568.689,5724101.6998],[32534584.433,5724118.1927],[32534599.6771,5724129.6876],[32534617.1703,5724138.6836],[32534640.4112,5724143.681],[32534665.9011,5724146.1795],[32534691.1411,5724146.179],[32534715.1316,5724143.1798],[32534739.8716,5724134.6829],[32534765.6113,5724123.1871],[32534799.1434,5724104.0321],[32534820.0892,5724090.1998],[32534843.5796,5724068.7083],[32534893.8089,5724009.7317],[32534916.2995,5723975.7454],[32534927.7945,5723944.758],[32534931.7925,5723914.7704],[32534931.2922,5723881.7841],[32534924.2945,5723849.7975],[32534909.55,5723822.3092],[32534878.6443,5723785.3006],[32534874.0634,5723780.3273],[32534848.3234,5723761.8354],[32534809.3386,5723742.8441],[32534767.8548,5723727.3513],[32534734.1181,5723719.8551]],[[32528295.211,5725984.4887],[32528280.4666,5725962.4979],[32528261.4739,5725944.5055],[32528237.983,5725931.0113],[32528210.2439,5725924.0145],[32528183.0048,5725924.5146],[32528160.2639,5725931.512],[32528132.186,5725948.0743],[32528106.0359,5725963.4994],[32528083.2951,5725969.997],[32528055.8061,5725972.4963],[32528024.0687,5725971.497],[32527990.332,5725966.9992],[32527935.3524,5725955.8277],[32527896.8689,5725948.0081],[32527866.1311,5725945.5095],[32527835.3934,5725948.5086],[32527815.6514,5725962.503],[32527811.6534,5725985.9934],[32527817.1515,5726011.4829],[32527827.6477,5726034.9731],[32527837.8939,5726052.9656],[32527854.1376,5726066.9596],[32527916.6132,5726099.9454],[32527949.1005,5726118.9372],[32527975.3404,5726136.4297],[32527994.0831,5726152.4229],[32528003.8295,5726172.9144],[32528004.0799,5726202.902],[32527996.7515,5726235.8836],[32528165.5962,5726333.0933],[32528170.5152,5726313.3547],[32528180.7609,5726298.3608],[32528192.5061,5726285.366],[32528207.9997,5726271.8714],[32528248.7331,5726240.3839],[32528266.4758,5726222.3911],[32528278.9705,5726203.3988],[32528286.4673,5726183.4069],[32528289.7157,5726162.9153],[32528286.4351,5726124.9416],[32528285.4425,5726113.4513],[32528284.4668,5726093.9438],[32528285.9659,5726069.9536],[32528291.7133,5726050.4616],[32528299.2101,5726035.9675],[32528303.7081,5726021.4734],[32528303.2081,5726004.9802],[32528295.211,5725984.4887]],[[32529302.3141,5726251.3676],[32529274.5749,5726232.3758],[32529229.0687,5726213.8749],[32529133.8801,5726177.8998],[32529097.8943,5726166.9047],[32529063.6578,5726159.4082],[32528993.6855,5726152.9116],[32528855.4902,5726133.4212],[32528709.7978,5726108.9329],[32528674.3118,5726099.937],[32528651.0709,5726089.4416],[32528636.0767,5726079.9456],[32528622.0822,5726073.4485],[32528561.6061,5726060.9543],[32528544.8628,5726060.4547],[32528528.6193,5726065.9526],[32528516.8741,5726077.448],[32528514.8441,5726084.666],[32528512.3761,5726093.4415],[32528514.6255,5726114.4328],[32528523.1225,5726139.9222],[32528540.6159,5726165.9113],[32528557.7505,5726179.9449],[32528566.8558,5726187.4022],[32528598.3435,5726204.8946],[32528631.3306,5726217.8889],[32528668.0661,5726228.3842],[32528708.5501,5726235.3808],[32528745.5354,5726238.879],[32528792.7666,5726238.3787],[32528847.245,5726241.3768],[32528884.4802,5726239.877],[32528922.4651,5726241.8758],[32528966.1978,5726248.8724],[32529130.3832,5726296.351],[32529150.1253,5726299.3495],[32529233.5926,5726328.8365],[32529278.075,5726341.3308],[32529309.8125,5726347.328],[32529327.3055,5726346.3282],[32529335.802,5726338.8312],[32529340.7999,5726326.3363],[32529341.7992,5726309.3433],[32529334.8018,5726291.3508],[32529321.3069,5726271.3592],[32529302.3141,5726251.3676]],[[32534094.3696,5723532.4413],[32534070.629,5723529.4428],[32534046.6385,5723530.4426],[32534021.6486,5723536.4404],[32533999.4076,5723549.935],[32533983.6642,5723573.4254],[32533975.9177,5723600.9141],[32533975.1683,5723627.4031],[32533979.9168,5723654.8917],[32533989.1636,5723685.8787],[32534002.1589,5723719.8645],[32534018.9027,5723754.8498],[32534038.1456,5723787.836],[32534058.3879,5723816.8237],[32534081.8789,5723842.3129],[32534108.1188,5723864.8034],[32534133.8588,5723882.7956],[32534155.3504,5723895.2902],[32534175.8424,5723903.7865],[32534200.0829,5723910.2836],[32534226.8223,5723913.7818],[32534254.5612,5723912.782],[32534280.5508,5723905.2848],[32534301.7921,5723890.2908],[32534318.5351,5723866.8004],[32534330.7798,5723834.3138],[32534335.0276,5723800.8276],[32534330.0292,5723770.8401],[32534317.2839,5723741.8523],[32534294.4266,5723704.631],[32534274.3,5723675.88],[32534249.1786,5723644.6379],[32534212.0738,5723603.9105],[32534179.5863,5723575.4227],[32534149.0981,5723555.4312],[32534120.6093,5723541.4373],[32534094.3696,5723532.4413]],[[32536442.2129,5733377.6144],[32536508.809,5733315.7736],[32536503.024,5733312.7461],[32536498.5599,5733310.4099],[32536467.3224,5733318.4072],[32536435.5853,5733335.4008],[32536408.0963,5733347.3964],[32536390.3534,5733350.8952],[32536371.8608,5733351.3953],[32536312.3843,5733349.8968],[32536270.6508,5733342.9002],[32536233.1654,5733328.4067],[32536195.4301,5733307.4157],[32536073.1387,5733200.9478],[32536053.7564,5733184.0734],[32535973.2653,5733113.9972],[32535913.2883,5733064.0183],[32535852.0618,5733014.0394],[32535713.3869,5732909.1869],[32535712.4478,5732908.4778],[32535741.443,5732966.4655],[32535748.5942,5733009.369],[32535798.6496,5733066.573],[32535862.7992,5733173.4845],[32535931.9502,5733231.261],[32536118.2119,5733386.8848],[32536152.6986,5733410.8746],[32536194.1825,5733434.3645],[32536234.6667,5733453.3562],[32536274.901,5733466.3503],[32536299.6927,5733470.8152],[32536374.2824,5733416.9436],[32536442.2129,5733377.6144]],[[32534912.5456,5723596.4028],[32534934.0368,5723579.4094],[32534950.5301,5723562.9159],[32534962.0253,5723545.9227],[32534976.5188,5723497.9424],[32534981.0166,5723467.4549],[32534980.7663,5723435.4682],[32534974.7679,5723382.4903],[32534967.7703,5723359.4999],[32534954.5253,5723336.5097],[32534933.7188,5723311.8542],[32534917.5394,5723296.527],[32534898.0469,5723281.5336],[32534878.3045,5723269.0392],[32534854.5638,5723259.0438],[32534825.5752,5723252.0473],[32534795.587,5723250.5485],[32534769.3475,5723256.0467],[32534746.8566,5723267.0426],[32534726.8648,5723284.036],[32534710.1218,5723309.0259],[32534697.6272,5723343.0121],[32534689.1311,5723382.4959],[32534684.8833,5723419.9804],[32534686.1333,5723454.4661],[32534694.3805,5723484.9533],[32534712.6237,5723517.4394],[32534765.8536,5723589.9083],[32534796.0916,5723586.4092],[32534854.0686,5723586.4081],[32534912.5456,5723596.4028]],[[32543472.4884,5729540.3186],[32543451.9964,5729535.8208],[32543432.0043,5729535.8211],[32543410.0131,5729540.3196],[32543389.0216,5729550.316],[32543371.5288,5729566.8096],[32543356.2852,5729593.2992],[32543340.2921,5729632.7836],[32543304.3081,5729745.239],[32543282.8175,5729804.2157],[32543259.3274,5729850.1976],[32543239.7448,5729880.5199],[32543192.3554,5729943.1613],[32543178.6111,5729963.6533],[32543165.8664,5729979.1473],[32543130.8808,5730015.6332],[32543114.8875,5730039.6238],[32543105.1417,5730063.6143],[32543103.8925,5730082.1069],[32543109.3905,5730095.1016],[32543120.3863,5730103.598],[32543134.8806,5730109.5954],[32543151.3742,5730114.0933],[32543168.3674,5730113.5932],[32543184.111,5730103.597],[32543191.833,5730094.196],[32543222.0952,5730052.6168],[32543244.5858,5730017.1307],[32543286.3181,5729939.6612],[32543315.5556,5729878.1854],[32543327.5506,5729861.192],[32543342.7943,5729849.1966],[32543410.0171,5729806.2128],[32543431.5083,5729787.7199],[32543450.7503,5729767.2278],[32543467.2435,5729745.2364],[32543480.7378,5729722.2454],[32543493.2324,5729695.7558],[32543505.4771,5729664.2683],[32543514.9728,5729629.782],[32543517.9711,5729595.2958],[32543510.7236,5729567.8069],[32543493.7301,5729549.8144],[32543472.4884,5729540.3186]],[[32539607.8527,5735036.6674],[32539593.6083,5735036.1678],[32539579.6139,5735040.6662],[32539569.1183,5735056.1601],[32539564.1207,5735084.6487],[32539564.621,5735118.1352],[32539570.869,5735148.6228],[32539584.8642,5735196.1035],[32539595.1105,5735221.0933],[32539609.855,5735246.083],[32539639.8398,5735287.6214],[32539661.0857,5735317.0536],[32539673.0813,5735337.5452],[32539694.0737,5735386.0254],[32539700.8214,5735410.5154],[32539705.3201,5735442.5024],[32539708.8193,5735484.9853],[32539710.5693,5735529.4673],[32539710.6853,5735591.3735],[32539710.8212,5735663.9132],[32539710.0722,5735713.3933],[32539707.5737,5735746.8798],[32539699.8277,5735808.3552],[32539721.0693,5735809.8542],[32539736.813,5735806.8552],[32539749.5578,5735796.8591],[32539761.5528,5735778.8661],[32539771.0486,5735750.8773],[32539776.0462,5735719.8897],[32539778.0448,5735683.9041],[32539788.2888,5735551.4574],[32539790.0373,5735496.4795],[32539788.0373,5735447.999],[32539782.0389,5735396.0201],[32539773.2917,5735345.5405],[32539762.5453,5735301.5584],[32539743.5521,5735253.0782],[32539716.5619,5735196.6013],[32539682.0746,5735130.6284],[32539645.8381,5735069.1537],[32539632.593,5735050.1616],[32539621.0975,5735041.6652],[32539607.8527,5735036.6674]],[[32542507.6294,5730117.6023],[32542495.6339,5730101.1091],[32542484.3881,5730081.6172],[32542472.3925,5730055.128],[32542462.396,5730028.139],[32542455.1485,5730005.1484],[32542450.65,5729983.1573],[32542444.4018,5729934.1771],[32542427.1576,5729865.7049],[32542419.6602,5729841.7147],[32542407.9145,5729818.7241],[32542391.9205,5729793.7344],[32542396.4192,5729828.7203],[32542395.1702,5729862.7066],[32542385.1747,5729899.6919],[32542366.6826,5729933.6786],[32542344.4418,5729960.6681],[32542319.9518,5729978.6612],[32542295.9614,5729984.6592],[32542311.4557,5730014.6469],[32542321.2022,5730045.1345],[32542323.4518,5730078.1212],[32542318.4543,5730110.1084],[32542311.2076,5730138.5971],[32542302.348,5730166.076],[32542293.9652,5730192.0758],[32542291.2166,5730211.568],[32542292.2165,5730231.56],[32542299.214,5730249.0528],[32542310.7096,5730259.5484],[32542323.4546,5730262.547],[32542337.449,5730260.0478],[32542353.1927,5730254.5498],[32542376.1834,5730242.5542],[32542436.409,5730207.0675],[32542456.9007,5730197.0712],[32542470.1454,5730196.5712],[32542483.3902,5730196.0712],[32542501.3833,5730214.0636],[32542532.1214,5730232.0559],[32542565.8582,5730246.0497],[32542592.3478,5730250.0477],[32542612.5897,5730245.0494],[32542631.0822,5730235.0531],[32542635.0224,5730230.5289],[32542644.5766,5730219.5591],[32542649.8242,5730197.0681],[32542644.3274,5730176.9146],[32542628.0823,5730158.0841],[32542604.5914,5730144.5899],[32542575.8526,5730132.0954],[32542548.1134,5730123.0995],[32542526.372,5730118.6016],[32542507.6294,5730117.6023]],[[32540670.5844,5728556.2607],[32540654.5907,5728553.2621],[32540637.5975,5728556.761],[32540623.1034,5728568.2566],[32540611.8581,5728587.749],[32540602.6122,5728611.2397],[32540593.7862,5728643.2007],[32540578.8729,5728697.2054],[32540566.1283,5728725.6942],[32540551.3845,5728750.1846],[32540536.1409,5728769.1772],[32540522.8963,5728778.1738],[32540504.4927,5728779.9268],[32540480.913,5728782.1729],[32540466.4188,5728790.6697],[32540460.4214,5728804.6641],[32540459.672,5728825.6557],[32540461.6721,5728882.1329],[32540459.6732,5728903.1245],[32540454.4255,5728919.6179],[32540445.6792,5728933.1127],[32540389.2024,5728988.5912],[32540345.7204,5729039.5714],[32540295.2411,5729089.0523],[32540279.2478,5729111.5435],[32540271.5013,5729136.5336],[32540270.2521,5729163.5228],[32540278.7492,5729190.0119],[32540300.241,5729212.0027],[32540326.4807,5729220.4989],[32540347.9721,5729213.5014],[32540370.268,5729191.2566],[32540418.4428,5729126.0354],[32540443.9322,5729087.0507],[32540464.4235,5729051.0649],[32540477.9177,5729019.5773],[32540487.4135,5728990.089],[32540499.6579,5728941.1085],[32540507.6544,5728922.6159],[32540519.8994,5728909.1211],[32540565.8807,5728877.633],[32540573.6275,5728868.1367],[32540576.876,5728856.1415],[32540576.6256,5728823.1548],[32540578.6245,5728801.1636],[32540584.6217,5728775.6738],[32540596.3667,5728750.1838],[32540612.8599,5728729.192],[32540648.5952,5728696.2047],[32540679.5825,5728670.7144],[32540691.8275,5728658.2193],[32540699.0744,5728643.2252],[32540700.5735,5728623.733],[32540699.4934,5728615.2742],[32540697.5744,5728600.2425],[32540691.0766,5728578.7513],[32540682.5798,5728564.2573],[32540670.5844,5728556.2607]],[[32540345.479,5729611.841],[32540343.2298,5729604.344],[32540297.7484,5729641.3299],[32540260.5137,5729677.8158],[32540230.7761,5729716.8006],[32540209.785,5729758.784],[32540173.5507,5729849.2482],[32540244.7734,5729910.7223],[32540290.7558,5729954.7038],[32540312.9973,5729973.6958],[32540336.7381,5729986.1904],[32540361.9781,5729989.1888],[32540386.4683,5729982.691],[32540407.7097,5729972.1949],[32540424.9527,5729957.2006],[32540436.9476,5729936.2089],[32540444.1944,5729910.719],[32540447.4426,5729882.2304],[32540445.6929,5729852.2425],[32540437.9455,5729820.2555],[32540423.2008,5729784.7701],[32540392.921,5729725.628],[32540369.7204,5729680.313],[32540359.4741,5729654.8234],[32540345.479,5729611.841]],[[32531263.8536,5722327.7334],[32531229.7422,5722317.9712],[32531206.5018,5722343.9606],[32531171.766,5722370.9498],[32531157.7717,5722383.9446],[32531143.7775,5722401.9373],[32531131.2828,5722423.4285],[32531122.0368,5722444.9197],[32531114.3193,5722471.9319],[32531107.0435,5722497.3982],[32531099.0468,5722502.896],[32531076.5558,5722506.8945],[32531065.8101,5722511.8925],[32531058.0633,5722521.3887],[32531053.3154,5722533.3838],[32531051.0665,5722547.378],[32531055.5654,5722599.3565],[32531061.0637,5722636.841],[32531067.8972,5722637.3814],[32531105.2962,5722640.3391],[32531126.0379,5722639.8391],[32531142.0315,5722636.3404],[32531153.2769,5722627.8438],[32531162.5231,5722614.3493],[32531172.2689,5722593.8577],[32531183.2643,5722576.3648],[32531194.7596,5722568.368],[32531221.9987,5722562.87],[32531254.4856,5722551.3745],[32531267.2304,5722543.8775],[32531273.7277,5722535.3809],[32531279.7301,5722517.9993],[32531314.4599,5722417.4293],[32531320.9568,5722384.9426],[32531317.7078,5722365.4507],[32531308.4613,5722353.4558],[32531296.9658,5722343.46],[32531279.9724,5722333.4643],[32531263.8536,5722327.7334]],[[32532544.7317,5723221.5852],[32532522.7404,5723219.5862],[32532506.9968,5723226.0837],[32532499.7498,5723239.0784],[32532502.499,5723254.5719],[32532512.2453,5723271.5648],[32532542.9836,5723308.5492],[32532593.7141,5723357.0286],[32532623.7025,5723381.5182],[32532653.441,5723402.5092],[32532683.1794,5723418.0025],[32532714.4171,5723427.9981],[32532749.4033,5723433.4955],[32532779.1415,5723434.9946],[32532798.6337,5723433.495],[32532814.3774,5723429.9963],[32532833.1198,5723424.4984],[32532853.3617,5723416.0017],[32532869.8549,5723402.5071],[32532883.8491,5723385.514],[32532895.844,5723365.0224],[32532900.5919,5723345.5304],[32532894.0942,5723330.0369],[32532879.8497,5723318.042],[32532861.6069,5723310.0455],[32532743.4132,5723277.05],[32532590.1067,5723234.2523],[32532544.7317,5723221.5852]],[[32535232.9048,5722618.8017],[32535201.1673,5722617.8027],[32535167.1809,5722623.8009],[32535128.4464,5722635.297],[32535090.9615,5722650.2915],[32535061.2235,5722667.2851],[32535029.4458,5722691.7081],[32535003.0598,5722713.1317],[32534987.5036,5722725.7623],[32535002.3233,5722727.8603],[32535162.1847,5722751.748],[32535227.6589,5722765.7409],[32535333.5858,5722792.796],[32535399.5043,5722809.6325],[32535417.3344,5722814.217],[32535421.0826,5722786.7283],[32535421.3321,5722762.2385],[32535417.8332,5722739.7478],[32535410.5858,5722719.2565],[32535396.3411,5722698.7653],[32535374.5994,5722678.2742],[32535349.3592,5722659.7824],[32535324.6188,5722645.2889],[32535297.8792,5722634.294],[32535266.1417,5722624.7985],[32535232.9048,5722618.8017]],[[32541981.1014,5731007.253],[32541965.3574,5730992.7591],[32541938.3681,5730993.7591],[32541913.3782,5731004.2553],[32541888.1386,5731030.2452],[32541857.9014,5731085.7234],[32541820.4174,5731163.6926],[32541764.9413,5731289.1431],[32541756.4451,5731319.1311],[32541754.6962,5731349.6189],[32541761.444,5731376.6079],[32541779.1872,5731397.0994],[32541806.1765,5731397.099],[32541830.4168,5731387.6024],[32541852.9075,5731364.1115],[32541873.3988,5731327.1261],[32541914.3813,5731242.1596],[32541950.1162,5731175.6858],[32541984.6014,5731105.2136],[32541996.3464,5731076.7248],[32541999.0949,5731052.2346],[32541993.3468,5731028.2444],[32541981.1014,5731007.253]],[[32535563.8164,5725643.0424],[32535534.0778,5725616.5539],[32535455.1093,5725632.0489],[32535419.3736,5725640.546],[32535382.6384,5725653.0415],[32535332.1303,5725674.5442],[32535189.5295,5725864.6815],[32535195.7128,5725863.3947],[32535244.196,5725848.9628],[32535285.9292,5725832.9687],[32535362.6485,5725806.9781],[32535495.5953,5725771.4904],[32535534.0798,5725758.4951],[32535555.0713,5725745.0003],[32535574.8132,5725725.0082],[32535587.058,5725699.0188],[32535582.5594,5725670.0309],[32535563.8164,5725643.0424]],[[32540227.645,5720506.568],[32540198.4064,5720498.0721],[32540168.9182,5720501.0715],[32540141.4292,5720511.068],[32540119.6881,5720527.5617],[32540105.4441,5720552.5518],[32540097.1977,5720581.54],[32540093.9494,5720610.0284],[32540099.1978,5720642.5149],[32540112.9429,5720679.9992],[32540130.1866,5720715.4843],[32540145.9307,5720740.9734],[32540163.1741,5720756.4667],[32540186.415,5720766.4621],[32540204.3062,5720770.283],[32540212.1549,5720771.9593],[32540236.1454,5720772.9583],[32540259.386,5720762.9619],[32540281.8768,5720739.9709],[32540299.3694,5720709.9828],[32540307.8657,5720681.4944],[32540305.3662,5720651.0069],[32540294.1201,5720612.523],[32540276.1267,5720571.5402],[32540267.347,5720556.3492],[32540253.8849,5720533.0565],[32540227.645,5720506.568]],[[32542983.7197,5732078.3065],[32542960.4789,5732074.3085],[32542928.2417,5732077.8076],[32542891.2566,5732090.3031],[32542853.5219,5732113.2945],[32542819.5358,5732141.2838],[32542791.5472,5732167.2738],[32542772.3053,5732192.7638],[32542764.3088,5732219.2533],[32542767.8078,5732243.7434],[32542779.3035,5732263.2354],[32542797.0467,5732277.2295],[32542818.2884,5732286.7253],[32542845.2778,5732289.7237],[32542878.2646,5732287.2242],[32542913.7505,5732281.226],[32542947.2371,5732273.2287],[32542971.2274,5732262.2328],[32542985.2217,5732253.2362],[32543000.2156,5732240.2412],[32543015.7092,5732223.2478],[32543029.2035,5732202.256],[32543037.9497,5732178.2655],[32543039.9485,5732152.2759],[32543032.9509,5732126.7863],[32543019.206,5732105.2951],[32543001.7127,5732088.802],[32542983.7197,5732078.3065]],[[32543297.9927,5727938.9897],[32543353.7572,5727629.5889],[32543276.2895,5727742.5443],[32543243.6403,5727786.3767],[32543153.2876,5728106.7349],[32543159.7693,5728121.0274],[32543172.0867,5728139.8864],[32543189.0802,5728157.3791],[32543230.5643,5728193.8637],[32543256.5528,5728108.8974],[32543279.7923,5728022.9316],[32543297.9927,5727938.9897]],[[32528145.1357,5725713.2246],[32528131.0225,5725712.1026],[32528094.2874,5725730.5954],[32528079.0435,5725735.5935],[32528049.3054,5725741.5913],[32528037.3103,5725750.5878],[32528032.8123,5725768.5804],[32528037.0609,5725787.5726],[32528047.5569,5725801.5667],[32528071.948,5725819.3595],[32528108.5333,5725846.0477],[32528155.2653,5725885.531],[32528233.2341,5725876.034],[32528274.4676,5725869.0364],[32528294.2097,5725864.0383],[32528315.2012,5725854.542],[32528335.9428,5725839.0481],[32528352.6858,5725820.0558],[32528355.7958,5725814.3142],[32528362.4317,5725802.0631],[32528362.9313,5725784.5702],[32528353.7476,5725768.3902],[32528333.1926,5725750.0848],[32528309.4519,5725738.09],[32528301.0652,5725735.5442],[32528281.4629,5725729.5938],[32528249.9753,5725723.5966],[32528212.7401,5725718.599],[32528145.1357,5725713.2246]],[[32541441.2429,5726061.2641],[32541418.7518,5726059.2653],[32541399.2596,5726066.2628],[32541387.5144,5726077.7583],[32541381.2671,5726091.7527],[32541378.0186,5726106.7466],[32541376.5195,5726127.738],[32541379.0193,5726184.7146],[32541382.2683,5726206.7055],[32541403.2612,5726291.6703],[32541404.5109,5726307.164],[32541433.25,5726341.6493],[32541446.2452,5726363.6401],[32541453.9925,5726387.6301],[32541455.8759,5726412.6525],[32541453.9931,5726435.1106],[32541457.242,5726447.1057],[32541466.9885,5726470.5959],[32541482.7325,5726488.5882],[32541504.7237,5726482.5903],[32541530.4631,5726457.6001],[32541542.4581,5726438.6076],[32541550.9544,5726412.1183],[32541551.9538,5726398.6239],[32541550.2043,5726385.1294],[32541541.4574,5726359.1402],[32541523.714,5726328.653],[32541507.9699,5726307.1621],[32541500.4726,5726283.1721],[32541493.7278,5726218.9898],[32541485.9763,5726145.2289],[32541475.7298,5726104.2459],[32541460.7354,5726076.2576],[32541441.2429,5726061.2641]],[[32529154.6051,5724983.8915],[32529124.1172,5724980.8931],[32529085.1327,5724981.3933],[32529039.9478,5724984.9194],[32529021.4082,5724987.3915],[32529003.1655,5724994.3888],[32528985.9226,5725008.3832],[32528972.928,5725027.3755],[32528967.1806,5725048.8667],[32528970.1797,5725070.3578],[32528973.2346,5725076.9911],[32528978.9265,5725089.3499],[32528991.6716,5725104.3436],[32529006.9157,5725113.8395],[32529025.1585,5725119.3371],[32529048.3993,5725123.835],[32529112.8738,5725134.8298],[32529156.584,5725140.2391],[32529184.5954,5725139.827],[32529212.5842,5725133.8291],[32529231.8263,5725121.8339],[32529239.46,5725110.3052],[32529244.0712,5725103.3414],[32529250.8182,5725078.8514],[32529249.8182,5725052.3623],[32529238.3224,5725025.8734],[32529219.8295,5725005.8818],[32529199.3375,5724994.3867],[32529154.6051,5724983.8915]],[[32539940.0101,5737654.6081],[32539924.0162,5737638.6147],[32539905.2736,5737634.1168],[32539876.3492,5737638.6842],[32539857.7925,5737641.6145],[32539845.7972,5737639.1156],[32539816.5586,5737625.6215],[32539798.0658,5737614.1264],[32539763.8289,5737582.6395],[32539751.084,5737587.1379],[32539741.338,5737596.6342],[32539732.8416,5737609.1293],[32539725.595,5737642.1161],[32539729.5938,5737673.1036],[32539740.8398,5737698.5931],[32539756.084,5737715.0863],[32539785.5725,5737731.0794],[32539849.7869,5737762.7889],[32539907.0252,5737791.0536],[32539948.7591,5737818.5419],[32539963.1261,5737822.7779],[32539976.2482,5737818.5416],[32539985.2443,5737801.0485],[32539986.7433,5737774.5591],[32539982.4947,5737751.5684],[32539974.2476,5737728.078],[32539953.2552,5737679.098],[32539940.0101,5737654.6081]],[[32539823.5547,5720475.5896],[32539795.3159,5720473.591],[32539784.3204,5720487.0857],[32539773.075,5720496.5821],[32539760.0803,5720502.0801],[32539729.8422,5720502.0807],[32539727.0933,5720502.0808],[32539713.5991,5720530.5694],[32539703.8533,5720558.5581],[32539698.356,5720590.0453],[32539702.1049,5720616.5343],[32539715.3499,5720634.5266],[32539735.3421,5720646.5212],[32539760.0824,5720654.0176],[32539788.8211,5720657.5155],[32539819.5588,5720655.0159],[32539848.7972,5720649.0177],[32539872.5376,5720639.5211],[32539894.5287,5720626.0262],[32539916.2698,5720606.5337],[32539930.7637,5720581.5437],[32539931.0132,5720554.055],[32539922.1448,5720535.2758],[32539918.2679,5720527.0663],[32539901.0244,5720505.5756],[32539882.2816,5720490.0823],[32539866.038,5720482.086],[32539823.5547,5720475.5896]],[[32532158.6304,5722871.2338],[32532124.394,5722870.2346],[32532112.6488,5722876.732],[32532107.6509,5722888.2273],[32532107.1513,5722902.2215],[32532122.6471,5723042.1635],[32532127.039,5723103.1622],[32532131.8952,5723170.6102],[32532135.3943,5723202.0972],[32532140.8923,5723215.5915],[32532150.1387,5723222.5886],[32532163.3721,5723225.1374],[32532184.6057,5723226.9902],[32532208.6155,5723229.0853],[32532219.861,5723222.5879],[32532224.8587,5723204.0955],[32532221.3587,5723105.6363],[32532214.8598,5722998.1808],[32532210.3611,5722965.1945],[32532203.1136,5722937.2061],[32532186.6195,5722887.2269],[32532180.8716,5722878.7305],[32532171.8751,5722873.7327],[32532158.6304,5722871.2338]],[[32531063.066,5722850.2528],[32531026.8303,5722848.254],[32531000.3422,5722945.2142],[32530996.3441,5722966.2055],[32530994.845,5722984.1981],[32530996.3446,5723000.6913],[32531001.5927,5723015.6851],[32531012.0888,5723032.1781],[32531042.3273,5723067.6632],[32531079.5625,5723070.6616],[32531097.3054,5723068.6623],[32531111.0498,5723059.6658],[32531120.046,5723042.6728],[32531147.0338,5722939.2153],[32531151.5316,5722909.7274],[32531151.5312,5722884.7377],[32531142.5346,5722867.7448],[32531125.5412,5722859.2485],[32531063.066,5722850.2528]],[[32533995.9452,5726113.8719],[32533973.2042,5726111.873],[32533948.2142,5726115.3718],[32533925.2235,5726124.3684],[32533906.731,5726138.8626],[32533891.9872,5726161.3534],[32533879.9924,5726193.8401],[32533873.4955,5726227.8261],[32533876.2448,5726254.3151],[32533889.4898,5726274.8064],[32533915.2298,5726290.7995],[32533943.7296,5726299.4208],[32533962.7388,5726300.492],[32533970.458,5726300.7947],[32533992.4491,5726294.2972],[32534012.1911,5726283.3015],[32534027.4349,5726269.8069],[32534036.4311,5726256.3124],[32534047.4263,5726225.8249],[32534050.9246,5726205.3334],[32534049.6748,5726181.3434],[32534043.4269,5726157.3534],[32534032.1811,5726136.3622],[32534015.9374,5726121.8684],[32533995.9452,5726113.8719]],[[32544509.8739,5732713.0277],[32544485.1337,5732711.5287],[32544459.6438,5732713.0285],[32544437.1529,5732721.5254],[32544421.6593,5732740.518],[32544413.163,5732766.0079],[32544411.664,5732791.4977],[32544420.161,5732818.9866],[32544442.6526,5732848.4744],[32544471.6414,5732869.9653],[32544497.6312,5732875.4627],[32544521.3717,5732870.9641],[32544544.1126,5732863.9666],[32544564.3545,5732859.9679],[32544580.8479,5732858.968],[32544593.8427,5732855.4692],[32544603.5887,5732845.4731],[32544610.5857,5732827.98],[32544614.084,5732806.4886],[32544611.5846,5732783.4978],[32544601.3383,5732760.5072],[32544583.0953,5732740.5155],[32544559.8543,5732726.5215],[32544534.3643,5732717.0257],[32544509.8739,5732713.0277]],[[32541374.4592,5721833.9985],[32541340.4726,5721827.5018],[32541309.235,5721827.5025],[32541286.744,5721834.0003],[32541271.2503,5721844.4963],[32541261.0045,5721854.9922],[32541254.7572,5721871.9854],[32541252.5085,5721897.9748],[32541255.7576,5721926.463],[32541265.5041,5721949.9532],[32541276.2412,5721961.0055],[32541282.4976,5721967.4457],[32541305.7386,5721981.4395],[32541332.2282,5721989.9354],[32541359.2175,5721991.934],[32541381.7086,5721988.9348],[32541397.7022,5721984.4363],[32541408.6977,5721977.9387],[32541416.4445,5721970.9414],[32541423.4416,5721960.4456],[32541429.439,5721942.9526],[32541432.9373,5721919.962],[32541432.5283,5721907.9028],[32541431.9373,5721890.4741],[32541422.1907,5721863.4854],[32541402.1984,5721845.4932],[32541374.4592,5721833.9985]],[[32535345.9292,5727511.2723],[32535359.4238,5727507.7735],[32535389.6619,5727509.7722],[32535404.9058,5727506.7732],[32535416.4011,5727500.2757],[32535425.6473,5727489.2801],[32535433.8938,5727473.2865],[32535435.8928,5727456.2935],[32535428.1457,5727442.7993],[32535414.4009,5727430.8045],[32535383.163,5727410.3135],[32535367.6691,5727407.8148],[32535350.426,5727409.8142],[32535327.7491,5727415.9623],[32535312.1913,5727423.3093],[32535299.6965,5727436.8039],[32535273.9572,5727474.2888],[32535250.217,5727500.2784],[32535183.7442,5727563.7532],[32535213.0823,5727584.0147],[32535220.1403,5727588.8891],[32535248.7191,5727608.7335],[32535254.9666,5727605.7346],[32535288.2031,5727585.7424],[32535303.6968,5727572.2477],[32535312.6931,5727560.7523],[32535322.4389,5727539.7609],[32535332.4347,5727523.7673],[32535345.9292,5727511.2723]],[[32545670.4937,5738158.8252],[32545648.7523,5738156.3265],[32545620.7634,5738157.3265],[32545592.0249,5738161.3253],[32545568.0345,5738167.823],[32545550.7915,5738177.8192],[32545538.5466,5738192.3136],[32545531.2997,5738208.8071],[32545528.3011,5738226.3001],[32545536.798,5738243.793],[32545560.039,5738261.2856],[32545590.777,5738275.2796],[32545623.0144,5738283.7757],[32545670.9954,5738288.7731],[32545689.738,5738287.2734],[32545708.9802,5738282.2751],[32545724.7238,5738272.2789],[32545732.4705,5738256.785],[32545733.7198,5738237.7926],[32545730.9706,5738217.3009],[32545722.2237,5738197.8088],[32545706.9795,5738180.3161],[32545688.4867,5738166.8217],[32545670.4937,5738158.8252]],[[32539661.1673,5723871.6965],[32539635.6774,5723869.6978],[32539612.9364,5723873.1968],[32539593.6942,5723882.6933],[32539579.9499,5723898.6869],[32539573.9526,5723921.6776],[32539578.7011,5723948.6664],[32539594.1953,5723975.655],[32539616.9366,5723997.6455],[32539643.4263,5724010.6397],[32539671.6651,5724013.1381],[32539699.654,5724006.6402],[32539723.3944,5723993.6451],[32539739.3878,5723975.6522],[32539745.1352,5723955.1605],[32539742.8858,5723934.669],[32539735.1386,5723916.1767],[32539724.8925,5723901.6829],[32539709.3984,5723889.6881],[32539686.9072,5723879.1929],[32539661.1673,5723871.6965]],[[32533584.6455,5723275.281],[32533541.5858,5723267.0567],[32533539.3967,5723348.5997],[32533538.3388,5723388.0066],[32533658.5413,5723412.4953],[32533667.5319,5723414.4595],[32533688.2795,5723418.9923],[32533696.0247,5723296.543],[32533690.7768,5723295.5435],[32533685.5289,5723294.5439],[32533680.281,5723293.5444],[32533675.033,5723292.5449],[32533584.6455,5723275.281]],[[32539455.0042,5724240.0489],[32539433.5126,5724231.5529],[32539405.0239,5724232.0532],[32539376.7852,5724238.5511],[32539355.7937,5724248.5474],[32539341.7994,5724261.5423],[32539331.3038,5724279.0353],[32539327.0558,5724302.5257],[32539331.5545,5724332.5133],[32539345.5493,5724358.5023],[32539366.0414,5724370.9968],[32539389.2822,5724373.9951],[32539415.4008,5724369.8554],[32539431.2654,5724364.4982],[32539447.5088,5724355.0018],[32539476.9967,5724326.0132],[32539485.2432,5724305.0216],[32539481.7442,5724281.0316],[32539471.4594,5724260.4629],[32539455.0042,5724240.0489]],[[32537663.4697,5724616.9278],[32537645.4767,5724609.4312],[32537627.7337,5724610.4312],[32537614.4891,5724617.4285],[32537597.2461,5724629.4239],[32537588.2497,5724632.4228],[32537577.7539,5724635.9216],[32537569.0075,5724642.9189],[32537560.7609,5724653.4147],[32537559.0121,5724689.8997],[32537564.2604,5724715.389],[32537583.7529,5724734.8806],[32537611.2422,5724746.3754],[32537631.602,5724752.4395],[32537653.7255,5724756.3704],[32537667.4701,5724756.87],[32537680.9647,5724754.8706],[32537696.2086,5724747.8732],[32537707.7038,5724733.3789],[32537709.4527,5724707.3896],[32537704.2044,5724678.4017],[32537698.2065,5724655.9111],[32537690.7092,5724639.9178],[32537679.2136,5724628.4228],[32537663.4697,5724616.9278]],[[32539562.4451,5723071.5275],[32539539.704,5723069.5288],[32539521.4614,5723075.0269],[32539506.2176,5723087.0223],[32539495.2222,5723106.0147],[32539489.2249,5723131.5043],[32539491.4744,5723156.494],[32539502.9701,5723176.9853],[32539520.4634,5723192.4786],[32539540.9555,5723203.9735],[32539557.9488,5723209.9707],[32539571.1935,5723207.9712],[32539604.9299,5723189.9779],[32539621.673,5723173.9842],[32539627.4205,5723153.4925],[32539625.6708,5723131.0018],[32539620.1727,5723110.5103],[32539608.1772,5723093.0177],[32539586.9355,5723079.5237],[32539562.4451,5723071.5275]],[[32539684.8925,5722786.1424],[32539661.1519,5722785.6431],[32539642.1594,5722788.6422],[32539629.4146,5722798.1386],[32539620.6683,5722815.1318],[32539616.6702,5722836.623],[32539617.1207,5722844.729],[32539617.9201,5722859.1138],[32539625.4174,5722880.105],[32539638.9123,5722898.0973],[32539657.905,5722911.5914],[32539681.8955,5722918.588],[32539703.8868,5722919.5871],[32539718.8808,5722915.0887],[32539729.6264,5722905.0926],[32539739.3724,5722890.0986],[32539746.1194,5722872.1058],[32539746.619,5722853.6134],[32539740.6211,5722834.1215],[32539728.1257,5722811.631],[32539708.8831,5722794.1386],[32539684.8925,5722786.1424]]]],"crs":{"type":"EPSG","properties":{"code":4647}}},"properties":{"FL_NR":42940,"BR":5,"BR_NAME":"BERGLAND","BGL":15,"BGL_NAME":" Höhenzüge","BL":15,"BL_NAME":"Silikatsteingebiete","BR_BGL_BL_NAME":"BERGLAND /  Höhenzüge / Silikatsteingebiete","TKNR":null,"TKNAME":null,"UP_DATE":"2018-09-06T14:14:18.0000000"}}]}