{"type": "FeatureCollection","features":[{"type":"Feature","geometry":{"type":"Polygon","coordinates":[[[32499929.2066,5914355.1628],[32499923.1857,5914357.3772],[32499913.3509,5914368.6299],[32499896.7402,5914396.5527],[32499886.0123,5914420.8684],[32499879.3136,5914443.8981],[32499876.0661,5914467.5691],[32499876.0193,5914506.6471],[32499877.4448,5914536.602],[32499879.8728,5914553.4545],[32499880.4368,5914557.1125],[32499880.8447,5914560.0835],[32499881.2558,5914563.0541],[32499884.188,5914580.9608],[32499898.7191,5914676.5506],[32499900.389,5914687.5359],[32499902.9159,5914712.0071],[32499904.4001,5914726.3805],[32499904.926,5914731.4731],[32499905.6283,5914738.2743],[32499906.8737,5914763.1343],[32499907.8086,5914781.7975],[32499908.0281,5914786.1783],[32499908.0645,5914798.4353],[32499908.1586,5914830.1515],[32499908.1796,5914837.2211],[32499907.5346,5914848.3877],[32499905.8883,5914876.8884],[32499905.241,5914888.0935],[32499903.7183,5914901.8393],[32499900.555,5914930.3954],[32499899.2843,5914941.8659],[32499897.5149,5914951.8243],[32499893.5667,5914974.0457],[32499890.9086,5914989.006],[32499888.1824,5914996.8886],[32499878.684,5915024.353],[32499873.808,5915038.4518],[32499873.2247,5915040.0856],[32499872.2377,5915042.9223],[32499871.2786,5915045.7654],[32499852.7474,5915092.6629],[32499833.7554,5915122.1514],[32499808.0161,5915152.1399],[32499745.5418,5915212.6168],[32499721.3019,5915246.1038],[32499703.0596,5915278.5912],[32499679.3198,5915331.5705],[32499667.3249,5915354.0617],[32499651.5814,5915370.5554],[32499647.8127,5915372.0454],[32499630.09,5915379.0523],[32499605.1,5915379.0527],[32499581.3593,5915372.5556],[32499559.8677,5915358.5615],[32499541.8745,5915334.5713],[32499529.3789,5915298.5858],[32499523.1308,5915252.6041],[32499521.8805,5915201.6244],[32499524.3788,5915151.6442],[32499522.6288,5915097.6657],[32499511.6323,5915036.1903],[32499495.138,5914975.7146],[32499476.6446,5914923.7355],[32499447.5236,5914875.2674],[32499406.7869,5914846.1706],[32499331.1336,5914822.8939],[32499249.6609,5914807.3765],[32499174.0078,5914803.498],[32499121.6325,5914787.9802],[32498985.8437,5914696.8106],[32498947.0471,5914689.0519],[32498914.0702,5914689.0524],[32498865.575,5914710.3911],[32498802.5956,5914750.0254],[32498772.4643,5914758.888],[32498734.8481,5914758.1154],[32498704.5706,5914753.0695],[32498623.0975,5914718.1539],[32498549.3839,5914689.0577],[32498432.8062,5914675.3495],[32498382.3262,5914672.8512],[32498277.3678,5914662.3569],[32498239.2014,5914658.5828],[32498190.1523,5914650.363],[32498150.168,5914637.3687],[32498115.4316,5914620.376],[32498071.4486,5914585.3905],[32498050.7067,5914576.8942],[32498029.2152,5914574.3955],[32498007.9737,5914576.8948],[32497911.7623,5914598.3877],[32497870.2788,5914601.3871],[32497836.2918,5914561.9033],[32497813.8001,5914522.4193],[32497798.8055,5914482.9352],[32497777.945,5914409.1998],[32497755.8205,5914330.9962],[32497734.8279,5914264.0231],[32497713.3356,5914204.5471],[32497682.8468,5914142.0724],[32497638.1135,5914064.6038],[32497607.0665,5914017.3662],[32497585.8832,5913985.1361],[32497533.6529,5913915.6645],[32497468.178,5913843.6941],[32497383.9603,5913761.7279],[32497298.7431,5913685.2595],[32497230.2696,5913631.7817],[32497177.2901,5913596.7964],[32497127.0597,5913567.3089],[32497093.341,5913550.8166],[32497081.0777,5913544.8185],[32497039.8439,5913531.3244],[32496998.3603,5913527.3266],[32496952.8784,5913530.8259],[32496867.1627,5913545.3214],[32496839.6738,5913554.3182],[32496811.9351,5913574.8105],[32496787.6951,5913600.3007],[32496755.9584,5913645.2833],[32496739.7151,5913661.777],[32496723.3256,5913668.0636],[32496721.4724,5913668.7745],[32496701.4803,5913661.7775],[32496690.2344,5913640.2862],[32496695.232,5913609.7983],[32496710.7254,5913575.3118],[32496750.2087,5913504.8392],[32496764.7024,5913468.8533],[32496774.6979,5913429.8686],[32496780.6949,5913388.385],[32496779.6947,5913348.9007],[32496769.4484,5913316.4138],[32496751.705,5913289.4248],[32496731.1626,5913269.7389],[32496624.7418,5913188.8128],[32496525.0427,5913112.9982],[32496484.0584,5913076.5133],[32496452.3206,5913040.5281],[32496431.8282,5913007.5415],[32496424.5807,5912981.0521],[32496417.583,5912942.0677],[32496400.8391,5912907.5816],[32496375.8487,5912877.5939],[32496345.1105,5912852.1045],[32496311.1237,5912827.1149],[32496276.067,5912795.8822],[32496246.6484,5912761.6419],[32496223.657,5912721.6581],[32496212.6606,5912671.6781],[32496212.9097,5912610.7024],[32496223.6535,5912478.2548],[32496219.9042,5912420.2779],[32496205.6592,5912374.2964],[32496184.6671,5912340.81],[32496160.1766,5912321.3181],[32496114.1946,5912306.8246],[32496063.2147,5912295.3299],[32496013.9841,5912281.8359],[32495973.2501,5912263.3439],[32495955.7158,5912250.3059],[32495934.2652,5912234.356],[32495889.2825,5912194.8723],[32495842.5504,5912149.8909],[32495798.5673,5912102.9102],[32495716.0987,5912003.9507],[32495671.1159,5911959.4691],[32495620.6355,5911926.4829],[32495569.1558,5911910.49],[32495521.4247,5911906.9921],[32495419.4654,5911914.4906],[32495368.9855,5911919.9891],[32495321.5046,5911932.4849],[32495277.5223,5911950.9782],[32495237.7884,5911972.4702],[32495202.3026,5911978.4683],[32495184.5596,5911973.4706],[32495170.8148,5911956.4775],[32495167.3159,5911932.9869],[32495174.3128,5911909.996],[32495186.8075,5911884.0061],[32495199.0521,5911852.5184],[32495209.0474,5911801.5385],[32495199.5506,5911755.0572],[32495178.8082,5911714.0737],[32495155.0672,5911679.5878],[32495127.0779,5911649.6001],[32495091.0918,5911622.6114],[32495051.8571,5911601.1205],[32495013.872,5911588.1262],[32494979.8854,5911578.6305],[32494948.3977,5911564.6365],[32494918.6593,5911546.6441],[32494890.6701,5911522.654],[32494866.4293,5911493.6659],[32494830.943,5911464.6779],[32494790.2089,5911437.1894],[32494716.9874,5911394.2076],[32494687.7486,5911368.2183],[32494666.5066,5911335.7316],[32494656.0102,5911297.247],[32494653.0107,5911248.2665],[32494652.0103,5911190.7894],[32494654.5085,5911134.3118],[32494661.2552,5911087.3304],[32494673.9995,5911045.3469],[32494693.2412,5911000.3645],[32494718.2307,5910954.3824],[32494747.7183,5910909.3998],[32494822.9369,5910806.4396],[32494845.7052,5910777.8461],[32494865.9191,5910752.4605],[32494961.3797,5910651.4992],[32495114.6896,5910485.2162],[32495177.0406,5910417.589],[32495216.7741,5910365.6091],[32495250.0101,5910311.1303],[32495273.2501,5910256.6516],[32495286.494,5910199.1742],[32495291.9909,5910135.6994],[32495289.7409,5910072.2246],[32495280.2439,5910013.748],[32495265.2491,5909961.2691],[32495230.7614,5909859.3101],[32495215.0168,5909803.8324],[32495168.7828,5909635.8998],[32495143.8672,5909529.4147],[32495132.0449,5909454.4724],[32495127.2958,5909385.0001],[32495280.7127,5909335.2004],[32495323.3918,5909544.7005],[32495354.4307,5909676.6079],[32495433.9667,5909915.2048],[32495536.7768,5909886.106],[32495517.3774,5909802.6939],[32495482.4609,5909812.3935],[32495459.1819,5909736.7408],[32495497.9781,5909721.2217],[32495470.8193,5909630.0505],[32495400.9835,5909469.0464],[32495356.3659,5909344.8984],[32495327.2673,5909255.6671],[32495305.7247,5909134.2296],[32495314.7177,5909136.5961],[32495353.9525,5909158.5868],[32495388.9389,5909185.5756],[32495414.1792,5909211.0651],[32495438.17,5909231.0568],[32495469.1578,5909241.0523],[32495501.6448,5909237.0535],[32495530.633,5909213.0626],[32495561.1201,5909159.0836],[32495634.8387,5909010.6415],[32495664.5761,5908961.1607],[32495694.5637,5908928.1734],[32495734.7973,5908893.6865],[32495752.6896,5908880.796],[32495781.2783,5908860.1991],[32495878.7387,5908798.7221],[32495922.9705,5908759.2372],[32495957.7061,5908714.7544],[32495978.4472,5908668.2725],[32496003.9355,5908558.3159],[32496022.1773,5908493.3414],[32496047.1664,5908424.8683],[32496093.8966,5908338.9017],[32496124.3931,5908297.4252],[32496185.8583,5908218.4483],[32496207.5991,5908177.964],[32496211.0677,5908136.3333],[32496211.8467,5908126.9842],[32496209.347,5908078.0037],[32496201.5995,5908037.0201],[32496189.8538,5908009.0314],[32496174.3597,5907994.0376],[32496155.6171,5907989.5397],[32496135.3752,5907994.0382],[32496115.8832,5908007.0333],[32496099.1401,5908028.525],[32496067.9034,5908086.0026],[32496047.162,5908112.9922],[32495998.1822,5908162.4733],[32495978.6903,5908187.4636],[32495959.1986,5908230.4468],[32495944.7047,5908249.9393],[32495924.463,5908267.9324],[32495898.9734,5908285.4258],[32495870.4849,5908303.4191],[32495840.4971,5908319.913],[32495808.2601,5908331.9087],[32495773.7739,5908336.9072],[32495739.0377,5908337.4075],[32495706.3008,5908341.4064],[32495675.5631,5908350.9031],[32495646.8248,5908368.3966],[32495624.3341,5908393.8868],[32495608.8407,5908422.8755],[32495595.5964,5908452.3639],[32495579.853,5908479.3534],[32495553.3639,5908506.8429],[32495516.1291,5908534.8323],[32495476.1454,5908558.8234],[32495440.6597,5908572.8183],[32495410.422,5908590.3118],[32495383.1832,5908621.2999],[32495361.9422,5908657.2859],[32495350.6971,5908689.2734],[32495338.9521,5908714.2636],[32495318.9604,5908735.2555],[32495297.7191,5908754.2483],[32495269.2309,5908788.2352],[32495251.2382,5908800.2307],[32495227.2479,5908807.2283],[32495195.5105,5908809.2279],[32495158.5252,5908808.2289],[32495120.0405,5908804.231],[32495081.8056,5908796.7346],[32495045.5698,5908784.7399],[32495024.578,5908772.2451],[32495006.3351,5908764.2486],[32494986.8428,5908761.7499],[32494937.8624,5908768.7478],[32494918.8699,5908765.2495],[32494907.1244,5908753.2544],[32494902.8758,5908731.763],[32494905.1244,5908697.2767],[32494925.864,5908542.8378],[32494930.1116,5908489.3589],[32494929.3611,5908434.8806],[32494921.8633,5908379.9026],[32494906.3687,5908324.4248],[32494882.8773,5908272.4458],[32494854.1381,5908227.9639],[32494822.4002,5908191.4789],[32494789.9127,5908161.9911],[32494758.9247,5908142.4993],[32494726.6874,5908131.5041],[32494689.7021,5908127.0065],[32494382.8241,5908130.5095],[32494359.8333,5908132.0093],[32494340.5909,5908130.0104],[32494294.609,5908116.5164],[32494250.3759,5908066.0371],[32494211.6403,5907993.5665],[32494180.9014,5907916.5975],[32494142.9149,5907803.6429],[32494119.4236,5907754.6628],[32494089.4349,5907708.6815],[32494052.9488,5907668.6979],[32494010.7151,5907632.7128],[32493963.9832,5907600.2264],[32493913.253,5907571.7385],[32493806.045,5907524.2589],[32493772.6407,5907501.1609],[32493759.0632,5907491.7725],[32493719.0786,5907454.288],[32493688.0903,5907412.8049],[32493665.3488,5907370.3221],[32493649.1046,5907326.8396],[32493624.6131,5907238.3752],[32493605.1203,5907199.8907],[32493599.8302,5907195.1423],[32493573.3825,5907171.4025],[32493533.648,5907150.4114],[32493452.18,5907117.4257],[32493411.446,5907105.9309],[32493372.2115,5907098.9343],[32493300.9898,5907093.4375],[32493240.3983,5907092.7796],[32493201.7792,5907093.9387],[32493160.7956,5907100.9365],[32493125.06,5907115.4313],[32493043.8429,5907156.916],[32493002.1098,5907176.4088],[32492954.6291,5907204.8982],[32492913.6455,5907211.896],[32492882.4078,5907204.8993],[32492858.1672,5907185.9072],[32492838.1747,5907157.4188],[32492846.1711,5907124.9316],[32492865.9128,5907095.9428],[32492891.6522,5907069.453],[32492921.448,5907042.4463],[32492958.3748,5907008.976],[32492971.8691,5906986.9846],[32492979.1158,5906954.4974],[32492977.366,5906917.5121],[32492964.3707,5906886.5246],[32492941.1296,5906861.5349],[32492870.4072,5906821.5518],[32492831.4222,5906789.5651],[32492762.1988,5906720.0937],[32492731.9604,5906693.6047],[32492701.2224,5906677.1117],[32492672.7337,5906671.1145],[32492649.493,5906677.6122],[32492623.0036,5906682.6106],[32492585.5184,5906675.6139],[32492492.555,5906651.125],[32492419.0841,5906640.6303],[32492388.0965,5906643.1297],[32492354.1455,5906659.647],[32492340.2761,5906651.7526],[32492320.1162,5906646.0135],[32492281.9353,5906637.9573],[32492240.2908,5906632.6018],[32492228.4923,5906634.288],[32492220.2141,5906642.8609],[32492194.96,5906719.6988],[32492184.1737,5906725.4654],[32492152.6305,5906742.3292],[32492127.0523,5906757.9405],[32492092.5788,5906781.9307],[32492077.0138,5906794.23],[32492052.564,5906813.5499],[32492037.0439,5906822.9008],[32492025.7992,5906826.6983],[32492013.6403,5906826.419],[32492005.2551,5906823.3061],[32491995.8426,5906815.8134],[32491990.618,5906808.4077],[32491982.8866,5906792.1316],[32491975.135,5906763.2039],[32491964.1538,5906675.4111],[32491962.3799,5906648.4406],[32491962.9355,5906630.4791],[32491966.5144,5906609.7116],[32491974.9233,5906590.5753],[32491987.5152,5906570.0469],[32491992.4142,5906563.3429],[32492019.3591,5906526.4703],[32492027.662,5906507.1371],[32492033.5604,5906483.8417],[32492035.6213,5906462.7992],[32492034.1069,5906441.9147],[32492028.0419,5906421.6943],[32492020.5139,5906408.701],[32492008.023,5906395.7136],[32491991.1438,5906382.9401],[32491969.7976,5906372.296],[32491940.2287,5906366.787],[32491919.4295,5906369.6121],[32491877.1675,5906385.0296],[32491865.7953,5906389.1782],[32491845.3899,5906393.6426],[32491815.3702,5906394.5286],[32491804.2284,5906389.8175],[32491795.3283,5906382.004],[32491787.9093,5906368.814],[32491776.5854,5906341.2586],[32491772.8366,5906320.267],[32491777.3345,5906299.2753],[32491792.5781,5906273.7852],[32491805.5725,5906245.7961],[32491804.5726,5906218.8069],[32491792.0771,5906191.8178],[32491771.335,5906164.329],[32491747.0944,5906147.3361],[32491716.8563,5906134.8415],[32491681.8701,5906126.8452],[32491602.4015,5906117.8499],[32491564.9163,5906110.3534],[32491532.4291,5906100.8577],[32491506.9391,5906090.3622],[32491475.7012,5906069.8708],[32491404.9785,5906008.3963],[32491372.9908,5905979.4083],[32491340.5033,5905948.4211],[32491311.5144,5905914.9348],[32491287.7733,5905881.9482],[32491272.529,5905850.9608],[32491257.7845,5905825.9709],[32491237.0425,5905810.4774],[32491213.052,5905803.4805],[32491189.5613,5905804.9803],[32491163.3219,5905815.4765],[32491133.584,5905834.4693],[32491113.8172,5905851.2093],[32491082.4727,5905891.4084],[32491051.4564,5905924.0339],[32491037.1139,5905934.7926],[32491017.2696,5905943.7103],[32490991.593,5905949.1359],[32490967.6285,5905948.0127],[32490944.6487,5905941.1975],[32490929.4198,5905931.8389],[32490924.2217,5905928.6446],[32490904.625,5905920.9895],[32490889.9726,5905918.2755],[32490865.8762,5905918.6183],[32490845.101,5905921.7602],[32490831.1947,5905927.2999],[32490815.9661,5905941.7809],[32490806.9656,5905954.9262],[32490785.3408,5906050.0171],[32490769.0472,5906121.6652],[32490756.205,5906167.819],[32490748.6297,5906184.2599],[32490738.8926,5906199.2803],[32490725.0376,5906210.9348],[32490719.5412,5906213.3004],[32490711.7571,5906213.8247],[32490691.7951,5906207.112],[32490678.9534,5906194.6962],[32490663.8239,5906168.7741],[32490648.3211,5906129.2687],[32490625.2893,5906056.8883],[32490614.7927,5906002.9099],[32490609.2943,5905959.9271],[32490607.2946,5905924.941],[32490609.7928,5905865.9644],[32490614.2906,5905837.9755],[32490623.5365,5905808.4871],[32490661.7703,5905736.5151],[32490713.4982,5905628.5573],[32490725.2431,5905600.5682],[32490731.7401,5905567.5813],[32490733.9887,5905531.5955],[32490732.9885,5905494.6102],[32490696.6918,5905488.8564],[32490692.0047,5905488.1134],[32490646.7727,5905485.1153],[32490597.7922,5905485.6158],[32490532.2137,5905490.8633],[32490494.5834,5905495.6133],[32490449.1016,5905506.1098],[32490412.6163,5905521.6041],[32490389.126,5905544.0955],[32490371.6333,5905569.5857],[32490351.6415,5905590.0778],[32490329.6504,5905601.5736],[32490306.1598,5905600.5743],[32490283.6685,5905585.0808],[32490262.6765,5905559.5912],[32490217.9433,5905487.6205],[32490191.2034,5905450.1358],[32490162.2144,5905417.6491],[32490105.2364,5905364.1712],[32490082.495,5905339.1814],[32490065.7513,5905313.192],[32490054.3431,5905286.7258],[32490043.5093,5905251.2169],[32490032.7631,5905216.231],[32490017.5187,5905184.2439],[32489994.7774,5905156.7552],[32489962.29,5905136.7636],[32489818.3465,5905084.7863],[32489780.8612,5905067.7936],[32489755.8709,5905051.3005],[32489737.8778,5905032.3083],[32489724.6327,5905009.3177],[32489713.6367,5904979.8295],[32489711.0057,5904971.6333],[32489700.6413,5904939.3458],[32489682.148,5904891.3651],[32489658.9065,5904843.3845],[32489630.9171,5904805.4],[32489596.1805,5904775.4125],[32489553.9469,5904747.924],[32489506.2156,5904724.434],[32489447.7222,5904704.614],[32489341.2805,5904674.4562],[32489285.5523,5904652.4658],[32489235.8217,5904623.478],[32489197.3366,5904591.4913],[32489169.847,5904559.0046],[32489151.6572,5904527.231],[32489135.3597,5904484.5347],[32489107.3695,5904393.0714],[32489087.6267,5904344.591],[32489059.6371,5904294.1114],[32489023.1509,5904244.6316],[32488979.4177,5904199.6501],[32488927.6877,5904159.167],[32488867.4611,5904122.6823],[32488838.4722,5904089.6959],[32488810.9826,5904051.2115],[32488785.9919,5904005.2302],[32488765.2493,5903948.2531],[32488748.5051,5903887.2776],[32488735.7594,5903830.8002],[32488726.7622,5903777.3216],[32488715.0155,5903674.8625],[32488698.0209,5903577.4015],[32488692.7724,5903537.4174],[32488691.2723,5903491.4357],[32488692.0214,5903443.4548],[32488695.2694,5903398.9724],[32488701.7663,5903362.9866],[32488712.0119,5903337.4966],[32488726.7558,5903320.0033],[32488744.7485,5903309.0074],[32488765.2402,5903301.0103],[32488746.747,5903259.0273],[32488722.756,5903223.0419],[32488696.2661,5903192.5544],[32488647.5348,5903144.0744],[32488630.5412,5903118.5848],[32488617.546,5903088.5969],[32488608.2992,5903052.6113],[32488605.2913,5903002.1774],[32488608.2978,5902959.6482],[32488624.0401,5902853.1903],[32488627.5379,5902799.7115],[32488623.7887,5902746.2328],[32488619.1839,5902715.729],[32488606.5441,5902641.7746],[32488600.2957,5902582.7981],[32488599.0452,5902511.8263],[32488601.0425,5902375.3805],[32488598.0429,5902322.9014],[32488590.2954,5902276.42],[32488567.5532,5902191.9539],[32488544.0619,5902142.4739],[32488508.3253,5902086.9965],[32488468.0906,5902034.5179],[32488458.9968,5902024.1074],[32488431.8544,5901993.0349],[32488394.1189,5901957.5495],[32488347.387,5901920.5649],[32488297.1564,5901884.0802],[32488248.4254,5901852.0936],[32488220.1863,5901834.1011],[32488197.4451,5901814.6092],[32488180.9513,5901791.1188],[32488172.7042,5901763.6298],[32488172.4539,5901733.1419],[32488178.9509,5901703.1538],[32488190.4459,5901673.1655],[32488206.1892,5901643.677],[32488226.4309,5901621.6854],[32488250.1712,5901609.1901],[32488274.1616,5901599.6935],[32488294.4033,5901587.1982],[32488360.3234,5901529.3454],[32488392.863,5901503.2301],[32488430.0978,5901478.2395],[32488458.8361,5901454.7484],[32488478.078,5901425.2599],[32488491.5722,5901391.2732],[32488502.3174,5901352.7883],[32488522.5583,5901279.817],[32488530.5547,5901254.327],[32488540.8003,5901229.3368],[32488553.7948,5901207.8452],[32488571.0377,5901186.3534],[32488627.2645,5901126.8763],[32488689.7937,5901054.9687],[32488754.4618,5900980.9324],[32488785.9488,5900942.4472],[32488809.2632,5900904.9893],[32488819.1847,5900878.972],[32488817.9348,5900855.4813],[32488801.1913,5900843.4863],[32488770.2036,5900843.9866],[32488730.9694,5900852.4838],[32488689.2362,5900866.4788],[32488648.7524,5900877.4751],[32488607.5189,5900882.9735],[32488562.5368,5900883.9737],[32488511.3071,5900880.4759],[32488462.8263,5900870.4805],[32488426.8403,5900852.4882],[32488400.3505,5900828.9979],[32488356.3671,5900767.523],[32488282.8951,5900681.0584],[32488246.6589,5900631.5786],[32488222.9177,5900588.596],[32488203.6748,5900546.613],[32488191.4291,5900506.1293],[32488188.4297,5900467.6446],[32488196.6759,5900432.1586],[32488213.9186,5900399.1714],[32488237.4088,5900367.1838],[32488288.3877,5900308.2065],[32488304.6309,5900284.7156],[32488312.6273,5900257.2264],[32488311.8771,5900219.2415],[32488305.1957,5900162.6519],[32488281.8852,5899947.8498],[32488273.388,5899904.867],[32488261.1423,5899866.8823],[32488244.8983,5899834.8952],[32488226.4053,5899810.905],[32488207.6626,5899795.9113],[32488188.67,5899787.4149],[32488150.4351,5899778.419],[32488134.1914,5899768.4233],[32488131.1315,5899765.5244],[32488119.9469,5899754.9288],[32488107.4516,5899737.9358],[32488092.4574,5899722.9419],[32488071.9654,5899713.9458],[32488047.2252,5899709.9478],[32487991.7472,5899707.9494],[32487968.7562,5899700.4527],[32487952.0127,5899685.4589],[32487943.5157,5899661.9683],[32487945.5146,5899640.9766],[32487957.0099,5899630.4806],[32487974.7528,5899626.9818],[32487994.495,5899626.4817],[32488017.7357,5899622.4829],[32488043.9751,5899609.9875],[32488067.4654,5899587.9959],[32488082.7089,5899556.0084],[32488093.2042,5899517.0238],[32488102.9497,5899476.0399],[32488107.4474,5899436.0557],[32488102.199,5899401.0697],[32488087.4545,5899378.5789],[32488068.9617,5899370.5823],[32488048.4699,5899371.0824],[32488008.4859,5899376.5808],[32487990.2431,5899373.5823],[32487975.2489,5899361.0874],[32487964.5028,5899334.0983],[32487958.2547,5899297.1131],[32487956.255,5899259.1282],[32487960.003,5899223.1425],[32487983.7427,5899161.1668],[32487987.7406,5899130.179],[32487982.7422,5899098.1918],[32487967.9976,5899066.2047],[32487951.0039,5899036.2169],[32487941.7572,5899008.7279],[32487943.5061,5898979.2396],[32487949.851,5898965.1394],[32487955.7234,5898952.089],[32487959.2494,5898944.2533],[32487977.2277,5898925.9344],[32488004.5414,5898910.615],[32488016.4526,5898903.9344],[32488051.2907,5898880.1393],[32488065.2326,5898864.509],[32488074.082,5898845.3112],[32488075.5239,5898821.5791],[32488075.2351,5898817.3982],[32488073.7493,5898795.8924],[32488073.2118,5898788.1116],[32488069.9807,5898773.5703],[32488056.2592,5898750.6383],[32488027.3286,5898713.7979],[32488022.576,5898707.7459],[32488016.5555,5898694.4289],[32488014.1474,5898676.2812],[32488015.1792,5898661.3914],[32488019.993,5898647.0091],[32488029.1537,5898631.3867],[32488046.96,5898615.6042],[32488064.3488,5898603.7011],[32488108.9911,5898573.1421],[32488124.9543,5898555.3217],[32488141.8862,5898530.4899],[32488152.4727,5898508.4994],[32488154.9153,5898503.4257],[32488156.7406,5898498.5011],[32488167.4318,5898469.6556],[32488178.1169,5898425.9465],[32488185.517,5898386.1004],[32488190.3124,5898327.8801],[32488191.744,5898201.8724],[32488186.8119,5898136.1415],[32488173.4398,5898028.9253],[32488165.2509,5897975.513],[32488155.4013,5897934.8043],[32488136.6727,5897880.887],[32488113.0006,5897825.7463],[32488087.5564,5897778.1653],[32488059.8609,5897738.9439],[32488020.9572,5897697.7478],[32488011.1772,5897689.3963],[32487982.0523,5897664.5255],[32487961.8532,5897651.9475],[32487939.4853,5897642.7477],[32487916.2846,5897636.8548],[32487889.4592,5897634.8122],[32487880.2057,5897634.1076],[32487862.6059,5897630.88],[32487839.8211,5897622.4299],[32487822.6224,5897610.8567],[32487810.4171,5897597.2811],[32487800.8744,5897582.0503],[32487788.0786,5897551.7018],[32487782.1917,5897537.7397],[32487766.5729,5897506.771],[32487760.5828,5897494.8941],[32487759.999,5897493.6912],[32487742.1203,5897452.3771],[32487728.3763,5897420.6176],[32487677.0886,5897318.9033],[32487665.3424,5897257.9277],[32487644.8498,5897201.4505],[32487618.6095,5897152.4703],[32487588.8708,5897113.9861],[32487551.8851,5897085.4979],[32487505.9031,5897062.5077],[32487458.4217,5897045.0154],[32487416.1883,5897033.0208],[32487405.692,5897001.5334],[32487388.1986,5896973.045],[32487364.4577,5896948.5551],[32487308.9792,5896910.0712],[32487293.4851,5896889.5795],[32487286.7375,5896869.0878],[32487287.4869,5896851.5947],[32487295.2336,5896837.1004],[32487307.4786,5896824.1054],[32487319.4736,5896807.6117],[32487326.2206,5896784.6208],[32487322.4716,5896753.6331],[32487308.7266,5896717.6476],[32487269.741,5896639.6792],[32487258.7448,5896603.1939],[32487259.7439,5896568.2078],[32487278.7353,5896490.2385],[32487284.2326,5896452.7533],[32487280.2338,5896428.7629],[32487267.9885,5896414.7686],[32487248.746,5896407.2719],[32487197.5163,5896396.7768],[32487169.2774,5896388.7804],[32487141.0384,5896373.7867],[32487114.7986,5896357.2937],[32487090.5581,5896348.2976],[32487067.5672,5896346.7985],[32487044.0766,5896352.2967],[32486998.595,5896370.2902],[32486951.3639,5896378.2877],[32486908.1642,5896378.2883],[32486862.649,5896370.2922],[32486820.4155,5896349.8009],[32486767.3133,5896308.6613],[32486733.9489,5896278.8304],[32486696.7132,5896241.3458],[32486647.232,5896185.3688],[32486499.4438,5896007.9746],[32486472.7984,5895974.955],[32486462.2717,5895948.4105],[32486461.3026,5895945.9667],[32486464.5508,5895911.4803],[32486490.5393,5895830.5121],[32486539.5195,5895806.5209],[32486596.2468,5895794.5249],[32486666.9488,5895790.3563],[32486731.1931,5895791.0243],[32486834.4022,5895804.0176],[32486872.8869,5895803.5173],[32486905.3739,5895793.021],[32486933.1126,5895773.0285],[32486957.8523,5895746.0389],[32486976.8443,5895708.5535],[32486988.0892,5895664.071],[32486993.3365,5895620.5882],[32486994.8354,5895587.1015],[32486998.8335,5895565.61],[32487010.3287,5895550.116],[32487028.3214,5895539.6199],[32487051.3122,5895532.6224],[32487063.0796,5895522.6496],[32487066.0561,5895520.1271],[32487063.5568,5895495.1371],[32487049.312,5895461.6506],[32487028.3198,5895423.1662],[32486982.3372,5895365.6897],[32486907.6158,5895286.2224],[32486830.6453,5895207.7547],[32486739.6801,5895109.7949],[32486693.4478,5895064.8135],[32486646.216,5895024.8301],[32486604.9821,5895000.3404],[32486569.496,5894990.8447],[32486535.0097,5894990.3454],[32486504.0221,5894994.3442],[32486478.0325,5895000.3422],[32486444.2961,5895014.3372],[32486404.3124,5895036.329],[32486363.329,5895062.3193],[32486326.594,5895088.3095],[32486288.3596,5895119.7975],[32486203.6444,5895194.2692],[32486171.4075,5895220.7591],[32486145.6679,5895232.2549],[32486119.6783,5895232.7551],[32486095.9376,5895225.2584],[32486076.1953,5895213.2635],[32486059.2018,5895196.7703],[32486042.2083,5895177.2782],[32486024.4651,5895161.7847],[32486005.7225,5895157.2867],[32486000.6615,5895160.8935],[32485983.9814,5895172.7809],[32485960.4912,5895206.7677],[32485929.8908,5895263.5395],[32485905.2646,5895309.2278],[32485892.27,5895323.7222],[32485876.0265,5895328.2207],[32485852.2858,5895322.7232],[32485828.2952,5895307.2297],[32485812.3012,5895282.2399],[32485787.0602,5895215.2669],[32485775.0646,5895186.2785],[32485759.8203,5895160.7889],[32485739.5781,5895140.2973],[32485712.8385,5895125.3037],[32485682.6004,5895120.8059],[32485651.8627,5895125.8044],[32485620.8751,5895133.3018],[32485589.3877,5895137.8005],[32485558.6499,5895134.3023],[32485530.9108,5895124.3067],[32485507.6698,5895107.8136],[32485490.6762,5895084.823],[32485477.1811,5895048.8375],[32485464.4354,5894999.8571],[32485454.6885,5894945.3789],[32485450.1896,5894892.4001],[32485449.4395,5894865.4108],[32485441.4423,5894836.4224],[32485425.4482,5894810.433],[32485400.9577,5894791.9407],[32485370.9695,5894778.9463],[32485341.9808,5894763.4529],[32485317.2403,5894743.4612],[32485300.2467,5894716.4722],[32485273.2563,5894636.0045],[32485255.013,5894597.0203],[32485231.5219,5894571.5308],[32485207.442,5894557.6547],[32485173.2105,5894530.1633],[32485157.3067,5894513.3251],[32485145.7114,5894495.7506],[32485133.8243,5894465.027],[32485123.2889,5894427.4785],[32485117.2161,5894399.0635],[32485114.5131,5894386.4163],[32485112.812,5894377.7457],[32485625.3477,5894375.9476],[32485675.3531,5894423.8452],[32485746.6995,5894534.8439],[32485760.9779,5894563.3995],[32485819.1064,5894627.9847],[32485877.2347,5894686.1114],[32485977.3436,5894731.3201],[32486267.9822,5894812.0485],[32486432.6767,5894824.9633],[32486486.0744,5894833.4576],[32486574.7662,5894847.5663],[32486726.5438,5894889.545],[32486858.9465,5894954.1292],[32486968.7438,5895038.0894],[32487259.3855,5895338.4103],[32487398.2478,5895535.3957],[32487472.5235,5895664.5667],[32487530.6521,5895748.5279],[32487601.698,5895822.8007],[32487706.0205,5895903.0466],[32487706.3382,5895902.1219],[32487772.8523,5895922.9066],[32487885.8782,5895945.51],[32488018.2797,5895948.7373],[32488150.681,5895948.7354],[32488308.9164,5895913.2108],[32488457.4639,5895884.1449],[32488589.8648,5895845.3914],[32488728.7244,5895832.4722],[32488864.3554,5895838.9287],[32489074.2602,5895874.4482],[32489400.421,5895961.6345],[32489904.1953,5896174.7615],[32490301.4018,5896362.0554],[32490583.6827,5896549.0605],[32490583.7988,5896549.4228],[32490592.8854,5896577.7846],[32490602.1134,5896606.5881],[32490609.1217,5896635.7],[32490615.7191,5896677.2274],[32490619.0996,5896722.1296],[32490619.1076,5896755.1638],[32490616.3217,5896784.9237],[32490607.3563,5896838.4757],[32490592.5284,5896927.0451],[32490586.4435,5896974.5922],[32490586.9478,5896989.7448],[32490589.451,5897001.3446],[32490595.288,5897012.061],[32490603.7604,5897020.5642],[32490617.585,5897026.176],[32490635.6758,5897028.1221],[32490653.5375,5897026.1558],[32490670.9548,5897021.1515],[32490684.274,5897014.5692],[32490691.1957,5897010.2468],[32490733.7066,5896983.6998],[32490807.3737,5896931.6976],[32490821.2685,5896926.6017],[32490833.4681,5896926.6],[32490845.1128,5896929.6462],[32490856.136,5896934.9173],[32490875.8082,5896953.0029],[32490923.8204,5897006.9642],[32490954.8716,5897044.7678],[32490975.3673,5897069.7204],[32490999.4563,5897096.0963],[32491009.9673,5897102.0357],[32491033.1892,5897108.975],[32491051.0663,5897111.5452],[32491066.0666,5897110.525],[32491082.9541,5897104.2846],[32491102.6015,5897089.9397],[32491113.7947,5897076.0504],[32491126.5516,5897052.3136],[32491141.0703,5897015.8578],[32491148.1635,5896989.6927],[32491151.3544,5896962.9567],[32491151.63,5896926.9422],[32491149.0151,5896866.6228],[32491146.2133,5896852.0847],[32491141.8937,5896841.0838],[32491130.5228,5896823.1007],[32491113.2811,5896802.1443],[32491099.7218,5896790.2811],[32491079.2341,5896777.7243],[32491124.8788,5896736.6423],[32491139.6222,5896702.2413],[32491203.2822,5896734.2534],[32491205.5407,5896735.3434],[32491208.2399,5896736.6541],[32491210.9349,5896737.9722],[32491213.6251,5896739.2989],[32491216.3099,5896740.6353],[32491218.9885,5896741.9825],[32491221.6605,5896743.3417],[32491224.325,5896744.714],[32491226.9815,5896746.1005],[32491229.6294,5896747.5024],[32491232.268,5896748.9209],[32491234.8967,5896750.3569],[32491237.5149,5896751.8118],[32491240.1225,5896753.2854],[32491242.7234,5896754.7713],[32491245.3183,5896756.2682],[32491247.9075,5896757.7757],[32491250.4912,5896759.2933],[32491253.0695,5896760.8207],[32491255.6426,5896762.3575],[32491258.2107,5896763.9034],[32491260.7741,5896765.4579],[32491263.3328,5896767.0207],[32491265.8872,5896768.5915],[32491268.4373,5896770.1697],[32491270.9834,5896771.7552],[32491273.5257,5896773.3474],[32491276.0643,5896774.946],[32491278.5994,5896776.5506],[32491281.1313,5896778.1609],[32491283.6601,5896779.7764],[32491286.186,5896781.3968],[32491288.7093,5896783.0218],[32491291.23,5896784.6509],[32491293.7484,5896786.2837],[32491296.2647,5896787.9199],[32491298.7791,5896789.5592],[32491301.2917,5896791.201],[32491303.8027,5896792.8452],[32491306.3124,5896794.4912],[32491308.8209,5896796.1386],[32491311.3285,5896797.7873],[32491313.8352,5896799.4366],[32491316.3414,5896801.0863],[32491318.8471,5896802.736],[32491321.3526,5896804.3854],[32491323.8581,5896806.0339],[32491326.3638,5896807.6813],[32491328.8691,5896809.3286],[32491331.3724,5896810.9789],[32491333.8738,5896812.6322],[32491336.3733,5896814.2886],[32491338.8709,5896815.9479],[32491341.3666,5896817.6101],[32491343.8605,5896819.2751],[32491346.3527,5896820.9427],[32491348.8431,5896822.6131],[32491351.3319,5896824.286],[32491353.8191,5896825.9614],[32491356.3046,5896827.6393],[32491358.7887,5896829.3195],[32491361.2712,5896831.002],[32491363.7522,5896832.6867],[32491366.2319,5896834.3736],[32491368.7102,5896836.0626],[32491371.1871,5896837.7535],[32491373.6627,5896839.4464],[32491376.1371,5896841.1411],[32491378.6103,5896842.8377],[32491381.0824,5896844.5359],[32491383.5533,5896846.2358],[32491386.0231,5896847.9372],[32491388.4919,5896849.6402],[32491390.9598,5896851.3446],[32491393.4266,5896853.0503],[32491395.8926,5896854.7574],[32491398.3577,5896856.4656],[32491400.822,5896858.175],[32491403.2855,5896859.8854],[32491405.7483,5896861.5969],[32491408.2103,5896863.3092],[32491410.6718,5896865.0224],[32491413.1326,5896866.7364],[32491415.5929,5896868.4512],[32491418.0526,5896870.1665],[32491420.5119,5896871.8824],[32491422.97,5896873.5999],[32491425.4248,5896875.3223],[32491427.8764,5896877.0496],[32491430.3249,5896878.7814],[32491432.7705,5896880.5176],[32491435.2134,5896882.2578],[32491437.6538,5896884.0017],[32491440.0919,5896885.749],[32491442.5279,5896887.4994],[32491444.962,5896889.2527],[32491447.3945,5896891.0084],[32491449.8254,5896892.7664],[32491452.255,5896894.5263],[32491454.6835,5896896.2878],[32491457.111,5896898.0506],[32491459.5379,5896899.8145],[32491461.9642,5896901.5791],[32491464.3902,5896903.3442],[32491466.8161,5896905.1093],[32491469.2421,5896906.8744],[32491471.6683,5896908.6389],[32491474.095,5896910.4027],[32491476.5224,5896912.1655],[32491478.9506,5896913.9268],[32491481.3798,5896915.6866],[32491483.8104,5896917.4444],[32491486.2423,5896919.1999],[32491488.6759,5896920.953],[32491489.3729,5896921.4538],[32491513.1461,5896938.2778],[32491558.5103,5896967.5016],[32491597.8434,5896989.4239],[32491619.7458,5896999.3418],[32491628.3256,5897001.4305],[32491643.167,5896998.938],[32491641.3988,5896984.0589],[32491632.6,5896976.1781],[32491577.0053,5896940.6287],[32491576.8383,5896940.5236],[32491574.2985,5896938.9277],[32491571.7575,5896937.3334],[32491569.2155,5896935.7405],[32491566.6726,5896934.1488],[32491564.1291,5896932.5581],[32491561.5849,5896930.9682],[32491559.0402,5896929.3789],[32491556.4953,5896927.79],[32491553.9502,5896926.2013],[32491551.405,5896924.6126],[32491548.86,5896923.0237],[32491546.3152,5896921.4344],[32491543.7708,5896919.8446],[32491541.227,5896918.2539],[32491538.6838,5896916.6623],[32491536.1414,5896915.0695],[32491533.6,5896913.4754],[32491531.0597,5896911.8796],[32491528.5206,5896910.2821],[32491525.9829,5896908.6826],[32491523.4467,5896907.0809],[32491520.9121,5896905.4769],[32491518.3794,5896903.8703],[32491515.8485,5896902.261],[32491513.3198,5896900.6487],[32491510.7932,5896899.0332],[32491508.2691,5896897.4144],[32491505.7474,5896895.7921],[32491503.2283,5896894.1659],[32491500.712,5896892.5359],[32491498.1987,5896890.9017],[32491495.6883,5896889.2631],[32491493.1812,5896887.6201],[32491490.6774,5896885.9722],[32491488.1771,5896884.3195],[32491485.6804,5896882.6616],[32491483.1875,5896880.9984],[32491480.6985,5896879.3296],[32491478.2134,5896877.6552],[32491475.7326,5896875.9748],[32491473.2565,5896874.2877],[32491470.7946,5896872.5805],[32491468.3503,5896870.8485],[32491465.9221,5896869.0936],[32491463.5087,5896867.3178],[32491461.1087,5896865.5231],[32491458.7206,5896863.7114],[32491456.3433,5896861.8845],[32491453.9752,5896860.0444],[32491451.615,5896858.193],[32491449.2613,5896856.3323],[32491446.9128,5896854.4643],[32491444.5681,5896852.5907],[32491442.2258,5896850.7135],[32491439.8845,5896848.8348],[32491437.5429,5896846.9563],[32491435.1996,5896845.0801],[32491432.8532,5896843.208],[32491431.7441,5896842.3276],[32491416.2273,5896830.3813],[32491394.5449,5896814.7146],[32491394.348,5896814.5745],[32491391.9016,5896812.8384],[32491389.4533,5896811.1047],[32491387.0036,5896809.3731],[32491384.5526,5896807.6431],[32491382.1009,5896805.9142],[32491379.6487,5896804.1861],[32491377.1963,5896802.4582],[32491374.7441,5896800.7302],[32491372.2924,5896799.0016],[32491369.8415,5896797.2721],[32491367.3919,5896795.541],[32491364.9437,5896793.8081],[32491362.4975,5896792.0729],[32491360.0534,5896790.335],[32491357.6119,5896788.5939],[32491355.1732,5896786.8491],[32491352.7378,5896785.1004],[32491350.3059,5896783.3471],[32491347.8778,5896781.589],[32491345.454,5896779.8255],[32491343.0348,5896778.0563],[32491340.6204,5896776.2808],[32491338.2113,5896774.4987],[32491335.8077,5896772.7096],[32491333.4113,5896770.8996],[32491331.0331,5896769.0409],[32491328.6884,5896767.1297],[32491326.3925,5896765.1626],[32491324.1606,5896763.1366],[32491322.0082,5896761.0483],[32491319.9506,5896758.8946],[32491318.0098,5896756.658],[32491316.3025,5896754.1649],[32491314.8922,5896751.4455],[32491313.8128,5896748.6032],[32491313.1031,5896745.7294],[32491312.7853,5896742.7803],[32491312.7488,5896741.0649],[32491311.7402,5896727.7849],[32491306.0077,5896716.9908],[32491300.7867,5896715.1231],[32491297.7078,5896715.0868],[32491294.5597,5896715.1573],[32491291.513,5896715.0029],[32491288.5216,5896714.745],[32491285.5246,5896714.5083],[32491282.526,5896714.2737],[32491279.5301,5896714.0218],[32491276.5411,5896713.7333],[32491273.563,5896713.3889],[32491270.6002,5896712.9693],[32491267.6567,5896712.4552],[32491264.7251,5896711.8523],[32491261.7963,5896711.1839],[32491258.8768,5896710.4478],[32491255.9733,5896709.6415],[32491253.0925,5896708.7628],[32491250.2409,5896707.8092],[32491247.4253,5896706.7785],[32491244.6522,5896705.6681],[32491241.9194,5896704.464],[32491239.2207,5896703.1679],[32491236.5532,5896701.7928],[32491233.9139,5896700.3521],[32491231.2998,5896698.8587],[32491228.708,5896697.326],[32491226.1356,5896695.7671],[32491223.5793,5896694.1951],[32491221.0203,5896692.627],[32491218.4486,5896691.0674],[32491215.867,5896689.5136],[32491213.2785,5896687.963],[32491210.686,5896686.4132],[32491208.0924,5896684.8615],[32491205.5006,5896683.3054],[32491202.9136,5896681.7423],[32491200.3342,5896680.1697],[32491197.7654,5896678.585],[32491195.2102,5896676.9857],[32491192.6713,5896675.3691],[32491190.1517,5896673.7328],[32491187.6544,5896672.0741],[32491185.1823,5896670.3905],[32491182.7382,5896668.6794],[32491180.3252,5896666.9383],[32491177.946,5896665.1647],[32491175.6037,5896663.3559],[32491174.9207,5896662.8073],[32491198.2863,5896586.7822],[32491218.5258,5896520.2779],[32491231.4424,5896462.1503],[32491231.4416,5896404.0226],[32491228.7782,5896380.0545],[32491221.7526,5896316.8319],[32491195.9165,5896229.6409],[32491174.2556,5896121.3432],[32491139.1947,5896098.8382],[32491106.2075,5896073.3488],[32491074.2198,5896044.8606],[32491044.7311,5896013.8733],[32491018.0267,5895981.5053],[32491024.4679,5895974.2587],[32490961.6368,5895909.9621],[32490915.3347,5895843.8161],[32490875.6471,5895780.9774],[32490835.9595,5895691.6804],[32490763.5866,5895565.0557],[32490703.6676,5895470.0914],[32490604.647,5895369.1359],[32490511.8443,5895308.0338],[32490425.8545,5895268.3462],[32490331.2196,5895241.2993],[32490333.5557,5895237.8341],[32490171.2212,5895093.3211],[32490141.5261,5895075.5045],[32490074.2172,5895047.7903],[32490012.8473,5895027.9945],[32489913.8636,5894982.4637],[32489872.2903,5894958.7083],[32489838.6356,5894923.0749],[32489784.6627,5894842.0199],[32489739.5354,5894780.6799],[32489689.714,5894723.2079],[32489628.3282,5894663.5509],[32489549.3634,5894605.5466],[32489427.4781,5894552.5931],[32489322.1352,5894518.0511],[32489211.2561,5894484.8261],[32489082.5951,5894455.3931],[32489024.2137,5894436.2859],[32488974.9181,5894411.1731],[32488930.4448,5894377.4725],[32488914.8744,5894364.6817],[32499705.6537,5894351.9579],[32499706.6336,5894352.2155],[32499724.036,5894356.792],[32499725.2775,5894352.1718],[32499725.3412,5894351.9347],[32499881.037,5894351.7511],[32499881.0295,5894351.8067],[32499883.4672,5894367.6515],[32499885.6897,5894372.7315],[32499891.5188,5894377.9813],[32499902.041,5894382.8915],[32499909.026,5894384.3203],[32499910.9164,5894384.2098],[32499924.954,5894383.3889],[32499928.9247,5894379.5836],[32499928.9657,5897294.7267],[32499855.8582,5897245.1943],[32499909.5846,5897157.2722],[32499586.401,5896946.4392],[32499485.4598,5897073.4337],[32499467.7457,5897092.5944],[32499405.6835,5897159.725],[32499251.0147,5897307.8857],[32499396.7323,5897404.7564],[32499460.1448,5897445.729],[32499462.6636,5897447.3564],[32499668.9067,5897580.6158],[32499867.6334,5897712.2172],[32499928.9721,5897752.8372],[32499929.0282,5901738.9688],[32499849.0869,5901624.2487],[32499763.2376,5901484.4409],[32499734.1595,5901429.0559],[32499723.082,5901395.8248],[32499721.6968,5901359.8243],[32499725.8505,5901340.4393],[32499739.6965,5901322.4388],[32499760.1197,5901300.6305],[32499843.889,5901221.7051],[32499860.5043,5901200.243],[32499869.5042,5901183.6272],[32499872.9655,5901164.2423],[32499871.5806,5901144.8574],[32499866.7341,5901127.5495],[32499858.4261,5901113.7033],[32499850.1182,5901104.0109],[32499836.2717,5901095.7033],[32499825.8869,5901092.2419],[32499805.1174,5901092.9345],[32499773.2708,5901097.7812],[32499676.3468,5901130.3216],[32499642.4234,5901137.2453],[32499612.6538,5901140.7073],[32499589.115,5901140.7076],[32499557.6674,5901135.7135],[32499549.6959,5901116.3166],[32499545.1265,5901086.6373],[32499549.2619,5901026.9729],[32499553.0064,5900972.9481],[32499552.6302,5900927.83],[32499550.9432,5900919.1417],[32499546.6553,5900911.1224],[32499540.3798,5900904.7137],[32499528.3814,5900897.7812],[32499499.9402,5900894.5237],[32499465.9624,5900893.9212],[32499430.8717,5900892.1797],[32499410.3336,5900888.3877],[32499399.5855,5900883.1232],[32499389.7897,5900875.9226],[32499382.8928,5900869.7533],[32499378.0754,5900862.2349],[32499377.042,5900844.3882],[32499381.604,5900814.6219],[32499389.0695,5900782.4482],[32499395.3545,5900761.123],[32499405.2038,5900727.7044],[32499409.3229,5900707.2322],[32499410.5928,5900650.0384],[32499408.1779,5900626.1372],[32499399.1216,5900600.9492],[32499385.9252,5900573.7983],[32499364.7087,5900537.4859],[32499343.0524,5900504.9156],[32499322.989,5900478.7702],[32499302.8023,5900456.4119],[32499280.6848,5900435.8507],[32499261.6961,5900421.751],[32499252.9822,5900418.9897],[32499237.8947,5900417.0638],[32499225.6943,5900417.7518],[32499217.1046,5900420.0887],[32499206.961,5900426.5234],[32499195.9719,5900436.9481],[32499183.9742,5900454.0829],[32499175.4763,5900479.8176],[32499170.338,5900518.4154],[32499168.1481,5900557.3999],[32499167.8954,5900609.7883],[32499167.7573,5900638.4204],[32499166.0171,5900665.3839],[32499160.8678,5900679.4034],[32499150.4891,5900694.3464],[32499144.0107,5900700.3379],[32499129.0818,5900707.39],[32499072.6042,5900699.3941],[32499017.3757,5900668.907],[32498965.1459,5900626.9244],[32498917.4143,5900583.9422],[32498882.6773,5900527.965],[32498864.9336,5900470.9879],[32498859.1851,5900418.5088],[32498861.1837,5900374.0265],[32498856.9349,5900336.5415],[32498839.4413,5900303.055],[32498813.4513,5900277.5655],[32498783.4631,5900265.0709],[32498754.2247,5900262.5724],[32498726.9856,5900267.071],[32498702.7453,5900276.5676],[32498681.2541,5900291.0621],[32498647.518,5900326.0487],[32498631.5245,5900337.5444],[32498612.5321,5900340.5435],[32498583.7931,5900307.0572],[32498569.0484,5900270.0721],[32498563.0502,5900228.0889],[32498561.3003,5900182.1072],[32498563.8879,5900161.3805],[32498569.6175,5900141.0838],[32498576.3485,5900127.7222],[32498584.445,5900118.7952],[32498605.2766,5900106.8689],[32498633.3581,5900097.5157],[32498647.9429,5900092.6579],[32498683.4076,5900076.468],[32498703.7827,5900063.8008],[32498723.4395,5900045.2879],[32498739.5762,5900023.6077],[32498753.2462,5899996.8093],[32498760.5784,5899974.0798],[32498764.3947,5899947.2495],[32498764.7286,5899914.1655],[32498761.1343,5899887.4613],[32498753.541,5899870.9729],[32498741.0005,5899857.8773],[32498730.1424,5899853.5055],[32498708.9172,5899853.7833],[32498694.2017,5899856.8684],[32498687.0296,5899859.9357],[32498669.3251,5899867.5075],[32498654.6095,5899868.7958],[32498632.6534,5899858.9285],[32498611.6514,5899844.265],[32498606.2289,5899837.4994],[32498603.6364,5899822.6226],[32498603.662,5899819.2482],[32498604.1076,5899760.6024],[32498605.7347,5899546.4282],[32498611.3196,5899544.9739],[32498614.1191,5899546.1284],[32498641.1634,5899569.9072],[32498682.9937,5899601.836],[32498707.984,5899615.8301],[32498736.2228,5899622.3271],[32498768.46,5899622.3266],[32498806.4448,5899617.8278],[32498849.1779,5899622.8252],[32498892.9108,5899644.8158],[32498932.3955,5899674.3035],[32498963.3836,5899702.292],[32498988.6237,5899714.7866],[32499013.1139,5899709.7883],[32499035.8547,5899694.2941],[32499051.4065,5899679.3477],[32499072.0898,5899661.8065],[32499090.3324,5899652.8098],[32499112.5735,5899647.3116],[32499141.312,5899644.3124],[32499190.2925,5899642.3125],[32499203.5372,5899636.8145],[32499204.7467,5899634.3056],[32499210.2843,5899622.8199],[32499208.0348,5899599.3293],[32499196.2891,5899570.341],[32499178.2958,5899538.354],[32499157.3037,5899506.8668],[32499131.0637,5899473.8803],[32499097.8264,5899439.8943],[32499062.59,5899409.4069],[32499030.3525,5899388.4157],[32499005.1125,5899379.4197],[32498987.1196,5899380.4195],[32498975.8742,5899388.9163],[32498963.3796,5899415.406],[32498950.3848,5899421.4038],[32498936.3903,5899418.4052],[32498926.3941,5899404.4109],[32498871.6636,5899245.4749],[32498857.169,5899215.487],[32498838.1762,5899189.4976],[32498815.1851,5899171.5051],[32498788.6955,5899166.5075],[32498765.4549,5899173.5051],[32498750.711,5899189.9987],[32498743.4642,5899214.9889],[32498742.9649,5899249.4752],[32498755.2106,5899289.4591],[32498780.2012,5899331.4421],[32498808.1907,5899373.425],[32498829.4328,5899413.4088],[32498834.6812,5899446.3956],[32498824.1856,5899466.8876],[32498802.1944,5899470.8863],[32498772.9559,5899455.3929],[32498745.2165,5899429.4036],[32498714.9781,5899394.9178],[32498685.4892,5899355.4339],[32498659.9988,5899314.4506],[32498597.522,5899198.9974],[32498561.2856,5899138.522],[32498529.5476,5899096.0393],[32498501.3085,5899074.5483],[32498470.5707,5899066.5519],[32498435.8345,5899069.5512],[32498395.6007,5899080.0476],[32498360.6146,5899085.0462],[32498339.8728,5899076.05],[32498327.8773,5899057.0578],[32498319.8801,5899032.5676],[32498308.3838,5898969.093],[32498300.3866,5898939.6049],[32498286.3918,5898919.613],[32498262.4014,5898917.6142],[32498230.9141,5898932.1089],[32498166.4404,5898977.5917],[32498141.4504,5898987.5881],[32498122.7078,5898982.0906],[32498111.2122,5898968.0963],[32498108.2132,5898953.1023],[32498108.7127,5898933.6101],[32498106.4632,5898905.1214],[32498100.2152,5898872.6344],[32498088.7193,5898840.1475],[32498072.7255,5898823.1545],[32498054.7327,5898828.1528],[32498036.2403,5898848.6449],[32498018.2479,5898877.1338],[32498002.7545,5898909.1214],[32497991.5094,5898942.1084],[32497986.7618,5898973.596],[32497990.0109,5899000.5852],[32498004.0056,5899022.0764],[32498026.7468,5899038.0697],[32498054.7358,5899048.0654],[32498083.4744,5899051.5636],[32498111.4634,5899059.56],[32498137.4533,5899079.5516],[32498157.1958,5899105.541],[32498166.4425,5899131.0307],[32498172.9406,5899179.0116],[32498180.188,5899200.5029],[32498192.9332,5899217.496],[32498209.9266,5899230.9904],[32498228.9192,5899240.9861],[32498249.4111,5899243.4848],[32498270.4026,5899234.9879],[32498326.5194,5899196.31],[32498371.3377,5899187.8301],[32498382.2395,5899191.464],[32498389.5075,5899201.1543],[32498393.142,5899241.7331],[32498391.9314,5899290.1855],[32498394.3544,5899314.4117],[32498405.2563,5899322.8907],[32498413.3388,5899324.2376],[32498427.0599,5899326.5243],[32498487.6253,5899325.3121],[32498533.6548,5899309.5644],[32498546.9791,5899299.8737],[32498544.5579,5899408.8916],[32498548.1983,5899861.9212],[32498446.4485,5899863.1341],[32498447.6554,5899548.1936],[32498378.6106,5899543.3494],[32498378.6091,5899433.394],[32498378.609,5899429.4864],[32498339.847,5899410.106],[32498325.3112,5899408.8949],[32498316.9428,5899411.4875],[32498313.3175,5899415.8538],[32498311.1952,5899421.7401],[32498309.7306,5899460.7408],[32498312.535,5899496.6054],[32498323.6752,5899564.7219],[32498328.0062,5899587.0261],[32498341.4027,5899656.017],[32498344.802,5899688.7653],[32498340.7942,5899727.7414],[32498336.4447,5899745.1178],[32498327.1278,5899756.8834],[32498311.8502,5899766.6078],[32498291.4765,5899771.6177],[32498270.5339,5899770.5011],[32498250.7372,5899763.3886],[32498218.6727,5899746.4052],[32498200.5516,5899730.9573],[32498167.2832,5899692.3488],[32498138.066,5899654.1221],[32498122.3012,5899628.8439],[32498110.9181,5899610.5916],[32498097.8776,5899594.6511],[32498087.3708,5899588.5127],[32498070.0525,5899582.9724],[32498055.1539,5899584.537],[32498042.5385,5899590.4298],[32498027.9161,5899603.0863],[32498017.9821,5899614.549],[32498003.1173,5899644.8336],[32497992.1949,5899681.4897],[32497986.6595,5899720.0406],[32497984.6156,5899765.0505],[32497985.8126,5899816.5104],[32497986.1506,5899831.0411],[32497980.0955,5899936.4251],[32497966.7719,5899990.9342],[32497946.1802,5900034.5417],[32497925.5883,5900058.7682],[32497907.4189,5900072.0928],[32497894.0945,5900072.093],[32497889.2492,5900063.6139],[32497889.2464,5899864.9592],[32497689.3797,5899820.1437],[32497677.2679,5899908.5695],[32497783.8634,5899931.5828],[32497787.4982,5899990.9369],[32497786.4273,5900012.4062],[32497786.2779,5900015.4014],[32497766.9098,5900272.5666],[32497760.8549,5900390.0637],[32497749.9538,5900434.8823],[32497737.8412,5900463.9539],[32497714.8267,5900491.8143],[32497680.9103,5900514.8297],[32497633.6696,5900533.0],[32497541.6103,5900551.1711],[32497493.1581,5900554.8057],[32497465.2979,5900553.5948],[32497320.8008,5900537.9572],[32497229.3033,5900528.0553],[32496950.4908,5900497.8821],[32496946.8583,5900597.8152],[32496795.4448,5900606.2966],[32496750.9538,5900611.4022],[32496744.9905,5900612.0865],[32496697.5239,5900618.8208],[32496666.4899,5900627.1572],[32496651.1227,5900631.2852],[32496630.3554,5900634.6002],[32496609.2624,5900634.6893],[32496588.9616,5900629.4632],[32496578.1037,5900624.0171],[32496566.0076,5900615.3024],[32496545.5548,5900593.2331],[32496535.9133,5900574.401],[32496529.8621,5900548.139],[32496527.9965,5900509.1516],[32496530.2386,5900485.0978],[32496534.1167,5900464.55],[32496545.3743,5900443.3035],[32496558.3712,5900430.5159],[32496583.4629,5900405.8282],[32496625.8583,5900377.9675],[32496694.9025,5900349.5008],[32496768.792,5900322.8509],[32496841.4704,5900310.7367],[32496806.332,5900208.3041],[32496770.0002,5900102.3926],[32496817.2409,5900078.1657],[32496774.8439,5899987.3181],[32496819.6619,5899960.6687],[32496815.2017,5899950.7867],[32496757.8832,5899823.7916],[32496650.0775,5899883.1473],[32496720.3352,5900009.1225],[32496624.6426,5900059.9988],[32496662.1943,5900148.4239],[32496614.9536,5900169.0168],[32496656.1394,5900257.4418],[32496556.8129,5900315.5861],[32496533.7553,5900325.1643],[32496529.0629,5900327.1135],[32496512.1853,5900333.241],[32496494.7249,5900337.1648],[32496458.6773,5900338.3314],[32496440.6654,5900336.1411],[32496423.239,5900331.6459],[32496404.0763,5900323.1685],[32496386.043,5900312.1238],[32496364.6402,5900295.6853],[32496344.8008,5900277.2368],[32496325.0034,5900254.6866],[32496309.1401,5900233.3479],[32496298.0988,5900214.9405],[32496289.3348,5900195.8633],[32496282.5024,5900175.8213],[32496277.679,5900155.3825],[32496271.7639,5900110.8852],[32496261.7576,5899983.7275],[32496260.897,5899973.1682],[32496255.0752,5899925.5839],[32496245.6081,5899887.7278],[32496229.9128,5899848.7502],[32496208.3918,5899811.5044],[32496183.6821,5899771.637],[32496160.9837,5899722.6589],[32496150.7823,5899685.0222],[32496149.0614,5899668.0409],[32496146.5453,5899643.2123],[32496138.7321,5899623.6163],[32496131.3587,5899614.293],[32496118.3606,5899606.7879],[32496109.2296,5899606.2353],[32496088.3213,5899608.7816],[32496065.7473,5899615.4206],[32496041.3549,5899627.9235],[32496032.3507,5899636.2358],[32496025.2773,5899645.9241],[32496022.1042,5899654.2858],[32496021.1867,5899663.5211],[32496025.0536,5899685.2507],[32496038.1935,5899736.5234],[32496041.2159,5899766.4034],[32496038.2694,5899784.0506],[32496032.9369,5899801.3541],[32496022.1819,5899823.8175],[32496012.2423,5899844.5777],[32496005.7524,5899876.9583],[32496003.3138,5899924.859],[32496011.5216,5900007.4482],[32496011.9208,5900011.4652],[32496011.9358,5900011.6157],[32496014.0073,5900041.3637],[32496013.6329,5900071.2874],[32496010.6425,5900114.41],[32496009.0647,5900137.1625],[32496004.3172,5900177.6465],[32495992.3225,5900219.1302],[32495977.6988,5900258.8902],[32495961.0862,5900309.0949],[32495947.8421,5900356.0764],[32495937.8467,5900400.5589],[32495919.3555,5900503.0184],[32495914.6082,5900554.9978],[32495916.2865,5900573.5686],[32495918.3572,5900596.4813],[32495999.3286,5900846.8806],[32496001.1219,5900856.3844],[32496004.327,5900873.37],[32496000.5788,5900898.8599],[32495987.8342,5900918.8522],[32495965.8431,5900929.8481],[32495937.8543,5900939.3447],[32495907.8665,5900956.3384],[32495849.6402,5900994.824],[32495825.1503,5901019.3146],[32495822.7289,5901023.6194],[32495804.9088,5901055.3006],[32495788.9158,5901099.2834],[32495775.2765,5901154.7912],[32495752.9322,5901245.7257],[32495738.4386,5901291.7076],[32495729.1411,5901315.9485],[32495724.4447,5901328.1933],[32495711.95,5901351.6842],[32495698.2056,5901365.179],[32495679.4632,5901371.6767],[32495652.2241,5901375.6755],[32495622.7358,5901377.1754],[32495599.7449,5901373.1773],[32495581.2521,5901362.1819],[32495565.758,5901344.1893],[32495554.0123,5901314.7012],[32495549.5135,5901278.7156],[32495554.0113,5901246.2284],[32495569.255,5901227.7355],[32495591.4959,5901214.7404],[32495612.9871,5901193.7484],[32495630.4798,5901167.2587],[32495639.7257,5901137.7702],[32495639.9752,5901109.7814],[32495631.4782,5901086.7906],[32495612.9853,5901066.299],[32495583.2469,5901047.8068],[32495542.2629,5901030.3144],[32495493.0323,5901016.3207],[32495439.0537,5901009.824],[32495384.0756,5901014.323],[32495333.8458,5901025.3194],[32495289.8634,5901038.8147],[32495250.3794,5901057.8077],[32495213.1446,5901084.7975],[32495171.2519,5901123.8964],[32495134.9268,5901162.7677],[32495101.9406,5901207.7503],[32495080.9495,5901250.7335],[32495045.3995,5901347.9078],[32495020.9757,5901414.6692],[32495011.7299,5901450.6551],[32495009.6959,5901467.3161],[32495006.4825,5901493.6381],[32495006.2333,5901539.6198],[32495011.9816,5901583.6022],[32495024.2273,5901621.587],[32495042.2205,5901650.0754],[32495065.9613,5901667.0683],[32495085.4987,5901669.0891],[32495094.9498,5901670.0667],[32495123.6883,5901661.0698],[32495146.1791,5901642.5768],[32495161.9225,5901616.5869],[32495170.6685,5901585.5991],[32495176.4158,5901553.112],[32495185.4118,5901525.1229],[32495199.9058,5901503.6313],[32495223.6462,5901492.1355],[32495252.1348,5901491.1355],[32495281.1234,5901500.1315],[32495313.111,5901520.6229],[32495350.5966,5901555.6084],[32495452.8074,5901658.566],[32495507.7862,5901710.0447],[32495555.018,5901749.5284],[32495598.0013,5901777.5166],[32495641.4843,5901800.5068],[32495707.6593,5901827.4004],[32495734.9477,5901838.4904],[32495752.9407,5901853.4842],[32495755.0663,5901856.9994],[32495765.9359,5901874.9754],[32495774.5926,5901910.2225],[32495784.6799,5901982.9322],[32495785.93,5902020.4173],[32495780.9324,5902049.4059],[32495778.5057,5902051.965],[32495767.188,5902063.9003],[32495747.4459,5902067.3992],[32495703.2134,5902061.4022],[32495685.4706,5902066.4005],[32495673.2256,5902080.8949],[32495668.9776,5902102.3865],[32495674.9756,5902126.8766],[32495718.4594,5902206.3444],[32495741.201,5902254.325],[32495752.697,5902294.309],[32495753.4471,5902323.2974],[32495749.449,5902344.2891],[32495739.7031,5902357.7839],[32495722.71,5902364.7814],[32495701.7183,5902361.7829],[32495680.7264,5902347.7888],[32495655.3657,5902322.0923],[32495636.2434,5902301.3079],[32495608.5041,5902275.3186],[32495574.2674,5902249.8293],[32495535.7824,5902229.8378],[32495495.2983,5902218.3429],[32495457.0636,5902219.8429],[32495425.0765,5902233.8378],[32495400.5865,5902256.829],[32495384.0935,5902287.3171],[32495374.5978,5902320.804],[32495370.35,5902356.7897],[32495371.9913,5902393.8259],[32495380.5971,5902440.7562],[32495399.5902,5902487.7373],[32495430.8284,5902534.2183],[32495471.313,5902579.1999],[32495514.3335,5902618.7684],[32495571.7742,5902666.1638],[32495633.5003,5902709.6456],[32495699.9744,5902748.6292],[32495768.4476,5902777.6167],[32495836.4209,5902803.1055],[32495888.1756,5902827.6523],[32495899.6462,5902833.0927],[32495953.1254,5902866.5786],[32495992.3603,5902901.0643],[32496021.8491,5902941.5478],[32496047.5895,5902990.0282],[32496065.833,5903039.5082],[32496073.5805,5903083.9904],[32496071.5819,5903123.9746],[32496066.5844,5903164.4586],[32496064.086,5903205.4423],[32496070.0842,5903248.4251],[32496085.3288,5903295.4062],[32496119.8165,5903390.368],[32496128.3136,5903424.3544],[32496128.8138,5903452.843],[32496125.5655,5903483.331],[32496118.3188,5903511.8197],[32496107.0736,5903535.8104],[32496094.5788,5903555.8026],[32496085.3328,5903576.2946],[32496081.5846,5903597.2863],[32496085.8332,5903618.2779],[32496102.077,5903637.2701],[32496128.8166,5903651.764],[32496191.7919,5903680.2517],[32496217.7818,5903695.7452],[32496238.2739,5903713.7377],[32496253.7681,5903736.7284],[32496264.0144,5903768.2157],[32496273.7611,5903806.7003],[32496287.756,5903842.186],[32496305.4993,5903869.175],[32496327.4907,5903879.1707],[32496346.4831,5903871.1736],[32496356.9786,5903848.6824],[32496360.2268,5903814.6958],[32496357.4773,5903771.713],[32496346.9803,5903690.7453],[32496339.2329,5903656.7589],[32496315.7414,5903596.7831],[32496309.4935,5903569.7939],[32496308.2437,5903543.3044],[32496311.492,5903514.3159],[32496317.2393,5903487.3266],[32496323.2366,5903465.835],[32496334.5091,5903440.1579],[32496341.2289,5903424.851],[32496341.4786,5903410.8566],[32496335.2308,5903394.863],[32496320.4865,5903376.8704],[32496300.994,5903361.3769],[32496282.0014,5903349.8817],[32496246.2654,5903336.3876],[32496231.0213,5903327.8912],[32496221.5249,5903313.3971],[32496220.7749,5903294.4046],[32496232.2701,5903272.913],[32496252.012,5903253.9203],[32496273.7532,5903242.9243],[32496296.744,5903242.4242],[32496320.4847,5903255.4187],[32496468.4277,5903380.3669],[32496492.6683,5903396.8599],[32496518.908,5903406.3558],[32496545.6473,5903407.8548],[32496570.6373,5903401.357],[32496591.6287,5903384.8633],[32496606.1226,5903358.8734],[32496612.3697,5903327.3858],[32496609.6203,5903293.8991],[32496598.1244,5903259.413],[32496580.3809,5903224.4272],[32496557.3896,5903192.4402],[32496530.1501,5903166.9508],[32496500.1617,5903146.4593],[32496469.4237,5903127.9671],[32496439.9353,5903114.9727],[32496413.9455,5903108.9755],[32496392.7039,5903105.977],[32496376.4603,5903098.4802],[32496365.4645,5903086.4852],[32496359.2167,5903068.4924],[32496358.2168,5903049.0002],[32496364.4641,5903031.507],[32496378.4583,5903015.5132],[32496401.4489,5902998.0198],[32496434.1857,5902982.0257],[32496478.5134,5902968.8726],[32496537.2901,5902957.1081],[32496576.8784,5902948.5369],[32496608.1159,5902938.0406],[32496634.855,5902921.5468],[32496651.8479,5902899.0554],[32496671.8393,5902852.0738],[32496684.3342,5902838.0792],[32496701.3274,5902835.5799],[32496716.0716,5902843.5766],[32496721.5697,5902860.0699],[32496717.5716,5902886.0596],[32496704.8272,5902922.0455],[32496687.8345,5902958.0315],[32496670.5917,5902985.021],[32496652.3492,5903003.5139],[32496632.3573,5903013.5102],[32496613.8648,5903025.5057],[32496602.3697,5903046.4976],[32496601.6203,5903071.9875],[32496619.8487,5903107.9723],[32496636.3574,5903134.4621],[32496657.0998,5903177.9445],[32496673.8438,5903224.4258],[32496683.5905,5903267.4086],[32496684.8406,5903307.3927],[32496679.8431,5903345.8775],[32496670.3474,5903381.3635],[32496647.8572,5903443.3392],[32496626.1168,5903510.3129],[32496613.1223,5903535.803],[32496594.8798,5903550.7973],[32496569.8898,5903558.7945],[32496539.6519,5903562.2935],[32496470.6794,5903566.7927],[32496438.9421,5903571.7912],[32496411.703,5903578.7888],[32496390.9614,5903586.786],[32496377.217,5903597.7818],[32496370.7198,5903615.2749],[32496370.4703,5903639.7652],[32496376.7182,5903671.2526],[32496389.7137,5903715.2349],[32496408.7069,5903770.7126],[32496432.1984,5903829.189],[32496457.9389,5903883.1672],[32496485.6785,5903930.1481],[32496515.6672,5903970.6316],[32496546.1555,5904001.6188],[32496576.1438,5904018.6116],[32496602.1335,5904023.1095],[32496622.8752,5904020.1103],[32496646.8829,5904007.9872],[32496673.3548,5903994.6197],[32496696.8454,5903989.6214],[32496724.3345,5903991.6202],[32496754.0728,5904002.6154],[32496789.3074,5903902.1548],[32496839.2862,5903926.3103],[32496939.2488,5903974.6238],[32496952.4925,5903904.1516],[32496965.7363,5903833.6794],[32496890.016,5903805.1918],[32496870.2738,5903805.6919],[32496854.5302,5903814.1888],[32496840.536,5903830.1826],[32496800.0519,5903815.689],[32496772.0628,5903798.6961],[32496759.3176,5903777.2049],[32496760.3169,5903755.7134],[32496764.8147,5903726.2251],[32496790.8042,5903721.2267],[32496809.2967,5903709.731],[32496819.2924,5903687.2397],[32496836.4331,5903594.9108],[32496857.7745,5903500.3135],[32496887.0113,5903389.8569],[32496899.5059,5903355.8703],[32496916.2489,5903334.8784],[32496940.989,5903327.381],[32497012.4605,5903324.3811],[32497051.6948,5903317.8831],[32497137.1604,5903291.8922],[32497196.1368,5903278.8965],[32497267.1084,5903265.9006],[32497253.1133,5903217.4201],[32497239.1182,5903168.9396],[32497286.8489,5903148.9468],[32497332.4187,5903131.9622],[32497367.8163,5903121.4565],[32497402.3025,5903116.458],[32497478.7721,5903112.9583],[32497519.2559,5903105.4607],[32497543.4961,5903097.4635],[32497562.9883,5903093.9646],[32497577.9824,5903098.4626],[32497588.2285,5903113.9563],[32497612.7271,5903199.1364],[32497626.4652,5903246.9029],[32497642.7093,5903288.886],[32497665.201,5903330.8689],[32497698.1885,5903374.851],[32497745.1704,5903417.3334],[32497810.395,5903454.3177],[32497850.3793,5903469.811],[32497892.3627,5903478.8068],[32497963.446,5903485.9141],[32498002.3191,5903489.8008],[32498035.0562,5903498.7968],[32498064.5447,5903515.2898],[32498088.7855,5903540.7793],[32498098.0323,5903580.7633],[32498080.5397,5903611.2514],[32498071.5065,5903618.2975],[32498055.5499,5903630.744],[32498043.055,5903637.7414],[32498065.3833,5903666.5674],[32498110.0296,5903724.2061],[32498134.7694,5903702.2145],[32498159.5093,5903680.2228],[32498213.2386,5903731.2017],[32498266.968,5903782.1807],[32498320.1376,5903749.344],[32498355.1821,5903727.7011],[32498691.8007,5903898.6282],[32498727.0362,5903865.141],[32498791.6815,5903958.1075],[32498823.9996,5904004.5841],[32498817.8678,5904009.9637],[32498763.0056,5904058.0957],[32498976.8724,5904486.304],[32499100.3537,5904733.5406],[32499074.5138,5904743.9802],[32498755.1205,5904873.0196],[32498766.1761,5904912.5021],[32498518.2266,5905048.3264],[32498492.9571,5905012.0027],[32498437.6818,5905043.5896],[32498451.896,5905075.1756],[32498391.8828,5905108.342],[32498372.9305,5905072.0182],[32498327.1309,5905095.7085],[32498341.3452,5905132.0324],[32498082.3401,5905239.4293],[32498098.1335,5905264.698],[32497986.1088,5905332.8042],[32497970.8577,5905341.0655],[32497940.8698,5905352.0616],[32497917.1292,5905350.5626],[32497899.1362,5905337.568],[32497886.141,5905313.0779],[32497877.394,5905277.5921],[32497875.2952,5905260.3842],[32497872.3954,5905236.6085],[32497872.1449,5905194.1254],[32497877.3923,5905156.1404],[32497890.3866,5905122.6535],[32497911.6277,5905090.6659],[32497967.1048,5905025.6909],[32498003.09,5904990.7043],[32498051.0704,5904954.7179],[32498108.0472,5904916.2324],[32498171.7713,5904875.7475],[32498244.9914,5904822.7675],[32498323.4593,5904758.2919],[32498392.431,5904695.316],[32498437.9122,5904646.3348],[32498456.1545,5904613.3476],[32498455.9042,5904587.8577],[32498441.1598,5904568.8655],[32498416.9192,5904554.8714],[32498394.7612,5904552.5874],[32498392.6788,5904552.3728],[32498375.186,5904564.3683],[32498362.4413,5904585.3601],[32498345.4487,5904628.3433],[32498335.7029,5904648.8353],[32498322.2085,5904670.3269],[32498302.2168,5904693.8179],[32498269.2304,5904724.8061],[32498181.0164,5904794.7795],[32498147.0303,5904817.2711],[32498121.2907,5904827.7673],[32498094.8012,5904829.2671],[32498068.0617,5904820.7709],[32498041.3221,5904801.7788],[32497881.3261,5904642.1952],[32497526.5196,5904286.4912],[32497563.5043,5904246.0067],[32497536.4311,5904216.6852],[32497482.2854,5904158.0429],[32497469.524,5904165.4432],[32497440.0525,5904182.5338],[32497398.5685,5904143.0501],[32497357.0844,5904103.5664],[32497366.8303,5904087.5726],[32497376.5762,5904071.5788],[32497368.5934,5904062.4205],[32497309.7172,5903994.8531],[32497247.8753,5903923.6395],[32497264.6183,5903897.1498],[32497281.3612,5903870.6601],[32497263.8678,5903842.6714],[32497246.3744,5903818.6812],[32497226.632,5903796.6903],[32497207.6393,5903781.6965],[32497188.8967,5903775.1994],[32497169.4045,5903777.1989],[32497147.4134,5903789.6942],[32497130.6703,5903806.6877],[32497126.1723,5903824.6806],[32497129.4213,5903845.6722],[32497136.6688,5903870.6622],[32497134.4201,5903902.1497],[32497118.6769,5903935.6366],[32497100.9343,5903962.1264],[32497065.6146,5904005.8337],[32496946.9078,5904107.5854],[32497123.7614,5904291.7019],[32497267.6689,5904164.4095],[32497277.3671,5904175.0392],[32497462.0465,5904377.456],[32497646.7259,5904579.8728],[32497831.4053,5904782.2897],[32497762.1828,5904782.2907],[32497720.9493,5904789.7883],[32497702.7066,5904791.288],[32497656.9748,5904787.2902],[32497630.2353,5904782.7924],[32497605.4951,5904775.7956],[32497581.7543,5904763.8007],[32497532.5233,5904718.3195],[32497502.285,5904693.8297],[32497464.5496,5904669.34],[32497417.0682,5904644.8504],[32497362.8393,5904612.8639],[32497259.1295,5904541.8936],[32497217.8957,5904522.9018],[32497090.4474,5904597.8739],[32497024.4742,5904633.8605],[32496965.7479,5904662.3501],[32496876.7838,5904700.3363],[32496842.7976,5904719.829],[32496814.0594,5904745.3193],[32496790.3193,5904773.3085],[32496773.5763,5904802.2973],[32496766.0798,5904835.2843],[32496770.0787,5904875.7681],[32496783.574,5904920.7501],[32496802.0673,5904964.2325],[32496824.0591,5905005.2159],[32496847.5503,5905041.2012],[32496865.0437,5905072.1887],[32496872.0413,5905099.6776],[32496872.0417,5905126.1671],[32496867.0445,5905186.1434],[32496869.5441,5905221.6292],[32496874.9785,5905250.6104],[32496886.2884,5905291.6012],[32496900.0333,5905319.09],[32496918.0264,5905338.0822],[32496941.5172,5905349.5773],[32496971.0056,5905355.0747],[32497041.2278,5905363.0705],[32497074.7145,5905369.0676],[32497103.2033,5905376.5642],[32497110.7817,5905380.5427],[32497123.1955,5905387.0597],[32497133.6915,5905402.5534],[32497136.9406,5905424.0448],[32497134.9417,5905450.5343],[32497124.946,5905475.5246],[32497108.4529,5905496.0167],[32497094.2089,5905520.0073],[32497090.9607,5905552.4945],[32497091.461,5905591.9788],[32497079.9667,5905673.9464],[32497077.469,5905764.4104],[32497064.9752,5905851.3761],[32497060.9773,5905889.361],[32497063.4768,5905923.8473],[32497073.9731,5905956.3342],[32497091.9664,5905987.8215],[32497117.4567,5906018.309],[32497151.9514,5906044.4772],[32497188.1792,5906060.791],[32497226.1642,5906069.2871],[32497260.1507,5906069.2866],[32497291.1382,5906059.7899],[32497362.6092,5906020.3046],[32497406.5914,5905998.8125],[32497454.5721,5905979.3195],[32497504.552,5905963.8249],[32497559.0302,5905954.8277],[32497620.006,5905956.3262],[32497704.7225,5905975.8172],[32497862.0238,5906026.2012],[32498018.3492,5906076.2727],[32498099.8172,5906104.2603],[32498187.5329,5906144.2432],[32498268.7512,5906190.2237],[32498330.4773,5906235.2049],[32498372.961,5906278.1872],[32498406.9482,5906324.6682],[32498433.9381,5906373.6484],[32498455.6802,5906427.1268],[32498494.1665,5906537.5823],[32498518.9074,5906590.0611],[32498552.6447,5906638.5413],[32498602.3756,5906686.0217],[32498666.3508,5906733.0021],[32498735.5738,5906774.4846],[32498801.2982,5906806.4709],[32498884.7655,5906843.9548],[32499109.4276,5906949.9094],[32499197.893,5906989.3924],[32499275.6125,5907018.3797],[32499368.3261,5907047.8666],[32499468.0368,5907075.3543],[32499566.4979,5907097.3441],[32499662.7099,5907113.8361],[32499758.1721,5907126.8295],[32499848.3864,5907134.825],[32499929.1043,5907137.3044],[32499929.2065,5914346.6576],[32499929.2066,5914355.1628]],[[32495798.3605,5897438.738],[32495829.0984,5897445.7348],[32495853.5889,5897462.7277],[32495873.3314,5897484.2189],[32495890.075,5897505.7101],[32495906.069,5897531.6995],[32495942.8054,5897600.1718],[32495965.7966,5897627.1607],[32495993.7857,5897644.6534],[32496023.0242,5897654.1491],[32496046.5149,5897653.649],[32496057.5103,5897641.1538],[32496051.5124,5897618.163],[32496032.5195,5897589.6746],[32495994.9085,5897548.566],[32495968.0442,5897519.2036],[32495963.7957,5897503.7098],[32495970.5428,5897490.2151],[32495988.7854,5897479.2192],[32496135.4762,5897420.7403],[32496179.2086,5897403.2466],[32496209.9463,5897396.7487],[32496240.4342,5897403.2457],[32496278.4194,5897422.2376],[32496330.8989,5897452.7247],[32496358.1384,5897473.2162],[32496379.3803,5897499.2055],[32496395.3744,5897529.6932],[32496406.6204,5897561.6803],[32496421.6152,5897615.6586],[32496434.3603,5897631.1523],[32496457.851,5897637.6493],[32496485.8398,5897630.6517],[32496494.5119,5897622.7503],[32496508.3306,5897610.1595],[32496524.5737,5897580.671],[32496533.5696,5897546.1846],[32496535.5684,5897515.6967],[32496532.1035,5897498.9845],[32496531.3198,5897495.2049],[32496520.5739,5897482.2102],[32496485.0878,5897463.7181],[32496469.8436,5897446.2253],[32496459.0975,5897421.7351],[32496454.349,5897390.7475],[32496455.065,5897220.3778],[32496457.8425,5897029.3911],[32496453.2287,5897030.7416],[32496379.6239,5897047.3851],[32496330.8933,5897053.8832],[32496283.1624,5897057.8823],[32496241.9288,5897058.8825],[32496205.1934,5897055.8843],[32496170.4571,5897048.8876],[32496145.2568,5897032.7479],[32496132.1618,5897020.2816],[32496122.8191,5897008.5726],[32496113.9858,5896989.5841],[32496110.0592,5896959.7501],[32496110.192,5896947.5814],[32496113.1191,5896936.0544],[32496141.9914,5896869.9608],[32496149.21,5896853.4362],[32496159.5214,5896825.4521],[32496161.6188,5896804.2403],[32496160.6782,5896792.4178],[32496158.3193,5896786.7369],[32496149.5241,5896778.594],[32496143.3603,5896777.0394],[32496137.6166,5896777.7195],[32496130.3831,5896781.8424],[32496061.6894,5896820.9955],[32496037.906,5896833.3597],[32496032.1359,5896834.8443],[32496026.2056,5896833.1788],[32496021.2672,5896829.7091],[32496014.4261,5896819.8004],[32496001.2553,5896792.6343],[32495999.0534,5896784.1515],[32495999.4387,5896778.0832],[32496005.1756,5896760.8261],[32496021.365,5896743.1144],[32496044.471,5896723.997],[32496070.1412,5896708.3015],[32496086.6984,5896701.5104],[32496107.2896,5896696.8759],[32496175.773,5896689.5776],[32496178.956,5896689.2384],[32496196.4634,5896685.522],[32496215.3961,5896676.334],[32496238.55,5896656.8456],[32496247.1983,5896644.9591],[32496252.6,5896630.8543],[32496259.3027,5896601.4624],[32496263.8646,5896568.7482],[32496262.5581,5896532.6908],[32496258.9729,5896521.3679],[32496251.9596,5896508.0705],[32496235.9475,5896490.2198],[32496211.306,5896472.9209],[32496189.5069,5896462.6799],[32496166.2315,5896457.1132],[32496136.3225,5896454.1154],[32496106.2761,5896454.9588],[32496082.5901,5896458.4267],[32496071.4898,5896460.7866],[32496020.7811,5896471.5673],[32496015.1033,5896470.816],[32496004.7648,5896465.122],[32495993.6281,5896450.9988],[32495988.2487,5896441.5067],[32495947.7962,5896370.1265],[32495904.5234,5896302.9334],[32495894.7337,5896290.2122],[32495880.2289,5896275.015],[32495869.973,5896268.9213],[32495847.2765,5896260.9152],[32495829.5186,5896257.2555],[32495806.0938,5896252.428],[32495795.7586,5896246.5116],[32495761.4894,5896200.9434],[32495715.3089,5896134.3487],[32495702.8531,5896113.7124],[32495695.9994,5896097.1884],[32495689.5854,5896073.9856],[32495685.4293,5896050.3679],[32495686.8381,5896008.3096],[32495689.6133,5895993.5972],[32495699.1904,5895961.9334],[32495708.1697,5895939.6955],[32495716.7569,5895923.9431],[32495735.7576,5895896.8409],[32495740.2707,5895892.9237],[32495786.9472,5895888.1919],[32495802.9485,5895886.5698],[32495823.5295,5895882.0515],[32495834.1756,5895876.6351],[32495841.057,5895870.603],[32495845.8142,5895863.1238],[32495848.8059,5895851.3891],[32495848.2409,5895839.3916],[32495847.5629,5895824.9925],[32495846.9627,5895812.2478],[32495839.3511,5895786.5554],[32495793.625,5895669.0778],[32495758.8573,5895589.3712],[32495744.8339,5895569.9051],[32495739.6593,5895566.5917],[32495730.8211,5895564.9887],[32495719.3038,5895567.8648],[32495714.5696,5895570.2612],[32495679.1136,5895588.2088],[32495670.0204,5895588.1133],[32495658.1907,5895585.4528],[32495645.5619,5895577.6716],[32495630.6317,5895562.7963],[32495621.6174,5895547.1938],[32495620.4299,5895535.2646],[32495625.0634,5895511.6848],[32495639.0651,5895472.1261],[32495681.7261,5895359.9835],[32495687.7851,5895349.6203],[32495692.0384,5895345.3603],[32495697.5063,5895342.9848],[32495709.4118,5895343.7554],[32495729.2482,5895360.1201],[32495735.0114,5895364.8747],[32495740.0659,5895367.5138],[32495743.1583,5895367.4216],[32495754.9408,5895364.4213],[32495774.5021,5895350.3628],[32495784.105,5895340.6574],[32495784.8321,5895333.619],[32495781.2965,5895325.1867],[32495700.2054,5895200.8495],[32495645.5658,5895120.7805],[32495525.258,5894944.481],[32495513.5471,5894923.4366],[32495501.2473,5894896.0371],[32495497.5329,5894884.5389],[32495497.2854,5894875.3521],[32495500.2952,5894866.812],[32495507.338,5894861.1154],[32495539.2763,5894854.4884],[32495587.2717,5894848.7036],[32495629.7235,5894899.6466],[32495662.0624,5894938.4539],[32495664.5195,5894940.2893],[32495670.3323,5894940.6121],[32495743.6127,5894895.4757],[32495716.748,5894840.9343],[32495748.4958,5894806.7434],[32495956.8961,5894939.4314],[32496039.9283,5894823.834],[32496108.3097,5894864.5359],[32496033.418,5894980.1332],[32496049.0922,5894990.0567],[32496308.5718,5895154.3374],[32496378.5793,5895050.137],[32496440.4481,5895085.9547],[32496372.0688,5895191.7831],[32496453.4752,5895243.8816],[32496551.1601,5895095.7217],[32496500.9251,5895062.4546],[32496496.5671,5895059.5686],[32496305.3125,5894932.9138],[32495818.5021,5894633.3478],[32495739.6815,5894761.9538],[32495694.7669,5894727.7806],[32495824.1195,5894465.3542],[32495703.8926,5894406.0874],[32495661.5592,5894387.4607],[32495615.8391,5894375.6073],[32495571.8123,5894453.5008],[32495531.1722,5894516.1543],[32495498.9988,5894590.6611],[32495470.2121,5894643.1545],[32495449.8921,5894695.648],[32495424.4705,5894682.8388],[32495296.9722,5894590.3531],[32495202.4923,5894750.2473],[32495243.6771,5894776.8954],[32495025.6428,5894851.9998],[32495078.941,5894900.4513],[32494998.9951,5894939.2145],[32495109.2254,5895008.5611],[32495313.9358,5894943.1474],[32495283.6586,5895341.6686],[32495214.431,5895348.7439],[32495160.0345,5895354.3035],[32495117.7095,5895358.6293],[32495117.7084,5895278.6829],[32495075.3127,5895281.1061],[32494967.5064,5895294.4321],[32494932.0516,5895299.8319],[32494889.9357,5895306.2462],[32494848.8875,5895314.6531],[32494811.4378,5895325.5321],[32494771.9032,5895339.8662],[32494657.7844,5895385.8893],[32494581.0962,5895420.0727],[32494540.933,5895440.158],[32494496.4068,5895464.9459],[32494368.5572,5895543.5367],[32494289.4945,5895597.9367],[32494244.1697,5895636.5818],[32494223.3072,5895654.3697],[32494181.9692,5895684.3232],[32494161.3638,5895696.4911],[32494142.281,5895705.3295],[32494113.9634,5895715.3245],[32494093.4489,5895720.3872],[32494075.6363,5895722.1818],[32494057.707,5895721.4964],[32494048.7081,5895720.6174],[32494013.1369,5895717.1428],[32493997.5793,5895715.6232],[32493977.5539,5895710.7582],[32493961.4295,5895696.9722],[32493927.4521,5895656.6607],[32493913.0948,5895639.6269],[32493899.6097,5895626.4904],[32493892.3544,5895622.7977],[32493881.8738,5895623.7829],[32493872.5372,5895628.7235],[32493868.2433,5895636.6888],[32493867.626,5895648.6582],[32493872.2522,5895666.1399],[32493883.2312,5895683.9483],[32493893.0633,5895697.4087],[32493932.8244,5895751.8429],[32493941.9146,5895767.4076],[32493946.0088,5895778.6519],[32493945.7343,5895790.5355],[32493935.5445,5895810.7149],[32493929.4201,5895822.8432],[32493922.1451,5895851.8875],[32493918.7684,5895884.8078],[32493920.3199,5895899.6536],[32493923.7034,5895911.2909],[32493932.262,5895927.0282],[32493945.272,5895943.603],[32493997.8086,5895997.4157],[32494014.4329,5896014.4438],[32494040.1879,5896043.9267],[32494052.3662,5896064.3214],[32494061.879,5896096.0681],[32494068.1034,5896134.5545],[32494072.39,5896206.4364],[32494070.5744,5896257.331],[32494065.5195,5896320.1595],[32494064.4361,5896333.6255],[32494062.6283,5896356.0952],[32494056.6521,5896397.5799],[32494044.9548,5896437.9905],[32494029.1631,5896473.6553],[32494009.0451,5896503.5135],[32493986.3211,5896527.4247],[32493970.7883,5896536.6919],[32493950.8431,5896543.0358],[32493909.8987,5896549.2065],[32493858.4662,5896553.9047],[32493768.9865,5896559.5476],[32493726.7378,5896562.212],[32493703.4853,5896568.2835],[32493682.4113,5896579.7623],[32493671.1149,5896589.6688],[32493659.924,5896603.7957],[32493650.9315,5896619.4266],[32493642.8018,5896638.8071],[32493632.449,5896676.3978],[32493624.8844,5896711.0146],[32493606.8104,5896793.7243],[32493601.1636,5896810.697],[32493593.6495,5896823.8198],[32493586.1078,5896833.0707],[32493579.0244,5896838.7847],[32493568.5905,5896844.6539],[32493557.2272,5896848.6589],[32493539.4691,5896851.5873],[32493497.4925,5896852.0317],[32493489.598,5896852.1107],[32493452.527,5896853.6103],[32493407.9322,5896859.6129],[32493378.5587,5896865.522],[32493350.0773,5896875.3837],[32493337.4712,5896883.1728],[32493327.8727,5896894.8305],[32493324.3428,5896903.0725],[32493318.716,5896925.6897],[32493318.5544,5896926.417],[32493313.5089,5896949.1181],[32493303.6035,5896974.2296],[32493289.5314,5897000.7173],[32493272.3637,5897025.3024],[32493260.1028,5897038.5371],[32493244.1816,5897052.1615],[32493189.9301,5897093.5339],[32493165.421,5897112.2247],[32493158.8514,5897118.2731],[32493151.853,5897128.1269],[32493143.2872,5897147.3341],[32493140.109,5897171.1123],[32493142.4526,5897185.8132],[32493152.1599,5897216.8647],[32493173.9017,5897249.8513],[32493206.3892,5897281.8381],[32493246.8735,5897311.3258],[32493292.1059,5897336.3152],[32493343.8356,5897355.8067],[32493404.0618,5897369.8003],[32493465.7874,5897379.7954],[32493523.0148,5897391.29],[32493577.4934,5897406.7831],[32493631.4722,5897429.7732],[32493685.2013,5897461.7597],[32493737.1812,5897501.743],[32493785.1628,5897548.7237],[32493827.1468,5897602.7016],[32493861.1341,5897659.1787],[32493886.6248,5897716.6554],[32493905.1182,5897773.6325],[32493929.86,5897886.0875],[32493947.6036,5897933.0686],[32493985.8395,5898011.5368],[32493998.2994,5898046.4923],[32494003.833,5898062.0165],[32494022.0767,5898129.4894],[32494047.5681,5898240.9447],[32494056.315,5898261.9363],[32494067.8105,5898269.4331],[32494079.3059,5898264.9347],[32494097.0485,5898240.944],[32494109.0437,5898242.4433],[32494122.0387,5898253.4387],[32494134.0342,5898270.9316],[32494149.2783,5898286.4252],[32494172.7691,5898295.4213],[32494232.7455,5898309.4148],[32494265.9824,5898321.4096],[32494300.4689,5898336.9029],[32494333.9558,5898354.3955],[32494363.1945,5898371.3883],[32494389.4343,5898389.3808],[32494414.1748,5898412.3713],[32494434.2195,5898436.3322],[32494505.0512,5898449.1396],[32494596.607,5898476.8724],[32494720.8771,5898512.6253],[32494753.0579,5898519.4834],[32494777.0567,5898521.3049],[32494816.3729,5898520.4689],[32494836.8571,5898516.6702],[32494861.0319,5898504.9511],[32494892.4174,5898481.4751],[32494918.2744,5898456.266],[32494945.2351,5898423.8981],[32494961.9979,5898398.9575],[32494973.6729,5898374.8285],[32494984.9667,5898343.6986],[32494995.1627,5898305.9566],[32495006.7868,5898234.4088],[32495010.0983,5898214.0264],[32495018.1849,5898179.113],[32495030.4281,5898145.3612],[32495063.2891,5898071.035],[32495076.2977,5898050.9884],[32495091.5143,5898036.4673],[32495109.9096,5898026.0325],[32495127.4102,5898022.2289],[32495157.2808,5898025.9706],[32495182.6769,5898034.8872],[32495218.0907,5898057.6221],[32495234.7116,5898071.1262],[32495271.5897,5898101.0886],[32495288.0548,5898108.6648],[32495305.4737,5898112.8708],[32495329.6457,5898112.4583],[32495344.2257,5898109.0345],[32495354.1926,5898102.6108],[32495357.1979,5898100.0723],[32495393.2988,5898069.5785],[32495401.2548,5898065.3471],[32495412.8243,5898062.0209],[32495430.7134,5898061.2938],[32495445.3842,5898063.0407],[32495496.4079,5898069.1161],[32495508.2751,5898068.3201],[32495519.78,5898064.4059],[32495529.6543,5898057.6659],[32495537.3744,5898048.466],[32495544.0958,5898034.9881],[32495548.4396,5898020.5287],[32495546.6149,5898002.7471],[32495532.2821,5897960.2571],[32495529.3028,5897951.4249],[32495526.2042,5897933.8905],[32495526.3683,5897918.7872],[32495528.9349,5897900.9615],[32495539.7302,5897872.9482],[32495558.7125,5897845.7645],[32495566.5031,5897841.9766],[32495575.2466,5897843.857],[32495581.3336,5897847.736],[32495618.2529,5897871.2631],[32495638.1691,5897878.0532],[32495656.0117,5897879.7553],[32495680.139,5897878.0342],[32495691.7458,5897875.1903],[32495699.3899,5897870.6335],[32495710.2573,5897860.0663],[32495717.5383,5897850.3552],[32495721.2381,5897842.3005],[32495722.4915,5897830.2443],[32495719.8184,5897818.5269],[32495714.1487,5897807.914],[32495694.5105,5897789.4437],[32495685.7772,5897781.2298],[32495676.9794,5897769.126],[32495677.1832,5897760.2316],[32495681.5968,5897756.3159],[32495690.1329,5897753.2921],[32495702.1749,5897752.5673],[32495717.16,5897754.4342],[32495725.5132,5897757.5971],[32495740.9891,5897766.8353],[32495759.5547,5897782.0364],[32495766.4188,5897788.8995],[32495823.2801,5897845.7527],[32495837.4303,5897856.6764],[32495853.7042,5897864.6642],[32495888.6397,5897873.2441],[32495927.4972,5897876.6522],[32495960.3734,5897873.3509],[32495971.7464,5897869.6374],[32495985.0784,5897862.5552],[32495994.5945,5897855.2913],[32496002.6298,5897846.1202],[32496006.9228,5897838.3125],[32496008.6613,5897829.3584],[32496006.9733,5897817.5122],[32496002.341,5897806.2646],[32495983.4873,5897782.5177],[32495974.3967,5897771.0678],[32495968.9145,5897757.0322],[32495968.8412,5897748.0067],[32495971.2297,5897739.2805],[32495978.292,5897730.4484],[32495986.288,5897720.4486],[32495990.1219,5897712.4527],[32495990.1602,5897700.375],[32495986.4024,5897688.979],[32495978.4432,5897679.9434],[32495962.7025,5897671.4294],[32495870.8785,5897635.2628],[32495862.0567,5897631.7882],[32495843.1741,5897622.8621],[32495829.0647,5897611.7485],[32495810.8577,5897591.6771],[32495784.1176,5897535.1999],[32495775.3704,5897491.2175],[32495781.3676,5897459.73],[32495798.3605,5897438.738]],[[32497424.1224,5908682.2458],[32497454.3603,5908676.2477],[32497513.087,5908680.7451],[32497537.0775,5908678.7455],[32497556.3196,5908665.7504],[32497571.3133,5908641.7597],[32497581.8087,5908612.2713],[32497588.3057,5908580.2839],[32497609.2946,5908385.8609],[32497617.29,5908287.3999],[32497624.7863,5908234.4208],[32497635.7812,5908183.4409],[32497652.7736,5908126.4633],[32497715.2462,5907945.5343],[32497725.9914,5907907.0494],[32497729.7395,5907875.5619],[32497727.49,5907849.5722],[32497720.4925,5907827.0813],[32497685.5054,5907759.6086],[32497658.5155,5907716.6261],[32497627.0275,5907677.1422],[32497589.5419,5907644.1559],[32497545.0593,5907617.6671],[32497495.0789,5907598.6754],[32497441.8499,5907587.1807],[32497384.1228,5907581.1839],[32497324.8963,5907577.6862],[32497270.9177,5907577.1872],[32497230.184,5907582.1858],[32497187.2014,5907607.6763],[32497156.7141,5907646.1615],[32497134.4737,5907696.6417],[32497117.4813,5907756.6181],[32497109.9853,5907831.0887],[32497115.2344,5907915.555],[32497126.2312,5907995.0233],[32497143.4757,5908095.9829],[32497146.4751,5908131.9685],[32497144.2264,5908165.9551],[32497134.9806,5908199.4419],[32497119.4872,5908232.9288],[32497072.6203,5908316.878],[32497057.2635,5908344.3854],[32497040.5204,5908360.8791],[32497018.0295,5908372.8747],[32496946.452,5908391.3329],[32496859.0933,5908413.8607],[32496812.862,5908432.3541],[32496777.7893,5908456.3906],[32496760.8833,5908480.8356],[32496755.1361,5908510.8237],[32496759.8847,5908545.31],[32496775.379,5908583.7944],[32496801.1194,5908625.2776],[32496834.1069,5908668.26],[32496870.8428,5908707.7438],[32496907.5787,5908738.7309],[32496945.5639,5908761.7212],[32496986.7977,5908780.2133],[32497028.7812,5908793.2075],[32497069.765,5908800.7039],[32497106.7503,5908802.7026],[32497141.9863,5908800.2031],[32497181.4705,5908790.7063],[32497202.75,5908782.6306],[32497230.2008,5908772.2129],[32497258.0874,5908757.1208],[32497260.8945,5908755.6016],[32497351.1519,5908713.7344],[32497424.1224,5908682.2458]],[[32498988.4926,5908140.9379],[32498951.5072,5908133.9412],[32498914.0223,5908144.4376],[32498881.7855,5908170.4277],[32498861.7939,5908206.9135],[32498854.7973,5908251.396],[32498861.2955,5908303.3752],[32498883.5376,5908371.3479],[32498917.2754,5908459.8122],[32498951.5132,5908555.7736],[32498975.7548,5908647.2369],[32499042.5018,5908998.3947],[32499056.7282,5909040.5794],[32499081.219,5909081.0629],[32499114.2064,5909114.0493],[32499153.9408,5909132.0416],[32499168.2654,5909132.5382],[32499197.1737,5909133.5404],[32499240.4063,5909124.0435],[32499280.1403,5909103.5511],[32499312.6269,5909073.5625],[32499341.6148,5909035.5772],[32499369.3532,5908990.5946],[32499389.0946,5908941.6138],[32499395.3414,5908890.1342],[32499396.0904,5908838.6546],[32499400.4451,5908789.2934],[32499404.5856,5908737.6946],[32499404.4918,5908719.5559],[32499404.335,5908689.2139],[32499395.3378,5908638.2343],[32499391.9598,5908627.8191],[32499377.3442,5908582.7566],[32499350.6041,5908528.7784],[32499316.1171,5908481.2978],[32499213.7813,5908364.2682],[32499128.1888,5908266.386],[32499062.6512,5908196.7266],[32499027.7273,5908164.428],[32498988.4926,5908140.9379]],[[32495543.5635,5899601.0554],[32495564.5222,5899599.1214],[32495598.5802,5899600.3233],[32495648.5506,5899602.0867],[32495663.1518,5899599.3474],[32495682.2461,5899590.3018],[32495695.4077,5899578.1774],[32495700.0429,5899572.7347],[32495761.7251,5899500.307],[32495785.225,5899477.3366],[32495836.1167,5899440.6397],[32495924.7363,5899386.4603],[32495943.804,5899374.8028],[32495968.3235,5899352.6822],[32495989.566,5899327.4765],[32496013.7981,5899285.9964],[32496028.6454,5899246.6913],[32496033.3564,5899214.034],[32496034.665,5899183.9645],[32496033.7339,5899166.0328],[32496029.8445,5899142.2619],[32496024.39,5899121.8484],[32496017.5891,5899105.3485],[32496008.8238,5899089.4906],[32495996.6874,5899072.0849],[32495984.908,5899058.7354],[32495975.1081,5899051.6614],[32495957.9397,5899043.0686],[32495944.4811,5899038.5992],[32495932.6442,5899037.0524],[32495917.5346,5899038.2013],[32495905.7717,5899041.301],[32495895.2794,5899046.6159],[32495885.6772,5899054.0221],[32495872.992,5899067.0104],[32495863.9997,5899079.1576],[32495854.8059,5899097.9175],[32495851.4397,5899121.7957],[32495851.9192,5899145.7988],[32495853.6164,5899155.0982],[32495858.3763,5899181.1784],[32495857.8168,5899196.1826],[32495855.3632,5899207.9475],[32495850.155,5899222.012],[32495842.5935,5899234.9605],[32495804.5967,5899281.5107],[32495774.3688,5899306.0284],[32495741.6937,5899327.4733],[32495688.8562,5899355.694],[32495659.9477,5899370.2442],[32495538.7804,5899431.2299],[32495502.5318,5899452.5299],[32495475.8241,5899471.9486],[32495460.7723,5899486.6199],[32495450.01,5899500.8954],[32495423.1446,5899545.8427],[32495402.2324,5899580.83],[32495388.5226,5899596.6609],[32495373.089,5899611.0884],[32495329.3465,5899642.6085],[32495222.0414,5899706.2776],[32495182.1444,5899729.9504],[32495157.0762,5899746.1428],[32495145.9088,5899756.1363],[32495129.5676,5899777.8139],[32495124.0504,5899791.8758],[32495122.4805,5899815.7761],[32495125.1507,5899854.256],[32495130.2376,5899885.5813],[32495143.9858,5899970.2443],[32495143.5715,5899994.2586],[32495138.1236,5900014.5092],[32495130.3705,5900027.2294],[32495120.5595,5900038.8962],[32495107.6525,5900051.4182],[32495093.3091,5900062.4467],[32495067.4349,5900077.5012],[32495024.7795,5900097.8732],[32495005.1316,5900107.2569],[32494997.7545,5900117.2061],[32494996.597,5900122.877],[32494997.5874,5900131.7839],[32495003.3767,5900145.9416],[32495016.4606,5900162.3347],[32495031.7264,5900176.9071],[32495045.826,5900188.4268],[32495066.6673,5900205.4548],[32495079.1731,5900218.1904],[32495092.0312,5900238.6183],[32495101.1846,5900260.9504],[32495103.4751,5900278.6678],[32495100.3915,5900296.6105],[32495084.5359,5900325.1041],[32495066.8218,5900356.9375],[32495061.8486,5900370.9731],[32495060.8291,5900383.2683],[32495063.0273,5900391.6786],[32495071.4563,5900400.6045],[32495104.6946,5900417.5525],[32495111.6529,5900421.1005],[32495126.4575,5900431.0445],[32495139.9257,5900447.3979],[32495145.6273,5900461.337],[32495146.6575,5900476.2524],[32495142.7633,5900490.9537],[32495126.7774,5900512.5104],[32495117.7917,5900524.6275],[32495106.3116,5900549.0062],[32495105.2118,5900558.0382],[32495106.4654,5900569.9858],[32495109.5534,5900581.7609],[32495114.7522,5900592.4675],[32495126.5561,5900606.4026],[32495141.9921,5900615.1839],[32495170.3788,5900625.6738],[32495196.7777,5900631.5136],[32495220.72,5900632.9351],[32495247.7188,5900630.7032],[32495271.248,5900626.0803],[32495290.829,5900617.8856],[32495298.1267,5900612.9344],[32495301.892,5900608.0323],[32495306.2412,5900593.5252],[32495304.2545,5900581.8372],[32495293.8137,5900558.993],[32495269.8254,5900518.1171],[32495262.4091,5900505.4797],[32495251.7551,5900480.7912],[32495242.954,5900448.9272],[32495240.887,5900436.5217],[32495235.0688,5900401.6017],[32495215.0139,5900326.2476],[32495213.4712,5900320.4512],[32495205.02,5900299.3397],[32495195.1497,5900274.683],[32495187.6914,5900251.9776],[32495183.3258,5900228.4244],[32495179.3833,5900186.4661],[32495179.6533,5900168.5218],[32495182.5061,5900153.7576],[32495192.9532,5900128.8397],[32495211.847,5900105.5942],[32495236.0475,5900083.1782],[32495313.4508,5900019.4562],[32495324.0907,5900010.6969],[32495348.5229,5899988.6098],[32495394.5398,5899937.2077],[32495433.0813,5899887.3857],[32495450.9479,5899856.1045],[32495460.0466,5899827.5458],[32495463.2887,5899800.7741],[32495464.2882,5899786.0332],[32495469.5798,5899707.9917],[32495474.7686,5899678.2758],[32495481.8328,5899655.5002],[32495489.2306,5899642.2693],[32495498.6145,5899630.5842],[32495527.4839,5899608.883],[32495543.5635,5899601.0554]],[[32499008.4363,5898068.219],[32499368.2442,5897692.119],[32499281.9531,5897626.9957],[32499229.8543,5897692.1211],[32499260.789,5897719.7986],[32499013.3191,5897970.5319],[32498975.872,5897937.9702],[32499073.5572,5897822.3726],[32499023.084,5897706.7771],[32498949.82,5897781.6715],[32498868.4133,5897714.92],[32498928.6524,5897640.0258],[32498871.668,5897604.2081],[32498871.4853,5897595.9392],[32498870.0349,5897530.2937],[32498864.3125,5897482.5277],[32498857.7552,5897443.9095],[32498846.9318,5897403.7217],[32498826.1345,5897369.2708],[32498822.0071,5897362.4338],[32498805.4888,5897345.2983],[32498790.3246,5897335.3843],[32498776.2061,5897330.9078],[32498758.0447,5897331.6541],[32498734.565,5897337.1422],[32498717.9796,5897344.0637],[32498679.581,5897367.5492],[32498645.9624,5897392.7867],[32498605.8173,5897429.3886],[32498590.3363,5897447.4753],[32498580.7588,5897462.6018],[32498571.3007,5897485.0286],[32498564.9726,5897508.1398],[32498563.0501,5897529.3226],[32498564.6826,5897547.1715],[32498572.0239,5897579.2876],[32498586.7395,5897625.1955],[32498595.5805,5897647.743],[32498605.6621,5897665.9473],[32498617.3242,5897679.5612],[32498637.9834,5897697.2905],[32498701.53,5897742.49],[32498703.9742,5897744.2285],[32498694.2056,5897757.2535],[32498757.7027,5897797.9555],[32498703.9758,5897858.1965],[32498757.7041,5897897.2705],[32498674.6715,5897983.5618],[32498733.2842,5898024.2638],[32498790.2673,5897959.1384],[32498995.4114,5898077.9877],[32499008.4363,5898068.219]],[[32495415.6006,5898609.2114],[32495495.378,5898592.9291],[32495523.056,5898594.5568],[32495537.7091,5898604.3253],[32495581.6688,5898649.9119],[32495635.396,5898604.3239],[32495648.4208,5898601.0674],[32495680.9832,5898604.3232],[32495884.1282,5898655.1063],[32495903.1392,5898652.4095],[32495920.1243,5898646.6961],[32495949.8753,5898631.842],[32495967.4603,5898620.7982],[32496015.3009,5898589.1585],[32496041.5536,5898574.5868],[32496058.4248,5898569.3234],[32496074.7217,5898567.9703],[32496085.5891,5898567.068],[32496056.2624,5898520.4698],[32496013.9306,5898461.8583],[32495945.5505,5898510.7028],[32495694.8201,5898455.3505],[32495606.9028,5898520.4764],[32495545.0335,5898452.0965],[32495753.4298,5898281.1413],[32495748.7732,5898275.8196],[32495719.2388,5898242.0671],[32495698.0731,5898227.4143],[32495668.767,5898222.5304],[32495641.0892,5898229.0433],[32495611.7834,5898251.8373],[32495419.6682,5898417.9079],[32495354.5429,5898362.5529],[32495345.5881,5898356.8546],[32495264.1837,5898446.4021],[32495215.3397,5898404.0719],[32495080.208,5898537.5792],[32495047.6461,5898562.0014],[32495015.0839,5898573.3987],[32494948.3315,5898591.3089],[32494915.7695,5898615.7312],[32494907.6292,5898632.0124],[32494910.8857,5898653.1779],[32494925.5391,5898672.715],[32494969.4985,5898697.1361],[32495013.4576,5898702.0199],[32495117.6568,5898692.2497],[32495210.459,5898667.8265],[32495415.6006,5898609.2114]],[[32499267.3106,5898359.6478],[32499338.9465,5898283.1253],[32499320.1544,5898268.5522],[32499259.1681,5898221.2581],[32499179.3916,5898299.4088],[32499080.0757,5898235.9138],[32499092.3424,5898223.504],[32499220.0915,5898094.2657],[32499316.1512,5898157.7608],[32499379.6467,5898092.6352],[32499364.9935,5898079.6105],[32499684.9132,5897728.747],[32499617.6926,5897670.242],[32499596.9939,5897652.2269],[32499273.8182,5898014.4873],[32499238.0002,5898050.3063],[32499164.7342,5897991.6953],[32499047.5117,5898115.4337],[32499001.9251,5898159.3935],[32498993.9617,5898154.6394],[32498892.8405,5898094.2705],[32498843.7827,5898118.1525],[32498828.8536,5898125.4201],[32498808.2057,5898142.3185],[32498791.289,5898163.7648],[32498779.2297,5898187.7894],[32498772.4606,5898214.1248],[32498770.6336,5898244.1042],[32498774.3626,5898276.9178],[32498783.167,5898305.7804],[32498795.2809,5898326.421],[32498812.2006,5898343.1758],[32498822.7793,5898349.717],[32498833.8763,5898354.0125],[32498860.8644,5898356.3808],[32498887.6219,5898352.8369],[32498910.6669,5898347.7683],[32498946.2012,5898339.9528],[32498976.2198,5898337.8441],[32499000.1015,5898339.1832],[32499023.6123,5898344.5111],[32499051.6141,5898355.2219],[32499081.6818,5898369.0404],[32499110.3238,5898385.3175],[32499137.8621,5898403.7321],[32499163.8074,5898424.0837],[32499178.8843,5898438.771],[32499191.829,5898455.5305],[32499200.4394,5898471.1065],[32499206.4524,5898491.4351],[32499210.2099,5898515.1448],[32499211.6059,5898529.5062],[32499215.4472,5898569.0237],[32499221.1283,5898592.0563],[32499234.4218,5898615.9159],[32499240.5862,5898622.2519],[32499252.0054,5898626.1132],[32499267.2844,5898626.3704],[32499284.2016,5898620.8383],[32499297.5668,5898613.7986],[32499334.0665,5898582.6985],[32499348.7192,5898566.4171],[32499355.231,5898519.2017],[32499345.4614,5898452.4491],[32499329.1797,5898415.0027],[32499320.5844,5898405.3333],[32499303.1294,5898385.6971],[32499267.3106,5898359.6478]],[[32499523.539,5894752.409],[32499431.2936,5894912.5183],[32499481.7657,5894946.708],[32499310.8176,5895228.3744],[32499317.4762,5895232.5292],[32499514.3338,5895355.3643],[32499581.0849,5895244.6516],[32499496.4222,5895194.1813],[32499621.4213,5894984.4057],[32499638.0648,5894956.4744],[32499685.2806,5894985.7798],[32499791.1055,5894809.9418],[32499786.9641,5894807.2221],[32499572.9362,5894666.6709],[32499554.2907,5894699.0336],[32499523.539,5894752.409]],[[32491864.8267,5897283.6979],[32491859.9065,5897254.1694],[32491853.0573,5897244.3865],[32491847.8443,5897241.183],[32491839.0364,5897239.0931],[32491833.0266,5897239.2987],[32491827.4283,5897241.5104],[32491822.8981,5897245.4993],[32491818.9416,5897252.7747],[32491811.3481,5897266.7382],[32491805.6587,5897273.4757],[32491797.2444,5897276.984],[32491785.179,5897278.6812],[32491773.5943,5897276.5846],[32491757.1158,5897268.9786],[32491738.7508,5897255.0338],[32491723.7419,5897243.6373],[32491714.8887,5897242.0289],[32491706.3489,5897245.1472],[32491703.7253,5897250.2425],[32491702.7233,5897262.3998],[32491708.2676,5897281.3872],[32491715.3274,5897305.5645],[32491730.5007,5897375.9506],[32491734.084,5897405.7309],[32491733.4115,5897429.6547],[32491723.3458,5897479.6664],[32491713.6352,5897516.0259],[32491697.8106,5897575.278],[32491692.2713,5897618.3712],[32491690.1601,5897634.7956],[32491685.1285,5897658.2052],[32491672.3783,5897698.2556],[32491649.3487,5897756.8612],[32491587.4024,5897905.3561],[32491582.3389,5897917.4942],[32491576.2768,5897934.3318],[32491573.4995,5897949.0655],[32491572.8667,5897970.1223],[32491574.6725,5897985.0753],[32491584.2357,5898015.9383],[32491596.8586,5898056.6758],[32491607.1181,5898106.5941],[32491616.8875,5898171.8784],[32491619.6287,5898213.7091],[32491618.0811,5898291.7808],[32491612.5814,5898333.3251],[32491600.7825,5898376.7456],[32491571.8483,5898449.0463],[32491569.5649,5898454.7519],[32491564.9081,5898472.0879],[32491563.727,5898484.0718],[32491564.7878,5898489.9272],[32491569.912,5898497.4307],[32491575.4683,5898499.4126],[32491587.0818,5898496.5698],[32491612.9848,5898481.3732],[32491631.6117,5898466.2927],[32491650.8271,5898447.2826],[32491662.5638,5898429.9399],[32491673.9833,5898392.6292],[32491682.631,5898336.3115],[32491684.2305,5898315.3945],[32491684.1255,5898305.8474],[32491683.9003,5898285.3849],[32491690.0467,5898244.8763],[32491692.4457,5898229.0655],[32491693.024,5898208.1164],[32491688.8255,5898190.6001],[32491685.444,5898181.0981],[32491674.7518,5898151.0537],[32491674.4126,5898136.0477],[32491675.1801,5898126.9108],[32491677.1741,5898103.1742],[32491674.0225,5898076.3238],[32491669.5441,5898065.3331],[32491667.8617,5898062.3811],[32491636.824,5898007.9218],[32491632.3685,5897990.4857],[32491633.521,5897972.5771],[32491650.721,5897936.8895],[32491662.1239,5897915.9595],[32491699.3749,5897847.5853],[32491700.9408,5897844.711],[32491717.4354,5897820.9602],[32491726.5838,5897807.7873],[32491727.1529,5897802.0013],[32491719.5379,5897797.7696],[32491714.0946,5897794.7447],[32491711.0512,5897789.5834],[32491709.8117,5897780.6614],[32491713.1302,5897769.1033],[32491757.171,5897715.7995],[32491776.0953,5897692.8949],[32491784.0563,5897676.7769],[32491788.5254,5897664.941],[32491803.54,5897625.1766],[32491805.2623,5897620.6154],[32491809.7531,5897606.3298],[32491812.2522,5897591.5062],[32491809.6481,5897549.587],[32491810.4117,5897540.6835],[32491815.4965,5897533.3655],[32491828.4208,5897525.4687],[32491830.4822,5897520.3026],[32491827.7951,5897515.1316],[32491825.2735,5897512.1888],[32491808.2265,5897492.2947],[32491807.1647,5897477.3448],[32491814.5509,5897457.7286],[32491820.2305,5897447.5096],[32491824.7691,5897439.3436],[32491827.1731,5897421.988],[32491828.0529,5897415.6365],[32491835.5479,5897389.7166],[32491840.5473,5897381.6812],[32491845.1696,5897374.2519],[32491849.6294,5897371.1753],[32491856.2248,5897370.9184],[32491867.8022,5897370.4675],[32491870.3053,5897365.2325],[32491868.9042,5897356.2967],[32491863.0132,5897347.8889],[32491856.8327,5897339.068],[32491855.1314,5897333.4401],[32491855.9824,5897324.4704],[32491861.3299,5897310.534],[32491864.8267,5897283.6979]],[[32492309.1947,5899294.4855],[32492312.5977,5899289.6616],[32492320.2638,5899284.8754],[32492347.7287,5899285.4427],[32492356.2229,5899285.6181],[32492364.2816,5899282.061],[32492368.6256,5899274.1594],[32492371.3776,5899265.89],[32492375.2561,5899254.2356],[32492379.9904,5899246.5533],[32492397.5917,5899230.4867],[32492404.3211,5899224.344],[32492413.7895,5899212.7179],[32492416.4868,5899204.1948],[32492415.8293,5899198.1852],[32492413.1569,5899192.8673],[32492408.0395,5899189.7167],[32492398.9109,5899189.7949],[32492393.7204,5899192.431],[32492385.8761,5899200.7374],[32492383.3746,5899203.3863],[32492375.3445,5899207.4128],[32492358.7416,5899209.083],[32492348.5577,5899210.1074],[32492316.8622,5899219.2948],[32492312.4971,5899223.4014],[32492311.6852,5899226.2338],[32492311.9624,5899245.8135],[32492312.0688,5899253.3247],[32492310.2997,5899259.037],[32492308.0899,5899261.0289],[32492299.3069,5899262.4404],[32492283.3148,5899258.3578],[32492270.1546,5899254.9982],[32492264.2736,5899255.4281],[32492257.1075,5899260.9141],[32492250.1739,5899271.5384],[32492240.7378,5899285.9972],[32492230.438,5899291.9551],[32492218.4998,5899291.3554],[32492213.2458,5899289.2793],[32492197.4999,5899283.0572],[32492176.6458,5899274.8166],[32492174.2646,5899269.5683],[32492176.1545,5899248.552],[32492178.1752,5899246.4441],[32492181.0446,5899246.1778],[32492205.1507,5899246.8671],[32492215.8719,5899241.4991],[32492246.384,5899212.6582],[32492259.0395,5899197.4192],[32492273.1999,5899180.3683],[32492284.8255,5899170.9734],[32492305.6937,5899169.2285],[32492327.3268,5899170.9392],[32492341.5641,5899172.0651],[32492359.5604,5899171.7084],[32492379.084,5899164.1652],[32492394.1781,5899156.1236],[32492402.8941,5899151.48],[32492414.5975,5899149.037],[32492423.5264,5899149.9958],[32492433.5327,5899152.6931],[32492461.1761,5899160.1448],[32492469.9588,5899159.6696],[32492474.5131,5899155.6286],[32492476.1053,5899149.9588],[32492479.4235,5899123.0527],[32492478.2778,5899114.3668],[32492457.7116,5899097.6875],[32492440.9874,5899084.1241],[32492427.8859,5899077.0132],[32492421.3638,5899076.6387],[32492386.0391,5899074.6103],[32492350.2725,5899063.8326],[32492337.1825,5899059.8881],[32492322.5496,5899056.8381],[32492275.0858,5899058.3255],[32492223.6568,5899059.9371],[32492215.2373,5899056.965],[32492208.1094,5899050.6581],[32492197.2075,5899041.0121],[32492191.4646,5899039.6561],[32492182.5606,5899040.7255],[32492160.2919,5899056.1667],[32492147.333,5899068.4248],[32492139.2086,5899079.2746],[32492120.312,5899104.5105],[32492115.4725,5899107.9952],[32492106.7805,5899110.3895],[32492098.0003,5899108.6992],[32492070.4874,5899096.7719],[32492058.8372,5899094.1653],[32492037.8079,5899094.0405],[32492024.4494,5899096.1343],[32491990.4236,5899101.4675],[32491957.5019,5899103.0347],[32491925.0238,5899097.2306],[32491903.3243,5899090.0332],[32491888.0308,5899084.9606],[32491870.5198,5899080.8624],[32491828.7212,5899076.9271],[32491813.7312,5899076.3929],[32491807.9143,5899077.6988],[32491804.3131,5899082.3851],[32491805.878,5899091.1967],[32491823.3759,5899107.4591],[32491827.7665,5899111.5397],[32491837.366,5899123.1034],[32491841.4091,5899131.1549],[32491840.1372,5899139.819],[32491835.0791,5899142.9592],[32491818.1071,5899146.1787],[32491814.4116,5899146.8797],[32491798.2418,5899148.1522],[32491766.7142,5899150.6332],[32491758.5766,5899159.2753],[32491757.4924,5899168.2368],[32491759.7374,5899176.9357],[32491763.1426,5899181.7751],[32491773.5068,5899187.8847],[32491782.221,5899189.8484],[32491800.2569,5899190.7666],[32491818.0802,5899188.5896],[32491826.4661,5899185.3949],[32491836.4659,5899179.2552],[32491839.2602,5899177.5395],[32491848.0579,5899176.4043],[32491853.0827,5899179.6347],[32491858.3717,5899186.6138],[32491859.4148,5899187.9901],[32491862.1393,5899191.5852],[32491879.2978,5899212.3837],[32491896.463,5899224.4436],[32491905.1009,5899226.7208],[32491913.1204,5899227.4202],[32491929.0046,5899228.8054],[32491943.72,5899238.0459],[32491946.7146,5899239.9263],[32491957.6958,5899244.7859],[32491969.1772,5899247.8107],[32491970.8078,5899248.2403],[32491981.2287,5899250.9856],[32491996.0854,5899252.9373],[32492010.9048,5899251.4281],[32492045.532,5899237.7309],[32492063.922,5899230.4566],[32492081.4964,5899226.7019],[32492111.4259,5899227.7507],[32492129.1368,5899230.9203],[32492135.0445,5899231.9775],[32492152.7021,5899235.1375],[32492156.9425,5899243.0279],[32492157.529,5899261.6832],[32492158.5438,5899293.9592],[32492173.7887,5899303.4376],[32492192.8978,5899312.1426],[32492198.0012,5899316.7773],[32492203.9855,5899322.2119],[32492214.1693,5899328.5301],[32492262.5369,5899344.4627],[32492280.649,5899344.6103],[32492290.8484,5899338.7152],[32492294.0771,5899333.6721],[32492298.0899,5899321.3322],[32492301.5012,5899310.8421],[32492309.1947,5899294.4855]],[[32499378.8098,5896502.7808],[32499419.5118,5896434.3994],[32499483.0088,5896470.217],[32499504.9103,5896436.2109],[32499544.8757,5896374.1573],[32499448.8162,5896315.5466],[32499486.2619,5896250.4214],[32499377.1772,5896177.1579],[32499453.6967,5896042.0232],[32499378.8027,5895993.1809],[32499234.8597,5896213.4642],[32499163.8962,5896322.0633],[32499292.5183,5896396.9546],[32499268.0972,5896437.6578],[32499378.8098,5896502.7808]],[[32490481.8312,5904978.8188],[32490453.3423,5904965.3246],[32490449.3355,5904965.4749],[32490413.3582,5904966.8246],[32490373.6243,5904985.8176],[32490347.885,5905017.8053],[32490333.6412,5905056.2902],[32490327.3942,5905094.775],[32490330.8934,5905134.2593],[32490345.1383,5905176.7422],[32490366.6303,5905217.7256],[32490377.7695,5905233.8656],[32490412.6129,5905280.6999],[32490432.1054,5905298.1926],[32490456.3459,5905304.6897],[32490479.1303,5905301.5467],[32490492.5814,5905299.6912],[32490531.3158,5905284.6966],[32490558.8045,5905261.7053],[32490576.2971,5905231.717],[32490578.5606,5905222.1593],[32490585.293,5905193.7319],[32490585.2924,5905152.2484],[32490576.0455,5905111.2648],[32490558.302,5905071.7808],[32490532.3119,5905035.2957],[32490506.0719,5905003.3088],[32490481.8312,5904978.8188]],[[32496802.9539,5904158.5386],[32496781.7989,5904157.4202],[32496764.0399,5904159.3052],[32496743.4554,5904163.889],[32496701.0681,5904179.161],[32496664.6523,5904200.196],[32496650.6508,5904211.6771],[32496640.6629,5904222.7078],[32496626.8728,5904242.3762],[32496606.6335,5904275.9592],[32496599.7051,5904292.4247],[32496597.9576,5904304.4127],[32496599.785,5904322.5329],[32496606.2502,5904332.3126],[32496619.1266,5904340.5042],[32496636.9477,5904342.0074],[32496642.6496,5904342.0019],[32496668.3097,5904341.9771],[32496681.7757,5904339.7043],[32496694.9466,5904337.4813],[32496721.1884,5904331.2309],[32496743.6627,5904322.8434],[32496770.7762,5904309.8314],[32496790.8134,5904296.7483],[32496813.887,5904277.4316],[32496832.3064,5904257.518],[32496844.6962,5904237.1591],[32496850.1357,5904216.6826],[32496851.0752,5904198.7446],[32496844.8856,5904178.4389],[32496837.0426,5904169.6817],[32496823.5345,5904162.5506],[32496802.9539,5904158.5386]],[[32492958.9263,5903313.6484],[32492800.9689,5903225.8972],[32492729.9264,5903371.2168],[32492859.1,5903487.4698],[32492925.4039,5903382.7762],[32492917.8493,5903375.2657],[32492958.9263,5903313.6484]],[[32496098.3506,5904153.8052],[32496083.5877,5904151.5021],[32496065.4967,5904152.9003],[32496047.89,5904157.2165],[32496031.4544,5904164.4465],[32496013.346,5904175.2539],[32495998.9504,5904186.1784],[32495974.7956,5904208.6772],[32495925.9407,5904259.7521],[32495915.3595,5904272.1184],[32495913.4543,5904281.0303],[32495917.6002,5904304.808],[32495925.777,5904319.5787],[32495928.051,5904321.923],[32495942.5187,5904336.8384],[32495957.4799,5904346.8865],[32495974.0767,5904353.5858],[32495989.4475,5904354.7069],[32496010.2086,5904353.1599],[32496034.5008,5904341.4766],[32496064.461,5904316.5783],[32496101.0151,5904280.6611],[32496126.9333,5904251.5948],[32496147.6793,5904222.2751],[32496150.7557,5904210.6528],[32496150.4614,5904191.8697],[32496148.2285,5904186.9323],[32496142.1947,5904180.5862],[32496114.4484,5904161.6057],[32496098.3506,5904153.8052]],[[32497613.4584,5903595.9031],[32497715.9702,5903501.9311],[32497673.9888,5903459.9508],[32497622.3201,5903476.0981],[32497615.861,5903447.0345],[32497586.1726,5903456.9311],[32497470.5432,5903495.476],[32497480.0394,5903529.66],[32497483.8278,5903566.7809],[32497486.691,5903566.5206],[32497506.0678,5903650.4823],[32497512.7689,5903647.4782],[32497599.717,5903608.4998],[32497613.4584,5903595.9031]],[[32497612.6296,5903285.5693],[32497544.8123,5903153.1689],[32497473.7678,5903156.3993],[32497480.2288,5903317.8643],[32497475.7077,5903318.5102],[32497480.2295,5903372.7623],[32497577.1084,5903372.7609],[32497577.627,5903371.488],[32497612.6296,5903285.5693]],[[32490119.359,5904354.5588],[32490011.1685,5904254.1608],[32490006.4082,5904254.5937],[32489982.6069,5904276.2318],[32489976.1156,5904277.0974],[32489962.7001,5904273.6356],[32489949.7173,5904264.5479],[32489925.4826,5904241.6121],[32489917.693,5904239.8812],[32489910.7689,5904241.6123],[32489901.2484,5904248.5366],[32489898.6519,5904251.9987],[32489899.9502,5904255.0279],[32490040.5982,5904413.4148],[32490044.9257,5904412.5492],[32490055.3118,5904406.4905],[32490119.359,5904354.5588]],[[32497770.225,5913902.2906],[32497765.1345,5913899.6273],[32497759.3855,5913900.4549],[32497707.7658,5913926.6906],[32497746.2355,5914004.673],[32497764.8357,5914028.2377],[32497776.1207,5914038.0051],[32497781.3126,5914035.3923],[32497784.1651,5914032.0527],[32497796.931,5914017.1067],[32497813.6227,5914004.4006],[32497815.5401,5913998.8035],[32497815.7467,5913989.7918],[32497812.5431,5913978.3113],[32497806.9242,5913968.135],[32497791.2096,5913939.6746],[32497779.1474,5913917.8291],[32497770.225,5913902.2906]]],"crs":{"type":"EPSG","properties":{"code":4647}}},"properties":{"FL_NR":11842,"BR":3,"BR_NAME":"GEEST","BGL":-1,"BGL_NAME":"Ohne bodenlandschaftliche Zuordnung","BL":4,"BL_NAME":"Moore und lagunäre Ablagerungen","BR_BGL_BL_NAME":"GEEST / Ohne bodenlandschaftliche Zuordnung / Moore und lagunäre Ablagerungen","TKNR":null,"TKNAME":null,"UP_DATE":"2018-09-06T14:14:16.0000000"}}]}