{"type": "FeatureCollection","features":[{"type":"Feature","geometry":{"type":"MultiPolygon","coordinates":[[[[32484532.2514,5908765.3994],[32484544.2469,5908782.8923],[32484550.4947,5908806.8827],[32484552.7446,5908860.3614],[32484558.2428,5908888.85],[32484569.5372,5908917.9956],[32484581.4844,5908948.8258],[32484579.4854,5908964.8195],[32484570.4892,5908976.3151],[32484558.2441,5908983.3125],[32484540.7511,5908985.8117],[32484516.011,5908985.8121],[32484500.017,5908962.3216],[32484487.0218,5908937.8316],[32484477.0254,5908911.3422],[32484470.0278,5908881.8541],[32484467.2784,5908848.8672],[32484469.777,5908815.8803],[32484477.2736,5908787.3915],[32484489.5184,5908766.8995],[32484504.2624,5908757.403],[32484518.7566,5908756.4032],[32484532.2514,5908765.3994]]],[[[32477930.2402,5899167.8083],[32477953.981,5899181.8024],[32477972.4739,5899203.7934],[32477978.7217,5899224.785],[32477979.4718,5899246.2764],[32477975.7236,5899267.768],[32477968.9765,5899286.7605],[32477952.4834,5899306.7528],[32477928.2431,5899316.7492],[32477900.0044,5899317.2494],[32477870.2661,5899307.7535],[32477847.275,5899291.2604],[32477834.2798,5899271.2686],[32477828.5318,5899246.2786],[32477826.2822,5899216.2905],[32477833.0293,5899195.7986],[32477845.2742,5899180.3046],[32477862.0173,5899168.8089],[32477882.759,5899161.3116],[32477905.25,5899161.3113],[32477930.2402,5899167.8083]]],[[[32477726.4097,5907531.1791],[32477745.6852,5907539.6045],[32477765.7384,5907548.3699],[32477806.2936,5907567.923],[32477830.0638,5907580.7312],[32477849.8883,5907594.3507],[32477869.8563,5907612.441],[32477879.2942,5907627.884],[32477883.228,5907639.2227],[32477884.4987,5907648.2784],[32477881.6503,5907666.1459],[32477871.642,5907680.9179],[32477857.1555,5907691.7827],[32477834.6693,5907700.227],[32477803.4884,5907706.2183],[32477775.2247,5907707.9825],[32477730.7545,5907706.4738],[32477727.2571,5907706.3551],[32477727.2299,5907706.3584],[32477726.4097,5907531.1791]]],[[[32481691.3455,5906223.9501],[32481736.8278,5906248.9395],[32481788.308,5906293.4211],[32481791.557,5906319.9106],[32481781.8112,5906336.9039],[32481761.3194,5906345.4008],[32481731.8312,5906346.4009],[32481605.1315,5906343.4039],[32481569.6456,5906340.9054],[32481560.8986,5906304.42],[32481564.1468,5906272.4327],[32481582.6391,5906244.4435],[32481620.6236,5906219.4529],[32481652.3609,5906215.454],[32481691.3455,5906223.9501]]],[[[32482248.2792,5899584.5812],[32482270.7706,5899603.0735],[32482289.2636,5899632.5615],[32482301.7591,5899665.5482],[32482306.5077,5899694.0368],[32482304.2589,5899716.0281],[32482297.5118,5899735.5205],[32482286.5165,5899753.5135],[32482271.2727,5899769.5073],[32482240.785,5899776.505],[32482214.2955,5899779.5042],[32482191.3046,5899774.0067],[32482170.8125,5899757.5136],[32482154.8185,5899729.5249],[32482147.5709,5899695.5385],[32482150.5692,5899659.053],[32482165.5627,5899623.0671],[32482185.8043,5899597.5769],[32482205.5463,5899585.5814],[32482226.0381,5899582.5823],[32482248.2792,5899584.5812]]],[[[32484743.4879,5913741.4186],[32484771.4768,5913747.4159],[32484796.2171,5913756.9117],[32484814.9598,5913766.9075],[32484831.9532,5913779.9021],[32484844.4484,5913794.8959],[32484849.1968,5913811.3893],[32484847.4477,5913829.3822],[32484840.4508,5913846.8753],[32484825.457,5913862.3694],[32484799.9673,5913874.8648],[32484764.4815,5913880.3631],[32484732.994,5913880.3636],[32484703.5057,5913875.8658],[32484673.0177,5913866.37],[32484646.2781,5913852.3759],[32484629.5346,5913835.8827],[32484621.5375,5913816.3906],[32484621.7871,5913795.8987],[32484629.2838,5913777.406],[32484643.2781,5913763.4113],[32484662.7701,5913752.9152],[32484687.0104,5913744.4183],[32484714.7493,5913739.9196],[32484743.4879,5913741.4186]]],[[[32487676.0091,5911677.1513],[32487688.5601,5911690.1355],[32487701.3162,5911722.4628],[32487723.7761,5911779.3821],[32487730.4617,5911792.7554],[32487732.4741,5911795.9207],[32487748.1741,5911820.6156],[32487750.9387,5911829.164],[32487751.6582,5911838.1286],[32487750.0745,5911847.0636],[32487746.0599,5911855.1879],[32487735.3249,5911865.3654],[32487716.3545,5911874.641],[32487712.966,5911875.9544],[32487665.2345,5911894.4555],[32487656.0598,5911898.0117],[32487643.3439,5911902.0851],[32487631.4609,5911903.6602],[32487619.4359,5911903.4624],[32487607.5628,5911901.0956],[32487599.4207,5911897.4911],[32487592.6185,5911891.4264],[32487583.3796,5911875.0222],[32487579.7037,5911858.2577],[32487579.0054,5911840.2955],[32487582.0485,5911819.4741],[32487588.1281,5911796.2589],[32487624.7607,5911705.1261],[32487631.6557,5911687.9732],[32487644.4773,5911675.3383],[32487652.9789,5911672.1225],[32487661.9853,5911671.937],[32487676.0091,5911677.1513]]],[[[32482976.6804,5912997.2398],[32482963.6857,5913003.7374],[32482951.9406,5913018.2318],[32482939.6958,5913040.723],[32482923.4526,5913063.2143],[32482902.4611,5913079.708],[32482876.2216,5913083.207],[32482851.2314,5913069.7128],[32482832.7384,5913044.2231],[32482819.4932,5913011.7362],[32482809.2468,5912979.2493],[32482805.9977,5912952.7599],[32482814.2442,5912932.2679],[32482832.7366,5912915.7742],[32482860.2254,5912900.28],[32482923.7001,5912896.7804],[32482955.6876,5912909.7748],[32482984.1764,5912924.2687],[32483010.1663,5912942.2611],[32483023.4113,5912962.253],[32483022.412,5912980.2459],[32483012.916,5912992.741],[32483001.4206,5912997.2394],[32482989.6752,5912995.7402],[32482976.6804,5912997.2398]]],[[[32483197.4047,5899785.4877],[32483235.6398,5899802.9802],[32483227.4774,5899881.9497],[32483223.3963,5899921.4333],[32483198.6568,5899964.4166],[32483161.1719,5899983.9094],[32483119.1887,5899986.409],[32483080.454,5899977.9129],[32483064.2101,5899958.4209],[32483052.4645,5899937.4294],[32483045.7169,5899913.9388],[32483045.2167,5899887.9492],[32483053.463,5899858.9606],[32483070.7057,5899830.9715],[32483092.6966,5899805.9811],[32483115.9371,5899787.4881],[32483139.1777,5899777.4917],[32483165.9171,5899776.4918],[32483197.4047,5899785.4877]]],[[[32481651.0774,5903827.903],[32481678.5668,5903853.8923],[32481698.3094,5903883.3803],[32481711.3046,5903915.3674],[32481720.3016,5903952.8524],[32481724.0507,5903990.8372],[32481721.3022,5904024.324],[32481708.5576,5904048.8144],[32481687.0664,5904063.309],[32481661.8265,5904067.8075],[32481638.3358,5904061.3105],[32481615.3446,5904040.8189],[32481591.1038,5904008.3322],[32481570.3615,5903969.8478],[32481557.1162,5903932.3629],[32481552.8674,5903897.8766],[32481556.1157,5903864.8897],[32481568.3604,5903836.9006],[32481590.6012,5903815.9087],[32481620.3394,5903812.4096],[32481651.0774,5903827.903]]],[[[32487560.2981,5908869.8144],[32487564.5468,5908901.3018],[32487559.5492,5908927.7913],[32487542.3064,5908949.2831],[32487513.3181,5908966.7765],[32487472.8344,5908980.2717],[32487432.3506,5908985.7701],[32487400.6132,5908981.2724],[32487373.3739,5908972.2764],[32487316.8962,5908957.7829],[32487290.6565,5908947.7873],[32487270.4143,5908933.2933],[32487259.4184,5908913.3014],[32487274.1621,5908882.3135],[32487315.3954,5908861.8211],[32487362.6265,5908853.3238],[32487372.2916,5908854.9593],[32487395.1136,5908858.8211],[32487415.1058,5908865.3183],[32487438.5964,5908861.3195],[32487466.3352,5908848.8241],[32487499.3218,5908830.331],[32487529.3098,5908824.8327],[32487549.0521,5908841.3259],[32487560.2981,5908869.8144]]],[[[32487648.7765,5915110.9054],[32487665.9486,5915116.1535],[32487678.6926,5915124.1324],[32487687.9277,5915134.4216],[32487691.7519,5915147.0224],[32487702.3855,5915217.197],[32487715.8538,5915250.5121],[32487735.7016,5915276.0299],[32487764.0553,5915298.0034],[32487798.0797,5915313.5973],[32487835.648,5915321.394],[32487876.0518,5915324.9376],[32487902.9875,5915330.6078],[32487912.9524,5915335.6067],[32487916.3983,5915340.6545],[32487917.4689,5915346.5825],[32487915.3384,5915355.2601],[32487903.3391,5915364.4289],[32487892.165,5915368.7493],[32487877.3308,5915371.0543],[32487832.4137,5915368.0655],[32487785.8789,5915356.3234],[32487735.3866,5915337.3274],[32487664.3389,5915305.0044],[32487646.2195,5915294.5134],[32487629.247,5915282.0854],[32487598.5103,5915253.4273],[32487574.2954,5915222.9205],[32487550.5865,5915184.6462],[32487546.6274,5915173.2861],[32487545.4323,5915161.3433],[32487547.2994,5915146.3533],[32487549.9821,5915137.8154],[32487556.7873,5915127.7965],[32487563.8352,5915122.3551],[32487574.6187,5915116.8171],[32487588.9185,5915112.4478],[32487630.8557,5915109.1791],[32487648.7765,5915110.9054]]],[[[32479395.6438,5898212.1674],[32479404.3906,5898226.6616],[32479411.6382,5898262.1474],[32479418.8855,5898277.1413],[32479430.631,5898286.6373],[32479462.6185,5898300.6313],[32479475.1137,5898313.1262],[32479480.112,5898334.6176],[32479475.6141,5898356.6089],[32479463.3692,5898371.1033],[32479445.8763,5898379.6002],[32479397.8955,5898391.0963],[32479362.4098,5898406.5906],[32479326.1745,5898427.5828],[32479272.4465,5898471.5661],[32479248.9561,5898484.5612],[32479226.1057,5898486.2728],[32479210.2213,5898477.0648],[32479204.9732,5898458.0724],[32479212.9697,5898435.5812],[32479222.2668,5898420.4532],[32479258.7004,5898357.6116],[32479331.9195,5898239.1576],[32479355.4098,5898213.1676],[32479378.1507,5898206.1701],[32479395.6438,5898212.1674]]],[[[32488800.4,5915637.1065],[32488779.4087,5915664.5959],[32488761.9161,5915692.585],[32488730.9292,5915751.0622],[32488710.6876,5915774.0534],[32488673.2024,5915764.0579],[32488644.7136,5915753.5625],[32488623.2219,5915738.5687],[32488588.735,5915691.5879],[32488567.4932,5915670.5966],[32488548.7503,5915648.1058],[32488537.7543,5915618.6176],[32488572.2405,5915619.1169],[32488605.9771,5915616.6175],[32488638.714,5915611.1192],[32488670.2013,5915601.1227],[32488697.1904,5915588.1274],[32488730.1742,5915564.321],[32488754.6669,5915546.6431],[32488772.9095,5915538.1462],[32488792.6516,5915534.6473],[32488813.6433,5915534.647],[32488835.8845,5915539.6447],[32488835.7173,5915542.1344],[32488833.6358,5915573.1314],[32488820.1417,5915606.1185],[32488800.4,5915637.1065]]],[[[32481510.5431,5915046.4463],[32481565.2719,5915086.4296],[32481598.0093,5915119.9159],[32481607.5059,5915144.9058],[32481604.5074,5915168.8963],[32481593.0123,5915188.3887],[32481576.7689,5915199.3846],[32481554.2779,5915203.3833],[32481523.5402,5915204.8832],[32481488.0543,5915203.3843],[32481383.5956,5915185.8927],[32481356.3563,5915175.8971],[32481336.8638,5915156.9049],[32481328.117,5915133.9141],[32481328.8663,5915112.4227],[32481337.1127,5915088.4321],[32481351.1067,5915058.4438],[32481371.3929,5915034.8479],[32481386.3421,5915017.4596],[32481446.5682,5915017.4587],[32481510.5431,5915046.4463]]],[[[32484472.4097,5900631.1333],[32484513.394,5900673.6158],[32484555.1282,5900724.595],[32484574.2169,5900752.7395],[32484589.3653,5900775.0744],[32484608.3584,5900822.5553],[32484610.1083,5900863.0392],[32484592.6157,5900894.0271],[32484556.3802,5900900.0252],[32484509.8983,5900877.035],[32484461.6669,5900836.5518],[32484441.9389,5900814.4185],[32484420.6826,5900790.5707],[32484392.9429,5900741.5905],[32484380.4472,5900690.611],[32484383.4453,5900644.6292],[32484397.8134,5900620.6816],[32484402.9371,5900612.1419],[32484434.6744,5900606.6436],[32484472.4097,5900631.1333]]],[[[32477694.7979,5900773.2284],[32477694.8172,5900773.2251],[32477725.095,5900780.67],[32477752.3344,5900795.6637],[32477773.5762,5900817.6546],[32477779.6197,5900831.221],[32477785.8218,5900845.1435],[32477788.3212,5900875.1316],[32477784.3232,5900903.6203],[32477775.827,5900930.6097],[32477752.337,5900978.591],[32477741.0919,5901005.5804],[32477732.5957,5901034.0692],[32477729.3474,5901062.0581],[32477732.0966,5901086.5483],[32477740.5935,5901106.0405],[32477753.8385,5901123.0335],[32477771.5817,5901139.5267],[32477787.8255,5901158.5189],[32477796.8222,5901181.0099],[32477798.5719,5901206.4997],[32477795.7739,5901220.3691],[32477792.8246,5901234.9885],[32477776.3317,5901270.4746],[32477751.842,5901307.96],[32477723.8536,5901344.4459],[32477697.6164,5901375.9877],[32477694.7979,5900773.2284]]],[[[32485425.1813,5915940.9132],[32485451.3654,5915946.6902],[32485475.2292,5915959.5433],[32485487.4429,5915976.0381],[32485487.4736,5915989.0146],[32485483.7253,5916007.0075],[32485464.2334,5916027.9995],[32485411.7549,5916071.9827],[32485362.0254,5916120.4642],[32485334.5367,5916144.9548],[32485306.0483,5916167.4463],[32485277.06,5916173.9442],[32485258.3174,5916169.946],[32485247.3216,5916157.4511],[32485242.5732,5916137.4591],[32485241.0728,5916064.988],[32485233.5753,5916034.0004],[32485230.0613,5916019.3568],[32485227.845,5916001.6064],[32485232.8769,5915984.0902],[32485244.7203,5915970.7698],[32485259.5103,5915960.074],[32485281.7727,5915951.8887],[32485314.3051,5915945.0197],[32485350.0216,5915940.4585],[32485386.0212,5915939.1819],[32485425.1813,5915940.9132]]],[[[32486640.276,5907442.853],[32486660.8999,5907447.4467],[32486691.2896,5907460.0164],[32486709.4876,5907470.7397],[32486728.9733,5907484.7145],[32486754.2598,5907510.4477],[32486762.7213,5907522.762],[32486770.7542,5907538.9876],[32486777.0291,5907555.8751],[32486781.1658,5907573.3859],[32486782.0834,5907588.4008],[32486780.8258,5907603.3643],[32486778.0213,5907615.0909],[32486772.2485,5907628.2771],[32486760.8862,5907642.9398],[32486750.9006,5907649.9841],[32486742.7571,5907653.5995],[32486718.877,5907656.6396],[32486682.8879,5907654.8647],[32486656.3191,5907649.4271],[32486639.4777,5907643.1619],[32486608.1967,5907625.4805],[32486573.4845,5907601.6408],[32486555.2046,5907585.9999],[32486539.4958,5907567.9043],[32486527.8515,5907546.7996],[32486522.3045,5907529.6795],[32486521.4178,5907511.7229],[32486526.1081,5907491.228],[32486532.9837,5907477.9082],[32486547.1813,5907462.3884],[32486551.9152,5907459.2838],[32486566.4746,5907449.7354],[32486577.5062,5907445.5103],[32486595.3819,5907442.5628],[32486622.4433,5907441.0434],[32486640.276,5907442.853]]],[[[32484043.3873,5904632.5491],[32484065.3787,5904648.5425],[32484096.1167,5904665.0355],[32484157.8426,5904690.5244],[32484176.0855,5904702.0196],[32484182.0833,5904716.5138],[32484179.8344,5904732.0076],[32484164.0911,5904762.9956],[32484158.5936,5904788.4855],[32484155.3454,5904817.474],[32484154.3462,5904845.9627],[32484149.8483,5904868.9536],[32484137.8533,5904884.4477],[32484120.8601,5904891.4451],[32484101.6178,5904889.946],[32484078.8766,5904878.4509],[32484051.6372,5904858.959],[32484022.6484,5904833.4696],[32483993.9094,5904805.4811],[32483970.1684,5904772.9943],[32483953.6744,5904736.5091],[32483944.1776,5904696.5251],[32483941.1782,5904655.5414],[32483961.1701,5904643.5459],[32483982.1616,5904634.5492],[32484008.1512,5904630.5504],[32484043.3873,5904632.5491]]],[[[32478875.3532,5898387.1053],[32478903.8421,5898402.5987],[32478914.6423,5898414.881],[32478929.3324,5898431.5869],[32478948.5753,5898469.5715],[32478958.322,5898512.5542],[32478955.8236,5898556.5368],[32478943.5791,5898600.0197],[32478926.8364,5898640.5038],[32478895.3498,5898702.4796],[32478878.6067,5898722.9717],[32478860.3641,5898733.4678],[32478840.1221,5898730.9691],[32478818.6302,5898698.9821],[32478809.633,5898642.5047],[32478807.8828,5898580.5294],[32478808.3819,5898533.548],[32478804.633,5898502.0606],[32478797.6353,5898473.0722],[32478793.3866,5898446.5828],[32478797.6346,5898420.5931],[32478810.3792,5898400.1011],[32478814.5278,5898397.1725],[32478827.3723,5898388.1056],[32478848.8637,5898384.1069],[32478875.3532,5898387.1053]]],[[[32478880.1131,5899210.278],[32478859.6214,5899215.7761],[32478840.129,5899210.7784],[32478819.1373,5899201.7822],[32478794.397,5899196.2848],[32478767.4077,5899195.2855],[32478711.68,5899204.2828],[32478686.1901,5899199.2851],[32478666.6976,5899184.7911],[32478656.7012,5899157.802],[32478660.6992,5899126.8143],[32478678.6916,5899098.3253],[32478708.6793,5899069.8362],[32478748.413,5899039.8476],[32478795.8939,5899018.3555],[32478845.874,5899015.8558],[32478889.6067,5899026.8508],[32478919.3452,5899048.3418],[32478933.34,5899076.3305],[32478936.3393,5899107.3181],[32478930.592,5899139.3055],[32478917.5977,5899170.2933],[32478900.105,5899194.7839],[32478880.1131,5899210.278]]],[[[32484298.0937,5908702.4278],[32484325.5829,5908712.4235],[32484349.3238,5908737.4132],[32484367.3171,5908769.9],[32484379.5627,5908806.8851],[32484385.5609,5908844.87],[32484383.0624,5908878.3567],[32484371.3174,5908905.3461],[32484350.3261,5908927.3377],[32484320.0884,5908945.331],[32484272.1075,5908951.8291],[32484230.8737,5908937.8352],[32484197.3865,5908899.351],[32484172.1456,5908832.378],[32484168.8963,5908791.8941],[32484179.1418,5908758.9071],[32484198.1339,5908732.4173],[32484221.3743,5908710.9256],[32484245.8644,5908697.9304],[32484271.6041,5908696.4306],[32484298.0937,5908702.4278]]],[[[32488653.8657,5909065.2209],[32488677.6065,5909079.215],[32488706.4341,5909112.423],[32488732.1301,5909142.0234],[32488779.2306,5909189.6596],[32488816.3034,5909227.1542],[32488829.8689,5909242.6572],[32488847.7913,5909263.1394],[32488873.2817,5909301.1239],[32488890.2755,5909341.1078],[32488897.5233,5909384.0906],[32488883.0292,5909399.5847],[32488862.5374,5909403.0836],[32488839.0467,5909393.5877],[32488791.5649,5909346.1072],[32488746.8323,5909316.1198],[32488722.8415,5909296.1281],[32488659.6159,5909237.6523],[32488627.3782,5909205.6654],[32488602.8875,5909174.1783],[32488589.3925,5909144.6902],[32488582.3949,5909116.7015],[32488585.8931,5909092.2111],[32488602.8861,5909072.2188],[32488628.6257,5909062.2224],[32488653.8657,5909065.2209]]],[[[32485660.668,5916622.9834],[32485454.0544,5916623.7101],[32485498.68,5916542.7939],[32485519.4681,5916499.3113],[32485531.7127,5916461.8261],[32485541.4583,5916423.841],[32485557.9511,5916384.3565],[32485582.6909,5916352.8686],[32485616.1773,5916339.8733],[32485648.6645,5916347.3699],[32485670.656,5916366.8618],[32485684.401,5916396.3499],[32485692.1484,5916433.3351],[32485676.9291,5916553.2344],[32485660.668,5916622.9834]]],[[[32483240.9105,5901407.8423],[32483257.1543,5901424.8353],[32483261.9027,5901443.3279],[32483257.1549,5901468.318],[32483244.6604,5901506.3031],[32483193.4328,5901647.7476],[32483171.6927,5901733.7137],[32483168.695,5901811.183],[32483148.4528,5901796.1892],[32483128.2107,5901781.1955],[32483112.9661,5901740.212],[32483096.4719,5901687.7331],[32483082.4767,5901633.2549],[32483075.229,5901587.2733],[32483072.7296,5901560.2841],[32483072.9791,5901537.2932],[32483076.977,5901499.3083],[32483094.7196,5901475.3175],[32483116.4607,5901454.3256],[32483139.2014,5901437.332],[32483171.3191,5901418.3589],[32483198.4273,5901402.3451],[32483219.169,5901398.3464],[32483240.9105,5901407.8423]]],[[[32480987.7682,5898724.9409],[32481008.7601,5898741.9339],[32481020.2558,5898765.4244],[32481020.0062,5898786.416],[32481011.5099,5898805.9084],[32480987.1996,5898838.3231],[32480931.2933,5898912.867],[32480920.5479,5898936.8576],[32480921.2979,5898959.8485],[32480931.0444,5898982.3394],[32480947.0384,5899004.3304],[32480961.283,5899028.8205],[32480967.0311,5899054.3103],[32480964.7823,5899077.3012],[32480954.0368,5899092.7952],[32480938.5431,5899099.7926],[32480921.5498,5899098.7932],[32480904.5565,5899089.2973],[32480888.8124,5899069.8052],[32480870.5693,5899043.316],[32480845.8288,5899016.8269],[32480816.3401,5898991.3375],[32480783.103,5898969.3467],[32480760.1118,5898946.3561],[32480757.6125,5898920.3665],[32480772.1063,5898894.8764],[32480800.8446,5898873.8844],[32480836.0803,5898850.893],[32480870.816,5898820.4046],[32480900.8036,5898787.4173],[32480922.2947,5898757.4289],[32480941.2868,5898735.4374],[32480964.2775,5898723.9416],[32480987.7682,5898724.9409]]],[[[32486132.7129,5915713.6148],[32486099.9761,5915728.1095],[32486065.4901,5915748.6018],[32486010.2627,5915787.0873],[32485985.7726,5915799.0829],[32485965.7806,5915803.0816],[32485953.0356,5915798.5836],[32485952.0359,5915789.0874],[32485959.5327,5915779.0912],[32485984.7723,5915753.1012],[32485994.5182,5915734.6084],[32486000.2656,5915712.6171],[32486002.5144,5915689.1264],[32486002.2641,5915664.6361],[32486005.0127,5915642.145],[32486014.7585,5915623.1524],[32486029.7524,5915608.1582],[32486048.2449,5915597.6621],[32486074.9841,5915590.6645],[32486110.4699,5915586.6655],[32486148.7047,5915588.1644],[32486182.1915,5915597.6601],[32486215.4285,5915612.6537],[32486254.913,5915625.648],[32486297.6461,5915634.6438],[32486340.8789,5915636.6423],[32486419.0977,5915629.1442],[32486469.5775,5915620.6468],[32486482.3224,5915620.6467],[32486491.3189,5915627.6437],[32486496.0672,5915640.6385],[32486496.0675,5915659.631],[32486450.0858,5915663.1302],[32486388.8604,5915675.1263],[32486327.635,5915690.6211],[32486248.6667,5915715.1125],[32486213.4308,5915719.6112],[32486181.4435,5915718.1123],[32486157.453,5915712.115],[32486132.7129,5915713.6148]]],[[[32485316.8963,5905734.0931],[32485343.8858,5905748.0871],[32485371.1252,5905768.0788],[32485395.6158,5905791.0693],[32485415.6082,5905816.0591],[32485429.603,5905842.5484],[32485436.3507,5905868.5379],[32485437.6005,5905893.0282],[32485433.8527,5905943.0084],[32485429.105,5905970.4975],[32485420.6089,5906004.9839],[32485396.6195,5906078.4551],[32485385.1245,5906109.9427],[32485373.8792,5906128.9353],[32485361.3843,5906133.4337],[32485347.3897,5906126.4367],[32485332.1456,5906111.9427],[32485296.6584,5906019.4799],[32485281.9136,5905970.4996],[32485270.4174,5905919.5201],[32485262.4198,5905866.0414],[32485258.1708,5905813.0625],[32485260.6692,5905768.5802],[32485267.3661,5905751.6914],[32485272.1642,5905739.5916],[32485292.406,5905729.5952],[32485316.8963,5905734.0931]]],[[[32480906.6669,5906868.2052],[32480919.9118,5906882.1994],[32480929.9081,5906900.1921],[32480936.9056,5906920.1841],[32480940.1546,5906942.1753],[32480933.1593,5907074.6228],[32480933.1597,5907106.1103],[32480928.6618,5907127.102],[32480912.9183,5907143.0958],[32480887.1787,5907154.0918],[32480851.9428,5907161.0896],[32480814.9576,5907163.0893],[32480783.9698,5907157.5919],[32480758.9795,5907141.0988],[32480740.9863,5907111.6108],[32480731.2395,5907069.1278],[32480730.4891,5907020.6471],[32480738.2354,5906975.1651],[32480753.2289,5906940.6786],[32480770.222,5906926.1841],[32480811.7053,5906910.6896],[32480832.6966,5906891.1971],[32480852.6884,5906869.7054],[32480872.1805,5906859.7091],[32480890.6731,5906859.7088],[32480906.6669,5906868.2052]]],[[[32482286.9717,5914178.2802],[32482292.72,5914215.2655],[32482292.7205,5914252.2508],[32482288.5334,5914271.9911],[32482285.7237,5914285.2377],[32482270.2303,5914310.7278],[32482245.9902,5914329.2208],[32482213.2533,5914338.7175],[32482172.0198,5914339.7177],[32482126.5378,5914332.7212],[32482083.5547,5914320.7265],[32482049.3181,5914305.2332],[32482023.0783,5914285.2415],[32482001.8363,5914258.7523],[32481989.091,5914228.7644],[32481987.5912,5914197.7768],[32481998.5865,5914177.2848],[32482019.0782,5914171.7866],[32482075.8057,5914174.7846],[32482084.834,5914172.7782],[32482102.7949,5914168.7866],[32482124.0362,5914154.7919],[32482141.0292,5914135.2994],[32482155.0233,5914111.3087],[32482172.766,5914094.3152],[32482197.0063,5914091.8159],[32482224.4955,5914100.8119],[32482251.9848,5914118.3046],[32482273.7265,5914144.7937],[32482286.9717,5914178.2802]]],[[[32483007.3292,5906727.2314],[32483024.8224,5906737.7269],[32483040.8162,5906755.2198],[32483054.3112,5906778.2104],[32483046.315,5906820.1938],[32483043.5666,5906854.6802],[32483048.8149,5906883.6686],[32483064.8089,5906908.6584],[32483089.0495,5906926.6509],[32483115.0393,5906935.647],[32483139.7795,5906938.6454],[32483178.0143,5906940.1443],[32483196.507,5906945.6418],[32483213.0006,5906958.6364],[32483225.2461,5906982.6267],[32483223.9969,5907003.6184],[32483213.1984,5907031.4147],[32483200.0522,5907065.2543],[32483179.6634,5907113.2551],[32483171.858,5907131.6311],[32483159.8998,5907152.2379],[32483135.2771,5907178.5328],[32483124.3081,5907183.6892],[32483109.5099,5907187.044],[32483100.8134,5907185.9957],[32483092.6505,5907181.7197],[32483083.828,5907173.5344],[32483079.3272,5907165.8286],[32483075.2373,5907151.3393],[32483072.609,5907134.5606],[32483071.9714,5907130.4902],[32483074.5578,5907107.5792],[32483066.5605,5907074.5924],[32483009.3319,5906974.1332],[32482988.9966,5906935.6428],[32482981.3423,5906921.1546],[32482962.5991,5906877.1724],[32482954.3517,5906832.1904],[32482958.5995,5906795.205],[32482971.344,5906761.2184],[32482989.0864,5906725.2324],[32483007.3292,5906727.2314]]],[[[32479492.0359,5910807.1598],[32479550.7638,5910893.6246],[32479577.7535,5910926.1113],[32479608.4917,5910955.5991],[32479668.9684,5911008.0774],[32479692.7093,5911033.0671],[32479710.4526,5911058.057],[32479721.4486,5911083.5467],[32479725.4474,5911110.5359],[32479722.9487,5911138.025],[32479715.9519,5911164.5146],[32479705.2065,5911189.5048],[32479691.9621,5911210.9964],[32479675.9687,5911228.9895],[32479656.7266,5911243.484],[32479633.9858,5911253.9802],[32479607.2465,5911260.478],[32479582.2565,5911260.4783],[32479565.0133,5911254.481],[32479554.2674,5911243.4855],[32479549.0192,5911228.4915],[32479567.7613,5911194.005],[32479578.2566,5911159.0187],[32479583.2541,5911122.0333],[32479586.0024,5911080.5498],[32479582.2534,5911042.0651],[32479566.7591,5911013.5767],[32479540.5192,5910991.086],[32479505.0331,5910969.595],[32479476.2942,5910947.1044],[32479452.0535,5910925.6133],[32479434.5601,5910900.1236],[32479425.5632,5910867.1369],[32479427.0621,5910834.6498],[32479437.8075,5910811.6587],[32479456.0501,5910797.664],[32479480.2903,5910789.6669],[32479492.0359,5910807.1598]]],[[[32481659.6434,5908701.9657],[32481687.1326,5908708.4627],[32481711.3731,5908719.9578],[32481732.6149,5908735.4513],[32481751.3577,5908754.9433],[32481767.1017,5908777.4341],[32481779.847,5908802.9238],[32481787.8442,5908830.9126],[32481790.0938,5908860.4008],[32481788.5948,5908890.389],[32481789.8447,5908920.8768],[32481798.5917,5908952.864],[32481820.0836,5908987.35],[32481854.3206,5909024.8346],[32481930.2914,5909097.8045],[32481955.7817,5909130.2912],[32481963.5289,5909153.7818],[32481962.2796,5909167.7762],[32481950.5344,5909173.774],[32481927.5435,5909170.7755],[32481901.5537,5909159.7803],[32481878.5627,5909147.7854],[32481857.071,5909133.7912],[32481817.6725,5909083.316],[32481738.8659,5908982.3531],[32481695.9553,5908927.6958],[32481610.1648,5908818.4201],[32481596.4199,5908792.4306],[32481585.9236,5908762.4427],[32481581.425,5908733.9541],[32481585.4231,5908714.4618],[32481596.9184,5908703.9658],[32481612.6621,5908699.4673],[32481633.4038,5908698.9672],[32481659.6434,5908701.9657]]],[[[32479179.3711,5910550.8259],[32479168.3955,5910555.0125],[32479156.1756,5910564.1142],[32479143.9622,5910577.4338],[32479135.4404,5910593.2238],[32479129.8032,5910612.4231],[32479122.7527,5910636.4361],[32479112.6294,5910654.8478],[32479092.444,5910665.6689],[32479072.1809,5910671.4351],[32479069.2402,5910671.6831],[32479045.4273,5910668.5947],[32479038.5257,5910666.3188],[32479032.8874,5910664.4594],[32479025.7431,5910659.6082],[32479016.7573,5910647.384],[32479010.9726,5910633.5618],[32479009.8142,5910621.5453],[32479010.9436,5910606.4968],[32479015.303,5910585.3622],[32479016.4069,5910580.0102],[32479044.0688,5910513.2928],[32479056.9391,5910497.2305],[32479076.0507,5910482.1177],[32479094.2021,5910471.673],[32479115.2648,5910465.1618],[32479123.0108,5910462.7672],[32479147.7404,5910452.0019],[32479180.626,5910436.3129],[32479342.6296,5910359.0243],[32479376.8521,5910347.8517],[32479390.5897,5910352.4257],[32479393.8346,5910357.4364],[32479395.0611,5910366.514],[32479389.4132,5910386.8654],[32479378.0951,5910402.1679],[32479373.3586,5910408.5718],[32479363.4713,5910430.475],[32479359.0412,5910447.878],[32479356.2437,5910476.5294],[32479355.2331,5910486.8801],[32479351.7806,5910504.3771],[32479343.7326,5910523.8678],[32479331.0845,5910544.3244],[32479321.8658,5910552.3587],[32479313.8402,5910555.9318],[32479286.8577,5910559.1846],[32479259.8612,5910558.3699],[32479229.2004,5910553.3646],[32479212.4247,5910550.626],[32479191.4339,5910549.2932],[32479179.3711,5910550.8259]]],[[[32481292.7616,5906750.2466],[32481266.5222,5906764.7412],[32481247.5301,5906784.7335],[32481218.7922,5906834.7141],[32481201.7993,5906857.2054],[32481181.8074,5906869.7007],[32481162.5651,5906871.7002],[32481146.3214,5906861.2046],[32481137.3246,5906833.7156],[32481135.0749,5906791.2325],[32481136.0393,5906759.3934],[32481136.5736,5906741.7522],[32481142.0702,5906656.2861],[32481147.3176,5906623.2991],[32481155.3141,5906595.3101],[32481165.8096,5906573.8185],[32481179.0541,5906559.3241],[32481194.7977,5906551.8268],[32481213.5403,5906550.3272],[32481234.532,5906552.8259],[32481278.7646,5906570.3183],[32481325.7462,5906592.8087],[32481366.9802,5906619.2976],[32481393.2202,5906647.7859],[32481405.4657,5906677.274],[32481409.4645,5906705.7626],[32481402.9675,5906732.2522],[32481384.4752,5906755.2433],[32481365.9825,5906752.7446],[32481348.4894,5906746.2474],[32481326.2482,5906742.7491],[32481292.7616,5906750.2466]]],[[[32497719.9345,5902165.2938],[32497702.3339,5902169.0541],[32497679.9914,5902178.1047],[32497665.3588,5902188.3691],[32497656.0845,5902200.2099],[32497649.557,5902213.7458],[32497639.6378,5902250.5072],[32497638.6027,5902254.3433],[32497633.0978,5902268.2379],[32497621.6015,5902285.8138],[32497609.9885,5902295.4218],[32497590.7455,5902303.671],[32497563.861,5902306.9576],[32497549.1854,5902304.5489],[32497535.9597,5902297.437],[32497533.6628,5902295.5082],[32497521.867,5902282.0642],[32497517.0665,5902264.794],[32497518.0813,5902237.8275],[32497520.5355,5902229.0586],[32497526.3764,5902218.6829],[32497536.7711,5902203.8632],[32497548.8223,5902190.4774],[32497608.8513,5902139.708],[32497628.9696,5902122.693],[32497647.7614,5902103.2979],[32497657.9628,5902088.5057],[32497667.7661,5902069.9223],[32497676.2658,5902047.4689],[32497678.2076,5902038.7394],[32497680.8344,5902026.9302],[32497689.9378,5902011.422],[32497696.3026,5902005.1176],[32497706.4632,5901998.6315],[32497717.5777,5901993.8761],[32497727.8619,5901991.5171],[32497756.3184,5901990.6436],[32497800.7781,5901998.1219],[32497826.3871,5902006.1524],[32497849.6034,5902020.1796],[32497866.3884,5902032.8831],[32497878.9934,5902045.641],[32497894.6184,5902067.7383],[32497902.9445,5902083.7032],[32497907.3297,5902101.1764],[32497907.7884,5902119.2172],[32497905.2806,5902127.7271],[32497895.2502,5902142.8946],[32497889.0073,5902149.2689],[32497878.761,5902155.5088],[32497859.4874,5902164.1226],[32497845.0138,5902167.7266],[32497818.022,5902169.086],[32497805.9679,5902168.36],[32497740.9217,5902164.4421],[32497719.9345,5902165.2938]]],[[[32481166.0315,5905166.7143],[32481180.4368,5905171.2427],[32481188.4296,5905175.4129],[32481192.6393,5905179.5048],[32481199.1671,5905189.7744],[32481202.4126,5905198.1589],[32481204.0056,5905210.0584],[32481202.6883,5905221.9852],[32481199.2771,5905230.352],[32481175.0373,5905265.8383],[32481138.3023,5905295.3271],[32481070.5799,5905339.3105],[32481058.0851,5905359.3028],[32481058.8352,5905382.2936],[32481077.5785,5905434.7725],[32481084.826,5905460.7621],[32481086.8255,5905484.7525],[32481083.0773,5905507.2436],[32481072.3319,5905528.2354],[32481051.5904,5905544.7292],[32481021.1026,5905554.7256],[32480984.8671,5905557.7249],[32480947.1321,5905554.7267],[32480924.6409,5905545.2308],[32480902.6494,5905528.2378],[32480886.6554,5905503.7478],[32480881.9069,5905473.7598],[32480886.4046,5905441.2726],[32480895.9004,5905410.7846],[32480898.9557,5905405.3637],[32480911.3938,5905383.2953],[32480934.8841,5905358.8047],[32480975.1176,5905322.8184],[32481030.095,5905269.3389],[32481125.3057,5905170.3769],[32481139.1925,5905165.7158],[32481154.1712,5905164.9724],[32481166.0315,5905166.7143]]],[[[32482381.2733,5902874.2717],[32482400.7659,5902899.7613],[32482410.0127,5902931.2486],[32482415.7609,5902964.7352],[32482424.0079,5902987.726],[32482436.7532,5903010.2169],[32482482.2361,5903078.689],[32482496.9806,5903105.6781],[32482509.2261,5903135.1662],[32482516.4737,5903167.1534],[32482517.7237,5903200.1402],[32482514.2256,5903233.627],[32482505.9793,5903268.1134],[32482497.6425,5903292.4581],[32482493.4848,5903304.5991],[32482475.7423,5903337.5862],[32482453.0017,5903361.577],[32482435.0931,5903373.5164],[32482404.6692,5903386.2205],[32482395.7695,5903387.1857],[32482380.82,5903385.1531],[32482369.9936,5903380.1849],[32482360.5311,5903372.7464],[32482350.8218,5903361.3042],[32482346.8252,5903353.1859],[32482344.2513,5903335.4204],[32482346.2616,5903314.5275],[32482351.1161,5903300.3399],[32482362.0367,5903278.6113],[32482373.0319,5903246.124],[32482378.2793,5903211.6376],[32482375.28,5903176.1518],[32482366.7829,5903140.1662],[32482344.0409,5903068.1951],[32482329.5461,5903031.7099],[32482322.5483,5902989.7266],[32482321.2982,5902945.2443],[32482327.795,5902900.7619],[32482343.5381,5902858.7784],[32482381.2733,5902874.2717]]],[[[32492653.7662,5916607.2709],[32492463.7057,5916607.4956],[32492454.3833,5916577.1812],[32492435.3907,5916540.6954],[32492413.4756,5916509.2081],[32492373.2409,5916462.2273],[32492358.4965,5916437.2375],[32492351.2489,5916409.2487],[32492355.2469,5916376.7616],[32492366.9917,5916340.7757],[32492380.9856,5916305.2896],[32492396.4791,5916276.8007],[32492413.2222,5916260.8068],[32492431.7148,5916253.8093],[32492451.207,5916251.31],[32492470.9492,5916256.8076],[32492489.1922,5916274.8001],[32492505.4362,5916305.7876],[32492537.6745,5916383.7561],[32492557.9169,5916415.7431],[32492583.907,5916450.2291],[32492613.1461,5916497.7098],[32492639.6894,5916554.6866],[32492653.7662,5916607.2709]]],[[[32498794.0847,5901458.3114],[32498811.299,5901463.7997],[32498833.4193,5901478.9128],[32498853.7448,5901497.0649],[32498877.6227,5901523.9248],[32498902.6505,5901557.8106],[32498924.6755,5901593.5056],[32498945.4328,5901633.5143],[32498959.2347,5901663.4704],[32498967.5025,5901686.1148],[32498973.1354,5901709.3732],[32498975.2119,5901730.4053],[32498973.2051,5901757.2789],[32498967.5464,5901789.9804],[32498960.4065,5901815.9714],[32498951.4999,5901837.0377],[32498931.8969,5901868.6531],[32498925.4433,5901875.163],[32498915.2909,5901881.788],[32498903.7575,5901884.9071],[32498891.6901,5901884.5182],[32498883.2784,5901880.9383],[32498873.9146,5901873.3662],[32498863.8049,5901858.539],[32498846.6342,5901821.1132],[32498835.0212,5901795.8013],[32498785.7962,5901699.7199],[32498784.4288,5901697.0509],[32498777.7487,5901685.9465],[32498752.2137,5901643.499],[32498726.2583,5901603.9096],[32498718.4573,5901592.0109],[32498707.0854,5901571.0712],[32498699.5141,5901544.9924],[32498697.8389,5901521.0146],[32498703.4333,5901497.7209],[32498708.9467,5901486.8893],[32498716.1482,5901477.4652],[32498728.0657,5901468.0524],[32498744.0075,5901459.4037],[32498755.3177,5901455.3652],[32498767.072,5901454.0741],[32498794.0847,5901458.3114]]],[[[32482443.6231,5911628.7913],[32482426.6302,5911648.2837],[32482406.8883,5911667.7763],[32482387.3964,5911693.2664],[32482372.4028,5911720.7557],[32482366.6554,5911745.2461],[32482359.4085,5911763.239],[32482339.9165,5911776.7339],[32482310.9281,5911784.7312],[32482274.9425,5911789.2299],[32482239.7065,5911788.2308],[32482208.4688,5911780.2344],[32482177.7309,5911767.24],[32482144.4939,5911750.2473],[32482105.509,5911722.7587],[32482063.775,5911681.2758],[32482024.0401,5911633.2955],[32481991.0526,5911586.3146],[32481997.7995,5911557.326],[32482005.796,5911534.8348],[32482017.5411,5911519.8406],[32482035.034,5911512.3434],[32482058.7746,5911513.8424],[32482086.0139,5911523.8381],[32482114.2529,5911540.8309],[32482140.9926,5911561.8222],[32482165.7331,5911583.8131],[32482190.2236,5911601.3058],[32482216.2133,5911609.802],[32482244.9518,5911604.3038],[32482273.4404,5911596.3066],[32482298.9302,5911596.3062],[32482322.171,5911596.3059],[32482343.6623,5911588.3088],[32482364.154,5911574.8138],[32482383.896,5911564.3177],[32482404.1378,5911558.8196],[32482426.6289,5911559.8189],[32482450.1198,5911578.3112],[32482453.6188,5911603.3012],[32482443.6231,5911628.7913]]],[[[32484966.2228,5901294.3626],[32485011.9549,5901315.8534],[32485046.9414,5901341.8426],[32485072.9315,5901375.8287],[32485093.174,5901413.8133],[32485108.9183,5901452.2978],[32485120.4143,5901494.7807],[32485127.6621,5901543.2614],[32485131.1614,5901592.7417],[32485130.6622,5901637.224],[32485125.6648,5901678.2078],[32485115.4195,5901717.6922],[32485094.4287,5901778.1685],[32485073.6875,5901823.1509],[32485051.1969,5901855.1385],[32485025.4575,5901876.6303],[32485003.2164,5901880.1293],[32484986.473,5901874.1319],[32484973.7278,5901861.1372],[32484963.7316,5901844.6439],[32484961.7321,5901827.6507],[32484964.7307,5901810.1576],[32484977.7249,5901769.1737],[32484986.7209,5901733.6877],[32484994.7171,5901693.2037],[32485007.7109,5901617.2337],[32485010.7092,5901585.2464],[32485009.4593,5901553.7589],[32485004.2109,5901525.2703],[32484995.4641,5901501.28],[32484965.7252,5901448.8012],[32484946.4824,5901419.813],[32484926.7399,5901393.3238],[32484915.9938,5901368.3339],[32484908.2465,5901340.845],[32484905.2662,5901306.174],[32484907.246,5901275.371],[32484966.2228,5901294.3626]]],[[[32477739.8601,5910403.9796],[32477745.0265,5910409.6],[32477758.0073,5910423.7216],[32477771.186,5910430.6916],[32477791.9588,5910434.455],[32477812.2134,5910428.8006],[32477833.3472,5910412.2743],[32477871.4461,5910371.2305],[32477874.298,5910368.1582],[32477887.467,5910356.0195],[32477903.8469,5910348.485],[32477913.0719,5910348.0025],[32477921.7686,5910350.2926],[32477928.8784,5910355.6921],[32477934.6454,5910362.9648],[32477940.3242,5910373.559],[32477944.0698,5910385.0593],[32477945.3469,5910399.8885],[32477943.8196,5910424.0784],[32477942.1976,5910436.1366],[32477939.3058,5910444.4471],[32477927.3181,5910461.7886],[32477911.8724,5910475.9509],[32477886.3006,5910491.8613],[32477877.3527,5910496.7698],[32477833.7071,5910520.7123],[32477814.021,5910534.7579],[32477798.7717,5910549.1119],[32477787.0793,5910566.6733],[32477780.0762,5910586.3955],[32477780.0671,5910604.6534],[32477784.9095,5910622.8277],[32477792.7995,5910638.2225],[32477802.6897,5910649.3966],[32477827.1984,5910667.2692],[32477846.0857,5910676.4468],[32477875.4858,5910680.5681],[32477890.2738,5910681.0568],[32478022.6805,5910685.4321],[32478073.3992,5910691.1324],[32478096.3472,5910697.6959],[32478126.4599,5910711.5249],[32478149.9255,5910725.0772],[32478168.7429,5910739.904],[32478185.8542,5910757.0748],[32478197.7869,5910773.9712],[32478202.8141,5910794.6194],[32478203.3835,5910806.8886],[32478196.2695,5910819.9536],[32478184.4537,5910829.074],[32478169.5905,5910832.7745],[32478154.9344,5910831.1775],[32478143.2875,5910828.2785],[32478130.7532,5910825.1586],[32478084.2748,5910808.4822],[32477969.1412,5910761.1996],[32477943.4014,5910755.7021],[32477918.1615,5910760.7005],[32477891.4223,5910770.1971],[32477861.6842,5910777.1947],[32477831.1963,5910777.1951],[32477802.2078,5910769.1987],[32477772.9692,5910754.7049],[32477741.4286,5910735.1455],[32477741.4106,5910735.1366],[32477739.8601,5910403.9796]]],[[[32477762.272,5915190.847],[32477762.2764,5915190.843],[32477766.9286,5915187.1916],[32477866.0579,5915109.3866],[32477882.0985,5915101.1138],[32477899.0191,5915094.908],[32477910.8004,5915092.7845],[32477925.844,5915092.6892],[32477940.6877,5915095.0778],[32477954.7776,5915100.091],[32477970.4862,5915108.9656],[32477982.1924,5915118.3687],[32478005.7425,5915147.0711],[32478015.9356,5915164.4491],[32478026.182,5915195.4366],[32478031.9302,5915231.4222],[32478034.6803,5915308.8914],[32478039.2225,5915362.8026],[32478042.4285,5915400.8547],[32478040.1798,5915426.3446],[32478031.1836,5915446.8366],[32478016.6896,5915459.8317],[32477998.4469,5915464.8299],[32477983.2029,5915460.8317],[32477973.9565,5915451.3357],[32477965.9595,5915437.8411],[32477954.2139,5915422.8473],[32477936.2209,5915408.8531],[32477912.73,5915395.3588],[32477853.0034,5915367.8705],[32477816.4028,5915354.8067],[32477795.8975,5915350.442],[32477780.8444,5915348.5983],[32477768.956,5915348.9591],[32477763.0179,5915350.1534],[32477762.272,5915190.847]]],[[[32481530.1492,5905491.2436],[32481548.3921,5905501.7392],[32481565.3857,5905523.2304],[32481595.3115,5905574.2254],[32481618.3463,5905620.5996],[32481659.8507,5905704.1572],[32481698.3363,5905768.1312],[32481719.0784,5905793.121],[32481744.8185,5905815.1119],[32481778.8844,5905835.7466],[32481787.1213,5905840.0067],[32481802.8549,5905848.1441],[32481811.8247,5905856.1479],[32481818.9871,5905865.8893],[32481821.4217,5905874.3362],[32481819.7601,5905883.3256],[32481816.7319,5905888.4076],[32481802.1824,5905899.0711],[32481784.8038,5905903.5761],[32481760.0635,5905895.0799],[32481706.0846,5905868.5911],[32481681.8441,5905854.5971],[32481661.352,5905836.6045],[32481644.1085,5905811.1149],[32481615.369,5905748.6401],[32481601.3742,5905722.1508],[32481580.8819,5905693.6625],[32481545.3957,5905671.1719],[32481502.6625,5905655.1789],[32481421.9444,5905637.1872],[32481384.709,5905623.693],[32481346.474,5905612.698],[32481269.2547,5905606.7014],[32481246.7634,5905594.7065],[32481234.518,5905574.2148],[32481229.2697,5905545.7262],[32481233.5177,5905522.2355],[32481244.5129,5905495.7459],[32481259.7565,5905471.2554],[32481276.9994,5905452.2627],[32481302.7394,5905469.7554],[32481333.7272,5905480.7506],[32481372.212,5905486.2479],[32481419.6931,5905487.7466],[32481491.2308,5905487.2458],[32481503.1599,5905487.2456],[32481530.1492,5905491.2436]]],[[[32482140.8835,5903898.8679],[32482176.5553,5903891.6949],[32482232.7862,5903880.3879],[32482237.0971,5903880.9282],[32482257.7044,5903884.5871],[32482276.7411,5903893.4669],[32482338.3056,5903941.3482],[32482347.6625,5903949.6255],[32482349.0047,5903958.1038],[32482345.5142,5903966.8856],[32482335.7469,5903972.8681],[32482312.0212,5903979.256],[32482297.6367,5903981.4219],[32482255.6508,5903987.7436],[32482197.8166,5904003.6679],[32482193.6141,5904004.825],[32482133.6382,5904023.3185],[32482104.1501,5904035.814],[32482082.6588,5904048.8091],[32482066.1656,5904063.8034],[32482049.9223,5904082.2963],[32482035.6783,5904102.7883],[32482026.1824,5904124.7797],[32482024.6835,5904158.2664],[32482033.1079,5904217.195],[32482032.4443,5904244.3693],[32482029.8568,5904261.1895],[32482024.0347,5904272.8343],[32482006.5678,5904292.2425],[32481996.1968,5904299.2108],[32481975.5153,5904298.7122],[32481956.1073,5904291.5963],[32481925.0544,5904274.1296],[32481889.8936,5904250.6922],[32481876.534,5904235.9614],[32481862.3013,5904214.6129],[32481862.3012,5904205.5559],[32481862.301,5904195.205],[32481864.7966,5904183.6067],[32481879.2412,5904150.2717],[32481896.9836,5904114.7855],[32481970.7026,5903995.332],[32481990.9441,5903964.344],[32482008.187,5903944.3517],[32482027.4291,5903927.858],[32482049.1702,5903913.3634],[32482089.5463,5903906.6898],[32482140.8835,5903898.8679]]],[[[32483808.5359,5908520.5071],[32483794.7916,5908539.4998],[32483747.811,5908590.98],[32483726.5699,5908617.9696],[32483710.0768,5908643.9595],[32483684.3377,5908690.4414],[32483669.8438,5908712.4328],[32483651.8513,5908735.424],[32483602.6213,5908766.9122],[32483574.6323,5908756.4167],[32483543.6445,5908748.4203],[32483513.1565,5908743.4228],[32483467.4247,5908740.4246],[32483457.3476,5908731.7873],[32483452.6802,5908715.4348],[32483452.7405,5908687.8636],[32483452.9285,5908601.9798],[32483454.4276,5908578.4892],[32483460.4249,5908561.4958],[32483472.1701,5908549.5004],[32483487.6638,5908541.5034],[32483523.6494,5908531.007],[32483540.8924,5908520.511],[32483558.1352,5908503.5175],[32483595.1197,5908444.5404],[32483615.3613,5908417.5508],[32483637.6022,5908399.5577],[32483662.5921,5908393.5597],[32483686.0829,5908399.557],[32483704.0759,5908415.5504],[32483714.0776,5908433.2886],[32483717.321,5908439.0408],[32483726.0679,5908469.0288],[32483736.0643,5908494.5185],[32483749.3658,5908505.6028],[32483751.0585,5908507.0133],[32483768.0518,5908510.5117],[32483798.2897,5908506.0131],[32483808.0359,5908510.0113],[32483808.5359,5908520.5071]]],[[[32480969.1616,5908239.6592],[32480979.1579,5908265.6488],[32480976.4095,5908294.6373],[32480964.9144,5908322.6263],[32480884.9466,5908348.1173],[32480842.2138,5908363.6118],[32480806.2284,5908381.1053],[32480757.7482,5908415.0925],[32480718.5144,5908459.0756],[32480687.5274,5908504.0581],[32480665.0369,5908543.043],[32480643.0455,5908532.5474],[32480621.0541,5908522.0519],[32480619.8979,5908498.9347],[32480619.3043,5908487.0659],[32480629.3002,5908477.5695],[32480632.5487,5908463.575],[32480629.7991,5908418.0931],[32480632.2972,5908357.1173],[32480626.5491,5908329.6283],[32480606.8067,5908307.1375],[32480581.3165,5908286.1463],[32480561.8239,5908263.1557],[32480545.58,5908237.1662],[32480531.0854,5908206.6785],[32480523.0882,5908178.6898],[32480527.0863,5908160.6969],[32480541.0806,5908154.1993],[32480562.8221,5908158.6972],[32480591.061,5908169.1926],[32480688.2162,5908200.6237],[32480727.0075,5908213.1732],[32480771.7398,5908221.6692],[32480815.2226,5908222.6682],[32480848.4592,5908211.6721],[32480895.1906,5908216.1696],[32480941.9221,5908220.6672],[32480969.1616,5908239.6592]]],[[[32485114.237,5906447.8123],[32485067.7559,5906478.3009],[32485043.016,5906491.7958],[32485020.7749,5906496.7942],[32484999.5333,5906492.7961],[32484977.7917,5906478.3021],[32484964.0469,5906457.8105],[32484964.5464,5906434.8196],[32484974.2922,5906409.3296],[32484988.5361,5906381.3405],[32484998.2818,5906353.3515],[32485000.5306,5906328.8612],[32484997.0317,5906309.369],[32484990.2842,5906296.8741],[32484980.7878,5906285.8786],[32484970.2918,5906269.8851],[32484961.7949,5906249.3934],[32484958.5458,5906224.4033],[32484974.2892,5906201.4122],[32485036.0138,5906139.9358],[32485062.7535,5906161.4269],[32485087.2439,5906177.4202],[32485111.7343,5906185.9164],[32485135.4748,5906181.9177],[32485188.2035,5906156.4271],[32485215.9424,5906150.4291],[32485239.4331,5906155.4267],[32485255.9267,5906169.9207],[32485266.4229,5906192.4116],[32485272.171,5906220.9002],[32485266.9237,5906267.3818],[32485251.9305,5906322.3602],[32485233.1887,5906373.84],[32485215.946,5906411.3253],[32485201.702,5906433.3168],[32485187.7078,5906445.3122],[32485172.214,5906448.3113],[32485154.2211,5906443.3135],[32485134.4789,5906440.315],[32485114.237,5906447.8123]]],[[[32483534.2032,5912616.3831],[32483565.6908,5912625.3791],[32483594.4295,5912639.3731],[32483618.4202,5912658.3653],[32483635.6638,5912685.8541],[32483645.1605,5912720.3402],[32483646.2364,5912762.2981],[32483641.413,5912794.3109],[32483626.4195,5912830.2968],[32483603.4292,5912867.7822],[32483577.9398,5912903.2685],[32483554.9494,5912933.7567],[32483535.4574,5912952.7494],[32483514.7158,5912959.747],[32483490.2255,5912956.2487],[32483459.7375,5912945.7533],[32483424.2513,5912926.7614],[32483401.4709,5912909.2384],[32483388.5152,5912899.2728],[32483356.0276,5912867.7858],[32483329.2878,5912836.7985],[32483313.7936,5912809.8094],[32483310.5446,5912784.8194],[32483317.7913,5912758.8296],[32483332.7849,5912728.8413],[32483359.0238,5912684.3586],[32483374.2676,5912670.8638],[32483428.4956,5912639.8753],[32483451.7361,5912623.8813],[32483474.4769,5912612.8854],[32483502.2158,5912610.8858],[32483534.2032,5912616.3831]]],[[[32481496.3962,5904341.2012],[32481509.6412,5904358.1943],[32481517.6383,5904380.1854],[32481520.1377,5904403.1762],[32481526.8854,5904431.6648],[32481542.9968,5904461.9629],[32481583.8487,5904519.5963],[32481603.3566,5904547.1179],[32481620.1004,5904576.1061],[32481634.3451,5904607.0936],[32481645.3412,5904637.5813],[32481648.5851,5904663.2275],[32481656.0882,5904722.5474],[32481639.5953,5904765.5305],[32481618.3544,5904812.5122],[32481594.6145,5904852.9964],[32481562.2599,5904885.5657],[32481547.5017,5904900.4218],[32481516.2912,5904944.4499],[32481509.5189,5904950.3],[32481503.8253,5904949.1227],[32481502.0513,5904946.5754],[32481499.3742,5904935.3634],[32481490.9088,5904899.909],[32481485.651,5904885.8402],[32481478.5614,5904872.6292],[32481461.8437,5904851.4695],[32481438.6146,5904832.5445],[32481426.6807,5904812.5149],[32481427.4299,5904779.0282],[32481447.616,5904716.7006],[32481467.4122,5904655.5767],[32481471.1603,5904620.5905],[32481469.4105,5904586.6041],[32481463.4124,5904554.1171],[32481441.1703,5904488.6434],[32481429.2006,5904443.2416],[32481423.4263,5904414.1733],[32481421.4267,5904385.6846],[32481429.9229,5904358.1954],[32481442.4177,5904341.202],[32481458.4112,5904333.2049],[32481477.9035,5904332.7049],[32481496.3962,5904341.2012]]],[[[32488520.1701,5909153.1879],[32488538.663,5909165.6826],[32488550.1586,5909183.1755],[32488554.907,5909204.6669],[32488553.6579,5909229.1572],[32488548.1604,5909252.6479],[32488539.1643,5909271.6405],[32488525.4199,5909284.1357],[32488505.9277,5909289.134],[32488443.4525,5909282.1377],[32488407.7166,5909275.141],[32488370.2314,5909264.1459],[32488330.247,5909244.6543],[32488289.7627,5909216.666],[32488253.0269,5909185.179],[32488223.7881,5909156.6908],[32488200.2971,5909128.7022],[32488180.0547,5909099.714],[32488162.5613,5909071.2256],[32488133.3221,5909015.7481],[32488115.3289,5908986.2601],[32488092.8374,5908959.2711],[32488065.0982,5908938.2799],[32488035.3597,5908918.7881],[32488007.8704,5908895.7976],[32487985.8787,5908868.8086],[32487971.8839,5908837.8212],[32487966.5495,5908818.8316],[32487964.2114,5908810.5085],[32487959.3882,5908793.339],[32488091.8357,5908806.3319],[32488123.3232,5908811.3295],[32488143.8152,5908820.3256],[32488158.8095,5908836.319],[32488170.3052,5908857.3105],[32488193.7966,5908913.7877],[32488227.7018,5908979.3995],[32488255.5238,5909033.2394],[32488275.0164,5909063.727],[32488300.7566,5909090.7159],[32488332.2444,5909114.2061],[32488368.4802,5909133.6978],[32488399.9679,5909146.1924],[32488421.2095,5909151.1901],[32488436.7033,5909149.6905],[32488451.4474,5909144.1924],[32488520.1701,5909153.1879]]],[[[32487570.5348,5908215.0745],[32487583.2799,5908233.0672],[32487594.5258,5908254.0587],[32487618.5752,5908307.9379],[32487640.259,5908356.5173],[32487662.2509,5908399.0001],[32487692.7394,5908444.9813],[32487728.9756,5908488.4635],[32487768.9601,5908521.9496],[32487805.446,5908549.4382],[32487829.9367,5908578.9261],[32487839.1835,5908610.9133],[32487828.938,5908645.3997],[32487761.7147,5908641.9021],[32487710.485,5908634.9056],[32487670.2509,5908624.9101],[32487636.764,5908613.915],[32487603.0271,5908584.927],[32487570.5395,5908552.9402],[32487543.5498,5908517.9545],[32487525.5564,5908477.9706],[32487509.812,5908436.4874],[32487487.8202,5908397.5032],[32487452.5189,5908346.6221],[32487415.3476,5908293.0457],[32487397.0206,5908260.1847],[32487385.4828,5908228.3415],[32487383.1609,5908214.4455],[32487384.1613,5908199.4769],[32487386.9323,5908190.9822],[32487391.3838,5908186.9306],[32487397.0066,5908185.0766],[32487409.0066,5908186.2176],[32487430.3255,5908195.2149],[32487447.6485,5908202.4351],[32487465.5428,5908204.3044],[32487474.2495,5908202.1759],[32487479.0976,5908200.1452],[32487501.8999,5908190.5941],[32487519.5294,5908187.0463],[32487531.475,5908187.789],[32487541.546,5908190.5846],[32487556.79,5908200.5805],[32487570.5348,5908215.0745]]],[[[32490268.1782,5905833.9821],[32490326.9049,5905839.479],[32490367.8888,5905852.4733],[32490394.6284,5905874.4641],[32490415.6204,5905896.9549],[32490429.8651,5905921.9448],[32490436.6129,5905952.9323],[32490435.3638,5905981.9208],[32490427.6171,5906001.913],[32490415.6221,5906015.4078],[32490401.3779,5906025.404],[32490382.3858,5906049.8946],[32490369.1414,5906073.3854],[32490360.6451,5906097.8758],[32490349.9001,5906151.8545],[32490339.9045,5906178.8439],[32490325.1607,5906202.8346],[32490304.4192,5906222.827],[32490301.5347,5906224.2359],[32490274.7047,5906237.3408],[32490263.0712,5906240.2165],[32490250.8688,5906240.9364],[32490239.225,5906238.9502],[32490230.8903,5906234.9521],[32490215.6714,5906220.3802],[32490210.9277,5906212.5862],[32490207.1045,5906201.4397],[32490203.7323,5906181.6197],[32490193.9852,5906124.3325],[32490183.4993,5906089.8617],[32490169.2669,5906063.5955],[32490161.7732,5906051.904],[32490117.3945,5905982.6659],[32490102.3269,5905953.4232],[32490096.2856,5905933.1883],[32490093.7102,5905909.3025],[32490095.0052,5905891.331],[32490100.6066,5905870.9037],[32490107.0839,5905857.481],[32490115.5117,5905848.8705],[32490125.8629,5905842.6965],[32490147.4762,5905834.9834],[32490204.2036,5905832.9834],[32490268.1782,5905833.9821]]],[[[32480394.0177,5899665.5755],[32480247.0768,5899715.0579],[32480210.0918,5899729.5526],[32480168.6084,5899739.0495],[32480128.6243,5899742.5486],[32480095.3875,5899739.5503],[32480051.4048,5899728.5553],[32479996.6765,5899718.5601],[32479967.438,5899711.0635],[32479944.197,5899699.0686],[32479924.4547,5899682.5754],[32479904.9621,5899662.0838],[32479909.9595,5899615.1024],[32479919.7048,5899560.1241],[32479931.9491,5899505.6456],[32479943.9437,5899461.1631],[32479950.6906,5899429.1757],[32479958.9369,5899402.1864],[32479969.6824,5899382.694],[32479984.4264,5899374.6969],[32480000.1702,5899379.6947],[32480013.6651,5899394.1888],[32480024.9109,5899416.1799],[32480033.6578,5899441.6696],[32480039.9063,5899514.1407],[32480045.6545,5899547.6273],[32480056.6506,5899575.616],[32480075.1435,5899599.1064],[32480099.3842,5899620.0977],[32480127.1234,5899637.5904],[32480155.3624,5899649.5852],[32480182.8515,5899656.0822],[32480208.8412,5899657.5813],[32480232.8316,5899655.0819],[32480254.0731,5899649.5838],[32480298.0554,5899635.0889],[32480345.7862,5899616.0958],[32480426.9179,5899589.1062],[32480467.4872,5899575.6102],[32480499.7245,5899580.6077],[32480533.9609,5899581.6068],[32480571.6958,5899577.6079],[32480613.9289,5899568.6109],[32480668.4071,5899561.1131],[32480731.3821,5899563.1114],[32480786.6104,5899579.1042],[32480818.3482,5899611.0911],[32480809.852,5899643.5783],[32480793.8772,5899654.3309],[32480783.8626,5899661.0717],[32480748.1269,5899666.0702],[32480710.8917,5899662.0723],[32480636.6709,5899644.0805],[32480593.9378,5899637.5837],[32480545.2072,5899635.5852],[32480493.9775,5899636.0858],[32480467.738,5899640.0845],[32480394.0177,5899665.5755]]],[[[32484491.5899,5905065.5166],[32484512.4569,5905073.3672],[32484554.0625,5905102.2675],[32484685.1399,5905193.3171],[32484712.6292,5905209.3103],[32484741.8678,5905220.3055],[32484771.1062,5905227.8021],[32484799.8449,5905231.8001],[32484830.3328,5905239.2967],[32484864.3195,5905253.2907],[32484897.0568,5905271.7829],[32484925.0459,5905291.7745],[32485002.516,5905358.247],[32485038.5022,5905394.732],[32485064.2425,5905429.2179],[32485074.3703,5905462.9656],[32485077.8381,5905474.521],[32485088.9838,5905510.6852],[32485099.2304,5905557.6663],[32485102.9796,5905604.1478],[32485101.0755,5905618.1121],[32485094.4833,5905629.6378],[32485084.4873,5905631.6371],[32485071.2425,5905628.6385],[32485046.0024,5905613.1451],[32485019.0128,5905590.6544],[32484970.7813,5905542.1743],[32484954.2875,5905517.1845],[32484918.3008,5905447.7126],[32484903.8061,5905413.7263],[32484882.8141,5905388.7366],[32484850.3267,5905363.2472],[32484809.5925,5905340.7567],[32484762.611,5905327.2627],[32484713.1306,5905317.2674],[32484663.4002,5905303.2737],[32484615.1691,5905286.7809],[32484570.4366,5905268.7887],[32484527.9533,5905248.7973],[32484485.2686,5905223.6956],[32484454.7317,5905199.8178],[32484432.9899,5905171.8292],[32484422.9935,5905143.8405],[32484421.7436,5905117.351],[32484428.7405,5905094.3601],[32484443.4844,5905074.8676],[32484463.9761,5905063.8717],[32484472.4342,5905063.8716],[32484487.2168,5905063.8714],[32484491.5899,5905065.5166]]],[[[32486063.3326,5904549.5532],[32486071.8294,5904563.0477],[32486072.8293,5904586.5383],[32486040.8424,5904613.528],[32485997.8599,5904640.0181],[32485946.8806,5904665.5087],[32485891.1531,5904690.4996],[32485829.6779,5904713.9912],[32485763.2046,5904731.985],[32485697.4809,5904743.4813],[32485639.0042,5904746.9808],[32485587.2747,5904745.9819],[32485573.684,5904745.1371],[32485539.0439,5904742.9838],[32485496.5607,5904734.9876],[32485462.574,5904718.9944],[32485438.3333,5904699.0027],[32485423.339,5904680.0105],[32485416.3415,5904661.5179],[32485416.841,5904641.0261],[32485427.3366,5904622.5333],[32485447.5783,5904607.5389],[32485491.8729,5904584.5806],[32485529.5451,5904565.0547],[32485611.7619,5904528.0682],[32485644.2488,5904516.0725],[32485695.7285,5904527.0674],[32485760.7028,5904535.5631],[32485828.176,5904541.5597],[32485887.6524,5904544.0579],[32485999.3785,5904543.3558],[32486047.089,5904543.056],[32486063.3326,5904549.5532]]],[[[32485244.1999,5907478.9006],[32485224.7078,5907486.8977],[32485188.9725,5907523.8835],[32485169.7304,5907540.3772],[32485150.7381,5907546.8749],[32485125.4979,5907532.8808],[32485101.7571,5907511.8895],[32485086.2682,5907486.545],[32485081.7642,5907451.9137],[32485089.7606,5907422.4253],[32485102.2553,5907404.4322],[32485116.9993,5907395.4356],[32485132.9929,5907391.9368],[32485226.4556,5907379.4404],[32485307.4235,5907390.4349],[32485393.5019,5907397.6429],[32485456.6143,5907402.9277],[32485495.099,5907402.9272],[32485531.5844,5907396.9291],[32485563.0718,5907387.9322],[32485588.8114,5907377.436],[32485609.303,5907363.9411],[32485625.0465,5907345.948],[32485634.0426,5907323.4568],[32485635.2918,5907299.4663],[32485628.0443,5907274.9761],[32485612.5501,5907250.9859],[32485635.5412,5907267.9788],[32485673.7766,5907310.4614],[32485692.0196,5907324.9554],[32485743.7493,5907343.4473],[32485820.7189,5907361.9388],[32485858.4541,5907375.4329],[32485885.9434,5907395.9244],[32485903.9366,5907422.4136],[32485911.4521,5907445.1423],[32485914.183,5907453.4011],[32485916.1827,5907484.8886],[32485908.686,5907511.3781],[32485891.4431,5907530.3708],[32485864.7039,5907539.8675],[32485832.4667,5907540.8675],[32485799.2299,5907535.87],[32485765.7431,5907524.8748],[32485695.2706,5907489.39],[32485653.7869,5907474.8963],[32485613.3029,5907464.9009],[32485579.0665,5907462.4023],[32485550.328,5907470.3996],[32485497.0997,5907504.3868],[32485473.3592,5907513.3836],[32485436.6238,5907508.8859],[32485397.3893,5907501.3895],[32485297.6786,5907479.3996],[32485269.1899,5907476.901],[32485244.1999,5907478.9006]]],[[[32496092.8096,5902143.8638],[32496129.2954,5902160.8565],[32496208.2646,5902206.8371],[32496254.9964,5902229.8272],[32496337.629,5902264.7877],[32496372.9501,5902279.8056],[32496397.1907,5902296.2987],[32496416.6833,5902318.2897],[32496433.1772,5902348.7773],[32496440.7253,5902373.3075],[32496445.1729,5902387.7617],[32496450.1716,5902430.7445],[32496450.422,5902472.228],[32496447.4238,5902509.2134],[32496437.928,5902539.7014],[32496418.436,5902563.1923],[32496389.9476,5902576.6874],[32496353.9619,5902578.1873],[32496342.8067,5902574.4189],[32496316.9764,5902565.6928],[32496284.2391,5902542.2027],[32496254.2506,5902511.7152],[32496225.2617,5902479.2286],[32496197.7722,5902451.7399],[32496179.2126,5902436.3324],[32496171.2825,5902429.749],[32496142.2937,5902410.757],[32496107.0575,5902393.2644],[32496073.0707,5902368.2749],[32496048.8298,5902335.2883],[32496032.5858,5902298.8031],[32496022.3394,5902264.3169],[32496015.3417,5902231.8299],[32496012.3424,5902200.3425],[32496017.0901,5902171.354],[32496033.0835,5902147.8631],[32496059.5728,5902137.8666],[32496092.8096,5902143.8638]]],[[[32488669.0156,5916612.402],[32488477.3521,5916613.0762],[32488475.1456,5916605.136],[32488465.6486,5916583.0902],[32488454.6877,5916561.712],[32488441.7361,5916541.4748],[32488420.8089,5916515.9855],[32488392.7805,5916488.3519],[32488348.0914,5916444.2922],[32488320.352,5916414.8043],[32488298.1105,5916387.8154],[32488280.867,5916363.3254],[32488266.8722,5916338.8353],[32488258.1253,5916312.346],[32488255.6259,5916281.8581],[32488254.8878,5916235.9246],[32488253.8751,5916172.9015],[32488259.3724,5916142.4135],[32488270.8676,5916120.4221],[32488287.1109,5916105.9276],[32488307.8525,5916097.9305],[32488333.3424,5916096.4307],[32488354.0843,5916107.9258],[32488373.3269,5916128.9172],[32488382.7107,5916144.9153],[32488388.5712,5916154.9067],[32488398.5676,5916181.396],[32488431.8047,5916206.8854],[32488476.787,5916221.8788],[32488522.7688,5916227.3759],[32488591.2415,5916222.8767],[32488627.2272,5916225.3752],[32488660.2142,5916233.3715],[32488682.4555,5916246.366],[32488692.2019,5916266.8577],[32488694.2015,5916292.3476],[32488689.7036,5916318.8371],[32488680.7075,5916339.8289],[32488664.7141,5916356.8224],[32488622.2301,5916384.631],[32488595.9921,5916401.8055],[32488584.247,5916419.2987],[32488581.7484,5916443.789],[32488586.7468,5916472.7774],[32488597.7429,5916503.765],[32488612.5077,5916552.1626],[32488621.6624,5916571.3196],[32488630.1115,5916583.6337],[32488641.0836,5916593.6259],[32488669.0156,5916612.402]]],[[[32483739.8823,5913392.5717],[32483752.6273,5913397.0697],[32483765.3725,5913416.5618],[32483798.6105,5913498.5287],[32483819.6026,5913536.5134],[32483867.8341,5913581.9946],[32483952.8216,5913649.5846],[32484022.7741,5913702.9443],[32484075.2538,5913744.427],[32484107.5952,5913780.1678],[32484127.9838,5913809.9003],[32484145.7273,5913846.8853],[32484154.4743,5913882.3711],[32484152.9753,5913911.8594],[32484141.2303,5913936.8496],[32484121.7384,5913961.3402],[32484096.2489,5913987.83],[32484070.0098,5914019.8177],[32484066.0553,5914026.7651],[32484051.5177,5914052.305],[32484041.5221,5914084.2925],[32484040.0231,5914113.281],[32484042.5225,5914141.7696],[32484042.7728,5914170.7581],[32484036.7756,5914195.2484],[32484020.5322,5914210.2427],[32483999.0408,5914208.2438],[32483978.7986,5914190.2512],[32483959.8057,5914161.7628],[32483941.3126,5914128.7762],[32483924.8187,5914097.7888],[32483911.5735,5914063.3027],[32483903.0764,5914028.8165],[32483900.577,5913998.3286],[32483898.3266,5913911.863],[32483893.3278,5913856.885],[32483886.5798,5913806.4051],[32483872.085,5913764.422],[32483847.3443,5913727.4371],[32483816.6061,5913693.9508],[32483784.3684,5913661.964],[32483754.3799,5913626.9783],[32483729.6392,5913591.9926],[32483711.396,5913558.5062],[32483701.3996,5913527.5186],[32483697.4007,5913498.0304],[32483696.9482,5913480.2428],[32483698.8993,5913440.5532],[32483704.8966,5913415.0633],[32483714.6424,5913397.5701],[32483726.6376,5913391.5723],[32483739.8823,5913392.5717]]],[[[32486692.5611,5903048.6406],[32486716.3018,5903065.1337],[32486719.8193,5903080.7817],[32486728.5477,5903119.6118],[32486730.2977,5903167.0929],[32486725.0505,5903216.5734],[32486714.8053,5903264.0546],[32486700.3116,5903304.5388],[32486622.8447,5903468.9745],[32486605.6023,5903516.4559],[32486605.5779,5903517.7589],[32486604.8531,5903556.44],[32486616.3491,5903591.9258],[32486636.8414,5903625.4122],[32486664.081,5903657.8989],[32486696.5685,5903687.3867],[32486769.2904,5903747.3618],[32486773.6564,5903752.4937],[32486797.7796,5903780.8481],[32486824.2696,5903820.8318],[32486846.0115,5903861.3154],[32486861.006,5903895.3017],[32486870.5027,5903928.2884],[32486877.7504,5903965.7734],[32486880.7497,5904004.2581],[32486878.5011,5904040.2438],[32486853.2615,5904060.736],[32486830.5205,5904057.7376],[32486811.0279,5904036.7462],[32486795.5336,5904002.7599],[32486787.7862,5903968.2737],[32486777.2899,5903938.7856],[32486763.0452,5903912.7961],[32486744.5523,5903890.3053],[32486716.813,5903868.8143],[32486652.447,5903833.3926],[32486605.1066,5903807.3403],[32486574.8682,5903780.3515],[32486548.3782,5903742.8668],[32486526.3864,5903699.3843],[32486509.8923,5903655.4021],[32486502.1449,5903619.4165],[32486503.394,5903591.4276],[32486510.3908,5903564.938],[32486521.943,5903530.5255],[32486533.8805,5903494.9655],[32486541.6268,5903449.4834],[32486540.2211,5903434.5855],[32486539.1274,5903422.994],[32486538.1277,5903413.9976],[32486531.1302,5903396.0048],[32486520.8841,5903381.5108],[32486512.1373,5903365.5172],[32486509.8879,5903343.526],[32486517.8843,5903318.036],[32486552.1199,5903262.0578],[32486569.8624,5903225.572],[32486590.5583,5903169.1261],[32486613.8432,5903105.6191],[32486626.3378,5903075.6308],[32486643.0808,5903055.1387],[32486666.8213,5903045.6421],[32486692.5611,5903048.6406]]],[[[32482230.8937,5907127.5833],[32482119.4384,5907146.0775],[32482062.9609,5907152.0759],[32482017.479,5907150.5772],[32481952.5047,5907140.5821],[32481925.0155,5907130.0866],[32481899.2755,5907113.0938],[32481877.2839,5907092.6022],[32481861.5399,5907071.6108],[32481853.0429,5907048.1202],[32481851.7931,5907021.6308],[32481857.7903,5906993.6418],[32481871.7844,5906969.1514],[32481894.525,5906947.1598],[32481927.5116,5906928.1669],[32481966.9957,5906913.1723],[32482070.4541,5906884.1823],[32482096.9435,5906882.1827],[32482128.681,5906890.1791],[32482204.4013,5906915.6679],[32482247.6342,5906923.1643],[32482304.8615,5906928.1615],[32482362.0888,5906931.6593],[32482436.3092,5906931.1584],[32482466.0475,5906934.6566],[32482493.7866,5906946.1517],[32482520.0265,5906970.6416],[32482537.52,5907003.1284],[32482542.0187,5907037.1148],[32482535.7717,5907071.6012],[32482521.7777,5907106.0877],[32482502.5357,5907127.5794],[32482495.1644,5907131.5551],[32482480.2947,5907139.575],[32482452.8057,5907141.5746],[32482417.8195,5907134.5778],[32482377.0855,5907123.5828],[32482333.6027,5907117.086],[32482285.3719,5907117.5865],[32482230.8937,5907127.5833]]],[[[32496381.2789,5916027.2406],[32496364.3827,5916086.1459],[32496352.3358,5916128.1447],[32496345.0237,5916144.7751],[32496335.9751,5916156.6106],[32496323.1223,5916164.2289],[32496310.987,5916165.0743],[32496290.335,5916161.4795],[32496253.2718,5916143.9786],[32496238.6952,5916137.0957],[32496219.2377,5916129.6129],[32496201.4383,5916126.9314],[32496170.3712,5916125.5975],[32496156.3347,5916124.9948],[32496138.5507,5916120.9595],[32496130.3823,5916117.1026],[32496123.5777,5916111.5847],[32496106.2314,5916090.6046],[32496091.728,5916064.3229],[32496080.141,5916033.369],[32496077.6805,5916021.3922],[32496077.4555,5916009.3784],[32496080.1628,5915997.7998],[32496085.5758,5915986.7872],[32496130.6826,5915934.3618],[32496162.367,5915902.6359],[32496167.6753,5915899.963],[32496182.8775,5915898.2712],[32496197.211,5915902.4001],[32496218.0329,5915914.4907],[32496236.093,5915927.0472],[32496262.4512,5915945.3731],[32496278.1073,5915953.8709],[32496305.1028,5915958.5729],[32496310.7234,5915957.2967],[32496317.9491,5915951.8938],[32496325.4693,5915942.3147],[32496330.1848,5915931.2414],[32496330.326,5915922.2237],[32496326.7637,5915910.7269],[32496315.0876,5915889.6619],[32496270.9565,5915837.1329],[32496253.4899,5915820.0136],[32496234.9902,5915804.9537],[32496168.4719,5915760.4513],[32496140.4828,5915739.4601],[32496112.2436,5915714.9702],[32496087.753,5915690.9801],[32496074.7585,5915670.9838],[32496076.7569,5915656.494],[32496091.251,5915647.4973],[32496143.2303,5915639.9996],[32496165.7212,5915633.5018],[32496182.4644,5915624.0053],[32496191.9605,5915611.5102],[32496198.7076,5915598.0154],[32496208.9534,5915586.0201],[32496223.9473,5915578.5228],[32496266.6803,5915581.0212],[32496287.6718,5915571.0249],[32496310.9123,5915550.5327],[32496339.9004,5915520.0444],[32496360.1421,5915505.05],[32496378.3848,5915503.5504],[32496392.3163,5915508.0461],[32496396.9854,5915511.486],[32496409.0775,5915524.706],[32496421.4593,5915541.9302],[32496443.1522,5915581.3514],[32496452.2534,5915603.1782],[32496463.1816,5915634.8667],[32496470.97,5915657.4504],[32496471.0755,5915657.7564],[32496480.3824,5915689.0683],[32496483.8417,5915718.8282],[32496481.9032,5915751.7797],[32496474.5383,5915790.166],[32496465.1206,5915821.74],[32496451.6081,5915858.3347],[32496417.6245,5915939.9513],[32496381.2789,5916027.2406]]],[[[32477720.9836,5906372.2147],[32477742.9179,5906338.9602],[32477808.6402,5906232.0018],[32477939.6355,5905959.317],[32477949.5767,5905940.9507],[32477961.8354,5905927.5245],[32477974.9765,5905920.5198],[32477989.7845,5905917.4438],[32478001.8396,5905918.9871],[32478011.5421,5905926.2541],[32478016.7974,5905936.8223],[32478018.2871,5905952.0592],[32478010.5068,5905993.3015],[32477994.5245,5906041.7197],[32477951.1997,5906150.4154],[32477935.9639,5906185.0216],[32477906.468,5906252.018],[32477891.2163,5906297.4329],[32477881.461,5906344.4729],[32477873.0879,5906403.877],[32477864.8383,5906490.4958],[32477860.5944,5906559.3643],[32477859.9825,5906592.3056],[32477862.0151,5906622.2985],[32477866.8415,5906654.9218],[32477873.5169,5906681.1569],[32477890.7993,5906725.9083],[32477911.4539,5906769.2589],[32477942.684,5906818.6491],[32477964.4086,5906853.0064],[32477976.9267,5906876.8538],[32477980.2469,5906888.2643],[32477982.0334,5906906.37],[32477981.747,5906924.4714],[32477979.2492,5906936.2022],[32477957.9417,5906982.5032],[32477937.9926,5907019.6485],[32477924.8038,5907039.5836],[32477914.9355,5907050.8265],[32477901.3154,5907062.8379],[32477863.124,5907086.6918],[32477838.633,5907098.1872],[32477816.0204,5907105.8344],[32477766.0558,5907116.6301],[32477731.2629,5907121.8625],[32477724.5271,5907122.8755],[32477724.4981,5907122.8865],[32477723.8517,5906984.8204],[32477724.1223,5906984.7852],[32477735.8058,5906983.264],[32477757.0419,5906971.6323],[32477778.7603,5906943.0165],[32477794.0811,5906913.6796],[32477801.5175,5906887.8387],[32477806.8626,5906848.9969],[32477806.8564,5906815.9274],[32477801.141,5906771.2568],[32477793.5095,5906739.1872],[32477782.6081,5906714.3955],[32477772.032,5906699.8999],[32477754.5618,5906683.3987],[32477731.4698,5906669.2867],[32477722.352,5906664.4956],[32477720.9836,5906372.2147]]],[[[32477729.6262,5908218.1669],[32477795.6704,5908247.4895],[32477798.269,5908249.3859],[32477812.7108,5908259.9248],[32477822.0429,5908271.5407],[32477832.7678,5908289.7695],[32477841.0412,5908311.0342],[32477857.8973,5908369.8262],[32477866.3287,5908407.2311],[32477879.6709,5908466.4223],[32477893.4126,5908509.2223],[32477907.6983,5908542.3491],[32477923.3058,5908571.3962],[32477942.3715,5908598.4218],[32477958.7295,5908615.9379],[32477980.0286,5908632.6133],[32478005.7068,5908648.2908],[32478033.032,5908660.5292],[32478064.3395,5908671.1467],[32478108.0692,5908681.7447],[32478178.7052,5908695.901],[32478232.0125,5908704.525],[32478276.7835,5908709.7421],[32478402.476,5908716.3782],[32478453.5281,5908717.7991],[32478522.5343,5908719.7196],[32478567.2442,5908723.325],[32478578.9142,5908726.8915],[32478592.2814,5908733.6025],[32478610.7055,5908749.4889],[32478615.8824,5908756.6297],[32478619.2638,5908764.9437],[32478621.2252,5908777.1201],[32478620.5697,5908789.1021],[32478616.5044,5908800.4634],[32478606.8908,5908812.0833],[32478589.5942,5908824.2907],[32478575.9186,5908830.3646],[32478546.2992,5908834.5081],[32478462.1041,5908836.5711],[32478429.2604,5908834.7855],[32478402.6508,5908830.7542],[32478263.3969,5908798.6716],[32478238.7736,5908792.9987],[32478191.7672,5908783.8567],[32478158.9203,5908781.045],[32478074.7798,5908778.8124],[32478039.0404,5908781.5373],[32478015.5288,5908786.2573],[32477965.4786,5908796.3049],[32477932.9614,5908800.0752],[32477843.3368,5908810.4671],[32477814.1004,5908816.8844],[32477787.1204,5908824.4051],[32477759.0698,5908832.2243],[32477732.5578,5908844.3081],[32477729.6262,5908218.1669]]],[[[32493086.9545,5916274.7915],[32493065.4637,5916318.2746],[32493036.7255,5916347.7633],[32493003.239,5916358.7594],[32492967.0032,5916346.7647],[32492914.9991,5916257.0988],[32492882.2848,5916200.8239],[32492834.8025,5916110.8603],[32492812.8105,5916062.3799],[32492797.8158,5916017.398],[32492790.5681,5915974.4152],[32492789.5679,5915930.4327],[32492793.5657,5915884.4509],[32492801.3119,5915835.4703],[32492811.3074,5915796.4856],[32492823.552,5915760.4997],[32492831.4475,5915744.7081],[32492838.5456,5915730.5114],[32492857.5378,5915710.5191],[32492880.0286,5915698.5235],[32492903.7691,5915692.0258],[32492926.2601,5915689.0267],[32492945.7524,5915689.5262],[32492960.7465,5915695.0238],[32492970.9926,5915709.0181],[32492976.4907,5915730.5094],[32492976.4915,5915780.6557],[32492976.4922,5915830.4697],[32492981.7406,5915869.9539],[32492995.2358,5915907.9387],[32493018.7269,5915940.9252],[32493050.4647,5915967.4142],[32493087.2003,5915982.9075],[32493125.685,5915985.406],[32493171.4168,5915983.4061],[32493225.8952,5915985.9043],[32493324.8559,5915992.4003],[32493367.0892,5915998.8971],[32493416.5698,5916015.8897],[32493468.7994,5916043.378],[32493518.7801,5916082.3618],[32493519.2802,5916106.852],[32493512.7832,5916132.8418],[32493499.5388,5916159.8313],[32493485.8157,5916177.4255],[32493482.5373,5916181.6287],[32493427.6266,5916118.8755],[32493363.0402,5916102.7299],[32493324.2886,5916096.2718],[32493272.62,5916102.7312],[32493217.7222,5916118.8786],[32493156.3677,5916180.2349],[32493138.183,5916195.8222],[32493118.4412,5916218.8133],[32493100.9485,5916245.3031],[32493086.9545,5916274.7915]]],[[[32487369.8461,5906902.5991],[32487349.3548,5906940.5843],[32487327.1141,5906973.5715],[32487271.6372,5907048.0427],[32487263.8573,5907064.0021],[32487261.8914,5907068.0349],[32487258.3931,5907088.5268],[32487261.1423,5907111.0178],[32487269.8892,5907136.0078],[32487314.3726,5907215.4755],[32487337.6141,5907268.4541],[32487349.3602,5907322.9323],[32487349.3606,5907355.4194],[32487344.8628,5907382.4087],[32487332.3681,5907402.401],[32487308.8776,5907412.8971],[32487277.8899,5907414.397],[32487246.1524,5907406.4006],[32487214.6647,5907389.4078],[32487183.6766,5907361.9192],[32487159.0193,5907328.9327],[32487146.6907,5907312.4394],[32487124.1991,5907275.4544],[32487097.959,5907239.9689],[32487065.2216,5907210.4811],[32487023.2381,5907192.4889],[32486974.0075,5907179.9945],[32486916.3086,5907162.022],[32486832.813,5907136.0141],[32486795.8276,5907123.0198],[32486764.3398,5907105.0274],[32486737.6002,5907081.5371],[32486714.6089,5907051.5493],[32486697.1154,5907017.0633],[32486687.1188,5906980.5779],[32486684.6193,5906944.0925],[32486689.8667,5906908.6065],[32486701.6115,5906873.1204],[32486718.8542,5906837.6343],[32486742.0945,5906807.1461],[32486757.0304,5906796.4599],[32486772.832,5906785.1544],[32486812.0662,5906773.6584],[32486857.7979,5906769.1595],[32486904.2795,5906771.1581],[32486945.5132,5906778.1547],[32486982.2488,5906793.1482],[32487050.7221,5906836.6299],[32487081.2102,5906852.1233],[32487115.9465,5906861.6191],[32487156.1806,5906870.1151],[32487193.9158,5906881.1102],[32487220.6554,5906896.6036],[32487248.1442,5906879.61],[32487277.3822,5906852.1205],[32487337.1075,5906790.6441],[32487362.0973,5906772.1511],[32487379.8402,5906768.1524],[32487392.3354,5906776.6488],[32487400.5824,5906795.6412],[32487396.5844,5906826.1291],[32487386.0891,5906862.6148],[32487369.8461,5906902.5991]]],[[[32486365.5932,5913806.3694],[32486333.6062,5913822.3636],[32486295.8716,5913849.8532],[32486256.8875,5913882.3408],[32486220.9023,5913912.3294],[32486185.9165,5913934.3212],[32486148.4316,5913948.3162],[32486110.6968,5913955.8137],[32486074.7111,5913957.8135],[32486052.22,5913953.8154],[32486030.9784,5913946.8185],[32486011.7359,5913937.3225],[32485995.2423,5913926.3271],[32485978.9985,5913908.8343],[32485960.7554,5913882.3451],[32485942.0124,5913847.8591],[32485924.7687,5913807.8752],[32485917.771,5913776.3878],[32485915.2716,5913748.8988],[32485917.5204,5913723.9087],[32485924.7671,5913698.9185],[32485936.762,5913675.4277],[32485952.0057,5913658.934],[32485971.4978,5913646.4387],[32485995.2382,5913635.4427],[32486017.2293,5913622.9474],[32486041.4693,5913604.4544],[32486066.709,5913581.4632],[32486090.4491,5913553.9737],[32486112.6899,5913524.9849],[32486168.1667,5913448.5145],[32486187.1589,5913430.0216],[32486257.7519,5913371.7621],[32486323.673,5913329.2309],[32486416.5299,5913287.4083],[32486443.4655,5913278.193],[32486471.1101,5913276.0661],[32486488.1222,5913281.0277],[32486504.4256,5913295.913],[32486512.9319,5913315.0515],[32486514.3499,5913334.19],[32486507.9706,5913351.911],[32486471.1118,5913398.6947],[32486455.5179,5913429.8838],[32486457.6448,5913459.6548],[32486464.0246,5913475.958],[32486479.6191,5913488.0079],[32486502.3019,5913495.096],[32486598.6737,5913503.9188],[32486617.8423,5913505.7269],[32486666.7521,5913516.3587],[32486681.6378,5913528.0543],[32486685.8911,5913542.9398],[32486683.7648,5913557.8254],[32486673.1325,5913572.7111],[32486648.3234,5913586.8882],[32486596.5787,5913606.0275],[32486518.6073,5913646.4323],[32486492.5407,5913663.4244],[32486473.1631,5913712.1616],[32486434.3159,5913809.8671],[32486411.0751,5913804.8694],[32486388.8339,5913803.3703],[32486365.5932,5913806.3694]]],[[[32489536.0449,5911199.8597],[32489508.0562,5911210.8557],[32489484.5658,5911231.8477],[32489469.3223,5911262.3358],[32489461.326,5911295.8226],[32489457.8279,5911331.8084],[32489456.329,5911367.7941],[32489459.8281,5911404.2795],[32489470.8243,5911443.2639],[32489502.3129,5911526.2304],[32489555.3004,5911647.9708],[32489586.2823,5911719.1525],[32489606.2751,5911775.13],[32489608.0632,5911789.5765],[32489612.5233,5911825.6099],[32489609.7752,5911881.0878],[32489601.7791,5911933.0673],[32489592.2834,5911972.5517],[32489580.0386,5911996.0426],[32489563.0455,5912005.539],[32489543.5532,5912001.5409],[32489523.311,5911983.0486],[32489520.5759,5911978.7072],[32489507.5669,5911958.0587],[32489499.0699,5911931.5694],[32489495.8208,5911903.0807],[32489497.5692,5911838.1065],[32489492.5707,5911803.1205],[32489479.5753,5911766.1354],[32489456.334,5911727.651],[32489419.8478,5911675.1724],[32489375.8644,5911607.6999],[32489335.6294,5911538.7279],[32489310.1387,5911482.2507],[32489302.1413,5911438.7681],[32489303.89,5911397.7843],[32489309.6372,5911360.2992],[32489316.3835,5911290.3269],[32489322.4513,5911253.9169],[32489322.6305,5911252.8417],[32489333.1258,5911215.3564],[32489348.8691,5911178.8707],[32489373.8586,5911142.3849],[32489437.1265,5911065.9879],[32489467.0699,5911023.9306],[32489478.8146,5910980.4477],[32489475.5651,5910927.9686],[32489469.3498,5910900.9154],[32489462.8194,5910872.4909],[32489445.8255,5910821.0116],[32489432.3301,5910771.0316],[32489426.0819,5910718.5526],[32489427.0808,5910668.0726],[32489435.3269,5910623.5902],[32489452.3196,5910592.1025],[32489478.3091,5910574.1092],[32489510.2962,5910566.6118],[32489546.2819,5910565.6116],[32489579.2688,5910569.1098],[32489605.7584,5910578.6056],[32489627.7499,5910596.0984],[32489640.8749,5910615.0944],[32489646.7428,5910623.5872],[32489668.2337,5910663.8813],[32489706.7205,5910736.0416],[32489729.7119,5910773.5264],[32489757.9512,5910809.5117],[32489792.9377,5910843.4976],[32489831.6728,5910873.4852],[32489896.5849,5910909.7935],[32489904.1445,5910913.968],[32489927.6355,5910935.4592],[32489941.1304,5910958.9496],[32489944.8793,5910983.4398],[32489939.1318,5911002.4324],[32489926.6369,5911011.9288],[32489911.1431,5911013.9282],[32489877.1565,5911006.9315],[32489853.166,5911003.933],[32489827.1592,5911004.9056],[32489800.1872,5911013.43],[32489773.4482,5911034.422],[32489745.4598,5911067.4093],[32489720.4702,5911104.395],[32489701.4783,5911138.3817],[32489683.5122,5911160.272],[32489679.7373,5911164.8715],[32489648.2501,5911183.3646],[32489615.5132,5911193.8609],[32489588.524,5911196.8601],[32489564.2836,5911196.3607],[32489536.0449,5911199.8597]]],[[[32480317.6338,5905648.1984],[32480281.1485,5905661.1938],[32480245.1629,5905663.1935],[32480212.9256,5905659.1955],[32480187.1858,5905653.1983],[32480140.7041,5905639.2045],[32480118.4629,5905636.206],[32480082.4774,5905648.2017],[32480059.7364,5905647.2025],[32480037.2452,5905638.7062],[32480019.7519,5905621.7132],[32479986.7644,5905572.7331],[32479965.2725,5905547.2435],[32479940.2822,5905524.7528],[32479920.9873,5905504.8081],[32479913.4871,5905496.5258],[32479879.3055,5905458.7799],[32479861.0625,5905443.7861],[32479842.3198,5905433.7904],[32479822.3277,5905428.7926],[32479799.5868,5905428.793],[32479772.8475,5905434.7909],[32479748.8573,5905451.7845],[32479732.1143,5905479.2738],[32479705.8756,5905535.252],[32479676.6371,5905529.2548],[32479657.3946,5905518.7592],[32479643.4,5905505.7646],[32479630.155,5905489.2713],[32479624.9068,5905465.7807],[32479624.9068,5905463.2162],[32479624.9065,5905444.7891],[32479628.6547,5905423.7974],[32479635.4017,5905401.3062],[32479645.8972,5905378.815],[32479660.3911,5905358.3229],[32479677.1342,5905341.8292],[32479693.6275,5905328.8342],[32479718.8672,5905315.839],[32479756.6021,5905306.842],[32479796.0864,5905303.8427],[32479827.5739,5905309.8398],[32479855.8128,5905320.3353],[32479888.7998,5905328.3316],[32479921.2869,5905329.3308],[32479929.5045,5905325.8871],[32479947.5263,5905318.3348],[32479970.267,5905302.3408],[32479995.2569,5905290.845],[32480044.4871,5905272.3517],[32480066.4782,5905261.8555],[32480085.4704,5905247.361],[32480097.4654,5905230.3676],[32480098.9645,5905210.8753],[32480086.7191,5905186.3852],[32480060.7292,5905169.3924],[32480018.2459,5905157.8975],[32479956.2705,5905152.9004],[32479947.7736,5905135.4075],[32479944.0248,5905117.4147],[32479946.0237,5905097.4226],[32479964.0159,5905049.9412],[32479969.5133,5905023.4517],[32479974.0109,5904974.4711],[32479978.009,5904958.4774],[32479987.0054,5904952.9794],[32480000.2502,5904956.4779],[32480039.2351,5904985.9656],[32480069.2233,5904998.4602],[32480098.9615,5905001.4586],[32480121.9522,5904990.4626],[32480153.9388,5904943.4809],[32480171.4316,5904923.4886],[32480192.4231,5904914.4918],[32480215.414,5904919.9893],[32480237.4055,5904932.484],[32480259.3969,5904942.4798],[32480282.3877,5904940.98],[32480306.8777,5904920.9876],[32480327.3692,5904899.9957],[32480348.1227,5904872.6549],[32480369.1018,5904845.0169],[32480384.8454,5904835.5205],[32480403.8379,5904833.521],[32480425.3294,5904840.5179],[32480427.5796,5904914.4885],[32480425.0811,5904950.974],[32480418.3342,5904983.4612],[32480393.8452,5905071.4266],[32480370.606,5905175.3856],[32480355.6126,5905219.3683],[32480331.123,5905270.3484],[32480313.2737,5905303.0455],[32480282.3937,5905357.3145],[32480266.4005,5905391.8011],[32480272.6485,5905420.2896],[32480291.6412,5905443.2802],[32480314.1325,5905461.2728],[32480334.6247,5905481.7643],[32480352.8678,5905508.7533],[32480366.6128,5905538.7412],[32480374.1102,5905567.2298],[32480373.5026,5905575.9113],[32480372.3612,5905592.2199],[32480360.3663,5905614.2113],[32480341.3742,5905633.204],[32480317.6338,5905648.1984]]],[[[32485250.7708,5912666.8384],[32485284.7574,5912677.8336],[32485361.2276,5912723.8142],[32485393.9649,5912747.8042],[32485420.4547,5912771.2945],[32485442.1964,5912795.2846],[32485462.1888,5912821.7738],[32485494.4267,5912873.7527],[32485532.1626,5912937.7267],[32485551.9051,5912961.7169],[32485573.8966,5912979.2096],[32485623.8771,5913005.6984],[32485650.6166,5913014.6944],[32485705.095,5913025.6893],[32485731.3348,5913038.1839],[32485756.8249,5913058.1756],[32485782.0653,5913087.1637],[32485807.5558,5913136.1439],[32485819.302,5913195.6201],[32485821.8018,5913252.5974],[32485821.0531,5913322.0698],[32485825.5516,5913344.5608],[32485834.5483,5913362.5535],[32485864.2869,5913393.041],[32485875.5327,5913411.5335],[32485882.0304,5913435.5238],[32485882.5307,5913468.0109],[32485872.7854,5913528.9868],[32485864.2906,5913654.9369],[32485854.5457,5913740.403],[32485851.7973,5913778.8878],[32485850.7988,5913853.1899],[32485850.2995,5913890.3435],[32485848.3008,5913924.8298],[32485844.0529,5913956.3174],[32485836.5563,5913982.807],[32485825.8108,5914002.2994],[32485812.0665,5914014.7946],[32485796.3228,5914022.2918],[32485778.33,5914024.7911],[32485755.0892,5914016.7946],[32485734.5971,5914000.8013],[32485697.3613,5913957.8189],[32485681.8671,5913934.3285],[32485672.1206,5913906.8395],[32485667.1222,5913877.3513],[32485665.6224,5913848.8627],[32485664.372,5913783.8885],[32485661.8724,5913745.9036],[32485656.8739,5913712.9168],[32485644.3782,5913661.9373],[32485625.6348,5913603.4608],[32485609.3905,5913545.484],[32485600.8925,5913452.5211],[32485589.1465,5913404.0406],[32485572.1526,5913355.0603],[32485552.6598,5913312.5774],[32485533.4168,5913268.5952],[32485484.9344,5913147.1442],[32485462.6926,5913101.1628],[32485439.4513,5913066.6768],[32485411.462,5913032.6907],[32485381.7234,5913001.7035],[32485353.4843,5912977.7134],[32485323.9956,5912946.7261],[32485291.0081,5912901.2447],[32485228.2817,5912804.7839],[32485181.7992,5912735.3122],[32485167.5544,5912705.8241],[32485168.3038,5912681.3339],[32485186.5463,5912666.3396],[32485216.0345,5912662.3407],[32485250.7708,5912666.8384]]],[[[32499551.9652,5904368.4287],[32499425.2317,5904488.2664],[32499358.4093,5904353.4179],[32499317.3474,5904362.8944],[32499206.796,5904377.1098],[32499125.6757,5904381.3069],[32499115.1961,5904381.8491],[32498932.822,5904009.214],[32498900.4683,5903943.1074],[32499014.7873,5903851.3995],[32499129.1248,5903759.6769],[32499136.8688,5903772.2606],[32499183.3544,5903846.6416],[32499210.3442,5903884.6261],[32499223.2616,5903899.4525],[32499239.0833,5903917.6125],[32499272.3205,5903947.6001],[32499306.5572,5903969.5909],[32499337.2951,5903980.0863],[32499372.0312,5903976.5871],[32499416.7632,5903963.5916],[32499509.9757,5903927.1048],[32499551.209,5903906.6123],[32499593.6917,5903883.121],[32499640.4228,5903854.6316],[32499680.405,5903952.2509],[32499700.401,5904001.0726],[32499725.8916,5904056.5501],[32499751.6321,5904112.0277],[32499678.4116,5904134.02],[32499605.191,5904156.0124],[32499628.9322,5904202.9934],[32499636.9294,5904224.9845],[32499641.6777,5904244.4767],[32499642.1778,5904263.9689],[32499636.5351,5904279.925],[32499634.931,5904284.4609],[32499615.689,5904307.9518],[32499551.9652,5904368.4287]]],[[[32493447.316,5913215.9757],[32493385.7925,5913221.5007],[32493335.5627,5913232.9968],[32493335.161,5913313.2899],[32493334.8151,5913382.4375],[32493332.3165,5913408.4272],[32493326.569,5913427.4197],[32493316.0733,5913435.9165],[32493303.3283,5913434.4173],[32493291.333,5913424.9212],[32493279.3375,5913407.9281],[32493266.5923,5913384.9375],[32493253.3471,5913352.9504],[32493240.6016,5913313.966],[32493230.1052,5913271.4831],[32493222.6075,5913229.4999],[32493200.3662,5913213.0067],[32493166.3794,5913193.0152],[32493126.1451,5913175.0229],[32493085.1613,5913164.5277],[32492896.486,5913141.5395],[32492868.9968,5913133.0433],[32492850.0042,5913119.0491],[32492837.7588,5913099.5571],[32492831.261,5913074.5671],[32492839.7572,5913046.5781],[32492866.996,5913019.5884],[32492903.2313,5912996.597],[32492976.4517,5912961.6099],[32493065.1657,5912915.1271],[32493100.9013,5912898.1333],[32493126.6408,5912882.6391],[32493146.1327,5912859.1482],[32493159.1271,5912829.6597],[32493166.1239,5912794.1737],[32493162.1249,5912756.6886],[32493145.8809,5912722.7024],[32493123.1395,5912691.715],[32493079.906,5912642.7351],[32493066.9109,5912621.2439],[32493059.9134,5912600.7521],[32493058.6636,5912580.7601],[32493065.1603,5912530.28],[32493072.9068,5912502.7908],[32493085.1516,5912478.3004],[32493112.3904,5912450.3111],[32493141.072,5912426.0794],[32493173.3655,5912408.3269],[32493208.6014,5912400.8294],[32493278.8235,5912401.3282],[32493314.3093,5912397.8291],[32493395.7766,5912374.837],[32493437.1239,5912370.6077],[32493500.4359,5912374.5482],[32493586.5463,5912394.1861],[32493622.9368,5912407.8206],[32493667.1694,5912427.812],[32493690.6605,5912453.3016],[32493695.6589,5912481.7902],[32493684.6637,5912510.279],[32493661.1735,5912549.2639],[32493631.9359,5912603.2428],[32493575.2101,5912714.6994],[32493580.4581,5912723.6957],[32493596.4521,5912750.1849],[32493621.9766,5912938.3656],[32493633.9411,5913026.5746],[32493642.1884,5913065.5589],[32493656.9214,5913116.6309],[32493668.4292,5913156.5224],[32493669.1793,5913183.0119],[32493662.6822,5913208.002],[32493647.4386,5913229.4937],[32493625.9474,5913242.9887],[32493601.707,5913244.4884],[32493576.217,5913236.492],[32493550.4771,5913220.9985],[32493502.2462,5913215.5014],[32493447.316,5913215.9757]]],[[[32483177.7281,5916631.7167],[32482951.2417,5916632.5133],[32482946.1824,5916534.8344],[32482939.9947,5916486.8534],[32482935.5834,5916475.8645],[32482925.7498,5916451.3677],[32482898.0105,5916424.3788],[32482860.0252,5916398.8895],[32482786.304,5916357.9069],[32482758.8146,5916336.4158],[32482732.0748,5916306.4281],[32482707.5841,5916268.9433],[32482685.8421,5916223.4617],[32482669.8478,5916175.481],[32482662.3501,5916129.4994],[32482664.3487,5916086.0167],[32482677.093,5916045.5326],[32482697.5845,5916019.0428],[32482718.3259,5915998.0508],[32482741.3166,5915986.0553],[32482768.8057,5915987.5543],[32482795.2953,5916000.5487],[32482813.7882,5916020.0407],[32482823.5347,5916045.5305],[32482823.2853,5916075.5186],[32482825.5349,5916112.5038],[32482834.282,5916151.988],[32482849.0266,5916189.9727],[32482869.269,5916221.9597],[32482893.5097,5916245.9498],[32482921.7487,5916262.9427],[32482954.4858,5916273.438],[32482992.7207,5916276.4363],[32483037.2029,5916271.9374],[32483087.4946,5916257.9285],[32483131.9147,5916238.4494],[32483172.3983,5916212.9589],[32483209.6329,5916177.9723],[32483246.1177,5916129.9908],[32483276.6048,5916073.013],[32483295.8462,5916010.5376],[32483308.8399,5915927.5704],[32483306.5141,5915833.4757],[32483300.251,5915783.064],[32483297.0921,5915757.6381],[32483285.346,5915701.6605],[32483279.3478,5915657.1783],[32483280.8464,5915605.1989],[32483287.8429,5915552.7197],[32483297.5884,5915506.238],[32483313.8313,5915465.2541],[32483340.0703,5915426.769],[32483374.0564,5915394.2814],[32483414.0401,5915370.2904],[32483464.7697,5915353.2964],[32483526.9947,5915341.8001],[32483592.2187,5915337.3009],[32483651.945,5915342.2981],[32483698.9265,5915356.2918],[32483733.9129,5915377.283],[32483761.1524,5915404.2719],[32483784.3936,5915437.2584],[32483800.6378,5915479.7413],[32483807.3858,5915529.7213],[32483807.8863,5915579.2017],[32483805.3879,5915620.6852],[32483798.891,5915658.1704],[32483785.3969,5915698.1547],[32483766.9048,5915735.6401],[32483745.4138,5915765.1287],[32483715.676,5915788.12],[32483676.6918,5915808.6124],[32483636.458,5915824.1068],[32483602.7216,5915832.1041],[32483576.9819,5915840.6011],[32483558.1794,5915855.1307],[32483535.7489,5915882.585],[32483518.0065,5915915.0724],[32483508.2608,5915947.0598],[32483510.5103,5915974.049],[32483521.5062,5915997.5395],[32483545.4897,5916030.8453],[32483554.9935,5916042.5212],[32483573.4864,5916060.5138],[32483614.9704,5916094.9995],[32483630.9644,5916121.9885],[32483634.7135,5916160.9729],[32483628.2167,5916203.4562],[32483613.2232,5916241.4413],[32483585.4847,5916274.4286],[32483543.5019,5916305.4169],[32483494.5217,5916331.4072],[32483451.495,5916348.1773],[32483391.3133,5916363.396],[32483327.0889,5916372.3933],[32483263.8642,5916378.8917],[32483211.3851,5916382.391],[32483174.6499,5916392.8874],[32483150.9097,5916416.3784],[32483138.4151,5916448.8657],[32483135.4169,5916486.3508],[32483139.4264,5916523.8358],[32483148.4683,5916560.3211],[32483162.5167,5916598.3057],[32483177.7281,5916631.7167]]],[[[32491780.4758,5916400.7603],[32491735.4895,5916420.5051],[32491690.5121,5916440.2459],[32491671.7693,5916419.2545],[32491651.0273,5916405.2603],[32491629.2859,5916398.7632],[32491590.7878,5916398.948],[32491570.4913,5916399.0454],[32491524.8274,5916399.2645],[32491474.3476,5916407.2621],[32491449.3575,5916407.2624],[32491420.8688,5916403.2644],[32491387.1321,5916396.2677],[32491354.8948,5916383.2733],[32491329.1547,5916363.7815],[32491306.6634,5916343.7897],[32491283.1725,5916327.7964],[32491245.937,5916304.8061],[32491210.7009,5916296.8098],[32491176.2146,5916301.8083],[32491141.9785,5916315.3034],[32491095.497,5916317.8031],[32491041.5183,5916310.3068],[32490990.2885,5916295.8133],[32490951.5536,5916276.3216],[32490935.3098,5916257.8292],[32490926.8129,5916234.3387],[32490912.8176,5916172.3635],[32490897.3232,5916137.3776],[32490873.8321,5916104.3911],[32490846.0927,5916076.4026],[32490817.6038,5916055.9112],[32490783.1173,5916041.4174],[32490742.1334,5916030.9222],[32490703.8986,5916025.4249],[32490676.3308,5916028.3585],[32490661.6654,5916031.4231],[32490642.9228,5916027.425],[32490621.1813,5916014.4305],[32490595.4412,5915990.9402],[32490613.6833,5915946.9574],[32490642.4212,5915896.9768],[32490674.1579,5915849.9951],[32490720.3887,5915794.0166],[32490733.1334,5915773.5246],[32490739.6305,5915752.5329],[32490740.13,5915728.0426],[32490740.3795,5915701.0533],[32490745.627,5915673.0644],[32490755.1228,5915645.0753],[32490768.3672,5915617.0863],[32490783.6108,5915595.5946],[32490803.1029,5915586.5979],[32490829.8423,5915588.0969],[32490867.0777,5915599.5918],[32490904.8129,5915614.0855],[32490945.5468,5915625.5804],[32490991.5286,5915633.0767],[32491045.0074,5915634.5754],[32491100.2354,5915630.5762],[32491149.9655,5915622.0788],[32491195.9471,5915611.5823],[32491238.9298,5915599.5865],[32491273.1661,5915595.0878],[32491295.9072,5915601.5849],[32491313.9002,5915612.0804],[32491334.1422,5915618.5776],[32491357.6329,5915621.576],[32491381.6234,5915623.0751],[32491407.8629,5915621.5753],[32491469.0884,5915609.5792],[32491495.0781,5915610.5784],[32491516.5697,5915618.0751],[32491533.5631,5915631.0697],[32491558.8035,5915663.0567],[32491573.2979,5915674.0521],[32491593.5399,5915678.55],[32491617.2805,5915680.5489],[32491641.2711,5915687.0459],[32491665.5116,5915697.5414],[32491690.5018,5915712.0353],[32491737.4836,5915746.5209],[32491756.9762,5915766.0129],[32491788.2145,5915819.991],[32491834.9469,5915888.4631],[32492098.3463,5915761.5069],[32492230.0371,5915698.0331],[32492221.0401,5915655.0503],[32492176.3049,5915448.1332],[32492159.3107,5915377.1616],[32492157.9527,5915363.4023],[32492155.5616,5915339.1768],[32492162.3084,5915302.1914],[32492176.0526,5915272.2031],[32492193.0455,5915253.7102],[32492211.788,5915250.2113],[32492234.5291,5915257.2082],[32492324.9937,5915301.1895],[32492353.4826,5915316.6829],[32492383.9707,5915328.1779],[32492420.4562,5915333.1754],[32492460.9401,5915328.6766],[32492500.4242,5915317.6804],[32492573.8946,5915287.1914],[32492606.6314,5915276.6951],[32492635.3699,5915273.6959],[32492658.3609,5915280.193],[32492674.3547,5915296.1864],[32492681.8521,5915317.6778],[32492681.1027,5915340.1688],[32492673.606,5915363.1598],[32492660.1117,5915386.1509],[32492639.6201,5915407.6426],[32492620.2332,5915422.9289],[32492588.1412,5915449.1269],[32492568.3993,5915470.6186],[32492556.1545,5915493.6097],[32492547.9082,5915519.0996],[32492543.4104,5915550.0874],[32492540.1629,5915639.0521],[32492526.1711,5915819.9804],[32492521.6735,5915867.4616],[32492513.6772,5915905.4466],[32492501.1827,5915936.9343],[32492483.9399,5915965.923],[32492458.4505,5915994.9118],[32492424.7143,5916023.401],[32492396.5153,5916044.4569],[32492349.7449,5916078.88],[32492312.0103,5916109.3684],[32492273.5261,5916143.3555],[32492239.79,5916177.8423],[32492215.8,5916209.3301],[32492203.3054,5916241.8174],[32492197.8081,5916278.3029],[32492197.9653,5916339.5692],[32492198.0594,5916376.264],[32492194.5611,5916396.7559],[32492186.5644,5916410.2507],[32492173.5697,5916415.7487],[32492158.8255,5916412.2503],[32492146.5802,5916400.2552],[32492136.334,5916382.7623],[32492127.5872,5916361.271],[32492119.0902,5916332.2826],[32492109.5934,5916294.2979],[32492094.0985,5916218.3283],[32492082.3527,5916188.3404],[32492060.611,5916164.3502],[32492035.121,5916148.3569],[32492011.3803,5916142.3597],[32491957.9015,5916139.3616],[32491929.826,5916139.362],[32491880.7917,5916170.5667],[32491864.6457,5916202.8598],[32491864.6464,5916251.2996],[32491864.647,5916296.5098],[32491867.8767,5916322.3441],[32491861.4183,5916344.9495],[32491848.5014,5916361.0959],[32491807.0215,5916381.8367],[32491810.2138,5916387.765],[32491780.4758,5916400.7603]]],[[[32492346.2176,5914046.1879],[32492291.4894,5914052.6861],[32492171.7872,5914061.6843],[32492118.8084,5914070.6815],[32492073.0767,5914083.1772],[32491963.6207,5914116.6654],[32491933.1329,5914120.1645],[32491898.6466,5914117.1662],[32491861.911,5914108.6701],[32491824.4258,5914095.176],[32491805.2382,5914084.212],[32491430.6244,5914032.3425],[32491408.3401,5914016.2134],[32491387.8481,5914004.2184],[32491368.3556,5913989.7245],[32491332.3694,5913952.7397],[32491303.6306,5913936.7464],[32491278.3903,5913914.7556],[32491256.8985,5913890.2656],[32491238.9054,5913866.2754],[32491219.6627,5913846.7834],[32491193.9228,5913833.2891],[32491162.4352,5913823.7934],[32491092.4628,5913812.7987],[32491066.9728,5913803.8027],[32491047.4804,5913791.8077],[32491029.5566,5913773.5744],[32491002.703,5913735.9219],[32490995.5002,5913725.3349],[32490973.0087,5913698.8458],[32490951.5171,5913686.351],[32490933.0243,5913677.8547],[32490916.2807,5913657.8629],[32490895.6981,5913620.3785],[32490871.5473,5913576.3959],[32490854.3039,5913557.4037],[32490832.3125,5913541.4104],[32490803.5737,5913525.9169],[32490777.8337,5913509.4239],[32490765.3384,5913490.9314],[32490763.089,5913469.44],[32490768.3365,5913442.9504],[32490781.0809,5913402.9661],[32490821.0634,5913291.5098],[32490837.3064,5913256.0237],[32490856.5484,5913226.0354],[32490878.7893,5913207.0426],[32490904.0292,5913203.0438],[32490931.7681,5913203.0434],[32490998.2415,5913191.0472],[32491039.725,5913191.0466],[32491086.9564,5913200.0424],[32491194.6639,5913225.5307],[32491254.89,5913231.5274],[32491314.1165,5913230.0272],[32491367.5951,5913223.529],[32491415.3259,5913210.0337],[32491457.5589,5913189.0414],[32491528.4024,5913146.1304],[32491534.5399,5913142.3018],[32491556.5088,5913128.5975],[32491575.6545,5913114.1695],[32491604.8813,5913085.0493],[32491623.1657,5913066.8316],[32491657.0785,5913039.0021],[32491699.1982,5913015.2787],[32491732.8434,5912996.3285],[32491765.4712,5912974.9686],[32491787.1604,5912958.7367],[32491802.5113,5912940.4559],[32491817.8134,5912918.0951],[32491828.365,5912899.9726],[32491833.7955,5912888.8565],[32491853.3833,5912848.7609],[32491869.6085,5912823.4999],[32491887.5676,5912799.4584],[32491900.2484,5912786.5994],[32491915.1434,5912776.5543],[32491931.6018,5912769.2018],[32491951.9728,5912763.8102],[32491981.8682,5912761.8116],[32492020.7128,5912766.0046],[32492046.7945,5912772.6597],[32492077.2883,5912785.4676],[32492121.6132,5912810.5601],[32492213.4096,5912867.5444],[32492239.8079,5912887.2427],[32492262.5406,5912906.1113],[32492304.5228,5912940.9573],[32492317.2858,5912948.6054],[32492329.1974,5912950.6262],[32492344.0222,5912947.2468],[32492352.9711,5912939.6673],[32492360.2586,5912926.4433],[32492362.1446,5912917.8037],[32492362.2868,5912917.1525],[32492370.6914,5912878.6516],[32492375.1888,5912824.1732],[32492372.689,5912764.1971],[32492362.692,5912698.7232],[32492347.697,5912630.7505],[32492329.2035,5912568.2756],[32492309.2107,5912517.2961],[32492288.9682,5912474.8133],[32492266.7264,5912433.3301],[32492239.9865,5912396.3452],[32492206.9992,5912365.8578],[32492125.7807,5912305.8828],[32492083.2972,5912281.3931],[32492043.063,5912268.8987],[32492007.3271,5912260.9024],[32491975.5896,5912247.908],[32491916.1127,5912212.423],[32491873.1294,5912182.9353],[32491839.1426,5912156.9461],[32491812.6527,5912130.457],[32491792.6603,5912101.4688],[32491771.1684,5912073.9801],[32491742.4296,5912053.4886],[32491708.4429,5912038.4951],[32491670.9576,5912027.0002],[32491638.7203,5912015.0054],[32491615.2294,5912000.0117],[32491573.9952,5911962.0274],[32491556.252,5911941.5358],[32491550.504,5911923.5431],[32491555.5018,5911906.5497],[32491570.4956,5911891.5555],[32491587.4887,5911879.56],[32491601.9829,5911873.5622],[32491618.7262,5911872.5623],[32491642.7167,5911875.5608],[32491678.0361,5911882.0577],[32491748.6748,5911895.0515],[32491862.3801,5911932.0352],[32491922.1067,5911955.0252],[32491965.3398,5911976.0162],[32491991.5797,5911995.0083],[32492010.3225,5912014.5003],[32492024.0673,5912035.4917],[32492046.559,5912078.4743],[32492064.802,5912098.4661],[32492088.043,5912116.9584],[32492147.0201,5912153.9429],[32492181.7566,5912177.9328],[32492216.7431,5912205.4214],[32492249.2306,5912236.9084],[32492282.468,5912278.8913],[32492317.9546,5912331.8697],[32492350.9423,5912385.348],[32492400.3424,5912472.4875],[32492435.6607,5912534.7873],[32492472.8967,5912596.7622],[32492508.3834,5912649.7406],[32492526.6266,5912686.2258],[32492540.6217,5912729.2086],[32492550.1185,5912773.6907],[32492554.3674,5912815.1742],[32492550.8694,5912858.1572],[32492540.1244,5912907.1378],[32492510.3876,5913004.0997],[32492464.7412,5913089.3393],[32492457.5133,5913109.1023],[32492452.7821,5913129.5578],[32492452.8455,5913147.6174],[32492458.1389,5913171.1403],[32492467.4712,5913186.3787],[32492481.9738,5913201.7009],[32492504.65,5913216.4518],[32492534.8388,5913226.5232],[32492547.3633,5913230.7016],[32492568.8207,5913241.2226],[32492619.6147,5913273.3232],[32492651.4909,5913295.9455],[32492669.3231,5913311.7963],[32492687.1092,5913332.149],[32492705.2605,5913356.1163],[32492715.6953,5913372.3894],[32492729.5872,5913394.0539],[32492740.8783,5913407.9496],[32492769.8498,5913434.1361],[32492787.8218,5913445.0773],[32492860.7415,5913472.7237],[32492898.2651,5913483.6292],[32492924.7311,5913489.0849],[32492957.4594,5913491.4785],[32492979.2198,5913491.1285],[32493071.6047,5913489.6428],[32493101.4891,5913492.0446],[32493128.2088,5913496.5911],[32493162.5736,5913507.0919],[32493196.2339,5913520.3991],[32493222.8917,5913534.0068],[32493248.1038,5913550.1754],[32493274.5218,5913570.2673],[32493299.3402,5913591.9824],[32493311.6199,5913605.0891],[32493324.3317,5913621.9824],[32493351.6249,5913668.5143],[32493392.7742,5913749.7537],[32493415.3677,5913794.3592],[32493437.6428,5913830.0174],[32493459.2499,5913858.8238],[32493490.3642,5913891.1519],[32493548.5182,5913943.2716],[32493599.4016,5913985.2767],[32493643.6926,5914018.3717],[32493647.4498,5914021.1791],[32493655.4469,5914041.171],[32493650.9489,5914056.1651],[32493636.2049,5914065.6616],[32493612.2145,5914069.1605],[32493542.2419,5914039.1735],[32493451.7775,5914016.1839],[32493361.3133,5914001.1912],[32493291.341,5913994.6948],[32493240.1725,5913999.145],[32493187.8823,5914003.6927],[32493121.6586,5913999.6952],[32493067.6801,5914002.195],[32493008.7036,5914008.1935],[32492956.4745,5914016.1911],[32492886.7523,5914024.1889],[32492786.0425,5914033.1868],[32492603.6152,5914046.1842],[32492536.8918,5914047.6846],[32492392.1993,5914044.6879],[32492346.2176,5914046.1879]]],[[[32479952.1793,5916643.062],[32479051.9269,5916646.2285],[32479024.8975,5916609.9894],[32478956.5826,5916518.3977],[32478912.8473,5916466.419],[32478892.355,5916435.9314],[32478880.859,5916396.4472],[32478876.6102,5916358.9622],[32478876.8595,5916320.4775],[32478881.857,5916284.9915],[32478891.3528,5916255.5031],[32478903.5977,5916234.0115],[32478917.0921,5916220.0168],[32478933.0857,5916215.0186],[32478953.0778,5916220.0163],[32478973.3199,5916234.5103],[32479001.8079,5916268.3564],[32479023.8007,5916294.4857],[32479041.7938,5916313.4779],[32479058.0377,5916337.968],[32479071.7826,5916364.957],[32479081.779,5916391.4464],[32479094.2744,5916415.4367],[32479114.2667,5916436.9278],[32479140.7564,5916455.4201],[32479156.8072,5916463.1863],[32479205.2821,5916484.1735],[32479270.0883,5916496.5736],[32479335.9014,5916501.3238],[32479368.9232,5916500.3283],[32479398.3792,5916494.5201],[32479420.4015,5916485.1878],[32479438.5192,5916469.3898],[32479444.778,5916459.0482],[32479448.9046,5916447.7826],[32479450.8786,5916432.8333],[32479450.9405,5916414.6979],[32479447.2521,5916400.3606],[32479441.3942,5916387.6974],[32479421.3931,5916344.4602],[32479411.8965,5916317.4711],[32479409.8969,5916286.9832],[32479410.6461,5916255.4957],[32479404.6477,5916197.5188],[32479404.6473,5916169.0302],[32479405.3966,5916143.0405],[32479401.148,5916122.5487],[32479390.9019,5916105.5556],[32479372.9088,5916089.5622],[32479307.9339,5916037.084],[32479277.6955,5916008.5957],[32479256.4536,5915982.1066],[32479245.4577,5915960.1155],[32479240.9592,5915941.1231],[32479240.9589,5915922.1306],[32479244.2073,5915901.1389],[32479252.9535,5915880.1471],[32479268.697,5915862.1541],[32479303.9325,5915828.6669],[32479317.9267,5915810.174],[32479329.9216,5915789.682],[32479338.6678,5915767.6906],[32479342.9158,5915744.1999],[32479343.915,5915719.7096],[32479342.6652,5915695.7191],[32479335.6677,5915674.7276],[32479319.9237,5915659.7338],[32479267.4443,5915633.7448],[32479242.9538,5915619.2509],[32479228.2095,5915604.7569],[32479223.2112,5915590.7625],[32479224.7105,5915577.7677],[32479234.2065,5915567.7715],[32479252.949,5915562.7732],[32479280.688,5915563.7725],[32479317.0844,5915558.044],[32479356.9075,5915551.7761],[32479377.6491,5915545.2784],[32479397.6409,5915527.2853],[32479416.633,5915502.7948],[32479453.6175,5915448.8157],[32479478.3573,5915423.3255],[32479510.5942,5915405.832],[32479552.5775,5915402.3327],[32479584.8131,5915294.875],[32479602.3054,5915244.3948],[32479619.5481,5915209.9083],[32479642.2887,5915187.9167],[32479673.2761,5915168.9238],[32479746.4964,5915132.4373],[32479779.7005,5915112.5626],[32479807.7215,5915090.4531],[32479824.2145,5915064.4632],[32479827.7127,5915033.4754],[32479817.2494,5914997.6897],[32479810.4687,5914974.4991],[32479775.4814,5914885.0352],[32479734.7463,5914795.0715],[32479700.7589,5914733.5964],[32479678.2674,5914700.11],[32479664.0227,5914671.1218],[32479657.7748,5914645.1322],[32479660.2734,5914619.1425],[32479670.519,5914597.1511],[32479687.7619,5914582.6566],[32479710.5028,5914574.1596],[32479767.7299,5914565.1624],[32479829.4551,5914553.1663],[32479887.6819,5914547.6676],[32479912.6718,5914538.6709],[32479931.9139,5914521.6773],[32479942.4093,5914494.1881],[32479940.4095,5914451.2052],[32479927.6638,5914397.2269],[32479902.2322,5914320.3373],[32479885.1789,5914268.7785],[32479882.9294,5914241.2895],[32479888.4269,5914220.2977],[32479901.6714,5914206.8029],[32479923.9126,5914205.3032],[32479953.6509,5914216.7982],[32479987.6377,5914236.29],[32480021.6245,5914259.7801],[32480060.3367,5914290.5113],[32480135.5804,5914350.2426],[32480169.817,5914368.7347],[32480193.1726,5914377.0627],[32480235.5412,5914389.7255],[32480266.279,5914391.7242],[32480289.5196,5914381.2281],[32480312.7601,5914362.7351],[32480343.2477,5914345.2416],[32480377.234,5914331.7465],[32480411.2203,5914323.2494],[32480442.9577,5914321.7495],[32480471.6963,5914326.7471],[32480497.1863,5914336.243],[32480540.4194,5914357.234],[32480564.4099,5914360.7323],[32480589.3999,5914357.2333],[32480614.1399,5914345.7376],[32480703.3888,5914291.3856],[32480853.065,5914181.416],[32480921.7938,5914123.3766],[32480970.6674,5914063.8103],[32481002.7404,5914011.8808],[32481019.5402,5913955.3695],[32481024.1213,5913892.7491],[32481019.5384,5913833.1835],[32481005.7918,5913787.3639],[32480981.3542,5913750.7084],[32480955.9949,5913719.9814],[32480907.2644,5913725.4799],[32480864.5314,5913727.9795],[32480830.295,5913724.9812],[32480806.3044,5913714.4857],[32480792.5596,5913697.9924],[32480786.0619,5913678.0005],[32480783.9796,5913654.8009],[32480780.8132,5913619.5238],[32480773.3159,5913604.0301],[32480757.8219,5913590.5356],[32480698.8451,5913568.0454],[32480673.1051,5913555.5507],[32480654.1124,5913538.058],[32480642.3668,5913513.5679],[32480639.1175,5913477.0824],[32480644.3648,5913429.6012],[32480655.6095,5913375.6225],[32480681.0987,5913284.9157],[32480713.3336,5913170.2033],[32480734.3241,5913089.2352],[32480748.0678,5913030.7582],[32480753.5651,5912990.7741],[32480752.5649,5912951.7896],[32480742.0685,5912912.8052],[32480719.8268,5912871.8218],[32480683.8405,5912826.8402],[32480638.6078,5912778.8599],[32480545.3936,5912688.3972],[32480492.1641,5912638.9176],[32480359.7151,5912520.9664],[32480312.4833,5912482.4823],[32480271.2494,5912455.9934],[32480219.5196,5912430.0045],[32480165.7906,5912407.0144],[32480089.8021,5912378.5898],[32479996.1073,5912343.542],[32479927.1343,5912316.0539],[32479873.4054,5912292.0642],[32479834.1707,5912271.5729],[32479797.435,5912254.5802],[32479761.6991,5912241.5859],[32479684.7294,5912223.0943],[32479642.9958,5912204.1025],[32479609.7586,5912177.6135],[32479595.014,5912145.6264],[32479596.2631,5912115.6383],[32479606.2588,5912094.1467],[32479625.0012,5912079.6522],[32479652.9899,5912069.6557],[32479683.7276,5912066.1567],[32479711.2168,5912072.1539],[32479739.8027,5912091.6025],[32479795.6843,5912150.1217],[32479832.4201,5912179.6095],[32479871.4049,5912202.5998],[32479908.6403,5912217.5933],[32479945.8756,5912225.5896],[32479986.3595,5912229.5875],[32480079.8224,5912233.5845],[32480205.5224,5912233.5828],[32480319.4769,5912226.5839],[32480356.1685,5912217.2549],[32480375.7042,5912206.0913],[32480390.1982,5912188.0982],[32480407.1908,5912142.1162],[32480421.9346,5912117.126],[32480446.9244,5912099.1328],[32480487.1583,5912094.1342],[32480569.7813,5912110.832],[32480652.8428,5912127.6185],[32480681.5814,5912128.6177],[32480694.178,5912125.5943],[32480706.5714,5912122.6197],[32480727.8128,5912110.6242],[32480744.5558,5912092.6311],[32480756.5507,5912066.6413],[32480763.7973,5912032.6547],[32480765.0463,5911994.17],[32480760.2976,5911953.1863],[32480745.2011,5911890.9805],[32480723.0602,5911799.7478],[32480719.811,5911761.2632],[32480726.0581,5911733.774],[32480738.5528,5911709.2836],[32480755.2958,5911687.2921],[32480846.7581,5911598.8259],[32480896.2377,5911547.8455],[32480919.9779,5911519.8563],[32480941.9686,5911485.8695],[32480950.7146,5911444.8856],[32480955.9619,5911403.9018],[32480954.212,5911364.4175],[32480941.9664,5911327.4324],[32480919.7247,5911287.4486],[32480890.9855,5911244.4661],[32480857.4982,5911202.9831],[32480820.2626,5911170.4965],[32480780.2781,5911144.0076],[32480737.5447,5911119.0182],[32480693.3121,5911099.0267],[32480649.3294,5911087.5319],[32480570.3351,5911077.8405],[32480486.394,5911067.5422],[32480444.6604,5911059.546],[32480417.1712,5911047.0513],[32480401.4272,5911030.5581],[32480402.4266,5911013.065],[32480425.4172,5910997.5709],[32480464.6515,5910987.0745],[32480508.6338,5910978.5772],[32480553.3659,5910967.0812],[32480594.5992,5910946.5887],[32480630.5844,5910916.6001],[32480661.0718,5910881.6136],[32480685.8114,5910843.1285],[32480704.0536,5910803.644],[32480713.5492,5910759.6613],[32480722.2942,5910657.2019],[32480733.789,5910607.7214],[32480757.5288,5910557.2411],[32480814.0048,5910454.2813],[32480827.249,5910417.2958],[32480820.5011,5910371.3141],[32480803.5073,5910331.3303],[32480780.5159,5910296.8443],[32480756.775,5910267.8562],[32480730.3719,5910237.2062],[32480677.5552,5910175.8938],[32480649.0662,5910153.903],[32480616.0791,5910139.909],[32480582.8422,5910131.4129],[32480552.3543,5910126.4153],[32480490.129,5910122.4177],[32480457.142,5910117.92],[32480425.4045,5910107.4246],[32480393.6668,5910085.9336],[32480360.4296,5910053.447],[32480291.4559,5909972.98],[32480285.2081,5909953.9876],[32480286.9572,5909935.9947],[32480299.2021,5909921.5003],[32480324.9417,5909913.5031],[32480360.1777,5909914.0024],[32480437.993,5909921.7827],[32480513.6169,5909930.9935],[32480548.3531,5909932.4924],[32480588.0872,5909928.9932],[32480630.3203,5909920.496],[32480672.3034,5909906.0012],[32480691.3762,5909897.2158],[32480753.5205,5909866.5157],[32480814.9956,5909830.5291],[32480840.7351,5909818.0337],[32480872.7223,5909808.5371],[32480906.7087,5909803.5386],[32480938.4461,5909804.0379],[32480966.9348,5909812.0343],[32480986.6771,5909822.0301],[32480998.1728,5909836.0244],[32481001.9216,5909857.016],[32480993.4254,5909891.5024],[32480974.6834,5909926.9885],[32480951.1932,5909960.4756],[32480903.2132,5910019.4528],[32480867.8484,5910065.1163],[32480823.5507,5910122.3142],[32480813.2506,5910135.408],[32480808.2529,5910160.3981],[32480807.5036,5910187.8872],[32480812.752,5910216.3758],[32480825.4973,5910246.3637],[32480845.2398,5910272.8529],[32480881.3265,5910302.7482],[32480904.9668,5910322.3324],[32480919.9609,5910331.8284],[32480936.7043,5910331.3284],[32480951.9481,5910322.8315],[32480963.1934,5910306.3379],[32480973.9294,5910266.8923],[32480986.183,5910221.8712],[32480998.4278,5910197.3807],[32481015.6707,5910182.8863],[32481036.6623,5910177.8879],[32481059.9031,5910178.3874],[32481082.894,5910181.3859],[32481108.3838,5910179.8861],[32481137.1222,5910171.3891],[32481165.3608,5910158.8937],[32481188.8513,5910144.3991],[32481203.346,5910180.3846],[32481207.5949,5910223.3674],[32481201.3481,5910268.3496],[32481185.3551,5910311.8326],[32481165.3635,5910347.8186],[32481149.0077,5910379.8945],[32481140.3743,5910405.7959],[32481139.3752,5910438.7828],[32481145.3733,5910477.2674],[32481155.6198,5910518.7508],[32481169.8648,5910560.7339],[32481207.8508,5910642.201],[32481220.5963,5910680.6855],[32481224.0955,5910723.1686],[32481215.3497,5910773.6486],[32481195.1084,5910818.631],[32481168.6193,5910845.1209],[32481137.8817,5910854.6175],[32481105.8944,5910851.1194],[32481079.4048,5910841.6235],[32481058.6628,5910827.6294],[32481024.9257,5910793.1436],[32481000.935,5910773.6517],[32480965.4489,5910755.1595],[32480920.4666,5910744.6643],[32480867.9876,5910749.1633],[32480824.7554,5910795.6454],[32480810.0116,5910819.6361],[32480802.7649,5910847.6251],[32480802.0156,5910877.1134],[32480805.0148,5910902.1034],[32480811.7625,5910926.0938],[32480822.0087,5910950.0841],[32480838.0027,5910974.5741],[32480859.4945,5910998.5643],[32480904.977,5911041.5466],[32480988.6938,5911050.042],[32481029.9274,5911050.5412],[32481061.9146,5911045.0429],[32481103.6478,5911032.5473],[32481135.1353,5911032.0471],[32481158.6261,5911045.5414],[32481176.3695,5911073.53],[32481184.3667,5911105.0174],[32481187.8659,5911141.5028],[32481188.8664,5911203.978],[32481187.3677,5911252.4587],[32481189.6171,5911277.9486],[32481197.6143,5911302.4387],[32481237.6369,5911375.0962],[32481273.8842,5911440.8999],[32481285.3318,5911470.8705],[32481290.3303,5911505.8566],[32481292.6946,5911547.4582],[32481295.3296,5911593.8215],[32481286.5834,5911619.8113],[32481268.8408,5911641.8028],[32481241.6019,5911658.7965],[32481208.6151,5911668.2932],[32481173.6291,5911671.7923],[32481136.8937,5911669.2938],[32481098.9087,5911662.2971],[32481053.6769,5911679.291],[32481011.9439,5911706.2809],[32480975.7088,5911739.2683],[32480947.2207,5911775.2544],[32480938.4745,5911801.2442],[32480934.4765,5911826.7341],[32480937.7256,5911855.2227],[32480950.7209,5911888.2094],[32480971.963,5911925.6942],[32480997.7032,5911961.1798],[32481027.9416,5911987.6688],[32481037.6702,5911994.7617],[32481050.2465,5911999.7569],[32481071.2405,5912008.0956],[32481081.4433,5912014.1511],[32481088.0967,5912024.1332],[32481088.652,5912036.3127],[32481085.9522,5912044.7698],[32481080.4507,5912052.1431],[32481065.5165,5912063.8739],[32481035.6262,5912087.3528],[32481023.0726,5912100.3008],[32481014.5385,5912112.6209],[32481009.9019,5912123.8123],[32481008.1785,5912132.5726],[32481008.8239,5912165.3448],[32481007.297,5912195.8914],[32481000.5555,5912210.1234],[32481067.7708,5912191.8273],[32481070.6796,5912190.8882],[32481162.0235,5912161.3992],[32481176.7256,5912158.1352],[32481188.659,5912157.8476],[32481197.5374,5912160.3019],[32481204.5817,5912165.6161],[32481211.421,5912175.6989],[32481215.4246,5912186.99],[32481217.9781,5912201.8204],[32481217.842,5912213.9265],[32481216.07,5912222.6619],[32481210.0532,5912236.279],[32481208.7669,5912239.1902],[32481181.8843,5912270.5542],[32481150.3975,5912312.5379],[32481122.6591,5912354.0219],[32481098.9191,5912396.0055],[32481079.4275,5912439.9883],[32481064.1842,5912484.9706],[32481052.9394,5912530.9525],[32481046.4426,5912576.4345],[32481045.944,5912663.8998],[32481042.6964,5912735.3714],[32481047.6948,5912767.8585],[32481061.6896,5912790.8491],[32481081.432,5912812.3403],[32481132.4123,5912852.3237],[32481158.1524,5912871.8156],[32481183.8924,5912888.8084],[32481211.1316,5912897.8045],[32481241.6194,5912892.806],[32481316.3393,5912862.8169],[32481352.0748,5912843.8239],[32481379.3136,5912820.8327],[32481399.5552,5912793.8431],[32481434.5405,5912737.3651],[32481458.7802,5912692.3826],[32481465.7771,5912671.3908],[32481467.2762,5912648.4],[32481465.4849,5912639.1882],[32481462.0279,5912621.4108],[32481446.7834,5912586.4249],[32481425.2914,5912543.4423],[32481406.7981,5912498.4604],[32481400.3001,5912457.4768],[32481405.7971,5912402.4986],[32481410.295,5912376.009],[32481416.2923,5912355.5171],[32481431.2857,5912314.0334],[32481437.2828,5912277.048],[32481434.7833,5912244.5609],[32481431.4677,5912236.0596],[32481427.8604,5912218.4019],[32481428.596,5912203.4017],[32481438.3226,5912181.493],[32481450.0079,5912166.1916],[32481454.6916,5912160.0584],[32481461.1082,5912146.5184],[32481465.6668,5912132.2417],[32481468.6889,5912105.7458],[32481473.8466,5912083.4217],[32481483.7068,5912060.3567],[32481499.2038,5912041.9287],[32481506.9236,5912037.903],[32481537.895,5912030.631],[32481656.6921,5912039.6392],[32481753.1537,5912038.1384],[32481815.3788,5912029.1411],[32481878.8534,5912017.145],[32481974.3421,5911995.9533],[32482059.0311,5911977.1583],[32482128.5033,5911965.1621],[32482199.4749,5911955.6648],[32482264.449,5911951.6655],[32482325.1749,5911956.1628],[32482384.4015,5911970.6562],[32482402.6987,5911978.2576],[32482436.1313,5911992.1469],[32482474.1165,5912016.6367],[32482527.3459,5912059.6188],[32482550.337,5912074.1127],[32482571.0789,5912083.6087],[32482632.8046,5912105.0992],[32482672.2891,5912120.5925],[32482710.5242,5912138.5848],[32482733.2655,5912167.0732],[32482736.015,5912209.0565],[32482726.7693,5912252.5393],[32482698.2817,5912326.5103],[32482673.7204,5912396.7188],[32482640.0572,5912492.945],[32482623.8141,5912520.4343],[32482602.073,5912538.4275],[32482575.0839,5912547.4243],[32482542.8467,5912547.4247],[32482512.1087,5912532.4311],[32482488.1178,5912500.944],[32482470.3743,5912459.4607],[32482458.3785,5912416.9778],[32482455.3791,5912375.9941],[32482460.6264,5912336.5097],[32482468.3728,5912299.0245],[32482472.3707,5912265.5378],[32482471.1208,5912232.5509],[32482465.8724,5912200.5637],[32482454.6265,5912175.5738],[32482435.384,5912161.0798],[32482412.8929,5912159.5807],[32482367.661,5912169.0776],[32482340.172,5912168.5782],[32482331.8655,5912166.2421],[32482292.1909,5912155.0842],[32482229.4552,5912130.8811],[32482182.234,5912112.6027],[32482139.251,5912101.6077],[32482105.7643,5912101.1084],[32482073.7771,5912108.6058],[32482042.7897,5912123.6003],[32482012.3021,5912147.0914],[32481820.131,5912318.0262],[32481793.392,5912340.0179],[32481770.4013,5912351.5136],[32481749.9095,5912354.5127],[32481730.1673,5912348.0156],[32481706.9265,5912344.0175],[32481680.1872,5912351.0151],[32481653.4481,5912368.0087],[32481631.4572,5912392.4993],[32481624.4603,5912417.4895],[32481633.9569,5912439.4806],[32481650.2007,5912460.9718],[32481663.1958,5912483.9625],[32481673.4421,5912507.9528],[32481682.4029,5912521.6214],[32481707.6791,5912553.4343],[32481731.9199,5912579.4236],[32481753.1618,5912608.4118],[32481764.4078,5912639.3993],[32481765.9076,5912671.3866],[32481758.4111,5912702.3744],[32481740.9184,5912731.3631],[32481715.179,5912756.8533],[32481685.4412,5912776.8458],[32481656.203,5912790.8407],[32481624.9656,5912803.3362],[32481589.9797,5912817.3311],[32481554.9938,5912828.3272],[32481497.2669,5912836.8246],[32481474.776,5912848.3204],[32481457.5332,5912867.3131],[32481448.0373,5912894.8023],[32481452.0361,5912920.7919],[32481470.0292,5912937.2851],[32481494.5196,5912949.28],[32481543.5004,5912971.2706],[32481573.7385,5912980.7663],[32481605.7259,5912987.7631],[32481636.7136,5912990.2617],[32481661.9536,5912995.7591],[32481679.4469,5913012.7521],[32481689.6932,5913038.2418],[32481693.1923,5913071.2287],[32481687.445,5913100.7171],[32481671.9514,5913120.7093],[32481648.461,5913135.2039],[32481618.9729,5913146.6998],[32481589.2349,5913162.6938],[32481562.4959,5913184.6855],[32481538.006,5913212.1749],[32481515.0156,5913244.1625],[32481500.1287,5913270.1764],[32481473.3171,5913302.5634],[32481465.8592,5913307.5402],[32481457.3046,5913310.6327],[32481442.2858,5913311.6307],[32481430.5738,5913309.3034],[32481420.4168,5913302.8133],[32481410.4221,5913291.4668],[32481406.3922,5913280.3139],[32481404.5161,5913268.2827],[32481405.6671,5913241.371],[32481409.4135,5913227.0313],[32481432.0477,5913179.1895],[32481435.2961,5913157.698],[32481431.2974,5913135.207],[32481418.0523,5913111.7165],[32481365.3233,5913106.7193],[32481329.0879,5913123.713],[32481304.5981,5913152.7019],[32481270.6125,5913213.6781],[32481251.3707,5913253.1627],[32481233.6284,5913295.1463],[32481220.6341,5913335.6303],[32481218.3855,5913369.6169],[32481228.3819,5913396.606],[32481247.1247,5913416.5978],[32481271.6152,5913430.5919],[32481274.1218,5913432.2559],[32481290.7231,5913444.9754],[32481304.8339,5913464.3287],[32481312.6323,5913490.2292],[32481315.6148,5913514.0266],[32481314.5844,5913535.0771],[32481311.5215,5913546.5362],[32481301.6491,5913567.0747],[32481289.3603,5913582.5312],[32481272.8673,5913612.5196],[32481260.3727,5913647.006],[32481255.6251,5913680.9926],[32481262.8726,5913710.9806],[32481282.3653,5913737.9696],[32481308.3553,5913763.9589],[32481336.3445,5913786.9493],[32481361.5847,5913804.442],[32481388.5741,5913817.4365],[32481421.5611,5913825.9326],[32481455.7976,5913830.9302],[32481503.0767,5913833.2002],[32481601.4897,5913837.9253],[32481616.9836,5913843.4229],[32481626.2301,5913856.4176],[32481628.7294,5913877.909],[32481624.4815,5913908.397],[32481605.4891,5913908.3972],[32481586.4967,5913908.3975],[32481567.5042,5913908.3978],[32481548.5118,5913908.398],[32481480.289,5913911.8976],[32481411.0667,5913922.3944],[32481349.5913,5913936.8896],[32481305.1093,5913950.8846],[32481273.622,5913967.8783],[32481217.1451,5914012.3615],[32481190.6559,5914030.3547],[32481122.4336,5914069.3402],[32481042.4662,5914120.321],[32481005.4813,5914148.3104],[32480921.7656,5914219.7832],[32480846.0466,5914279.2607],[32480804.3138,5914319.2454],[32480762.0813,5914363.7283],[32480723.3473,5914407.7114],[32480692.86,5914446.1965],[32480663.622,5914474.1858],[32480633.3843,5914493.1787],[32480599.8978,5914506.174],[32480564.1622,5914513.1717],[32480497.1889,5914517.1711],[32480469.45,5914522.1695],[32480440.4617,5914534.6649],[32480407.4751,5914554.1577],[32480375.4882,5914577.149],[32480349.4989,5914601.6396],[32480297.2672,5914657.0119],[32480279.5277,5914674.6116],[32480267.0328,5914680.1096],[32480255.5374,5914680.6096],[32480230.5472,5914674.1125],[32480213.554,5914673.1131],[32480192.5624,5914678.1115],[32480108.3465,5914719.5962],[32480082.607,5914736.09],[32480062.1155,5914762.0799],[32480048.8713,5914795.067],[32480043.124,5914828.054],[32480044.8738,5914862.0405],[32480053.3709,5914898.026],[32480075.3627,5914933.5116],[32480110.8758,5914964.7623],[32480112.8482,5914966.498],[32480159.0803,5914994.986],[32480206.8116,5915017.4764],[32480259.7908,5915036.4681],[32480322.0162,5915052.4609],[32480451.9649,5915077.4491],[32480612.6514,5915109.9339],[32480818.5701,5915156.9123],[32480904.5362,5915179.9019],[32480976.258,5915205.8906],[32481028.9874,5915231.3797],[32481058.476,5915255.8695],[32481066.2232,5915275.8615],[32481059.9759,5915290.8556],[32481042.7329,5915300.8519],[32481017.7429,5915304.8506],[32480948.5205,5915304.8516],[32480910.0358,5915302.3532],[32480831.8168,5915292.8581],[32480712.1142,5915282.3639],[32480603.6572,5915267.3714],[32480463.193,5915252.3126],[32480440.6379,5915249.8945],[32480354.0062,5915240.8855],[32480316.5211,5915241.8857],[32480284.7838,5915248.3835],[32480226.0576,5915276.873],[32480185.0741,5915290.8681],[32480140.8419,5915301.8643],[32480058.8747,5915315.8599],[32480017.8912,5915330.3547],[32479980.4065,5915352.3465],[32479951.1685,5915382.8348],[32479929.4277,5915420.3202],[32479925.0264,5915431.5609],[32479913.1848,5915461.804],[32479903.4393,5915503.7874],[32479901.6905,5915543.2718],[32479909.188,5915575.7588],[32479924.9321,5915601.2484],[32479947.6734,5915624.2389],[32480007.9002,5915677.7168],[32480037.8887,5915708.2043],[32480058.131,5915735.6931],[32480060.3804,5915756.6847],[32480049.6348,5915764.1819],[32480035.6403,5915760.1837],[32480017.1475,5915751.1875],[32479993.4069,5915744.1906],[32479965.418,5915742.1918],[32479936.4296,5915743.6916],[32479910.44,5915750.6892],[32479891.1979,5915763.6843],[32479879.7027,5915783.1768],[32479873.9554,5915809.1665],[32479874.2057,5915838.6548],[32479886.2018,5915897.6312],[32479887.4521,5915957.6073],[32479891.2012,5915998.0912],[32479900.9479,5916038.0752],[32479915.9424,5916069.0626],[32479928.6542,5916087.4609],[32479956.4271,5916126.5392],[32480019.6524,5916164.5232],[32480182.8387,5916251.4863],[32480290.047,5916315.9592],[32480375.7635,5916356.9417],[32480463.9789,5916395.4251],[32480525.9546,5916419.4147],[32480564.4394,5916431.9092],[32480598.6759,5916438.4061],[32480625.6651,5916434.4073],[32480642.4081,5916413.9152],[32480655.1527,5916389.9246],[32480672.3957,5916376.9295],[32480693.3873,5916374.93],[32480738.8011,5916390.0067],[32480769.0091,5916400.0353],[32480818.3381,5916416.4117],[32480850.3256,5916431.9051],[32480884.0624,5916443.4001],[32480923.7966,5916445.8985],[32480965.28,5916443.8987],[32481086.7315,5916432.9014],[32481126.4657,5916433.4006],[32481155.4543,5916442.3966],[32481182.6936,5916453.3918],[32481219.9289,5916457.8895],[32481264.1612,5916454.8901],[32481312.3919,5916443.8938],[32481360.6225,5916428.3992],[32481406.1041,5916409.4061],[32481447.0875,5916386.9145],[32481481.5734,5916361.4241],[32481496.7451,5916348.7611],[32481532.6908,5916327.0429],[32481575.6341,5916305.4356],[32481603.485,5916294.3779],[32481692.9404,5916269.3187],[32481809.5595,5916240.8915],[32481883.521,5916228.578],[32481910.4315,5916226.4901],[32481931.1162,5916230.1188],[32481947.5015,5916237.4913],[32481960.9305,5916249.4919],[32481967.522,5916257.1611],[32482005.8722,5916301.7815],[32482027.9589,5916316.9234],[32482052.9416,5916331.3223],[32482116.76,5916368.1046],[32482149.1813,5916391.914],[32482177.4347,5916421.1391],[32482221.0088,5916478.4835],[32482262.8755,5916556.4911],[32482278.158,5916595.586],[32482281.6912,5916616.2618],[32482279.7578,5916634.8751],[32480218.2181,5916642.1263],[32480218.3792,5916616.8405],[32480224.3689,5916590.351],[32480236.6039,5916567.36],[32480256.0876,5916549.8667],[32480276.5749,5916535.8719],[32480290.3135,5916522.3771],[32480298.5531,5916507.8828],[32480302.0447,5916489.8899],[32480300.7949,5916471.3973],[32480294.2973,5916454.9039],[32480281.3022,5916439.9101],[32480261.5599,5916426.4157],[32480236.0699,5916414.9206],[32480207.3312,5916406.4244],[32480175.094,5916401.9267],[32480139.858,5916399.928],[32480104.3721,5916401.9277],[32480071.6352,5916407.4259],[32480041.3974,5916415.4232],[32480012.9089,5916426.4192],[32479989.8772,5916442.4392],[32479977.8543,5916455.7579],[32479963.8039,5916478.8732],[32479954.4963,5916504.1639],[32479939.782,5916571.5956],[32479936.9552,5916598.4757],[32479937.8665,5916610.3828],[32479941.5152,5916625.0299],[32479952.1793,5916643.062]]],[[[32494352.3961,5910853.0468],[32494349.5328,5910853.5807],[32494339.6298,5910855.4272],[32494312.6407,5910866.923],[32494275.4061,5910904.9085],[32494239.4207,5910928.8995],[32494231.1742,5910944.3934],[32494225.4268,5910963.386],[32494214.1815,5910979.8796],[32494197.1884,5910993.8742],[32494174.6975,5911004.3704],[32494154.2058,5911016.3659],[32494141.9609,5911033.3594],[32494135.7137,5911054.3511],[32494131.9662,5911121.3245],[32494114.7255,5911300.7535],[32494108.9782,5911327.243],[32494097.5378,5911342.0236],[32494081.2395,5911348.7349],[32494021.2635,5911354.2336],[32493979.5302,5911364.2302],[32493939.5463,5911376.7258],[32493910.3081,5911388.7215],[32493859.0788,5911416.7111],[32493830.3405,5911430.2062],[32493802.6016,5911438.2034],[32493724.6327,5911446.7011],[32493681.6499,5911449.2008],[32493649.1628,5911448.7014],[32493586.6875,5911443.2045],[32493549.7022,5911443.2051],[32493513.4667,5911447.204],[32493480.7297,5911447.2045],[32493453.2405,5911436.709],[32493433.4981,5911419.2163],[32493415.005,5911382.731],[32493398.5114,5911371.2359],[32493376.0202,5911365.7384],[32493318.2932,5911366.7388],[32493283.5569,5911362.2411],[32493250.5699,5911353.2452],[32493224.3302,5911337.7517],[32493209.086,5911319.7591],[32493204.8374,5911303.2657],[32493209.0855,5911287.272],[32493220.8306,5911272.2778],[32493251.0682,5911241.2896],[32493266.5617,5911221.2974],[32493282.555,5911196.8069],[32493297.0489,5911170.3172],[32493308.294,5911145.3269],[32493314.5412,5911122.336],[32493314.291,5911099.8449],[32493307.2935,5911075.3548],[32493294.798,5911047.8659],[32493277.0547,5911019.3775],[32493254.3134,5910992.3885],[32493220.0765,5910962.9007],[32493173.3447,5910931.9137],[32493135.0202,5910909.7968],[32493077.8819,5910880.9354],[32493038.1476,5910868.9407],[32493001.9119,5910866.4422],[32492970.6744,5910870.4411],[32492945.6845,5910879.4379],[32492924.9429,5910890.9336],[32492905.9506,5910904.4285],[32492890.457,5910920.9222],[32492880.8363,5910940.1643],[32492861.4698,5911006.3886],[32492851.7242,5911046.3729],[32492845.2273,5911083.8581],[32492829.234,5911105.8496],[32492794.9977,5911109.3487],[32492751.5149,5911102.3521],[32492707.7821,5911092.8565],[32492655.053,5911085.3602],[32492589.329,5911079.8634],[32492525.8542,5911076.8655],[32492480.3723,5911078.3656],[32492448.3852,5911089.8614],[32492417.3979,5911112.8528],[32492374.8454,5911155.1337],[32492339.43,5911190.3231],[32492311.6913,5911212.8146],[32492282.2033,5911233.8066],[32492252.7153,5911251.3001],[32492200.7361,5911259.7975],[32492154.2544,5911248.8025],[32492116.2692,5911225.3124],[32492088.7797,5911194.8249],[32492067.0379,5911165.8368],[32492042.2975,5911142.8463],[32492011.3096,5911127.3529],[32491970.8256,5911120.856],[32491927.3429,5911122.8559],[32491887.3589,5911129.3539],[32491848.1246,5911139.8503],[32491638.7088,5911200.3292],[32491593.477,5911216.3235],[32491511.0103,5911253.8098],[32491471.2764,5911277.8009],[32491441.7885,5911302.2915],[32491420.7973,5911332.2799],[32491403.5547,5911368.7657],[32491391.3101,5911407.7504],[32491385.313,5911445.2355],[32491387.8125,5911481.721],[32491398.8086,5911517.7065],[32491415.3026,5911553.1922],[32491434.7953,5911586.1788],[32491449.7898,5911618.6657],[32491456.2877,5911651.1527],[32491455.5384,5911680.641],[32491448.7914,5911706.1309],[32491404.3088,5911687.1391],[32491254.8675,5911632.1631],[32491167.4017,5911592.6801],[32491111.1737,5911563.6924],[32491067.9405,5911537.2036],[32491040.2012,5911512.7137],[32491031.0404,5911501.5902],[32491019.2092,5911487.2241],[32491003.2151,5911457.2363],[32490976.9746,5911388.7639],[32490960.7307,5911361.7748],[32490940.4884,5911338.7843],[32490916.2477,5911316.7934],[32490881.2613,5911293.803],[32490835.0294,5911272.3122],[32490785.5488,5911254.3201],[32490741.816,5911242.3255],[32490690.8361,5911227.832],[32490641.6053,5911201.3432],[32490595.873,5911167.3574],[32490554.8888,5911129.8729],[32490528.8986,5911094.3873],[32490493.912,5911054.9035],[32490479.124,5911040.8647],[32490454.4271,5911017.419],[32490415.6921,5910986.9317],[32490328.7259,5910932.4546],[32490306.2456,5910915.5949],[32490286.7422,5910900.9677],[32490255.0043,5910866.9817],[32490234.2621,5910832.4957],[32490219.0177,5910798.5094],[32490209.0211,5910761.5242],[32490204.0225,5910717.042],[32490203.9557,5910702.2597],[32490203.7718,5910661.5641],[32490208.0192,5910599.0888],[32490215.2655,5910541.1118],[32490225.261,5910498.6285],[32490229.7587,5910463.6424],[32490223.5106,5910426.1573],[32490208.5161,5910391.1715],[32490186.2746,5910364.6823],[32490159.285,5910344.6906],[32490127.2975,5910330.1969],[32490088.5629,5910325.6992],[32490041.8316,5910334.6963],[32489994.1009,5910356.1885],[32489914.6332,5910408.6687],[32489877.8981,5910426.1623],[32489842.9121,5910434.1596],[32489810.9248,5910432.6607],[32489779.4372,5910421.6655],[32489745.4504,5910399.6747],[32489710.9637,5910370.187],[32489679.9755,5910338.6999],[32489653.9854,5910307.7126],[32489611.5015,5910245.7379],[32489578.2642,5910210.2524],[32489540.0289,5910177.7659],[32489502.2936,5910156.275],[32489449.2798,5910138.9859],[32489398.0846,5910122.29],[32489319.3657,5910110.7957],[32489237.3981,5910090.8048],[32489195.4146,5910080.8094],[32489155.6802,5910067.8151],[32489120.444,5910048.8232],[32489089.206,5910023.8336],[32489061.4667,5909994.3457],[32489033.4773,5909956.861],[32488938.0132,5909814.419],[32488919.0202,5909774.9349],[32488904.7753,5909733.4516],[32488900.0266,5909691.4684],[32488909.7722,5909651.984],[32488931.2632,5909619.9964],[32488946.4838,5909608.2664],[32488958.502,5909599.0043],[32488991.2389,5909588.508],[32489029.7236,5909590.5067],[32489068.2085,5909605.5002],[32489101.1958,5909631.9892],[32489128.1855,5909666.9749],[32489147.9282,5909706.9587],[32489171.6695,5909759.4375],[32489197.9098,5909811.9162],[32489241.3937,5909891.8838],[32489261.1361,5909915.3742],[32489289.875,5909934.3662],[32489325.1112,5909948.86],[32489412.3267,5909965.852],[32489525.5321,5909991.84],[32489576.262,5909999.3363],[32489616.496,5909999.8355],[32489648.7331,5909994.3373],[32489676.222,5909983.841],[32489701.4618,5909969.3464],[32489695.6438,5909944.657],[32489691.2153,5909925.8639],[32489685.7168,5909876.8834],[32489683.4669,5909825.4039],[32489681.966,5909718.9462],[32489685.7137,5909659.9696],[32489695.9589,5909604.9913],[32489715.4505,5909562.5079],[32489738.191,5909528.0213],[32489755.4336,5909494.5344],[32489767.9282,5909462.0471],[32489775.4248,5909431.5591],[32489778.673,5909394.074],[32489777.1721,5909291.1149],[32489775.4222,5909243.134],[32489727.2728,5909234.8044],[32489703.2007,5909230.64],[32489672.7128,5909227.6417],[32489638.4764,5909227.1424],[32489605.9893,5909229.142],[32489581.4992,5909234.1404],[32489539.0163,5909250.1346],[32489511.7772,5909255.6329],[32489493.7551,5909255.5282],[32489470.322,5909254.4312],[32489435.8628,5909252.8181],[32489434.0938,5909252.7215],[32489361.1578,5909246.6966],[32489238.9027,5909232.6798],[32489195.1532,5909222.5373],[32489153.0714,5909206.513],[32489134.7479,5909196.2776],[32489112.64,5909180.6447],[32489081.6245,5909152.3472],[32489066.6528,5909133.6076],[32489044.636,5909101.3409],[32489034.1595,5909083.1757],[32489029.1687,5909069.0585],[32489028.4145,5909066.4728],[32489023.7181,5909028.2303],[32489027.9658,5908986.2469],[32489034.9624,5908943.2639],[32489019.4681,5908911.7766],[32488997.4764,5908880.7892],[32488969.4872,5908854.3002],[32488936.2501,5908835.808],[32488860.5298,5908804.8214],[32488821.7951,5908796.3253],[32488784.56,5908800.8241],[32488732.1257,5908823.5219],[32488697.5421,5908840.3361],[32488652.3635,5908862.3016],[32488630.6222,5908869.2991],[32488613.1292,5908868.7996],[32488600.1342,5908858.8037],[32488592.387,5908837.8122],[32488591.6367,5908800.8269],[32488599.8831,5908772.3381],[32488608.8792,5908749.3471],[32488610.1284,5908728.3554],[32488600.8818,5908708.3635],[32488588.8863,5908689.3712],[32488580.8892,5908669.8791],[32488583.6378,5908648.8874],[32488599.6312,5908630.8943],[32488623.8714,5908620.3981],[32488657.9147,5908618.5652],[32488658.8236,5908618.6982],[32488684.0974,5908622.3965],[32488717.5843,5908635.8906],[32488755.0697,5908656.8817],[32488821.8766,5908703.796],[32488876.7725,5908742.346],[32488948.2447,5908784.3283],[32489034.211,5908822.8118],[32489124.9253,5908846.3011],[32489161.6607,5908846.8004],[32489198.6459,5908843.3013],[32489236.6307,5908837.3031],[32489276.6147,5908828.8059],[32489319.0976,5908817.3099],[32489458.0418,5908774.3249],[32489502.524,5908769.8261],[32489540.0093,5908781.321],[32489568.9981,5908805.8108],[32489588.4908,5908841.2964],[32489611.4824,5908892.2759],[32489644.97,5908957.2495],[32489681.4564,5909022.723],[32489711.945,5909073.7023],[32489737.6852,5909107.1886],[32489764.6748,5909128.6797],[32489792.6639,5909140.1747],[32489821.4025,5909142.6733],[32489847.1421,5909137.1751],[32489866.8841,5909123.6802],[32489881.1281,5909101.6887],[32489890.1241,5909070.2011],[32489883.3761,5909020.7209],[32489858.1352,5908954.2477],[32489803.6552,5908839.2941],[32489797.6572,5908807.3069],[32489807.153,5908778.8181],[32489827.3946,5908752.3284],[32489853.134,5908726.3383],[32489869.377,5908692.3516],[32489869.1265,5908647.3695],[32489858.8799,5908597.8893],[32489844.385,5908551.9078],[32489834.8881,5908505.4264],[32489833.5398,5908417.8813],[32489828.5152,5908364.1278],[32489823.2041,5908337.7017],[32489818.9296,5908322.3374],[32489807.9213,5908282.7693],[32489805.3098,5908258.9359],[32489807.9122,5908232.0681],[32489811.8364,5908220.456],[32489817.4635,5908213.8058],[32489828.4779,5908208.1321],[32489837.1151,5908206.9725],[32489845.9844,5908209.516],[32489861.7618,5908218.7109],[32489874.7484,5908231.1227],[32489907.9052,5908284.4579],[32489948.6878,5908358.097],[32489978.0353,5908417.1972],[32489984.7052,5908430.629],[32490022.3135,5908497.4269],[32490048.0537,5908528.4142],[32490097.0346,5908560.9006],[32490115.7776,5908587.3898],[32490135.7701,5908620.8762],[32490162.5099,5908651.3637],[32490225.2357,5908707.3405],[32490264.7204,5908736.8282],[32490313.9513,5908767.8152],[32490362.6823,5908794.8038],[32490401.4171,5908812.7961],[32490424.4082,5908826.7902],[32490435.1542,5908843.7833],[32490436.9037,5908862.7757],[32490433.1555,5908881.7682],[32490420.9106,5908899.7612],[32490398.1699,5908917.7544],[32490337.9444,5908953.741],[32490313.9542,5908975.2328],[32490301.4596,5909001.2226],[32490297.2117,5909032.7102],[32490299.2114,5909068.6958],[32490298.9621,5909110.1793],[32490290.9659,5909154.6618],[32490276.2223,5909197.1451],[32490230.2417,5909272.116],[32490206.0021,5909324.0956],[32490186.0108,5909380.0737],[32490174.0163,5909431.5534],[32490172.2677,5909481.5336],[32490178.0162,5909534.5124],[32490188.2628,5909583.9926],[32490200.5085,5909623.9765],[32490217.2522,5909652.9648],[32490241.9927,5909674.4559],[32490272.4808,5909690.4491],[32490306.2176,5909703.4434],[32490341.4536,5909708.4409],[32490379.6883,5909701.4432],[32490421.9213,5909685.4489],[32490470.1518,5909662.9572],[32490527.3785,5909627.4704],[32490588.8534,5909580.988],[32490683.5647,5909504.0173],[32490712.3031,5909495.0204],[32490744.0406,5909502.517],[32490817.5119,5909536.0026],[32490851.9985,5909557.4936],[32490885.2357,5909592.979],[32490915.4743,5909636.4613],[32490940.9648,5909680.4434],[32490960.2078,5909726.9247],[32490973.9531,5909777.4044],[32490993.9464,5909870.867],[32491018.6878,5909958.8316],[32491029.1843,5910005.313],[32491032.6835,5910047.2963],[32491024.9371,5910081.2829],[32491014.3586,5910096.7222],[32491006.4448,5910108.2724],[32490980.4554,5910130.264],[32490949.7179,5910149.2569],[32490914.9819,5910161.2527],[32490875.4976,5910163.2525],[32490789.2818,5910152.7579],[32490722.3081,5910128.2686],[32490688.0715,5910118.273],[32490619.3488,5910111.2768],[32490540.1301,5910099.7825],[32490508.8925,5910098.2836],[32490473.4067,5910102.2825],[32490445.418,5910112.7787],[32490421.6776,5910126.2737],[32490397.9372,5910137.2697],[32490373.447,5910138.7694],[32490348.4568,5910129.7734],[32490320.9675,5910113.2803],[32490288.73,5910091.2895],[32490259.4913,5910070.2983],[32490232.5017,5910047.3078],[32490207.7612,5910021.8183],[32490184.5201,5909994.3295],[32490155.5315,5909990.3316],[32490109.1508,5909987.3621],[32490054.0718,5909983.8356],[32490015.3371,5909977.3387],[32489978.8514,5909965.344],[32489942.3657,5909949.3509],[32489902.3813,5909928.8596],[32489875.642,5909930.3594],[32489856.6497,5909939.3561],[32489845.4044,5909955.8497],[32489842.4059,5909980.34],[32489848.7194,5910026.9574],[32489855.4021,5910076.3017],[32489854.9027,5910107.2894],[32489948.6159,5910138.7755],[32490038.3307,5910170.7615],[32490070.568,5910183.7559],[32490102.0557,5910199.2493],[32490133.0437,5910217.2417],[32490163.5318,5910237.7331],[32490181.7747,5910247.2291],[32490198.5181,5910253.7262],[32490216.2611,5910257.7244],[32490263.4924,5910263.2215],[32490290.2319,5910268.2192],[32490312.7231,5910279.7143],[32490325.736,5910301.2869],[32490335.3568,5910346.7456],[32490348.4607,5910408.6625],[32490359.207,5910451.1455],[32490380.1992,5910485.6314],[32490414.6858,5910507.6222],[32490455.9195,5910519.117],[32490515.5037,5910524.0231],[32490583.369,5910529.611],[32490627.3516,5910539.1066],[32490701.0728,5910570.5931],[32490737.5583,5910578.0896],[32490775.7931,5910577.0894],[32490815.7771,5910569.092],[32490854.7615,5910557.596],[32490888.4979,5910544.6007],[32490896.532,5910538.9918],[32490914.9871,5910526.1077],[32490932.2298,5910496.6191],[32490946.2238,5910463.632],[32490962.9667,5910434.1435],[32490999.2015,5910380.1644],[32491021.4423,5910357.1733],[32491050.9304,5910340.6794],[32491082.6676,5910330.6829],[32491128.0722,5910327.1534],[32491179.1292,5910323.1845],[32491219.6129,5910315.6869],[32491243.2331,5910308.4188],[32491261.846,5910302.6915],[32491314.3248,5910278.2004],[32491378.7986,5910241.714],[32491443.0225,5910201.729],[32491494.7514,5910167.2419],[32491550.229,5910141.7513],[32491625.6988,5910124.2571],[32491702.5357,5910113.9486],[32491782.1363,5910108.761],[32491844.1117,5910112.7585],[32491897.8405,5910125.2528],[32491943.0728,5910142.7452],[32491979.5586,5910161.7371],[32492003.5493,5910178.73],[32492014.0453,5910194.7235],[32492013.046,5910214.2158],[32491991.3055,5910272.6928],[32491986.5578,5910303.6806],[32491987.058,5910333.1689],[32491991.8065,5910361.1577],[32492000.0536,5910387.1472],[32492011.5494,5910411.1375],[32492025.794,5910429.1302],[32492043.0372,5910438.6261],[32492062.2795,5910431.6286],[32492082.5211,5910408.1377],[32492120.5051,5910341.6636],[32492142.7458,5910316.1734],[32492171.984,5910301.6787],[32492202.7217,5910295.6806],[32492229.9609,5910295.6803],[32492250.7027,5910304.1766],[32492278.3368,5910335.3402],[32492307.4311,5910368.1503],[32492332.6713,5910385.1432],[32492358.1613,5910392.6399],[32492384.4008,5910393.6391],[32492438.1294,5910388.1405],[32492461.6201,5910388.64],[32492479.1132,5910394.6373],[32492489.1094,5910408.6316],[32492491.6087,5910427.624],[32492489.11,5910448.1159],[32492481.1135,5910470.6071],[32492467.8691,5910496.597],[32492448.1273,5910522.0871],[32492400.8968,5910569.0691],[32492385.1534,5910597.0582],[32492377.1571,5910629.5454],[32492375.908,5910662.0325],[32492384.5142,5910695.2781],[32492400.8989,5910722.5081],[32492424.8897,5910742.4998],[32492448.8802,5910749.9965],[32492473.8703,5910748.9966],[32492532.3468,5910736.5007],[32492572.5808,5910730.0027],[32492612.5648,5910726.5035],[32492644.3022,5910729.5018],[32492694.0327,5910744.995],[32492719.5226,5910750.9922],[32492746.5119,5910752.4912],[32492774.5007,5910747.4928],[32492800.99,5910734.4976],[32492823.2308,5910713.5056],[32492838.2245,5910683.5173],[32492851.4687,5910651.03],[32492870.4607,5910620.5419],[32492895.2005,5910591.0532],[32492926.4376,5910560.0651],[32492968.4205,5910530.5762],[32493001.6569,5910502.087],[32493026.3966,5910472.0986],[32493042.6397,5910438.6117],[32493060.1323,5910408.1235],[32493085.8718,5910387.6313],[32493115.6098,5910377.6349],[32493145.0981,5910376.6348],[32493167.0895,5910387.6301],[32493183.3333,5910405.6228],[32493193.5795,5910427.1141],[32493197.8281,5910449.1053],[32493201.5773,5910492.5879],[32493207.0754,5910517.0781],[32493217.3217,5910544.0672],[32493230.8167,5910571.0563],[32493246.061,5910593.0474],[32493265.0537,5910611.5397],[32493289.5442,5910627.0332],[32493316.0338,5910636.0293],[32493340.7739,5910635.0293],[32493342.5924,5910634.2862],[32493364.0145,5910625.5327],[32493386.5054,5910609.5388],[32493430.4872,5910564.556],[32493453.2279,5910545.0634],[32493478.2179,5910535.5668],[32493503.1071,5910538.6776],[32493534.9455,5910552.5593],[32493559.686,5910572.0511],[32493576.9294,5910593.5424],[32493588.4251,5910612.0348],[32493602.1698,5910624.0299],[32493621.6622,5910630.527],[32493695.133,5910632.0253],[32493749.6114,5910640.5212],[32493805.0895,5910652.5156],[32493852.071,5910666.0096],[32493890.3059,5910669.0078],[32493924.792,5910656.0125],[32493953.2803,5910631.022],[32493980.0436,5910591.6999],[32493991.5143,5910575.5435],[32494013.7553,5910562.0485],[32494040.7445,5910557.0501],[32494072.4818,5910556.5499],[32494098.7218,5910583.5388],[32494130.2096,5910611.5272],[32494170.1941,5910635.0173],[32494222.1736,5910650.0105],[32494229.0181,5910650.4371],[32494252.1323,5910651.8776],[32494273.0639,5910651.0447],[32494312.1055,5910653.4371],[32494352.3919,5910661.8295],[32494385.9639,5910672.7399],[32494404.4286,5910687.0077],[32494419.5362,5910706.3113],[32494424.5724,5910736.5259],[32494422.8942,5910765.062],[32494411.1446,5910799.4733],[32494394.359,5910825.4918],[32494374.2161,5910841.4387],[32494352.3961,5910853.0468]]],[[[32499929.2066,5914355.1628],[32499923.1857,5914357.3772],[32499913.3509,5914368.6299],[32499896.7402,5914396.5527],[32499886.0123,5914420.8684],[32499879.3136,5914443.8981],[32499876.0661,5914467.5691],[32499876.0193,5914506.6471],[32499877.4448,5914536.602],[32499879.8728,5914553.4545],[32499880.4368,5914557.1125],[32499880.8447,5914560.0835],[32499881.2558,5914563.0541],[32499884.188,5914580.9608],[32499898.7191,5914676.5506],[32499900.389,5914687.5359],[32499902.9159,5914712.0071],[32499904.4001,5914726.3805],[32499904.926,5914731.4731],[32499905.6283,5914738.2743],[32499906.8737,5914763.1343],[32499907.8086,5914781.7975],[32499908.0281,5914786.1783],[32499908.0645,5914798.4353],[32499908.1586,5914830.1515],[32499908.1796,5914837.2211],[32499907.5346,5914848.3877],[32499905.8883,5914876.8884],[32499905.241,5914888.0935],[32499903.7183,5914901.8393],[32499900.555,5914930.3954],[32499899.2843,5914941.8659],[32499897.5149,5914951.8243],[32499893.5667,5914974.0457],[32499890.9086,5914989.006],[32499888.1824,5914996.8886],[32499878.684,5915024.353],[32499873.808,5915038.4518],[32499873.2247,5915040.0856],[32499872.2377,5915042.9223],[32499871.2786,5915045.7654],[32499852.7474,5915092.6629],[32499833.7554,5915122.1514],[32499808.0161,5915152.1399],[32499745.5418,5915212.6168],[32499721.3019,5915246.1038],[32499703.0596,5915278.5912],[32499679.3198,5915331.5705],[32499667.3249,5915354.0617],[32499651.5814,5915370.5554],[32499647.8127,5915372.0454],[32499630.09,5915379.0523],[32499605.1,5915379.0527],[32499581.3593,5915372.5556],[32499559.8677,5915358.5615],[32499541.8745,5915334.5713],[32499529.3789,5915298.5858],[32499523.1308,5915252.6041],[32499521.8805,5915201.6244],[32499524.3788,5915151.6442],[32499522.6288,5915097.6657],[32499511.6323,5915036.1903],[32499495.138,5914975.7146],[32499476.6446,5914923.7355],[32499447.5236,5914875.2674],[32499406.7869,5914846.1706],[32499331.1336,5914822.8939],[32499249.6609,5914807.3765],[32499174.0078,5914803.498],[32499121.6325,5914787.9802],[32498985.8437,5914696.8106],[32498947.0471,5914689.0519],[32498914.0702,5914689.0524],[32498865.575,5914710.3911],[32498802.5956,5914750.0254],[32498772.4643,5914758.888],[32498734.8481,5914758.1154],[32498704.5706,5914753.0695],[32498623.0975,5914718.1539],[32498549.3839,5914689.0577],[32498432.8062,5914675.3495],[32498382.3262,5914672.8512],[32498277.3678,5914662.3569],[32498239.2014,5914658.5828],[32498190.1523,5914650.363],[32498150.168,5914637.3687],[32498115.4316,5914620.376],[32498071.4486,5914585.3905],[32498050.7067,5914576.8942],[32498029.2152,5914574.3955],[32498007.9737,5914576.8948],[32497911.7623,5914598.3877],[32497870.2788,5914601.3871],[32497836.2918,5914561.9033],[32497813.8001,5914522.4193],[32497798.8055,5914482.9352],[32497777.945,5914409.1998],[32497755.8205,5914330.9962],[32497734.8279,5914264.0231],[32497713.3356,5914204.5471],[32497682.8468,5914142.0724],[32497638.1135,5914064.6038],[32497607.0665,5914017.3662],[32497585.8832,5913985.1361],[32497533.6529,5913915.6645],[32497468.178,5913843.6941],[32497383.9603,5913761.7279],[32497298.7431,5913685.2595],[32497230.2696,5913631.7817],[32497177.2901,5913596.7964],[32497127.0597,5913567.3089],[32497093.341,5913550.8166],[32497081.0777,5913544.8185],[32497039.8439,5913531.3244],[32496998.3603,5913527.3266],[32496952.8784,5913530.8259],[32496867.1627,5913545.3214],[32496839.6738,5913554.3182],[32496811.9351,5913574.8105],[32496787.6951,5913600.3007],[32496755.9584,5913645.2833],[32496739.7151,5913661.777],[32496723.3256,5913668.0636],[32496721.4724,5913668.7745],[32496701.4803,5913661.7775],[32496690.2344,5913640.2862],[32496695.232,5913609.7983],[32496710.7254,5913575.3118],[32496750.2087,5913504.8392],[32496764.7024,5913468.8533],[32496774.6979,5913429.8686],[32496780.6949,5913388.385],[32496779.6947,5913348.9007],[32496769.4484,5913316.4138],[32496751.705,5913289.4248],[32496731.1626,5913269.7389],[32496624.7418,5913188.8128],[32496525.0427,5913112.9982],[32496484.0584,5913076.5133],[32496452.3206,5913040.5281],[32496431.8282,5913007.5415],[32496424.5807,5912981.0521],[32496417.583,5912942.0677],[32496400.8391,5912907.5816],[32496375.8487,5912877.5939],[32496345.1105,5912852.1045],[32496311.1237,5912827.1149],[32496276.067,5912795.8822],[32496246.6484,5912761.6419],[32496223.657,5912721.6581],[32496212.6606,5912671.6781],[32496212.9097,5912610.7024],[32496223.6535,5912478.2548],[32496219.9042,5912420.2779],[32496205.6592,5912374.2964],[32496184.6671,5912340.81],[32496160.1766,5912321.3181],[32496114.1946,5912306.8246],[32496063.2147,5912295.3299],[32496013.9841,5912281.8359],[32495973.2501,5912263.3439],[32495955.7158,5912250.3059],[32495934.2652,5912234.356],[32495889.2825,5912194.8723],[32495842.5504,5912149.8909],[32495798.5673,5912102.9102],[32495716.0987,5912003.9507],[32495671.1159,5911959.4691],[32495620.6355,5911926.4829],[32495569.1558,5911910.49],[32495521.4247,5911906.9921],[32495419.4654,5911914.4906],[32495368.9855,5911919.9891],[32495321.5046,5911932.4849],[32495277.5223,5911950.9782],[32495237.7884,5911972.4702],[32495202.3026,5911978.4683],[32495184.5596,5911973.4706],[32495170.8148,5911956.4775],[32495167.3159,5911932.9869],[32495174.3128,5911909.996],[32495186.8075,5911884.0061],[32495199.0521,5911852.5184],[32495209.0474,5911801.5385],[32495199.5506,5911755.0572],[32495178.8082,5911714.0737],[32495155.0672,5911679.5878],[32495127.0779,5911649.6001],[32495091.0918,5911622.6114],[32495051.8571,5911601.1205],[32495013.872,5911588.1262],[32494979.8854,5911578.6305],[32494948.3977,5911564.6365],[32494918.6593,5911546.6441],[32494890.6701,5911522.654],[32494866.4293,5911493.6659],[32494830.943,5911464.6779],[32494790.2089,5911437.1894],[32494716.9874,5911394.2076],[32494687.7486,5911368.2183],[32494666.5066,5911335.7316],[32494656.0102,5911297.247],[32494653.0107,5911248.2665],[32494652.0103,5911190.7894],[32494654.5085,5911134.3118],[32494661.2552,5911087.3304],[32494673.9995,5911045.3469],[32494693.2412,5911000.3645],[32494718.2307,5910954.3824],[32494747.7183,5910909.3998],[32494822.9369,5910806.4396],[32494845.7052,5910777.8461],[32494865.9191,5910752.4605],[32494961.3797,5910651.4992],[32495114.6896,5910485.2162],[32495177.0406,5910417.589],[32495216.7741,5910365.6091],[32495250.0101,5910311.1303],[32495273.2501,5910256.6516],[32495286.494,5910199.1742],[32495291.9909,5910135.6994],[32495289.7409,5910072.2246],[32495280.2439,5910013.748],[32495265.2491,5909961.2691],[32495230.7614,5909859.3101],[32495215.0168,5909803.8324],[32495168.7828,5909635.8998],[32495143.8672,5909529.4147],[32495132.0449,5909454.4724],[32495127.2958,5909385.0001],[32495280.7127,5909335.2004],[32495323.3918,5909544.7005],[32495354.4307,5909676.6079],[32495433.9667,5909915.2048],[32495536.7768,5909886.106],[32495517.3774,5909802.6939],[32495482.4609,5909812.3935],[32495459.1819,5909736.7408],[32495497.9781,5909721.2217],[32495470.8193,5909630.0505],[32495400.9835,5909469.0464],[32495356.3659,5909344.8984],[32495327.2673,5909255.6671],[32495305.7247,5909134.2296],[32495314.7177,5909136.5961],[32495353.9525,5909158.5868],[32495388.9389,5909185.5756],[32495414.1792,5909211.0651],[32495438.17,5909231.0568],[32495469.1578,5909241.0523],[32495501.6448,5909237.0535],[32495530.633,5909213.0626],[32495561.1201,5909159.0836],[32495634.8387,5909010.6415],[32495664.5761,5908961.1607],[32495694.5637,5908928.1734],[32495734.7973,5908893.6865],[32495752.6896,5908880.796],[32495781.2783,5908860.1991],[32495878.7387,5908798.7221],[32495922.9705,5908759.2372],[32495957.7061,5908714.7544],[32495978.4472,5908668.2725],[32496003.9355,5908558.3159],[32496022.1773,5908493.3414],[32496047.1664,5908424.8683],[32496093.8966,5908338.9017],[32496124.3931,5908297.4252],[32496185.8583,5908218.4483],[32496207.5991,5908177.964],[32496211.0677,5908136.3333],[32496211.8467,5908126.9842],[32496209.347,5908078.0037],[32496201.5995,5908037.0201],[32496189.8538,5908009.0314],[32496174.3597,5907994.0376],[32496155.6171,5907989.5397],[32496135.3752,5907994.0382],[32496115.8832,5908007.0333],[32496099.1401,5908028.525],[32496067.9034,5908086.0026],[32496047.162,5908112.9922],[32495998.1822,5908162.4733],[32495978.6903,5908187.4636],[32495959.1986,5908230.4468],[32495944.7047,5908249.9393],[32495924.463,5908267.9324],[32495898.9734,5908285.4258],[32495870.4849,5908303.4191],[32495840.4971,5908319.913],[32495808.2601,5908331.9087],[32495773.7739,5908336.9072],[32495739.0377,5908337.4075],[32495706.3008,5908341.4064],[32495675.5631,5908350.9031],[32495646.8248,5908368.3966],[32495624.3341,5908393.8868],[32495608.8407,5908422.8755],[32495595.5964,5908452.3639],[32495579.853,5908479.3534],[32495553.3639,5908506.8429],[32495516.1291,5908534.8323],[32495476.1454,5908558.8234],[32495440.6597,5908572.8183],[32495410.422,5908590.3118],[32495383.1832,5908621.2999],[32495361.9422,5908657.2859],[32495350.6971,5908689.2734],[32495338.9521,5908714.2636],[32495318.9604,5908735.2555],[32495297.7191,5908754.2483],[32495269.2309,5908788.2352],[32495251.2382,5908800.2307],[32495227.2479,5908807.2283],[32495195.5105,5908809.2279],[32495158.5252,5908808.2289],[32495120.0405,5908804.231],[32495081.8056,5908796.7346],[32495045.5698,5908784.7399],[32495024.578,5908772.2451],[32495006.3351,5908764.2486],[32494986.8428,5908761.7499],[32494937.8624,5908768.7478],[32494918.8699,5908765.2495],[32494907.1244,5908753.2544],[32494902.8758,5908731.763],[32494905.1244,5908697.2767],[32494925.864,5908542.8378],[32494930.1116,5908489.3589],[32494929.3611,5908434.8806],[32494921.8633,5908379.9026],[32494906.3687,5908324.4248],[32494882.8773,5908272.4458],[32494854.1381,5908227.9639],[32494822.4002,5908191.4789],[32494789.9127,5908161.9911],[32494758.9247,5908142.4993],[32494726.6874,5908131.5041],[32494689.7021,5908127.0065],[32494382.8241,5908130.5095],[32494359.8333,5908132.0093],[32494340.5909,5908130.0104],[32494294.609,5908116.5164],[32494250.3759,5908066.0371],[32494211.6403,5907993.5665],[32494180.9014,5907916.5975],[32494142.9149,5907803.6429],[32494119.4236,5907754.6628],[32494089.4349,5907708.6815],[32494052.9488,5907668.6979],[32494010.7151,5907632.7128],[32493963.9832,5907600.2264],[32493913.253,5907571.7385],[32493806.045,5907524.2589],[32493772.6407,5907501.1609],[32493759.0632,5907491.7725],[32493719.0786,5907454.288],[32493688.0903,5907412.8049],[32493665.3488,5907370.3221],[32493649.1046,5907326.8396],[32493624.6131,5907238.3752],[32493605.1203,5907199.8907],[32493599.8302,5907195.1423],[32493573.3825,5907171.4025],[32493533.648,5907150.4114],[32493452.18,5907117.4257],[32493411.446,5907105.9309],[32493372.2115,5907098.9343],[32493300.9898,5907093.4375],[32493240.3983,5907092.7796],[32493201.7792,5907093.9387],[32493160.7956,5907100.9365],[32493125.06,5907115.4313],[32493043.8429,5907156.916],[32493002.1098,5907176.4088],[32492954.6291,5907204.8982],[32492913.6455,5907211.896],[32492882.4078,5907204.8993],[32492858.1672,5907185.9072],[32492838.1747,5907157.4188],[32492846.1711,5907124.9316],[32492865.9128,5907095.9428],[32492891.6522,5907069.453],[32492921.448,5907042.4463],[32492958.3748,5907008.976],[32492971.8691,5906986.9846],[32492979.1158,5906954.4974],[32492977.366,5906917.5121],[32492964.3707,5906886.5246],[32492941.1296,5906861.5349],[32492870.4072,5906821.5518],[32492831.4222,5906789.5651],[32492762.1988,5906720.0937],[32492731.9604,5906693.6047],[32492701.2224,5906677.1117],[32492672.7337,5906671.1145],[32492649.493,5906677.6122],[32492623.0036,5906682.6106],[32492585.5184,5906675.6139],[32492492.555,5906651.125],[32492419.0841,5906640.6303],[32492388.0965,5906643.1297],[32492354.1455,5906659.647],[32492358.9748,5906666.0353],[32492360.5516,5906671.8595],[32492359.823,5906680.8934],[32492355.1195,5906688.4438],[32492334.6409,5906700.8786],[32492299.1556,5906717.0465],[32492264.2832,5906725.7459],[32492210.6577,5906731.7966],[32492201.6826,5906731.0653],[32492196.3164,5906728.5084],[32492194.96,5906719.6988],[32492184.1737,5906725.4654],[32492152.6305,5906742.3292],[32492127.0523,5906757.9405],[32492092.5788,5906781.9307],[32492077.0138,5906794.23],[32492052.564,5906813.5499],[32492037.0439,5906822.9008],[32492025.7992,5906826.6983],[32492013.6403,5906826.419],[32492005.2551,5906823.3061],[32491995.8426,5906815.8134],[32491990.618,5906808.4077],[32491982.8866,5906792.1316],[32491975.135,5906763.2039],[32491964.1538,5906675.4111],[32491962.3799,5906648.4406],[32491962.9355,5906630.4791],[32491966.5144,5906609.7116],[32491974.9233,5906590.5753],[32491987.5152,5906570.0469],[32491992.4142,5906563.3429],[32492019.3591,5906526.4703],[32492027.662,5906507.1371],[32492033.5604,5906483.8417],[32492035.6213,5906462.7992],[32492034.1069,5906441.9147],[32492028.0419,5906421.6943],[32492020.5139,5906408.701],[32492008.023,5906395.7136],[32491991.1438,5906382.9401],[32491969.7976,5906372.296],[32491940.2287,5906366.787],[32491919.4295,5906369.6121],[32491877.1675,5906385.0296],[32491865.7953,5906389.1782],[32491845.3899,5906393.6426],[32491815.3702,5906394.5286],[32491804.2284,5906389.8175],[32491795.3283,5906382.004],[32491787.9093,5906368.814],[32491776.5854,5906341.2586],[32491772.8366,5906320.267],[32491777.3345,5906299.2753],[32491792.5781,5906273.7852],[32491805.5725,5906245.7961],[32491804.5726,5906218.8069],[32491792.0771,5906191.8178],[32491771.335,5906164.329],[32491747.0944,5906147.3361],[32491716.8563,5906134.8415],[32491681.8701,5906126.8452],[32491602.4015,5906117.8499],[32491564.9163,5906110.3534],[32491532.4291,5906100.8577],[32491506.9391,5906090.3622],[32491475.7012,5906069.8708],[32491404.9785,5906008.3963],[32491372.9908,5905979.4083],[32491340.5033,5905948.4211],[32491311.5144,5905914.9348],[32491287.7733,5905881.9482],[32491272.529,5905850.9608],[32491257.7845,5905825.9709],[32491237.0425,5905810.4774],[32491213.052,5905803.4805],[32491189.5613,5905804.9803],[32491163.3219,5905815.4765],[32491133.584,5905834.4693],[32491113.8172,5905851.2093],[32491082.4727,5905891.4084],[32491051.4564,5905924.0339],[32491037.1139,5905934.7926],[32491017.2696,5905943.7103],[32490991.593,5905949.1359],[32490967.6285,5905948.0127],[32490944.6487,5905941.1975],[32490929.4198,5905931.8389],[32490924.2217,5905928.6446],[32490904.625,5905920.9895],[32490889.9726,5905918.2755],[32490865.8762,5905918.6183],[32490845.101,5905921.7602],[32490831.1947,5905927.2999],[32490815.9661,5905941.7809],[32490806.9656,5905954.9262],[32490785.3408,5906050.0171],[32490769.0472,5906121.6652],[32490756.205,5906167.819],[32490748.6297,5906184.2599],[32490738.8926,5906199.2803],[32490725.0376,5906210.9348],[32490719.5412,5906213.3004],[32490711.7571,5906213.8247],[32490691.7951,5906207.112],[32490678.9534,5906194.6962],[32490663.8239,5906168.7741],[32490648.3211,5906129.2687],[32490625.2893,5906056.8883],[32490614.7927,5906002.9099],[32490609.2943,5905959.9271],[32490607.2946,5905924.941],[32490609.7928,5905865.9644],[32490614.2906,5905837.9755],[32490623.5365,5905808.4871],[32490661.7703,5905736.5151],[32490713.4982,5905628.5573],[32490725.2431,5905600.5682],[32490731.7401,5905567.5813],[32490733.9887,5905531.5955],[32490732.9885,5905494.6102],[32490696.6918,5905488.8564],[32490692.0047,5905488.1134],[32490646.7727,5905485.1153],[32490597.7922,5905485.6158],[32490532.2137,5905490.8633],[32490494.5834,5905495.6133],[32490449.1016,5905506.1098],[32490412.6163,5905521.6041],[32490389.126,5905544.0955],[32490371.6333,5905569.5857],[32490351.6415,5905590.0778],[32490329.6504,5905601.5736],[32490306.1598,5905600.5743],[32490283.6685,5905585.0808],[32490262.6765,5905559.5912],[32490217.9433,5905487.6205],[32490191.2034,5905450.1358],[32490162.2144,5905417.6491],[32490105.2364,5905364.1712],[32490082.495,5905339.1814],[32490065.7513,5905313.192],[32490054.3431,5905286.7258],[32490043.5093,5905251.2169],[32490032.7631,5905216.231],[32490017.5187,5905184.2439],[32489994.7774,5905156.7552],[32489962.29,5905136.7636],[32489818.3465,5905084.7863],[32489780.8612,5905067.7936],[32489755.8709,5905051.3005],[32489737.8778,5905032.3083],[32489724.6327,5905009.3177],[32489713.6367,5904979.8295],[32489711.0057,5904971.6333],[32489700.6413,5904939.3458],[32489682.148,5904891.3651],[32489658.9065,5904843.3845],[32489630.9171,5904805.4],[32489596.1805,5904775.4125],[32489553.9469,5904747.924],[32489506.2156,5904724.434],[32489447.7222,5904704.614],[32489341.2805,5904674.4562],[32489285.5523,5904652.4658],[32489235.8217,5904623.478],[32489197.3366,5904591.4913],[32489169.847,5904559.0046],[32489151.6572,5904527.231],[32489135.3597,5904484.5347],[32489107.3695,5904393.0714],[32489087.6267,5904344.591],[32489059.6371,5904294.1114],[32489023.1509,5904244.6316],[32488979.4177,5904199.6501],[32488927.6877,5904159.167],[32488867.4611,5904122.6823],[32488838.4722,5904089.6959],[32488810.9826,5904051.2115],[32488785.9919,5904005.2302],[32488765.2493,5903948.2531],[32488748.5051,5903887.2776],[32488735.7594,5903830.8002],[32488726.7622,5903777.3216],[32488715.0155,5903674.8625],[32488698.0209,5903577.4015],[32488692.7724,5903537.4174],[32488691.2723,5903491.4357],[32488692.0214,5903443.4548],[32488695.2694,5903398.9724],[32488701.7663,5903362.9866],[32488712.0119,5903337.4966],[32488726.7558,5903320.0033],[32488744.7485,5903309.0074],[32488765.2402,5903301.0103],[32488746.747,5903259.0273],[32488722.756,5903223.0419],[32488696.2661,5903192.5544],[32488647.5348,5903144.0744],[32488630.5412,5903118.5848],[32488617.546,5903088.5969],[32488608.2992,5903052.6113],[32488605.2913,5903002.1774],[32488608.2978,5902959.6482],[32488624.0401,5902853.1903],[32488627.5379,5902799.7115],[32488623.7887,5902746.2328],[32488619.1839,5902715.729],[32488606.5441,5902641.7746],[32488600.2957,5902582.7981],[32488599.0452,5902511.8263],[32488601.0425,5902375.3805],[32488598.0429,5902322.9014],[32488590.2954,5902276.42],[32488567.5532,5902191.9539],[32488544.0619,5902142.4739],[32488508.3253,5902086.9965],[32488468.0906,5902034.5179],[32488458.9968,5902024.1074],[32488431.8544,5901993.0349],[32488394.1189,5901957.5495],[32488347.387,5901920.5649],[32488297.1564,5901884.0802],[32488248.4254,5901852.0936],[32488220.1863,5901834.1011],[32488197.4451,5901814.6092],[32488180.9513,5901791.1188],[32488172.7042,5901763.6298],[32488172.4539,5901733.1419],[32488178.9509,5901703.1538],[32488190.4459,5901673.1655],[32488206.1892,5901643.677],[32488226.4309,5901621.6854],[32488250.1712,5901609.1901],[32488274.1616,5901599.6935],[32488294.4033,5901587.1982],[32488360.3234,5901529.3454],[32488392.863,5901503.2301],[32488430.0978,5901478.2395],[32488458.8361,5901454.7484],[32488478.078,5901425.2599],[32488491.5722,5901391.2732],[32488502.3174,5901352.7883],[32488522.5583,5901279.817],[32488530.5547,5901254.327],[32488540.8003,5901229.3368],[32488553.7948,5901207.8452],[32488571.0377,5901186.3534],[32488627.2645,5901126.8763],[32488689.7937,5901054.9687],[32488754.4618,5900980.9324],[32488785.9488,5900942.4472],[32488809.2632,5900904.9893],[32488819.1847,5900878.972],[32488817.9348,5900855.4813],[32488801.1913,5900843.4863],[32488770.2036,5900843.9866],[32488730.9694,5900852.4838],[32488689.2362,5900866.4788],[32488648.7524,5900877.4751],[32488607.5189,5900882.9735],[32488562.5368,5900883.9737],[32488511.3071,5900880.4759],[32488462.8263,5900870.4805],[32488426.8403,5900852.4882],[32488400.3505,5900828.9979],[32488356.3671,5900767.523],[32488282.8951,5900681.0584],[32488246.6589,5900631.5786],[32488222.9177,5900588.596],[32488203.6748,5900546.613],[32488191.4291,5900506.1293],[32488188.4297,5900467.6446],[32488196.6759,5900432.1586],[32488213.9186,5900399.1714],[32488237.4088,5900367.1838],[32488288.3877,5900308.2065],[32488304.6309,5900284.7156],[32488312.6273,5900257.2264],[32488311.8771,5900219.2415],[32488305.1957,5900162.6519],[32488281.8852,5899947.8498],[32488273.388,5899904.867],[32488261.1423,5899866.8823],[32488244.8983,5899834.8952],[32488226.4053,5899810.905],[32488207.6626,5899795.9113],[32488188.67,5899787.4149],[32488150.4351,5899778.419],[32488134.1914,5899768.4233],[32488131.1315,5899765.5244],[32488119.9469,5899754.9288],[32488107.4516,5899737.9358],[32488092.4574,5899722.9419],[32488071.9654,5899713.9458],[32488047.2252,5899709.9478],[32487991.7472,5899707.9494],[32487968.7562,5899700.4527],[32487952.0127,5899685.4589],[32487943.5157,5899661.9683],[32487945.5146,5899640.9766],[32487957.0099,5899630.4806],[32487974.7528,5899626.9818],[32487994.495,5899626.4817],[32488017.7357,5899622.4829],[32488043.9751,5899609.9875],[32488067.4654,5899587.9959],[32488082.7089,5899556.0084],[32488093.2042,5899517.0238],[32488102.9497,5899476.0399],[32488107.4474,5899436.0557],[32488102.199,5899401.0697],[32488087.4545,5899378.5789],[32488068.9617,5899370.5823],[32488048.4699,5899371.0824],[32488008.4859,5899376.5808],[32487990.2431,5899373.5823],[32487975.2489,5899361.0874],[32487964.5028,5899334.0983],[32487958.2547,5899297.1131],[32487956.255,5899259.1282],[32487960.003,5899223.1425],[32487983.7427,5899161.1668],[32487987.7406,5899130.179],[32487982.7422,5899098.1918],[32487967.9976,5899066.2047],[32487951.0039,5899036.2169],[32487941.7572,5899008.7279],[32487943.5061,5898979.2396],[32487949.851,5898965.1394],[32487955.7234,5898952.089],[32487959.2494,5898944.2533],[32487977.2277,5898925.9344],[32488004.5414,5898910.615],[32488016.4526,5898903.9344],[32488051.2907,5898880.1393],[32488065.2326,5898864.509],[32488074.082,5898845.3112],[32488075.5239,5898821.5791],[32488075.2351,5898817.3982],[32488073.7493,5898795.8924],[32488073.2118,5898788.1116],[32488069.9807,5898773.5703],[32488056.2592,5898750.6383],[32488027.3286,5898713.7979],[32488022.576,5898707.7459],[32488016.5555,5898694.4289],[32488014.1474,5898676.2812],[32488015.1792,5898661.3914],[32488019.993,5898647.0091],[32488029.1537,5898631.3867],[32488046.96,5898615.6042],[32488064.3488,5898603.7011],[32488108.9911,5898573.1421],[32488124.9543,5898555.3217],[32488141.8862,5898530.4899],[32488152.4727,5898508.4994],[32488154.9153,5898503.4257],[32488156.7406,5898498.5011],[32488167.4318,5898469.6556],[32488178.1169,5898425.9465],[32488185.517,5898386.1004],[32488190.3124,5898327.8801],[32488191.744,5898201.8724],[32488186.8119,5898136.1415],[32488173.4398,5898028.9253],[32488165.2509,5897975.513],[32488155.4013,5897934.8043],[32488136.6727,5897880.887],[32488113.0006,5897825.7463],[32488087.5564,5897778.1653],[32488059.8609,5897738.9439],[32488020.9572,5897697.7478],[32488011.1772,5897689.3963],[32487982.0523,5897664.5255],[32487961.8532,5897651.9475],[32487939.4853,5897642.7477],[32487916.2846,5897636.8548],[32487889.4592,5897634.8122],[32487880.2057,5897634.1076],[32487862.6059,5897630.88],[32487839.8211,5897622.4299],[32487822.6224,5897610.8567],[32487810.4171,5897597.2811],[32487800.8744,5897582.0503],[32487788.0786,5897551.7018],[32487782.1917,5897537.7397],[32487766.5729,5897506.771],[32487760.5828,5897494.8941],[32487759.999,5897493.6912],[32487742.1203,5897452.3771],[32487728.3763,5897420.6176],[32487677.0886,5897318.9033],[32487665.3424,5897257.9277],[32487644.8498,5897201.4505],[32487618.6095,5897152.4703],[32487588.8708,5897113.9861],[32487551.8851,5897085.4979],[32487505.9031,5897062.5077],[32487458.4217,5897045.0154],[32487416.1883,5897033.0208],[32487405.692,5897001.5334],[32487388.1986,5896973.045],[32487364.4577,5896948.5551],[32487308.9792,5896910.0712],[32487293.4851,5896889.5795],[32487286.7375,5896869.0878],[32487287.4869,5896851.5947],[32487295.2336,5896837.1004],[32487307.4786,5896824.1054],[32487319.4736,5896807.6117],[32487326.2206,5896784.6208],[32487322.4716,5896753.6331],[32487308.7266,5896717.6476],[32487269.741,5896639.6792],[32487258.7448,5896603.1939],[32487259.7439,5896568.2078],[32487278.7353,5896490.2385],[32487284.2326,5896452.7533],[32487280.2338,5896428.7629],[32487267.9885,5896414.7686],[32487248.746,5896407.2719],[32487226.2554,5896437.2603],[32487196.7675,5896462.7506],[32487172.4521,5896472.9533],[32487161.0319,5896477.7451],[32487120.0482,5896475.7465],[32487110.3251,5896470.7103],[32487085.3117,5896457.7542],[32487064.8195,5896428.766],[32487053.0736,5896392.7805],[32487044.0766,5896352.2967],[32486998.595,5896370.2902],[32486951.3639,5896378.2877],[32486908.1642,5896378.2883],[32486862.649,5896370.2922],[32486820.4155,5896349.8009],[32486767.3133,5896308.6613],[32486733.9489,5896278.8304],[32486696.7132,5896241.3458],[32486647.232,5896185.3688],[32486499.4438,5896007.9746],[32486472.7984,5895974.955],[32486462.2717,5895948.4105],[32486461.3026,5895945.9667],[32486464.5508,5895911.4803],[32486490.5393,5895830.5121],[32486539.5195,5895806.5209],[32486596.2468,5895794.5249],[32486666.9488,5895790.3563],[32486731.1931,5895791.0243],[32486834.4022,5895804.0176],[32486872.8869,5895803.5173],[32486905.3739,5895793.021],[32486933.1126,5895773.0285],[32486957.8523,5895746.0389],[32486976.8443,5895708.5535],[32486988.0892,5895664.071],[32486993.3365,5895620.5882],[32486994.8354,5895587.1015],[32486998.8335,5895565.61],[32487010.3287,5895550.116],[32487028.3214,5895539.6199],[32487051.3122,5895532.6224],[32487063.0796,5895522.6496],[32487066.0561,5895520.1271],[32487063.5568,5895495.1371],[32487049.312,5895461.6506],[32487028.3198,5895423.1662],[32486982.3372,5895365.6897],[32486907.6158,5895286.2224],[32486830.6453,5895207.7547],[32486739.6801,5895109.7949],[32486693.4478,5895064.8135],[32486646.216,5895024.8301],[32486604.9821,5895000.3404],[32486569.496,5894990.8447],[32486535.0097,5894990.3454],[32486504.0221,5894994.3442],[32486478.0325,5895000.3422],[32486444.2961,5895014.3372],[32486404.3124,5895036.329],[32486363.329,5895062.3193],[32486326.594,5895088.3095],[32486288.3596,5895119.7975],[32486203.6444,5895194.2692],[32486171.4075,5895220.7591],[32486145.6679,5895232.2549],[32486119.6783,5895232.7551],[32486095.9376,5895225.2584],[32486076.1953,5895213.2635],[32486059.2018,5895196.7703],[32486042.2083,5895177.2782],[32486024.4651,5895161.7847],[32486005.7225,5895157.2867],[32486000.6615,5895160.8935],[32485983.9814,5895172.7809],[32485960.4912,5895206.7677],[32485929.8908,5895263.5395],[32485905.2646,5895309.2278],[32485892.27,5895323.7222],[32485876.0265,5895328.2207],[32485852.2858,5895322.7232],[32485828.2952,5895307.2297],[32485812.3012,5895282.2399],[32485787.0602,5895215.2669],[32485775.0646,5895186.2785],[32485759.8203,5895160.7889],[32485739.5781,5895140.2973],[32485712.8385,5895125.3037],[32485682.6004,5895120.8059],[32485651.8627,5895125.8044],[32485620.8751,5895133.3018],[32485589.3877,5895137.8005],[32485558.6499,5895134.3023],[32485530.9108,5895124.3067],[32485507.6698,5895107.8136],[32485490.6762,5895084.823],[32485477.1811,5895048.8375],[32485464.4354,5894999.8571],[32485454.6885,5894945.3789],[32485450.1896,5894892.4001],[32485449.4395,5894865.4108],[32485441.4423,5894836.4224],[32485425.4482,5894810.433],[32485400.9577,5894791.9407],[32485370.9695,5894778.9463],[32485341.9808,5894763.4529],[32485317.2403,5894743.4612],[32485300.2467,5894716.4722],[32485273.2563,5894636.0045],[32485255.013,5894597.0203],[32485231.5219,5894571.5308],[32485207.442,5894557.6547],[32485173.2105,5894530.1633],[32485157.3067,5894513.3251],[32485145.7114,5894495.7506],[32485133.8243,5894465.027],[32485123.2889,5894427.4785],[32485117.2161,5894399.0635],[32485114.5131,5894386.4163],[32485112.812,5894377.7457],[32485625.3477,5894375.9476],[32485675.3531,5894423.8452],[32485746.6995,5894534.8439],[32485760.9779,5894563.3995],[32485819.1064,5894627.9847],[32485877.2347,5894686.1114],[32485977.3436,5894731.3201],[32486267.9822,5894812.0485],[32486432.6767,5894824.9633],[32486486.0744,5894833.4576],[32486574.7662,5894847.5663],[32486726.5438,5894889.545],[32486858.9465,5894954.1292],[32486968.7438,5895038.0894],[32487259.3855,5895338.4103],[32487398.2478,5895535.3957],[32487472.5235,5895664.5667],[32487530.6521,5895748.5279],[32487601.698,5895822.8007],[32487706.0205,5895903.0466],[32487706.3382,5895902.1219],[32487772.8523,5895922.9066],[32487885.8782,5895945.51],[32488018.2797,5895948.7373],[32488150.681,5895948.7354],[32488308.9164,5895913.2108],[32488457.4639,5895884.1449],[32488589.8648,5895845.3914],[32488728.7244,5895832.4722],[32488864.3554,5895838.9287],[32489074.2602,5895874.4482],[32489400.421,5895961.6345],[32489904.1953,5896174.7615],[32490301.4018,5896362.0554],[32490583.6827,5896549.0605],[32490583.7988,5896549.4228],[32490592.8854,5896577.7846],[32490602.1134,5896606.5881],[32490609.1217,5896635.7],[32490615.7191,5896677.2274],[32490619.0996,5896722.1296],[32490619.1076,5896755.1638],[32490616.3217,5896784.9237],[32490607.3563,5896838.4757],[32490592.5284,5896927.0451],[32490586.4435,5896974.5922],[32490586.9478,5896989.7448],[32490589.451,5897001.3446],[32490595.288,5897012.061],[32490603.7604,5897020.5642],[32490617.585,5897026.176],[32490635.6758,5897028.1221],[32490653.5375,5897026.1558],[32490670.9548,5897021.1515],[32490684.274,5897014.5692],[32490691.1957,5897010.2468],[32490733.7066,5896983.6998],[32490807.3737,5896931.6976],[32490821.2685,5896926.6017],[32490833.4681,5896926.6],[32490845.1128,5896929.6462],[32490856.136,5896934.9173],[32490875.8082,5896953.0029],[32490923.8204,5897006.9642],[32490954.8716,5897044.7678],[32490975.3673,5897069.7204],[32490999.4563,5897096.0963],[32491009.9673,5897102.0357],[32491033.1892,5897108.975],[32491051.0663,5897111.5452],[32491066.0666,5897110.525],[32491082.9541,5897104.2846],[32491102.6015,5897089.9397],[32491113.7947,5897076.0504],[32491126.5516,5897052.3136],[32491141.0703,5897015.8578],[32491148.1635,5896989.6927],[32491151.3544,5896962.9567],[32491151.63,5896926.9422],[32491149.0151,5896866.6228],[32491146.2133,5896852.0847],[32491141.8937,5896841.0838],[32491130.5228,5896823.1007],[32491113.2811,5896802.1443],[32491099.7218,5896790.2811],[32491079.2341,5896777.7243],[32491124.8788,5896736.6423],[32491139.6222,5896702.2413],[32491203.2822,5896734.2534],[32491205.5407,5896735.3434],[32491208.2399,5896736.6541],[32491210.9349,5896737.9722],[32491213.6251,5896739.2989],[32491216.3099,5896740.6353],[32491218.9885,5896741.9825],[32491221.6605,5896743.3417],[32491224.325,5896744.714],[32491226.9815,5896746.1005],[32491229.6294,5896747.5024],[32491232.268,5896748.9209],[32491234.8967,5896750.3569],[32491237.5149,5896751.8118],[32491240.1225,5896753.2854],[32491242.7234,5896754.7713],[32491245.3183,5896756.2682],[32491247.9075,5896757.7757],[32491250.4912,5896759.2933],[32491253.0695,5896760.8207],[32491255.6426,5896762.3575],[32491258.2107,5896763.9034],[32491260.7741,5896765.4579],[32491263.3328,5896767.0207],[32491265.8872,5896768.5915],[32491268.4373,5896770.1697],[32491270.9834,5896771.7552],[32491273.5257,5896773.3474],[32491276.0643,5896774.946],[32491278.5994,5896776.5506],[32491281.1313,5896778.1609],[32491283.6601,5896779.7764],[32491286.186,5896781.3968],[32491288.7093,5896783.0218],[32491291.23,5896784.6509],[32491293.7484,5896786.2837],[32491296.2647,5896787.9199],[32491298.7791,5896789.5592],[32491301.2917,5896791.201],[32491303.8027,5896792.8452],[32491306.3124,5896794.4912],[32491308.8209,5896796.1386],[32491311.3285,5896797.7873],[32491313.8352,5896799.4366],[32491316.3414,5896801.0863],[32491318.8471,5896802.736],[32491321.3526,5896804.3854],[32491323.8581,5896806.0339],[32491326.3638,5896807.6813],[32491328.8691,5896809.3286],[32491331.3724,5896810.9789],[32491333.8738,5896812.6322],[32491336.3733,5896814.2886],[32491338.8709,5896815.9479],[32491341.3666,5896817.6101],[32491343.8605,5896819.2751],[32491346.3527,5896820.9427],[32491348.8431,5896822.6131],[32491351.3319,5896824.286],[32491353.8191,5896825.9614],[32491356.3046,5896827.6393],[32491358.7887,5896829.3195],[32491361.2712,5896831.002],[32491363.7522,5896832.6867],[32491366.2319,5896834.3736],[32491368.7102,5896836.0626],[32491371.1871,5896837.7535],[32491373.6627,5896839.4464],[32491376.1371,5896841.1411],[32491378.6103,5896842.8377],[32491381.0824,5896844.5359],[32491383.5533,5896846.2358],[32491386.0231,5896847.9372],[32491388.4919,5896849.6402],[32491390.9598,5896851.3446],[32491393.4266,5896853.0503],[32491395.8926,5896854.7574],[32491398.3577,5896856.4656],[32491400.822,5896858.175],[32491403.2855,5896859.8854],[32491405.7483,5896861.5969],[32491408.2103,5896863.3092],[32491410.6718,5896865.0224],[32491413.1326,5896866.7364],[32491415.5929,5896868.4512],[32491418.0526,5896870.1665],[32491420.5119,5896871.8824],[32491422.97,5896873.5999],[32491425.4248,5896875.3223],[32491427.8764,5896877.0496],[32491430.3249,5896878.7814],[32491432.7705,5896880.5176],[32491435.2134,5896882.2578],[32491437.6538,5896884.0017],[32491440.0919,5896885.749],[32491442.5279,5896887.4994],[32491444.962,5896889.2527],[32491447.3945,5896891.0084],[32491449.8254,5896892.7664],[32491452.255,5896894.5263],[32491454.6835,5896896.2878],[32491457.111,5896898.0506],[32491459.5379,5896899.8145],[32491461.9642,5896901.5791],[32491464.3902,5896903.3442],[32491466.8161,5896905.1093],[32491469.2421,5896906.8744],[32491471.6683,5896908.6389],[32491474.095,5896910.4027],[32491476.5224,5896912.1655],[32491478.9506,5896913.9268],[32491481.3798,5896915.6866],[32491483.8104,5896917.4444],[32491486.2423,5896919.1999],[32491488.6759,5896920.953],[32491489.3729,5896921.4538],[32491513.1461,5896938.2778],[32491558.5103,5896967.5016],[32491597.8434,5896989.4239],[32491619.7458,5896999.3418],[32491628.3256,5897001.4305],[32491643.167,5896998.938],[32491641.3988,5896984.0589],[32491632.6,5896976.1781],[32491577.0053,5896940.6287],[32491576.8383,5896940.5236],[32491574.2985,5896938.9277],[32491571.7575,5896937.3334],[32491569.2155,5896935.7405],[32491566.6726,5896934.1488],[32491564.1291,5896932.5581],[32491561.5849,5896930.9682],[32491559.0402,5896929.3789],[32491556.4953,5896927.79],[32491553.9502,5896926.2013],[32491551.405,5896924.6126],[32491548.86,5896923.0237],[32491546.3152,5896921.4344],[32491543.7708,5896919.8446],[32491541.227,5896918.2539],[32491538.6838,5896916.6623],[32491536.1414,5896915.0695],[32491533.6,5896913.4754],[32491531.0597,5896911.8796],[32491528.5206,5896910.2821],[32491525.9829,5896908.6826],[32491523.4467,5896907.0809],[32491520.9121,5896905.4769],[32491518.3794,5896903.8703],[32491515.8485,5896902.261],[32491513.3198,5896900.6487],[32491510.7932,5896899.0332],[32491508.2691,5896897.4144],[32491505.7474,5896895.7921],[32491503.2283,5896894.1659],[32491500.712,5896892.5359],[32491498.1987,5896890.9017],[32491495.6883,5896889.2631],[32491493.1812,5896887.6201],[32491490.6774,5896885.9722],[32491488.1771,5896884.3195],[32491485.6804,5896882.6616],[32491483.1875,5896880.9984],[32491480.6985,5896879.3296],[32491478.2134,5896877.6552],[32491475.7326,5896875.9748],[32491473.2565,5896874.2877],[32491470.7946,5896872.5805],[32491468.3503,5896870.8485],[32491465.9221,5896869.0936],[32491463.5087,5896867.3178],[32491461.1087,5896865.5231],[32491458.7206,5896863.7114],[32491456.3433,5896861.8845],[32491453.9752,5896860.0444],[32491451.615,5896858.193],[32491449.2613,5896856.3323],[32491446.9128,5896854.4643],[32491444.5681,5896852.5907],[32491442.2258,5896850.7135],[32491439.8845,5896848.8348],[32491437.5429,5896846.9563],[32491435.1996,5896845.0801],[32491432.8532,5896843.208],[32491431.7441,5896842.3276],[32491416.2273,5896830.3813],[32491394.5449,5896814.7146],[32491394.348,5896814.5745],[32491391.9016,5896812.8384],[32491389.4533,5896811.1047],[32491387.0036,5896809.3731],[32491384.5526,5896807.6431],[32491382.1009,5896805.9142],[32491379.6487,5896804.1861],[32491377.1963,5896802.4582],[32491374.7441,5896800.7302],[32491372.2924,5896799.0016],[32491369.8415,5896797.2721],[32491367.3919,5896795.541],[32491364.9437,5896793.8081],[32491362.4975,5896792.0729],[32491360.0534,5896790.335],[32491357.6119,5896788.5939],[32491355.1732,5896786.8491],[32491352.7378,5896785.1004],[32491350.3059,5896783.3471],[32491347.8778,5896781.589],[32491345.454,5896779.8255],[32491343.0348,5896778.0563],[32491340.6204,5896776.2808],[32491338.2113,5896774.4987],[32491335.8077,5896772.7096],[32491333.4113,5896770.8996],[32491331.0331,5896769.0409],[32491328.6884,5896767.1297],[32491326.3925,5896765.1626],[32491324.1606,5896763.1366],[32491322.0082,5896761.0483],[32491319.9506,5896758.8946],[32491318.0098,5896756.658],[32491316.3025,5896754.1649],[32491314.8922,5896751.4455],[32491313.8128,5896748.6032],[32491313.1031,5896745.7294],[32491312.7853,5896742.7803],[32491312.7488,5896741.0649],[32491311.7402,5896727.7849],[32491306.0077,5896716.9908],[32491300.7867,5896715.1231],[32491297.7078,5896715.0868],[32491294.5597,5896715.1573],[32491291.513,5896715.0029],[32491288.5216,5896714.745],[32491285.5246,5896714.5083],[32491282.526,5896714.2737],[32491279.5301,5896714.0218],[32491276.5411,5896713.7333],[32491273.563,5896713.3889],[32491270.6002,5896712.9693],[32491267.6567,5896712.4552],[32491264.7251,5896711.8523],[32491261.7963,5896711.1839],[32491258.8768,5896710.4478],[32491255.9733,5896709.6415],[32491253.0925,5896708.7628],[32491250.2409,5896707.8092],[32491247.4253,5896706.7785],[32491244.6522,5896705.6681],[32491241.9194,5896704.464],[32491239.2207,5896703.1679],[32491236.5532,5896701.7928],[32491233.9139,5896700.3521],[32491231.2998,5896698.8587],[32491228.708,5896697.326],[32491226.1356,5896695.7671],[32491223.5793,5896694.1951],[32491221.0203,5896692.627],[32491218.4486,5896691.0674],[32491215.867,5896689.5136],[32491213.2785,5896687.963],[32491210.686,5896686.4132],[32491208.0924,5896684.8615],[32491205.5006,5896683.3054],[32491202.9136,5896681.7423],[32491200.3342,5896680.1697],[32491197.7654,5896678.585],[32491195.2102,5896676.9857],[32491192.6713,5896675.3691],[32491190.1517,5896673.7328],[32491187.6544,5896672.0741],[32491185.1823,5896670.3905],[32491182.7382,5896668.6794],[32491180.3252,5896666.9383],[32491177.946,5896665.1647],[32491175.6037,5896663.3559],[32491174.9207,5896662.8073],[32491198.2863,5896586.7822],[32491218.5258,5896520.2779],[32491231.4424,5896462.1503],[32491231.4416,5896404.0226],[32491228.7782,5896380.0545],[32491221.7526,5896316.8319],[32491195.9165,5896229.6409],[32491174.2556,5896121.3432],[32491139.1947,5896098.8382],[32491106.2075,5896073.3488],[32491074.2198,5896044.8606],[32491044.7311,5896013.8733],[32491018.0267,5895981.5053],[32491024.4679,5895974.2587],[32490961.6368,5895909.9621],[32490915.3347,5895843.8161],[32490875.6471,5895780.9774],[32490835.9595,5895691.6804],[32490763.5866,5895565.0557],[32490703.6676,5895470.0914],[32490604.647,5895369.1359],[32490511.8443,5895308.0338],[32490425.8545,5895268.3462],[32490331.2196,5895241.2993],[32490333.5557,5895237.8341],[32490171.2212,5895093.3211],[32490141.5261,5895075.5045],[32490074.2172,5895047.7903],[32490012.8473,5895027.9945],[32489913.8636,5894982.4637],[32489872.2903,5894958.7083],[32489838.6356,5894923.0749],[32489784.6627,5894842.0199],[32489739.5354,5894780.6799],[32489689.714,5894723.2079],[32489628.3282,5894663.5509],[32489549.3634,5894605.5466],[32489427.4781,5894552.5931],[32489322.1352,5894518.0511],[32489211.2561,5894484.8261],[32489082.5951,5894455.3931],[32489024.2137,5894436.2859],[32488974.9181,5894411.1731],[32488930.4448,5894377.4725],[32488914.8744,5894364.6817],[32499705.6537,5894351.9579],[32499706.6336,5894352.2155],[32499724.036,5894356.792],[32499725.2775,5894352.1718],[32499725.3412,5894351.9347],[32499881.037,5894351.7511],[32499881.0295,5894351.8067],[32499883.4672,5894367.6515],[32499885.6897,5894372.7315],[32499891.5188,5894377.9813],[32499902.041,5894382.8915],[32499909.026,5894384.3203],[32499910.9164,5894384.2098],[32499924.954,5894383.3889],[32499928.9247,5894379.5836],[32499928.9657,5897294.7267],[32499855.8582,5897245.1943],[32499909.5846,5897157.2722],[32499586.401,5896946.4392],[32499485.4598,5897073.4337],[32499467.7457,5897092.5944],[32499405.6835,5897159.725],[32499251.0147,5897307.8857],[32499396.7323,5897404.7564],[32499460.1448,5897445.729],[32499462.6636,5897447.3564],[32499668.9067,5897580.6158],[32499867.6334,5897712.2172],[32499928.9721,5897752.8372],[32499929.0282,5901738.9688],[32499849.0869,5901624.2487],[32499763.2376,5901484.4409],[32499734.1595,5901429.0559],[32499723.082,5901395.8248],[32499721.6968,5901359.8243],[32499725.8505,5901340.4393],[32499739.6965,5901322.4388],[32499760.1197,5901300.6305],[32499843.889,5901221.7051],[32499860.5043,5901200.243],[32499869.5042,5901183.6272],[32499872.9655,5901164.2423],[32499871.5806,5901144.8574],[32499866.7341,5901127.5495],[32499858.4261,5901113.7033],[32499850.1182,5901104.0109],[32499836.2717,5901095.7033],[32499825.8869,5901092.2419],[32499805.1174,5901092.9345],[32499773.2708,5901097.7812],[32499676.3468,5901130.3216],[32499642.4234,5901137.2453],[32499612.6538,5901140.7073],[32499589.115,5901140.7076],[32499557.6674,5901135.7135],[32499549.6959,5901116.3166],[32499545.1265,5901086.6373],[32499549.2619,5901026.9729],[32499553.0064,5900972.9481],[32499552.6302,5900927.83],[32499550.9432,5900919.1417],[32499546.6553,5900911.1224],[32499540.3798,5900904.7137],[32499528.3814,5900897.7812],[32499499.9402,5900894.5237],[32499465.9624,5900893.9212],[32499430.8717,5900892.1797],[32499410.3336,5900888.3877],[32499399.5855,5900883.1232],[32499389.7897,5900875.9226],[32499382.8928,5900869.7533],[32499378.0754,5900862.2349],[32499377.042,5900844.3882],[32499381.604,5900814.6219],[32499389.0695,5900782.4482],[32499395.3545,5900761.123],[32499405.2038,5900727.7044],[32499409.3229,5900707.2322],[32499410.5928,5900650.0384],[32499408.1779,5900626.1372],[32499399.1216,5900600.9492],[32499385.9252,5900573.7983],[32499364.7087,5900537.4859],[32499343.0524,5900504.9156],[32499322.989,5900478.7702],[32499302.8023,5900456.4119],[32499280.6848,5900435.8507],[32499261.6961,5900421.751],[32499252.9822,5900418.9897],[32499237.8947,5900417.0638],[32499225.6943,5900417.7518],[32499217.1046,5900420.0887],[32499206.961,5900426.5234],[32499195.9719,5900436.9481],[32499183.9742,5900454.0829],[32499175.4763,5900479.8176],[32499170.338,5900518.4154],[32499168.1481,5900557.3999],[32499167.8954,5900609.7883],[32499167.7573,5900638.4204],[32499166.0171,5900665.3839],[32499160.8678,5900679.4034],[32499150.4891,5900694.3464],[32499144.0107,5900700.3379],[32499129.0818,5900707.39],[32499072.6042,5900699.3941],[32499017.3757,5900668.907],[32498965.1459,5900626.9244],[32498917.4143,5900583.9422],[32498882.6773,5900527.965],[32498864.9336,5900470.9879],[32498859.1851,5900418.5088],[32498861.1837,5900374.0265],[32498856.9349,5900336.5415],[32498839.4413,5900303.055],[32498813.4513,5900277.5655],[32498783.4631,5900265.0709],[32498754.2247,5900262.5724],[32498726.9856,5900267.071],[32498702.7453,5900276.5676],[32498681.2541,5900291.0621],[32498647.518,5900326.0487],[32498631.5245,5900337.5444],[32498612.5321,5900340.5435],[32498583.7931,5900307.0572],[32498569.0484,5900270.0721],[32498563.0502,5900228.0889],[32498561.3003,5900182.1072],[32498563.8879,5900161.3805],[32498569.6175,5900141.0838],[32498576.3485,5900127.7222],[32498584.445,5900118.7952],[32498605.2766,5900106.8689],[32498633.3581,5900097.5157],[32498647.9429,5900092.6579],[32498683.4076,5900076.468],[32498703.7827,5900063.8008],[32498723.4395,5900045.2879],[32498739.5762,5900023.6077],[32498753.2462,5899996.8093],[32498760.5784,5899974.0798],[32498764.3947,5899947.2495],[32498764.7286,5899914.1655],[32498761.1343,5899887.4613],[32498753.541,5899870.9729],[32498741.0005,5899857.8773],[32498730.1424,5899853.5055],[32498708.9172,5899853.7833],[32498694.2017,5899856.8684],[32498687.0296,5899859.9357],[32498669.3251,5899867.5075],[32498654.6095,5899868.7958],[32498632.6534,5899858.9285],[32498611.6514,5899844.265],[32498606.2289,5899837.4994],[32498603.6364,5899822.6226],[32498603.662,5899819.2482],[32498604.1076,5899760.6024],[32498605.7347,5899546.4282],[32498611.3196,5899544.9739],[32498614.1191,5899546.1284],[32498641.1634,5899569.9072],[32498682.9937,5899601.836],[32498707.984,5899615.8301],[32498736.2228,5899622.3271],[32498768.46,5899622.3266],[32498806.4448,5899617.8278],[32498849.1779,5899622.8252],[32498892.9108,5899644.8158],[32498932.3955,5899674.3035],[32498963.3836,5899702.292],[32498988.6237,5899714.7866],[32499013.1139,5899709.7883],[32499035.8547,5899694.2941],[32499051.4065,5899679.3477],[32499072.0898,5899661.8065],[32499090.3324,5899652.8098],[32499112.5735,5899647.3116],[32499141.312,5899644.3124],[32499190.2925,5899642.3125],[32499203.5372,5899636.8145],[32499204.7467,5899634.3056],[32499210.2843,5899622.8199],[32499208.0348,5899599.3293],[32499196.2891,5899570.341],[32499178.2958,5899538.354],[32499157.3037,5899506.8668],[32499131.0637,5899473.8803],[32499097.8264,5899439.8943],[32499062.59,5899409.4069],[32499030.3525,5899388.4157],[32499005.1125,5899379.4197],[32498987.1196,5899380.4195],[32498975.8742,5899388.9163],[32498963.3796,5899415.406],[32498950.3848,5899421.4038],[32498936.3903,5899418.4052],[32498926.3941,5899404.4109],[32498871.6636,5899245.4749],[32498857.169,5899215.487],[32498838.1762,5899189.4976],[32498815.1851,5899171.5051],[32498788.6955,5899166.5075],[32498765.4549,5899173.5051],[32498750.711,5899189.9987],[32498743.4642,5899214.9889],[32498742.9649,5899249.4752],[32498755.2106,5899289.4591],[32498780.2012,5899331.4421],[32498808.1907,5899373.425],[32498829.4328,5899413.4088],[32498834.6812,5899446.3956],[32498824.1856,5899466.8876],[32498802.1944,5899470.8863],[32498772.9559,5899455.3929],[32498745.2165,5899429.4036],[32498714.9781,5899394.9178],[32498685.4892,5899355.4339],[32498659.9988,5899314.4506],[32498597.522,5899198.9974],[32498561.2856,5899138.522],[32498529.5476,5899096.0393],[32498501.3085,5899074.5483],[32498470.5707,5899066.5519],[32498435.8345,5899069.5512],[32498395.6007,5899080.0476],[32498360.6146,5899085.0462],[32498339.8728,5899076.05],[32498327.8773,5899057.0578],[32498319.8801,5899032.5676],[32498308.3838,5898969.093],[32498300.3866,5898939.6049],[32498286.3918,5898919.613],[32498262.4014,5898917.6142],[32498230.9141,5898932.1089],[32498166.4404,5898977.5917],[32498141.4504,5898987.5881],[32498122.7078,5898982.0906],[32498111.2122,5898968.0963],[32498108.2132,5898953.1023],[32498108.7127,5898933.6101],[32498106.4632,5898905.1214],[32498100.2152,5898872.6344],[32498088.7193,5898840.1475],[32498072.7255,5898823.1545],[32498054.7327,5898828.1528],[32498036.2403,5898848.6449],[32498018.2479,5898877.1338],[32498002.7545,5898909.1214],[32497991.5094,5898942.1084],[32497986.7618,5898973.596],[32497990.0109,5899000.5852],[32498004.0056,5899022.0764],[32498026.7468,5899038.0697],[32498054.7358,5899048.0654],[32498083.4744,5899051.5636],[32498111.4634,5899059.56],[32498137.4533,5899079.5516],[32498157.1958,5899105.541],[32498166.4425,5899131.0307],[32498172.9406,5899179.0116],[32498180.188,5899200.5029],[32498192.9332,5899217.496],[32498209.9266,5899230.9904],[32498228.9192,5899240.9861],[32498249.4111,5899243.4848],[32498270.4026,5899234.9879],[32498326.5194,5899196.31],[32498371.3377,5899187.8301],[32498382.2395,5899191.464],[32498389.5075,5899201.1543],[32498393.142,5899241.7331],[32498391.9314,5899290.1855],[32498394.3544,5899314.4117],[32498405.2563,5899322.8907],[32498413.3388,5899324.2376],[32498427.0599,5899326.5243],[32498487.6253,5899325.3121],[32498533.6548,5899309.5644],[32498546.9791,5899299.8737],[32498544.5579,5899408.8916],[32498548.1983,5899861.9212],[32498446.4485,5899863.1341],[32498447.6554,5899548.1936],[32498378.6106,5899543.3494],[32498378.6091,5899433.394],[32498378.609,5899429.4864],[32498339.847,5899410.106],[32498325.3112,5899408.8949],[32498316.9428,5899411.4875],[32498313.3175,5899415.8538],[32498311.1952,5899421.7401],[32498309.7306,5899460.7408],[32498312.535,5899496.6054],[32498323.6752,5899564.7219],[32498328.0062,5899587.0261],[32498341.4027,5899656.017],[32498344.802,5899688.7653],[32498340.7942,5899727.7414],[32498336.4447,5899745.1178],[32498327.1278,5899756.8834],[32498311.8502,5899766.6078],[32498291.4765,5899771.6177],[32498270.5339,5899770.5011],[32498250.7372,5899763.3886],[32498218.6727,5899746.4052],[32498200.5516,5899730.9573],[32498167.2832,5899692.3488],[32498138.066,5899654.1221],[32498122.3012,5899628.8439],[32498110.9181,5899610.5916],[32498097.8776,5899594.6511],[32498087.3708,5899588.5127],[32498070.0525,5899582.9724],[32498055.1539,5899584.537],[32498042.5385,5899590.4298],[32498027.9161,5899603.0863],[32498017.9821,5899614.549],[32498003.1173,5899644.8336],[32497992.1949,5899681.4897],[32497986.6595,5899720.0406],[32497984.6156,5899765.0505],[32497985.8126,5899816.5104],[32497986.1506,5899831.0411],[32497980.0955,5899936.4251],[32497966.7719,5899990.9342],[32497946.1802,5900034.5417],[32497925.5883,5900058.7682],[32497907.4189,5900072.0928],[32497894.0945,5900072.093],[32497889.2492,5900063.6139],[32497889.2464,5899864.9592],[32497689.3797,5899820.1437],[32497677.2679,5899908.5695],[32497783.8634,5899931.5828],[32497787.4982,5899990.9369],[32497786.4273,5900012.4062],[32497786.2779,5900015.4014],[32497766.9098,5900272.5666],[32497760.8549,5900390.0637],[32497749.9538,5900434.8823],[32497737.8412,5900463.9539],[32497714.8267,5900491.8143],[32497680.9103,5900514.8297],[32497633.6696,5900533.0],[32497541.6103,5900551.1711],[32497493.1581,5900554.8057],[32497465.2979,5900553.5948],[32497320.8008,5900537.9572],[32497229.3033,5900528.0553],[32496950.4908,5900497.8821],[32496946.8583,5900597.8152],[32496795.4448,5900606.2966],[32496750.9538,5900611.4022],[32496744.9905,5900612.0865],[32496697.5239,5900618.8208],[32496666.4899,5900627.1572],[32496651.1227,5900631.2852],[32496630.3554,5900634.6002],[32496609.2624,5900634.6893],[32496588.9616,5900629.4632],[32496578.1037,5900624.0171],[32496566.0076,5900615.3024],[32496545.5548,5900593.2331],[32496535.9133,5900574.401],[32496529.8621,5900548.139],[32496527.9965,5900509.1516],[32496530.2386,5900485.0978],[32496534.1167,5900464.55],[32496545.3743,5900443.3035],[32496558.3712,5900430.5159],[32496583.4629,5900405.8282],[32496625.8583,5900377.9675],[32496694.9025,5900349.5008],[32496768.792,5900322.8509],[32496841.4704,5900310.7367],[32496806.332,5900208.3041],[32496770.0002,5900102.3926],[32496817.2409,5900078.1657],[32496774.8439,5899987.3181],[32496819.6619,5899960.6687],[32496815.2017,5899950.7867],[32496757.8832,5899823.7916],[32496650.0775,5899883.1473],[32496720.3352,5900009.1225],[32496624.6426,5900059.9988],[32496662.1943,5900148.4239],[32496614.9536,5900169.0168],[32496656.1394,5900257.4418],[32496556.8129,5900315.5861],[32496533.7553,5900325.1643],[32496529.0629,5900327.1135],[32496512.1853,5900333.241],[32496494.7249,5900337.1648],[32496458.6773,5900338.3314],[32496440.6654,5900336.1411],[32496423.239,5900331.6459],[32496404.0763,5900323.1685],[32496386.043,5900312.1238],[32496364.6402,5900295.6853],[32496344.8008,5900277.2368],[32496325.0034,5900254.6866],[32496309.1401,5900233.3479],[32496298.0988,5900214.9405],[32496289.3348,5900195.8633],[32496282.5024,5900175.8213],[32496277.679,5900155.3825],[32496271.7639,5900110.8852],[32496261.7576,5899983.7275],[32496260.897,5899973.1682],[32496255.0752,5899925.5839],[32496245.6081,5899887.7278],[32496229.9128,5899848.7502],[32496208.3918,5899811.5044],[32496183.6821,5899771.637],[32496160.9837,5899722.6589],[32496150.7823,5899685.0222],[32496149.0614,5899668.0409],[32496146.5453,5899643.2123],[32496138.7321,5899623.6163],[32496131.3587,5899614.293],[32496118.3606,5899606.7879],[32496109.2296,5899606.2353],[32496088.3213,5899608.7816],[32496065.7473,5899615.4206],[32496041.3549,5899627.9235],[32496032.3507,5899636.2358],[32496025.2773,5899645.9241],[32496022.1042,5899654.2858],[32496021.1867,5899663.5211],[32496025.0536,5899685.2507],[32496038.1935,5899736.5234],[32496041.2159,5899766.4034],[32496038.2694,5899784.0506],[32496032.9369,5899801.3541],[32496022.1819,5899823.8175],[32496012.2423,5899844.5777],[32496005.7524,5899876.9583],[32496003.3138,5899924.859],[32496011.5216,5900007.4482],[32496011.9208,5900011.4652],[32496011.9358,5900011.6157],[32496014.0073,5900041.3637],[32496013.6329,5900071.2874],[32496010.6425,5900114.41],[32496009.0647,5900137.1625],[32496004.3172,5900177.6465],[32495992.3225,5900219.1302],[32495977.6988,5900258.8902],[32495961.0862,5900309.0949],[32495947.8421,5900356.0764],[32495937.8467,5900400.5589],[32495919.3555,5900503.0184],[32495914.6082,5900554.9978],[32495916.2865,5900573.5686],[32495918.3572,5900596.4813],[32495999.3286,5900846.8806],[32496001.1219,5900856.3844],[32496004.327,5900873.37],[32496000.5788,5900898.8599],[32495987.8342,5900918.8522],[32495965.8431,5900929.8481],[32495937.8543,5900939.3447],[32495907.8665,5900956.3384],[32495849.6402,5900994.824],[32495825.1503,5901019.3146],[32495822.7289,5901023.6194],[32495804.9088,5901055.3006],[32495788.9158,5901099.2834],[32495775.2765,5901154.7912],[32495752.9322,5901245.7257],[32495738.4386,5901291.7076],[32495729.1411,5901315.9485],[32495724.4447,5901328.1933],[32495711.95,5901351.6842],[32495698.2056,5901365.179],[32495679.4632,5901371.6767],[32495652.2241,5901375.6755],[32495622.7358,5901377.1754],[32495599.7449,5901373.1773],[32495581.2521,5901362.1819],[32495565.758,5901344.1893],[32495554.0123,5901314.7012],[32495549.5135,5901278.7156],[32495554.0113,5901246.2284],[32495569.255,5901227.7355],[32495591.4959,5901214.7404],[32495612.9871,5901193.7484],[32495630.4798,5901167.2587],[32495639.7257,5901137.7702],[32495639.9752,5901109.7814],[32495631.4782,5901086.7906],[32495612.9853,5901066.299],[32495583.2469,5901047.8068],[32495542.2629,5901030.3144],[32495493.0323,5901016.3207],[32495439.0537,5901009.824],[32495384.0756,5901014.323],[32495333.8458,5901025.3194],[32495289.8634,5901038.8147],[32495250.3794,5901057.8077],[32495213.1446,5901084.7975],[32495171.2519,5901123.8964],[32495134.9268,5901162.7677],[32495101.9406,5901207.7503],[32495080.9495,5901250.7335],[32495045.3995,5901347.9078],[32495020.9757,5901414.6692],[32495011.7299,5901450.6551],[32495009.6959,5901467.3161],[32495006.4825,5901493.6381],[32495006.2333,5901539.6198],[32495011.9816,5901583.6022],[32495024.2273,5901621.587],[32495042.2205,5901650.0754],[32495065.9613,5901667.0683],[32495085.4987,5901669.0891],[32495094.9498,5901670.0667],[32495123.6883,5901661.0698],[32495146.1791,5901642.5768],[32495161.9225,5901616.5869],[32495170.6685,5901585.5991],[32495176.4158,5901553.112],[32495185.4118,5901525.1229],[32495199.9058,5901503.6313],[32495223.6462,5901492.1355],[32495252.1348,5901491.1355],[32495281.1234,5901500.1315],[32495313.111,5901520.6229],[32495350.5966,5901555.6084],[32495452.8074,5901658.566],[32495507.7862,5901710.0447],[32495555.018,5901749.5284],[32495598.0013,5901777.5166],[32495641.4843,5901800.5068],[32495707.6593,5901827.4004],[32495734.9477,5901838.4904],[32495752.9407,5901853.4842],[32495755.0663,5901856.9994],[32495765.9359,5901874.9754],[32495774.5926,5901910.2225],[32495784.6799,5901982.9322],[32495785.93,5902020.4173],[32495780.9324,5902049.4059],[32495778.5057,5902051.965],[32495767.188,5902063.9003],[32495747.4459,5902067.3992],[32495703.2134,5902061.4022],[32495685.4706,5902066.4005],[32495673.2256,5902080.8949],[32495668.9776,5902102.3865],[32495674.9756,5902126.8766],[32495718.4594,5902206.3444],[32495741.201,5902254.325],[32495752.697,5902294.309],[32495753.4471,5902323.2974],[32495749.449,5902344.2891],[32495739.7031,5902357.7839],[32495722.71,5902364.7814],[32495701.7183,5902361.7829],[32495680.7264,5902347.7888],[32495655.3657,5902322.0923],[32495636.2434,5902301.3079],[32495608.5041,5902275.3186],[32495574.2674,5902249.8293],[32495535.7824,5902229.8378],[32495495.2983,5902218.3429],[32495457.0636,5902219.8429],[32495425.0765,5902233.8378],[32495400.5865,5902256.829],[32495384.0935,5902287.3171],[32495374.5978,5902320.804],[32495370.35,5902356.7897],[32495371.9913,5902393.8259],[32495380.5971,5902440.7562],[32495399.5902,5902487.7373],[32495430.8284,5902534.2183],[32495471.313,5902579.1999],[32495514.3335,5902618.7684],[32495571.7742,5902666.1638],[32495633.5003,5902709.6456],[32495699.9744,5902748.6292],[32495768.4476,5902777.6167],[32495836.4209,5902803.1055],[32495888.1756,5902827.6523],[32495899.6462,5902833.0927],[32495953.1254,5902866.5786],[32495992.3603,5902901.0643],[32496021.8491,5902941.5478],[32496047.5895,5902990.0282],[32496065.833,5903039.5082],[32496073.5805,5903083.9904],[32496071.5819,5903123.9746],[32496066.5844,5903164.4586],[32496064.086,5903205.4423],[32496070.0842,5903248.4251],[32496085.3288,5903295.4062],[32496119.8165,5903390.368],[32496128.3136,5903424.3544],[32496128.8138,5903452.843],[32496125.5655,5903483.331],[32496118.3188,5903511.8197],[32496107.0736,5903535.8104],[32496094.5788,5903555.8026],[32496085.3328,5903576.2946],[32496081.5846,5903597.2863],[32496085.8332,5903618.2779],[32496102.077,5903637.2701],[32496128.8166,5903651.764],[32496191.7919,5903680.2517],[32496217.7818,5903695.7452],[32496238.2739,5903713.7377],[32496253.7681,5903736.7284],[32496264.0144,5903768.2157],[32496273.7611,5903806.7003],[32496287.756,5903842.186],[32496305.4993,5903869.175],[32496327.4907,5903879.1707],[32496346.4831,5903871.1736],[32496356.9786,5903848.6824],[32496360.2268,5903814.6958],[32496357.4773,5903771.713],[32496346.9803,5903690.7453],[32496339.2329,5903656.7589],[32496315.7414,5903596.7831],[32496309.4935,5903569.7939],[32496308.2437,5903543.3044],[32496311.492,5903514.3159],[32496317.2393,5903487.3266],[32496323.2366,5903465.835],[32496334.5091,5903440.1579],[32496341.2289,5903424.851],[32496341.4786,5903410.8566],[32496335.2308,5903394.863],[32496320.4865,5903376.8704],[32496300.994,5903361.3769],[32496282.0014,5903349.8817],[32496246.2654,5903336.3876],[32496231.0213,5903327.8912],[32496221.5249,5903313.3971],[32496220.7749,5903294.4046],[32496232.2701,5903272.913],[32496252.012,5903253.9203],[32496273.7532,5903242.9243],[32496296.744,5903242.4242],[32496320.4847,5903255.4187],[32496468.4277,5903380.3669],[32496492.6683,5903396.8599],[32496518.908,5903406.3558],[32496545.6473,5903407.8548],[32496570.6373,5903401.357],[32496591.6287,5903384.8633],[32496606.1226,5903358.8734],[32496612.3697,5903327.3858],[32496609.6203,5903293.8991],[32496598.1244,5903259.413],[32496580.3809,5903224.4272],[32496557.3896,5903192.4402],[32496530.1501,5903166.9508],[32496500.1617,5903146.4593],[32496469.4237,5903127.9671],[32496439.9353,5903114.9727],[32496413.9455,5903108.9755],[32496392.7039,5903105.977],[32496376.4603,5903098.4802],[32496365.4645,5903086.4852],[32496359.2167,5903068.4924],[32496358.2168,5903049.0002],[32496364.4641,5903031.507],[32496378.4583,5903015.5132],[32496401.4489,5902998.0198],[32496434.1857,5902982.0257],[32496478.5134,5902968.8726],[32496537.2901,5902957.1081],[32496576.8784,5902948.5369],[32496608.1159,5902938.0406],[32496634.855,5902921.5468],[32496651.8479,5902899.0554],[32496671.8393,5902852.0738],[32496684.3342,5902838.0792],[32496701.3274,5902835.5799],[32496716.0716,5902843.5766],[32496721.5697,5902860.0699],[32496717.5716,5902886.0596],[32496704.8272,5902922.0455],[32496687.8345,5902958.0315],[32496670.5917,5902985.021],[32496652.3492,5903003.5139],[32496632.3573,5903013.5102],[32496613.8648,5903025.5057],[32496602.3697,5903046.4976],[32496601.6203,5903071.9875],[32496619.8487,5903107.9723],[32496636.3574,5903134.4621],[32496657.0998,5903177.9445],[32496673.8438,5903224.4258],[32496683.5905,5903267.4086],[32496684.8406,5903307.3927],[32496679.8431,5903345.8775],[32496670.3474,5903381.3635],[32496647.8572,5903443.3392],[32496626.1168,5903510.3129],[32496613.1223,5903535.803],[32496594.8798,5903550.7973],[32496569.8898,5903558.7945],[32496539.6519,5903562.2935],[32496470.6794,5903566.7927],[32496438.9421,5903571.7912],[32496411.703,5903578.7888],[32496390.9614,5903586.786],[32496377.217,5903597.7818],[32496370.7198,5903615.2749],[32496370.4703,5903639.7652],[32496376.7182,5903671.2526],[32496389.7137,5903715.2349],[32496408.7069,5903770.7126],[32496432.1984,5903829.189],[32496457.9389,5903883.1672],[32496485.6785,5903930.1481],[32496515.6672,5903970.6316],[32496546.1555,5904001.6188],[32496576.1438,5904018.6116],[32496602.1335,5904023.1095],[32496622.8752,5904020.1103],[32496646.8829,5904007.9872],[32496673.3548,5903994.6197],[32496696.8454,5903989.6214],[32496724.3345,5903991.6202],[32496754.0728,5904002.6154],[32496789.3074,5903902.1548],[32496839.2862,5903926.3103],[32496939.2488,5903974.6238],[32496952.4925,5903904.1516],[32496965.7363,5903833.6794],[32496890.016,5903805.1918],[32496870.2738,5903805.6919],[32496854.5302,5903814.1888],[32496840.536,5903830.1826],[32496800.0519,5903815.689],[32496772.0628,5903798.6961],[32496759.3176,5903777.2049],[32496760.3169,5903755.7134],[32496764.8147,5903726.2251],[32496790.8042,5903721.2267],[32496809.2967,5903709.731],[32496819.2924,5903687.2397],[32496836.4331,5903594.9108],[32496857.7745,5903500.3135],[32496887.0113,5903389.8569],[32496899.5059,5903355.8703],[32496916.2489,5903334.8784],[32496940.989,5903327.381],[32497012.4605,5903324.3811],[32497051.6948,5903317.8831],[32497137.1604,5903291.8922],[32497196.1368,5903278.8965],[32497267.1084,5903265.9006],[32497253.1133,5903217.4201],[32497239.1182,5903168.9396],[32497286.8489,5903148.9468],[32497332.4187,5903131.9622],[32497367.8163,5903121.4565],[32497402.3025,5903116.458],[32497478.7721,5903112.9583],[32497519.2559,5903105.4607],[32497543.4961,5903097.4635],[32497562.9883,5903093.9646],[32497577.9824,5903098.4626],[32497588.2285,5903113.9563],[32497612.7271,5903199.1364],[32497626.4652,5903246.9029],[32497642.7093,5903288.886],[32497665.201,5903330.8689],[32497698.1885,5903374.851],[32497745.1704,5903417.3334],[32497810.395,5903454.3177],[32497850.3793,5903469.811],[32497892.3627,5903478.8068],[32497963.446,5903485.9141],[32498002.3191,5903489.8008],[32498035.0562,5903498.7968],[32498064.5447,5903515.2898],[32498088.7855,5903540.7793],[32498098.0323,5903580.7633],[32498080.5397,5903611.2514],[32498071.5065,5903618.2975],[32498055.5499,5903630.744],[32498043.055,5903637.7414],[32498065.3833,5903666.5674],[32498110.0296,5903724.2061],[32498134.7694,5903702.2145],[32498159.5093,5903680.2228],[32498213.2386,5903731.2017],[32498266.968,5903782.1807],[32498320.1376,5903749.344],[32498355.1821,5903727.7011],[32498691.8007,5903898.6282],[32498727.0362,5903865.141],[32498791.6815,5903958.1075],[32498823.9996,5904004.5841],[32498817.8678,5904009.9637],[32498763.0056,5904058.0957],[32498976.8724,5904486.304],[32499100.3537,5904733.5406],[32499074.5138,5904743.9802],[32498755.1205,5904873.0196],[32498766.1761,5904912.5021],[32498518.2266,5905048.3264],[32498492.9571,5905012.0027],[32498437.6818,5905043.5896],[32498451.896,5905075.1756],[32498391.8828,5905108.342],[32498372.9305,5905072.0182],[32498327.1309,5905095.7085],[32498341.3452,5905132.0324],[32498082.3401,5905239.4293],[32498098.1335,5905264.698],[32497986.1088,5905332.8042],[32497970.8577,5905341.0655],[32497940.8698,5905352.0616],[32497917.1292,5905350.5626],[32497899.1362,5905337.568],[32497886.141,5905313.0779],[32497877.394,5905277.5921],[32497875.2952,5905260.3842],[32497872.3954,5905236.6085],[32497872.1449,5905194.1254],[32497877.3923,5905156.1404],[32497890.3866,5905122.6535],[32497911.6277,5905090.6659],[32497967.1048,5905025.6909],[32498003.09,5904990.7043],[32498051.0704,5904954.7179],[32498108.0472,5904916.2324],[32498171.7713,5904875.7475],[32498244.9914,5904822.7675],[32498323.4593,5904758.2919],[32498392.431,5904695.316],[32498437.9122,5904646.3348],[32498456.1545,5904613.3476],[32498455.9042,5904587.8577],[32498441.1598,5904568.8655],[32498416.9192,5904554.8714],[32498394.7612,5904552.5874],[32498392.6788,5904552.3728],[32498375.186,5904564.3683],[32498362.4413,5904585.3601],[32498345.4487,5904628.3433],[32498335.7029,5904648.8353],[32498322.2085,5904670.3269],[32498302.2168,5904693.8179],[32498269.2304,5904724.8061],[32498181.0164,5904794.7795],[32498147.0303,5904817.2711],[32498121.2907,5904827.7673],[32498094.8012,5904829.2671],[32498068.0617,5904820.7709],[32498041.3221,5904801.7788],[32497881.3261,5904642.1952],[32497526.5196,5904286.4912],[32497563.5043,5904246.0067],[32497536.4311,5904216.6852],[32497482.2854,5904158.0429],[32497469.524,5904165.4432],[32497440.0525,5904182.5338],[32497398.5685,5904143.0501],[32497357.0844,5904103.5664],[32497366.8303,5904087.5726],[32497376.5762,5904071.5788],[32497368.5934,5904062.4205],[32497309.7172,5903994.8531],[32497247.8753,5903923.6395],[32497264.6183,5903897.1498],[32497281.3612,5903870.6601],[32497263.8678,5903842.6714],[32497246.3744,5903818.6812],[32497226.632,5903796.6903],[32497207.6393,5903781.6965],[32497188.8967,5903775.1994],[32497169.4045,5903777.1989],[32497147.4134,5903789.6942],[32497130.6703,5903806.6877],[32497126.1723,5903824.6806],[32497129.4213,5903845.6722],[32497136.6688,5903870.6622],[32497134.4201,5903902.1497],[32497118.6769,5903935.6366],[32497100.9343,5903962.1264],[32497065.6146,5904005.8337],[32496946.9078,5904107.5854],[32497123.7614,5904291.7019],[32497267.6689,5904164.4095],[32497277.3671,5904175.0392],[32497462.0465,5904377.456],[32497646.7259,5904579.8728],[32497831.4053,5904782.2897],[32497762.1828,5904782.2907],[32497720.9493,5904789.7883],[32497702.7066,5904791.288],[32497656.9748,5904787.2902],[32497630.2353,5904782.7924],[32497605.4951,5904775.7956],[32497581.7543,5904763.8007],[32497532.5233,5904718.3195],[32497502.285,5904693.8297],[32497464.5496,5904669.34],[32497417.0682,5904644.8504],[32497362.8393,5904612.8639],[32497259.1295,5904541.8936],[32497217.8957,5904522.9018],[32497090.4474,5904597.8739],[32497024.4742,5904633.8605],[32496965.7479,5904662.3501],[32496876.7838,5904700.3363],[32496842.7976,5904719.829],[32496814.0594,5904745.3193],[32496790.3193,5904773.3085],[32496773.5763,5904802.2973],[32496766.0798,5904835.2843],[32496770.0787,5904875.7681],[32496783.574,5904920.7501],[32496802.0673,5904964.2325],[32496824.0591,5905005.2159],[32496847.5503,5905041.2012],[32496865.0437,5905072.1887],[32496872.0413,5905099.6776],[32496872.0417,5905126.1671],[32496867.0445,5905186.1434],[32496869.5441,5905221.6292],[32496874.9785,5905250.6104],[32496886.2884,5905291.6012],[32496900.0333,5905319.09],[32496918.0264,5905338.0822],[32496941.5172,5905349.5773],[32496971.0056,5905355.0747],[32497041.2278,5905363.0705],[32497074.7145,5905369.0676],[32497103.2033,5905376.5642],[32497110.7817,5905380.5427],[32497123.1955,5905387.0597],[32497133.6915,5905402.5534],[32497136.9406,5905424.0448],[32497134.9417,5905450.5343],[32497124.946,5905475.5246],[32497108.4529,5905496.0167],[32497094.2089,5905520.0073],[32497090.9607,5905552.4945],[32497091.461,5905591.9788],[32497079.9667,5905673.9464],[32497077.469,5905764.4104],[32497064.9752,5905851.3761],[32497060.9773,5905889.361],[32497063.4768,5905923.8473],[32497073.9731,5905956.3342],[32497091.9664,5905987.8215],[32497117.4567,5906018.309],[32497151.9514,5906044.4772],[32497188.1792,5906060.791],[32497226.1642,5906069.2871],[32497260.1507,5906069.2866],[32497291.1382,5906059.7899],[32497362.6092,5906020.3046],[32497406.5914,5905998.8125],[32497454.5721,5905979.3195],[32497504.552,5905963.8249],[32497559.0302,5905954.8277],[32497620.006,5905956.3262],[32497704.7225,5905975.8172],[32497862.0238,5906026.2012],[32498018.3492,5906076.2727],[32498099.8172,5906104.2603],[32498187.5329,5906144.2432],[32498268.7512,5906190.2237],[32498330.4773,5906235.2049],[32498372.961,5906278.1872],[32498406.9482,5906324.6682],[32498433.9381,5906373.6484],[32498455.6802,5906427.1268],[32498494.1665,5906537.5823],[32498518.9074,5906590.0611],[32498552.6447,5906638.5413],[32498602.3756,5906686.0217],[32498666.3508,5906733.0021],[32498735.5738,5906774.4846],[32498801.2982,5906806.4709],[32498884.7655,5906843.9548],[32499109.4276,5906949.9094],[32499197.893,5906989.3924],[32499275.6125,5907018.3797],[32499368.3261,5907047.8666],[32499468.0368,5907075.3543],[32499566.4979,5907097.3441],[32499662.7099,5907113.8361],[32499758.1721,5907126.8295],[32499848.3864,5907134.825],[32499929.1043,5907137.3044],[32499929.2065,5914346.6576],[32499929.2066,5914355.1628]],[[32495798.3605,5897438.738],[32495829.0984,5897445.7348],[32495853.5889,5897462.7277],[32495873.3314,5897484.2189],[32495890.075,5897505.7101],[32495906.069,5897531.6995],[32495942.8054,5897600.1718],[32495965.7966,5897627.1607],[32495993.7857,5897644.6534],[32496023.0242,5897654.1491],[32496046.5149,5897653.649],[32496057.5103,5897641.1538],[32496051.5124,5897618.163],[32496032.5195,5897589.6746],[32495994.9085,5897548.566],[32495968.0442,5897519.2036],[32495963.7957,5897503.7098],[32495970.5428,5897490.2151],[32495988.7854,5897479.2192],[32496135.4762,5897420.7403],[32496179.2086,5897403.2466],[32496209.9463,5897396.7487],[32496240.4342,5897403.2457],[32496278.4194,5897422.2376],[32496330.8989,5897452.7247],[32496358.1384,5897473.2162],[32496379.3803,5897499.2055],[32496395.3744,5897529.6932],[32496406.6204,5897561.6803],[32496421.6152,5897615.6586],[32496434.3603,5897631.1523],[32496457.851,5897637.6493],[32496485.8398,5897630.6517],[32496494.5119,5897622.7503],[32496508.3306,5897610.1595],[32496524.5737,5897580.671],[32496533.5696,5897546.1846],[32496535.5684,5897515.6967],[32496532.1035,5897498.9845],[32496531.3198,5897495.2049],[32496520.5739,5897482.2102],[32496485.0878,5897463.7181],[32496469.8436,5897446.2253],[32496459.0975,5897421.7351],[32496454.349,5897390.7475],[32496455.065,5897220.3778],[32496457.8425,5897029.3911],[32496453.2287,5897030.7416],[32496379.6239,5897047.3851],[32496330.8933,5897053.8832],[32496283.1624,5897057.8823],[32496241.9288,5897058.8825],[32496205.1934,5897055.8843],[32496170.4571,5897048.8876],[32496145.2568,5897032.7479],[32496132.1618,5897020.2816],[32496122.8191,5897008.5726],[32496113.9858,5896989.5841],[32496110.0592,5896959.7501],[32496110.192,5896947.5814],[32496113.1191,5896936.0544],[32496141.9914,5896869.9608],[32496149.21,5896853.4362],[32496159.5214,5896825.4521],[32496161.6188,5896804.2403],[32496160.6782,5896792.4178],[32496158.3193,5896786.7369],[32496149.5241,5896778.594],[32496143.3603,5896777.0394],[32496137.6166,5896777.7195],[32496130.3831,5896781.8424],[32496061.6894,5896820.9955],[32496037.906,5896833.3597],[32496032.1359,5896834.8443],[32496026.2056,5896833.1788],[32496021.2672,5896829.7091],[32496014.4261,5896819.8004],[32496001.2553,5896792.6343],[32495999.0534,5896784.1515],[32495999.4387,5896778.0832],[32496005.1756,5896760.8261],[32496021.365,5896743.1144],[32496044.471,5896723.997],[32496070.1412,5896708.3015],[32496086.6984,5896701.5104],[32496107.2896,5896696.8759],[32496175.773,5896689.5776],[32496178.956,5896689.2384],[32496196.4634,5896685.522],[32496215.3961,5896676.334],[32496238.55,5896656.8456],[32496247.1983,5896644.9591],[32496252.6,5896630.8543],[32496259.3027,5896601.4624],[32496263.8646,5896568.7482],[32496262.5581,5896532.6908],[32496258.9729,5896521.3679],[32496251.9596,5896508.0705],[32496235.9475,5896490.2198],[32496211.306,5896472.9209],[32496189.5069,5896462.6799],[32496166.2315,5896457.1132],[32496136.3225,5896454.1154],[32496106.2761,5896454.9588],[32496082.5901,5896458.4267],[32496071.4898,5896460.7866],[32496020.7811,5896471.5673],[32496015.1033,5896470.816],[32496004.7648,5896465.122],[32495993.6281,5896450.9988],[32495988.2487,5896441.5067],[32495947.7962,5896370.1265],[32495904.5234,5896302.9334],[32495894.7337,5896290.2122],[32495880.2289,5896275.015],[32495869.973,5896268.9213],[32495847.2765,5896260.9152],[32495829.5186,5896257.2555],[32495806.0938,5896252.428],[32495795.7586,5896246.5116],[32495761.4894,5896200.9434],[32495715.3089,5896134.3487],[32495702.8531,5896113.7124],[32495695.9994,5896097.1884],[32495689.5854,5896073.9856],[32495685.4293,5896050.3679],[32495686.8381,5896008.3096],[32495689.6133,5895993.5972],[32495699.1904,5895961.9334],[32495708.1697,5895939.6955],[32495716.7569,5895923.9431],[32495735.7576,5895896.8409],[32495740.2707,5895892.9237],[32495786.9472,5895888.1919],[32495802.9485,5895886.5698],[32495823.5295,5895882.0515],[32495834.1756,5895876.6351],[32495841.057,5895870.603],[32495845.8142,5895863.1238],[32495848.8059,5895851.3891],[32495848.2409,5895839.3916],[32495847.5629,5895824.9925],[32495846.9627,5895812.2478],[32495839.3511,5895786.5554],[32495793.625,5895669.0778],[32495758.8573,5895589.3712],[32495744.8339,5895569.9051],[32495739.6593,5895566.5917],[32495730.8211,5895564.9887],[32495719.3038,5895567.8648],[32495714.5696,5895570.2612],[32495679.1136,5895588.2088],[32495670.0204,5895588.1133],[32495658.1907,5895585.4528],[32495645.5619,5895577.6716],[32495630.6317,5895562.7963],[32495621.6174,5895547.1938],[32495620.4299,5895535.2646],[32495625.0634,5895511.6848],[32495639.0651,5895472.1261],[32495681.7261,5895359.9835],[32495687.7851,5895349.6203],[32495692.0384,5895345.3603],[32495697.5063,5895342.9848],[32495709.4118,5895343.7554],[32495729.2482,5895360.1201],[32495735.0114,5895364.8747],[32495740.0659,5895367.5138],[32495743.1583,5895367.4216],[32495754.9408,5895364.4213],[32495774.5021,5895350.3628],[32495784.105,5895340.6574],[32495784.8321,5895333.619],[32495781.2965,5895325.1867],[32495700.2054,5895200.8495],[32495645.5658,5895120.7805],[32495525.258,5894944.481],[32495513.5471,5894923.4366],[32495501.2473,5894896.0371],[32495497.5329,5894884.5389],[32495497.2854,5894875.3521],[32495500.2952,5894866.812],[32495507.338,5894861.1154],[32495539.2763,5894854.4884],[32495587.2717,5894848.7036],[32495629.7235,5894899.6466],[32495662.0624,5894938.4539],[32495664.5195,5894940.2893],[32495670.3323,5894940.6121],[32495743.6127,5894895.4757],[32495716.748,5894840.9343],[32495748.4958,5894806.7434],[32495956.8961,5894939.4314],[32496039.9283,5894823.834],[32496108.3097,5894864.5359],[32496033.418,5894980.1332],[32496049.0922,5894990.0567],[32496308.5718,5895154.3374],[32496378.5793,5895050.137],[32496440.4481,5895085.9547],[32496372.0688,5895191.7831],[32496453.4752,5895243.8816],[32496551.1601,5895095.7217],[32496500.9251,5895062.4546],[32496496.5671,5895059.5686],[32496305.3125,5894932.9138],[32495818.5021,5894633.3478],[32495739.6815,5894761.9538],[32495694.7669,5894727.7806],[32495824.1195,5894465.3542],[32495703.8926,5894406.0874],[32495661.5592,5894387.4607],[32495615.8391,5894375.6073],[32495571.8123,5894453.5008],[32495531.1722,5894516.1543],[32495498.9988,5894590.6611],[32495470.2121,5894643.1545],[32495449.8921,5894695.648],[32495424.4705,5894682.8388],[32495296.9722,5894590.3531],[32495202.4923,5894750.2473],[32495243.6771,5894776.8954],[32495025.6428,5894851.9998],[32495078.941,5894900.4513],[32494998.9951,5894939.2145],[32495109.2254,5895008.5611],[32495313.9358,5894943.1474],[32495283.6586,5895341.6686],[32495214.431,5895348.7439],[32495160.0345,5895354.3035],[32495117.7095,5895358.6293],[32495117.7084,5895278.6829],[32495075.3127,5895281.1061],[32494967.5064,5895294.4321],[32494932.0516,5895299.8319],[32494889.9357,5895306.2462],[32494848.8875,5895314.6531],[32494811.4378,5895325.5321],[32494771.9032,5895339.8662],[32494657.7844,5895385.8893],[32494581.0962,5895420.0727],[32494540.933,5895440.158],[32494496.4068,5895464.9459],[32494368.5572,5895543.5367],[32494289.4945,5895597.9367],[32494244.1697,5895636.5818],[32494223.3072,5895654.3697],[32494181.9692,5895684.3232],[32494161.3638,5895696.4911],[32494142.281,5895705.3295],[32494113.9634,5895715.3245],[32494093.4489,5895720.3872],[32494075.6363,5895722.1818],[32494057.707,5895721.4964],[32494048.7081,5895720.6174],[32494013.1369,5895717.1428],[32493997.5793,5895715.6232],[32493977.5539,5895710.7582],[32493961.4295,5895696.9722],[32493927.4521,5895656.6607],[32493913.0948,5895639.6269],[32493899.6097,5895626.4904],[32493892.3544,5895622.7977],[32493881.8738,5895623.7829],[32493872.5372,5895628.7235],[32493868.2433,5895636.6888],[32493867.626,5895648.6582],[32493872.2522,5895666.1399],[32493883.2312,5895683.9483],[32493893.0633,5895697.4087],[32493932.8244,5895751.8429],[32493941.9146,5895767.4076],[32493946.0088,5895778.6519],[32493945.7343,5895790.5355],[32493935.5445,5895810.7149],[32493929.4201,5895822.8432],[32493922.1451,5895851.8875],[32493918.7684,5895884.8078],[32493920.3199,5895899.6536],[32493923.7034,5895911.2909],[32493932.262,5895927.0282],[32493945.272,5895943.603],[32493997.8086,5895997.4157],[32494014.4329,5896014.4438],[32494040.1879,5896043.9267],[32494052.3662,5896064.3214],[32494061.879,5896096.0681],[32494068.1034,5896134.5545],[32494072.39,5896206.4364],[32494070.5744,5896257.331],[32494065.5195,5896320.1595],[32494064.4361,5896333.6255],[32494062.6283,5896356.0952],[32494056.6521,5896397.5799],[32494044.9548,5896437.9905],[32494029.1631,5896473.6553],[32494009.0451,5896503.5135],[32493986.3211,5896527.4247],[32493970.7883,5896536.6919],[32493950.8431,5896543.0358],[32493909.8987,5896549.2065],[32493858.4662,5896553.9047],[32493768.9865,5896559.5476],[32493726.7378,5896562.212],[32493703.4853,5896568.2835],[32493682.4113,5896579.7623],[32493671.1149,5896589.6688],[32493659.924,5896603.7957],[32493650.9315,5896619.4266],[32493642.8018,5896638.8071],[32493632.449,5896676.3978],[32493624.8844,5896711.0146],[32493606.8104,5896793.7243],[32493601.1636,5896810.697],[32493593.6495,5896823.8198],[32493586.1078,5896833.0707],[32493579.0244,5896838.7847],[32493568.5905,5896844.6539],[32493557.2272,5896848.6589],[32493539.4691,5896851.5873],[32493497.4925,5896852.0317],[32493489.598,5896852.1107],[32493452.527,5896853.6103],[32493407.9322,5896859.6129],[32493378.5587,5896865.522],[32493350.0773,5896875.3837],[32493337.4712,5896883.1728],[32493327.8727,5896894.8305],[32493324.3428,5896903.0725],[32493318.716,5896925.6897],[32493318.5544,5896926.417],[32493313.5089,5896949.1181],[32493303.6035,5896974.2296],[32493289.5314,5897000.7173],[32493272.3637,5897025.3024],[32493260.1028,5897038.5371],[32493244.1816,5897052.1615],[32493189.9301,5897093.5339],[32493165.421,5897112.2247],[32493158.8514,5897118.2731],[32493151.853,5897128.1269],[32493143.2872,5897147.3341],[32493140.109,5897171.1123],[32493142.4526,5897185.8132],[32493152.1599,5897216.8647],[32493173.9017,5897249.8513],[32493206.3892,5897281.8381],[32493246.8735,5897311.3258],[32493292.1059,5897336.3152],[32493343.8356,5897355.8067],[32493404.0618,5897369.8003],[32493465.7874,5897379.7954],[32493523.0148,5897391.29],[32493577.4934,5897406.7831],[32493631.4722,5897429.7732],[32493685.2013,5897461.7597],[32493737.1812,5897501.743],[32493785.1628,5897548.7237],[32493827.1468,5897602.7016],[32493861.1341,5897659.1787],[32493886.6248,5897716.6554],[32493905.1182,5897773.6325],[32493929.86,5897886.0875],[32493947.6036,5897933.0686],[32493985.8395,5898011.5368],[32493998.2994,5898046.4923],[32494003.833,5898062.0165],[32494022.0767,5898129.4894],[32494047.5681,5898240.9447],[32494056.315,5898261.9363],[32494067.8105,5898269.4331],[32494079.3059,5898264.9347],[32494097.0485,5898240.944],[32494109.0437,5898242.4433],[32494122.0387,5898253.4387],[32494134.0342,5898270.9316],[32494149.2783,5898286.4252],[32494172.7691,5898295.4213],[32494232.7455,5898309.4148],[32494265.9824,5898321.4096],[32494300.4689,5898336.9029],[32494333.9558,5898354.3955],[32494363.1945,5898371.3883],[32494389.4343,5898389.3808],[32494414.1748,5898412.3713],[32494434.2195,5898436.3322],[32494505.0512,5898449.1396],[32494596.607,5898476.8724],[32494720.8771,5898512.6253],[32494753.0579,5898519.4834],[32494777.0567,5898521.3049],[32494816.3729,5898520.4689],[32494836.8571,5898516.6702],[32494861.0319,5898504.9511],[32494892.4174,5898481.4751],[32494918.2744,5898456.266],[32494945.2351,5898423.8981],[32494961.9979,5898398.9575],[32494973.6729,5898374.8285],[32494984.9667,5898343.6986],[32494995.1627,5898305.9566],[32495006.7868,5898234.4088],[32495010.0983,5898214.0264],[32495018.1849,5898179.113],[32495030.4281,5898145.3612],[32495063.2891,5898071.035],[32495076.2977,5898050.9884],[32495091.5143,5898036.4673],[32495109.9096,5898026.0325],[32495127.4102,5898022.2289],[32495157.2808,5898025.9706],[32495182.6769,5898034.8872],[32495218.0907,5898057.6221],[32495234.7116,5898071.1262],[32495271.5897,5898101.0886],[32495288.0548,5898108.6648],[32495305.4737,5898112.8708],[32495329.6457,5898112.4583],[32495344.2257,5898109.0345],[32495354.1926,5898102.6108],[32495357.1979,5898100.0723],[32495393.2988,5898069.5785],[32495401.2548,5898065.3471],[32495412.8243,5898062.0209],[32495430.7134,5898061.2938],[32495445.3842,5898063.0407],[32495496.4079,5898069.1161],[32495508.2751,5898068.3201],[32495519.78,5898064.4059],[32495529.6543,5898057.6659],[32495537.3744,5898048.466],[32495544.0958,5898034.9881],[32495548.4396,5898020.5287],[32495546.6149,5898002.7471],[32495532.2821,5897960.2571],[32495529.3028,5897951.4249],[32495526.2042,5897933.8905],[32495526.3683,5897918.7872],[32495528.9349,5897900.9615],[32495539.7302,5897872.9482],[32495558.7125,5897845.7645],[32495566.5031,5897841.9766],[32495575.2466,5897843.857],[32495581.3336,5897847.736],[32495618.2529,5897871.2631],[32495638.1691,5897878.0532],[32495656.0117,5897879.7553],[32495680.139,5897878.0342],[32495691.7458,5897875.1903],[32495699.3899,5897870.6335],[32495710.2573,5897860.0663],[32495717.5383,5897850.3552],[32495721.2381,5897842.3005],[32495722.4915,5897830.2443],[32495719.8184,5897818.5269],[32495714.1487,5897807.914],[32495694.5105,5897789.4437],[32495685.7772,5897781.2298],[32495676.9794,5897769.126],[32495677.1832,5897760.2316],[32495681.5968,5897756.3159],[32495690.1329,5897753.2921],[32495702.1749,5897752.5673],[32495717.16,5897754.4342],[32495725.5132,5897757.5971],[32495740.9891,5897766.8353],[32495759.5547,5897782.0364],[32495766.4188,5897788.8995],[32495823.2801,5897845.7527],[32495837.4303,5897856.6764],[32495853.7042,5897864.6642],[32495888.6397,5897873.2441],[32495927.4972,5897876.6522],[32495960.3734,5897873.3509],[32495971.7464,5897869.6374],[32495985.0784,5897862.5552],[32495994.5945,5897855.2913],[32496002.6298,5897846.1202],[32496006.9228,5897838.3125],[32496008.6613,5897829.3584],[32496006.9733,5897817.5122],[32496002.341,5897806.2646],[32495983.4873,5897782.5177],[32495974.3967,5897771.0678],[32495968.9145,5897757.0322],[32495968.8412,5897748.0067],[32495971.2297,5897739.2805],[32495978.292,5897730.4484],[32495986.288,5897720.4486],[32495990.1219,5897712.4527],[32495990.1602,5897700.375],[32495986.4024,5897688.979],[32495978.4432,5897679.9434],[32495962.7025,5897671.4294],[32495870.8785,5897635.2628],[32495862.0567,5897631.7882],[32495843.1741,5897622.8621],[32495829.0647,5897611.7485],[32495810.8577,5897591.6771],[32495784.1176,5897535.1999],[32495775.3704,5897491.2175],[32495781.3676,5897459.73],[32495798.3605,5897438.738]],[[32497424.1224,5908682.2458],[32497454.3603,5908676.2477],[32497513.087,5908680.7451],[32497537.0775,5908678.7455],[32497556.3196,5908665.7504],[32497571.3133,5908641.7597],[32497581.8087,5908612.2713],[32497588.3057,5908580.2839],[32497609.2946,5908385.8609],[32497617.29,5908287.3999],[32497624.7863,5908234.4208],[32497635.7812,5908183.4409],[32497652.7736,5908126.4633],[32497715.2462,5907945.5343],[32497725.9914,5907907.0494],[32497729.7395,5907875.5619],[32497727.49,5907849.5722],[32497720.4925,5907827.0813],[32497685.5054,5907759.6086],[32497658.5155,5907716.6261],[32497627.0275,5907677.1422],[32497589.5419,5907644.1559],[32497545.0593,5907617.6671],[32497495.0789,5907598.6754],[32497441.8499,5907587.1807],[32497384.1228,5907581.1839],[32497324.8963,5907577.6862],[32497270.9177,5907577.1872],[32497230.184,5907582.1858],[32497187.2014,5907607.6763],[32497156.7141,5907646.1615],[32497134.4737,5907696.6417],[32497117.4813,5907756.6181],[32497109.9853,5907831.0887],[32497115.2344,5907915.555],[32497126.2312,5907995.0233],[32497143.4757,5908095.9829],[32497146.4751,5908131.9685],[32497144.2264,5908165.9551],[32497134.9806,5908199.4419],[32497119.4872,5908232.9288],[32497072.6203,5908316.878],[32497057.2635,5908344.3854],[32497040.5204,5908360.8791],[32497018.0295,5908372.8747],[32496946.452,5908391.3329],[32496859.0933,5908413.8607],[32496812.862,5908432.3541],[32496777.7893,5908456.3906],[32496760.8833,5908480.8356],[32496755.1361,5908510.8237],[32496759.8847,5908545.31],[32496775.379,5908583.7944],[32496801.1194,5908625.2776],[32496834.1069,5908668.26],[32496870.8428,5908707.7438],[32496907.5787,5908738.7309],[32496945.5639,5908761.7212],[32496986.7977,5908780.2133],[32497028.7812,5908793.2075],[32497069.765,5908800.7039],[32497106.7503,5908802.7026],[32497141.9863,5908800.2031],[32497181.4705,5908790.7063],[32497202.75,5908782.6306],[32497230.2008,5908772.2129],[32497258.0874,5908757.1208],[32497260.8945,5908755.6016],[32497351.1519,5908713.7344],[32497424.1224,5908682.2458]],[[32498988.4926,5908140.9379],[32498951.5072,5908133.9412],[32498914.0223,5908144.4376],[32498881.7855,5908170.4277],[32498861.7939,5908206.9135],[32498854.7973,5908251.396],[32498861.2955,5908303.3752],[32498883.5376,5908371.3479],[32498917.2754,5908459.8122],[32498951.5132,5908555.7736],[32498975.7548,5908647.2369],[32499042.5018,5908998.3947],[32499056.7282,5909040.5794],[32499081.219,5909081.0629],[32499114.2064,5909114.0493],[32499153.9408,5909132.0416],[32499168.2654,5909132.5382],[32499197.1737,5909133.5404],[32499240.4063,5909124.0435],[32499280.1403,5909103.5511],[32499312.6269,5909073.5625],[32499341.6148,5909035.5772],[32499369.3532,5908990.5946],[32499389.0946,5908941.6138],[32499395.3414,5908890.1342],[32499396.0904,5908838.6546],[32499400.4451,5908789.2934],[32499404.5856,5908737.6946],[32499404.4918,5908719.5559],[32499404.335,5908689.2139],[32499395.3378,5908638.2343],[32499391.9598,5908627.8191],[32499377.3442,5908582.7566],[32499350.6041,5908528.7784],[32499316.1171,5908481.2978],[32499213.7813,5908364.2682],[32499128.1888,5908266.386],[32499062.6512,5908196.7266],[32499027.7273,5908164.428],[32498988.4926,5908140.9379]],[[32495543.5635,5899601.0554],[32495564.5222,5899599.1214],[32495598.5802,5899600.3233],[32495648.5506,5899602.0867],[32495663.1518,5899599.3474],[32495682.2461,5899590.3018],[32495695.4077,5899578.1774],[32495700.0429,5899572.7347],[32495761.7251,5899500.307],[32495785.225,5899477.3366],[32495836.1167,5899440.6397],[32495924.7363,5899386.4603],[32495943.804,5899374.8028],[32495968.3235,5899352.6822],[32495989.566,5899327.4765],[32496013.7981,5899285.9964],[32496028.6454,5899246.6913],[32496033.3564,5899214.034],[32496034.665,5899183.9645],[32496033.7339,5899166.0328],[32496029.8445,5899142.2619],[32496024.39,5899121.8484],[32496017.5891,5899105.3485],[32496008.8238,5899089.4906],[32495996.6874,5899072.0849],[32495984.908,5899058.7354],[32495975.1081,5899051.6614],[32495957.9397,5899043.0686],[32495944.4811,5899038.5992],[32495932.6442,5899037.0524],[32495917.5346,5899038.2013],[32495905.7717,5899041.301],[32495895.2794,5899046.6159],[32495885.6772,5899054.0221],[32495872.992,5899067.0104],[32495863.9997,5899079.1576],[32495854.8059,5899097.9175],[32495851.4397,5899121.7957],[32495851.9192,5899145.7988],[32495853.6164,5899155.0982],[32495858.3763,5899181.1784],[32495857.8168,5899196.1826],[32495855.3632,5899207.9475],[32495850.155,5899222.012],[32495842.5935,5899234.9605],[32495804.5967,5899281.5107],[32495774.3688,5899306.0284],[32495741.6937,5899327.4733],[32495688.8562,5899355.694],[32495659.9477,5899370.2442],[32495538.7804,5899431.2299],[32495502.5318,5899452.5299],[32495475.8241,5899471.9486],[32495460.7723,5899486.6199],[32495450.01,5899500.8954],[32495423.1446,5899545.8427],[32495402.2324,5899580.83],[32495388.5226,5899596.6609],[32495373.089,5899611.0884],[32495329.3465,5899642.6085],[32495222.0414,5899706.2776],[32495182.1444,5899729.9504],[32495157.0762,5899746.1428],[32495145.9088,5899756.1363],[32495129.5676,5899777.8139],[32495124.0504,5899791.8758],[32495122.4805,5899815.7761],[32495125.1507,5899854.256],[32495130.2376,5899885.5813],[32495143.9858,5899970.2443],[32495143.5715,5899994.2586],[32495138.1236,5900014.5092],[32495130.3705,5900027.2294],[32495120.5595,5900038.8962],[32495107.6525,5900051.4182],[32495093.3091,5900062.4467],[32495067.4349,5900077.5012],[32495024.7795,5900097.8732],[32495005.1316,5900107.2569],[32494997.7545,5900117.2061],[32494996.597,5900122.877],[32494997.5874,5900131.7839],[32495003.3767,5900145.9416],[32495016.4606,5900162.3347],[32495031.7264,5900176.9071],[32495045.826,5900188.4268],[32495066.6673,5900205.4548],[32495079.1731,5900218.1904],[32495092.0312,5900238.6183],[32495101.1846,5900260.9504],[32495103.4751,5900278.6678],[32495100.3915,5900296.6105],[32495084.5359,5900325.1041],[32495066.8218,5900356.9375],[32495061.8486,5900370.9731],[32495060.8291,5900383.2683],[32495063.0273,5900391.6786],[32495071.4563,5900400.6045],[32495104.6946,5900417.5525],[32495111.6529,5900421.1005],[32495126.4575,5900431.0445],[32495139.9257,5900447.3979],[32495145.6273,5900461.337],[32495146.6575,5900476.2524],[32495142.7633,5900490.9537],[32495126.7774,5900512.5104],[32495117.7917,5900524.6275],[32495106.3116,5900549.0062],[32495105.2118,5900558.0382],[32495106.4654,5900569.9858],[32495109.5534,5900581.7609],[32495114.7522,5900592.4675],[32495126.5561,5900606.4026],[32495141.9921,5900615.1839],[32495170.3788,5900625.6738],[32495196.7777,5900631.5136],[32495220.72,5900632.9351],[32495247.7188,5900630.7032],[32495271.248,5900626.0803],[32495290.829,5900617.8856],[32495298.1267,5900612.9344],[32495301.892,5900608.0323],[32495306.2412,5900593.5252],[32495304.2545,5900581.8372],[32495293.8137,5900558.993],[32495269.8254,5900518.1171],[32495262.4091,5900505.4797],[32495251.7551,5900480.7912],[32495242.954,5900448.9272],[32495240.887,5900436.5217],[32495235.0688,5900401.6017],[32495215.0139,5900326.2476],[32495213.4712,5900320.4512],[32495205.02,5900299.3397],[32495195.1497,5900274.683],[32495187.6914,5900251.9776],[32495183.3258,5900228.4244],[32495179.3833,5900186.4661],[32495179.6533,5900168.5218],[32495182.5061,5900153.7576],[32495192.9532,5900128.8397],[32495211.847,5900105.5942],[32495236.0475,5900083.1782],[32495313.4508,5900019.4562],[32495324.0907,5900010.6969],[32495348.5229,5899988.6098],[32495394.5398,5899937.2077],[32495433.0813,5899887.3857],[32495450.9479,5899856.1045],[32495460.0466,5899827.5458],[32495463.2887,5899800.7741],[32495464.2882,5899786.0332],[32495469.5798,5899707.9917],[32495474.7686,5899678.2758],[32495481.8328,5899655.5002],[32495489.2306,5899642.2693],[32495498.6145,5899630.5842],[32495527.4839,5899608.883],[32495543.5635,5899601.0554]],[[32499008.4363,5898068.219],[32499368.2442,5897692.119],[32499281.9531,5897626.9957],[32499229.8543,5897692.1211],[32499260.789,5897719.7986],[32499013.3191,5897970.5319],[32498975.872,5897937.9702],[32499073.5572,5897822.3726],[32499023.084,5897706.7771],[32498949.82,5897781.6715],[32498868.4133,5897714.92],[32498928.6524,5897640.0258],[32498871.668,5897604.2081],[32498871.4853,5897595.9392],[32498870.0349,5897530.2937],[32498864.3125,5897482.5277],[32498857.7552,5897443.9095],[32498846.9318,5897403.7217],[32498826.1345,5897369.2708],[32498822.0071,5897362.4338],[32498805.4888,5897345.2983],[32498790.3246,5897335.3843],[32498776.2061,5897330.9078],[32498758.0447,5897331.6541],[32498734.565,5897337.1422],[32498717.9796,5897344.0637],[32498679.581,5897367.5492],[32498645.9624,5897392.7867],[32498605.8173,5897429.3886],[32498590.3363,5897447.4753],[32498580.7588,5897462.6018],[32498571.3007,5897485.0286],[32498564.9726,5897508.1398],[32498563.0501,5897529.3226],[32498564.6826,5897547.1715],[32498572.0239,5897579.2876],[32498586.7395,5897625.1955],[32498595.5805,5897647.743],[32498605.6621,5897665.9473],[32498617.3242,5897679.5612],[32498637.9834,5897697.2905],[32498701.53,5897742.49],[32498703.9742,5897744.2285],[32498694.2056,5897757.2535],[32498757.7027,5897797.9555],[32498703.9758,5897858.1965],[32498757.7041,5897897.2705],[32498674.6715,5897983.5618],[32498733.2842,5898024.2638],[32498790.2673,5897959.1384],[32498995.4114,5898077.9877],[32499008.4363,5898068.219]],[[32495415.6006,5898609.2114],[32495495.378,5898592.9291],[32495523.056,5898594.5568],[32495537.7091,5898604.3253],[32495581.6688,5898649.9119],[32495635.396,5898604.3239],[32495648.4208,5898601.0674],[32495680.9832,5898604.3232],[32495884.1282,5898655.1063],[32495903.1392,5898652.4095],[32495920.1243,5898646.6961],[32495949.8753,5898631.842],[32495967.4603,5898620.7982],[32496015.3009,5898589.1585],[32496041.5536,5898574.5868],[32496058.4248,5898569.3234],[32496074.7217,5898567.9703],[32496085.5891,5898567.068],[32496056.2624,5898520.4698],[32496013.9306,5898461.8583],[32495945.5505,5898510.7028],[32495694.8201,5898455.3505],[32495606.9028,5898520.4764],[32495545.0335,5898452.0965],[32495753.4298,5898281.1413],[32495748.7732,5898275.8196],[32495719.2388,5898242.0671],[32495698.0731,5898227.4143],[32495668.767,5898222.5304],[32495641.0892,5898229.0433],[32495611.7834,5898251.8373],[32495419.6682,5898417.9079],[32495354.5429,5898362.5529],[32495345.5881,5898356.8546],[32495264.1837,5898446.4021],[32495215.3397,5898404.0719],[32495080.208,5898537.5792],[32495047.6461,5898562.0014],[32495015.0839,5898573.3987],[32494948.3315,5898591.3089],[32494915.7695,5898615.7312],[32494907.6292,5898632.0124],[32494910.8857,5898653.1779],[32494925.5391,5898672.715],[32494969.4985,5898697.1361],[32495013.4576,5898702.0199],[32495117.6568,5898692.2497],[32495210.459,5898667.8265],[32495415.6006,5898609.2114]],[[32499267.3106,5898359.6478],[32499338.9465,5898283.1253],[32499320.1544,5898268.5522],[32499259.1681,5898221.2581],[32499179.3916,5898299.4088],[32499080.0757,5898235.9138],[32499092.3424,5898223.504],[32499220.0915,5898094.2657],[32499316.1512,5898157.7608],[32499379.6467,5898092.6352],[32499364.9935,5898079.6105],[32499684.9132,5897728.747],[32499617.6926,5897670.242],[32499596.9939,5897652.2269],[32499273.8182,5898014.4873],[32499238.0002,5898050.3063],[32499164.7342,5897991.6953],[32499047.5117,5898115.4337],[32499001.9251,5898159.3935],[32498993.9617,5898154.6394],[32498892.8405,5898094.2705],[32498843.7827,5898118.1525],[32498828.8536,5898125.4201],[32498808.2057,5898142.3185],[32498791.289,5898163.7648],[32498779.2297,5898187.7894],[32498772.4606,5898214.1248],[32498770.6336,5898244.1042],[32498774.3626,5898276.9178],[32498783.167,5898305.7804],[32498795.2809,5898326.421],[32498812.2006,5898343.1758],[32498822.7793,5898349.717],[32498833.8763,5898354.0125],[32498860.8644,5898356.3808],[32498887.6219,5898352.8369],[32498910.6669,5898347.7683],[32498946.2012,5898339.9528],[32498976.2198,5898337.8441],[32499000.1015,5898339.1832],[32499023.6123,5898344.5111],[32499051.6141,5898355.2219],[32499081.6818,5898369.0404],[32499110.3238,5898385.3175],[32499137.8621,5898403.7321],[32499163.8074,5898424.0837],[32499178.8843,5898438.771],[32499191.829,5898455.5305],[32499200.4394,5898471.1065],[32499206.4524,5898491.4351],[32499210.2099,5898515.1448],[32499211.6059,5898529.5062],[32499215.4472,5898569.0237],[32499221.1283,5898592.0563],[32499234.4218,5898615.9159],[32499240.5862,5898622.2519],[32499252.0054,5898626.1132],[32499267.2844,5898626.3704],[32499284.2016,5898620.8383],[32499297.5668,5898613.7986],[32499334.0665,5898582.6985],[32499348.7192,5898566.4171],[32499355.231,5898519.2017],[32499345.4614,5898452.4491],[32499329.1797,5898415.0027],[32499320.5844,5898405.3333],[32499303.1294,5898385.6971],[32499267.3106,5898359.6478]],[[32499523.539,5894752.409],[32499431.2936,5894912.5183],[32499481.7657,5894946.708],[32499310.8176,5895228.3744],[32499317.4762,5895232.5292],[32499514.3338,5895355.3643],[32499581.0849,5895244.6516],[32499496.4222,5895194.1813],[32499621.4213,5894984.4057],[32499638.0648,5894956.4744],[32499685.2806,5894985.7798],[32499791.1055,5894809.9418],[32499786.9641,5894807.2221],[32499572.9362,5894666.6709],[32499554.2907,5894699.0336],[32499523.539,5894752.409]],[[32499378.8098,5896502.7808],[32499419.5118,5896434.3994],[32499483.0088,5896470.217],[32499504.9103,5896436.2109],[32499544.8757,5896374.1573],[32499448.8162,5896315.5466],[32499486.2619,5896250.4214],[32499377.1772,5896177.1579],[32499453.6967,5896042.0232],[32499378.8027,5895993.1809],[32499234.8597,5896213.4642],[32499163.8962,5896322.0633],[32499292.5183,5896396.9546],[32499268.0972,5896437.6578],[32499378.8098,5896502.7808]],[[32490481.8312,5904978.8188],[32490453.3423,5904965.3246],[32490449.3355,5904965.4749],[32490413.3582,5904966.8246],[32490373.6243,5904985.8176],[32490347.885,5905017.8053],[32490333.6412,5905056.2902],[32490327.3942,5905094.775],[32490330.8934,5905134.2593],[32490345.1383,5905176.7422],[32490366.6303,5905217.7256],[32490377.7695,5905233.8656],[32490412.6129,5905280.6999],[32490432.1054,5905298.1926],[32490456.3459,5905304.6897],[32490479.1303,5905301.5467],[32490492.5814,5905299.6912],[32490531.3158,5905284.6966],[32490558.8045,5905261.7053],[32490576.2971,5905231.717],[32490578.5606,5905222.1593],[32490585.293,5905193.7319],[32490585.2924,5905152.2484],[32490576.0455,5905111.2648],[32490558.302,5905071.7808],[32490532.3119,5905035.2957],[32490506.0719,5905003.3088],[32490481.8312,5904978.8188]],[[32496802.9539,5904158.5386],[32496781.7989,5904157.4202],[32496764.0399,5904159.3052],[32496743.4554,5904163.889],[32496701.0681,5904179.161],[32496664.6523,5904200.196],[32496650.6508,5904211.6771],[32496640.6629,5904222.7078],[32496626.8728,5904242.3762],[32496606.6335,5904275.9592],[32496599.7051,5904292.4247],[32496597.9576,5904304.4127],[32496599.785,5904322.5329],[32496606.2502,5904332.3126],[32496619.1266,5904340.5042],[32496636.9477,5904342.0074],[32496642.6496,5904342.0019],[32496668.3097,5904341.9771],[32496681.7757,5904339.7043],[32496694.9466,5904337.4813],[32496721.1884,5904331.2309],[32496743.6627,5904322.8434],[32496770.7762,5904309.8314],[32496790.8134,5904296.7483],[32496813.887,5904277.4316],[32496832.3064,5904257.518],[32496844.6962,5904237.1591],[32496850.1357,5904216.6826],[32496851.0752,5904198.7446],[32496844.8856,5904178.4389],[32496837.0426,5904169.6817],[32496823.5345,5904162.5506],[32496802.9539,5904158.5386]],[[32496098.3506,5904153.8052],[32496083.5877,5904151.5021],[32496065.4967,5904152.9003],[32496047.89,5904157.2165],[32496031.4544,5904164.4465],[32496013.346,5904175.2539],[32495998.9504,5904186.1784],[32495974.7956,5904208.6772],[32495925.9407,5904259.7521],[32495915.3595,5904272.1184],[32495913.4543,5904281.0303],[32495917.6002,5904304.808],[32495925.777,5904319.5787],[32495928.051,5904321.923],[32495942.5187,5904336.8384],[32495957.4799,5904346.8865],[32495974.0767,5904353.5858],[32495989.4475,5904354.7069],[32496010.2086,5904353.1599],[32496034.5008,5904341.4766],[32496064.461,5904316.5783],[32496101.0151,5904280.6611],[32496126.9333,5904251.5948],[32496147.6793,5904222.2751],[32496150.7557,5904210.6528],[32496150.4614,5904191.8697],[32496148.2285,5904186.9323],[32496142.1947,5904180.5862],[32496114.4484,5904161.6057],[32496098.3506,5904153.8052]]]],"crs":{"type":"EPSG","properties":{"code":4647}}},"properties":{"BGL":-1,"BGL_NAME":"Moore der Geest","FL_NR":237}}]}