{"type": "FeatureCollection","features":[{"type":"Feature","geometry":{"type":"MultiPolygon","coordinates":[[[[32466968.2753,5897788.2098],[32466967.5786,5897789.0121],[32466964.4478,5897792.0713],[32466968.2753,5897788.2098]]],[[[32466775.3213,5895048.504],[32466739.37,5895131.98],[32466705.35,5895210.99],[32466673.63,5895284.62],[32466506.29,5895516.24],[32466372.09,5895702.01],[32466285.28,5895888.22],[32466230.82,5896008.97],[32466205.02,5896066.19],[32466198.32,5896081.03],[32466156.72,5896168.63],[32466131.41,5896226.62],[32466125.34,5896245.36],[32466116.498,5896275.765],[32466105.99,5896311.8983],[32465859.7536,5896068.9963],[32465780.9861,5896105.0998],[32465725.1921,5896108.3824],[32465702.218,5896101.8187],[32465695.654,5896088.6908],[32465695.6536,5896065.7169],[32465836.7756,5895796.5907],[32465739.1404,5895726.8533],[32465740.578,5895724.7102],[32465742.2521,5895722.2176],[32465743.9273,5895719.726],[32465745.6034,5895717.2353],[32465747.2802,5895714.7454],[32465748.9575,5895712.2562],[32465750.6351,5895709.7674],[32465752.3127,5895707.2792],[32465753.99,5895704.7912],[32465755.667,5895702.3035],[32465757.3432,5895699.8159],[32465759.0187,5895697.3283],[32465760.693,5895694.8406],[32465762.366,5895692.3526],[32465764.0389,5895689.8645],[32465765.7127,5895687.3762],[32465767.3875,5895684.8879],[32465769.0634,5895682.3999],[32465770.7406,5895679.9122],[32465772.4193,5895677.4249],[32465774.0996,5895674.9384],[32465775.7816,5895672.4526],[32465777.4655,5895669.9677],[32465779.1515,5895667.4839],[32465780.8396,5895665.0014],[32465782.5301,5895662.5203],[32465784.2231,5895660.0407],[32465785.9187,5895657.5628],[32465787.6171,5895655.0867],[32465789.3184,5895652.6126],[32465791.0229,5895650.1407],[32465792.7305,5895647.6711],[32465794.4415,5895645.2039],[32465796.1561,5895642.7392],[32465797.8743,5895640.2774],[32465799.5964,5895637.8184],[32465801.3224,5895635.3624],[32465803.0526,5895632.9097],[32465804.787,5895630.4602],[32465806.5259,5895628.0143],[32465808.2693,5895625.572],[32465810.0175,5895623.1335],[32465811.7705,5895620.699],[32465813.5285,5895618.2685],[32465815.2917,5895615.8423],[32465817.0602,5895613.4204],[32465818.8342,5895611.0031],[32465820.6137,5895608.5905],[32465822.3991,5895606.1827],[32465824.1903,5895603.7799],[32465825.9876,5895601.3823],[32465827.7912,5895598.9899],[32465829.601,5895596.603],[32465831.4174,5895594.2217],[32465833.2404,5895591.8461],[32465835.0702,5895589.4764],[32465836.907,5895587.1127],[32465838.7509,5895584.7553],[32465840.6032,5895582.405],[32465842.4766,5895580.071],[32465844.3733,5895577.7551],[32465846.2924,5895575.4565],[32465848.2328,5895573.1745],[32465850.1934,5895570.9085],[32465852.1732,5895568.6577],[32465854.1712,5895566.4214],[32465856.1863,5895564.199],[32465858.2174,5895561.9897],[32465860.2635,5895559.7929],[32465862.3236,5895557.6078],[32465864.3966,5895555.4337],[32465866.4814,5895553.2699],[32465868.5771,5895551.1158],[32465870.6824,5895548.9707],[32465872.7965,5895546.8337],[32465874.9182,5895544.7043],[32465877.0466,5895542.5817],[32465879.1805,5895540.4652],[32465881.3188,5895538.3542],[32465883.4607,5895536.2479],[32465885.6049,5895534.1456],[32465887.7505,5895532.0467],[32465889.8964,5895529.9504],[32465892.0415,5895527.856],[32465894.1901,5895525.7664],[32465896.3463,5895523.6844],[32465898.5098,5895521.6095],[32465900.68,5895519.5414],[32465902.8566,5895517.4796],[32465905.0393,5895515.4239],[32465907.2276,5895513.3738],[32465909.4212,5895511.329],[32465911.6197,5895509.2891],[32465913.8227,5895507.2536],[32465916.0298,5895505.2223],[32465918.2406,5895503.1948],[32465920.4549,5895501.1706],[32465922.672,5895499.1495],[32465924.8918,5895497.1309],[32465927.1138,5895495.1146],[32465929.3377,5895493.1002],[32465931.5629,5895491.0872],[32465933.7893,5895489.0754],[32465936.0163,5895487.0644],[32465938.2436,5895485.0536],[32465940.4708,5895483.0429],[32465942.6975,5895481.0318],[32465944.9234,5895479.0199],[32465946.3,5895477.7743],[32465975.7819,5895450.5619],[32465989.917,5895434.9967],[32465994.6413,5895427.3179],[32465997.3964,5895418.7244],[32465996.9635,5895404.1644],[32465996.9294,5895403.822],[32465996.6182,5895400.8024],[32465996.3422,5895397.7846],[32465996.1477,5895394.7748],[32465996.0545,5895391.7758],[32465995.9727,5895388.7749],[32465995.8979,5895385.7716],[32465995.8398,5895382.7675],[32465995.8083,5895379.7641],[32465995.8131,5895376.7629],[32465995.864,5895373.7656],[32465995.9707,5895370.7736],[32465996.1397,5895367.7859],[32465996.3068,5895364.745],[32465996.525,5895361.6758],[32465996.9025,5895358.6446],[32465997.5473,5895355.7175],[32465998.5675,5895352.9608],[32465999.9433,5895350.3724],[32466001.4921,5895347.8596],[32466003.1783,5895345.4061],[32466004.9687,5895342.9965],[32466006.8305,5895340.6159],[32466008.7305,5895338.2491],[32466010.6357,5895335.8809],[32466011.2859,5895335.055],[32466016.0531,5895328.6173],[32466020.488,5895322.0193],[32466021.0702,5895321.15],[32466022.7356,5895318.6561],[32466024.398,5895316.16],[32466026.0575,5895313.6618],[32466027.7142,5895311.1616],[32466029.3685,5895308.6597],[32466031.0204,5895306.1562],[32466032.6702,5895303.6512],[32466034.3181,5895301.1448],[32466035.9643,5895298.6371],[32466037.6089,5895296.1284],[32466039.2522,5895293.6188],[32466040.8943,5895291.1084],[32466042.5355,5895288.5973],[32466044.176,5895286.0857],[32466045.8159,5895283.5737],[32466047.4555,5895281.0614],[32466049.0949,5895278.5491],[32466050.7344,5895276.0368],[32466052.3741,5895273.5247],[32466054.0142,5895271.0129],[32466055.655,5895268.5015],[32466057.2965,5895265.9908],[32466058.9392,5895263.4808],[32466060.583,5895260.9717],[32466062.2283,5895258.4636],[32466063.8751,5895255.9567],[32466065.5238,5895253.4511],[32466067.1745,5895250.9469],[32466068.8274,5895248.4443],[32466070.4827,5895245.9434],[32466072.1406,5895243.4444],[32466073.8013,5895240.9474],[32466075.465,5895238.4525],[32466077.1319,5895235.9599],[32466078.8021,5895233.4698],[32466080.476,5895230.9822],[32466082.1536,5895228.4973],[32466083.8352,5895226.0152],[32466085.5209,5895223.5361],[32466087.2111,5895221.0602],[32466088.9058,5895218.5875],[32466090.6052,5895216.1182],[32466092.3096,5895213.6524],[32466094.0192,5895211.1904],[32466095.7341,5895208.7321],[32466097.4546,5895206.2779],[32466099.1808,5895203.8277],[32466100.9128,5895201.3816],[32466102.6496,5895198.9383],[32466104.3909,5895196.4975],[32466106.1367,5895194.0592],[32466107.8872,5895191.6237],[32466109.6423,5895189.191],[32466111.4021,5895186.7613],[32466113.1668,5895184.3345],[32466114.9362,5895181.9109],[32466116.7105,5895179.4905],[32466118.4898,5895177.0735],[32466120.2741,5895174.6599],[32466122.0634,5895172.2498],[32466123.8578,5895169.8434],[32466125.6574,5895167.4408],[32466127.4622,5895165.042],[32466129.2722,5895162.6472],[32466131.0876,5895160.2565],[32466132.9083,5895157.87],[32466134.7345,5895155.4877],[32466136.5661,5895153.1098],[32466138.4033,5895150.7365],[32466140.246,5895148.3677],[32466142.0944,5895146.0036],[32466143.9485,5895143.6444],[32466145.8084,5895141.29],[32466147.674,5895138.9407],[32466149.5455,5895136.5965],[32466151.423,5895134.2576],[32466153.3064,5895131.924],[32466155.1958,5895129.5958],[32466157.0913,5895127.2731],[32466158.9929,5895124.9562],[32466160.9007,5895122.6449],[32466162.8147,5895120.3396],[32466164.735,5895118.0402],[32466166.6617,5895115.7468],[32466168.595,5895113.4597],[32466170.5386,5895111.1807],[32466172.4939,5895108.9103],[32466174.4608,5895106.6485],[32466176.4389,5895104.3953],[32466178.4281,5895102.1507],[32466180.428,5895099.9147],[32466182.4384,5895097.6871],[32466184.4591,5895095.4679],[32466186.4899,5895093.2572],[32466188.5305,5895091.0548],[32466190.5806,5895088.8607],[32466192.64,5895086.6749],[32466194.7085,5895084.4974],[32466196.7859,5895082.3281],[32466198.8718,5895080.167],[32466200.9661,5895078.014],[32466203.0685,5895075.8691],[32466205.1787,5895073.7323],[32466207.2966,5895071.6035],[32466209.4219,5895069.4827],[32466211.5542,5895067.3698],[32466213.6935,5895065.2649],[32466215.8394,5895063.1678],[32466217.9918,5895061.0785],[32466220.1503,5895058.997],[32466222.3147,5895056.9233],[32466224.4848,5895054.8573],[32466226.6603,5895052.799],[32466228.8427,5895050.7488],[32466231.0373,5895048.709],[32466233.2446,5895046.6798],[32466235.4643,5895044.6617],[32466237.6962,5895042.6549],[32466239.9403,5895040.6598],[32466242.1964,5895038.6767],[32466244.4644,5895036.7058],[32466246.744,5895034.7476],[32466249.0351,5895032.8022],[32466251.3376,5895030.8701],[32466253.6513,5895028.9515],[32466255.9761,5895027.0468],[32466258.3118,5895025.1562],[32466260.6583,5895023.2801],[32466263.0153,5895021.4188],[32466265.3828,5895019.5726],[32466267.7606,5895017.7418],[32466270.1486,5895015.9267],[32466272.5466,5895014.1276],[32466274.9544,5895012.3449],[32466277.3719,5895010.5789],[32466279.7989,5895008.8298],[32466282.2382,5895007.0966],[32466284.6947,5895005.3778],[32466287.168,5895003.6746],[32466289.6578,5895001.9885],[32466292.1637,5895000.3208],[32466294.6855,5894998.6728],[32466297.2226,5894997.046],[32466299.7748,5894995.4415],[32466302.3418,5894993.8609],[32466304.9231,5894992.3054],[32466307.5184,5894990.7764],[32466310.1274,5894989.2752],[32466312.7497,5894987.8033],[32466315.385,5894986.3619],[32466318.0329,5894984.9525],[32466320.693,5894983.5762],[32466323.365,5894982.2346],[32466326.0486,5894980.929],[32466328.7434,5894979.6607],[32466331.4656,5894978.4568],[32466334.2331,5894977.3461],[32466337.041,5894976.3204],[32466339.8842,5894975.3717],[32466342.7576,5894974.4918],[32466345.6561,5894973.6724],[32466348.5746,5894972.9055],[32466351.5081,5894972.1829],[32466354.4514,5894971.4965],[32466357.3995,5894970.8381],[32466360.3472,5894970.1995],[32466363.2896,5894969.5725],[32466366.2217,5894968.9498],[32466369.1583,5894968.3696],[32466372.1083,5894967.8509],[32466375.0695,5894967.3835],[32466378.0398,5894966.9574],[32466381.017,5894966.5627],[32466382.0976,5894966.4274],[32466407.7558,5894962.7711],[32466433.9506,5894955.9738],[32466450.4775,5894949.1411],[32466462.013,5894941.7083],[32466463.1109,5894940.9641],[32466465.6245,5894939.2974],[32466468.1642,5894937.6881],[32466470.0325,5894936.541],[32466683.5222,5895150.0245],[32466706.4963,5895150.0242],[32466775.3213,5895048.504]]],[[[32465464.2511,5897609.5604],[32465459.9281,5897624.9695],[32465459.6173,5897626.1114],[32465458.8233,5897629.0059],[32465458.023,5897631.8983],[32465457.2158,5897634.7884],[32465456.4009,5897637.6758],[32465455.5778,5897640.5604],[32465454.7457,5897643.4419],[32465453.9053,5897646.3206],[32465453.0634,5897649.1988],[32465452.2211,5897652.0768],[32465451.3786,5897654.9548],[32465450.5357,5897657.8327],[32465449.6926,5897660.7105],[32465448.8491,5897663.5882],[32465448.0053,5897666.4658],[32465447.1613,5897669.3434],[32465446.317,5897672.2208],[32465445.4723,5897675.0982],[32465444.6274,5897677.9755],[32465443.7823,5897680.8527],[32465442.9368,5897683.7299],[32465442.0911,5897686.6069],[32465441.2451,5897689.4839],[32465440.3989,5897692.3608],[32465439.5524,5897695.2377],[32465438.7057,5897698.1145],[32465437.8587,5897700.9911],[32465437.0115,5897703.8678],[32465436.164,5897706.7443],[32465435.3163,5897709.6208],[32465434.4684,5897712.4972],[32465433.6202,5897715.3736],[32465432.7718,5897718.2499],[32465431.9232,5897721.1261],[32465431.0744,5897724.0023],[32465430.2254,5897726.8784],[32465429.3761,5897729.7544],[32465428.5267,5897732.6304],[32465427.6771,5897735.5064],[32465426.8272,5897738.3822],[32465425.9772,5897741.258],[32465425.127,5897744.1338],[32465424.2766,5897747.0095],[32465423.426,5897749.8852],[32465422.5753,5897752.7608],[32465421.7244,5897755.6363],[32465420.8733,5897758.5119],[32465420.0221,5897761.3873],[32465419.1707,5897764.2627],[32465418.3191,5897767.1381],[32465417.4674,5897770.0134],[32465416.6155,5897772.8887],[32465415.7635,5897775.764],[32465414.9114,5897778.6392],[32465414.0591,5897781.5143],[32465413.2067,5897784.3895],[32465412.3542,5897787.2645],[32465411.5016,5897790.1396],[32465410.6488,5897793.0146],[32465409.7959,5897795.8896],[32465408.9429,5897798.7645],[32465408.0898,5897801.6395],[32465407.2366,5897804.5144],[32465406.3833,5897807.3892],[32465405.5299,5897810.2641],[32465404.6764,5897813.1389],[32465403.8229,5897816.0137],[32465402.9692,5897818.8884],[32465402.1155,5897821.7631],[32465401.2617,5897824.6379],[32465400.4078,5897827.5126],[32465399.5538,5897830.3872],[32465398.6998,5897833.2619],[32465397.8458,5897836.1365],[32465396.9916,5897839.0111],[32465396.1375,5897841.8857],[32465395.2833,5897844.7603],[32465394.429,5897847.6349],[32465393.5747,5897850.5095],[32465392.7204,5897853.384],[32465391.866,5897856.2586],[32465391.0116,5897859.1331],[32465390.1572,5897862.0077],[32465389.3028,5897864.8822],[32465388.4483,5897867.7567],[32465387.5939,5897870.6312],[32465386.7394,5897873.5057],[32465385.885,5897876.3803],[32465385.0305,5897879.2548],[32465384.176,5897882.1293],[32465383.3216,5897885.0038],[32465382.4672,5897887.8783],[32465381.6128,5897890.7528],[32465380.7584,5897893.6274],[32465379.904,5897896.5019],[32465379.0497,5897899.3765],[32465378.1954,5897902.251],[32465377.3411,5897905.1256],[32465376.4869,5897908.0001],[32465375.6327,5897910.8747],[32465374.7786,5897913.7493],[32465373.9245,5897916.624],[32465373.0705,5897919.4986],[32465372.2166,5897922.3732],[32465371.3626,5897925.2479],[32465370.5086,5897928.1225],[32465369.6545,5897930.9971],[32465368.8002,5897933.8717],[32465367.9459,5897936.7462],[32465367.0915,5897939.6207],[32465366.2369,5897942.4952],[32465365.3823,5897945.3696],[32465364.5275,5897948.2441],[32465363.6727,5897951.1184],[32465362.8177,5897953.9928],[32465361.9626,5897956.8671],[32465361.1074,5897959.7414],[32465360.2521,5897962.6156],[32465359.3967,5897965.4899],[32465358.5412,5897968.364],[32465357.6856,5897971.2382],[32465356.8298,5897974.1123],[32465355.974,5897976.9864],[32465355.118,5897979.8605],[32465354.262,5897982.7345],[32465353.4058,5897985.6085],[32465352.5495,5897988.4824],[32465351.693,5897991.3563],[32465350.8365,5897994.2302],[32465349.9799,5897997.1041],[32465349.1231,5897999.9779],[32465348.2662,5898002.8517],[32465347.4092,5898005.7254],[32465346.5521,5898008.5991],[32465345.6949,5898011.4728],[32465344.8375,5898014.3465],[32465343.98,5898017.2201],[32465343.1224,5898020.0936],[32465342.2647,5898022.9672],[32465341.4069,5898025.8407],[32465340.5489,5898028.7141],[32465339.6909,5898031.5875],[32465338.8327,5898034.4609],[32465337.9743,5898037.3343],[32465337.1159,5898040.2076],[32465336.2573,5898043.0809],[32465335.3986,5898045.9541],[32465334.5398,5898048.8273],[32465333.6808,5898051.7005],[32465332.8218,5898054.5736],[32465331.9625,5898057.4467],[32465331.1032,5898060.3197],[32465330.2438,5898063.1927],[32465329.3842,5898066.0657],[32465328.5244,5898068.9387],[32465327.6646,5898071.8115],[32465326.8046,5898074.6844],[32465325.9445,5898077.5572],[32465325.0843,5898080.43],[32465324.2239,5898083.3027],[32465323.3634,5898086.1754],[32465322.5027,5898089.0481],[32465321.642,5898091.9207],[32465320.7811,5898094.7933],[32465319.92,5898097.6658],[32465319.0588,5898100.5383],[32465318.1975,5898103.4107],[32465317.3361,5898106.2832],[32465316.4745,5898109.1555],[32465315.6128,5898112.0279],[32465314.7509,5898114.9001],[32465313.8889,5898117.7724],[32465313.0268,5898120.6446],[32465312.1645,5898123.5167],[32465311.3021,5898126.3889],[32465310.4391,5898129.2608],[32465309.5732,5898132.132],[32465308.7043,5898135.0025],[32465307.8325,5898137.8721],[32465306.9578,5898140.7411],[32465306.0805,5898143.6093],[32465305.2007,5898146.4769],[32465304.3184,5898149.3438],[32465303.4338,5898152.2101],[32465302.5471,5898155.0759],[32465301.6583,5898157.9411],[32465300.7676,5898160.8059],[32465299.8752,5898163.6701],[32465298.9811,5898166.534],[32465298.0854,5898169.3974],[32465297.1884,5898172.2605],[32465296.29,5898175.1232],[32465295.3906,5898177.9856],[32465294.4901,5898180.8478],[32465293.5887,5898183.7097],[32465292.6866,5898186.5715],[32465291.7838,5898189.433],[32465290.8806,5898192.2944],[32465289.9769,5898195.1558],[32465289.073,5898198.017],[32465288.169,5898200.8782],[32465287.2649,5898203.7394],[32465286.361,5898206.6007],[32465285.4574,5898209.462],[32465284.5541,5898212.3233],[32465283.6514,5898215.1849],[32465282.7493,5898218.0465],[32465281.848,5898220.9084],[32465280.9475,5898223.7705],[32465280.0481,5898226.6329],[32465279.1499,5898229.4955],[32465278.4627,5898231.6888],[32465259.101,5898295.4936],[32465240.4361,5898364.9609],[32465223.3693,5898438.0436],[32465207.9722,5898520.5901],[32465196.947,5898606.7784],[32465173.4826,5898880.3233],[32465173.3703,5898881.7582],[32465173.1343,5898884.7477],[32465172.8959,5898887.7371],[32465172.6551,5898890.7262],[32465172.4117,5898893.7151],[32465172.1654,5898896.7037],[32465171.9163,5898899.692],[32465171.664,5898902.68],[32465171.4085,5898905.6677],[32465171.1496,5898908.6551],[32465170.8871,5898911.6422],[32465170.6208,5898914.6289],[32465170.3507,5898917.6152],[32465170.0765,5898920.6012],[32465169.7981,5898923.5867],[32465169.5154,5898926.5718],[32465169.2281,5898929.5565],[32465168.9362,5898932.5408],[32465168.6406,5898935.5247],[32465168.3433,5898938.5084],[32465168.0443,5898941.492],[32465167.7437,5898944.4754],[32465167.4414,5898947.4587],[32465167.1376,5898950.4418],[32465166.8323,5898953.4248],[32465166.5255,5898956.4076],[32465166.2172,5898959.3903],[32465165.9075,5898962.3728],[32465165.5964,5898965.3552],[32465165.2839,5898968.3375],[32465164.9701,5898971.3196],[32465164.6549,5898974.3017],[32465164.3385,5898977.2836],[32465164.0209,5898980.2653],[32465163.702,5898983.247],[32465163.382,5898986.2285],[32465163.0608,5898989.21],[32465162.7385,5898992.1913],[32465162.4152,5898995.1725],[32465162.0908,5898998.1536],[32465161.7654,5899001.1346],[32465161.439,5899004.1156],[32465161.1116,5899007.0964],[32465160.7834,5899010.0772],[32465160.4542,5899013.0578],[32465160.1243,5899016.0384],[32465159.7935,5899019.0189],[32465159.4619,5899021.9993],[32465159.1295,5899024.9797],[32465158.7965,5899027.96],[32465158.4627,5899030.9402],[32465158.1283,5899033.9204],[32465157.7933,5899036.9005],[32465157.4577,5899039.8805],[32465157.1216,5899042.8605],[32465156.7849,5899045.8405],[32465156.4477,5899048.8204],[32465156.1101,5899051.8002],[32465155.772,5899054.78],[32465155.4335,5899057.7598],[32465155.0947,5899060.7395],[32465154.7556,5899063.7193],[32465154.4161,5899066.6989],[32465154.0764,5899069.6786],[32465153.7365,5899072.6582],[32465153.3963,5899075.6379],[32465153.056,5899078.6175],[32465152.7156,5899081.5971],[32465152.5731,5899082.8443],[32465130.0824,5899290.2936],[32465108.9645,5899528.2222],[32465108.9174,5899529.3141],[32465108.7647,5899532.3414],[32465108.5102,5899535.3313],[32465108.0741,5899538.254],[32465107.1702,5899541.0937],[32465105.2584,5899543.5705],[32465102.7609,5899544.91],[32465099.6285,5899545.0526],[32465096.6291,5899545.0994],[32465093.632,5899545.1389],[32465090.6337,5899545.1693],[32465087.6346,5899545.1906],[32465084.6348,5899545.203],[32465081.6346,5899545.2067],[32465078.6343,5899545.2018],[32465075.6341,5899545.1885],[32465072.6342,5899545.1669],[32465069.635,5899545.1371],[32465066.6367,5899545.0993],[32465063.6396,5899545.0528],[32465060.6419,5899544.7838],[32465058.4794,5899544.5241],[32465054.4428,5899544.4889],[32465053.7494,5899568.0587],[32465056.0177,5899588.9886],[32465078.8872,5899637.7233],[32465078.9608,5899637.8698],[32465080.3003,5899640.5568],[32465081.6286,5899643.2481],[32465082.9433,5899645.9445],[32465084.242,5899648.647],[32465085.5225,5899651.3565],[32465086.7824,5899654.0737],[32465088.0194,5899656.7997],[32465089.2312,5899659.5352],[32465090.4121,5899662.2828],[32465091.5055,5899665.0695],[32465092.4997,5899667.8992],[32465093.4053,5899670.7645],[32465094.2331,5899673.6581],[32465094.994,5899676.5728],[32465095.6985,5899679.5013],[32465096.3575,5899682.4362],[32465096.9817,5899685.3703],[32465097.5704,5899688.3034],[32465098.0931,5899691.2533],[32465098.5508,5899694.2186],[32465098.9471,5899697.1963],[32465099.2858,5899700.1831],[32465099.5706,5899703.1759],[32465099.8054,5899706.1716],[32465099.9937,5899709.1669],[32465100.1504,5899712.1606],[32465100.3003,5899715.1547],[32465100.4448,5899718.1493],[32465100.584,5899721.1445],[32465100.7183,5899724.1402],[32465100.8479,5899727.1363],[32465100.9732,5899730.1328],[32465101.0945,5899733.1297],[32465101.2121,5899736.127],[32465101.3263,5899739.1246],[32465101.4374,5899742.1224],[32465101.5457,5899745.1206],[32465101.6515,5899748.1189],[32465101.7551,5899751.1174],[32465101.8569,5899754.1161],[32465101.9571,5899757.1149],[32465102.056,5899760.1138],[32465102.154,5899763.1127],[32465102.2513,5899766.1116],[32465102.332,5899768.608],[32465106.4648,5899844.0249],[32465110.7448,5899851.8164],[32465117.849,5899857.3393],[32465142.3892,5899865.5707],[32465143.6361,5899865.881],[32465146.588,5899866.617],[32465149.5201,5899867.3788],[32465152.4172,5899868.1922],[32465155.2639,5899869.0826],[32465158.0448,5899870.0759],[32465160.7445,5899871.1974],[32465163.3026,5899872.5855],[32465165.5311,5899874.6153],[32465167.4292,5899877.0923],[32465169.0176,5899879.7631],[32465170.3401,5899882.4263],[32465171.5177,5899885.1681],[32465172.5653,5899887.992],[32465173.4838,5899890.8777],[32465174.2738,5899893.8049],[32465174.936,5899896.7534],[32465175.4784,5899899.7038],[32465175.9872,5899902.6542],[32465176.4878,5899905.6065],[32465176.9805,5899908.5607],[32465177.4658,5899911.5167],[32465177.944,5899914.4744],[32465178.4154,5899917.4337],[32465178.8804,5899920.3945],[32465179.3394,5899923.3568],[32465179.7928,5899926.3203],[32465180.241,5899929.2851],[32465180.6842,5899932.251],[32465181.1229,5899935.2179],[32465181.5575,5899938.1859],[32465181.9883,5899941.1546],[32465182.4156,5899944.1242],[32465182.84,5899947.0944],[32465183.2616,5899950.0653],[32465183.6809,5899953.0366],[32465184.0983,5899956.0083],[32465184.5142,5899958.9803],[32465184.9288,5899961.9526],[32465185.3426,5899964.925],[32465185.7559,5899967.8974],[32465186.1692,5899970.8697],[32465186.5827,5899973.842],[32465186.9969,5899976.8139],[32465187.4121,5899979.7856],[32465187.8287,5899982.7568],[32465188.2471,5899985.7275],[32465188.6675,5899988.6976],[32465189.0905,5899991.667],[32465189.5163,5899994.6355],[32465189.9434,5899997.6038],[32465190.3701,5900000.5721],[32465190.7963,5900003.5404],[32465191.2222,5900006.5088],[32465191.6478,5900009.4773],[32465192.0729,5900012.4458],[32465192.4977,5900015.4143],[32465192.9222,5900018.3829],[32465193.3463,5900021.3516],[32465193.7701,5900024.3203],[32465194.1936,5900027.289],[32465194.6168,5900030.2578],[32465195.0397,5900033.2267],[32465195.4624,5900036.1955],[32465195.8847,5900039.1644],[32465196.3068,5900042.1334],[32465196.7287,5900045.1024],[32465197.1503,5900048.0714],[32465197.5716,5900051.0405],[32465197.9928,5900054.0095],[32465198.4137,5900056.9787],[32465198.8345,5900059.9478],[32465199.255,5900062.917],[32465199.6754,5900065.8862],[32465200.0956,5900068.8554],[32465200.5156,5900071.8246],[32465200.9355,5900074.7939],[32465201.3553,5900077.7632],[32465201.7749,5900080.7325],[32465202.1944,5900083.7018],[32465202.6138,5900086.6712],[32465203.0331,5900089.6405],[32465203.4523,5900092.6099],[32465203.8714,5900095.5793],[32465204.2904,5900098.5487],[32465204.7094,5900101.5181],[32465205.1284,5900104.4875],[32465205.5473,5900107.4569],[32465205.9661,5900110.4263],[32465206.385,5900113.3957],[32465206.8038,5900116.3652],[32465207.2227,5900119.3346],[32465207.6415,5900122.304],[32465208.0604,5900125.2734],[32465208.4793,5900128.2428],[32465208.8982,5900131.2122],[32465209.3172,5900134.1816],[32465209.7363,5900137.151],[32465210.1554,5900140.1204],[32465210.5746,5900143.0898],[32465210.9939,5900146.0591],[32465211.4133,5900149.0285],[32465211.8328,5900151.9978],[32465212.2525,5900154.9671],[32465212.6722,5900157.9364],[32465213.0921,5900160.9057],[32465213.5122,5900163.8749],[32465213.9324,5900166.8441],[32465214.3528,5900169.8133],[32465214.7734,5900172.7825],[32465215.1941,5900175.7516],[32465215.6151,5900178.7208],[32465216.0365,5900181.6898],[32465216.4594,5900184.6588],[32465216.8838,5900187.6277],[32465217.3097,5900190.5965],[32465217.7368,5900193.5653],[32465218.1653,5900196.5339],[32465218.595,5900199.5025],[32465219.0258,5900202.4711],[32465219.4578,5900205.4395],[32465219.8907,5900208.4079],[32465220.3246,5900211.3763],[32465220.7594,5900214.3446],[32465221.195,5900217.3128],[32465221.6314,5900220.281],[32465222.0684,5900223.2492],[32465222.5061,5900226.2173],[32465222.9443,5900229.1854],[32465223.383,5900232.1535],[32465223.8221,5900235.1215],[32465224.2615,5900238.0896],[32465224.7012,5900241.0576],[32465225.1411,5900244.0256],[32465225.5812,5900246.9935],[32465226.0213,5900249.9615],[32465226.4614,5900252.9295],[32465226.9015,5900255.8975],[32465227.3414,5900258.8655],[32465227.7811,5900261.8335],[32465228.2206,5900264.8015],[32465228.6597,5900267.7696],[32465229.0985,5900270.7376],[32465229.5367,5900273.7057],[32465229.9744,5900276.6738],[32465230.4116,5900279.642],[32465230.848,5900282.6102],[32465231.2837,5900285.5784],[32465231.7186,5900288.5467],[32465232.1526,5900291.515],[32465232.5857,5900294.4834],[32465233.0177,5900297.4518],[32465233.4487,5900300.4203],[32465233.8785,5900303.3889],[32465234.3071,5900306.3576],[32465234.7345,5900309.3263],[32465235.1604,5900312.2951],[32465235.585,5900315.2639],[32465236.0081,5900318.2329],[32465236.4296,5900321.2019],[32465236.8495,5900324.1711],[32465237.2677,5900327.1403],[32465237.6841,5900330.1096],[32465238.0987,5900333.0791],[32465238.5114,5900336.0486],[32465238.9222,5900339.0183],[32465239.3309,5900341.9881],[32465239.7376,5900344.958],[32465240.142,5900347.928],[32465240.5443,5900350.8982],[32465240.9442,5900353.8685],[32465241.3418,5900356.8389],[32465241.7369,5900359.8094],[32465242.1295,5900362.7801],[32465242.5196,5900365.751],[32465242.907,5900368.722],[32465243.2917,5900371.6932],[32465243.6737,5900374.6645],[32465244.0528,5900377.636],[32465244.429,5900380.6076],[32465244.8022,5900383.5794],[32465245.1723,5900386.5514],[32465245.5394,5900389.5236],[32465245.8436,5900392.4998],[32465245.9875,5900395.4859],[32465245.9979,5900398.4801],[32465245.9044,5900401.4803],[32465245.7368,5900404.4846],[32465245.5246,5900407.4906],[32465245.2975,5900410.4965],[32465245.0852,5900413.5001],[32465244.9172,5900416.4994],[32465244.8574,5900419.5404],[32465244.7042,5900422.583],[32465243.9541,5900425.3957],[32465242.3125,5900427.891],[32465240.253,5900430.1698],[32465238.1205,5900432.3116],[32465235.6906,5900434.0596],[32465232.8725,5900435.1364],[32465229.9097,5900435.5048],[32465226.9342,5900434.9325],[32465224.1782,5900433.7496],[32465221.7482,5900431.9926],[32465219.5051,5900429.9921],[32465217.4047,5900427.85],[32465215.2735,5900425.7243],[32465213.1444,5900423.5914],[32465211.0518,5900421.4268],[32465209.0302,5900419.206],[32465207.1139,5900416.9045],[32465205.3373,5900414.4975],[32465203.6634,5900412.0138],[32465201.9933,5900409.5272],[32465200.3256,5900407.0386],[32465198.6604,5900404.5482],[32465196.9975,5900402.056],[32465195.3368,5900399.562],[32465193.6784,5900397.0663],[32465192.0221,5900394.569],[32465190.3679,5900392.07],[32465188.7157,5900389.5695],[32465187.0654,5900387.0675],[32465185.4171,5900384.564],[32465183.7706,5900382.059],[32465182.1259,5900379.5527],[32465180.4829,5900377.0451],[32465178.8415,5900374.5362],[32465177.2017,5900372.0261],[32465175.5635,5900369.5148],[32465173.9267,5900367.0024],[32465172.2913,5900364.4888],[32465170.6573,5900361.9743],[32465169.0245,5900359.4588],[32465167.393,5900356.9423],[32465165.7626,5900354.4249],[32465164.1333,5900351.9067],[32465162.5051,5900349.3877],[32465160.8778,5900346.8679],[32465159.2514,5900344.3475],[32465157.6259,5900341.8264],[32465156.0012,5900339.3047],[32465154.3772,5900336.7824],[32465152.7538,5900334.2597],[32465151.131,5900331.7365],[32465149.5088,5900329.2128],[32465147.8871,5900326.6888],[32465146.2658,5900324.1645],[32465144.6448,5900321.64],[32465143.0241,5900319.1152],[32465141.4037,5900316.5903],[32465139.7834,5900314.0652],[32465138.1632,5900311.54],[32465136.5431,5900309.0149],[32465134.923,5900306.4897],[32465133.3027,5900303.9647],[32465131.6824,5900301.4397],[32465130.0618,5900298.9149],[32465128.441,5900296.3904],[32465126.8198,5900293.8661],[32465125.1983,5900291.3421],[32465123.5763,5900288.8185],[32465121.9538,5900286.2953],[32465120.3307,5900283.7725],[32465118.707,5900281.2502],[32465117.0825,5900278.7285],[32465115.4574,5900276.2074],[32465113.8314,5900273.687],[32465112.2045,5900271.1673],[32465110.5767,5900268.6483],[32465108.9479,5900266.13],[32465107.318,5900263.6127],[32465105.6874,5900261.0958],[32465104.059,5900258.577],[32465102.4333,5900256.0559],[32465100.8102,5900253.5324],[32465099.1895,5900251.0069],[32465097.5711,5900248.4793],[32465095.9548,5900245.9499],[32465094.3406,5900243.4186],[32465092.7282,5900240.8858],[32465091.1176,5900238.3514],[32465089.5086,5900235.8156],[32465089.1298,5900235.2178],[32465006.3416,5900107.4959],[32464992.9766,5900095.4633],[32464977.3276,5900087.1678],[32464976.9344,5900087.0227],[32464974.199,5900085.7962],[32464971.754,5900084.2132],[32464969.6289,5900082.2072],[32464967.6935,5900079.9316],[32464965.9256,5900077.4564],[32464964.3046,5900074.8502],[32464962.8097,5900072.1816],[32464961.4196,5900069.5181],[32464960.0653,5900066.8155],[32464958.7704,5900064.0316],[32464957.6188,5900061.1861],[32464956.6941,5900058.2989],[32464956.0803,5900055.3895],[32464955.8552,5900052.4755],[32464955.9812,5900049.5434],[32464956.366,5900046.5907],[32464956.9265,5900043.6225],[32464957.5794,5900040.6437],[32464958.2416,5900037.6594],[32464958.8299,5900034.6745],[32464959.2611,5900031.6939],[32464958.9663,5900019.5795],[32464951.4199,5900003.4691],[32464932.6605,5899973.2244],[32464932.3965,5899972.8082],[32464930.7911,5899970.2603],[32464929.198,5899967.708],[32464927.6204,5899965.1502],[32464926.0618,5899962.5856],[32464835.6781,5899825.9077],[32464834.8304,5899824.6403],[32464833.1647,5899822.1456],[32464831.5011,5899819.6496],[32464829.84,5899817.1521],[32464828.1814,5899814.6531],[32464826.5255,5899812.1524],[32464824.8726,5899809.6499],[32464823.2229,5899807.1456],[32464821.5764,5899804.6392],[32464819.9334,5899802.1307],[32464818.2942,5899799.6199],[32464816.6588,5899797.1068],[32464815.0274,5899794.5913],[32464813.4003,5899792.0732],[32464811.7776,5899789.5524],[32464810.1596,5899787.0287],[32464808.5463,5899784.5022],[32464806.9381,5899781.9727],[32464805.335,5899779.44],[32464803.7373,5899776.904],[32464802.1451,5899774.3647],[32464800.5586,5899771.8219],[32464798.9781,5899769.2755],[32464797.4037,5899766.7254],[32464795.8356,5899764.1715],[32464794.2739,5899761.6136],[32464792.7189,5899759.0517],[32464791.17,5899756.4861],[32464789.6259,5899753.9175],[32464788.0866,5899751.3459],[32464786.552,5899748.7714],[32464785.022,5899746.1942],[32464783.4964,5899743.6141],[32464781.9751,5899741.0314],[32464780.4582,5899738.446],[32464778.9454,5899735.8581],[32464777.4366,5899733.2677],[32464775.9318,5899730.6748],[32464774.4309,5899728.0796],[32464772.9338,5899725.482],[32464771.4403,5899722.8822],[32464769.9503,5899720.2803],[32464768.4639,5899717.6762],[32464766.9808,5899715.07],[32464765.5009,5899712.4619],[32464764.0242,5899709.8519],[32464762.5506,5899707.24],[32464761.0799,5899704.6263],[32464759.612,5899702.0108],[32464758.147,5899699.3937],[32464756.6846,5899696.775],[32464755.2247,5899694.1548],[32464753.7673,5899691.5331],[32464752.3122,5899688.91],[32464750.8594,5899686.2855],[32464749.4088,5899683.6598],[32464747.9602,5899681.0328],[32464746.5135,5899678.4047],[32464745.0687,5899675.7755],[32464743.6257,5899673.1453],[32464742.1843,5899670.5142],[32464740.7445,5899667.8821],[32464739.3061,5899665.2492],[32464737.869,5899662.6155],[32464736.4332,5899659.9812],[32464734.9986,5899657.3462],[32464733.565,5899654.7106],[32464732.1323,5899652.0745],[32464730.7005,5899649.438],[32464729.2694,5899646.8011],[32464727.839,5899644.1639],[32464726.4091,5899641.5264],[32464724.9797,5899638.8888],[32464723.5506,5899636.251],[32464722.1217,5899633.6131],[32464720.693,5899630.9753],[32464719.2643,5899628.3375],[32464717.8356,5899625.6999],[32464716.4067,5899623.0625],[32464714.9776,5899620.4253],[32464713.5481,5899617.7885],[32464712.1181,5899615.152],[32464710.6876,5899612.5161],[32464709.2564,5899609.8806],[32464707.8244,5899607.2457],[32464706.3916,5899604.6115],[32464704.9578,5899601.9779],[32464703.521,5899599.3453],[32464702.0763,5899596.7138],[32464700.6251,5899594.0828],[32464699.1695,5899591.4518],[32464697.7114,5899588.8202],[32464696.2527,5899586.1873],[32464694.7954,5899583.5527],[32464693.3414,5899580.9157],[32464691.8926,5899578.2757],[32464690.4511,5899575.6323],[32464689.0188,5899572.9847],[32464687.5975,5899570.3324],[32464686.1894,5899567.6748],[32464684.7962,5899565.0113],[32464683.42,5899562.3415],[32464682.0627,5899559.6646],[32464680.7262,5899556.9801],[32464679.4126,5899554.2874],[32464678.1237,5899551.5859],[32464676.8615,5899548.8751],[32464675.6279,5899546.1543],[32464674.425,5899543.423],[32464673.2545,5899540.6806],[32464672.1186,5899537.9266],[32464671.0356,5899535.152],[32464670.0424,5899532.339],[32464669.1335,5899529.4909],[32464668.302,5899526.6118],[32464667.5404,5899523.7059],[32464666.8418,5899520.7774],[32464666.1988,5899517.8305],[32464665.6044,5899514.8693],[32464665.0512,5899511.898],[32464664.5323,5899508.9208],[32464664.0403,5899505.9419],[32464663.5681,5899502.9655],[32464663.1085,5899499.9956],[32464662.6544,5899497.0366],[32464662.2348,5899494.0727],[32464661.9,5899491.0825],[32464661.6534,5899488.0743],[32464661.4984,5899485.0565],[32464661.4383,5899482.0373],[32464661.4763,5899479.025],[32464661.6159,5899476.0281],[32464661.8602,5899473.0548],[32464662.2174,5899470.0975],[32464662.6927,5899467.1377],[32464663.2794,5899464.1833],[32464663.9703,5899461.2424],[32464664.7583,5899458.3233],[32464665.6363,5899455.4344],[32464666.5974,5899452.5838],[32464667.6343,5899449.7798],[32464668.7243,5899446.9888],[32464669.8606,5899444.1909],[32464671.0553,5899441.4034],[32464672.3206,5899438.6441],[32464673.6686,5899435.9305],[32464675.1115,5899433.2801],[32464676.6615,5899430.7105],[32464678.3307,5899428.2394],[32464680.1288,5899425.8811],[32464682.0123,5899423.5832],[32464683.9578,5899421.3215],[32464685.9608,5899419.0958],[32464688.0172,5899416.9061],[32464690.1224,5899414.7525],[32464692.2722,5899412.6349],[32464694.462,5899410.5533],[32464696.6877,5899408.5077],[32464698.9447,5899406.4982],[32464701.2288,5899404.5247],[32464703.5356,5899402.5871],[32464705.8606,5899400.6856],[32464708.1996,5899398.8183],[32464710.55,5899396.966],[32464712.9113,5899395.1235],[32464715.2834,5899393.2912],[32464717.6661,5899391.4693],[32464720.0592,5899389.6582],[32464722.4625,5899387.8581],[32464724.8757,5899386.0695],[32464727.2988,5899384.2925],[32464729.7313,5899382.5275],[32464732.1733,5899380.7747],[32464734.6244,5899379.0345],[32464737.0845,5899377.3073],[32464739.5534,5899375.5932],[32464742.0308,5899373.8925],[32464744.5166,5899372.2057],[32464747.0105,5899370.533],[32464749.5124,5899368.8746],[32464752.0221,5899367.231],[32464754.5393,5899365.6023],[32464757.0639,5899363.989],[32464759.5956,5899362.3912],[32464762.1342,5899360.8094],[32464764.695,5899359.2681],[32464767.3092,5899357.8171],[32464769.97,5899356.4445],[32464772.6687,5899355.1362],[32464775.397,5899353.8781],[32464778.1464,5899352.6559],[32464780.9083,5899351.4556],[32464783.6743,5899350.2629],[32464785.3453,5899349.5373],[32464797.2691,5899343.9186],[32464807.1791,5899336.9636],[32464812.5729,5899326.4554],[32464818.6558,5899306.2007],[32464822.5183,5899285.5499],[32464822.3234,5899273.56],[32464818.7063,5899268.788],[32464812.6429,5899269.3969],[32464810.777,5899271.4799],[32464805.9836,5899284.9397],[32464805.7593,5899285.8369],[32464805.0186,5899288.7558],[32464804.1874,5899291.6393],[32464803.1854,5899294.4551],[32464802.0547,5899297.2371],[32464800.8734,5899300.021],[32464799.6285,5899302.7846],[32464798.3065,5899305.5057],[32464796.8944,5899308.162],[32464795.3787,5899310.7313],[32464793.7428,5899313.19],[32464791.7728,5899315.431],[32464789.4504,5899317.4031],[32464786.9182,5899319.1139],[32464784.3079,5899320.5822],[32464781.6356,5899321.911],[32464778.9079,5899323.1484],[32464776.1427,5899324.3248],[32464773.3578,5899325.4707],[32464770.571,5899326.6168],[32464767.8001,5899327.7935],[32464766.7404,5899328.2728],[32464762.3772,5899330.3611],[32464729.0681,5899350.6756],[32464679.4887,5899392.185],[32464678.5324,5899393.0313],[32464676.2798,5899395.0155],[32464674.022,5899396.9925],[32464671.7577,5899398.9609],[32464669.486,5899400.9191],[32464667.2056,5899402.8655],[32464664.9156,5899404.7988],[32464662.6147,5899406.7173],[32464660.2642,5899408.6061],[32464657.7685,5899410.3698],[32464655.1557,5899411.893],[32464652.4595,5899413.0601],[32464649.4311,5899413.5135],[32464646.427,5899413.0385],[32464643.6618,5899411.8092],[32464641.0486,5899410.0736],[32464639.0965,5899407.8825],[32464637.8291,5899405.2516],[32464636.9727,5899402.3054],[32464636.4814,5899399.2399],[32464636.2933,5899396.2343],[32464636.2143,5899393.2531],[32464636.1913,5899390.2656],[32464636.2152,5899387.2726],[32464636.277,5899384.275],[32464636.3677,5899381.2739],[32464636.4784,5899378.2703],[32464636.6001,5899375.2649],[32464636.7237,5899372.2589],[32464636.8403,5899369.2532],[32464636.8899,5899367.7692],[32464637.4256,5899342.2133],[32464635.5323,5899324.2077],[32464629.2299,5899310.9232],[32464614.4908,5899294.3313],[32464613.1004,5899292.9],[32464610.9613,5899290.7611],[32464608.8469,5899288.6085],[32464606.8163,5899286.4013],[32464604.9288,5899284.0986],[32464603.2366,5899281.6625],[32464601.6504,5899279.121],[32464600.1472,5899276.4988],[32464598.755,5899273.8035],[32464597.5019,5899271.0426],[32464596.4157,5899268.2237],[32464595.5245,5899265.3543],[32464594.8287,5899262.446],[32464594.173,5899259.5295],[32464593.528,5899256.6098],[32464592.8931,5899253.6871],[32464592.2679,5899250.7615],[32464591.6519,5899247.833],[32464591.0446,5899244.902],[32464590.4455,5899241.9684],[32464589.8541,5899239.0325],[32464589.27,5899236.0943],[32464588.6926,5899233.1541],[32464588.1215,5899230.2119],[32464587.5561,5899227.2679],[32464586.996,5899224.3222],[32464586.4407,5899221.375],[32464585.8896,5899218.4264],[32464585.3423,5899215.4765],[32464584.7984,5899212.5256],[32464584.2572,5899209.5736],[32464583.7184,5899206.6209],[32464583.1814,5899203.6674],[32464582.6458,5899200.7134],[32464582.1109,5899197.759],[32464581.5765,5899194.8043],[32464581.0419,5899191.8494],[32464580.5067,5899188.8945],[32464579.9704,5899185.9398],[32464579.563,5899183.7027],[32464570.2114,5899135.8641],[32464553.3414,5899060.1651],[32464553.25,5899059.7656],[32464552.5802,5899056.8424],[32464551.9099,5899053.9193],[32464551.239,5899050.9963],[32464550.5677,5899048.0734],[32464549.8961,5899045.1506],[32464549.2243,5899042.2278],[32464548.5522,5899039.3051],[32464547.8801,5899036.3824],[32464547.2079,5899033.4596],[32464546.5358,5899030.5369],[32464545.8638,5899027.6141],[32464545.192,5899024.6913],[32464544.5205,5899021.7685],[32464543.8494,5899018.8455],[32464543.1787,5899015.9225],[32464542.5085,5899012.9993],[32464541.8389,5899010.076],[32464541.17,5899007.1526],[32464540.5019,5899004.229],[32464539.8345,5899001.3052],[32464539.1681,5898998.3812],[32464538.5026,5898995.457],[32464537.8382,5898992.5326],[32464537.175,5898989.608],[32464536.5129,5898986.6831],[32464535.8522,5898983.7579],[32464535.1928,5898980.8324],[32464534.5348,5898977.9066],[32464533.8784,5898974.9805],[32464533.2236,5898972.0541],[32464532.5705,5898969.1273],[32464531.9191,5898966.2001],[32464531.2662,5898963.2728],[32464530.6097,5898960.3456],[32464529.95,5898957.4185],[32464529.2877,5898954.4914],[32464528.6236,5898951.5643],[32464527.9582,5898948.6371],[32464527.2921,5898945.7097],[32464526.626,5898942.7822],[32464525.9604,5898939.8544],[32464525.2959,5898936.9264],[32464524.6331,5898933.998],[32464523.9728,5898931.0693],[32464523.3153,5898928.1401],[32464522.6615,5898925.2105],[32464522.0119,5898922.2803],[32464521.367,5898919.3496],[32464520.7275,5898916.4182],[32464520.0941,5898913.4862],[32464519.4673,5898910.5535],[32464518.8477,5898907.62],[32464518.2359,5898904.6857],[32464517.6326,5898901.7505],[32464517.0383,5898898.8144],[32464516.4537,5898895.8774],[32464515.8794,5898892.9393],[32464515.3159,5898890.0002],[32464514.764,5898887.06],[32464514.2241,5898884.1186],[32464513.7892,5898881.1431],[32464513.5652,5898878.1173],[32464513.5441,5898875.0775],[32464513.7175,5898872.0604],[32464514.0771,5898869.1027],[32464514.8492,5898866.2714],[32464515.3832,5898865.2749],[32464518.8778,5898855.0334],[32464508.5569,5898834.6483],[32464507.9367,5898833.72],[32464506.2993,5898831.1671],[32464504.8147,5898828.5602],[32464503.5793,5898825.8639],[32464502.6823,5898823.0452],[32464501.9438,5898820.1687],[32464501.2493,5898817.2759],[32464500.5951,5898814.3681],[32464499.978,5898811.4468],[32464499.3943,5898808.5132],[32464498.8407,5898805.5687],[32464498.3136,5898802.6148],[32464497.8096,5898799.6527],[32464497.3251,5898796.6839],[32464496.8569,5898793.7096],[32464496.4013,5898790.7313],[32464495.9548,5898787.7504],[32464495.5142,5898784.7681],[32464495.0757,5898781.7859],[32464494.8172,5898780.0332],[32464493.647,5898772.2643],[32464493.275,5898769.885],[32464492.7966,5898766.9233],[32464492.329,5898763.9605],[32464491.8826,5898760.9933],[32464491.4543,5898758.0222],[32464491.041,5898755.0481],[32464490.9309,5898754.2315],[32464483.9077,5898707.6037],[32464471.881,5898669.0514],[32464471.3817,5898667.5419],[32464470.4587,5898664.6871],[32464469.4819,5898661.8424],[32464468.4652,5898659.0055],[32464467.4417,5898656.1702],[32464466.4445,5898653.3304],[32464465.5066,5898650.4801],[32464464.6611,5898647.613],[32464463.9411,5898644.723],[32464463.3769,5898641.791],[32464462.9827,5898638.7971],[32464462.7682,5898635.7709],[32464462.7426,5898632.7439],[32464462.9156,5898629.7477],[32464463.2825,5898626.7958],[32464463.7786,5898623.8233],[32464464.4076,5898620.8493],[32464465.1851,5898617.9075],[32464466.1266,5898615.0317],[32464467.2475,5898612.2556],[32464468.5714,5898609.6131],[32464470.1644,5898607.1161],[32464471.9702,5898604.7261],[32464472.7497,5898603.7884],[32464481.2486,5898592.8492],[32464485.1509,5898584.6014],[32464486.1278,5898572.7351],[32464484.5185,5898560.7479],[32464469.4448,5898521.4985],[32464465.314,5898517.4914],[32464462.4504,5898517.9367],[32464460.4074,5898523.57],[32464459.9046,5898535.6564],[32464464.9984,5898553.0703],[32464465.8923,5898555.7256],[32464466.7519,5898558.5982],[32464467.4642,5898561.5002],[32464468.0588,5898564.4729],[32464468.525,5898567.4973],[32464468.8156,5898570.5264],[32464468.8835,5898573.5135],[32464468.655,5898576.413],[32464467.4901,5898579.1847],[32464465.6398,5898581.687],[32464463.5847,5898583.8786],[32464461.2534,5898585.8799],[32464458.7541,5898587.5295],[32464455.7614,5898588.4389],[32464453.1985,5898587.2509],[32464451.2766,5898585.0495],[32464449.5041,5898582.5448],[32464447.9485,5898579.8498],[32464446.677,5898577.0778],[32464445.5531,5898574.3027],[32464444.431,5898571.5263],[32464443.3105,5898568.7488],[32464442.1917,5898565.97],[32464441.0746,5898563.1901],[32464439.9593,5898560.4091],[32464438.8456,5898557.6269],[32464437.7336,5898554.8437],[32464436.6233,5898552.0594],[32464435.5147,5898549.2741],[32464434.4078,5898546.4877],[32464433.3025,5898543.7003],[32464432.199,5898540.912],[32464431.0971,5898538.1227],[32464429.9969,5898535.3324],[32464428.8983,5898532.5412],[32464427.8014,5898529.7492],[32464426.7062,5898526.9562],[32464425.6127,5898524.1624],[32464424.5208,5898521.3678],[32464423.4306,5898518.5724],[32464422.342,5898515.7762],[32464421.2551,5898512.9792],[32464420.1699,5898510.1815],[32464419.0862,5898507.383],[32464418.0043,5898504.5839],[32464416.924,5898501.784],[32464415.8453,5898498.9835],[32464414.7682,5898496.1824],[32464413.6928,5898493.3807],[32464412.6191,5898490.5784],[32464411.5469,5898487.7754],[32464410.4764,5898484.972],[32464409.4075,5898482.168],[32464408.3402,5898479.3635],[32464407.2746,5898476.5585],[32464406.2106,5898473.7531],[32464405.1482,5898470.9472],[32464404.0873,5898468.1409],[32464403.0282,5898465.3342],[32464401.9706,5898462.5271],[32464400.9146,5898459.7197],[32464399.8602,5898456.9119],[32464398.8074,5898454.1038],[32464397.7563,5898451.2954],[32464396.7067,5898448.4868],[32464395.6587,5898445.6779],[32464394.6123,5898442.8688],[32464393.5675,5898440.0594],[32464392.5242,5898437.2499],[32464391.4826,5898434.4403],[32464390.4425,5898431.6304],[32464389.4225,5898428.8115],[32464388.5304,5898425.9362],[32464387.7828,5898423.012],[32464387.1784,5898420.0552],[32464386.7161,5898417.0825],[32464386.3945,5898414.1104],[32464386.3135,5898411.1264],[32464386.5125,5898408.1111],[32464386.7508,5898405.944],[32464387.1796,5898396.1144],[32464383.9195,5898385.8892],[32464383.45,5898384.7969],[32464382.2564,5898382.0022],[32464381.1771,5898379.1808],[32464380.2916,5898376.3166],[32464379.4831,5898373.4242],[32464378.7398,5898370.5101],[32464378.0811,5898367.5772],[32464377.5263,5898364.6282],[32464377.0947,5898361.6658],[32464376.7889,5898358.6874],[32464376.5804,5898355.6942],[32464376.4377,5898352.6911],[32464376.3293,5898349.6827],[32464376.2237,5898346.6741],[32464376.1994,5898346.1305],[32464375.1994,5898334.733],[32464367.9249,5898304.2718],[32464367.4945,5898302.6612],[32464366.7248,5898299.7561],[32464365.9669,5898296.8488],[32464365.2259,5898293.9386],[32464364.5074,5898291.0244],[32464363.8166,5898288.1055],[32464363.1589,5898285.1809],[32464362.5396,5898282.2498],[32464361.9641,5898279.3113],[32464361.4375,5898276.3644],[32464360.9571,5898273.4096],[32464360.5168,5898270.4477],[32464360.1123,5898267.4795],[32464359.7397,5898264.5057],[32464359.3949,5898261.527],[32464359.0738,5898258.5442],[32464358.7723,5898255.5579],[32464358.4864,5898252.5689],[32464358.2119,5898249.5779],[32464357.9448,5898246.5857],[32464357.681,5898243.5928],[32464357.4164,5898240.6002],[32464357.147,5898237.6084],[32464357.0174,5898236.2163],[32464354.7831,5898216.7509],[32464350.4395,5898197.7605],[32464350.0337,5898196.3221],[32464349.2253,5898193.4265],[32464348.4459,5898190.5253],[32464347.7163,5898187.6145],[32464347.0571,5898184.6903],[32464346.4867,5898181.7494],[32464345.9527,5898178.8007],[32464345.4278,5898175.8491],[32464344.9124,5898172.8948],[32464344.4072,5898169.9378],[32464343.9127,5898166.9784],[32464343.4295,5898164.0165],[32464342.9581,5898161.0524],[32464342.4991,5898158.0862],[32464342.0531,5898155.118],[32464341.6206,5898152.1479],[32464341.2022,5898149.176],[32464340.7985,5898146.2025],[32464340.41,5898143.2275],[32464340.0372,5898140.2511],[32464339.6808,5898137.2734],[32464339.3412,5898134.2945],[32464339.0192,5898131.3146],[32464338.7148,5898128.3338],[32464338.422,5898125.3506],[32464338.1388,5898122.365],[32464337.8657,5898119.377],[32464337.6033,5898116.3869],[32464337.3519,5898113.395],[32464337.1121,5898110.4015],[32464336.8843,5898107.4067],[32464336.6691,5898104.4108],[32464336.4669,5898101.414],[32464336.2782,5898098.4165],[32464336.1035,5898095.4187],[32464335.9432,5898092.4208],[32464335.7979,5898089.423],[32464335.668,5898086.4255],[32464335.554,5898083.4286],[32464335.4564,5898080.4326],[32464335.3756,5898077.4376],[32464335.3122,5898074.444],[32464335.2667,5898071.4519],[32464335.2444,5898068.4611],[32464335.3008,5898065.4672],[32464335.4452,5898062.4709],[32464335.6697,5898059.4746],[32464335.9663,5898056.4808],[32464336.3271,5898053.4921],[32464336.7443,5898050.5108],[32464337.2099,5898047.5395],[32464337.7161,5898044.5806],[32464338.2565,5898041.6363],[32464338.8487,5898038.7029],[32464339.4939,5898035.7782],[32464340.1852,5898032.8613],[32464340.9157,5898029.9513],[32464341.6784,5898027.0474],[32464342.4663,5898024.1488],[32464343.2726,5898021.2546],[32464344.0902,5898018.364],[32464344.9121,5898015.4761],[32464345.7315,5898012.5901],[32464346.5777,5898009.7114],[32464347.5065,5898006.8498],[32464348.4891,5898004.0],[32464349.4945,5898001.1564],[32464350.4915,5897998.3133],[32464351.4489,5897995.4649],[32464352.3355,5897992.6057],[32464354.3978,5897980.8225],[32464353.2832,5897971.8995],[32464350.0348,5897962.1745],[32464349.4175,5897960.5624],[32464348.3245,5897957.7475],[32464347.2526,5897954.9266],[32464346.2375,5897952.0925],[32464345.3151,5897949.2384],[32464344.4858,5897946.3441],[32464343.7632,5897943.3986],[32464343.2515,5897940.4285],[32464343.0559,5897937.4607],[32464343.1474,5897934.4818],[32464343.4244,5897931.4807],[32464343.8873,5897928.4888],[32464344.5369,5897925.5373],[32464345.3703,5897922.6557],[32464346.2849,5897919.8081],[32464347.2292,5897916.9684],[32464348.1996,5897914.1358],[32464349.1928,5897911.3092],[32464350.2052,5897908.4876],[32464351.2333,5897905.6701],[32464352.2737,5897902.8557],[32464353.323,5897900.0434],[32464354.3776,5897897.2322],[32464355.4341,5897894.4212],[32464356.489,5897891.6094],[32464357.5389,5897888.7958],[32464358.5234,5897886.1331],[32464364.4549,5897868.9677],[32464368.5935,5897854.0638],[32464369.2113,5897851.5795],[32464369.9244,5897848.6532],[32464370.6297,5897845.7245],[32464371.3328,5897842.7954],[32464372.0391,5897839.868],[32464372.7542,5897836.9445],[32464373.4838,5897834.027],[32464374.2334,5897831.1175],[32464375.0086,5897828.2182],[32464375.8149,5897825.3311],[32464376.658,5897822.4584],[32464377.5434,5897819.6021],[32464378.4766,5897816.7644],[32464379.4633,5897813.9473],[32464380.5091,5897811.1531],[32464381.6186,5897808.3833],[32464382.7672,5897805.6271],[32464383.9406,5897802.8784],[32464385.1378,5897800.1371],[32464386.3579,5897797.4032],[32464387.6,5897794.6766],[32464388.8632,5897791.9572],[32464390.1467,5897789.2449],[32464391.4495,5897786.5397],[32464392.7708,5897783.8415],[32464394.1096,5897781.1502],[32464395.465,5897778.4658],[32464396.8361,5897775.7881],[32464398.2221,5897773.1171],[32464399.622,5897770.4528],[32464401.0349,5897767.795],[32464402.46,5897765.1436],[32464403.8963,5897762.4987],[32464405.343,5897759.8601],[32464406.7991,5897757.2278],[32464408.2638,5897754.6017],[32464409.7361,5897751.9816],[32464411.2151,5897749.3676],[32464412.7,5897746.7596],[32464414.1899,5897744.1574],[32464415.6838,5897741.5611],[32464417.1808,5897738.9705],[32464418.6801,5897736.3856],[32464420.2385,5897733.8429],[32464421.9703,5897731.4147],[32464423.8443,5897729.0808],[32464425.8237,5897726.8174],[32464427.8717,5897724.6005],[32464429.9515,5897722.4064],[32464432.0262,5897720.2111],[32464434.059,5897717.9907],[32464436.057,5897715.7524],[32464438.1123,5897713.5609],[32464439.4563,5897712.1679],[32464448.2384,5897702.5015],[32464452.7907,5897695.7357],[32464453.2281,5897695.0173],[32464454.7415,5897692.4043],[32464456.2365,5897689.7777],[32464457.7467,5897687.1647],[32464459.3062,5897684.5925],[32464460.9487,5897682.0886],[32464462.7082,5897679.6801],[32464464.6182,5897677.3941],[32464466.6198,5897675.1824],[32464468.651,5897672.9944],[32464470.7095,5897670.8284],[32464472.7931,5897668.6826],[32464474.8997,5897666.5554],[32464477.027,5897664.4452],[32464479.1728,5897662.3501],[32464481.335,5897660.2685],[32464483.5114,5897658.1988],[32464485.6998,5897656.1392],[32464487.898,5897654.088],[32464490.1038,5897652.0436],[32464492.315,5897650.0042],[32464494.5294,5897647.9682],[32464496.7448,5897645.9339],[32464498.9591,5897643.8996],[32464501.17,5897641.8635],[32464503.3753,5897639.8241],[32464505.573,5897637.7796],[32464507.7611,5897635.7283],[32464509.9449,5897633.6698],[32464512.1273,5897631.6059],[32464514.3095,5897629.5387],[32464516.4926,5897627.4702],[32464518.6778,5897625.4026],[32464520.8661,5897623.3378],[32464523.0586,5897621.278],[32464525.2566,5897619.2252],[32464527.4611,5897617.1815],[32464529.6732,5897615.1489],[32464531.8942,5897613.1295],[32464534.125,5897611.1254],[32464536.3669,5897609.1387],[32464538.6209,5897607.1714],[32464540.8883,5897605.2256],[32464543.17,5897603.3033],[32464545.4673,5897601.4066],[32464547.8748,5897599.622],[32464550.5832,5897598.1972],[32464553.4652,5897597.1688],[32464556.3781,5897596.5583],[32464559.3741,5897596.2348],[32464562.463,5897596.149],[32464565.5294,5897596.3676],[32464568.4578,5897596.9576],[32464571.1403,5897598.0339],[32464573.5934,5897599.7035],[32464575.9356,5897601.6911],[32464575.9995,5897601.7454],[32464580.7738,5897605.392],[32464589.1945,5897608.4731],[32464601.054,5897610.4368],[32464612.8339,5897608.7327],[32464614.0566,5897603.066],[32464602.431,5897589.1309],[32464602.4015,5897589.0999],[32464600.3894,5897586.8483],[32464598.5744,5897584.5082],[32464597.0639,5897582.0246],[32464596.0618,5897579.1777],[32464595.6326,5897576.0829],[32464595.7507,5897573.0428],[32464596.3821,5897570.1845],[32464597.4535,5897567.3403],[32464598.8822,5897564.6081],[32464600.5861,5897562.0958],[32464602.4631,5897559.7963],[32464604.437,5897557.5652],[32464606.4881,5897555.3874],[32464608.5974,5897553.2496],[32464610.7457,5897551.1388],[32464612.9139,5897549.0416],[32464615.0829,5897546.945],[32464617.2336,5897544.8357],[32464619.3468,5897542.7006],[32464723.4774,5897445.1577],[32464800.9102,5897391.3144],[32464818.7663,5897376.4338],[32464833.5831,5897356.5962],[32464885.0827,5897286.8136],[32465006.4093,5897115.3152],[32465025.3101,5897088.2613],[32465027.0143,5897085.7875],[32465028.7166,5897083.3118],[32465030.4175,5897080.8347],[32465032.1172,5897078.3565],[32465033.8161,5897075.8775],[32465035.5147,5897073.3982],[32465037.2132,5897070.9189],[32465038.9121,5897068.4401],[32465040.6117,5897065.962],[32465042.3124,5897063.4852],[32465044.0146,5897061.0099],[32465045.7186,5897058.5366],[32465047.4248,5897056.0656],[32465049.1336,5897053.5973],[32465050.8453,5897051.1321],[32465052.5604,5897048.6704],[32465054.2791,5897046.2126],[32465056.0019,5897043.759],[32465057.7292,5897041.3101],[32465059.4612,5897038.8662],[32465061.1985,5897036.4276],[32465062.9413,5897033.9949],[32465064.69,5897031.5683],[32465066.445,5897029.1482],[32465068.2067,5897026.7351],[32465069.9754,5897024.3293],[32465071.7515,5897021.9312],[32465073.5353,5897019.5411],[32465075.617,5897017.389],[32465078.218,5897015.7491],[32465081.0079,5897014.5229],[32465083.8747,5897013.6903],[32465086.9373,5897013.4042],[32465089.9042,5897013.7298],[32465092.8097,5897014.4385],[32465095.6925,5897015.4033],[32465098.4738,5897016.6296],[32465101.0775,5897018.1197],[32465103.5856,5897019.7346],[32465106.0731,5897021.389],[32465108.5423,5897023.0783],[32465110.9956,5897024.7978],[32465113.4352,5897026.5428],[32465115.8637,5897028.3087],[32465118.2832,5897030.0907],[32465120.6962,5897031.8843],[32465123.1051,5897033.6847],[32465125.5121,5897035.4873],[32465127.9196,5897037.2874],[32465130.3301,5897039.0803],[32465132.7458,5897040.8614],[32465135.1578,5897042.6508],[32465137.544,5897044.4969],[32465139.9125,5897046.3807],[32465140.281,5897046.6772],[32465156.8057,5897058.7146],[32465165.8122,5897058.2983],[32465170.1857,5897054.3649],[32465172.3668,5897048.6549],[32465172.141,5897042.5233],[32465128.1747,5897007.0742],[32465127.7748,5897006.7609],[32465125.4072,5897004.8915],[32465123.0513,5897003.0139],[32465120.7094,5897001.1268],[32465118.3836,5896999.229],[32465116.0759,5896997.3192],[32465113.7884,5896995.3959],[32465111.5234,5896993.4579],[32465109.2828,5896991.504],[32465107.1142,5896989.4734],[32465105.6162,5896986.7634],[32465104.9719,5896983.6899],[32465105.0597,5896980.7414],[32465105.3265,5896977.7525],[32465105.7361,5896974.7241],[32465106.3272,5896971.7101],[32465107.1388,5896968.7646],[32465108.2095,5896965.9415],[32465109.5694,5896963.2888],[32465111.0425,5896960.7046],[32465112.5446,5896958.1336],[32465114.0736,5896955.5748],[32465115.6275,5896953.0271],[32465117.2042,5896950.4897],[32465118.8018,5896947.9616],[32465120.418,5896945.4417],[32465122.051,5896942.9291],[32465123.6986,5896940.4229],[32465125.3589,5896937.922],[32465127.0297,5896935.4254],[32465128.709,5896932.9323],[32465130.3948,5896930.4416],[32465132.0851,5896927.9523],[32465133.7777,5896925.4635],[32465135.4707,5896922.9742],[32465158.0432,5896887.5098],[32465184.5197,5896832.5019],[32465185.3795,5896830.618],[32465186.6729,5896827.9008],[32465188.0224,5896825.2247],[32465189.4437,5896822.6015],[32465190.9529,5896820.0427],[32465192.5659,5896817.5603],[32465194.319,5896815.1816],[32465196.2532,5896812.9381],[32465198.3352,5896810.8046],[32465200.5283,5896808.7531],[32465202.7962,5896806.7558],[32465205.1025,5896804.7852],[32465211.8851,5896798.7522],[32465218.0278,5896792.1495],[32465220.0084,5896789.8758],[32465221.9865,5896787.603],[32465223.9818,5896785.3552],[32465226.0131,5896783.1555],[32465228.0994,5896781.027],[32465230.2657,5896778.9952],[32465232.7987,5896777.2479],[32465235.6192,5896776.0565],[32465238.5168,5896775.6353],[32465241.6349,5896776.0525],[32465244.3348,5896777.3054],[32465246.4171,5896779.3238],[32465248.2333,5896781.7852],[32465250.0074,5896784.3113],[32465251.8304,5896786.7496],[32465252.2592,5896787.3694],[32465255.5258,5896791.5179],[32465258.0912,5896792.7661],[32465264.2535,5896792.301],[32465270.3143,5896787.8454],[32465285.9303,5896771.6765],[32465291.609,5896761.2646],[32465290.4772,5896755.3119],[32465287.9248,5896750.0952],[32465287.8457,5896749.9423],[32465286.3763,5896747.2927],[32465284.8645,5896744.6543],[32465283.3552,5896742.0177],[32465281.8934,5896739.3739],[32465280.524,5896736.7135],[32465279.2921,5896734.0272],[32465278.5944,5896731.025],[32465279.6274,5896728.1718],[32465281.8954,5896726.4622],[32465284.596,5896725.0272],[32465287.5057,5896723.8615],[32465290.4093,5896722.9491],[32465293.2836,5896722.105],[32465296.159,5896721.2641],[32465299.0355,5896720.4262],[32465301.9132,5896719.5913],[32465304.7919,5896718.7593],[32465307.6716,5896717.9299],[32465310.5523,5896717.1031],[32465313.4339,5896716.2789],[32465316.3164,5896715.457],[32465319.1997,5896714.6373],[32465322.0839,5896713.8199],[32465324.9688,5896713.0044],[32465327.8545,5896712.1909],[32465330.7408,5896711.3792],[32465333.6278,5896710.5692],[32465336.5154,5896709.7608],[32465339.4036,5896708.9539],[32465342.2923,5896708.1484],[32465345.1815,5896707.3441],[32465348.0711,5896706.5409],[32465350.9612,5896705.7388],[32465353.8516,5896704.9376],[32465356.7423,5896704.1372],[32465359.6333,5896703.3374],[32465362.5246,5896702.5383],[32465365.4161,5896701.7396],[32465368.3077,5896700.9413],[32465371.1995,5896700.1432],[32465373.5838,5896699.4853],[32465489.5221,5896666.6532],[32465650.4612,5896618.6798],[32465772.6289,5896577.3558],[32465854.3985,5896547.7779],[32466015.0712,5896481.1789],[32466017.8383,5896480.0222],[32466020.6068,5896478.8692],[32466023.3763,5896477.7189],[32466026.1469,5896476.5713],[32466028.9176,5896475.4193],[32466031.6847,5896474.2359],[32466034.4505,5896473.0343],[32466037.218,5896471.8323],[32466039.99,5896470.648],[32466042.7695,5896469.4991],[32466045.5596,5896468.4036],[32466048.363,5896467.3794],[32466051.1828,5896466.4445],[32466054.0671,5896465.7627],[32466057.1005,5896465.7196],[32466060.1293,5896466.0512],[32466063.1388,5896466.5718],[32466063.8864,5896466.8319],[32466047.69,5896527.3],[32465946.4,5896656.41],[32465923.78,5896683.46],[32465888.19,5896727.3],[32465884.58,5896731.91],[32465880.3,5896737.39],[32465846.68,5896780.3],[32465769.0,5896881.08],[32465694.78,5896975.74],[32465683.98,5896989.28],[32465652.96,5897028.1],[32465615.51,5897077.93],[32465574.03,5897128.37],[32465553.79,5897155.51],[32465545.33,5897166.61],[32465469.19,5897261.28],[32465464.14,5897268.68],[32465450.67,5897339.06],[32465437.55,5897408.1],[32465430.84,5897443.43],[32465419.99,5897500.63],[32465411.94,5897539.53],[32465403.2,5897589.65],[32465403.02,5897590.69],[32465415.64,5897594.75],[32465464.2511,5897609.5604]]],[[[32466020.2802,5916721.0646],[32465106.3823,5916728.5477],[32465066.326,5916505.3259],[32465064.2853,5916484.4117],[32465067.3458,5916480.3308],[32465081.1186,5916480.8408],[32465089.7904,5916485.9417],[32465116.3161,5916511.4464],[32465120.907,5916512.4665],[32465127.0282,5916512.4664],[32465142.3312,5916505.8349],[32465151.0029,5916503.7943],[32465188.7503,5916500.2231],[32465223.9472,5916491.0408],[32465230.5785,5916484.9194],[32465230.0683,5916483.3891],[32465224.9673,5916481.3488],[32465209.1541,5916479.8187],[32465173.4471,5916485.9405],[32465135.6996,5916487.9814],[32465124.4773,5916486.4513],[32465118.2164,5916478.0383],[32465108.1538,5916464.5171],[32465092.8505,5916452.2749],[32465068.8755,5916438.5025],[32465059.1835,5916427.2804],[32465042.8594,5916374.23],[32465035.7175,5916341.0735],[32465025.0046,5916287.0029],[32465019.3929,5916247.7251],[32465019.3928,5916234.4625],[32465021.433,5916225.2806],[32465026.534,5916220.6896],[32465039.2865,5916218.1389],[32465072.9532,5916217.1182],[32465078.0542,5916214.5677],[32465081.1147,5916208.9565],[32465079.5843,5916203.8555],[32465076.5236,5916200.2848],[32465070.9125,5916198.7546],[32465047.4479,5916204.3661],[32465030.6146,5916206.4067],[32465012.761,5916207.4272],[32465008.1701,5916205.8969],[32465004.5992,5916194.1646],[32464988.7977,5916115.7443],[32464983.9017,5916081.8522],[32464953.7737,5915971.8913],[32464950.0078,5915967.3724],[32464938.7104,5915962.477],[32464934.9445,5915958.7113],[32464934.1912,5915947.7905],[32464948.074,5915921.3026],[32464962.8105,5915893.186],[32464961.9746,5915882.8789],[32464960.5506,5915865.3191],[32464963.1866,5915859.6704],[32464971.4713,5915857.7873],[32464985.4048,5915859.67],[32465000.8448,5915876.9925],[32465009.5064,5915893.1853],[32465021.5576,5915939.1279],[32465026.8295,5915921.8051],[32465027.2059,5915912.7672],[32465027.2058,5915904.1059],[32465021.9333,5915881.1346],[32465021.9333,5915876.239],[32465023.8161,5915872.4732],[32465028.3351,5915871.3434],[32465058.4615,5915873.6024],[32465077.667,5915870.9661],[32465094.9896,5915866.4469],[32465108.5464,5915861.9278],[32465117.9608,5915856.6555],[32465155.2418,5915831.4241],[32465173.6942,5915829.9175],[32465200.808,5915833.3064],[32465221.1433,5915832.5529],[32465254.6589,5915829.5398],[32465264.0733,5915827.2802],[32465272.3581,5915823.8908],[32465286.6679,5915814.8527],[32465305.8732,5915793.7639],[32465317.1705,5915785.8556],[32465329.9741,5915781.3365],[32465364.996,5915776.817],[32465362.0839,5915763.8771],[32465357.6832,5915757.8263],[32465353.5575,5915755.0759],[32465345.6006,5915753.5965],[32465325.5036,5915755.9015],[32465304.8906,5915762.0518],[32465300.2001,5915764.7031],[32465285.6233,5915785.8813],[32465270.2213,5915799.6335],[32465258.9448,5915805.9596],[32465245.743,5915808.9852],[32465220.9895,5915811.4609],[32465159.3808,5915813.6621],[32465145.0788,5915816.9628],[32465106.2985,5915833.7407],[32465091.2234,5915841.2161],[32465064.8629,5915847.9949],[32465037.3726,5915846.489],[32465020.0499,5915842.3469],[32464997.2877,5915834.3136],[32464975.2366,5915826.5312],[32464950.3824,5915826.1549],[32464942.0976,5915827.6614],[32464934.1895,5915831.4273],[32464914.9842,5915845.361],[32464911.2183,5915842.725],[32464891.2585,5915766.6562],[32464887.5005,5915746.7755],[32464884.1028,5915712.8034],[32464878.764,5915689.023],[32464863.7184,5915636.1237],[32464860.9444,5915612.1306],[32464852.6165,5915540.0989],[32464849.5627,5915513.6849],[32464852.7476,5915503.1498],[32464891.4573,5915461.989],[32464905.4221,5915440.4286],[32464907.8719,5915431.1185],[32464907.8718,5915424.5035],[32464903.4615,5915407.3534],[32464904.4415,5915403.9234],[32464914.9764,5915392.8981],[32464916.4463,5915385.7931],[32464914.4862,5915381.8731],[32464909.0962,5915379.4231],[32464897.5811,5915377.7083],[32464893.906,5915375.2583],[32464890.475,5915308.1279],[32464889.0049,5915301.2679],[32464887.0448,5915296.3679],[32464884.1048,5915293.6729],[32464875.0397,5915293.183],[32464872.8347,5915295.1431],[32464871.8549,5915305.1882],[32464877.0007,5915361.7835],[32464876.7562,5915396.8187],[32464873.8167,5915434.794],[32464872.1018,5915439.4491],[32464859.1169,5915455.1294],[32464856.6671,5915463.7045],[32464850.7871,5915473.5046],[32464843.1921,5915473.7497],[32464839.027,5915470.3198],[32464827.2664,5915431.3647],[32464818.2003,5915362.2743],[32464810.1809,5915310.9878],[32464802.4385,5915261.4728],[32464799.5265,5915200.7048],[32464794.7953,5915147.5783],[32464796.9774,5915062.0663],[32464799.5243,5915043.8722],[32464800.9797,5915038.7778],[32464804.6185,5915035.139],[32464815.8988,5915034.411],[32464833.729,5915040.2329],[32464842.0982,5915038.7773],[32464843.9176,5915035.5023],[32464842.4619,5915024.5859],[32464836.2758,5915018.4],[32464812.9873,5915007.4839],[32464809.3485,5915003.8452],[32464807.5289,5914991.8371],[32464814.4422,5914959.8155],[32464817.3532,5914956.1767],[32464821.7197,5914953.6294],[32464847.1913,5914951.0819],[32464850.1023,5914949.2625],[32464851.5578,5914945.2598],[32464850.4661,5914940.5293],[32464845.0078,5914935.7989],[32464827.9053,5914929.2493],[32464824.2664,5914925.9745],[32464823.5386,5914920.1524],[32464826.8132,5914896.864],[32464839.74,5914841.0816],[32464860.1182,5914795.9567],[32464924.1646,5914691.1501],[32464928.5315,5914687.7535],[32464938.2357,5914686.783],[32464956.1885,5914693.0904],[32464965.8928,5914694.0607],[32464973.6561,5914689.2085],[32464973.656,5914680.9599],[32464965.1648,5914671.0133],[32464956.6733,5914661.0665],[32464957.1584,5914652.8179],[32464965.4068,5914638.7467],[32464990.6374,5914609.1484],[32465035.2762,5914564.0231],[32465096.4118,5914496.5778],[32465105.1455,5914493.6664],[32465132.8026,5914493.1808],[32465134.2581,5914489.2991],[32465129.4058,5914473.7724],[32465130.3761,5914463.0978],[32465143.4765,5914445.63],[32465405.3375,5914187.2604],[32465586.2663,5914014.5848],[32465601.5663,5914001.7109],[32465604.6431,5914002.4801],[32465614.8995,5914015.3002],[32465621.3096,5914015.5565],[32465623.6171,5914007.8643],[32465623.3605,5913990.6852],[32465625.4117,5913986.0699],[32465657.2054,5913957.3521],[32465681.5635,5913932.4805],[32465720.5363,5913888.8912],[32465755.6631,5913846.5839],[32465758.7399,5913843.7634],[32465768.9961,5913841.712],[32465773.8678,5913843.5068],[32465782.4281,5913852.2144],[32465788.7395,5913858.6345],[32465794.3804,5913861.1984],[32465883.317,5913874.6543],[32465904.5955,5913880.3499],[32465906.5951,5913881.2893],[32465945.1468,5913899.4005],[32465990.8069,5913897.8739],[32465920.7881,5913874.0168],[32465884.6348,5913857.351],[32465873.8658,5913856.2294],[32465860.0199,5913854.7874],[32465849.5509,5913848.2022],[32465844.1227,5913844.7878],[32465804.1234,5913835.5578],[32465794.38,5913830.6863],[32465791.8159,5913827.353],[32465791.5594,5913823.507],[32465796.6874,5913814.0199],[32465841.5575,5913765.3024],[32465938.1732,5913667.0264],[32465945.734,5913664.6386],[32465948.5197,5913666.2304],[32465950.5094,5913670.6077],[32465950.5095,5913676.5767],[32465942.8004,5913691.162],[32465935.7862,5913704.4327],[32465934.5925,5913713.1875],[32465936.5824,5913726.3194],[32465944.5413,5913738.2575],[32465945.7348,5913717.1667],[32465950.112,5913707.2181],[32465964.0396,5913684.5354],[32465965.2333,5913677.3724],[32465958.8659,5913651.5064],[32465962.4472,5913640.762],[32466087.0005,5913517.7968],[32466091.3779,5913517.0008],[32466095.3573,5913519.7864],[32466097.3471,5913524.5616],[32466095.756,5913571.1206],[32466096.9499,5913576.6917],[32466101.7253,5913584.6505],[32466106.1027,5913588.2319],[32466110.9642,5913543.0421],[32466112.8667,5913525.3573],[32466110.0809,5913505.8583],[32466111.6724,5913487.553],[32466116.8455,5913480.788],[32466130.3753,5913468.8496],[32466154.6493,5913451.3399],[32466207.1767,5913404.7801],[32466234.1801,5913378.0716],[32466273.1712,5913339.5062],[32466281.0482,5913334.4092],[32466286.6688,5913333.2047],[32466290.8739,5913334.0205],[32466296.8024,5913335.799],[32466300.0459,5913339.5058],[32466304.6797,5913352.0164],[32466309.7772,5913386.7683],[32466307.4608,5913415.0332],[32466303.7543,5913437.7378],[32466289.3909,5913494.2678],[32466289.8546,5913514.1922],[32466294.9517,5913524.8493],[32466309.7795,5913547.0903],[32466318.1202,5913565.1612],[32466323.2174,5913579.0619],[32466324.1443,5913598.0596],[32466322.2913,5913620.7642],[32466307.4625,5913683.2814],[32466298.6614,5913720.3866],[32466297.735,5913740.3111],[32466294.9551,5913756.5286],[32466287.983,5913781.2982],[32466277.9429,5913830.2469],[32466267.6089,5913837.3178],[32466254.0965,5913846.5634],[32466250.3313,5913850.9563],[32466249.704,5913866.0174],[32466253.4694,5913874.8029],[32466264.7656,5913901.1597],[32466268.5311,5913922.4961],[32466269.1592,5913957.0111],[32466272.9249,5913992.1536],[32466274.1807,5914037.3368],[32466271.0433,5914062.4386],[32466259.1207,5914109.5047],[32466244.0607,5914186.693],[32466234.6485,5914254.468],[32466208.6218,5914479.3901],[32466208.239,5914483.048],[32466207.9261,5914486.0305],[32466207.6124,5914489.0129],[32466207.298,5914491.9952],[32466206.9828,5914494.9775],[32466206.667,5914497.9597],[32466206.3506,5914500.9419],[32466206.0336,5914503.924],[32466205.7159,5914506.906],[32466205.3978,5914509.888],[32466205.079,5914512.87],[32466204.7598,5914515.8519],[32466204.4401,5914518.8338],[32466204.12,5914521.8157],[32466203.7994,5914524.7975],[32466203.4785,5914527.7793],[32466203.1572,5914530.761],[32466202.8355,5914533.7427],[32466202.5136,5914536.7244],[32466202.1913,5914539.7061],[32466201.8688,5914542.6877],[32466201.5461,5914545.6693],[32466201.2232,5914548.6509],[32466200.9001,5914551.6325],[32466200.5768,5914554.6141],[32466200.2535,5914557.5957],[32466199.93,5914560.5773],[32466199.6065,5914563.5588],[32466199.283,5914566.5404],[32466198.9595,5914569.5219],[32466198.6359,5914572.5035],[32466198.3125,5914575.485],[32466197.9891,5914578.4666],[32466197.6658,5914581.4482],[32466197.3426,5914584.4298],[32466197.0196,5914587.4114],[32466196.6971,5914590.393],[32466192.2125,5914632.1386],[32466180.5979,5914748.5053],[32466178.4639,5914779.8092],[32466178.3737,5914781.4232],[32466178.2106,5914784.4193],[32466178.0511,5914787.4157],[32466177.8946,5914790.4123],[32466177.7405,5914793.4092],[32466177.5879,5914796.4061],[32466177.4364,5914799.4031],[32466177.2852,5914802.4001],[32466177.1337,5914805.397],[32466176.9811,5914808.3938],[32466176.8269,5914811.3903],[32466176.6704,5914814.3866],[32466176.5108,5914817.3825],[32466176.3477,5914820.3781],[32466176.1802,5914823.3731],[32466176.0077,5914826.3676],[32466175.8296,5914829.3615],[32466175.6452,5914832.3548],[32466175.4538,5914835.3473],[32466175.2548,5914838.339],[32466175.0475,5914841.3298],[32466174.8313,5914844.3197],[32466174.6054,5914847.3086],[32466174.3692,5914850.2965],[32466174.1221,5914853.2832],[32466173.8634,5914856.2687],[32466173.5924,5914859.253],[32466173.3085,5914862.236],[32466173.011,5914865.2175],[32466172.6992,5914868.1976],[32466172.3729,5914871.1762],[32466172.0324,5914874.1531],[32466171.6786,5914877.1286],[32466171.312,5914880.1027],[32466170.9333,5914883.0754],[32466170.5432,5914886.0469],[32466170.1423,5914889.0172],[32466169.7314,5914891.9864],[32466169.311,5914894.9546],[32466168.8818,5914897.9218],[32466168.4445,5914900.8882],[32466167.9997,5914903.8537],[32466167.5482,5914906.8185],[32466167.0904,5914909.7827],[32466166.6272,5914912.7463],[32466166.1592,5914915.7093],[32466165.687,5914918.672],[32466165.2114,5914921.6342],[32466164.7328,5914924.5963],[32466164.3704,5914926.829],[32466149.1541,5915031.4408],[32466115.2011,5915302.2163],[32466111.8645,5915377.1009],[32466111.7703,5915380.1001],[32466111.6699,5915383.0987],[32466111.5609,5915386.0967],[32466111.4423,5915389.094],[32466111.3128,5915392.0906],[32466111.1712,5915395.0862],[32466111.0165,5915398.081],[32466110.8474,5915401.0746],[32466110.663,5915404.0672],[32466110.4672,5915407.059],[32466110.2626,5915410.0502],[32466110.0497,5915413.0409],[32466109.829,5915416.0311],[32466109.601,5915419.0208],[32466109.3663,5915422.01],[32466109.1254,5915424.9989],[32466108.8789,5915427.9874],[32466108.627,5915430.9756],[32466098.8985,5915559.5513],[32466097.865,5915595.6407],[32466099.4538,5915616.4159],[32466098.9238,5915625.6298],[32466086.9388,5915657.3462],[32466057.9106,5915718.4078],[32466044.3974,5915737.9276],[32466040.3936,5915756.9467],[32466044.398,5915779.9697],[32466056.9111,5915819.0087],[32466059.9145,5915845.5352],[32466059.4146,5915888.0778],[32466051.9096,5916063.2535],[32466049.4073,5916080.2706],[32466038.5743,5916116.9489],[32466042.1443,5916174.0553],[32466033.8178,5916275.1814],[32466026.0851,5916309.6833],[32466023.1111,5916334.6673],[32466023.1133,5916488.7357],[32466023.114,5916533.9449],[32466024.3042,5916565.4724],[32466021.3308,5916626.148],[32466020.9823,5916678.5336],[32466020.2802,5916721.0646]]],[[[32466867.7392,5894834.1853],[32466861.1358,5894830.0499],[32466844.1311,5894824.0567],[32466835.1585,5894821.852],[32466832.4582,5894821.2624],[32466829.5191,5894820.6282],[32466826.5838,5894819.9819],[32466823.6584,5894819.3047],[32466820.7487,5894818.5777],[32466817.861,5894817.7821],[32466815.0012,5894816.899],[32466812.1689,5894815.9266],[32466809.3548,5894814.89],[32466806.5561,5894813.7994],[32466803.7701,5894812.6646],[32466802.6616,5894812.1978],[32466764.6007,5894797.6971],[32466732.3976,5894793.9354],[32466731.8149,5894793.8873],[32466728.8154,5894793.6146],[32466725.8248,5894793.3059],[32466722.8452,5894792.9529],[32466719.8672,5894792.5954],[32466716.8875,5894792.248],[32466713.9063,5894791.9084],[32466710.9242,5894791.5743],[32466707.9415,5894791.2433],[32466704.9586,5894790.9132],[32466701.976,5894790.5817],[32466698.994,5894790.2464],[32466696.013,5894789.9051],[32466693.0334,5894789.5554],[32466690.0557,5894789.195],[32466687.0802,5894788.8217],[32466684.1073,5894788.4331],[32466681.1375,5894788.027],[32466678.1711,5894787.601],[32466675.2086,5894787.1528],[32466672.2503,5894786.6801],[32466669.297,5894786.1787],[32466666.3502,5894785.6402],[32466663.4093,5894785.0673],[32466660.4735,5894784.4642],[32466657.5423,5894783.8351],[32466654.6149,5894783.1841],[32466651.6905,5894782.5153],[32466648.7685,5894781.833],[32466645.8481,5894781.1412],[32466642.9287,5894780.4442],[32466640.0094,5894779.746],[32466637.0896,5894779.0508],[32466634.1686,5894778.3628],[32466631.2456,5894777.6861],[32466627.7492,5894776.8981],[32466615.94,5894775.9232],[32466600.1225,5894778.5596],[32466563.2152,5894795.6958],[32466528.9442,5894816.7863],[32466513.1268,5894822.0591],[32466513.1267,5894816.7865],[32466524.9895,5894789.1057],[32466523.6713,5894786.4695],[32466518.3988,5894786.4696],[32466497.3089,5894793.0605],[32466485.4457,5894795.6969],[32466480.1732,5894800.9695],[32466478.8553,5894810.1964],[32466470.9468,5894831.2866],[32466456.4477,5894845.7862],[32466423.4947,5894865.5585],[32466312.7728,5894920.9215],[32466266.6389,5894953.8754],[32466220.0887,5894999.914],[32466032.0386,5895206.6883],[32466030.6133,5895208.2677],[32466028.6043,5895210.4943],[32466026.5952,5895212.721],[32466024.5861,5895214.9477],[32466022.5768,5895217.1742],[32466020.5674,5895219.4005],[32466018.5576,5895221.6266],[32466016.5474,5895223.8522],[32466014.5368,5895226.0774],[32466012.5256,5895228.3021],[32466010.5137,5895230.5262],[32466008.5011,5895232.7495],[32466006.4877,5895234.9721],[32466004.4734,5895237.1939],[32466002.458,5895239.4147],[32466000.4416,5895241.6345],[32465998.4241,5895243.8532],[32465996.4053,5895246.0708],[32465994.3851,5895248.2871],[32465992.3636,5895250.502],[32465990.3405,5895252.7156],[32465988.3159,5895254.9276],[32465986.2895,5895257.1381],[32465984.2615,5895259.3469],[32465982.2315,5895261.5539],[32465980.1997,5895263.7592],[32465978.1658,5895265.9626],[32465976.1298,5895268.1639],[32465974.0916,5895270.3632],[32465972.0512,5895272.5604],[32465970.0084,5895274.7554],[32465967.9631,5895276.948],[32465965.9153,5895279.1383],[32465963.8649,5895281.3261],[32465961.8111,5895283.5107],[32465959.7511,5895285.6896],[32465957.6852,5895287.863],[32465955.6137,5895290.0312],[32465953.5369,5895292.1944],[32465951.4552,5895294.3531],[32465949.3689,5895296.5076],[32465947.2783,5895298.658],[32465945.1838,5895300.8048],[32465943.0857,5895302.9483],[32465940.9844,5895305.0888],[32465938.8802,5895307.2266],[32465936.7735,5895309.362],[32465934.6645,5895311.4953],[32465932.5537,5895313.6268],[32465930.4413,5895315.7569],[32465928.3278,5895317.8859],[32465926.2134,5895320.0141],[32465925.5528,5895320.6787],[32465870.0453,5895378.3129],[32465818.0395,5895438.9045],[32465817.3193,5895439.7616],[32465815.3887,5895442.0576],[32465813.4571,5895444.3527],[32465811.5242,5895446.6466],[32465809.5898,5895448.9392],[32465807.6536,5895451.23],[32465805.7154,5895453.519],[32465803.7748,5895455.8058],[32465801.8316,5895458.0903],[32465799.8856,5895460.3721],[32465797.9357,5895462.6506],[32465795.9792,5895464.924],[32465794.0165,5895467.1928],[32465792.0489,5895469.4579],[32465790.0773,5895471.7201],[32465788.103,5895473.9802],[32465786.1269,5895476.2391],[32465784.1501,5895478.4975],[32465782.1739,5895480.7563],[32465780.1991,5895483.0164],[32465778.853,5895484.5604],[32465766.5106,5895498.9405],[32465744.4806,5895527.3438],[32465691.0678,5895610.6677],[32465684.3366,5895622.4109],[32465683.62,5895623.6776],[32465682.1489,5895626.2906],[32465680.6827,5895628.9065],[32465679.2208,5895631.5249],[32465677.7626,5895634.1456],[32465676.3076,5895636.7681],[32465674.8552,5895639.3922],[32465673.4048,5895642.0175],[32465671.9559,5895644.6438],[32465670.508,5895647.2706],[32465669.0603,5895649.8976],[32465667.6125,5895652.5245],[32465666.1639,5895655.1509],[32465664.714,5895657.7766],[32465663.2622,5895660.4012],[32465661.8079,5895663.0244],[32465660.3506,5895665.6458],[32465658.8898,5895668.2651],[32465657.4247,5895670.8819],[32465655.955,5895673.496],[32465654.48,5895676.107],[32465652.9992,5895678.7146],[32465651.512,5895681.3183],[32465650.0064,5895683.9118],[32465648.4715,5895686.4888],[32465646.0912,5895690.3875],[32465643.7545,5895694.1566],[32465642.166,5895696.7031],[32465640.58,5895699.2507],[32465639.0029,5895701.803],[32465637.441,5895704.3635],[32465635.9007,5895706.9357],[32465635.2172,5895708.1053],[32465632.9106,5895712.1293],[32465624.923,5895728.5943],[32465623.8352,5895731.072],[32465622.6229,5895733.8237],[32465621.3949,5895736.5663],[32465620.139,5895739.2927],[32465618.8428,5895741.996],[32465617.4938,5895744.6692],[32465616.0797,5895747.3054],[32465614.5882,5895749.8976],[32465613.0344,5895752.4544],[32465611.4493,5895754.993],[32465609.8359,5895757.5152],[32465608.1969,5895760.0228],[32465606.5354,5895762.5173],[32465604.8541,5895765.0004],[32465603.156,5895767.4738],[32465601.444,5895769.9392],[32465599.7209,5895772.3983],[32465597.9896,5895774.8527],[32465596.2529,5895777.3041],[32465594.5139,5895779.7542],[32465592.7753,5895782.2046],[32465591.04,5895784.657],[32465589.311,5895787.1131],[32465588.4014,5895788.415],[32465580.8598,5895799.5076],[32465568.5446,5895820.1139],[32465557.5544,5895844.7328],[32465554.8658,5895853.515],[32465554.1248,5895856.216],[32465553.3565,5895859.1219],[32465552.6046,5895862.0346],[32465551.8595,5895864.9504],[32465551.1116,5895867.8656],[32465550.3513,5895870.7766],[32465549.5691,5895873.6797],[32465548.7553,5895876.5713],[32465547.9003,5895879.4477],[32465546.9945,5895882.3052],[32465546.0283,5895885.1403],[32465544.9949,5895887.9502],[32465543.9309,5895890.7494],[32465542.8516,5895893.5434],[32465541.7576,5895896.3326],[32465540.6496,5895899.1172],[32465539.5284,5895901.8972],[32465538.3946,5895904.6729],[32465537.249,5895907.4445],[32465536.0923,5895910.2122],[32465534.9251,5895912.9761],[32465533.7482,5895915.7364],[32465532.5624,5895918.4934],[32465531.3683,5895921.2471],[32465530.1666,5895923.9979],[32465528.958,5895926.7458],[32465527.7434,5895929.4911],[32465526.5233,5895932.234],[32465525.2984,5895934.9746],[32465524.0696,5895937.7131],[32465522.8375,5895940.4498],[32465521.6027,5895943.1847],[32465520.3662,5895945.9181],[32465519.1284,5895948.6502],[32465517.8902,5895951.3811],[32465516.6523,5895954.1111],[32465515.4148,5895956.8407],[32465514.1505,5895959.5784],[32465512.8244,5895962.3013],[32465511.4089,5895964.9746],[32465509.8766,5895967.5634],[32465508.2,5895970.0328],[32465506.3519,5895972.351],[32465504.3307,5895974.5322],[32465502.1719,5895976.6067],[32465499.9139,5895978.6013],[32465497.5953,5895980.5426],[32465495.2545,5895982.4571],[32465492.9301,5895984.3715],[32465490.6157,5895986.2769],[32465489.2482,5895987.3536],[32465467.5067,5896005.4331],[32465455.8052,5896026.6146],[32465454.5749,5896029.0381],[32465453.2642,5896031.7733],[32465451.9673,5896034.5274],[32465450.5209,5896037.1436],[32465448.7202,5896039.4394],[32465446.1727,5896041.0915],[32465443.3762,5896042.2757],[32465441.6925,5896042.6184],[32465435.2244,5896045.5443],[32465433.399,5896051.155],[32465433.5983,5896054.2176],[32465433.5983,5896057.2164],[32465433.5983,5896060.2153],[32465433.6819,5896063.2285],[32465433.8041,5896066.2485],[32465433.4306,5896069.1884],[32465432.7277,5896072.139],[32465431.7306,5896075.0105],[32465430.2764,5896077.6287],[32465428.5464,5896080.0676],[32465426.8119,5896082.5045],[32465425.0732,5896084.9394],[32465423.3302,5896087.3723],[32465421.5832,5896089.8033],[32465419.8323,5896092.2323],[32465418.0776,5896094.6595],[32465416.3191,5896097.0848],[32465414.5571,5896099.5084],[32465412.7917,5896101.9302],[32465411.0229,5896104.3504],[32465409.251,5896106.7689],[32465407.4759,5896109.1857],[32465405.6979,5896111.6011],[32465403.9171,5896114.0148],[32465402.1336,5896116.4271],[32465400.3475,5896118.838],[32465398.5589,5896121.2475],[32465396.768,5896123.6556],[32465394.9748,5896126.0624],[32465393.1796,5896128.4679],[32465391.3824,5896130.8722],[32465389.5834,5896133.2753],[32465387.7826,5896135.6772],[32465385.9802,5896138.0781],[32465384.1764,5896140.4779],[32465382.3712,5896142.8766],[32465380.5648,5896145.2744],[32465378.7572,5896147.6713],[32465376.9487,5896150.0672],[32465375.1393,5896152.4623],[32465373.3292,5896154.8566],[32465371.5184,5896157.2502],[32465369.7071,5896159.643],[32465367.8955,5896162.0351],[32465366.0836,5896164.4266],[32465364.2716,5896166.8175],[32465362.4596,5896169.2078],[32465360.6477,5896171.5976],[32465358.8361,5896173.9869],[32465357.0161,5896176.37],[32465355.1706,5896178.7349],[32465353.3014,5896181.0823],[32465351.4107,5896183.4132],[32465349.5005,5896185.7285],[32465347.5733,5896188.0293],[32465345.631,5896190.3166],[32465343.6761,5896192.5913],[32465341.7106,5896194.8545],[32465339.7368,5896197.1071],[32465337.7133,5896199.417],[32465335.4474,5896201.4624],[32465332.778,5896202.5357],[32465329.8575,5896203.0151],[32465326.8169,5896203.2192],[32465323.7556,5896203.359],[32465320.7424,5896203.5616],[32465319.0777,5896203.5791],[32465311.8432,5896204.5146],[32465305.0307,5896210.1576],[32465302.8825,5896218.975],[32465304.1942,5896224.7813],[32465311.8441,5896231.1572],[32465313.7449,5896232.1334],[32465315.5639,5896234.2575],[32465315.5644,5896237.3795],[32465314.8071,5896240.2625],[32465313.81,5896243.129],[32465312.5757,5896245.8925],[32465311.1321,5896248.5087],[32465309.5849,5896251.0922],[32465307.938,5896253.6291],[32465306.1829,5896256.0872],[32465304.3111,5896258.434],[32465302.3091,5896260.6332],[32465300.0678,5896262.5906],[32465297.638,5896264.3672],[32465295.1432,5896266.084],[32465293.751,5896267.0999],[32465290.4396,5896269.8173],[32465284.5455,5896276.7024],[32465283.6766,5896287.7819],[32465283.6795,5896288.6365],[32465283.3743,5896291.6364],[32465282.5568,5896294.4831],[32465281.5751,5896297.2916],[32465280.5142,5896300.0864],[32465279.3807,5896302.8656],[32465278.181,5896305.6272],[32465276.9217,5896308.3693],[32465275.6093,5896311.09],[32465274.2504,5896313.7872],[32465272.8515,5896316.459],[32465271.419,5896319.1035],[32465269.9594,5896321.7199],[32465268.4762,5896324.3202],[32465266.9711,5896326.9088],[32465265.4459,5896329.4868],[32465263.9025,5896332.055],[32465262.3429,5896334.6146],[32465260.7687,5896337.1665],[32465259.182,5896339.7116],[32465257.5845,5896342.251],[32465255.9782,5896344.7856],[32465254.3649,5896347.3165],[32465252.7464,5896349.8446],[32465251.1246,5896352.3709],[32465249.5015,5896354.8964],[32465247.8788,5896357.4221],[32465246.2584,5896359.9489],[32465244.6422,5896362.4779],[32465243.0321,5896365.01],[32465241.4299,5896367.5463],[32465241.2455,5896367.8407],[32465235.9656,5896376.5603],[32465235.2136,5896377.8428],[32465233.6879,5896380.4422],[32465232.1472,5896383.0294],[32465230.5778,5896385.5926],[32465228.966,5896388.12],[32465227.298,5896390.6001],[32465225.5602,5896393.0209],[32465223.7279,5896395.3614],[32465221.6732,5896397.5107],[32465203.9705,5896413.8261],[32465195.4319,5896426.0785],[32465189.0305,5896442.8999],[32465186.0421,5896453.1882],[32465185.6969,5896454.4246],[32465184.9024,5896457.3207],[32465184.1179,5896460.2206],[32465183.3405,5896463.1233],[32465182.5674,5896466.0278],[32465181.7958,5896468.933],[32465181.0229,5896471.8379],[32465180.2458,5896474.7414],[32465179.4617,5896477.6424],[32465178.6679,5896480.54],[32465177.8614,5896483.433],[32465177.0396,5896486.3205],[32465176.1995,5896489.2013],[32465175.3383,5896492.0745],[32465174.4533,5896494.939],[32465173.5416,5896497.7936],[32465172.6004,5896500.6375],[32465171.6269,5896503.4695],[32465170.6182,5896506.2886],[32465169.5716,5896509.0937],[32465168.4883,5896511.8853],[32465167.395,5896514.6734],[32465166.2974,5896517.4601],[32465165.1953,5896520.2453],[32465164.0889,5896523.0291],[32465162.9783,5896525.8115],[32465161.8636,5896528.5925],[32465160.7447,5896531.3722],[32465159.6218,5896534.1504],[32465158.495,5896536.9274],[32465157.3642,5896539.703],[32465156.2296,5896542.4773],[32465155.0913,5896545.2503],[32465153.9492,5896548.022],[32465152.8036,5896550.7925],[32465151.6543,5896553.5617],[32465150.5016,5896556.3297],[32465149.3455,5896559.0965],[32465148.186,5896561.8621],[32465147.0232,5896564.6266],[32465145.8572,5896567.3898],[32465144.688,5896570.152],[32465143.5158,5896572.913],[32465142.3406,5896575.6729],[32465141.1624,5896578.4317],[32465139.9813,5896581.1894],[32465138.7974,5896583.9461],[32465137.6108,5896586.7017],[32465136.4215,5896589.4563],[32465135.2295,5896592.2099],[32465134.0351,5896594.9625],[32465132.8381,5896597.7141],[32465131.6388,5896600.4648],[32465130.4371,5896603.2145],[32465129.2332,5896605.9633],[32465128.027,5896608.7112],[32465126.8187,5896611.4582],[32465125.6084,5896614.2043],[32465124.3961,5896616.9496],[32465123.1818,5896619.694],[32465121.9656,5896622.4376],[32465120.7477,5896625.1804],[32465119.528,5896627.9224],[32465118.3067,5896630.6636],[32465117.0838,5896633.404],[32465115.8594,5896636.1437],[32465114.6335,5896638.8827],[32465113.4062,5896641.621],[32465112.1776,5896644.3586],[32465110.9477,5896647.0955],[32465109.7167,5896649.8317],[32465108.4845,5896652.5673],[32465107.2513,5896655.3022],[32465106.0171,5896658.0366],[32465104.782,5896660.7704],[32465103.5461,5896663.5035],[32465102.3093,5896666.2362],[32465101.0719,5896668.9682],[32465099.8338,5896671.6998],[32465098.5951,5896674.4308],[32465097.356,5896677.1614],[32465096.1164,5896679.8914],[32465094.8764,5896682.6211],[32465093.6356,5896685.3507],[32465092.3937,5896688.0803],[32465091.1504,5896690.8099],[32465089.9057,5896693.5393],[32465088.6593,5896696.2683],[32465087.411,5896698.9969],[32465086.1607,5896701.7249],[32465084.9082,5896704.4522],[32465083.6533,5896707.1787],[32465082.3958,5896709.9042],[32465081.1356,5896712.6286],[32465079.8724,5896715.3519],[32465078.6062,5896718.0737],[32465077.3366,5896720.7942],[32465076.0635,5896723.513],[32465074.7868,5896726.2302],[32465073.5063,5896728.9455],[32465072.2217,5896731.6588],[32465070.933,5896734.37],[32465069.6398,5896737.0791],[32465068.3421,5896739.7858],[32465067.0397,5896742.49],[32465065.7323,5896745.1916],[32465064.4199,5896747.8906],[32465063.1022,5896750.5867],[32465061.779,5896753.2798],[32465060.4502,5896755.9698],[32465059.1155,5896758.6566],[32465057.7749,5896761.34],[32465056.4281,5896764.02],[32465055.0749,5896766.6964],[32465053.7152,5896769.3691],[32465052.3487,5896772.0379],[32465050.9754,5896774.7027],[32465049.595,5896777.3635],[32465048.2073,5896780.02],[32465046.8122,5896782.6722],[32465045.4094,5896785.3198],[32465043.9989,5896787.9629],[32465042.5804,5896790.6013],[32465041.1537,5896793.2348],[32465039.7187,5896795.8633],[32465038.2751,5896798.4867],[32465036.8208,5896801.1039],[32465035.3503,5896803.712],[32465033.8637,5896806.3112],[32465032.3619,5896808.9019],[32465030.8454,5896811.4845],[32465029.315,5896814.0592],[32465027.7713,5896816.6266],[32465026.215,5896819.187],[32465024.6468,5896821.7407],[32465023.0673,5896824.2881],[32465021.4773,5896826.8296],[32465019.8774,5896829.3656],[32465018.2684,5896831.8965],[32465016.6508,5896834.4226],[32465015.0254,5896836.9442],[32465013.3928,5896839.4618],[32465011.7538,5896841.9758],[32465010.1089,5896844.4865],[32465008.4589,5896846.9942],[32465006.8045,5896849.4995],[32465005.1464,5896852.0025],[32465003.4851,5896854.5038],[32465002.4745,5896856.0224],[32464973.8858,5896899.9415],[32464972.191,5896902.4426],[32464970.386,5896904.7891],[32464968.4345,5896906.9233],[32464966.0942,5896908.621],[32464963.1378,5896909.5809],[32464960.0089,5896909.9637],[32464957.0463,5896909.9304],[32464954.0335,5896909.5097],[32464951.0733,5896908.6807],[32464948.3251,5896907.4247],[32464945.7607,5896905.9082],[32464943.2139,5896904.3479],[32464940.6823,5896902.7492],[32464938.1642,5896901.1176],[32464935.6574,5896899.4581],[32464933.1602,5896897.776],[32464930.6704,5896896.0765],[32464928.1864,5896894.3649],[32464925.706,5896892.6463],[32464923.2273,5896890.9261],[32464922.3901,5896890.3463],[32464903.229,5896877.7285],[32464897.2414,5896876.7237],[32464894.7936,5896881.8502],[32464892.572,5896896.9993],[32464914.3545,5896916.3321],[32464914.8841,5896916.775],[32464917.1739,5896918.7414],[32464919.4202,5896920.7386],[32464921.6121,5896922.7734],[32464923.7389,5896924.8529],[32464925.7898,5896926.9838],[32464927.745,5896929.1882],[32464929.4762,5896931.651],[32464930.9355,5896934.3602],[32464932.1119,5896937.2336],[32464932.9944,5896940.1885],[32464933.5721,5896943.1424],[32464933.881,5896946.0652],[32464934.0803,5896949.0922],[32464934.1459,5896952.1907],[32464934.0344,5896955.3076],[32464933.7022,5896958.3903],[32464933.1061,5896961.3857],[32464932.2024,5896964.2412],[32464930.949,5896966.9047],[32464929.5083,5896969.463],[32464928.0169,5896972.0018],[32464926.4784,5896974.5224],[32464924.8959,5896977.0261],[32464923.273,5896979.5141],[32464921.613,5896981.9878],[32464919.9192,5896984.4485],[32464918.1949,5896986.8975],[32464916.4436,5896989.3361],[32464914.6686,5896991.7656],[32464912.8732,5896994.1872],[32464911.0609,5896996.6023],[32464909.235,5896999.0122],[32464907.3988,5897001.4181],[32464905.5557,5897003.8214],[32464903.709,5897006.2234],[32464903.4506,5897006.5594],[32464889.2117,5897025.5475],[32464887.4759,5897027.993],[32464790.2731,5897164.9353],[32464788.5373,5897167.3807],[32464786.8016,5897169.8261],[32464785.0658,5897172.2715],[32464783.33,5897174.7169],[32464781.5943,5897177.1623],[32464779.8585,5897179.6077],[32464778.1227,5897182.0531],[32464776.387,5897184.4985],[32464774.6513,5897186.9439],[32464772.9155,5897189.3893],[32464771.1797,5897191.8347],[32464769.444,5897194.2801],[32464745.4144,5897227.183],[32464685.7865,5897308.8295],[32464569.5606,5897399.9892],[32464497.4041,5897467.7354],[32464453.1433,5897511.1436],[32464452.4315,5897511.8484],[32464450.2999,5897513.9599],[32464448.1687,5897516.0717],[32464446.0378,5897518.1838],[32464443.9071,5897520.2961],[32464441.7766,5897522.4085],[32464439.6462,5897524.5209],[32464437.5159,5897526.6334],[32464435.3855,5897528.7456],[32464433.255,5897530.8577],[32464431.1243,5897532.9695],[32464428.9933,5897535.081],[32464426.8621,5897537.1919],[32464424.7304,5897539.3024],[32464422.5984,5897541.4123],[32464420.4658,5897543.5214],[32464418.3326,5897545.6298],[32464416.1987,5897547.7373],[32464414.0641,5897549.8439],[32464411.9287,5897551.9495],[32464409.7925,5897554.054],[32464407.6553,5897556.1573],[32464405.5171,5897558.2594],[32464403.3779,5897560.3601],[32464401.2375,5897562.4594],[32464399.0958,5897564.5573],[32464396.953,5897566.6535],[32464394.8087,5897568.748],[32464392.663,5897570.8409],[32464390.5159,5897572.9319],[32464388.3672,5897575.021],[32464386.2168,5897577.1081],[32464384.0648,5897579.1931],[32464381.911,5897581.276],[32464379.7554,5897583.3567],[32464377.5979,5897585.435],[32464375.4384,5897587.511],[32464373.2768,5897589.5845],[32464371.1132,5897591.6554],[32464368.9446,5897593.7205],[32464366.5971,5897595.5724],[32464364.0418,5897597.166],[32464361.3835,5897598.612],[32464358.7272,5897600.021],[32464355.8202,5897601.3744],[32464353.2369,5897600.5468],[32464351.1123,5897598.1539],[32464350.0819,5897595.3658],[32464349.1511,5897592.5426],[32464348.252,5897589.6907],[32464347.3889,5897586.8136],[32464346.5665,5897583.9147],[32464345.7893,5897580.9975],[32464345.0618,5897578.0653],[32464344.3886,5897575.1216],[32464343.7743,5897572.1698],[32464343.2233,5897569.2135],[32464342.7385,5897566.2556],[32464342.2898,5897563.2942],[32464341.8643,5897560.328],[32464341.4599,5897557.3575],[32464341.0751,5897554.383],[32464340.7078,5897551.4049],[32464340.3565,5897548.4236],[32464340.0192,5897545.4394],[32464339.6942,5897542.4527],[32464339.3797,5897539.4639],[32464339.0739,5897536.4734],[32464338.775,5897533.4815],[32464338.4811,5897530.4887],[32464338.1906,5897527.4952],[32464337.9016,5897524.5015],[32464337.6124,5897521.508],[32464337.4359,5897519.6953],[32464333.4667,5897485.7338],[32464323.7803,5897441.9423],[32464293.2573,5897353.9746],[32464281.2775,5897326.4387],[32464268.6606,5897302.6563],[32464250.9556,5897274.7221],[32464229.2409,5897246.0261],[32464201.6588,5897214.392],[32464162.3782,5897173.0276],[32464110.3963,5897123.2298],[32464046.7244,5897072.8716],[32464012.2806,5897049.2701],[32463983.2593,5897031.2716],[32463981.6819,5897030.3105],[32463979.1188,5897028.7489],[32463976.5562,5897027.1867],[32463973.9944,5897025.623],[32463971.4341,5897024.0571],[32463968.8757,5897022.4882],[32463966.3198,5897020.9157],[32463963.7669,5897019.3386],[32463961.2174,5897017.7564],[32463958.6721,5897016.1681],[32463956.1312,5897014.5731],[32463953.5954,5897012.9706],[32463951.0653,5897011.3598],[32463948.5412,5897009.7401],[32463946.0237,5897008.1105],[32463943.5134,5897006.4705],[32463941.01,5897004.8202],[32463938.5086,5897003.1669],[32463936.0081,5897001.512],[32463933.5086,5896999.8554],[32463931.0101,5896998.1972],[32463928.5126,5896996.5375],[32463926.0161,5896994.876],[32463923.5206,5896993.213],[32463921.0261,5896991.5483],[32463918.5327,5896989.882],[32463916.0403,5896988.214],[32463913.549,5896986.5443],[32463911.0588,5896984.873],[32463908.5696,5896983.1999],[32463906.0816,5896981.5252],[32463903.5946,5896979.8488],[32463901.1088,5896978.1707],[32463898.6241,5896976.4909],[32463896.1406,5896974.8094],[32463893.6582,5896973.1262],[32463891.1769,5896971.4412],[32463888.6969,5896969.7545],[32463886.218,5896968.0661],[32463883.7403,5896966.3759],[32463881.2639,5896964.6839],[32463878.7886,5896962.9902],[32463876.3146,5896961.2947],[32463873.8419,5896959.5974],[32463871.3704,5896957.8984],[32463868.9002,5896956.1975],[32463866.4312,5896954.4949],[32463863.9635,5896952.7904],[32463861.4972,5896951.0842],[32463859.0321,5896949.3761],[32463856.5684,5896947.6661],[32463854.106,5896945.9544],[32463851.645,5896944.2408],[32463849.1853,5896942.5253],[32463846.727,5896940.808],[32463844.2701,5896939.0889],[32463841.8146,5896937.3678],[32463839.3605,5896935.6449],[32463836.9078,5896933.9201],[32463834.4565,5896932.1934],[32463832.0066,5896930.4648],[32463829.5583,5896928.7342],[32463827.1136,5896926.9985],[32463824.6733,5896925.2566],[32463822.2372,5896923.5086],[32463819.8052,5896921.7549],[32463817.3771,5896919.9957],[32463814.9526,5896918.2312],[32463812.5317,5896916.4618],[32463810.1142,5896914.6875],[32463807.6999,5896912.9087],[32463805.2886,5896911.1257],[32463802.8802,5896909.3387],[32463800.4745,5896907.5479],[32463798.0714,5896905.7535],[32463795.6706,5896903.9559],[32463793.2719,5896902.1553],[32463790.8753,5896900.3519],[32463788.4806,5896898.5459],[32463786.0875,5896896.7377],[32463783.6959,5896894.9275],[32463781.3057,5896893.1154],[32463778.9167,5896891.3018],[32463776.5286,5896889.487],[32463774.1414,5896887.6711],[32463771.7549,5896885.8544],[32463769.3688,5896884.0371],[32463766.9831,5896882.2196],[32463764.5976,5896880.402],[32463762.212,5896878.5847],[32463759.8262,5896876.7677],[32463757.4401,5896874.9515],[32463755.0525,5896873.137],[32463752.6629,5896871.3246],[32463750.2718,5896869.5137],[32463747.8796,5896867.7038],[32463745.4868,5896865.8944],[32463743.0939,5896864.0849],[32463740.7013,5896862.2749],[32463738.3094,5896860.4637],[32463735.9187,5896858.6509],[32463733.5297,5896856.8359],[32463731.1428,5896855.0183],[32463728.7585,5896853.1974],[32463726.3772,5896851.3727],[32463723.9994,5896849.5438],[32463721.6255,5896847.7101],[32463719.256,5896845.8711],[32463716.8914,5896844.0262],[32463714.532,5896842.1749],[32463712.1784,5896840.3167],[32463709.8311,5896838.451],[32463707.4903,5896836.5774],[32463705.1567,5896834.6953],[32463702.8307,5896832.8042],[32463700.5127,5896830.9035],[32463698.2031,5896828.9927],[32463695.9025,5896827.0713],[32463693.6104,5896825.1399],[32463691.3231,5896823.2026],[32463689.0402,5896821.2601],[32463686.7614,5896819.3125],[32463684.4867,5896817.3602],[32463682.2157,5896815.4032],[32463679.9485,5896813.4418],[32463677.6847,5896811.4762],[32463675.4243,5896809.5067],[32463673.167,5896807.5333],[32463670.9127,5896805.5563],[32463668.6613,5896803.5759],[32463666.4125,5896801.5923],[32463664.1662,5896799.6057],[32463661.9222,5896797.6163],[32463659.6804,5896795.6243],[32463657.4405,5896793.6299],[32463655.2025,5896791.6334],[32463652.9661,5896789.6349],[32463650.7312,5896787.6346],[32463648.4976,5896785.6327],[32463646.2651,5896783.6294],[32463644.0337,5896781.625],[32463641.803,5896779.6196],[32463639.5729,5896777.6134],[32463637.3434,5896775.6067],[32463635.1141,5896773.5996],[32463632.885,5896771.5923],[32463630.6558,5896769.5851],[32463628.4265,5896767.5781],[32463626.1967,5896765.5716],[32463623.9664,5896763.5657],[32463621.7355,5896761.5606],[32463620.5613,5896760.5063],[32463579.8728,5896725.0614],[32463578.7506,5896724.1044],[32463576.4739,5896722.1482],[32463574.2071,5896720.1819],[32463571.9526,5896718.2033],[32463569.7123,5896716.2103],[32463567.4886,5896714.2008],[32463565.2834,5896712.1724],[32463563.0991,5896710.1232],[32463560.9377,5896708.0508],[32463558.8013,5896705.9532],[32463556.6922,5896703.8281],[32463554.6034,5896701.6827],[32463552.5243,5896699.5274],[32463550.4546,5896697.3627],[32463548.3937,5896695.189],[32463546.3413,5896693.0069],[32463544.297,5896690.8166],[32463542.2602,5896688.6187],[32463540.2305,5896686.4136],[32463538.2076,5896684.2017],[32463536.191,5896681.9835],[32463534.1802,5896679.7594],[32463532.1748,5896677.5299],[32463530.1744,5896675.2953],[32463528.1785,5896673.0562],[32463526.1868,5896670.8129],[32463524.1987,5896668.5659],[32463522.2139,5896666.3157],[32463520.2319,5896664.0626],[32463519.3298,5896663.0348],[32463463.0692,5896599.952],[32463462.3196,5896599.1312],[32463460.298,5896596.9149],[32463458.2785,5896594.697],[32463456.2614,5896592.4769],[32463454.2474,5896590.2542],[32463452.2369,5896588.0286],[32463450.2305,5896585.7995],[32463448.2287,5896583.5666],[32463446.232,5896581.3294],[32463444.2408,5896579.0875],[32463442.2558,5896576.8405],[32463440.2774,5896574.5878],[32463438.3062,5896572.3292],[32463436.3427,5896570.0641],[32463434.3873,5896567.7921],[32463432.4406,5896565.5128],[32463430.5032,5896563.2257],[32463428.573,5896560.9322],[32463426.6449,5896558.6362],[32463424.7189,5896556.3375],[32463422.7956,5896554.0359],[32463420.8752,5896551.7312],[32463418.9581,5896549.4232],[32463417.0448,5896547.1117],[32463415.1356,5896544.7964],[32463413.2309,5896542.4772],[32463411.3311,5896540.1538],[32463409.4365,5896537.8261],[32463407.5476,5896535.4937],[32463405.6647,5896533.1565],[32463403.7882,5896530.8144],[32463401.9186,5896528.4669],[32463400.0561,5896526.114],[32463398.2011,5896523.7554],[32463396.3541,5896521.3909],[32463394.5155,5896519.0204],[32463392.6855,5896516.6435],[32463390.8647,5896514.26],[32463389.0533,5896511.8698],[32463387.2517,5896509.4727],[32463385.4605,5896507.0683],[32463383.6798,5896504.6566],[32463381.9102,5896502.2372],[32463380.1519,5896499.81],[32463378.4054,5896497.3748],[32463376.6698,5896494.9321],[32463374.9418,5896492.4838],[32463373.2211,5896490.0304],[32463371.5074,5896487.572],[32463369.8003,5896485.1087],[32463368.0996,5896482.6409],[32463366.4049,5896480.1687],[32463364.7161,5896477.6923],[32463363.0327,5896475.212],[32463361.3544,5896472.728],[32463359.6811,5896470.2404],[32463358.0123,5896467.7495],[32463356.3478,5896465.2555],[32463354.6873,5896462.7587],[32463353.0305,5896460.2591],[32463351.3771,5896457.7571],[32463349.7268,5896455.2529],[32463348.0792,5896452.7466],[32463346.4342,5896450.2385],[32463344.7913,5896447.7288],[32463343.1504,5896445.2177],[32463341.511,5896442.7054],[32463339.873,5896440.1921],[32463338.236,5896437.6781],[32463336.5996,5896435.1635],[32463334.9637,5896432.6486],[32463333.3279,5896430.1336],[32463331.6919,5896427.6186],[32463330.0555,5896425.104],[32463328.4182,5896422.5899],[32463326.7799,5896420.0765],[32463325.1402,5896417.5641],[32463323.4989,5896415.0528],[32463321.8555,5896412.5428],[32463321.2848,5896411.6728],[32463303.5636,5896385.0846],[32463283.3525,5896355.8895],[32463283.0796,5896355.4997],[32463281.3577,5896353.0444],[32463279.6341,5896350.5904],[32463277.9088,5896348.1374],[32463276.1822,5896345.6854],[32463274.4541,5896343.2343],[32463272.7249,5896340.7841],[32463270.9945,5896338.3347],[32463269.2631,5896335.8859],[32463267.5309,5896333.4377],[32463265.7979,5896330.99],[32463264.0643,5896328.5428],[32463262.3302,5896326.0959],[32463260.5956,5896323.6493],[32463258.8608,5896321.2029],[32463257.1259,5896318.7566],[32463255.3909,5896316.3103],[32463253.656,5896313.8639],[32463251.9214,5896311.4174],[32463250.187,5896308.9707],[32463248.4531,5896306.5237],[32463246.7198,5896304.0763],[32463244.9871,5896301.6284],[32463243.2553,5896299.18],[32463241.5244,5896296.731],[32463239.7945,5896294.2813],[32463238.0658,5896291.8307],[32463236.3384,5896289.3793],[32463234.6124,5896286.927],[32463232.8879,5896284.4736],[32463231.1651,5896282.0191],[32463229.4441,5896279.5634],[32463227.7249,5896277.1064],[32463226.0077,5896274.648],[32463224.2927,5896272.1882],[32463222.5799,5896269.7269],[32463220.8695,5896267.264],[32463219.1615,5896264.7994],[32463217.4562,5896262.333],[32463215.7536,5896259.8648],[32463214.0538,5896257.3946],[32463212.3571,5896254.9224],[32463210.6628,5896252.4483],[32463208.9699,5896249.9727],[32463207.2787,5896247.4954],[32463205.5896,5896245.0162],[32463203.9028,5896242.535],[32463202.2189,5896240.0516],[32463200.5381,5896237.5657],[32463198.8609,5896235.0774],[32463197.1876,5896232.5863],[32463195.5186,5896230.0923],[32463193.8543,5896227.5952],[32463192.1951,5896225.0948],[32463190.5413,5896222.5911],[32463188.8933,5896220.0837],[32463187.2516,5896217.5726],[32463185.6164,5896215.0575],[32463183.9881,5896212.5384],[32463182.3672,5896210.0149],[32463180.754,5896207.4869],[32463179.1489,5896204.9544],[32463177.5522,5896202.417],[32463175.9644,5896199.8746],[32463174.3858,5896197.3271],[32463172.8167,5896194.7742],[32463171.2577,5896192.2158],[32463169.709,5896189.6518],[32463168.1556,5896187.0834],[32463166.5887,5896184.5108],[32463165.0173,5896181.9317],[32463163.4506,5896179.3438],[32463161.8978,5896176.745],[32463160.3681,5896174.1329],[32463158.8704,5896171.5053],[32463157.4141,5896168.86],[32463156.0082,5896166.1947],[32463154.662,5896163.5073],[32463153.3844,5896160.7954],[32463152.1847,5896158.0568],[32463151.0721,5896155.2894],[32463150.0556,5896152.4908],[32463149.1433,5896149.6591],[32463148.2861,5896146.8083],[32463147.4533,5896143.9471],[32463146.6442,5896141.0761],[32463145.8578,5896138.1957],[32463145.0934,5896135.3064],[32463144.3499,5896132.4087],[32463143.6267,5896129.5031],[32463142.9227,5896126.5901],[32463142.2372,5896123.6703],[32463141.5693,5896120.744],[32463140.9182,5896117.8117],[32463140.2829,5896114.8741],[32463139.6626,5896111.9315],[32463139.0564,5896108.9845],[32463138.4635,5896106.0335],[32463137.8831,5896103.079],[32463137.3142,5896100.1216],[32463136.7559,5896097.1618],[32463136.2076,5896094.1999],[32463135.6682,5896091.2366],[32463135.1369,5896088.2723],[32463134.6128,5896085.3075],[32463134.0952,5896082.3427],[32463133.583,5896079.3784],[32463133.0755,5896076.4151],[32463132.5719,5896073.4532],[32463132.0711,5896070.4933],[32463131.5725,5896067.5359],[32463131.075,5896064.5815],[32463130.5837,5896061.6283],[32463130.1319,5896058.6646],[32463129.7253,5896055.6899],[32463129.364,5896052.7059],[32463129.0481,5896049.7143],[32463128.7777,5896046.7168],[32463128.553,5896043.715],[32463128.374,5896040.7105],[32463128.241,5896037.7052],[32463128.154,5896034.7006],[32463128.1132,5896031.6984],[32463128.1187,5896028.7003],[32463128.1707,5896025.708],[32463128.2648,5896022.7203],[32463128.3896,5896019.7307],[32463128.5435,5896016.7395],[32463128.7254,5896013.7471],[32463128.9346,5896010.7542],[32463129.17,5896007.7611],[32463129.4308,5896004.7684],[32463129.716,5896001.7766],[32463130.0246,5895998.7864],[32463130.3557,5895995.798],[32463130.7085,5895992.8122],[32463131.0819,5895989.8294],[32463131.475,5895986.8502],[32463131.8869,5895983.875],[32463132.3166,5895980.9044],[32463132.7633,5895977.9388],[32463133.2259,5895974.9789],[32463133.7087,5895972.0254],[32463134.24,5895969.0798],[32463134.8202,5895966.1418],[32463135.4443,5895963.2107],[32463136.1072,5895960.2861],[32463136.8039,5895957.3673],[32463137.5294,5895954.4537],[32463138.2787,5895951.5447],[32463139.0467,5895948.6399],[32463139.8283,5895945.7385],[32463140.6187,5895942.8399],[32463141.4127,5895939.9437],[32463142.2052,5895937.0492],[32463142.8389,5895934.7131],[32463146.1925,5895921.5687],[32463146.6861,5895919.5705],[32463147.4106,5895916.644],[32463148.1419,5895913.7193],[32463148.8848,5895910.7987],[32463149.6442,5895907.8845],[32463150.4253,5895904.9787],[32463151.2328,5895902.0835],[32463152.0718,5895899.2013],[32463152.9472,5895896.3342],[32463153.864,5895893.4843],[32463154.8271,5895890.6539],[32463155.8415,5895887.8451],[32463156.9121,5895885.0603],[32463158.0438,5895882.3014],[32463159.2349,5895879.5677],[32463160.4602,5895876.8472],[32463161.7154,5895874.1382],[32463162.9989,5895871.4401],[32463164.3094,5895868.7526],[32463165.6453,5895866.075],[32463167.0051,5895863.407],[32463168.3873,5895860.7479],[32463169.7904,5895858.0974],[32463171.2128,5895855.4549],[32463172.6531,5895852.8199],[32463174.1097,5895850.1919],[32463175.5812,5895847.5705],[32463177.0661,5895844.9551],[32463178.5627,5895842.3453],[32463180.0697,5895839.7406],[32463181.5855,5895837.1404],[32463183.1085,5895834.5442],[32463184.6374,5895831.9517],[32463186.1706,5895829.3622],[32463187.7065,5895826.7753],[32463189.2437,5895824.1905],[32463190.7807,5895821.6073],[32463192.3159,5895819.0253],[32463193.8479,5895816.4438],[32463195.3751,5895813.8625],[32463196.9052,5895811.2854],[32463198.4809,5895808.7348],[32463200.1017,5895806.2098],[32463201.76,5895803.7063],[32463203.4485,5895801.2203],[32463205.1596,5895798.7475],[32463205.5954,5895798.1256],[32463223.3501,5895771.2391],[32463233.5865,5895747.7547],[32463234.0592,5895746.5088],[32463235.1276,5895743.6952],[32463236.2064,5895740.8864],[32463237.3052,5895738.087],[32463238.4334,5895735.302],[32463239.6006,5895732.5363],[32463240.8161,5895729.7947],[32463242.0549,5895727.0628],[32463243.2798,5895724.3202],[32463244.4945,5895721.5693],[32463245.703,5895718.8128],[32463246.9091,5895716.0532],[32463248.1167,5895713.2931],[32463249.3297,5895710.5352],[32463250.5521,5895707.782],[32463251.7876,5895705.036],[32463253.0403,5895702.3],[32463254.314,5895699.5764],[32463255.6126,5895696.8678],[32463256.94,5895694.1769],[32463258.3001,5895691.5063],[32463259.6969,5895688.8584],[32463261.1341,5895686.236],[32463262.6157,5895683.6415],[32463264.1456,5895681.0777],[32463265.7277,5895678.547],[32463267.3544,5895676.0444],[32463269.008,5895673.5583],[32463270.6867,5895671.0876],[32463272.3893,5895668.6315],[32463274.1143,5895666.1891],[32463275.8602,5895663.7595],[32463277.6257,5895661.342],[32463279.4093,5895658.9356],[32463281.2096,5895656.5394],[32463283.0252,5895654.1527],[32463284.8547,5895651.7745],[32463286.6966,5895649.4041],[32463288.5495,5895647.0405],[32463290.412,5895644.6829],[32463292.2827,5895642.3305],[32463294.1602,5895639.9823],[32463296.043,5895637.6375],[32463297.9297,5895635.2953],[32463299.8189,5895632.9548],[32463301.7091,5895630.6152],[32463303.5991,5895628.2755],[32463305.4872,5895625.935],[32463306.2799,5895624.95],[32463321.5057,5895605.6126],[32463322.2032,5895604.7082],[32463324.0324,5895602.331],[32463325.8597,5895599.9522],[32463327.6855,5895597.572],[32463329.5102,5895595.1909],[32463331.3342,5895592.8091],[32463333.158,5895590.4271],[32463334.9821,5895588.0452],[32463336.8067,5895585.6637],[32463338.6324,5895583.2831],[32463340.4595,5895580.9036],[32463342.2885,5895578.5256],[32463344.1198,5895576.1495],[32463345.9538,5895573.7756],[32463347.791,5895571.4043],[32463349.6317,5895569.036],[32463351.4764,5895566.671],[32463353.3254,5895564.3097],[32463355.1794,5895561.9524],[32463357.0385,5895559.5994],[32463358.9033,5895557.2512],[32463360.7742,5895554.9081],[32463362.6517,5895552.5704],[32463364.536,5895550.2386],[32463366.4277,5895547.9129],[32463368.3271,5895545.5937],[32463370.2348,5895543.2815],[32463372.151,5895540.9764],[32463374.0763,5895538.679],[32463376.0107,5895536.3892],[32463377.9505,5895534.104],[32463379.8945,5895531.8222],[32463381.8426,5895529.5438],[32463383.7946,5895527.2687],[32463385.7504,5895524.9967],[32463387.7098,5895522.7278],[32463389.6728,5895520.4618],[32463391.6393,5895518.1987],[32463393.609,5895515.9383],[32463395.5818,5895513.6805],[32463397.5577,5895511.4253],[32463399.5365,5895509.1725],[32463401.5181,5895506.922],[32463403.5023,5895504.6737],[32463405.489,5895502.4275],[32463407.4781,5895500.1833],[32463409.4695,5895497.941],[32463411.463,5895495.7005],[32463413.4585,5895493.4616],[32463415.4559,5895491.2244],[32463417.455,5895488.9885],[32463419.4558,5895486.7541],[32463421.458,5895484.5209],[32463423.4616,5895482.2889],[32463425.4664,5895480.0579],[32463427.4724,5895477.8278],[32463429.4793,5895475.5985],[32463431.4871,5895473.37],[32463433.4956,5895471.1421],[32463435.5047,5895468.9147],[32463437.5142,5895466.6878],[32463439.5241,5895464.4611],[32463441.5342,5895462.2346],[32463443.5444,5895460.0082],[32463445.5545,5895457.7818],[32463447.5645,5895455.5553],[32463449.5741,5895453.3285],[32463451.5834,5895451.1014],[32463453.592,5895448.8739],[32463455.6,5895446.6458],[32463457.6072,5895444.417],[32463459.6134,5895442.1875],[32463461.6185,5895439.9572],[32463463.6224,5895437.7258],[32463465.6251,5895435.4934],[32463467.6262,5895433.2598],[32463469.6258,5895431.0249],[32463471.6264,5895428.791],[32463473.6302,5895426.56],[32463475.6371,5895424.3317],[32463477.6467,5895422.1058],[32463479.6587,5895419.882],[32463481.6728,5895417.6601],[32463483.6888,5895415.4399],[32463485.7063,5895413.2211],[32463487.7251,5895411.0034],[32463489.7448,5895408.7865],[32463491.7653,5895406.5703],[32463493.7861,5895404.3544],[32463495.807,5895402.1387],[32463497.8278,5895399.9228],[32463499.8481,5895397.7064],[32463501.8676,5895395.4895],[32463503.8861,5895393.2716],[32463505.9033,5895391.0525],[32463507.9188,5895388.832],[32463509.9332,5895386.6105],[32463527.9218,5895366.4921],[32463574.174,5895311.4187],[32463575.05,5895308.4733],[32463573.0639,5895296.7155],[32463565.8735,5895273.7689],[32463553.2039,5895246.6167],[32463547.6315,5895244.3335],[32463538.628,5895245.3603],[32463531.1236,5895250.2297],[32463502.8321,5895298.8961],[32463502.5257,5895299.4805],[32463500.9788,5895302.0842],[32463498.4415,5895303.4718],[32463495.4066,5895303.1437],[32463492.6092,5895302.0898],[32463489.7999,5895300.9655],[32463487.0127,5895299.76],[32463484.2818,5895298.4622],[32463481.6411,5895297.0614],[32463479.1542,5895295.4921],[32463477.3209,5895293.0396],[32463476.3316,5895290.2606],[32463477.824,5895269.9709],[32463477.8732,5895269.2715],[32463478.0834,5895266.2798],[32463478.2935,5895263.2881],[32463478.5036,5895260.2964],[32463478.7138,5895257.3047],[32463478.9241,5895254.313],[32463479.1346,5895251.3212],[32463479.3455,5895248.3295],[32463479.5567,5895245.3378],[32463479.7685,5895242.3462],[32463479.9809,5895239.3546],[32463480.194,5895236.363],[32463480.4079,5895233.3716],[32463480.6226,5895230.3802],[32463480.8383,5895227.3889],[32463481.055,5895224.3977],[32463481.2729,5895221.4067],[32463481.4919,5895218.4158],[32463481.7124,5895215.425],[32463481.9342,5895212.4344],[32463482.1575,5895209.444],[32463482.3824,5895206.4537],[32463482.6089,5895203.4636],[32463482.8373,5895200.4738],[32463483.0675,5895197.4841],[32463483.2996,5895194.4947],[32463483.5338,5895191.5055],[32463483.7701,5895188.5166],[32463484.0086,5895185.528],[32463484.2494,5895182.5396],[32463484.324,5895181.6001],[32463484.6989,5895176.503],[32463484.9861,5895173.4616],[32463485.4757,5895170.4949],[32463486.2948,5895167.676],[32463487.6207,5895165.0584],[32463489.0823,5895163.099],[32463489.4336,5895162.6281],[32463491.5094,5895160.3606],[32463493.6314,5895158.219],[32463495.7787,5895156.0603],[32463498.0319,5895153.9939],[32463500.4547,5895152.2049],[32463503.1092,5895150.8755],[32463505.8829,5895149.7951],[32463508.6679,5895148.7338],[32463511.4637,5895147.6907],[32463514.2694,5895146.6648],[32463517.0844,5895145.6549],[32463519.908,5895144.6602],[32463522.7395,5895143.6796],[32463525.5782,5895142.7121],[32463528.4234,5895141.7566],[32463531.2744,5895140.8123],[32463534.1306,5895139.878],[32463536.9911,5895138.9528],[32463539.8555,5895138.0357],[32463542.7228,5895137.1255],[32463545.5926,5895136.2215],[32463548.464,5895135.3224],[32463551.3363,5895134.4274],[32463554.2089,5895133.5354],[32463557.0811,5895132.6454],[32463559.9522,5895131.7563],[32463562.8214,5895130.8673],[32463565.6882,5895129.9772],[32463568.5518,5895129.0852],[32463571.4151,5895128.1951],[32463574.2797,5895127.3094],[32463577.1456,5895126.4277],[32463580.0128,5895125.55],[32463582.8812,5895124.676],[32463585.7508,5895123.8057],[32463588.6214,5895122.9387],[32463591.493,5895122.0749],[32463594.3656,5895121.2142],[32463597.2391,5895120.3564],[32463600.1134,5895119.5012],[32463602.9885,5895118.6485],[32463605.8644,5895117.7981],[32463608.7409,5895116.9499],[32463611.618,5895116.1037],[32463614.4957,5895115.2592],[32463617.3739,5895114.4163],[32463620.2525,5895113.5749],[32463623.1315,5895112.7347],[32463626.0107,5895111.8955],[32463628.8903,5895111.0572],[32463631.77,5895110.2196],[32463634.6499,5895109.3826],[32463637.5299,5895108.5458],[32463640.4099,5895107.7093],[32463643.2898,5895106.8727],[32463646.1697,5895106.0359],[32463649.0494,5895105.1987],[32463651.9289,5895104.361],[32463654.8081,5895103.5225],[32463657.6871,5895102.6836],[32463660.57,5895101.8574],[32463663.4577,5895101.0473],[32463663.8496,5895100.9392],[32463718.0248,5895084.5302],[32463730.8736,5895077.0014],[32463737.0849,5895072.4603],[32463738.1589,5895071.6533],[32463740.5662,5895069.8331],[32463742.9766,5895068.0222],[32463745.3983,5895066.2374],[32463747.8352,5895064.4872],[32463750.2637,5895062.726],[32463752.6807,5895060.9468],[32463755.0886,5895059.1535],[32463757.4896,5895057.3497],[32463759.8862,5895055.5391],[32463762.2807,5895053.7254],[32463764.6754,5895051.9125],[32463767.0727,5895050.104],[32463769.475,5895048.3035],[32463771.8845,5895046.515],[32463774.3036,5895044.7419],[32463776.7348,5895042.9882],[32463779.1802,5895041.2574],[32463781.6424,5895039.5534],[32463784.1235,5895037.8798],[32463786.6261,5895036.2403],[32463789.1522,5895034.6348],[32463791.7026,5895033.0521],[32463794.2764,5895031.4946],[32463796.8728,5895029.9661],[32463799.4911,5895028.4704],[32463802.1303,5895027.0112],[32463804.7898,5895025.5923],[32463807.4687,5895024.2174],[32463810.1662,5895022.8904],[32463812.8815,5895021.615],[32463815.6138,5895020.395],[32463818.3623,5895019.2342],[32463821.1293,5895018.1414],[32463823.9505,5895017.1792],[32463826.8275,5895016.3515],[32463829.749,5895015.6405],[32463832.7038,5895015.0286],[32463835.6806,5895014.4982],[32463838.668,5895014.0315],[32463841.6549,5895013.611],[32463844.6299,5895013.219],[32463847.601,5895012.8523],[32463850.5814,5895012.5197],[32463853.5694,5895012.2224],[32463856.5635,5895011.9617],[32463859.5619,5895011.7388],[32463862.563,5895011.5551],[32463865.5651,5895011.4117],[32463868.5666,5895011.31],[32463871.5658,5895011.2511],[32463874.561,5895011.2365],[32463877.5515,5895011.2707],[32463880.5424,5895011.3771],[32463883.5339,5895011.5524],[32463886.5252,5895011.7877],[32463889.5152,5895012.0739],[32463892.5031,5895012.4021],[32463895.4878,5895012.7633],[32463898.4686,5895013.1484],[32463901.4443,5895013.5485],[32463904.4152,5895013.9531],[32463907.4202,5895014.3065],[32463910.4552,5895014.6323],[32463913.488,5895014.9959],[32463916.486,5895015.4633],[32463919.417,5895016.0999],[32463922.2486,5895016.9716],[32463924.9517,5895018.1371],[32463927.5881,5895019.4726],[32463930.1926,5895020.9026],[32463932.7667,5895022.4173],[32463935.3119,5895024.0069],[32463937.8296,5895025.6617],[32463940.3213,5895027.3719],[32463942.7886,5895029.1277],[32463945.2329,5895030.9194],[32463947.6556,5895032.7372],[32463950.0583,5895034.5713],[32463952.4423,5895036.4121],[32463954.8102,5895038.2506],[32463957.1736,5895040.0923],[32463959.5346,5895041.9408],[32463961.8921,5895043.7969],[32463964.245,5895045.6613],[32463966.592,5895047.535],[32463968.9319,5895049.4189],[32463971.2637,5895051.3136],[32463973.586,5895053.2201],[32463975.8979,5895055.1393],[32463978.198,5895057.0719],[32463980.4852,5895059.0188],[32463982.7583,5895060.9809],[32463985.0162,5895062.9589],[32463987.2576,5895064.9537],[32463989.4815,5895066.9662],[32463991.6866,5895068.9972],[32463993.8718,5895071.0475],[32463996.0358,5895073.118],[32463998.1776,5895075.2095],[32464000.3027,5895077.3177],[32464002.4173,5895079.4377],[32464004.5218,5895081.5692],[32464006.6164,5895083.7117],[32464008.7014,5895085.8647],[32464010.777,5895088.028],[32464012.8435,5895090.201],[32464014.9013,5895092.3834],[32464016.9504,5895094.5748],[32464018.9914,5895096.7747],[32464021.0243,5895098.9827],[32464023.0495,5895101.1984],[32464025.0673,5895103.4214],[32464027.0779,5895105.6513],[32464029.0816,5895107.8877],[32464031.0787,5895110.1301],[32464033.0694,5895112.3782],[32464035.054,5895114.6315],[32464037.0329,5895116.8896],[32464039.0062,5895119.1521],[32464040.9742,5895121.4187],[32464042.9373,5895123.6888],[32464044.8956,5895125.9621],[32464046.8495,5895128.2381],[32464048.7993,5895130.5165],[32464050.7451,5895132.7968],[32464052.6874,5895135.0788],[32464054.6264,5895137.3662],[32464056.5608,5895139.6612],[32464058.4888,5895141.9645],[32464060.4083,5895144.277],[32464062.3176,5895146.5993],[32464064.2147,5895148.9324],[32464066.0979,5895151.2768],[32464067.9651,5895153.6335],[32464069.8145,5895156.0031],[32464071.6443,5895158.3865],[32464073.4525,5895160.7844],[32464075.2373,5895163.1977],[32464076.9968,5895165.627],[32464078.7291,5895168.0731],[32464080.4323,5895170.5368],[32464082.1045,5895173.019],[32464083.744,5895175.5203],[32464085.3465,5895178.0432],[32464086.9019,5895180.5957],[32464088.4133,5895183.1759],[32464089.8854,5895185.7811],[32464091.3231,5895188.4081],[32464092.7311,5895191.0539],[32464094.1143,5895193.7156],[32464095.4775,5895196.3902],[32464096.8254,5895199.0747],[32464098.163,5895201.7661],[32464099.4949,5895204.4613],[32464100.826,5895207.1575],[32464102.1612,5895209.8516],[32464103.5052,5895212.5406],[32464104.2538,5895214.0189],[32464112.0231,5895228.4004],[32464140.8812,5895274.0581],[32464154.5297,5895289.9426],[32464177.159,5895309.7252],[32464189.835,5895317.7949],[32464211.638,5895327.7956],[32464237.1232,5895336.7504],[32464260.4156,5895342.6497],[32464287.1408,5895346.2158],[32464317.1109,5895348.0335],[32464365.0288,5895345.9967],[32464382.6243,5895342.1161],[32464411.0004,5895332.3872],[32464435.8678,5895321.8555],[32464457.1321,5895310.7567],[32464473.3459,5895297.4659],[32464499.7796,5895264.8334],[32464518.2522,5895237.4883],[32464544.003,5895193.4683],[32464563.8327,5895156.4663],[32464577.7104,5895126.5526],[32464601.2891,5895064.8819],[32464605.5391,5895041.3121],[32464607.9488,5895014.3745],[32464607.4295,5894963.4203],[32464605.2729,5894918.3854],[32464602.9881,5894900.5809],[32464597.8092,5894883.3201],[32464588.906,5894864.2975],[32464582.0656,5894858.4399],[32464573.1675,5894857.1895],[32464562.8262,5894863.5616],[32464557.8482,5894870.6839],[32464558.9699,5894879.7152],[32464559.9327,5894882.8052],[32464560.8135,5894885.462],[32464561.7083,5894888.3381],[32464562.8619,5894891.1284],[32464563.94,5894893.9373],[32464564.904,5894896.7734],[32464565.7154,5894899.6451],[32464566.3785,5894902.5533],[32464566.9976,5894905.4797],[32464567.5791,5894908.4212],[32464568.1219,5894911.3759],[32464568.6252,5894914.3421],[32464569.0878,5894917.3179],[32464569.5089,5894920.3015],[32464569.8875,5894923.2911],[32464570.2226,5894926.2848],[32464570.5132,5894929.2808],[32464570.7583,5894932.2773],[32464570.957,5894935.2725],[32464571.1083,5894938.2645],[32464571.2116,5894941.2518],[32464571.2805,5894944.2413],[32464571.3222,5894947.2364],[32464571.3362,5894950.2362],[32464571.322,5894953.2395],[32464571.2792,5894956.2454],[32464571.2073,5894959.2529],[32464571.1058,5894962.2609],[32464570.9744,5894965.2683],[32464570.8125,5894968.2743],[32464570.6196,5894971.2777],[32464570.3954,5894974.2775],[32464570.1394,5894977.2728],[32464569.851,5894980.2624],[32464569.5299,5894983.2454],[32464569.1756,5894986.2208],[32464568.7876,5894989.1874],[32464568.3635,5894992.1447],[32464567.8896,5894995.095],[32464567.3669,5894998.0389],[32464566.7994,5895000.9771],[32464566.1914,5895003.9098],[32464565.5469,5895006.8376],[32464564.8701,5895009.7607],[32464564.165,5895012.6796],[32464563.4357,5895015.5946],[32464562.6864,5895018.5063],[32464561.9213,5895021.415],[32464561.1443,5895024.321],[32464560.3597,5895027.2249],[32464559.5715,5895030.1269],[32464558.7839,5895033.0276],[32464558.0009,5895035.9273],[32464557.2267,5895038.8264],[32464556.4598,5895041.7249],[32464555.6878,5895044.6221],[32464554.9105,5895047.5179],[32464554.1279,5895050.4125],[32464553.3403,5895053.3058],[32464552.5478,5895056.1979],[32464551.7506,5895059.0888],[32464550.9489,5895061.9786],[32464550.1428,5895064.8672],[32464549.3327,5895067.7548],[32464548.5185,5895070.6413],[32464547.7006,5895073.5268],[32464546.8791,5895076.4113],[32464546.0541,5895079.2948],[32464545.226,5895082.1775],[32464544.3947,5895085.0592],[32464543.5606,5895087.9402],[32464542.7239,5895090.8203],[32464541.8846,5895093.6996],[32464541.043,5895096.5783],[32464540.1992,5895099.4562],[32464539.3535,5895102.3334],[32464538.506,5895105.21],[32464537.657,5895108.0861],[32464536.8085,5895110.9625],[32464535.9703,5895113.844],[32464535.1422,5895116.7305],[32464534.3223,5895119.6212],[32464533.5087,5895122.5151],[32464532.6993,5895125.4115],[32464531.8924,5895128.3094],[32464531.086,5895131.2079],[32464530.2782,5895134.1062],[32464529.467,5895137.0034],[32464528.6506,5895139.8987],[32464527.827,5895142.7912],[32464526.9943,5895145.6799],[32464526.1507,5895148.5641],[32464525.2941,5895151.4428],[32464524.4227,5895154.3153],[32464523.5346,5895157.1805],[32464522.6278,5895160.0377],[32464521.7005,5895162.8859],[32464520.7506,5895165.7244],[32464519.7764,5895168.5522],[32464518.7758,5895171.3685],[32464517.747,5895174.1723],[32464516.688,5895176.9628],[32464515.597,5895179.7392],[32464514.46,5895182.4992],[32464513.2621,5895185.2403],[32464512.0062,5895187.962],[32464510.6953,5895190.6638],[32464509.3324,5895193.3452],[32464507.9205,5895196.0057],[32464506.4627,5895198.6448],[32464504.962,5895201.2621],[32464503.4214,5895203.8569],[32464501.8439,5895206.4289],[32464500.2325,5895208.9776],[32464498.5904,5895211.5024],[32464496.9204,5895214.0029],[32464495.2256,5895216.4785],[32464493.5091,5895218.9288],[32464491.7706,5895221.3578],[32464490.0045,5895223.7747],[32464488.2106,5895226.1786],[32464486.3891,5895228.5678],[32464484.5403,5895230.9408],[32464482.6643,5895233.2961],[32464480.7613,5895235.6322],[32464478.8315,5895237.9474],[32464476.8752,5895240.2404],[32464474.8924,5895242.5094],[32464472.8835,5895244.7531],[32464470.8486,5895246.9698],[32464468.7879,5895249.1581],[32464466.7017,5895251.3163],[32464464.59,5895253.443],[32464462.4531,5895255.5365],[32464460.2913,5895257.5955],[32464458.0998,5895259.6224],[32464455.8737,5895261.6219],[32464453.6147,5895263.5939],[32464451.3249,5895265.5383],[32464449.0059,5895267.4552],[32464446.6596,5895269.3443],[32464444.288,5895271.2056],[32464441.8929,5895273.039],[32464439.4761,5895274.8445],[32464437.0394,5895276.6219],[32464434.5848,5895278.3712],[32464432.1141,5895280.0923],[32464429.6291,5895281.7851],[32464427.1317,5895283.4495],[32464424.6237,5895285.0854],[32464422.1071,5895286.6928],[32464419.5825,5895288.2703],[32464416.988,5895289.743],[32464414.2992,5895291.075],[32464411.5327,5895292.2769],[32464408.7053,5895293.3596],[32464405.8338,5895294.3338],[32464402.9349,5895295.2102],[32464400.0255,5895295.9997],[32464397.1217,5895296.7128],[32464394.2075,5895297.3489],[32464391.2705,5895297.9094],[32464388.3141,5895298.4017],[32464385.3419,5895298.8333],[32464382.3575,5895299.2114],[32464379.3644,5895299.5435],[32464376.3661,5895299.8368],[32464373.3662,5895300.0989],[32464370.3682,5895300.337],[32464367.3757,5895300.5585],[32464364.3863,5895300.7745],[32464361.3943,5895300.9909],[32464358.4001,5895301.2051],[32464355.404,5895301.4146],[32464352.4062,5895301.6171],[32464349.4072,5895301.81],[32464346.4072,5895301.9908],[32464343.4067,5895302.1571],[32464340.4059,5895302.3064],[32464337.4052,5895302.4362],[32464334.4048,5895302.5441],[32464331.4053,5895302.6275],[32464328.4067,5895302.684],[32464325.4096,5895302.7112],[32464322.4142,5895302.7065],[32464319.4209,5895302.6675],[32464316.4299,5895302.5916],[32464313.4407,5895302.4793],[32464310.449,5895302.3418],[32464307.4551,5895302.1803],[32464304.4597,5895301.9947],[32464301.4634,5895301.785],[32464298.467,5895301.551],[32464295.4712,5895301.2926],[32464292.4767,5895301.0096],[32464289.4842,5895300.702],[32464286.4946,5895300.3696],[32464283.5084,5895300.0123],[32464280.5264,5895299.6299],[32464277.5493,5895299.2224],[32464274.5778,5895298.7896],[32464271.6127,5895298.3315],[32464268.6547,5895297.8478],[32464265.7044,5895297.3384],[32464262.7627,5895296.8033],[32464259.8272,5895296.2378],[32464256.8902,5895295.6267],[32464253.9542,5895294.9682],[32464251.0227,5895294.2618],[32464248.0992,5895293.5069],[32464245.1869,5895292.7029],[32464242.2895,5895291.8492],[32464239.4101,5895290.9453],[32464236.5524,5895289.9906],[32464233.7197,5895288.9845],[32464230.9153,5895287.9264],[32464228.1429,5895286.8158],[32464225.4057,5895285.652],[32464222.7123,5895284.3996],[32464220.075,5895282.9961],[32464217.4939,5895281.4571],[32464214.9689,5895279.8007],[32464212.4999,5895278.0449],[32464210.0868,5895276.2077],[32464207.7295,5895274.3072],[32464205.4279,5895272.3613],[32464203.1805,5895270.3873],[32464200.9618,5895268.3833],[32464198.764,5895266.3455],[32464196.5894,5895264.2745],[32464194.4406,5895262.1707],[32464192.32,5895260.0347],[32464190.23,5895257.8669],[32464188.1731,5895255.6678],[32464186.1518,5895253.4379],[32464184.1685,5895251.1778],[32464182.2257,5895248.888],[32464180.3258,5895246.5688],[32464178.4711,5895244.221],[32464176.6482,5895241.8502],[32464174.8477,5895239.4605],[32464173.0681,5895237.053],[32464171.308,5895234.6292],[32464169.5663,5895232.1901],[32464167.8416,5895229.7371],[32464166.1326,5895227.2714],[32464164.4379,5895224.7943],[32464162.7563,5895222.3069],[32464161.0864,5895219.8106],[32464159.4269,5895217.3066],[32464157.7766,5895214.7962],[32464156.134,5895212.2805],[32464154.4979,5895209.7608],[32464152.8669,5895207.2384],[32464151.2399,5895204.7145],[32464149.6153,5895202.1904],[32464147.992,5895199.6673],[32464146.3694,5895197.1457],[32464144.765,5895194.6123],[32464143.1841,5895192.0627],[32464141.6237,5895189.499],[32464140.0808,5895186.9234],[32464138.5523,5895184.3378],[32464137.9767,5895183.3537],[32464115.3317,5895145.7965],[32464081.723,5895103.5158],[32464056.2416,5895078.1804],[32464024.751,5895050.3554],[32463980.542,5895014.3347],[32463942.6772,5894985.7752],[32463942.1573,5894985.3997],[32463939.7577,5894983.5732],[32463939.3605,5894983.3939],[32463937.283,5894981.9123],[32463936.0867,5894981.0647],[32463917.5607,5894968.4055],[32463906.1418,5894964.3597],[32463870.1969,5894962.8973],[32463840.472,5894966.7711],[32463814.6638,5894974.7335],[32463792.3705,5894983.6342],[32463723.9863,5895018.8135],[32463723.0512,5895019.3084],[32463720.3961,5895020.7081],[32463717.7384,5895022.1025],[32463715.078,5895023.4908],[32463712.4144,5895024.8722],[32463709.7472,5895026.2459],[32463707.0762,5895027.6112],[32463704.401,5895028.9673],[32463701.7212,5895030.3133],[32463699.0365,5895031.6486],[32463696.3465,5895032.9722],[32463693.6534,5895034.2914],[32463690.9593,5895035.6133],[32463688.2635,5895036.9358],[32463685.5656,5895038.2569],[32463682.865,5895039.5745],[32463680.1611,5895040.8868],[32463677.4533,5895042.1916],[32463674.741,5895043.487],[32463672.0236,5895044.7709],[32463669.3007,5895046.0413],[32463666.5715,5895047.2963],[32463663.8355,5895048.5338],[32463661.0922,5895049.7517],[32463658.3409,5895050.9481],[32463655.5811,5895052.121],[32463652.8122,5895053.2683],[32463650.0336,5895054.3881],[32463647.2447,5895055.4783],[32463644.445,5895056.5369],[32463641.6339,5895057.5619],[32463638.8111,5895058.5524],[32463635.9784,5895059.5147],[32463633.1364,5895060.4515],[32463630.2859,5895061.3643],[32463627.4274,5895062.255],[32463624.5617,5895063.1254],[32463621.6892,5895063.9771],[32463618.8106,5895064.8119],[32463615.9265,5895065.6315],[32463613.0376,5895066.4377],[32463610.1444,5895067.2322],[32463607.2476,5895068.0168],[32463604.3477,5895068.7932],[32463601.4455,5895069.5631],[32463598.5414,5895070.3282],[32463595.6361,5895071.0904],[32463592.7303,5895071.8514],[32463589.8245,5895072.6128],[32463586.9194,5895073.3765],[32463584.0155,5895074.1441],[32463581.1135,5895074.9175],[32463578.214,5895075.6983],[32463575.3177,5895076.4883],[32463574.4207,5895076.7367],[32463558.039,5895081.5187],[32463535.4952,5895089.7173],[32463532.7012,5895090.8155],[32463529.9063,5895091.9104],[32463527.1081,5895092.9949],[32463524.3046,5895094.0627],[32463521.4939,5895095.1078],[32463518.6739,5895096.1238],[32463515.8426,5895097.1046],[32463512.9971,5895098.0442],[32463510.1309,5895098.9416],[32463507.2465,5895099.7975],[32463504.3478,5895100.6124],[32463501.4386,5895101.3869],[32463498.5228,5895102.1217],[32463495.6041,5895102.8173],[32463492.6864,5895103.4743],[32463489.7735,5895104.0934],[32463486.7489,5895104.0368],[32463484.0398,5895102.6721],[32463482.5715,5895100.0987],[32463481.9253,5895097.2017],[32463481.317,5895094.2875],[32463480.7408,5895091.3585],[32463480.1907,5895088.417],[32463480.1707,5895088.3058],[32463464.0042,5895008.8931],[32463449.519,5894963.2781],[32463428.4627,5894920.0526],[32463389.567,5894859.3787],[32463373.3626,5894837.1887],[32463348.6017,5894810.7209],[32463317.0103,5894782.5457],[32463254.6816,5894733.0257],[32463195.7682,5894694.6051],[32462969.6663,5894582.8694],[32462916.2817,5894550.576],[32462885.7989,5894529.4876],[32462857.7774,5894507.5571],[32462849.3007,5894498.9411],[32466533.1267,5894468.8556],[32467221.5605,5894464.837],[32467106.74,5894566.43],[32467021.93,5894641.47],[32466996.11,5894664.31],[32466925.02,5894727.22],[32466907.93,5894742.34],[32466899.97,5894760.53],[32466867.7392,5894834.1853]]],[[[32467344.0116,5911578.1623],[32467341.0896,5911578.7079],[32467338.1247,5911579.1287],[32467335.1276,5911579.4354],[32467332.1087,5911579.6386],[32467329.0788,5911579.7489],[32467326.0484,5911579.777],[32467323.0282,5911579.7335],[32467320.0286,5911579.629],[32467317.0478,5911579.4655],[32467314.0525,5911579.2154],[32467311.0513,5911578.8715],[32467308.0566,5911578.429],[32467305.081,5911577.8831],[32467301.1311,5911579.0778],[32467298.5711,5911577.6852],[32467296.0052,5911576.2893],[32467293.4186,5911574.8822],[32467290.7939,5911573.4544],[32467287.9214,5911572.5763],[32467285.0583,5911571.701],[32467282.2196,5911570.8332],[32467279.1286,5911569.8882],[32467277.5777,5911566.1849],[32467275.1934,5911564.4044],[32467272.8883,5911562.5272],[32467270.6427,5911560.5673],[32467268.447,5911558.538],[32467266.2918,5911556.4525],[32467264.1674,5911554.3242],[32467262.0643,5911552.1663],[32467259.973,5911549.9921],[32467257.8839,5911547.8147],[32467255.7875,5911545.6476],[32467253.6741,5911543.5039],[32467251.5344,5911541.3969],[32467235.6939,5911501.185],[32467224.3196,5911455.6905],[32467199.9467,5911410.1963],[32467198.3217,5911393.9482],[32467204.8209,5911387.4489],[32467138.2021,5911275.338],[32467120.3285,5911234.718],[32467092.7058,5911164.8516],[32467079.7066,5911112.0454],[32467071.58,5910936.5662],[32467065.0801,5910897.5708],[32467040.7072,5910839.078],[32467034.2072,5910791.9586],[32467026.082,5910711.5307],[32467013.0828,5910654.6625],[32466993.5842,5910594.5449],[32466985.4595,5910552.2999],[32466974.0847,5910472.6844],[32466964.3351,5910422.3154],[32466900.9653,5910269.5843],[32466868.468,5910195.6558],[32466855.4688,5910143.6621],[32466834.3453,5910075.4205],[32466770.9758,5909932.4381],[32466751.4773,5909880.4445],[32466735.2283,5909817.0771],[32466684.8568,5909648.91],[32466551.6173,5909298.7655],[32466421.6276,5908955.9327],[32466392.3795,5908844.6336],[32466346.0956,5908560.6304],[32466324.1315,5908435.995],[32466314.0086,5908377.6441],[32466296.5075,5908276.7642],[32466290.0061,5908127.2817],[32466296.5037,5908015.9822],[32466308.0173,5907871.2132],[32466319.2469,5907730.0155],[32466354.99,5907543.1619],[32466405.3561,5907353.4643],[32466406.1917,5907349.7419],[32466406.8485,5907346.8159],[32466407.5053,5907343.8899],[32466408.1621,5907340.9639],[32466408.8188,5907338.0379],[32466409.4756,5907335.1119],[32466410.1324,5907332.1859],[32466410.7891,5907329.2599],[32466411.4459,5907326.3339],[32466412.1027,5907323.4079],[32466412.7594,5907320.4819],[32466413.4162,5907317.5559],[32466414.073,5907314.6299],[32466414.7298,5907311.7039],[32466415.3865,5907308.7779],[32466416.0433,5907305.8519],[32466416.7001,5907302.9259],[32466417.3569,5907299.9999],[32466418.0138,5907297.0739],[32466418.6706,5907294.1479],[32466419.3274,5907291.2219],[32466419.9843,5907288.2959],[32466420.6412,5907285.3699],[32466421.2981,5907282.444],[32466421.955,5907279.518],[32466422.6119,5907276.592],[32466423.2689,5907273.666],[32466423.9268,5907270.7403],[32466424.5865,5907267.8149],[32466425.2477,5907264.8897],[32466425.9106,5907261.9649],[32466426.575,5907259.0404],[32466427.2408,5907256.1162],[32466427.9079,5907253.1923],[32466428.5764,5907250.2686],[32466429.2461,5907247.3451],[32466429.917,5907244.4219],[32466430.5889,5907241.4989],[32466431.2619,5907238.5761],[32466431.9359,5907235.6535],[32466432.6108,5907232.7311],[32466433.2865,5907229.8089],[32466433.9629,5907226.8867],[32466434.6401,5907223.9648],[32466435.3178,5907221.0429],[32466435.9962,5907218.1212],[32466436.675,5907215.1995],[32466437.3543,5907212.278],[32466438.0339,5907209.3565],[32466438.7138,5907206.4351],[32466439.394,5907203.5137],[32466440.0742,5907200.5923],[32466440.7546,5907197.671],[32466441.435,5907194.7497],[32466442.1154,5907191.8283],[32466442.7956,5907188.907],[32466443.4757,5907185.9856],[32466444.1555,5907183.0641],[32466444.835,5907180.1426],[32466445.5142,5907177.221],[32466446.1928,5907174.2994],[32466446.2753,5907173.9441],[32466461.5238,5907107.0459],[32466481.9884,5907007.1894],[32466509.9296,5906838.54],[32466515.3005,5906797.033],[32466515.3158,5906796.9017],[32466515.6602,5906793.9215],[32466516.0021,5906790.9409],[32466516.3421,5906787.96],[32466516.6806,5906784.9789],[32466517.0183,5906781.9977],[32466517.3557,5906779.0164],[32466517.6933,5906776.0353],[32466518.0316,5906773.0542],[32466518.3713,5906770.0734],[32466518.7128,5906767.0929],[32466519.0566,5906764.1128],[32466519.4035,5906761.1332],[32466519.7537,5906758.1541],[32466520.108,5906755.1757],[32466520.4669,5906752.198],[32466520.8308,5906749.2211],[32466521.2004,5906746.2451],[32466521.5761,5906743.2701],[32466521.9586,5906740.2961],[32466522.3483,5906737.3233],[32466522.7458,5906734.3517],[32466523.1517,5906731.3815],[32466523.5665,5906728.4127],[32466523.9907,5906725.4453],[32466524.4248,5906722.4795],[32466524.8695,5906719.5154],[32466525.3252,5906716.553],[32466525.7922,5906713.5923],[32466526.2684,5906710.633],[32466526.753,5906707.6749],[32466527.2458,5906704.718],[32466527.7466,5906701.7623],[32466528.2551,5906698.8077],[32466528.7709,5906695.8542],[32466529.2939,5906692.9018],[32466529.8237,5906689.9504],[32466530.3602,5906687.0],[32466530.903,5906684.0506],[32466531.4519,5906681.1021],[32466532.0066,5906678.1546],[32466532.5669,5906675.208],[32466533.1324,5906672.2622],[32466533.703,5906669.3173],[32466534.2783,5906666.3732],[32466534.8581,5906663.4298],[32466535.4422,5906660.4872],[32466536.0302,5906657.5453],[32466536.6219,5906654.6041],[32466537.217,5906651.6635],[32466537.8153,5906648.7236],[32466538.4165,5906645.7842],[32466539.0204,5906642.8455],[32466539.6266,5906639.9072],[32466540.235,5906636.9695],[32466540.8452,5906634.0323],[32466541.4569,5906631.0954],[32466542.07,5906628.1591],[32466542.6841,5906625.2231],[32466543.2991,5906622.2874],[32466543.9145,5906619.3521],[32466544.5302,5906616.4171],[32466545.1459,5906613.4823],[32466545.7614,5906610.5478],[32466546.3763,5906607.6135],[32466547.0057,5906604.6817],[32466547.7435,5906601.7669],[32466548.5781,5906598.8678],[32466549.3094,5906596.5169],[32466554.3539,5906578.6377],[32466555.9689,5906545.7796],[32466553.6961,5906542.7152],[32466537.8119,5906483.7186],[32466537.3131,5906481.9068],[32466536.5434,5906479.007],[32466535.8085,5906476.1008],[32466535.1162,5906473.1868],[32466534.474,5906470.2636],[32466533.8896,5906467.3298],[32466533.362,5906464.3851],[32466532.8656,5906461.4325],[32466532.3977,5906458.4728],[32466531.9579,5906455.5066],[32466531.5456,5906452.5346],[32466531.1605,5906449.5575],[32466530.802,5906446.5759],[32466530.4697,5906443.5904],[32466530.1632,5906440.6017],[32466529.8818,5906437.6103],[32466529.6253,5906434.617],[32466529.3931,5906431.6224],[32466529.1847,5906428.6272],[32466528.9997,5906425.6318],[32466528.8376,5906422.6371],[32466528.688,5906419.643],[32466528.5378,5906416.6488],[32466528.3872,5906413.6544],[32466528.2361,5906410.66],[32466528.0845,5906407.6655],[32466527.9326,5906404.6709],[32466527.7804,5906401.6762],[32466527.628,5906398.6815],[32466527.4753,5906395.6866],[32466527.3225,5906392.6917],[32466527.1695,5906389.6967],[32466527.0165,5906386.7016],[32466526.8635,5906383.7065],[32466526.7105,5906380.7112],[32466526.5576,5906377.7159],[32466526.4048,5906374.7205],[32466526.2522,5906371.7251],[32466526.0999,5906368.7295],[32466525.9478,5906365.7339],[32466525.7961,5906362.7383],[32466525.6448,5906359.7425],[32466525.4939,5906356.7467],[32466525.3435,5906353.7509],[32466525.1936,5906350.7549],[32466525.0443,5906347.7589],[32466524.8956,5906344.7629],[32466524.7476,5906341.7668],[32466524.6004,5906338.7706],[32466524.4539,5906335.7744],[32466524.3083,5906332.7781],[32466524.1635,5906329.7817],[32466524.0197,5906326.7853],[32466523.8768,5906323.7889],[32466523.735,5906320.7924],[32466523.5943,5906317.7958],[32466523.4547,5906314.7992],[32466523.3163,5906311.8025],[32466523.1791,5906308.8059],[32466523.0432,5906305.8091],[32466522.9086,5906302.8123],[32466522.7754,5906299.8155],[32466522.6436,5906296.8186],[32466522.5133,5906293.8217],[32466522.3845,5906290.8248],[32466522.2573,5906287.8278],[32466522.1318,5906284.8307],[32466522.0079,5906281.8337],[32466521.8857,5906278.8366],[32466521.7653,5906275.8395],[32466521.6468,5906272.8423],[32466521.5301,5906269.8451],[32466521.4153,5906266.8479],[32466521.3025,5906263.8507],[32466521.1918,5906260.8534],[32466521.0831,5906257.8561],[32466520.9765,5906254.8588],[32466520.8721,5906251.8614],[32466520.77,5906248.8641],[32466520.6701,5906245.8667],[32466520.5725,5906242.8693],[32466520.4773,5906239.8718],[32466520.3846,5906236.8744],[32466520.2943,5906233.8769],[32466520.2065,5906230.8795],[32466520.1213,5906227.882],[32466520.0387,5906224.8845],[32466519.9588,5906221.887],[32466519.8816,5906218.8895],[32466519.8072,5906215.892],[32466519.7356,5906212.8944],[32466519.6668,5906209.8969],[32466519.601,5906206.8994],[32466519.5382,5906203.9018],[32466519.4783,5906200.9043],[32466519.4216,5906197.9067],[32466519.3679,5906194.9092],[32466519.3175,5906191.9117],[32466519.2702,5906188.9141],[32466519.2262,5906185.9166],[32466519.1855,5906182.9191],[32466519.1482,5906179.9216],[32466519.1144,5906176.9241],[32466519.0839,5906173.9266],[32466519.057,5906170.9291],[32466519.0337,5906167.9315],[32466519.0138,5906164.934],[32466518.9974,5906161.9364],[32466518.9843,5906158.9387],[32466518.9745,5906155.9411],[32466518.9679,5906152.9434],[32466518.9646,5906149.9456],[32466518.9643,5906146.9479],[32466518.9671,5906143.9501],[32466518.973,5906140.9523],[32466518.9817,5906137.9544],[32466518.9933,5906134.9566],[32466519.0078,5906131.9587],[32466519.025,5906128.9607],[32466519.0449,5906125.9628],[32466519.0675,5906122.9648],[32466519.0926,5906119.9668],[32466519.1202,5906116.9687],[32466519.1504,5906113.9707],[32466519.1829,5906110.9726],[32466519.2177,5906107.9745],[32466519.2548,5906104.9764],[32466519.2941,5906101.9782],[32466519.3356,5906098.98],[32466519.3792,5906095.9818],[32466519.4248,5906092.9836],[32466519.4724,5906089.9854],[32466519.5219,5906086.9871],[32466519.5733,5906083.9888],[32466519.6264,5906080.9905],[32466519.6813,5906077.9922],[32466519.7379,5906074.9939],[32466519.796,5906071.9955],[32466519.8558,5906068.9971],[32466519.917,5906065.9987],[32466519.9796,5906063.0003],[32466520.0436,5906060.0019],[32466520.109,5906057.0035],[32466520.1755,5906054.005],[32466520.2433,5906051.0066],[32466520.3122,5906048.0081],[32466520.3822,5906045.0096],[32466520.4532,5906042.0111],[32466520.5251,5906039.0126],[32466520.5979,5906036.014],[32466520.6716,5906033.0155],[32466520.746,5906030.017],[32466520.8211,5906027.0184],[32466520.8969,5906024.0198],[32466520.9732,5906021.0213],[32466521.0501,5906018.0227],[32466521.1274,5906015.0241],[32466521.2052,5906012.0255],[32466521.2833,5906009.0269],[32466521.3617,5906006.0283],[32466521.4403,5906003.0296],[32466521.5191,5906000.031],[32466521.598,5905997.0324],[32466521.6769,5905994.0337],[32466521.7558,5905991.0351],[32466521.8346,5905988.0365],[32466521.8837,5905986.1672],[32466525.5759,5905796.0987],[32466525.5664,5905730.1539],[32466523.9438,5905706.2262],[32466501.6449,5905564.9674],[32466501.4935,5905564.0219],[32466501.0194,5905561.0608],[32466500.5456,5905558.0997],[32466500.072,5905555.1385],[32466499.5986,5905552.1773],[32466499.1255,5905549.216],[32466498.6526,5905546.2547],[32466498.1799,5905543.2934],[32466497.7075,5905540.332],[32466497.2354,5905537.3706],[32466496.7636,5905534.4091],[32466496.292,5905531.4476],[32466495.8207,5905528.4861],[32466495.3497,5905525.5245],[32466494.879,5905522.5628],[32466494.4087,5905519.6011],[32466493.9386,5905516.6394],[32466493.4688,5905513.6776],[32466492.9994,5905510.7157],[32466492.5303,5905507.7538],[32466492.0615,5905504.7919],[32466491.5931,5905501.8299],[32466491.1251,5905498.8678],[32466490.6573,5905495.9057],[32466490.19,5905492.9435],[32466489.723,5905489.9813],[32466489.2564,5905487.019],[32466488.7902,5905484.0566],[32466488.3244,5905481.0942],[32466487.859,5905478.1317],[32466487.3939,5905475.1692],[32466486.9293,5905472.2066],[32466486.4651,5905469.2439],[32466486.0014,5905466.2812],[32466485.2398,5905461.4094],[32466484.6126,5905457.3926],[32466484.1506,5905454.4296],[32466483.6891,5905451.4665],[32466483.228,5905448.5034],[32466482.7673,5905445.5402],[32466482.3072,5905442.5769],[32466481.8475,5905439.6135],[32466481.389,5905436.65],[32466480.9336,5905433.6858],[32466480.4815,5905430.721],[32466480.0324,5905427.7556],[32466479.5863,5905424.7896],[32466479.1429,5905421.8231],[32466478.7021,5905418.8561],[32466478.2638,5905415.8886],[32466477.8278,5905412.9206],[32466477.3939,5905409.9523],[32466476.962,5905406.9835],[32466476.532,5905404.0144],[32466476.1037,5905401.045],[32466475.677,5905398.0752],[32466475.2517,5905395.1052],[32466474.8276,5905392.135],[32466474.4046,5905389.1645],[32466473.9826,5905386.1939],[32466473.5614,5905383.2231],[32466473.1408,5905380.2522],[32466472.7207,5905377.2813],[32466472.3006,5905374.3103],[32466461.4818,5905300.1015],[32466450.7363,5905238.0967],[32466441.3335,5905197.1765],[32466426.2404,5905142.1942],[32466415.1925,5905107.2087],[32466414.4629,5905105.0377],[32466413.5027,5905102.195],[32466412.5389,5905099.3533],[32466411.5724,5905096.5125],[32466410.604,5905093.6721],[32466409.6345,5905090.8321],[32466408.6648,5905087.9921],[32466407.6958,5905085.152],[32466406.7282,5905082.3115],[32466405.7629,5905079.4703],[32466404.8007,5905076.6282],[32466403.8425,5905073.785],[32466402.8891,5905070.9404],[32466401.9413,5905068.0943],[32466401.0,5905065.2463],[32466400.066,5905062.3962],[32466399.1402,5905059.5438],[32466398.2234,5905056.6888],[32466397.3164,5905053.831],[32466396.4201,5905050.9702],[32466395.5352,5905048.1062],[32466394.6627,5905045.2386],[32466393.8034,5905042.3673],[32466392.9581,5905039.4919],[32466392.1272,5905036.6125],[32466391.3017,5905033.7305],[32466390.4779,5905030.8469],[32466389.6564,5905027.9615],[32466388.8378,5905025.0743],[32466388.0226,5905022.1853],[32466387.2114,5905019.2944],[32466386.4047,5905016.4017],[32466385.6031,5905013.5071],[32466384.8072,5905010.6106],[32466384.0175,5905007.7122],[32466383.2346,5905004.8117],[32466382.4591,5905001.9093],[32466381.6914,5904999.0049],[32466380.9323,5904996.0983],[32466380.1821,5904993.1897],[32466379.4416,5904990.279],[32466378.7112,5904987.3661],[32466377.9915,5904984.4511],[32466377.2831,5904981.5339],[32466376.5865,5904978.6144],[32466375.9023,5904975.6927],[32466375.2311,5904972.7687],[32466374.5733,5904969.8424],[32466373.9297,5904966.9138],[32466373.3007,5904963.9828],[32466372.6869,5904961.0494],[32466372.0889,5904958.1136],[32466371.5071,5904955.1753],[32466370.9423,5904952.2346],[32466370.3949,5904949.2913],[32466369.8655,5904946.3455],[32466369.3545,5904943.3971],[32466368.861,5904940.4455],[32466368.3842,5904937.4906],[32466367.9234,5904934.5326],[32466367.4782,5904931.5716],[32466367.0479,5904928.6078],[32466366.6319,5904925.6413],[32466366.2296,5904922.6722],[32466365.8404,5904919.7007],[32466365.4638,5904916.7268],[32466365.0991,5904913.7508],[32466364.7457,5904910.7728],[32466364.4031,5904907.7928],[32466364.0707,5904904.8111],[32466363.7478,5904901.8277],[32466363.4339,5904898.8429],[32466363.1284,5904895.8567],[32466362.8306,5904892.8692],[32466362.5401,5904889.8806],[32466362.2562,5904886.8911],[32466361.9782,5904883.9007],[32466361.7057,5904880.9097],[32466361.438,5904877.918],[32466361.1745,5904874.926],[32466360.9147,5904871.9336],[32466360.6578,5904868.9411],[32466360.4035,5904865.9486],[32466360.151,5904862.9561],[32466359.8997,5904859.9639],[32466359.6491,5904856.972],[32466359.3986,5904853.9807],[32466359.1476,5904850.99],[32466358.8954,5904848.0001],[32466358.6415,5904845.0111],[32466358.3854,5904842.0231],[32466358.127,5904839.0362],[32466357.8789,5904836.0487],[32466357.6448,5904833.06],[32466357.4238,5904830.0703],[32466357.2148,5904827.0796],[32466357.0171,5904824.0879],[32466356.8297,5904821.0955],[32466356.6516,5904818.1022],[32466356.4818,5904815.1083],[32466356.3195,5904812.1137],[32466356.1636,5904809.1186],[32466356.0133,5904806.1231],[32466355.8677,5904803.1272],[32466355.7257,5904800.131],[32466355.5864,5904797.1345],[32466355.4489,5904794.1379],[32466355.3123,5904791.1413],[32466355.1756,5904788.1446],[32466355.0379,5904785.1481],[32466354.8982,5904782.1517],[32466354.7555,5904779.1555],[32466354.6091,5904776.1597],[32466354.4578,5904773.1642],[32466354.3008,5904770.1692],[32466354.1371,5904767.1748],[32466354.0135,5904763.8552],[32466353.9045,5904760.8583],[32466353.7977,5904757.8613],[32466353.6928,5904754.8642],[32466353.5896,5904751.867],[32466353.4876,5904748.8698],[32466353.3867,5904745.8725],[32466353.2864,5904742.8752],[32466353.1867,5904739.8778],[32466353.087,5904736.8805],[32466352.9872,5904733.8832],[32466352.887,5904730.8858],[32466352.786,5904727.8886],[32466352.684,5904724.8913],[32466352.5806,5904721.8942],[32466352.4756,5904718.8971],[32466352.3687,5904715.9001],[32466352.2596,5904712.9032],[32466352.148,5904709.9065],[32466352.0335,5904706.9099],[32466351.916,5904703.9134],[32466351.8624,5904702.5847],[32466351.2148,5904687.7399],[32466339.2846,5904518.4394],[32466333.7571,5904488.9471],[32466326.0294,5904466.0757],[32466325.0254,5904463.4259],[32466323.9874,5904460.6078],[32466322.9915,5904457.7777],[32466322.0531,5904454.9315],[32466321.1767,5904452.0655],[32466320.3211,5904449.181],[32466319.4998,5904446.2797],[32466318.7349,5904443.3631],[32466318.0485,5904440.4325],[32466317.4629,5904437.4893],[32466317.0002,5904434.5349],[32466316.6765,5904431.5699],[32466316.4163,5904428.586],[32466316.1972,5904425.5845],[32466316.0284,5904422.5711],[32466315.9189,5904419.5513],[32466315.8778,5904416.5305],[32466315.9142,5904413.5145],[32466316.0371,5904410.5086],[32466316.2555,5904407.5186],[32466316.5786,5904404.5498],[32466317.0187,5904401.6064],[32466317.5887,5904398.6826],[32466318.2698,5904395.7743],[32466319.0399,5904392.8782],[32466319.8771,5904389.9912],[32466320.7593,5904387.1097],[32466321.6646,5904384.2307],[32466322.5708,5904381.3507],[32466322.6655,5904381.042],[32466325.7648,5904369.7552],[32466329.1381,5904346.0304],[32466331.6285,5904289.0638],[32466327.5443,5904241.3174],[32466318.4582,5904197.2088],[32466313.7695,5904182.4025],[32466313.0092,5904180.0437],[32466312.2111,5904177.1606],[32466311.5705,5904174.2409],[32466311.0096,5904171.2988],[32466310.5095,5904168.3403],[32466310.0662,5904165.3687],[32466309.6761,5904162.3876],[32466309.3351,5904159.4002],[32466309.0396,5904156.4099],[32466308.7856,5904153.4201],[32466308.5732,5904150.4336],[32466308.4482,5904147.4431],[32466308.4069,5904144.447],[32466308.4258,5904141.4469],[32466308.4339,5904141.0087],[32466307.3133,5904112.5152],[32466293.8215,5904083.054],[32466293.5846,5904082.581],[32466292.2546,5904079.8757],[32466290.9554,5904077.1593],[32466289.6974,5904074.4284],[32466288.4906,5904071.6799],[32466287.3446,5904068.9109],[32466286.2267,5904066.1299],[32466285.1167,5904063.3429],[32466284.0175,5904060.5493],[32466282.9319,5904057.7489],[32466281.8628,5904054.9411],[32466280.8131,5904052.1257],[32466279.7857,5904049.3023],[32466278.7834,5904046.4704],[32466277.809,5904043.6296],[32466276.8655,5904040.7797],[32466275.9557,5904037.9201],[32466275.0825,5904035.0506],[32466274.2488,5904032.1706],[32466273.4574,5904029.2799],[32466272.7099,5904026.3782],[32466271.9798,5904023.4723],[32466271.255,5904020.5649],[32466270.5353,5904017.656],[32466269.8205,5904014.7459],[32466269.1105,5904011.8344],[32466268.4051,5904008.9216],[32466267.704,5904006.0076],[32466267.0073,5904003.0925],[32466266.3146,5904000.1762],[32466265.6258,5903997.2588],[32466264.9407,5903994.3404],[32466264.2591,5903991.421],[32466263.581,5903988.5007],[32466262.906,5903985.5794],[32466262.2341,5903982.6574],[32466261.565,5903979.7345],[32466260.8986,5903976.8108],[32466260.2347,5903973.8865],[32466259.5731,5903970.9615],[32466258.9137,5903968.0359],[32466258.2563,5903965.1097],[32466257.6007,5903962.1829],[32466256.9468,5903959.2557],[32466256.2943,5903956.3281],[32466255.6431,5903953.4001],[32466254.993,5903950.4718],[32466254.3438,5903947.5431],[32466253.6955,5903944.6142],[32466253.0477,5903941.6852],[32466252.4004,5903938.7559],[32466251.7533,5903935.8266],[32466251.1063,5903932.8972],[32466250.4592,5903929.9678],[32466249.8118,5903927.0384],[32466249.3658,5903925.0216],[32466231.5977,5903848.1289],[32466183.1882,5903664.2935],[32466182.7165,5903662.5346],[32466181.94,5903659.6378],[32466181.164,5903656.7409],[32466180.3884,5903653.844],[32466179.6132,5903650.9469],[32466178.8385,5903648.0496],[32466178.0643,5903645.1523],[32466177.2907,5903642.2548],[32466176.5177,5903639.3572],[32466175.7453,5903636.4594],[32466174.9735,5903633.5614],[32466174.2025,5903630.6633],[32466173.4322,5903627.765],[32466172.6626,5903624.8665],[32466171.8939,5903621.9678],[32466171.1259,5903619.0689],[32466170.3589,5903616.1698],[32466169.5927,5903613.2705],[32466168.8275,5903610.3709],[32466168.0633,5903607.4711],[32466167.3001,5903604.571],[32466166.5379,5903601.6707],[32466165.7768,5903598.7701],[32466165.0169,5903595.8692],[32466164.258,5903592.9681],[32466163.5004,5903590.0666],[32466162.744,5903587.1649],[32466161.9888,5903584.2628],[32466161.2349,5903581.3604],[32466160.4824,5903578.4577],[32466159.7312,5903575.5547],[32466158.9814,5903572.6513],[32466158.233,5903569.7475],[32466157.4861,5903566.8434],[32466156.7407,5903563.9389],[32466155.9968,5903561.0341],[32466155.2545,5903558.1288],[32466154.5138,5903555.2232],[32466153.7748,5903552.3171],[32466153.0377,5903549.4104],[32466152.3025,5903546.5031],[32466151.5693,5903543.5953],[32466150.8381,5903540.6868],[32466150.1091,5903537.7778],[32466149.3822,5903534.8681],[32466148.6575,5903531.9578],[32466147.9351,5903529.0469],[32466147.2151,5903526.1354],[32466146.4974,5903523.2232],[32466145.7822,5903520.3104],[32466145.0695,5903517.3969],[32466144.3593,5903514.4828],[32466143.6517,5903511.5681],[32466142.9468,5903508.6527],[32466142.2447,5903505.7366],[32466141.5453,5903502.8199],[32466140.8487,5903499.9024],[32466140.155,5903496.9843],[32466139.4643,5903494.0655],[32466138.7766,5903491.1461],[32466138.092,5903488.2259],[32466137.4104,5903485.305],[32466136.7321,5903482.3834],[32466136.0569,5903479.4611],[32466135.3851,5903476.5381],[32466134.7165,5903473.6143],[32466134.0514,5903470.6899],[32466133.3897,5903467.7646],[32466132.7316,5903464.8387],[32466132.077,5903461.912],[32466131.426,5903458.9845],[32466130.7787,5903456.0563],[32466130.1351,5903453.1274],[32466129.4953,5903450.1976],[32466128.8594,5903447.2671],[32466128.2273,5903444.3358],[32466127.5992,5903441.4037],[32466126.9751,5903438.4709],[32466126.3551,5903435.5372],[32466125.7392,5903432.6028],[32466125.1275,5903429.6675],[32466124.5189,5903426.7316],[32466123.9114,5903423.7955],[32466123.3049,5903420.8591],[32466122.6994,5903417.9224],[32466122.0949,5903414.9855],[32466121.4914,5903412.0483],[32466120.889,5903409.1109],[32466120.2875,5903406.1732],[32466119.6871,5903403.2353],[32466119.0877,5903400.2971],[32466118.4893,5903397.3587],[32466117.892,5903394.42],[32466117.2957,5903391.4811],[32466116.7004,5903388.542],[32466116.1062,5903385.6026],[32466115.5129,5903382.6629],[32466114.9208,5903379.7231],[32466114.3296,5903376.783],[32466113.7395,5903373.8426],[32466113.1505,5903370.902],[32466112.5625,5903367.9612],[32466111.9755,5903365.0202],[32466111.3896,5903362.0789],[32466110.8048,5903359.1374],[32466110.221,5903356.1957],[32466109.6383,5903353.2537],[32466109.0566,5903350.3115],[32466108.476,5903347.3691],[32466107.8964,5903344.4265],[32466107.318,5903341.4836],[32466106.7406,5903338.5405],[32466106.1642,5903335.5972],[32466105.5889,5903332.6537],[32466105.0148,5903329.71],[32466104.4416,5903326.766],[32466103.8696,5903323.8219],[32466103.2986,5903320.8775],[32466102.7288,5903317.9329],[32466102.16,5903314.9881],[32466101.5923,5903312.0431],[32466101.0257,5903309.0979],[32466100.4602,5903306.1525],[32466099.8957,5903303.2069],[32466099.3324,5903300.261],[32466098.7702,5903297.315],[32466098.2091,5903294.3688],[32466097.6491,5903291.4223],[32466097.0901,5903288.4757],[32466096.5323,5903285.5289],[32466095.9756,5903282.5818],[32466095.42,5903279.6346],[32466094.8656,5903276.6872],[32466094.3122,5903273.7396],[32466093.76,5903270.7918],[32466093.2088,5903267.8438],[32466092.6588,5903264.8956],[32466092.11,5903261.9473],[32466091.5622,5903258.9987],[32466091.0156,5903256.05],[32466090.4701,5903253.1011],[32466089.9258,5903250.152],[32466089.3826,5903247.2027],[32466088.8405,5903244.2532],[32466088.2995,5903241.3036],[32466087.7597,5903238.3538],[32466087.2211,5903235.4038],[32466086.6836,5903232.4536],[32466086.1472,5903229.5033],[32466085.612,5903226.5528],[32466085.0779,5903223.6021],[32466084.545,5903220.6512],[32466084.0133,5903217.7002],[32466083.4827,5903214.749],[32466082.9533,5903211.7977],[32466082.425,5903208.8462],[32466081.8979,5903205.8945],[32466081.372,5903202.9427],[32466080.8476,5903199.9906],[32466080.3262,5903197.0378],[32466079.8081,5903194.0843],[32466079.2933,5903191.1302],[32466078.7816,5903188.1753],[32466078.2732,5903185.2198],[32466077.7679,5903182.2636],[32466077.2658,5903179.3068],[32466076.7669,5903176.3494],[32466076.2712,5903173.3913],[32466075.7786,5903170.4326],[32466075.2891,5903167.4734],[32466074.8028,5903164.5135],[32466074.3195,5903161.5531],[32466073.8394,5903158.5922],[32466073.3623,5903155.6306],[32466072.8883,5903152.6686],[32466072.4174,5903149.7061],[32466071.9494,5903146.743],[32466071.4845,5903143.7794],[32466071.0227,5903140.8154],[32466070.5638,5903137.8509],[32466070.1079,5903134.886],[32466069.655,5903131.9206],[32466069.2051,5903128.9548],[32466068.7581,5903125.9885],[32466068.314,5903123.0219],[32466067.8729,5903120.0549],[32466067.4346,5903117.0875],[32466066.9993,5903114.1197],[32466066.5669,5903111.1516],[32466066.1373,5903108.1832],[32466065.7106,5903105.2144],[32466065.2867,5903102.2453],[32466064.8657,5903099.2759],[32466064.4475,5903096.3062],[32466064.032,5903093.3363],[32466063.6194,5903090.3661],[32466063.2096,5903087.3956],[32466062.8025,5903084.4249],[32466062.3982,5903081.454],[32466061.9967,5903078.4829],[32466061.5978,5903075.5115],[32466061.2017,5903072.54],[32466060.8083,5903069.5683],[32466060.4176,5903066.5965],[32466060.0296,5903063.6245],[32466059.6526,5903060.6511],[32466059.2952,5903057.6749],[32466058.9566,5903054.6962],[32466058.6358,5903051.7151],[32466058.3321,5903048.7319],[32466058.0446,5903045.7466],[32466057.7725,5903042.7594],[32466057.5148,5903039.7706],[32466057.2708,5903036.7803],[32466057.0396,5903033.7886],[32466056.8204,5903030.7959],[32466056.6123,5903027.8021],[32466056.4144,5903024.8076],[32466056.226,5903021.8124],[32466056.0461,5903018.8168],[32466055.8739,5903015.8209],[32466055.7086,5903012.825],[32466055.5493,5903009.8291],[32466055.3952,5903006.8335],[32466055.2454,5903003.8383],[32466055.0994,5903000.8436],[32466054.9596,5902997.8489],[32466054.8268,5902994.8537],[32466054.7006,5902991.8582],[32466054.5806,5902988.8624],[32466054.4665,5902985.8663],[32466054.3577,5902982.8699],[32466054.254,5902979.8732],[32466054.155,5902976.8762],[32466054.0604,5902973.8791],[32466053.9696,5902970.8817],[32466053.8848,5902967.9664],[32466049.3384,5902855.0705],[32466049.2773,5902854.0048],[32466049.1205,5902851.011],[32466048.9811,5902848.0174],[32466048.8616,5902845.0238],[32466048.7646,5902842.0304],[32466048.6927,5902839.0371],[32466048.6484,5902836.044],[32466048.6711,5902833.0514],[32466048.8053,5902830.0601],[32466049.0275,5902827.0698],[32466049.3137,5902824.0802],[32466049.3381,5902823.8562],[32466050.8557,5902788.1619],[32466047.1301,5902740.31],[32466041.8022,5902710.7978],[32466039.5074,5902703.1897],[32466039.1741,5902702.1963],[32466038.1659,5902699.3594],[32466037.1263,5902696.5302],[32466036.0759,5902693.7041],[32466035.0353,5902690.8767],[32466034.0253,5902688.0434],[32466033.0666,5902685.1996],[32466032.1799,5902682.341],[32466031.3859,5902679.463],[32466030.7053,5902676.561],[32466030.1477,5902673.6312],[32466029.7003,5902670.6761],[32466029.3479,5902667.7002],[32466029.0752,5902664.7083],[32466028.8672,5902661.7047],[32466028.7085,5902658.6941],[32466028.584,5902655.6812],[32466028.4785,5902652.6704],[32466028.3767,5902649.6664],[32466028.2766,5902646.6708],[32466028.2216,5902643.6743],[32466028.2086,5902640.676],[32466028.2281,5902637.6762],[32466028.2708,5902634.6755],[32466028.3272,5902631.6741],[32466028.3879,5902628.6726],[32466028.4435,5902625.6714],[32466028.4845,5902622.6708],[32466028.5015,5902619.6713],[32466028.495,5902618.4845],[32466028.3149,5902610.6835],[32466025.8206,5902580.7914],[32466012.6451,5902500.9023],[32466007.2608,5902479.7175],[32466006.6462,5902477.6615],[32466005.7781,5902474.7811],[32466004.9119,5902471.9007],[32466004.0563,5902469.0187],[32466003.2201,5902466.1334],[32466002.412,5902463.243],[32466001.6406,5902460.3461],[32466000.9146,5902457.4407],[32466000.2428,5902454.5254],[32465999.6338,5902451.5984],[32465999.0964,5902448.6581],[32465998.6166,5902445.707],[32465998.1709,5902442.7499],[32465997.7567,5902439.7871],[32465997.3716,5902436.819],[32465997.0132,5902433.8462],[32465996.6791,5902430.869],[32465996.3668,5902427.8879],[32465996.0739,5902424.9033],[32465995.7979,5902421.9157],[32465995.5364,5902418.9255],[32465995.287,5902415.9332],[32465995.0472,5902412.9391],[32465994.8146,5902409.9438],[32465994.5868,5902406.9476],[32465994.3613,5902403.9511],[32465994.1357,5902400.9545],[32465993.9076,5902397.9585],[32465993.6745,5902394.9634],[32465993.434,5902391.9697],[32465993.1837,5902388.9778],[32465992.921,5902385.9881],[32465992.6437,5902383.0011],[32465992.3631,5902380.0149],[32465992.1057,5902377.0252],[32465992.0171,5902375.9108],[32465987.8877,5902332.2387],[32465976.9121,5902279.4094],[32465954.4256,5902190.4557],[32465954.1011,5902189.2277],[32465953.344,5902186.3251],[32465952.5978,5902183.4203],[32465951.8642,5902180.5129],[32465951.1444,5902177.6027],[32465950.4401,5902174.6894],[32465949.7526,5902171.7727],[32465949.0835,5902168.8523],[32465948.4342,5902165.9277],[32465947.8062,5902162.9989],[32465947.201,5902160.0654],[32465946.62,5902157.1269],[32465946.0632,5902154.1834],[32465945.5156,5902151.2379],[32465944.9731,5902148.2913],[32465944.4355,5902145.3435],[32465943.9028,5902142.3946],[32465943.375,5902139.4445],[32465942.8519,5902136.4934],[32465942.3334,5902133.5413],[32465941.8195,5902130.5881],[32465941.3101,5902127.634],[32465940.8051,5902124.6788],[32465940.3044,5902121.7227],[32465939.8079,5902118.7658],[32465939.3156,5902115.8079],[32465938.8274,5902112.8491],[32465938.3431,5902109.8895],[32465937.8628,5902106.9291],[32465937.3863,5902103.9679],[32465936.9135,5902101.006],[32465936.4444,5902098.0433],[32465935.9788,5902095.0799],[32465935.5168,5902092.1159],[32465935.0582,5902089.1511],[32465934.6029,5902086.1858],[32465934.1508,5902083.2199],[32465933.7019,5902080.2533],[32465933.2561,5902077.2862],[32465932.8133,5902074.3187],[32465932.3735,5902071.3506],[32465931.9364,5902068.382],[32465931.5021,5902065.413],[32465931.0705,5902062.4435],[32465930.6414,5902059.4737],[32465930.2149,5902056.5035],[32465929.7908,5902053.533],[32465929.369,5902050.5622],[32465928.9495,5902047.5911],[32465928.5321,5902044.6197],[32465928.1169,5902041.648],[32465927.7036,5902038.6762],[32465927.2923,5902035.7042],[32465926.8829,5902032.732],[32465926.4752,5902029.7597],[32465926.0691,5902026.7873],[32465925.6647,5902023.8149],[32465925.2618,5902020.8423],[32465924.8603,5902017.8698],[32465924.4602,5902014.8972],[32465924.0613,5902011.9247],[32465923.6636,5902008.9522],[32465923.267,5902005.9799],[32465922.8715,5902003.0076],[32465922.4769,5902000.0354],[32465922.0831,5901997.0634],[32465921.6895,5901994.0914],[32465921.2929,5901991.1177],[32465920.8942,5901988.1425],[32465920.4945,5901985.1656],[32465920.095,5901982.1872],[32465919.697,5901979.2075],[32465919.3017,5901976.2264],[32465918.9103,5901973.2441],[32465918.5241,5901970.2606],[32465918.1442,5901967.2762],[32465917.772,5901964.2907],[32465917.4086,5901961.3044],[32465917.0553,5901958.3173],[32465916.7133,5901955.3295],[32465916.3838,5901952.3411],[32465916.068,5901949.3522],[32465915.7673,5901946.3628],[32465915.4827,5901943.3731],[32465915.2156,5901940.3832],[32465914.9672,5901937.3931],[32465914.7386,5901934.4029],[32465914.5312,5901931.4127],[32465914.3462,5901928.4227],[32465914.1847,5901925.4328],[32465914.048,5901922.4432],[32465913.9374,5901919.454],[32465913.8541,5901916.4653],[32465913.7992,5901913.4771],[32465913.7741,5901910.4895],[32465913.7789,5901907.5023],[32465913.8106,5901904.5146],[32465913.868,5901901.5263],[32465913.9499,5901898.5375],[32465914.0552,5901895.5483],[32465914.1828,5901892.5587],[32465914.3316,5901889.5687],[32465914.5005,5901886.5784],[32465914.6883,5901883.5879],[32465914.894,5901880.5972],[32465915.1165,5901877.6063],[32465915.3546,5901874.6154],[32465915.6072,5901871.6244],[32465915.8732,5901868.6335],[32465916.1516,5901865.6426],[32465916.4411,5901862.6519],[32465916.7407,5901859.6613],[32465917.0492,5901856.671],[32465917.3656,5901853.6809],[32465917.6888,5901850.6912],[32465918.0176,5901847.7019],[32465918.3509,5901844.713],[32465918.6876,5901841.7246],[32465919.0265,5901838.7368],[32465919.3667,5901835.7495],[32465919.707,5901832.7629],[32465920.0462,5901829.777],[32465920.3832,5901826.7919],[32465920.717,5901823.8075],[32465921.0465,5901820.8241],[32465921.3704,5901817.8415],[32465921.6877,5901814.8599],[32465921.9992,5901811.8783],[32465922.3345,5901808.8873],[32465922.7201,5901805.8937],[32465923.1764,5901802.9093],[32465923.724,5901799.946],[32465924.3834,5901797.0154],[32465925.175,5901794.1295],[32465926.1178,5901791.2991],[32465927.1459,5901788.4969],[32465928.2146,5901785.704],[32465929.3214,5901782.9206],[32465930.4639,5901780.147],[32465931.6395,5901777.3833],[32465932.8459,5901774.6298],[32465934.0806,5901771.8867],[32465935.3411,5901769.1543],[32465936.625,5901766.4327],[32465937.9299,5901763.7222],[32465939.2534,5901761.0231],[32465940.5928,5901758.3355],[32465941.9459,5901755.6597],[32465943.3144,5901752.9977],[32465944.8071,5901750.3999],[32465946.4355,5901747.8706],[32465948.1494,5901745.3858],[32465949.8985,5901742.9218],[32465951.6324,5901740.4546],[32465953.3011,5901737.9603],[32465954.8542,5901735.415],[32465958.1389,5901727.004],[32465957.9092,5901718.1225],[32465956.2567,5901710.8686],[32465955.8561,5901709.3145],[32465955.1106,5901706.3768],[32465954.4397,5901703.4388],[32465953.7671,5901700.4989],[32465952.9958,5901697.5558],[32465952.2378,5901694.6119],[32465951.6059,5901691.6697],[32465951.2135,5901688.7316],[32465951.1525,5901685.7848],[32465951.3274,5901682.7267],[32465951.7766,5901679.6483],[32465952.587,5901676.6858],[32465953.8454,5901673.9755],[32465955.522,5901671.5556],[32465957.2745,5901669.1744],[32465959.0712,5901666.809],[32465960.9089,5901664.4595],[32465962.7849,5901662.1261],[32465964.6962,5901659.809],[32465966.6398,5901657.5084],[32465968.6127,5901655.2243],[32465970.6122,5901652.9572],[32465972.6352,5901650.707],[32465974.6787,5901648.4739],[32465976.74,5901646.2583],[32465978.816,5901644.0601],[32465980.9037,5901641.8797],[32465983.0003,5901639.7172],[32465985.1029,5901637.5727],[32465987.2084,5901635.4465],[32465989.3296,5901633.3455],[32465991.6101,5901631.3491],[32465994.0569,5901629.5099],[32465996.6341,5901627.865],[32465999.3058,5901626.4516],[32466002.0362,5901625.3068],[32466004.8499,5901624.4695],[32466007.7928,5901623.9253],[32466010.8177,5901623.6222],[32466013.8766,5901623.5077],[32466016.9214,5901623.5294],[32466019.9145,5901623.6357],[32466022.9004,5901623.7988],[32466025.8899,5901624.0159],[32466028.8804,5901624.2857],[32466031.8697,5901624.6068],[32466034.8551,5901624.9777],[32466037.8344,5901625.3969],[32466040.805,5901625.8632],[32466043.7645,5901626.375],[32466046.7107,5901626.9304],[32466049.6519,5901627.5037],[32466052.593,5901628.082],[32466055.5338,5901628.6654],[32466058.4743,5901629.2541],[32466061.4144,5901629.8482],[32466064.3538,5901630.4477],[32466067.2926,5901631.0528],[32466070.2306,5901631.6636],[32466073.1677,5901632.2802],[32466076.1037,5901632.9027],[32466079.0386,5901633.5312],[32466081.9722,5901634.1658],[32466084.9044,5901634.8067],[32466087.8351,5901635.4539],[32466090.7642,5901636.1076],[32466093.6916,5901636.7678],[32466096.6171,5901637.4347],[32466099.5407,5901638.1084],[32466102.4622,5901638.789],[32466105.3814,5901639.4767],[32466108.2984,5901640.1714],[32466111.213,5901640.8733],[32466114.125,5901641.5826],[32466117.0343,5901642.2994],[32466119.9409,5901643.0237],[32466122.8446,5901643.7557],[32466125.7541,5901644.5054],[32466128.6757,5901645.3016],[32466131.5899,5901646.1622],[32466134.4768,5901647.1046],[32466137.3165,5901648.1464],[32466140.0889,5901649.3048],[32466142.7742,5901650.5975],[32466145.3523,5901652.0417],[32466147.8367,5901653.6533],[32466150.2494,5901655.4225],[32466152.5866,5901657.3299],[32466154.8449,5901659.3558],[32466157.0205,5901661.4804],[32466159.1099,5901663.6842],[32466161.1095,5901665.9476],[32466163.019,5901668.2513],[32466164.8778,5901670.5881],[32466166.7016,5901672.9552],[32466168.4943,5901675.3493],[32466170.2603,5901677.7669],[32466172.0035,5901680.2044],[32466173.7282,5901682.6584],[32466175.4385,5901685.1254],[32466177.1385,5901687.6018],[32466178.8322,5901690.0843],[32466180.524,5901692.5692],[32466182.2178,5901695.0531],[32466183.9179,5901697.5325],[32466185.6283,5901700.004],[32466186.9487,5901701.8871],[32466196.2954,5901714.5063],[32466229.6664,5901757.2935],[32466231.3499,5901759.4279],[32466233.2078,5901761.7824],[32466235.066,5901764.1367],[32466236.9244,5901766.4909],[32466238.7829,5901768.8451],[32466240.6411,5901771.1993],[32466242.4992,5901773.5536],[32466244.3568,5901775.9083],[32466246.2138,5901778.2633],[32466248.0701,5901780.6188],[32466249.9256,5901782.9749],[32466251.7802,5901785.3316],[32466253.6336,5901787.6892],[32466255.4857,5901790.0476],[32466257.3364,5901792.4071],[32466259.1856,5901794.7676],[32466261.033,5901797.1294],[32466262.8787,5901799.4924],[32466264.7223,5901801.8569],[32466266.5638,5901804.2229],[32466268.4031,5901806.5905],[32466270.2399,5901808.9598],[32466272.0742,5901811.331],[32466273.9073,5901813.715],[32466275.637,5901816.2355],[32466276.901,5901818.9136],[32466277.3036,5901821.9149],[32466276.7045,5901824.8562],[32466275.5051,5901827.5806],[32466274.0242,5901830.2291],[32466272.4301,5901832.799],[32466270.65,5901835.2467],[32466270.1739,5901835.8204],[32466264.5084,5901845.3321],[32466266.3915,5901854.1417],[32466272.142,5901854.6745],[32466281.7247,5901850.8319],[32466283.2668,5901850.1566],[32466286.0482,5901849.0019],[32466288.86,5901847.9707],[32466291.7238,5901847.1144],[32466294.7063,5901846.3396],[32466297.7495,5901845.7463],[32466300.7635,5901845.4971],[32466303.6585,5901845.755],[32466306.479,5901846.5191],[32466309.2925,5901847.6391],[32466312.0247,5901849.0722],[32466314.6011,5901850.7756],[32466316.9471,5901852.7066],[32466319.128,5901854.7529],[32466321.3067,5901856.8019],[32466323.4842,5901858.8531],[32466325.6604,5901860.9064],[32466327.8355,5901862.9618],[32466330.0094,5901865.0194],[32466332.1821,5901867.079],[32466334.3536,5901869.1407],[32466336.5238,5901871.2044],[32466338.6928,5901873.2701],[32466340.8606,5901875.3379],[32466343.0271,5901877.4076],[32466345.1924,5901879.4793],[32466347.3564,5901881.5529],[32466349.5191,5901883.6285],[32466351.6805,5901885.7059],[32466353.8407,5901887.7853],[32466355.9995,5901889.8665],[32466358.1571,5901891.9495],[32466360.3133,5901894.0344],[32466362.4683,5901896.1211],[32466364.6219,5901898.2096],[32466366.7741,5901900.2998],[32466368.925,5901902.3918],[32466371.0746,5901904.4855],[32466373.2228,5901906.5809],[32466375.3696,5901908.678],[32466377.5151,5901910.7768],[32466379.6592,5901912.8772],[32466381.8019,5901914.9793],[32466383.9432,5901917.0829],[32466386.0831,5901919.1882],[32466388.2216,5901921.295],[32466390.3586,5901923.4034],[32466392.4942,5901925.5133],[32466394.6284,5901927.6247],[32466396.7612,5901929.7376],[32466398.8925,5901931.852],[32466401.0223,5901933.9678],[32466403.1507,5901936.0851],[32466405.2775,5901938.2037],[32466407.4029,5901940.3238],[32466409.5269,5901942.4453],[32466411.6493,5901944.5681],[32466413.7702,5901946.6922],[32466415.8896,5901948.8177],[32466418.0074,5901950.9444],[32466420.1238,5901953.0724],[32466422.2385,5901955.2017],[32466424.3518,5901957.3322],[32466426.4635,5901959.464],[32466428.5736,5901961.5969],[32466430.6822,5901963.731],[32466432.7892,5901965.8663],[32466434.8946,5901968.0027],[32466436.9984,5901970.1402],[32466439.1006,5901972.2789],[32466441.2012,5901974.4186],[32466443.3001,5901976.5593],[32466445.3975,5901978.7012],[32466447.4892,5901980.8482],[32466449.5707,5901983.0052],[32466451.6424,5901985.1717],[32466453.7047,5901987.3473],[32466455.7582,5901989.5316],[32466457.8031,5901991.7241],[32466459.8399,5901993.9244],[32466461.8691,5901996.1321],[32466463.8911,5901998.3468],[32466465.9063,5902000.568],[32466467.915,5902002.7952],[32466469.9179,5902005.0282],[32466471.9152,5902007.2663],[32466473.9074,5902009.5093],[32466475.8949,5902011.7566],[32466477.8782,5902014.0078],[32466479.8577,5902016.2626],[32466481.8337,5902018.5205],[32466483.8068,5902020.781],[32466485.7773,5902023.0437],[32466487.7457,5902025.3082],[32466489.7124,5902027.5741],[32466491.6779,5902029.8409],[32466493.6424,5902032.1082],[32466495.6066,5902034.3755],[32466497.5708,5902036.6425],[32466499.5353,5902038.9088],[32466501.5008,5902041.1738],[32466503.4667,5902043.4379],[32466505.4297,5902045.7045],[32466507.3895,5902047.9739],[32466509.3463,5902050.246],[32466511.3001,5902052.5207],[32466513.2511,5902054.7977],[32466515.1995,5902057.0771],[32466517.1455,5902059.3586],[32466519.0891,5902061.6421],[32466521.0306,5902063.9275],[32466522.97,5902066.2147],[32466524.9075,5902068.5035],[32466526.8434,5902070.7938],[32466528.7776,5902073.0855],[32466530.7105,5902075.3784],[32466532.642,5902077.6724],[32466534.5725,5902079.9674],[32466536.502,5902082.2633],[32466538.4306,5902084.5598],[32466540.3586,5902086.857],[32466542.286,5902089.1546],[32466544.2131,5902091.4525],[32466546.14,5902093.7506],[32466548.0668,5902096.0488],[32466549.9936,5902098.347],[32466551.9207,5902100.6449],[32466553.8482,5902102.9425],[32466555.7762,5902105.2396],[32466557.7049,5902107.5361],[32466559.6344,5902109.8319],[32466561.5649,5902112.1269],[32466563.4965,5902114.4209],[32466565.4294,5902116.7138],[32466567.3637,5902119.0054],[32466569.2996,5902121.2956],[32466577.6602,5902130.1443],[32466579.7291,5902132.3168],[32466581.802,5902134.4859],[32466583.8779,5902136.6525],[32466585.9564,5902138.8169],[32466588.0371,5902140.9794],[32466590.1197,5902143.1403],[32466592.2039,5902145.2998],[32466594.2893,5902147.4583],[32466596.3756,5902149.616],[32466598.4625,5902151.7732],[32466600.5496,5902153.9302],[32466602.6366,5902156.0874],[32466604.7232,5902158.2448],[32466606.809,5902160.403],[32466608.8937,5902162.5621],[32466610.9769,5902164.7225],[32466613.0583,5902166.8843],[32466615.1376,5902169.048],[32466617.2144,5902171.2138],[32466619.2885,5902173.382],[32466621.3594,5902175.5528],[32466623.4268,5902177.7266],[32466625.4904,5902179.9036],[32466627.5499,5902182.0842],[32466629.6049,5902184.2686],[32466631.6551,5902186.4571],[32466633.7001,5902188.65],[32466635.7396,5902190.8475],[32466637.7733,5902193.0501],[32466639.8008,5902195.2578],[32466641.8219,5902197.4711],[32466643.836,5902199.6903],[32466645.8431,5902201.9155],[32466647.8426,5902204.1472],[32466649.8342,5902206.3855],[32466651.8177,5902208.6308],[32466653.7927,5902210.8833],[32466655.7588,5902213.1434],[32466657.7157,5902215.4113],[32466659.663,5902217.6874],[32466661.6024,5902219.9705],[32466663.5367,5902222.2588],[32466665.4662,5902224.5519],[32466667.3908,5902226.8498],[32466669.3106,5902229.1526],[32466671.2255,5902231.46],[32466673.1356,5902233.7721],[32466675.0408,5902236.0888],[32466676.9412,5902238.41],[32466678.8368,5902240.7357],[32466680.7276,5902243.0657],[32466682.6137,5902245.4001],[32466684.4949,5902247.7387],[32466686.3714,5902250.0815],[32466688.2431,5902252.4284],[32466690.11,5902254.7794],[32466691.9722,5902257.1344],[32466693.8297,5902259.4933],[32466695.6825,5902261.856],[32466697.5305,5902264.2226],[32466699.3739,5902266.5929],[32466701.2126,5902268.9668],[32466703.0466,5902271.3444],[32466704.8759,5902273.7255],[32466706.7005,5902276.11],[32466708.5205,5902278.498],[32466710.3359,5902280.8893],[32466712.1466,5902283.2839],[32466713.9527,5902285.6816],[32466715.7542,5902288.0826],[32466717.5511,5902290.4865],[32466719.3435,5902292.8935],[32466721.1312,5902295.3035],[32466722.9144,5902297.7163],[32466724.693,5902300.1319],[32466726.467,5902302.5503],[32466728.2365,5902304.9714],[32466730.0015,5902307.3951],[32466731.762,5902309.8213],[32466733.5179,5902312.25],[32466735.2694,5902314.6812],[32466737.0163,5902317.1147],[32466738.7588,5902319.5504],[32466740.4968,5902321.9885],[32466742.2304,5902324.4286],[32466743.9527,5902326.8762],[32466745.6411,5902329.3487],[32466747.2952,5902331.8461],[32466748.9167,5902334.3669],[32466750.5071,5902336.9096],[32466752.068,5902339.4727],[32466753.6011,5902342.0545],[32466755.108,5902344.6535],[32466756.5903,5902347.2682],[32466758.0495,5902349.8971],[32466759.4875,5902352.5386],[32466760.9056,5902355.1911],[32466762.3056,5902357.8531],[32466763.6891,5902360.5231],[32466765.0577,5902363.1995],[32466766.413,5902365.8808],[32466767.7566,5902368.5655],[32466769.0901,5902371.2519],[32466770.4152,5902373.9386],[32466771.7365,5902376.628],[32466773.0562,5902379.3244],[32466774.371,5902382.0281],[32466775.678,5902384.7395],[32466776.9738,5902387.4589],[32466778.2554,5902390.1866],[32466779.5196,5902392.923],[32466780.7632,5902395.6684],[32466781.9832,5902398.4231],[32466783.1763,5902401.1875],[32466784.3394,5902403.9618],[32466785.4694,5902406.7466],[32466786.5631,5902409.5419],[32466787.6174,5902412.3483],[32466788.6291,5902415.1661],[32466789.595,5902417.9955],[32466790.5121,5902420.8369],[32466791.3772,5902423.6907],[32466792.1882,5902426.5583],[32466792.9482,5902429.4424],[32466793.6604,5902432.3418],[32466794.3279,5902435.2552],[32466794.9539,5902438.1816],[32466795.5417,5902441.1195],[32466796.0943,5902444.0679],[32466796.615,5902447.0255],[32466797.107,5902449.9911],[32466797.5734,5902452.9634],[32466798.0174,5902455.9413],[32466798.4422,5902458.9235],[32466798.8509,5902461.9087],[32466799.2469,5902464.8958],[32466799.6331,5902467.8836],[32466800.0129,5902470.8707],[32466800.3893,5902473.8561],[32466800.7657,5902476.8384],[32466801.1451,5902479.8165],[32466801.5291,5902482.79],[32466801.9102,5902485.7634],[32466802.2872,5902488.7374],[32466802.6602,5902491.712],[32466803.0293,5902494.6873],[32466803.3946,5902497.6631],[32466803.7562,5902500.6394],[32466804.1141,5902503.6164],[32466804.4686,5902506.5938],[32466804.8196,5902509.5717],[32466805.1673,5902512.5502],[32466805.5117,5902515.529],[32466805.8531,5902518.5084],[32466806.1914,5902521.4881],[32466806.5268,5902524.4683],[32466806.8594,5902527.4489],[32466807.1893,5902530.4298],[32466807.5165,5902533.4111],[32466807.8412,5902536.3927],[32466808.1634,5902539.3747],[32466808.4834,5902542.3569],[32466808.8011,5902545.3394],[32466809.1166,5902548.3222],[32466809.4302,5902551.3052],[32466809.7418,5902554.2884],[32466810.0515,5902557.2719],[32466810.3596,5902560.2555],[32466810.6659,5902563.2393],[32466810.9708,5902566.2232],[32466811.2742,5902569.2072],[32466811.5763,5902572.1914],[32466811.8771,5902575.1756],[32466812.1767,5902578.16],[32466812.4754,5902581.1443],[32466812.773,5902584.1287],[32466813.0699,5902587.1131],[32466813.366,5902590.0975],[32466813.6614,5902593.0819],[32466813.9563,5902596.0663],[32466814.2507,5902599.0505],[32466814.5441,5902602.0348],[32466814.835,5902605.0194],[32466815.1232,5902608.0042],[32466815.4089,5902610.9892],[32466815.6923,5902613.9745],[32466815.9734,5902616.96],[32466816.2523,5902619.9458],[32466816.5292,5902622.9317],[32466816.8041,5902625.9179],[32466817.0771,5902628.9042],[32466817.3484,5902631.8907],[32466817.618,5902634.8773],[32466817.886,5902637.8642],[32466818.1527,5902640.8511],[32466818.418,5902643.8382],[32466818.682,5902646.8254],[32466818.945,5902649.8128],[32466819.2069,5902652.8002],[32466819.4679,5902655.7877],[32466819.728,5902658.7754],[32466819.9875,5902661.763],[32466820.2464,5902664.7508],[32466820.5047,5902667.7386],[32466820.7627,5902670.7264],[32466821.0204,5902673.7143],[32466821.2779,5902676.7021],[32466821.5353,5902679.69],[32466821.7927,5902682.6779],[32466822.0503,5902685.6658],[32466822.3081,5902688.6536],[32466822.5662,5902691.6414],[32466822.8248,5902694.6292],[32466823.0839,5902697.6169],[32466823.3437,5902700.6046],[32466823.6042,5902703.5922],[32466823.8656,5902706.5796],[32466824.1279,5902709.567],[32466824.3914,5902712.5543],[32466824.6559,5902715.5415],[32466824.9218,5902718.5285],[32466825.0608,5902720.0817],[32466829.1345,5902763.3118],[32466835.0117,5902817.2612],[32466835.3209,5902819.9562],[32466835.6636,5902822.9358],[32466836.0069,5902825.9154],[32466836.3507,5902828.8949],[32466836.6948,5902831.8744],[32466837.0391,5902834.8539],[32466837.3833,5902837.8334],[32466837.7274,5902840.8129],[32466838.0712,5902843.7923],[32466838.4146,5902846.7719],[32466838.7573,5902849.7514],[32466839.0992,5902852.731],[32466839.4403,5902855.7107],[32466839.7802,5902858.6905],[32466840.1189,5902861.6704],[32466840.4562,5902864.6504],[32466840.792,5902867.6305],[32466841.1261,5902870.6108],[32466841.4583,5902873.5912],[32466841.7885,5902876.5718],[32466842.1165,5902879.5526],[32466842.4423,5902882.5336],[32466842.7655,5902885.5148],[32466843.0861,5902888.4962],[32466843.4039,5902891.4779],[32466843.7188,5902894.4598],[32466844.0306,5902897.442],[32466844.3392,5902900.4244],[32466844.6443,5902903.4072],[32466844.9459,5902906.3902],[32466845.2437,5902909.3736],[32466845.5377,5902912.3574],[32466845.8277,5902915.3414],[32466846.1135,5902918.3259],[32466846.3949,5902921.3107],[32466846.6719,5902924.2959],[32466846.9435,5902927.2816],[32466847.2037,5902930.2682],[32466847.4516,5902933.2558],[32466847.6881,5902936.2444],[32466847.9138,5902939.2339],[32466848.1294,5902942.2242],[32466848.3357,5902945.2153],[32466848.5332,5902948.2071],[32466848.7228,5902951.1995],[32466848.9051,5902954.1926],[32466849.0809,5902957.1863],[32466849.2508,5902960.1804],[32466849.4155,5902963.1749],[32466849.5758,5902966.1699],[32466849.7324,5902969.1651],[32466849.8859,5902972.1607],[32466850.0371,5902975.1564],[32466850.1625,5902977.6679],[32466856.5803,5903075.7975],[32466856.6645,5903076.9043],[32466856.8924,5903079.8945],[32466857.1207,5903082.8846],[32466857.3493,5903085.8748],[32466857.5782,5903088.8649],[32466857.8074,5903091.855],[32466858.0367,5903094.8451],[32466858.266,5903097.8352],[32466858.4954,5903100.8253],[32466858.7247,5903103.8155],[32466858.9538,5903106.8056],[32466859.1828,5903109.7957],[32466859.4115,5903112.7858],[32466859.6398,5903115.776],[32466859.8678,5903118.7662],[32466860.0952,5903121.7564],[32466860.3221,5903124.7467],[32466860.5484,5903127.737],[32466860.774,5903130.7273],[32466860.9989,5903133.7177],[32466861.2229,5903136.7082],[32466861.4461,5903139.6987],[32466861.6683,5903142.6893],[32466861.8894,5903145.6799],[32466862.1095,5903148.6706],[32466862.3283,5903151.6614],[32466862.546,5903154.6523],[32466862.7623,5903157.6433],[32466862.9773,5903160.6343],[32466863.1908,5903163.6255],[32466863.4028,5903166.6167],[32466863.6132,5903169.6081],[32466863.822,5903172.5995],[32466864.0291,5903175.5911],[32466864.2343,5903178.5828],[32466864.4377,5903181.5746],[32466864.6392,5903184.5666],[32466864.838,5903187.5587],[32466865.032,5903190.5512],[32466865.2211,5903193.5441],[32466865.4058,5903196.5373],[32466865.5862,5903199.5309],[32466865.7627,5903202.5247],[32466865.9354,5903205.5188],[32466866.1047,5903208.5132],[32466866.2708,5903211.5078],[32466866.434,5903214.5026],[32466866.5946,5903217.4977],[32466866.7529,5903220.4929],[32466866.909,5903223.4882],[32466867.0633,5903226.4837],[32466867.2161,5903229.4793],[32466867.3676,5903232.475],[32466867.518,5903235.4707],[32466867.6677,5903238.4665],[32466867.817,5903241.4623],[32466867.966,5903244.4581],[32466868.1151,5903247.4539],[32466868.2646,5903250.4497],[32466868.4146,5903253.4454],[32466868.5655,5903256.441],[32466868.7175,5903259.4365],[32466868.871,5903262.4319],[32466869.0261,5903265.4271],[32466869.1832,5903268.4222],[32466869.2046,5903268.8245],[32466872.8961,5903325.268],[32466880.9319,5903401.0652],[32466881.1363,5903402.7937],[32466881.4887,5903405.7725],[32466881.841,5903408.7513],[32466882.193,5903411.7302],[32466882.5444,5903414.7091],[32466882.8948,5903417.6881],[32466883.244,5903420.6673],[32466883.5917,5903423.6465],[32466883.9377,5903426.6259],[32466884.2815,5903429.6055],[32466884.6229,5903432.5854],[32466884.9617,5903435.5654],[32466885.2976,5903438.5457],[32466885.6302,5903441.5263],[32466885.9593,5903444.5072],[32466886.2846,5903447.4885],[32466886.6057,5903450.47],[32466886.9233,5903453.452],[32466887.2384,5903456.4342],[32466887.5514,5903459.4166],[32466887.8623,5903462.3992],[32466888.1715,5903465.382],[32466888.4789,5903468.365],[32466888.7849,5903471.3482],[32466889.0895,5903474.3315],[32466889.3931,5903477.3149],[32466889.6956,5903480.2984],[32466889.9974,5903483.282],[32466890.2986,5903486.2656],[32466890.5994,5903489.2493],[32466890.8999,5903492.2331],[32466891.2004,5903495.2168],[32466891.501,5903498.2005],[32466891.8018,5903501.1842],[32466892.1032,5903504.1679],[32466892.4051,5903507.1515],[32466892.7079,5903510.135],[32466893.0117,5903513.1183],[32466893.3166,5903516.1016],[32466893.6229,5903519.0847],[32466893.9307,5903522.0677],[32466894.2402,5903525.0505],[32466894.5512,5903528.0332],[32466894.8638,5903531.0157],[32466895.1777,5903533.9981],[32466895.4929,5903536.9804],[32466895.8092,5903539.9626],[32466896.1267,5903542.9446],[32466896.4452,5903545.9266],[32466896.7646,5903548.9085],[32466897.0848,5903551.8904],[32466897.4057,5903554.8721],[32466897.7272,5903557.8538],[32466898.0493,5903560.8355],[32466898.3717,5903563.8171],[32466898.6945,5903566.7987],[32466899.0176,5903569.7803],[32466899.3407,5903572.7618],[32466899.6639,5903575.7434],[32466899.9871,5903578.7249],[32466900.3101,5903581.7065],[32466900.6328,5903584.6881],[32466900.9552,5903587.6697],[32466901.2772,5903590.6513],[32466901.5986,5903593.633],[32466901.9193,5903596.6148],[32466902.2394,5903599.5966],[32466902.5586,5903602.5785],[32466902.8769,5903605.5605],[32466903.1942,5903608.5426],[32466903.5104,5903611.5248],[32466903.8253,5903614.507],[32466904.139,5903617.4894],[32466904.4512,5903620.472],[32466904.762,5903623.4546],[32466905.0711,5903626.4374],[32466905.3786,5903629.4204],[32466905.6843,5903632.4035],[32466905.9881,5903635.3868],[32466906.2899,5903638.3702],[32466906.5896,5903641.3539],[32466906.8872,5903644.3377],[32466907.1825,5903647.3218],[32466907.4754,5903650.306],[32466907.7659,5903653.2905],[32466908.0538,5903656.2752],[32466908.3391,5903659.2602],[32466908.6216,5903662.2454],[32466908.9012,5903665.2308],[32466909.178,5903668.2165],[32466909.4516,5903671.2025],[32466909.7206,5903674.1889],[32466909.9845,5903677.1758],[32466910.2434,5903680.1631],[32466910.4976,5903683.1508],[32466910.7473,5903686.139],[32466910.9927,5903689.1275],[32466911.2341,5903692.1163],[32466911.4718,5903695.1055],[32466911.7058,5903698.095],[32466911.9366,5903701.0848],[32466912.1643,5903704.0749],[32466912.3891,5903707.0652],[32466912.6112,5903710.0558],[32466912.831,5903713.0466],[32466913.0486,5903716.0376],[32466913.2643,5903719.0287],[32466913.4783,5903722.02],[32466913.6908,5903725.0115],[32466913.8562,5903727.3527],[32466927.4694,5903896.6728],[32466927.6212,5903898.3849],[32466927.9008,5903901.3725],[32466928.1923,5903904.3599],[32466928.4927,5903907.3471],[32466928.7992,5903910.3342],[32466929.1088,5903913.3213],[32466929.4188,5903916.3083],[32466929.7262,5903919.2955],[32466930.0282,5903922.2828],[32466930.322,5903925.2703],[32466930.6045,5903928.2582],[32466930.873,5903931.2464],[32466931.1245,5903934.2351],[32466931.3563,5903937.2243],[32466931.5654,5903940.214],[32466931.749,5903943.2045],[32466931.9042,5903946.1956],[32466932.0281,5903949.1876],[32466932.1179,5903952.1804],[32466932.1728,5903955.1741],[32466932.2063,5903958.1684],[32466932.2218,5903961.1633],[32466932.2204,5903964.1587],[32466932.2029,5903967.1546],[32466932.1705,5903970.1509],[32466932.124,5903973.1476],[32466932.0646,5903976.1446],[32466931.9932,5903979.142],[32466931.9107,5903982.1397],[32466931.8182,5903985.1377],[32466931.7166,5903988.1358],[32466931.6071,5903991.1342],[32466931.4905,5903994.1327],[32466931.3678,5903997.1313],[32466931.24,5904000.13],[32466931.1082,5904003.1287],[32466930.9733,5904006.1274],[32466930.8363,5904009.1261],[32466930.6983,5904012.1248],[32466930.5601,5904015.1233],[32466930.4228,5904018.1217],[32466930.2874,5904021.1199],[32466930.1549,5904024.1178],[32466930.0263,5904027.1156],[32466929.9025,5904030.113],[32466929.7846,5904033.1102],[32466929.6726,5904036.1069],[32466929.5583,5904039.1035],[32466929.4395,5904042.1],[32466929.3167,5904045.0963],[32466929.1901,5904048.0926],[32466929.0602,5904051.0887],[32466928.9273,5904054.0847],[32466928.7918,5904057.0806],[32466928.654,5904060.0765],[32466928.5144,5904063.0723],[32466928.3732,5904066.068],[32466928.2308,5904069.0637],[32466928.0876,5904072.0594],[32466927.944,5904075.055],[32466927.8002,5904078.0507],[32466927.6568,5904081.0463],[32466927.514,5904084.042],[32466927.3722,5904087.0376],[32466927.2317,5904090.0333],[32466927.093,5904093.0291],[32466926.9564,5904096.0249],[32466926.8222,5904099.0208],[32466926.6908,5904102.0167],[32466926.6145,5904103.8003],[32466925.7847,5904125.9881],[32466925.4338,5904144.9219],[32466925.4251,5904147.0042],[32466925.4219,5904150.0132],[32466925.4265,5904153.023],[32466925.4371,5904156.0334],[32466925.4523,5904159.044],[32466925.4704,5904162.0545],[32466925.4898,5904165.0646],[32466925.509,5904168.0739],[32466925.5262,5904171.0822],[32466925.54,5904174.0891],[32466925.5486,5904177.0944],[32466925.5505,5904180.0976],[32466925.5442,5904183.0984],[32466925.5279,5904186.0967],[32466925.5001,5904189.092],[32466925.4592,5904192.084],[32466925.4036,5904195.0724],[32466925.3316,5904198.0569],[32466925.2417,5904201.0372],[32466925.1323,5904204.0129],[32466925.0018,5904206.9838],[32466924.8485,5904209.9495],[32466924.1712,5904213.0374],[32466922.5792,5904215.8521],[32466920.36,5904217.5662],[32466917.6347,5904218.3104],[32466914.5597,5904218.5388],[32466911.369,5904218.4278],[32466908.2944,5904218.1534],[32466905.3255,5904217.801],[32466902.3589,5904217.3691],[32466899.3941,5904216.8754],[32466896.4308,5904216.3374],[32466893.4687,5904215.7726],[32466890.5075,5904215.1986],[32466887.5467,5904214.6329],[32466885.23,5904214.2104],[32466875.7011,5904212.8042],[32466863.69,5904212.8783],[32466852.1726,5904216.2648],[32466846.7258,5904223.2062],[32466848.3652,5904232.1153],[32466853.0649,5904235.8127],[32466907.1629,5904252.7236],[32466907.6696,5904252.8626],[32466910.5551,5904253.7206],[32466913.3687,5904254.6635],[32466916.0853,5904255.7224],[32466918.585,5904257.1752],[32466919.9241,5904260.1041],[32466919.798,5904263.1039],[32466919.5053,5904266.0561],[32466919.1871,5904269.0125],[32466918.8455,5904271.9728],[32466918.4826,5904274.9366],[32466918.1007,5904277.9036],[32466917.702,5904280.8734],[32466917.2885,5904283.8456],[32466916.8626,5904286.8198],[32466916.4265,5904289.7958],[32466915.9822,5904292.773],[32466915.532,5904295.7513],[32466915.0781,5904298.7301],[32466914.6226,5904301.7092],[32466914.1679,5904304.6882],[32466913.7159,5904307.6666],[32466913.269,5904310.6442],[32466912.8293,5904313.6206],[32466912.3991,5904316.5955],[32466911.9804,5904319.5683],[32466911.5748,5904322.5399],[32466911.1794,5904325.5132],[32466910.7907,5904328.4878],[32466910.4053,5904331.463],[32466910.0196,5904334.4381],[32466909.6301,5904337.4126],[32466909.2335,5904340.3857],[32466908.8261,5904343.3568],[32466908.4045,5904346.3252],[32466907.9653,5904349.2903],[32466907.5049,5904352.2514],[32466907.0404,5904355.2335],[32466906.5266,5904358.2406],[32466905.7756,5904361.1521],[32466904.6027,5904363.8517],[32466903.0545,5904366.4228],[32466901.2309,5904368.8676],[32466899.183,5904371.1137],[32466896.959,5904373.0937],[32466894.567,5904374.8543],[32466892.0433,5904376.4698],[32466889.4395,5904377.9959],[32466886.8072,5904379.488],[32466884.1979,5904381.0016],[32466881.6466,5904382.5871],[32466879.1056,5904384.2007],[32466876.5211,5904385.7246],[32466873.8425,5904387.0456],[32466871.0742,5904388.2204],[32466868.2407,5904389.2551],[32466865.3554,5904390.0917],[32466862.43,5904390.6837],[32466838.635,5904394.0601],[32466833.2956,5904396.6224],[32466831.875,5904399.4],[32466839.5989,5904402.9143],[32466850.0183,5904403.1059],[32466851.5817,5904403.0533],[32466854.5906,5904403.0015],[32466857.5904,5904403.0596],[32466860.5918,5904403.1851],[32466863.5931,5904403.3274],[32466865.1278,5904403.3836],[32466869.5867,5904403.4656],[32466884.4264,5904401.5309],[32466897.9473,5904395.1826],[32466900.9368,5904395.3261],[32466901.6261,5904398.233],[32466901.2421,5904401.1972],[32466900.8537,5904404.1628],[32466900.4609,5904407.1297],[32466900.0637,5904410.0977],[32466899.6622,5904413.0667],[32466899.2562,5904416.0364],[32466898.8458,5904419.0068],[32466898.4309,5904421.9777],[32466898.0116,5904424.9488],[32466897.5877,5904427.9201],[32466897.1594,5904430.8913],[32466896.7265,5904433.8623],[32466896.289,5904436.8329],[32466895.847,5904439.803],[32466895.4003,5904442.7724],[32466894.9491,5904445.7409],[32466894.4932,5904448.7084],[32466894.0326,5904451.6747],[32466893.5674,5904454.6396],[32466893.0975,5904457.603],[32466892.6228,5904460.5646],[32466892.1434,5904463.5244],[32466891.6578,5904466.4863],[32466891.152,5904469.4618],[32466890.6077,5904472.4382],[32466890.0068,5904475.4003],[32466889.331,5904478.3331],[32466888.5623,5904481.2215],[32466887.6824,5904484.0502],[32466886.4148,5904486.7432],[32466884.4291,5904489.0948],[32466882.1261,5904490.9983],[32466879.5235,5904492.5553],[32466876.7111,5904493.7072],[32466873.8227,5904494.3872],[32466870.86,5904494.7735],[32466870.2133,5904494.8256],[32466853.1348,5904497.765],[32466850.1318,5904502.6449],[32466851.7175,5904505.3623],[32466859.8471,5904507.9908],[32466860.2261,5904508.0824],[32466863.1736,5904508.9107],[32466866.0237,5904509.8771],[32466868.8937,5904510.8327],[32466871.7416,5904511.8367],[32466874.5231,5904512.9509],[32466877.194,5904514.2373],[32466879.6867,5904515.924],[32466881.8601,5904518.08],[32466883.5571,5904520.5047],[32466884.6303,5904523.356],[32466885.0974,5904526.3322],[32466885.1997,5904529.3213],[32466885.0606,5904532.3402],[32466884.7103,5904535.3378],[32466884.2308,5904538.295],[32466883.7328,5904541.2492],[32466883.2202,5904544.2015],[32466882.6947,5904547.1523],[32466882.1582,5904550.1018],[32466881.6124,5904553.0502],[32466881.059,5904555.9977],[32466880.4997,5904558.9446],[32466879.9364,5904561.8911],[32466879.3706,5904564.8374],[32466878.8043,5904567.7838],[32466878.2391,5904570.7305],[32466877.9701,5904572.1403],[32466867.2245,5904635.7841],[32466858.2352,5904704.1623],[32466856.6531,5904773.112],[32466858.0582,5904816.0944],[32466858.1426,5904818.0688],[32466858.2701,5904821.0658],[32466858.3964,5904824.0628],[32466858.5204,5904827.0599],[32466858.6414,5904830.0569],[32466858.7585,5904833.054],[32466858.8708,5904836.0511],[32466858.9775,5904839.0482],[32466859.0794,5904842.0455],[32466859.1986,5904845.0447],[32466859.3385,5904848.046],[32466859.4941,5904851.0489],[32466859.6606,5904854.0529],[32466859.8332,5904857.0575],[32466860.0068,5904860.0623],[32466860.1767,5904863.0667],[32466860.338,5904866.0703],[32466860.4857,5904869.0726],[32466860.6151,5904872.0731],[32466860.7212,5904875.0714],[32466860.7991,5904878.0669],[32466860.844,5904881.0592],[32466860.851,5904884.0477],[32466860.8152,5904887.0321],[32466860.7317,5904890.0118],[32466860.5718,5904892.9854],[32466860.2103,5904895.9471],[32466859.6638,5904898.8951],[32466858.9722,5904901.8284],[32466858.1755,5904904.7461],[32466857.3138,5904907.6473],[32466856.427,5904910.531],[32466855.5505,5904913.3977],[32466854.6239,5904916.2626],[32466853.5963,5904919.1044],[32466852.4408,5904921.8903],[32466851.1309,5904924.5872],[32466849.6375,5904927.1621],[32466847.9261,5904929.6038],[32466846.0543,5904931.9519],[32466844.1004,5904934.2526],[32466842.1433,5904936.5521],[32466840.4017,5904938.7218],[32466838.5338,5904941.3333],[32466835.0329,5904952.8242],[32466837.8231,5904958.0191],[32466843.2327,5904960.2698],[32466855.3085,5904955.8713],[32466857.1706,5904954.8507],[32466859.9473,5904953.7014],[32466863.0241,5904953.061],[32466865.7627,5904953.6965],[32466867.8269,5904956.0881],[32466868.6847,5904958.8832],[32466869.1705,5904961.8657],[32466869.4827,5904964.9074],[32466869.782,5904967.9004],[32466870.0743,5904970.8846],[32466870.3541,5904973.8706],[32466870.623,5904976.858],[32466870.8827,5904979.8467],[32466871.1348,5904982.8365],[32466871.3811,5904985.827],[32466871.6232,5904988.8181],[32466871.8628,5904991.8095],[32466872.1015,5904994.801],[32466872.3411,5904997.7924],[32466872.5831,5905000.7835],[32466872.8293,5905003.7739],[32466873.0813,5905006.7635],[32466873.2546,5905008.7596],[32466875.5076,5905030.6228],[32466881.3347,5905066.1206],[32466901.3476,5905156.9363],[32466920.7397,5905226.2384],[32466938.9202,5905280.2328],[32466954.0734,5905317.0356],[32466954.9312,5905319.0479],[32466956.105,5905321.81],[32466957.274,5905324.5738],[32466958.4365,5905327.3401],[32466959.5911,5905330.1094],[32466960.7359,5905332.8824],[32466961.8693,5905335.6596],[32466962.9897,5905338.4416],[32466964.0955,5905341.2291],[32466965.185,5905344.0226],[32466966.2567,5905346.8229],[32466967.3108,5905349.6302],[32466968.3491,5905352.4439],[32466969.3733,5905355.2632],[32466970.3849,5905358.0876],[32466971.3857,5905360.9162],[32466972.3774,5905363.7485],[32466973.3617,5905366.5837],[32466974.3402,5905369.4212],[32466975.3145,5905372.2602],[32466975.5804,5905373.037],[32466989.4649,5905411.79],[32467002.6079,5905442.0131],[32467043.046,5905525.7872],[32467068.6692,5905559.5687],[32467070.2492,5905561.6037],[32467072.0995,5905563.9867],[32467073.9416,5905566.3754],[32467075.7664,5905568.7742],[32467077.5645,5905571.1875],[32467079.3269,5905573.6197],[32467081.0443,5905576.0751],[32467082.7075,5905578.5583],[32467084.3074,5905581.0737],[32467085.8348,5905583.6255],[32467087.2705,5905586.2261],[32467088.5623,5905588.9136],[32467089.7188,5905591.6793],[32467090.7578,5905594.5074],[32467091.6968,5905597.3822],[32467092.5537,5905600.2879],[32467093.346,5905603.2088],[32467094.0916,5905606.129],[32467094.8065,5905609.0347],[32467095.4594,5905611.9637],[32467096.0212,5905614.9279],[32467096.4793,5905617.9158],[32467096.8209,5905620.9157],[32467097.0331,5905623.9159],[32467097.1031,5905626.9046],[32467097.0114,5905629.8765],[32467096.7472,5905632.8455],[32467096.3479,5905635.8131],[32467095.8534,5905638.7797],[32467095.3037,5905641.7452],[32467094.7389,5905644.7101],[32467094.199,5905647.6744],[32467093.7172,5905650.6385],[32467093.2015,5905653.6044],[32467092.6408,5905656.5714],[32467092.0741,5905659.5377],[32467091.5533,5905662.4319],[32467091.0802,5905665.4604],[32467091.3582,5905674.39],[32467111.8616,5905695.0999],[32467112.5137,5905695.7018],[32467114.6798,5905697.809],[32467116.718,5905700.0052],[32467118.5666,5905702.3324],[32467120.1701,5905704.8282],[32467121.664,5905707.4007],[32467123.1266,5905709.9965],[32467124.5599,5905712.6139],[32467125.9659,5905715.2513],[32467127.3465,5905717.9068],[32467128.7037,5905720.579],[32467130.0395,5905723.2661],[32467131.3558,5905725.9663],[32467132.6547,5905728.6782],[32467133.9381,5905731.3998],[32467135.208,5905734.1297],[32467136.4664,5905736.8661],[32467137.7152,5905739.6073],[32467138.9564,5905742.3517],[32467140.192,5905745.0975],[32467141.424,5905747.8432],[32467142.6543,5905750.587],[32467143.8849,5905753.3272],[32467145.1178,5905756.0622],[32467146.3509,5905758.7952],[32467147.5816,5905761.5293],[32467148.81,5905764.2644],[32467150.0363,5905767.0007],[32467151.2603,5905769.738],[32467152.4822,5905772.4763],[32467153.7021,5905775.2155],[32467154.9199,5905777.9557],[32467156.1358,5905780.6969],[32467157.3498,5905783.4389],[32467158.5619,5905786.1818],[32467159.7722,5905788.9256],[32467160.9808,5905791.6701],[32467162.1877,5905794.4155],[32467163.393,5905797.1616],[32467164.5967,5905799.9084],[32467165.7988,5905802.6559],[32467166.9995,5905805.4041],[32467168.1987,5905808.153],[32467169.3966,5905810.9025],[32467170.5932,5905813.6525],[32467171.7885,5905816.4032],[32467172.9826,5905819.1543],[32467174.1756,5905821.906],[32467175.3675,5905824.6581],[32467176.5583,5905827.4107],[32467177.7481,5905830.1638],[32467178.937,5905832.9172],[32467180.125,5905835.671],[32467181.3122,5905838.4251],[32467182.4986,5905841.1796],[32467183.6843,5905843.9343],[32467184.8693,5905846.6893],[32467186.0537,5905849.4446],[32467187.2375,5905852.2],[32467188.4208,5905854.9556],[32467189.6037,5905857.7113],[32467190.7862,5905860.4672],[32467191.9683,5905863.2232],[32467193.1501,5905865.9792],[32467194.3317,5905868.7353],[32467195.5132,5905871.4914],[32467196.6944,5905874.2474],[32467197.8755,5905877.0035],[32467198.9707,5905879.8077],[32467199.9472,5905882.6769],[32467200.5927,5905884.7118],[32467203.8949,5905894.0793],[32467214.1868,5905906.8867],[32467215.1899,5905907.797],[32467217.3948,5905909.8856],[32467219.4529,5905912.0739],[32467221.2884,5905914.4226],[32467222.9681,5905916.9572],[32467224.4364,5905919.6416],[32467225.5982,5905922.4337],[32467226.3605,5905925.2921],[32467226.7778,5905928.2106],[32467226.9694,5905931.1857],[32467227.0127,5905934.199],[32467227.003,5905935.2623],[32467227.6431,5905955.3112],[32467229.683,5905967.0727],[32467257.1983,5906046.4216],[32467275.7271,5906084.0875],[32467305.4226,5906135.8744],[32467305.5863,5906136.1489],[32467307.1078,5906138.7337],[32467308.6104,5906141.3279],[32467310.0907,5906143.9332],[32467311.545,5906146.5514],[32467312.9698,5906149.1844],[32467314.3617,5906151.8339],[32467315.717,5906154.5017],[32467317.0433,5906157.1864],[32467318.3481,5906159.8851],[32467319.6311,5906162.5974],[32467320.8921,5906165.3226],[32467322.1309,5906168.0599],[32467323.3474,5906170.8088],[32467324.5412,5906173.5685],[32467325.7122,5906176.3384],[32467326.8601,5906179.1179],[32467327.9848,5906181.9062],[32467329.0859,5906184.7027],[32467330.1633,5906187.5067],[32467331.2169,5906190.3176],[32467332.2462,5906193.1348],[32467333.2512,5906195.9574],[32467334.2317,5906198.7849],[32467335.187,5906201.6168],[32467336.0427,5906204.4777],[32467336.7602,5906207.3813],[32467337.3705,5906210.3181],[32467337.9047,5906213.2784],[32467338.3937,5906216.2526],[32467338.8688,5906219.2312],[32467339.0597,5906220.3851],[32467341.2495,5906230.9973],[32467349.9019,5906253.3814],[32467370.4478,5906288.7052],[32467371.0236,5906289.6438],[32467372.5829,5906292.2092],[32467374.1273,5906294.7826],[32467375.6529,5906297.3662],[32467377.1555,5906299.962],[32467378.6323,5906302.5715],[32467380.0978,5906305.1873],[32467381.5578,5906307.8063],[32467383.0126,5906310.4282],[32467384.4624,5906313.053],[32467385.9076,5906315.6804],[32467387.3483,5906318.3104],[32467388.7848,5906320.9428],[32467390.2174,5906323.5774],[32467391.6463,5906326.214],[32467393.0718,5906328.8527],[32467394.4942,5906331.493],[32467395.9136,5906334.135],[32467397.3303,5906336.7785],[32467398.7446,5906339.4232],[32467400.1568,5906342.0692],[32467401.5671,5906344.7161],[32467402.9757,5906347.3639],[32467404.3829,5906350.0123],[32467405.7889,5906352.6614],[32467407.1941,5906355.3108],[32467408.5986,5906357.9605],[32467410.0028,5906360.6102],[32467410.2238,5906361.0267],[32467417.1167,5906373.8239],[32467418.5531,5906376.4622],[32467419.9884,5906379.1013],[32467421.4196,5906381.7424],[32467422.844,5906384.3866],[32467424.259,5906387.0351],[32467425.662,5906389.6888],[32467427.0502,5906392.3489],[32467428.4211,5906395.0164],[32467429.7719,5906397.6925],[32467431.1,5906400.3783],[32467432.4027,5906403.0748],[32467433.6775,5906405.783],[32467434.9216,5906408.5042],[32467436.1323,5906411.2394],[32467437.3077,5906413.9922],[32467438.4482,5906416.7628],[32467439.5546,5906419.5501],[32467440.6278,5906422.3529],[32467441.6685,5906425.17],[32467442.6777,5906428.0001],[32467443.6561,5906430.8422],[32467444.6046,5906433.6949],[32467445.5241,5906436.5571],[32467446.4154,5906439.4276],[32467447.2792,5906442.3052],[32467448.1166,5906445.1886],[32467448.9282,5906448.0768],[32467449.715,5906450.9684],[32467450.4855,5906453.8631],[32467451.2468,5906456.7609],[32467451.999,5906459.6619],[32467452.7424,5906462.5659],[32467453.4772,5906465.4727],[32467454.2033,5906468.3822],[32467454.9211,5906471.2944],[32467455.6307,5906474.209],[32467456.3322,5906477.126],[32467457.0259,5906480.0453],[32467457.7118,5906482.9666],[32467458.3901,5906485.89],[32467459.0611,5906488.8152],[32467459.7248,5906491.7422],[32467460.3814,5906494.6708],[32467461.0311,5906497.6009],[32467461.674,5906500.5324],[32467462.3104,5906503.4652],[32467462.9403,5906506.3991],[32467463.564,5906509.334],[32467464.1816,5906512.2698],[32467464.7932,5906515.2064],[32467465.399,5906518.1437],[32467465.9993,5906521.0814],[32467466.594,5906524.0196],[32467467.1835,5906526.9581],[32467467.7627,5906529.8977],[32467468.2765,5906532.8493],[32467468.7209,5906535.8138],[32467469.1101,5906538.7884],[32467469.4582,5906541.7706],[32467469.6638,5906543.6817],[32467472.4678,5906565.5768],[32467477.8379,5906589.1537],[32467482.7436,5906599.7883],[32467499.242,5906613.2722],[32467501.1213,5906615.3663],[32467502.1569,5906618.129],[32467502.5391,5906621.2539],[32467502.4666,5906624.3129],[32467502.086,5906627.2501],[32467501.4871,5906630.1841],[32467500.764,5906633.1165],[32467500.4982,5906634.1519],[32467497.3615,5906647.7859],[32467496.3421,5906662.7981],[32467501.4895,5906679.9115],[32467517.6249,5906718.3443],[32467517.8205,5906718.7722],[32467519.0138,5906721.5243],[32467520.1244,5906724.2979],[32467521.1276,5906727.1],[32467521.9987,5906729.9375],[32467522.7138,5906732.8249],[32467523.2768,5906735.7638],[32467523.7051,5906738.7422],[32467524.0161,5906741.7478],[32467524.227,5906744.7687],[32467524.3553,5906747.7925],[32467524.4183,5906750.8073],[32467524.4322,5906753.801],[32467524.3142,5906756.7819],[32467524.039,5906759.7611],[32467523.8326,5906761.3722],[32467521.35,5906792.7233],[32467523.686,5906813.557],[32467529.0374,5906827.5167],[32467534.5974,5906832.7583],[32467535.7017,5906833.6569],[32467537.8275,5906835.8034],[32467539.588,5906838.2207],[32467541.3503,5906840.6888],[32467543.0773,5906843.2052],[32467544.7121,5906845.7784],[32467546.1977,5906848.4171],[32467547.4775,5906851.1299],[32467548.4946,5906853.9253],[32467549.2524,5906856.7963],[32467549.9584,5906859.6846],[32467550.6371,5906862.5836],[32467551.2899,5906865.4925],[32467551.9184,5906868.4106],[32467552.5242,5906871.3374],[32467553.1087,5906874.2721],[32467553.6734,5906877.214],[32467554.22,5906880.1626],[32467554.7499,5906883.1172],[32467555.2647,5906886.077],[32467555.7658,5906889.0415],[32467556.2549,5906892.0099],[32467556.7334,5906894.9817],[32467557.2028,5906897.9561],[32467557.6647,5906900.9324],[32467558.1206,5906903.9101],[32467558.572,5906906.8885],[32467559.0205,5906909.8668],[32467559.4676,5906912.8445],[32467559.9148,5906915.8208],[32467560.3636,5906918.7952],[32467560.8155,5906921.7669],[32467561.2722,5906924.7353],[32467561.735,5906927.6997],[32467562.2041,5906930.6618],[32467562.6766,5906933.6255],[32467563.1511,5906936.5906],[32467563.6262,5906939.5572],[32467564.1006,5906942.525],[32467564.5727,5906945.494],[32467565.0412,5906948.464],[32467565.5046,5906951.4351],[32467565.9616,5906954.407],[32467566.4108,5906957.3796],[32467566.8507,5906960.3529],[32467567.2799,5906963.3267],[32467567.6971,5906966.301],[32467568.1008,5906969.2755],[32467568.4895,5906972.2503],[32467568.862,5906975.2253],[32467569.2168,5906978.2002],[32467569.5525,5906981.175],[32467569.8676,5906984.1497],[32467570.1608,5906987.124],[32467570.4307,5906990.0979],[32467570.6758,5906993.0714],[32467570.7986,5906996.0466],[32467570.5796,5906999.029],[32467570.1209,5907002.0149],[32467569.5716,5907004.855],[32467568.3096,5907013.9152],[32467569.2014,5907019.9473],[32467572.2063,5907024.974],[32467574.4569,5907026.9519],[32467576.8826,5907028.8329],[32467579.1874,5907030.8217],[32467581.2614,5907032.9944],[32467583.3673,5907035.1654],[32467585.4669,5907037.3533],[32467587.5066,5907039.5872],[32467589.4327,5907041.8961],[32467591.1914,5907044.3092],[32467592.7293,5907046.8556],[32467594.1285,5907049.4853],[32467595.4927,5907052.137],[32467596.8249,5907054.8089],[32467598.1281,5907057.499],[32467599.4053,5907060.2056],[32467600.6596,5907062.9266],[32467601.8939,5907065.6602],[32467603.1112,5907068.4045],[32467604.3146,5907071.1577],[32467605.507,5907073.9177],[32467606.6914,5907076.6828],[32467607.8708,5907079.4511],[32467609.0483,5907082.2205],[32467610.2268,5907084.9893],[32467611.4094,5907087.7556],[32467612.599,5907090.5174],[32467613.7986,5907093.2729],[32467615.0113,5907096.0202],[32467616.24,5907098.7573],[32467644.6752,5907172.6857],[32467670.673,5907230.3661],[32467695.0462,5907303.8883],[32467716.9826,5907407.0634],[32467757.6053,5907578.074],[32467757.6055,5907590.2601],[32467745.4198,5907613.82],[32467738.1084,5907637.3798],[32467739.7334,5907646.3163],[32467744.6079,5907648.7534],[32467749.4822,5907646.3161],[32467757.6061,5907631.6927],[32467766.5424,5907624.381],[32467771.4169,5907626.0057],[32467779.5414,5907658.5018],[32467793.3536,5907754.7715],[32467801.4787,5907826.263],[32467825.0408,5907993.2118],[32467834.7909,5908074.4521],[32467836.4165,5908128.8832],[32467837.4172,5908142.262],[32467837.5983,5908144.4683],[32467837.8493,5908147.4609],[32467838.1038,5908150.4536],[32467838.3601,5908153.4463],[32467838.6165,5908156.439],[32467838.8711,5908159.4317],[32467839.1223,5908162.4244],[32467839.3684,5908165.417],[32467839.6074,5908168.4096],[32467839.8378,5908171.4021],[32467840.0577,5908174.3946],[32467840.2655,5908177.387],[32467840.4593,5908180.3792],[32467840.6374,5908183.3714],[32467840.7981,5908186.3635],[32467840.9395,5908189.3554],[32467841.0601,5908192.3472],[32467841.158,5908195.3389],[32467841.2314,5908198.3303],[32467841.2787,5908201.3217],[32467841.296,5908204.3131],[32467841.2715,5908207.306],[32467841.2056,5908210.3005],[32467841.1011,5908213.296],[32467840.9606,5908216.2923],[32467840.7869,5908219.2888],[32467840.5827,5908222.2851],[32467840.3506,5908225.281],[32467840.0934,5908228.2759],[32467839.8137,5908231.2696],[32467839.5143,5908234.2615],[32467839.1979,5908237.2513],[32467838.8672,5908240.2386],[32467838.5248,5908243.223],[32467838.1735,5908246.2041],[32467837.8159,5908249.1815],[32467837.4548,5908252.1548],[32467837.0864,5908255.131],[32467836.6339,5908258.1624],[32467836.0454,5908261.1979],[32467835.2835,5908264.1619],[32467834.3109,5908266.9788],[32467833.0879,5908269.5722],[32467830.9717,5908271.6323],[32467828.1003,5908273.0201],[32467825.2157,5908273.8275],[32467822.1254,5908274.0107],[32467819.1815,5908273.4292],[32467816.4763,5908272.2704],[32467813.8381,5908270.8258],[32467811.2613,5908269.2021],[32467808.7403,5908267.506],[32467806.2578,5908265.8216],[32467803.7771,5908264.1372],[32467801.2973,5908262.449],[32467798.8196,5908260.756],[32467796.345,5908259.0568],[32467793.875,5908257.3505],[32467791.4107,5908255.6357],[32467788.9532,5908253.9115],[32467786.5039,5908252.1765],[32467784.064,5908250.4298],[32467781.6346,5908248.67],[32467779.2171,5908246.8962],[32467776.8125,5908245.107],[32467774.4222,5908243.3015],[32467772.0474,5908241.4783],[32467769.6919,5908239.6249],[32467767.3698,5908237.7101],[32467765.0953,5908235.7303],[32467762.8819,5908233.6833],[32467760.7434,5908231.5668],[32467758.6935,5908229.3788],[32467756.746,5908227.117],[32467754.8915,5908224.778],[32467753.1114,5908222.3668],[32467751.402,5908219.8933],[32467749.7598,5908217.3676],[32467748.1809,5908214.7997],[32467746.6619,5908212.1996],[32467745.1991,5908209.5773],[32467743.8073,5908206.9278],[32467742.5452,5908204.203],[32467741.3823,5908201.4202],[32467740.2781,5908198.604],[32467739.1919,5908195.7792],[32467738.0834,5908192.9705],[32467737.3006,5908191.1211],[32467735.6371,5908187.5007],[32467729.1058,5908177.5794],[32467675.0839,5908122.486],[32467674.4,5908121.809],[32467672.2799,5908119.6919],[32467670.1723,5908117.5658],[32467668.0788,5908115.4295],[32467666.001,5908113.2818],[32467663.9406,5908111.1216],[32467661.899,5908108.9475],[32467659.8778,5908106.7584],[32467657.9673,5908104.4481],[32467656.4182,5908101.8024],[32467655.2622,5908098.9507],[32467654.5175,5908096.0405],[32467654.125,5908093.1036],[32467653.9698,5908090.0482],[32467654.0789,5908086.9633],[32467654.482,5908083.9417],[32467655.2091,5908081.0766],[32467656.4138,5908078.4349],[32467658.0939,5908075.9592],[32467659.6863,5908073.9484],[32467664.7666,5908065.8599],[32467667.135,5908054.0014],[32467664.9887,5908048.4797],[32467660.8149,5908043.9747],[32467650.0628,5908041.6024],[32467649.1726,5908041.5111],[32467646.1577,5908041.0147],[32467643.3344,5908040.1179],[32467640.5559,5908038.7841],[32467637.9363,5908037.0671],[32467635.7574,5908034.9817],[32467634.248,5908032.5445],[32467633.2161,5908029.8123],[32467632.5743,5908026.1247],[32467632.0262,5908023.1709],[32467631.4638,5908020.2183],[32467630.9013,5908017.2657],[32467630.353,5908014.3119],[32467629.8331,5908011.3558],[32467629.3558,5908008.3962],[32467628.9355,5908005.4319],[32467628.5863,5908002.4618],[32467628.3142,5907999.4831],[32467628.0809,5907996.4872],[32467627.8914,5907993.4781],[32467627.7601,5907990.462],[32467627.7012,5907987.445],[32467627.7292,5907984.4331],[32467627.8583,5907981.4324],[32467628.1028,5907978.449],[32467628.4769,5907975.489],[32467628.9355,5907972.541],[32467629.4385,5907969.5947],[32467629.9838,5907966.6507],[32467630.5688,5907963.7098],[32467631.1913,5907960.7727],[32467631.8489,5907957.84],[32467632.5394,5907954.9124],[32467633.2603,5907951.9905],[32467634.0094,5907949.0751],[32467634.7843,5907946.1668],[32467635.5828,5907943.2664],[32467636.4023,5907940.3744],[32467637.2408,5907937.4916],[32467638.0957,5907934.6187],[32467638.9786,5907931.7576],[32467639.9056,5907928.9096],[32467640.8714,5907926.0731],[32467641.8702,5907923.2464],[32467642.8964,5907920.4278],[32467643.9445,5907917.6157],[32467645.0087,5907914.8083],[32467646.0833,5907912.004],[32467647.1629,5907909.2012],[32467648.2416,5907906.3982],[32467649.3139,5907903.5932],[32467650.3742,5907900.7847],[32467651.3741,5907898.0859],[32467654.3815,5907889.4814],[32467660.6938,5907866.2719],[32467662.1978,5907842.3335],[32467657.8722,5907818.8064],[32467643.7155,5907772.8952],[32467638.0816,5907758.6611],[32467637.0459,5907756.1918],[32467635.8753,5907753.428],[32467634.6988,5907750.6662],[32467633.5206,5907747.9047],[32467632.3447,5907745.1422],[32467631.1753,5907742.3772],[32467630.0165,5907739.6083],[32467628.8725,5907736.834],[32467627.7472,5907734.0528],[32467626.645,5907731.2632],[32467625.5674,5907728.4648],[32467624.4958,5907725.6642],[32467623.425,5907722.8632],[32467622.3553,5907720.0618],[32467621.2864,5907717.2601],[32467620.2185,5907714.4579],[32467619.1515,5907711.6554],[32467618.0854,5907708.8526],[32467617.0202,5907706.0494],[32467615.9559,5907703.2458],[32467614.8926,5907700.4418],[32467613.8301,5907697.6375],[32467612.7685,5907694.8328],[32467611.7079,5907692.0278],[32467610.6481,5907689.2225],[32467609.5892,5907686.4168],[32467608.5312,5907683.6107],[32467607.474,5907680.8043],[32467606.4178,5907677.9976],[32467605.3624,5907675.1906],[32467604.3079,5907672.3832],[32467603.2543,5907669.5754],[32467602.2015,5907666.7674],[32467601.1496,5907663.959],[32467600.0985,5907661.1503],[32467599.0483,5907658.3413],[32467597.9989,5907655.532],[32467596.9504,5907652.7224],[32467595.9027,5907649.9124],[32467594.8559,5907647.1021],[32467593.8099,5907644.2916],[32467592.7647,5907641.4807],[32467591.7204,5907638.6695],[32467590.6768,5907635.8581],[32467589.6341,5907633.0463],[32467588.5922,5907630.2343],[32467587.5511,5907627.4219],[32467586.5109,5907624.6093],[32467585.4714,5907621.7964],[32467584.4327,5907618.9832],[32467583.3949,5907616.1698],[32467582.3578,5907613.356],[32467581.3215,5907610.542],[32467580.286,5907607.7278],[32467579.2518,5907604.913],[32467578.2223,5907602.0966],[32467577.1981,5907599.2782],[32467576.1787,5907596.458],[32467575.1637,5907593.6361],[32467574.1528,5907590.8128],[32467573.1442,5907587.9886],[32467539.9772,5907498.5088],[32467539.7732,5907497.9948],[32467538.7122,5907495.1963],[32467537.7062,5907492.3821],[32467536.7658,5907489.549],[32467535.9395,5907486.681],[32467535.2784,5907483.7624],[32467534.7503,5907480.8055],[32467534.3214,5907477.8235],[32467533.9579,5907474.8293],[32467533.6261,5907471.836],[32467533.3028,5907468.854],[32467533.1519,5907465.8474],[32467533.1415,5907462.8194],[32467533.1426,5907459.7952],[32467533.0258,5907456.8],[32467530.9337,5907448.1323],[32467516.27,5907425.4449],[32467497.0799,5907402.2252],[32467487.8794,5907394.7418],[32467481.8564,5907393.2731],[32467475.95,5907394.6258],[32467473.9564,5907396.7403],[32467473.7459,5907402.8378],[32467485.3897,5907426.8272],[32467485.528,5907427.0927],[32467486.9007,5907429.7765],[32467488.2406,5907432.473],[32467489.5355,5907435.186],[32467490.7734,5907437.9191],[32467491.9581,5907440.6716],[32467493.1298,5907443.4319],[32467494.2901,5907446.1992],[32467495.4373,5907448.9736],[32467496.5698,5907451.755],[32467497.6863,5907454.5435],[32467498.785,5907457.3391],[32467499.8646,5907460.1418],[32467500.9234,5907462.9517],[32467501.96,5907465.7686],[32467502.9727,5907468.5928],[32467503.9602,5907471.4242],[32467504.9208,5907474.2628],[32467505.853,5907477.1086],[32467506.7531,5907479.9624],[32467507.5606,5907482.8432],[32467508.2662,5907485.7546],[32467508.8946,5907488.6891],[32467509.4705,5907491.6394],[32467510.0137,5907494.5724],[32467518.8885,5907526.3127],[32467528.4408,5907553.1523],[32467528.9519,5907554.5546],[32467529.9822,5907557.3718],[32467531.0153,5907560.1882],[32467532.0507,5907563.0039],[32467533.0881,5907565.8191],[32467534.127,5907568.6338],[32467535.1671,5907571.4482],[32467536.208,5907574.2625],[32467537.2492,5907577.0766],[32467538.2903,5907579.8908],[32467539.3311,5907582.7051],[32467540.371,5907585.5197],[32467541.4096,5907588.3348],[32467542.4467,5907591.1503],[32467543.4817,5907593.9665],[32467544.5142,5907596.7835],[32467545.544,5907599.6013],[32467546.5704,5907602.4201],[32467547.5933,5907605.2401],[32467548.6121,5907608.0613],[32467549.6265,5907610.8838],[32467550.6361,5907613.7079],[32467551.6403,5907616.5336],[32467552.6373,5907619.362],[32467553.6275,5907622.1931],[32467554.6114,5907625.0266],[32467555.5898,5907627.8623],[32467556.5633,5907630.6999],[32467557.5327,5907633.5391],[32467558.4985,5907636.3797],[32467559.4615,5907639.2213],[32467560.4223,5907642.0638],[32467561.3816,5907644.9068],[32467562.3402,5907647.7501],[32467563.2986,5907650.5934],[32467564.2576,5907653.4364],[32467565.2179,5907656.279],[32467566.18,5907659.1207],[32467566.6948,5907660.6364],[32467580.2319,5907698.6723],[32467594.6741,5907731.1222],[32467594.8874,5907731.5586],[32467596.2066,5907734.2603],[32467597.5195,5907736.9639],[32467598.8213,5907739.6712],[32467600.1074,5907742.3839],[32467601.373,5907745.1039],[32467602.6133,5907747.8327],[32467603.8237,5907750.5723],[32467604.9993,5907753.3243],[32467606.1355,5907756.0904],[32467607.2275,5907758.8726],[32467608.2707,5907761.6724],[32467609.263,5907764.4925],[32467610.2071,5907767.3322],[32467611.1059,5907770.1899],[32467611.962,5907773.064],[32467612.7783,5907775.9526],[32467613.5576,5907778.8542],[32467614.3027,5907781.7671],[32467615.0164,5907784.6894],[32467615.7015,5907787.6197],[32467616.3607,5907790.556],[32467616.997,5907793.4968],[32467617.613,5907796.4403],[32467618.2117,5907799.3849],[32467618.7957,5907802.3289],[32467619.3679,5907805.2705],[32467619.923,5907808.2125],[32467620.4441,5907811.1635],[32467620.9318,5907814.123],[32467621.3873,5907817.0898],[32467621.8119,5907820.063],[32467622.2069,5907823.0416],[32467622.5736,5907826.0244],[32467622.9132,5907829.0104],[32467623.2269,5907831.9986],[32467623.5161,5907834.988],[32467623.782,5907837.9775],[32467624.0259,5907840.966],[32467624.2491,5907843.9526],[32467624.4513,5907846.9393],[32467624.6108,5907849.9502],[32467624.699,5907852.9782],[32467624.6886,5907856.008],[32467624.5528,5907859.0244],[32467624.2644,5907862.012],[32467623.7964,5907864.9555],[32467623.1322,5907867.8459],[32467622.3093,5907870.7019],[32467621.3605,5907873.532],[32467620.3158,5907876.3428],[32467619.2053,5907879.1411],[32467618.0591,5907881.9332],[32467616.9072,5907884.726],[32467615.8455,5907887.3625],[32467605.3751,5907918.89],[32467602.6994,5907933.5781],[32467601.6775,5907951.5994],[32467602.6533,5908005.5558],[32467613.7944,5908075.2734],[32467614.1088,5908076.6752],[32467614.7158,5908079.6253],[32467615.1844,5908082.5736],[32467615.4321,5908085.5219],[32467615.2613,5908088.4651],[32467614.6359,5908091.3996],[32467614.2144,5908092.9404],[32467612.0231,5908106.2895],[32467624.7722,5908124.6119],[32467625.8019,5908125.7714],[32467627.7842,5908128.0293],[32467629.7064,5908130.3314],[32467631.522,5908132.7119],[32467633.236,5908135.1671],[32467634.9086,5908137.6524],[32467636.5481,5908140.1616],[32467638.1624,5908142.6893],[32467639.7594,5908145.2298],[32467641.3469,5908147.7774],[32467642.9328,5908150.3265],[32467644.5248,5908152.8714],[32467645.4295,5908154.2995],[32467659.8749,5908175.0596],[32467703.7362,5908230.8352],[32467704.4844,5908231.6552],[32467706.4107,5908233.9625],[32467708.1034,5908236.3888],[32467709.4567,5908238.9901],[32467710.466,5908241.7729],[32467711.2277,5908244.6835],[32467711.842,5908247.6644],[32467712.4095,5908250.6582],[32467713.0215,5908253.6123],[32467713.3556,5908256.6902],[32467713.3731,5908256.8988],[32467714.3673,5908262.5591],[32467716.1046,5908264.896],[32467721.4528,5908267.917],[32467727.8397,5908268.9286],[32467730.3192,5908269.1207],[32467733.3563,5908269.3353],[32467736.3715,5908269.6407],[32467739.3272,5908270.1477],[32467742.2408,5908270.862],[32467745.1643,5908271.6725],[32467748.0553,5908272.6104],[32467750.8704,5908273.7091],[32467753.5656,5908275.0024],[32467756.1047,5908276.5192],[32467758.5394,5908278.2232],[32467760.8953,5908280.0755],[32467763.1801,5908282.0466],[32467765.4013,5908284.1066],[32467767.5668,5908286.2258],[32467769.684,5908288.3748],[32467771.7697,5908290.5284],[32467773.8654,5908292.6936],[32467775.9626,5908294.8767],[32467778.0461,5908297.0818],[32467780.1009,5908299.313],[32467782.1117,5908301.5746],[32467784.0636,5908303.8706],[32467785.9413,5908306.2054],[32467787.7298,5908308.583],[32467789.4139,5908311.0076],[32467790.9098,5908313.5302],[32467791.9434,5908316.3252],[32467792.6087,5908319.307],[32467793.0459,5908322.3584],[32467793.3932,5908325.363],[32467793.528,5908328.3444],[32467793.4298,5908331.3539],[32467793.2692,5908334.3716],[32467793.2478,5908335.6113],[32467793.4337,5908340.3554],[32467795.6805,5908352.2396],[32467804.3899,5908364.9978],[32467805.9549,5908366.8479],[32467807.8802,5908369.1916],[32467809.711,5908371.5886],[32467811.3906,5908374.068],[32467812.973,5908376.6245],[32467814.4974,5908379.239],[32467815.9327,5908381.9067],[32467817.2479,5908384.6228],[32467818.4121,5908387.3828],[32467819.3943,5908390.1819],[32467820.166,5908393.0674],[32467820.7147,5908396.049],[32467821.033,5908399.0782],[32467821.1133,5908402.1067],[32467820.949,5908405.0865],[32467820.5814,5908408.0321],[32467820.0655,5908410.9705],[32467819.4374,5908413.9032],[32467818.7332,5908416.8321],[32467817.989,5908419.7587],[32467817.241,5908422.6847],[32467816.5254,5908425.6118],[32467815.8713,5908428.5414],[32467815.2335,5908431.4716],[32467814.5954,5908434.4017],[32467813.9572,5908437.3318],[32467813.3188,5908440.2619],[32467812.6803,5908443.1919],[32467812.0416,5908446.1219],[32467811.4027,5908449.0519],[32467810.7638,5908451.9818],[32467810.1247,5908454.9117],[32467809.4855,5908457.8416],[32467808.8461,5908460.7715],[32467808.2067,5908463.7013],[32467807.9254,5908464.9899],[32467786.9508,5908565.002],[32467786.2752,5908567.9155],[32467785.5261,5908570.8228],[32467784.7009,5908573.747],[32467783.7709,5908576.6472],[32467782.706,5908579.4787],[32467781.4762,5908582.1968],[32467780.041,5908584.7558],[32467778.1179,5908587.0729],[32467775.7593,5908589.0655],[32467773.193,5908590.6637],[32467770.4948,5908591.8707],[32467767.6174,5908592.7879],[32467764.648,5908593.4739],[32467761.6746,5908593.987],[32467758.7098,5908594.3817],[32467755.7171,5908594.6689],[32467752.7093,5908594.8423],[32467749.6994,5908594.8952],[32467746.7001,5908594.8212],[32467743.7146,5908594.6266],[32467740.7308,5908594.3433],[32467737.7485,5908593.9941],[32467735.6033,5908593.7114],[32467713.8997,5908591.5408],[32467698.7966,5908593.4538],[32467696.0281,5908594.5517],[32467695.3269,5908597.3631],[32467695.7476,5908600.7301],[32467699.9673,5908604.4357],[32467735.3729,5908621.629],[32467746.7476,5908625.0967],[32467749.6956,5908625.59],[32467752.671,5908625.9878],[32467755.6646,5908626.3239],[32467758.667,5908626.6321],[32467761.6692,5908626.946],[32467764.6618,5908627.2995],[32467767.6357,5908627.7263],[32467770.5899,5908628.2535],[32467773.6264,5908628.8276],[32467776.6161,5908629.5822],[32467779.3474,5908630.7172],[32467781.675,5908632.4199],[32467783.7316,5908634.6673],[32467785.4567,5908637.2626],[32467786.7584,5908640.0038],[32467787.6667,5908642.8041],[32467788.3431,5908645.7265],[32467788.818,5908648.7271],[32467789.1205,5908651.7608],[32467789.2794,5908654.7823],[32467789.3254,5908657.7681],[32467789.2831,5908660.7595],[32467789.1633,5908663.7571],[32467788.9758,5908666.7574],[32467788.7308,5908669.7572],[32467788.4383,5908672.7531],[32467788.1082,5908675.7417],[32467787.7507,5908678.7197],[32467787.3678,5908681.6957],[32467786.9273,5908684.6799],[32467786.391,5908687.6498],[32467785.7205,5908690.5821],[32467784.8777,5908693.4535],[32467783.837,5908696.2481],[32467782.6513,5908698.9918],[32467781.3607,5908701.7001],[32467779.9995,5908704.3846],[32467778.6021,5908707.057],[32467777.2027,5908709.7291],[32467776.8118,5908710.4964],[32467772.2702,5908720.6485],[32467767.7771,5908738.052],[32467764.3321,5908758.687],[32467764.3129,5908758.8639],[32467763.97,5908761.8741],[32467763.5601,5908764.8576],[32467763.0313,5908767.7963],[32467762.3312,5908770.6723],[32467761.4103,5908773.4727],[32467760.2824,5908776.269],[32467758.9683,5908779.0487],[32467757.4755,5908781.7588],[32467755.8114,5908784.3464],[32467753.9833,5908786.7585],[32467751.9986,5908788.9422],[32467749.8312,5908790.8523],[32467747.3693,5908792.5],[32467744.6705,5908793.9054],[32467741.8119,5908795.0864],[32467738.8704,5908796.0609],[32467735.923,5908796.8471],[32467733.0168,5908797.4791],[32467730.0888,5908798.0275],[32467727.1357,5908798.5033],[32467724.1618,5908798.9117],[32467721.1716,5908799.2582],[32467718.1694,5908799.5482],[32467715.1598,5908799.787],[32467712.147,5908799.9801],[32467709.1356,5908800.1329],[32467706.13,5908800.2507],[32467703.1345,5908800.3389],[32467700.1285,5908800.4374],[32467697.0964,5908800.5621],[32467694.0479,5908800.687],[32467690.9926,5908800.7858],[32467687.9401,5908800.8326],[32467684.8999,5908800.8012],[32467681.8817,5908800.6657],[32467678.8951,5908800.3998],[32467675.9496,5908799.9776],[32467673.0549,5908799.3729],[32467670.2197,5908798.5622],[32467667.414,5908797.637],[32467664.6187,5908796.657],[32467661.8336,5908795.6255],[32467659.0582,5908794.5456],[32467656.2924,5908793.4208],[32467653.536,5908792.2542],[32467650.7885,5908791.0492],[32467648.0498,5908789.8089],[32467645.3197,5908788.5366],[32467642.5977,5908787.2356],[32467639.8838,5908785.9092],[32467637.1775,5908784.5606],[32467634.4787,5908783.193],[32467631.787,5908781.8098],[32467629.1023,5908780.4142],[32467626.4242,5908779.0094],[32467623.7525,5908777.5987],[32467621.0868,5908776.1854],[32467618.4271,5908774.7728],[32467615.7729,5908773.364],[32467613.124,5908771.9624],[32467610.4754,5908770.5556],[32467607.8261,5908769.1235],[32467605.1836,5908767.6615],[32467602.5552,5908766.1648],[32467599.9485,5908764.6288],[32467597.3708,5908763.0488],[32467594.8296,5908761.4203],[32467592.3323,5908759.7385],[32467589.8864,5908757.9988],[32467587.4992,5908756.1965],[32467585.1783,5908754.327],[32467582.9311,5908752.3857],[32467580.7815,5908750.336],[32467578.7357,5908748.1614],[32467576.7755,5908745.8847],[32467574.883,5908743.5289],[32467573.7153,5908742.0005],[32467557.8697,5908722.5552],[32467549.1352,5908719.8999],[32467546.3557,5908720.7831],[32467542.5416,5908725.445],[32467542.3843,5908731.5916],[32467545.7819,5908743.1463],[32467558.1906,5908760.0718],[32467584.7074,5908784.4838],[32467612.4467,5908802.1686],[32467644.7083,5908818.3149],[32467667.803,5908824.6524],[32467697.7634,5908824.9465],[32467731.2257,5908820.1268],[32467733.3743,5908819.751],[32467736.3333,5908819.2791],[32467739.3698,5908818.8284],[32467742.6724,5908818.4781],[32467745.0011,5908819.4211],[32467745.8708,5908822.2242],[32467746.4955,5908826.9361],[32467746.7613,5908828.4662],[32467747.2738,5908831.4413],[32467747.682,5908834.4238],[32467747.8838,5908837.4085],[32467747.8158,5908840.3913],[32467747.6563,5908843.3752],[32467747.4483,5908846.3605],[32467747.1978,5908849.3468],[32467746.9111,5908852.3336],[32467746.5943,5908855.3203],[32467746.2534,5908858.3064],[32467745.8948,5908861.2914],[32467745.5245,5908864.2747],[32467745.1487,5908867.2559],[32467744.7735,5908870.2344],[32467744.4034,5908873.2103],[32467744.0347,5908876.1862],[32467743.6665,5908879.1624],[32467743.2986,5908882.1386],[32467742.9309,5908885.115],[32467742.5631,5908888.0915],[32467742.195,5908891.068],[32467741.8265,5908894.0445],[32467741.4572,5908897.021],[32467741.087,5908899.9974],[32467740.7157,5908902.9737],[32467740.3431,5908905.9499],[32467739.9689,5908908.9259],[32467739.593,5908911.9016],[32467739.2151,5908914.8771],[32467738.835,5908917.8523],[32467738.4526,5908920.8271],[32467738.0675,5908923.8016],[32467737.6797,5908926.7756],[32467737.2889,5908929.7492],[32467736.8948,5908932.7223],[32467736.4974,5908935.6949],[32467736.0962,5908938.6669],[32467735.6913,5908941.6382],[32467735.2823,5908944.609],[32467734.869,5908947.579],[32467734.4512,5908950.5484],[32467734.0288,5908953.5169],[32467733.6014,5908956.4847],[32467733.169,5908959.4516],[32467732.7312,5908962.4177],[32467732.2879,5908965.3828],[32467731.8389,5908968.347],[32467731.3833,5908971.3101],[32467730.9178,5908974.2718],[32467730.4424,5908977.2321],[32467729.9576,5908980.191],[32467729.4637,5908983.1486],[32467728.9613,5908986.105],[32467728.4507,5908989.0601],[32467727.9324,5908992.014],[32467727.4069,5908994.9668],[32467726.8746,5908997.9185],[32467726.336,5909000.8692],[32467725.7914,5909003.8189],[32467725.2413,5909006.7677],[32467724.6863,5909009.7155],[32467724.1266,5909012.6626],[32467723.5629,5909015.6088],[32467722.9954,5909018.5543],[32467722.4247,5909021.4991],[32467721.8512,5909024.4432],[32467721.2754,5909027.3867],[32467720.6976,5909030.3297],[32467720.1184,5909033.2722],[32467719.5382,5909036.2142],[32467718.9574,5909039.1558],[32467718.3788,5909042.0988],[32467717.8157,5909045.054],[32467717.2571,5909048.0172],[32467716.6873,5909050.9812],[32467716.0908,5909053.9383],[32467715.4517,5909056.8812],[32467714.7545,5909059.8025],[32467713.9834,5909062.6948],[32467713.1229,5909065.5506],[32467712.1571,5909068.3625],[32467711.0149,5909071.1028],[32467709.6664,5909073.7615],[32467708.1689,5909076.3616],[32467706.5798,5909078.9263],[32467705.5435,5909080.5552],[32467695.9462,5909097.1357],[32467690.4145,5909111.0129],[32467688.3282,5909122.8331],[32467688.1693,5909126.6275],[32467688.1413,5909128.8302],[32467688.1509,5909131.8435],[32467688.1459,5909134.8555],[32467688.0636,5909137.8575],[32467687.8413,5909140.8413],[32467687.4499,5909143.8048],[32467686.9465,5909146.7588],[32467686.3508,5909149.7025],[32467685.6803,5909152.6343],[32467684.9522,5909155.5529],[32467684.1838,5909158.4568],[32467683.3772,5909161.3412],[32467682.421,5909164.1803],[32467681.3598,5909166.9895],[32467680.2814,5909169.7942],[32467679.7053,5909171.4096],[32467675.3036,5909187.099],[32467674.1969,5909198.6287],[32467674.1847,5909199.0256],[32467674.1373,5909202.0442],[32467674.0848,5909205.0611],[32467673.9772,5909208.0675],[32467673.7643,5909211.0546],[32467673.3961,5909214.0137],[32467672.8383,5909216.939],[32467672.1605,5909219.8435],[32467671.3912,5909222.7319],[32467670.5458,5909225.6068],[32467669.6398,5909228.4704],[32467668.6888,5909231.3251],[32467667.7081,5909234.1734],[32467666.7133,5909237.0176],[32467665.7199,5909239.86],[32467664.7433,5909242.7032],[32467663.7911,5909245.5477],[32467662.8142,5909248.3829],[32467661.8083,5909251.2088],[32467660.7826,5909254.0283],[32467659.7462,5909256.8442],[32467659.3059,5909258.0384],[32467652.0615,5909279.5635],[32467639.1316,5909328.858],[32467633.3712,5909370.4509],[32467632.0848,5909387.82],[32467632.0478,5909388.3967],[32467631.8588,5909391.3913],[32467631.6693,5909394.3859],[32467631.4758,5909397.3801],[32467631.2748,5909400.3734],[32467631.0627,5909403.3654],[32467630.8368,5909406.3559],[32467630.6096,5909409.3465],[32467630.3868,5909412.3378],[32467630.1677,5909415.3298],[32467629.952,5909418.3225],[32467629.7394,5909421.3157],[32467629.5293,5909424.3094],[32467629.3214,5909427.3035],[32467629.1152,5909430.2979],[32467628.9104,5909433.2925],[32467628.7065,5909436.2873],[32467628.5031,5909439.2823],[32467628.2999,5909442.2772],[32467628.0963,5909445.2722],[32467627.8921,5909448.2669],[32467627.6867,5909451.2615],[32467627.4798,5909454.2559],[32467627.2709,5909457.2498],[32467627.0596,5909460.2434],[32467626.8456,5909463.2364],[32467626.6284,5909466.2289],[32467626.4076,5909469.2208],[32467626.1828,5909472.2119],[32467625.9536,5909475.2022],[32467625.7195,5909478.1917],[32467625.4802,5909481.1802],[32467625.2352,5909484.1677],[32467624.9842,5909487.1541],[32467624.7267,5909490.1394],[32467624.4622,5909493.1233],[32467624.1905,5909496.106],[32467623.9111,5909499.0873],[32467623.6235,5909502.0671],[32467623.3274,5909505.0454],[32467623.0223,5909508.0221],[32467622.7044,5909510.9975],[32467622.2647,5909513.9778],[32467621.6528,5909516.9464],[32467620.8699,5909519.8784],[32467619.9174,5909522.7488],[32467618.7964,5909525.5324],[32467617.51,5909528.209],[32467616.0928,5909530.8345],[32467614.5633,5909533.4245],[32467612.9294,5909535.9684],[32467611.1989,5909538.4555],[32467609.3796,5909540.8753],[32467607.4793,5909543.217],[32467605.5059,5909545.47],[32467603.466,5909547.6472],[32467601.3611,5909549.8028],[32467599.1929,5909551.924],[32467596.9633,5909553.9938],[32467594.6742,5909555.9951],[32467592.3274,5909557.9109],[32467589.9246,5909559.724],[32467587.4679,5909561.4174],[32467584.959,5909562.9741],[32467582.3455,5909564.3266],[32467579.5631,5909565.408],[32467576.6572,5909566.2628],[32467573.6752,5909566.9369],[32467570.6643,5909567.4765],[32467567.6719,5909567.9276],[32467564.6998,5909568.327],[32467561.6553,5909568.6463],[32467558.5801,5909568.8326],[32467555.5262,5909568.8335],[32467552.5456,5909568.5968],[32467549.6902,5909568.0699],[32467546.9243,5909567.0025],[32467544.3011,5909565.3047],[32467542.0136,5909563.1822],[32467540.2394,5909560.8298],[32467538.8519,5909558.2466],[32467537.7108,5909555.4652],[32467536.7365,5909552.5659],[32467535.8496,5909549.6292],[32467534.9715,5909546.7348],[32467534.2525,5909543.7887],[32467533.942,5909542.0393],[32467531.219,5909532.3391],[32467525.4276,5909530.3154],[32467519.6079,5909531.9032],[32467517.4169,5909534.0848],[32467515.9093,5909542.7146],[32467516.8471,5909577.7685],[32467516.9247,5909578.8992],[32467517.0774,5909581.8905],[32467517.1562,5909584.8788],[32467517.1179,5909587.893],[32467516.8295,5909590.9574],[32467516.1887,5909593.9095],[32467515.0549,5909596.5828],[32467513.0304,5909598.8884],[32467510.5319,5909600.6318],[32467507.8023,5909601.8331],[32467504.8553,5909602.6369],[32467501.8791,5909603.0591],[32467498.8999,5909603.1834],[32467495.8957,5909603.1327],[32467492.8813,5909603.0196],[32467489.8718,5909602.9566],[32467486.8003,5909603.027],[32467483.9118,5909603.7458],[32467482.9131,5909606.5197],[32467486.5726,5909618.0731],[32467499.4496,5909630.6205],[32467513.4935,5909635.6737],[32467531.4618,5909637.5748],[32467542.8732,5909634.1679],[32467551.957,5909613.1412],[32467552.2866,5909612.1172],[32467553.37,5909609.3416],[32467554.726,5909606.7316],[32467556.4234,5909604.1383],[32467558.4554,5909601.7056],[32467560.8118,5909599.7858],[32467563.4733,5909598.691],[32467566.2859,5909598.0159],[32467569.1829,5909597.5256],[32467572.1471,5909597.1788],[32467575.1607,5909596.934],[32467578.2064,5909596.7499],[32467578.4801,5909596.7352],[32467602.1873,5909593.6454],[32467616.9987,5909588.4284],[32467619.0243,5909587.4013],[32467621.7416,5909586.1286],[32467624.5143,5909585.0858],[32467627.5457,5909584.7135],[32467630.4854,5909585.2538],[32467633.2235,5909586.6936],[32467635.2566,5909588.8249],[32467636.252,5909591.6689],[32467636.6464,5909594.7056],[32467636.8728,5909597.7017],[32467636.9545,5909600.7202],[32467636.8071,5909603.7254],[32467636.3773,5909606.6878],[32467635.8658,5909609.6371],[32467635.3274,5909612.5834],[32467634.7656,5909615.527],[32467634.1835,5909618.4684],[32467633.5846,5909621.408],[32467632.972,5909624.3461],[32467632.7381,5909625.4486],[32467624.3846,5909668.5133],[32467621.7014,5909706.252],[32467621.6422,5909707.3995],[32467621.4734,5909710.3971],[32467621.2854,5909713.3924],[32467621.0732,5909716.3849],[32467620.8318,5909719.3739],[32467620.5562,5909722.3588],[32467620.2427,5909725.3392],[32467619.9115,5909728.3187],[32467619.5696,5909731.2984],[32467619.216,5909734.2778],[32467618.8498,5909737.2565],[32467618.4699,5909740.2341],[32467618.0754,5909743.2101],[32467617.6653,5909746.1841],[32467617.2386,5909749.1556],[32467616.7945,5909752.1244],[32467616.3318,5909755.0898],[32467615.8496,5909758.0516],[32467615.347,5909761.0092],[32467614.8229,5909763.9622],[32467614.2765,5909766.9103],[32467613.7067,5909769.853],[32467613.1125,5909772.7898],[32467612.4949,5909775.7211],[32467611.8573,5909778.6484],[32467611.2014,5909781.572],[32467610.5286,5909784.4921],[32467609.8404,5909787.4091],[32467609.1383,5909790.3233],[32467608.4238,5909793.235],[32467607.6983,5909796.1445],[32467606.9634,5909799.0522],[32467606.2206,5909801.9582],[32467605.4714,5909804.8631],[32467604.7171,5909807.767],[32467603.9594,5909810.6702],[32467603.1997,5909813.5731],[32467602.4396,5909816.476],[32467601.6804,5909819.3793],[32467601.243,5909821.058],[32467574.5348,5909936.2654],[32467568.9063,5909974.7629],[32467567.1822,5910023.8203],[32467567.2275,5910025.9047],[32467567.0063,5910028.8243],[32467566.3283,5910031.6574],[32467564.9996,5910034.4993],[32467563.195,5910037.1417],[32467561.1405,5910039.3267],[32467558.6521,5910040.5815],[32467555.3418,5910039.9102],[32467553.4236,5910037.8093],[32467551.7964,5910035.3896],[32467550.2811,5910032.7843],[32467548.8796,5910030.046],[32467547.5936,5910027.2275],[32467546.4248,5910024.3814],[32467545.373,5910021.558],[32467544.3874,5910018.7373],[32467543.4419,5910015.8999],[32467542.5323,5910013.0475],[32467541.6543,5910010.1821],[32467540.8037,5910007.3055],[32467539.9764,5910004.4198],[32467539.168,5910001.5268],[32467538.3744,5909998.6283],[32467537.5913,5909995.7264],[32467536.8145,5909992.8229],[32467536.0399,5909989.9197],[32467535.2631,5909987.0187],[32467534.4799,5909984.1218],[32467533.6955,5909981.2272],[32467532.9344,5909978.3248],[32467532.1944,5909975.4154],[32467531.471,5909972.5005],[32467530.76,5909969.5816],[32467530.0572,5909966.6602],[32467529.3582,5909963.7378],[32467528.6586,5909960.816],[32467527.9543,5909957.8963],[32467527.2409,5909954.9802],[32467526.5141,5909952.0693],[32467525.8339,5909949.4157],[32467523.3869,5909940.5069],[32467517.915,5909926.5019],[32467510.2855,5909917.272],[32467501.2426,5909915.0705],[32467498.2525,5909919.36],[32467496.8575,5909928.7855],[32467499.4541,5909958.6857],[32467505.4577,5909984.9875],[32467512.3257,5910004.8445],[32467515.7726,5910012.3167],[32467516.1091,5910012.9981],[32467517.4773,5910015.6749],[32467518.8625,5910018.3455],[32467520.2428,5910021.0185],[32467521.5963,5910023.7024],[32467522.9012,5910026.4058],[32467524.1355,5910029.1373],[32467525.2773,5910031.9054],[32467526.3494,5910034.7013],[32467527.3934,5910037.5084],[32467528.412,5910040.3257],[32467529.4084,5910043.152],[32467530.3853,5910045.986],[32467530.9975,5910047.7969],[32467548.2536,5910097.057],[32467549.1871,5910099.8918],[32467549.9755,5910102.7487],[32467550.5801,5910105.6346],[32467550.9154,5910108.583],[32467550.9852,5910111.5873],[32467550.836,5910114.6199],[32467550.5143,5910117.6531],[32467550.0668,5910120.6593],[32467549.54,5910123.6129],[32467548.9727,5910126.5489],[32467548.3686,5910129.4862],[32467547.7245,5910132.4211],[32467547.0375,5910135.3502],[32467546.3043,5910138.2701],[32467545.5221,5910141.1771],[32467544.6876,5910144.0678],[32467543.7977,5910146.9388],[32467542.8495,5910149.7864],[32467541.8399,5910152.6072],[32467540.7735,5910155.4028],[32467539.672,5910158.1856],[32467538.5398,5910160.9576],[32467537.3801,5910163.7199],[32467536.1962,5910166.4736],[32467534.9913,5910169.22],[32467533.7686,5910171.9602],[32467532.5315,5910174.6953],[32467531.2832,5910177.4265],[32467530.0269,5910180.1549],[32467528.7659,5910182.8818],[32467527.5034,5910185.6083],[32467526.2427,5910188.3354],[32467525.4174,5910190.1292],[32467514.4492,5910215.9023],[32467506.096,5910241.6456],[32467501.3727,5910262.0704],[32467503.2952,5910270.7326],[32467509.0424,5910273.2963],[32467527.884,5910242.9745],[32467543.2061,5910213.6226],[32467543.275,5910213.4716],[32467544.5713,5910210.7616],[32467545.932,5910208.1328],[32467547.386,5910205.6152],[32467549.7622,5910203.4979],[32467552.2413,5910204.2074],[32467552.7711,5910206.804],[32467553.0387,5910209.7849],[32467553.1085,5910212.9783],[32467553.0448,5910216.2122],[32467552.9119,5910219.315],[32467552.7666,5910222.3073],[32467552.6207,5910225.3023],[32467552.472,5910228.2994],[32467552.3184,5910231.2981],[32467552.1578,5910234.2976],[32467551.9879,5910237.2974],[32467551.8067,5910240.2969],[32467551.6119,5910243.2953],[32467551.4014,5910246.2923],[32467551.173,5910249.287],[32467550.9246,5910252.2789],[32467550.654,5910255.2675],[32467550.359,5910258.252],[32467550.0376,5910261.2318],[32467549.6874,5910264.2065],[32467549.3064,5910267.1752],[32467548.8924,5910270.1375],[32467548.423,5910273.09],[32467547.8764,5910276.0301],[32467547.2631,5910278.9593],[32467546.5941,5910281.8797],[32467545.8801,5910284.7929],[32467545.132,5910287.7007],[32467544.3607,5910290.6051],[32467543.577,5910293.5076],[32467542.7917,5910296.4103],[32467542.0158,5910299.3148],[32467541.2599,5910302.223],[32467540.5346,5910305.1365],[32467533.0996,5910337.3125],[32467529.2082,5910373.071],[32467528.904,5910409.0322],[32467530.6898,5910431.9959],[32467530.7795,5910432.9606],[32467531.0607,5910435.9513],[32467531.3418,5910438.9418],[32467531.6195,5910441.9324],[32467531.8908,5910444.9228],[32467532.1524,5910447.9132],[32467532.4011,5910450.9035],[32467532.6343,5910453.8938],[32467532.8897,5910456.885],[32467533.183,5910459.8773],[32467533.4987,5910462.8701],[32467533.8216,5910465.8628],[32467534.1363,5910468.8548],[32467534.4273,5910471.8454],[32467534.6794,5910474.8342],[32467534.8771,5910477.8205],[32467535.0052,5910480.8036],[32467535.0481,5910483.7832],[32467534.9521,5910486.8067],[32467534.6534,5910489.8596],[32467534.1126,5910492.864],[32467533.2905,5910495.7419],[32467532.1046,5910498.4035],[32467530.2215,5910500.735],[32467527.9719,5910502.8969],[32467527.4848,5910503.4023],[32467524.3256,5910507.5707],[32467523.1276,5910513.7117],[32467527.0331,5910521.3572],[32467539.0942,5910527.1985],[32467540.8316,5910527.7939],[32467543.2859,5910529.2285],[32467545.0571,5910531.5763],[32467546.1083,5910534.5721],[32467546.5368,5910537.5828],[32467546.7799,5910540.5485],[32467546.9551,5910543.5273],[32467547.0759,5910546.5172],[32467547.1554,5910549.5159],[32467547.2071,5910552.5213],[32467547.2441,5910555.531],[32467547.2715,5910557.84],[32467548.2064,5910576.5396],[32467551.46,5910600.4292],[32467551.9039,5910603.2637],[32467552.3733,5910606.2276],[32467552.8453,5910609.1913],[32467553.3175,5910612.1551],[32467553.7874,5910615.1193],[32467554.2525,5910618.084],[32467554.7104,5910621.0495],[32467555.1585,5910624.0161],[32467555.5944,5910626.984],[32467556.0157,5910629.9534],[32467556.4256,5910632.9242],[32467556.8434,5910635.8951],[32467557.2672,5910638.866],[32467557.693,5910641.8373],[32467558.1166,5910644.8091],[32467558.534,5910647.7816],[32467558.941,5910650.7552],[32467559.3336,5910653.7299],[32467559.7076,5910656.7061],[32467560.0588,5910659.684],[32467560.3833,5910662.6637],[32467560.6769,5910665.6456],[32467560.9355,5910668.6298],[32467561.1554,5910671.6166],[32467561.3379,5910674.6068],[32467561.4865,5910677.5998],[32467561.6046,5910680.5954],[32467561.6957,5910683.593],[32467561.7632,5910686.5924],[32467561.8104,5910689.593],[32467561.8408,5910692.5944],[32467561.8579,5910695.5963],[32467561.865,5910698.5981],[32467561.8656,5910701.5996],[32467561.8631,5910704.6002],[32467561.8609,5910707.5995],[32467561.8582,5910710.5978],[32467561.8471,5910713.5963],[32467561.8274,5910716.595],[32467561.7992,5910719.5938],[32467561.7626,5910722.5926],[32467561.7179,5910725.5914],[32467561.6652,5910728.5902],[32467561.6046,5910731.5889],[32467561.5363,5910734.5874],[32467561.4603,5910737.5857],[32467561.3769,5910740.5838],[32467561.2862,5910743.5815],[32467561.1883,5910746.5788],[32467561.0834,5910749.5756],[32467560.9718,5910752.5721],[32467560.8541,5910755.5683],[32467560.7309,5910758.5644],[32467560.6026,5910761.5603],[32467560.4697,5910764.556],[32467560.3326,5910767.5515],[32467560.1917,5910770.547],[32467560.0476,5910773.5423],[32467559.9005,5910776.5375],[32467559.7511,5910779.5327],[32467559.5998,5910782.5278],[32467559.4469,5910785.5228],[32467559.2931,5910788.5179],[32467559.1386,5910791.5129],[32467558.9839,5910794.5079],[32467558.8605,5910796.9007],[32467557.7347,5910820.538],[32467557.7073,5910821.4784],[32467557.681,5910824.5028],[32467557.6701,5910827.5301],[32467557.6287,5910830.5479],[32467557.511,5910833.5435],[32467557.2711,5910836.5043],[32467556.8348,5910839.4339],[32467555.6309,5910842.3679],[32467553.5521,5910844.46],[32467550.9489,5910845.7429],[32467548.1006,5910846.7645],[32467545.1182,5910847.5633],[32467542.1129,5910848.1781],[32467539.1551,5910848.5672],[32467536.1295,5910848.4856],[32467535.2256,5910848.4129],[32467530.0882,5910848.2111],[32467521.5234,5910851.3225],[32467518.3147,5910856.1352],[32467515.7132,5910865.0032],[32467515.8133,5910870.9852],[32467517.912,5910876.7089],[32467522.6974,5910881.855],[32467524.1553,5910883.0939],[32467526.4209,5910885.1463],[32467528.4066,5910887.401],[32467530.3757,5910889.757],[32467532.3,5910892.1815],[32467534.0155,5910894.6955],[32467535.3576,5910897.3199],[32467536.191,5910900.0807],[32467536.6305,5910903.0044],[32467536.7598,5910906.0381],[32467536.6346,5910909.118],[32467536.3106,5910912.1803],[32467535.8434,5910915.1613],[32467535.2516,5910918.0759],[32467534.5391,5910920.9732],[32467533.7312,5910923.8569],[32467532.8536,5910926.7306],[32467531.9315,5910929.5981],[32467530.9906,5910932.4631],[32467530.0563,5910935.3292],[32467529.1542,5910938.2],[32467528.3016,5910941.0783],[32467527.4069,5910943.9512],[32467526.6757,5910946.2103],[32467524.7359,5910952.5741],[32467523.1337,5910964.5374],[32467524.3689,5910970.2925],[32467529.0298,5910973.9209],[32467535.1574,5910973.4878],[32467541.5493,5910970.3792],[32467543.1676,5910969.4457],[32467545.8149,5910967.9614],[32467548.5246,5910966.6607],[32467551.3293,5910965.6229],[32467554.1971,5910964.6481],[32467557.1092,5910963.7593],[32467560.0506,5910963.0131],[32467563.0066,5910962.4662],[32467565.9625,5910962.175],[32467568.9157,5910962.1561],[32467571.8866,5910962.3202],[32467574.8694,5910962.6344],[32467577.8566,5910963.0696],[32467580.8409,5910963.5971],[32467583.815,5910964.1879],[32467586.7714,5910964.813],[32467589.7041,5910965.4435],[32467592.7949,5910966.0567],[32467595.9333,5910966.8025],[32467598.7666,5910967.896],[32467600.9425,5910969.5526],[32467602.3477,5910971.9327],[32467603.2079,5910974.8549],[32467603.7142,5910978.0301],[32467604.0576,5910981.1692],[32467604.3841,5910984.1456],[32467604.6947,5910987.1239],[32467604.9872,5910990.1078],[32467605.2597,5910993.0967],[32467605.5108,5910996.0895],[32467605.7386,5910999.0855],[32467605.9417,5911002.0839],[32467606.1184,5911005.0837],[32467606.2669,5911008.0843],[32467606.3858,5911011.0848],[32467606.4732,5911014.0842],[32467606.5277,5911017.0819],[32467606.5475,5911020.0769],[32467606.553,5911023.0825],[32467606.5648,5911026.1116],[32467606.5744,5911029.1578],[32467606.573,5911032.2147],[32467606.552,5911035.2759],[32467606.5026,5911038.335],[32467606.4162,5911041.3857],[32467606.284,5911044.4215],[32467606.0974,5911047.436],[32467605.8476,5911050.4228],[32467605.5259,5911053.3756],[32467605.1237,5911056.2879],[32467604.6323,5911059.1534],[32467604.0366,5911061.9647],[32467602.7537,5911064.6084],[32467600.6574,5911066.9567],[32467598.1041,5911068.9349],[32467595.4503,5911070.4687],[32467592.7414,5911071.3671],[32467589.7531,5911071.6571],[32467586.6434,5911071.7229],[32467583.5743,5911071.9512],[32467571.9217,5911075.7405],[32467569.7069,5911077.3865],[32467568.2428,5911083.3925],[32467572.6604,5911091.0476],[32467598.0691,5911097.4589],[32467599.011,5911097.6193],[32467601.8252,5911098.4066],[32467604.3782,5911099.6978],[32467606.5897,5911101.8605],[32467608.2717,5911104.544],[32467609.2415,5911107.3145],[32467609.6451,5911110.2749],[32467609.6196,5911113.37],[32467609.2446,5911116.4235],[32467608.4902,5911119.2781],[32467607.0947,5911121.9704],[32467605.6653,5911124.3841],[32467604.3272,5911127.3602],[32467603.5235,5911139.286],[32467606.1709,5911155.7532],[32467606.5106,5911157.0201],[32467607.303,5911159.9275],[32467608.0534,5911162.8418],[32467608.7071,5911165.7704],[32467609.2341,5911168.7211],[32467609.7363,5911171.6991],[32467610.1855,5911174.6944],[32467610.526,5911177.6952],[32467610.7022,5911180.6898],[32467610.6584,5911183.6666],[32467610.3924,5911186.6259],[32467610.0052,5911189.5873],[32467609.5139,5911192.5476],[32467608.9313,5911195.5025],[32467608.2705,5911198.4475],[32467607.5443,5911201.3785],[32467606.7656,5911204.291],[32467605.9473,5911207.1808],[32467605.1018,5911210.0539],[32467604.2304,5911212.9304],[32467603.3262,5911215.8043],[32467602.3822,5911218.6687],[32467601.3917,5911221.5167],[32467600.3475,5911224.3413],[32467599.2428,5911227.1355],[32467598.0705,5911229.8923],[32467596.8239,5911232.6048],[32467595.492,5911235.2691],[32467594.0318,5911237.907],[32467592.4433,5911240.5059],[32467590.7399,5911243.043],[32467588.9346,5911245.4952],[32467587.0407,5911247.8394],[32467585.0713,5911250.0528],[32467582.9658,5911252.0527],[32467580.1632,5911253.2713],[32467577.0767,5911253.7674],[32467574.1065,5911253.8277],[32467571.0735,5911253.6213],[32467568.0691,5911253.0991],[32467565.197,5911252.2077],[32467562.44,5911251.078],[32467559.6981,5911249.9009],[32467556.9692,5911248.6827],[32467554.2512,5911247.4293],[32467551.5422,5911246.1468],[32467550.7458,5911245.762],[32467502.2118,5911224.1142],[32467493.0888,5911223.3325],[32467489.0549,5911227.3442],[32467487.7334,5911236.3597],[32467496.7714,5911248.3125],[32467505.7361,5911256.2983],[32467526.6343,5911268.1758],[32467546.7906,5911275.0569],[32467549.4457,5911275.862],[32467552.331,5911276.7442],[32467555.2056,5911277.6421],[32467558.064,5911278.5658],[32467560.901,5911279.5251],[32467563.7109,5911280.5301],[32467566.4883,5911281.5907],[32467569.2279,5911282.7168],[32467571.8742,5911284.1034],[32467574.2346,5911286.1217],[32467576.1926,5911288.5238],[32467577.6213,5911291.0592],[32467578.2211,5911293.982],[32467578.2146,5911297.11],[32467577.9789,5911300.116],[32467577.6425,5911303.1392],[32467577.1213,5911306.1397],[32467576.3247,5911309.0311],[32467575.1759,5911311.7486],[32467573.7483,5911314.4071],[32467572.0846,5911316.9762],[32467570.2034,5911319.3784],[32467568.123,5911321.536],[32467565.8678,5911323.459],[32467563.4718,5911325.308],[32467560.957,5911327.0515],[32467558.3441,5911328.648],[32467555.6544,5911330.056],[32467552.9087,5911331.234],[32467550.1191,5911332.1361],[32467547.2344,5911332.7248],[32467544.2656,5911333.0616],[32467541.241,5911333.2221],[32467538.1886,5911333.2828],[32467526.3472,5911333.7138],[32467526.1177,5911333.7266],[32467523.1159,5911333.8947],[32467520.1128,5911334.0529],[32467517.1099,5911334.1908],[32467514.1082,5911334.2978],[32467511.109,5911334.3634],[32467508.1136,5911334.3774],[32467505.1232,5911334.3291],[32467502.1391,5911334.2062],[32467499.1663,5911333.9016],[32467496.2044,5911333.4126],[32467493.2499,5911332.815],[32467490.2991,5911332.1849],[32467488.2676,5911331.7811],[32467481.33,5911330.8735],[32467478.245,5911331.2975],[32467474.6273,5911335.9528],[32467475.6459,5911347.9469],[32467480.9203,5911355.1565],[32467488.0059,5911360.9809],[32467499.0655,5911365.105],[32467522.7424,5911368.9095],[32467523.1477,5911368.9493],[32467526.1386,5911369.3428],[32467529.0215,5911369.9185],[32467531.7505,5911370.7645],[32467534.1044,5911372.5128],[32467535.8395,5911375.2143],[32467536.9072,5911378.0307],[32467537.3472,5911381.0579],[32467537.0717,5911384.1448],[32467536.0831,5911386.9529],[32467534.982,5911389.7201],[32467533.8519,5911392.493],[32467532.6912,5911395.267],[32467531.4984,5911398.0374],[32467530.2721,5911400.7996],[32467529.0109,5911403.5488],[32467527.7131,5911406.2804],[32467526.3774,5911408.9897],[32467525.0023,5911411.672],[32467523.5863,5911414.3227],[32467522.128,5911416.937],[32467520.6258,5911419.5104],[32467519.066,5911422.0366],[32467517.3125,5911424.4864],[32467515.3526,5911426.8264],[32467513.2176,5911429.0266],[32467510.939,5911431.0569],[32467508.5484,5911432.8873],[32467506.074,5911434.489],[32467503.4631,5911435.8783],[32467500.7126,5911437.0841],[32467497.859,5911438.1246],[32467494.9385,5911439.0177],[32467491.9875,5911439.7817],[32467489.0423,5911440.4347],[32467486.116,5911440.9737],[32467483.1486,5911441.3414],[32467480.1474,5911441.5562],[32467477.1274,5911441.6444],[32467474.1038,5911441.6322],[32467471.0919,5911441.5461],[32467468.0954,5911441.4199],[32467465.0351,5911441.3117],[32467461.9495,5911441.1397],[32467458.9095,5911440.7947],[32467455.9858,5911440.1673],[32467453.2491,5911439.1483],[32467450.6815,5911437.7641],[32467448.1828,5911436.1831],[32467445.7471,5911434.4387],[32467443.3697,5911432.5631],[32467441.0456,5911430.5882],[32467438.7702,5911428.5463],[32467436.5384,5911426.4694],[32467434.3455,5911424.3896],[32467432.2126,5911422.296],[32467430.2171,5911420.0623],[32467428.3208,5911417.7242],[32467427.1245,5911416.1764],[32467413.6745,5911402.6092],[32467405.03,5911400.7666],[32467402.2999,5911401.8729],[32467398.7396,5911406.8289],[32467399.7932,5911427.8705],[32467410.6891,5911435.5987],[32467411.9255,5911436.2478],[32467414.6209,5911437.7957],[32467417.1049,5911439.5165],[32467419.5,5911441.3179],[32467421.8778,5911443.1455],[32467424.2387,5911444.9974],[32467426.583,5911446.8719],[32467428.9109,5911448.7671],[32467431.2229,5911450.6812],[32467433.5191,5911452.6125],[32467435.7998,5911454.5592],[32467438.0602,5911456.5269],[32467440.1805,5911458.6842],[32467442.2013,5911460.9664],[32467444.0883,5911463.0234],[32467446.4297,5911465.1837],[32467451.8109,5911467.8085],[32467457.7821,5911468.2047],[32467484.3067,5911464.3318],[32467484.5748,5911464.2896],[32467487.553,5911463.8206],[32467490.5306,5911463.3657],[32467493.5071,5911462.9388],[32467496.4818,5911462.5541],[32467499.4542,5911462.2259],[32467502.4236,5911461.968],[32467505.3894,5911461.7948],[32467508.4079,5911461.8306],[32467511.4807,5911462.2553],[32467514.4442,5911463.0481],[32467517.1329,5911464.1851],[32467519.3376,5911466.1625],[32467520.8833,5911468.9198],[32467521.7363,5911471.8189],[32467521.7749,5911474.9674],[32467520.5406,5911477.5975],[32467518.9733,5911480.1157],[32467517.2902,5911482.631],[32467515.4892,5911485.103],[32467513.5683,5911487.4913],[32467511.5254,5911489.7553],[32467509.3586,5911491.8547],[32467507.0668,5911493.7519],[32467504.7049,5911495.5545],[32467502.3052,5911497.333],[32467499.8697,5911499.0843],[32467497.4002,5911500.8054],[32467494.8984,5911502.4933],[32467492.3663,5911504.1449],[32467489.8057,5911505.7573],[32467487.2184,5911507.3274],[32467484.6062,5911508.8522],[32467481.9711,5911510.3287],[32467479.3147,5911511.7539],[32467476.639,5911513.1247],[32467473.9459,5911514.4381],[32467471.237,5911515.6911],[32467468.5091,5911516.8744],[32467465.7413,5911517.9623],[32467462.9356,5911518.9625],[32467460.0967,5911519.8863],[32467457.2297,5911520.7454],[32467454.3393,5911521.5514],[32467451.4305,5911522.3157],[32467448.5083,5911523.0499],[32467446.9608,5911523.4277],[32467410.7324,5911533.5542],[32467398.3628,5911541.7129],[32467390.61,5911548.1313],[32467389.1284,5911549.4106],[32467386.8543,5911551.398],[32467384.5838,5911553.3927],[32467382.3118,5911555.3861],[32467380.0332,5911557.3692],[32467377.7429,5911559.3333],[32467375.4358,5911561.2694],[32467373.1068,5911563.1687],[32467370.7509,5911565.0224],[32467368.3628,5911566.8216],[32467365.9376,5911568.5574],[32467363.4514,5911570.2125],[32467360.8611,5911571.7556],[32467358.1806,5911573.177],[32467355.4268,5911574.4682],[32467352.6165,5911575.6207],[32467349.7665,5911576.6259],[32467346.8938,5911577.4753],[32467344.0116,5911578.1623]]],[[[32474983.9032,5916667.0414],[32466982.4521,5916713.8713],[32466993.606,5916696.3103],[32466996.1374,5916684.5506],[32466993.8187,5916666.7751],[32466984.0503,5916645.9919],[32466983.5121,5916645.0649],[32466981.9274,5916642.4717],[32466980.4625,5916639.8448],[32466979.3007,5916637.1227],[32466978.5409,5916634.2703],[32466978.0298,5916631.3354],[32466977.6951,5916628.3452],[32466977.4716,5916625.3246],[32466977.2943,5916622.2985],[32466977.0981,5916619.2917],[32466976.8619,5916616.3011],[32466976.6223,5916613.3068],[32466976.3993,5916610.3099],[32466976.213,5916607.3116],[32466976.0837,5916604.3133],[32466976.0313,5916601.316],[32466976.076,5916598.3211],[32466976.2067,5916595.3285],[32466976.3511,5916592.3361],[32466976.505,5916589.3437],[32466976.6678,5916586.3513],[32466976.8391,5916583.3589],[32466977.0183,5916580.3666],[32466977.2049,5916577.3743],[32466977.3985,5916574.3821],[32466977.5986,5916571.3899],[32466977.8047,5916568.3978],[32466978.0164,5916565.4059],[32466978.233,5916562.414],[32466978.4543,5916559.4222],[32466978.6795,5916556.4305],[32466978.9084,5916553.439],[32466979.1404,5916550.4477],[32466979.375,5916547.4564],[32466979.6117,5916544.4654],[32466979.85,5916541.4745],[32466980.0895,5916538.4838],[32466980.3297,5916535.4933],[32466980.5701,5916532.503],[32466980.8102,5916529.513],[32466981.0495,5916526.5231],[32466981.2875,5916523.5335],[32466981.5257,5916520.5442],[32466981.7709,5916517.5552],[32466982.0233,5916514.5665],[32466982.2823,5916511.578],[32466982.5473,5916508.5899],[32466982.8178,5916505.602],[32466983.093,5916502.6143],[32466983.3725,5916499.6268],[32466983.6557,5916496.6395],[32466983.9419,5916493.6524],[32466984.2306,5916490.6654],[32466984.5211,5916487.6785],[32466984.8129,5916484.6917],[32466984.9563,5916483.2274],[32466990.9824,5916400.9893],[32466989.0341,5916356.0267],[32466983.212,5916309.5722],[32466983.052,5916308.4197],[32466982.6435,5916305.4465],[32466982.2405,5916302.4727],[32466981.8446,5916299.4983],[32466981.4575,5916296.5232],[32466981.0809,5916293.5471],[32466980.7162,5916290.57],[32466980.3651,5916287.5917],[32466980.0292,5916284.6121],[32466979.7101,5916281.6311],[32466979.4095,5916278.6485],[32466979.1206,5916275.6642],[32466978.8351,5916272.6783],[32466978.554,5916269.6908],[32466978.2783,5916266.702],[32466978.0091,5916263.7119],[32466977.7475,5916260.7206],[32466977.4945,5916257.7283],[32466977.2511,5916254.7351],[32466977.0183,5916251.7412],[32466976.7973,5916248.7466],[32466976.5891,5916245.7516],[32466976.3946,5916242.7561],[32466976.2151,5916239.7605],[32466976.0514,5916236.7647],[32466975.9047,5916233.7689],[32466975.776,5916230.7733],[32466975.6663,5916227.778],[32466975.5767,5916224.783],[32466975.5082,5916221.7886],[32466975.462,5916218.7948],[32466975.4389,5916215.8017],[32466975.44,5916212.8066],[32466975.4652,5916209.809],[32466975.5145,5916206.8093],[32466975.5878,5916203.8082],[32466975.685,5916200.8061],[32466975.806,5916197.8038],[32466975.9507,5916194.8017],[32466976.1191,5916191.8005],[32466976.311,5916188.8006],[32466976.5263,5916185.8027],[32466976.7651,5916182.8073],[32466977.0271,5916179.815],[32466977.3123,5916176.8264],[32466977.6207,5916173.842],[32466977.952,5916170.8624],[32466978.3063,5916167.8882],[32466978.6834,5916164.92],[32466979.0882,5916161.9554],[32466979.529,5916158.9909],[32466980.0063,5916156.0278],[32466980.5203,5916153.0676],[32466981.0714,5916150.1117],[32466981.6599,5916147.1614],[32466982.2862,5916144.2183],[32466982.9506,5916141.2836],[32466983.6534,5916138.3589],[32466984.3948,5916135.4456],[32466985.1754,5916132.545],[32466985.9953,5916129.6586],[32466986.8549,5916126.7878],[32466987.7544,5916123.934],[32466988.6824,5916121.0898],[32466989.6315,5916118.2503],[32466990.6007,5916115.4157],[32466991.5893,5916112.5859],[32466992.5964,5916109.7609],[32466993.6214,5916106.9408],[32466994.6634,5916104.1256],[32466995.7215,5916101.3153],[32466996.7951,5916098.51],[32466997.8833,5916095.7096],[32466998.9853,5916092.9143],[32467000.1003,5916090.124],[32467001.2276,5916087.3388],[32467002.3663,5916084.5586],[32467003.5156,5916081.7836],[32467004.6748,5916079.0137],[32467005.8431,5916076.249],[32467007.0196,5916073.4895],[32467008.2036,5916070.7353],[32467009.3942,5916067.9863],[32467010.5908,5916065.2426],[32467011.8362,5916062.521],[32467013.1836,5916059.8432],[32467014.6198,5916057.2061],[32467016.1313,5916054.6062],[32467017.7043,5916052.0402],[32467019.3251,5916049.5047],[32467020.9801,5916046.9964],[32467022.6555,5916044.5113],[32467024.3371,5916042.0214],[32467026.0287,5916039.5227],[32467027.7406,5916037.0298],[32467029.4827,5916034.5574],[32467031.2652,5916032.1199],[32467033.0982,5916029.732],[32467034.9917,5916027.4083],[32467036.9558,5916025.1633],[32467039.0008,5916023.0117],[32467041.1558,5916020.9757],[32467043.4596,5916019.0752],[32467045.888,5916017.2978],[32467048.4138,5916015.6301],[32467051.0101,5916014.0586],[32467053.6498,5916012.5698],[32467056.3059,5916011.1504],[32467058.9708,5916009.8058],[32467061.6978,5916008.5882],[32467064.4777,5916007.4724],[32467067.2933,5916006.4253],[32467069.8429,5916005.5154],[32467084.1711,5915999.8611],[32467088.6884,5915996.0351],[32467089.6543,5915993.2024],[32467089.1746,5915990.0164],[32467087.1123,5915988.1856],[32467084.3176,5915987.2286],[32467081.2781,5915986.4843],[32467078.3513,5915985.5463],[32467075.5567,5915984.4171],[32467072.7267,5915983.3099],[32467069.9,5915982.1816],[32467067.1153,5915980.9889],[32467064.4112,5915979.6887],[32467061.8263,5915978.2377],[32467059.3999,5915976.5875],[32467057.1752,5915974.6091],[32467055.1516,5915972.3386],[32467053.316,5915969.8785],[32467051.6555,5915967.3314],[32467050.2037,5915964.7541],[32467049.3076,5915961.8768],[32467048.851,5915958.8489],[32467048.62,5915955.8679],[32467048.5349,5915952.8754],[32467048.5553,5915949.8701],[32467048.639,5915946.8609],[32467048.744,5915943.8565],[32467048.8432,5915940.8594],[32467048.9444,5915937.8625],[32467049.0477,5915934.8656],[32467049.153,5915931.8688],[32467049.2601,5915928.8721],[32467049.369,5915925.8753],[32467049.4795,5915922.8786],[32467049.5914,5915919.882],[32467049.7046,5915916.8854],[32467049.819,5915913.8887],[32467049.9345,5915910.8922],[32467050.0508,5915907.8956],[32467050.1679,5915904.899],[32467050.2857,5915901.9025],[32467050.3904,5915899.2494],[32467060.4838,5915576.4456],[32467060.5031,5915575.1199],[32467060.5723,5915572.1225],[32467060.6717,5915569.1294],[32467060.806,5915566.141],[32467060.98,5915563.1581],[32467061.1986,5915560.1813],[32467061.4664,5915557.2111],[32467061.8049,5915554.2508],[32467062.2901,5915551.3115],[32467062.9089,5915548.3912],[32467063.6356,5915545.4863],[32467064.2275,5915543.3691],[32467072.8221,5915510.6346],[32467071.0746,5915489.7058],[32467069.4335,5915481.652],[32467069.2252,5915480.8619],[32467068.4203,5915477.9364],[32467067.6904,5915475.0108],[32467067.1421,5915472.0784],[32467066.8823,5915469.1321],[32467066.8852,5915466.1646],[32467067.0033,5915463.1773],[32467067.2297,5915460.1785],[32467067.5589,5915457.1769],[32467067.9853,5915454.1808],[32467068.5033,5915451.1987],[32467069.1073,5915448.2392],[32467069.7916,5915445.3106],[32467070.5483,5915442.4175],[32467071.3574,5915439.5403],[32467072.2108,5915436.6738],[32467073.1029,5915433.8165],[32467074.0282,5915430.9672],[32467074.9813,5915428.1243],[32467075.9564,5915425.2865],[32467076.9483,5915422.4525],[32467077.9513,5915419.6208],[32467078.9598,5915416.79],[32467079.9685,5915413.9588],[32467080.9717,5915411.1257],[32467081.964,5915408.2895],[32467082.0663,5915407.9917],[32467086.5677,5915394.0114],[32467090.4392,5915378.6432],[32467090.9159,5915376.5162],[32467091.5616,5915373.5742],[32467092.2005,5915370.6306],[32467092.8387,5915367.6876],[32467093.4819,5915364.7474],[32467094.1361,5915361.8121],[32467094.8073,5915358.884],[32467095.5013,5915355.9652],[32467096.2241,5915353.0579],[32467096.9817,5915350.1643],[32467097.7799,5915347.2866],[32467098.6246,5915344.427],[32467099.5219,5915341.5877],[32467100.4837,5915338.7717],[32467101.5902,5915335.993],[32467102.8503,5915333.2593],[32467104.2457,5915330.5747],[32467105.7578,5915327.9436],[32467107.3683,5915325.3702],[32467109.0586,5915322.8586],[32467110.8104,5915320.4132],[32467112.6052,5915318.0381],[32467114.5411,5915315.7898],[32467116.7079,5915313.7133],[32467119.0427,5915311.7809],[32467121.4826,5915309.9647],[32467123.9643,5915308.2368],[32467126.4566,5915306.5758],[32467129.0923,5915305.0485],[32467131.8538,5915303.7742],[32467134.6922,5915302.8721],[32467137.6101,5915302.3926],[32467140.6289,5915302.2439],[32467143.6752,5915302.3756],[32467146.6738,5915302.7389],[32467149.6127,5915303.2517],[32467152.5491,5915303.8458],[32467155.4781,5915304.5179],[32467158.3943,5915305.2649],[32467161.2925,5915306.084],[32467164.1673,5915306.9722],[32467167.0133,5915307.9264],[32467169.837,5915308.9265],[32467170.2514,5915309.0759],[32467172.6554,5915309.9426],[32467175.4693,5915310.973],[32467178.2791,5915312.0163],[32467181.0851,5915313.0712],[32467183.8878,5915314.1365],[32467186.6876,5915315.2108],[32467189.4849,5915316.2928],[32467192.2803,5915317.3812],[32467195.0739,5915318.4747],[32467197.8664,5915319.572],[32467200.6581,5915320.6718],[32467203.4495,5915321.7727],[32467204.55,5915322.2067],[32467231.4613,5915332.5021],[32467240.229,5915333.5203],[32467266.9935,5915314.173],[32467284.3973,5915297.5186],[32467293.0598,5915281.9515],[32467298.4122,5915261.5377],[32467298.3187,5915246.5217],[32467293.2403,5915235.6581],[32467285.0129,5915232.624],[32467266.7553,5915232.3678],[32467261.4075,5915234.7205],[32467254.4184,5915240.6458],[32467239.2435,5915263.6814],[32467237.9299,5915265.7651],[32467236.2864,5915268.2771],[32467234.5932,5915270.7406],[32467232.8379,5915273.1436],[32467231.0028,5915275.471],[32467228.869,5915277.5725],[32467226.4151,5915279.3852],[32467223.7666,5915280.9301],[32467221.0495,5915282.2283],[32467218.2714,5915283.2872],[32467215.3494,5915284.0938],[32467212.3519,5915284.6463],[32467209.3486,5915284.9429],[32467206.38,5915284.9852],[32467203.3874,5915284.7988],[32467200.3878,5915284.4168],[32467197.4076,5915283.872],[32467194.4731,5915283.1973],[32467191.5707,5915282.4426],[32467188.6409,5915281.6387],[32467185.7314,5915280.7351],[32467182.8942,5915279.6781],[32467180.1817,5915278.4141],[32467177.6451,5915276.8907],[32467175.2347,5915275.1739],[32467172.8903,5915273.3416],[32467170.602,5915271.4136],[32467170.2508,5915271.0998],[32467168.3596,5915269.4095],[32467166.1532,5915267.3487],[32467165.1803,5915266.4128],[32467150.1575,5915252.2525],[32467148.5418,5915250.8235],[32467146.2725,5915248.8125],[32467144.0179,5915246.7885],[32467141.792,5915244.7417],[32467139.6088,5915242.6624],[32467137.4824,5915240.5409],[32467135.4267,5915238.3675],[32467133.4559,5915236.1324],[32467131.5838,5915233.8259],[32467129.8246,5915231.4382],[32467128.1681,5915228.9769],[32467126.5683,5915226.4747],[32467125.0192,5915223.936],[32467123.5162,5915221.364],[32467122.0546,5915218.762],[32467121.4642,5915217.6725],[32467120.6299,5915216.1331],[32467119.2374,5915213.4807],[32467117.8726,5915210.8081],[32467116.5308,5915208.1183],[32467115.2074,5915205.4148],[32467113.8978,5915202.7008],[32467112.5973,5915199.9794],[32467111.3015,5915197.254],[32467110.2591,5915195.0611],[32467101.9711,5915178.3364],[32467076.0337,5915132.9887],[32467075.1537,5915131.4771],[32467073.6467,5915128.8834],[32467072.1429,5915126.2879],[32467070.643,5915123.6905],[32467069.1476,5915121.0906],[32467067.6575,5915118.4879],[32467066.1735,5915115.8821],[32467064.6962,5915113.2726],[32467063.2263,5915110.6592],[32467061.7647,5915108.0415],[32467060.312,5915105.419],[32467058.869,5915102.7914],[32467057.4363,5915100.1583],[32467056.0147,5915097.5193],[32467054.605,5915094.874],[32467053.2078,5915092.2221],[32467051.821,5915089.5646],[32467050.4401,5915086.904],[32467049.0649,5915084.2405],[32467047.6951,5915081.574],[32467046.3305,5915078.9048],[32467044.971,5915076.2329],[32467043.6163,5915073.5585],[32467042.2662,5915070.8816],[32467041.0719,5915068.5039],[32467040.9205,5915068.2024],[32467039.579,5915065.521],[32467038.2415,5915062.8375],[32467036.9078,5915060.1519],[32467035.5777,5915057.4645],[32467034.2509,5915054.7753],[32467032.9273,5915052.0845],[32467031.6066,5915049.392],[32467030.2887,5915046.6982],[32467028.9733,5915044.0029],[32467027.6603,5915041.3065],[32467026.3493,5915038.6089],[32467025.0403,5915035.9103],[32467023.733,5915033.2108],[32467022.4272,5915030.5106],[32467021.1227,5915027.8096],[32467019.8193,5915025.108],[32467018.5167,5915022.406],[32467017.2148,5915019.7037],[32467015.9134,5915017.0011],[32467014.6122,5915014.2983],[32467013.3111,5915011.5956],[32467012.0098,5915008.8929],[32467010.7082,5915006.1904],[32467009.4059,5915003.4882],[32467008.1029,5915000.7865],[32467006.7989,5914998.0852],[32467005.4937,5914995.3846],[32467004.1871,5914992.6847],[32467002.8789,5914989.9857],[32467001.5688,5914987.2877],[32467000.2567,5914984.5907],[32466998.9424,5914981.8949],[32466997.6257,5914979.2004],[32466996.3063,5914976.5073],[32466994.9844,5914973.8152],[32466993.7599,5914971.0169],[32466991.6669,5914968.997],[32466977.2573,5914967.401],[32466976.7212,5914967.3577],[32466973.7379,5914967.0651],[32466970.7849,5914966.6841],[32466968.5498,5914964.9216],[32466968.4643,5914961.8799],[32466969.0912,5914958.918],[32466969.7803,5914956.0029],[32466970.4808,5914953.0894],[32466971.1915,5914950.1774],[32466971.9111,5914947.2666],[32466972.6386,5914944.3569],[32466973.3728,5914941.4482],[32466974.1124,5914938.5402],[32466974.8563,5914935.6327],[32466975.6033,5914932.7256],[32466976.3522,5914929.8187],[32466977.1018,5914926.9118],[32466977.8509,5914924.0047],[32466978.5985,5914921.0974],[32466979.3432,5914918.1894],[32466980.0839,5914915.2808],[32466980.8194,5914912.3713],[32466981.4484,5914909.8605],[32466987.0107,5914886.1167],[32466988.8027,5914871.2093],[32466984.8621,5914811.004],[32466984.6635,5914808.38],[32466984.4448,5914805.3874],[32466984.2351,5914802.3944],[32466984.0359,5914799.4012],[32466983.8486,5914796.4076],[32466983.6744,5914793.4138],[32466983.5148,5914790.4195],[32466983.3706,5914787.4248],[32466983.2405,5914784.4294],[32466983.1233,5914781.4334],[32466983.0177,5914778.4369],[32466982.9224,5914775.4399],[32466982.8362,5914772.4424],[32466982.7577,5914769.4446],[32466982.6857,5914766.4464],[32466982.6189,5914763.448],[32466982.5561,5914760.4495],[32466982.496,5914757.4507],[32466982.4372,5914754.4519],[32466982.3785,5914751.4531],[32466982.3634,5914750.6965],[32466981.5164,5914721.476],[32466979.0843,5914676.2601],[32466978.9223,5914673.5585],[32466978.7417,5914670.5642],[32466978.5603,5914667.57],[32466978.3783,5914664.5757],[32466978.1958,5914661.5815],[32466978.0133,5914658.5873],[32466977.8308,5914655.5932],[32466977.6486,5914652.599],[32466977.4669,5914649.6049],[32466977.286,5914646.6107],[32466977.106,5914643.6165],[32466976.9272,5914640.6223],[32466976.7498,5914637.6281],[32466976.574,5914634.6339],[32466976.4002,5914631.6396],[32466976.2283,5914628.6454],[32466976.0588,5914625.651],[32466975.8919,5914622.6566],[32466975.7277,5914619.6622],[32466975.5664,5914616.6677],[32466975.4084,5914613.6732],[32466975.2538,5914610.6786],[32466975.1029,5914607.6839],[32466974.9558,5914604.6891],[32466974.8128,5914601.6943],[32466974.6742,5914598.6994],[32466974.5401,5914595.7043],[32466974.4107,5914592.7092],[32466974.2864,5914589.714],[32466974.1673,5914586.7187],[32466974.0536,5914583.7232],[32466973.9456,5914580.7277],[32466973.8435,5914577.732],[32466973.7475,5914574.7362],[32466973.6579,5914571.7402],[32466973.5748,5914568.744],[32466973.4991,5914565.7468],[32466973.4308,5914562.7484],[32466973.3703,5914559.7491],[32466973.3175,5914556.7488],[32466973.2727,5914553.7477],[32466973.2359,5914550.7459],[32466973.2074,5914547.7436],[32466973.1871,5914544.7408],[32466973.1753,5914541.7377],[32466973.172,5914538.7344],[32466973.1775,5914535.731],[32466973.1917,5914532.7276],[32466973.215,5914529.7244],[32466973.2473,5914526.7214],[32466973.2889,5914523.7188],[32466973.3398,5914520.7167],[32466973.4001,5914517.7152],[32466973.4701,5914514.7144],[32466973.5498,5914511.7144],[32466973.6394,5914508.7154],[32466973.7389,5914505.7175],[32466973.8486,5914502.7207],[32466973.9686,5914499.7253],[32466974.0989,5914496.7312],[32466974.2397,5914493.7387],[32466974.3911,5914490.7479],[32466974.5534,5914487.7588],[32466974.7265,5914484.7717],[32466974.9106,5914481.7865],[32466975.1411,5914478.8052],[32466975.4575,5914475.8299],[32466975.8513,5914472.8607],[32466976.3135,5914469.8974],[32466976.8355,5914466.94],[32466977.4084,5914463.9884],[32466978.0233,5914461.0424],[32466978.6715,5914458.1021],[32466979.3441,5914455.1673],[32466980.0324,5914452.238],[32466980.7274,5914449.3141],[32466981.4204,5914446.3955],[32466982.1135,5914443.4802],[32466982.8224,5914440.5657],[32466983.5499,5914437.6536],[32466984.2988,5914434.7455],[32466985.0715,5914431.8429],[32466985.8707,5914428.9475],[32466986.699,5914426.0607],[32466987.5591,5914423.1843],[32466988.4534,5914420.3197],[32466989.3847,5914417.4685],[32466990.3556,5914414.6324],[32466991.3685,5914411.8128],[32466992.4139,5914409.0059],[32466993.4779,5914406.2056],[32466994.559,5914403.4113],[32466995.6558,5914400.6226],[32466996.7667,5914397.8389],[32466997.8903,5914395.0597],[32466999.0251,5914392.2844],[32467000.1696,5914389.5126],[32467001.3224,5914386.7436],[32467002.482,5914383.977],[32467003.647,5914381.2122],[32467004.8158,5914378.4486],[32467005.9869,5914375.6859],[32467007.159,5914372.9233],[32467008.3305,5914370.1604],[32467009.5,5914367.3967],[32467010.666,5914364.6316],[32467010.8412,5914364.214],[32467020.7598,5914339.5963],[32467050.3029,5914257.7868],[32467058.3319,5914228.9066],[32467065.3201,5914193.5733],[32467088.0894,5913996.9637],[32467102.2539,5913853.7032],[32467104.7323,5913811.8159],[32467105.0829,5913796.5514],[32467105.1209,5913793.8308],[32467105.1558,5913790.8317],[32467105.1847,5913787.8323],[32467105.2084,5913784.8326],[32467105.2278,5913781.8326],[32467105.244,5913778.8325],[32467105.2577,5913775.8322],[32467105.27,5913772.8318],[32467105.2817,5913769.8313],[32467105.2938,5913766.8308],[32467105.3072,5913763.8303],[32467105.3227,5913760.8299],[32467105.3414,5913757.8295],[32467105.3642,5913754.8294],[32467105.3919,5913751.8294],[32467105.4256,5913748.8296],[32467105.466,5913745.8302],[32467105.5141,5913742.831],[32467105.5709,5913739.8323],[32467105.6373,5913736.8339],[32467105.7142,5913733.836],[32467105.8025,5913730.8386],[32467105.9031,5913727.8417],[32467106.0169,5913724.8454],[32467106.1425,5913721.8497],[32467106.2706,5913718.854],[32467106.4001,5913715.8583],[32467106.5311,5913712.8626],[32467106.6635,5913709.867],[32467106.7972,5913706.8714],[32467106.9324,5913703.8758],[32467107.0689,5913700.8803],[32467107.2068,5913697.8847],[32467107.346,5913694.8892],[32467107.4866,5913691.8938],[32467107.6284,5913688.8983],[32467107.7716,5913685.9029],[32467107.916,5913682.9076],[32467108.0617,5913679.9122],[32467108.2086,5913676.9169],[32467108.3567,5913673.9217],[32467108.5061,5913670.9264],[32467108.6566,5913667.9312],[32467108.8083,5913664.9361],[32467108.9612,5913661.941],[32467109.1152,5913658.9459],[32467109.2703,5913655.9508],[32467109.4266,5913652.9559],[32467109.5839,5913649.9609],[32467109.7424,5913646.966],[32467109.9019,5913643.9712],[32467110.0624,5913640.9763],[32467110.2239,5913637.9816],[32467110.3865,5913634.9869],[32467110.5501,5913631.9922],[32467110.7146,5913628.9976],[32467110.8802,5913626.003],[32467111.0466,5913623.0085],[32467111.214,5913620.014],[32467111.3823,5913617.0196],[32467111.5515,5913614.0253],[32467111.7216,5913611.031],[32467111.8926,5913608.0368],[32467112.0644,5913605.0426],[32467112.237,5913602.0485],[32467112.4105,5913599.0544],[32467112.5848,5913596.0604],[32467112.7598,5913593.0665],[32467112.9356,5913590.0726],[32467113.1122,5913587.0788],[32467113.2895,5913584.0851],[32467113.4675,5913581.0914],[32467113.6463,5913578.0978],[32467113.8257,5913575.1042],[32467114.0058,5913572.1108],[32467114.1865,5913569.1174],[32467114.3679,5913566.124],[32467114.5499,5913563.1308],[32467114.7325,5913560.1376],[32467114.9157,5913557.1445],[32467115.0995,5913554.1514],[32467115.2838,5913551.1585],[32467115.4687,5913548.1656],[32467115.6541,5913545.1728],[32467115.84,5913542.1801],[32467116.0264,5913539.1874],[32467116.2133,5913536.1948],[32467116.4007,5913533.2024],[32467116.5885,5913530.21],[32467116.7805,5913527.2169],[32467116.9842,5913524.2225],[32467117.2025,5913521.2278],[32467117.4384,5913518.2336],[32467117.6949,5913515.2409],[32467117.9749,5913512.2507],[32467118.2813,5913509.2638],[32467118.6172,5913506.2813],[32467118.9854,5913503.3039],[32467119.389,5913500.3327],[32467119.8309,5913497.3686],[32467120.314,5913494.4125],[32467120.838,5913491.4644],[32467121.3861,5913488.5202],[32467121.9544,5913485.579],[32467122.5418,5913482.6406],[32467123.1469,5913479.705],[32467123.7685,5913476.7719],[32467124.4053,5913473.8414],[32467125.0563,5913470.9132],[32467125.72,5913467.9872],[32467126.3952,5913465.0633],[32467127.0808,5913462.1413],[32467127.7754,5913459.2212],[32467128.4779,5913456.3028],[32467129.187,5913453.386],[32467129.9014,5913450.4706],[32467130.6199,5913447.5565],[32467131.3414,5913444.6437],[32467132.0644,5913441.7318],[32467132.7879,5913438.821],[32467133.5114,5913435.9109],[32467134.2377,5913433.0016],[32467134.9672,5913430.0931],[32467135.6997,5913427.1852],[32467136.435,5913424.2781],[32467137.173,5913421.3716],[32467137.9136,5913418.4657],[32467138.6565,5913415.5604],[32467139.4018,5913412.6556],[32467140.1491,5913409.7513],[32467140.8984,5913406.8475],[32467141.6495,5913403.9441],[32467142.4023,5913401.0412],[32467143.1567,5913398.1386],[32467143.9124,5913395.2363],[32467144.6694,5913392.3344],[32467145.4274,5913389.4327],[32467146.1865,5913386.5312],[32467146.9463,5913383.63],[32467147.7068,5913380.7288],[32467148.4678,5913377.8279],[32467149.2292,5913374.927],[32467149.9908,5913372.0262],[32467150.7525,5913369.1253],[32467151.5142,5913366.2245],[32467152.2756,5913363.3237],[32467153.0367,5913360.4227],[32467153.7973,5913357.5216],[32467154.5573,5913354.6204],[32467155.1086,5913352.5136],[32467167.9622,5913302.3336],[32467186.4078,5913223.4354],[32467192.9993,5913182.0574],[32467195.3114,5913128.06],[32467194.0017,5913086.1137],[32467185.3495,5913045.0431],[32467180.7713,5913041.2248],[32467174.9001,5913039.5937],[32467135.8325,5913036.047],[32467133.0136,5913035.8235],[32467130.0151,5913035.5857],[32467127.0174,5913035.3471],[32467124.021,5913035.1066],[32467121.0262,5913034.8633],[32467118.0333,5913034.6163],[32467115.0427,5913034.3645],[32467112.0546,5913034.1072],[32467109.0695,5913033.8432],[32467106.0877,5913033.5716],[32467103.1094,5913033.2916],[32467100.1351,5913033.0021],[32467097.1651,5913032.7021],[32467094.1997,5913032.3908],[32467091.2393,5913032.0672],[32467088.2842,5913031.7304],[32467085.7192,5913030.2849],[32467084.8598,5913027.482],[32467084.8993,5913000.4335],[32467085.9471,5912997.4643],[32467088.8504,5912997.3459],[32467091.8038,5912997.3313],[32467094.7681,5912997.3399],[32467097.7425,5912997.3692],[32467100.7261,5912997.4171],[32467103.7178,5912997.4811],[32467106.7167,5912997.5592],[32467109.722,5912997.6488],[32467112.0771,5912997.7263],[32467163.9179,5912998.5754],[32467169.2381,5912995.2633],[32467167.7452,5912935.4456],[32467163.486,5912892.5483],[32467163.2173,5912890.5813],[32467162.808,5912887.6058],[32467162.3992,5912884.6303],[32467161.994,5912881.6548],[32467161.5954,5912878.679],[32467161.2067,5912875.7027],[32467160.8308,5912872.7258],[32467160.471,5912869.7481],[32467160.1304,5912866.7694],[32467159.8121,5912863.7894],[32467159.5191,5912860.8081],[32467159.2547,5912857.8251],[32467159.0219,5912854.8404],[32467158.8239,5912851.8538],[32467158.6571,5912848.8639],[32467158.5064,5912845.8684],[32467158.3721,5912842.868],[32467158.255,5912839.8636],[32467158.1562,5912836.8558],[32467158.0767,5912833.8456],[32467158.0176,5912830.8337],[32467157.9798,5912827.821],[32467157.9644,5912824.8082],[32467157.9723,5912821.7963],[32467158.0046,5912818.786],[32467158.0622,5912815.7781],[32467158.1462,5912812.7735],[32467158.2576,5912809.773],[32467158.3974,5912806.7773],[32467158.5666,5912803.7874],[32467158.7662,5912800.804],[32467158.9971,5912797.8279],[32467159.2606,5912794.86],[32467159.5666,5912791.9001],[32467159.9992,5912788.9419],[32467160.5708,5912785.9901],[32467161.2712,5912783.0521],[32467162.0907,5912780.1352],[32467163.0191,5912777.2468],[32467164.0466,5912774.3942],[32467165.1633,5912771.5849],[32467166.3591,5912768.8262],[32467167.6236,5912766.124],[32467168.9344,5912763.4433],[32467170.2843,5912760.7694],[32467171.6746,5912758.1061],[32467173.1064,5912755.4572],[32467174.5809,5912752.8266],[32467176.0993,5912750.2181],[32467177.6627,5912747.6356],[32467179.2722,5912745.0829],[32467180.929,5912742.564],[32467182.6342,5912740.0825],[32467184.3891,5912737.6425],[32467186.1947,5912735.2476],[32467188.0523,5912732.9018],[32467189.9493,5912730.5935],[32467191.858,5912728.2922],[32467193.7773,5912725.9971],[32467195.707,5912723.7082],[32467197.6469,5912721.4256],[32467199.5968,5912719.1495],[32467201.5566,5912716.8797],[32467203.526,5912714.6165],[32467205.5049,5912712.3599],[32467207.4931,5912710.11],[32467209.4903,5912707.8668],[32467211.4964,5912705.6304],[32467213.5111,5912703.401],[32467215.5344,5912701.1785],[32467217.566,5912698.963],[32467219.6056,5912696.7547],[32467221.6532,5912694.5535],[32467223.7086,5912692.3596],[32467225.7714,5912690.1731],[32467227.8416,5912687.9939],[32467229.919,5912685.8223],[32467232.0033,5912683.6581],[32467234.0944,5912681.5017],[32467236.1921,5912679.3529],[32467238.2961,5912677.2119],[32467240.4064,5912675.0787],[32467242.5226,5912672.9535],[32467244.6447,5912670.8362],[32467246.7724,5912668.7271],[32467248.9055,5912666.626],[32467251.0439,5912664.5332],[32467253.1927,5912662.4505],[32467255.3679,5912660.3848],[32467257.5707,5912658.3392],[32467259.801,5912656.3165],[32467262.0589,5912654.3193],[32467264.3443,5912652.3506],[32467266.6572,5912650.4129],[32467268.9977,5912648.5092],[32467271.3657,5912646.6421],[32467273.7613,5912644.8144],[32467276.1844,5912643.0289],[32467278.6352,5912641.2883],[32467281.1135,5912639.5955],[32467283.6193,5912637.9531],[32467286.1528,5912636.3639],[32467288.7138,5912634.8307],[32467291.2951,5912633.3342],[32467293.8901,5912631.8562],[32467296.4982,5912630.3962],[32467299.119,5912628.954],[32467301.752,5912627.5291],[32467304.3965,5912626.1212],[32467307.0522,5912624.73],[32467309.7185,5912623.355],[32467312.3949,5912621.9959],[32467315.081,5912620.6523],[32467317.7761,5912619.3238],[32467320.4798,5912618.0102],[32467323.1915,5912616.7109],[32467325.9109,5912615.4257],[32467328.6372,5912614.1542],[32467331.3702,5912612.896],[32467334.1091,5912611.6507],[32467336.8536,5912610.418],[32467339.6032,5912609.1975],[32467342.3572,5912607.9888],[32467345.1152,5912606.7916],[32467347.8768,5912605.6055],[32467350.6413,5912604.4301],[32467353.4083,5912603.2651],[32467356.1772,5912602.1101],[32467358.9477,5912600.9647],[32467361.7194,5912599.8271],[32467364.4933,5912598.6929],[32467367.2694,5912597.5618],[32467370.0476,5912596.434],[32467372.8279,5912595.3094],[32467375.6103,5912594.1883],[32467378.3948,5912593.0705],[32467381.1812,5912591.9564],[32467383.9697,5912590.8458],[32467386.7602,5912589.7388],[32467389.5525,5912588.6357],[32467392.3468,5912587.5363],[32467395.1429,5912586.4409],[32467397.9409,5912585.3494],[32467400.7407,5912584.262],[32467403.5423,5912583.1786],[32467406.3456,5912582.0995],[32467409.1507,5912581.0247],[32467411.9574,5912579.9541],[32467414.7658,5912578.8881],[32467417.5758,5912577.8264],[32467420.3874,5912576.7694],[32467423.2006,5912575.717],[32467426.0154,5912574.6693],[32467428.8316,5912573.6264],[32467431.6493,5912572.5884],[32467434.4685,5912571.5553],[32467437.289,5912570.5272],[32467440.111,5912569.5042],[32467442.9343,5912568.4863],[32467445.759,5912567.4737],[32467448.5849,5912566.4664],[32467451.4121,5912565.4645],[32467454.2405,5912564.468],[32467457.0702,5912563.4771],[32467459.901,5912562.4918],[32467462.7329,5912561.5121],[32467465.566,5912560.5382],[32467468.4001,5912559.5701],[32467471.2353,5912558.6079],[32467474.0716,5912557.6518],[32467476.9088,5912556.7016],[32467479.7469,5912555.7576],[32467482.5861,5912554.8198],[32467485.4261,5912553.8882],[32467488.2681,5912552.9671],[32467491.1425,5912552.1662],[32467494.0577,5912551.5182],[32467497.007,5912551.0012],[32467499.9835,5912550.5932],[32467502.9804,5912550.2723],[32467505.9909,5912550.0164],[32467509.0081,5912549.8036],[32467512.0253,5912549.612],[32467515.0357,5912549.4196],[32467518.0323,5912549.2044],[32467521.0208,5912548.9755],[32467524.0101,5912548.7539],[32467527.0002,5912548.5394],[32467529.991,5912548.3317],[32467532.9826,5912548.1307],[32467535.9748,5912547.9359],[32467538.9676,5912547.7472],[32467541.961,5912547.5644],[32467544.9549,5912547.3871],[32467547.9492,5912547.2152],[32467550.944,5912547.0483],[32467553.9391,5912546.8862],[32467556.9346,5912546.7286],[32467559.9304,5912546.5754],[32467562.9264,5912546.4262],[32467565.9226,5912546.2808],[32467568.9189,5912546.1389],[32467571.9153,5912546.0003],[32467574.9118,5912545.8647],[32467577.9083,5912545.7319],[32467580.9048,5912545.6017],[32467583.9011,5912545.4736],[32467586.8974,5912545.3476],[32467589.8934,5912545.2235],[32467592.8896,5912545.1024],[32467595.8859,5912544.9848],[32467598.8824,5912544.8707],[32467601.879,5912544.7599],[32467604.8758,5912544.6522],[32467607.8727,5912544.5475],[32467610.8698,5912544.4456],[32467613.867,5912544.3464],[32467616.8643,5912544.2498],[32467619.8617,5912544.1555],[32467622.8591,5912544.0636],[32467625.8567,5912543.9738],[32467628.8544,5912543.8859],[32467631.8521,5912543.7999],[32467634.8499,5912543.7156],[32467637.8477,5912543.6329],[32467640.8456,5912543.5515],[32467643.8435,5912543.4714],[32467646.8415,5912543.3925],[32467649.8394,5912543.3145],[32467652.8374,5912543.2373],[32467655.8354,5912543.1609],[32467658.8333,5912543.085],[32467661.8313,5912543.0095],[32467664.8292,5912542.9342],[32467667.8271,5912542.8591],[32467670.8249,5912542.784],[32467673.8227,5912542.7086],[32467676.8204,5912542.633],[32467679.822,5912542.6033],[32467682.2638,5912542.6624],[32467696.7889,5912542.2107],[32467705.8701,5912538.399],[32467716.6354,5912523.9076],[32467720.4967,5912509.1327],[32467719.1528,5912503.5632],[32467715.6099,5912499.5768],[32467689.9208,5912492.4637],[32467604.9147,5912484.1823],[32467601.8632,5912482.4386],[32467600.5554,5912479.3871],[32467600.9912,5912472.4123],[32467604.0424,5912453.2314],[32467603.8679,5912442.0708],[32467603.6063,5912435.7942],[32467603.6061,5912425.332],[32467605.3496,5912413.9978],[32467612.7601,5912390.0216],[32467614.5036,5912376.5079],[32467614.0674,5912357.327],[32467614.5032,5912348.6085],[32467617.1186,5912340.3258],[32467621.9137,5912330.2994],[32467624.0932,5912320.273],[32467623.2207,5912276.2442],[32467624.5283,5912267.5257],[32467626.272,5912261.4226],[32467644.1446,5912233.9589],[32467645.4523,5912226.5481],[32467648.9395,5912207.3672],[32467651.9908,5912195.5971],[32467659.4013,5912177.724],[32467662.8885,5912163.3383],[32467665.0676,5912125.8484],[32467666.3752,5912111.0268],[32467667.6828,5912103.1801],[32467670.2983,5912095.3334],[32467698.1969,5912039.0982],[32467735.666,5911943.7766],[32467741.171,5911930.1756],[32467746.352,5911912.3647],[32467749.8592,5911890.7999],[32467750.8853,5911882.2483],[32467755.0947,5911858.6084],[32467761.2473,5911841.4452],[32467774.2003,5911821.3674],[32467788.1248,5911805.1756],[32467811.1167,5911787.6883],[32467811.0866,5911759.6731],[32467810.8746,5911755.525],[32467810.8131,5911752.5147],[32467810.8662,5911749.5197],[32467811.0725,5911746.5455],[32467811.4519,5911743.5937],[32467811.9228,5911740.6467],[32467812.4674,5911737.7034],[32467813.0814,5911734.7657],[32467813.7605,5911731.8357],[32467814.5004,5911728.9154],[32467815.2969,5911726.0067],[32467816.1459,5911723.1117],[32467817.0429,5911720.2324],[32467817.9838,5911717.3707],[32467818.9643,5911714.5287],[32467819.9798,5911711.708],[32467821.0153,5911708.8981],[32467822.0633,5911706.0924],[32467823.1231,5911703.2908],[32467824.194,5911700.4929],[32467825.2753,5911697.6985],[32467826.3662,5911694.9073],[32467827.4661,5911692.1192],[32467828.5742,5911689.3339],[32467829.6898,5911686.5511],[32467830.8123,5911683.7705],[32467831.9408,5911680.992],[32467833.0747,5911678.2152],[32467834.2133,5911675.44],[32467835.3558,5911672.666],[32467836.5015,5911669.8931],[32467837.6498,5911667.121],[32467838.7999,5911664.3494],[32467839.951,5911661.5781],[32467841.1025,5911658.8068],[32467842.2537,5911656.0353],[32467843.3322,5911653.4358],[32467865.2024,5911597.3847],[32467899.5441,5911493.5244],[32467900.0069,5911491.8992],[32467900.8543,5911489.0142],[32467901.7318,5911486.1456],[32467902.6471,5911483.2974],[32467903.6081,5911480.4734],[32467904.6223,5911477.6776],[32467905.6978,5911474.9138],[32467906.8422,5911472.186],[32467908.1847,5911469.5061],[32467909.802,5911466.9095],[32467911.6518,5911464.4359],[32467913.6918,5911462.1247],[32467915.8797,5911460.0155],[32467918.1732,5911458.1478],[32467920.6259,5911456.6309],[32467923.364,5911455.5429],[32467926.2887,5911454.7261],[32467929.2937,5911454.0165],[32467931.6842,5911453.4018],[32467943.8398,5911449.132],[32467951.1898,5911440.0869],[32467956.5025,5911419.7034],[32467959.1824,5911401.5083],[32467959.5184,5911398.9285],[32467959.9005,5911395.9447],[32467960.2792,5911392.9594],[32467960.6575,5911389.9735],[32467961.0384,5911386.9879],[32467961.4248,5911384.0033],[32467961.8197,5911381.0207],[32467962.2259,5911378.0408],[32467962.6466,5911375.0645],[32467963.0845,5911372.0927],[32467963.5427,5911369.1263],[32467964.0242,5911366.1659],[32467964.5131,5911363.2006],[32467964.9855,5911360.2128],[32467965.4687,5911357.2173],[32467965.9913,5911354.2301],[32467966.5824,5911351.2669],[32467967.2707,5911348.3436],[32467968.0851,5911345.4761],[32467969.0545,5911342.6803],[32467970.1061,5911340.2162],[32467970.2149,5911339.961],[32467971.5904,5911337.2987],[32467973.1533,5911334.7036],[32467974.8736,5911332.1885],[32467976.7211,5911329.7659],[32467978.6656,5911327.4486],[32467980.677,5911325.2493],[32467982.8203,5911323.1882],[32467985.1417,5911321.2719],[32467987.6007,5911319.495],[32467990.1569,5911317.852],[32467992.7702,5911316.3373],[32467995.4087,5911314.9475],[32467998.1346,5911313.701],[32468000.9472,5911312.6014],[32468003.8196,5911311.646],[32468006.725,5911310.832],[32468009.6365,5911310.1567],[32468012.58,5911309.6819],[32468015.5775,5911309.4367],[32468018.5996,5911309.3744],[32468021.6168,5911309.4481],[32468024.6092,5911309.6033],[32468027.5993,5911309.7827],[32468030.5899,5911309.9813],[32468033.5806,5911310.1987],[32468036.5712,5911310.434],[32468039.5613,5911310.6868],[32468042.5505,5911310.9563],[32468045.5385,5911311.2419],[32468048.5249,5911311.5431],[32468051.5094,5911311.8591],[32468054.4917,5911312.1893],[32468057.4713,5911312.5331],[32468060.448,5911312.8903],[32468063.422,5911313.2681],[32468066.3936,5911313.6669],[32468069.3632,5911314.0841],[32468072.331,5911314.5165],[32468075.2974,5911314.9614],[32468078.2627,5911315.4157],[32468081.2272,5911315.8766],[32468083.1203,5911316.1732],[32468084.1911,5911316.341],[32468087.1548,5911316.8062],[32468090.1187,5911317.2691],[32468091.9892,5911317.5579],[32468104.8068,5911319.4238],[32468110.8995,5911318.4365],[32468112.0757,5911312.744],[32468111.9847,5911294.5464],[32468108.5254,5911290.7871],[32468093.1636,5911287.6652],[32468073.9181,5911285.8683],[32468072.2531,5911285.7316],[32468069.2604,5911285.491],[32468066.2673,5911285.2532],[32468063.2742,5911285.0165],[32468060.2813,5911284.7787],[32468057.289,5911284.538],[32468054.2975,5911284.2923],[32468051.3072,5911284.0397],[32468048.3185,5911283.7781],[32468045.3316,5911283.5056],[32468042.3469,5911283.2203],[32468039.3646,5911282.9201],[32468036.3852,5911282.6031],[32468033.4089,5911282.2673],[32468030.436,5911281.9106],[32468027.4669,5911281.5312],[32468024.5018,5911281.1271],[32468021.5198,5911280.6982],[32468018.5161,5911280.2369],[32468015.5043,5911279.7321],[32468012.4982,5911279.1724],[32468009.5116,5911278.5464],[32468006.558,5911277.8428],[32468003.7588,5911277.0796],[32468003.6513,5911277.0503],[32468000.8052,5911276.1574],[32467998.0334,5911275.153],[32467995.3497,5911274.0255],[32467992.8315,5911272.5698],[32467990.5575,5911270.6048],[32467988.5002,5911268.2903],[32467986.6315,5911265.7885],[32467984.9235,5911263.2616],[32467983.3986,5911260.6931],[32467982.211,5911257.8488],[32467981.4672,5911254.8809],[32467981.2593,5911251.9451],[32467981.4692,5911248.9939],[32467981.9733,5911246.0144],[32467982.6917,5911243.0445],[32467983.5445,5911240.1216],[32467984.4614,5911237.2672],[32467985.4328,5911234.4349],[32467986.4511,5911231.616],[32467987.5065,5911228.8075],[32467988.5888,5911226.0067],[32467989.6883,5911223.2105],[32467990.795,5911220.4161],[32467991.0234,5911219.8378],[32467997.9063,5911200.6663],[32468009.0091,5911153.9787],[32468019.7483,5911082.8288],[32468029.6573,5911005.0768],[32468029.9278,5911002.4726],[32468030.2345,5910999.4857],[32468030.5391,5910996.4987],[32468030.8433,5910993.5117],[32468031.1485,5910990.525],[32468031.4564,5910987.539],[32468031.7686,5910984.5538],[32468032.0865,5910981.5699],[32468032.4119,5910978.5874],[32468032.7463,5910975.6067],[32468033.0912,5910972.628],[32468033.4482,5910969.6516],[32468033.8189,5910966.6778],[32468034.2049,5910963.7069],[32468034.6078,5910960.7391],[32468035.029,5910957.7747],[32468035.4703,5910954.8141],[32468035.9331,5910951.8574],[32468036.4205,5910948.9053],[32468036.9621,5910945.9618],[32468037.565,5910943.0282],[32468038.2237,5910940.1041],[32468038.9326,5910937.1891],[32468039.6859,5910934.2826],[32468040.4783,5910931.3842],[32468041.3039,5910928.4935],[32468042.1573,5910925.6099],[32468043.0328,5910922.7331],[32468043.9248,5910919.8625],[32468044.8278,5910916.9978],[32468045.736,5910914.1384],[32468046.654,5910911.286],[32468047.6304,5910908.4513],[32468048.662,5910905.6329],[32468049.7362,5910902.8271],[32468050.8404,5910900.0306],[32468051.0421,5910899.5287],[32468059.2389,5910877.5664],[32468062.0804,5910862.7504],[32468060.0573,5910845.0112],[32468057.2318,5910831.4634],[32468056.9708,5910830.281],[32468056.3214,5910827.3357],[32468055.6816,5910824.3901],[32468055.06,5910821.4442],[32468054.4652,5910818.4976],[32468053.8956,5910815.551],[32468053.2397,5910812.6116],[32468052.5155,5910809.6774],[32468051.7877,5910806.7435],[32468051.1211,5910803.8049],[32468050.5805,5910800.8565],[32468050.2306,5910797.8934],[32468050.1317,5910794.9109],[32468050.1419,5910791.9201],[32468050.1668,5910788.9285],[32468050.2055,5910785.9361],[32468050.2573,5910782.943],[32468050.3213,5910779.9492],[32468050.3969,5910776.9547],[32468050.4831,5910773.9596],[32468050.5792,5910770.9639],[32468050.6844,5910767.9676],[32468050.798,5910764.9708],[32468050.9191,5910761.9735],[32468051.0469,5910758.9758],[32468051.1807,5910755.9776],[32468051.3197,5910752.9791],[32468051.4631,5910749.9802],[32468051.61,5910746.9811],[32468051.7598,5910743.9817],[32468051.8376,5910742.4431],[32468054.0523,5910666.0246],[32468049.8238,5910612.8979],[32468049.7524,5910612.2428],[32468049.4265,5910609.2571],[32468049.1016,5910606.2711],[32468048.7794,5910603.285],[32468048.4614,5910600.2987],[32468048.1491,5910597.3121],[32468047.8441,5910594.3251],[32468047.5479,5910591.3377],[32468047.262,5910588.3499],[32468046.988,5910585.3615],[32468046.7274,5910582.3726],[32468046.4818,5910579.3831],[32468046.2527,5910576.3929],[32468046.0387,5910573.4021],[32468045.83,5910570.4108],[32468045.6257,5910567.419],[32468045.4258,5910564.4268],[32468045.2302,5910561.4343],[32468045.039,5910558.4414],[32468044.8521,5910555.4481],[32468044.6695,5910552.4545],[32468044.4912,5910549.4606],[32468044.3173,5910546.4664],[32468044.1477,5910543.4719],[32468043.9824,5910540.4772],[32468043.8213,5910537.4822],[32468043.6645,5910534.487],[32468043.512,5910531.4917],[32468043.3638,5910528.4961],[32468043.2198,5910525.5004],[32468043.0801,5910522.5046],[32468042.9446,5910519.5086],[32468042.8133,5910516.5126],[32468042.6862,5910513.5164],[32468042.5633,5910510.5202],[32468042.4447,5910507.524],[32468042.3302,5910504.5278],[32468042.2199,5910501.5315],[32468042.1239,5910498.5349],[32468042.051,5910495.5373],[32468041.9981,5910492.5391],[32468041.9622,5910489.5402],[32468041.9403,5910486.5409],[32468041.9294,5910483.5412],[32468041.9266,5910480.5412],[32468041.9287,5910477.541],[32468041.9328,5910474.5409],[32468041.9359,5910471.5408],[32468041.9353,5910469.5177],[32468040.2384,5910408.3682],[32468037.6834,5910393.7101],[32468031.6528,5910373.7411],[32468011.6892,5910321.5967],[32468011.223,5910320.4164],[32468010.1234,5910317.6133],[32468009.0322,5910314.8079],[32468007.951,5910312.0001],[32468006.8814,5910309.1894],[32468005.8249,5910306.3754],[32468004.783,5910303.5579],[32468003.7574,5910300.7364],[32468002.7496,5910297.9107],[32468001.7611,5910295.0802],[32468000.7935,5910292.2448],[32467999.8483,5910289.404],[32467998.9368,5910286.5537],[32467998.1166,5910283.6725],[32467997.3899,5910280.761],[32467996.7483,5910277.8244],[32467996.183,5910274.8678],[32467995.6856,5910271.8962],[32467995.2474,5910268.9147],[32467994.8599,5910265.9284],[32467994.5144,5910262.9423],[32467994.2025,5910259.9615],[32467993.9235,5910256.984],[32467993.7014,5910253.9914],[32467993.5431,5910250.9868],[32467993.4535,5910247.9754],[32467993.4379,5910244.9622],[32467993.5013,5910241.9521],[32467993.6487,5910238.9503],[32467993.8853,5910235.9618],[32467994.214,5910232.9907],[32467994.6069,5910230.0284],[32467995.0489,5910227.0707],[32467995.534,5910224.117],[32467996.0563,5910221.1667],[32467996.6098,5910218.2194],[32467997.1886,5910215.2743],[32467997.7866,5910212.3311],[32467998.3979,5910209.3891],[32467999.0165,5910206.4478],[32467999.6366,5910203.5066],[32468000.252,5910200.565],[32468000.8569,5910197.6224],[32468001.4452,5910194.6783],[32468002.011,5910191.732],[32467999.3745,5910173.2783],[32467987.9548,5910146.7667],[32467987.7694,5910146.3641],[32467986.4631,5910143.6265],[32467985.2468,5910140.871],[32467984.2126,5910138.0791],[32467983.4527,5910135.2311],[32467983.03,5910132.275],[32467982.9172,5910129.2396],[32467983.07,5910126.1921],[32467983.4442,5910123.1999],[32467983.9797,5910120.2403],[32467984.6612,5910117.214],[32467985.5669,5910114.2538],[32467986.7777,5910111.5009],[32467988.3743,5910109.0946],[32467990.4037,5910106.9935],[32467992.7803,5910105.1112],[32467995.3887,5910103.4417],[32467998.1134,5910101.9791],[32468000.8395,5910100.7174],[32468003.6326,5910099.7203],[32468006.5624,5910099.007],[32468009.5685,5910098.5267],[32468012.5903,5910098.2289],[32468015.5816,5910098.0525],[32468018.5703,5910097.9176],[32468021.5621,5910097.8132],[32468024.5566,5910097.7351],[32468027.5535,5910097.6796],[32468030.5523,5910097.6426],[32468033.5528,5910097.6202],[32468036.5544,5910097.6084],[32468039.5568,5910097.6034],[32468042.5597,5910097.6012],[32468045.5627,5910097.5978],[32468048.5653,5910097.5894],[32468051.5672,5910097.5719],[32468054.568,5910097.5415],[32468057.5673,5910097.4942],[32468060.5655,5910097.4326],[32468255.4646,5910093.2514],[32468264.768,5910092.3592],[32468265.6824,5910087.1609],[32468259.7309,5910073.1523],[32468249.3911,5910058.4054],[32468239.4112,5910051.8294],[32468221.85,5910047.1076],[32468213.3808,5910049.1215],[32468207.6325,5910052.5228],[32468205.5661,5910053.8159],[32468202.9545,5910055.3409],[32468200.3502,5910056.8556],[32468197.7773,5910058.4621],[32468195.214,5910060.0959],[32468192.6383,5910061.6925],[32468190.0286,5910063.1874],[32468187.5152,5910064.4405],[32468187.363,5910064.5163],[32468184.6196,5910065.6147],[32468181.7905,5910066.4701],[32468178.9048,5910067.1872],[32468175.9732,5910067.786],[32468173.0055,5910068.2815],[32468170.0113,5910068.6887],[32468167.0005,5910069.0226],[32468163.9826,5910069.2981],[32468160.9673,5910069.5302],[32468157.9644,5910069.7338],[32468154.9768,5910069.9151],[32468151.9864,5910070.0524],[32468148.9918,5910070.1473],[32468145.9939,5910070.2042],[32468142.9935,5910070.2273],[32468139.9912,5910070.221],[32468136.9879,5910070.1895],[32468133.9843,5910070.1371],[32468130.9812,5910070.0681],[32468127.9792,5910069.9868],[32468124.9793,5910069.8974],[32468121.9821,5910069.8043],[32468118.9832,5910069.709],[32468115.9792,5910069.6056],[32468112.9729,5910069.4865],[32468109.967,5910069.3443],[32468106.9642,5910069.1717],[32468103.9672,5910068.9611],[32468100.9788,5910068.7052],[32468098.0018,5910068.3966],[32468095.0387,5910068.0278],[32468092.078,5910067.5748],[32468089.0843,5910066.9248],[32468086.154,5910066.0231],[32468083.4002,5910064.828],[32468080.917,5910063.2878],[32468078.6092,5910061.2944],[32468076.5739,5910058.9373],[32468074.9776,5910056.3538],[32468073.9244,5910053.6417],[32468073.2308,5910050.7502],[32468072.811,5910047.736],[32468072.5996,5910044.6705],[32468072.5311,5910041.6252],[32468072.5538,5910038.6369],[32468072.6624,5910035.6497],[32468072.842,5910032.6603],[32468073.0759,5910029.6692],[32468073.3477,5910026.6771],[32468073.6409,5910023.6844],[32468073.9391,5910020.6918],[32468074.2257,5910017.7],[32468074.4843,5910014.7094],[32468074.7348,5910011.7192],[32468074.8529,5910010.4602],[32468076.9357,5909978.8372],[32468074.57,5909970.1263],[32468068.0734,5909964.0971],[32468056.0706,5909964.1107],[32468051.5747,5909967.4769],[32468050.9694,5909972.7213],[32468050.9326,5909973.5796],[32468050.6457,5909976.6287],[32468050.3079,5909979.6106],[32468049.9991,5909982.5977],[32468049.6971,5909985.5858],[32468049.3798,5909988.5707],[32468049.0249,5909991.5485],[32468048.6102,5909994.515],[32468048.1133,5909997.4662],[32468047.4754,5910000.3907],[32468047.3731,5910000.7754],[32468041.5499,5910026.8104],[32468044.3015,5910041.9705],[32468045.0952,5910044.2483],[32468046.0049,5910047.1338],[32468046.7087,5910050.0429],[32468047.163,5910053.0276],[32468047.4278,5910056.117],[32468047.4268,5910059.1893],[32468047.0785,5910062.1182],[32468046.0388,5910064.7712],[32468043.7163,5910066.9272],[32468041.069,5910068.2901],[32468038.1109,5910068.8484],[32468035.0775,5910069.2663],[32468032.087,5910069.7027],[32468029.0975,5910069.8813],[32468026.1002,5910070.0255],[32468023.0935,5910070.1614],[32468020.0806,5910070.2795],[32468017.0649,5910070.3703],[32468014.0499,5910070.4243],[32468011.0389,5910070.4322],[32468008.0354,5910070.3843],[32468005.0425,5910070.2712],[32468002.0639,5910070.0835],[32467999.1027,5910069.8116],[32467996.0966,5910069.4576],[32467993.0317,5910068.9851],[32467989.994,5910068.3253],[32467987.0695,5910067.4089],[32467984.3444,5910066.167],[32467981.9046,5910064.5304],[32467979.6402,5910062.6525],[32467977.3858,5910060.7328],[32467975.143,5910058.7735],[32467972.9133,5910056.7766],[32467970.6983,5910054.7442],[32467968.4996,5910052.6783],[32467966.3186,5910050.5809],[32467964.1571,5910048.454],[32467962.0164,5910046.2998],[32467959.8982,5910044.1203],[32467957.804,5910041.9176],[32467955.7355,5910039.6936],[32467953.694,5910037.4504],[32467951.6812,5910035.1901],[32467949.6987,5910032.9147],[32467947.748,5910030.6263],[32467945.8306,5910028.327],[32467943.9482,5910026.0186],[32467942.1022,5910023.7034],[32467940.3295,5910021.3551],[32467938.9069,5910018.7602],[32467937.8346,5910015.9378],[32467937.0403,5910012.9661],[32467936.4517,5910009.9233],[32467935.9963,5910006.8875],[32467935.6106,5910003.9212],[32467935.3106,5910000.9554],[32467935.0966,5909997.9723],[32467934.9583,5909994.9755],[32467934.8852,5909991.9689],[32467934.8669,5909988.9561],[32467934.893,5909985.9411],[32467934.9531,5909982.9275],[32467935.0367,5909979.919],[32467935.1335,5909976.9193],[32467935.2369,5909973.923],[32467935.346,5909970.9267],[32467935.4606,5909967.9303],[32467935.5803,5909964.934],[32467935.705,5909961.9376],[32467935.8343,5909958.9412],[32467935.9679,5909955.9449],[32467936.1055,5909952.9485],[32467936.2469,5909949.9521],[32467936.3918,5909946.9557],[32467936.5397,5909943.9593],[32467936.6906,5909940.9629],[32467936.844,5909937.9665],[32467936.9998,5909934.9701],[32467937.1575,5909931.9737],[32467937.317,5909928.9774],[32467937.4778,5909925.981],[32467937.6398,5909922.9846],[32467937.8027,5909919.9883],[32467937.966,5909916.992],[32467938.1297,5909913.9957],[32467938.2933,5909910.9994],[32467938.4566,5909908.0032],[32467938.6193,5909905.0069],[32467938.7811,5909902.0107],[32467938.9417,5909899.0145],[32467938.9852,5909898.1958],[32467940.9031,5909857.0721],[32467941.3874,5909809.1412],[32467936.8791,5909761.3479],[32467929.1431,5909722.1736],[32467928.6358,5909720.1412],[32467927.9096,5909717.2195],[32467927.2131,5909714.2943],[32467926.5729,5909711.3622],[32467926.0156,5909708.4195],[32467925.5677,5909705.4629],[32467925.2558,5909702.4887],[32467925.0451,5909699.5015],[32467924.8413,5909696.5134],[32467924.6426,5909693.5248],[32467924.4487,5909690.5356],[32467924.2595,5909687.5459],[32467924.0749,5909684.5556],[32467923.8946,5909681.5649],[32467923.7186,5909678.5737],[32467923.5466,5909675.582],[32467923.3785,5909672.5899],[32467923.2142,5909669.5974],[32467923.0534,5909666.6044],[32467922.896,5909663.611],[32467922.7419,5909660.6173],[32467922.5909,5909657.6232],[32467922.4429,5909654.6287],[32467922.2976,5909651.6339],[32467922.1549,5909648.6388],[32467922.0147,5909645.6434],[32467921.8767,5909642.6477],[32467921.7409,5909639.6517],[32467921.6071,5909636.6555],[32467921.4751,5909633.659],[32467921.3447,5909630.6624],[32467921.2159,5909627.6655],[32467921.0883,5909624.6684],[32467920.962,5909621.6712],[32467920.8366,5909618.6739],[32467920.7121,5909615.6764],[32467920.5883,5909612.6787],[32467920.4651,5909609.681],[32467920.3421,5909606.6832],[32467920.2194,5909603.6853],[32467920.0968,5909600.6874],[32467919.974,5909597.6895],[32467919.851,5909594.6915],[32467919.7275,5909591.6935],[32467919.6035,5909588.6956],[32467919.4787,5909585.6976],[32467919.3529,5909582.6997],[32467919.2257,5909579.7019],[32467916.5772,5909525.7713],[32467910.8366,5909456.7791],[32467910.5711,5909454.0548],[32467910.2812,5909451.0693],[32467909.993,5909448.0837],[32467909.707,5909445.098],[32467909.4239,5909442.1121],[32467909.1441,5909439.126],[32467908.8683,5909436.1396],[32467908.597,5909433.1529],[32467908.3309,5909430.1659],[32467908.0704,5909427.1784],[32467907.8161,5909424.1906],[32467907.5687,5909421.2022],[32467907.3287,5909418.2134],[32467907.0966,5909415.224],[32467906.8731,5909412.2341],[32467906.6573,5909409.2435],[32467906.442,5909406.2519],[32467906.2268,5909403.2593],[32467906.0127,5909400.2659],[32467905.8006,5909397.2717],[32467905.5917,5909394.2769],[32467905.3867,5909391.2814],[32467905.1868,5909388.2854],[32467904.9929,5909385.2889],[32467904.8061,5909382.2921],[32467904.6272,5909379.2951],[32467904.4572,5909376.2978],[32467904.2973,5909373.3005],[32467904.1483,5909370.3031],[32467904.0112,5909367.3059],[32467903.887,5909364.3088],[32467903.7768,5909361.3119],[32467903.6814,5909358.3153],[32467903.6019,5909355.3192],[32467903.5392,5909352.3236],[32467903.4944,5909349.3286],[32467903.4685,5909346.3342],[32467903.4623,5909343.3406],[32467903.4776,5909340.3474],[32467903.5208,5909337.3508],[32467903.5932,5909334.3506],[32467903.6946,5909331.3479],[32467903.8249,5909328.3438],[32467903.9837,5909325.3391],[32467904.171,5909322.335],[32467904.3865,5909319.3324],[32467904.6301,5909316.3323],[32467904.9015,5909313.3358],[32467905.2005,5909310.3439],[32467905.5269,5909307.3575],[32467905.8806,5909304.3777],[32467906.2613,5909301.4055],[32467906.6689,5909298.4419],[32467907.1031,5909295.4878],[32467907.5725,5909292.5445],[32467908.2066,5909289.6162],[32467909.0292,5909286.7137],[32467910.0148,5909283.8485],[32467911.1379,5909281.032],[32467912.373,5909278.2755],[32467913.6946,5909275.5905],[32467915.1334,5909272.9856],[32467916.788,5909270.4684],[32467918.6271,5909268.0562],[32467920.6141,5909265.7662],[32467922.7125,5909263.6158],[32467924.903,5909261.5942],[32467927.2036,5909259.6536],[32467929.6049,5909257.8133],[32467932.0956,5909256.0954],[32467934.6649,5909254.5222],[32467937.3016,5909253.1158],[32467940.0081,5909251.867],[32467942.7786,5909250.7363],[32467945.5958,5909249.6919],[32467948.4424,5909248.7023],[32467951.3012,5909247.7357],[32467954.1549,5909246.7605],[32467956.9863,5909245.7449],[32467958.5543,5909245.1341],[32467961.6586,5909227.4383],[32467962.0059,5909225.8912],[32467960.6843,5909225.8296],[32467957.6536,5909225.4508],[32467954.5764,5909224.9922],[32467951.5341,5909224.3998],[32467948.8389,5909223.291],[32467946.6243,5909221.4669],[32467944.6241,5909219.2361],[32467942.8303,5909216.7306],[32467941.2492,5909214.0693],[32467939.8857,5909211.3701],[32467938.6278,5909208.6642],[32467937.4047,5909205.9296],[32467936.2192,5909203.1687],[32467935.0739,5909200.3844],[32467933.9715,5909197.5792],[32467932.9149,5909194.7558],[32467931.9067,5909191.9168],[32467930.9497,5909189.065],[32467930.0465,5909186.2029],[32467929.1999,5909183.3332],[32467928.4202,5909180.4528],[32467927.7431,5909177.5373],[32467927.1672,5909174.5901],[32467926.6859,5909171.6184],[32467926.2924,5909168.6295],[32467925.9803,5909165.6305],[32467925.7427,5909162.6287],[32467925.5731,5909159.6314],[32467925.4513,5909156.6404],[32467925.3445,5909153.6476],[32467925.2515,5909150.6527],[32467925.1722,5909147.6561],[32467925.1065,5909144.658],[32467925.0542,5909141.6586],[32467925.0154,5909138.6581],[32467924.9898,5909135.6568],[32467924.9774,5909132.6549],[32467924.9781,5909129.6527],[32467924.9917,5909126.6504],[32467925.0183,5909123.6482],[32467925.0575,5909120.6463],[32467925.1095,5909117.6451],[32467925.1741,5909114.6447],[32467925.2511,5909111.6454],[32467925.3404,5909108.6473],[32467925.4421,5909105.6509],[32467925.5559,5909102.6561],[32467925.6822,5909099.6617],[32467925.8215,5909096.6667],[32467925.9743,5909093.6714],[32467926.1407,5909090.6759],[32467926.3212,5909087.6806],[32467926.516,5909084.6858],[32467926.7256,5909081.6916],[32467926.9502,5909078.6983],[32467927.1901,5909075.7062],[32467927.4458,5909072.7156],[32467927.7175,5909069.7267],[32467928.0056,5909066.7397],[32467928.3104,5909063.7549],[32467928.6322,5909060.7726],[32467928.9714,5909057.793],[32467929.3283,5909054.8163],[32467929.7032,5909051.8429],[32467930.0969,5909048.8728],[32467930.5099,5909045.9051],[32467930.941,5909042.9397],[32467931.3888,5909039.9765],[32467931.852,5909037.0151],[32467932.329,5909034.0556],[32467932.8185,5909031.0976],[32467933.3196,5909028.1411],[32467948.1375,5908939.6716],[32467948.1862,5908939.3528],[32467948.6417,5908936.3848],[32467949.0997,5908933.4174],[32467949.5607,5908930.4508],[32467950.0255,5908927.4852],[32467950.4946,5908924.5206],[32467950.9686,5908921.5573],[32467951.4481,5908918.5954],[32467951.9339,5908915.6351],[32467952.4264,5908912.6765],[32467952.9264,5908909.7199],[32467953.4345,5908906.7652],[32467953.9512,5908903.8128],[32467954.4772,5908900.8627],[32467955.0131,5908897.9152],[32467955.5596,5908894.9703],[32467956.1173,5908892.0282],[32467956.6867,5908889.0892],[32467957.2686,5908886.1533],[32467957.8634,5908883.2207],[32467958.472,5908880.2916],[32467959.0948,5908877.3661],[32467959.7358,5908874.4448],[32467960.4259,5908871.5318],[32467961.1704,5908868.6285],[32467961.9663,5908865.7352],[32467962.8105,5908862.8521],[32467963.7,5908859.9798],[32467964.6319,5908857.1184],[32467965.6032,5908854.2683],[32467966.6107,5908851.4299],[32467967.6516,5908848.6034],[32467968.7227,5908845.7893],[32467969.8212,5908842.9878],[32467970.944,5908840.1992],[32467972.0881,5908837.4239],[32467973.2505,5908834.6622],[32467974.4282,5908831.9145],[32467975.6403,5908829.1833],[32467976.9269,5908826.4749],[32467978.2869,5908823.7935],[32467979.7181,5908821.143],[32467981.2184,5908818.5273],[32467982.7857,5908815.9503],[32467984.4178,5908813.4159],[32467986.1125,5908810.928],[32467987.8677,5908808.4906],[32467989.6809,5908806.1073],[32467991.5273,5908803.7539],[32467993.3907,5908801.4124],[32467995.2697,5908799.0822],[32467997.1634,5908796.7623],[32467999.0706,5908794.4521],[32468000.9901,5908792.1506],[32468002.9208,5908789.857],[32468004.8616,5908787.5707],[32468006.8113,5908785.2907],[32468008.7688,5908783.0162],[32468010.733,5908780.7465],[32468012.7026,5908778.4807],[32468014.6766,5908776.218],[32468016.6539,5908773.9577],[32468018.6332,5908771.6988],[32468020.6135,5908769.4407],[32468022.5936,5908767.1824],[32468024.5723,5908764.9232],[32468026.5486,5908762.6623],[32468028.5213,5908760.3989],[32468030.4893,5908758.1322],[32468032.4513,5908755.8613],[32468034.4063,5908753.5854],[32468036.3532,5908751.3038],[32468037.2229,5908750.2766],[32468039.6511,5908747.3952],[32468050.1259,5908731.8022],[32468049.0744,5908725.8371],[32468045.3403,5908721.0895],[32468040.318,5908717.8868],[32468034.2776,5908717.5427],[32468029.54,5908718.8572],[32468028.5453,5908719.1703],[32468025.6915,5908720.1822],[32468022.8408,5908721.2436],[32468019.9893,5908722.2927],[32468017.1332,5908723.2676],[32468014.2686,5908724.1063],[32468011.375,5908724.7425],[32468008.0336,5908724.8245],[32468005.158,5908723.8673],[32468003.6662,5908721.7007],[32468002.6782,5908718.9135],[32468002.0555,5908715.7945],[32468001.7338,5908712.6016],[32468001.6326,5908709.5603],[32468001.571,5908706.5665],[32468001.5142,5908703.5723],[32468001.4618,5908700.5778],[32468001.4138,5908697.5828],[32468001.37,5908694.5875],[32468001.3302,5908691.5919],[32468001.2942,5908688.5959],[32468001.2619,5908685.5996],[32468001.233,5908682.6029],[32468001.2075,5908679.606],[32468001.1851,5908676.6088],[32468001.1657,5908673.6112],[32468001.1491,5908670.6135],[32468001.1351,5908667.6154],[32468001.1236,5908664.6171],[32468001.1143,5908661.6186],[32468001.1072,5908658.6199],[32468001.102,5908655.6209],[32468001.0985,5908652.6218],[32468001.0967,5908649.6225],[32468001.0963,5908646.623],[32468001.0971,5908643.6233],[32468001.099,5908640.6235],[32468001.1019,5908637.6236],[32468001.1054,5908634.6235],[32468001.1078,5908632.9144],[32468000.2729,5908526.6372],[32467995.9572,5908452.4195],[32467995.9141,5908451.7935],[32467995.7098,5908448.8007],[32467995.5078,5908445.8078],[32467995.3084,5908442.8147],[32467995.1122,5908439.8215],[32467994.9198,5908436.8282],[32467994.7315,5908433.8348],[32467994.548,5908430.8411],[32467994.3696,5908427.8473],[32467994.197,5908424.8532],[32467994.0306,5908421.8589],[32467993.8709,5908418.8644],[32467993.7184,5908415.8696],[32467993.5737,5908412.8746],[32467993.4371,5908409.8792],[32467993.3093,5908406.8835],[32467993.1907,5908403.8875],[32467993.0818,5908400.8912],[32467992.9794,5908397.8946],[32467992.8809,5908394.8978],[32467992.7859,5908391.901],[32467992.6945,5908388.904],[32467992.6064,5908385.9068],[32467992.5216,5908382.9096],[32467992.4399,5908379.9122],[32467992.3613,5908376.9147],[32467992.2856,5908373.9171],[32467992.2127,5908370.9194],[32467992.1425,5908367.9216],[32467992.0748,5908364.9237],[32467992.0096,5908361.9257],[32467991.9467,5908358.9276],[32467991.8861,5908355.9294],[32467991.8275,5908352.9312],[32467991.7709,5908349.9329],[32467991.7162,5908346.9345],[32467991.6632,5908343.936],[32467991.6119,5908340.9375],[32467991.562,5908337.9389],[32467991.5136,5908334.9403],[32467991.4664,5908331.9416],[32467991.4204,5908328.9429],[32467991.3754,5908325.9441],[32467991.3314,5908322.9453],[32467991.2882,5908319.9464],[32467991.2456,5908316.9476],[32467991.2037,5908313.9487],[32467991.1622,5908310.9498],[32467991.121,5908307.9508],[32467991.08,5908304.9519],[32467991.0392,5908301.953],[32467990.9983,5908298.954],[32467990.9565,5908295.9551],[32467988.9852,5908203.013],[32467981.0569,5908050.2793],[32467972.7253,5907936.6283],[32467963.1098,5907844.163],[32467952.854,5907763.8425],[32467935.9261,5907663.2951],[32467922.2528,5907592.6398],[32467912.5988,5907549.0175],[32467912.5308,5907548.7192],[32467911.8635,5907545.795],[32467911.1954,5907542.8709],[32467910.5266,5907539.947],[32467909.8575,5907537.0231],[32467909.1882,5907534.0993],[32467908.5192,5907531.1754],[32467907.8506,5907528.2514],[32467907.1827,5907525.3273],[32467906.5158,5907522.403],[32467905.8501,5907519.4784],[32467905.186,5907516.5536],[32467904.5236,5907513.6284],[32467903.8632,5907510.7028],[32467903.2052,5907507.7767],[32467902.5498,5907504.8501],[32467901.8971,5907501.923],[32467901.2476,5907498.9952],[32467900.6015,5907496.0668],[32467899.959,5907493.1376],[32467899.3204,5907490.2077],[32467898.686,5907487.2769],[32467898.056,5907484.3453],[32467897.4307,5907481.4127],[32467896.8104,5907478.4792],[32467896.1953,5907475.5446],[32467895.5857,5907472.6089],[32467894.9819,5907469.6721],[32467894.3884,5907466.7331],[32467893.8125,5907463.7905],[32467893.253,5907460.8445],[32467892.7085,5907457.8955],[32467892.1774,5907454.9436],[32467891.6583,5907451.9893],[32467891.1497,5907449.0328],[32467890.6501,5907446.0745],[32467890.1581,5907443.1147],[32467889.9864,5907442.0681],[32467879.6365,5907384.077],[32467851.7622,5907282.8698],[32467838.1668,5907239.9798],[32467824.5749,5907203.4734],[32467799.1799,5907141.7134],[32467798.3244,5907139.6867],[32467797.1571,5907136.9227],[32467795.9895,5907134.1589],[32467794.822,5907131.395],[32467793.6546,5907128.631],[32467792.4877,5907125.8669],[32467791.3214,5907123.1025],[32467790.1561,5907120.3378],[32467788.9919,5907117.5727],[32467787.829,5907114.8071],[32467786.6678,5907112.0409],[32467785.5083,5907109.274],[32467784.351,5907106.5064],[32467783.1959,5907103.738],[32467782.0433,5907100.9686],[32467780.8934,5907098.1982],[32467779.7465,5907095.4268],[32467778.6029,5907092.6542],[32467777.4626,5907089.8804],[32467776.3261,5907087.1052],[32467775.1896,5907084.3299],[32467774.0486,5907081.5563],[32467772.9033,5907078.7842],[32467771.7541,5907076.0135],[32467770.6014,5907073.244],[32467769.4455,5907070.4757],[32467768.2869,5907067.7083],[32467767.1259,5907064.9418],[32467765.9628,5907062.176],[32467764.7982,5907059.4107],[32467763.6322,5907056.6459],[32467762.4653,5907053.8815],[32467761.2979,5907051.1172],[32467760.1303,5907048.353],[32467758.963,5907045.5886],[32467757.7962,5907042.8241],[32467756.6304,5907040.0592],[32467755.466,5907037.2938],[32467754.3032,5907034.5279],[32467753.1426,5907031.7611],[32467751.9843,5907028.9935],[32467750.829,5907026.2249],[32467749.6768,5907023.4551],[32467748.5282,5907020.684],[32467747.3835,5907017.9116],[32467746.2431,5907015.1376],[32467745.1075,5907012.3619],[32467743.9769,5907009.5843],[32467742.8518,5907006.8049],[32467741.7324,5907004.0234],[32467740.6193,5907001.2396],[32467739.5127,5906998.4535],[32467738.413,5906995.665],[32467737.3207,5906992.8738],[32467736.236,5906990.0799],[32467735.1594,5906987.2831],[32467734.0912,5906984.4832],[32467733.0318,5906981.6803],[32467731.9816,5906978.8741],[32467730.9409,5906976.0644],[32467729.9102,5906973.2513],[32467728.8896,5906970.4341],[32467727.8789,5906967.6126],[32467726.878,5906964.7869],[32467725.8868,5906961.9571],[32467724.9052,5906959.1232],[32467723.9329,5906956.2856],[32467722.97,5906953.4442],[32467722.0161,5906950.5992],[32467721.0713,5906947.7507],[32467720.1353,5906944.899],[32467719.2081,5906942.044],[32467718.2895,5906939.186],[32467717.3794,5906936.3251],[32467716.4775,5906933.4613],[32467715.5839,5906930.5949],[32467714.6984,5906927.726],[32467713.8208,5906924.8547],[32467712.9509,5906921.9811],[32467712.0888,5906919.1053],[32467711.2342,5906916.2276],[32467710.3869,5906913.3479],[32467709.547,5906910.4666],[32467708.7141,5906907.5836],[32467707.8883,5906904.6991],[32467707.0693,5906901.8133],[32467706.257,5906898.9263],[32467705.4513,5906896.0382],[32467704.6521,5906893.1491],[32467703.8592,5906890.2592],[32467703.0724,5906887.3687],[32467702.2918,5906884.4775],[32467701.517,5906881.586],[32467700.7639,5906878.6867],[32467700.0568,5906875.7696],[32467699.3963,5906872.8366],[32467698.7828,5906869.89],[32467698.2165,5906866.9316],[32467697.6979,5906863.9638],[32467697.2272,5906860.9885],[32467696.8048,5906858.0078],[32467696.4311,5906855.0239],[32467696.1065,5906852.0388],[32467695.8311,5906849.0547],[32467695.6054,5906846.0736],[32467695.4328,5906843.0956],[32467695.3369,5906840.1067],[32467695.3189,5906837.1067],[32467695.374,5906834.0993],[32467695.4975,5906831.0882],[32467695.6846,5906828.0772],[32467695.9305,5906825.0699],[32467696.2305,5906822.0701],[32467696.5797,5906819.0815],[32467696.9736,5906816.1077],[32467697.4072,5906813.1526],[32467697.9308,5906810.213],[32467698.6286,5906807.2872],[32467699.4868,5906804.3894],[32467700.4896,5906801.5342],[32467701.6218,5906798.736],[32467702.8676,5906796.0093],[32467704.2117,5906793.3474],[32467705.6418,5906790.7184],[32467707.1479,5906788.1209],[32467708.7199,5906785.5546],[32467710.3477,5906783.0188],[32467712.0212,5906780.5132],[32467713.7304,5906778.0373],[32467715.4652,5906775.5904],[32467717.2305,5906773.1713],[32467719.1022,5906770.7988],[32467721.1058,5906768.5296],[32467723.2575,5906766.4232],[32467725.5734,5906764.5389],[32467728.0132,5906762.8274],[32467730.5219,5906761.1996],[32467733.0832,5906759.6358],[32467735.6809,5906758.1164],[32467738.2987,5906756.6218],[32467740.9204,5906755.1322],[32467743.5298,5906753.6282],[32467746.1106,5906752.09],[32467747.1997,5906751.4064],[32467751.1217,5906748.8327],[32467755.494,5906744.5533],[32467757.044,5906738.796],[32467751.3367,5906729.3386],[32467751.2248,5906729.19],[32467750.92,5906728.6482],[32467742.9924,5906719.4765],[32467737.823,5906716.5068],[32467726.9908,5906720.03],[32467726.444,5906720.2558],[32467723.5944,5906721.3033],[32467720.7699,5906722.338],[32467717.9564,5906723.4244],[32467715.1424,5906724.505],[32467712.3163,5906725.522],[32467709.4665,5906726.4179],[32467706.5805,5906727.1351],[32467703.6181,5906727.632],[32467700.5982,5906727.8977],[32467697.5711,5906727.9251],[32467694.5872,5906727.7069],[32467691.6093,5906727.3177],[32467688.5988,5906726.8124],[32467685.6188,5906726.1395],[32467682.7323,5906725.2473],[32467680.0023,5906724.0841],[32467677.4323,5906722.6405],[32467674.9175,5906721.0061],[32467672.4731,5906719.2063],[32467670.1206,5906717.2627],[32467667.8814,5906715.1968],[32467665.7769,5906713.03],[32467663.827,5906710.783],[32467661.9926,5906708.4383],[32467660.2492,5906705.9934],[32467658.5975,5906703.4636],[32467657.0385,5906700.8642],[32467655.5728,5906698.2107],[32467654.2014,5906695.5182],[32467652.9251,5906692.8023],[32467651.752,5906690.0673],[32467650.7196,5906687.2645],[32467649.8194,5906684.399],[32467649.0351,5906681.4865],[32467648.3503,5906678.5425],[32467647.7487,5906675.5828],[32467647.2139,5906672.6231],[32467646.7409,5906669.6697],[32467646.3486,5906666.7038],[32467646.0226,5906663.7263],[32467645.7461,5906660.74],[32467645.5023,5906657.7476],[32467645.324,5906655.4048],[32467641.3183,5906618.9103],[32467637.0487,5906598.4223],[32467628.65,5906573.1347],[32467628.54,5906572.8313],[32467627.5076,5906570.0089],[32467626.4703,5906567.1877],[32467625.4315,5906564.3667],[32467624.3948,5906561.5451],[32467623.3634,5906558.7221],[32467622.3409,5906555.8967],[32467621.3307,5906553.0682],[32467620.3362,5906550.2358],[32467619.3608,5906547.3984],[32467618.4045,5906544.556],[32467617.4576,5906541.71],[32467616.5188,5906538.8609],[32467615.5872,5906536.0089],[32467614.6622,5906533.1543],[32467613.7429,5906530.2975],[32467612.8289,5906527.4387],[32467611.9192,5906524.5781],[32467611.0132,5906521.7162],[32467610.1101,5906518.853],[32467609.2093,5906515.989],[32467608.3101,5906513.1244],[32467607.4116,5906510.2595],[32467606.5133,5906507.3946],[32467605.6144,5906504.5299],[32467604.7141,5906501.6658],[32467603.8118,5906498.8025],[32467602.9067,5906495.9403],[32467601.9982,5906493.0795],[32467601.0854,5906490.2204],[32467600.3067,5906487.7957],[32467593.5466,5906467.4417],[32467576.2242,5906422.7689],[32467525.8012,5906317.2071],[32467505.7657,5906278.9248],[32467504.9327,5906277.358],[32467503.5237,5906274.7101],[32467502.1142,5906272.0625],[32467500.7043,5906269.415],[32467499.2943,5906266.7676],[32467497.8845,5906264.1201],[32467496.4752,5906261.4723],[32467495.0666,5906258.8242],[32467493.6591,5906256.1755],[32467492.2529,5906253.5262],[32467490.8483,5906250.8761],[32467489.4456,5906248.225],[32467488.045,5906245.5729],[32467486.6469,5906242.9195],[32467485.2514,5906240.2649],[32467483.859,5906237.6087],[32467482.4698,5906234.9509],[32467481.0842,5906232.2913],[32467479.702,5906229.6301],[32467478.3218,5906226.9677],[32467476.9436,5906224.3044],[32467475.567,5906221.6402],[32467474.192,5906218.9752],[32467472.8183,5906216.3095],[32467471.4459,5906213.6432],[32467470.0745,5906210.9763],[32467468.704,5906208.3089],[32467467.3342,5906205.6411],[32467465.9651,5906202.9731],[32467464.5963,5906200.3048],[32467463.493,5906198.1535],[32467420.2208,5906115.4724],[32467420.1136,5906115.2734],[32467418.6895,5906112.6335],[32467417.2647,5906109.9941],[32467415.8393,5906107.3549],[32467414.4135,5906104.716],[32467412.9876,5906102.0771],[32467411.5617,5906099.4382],[32467410.1361,5906096.7992],[32467408.711,5906094.16],[32467407.2866,5906091.5204],[32467405.8631,5906088.8804],[32467404.4407,5906086.2398],[32467403.0197,5906083.5986],[32467401.6002,5906080.9566],[32467400.1825,5906078.3137],[32467398.7667,5906075.6699],[32467397.3532,5906073.025],[32467395.942,5906070.3789],[32467394.5335,5906067.7315],[32467393.1278,5906065.0826],[32467391.7251,5906062.4323],[32467390.3257,5906059.7804],[32467388.9298,5906057.1267],[32467387.5376,5906054.4712],[32467386.1493,5906051.8137],[32467384.765,5906049.1542],[32467383.3852,5906046.4926],[32467382.0098,5906043.8287],[32467380.6392,5906041.1624],[32467379.2736,5906038.4936],[32467377.9131,5906035.8223],[32467376.5581,5906033.1483],[32467375.2087,5906030.4714],[32467373.8672,5906027.7905],[32467372.5343,5906025.1052],[32467371.2097,5906022.4156],[32467369.8931,5906019.7219],[32467368.5842,5906017.0242],[32467367.2829,5906014.3227],[32467365.9887,5906011.6176],[32467364.7016,5906008.909],[32467363.4211,5906006.1971],[32467362.147,5906003.4819],[32467360.879,5906000.7637],[32467359.617,5905998.0427],[32467358.3605,5905995.3189],[32467357.1094,5905992.5926],[32467355.8633,5905989.8638],[32467354.622,5905987.1328],[32467353.3852,5905984.3997],[32467352.1527,5905981.6647],[32467350.9242,5905978.9279],[32467349.6994,5905976.1894],[32467348.478,5905973.4494],[32467347.2598,5905970.7081],[32467346.0445,5905967.9657],[32467344.8318,5905965.2222],[32467343.6215,5905962.4779],[32467342.4132,5905959.7328],[32467341.2068,5905956.9873],[32467340.002,5905954.2413],[32467338.7992,5905951.4946],[32467337.6009,5905948.746],[32467336.407,5905945.9954],[32467335.2173,5905943.2429],[32467334.0317,5905940.4886],[32467332.8498,5905937.7327],[32467331.6715,5905934.9752],[32467330.4966,5905932.2162],[32467329.3248,5905929.4558],[32467328.1559,5905926.6941],[32467326.9897,5905923.9312],[32467325.826,5905921.1672],[32467324.6645,5905918.4022],[32467323.505,5905915.6363],[32467322.3474,5905912.8696],[32467321.1913,5905910.1022],[32467320.0367,5905907.3342],[32467319.2053,5905905.3389],[32467286.1608,5905827.2378],[32467268.5391,5905789.6812],[32467268.3237,5905789.2359],[32467267.0165,5905786.5362],[32467265.7093,5905783.8366],[32467264.4027,5905781.1367],[32467263.0976,5905778.4361],[32467261.7948,5905775.7344],[32467260.495,5905773.0313],[32467259.1991,5905770.3265],[32467257.908,5905767.6195],[32467256.6223,5905764.9099],[32467255.3429,5905762.1976],[32467254.0706,5905759.482],[32467252.8062,5905756.7628],[32467251.5486,5905754.0405],[32467250.2893,5905751.3188],[32467249.0277,5905748.598],[32467247.764,5905745.8779],[32467246.4985,5905743.1585],[32467245.2316,5905740.4396],[32467243.9637,5905737.7211],[32467242.695,5905735.0028],[32467241.4259,5905732.2846],[32467240.1567,5905729.5664],[32467238.8878,5905726.848],[32467237.6194,5905724.1293],[32467236.352,5905721.4102],[32467235.0858,5905718.6906],[32467233.8212,5905715.9702],[32467232.5584,5905713.249],[32467231.298,5905710.5269],[32467230.04,5905707.8036],[32467228.785,5905705.0791],[32467227.5332,5905702.3533],[32467226.2849,5905699.6259],[32467225.0406,5905696.897],[32467223.8005,5905694.1662],[32467222.5649,5905691.4335],[32467221.3342,5905688.6989],[32467220.1087,5905685.962],[32467218.8887,5905683.2228],[32467217.6747,5905680.4813],[32467216.4668,5905677.7371],[32467215.2655,5905674.9902],[32467214.071,5905672.2405],[32467212.8838,5905669.4878],[32467211.704,5905666.7321],[32467210.5322,5905663.973],[32467209.3685,5905661.2106],[32467208.2133,5905658.4447],[32467207.0671,5905655.6751],[32467205.9303,5905652.9016],[32467204.8024,5905650.1244],[32467203.6832,5905647.3435],[32467202.572,5905644.5593],[32467201.4686,5905641.7718],[32467200.3725,5905638.9813],[32467199.2833,5905636.1879],[32467198.2005,5905633.3918],[32467197.1237,5905630.5932],[32467196.0525,5905627.7923],[32467194.9866,5905624.9892],[32467193.9253,5905622.1841],[32467192.8684,5905619.3773],[32467191.8154,5905616.5688],[32467190.7659,5905613.7588],[32467189.7194,5905610.9476],[32467188.6756,5905608.1353],[32467187.6339,5905605.322],[32467186.5941,5905602.5081],[32467185.5556,5905599.6936],[32467184.518,5905596.8786],[32467183.481,5905594.0635],[32467182.444,5905591.2484],[32467181.4068,5905588.4334],[32467180.3687,5905585.6188],[32467179.7459,5905583.9321],[32467167.6983,5905551.9333],[32467161.7587,5905537.798],[32467160.5374,5905535.4116],[32467159.1388,5905532.7386],[32467157.7581,5905530.0628],[32467156.4375,5905527.3697],[32467155.2196,5905524.6446],[32467154.1465,5905521.8729],[32467153.2667,5905519.007],[32467152.6126,5905516.0318],[32467152.1967,5905513.0085],[32467152.0316,5905509.9985],[32467152.1445,5905507.0587],[32467152.8128,5905504.1515],[32467153.9593,5905501.3082],[32467155.3468,5905498.6037],[32467156.9754,5905496.0955],[32467158.8643,5905493.717],[32467160.7766,5905491.3553],[32467162.4748,5905488.8972],[32467165.619,5905480.4483],[32467165.8351,5905468.4977],[32467152.8907,5905452.0854],[32467127.5458,5905426.2812],[32467124.5251,5905425.2994],[32467122.2786,5905426.5449],[32467118.8582,5905438.3774],[32467116.9028,5905440.3025],[32467113.7487,5905440.4807],[32467110.7912,5905440.0605],[32467107.8222,5905439.4139],[32467104.9196,5905438.5338],[32467102.1418,5905437.4288],[32467099.386,5905436.2198],[32467096.649,5905434.9223],[32467093.9619,5905433.5224],[32467091.3558,5905432.0064],[32467088.8615,5905430.3605],[32467086.506,5905428.5633],[32467084.2805,5905426.5573],[32467082.1943,5905424.3628],[32467080.2636,5905422.0165],[32467078.5046,5905419.5548],[32467076.9182,5905417.0169],[32467075.396,5905414.4458],[32467073.9098,5905411.8504],[32467072.4546,5905409.2341],[32467071.0253,5905406.6],[32467069.6167,5905403.9516],[32467068.2239,5905401.2923],[32467066.8418,5905398.6252],[32467065.4654,5905395.9538],[32467064.0895,5905393.2814],[32467063.2155,5905391.5908],[32467054.0494,5905374.826],[32467044.5159,5905360.3458],[32467044.1464,5905359.8187],[32467042.4117,5905357.3691],[32467040.6716,5905354.9225],[32467038.9335,5905352.4745],[32467037.2043,5905350.0208],[32467035.4911,5905347.5571],[32467033.801,5905345.0788],[32467032.1412,5905342.5816],[32467030.5149,5905340.0632],[32467028.8923,5905337.5391],[32467027.2708,5905335.0114],[32467025.657,5905332.4771],[32467024.0576,5905329.9334],[32467022.4792,5905327.3774],[32467020.9286,5905324.8062],[32467019.4125,5905322.2168],[32467017.9374,5905319.6065],[32467016.5101,5905316.9722],[32467015.1374,5905314.3112],[32467013.8142,5905311.6256],[32467012.5041,5905308.9316],[32467011.2042,5905306.2311],[32467009.9148,5905303.5238],[32467008.6366,5905300.81],[32467007.3699,5905298.0898],[32467006.1153,5905295.3631],[32467004.8732,5905292.63],[32467003.6441,5905289.8906],[32467002.4285,5905287.145],[32467001.2268,5905284.3933],[32467000.0396,5905281.6354],[32466998.8674,5905278.8716],[32466997.7105,5905276.1017],[32466996.5696,5905273.326],[32466995.445,5905270.5444],[32466994.3372,5905267.7571],[32466993.2467,5905264.9641],[32466992.1741,5905262.1654],[32466991.1193,5905259.3612],[32466990.0795,5905256.5515],[32466989.0532,5905253.7365],[32466988.0397,5905250.9165],[32466987.0383,5905248.0918],[32466986.0481,5905245.2628],[32466985.0685,5905242.4298],[32466984.0986,5905239.593],[32466983.1377,5905236.7527],[32466982.1849,5905233.9093],[32466981.2397,5905231.063],[32466980.3011,5905228.2141],[32466979.3683,5905225.363],[32466978.4408,5905222.5099],[32466977.5176,5905219.6552],[32466976.598,5905216.7991],[32466975.6812,5905213.942],[32466974.7665,5905211.0841],[32466973.853,5905208.2258],[32466972.9401,5905205.3673],[32466972.027,5905202.509],[32466971.1128,5905199.6511],[32466970.1969,5905196.7939],[32466969.2784,5905193.9378],[32466968.3566,5905191.0831],[32466967.4307,5905188.23],[32466966.4999,5905185.3788],[32466965.5631,5905182.53],[32466964.6154,5905179.6839],[32466963.6577,5905176.8401],[32466962.6926,5905173.9979],[32466961.7228,5905171.1567],[32466960.7509,5905168.3159],[32466959.7797,5905165.4748],[32466958.8117,5905162.6327],[32466957.8497,5905159.789],[32466956.8963,5905156.943],[32466955.9542,5905154.0941],[32466955.0259,5905151.2416],[32466954.1142,5905148.3849],[32466953.2218,5905145.5233],[32466952.3512,5905142.6561],[32466951.5052,5905139.7828],[32466950.6863,5905136.9026],[32466949.8974,5905134.0149],[32466949.1448,5905131.1169],[32466948.436,5905128.2046],[32466947.7679,5905125.2797],[32466947.137,5905122.344],[32466946.5399,5905119.3992],[32466945.9732,5905116.447],[32466945.4335,5905113.4893],[32466944.9174,5905110.5278],[32466944.4214,5905107.5642],[32466943.9422,5905104.6004],[32466943.4763,5905101.638],[32466943.0202,5905098.6789],[32466942.5706,5905095.7248],[32466942.4214,5905092.6925],[32466943.2187,5905089.7953],[32466944.648,5905087.2052],[32466946.2858,5905084.6913],[32466948.0215,5905082.2128],[32466949.7443,5905079.7285],[32466951.4423,5905077.2224],[32466952.9763,5905075.1078],[32466954.7362,5905072.1757],[32466955.1549,5905069.1434],[32466953.4785,5905066.8122],[32466948.4451,5905063.8923],[32466948.3092,5905063.8212],[32466945.569,5905062.406],[32466942.9878,5905060.8249],[32466940.2679,5905059.1486],[32466937.9291,5905057.1594],[32466936.9576,5905054.4604],[32466936.3495,5905051.5795],[32466935.7631,5905048.6841],[32466935.1974,5905045.7753],[32466934.6513,5905042.854],[32466934.124,5905039.9211],[32466933.6144,5905036.9776],[32466933.1216,5905034.0245],[32466932.6446,5905031.0625],[32466932.1824,5905028.0928],[32466931.7341,5905025.1162],[32466931.2986,5905022.1336],[32466930.8751,5905019.1461],[32466930.4625,5905016.1545],[32466930.0598,5905013.1598],[32466929.6661,5905010.1629],[32466929.2805,5905007.1648],[32466928.9018,5905004.1664],[32466928.5293,5905001.1687],[32466928.1618,5904998.1725],[32466927.7984,5904995.1788],[32466927.4382,5904992.1886],[32466927.0802,5904989.2028],[32466926.7233,5904986.2224],[32466926.3668,5904983.2456],[32466926.0104,5904980.2683],[32466925.6546,5904977.2906],[32466925.2996,5904974.3123],[32466924.9457,5904971.3336],[32466924.5933,5904968.3543],[32466924.2427,5904965.3746],[32466923.8941,5904962.3945],[32466923.548,5904959.4138],[32466923.2046,5904956.4327],[32466922.8642,5904953.4512],[32466922.5271,5904950.4692],[32466922.1938,5904947.4868],[32466921.8644,5904944.5039],[32466921.5393,5904941.5206],[32466921.2188,5904938.5368],[32466920.9032,5904935.5527],[32466920.5929,5904932.5681],[32466920.2881,5904929.5831],[32466919.9892,5904926.5977],[32466919.6965,5904923.6119],[32466919.4103,5904920.6257],[32466919.1309,5904917.6391],[32466918.8586,5904914.6522],[32466918.5938,5904911.6648],[32466918.3368,5904908.6771],[32466918.0878,5904905.689],[32466917.8472,5904902.7006],[32466917.6154,5904899.7118],[32466917.3925,5904896.7227],[32466917.179,5904893.7332],[32466916.9751,5904890.7433],[32466916.7812,5904887.7532],[32466916.5976,5904884.7627],[32466916.4248,5904881.7718],[32466916.2689,5904878.7802],[32466916.1323,5904875.7876],[32466916.0138,5904872.794],[32466915.9124,5904869.7995],[32466915.827,5904866.8042],[32466915.7565,5904863.8081],[32466915.6999,5904860.8113],[32466915.6561,5904857.8138],[32466915.6241,5904854.8157],[32466915.6027,5904851.817],[32466915.591,5904848.8178],[32466915.5877,5904845.8182],[32466915.5903,5904843.9313],[32466914.9343,5904742.8527],[32466914.8959,5904740.7852],[32466914.8414,5904737.7839],[32466914.7886,5904734.7828],[32466914.7378,5904731.782],[32466914.6894,5904728.7817],[32466914.6435,5904725.7817],[32466914.6007,5904722.7823],[32466914.5611,5904719.7833],[32466914.5251,5904716.7849],[32466914.493,5904713.7871],[32466914.4651,5904710.79],[32466914.4418,5904707.7936],[32466914.4234,5904704.7979],[32466914.4101,5904701.803],[32466914.4023,5904698.8089],[32466914.4003,5904695.8157],[32466914.4044,5904692.8235],[32466914.415,5904689.8322],[32466914.4324,5904686.8419],[32466914.4568,5904683.8527],[32466914.5319,5904680.8454],[32466915.127,5904677.7647],[32466916.3943,5904674.9971],[32466918.3364,5904672.9031],[32466920.7628,5904671.2139],[32466921.7068,5904670.6947],[32466930.5198,5904664.9202],[32466930.299,5904661.7963],[32466930.4089,5904658.7771],[32466930.5692,5904655.7824],[32466930.725,5904652.7873],[32466930.8767,5904649.7917],[32466931.0248,5904646.7958],[32466931.1697,5904643.7994],[32466931.3119,5904640.8028],[32466931.4519,5904637.8059],[32466931.59,5904634.8088],[32466931.7268,5904631.8116],[32466931.8627,5904628.8142],[32466931.9981,5904625.8167],[32466932.1336,5904622.8192],[32466932.2694,5904619.8217],[32466932.4062,5904616.8243],[32466932.5443,5904613.827],[32466932.6842,5904610.8298],[32466932.8264,5904607.8329],[32466932.9712,5904604.8361],[32466933.1192,5904601.8397],[32466933.2709,5904598.8436],[32466933.4265,5904595.8479],[32466933.5867,5904592.8527],[32466933.7518,5904589.8579],[32466933.9223,5904586.8636],[32466934.0986,5904583.8699],[32466934.2813,5904580.8768],[32466934.4707,5904577.8844],[32466934.6674,5904574.8927],[32466934.8717,5904571.9017],[32466935.084,5904568.9115],[32466935.305,5904565.9222],[32466935.535,5904562.9338],[32466935.7744,5904559.9463],[32466936.0237,5904556.9598],[32466936.2834,5904553.9743],[32466936.5539,5904550.9899],[32466936.8356,5904548.0066],[32466937.1308,5904545.0247],[32466937.4419,5904542.0443],[32466937.7683,5904539.0655],[32466938.1091,5904536.0882],[32466938.4634,5904533.1122],[32466938.8305,5904530.1374],[32466939.2095,5904527.1639],[32466939.5994,5904524.1914],[32466939.9995,5904521.22],[32466940.409,5904518.2494],[32466940.8269,5904515.2798],[32466941.2525,5904512.3108],[32466941.6849,5904509.3426],[32466942.1232,5904506.3749],[32466942.5666,5904503.4077],[32466943.0142,5904500.4409],[32466943.4652,5904497.4744],[32466943.9188,5904494.5081],[32466944.3742,5904491.542],[32466944.8303,5904488.576],[32466945.2865,5904485.6099],[32466945.7419,5904482.6437],[32466945.7807,5904482.3902],[32466952.5425,5904432.117],[32466958.521,5904359.3058],[32466958.6648,5904357.3972],[32466958.8925,5904354.4063],[32466959.1233,5904351.4157],[32466959.3574,5904348.4255],[32466959.5954,5904345.4356],[32466959.8378,5904342.4462],[32466960.0851,5904339.4573],[32466960.3376,5904336.4689],[32466960.596,5904333.4811],[32466960.8606,5904330.494],[32466961.132,5904327.5075],[32466961.4101,5904324.5217],[32466961.6926,5904321.5363],[32466961.9788,5904318.5512],[32466962.2685,5904315.5664],[32466962.5617,5904312.5819],[32466962.858,5904309.5977],[32466963.1572,5904306.6137],[32466963.4593,5904303.6299],[32466963.7639,5904300.6464],[32466964.071,5904297.6631],[32466964.3802,5904294.6799],[32466964.6915,5904291.6969],[32466965.0045,5904288.7141],[32466965.3192,5904285.7314],[32466965.6353,5904282.7489],[32466965.6948,5904282.1894],[32466975.8523,5904181.3057],[32466979.1002,5904121.4159],[32466979.7611,5904091.1964],[32466979.7006,5904088.3447],[32466979.6284,5904085.3185],[32466979.5574,5904082.294],[32466979.497,5904079.2735],[32466979.4564,5904076.2588],[32466979.445,5904073.2519],[32466979.4721,5904070.2549],[32466979.5471,5904067.2697],[32466979.6791,5904064.2985],[32466979.8776,5904061.3431],[32466980.1519,5904058.4055],[32466980.542,5904055.4898],[32466981.3734,5904052.6283],[32466982.6402,5904049.8547],[32466984.2268,5904047.1984],[32466986.0176,5904044.6887],[32466987.899,5904042.3542],[32466989.8953,5904040.1658],[32466992.0352,5904038.0827],[32466994.2866,5904036.086],[32466996.6172,5904034.1572],[32466998.9948,5904032.2775],[32467001.3873,5904030.4282],[32467003.7629,5904028.5902],[32467006.1408,5904026.7375],[32467008.5555,5904024.9051],[32467011.0226,5904023.1525],[32467013.558,5904021.5389],[32467016.1776,5904020.1239],[32467018.8982,5904018.9592],[32467021.722,5904018.0229],[32467024.6221,5904017.2549],[32467027.5696,5904016.5953],[32467030.5358,5904015.9845],[32467033.4919,5904015.3626],[32467036.4329,5904014.7259],[32467039.4535,5904014.3027],[32467042.5137,5904013.7925],[32467051.3566,5903989.7893],[32467047.6722,5903990.7409],[32467045.3688,5903992.7262],[32467043.0902,5903994.8118],[32467040.6138,5903996.4324],[32467037.8287,5903997.3051],[32467017.0221,5904000.6791],[32467004.2387,5904004.1647],[32467002.5094,5904004.6995],[32466999.6189,5904005.4244],[32466996.7008,5904005.8354],[32466993.6499,5904005.5374],[32466990.7457,5904004.6571],[32466988.4999,5904002.6485],[32466988.168,5903999.7187],[32466988.1257,5903996.752],[32466988.1825,5903993.7537],[32466988.299,5903990.7355],[32466988.4358,5903987.7093],[32466988.5537,5903984.6868],[32466988.614,5903981.6795],[32466988.6446,5903978.6808],[32466988.6776,5903975.682],[32466988.7128,5903972.6832],[32466988.75,5903969.6843],[32466988.7892,5903966.6853],[32466988.8301,5903963.6863],[32466988.8726,5903960.6873],[32466988.9165,5903957.6882],[32466988.9617,5903954.689],[32466989.008,5903951.6899],[32466989.0553,5903948.6907],[32466989.1033,5903945.6914],[32466989.124,5903944.4158],[32466990.1067,5903852.7264],[32466987.9158,5903786.8051],[32466975.4851,5903664.4814],[32466959.6237,5903543.978],[32466959.4285,5903542.5801],[32466959.015,5903539.6098],[32466958.6029,5903536.6393],[32466958.1924,5903533.6686],[32466957.7838,5903530.6978],[32466957.3772,5903527.7267],[32466956.9729,5903524.7553],[32466956.5711,5903521.7836],[32466956.172,5903518.8117],[32466955.7757,5903515.8393],[32466955.3825,5903512.8667],[32466954.9926,5903509.8936],[32466954.6062,5903506.9202],[32466954.2234,5903503.9463],[32466953.8446,5903500.9719],[32466953.4698,5903497.9956],[32466953.1004,5903495.0111],[32466952.7394,5903492.0194],[32466952.3902,5903489.0228],[32466952.0561,5903486.0233],[32466951.7404,5903483.0232],[32466951.4464,5903480.0246],[32466951.1775,5903477.0297],[32466950.9368,5903474.0407],[32466950.7277,5903471.0597],[32466950.5536,5903468.089],[32466950.4177,5903465.1307],[32466950.9567,5903462.1527],[32466953.2796,5903460.3979],[32466956.3719,5903460.7647],[32466958.8726,5903462.3048],[32466961.3089,5903464.0302],[32466961.9359,5903464.5077],[32466976.296,5903474.1682],[32466982.2158,5903474.6664],[32466985.1064,5903473.5004],[32466986.3275,5903471.0144],[32466983.2205,5903463.6512],[32466982.699,5903462.7652],[32466981.5066,5903460.0097],[32466980.4111,5903457.2016],[32466979.4199,5903454.6445],[32466978.1495,5903451.6339],[32466971.5214,5903441.6381],[32466951.4836,5903428.9755],[32466951.2698,5903428.8606],[32466948.6883,5903427.3472],[32466946.2519,5903425.6694],[32466944.0795,5903423.4539],[32466943.0524,5903420.6488],[32466942.6434,5903417.6917],[32466942.2363,5903414.7329],[32466941.8311,5903411.7726],[32466941.4278,5903408.8107],[32466941.0265,5903405.8474],[32466940.6273,5903402.8826],[32466940.2301,5903399.9165],[32466939.8351,5903396.9491],[32466939.4423,5903393.9803],[32466939.0517,5903391.0104],[32466938.6635,5903388.0392],[32466938.2775,5903385.0669],[32466937.894,5903382.0935],[32466937.5129,5903379.119],[32466937.1342,5903376.1435],[32466936.7581,5903373.1671],[32466936.3846,5903370.1897],[32466936.0138,5903367.2115],[32466935.6456,5903364.2324],[32466935.2801,5903361.2526],[32466934.9174,5903358.272],[32466934.5576,5903355.2907],[32466934.2006,5903352.3088],[32466933.8466,5903349.3263],[32466933.4955,5903346.3433],[32466933.1474,5903343.3598],[32466932.8025,5903340.3758],[32466932.4606,5903337.3914],[32466932.1219,5903334.4066],[32466931.7865,5903331.4215],[32466931.4543,5903328.4361],[32466931.1254,5903325.4505],[32466930.7999,5903322.4648],[32466930.4778,5903319.4789],[32466930.1592,5903316.4929],[32466929.8441,5903313.5068],[32466929.5326,5903310.5208],[32466929.2246,5903307.5348],[32466928.9204,5903304.5489],[32466928.6198,5903301.5632],[32466928.323,5903298.5776],[32466928.03,5903295.5923],[32466927.7409,5903292.6073],[32466927.4556,5903289.6226],[32466927.1755,5903286.638],[32466926.9079,5903283.6525],[32466926.6536,5903280.6659],[32466926.4117,5903277.6781],[32466926.1816,5903274.6893],[32466925.9625,5903271.6996],[32466925.7537,5903268.7089],[32466925.5544,5903265.7175],[32466925.3639,5903262.7252],[32466925.1815,5903259.7322],[32466925.0064,5903256.7386],[32466924.8378,5903253.7444],[32466924.6751,5903250.7497],[32466924.5175,5903247.7545],[32466924.3642,5903244.7589],[32466924.326,5903243.9938],[32466910.3168,5903023.2776],[32466896.2492,5902868.6007],[32466896.1863,5902867.9909],[32466895.9217,5902864.9998],[32466895.8223,5902864.4607],[32466895.5711,5902862.0244],[32466895.2639,5902859.0412],[32466894.957,5902856.0579],[32466894.6504,5902853.0745],[32466894.3445,5902850.0912],[32466894.0391,5902847.1078],[32466893.7344,5902844.1243],[32466893.4305,5902841.1408],[32466893.1275,5902838.1573],[32466892.8254,5902835.1736],[32466892.5244,5902832.1899],[32466892.2246,5902829.2061],[32466891.926,5902826.2222],[32466891.6282,5902823.2382],[32466891.3311,5902820.2541],[32466891.0346,5902817.2699],[32466890.7388,5902814.2856],[32466890.4436,5902811.3012],[32466890.1489,5902808.3167],[32466890.0616,5902807.4307],[32466865.5532,5902566.6628],[32466850.2819,5902482.6318],[32466849.901,5902480.9679],[32466849.2496,5902478.0213],[32466848.6341,5902475.0775],[32466848.0668,5902472.1369],[32466847.5598,5902469.2],[32466847.1254,5902466.2672],[32466846.7758,5902463.3391],[32466846.5389,5902460.4173],[32466846.9808,5902457.5423],[32466848.0726,5902454.7108],[32466848.2028,5902454.4327],[32466852.5735,5902443.3106],[32466852.7649,5902434.49],[32466847.5449,5902414.0247],[32466840.6534,5902400.7417],[32466838.8014,5902398.4982],[32466836.832,5902396.197],[32466834.9082,5902393.8645],[32466833.1254,5902391.4455],[32466831.5642,5902388.8936],[32466830.0942,5902386.2867],[32466828.6574,5902383.6592],[32466827.2495,5902381.0138],[32466825.8658,5902378.3532],[32466824.502,5902375.6803],[32466823.1536,5902372.9978],[32466821.816,5902370.3084],[32466820.4848,5902367.6148],[32466820.0543,5902366.7421],[32466808.0512,5902343.6413],[32466781.9541,5902303.3817],[32466744.1129,5902253.0491],[32466693.2522,5902190.0237],[32466631.0508,5902116.9569],[32466525.8151,5901997.8453],[32466523.3486,5901995.6567],[32466521.0954,5901993.6769],[32466518.8366,5901991.7031],[32466516.5757,5901989.7315],[32466514.3164,5901987.7583],[32466512.0622,5901985.7795],[32466509.8169,5901983.7912],[32466507.584,5901981.7896],[32466505.3671,5901979.7708],[32466503.17,5901977.731],[32466500.996,5901975.6663],[32466498.832,5901973.5907],[32466496.6672,5901971.5158],[32466494.5018,5901969.4413],[32466492.3359,5901967.3671],[32466490.1696,5901965.2933],[32466488.0029,5901963.2197],[32466485.8359,5901961.1462],[32466483.6688,5901959.0728],[32466481.5016,5901956.9993],[32466479.3344,5901954.9258],[32466477.1673,5901952.852],[32466475.0004,5901950.7779],[32466472.8337,5901948.7035],[32466470.6674,5901946.6287],[32466468.5016,5901944.5533],[32466466.3364,5901942.4773],[32466464.1718,5901940.4006],[32466462.0079,5901938.3232],[32466459.8448,5901936.2449],[32466457.6827,5901934.1656],[32466455.5216,5901932.0853],[32466453.3615,5901930.004],[32466451.2026,5901927.9214],[32466449.0451,5901925.8375],[32466446.8889,5901923.7524],[32466444.7341,5901921.6657],[32466442.5809,5901919.5776],[32466440.4293,5901917.4878],[32466438.2795,5901915.3964],[32466436.1314,5901913.3032],[32466433.9853,5901911.2081],[32466431.8412,5901909.1112],[32466429.6992,5901907.0122],[32466427.5594,5901904.9111],[32466425.4218,5901902.8078],[32466423.2866,5901900.7023],[32466421.1538,5901898.5944],[32466419.0236,5901896.4841],[32466416.896,5901894.3713],[32466414.7712,5901892.2559],[32466412.6491,5901890.1378],[32466410.53,5901888.017],[32466408.4139,5901885.8933],[32466406.3008,5901883.7667],[32466404.191,5901881.6371],[32466402.0844,5901879.5044],[32466399.9811,5901877.3685],[32466397.8813,5901875.2294],[32466395.7851,5901873.0869],[32466393.6914,5901870.9413],[32466391.5994,5901868.7927],[32466389.5095,5901866.6408],[32466387.4223,5901864.4852],[32466385.3381,5901862.3259],[32466383.2573,5901860.1624],[32466381.1805,5901857.9945],[32466379.108,5901855.822],[32466377.0403,5901853.6446],[32466374.9778,5901851.462],[32466372.9209,5901849.2739],[32466370.8702,5901847.0802],[32466368.8259,5901844.8804],[32466366.7887,5901842.6744],[32466364.7588,5901840.4619],[32466362.7368,5901838.2425],[32466360.723,5901836.0162],[32466358.718,5901833.7824],[32466356.7221,5901831.5411],[32466354.7359,5901829.292],[32466352.7596,5901827.0347],[32466350.7938,5901824.769],[32466348.8389,5901822.4947],[32466346.8954,5901820.2114],[32466344.9636,5901817.919],[32466343.0441,5901815.617],[32466341.1372,5901813.3054],[32466339.2433,5901810.9837],[32466337.3631,5901808.6518],[32466335.4967,5901806.3093],[32466333.6429,5901803.9573],[32466331.7978,5901801.5983],[32466329.9609,5901799.2327],[32466328.132,5901796.8607],[32466326.3107,5901794.4825],[32466324.4968,5901792.0984],[32466322.6899,5901789.7086],[32466320.8898,5901787.3133],[32466319.0962,5901784.9128],[32466317.3087,5901782.5074],[32466315.5272,5901780.0972],[32466313.7512,5901777.6825],[32466311.9805,5901775.2635],[32466310.2148,5901772.8405],[32466308.4538,5901770.4137],[32466306.6972,5901767.9833],[32466304.9447,5901765.5496],[32466303.196,5901763.1128],[32466301.4509,5901760.6732],[32466299.7089,5901758.2309],[32466297.9699,5901755.7863],[32466296.2335,5901753.3395],[32466294.4995,5901750.8909],[32466292.7675,5901748.4405],[32466291.0372,5901745.9888],[32466289.3084,5901743.5358],[32466287.5807,5901741.0819],[32466285.8539,5901738.6272],[32466284.1277,5901736.1721],[32466282.4017,5901733.7167],[32466280.6757,5901731.2613],[32466280.1498,5901730.5133],[32466248.4725,5901686.1894],[32466247.5301,5901684.8807],[32466245.7816,5901682.4398],[32466244.0366,5901679.9953],[32466242.2934,5901677.5489],[32466241.0039,5901675.7391],[32466209.1691,5901634.9782],[32466165.142,5901589.8904],[32466087.6997,5901526.8067],[32466086.0884,5901525.5492],[32466083.723,5901523.7013],[32466081.3589,5901521.852],[32466078.9964,5901520.0009],[32466076.6358,5901518.1478],[32466074.2773,5901516.2923],[32466071.9213,5901514.4341],[32466069.568,5901512.5729],[32466067.2178,5901510.7083],[32466064.871,5901508.84],[32466062.5278,5901506.9676],[32466060.1885,5901505.091],[32466057.8854,5901503.1704],[32466055.5802,5901501.2523],[32466053.2731,5901499.3362],[32466050.9646,5901497.422],[32466048.6549,5901495.5091],[32466046.3442,5901493.5973],[32466044.0329,5901491.6863],[32466041.7212,5901489.7757],[32466039.4095,5901487.8651],[32466037.098,5901485.9543],[32466034.787,5901484.0428],[32466032.4769,5901482.1304],[32466030.1678,5901480.2168],[32466027.8602,5901478.3014],[32466025.5542,5901476.3842],[32466023.2503,5901474.4646],[32466020.9486,5901472.5424],[32466018.6494,5901470.6171],[32466016.3531,5901468.6886],[32466014.06,5901466.7564],[32466011.7702,5901464.8202],[32466009.4842,5901462.8797],[32466007.2022,5901460.9345],[32466004.9246,5901458.9843],[32466002.6508,5901457.0294],[32466000.3756,5901455.0755],[32465998.0982,5901453.1234],[32465995.8189,5901451.1727],[32465993.5383,5901449.2231],[32465991.2568,5901447.2739],[32465988.9748,5901445.3249],[32465986.6928,5901443.3755],[32465984.4113,5901441.4254],[32465982.1307,5901439.474],[32465979.8514,5901437.5211],[32465977.574,5901435.566],[32465975.2988,5901433.6085],[32465973.0264,5901431.648],[32465970.7571,5901429.6841],[32465968.4915,5901427.7164],[32465966.2299,5901425.7444],[32465963.9729,5901423.7678],[32465961.7209,5901421.786],[32465959.4743,5901419.7987],[32465957.2336,5901417.8053],[32465954.9993,5901415.8056],[32465952.7718,5901413.7989],[32465950.5515,5901411.785],[32465948.339,5901409.7633],[32465946.1346,5901407.7334],[32465943.9388,5901405.6949],[32465941.7522,5901403.6474],[32465939.575,5901401.5903],[32465937.4078,5901399.5234],[32465935.2523,5901397.4446],[32465933.1147,5901395.3464],[32465930.9953,5901393.2284],[32465928.8934,5901391.0918],[32465926.8081,5901388.9375],[32465924.7387,5901386.7667],[32465922.6844,5901384.5803],[32465920.6443,5901382.3795],[32465918.6177,5901380.1652],[32465916.6037,5901377.9385],[32465914.6017,5901375.7005],[32465912.6108,5901373.4522],[32465910.6301,5901371.1946],[32465908.659,5901368.9288],[32465906.6966,5901366.6559],[32465904.7422,5901364.3768],[32465902.7949,5901362.0926],[32465900.8539,5901359.8044],[32465898.9185,5901357.5132],[32465896.9879,5901355.2201],[32465895.0601,5901352.9247],[32465893.1343,5901350.6254],[32465891.2116,5901348.3215],[32465889.2931,5901346.0124],[32465887.38,5901343.6977],[32465885.4736,5901341.3766],[32465883.5749,5901339.0487],[32465881.6852,5901336.7133],[32465879.8056,5901334.37],[32465877.9374,5901332.018],[32465876.0817,5901329.6568],[32465874.2397,5901327.2859],[32465872.4125,5901324.9046],[32465870.6014,5901322.5125],[32465868.8075,5901320.1088],[32465867.032,5901317.6931],[32465865.276,5901315.2648],[32465863.5409,5901312.8232],[32465861.8277,5901310.3679],[32465860.1376,5901307.8982],[32465858.4706,5901305.4129],[32465856.8248,5901302.9114],[32465855.1996,5901300.3944],[32465853.5945,5901297.8627],[32465852.0087,5901295.317],[32465850.4418,5901292.7581],[32465848.893,5901290.1866],[32465847.3619,5901287.6035],[32465845.8478,5901285.0094],[32465844.3501,5901282.4052],[32465842.8682,5901279.7915],[32465841.4015,5901277.1691],[32465839.9495,5901274.5388],[32465838.5114,5901271.9013],[32465837.0868,5901269.2574],[32465835.6749,5901266.6079],[32465834.2753,5901263.9535],[32465832.8873,5901261.2949],[32465831.5103,5901258.633],[32465830.1435,5901255.9676],[32465828.7858,5901253.2947],[32465827.4383,5901250.614],[32465826.1022,5901247.9254],[32465824.7787,5901245.2288],[32465823.4689,5901242.5243],[32465822.1741,5901239.8118],[32465820.8955,5901237.0914],[32465819.6342,5901234.3629],[32465818.3914,5901231.6264],[32465817.1684,5901228.8819],[32465815.9664,5901226.1293],[32465814.7865,5901223.3687],[32465813.6299,5901220.5999],[32465812.4978,5901217.8231],[32465811.3915,5901215.0381],[32465810.3121,5901212.2449],[32465809.2608,5901209.4436],[32465808.2397,5901206.6337],[32465807.2638,5901203.8074],[32465806.3354,5901200.9631],[32465805.4505,5901198.1027],[32465804.6052,5901195.2278],[32465803.7955,5901192.3401],[32465803.0173,5901189.4412],[32465802.2667,5901186.5329],[32465801.5397,5901183.6169],[32465800.8324,5901180.6948],[32465800.1407,5901177.7683],[32465799.4607,5901174.8392],[32465798.7885,5901171.9091],[32465798.1199,5901168.9797],[32465797.4511,5901166.0528],[32465796.778,5901163.1299],[32465796.1141,5901160.2074],[32465795.4882,5901157.2765],[32465794.8954,5901154.338],[32465794.33,5901151.3933],[32465793.786,5901148.4438],[32465793.2576,5901145.4908],[32465792.7391,5901142.5356],[32465792.2244,5901139.5794],[32465791.7079,5901136.6237],[32465791.1837,5901133.6697],[32465790.4124,5901129.4692],[32465734.6963,5900831.7422],[32465724.1503,5900769.7904],[32465774.2391,5900763.199],[32465770.0122,5900752.6324],[32465766.33,5900743.4272],[32465783.4653,5900719.7007],[32465717.5591,5900730.2466],[32465626.6007,5900202.9971],[32465598.8825,5900008.819],[32465594.2259,5899956.4434],[32465594.1722,5899955.8684],[32465593.8953,5899952.8795],[32465593.6212,5899949.8907],[32465593.3503,5899946.9017],[32465593.0834,5899943.9125],[32465592.8209,5899940.9233],[32465592.5635,5899937.9339],[32465592.3118,5899934.9443],[32465592.0663,5899931.9545],[32465591.8276,5899928.9645],[32465591.5964,5899925.9742],[32465591.3732,5899922.9837],[32465591.1586,5899919.9929],[32465590.9532,5899917.0019],[32465590.7576,5899914.0105],[32465590.5724,5899911.0188],[32465590.3982,5899908.0267],[32465590.2355,5899905.0343],[32465590.085,5899902.0415],[32465589.9472,5899899.0483],[32465589.8227,5899896.0547],[32465589.7122,5899893.0606],[32465589.6162,5899890.0661],[32465589.5353,5899887.0711],[32465589.47,5899884.0756],[32465589.4203,5899881.0796],[32465589.3765,5899878.0834],[32465589.3355,5899875.0871],[32465589.2974,5899872.0907],[32465589.2621,5899869.0942],[32465589.2296,5899866.0976],[32465589.1999,5899863.1008],[32465589.1728,5899860.104],[32465589.1484,5899857.107],[32465589.1266,5899854.11],[32465589.1074,5899851.1128],[32465589.0907,5899848.1156],[32465589.0765,5899845.1183],[32465589.0648,5899842.1208],[32465589.0555,5899839.1233],[32465589.0486,5899836.1257],[32465589.044,5899833.128],[32465589.0417,5899830.1302],[32465589.0417,5899827.1324],[32465589.0439,5899824.1345],[32465589.0483,5899821.1364],[32465589.0548,5899818.1384],[32465589.0634,5899815.1402],[32465589.0741,5899812.142],[32465589.0868,5899809.1437],[32465589.1014,5899806.1453],[32465589.1181,5899803.1468],[32465589.1366,5899800.1483],[32465589.1569,5899797.1498],[32465589.1791,5899794.1512],[32465589.2031,5899791.1525],[32465589.2288,5899788.1537],[32465589.2562,5899785.155],[32465589.2853,5899782.1561],[32465589.316,5899779.1572],[32465589.3483,5899776.1583],[32465589.3821,5899773.1593],[32465589.4174,5899770.1603],[32465589.4542,5899767.1612],[32465589.4924,5899764.1621],[32465589.532,5899761.1629],[32465589.5729,5899758.1638],[32465589.6151,5899755.1645],[32465589.6586,5899752.1653],[32465589.7033,5899749.166],[32465589.7492,5899746.1667],[32465589.7962,5899743.1674],[32465589.8444,5899740.168],[32465589.8935,5899737.1687],[32465589.9438,5899734.1693],[32465589.995,5899731.1699],[32465590.0471,5899728.1704],[32465590.1002,5899725.171],[32465590.1541,5899722.1715],[32465590.2088,5899719.1721],[32465590.2643,5899716.1726],[32465590.3206,5899713.1731],[32465590.3775,5899710.1736],[32465590.4352,5899707.1742],[32465590.4934,5899704.1747],[32465590.5522,5899701.1752],[32465590.6116,5899698.1757],[32465590.6715,5899695.1763],[32465590.7318,5899692.1768],[32465590.7926,5899689.1774],[32465590.8538,5899686.1779],[32465590.9153,5899683.1785],[32465590.9771,5899680.1791],[32465591.0391,5899677.1797],[32465591.1014,5899674.1803],[32465591.1639,5899671.181],[32465591.2265,5899668.1817],[32465591.2892,5899665.1824],[32465591.352,5899662.1831],[32465591.4148,5899659.1839],[32465591.4776,5899656.1847],[32465591.5404,5899653.1855],[32465591.603,5899650.1864],[32465591.6655,5899647.1873],[32465591.7279,5899644.1883],[32465591.79,5899641.1892],[32465591.8519,5899638.1903],[32465591.9135,5899635.1914],[32465591.9747,5899632.1925],[32465592.0356,5899629.1937],[32465592.0961,5899626.1949],[32465592.1561,5899623.1962],[32465592.2156,5899620.1976],[32465592.2746,5899617.199],[32465592.333,5899614.2004],[32465592.3908,5899611.202],[32465592.4479,5899608.2036],[32465592.5044,5899605.2052],[32465592.5601,5899602.2069],[32465592.6155,5899599.2087],[32465592.6723,5899596.2106],[32465592.7306,5899593.2124],[32465592.7905,5899590.2143],[32465592.8517,5899587.2162],[32465592.9144,5899584.2182],[32465592.9785,5899581.2201],[32465593.0439,5899578.2221],[32465593.1106,5899575.2241],[32465593.1785,5899572.2262],[32465593.2477,5899569.2283],[32465593.3181,5899566.2304],[32465593.3897,5899563.2325],[32465593.4624,5899560.2346],[32465593.5362,5899557.2368],[32465593.6111,5899554.239],[32465593.687,5899551.2412],[32465593.7639,5899548.2434],[32465593.8417,5899545.2456],[32465593.9205,5899542.2479],[32465594.0001,5899539.2502],[32465594.0806,5899536.2524],[32465594.162,5899533.2548],[32465594.2441,5899530.2571],[32465594.3269,5899527.2594],[32465594.4105,5899524.2618],[32465594.4947,5899521.2641],[32465594.5796,5899518.2665],[32465594.6651,5899515.2689],[32465594.7511,5899512.2713],[32465594.8377,5899509.2737],[32465594.9248,5899506.2761],[32465595.0123,5899503.2785],[32465595.1003,5899500.281],[32465595.1887,5899497.2834],[32465595.2775,5899494.2859],[32465595.3665,5899491.2883],[32465595.4559,5899488.2908],[32465595.5455,5899485.2932],[32465595.6354,5899482.2957],[32465595.7254,5899479.2982],[32465595.8156,5899476.3006],[32465595.9059,5899473.3031],[32465595.9963,5899470.3056],[32465596.0867,5899467.3081],[32465596.1771,5899464.3105],[32465596.2675,5899461.313],[32465596.3579,5899458.3155],[32465596.4481,5899455.318],[32465596.5383,5899452.3204],[32465596.6282,5899449.3229],[32465596.718,5899446.3253],[32465596.8075,5899443.3278],[32465596.8968,5899440.3302],[32465596.9858,5899437.3327],[32465597.0744,5899434.3351],[32465597.1626,5899431.3375],[32465597.2505,5899428.3399],[32465597.3379,5899425.3423],[32465597.4248,5899422.3447],[32465597.5112,5899419.3471],[32465597.5971,5899416.3494],[32465597.6823,5899413.3518],[32465597.6947,5899412.9121],[32465601.3517,5899257.4572],[32465611.4571,5898726.6854],[32465619.3271,5898680.2482],[32465644.5114,5898552.743],[32465664.9736,5898450.4239],[32465683.8619,5898356.7626],[32465720.065,5898213.5157],[32465775.1568,5898015.1739],[32465835.1842,5897811.1747],[32465850.6992,5897763.4998],[32465868.89,5897772.77],[32465865.41,5897789.17],[32465876.46,5897794.67],[32465896.69,5897789.52],[32465912.23,5897785.75],[32465940.66,5897765.0],[32465931.59,5897732.67],[32465928.21,5897713.6],[32465930.9,5897663.77],[32465930.22,5897633.64],[32465975.13,5897631.24],[32466014.06,5897630.34],[32466019.51,5897634.56],[32466029.45,5897625.25],[32466039.53,5897618.19],[32466050.06,5897617.99],[32466057.06,5897617.63],[32466060.77,5897623.48],[32466088.51,5897667.26],[32466143.73,5897678.55],[32466268.41,5897708.79],[32466369.86,5897730.42],[32466376.4,5897729.32],[32466379.4,5897728.82],[32466666.49,5897787.7],[32466671.05,5897791.14],[32466916.8305,5897845.5317],[32466901.8561,5897877.9776],[32466896.8583,5897896.9702],[32466894.3596,5897917.9619],[32466894.6102,5897962.4442],[32466899.6088,5898006.9264],[32466908.8557,5898045.9108],[32466920.8513,5898074.3993],[32466937.595,5898096.3903],[32466948.3409,5898106.886],[32466960.0864,5898115.8823],[32466972.5815,5898122.8793],[32466985.5764,5898126.8775],[32466998.5712,5898127.3772],[32467011.0662,5898123.8784],[32467017.8136,5898132.8747],[32467026.3104,5898139.8718],[32467036.0566,5898144.8697],[32467046.5524,5898147.3685],[32467057.2982,5898146.8686],[32467068.2937,5898142.87],[32467078.5395,5898135.3729],[32467088.2855,5898123.8773],[32467096.7819,5898110.3825],[32467110.776,5898081.8937],[32467121.7711,5898048.4068],[32467133.7117,5897992.0678],[32467141.262,5897956.4431],[32467148.5089,5897938.4502],[32467157.2552,5897925.4552],[32467167.501,5897917.958],[32467178.9964,5897914.9591],[32467191.2416,5897916.4583],[32467204.4864,5897921.4561],[32467218.231,5897929.9526],[32467238.9731,5897947.9451],[32467244.9708,5897956.9415],[32467251.4685,5897978.4328],[32467256.6727,5898009.0177],[32467263.7147,5898050.404],[32467265.7142,5898072.8951],[32467266.4653,5898167.8573],[32467268.965,5898215.3384],[32467272.9637,5898237.3296],[32467279.4614,5898257.3216],[32467288.2082,5898274.8145],[32467298.9542,5898290.808],[32467325.6939,5898318.7965],[32467372.4259,5898357.7803],[32467394.4175,5898378.7717],[32467401.9146,5898388.2678],[32467409.9117,5898407.2601],[32467410.162,5898430.251],[32467406.6635,5898442.7461],[32467391.1701,5898468.2362],[32467378.0098,5898484.3103],[32467358.4337,5898508.2207],[32467348.188,5898523.2149],[32467339.4417,5898539.2087],[32467332.6946,5898555.7022],[32467324.1984,5898588.1894],[32467323.6988,5898603.1835],[32467325.9481,5898616.1783],[32467332.1958,5898627.1738],[32467342.4419,5898635.6703],[32467357.1861,5898640.6681],[32467380.4269,5898644.1664],[32467453.398,5898649.6632],[32467541.6129,5898652.1609],[32467584.096,5898651.1607],[32467621.3312,5898648.1614],[32467650.3196,5898642.6632],[32467683.6193,5898633.1135],[32467718.2923,5898623.17],[32467740.5334,5898618.6715],[32467762.7745,5898617.1717],[32467785.7654,5898619.1706],[32467810.0058,5898625.1679],[32467835.4959,5898636.1632],[32467858.4869,5898650.6571],[32467875.9802,5898666.6505],[32467889.4751,5898683.6435],[32467900.2211,5898702.136],[32467911.9393,5898726.9813],[32467933.4589,5898772.6076],[32467949.9527,5898801.5958],[32467969.9452,5898830.584],[32467992.1867,5898856.5734],[32468016.4275,5898880.5635],[32468043.417,5898903.0542],[32468073.1555,5898924.0454],[32468141.8788,5898964.0285],[32468221.0979,5899005.0111],[32468290.3209,5899042.9951],[32468417.1567,5899116.456],[32468446.5101,5899133.4569],[32468505.4873,5899175.9392],[32468588.2357,5899242.3468],[32468623.1919,5899270.4],[32468661.1772,5899297.3887],[32468675.4216,5899304.8856],[32468700.6617,5899311.8824],[32468739.8961,5899315.3805],[32468756.6395,5899318.379],[32468762.4789,5899313.1046],[32468903.829,5899181.9312],[32468987.0448,5899106.9598],[32469038.7737,5899065.4756],[32469064.5132,5899047.4824],[32469086.2544,5899034.9871],[32469104.497,5899027.9896],[32469121.7401,5899023.4911],[32469146.897,5899020.6863],[32469180.2168,5899023.4903],[32469217.7021,5899031.9864],[32469246.9406,5899045.9804],[32469264.6838,5899059.9746],[32469264.9335,5899043.981],[32469267.6822,5899030.9861],[32469272.93,5899021.9896],[32469280.177,5899016.4917],[32469296.1706,5899014.4922],[32469313.1639,5899020.4896],[32469366.1433,5899048.4778],[32469387.5121,5899058.3546],[32469422.3713,5899074.4666],[32469460.6063,5899086.4613],[32469479.3489,5899089.9597],[32469497.8415,5899089.9594],[32469516.0842,5899086.9603],[32469531.578,5899079.4631],[32469542.8233,5899068.4673],[32469550.82,5899055.4724],[32469555.8178,5899040.9781],[32469559.8158,5899016.4877],[32469560.0656,5899005.4921],[32469543.3218,5898977.5035],[32469533.0757,5898965.0086],[32469505.8362,5898941.0185],[32469464.8522,5898918.0282],[32469437.8627,5898906.0333],[32469408.6242,5898893.0389],[32469381.1349,5898878.5451],[32469355.8947,5898862.5518],[32469312.6614,5898830.0653],[32469295.418,5898814.0719],[32469281.9232,5898800.0777],[32469272.4268,5898787.083],[32469267.9284,5898775.5876],[32469268.1781,5898764.0922],[32469272.9261,5898752.5967],[32469281.1726,5898741.1011],[32469291.9182,5898730.6052],[32469318.1575,5898710.1129],[32469354.6426,5898686.122],[32469372.8852,5898674.1265],[32469401.6235,5898658.1324],[32469433.3608,5898646.1367],[32469451.1037,5898642.6379],[32469470.096,5898636.64],[32469497.4155,5898619.6983],[32469534.8196,5898587.6586],[32469611.7878,5898506.1899],[32469649.0225,5898470.7034],[32469684.508,5898441.7145],[32469722.4925,5898415.2245],[32469739.4856,5898405.2282],[32469783.5548,5898385.4528],[32469817.4541,5898370.241],[32469874.1811,5898341.7515],[32469929.1588,5898309.7635],[32469973.8906,5898279.275],[32469995.6318,5898267.7792],[32470017.373,5898259.2823],[32470038.3646,5898253.7842],[32470077.349,5898248.2858],[32470108.8365,5898249.285],[32470113.1148,5898250.1762],[32470120.8318,5898251.7838],[32470130.328,5898254.7825],[32470143.323,5898263.7787],[32470151.0701,5898274.7742],[32470153.8929,5898280.9489],[32470159.0671,5898292.2672],[32470163.0656,5898295.7657],[32470175.3108,5898298.2646],[32470184.0573,5898296.765],[32470209.0472,5898289.2677],[32470264.5248,5898264.7766],[32470385.4758,5898199.8007],[32470403.7184,5898191.3039],[32470423.2106,5898184.8062],[32470443.9523,5898180.8075],[32470464.9439,5898179.8076],[32470486.1855,5898181.3067],[32470506.9273,5898186.3044],[32470526.6696,5898195.3005],[32470545.1624,5898207.2955],[32470574.4012,5898233.2848],[32470604.8895,5898263.2724],[32470626.8809,5898278.2661],[32470641.1254,5898284.7633],[32470669.1144,5898293.2596],[32470690.8557,5898294.2589],[32470707.0992,5898288.7608],[32470716.9055,5898279.9096],[32470832.8921,5898316.3607],[32470914.3769,5898359.8177],[32470963.2679,5898395.1268],[32471001.2945,5898441.3007],[32471001.2951,5898482.0428],[32470979.5661,5898487.4752],[32470881.7852,5898490.1928],[32470683.0998,5898483.8883],[32470589.1483,5898441.7017],[32470531.171,5898418.2119],[32470509.9294,5898411.2149],[32470493.186,5898407.2168],[32470464.9471,5898404.2184],[32470441.2066,5898406.7177],[32470419.4654,5898414.215],[32470408.7197,5898419.2132],[32470398.224,5898427.71],[32470388.728,5898440.7049],[32470361.2397,5898495.1837],[32470350.4942,5898513.1767],[32470338.2493,5898528.1709],[32470323.7552,5898539.1667],[32470305.0128,5898547.6636],[32470254.783,5898564.1577],[32470175.6541,5898585.4882],[32470104.5933,5898604.6438],[32470048.6159,5898628.1352],[32469985.3915,5898660.6232],[32469963.6504,5898675.1177],[32469947.4071,5898692.1112],[32469932.2465,5898712.4195],[32469866.4408,5898800.5692],[32469849.1985,5898855.5476],[32469838.2036,5898909.0265],[32469836.7702,5898940.1617],[32469834.7061,5898984.9964],[32469836.9555,5899004.9884],[32469840.954,5899012.4854],[32469847.7014,5899017.4833],[32469879.9387,5899028.4785],[32469895.4327,5899035.9753],[32469910.4269,5899049.4697],[32469916.1748,5899058.466],[32469918.0748,5899064.7992],[32469921.3063,5899086.8969],[32469922.9227,5899097.9502],[32469925.9216,5899106.4468],[32469931.6694,5899113.9438],[32469941.4156,5899119.9412],[32469954.1606,5899123.4397],[32469968.1551,5899125.4387],[32469983.1491,5899125.4385],[32469998.6429,5899125.4382],[32470023.1332,5899125.4379],[32470044.3748,5899127.9366],[32470048.3178,5899129.0836],[32470058.1194,5899131.9348],[32470070.3646,5899138.9319],[32470089.1074,5899155.9248],[32470102.6024,5899176.9163],[32470118.8464,5899212.402],[32470123.0949,5899226.3964],[32470125.3443,5899243.3896],[32470125.8444,5899262.382],[32470120.5971,5899305.365],[32470115.3495,5899326.8565],[32470108.1026,5899347.3485],[32470098.8566,5899366.8409],[32470087.6113,5899383.3345],[32470073.867,5899396.3295],[32470051.2724,5899412.469],[32470031.8841,5899426.3182],[32470021.8882,5899435.8145],[32470015.8907,5899447.31],[32470015.1412,5899460.3049],[32470018.8899,5899474.2993],[32470024.8877,5899486.2944],[32470033.1346,5899495.7905],[32470042.8808,5899503.7872],[32470066.8714,5899513.2831],[32470080.3661,5899514.7823],[32470122.8492,5899514.2819],[32470149.3387,5899519.7794],[32470161.5839,5899525.277],[32470173.0795,5899533.2737],[32470183.3256,5899543.2695],[32470209.8156,5899583.7531],[32470235.8058,5899618.239],[32470253.7989,5899635.232],[32470263.0453,5899642.2291],[32470273.0414,5899647.2269],[32470284.0371,5899649.7258],[32470296.0323,5899650.2254],[32470325.2706,5899644.2274],[32470395.8582,5899618.6803],[32470430.2283,5899606.241],[32470472.7113,5899595.2448],[32470518.6929,5899589.7463],[32470573.9209,5899589.2457],[32470602.1598,5899593.2438],[32470625.6505,5899601.2402],[32470645.143,5899612.7354],[32470660.8869,5899626.7296],[32470674.1319,5899642.2233],[32470705.1202,5899689.704],[32470714.8665,5899701.699],[32470724.8627,5899709.6957],[32470735.3586,5899714.1938],[32470746.6041,5899716.1928],[32470783.5545,5899714.8045],[32470799.8329,5899714.1929],[32470815.3268,5899715.1923],[32470830.8207,5899719.6903],[32470840.0671,5899724.6881],[32470859.5595,5899737.1829],[32470871.8048,5899749.178],[32470881.8011,5899763.672],[32470889.2983,5899779.1658],[32470893.5469,5899796.6588],[32470892.2976,5899813.1522],[32470884.301,5899827.6466],[32470871.5562,5899839.642],[32470848.0657,5899852.1374],[32470818.0778,5899860.1346],[32470800.5847,5899861.1345],[32470785.5907,5899859.6353],[32470651.8932,5899815.6546],[32470589.4178,5899797.6627],[32470556.1809,5899790.1661],[32470522.1943,5899785.6684],[32470453.9714,5899784.6698],[32470420.7347,5899788.1688],[32470388.7475,5899794.1669],[32470358.5096,5899802.1641],[32470330.271,5899813.1602],[32470307.5303,5899827.6547],[32470291.287,5899845.6478],[32470281.0414,5899865.64],[32470275.5438,5899886.1319],[32470273.0451,5899905.1244],[32470274.2951,5899935.6123],[32470295.0372,5899964.6005],[32470317.7785,5899989.0904],[32470331.2733,5899999.5861],[32470361.5116,5900018.5781],[32470378.505,5900033.5719],[32470395.7485,5900052.5641],[32470427.9863,5900094.5469],[32470451.2275,5900131.5319],[32470458.4942,5900146.599],[32470485.2151,5900202.0034],[32470516.7033,5900258.4805],[32470586.9268,5900351.4426],[32470583.6785,5900378.4319],[32470578.6807,5900396.4248],[32470571.6837,5900412.9184],[32470562.6875,5900426.9129],[32470544.7843,5900444.3051],[32470527.7019,5900460.8999],[32470499.7135,5900491.888],[32470426.244,5900583.3527],[32470379.8685,5900646.6362],[32470340.03,5900699.3078],[32470324.5363,5900715.3016],[32470307.5433,5900729.2963],[32470288.551,5900740.792],[32470266.8098,5900748.7891],[32470242.8194,5900752.7879],[32470217.8293,5900753.2881],[32470200.3363,5900751.7889],[32470184.5926,5900758.2865],[32470165.3503,5900762.785],[32470102.8941,5900770.9899],[32470047.3974,5900778.2805],[32470026.1559,5900782.779],[32470007.9133,5900790.2763],[32469992.1697,5900801.2722],[32469979.425,5900814.767],[32469969.1793,5900831.2606],[32469961.6825,5900849.2535],[32469956.4349,5900868.2461],[32469953.4643,5900906.151],[32469956.1859,5900928.2222],[32469961.9339,5900951.7128],[32469970.9307,5900975.7031],[32469982.4265,5900999.6934],[32469996.4212,5901021.6845],[32470012.4151,5901041.1765],[32470030.1583,5901056.1703],[32470049.4008,5901066.1661],[32470086.1363,5901075.6618],[32470231.329,5901105.6478],[32470430.8578,5901143.68],[32470551.2027,5901166.619],[32470555.9507,5901158.6221],[32470571.9442,5901142.6283],[32470595.6845,5901128.6335],[32470627.9215,5901116.6378],[32470731.38,5901087.6479],[32470759.6186,5901075.1524],[32470776.3309,5901061.7107],[32470816.5952,5901026.1711],[32470873.822,5900992.1838],[32470904.3096,5900978.1889],[32470919.3036,5900973.6905],[32470946.2928,5900968.6921],[32470957.0385,5900968.1922],[32470972.7823,5900968.1919],[32471005.5193,5900972.6897],[32471026.2611,5900977.6874],[32471049.0022,5900986.1837],[32471071.9933,5900998.1786],[32471093.485,5901014.6718],[32471114.9885,5901041.3575],[32471149.4639,5901099.1374],[32471178.2242,5901157.814],[32471186.7002,5901175.1067],[32471196.6965,5901192.5996],[32471248.9268,5901268.5686],[32471311.1533,5901352.5344],[32471315.9012,5901340.0393],[32471321.6486,5901317.0483],[32471323.3976,5901296.0566],[32471322.1477,5901264.5692],[32471318.3988,5901239.0794],[32471309.7719,5901201.4221],[32471292.4075,5901125.6248],[32471289.9082,5901104.1334],[32471290.9075,5901085.6407],[32471294.9057,5901070.1469],[32471301.4029,5901057.6517],[32471309.3996,5901048.1554],[32471318.6458,5901042.1576],[32471328.142,5901038.6589],[32471366.8767,5901042.157],[32471386.3689,5901041.1571],[32471395.3653,5901038.6579],[32471403.362,5901034.1596],[32471410.3592,5901027.6621],[32471423.4233,5901011.3489],[32471437.5979,5900998.1734],[32471455.0908,5900989.6766],[32471465.0868,5900988.177],[32471476.5823,5900989.1765],[32471487.0781,5900992.1751],[32471495.5749,5900998.1726],[32471504.8214,5901010.6675],[32471511.0691,5901025.1617],[32471515.9005,5901040.3215],[32471525.564,5901070.6434],[32471529.8124,5901079.1399],[32471555.8025,5901104.6294],[32471567.5479,5901113.1259],[32471579.2933,5901117.1241],[32471592.0382,5901118.1236],[32471605.7829,5901118.1234],[32471637.2703,5901118.1229],[32471656.0128,5901121.1215],[32471677.0046,5901127.6186],[32471711.4911,5901145.1111],[32471735.5579,5901161.5911],[32471757.4733,5901176.598],[32471793.9591,5901194.0905],[32471814.451,5901200.0878],[32471829.6949,5901200.5874],[32471840.6905,5901196.089],[32471848.4373,5901187.0925],[32471854.1848,5901174.5974],[32471867.6787,5901122.1181],[32471874.9603,5901093.5973],[32471894.9163,5901012.6612],[32471902.413,5900993.1688],[32471911.6591,5900976.1755],[32471922.9045,5900962.6807],[32471937.8983,5900951.6848],[32471957.3905,5900943.1879],[32471981.6307,5900934.691],[32472045.1637,5900918.5546],[32472091.8365,5900906.7005],[32472146.4127,5900887.8682],[32472170.055,5900879.7101],[32472184.0494,5900876.2113],[32472192.2961,5900876.711],[32472198.7936,5900880.7093],[32472203.5418,5900889.7057],[32472207.0406,5900903.2003],[32472209.0401,5900920.6933],[32472207.0409,5900922.1927],[32472203.7924,5900935.6874],[32472196.0457,5900952.6808],[32472163.1609,5901001.5699],[32472149.3153,5901022.1538],[32472138.8197,5901039.647],[32472122.0769,5901075.6329],[32472115.3298,5901093.6259],[32472104.8346,5901131.6109],[32472098.5876,5901171.5951],[32472096.8386,5901192.5868],[32472097.0888,5901215.5777],[32472099.5882,5901239.5681],[32472104.3367,5901264.5581],[32472111.3342,5901289.0482],[32472120.0811,5901313.0386],[32472130.3274,5901334.5299],[32472142.3229,5901353.5222],[32472155.3179,5901369.0158],[32472169.5624,5901380.5111],[32472185.3063,5901389.0075],[32472202.5495,5901395.5046],[32472249.531,5901407.4992],[32472286.5165,5901417.4947],[32472311.7565,5901426.4908],[32472333.2482,5901437.9859],[32472346.2432,5901451.9801],[32472352.241,5901466.4743],[32472352.4911,5901481.4683],[32472348.9927,5901495.4628],[32472342.4955,5901507.9579],[32472334.7487,5901517.4543],[32472320.0047,5901526.9507],[32472283.2695,5901541.4455],[32472260.0289,5901553.441],[32472246.7843,5901561.9378],[32472235.0392,5901572.4338],[32472226.7926,5901584.4292],[32472222.0447,5901597.4241],[32472220.5455,5901611.4185],[32472222.0451,5901625.9128],[32472226.2936,5901640.4069],[32472233.0411,5901654.4013],[32472242.2877,5901667.8958],[32472253.2834,5901679.3911],[32472278.5237,5901696.8838],[32472292.5182,5901702.8812],[32472323.0062,5901710.8776],[32472379.9272,5901715.1193],[32472403.4743,5901716.874],[32472434.9618,5901721.8716],[32472451.9551,5901726.8694],[32472490.4401,5901742.8625],[32472510.1824,5901753.358],[32472527.1758,5901764.8532],[32472541.9201,5901777.348],[32472554.1654,5901791.3423],[32472564.1617,5901806.3362],[32472572.1587,5901822.8295],[32472577.9067,5901840.8223],[32472581.9054,5901860.8143],[32472599.1507,5902010.7544],[32472611.1481,5902157.196],[32472611.1485,5902186.6843],[32472609.3994,5902202.678],[32472605.2896,5902218.1567],[32472596.6549,5902233.166],[32472581.349,5902247.02],[32472562.419,5902264.1542],[32472555.6718,5902276.6493],[32472553.9228,5902292.1432],[32472555.4225,5902312.635],[32472559.6711,5902332.1272],[32472584.1619,5902371.1114],[32472596.1574,5902394.6019],[32472599.6562,5902404.5979],[32472602.1555,5902423.0905],[32472602.0427,5902436.1184],[32472601.407,5902509.5561],[32472607.905,5902546.0415],[32472613.6529,5902561.0355],[32472620.9002,5902576.0294],[32472640.3929,5902606.517],[32472652.3884,5902624.5097],[32472665.6334,5902639.5035],[32472679.8778,5902648.9996],[32472694.8719,5902653.4976],[32472710.3658,5902654.9967],[32472742.1032,5902654.4965],[32472758.0968,5902655.9957],[32472773.5907,5902660.4937],[32472786.5857,5902668.9901],[32472795.3324,5902680.4854],[32472797.5816,5902685.9832],[32472801.0803,5902694.9796],[32472804.0794,5902711.473],[32472805.0792,5902729.9656],[32472805.2765,5902753.7989],[32472805.5799,5902790.4415],[32472804.3307,5902812.4328],[32472800.0827,5902835.9235],[32472785.0894,5902883.9047],[32472756.9589,5902948.8847],[32472749.6047,5902965.8726],[32472745.1068,5902985.8647],[32472746.6065,5903006.8564],[32472755.8532,5903031.8463],[32472773.8464,5903062.3339],[32472798.5871,5903096.8199],[32472825.5768,5903129.8064],[32472860.5634,5903165.2918],[32472869.8099,5903171.2892],[32472879.0562,5903174.2879],[32472888.5525,5903174.2878],[32472907.5448,5903168.2899],[32472926.2872,5903155.7946],[32472943.2802,5903139.3009],[32472951.2767,5903120.3083],[32472951.5264,5903100.8161],[32472946.778,5903082.8233],[32472938.531,5903067.3296],[32472911.7912,5903031.8441],[32472905.5434,5903015.3507],[32472906.7928,5903007.8537],[32472922.0363,5902979.3648],[32472942.2779,5902950.376],[32472955.5224,5902938.3806],[32472980.2624,5902923.886],[32472997.7552,5902910.8909],[32473013.7486,5902891.3984],[32473019.9959,5902879.9029],[32473025.2437,5902867.9076],[32473032.9902,5902839.9186],[32473044.2348,5902773.9447],[32473053.7305,5902738.4587],[32473067.7244,5902704.9718],[32473076.7206,5902689.9776],[32473086.9664,5902676.4828],[32473098.7115,5902664.9872],[32473114.4551,5902655.4908],[32473135.9465,5902647.9935],[32473162.186,5902642.4953],[32473191.9241,5902638.4964],[32473223.9114,5902636.4968],[32473290.3849,5902636.9956],[32473322.3723,5902639.4942],[32473353.6099,5902644.9916],[32473367.1046,5902648.9898],[32473384.8476,5902654.4873],[32473446.5735,5902680.9759],[32473558.2799,5902738.9513],[32473586.2689,5902749.9465],[32473655.9915,5902769.9376],[32473727.7132,5902783.931],[32473758.451,5902787.929],[32473782.9413,5902789.428],[32473798.4351,5902788.4282],[32473843.1672,5902775.4327],[32473885.1503,5902765.9359],[32473933.631,5902760.4374],[32473959.3707,5902760.9368],[32473983.1113,5902763.4355],[32474003.1034,5902767.4336],[32474049.6979,5902783.6535],[32474076.3247,5902792.9224],[32474091.5687,5902796.4208],[32474106.8126,5902796.4206],[32474120.5571,5902792.422],[32474133.052,5902784.425],[32474144.2974,5902773.929],[32474163.5393,5902745.4401],[32474174.8007,5902723.3809],[32474187.779,5902697.9586],[32474197.2751,5902688.4622],[32474203.0228,5902685.4633],[32474219.0164,5902681.4647],[32474243.0069,5902684.4632],[32474276.9935,5902695.4583],[32474297.9853,5902707.953],[32474313.4793,5902714.95],[32474338.4694,5902717.9485],[32474352.4638,5902716.9487],[32474363.4594,5902713.4499],[32474371.9559,5902708.4518],[32474378.7032,5902701.4545],[32474390.4482,5902683.9613],[32474405.6919,5902664.9686],[32474425.6837,5902648.4749],[32474448.6744,5902637.4789],[32474466.9171,5902632.4806],[32474491.1574,5902628.9817],[32474523.8944,5902629.481],[32474546.6354,5902633.4791],[32474582.6213,5902645.4738],[32474595.1163,5902647.4728],[32474608.3611,5902647.4726],[32474619.6066,5902645.4733],[32474629.3526,5902641.4747],[32474643.3469,5902631.9783],[32474651.0937,5902623.4816],[32474665.0883,5902632.4778],[32474687.8293,5902636.4759],[32474717.0677,5902635.4759],[32474750.0545,5902630.9772],[32474849.7646,5902610.9837],[32474948.9748,5902586.492],[32474966.9688,5902581.812],[32475085.42,5902551.0042],[32475120.1561,5902543.5066],[32475177.6331,5902537.0084],[32475306.8317,5902535.0073],[32475444.2772,5902540.0034],[32475499.2554,5902546.9998],[32475564.4797,5902563.4923],[32475655.1941,5902593.9789],[32475656.1939,5902604.9745],[32475662.9415,5902625.4663],[32475674.6871,5902645.958],[32475690.9309,5902666.4496],[32475710.4235,5902687.441],[32475731.6653,5902706.9329],[32475774.6487,5902740.419],[32475793.8912,5902752.9137],[32475809.6351,5902760.9103],[32475845.3711,5902774.9043],[32475896.8509,5902792.3966],[32475962.0752,5902808.3893],[32476038.7948,5902819.3838],[32476119.013,5902822.3815],[32476157.4976,5902820.3817],[32476194.9827,5902816.3827],[32476230.9683,5902810.3846],[32476265.7044,5902802.3873],[32476298.4412,5902792.3908],[32476329.6786,5902780.8949],[32476452.8789,5902728.414],[32476507.8567,5902709.4208],[32476531.3473,5902703.9226],[32476551.0894,5902701.4233],[32476569.832,5902701.9229],[32476610.8158,5902709.9191],[32476631.5577,5902716.916],[32476651.05,5902725.4124],[32476668.5432,5902735.4081],[32476683.2875,5902746.9033],[32476694.5333,5902759.898],[32476702.7802,5902773.8923],[32476709.2778,5902789.8859],[32476713.5264,5902806.3793],[32476714.7761,5902823.8723],[32476712.2774,5902840.8656],[32476705.7802,5902857.8589],[32476694.5349,5902873.3529],[32476677.7918,5902887.8474],[32476658.2997,5902899.3431],[32476638.3077,5902908.3398],[32476618.3158,5902914.8375],[32476597.5741,5902919.336],[32476555.3409,5902922.8352],[32476511.6083,5902920.8367],[32476482.6198,5902917.3385],[32476388.2642,5902902.6372],[32476190.7352,5902871.8608],[32476115.0152,5902863.3652],[32476077.53,5902861.3665],[32476002.8097,5902859.3684],[32475938.5853,5902860.8687],[32475896.602,5902865.3676],[32475837.3757,5902876.364],[32475811.636,5902879.3632],[32475757.1577,5902881.863],[32475729.9185,5902880.364],[32475678.6887,5902870.8685],[32475628.7084,5902857.3746],[32475577.4786,5902845.8799],[32475550.7392,5902841.3821],[32475522.8207,5902839.3883],[32475493.262,5902838.8839],[32475385.8048,5902844.3832],[32475297.0901,5902846.3837],[32475224.1191,5902844.3855],[32475162.3935,5902837.3892],[32475113.1629,5902824.3951],[32475092.4211,5902816.3986],[32475073.4285,5902806.4028],[32475039.9415,5902783.9122],[32474990.3871,5902747.7711],[32474967.5739,5902731.1329],[32474952.2254,5902719.9389],[32474940.2301,5902713.9415],[32474924.4863,5902709.9433],[32474905.7437,5902707.9443],[32474885.002,5902708.9442],[32474863.0108,5902712.943],[32474840.5198,5902720.9401],[32474818.5287,5902732.4359],[32474797.7872,5902748.9296],[32474770.548,5902745.4314],[32474744.3084,5902745.4318],[32474719.5683,5902747.9311],[32474696.0777,5902751.9299],[32474613.8607,5902771.9231],[32474593.119,5902774.4224],[32474540.14,5902774.923],[32474478.4145,5902771.925],[32474393.948,5902766.4284],[32474371.2071,5902768.4279],[32474359.7117,5902771.9267],[32474335.2217,5902785.4217],[32474321.7272,5902796.4175],[32474308.9824,5902809.9123],[32474297.7371,5902825.9062],[32474283.4932,5902852.3958],[32474274.9304,5902854.454],[32474167.0399,5902880.3864],[32473979.615,5902920.3731],[32473919.6391,5902935.8678],[32473898.6475,5902942.8654],[32473883.6536,5902950.3626],[32473872.908,5902960.3588],[32473865.9109,5902971.8543],[32473863.1622,5902984.8492],[32473864.4119,5902998.8436],[32473869.6601,5903013.3378],[32473878.9066,5903027.8319],[32473892.1515,5903041.8261],[32473907.3956,5903054.3209],[32473939.1333,5903071.3137],[32473955.127,5903076.3115],[32473987.1143,5903080.8093],[32474035.3451,5903079.809],[32474111.6877,5903083.6679],[32474124.3098,5903084.3059],[32474144.552,5903100.7991],[32474177.9239,5903121.9919],[32474197.2815,5903134.285],[32474221.1727,5903150.8826],[32474292.2447,5903200.2574],[32474333.9786,5903235.2429],[32474352.7215,5903254.7349],[32474368.9653,5903275.2265],[32474382.9601,5903296.7178],[32474405.7971,5903338.1557],[32474420.696,5903365.19],[32474434.6908,5903387.6809],[32474450.9347,5903409.1721],[32474489.6698,5903449.6555],[32474504.4143,5903469.6473],[32474514.6605,5903489.1394],[32474520.4084,5903505.133],[32474523.9073,5903524.6252],[32474523.4077,5903539.6192],[32474519.9093,5903551.6145],[32474513.6619,5903561.1108],[32474504.1657,5903564.1097],[32474491.6706,5903559.6117],[32474476.9263,5903549.6159],[32474447.6876,5903522.1272],[32474408.885,5903477.5859],[32474363.2198,5903425.167],[32474287.7487,5903348.1987],[32474272.2546,5903335.2041],[32474254.5115,5903324.7085],[32474210.5288,5903311.2145],[32474206.7803,5903310.2149],[32474154.4947,5903299.3417],[32474062.5872,5903280.2289],[32474021.4155,5903268.1898],[32473966.8748,5903252.2414],[32473898.9016,5903236.7485],[32473833.4275,5903226.7534],[32473782.8663,5903222.9621],[32473753.4592,5903220.757],[32473730.2184,5903215.2595],[32473708.4769,5903207.263],[32473687.9849,5903196.7674],[32473682.737,5903193.7687],[32473669.2422,5903185.2723],[32473638.2542,5903160.7825],[32473616.5125,5903135.7927],[32473598.5191,5903102.8061],[32473575.143,5903042.5443],[32473555.2847,5902991.351],[32473546.0382,5902974.8577],[32473535.2922,5902959.8638],[32473522.797,5902945.8695],[32473509.3022,5902934.8741],[32473494.8078,5902926.3777],[32473479.3139,5902921.3799],[32473463.3203,5902920.8803],[32473426.0852,5902927.8781],[32473358.1125,5902951.3697],[32473311.8812,5902972.8618],[32473267.6492,5902996.8529],[32473215.1704,5903021.8437],[32473163.6912,5903048.8337],[32473142.2,5903063.3283],[32473125.9567,5903078.8223],[32473116.2108,5903094.8161],[32473113.2122,5903111.3096],[32473114.7119,5903127.803],[32473119.7101,5903144.2964],[32473125.7079,5903156.7914],[32473137.4535,5903176.7832],[32473172.1313,5903228.1184],[32473188.4343,5903252.2525],[32473200.18,5903275.743],[32473205.4282,5903297.7342],[32473206.428,5903310.2292],[32473204.429,5903320.2253],[32473196.5299,5903335.7917],[32473187.4362,5903353.7122],[32473185.687,5903363.2084],[32473186.6868,5903374.7039],[32473190.1856,5903386.699],[32473200.9317,5903410.1895],[32473216.9256,5903431.6808],[32473238.6673,5903453.1719],[32473251.9122,5903464.1674],[32473296.1309,5903495.6177],[32473322.8847,5903514.6463],[32473359.8704,5903544.6338],[32473376.1142,5903560.6272],[32473389.609,5903576.6207],[32473399.3554,5903592.1144],[32473405.3532,5903607.6082],[32473408.1024,5903622.6022],[32473408.1026,5903637.5962],[32473406.1036,5903651.5907],[32473395.1085,5903691.0751],[32473382.7501,5903719.7913],[32473378.1158,5903730.5597],[32473374.6175,5903747.553],[32473376.117,5903757.549],[32473380.8653,5903768.0447],[32473414.6027,5903829.02],[32473443.5918,5903867.5043],[32473455.3373,5903878.4998],[32473467.5825,5903886.9962],[32473479.8277,5903892.4938],[32473492.0729,5903895.9923],[32473514.8139,5903896.9916],[32473525.0598,5903894.9922],[32473544.1565,5903886.5369],[32473557.7966,5903880.4975],[32473562.2948,5903879.9976],[32473571.5412,5903884.4957],[32473650.2613,5903984.4549],[32473675.0019,5904016.9416],[32473683.4988,5904031.4357],[32473688.497,5904045.9299],[32473691.2461,5904060.9239],[32473693.7458,5904105.906],[32473699.244,5904134.8944],[32473704.742,5904148.3889],[32473715.9,5904167.3231],[32473729.4828,5904190.3719],[32473738.4796,5904219.3602],[32473741.2288,5904239.852],[32473740.4794,5904259.8441],[32473735.7315,5904275.8378],[32473728.2347,5904289.3325],[32473703.2451,5904322.3198],[32473698.2473,5904335.3147],[32473696.998,5904351.3084],[32473698.4977,5904368.8014],[32473704.4958,5904402.7878],[32473716.4915,5904435.7745],[32473725.4881,5904451.768],[32473736.7339,5904467.7615],[32473750.9784,5904483.2551],[32473766.4725,5904497.2494],[32473781.2168,5904507.745],[32473820.7014,5904529.7357],[32473842.9428,5904544.7294],[32473852.4391,5904554.7253],[32473860.6861,5904568.7196],[32473867.6835,5904586.2125],[32473878.6798,5904630.6947],[32473890.8594,5904710.9822],[32473912.4196,5904853.1058],[32473927.1649,5904932.574],[32473946.9083,5905023.0378],[32473970.6501,5905105.0048],[32474000.1395,5905181.474],[32474016.1336,5905216.4599],[32474048.1218,5905277.935],[32474077.3608,5905325.4157],[32474091.3555,5905342.9085],[32474107.5993,5905358.4022],[32474125.3424,5905370.8969],[32474165.5767,5905391.3882],[32474211.0363,5905406.9524],[32474257.5406,5905422.8744],[32474277.2829,5905432.8701],[32474294.0264,5905443.8655],[32474313.7688,5905460.8585],[32474327.7635,5905477.3517],[32474333.7612,5905486.8479],[32474339.5092,5905502.8414],[32474341.0089,5905523.8331],[32474338.0104,5905548.8232],[32474328.5146,5905574.813],[32474320.7678,5905587.3081],[32474301.5258,5905611.7987],[32474271.2884,5905650.2838],[32474255.5451,5905681.7715],[32474250.2975,5905699.7644],[32474249.0482,5905718.2571],[32474253.2968,5905734.2507],[32474261.7936,5905748.245],[32474273.2892,5905760.2401],[32474287.0339,5905771.2355],[32474318.513,5905790.4961],[32474341.7626,5905804.7214],[32474363.7541,5905821.2145],[32474373.7503,5905830.7106],[32474391.4935,5905851.702],[32474412.2358,5905889.1868],[32474427.73,5905912.6773],[32474445.973,5905931.6695],[32474466.2151,5905944.1642],[32474478.9608,5905948.1293],[32474511.1974,5905958.158],[32474532.6891,5905970.1529],[32474542.4353,5905978.6494],[32474551.182,5905988.6453],[32474564.2791,5906010.2333],[32474573.9235,5906026.1301],[32474582.9201,5906038.1252],[32474604.1619,5906060.1162],[32474617.1569,5906070.112],[32474649.1444,5906086.605],[32474688.6289,5906099.5993],[32474724.1149,5906107.5956],[32474742.608,5906136.5838],[32474751.3548,5906157.5753],[32474753.854,5906168.0711],[32474753.8543,5906191.062],[32474748.8865,5906213.7733],[32474745.1083,5906231.0462],[32474733.863,5906246.5402],[32474728.8652,5906260.5347],[32474727.8658,5906275.029],[32474730.6149,5906289.0234],[32474744.2262,5906311.8137],[32474752.1069,5906325.0088],[32474757.355,5906337.0039],[32474761.3536,5906349.4989],[32474764.3528,5906376.9879],[32474760.6047,5906409.4751],[32474744.8621,5906488.9437],[32474743.3633,5906524.4296],[32474745.8625,5906537.9242],[32474751.6103,5906548.42],[32474761.1066,5906555.9169],[32474774.1016,5906562.4141],[32474811.2557,5906574.6651],[32474843.8242,5906585.404],[32474861.3173,5906592.9007],[32474877.3111,5906602.3967],[32474911.0481,5906628.8857],[32474941.5364,5906657.374],[32474980.0217,5906700.3563],[32474992.2671,5906717.8492],[32475000.7639,5906733.3429],[32475017.1418,5906792.3],[32475024.5057,5906818.8086],[32475032.5028,5906842.2992],[32475042.4992,5906864.7901],[32475055.2444,5906883.7824],[32475071.2383,5906898.7762],[32475089.981,5906909.7715],[32475110.223,5906916.7685],[32475131.2147,5906921.2664],[32475153.206,5906922.2657],[32475174.9473,5906920.766],[32475196.4387,5906916.7672],[32475217.1804,5906910.7693],[32475236.6725,5906902.2724],[32475257.4141,5906890.2769],[32475307.8936,5906856.7895],[32475363.121,5906815.3052],[32475413.3504,5906773.8209],[32475451.0849,5906738.3345],[32475466.3286,5906721.341],[32475492.0679,5906685.355],[32475511.3097,5906648.3694],[32475525.3036,5906610.3843],[32475529.5516,5906589.8923],[32475531.5505,5906567.4013],[32475531.0503,5906543.9106],[32475525.8017,5906495.4299],[32475513.0558,5906427.4571],[32475511.0563,5906405.4659],[32475512.5554,5906382.475],[32475523.5503,5906333.9941],[32475531.2969,5906310.5034],[32475543.0298,5906281.3085],[32475563.0331,5906231.5343],[32475576.0272,5906178.0553],[32475581.5246,5906146.5678],[32475589.0207,5906083.0929],[32475590.5197,5906054.6042],[32475590.2447,5906029.8906],[32475589.769,5905987.131],[32475593.7669,5905948.1465],[32475597.5151,5905932.1528],[32475602.7629,5905920.1575],[32475609.5101,5905912.6603],[32475617.7568,5905910.1612],[32475626.2534,5905914.1595],[32475633.2508,5905923.6556],[32475638.9987,5905937.1502],[32475646.7461,5905971.1366],[32475650.4951,5906006.1226],[32475650.9953,5906032.8632],[32475651.4955,5906059.6013],[32475655.7446,5906117.0784],[32475660.2433,5906148.5659],[32475667.241,5906179.5534],[32475676.7376,5906209.0416],[32475689.4829,5906235.5309],[32475705.2269,5906256.0225],[32475722.9701,5906271.0163],[32475758.4416,5906289.1639],[32475787.4449,5906304.0023],[32475795.4419,5906312.9986],[32475797.4413,5906325.9934],[32475792.6934,5906339.4881],[32475781.1981,5906350.9837],[32475764.7048,5906360.4801],[32475721.4722,5906375.9746],[32475651.0005,5906397.4671],[32475633.0078,5906407.9632],[32475621.2627,5906423.4572],[32475614.7656,5906441.9499],[32475612.2669,5906462.9416],[32475615.7661,5906507.9237],[32475625.2632,5906565.9005],[32475624.5137,5906583.3936],[32475617.0172,5906618.3798],[32475605.4517,5906652.6297],[32475584.7814,5906713.8423],[32475549.4632,5906807.677],[32475517.8106,5906891.7725],[32475501.0453,5906939.3562],[32475491.5721,5906966.2433],[32475469.8313,5907006.2278],[32475465.3332,5907012.7252],[32475442.3428,5907044.2131],[32475405.6625,5907084.8929],[32475389.6146,5907102.6906],[32475381.3681,5907117.6847],[32475375.3707,5907135.1779],[32475371.6225,5907158.6686],[32475372.3727,5907193.1549],[32475376.1215,5907213.1469],[32475386.6179,5907249.6322],[32475387.3678,5907267.6251],[32475385.119,5907284.1185],[32475380.8709,5907299.1126],[32475365.6274,5907329.6007],[32475348.1344,5907336.5982],[32475339.1382,5907348.5936],[32475336.3895,5907365.5869],[32475337.8892,5907385.5789],[32475345.137,5907432.5601],[32475346.3869,5907457.5502],[32475343.3884,5907482.0405],[32475327.6456,5907543.5163],[32475304.9057,5907618.9866],[32475291.9114,5907655.4723],[32475278.1673,5907686.96],[32475263.9233,5907711.4505],[32475242.0052,5907732.5261],[32475224.9393,5907748.9361],[32475215.1934,5907762.9307],[32475207.4467,5907778.4247],[32475201.9491,5907794.9182],[32475198.4508,5907812.4113],[32475197.4514,5907829.9043],[32475202.6999,5907867.3894],[32475224.4426,5907960.3521],[32475229.0752,5907978.3521],[32475233.1896,5907994.3385],[32475235.4387,5907995.338],[32475242.1936,5908021.5518],[32475256.4315,5908076.8054],[32475261.9299,5908117.789],[32475260.6807,5908135.2821],[32475255.433,5908150.2762],[32475246.9365,5908163.2711],[32475236.4409,5908173.7671],[32475209.7017,5908188.2618],[32475180.4634,5908194.7596],[32475143.478,5908197.0925],[32475124.9855,5908198.259],[32475094.4977,5908202.7576],[32475058.0124,5908213.7538],[32475041.5191,5908222.7505],[32475031.0234,5908234.7458],[32475024.7761,5908249.2402],[32475014.7808,5908301.7195],[32475008.2837,5908320.712],[32474997.5382,5908339.2048],[32474981.5448,5908355.1987],[32474961.8028,5908367.694],[32474940.5614,5908376.6907],[32474899.328,5908386.6874],[32474872.684,5908389.6482],[32474867.8405,5908390.1864],[32474863.915,5908403.2994],[32474834.9908,5908499.9206],[32474820.1118,5908549.6237],[32474806.1179,5908589.1083],[32474799.1209,5908604.6022],[32474776.1306,5908641.5878],[32474749.3917,5908672.5759],[32474718.4045,5908703.564],[32474699.3704,5908720.1962],[32474666.9256,5908748.5469],[32474644.9347,5908772.0379],[32474637.1879,5908784.533],[32474621.6946,5908819.5193],[32474586.7099,5908918.4805],[32474577.713,5908881.4953],[32474569.9658,5908861.5034],[32474557.2206,5908843.5107],[32474538.9776,5908829.0167],[32474528.7316,5908824.0189],[32474516.4864,5908817.5216],[32474491.996,5908808.0258],[32474467.0058,5908801.0289],[32474409.0287,5908789.0345],[32474379.5403,5908777.0397],[32474324.0618,5908743.054],[32474291.0746,5908717.0648],[32474265.8343,5908693.5745],[32474248.3411,5908682.5791],[32474204.6082,5908662.0879],[32474181.3673,5908652.0922],[32474138.3841,5908633.6001],[32474121.3907,5908624.604],[32474106.6464,5908613.1087],[32474092.152,5908597.1153],[32474078.1572,5908577.1235],[32474053.6663,5908530.1425],[32474043.6699,5908505.1525],[32474035.6727,5908480.6624],[32474017.9288,5908411.6901],[32474000.9349,5908367.208],[32473994.4373,5908354.713],[32473979.9427,5908328.2238],[32473968.1971,5908311.7305],[32473955.9518,5908298.236],[32473927.2129,5908276.745],[32473903.3021,5908263.6899],[32473845.7447,5908232.2638],[32473832.7497,5908222.268],[32473821.7539,5908210.7727],[32473812.7573,5908197.2782],[32473805.51,5908182.2843],[32473800.2618,5908165.7909],[32473796.763,5908147.7981],[32473794.7635,5908128.8057],[32473794.5515,5908103.4064],[32473794.2628,5908068.8295],[32473789.0146,5908049.3373],[32473782.0172,5908034.3434],[32473770.0217,5908012.8521],[32473738.7834,5907968.3702],[32473732.2859,5907956.8749],[32473727.0377,5907942.8805],[32473701.5466,5907851.917],[32473683.8025,5907775.9475],[32473680.5532,5907732.4648],[32473682.8006,5907612.0126],[32473682.988,5907602.2606],[32473683.7994,5907560.0333],[32473681.05,5907521.0488],[32473673.0525,5907479.0656],[32473661.0567,5907437.5823],[32473648.6815,5907403.907],[32473630.5676,5907354.6157],[32473615.5729,5907303.1363],[32473598.8284,5907224.6678],[32473595.3262,5907199.9488],[32473586.0822,5907134.7037],[32473569.5876,5907056.7349],[32473552.8434,5906994.7598],[32473541.5974,5906962.7727],[32473527.8524,5906934.2842],[32473512.1083,5906908.2947],[32473494.8649,5906884.8043],[32473476.3719,5906863.8129],[32473437.137,5906828.3276],[32473396.4028,5906797.8403],[32473350.1707,5906766.8532],[32473278.6985,5906723.8714],[32473236.465,5906702.8803],[32473190.9828,5906684.3883],[32473168.2417,5906677.3914],[32473097.0098,5906665.6788],[32473055.7862,5906658.9004],[32473013.3029,5906648.4051],[32472994.8102,5906641.908],[32472979.5661,5906634.4112],[32472953.3263,5906614.4195],[32472927.0863,5906587.4306],[32472889.3506,5906536.9512],[32472863.6102,5906494.4684],[32472790.6374,5906365.0209],[32472754.401,5906307.5443],[32472739.4067,5906287.5524],[32472726.4116,5906272.5586],[32472701.6711,5906249.5681],[32472688.926,5906240.5718],[32472661.4368,5906226.078],[32472607.9577,5906205.5869],[32472589.465,5906200.0893],[32472550.9802,5906190.5937],[32472506.7477,5906183.5971],[32472451.7694,5906178.1],[32472385.5458,5906176.6016],[32472320.0718,5906179.1015],[32472275.8785,5906182.5745],[32472263.4688,5906183.5497],[32472250.0997,5906184.6003],[32472242.8645,5906184.2196],[32472221.611,5906183.1013],[32472182.1267,5906184.1015],[32472158.6361,5906188.6],[32472140.5082,5906195.4177],[32472129.3979,5906199.5961],[32472110.1557,5906204.5944],[32472088.1644,5906201.5959],[32472022.6901,5906181.1049],[32471969.4611,5906170.1101],[32471940.7225,5906170.1105],[32471887.4938,5906175.1093],[32471866.0023,5906175.1096],[32471842.0118,5906173.1107],[32471815.7722,5906168.6129],[32471787.2834,5906160.6164],[32471758.7946,5906149.1214],[32471732.8047,5906136.1269],[32471687.5723,5906106.1395],[32471634.0929,5906065.6564],[32471605.604,5906050.1629],[32471574.6162,5906038.1681],[32471540.3797,5906028.1726],[32471484.1519,5906017.1778],[32471432.461,5906009.3552],[32471387.1901,5905997.1871],[32471367.6978,5905989.1905],[32471348.2054,5905978.695],[32471328.9628,5905965.7004],[32471308.9705,5905949.2073],[32471270.2354,5905913.2221],[32471268.9859,5905910.2233],[32471246.9943,5905890.7314],[32471183.5186,5905825.7581],[32471169.7739,5905814.7627],[32471150.2815,5905803.7673],[32471127.0406,5905793.2718],[32471101.5506,5905785.2753],[32471071.0627,5905780.7776],[32471080.8091,5905800.2697],[32471083.3083,5905810.7655],[32471084.808,5905832.7567],[32471082.8091,5905855.2478],[32471079.0335,5905875.5657],[32471072.3141,5905911.7255],[32471071.5646,5905923.2209],[32471074.5637,5905945.2122],[32471078.8121,5905955.7079],[32471084.8099,5905965.2041],[32471106.0292,5905986.1281],[32471120.7961,5906000.6895],[32471125.5443,5906008.6862],[32471128.2933,5906017.1828],[32471128.2935,5906027.6786],[32471121.2966,5906052.169],[32471109.8015,5906075.16],[32471099.3059,5906091.1538],[32471112.801,5906123.1409],[32471118.0492,5906142.6331],[32471121.5481,5906163.1249],[32471125.5472,5906210.1062],[32471145.2905,5906289.0745],[32471243.5059,5906598.95],[32471276.3494,5906692.1225],[32471318.2292,5906809.8651],[32471326.2265,5906836.8543],[32471329.9752,5906855.8467],[32471326.9768,5906882.836],[32471325.2281,5906921.3207],[32471327.9776,5906964.8034],[32471332.2262,5906985.795],[32471343.4723,5907023.2799],[32471349.9699,5907039.2735],[32471356.9673,5907053.2678],[32471364.7144,5907063.7636],[32471372.5282,5907071.1175],[32471382.9573,5907075.7585],[32471393.953,5907076.2582],[32471405.6982,5907072.7594],[32471430.1883,5907058.2648],[32471479.9179,5907013.7818],[32471513.1543,5906988.7912],[32471522.1507,5906984.2929],[32471539.3938,5906980.794],[32471557.6366,5906983.7926],[32471577.6287,5906992.2889],[32471584.6261,5906999.7859],[32471593.6228,5907019.278],[32471604.369,5907056.7629],[32471609.867,5907070.7573],[32471623.6119,5907095.2474],[32471630.8592,5907104.7435],[32471639.3559,5907113.7398],[32471659.3482,5907128.2337],[32471677.7957,5907137.56],[32471726.5719,5907162.2193],[32471745.3147,5907178.2127],[32471751.5624,5907187.209],[32471755.311,5907196.2054],[32471756.5607,5907206.2014],[32471754.0618,5907217.6968],[32471747.8145,5907231.6914],[32471712.7896,5907286.7094],[32471693.0875,5907317.658],[32471683.8414,5907335.1512],[32471677.0944,5907353.1441],[32471673.0962,5907370.6372],[32471671.847,5907388.1303],[32471676.0957,5907420.6173],[32471686.5919,5907447.1066],[32471693.5893,5907456.6028],[32471732.5744,5907497.0861],[32471747.5688,5907524.575],[32471750.8178,5907540.5686],[32471749.8184,5907558.0617],[32471746.5699,5907575.055],[32471738.0737,5907602.5441],[32471732.0762,5907613.0401],[32471724.0796,5907622.0366],[32471714.3335,5907629.5338],[32471701.5887,5907635.0318],[32471668.8518,5907643.5288],[32471637.3645,5907654.5249],[32471610.3754,5907667.0203],[32471589.1341,5907680.5153],[32471575.1398,5907694.5099],[32471571.1416,5907704.506],[32471568.8926,5907717.0011],[32471568.6429,5907731.9951],[32471574.891,5907769.9799],[32471590.1357,5907818.9603],[32471625.8727,5907909.4238],[32471666.1081,5908002.8861],[32471687.8495,5908006.8842],[32471704.8427,5908005.3845],[32471717.8375,5907999.8865],[32471728.0833,5907991.3898],[32471750.0741,5907961.4014],[32471757.571,5907953.4044],[32471766.3175,5907948.4063],[32471784.3103,5907945.4072],[32471793.0568,5907947.9061],[32471801.0537,5907952.4042],[32471808.051,5907958.9015],[32471813.549,5907967.3981],[32471817.0477,5907977.8939],[32471819.7813,5907998.2293],[32471823.2959,5908024.3753],[32471826.7946,5908031.3725],[32471832.5424,5908037.37],[32471841.289,5908042.8677],[32471862.7806,5908050.8642],[32471886.5212,5908054.3625],[32471899.516,5908053.3627],[32471913.5104,5908050.3637],[32471928.7543,5908044.3659],[32471944.9977,5908036.3688],[32471961.7409,5908025.3729],[32471993.9777,5907998.3832],[32472039.7088,5907951.4012],[32472068.4469,5907921.4127],[32472084.9402,5907906.9183],[32472128.6724,5907877.9292],[32472178.4022,5907852.9384],[32472201.8928,5907843.9416],[32472223.1342,5907837.9437],[32472240.3773,5907835.4444],[32472255.1215,5907836.4438],[32472270.1156,5907838.4428],[32472289.6079,5907843.4406],[32472308.8503,5907851.4371],[32472318.3467,5907857.9344],[32472325.344,5907865.4313],[32472329.5924,5907874.4277],[32472328.5929,5907882.4245],[32472321.8457,5907889.9216],[32472298.855,5907899.918],[32472280.1125,5907904.9163],[32472258.5662,5907908.6344],[32472216.388,5907915.9128],[32472173.5499,5907931.1142],[32472154.413,5907937.905],[32472141.918,5907943.9027],[32472110.4309,5907964.8949],[32472073.6959,5907994.3837],[32472021.9671,5908040.3661],[32471997.9771,5908066.8559],[32471989.9804,5908079.3511],[32471984.9826,5908090.8466],[32471982.4837,5908102.3421],[32471982.9837,5908113.3377],[32471986.2325,5908124.3333],[32471992.2303,5908135.3288],[32472006.4749,5908151.3223],[32472013.4722,5908155.8204],[32472021.2191,5908158.3193],[32472048.407,5908159.3185],[32472089.1921,5908160.8173],[32472105.1858,5908163.8159],[32472117.1811,5908169.8133],[32472128.9266,5908180.309],[32472133.9247,5908187.3061],[32472135.924,5908193.8035],[32472135.4243,5908200.8008],[32472132.6755,5908206.7984],[32472127.9275,5908212.2963],[32472114.183,5908219.7935],[32472096.4401,5908221.2932],[32472079.329,5908219.1433],[32472048.709,5908215.2962],[32472034.7146,5908215.2964],[32472005.4763,5908220.2949],[32471993.2312,5908226.2927],[32471985.7343,5908234.7894],[32471982.2053,5908245.5701],[32471981.9861,5908254.7815],[32471984.4853,5908265.7771],[32471989.2335,5908276.2728],[32472002.2286,5908295.2651],[32472037.4652,5908335.2487],[32472051.46,5908356.74],[32472054.9587,5908366.2362],[32472055.2087,5908374.7328],[32472052.7098,5908381.73],[32472044.4633,5908394.2252],[32472016.8787,5908420.7761],[32472004.4797,5908432.7105],[32471995.7334,5908443.2064],[32471990.2357,5908452.7027],[32471987.237,5908461.6992],[32471986.4874,5908471.1954],[32471990.736,5908490.1878],[32472011.4785,5908539.1681],[32472024.7235,5908562.6585],[32472040.2176,5908579.6516],[32472048.9642,5908584.1497],[32472058.4605,5908586.1487],[32472068.2066,5908584.6492],[32472077.7028,5908581.6502],[32472103.8571,5908567.3186],[32472114.188,5908561.6577],[32472123.6841,5908558.1589],[32472133.4302,5908556.1596],[32472143.4263,5908556.1594],[32472153.6722,5908558.1585],[32472164.418,5908561.6569],[32472187.6589,5908573.6518],[32472234.3797,5908607.421],[32472258.8813,5908625.1304],[32472291.6186,5908645.122],[32472308.8619,5908653.6183],[32472326.6049,5908660.1155],[32472345.3475,5908664.6135],[32472364.8398,5908666.6124],[32472383.5823,5908666.1123],[32472400.3256,5908663.1133],[32472415.5695,5908658.115],[32472441.3091,5908644.62],[32472452.5545,5908637.1228],[32472463.0502,5908630.1255],[32472472.7963,5908623.6279],[32472489.7894,5908615.1311],[32472503.284,5908613.1317],[32472509.2816,5908614.1312],[32472515.0294,5908616.6301],[32472525.7752,5908625.6264],[32472529.024,5908632.6235],[32472529.0242,5908641.62],[32472526.0255,5908652.1158],[32472513.2809,5908676.1065],[32472504.5346,5908688.1018],[32472484.7927,5908709.5936],[32472459.8029,5908726.0874],[32472444.0592,5908732.0852],[32472409.823,5908741.0821],[32472375.8366,5908745.5808],[32472350.3588,5908745.7482],[32472299.6169,5908746.0817],[32472274.1271,5908752.5795],[32472264.631,5908758.5773],[32472257.8838,5908768.0736],[32472254.8851,5908777.5699],[32472255.6349,5908784.5671],[32472259.3835,5908790.0648],[32472274.8775,5908797.5616],[32472309.6138,5908809.5564],[32472335.6037,5908822.051],[32472352.5971,5908833.0464],[32472368.0911,5908847.0406],[32472374.8386,5908857.5364],[32472378.8371,5908868.5319],[32472379.0872,5908880.5272],[32472374.8391,5908891.0231],[32472366.3425,5908898.5202],[32472354.0975,5908903.0186],[32472333.8555,5908904.5183],[32472323.8595,5908904.5184],[32472292.372,5908898.5213],[32472278.8772,5908893.5234],[32472253.1373,5908879.0296],[32472240.1423,5908869.5335],[32472215.6517,5908847.0428],[32472195.6593,5908822.053],[32472181.6645,5908799.0624],[32472173.9175,5908790.5658],[32472165.1709,5908785.0682],[32472155.6746,5908781.5697],[32472145.4287,5908780.5702],[32472123.1876,5908784.0692],[32472111.4423,5908787.5679],[32472090.2009,5908798.0641],[32472074.4574,5908811.5589],[32472068.4599,5908820.0556],[32472059.9635,5908839.0482],[32472057.4647,5908850.5437],[32472056.7152,5908863.0387],[32472058.4647,5908877.0331],[32472062.7132,5908891.5273],[32472076.9579,5908921.5152],[32472097.95,5908952.0028],[32472123.4403,5908981.4907],[32472150.4301,5909017.476],[32472176.6703,5909059.9588],[32472199.162,5909106.44],[32472208.4087,5909130.4303],[32472215.6562,5909156.4199],[32472220.9045,5909183.4091],[32472227.1528,5909236.8877],[32472229.1528,5909294.0645],[32472229.6528,5909308.3593],[32472232.4019,5909321.3541],[32472242.1483,5909344.3448],[32472265.6396,5909382.8292],[32472268.8884,5909391.8256],[32472268.8887,5909413.317],[32472262.8914,5909437.8074],[32472250.0102,5909471.2045],[32472229.1561,5909525.2731],[32472217.1615,5909569.2558],[32472213.4136,5909608.2404],[32472216.1627,5909627.2328],[32472219.4115,5909633.7301],[32472224.6595,5909637.7285],[32472231.4069,5909639.7276],[32472249.6495,5909635.2291],[32472270.1466,5909622.1937],[32472303.8775,5909600.7421],[32472321.1205,5909592.745],[32472341.6123,5909585.7475],[32472364.603,5909580.2493],[32472409.835,5909576.2503],[32472431.0765,5909576.25],[32472479.2271,5909581.0245],[32472491.5526,5909582.2467],[32472498.2999,5909580.2474],[32472502.2982,5909574.7496],[32472504.2973,5909565.7531],[32472505.2965,5909539.7623],[32472506.0459,5909520.2711],[32472508.045,5909510.7749],[32472512.5431,5909502.778],[32472519.7901,5909495.2809],[32472540.2818,5909484.285],[32472552.277,5909480.7862],[32472564.5221,5909479.2866],[32472576.5173,5909479.7862],[32472597.2592,5909487.7828],[32472613.7528,5909498.7781],[32472620.2503,5909504.7757],[32472628.997,5909516.7708],[32472631.4962,5909529.2658],[32472629.747,5909535.7632],[32472610.0053,5909567.7508],[32472603.5081,5909584.7441],[32472604.008,5909593.2408],[32472606.5071,5909600.7377],[32472614.5041,5909609.734],[32472619.752,5909611.7332],[32472632.497,5909611.733],[32472641.6486,5909609.7164],[32472661.9851,5909605.2352],[32472673.2307,5909608.2338],[32472709.4665,5909623.7271],[32472723.2111,5909625.7261],[32472735.7061,5909621.7276],[32472742.7032,5909617.2292],[32472771.1915,5909593.2384],[32472792.6827,5909570.747],[32472802.4286,5909558.2518],[32472817.9221,5909532.2619],[32472822.9199,5909519.7668],[32472825.4187,5909507.2718],[32472825.4186,5909493.7771],[32472822.6694,5909477.7835],[32472810.9235,5909439.299],[32472793.4299,5909397.3159],[32472777.7264,5909366.1716],[32472763.441,5909337.84],[32472757.4431,5909320.8468],[32472753.6942,5909292.858],[32472755.4433,5909281.8623],[32472759.1917,5909273.3656],[32472764.6894,5909266.8681],[32472771.4367,5909262.8696],[32472785.1349,5909258.0179],[32472867.398,5909228.8818],[32472904.633,5909211.888],[32472914.6289,5909204.3908],[32472925.1245,5909186.3978],[32472931.8715,5909163.4069],[32472935.6196,5909137.9169],[32472936.447,5909121.8371],[32472937.3684,5909103.9304],[32472939.6174,5909095.4338],[32472943.1159,5909089.4361],[32472947.864,5909085.4376],[32472953.3618,5909083.4383],[32472959.8592,5909083.9381],[32472967.3562,5909085.9372],[32472975.3531,5909090.9351],[32473113.2997,5909187.3947],[32473135.0412,5909200.8891],[32473160.5313,5909213.3837],[32473167.2787,5909218.3817],[32473171.527,5909223.8794],[32473173.2765,5909234.875],[32473168.7784,5909244.8711],[32473159.5322,5909253.8677],[32473098.557,5909291.3536],[32473038.3316,5909331.8384],[32473025.3369,5909342.8342],[32473013.8416,5909355.3294],[32473004.8454,5909368.3244],[32472999.5977,5909382.8187],[32472996.849,5909396.8132],[32472993.101,5909432.2991],[32472989.8525,5909448.7926],[32472986.8538,5909455.2901],[32472976.1082,5909464.7865],[32472964.8629,5909478.7811],[32472954.8671,5909496.2743],[32472950.8689,5909506.7702],[32472946.183,5909525.5148],[32472933.1273,5909577.7407],[32472923.6313,5909615.7272],[32472921.3825,5909639.7177],[32472923.1319,5909650.2136],[32472933.3782,5909675.2035],[32472953.1208,5909703.1921],[32472966.6156,5909717.6861],[32472982.8594,5909731.1805],[32473020.8446,5909755.1704],[32473038.0879,5909763.6668],[32473068.8258,5909773.1626],[32473098.0642,5909775.6612],[32473147.2946,5909773.1615],[32473172.7845,5909776.6597],[32473182.0309,5909780.658],[32473188.7783,5909785.6559],[32473193.0267,5909791.6535],[32473195.026,5909798.1509],[32473194.5262,5909804.6483],[32473191.5275,5909811.6456],[32473185.53,5909817.6433],[32473177.2834,5909822.6414],[32473166.7876,5909827.1398],[32473141.0479,5909833.1377],[32473110.81,5909835.6372],[32473075.574,5909835.1379],[32473036.3395,5909830.1404],[32473016.8472,5909825.6425],[32472981.8609,5909812.1484],[32472955.871,5909792.6565],[32472928.1316,5909760.1699],[32472900.3921,5909727.6831],[32472889.1465,5909720.1862],[32472875.9017,5909716.6878],[32472861.4074,5909716.1882],[32472831.4194,5909721.6865],[32472794.9331,5909734.4823],[32472740.2062,5909753.6751],[32472705.72,5909761.6724],[32472689.7264,5909763.172],[32472662.4872,5909758.6742],[32472618.5045,5909745.68],[32472583.0185,5909737.6837],[32472540.0355,5909733.1861],[32472495.5532,5909734.6861],[32472458.568,5909743.1832],[32472443.824,5909750.1807],[32472431.8289,5909759.1773],[32472422.8326,5909769.6732],[32472417.5849,5909782.6681],[32472415.336,5909796.1628],[32472415.3363,5909819.6535],[32472418.8354,5909851.1409],[32472417.5862,5909873.1322],[32472414.8374,5909883.1283],[32472410.3393,5909890.6253],[32472404.3418,5909895.6234],[32472397.8444,5909898.1225],[32472388.848,5909898.6225],[32472379.8515,5909896.6234],[32472359.3595,5909887.6273],[32472339.6172,5909874.6327],[32472314.2027,5909852.1869],[32472271.1436,5909814.1577],[32472262.1471,5909810.1594],[32472255.3998,5909809.6597],[32472250.1519,5909812.6586],[32472246.9033,5909818.6563],[32472245.9039,5909836.1493],[32472250.9022,5909857.1409],[32472257.3999,5909874.6339],[32472281.1127,5909920.0109],[32472292.137,5909941.107],[32472306.8816,5909972.5942],[32472323.3755,5910000.5829],[32472332.8719,5910012.0782],[32472343.6177,5910021.0745],[32472356.1129,5910027.5717],[32472368.1081,5910030.0705],[32472378.8538,5910029.5706],[32472388.35,5910026.5716],[32472427.0843,5910007.5786],[32472439.8292,5910005.5792],[32472452.5742,5910006.5787],[32472464.0697,5910011.0767],[32472473.8159,5910018.0738],[32472488.5603,5910035.5666],[32472497.0571,5910050.5606],[32472494.8083,5910067.5538],[32472489.5606,5910082.5479],[32472481.5639,5910095.5429],[32472471.818,5910106.0389],[32472454.0752,5910117.5346],[32472438.0816,5910123.0326],[32472427.5858,5910123.5325],[32472390.6005,5910119.5347],[32472374.357,5910124.0331],[32472363.6113,5910129.0313],[32472352.8657,5910136.5284],[32472344.1194,5910148.5238],[32472337.1224,5910163.0181],[32472332.6244,5910179.5117],[32472330.6254,5910198.0043],[32472331.3754,5910216.9968],[32472335.3741,5910235.9892],[32472342.8714,5910254.4817],[32472361.1146,5910289.9674],[32472381.1072,5910323.9536],[32472405.5979,5910357.4399],[32472453.8294,5910404.4206],[32472466.8245,5910420.414],[32472476.8207,5910436.9073],[32472489.816,5910468.8944],[32472497.7777,5910509.2555],[32472500.5625,5910523.3726],[32472504.3112,5910535.8676],[32472516.0569,5910562.3569],[32472524.6074,5910578.8677],[32472566.7882,5910660.3173],[32472575.7849,5910683.308],[32472588.2806,5910726.7905],[32472595.5283,5910766.2747],[32472599.5272,5910801.2608],[32472600.7771,5910829.7494],[32472599.5278,5910842.2445],[32472594.78,5910862.2366],[32472590.7817,5910870.7333],[32472571.0399,5910897.2231],[32472567.7913,5910903.7205],[32472563.7931,5910918.2148],[32472563.7933,5910936.2077],[32472573.0402,5910975.192],[32472599.2466,5911049.8699],[32472621.273,5911112.6367],[32472629.0203,5911138.6263],[32472631.3822,5911152.1228],[32472631.2699,5911169.614],[32472621.2744,5911187.3843],[32472615.5265,5911197.6031],[32472609.0294,5911217.5952],[32472607.5304,5911246.5837],[32472621.2763,5911339.0468],[32472629.5235,5911373.533],[32472641.5192,5911409.5185],[32472649.2664,5911428.011],[32472669.5089,5911466.4954],[32472710.4935,5911526.9708],[32472743.9808,5911570.4531],[32472774.7191,5911606.9381],[32472787.4642,5911619.433],[32472799.4596,5911628.4292],[32472811.4549,5911634.4267],[32472823.7001,5911637.4253],[32472836.9448,5911637.4251],[32472851.9388,5911635.4257],[32472866.1831,5911629.9277],[32472876.6788,5911620.9311],[32472884.4255,5911608.9358],[32472889.4233,5911594.9413],[32472892.6718,5911579.9472],[32472894.9205,5911548.9595],[32472894.4198,5911489.4831],[32472890.9203,5911429.507],[32472885.6717,5911381.0263],[32472868.6783,5911370.5307],[32472858.4323,5911362.0343],[32472836.6906,5911338.0441],[32472827.6939,5911322.0506],[32472820.9464,5911303.558],[32472817.1976,5911285.5652],[32472815.698,5911271.071],[32472816.9471,5911247.0805],[32472819.5229,5911235.7902],[32472828.6917,5911195.6008],[32472839.6861,5911109.6348],[32472841.9345,5911057.6554],[32472840.1759,5911010.3965],[32472836.9353,5910976.1879],[32472828.1881,5910929.7065],[32472815.4426,5910887.7233],[32472789.2021,5910822.2497],[32472777.4564,5910798.7592],[32472763.7116,5910777.268],[32472697.7366,5910695.3015],[32472681.7427,5910673.3105],[32472666.7483,5910648.8204],[32472655.2525,5910624.3303],[32472648.5048,5910600.8397],[32472645.0059,5910578.8485],[32472645.5052,5910543.8624],[32472650.253,5910521.3713],[32472660.7645,5910513.5888],[32472747.4633,5910449.3985],[32472794.4441,5910410.9131],[32472813.1863,5910388.9216],[32472820.1834,5910378.4257],[32472829.9292,5910357.9337],[32472833.7948,5910346.606],[32472840.6745,5910326.446],[32472852.4196,5910314.9504],[32472872.6614,5910303.9545],[32472889.6877,5910297.5292],[32472938.8847,5910278.9635],[32472997.1112,5910250.9738],[32473017.1031,5910242.9767],[32473034.0963,5910238.978],[32473042.0931,5910238.9779],[32473049.5901,5910240.4772],[32473065.0841,5910247.974],[32473081.5778,5910262.9678],[32473095.0727,5910282.9597],[32473109.8173,5910317.4457],[32473108.3576,5910523.4667],[32473108.0715,5910563.8479],[32473102.8242,5910603.832],[32473088.8309,5910679.8021],[32473095.0791,5910727.7829],[32473112.0735,5910807.7509],[32473126.3185,5910855.2318],[32473142.0628,5910893.7163],[32473151.0594,5910911.709],[32473172.5514,5910947.6944],[32473185.2966,5910965.1873],[32473216.7846,5911002.6719],[32473236.2771,5911021.6641],[32473258.0188,5911040.1564],[32473288.7568,5911061.6475],[32473322.9936,5911084.138],[32473343.5541,5911095.7444],[32473353.9815,5911101.6306],[32473424.7018,5910992.1731],[32473496.9215,5910886.2142],[32473667.6003,5910651.3051],[32473816.0384,5910451.8822],[32473870.9687,5910386.2721],[32473899.1706,5910352.5871],[32473940.7367,5910302.9396],[32473963.2278,5910306.4379],[32473993.7158,5910314.4343],[32474009.9594,5910320.9315],[32474025.4534,5910329.4279],[32474038.6983,5910340.4233],[32474123.1659,5910423.3891],[32474180.8937,5910476.8671],[32474253.82,5910539.8274],[32474307.095,5910585.8219],[32474355.0766,5910631.3032],[32474356.5669,5910650.2818],[32474359.8256,5910691.7791],[32474358.8263,5910715.7696],[32474356.5774,5910725.7656],[32474352.829,5910733.7625],[32474346.0818,5910742.2592],[32474300.3505,5910782.244],[32474280.3588,5910801.2367],[32474268.8635,5910814.7315],[32474260.3671,5910828.7261],[32474254.8695,5910842.2208],[32474251.8709,5910855.2157],[32474250.8716,5910878.7064],[32474254.8703,5910901.1974],[32474256.9051,5910908.2971],[32474278.3622,5910983.1645],[32474282.361,5911011.6531],[32474280.8617,5911021.6491],[32474277.6132,5911032.145],[32474266.1181,5911054.6362],[32474232.6321,5911104.1171],[32474215.3894,5911133.6056],[32474207.3928,5911150.0991],[32474194.8983,5911185.0854],[32474188.1515,5911221.571],[32474188.1523,5911277.5488],[32474186.1536,5911316.5333],[32474178.907,5911352.5191],[32474172.1599,5911367.5133],[32474149.0696,5911397.6891],[32474128.1783,5911424.991],[32474093.5652,5911473.1637],[32474073.9509,5911500.4618],[32474048.7113,5911526.4519],[32474031.7183,5911540.4466],[32474012.4761,5911553.9415],[32473991.9844,5911564.4376],[32473970.743,5911571.9349],[32473931.401,5911572.9708],[32473913.7657,5911573.4351],[32473888.2759,5911579.4331],[32473878.2799,5911584.4313],[32473861.5368,5911599.4256],[32473844.0441,5911624.4159],[32473769.3255,5911742.8699],[32473723.5946,5911807.3449],[32473682.1118,5911855.3264],[32473664.619,5911873.3195],[32473611.6408,5911922.8006],[32473566.4093,5911957.2876],[32473546.1675,5911969.2831],[32473448.2072,5912018.265],[32473418.4701,5912092.7359],[32473409.6276,5912109.6526],[32473401.2274,5912125.723],[32473394.2305,5912147.7144],[32473393.9808,5912160.2094],[32473396.2301,5912173.2042],[32473404.4772,5912198.694],[32473414.2236,5912221.6847],[32473420.2214,5912231.1808],[32473427.7185,5912239.1776],[32473436.4651,5912245.6748],[32473446.961,5912250.1729],[32473457.4569,5912251.6722],[32473465.9535,5912250.6724],[32473484.8866,5912239.1475],[32473494.6918,5912233.179],[32473503.9381,5912230.18],[32473515.4335,5912229.1803],[32473526.9289,5912230.1797],[32473545.9215,5912236.6769],[32473554.918,5912242.1745],[32473574.9103,5912261.1667],[32473598.6892,5912286.1405],[32473619.6432,5912308.1474],[32473657.8787,5912355.628],[32473682.8693,5912395.6117],[32473686.8678,5912404.1083],[32473690.1168,5912420.1019],[32473686.3685,5912434.5962],[32473675.623,5912449.5904],[32473659.1298,5912466.5839],[32473648.6342,5912487.5757],[32473640.8878,5912518.5635],[32473637.2146,5912551.3642],[32473633.8914,5912581.0388],[32473628.6438,5912599.5315],[32473619.3977,5912616.0251],[32473599.555,5912637.2111],[32473586.1614,5912651.5114],[32473577.4151,5912666.0058],[32473570.4182,5912686.4978],[32473555.425,5912747.9735],[32473548.9279,5912763.9673],[32473539.6817,5912778.9615],[32473527.1869,5912792.4563],[32473510.9435,5912803.4521],[32473489.952,5912811.9491],[32473465.9616,5912816.4476],[32473441.2214,5912815.4484],[32473416.7311,5912810.9505],[32473371.7487,5912793.4581],[32473352.7561,5912782.9625],[32473325.7666,5912762.4711],[32473309.282,5912745.721],[32473294.7785,5912730.984],[32473278.7846,5912717.4896],[32473261.306,5912707.7796],[32473233.8022,5912692.5002],[32473207.3124,5912672.0087],[32473181.3223,5912645.0198],[32473158.331,5912612.5331],[32473136.0893,5912572.5493],[32473090.606,5912479.0871],[32473024.8843,5912630.028],[32473004.1531,5912672.3558],[32472988.8997,5912703.4993],[32472979.4039,5912733.9874],[32472977.1551,5912750.9806],[32472979.9045,5912790.4649],[32473001.8977,5912922.4122],[32472969.6622,5913042.8648],[32472937.4268,5913163.3174],[32472905.1913,5913283.77],[32472872.9559,5913404.2226],[32472851.489,5913490.8856],[32472846.8613,5913509.568],[32472842.9695,5913521.6763],[32472828.4757,5913548.6658],[32472811.9826,5913572.6565],[32472780.9955,5913611.6414],[32472728.0174,5913670.6188],[32472701.7783,5913702.6064],[32472683.286,5913728.5964],[32472669.042,5913754.0865],[32472657.0472,5913780.5761],[32472653.7986,5913792.5714],[32472652.2995,5913812.0637],[32472658.0477,5913846.0501],[32472657.0484,5913863.5431],[32472654.2996,5913873.0394],[32472645.0536,5913893.0316],[32472618.065,5913939.5135],[32472612.3174,5913952.0086],[32472603.0715,5913980.4974],[32472590.3275,5914041.4734],[32472580.3323,5914102.9491],[32472571.5875,5914217.9035],[32472568.8398,5914305.3688],[32472533.1078,5914565.2661],[32472503.3723,5914755.6908],[32472479.3837,5914884.1401],[32472467.1393,5914934.6203],[32472439.9015,5915028.5833],[32472434.9047,5915109.5512],[32472432.9067,5915198.0161],[32472434.4064,5915215.5091],[32472441.154,5915237.0005],[32472446.9018,5915244.4974],[32472454.3989,5915250.4949],[32472463.3954,5915253.9934],[32472474.1412,5915256.4923],[32472501.6302,5915255.4923],[32472531.6182,5915249.994],[32472558.1075,5915240.4974],[32472569.6029,5915233.5],[32472579.5988,5915224.5035],[32472583.6911,5915218.5507],[32472594.0926,5915198.0138],[32472600.5897,5915177.5218],[32472652.0787,5914997.2047],[32472667.8096,5914942.1144],[32472682.0535,5914910.6267],[32472690.7998,5914897.6317],[32472700.7957,5914886.636],[32472711.7912,5914878.639],[32472724.0363,5914874.1406],[32472737.281,5914873.1408],[32472749.776,5914875.1398],[32472759.0225,5914880.6375],[32472766.2697,5914888.1344],[32472771.5177,5914898.1304],[32472778.5908,5914918.452],[32472789.2614,5914949.1099],[32472810.5036,5914992.0925],[32472828.2469,5915019.0815],[32472837.7433,5915030.077],[32472847.4895,5915038.0737],[32472859.6729,5915044.2115],[32472878.4774,5915048.0693],[32472910.7145,5915047.0692],[32472942.4518,5915040.0715],[32472958.6952,5915029.0757],[32472967.4416,5915021.0787],[32472984.1846,5915000.0868],[32472991.4316,5914987.5917],[32472998.3844,5914971.7451],[32473012.9223,5914938.6109],[32473035.6627,5914897.127],[32473049.157,5914878.6342],[32473063.1513,5914864.6395],[32473072.3975,5914860.1412],[32473077.6454,5914857.1423],[32473092.1396,5914857.6419],[32473103.3853,5914865.6386],[32473108.8833,5914877.1339],[32473109.6332,5914892.6277],[32473107.1344,5914909.621],[32473086.6436,5914978.5939],[32473069.6514,5915053.0646],[32473063.6543,5915091.5494],[32473062.6549,5915107.0432],[32473063.6547,5915118.5386],[32473067.4033,5915127.0352],[32473073.9009,5915134.0323],[32473083.1473,5915140.5296],[32473133.8774,5915163.5198],[32473161.6166,5915179.0132],[32473213.3466,5915218.4968],[32473249.3328,5915252.9825],[32473281.8204,5915291.4668],[32473466.0008,5915543.8639],[32473478.9959,5915559.3575],[32473489.2419,5915567.3542],[32473503.4863,5915574.851],[32473540.2219,5915588.3451],[32473602.1975,5915604.8377],[32473641.6819,5915612.3341],[32473666.4221,5915612.8336],[32473688.3603,5915611.2378],[32473693.9111,5915610.834],[32473724.8987,5915605.3357],[32473753.3875,5915612.8323],[32473785.8746,5915616.3305],[32473822.8599,5915613.3311],[32473859.5952,5915605.3338],[32473891.3324,5915593.3381],[32473918.5713,5915578.3437],[32473941.8118,5915562.3497],[32473961.3038,5915545.3562],[32473977.5471,5915529.3623],[32474007.95,5915494.4408],[32474039.7714,5915457.8898],[32474057.5141,5915440.8963],[32474078.2556,5915424.4025],[32474101.9959,5915410.4078],[32474129.2349,5915398.9119],[32474159.9726,5915391.9143],[32474192.7095,5915388.4152],[32474254.435,5915387.9145],[32474310.7,5915392.1204],[32474334.6532,5915393.911],[32474437.7805,5915457.4256],[32474482.3457,5915484.8727],[32474537.8241,5915512.8608],[32474565.3133,5915522.8564],[32474592.3026,5915528.3538],[32474618.5422,5915528.3535],[32474662.5246,5915522.3552],[32474679.5178,5915516.3574],[32474694.0119,5915506.8609],[32474706.0069,5915493.3661],[32474716.5025,5915474.8733],[32474725.2486,5915449.3833],[32474743.5065,5915365.2155],[32474771.9769,5915233.9682],[32474787.4697,5915155.999],[32474786.47,5915153.0002],[32474800.9637,5915115.0151],[32474810.7096,5915098.5215],[32474822.9545,5915083.0275],[32474854.9414,5915055.5379],[32474867.936,5915041.5433],[32474878.4316,5915025.5495],[32474886.4282,5915009.056],[32474898.173,5914971.5707],[32474923.9109,5914841.6219],[32474962.3933,5914685.6834],[32474970.1399,5914661.6928],[32474981.3851,5914637.7022],[32474994.6295,5914613.7115],[32475015.6207,5914582.7235],[32475040.8602,5914553.7347],[32475055.8541,5914540.7396],[32475069.0987,5914533.2424],[32475080.5941,5914530.2434],[32475089.8404,5914529.2437],[32475097.8372,5914530.2432],[32475104.8345,5914533.2419],[32475117.0798,5914544.2373],[32475137.3221,5914569.2271],[32475146.0687,5914575.7244],[32475155.8149,5914580.2225],[32475171.5587,5914582.7213],[32475188.5519,5914581.2216],[32475200.5471,5914578.2226],[32475225.0372,5914567.7264],[32475253.2759,5914561.7284],[32475268.02,5914561.2284],[32475282.5142,5914563.2274],[32475296.5087,5914567.2256],[32475309.2538,5914574.2227],[32475320.4994,5914584.2185],[32475330.2458,5914598.2128],[32475339.2424,5914615.7057],[32475347.7394,5914636.1975],[32475360.8733,5914674.7636],[32475379.2282,5914728.6603],[32475387.7251,5914749.6518],[32475397.7214,5914768.1443],[32475410.2167,5914785.6372],[32475425.7107,5914801.6306],[32475443.4539,5914815.6248],[32475463.696,5914827.6197],[32475477.9404,5914834.1169],[32475511.9271,5914845.6119],[32475539.6661,5914850.6095],[32475569.1544,5914853.1081],[32475630.1301,5914849.1088],[32475670.6207,5914842.6173],[32475761.0777,5914828.1153],[32475795.314,5914824.6161],[32475871.0339,5914821.6162],[32475953.5011,5914823.1145],[32475994.7347,5914825.6129],[32476048.4635,5914831.6097],[32476072.7039,5914834.6082],[32476194.1559,5914857.0975],[32476218.6462,5914859.5961],[32476260.3796,5914859.0957],[32476277.8726,5914855.0971],[32476293.3663,5914848.5994],[32476313.1107,5914838.8518],[32476332.8503,5914829.1066],[32476354.3416,5914814.1122],[32476363.5877,5914804.1161],[32476371.5844,5914791.6209],[32476378.3315,5914776.127],[32476383.5791,5914757.6343],[32476385.8283,5914743.3886],[32476386.5777,5914738.6418],[32476386.827,5914698.1579],[32476379.8292,5914656.1746],[32476373.8312,5914635.1831],[32476366.3339,5914613.6917],[32476330.0972,5914532.7244],[32476286.3631,5914429.2662],[32476274.3673,5914393.7804],[32476264.8706,5914359.2943],[32476258.1228,5914325.8077],[32476252.1243,5914261.8332],[32476252.1239,5914232.8447],[32476257.1212,5914183.8641],[32476262.1189,5914165.3714],[32476268.1163,5914150.877],[32476275.1134,5914142.3803],[32476282.6104,5914138.8816],[32476290.6072,5914139.3813],[32476307.1008,5914150.8765],[32476323.3446,5914169.8687],[32476346.8358,5914201.8557],[32476364.0791,5914218.8487],[32476373.3256,5914225.3459],[32476392.0682,5914230.3437],[32476401.5644,5914228.3443],[32476409.5611,5914222.8464],[32476414.8089,5914214.8495],[32476418.0575,5914204.3536],[32476419.5567,5914192.3584],[32476416.9909,5914134.3253],[32476415.557,5914101.8944],[32476415.3936,5914052.0996],[32476415.306,5914025.4248],[32476407.1663,5914023.4257],[32476401.0616,5914021.9264],[32476393.5645,5914018.4279],[32476383.8183,5914012.4304],[32476374.5719,5914003.9339],[32476363.8259,5913987.9404],[32476358.6944,5913968.002],[32476355.0789,5913953.954],[32476348.3315,5913944.4579],[32476343.5833,5913941.4592],[32476333.0875,5913938.9603],[32476327.8396,5913939.96],[32476322.5917,5913943.4587],[32476313.5954,5913954.9542],[32476307.8477,5913965.9502],[32476302.1003,5913976.9457],[32476297.6022,5913982.4436],[32476292.3543,5913985.4424],[32476285.8569,5913985.9423],[32476278.1099,5913982.4438],[32476269.6132,5913975.9465],[32476261.8662,5913966.9502],[32476241.3738,5913931.9644],[32476226.1294,5913897.4783],[32476221.3812,5913888.9818],[32476215.1336,5913882.9843],[32476199.1398,5913875.4875],[32476189.8935,5913874.488],[32476169.6515,5913875.4879],[32476159.1558,5913877.9871],[32476146.1607,5913859.4946],[32476137.9137,5913843.0013],[32476133.1654,5913827.0077],[32476131.1657,5913797.0196],[32476133.9142,5913766.0319],[32476134.4135,5913731.5456],[32476130.1647,5913699.0586],[32476120.918,5913669.5704],[32476106.9232,5913643.0812],[32476098.4264,5913631.0861],[32476087.4306,5913619.5908],[32476057.6921,5913599.5992],[32476021.89,5913583.6531],[32476003.7133,5913577.1089],[32476017.9394,5913528.9797],[32476027.2028,5913497.6401],[32476036.4351,5913467.4645],[32476064.4246,5913380.0489],[32476073.1824,5913352.697],[32476077.9302,5913333.2047],[32476082.6778,5913297.7188],[32476082.9273,5913269.2301],[32476080.6779,5913248.7382],[32476076.6793,5913230.7455],[32476010.4523,5913002.3372],[32476004.7043,5912982.845],[32475962.9696,5912890.3823],[32475950.7242,5912869.8907],[32475927.7329,5912838.9033],[32475892.4963,5912796.4207],[32475831.829,5912729.8411],[32475820.6795,5912717.6051],[32475776.5138,5912669.1354],[32475733.557,5912621.9923],[32475721.5615,5912606.4986],[32475703.8182,5912577.5104],[32475697.2304,5912559.6459],[32475689.0735,5912537.5265],[32475683.0757,5912525.0316],[32475674.5789,5912512.5366],[32475662.5835,5912500.5416],[32475645.84,5912488.5466],[32475618.7232,5912473.6706],[32475573.868,5912449.0633],[32475529.3853,5912419.0759],[32475514.9341,5912407.9599],[32475477.6552,5912376.5935],[32475455.1638,5912352.1036],[32475433.9219,5912321.616],[32475402.9334,5912270.1369],[32475387.1508,5912233.2288],[32475385.081,5912228.3886],[32475371.4077,5912196.413],[32475365.1697,5912181.8253],[32475355.7006,5912159.6815],[32475346.7037,5912127.1945],[32475339.9557,5912079.7135],[32475339.9556,5912068.218],[32475339.9553,5912051.7246],[32475343.2036,5912023.2359],[32475351.2001,5911994.2473],[32475363.6947,5911965.7584],[32475379.1881,5911935.7701],[32475395.6811,5911903.2828],[32475423.1744,5911864.4155],[32475457.905,5911815.3168],[32475482.145,5911786.8278],[32475531.8745,5911736.8469],[32475560.3626,5911699.3614],[32475602.3452,5911648.3811],[32475632.3329,5911618.8924],[32475651.0752,5911604.8977],[32475672.3166,5911592.9021],[32475696.5568,5911581.9061],[32475723.296,5911572.9093],[32475752.7842,5911566.9113],[32475784.5215,5911563.4122],[32475818.508,5911563.4117],[32475853.2443,5911568.4093],[32475886.7311,5911577.905],[32475918.2188,5911590.8994],[32475966.9305,5911617.5471],[32476025.677,5911658.371],[32476035.4232,5911666.3677],[32476044.4198,5911676.8634],[32476051.4172,5911688.3587],[32476055.6657,5911700.3539],[32476055.9158,5911712.3491],[32476051.1678,5911723.8446],[32476040.6721,5911733.8408],[32476023.4291,5911742.3377],[32475956.7445,5911762.5754],[32475850.4986,5911794.8193],[32475821.5103,5911806.815],[32475789.2734,5911824.3085],[32475721.551,5911867.7922],[32475663.3247,5911912.2753],[32475630.0884,5911942.7637],[32475622.8414,5911953.7594],[32475617.0939,5911967.2542],[32475612.5959,5911982.7481],[32475606.3489,5912018.7339],[32475603.8505,5912058.2182],[32475603.8511,5912099.2019],[32475605.851,5912147.1828],[32475608.6002,5912172.1729],[32475612.599,5912197.1629],[32475618.597,5912221.1532],[32475626.3442,5912243.1444],[32475636.5904,5912262.1367],[32475661.8309,5912296.6226],[32475676.5752,5912312.6161],[32475693.0689,5912327.1101],[32475711.5617,5912339.6048],[32475732.5535,5912349.6006],[32475756.2942,5912357.597],[32475783.2835,5912362.5947],[32475809.773,5912365.0933],[32475832.7639,5912366.0926],[32475870.9986,5912363.593],[32475904.985,5912355.5957],[32475989.9158,5912322.9608],[32476006.4441,5912316.6097],[32476032.1837,5912308.1127],[32476044.1789,5912306.1134],[32476067.9195,5912306.113],[32476116.4004,5912318.1075],[32476122.3983,5912336.6001],[32476123.6479,5912349.0951],[32476122.8984,5912363.0896],[32476118.4005,5912378.0837],[32476111.6533,5912389.0794],[32476093.9106,5912406.5727],[32476022.1899,5912461.5519],[32475955.7171,5912517.0308],[32475938.7242,5912536.5233],[32475928.7284,5912556.0157],[32475927.2292,5912566.5116],[32475928.7287,5912576.5076],[32475933.2271,5912586.0037],[32475941.9737,5912595.9996],[32475954.7188,5912604.9959],[32475974.8324,5912615.5223],[32476034.9375,5912646.978],[32476044.4338,5912655.4745],[32476053.6617,5912670.9308],[32476071.4168,5912712.9502],[32476095.915,5912770.9279],[32476104.9117,5912787.921],[32476125.9038,5912818.4086],[32476149.1449,5912846.8969],[32476173.6355,5912870.3873],[32476199.8747,5912889.8787],[32476234.8618,5912915.8683],[32476272.5973,5912949.8542],[32476286.6256,5913006.5104],[32476288.0708,5913012.3473],[32476304.0701,5913076.9636],[32476311.0843,5913105.2919],[32476311.5852,5913185.2601],[32476314.335,5913249.2347],[32476317.0843,5913276.7237],[32476321.083,5913297.2155],[32476327.3308,5913313.7089],[32476347.5733,5913350.1941],[32476360.3184,5913368.6865],[32476412.2534,5913434.8398],[32476444.2866,5913475.6428],[32476535.2522,5913598.0929],[32476561.2424,5913636.5772],[32476572.2385,5913667.5647],[32476582.0728,5913714.5015],[32476601.9787,5913809.5079],[32476614.9741,5913849.4918],[32476629.3769,5913889.1366],[32476650.3544,5913946.8789],[32476657.209,5913967.9441],[32476670.9543,5914021.9225],[32476677.7021,5914060.9069],[32476679.2018,5914079.3995],[32476679.2021,5914095.893],[32476676.9532,5914110.3872],[32476671.4564,5914129.377],[32476665.9581,5914148.3723],[32476661.7101,5914173.8622],[32476661.7103,5914186.8571],[32476664.2095,5914199.8519],[32476669.2077,5914212.8466],[32476693.6986,5914254.3298],[32476726.1862,5914293.8136],[32476750.9267,5914315.3047],[32476809.6539,5914354.7882],[32476847.8886,5914352.2886],[32476884.1241,5914342.7919],[32476917.6106,5914328.797],[32476946.8487,5914313.3027],[32476959.5935,5914304.8059],[32476970.589,5914295.3095],[32476988.8315,5914274.8174],[32477069.7976,5914159.8619],[32477099.5353,5914127.3744],[32477117.528,5914112.3801],[32477152.5144,5914090.5643],[32477196.4189,5914063.1876],[32477202.4934,5914059.3999],[32477308.2311,5913987.762],[32477325.6932,5913975.9313],[32477351.9326,5913962.4363],[32477364.1777,5913959.4373],[32477375.923,5913959.9369],[32477386.6688,5913963.9352],[32477395.4154,5913969.9326],[32477401.663,5913976.9298],[32477405.1617,5913983.9269],[32477406.6612,5913991.9237],[32477404.9122,5914010.4164],[32477394.167,5914045.4027],[32477379.6731,5914068.8936],[32477369.4273,5914079.8893],[32477342.4383,5914100.8814],[32477285.9613,5914131.8699],[32477248.4765,5914155.3611],[32477216.2397,5914179.8518],[32477190.0005,5914204.3425],[32477176.7101,5914219.11],[32477162.493,5914234.9072],[32477147.2681,5914251.8242],[32477128.0262,5914279.8134],[32477121.0292,5914295.8071],[32477117.031,5914313.8],[32477116.7814,5914333.7921],[32477120.0304,5914355.2835],[32477127.028,5914376.7749],[32477136.5245,5914397.2666],[32477148.2701,5914416.7587],[32477162.0149,5914434.7513],[32477176.7592,5914450.2449],[32477192.2533,5914463.7394],[32477208.2471,5914473.7352],[32477224.2408,5914481.7317],[32477241.484,5914487.2293],[32477258.9771,5914490.7277],[32477276.7201,5914492.2268],[32477311.2064,5914490.7269],[32477357.1879,5914478.2312],[32477372.1819,5914475.732],[32477386.6761,5914475.232],[32477413.9153,5914479.7298],[32477425.6608,5914485.2274],[32477435.9068,5914492.7243],[32477443.9037,5914502.7202],[32477448.9019,5914513.216],[32477449.9017,5914523.212],[32477446.4032,5914535.2073],[32477435.6577,5914550.2015],[32477427.1612,5914558.1984],[32477389.1767,5914586.6877],[32477373.1833,5914601.6819],[32477359.1891,5914621.6742],[32477352.9418,5914634.6691],[32477342.4465,5914667.1564],[32477339.6978,5914683.6498],[32477338.9483,5914700.6431],[32477344.9467,5914751.6227],[32477357.4425,5914804.1017],[32477372.927,5914842.6466],[32477380.934,5914862.5781],[32477384.1829,5914876.0727],[32477385.4325,5914889.5673],[32477383.4335,5914903.5618],[32477377.686,5914916.5567],[32477368.6897,5914926.5529],[32477356.1948,5914934.0501],[32477340.4511,5914939.0483],[32477300.9669,5914944.5467],[32477252.2363,5914945.547],[32477200.1248,5914944.3288],[32477124.0373,5914942.5501],[32477067.5598,5914944.5501],[32477048.0676,5914948.5488],[32477037.3219,5914954.5466],[32477032.0741,5914962.5435],[32477028.3258,5914972.0397],[32477025.3273,5914996.0303],[32477029.0763,5915029.0171],[32477040.5723,5915072.4996],[32477049.819,5915095.4904],[32477061.3147,5915116.4819],[32477074.5597,5915134.9743],[32477089.3041,5915151.9674],[32477132.6892,5915193.1395],[32477153.0296,5915212.4424],[32477187.2664,5915240.9306],[32477208.0083,5915252.9255],[32477211.0072,5915256.4241],[32477244.744,5915274.9163],[32477296.2239,5915296.9068],[32477311.4679,5915304.9034],[32477327.7116,5915316.3986],[32477344.4552,5915330.8926],[32477376.4429,5915364.3788],[32477420.1763,5915418.8565],[32477428.923,5915427.8528],[32477447.4158,5915441.3472],[32477456.9121,5915445.3455],[32477466.1584,5915447.3445],[32477479.2647,5915445.394],[32477543.8469,5915491.9195],[32477542.1289,5915494.3248],[32477492.1488,5915499.3235],[32477449.9156,5915499.8239],[32477430.4234,5915498.3248],[32477414.1798,5915494.3266],[32477400.935,5915488.829],[32477389.1895,5915481.3321],[32477368.4475,5915463.3396],[32477357.3668,5915451.3467],[32477325.9638,5915417.3585],[32477294.9757,5915388.8702],[32477252.742,5915355.3842],[32477202.5115,5915319.899],[32477146.5332,5915285.9133],[32477087.0565,5915256.4259],[32477028.8293,5915232.4363],[32476942.6132,5915202.4494],[32476914.6241,5915189.455],[32476882.8864,5915168.4638],[32476845.9007,5915139.4758],[32476763.4324,5915063.5072],[32476751.0003,5915058.4503],[32476733.944,5915051.5124],[32476718.9499,5915048.014],[32476702.4564,5915045.5153],[32476686.5362,5915045.9704],[32476666.9706,5915050.5138],[32476650.4773,5915057.5112],[32476635.9832,5915066.5079],[32476610.7435,5915087.0001],[32476599.4981,5915098.4957],[32476588.2528,5915109.9913],[32476564.5125,5915130.9833],[32476526.2781,5915157.4733],[32476498.5393,5915170.9684],[32476466.3023,5915178.9656],[32476355.3465,5915183.4655],[32476350.8483,5915184.9649],[32476318.3491,5915226.799],[32476304.1356,5915245.0951],[32476289.4633,5915263.9818],[32476278.6283,5915277.929],[32476244.1428,5915330.4087],[32476226.1504,5915361.8964],[32476207.3115,5915415.0247],[32476201.1614,5915432.3688],[32476187.1673,5915457.3591],[32476177.9211,5915466.3556],[32476166.6756,5915472.3534],[32476111.9476,5915483.8496],[32476083.709,5915494.3459],[32476070.2145,5915503.3425],[32476057.7196,5915515.3379],[32476045.9745,5915530.3321],[32476023.7338,5915566.3181],[32476004.2422,5915605.8027],[32475989.7793,5915638.5731],[32475968.5075,5915686.7711],[32475961.2606,5915698.2666],[32475951.7645,5915707.763],[32475939.5195,5915715.2602],[32475923.276,5915720.2584],[32475902.2844,5915722.7577],[32475875.545,5915722.2583],[32475827.8139,5915718.2606],[32475773.5399,5915707.5888],[32475723.6051,5915697.7702],[32475699.3647,5915694.7718],[32475657.6313,5915694.2726],[32475638.8888,5915696.272],[32475620.6461,5915700.2707],[32475581.4119,5915713.2661],[32475440.4688,5915775.7433],[32475424.0902,5915782.1576],[32475404.7332,5915789.7383],[32475393.9876,5915797.2354],[32475372.7464,5915820.7264],[32475352.0051,5915853.2138],[32475332.5135,5915892.6984],[32475389.9921,5915997.6559],[32475420.9807,5916059.131],[32475440.9734,5916105.1124],[32475452.7192,5916143.597],[32475454.9686,5916160.5902],[32475453.9692,5916176.5838],[32475449.2213,5916192.0778],[32475440.475,5916206.0723],[32475427.4804,5916219.0673],[32475411.237,5916229.5634],[32475393.9939,5916237.0607],[32475374.5018,5916242.059],[32475327.2706,5916245.5583],[32475282.7205,5916245.1012],[32475181.3286,5916244.061],[32475045.8826,5916250.0605],[32475007.2428,5916253.1036],[32474966.2395,5916256.3328],[32474950.6706,5916257.5589],[32474920.9331,5916305.0405],[32474884.4485,5916368.016],[32474852.4621,5916431.991],[32474842.9663,5916457.481],[32474858.4609,5916511.9592],[32474868.9571,5916541.4473],[32474879.9532,5916567.9366],[32474901.6951,5916608.4202],[32474913.6905,5916622.4145],[32474927.4352,5916634.9093],[32474942.4294,5916645.4049],[32474970.6684,5916661.3982],[32474983.9032,5916667.0414]]],[[[32464955.243,5916729.7852],[32455609.19,5916806.3115],[32455505.1862,5905682.9465],[32455401.3185,5894559.7681],[32462787.7624,5894499.4437],[32462792.7661,5894508.0123],[32462821.3398,5894540.9895],[32462858.3286,5894572.7396],[32462889.2608,5894594.0746],[32462926.1686,5894616.4822],[32463072.5824,5894693.2987],[32463190.7843,5894758.177],[32463247.4643,5894793.7656],[32463276.4635,5894817.4915],[32463305.4627,5894847.808],[32463337.0984,5894891.3057],[32463366.0978,5894937.4398],[32463396.4156,5894996.755],[32463412.8932,5895060.0249],[32463424.7571,5895124.613],[32463423.4402,5895205.0187],[32463414.2142,5895268.289],[32463387.8525,5895326.2869],[32463335.1285,5895397.4665],[32463291.6312,5895455.4648],[32463255.3834,5895508.1904],[32463159.1623,5895661.0945],[32463102.4844,5895763.9092],[32463064.6983,5895856.958],[32463044.4888,5895906.2678],[32463036.5806,5895947.1298],[32463032.6271,5896001.1731],[32463037.6162,5896066.2535],[32463037.9007,5896089.4875],[32463045.8101,5896134.3037],[32463062.9466,5896194.9373],[32463082.7193,5896245.0259],[32463160.4906,5896374.2012],[32463252.1024,5896508.6488],[32463353.6004,5896665.5045],[32463405.0085,5896745.9095],[32463420.8263,5896764.3631],[32463503.8694,5896836.8589],[32463557.6712,5896883.921],[32463635.6837,5896946.2615],[32463710.8177,5896998.9855],[32463809.3237,5897056.8486],[32463951.7076,5897157.1573],[32464016.2966,5897216.4721],[32464096.7036,5897299.5129],[32464157.3387,5897379.9178],[32464182.3837,5897423.4156],[32464200.8385,5897490.6398],[32464217.9755,5897585.5447],[32464219.9531,5897619.816],[32464212.0446,5897636.9518],[32464205.454,5897642.2244],[32464189.6365,5897642.2246],[32464161.9556,5897627.7256],[32464067.0495,5897559.1844],[32464019.5978,5897617.1826],[32464055.1878,5897656.7259],[32464059.1423,5897669.9072],[32464074.9601,5897685.7245],[32464172.5026,5897762.1744],[32464193.593,5897781.946],[32464200.1838,5897801.7178],[32464188.3227,5897940.1214],[32464160.642,5897938.8037],[32464156.0297,5898016.5732],[32464148.1222,5898104.8878],[32464173.1666,5898107.5237],[32464177.1214,5898137.8406],[32464191.6217,5898194.5198],[32464208.7578,5898232.7453],[32464261.4861,5898448.9174],[32464323.3122,5898710.9311],[32464324.4864,5898714.162],[32464325.5107,5898716.9805],[32464342.924,5898764.8943],[32464343.9483,5898767.7127],[32464344.9726,5898770.5312],[32464345.9969,5898773.3497],[32464347.0212,5898776.1681],[32464348.0455,5898778.9866],[32464349.0698,5898781.8051],[32464350.0941,5898784.6235],[32464351.1184,5898787.442],[32464352.1427,5898790.2604],[32464353.167,5898793.0789],[32464354.1913,5898795.8974],[32464355.2156,5898798.7158],[32464376.9493,5898858.5169],[32464377.9624,5898860.868],[32464378.8311,5898863.6948],[32464376.9407,5898865.4995],[32464373.8023,5898866.2243],[32464353.145,5898869.469],[32464351.3959,5898871.9725],[32464351.6167,5898875.0096],[32464356.3946,5898898.5161],[32464371.9196,5898943.0427],[32464372.1977,5898943.8073],[32464373.222,5898946.6284],[32464374.2437,5898949.4504],[32464375.2617,5898952.2735],[32464376.2748,5898955.0982],[32464377.2817,5898957.9248],[32464378.2815,5898960.7536],[32464379.2729,5898963.585],[32464380.2548,5898966.4192],[32464381.226,5898969.2567],[32464382.1853,5898972.0977],[32464383.1386,5898974.9414],[32464384.1077,5898977.7842],[32464385.0895,5898980.6264],[32464386.0782,5898983.469],[32464387.0681,5898986.3129],[32464388.0534,5898989.159],[32464389.0283,5898992.0082],[32464389.9872,5898994.8615],[32464390.9242,5898997.7197],[32464391.8336,5899000.5838],[32464392.7096,5899003.4546],[32464393.5466,5899006.3331],[32464394.3387,5899009.2203],[32464395.0802,5899012.1169],[32464395.7653,5899015.0239],[32464396.3883,5899017.9423],[32464396.9445,5899020.8729],[32464397.4376,5899023.8158],[32464397.8734,5899026.7699],[32464398.2576,5899029.7342],[32464398.5958,5899032.7074],[32464398.8937,5899035.6885],[32464399.1569,5899038.6765],[32464399.3911,5899041.6701],[32464399.6019,5899044.6683],[32464399.7949,5899047.67],[32464399.9759,5899050.6741],[32464400.1504,5899053.6795],[32464400.324,5899056.685],[32464400.5026,5899059.6895],[32464400.6915,5899062.692],[32464400.8966,5899065.6913],[32464401.1235,5899068.6864],[32464401.3778,5899071.6761],[32464402.2674,5899076.5003],[32464402.8171,5899079.4485],[32464403.3701,5899082.3961],[32464403.9254,5899085.3433],[32464404.482,5899088.2902],[32464405.0391,5899091.2371],[32464405.5956,5899094.1841],[32464406.1507,5899097.1313],[32464406.7033,5899100.079],[32464407.2525,5899103.0272],[32464407.7973,5899105.9762],[32464408.3369,5899108.9261],[32464408.8702,5899111.877],[32464409.3962,5899114.8291],[32464409.9142,5899117.7827],[32464410.423,5899120.7378],[32464410.9217,5899123.6946],[32464411.4103,5899126.6531],[32464411.8955,5899129.6123],[32464412.3788,5899132.5717],[32464412.8605,5899135.5314],[32464413.3405,5899138.4914],[32464413.8189,5899141.4516],[32464414.2958,5899144.4122],[32464414.7713,5899147.3729],[32464415.2453,5899150.334],[32464415.718,5899153.2952],[32464416.1894,5899156.2567],[32464416.6595,5899159.2183],[32464417.1285,5899162.1802],[32464417.5965,5899165.1422],[32464418.0633,5899168.1045],[32464418.5292,5899171.0668],[32464418.9942,5899174.0294],[32464419.4584,5899176.9921],[32464419.9217,5899179.9549],[32464420.3843,5899182.9179],[32464420.8463,5899185.8809],[32464421.3076,5899188.8441],[32464421.7684,5899191.8074],[32464422.2288,5899194.7707],[32464422.6886,5899197.7341],[32464423.1482,5899200.6976],[32464423.6074,5899203.6611],[32464424.0664,5899206.6247],[32464424.5252,5899209.5883],[32464424.9839,5899212.5519],[32464425.4426,5899215.5155],[32464425.9013,5899218.4791],[32464426.36,5899221.4428],[32464426.8189,5899224.4063],[32464427.2779,5899227.3699],[32464427.7372,5899230.3334],[32464428.1969,5899233.2969],[32464428.6569,5899236.2603],[32464429.1173,5899239.2236],[32464429.5783,5899242.1868],[32464430.0398,5899245.15],[32464430.5019,5899248.113],[32464430.9647,5899251.0759],[32464431.4283,5899254.0387],[32464431.8926,5899257.0014],[32464432.3579,5899259.9639],[32464433.1587,5899264.2648],[32464433.7119,5899267.2124],[32464434.2684,5899270.1596],[32464434.8279,5899273.1063],[32464435.3901,5899276.0526],[32464435.9549,5899278.9985],[32464436.5219,5899281.9441],[32464437.0911,5899284.8894],[32464437.662,5899287.8344],[32464438.2346,5899290.7792],[32464438.8086,5899293.7237],[32464439.3836,5899296.6682],[32464439.9596,5899299.6124],[32464440.5363,5899302.5566],[32464441.1134,5899305.5007],[32464441.6907,5899308.4448],[32464442.2679,5899311.3889],[32464442.845,5899314.3331],[32464443.4215,5899317.2773],[32464443.9973,5899320.2216],[32464444.5721,5899323.166],[32464445.1458,5899326.1106],[32464445.718,5899329.0555],[32464446.2886,5899332.0005],[32464446.8573,5899334.9459],[32464447.4238,5899337.8916],[32464447.9881,5899340.8376],[32464448.5497,5899343.7839],[32464449.1085,5899346.7307],[32464449.6643,5899349.678],[32464450.2167,5899352.6257],[32464450.7657,5899355.5739],[32464451.3109,5899358.5227],[32464451.8521,5899361.4721],[32464452.3892,5899364.4221],[32464452.9217,5899367.3727],[32464453.4496,5899370.3241],[32464453.9726,5899373.2761],[32464454.4905,5899376.2289],[32464455.0029,5899379.1825],[32464455.5098,5899382.1369],[32464456.0108,5899385.0922],[32464456.5057,5899388.0483],[32464456.9943,5899391.0054],[32464457.4764,5899393.9634],[32464457.9517,5899396.9225],[32464458.4201,5899399.8825],[32464458.8811,5899402.8436],[32464459.3333,5899405.8061],[32464459.7655,5899408.772],[32464460.1763,5899411.7416],[32464460.567,5899414.7146],[32464460.9391,5899417.6907],[32464461.2939,5899420.6698],[32464461.6327,5899423.6516],[32464461.9569,5899426.6357],[32464462.2679,5899429.6221],[32464462.567,5899432.6103],[32464462.8556,5899435.6002],[32464463.1351,5899438.5916],[32464463.4067,5899441.584],[32464463.6719,5899444.5774],[32464463.9321,5899447.5714],[32464464.1885,5899450.5659],[32464464.4425,5899453.5604],[32464464.4793,5899453.9956],[32464470.1608,5899507.2001],[32464478.3736,5899532.862],[32464478.4472,5899537.1834],[32464451.804,5899520.5986],[32464433.1452,5899511.0942],[32464421.1485,5899510.1168],[32464415.7848,5899512.7862],[32464414.3407,5899515.2883],[32464412.4988,5899530.3703],[32464413.1985,5899545.3729],[32464417.9003,5899570.7733],[32464429.5748,5899633.8416],[32464431.7573,5899645.6322],[32464443.9622,5899695.1209],[32464448.9887,5899715.5024],[32464452.2287,5899731.7054],[32464458.3993,5899762.5639],[32464471.3684,5899799.3069],[32464478.8879,5899831.2628],[32464481.4051,5899866.6844],[32464487.7845,5899956.4538],[32464497.3098,5900033.7774],[32464528.7432,5900220.14],[32464536.4468,5900252.2105],[32464544.4149,5900274.9117],[32464554.5122,5900293.1819],[32464574.2337,5900319.7438],[32464638.3905,5900395.1065],[32464680.5676,5900437.2829],[32464697.2701,5900453.9851],[32464750.2495,5900506.9636],[32464790.2341,5900541.4493],[32464797.8788,5900548.3055],[32464844.9981,5900590.565],[32464867.7294,5900615.8212],[32464892.9864,5900647.3915],[32464909.7069,5900690.511],[32464916.981,5900709.2696],[32464919.4059,5900680.3349],[32464925.1815,5900611.4196],[32464933.3695,5900620.2483],[32464967.5349,5900685.471],[32465003.7714,5900780.717],[32465031.6277,5900848.0353],[32465073.138,5900939.6327],[32465091.774,5900999.6791],[32465092.9715,5901004.3488],[32465095.9075,5901006.5625],[32465114.7119,5901037.6835],[32465116.1407,5901039.914],[32465117.7783,5901042.443],[32465119.4226,5901044.9689],[32465121.0667,5901047.495],[32465122.7035,5901050.0246],[32465124.3261,5901052.5606],[32465125.9275,5901055.1065],[32465127.5008,5901057.6653],[32465129.039,5901060.2404],[32465130.5351,5901062.8347],[32465131.9823,5901065.4517],[32465133.3734,5901068.0944],[32465134.7016,5901070.7661],[32465135.9598,5901073.4699],[32465137.1506,5901076.2047],[32465138.297,5901078.9598],[32465139.4035,5901081.733],[32465140.4734,5901084.523],[32465141.5097,5901087.3283],[32465142.5157,5901090.1475],[32465143.4947,5901092.979],[32465144.4498,5901095.8216],[32465145.3843,5901098.6736],[32465146.3013,5901101.5337],[32465147.2041,5901104.4004],[32465148.0958,5901107.2723],[32465148.9798,5901110.1478],[32465149.81,5901112.865],[32465164.1888,5901152.9309],[32465166.1872,5901154.3093],[32465172.3593,5901152.5669],[32465181.4146,5901144.53],[32465203.6807,5901079.7295],[32465203.8161,5901079.3116],[32465204.7468,5901076.4489],[32465205.6809,5901073.5881],[32465206.6194,5901070.7299],[32465207.5631,5901067.8747],[32465208.5129,5901065.023],[32465209.4695,5901062.1753],[32465210.4338,5901059.3322],[32465211.4067,5901056.4941],[32465212.3889,5901053.6616],[32465213.3813,5901050.835],[32465214.3848,5901048.0151],[32465215.4002,5901045.2022],[32465216.4282,5901042.3968],[32465217.4698,5901039.5995],[32465218.6132,5901036.8612],[32465220.4352,5901034.5148],[32465222.6596,5901032.4007],[32465224.8184,5901030.2487],[32465229.4604,5901033.4931],[32465230.2966,5901034.0538],[32465232.8345,5901035.7412],[32465235.3285,5901037.4651],[32465237.7253,5901039.2697],[32465239.9717,5901041.1995],[32465242.0144,5901043.2988],[32465243.8313,5901045.6525],[32465245.4291,5901048.249],[32465246.8048,5901051.0085],[32465247.9553,5901053.8515],[32465248.8776,5901056.6981],[32465249.4188,5901059.5563],[32465249.2147,5901062.5846],[32465248.5156,5901065.6131],[32465247.6177,5901068.4921],[32465246.7024,5901071.3423],[32465245.781,5901074.1913],[32465244.8536,5901077.0391],[32465243.9206,5901079.8858],[32465242.9822,5901082.7314],[32465242.0386,5901085.576],[32465241.0902,5901088.4195],[32465240.137,5901091.262],[32465239.1795,5901094.1037],[32465238.2178,5901096.9443],[32465237.2523,5901099.7841],[32465236.2831,5901102.6231],[32465235.3105,5901105.4612],[32465234.3348,5901108.2986],[32465233.3561,5901111.1352],[32465232.3749,5901113.9711],[32465231.3913,5901116.8063],[32465230.4055,5901119.6409],[32465229.4179,5901122.4749],[32465228.4287,5901125.3083],[32465227.438,5901128.1411],[32465226.4463,5901130.9735],[32465225.4537,5901133.8053],[32465224.4605,5901136.6368],[32465223.4669,5901139.4678],[32465222.4732,5901142.2984],[32465221.4796,5901145.1287],[32465220.4865,5901147.9587],[32465219.494,5901150.7884],[32465218.4413,5901153.6126],[32465217.167,5901156.4142],[32465215.8093,5901159.1978],[32465215.6469,5901159.5508],[32465212.8911,5901167.5114],[32465258.4594,5901245.0402],[32465263.7098,5901255.3157],[32465263.9763,5901255.8269],[32465265.3729,5901258.4874],[32465266.7733,5901261.1464],[32465268.1734,5901263.8056],[32465269.5692,5901266.4664],[32465270.9568,5901269.1307],[32465272.3321,5901271.7999],[32465273.6911,5901274.4759],[32465275.0298,5901277.1601],[32465276.3443,5901279.8542],[32465277.6304,5901282.5599],[32465278.8843,5901285.2788],[32465280.1019,5901288.0125],[32465281.2791,5901290.7627],[32465282.4123,5901293.531],[32465283.5173,5901296.3126],[32465284.6053,5901299.1039],[32465285.6764,5901301.9044],[32465286.7304,5901304.7136],[32465287.7672,5901307.5312],[32465288.787,5901310.3566],[32465289.7895,5901313.1895],[32465290.7747,5901316.0294],[32465291.7427,5901318.8758],[32465292.6932,5901321.7285],[32465293.6262,5901324.5868],[32465294.5418,5901327.4504],[32465295.4398,5901330.3188],[32465296.3202,5901333.1916],[32465297.1829,5901336.0684],[32465298.0279,5901338.9487],[32465298.855,5901341.8321],[32465299.6644,5901344.7182],[32465300.4558,5901347.6065],[32465301.2292,5901350.4966],[32465301.9845,5901353.388],[32465302.6796,5901356.2946],[32465303.2864,5901359.2253],[32465303.8131,5901362.1765],[32465304.2679,5901365.1449],[32465304.6591,5901368.1269],[32465304.995,5901371.1191],[32465305.2837,5901374.118],[32465305.5335,5901377.1202],[32465305.7527,5901380.1222],[32465305.9495,5901383.1206],[32465306.1315,5901386.1122],[32465306.2924,5901389.1029],[32465306.4299,5901392.0954],[32465306.546,5901395.0894],[32465306.6429,5901398.085],[32465306.7226,5901401.0818],[32465306.7872,5901404.0798],[32465306.8387,5901407.0787],[32465306.8792,5901410.0784],[32465306.9108,5901413.0788],[32465306.9356,5901416.0796],[32465306.9556,5901419.0807],[32465306.9729,5901422.082],[32465306.9895,5901425.0832],[32465307.0076,5901428.0842],[32465307.0292,5901431.0849],[32465307.0564,5901434.085],[32465307.0912,5901437.0845],[32465307.1346,5901440.0832],[32465307.1724,5901443.0825],[32465307.2003,5901446.0827],[32465307.2197,5901449.0838],[32465307.2317,5901452.0855],[32465307.2375,5901455.0878],[32465307.2384,5901458.0905],[32465307.2357,5901461.0936],[32465307.2305,5901464.0969],[32465307.224,5901467.1003],[32465307.2175,5901470.1036],[32465307.2122,5901473.1067],[32465307.2094,5901476.1096],[32465307.21,5901478.288],[32465307.3602,5901497.1109],[32465309.1087,5901526.9681],[32465330.1453,5901602.2397],[32465330.9618,5901604.9662],[32465331.8201,5901607.8404],[32465332.6757,5901610.7154],[32465333.528,5901613.5913],[32465334.3764,5901616.4682],[32465335.2203,5901619.3463],[32465336.0593,5901622.2258],[32465336.8928,5901625.1067],[32465337.7201,5901627.9892],[32465338.5408,5901630.8734],[32465339.3543,5901633.7596],[32465340.1594,5901636.6481],[32465340.9561,5901639.5389],[32465341.7451,5901642.4318],[32465342.5273,5901645.3267],[32465343.3032,5901648.2233],[32465344.0738,5901651.1214],[32465344.8396,5901654.0208],[32465345.6016,5901656.9213],[32465346.3603,5901659.8226],[32465347.1166,5901662.7247],[32465347.8712,5901665.6272],[32465348.0101,5901666.1622],[32465364.2182,5901724.1569],[32465364.8712,5901726.2885],[32465365.7392,5901729.1618],[32465366.5914,5901732.0385],[32465367.4235,5901734.9195],[32465368.2312,5901737.8059],[32465369.0101,5901740.6985],[32465369.756,5901743.5985],[32465370.4644,5901746.5067],[32465371.131,5901749.4241],[32465371.7548,5901752.3511],[32465372.3438,5901755.2859],[32465372.9011,5901758.2277],[32465373.4293,5901761.176],[32465373.9311,5901764.1301],[32465374.4092,5901767.0895],[32465374.8663,5901770.0534],[32465375.3051,5901773.0213],[32465375.7281,5901775.9926],[32465376.1381,5901778.9665],[32465376.5378,5901781.9426],[32465376.9298,5901784.9202],[32465377.3169,5901787.8986],[32465377.7016,5901790.8772],[32465378.0867,5901793.8555],[32465378.4748,5901796.8327],[32465378.8686,5901799.8084],[32465379.2707,5901802.7817],[32465379.6835,5901805.7523],[32465380.0963,5901808.7224],[32465380.5038,5901811.6933],[32465380.9065,5901814.6648],[32465381.3048,5901817.637],[32465381.6992,5901820.6097],[32465382.0902,5901823.5829],[32465382.4782,5901826.5565],[32465382.8638,5901829.5304],[32465383.2474,5901832.5047],[32465383.6295,5901835.4791],[32465384.0105,5901838.4537],[32465384.391,5901841.4284],[32465384.7714,5901844.4031],[32465385.1521,5901847.3777],[32465385.5337,5901850.3523],[32465385.9166,5901853.3266],[32465386.3013,5901856.3007],[32465386.6883,5901859.2745],[32465387.078,5901862.2479],[32465387.4709,5901865.2208],[32465387.8675,5901868.1933],[32465388.2253,5901871.1762],[32465388.5249,5901874.1746],[32465388.6519,5901875.5104],[32465390.0271,5901886.0995],[32465399.0506,5901912.6545],[32465399.7445,5901914.4195],[32465400.848,5901917.2184],[32465401.9483,5901920.0185],[32465403.0394,5901922.8215],[32465404.115,5901925.6289],[32465405.169,5901928.4424],[32465406.1951,5901931.2638],[32465407.1873,5901934.0946],[32465408.1392,5901936.9364],[32465409.0449,5901939.791],[32465409.898,5901942.6601],[32465410.6926,5901945.5451],[32465411.4511,5901948.4403],[32465412.1961,5901951.3397],[32465412.928,5901954.2431],[32465413.6474,5901957.1503],[32465414.3545,5901960.0613],[32465415.0499,5901962.9758],[32465415.7341,5901965.8937],[32465416.4074,5901968.8147],[32465417.0703,5901971.7388],[32465417.7234,5901974.6658],[32465418.3669,5901977.5954],[32465419.0014,5901980.5276],[32465419.6274,5901983.4621],[32465420.2452,5901986.3988],[32465420.8553,5901989.3376],[32465421.4582,5901992.2781],[32465422.0544,5901995.2204],[32465422.6442,5901998.1642],[32465423.2281,5902001.1094],[32465423.8066,5902004.0557],[32465424.3801,5902007.003],[32465424.949,5902009.9512],[32465425.5139,5902012.9001],[32465426.0752,5902015.8495],[32465426.6332,5902018.7992],[32465427.1885,5902021.7491],[32465427.7416,5902024.699],[32465428.2928,5902027.6488],[32465428.8426,5902030.5982],[32465429.3915,5902033.5472],[32465429.9398,5902036.4954],[32465430.488,5902039.443],[32465431.0336,5902042.3911],[32465431.5754,5902045.3403],[32465432.1133,5902048.2905],[32465432.647,5902051.2418],[32465433.1764,5902054.1941],[32465433.7011,5902057.1475],[32465434.2211,5902060.1019],[32465434.736,5902063.0574],[32465435.2457,5902066.0138],[32465435.75,5902068.9713],[32465436.2486,5902071.9298],[32465436.7414,5902074.8893],[32465437.2281,5902077.8498],[32465437.7084,5902080.8113],[32465438.1823,5902083.7738],[32465438.6495,5902086.7373],[32465439.1097,5902089.7017],[32465439.5628,5902092.6671],[32465440.0085,5902095.6335],[32465440.4466,5902098.6008],[32465440.877,5902101.569],[32465441.2993,5902104.5382],[32465441.7135,5902107.5084],[32465442.1192,5902110.4794],[32465442.5163,5902113.4514],[32465442.9045,5902116.4243],[32465443.2837,5902119.3981],[32465443.6535,5902122.3728],[32465444.0137,5902125.3485],[32465444.3636,5902128.3255],[32465444.7036,5902131.3037],[32465445.0343,5902134.283],[32465445.356,5902137.2634],[32465445.6695,5902140.2449],[32465445.9751,5902143.2273],[32465446.2734,5902146.2107],[32465446.5649,5902149.1949],[32465446.8502,5902152.1799],[32465447.1296,5902155.1656],[32465447.4038,5902158.1519],[32465447.6733,5902161.1389],[32465447.9385,5902164.1264],[32465448.2,5902167.1143],[32465448.3864,5902169.2706],[32465457.5577,5902262.6192],[32465463.8605,5902309.0526],[32465464.0176,5902310.1633],[32465464.4384,5902313.1328],[32465464.86,5902316.1023],[32465465.2822,5902319.0717],[32465465.7046,5902322.0411],[32465466.1271,5902325.0104],[32465466.5494,5902327.9798],[32465466.9715,5902330.9492],[32465467.3929,5902333.9187],[32465467.8136,5902336.8883],[32465468.2333,5902339.858],[32465468.6517,5902342.8278],[32465469.0688,5902345.7978],[32465469.4842,5902348.768],[32465469.8978,5902351.7384],[32465470.3093,5902354.709],[32465470.7185,5902357.68],[32465471.1252,5902360.6512],[32465471.5292,5902363.6227],[32465471.9305,5902366.5945],[32465472.3308,5902369.5665],[32465472.7305,5902372.5386],[32465473.1295,5902375.5107],[32465473.5278,5902378.483],[32465473.9257,5902381.4553],[32465474.323,5902384.4277],[32465474.7197,5902387.4002],[32465475.116,5902390.3727],[32465475.5119,5902393.3453],[32465475.9074,5902396.318],[32465476.3025,5902399.2907],[32465476.6972,5902402.2635],[32465477.0916,5902405.2363],[32465477.4858,5902408.2091],[32465477.8797,5902411.182],[32465478.2734,5902414.1549],[32465478.6669,5902417.1278],[32465479.0603,5902420.1008],[32465479.4535,5902423.0738],[32465479.8467,5902426.0468],[32465480.2398,5902429.0198],[32465480.6329,5902431.9928],[32465481.026,5902434.9657],[32465481.4191,5902437.9387],[32465481.8124,5902440.9117],[32465482.2057,5902443.8847],[32465482.5992,5902446.8576],[32465482.9929,5902449.8305],[32465483.3867,5902452.8034],[32465483.7809,5902455.7762],[32465483.9656,5902457.1689],[32465495.8772,5902544.9226],[32465507.2977,5902621.4562],[32465507.3873,5902622.0361],[32465507.8457,5902624.9997],[32465508.3042,5902627.9634],[32465508.7626,5902630.9271],[32465509.2209,5902633.8907],[32465509.6789,5902636.8545],[32465510.1366,5902639.8182],[32465510.5938,5902642.7821],[32465511.0503,5902645.746],[32465511.5062,5902648.71],[32465511.9612,5902651.6742],[32465512.4153,5902654.6385],[32465512.8683,5902657.6029],[32465513.3201,5902660.5676],[32465513.7706,5902663.5324],[32465514.2198,5902666.4974],[32465514.6674,5902669.4626],[32465515.1133,5902672.4281],[32465515.5576,5902675.3938],[32465516.0007,5902678.3597],[32465516.4425,5902681.3258],[32465516.8832,5902684.2921],[32465517.3227,5902687.2586],[32465517.7613,5902690.2252],[32465518.1989,5902693.192],[32465518.6357,5902696.1589],[32465519.0716,5902699.126],[32465519.5068,5902702.0931],[32465519.9414,5902705.0604],[32465520.3753,5902708.0278],[32465520.8087,5902710.9952],[32465521.2416,5902713.9627],[32465521.6741,5902716.9303],[32465522.1063,5902719.898],[32465522.5382,5902722.8657],[32465522.9699,5902725.8334],[32465523.4015,5902728.8011],[32465523.8331,5902731.7688],[32465524.2646,5902734.7366],[32465524.6962,5902737.7043],[32465525.128,5902740.672],[32465525.56,5902743.6397],[32465525.9922,5902746.6073],[32465526.4248,5902749.5749],[32465526.8585,5902752.5423],[32465535.7102,5902811.8612],[32465550.6257,5902898.2529],[32465551.0365,5902900.5108],[32465551.5704,5902903.462],[32465552.1006,5902906.4138],[32465552.6268,5902909.3662],[32465553.1484,5902912.3193],[32465553.6649,5902915.2732],[32465554.1758,5902918.228],[32465554.6805,5902921.1837],[32465555.1786,5902924.1405],[32465555.6695,5902927.0984],[32465556.1528,5902930.0574],[32465556.6279,5902933.0178],[32465557.0943,5902935.9795],[32465557.5514,5902938.9427],[32465558.001,5902941.9071],[32465558.4484,5902944.872],[32465558.8941,5902947.8374],[32465559.3381,5902950.8032],[32465559.7802,5902953.7694],[32465560.2206,5902956.736],[32465560.6591,5902959.7031],[32465561.0958,5902962.6706],[32465561.5306,5902965.6384],[32465561.9636,5902968.6067],[32465562.3947,5902971.5753],[32465562.8239,5902974.5442],[32465563.2511,5902977.5136],[32465563.6764,5902980.4832],[32465564.0998,5902983.4532],[32465564.5212,5902986.4236],[32465564.9406,5902989.3942],[32465565.3581,5902992.3652],[32465565.7735,5902995.3364],[32465566.1868,5902998.3079],[32465566.5981,5903001.2798],[32465567.0074,5903004.2518],[32465567.4145,5903007.2242],[32465567.8196,5903010.1967],[32465568.2225,5903013.1696],[32465568.6233,5903016.1426],[32465569.022,5903019.1159],[32465569.4184,5903022.0894],[32465569.8127,5903025.0631],[32465570.2048,5903028.0369],[32465570.5947,5903031.011],[32465570.9823,5903033.9852],[32465571.3677,5903036.9596],[32465571.7508,5903039.9341],[32465572.1317,5903042.9088],[32465572.5102,5903045.8836],[32465572.8864,5903048.8586],[32465573.2603,5903051.8336],[32465573.6318,5903054.8088],[32465574.0009,5903057.784],[32465574.3677,5903060.7594],[32465574.7321,5903063.7348],[32465575.094,5903066.7103],[32465575.4535,5903069.6858],[32465575.8106,5903072.6614],[32465576.1652,5903075.637],[32465576.5173,5903078.6127],[32465576.8669,5903081.5883],[32465577.214,5903084.564],[32465577.5429,5903087.5427],[32465577.7883,5903090.5352],[32465577.9448,5903093.5383],[32465578.0144,5903096.5476],[32465577.999,5903099.5583],[32465577.9006,5903102.5658],[32465577.7214,5903105.5655],[32465577.4633,5903108.5528],[32465577.1375,5903111.5267],[32465576.7779,5903114.4972],[32465576.3899,5903117.4655],[32465575.9764,5903120.4318],[32465575.5401,5903123.3962],[32465575.0839,5903126.3591],[32465574.6105,5903129.3207],[32465574.1228,5903132.2811],[32465573.6236,5903135.2406],[32465573.1156,5903138.1994],[32465572.6017,5903141.1578],[32465572.0846,5903144.1159],[32465571.5673,5903147.074],[32465571.0524,5903150.0323],[32465570.5428,5903152.991],[32465570.0413,5903155.9503],[32465569.5506,5903158.9105],[32465569.0737,5903161.8718],[32465567.7238,5903185.8244],[32465573.1246,5903213.6894],[32465573.5366,5903215.235],[32465574.2831,5903218.1516],[32465574.9776,5903221.0656],[32465575.5997,5903223.9775],[32465576.129,5903226.8878],[32465576.2712,5903229.924],[32465574.9047,5903232.7899],[32465572.4439,5903234.2856],[32465569.781,5903235.5154],[32465567.0017,5903236.6227],[32465564.6185,5903237.4842],[32465550.1196,5903243.4106],[32465546.2528,5903247.9817],[32465546.227,5903256.2112],[32465546.2879,5903256.9033],[32465546.4402,5903259.9864],[32465546.2058,5903262.986],[32465545.7865,5903265.9476],[32465545.0932,5903270.3786],[32465544.3315,5903274.827],[32465543.7822,5903277.7808],[32465543.2015,5903280.7296],[32465542.5897,5903283.672],[32465541.9474,5903286.6068],[32465541.2749,5903289.5329],[32465540.5726,5903292.4489],[32465539.8382,5903295.3532],[32465539.0387,5903298.242],[32465538.1757,5903301.1165],[32465537.2631,5903303.9797],[32465536.315,5903306.8346],[32465535.3453,5903309.6842],[32465534.3682,5903312.5314],[32465533.3976,5903315.3791],[32465532.4476,5903318.2304],[32465531.5321,5903321.0881],[32465531.3393,5903321.726],[32465529.861,5903326.8349],[32465527.2873,5903341.5412],[32465527.0446,5903371.6321],[32465533.5469,5903388.3273],[32465534.143,5903391.2066],[32465534.4179,5903394.168],[32465534.4653,5903397.1804],[32465534.3483,5903400.2165],[32465534.1298,5903403.2493],[32465533.873,5903406.2514],[32465533.5522,5903409.2248],[32465533.1275,5903412.1896],[32465532.6321,5903415.1488],[32465532.0997,5903418.1053],[32465531.5637,5903421.0622],[32465531.0575,5903424.0222],[32465530.605,5903426.9878],[32465530.1365,5903429.9549],[32465529.6489,5903432.9225],[32465529.2449,5903435.4002],[32465527.9599,5903444.8082],[32465527.8738,5903459.7941],[32465533.8279,5903489.2136],[32465534.5144,5903492.0816],[32465535.2172,5903495.0],[32465535.9214,5903497.9183],[32465536.6241,5903500.8372],[32465537.3228,5903503.7569],[32465538.0145,5903506.678],[32465538.6965,5903509.6008],[32465539.3662,5903512.5259],[32465540.0207,5903515.4537],[32465540.6573,5903518.3846],[32465541.2732,5903521.3191],[32465541.8657,5903524.2577],[32465542.4338,5903527.2006],[32465542.9866,5903530.1471],[32465543.5258,5903533.0968],[32465544.0512,5903536.0498],[32465544.5627,5903539.0057],[32465545.06,5903541.9644],[32465545.543,5903544.9258],[32465546.0115,5903547.8897],[32465546.4653,5903550.856],[32465546.9042,5903553.8245],[32465547.3282,5903556.7949],[32465547.7369,5903559.7673],[32465548.1302,5903562.7414],[32465548.5079,5903565.717],[32465548.8699,5903568.694],[32465549.2159,5903571.6723],[32465549.5465,5903574.6516],[32465549.8666,5903577.6321],[32465550.1779,5903580.6135],[32465550.4809,5903583.596],[32465550.7761,5903586.5793],[32465551.0642,5903589.5636],[32465551.3455,5903592.5486],[32465551.6207,5903595.5343],[32465551.8903,5903598.5207],[32465552.1548,5903601.5077],[32465552.4147,5903604.4953],[32465552.6706,5903607.4833],[32465552.923,5903610.4718],[32465553.1724,5903613.4606],[32465553.4193,5903616.4497],[32465553.6644,5903619.4391],[32465553.908,5903622.4286],[32465554.1509,5903625.4183],[32465554.3934,5903628.4081],[32465554.6361,5903631.3978],[32465554.8795,5903634.3874],[32465555.1243,5903637.377],[32465555.3708,5903640.3663],[32465555.6197,5903643.3554],[32465555.8714,5903646.3442],[32465555.9443,5903647.1974],[32465560.7755,5903697.0983],[32465574.5226,5903786.0782],[32465584.2102,5903826.8468],[32465603.2362,5903884.7184],[32465603.9319,5903886.7381],[32465604.9074,5903889.5804],[32465605.8788,5903892.4235],[32465606.8451,5903895.2676],[32465607.8052,5903898.113],[32465608.7582,5903900.9599],[32465609.703,5903903.8085],[32465610.6388,5903906.6591],[32465611.5646,5903909.5119],[32465612.4793,5903912.367],[32465613.382,5903915.2248],[32465614.2717,5903918.0854],[32465615.1475,5903920.9491],[32465616.0083,5903923.8161],[32465616.8531,5903926.6866],[32465617.6811,5903929.5608],[32465618.4912,5903932.439],[32465619.2825,5903935.3214],[32465620.0491,5903938.2093],[32465620.7252,5903941.1183],[32465621.2982,5903944.051],[32465621.7792,5903947.0044],[32465622.1795,5903949.9754],[32465622.51,5903952.961],[32465622.782,5903955.9582],[32465623.0064,5903958.964],[32465623.1945,5903961.9752],[32465623.3573,5903964.989],[32465623.506,5903968.0023],[32465623.6516,5903971.012],[32465623.8054,5903974.0151],[32465623.9782,5903977.0088],[32465624.1648,5903980.0054],[32465624.3458,5903983.0112],[32465624.5052,5903986.0227],[32465624.6268,5903989.0364],[32465624.6945,5903992.0487],[32465624.6922,5903995.0561],[32465624.6038,5903998.0551],[32465624.4132,5904001.0422],[32465624.1043,5904004.0139],[32465623.6899,5904006.9731],[32465623.2678,5904009.9412],[32465622.8449,5904012.9186],[32465622.4186,5904015.9034],[32465621.9862,5904018.8936],[32465621.5449,5904021.8874],[32465621.0921,5904024.883],[32465620.625,5904027.8783],[32465620.141,5904030.8715],[32465619.6373,5904033.8607],[32465619.1113,5904036.8441],[32465618.5602,5904039.8196],[32465617.9813,5904042.7855],[32465617.3719,5904045.7399],[32465616.7293,5904048.6807],[32465616.0508,5904051.6062],[32465615.3336,5904054.5145],[32465614.5752,5904057.4036],[32465613.7728,5904060.2717],[32465612.9236,5904063.1169],[32465612.0249,5904065.9372],[32465611.0742,5904068.7309],[32465610.0512,5904071.489],[32465608.82,5904074.1573],[32465607.3801,5904076.7365],[32465605.7661,5904079.2411],[32465604.0124,5904081.6856],[32465602.1536,5904084.0848],[32465600.2241,5904086.4532],[32465598.2586,5904088.8054],[32465596.2914,5904091.1559],[32465594.3571,5904093.5195],[32465593.8201,5904094.2074],[32465590.7253,5904098.3441],[32465587.1738,5904106.7975],[32465593.2363,5904116.7226],[32465602.2791,5904128.2402],[32465602.5189,5904128.5348],[32465604.4413,5904130.8838],[32465606.3656,5904133.2355],[32465608.2829,5904135.5932],[32465610.1846,5904137.9597],[32465612.062,5904140.3384],[32465613.9064,5904142.7322],[32465615.7092,5904145.1443],[32465617.4617,5904147.5778],[32465619.1563,5904150.0712],[32465620.7461,5904152.679],[32465622.1514,5904155.3811],[32465623.292,5904158.156],[32465624.0871,5904160.9845],[32465624.4752,5904163.9159],[32465624.5292,5904166.9354],[32465624.3535,5904169.9868],[32465624.0527,5904173.0136],[32465623.7191,5904175.991],[32465623.3652,5904178.9738],[32465622.9781,5904181.9594],[32465622.5451,5904184.941],[32465622.0534,5904187.9114],[32465621.4903,5904190.8638],[32465620.8431,5904193.7912],[32465620.0992,5904196.6866],[32465619.2312,5904199.5425],[32465618.203,5904202.3573],[32465617.0524,5904205.1405],[32465615.8229,5904207.9023],[32465608.8269,5904227.5673],[32465610.8968,5904242.4406],[32465615.5209,5904258.122],[32465616.0341,5904259.7317],[32465616.9381,5904262.5936],[32465617.7624,5904265.5253],[32465618.3897,5904267.8506],[32465619.4441,5904271.4264],[32465627.4664,5904283.6802],[32465656.4891,5904310.1924],[32465658.5991,5904312.3231],[32465660.4665,5904314.5823],[32465661.929,5904317.0631],[32465662.7032,5904319.9387],[32465663.0518,5904323.0227],[32465663.3051,5904326.0838],[32465663.6046,5904329.065],[32465663.8696,5904332.0559],[32465664.0887,5904335.0531],[32465664.2504,5904338.0535],[32465664.3434,5904341.0539],[32465664.3562,5904344.051],[32465664.2707,5904347.0444],[32465664.0693,5904350.0413],[32465663.9104,5904351.7079],[32465662.8847,5904376.9433],[32465667.9415,5904387.7753],[32465679.1438,5904403.381],[32465680.2215,5904404.8685],[32465680.6035,5904405.4145],[32465683.951,5904410.0779],[32465685.5894,5904412.1945],[32465687.4582,5904414.616],[32465689.2256,5904417.0761],[32465690.7929,5904419.6092],[32465692.0613,5904422.25],[32465692.9743,5904425.0289],[32465693.6057,5904427.9334],[32465694.0089,5904430.9267],[32465694.2351,5904433.9717],[32465694.3355,5904437.0311],[32465694.3612,5904440.0677],[32465694.3543,5904443.0617],[32465694.2868,5904446.0744],[32465694.1279,5904449.0986],[32465693.8515,5904452.1136],[32465693.4314,5904455.0991],[32465692.8413,5904458.0344],[32465692.058,5904460.9012],[32465691.1239,5904463.7251],[32465690.0752,5904466.522],[32465688.9312,5904469.2947],[32465687.7108,5904472.0463],[32465686.4332,5904474.7796],[32465685.1174,5904477.4976],[32465683.7826,5904480.2033],[32465682.4478,5904482.8995],[32465681.1128,5904485.5846],[32465679.7198,5904488.2446],[32465678.2765,5904490.8834],[32465676.798,5904493.5071],[32465675.2995,5904496.1215],[32465673.796,5904498.7325],[32465672.3026,5904501.3461],[32465670.8345,5904503.968],[32465669.8136,5904505.8532],[32465666.7328,5904511.9436],[32465663.0407,5904523.304],[32465661.8824,5904547.2752],[32465662.888,5904581.9863],[32465662.994,5904583.2942],[32465663.2086,5904586.2916],[32465663.3536,5904589.2858],[32465663.388,5904592.2756],[32465663.2726,5904595.2599],[32465663.0538,5904598.2411],[32465662.773,5904601.2207],[32465662.4385,5904604.1986],[32465662.0586,5904607.1745],[32465661.6416,5904610.1486],[32465661.1957,5904613.1206],[32465660.7293,5904616.0905],[32465660.2506,5904619.0581],[32465659.7679,5904622.0234],[32465659.2895,5904624.9862],[32465658.8036,5904627.9458],[32465658.2696,5904630.9006],[32465657.6974,5904633.8516],[32465657.0997,5904636.7997],[32465656.4888,5904639.7459],[32465655.8776,5904642.6912],[32465655.2784,5904645.6364],[32465654.7039,5904648.5826],[32465654.5052,5904649.6731],[32465653.2543,5904657.4365],[32465652.9071,5904669.5359],[32465665.0996,5904696.7239],[32465726.0839,5904810.6467],[32465727.1715,5904813.4245],[32465727.5808,5904816.3265],[32465727.7356,5904819.2786],[32465727.7997,5904822.2519],[32465727.7859,5904825.2425],[32465727.7069,5904828.2465],[32465727.5757,5904831.2599],[32465727.4051,5904834.2787],[32465727.2078,5904837.299],[32465726.9967,5904840.3167],[32465726.7846,5904843.328],[32465726.5843,5904846.3289],[32465726.3413,5904849.378],[32465724.8611,5904851.7174],[32465721.8596,5904850.9636],[32465719.2026,5904849.5992],[32465716.5515,5904848.215],[32465713.9054,5904846.8137],[32465711.2635,5904845.3981],[32465708.6249,5904843.9709],[32465705.9886,5904842.5347],[32465703.3538,5904841.0924],[32465700.7196,5904839.6467],[32465698.085,5904838.2003],[32465695.4491,5904836.7558],[32465694.7265,5904836.3614],[32465671.2367,5904824.3915],[32465665.5999,5904824.6529],[32465657.9512,5904829.7323],[32465651.2183,5904843.8975],[32465651.5545,5904849.9699],[32465654.6177,5904858.5124],[32465661.2807,5904864.4173],[32465665.1799,5904866.2993],[32465666.6825,5904866.9622],[32465669.4917,5904868.1009],[32465672.3246,5904869.2103],[32465675.1448,5904870.3354],[32465677.916,5904871.5211],[32465701.6159,5904882.7781],[32465705.7571,5904885.8839],[32465705.7571,5904890.025],[32465703.6868,5904903.4838],[32465702.6515,5904909.6956],[32465727.4991,5904952.6597],[32465774.0884,5905044.7996],[32465786.5124,5905081.0345],[32465789.6186,5905112.0932],[32465789.6192,5905151.4341],[32465793.7609,5905183.528],[32465810.3264,5905246.1627],[32465831.033,5905304.1385],[32465870.3749,5905378.6787],[32465882.7992,5905428.3723],[32465901.437,5905610.5828],[32465907.6511,5905773.123],[32465899.373,5906066.3685],[32465901.4437,5906075.6861],[32465904.5496,5906077.7566],[32465963.561,5906077.7557],[32465968.7375,5906080.8615],[32465960.4579,5906269.8018],[32465959.8034,5906280.6041],[32465958.388,5906312.2486],[32465909.7297,5906333.9904],[32465906.6239,5906338.1316],[32465903.5197,5906454.0839],[32465904.5551,5906459.2603],[32465928.3668,5906466.507],[32465929.4023,5906473.754],[32465920.0855,5906533.2832],[32465897.6044,5906657.9338],[32465872.4654,5906747.071],[32465849.6904,5906843.3531],[32465841.4089,5906894.0823],[32465833.6466,5907003.8469],[32465833.2084,5907010.0439],[32465814.4956,5907182.9282],[32465806.2151,5907307.6805],[32465806.0808,5907312.1118],[32465805.9915,5907315.1092],[32465805.9012,5907318.1067],[32465805.8108,5907321.1041],[32465805.7203,5907324.1016],[32465805.6298,5907327.099],[32465805.5392,5907330.0965],[32465805.4486,5907333.0939],[32465805.358,5907336.0914],[32465805.2673,5907339.0888],[32465805.1766,5907342.0862],[32465805.0858,5907345.0837],[32465804.9951,5907348.0811],[32465804.9043,5907351.0786],[32465804.8135,5907354.076],[32465804.7228,5907357.0735],[32465804.632,5907360.0709],[32465804.5413,5907363.0684],[32465804.4505,5907366.0658],[32465804.3598,5907369.0632],[32465804.2691,5907372.0607],[32465804.1785,5907375.0581],[32465804.0879,5907378.0556],[32465803.9973,5907381.053],[32465803.9068,5907384.0505],[32465803.8164,5907387.0479],[32465803.726,5907390.0454],[32465803.6357,5907393.0428],[32465803.5455,5907396.0403],[32465803.4553,5907399.0377],[32465803.3652,5907402.0352],[32465803.2752,5907405.0327],[32465803.1854,5907408.0301],[32465803.0956,5907411.0276],[32465803.0059,5907414.025],[32465802.9163,5907417.0225],[32465802.8269,5907420.02],[32465802.7376,5907423.0174],[32465802.6484,5907426.0149],[32465802.5593,5907429.0124],[32465802.4704,5907432.0098],[32465802.3817,5907435.0073],[32465802.2931,5907438.0048],[32465802.2046,5907441.0023],[32465802.0694,5907444.4215],[32465803.356,5907448.7],[32465806.2841,5907448.6842],[32465809.4742,5907448.4351],[32465812.607,5907448.3909],[32465815.7148,5907449.2825],[32465816.5631,5907451.8865],[32465816.5024,5907454.7933],[32465816.3855,5907457.7295],[32465816.2191,5907460.6909],[32465816.0105,5907463.6734],[32465815.7664,5907466.6731],[32465815.4941,5907469.6858],[32465815.3683,5907470.9803],[32465802.0755,5907614.8083],[32465801.9717,5907616.3777],[32465801.7381,5907619.3861],[32465801.454,5907622.3736],[32465801.1028,5907625.3329],[32465800.6677,5907628.2572],[32465800.1321,5907631.1392],[32465799.0667,5907633.8713],[32465796.9904,5907636.2113],[32465794.5886,5907638.0899],[32465788.6802,5907639.7845],[32465784.6138,5907669.1038],[32465783.3772,5907696.4995],[32465794.0401,5907920.2592],[32465794.0878,5907921.1444],[32465794.2484,5907924.1403],[32465794.408,5907927.1362],[32465794.5666,5907930.1322],[32465794.724,5907933.1282],[32465794.8803,5907936.1241],[32465795.0354,5907939.1202],[32465795.1892,5907942.1162],[32465795.3417,5907945.1122],[32465795.4928,5907948.1083],[32465795.6424,5907951.1044],[32465795.7906,5907954.1005],[32465795.9372,5907957.0966],[32465796.0822,5907960.0928],[32465796.2255,5907963.0889],[32465796.367,5907966.0851],[32465796.5068,5907969.0813],[32465796.6448,5907972.0775],[32465796.7809,5907975.0737],[32465796.915,5907978.07],[32465797.0471,5907981.0662],[32465797.1771,5907984.0625],[32465797.305,5907987.0588],[32465797.4308,5907990.0551],[32465797.5543,5907993.0514],[32465797.6755,5907996.0478],[32465797.7944,5907999.0441],[32465797.9108,5908002.0405],[32465798.0239,5908005.037],[32465798.1313,5908008.0337],[32465798.233,5908011.0306],[32465798.3293,5908014.0278],[32465798.4204,5908017.0252],[32465798.5065,5908020.0228],[32465798.5879,5908023.0207],[32465798.6647,5908026.0187],[32465798.7371,5908029.0169],[32465798.8054,5908032.0153],[32465798.8698,5908035.0138],[32465798.9305,5908038.0125],[32465798.9878,5908041.0114],[32465799.0418,5908044.0103],[32465799.0927,5908047.0094],[32465799.1409,5908050.0087],[32465799.1864,5908053.008],[32465799.2296,5908056.0074],[32465799.2706,5908059.0069],[32465799.3097,5908062.0064],[32465799.347,5908065.0061],[32465799.3828,5908068.0058],[32465799.4173,5908071.0055],[32465799.4508,5908074.0053],[32465799.4834,5908077.005],[32465799.5153,5908080.0048],[32465799.5468,5908083.0046],[32465799.5781,5908086.0044],[32465799.6094,5908089.0042],[32465799.641,5908092.0039],[32465799.673,5908095.0036],[32465799.7056,5908098.0033],[32465799.7392,5908101.0029],[32465799.7738,5908104.0024],[32465799.803,5908106.4349],[32465800.6548,5908151.9772],[32465804.1312,5908220.829],[32465808.9096,5908278.7321],[32465809.0786,5908280.5995],[32465809.3503,5908283.5868],[32465809.6233,5908286.574],[32465809.8974,5908289.5611],[32465810.1725,5908292.5482],[32465810.4484,5908295.5352],[32465810.7249,5908298.5223],[32465811.002,5908301.5092],[32465811.2794,5908304.4962],[32465811.5571,5908307.4832],[32465811.8348,5908310.4702],[32465812.1125,5908313.4572],[32465812.39,5908316.4442],[32465812.6671,5908319.4312],[32465812.9437,5908322.4182],[32465813.2196,5908325.4053],[32465813.4947,5908328.3925],[32465813.7689,5908331.3797],[32465814.042,5908334.367],[32465814.3139,5908337.3543],[32465814.5844,5908340.3417],[32465814.8533,5908343.3292],[32465815.1206,5908346.3168],[32465815.386,5908349.3045],[32465815.6495,5908352.2924],[32465815.9109,5908355.2803],[32465816.17,5908358.2684],[32465816.4266,5908361.2566],[32465816.6808,5908364.2449],[32465816.9322,5908367.2334],[32465817.1808,5908370.2221],[32465817.4264,5908373.2109],[32465817.6688,5908376.2],[32465817.9095,5908379.1892],[32465818.1489,5908382.1786],[32465818.3872,5908385.1682],[32465818.6245,5908388.1581],[32465818.8607,5908391.1481],[32465819.0959,5908394.1383],[32465819.3302,5908397.1287],[32465819.5636,5908400.1192],[32465819.7962,5908403.1098],[32465820.028,5908406.1006],[32465820.2591,5908409.0915],[32465820.4895,5908412.0826],[32465820.7192,5908415.0737],[32465820.9484,5908418.0649],[32465821.1771,5908421.0562],[32465821.4053,5908424.0476],[32465821.633,5908427.039],[32465821.8604,5908430.0305],[32465822.0875,5908433.022],[32465822.3143,5908436.0136],[32465822.5409,5908439.0052],[32465822.7673,5908441.9968],[32465822.9936,5908444.9883],[32465823.2198,5908447.9799],[32465823.446,5908450.9715],[32465823.6722,5908453.963],[32465823.8985,5908456.9545],[32465824.1249,5908459.9459],[32465824.3515,5908462.9373],[32465824.5784,5908465.9286],[32465824.8055,5908468.9198],[32465825.033,5908471.9109],[32465825.2609,5908474.9019],[32465825.4891,5908477.8928],[32465825.7179,5908480.8836],[32465825.9472,5908483.8742],[32465826.1771,5908486.8647],[32465826.4077,5908489.8551],[32465826.6389,5908492.8453],[32465826.8709,5908495.8353],[32465827.1036,5908498.8251],[32465827.3372,5908501.8147],[32465827.5717,5908504.8041],[32465827.694,5908506.3568],[32465832.0025,5908558.5665],[32465833.6206,5908564.4108],[32465839.9545,5908568.1902],[32465841.3941,5908568.8519],[32465843.8414,5908570.5095],[32465845.7601,5908572.9231],[32465846.6599,5908575.801],[32465846.9965,5908578.7514],[32465847.2964,5908581.7135],[32465847.5636,5908584.6858],[32465847.8022,5908587.667],[32465848.0164,5908590.656],[32465848.2102,5908593.6514],[32465848.3877,5908596.6518],[32465848.5531,5908599.6561],[32465848.7105,5908602.6629],[32465848.864,5908605.671],[32465849.0176,5908608.6789],[32465849.1756,5908611.6856],[32465849.342,5908614.6895],[32465849.5208,5908617.6896],[32465849.7164,5908620.6844],[32465849.8154,5908624.3167],[32465849.8981,5908627.3144],[32465849.9815,5908630.3121],[32465850.0651,5908633.3098],[32465850.1488,5908636.3074],[32465850.2322,5908639.3051],[32465850.315,5908642.3028],[32465850.3969,5908645.3005],[32465850.4777,5908648.2982],[32465850.5571,5908651.296],[32465850.6347,5908654.2937],[32465850.7104,5908657.2915],[32465850.9309,5908660.3545],[32465850.6599,5908663.2519],[32465848.787,5908665.5018],[32465846.7417,5908667.6755],[32465844.5839,5908669.8015],[32465842.3735,5908671.9084],[32465841.2886,5908672.9503],[32465836.0235,5908678.3992],[32465832.2412,5908686.3974],[32465833.5794,5908758.8046],[32465833.6477,5908761.3847],[32465833.7279,5908764.3838],[32465833.8088,5908767.383],[32465833.8905,5908770.3822],[32465833.9728,5908773.3815],[32465834.0557,5908776.3809],[32465834.139,5908779.3804],[32465834.2228,5908782.3799],[32465834.307,5908785.3794],[32465834.3915,5908788.379],[32465834.4763,5908791.3786],[32465834.5612,5908794.3782],[32465834.6462,5908797.3778],[32465834.7313,5908800.3774],[32465834.8164,5908803.3771],[32465834.9013,5908806.3767],[32465834.9862,5908809.3763],[32465835.0708,5908812.3759],[32465835.1551,5908815.3754],[32465835.2391,5908818.3749],[32465835.3226,5908821.3744],[32465835.4057,5908824.3738],[32465835.4883,5908827.3732],[32465835.5702,5908830.3725],[32465835.6515,5908833.3717],[32465835.7321,5908836.3708],[32465835.8118,5908839.3698],[32465835.8906,5908842.3688],[32465835.9686,5908845.3676],[32465836.0455,5908848.3663],[32465836.1214,5908851.365],[32465836.1961,5908854.3634],[32465836.2696,5908857.3618],[32465836.3419,5908860.36],[32465836.4128,5908863.3581],[32465836.4824,5908866.356],[32465836.5505,5908869.3537],[32465836.617,5908872.3513],[32465836.682,5908875.3487],[32465836.7453,5908878.3459],[32465836.8069,5908881.3429],[32465836.8668,5908884.3397],[32465836.9247,5908887.3364],[32465836.9808,5908890.3328],[32465837.0348,5908893.329],[32465837.0869,5908896.3249],[32465837.1368,5908899.3206],[32465837.1845,5908902.3161],[32465837.23,5908905.3113],[32465837.2731,5908908.3063],[32465837.2609,5908911.3052],[32465836.7711,5908914.2988],[32465835.782,5908917.1703],[32465834.4354,5908919.8417],[32465833.0398,5908922.484],[32465831.6292,5908925.123],[32465830.2032,5908927.7577],[32465828.7615,5908930.3873],[32465827.3039,5908933.0108],[32465825.8299,5908935.6272],[32465824.3392,5908938.2356],[32465822.8315,5908940.8352],[32465821.3064,5908943.425],[32465819.7637,5908946.0041],[32465818.2029,5908948.5715],[32465816.6238,5908951.1264],[32465815.0261,5908953.6677],[32465813.4093,5908956.1946],[32465811.7745,5908958.7074],[32465810.1336,5908961.2161],[32465808.4895,5908963.7231],[32465806.8421,5908966.2285],[32465805.1917,5908968.7321],[32465803.5382,5908971.2342],[32465801.8818,5908973.7347],[32465800.2225,5908976.2336],[32465798.5605,5908978.7309],[32465796.8957,5908981.2267],[32465795.2284,5908983.7211],[32465793.5585,5908986.2139],[32465791.8861,5908988.7052],[32465790.2114,5908991.1952],[32465788.5343,5908993.6837],[32465786.8551,5908996.1708],[32465785.1737,5908998.6566],[32465783.4903,5909001.141],[32465781.8049,5909003.624],[32465780.1176,5909006.1058],[32465778.4285,5909008.5863],[32465776.7376,5909011.0656],[32465775.0452,5909013.5436],[32465773.3511,5909016.0204],[32465771.6556,5909018.496],[32465769.9587,5909020.9704],[32465768.9577,5909022.4282],[32465768.2604,5909023.4437],[32465766.5609,5909025.9159],[32465764.8603,5909028.387],[32465763.1585,5909030.857],[32465761.4558,5909033.3259],[32465759.7521,5909035.7938],[32465758.0477,5909038.2608],[32465756.3424,5909040.7267],[32465754.6365,5909043.1917],[32465752.93,5909045.6557],[32465751.2229,5909048.1188],[32465749.5155,5909050.5811],[32465747.8077,5909053.0424],[32465746.0996,5909055.5029],[32465744.3913,5909057.9626],[32465742.683,5909060.4215],[32465740.9746,5909062.8796],[32465739.1024,5909065.3064],[32465736.389,5909066.3677],[32465733.3392,5909065.8516],[32465730.6834,5909064.3266],[32465728.6225,5909062.1757],[32465726.5678,5909060.016],[32465724.5189,5909057.848],[32465722.4754,5909055.6719],[32465720.4371,5909053.4884],[32465718.4036,5909051.2977],[32465716.3747,5909049.1004],[32465714.3499,5909046.8968],[32465712.3291,5909044.6875],[32465710.3119,5909042.4727],[32465708.298,5909040.253],[32465706.287,5909038.0288],[32465704.2787,5909035.8005],[32465702.2728,5909033.5685],[32465700.2688,5909031.3334],[32465698.2666,5909029.0954],[32465696.2659,5909026.855],[32465694.2662,5909024.6127],[32465692.2673,5909022.3689],[32465690.2689,5909020.124],[32465688.2706,5909017.8784],[32465686.8448,5909016.2761],[32465663.2199,5908989.9751],[32465662.1661,5908988.8222],[32465660.1374,5908986.6126],[32465658.1088,5908984.4027],[32465656.1,5908982.1667],[32465654.1062,5908979.9102],[32465652.1193,5908977.6432],[32465651.1668,5908976.5567],[32465644.0796,5908968.6667],[32465628.5019,5908954.7246],[32465589.4108,5908926.9264],[32465546.4269,5908899.4483],[32465540.7917,5908897.4314],[32465530.3404,5908903.484],[32465526.6713,5908908.1518],[32465525.858,5908913.991],[32465526.9886,5908916.8806],[32465540.9877,5908942.1278],[32465541.5595,5908943.1316],[32465543.0452,5908945.7384],[32465544.5302,5908948.3457],[32465546.0129,5908950.9544],[32465547.4918,5908953.5653],[32465548.9654,5908956.1789],[32465550.4322,5908958.7963],[32465551.8906,5908961.418],[32465553.3391,5908964.0448],[32465554.7761,5908966.6775],[32465556.2002,5908969.3169],[32465557.6097,5908971.9637],[32465559.0034,5908974.6186],[32465560.3884,5908977.278],[32465561.7699,5908979.9395],[32465563.1478,5908982.603],[32465564.5224,5908985.2683],[32465565.8938,5908987.9355],[32465567.2623,5908990.6043],[32465568.6278,5908993.2748],[32465569.9907,5908995.9467],[32465571.3511,5908998.6201],[32465572.709,5909001.2949],[32465574.0648,5909003.9708],[32465575.4185,5909006.6479],[32465576.7704,5909009.326],[32465578.1204,5909012.0051],[32465579.469,5909014.6851],[32465580.816,5909017.3658],[32465582.1619,5909020.0472],[32465583.5066,5909022.7291],[32465584.8504,5909025.4116],[32465586.1935,5909028.0944],[32465586.4566,5909028.6202],[32465626.9556,5909108.2836],[32465634.8588,5909117.2265],[32465654.0401,5909126.2236],[32465656.6492,5909127.6548],[32465659.0402,5909129.3696],[32465661.2608,5909131.324],[32465663.4466,5909133.3573],[32465665.5924,5909135.4633],[32465667.6916,5909137.637],[32465669.7381,5909139.8735],[32465671.7254,5909142.1678],[32465673.6472,5909144.5149],[32465675.4972,5909146.9097],[32465677.2689,5909149.3473],[32465678.956,5909151.8227],[32465680.5564,5909154.3321],[32465682.1046,5909156.8821],[32465683.609,5909159.4722],[32465685.0683,5909162.0995],[32465686.4811,5909164.7608],[32465687.8461,5909167.4529],[32465689.162,5909170.1729],[32465690.4275,5909172.9175],[32465691.6412,5909175.6837],[32465692.8018,5909178.4684],[32465693.9081,5909181.2685],[32465694.9587,5909184.0809],[32465695.9523,5909186.9024],[32465696.884,5909189.7326],[32465697.728,5909192.5894],[32465698.4879,5909195.474],[32465699.1751,5909198.3828],[32465699.8006,5909201.312],[32465700.3756,5909204.2579],[32465700.9112,5909207.2168],[32465701.4187,5909210.1851],[32465701.9091,5909213.159],[32465702.3937,5909216.1349],[32465702.8835,5909219.109],[32465703.3898,5909222.0777],[32465702.7342,5909226.7842],[32465705.0638,5909233.0082],[32465705.3979,5909235.9887],[32465705.701,5909238.9718],[32465705.9079,5909241.9804],[32465705.8842,5909245.0801],[32465705.8493,5909246.4193],[32465706.3007,5909254.1256],[32465711.0897,5909261.5818],[32465718.8123,5909266.2025],[32465730.8509,5909267.0226],[32465741.716,5909261.695],[32465755.3333,5909255.018],[32465765.086,5909248.431],[32465771.2199,5909237.979],[32465772.8158,5909218.2264],[32465771.2756,5909199.6068],[32465771.0503,5909197.3247],[32465770.7478,5909194.3376],[32465770.4399,5909191.3503],[32465770.1292,5909188.3627],[32465769.818,5909185.375],[32465769.5088,5909182.387],[32465769.2039,5909179.3989],[32465768.906,5909176.4107],[32465768.6172,5909173.4223],[32465768.3402,5909170.4338],[32465768.0772,5909167.4451],[32465767.8287,5909164.4564],[32465767.5791,5909161.4672],[32465767.3256,5909158.4775],[32465767.0689,5909155.4874],[32465766.8097,5909152.497],[32465766.5486,5909149.5061],[32465766.2863,5909146.5151],[32465766.0234,5909143.5237],[32465765.7606,5909140.5323],[32465765.4985,5909137.5406],[32465765.2379,5909134.549],[32465764.9794,5909131.5573],[32465764.7236,5909128.5656],[32465764.4713,5909125.574],[32465764.223,5909122.5825],[32465763.9794,5909119.5913],[32465763.7413,5909116.6002],[32465763.5092,5909113.6095],[32465763.2838,5909110.619],[32465763.0658,5909107.629],[32465762.8558,5909104.6394],[32465762.6546,5909101.6503],[32465762.4627,5909098.6618],[32465762.2809,5909095.6738],[32465762.1098,5909092.6865],[32465761.95,5909089.6998],[32465761.8022,5909086.7139],[32465761.6895,5909083.7178],[32465761.8201,5909080.6633],[32465762.3098,5909077.6439],[32465763.2393,5909074.7786],[32465764.6005,5909072.1317],[32465766.0323,5909069.5204],[32465767.4854,5909066.9165],[32465768.9584,5909064.3196],[32465770.45,5909061.7294],[32465771.9587,5909059.1454],[32465773.4833,5909056.5672],[32465775.0223,5909053.9944],[32465776.5745,5909051.4266],[32465777.0998,5909050.5656],[32465778.1383,5909048.8634],[32465779.7126,5909046.3043],[32465781.2959,5909043.7489],[32465782.8869,5909041.1968],[32465784.4841,5909038.6477],[32465786.0863,5909036.101],[32465787.692,5909033.5564],[32465789.3,5909031.0135],[32465790.9088,5909028.4718],[32465792.5171,5909025.9309],[32465794.1236,5909023.3905],[32465795.7268,5909020.8501],[32465797.3254,5909018.3092],[32465798.9181,5909015.7675],[32465800.4661,5909013.1644],[32465801.9651,5909010.4789],[32465803.4788,5909007.7919],[32465805.0713,5909005.1842],[32465806.8067,5909002.7369],[32465808.749,5909000.5309],[32465810.9566,5908998.6396],[32465813.3463,5908996.95],[32465815.8554,5908995.3855],[32465818.4642,5908993.9294],[32465821.1533,5908992.5652],[32465823.9034,5908991.276],[32465826.6948,5908990.0453],[32465829.5082,5908988.8563],[32465832.3241,5908987.6924],[32465835.1231,5908986.5369],[32465837.8891,5908985.3792],[32465840.702,5908984.3692],[32465843.5813,5908983.5273],[32465846.4987,5908982.7864],[32465848.2815,5908982.3556],[32465855.5105,5908980.2523],[32465857.8088,5908981.1666],[32465859.4919,5908983.6549],[32465860.7612,5908986.6497],[32465861.6856,5908989.5315],[32465862.5645,5908992.3923],[32465863.4261,5908995.2596],[32465864.2723,5908998.133],[32465865.1049,5909001.0117],[32465865.9255,5909003.8951],[32465866.7362,5909006.7824],[32465867.5386,5909009.6731],[32465868.1909,5909012.0446],[32465880.728,5909055.8344],[32465894.7618,5909095.4884],[32465907.9004,5909125.6607],[32465917.3411,5909138.2093],[32465918.8596,5909140.0823],[32465920.6948,5909142.4798],[32465922.4061,5909144.9418],[32465923.9461,5909147.4931],[32465925.2675,5909150.1586],[32465926.4489,5909152.8973],[32465927.6144,5909155.6442],[32465928.7646,5909158.3991],[32465929.9002,5909161.1615],[32465931.022,5909163.9311],[32465932.1306,5909166.7076],[32465933.2266,5909169.4906],[32465934.3108,5909172.2797],[32465935.3837,5909175.0747],[32465936.4462,5909177.8752],[32465937.4988,5909180.6807],[32465938.5422,5909183.4911],[32465939.5771,5909186.3058],[32465940.6041,5909189.1247],[32465941.624,5909191.9472],[32465942.6374,5909194.7731],[32465943.645,5909197.6021],[32465944.6474,5909200.4337],[32465945.6454,5909203.2677],[32465946.6395,5909206.1036],[32465947.6305,5909208.9412],[32465948.619,5909211.78],[32465949.6058,5909214.6198],[32465950.5914,5909217.4602],[32465951.5765,5909220.3008],[32465952.5619,5909223.1413],[32465953.5482,5909225.9813],[32465954.536,5909228.8205],[32465955.526,5909231.6586],[32465956.519,5909234.4951],[32465957.5155,5909237.3298],[32465958.5163,5909240.1623],[32465959.522,5909242.9922],[32465960.533,5909245.8194],[32465963.6073,5909254.2794],[32465965.0949,5909257.9918],[32465966.2089,5909260.776],[32465967.3219,5909263.5607],[32465968.4339,5909266.3459],[32465969.5448,5909269.1314],[32465970.6549,5909271.9173],[32465971.764,5909274.7036],[32465972.8723,5909277.4903],[32465973.9798,5909280.2773],[32465975.0865,5909283.0646],[32465976.1926,5909285.8522],[32465977.298,5909288.6401],[32465978.4028,5909291.4282],[32465979.5071,5909294.2166],[32465980.6109,5909297.0052],[32465981.7142,5909299.7939],[32465982.8171,5909302.5829],[32465983.9196,5909305.372],[32465985.0219,5909308.1612],[32465986.1239,5909310.9505],[32465987.2256,5909313.7399],[32465988.3272,5909316.5294],[32465989.4287,5909319.319],[32465990.5301,5909322.1085],[32465991.6315,5909324.8981],[32465992.7329,5909327.6877],[32465993.8344,5909330.4772],[32465994.9361,5909333.2667],[32465996.0379,5909336.0561],[32465997.1399,5909338.8454],[32465998.2422,5909341.6346],[32465999.3448,5909344.4237],[32466000.4478,5909347.2126],[32466001.5499,5909350.0018],[32466002.655,5909352.7898],[32466002.886,5909357.2568],[32466005.9699,5909361.1541],[32466052.4333,5909474.9759],[32466099.5773,5909581.1204],[32466099.9103,5909581.8611],[32466101.1393,5909584.5969],[32466102.3674,5909587.333],[32466103.5946,5909590.0696],[32466104.8208,5909592.8066],[32466106.0458,5909595.5441],[32466107.2696,5909598.2822],[32466108.492,5909601.0208],[32466109.7129,5909603.7601],[32466110.9323,5909606.5],[32466112.1499,5909609.2406],[32466113.3658,5909611.982],[32466114.5799,5909614.7243],[32466115.7919,5909617.4673],[32466117.0019,5909620.2113],[32466118.2096,5909622.9561],[32466119.4151,5909625.702],[32466120.6181,5909628.4489],[32466121.8187,5909631.1968],[32466123.0154,5909633.9465],[32466124.2061,5909636.6988],[32466125.3913,5909639.4537],[32466126.5712,5909642.2109],[32466127.7464,5909644.9703],[32466128.917,5909647.7317],[32466130.0837,5909650.4949],[32466131.2466,5909653.2598],[32466132.4062,5909656.0261],[32466133.563,5909658.7938],[32466134.7171,5909661.5626],[32466135.8692,5909664.3324],[32466136.7732,5909666.5099],[32466165.0904,5909733.3772],[32466210.5763,5909825.1793],[32466211.7119,5909827.4069],[32466213.0712,5909830.0809],[32466214.4271,5909832.7566],[32466215.779,5909835.4341],[32466217.1267,5909838.1136],[32466218.4696,5909840.7953],[32466219.8073,5909843.4794],[32466221.1396,5909846.166],[32466222.4659,5909848.8554],[32466223.7858,5909851.5478],[32466225.099,5909854.2433],[32466226.405,5909856.9422],[32466227.7034,5909859.6446],[32466228.9938,5909862.3506],[32466230.2758,5909865.0606],[32466231.549,5909867.7747],[32466232.813,5909870.4931],[32466234.0689,5909873.2152],[32466235.3222,5909875.9386],[32466236.5737,5909878.663],[32466237.8233,5909881.3884],[32466239.071,5909884.1147],[32466240.3169,5909886.842],[32466241.5608,5909889.5702],[32466242.8029,5909892.2994],[32466244.0432,5909895.0295],[32466245.2816,5909897.7606],[32466246.5181,5909900.4925],[32466247.7527,5909903.2254],[32466248.9855,5909905.9592],[32466250.2165,5909908.694],[32466251.4456,5909911.4296],[32466252.6729,5909914.1661],[32466253.8983,5909916.9035],[32466255.1218,5909919.6417],[32466256.3436,5909922.3809],[32466257.5635,5909925.1209],[32466258.7816,5909927.8618],[32466259.9978,5909930.6035],[32466261.2122,5909933.3461],[32466262.4248,5909936.0895],[32466263.6356,5909938.8338],[32466264.8445,5909941.5789],[32466266.0516,5909944.3248],[32466267.2569,5909947.0716],[32466268.4604,5909949.8191],[32466269.6621,5909952.5675],[32466270.862,5909955.3166],[32466272.0601,5909958.0666],[32466273.2564,5909960.8173],[32466274.4509,5909963.5688],[32466275.6436,5909966.3211],[32466276.8345,5909969.0742],[32466278.0236,5909971.828],[32466279.2109,5909974.5826],[32466280.3964,5909977.3379],[32466281.5802,5909980.094],[32466282.7622,5909982.8508],[32466283.9424,5909985.6083],[32466285.1208,5909988.3666],[32466286.2974,5909991.1256],[32466287.4723,5909993.8853],[32466288.6454,5909996.6457],[32466289.8168,5909999.4068],[32466290.9864,5910002.1686],[32466292.1542,5910004.931],[32466293.3203,5910007.6942],[32466294.4847,5910010.458],[32466295.6472,5910013.2225],[32466296.8081,5910015.9877],[32466297.9672,5910018.7535],[32466299.1245,5910021.5199],[32466300.2801,5910024.287],[32466301.434,5910027.0548],[32466302.5861,5910029.8232],[32466303.7366,5910032.5921],[32466304.8852,5910035.3618],[32466306.0322,5910038.132],[32466307.1774,5910040.9028],[32466308.321,5910043.6742],[32466309.4628,5910046.4462],[32466310.6035,5910049.2188],[32466311.7456,5910051.9916],[32466312.8889,5910054.7647],[32466314.0331,5910057.5382],[32466315.1777,5910060.3122],[32466316.3223,5910063.0869],[32466317.4664,5910065.8624],[32466318.6097,5910068.6387],[32466319.7516,5910071.4159],[32466320.8918,5910074.1943],[32466322.0299,5910076.9738],[32466323.1653,5910079.7545],[32466324.2978,5910082.5367],[32466325.4268,5910085.3203],[32466326.552,5910088.1056],[32466327.6728,5910090.8925],[32466328.789,5910093.6813],[32466329.9,5910096.472],[32466331.0054,5910099.2647],[32466332.1048,5910102.0595],[32466333.1978,5910104.8566],[32466334.2839,5910107.656],[32466335.3628,5910110.4579],[32466336.434,5910113.2623],[32466337.497,5910116.0694],[32466338.5514,5910118.8792],[32466339.5969,5910121.6919],[32466340.633,5910124.5076],[32466341.6592,5910127.3264],[32466342.6751,5910130.1484],[32466343.6804,5910132.9737],[32466344.6745,5910135.8024],[32466345.6571,5910138.6346],[32466346.6277,5910141.4704],[32466347.5859,5910144.31],[32466348.5312,5910147.1534],[32466349.4633,5910150.0007],[32466350.3818,5910152.8521],[32466351.2861,5910155.7076],[32466352.1759,5910158.5674],[32466353.0507,5910161.4315],[32466353.9101,5910164.3002],[32466354.7545,5910167.1731],[32466355.592,5910170.0482],[32466356.425,5910172.9248],[32466357.2536,5910175.8029],[32466358.0777,5910178.6824],[32466358.8975,5910181.5634],[32466359.713,5910184.4457],[32466360.5243,5910187.3294],[32466361.3315,5910190.2144],[32466362.1346,5910193.1008],[32466362.9338,5910195.9884],[32466363.729,5910198.8773],[32466364.5204,5910201.7675],[32466365.308,5910204.6589],[32466366.0919,5910207.5515],[32466366.8722,5910210.4452],[32466367.6489,5910213.3401],[32466368.4221,5910216.2361],[32466369.1919,5910219.1332],[32466369.9584,5910222.0314],[32466370.7215,5910224.9306],[32466371.4815,5910227.8309],[32466372.2383,5910230.7321],[32466372.992,5910233.6344],[32466373.7428,5910236.5375],[32466374.4906,5910239.4416],[32466375.2355,5910242.3466],[32466375.9776,5910245.2525],[32466376.7171,5910248.1592],[32466377.4538,5910251.0667],[32466378.188,5910253.9751],[32466378.9197,5910256.8842],[32466379.649,5910259.794],[32466380.3758,5910262.7046],[32466381.1004,5910265.6159],[32466381.8227,5910268.5279],[32466382.5429,5910271.4405],[32466383.261,5910274.3537],[32466383.9771,5910277.2675],[32466384.6912,5910280.1819],[32466385.4034,5910283.0969],[32466386.1139,5910286.0124],[32466386.8226,5910288.9284],[32466387.5296,5910291.8449],[32466388.235,5910294.7618],[32466388.9389,5910297.6791],[32466389.6414,5910300.5969],[32466390.3424,5910303.515],[32466391.0422,5910306.4335],[32466391.7407,5910309.3523],[32466392.438,5910312.2714],[32466393.1342,5910315.1908],[32466393.8294,5910318.1104],[32466394.5236,5910321.0303],[32466395.2169,5910323.9504],[32466395.9094,5910326.8706],[32466396.6011,5910329.7911],[32466397.2921,5910332.7116],[32466397.9826,5910335.6322],[32466398.6724,5910338.553],[32466399.3619,5910341.4738],[32466400.0509,5910344.3946],[32466400.7395,5910347.3154],[32466401.4279,5910350.2362],[32466402.1161,5910353.157],[32466402.8042,5910356.0776],[32466403.4923,5910358.9982],[32466404.1799,5910361.9188],[32466415.2672,5910408.6163],[32466415.9795,5910411.5366],[32466416.6913,5910414.4587],[32466417.4008,5910417.3827],[32466418.1056,5910420.3086],[32466418.8031,5910423.2366],[32466419.4909,5910426.1669],[32466420.1665,5910429.0996],[32466420.8274,5910432.0349],[32466421.4712,5910434.9729],[32466422.0954,5910437.9137],[32466422.6974,5910440.8575],[32466423.2749,5910443.8044],[32466423.8252,5910446.7547],[32466424.3461,5910449.7084],[32466424.8349,5910452.6657],[32466425.2892,5910455.6267],[32466425.7065,5910458.5916],[32466426.0844,5910461.5605],[32466426.4203,5910464.5337],[32466426.7118,5910467.5111],[32466426.9571,5910470.493],[32466427.1814,5910473.4769],[32466427.3989,5910476.4616],[32466427.6095,5910479.447],[32466427.8136,5910482.4331],[32466428.0113,5910485.4199],[32466428.2027,5910488.4075],[32466428.388,5910491.3956],[32466428.5674,5910494.3845],[32466428.7411,5910497.374],[32466428.9091,5910500.3641],[32466429.0718,5910503.3548],[32466429.2291,5910506.3461],[32466429.3814,5910509.338],[32466429.5288,5910512.3304],[32466429.6713,5910515.3233],[32466429.8093,5910518.3168],[32466429.9429,5910521.3108],[32466430.0721,5910524.3052],[32466430.1973,5910527.3001],[32466430.3186,5910530.2955],[32466430.436,5910533.2913],[32466430.5499,5910536.2875],[32466430.6603,5910539.2841],[32466430.7674,5910542.2811],[32466430.8714,5910545.2784],[32466430.9725,5910548.2761],[32466431.0708,5910551.2741],[32466431.1665,5910554.2725],[32466431.2597,5910557.2711],[32466431.3507,5910560.27],[32466431.4395,5910563.2692],[32466431.5264,5910566.2686],[32466431.6115,5910569.2682],[32466431.6949,5910572.2681],[32466431.777,5910575.2681],[32466431.8577,5910578.2683],[32466431.8941,5910579.6395],[32466435.2979,5910686.2473],[32466437.7841,5910728.1544],[32466437.9862,5910731.1465],[32466438.1895,5910734.1385],[32466438.3945,5910737.1305],[32466438.6009,5910740.1223],[32466438.8086,5910743.1141],[32466439.0172,5910746.1059],[32466439.2266,5910749.0976],[32466439.4365,5910752.0893],[32466439.6466,5910755.081],[32466439.8568,5910758.0727],[32466440.0667,5910761.0644],[32466440.2762,5910764.0562],[32466440.4851,5910767.048],[32466440.693,5910770.0398],[32466440.8998,5910773.0317],[32466441.1053,5910776.0237],[32466441.3091,5910779.0157],[32466441.511,5910782.0079],[32466441.7109,5910785.0002],[32466441.9084,5910787.9926],[32466442.1034,5910790.9852],[32466442.2956,5910793.9779],[32466442.4848,5910796.9707],[32466442.6707,5910799.9638],[32466442.8531,5910802.957],[32466443.032,5910805.9505],[32466443.2097,5910808.944],[32466443.3868,5910811.9377],[32466443.5633,5910814.9315],[32466443.7392,5910817.9254],[32466443.9144,5910820.9194],[32466444.0889,5910823.9135],[32466444.2626,5910826.9077],[32466444.4356,5910829.902],[32466444.6077,5910832.8963],[32466444.779,5910835.8907],[32466444.9493,5910838.8852],[32466445.1188,5910841.8797],[32466445.2873,5910844.8743],[32466445.4547,5910847.869],[32466445.6212,5910850.8636],[32466445.7866,5910853.8583],[32466445.9508,5910856.8531],[32466446.1139,5910859.8478],[32466446.2759,5910862.8426],[32466446.4366,5910865.8374],[32466446.596,5910868.8322],[32466446.7542,5910871.827],[32466446.9111,5910874.8218],[32466447.0665,5910877.8166],[32466447.2206,5910880.8113],[32466447.3733,5910883.8061],[32466447.5245,5910886.8008],[32466447.6741,5910889.7954],[32466447.8223,5910892.7901],[32466447.9688,5910895.7847],[32466448.1138,5910898.7792],[32466448.257,5910901.7737],[32466448.3986,5910904.7681],[32466448.5385,5910907.7625],[32466448.6774,5910910.7577],[32466448.7994,5910913.8263],[32466448.46,5910916.8093],[32466447.3247,5910919.5217],[32466445.946,5910922.1528],[32466444.4326,5910924.7417],[32466443.2671,5910926.6214],[32466433.8681,5910943.0671],[32466432.4818,5910972.8849],[32466432.918,5911036.0633],[32466435.9044,5911062.7786],[32466439.5576,5911076.9169],[32466439.6658,5911077.2936],[32466440.5177,5911080.182],[32466441.3814,5911083.0687],[32466442.248,5911085.9552],[32466443.1082,5911088.843],[32466443.9531,5911091.7334],[32466444.7734,5911094.6279],[32466445.5601,5911097.5278],[32466446.304,5911100.4346],[32466446.996,5911103.3497],[32466447.6271,5911106.2745],[32466448.188,5911109.2104],[32466448.6639,5911112.1599],[32466449.0562,5911115.1229],[32466449.3766,5911118.0974],[32466449.6371,5911121.0818],[32466449.8494,5911124.0741],[32466450.0254,5911127.0725],[32466450.0586,5911127.7315],[32466455.8893,5911192.8287],[32466480.6459,5911310.1941],[32466494.976,5911362.2277],[32466498.9143,5911366.7986],[32466509.1039,5911371.8661],[32466509.6477,5911372.1082],[32466512.3798,5911373.3955],[32466515.0276,5911374.8121],[32466517.6077,5911376.3456],[32466520.2076,5911377.8845],[32466522.8049,5911379.446],[32466525.3747,5911381.0499],[32466527.8922,5911382.7165],[32466530.3324,5911384.4656],[32466532.6706,5911386.3173],[32466534.8819,5911388.2917],[32466536.956,5911390.4055],[32466538.9151,5911392.6483],[32466540.776,5911394.9974],[32466542.5554,5911397.43],[32466544.2701,5911399.923],[32466545.9368,5911402.4538],[32466547.5723,5911404.9995],[32466549.1932,5911407.5372],[32466550.7991,5911410.0651],[32466552.3587,5911412.622],[32466553.8785,5911415.2049],[32466555.3668,5911417.8083],[32466556.8321,5911420.4266],[32466558.2827,5911423.0546],[32466559.727,5911425.6866],[32466561.1733,5911428.3173],[32466562.6301,5911430.9412],[32466564.1057,5911433.5529],[32466567.1836,5911445.3138],[32466567.3535,5911445.9308],[32466568.1617,5911448.8314],[32466568.9714,5911451.7318],[32466569.7749,5911454.6331],[32466570.5646,5911457.5364],[32466571.3328,5911460.4428],[32466572.0719,5911463.3534],[32466572.7743,5911466.2692],[32466573.4324,5911469.1915],[32466574.0385,5911472.1212],[32466574.5851,5911475.0595],[32466575.0645,5911478.0075],[32466575.469,5911480.9662],[32466575.8198,5911483.9336],[32466576.1518,5911486.9057],[32466576.4656,5911489.8821],[32466576.7616,5911492.8625],[32466577.0402,5911495.8467],[32466577.3019,5911498.8342],[32466577.5471,5911501.825],[32466577.7761,5911504.8185],[32466577.9895,5911507.8145],[32466578.1877,5911510.8128],[32466578.371,5911513.8129],[32466578.54,5911516.8147],[32466578.695,5911519.8177],[32466578.8364,5911522.8218],[32466578.9648,5911525.8265],[32466579.0804,5911528.8316],[32466579.1838,5911531.8368],[32466579.2754,5911534.8417],[32466579.3555,5911537.8462],[32466579.4247,5911540.8498],[32466579.4833,5911543.8522],[32466579.5318,5911546.8532],[32466579.5705,5911549.8524],[32466579.6,5911552.8496],[32466579.6206,5911555.8445],[32466579.6328,5911558.8367],[32466579.6369,5911561.8259],[32466579.5787,5911564.82],[32466579.4026,5911567.8239],[32466579.12,5911570.8312],[32466578.7422,5911573.8351],[32466578.2804,5911576.8291],[32466577.7459,5911579.8066],[32466577.1501,5911582.761],[32466576.5041,5911585.6857],[32466575.8193,5911588.5741],[32466574.8881,5911591.4115],[32466572.9304,5911593.8989],[32466570.4721,5911595.4006],[32466567.2949,5911595.4132],[32466564.5635,5911594.1524],[32466562.3696,5911591.8706],[32466561.7589,5911589.0497],[32466561.4718,5911586.1351],[32466561.3185,5911583.1659],[32466561.2595,5911580.1562],[32466561.2554,5911577.1199],[32466561.2667,5911574.071],[32466561.2567,5911571.6923],[32466560.7216,5911561.99],[32466556.7978,5911547.373],[32466541.6646,5911538.2379],[32466500.8616,5911518.8922],[32466497.9049,5911518.3536],[32466496.6681,5911520.9936],[32466483.099,5911554.4037],[32466482.0737,5911560.4845],[32466489.2636,5911564.2813],[32466489.8671,5911564.5407],[32466492.6335,5911565.8533],[32466495.1985,5911567.4154],[32466497.6684,5911569.1171],[32466500.1251,5911570.8673],[32466502.5466,5911572.6765],[32466504.911,5911574.5551],[32466507.1964,5911576.5137],[32466509.3809,5911578.5626],[32466511.4427,5911580.7123],[32466513.4093,5911582.9529],[32466515.3139,5911585.2653],[32466517.1586,5911587.6404],[32466518.9451,5911590.0695],[32466520.6756,5911592.5435],[32466522.3519,5911595.0535],[32466523.976,5911597.5906],[32466525.5498,5911600.1458],[32466527.0701,5911602.7136],[32466528.3093,5911605.4319],[32466529.2837,5911608.2967],[32466529.6113,5911609.352],[32466530.9349,5911613.1507],[32466533.5185,5911615.7343],[32466577.8708,5911618.9632],[32466576.7254,5911735.103],[32466560.3994,5911735.6969],[32466558.6588,5911760.36],[32466555.7574,5911769.3548],[32466550.8249,5911773.9973],[32466538.9287,5911777.4793],[32466499.4676,5911769.3556],[32466499.1778,5911789.3762],[32466497.7271,5911794.3088],[32466492.7945,5911795.4695],[32466453.9139,5911795.4701],[32466461.1678,5911802.1435],[32466476.8363,5911812.2986],[32466478.2872,5911821.0032],[32466479.7381,5911829.7078],[32466487.5724,5911844.2154],[32466488.7332,5911851.7593],[32466486.2314,5911863.8937],[32466482.9305,5911879.9043],[32466481.1901,5911912.4016],[32466464.3612,5911913.8526],[32466477.4183,5911926.6191],[32466479.4494,5911930.3911],[32466479.4494,5911933.0025],[32466479.4495,5911936.7745],[32466471.3254,5911952.1528],[32466468.1337,5911953.8937],[32466451.595,5911954.4743],[32466446.3723,5911956.7956],[32466444.9216,5911961.1479],[32466446.3724,5911966.0805],[32466449.274,5911968.1115],[32466468.134,5911973.334],[32466472.1962,5911978.5567],[32466473.3569,5911982.909],[32466471.0359,5911996.2561],[32466468.7147,5912000.6084],[32466459.43,5912009.8935],[32466457.6891,5912015.4064],[32466458.8497,5912018.0178],[32466469.2954,5912026.4321],[32466470.4561,5912032.8154],[32466462.9122,5912037.7482],[32466457.1091,5912038.3286],[32466432.3279,5912035.6199],[32466462.2116,5912065.0285],[32466466.0064,5912071.1948],[32466467.4295,5912077.8355],[32466467.4296,5912083.0532],[32466465.058,5912087.7967],[32466448.9307,5912102.9757],[32466447.0334,5912106.7704],[32466447.0334,5912110.5652],[32466447.0335,5912114.8342],[32466453.2002,5912134.7563],[32466454.6234,5912147.5634],[32466455.5723,5912162.2679],[32466453.2009,5912183.6131],[32466440.3939,5912191.2027],[32466424.2671,5912243.3802],[32466421.4218,5912291.2884],[32466417.6274,5912308.8389],[32466418.1017,5912311.6849],[32466428.5373,5912320.2229],[32466429.0117,5912323.5433],[32466426.6401,5912329.7096],[32466423.3198,5912333.5044],[32466419.5251,5912334.4531],[32466394.3852,5912335.4022],[32466372.0916,5912354.8504],[32466392.4881,5912353.9014],[32466404.3466,5912355.7986],[32466417.1542,5912385.2074],[32466420.0004,5912402.2835],[32466410.8188,5912431.4694],[32466406.7196,5912444.4998],[32466398.6568,5912509.9585],[32466425.3928,5912512.843],[32466468.875,5912516.9835],[32466465.7696,5912549.0775],[32466397.6827,5912542.1711],[32466394.3346,5912541.8315],[32466391.9895,5912605.2313],[32466391.9832,5912605.9106],[32466391.9523,5912608.9099],[32466391.9169,5912611.9089],[32466391.8755,5912614.9078],[32466391.8268,5912617.9063],[32466391.7695,5912620.9045],[32466391.7022,5912623.9022],[32466391.6235,5912626.8995],[32466391.5323,5912629.8963],[32466391.427,5912632.8926],[32466391.3063,5912635.8882],[32466391.1706,5912638.8833],[32466391.0319,5912641.8794],[32466390.8926,5912644.8767],[32466390.7526,5912647.875],[32466390.6115,5912650.8743],[32466390.4692,5912653.8743],[32466390.3252,5912656.8749],[32466390.1794,5912659.876],[32466390.0314,5912662.8775],[32466389.8811,5912665.8792],[32466389.7281,5912668.881],[32466389.5721,5912671.8827],[32466389.413,5912674.8843],[32466389.2504,5912677.8855],[32466389.0841,5912680.8863],[32466388.9137,5912683.8864],[32466388.7391,5912686.8859],[32466388.5599,5912689.8844],[32466388.3759,5912692.8819],[32466388.1868,5912695.8783],[32466387.9924,5912698.8734],[32466387.7924,5912701.8671],[32466387.5864,5912704.8592],[32466387.3743,5912707.8497],[32466387.1558,5912710.8383],[32466386.9305,5912713.8249],[32466386.6983,5912716.8094],[32466386.4588,5912719.7917],[32466386.2119,5912722.7716],[32466385.9571,5912725.749],[32466385.6943,5912728.7237],[32466385.4232,5912731.6957],[32466385.1435,5912734.6647],[32466384.723,5912737.6706],[32466383.6216,5912740.6893],[32466381.9324,5912743.2493],[32466379.7203,5912744.8996],[32466376.6797,5912745.6685],[32466373.4765,5912745.5116],[32466370.672,5912744.5706],[32466367.921,5912743.4985],[32466365.1835,5912742.351],[32466362.4568,5912741.1402],[32466359.7385,5912739.8783],[32466357.026,5912738.5774],[32466354.3167,5912737.2497],[32466351.6081,5912735.9074],[32466348.8976,5912734.5627],[32466347.6474,5912733.9479],[32466326.8878,5912724.6538],[32466309.8621,5912719.112],[32466300.9205,5912720.5224],[32466295.3343,5912727.5656],[32466295.3358,5912730.8258],[32466299.525,5912734.6029],[32466310.9028,5912741.8564],[32466312.1963,5912742.6154],[32466314.848,5912744.1624],[32466317.4929,5912745.7207],[32466320.1113,5912747.3032],[32466322.6834,5912748.9225],[32466325.19,5912750.5912],[32466327.6845,5912752.2715],[32466330.2057,5912753.937],[32466332.7424,5912755.596],[32466335.2834,5912757.2571],[32466337.8175,5912758.9285],[32466340.3334,5912760.6188],[32466342.82,5912762.3364],[32466345.2659,5912764.0896],[32466347.6601,5912765.8871],[32466349.9912,5912767.7371],[32466352.248,5912769.6482],[32466355.4555,5912772.7275],[32466359.7619,5912777.4624],[32466361.6491,5912783.1238],[32466369.1985,5912842.0967],[32466372.9733,5912879.3676],[32466371.5583,5912902.0133],[32466365.8971,5912914.2797],[32466357.405,5912922.772],[32466343.7234,5912928.9054],[32466327.211,5912933.1517],[32466290.8837,5912937.3983],[32466313.5295,5912947.7772],[32466318.2473,5912947.7771],[32466327.683,5912947.777],[32466346.5543,5912944.0025],[32466351.2722,5912945.4177],[32466353.6312,5912950.1355],[32466355.0468,5912971.3658],[32466360.2366,5912980.8014],[32466360.7086,5912994.0114],[32466357.695,5913007.7107],[32466345.1407,5913064.7792],[32466337.5924,5913083.6507],[32466326.5629,5913101.0633],[32466307.3984,5913120.2284],[32466301.3007,5913135.9088],[32466296.9454,5913159.4294],[32466288.2344,5913175.981],[32466265.5854,5913204.7285],[32466257.9491,5913212.8423],[32466240.2111,5913231.4577],[32466226.7896,5913244.6481],[32466218.4591,5913250.4334],[32466213.239,5913252.6707],[32466201.5664,5913256.4503],[32466192.5415,5913257.376],[32466170.3265,5913257.3763],[32466127.7475,5913254.3687],[32466117.7969,5913249.2779],[32466115.0199,5913244.4183],[32466112.4744,5913237.4762],[32466110.8543,5913218.9636],[32466106.9202,5913210.633],[32466104.3747,5913209.7074],[32466100.2094,5913210.8645],[32466097.4326,5913216.1869],[32466095.8129,5913230.0714],[32466093.4989,5913232.3855],[32466090.722,5913231.9227],[32466074.9859,5913203.9227],[32466071.0519,5913198.6003],[32466065.9609,5913196.2863],[32466053.6963,5913196.2865],[32466041.2004,5913199.7578],[32466024.0764,5913207.1631],[32466009.4979,5913218.0394],[32466003.9441,5913219.428],[32465992.1424,5913218.9653],[32465980.572,5913216.1886],[32465972.7041,5913212.4862],[32465963.2163,5913204.1557],[32465948.1745,5913184.7177],[32465931.9759,5913175.9244],[32465858.5542,5913157.4289],[32465771.4661,5913132.5918],[32465689.5911,5913117.2606],[32465662.9128,5913114.8078],[32465632.2481,5913114.8082],[32465525.8418,5913125.5424],[32465508.363,5913129.8357],[32465461.1396,5913147.9286],[32465439.6744,5913149.1555],[32465432.9279,5913154.6755],[32465426.1821,5913160.195],[32465399.5039,5913168.7815],[32465379.8786,5913177.0612],[32465442.7412,5913174.3005],[32465478.6186,5913157.741],[32465496.7107,5913151.6079],[32465531.6684,5913147.3143],[32465567.546,5913139.0343],[32465602.8103,5913133.8208],[32465633.1683,5913131.6738],[32465676.7122,5913135.353],[32465745.4013,5913146.6979],[32465791.7051,5913156.8166],[32465900.5524,5913193.131],[32465924.7104,5913201.1908],[32465936.373,5913205.0817],[32465946.5551,5913214.1064],[32465954.6546,5913232.1561],[32465959.2828,5913238.1726],[32466002.0933,5913251.1308],[32466007.1843,5913251.8249],[32466014.8207,5913249.0479],[32466042.1264,5913225.6754],[32466052.5397,5913225.2124],[32466059.2506,5913231.6917],[32466068.97,5913250.2042],[32466077.995,5913259.9232],[32466091.6481,5913266.6338],[32466128.2106,5913272.6498],[32466148.3431,5913278.2033],[32466160.1449,5913285.6082],[32466161.0706,5913287.9222],[32466159.9136,5913291.6248],[32466111.0873,5913335.3614],[32466109.2361,5913339.9896],[32466108.4869,5913350.6617],[32466106.4972,5913353.0494],[32466080.2332,5913353.8457],[32466086.9982,5913358.6209],[32466090.9777,5913364.192],[32466090.5799,5913369.7631],[32466086.2026,5913375.3343],[32466018.2707,5913439.2346],[32465958.8636,5913495.1161],[32465946.5276,5913500.2895],[32465915.4883,5913501.8817],[32465905.6126,5913504.3075],[32465892.8058,5913507.4532],[32465888.8264,5913507.4533],[32465878.8779,5913507.4534],[32465871.3171,5913507.4535],[32465860.1748,5913510.6371],[32465853.8079,5913516.6063],[32465886.4391,5913527.3502],[32465893.9999,5913527.3501],[32465909.5194,5913518.5952],[32465918.672,5913517.0033],[32465925.835,5913518.1971],[32465927.8248,5913525.36],[32465925.0393,5913531.3291],[32465859.778,5913593.4087],[32465820.7804,5913623.6526],[32465813.6175,5913626.0404],[32465804.4649,5913626.4384],[32465807.2508,5913645.9374],[32465804.4653,5913654.2943],[32465765.7222,5913691.5637],[32465757.7758,5913696.1483],[32465743.7166,5913696.7598],[32465740.9659,5913699.5105],[32465743.7169,5913713.5696],[32465743.7169,5913717.5429],[32465741.2719,5913721.2105],[32465737.2987,5913726.712],[32465695.1218,5913767.362],[32465691.1486,5913769.1958],[32465679.2288,5913767.3622],[32465655.6948,5913756.971],[32465644.9976,5913754.2204],[32465604.6539,5913749.8084],[32465566.7551,5913745.6638],[32465549.9452,5913741.0795],[32465521.8987,5913728.2793],[32465490.3461,5913713.8789],[32465400.7951,5913697.9872],[32465320.7186,5913674.7602],[32465209.7501,5913646.5645],[32465035.481,5913605.123],[32464905.1172,5913574.1223],[32464823.4661,5913552.7458],[32464807.1359,5913551.5584],[32464801.4946,5913552.7461],[32464797.9317,5913555.4184],[32464794.9626,5913559.5752],[32464794.072,5913568.1857],[32464796.4474,5913572.0455],[32464800.9011,5913574.7176],[32465002.802,5913625.1898],[32465090.0946,5913650.4261],[32465274.9499,5913698.8545],[32465420.9675,5913737.1081],[32465507.1567,5913760.9464],[32465573.174,5913782.9511],[32465595.4853,5913787.2297],[32465617.1855,5913793.9533],[32465652.3336,5913807.7063],[32465654.1674,5913810.1514],[32465652.0281,5913817.181],[32465619.3257,5913851.7181],[32465505.3257,5913956.5523],[32465458.2629,5914004.0761],[32465441.3712,5914023.5959],[32465367.7002,5914077.2353],[32465355.7864,5914085.9096],[32465337.3933,5914104.6787],[32465329.5104,5914110.6848],[32465308.1142,5914124.1986],[32465210.5179,5914227.0531],[32465194.377,5914241.693],[32465156.0893,5914287.1141],[32465138.4468,5914301.754],[32465074.0902,5914368.4824],[32465024.5993,5914415.5486],[32464968.3156,5914469.4078],[32464913.4876,5914531.5157],[32464876.0982,5914578.274],[32464770.3976,5914747.3293],[32464758.2972,5914761.2097],[32464735.1636,5914769.7517],[32464710.2505,5914774.7347],[32464694.5908,5914773.6672],[32464601.7,5914758.3647],[32464579.1807,5914756.6316],[32464426.5958,5914745.1988],[32464381.3962,5914745.1995],[32464325.1637,5914752.3183],[32464318.7575,5914751.9625],[32464311.9952,5914745.5564],[32464290.6403,5914689.68],[32464283.8779,5914677.9353],[32464278.8953,5914675.444],[32464275.3363,5914677.9354],[32464275.3364,5914683.6298],[32464284.2344,5914713.8815],[32464287.4378,5914736.6592],[32464287.0822,5914753.7425],[32464222.6638,5914754.4552],[32464268.2195,5914764.0639],[32464304.8775,5914767.2665],[32464312.3514,5914768.69],[32464315.1987,5914770.8254],[32464316.6892,5914791.0494],[32464317.6905,5914804.6361],[32464320.1819,5914813.5337],[32464334.4186,5914850.9032],[32464351.1468,5914904.2884],[32464356.8413,5914908.915],[32464359.6885,5914908.5591],[32464361.468,5914904.2883],[32464360.7556,5914869.4098],[32464357.1964,5914854.8178],[32464349.0104,5914839.1582],[32464340.4684,5914814.6011],[32464338.6887,5914799.2973],[32464339.0445,5914790.7556],[32464344.7388,5914781.1462],[32464351.5008,5914775.8075],[32464363.2456,5914772.6042],[32464399.5476,5914767.977],[32464423.393,5914769.0444],[32464570.9476,5914787.5215],[32464614.5131,5914797.1579],[32464644.7649,5914805.6991],[32464667.8986,5914809.6137],[32464691.3882,5914811.3929],[32464708.3213,5914809.276],[32464736.9436,5914805.6978],[32464741.9263,5914806.4095],[32464745.8413,5914808.9008],[32464747.6209,5914814.2393],[32464746.1975,5914830.6109],[32464728.5655,5914900.5042],[32464709.2814,5915007.4854],[32464702.3683,5915054.79],[32464695.8197,5915143.577],[32464695.0928,5915198.1591],[32464699.6768,5915310.4788],[32464709.3841,5915377.9377],[32464745.7871,5915673.0095],[32464771.5974,5915802.8404],[32464790.996,5915882.5851],[32464852.066,5916162.7693],[32464895.1744,5916374.7034],[32464900.2038,5916400.5666],[32464900.9227,5916436.4877],[32464897.3308,5916450.8563],[32464883.6811,5916473.846],[32464872.9051,5916498.9909],[32464871.4689,5916539.9411],[32464869.3137,5916543.5332],[32464856.3822,5916549.9992],[32464736.3232,5916574.7351],[32464718.9415,5916576.9081],[32464670.7632,5916570.2058],[32464642.2752,5916568.9493],[32464579.015,5916569.7881],[32464521.2012,5916573.1405],[32464491.0374,5916572.303],[32464466.7388,5916568.114],[32464431.9664,5916550.5189],[32464417.7222,5916537.532],[32464407.2485,5916524.126],[32464400.1262,5916506.1116],[32464398.0313,5916490.1919],[32464398.4499,5916467.569],[32464403.0579,5916444.9461],[32464404.3145,5916427.7695],[32464403.0575,5916417.296],[32464400.5438,5916414.7824],[32464398.0302,5916414.7824],[32464394.2598,5916419.3908],[32464384.2055,5916439.9191],[32464377.9216,5916457.5147],[32464375.8272,5916475.1103],[32464375.4087,5916507.3688],[32464372.4762,5916513.234],[32464369.1247,5916514.0719],[32464321.3652,5916505.2748],[32464294.9718,5916496.4775],[32464287.0118,5916490.6124],[32464281.1466,5916483.0715],[32464276.1191,5916468.8276],[32464266.9018,5916431.5419],[32464259.7796,5916416.8791],[32464253.9146,5916427.7717],[32464253.4959,5916447.8809],[32464267.7408,5916509.0461],[32464274.8631,5916525.3847],[32464278.2147,5916530.412],[32464283.242,5916533.7634],[32464305.446,5916540.0472],[32464356.5569,5916546.7495],[32464372.8957,5916550.9387],[32464386.3019,5916555.9658],[32464444.9541,5916588.6424],[32464466.7392,5916598.6967],[32464488.5242,5916604.5615],[32464515.7555,5916607.0748],[32464716.0094,5916606.653],[32464737.7549,5916611.6729],[32464761.2551,5916614.6123],[32464770.4719,5916613.7742],[32464806.0817,5916602.8812],[32464847.5567,5916593.6639],[32464883.1667,5916589.8929],[32464897.8295,5916581.9328],[32464913.7491,5916565.5939],[32464920.0331,5916566.0128],[32464922.9658,5916570.2021],[32464926.3174,5916577.743],[32464955.243,5916729.7852]]]],"crs":{"type":"EPSG","properties":{"code":4647}}},"properties":{"BGL":3,"BGL_NAME":"Küstenmarschen","FL_NR":132}}]}