plotId,lon,lat,n_pts,TKLE_NR,Legende,LEG_TEXT
05Zp3McBgcXoEISDl6Cy,11.065287329497218,52.3589525880346,1,392603,03 GG-AT: fo-l; fo-u,Vorherrschend *Gley-Tschernitzen aus *Auenlehm bis *Auenschluff
0abhR8nOp0L5JtP5RDft,11.068880825850037,52.32786526069034,9,392603,03 GG-AT: fo-l; fo-u,Vorherrschend *Gley-Tschernitzen aus *Auenlehm bis *Auenschluff
0abhR8nOp0L5JtP5RDft,11.070713873691105,52.32783313407357,9,392603,03 GG-AT: fo-l; fo-u,Vorherrschend *Gley-Tschernitzen aus *Auenlehm bis *Auenschluff
0abhR8nOp0L5JtP5RDft,11.06893324054173,52.328988334307866,9,392606,"06 SS-BB, SS-BB-LF: p-ls/g-l; SSn: p-l/g-l","Vorherrschend *Pseudogley-Braunerden bis *Pseudogley-Braunerde-Fahlerden aus *Geschiebedecksand über *Geschiebelehm, selten Pseudogleye aus Geschiebelehm"
0abhR8nOp0L5JtP5RDft,11.070766334741833,52.328956206397464,9,392603,03 GG-AT: fo-l; fo-u,Vorherrschend *Gley-Tschernitzen aus *Auenlehm bis *Auenschluff
0abhR8nOp0L5JtP5RDft,11.068985658681463,52.33011140767355,9,392606,"06 SS-BB, SS-BB-LF: p-ls/g-l; SSn: p-l/g-l","Vorherrschend *Pseudogley-Braunerden bis *Pseudogley-Braunerde-Fahlerden aus *Geschiebedecksand über *Geschiebelehm, selten Pseudogleye aus Geschiebelehm"
0abhR8nOp0L5JtP5RDft,11.070818799243646,52.33007927846942,9,392603,03 GG-AT: fo-l; fo-u,Vorherrschend *Gley-Tschernitzen aus *Auenlehm bis *Auenschluff
0abhR8nOp0L5JtP5RDft,11.072651936354445,52.33004712083727,9,392603,03 GG-AT: fo-l; fo-u,Vorherrschend *Gley-Tschernitzen aus *Auenlehm bis *Auenschluff
0abhR8nOp0L5JtP5RDft,11.070871267196848,52.331202350289495,9,392603,03 GG-AT: fo-l; fo-u,Vorherrschend *Gley-Tschernitzen aus *Auenlehm bis *Auenschluff
0abhR8nOp0L5JtP5RDft,11.072704450672468,52.33117019136242,9,392603,03 GG-AT: fo-l; fo-u,Vorherrschend *Gley-Tschernitzen aus *Auenlehm bis *Auenschluff
1OQ4PxgDMhzuGvGxEKgU,11.05286286553344,52.36153820433469,4,392611,11 BBn: p-ls/fg-s,"Vorherrschend *Braunerden aus *Geschiebedecksand, über glazifluviatilem Sand"
1OQ4PxgDMhzuGvGxEKgU,11.054697324986801,52.361506311948055,4,392611,11 BBn: p-ls/fg-s,"Vorherrschend *Braunerden aus *Geschiebedecksand, über glazifluviatilem Sand"
1OQ4PxgDMhzuGvGxEKgU,11.05108042839089,52.36269314803431,4,392611,11 BBn: p-ls/fg-s,"Vorherrschend *Braunerden aus *Geschiebedecksand, über glazifluviatilem Sand"
1OQ4PxgDMhzuGvGxEKgU,11.052914937724502,52.36266128282523,4,392611,11 BBn: p-ls/fg-s,"Vorherrschend *Braunerden aus *Geschiebedecksand, über glazifluviatilem Sand"
1fzBfhjgxXFdDk18THCZ,11.108749491183955,52.32519685025345,1,392603,03 GG-AT: fo-l; fo-u,Vorherrschend *Gley-Tschernitzen aus *Auenlehm bis *Auenschluff
1zsdpuFJMBpXF5GTPz4x,11.070070771074054,52.33651089677057,6,392606,"06 SS-BB, SS-BB-LF: p-ls/g-l; SSn: p-l/g-l","Vorherrschend *Pseudogley-Braunerden bis *Pseudogley-Braunerde-Fahlerden aus *Geschiebedecksand über *Geschiebelehm, selten Pseudogleye aus Geschiebelehm"
1zsdpuFJMBpXF5GTPz4x,11.07190417496378,52.33647874799175,6,392603,03 GG-AT: fo-l; fo-u,Vorherrschend *Gley-Tschernitzen aus *Auenlehm bis *Auenschluff
1zsdpuFJMBpXF5GTPz4x,11.071956682509114,52.337601817818324,6,392603,03 GG-AT: fo-l; fo-u,Vorherrschend *Gley-Tschernitzen aus *Auenlehm bis *Auenschluff
1zsdpuFJMBpXF5GTPz4x,11.072009193509166,52.33872488739296,6,392603,03 GG-AT: fo-l; fo-u,Vorherrschend *Gley-Tschernitzen aus *Auenlehm bis *Auenschluff
1zsdpuFJMBpXF5GTPz4x,11.073842686711679,52.33869270758801,6,392603,03 GG-AT: fo-l; fo-u,Vorherrschend *Gley-Tschernitzen aus *Auenlehm bis *Auenschluff
1zsdpuFJMBpXF5GTPz4x,11.073895247554923,52.339815775614774,6,392603,03 GG-AT: fo-l; fo-u,Vorherrschend *Gley-Tschernitzen aus *Auenlehm bis *Auenschluff
2viqhL8AO4rRHAMh5Fqq,11.058842582739775,52.348007850051054,11,392630,"30 GNn, GGn, GMn: u-ls,u-l/f-s","Überwiegend *Naßgleye, gering verbreitet Gleye und Anmoorgleye aus holozän *umgelagertem *Sand bis *Lehm über Niederungssand, verbreitet mit abgesenktem Grundwasser"
2viqhL8AO4rRHAMh5Fqq,11.058894781090086,52.349130926915926,11,392630,"30 GNn, GGn, GMn: u-ls,u-l/f-s","Überwiegend *Naßgleye, gering verbreitet Gleye und Anmoorgleye aus holozän *umgelagertem *Sand bis *Lehm über Niederungssand, verbreitet mit abgesenktem Grundwasser"
2viqhL8AO4rRHAMh5Fqq,11.060728719957712,52.34909894618089,11,392630,"30 GNn, GGn, GMn: u-ls,u-l/f-s","Überwiegend *Naßgleye, gering verbreitet Gleye und Anmoorgleye aus holozän *umgelagertem *Sand bis *Lehm über Niederungssand, verbreitet mit abgesenktem Grundwasser"
2viqhL8AO4rRHAMh5Fqq,11.060780968161191,52.350222021506276,11,392630,"30 GNn, GGn, GMn: u-ls,u-l/f-s","Überwiegend *Naßgleye, gering verbreitet Gleye und Anmoorgleye aus holozän *umgelagertem *Sand bis *Lehm über Niederungssand, verbreitet mit abgesenktem Grundwasser"
2viqhL8AO4rRHAMh5Fqq,11.062614950008292,52.35019001103412,11,392630,"30 GNn, GGn, GMn: u-ls,u-l/f-s","Überwiegend *Naßgleye, gering verbreitet Gleye und Anmoorgleye aus holozän *umgelagertem *Sand bis *Lehm über Niederungssand, verbreitet mit abgesenktem Grundwasser"
2viqhL8AO4rRHAMh5Fqq,11.064448928413821,52.350157972113024,11,392630,"30 GNn, GGn, GMn: u-ls,u-l/f-s","Überwiegend *Naßgleye, gering verbreitet Gleye und Anmoorgleye aus holozän *umgelagertem *Sand bis *Lehm über Niederungssand, verbreitet mit abgesenktem Grundwasser"
2viqhL8AO4rRHAMh5Fqq,11.060833219803193,52.351345096580104,11,392630,"30 GNn, GGn, GMn: u-ls,u-l/f-s","Überwiegend *Naßgleye, gering verbreitet Gleye und Anmoorgleye aus holozän *umgelagertem *Sand bis *Lehm über Niederungssand, verbreitet mit abgesenktem Grundwasser"
2viqhL8AO4rRHAMh5Fqq,11.06266724807104,52.351313084818734,11,392630,"30 GNn, GGn, GMn: u-ls,u-l/f-s","Überwiegend *Naßgleye, gering verbreitet Gleye und Anmoorgleye aus holozän *umgelagertem *Sand bis *Lehm über Niederungssand, verbreitet mit abgesenktem Grundwasser"
2viqhL8AO4rRHAMh5Fqq,11.064501272897012,52.35128104460725,11,392630,"30 GNn, GGn, GMn: u-ls,u-l/f-s","Überwiegend *Naßgleye, gering verbreitet Gleye und Anmoorgleye aus holozän *umgelagertem *Sand bis *Lehm über Niederungssand, verbreitet mit abgesenktem Grundwasser"
2viqhL8AO4rRHAMh5Fqq,11.062719549575661,52.35243615835174,11,392630,"30 GNn, GGn, GMn: u-ls,u-l/f-s","Überwiegend *Naßgleye, gering verbreitet Gleye und Anmoorgleye aus holozän *umgelagertem *Sand bis *Lehm über Niederungssand, verbreitet mit abgesenktem Grundwasser"
2viqhL8AO4rRHAMh5Fqq,11.064553620825125,52.35240411684982,11,392603,03 GG-AT: fo-l; fo-u,Vorherrschend *Gley-Tschernitzen aus *Auenlehm bis *Auenschluff
4jwoETVJIql7CxMQk6s5,11.100596941811721,52.33065564123517,11,392606,"06 SS-BB, SS-BB-LF: p-ls/g-l; SSn: p-l/g-l","Vorherrschend *Pseudogley-Braunerden bis *Pseudogley-Braunerde-Fahlerden aus *Geschiebedecksand über *Geschiebelehm, selten Pseudogleye aus Geschiebelehm"
4jwoETVJIql7CxMQk6s5,11.102430067993273,52.33062302133973,11,392606,"06 SS-BB, SS-BB-LF: p-ls/g-l; SSn: p-l/g-l","Vorherrschend *Pseudogley-Braunerden bis *Pseudogley-Braunerde-Fahlerden aus *Geschiebedecksand über *Geschiebelehm, selten Pseudogleye aus Geschiebelehm"
4jwoETVJIql7CxMQk6s5,11.098816988972782,52.331811284448236,11,392606,"06 SS-BB, SS-BB-LF: p-ls/g-l; SSn: p-l/g-l","Vorherrschend *Pseudogley-Braunerden bis *Pseudogley-Braunerde-Fahlerden aus *Geschiebedecksand über *Geschiebelehm, selten Pseudogleye aus Geschiebelehm"
4jwoETVJIql7CxMQk6s5,11.100650165018552,52.33177869166759,11,392606,"06 SS-BB, SS-BB-LF: p-ls/g-l; SSn: p-l/g-l","Vorherrschend *Pseudogley-Braunerden bis *Pseudogley-Braunerde-Fahlerden aus *Geschiebedecksand über *Geschiebelehm, selten Pseudogleye aus Geschiebelehm"
4jwoETVJIql7CxMQk6s5,11.102483337562974,52.33174607045865,11,392606,"06 SS-BB, SS-BB-LF: p-ls/g-l; SSn: p-l/g-l","Vorherrschend *Pseudogley-Braunerden bis *Pseudogley-Braunerde-Fahlerden aus *Geschiebedecksand über *Geschiebelehm, selten Pseudogleye aus Geschiebelehm"
4jwoETVJIql7CxMQk6s5,11.09887016931474,52.33293433594012,11,392606,"06 SS-BB, SS-BB-LF: p-ls/g-l; SSn: p-l/g-l","Vorherrschend *Pseudogley-Braunerden bis *Pseudogley-Braunerde-Fahlerden aus *Geschiebedecksand über *Geschiebelehm, selten Pseudogleye aus Geschiebelehm"
4jwoETVJIql7CxMQk6s5,11.100703391726729,52.332901741847024,11,392606,"06 SS-BB, SS-BB-LF: p-ls/g-l; SSn: p-l/g-l","Vorherrschend *Pseudogley-Braunerden bis *Pseudogley-Braunerde-Fahlerden aus *Geschiebedecksand über *Geschiebelehm, selten Pseudogleye aus Geschiebelehm"
4jwoETVJIql7CxMQk6s5,11.097090080875136,52.334089954153995,11,392606,"06 SS-BB, SS-BB-LF: p-ls/g-l; SSn: p-l/g-l","Vorherrschend *Pseudogley-Braunerden bis *Pseudogley-Braunerde-Fahlerden aus *Geschiebedecksand über *Geschiebelehm, selten Pseudogleye aus Geschiebelehm"
4jwoETVJIql7CxMQk6s5,11.098923353155307,52.33405738717909,11,392606,"06 SS-BB, SS-BB-LF: p-ls/g-l; SSn: p-l/g-l","Vorherrschend *Pseudogley-Braunerden bis *Pseudogley-Braunerde-Fahlerden aus *Geschiebedecksand über *Geschiebelehm, selten Pseudogleye aus Geschiebelehm"
4jwoETVJIql7CxMQk6s5,11.10075662193656,52.334024791773494,11,392606,"06 SS-BB, SS-BB-LF: p-ls/g-l; SSn: p-l/g-l","Vorherrschend *Pseudogley-Braunerden bis *Pseudogley-Braunerde-Fahlerden aus *Geschiebedecksand über *Geschiebelehm, selten Pseudogleye aus Geschiebelehm"
4jwoETVJIql7CxMQk6s5,11.100809855648352,52.33514784144699,11,392606,"06 SS-BB, SS-BB-LF: p-ls/g-l; SSn: p-l/g-l","Vorherrschend *Pseudogley-Braunerden bis *Pseudogley-Braunerde-Fahlerden aus *Geschiebedecksand über *Geschiebelehm, selten Pseudogleye aus Geschiebelehm"
5bsD33dPxIEykTIzWmSC,11.055812602016744,52.34087536793972,10,392630,"30 GNn, GGn, GMn: u-ls,u-l/f-s","Überwiegend *Naßgleye, gering verbreitet Gleye und Anmoorgleye aus holozän *umgelagertem *Sand bis *Lehm über Niederungssand, verbreitet mit abgesenktem Grundwasser"
5bsD33dPxIEykTIzWmSC,11.055864710187514,52.34199844830344,10,392630,"30 GNn, GGn, GMn: u-ls,u-l/f-s","Überwiegend *Naßgleye, gering verbreitet Gleye und Anmoorgleye aus holozän *umgelagertem *Sand bis *Lehm über Niederungssand, verbreitet mit abgesenktem Grundwasser"
5bsD33dPxIEykTIzWmSC,11.057698357440737,52.34196651762398,10,392630,"30 GNn, GGn, GMn: u-ls,u-l/f-s","Überwiegend *Naßgleye, gering verbreitet Gleye und Anmoorgleye aus holozän *umgelagertem *Sand bis *Lehm über Niederungssand, verbreitet mit abgesenktem Grundwasser"
5bsD33dPxIEykTIzWmSC,11.059532001262143,52.34193455850371,10,392630,"30 GNn, GGn, GMn: u-ls,u-l/f-s","Überwiegend *Naßgleye, gering verbreitet Gleye und Anmoorgleye aus holozän *umgelagertem *Sand bis *Lehm über Niederungssand, verbreitet mit abgesenktem Grundwasser"
5bsD33dPxIEykTIzWmSC,11.055916821787054,52.3431215284158,10,392630,"30 GNn, GGn, GMn: u-ls,u-l/f-s","Überwiegend *Naßgleye, gering verbreitet Gleye und Anmoorgleye aus holozän *umgelagertem *Sand bis *Lehm über Niederungssand, verbreitet mit abgesenktem Grundwasser"
5bsD33dPxIEykTIzWmSC,11.057750515439231,52.34308959645039,10,392630,"30 GNn, GGn, GMn: u-ls,u-l/f-s","Überwiegend *Naßgleye, gering verbreitet Gleye und Anmoorgleye aus holozän *umgelagertem *Sand bis *Lehm über Niederungssand, verbreitet mit abgesenktem Grundwasser"
5bsD33dPxIEykTIzWmSC,11.059584205659291,52.34305763604305,10,392630,"30 GNn, GGn, GMn: u-ls,u-l/f-s","Überwiegend *Naßgleye, gering verbreitet Gleye und Anmoorgleye aus holozän *umgelagertem *Sand bis *Lehm über Niederungssand, verbreitet mit abgesenktem Grundwasser"
5bsD33dPxIEykTIzWmSC,11.055968936815665,52.34424460827679,10,392630,"30 GNn, GGn, GMn: u-ls,u-l/f-s","Überwiegend *Naßgleye, gering verbreitet Gleye und Anmoorgleye aus holozän *umgelagertem *Sand bis *Lehm über Niederungssand, verbreitet mit abgesenktem Grundwasser"
5bsD33dPxIEykTIzWmSC,11.057802676869846,52.3442126750254,10,392630,"30 GNn, GGn, GMn: u-ls,u-l/f-s","Überwiegend *Naßgleye, gering verbreitet Gleye und Anmoorgleye aus holozän *umgelagertem *Sand bis *Lehm über Niederungssand, verbreitet mit abgesenktem Grundwasser"
5bsD33dPxIEykTIzWmSC,11.059636413491608,52.3441807133309,10,392630,"30 GNn, GGn, GMn: u-ls,u-l/f-s","Überwiegend *Naßgleye, gering verbreitet Gleye und Anmoorgleye aus holozän *umgelagertem *Sand bis *Lehm über Niederungssand, verbreitet mit abgesenktem Grundwasser"
79BkepicjzH7z2nhsdkd,11.04833507770867,52.37385781487637,3,392611,11 BBn: p-ls/fg-s,"Vorherrschend *Braunerden aus *Geschiebedecksand, über glazifluviatilem Sand"
79BkepicjzH7z2nhsdkd,11.05017005274765,52.373825987556984,3,392611,11 BBn: p-ls/fg-s,"Vorherrschend *Braunerden aus *Geschiebedecksand, über glazifluviatilem Sand"
79BkepicjzH7z2nhsdkd,11.04838705817088,52.37498089419345,3,392611,11 BBn: p-ls/fg-s,"Vorherrschend *Braunerden aus *Geschiebedecksand, über glazifluviatilem Sand"
84wWsLweJNKIeKtogS3a,11.0437930934249,52.38634016182407,5,392611,11 BBn: p-ls/fg-s,"Vorherrschend *Braunerden aus *Geschiebedecksand, über glazifluviatilem Sand"
84wWsLweJNKIeKtogS3a,11.042009434322988,52.387494976807155,5,392604,"04 ABn, GG-AB: fo-l; fo-l//f-s; GG-SS: fo-sl/fo-l","Überwiegend *Vegen und verbreitet Gley-Vegen, selten Gley-Pseudogleye aus *Auenlehm, verbreitet über tiefem fluviatilem Sand"
84wWsLweJNKIeKtogS3a,11.043844982012905,52.38746324193977,5,392604,"04 ABn, GG-AB: fo-l; fo-l//f-s; GG-SS: fo-sl/fo-l","Überwiegend *Vegen und verbreitet Gley-Vegen, selten Gley-Pseudogleye aus *Auenlehm, verbreitet über tiefem fluviatilem Sand"
84wWsLweJNKIeKtogS3a,11.045680526285455,52.38743147858442,5,392604,"04 ABn, GG-AB: fo-l; fo-l//f-s; GG-SS: fo-sl/fo-l","Überwiegend *Vegen und verbreitet Gley-Vegen, selten Gley-Pseudogleye aus *Auenlehm, verbreitet über tiefem fluviatilem Sand"
84wWsLweJNKIeKtogS3a,11.040225682174896,52.3886497656073,5,392604,"04 ABn, GG-AB: fo-l; fo-l//f-s; GG-SS: fo-sl/fo-l","Überwiegend *Vegen und verbreitet Gley-Vegen, selten Gley-Pseudogleye aus *Auenlehm, verbreitet über tiefem fluviatilem Sand"
88abKCvrysJUdBXSIMe0,11.103391074676907,52.333978904659325,16,392606,"06 SS-BB, SS-BB-LF: p-ls/g-l; SSn: p-l/g-l","Vorherrschend *Pseudogley-Braunerden bis *Pseudogley-Braunerde-Fahlerden aus *Geschiebedecksand über *Geschiebelehm, selten Pseudogleye aus Geschiebelehm"
88abKCvrysJUdBXSIMe0,11.105224334959933,52.33394623996741,16,392606,"06 SS-BB, SS-BB-LF: p-ls/g-l; SSn: p-l/g-l","Vorherrschend *Pseudogley-Braunerden bis *Pseudogley-Braunerde-Fahlerden aus *Geschiebedecksand über *Geschiebelehm, selten Pseudogleye aus Geschiebelehm"
88abKCvrysJUdBXSIMe0,11.107057591733579,52.333913546845224,16,392606,"06 SS-BB, SS-BB-LF: p-ls/g-l; SSn: p-l/g-l","Vorherrschend *Pseudogley-Braunerden bis *Pseudogley-Braunerde-Fahlerden aus *Geschiebedecksand über *Geschiebelehm, selten Pseudogleye aus Geschiebelehm"
88abKCvrysJUdBXSIMe0,11.108890844994802,52.3338808252929,16,392606,"06 SS-BB, SS-BB-LF: p-ls/g-l; SSn: p-l/g-l","Vorherrschend *Pseudogley-Braunerden bis *Pseudogley-Braunerde-Fahlerden aus *Geschiebedecksand über *Geschiebelehm, selten Pseudogleye aus Geschiebelehm"
88abKCvrysJUdBXSIMe0,11.103444375028403,52.33510195244442,16,392606,"06 SS-BB, SS-BB-LF: p-ls/g-l; SSn: p-l/g-l","Vorherrschend *Pseudogley-Braunerden bis *Pseudogley-Braunerde-Fahlerden aus *Geschiebedecksand über *Geschiebelehm, selten Pseudogleye aus Geschiebelehm"
88abKCvrysJUdBXSIMe0,11.10527768168299,52.33506928643715,16,392606,"06 SS-BB, SS-BB-LF: p-ls/g-l; SSn: p-l/g-l","Vorherrschend *Pseudogley-Braunerden bis *Pseudogley-Braunerde-Fahlerden aus *Geschiebedecksand über *Geschiebelehm, selten Pseudogleye aus Geschiebelehm"
88abKCvrysJUdBXSIMe0,11.107110984827893,52.335036591998474,16,392606,"06 SS-BB, SS-BB-LF: p-ls/g-l; SSn: p-l/g-l","Vorherrschend *Pseudogley-Braunerden bis *Pseudogley-Braunerde-Fahlerden aus *Geschiebedecksand über *Geschiebelehm, selten Pseudogleye aus Geschiebelehm"
88abKCvrysJUdBXSIMe0,11.101664322350393,52.33625763886647,16,392606,"06 SS-BB, SS-BB-LF: p-ls/g-l; SSn: p-l/g-l","Vorherrschend *Pseudogley-Braunerden bis *Pseudogley-Braunerde-Fahlerden aus *Geschiebedecksand über *Geschiebelehm, selten Pseudogleye aus Geschiebelehm"
88abKCvrysJUdBXSIMe0,11.103497678886539,52.33622499997645,16,392606,"06 SS-BB, SS-BB-LF: p-ls/g-l; SSn: p-l/g-l","Vorherrschend *Pseudogley-Braunerden bis *Pseudogley-Braunerde-Fahlerden aus *Geschiebedecksand über *Geschiebelehm, selten Pseudogleye aus Geschiebelehm"
88abKCvrysJUdBXSIMe0,11.105331031915735,52.33619233265376,16,392606,"06 SS-BB, SS-BB-LF: p-ls/g-l; SSn: p-l/g-l","Vorherrschend *Pseudogley-Braunerden bis *Pseudogley-Braunerde-Fahlerden aus *Geschiebedecksand über *Geschiebelehm, selten Pseudogleye aus Geschiebelehm"
88abKCvrysJUdBXSIMe0,11.10716438143494,52.33615963689851,16,392606,"06 SS-BB, SS-BB-LF: p-ls/g-l; SSn: p-l/g-l","Vorherrschend *Pseudogley-Braunerden bis *Pseudogley-Braunerde-Fahlerden aus *Geschiebedecksand über *Geschiebelehm, selten Pseudogleye aus Geschiebelehm"
88abKCvrysJUdBXSIMe0,11.099884176919199,52.33741329923017,16,392606,"06 SS-BB, SS-BB-LF: p-ls/g-l; SSn: p-l/g-l","Vorherrschend *Pseudogley-Braunerden bis *Pseudogley-Braunerde-Fahlerden aus *Geschiebedecksand über *Geschiebelehm, selten Pseudogleye aus Geschiebelehm"
88abKCvrysJUdBXSIMe0,11.101717583337518,52.337380687459756,16,392606,"06 SS-BB, SS-BB-LF: p-ls/g-l; SSn: p-l/g-l","Vorherrschend *Pseudogley-Braunerden bis *Pseudogley-Braunerde-Fahlerden aus *Geschiebedecksand über *Geschiebelehm, selten Pseudogleye aus Geschiebelehm"
88abKCvrysJUdBXSIMe0,11.103550986251623,52.3373480472554,16,392606,"06 SS-BB, SS-BB-LF: p-ls/g-l; SSn: p-l/g-l","Vorherrschend *Pseudogley-Braunerden bis *Pseudogley-Braunerde-Fahlerden aus *Geschiebedecksand über *Geschiebelehm, selten Pseudogleye aus Geschiebelehm"
88abKCvrysJUdBXSIMe0,11.105384385658473,52.33731537861721,16,392606,"06 SS-BB, SS-BB-LF: p-ls/g-l; SSn: p-l/g-l","Vorherrschend *Pseudogley-Braunerden bis *Pseudogley-Braunerde-Fahlerden aus *Geschiebedecksand über *Geschiebelehm, selten Pseudogleye aus Geschiebelehm"
88abKCvrysJUdBXSIMe0,11.107217781555024,52.33728268154533,16,392606,"06 SS-BB, SS-BB-LF: p-ls/g-l; SSn: p-l/g-l","Vorherrschend *Pseudogley-Braunerden bis *Pseudogley-Braunerde-Fahlerden aus *Geschiebedecksand über *Geschiebelehm, selten Pseudogleye aus Geschiebelehm"
9VPFUO3k8opLMOQhg60g,11.093982067369438,52.35590258335817,9,392606,"06 SS-BB, SS-BB-LF: p-ls/g-l; SSn: p-l/g-l","Vorherrschend *Pseudogley-Braunerden bis *Pseudogley-Braunerde-Fahlerden aus *Geschiebedecksand über *Geschiebelehm, selten Pseudogleye aus Geschiebelehm"
9VPFUO3k8opLMOQhg60g,11.094035171331688,52.35702563371788,9,392606,"06 SS-BB, SS-BB-LF: p-ls/g-l; SSn: p-l/g-l","Vorherrschend *Pseudogley-Braunerden bis *Pseudogley-Braunerde-Fahlerden aus *Geschiebedecksand über *Geschiebelehm, selten Pseudogleye aus Geschiebelehm"
9VPFUO3k8opLMOQhg60g,11.09586939612861,52.3569931042161,9,392606,"06 SS-BB, SS-BB-LF: p-ls/g-l; SSn: p-l/g-l","Vorherrschend *Pseudogley-Braunerden bis *Pseudogley-Braunerde-Fahlerden aus *Geschiebedecksand über *Geschiebelehm, selten Pseudogleye aus Geschiebelehm"
9VPFUO3k8opLMOQhg60g,11.09770361742725,52.356960546260076,9,392606,"06 SS-BB, SS-BB-LF: p-ls/g-l; SSn: p-l/g-l","Vorherrschend *Pseudogley-Braunerden bis *Pseudogley-Braunerde-Fahlerden aus *Geschiebedecksand über *Geschiebelehm, selten Pseudogleye aus Geschiebelehm"
9VPFUO3k8opLMOQhg60g,11.09408827878917,52.35814868382487,9,392606,"06 SS-BB, SS-BB-LF: p-ls/g-l; SSn: p-l/g-l","Vorherrschend *Pseudogley-Braunerden bis *Pseudogley-Braunerde-Fahlerden aus *Geschiebedecksand über *Geschiebelehm, selten Pseudogleye aus Geschiebelehm"
9VPFUO3k8opLMOQhg60g,11.095922550021427,52.3581161530129,9,392606,"06 SS-BB, SS-BB-LF: p-ls/g-l; SSn: p-l/g-l","Vorherrschend *Pseudogley-Braunerden bis *Pseudogley-Braunerde-Fahlerden aus *Geschiebedecksand über *Geschiebelehm, selten Pseudogleye aus Geschiebelehm"
9VPFUO3k8opLMOQhg60g,11.0977568177551,52.35808359374554,9,392606,"06 SS-BB, SS-BB-LF: p-ls/g-l; SSn: p-l/g-l","Vorherrschend *Pseudogley-Braunerden bis *Pseudogley-Braunerde-Fahlerden aus *Geschiebedecksand über *Geschiebelehm, selten Pseudogleye aus Geschiebelehm"
9VPFUO3k8opLMOQhg60g,11.099591081987134,52.35805100602289,9,392606,"06 SS-BB, SS-BB-LF: p-ls/g-l; SSn: p-l/g-l","Vorherrschend *Pseudogley-Braunerden bis *Pseudogley-Braunerde-Fahlerden aus *Geschiebedecksand über *Geschiebelehm, selten Pseudogleye aus Geschiebelehm"
9VPFUO3k8opLMOQhg60g,11.095975707412833,52.35923920155691,9,392606,"06 SS-BB, SS-BB-LF: p-ls/g-l; SSn: p-l/g-l","Vorherrschend *Pseudogley-Braunerden bis *Pseudogley-Braunerde-Fahlerden aus *Geschiebedecksand über *Geschiebelehm, selten Pseudogleye aus Geschiebelehm"
9cRMOK3r8fyh9P39IPRN,11.068929400634405,52.367343975519205,7,392606,"06 SS-BB, SS-BB-LF: p-ls/g-l; SSn: p-l/g-l","Vorherrschend *Pseudogley-Braunerden bis *Pseudogley-Braunerde-Fahlerden aus *Geschiebedecksand über *Geschiebelehm, selten Pseudogleye aus Geschiebelehm"
9cRMOK3r8fyh9P39IPRN,11.068981891168404,52.36846704155678,7,392606,"06 SS-BB, SS-BB-LF: p-ls/g-l; SSn: p-l/g-l","Vorherrschend *Pseudogley-Braunerden bis *Pseudogley-Braunerde-Fahlerden aus *Geschiebedecksand über *Geschiebelehm, selten Pseudogleye aus Geschiebelehm"
9cRMOK3r8fyh9P39IPRN,11.070816619023402,52.36843489601052,7,392606,"06 SS-BB, SS-BB-LF: p-ls/g-l; SSn: p-l/g-l","Vorherrschend *Pseudogley-Braunerden bis *Pseudogley-Braunerde-Fahlerden aus *Geschiebedecksand über *Geschiebelehm, selten Pseudogleye aus Geschiebelehm"
9cRMOK3r8fyh9P39IPRN,11.072651343419674,52.36840272199707,7,392606,"06 SS-BB, SS-BB-LF: p-ls/g-l; SSn: p-l/g-l","Vorherrschend *Pseudogley-Braunerden bis *Pseudogley-Braunerde-Fahlerden aus *Geschiebedecksand über *Geschiebelehm, selten Pseudogleye aus Geschiebelehm"
9cRMOK3r8fyh9P39IPRN,11.06903438515808,52.36959010734254,7,392603,03 GG-AT: fo-l; fo-u,Vorherrschend *Gley-Tschernitzen aus *Auenlehm bis *Auenschluff
9cRMOK3r8fyh9P39IPRN,11.070869159482529,52.36955796050139,7,392606,"06 SS-BB, SS-BB-LF: p-ls/g-l; SSn: p-l/g-l","Vorherrschend *Pseudogley-Braunerden bis *Pseudogley-Braunerde-Fahlerden aus *Geschiebedecksand über *Geschiebelehm, selten Pseudogleye aus Geschiebelehm"
9cRMOK3r8fyh9P39IPRN,11.072703930347943,52.36952578519192,7,392606,"06 SS-BB, SS-BB-LF: p-ls/g-l; SSn: p-l/g-l","Vorherrschend *Pseudogley-Braunerden bis *Pseudogley-Braunerde-Fahlerden aus *Geschiebedecksand über *Geschiebelehm, selten Pseudogleye aus Geschiebelehm"
B8GsQyOZRxcbQ0Oz1gwU,11.083168558403353,52.341526026099615,1,392603,03 GG-AT: fo-l; fo-u,Vorherrschend *Gley-Tschernitzen aus *Auenlehm bis *Auenschluff
C63w3X4vgN15ySLntdWh,11.056786662304393,52.338991092462855,5,392621,"21 GGn, GGhh, HN-GH : u-l; HNn: og-Hn","Überwiegend *Gleye, gering verbreitet humusreiche Gleye bis Moorgleye aus holozän *umgelagertem *fluviatilem *Lehm, selten Niedermoore"
C63w3X4vgN15ySLntdWh,11.056838791614814,52.340114172500556,5,392630,"30 GNn, GGn, GMn: u-ls,u-l/f-s","Überwiegend *Naßgleye, gering verbreitet Gleye und Anmoorgleye aus holozän *umgelagertem *Sand bis *Lehm über Niederungssand, verbreitet mit abgesenktem Grundwasser"
C63w3X4vgN15ySLntdWh,11.058672359806174,52.34008222750651,5,392630,"30 GNn, GGn, GMn: u-ls,u-l/f-s","Überwiegend *Naßgleye, gering verbreitet Gleye und Anmoorgleye aus holozän *umgelagertem *Sand bis *Lehm über Niederungssand, verbreitet mit abgesenktem Grundwasser"
C63w3X4vgN15ySLntdWh,11.05872453894035,52.34120530600633,5,392630,"30 GNn, GGn, GMn: u-ls,u-l/f-s","Überwiegend *Naßgleye, gering verbreitet Gleye und Anmoorgleye aus holozän *umgelagertem *Sand bis *Lehm über Niederungssand, verbreitet mit abgesenktem Grundwasser"
C63w3X4vgN15ySLntdWh,11.06055815009205,52.34117333128582,5,392630,"30 GNn, GGn, GMn: u-ls,u-l/f-s","Überwiegend *Naßgleye, gering verbreitet Gleye und Anmoorgleye aus holozän *umgelagertem *Sand bis *Lehm über Niederungssand, verbreitet mit abgesenktem Grundwasser"
COv0wiCGWG4JsD0sYEW4,11.038198436870221,52.376922452781386,8,392611,11 BBn: p-ls/fg-s,"Vorherrschend *Braunerden aus *Geschiebedecksand, über glazifluviatilem Sand"
COv0wiCGWG4JsD0sYEW4,11.036415002352017,52.37807718264783,8,392611,11 BBn: p-ls/fg-s,"Vorherrschend *Braunerden aus *Geschiebedecksand, über glazifluviatilem Sand"
COv0wiCGWG4JsD0sYEW4,11.038250165917216,52.37804553860843,8,392611,11 BBn: p-ls/fg-s,"Vorherrschend *Braunerden aus *Geschiebedecksand, über glazifluviatilem Sand"
COv0wiCGWG4JsD0sYEW4,11.036466688305822,52.379200269498966,8,392611,11 BBn: p-ls/fg-s,"Vorherrschend *Braunerden aus *Geschiebedecksand, über glazifluviatilem Sand"
COv0wiCGWG4JsD0sYEW4,11.038301898370452,52.379168624184736,8,392611,11 BBn: p-ls/fg-s,"Vorherrschend *Braunerden aus *Geschiebedecksand, über glazifluviatilem Sand"
COv0wiCGWG4JsD0sYEW4,11.036518377663118,52.38032335609944,8,392611,11 BBn: p-ls/fg-s,"Vorherrschend *Braunerden aus *Geschiebedecksand, über glazifluviatilem Sand"
COv0wiCGWG4JsD0sYEW4,11.038353634230235,52.38029170951034,8,392611,11 BBn: p-ls/fg-s,"Vorherrschend *Braunerden aus *Geschiebedecksand, über glazifluviatilem Sand"
COv0wiCGWG4JsD0sYEW4,11.036570070424197,52.38144644244926,8,392611,11 BBn: p-ls/fg-s,"Vorherrschend *Braunerden aus *Geschiebedecksand, über glazifluviatilem Sand"
CWqLytrVDthrGwd7bXTY,11.051588940476462,52.340034414293555,16,392621,"21 GGn, GGhh, HN-GH : u-l; HNn: og-Hn","Überwiegend *Gleye, gering verbreitet humusreiche Gleye bis Moorgleye aus holozän *umgelagertem *fluviatilem *Lehm, selten Niedermoore"
CWqLytrVDthrGwd7bXTY,11.05342251140497,52.34000255079815,16,392621,"21 GGn, GGhh, HN-GH : u-l; HNn: og-Hn","Überwiegend *Gleye, gering verbreitet humusreiche Gleye bis Moorgleye aus holozän *umgelagertem *fluviatilem *Lehm, selten Niedermoore"
CWqLytrVDthrGwd7bXTY,11.046140067576143,52.34125292148338,16,392606,"06 SS-BB, SS-BB-LF: p-ls/g-l; SSn: p-l/g-l","Vorherrschend *Pseudogley-Braunerden bis *Pseudogley-Braunerde-Fahlerden aus *Geschiebedecksand über *Geschiebelehm, selten Pseudogleye aus Geschiebelehm"
CWqLytrVDthrGwd7bXTY,11.04797369515436,52.34122114202595,16,392606,"06 SS-BB, SS-BB-LF: p-ls/g-l; SSn: p-l/g-l","Vorherrschend *Pseudogley-Braunerden bis *Pseudogley-Braunerde-Fahlerden aus *Geschiebedecksand über *Geschiebelehm, selten Pseudogleye aus Geschiebelehm"
CWqLytrVDthrGwd7bXTY,11.049807319317091,52.341189334127996,16,392606,"06 SS-BB, SS-BB-LF: p-ls/g-l; SSn: p-l/g-l","Vorherrschend *Pseudogley-Braunerden bis *Pseudogley-Braunerde-Fahlerden aus *Geschiebedecksand über *Geschiebelehm, selten Pseudogleye aus Geschiebelehm"
CWqLytrVDthrGwd7bXTY,11.05164094006129,52.34115749778966,16,392630,"30 GNn, GGn, GMn: u-ls,u-l/f-s","Überwiegend *Naßgleye, gering verbreitet Gleye und Anmoorgleye aus holozän *umgelagertem *Sand bis *Lehm über Niederungssand, verbreitet mit abgesenktem Grundwasser"
CWqLytrVDthrGwd7bXTY,11.053474557383913,52.34112563301105,16,392630,"30 GNn, GGn, GMn: u-ls,u-l/f-s","Überwiegend *Naßgleye, gering verbreitet Gleye und Anmoorgleye aus holozän *umgelagertem *Sand bis *Lehm über Niederungssand, verbreitet mit abgesenktem Grundwasser"
CWqLytrVDthrGwd7bXTY,11.04619193138927,52.34237600857123,16,392606,"06 SS-BB, SS-BB-LF: p-ls/g-l; SSn: p-l/g-l","Vorherrschend *Pseudogley-Braunerden bis *Pseudogley-Braunerde-Fahlerden aus *Geschiebedecksand über *Geschiebelehm, selten Pseudogleye aus Geschiebelehm"
CWqLytrVDthrGwd7bXTY,11.048025605365545,52.342344227833955,16,392606,"06 SS-BB, SS-BB-LF: p-ls/g-l; SSn: p-l/g-l","Vorherrschend *Pseudogley-Braunerden bis *Pseudogley-Braunerde-Fahlerden aus *Geschiebedecksand über *Geschiebelehm, selten Pseudogleye aus Geschiebelehm"
CWqLytrVDthrGwd7bXTY,11.049859275926037,52.34231241865501,16,392606,"06 SS-BB, SS-BB-LF: p-ls/g-l; SSn: p-l/g-l","Vorherrschend *Pseudogley-Braunerden bis *Pseudogley-Braunerde-Fahlerden aus *Geschiebedecksand über *Geschiebelehm, selten Pseudogleye aus Geschiebelehm"
CWqLytrVDthrGwd7bXTY,11.051692943067696,52.34228058103455,16,392606,"06 SS-BB, SS-BB-LF: p-ls/g-l; SSn: p-l/g-l","Vorherrschend *Pseudogley-Braunerden bis *Pseudogley-Braunerde-Fahlerden aus *Geschiebedecksand über *Geschiebelehm, selten Pseudogleye aus Geschiebelehm"
CWqLytrVDthrGwd7bXTY,11.048077518992514,52.34346731339087,16,392606,"06 SS-BB, SS-BB-LF: p-ls/g-l; SSn: p-l/g-l","Vorherrschend *Pseudogley-Braunerden bis *Pseudogley-Braunerde-Fahlerden aus *Geschiebedecksand über *Geschiebelehm, selten Pseudogleye aus Geschiebelehm"
CWqLytrVDthrGwd7bXTY,11.049911235953813,52.34343550293087,16,392606,"06 SS-BB, SS-BB-LF: p-ls/g-l; SSn: p-l/g-l","Vorherrschend *Pseudogley-Braunerden bis *Pseudogley-Braunerde-Fahlerden aus *Geschiebedecksand über *Geschiebelehm, selten Pseudogleye aus Geschiebelehm"
CWqLytrVDthrGwd7bXTY,11.051744949495982,52.343403664028216,16,392606,"06 SS-BB, SS-BB-LF: p-ls/g-l; SSn: p-l/g-l","Vorherrschend *Pseudogley-Braunerden bis *Pseudogley-Braunerde-Fahlerden aus *Geschiebedecksand über *Geschiebelehm, selten Pseudogleye aus Geschiebelehm"
CWqLytrVDthrGwd7bXTY,11.04996319940072,52.344558586955586,16,392606,"06 SS-BB, SS-BB-LF: p-ls/g-l; SSn: p-l/g-l","Vorherrschend *Pseudogley-Braunerden bis *Pseudogley-Braunerde-Fahlerden aus *Geschiebedecksand über *Geschiebelehm, selten Pseudogleye aus Geschiebelehm"
CWqLytrVDthrGwd7bXTY,11.051796959346442,52.34452674677067,16,392606,"06 SS-BB, SS-BB-LF: p-ls/g-l; SSn: p-l/g-l","Vorherrschend *Pseudogley-Braunerden bis *Pseudogley-Braunerde-Fahlerden aus *Geschiebedecksand über *Geschiebelehm, selten Pseudogleye aus Geschiebelehm"
Dv81H1bYj7y0UjXICYs6,11.06684733096338,52.36014528697203,1,392603,03 GG-AT: fo-l; fo-u,Vorherrschend *Gley-Tschernitzen aus *Auenlehm bis *Auenschluff
FEoX6rOUBNzOxytqKgyG,11.071249655144502,52.35131462168471,1,392603,03 GG-AT: fo-l; fo-u,Vorherrschend *Gley-Tschernitzen aus *Auenlehm bis *Auenschluff
FzvWonz6fmJVLZRzMyZX,11.044100278610662,52.361353201501515,2,392611,11 BBn: p-ls/fg-s,"Vorherrschend *Braunerden aus *Geschiebedecksand, über glazifluviatilem Sand"
FzvWonz6fmJVLZRzMyZX,11.04415212828164,52.36247628617681,2,392611,11 BBn: p-ls/fg-s,"Vorherrschend *Braunerden aus *Geschiebedecksand, über glazifluviatilem Sand"
HXEGnhPKFWCC6Hny8lkP,11.040848566643986,52.37894462694347,19,392611,11 BBn: p-ls/fg-s,"Vorherrschend *Braunerden aus *Geschiebedecksand, über glazifluviatilem Sand"
HXEGnhPKFWCC6Hny8lkP,11.042683761106126,52.378912913705,19,392611,11 BBn: p-ls/fg-s,"Vorherrschend *Braunerden aus *Geschiebedecksand, über glazifluviatilem Sand"
HXEGnhPKFWCC6Hny8lkP,11.040900366697466,52.38006771053243,19,392611,11 BBn: p-ls/fg-s,"Vorherrschend *Braunerden aus *Geschiebedecksand, über glazifluviatilem Sand"
HXEGnhPKFWCC6Hny8lkP,11.04273560766089,52.38003599601635,19,392611,11 BBn: p-ls/fg-s,"Vorherrschend *Braunerden aus *Geschiebedecksand, über glazifluviatilem Sand"
HXEGnhPKFWCC6Hny8lkP,11.03911687928288,52.38122248118268,19,392611,11 BBn: p-ls/fg-s,"Vorherrschend *Braunerden aus *Geschiebedecksand, über glazifluviatilem Sand"
HXEGnhPKFWCC6Hny8lkP,11.040952170161992,52.38119079387059,19,392611,11 BBn: p-ls/fg-s,"Vorherrschend *Braunerden aus *Geschiebedecksand, über glazifluviatilem Sand"
HXEGnhPKFWCC6Hny8lkP,11.042787457629759,52.38115907807683,19,392611,11 BBn: p-ls/fg-s,"Vorherrschend *Braunerden aus *Geschiebedecksand, über glazifluviatilem Sand"
HXEGnhPKFWCC6Hny8lkP,11.039168639651063,52.38234556554662,19,392611,11 BBn: p-ls/fg-s,"Vorherrschend *Braunerden aus *Geschiebedecksand, über glazifluviatilem Sand"
HXEGnhPKFWCC6Hny8lkP,11.041003977037871,52.38231387695792,19,392611,11 BBn: p-ls/fg-s,"Vorherrschend *Braunerden aus *Geschiebedecksand, über glazifluviatilem Sand"
HXEGnhPKFWCC6Hny8lkP,11.042839311013035,52.3822821598864,19,392611,11 BBn: p-ls/fg-s,"Vorherrschend *Braunerden aus *Geschiebedecksand, über glazifluviatilem Sand"
HXEGnhPKFWCC6Hny8lkP,11.039220403427839,52.383468649659804,19,392611,11 BBn: p-ls/fg-s,"Vorherrschend *Braunerden aus *Geschiebedecksand, über glazifluviatilem Sand"
HXEGnhPKFWCC6Hny8lkP,11.0410557873254,52.383436959794444,19,392611,11 BBn: p-ls/fg-s,"Vorherrschend *Braunerden aus *Geschiebedecksand, über glazifluviatilem Sand"
HXEGnhPKFWCC6Hny8lkP,11.042891167811014,52.38340524144511,19,392611,11 BBn: p-ls/fg-s,"Vorherrschend *Braunerden aus *Geschiebedecksand, über glazifluviatilem Sand"
HXEGnhPKFWCC6Hny8lkP,11.037436736792944,52.3846233961791,19,392611,11 BBn: p-ls/fg-s,"Vorherrschend *Braunerden aus *Geschiebedecksand, über glazifluviatilem Sand"
HXEGnhPKFWCC6Hny8lkP,11.039272170613504,52.38459173352224,19,392611,11 BBn: p-ls/fg-s,"Vorherrschend *Braunerden aus *Geschiebedecksand, über glazifluviatilem Sand"
HXEGnhPKFWCC6Hny8lkP,11.041107601024876,52.38456004238015,19,392611,11 BBn: p-ls/fg-s,"Vorherrschend *Braunerden aus *Geschiebedecksand, über glazifluviatilem Sand"
HXEGnhPKFWCC6Hny8lkP,11.042943028024,52.38452832275295,19,392611,11 BBn: p-ls/fg-s,"Vorherrschend *Braunerden aus *Geschiebedecksand, über glazifluviatilem Sand"
HXEGnhPKFWCC6Hny8lkP,11.041159418136598,52.38568312471503,19,392611,11 BBn: p-ls/fg-s,"Vorherrschend *Braunerden aus *Geschiebedecksand, über glazifluviatilem Sand"
HXEGnhPKFWCC6Hny8lkP,11.042994891652288,52.38565140380989,19,392611,11 BBn: p-ls/fg-s,"Vorherrschend *Braunerden aus *Geschiebedecksand, über glazifluviatilem Sand"
Hg95tRlOaZmzxET3q3UO,11.055454838660413,52.340168206172265,5,392630,"30 GNn, GGn, GMn: u-ls,u-l/f-s","Überwiegend *Naßgleye, gering verbreitet Gleye und Anmoorgleye aus holozän *umgelagertem *Sand bis *Lehm über Niederungssand, verbreitet mit abgesenktem Grundwasser"
Hg95tRlOaZmzxET3q3UO,11.053673314598505,52.341323183309996,5,392630,"30 GNn, GGn, GMn: u-ls,u-l/f-s","Überwiegend *Naßgleye, gering verbreitet Gleye und Anmoorgleye aus holozän *umgelagertem *Sand bis *Lehm über Niederungssand, verbreitet mit abgesenktem Grundwasser"
Hg95tRlOaZmzxET3q3UO,11.053725369408319,52.34244626509402,5,392630,"30 GNn, GGn, GMn: u-ls,u-l/f-s","Überwiegend *Naßgleye, gering verbreitet Gleye und Anmoorgleye aus holozän *umgelagertem *Sand bis *Lehm über Niederungssand, verbreitet mit abgesenktem Grundwasser"
Hg95tRlOaZmzxET3q3UO,11.053777427643425,52.343569346626765,5,392630,"30 GNn, GGn, GMn: u-ls,u-l/f-s","Überwiegend *Naßgleye, gering verbreitet Gleye und Anmoorgleye aus holozän *umgelagertem *Sand bis *Lehm über Niederungssand, verbreitet mit abgesenktem Grundwasser"
Hg95tRlOaZmzxET3q3UO,11.053829489304123,52.34469242790821,5,392630,"30 GNn, GGn, GMn: u-ls,u-l/f-s","Überwiegend *Naßgleye, gering verbreitet Gleye und Anmoorgleye aus holozän *umgelagertem *Sand bis *Lehm über Niederungssand, verbreitet mit abgesenktem Grundwasser"
Hk3aYz9j56wbQD4u3rAC,11.048287026901965,52.34512780142592,19,392606,"06 SS-BB, SS-BB-LF: p-ls/g-l; SSn: p-l/g-l","Vorherrschend *Pseudogley-Braunerden bis *Pseudogley-Braunerde-Fahlerden aus *Geschiebedecksand über *Geschiebelehm, selten Pseudogleye aus Geschiebelehm"
Hk3aYz9j56wbQD4u3rAC,11.050120812320511,52.345095987011725,19,392606,"06 SS-BB, SS-BB-LF: p-ls/g-l; SSn: p-l/g-l","Vorherrschend *Pseudogley-Braunerden bis *Pseudogley-Braunerde-Fahlerden aus *Geschiebedecksand über *Geschiebelehm, selten Pseudogleye aus Geschiebelehm"
Hk3aYz9j56wbQD4u3rAC,11.051954594319263,52.34506414415316,19,392606,"06 SS-BB, SS-BB-LF: p-ls/g-l; SSn: p-l/g-l","Vorherrschend *Pseudogley-Braunerden bis *Pseudogley-Braunerde-Fahlerden aus *Geschiebedecksand über *Geschiebelehm, selten Pseudogleye aus Geschiebelehm"
Hk3aYz9j56wbQD4u3rAC,11.053788372895172,52.345032272850375,19,392630,"30 GNn, GGn, GMn: u-ls,u-l/f-s","Überwiegend *Naßgleye, gering verbreitet Gleye und Anmoorgleye aus holozän *umgelagertem *Sand bis *Lehm über Niederungssand, verbreitet mit abgesenktem Grundwasser"
Hk3aYz9j56wbQD4u3rAC,11.046505117116126,52.3462826735172,19,392611,11 BBn: p-ls/fg-s,"Vorherrschend *Braunerden aus *Geschiebedecksand, über glazifluviatilem Sand"
Hk3aYz9j56wbQD4u3rAC,11.048338952360062,52.34625088626734,19,392611,11 BBn: p-ls/fg-s,"Vorherrschend *Braunerden aus *Geschiebedecksand, über glazifluviatilem Sand"
Hk3aYz9j56wbQD4u3rAC,11.050172784186953,52.34621907057186,19,392606,"06 SS-BB, SS-BB-LF: p-ls/g-l; SSn: p-l/g-l","Vorherrschend *Pseudogley-Braunerden bis *Pseudogley-Braunerde-Fahlerden aus *Geschiebedecksand über *Geschiebelehm, selten Pseudogleye aus Geschiebelehm"
Hk3aYz9j56wbQD4u3rAC,11.052006612593749,52.34618722643088,19,392606,"06 SS-BB, SS-BB-LF: p-ls/g-l; SSn: p-l/g-l","Vorherrschend *Pseudogley-Braunerden bis *Pseudogley-Braunerde-Fahlerden aus *Geschiebedecksand über *Geschiebelehm, selten Pseudogleye aus Geschiebelehm"
Hk3aYz9j56wbQD4u3rAC,11.053840437577405,52.346155353844495,19,392630,"30 GNn, GGn, GMn: u-ls,u-l/f-s","Überwiegend *Naßgleye, gering verbreitet Gleye und Anmoorgleye aus holozän *umgelagertem *Sand bis *Lehm über Niederungssand, verbreitet mit abgesenktem Grundwasser"
Hk3aYz9j56wbQD4u3rAC,11.046556999579575,52.347405759387755,19,392611,11 BBn: p-ls/fg-s,"Vorherrschend *Braunerden aus *Geschiebedecksand, über glazifluviatilem Sand"
Hk3aYz9j56wbQD4u3rAC,11.048390881235205,52.34737397085769,19,392611,11 BBn: p-ls/fg-s,"Vorherrschend *Braunerden aus *Geschiebedecksand, über glazifluviatilem Sand"
Hk3aYz9j56wbQD4u3rAC,11.05022475947349,52.347342153880845,19,392611,11 BBn: p-ls/fg-s,"Vorherrschend *Braunerden aus *Geschiebedecksand, über glazifluviatilem Sand"
Hk3aYz9j56wbQD4u3rAC,11.052058634291381,52.34731030845735,19,392611,11 BBn: p-ls/fg-s,"Vorherrschend *Braunerden aus *Geschiebedecksand, über glazifluviatilem Sand"
Hk3aYz9j56wbQD4u3rAC,11.053892505685829,52.34727843458734,19,392630,"30 GNn, GGn, GMn: u-ls,u-l/f-s","Überwiegend *Naßgleye, gering verbreitet Gleye und Anmoorgleye aus holozän *umgelagertem *Sand bis *Lehm über Niederungssand, verbreitet mit abgesenktem Grundwasser"
Hk3aYz9j56wbQD4u3rAC,11.046608885457324,52.34852884500726,19,392611,11 BBn: p-ls/fg-s,"Vorherrschend *Braunerden aus *Geschiebedecksand, über glazifluviatilem Sand"
Hk3aYz9j56wbQD4u3rAC,11.048442813527693,52.348497055196916,19,392611,11 BBn: p-ls/fg-s,"Vorherrschend *Braunerden aus *Geschiebedecksand, über glazifluviatilem Sand"
Hk3aYz9j56wbQD4u3rAC,11.05027673818042,52.34846523693866,19,392611,11 BBn: p-ls/fg-s,"Vorherrschend *Braunerden aus *Geschiebedecksand, über glazifluviatilem Sand"
Hk3aYz9j56wbQD4u3rAC,11.05211065941245,52.3484333902326,19,392611,11 BBn: p-ls/fg-s,"Vorherrschend *Braunerden aus *Geschiebedecksand, über glazifluviatilem Sand"
Hk3aYz9j56wbQD4u3rAC,11.053944577220744,52.348401515078876,19,392630,"30 GNn, GGn, GMn: u-ls,u-l/f-s","Überwiegend *Naßgleye, gering verbreitet Gleye und Anmoorgleye aus holozän *umgelagertem *Sand bis *Lehm über Niederungssand, verbreitet mit abgesenktem Grundwasser"
I7qeeMAEhSlZI8U0T3Bn,11.080687411578829,52.35325838091728,1,392606,"06 SS-BB, SS-BB-LF: p-ls/g-l; SSn: p-l/g-l","Vorherrschend *Pseudogley-Braunerden bis *Pseudogley-Braunerde-Fahlerden aus *Geschiebedecksand über *Geschiebelehm, selten Pseudogleye aus Geschiebelehm"
IB9k26TJNtbVLs5x0i20,11.031928818050451,52.35972510362808,4,392611,11 BBn: p-ls/fg-s,"Vorherrschend *Braunerden aus *Geschiebedecksand, über glazifluviatilem Sand"
IB9k26TJNtbVLs5x0i20,11.03198035609169,52.36084819711257,4,392611,11 BBn: p-ls/fg-s,"Vorherrschend *Braunerden aus *Geschiebedecksand, über glazifluviatilem Sand"
IB9k26TJNtbVLs5x0i20,11.03381481085323,52.360816629155686,4,392611,11 BBn: p-ls/fg-s,"Vorherrschend *Braunerden aus *Geschiebedecksand, über glazifluviatilem Sand"
IB9k26TJNtbVLs5x0i20,11.033866398740022,52.3619397211181,4,392611,11 BBn: p-ls/fg-s,"Vorherrschend *Braunerden aus *Geschiebedecksand, über glazifluviatilem Sand"
IGAaxDTF2gNapWupigxU,11.092060656062518,52.344411328505394,19,392606,"06 SS-BB, SS-BB-LF: p-ls/g-l; SSn: p-l/g-l","Vorherrschend *Pseudogley-Braunerden bis *Pseudogley-Braunerde-Fahlerden aus *Geschiebedecksand über *Geschiebelehm, selten Pseudogleye aus Geschiebelehm"
IGAaxDTF2gNapWupigxU,11.093894361113847,52.34437883510307,19,392606,"06 SS-BB, SS-BB-LF: p-ls/g-l; SSn: p-l/g-l","Vorherrschend *Pseudogley-Braunerden bis *Pseudogley-Braunerde-Fahlerden aus *Geschiebedecksand über *Geschiebelehm, selten Pseudogleye aus Geschiebelehm"
IGAaxDTF2gNapWupigxU,11.095728062672633,52.34434631325927,19,392606,"06 SS-BB, SS-BB-LF: p-ls/g-l; SSn: p-l/g-l","Vorherrschend *Pseudogley-Braunerden bis *Pseudogley-Braunerde-Fahlerden aus *Geschiebedecksand über *Geschiebelehm, selten Pseudogleye aus Geschiebelehm"
IGAaxDTF2gNapWupigxU,11.097561760735825,52.344313762974124,19,392606,"06 SS-BB, SS-BB-LF: p-ls/g-l; SSn: p-l/g-l","Vorherrschend *Pseudogley-Braunerden bis *Pseudogley-Braunerde-Fahlerden aus *Geschiebedecksand über *Geschiebelehm, selten Pseudogleye aus Geschiebelehm"
IGAaxDTF2gNapWupigxU,11.090279934413504,52.345566848707186,19,392606,"06 SS-BB, SS-BB-LF: p-ls/g-l; SSn: p-l/g-l","Vorherrschend *Pseudogley-Braunerden bis *Pseudogley-Braunerde-Fahlerden aus *Geschiebedecksand über *Geschiebelehm, selten Pseudogleye aus Geschiebelehm"
IGAaxDTF2gNapWupigxU,11.0921136893559,52.34553438243901,19,392606,"06 SS-BB, SS-BB-LF: p-ls/g-l; SSn: p-l/g-l","Vorherrschend *Pseudogley-Braunerden bis *Pseudogley-Braunerde-Fahlerden aus *Geschiebedecksand über *Geschiebelehm, selten Pseudogleye aus Geschiebelehm"
IGAaxDTF2gNapWupigxU,11.09394744080849,52.345501887728105,19,392606,"06 SS-BB, SS-BB-LF: p-ls/g-l; SSn: p-l/g-l","Vorherrschend *Pseudogley-Braunerden bis *Pseudogley-Braunerde-Fahlerden aus *Geschiebedecksand über *Geschiebelehm, selten Pseudogleye aus Geschiebelehm"
IGAaxDTF2gNapWupigxU,11.09578118876823,52.345469364574576,19,392606,"06 SS-BB, SS-BB-LF: p-ls/g-l; SSn: p-l/g-l","Vorherrschend *Pseudogley-Braunerden bis *Pseudogley-Braunerde-Fahlerden aus *Geschiebedecksand über *Geschiebelehm, selten Pseudogleye aus Geschiebelehm"
IGAaxDTF2gNapWupigxU,11.097614933232071,52.34543681297855,19,392606,"06 SS-BB, SS-BB-LF: p-ls/g-l; SSn: p-l/g-l","Vorherrschend *Pseudogley-Braunerden bis *Pseudogley-Braunerde-Fahlerden aus *Geschiebedecksand über *Geschiebelehm, selten Pseudogleye aus Geschiebelehm"
IGAaxDTF2gNapWupigxU,11.090332924792074,52.34668990369566,19,392606,"06 SS-BB, SS-BB-LF: p-ls/g-l; SSn: p-l/g-l","Vorherrschend *Pseudogley-Braunerden bis *Pseudogley-Braunerde-Fahlerden aus *Geschiebedecksand über *Geschiebelehm, selten Pseudogleye aus Geschiebelehm"
IGAaxDTF2gNapWupigxU,11.092166726139082,52.34665743611998,19,392606,"06 SS-BB, SS-BB-LF: p-ls/g-l; SSn: p-l/g-l","Vorherrschend *Pseudogley-Braunerden bis *Pseudogley-Braunerde-Fahlerden aus *Geschiebedecksand über *Geschiebelehm, selten Pseudogleye aus Geschiebelehm"
IGAaxDTF2gNapWupigxU,11.094000523995982,52.34662494010041,19,392606,"06 SS-BB, SS-BB-LF: p-ls/g-l; SSn: p-l/g-l","Vorherrschend *Pseudogley-Braunerden bis *Pseudogley-Braunerde-Fahlerden aus *Geschiebedecksand über *Geschiebelehm, selten Pseudogleye aus Geschiebelehm"
IGAaxDTF2gNapWupigxU,11.095834318359723,52.34659241563707,19,392606,"06 SS-BB, SS-BB-LF: p-ls/g-l; SSn: p-l/g-l","Vorherrschend *Pseudogley-Braunerden bis *Pseudogley-Braunerde-Fahlerden aus *Geschiebedecksand über *Geschiebelehm, selten Pseudogleye aus Geschiebelehm"
IGAaxDTF2gNapWupigxU,11.09766810922726,52.3465598627301,19,392606,"06 SS-BB, SS-BB-LF: p-ls/g-l; SSn: p-l/g-l","Vorherrschend *Pseudogley-Braunerden bis *Pseudogley-Braunerde-Fahlerden aus *Geschiebedecksand über *Geschiebelehm, selten Pseudogleye aus Geschiebelehm"
IGAaxDTF2gNapWupigxU,11.094053610676632,52.34774799222,19,392606,"06 SS-BB, SS-BB-LF: p-ls/g-l; SSn: p-l/g-l","Vorherrschend *Pseudogley-Braunerden bis *Pseudogley-Braunerde-Fahlerden aus *Geschiebedecksand über *Geschiebelehm, selten Pseudogleye aus Geschiebelehm"
IGAaxDTF2gNapWupigxU,11.095887451447421,52.3477154664468,19,392606,"06 SS-BB, SS-BB-LF: p-ls/g-l; SSn: p-l/g-l","Vorherrschend *Pseudogley-Braunerden bis *Pseudogley-Braunerde-Fahlerden aus *Geschiebedecksand über *Geschiebelehm, selten Pseudogleye aus Geschiebelehm"
IGAaxDTF2gNapWupigxU,11.097721288721704,52.34768291222881,19,392606,"06 SS-BB, SS-BB-LF: p-ls/g-l; SSn: p-l/g-l","Vorherrschend *Pseudogley-Braunerden bis *Pseudogley-Braunerde-Fahlerden aus *Geschiebedecksand über *Geschiebelehm, selten Pseudogleye aus Geschiebelehm"
IGAaxDTF2gNapWupigxU,11.095940588031631,52.34883851700373,19,392606,"06 SS-BB, SS-BB-LF: p-ls/g-l; SSn: p-l/g-l","Vorherrschend *Pseudogley-Braunerden bis *Pseudogley-Braunerde-Fahlerden aus *Geschiebedecksand über *Geschiebelehm, selten Pseudogleye aus Geschiebelehm"
IGAaxDTF2gNapWupigxU,11.097774471715704,52.34880596147467,19,392606,"06 SS-BB, SS-BB-LF: p-ls/g-l; SSn: p-l/g-l","Vorherrschend *Pseudogley-Braunerden bis *Pseudogley-Braunerde-Fahlerden aus *Geschiebedecksand über *Geschiebelehm, selten Pseudogleye aus Geschiebelehm"
J4h275iDTzfaDB5mKXij,11.060459474931768,52.342733491186124,4,392630,"30 GNn, GGn, GMn: u-ls,u-l/f-s","Überwiegend *Naßgleye, gering verbreitet Gleye und Anmoorgleye aus holozän *umgelagertem *Sand bis *Lehm über Niederungssand, verbreitet mit abgesenktem Grundwasser"
J4h275iDTzfaDB5mKXij,11.060511704331532,52.34385656791823,4,392630,"30 GNn, GGn, GMn: u-ls,u-l/f-s","Überwiegend *Naßgleye, gering verbreitet Gleye und Anmoorgleye aus holozän *umgelagertem *Sand bis *Lehm über Niederungssand, verbreitet mit abgesenktem Grundwasser"
J4h275iDTzfaDB5mKXij,11.062345423098327,52.34382456433578,4,392630,"30 GNn, GGn, GMn: u-ls,u-l/f-s","Überwiegend *Naßgleye, gering verbreitet Gleye und Anmoorgleye aus holozän *umgelagertem *Sand bis *Lehm über Niederungssand, verbreitet mit abgesenktem Grundwasser"
J4h275iDTzfaDB5mKXij,11.060563937168155,52.3449796443988,4,392630,"30 GNn, GGn, GMn: u-ls,u-l/f-s","Überwiegend *Naßgleye, gering verbreitet Gleye und Anmoorgleye aus holozän *umgelagertem *Sand bis *Lehm über Niederungssand, verbreitet mit abgesenktem Grundwasser"
JkAxAL5GaTSXU2ODAuOf,11.09904075503557,52.342557734923666,4,392606,"06 SS-BB, SS-BB-LF: p-ls/g-l; SSn: p-l/g-l","Vorherrschend *Pseudogley-Braunerden bis *Pseudogley-Braunerde-Fahlerden aus *Geschiebedecksand über *Geschiebelehm, selten Pseudogleye aus Geschiebelehm"
JkAxAL5GaTSXU2ODAuOf,11.100874375218918,52.342525134008135,4,392636,"36 BBn, RNn, RQn: p-(z,n)ls/n-+R,+An",Überwiegend *Braunerden und verbreitet Ranker bis Regosole aus skeletthaltigem lehmigem *Sand über *Rhyolit und *Andesit und deren Schutten
JkAxAL5GaTSXU2ODAuOf,11.10270799189846,52.34249250465337,4,392636,"36 BBn, RNn, RQn: p-(z,n)ls/n-+R,+An",Überwiegend *Braunerden und verbreitet Ranker bis Regosole aus skeletthaltigem lehmigem *Sand über *Rhyolit und *Andesit und deren Schutten
JkAxAL5GaTSXU2ODAuOf,11.10454160507115,52.34245984685949,4,392636,"36 BBn, RNn, RQn: p-(z,n)ls/n-+R,+An",Überwiegend *Braunerden und verbreitet Ranker bis Regosole aus skeletthaltigem lehmigem *Sand über *Rhyolit und *Andesit und deren Schutten
Ki5DYxbNODWB78mucar7,11.066579326196694,52.346094824367285,4,392630,"30 GNn, GGn, GMn: u-ls,u-l/f-s","Überwiegend *Naßgleye, gering verbreitet Gleye und Anmoorgleye aus holozän *umgelagertem *Sand bis *Lehm über Niederungssand, verbreitet mit abgesenktem Grundwasser"
Ki5DYxbNODWB78mucar7,11.06479786278442,52.34724996767486,4,392630,"30 GNn, GGn, GMn: u-ls,u-l/f-s","Überwiegend *Naßgleye, gering verbreitet Gleye und Anmoorgleye aus holozän *umgelagertem *Sand bis *Lehm über Niederungssand, verbreitet mit abgesenktem Grundwasser"
Ki5DYxbNODWB78mucar7,11.066631717002616,52.347217896130594,4,392630,"30 GNn, GGn, GMn: u-ls,u-l/f-s","Überwiegend *Naßgleye, gering verbreitet Gleye und Anmoorgleye aus holozän *umgelagertem *Sand bis *Lehm über Niederungssand, verbreitet mit abgesenktem Grundwasser"
Ki5DYxbNODWB78mucar7,11.064850210625847,52.348373040478094,4,392630,"30 GNn, GGn, GMn: u-ls,u-l/f-s","Überwiegend *Naßgleye, gering verbreitet Gleye und Anmoorgleye aus holozän *umgelagertem *Sand bis *Lehm über Niederungssand, verbreitet mit abgesenktem Grundwasser"
MEuXyMsCMrRWoFUz9QK2,11.076416992726939,52.339288261679066,2,392603,03 GG-AT: fo-l; fo-u,Vorherrschend *Gley-Tschernitzen aus *Auenlehm bis *Auenschluff
MEuXyMsCMrRWoFUz9QK2,11.074636058678209,52.34044354906519,2,392603,03 GG-AT: fo-l; fo-u,Vorherrschend *Gley-Tschernitzen aus *Auenlehm bis *Auenschluff
MmEAcGOQCCEq8qosxh56,11.087618709563158,52.340833951166736,18,392606,"06 SS-BB, SS-BB-LF: p-ls/g-l; SSn: p-l/g-l","Vorherrschend *Pseudogley-Braunerden bis *Pseudogley-Braunerde-Fahlerden aus *Geschiebedecksand über *Geschiebelehm, selten Pseudogleye aus Geschiebelehm"
MmEAcGOQCCEq8qosxh56,11.08945227182618,52.340801528238586,18,392606,"06 SS-BB, SS-BB-LF: p-ls/g-l; SSn: p-l/g-l","Vorherrschend *Pseudogley-Braunerden bis *Pseudogley-Braunerde-Fahlerden aus *Geschiebedecksand über *Geschiebelehm, selten Pseudogleye aus Geschiebelehm"
MmEAcGOQCCEq8qosxh56,11.091285830604745,52.3407690768724,18,392606,"06 SS-BB, SS-BB-LF: p-ls/g-l; SSn: p-l/g-l","Vorherrschend *Pseudogley-Braunerden bis *Pseudogley-Braunerde-Fahlerden aus *Geschiebedecksand über *Geschiebelehm, selten Pseudogleye aus Geschiebelehm"
MmEAcGOQCCEq8qosxh56,11.085838011346565,52.34198940475888,18,392606,"06 SS-BB, SS-BB-LF: p-ls/g-l; SSn: p-l/g-l","Vorherrschend *Pseudogley-Braunerden bis *Pseudogley-Braunerde-Fahlerden aus *Geschiebedecksand über *Geschiebelehm, selten Pseudogleye aus Geschiebelehm"
MmEAcGOQCCEq8qosxh56,11.087671623483367,52.341957008964314,18,392606,"06 SS-BB, SS-BB-LF: p-ls/g-l; SSn: p-l/g-l","Vorherrschend *Pseudogley-Braunerden bis *Pseudogley-Braunerde-Fahlerden aus *Geschiebedecksand über *Geschiebelehm, selten Pseudogleye aus Geschiebelehm"
MmEAcGOQCCEq8qosxh56,11.089505232138453,52.34192458473045,18,392606,"06 SS-BB, SS-BB-LF: p-ls/g-l; SSn: p-l/g-l","Vorherrschend *Pseudogley-Braunerden bis *Pseudogley-Braunerde-Fahlerden aus *Geschiebedecksand über *Geschiebelehm, selten Pseudogleye aus Geschiebelehm"
MmEAcGOQCCEq8qosxh56,11.082223554854767,52.3431771724851,18,392603,03 GG-AT: fo-l; fo-u,Vorherrschend *Gley-Tschernitzen aus *Auenlehm bis *Auenschluff
MmEAcGOQCCEq8qosxh56,11.084057220341888,52.3431448322672,18,392606,"06 SS-BB, SS-BB-LF: p-ls/g-l; SSn: p-l/g-l","Vorherrschend *Pseudogley-Braunerden bis *Pseudogley-Braunerde-Fahlerden aus *Geschiebedecksand über *Geschiebelehm, selten Pseudogleye aus Geschiebelehm"
MmEAcGOQCCEq8qosxh56,11.085890882353079,52.34311246360859,18,392606,"06 SS-BB, SS-BB-LF: p-ls/g-l; SSn: p-l/g-l","Vorherrschend *Pseudogley-Braunerden bis *Pseudogley-Braunerde-Fahlerden aus *Geschiebedecksand über *Geschiebelehm, selten Pseudogleye aus Geschiebelehm"
MmEAcGOQCCEq8qosxh56,11.087724540885295,52.343080066509394,18,392606,"06 SS-BB, SS-BB-LF: p-ls/g-l; SSn: p-l/g-l","Vorherrschend *Pseudogley-Braunerden bis *Pseudogley-Braunerde-Fahlerden aus *Geschiebedecksand über *Geschiebelehm, selten Pseudogleye aus Geschiebelehm"
MmEAcGOQCCEq8qosxh56,11.089558195935487,52.34304764096974,18,392606,"06 SS-BB, SS-BB-LF: p-ls/g-l; SSn: p-l/g-l","Vorherrschend *Pseudogley-Braunerden bis *Pseudogley-Braunerde-Fahlerden aus *Geschiebedecksand über *Geschiebelehm, selten Pseudogleye aus Geschiebelehm"
MmEAcGOQCCEq8qosxh56,11.084110048428611,52.34426789216805,18,392606,"06 SS-BB, SS-BB-LF: p-ls/g-l; SSn: p-l/g-l","Vorherrschend *Pseudogley-Braunerden bis *Pseudogley-Braunerde-Fahlerden aus *Geschiebedecksand über *Geschiebelehm, selten Pseudogleye aus Geschiebelehm"
MmEAcGOQCCEq8qosxh56,11.085943756838565,52.34423552220587,18,392606,"06 SS-BB, SS-BB-LF: p-ls/g-l; SSn: p-l/g-l","Vorherrschend *Pseudogley-Braunerden bis *Pseudogley-Braunerde-Fahlerden aus *Geschiebedecksand über *Geschiebelehm, selten Pseudogleye aus Geschiebelehm"
MmEAcGOQCCEq8qosxh56,11.087777461769244,52.34420312380198,18,392606,"06 SS-BB, SS-BB-LF: p-ls/g-l; SSn: p-l/g-l","Vorherrschend *Pseudogley-Braunerden bis *Pseudogley-Braunerde-Fahlerden aus *Geschiebedecksand über *Geschiebelehm, selten Pseudogleye aus Geschiebelehm"
MmEAcGOQCCEq8qosxh56,11.089611163217594,52.34417069695648,18,392606,"06 SS-BB, SS-BB-LF: p-ls/g-l; SSn: p-l/g-l","Vorherrschend *Pseudogley-Braunerden bis *Pseudogley-Braunerde-Fahlerden aus *Geschiebedecksand über *Geschiebelehm, selten Pseudogleye aus Geschiebelehm"
MmEAcGOQCCEq8qosxh56,11.084162879991567,52.345390951816505,18,392606,"06 SS-BB, SS-BB-LF: p-ls/g-l; SSn: p-l/g-l","Vorherrschend *Pseudogley-Braunerden bis *Pseudogley-Braunerde-Fahlerden aus *Geschiebedecksand über *Geschiebelehm, selten Pseudogleye aus Geschiebelehm"
MmEAcGOQCCEq8qosxh56,11.085996634803335,52.34535858055072,18,392606,"06 SS-BB, SS-BB-LF: p-ls/g-l; SSn: p-l/g-l","Vorherrschend *Pseudogley-Braunerden bis *Pseudogley-Braunerde-Fahlerden aus *Geschiebedecksand über *Geschiebelehm, selten Pseudogleye aus Geschiebelehm"
MmEAcGOQCCEq8qosxh56,11.087830386135519,52.34532618084205,18,392606,"06 SS-BB, SS-BB-LF: p-ls/g-l; SSn: p-l/g-l","Vorherrschend *Pseudogley-Braunerden bis *Pseudogley-Braunerde-Fahlerden aus *Geschiebedecksand über *Geschiebelehm, selten Pseudogleye aus Geschiebelehm"
MoYIfvnid4wXBDha0wJ3,11.057457555409888,52.37437063711019,1,392603,03 GG-AT: fo-l; fo-u,Vorherrschend *Gley-Tschernitzen aus *Auenlehm bis *Auenschluff
OrZyEaocNnb6dzCesjwJ,11.072504157695429,52.346614098330775,13,392603,03 GG-AT: fo-l; fo-u,Vorherrschend *Gley-Tschernitzen aus *Auenlehm bis *Auenschluff
OrZyEaocNnb6dzCesjwJ,11.072556699622279,52.34773716579417,13,392603,03 GG-AT: fo-l; fo-u,Vorherrschend *Gley-Tschernitzen aus *Auenlehm bis *Auenschluff
OrZyEaocNnb6dzCesjwJ,11.074390565015262,52.34770497363274,13,392603,03 GG-AT: fo-l; fo-u,Vorherrschend *Gley-Tschernitzen aus *Auenlehm bis *Auenschluff
OrZyEaocNnb6dzCesjwJ,11.067107488854424,52.34895664269633,13,392603,03 GG-AT: fo-l; fo-u,Vorherrschend *Gley-Tschernitzen aus *Auenlehm bis *Auenschluff
OrZyEaocNnb6dzCesjwJ,11.068941411024761,52.34892453458006,13,392603,03 GG-AT: fo-l; fo-u,Vorherrschend *Gley-Tschernitzen aus *Auenlehm bis *Auenschluff
OrZyEaocNnb6dzCesjwJ,11.070775329743233,52.34889239801643,13,392603,03 GG-AT: fo-l; fo-u,Vorherrschend *Gley-Tschernitzen aus *Auenlehm bis *Auenschluff
OrZyEaocNnb6dzCesjwJ,11.07260924500679,52.348860233005595,13,392603,03 GG-AT: fo-l; fo-u,Vorherrschend *Gley-Tschernitzen aus *Auenlehm bis *Auenschluff
OrZyEaocNnb6dzCesjwJ,11.067159898448118,52.350079713538676,13,392603,03 GG-AT: fo-l; fo-u,Vorherrschend *Gley-Tschernitzen aus *Auenlehm bis *Auenschluff
OrZyEaocNnb6dzCesjwJ,11.068993867035019,52.350047604129266,13,392603,03 GG-AT: fo-l; fo-u,Vorherrschend *Gley-Tschernitzen aus *Auenlehm bis *Auenschluff
OrZyEaocNnb6dzCesjwJ,11.07082783216975,52.35001546627135,13,392603,03 GG-AT: fo-l; fo-u,Vorherrschend *Gley-Tschernitzen aus *Auenlehm bis *Auenschluff
OrZyEaocNnb6dzCesjwJ,11.072661793849264,52.349983299965075,13,392603,03 GG-AT: fo-l; fo-u,Vorherrschend *Gley-Tschernitzen aus *Auenlehm bis *Auenschluff
OrZyEaocNnb6dzCesjwJ,11.070880338051486,52.35113853427438,13,392603,03 GG-AT: fo-l; fo-u,Vorherrschend *Gley-Tschernitzen aus *Auenlehm bis *Auenschluff
OrZyEaocNnb6dzCesjwJ,11.072714346150006,52.35110636667259,13,392603,03 GG-AT: fo-l; fo-u,Vorherrschend *Gley-Tschernitzen aus *Auenlehm bis *Auenschluff
Pv7O96OKDuH6pTqbu6TT,11.059026071572944,52.3496515577979,9,392630,"30 GNn, GGn, GMn: u-ls,u-l/f-s","Überwiegend *Naßgleye, gering verbreitet Gleye und Anmoorgleye aus holozän *umgelagertem *Sand bis *Lehm über Niederungssand, verbreitet mit abgesenktem Grundwasser"
Pv7O96OKDuH6pTqbu6TT,11.059078277665101,52.35077463421919,9,392630,"30 GNn, GGn, GMn: u-ls,u-l/f-s","Überwiegend *Naßgleye, gering verbreitet Gleye und Anmoorgleye aus holozän *umgelagertem *Sand bis *Lehm über Niederungssand, verbreitet mit abgesenktem Grundwasser"
Pv7O96OKDuH6pTqbu6TT,11.05913048719305,52.35189771038901,9,392630,"30 GNn, GGn, GMn: u-ls,u-l/f-s","Überwiegend *Naßgleye, gering verbreitet Gleye und Anmoorgleye aus holozän *umgelagertem *Sand bis *Lehm über Niederungssand, verbreitet mit abgesenktem Grundwasser"
Pv7O96OKDuH6pTqbu6TT,11.060964540296952,52.35186572481856,9,392630,"30 GNn, GGn, GMn: u-ls,u-l/f-s","Überwiegend *Naßgleye, gering verbreitet Gleye und Anmoorgleye aus holozän *umgelagertem *Sand bis *Lehm über Niederungssand, verbreitet mit abgesenktem Grundwasser"
Pv7O96OKDuH6pTqbu6TT,11.06101679968649,52.352988799448646,9,392630,"30 GNn, GGn, GMn: u-ls,u-l/f-s","Überwiegend *Naßgleye, gering verbreitet Gleye und Anmoorgleye aus holozän *umgelagertem *Sand bis *Lehm über Niederungssand, verbreitet mit abgesenktem Grundwasser"
Pv7O96OKDuH6pTqbu6TT,11.061069062515474,52.354111873827186,9,392630,"30 GNn, GGn, GMn: u-ls,u-l/f-s","Überwiegend *Naßgleye, gering verbreitet Gleye und Anmoorgleye aus holozän *umgelagertem *Sand bis *Lehm über Niederungssand, verbreitet mit abgesenktem Grundwasser"
Pv7O96OKDuH6pTqbu6TT,11.06290320503367,52.35407985722713,9,392630,"30 GNn, GGn, GMn: u-ls,u-l/f-s","Überwiegend *Naßgleye, gering verbreitet Gleye und Anmoorgleye aus holozän *umgelagertem *Sand bis *Lehm über Niederungssand, verbreitet mit abgesenktem Grundwasser"
Pv7O96OKDuH6pTqbu6TT,11.061121328784202,52.35523494795419,9,392630,"30 GNn, GGn, GMn: u-ls,u-l/f-s","Überwiegend *Naßgleye, gering verbreitet Gleye und Anmoorgleye aus holozän *umgelagertem *Sand bis *Lehm über Niederungssand, verbreitet mit abgesenktem Grundwasser"
Pv7O96OKDuH6pTqbu6TT,11.061173598492976,52.35635802182964,9,392630,"30 GNn, GGn, GMn: u-ls,u-l/f-s","Überwiegend *Naßgleye, gering verbreitet Gleye und Anmoorgleye aus holozän *umgelagertem *Sand bis *Lehm über Niederungssand, verbreitet mit abgesenktem Grundwasser"
QHOlQ6hep3oeVCNc1g02,11.050681706980038,52.34889021235565,1,392611,11 BBn: p-ls/fg-s,"Vorherrschend *Braunerden aus *Geschiebedecksand, über glazifluviatilem Sand"
SEHa2ajk36SOAbNqgUET,11.025938799075002,52.38936521703776,1,392611,11 BBn: p-ls/fg-s,"Vorherrschend *Braunerden aus *Geschiebedecksand, über glazifluviatilem Sand"
SEo2xyfcqiAjoec8ZXXa,11.083994869246022,52.347106702153994,34,392606,"06 SS-BB, SS-BB-LF: p-ls/g-l; SSn: p-l/g-l","Vorherrschend *Pseudogley-Braunerden bis *Pseudogley-Braunerde-Fahlerden aus *Geschiebedecksand über *Geschiebelehm, selten Pseudogleye aus Geschiebelehm"
SEo2xyfcqiAjoec8ZXXa,11.085828695244079,52.34707433275644,34,392606,"06 SS-BB, SS-BB-LF: p-ls/g-l; SSn: p-l/g-l","Vorherrschend *Pseudogley-Braunerden bis *Pseudogley-Braunerde-Fahlerden aus *Geschiebedecksand über *Geschiebelehm, selten Pseudogleye aus Geschiebelehm"
SEo2xyfcqiAjoec8ZXXa,11.0876625177625,52.347041934914245,34,392606,"06 SS-BB, SS-BB-LF: p-ls/g-l; SSn: p-l/g-l","Vorherrschend *Pseudogley-Braunerden bis *Pseudogley-Braunerde-Fahlerden aus *Geschiebedecksand über *Geschiebelehm, selten Pseudogleye aus Geschiebelehm"
SEo2xyfcqiAjoec8ZXXa,11.08949633679824,52.347009508627565,34,392606,"06 SS-BB, SS-BB-LF: p-ls/g-l; SSn: p-l/g-l","Vorherrschend *Pseudogley-Braunerden bis *Pseudogley-Braunerde-Fahlerden aus *Geschiebedecksand über *Geschiebelehm, selten Pseudogleye aus Geschiebelehm"
SEo2xyfcqiAjoec8ZXXa,11.08404770329425,52.34822976134211,34,392606,"06 SS-BB, SS-BB-LF: p-ls/g-l; SSn: p-l/g-l","Vorherrschend *Pseudogley-Braunerden bis *Pseudogley-Braunerde-Fahlerden aus *Geschiebedecksand über *Geschiebelehm, selten Pseudogleye aus Geschiebelehm"
SEo2xyfcqiAjoec8ZXXa,11.085881575701851,52.34819739064091,34,392606,"06 SS-BB, SS-BB-LF: p-ls/g-l; SSn: p-l/g-l","Vorherrschend *Pseudogley-Braunerden bis *Pseudogley-Braunerde-Fahlerden aus *Geschiebedecksand über *Geschiebelehm, selten Pseudogleye aus Geschiebelehm"
SEo2xyfcqiAjoec8ZXXa,11.087715444629513,52.348164991493945,34,392606,"06 SS-BB, SS-BB-LF: p-ls/g-l; SSn: p-l/g-l","Vorherrschend *Pseudogley-Braunerden bis *Pseudogley-Braunerde-Fahlerden aus *Geschiebedecksand über *Geschiebelehm, selten Pseudogleye aus Geschiebelehm"
SEo2xyfcqiAjoec8ZXXa,11.089549310074188,52.348132563901345,34,392606,"06 SS-BB, SS-BB-LF: p-ls/g-l; SSn: p-l/g-l","Vorherrschend *Pseudogley-Braunerden bis *Pseudogley-Braunerde-Fahlerden aus *Geschiebedecksand über *Geschiebelehm, selten Pseudogleye aus Geschiebelehm"
SEo2xyfcqiAjoec8ZXXa,11.091383172032824,52.34810010786321,34,392606,"06 SS-BB, SS-BB-LF: p-ls/g-l; SSn: p-l/g-l","Vorherrschend *Pseudogley-Braunerden bis *Pseudogley-Braunerde-Fahlerden aus *Geschiebedecksand über *Geschiebelehm, selten Pseudogleye aus Geschiebelehm"
SEo2xyfcqiAjoec8ZXXa,11.085934459639565,52.34932044827296,34,392606,"06 SS-BB, SS-BB-LF: p-ls/g-l; SSn: p-l/g-l","Vorherrschend *Pseudogley-Braunerden bis *Pseudogley-Braunerde-Fahlerden aus *Geschiebedecksand über *Geschiebelehm, selten Pseudogleye aus Geschiebelehm"
SEo2xyfcqiAjoec8ZXXa,11.087768374979516,52.34928804782116,34,392606,"06 SS-BB, SS-BB-LF: p-ls/g-l; SSn: p-l/g-l","Vorherrschend *Pseudogley-Braunerden bis *Pseudogley-Braunerde-Fahlerden aus *Geschiebedecksand über *Geschiebelehm, selten Pseudogleye aus Geschiebelehm"
SEo2xyfcqiAjoec8ZXXa,11.089602286836172,52.349255618922555,34,392606,"06 SS-BB, SS-BB-LF: p-ls/g-l; SSn: p-l/g-l","Vorherrschend *Pseudogley-Braunerden bis *Pseudogley-Braunerde-Fahlerden aus *Geschiebedecksand über *Geschiebelehm, selten Pseudogleye aus Geschiebelehm"
SEo2xyfcqiAjoec8ZXXa,11.091436195206487,52.34922316157729,34,392606,"06 SS-BB, SS-BB-LF: p-ls/g-l; SSn: p-l/g-l","Vorherrschend *Pseudogley-Braunerden bis *Pseudogley-Braunerde-Fahlerden aus *Geschiebedecksand über *Geschiebelehm, selten Pseudogleye aus Geschiebelehm"
SEo2xyfcqiAjoec8ZXXa,11.09327010008741,52.349190675785486,34,392606,"06 SS-BB, SS-BB-LF: p-ls/g-l; SSn: p-l/g-l","Vorherrschend *Pseudogley-Braunerden bis *Pseudogley-Braunerde-Fahlerden aus *Geschiebedecksand über *Geschiebelehm, selten Pseudogleye aus Geschiebelehm"
SEo2xyfcqiAjoec8ZXXa,11.0951040014759,52.349158161547244,34,392606,"06 SS-BB, SS-BB-LF: p-ls/g-l; SSn: p-l/g-l","Vorherrschend *Pseudogley-Braunerden bis *Pseudogley-Braunerde-Fahlerden aus *Geschiebedecksand über *Geschiebelehm, selten Pseudogleye aus Geschiebelehm"
SEo2xyfcqiAjoec8ZXXa,11.087821308812812,52.35041110389587,34,392606,"06 SS-BB, SS-BB-LF: p-ls/g-l; SSn: p-l/g-l","Vorherrschend *Pseudogley-Braunerden bis *Pseudogley-Braunerde-Fahlerden aus *Geschiebedecksand über *Geschiebelehm, selten Pseudogleye aus Geschiebelehm"
SEo2xyfcqiAjoec8ZXXa,11.089655267084499,52.35037867369121,34,392606,"06 SS-BB, SS-BB-LF: p-ls/g-l; SSn: p-l/g-l","Vorherrschend *Pseudogley-Braunerden bis *Pseudogley-Braunerde-Fahlerden aus *Geschiebedecksand über *Geschiebelehm, selten Pseudogleye aus Geschiebelehm"
SEo2xyfcqiAjoec8ZXXa,11.091489221869539,52.35034621503875,34,392606,"06 SS-BB, SS-BB-LF: p-ls/g-l; SSn: p-l/g-l","Vorherrschend *Pseudogley-Braunerden bis *Pseudogley-Braunerde-Fahlerden aus *Geschiebedecksand über *Geschiebelehm, selten Pseudogleye aus Geschiebelehm"
SEo2xyfcqiAjoec8ZXXa,11.093323173164883,52.35031372793859,34,392606,"06 SS-BB, SS-BB-LF: p-ls/g-l; SSn: p-l/g-l","Vorherrschend *Pseudogley-Braunerden bis *Pseudogley-Braunerde-Fahlerden aus *Geschiebedecksand über *Geschiebelehm, selten Pseudogleye aus Geschiebelehm"
SEo2xyfcqiAjoec8ZXXa,11.095157120967485,52.35028121239087,34,392606,"06 SS-BB, SS-BB-LF: p-ls/g-l; SSn: p-l/g-l","Vorherrschend *Pseudogley-Braunerden bis *Pseudogley-Braunerde-Fahlerden aus *Geschiebedecksand über *Geschiebelehm, selten Pseudogleye aus Geschiebelehm"
SEo2xyfcqiAjoec8ZXXa,11.096991065274295,52.35024866839571,34,392606,"06 SS-BB, SS-BB-LF: p-ls/g-l; SSn: p-l/g-l","Vorherrschend *Pseudogley-Braunerden bis *Pseudogley-Braunerde-Fahlerden aus *Geschiebedecksand über *Geschiebelehm, selten Pseudogleye aus Geschiebelehm"
SEo2xyfcqiAjoec8ZXXa,11.087874246129706,52.35153415971807,34,392606,"06 SS-BB, SS-BB-LF: p-ls/g-l; SSn: p-l/g-l","Vorherrschend *Pseudogley-Braunerden bis *Pseudogley-Braunerde-Fahlerden aus *Geschiebedecksand über *Geschiebelehm, selten Pseudogleye aus Geschiebelehm"
SEo2xyfcqiAjoec8ZXXa,11.089708250819472,52.35150172820729,34,392606,"06 SS-BB, SS-BB-LF: p-ls/g-l; SSn: p-l/g-l","Vorherrschend *Pseudogley-Braunerden bis *Pseudogley-Braunerde-Fahlerden aus *Geschiebedecksand über *Geschiebelehm, selten Pseudogleye aus Geschiebelehm"
SEo2xyfcqiAjoec8ZXXa,11.091542252022286,52.35146926824756,34,392606,"06 SS-BB, SS-BB-LF: p-ls/g-l; SSn: p-l/g-l","Vorherrschend *Pseudogley-Braunerden bis *Pseudogley-Braunerde-Fahlerden aus *Geschiebedecksand über *Geschiebelehm, selten Pseudogleye aus Geschiebelehm"
SEo2xyfcqiAjoec8ZXXa,11.093376249735098,52.351436779839,34,392606,"06 SS-BB, SS-BB-LF: p-ls/g-l; SSn: p-l/g-l","Vorherrschend *Pseudogley-Braunerden bis *Pseudogley-Braunerde-Fahlerden aus *Geschiebedecksand über *Geschiebelehm, selten Pseudogleye aus Geschiebelehm"
SEo2xyfcqiAjoec8ZXXa,11.095210243954861,52.351404262981724,34,392606,"06 SS-BB, SS-BB-LF: p-ls/g-l; SSn: p-l/g-l","Vorherrschend *Pseudogley-Braunerden bis *Pseudogley-Braunerde-Fahlerden aus *Geschiebedecksand über *Geschiebelehm, selten Pseudogleye aus Geschiebelehm"
SEo2xyfcqiAjoec8ZXXa,11.097044234678526,52.351371717675875,34,392606,"06 SS-BB, SS-BB-LF: p-ls/g-l; SSn: p-l/g-l","Vorherrschend *Pseudogley-Braunerden bis *Pseudogley-Braunerde-Fahlerden aus *Geschiebedecksand über *Geschiebelehm, selten Pseudogleye aus Geschiebelehm"
SEo2xyfcqiAjoec8ZXXa,11.0897612380414,52.35262478247082,34,392606,"06 SS-BB, SS-BB-LF: p-ls/g-l; SSn: p-l/g-l","Vorherrschend *Pseudogley-Braunerden bis *Pseudogley-Braunerde-Fahlerden aus *Geschiebedecksand über *Geschiebelehm, selten Pseudogleye aus Geschiebelehm"
SEo2xyfcqiAjoec8ZXXa,11.091595285665033,52.35259232120375,34,392606,"06 SS-BB, SS-BB-LF: p-ls/g-l; SSn: p-l/g-l","Vorherrschend *Pseudogley-Braunerden bis *Pseudogley-Braunerde-Fahlerden aus *Geschiebedecksand über *Geschiebelehm, selten Pseudogleye aus Geschiebelehm"
SEo2xyfcqiAjoec8ZXXa,11.093429329798361,52.35255983148671,34,392606,"06 SS-BB, SS-BB-LF: p-ls/g-l; SSn: p-l/g-l","Vorherrschend *Pseudogley-Braunerden bis *Pseudogley-Braunerde-Fahlerden aus *Geschiebedecksand über *Geschiebelehm, selten Pseudogleye aus Geschiebelehm"
SEo2xyfcqiAjoec8ZXXa,11.095263370438335,52.35252731331982,34,392606,"06 SS-BB, SS-BB-LF: p-ls/g-l; SSn: p-l/g-l","Vorherrschend *Pseudogley-Braunerden bis *Pseudogley-Braunerde-Fahlerden aus *Geschiebedecksand über *Geschiebelehm, selten Pseudogleye aus Geschiebelehm"
SEo2xyfcqiAjoec8ZXXa,11.08981422875058,52.35374783648176,34,392606,"06 SS-BB, SS-BB-LF: p-ls/g-l; SSn: p-l/g-l","Vorherrschend *Pseudogley-Braunerden bis *Pseudogley-Braunerde-Fahlerden aus *Geschiebedecksand über *Geschiebelehm, selten Pseudogleye aus Geschiebelehm"
SEo2xyfcqiAjoec8ZXXa,11.091648322798086,52.35371537390729,34,392606,"06 SS-BB, SS-BB-LF: p-ls/g-l; SSn: p-l/g-l","Vorherrschend *Pseudogley-Braunerden bis *Pseudogley-Braunerde-Fahlerden aus *Geschiebedecksand über *Geschiebelehm, selten Pseudogleye aus Geschiebelehm"
SEo2xyfcqiAjoec8ZXXa,11.09348241335498,52.353682882881714,34,392606,"06 SS-BB, SS-BB-LF: p-ls/g-l; SSn: p-l/g-l","Vorherrschend *Pseudogley-Braunerden bis *Pseudogley-Braunerde-Fahlerden aus *Geschiebedecksand über *Geschiebelehm, selten Pseudogleye aus Geschiebelehm"
TkoVKpTSKqZkgFLhnPZi,11.112407030103812,52.315412799049646,1,392637,"37 BBn, SS-BB, SSn, LFn: p-sö,p-(z,n)sö,p-(z,n)ls/c-(z,n)t(^t)","Überwiegend *Braunerden und verbreitet Pseudogley-Braunerden, selten Pseudogleye und Fahlerden aus *Sandlöss bis skeletthaltigem lehmigem *Sand über *Tonsteinzersatz"
UF9K8gJ5QIQkYgEH1JXd,11.053896565122576,52.3496370172488,3,392630,"30 GNn, GGn, GMn: u-ls,u-l/f-s","Überwiegend *Naßgleye, gering verbreitet Gleye und Anmoorgleye aus holozän *umgelagertem *Sand bis *Lehm über Niederungssand, verbreitet mit abgesenktem Grundwasser"
UF9K8gJ5QIQkYgEH1JXd,11.053948641185725,52.350760097286695,3,392611,11 BBn: p-ls/fg-s,"Vorherrschend *Braunerden aus *Geschiebedecksand, über glazifluviatilem Sand"
UF9K8gJ5QIQkYgEH1JXd,11.054000720676122,52.35188317707329,3,392611,11 BBn: p-ls/fg-s,"Vorherrschend *Braunerden aus *Geschiebedecksand, über glazifluviatilem Sand"
Uo81jMnyjQFDp7IT4Acu,11.056717977049217,52.36661245249557,3,392611,11 BBn: p-ls/fg-s,"Vorherrschend *Braunerden aus *Geschiebedecksand, über glazifluviatilem Sand"
Uo81jMnyjQFDp7IT4Acu,11.05677015652634,52.36773552730263,3,392611,11 BBn: p-ls/fg-s,"Vorherrschend *Braunerden aus *Geschiebedecksand, über glazifluviatilem Sand"
Uo81jMnyjQFDp7IT4Acu,11.056822339438641,52.3688586018583,3,392611,11 BBn: p-ls/fg-s,"Vorherrschend *Braunerden aus *Geschiebedecksand, über glazifluviatilem Sand"
UtEOTzJjrCM7hZfXgKRE,11.063246726722815,52.368161954734596,7,392603,03 GG-AT: fo-l; fo-u,Vorherrschend *Gley-Tschernitzen aus *Auenlehm bis *Auenschluff
UtEOTzJjrCM7hZfXgKRE,11.063299074687777,52.3692850246381,7,392603,03 GG-AT: fo-l; fo-u,Vorherrschend *Gley-Tschernitzen aus *Auenlehm bis *Auenschluff
UtEOTzJjrCM7hZfXgKRE,11.065133843008798,52.369252966959166,7,392603,03 GG-AT: fo-l; fo-u,Vorherrschend *Gley-Tschernitzen aus *Auenlehm bis *Auenschluff
UtEOTzJjrCM7hZfXgKRE,11.063351426099095,52.370408094289985,7,392603,03 GG-AT: fo-l; fo-u,Vorherrschend *Gley-Tschernitzen aus *Auenlehm bis *Auenschluff
UtEOTzJjrCM7hZfXgKRE,11.06518624089246,52.37037603531969,7,392603,03 GG-AT: fo-l; fo-u,Vorherrschend *Gley-Tschernitzen aus *Auenlehm bis *Auenschluff
UtEOTzJjrCM7hZfXgKRE,11.067021052236113,52.370343947879945,7,392603,03 GG-AT: fo-l; fo-u,Vorherrschend *Gley-Tschernitzen aus *Auenlehm bis *Auenschluff
UtEOTzJjrCM7hZfXgKRE,11.067073500044584,52.37146701469623,7,392603,03 GG-AT: fo-l; fo-u,Vorherrschend *Gley-Tschernitzen aus *Auenlehm bis *Auenschluff
W2diHmIiKhR3jK8Xk1vr,11.078780709980816,52.35710852246965,10,392606,"06 SS-BB, SS-BB-LF: p-ls/g-l; SSn: p-l/g-l","Vorherrschend *Pseudogley-Braunerden bis *Pseudogley-Braunerde-Fahlerden aus *Geschiebedecksand über *Geschiebelehm, selten Pseudogleye aus Geschiebelehm"
W2diHmIiKhR3jK8Xk1vr,11.08061495602979,52.35707622969257,10,392606,"06 SS-BB, SS-BB-LF: p-ls/g-l; SSn: p-l/g-l","Vorherrschend *Pseudogley-Braunerden bis *Pseudogley-Braunerde-Fahlerden aus *Geschiebedecksand über *Geschiebelehm, selten Pseudogleye aus Geschiebelehm"
W2diHmIiKhR3jK8Xk1vr,11.076999134936221,52.3582638490856,10,392606,"06 SS-BB, SS-BB-LF: p-ls/g-l; SSn: p-l/g-l","Vorherrschend *Pseudogley-Braunerden bis *Pseudogley-Braunerde-Fahlerden aus *Geschiebedecksand über *Geschiebelehm, selten Pseudogleye aus Geschiebelehm"
W2diHmIiKhR3jK8Xk1vr,11.078833430892695,52.3582315834642,10,392606,"06 SS-BB, SS-BB-LF: p-ls/g-l; SSn: p-l/g-l","Vorherrschend *Pseudogley-Braunerden bis *Pseudogley-Braunerde-Fahlerden aus *Geschiebedecksand über *Geschiebelehm, selten Pseudogleye aus Geschiebelehm"
W2diHmIiKhR3jK8Xk1vr,11.080667723379038,52.35819928938644,10,392606,"06 SS-BB, SS-BB-LF: p-ls/g-l; SSn: p-l/g-l","Vorherrschend *Pseudogley-Braunerden bis *Pseudogley-Braunerde-Fahlerden aus *Geschiebedecksand über *Geschiebelehm, selten Pseudogleye aus Geschiebelehm"
W2diHmIiKhR3jK8Xk1vr,11.0825020123922,52.358166966852444,10,392606,"06 SS-BB, SS-BB-LF: p-ls/g-l; SSn: p-l/g-l","Vorherrschend *Pseudogley-Braunerden bis *Pseudogley-Braunerde-Fahlerden aus *Geschiebedecksand über *Geschiebelehm, selten Pseudogleye aus Geschiebelehm"
W2diHmIiKhR3jK8Xk1vr,11.077051812877512,52.359386911127565,10,392606,"06 SS-BB, SS-BB-LF: p-ls/g-l; SSn: p-l/g-l","Vorherrschend *Pseudogley-Braunerden bis *Pseudogley-Braunerde-Fahlerden aus *Geschiebedecksand über *Geschiebelehm, selten Pseudogleye aus Geschiebelehm"
W2diHmIiKhR3jK8Xk1vr,11.07888615527471,52.35935464420657,10,392606,"06 SS-BB, SS-BB-LF: p-ls/g-l; SSn: p-l/g-l","Vorherrschend *Pseudogley-Braunerden bis *Pseudogley-Braunerde-Fahlerden aus *Geschiebedecksand über *Geschiebelehm, selten Pseudogleye aus Geschiebelehm"
W2diHmIiKhR3jK8Xk1vr,11.080720494201472,52.359322348828066,10,392606,"06 SS-BB, SS-BB-LF: p-ls/g-l; SSn: p-l/g-l","Vorherrschend *Pseudogley-Braunerden bis *Pseudogley-Braunerde-Fahlerden aus *Geschiebedecksand über *Geschiebelehm, selten Pseudogleye aus Geschiebelehm"
W2diHmIiKhR3jK8Xk1vr,11.078938883127162,52.36047770469678,10,392606,"06 SS-BB, SS-BB-LF: p-ls/g-l; SSn: p-l/g-l","Vorherrschend *Pseudogley-Braunerden bis *Pseudogley-Braunerde-Fahlerden aus *Geschiebedecksand über *Geschiebelehm, selten Pseudogleye aus Geschiebelehm"
WE5wmmGDOWQEBDwHOa11,11.040191766969144,52.36420363068294,3,392611,11 BBn: p-ls/fg-s,"Vorherrschend *Braunerden aus *Geschiebedecksand, über glazifluviatilem Sand"
WE5wmmGDOWQEBDwHOa11,11.042026351338343,52.36417193385411,3,392611,11 BBn: p-ls/fg-s,"Vorherrschend *Braunerden aus *Geschiebedecksand, über glazifluviatilem Sand"
WE5wmmGDOWQEBDwHOa11,11.040243522856493,52.36532671754791,3,392611,11 BBn: p-ls/fg-s,"Vorherrschend *Braunerden aus *Geschiebedecksand, über glazifluviatilem Sand"
XtCCVl30ddn9L4HkCY3n,11.073352393059599,52.33220374863398,5,392603,03 GG-AT: fo-l; fo-u,Vorherrschend *Gley-Tschernitzen aus *Auenlehm bis *Auenschluff
XtCCVl30ddn9L4HkCY3n,11.073404929198764,52.33332681824941,5,392603,03 GG-AT: fo-l; fo-u,Vorherrschend *Gley-Tschernitzen aus *Auenlehm bis *Auenschluff
XtCCVl30ddn9L4HkCY3n,11.075238197566126,52.33329461910051,5,392603,03 GG-AT: fo-l; fo-u,Vorherrschend *Gley-Tschernitzen aus *Auenlehm bis *Auenschluff
XtCCVl30ddn9L4HkCY3n,11.073457468794242,52.334449887612855,5,392603,03 GG-AT: fo-l; fo-u,Vorherrschend *Gley-Tschernitzen aus *Auenlehm bis *Auenschluff
XtCCVl30ddn9L4HkCY3n,11.075290783534943,52.334417687167345,5,392603,03 GG-AT: fo-l; fo-u,Vorherrschend *Gley-Tschernitzen aus *Auenlehm bis *Auenschluff
Y2WW5OvI6C3WYloisd9c,11.099286070731987,52.35124608344199,20,392606,"06 SS-BB, SS-BB-LF: p-ls/g-l; SSn: p-l/g-l","Vorherrschend *Pseudogley-Braunerden bis *Pseudogley-Braunerde-Fahlerden aus *Geschiebedecksand über *Geschiebelehm, selten Pseudogleye aus Geschiebelehm"
Y2WW5OvI6C3WYloisd9c,11.101120050123491,52.35121347495013,20,392636,"36 BBn, RNn, RQn: p-(z,n)ls/n-+R,+An",Überwiegend *Braunerden und verbreitet Ranker bis Regosole aus skeletthaltigem lehmigem *Sand über *Rhyolit und *Andesit und deren Schutten
Y2WW5OvI6C3WYloisd9c,11.097505270899653,52.35240171223769,20,392606,"06 SS-BB, SS-BB-LF: p-ls/g-l; SSn: p-l/g-l","Vorherrschend *Pseudogley-Braunerden bis *Pseudogley-Braunerde-Fahlerden aus *Geschiebedecksand über *Geschiebelehm, selten Pseudogleye aus Geschiebelehm"
Y2WW5OvI6C3WYloisd9c,11.099339300213307,52.35236913088192,20,392606,"06 SS-BB, SS-BB-LF: p-ls/g-l; SSn: p-l/g-l","Vorherrschend *Pseudogley-Braunerden bis *Pseudogley-Braunerde-Fahlerden aus *Geschiebedecksand über *Geschiebelehm, selten Pseudogleye aus Geschiebelehm"
Y2WW5OvI6C3WYloisd9c,11.101173326023801,52.35233652107676,20,392636,"36 BBn, RNn, RQn: p-(z,n)ls/n-+R,+An",Überwiegend *Braunerden und verbreitet Ranker bis Regosole aus skeletthaltigem lehmigem *Sand über *Rhyolit und *Andesit und deren Schutten
Y2WW5OvI6C3WYloisd9c,11.09572437822537,52.353557314954315,20,392606,"06 SS-BB, SS-BB-LF: p-ls/g-l; SSn: p-l/g-l","Vorherrschend *Pseudogley-Braunerden bis *Pseudogley-Braunerde-Fahlerden aus *Geschiebedecksand über *Geschiebelehm, selten Pseudogleye aus Geschiebelehm"
Y2WW5OvI6C3WYloisd9c,11.09755845746179,52.35352476073693,20,392606,"06 SS-BB, SS-BB-LF: p-ls/g-l; SSn: p-l/g-l","Vorherrschend *Pseudogley-Braunerden bis *Pseudogley-Braunerde-Fahlerden aus *Geschiebedecksand über *Geschiebelehm, selten Pseudogleye aus Geschiebelehm"
Y2WW5OvI6C3WYloisd9c,11.099392533197792,52.353492178068905,20,392606,"06 SS-BB, SS-BB-LF: p-ls/g-l; SSn: p-l/g-l","Vorherrschend *Pseudogley-Braunerden bis *Pseudogley-Braunerde-Fahlerden aus *Geschiebedecksand über *Geschiebelehm, selten Pseudogleye aus Geschiebelehm"
Y2WW5OvI6C3WYloisd9c,11.101226605430321,52.35345956695038,20,392606,"06 SS-BB, SS-BB-LF: p-ls/g-l; SSn: p-l/g-l","Vorherrschend *Pseudogley-Braunerden bis *Pseudogley-Braunerde-Fahlerden aus *Geschiebedecksand über *Geschiebelehm, selten Pseudogleye aus Geschiebelehm"
Y2WW5OvI6C3WYloisd9c,11.103060674156334,52.353426927381484,20,392636,"36 BBn, RNn, RQn: p-(z,n)ls/n-+R,+An",Überwiegend *Braunerden und verbreitet Ranker bis Regosole aus skeletthaltigem lehmigem *Sand über *Rhyolit und *Andesit und deren Schutten
Y2WW5OvI6C3WYloisd9c,11.093943392702432,52.35471289158849,20,392606,"06 SS-BB, SS-BB-LF: p-ls/g-l; SSn: p-l/g-l","Vorherrschend *Pseudogley-Braunerden bis *Pseudogley-Braunerde-Fahlerden aus *Geschiebedecksand über *Geschiebelehm, selten Pseudogleye aus Geschiebelehm"
Y2WW5OvI6C3WYloisd9c,11.09577752186223,52.35468036451184,20,392606,"06 SS-BB, SS-BB-LF: p-ls/g-l; SSn: p-l/g-l","Vorherrschend *Pseudogley-Braunerden bis *Pseudogley-Braunerde-Fahlerden aus *Geschiebedecksand über *Geschiebelehm, selten Pseudogleye aus Geschiebelehm"
Y2WW5OvI6C3WYloisd9c,11.097611647524351,52.3546478089833,20,392606,"06 SS-BB, SS-BB-LF: p-ls/g-l; SSn: p-l/g-l","Vorherrschend *Pseudogley-Braunerden bis *Pseudogley-Braunerde-Fahlerden aus *Geschiebedecksand über *Geschiebelehm, selten Pseudogleye aus Geschiebelehm"
Y2WW5OvI6C3WYloisd9c,11.099445769685744,52.354615225002995,20,392606,"06 SS-BB, SS-BB-LF: p-ls/g-l; SSn: p-l/g-l","Vorherrschend *Pseudogley-Braunerden bis *Pseudogley-Braunerde-Fahlerden aus *Geschiebedecksand über *Geschiebelehm, selten Pseudogleye aus Geschiebelehm"
Y2WW5OvI6C3WYloisd9c,11.101279888343361,52.35458261257104,20,392606,"06 SS-BB, SS-BB-LF: p-ls/g-l; SSn: p-l/g-l","Vorherrschend *Pseudogley-Braunerden bis *Pseudogley-Braunerde-Fahlerden aus *Geschiebedecksand über *Geschiebelehm, selten Pseudogleye aus Geschiebelehm"
Y2WW5OvI6C3WYloisd9c,11.095830668996767,52.35580341381658,20,392606,"06 SS-BB, SS-BB-LF: p-ls/g-l; SSn: p-l/g-l","Vorherrschend *Pseudogley-Braunerden bis *Pseudogley-Braunerde-Fahlerden aus *Geschiebedecksand über *Geschiebelehm, selten Pseudogleye aus Geschiebelehm"
Y2WW5OvI6C3WYloisd9c,11.097664841087637,52.35577085697684,20,392606,"06 SS-BB, SS-BB-LF: p-ls/g-l; SSn: p-l/g-l","Vorherrschend *Pseudogley-Braunerden bis *Pseudogley-Braunerde-Fahlerden aus *Geschiebedecksand über *Geschiebelehm, selten Pseudogleye aus Geschiebelehm"
Y2WW5OvI6C3WYloisd9c,11.099499009677475,52.35573827168417,20,392606,"06 SS-BB, SS-BB-LF: p-ls/g-l; SSn: p-l/g-l","Vorherrschend *Pseudogley-Braunerden bis *Pseudogley-Braunerde-Fahlerden aus *Geschiebedecksand über *Geschiebelehm, selten Pseudogleye aus Geschiebelehm"
Y2WW5OvI6C3WYloisd9c,11.101333174763226,52.35570565793871,20,392606,"06 SS-BB, SS-BB-LF: p-ls/g-l; SSn: p-l/g-l","Vorherrschend *Pseudogley-Braunerden bis *Pseudogley-Braunerde-Fahlerden aus *Geschiebedecksand über *Geschiebelehm, selten Pseudogleye aus Geschiebelehm"
Y2WW5OvI6C3WYloisd9c,11.099552253173286,52.356861318112415,20,392606,"06 SS-BB, SS-BB-LF: p-ls/g-l; SSn: p-l/g-l","Vorherrschend *Pseudogley-Braunerden bis *Pseudogley-Braunerde-Fahlerden aus *Geschiebedecksand über *Geschiebelehm, selten Pseudogleye aus Geschiebelehm"
YJqbIYddF2V248sa23Cy,11.041852807095399,52.37330898613148,1,392621,"21 GGn, GGhh, HN-GH : u-l; HNn: og-Hn","Überwiegend *Gleye, gering verbreitet humusreiche Gleye bis Moorgleye aus holozän *umgelagertem *fluviatilem *Lehm, selten Niedermoore"
Z4APzDVDayA0EuGFl34V,11.06313251237431,52.358899636633545,1,392603,03 GG-AT: fo-l; fo-u,Vorherrschend *Gley-Tschernitzen aus *Auenlehm bis *Auenschluff
ZT7D0N8Dl4TnHlHMDQPI,11.04268056921414,52.36397354601894,4,392611,11 BBn: p-ls/fg-s,"Vorherrschend *Braunerden aus *Geschiebedecksand, über glazifluviatilem Sand"
ZT7D0N8Dl4TnHlHMDQPI,11.044515141207915,52.363941810654424,4,392621,"21 GGn, GGhh, HN-GH : u-l; HNn: og-Hn","Überwiegend *Gleye, gering verbreitet humusreiche Gleye bis Moorgleye aus holozän *umgelagertem *fluviatilem *Lehm, selten Niedermoore"
ZT7D0N8Dl4TnHlHMDQPI,11.042732387781479,52.36509663118729,4,392611,11 BBn: p-ls/fg-s,"Vorherrschend *Braunerden aus *Geschiebedecksand, über glazifluviatilem Sand"
ZT7D0N8Dl4TnHlHMDQPI,11.044567006235532,52.36506489454446,4,392621,"21 GGn, GGhh, HN-GH : u-l; HNn: og-Hn","Überwiegend *Gleye, gering verbreitet humusreiche Gleye bis Moorgleye aus holozän *umgelagertem *fluviatilem *Lehm, selten Niedermoore"
a9qeH7mBu4I8g6ME1LJj,11.120384126356143,52.35654614638026,1,392636,"36 BBn, RNn, RQn: p-(z,n)ls/n-+R,+An",Überwiegend *Braunerden und verbreitet Ranker bis Regosole aus skeletthaltigem lehmigem *Sand über *Rhyolit und *Andesit und deren Schutten
aL5yzwK7wsT3zHHb3iaH,11.086316905915094,52.337487397200675,7,392603,03 GG-AT: fo-l; fo-u,Vorherrschend *Gley-Tschernitzen aus *Auenlehm bis *Auenschluff
aL5yzwK7wsT3zHHb3iaH,11.088150331290747,52.337454995916374,7,392606,"06 SS-BB, SS-BB-LF: p-ls/g-l; SSn: p-l/g-l","Vorherrschend *Pseudogley-Braunerden bis *Pseudogley-Braunerde-Fahlerden aus *Geschiebedecksand über *Geschiebelehm, selten Pseudogleye aus Geschiebelehm"
aL5yzwK7wsT3zHHb3iaH,11.089983753184754,52.337422566197375,7,392606,"06 SS-BB, SS-BB-LF: p-ls/g-l; SSn: p-l/g-l","Vorherrschend *Pseudogley-Braunerden bis *Pseudogley-Braunerde-Fahlerden aus *Geschiebedecksand über *Geschiebelehm, selten Pseudogleye aus Geschiebelehm"
aL5yzwK7wsT3zHHb3iaH,11.088203252236939,52.33857805397955,7,392606,"06 SS-BB, SS-BB-LF: p-ls/g-l; SSn: p-l/g-l","Vorherrschend *Pseudogley-Braunerden bis *Pseudogley-Braunerde-Fahlerden aus *Geschiebedecksand über *Geschiebelehm, selten Pseudogleye aus Geschiebelehm"
aL5yzwK7wsT3zHHb3iaH,11.090036720513764,52.338545622954605,7,392606,"06 SS-BB, SS-BB-LF: p-ls/g-l; SSn: p-l/g-l","Vorherrschend *Pseudogley-Braunerden bis *Pseudogley-Braunerde-Fahlerden aus *Geschiebedecksand über *Geschiebelehm, selten Pseudogleye aus Geschiebelehm"
aL5yzwK7wsT3zHHb3iaH,11.088256176665082,52.339701111790205,7,392606,"06 SS-BB, SS-BB-LF: p-ls/g-l; SSn: p-l/g-l","Vorherrschend *Pseudogley-Braunerden bis *Pseudogley-Braunerde-Fahlerden aus *Geschiebedecksand über *Geschiebelehm, selten Pseudogleye aus Geschiebelehm"
aL5yzwK7wsT3zHHb3iaH,11.09008969132777,52.339668679459244,7,392606,"06 SS-BB, SS-BB-LF: p-ls/g-l; SSn: p-l/g-l","Vorherrschend *Pseudogley-Braunerden bis *Pseudogley-Braunerde-Fahlerden aus *Geschiebedecksand über *Geschiebelehm, selten Pseudogleye aus Geschiebelehm"
bHW29On9ilbohdl51gQ6,11.039221160901093,52.374883322205534,7,392621,"21 GGn, GGhh, HN-GH : u-l; HNn: og-Hn","Überwiegend *Gleye, gering verbreitet humusreiche Gleye bis Moorgleye aus holozän *umgelagertem *fluviatilem *Lehm, selten Niedermoore"
bHW29On9ilbohdl51gQ6,11.041056188876052,52.37485163594423,7,392621,"21 GGn, GGhh, HN-GH : u-l; HNn: og-Hn","Überwiegend *Gleye, gering verbreitet humusreiche Gleye bis Moorgleye aus holozän *umgelagertem *fluviatilem *Lehm, selten Niedermoore"
bHW29On9ilbohdl51gQ6,11.04289121344069,52.374819921207724,7,392621,"21 GGn, GGhh, HN-GH : u-l; HNn: og-Hn","Überwiegend *Gleye, gering verbreitet humusreiche Gleye bis Moorgleye aus holozän *umgelagertem *fluviatilem *Lehm, selten Niedermoore"
bHW29On9ilbohdl51gQ6,11.039272912090299,52.376006407707905,7,392621,"21 GGn, GGhh, HN-GH : u-l; HNn: og-Hn","Überwiegend *Gleye, gering verbreitet humusreiche Gleye bis Moorgleye aus holozän *umgelagertem *fluviatilem *Lehm, selten Niedermoore"
bHW29On9ilbohdl51gQ6,11.041107986555662,52.37597472017012,7,392611,11 BBn: p-ls/fg-s,"Vorherrschend *Braunerden aus *Geschiebedecksand, über glazifluviatilem Sand"
bHW29On9ilbohdl51gQ6,11.042943057610403,52.375943004155985,7,392611,11 BBn: p-ls/fg-s,"Vorherrschend *Braunerden aus *Geschiebedecksand, über glazifluviatilem Sand"
bHW29On9ilbohdl51gQ6,11.041159787645894,52.37709780414518,7,392611,11 BBn: p-ls/fg-s,"Vorherrschend *Braunerden aus *Geschiebedecksand, über glazifluviatilem Sand"
brbM5GLEISmoIqRkdO2s,11.04528703619306,52.383082551655335,2,392611,11 BBn: p-ls/fg-s,"Vorherrschend *Braunerden aus *Geschiebedecksand, über glazifluviatilem Sand"
brbM5GLEISmoIqRkdO2s,11.04533895659721,52.38420563134707,2,392611,11 BBn: p-ls/fg-s,"Vorherrschend *Braunerden aus *Geschiebedecksand, über glazifluviatilem Sand"
cl6skvEI4VCar0GDzch6,11.057287105616622,52.369874566649614,5,392611,11 BBn: p-ls/fg-s,"Vorherrschend *Braunerden aus *Geschiebedecksand, über glazifluviatilem Sand"
cl6skvEI4VCar0GDzch6,11.055504456066437,52.371029577852035,5,392611,11 BBn: p-ls/fg-s,"Vorherrschend *Braunerden aus *Geschiebedecksand, über glazifluviatilem Sand"
cl6skvEI4VCar0GDzch6,11.05733930566273,52.370997640432236,5,392611,11 BBn: p-ls/fg-s,"Vorherrschend *Braunerden aus *Geschiebedecksand, über glazifluviatilem Sand"
cl6skvEI4VCar0GDzch6,11.055556613071284,52.37215265266978,5,392611,11 BBn: p-ls/fg-s,"Vorherrschend *Braunerden aus *Geschiebedecksand, über glazifluviatilem Sand"
cl6skvEI4VCar0GDzch6,11.05560877351013,52.373275727236226,5,392611,11 BBn: p-ls/fg-s,"Vorherrschend *Braunerden aus *Geschiebedecksand, über glazifluviatilem Sand"
d6LEyhknfD8JlZY1fj78,11.067301192458892,52.37257589445863,1,392603,03 GG-AT: fo-l; fo-u,Vorherrschend *Gley-Tschernitzen aus *Auenlehm bis *Auenschluff
eRUpDdp3t0hDOvbfBOTT,11.078783380116393,52.33423471755868,1,392603,03 GG-AT: fo-l; fo-u,Vorherrschend *Gley-Tschernitzen aus *Auenlehm bis *Auenschluff
ekKNAhSNPwYXsWdp39pw,11.076444689345161,52.3488526062844,1,392603,03 GG-AT: fo-l; fo-u,Vorherrschend *Gley-Tschernitzen aus *Auenlehm bis *Auenschluff
f4W9xRTLDbTeL2lDlKTU,11.04911080013457,52.36092252287624,1,392611,11 BBn: p-ls/fg-s,"Vorherrschend *Braunerden aus *Geschiebedecksand, über glazifluviatilem Sand"
gQLroZHYi7Prh9NBS6An,11.042251798333469,52.367704566254865,15,392611,11 BBn: p-ls/fg-s,"Vorherrschend *Braunerden aus *Geschiebedecksand, über glazifluviatilem Sand"
gQLroZHYi7Prh9NBS6An,11.044086525372972,52.36767283597182,15,392621,"21 GGn, GGhh, HN-GH : u-l; HNn: og-Hn","Überwiegend *Gleye, gering verbreitet humusreiche Gleye bis Moorgleye aus holozän *umgelagertem *fluviatilem *Lehm, selten Niedermoore"
gQLroZHYi7Prh9NBS6An,11.036799272009272,52.368922674879585,15,392611,11 BBn: p-ls/fg-s,"Vorherrschend *Braunerden aus *Geschiebedecksand, über glazifluviatilem Sand"
gQLroZHYi7Prh9NBS6An,11.038634055743897,52.36889102872565,15,392611,11 BBn: p-ls/fg-s,"Vorherrschend *Braunerden aus *Geschiebedecksand, über glazifluviatilem Sand"
gQLroZHYi7Prh9NBS6An,11.04046883607336,52.368859354102504,15,392611,11 BBn: p-ls/fg-s,"Vorherrschend *Braunerden aus *Geschiebedecksand, über glazifluviatilem Sand"
gQLroZHYi7Prh9NBS6An,11.042303612994617,52.36882765101025,15,392611,11 BBn: p-ls/fg-s,"Vorherrschend *Braunerden aus *Geschiebedecksand, über glazifluviatilem Sand"
gQLroZHYi7Prh9NBS6An,11.038685780868324,52.370014115783206,15,392611,11 BBn: p-ls/fg-s,"Vorherrschend *Braunerden aus *Geschiebedecksand, über glazifluviatilem Sand"
gQLroZHYi7Prh9NBS6An,11.04052060767193,52.369982439884105,15,392611,11 BBn: p-ls/fg-s,"Vorherrschend *Braunerden aus *Geschiebedecksand, über glazifluviatilem Sand"
gQLroZHYi7Prh9NBS6An,11.042355431067028,52.36995073551476,15,392611,11 BBn: p-ls/fg-s,"Vorherrschend *Braunerden aus *Geschiebedecksand, über glazifluviatilem Sand"
gQLroZHYi7Prh9NBS6An,11.044190251050564,52.36991900267532,15,392621,"21 GGn, GGhh, HN-GH : u-l; HNn: og-Hn","Überwiegend *Gleye, gering verbreitet humusreiche Gleye bis Moorgleye aus holozän *umgelagertem *fluviatilem *Lehm, selten Niedermoore"
gQLroZHYi7Prh9NBS6An,11.038737509398207,52.37113720259,15,392611,11 BBn: p-ls/fg-s,"Vorherrschend *Braunerden aus *Geschiebedecksand, über glazifluviatilem Sand"
gQLroZHYi7Prh9NBS6An,11.04057238267901,52.37110552541491,15,392611,11 BBn: p-ls/fg-s,"Vorherrschend *Braunerden aus *Geschiebedecksand, über glazifluviatilem Sand"
gQLroZHYi7Prh9NBS6An,11.042407252551003,52.371073819768405,15,392611,11 BBn: p-ls/fg-s,"Vorherrschend *Braunerden aus *Geschiebedecksand, über glazifluviatilem Sand"
gQLroZHYi7Prh9NBS6An,11.044242119011136,52.37104208565065,15,392621,"21 GGn, GGhh, HN-GH : u-l; HNn: og-Hn","Überwiegend *Gleye, gering verbreitet humusreiche Gleye bis Moorgleye aus holozän *umgelagertem *fluviatilem *Lehm, selten Niedermoore"
gQLroZHYi7Prh9NBS6An,11.040624161094895,52.3722286106949,15,392611,11 BBn: p-ls/fg-s,"Vorherrschend *Braunerden aus *Geschiebedecksand, über glazifluviatilem Sand"
gbCEG1dAjGZBwZzXk4p9,11.066866906026547,52.33705361096799,21,392606,"06 SS-BB, SS-BB-LF: p-ls/g-l; SSn: p-l/g-l","Vorherrschend *Pseudogley-Braunerden bis *Pseudogley-Braunerde-Fahlerden aus *Geschiebedecksand über *Geschiebelehm, selten Pseudogleye aus Geschiebelehm"
gbCEG1dAjGZBwZzXk4p9,11.068700336068089,52.33702151167058,21,392606,"06 SS-BB, SS-BB-LF: p-ls/g-l; SSn: p-l/g-l","Vorherrschend *Pseudogley-Braunerden bis *Pseudogley-Braunerde-Fahlerden aus *Geschiebedecksand über *Geschiebelehm, selten Pseudogleye aus Geschiebelehm"
gbCEG1dAjGZBwZzXk4p9,11.065085807182047,52.3382087564094,21,392630,"30 GNn, GGn, GMn: u-ls,u-l/f-s","Überwiegend *Naßgleye, gering verbreitet Gleye und Anmoorgleye aus holozän *umgelagertem *Sand bis *Lehm über Niederungssand, verbreitet mit abgesenktem Grundwasser"
gbCEG1dAjGZBwZzXk4p9,11.066919287054265,52.33817668425583,21,392630,"30 GNn, GGn, GMn: u-ls,u-l/f-s","Überwiegend *Naßgleye, gering verbreitet Gleye und Anmoorgleye aus holozän *umgelagertem *Sand bis *Lehm über Niederungssand, verbreitet mit abgesenktem Grundwasser"
gbCEG1dAjGZBwZzXk4p9,11.068752763480036,52.33814458366576,21,392630,"30 GNn, GGn, GMn: u-ls,u-l/f-s","Überwiegend *Naßgleye, gering verbreitet Gleye und Anmoorgleye aus holozän *umgelagertem *Sand bis *Lehm über Niederungssand, verbreitet mit abgesenktem Grundwasser"
gbCEG1dAjGZBwZzXk4p9,11.063304615565132,52.33936387574446,21,392630,"30 GNn, GGn, GMn: u-ls,u-l/f-s","Überwiegend *Naßgleye, gering verbreitet Gleye und Anmoorgleye aus holozän *umgelagertem *Sand bis *Lehm über Niederungssand, verbreitet mit abgesenktem Grundwasser"
gbCEG1dAjGZBwZzXk4p9,11.06513814526863,52.33933183073705,21,392630,"30 GNn, GGn, GMn: u-ls,u-l/f-s","Überwiegend *Naßgleye, gering verbreitet Gleye und Anmoorgleye aus holozän *umgelagertem *Sand bis *Lehm über Niederungssand, verbreitet mit abgesenktem Grundwasser"
gbCEG1dAjGZBwZzXk4p9,11.066971671528426,52.33929975729189,21,392630,"30 GNn, GGn, GMn: u-ls,u-l/f-s","Überwiegend *Naßgleye, gering verbreitet Gleye und Anmoorgleye aus holozän *umgelagertem *Sand bis *Lehm über Niederungssand, verbreitet mit abgesenktem Grundwasser"
gbCEG1dAjGZBwZzXk4p9,11.068805194341474,52.3392676554091,21,392630,"30 GNn, GGn, GMn: u-ls,u-l/f-s","Überwiegend *Naßgleye, gering verbreitet Gleye und Anmoorgleye aus holozän *umgelagertem *Sand bis *Lehm über Niederungssand, verbreitet mit abgesenktem Grundwasser"
gbCEG1dAjGZBwZzXk4p9,11.070638713704732,52.33923552508882,21,392630,"30 GNn, GGn, GMn: u-ls,u-l/f-s","Überwiegend *Naßgleye, gering verbreitet Gleye und Anmoorgleye aus holozän *umgelagertem *Sand bis *Lehm über Niederungssand, verbreitet mit abgesenktem Grundwasser"
gbCEG1dAjGZBwZzXk4p9,11.063356910704488,52.340486951110904,21,392630,"30 GNn, GGn, GMn: u-ls,u-l/f-s","Überwiegend *Naßgleye, gering verbreitet Gleye und Anmoorgleye aus holozän *umgelagertem *Sand bis *Lehm über Niederungssand, verbreitet mit abgesenktem Grundwasser"
gbCEG1dAjGZBwZzXk4p9,11.065190486798912,52.340454904812994,21,392630,"30 GNn, GGn, GMn: u-ls,u-l/f-s","Überwiegend *Naßgleye, gering verbreitet Gleye und Anmoorgleye aus holozän *umgelagertem *Sand bis *Lehm über Niederungssand, verbreitet mit abgesenktem Grundwasser"
gbCEG1dAjGZBwZzXk4p9,11.067024059449334,52.34042283007619,21,392630,"30 GNn, GGn, GMn: u-ls,u-l/f-s","Überwiegend *Naßgleye, gering verbreitet Gleye und Anmoorgleye aus holozän *umgelagertem *Sand bis *Lehm über Niederungssand, verbreitet mit abgesenktem Grundwasser"
gbCEG1dAjGZBwZzXk4p9,11.068857628652706,52.34039072690062,21,392630,"30 GNn, GGn, GMn: u-ls,u-l/f-s","Überwiegend *Naßgleye, gering verbreitet Gleye und Anmoorgleye aus holozän *umgelagertem *Sand bis *Lehm über Niederungssand, verbreitet mit abgesenktem Grundwasser"
gbCEG1dAjGZBwZzXk4p9,11.070691194405983,52.34035859528642,21,392630,"30 GNn, GGn, GMn: u-ls,u-l/f-s","Überwiegend *Naßgleye, gering verbreitet Gleye und Anmoorgleye aus holozän *umgelagertem *Sand bis *Lehm über Niederungssand, verbreitet mit abgesenktem Grundwasser"
gbCEG1dAjGZBwZzXk4p9,11.072524756706121,52.34032643523368,21,392603,03 GG-AT: fo-l; fo-u,Vorherrschend *Gley-Tschernitzen aus *Auenlehm bis *Auenschluff
gbCEG1dAjGZBwZzXk4p9,11.061575583355149,52.34164204537404,21,392630,"30 GNn, GGn, GMn: u-ls,u-l/f-s","Überwiegend *Naßgleye, gering verbreitet Gleye und Anmoorgleye aus holozän *umgelagertem *Sand bis *Lehm über Niederungssand, verbreitet mit abgesenktem Grundwasser"
gbCEG1dAjGZBwZzXk4p9,11.063409209284801,52.34161002622572,21,392630,"30 GNn, GGn, GMn: u-ls,u-l/f-s","Überwiegend *Naßgleye, gering verbreitet Gleye und Anmoorgleye aus holozän *umgelagertem *Sand bis *Lehm über Niederungssand, verbreitet mit abgesenktem Grundwasser"
gbCEG1dAjGZBwZzXk4p9,11.065242831773197,52.34157797863724,21,392630,"30 GNn, GGn, GMn: u-ls,u-l/f-s","Überwiegend *Naßgleye, gering verbreitet Gleye und Anmoorgleye aus holozän *umgelagertem *Sand bis *Lehm über Niederungssand, verbreitet mit abgesenktem Grundwasser"
gbCEG1dAjGZBwZzXk4p9,11.070743678560376,52.34148166523211,21,392630,"30 GNn, GGn, GMn: u-ls,u-l/f-s","Überwiegend *Naßgleye, gering verbreitet Gleye und Anmoorgleye aus holozän *umgelagertem *Sand bis *Lehm über Niederungssand, verbreitet mit abgesenktem Grundwasser"
gbCEG1dAjGZBwZzXk4p9,11.072577287253278,52.341449503884235,21,392603,03 GG-AT: fo-l; fo-u,Vorherrschend *Gley-Tschernitzen aus *Auenlehm bis *Auenschluff
h2NQluewXRLwf0izPlUq,11.078015838091114,52.33802127322547,6,392603,03 GG-AT: fo-l; fo-u,Vorherrschend *Gley-Tschernitzen aus *Auenlehm bis *Auenschluff
h2NQluewXRLwf0izPlUq,11.078068503381262,52.33914433841272,6,392603,03 GG-AT: fo-l; fo-u,Vorherrschend *Gley-Tschernitzen aus *Auenlehm bis *Auenschluff
h2NQluewXRLwf0izPlUq,11.076287618769399,52.34029965021727,6,392603,03 GG-AT: fo-l; fo-u,Vorherrschend *Gley-Tschernitzen aus *Auenlehm bis *Auenschluff
h2NQluewXRLwf0izPlUq,11.0781211721366,52.34026740334781,6,392603,03 GG-AT: fo-l; fo-u,Vorherrschend *Gley-Tschernitzen aus *Auenlehm bis *Auenschluff
h2NQluewXRLwf0izPlUq,11.074506641376384,52.34145493592758,6,392603,03 GG-AT: fo-l; fo-u,Vorherrschend *Gley-Tschernitzen aus *Auenlehm bis *Auenschluff
h2NQluewXRLwf0izPlUq,11.076340244598281,52.34142271619882,6,392603,03 GG-AT: fo-l; fo-u,Vorherrschend *Gley-Tschernitzen aus *Auenlehm bis *Auenschluff
iNbassVXlMMBA6fy29DV,11.055361403548746,52.347034173976375,5,392630,"30 GNn, GGn, GMn: u-ls,u-l/f-s","Überwiegend *Naßgleye, gering verbreitet Gleye und Anmoorgleye aus holozän *umgelagertem *Sand bis *Lehm über Niederungssand, verbreitet mit abgesenktem Grundwasser"
iNbassVXlMMBA6fy29DV,11.055413511849524,52.348157253480665,5,392630,"30 GNn, GGn, GMn: u-ls,u-l/f-s","Überwiegend *Naßgleye, gering verbreitet Gleye und Anmoorgleye aus holozän *umgelagertem *Sand bis *Lehm über Niederungssand, verbreitet mit abgesenktem Grundwasser"
iNbassVXlMMBA6fy29DV,11.057247414433538,52.34812532718638,5,392630,"30 GNn, GGn, GMn: u-ls,u-l/f-s","Überwiegend *Naßgleye, gering verbreitet Gleye und Anmoorgleye aus holozän *umgelagertem *Sand bis *Lehm über Niederungssand, verbreitet mit abgesenktem Grundwasser"
iNbassVXlMMBA6fy29DV,11.055465623579497,52.3492803327336,5,392630,"30 GNn, GGn, GMn: u-ls,u-l/f-s","Überwiegend *Naßgleye, gering verbreitet Gleye und Anmoorgleye aus holozän *umgelagertem *Sand bis *Lehm über Niederungssand, verbreitet mit abgesenktem Grundwasser"
iNbassVXlMMBA6fy29DV,11.057299572579264,52.34924840515348,5,392630,"30 GNn, GGn, GMn: u-ls,u-l/f-s","Überwiegend *Naßgleye, gering verbreitet Gleye und Anmoorgleye aus holozän *umgelagertem *Sand bis *Lehm über Niederungssand, verbreitet mit abgesenktem Grundwasser"
is0B8JToW47kfVAveolx,11.055392272396457,52.36156413658177,1,392611,11 BBn: p-ls/fg-s,"Vorherrschend *Braunerden aus *Geschiebedecksand, über glazifluviatilem Sand"
jEXQY4jCuRRx6nDm5mXD,11.047028193463579,52.37270367132633,4,392621,"21 GGn, GGhh, HN-GH : u-l; HNn: og-Hn","Überwiegend *Gleye, gering verbreitet humusreiche Gleye bis Moorgleye aus holozän *umgelagertem *fluviatilem *Lehm, selten Niedermoore"
jEXQY4jCuRRx6nDm5mXD,11.04524516000328,52.373858531130715,4,392621,"21 GGn, GGhh, HN-GH : u-l; HNn: og-Hn","Überwiegend *Gleye, gering verbreitet humusreiche Gleye bis Moorgleye aus holozän *umgelagertem *fluviatilem *Lehm, selten Niedermoore"
jEXQY4jCuRRx6nDm5mXD,11.047080138614469,52.37382675178072,4,392611,11 BBn: p-ls/fg-s,"Vorherrschend *Braunerden aus *Geschiebedecksand, über glazifluviatilem Sand"
jEXQY4jCuRRx6nDm5mXD,11.045297062087435,52.374981612614306,4,392611,11 BBn: p-ls/fg-s,"Vorherrschend *Braunerden aus *Geschiebedecksand, über glazifluviatilem Sand"
kl3eHxzisV4Y0eRcmcsP,11.043228775466751,52.37683519083872,3,392611,11 BBn: p-ls/fg-s,"Vorherrschend *Braunerden aus *Geschiebedecksand, über glazifluviatilem Sand"
kl3eHxzisV4Y0eRcmcsP,11.041445477760519,52.37798999526905,3,392611,11 BBn: p-ls/fg-s,"Vorherrschend *Braunerden aus *Geschiebedecksand, über glazifluviatilem Sand"
kl3eHxzisV4Y0eRcmcsP,11.043280631965679,52.377958273165625,3,392611,11 BBn: p-ls/fg-s,"Vorherrschend *Braunerden aus *Geschiebedecksand, über glazifluviatilem Sand"
ljsxaVBzA5HBl1D5Edhm,11.066328413758233,52.34142279352874,15,392630,"30 GNn, GGn, GMn: u-ls,u-l/f-s","Überwiegend *Naßgleye, gering verbreitet Gleye und Anmoorgleye aus holozän *umgelagertem *Sand bis *Lehm über Niederungssand, verbreitet mit abgesenktem Grundwasser"
ljsxaVBzA5HBl1D5Edhm,11.068162025127938,52.34139070072074,15,392630,"30 GNn, GGn, GMn: u-ls,u-l/f-s","Überwiegend *Naßgleye, gering verbreitet Gleye und Anmoorgleye aus holozän *umgelagertem *Sand bis *Lehm über Niederungssand, verbreitet mit abgesenktem Grundwasser"
ljsxaVBzA5HBl1D5Edhm,11.064547128176446,52.34257793202217,15,392630,"30 GNn, GGn, GMn: u-ls,u-l/f-s","Überwiegend *Naßgleye, gering verbreitet Gleye und Anmoorgleye aus holozän *umgelagertem *Sand bis *Lehm über Niederungssand, verbreitet mit abgesenktem Grundwasser"
ljsxaVBzA5HBl1D5Edhm,11.066380789388706,52.34254586636268,15,392630,"30 GNn, GGn, GMn: u-ls,u-l/f-s","Überwiegend *Naßgleye, gering verbreitet Gleye und Anmoorgleye aus holozän *umgelagertem *Sand bis *Lehm über Niederungssand, verbreitet mit abgesenktem Grundwasser"
ljsxaVBzA5HBl1D5Edhm,11.06821444715458,52.34251377226223,15,392630,"30 GNn, GGn, GMn: u-ls,u-l/f-s","Überwiegend *Naßgleye, gering verbreitet Gleye und Anmoorgleye aus holozän *umgelagertem *Sand bis *Lehm über Niederungssand, verbreitet mit abgesenktem Grundwasser"
ljsxaVBzA5HBl1D5Edhm,11.070048101471023,52.34248164972093,15,392630,"30 GNn, GGn, GMn: u-ls,u-l/f-s","Überwiegend *Naßgleye, gering verbreitet Gleye und Anmoorgleye aus holozän *umgelagertem *Sand bis *Lehm über Niederungssand, verbreitet mit abgesenktem Grundwasser"
ljsxaVBzA5HBl1D5Edhm,11.064599460853787,52.34370100589572,15,392630,"30 GNn, GGn, GMn: u-ls,u-l/f-s","Überwiegend *Naßgleye, gering verbreitet Gleye und Anmoorgleye aus holozän *umgelagertem *Sand bis *Lehm über Niederungssand, verbreitet mit abgesenktem Grundwasser"
ljsxaVBzA5HBl1D5Edhm,11.066433168465561,52.343668938944866,15,392630,"30 GNn, GGn, GMn: u-ls,u-l/f-s","Überwiegend *Naßgleye, gering verbreitet Gleye und Anmoorgleye aus holozän *umgelagertem *Sand bis *Lehm über Niederungssand, verbreitet mit abgesenktem Grundwasser"
ljsxaVBzA5HBl1D5Edhm,11.06826687263065,52.343636843551906,15,392630,"30 GNn, GGn, GMn: u-ls,u-l/f-s","Überwiegend *Naßgleye, gering verbreitet Gleye und Anmoorgleye aus holozän *umgelagertem *Sand bis *Lehm über Niederungssand, verbreitet mit abgesenktem Grundwasser"
ljsxaVBzA5HBl1D5Edhm,11.070100573346009,52.34360471971695,15,392630,"30 GNn, GGn, GMn: u-ls,u-l/f-s","Überwiegend *Naßgleye, gering verbreitet Gleye und Anmoorgleye aus holozän *umgelagertem *Sand bis *Lehm über Niederungssand, verbreitet mit abgesenktem Grundwasser"
ljsxaVBzA5HBl1D5Edhm,11.062818039516484,52.34485611931651,15,392630,"30 GNn, GGn, GMn: u-ls,u-l/f-s","Überwiegend *Naßgleye, gering verbreitet Gleye und Anmoorgleye aus holozän *umgelagertem *Sand bis *Lehm über Niederungssand, verbreitet mit abgesenktem Grundwasser"
ljsxaVBzA5HBl1D5Edhm,11.064651796974765,52.34482407951761,15,392630,"30 GNn, GGn, GMn: u-ls,u-l/f-s","Überwiegend *Naßgleye, gering verbreitet Gleye und Anmoorgleye aus holozän *umgelagertem *Sand bis *Lehm über Niederungssand, verbreitet mit abgesenktem Grundwasser"
ljsxaVBzA5HBl1D5Edhm,11.066485550989103,52.34479201127532,15,392630,"30 GNn, GGn, GMn: u-ls,u-l/f-s","Überwiegend *Naßgleye, gering verbreitet Gleye und Anmoorgleye aus holozän *umgelagertem *Sand bis *Lehm über Niederungssand, verbreitet mit abgesenktem Grundwasser"
ljsxaVBzA5HBl1D5Edhm,11.068319301556455,52.34475991458979,15,392630,"30 GNn, GGn, GMn: u-ls,u-l/f-s","Überwiegend *Naßgleye, gering verbreitet Gleye und Anmoorgleye aus holozän *umgelagertem *Sand bis *Lehm über Niederungssand, verbreitet mit abgesenktem Grundwasser"
ljsxaVBzA5HBl1D5Edhm,11.070153048673774,52.34472778946112,15,392630,"30 GNn, GGn, GMn: u-ls,u-l/f-s","Überwiegend *Naßgleye, gering verbreitet Gleye und Anmoorgleye aus holozän *umgelagertem *Sand bis *Lehm über Niederungssand, verbreitet mit abgesenktem Grundwasser"
nIRNtdWeCZR3y5LQgvh1,11.081305790318634,52.337101887675615,16,392603,03 GG-AT: fo-l; fo-u,Vorherrschend *Gley-Tschernitzen aus *Auenlehm bis *Auenschluff
nIRNtdWeCZR3y5LQgvh1,11.083139205596089,52.33706956431325,16,392603,03 GG-AT: fo-l; fo-u,Vorherrschend *Gley-Tschernitzen aus *Auenlehm bis *Auenschluff
nIRNtdWeCZR3y5LQgvh1,11.084972617400311,52.33703721251634,16,392603,03 GG-AT: fo-l; fo-u,Vorherrschend *Gley-Tschernitzen aus *Auenlehm bis *Auenschluff
nIRNtdWeCZR3y5LQgvh1,11.081358537205698,52.338224950694645,16,392603,03 GG-AT: fo-l; fo-u,Vorherrschend *Gley-Tschernitzen aus *Auenlehm bis *Auenschluff
nIRNtdWeCZR3y5LQgvh1,11.08319199886582,52.33819262603062,16,392603,03 GG-AT: fo-l; fo-u,Vorherrschend *Gley-Tschernitzen aus *Auenlehm bis *Auenschluff
nIRNtdWeCZR3y5LQgvh1,11.085025457052403,52.338160272930885,16,392603,03 GG-AT: fo-l; fo-u,Vorherrschend *Gley-Tschernitzen aus *Auenlehm bis *Auenschluff
nIRNtdWeCZR3y5LQgvh1,11.079577776046627,52.33938031099019,16,392603,03 GG-AT: fo-l; fo-u,Vorherrschend *Gley-Tschernitzen aus *Auenlehm bis *Auenschluff
nIRNtdWeCZR3y5LQgvh1,11.08141128756325,52.33934801346138,16,392603,03 GG-AT: fo-l; fo-u,Vorherrschend *Gley-Tschernitzen aus *Auenlehm bis *Auenschluff
nIRNtdWeCZR3y5LQgvh1,11.083244795609081,52.33931568749562,16,392603,03 GG-AT: fo-l; fo-u,Vorherrschend *Gley-Tschernitzen aus *Auenlehm bis *Auenschluff
nIRNtdWeCZR3y5LQgvh1,11.079630483485907,52.3405033748053,16,392603,03 GG-AT: fo-l; fo-u,Vorherrschend *Gley-Tschernitzen aus *Auenlehm bis *Auenschluff
nIRNtdWeCZR3y5LQgvh1,11.081464041391593,52.34047107597584,16,392603,03 GG-AT: fo-l; fo-u,Vorherrschend *Gley-Tschernitzen aus *Auenlehm bis *Auenschluff
nIRNtdWeCZR3y5LQgvh1,11.083297595826181,52.34043874870828,16,392603,03 GG-AT: fo-l; fo-u,Vorherrschend *Gley-Tschernitzen aus *Auenlehm bis *Auenschluff
nIRNtdWeCZR3y5LQgvh1,11.085131146786628,52.34040639300274,16,392606,"06 SS-BB, SS-BB-LF: p-ls/g-l; SSn: p-l/g-l","Vorherrschend *Pseudogley-Braunerden bis *Pseudogley-Braunerde-Fahlerden aus *Geschiebedecksand über *Geschiebelehm, selten Pseudogleye aus Geschiebelehm"
nIRNtdWeCZR3y5LQgvh1,11.079683194393242,52.341626438368216,16,392603,03 GG-AT: fo-l; fo-u,Vorherrschend *Gley-Tschernitzen aus *Auenlehm bis *Auenschluff
nIRNtdWeCZR3y5LQgvh1,11.081516798691036,52.34159413823804,16,392603,03 GG-AT: fo-l; fo-u,Vorherrschend *Gley-Tschernitzen aus *Auenlehm bis *Auenschluff
nIRNtdWeCZR3y5LQgvh1,11.083350399517427,52.34156180966861,16,392603,03 GG-AT: fo-l; fo-u,Vorherrschend *Gley-Tschernitzen aus *Auenlehm bis *Auenschluff
nj4lokNHppOIxLC2RKrG,11.044383747982787,52.36733223843908,3,392621,"21 GGn, GGhh, HN-GH : u-l; HNn: og-Hn","Überwiegend *Gleye, gering verbreitet humusreiche Gleye bis Moorgleye aus holozän *umgelagertem *fluviatilem *Lehm, selten Niedermoore"
nj4lokNHppOIxLC2RKrG,11.04443561601551,52.36845532177324,3,392621,"21 GGn, GGhh, HN-GH : u-l; HNn: og-Hn","Überwiegend *Gleye, gering verbreitet humusreiche Gleye bis Moorgleye aus holozän *umgelagertem *fluviatilem *Lehm, selten Niedermoore"
nj4lokNHppOIxLC2RKrG,11.044487487462982,52.36957840485643,3,392621,"21 GGn, GGhh, HN-GH : u-l; HNn: og-Hn","Überwiegend *Gleye, gering verbreitet humusreiche Gleye bis Moorgleye aus holozän *umgelagertem *fluviatilem *Lehm, selten Niedermoore"
odWWEokiq8bKwUX97NpW,11.07239984299457,52.335740124173945,7,392603,03 GG-AT: fo-l; fo-u,Vorherrschend *Gley-Tschernitzen aus *Auenlehm bis *Auenschluff
odWWEokiq8bKwUX97NpW,11.074233212311992,52.33570793958598,7,392603,03 GG-AT: fo-l; fo-u,Vorherrschend *Gley-Tschernitzen aus *Auenlehm bis *Auenschluff
odWWEokiq8bKwUX97NpW,11.072452361698417,52.336863193789846,7,392603,03 GG-AT: fo-l; fo-u,Vorherrschend *Gley-Tschernitzen aus *Auenlehm bis *Auenschluff
odWWEokiq8bKwUX97NpW,11.074285777395852,52.33683100790581,7,392603,03 GG-AT: fo-l; fo-u,Vorherrschend *Gley-Tschernitzen aus *Auenlehm bis *Auenschluff
odWWEokiq8bKwUX97NpW,11.07611918963484,52.33679879358701,7,392603,03 GG-AT: fo-l; fo-u,Vorherrschend *Gley-Tschernitzen aus *Auenlehm bis *Auenschluff
odWWEokiq8bKwUX97NpW,11.07433834593816,52.3379540759736,7,392603,03 GG-AT: fo-l; fo-u,Vorherrschend *Gley-Tschernitzen aus *Auenlehm bis *Auenschluff
odWWEokiq8bKwUX97NpW,11.076171804559905,52.337921860357525,7,392603,03 GG-AT: fo-l; fo-u,Vorherrschend *Gley-Tschernitzen aus *Auenlehm bis *Auenschluff
p7RF8DS5rABbq6R41FBP,11.033322413626562,52.385904387279204,14,392611,11 BBn: p-ls/fg-s,"Vorherrschend *Braunerden aus *Geschiebedecksand, über glazifluviatilem Sand"
p7RF8DS5rABbq6R41FBP,11.03515790526421,52.3858727879672,14,392611,11 BBn: p-ls/fg-s,"Vorherrschend *Braunerden aus *Geschiebedecksand, über glazifluviatilem Sand"
p7RF8DS5rABbq6R41FBP,11.027867400818822,52.387122105617415,14,392611,11 BBn: p-ls/fg-s,"Vorherrschend *Braunerden aus *Geschiebedecksand, über glazifluviatilem Sand"
p7RF8DS5rABbq6R41FBP,11.029702949167847,52.387090590496705,14,392611,11 BBn: p-ls/fg-s,"Vorherrschend *Braunerden aus *Geschiebedecksand, über glazifluviatilem Sand"
p7RF8DS5rABbq6R41FBP,11.031538494123183,52.38705904688774,14,392611,11 BBn: p-ls/fg-s,"Vorherrschend *Braunerden aus *Geschiebedecksand, über glazifluviatilem Sand"
p7RF8DS5rABbq6R41FBP,11.03337403568177,52.38702747479064,14,392611,11 BBn: p-ls/fg-s,"Vorherrschend *Braunerden aus *Geschiebedecksand, über glazifluviatilem Sand"
p7RF8DS5rABbq6R41FBP,11.026083288434426,52.388276684591915,14,392611,11 BBn: p-ls/fg-s,"Vorherrschend *Braunerden aus *Geschiebedecksand, über glazifluviatilem Sand"
p7RF8DS5rABbq6R41FBP,11.027918886699469,52.38824519669098,14,392611,11 BBn: p-ls/fg-s,"Vorherrschend *Braunerden aus *Geschiebedecksand, über glazifluviatilem Sand"
p7RF8DS5rABbq6R41FBP,11.02975448157358,52.38821368030053,14,392611,11 BBn: p-ls/fg-s,"Vorherrschend *Braunerden aus *Geschiebedecksand, über glazifluviatilem Sand"
p7RF8DS5rABbq6R41FBP,11.031590073053703,52.38818213542067,14,392611,11 BBn: p-ls/fg-s,"Vorherrschend *Braunerden aus *Geschiebedecksand, über glazifluviatilem Sand"
p7RF8DS5rABbq6R41FBP,11.033425661136786,52.38815056205154,14,392611,11 BBn: p-ls/fg-s,"Vorherrschend *Braunerden aus *Geschiebedecksand, über glazifluviatilem Sand"
p7RF8DS5rABbq6R41FBP,11.026134731177558,52.389399776683774,14,392611,11 BBn: p-ls/fg-s,"Vorherrschend *Braunerden aus *Geschiebedecksand, über glazifluviatilem Sand"
p7RF8DS5rABbq6R41FBP,11.027970375971043,52.38936828751419,14,392611,11 BBn: p-ls/fg-s,"Vorherrschend *Braunerden aus *Geschiebedecksand, über glazifluviatilem Sand"
p7RF8DS5rABbq6R41FBP,11.029806017373298,52.38933676985392,14,392611,11 BBn: p-ls/fg-s,"Vorherrschend *Braunerden aus *Geschiebedecksand, über glazifluviatilem Sand"
pSFJ4nrCmrvraJDKb00b,11.065662512122055,52.36128382308904,2,392603,03 GG-AT: fo-l; fo-u,Vorherrschend *Gley-Tschernitzen aus *Auenlehm bis *Auenschluff
pSFJ4nrCmrvraJDKb00b,11.06749694628097,52.36125173213586,2,392603,03 GG-AT: fo-l; fo-u,Vorherrschend *Gley-Tschernitzen aus *Auenlehm bis *Auenschluff
pcsJj09c17yzqHrERNFW,11.036082205643899,52.382379534870424,4,392611,11 BBn: p-ls/fg-s,"Vorherrschend *Braunerden aus *Geschiebedecksand, über glazifluviatilem Sand"
pcsJj09c17yzqHrERNFW,11.03613389116853,52.38350262113163,4,392611,11 BBn: p-ls/fg-s,"Vorherrschend *Braunerden aus *Geschiebedecksand, über glazifluviatilem Sand"
pcsJj09c17yzqHrERNFW,11.034350141348682,52.38465732188802,4,392611,11 BBn: p-ls/fg-s,"Vorherrschend *Braunerden aus *Geschiebedecksand, über glazifluviatilem Sand"
pcsJj09c17yzqHrERNFW,11.036185580096909,52.3846257071422,4,392611,11 BBn: p-ls/fg-s,"Vorherrschend *Braunerden aus *Geschiebedecksand, über glazifluviatilem Sand"
pnZlGAIrQQMGSl0a3HbO,11.091199421233256,52.33485226539638,25,392606,"06 SS-BB, SS-BB-LF: p-ls/g-l; SSn: p-l/g-l","Vorherrschend *Pseudogley-Braunerden bis *Pseudogley-Braunerde-Fahlerden aus *Geschiebedecksand über *Geschiebelehm, selten Pseudogleye aus Geschiebelehm"
pnZlGAIrQQMGSl0a3HbO,11.09303273193599,52.33481978949089,25,392606,"06 SS-BB, SS-BB-LF: p-ls/g-l; SSn: p-l/g-l","Vorherrschend *Pseudogley-Braunerden bis *Pseudogley-Braunerde-Fahlerden aus *Geschiebedecksand über *Geschiebelehm, selten Pseudogleye aus Geschiebelehm"
pnZlGAIrQQMGSl0a3HbO,11.091252414450386,52.33597532177425,25,392606,"06 SS-BB, SS-BB-LF: p-ls/g-l; SSn: p-l/g-l","Vorherrschend *Pseudogley-Braunerden bis *Pseudogley-Braunerde-Fahlerden aus *Geschiebedecksand über *Geschiebelehm, selten Pseudogleye aus Geschiebelehm"
pnZlGAIrQQMGSl0a3HbO,11.093085771528504,52.335942844560975,25,392606,"06 SS-BB, SS-BB-LF: p-ls/g-l; SSn: p-l/g-l","Vorherrschend *Pseudogley-Braunerden bis *Pseudogley-Braunerde-Fahlerden aus *Geschiebedecksand über *Geschiebelehm, selten Pseudogleye aus Geschiebelehm"
pnZlGAIrQQMGSl0a3HbO,11.093138814610587,52.33706589937837,25,392606,"06 SS-BB, SS-BB-LF: p-ls/g-l; SSn: p-l/g-l","Vorherrschend *Pseudogley-Braunerden bis *Pseudogley-Braunerde-Fahlerden aus *Geschiebedecksand über *Geschiebelehm, selten Pseudogleye aus Geschiebelehm"
pnZlGAIrQQMGSl0a3HbO,11.09319186118254,52.33818895394307,25,392606,"06 SS-BB, SS-BB-LF: p-ls/g-l; SSn: p-l/g-l","Vorherrschend *Pseudogley-Braunerden bis *Pseudogley-Braunerde-Fahlerden aus *Geschiebedecksand über *Geschiebelehm, selten Pseudogleye aus Geschiebelehm"
pnZlGAIrQQMGSl0a3HbO,11.095025307530385,52.33815644567885,25,392606,"06 SS-BB, SS-BB-LF: p-ls/g-l; SSn: p-l/g-l","Vorherrschend *Pseudogley-Braunerden bis *Pseudogley-Braunerde-Fahlerden aus *Geschiebedecksand über *Geschiebelehm, selten Pseudogleye aus Geschiebelehm"
pnZlGAIrQQMGSl0a3HbO,11.096858750385007,52.338123908979576,25,392606,"06 SS-BB, SS-BB-LF: p-ls/g-l; SSn: p-l/g-l","Vorherrschend *Pseudogley-Braunerden bis *Pseudogley-Braunerde-Fahlerden aus *Geschiebedecksand über *Geschiebelehm, selten Pseudogleye aus Geschiebelehm"
pnZlGAIrQQMGSl0a3HbO,11.098692189743362,52.33809134384534,25,392606,"06 SS-BB, SS-BB-LF: p-ls/g-l; SSn: p-l/g-l","Vorherrschend *Pseudogley-Braunerden bis *Pseudogley-Braunerde-Fahlerden aus *Geschiebedecksand über *Geschiebelehm, selten Pseudogleye aus Geschiebelehm"
pnZlGAIrQQMGSl0a3HbO,11.093244911244671,52.33931200825506,25,392606,"06 SS-BB, SS-BB-LF: p-ls/g-l; SSn: p-l/g-l","Vorherrschend *Pseudogley-Braunerden bis *Pseudogley-Braunerde-Fahlerden aus *Geschiebedecksand über *Geschiebelehm, selten Pseudogleye aus Geschiebelehm"
pnZlGAIrQQMGSl0a3HbO,11.09507840397673,52.339279498681734,25,392606,"06 SS-BB, SS-BB-LF: p-ls/g-l; SSn: p-l/g-l","Vorherrschend *Pseudogley-Braunerden bis *Pseudogley-Braunerde-Fahlerden aus *Geschiebedecksand über *Geschiebelehm, selten Pseudogleye aus Geschiebelehm"
pnZlGAIrQQMGSl0a3HbO,11.096911893215262,52.339246960672185,25,392606,"06 SS-BB, SS-BB-LF: p-ls/g-l; SSn: p-l/g-l","Vorherrschend *Pseudogley-Braunerden bis *Pseudogley-Braunerde-Fahlerden aus *Geschiebedecksand über *Geschiebelehm, selten Pseudogleye aus Geschiebelehm"
pnZlGAIrQQMGSl0a3HbO,11.093297964797285,52.340435062314334,25,392606,"06 SS-BB, SS-BB-LF: p-ls/g-l; SSn: p-l/g-l","Vorherrschend *Pseudogley-Braunerden bis *Pseudogley-Braunerde-Fahlerden aus *Geschiebedecksand über *Geschiebelehm, selten Pseudogleye aus Geschiebelehm"
pnZlGAIrQQMGSl0a3HbO,11.095131503916607,52.34040255143183,25,392606,"06 SS-BB, SS-BB-LF: p-ls/g-l; SSn: p-l/g-l","Vorherrschend *Pseudogley-Braunerden bis *Pseudogley-Braunerde-Fahlerden aus *Geschiebedecksand über *Geschiebelehm, selten Pseudogleye aus Geschiebelehm"
pnZlGAIrQQMGSl0a3HbO,11.09696503954209,52.34037001211197,25,392606,"06 SS-BB, SS-BB-LF: p-ls/g-l; SSn: p-l/g-l","Vorherrschend *Pseudogley-Braunerden bis *Pseudogley-Braunerde-Fahlerden aus *Geschiebedecksand über *Geschiebelehm, selten Pseudogleye aus Geschiebelehm"
pnZlGAIrQQMGSl0a3HbO,11.09335102184069,52.341558116120915,25,392606,"06 SS-BB, SS-BB-LF: p-ls/g-l; SSn: p-l/g-l","Vorherrschend *Pseudogley-Braunerden bis *Pseudogley-Braunerde-Fahlerden aus *Geschiebedecksand über *Geschiebelehm, selten Pseudogleye aus Geschiebelehm"
pnZlGAIrQQMGSl0a3HbO,11.095184607350316,52.34152560392916,25,392606,"06 SS-BB, SS-BB-LF: p-ls/g-l; SSn: p-l/g-l","Vorherrschend *Pseudogley-Braunerden bis *Pseudogley-Braunerde-Fahlerden aus *Geschiebedecksand über *Geschiebelehm, selten Pseudogleye aus Geschiebelehm"
pnZlGAIrQQMGSl0a3HbO,11.0970181893658,52.341493063298905,25,392606,"06 SS-BB, SS-BB-LF: p-ls/g-l; SSn: p-l/g-l","Vorherrschend *Pseudogley-Braunerden bis *Pseudogley-Braunerde-Fahlerden aus *Geschiebedecksand über *Geschiebelehm, selten Pseudogleye aus Geschiebelehm"
pnZlGAIrQQMGSl0a3HbO,11.09157044698081,52.342713654736094,25,392606,"06 SS-BB, SS-BB-LF: p-ls/g-l; SSn: p-l/g-l","Vorherrschend *Pseudogley-Braunerden bis *Pseudogley-Braunerde-Fahlerden aus *Geschiebedecksand über *Geschiebelehm, selten Pseudogleye aus Geschiebelehm"
pnZlGAIrQQMGSl0a3HbO,11.093404082375187,52.34268116967479,25,392606,"06 SS-BB, SS-BB-LF: p-ls/g-l; SSn: p-l/g-l","Vorherrschend *Pseudogley-Braunerden bis *Pseudogley-Braunerde-Fahlerden aus *Geschiebedecksand über *Geschiebelehm, selten Pseudogleye aus Geschiebelehm"
pnZlGAIrQQMGSl0a3HbO,11.095237714278165,52.34264865617372,25,392606,"06 SS-BB, SS-BB-LF: p-ls/g-l; SSn: p-l/g-l","Vorherrschend *Pseudogley-Braunerden bis *Pseudogley-Braunerde-Fahlerden aus *Geschiebedecksand über *Geschiebelehm, selten Pseudogleye aus Geschiebelehm"
pnZlGAIrQQMGSl0a3HbO,11.097071342686695,52.34261611423301,25,392606,"06 SS-BB, SS-BB-LF: p-ls/g-l; SSn: p-l/g-l","Vorherrschend *Pseudogley-Braunerden bis *Pseudogley-Braunerde-Fahlerden aus *Geschiebedecksand über *Geschiebelehm, selten Pseudogleye aus Geschiebelehm"
pnZlGAIrQQMGSl0a3HbO,11.091623464610004,52.343836709345496,25,392606,"06 SS-BB, SS-BB-LF: p-ls/g-l; SSn: p-l/g-l","Vorherrschend *Pseudogley-Braunerden bis *Pseudogley-Braunerde-Fahlerden aus *Geschiebedecksand über *Geschiebelehm, selten Pseudogleye aus Geschiebelehm"
pnZlGAIrQQMGSl0a3HbO,11.093457146401086,52.343804222975955,25,392606,"06 SS-BB, SS-BB-LF: p-ls/g-l; SSn: p-l/g-l","Vorherrschend *Pseudogley-Braunerden bis *Pseudogley-Braunerde-Fahlerden aus *Geschiebedecksand über *Geschiebelehm, selten Pseudogleye aus Geschiebelehm"
pnZlGAIrQQMGSl0a3HbO,11.095290824700461,52.343771708165505,25,392606,"06 SS-BB, SS-BB-LF: p-ls/g-l; SSn: p-l/g-l","Vorherrschend *Pseudogley-Braunerden bis *Pseudogley-Braunerde-Fahlerden aus *Geschiebedecksand über *Geschiebelehm, selten Pseudogleye aus Geschiebelehm"
pumW6LNsI3T5RD9zW3SI,11.057907093300793,52.36313311228391,2,392611,11 BBn: p-ls/fg-s,"Vorherrschend *Braunerden aus *Geschiebedecksand, über glazifluviatilem Sand"
pumW6LNsI3T5RD9zW3SI,11.057959296387356,52.36425618691778,2,392611,11 BBn: p-ls/fg-s,"Vorherrschend *Braunerden aus *Geschiebedecksand, über glazifluviatilem Sand"
qWDBs4wPcZ49VORemTmL,11.060668028330369,52.34580370912092,9,392630,"30 GNn, GGn, GMn: u-ls,u-l/f-s","Überwiegend *Naßgleye, gering verbreitet Gleye und Anmoorgleye aus holozän *umgelagertem *Sand bis *Lehm über Niederungssand, verbreitet mit abgesenktem Grundwasser"
qWDBs4wPcZ49VORemTmL,11.062501827475563,52.345771702283265,9,392630,"30 GNn, GGn, GMn: u-ls,u-l/f-s","Überwiegend *Naßgleye, gering verbreitet Gleye und Anmoorgleye aus holozän *umgelagertem *Sand bis *Lehm über Niederungssand, verbreitet mit abgesenktem Grundwasser"
qWDBs4wPcZ49VORemTmL,11.064335623180217,52.34573966700116,9,392630,"30 GNn, GGn, GMn: u-ls,u-l/f-s","Überwiegend *Naßgleye, gering verbreitet Gleye und Anmoorgleye aus holozän *umgelagertem *Sand bis *Lehm über Niederungssand, verbreitet mit abgesenktem Grundwasser"
qWDBs4wPcZ49VORemTmL,11.058886419801109,52.34695876479995,9,392630,"30 GNn, GGn, GMn: u-ls,u-l/f-s","Überwiegend *Naßgleye, gering verbreitet Gleye und Anmoorgleye aus holozän *umgelagertem *Sand bis *Lehm über Niederungssand, verbreitet mit abgesenktem Grundwasser"
qWDBs4wPcZ49VORemTmL,11.060720268792837,52.34692678511897,9,392630,"30 GNn, GGn, GMn: u-ls,u-l/f-s","Überwiegend *Naßgleye, gering verbreitet Gleye und Anmoorgleye aus holozän *umgelagertem *Sand bis *Lehm über Niederungssand, verbreitet mit abgesenktem Grundwasser"
qWDBs4wPcZ49VORemTmL,11.062554114346772,52.34689477699228,9,392630,"30 GNn, GGn, GMn: u-ls,u-l/f-s","Überwiegend *Naßgleye, gering verbreitet Gleye und Anmoorgleye aus holozän *umgelagertem *Sand bis *Lehm über Niederungssand, verbreitet mit abgesenktem Grundwasser"
qWDBs4wPcZ49VORemTmL,11.064387956459868,52.34686274042,9,392630,"30 GNn, GGn, GMn: u-ls,u-l/f-s","Überwiegend *Naßgleye, gering verbreitet Gleye und Anmoorgleye aus holozän *umgelagertem *Sand bis *Lehm über Niederungssand, verbreitet mit abgesenktem Grundwasser"
qWDBs4wPcZ49VORemTmL,11.0607725126931,52.34804986086549,9,392630,"30 GNn, GGn, GMn: u-ls,u-l/f-s","Überwiegend *Naßgleye, gering verbreitet Gleye und Anmoorgleye aus holozän *umgelagertem *Sand bis *Lehm über Niederungssand, verbreitet mit abgesenktem Grundwasser"
qWDBs4wPcZ49VORemTmL,11.062606404658826,52.34801785144968,9,392630,"30 GNn, GGn, GMn: u-ls,u-l/f-s","Überwiegend *Naßgleye, gering verbreitet Gleye und Anmoorgleye aus holozän *umgelagertem *Sand bis *Lehm über Niederungssand, verbreitet mit abgesenktem Grundwasser"
qfwctMauD5WIJyoszRR9,11.083151279107776,52.35094047316125,31,392606,"06 SS-BB, SS-BB-LF: p-ls/g-l; SSn: p-l/g-l","Vorherrschend *Pseudogley-Braunerden bis *Pseudogley-Braunerde-Fahlerden aus *Geschiebedecksand über *Geschiebelehm, selten Pseudogleye aus Geschiebelehm"
qfwctMauD5WIJyoszRR9,11.084985264740489,52.35090811520462,31,392606,"06 SS-BB, SS-BB-LF: p-ls/g-l; SSn: p-l/g-l","Vorherrschend *Pseudogley-Braunerden bis *Pseudogley-Braunerde-Fahlerden aus *Geschiebedecksand über *Geschiebelehm, selten Pseudogleye aus Geschiebelehm"
qfwctMauD5WIJyoszRR9,11.083204099074289,52.35206353221881,31,392606,"06 SS-BB, SS-BB-LF: p-ls/g-l; SSn: p-l/g-l","Vorherrschend *Pseudogley-Braunerden bis *Pseudogley-Braunerde-Fahlerden aus *Geschiebedecksand über *Geschiebelehm, selten Pseudogleye aus Geschiebelehm"
qfwctMauD5WIJyoszRR9,11.085038131127074,52.35203117295895,31,392606,"06 SS-BB, SS-BB-LF: p-ls/g-l; SSn: p-l/g-l","Vorherrschend *Pseudogley-Braunerden bis *Pseudogley-Braunerde-Fahlerden aus *Geschiebedecksand über *Geschiebelehm, selten Pseudogleye aus Geschiebelehm"
qfwctMauD5WIJyoszRR9,11.086872159700581,52.35199878524936,31,392606,"06 SS-BB, SS-BB-LF: p-ls/g-l; SSn: p-l/g-l","Vorherrschend *Pseudogley-Braunerden bis *Pseudogley-Braunerde-Fahlerden aus *Geschiebedecksand über *Geschiebelehm, selten Pseudogleye aus Geschiebelehm"
qfwctMauD5WIJyoszRR9,11.079588755138682,52.35325122679723,31,392606,"06 SS-BB, SS-BB-LF: p-ls/g-l; SSn: p-l/g-l","Vorherrschend *Pseudogley-Braunerden bis *Pseudogley-Braunerde-Fahlerden aus *Geschiebedecksand über *Geschiebelehm, selten Pseudogleye aus Geschiebelehm"
qfwctMauD5WIJyoszRR9,11.081422840564596,52.353218923136176,31,392606,"06 SS-BB, SS-BB-LF: p-ls/g-l; SSn: p-l/g-l","Vorherrschend *Pseudogley-Braunerden bis *Pseudogley-Braunerde-Fahlerden aus *Geschiebedecksand über *Geschiebelehm, selten Pseudogleye aus Geschiebelehm"
qfwctMauD5WIJyoszRR9,11.083256922517032,52.35318659102403,31,392606,"06 SS-BB, SS-BB-LF: p-ls/g-l; SSn: p-l/g-l","Vorherrschend *Pseudogley-Braunerden bis *Pseudogley-Braunerde-Fahlerden aus *Geschiebedecksand über *Geschiebelehm, selten Pseudogleye aus Geschiebelehm"
qfwctMauD5WIJyoszRR9,11.085091000992938,52.35315423046088,31,392606,"06 SS-BB, SS-BB-LF: p-ls/g-l; SSn: p-l/g-l","Vorherrschend *Pseudogley-Braunerden bis *Pseudogley-Braunerde-Fahlerden aus *Geschiebedecksand über *Geschiebelehm, selten Pseudogleye aus Geschiebelehm"
qfwctMauD5WIJyoszRR9,11.08692507598926,52.35312184144686,31,392606,"06 SS-BB, SS-BB-LF: p-ls/g-l; SSn: p-l/g-l","Vorherrschend *Pseudogley-Braunerden bis *Pseudogley-Braunerde-Fahlerden aus *Geschiebedecksand über *Geschiebelehm, selten Pseudogleye aus Geschiebelehm"
qfwctMauD5WIJyoszRR9,11.088759147502953,52.35308942398209,31,392606,"06 SS-BB, SS-BB-LF: p-ls/g-l; SSn: p-l/g-l","Vorherrschend *Pseudogley-Braunerden bis *Pseudogley-Braunerde-Fahlerden aus *Geschiebedecksand über *Geschiebelehm, selten Pseudogleye aus Geschiebelehm"
qfwctMauD5WIJyoszRR9,11.079641489204704,52.354374287953384,31,392606,"06 SS-BB, SS-BB-LF: p-ls/g-l; SSn: p-l/g-l","Vorherrschend *Pseudogley-Braunerden bis *Pseudogley-Braunerde-Fahlerden aus *Geschiebedecksand über *Geschiebelehm, selten Pseudogleye aus Geschiebelehm"
qfwctMauD5WIJyoszRR9,11.081475621057397,52.354341982991286,31,392606,"06 SS-BB, SS-BB-LF: p-ls/g-l; SSn: p-l/g-l","Vorherrschend *Pseudogley-Braunerden bis *Pseudogley-Braunerde-Fahlerden aus *Geschiebedecksand über *Geschiebelehm, selten Pseudogleye aus Geschiebelehm"
qfwctMauD5WIJyoszRR9,11.083309749436305,52.35430964957691,31,392606,"06 SS-BB, SS-BB-LF: p-ls/g-l; SSn: p-l/g-l","Vorherrschend *Pseudogley-Braunerden bis *Pseudogley-Braunerde-Fahlerden aus *Geschiebedecksand über *Geschiebelehm, selten Pseudogleye aus Geschiebelehm"
qfwctMauD5WIJyoszRR9,11.085143874338378,52.3542772877104,31,392606,"06 SS-BB, SS-BB-LF: p-ls/g-l; SSn: p-l/g-l","Vorherrschend *Pseudogley-Braunerden bis *Pseudogley-Braunerde-Fahlerden aus *Geschiebedecksand über *Geschiebelehm, selten Pseudogleye aus Geschiebelehm"
qfwctMauD5WIJyoszRR9,11.086977995760567,52.35424489739189,31,392606,"06 SS-BB, SS-BB-LF: p-ls/g-l; SSn: p-l/g-l","Vorherrschend *Pseudogley-Braunerden bis *Pseudogley-Braunerde-Fahlerden aus *Geschiebedecksand über *Geschiebelehm, selten Pseudogleye aus Geschiebelehm"
qfwctMauD5WIJyoszRR9,11.088812113699818,52.35421247862148,31,392606,"06 SS-BB, SS-BB-LF: p-ls/g-l; SSn: p-l/g-l","Vorherrschend *Pseudogley-Braunerden bis *Pseudogley-Braunerde-Fahlerden aus *Geschiebedecksand über *Geschiebelehm, selten Pseudogleye aus Geschiebelehm"
qfwctMauD5WIJyoszRR9,11.079694226741461,52.355497348857334,31,392606,"06 SS-BB, SS-BB-LF: p-ls/g-l; SSn: p-l/g-l","Vorherrschend *Pseudogley-Braunerden bis *Pseudogley-Braunerde-Fahlerden aus *Geschiebedecksand über *Geschiebelehm, selten Pseudogleye aus Geschiebelehm"
qfwctMauD5WIJyoszRR9,11.081528405023983,52.3554650425941,31,392606,"06 SS-BB, SS-BB-LF: p-ls/g-l; SSn: p-l/g-l","Vorherrschend *Pseudogley-Braunerden bis *Pseudogley-Braunerde-Fahlerden aus *Geschiebedecksand über *Geschiebelehm, selten Pseudogleye aus Geschiebelehm"
qfwctMauD5WIJyoszRR9,11.083362579832414,52.35543270787746,31,392606,"06 SS-BB, SS-BB-LF: p-ls/g-l; SSn: p-l/g-l","Vorherrschend *Pseudogley-Braunerden bis *Pseudogley-Braunerde-Fahlerden aus *Geschiebedecksand über *Geschiebelehm, selten Pseudogleye aus Geschiebelehm"
qfwctMauD5WIJyoszRR9,11.085196751163705,52.35540034470753,31,392606,"06 SS-BB, SS-BB-LF: p-ls/g-l; SSn: p-l/g-l","Vorherrschend *Pseudogley-Braunerden bis *Pseudogley-Braunerde-Fahlerden aus *Geschiebedecksand über *Geschiebelehm, selten Pseudogleye aus Geschiebelehm"
qfwctMauD5WIJyoszRR9,11.087030919014806,52.355367953084446,31,392606,"06 SS-BB, SS-BB-LF: p-ls/g-l; SSn: p-l/g-l","Vorherrschend *Pseudogley-Braunerden bis *Pseudogley-Braunerde-Fahlerden aus *Geschiebedecksand über *Geschiebelehm, selten Pseudogleye aus Geschiebelehm"
qfwctMauD5WIJyoszRR9,11.088865083382668,52.35533553300833,31,392606,"06 SS-BB, SS-BB-LF: p-ls/g-l; SSn: p-l/g-l","Vorherrschend *Pseudogley-Braunerden bis *Pseudogley-Braunerde-Fahlerden aus *Geschiebedecksand über *Geschiebelehm, selten Pseudogleye aus Geschiebelehm"
qfwctMauD5WIJyoszRR9,11.09069924426424,52.3553030844793,31,392606,"06 SS-BB, SS-BB-LF: p-ls/g-l; SSn: p-l/g-l","Vorherrschend *Pseudogley-Braunerden bis *Pseudogley-Braunerde-Fahlerden aus *Geschiebedecksand über *Geschiebelehm, selten Pseudogleye aus Geschiebelehm"
qfwctMauD5WIJyoszRR9,11.08158119246466,52.356588101944645,31,392606,"06 SS-BB, SS-BB-LF: p-ls/g-l; SSn: p-l/g-l","Vorherrschend *Pseudogley-Braunerden bis *Pseudogley-Braunerde-Fahlerden aus *Geschiebedecksand über *Geschiebelehm, selten Pseudogleye aus Geschiebelehm"
qfwctMauD5WIJyoszRR9,11.083415413705662,52.35655576592567,31,392606,"06 SS-BB, SS-BB-LF: p-ls/g-l; SSn: p-l/g-l","Vorherrschend *Pseudogley-Braunerden bis *Pseudogley-Braunerde-Fahlerden aus *Geschiebedecksand über *Geschiebelehm, selten Pseudogleye aus Geschiebelehm"
qfwctMauD5WIJyoszRR9,11.085249631469221,52.356523401452264,31,392606,"06 SS-BB, SS-BB-LF: p-ls/g-l; SSn: p-l/g-l","Vorherrschend *Pseudogley-Braunerden bis *Pseudogley-Braunerde-Fahlerden aus *Geschiebedecksand über *Geschiebelehm, selten Pseudogleye aus Geschiebelehm"
qfwctMauD5WIJyoszRR9,11.087083845752286,52.35649100852454,31,392606,"06 SS-BB, SS-BB-LF: p-ls/g-l; SSn: p-l/g-l","Vorherrschend *Pseudogley-Braunerden bis *Pseudogley-Braunerde-Fahlerden aus *Geschiebedecksand über *Geschiebelehm, selten Pseudogleye aus Geschiebelehm"
qfwctMauD5WIJyoszRR9,11.088918056551805,52.35645858714265,31,392606,"06 SS-BB, SS-BB-LF: p-ls/g-l; SSn: p-l/g-l","Vorherrschend *Pseudogley-Braunerden bis *Pseudogley-Braunerde-Fahlerden aus *Geschiebedecksand über *Geschiebelehm, selten Pseudogleye aus Geschiebelehm"
qfwctMauD5WIJyoszRR9,11.09075226386473,52.356426137306705,31,392606,"06 SS-BB, SS-BB-LF: p-ls/g-l; SSn: p-l/g-l","Vorherrschend *Pseudogley-Braunerden bis *Pseudogley-Braunerde-Fahlerden aus *Geschiebedecksand über *Geschiebelehm, selten Pseudogleye aus Geschiebelehm"
qfwctMauD5WIJyoszRR9,11.09258646768801,52.356393659016824,31,392606,"06 SS-BB, SS-BB-LF: p-ls/g-l; SSn: p-l/g-l","Vorherrschend *Pseudogley-Braunerden bis *Pseudogley-Braunerde-Fahlerden aus *Geschiebedecksand über *Geschiebelehm, selten Pseudogleye aus Geschiebelehm"
qupKPtjxcbSWIbXc2bCm,11.081162001645616,52.334376117497534,5,392603,03 GG-AT: fo-l; fo-u,Vorherrschend *Gley-Tschernitzen aus *Auenlehm bis *Auenschluff
qupKPtjxcbSWIbXc2bCm,11.082995304379454,52.334343797539034,5,392603,03 GG-AT: fo-l; fo-u,Vorherrschend *Gley-Tschernitzen aus *Auenlehm bis *Auenschluff
qupKPtjxcbSWIbXc2bCm,11.084828603640824,52.33431144914875,5,392603,03 GG-AT: fo-l; fo-u,Vorherrschend *Gley-Tschernitzen aus *Auenlehm bis *Auenschluff
qupKPtjxcbSWIbXc2bCm,11.083048088820139,52.33546685988009,5,392603,03 GG-AT: fo-l; fo-u,Vorherrschend *Gley-Tschernitzen aus *Auenlehm bis *Auenschluff
qupKPtjxcbSWIbXc2bCm,11.084881434456484,52.33543451018717,5,392603,03 GG-AT: fo-l; fo-u,Vorherrschend *Gley-Tschernitzen aus *Auenlehm bis *Auenschluff
rxei8iAceEdX5gBHki5T,11.045087818133435,52.3761100315658,2,392611,11 BBn: p-ls/fg-s,"Vorherrschend *Braunerden aus *Geschiebedecksand, über glazifluviatilem Sand"
rxei8iAceEdX5gBHki5T,11.045139720437815,52.3772331127294,2,392611,11 BBn: p-ls/fg-s,"Vorherrschend *Braunerden aus *Geschiebedecksand, über glazifluviatilem Sand"
tYx3FXAoCMdYPtKeQjFN,11.037629094548782,52.35637914083748,5,392611,11 BBn: p-ls/fg-s,"Vorherrschend *Braunerden aus *Geschiebedecksand, über glazifluviatilem Sand"
tYx3FXAoCMdYPtKeQjFN,11.037680770880717,52.35750223098786,5,392611,11 BBn: p-ls/fg-s,"Vorherrschend *Braunerden aus *Geschiebedecksand, über glazifluviatilem Sand"
tYx3FXAoCMdYPtKeQjFN,11.035898091053708,52.35865694873378,5,392611,11 BBn: p-ls/fg-s,"Vorherrschend *Braunerden aus *Geschiebedecksand, über glazifluviatilem Sand"
tYx3FXAoCMdYPtKeQjFN,11.037732450614072,52.35862532088751,5,392611,11 BBn: p-ls/fg-s,"Vorherrschend *Braunerden aus *Geschiebedecksand, über glazifluviatilem Sand"
tYx3FXAoCMdYPtKeQjFN,11.035949727742192,52.359780039656656,5,392611,11 BBn: p-ls/fg-s,"Vorherrschend *Braunerden aus *Geschiebedecksand, über glazifluviatilem Sand"
taUMfE6fZvJxC3Zet5uK,11.04633609862424,52.36382668685396,3,392621,"21 GGn, GGhh, HN-GH : u-l; HNn: og-Hn","Überwiegend *Gleye, gering verbreitet humusreiche Gleye bis Moorgleye aus holozän *umgelagertem *fluviatilem *Lehm, selten Niedermoore"
taUMfE6fZvJxC3Zet5uK,11.046388009610755,52.36494976948998,3,392621,"21 GGn, GGhh, HN-GH : u-l; HNn: og-Hn","Überwiegend *Gleye, gering verbreitet humusreiche Gleye bis Moorgleye aus holozän *umgelagertem *fluviatilem *Lehm, selten Niedermoore"
taUMfE6fZvJxC3Zet5uK,11.048222617795751,52.36491797616377,3,392621,"21 GGn, GGhh, HN-GH : u-l; HNn: og-Hn","Überwiegend *Gleye, gering verbreitet humusreiche Gleye bis Moorgleye aus holozän *umgelagertem *fluviatilem *Lehm, selten Niedermoore"
w5bt3UWzJUlmXGtXdl3I,11.046928403980584,52.36780215044805,3,392621,"21 GGn, GGhh, HN-GH : u-l; HNn: og-Hn","Überwiegend *Gleye, gering verbreitet humusreiche Gleye bis Moorgleye aus holozän *umgelagertem *fluviatilem *Lehm, selten Niedermoore"
w5bt3UWzJUlmXGtXdl3I,11.04698033742582,52.36892523190908,3,392621,"21 GGn, GGhh, HN-GH : u-l; HNn: og-Hn","Überwiegend *Gleye, gering verbreitet humusreiche Gleye bis Moorgleye aus holozän *umgelagertem *fluviatilem *Lehm, selten Niedermoore"
w5bt3UWzJUlmXGtXdl3I,11.047032274290137,52.370048313119064,3,392621,"21 GGn, GGhh, HN-GH : u-l; HNn: og-Hn","Überwiegend *Gleye, gering verbreitet humusreiche Gleye bis Moorgleye aus holozän *umgelagertem *fluviatilem *Lehm, selten Niedermoore"
xt5iT7ph4MKOPlXTg3wu,11.035918950095231,52.36996014601941,11,392611,11 BBn: p-ls/fg-s,"Vorherrschend *Braunerden aus *Geschiebedecksand, über glazifluviatilem Sand"
xt5iT7ph4MKOPlXTg3wu,11.034135730746998,52.37111484049478,11,392621,"21 GGn, GGhh, HN-GH : u-l; HNn: og-Hn","Überwiegend *Gleye, gering verbreitet humusreiche Gleye bis Moorgleye aus holozän *umgelagertem *fluviatilem *Lehm, selten Niedermoore"
xt5iT7ph4MKOPlXTg3wu,11.035970608350034,52.37108323476764,11,392611,11 BBn: p-ls/fg-s,"Vorherrschend *Braunerden aus *Geschiebedecksand, über glazifluviatilem Sand"
xt5iT7ph4MKOPlXTg3wu,11.037805482551942,52.37105160056891,11,392611,11 BBn: p-ls/fg-s,"Vorherrschend *Braunerden aus *Geschiebedecksand, über glazifluviatilem Sand"
xt5iT7ph4MKOPlXTg3wu,11.032352418440082,52.372269508793046,11,392621,"21 GGn, GGhh, HN-GH : u-l; HNn: og-Hn","Überwiegend *Gleye, gering verbreitet humusreiche Gleye bis Moorgleye aus holozän *umgelagertem *fluviatilem *Lehm, selten Niedermoore"
xt5iT7ph4MKOPlXTg3wu,11.034187345922211,52.372237930265555,11,392611,11 BBn: p-ls/fg-s,"Vorherrschend *Braunerden aus *Geschiebedecksand, über glazifluviatilem Sand"
xt5iT7ph4MKOPlXTg3wu,11.036022270005967,52.37220632326522,11,392611,11 BBn: p-ls/fg-s,"Vorherrschend *Braunerden aus *Geschiebedecksand, über glazifluviatilem Sand"
xt5iT7ph4MKOPlXTg3wu,11.037857190688298,52.372174687792146,11,392611,11 BBn: p-ls/fg-s,"Vorherrschend *Braunerden aus *Geschiebedecksand, über glazifluviatilem Sand"
xt5iT7ph4MKOPlXTg3wu,11.032403990529597,52.373392599585365,11,392611,11 BBn: p-ls/fg-s,"Vorherrschend *Braunerden aus *Geschiebedecksand, über glazifluviatilem Sand"
xt5iT7ph4MKOPlXTg3wu,11.034238964495797,52.373361019785754,11,392611,11 BBn: p-ls/fg-s,"Vorherrschend *Braunerden aus *Geschiebedecksand, über glazifluviatilem Sand"
xt5iT7ph4MKOPlXTg3wu,11.036073935063328,52.37332941151215,11,392611,11 BBn: p-ls/fg-s,"Vorherrschend *Braunerden aus *Geschiebedecksand, über glazifluviatilem Sand"
xtMqrquNCdC21lZ0NMYI,11.091577932359074,52.34054084600178,1,392606,"06 SS-BB, SS-BB-LF: p-ls/g-l; SSn: p-l/g-l","Vorherrschend *Pseudogley-Braunerden bis *Pseudogley-Braunerde-Fahlerden aus *Geschiebedecksand über *Geschiebelehm, selten Pseudogleye aus Geschiebelehm"
xwqo8oZ0Ei3I7dqYD3A9,11.052827244984044,52.363798522945174,3,392611,11 BBn: p-ls/fg-s,"Vorherrschend *Braunerden aus *Geschiebedecksand, über glazifluviatilem Sand"
xwqo8oZ0Ei3I7dqYD3A9,11.054661798092642,52.36376663015278,3,392611,11 BBn: p-ls/fg-s,"Vorherrschend *Braunerden aus *Geschiebedecksand, über glazifluviatilem Sand"
xwqo8oZ0Ei3I7dqYD3A9,11.05649634777033,52.36373470889718,3,392611,11 BBn: p-ls/fg-s,"Vorherrschend *Braunerden aus *Geschiebedecksand, über glazifluviatilem Sand"
y2PFgZVFpXfqZ21XEBiz,11.093202508805902,52.37719880754046,1,392604,"04 ABn, GG-AB: fo-l; fo-l//f-s; GG-SS: fo-sl/fo-l","Überwiegend *Vegen und verbreitet Gley-Vegen, selten Gley-Pseudogleye aus *Auenlehm, verbreitet über tiefem fluviatilem Sand"
y7yHeXkyCRybIj7aUk0L,11.055793310245308,52.34560188635298,3,392630,"30 GNn, GGn, GMn: u-ls,u-l/f-s","Überwiegend *Naßgleye, gering verbreitet Gleye und Anmoorgleye aus holozän *umgelagertem *Sand bis *Lehm über Niederungssand, verbreitet mit abgesenktem Grundwasser"
y7yHeXkyCRybIj7aUk0L,11.05762710665649,52.34556995525029,3,392630,"30 GNn, GGn, GMn: u-ls,u-l/f-s","Überwiegend *Naßgleye, gering verbreitet Gleye und Anmoorgleye aus holozän *umgelagertem *Sand bis *Lehm über Niederungssand, verbreitet mit abgesenktem Grundwasser"
y7yHeXkyCRybIj7aUk0L,11.057679269621614,52.346693033438186,3,392630,"30 GNn, GGn, GMn: u-ls,u-l/f-s","Überwiegend *Naßgleye, gering verbreitet Gleye und Anmoorgleye aus holozän *umgelagertem *Sand bis *Lehm über Niederungssand, verbreitet mit abgesenktem Grundwasser"
ynpNB8go3pns6dWXnHaa,11.063630239435849,52.36334470448766,1,392603,03 GG-AT: fo-l; fo-u,Vorherrschend *Gley-Tschernitzen aus *Auenlehm bis *Auenschluff
zYBVGO615SLhL4PBBppY,11.044586481227235,52.37356043085268,1,392621,"21 GGn, GGhh, HN-GH : u-l; HNn: og-Hn","Überwiegend *Gleye, gering verbreitet humusreiche Gleye bis Moorgleye aus holozän *umgelagertem *fluviatilem *Lehm, selten Niedermoore"
