{"type":"FeatureCollection","features":[{"type":"Feature","id":54882,"geometry":{"type":"Polygon","coordinates":[[[11.009087908690921,52.318051791894092],[11.011675659254729,52.317706639917922],[11.014128575359939,52.316977233996006],[11.016813195882865,52.315942712864604],[11.021877046299162,52.312732703871205],[11.023914413615284,52.311021490211139],[11.026854523495613,52.310135160100671],[11.028334480109253,52.310109753340491],[11.029102915241978,52.310478557440781],[11.029248432388819,52.310934462134846],[11.029760247639352,52.311303176824765],[11.030251135626528,52.311294739406016],[11.031109229443642,52.310978877667871],[11.031614602757966,52.311046586906926],[11.031863048994067,52.311347915415361],[11.031414257700437,52.31211514818547],[11.029128182862578,52.313754364354814],[11.027920950434883,52.314534609925921],[11.02416107627108,52.316504624804807],[11.022843226187092,52.317515915302963],[11.020729837044966,52.320140718853402],[11.014567663164865,52.32397611634881],[11.012010568849879,52.325084810887532],[11.010930989852119,52.325862703170507],[11.009868280645829,52.327175101205363],[11.009391057363926,52.327488821682657],[11.008646912441202,52.327577878028855],[11.007397852451613,52.327369909777623],[11.007145399763163,52.327221399405161],[11.005515228393131,52.327019886106164],[11.005003433063724,52.326570172693252],[11.004972338401894,52.325963991867361],[11.005204471617171,52.325501649807329],[11.005180494031869,52.324971749130768],[11.004778872473837,52.324443763921835],[11.003765296618196,52.323926159503586],[11.002387890747498,52.323796716738393],[11.001239628685218,52.323056667361506],[11.000713920279884,52.322377970190175],[11.000921719414857,52.321538540386904],[11.002849088992411,52.320287964838606],[11.003915086485414,52.319128374444475],[11.005732139095093,52.31795602229105],[11.00760013841143,52.318072594088143],[11.009087908690921,52.318051791894092]]]},"properties":{"OBJECTID":54882,"Shape_Leng":6191.0087274699999,"GEO":81,"KOMBI":4031,"SCHICHT_1":167,"SCHICHT_2":0,"SCHICHT_3":null,"Kuerzel":"D,,Lg","T1_Kuerzel":"D,,Lg","T2_Kuerzel":" ","T3_Kuerzel":null,"T1_MatBez":"Drenthe-Stadium","T2_MatBez":" ","T3_MatBez":null,"T1_GenTxt":"Grundmoräne (Geschiebemergel, Geschiebelehm)","T2_GenTxt":" ","T3_GenTxt":null,"T1_PethTxt":"Schluff, tonig, sandig, kiesig; Steine","T2_PethTxt":" ","T3_Peth_Tx":null,"T1_PH_Beso":" ","T2_PH_Beso":" ","T3_PH_Beso":null,"T1_G_Beson":" ","T2_G_Beson":" ","T3_G_Beson":null,"T1_S_Beson":" ","T2_S_Beson":" ","T3_S_Beson":null,"T1_Gruppe":"Känozoikum","T1_System":"Quartär","T1_Serie":"Pleistozän","T1_Stufe":"Saale-Kaltzeit","T1_UStufe":"Drenthe-Stadium","T1_Zone":" ","T2_Gruppe":" ","T2_System":" ","T2_Serie":" ","T2_Stufe":" ","T2_UStufe":" ","T2_Zone":" ","T3_Gruppe":null,"T3_System":null,"T3_Serie":null,"T3_Stufe":null,"T3_UStufe":null,"T3_Zone":null,"T1_Blattnu":"CC 3926","T1_Blattna":"Braunschweig","T1_StartJm":0.17999999999999999,"T2_StartJm":0,"T3_StartJm":null,"T1_EndJmio":0.14999999999999999,"T2_EndJmio":0,"T3_EndJmio":null,"Symbol":"D,,Lg","Label":"D,,Lg","Shape_Length":6188.4999483881693,"Shape_Area":1414492.0141577311}},{"type":"Feature","id":55155,"geometry":{"type":"Polygon","coordinates":[[[11.055170887890972,52.42218795922323],[11.053947711669801,52.422362018744842],[11.049819352379817,52.423611132515497],[11.046862101563065,52.424120774180828],[11.04463266247428,52.424235757682716],[11.044126112558269,52.424091718796177],[11.040123786589724,52.423702465873731],[11.038982336915659,52.423340163104236],[11.03786249186791,52.423206675214466],[11.037282221702245,52.42321667787305],[11.035821877945443,52.42343058910842],[11.034354121872283,52.423563716302475],[11.03291785536925,52.423822117861008],[11.03068104252691,52.42393696475677],[11.029567895647189,52.424108880502637],[11.02832669353365,52.424053785241831],[11.02643994584591,52.423627749288123],[11.023082959019616,52.423761648965957],[11.020515855650194,52.422201171263417],[11.02311342591611,52.421779240252192],[11.024708155180333,52.421369939010191],[11.026819992990941,52.421257348295391],[11.028047465531017,52.420935191862291],[11.028647230660619,52.420390104409094],[11.028612370706528,52.419631202425094],[11.027956861810189,52.418802058060038],[11.023927361549299,52.417806023613736],[11.022394333704719,52.416991870006648],[11.020470095712431,52.415577684615208],[11.018947676029121,52.414992503512757],[11.01520999764322,52.414903487610452],[11.014967458129711,52.41498402187846],[11.013091276908966,52.414939590810754],[11.011102050201352,52.414591455831427],[11.009443725867241,52.414084864818797],[11.008698529734218,52.414021131636986],[11.010768329070872,52.410408654501644],[11.015833359817627,52.406740597075959],[11.017182225552386,52.406187281890524],[11.018294791440443,52.406091889784719],[11.021986341796994,52.405269293211909],[11.023452735005007,52.404637496068467],[11.024412624630008,52.403857063710625],[11.025084406515939,52.402322058615745],[11.025503409925745,52.400643076785457],[11.025632058388229,52.400564472232531],[11.025142409683918,52.398056170624919],[11.026081340014157,52.396822177649305],[11.028891918832036,52.395632459685402],[11.0303748927968,52.39553059244831],[11.030499520057349,52.395604850753358],[11.03350807022796,52.396087921208832],[11.036367479579994,52.39604318078753],[11.036495581760171,52.396112878859512],[11.038869699184001,52.396377543942577],[11.040235134968009,52.396434874400171],[11.040366914662407,52.396504504828364],[11.040484719029878,52.396430565117036],[11.041237351468565,52.396422062079552],[11.04221756056633,52.396171434926451],[11.043804620056351,52.395460894940094],[11.044046858965268,52.395456705123614],[11.045740777522527,52.394357796911109],[11.048422206762604,52.39316984562452],[11.049399180682068,52.392851802355189],[11.051356592042714,52.392053842101518],[11.054127121353217,52.390181106245954],[11.054882860023563,52.39032076826701],[11.056857580362944,52.390057214270968],[11.058201423382073,52.389575417267373],[11.059577790838626,52.389555932382471],[11.061320589222515,52.389754745950846],[11.062315204944863,52.389660992914386],[11.063152553260689,52.389187976002162],[11.063213519823476,52.387739803270328],[11.063912333491123,52.386738893351193],[11.065245823564808,52.385803287699133],[11.066660280720166,52.384479756056315],[11.066489975867938,52.383192919237281],[11.068325595756763,52.380041876359989],[11.069408695451436,52.379254416871795],[11.071112205408191,52.378465062560892],[11.072958069089413,52.378050693318023],[11.074822013425539,52.378022474415019],[11.074946453279212,52.378092195337921],[11.078809334455332,52.37832990282007],[11.081282528847829,52.378061660496762],[11.084478929092072,52.377245807371224],[11.08895097240964,52.377243233353205],[11.090444177552373,52.377140426202182],[11.094068472750825,52.377534656020266],[11.096302694637922,52.377495040304275],[11.100386302137245,52.377121415308864],[11.101013551570727,52.37726306507485],[11.103379820774983,52.377220967968611],[11.105136843689452,52.377724483015371],[11.107062162563535,52.378908083765545],[11.10822106790698,52.379957022339894],[11.110285933442283,52.381290882077991],[11.113041180005798,52.381700048880845],[11.11465187919349,52.381594835055047],[11.115557689660188,52.382490935749182],[11.116834361615856,52.383232080233562],[11.119098089946359,52.383879112607822],[11.120595090953623,52.383928658207218],[11.121079440814128,52.383690762547666],[11.121046489632693,52.383003747776122],[11.120268945614329,52.382334589394652],[11.121886985830791,52.382229144300219],[11.125453466414816,52.381481934382442],[11.127687838873568,52.381365322390913],[11.128946298210526,52.381648259172884],[11.131356708048518,52.382669925336415],[11.133653528025638,52.383922795601457],[11.134042511606447,52.384221374858363],[11.134706830046433,52.385202587307077],[11.135994741598413,52.38616803139292],[11.137587560429155,52.388197559083331],[11.139642653688279,52.389454687065239],[11.140905115223308,52.38981382602153],[11.14189571246345,52.389867782352312],[11.142504962861603,52.389555628502201],[11.142794417335718,52.387874053875059],[11.143506190770811,52.387101630189292],[11.145454453682657,52.386230357222139],[11.149428229095419,52.386081741550761],[11.150785764760645,52.385904239351085],[11.151893910576748,52.385582954466216],[11.15443231892691,52.384165975473088],[11.158281179756496,52.384095739259394],[11.159022388976288,52.384158599719676],[11.16474625660272,52.384206681336281],[11.166383075024958,52.384635083501436],[11.16740732537713,52.385227503699745],[11.16780402940941,52.385678631170812],[11.168068354737423,52.386051291701257],[11.168964162884979,52.386569653958851],[11.169848677844609,52.386782612807437],[11.170710793696129,52.386613970931379],[11.172397727052047,52.385517833771566],[11.173388393329127,52.385499610630518],[11.174284167078621,52.385941532037904],[11.175168778110846,52.386230850942098],[11.17591371010268,52.386293531872056],[11.177282318457808,52.386268312791785],[11.180840498384217,52.385290349727256],[11.183929470172254,52.384927672084416],[11.183554421305271,52.387446863181211],[11.183701815286367,52.387754238229526],[11.184749082681165,52.38902920258645],[11.18663923193065,52.389448141568721],[11.189369616008278,52.389478462837566],[11.191180462452573,52.39081561687955],[11.191478842150282,52.391722405084792],[11.191444777970098,52.393628577836644],[11.192658601888304,52.395587996183409],[11.193452378362508,52.396409181321253],[11.19521126825428,52.396987719687829],[11.196084734674345,52.396971485240506],[11.199060837156383,52.396615009428416],[11.201163609208017,52.396499444519073],[11.202763316424329,52.39624042190718],[11.204102118299323,52.395685132216911],[11.205183082510644,52.394748140163188],[11.206252721361002,52.391303577603388],[11.208312529576057,52.38775959960217],[11.209608902231706,52.386288218730932],[11.211045496120537,52.385272607313638],[11.21264795518776,52.384784189180756],[11.213631312959452,52.384693857195565],[11.215638789972235,52.385033732561944],[11.216761881991323,52.385093556475283],[11.2177371979725,52.384769640548299],[11.217721726364744,52.3843879221074],[11.216950303666245,52.383943992955437],[11.21629191569345,52.383044020958828],[11.215947196813545,52.381221337976378],[11.216676478206873,52.380825644898387],[11.218135862296162,52.38034432972475],[11.219722902053523,52.379626897034939],[11.220709408456152,52.379455549421905],[11.222974223027563,52.380024160836619],[11.224502047523098,52.380759415059771],[11.226200540097796,52.382403763504115],[11.22968235265885,52.38241448874809],[11.230185150194547,52.382481398523119],[11.232083727208483,52.383209555210804],[11.233225465363807,52.383493581980119],[11.234700330536393,52.383465687083657],[11.236661992270811,52.382970143984771],[11.237387442614386,52.382574393516094],[11.237976396102189,52.381803708938584],[11.237937997613592,52.381044909836525],[11.237135354786606,52.379914083413773],[11.239123686083879,52.379876405734748],[11.239244551396469,52.379797712519576],[11.240355935947814,52.379628325735133],[11.241568603218484,52.378994100219046],[11.24191592596849,52.378457186530099],[11.242006230977987,52.377920656993297],[11.240280274104848,52.375742237521926],[11.240561865148836,52.373907737029121],[11.241096914538248,52.372221229694794],[11.242297790329518,52.371286102832748],[11.243408723510113,52.371112201463703],[11.245596127445239,52.370158296189736],[11.246286432447782,52.369003627278552],[11.246310811736247,52.367097597931426],[11.247133495065004,52.36609321024455],[11.249164849088283,52.364530985536291],[11.24999883394508,52.363751074638579],[11.250865186430087,52.361298673700169],[11.251929455456088,52.360213242626379],[11.252736565345554,52.358979902104181],[11.252666650347912,52.357534081285699],[11.25213325411686,52.356933034841354],[11.251946688112664,52.355718645273768],[11.252293481695871,52.355177213574208],[11.252613308302314,52.354105970662062],[11.252493140702073,52.351744276337797],[11.252216673701685,52.351142822701469],[11.250292224746238,52.349957071531932],[11.248979889852929,52.348611321366135],[11.248929490538403,52.347619047254113],[11.249042725868602,52.347392176499334],[11.249876611775818,52.346688666026303],[11.251236395483229,52.346514437171464],[11.253846816206464,52.346617443794393],[11.255938599030413,52.346119080338248],[11.258907557067163,52.345914007038118],[11.264548340843513,52.344358796590832],[11.265163906522995,52.344270586139885],[11.268338692355561,52.343144490091149],[11.270095546606118,52.341128742722752],[11.272140372615775,52.33979505206122],[11.273573780611828,52.338702310006127],[11.27613549789943,52.335223801881291],[11.277658200144412,52.333518060399157],[11.279344645563057,52.332573169169997],[11.281431768728392,52.33200252711903],[11.282673743199494,52.331902117337549],[11.28461004874603,52.331253436629822],[11.286794050113201,52.330146000598475],[11.287529969972711,52.329907027690609],[11.288717507258156,52.32896717132256],[11.289410015531294,52.327888590666689],[11.289447784498458,52.326135075323862],[11.289789393377456,52.325364415994812],[11.28969182311403,52.323618018539456],[11.288912329212542,52.322869100791898],[11.287587843326286,52.321294797908195],[11.28740474492581,52.3203051015727],[11.288159176090062,52.318083769359404],[11.2880067687321,52.31747549596178],[11.28699796579796,52.317041117909227],[11.285511025913275,52.31721822994664],[11.282462544517321,52.318189560177039],[11.279998461435342,52.31861919600005],[11.279475051540556,52.319137161430461],[11.279396907707183,52.320042027354923],[11.277899711044343,52.319522621648531],[11.276300025920264,52.319148991618128],[11.272328176740038,52.319068213304604],[11.272200208178438,52.319147079510003],[11.271343220226626,52.319239975888145],[11.268509441324762,52.319829289304984],[11.266406372680978,52.319793281265838],[11.259538737635742,52.31916090415001],[11.256182356677558,52.319067800608885],[11.254905296070159,52.31825626187144],[11.254329449583066,52.316667291206663],[11.253566410098275,52.316299845631953],[11.251207727419349,52.316497657323978],[11.250588216411259,52.31635666424836],[11.249723696621121,52.316373143973614],[11.249248927433383,52.316988921039695],[11.249314141716024,52.318057319346828],[11.248967359001782,52.318594253525816],[11.247986395350456,52.318918550102154],[11.245249599222067,52.31889423240743],[11.245060216743475,52.31501027402588],[11.244928370074835,52.314940872853143],[11.244757241494048,52.313950888517624],[11.244349263198494,52.313351916889339],[11.242301954918222,52.31209197524182],[11.242399499381179,52.311483392752876],[11.242746278950573,52.311018387428916],[11.242727172207015,52.310713138172716],[11.244911246819402,52.309606472920635],[11.244888261658481,52.309224895166949],[11.244098415517595,52.308251169726098],[11.244180849213299,52.307561975645427],[11.243413989964525,52.30704173174113],[11.24215720235412,52.306764494242692],[11.241772055360096,52.30654260070142],[11.241382860102854,52.306167977066885],[11.242352212905914,52.305691147777807],[11.243967312111057,52.305660454269933],[11.244843018225419,52.305796608231752],[11.245481281765077,52.30616648294459],[11.248512984528642,52.307178411921711],[11.250774403528622,52.307818444963004],[11.251902884557657,52.307949726947164],[11.254265438204177,52.307909124927228],[11.254375094733653,52.307830626799806],[11.255114920947339,52.307816494373675],[11.257087895228633,52.307396768117094],[11.26056860982891,52.305199855296721],[11.264915954977141,52.305192918004707],[11.267854577633406,52.304448861517301],[11.268967870016233,52.30435555689867],[11.269968379820858,52.304565528968865],[11.27543261637117,52.304536718334695],[11.276051780905732,52.304601183435878],[11.276440483690758,52.304746494878053],[11.278554346817748,52.304934916179256],[11.280655925877848,52.304741520531778],[11.284209170310076,52.303836864324843],[11.285069453111413,52.303671899331427],[11.286684199704887,52.303636131836818],[11.290187376927239,52.304179439522272],[11.291681800852396,52.304226836131157],[11.296201292510611,52.305280559635179],[11.29910646179864,52.306446465358832],[11.301021814575863,52.307397895814887],[11.30233468583965,52.308747561895608],[11.303487492710566,52.309484613232783],[11.307244657555257,52.31017526823544],[11.308518058947804,52.310761600529212],[11.309907756395591,52.311116432466903],[11.313002360795105,52.31097942756336],[11.314602278621727,52.310795257223823],[11.315442087963648,52.310167555294605],[11.315418407074759,52.309714090347107],[11.31434985069802,52.308206969166115],[11.31419433884064,52.307756089936795],[11.314294313951526,52.307142897881072],[11.314519681075433,52.30668454950618],[11.315468959254561,52.305978295964053],[11.317048328641111,52.305264160615664],[11.318663328303794,52.305232445098596],[11.319885155626276,52.304902820182946],[11.320728775741552,52.304351408128348],[11.322517380043534,52.302945446975507],[11.32435753390695,52.302455292556388],[11.327439804269009,52.302165339293445],[11.328686561916072,52.302522767485819],[11.331931386590426,52.304139593187585],[11.331928760095964,52.342979821897146],[11.330016431169437,52.343592851413604],[11.32751548969552,52.344037680617653],[11.325561297559334,52.344763820874171],[11.323291746245248,52.346403987666896],[11.322463960668943,52.347341610454656],[11.322252242930482,52.348132282013189],[11.322138608456866,52.350723249113315],[11.321835830734212,52.351947165116734],[11.320696854231382,52.353951552410486],[11.31974765705638,52.354887045589336],[11.316729768314694,52.356618181091292],[11.315304117124898,52.357639386821987],[11.314837826893843,52.358408068099578],[11.314741105697399,52.358944787797761],[11.315959023883584,52.360826496496635],[11.316610757279383,52.361496849008461],[11.317165717526711,52.362632011229444],[11.317148149259983,52.364609853359262],[11.317427256160125,52.369939124112719],[11.31676245892605,52.371475738346433],[11.31558347849313,52.372869624476415],[11.312116285841309,52.375373466732164],[11.309765092385199,52.37816099571809],[11.307870713605013,52.379645192815616],[11.306652290175872,52.380433024779379],[11.30535841343313,52.38167624092933],[11.302096330378083,52.383488146553518],[11.299578977935644,52.385289956440502],[11.299710204872506,52.383152615028777],[11.300395309791528,52.381921321318515],[11.301587529788135,52.380909351118575],[11.302630822591466,52.379365451408916],[11.302801631222769,52.37799136181637],[11.304299934042497,52.375598139316857],[11.304502490156814,52.37483465036334],[11.304056420073561,52.373319787314706],[11.303845112901794,52.371800342521631],[11.305794125388431,52.368409557680081],[11.305702877531832,52.366658560770318],[11.304192992062848,52.364099312859075],[11.304250106322659,52.362799344292746],[11.30570121223862,52.359651972208205],[11.305918422237237,52.358960101532247],[11.305769204402264,52.358279880076488],[11.305636664783355,52.358201570284621],[11.305884498010251,52.355913622527886],[11.305832116291635,52.354696686771845],[11.305169106878267,52.353945599183142],[11.304533935033177,52.353728787552008],[11.303790007645969,52.353819707467181],[11.302944712033964,52.354290121969562],[11.30300824610554,52.355511334427803],[11.303590045823825,52.357099959245417],[11.303707679016133,52.357174067696867],[11.304047839226584,52.358843808176879],[11.303728545752756,52.359690472435233],[11.30287580732144,52.3601610303201],[11.30127802603025,52.360421387826605],[11.300429147253386,52.360896346798448],[11.300319811119055,52.361123191357777],[11.300648275867697,52.362640361621743],[11.30030629036639,52.363334651363537],[11.299090410104874,52.363812253777773],[11.298132321308653,52.364518530224572],[11.297906444482919,52.364904941579546],[11.296332875371776,52.365847891984792],[11.294855867698248,52.366105812576805],[11.292895396732794,52.3665978172575],[11.29231121678788,52.367296784859064],[11.29232307965245,52.367525762801158],[11.293465412860732,52.368033910722119],[11.296580428316553,52.36828348141043],[11.298474654616001,52.36877695581083],[11.300526201429006,52.370035862103322],[11.301212969629828,52.371240435863314],[11.300757835340711,52.372089737339174],[11.29993597293722,52.373018087133879],[11.297745964272139,52.373973056635201],[11.296802667744293,52.374827343929894],[11.296959379346461,52.375511922173068],[11.297478642628336,52.376036643427405],[11.299416858118816,52.377369682150366],[11.299323584845292,52.37790631884716],[11.297874314630901,52.378846865386613],[11.294319346153594,52.379828316851565],[11.292257275339026,52.380780695385624],[11.289922174494698,52.381284408523207],[11.287555994790759,52.381330260015943],[11.286078140034737,52.381511679979795],[11.284600865609077,52.381917783184925],[11.283637944359528,52.382471223555626],[11.283669517965949,52.383153743527977],[11.285322622085639,52.383732990452216],[11.287584221054397,52.384147626354569],[11.288734838964322,52.38480846662803],[11.289383092452965,52.385483527499176],[11.289293350570379,52.386020086127154],[11.288934977781233,52.386404550568365],[11.287371703884782,52.387351667756683],[11.285410209990479,52.387843557496652],[11.283570258819035,52.388413962481465],[11.28262638562129,52.389268141319413],[11.281659882603405,52.38989803564791],[11.280802087600138,52.390143809744714],[11.27942218186662,52.390094044156314],[11.278068523443066,52.3902684698378],[11.274648727523374,52.391475917170389],[11.274399209956199,52.391480722247941],[11.273560969675264,52.392108078878394],[11.273237226255599,52.393026645193274],[11.272172188971643,52.393887562850416],[11.270963260536845,52.394593938142414],[11.270854428047905,52.394978042525175],[11.271631280380316,52.395799037635221],[11.274076799815642,52.397280032420994],[11.27499688098197,52.398098248435332],[11.275410507649275,52.398854305282853],[11.27543463353758,52.399536966567823],[11.274986325670016,52.400462428549019],[11.274155036829582,52.401085158313464],[11.27366741704436,52.401247348933296],[11.269560465581931,52.40132632373151],[11.267344901812452,52.401822786374098],[11.265792130600364,52.402994116207218],[11.262343920974464,52.406183697512958],[11.261672784689326,52.407643692258716],[11.261610025417163,52.408786429590151],[11.261735071435362,52.408860437971335],[11.262581892801629,52.410902581613378],[11.262491784176129,52.411439121089138],[11.261399465495753,52.412066756829972],[11.260182056523448,52.41254846407201],[11.258188613867775,52.412586583500008],[11.257302944476908,52.412297901437519],[11.256307608222134,52.412164110429501],[11.254759136632204,52.411200449164532],[11.253698311655674,52.40992635249092],[11.252314009732737,52.407134870555957],[11.251681766656827,52.406841315044502],[11.251299793698617,52.406772192910019],[11.249813373240682,52.406876911425599],[11.248712998304145,52.40727537712749],[11.246679709499125,52.408837604141873],[11.245224217080732,52.40962479750381],[11.242762223761444,52.410129971548159],[11.241783278104883,52.410606962364064],[11.241450799037947,52.411296392181455],[11.241512360176467,52.41236484827526],[11.241063216055805,52.413290189103591],[11.239973786574646,52.41383667177535],[11.238616184391367,52.414168010021164],[11.236989774192667,52.414198816222502],[11.234598007792826,52.41355646367316],[11.233314694722566,52.412668403404908],[11.232644477074272,52.411840653635736],[11.232363650947157,52.411010036876235],[11.232325081592709,52.410246749584076],[11.231530519051606,52.409502237761302],[11.230538944638614,52.409440067372607],[11.229801622062213,52.409683190364973],[11.229087036832475,52.410231486902511],[11.228399339154214,52.411385989033107],[11.227669668854116,52.411781757938115],[11.225952202295312,52.412191642767844],[11.224590751444252,52.412374582352676],[11.222354738777518,52.412412170133969],[11.221015897519903,52.412972156450508],[11.219820964557645,52.413983338432033],[11.218130651904202,52.415156611661921],[11.217676994271258,52.415929142154006],[11.216905012063231,52.415485221939107],[11.215644581401314,52.414974055806155],[11.213506859063731,52.414555716968309],[11.212852428132532,52.414109568061356],[11.212923795102977,52.412966705210842],[11.213850245697211,52.411655020037372],[11.215665517787984,52.410555864623682],[11.216867890205382,52.409692893203413],[11.21848176726367,52.407073937246722],[11.219880532172553,52.405223014507747],[11.220095785696905,52.404607757107343],[11.220053829119527,52.403772622687619],[11.218869160672407,52.402496053203834],[11.218838564135984,52.401813507990354],[11.219072818343196,52.401503502307591],[11.219791225682043,52.401031595718301],[11.221027786559299,52.40085555029853],[11.221530841628116,52.400850585643681],[11.224359430213729,52.4002625483676],[11.226181839348342,52.399392294917256],[11.227141833308117,52.398686585641421],[11.228770287511077,52.396449207770274],[11.231056875726203,52.394882500829596],[11.236195214442482,52.393419094180821],[11.240551458332229,52.393489351385469],[11.241171224394181,52.393324790317394],[11.242028906229937,52.392926503853865],[11.243827825664351,52.391750809200282],[11.243418881475463,52.391147359753774],[11.241441258453456,52.391261305063971],[11.239490463165909,52.391905029016506],[11.235131275257514,52.392063995492151],[11.233422767575121,52.392707527167815],[11.231729030862155,52.393499063983974],[11.229634331350232,52.393916135275049],[11.229033217897419,52.394233086961798],[11.226871364068675,52.395797403920682],[11.22638746741454,52.396035730495029],[11.224667099082213,52.396522058926621],[11.22245514110103,52.397022104930841],[11.221253050792045,52.397808732748608],[11.220145129527712,52.398130672386188],[11.219185034089497,52.398836327784295],[11.217911224265908,52.400684899198929],[11.21574483491187,52.402172687012197],[11.215295019213837,52.403093447126693],[11.216093718249162,52.404148087425355],[11.216245314891468,52.40468005406705],[11.216377614368898,52.404753973809292],[11.216412163047925,52.405589247832303],[11.215701233337906,52.406285702978309],[11.214249156327938,52.407076941493273],[11.210569013297704,52.408134583638372],[11.207558305157853,52.410091923972089],[11.205845024012246,52.410735135779731],[11.204252156400635,52.410994069080616],[11.196799918958313,52.411433981891207],[11.192884604744174,52.4102123933691],[11.194745525175032,52.410096942968025],[11.197253900138934,52.410661528390222],[11.198517033647489,52.410790832144116],[11.200870119200754,52.410670619162985],[11.201831121200648,52.410045997905748],[11.201668265699608,52.409285020075743],[11.201403380955224,52.408836042513933],[11.200385469484285,52.408243795451632],[11.199996219235723,52.408174643422036],[11.196776914841562,52.408310949561617],[11.195612116580298,52.407644991545425],[11.19507860309821,52.406742584871935],[11.195033118587965,52.4059749231997],[11.19474946882945,52.405072367024296],[11.193853103314387,52.404630608624409],[11.193221629302915,52.404565931977181],[11.19188608358087,52.404972725227324],[11.188856059536281,52.40670074061898],[11.187532178372612,52.407642074442975],[11.187304896060388,52.408023794493239],[11.1872065332012,52.408560423471179],[11.185594958427588,52.408590247797669],[11.184963438464255,52.40852552754837],[11.184456529453477,52.4083056977951],[11.182833646112021,52.408106491097023],[11.180307047594383,52.407389136028634],[11.179425835936065,52.407252593151291],[11.178317216117748,52.407273039290466],[11.177557061077376,52.407057849735104],[11.176910661931098,52.406615850076754],[11.176895620739122,52.406310523529676],[11.177966447795086,52.40522566651304],[11.177921393890703,52.404386086101681],[11.176903985005222,52.403870030639645],[11.175519801478384,52.403589924259144],[11.173772411131845,52.403469287903803],[11.171786683366964,52.403582210099664],[11.171192518191489,52.404051536820596],[11.170730581182816,52.404819540821194],[11.170125297997489,52.405212665721805],[11.169251652252425,52.405228710152677],[11.16723580832163,52.404654500329904],[11.16857150015918,52.403946875660104],[11.168809866928573,52.403713297428375],[11.168682944852709,52.401126982844012],[11.16913731986279,52.400354631028563],[11.170597642615235,52.399644693106175],[11.172432144031623,52.398999763744477],[11.17279525295165,52.39876388270951],[11.172776630343375,52.39831031279234],[11.172515801003732,52.398085906933687],[11.171521260751293,52.398180594080152],[11.169198568268326,52.398982782396722],[11.166214640052585,52.399037536801863],[11.165583144153528,52.398819911941189],[11.165599691258052,52.396608472233929],[11.165316761411106,52.39600694429447],[11.164545511335049,52.395409864793479],[11.16463686912212,52.39472507626855],[11.166055941365872,52.393175540999458],[11.16576159008731,52.392340525912587],[11.165122714594883,52.391970230740327],[11.164256665150388,52.39198609560232],[11.163049980673952,52.392772199917836],[11.160483333945283,52.396396518210196],[11.159037743504731,52.397258853484438],[11.157929525486256,52.397508298272399],[11.156197144261808,52.397463518428765],[11.154321529236084,52.397268521344124],[11.15307362290797,52.397214863235327],[11.151224036550019,52.397554149854209],[11.148449808698862,52.399276447524706],[11.137743229134733,52.399088598861546],[11.135632570646989,52.399198666330548],[11.133779104599853,52.39961414904193],[11.132821016618337,52.400238154063651],[11.131885233567658,52.401477447729476],[11.131048218614445,52.402175655189041],[11.129807544263551,52.402198019957659],[11.128291543226583,52.401843327536724],[11.126518613203521,52.401187637304062],[11.125277962918453,52.401209954247328],[11.124305255014656,52.401685845429839],[11.124099681887337,52.402529945929615],[11.123126713422856,52.403077738237521],[11.122513693341926,52.403241550509115],[11.120527820341477,52.403277198458817],[11.119283465771327,52.403070317381534],[11.116412977903536,52.402968955603107],[11.114547974771986,52.4032270450898],[11.114437833442066,52.403305416398176],[11.11256207064485,52.403338960188975],[11.109416806274655,52.402330029550903],[11.108425718476427,52.402347715177534],[11.107948165710246,52.402733741056522],[11.108241202828596,52.403793624973474],[11.109011798439797,52.40454387960969],[11.110960336380142,52.406032604557403],[11.111132301047574,52.407171043617524],[11.110056464802208,52.407801458125462],[11.106872892163892,52.408999761720501],[11.104648004458786,52.409268602584014],[11.102676119226414,52.409681206923217],[11.100939541319418,52.409788488948088],[11.099826996685737,52.410037460315685],[11.09922087625519,52.410272933799604],[11.097976279329091,52.410295032087596],[11.096596033021811,52.410013924363781],[11.096210687371295,52.409791558862366],[11.093354321793154,52.409918583405499],[11.092326902443773,52.409172775516197],[11.092187618579489,52.408869640302889],[11.092144396970077,52.408034498559523],[11.091616473314756,52.407360734783929],[11.090592694380085,52.406767647350904],[11.089836566816642,52.406628220033006],[11.086235214043921,52.406691844120104],[11.085475497863868,52.406476052145763],[11.084117191015947,52.406500011640645],[11.082394790458325,52.406984277370249],[11.081795947693482,52.407453226590256],[11.081689184172102,52.40776070772074],[11.081721194054158,52.408596049389075],[11.082866197024279,52.409034277275559],[11.085707992962442,52.408754962926203],[11.087840686135708,52.40909930887134],[11.088864483697202,52.409692419746449],[11.089146684897795,52.41029863235466],[11.088055429450819,52.411077422151557],[11.086961004731831,52.411478751717027],[11.085102802130491,52.411736253832593],[11.084614349373831,52.411897669595362],[11.083412755429279,52.412754761657929],[11.082835369913585,52.413758137600112],[11.082757182912559,52.414671821307799],[11.083028461556554,52.415125440056734],[11.084679807276203,52.415932231707572],[11.083453113919704,52.416259461114748],[11.081594900561779,52.416521399687724],[11.080985133410321,52.416761337279418],[11.079879429282116,52.417005503888632],[11.078895021373336,52.417328421665424],[11.076030931895533,52.417302361060663],[11.074918224343289,52.417398298166177],[11.073320150008154,52.417880245319552],[11.071155242322387,52.419441701983715],[11.069072218030069,52.420008487243621],[11.063383031517366,52.420719134010135],[11.064945005564772,52.419775060839712],[11.067160172495944,52.419282437472781],[11.06828008041675,52.419181952923715],[11.069753404991944,52.418702259351804],[11.070834155910273,52.417923825409588],[11.071183858849638,52.417387393709987],[11.071166053495711,52.416929307236927],[11.070641703703798,52.416327295298174],[11.06974631850184,52.415884578872515],[11.068505210782902,52.415906305185658],[11.066426097843104,52.416553869631322],[11.065073777925221,52.417184207648219],[11.06230940419784,52.419057076663421],[11.060340329419066,52.419626213169714],[11.059231199116336,52.419721940367893],[11.056659000517692,52.420679025232879],[11.054797121075767,52.420711405377766],[11.054287029147995,52.420491072857203],[11.051922171601021,52.42045574874782],[11.049211126027073,52.420880283107685],[11.045219521482107,52.420796615749175],[11.044605957606121,52.420960028856435],[11.043610599123022,52.42105364174158],[11.042140784105611,52.421537439996392],[11.041055762795509,52.42231568145678],[11.041087311377813,52.42299823779738],[11.041729153969053,52.42344554969587],[11.043712637694115,52.423258474054776],[11.047041405101064,52.422517773972459],[11.049402699291658,52.422553257408381],[11.052620521767381,52.422196320620976],[11.055170887890972,52.42218795922323]],[[11.038138214219549,52.402102164817499],[11.03617339100736,52.402594429187694],[11.033840593441571,52.403394097191324],[11.032364226914469,52.403725092039231],[11.029143893971705,52.404081528532934],[11.027674641775421,52.404488741687679],[11.02708224939353,52.405110099056657],[11.027224034683313,52.405637970345538],[11.02823310269274,52.405849856764142],[11.029901188873319,52.40689081380301],[11.030417487647791,52.407412248335987],[11.032335339016877,52.408448880367359],[11.03419305533995,52.4084169223215],[11.035052777179791,52.408096524585076],[11.036722667598061,52.406620662601441],[11.03757917385316,52.406151996308019],[11.03869521159722,52.406132750611881],[11.039319163272769,52.406198386205133],[11.04018937960018,52.406106968261462],[11.042447815540783,52.403856866465723],[11.042284541858207,52.402947385808098],[11.041514517813708,52.402502291077866],[11.040252676999804,52.402146576067274],[11.038138214219549,52.402102164817499]],[[11.069746640503139,52.407813152401815],[11.067760397984083,52.407924318695272],[11.066416002571088,52.408325336438445],[11.064961237700834,52.409038360004445],[11.062136668678091,52.409847178561883],[11.059935589435661,52.411027063431717],[11.055263738608271,52.412020695652274],[11.054407520145151,52.412493979385083],[11.053690477029251,52.413036744137401],[11.053479874051725,52.413723505905331],[11.053739833965686,52.414177387348786],[11.054877369346816,52.414616014985164],[11.055516150193302,52.414681307236634],[11.057113961395636,52.414428805116614],[11.060052755027916,52.41346082536694],[11.064162142617658,52.410652221074784],[11.069429267262528,52.408960213806687],[11.070263625810876,52.408338897285567],[11.070124495333081,52.408035734434129],[11.069746640503139,52.407813152401815]],[[11.091229678613626,52.388550644173677],[11.090367140828718,52.388795105791502],[11.088361311876481,52.390960791199312],[11.088251172955054,52.391272833418924],[11.088358929743512,52.393553950653903],[11.088508955729443,52.394086101796049],[11.089649638933363,52.39467264561771],[11.091018647433513,52.39457203096088],[11.094286684144494,52.392765941324598],[11.095109694712482,52.391686242260455],[11.095219997262999,52.391378684568281],[11.095172968207612,52.390386312962441],[11.094373926538658,52.389335365399766],[11.092345447149793,52.388535387964602],[11.091229678613626,52.388550644173677]],[[11.183396531986775,52.396743779074015],[11.182799010943796,52.39728962980589],[11.182572060338824,52.397752231020398],[11.182185439712599,52.399966019425761],[11.182476483038123,52.400801055540335],[11.183527603429186,52.401999555914763],[11.185690650750509,52.402948276653333],[11.186803049440847,52.402932185626412],[11.187029982003976,52.402469576831066],[11.185453157209333,52.400746025170434],[11.1855515268369,52.400209397845899],[11.18591091594203,52.39982523599646],[11.187998657554596,52.399328179820259],[11.188596472303574,52.398863193028532],[11.188687240310646,52.398173899322124],[11.187915642219545,52.397576981830504],[11.186161121334765,52.397456662225615],[11.185782788437709,52.397234459006057],[11.185030215968906,52.397095578664825],[11.184262883590844,52.396732256833467],[11.183396531986775,52.396743779074015]]]},"properties":{"OBJECTID":55155,"Shape_Leng":117123.488755,"GEO":75,"KOMBI":4030,"SCHICHT_1":373,"SCHICHT_2":0,"SCHICHT_3":null,"Kuerzel":"D,,gf","T1_Kuerzel":"D,,gf","T2_Kuerzel":" ","T3_Kuerzel":null,"T1_MatBez":"Drenthe-Stadium","T2_MatBez":" ","T3_MatBez":null,"T1_GenTxt":"glazifluviatile Ablagerungen","T2_GenTxt":" ","T3_GenTxt":null,"T1_PethTxt":"Sand und Kies","T2_PethTxt":" ","T3_Peth_Tx":null,"T1_PH_Beso":" ","T2_PH_Beso":" ","T3_PH_Beso":null,"T1_G_Beson":" ","T2_G_Beson":" ","T3_G_Beson":null,"T1_S_Beson":" ","T2_S_Beson":" ","T3_S_Beson":null,"T1_Gruppe":"Känozoikum","T1_System":"Quartär","T1_Serie":"Pleistozän","T1_Stufe":"Saale-Kaltzeit","T1_UStufe":"Drenthe-Stadium","T1_Zone":" ","T2_Gruppe":" ","T2_System":" ","T2_Serie":" ","T2_Stufe":" ","T2_UStufe":" ","T2_Zone":" ","T3_Gruppe":null,"T3_System":null,"T3_Serie":null,"T3_Stufe":null,"T3_UStufe":null,"T3_Zone":null,"T1_Blattnu":"CC 3926","T1_Blattna":"Braunschweig","T1_StartJm":0.17999999999999999,"T2_StartJm":0,"T3_StartJm":null,"T1_EndJmio":0.14999999999999999,"T2_EndJmio":0,"T3_EndJmio":null,"Symbol":"D,,gf","Label":"D,,gf","Shape_Length":117076.08435231134,"Shape_Area":82540483.752887487}},{"type":"Feature","id":55248,"geometry":{"type":"Polygon","coordinates":[[[10.953182973597633,52.455447249409673],[10.950683745430041,52.455407617875643],[10.948357506054684,52.456286353904723],[10.947256181183363,52.456834789338572],[10.943539824782819,52.456972335335408],[10.94153755061622,52.456776037022557],[10.9400015923105,52.455808074504695],[10.938670928758063,52.454153637785339],[10.93853705577372,52.453701938413829],[10.936593393964378,52.451904732199793],[10.939070171625461,52.451940534486369],[10.940816214801094,52.451835487563272],[10.942666917197347,52.451351197650254],[10.946079819418166,52.449847998641644],[10.949962403152997,52.447577465270804],[10.95213419845493,52.445712559724058],[10.9569678398204,52.439696042902959],[10.96027124523723,52.435758472120753],[10.962188270540965,52.433973995178313],[10.963507255071146,52.43296340721421],[10.964732686586981,52.432412749515926],[10.966578709134104,52.431847262619577],[10.969885370116241,52.430650719245882],[10.973198415734897,52.429683171956668],[10.974777299372464,52.428820912731837],[10.979118404813365,52.425782238056478],[10.982282501440789,52.424129335631598],[10.983260688285709,52.423730932130461],[10.985203483204833,52.422633227316574],[10.985679139070557,52.42209493940895],[10.987084787576929,52.420089437728244],[10.987876530583266,52.41832793567432],[10.988751613501519,52.415643743289102],[10.989806227279006,52.414255303451938],[10.992466696196601,52.412543184647951],[10.993045903499484,52.411616629197624],[10.993781157774546,52.411298631488378],[10.995764330744571,52.411112360712146],[10.997226972845452,52.410710150583],[10.997966291717248,52.410239259609646],[10.998305391419631,52.409775130387303],[10.99836114733397,52.408327096892904],[10.998476475252106,52.407871245284781],[10.999201262831265,52.407324193441163],[11.002605156199305,52.405819477819087],[11.004421652307677,52.404799989075457],[11.004896680885345,52.404257136894287],[11.006509744493146,52.401187270752551],[11.007837549358433,52.400252422437937],[11.010198807413568,52.399425820239557],[11.010951078135006,52.399246741679995],[11.01197213704665,52.399242846617881],[11.013247470439197,52.399095294685026],[11.014325279751093,52.398241028903016],[11.016089341048799,52.395923456662288],[11.015937465679915,52.3950901457128],[11.014841534074476,52.393126938725125],[11.014696448006481,52.392441816098284],[11.01441868144382,52.392069047187348],[11.013399756173829,52.391551613172545],[11.012772570994791,52.39140949691906],[11.011303777466219,52.391740101808352],[11.007661269248937,52.393703037249303],[11.005817169883509,52.394345546059448],[11.005072315918765,52.394200892901331],[11.006600389518562,52.392503155529177],[11.00829248473239,52.391103716031594],[11.009335504854324,52.389486088951266],[11.009134412609983,52.38788960984364],[11.008077712283292,52.386536871015373],[11.006920364023836,52.385716135562355],[11.002891527708108,52.384413787428066],[11.001093249193778,52.3833027516974],[10.998090212483183,52.382670464219416],[10.996561898494935,52.382004208669599],[10.994137568547353,52.380521652937986],[10.993722218410792,52.379616361702126],[10.993660479231114,52.378246704791195],[10.99386844537878,52.377402800223393],[10.993713390420028,52.376569515362696],[10.992933990354796,52.375895067762187],[10.991026006157988,52.374862136632998],[10.988130335788526,52.374070503199221],[10.985740709950333,52.373508481674449],[10.984098438398725,52.373073181530707],[10.977136481274179,52.372884293273266],[10.975882862817265,52.372599667744787],[10.974753469505014,52.37246575127137],[10.970418953658269,52.370021434232996],[10.968649306576371,52.369439739921539],[10.967025340872327,52.369161191676071],[10.962132600081347,52.368101054684153],[10.960100659787223,52.367146086658288],[10.956670911673438,52.365292957312882],[10.954763038673578,52.364565041144367],[10.954143454493861,52.36449889196853],[10.951418175213465,52.364543939203926],[10.949659387116645,52.364114581722049],[10.944560978657121,52.36419861085885],[10.942438196283035,52.364004334775096],[10.940060281931784,52.363432214913381],[10.936775090266023,52.362340130424499],[10.934362839959453,52.361314558473005],[10.931564952314371,52.35960765178158],[10.929527393442044,52.358499456629396],[10.92826449914098,52.357985283706405],[10.925637008760326,52.357569747369823],[10.922766818057486,52.35731090094189],[10.919532873442419,52.357210694475221],[10.91578731846543,52.356736702690348],[10.911752348405008,52.355507781564029],[10.907554566760416,52.35313536800296],[10.908524558584242,52.352737705532775],[10.909145040538966,52.352574881974618],[10.910014696590672,52.352488918461916],[10.910374810371335,52.352330297889459],[10.914458784425523,52.354699962334394],[10.916468823396579,52.355354961473026],[10.918726063073018,52.355700314994522],[10.919965247658757,52.355756580548324],[10.923196119106169,52.355704026840627],[10.923316789774011,52.35577846113334],[10.927561776168192,52.35609126744631],[10.928188200399573,52.356233843290667],[10.929073987338617,52.356601377575579],[10.93056958375891,52.356729743663855],[10.931331046357405,52.357022893910553],[10.935937738567796,52.360147267729168],[10.937331970195048,52.360807510459466],[10.939609392970933,52.361686930998722],[10.941499712215206,52.362190674522196],[10.942624767181705,52.362401378036104],[10.947239720696739,52.363012993817975],[10.950360733334092,52.363037909955636],[10.95182202756294,52.362631779432512],[10.952788945440865,52.362085499288661],[10.953149875675402,52.361697536240356],[10.953123221244253,52.361010382982066],[10.952473573027362,52.360261622521378],[10.951664384347579,52.359057097736212],[10.951634689584777,52.358217195975357],[10.952325795209305,52.35691148141975],[10.953514406709257,52.355903133031212],[10.954468861729307,52.354745848946365],[10.954353773155391,52.352388358775798],[10.955670654844413,52.351296971304649],[10.956896746907196,52.3509755622974],[10.957796546764412,52.351490954654963],[10.957227767271405,52.352569973497538],[10.956553251033252,52.354329346568186],[10.956340511254405,52.355245169375287],[10.955067166694844,52.357324539796174],[10.954788193087087,52.359234647166581],[10.955066848768988,52.360142334581191],[10.955851850830427,52.36104613266712],[10.960208160175217,52.364020917659403],[10.963143132118022,52.365724875059378],[10.965538765917122,52.366520942382728],[10.969566194259128,52.367523460410801],[10.97276141123697,52.369452040918389],[10.973892878653821,52.369963444461781],[10.976421193984192,52.370761570657372],[10.979929330432258,52.371466826393807],[10.981810002486638,52.371817291872041],[10.985661654515386,52.37182902049809],[10.986281866397499,52.371742195006917],[10.99105837117574,52.372807789551807],[10.993337024603809,52.37375806828269],[10.996135163769781,52.375234324446048],[11.001296040629857,52.379263619957548],[11.002951061209966,52.380377079813869],[11.00649803793052,52.381993206786206],[11.009560914016593,52.383617460040476],[11.012710955027092,52.384327848851044],[11.01506653396871,52.384364105401424],[11.016300025711971,52.384113866510653],[11.018867348669355,52.383157731641838],[11.019608550323111,52.383145066980191],[11.02132009417244,52.382509098920629],[11.023381192632502,52.381327829024102],[11.025002316632657,52.378639547787557],[11.026439642930084,52.377473403278955],[11.028224262006498,52.376436104367379],[11.029663940277896,52.375804679615989],[11.030395450009683,52.37582357162384],[11.030702058242049,52.376344114006727],[11.030653961302955,52.377135904832343],[11.029666171653057,52.378653909684722],[11.026442257313549,52.38169782312174],[11.024327655998519,52.382992415983708],[11.023610707182394,52.383534999658252],[11.022148703686948,52.384247624278949],[11.018458897320571,52.385070209116499],[11.017720568836646,52.385307522009548],[11.017110683274357,52.385623533175952],[11.016771210726585,52.386393323616616],[11.016805825926673,52.387152236335993],[11.017086517311348,52.387911442769443],[11.018535642869079,52.389486599645451],[11.020126161723823,52.391742424931088],[11.021027365768324,52.392414614036625],[11.022399796305566,52.392467535080023],[11.022770652316018,52.392384788835727],[11.025552922800978,52.39074172903122],[11.026779529990149,52.390338699542205],[11.028148399256622,52.390315215706046],[11.030782231141222,52.390804784112227],[11.032525122888034,52.390927620672187],[11.034143560817846,52.390899774515539],[11.035740904403667,52.39041387098105],[11.037195752574616,52.389705696113282],[11.038646977135723,52.388840271692665],[11.040555356268923,52.387059125177409],[11.042249255892617,52.385964759360121],[11.043831935110472,52.385326196873358],[11.045767862965699,52.384227593504065],[11.04882661722988,52.383033094280194],[11.050398685760047,52.382169920999381],[11.051339658332994,52.381160389437326],[11.053393582199025,52.379605702650714],[11.055061805766716,52.378129593134055],[11.056113699053054,52.376587785162592],[11.056912390765293,52.37505037444096],[11.057557987178944,52.372985316403117],[11.058256824237386,52.371908036359727],[11.062016337464282,52.369784174303845],[11.063067689300087,52.368318710066795],[11.063163929943945,52.365422803688624],[11.063478375819264,52.363821892608399],[11.063709759198998,52.363588649584671],[11.063649243433641,52.362290899600175],[11.063221769370312,52.361309653926028],[11.062149970661023,52.359575648922089],[11.061780222273256,52.356917074491705],[11.060711917600553,52.355412196876109],[11.060940491444404,52.354725099981401],[11.062258223670575,52.353785299830086],[11.062930091551184,52.353634251492025],[11.064331450115915,52.352836779816307],[11.06562810278376,52.351290599751849],[11.066415031206878,52.349753320035411],[11.067535122245621,52.348201216662133],[11.068758826309747,52.346512463259749],[11.07031494846618,52.345343687439829],[11.071775104860858,52.344634977112207],[11.074677396640247,52.342835814608549],[11.077364966520317,52.339435937687448],[11.078390042193028,52.337435979482883],[11.078347439405002,52.336371611751176],[11.076616770108984,52.334119010596275],[11.074562361634896,52.329962048075267],[11.073540705932675,52.326627335107567],[11.072345098217518,52.324823682990768],[11.070903584744402,52.323249039350401],[11.067298437436316,52.320413451181125],[11.066529623552153,52.319968498586206],[11.064722091210752,52.318400183911677],[11.064184693929167,52.317726462072471],[11.063811798433701,52.314915131292629],[11.063413242404392,52.314387288822168],[11.0626517865997,52.314018583961165],[11.06165220045532,52.313811327334449],[11.060655637539815,52.313747823077037],[11.058922573289061,52.313930848922482],[11.058801559074533,52.314009358930079],[11.05645312385251,52.314126672396618],[11.055826909208772,52.313984772092567],[11.053379290531584,52.31219822290835],[11.050839363616799,52.310948032249044],[11.049046730865459,52.309761225519324],[11.047378670416323,52.308491337967006],[11.044949582933919,52.306933496350581],[11.044209664780981,52.306946306047145],[11.041107133435817,52.306999964431512],[11.038734445103238,52.306582539864777],[11.037001715646035,52.306688838803495],[11.036004917792958,52.306935228786557],[11.034275990961058,52.30696502039001],[11.032404861532143,52.30669163081776],[11.03202790560192,52.306545315531501],[11.02965248096343,52.306145732816866],[11.028847458979827,52.30617754106818],[11.028078586051546,52.306037945030624],[11.02461712084499,52.306097332991307],[11.026887710533352,52.305487629869958],[11.027624120614018,52.305398589145881],[11.028485408641922,52.305154597191908],[11.030726940262872,52.305273373074577],[11.032480623827086,52.305625210345497],[11.035205800150045,52.305578281314077],[11.0364152509884,52.306051792159153],[11.037158664624124,52.306115372577828],[11.037539296254435,52.306261608147494],[11.038279206107283,52.306248841248255],[11.039314919440562,52.30581300486525],[11.039922750911099,52.305798013662546],[11.042673185455934,52.306060573244331],[11.043424223613858,52.30597118071325],[11.044502399594966,52.305264913482311],[11.04427945971651,52.303291337142845],[11.046462989204921,52.299294154572756],[11.046818652747559,52.299058788251429],[11.046613188719622,52.297386026080375],[11.047076013645933,52.296613997063488],[11.048165237048917,52.295835598625366],[11.048887065865205,52.295593875525455],[11.051508800171449,52.29570116271303],[11.052604727943075,52.295228209309968],[11.05383271225131,52.292541819101849],[11.055031988781581,52.291374942652801],[11.056817628416486,52.289973133285415],[11.057889058556965,52.288660146373211],[11.05768287051146,52.287216615454426],[11.057790105397528,52.286684434703844],[11.058145971490873,52.286219827280618],[11.059963317471462,52.285428622555571],[11.061289690581878,52.284717868567952],[11.061766870574099,52.284026422592611],[11.061361977260134,52.280910037456373],[11.061575797790358,52.279913091563934],[11.062489560230205,52.278526409464376],[11.063819779774217,52.277667248797464],[11.065892798854856,52.276947881353856],[11.066988011001996,52.276393905604429],[11.067204920575657,52.275859794821748],[11.06632352631768,52.275340414382917],[11.065441609828952,52.275203041986508],[11.064801607476509,52.274832230006723],[11.063610393993065,52.274345212110596],[11.05819625810175,52.27403074155184],[11.055804060170312,52.273236498827202],[11.055039973508102,52.272714992927263],[11.054026763915312,52.272350617526349],[11.052537369299632,52.272223716108201],[11.052029353580576,52.271931436042244],[11.053000048004236,52.271456155158496],[11.056227801466241,52.27162919181],[11.062249343634054,52.273276905373066],[11.063742568506505,52.273327216197849],[11.06509058365687,52.272696932519203],[11.065780193812092,52.271615252114955],[11.066381178148426,52.271227223803187],[11.06808378997273,52.270662605805846],[11.068908714465573,52.269735833290881],[11.070131905193575,52.269103183175247],[11.07174557355189,52.269304082489391],[11.073494762674382,52.269426179398963],[11.073981705142495,52.269264824606012],[11.075691305994843,52.269010071568694],[11.076452146147691,52.269145001779087],[11.077724869226238,52.269886624930074],[11.078730977206762,52.270174521316378],[11.079968004876731,52.270152735332879],[11.082797455931534,52.26972084965913],[11.084528827721646,52.269618387618991],[11.086234946851203,52.268900639999494],[11.087198165385971,52.268353299955095],[11.087421975478865,52.267738131339357],[11.086867003442704,52.266606414231809],[11.086532356174606,52.264706786210247],[11.087644124119954,52.261945666011925],[11.08759748014865,52.26095327138988],[11.087338112457864,52.260733146561734],[11.08730941248186,52.260122441907903],[11.088148097745398,52.25950089248046],[11.088620587473345,52.258957723003292],[11.088705505065056,52.258115802820967],[11.088175818228475,52.257442053060011],[11.088154498231528,52.256754815751123],[11.090226079591412,52.256111437099293],[11.092883600564679,52.254693618443369],[11.093938441207081,52.253456979978921],[11.093873955415251,52.252010986031955],[11.094228992362547,52.25177548271818],[11.095842300510968,52.251746851214101],[11.096709428513709,52.251578650403225],[11.097661335284061,52.250802215510753],[11.100147023729242,52.2483940580032],[11.100605078509926,52.2474735807182],[11.100561891706379,52.246714824615744],[11.09991485427823,52.246115121999416],[11.098543329650729,52.245910306540402],[11.096195013372316,52.245952030591063],[11.093722203583722,52.246148720052375],[11.092233653953686,52.245945906767481],[11.089578960018105,52.244999706530251],[11.08551779827372,52.242864863735285],[11.082518907851966,52.240971812747944],[11.085723375192666,52.242097214313866],[11.086853255677612,52.242382851660281],[11.088370641182618,52.242890829038195],[11.090989004751181,52.243379288650821],[11.093732029778526,52.243559872880873],[11.096197436666642,52.243286912352183],[11.097777578494245,52.24287233790276],[11.098886135066293,52.242704322518456],[11.100111876186194,52.242305006271565],[11.100953397414594,52.241831619362927],[11.101773549308456,52.240751886664221],[11.102312426421475,52.239065942028162],[11.10255394424869,52.238832433707614],[11.102854830389399,52.237532735098313],[11.102825987753679,52.236845630941303],[11.103514401302462,52.2356918288001],[11.106954004247354,52.232430582797477],[11.107876629547416,52.230971457786389],[11.108297948364743,52.22928308585945],[11.108342991015158,52.227763227046225],[11.108540946204679,52.226690060822278],[11.108995033613972,52.22561681192812],[11.111673460138801,52.22191509521862],[11.115143800142201,52.219565376768898],[11.117747805761443,52.216700779922604],[11.123041862059022,52.213792252774063],[11.124025140916887,52.213392547051797],[11.126360752531321,52.21312127828989],[11.127855666799347,52.213094333343328],[11.130717566606631,52.213653916158805],[11.132088221830664,52.213629160107047],[11.132815568669324,52.213386809816065],[11.134475044589434,52.21190965048185],[11.135304836307066,52.211058704644614],[11.135381478185126,52.210064083492277],[11.134727400179463,52.209163579663823],[11.133196233850967,52.208202528833894],[11.12941737065097,52.20697193465265],[11.130532003886604,52.207028218630697],[11.132015750563106,52.207154225353761],[11.132651646404922,52.20721913820185],[11.135363325733174,52.207246502609792],[11.13781562720275,52.20651897082265],[11.141287006611261,52.204015636551425],[11.142880397322614,52.203685594477307],[11.145403497680032,52.203522896900381],[11.148942754655684,52.203575346828877],[11.151804180900081,52.203905215683058],[11.153291452616111,52.203878085241541],[11.154986770072369,52.20301119835046],[11.157254145428748,52.198781086205891],[11.157527161060996,52.196717713066107],[11.158658620718692,52.19448583077024],[11.158629183622697,52.193803237819907],[11.157861740519285,52.193435261585918],[11.155004685515031,52.193258270867716],[11.153400747625797,52.193058347115723],[11.151376550201075,52.192560454376427],[11.149686699119961,52.19186767606557],[11.151290440402814,52.191762042543829],[11.155479243269035,52.192561977064116],[11.157019280162356,52.192650683967912],[11.160524443413005,52.192168582452851],[11.161605331250914,52.191461158351316],[11.162065319086512,52.190693194744149],[11.160946053491262,52.18797218328433],[11.159991723382296,52.186236885784773],[11.159804816156152,52.18494595085135],[11.15914680967996,52.184117563115507],[11.158379531568853,52.183749587892045],[11.157020554994357,52.183392428555074],[11.155274774918267,52.18327602280511],[11.153664045933329,52.183381841455031],[11.15047531492964,52.183817529300761],[11.148119391757611,52.183860449573075],[11.14737788643378,52.183797545153219],[11.15090965075632,52.182591659399215],[11.153115563276526,52.182169406572051],[11.154824842054911,52.181607871832178],[11.155401506860979,52.180833308775767],[11.155364748226825,52.179998041569441],[11.156248635142397,52.180435813272517],[11.158429985041881,52.18192398261079],[11.160541328439571,52.182267349201787],[11.162381996203125,52.182004416580952],[11.163119618630484,52.181761684844759],[11.163948207594977,52.181058861617927],[11.163937132866193,52.180605140523866],[11.163399585449508,52.179698162727369],[11.161952369543014,52.178048320568735],[11.161659849081788,52.177217741722345],[11.161787617974245,52.177138996808672],[11.162156523926516,52.177208639245805],[11.165747898608526,52.179578665912501],[11.166850919730082,52.179634802719569],[11.167449725244454,52.179169871499454],[11.16812451961867,52.177863104740872],[11.168050190833716,52.176035289657143],[11.167603887241306,52.17482553895961],[11.167303274174548,52.173379404994506],[11.166729033572368,52.171942794207126],[11.16810592043714,52.172223092691652],[11.170326143852854,52.172258643597203],[11.172549879665308,52.172141281969949],[11.173050071919238,52.172055659933108],[11.175247924684989,52.171408394528271],[11.176200351513367,52.170779590030236],[11.177148930402323,52.169773326610624],[11.177244909925175,52.166800810111781],[11.177580105631911,52.166106987783557],[11.178565648593542,52.165859567739702],[11.180040883567253,52.165836789891657],[11.181782459391238,52.166029285771835],[11.183272389422047,52.166082598812658],[11.185627398028965,52.166115362742715],[11.187948971198598,52.165690278595434],[11.189295596302779,52.1652068560876],[11.190981237164724,52.16418678480337],[11.191319950660811,52.163569260292931],[11.19128264489456,52.162810411787824],[11.190485495206822,52.16168366659025],[11.18883816712686,52.161026633563225],[11.186874137015316,52.161063087360787],[11.183504078638034,52.160667138839422],[11.181499219554844,52.160093030480297],[11.181710233468152,52.159253180182652],[11.182282631110958,52.158406639487779],[11.183701134606846,52.157081507899157],[11.184047509240939,52.156544759803644],[11.18414544019886,52.156008119690561],[11.183893309944303,52.155783580916761],[11.183137676507155,52.155572861759524],[11.181783323810937,52.155669847407538],[11.180038367662942,52.155549326539557],[11.177917277353576,52.155058206392518],[11.177139100017808,52.154384950619047],[11.177240838921549,52.15392464960734],[11.178166752181282,52.152536772985094],[11.180182423915863,52.153339946789472],[11.181807100601771,52.153691902584221],[11.183537211926689,52.153659864110047],[11.185248615863683,52.153246130047656],[11.1865653602351,52.152309360376194],[11.186866835121965,52.150932994539517],[11.187570200970248,52.150079501001706],[11.188999651194063,52.148911399138072],[11.189232836937286,52.148601452733359],[11.189319768911041,52.147916698746364],[11.187380100721612,52.146352727071573],[11.188737488376304,52.146174719673255],[11.190565136321,52.145605938455503],[11.190613655448848,52.14659379201121],[11.192170361161416,52.1480929244875],[11.191885888263522,52.149365619948725],[11.192959250032377,52.150244522668551],[11.190371602689018,52.151780266103962],[11.189780919124351,52.15224966362419],[11.189431191795849,52.152939300595541],[11.189727726689469,52.153621425421342],[11.19087461237406,52.154359656843404],[11.192349235551971,52.154332238122677],[11.194436858997241,52.153992269166288],[11.194947855470307,52.154131068068821],[11.194737228116278,52.154899027506865],[11.193804485608348,52.156287165252024],[11.193867802137197,52.157351145560703],[11.194616756124352,52.157795626396663],[11.195624574335071,52.15800606929065],[11.199198027358255,52.157786644582586],[11.199818697764888,52.157851466987033],[11.201714408759623,52.158580111006003],[11.200228819982682,52.158684254054336],[11.200115775308454,52.158762767894522],[11.195680854949858,52.159222986610089],[11.193943028939778,52.159102536739404],[11.19308893012291,52.159194834853992],[11.192118734022648,52.159824110835721],[11.192279976224553,52.160279534237787],[11.192915890013424,52.160950845231923],[11.195729248577578,52.162727668722887],[11.196398550239628,52.163703954109337],[11.196428642509675,52.164314622586836],[11.196082581603338,52.16485589654625],[11.194284175700497,52.166107350830728],[11.190641953481933,52.167469457470979],[11.18882829168866,52.168415495609118],[11.185776705707259,52.169159747243341],[11.18454631243738,52.169258957128626],[11.183556769510384,52.169425602390746],[11.182600823723234,52.170054532570738],[11.182502628456074,52.170586680473647],[11.183281262709658,52.171336297494875],[11.183420375171272,52.171639335312939],[11.184439864879534,52.1722316768506],[11.185620852312274,52.173656958824111],[11.185684195991918,52.17487374627045],[11.184626334352027,52.176034909946317],[11.18194669090899,52.176996880330137],[11.180603116412223,52.177327351416537],[11.177283945857099,52.177847115218782],[11.173315844324637,52.180127034669979],[11.172216947573411,52.180605705362282],[11.169175176895035,52.181574050230211],[11.165768206083325,52.182778234671289],[11.1650341783761,52.182944518638024],[11.164070316335788,52.183497024997322],[11.163767941897987,52.184873331222526],[11.163823465873326,52.186166670385546],[11.164405346465612,52.187908771820197],[11.165458102651995,52.189107405769882],[11.167756856198601,52.190588732615474],[11.169427280791293,52.191928771534414],[11.171101539825569,52.193120405486574],[11.17475236956602,52.194500292868504],[11.17602414713866,52.195083561851312],[11.17690859191592,52.195372849865649],[11.178553543656307,52.196182904808559],[11.182065399428986,52.197030314546943],[11.182931385619877,52.197090689857212],[11.184158712420038,52.196838753932056],[11.185002345951814,52.196369200221604],[11.185891570347902,52.194370730645687],[11.188986861453849,52.191877393998894],[11.189958190694535,52.191553745027747],[11.191572965898457,52.191600146753764],[11.193451304851575,52.192023641208095],[11.195077389394998,52.192298994863748],[11.196541741349231,52.191889707876939],[11.19846176602527,52.190712368148098],[11.199056391263492,52.190166456194071],[11.199271202122331,52.189555716316413],[11.199339073886712,52.1884128922065],[11.198153364357248,52.186835023613412],[11.198002687413389,52.186226604702931],[11.198447040499119,52.185377881967881],[11.200114245797057,52.183899611441703],[11.201205710971626,52.183348908188862],[11.204250187530695,52.182298782651912],[11.207757877747465,52.180714067184283],[11.210644113267609,52.17906000029874],[11.211129560038504,52.178898089752941],[11.212111675256747,52.178726858953098],[11.213789982396603,52.177706601815309],[11.215754131047492,52.177364088564509],[11.218703346779991,52.175883915297661],[11.219531378161852,52.174969459024339],[11.220403776669349,52.173699108567824],[11.222555460586031,52.172211381358387],[11.222668186610861,52.171980043917429],[11.223623440190629,52.171274393500013],[11.22762591158682,52.169675243230067],[11.228585244596959,52.169126776236837],[11.22931497724859,52.168883766519286],[11.231620276572118,52.16784689379574],[11.234264230208877,52.166277716804032],[11.236697419189476,52.165391126907892],[11.237551536451369,52.165298513553189],[11.240795228353468,52.164108811045793],[11.242221938696296,52.163268198961717],[11.243647101540439,52.162688273257245],[11.244470849532631,52.162501805430601],[11.246038874455401,52.161712387927317],[11.248475625092912,52.160978291853525],[11.251832393557072,52.158783873614183],[11.25268228639503,52.158538420720113],[11.253772250570401,52.157982752421361],[11.25384662659339,52.157068969182156],[11.255297686142319,52.156429976894891],[11.256349377066702,52.155191868509149],[11.258556531730639,52.154695662166155],[11.259514932574927,52.15414246030663],[11.259976714974417,52.153522369412237],[11.261291872066842,52.152584781653026],[11.264204846728999,52.151387280252962],[11.26636175081221,52.150051436944118],[11.26600317261104,52.149105517948826],[11.267070374833256,52.148181619460573],[11.268591895001041,52.147644474235435],[11.270247839180939,52.146088982952591],[11.272039879368997,52.144912868130888],[11.273370103972599,52.144352380537867],[11.278109081499501,52.142737263946856],[11.279939791776723,52.142324330187101],[11.280908353535075,52.141694346217051],[11.281490094942184,52.140999933430365],[11.282676756442545,52.14013649703697],[11.284529710798218,52.13766461173438],[11.286588190223727,52.136784229769674],[11.286957205505566,52.136929879989992],[11.287107847732077,52.137232577688053],[11.285580255838688,52.13870942068916],[11.28491781940521,52.140322282762149],[11.283851635753486,52.141255318292899],[11.282999113989877,52.141653862696494],[11.281087337795249,52.142908870546165],[11.279819949923422,52.14483902943465],[11.277788025072592,52.146249115076024],[11.27688873927799,52.148095719717119],[11.275348760996989,52.149343445996955],[11.273526216524278,52.150066262436084],[11.272920639396407,52.150154347234533],[11.271826741121895,52.150481057917439],[11.269065083190075,52.152206176385768],[11.266679143224302,52.153852093463179],[11.26491785621344,52.155715172735711],[11.263753918131087,52.157184729279464],[11.260739454044653,52.158766184845092],[11.2589583874288,52.160247525691169],[11.257875951391338,52.160879502815924],[11.255315023774994,52.161611676294832],[11.251958219585148,52.163806192321204],[11.248947141559251,52.165616486533651],[11.244223501621335,52.16745931662404],[11.241207645993436,52.169040285257921],[11.236844617000834,52.170799552478762],[11.233820968671356,52.172380475455647],[11.231751583325979,52.172950003165525],[11.228467678070142,52.174230095381766],[11.22460042687727,52.176055931333373],[11.223528389319199,52.176840195099082],[11.223675028450447,52.177214954615032],[11.224299973320308,52.177432377685868],[11.225790095264811,52.17748065828895],[11.222193725217199,52.179908033493433],[11.22048181674972,52.180398711386736],[11.216899082289469,52.180466132917907],[11.214923562754207,52.180656070803373],[11.20996752607803,52.18303219589906],[11.207814903250213,52.184519699703436],[11.207581667342463,52.184829681763127],[11.206686163891069,52.186752041462832],[11.206734981217677,52.187663476585307],[11.207111604978545,52.187885638804488],[11.208082580104991,52.187485441103519],[11.210479922439315,52.185916941479427],[11.211334080281253,52.185595310049322],[11.212580106947936,52.185729236605226],[11.213340464233022,52.186168893222614],[11.215445404052204,52.188722592868615],[11.215964607967482,52.189090360222259],[11.217105325223029,52.189603742667202],[11.217974710541617,52.18958739257296],[11.219781282713539,52.188641044053398],[11.221891802409028,52.18631367159184],[11.224058961835169,52.184978441119014],[11.224754885705693,52.184052959749273],[11.225315160936942,52.18290082114639],[11.226251687558042,52.181889890120274],[11.22720349925171,52.181112368615715],[11.229152241196459,52.180387903582051],[11.23047282414483,52.17960338086187],[11.230942912043483,52.179136062224984],[11.23104031871372,52.178599391001519],[11.230881975819974,52.17791924509153],[11.232925939813809,52.179098521794039],[11.235167132595077,52.181802105197342],[11.236051635773261,52.182162859972678],[11.236793081033372,52.182076885451302],[11.237256185760076,52.181762482303824],[11.237695183139467,52.180531685313326],[11.238432945772615,52.18044577010447],[11.239964988056201,52.181252624447858],[11.241704162841851,52.181525185455875],[11.242709269709968,52.181811686844007],[11.243349744733946,52.182334331598064],[11.243255712802046,52.182790051379818],[11.241132995336528,52.182524804075072],[11.239529846040567,52.182631670973713],[11.235281597605207,52.184083068332072],[11.231737142095049,52.18513897142806],[11.230777905197922,52.1857683557771],[11.230804669103462,52.186302677400903],[11.231444332296645,52.186591694330161],[11.232434585077707,52.186653847201647],[11.234143470091098,52.18639226693687],[11.235621867566961,52.185982223861565],[11.237360656061414,52.1860256453527],[11.239615942123649,52.186670464439501],[11.240764694329215,52.187484589328811],[11.241039962407942,52.188014185826425],[11.240953766700621,52.188698967122235],[11.240491556558942,52.189395387375242],[11.238072086496565,52.190506499437369],[11.237575291933862,52.190515927596138],[11.235637570556625,52.191393127737086],[11.233839245227642,52.192645179567002],[11.233275072841284,52.193644622706913],[11.232982617092455,52.195250149741156],[11.231906103485938,52.195805357608677],[11.230415309276216,52.195829071631962],[11.227418451433092,52.195278983384391],[11.223404875287521,52.194285077242128],[11.222772390735337,52.194067791211531],[11.222399761894229,52.194074814087138],[11.221131074608131,52.193491983804066],[11.218390278781122,52.19308515681336],[11.217148054368767,52.193032117292638],[11.216775137435747,52.192886322080909],[11.21315752473229,52.192419451084838],[11.212035598003661,52.192211292980609],[11.210778467376333,52.191857346498843],[11.208666584393397,52.191667712289963],[11.206441768636823,52.191781274381952],[11.203622454393722,52.192368821353433],[11.201397809881691,52.192486779028414],[11.200509376717822,52.192044941124266],[11.199519380948812,52.192063412209812],[11.199033748520135,52.192225276709628],[11.198333394581608,52.193074279650041],[11.197256833553423,52.193858379440123],[11.196507797981198,52.193795930836686],[11.192743327118365,52.192719944107743],[11.190770599211209,52.192756612311527],[11.189426621335203,52.193087188597239],[11.18798121121362,52.194107259572824],[11.187412137456857,52.194953759318473],[11.18732549368702,52.195944114500925],[11.187750369721435,52.19677666762923],[11.189542397114234,52.198266977607645],[11.191461905595007,52.199372877741702],[11.201329888002441,52.201171076285185],[11.202346522400422,52.201686919164736],[11.202971588266122,52.201828051009095],[11.204500095024079,52.202635431451711],[11.206299964715571,52.203972540371751],[11.207301932289466,52.204263898819526],[11.212874486474613,52.204307775623192],[11.21423754333196,52.204210281317387],[11.21823668339257,52.205047474008282],[11.219498124525861,52.205405757647092],[11.219396803748952,52.206014400077734],[11.219061524908312,52.206479131806887],[11.218568501734913,52.20664121574228],[11.217047284613395,52.2061349984834],[11.215055144613901,52.205866819125482],[11.210867675154596,52.206098205109228],[11.206902806857929,52.206172469594065],[11.204925976512889,52.2062858500841],[11.202632613890733,52.20488153516164],[11.200813943861505,52.203162703946894],[11.199029367522673,52.202279152982875],[11.19527197704393,52.201436812941338],[11.192783132137198,52.201101100840042],[11.188310374370834,52.200878573177292],[11.186073724699819,52.200538040005092],[11.182316625315464,52.199618880578448],[11.178774672633285,52.198160805294961],[11.174246267271489,52.196716325971131],[11.169926167699391,52.194512800268747],[11.16750545988789,52.194287663939399],[11.16545781340669,52.194289329966324],[11.162494729313726,52.194415585720471],[11.160811267556234,52.195592470868931],[11.160008022289496,52.196748726175528],[11.159566503711487,52.197974759384337],[11.15917670069774,52.200116681512959],[11.157603105816349,52.203264505300425],[11.155711190213346,52.205357468399903],[11.155404690428698,52.20658101907258],[11.155682815745115,52.207263564784959],[11.156596759707702,52.208159205772844],[11.157748462105586,52.20897858476205],[11.159250763060721,52.209333119411156],[11.161648640156107,52.210201559188988],[11.163527508193818,52.210625544855709],[11.165760558421848,52.210584577538008],[11.168702213881533,52.210072102359462],[11.170683046994954,52.21003566018458],[11.172170782257755,52.210313880412478],[11.172814371589146,52.210684039736037],[11.172595593802221,52.211222891801356],[11.171247117465867,52.211625245924701],[11.168783977146104,52.211899776361854],[11.168674398672218,52.211978194311257],[11.164942744687119,52.211970347670544],[11.163503238389481,52.212684374578821],[11.162659121360008,52.213230173486295],[11.162037720295462,52.213165156857059],[11.161518448515352,52.212792655126485],[11.160344453637272,52.211366991827553],[11.159459955410423,52.211005660767547],[11.156824435908632,52.21036623463803],[11.15606398353863,52.209921713627352],[11.154593763805225,52.207660974724419],[11.153698302013865,52.207070593316587],[11.152937975681896,52.206702452643057],[11.151180003055307,52.206352499431418],[11.149941081140449,52.206222272691086],[11.146790788046392,52.205214482417837],[11.145570335389515,52.205542290437535],[11.14401369804675,52.206712131736715],[11.141060764361256,52.207219668722423],[11.14020930887737,52.207464322034163],[11.139379831318557,52.208014182921211],[11.139891619506775,52.208692527015494],[11.140067024608653,52.20960168420558],[11.139950121437526,52.209833012406804],[11.138151967508309,52.211007152565472],[11.137223583363713,52.212089113268888],[11.137252941324418,52.212852607088529],[11.137782814794408,52.213526138973883],[11.140568097050371,52.214999208898902],[11.139073072053467,52.214720707262018],[11.138079073050406,52.214666811529909],[11.134003371590927,52.214888893986959],[11.132402414283922,52.215147040307585],[11.130545569768302,52.215104175575661],[11.127902899753737,52.214311427939755],[11.126784426499212,52.214331589978073],[11.126188615109772,52.214571532993077],[11.125464824314635,52.21519579122225],[11.12441906560826,52.216356164132478],[11.122722613189737,52.217375427801144],[11.121614995363903,52.217548149541145],[11.120894827669325,52.217790301497452],[11.119088497554795,52.219117095147226],[11.118506890388357,52.219734261651475],[11.118078534268317,52.221341905226573],[11.117848159862977,52.221575246269524],[11.117006917012086,52.222273466087707],[11.117035962645296,52.222960565205817],[11.117434365719934,52.223259028025844],[11.118183744476337,52.223551189669919],[11.11832628478197,52.223701435794119],[11.118212828788494,52.2241618860565],[11.116778940584551,52.225248255780038],[11.114653837890419,52.22734471700516],[11.113958526867741,52.228498711260826],[11.11373892372931,52.229113862447512],[11.113562644130983,52.230640568643985],[11.112764752190392,52.232102000419502],[11.112559441516074,52.232941604311691],[11.114325418039378,52.233521200536856],[11.114566763721323,52.233516876458076],[11.11620482280159,52.234022334686337],[11.117853574895314,52.234905094148978],[11.119776575356871,52.23616491703072],[11.121392920410957,52.236288682337459],[11.124607608623553,52.236158953011262],[11.124976976802357,52.235999499070246],[11.125840012394576,52.235983958735055],[11.127094314552508,52.236343372446903],[11.128710685532782,52.23639063542992],[11.129818740945849,52.236217841891943],[11.13104014587381,52.235813784528446],[11.132023843172746,52.235643215114969],[11.135991577319128,52.235724283202842],[11.137315440205715,52.234864386773374],[11.137681121064254,52.234857764046289],[11.137827461726811,52.235237125649569],[11.137362946296063,52.235928665256395],[11.137267983378576,52.236618006581381],[11.13828817489726,52.237206253566669],[11.141912464091448,52.237904563858613],[11.14377026538957,52.237947239018496],[11.144768613069928,52.237852699988885],[11.148411432753971,52.23877968246957],[11.150393615424724,52.238819989748443],[11.153235180349354,52.238768186066601],[11.155824260820504,52.23849171825524],[11.160779566980247,52.238401108072523],[11.163387310319754,52.23843423665884],[11.164137181853077,52.238649697554557],[11.163910519232694,52.239031372833644],[11.161211965616474,52.239615632827586],[11.161084019482187,52.239694378328501],[11.159485780566364,52.239948342910395],[11.156885480939801,52.239919485653715],[11.155762637128783,52.239787192824224],[11.150693823454466,52.239956062774446],[11.147713081904442,52.239704726555487],[11.144205804035808,52.239008961929315],[11.14159783313187,52.239047320762417],[11.140372943488858,52.239226837452648],[11.139886575830317,52.239388460702436],[11.14113029607681,52.24210740332353],[11.141441523493214,52.243400596680104],[11.142322918776122,52.243914925700594],[11.144565090334453,52.244179820418687],[11.146935244374292,52.244289539574588],[11.148072872163228,52.244574451672094],[11.149075251439067,52.245014620838766],[11.15099956716324,52.24627391741388],[11.155326630615962,52.246194987563122],[11.155948393686034,52.246107231076365],[11.15789410772712,52.245464951810071],[11.159722452630389,52.244743890944704],[11.160717363999847,52.244802084853866],[11.160852855293989,52.245028812661026],[11.159778045618518,52.245812508215323],[11.159792719393659,52.246189758182986],[11.160052572405094,52.246414211527267],[11.161322233414712,52.247002190643606],[11.163308505499986,52.247118610717671],[11.164310909048316,52.247329443300181],[11.168275970131846,52.247333047591589],[11.172621356183926,52.247477817010534],[11.175300316414202,52.248880102137718],[11.175432315634138,52.249183278459604],[11.175070263981755,52.249266356301796],[11.172458385986303,52.249161675724167],[11.169326550776784,52.248455279198687],[11.166228365896695,52.248512206876057],[11.16610393570274,52.248438088900784],[11.164487107984767,52.248391353316663],[11.162730991127837,52.247965126594266],[11.161231173866721,52.247839790944056],[11.160985990334455,52.247691475323194],[11.15750360854355,52.247525968157937],[11.155740448627919,52.247027858221585],[11.153516349907518,52.247140362830649],[11.151036298006694,52.24703277807366],[11.148896413615661,52.246388625602329],[11.148519667461137,52.246395483887703],[11.148044105864239,52.24678165574133],[11.148318697972332,52.247387878258237],[11.151629711311889,52.249156735613688],[11.152145678558453,52.249529341666509],[11.152025004028603,52.249607944283916],[11.151029994126278,52.249549677280399],[11.150155664388516,52.249412801238904],[11.147642318539251,52.248694531692863],[11.147236260515042,52.248095194232256],[11.1451799651987,52.246528131772386],[11.14417051523735,52.246168955111145],[11.142806185265034,52.246193729430445],[11.141350377882505,52.246903274298049],[11.141013981134961,52.247367789736032],[11.140399325908048,52.247680051927027],[11.13941908972804,52.24800343085797],[11.138405947317896,52.247415064948413],[11.138135176899027,52.24696155547894],[11.13858511298338,52.246041071842818],[11.139535912594221,52.245107015369079],[11.139503036603825,52.244348082458522],[11.138277494990568,52.242006311863243],[11.137242495930005,52.241036320917772],[11.13545392521795,52.239999059705653],[11.134426382910183,52.239334518534477],[11.133157291073303,52.238746242181769],[11.130282984002418,52.238191428872049],[11.129909744733888,52.238193670610492],[11.129156600941533,52.237906143100552],[11.127287849031134,52.237634229217008],[11.123707314398565,52.238076221755911],[11.122350515902756,52.238177028163101],[11.121217095156616,52.237819885240192],[11.11960410431908,52.23784436767226],[11.117560394445679,52.236433903125437],[11.116785313586256,52.235760186022603],[11.115260809608344,52.235104391822063],[11.113531076488661,52.235211779587011],[11.11268987242973,52.235532447963607],[11.111120360226185,52.236702067512184],[11.10923934741607,52.238636758179162],[11.107691754555693,52.239886834023963],[11.105638887433635,52.241213318065512],[11.105539889999228,52.241673495686889],[11.104752348383871,52.243440291090387],[11.103573636111115,52.24475564059999],[11.103357427549318,52.245447110203187],[11.10339695886527,52.246282332235879],[11.103817037466067,52.247268070905371],[11.104152100612433,52.24908675523438],[11.105211978613676,52.250438597870385],[11.108968452178241,52.251364771814679],[11.110870137803341,52.252243110741752],[11.110767546987573,52.252626955146035],[11.109004472531888,52.252123652546807],[11.105112791900606,52.251204385566105],[11.103375267217595,52.251006151591774],[11.10141030326726,52.25149506287763],[11.100561389431665,52.251815778439699],[11.099126403218291,52.252906434346052],[11.098291760666637,52.25368529002855],[11.097354220525249,52.254767080417501],[11.096036137541443,52.255855620293019],[11.093627384862634,52.257345499992333],[11.092067861710559,52.258442769160894],[11.090536514760403,52.260218144848693],[11.089997022869788,52.26182763532448],[11.089897689948211,52.262440606631962],[11.090068591752919,52.26342630680211],[11.090875902094464,52.264782746183734],[11.091398741976549,52.265308295830657],[11.093805461893052,52.266483569142558],[11.094094025269984,52.267166065720559],[11.091424747336319,52.268426815362943],[11.090465319121581,52.269131420079887],[11.089427982715813,52.270749718527263],[11.087970510923993,52.271458620476736],[11.085638686162037,52.271958243144368],[11.080672162551615,52.271969466806659],[11.078560430924959,52.271930260169128],[11.075663079222609,52.27083521116527],[11.074180720620868,52.270937663029571],[11.073078890653152,52.27110981595316],[11.07188417284166,52.272195910745161],[11.071947894730409,52.27371832338379],[11.071780828566137,52.275397586933728],[11.071169065173818,52.275790325787241],[11.069267002953145,52.277423605104183],[11.066980543599065,52.278987181615982],[11.066045270201405,52.280145071658247],[11.065828111291298,52.280831986840397],[11.066126584131519,52.281891886329923],[11.067029546181699,52.28279289602817],[11.067868434837706,52.284755647521472],[11.06753443976973,52.285372704808616],[11.066040699073858,52.285398848649379],[11.06381838879166,52.28543771033592],[11.06282221996292,52.285684319208649],[11.061520804703173,52.286695765301879],[11.059162044167987,52.289401964802039],[11.056991912614031,52.290886908825776],[11.056183923577867,52.292271701546362],[11.055973508009783,52.293187680877764],[11.056137299692629,52.293796035494523],[11.056261678827337,52.293870271249027],[11.056456870201091,52.295313993764736],[11.056367418789396,52.296151466076552],[11.054666509677018,52.29709338645069],[11.053073097700876,52.297350300912413],[11.05208392549263,52.297596695632905],[11.050970758373627,52.297539632009311],[11.048923369263132,52.301458134578681],[11.047281862462933,52.303774135976219],[11.046843218420699,52.305071566678407],[11.04726657707095,52.305904639097712],[11.047916984359146,52.306652877193805],[11.049958618518437,52.307916273736964],[11.052089715969972,52.308337670940311],[11.053476783340438,52.308920276701919],[11.053861027503268,52.309142798194493],[11.056076967689547,52.311391776130066],[11.057211533062144,52.311902332499464],[11.059093778998594,52.312327938271771],[11.060463877995254,52.312304044651214],[11.061833748357,52.312432941045969],[11.063972387974804,52.312930394096483],[11.06749146847392,52.313938459909274],[11.068932449137778,52.315589555659088],[11.068992909041619,52.316806418357857],[11.068654522054411,52.317648261849953],[11.06856924140614,52.318413765662804],[11.069227421629341,52.319238152653881],[11.07176507473069,52.320339684193854],[11.073302347479981,52.321454230310806],[11.074473278030974,52.322575191905834],[11.075754674752213,52.323469492490325],[11.076882828341146,52.323831665653422],[11.079623329167541,52.323931755237254],[11.082983602946531,52.32395344086941],[11.083716531808218,52.323864112251037],[11.084695256778122,52.323464837526451],[11.088214882409073,52.321654428556762],[11.090011176512068,52.320553041304045],[11.09148107521186,52.319996708423858],[11.092313451394137,52.319141553576756],[11.09299603008888,52.317987935860671],[11.092974733739235,52.317381598104461],[11.093841822164336,52.314701174750923],[11.096194539401747,52.309324832616362],[11.097238317199553,52.30519411049459],[11.09825468250304,52.303122207719895],[11.099527059774124,52.301117650820281],[11.100227353564774,52.300192875490488],[11.103110841001611,52.298236017248222],[11.104404627124596,52.296613036105136],[11.107291640602886,52.294507705886311],[11.10850019844251,52.294104125891558],[11.10911546994336,52.293863934821076],[11.111686467934561,52.293134868854608],[11.113605815065629,52.291806201038575],[11.116033966229368,52.290544784792658],[11.121475706706613,52.287629275694712],[11.124642935993407,52.286430800328098],[11.128154341221665,52.284542914074073],[11.131222144365484,52.283876369175672],[11.133220993414186,52.284069480004447],[11.135977726890966,52.284630858756465],[11.138075390332263,52.284440091277773],[11.143819147740221,52.28266409445223],[11.145177217724186,52.282486624888563],[11.146041174949721,52.282547328032038],[11.146301146717034,52.282695406118357],[11.148300002083751,52.28288826147385],[11.149786077101192,52.282933122019415],[11.154306659383765,52.281408079832069],[11.156396760098847,52.281217122834299],[11.159618006705449,52.281081847131645],[11.161744960391813,52.281272130932187],[11.163472806274747,52.281316886931826],[11.16398919036979,52.281613032666108],[11.164019027741903,52.282300105265875],[11.163400437933435,52.28238784297757],[11.163272255066943,52.282313788697955],[11.161895676724992,52.282109795179849],[11.161148737802129,52.281894262411747],[11.158791349120554,52.282013788638615],[11.15830458670788,52.282175492014545],[11.156452296274347,52.282209335176162],[11.154468135794145,52.282470268346188],[11.15313224031684,52.282953048594798],[11.152400083776554,52.283343912523804],[11.150449087197817,52.283761470931054],[11.149709642933084,52.283851337169651],[11.145975489247748,52.283613654356671],[11.144243957680736,52.283721513147221],[11.140568554194209,52.284776930119357],[11.137885088903586,52.285737874095844],[11.135300497113533,52.286243050689144],[11.134461976727989,52.286788529772373],[11.133971392052153,52.286797396432213],[11.133711425571287,52.286572889150449],[11.133151355188911,52.285288672426077],[11.132261907359165,52.284774419167128],[11.130530076043039,52.284877587263175],[11.12918652031891,52.285360232024189],[11.125572561478354,52.287632002693186],[11.122398175524703,52.2887587232889],[11.119970346721059,52.289791062151679],[11.116838957640722,52.291748287183736],[11.114143585518509,52.29263249598813],[11.112348691425998,52.294035348225698],[11.112246025679953,52.294419192292146],[11.11300388306039,52.294787641344712],[11.113381022965312,52.294857294295809],[11.114647843936309,52.295369426192721],[11.111428866923742,52.2954225304929],[11.109579471109782,52.295837589475383],[11.106333562174155,52.298025777963566],[11.103358336911525,52.300595561622174],[11.101279111019528,52.304057158621838],[11.100810019476672,52.304523912662923],[11.099967018486376,52.305145622631706],[11.099039255309275,52.306532847309697],[11.098259162771134,52.310964505754114],[11.097551601660662,52.31181748921113],[11.096513567258915,52.313435853178312],[11.096424896868967,52.314196945257294],[11.097130471450335,52.316013555774411],[11.097056252536824,52.317079997712767],[11.095655201696783,52.318934000193345],[11.093894521438596,52.321095472058488],[11.091962399356111,52.322347632506506],[11.088553414917735,52.323702285104105],[11.086581701776927,52.324119137905214],[11.083304332332249,52.325471310821314],[11.082382524491917,52.327082998467588],[11.082454274397254,52.328609754182082],[11.082511025037896,52.330051383761607],[11.083448004484421,52.331257276713401],[11.084078571713214,52.334369604824019],[11.084616477618674,52.335043227218037],[11.086275893574223,52.336007144067572],[11.086464880204364,52.337527330335973],[11.086870974796197,52.338126871082309],[11.087067325494157,52.339646926003141],[11.086359104734596,52.340499846497806],[11.08466816399428,52.341442014853214],[11.081268261728431,52.343025485251239],[11.078729247925789,52.344742018777524],[11.077693536087013,52.346283760007744],[11.077127205995586,52.347664437433103],[11.07488066495684,52.349915040499475],[11.074420983192214,52.350911827335551],[11.074691889746545,52.35403050866686],[11.072797403119573,52.355892882732583],[11.071482893866934,52.356976556804277],[11.070645563109714,52.357984441833018],[11.070115349916129,52.359517249506041],[11.070432072364454,52.361188017298886],[11.071793007623521,52.363523588856864],[11.075056159311835,52.367124560770527],[11.076117905659947,52.368629424896135],[11.077561040178251,52.370280375378428],[11.08078957331942,52.372812192823744],[11.082831711187195,52.373922221242026],[11.085600514686325,52.374556493053767],[11.088707899348499,52.374506099988885],[11.089819560899173,52.374333643211344],[11.091558332630241,52.374379278533524],[11.096191026312448,52.37506119118553],[11.09928729973954,52.374853420523216],[11.100267118158417,52.374611301175669],[11.102251773369815,52.374499607267843],[11.102739750660229,52.374338122695882],[11.104731685033821,52.374302658211832],[11.105476296400479,52.3744421942137],[11.107526239314444,52.375547165215849],[11.10894544657576,52.376820656446874],[11.111355139951829,52.377842739137051],[11.113552030347204,52.379326985385312],[11.114817609003715,52.379915546937127],[11.119575958954389,52.380594298249456],[11.122690803192086,52.380843987746609],[11.125515841837506,52.380181998261335],[11.126877187597197,52.380085596785342],[11.128131713603437,52.380211316579732],[11.130773346417389,52.380927720070908],[11.132806046644129,52.381807858975506],[11.140346055090168,52.383424253153194],[11.142958478380514,52.383529707226948],[11.148183498878867,52.383592131708276],[11.151742148232493,52.38261506489448],[11.152985924833766,52.382592409868458],[11.159102633652187,52.383244814637045],[11.163571392780439,52.383086675216987],[11.167427537136209,52.383092392898369],[11.168678797549127,52.383222228455764],[11.171563225952232,52.383780443903866],[11.173933560923322,52.383889644585814],[11.176039523390502,52.383626156907191],[11.177620220169505,52.383062215657603],[11.17955256476475,52.381885048345708],[11.181095347786277,52.38025663404121],[11.182120683417159,52.378413049169829],[11.182071730037915,52.377420735213242],[11.181924506861947,52.377041447330733],[11.180983709926918,52.375535288632747],[11.179698913520962,52.374646682931655],[11.178527570114561,52.373675074638385],[11.176607864312366,52.372416138747873],[11.175727361467981,52.372279558915849],[11.173672081377864,52.371023072846427],[11.173143166066678,52.370345193435654],[11.173120892495868,52.369891688915182],[11.175445361836857,52.369008479427492],[11.176640310807423,52.368150539826942],[11.176738726600314,52.367613915804121],[11.17662268156058,52.365180193949513],[11.175293251955223,52.363375545252012],[11.175006360381387,52.362616814209311],[11.173159833972731,52.360444151391206],[11.173258277637704,52.359907529340653],[11.174184846884234,52.358596140865892],[11.174087587290787,52.356615984893153],[11.174911819428694,52.355688481495839],[11.175754470302731,52.355061746114593],[11.175853091502379,52.354529611216847],[11.175177404147107,52.353400529483466],[11.172763507422463,52.352146140957409],[11.171622954527416,52.351861515426442],[11.168820618993383,52.350389480568133],[11.16779709839402,52.349720660204895],[11.168519049496085,52.349177087125177],[11.16926701457152,52.349239749932536],[11.170668316292121,52.350054416709156],[11.173183912649533,52.350767669291976],[11.174056562511304,52.350828007882789],[11.174415608800238,52.350592191973327],[11.175598585693212,52.349276067427184],[11.17703846349637,52.348260801594243],[11.177416064803056,52.348253839322489],[11.177555814414148,52.348633271198651],[11.176837735814564,52.349253230201469],[11.175904100598073,52.350564773494135],[11.175952783280106,52.351480696570633],[11.177527432562568,52.353204414367696],[11.177564846200525,52.354039649163859],[11.176555086556492,52.356193016883438],[11.176471568465411,52.357106881692346],[11.177003949657285,52.3577082809283],[11.178374284817659,52.360271678748546],[11.178422905670411,52.361259507860453],[11.178075155542141,52.36180073339569],[11.17767010102134,52.363713748731641],[11.177941885682797,52.364239054160855],[11.179653184123064,52.36611752106441],[11.179694322036484,52.366952685278626],[11.179383920673676,52.368252745205126],[11.178658172270804,52.368648143452425],[11.178068165786655,52.369265743859458],[11.177727956284013,52.370036032627198],[11.178029575157879,52.370942794733409],[11.178808085226319,52.371692449814461],[11.181506124185072,52.373471787701199],[11.182148503583587,52.373990237985943],[11.183591981544946,52.375415187721984],[11.184955937432772,52.377978626492379],[11.186233507832108,52.378642599561118],[11.187855105834672,52.378688974378626],[11.189578873577002,52.378351425258458],[11.191408656274625,52.377634370218743],[11.194103774804061,52.376820318280394],[11.200295916924841,52.376556816369323],[11.20178093159039,52.37614713285997],[11.202506813705689,52.375756084925541],[11.203954289009328,52.37488866389036],[11.205984193498677,52.373480028296257],[11.207178098374435,52.372316189431722],[11.207480370349078,52.371016203178996],[11.208284963925866,52.369630422137213],[11.209701998943498,52.368233177140802],[11.212743793799076,52.366881885886684],[11.216367026363692,52.364683675691118],[11.219786415518406,52.363477915762516],[11.222355454278134,52.362665576822124],[11.227192425164334,52.362502544691836],[11.228416529827941,52.362173843181573],[11.232057975813145,52.360505119488913],[11.23461475630099,52.359166914843065],[11.234841161397915,52.3587806183425],[11.237246623551025,52.357211517268816],[11.238522247843838,52.355510983970106],[11.240311456648019,52.353953498484771],[11.242488479021654,52.350563947612493],[11.242709905243659,52.34971931485493],[11.24243009024222,52.349266214219377],[11.240533048759946,52.348542694465522],[11.235682814578771,52.34863013389301],[11.234700159650341,52.348572332860684],[11.23393694809308,52.348209256634611],[11.233898623747416,52.347522359461635],[11.234880321086907,52.347198173076677],[11.237479185430749,52.347072551956707],[11.238699540429637,52.346824707375234],[11.241804441808883,52.34676579898931],[11.242306450784129,52.346679863745777],[11.2431485669719,52.346281855855509],[11.243471820680972,52.345057767546805],[11.243017367654078,52.343619246322426],[11.24137916643166,52.340756046013361],[11.240578317741631,52.337036505769127],[11.239511825824492,52.33553318170032],[11.238604687930634,52.334786358402361],[11.237425476604686,52.333590763510813],[11.237145858924936,52.333065738085864],[11.236990049858905,52.332304664542434],[11.238092701888821,52.332130960856702],[11.238602878535673,52.332354990500463],[11.240650387130833,52.33352960450884],[11.242523824394747,52.333799645266893],[11.243687538620945,52.334541562670786],[11.24448600326685,52.335820737177123],[11.244551525190731,52.337113843429933],[11.244340780148669,52.337805473854253],[11.243435850468794,52.339422634087008],[11.243101034946173,52.340417735242688],[11.243544055991959,52.341703668761419],[11.244331072050414,52.34268194575715],[11.245494827700577,52.343419351333779],[11.246129570692762,52.343636485751389],[11.246870205758508,52.343698797281434],[11.249920383734851,52.342422765256174],[11.253458518188205,52.341366548911097],[11.254787036388452,52.34058165209931],[11.25585805150104,52.33956795781355],[11.257888129699312,52.338081992802032],[11.262383122155583,52.33601845811129],[11.263555518068573,52.334625227656389],[11.264685158141788,52.332468775033959],[11.266760758792792,52.331669405654686],[11.268945725373564,52.330715091909305],[11.27077592196958,52.33006867796329],[11.273720225289852,52.329405278625799],[11.276165879584353,52.328746925267623],[11.277372958792064,52.32804051192138],[11.277816317954773,52.326890404248637],[11.278489730177487,52.325578554246782],[11.279334751020681,52.325108316012198],[11.280191043021908,52.324786166813247],[11.283364860985126,52.323888879273049],[11.284816618279118,52.323024847375997],[11.285290718211744,52.32240444303352],[11.285391938930317,52.322020466296507],[11.284352704739961,52.321352951526663],[11.279396907707183,52.320042027354923],[11.279475051540556,52.319137161430461],[11.279998461435342,52.31861919600005],[11.282462544517321,52.318189560177039],[11.285511025913275,52.31721822994664],[11.28699796579796,52.317041117909227],[11.2880067687321,52.31747549596178],[11.288159176090062,52.318083769359404],[11.28740474492581,52.3203051015727],[11.287587843326286,52.321294797908195],[11.287709792380152,52.32372835468724],[11.287359727896835,52.324193557811014],[11.285798068890186,52.32505974933494],[11.283617914534908,52.326095185788567],[11.282897764477708,52.326639442627872],[11.28231813145387,52.327491086990207],[11.282213512000425,52.328023437262978],[11.280663404003892,52.329118545114909],[11.278093473639755,52.329855793084185],[11.276415203436667,52.331029719404761],[11.275699036414402,52.331654751639434],[11.274974525022445,52.332046236243983],[11.2733778306979,52.332382605361914],[11.271395589804595,52.332497162357463],[11.270297472575379,52.33290029933989],[11.265514540573424,52.336493232190591],[11.263867130639792,52.338354008988091],[11.260762235566954,52.340773003035821],[11.258642545669307,52.343020264844647],[11.256460641788625,52.344050724317995],[11.252308063944916,52.345653570378374],[11.249966782446919,52.346080221471951],[11.248524588041564,52.346943628639167],[11.247729193521844,52.348405928213033],[11.247533948123991,52.3494028780637],[11.246605672293228,52.350562087711474],[11.24480561847596,52.352043476284429],[11.24413039385586,52.35327425740288],[11.244142610771613,52.353732439516293],[11.244764630401097,52.356156508671695],[11.24456172834922,52.357149102942586],[11.243395513332166,52.358470106044635],[11.242194600615383,52.359252444790535],[11.237435195963755,52.361014579982488],[11.236483692118098,52.361796627095003],[11.235902680944994,52.362719962286441],[11.235488178892089,52.364251361367259],[11.234650030710014,52.365026752150165],[11.231635630196244,52.366760108402829],[11.22759668400046,52.368054301129675],[11.225038723515063,52.369091255218493],[11.220701491993585,52.371837972437575],[11.21837748641132,52.372569265905284],[11.214099421824562,52.374092191889396],[11.212644686993757,52.374883472898489],[11.211204792360896,52.375899169920224],[11.209383035778995,52.376769188109385],[11.206968047759556,52.378261478184129],[11.204280561825202,52.379152084325128],[11.20004987003707,52.378844462046544],[11.198428259970012,52.378798254795228],[11.195464815622717,52.379311786499812],[11.195105313761033,52.379466776879831],[11.193986736198417,52.379568455706895],[11.192761666852741,52.379892317507021],[11.190289346676522,52.380167394899409],[11.188576624079474,52.380729459466494],[11.186119425592171,52.381386176724476],[11.183907542455964,52.381881008583157],[11.180776725535171,52.383997198425895],[11.179188385218364,52.38448042614035],[11.177075196524044,52.384672196443994],[11.173846337907872,52.384655263217297],[11.17112751231913,52.385078286923687],[11.169422127151639,52.385648923596598],[11.16780402940941,52.385678631170812],[11.16740732537713,52.385227503699745],[11.166383075024958,52.384635083501436],[11.16474625660272,52.384206681336281],[11.159022388976288,52.384158599719676],[11.158281179756496,52.384095739259394],[11.15443231892691,52.384165975473088],[11.151948347138473,52.384211237901937],[11.148506949594756,52.385109777439119],[11.146030104958164,52.38530309263647],[11.143410202251568,52.385121441138033],[11.140771840718624,52.384558060446913],[11.139509750078828,52.384203408367171],[11.134779991969213,52.384131653367135],[11.134042511606447,52.384221374858363],[11.133653528025638,52.383922795601457],[11.131356708048518,52.382669925336415],[11.128946298210526,52.381648259172884],[11.127687838873568,52.381365322390913],[11.125453466414816,52.381481934382442],[11.121886985830791,52.382229144300219],[11.120268945614329,52.382334589394652],[11.116024054371533,52.381646672032637],[11.11465187919349,52.381594835055047],[11.113041180005798,52.381700048880845],[11.110285933442283,52.381290882077991],[11.10822106790698,52.379957022339894],[11.107062162563535,52.378908083765545],[11.105136843689452,52.377724483015371],[11.103379820774983,52.377220967968611],[11.101013551570727,52.37726306507485],[11.100386302137245,52.377121415308864],[11.096302694637922,52.377495040304275],[11.094068472750825,52.377534656020266],[11.090444177552373,52.377140426202182],[11.08895097240964,52.377243233353205],[11.084478929092072,52.377245807371224],[11.081282528847829,52.378061660496762],[11.078809334455332,52.37832990282007],[11.074946453279212,52.378092195337921],[11.074822013425539,52.378022474415019],[11.072958069089413,52.378050693318023],[11.071112205408191,52.378465062560892],[11.069408695451436,52.379254416871795],[11.068325595756763,52.380041876359989],[11.066489975867938,52.383192919237281],[11.062087643328306,52.385018038271156],[11.05930387615772,52.386513689523355],[11.05798491591019,52.387448973883807],[11.056565631910194,52.389149989504446],[11.054882860023563,52.39032076826701],[11.054127121353217,52.390181106245954],[11.051356592042714,52.392053842101518],[11.049399180682068,52.392851802355189],[11.048422206762604,52.39316984562452],[11.045740777522527,52.394357796911109],[11.044046858965268,52.395456705123614],[11.043804620056351,52.395460894940094],[11.04221756056633,52.396171434926451],[11.041237351468565,52.396422062079552],[11.040484719029878,52.396430565117036],[11.040366914662407,52.396504504828364],[11.040235134968009,52.396434874400171],[11.038869699184001,52.396377543942577],[11.036495581760171,52.396112878859512],[11.036367479579994,52.39604318078753],[11.03350807022796,52.396087921208832],[11.030499520057349,52.395604850753358],[11.0303748927968,52.39553059244831],[11.028891918832036,52.395632459685402],[11.026081340014157,52.396822177649305],[11.025142409683918,52.398056170624919],[11.025632058388229,52.400564472232531],[11.025503409925745,52.400643076785457],[11.025084406515939,52.402322058615745],[11.024412624630008,52.403857063710625],[11.023452735005007,52.404637496068467],[11.021986341796994,52.405269293211909],[11.018294791440443,52.406091889784719],[11.017182225552386,52.406187281890524],[11.015833359817627,52.406740597075959],[11.010768329070872,52.410408654501644],[11.008698529734218,52.414021131636986],[11.006514564039458,52.415046921640212],[11.002083392738383,52.416034354487479],[10.999561344698037,52.418283632105783],[10.998240377122295,52.419222760204498],[10.997903582519003,52.420064349955219],[10.997999244537962,52.422341222453532],[10.997437916142086,52.423501190084977],[10.997881412932649,52.425017181325089],[10.993878174055636,52.427367759385845],[10.991831198482039,52.428844862468523],[10.989683248415748,52.43093931250985],[10.988229483127899,52.431799667842903],[10.976044801135988,52.435046448418717],[10.974094927297788,52.435838519473684],[10.972998304940527,52.43639161851668],[10.964750702456959,52.441324114078256],[10.962725877087461,52.443335120582354],[10.959792729752834,52.447419412886624],[10.956926627460801,52.450208240407925],[10.954165125569018,52.452460477701308],[10.953226113834875,52.453846668973355],[10.953131673421133,52.454454920361975],[10.953182973597633,52.455447249409673]],[[11.227215184830255,52.188730069196197],[11.22486278837882,52.188774480625099],[11.223884316796109,52.189022150912059],[11.222924661070419,52.189646983955761],[11.22281196129568,52.189806410252785],[11.222868826206604,52.191018810293222],[11.223539384180873,52.191999416702288],[11.224296207787676,52.192290757058089],[11.224789212815969,52.192205052175666],[11.226204155739818,52.191032289150399],[11.229395726159405,52.190365251105568],[11.230001260679147,52.189971781016872],[11.229967423378433,52.189442087672631],[11.228950926284222,52.189002884548167],[11.227215184830255,52.188730069196197]],[[11.178589276708758,52.171575905016446],[11.17751257321004,52.172278932493455],[11.177673952152293,52.172963581866092],[11.178061502376714,52.173414842833083],[11.179840712111949,52.174370708618731],[11.180962044394509,52.174579180289122],[11.181567890529957,52.17426235705824],[11.181804992027526,52.174028759416217],[11.18177896087008,52.173422507812397],[11.181245054856104,52.172744756705441],[11.180090456393632,52.171930170724266],[11.178589276708758,52.171575905016446]]]},"properties":{"OBJECTID":55248,"Shape_Leng":261618.371671,"GEO":1,"KOMBI":4012,"SCHICHT_1":199,"SCHICHT_2":0,"SCHICHT_3":null,"Kuerzel":",,f","T1_Kuerzel":",,f","T2_Kuerzel":" ","T3_Kuerzel":null,"T1_MatBez":"Holozän","T2_MatBez":" ","T3_MatBez":null,"T1_GenTxt":"fluviatile Ablagerungen","T2_GenTxt":" ","T3_GenTxt":null,"T1_PethTxt":"Ton, Schluff, Sand; Kies","T2_PethTxt":" ","T3_Peth_Tx":null,"T1_PH_Beso":" ","T2_PH_Beso":" ","T3_PH_Beso":null,"T1_G_Beson":"(Auesedimente), in Nebentälern z.T. Abschlämmassen","T2_G_Beson":" ","T3_G_Beson":null,"T1_S_Beson":" ","T2_S_Beson":" ","T3_S_Beson":null,"T1_Gruppe":"Känozoikum","T1_System":"Quartär","T1_Serie":"Holozän","T1_Stufe":" ","T1_UStufe":" ","T1_Zone":" ","T2_Gruppe":" ","T2_System":" ","T2_Serie":" ","T2_Stufe":" ","T2_UStufe":" ","T2_Zone":" ","T3_Gruppe":null,"T3_System":null,"T3_Serie":null,"T3_Stufe":null,"T3_UStufe":null,"T3_Zone":null,"T1_Blattnu":"CC 3926","T1_Blattna":"Braunschweig","T1_StartJm":0.01,"T2_StartJm":0,"T3_StartJm":null,"T1_EndJmio":0,"T2_EndJmio":0,"T3_EndJmio":null,"Symbol":",,f","Label":",,f","Shape_Length":261512.8268921148,"Shape_Area":42177450.909971192}},{"type":"Feature","id":55254,"geometry":{"type":"Polygon","coordinates":[[[11.086450834020807,52.335437788295792],[11.086592079739797,52.33493194597645],[11.087275244023269,52.333549153369304],[11.088463864250336,52.332463024978829],[11.089560350432475,52.331913320946249],[11.09166046635125,52.331723349512018],[11.09505831984427,52.332759714115234],[11.092950714868017,52.33395657364531],[11.091361972019632,52.33456895523458],[11.089687745255681,52.335003060447221],[11.086450834020807,52.335437788295792]]]},"properties":{"OBJECTID":55254,"Shape_Leng":1537.4637078999999,"GEO":75,"KOMBI":4030,"SCHICHT_1":373,"SCHICHT_2":0,"SCHICHT_3":null,"Kuerzel":"D,,gf","T1_Kuerzel":"D,,gf","T2_Kuerzel":" ","T3_Kuerzel":null,"T1_MatBez":"Drenthe-Stadium","T2_MatBez":" ","T3_MatBez":null,"T1_GenTxt":"glazifluviatile Ablagerungen","T2_GenTxt":" ","T3_GenTxt":null,"T1_PethTxt":"Sand und Kies","T2_PethTxt":" ","T3_Peth_Tx":null,"T1_PH_Beso":" ","T2_PH_Beso":" ","T3_PH_Beso":null,"T1_G_Beson":" ","T2_G_Beson":" ","T3_G_Beson":null,"T1_S_Beson":" ","T2_S_Beson":" ","T3_S_Beson":null,"T1_Gruppe":"Känozoikum","T1_System":"Quartär","T1_Serie":"Pleistozän","T1_Stufe":"Saale-Kaltzeit","T1_UStufe":"Drenthe-Stadium","T1_Zone":" ","T2_Gruppe":" ","T2_System":" ","T2_Serie":" ","T2_Stufe":" ","T2_UStufe":" ","T2_Zone":" ","T3_Gruppe":null,"T3_System":null,"T3_Serie":null,"T3_Stufe":null,"T3_UStufe":null,"T3_Zone":null,"T1_Blattnu":"CC 3926","T1_Blattna":"Braunschweig","T1_StartJm":0.17999999999999999,"T2_StartJm":0,"T3_StartJm":null,"T1_EndJmio":0.14999999999999999,"T2_EndJmio":0,"T3_EndJmio":null,"Symbol":"D,,gf","Label":"D,,gf","Shape_Length":1536.8411040549033,"Shape_Area":134399.49796619869}},{"type":"Feature","id":55526,"geometry":{"type":"Polygon","coordinates":[[[11.091229678613626,52.388550644173677],[11.092345447149793,52.388535387964602],[11.094373926538658,52.389335365399766],[11.095172968207612,52.390386312962441],[11.095219997262999,52.391378684568281],[11.095109694712482,52.391686242260455],[11.094286684144494,52.392765941324598],[11.091018647433513,52.39457203096088],[11.089649638933363,52.39467264561771],[11.088508955729443,52.394086101796049],[11.088358929743512,52.393553950653903],[11.088251172955054,52.391272833418924],[11.088361311876481,52.390960791199312],[11.090367140828718,52.388795105791502],[11.091229678613626,52.388550644173677]]]},"properties":{"OBJECTID":55526,"Shape_Leng":1834.1556823200001,"GEO":81,"KOMBI":4031,"SCHICHT_1":167,"SCHICHT_2":0,"SCHICHT_3":null,"Kuerzel":"D,,Lg","T1_Kuerzel":"D,,Lg","T2_Kuerzel":" ","T3_Kuerzel":null,"T1_MatBez":"Drenthe-Stadium","T2_MatBez":" ","T3_MatBez":null,"T1_GenTxt":"Grundmoräne (Geschiebemergel, Geschiebelehm)","T2_GenTxt":" ","T3_GenTxt":null,"T1_PethTxt":"Schluff, tonig, sandig, kiesig; Steine","T2_PethTxt":" ","T3_Peth_Tx":null,"T1_PH_Beso":" ","T2_PH_Beso":" ","T3_PH_Beso":null,"T1_G_Beson":" ","T2_G_Beson":" ","T3_G_Beson":null,"T1_S_Beson":" ","T2_S_Beson":" ","T3_S_Beson":null,"T1_Gruppe":"Känozoikum","T1_System":"Quartär","T1_Serie":"Pleistozän","T1_Stufe":"Saale-Kaltzeit","T1_UStufe":"Drenthe-Stadium","T1_Zone":" ","T2_Gruppe":" ","T2_System":" ","T2_Serie":" ","T2_Stufe":" ","T2_UStufe":" ","T2_Zone":" ","T3_Gruppe":null,"T3_System":null,"T3_Serie":null,"T3_Stufe":null,"T3_UStufe":null,"T3_Zone":null,"T1_Blattnu":"CC 3926","T1_Blattna":"Braunschweig","T1_StartJm":0.17999999999999999,"T2_StartJm":0,"T3_StartJm":null,"T1_EndJmio":0.14999999999999999,"T2_EndJmio":0,"T3_EndJmio":null,"Symbol":"D,,Lg","Label":"D,,Lg","Shape_Length":1833.4167552307679,"Shape_Area":236804.3559216529}},{"type":"Feature","id":55534,"geometry":{"type":"Polygon","coordinates":[[[11.00649803793052,52.381993206786206],[11.002951061209966,52.380377079813869],[11.001296040629857,52.379263619957548],[10.996135163769781,52.375234324446048],[10.993337024603809,52.37375806828269],[10.99105837117574,52.372807789551807],[10.986281866397499,52.371742195006917],[10.9871412433058,52.371422145746536],[10.987993474053258,52.371106704459585],[10.989206169482639,52.370398696274151],[10.990037997054644,52.369548785465632],[10.991361794939968,52.368537778242462],[10.994538374614097,52.367342690888769],[10.995629368984355,52.366789468593922],[10.996682868478807,52.365324566986061],[10.997635718318397,52.364396155312413],[10.998848075931008,52.363688050798807],[11.0026266369814,52.362181460502725],[11.006391306641559,52.360212089563383],[11.012008605104997,52.357909956740933],[11.017122931769775,52.355616140548719],[11.021399055235131,52.354024044927925],[11.023119898850924,52.353536189554106],[11.023963980818811,52.353216131816502],[11.026273209889153,52.352035041403838],[11.027945511323139,52.350330037661593],[11.029332579676733,52.348328802139228],[11.030651176956589,52.34731743630855],[11.032585964352627,52.346142653798609],[11.040460640605801,52.344406994363901],[11.043060162173838,52.344209266149662],[11.044562812435027,52.344412471642507],[11.047959335800623,52.345423247276166],[11.049878060619656,52.346607884118789],[11.051173950018041,52.347731398661537],[11.052590817978338,52.348771902466133],[11.053342049050672,52.348988049876723],[11.054713162051042,52.349040612159719],[11.056030307694014,52.35061761326142],[11.05732957291201,52.351965709984547],[11.057663967325638,52.3537126036749],[11.057931052391314,52.354089954084557],[11.059081063147614,52.354829426668523],[11.060711917600553,52.355412196876109],[11.061780222273256,52.356917074491705],[11.062149970661023,52.359575648922089],[11.063221769370312,52.361309653926028],[11.063649243433641,52.362290899600175],[11.063709759198998,52.363588649584671],[11.063478375819264,52.363821892608399],[11.063163929943945,52.365422803688624],[11.063067689300087,52.368318710066795],[11.062016337464282,52.369784174303845],[11.058256824237386,52.371908036359727],[11.057557987178944,52.372985316403117],[11.056912390765293,52.37505037444096],[11.056113699053054,52.376587785162592],[11.055061805766716,52.378129593134055],[11.053393582199025,52.379605702650714],[11.051339658332994,52.381160389437326],[11.050398685760047,52.382169920999381],[11.04882661722988,52.383033094280194],[11.045767862965699,52.384227593504065],[11.043831935110472,52.385326196873358],[11.042249255892617,52.385964759360121],[11.040555356268923,52.387059125177409],[11.038646977135723,52.388840271692665],[11.037195752574616,52.389705696113282],[11.035740904403667,52.39041387098105],[11.034143560817846,52.390899774515539],[11.032525122888034,52.390927620672187],[11.030782231141222,52.390804784112227],[11.028148399256622,52.390315215706046],[11.026779529990149,52.390338699542205],[11.025552922800978,52.39074172903122],[11.022770652316018,52.392384788835727],[11.022399796305566,52.392467535080023],[11.021027365768324,52.392414614036625],[11.020126161723823,52.391742424931088],[11.018535642869079,52.389486599645451],[11.017086517311348,52.387911442769443],[11.016805825926673,52.387152236335993],[11.016771210726585,52.386393323616616],[11.017110683274357,52.385623533175952],[11.017720568836646,52.385307522009548],[11.018458897320571,52.385070209116499],[11.022148703686948,52.384247624278949],[11.023610707182394,52.383534999658252],[11.024327655998519,52.382992415983708],[11.027889090950081,52.382019050180197],[11.028758858883629,52.381927720662524],[11.029739028584462,52.381681689566598],[11.03383062056572,52.381382140726075],[11.034935705492874,52.381138410073511],[11.036015971632482,52.380355803365511],[11.036365816606736,52.379819469300422],[11.036295728831266,52.378297171456907],[11.036381963701341,52.377378886197413],[11.038254476550136,52.374987189411968],[11.039224387629679,52.374363748133518],[11.040575145967008,52.37395842923852],[11.041932926353109,52.37370577430061],[11.044409288867557,52.37358655507213],[11.046248357557074,52.373024414888619],[11.047093179810982,52.372398580905298],[11.048861666199697,52.370314112581489],[11.050651007384849,52.368683161926853],[11.050989711015568,52.368070575796004],[11.05082633763586,52.36708020829164],[11.049370231443872,52.365204453865694],[11.049313667294811,52.363983030573891],[11.050126657425894,52.36267461657178],[11.05204008802642,52.361194288464844],[11.052154496374161,52.360891194015473],[11.051769804554665,52.360668674266471],[11.050530099642209,52.360766595976592],[11.043515041640459,52.362254350281056],[11.041644784377127,52.362529365683308],[11.040016950545384,52.362490070614264],[11.038333168399491,52.362271952593431],[11.036869144509796,52.362202823848996],[11.036273143296842,52.362491733206326],[11.036122305727522,52.363042616028295],[11.037665166455914,52.364265385900417],[11.038903384572505,52.364769838424067],[11.040791477329238,52.365038348310129],[11.042939416369148,52.365846126003255],[11.044149236238212,52.367879019689163],[11.045993417093833,52.370211011698579],[11.045903999899402,52.370976562234745],[11.04506278763794,52.371521431208798],[11.043576843632872,52.371699939661973],[11.041225100044253,52.371812495076135],[11.037900376656394,52.372481082798274],[11.033512404280602,52.37438129090534],[11.031049819149652,52.37488204370112],[11.029421290791982,52.374757224281197],[11.028537830463726,52.374466793752305],[11.02767187680271,52.374558056401384],[11.02697242244871,52.375558762067961],[11.026996910278042,52.376093141657734],[11.026272765116435,52.37663586651486],[11.025926867927771,52.377100196870359],[11.022518066713276,52.37875399853322],[11.02109821780396,52.380225393966349],[11.020010532918832,52.380931590460442],[11.018174091920622,52.381646072091577],[11.013365103014184,52.38256400561238],[11.009634038181169,52.382398316053539],[11.00649803793052,52.381993206786206]]]},"properties":{"OBJECTID":55534,"Shape_Leng":25215.555655600001,"GEO":75,"KOMBI":4030,"SCHICHT_1":373,"SCHICHT_2":0,"SCHICHT_3":null,"Kuerzel":"D,,gf","T1_Kuerzel":"D,,gf","T2_Kuerzel":" ","T3_Kuerzel":null,"T1_MatBez":"Drenthe-Stadium","T2_MatBez":" ","T3_MatBez":null,"T1_GenTxt":"glazifluviatile Ablagerungen","T2_GenTxt":" ","T3_GenTxt":null,"T1_PethTxt":"Sand und Kies","T2_PethTxt":" ","T3_Peth_Tx":null,"T1_PH_Beso":" ","T2_PH_Beso":" ","T3_PH_Beso":null,"T1_G_Beson":" ","T2_G_Beson":" ","T3_G_Beson":null,"T1_S_Beson":" ","T2_S_Beson":" ","T3_S_Beson":null,"T1_Gruppe":"Känozoikum","T1_System":"Quartär","T1_Serie":"Pleistozän","T1_Stufe":"Saale-Kaltzeit","T1_UStufe":"Drenthe-Stadium","T1_Zone":" ","T2_Gruppe":" ","T2_System":" ","T2_Serie":" ","T2_Stufe":" ","T2_UStufe":" ","T2_Zone":" ","T3_Gruppe":null,"T3_System":null,"T3_Serie":null,"T3_Stufe":null,"T3_UStufe":null,"T3_Zone":null,"T1_Blattnu":"CC 3926","T1_Blattna":"Braunschweig","T1_StartJm":0.17999999999999999,"T2_StartJm":0,"T3_StartJm":null,"T1_EndJmio":0.14999999999999999,"T2_EndJmio":0,"T3_EndJmio":null,"Symbol":"D,,gf","Label":"D,,gf","Shape_Length":25205.406930404366,"Shape_Area":14363070.786242528}},{"type":"Feature","id":55537,"geometry":{"type":"Polygon","coordinates":[[[11.066489975867938,52.383192919237281],[11.066660280720166,52.384479756056315],[11.065245823564808,52.385803287699133],[11.063912333491123,52.386738893351193],[11.063213519823476,52.387739803270328],[11.063152553260689,52.389187976002162],[11.062315204944863,52.389660992914386],[11.061320589222515,52.389754745950846],[11.059577790838626,52.389555932382471],[11.058201423382073,52.389575417267373],[11.056857580362944,52.390057214270968],[11.054882860023563,52.39032076826701],[11.056565631910194,52.389149989504446],[11.05798491591019,52.387448973883807],[11.05930387615772,52.386513689523355],[11.062087643328306,52.385018038271156],[11.066489975867938,52.383192919237281]]]},"properties":{"OBJECTID":55537,"Shape_Leng":2482.6252494700002,"GEO":81,"KOMBI":4031,"SCHICHT_1":167,"SCHICHT_2":0,"SCHICHT_3":null,"Kuerzel":"D,,Lg","T1_Kuerzel":"D,,Lg","T2_Kuerzel":" ","T3_Kuerzel":null,"T1_MatBez":"Drenthe-Stadium","T2_MatBez":" ","T3_MatBez":null,"T1_GenTxt":"Grundmoräne (Geschiebemergel, Geschiebelehm)","T2_GenTxt":" ","T3_GenTxt":null,"T1_PethTxt":"Schluff, tonig, sandig, kiesig; Steine","T2_PethTxt":" ","T3_Peth_Tx":null,"T1_PH_Beso":" ","T2_PH_Beso":" ","T3_PH_Beso":null,"T1_G_Beson":" ","T2_G_Beson":" ","T3_G_Beson":null,"T1_S_Beson":" ","T2_S_Beson":" ","T3_S_Beson":null,"T1_Gruppe":"Känozoikum","T1_System":"Quartär","T1_Serie":"Pleistozän","T1_Stufe":"Saale-Kaltzeit","T1_UStufe":"Drenthe-Stadium","T1_Zone":" ","T2_Gruppe":" ","T2_System":" ","T2_Serie":" ","T2_Stufe":" ","T2_UStufe":" ","T2_Zone":" ","T3_Gruppe":null,"T3_System":null,"T3_Serie":null,"T3_Stufe":null,"T3_UStufe":null,"T3_Zone":null,"T1_Blattnu":"CC 3926","T1_Blattna":"Braunschweig","T1_StartJm":0.17999999999999999,"T2_StartJm":0,"T3_StartJm":null,"T1_EndJmio":0.14999999999999999,"T2_EndJmio":0,"T3_EndJmio":null,"Symbol":"D,,Lg","Label":"D,,Lg","Shape_Length":2481.6170889095165,"Shape_Area":226560.21050626657}},{"type":"Feature","id":55557,"geometry":{"type":"Polygon","coordinates":[[[11.120268945614329,52.382334589394652],[11.121046489632693,52.383003747776122],[11.121079440814128,52.383690762547666],[11.120595090953623,52.383928658207218],[11.119098089946359,52.383879112607822],[11.116834361615856,52.383232080233562],[11.115557689660188,52.382490935749182],[11.11465187919349,52.381594835055047],[11.116024054371533,52.381646672032637],[11.120268945614329,52.382334589394652]]]},"properties":{"OBJECTID":55557,"Shape_Leng":1112.3081672599999,"GEO":81,"KOMBI":4031,"SCHICHT_1":167,"SCHICHT_2":0,"SCHICHT_3":null,"Kuerzel":"D,,Lg","T1_Kuerzel":"D,,Lg","T2_Kuerzel":" ","T3_Kuerzel":null,"T1_MatBez":"Drenthe-Stadium","T2_MatBez":" ","T3_MatBez":null,"T1_GenTxt":"Grundmoräne (Geschiebemergel, Geschiebelehm)","T2_GenTxt":" ","T3_GenTxt":null,"T1_PethTxt":"Schluff, tonig, sandig, kiesig; Steine","T2_PethTxt":" ","T3_Peth_Tx":null,"T1_PH_Beso":" ","T2_PH_Beso":" ","T3_PH_Beso":null,"T1_G_Beson":" ","T2_G_Beson":" ","T3_G_Beson":null,"T1_S_Beson":" ","T2_S_Beson":" ","T3_S_Beson":null,"T1_Gruppe":"Känozoikum","T1_System":"Quartär","T1_Serie":"Pleistozän","T1_Stufe":"Saale-Kaltzeit","T1_UStufe":"Drenthe-Stadium","T1_Zone":" ","T2_Gruppe":" ","T2_System":" ","T2_Serie":" ","T2_Stufe":" ","T2_UStufe":" ","T2_Zone":" ","T3_Gruppe":null,"T3_System":null,"T3_Serie":null,"T3_Stufe":null,"T3_UStufe":null,"T3_Zone":null,"T1_Blattnu":"CC 3926","T1_Blattna":"Braunschweig","T1_StartJm":0.17999999999999999,"T2_StartJm":0,"T3_StartJm":null,"T1_EndJmio":0.14999999999999999,"T2_EndJmio":0,"T3_EndJmio":null,"Symbol":"D,,Lg","Label":"D,,Lg","Shape_Length":1111.8655003976048,"Shape_Area":63491.800402310524}},{"type":"Feature","id":55566,"geometry":{"type":"Polygon","coordinates":[[[11.024327655998519,52.382992415983708],[11.026442257313549,52.38169782312174],[11.029666171653057,52.378653909684722],[11.030653961302955,52.377135904832343],[11.030702058242049,52.376344114006727],[11.030395450009683,52.37582357162384],[11.029663940277896,52.375804679615989],[11.028224262006498,52.376436104367379],[11.026439642930084,52.377473403278955],[11.025002316632657,52.378639547787557],[11.023381192632502,52.381327829024102],[11.02132009417244,52.382509098920629],[11.019608550323111,52.383145066980191],[11.018867348669355,52.383157731641838],[11.016300025711971,52.384113866510653],[11.01506653396871,52.384364105401424],[11.012710955027092,52.384327848851044],[11.009560914016593,52.383617460040476],[11.00649803793052,52.381993206786206],[11.009634038181169,52.382398316053539],[11.013365103014184,52.38256400561238],[11.018174091920622,52.381646072091577],[11.020010532918832,52.380931590460442],[11.02109821780396,52.380225393966349],[11.022518066713276,52.37875399853322],[11.025926867927771,52.377100196870359],[11.026272765116435,52.37663586651486],[11.026996910278042,52.376093141657734],[11.02697242244871,52.375558762067961],[11.02767187680271,52.374558056401384],[11.028537830463726,52.374466793752305],[11.029421290791982,52.374757224281197],[11.031049819149652,52.37488204370112],[11.033512404280602,52.37438129090534],[11.037900376656394,52.372481082798274],[11.041225100044253,52.371812495076135],[11.043576843632872,52.371699939661973],[11.04506278763794,52.371521431208798],[11.045903999899402,52.370976562234745],[11.045993417093833,52.370211011698579],[11.044149236238212,52.367879019689163],[11.042939416369148,52.365846126003255],[11.040791477329238,52.365038348310129],[11.038903384572505,52.364769838424067],[11.037665166455914,52.364265385900417],[11.036122305727522,52.363042616028295],[11.036273143296842,52.362491733206326],[11.036869144509796,52.362202823848996],[11.038333168399491,52.362271952593431],[11.040016950545384,52.362490070614264],[11.041644784377127,52.362529365683308],[11.043515041640459,52.362254350281056],[11.050530099642209,52.360766595976592],[11.051769804554665,52.360668674266471],[11.052154496374161,52.360891194015473],[11.05204008802642,52.361194288464844],[11.050126657425894,52.36267461657178],[11.049313667294811,52.363983030573891],[11.049370231443872,52.365204453865694],[11.05082633763586,52.36708020829164],[11.050989711015568,52.368070575796004],[11.050651007384849,52.368683161926853],[11.048861666199697,52.370314112581489],[11.047093179810982,52.372398580905298],[11.046248357557074,52.373024414888619],[11.044409288867557,52.37358655507213],[11.041932926353109,52.37370577430061],[11.040575145967008,52.37395842923852],[11.039224387629679,52.374363748133518],[11.038254476550136,52.374987189411968],[11.036381963701341,52.377378886197413],[11.036295728831266,52.378297171456907],[11.036365816606736,52.379819469300422],[11.036015971632482,52.380355803365511],[11.034935705492874,52.381138410073511],[11.03383062056572,52.381382140726075],[11.029739028584462,52.381681689566598],[11.028758858883629,52.381927720662524],[11.027889090950081,52.382019050180197],[11.024327655998519,52.382992415983708]]]},"properties":{"OBJECTID":55566,"Shape_Leng":12360.4777593,"GEO":68,"KOMBI":4024,"SCHICHT_1":370,"SCHICHT_2":0,"SCHICHT_3":null,"Kuerzel":"w,,f","T1_Kuerzel":"w,,f","T2_Kuerzel":" ","T3_Kuerzel":null,"T1_MatBez":"Weichsel-Kaltzeit","T2_MatBez":" ","T3_MatBez":null,"T1_GenTxt":"fluviatile Ablagerungen","T2_GenTxt":" ","T3_GenTxt":null,"T1_PethTxt":"Sand und Kies; Schluff","T2_PethTxt":" ","T3_Peth_Tx":null,"T1_PH_Beso":" ","T2_PH_Beso":" ","T3_PH_Beso":null,"T1_G_Beson":"(z.B. Niederterrasse)","T2_G_Beson":" ","T3_G_Beson":null,"T1_S_Beson":" ","T2_S_Beson":" ","T3_S_Beson":null,"T1_Gruppe":"Känozoikum","T1_System":"Quartär","T1_Serie":"Pleistozän","T1_Stufe":"Weichsel-Kaltzeit","T1_UStufe":" ","T1_Zone":" ","T2_Gruppe":" ","T2_System":" ","T2_Serie":" ","T2_Stufe":" ","T2_UStufe":" ","T2_Zone":" ","T3_Gruppe":null,"T3_System":null,"T3_Serie":null,"T3_Stufe":null,"T3_UStufe":null,"T3_Zone":null,"T1_Blattnu":"CC 3926","T1_Blattna":"Braunschweig","T1_StartJm":0.070000000000000007,"T2_StartJm":0,"T3_StartJm":null,"T1_EndJmio":0.010999999999999999,"T2_EndJmio":0,"T3_EndJmio":null,"Symbol":"w,,f","Label":"w,,f","Shape_Length":12355.490912553039,"Shape_Area":1447951.2162893903}},{"type":"Feature","id":55570,"geometry":{"type":"Polygon","coordinates":[[[11.125515841837506,52.380181998261335],[11.122690803192086,52.380843987746609],[11.119575958954389,52.380594298249456],[11.117727431667628,52.378569115207043],[11.117452379858342,52.378039238574111],[11.117397809285267,52.37674589689226],[11.118700569734719,52.375428225491717],[11.121415484743403,52.374849202368722],[11.123018573614072,52.374744009004885],[11.126463380562463,52.373922549431732],[11.129559409560168,52.373713988624608],[11.130935038332213,52.373918390743945],[11.132582203890783,52.374576281776648],[11.131294380917327,52.376194949589411],[11.127900904591627,52.378085236720807],[11.125743524709325,52.379800393057877],[11.125515841837506,52.380181998261335]]]},"properties":{"OBJECTID":55570,"Shape_Leng":2854.7175837099999,"GEO":75,"KOMBI":4030,"SCHICHT_1":373,"SCHICHT_2":0,"SCHICHT_3":null,"Kuerzel":"D,,gf","T1_Kuerzel":"D,,gf","T2_Kuerzel":" ","T3_Kuerzel":null,"T1_MatBez":"Drenthe-Stadium","T2_MatBez":" ","T3_MatBez":null,"T1_GenTxt":"glazifluviatile Ablagerungen","T2_GenTxt":" ","T3_GenTxt":null,"T1_PethTxt":"Sand und Kies","T2_PethTxt":" ","T3_Peth_Tx":null,"T1_PH_Beso":" ","T2_PH_Beso":" ","T3_PH_Beso":null,"T1_G_Beson":" ","T2_G_Beson":" ","T3_G_Beson":null,"T1_S_Beson":" ","T2_S_Beson":" ","T3_S_Beson":null,"T1_Gruppe":"Känozoikum","T1_System":"Quartär","T1_Serie":"Pleistozän","T1_Stufe":"Saale-Kaltzeit","T1_UStufe":"Drenthe-Stadium","T1_Zone":" ","T2_Gruppe":" ","T2_System":" ","T2_Serie":" ","T2_Stufe":" ","T2_UStufe":" ","T2_Zone":" ","T3_Gruppe":null,"T3_System":null,"T3_Serie":null,"T3_Stufe":null,"T3_UStufe":null,"T3_Zone":null,"T1_Blattnu":"CC 3926","T1_Blattna":"Braunschweig","T1_StartJm":0.17999999999999999,"T2_StartJm":0,"T3_StartJm":null,"T1_EndJmio":0.14999999999999999,"T2_EndJmio":0,"T3_EndJmio":null,"Symbol":"D,,gf","Label":"D,,gf","Shape_Length":2853.5635701137098,"Shape_Area":512532.62762946845}},{"type":"Feature","id":55572,"geometry":{"type":"Polygon","coordinates":[[[11.119575958954389,52.380594298249456],[11.114817609003715,52.379915546937127],[11.113552030347204,52.379326985385312],[11.111355139951829,52.377842739137051],[11.10894544657576,52.376820656446874],[11.107526239314444,52.375547165215849],[11.107724681834437,52.374703217914352],[11.108576204232161,52.374081313771136],[11.109801677476318,52.37398753196431],[11.110564426261426,52.37412221790057],[11.111312670000983,52.374414453181302],[11.113909087830747,52.376502759087764],[11.115031588316175,52.376788275227192],[11.116891564141692,52.376678566727691],[11.117397809285267,52.37674589689226],[11.117452379858342,52.378039238574111],[11.117727431667628,52.378569115207043],[11.119575958954389,52.380594298249456]]]},"properties":{"OBJECTID":55572,"Shape_Leng":2420.6377310799999,"GEO":81,"KOMBI":4031,"SCHICHT_1":167,"SCHICHT_2":0,"SCHICHT_3":null,"Kuerzel":"D,,Lg","T1_Kuerzel":"D,,Lg","T2_Kuerzel":" ","T3_Kuerzel":null,"T1_MatBez":"Drenthe-Stadium","T2_MatBez":" ","T3_MatBez":null,"T1_GenTxt":"Grundmoräne (Geschiebemergel, Geschiebelehm)","T2_GenTxt":" ","T3_GenTxt":null,"T1_PethTxt":"Schluff, tonig, sandig, kiesig; Steine","T2_PethTxt":" ","T3_Peth_Tx":null,"T1_PH_Beso":" ","T2_PH_Beso":" ","T3_PH_Beso":null,"T1_G_Beson":" ","T2_G_Beson":" ","T3_G_Beson":null,"T1_S_Beson":" ","T2_S_Beson":" ","T3_S_Beson":null,"T1_Gruppe":"Känozoikum","T1_System":"Quartär","T1_Serie":"Pleistozän","T1_Stufe":"Saale-Kaltzeit","T1_UStufe":"Drenthe-Stadium","T1_Zone":" ","T2_Gruppe":" ","T2_System":" ","T2_Serie":" ","T2_Stufe":" ","T2_UStufe":" ","T2_Zone":" ","T3_Gruppe":null,"T3_System":null,"T3_Serie":null,"T3_Stufe":null,"T3_UStufe":null,"T3_Zone":null,"T1_Blattnu":"CC 3926","T1_Blattna":"Braunschweig","T1_StartJm":0.17999999999999999,"T2_StartJm":0,"T3_StartJm":null,"T1_EndJmio":0.14999999999999999,"T2_EndJmio":0,"T3_EndJmio":null,"Symbol":"D,,Lg","Label":"D,,Lg","Shape_Length":2419.6759237251822,"Shape_Area":244950.30719723695}},{"type":"Feature","id":55580,"geometry":{"type":"Polygon","coordinates":[[[11.132582203890783,52.374576281776648],[11.130935038332213,52.373918390743945],[11.129559409560168,52.373713988624608],[11.126463380562463,52.373922549431732],[11.123018573614072,52.374744009004885],[11.121415484743403,52.374849202368722],[11.118700569734719,52.375428225491717],[11.120006921648544,52.374110474452927],[11.121569949866251,52.373017302187336],[11.122061499782706,52.372932073974141],[11.124878931323453,52.372045524743427],[11.129442266679794,52.371356658033683],[11.132193357463059,52.371536248520677],[11.135043459001116,52.371484782164998],[11.136147480498094,52.371159222907181],[11.137115927653833,52.370611397125572],[11.1375594956023,52.369610159539512],[11.136917676176271,52.369015054783887],[11.135399061976248,52.368507702767992],[11.132772833407438,52.368173132532426],[11.133590802386982,52.367169645284399],[11.133550302773182,52.366253563594171],[11.133429257455088,52.366179348392166],[11.13313202032541,52.365191501442979],[11.133590578526377,52.364576507196773],[11.134441542926671,52.363954422507533],[11.138039529423454,52.363893861771295],[11.140892795787636,52.363842194125063],[11.14202222984828,52.364046432789401],[11.142535784769468,52.364342725233229],[11.143027226540733,52.364333811979343],[11.145033459204598,52.364603010286999],[11.146177956779054,52.365117034929462],[11.149039611273414,52.367806473968322],[11.149069310878449,52.368493544710205],[11.148402326440115,52.370029203739321],[11.148677516820825,52.370630915018268],[11.149569118500983,52.371149506189049],[11.150955844750861,52.371506275226345],[11.152327737035494,52.371557693571489],[11.15445177776329,52.371900988602547],[11.155725007208412,52.372488976146258],[11.157049993736223,52.37421303424069],[11.158463001344947,52.375180446206919],[11.159354636588265,52.375469759633894],[11.161658341603337,52.377005096861559],[11.16250930877818,52.377888364194298],[11.161023340740902,52.377385236454288],[11.159267011970604,52.376307280385127],[11.158001128668554,52.37594840037665],[11.155396513656882,52.375919540095943],[11.153268746056357,52.37580553288732],[11.153026586069375,52.375733543884131],[11.151181515721008,52.375996352978781],[11.149306954915094,52.376030466452342],[11.148180632281477,52.375821745464393],[11.146272636050258,52.374939604851349],[11.145396018990464,52.374730816105753],[11.142545567950602,52.374930844663403],[11.141298301635594,52.374877054188616],[11.137989206149255,52.373260647094121],[11.137112443064915,52.373047305782535],[11.135494763619951,52.373076553752178],[11.134023894475963,52.373561533937156],[11.132813260366069,52.374266507140774],[11.132582203890783,52.374576281776648]]]},"properties":{"OBJECTID":55580,"Shape_Leng":8594.0268763900003,"GEO":81,"KOMBI":4031,"SCHICHT_1":167,"SCHICHT_2":0,"SCHICHT_3":null,"Kuerzel":"D,,Lg","T1_Kuerzel":"D,,Lg","T2_Kuerzel":" ","T3_Kuerzel":null,"T1_MatBez":"Drenthe-Stadium","T2_MatBez":" ","T3_MatBez":null,"T1_GenTxt":"Grundmoräne (Geschiebemergel, Geschiebelehm)","T2_GenTxt":" ","T3_GenTxt":null,"T1_PethTxt":"Schluff, tonig, sandig, kiesig; Steine","T2_PethTxt":" ","T3_Peth_Tx":null,"T1_PH_Beso":" ","T2_PH_Beso":" ","T3_PH_Beso":null,"T1_G_Beson":" ","T2_G_Beson":" ","T3_G_Beson":null,"T1_S_Beson":" ","T2_S_Beson":" ","T3_S_Beson":null,"T1_Gruppe":"Känozoikum","T1_System":"Quartär","T1_Serie":"Pleistozän","T1_Stufe":"Saale-Kaltzeit","T1_UStufe":"Drenthe-Stadium","T1_Zone":" ","T2_Gruppe":" ","T2_System":" ","T2_Serie":" ","T2_Stufe":" ","T2_UStufe":" ","T2_Zone":" ","T3_Gruppe":null,"T3_System":null,"T3_Serie":null,"T3_Stufe":null,"T3_UStufe":null,"T3_Zone":null,"T1_Blattnu":"CC 3926","T1_Blattna":"Braunschweig","T1_StartJm":0.17999999999999999,"T2_StartJm":0,"T3_StartJm":null,"T1_EndJmio":0.14999999999999999,"T2_EndJmio":0,"T3_EndJmio":null,"Symbol":"D,,Lg","Label":"D,,Lg","Shape_Length":8590.5814473400678,"Shape_Area":1581756.8093677566}},{"type":"Feature","id":55581,"geometry":{"type":"Polygon","coordinates":[[[11.16250930877818,52.377888364194298],[11.161658341603337,52.377005096861559],[11.159354636588265,52.375469759633894],[11.158463001344947,52.375180446206919],[11.157049993736223,52.37421303424069],[11.155725007208412,52.372488976146258],[11.15445177776329,52.371900988602547],[11.152327737035494,52.371557693571489],[11.150955844750861,52.371506275226345],[11.149569118500983,52.371149506189049],[11.148677516820825,52.370630915018268],[11.148402326440115,52.370029203739321],[11.149069310878449,52.368493544710205],[11.149039611273414,52.367806473968322],[11.146177956779054,52.365117034929462],[11.145033459204598,52.364603010286999],[11.143027226540733,52.364333811979343],[11.142535784769468,52.364342725233229],[11.14202222984828,52.364046432789401],[11.140892795787636,52.363842194125063],[11.138039529423454,52.363893861771295],[11.138816482688314,52.361969769871564],[11.139454362841697,52.359751574420002],[11.139245041608364,52.358002631748263],[11.13892213244093,52.356484947702313],[11.138397631301988,52.355959633931491],[11.137656940269393,52.355973037669244],[11.136916303197054,52.356215640894348],[11.134767665558162,52.358007217577899],[11.133315451109283,52.358792966716024],[11.13270675688636,52.359033159123769],[11.131217930461458,52.359060025858462],[11.128218251269427,52.358655692211705],[11.126480290545796,52.358538678298018],[11.123377754383936,52.358742787438274],[11.121785996699733,52.359148896261459],[11.119064938210139,52.359656138624082],[11.116714052080605,52.35984658767655],[11.115581186926693,52.359565768762145],[11.114301602217214,52.358671863201899],[11.113649297283187,52.357924019923331],[11.112216148424112,52.356578927476555],[11.111944946778205,52.356125370013828],[11.111978808984787,52.35414283279588],[11.112628577644799,52.352378486119008],[11.113094697703579,52.351534232713462],[11.114660743603528,52.350593893034343],[11.11953388308995,52.348677431493151],[11.122973084133825,52.347779759203448],[11.125781585088413,52.346664132485969],[11.131456673381583,52.343132805271779],[11.131698612752375,52.343128439794789],[11.133263964664954,52.342187860556344],[11.135818910862948,52.341000168428685],[11.139374450516385,52.340023505904519],[11.145392834674105,52.338696425784825],[11.146994633377037,52.338289810643523],[11.147599300965089,52.338049614397619],[11.153038297304745,52.337492195009254],[11.154760977439304,52.337159670744526],[11.157729620039696,52.33687627600748],[11.162167855681712,52.336188402218824],[11.16316482342784,52.336246550359526],[11.165275917406975,52.33620787131899],[11.165642491885164,52.33627755010869],[11.166280553316319,52.336647853580445],[11.166929608157421,52.337242662814823],[11.166977876955741,52.337929392414345],[11.167392663268432,52.338834106216261],[11.169186298870684,52.340176398927134],[11.170440011829815,52.340306162612478],[11.172272003243334,52.339584856850749],[11.173137022298274,52.339568938993757],[11.174390974226633,52.339927861577813],[11.175157450136421,52.340295753525183],[11.17632017956721,52.341186655267222],[11.176705616415347,52.341489651174641],[11.176984664703467,52.342091226711595],[11.177755040976042,52.342611833474621],[11.178510237517576,52.34267430460428],[11.179855226755032,52.342420275708506],[11.180735145116529,52.342556830905743],[11.182396667248925,52.343514862465007],[11.184258905923715,52.343556830448712],[11.185229815107453,52.343008546159865],[11.185192373210386,52.342249715039337],[11.183508137172627,52.340905638314744],[11.183342246105013,52.339996377855876],[11.184305437680562,52.339367347518262],[11.186292225681166,52.339483378988078],[11.188663869804028,52.339740554090334],[11.187862850423169,52.340977831373856],[11.187643974816076,52.341745906161677],[11.18793815114106,52.342576382414151],[11.188954256681594,52.34309236286866],[11.19032151740751,52.343067007400961],[11.19512612146627,52.34221825660962],[11.196580341222301,52.341431685825498],[11.197282767747868,52.340578193796951],[11.198004106004946,52.340106355350969],[11.199246744617833,52.340011307792317],[11.200746139073855,52.340284484647619],[11.201875409360079,52.340344326699139],[11.204213883764924,52.34030069413479],[11.206857813159537,52.3409389256731],[11.20873115118016,52.341205011844892],[11.209501735936721,52.341649006858802],[11.209543197242224,52.342259449345583],[11.206348611745174,52.345667398191551],[11.205902756367776,52.346439750224469],[11.204105285940045,52.347996864027714],[11.203549960792138,52.349225167189147],[11.203674749775928,52.351658714977589],[11.203229319715051,52.352736654876722],[11.202987645443967,52.353042277472241],[11.201060932454558,52.354147834484237],[11.199957736823924,52.354545907177098],[11.198102483493923,52.354580456464902],[11.196334499884617,52.354154941684769],[11.195322060423985,52.353719850430934],[11.193587723011762,52.353823988632946],[11.192114258326825,52.354156958098471],[11.190119575402042,52.35411756832211],[11.189008734817069,52.354214567389576],[11.18841906064131,52.354832217185873],[11.188430274294781,52.354984812682133],[11.189442899061241,52.355424453477852],[11.190829430131618,52.355780746532666],[11.192473217597385,52.356514257499235],[11.194611377081552,52.35692845735089],[11.198306631401207,52.358765278490161],[11.198828451239628,52.3594431802386],[11.19915697163631,52.36088420407448],[11.19831063425085,52.361358372862455],[11.197320300158001,52.361372309785139],[11.196054899106636,52.361094734262402],[11.19481166229953,52.361189754544661],[11.193844023098197,52.361513341388793],[11.191663683832827,52.362771759907346],[11.189709827613195,52.363342816195555],[11.18523554177796,52.36342119847081],[11.184495074296729,52.363515793559642],[11.18337632986845,52.36353198855182],[11.183013465221771,52.363691499497321],[11.181902463688276,52.363864834514246],[11.179925962176075,52.364054138232007],[11.178921019455785,52.36399628226421],[11.17767010102134,52.363713748731641],[11.178075155542141,52.36180073339569],[11.178422905670411,52.361259507860453],[11.178374284817659,52.360271678748546],[11.177003949657285,52.3577082809283],[11.176471568465411,52.357106881692346],[11.176555086556492,52.356193016883438],[11.177564846200525,52.354039649163859],[11.177527432562568,52.353204414367696],[11.175952783280106,52.351480696570633],[11.175904100598073,52.350564773494135],[11.176837735814564,52.349253230201469],[11.177555814414148,52.348633271198651],[11.177416064803056,52.348253839322489],[11.17703846349637,52.348260801594243],[11.175598585693212,52.349276067427184],[11.174415608800238,52.350592191973327],[11.174056562511304,52.350828007882789],[11.173183912649533,52.350767669291976],[11.170668316292121,52.350054416709156],[11.16926701457152,52.349239749932536],[11.168519049496085,52.349177087125177],[11.16779709839402,52.349720660204895],[11.16684457426171,52.350726869883886],[11.166900322320378,52.351790974212925],[11.167685632846339,52.352540576967385],[11.168833804325708,52.353130707048827],[11.169200524917503,52.353200373013358],[11.169974749795337,52.353797360740046],[11.170158986380507,52.354935504973547],[11.171102703273991,52.356518096608603],[11.170626409145267,52.356908860005959],[11.168933093375074,52.357928698723882],[11.168581438680715,52.358317164916322],[11.168739554750893,52.35899738026162],[11.170813001038617,52.360788426075807],[11.17095258273878,52.361015065368747],[11.170865198451281,52.361852593920204],[11.168805049950176,52.362955572941722],[11.168196718646973,52.363200441232514],[11.16725485389048,52.364130052812023],[11.166910533129299,52.364819490297378],[11.167072606266258,52.365580530526287],[11.167593820380191,52.366029373645866],[11.17027249675146,52.367580115746591],[11.170452987550435,52.368565523145406],[11.169185816625024,52.370723548946216],[11.169234249384498,52.37171138324711],[11.169634445484046,52.37231074874434],[11.170915292817636,52.372974824987587],[11.171660074852662,52.37311393557804],[11.173413593928615,52.37323448287912],[11.174437668279996,52.373826845052136],[11.174705949981465,52.374280314339352],[11.174111980097106,52.374745164013056],[11.172883525141641,52.375149776976457],[11.170051772771412,52.375579351882308],[11.168452899164311,52.376143527327187],[11.16724650452244,52.376700479106745],[11.164308804100811,52.377819463125938],[11.16250930877818,52.377888364194298]]]},"properties":{"OBJECTID":55581,"Shape_Leng":27138.2751331,"GEO":151,"KOMBI":4152,"SCHICHT_1":1082,"SCHICHT_2":0,"SCHICHT_3":null,"Kuerzel":"r,R","T1_Kuerzel":"r,R","T2_Kuerzel":" ","T3_Kuerzel":null,"T1_MatBez":"Rotliegend","T2_MatBez":" ","T3_MatBez":null,"T1_GenTxt":"vulkanogen","T2_GenTxt":" ","T3_GenTxt":null,"T1_PethTxt":"Quarz- und Breccien-Porphyr","T2_PethTxt":" ","T3_Peth_Tx":null,"T1_PH_Beso":" ","T2_PH_Beso":" ","T3_PH_Beso":null,"T1_G_Beson":" ","T2_G_Beson":" ","T3_G_Beson":null,"T1_S_Beson":" ","T2_S_Beson":" ","T3_S_Beson":null,"T1_Gruppe":"Paläozoikum","T1_System":"Perm","T1_Serie":"Rotliegend","T1_Stufe":" ","T1_UStufe":" ","T1_Zone":" ","T2_Gruppe":" ","T2_System":" ","T2_Serie":" ","T2_Stufe":" ","T2_UStufe":" ","T2_Zone":" ","T3_Gruppe":null,"T3_System":null,"T3_Serie":null,"T3_Stufe":null,"T3_UStufe":null,"T3_Zone":null,"T1_Blattnu":"CC 3926","T1_Blattna":"Braunschweig","T1_StartJm":286,"T2_StartJm":0,"T3_StartJm":null,"T1_EndJmio":258,"T2_EndJmio":0,"T3_EndJmio":null,"Symbol":"r,R","Label":"r,R","Shape_Length":27127.305361000592,"Shape_Area":14831352.941281442}},{"type":"Feature","id":55586,"geometry":{"type":"Polygon","coordinates":[[[11.118700569734719,52.375428225491717],[11.117397809285267,52.37674589689226],[11.116891564141692,52.376678566727691],[11.115031588316175,52.376788275227192],[11.113909087830747,52.376502759087764],[11.111312670000983,52.374414453181302],[11.110564426261426,52.37412221790057],[11.109801677476318,52.37398753196431],[11.108576204232161,52.374081313771136],[11.107724681834437,52.374703217914352],[11.107526239314444,52.375547165215849],[11.105476296400479,52.3744421942137],[11.104731685033821,52.374302658211832],[11.102739750660229,52.374338122695882],[11.102251773369815,52.374499607267843],[11.100267118158417,52.374611301175669],[11.09928729973954,52.374853420523216],[11.096191026312448,52.37506119118553],[11.091558332630241,52.374379278533524],[11.089819560899173,52.374333643211344],[11.085892263633111,52.372879520124457],[11.084997618928503,52.372436906796551],[11.083611446595933,52.372002955590233],[11.080418575881573,52.370153697041076],[11.079235442896875,52.36880380814042],[11.079199569908907,52.368040434016216],[11.079648308562417,52.367043824237967],[11.080973621685978,52.366031776812328],[11.080813154883055,52.365351492070836],[11.080424851226995,52.364899926352706],[11.079402136947076,52.364383125444725],[11.077008023236461,52.363661230727892],[11.076113864888086,52.363223036148497],[11.075216022200159,52.362627605239226],[11.07469952768956,52.362101872340887],[11.074019033503983,52.360895904794532],[11.073837593814144,52.359451973381269],[11.074955774038868,52.356920109684744],[11.075051647902166,52.356460022716576],[11.07498029145907,52.354937757530742],[11.074691889746545,52.35403050866686],[11.075080480126827,52.354100085453034],[11.075714011226655,52.354619265996462],[11.07612374158829,52.355452473617845],[11.07621679472836,52.357279959495017],[11.076494419702884,52.358034591845538],[11.077677174478142,52.359384516169342],[11.079967982388164,52.360490218425909],[11.080726955769471,52.360629655688363],[11.083117009688808,52.361423453589367],[11.083003097210964,52.361654663352915],[11.083334918738458,52.363401533093722],[11.082751032038257,52.364175833275496],[11.082676344958406,52.365318664415568],[11.082818873537434,52.365617259986415],[11.083998287955826,52.367043580906504],[11.084771629963639,52.367641142322277],[11.085445679931198,52.368546054046348],[11.0877869663673,52.370940538335887],[11.08868888122602,52.371459402709945],[11.090460062979941,52.372115684698031],[11.091201046527541,52.372102573062456],[11.09193847863685,52.37193671833073],[11.092896338572444,52.371308551114069],[11.093964814162591,52.37014810547052],[11.095165121643968,52.369214514757715],[11.096900127926643,52.369107335313366],[11.101891976797122,52.369477044743377],[11.103120871183268,52.369225975591561],[11.10579555290346,52.368036819018599],[11.109589027435277,52.366679324269008],[11.110692830195138,52.366578715893588],[11.112093733079961,52.367088487818528],[11.114007995644473,52.368200266025461],[11.114752531383328,52.368339744476849],[11.115621833655776,52.368247781016208],[11.115874951383217,52.368090446799606],[11.118065004295593,52.367291693227621],[11.119062638297398,52.367273804361311],[11.120071243530484,52.367484913371442],[11.124644453374001,52.369762207933896],[11.125818197005035,52.3708107087432],[11.124878931323453,52.372045524743427],[11.122061499782706,52.372932073974141],[11.121569949866251,52.373017302187336],[11.120006921648544,52.374110474452927],[11.118700569734719,52.375428225491717]]]},"properties":{"OBJECTID":55586,"Shape_Leng":11376.6134201,"GEO":68,"KOMBI":4024,"SCHICHT_1":370,"SCHICHT_2":0,"SCHICHT_3":null,"Kuerzel":"w,,f","T1_Kuerzel":"w,,f","T2_Kuerzel":" ","T3_Kuerzel":null,"T1_MatBez":"Weichsel-Kaltzeit","T2_MatBez":" ","T3_MatBez":null,"T1_GenTxt":"fluviatile Ablagerungen","T2_GenTxt":" ","T3_GenTxt":null,"T1_PethTxt":"Sand und Kies; Schluff","T2_PethTxt":" ","T3_Peth_Tx":null,"T1_PH_Beso":" ","T2_PH_Beso":" ","T3_PH_Beso":null,"T1_G_Beson":"(z.B. Niederterrasse)","T2_G_Beson":" ","T3_G_Beson":null,"T1_S_Beson":" ","T2_S_Beson":" ","T3_S_Beson":null,"T1_Gruppe":"Känozoikum","T1_System":"Quartär","T1_Serie":"Pleistozän","T1_Stufe":"Weichsel-Kaltzeit","T1_UStufe":" ","T1_Zone":" ","T2_Gruppe":" ","T2_System":" ","T2_Serie":" ","T2_Stufe":" ","T2_UStufe":" ","T2_Zone":" ","T3_Gruppe":null,"T3_System":null,"T3_Serie":null,"T3_Stufe":null,"T3_UStufe":null,"T3_Zone":null,"T1_Blattnu":"CC 3926","T1_Blattna":"Braunschweig","T1_StartJm":0.070000000000000007,"T2_StartJm":0,"T3_StartJm":null,"T1_EndJmio":0.010999999999999999,"T2_EndJmio":0,"T3_EndJmio":null,"Symbol":"w,,f","Label":"w,,f","Shape_Length":11372.066049917516,"Shape_Area":2255039.5078697866}},{"type":"Feature","id":55597,"geometry":{"type":"Polygon","coordinates":[[[11.089819560899173,52.374333643211344],[11.088707899348499,52.374506099988885],[11.085600514686325,52.374556493053767],[11.082831711187195,52.373922221242026],[11.08078957331942,52.372812192823744],[11.077561040178251,52.370280375378428],[11.076117905659947,52.368629424896135],[11.075056159311835,52.367124560770527],[11.071793007623521,52.363523588856864],[11.070432072364454,52.361188017298886],[11.070115349916129,52.359517249506041],[11.070645563109714,52.357984441833018],[11.071482893866934,52.356976556804277],[11.072797403119573,52.355892882732583],[11.074691889746545,52.35403050866686],[11.07498029145907,52.354937757530742],[11.075051647902166,52.356460022716576],[11.074955774038868,52.356920109684744],[11.073837593814144,52.359451973381269],[11.074019033503983,52.360895904794532],[11.07469952768956,52.362101872340887],[11.075216022200159,52.362627605239226],[11.076113864888086,52.363223036148497],[11.077008023236461,52.363661230727892],[11.079402136947076,52.364383125444725],[11.080424851226995,52.364899926352706],[11.080813154883055,52.365351492070836],[11.080973621685978,52.366031776812328],[11.079648308562417,52.367043824237967],[11.079199569908907,52.368040434016216],[11.079235442896875,52.36880380814042],[11.080418575881573,52.370153697041076],[11.083611446595933,52.372002955590233],[11.084997618928503,52.372436906796551],[11.085892263633111,52.372879520124457],[11.089819560899173,52.374333643211344]]]},"properties":{"OBJECTID":55597,"Shape_Leng":5914.4852068399996,"GEO":10,"KOMBI":4041,"SCHICHT_1":360,"SCHICHT_2":370,"SCHICHT_3":null,"Kuerzel":",,Hm/w,,f","T1_Kuerzel":",,Hm","T2_Kuerzel":"w,,f","T3_Kuerzel":null,"T1_MatBez":"Holozän","T2_MatBez":"Weichsel-Kaltzeit","T3_MatBez":null,"T1_GenTxt":"Anmoor (Moorerde)","T2_GenTxt":"fluviatile Ablagerungen","T3_GenTxt":null,"T1_PethTxt":"Gemischtkörnige Sedimente mit 10-30 % organischer Substanz","T2_PethTxt":"Sand und Kies; Schluff","T3_Peth_Tx":null,"T1_PH_Beso":" ","T2_PH_Beso":" ","T3_PH_Beso":null,"T1_G_Beson":" ","T2_G_Beson":"(z.B. Niederterrasse)","T3_G_Beson":null,"T1_S_Beson":" ","T2_S_Beson":" ","T3_S_Beson":null,"T1_Gruppe":"Känozoikum","T1_System":"Quartär","T1_Serie":"Holozän","T1_Stufe":" ","T1_UStufe":" ","T1_Zone":" ","T2_Gruppe":"Känozoikum","T2_System":"Quartär","T2_Serie":"Pleistozän","T2_Stufe":"Weichsel-Kaltzeit","T2_UStufe":" ","T2_Zone":" ","T3_Gruppe":null,"T3_System":null,"T3_Serie":null,"T3_Stufe":null,"T3_UStufe":null,"T3_Zone":null,"T1_Blattnu":"CC 3926","T1_Blattna":"Braunschweig","T1_StartJm":0.01,"T2_StartJm":0.070000000000000007,"T3_StartJm":null,"T1_EndJmio":0,"T2_EndJmio":0.010999999999999999,"T3_EndJmio":null,"Symbol":",,Hm/w,,f","Label":",,Hm/w,,f","Shape_Length":5912.1318562157749,"Shape_Area":626220.07347788243}},{"type":"Feature","id":55608,"geometry":{"type":"Polygon","coordinates":[[[11.132772833407438,52.368173132532426],[11.135399061976248,52.368507702767992],[11.136917676176271,52.369015054783887],[11.1375594956023,52.369610159539512],[11.137115927653833,52.370611397125572],[11.136147480498094,52.371159222907181],[11.135043459001116,52.371484782164998],[11.132193357463059,52.371536248520677],[11.129442266679794,52.371356658033683],[11.124878931323453,52.372045524743427],[11.125818197005035,52.3708107087432],[11.124644453374001,52.369762207933896],[11.120071243530484,52.367484913371442],[11.119062638297398,52.367273804361311],[11.118065004295593,52.367291693227621],[11.115874951383217,52.368090446799606],[11.115621833655776,52.368247781016208],[11.114752531383328,52.368339744476849],[11.114007995644473,52.368200266025461],[11.112093733079961,52.367088487818528],[11.110692830195138,52.366578715893588],[11.109589027435277,52.366679324269008],[11.10579555290346,52.368036819018599],[11.103120871183268,52.369225975591561],[11.101891976797122,52.369477044743377],[11.096900127926643,52.369107335313366],[11.095165121643968,52.369214514757715],[11.093964814162591,52.37014810547052],[11.092896338572444,52.371308551114069],[11.09193847863685,52.37193671833073],[11.091201046527541,52.372102573062456],[11.090460062979941,52.372115684698031],[11.08868888122602,52.371459402709945],[11.0877869663673,52.370940538335887],[11.085445679931198,52.368546054046348],[11.084771629963639,52.367641142322277],[11.083998287955826,52.367043580906504],[11.082818873537434,52.365617259986415],[11.082676344958406,52.365318664415568],[11.082751032038257,52.364175833275496],[11.083334918738458,52.363401533093722],[11.083003097210964,52.361654663352915],[11.083117009688808,52.361423453589367],[11.08349100670865,52.36149325960875],[11.087149895145288,52.36272749261714],[11.088653425901846,52.362853724168176],[11.090765888367386,52.362816361447003],[11.092226219994252,52.362183799461214],[11.093415252368704,52.361093127173369],[11.094971216151636,52.359924030701976],[11.096948096557739,52.359506957280658],[11.098444209187058,52.359633195306522],[11.099719931300523,52.360374538269433],[11.09948163428585,52.360612469590528],[11.097911031951304,52.361548189302695],[11.09720635237127,52.362401108212531],[11.097146558705004,52.363772888666674],[11.097919806106109,52.364365873528122],[11.101098513685541,52.365832910322467],[11.102227956670314,52.366194823459317],[11.103603350025731,52.366170344093128],[11.105323827751995,52.365914991790078],[11.106691909283231,52.365814205757964],[11.107895402919574,52.365109628259844],[11.108668683981913,52.364390245440916],[11.116402150759734,52.365604716687677],[11.121001242995881,52.366515458147617],[11.125033739415626,52.367472166609076],[11.126929773528841,52.368121164587258],[11.132772833407438,52.368173132532426]]]},"properties":{"OBJECTID":55608,"Shape_Leng":10302.0417609,"GEO":75,"KOMBI":4030,"SCHICHT_1":373,"SCHICHT_2":0,"SCHICHT_3":null,"Kuerzel":"D,,gf","T1_Kuerzel":"D,,gf","T2_Kuerzel":" ","T3_Kuerzel":null,"T1_MatBez":"Drenthe-Stadium","T2_MatBez":" ","T3_MatBez":null,"T1_GenTxt":"glazifluviatile Ablagerungen","T2_GenTxt":" ","T3_GenTxt":null,"T1_PethTxt":"Sand und Kies","T2_PethTxt":" ","T3_Peth_Tx":null,"T1_PH_Beso":" ","T2_PH_Beso":" ","T3_PH_Beso":null,"T1_G_Beson":" ","T2_G_Beson":" ","T3_G_Beson":null,"T1_S_Beson":" ","T2_S_Beson":" ","T3_S_Beson":null,"T1_Gruppe":"Känozoikum","T1_System":"Quartär","T1_Serie":"Pleistozän","T1_Stufe":"Saale-Kaltzeit","T1_UStufe":"Drenthe-Stadium","T1_Zone":" ","T2_Gruppe":" ","T2_System":" ","T2_Serie":" ","T2_Stufe":" ","T2_UStufe":" ","T2_Zone":" ","T3_Gruppe":null,"T3_System":null,"T3_Serie":null,"T3_Stufe":null,"T3_UStufe":null,"T3_Zone":null,"T1_Blattnu":"CC 3926","T1_Blattna":"Braunschweig","T1_StartJm":0.17999999999999999,"T2_StartJm":0,"T3_StartJm":null,"T1_EndJmio":0.14999999999999999,"T2_EndJmio":0,"T3_EndJmio":null,"Symbol":"D,,gf","Label":"D,,gf","Shape_Length":10297.913643880005,"Shape_Area":1748318.7037452108}},{"type":"Feature","id":55619,"geometry":{"type":"Polygon","coordinates":[[[10.9871412433058,52.371422145746536],[10.987231880335399,52.370661119455384],[10.98690696701086,52.369066686686047],[10.986249094160591,52.368313752532536],[10.984479761410661,52.36766038374072],[10.982734921415267,52.367388575594589],[10.980399589890766,52.36802995437035],[10.979314748641382,52.368807635221309],[10.97899206201174,52.369882634177102],[10.979929330432258,52.371466826393807],[10.976421193984192,52.370761570657372],[10.973892878653821,52.369963444461781],[10.97276141123697,52.369452040918389],[10.969566194259128,52.367523460410801],[10.965538765917122,52.366520942382728],[10.963143132118022,52.365724875059378],[10.960208160175217,52.364020917659403],[10.955851850830427,52.36104613266712],[10.955066848768988,52.360142334581191],[10.954788193087087,52.359234647166581],[10.955067166694844,52.357324539796174],[10.956340511254405,52.355245169375287],[10.956553251033252,52.354329346568186],[10.957227767271405,52.352569973497538],[10.957796546764412,52.351490954654963],[10.958655077205938,52.351404817396308],[10.959760520597028,52.350928085314735],[10.960228210473435,52.350385529067665],[10.962043753074401,52.349290286812419],[10.962128586812957,52.348223777852432],[10.962235767498646,52.347992798403347],[10.962832006434327,52.347371695393825],[10.9634278662882,52.346907889308383],[10.965138939754157,52.346191838768121],[10.965845857931308,52.345420572824196],[10.966782265947959,52.344034284711178],[10.967755655843485,52.343564169146639],[10.968867048780956,52.343392849112533],[10.969992019027622,52.343526892015618],[10.973694322957412,52.345676184006393],[10.975663663357357,52.345490462427669],[10.97787283463091,52.344842292858225],[10.978697847012498,52.343763371254113],[10.981353943424317,52.342118944398997],[10.981320242147994,52.341283604663921],[10.9805216323323,52.34007909471714],[10.978736009733687,52.339115824756988],[10.976604075713407,52.338693122716386],[10.975354777137037,52.338565716884219],[10.973620414468769,52.338666616603447],[10.971816053908045,52.339914655087718],[10.972072130240365,52.341546234193792],[10.970772498881194,52.341608372565965],[10.969274186974918,52.341327763364696],[10.968505967878258,52.340882170787083],[10.967970556074635,52.339978790556437],[10.96753634074234,52.338462523127447],[10.966854904491644,52.33740877024097],[10.964959156793045,52.336599927155852],[10.96285115072015,52.336711377774108],[10.960565203976886,52.338272845113984],[10.959265218192575,52.339817915940394],[10.9584265880058,52.340514926572176],[10.958460147142107,52.341273872070225],[10.958773680456275,52.342639371986685],[10.951996489645257,52.346863656665839],[10.950535711962585,52.347269784368052],[10.948302494345427,52.34738303980955],[10.948173858424585,52.347461560657557],[10.947190718275721,52.347549677198607],[10.945968201026094,52.347951820118482],[10.944758133732376,52.348888541263101],[10.944910058566052,52.34933994180922],[10.94568732441741,52.350243934553895],[10.947597677440728,52.351129246258303],[10.950735822116306,52.352061668651324],[10.954353773155391,52.352388358775798],[10.954468861729307,52.354745848946365],[10.953514406709257,52.355903133031212],[10.952325795209305,52.35691148141975],[10.951634689584777,52.358217195975357],[10.951664384347579,52.359057097736212],[10.952473573027362,52.360261622521378],[10.953123221244253,52.361010382982066],[10.953149875675402,52.361697536240356],[10.952788945440865,52.362085499288661],[10.95182202756294,52.362631779432512],[10.950360733334092,52.363037909955636],[10.947239720696739,52.363012993817975],[10.942624767181705,52.362401378036104],[10.941499712215206,52.362190674522196],[10.939609392970933,52.361686930998722],[10.937331970195048,52.360807510459466],[10.935937738567796,52.360147267729168],[10.931331046357405,52.357022893910553],[10.93056958375891,52.356729743663855],[10.932601835029775,52.354943827635459],[10.933939872894038,52.354238830809678],[10.936264965894564,52.353364845882481],[10.936982326365291,52.352818290501077],[10.937211638930767,52.35235613507578],[10.93731345102127,52.35174776527063],[10.937165066386848,52.35129180345556],[10.935646467308262,52.350633597763753],[10.933524370077302,52.350439153481283],[10.931914106724159,52.350537405280086],[10.930563361775365,52.350865085075156],[10.928520892285452,52.35249833584087],[10.927636448058333,52.355024955781388],[10.927669694240352,52.355788404098433],[10.927561776168192,52.35609126744631],[10.923316789774011,52.35577846113334],[10.923196119106169,52.355704026840627],[10.919965247658757,52.355756580548324],[10.918726063073018,52.355700314994522],[10.916468823396579,52.355354961473026],[10.914458784425523,52.354699962334394],[10.910374810371335,52.352330297889459],[10.911460286929746,52.35154874862414],[10.911919252157045,52.350705426059406],[10.911903137828697,52.350247292389419],[10.911384863811264,52.349801779960323],[10.911128558142636,52.349729528088773],[10.910020616398425,52.349819352408112],[10.908069393133307,52.350691274567218],[10.907065227619697,52.350550198493799],[10.906436235183369,52.35025924948696],[10.906042495110555,52.349807209143442],[10.90595452373868,52.347678445821167],[10.905432861344094,52.347152068662346],[10.90454050546604,52.346708065295822],[10.902409071125994,52.346288512216667],[10.901513872790067,52.34569173457016],[10.901478390932034,52.344780012399347],[10.902613444930347,52.342249556497372],[10.903832927923411,52.341771512916083],[10.906777550892809,52.340888119423013],[10.908131088262131,52.340713463003858],[10.908993738538721,52.340470327647928],[10.911091829114238,52.340207202578021],[10.919056820736225,52.340388154381941],[10.921157799680108,52.340277601089227],[10.923498653005774,52.339862002229481],[10.924469256345317,52.339234998015215],[10.92457102463999,52.338622145599828],[10.924301690763556,52.338249031690843],[10.923147150174913,52.337427443302133],[10.920347195066483,52.335796709226301],[10.918173168897109,52.334384943975692],[10.917887749521045,52.333553680910207],[10.918116807523925,52.333167965066828],[10.91884159931384,52.332625890937578],[10.919700726102754,52.332306332902107],[10.921270082108133,52.331364022690906],[10.922735181433275,52.330809879884654],[10.924600774977641,52.330779493931388],[10.925098894703355,52.330847774946967],[10.92623913263022,52.33151228415413],[10.926798065035841,52.332725557242462],[10.926984898842065,52.334322402536166],[10.927651026488771,52.335300230142437],[10.928375343928462,52.335760285443314],[10.929876167045576,52.336445836909554],[10.931683896990172,52.336681436957228],[10.932942886630627,52.337119235940818],[10.936006334675389,52.338974553536083],[10.937003121985585,52.339034610322059],[10.937612959938924,52.338719010110111],[10.938077978596484,52.338028280110429],[10.938917015716415,52.337250515590583],[10.940142846369513,52.336929282405258],[10.941513295624267,52.336978668344955],[10.942644919309007,52.337270153597629],[10.944940828687187,52.338679465820221],[10.947351454579286,52.339857644896227],[10.947381777696551,52.34046384710382],[10.947789279455385,52.34122112270768],[10.948535919723838,52.341514406092607],[10.94978237401005,52.341493837209669],[10.952661979108857,52.339239668247629],[10.955083888220035,52.33767610589743],[10.955419832380915,52.337059347418716],[10.955514919970607,52.336221871625696],[10.955120812083333,52.335769998507558],[10.953973006026656,52.335029489963318],[10.950965446101991,52.334620810448939],[10.94723491876684,52.334453174339735],[10.945601995786815,52.334021687528882],[10.94483109911768,52.33342318734789],[10.944804484997452,52.33281692303219],[10.946373316330098,52.331874284412351],[10.9502967325607,52.330596156580974],[10.953074369192281,52.328873957004028],[10.955104457107096,52.327087668294041],[10.95654538536628,52.3259987031389],[10.958754372016086,52.325278982344862],[10.960241943710232,52.325330700166496],[10.961504832372645,52.325691730670343],[10.964163819061948,52.32701824102616],[10.964877841751733,52.329060171340025],[10.965043359640015,52.329897816118013],[10.965164027342089,52.332866412091725],[10.965309245937723,52.333245994586079],[10.966107871731465,52.334297805624608],[10.967248804058848,52.334961911495057],[10.96787185668965,52.33503242675598],[10.971602761372822,52.335123004717623],[10.973410906626718,52.335281559482979],[10.975593143701374,52.335438324859268],[10.976828669408317,52.335341251369272],[10.977687161518611,52.335097680267332],[10.979670422133793,52.334988054013479],[10.980822265473513,52.335809141718897],[10.980904301012069,52.337479575341511],[10.981925016371379,52.338073651623759],[10.983413037136792,52.338125072891501],[10.98401861375209,52.337885701934241],[10.984749753223962,52.33741951272382],[10.986308055564471,52.336175410382445],[10.987159419833731,52.335855490242871],[10.988516366403061,52.335603451737008],[10.989654670877748,52.336119081199485],[10.990204662722419,52.337174921172242],[10.989847683337469,52.337639335725626],[10.989881776893279,52.338398267231092],[10.990148430092878,52.33869937467454],[10.991307427182681,52.339673039790348],[10.992065550067579,52.339889456294031],[10.993311697242554,52.339944832393897],[10.994163081242636,52.33962486084264],[10.995253407114175,52.339071646384468],[10.995852931459634,52.33845481134265],[10.99705384788799,52.337670511273345],[10.998040545303045,52.337505517117783],[11.00201058648879,52.337361901995315],[11.003609621454849,52.337029192346343],[11.005693725881486,52.336310719454559],[11.007672871977569,52.336353500732237],[11.008925851490721,52.336561399972211],[11.009936517246235,52.336926209981286],[11.010819304317538,52.337140387588136],[11.009642088979685,52.338603035762645],[11.00832692615683,52.33969500336935],[11.0065096899114,52.340638190086928],[11.004453038324955,52.341967411130248],[11.003594358371851,52.342287577143395],[11.002739759703749,52.342454867769796],[10.999928364694597,52.343486706640121],[10.997841028585016,52.343980426864448],[10.996622076023996,52.344612238358508],[10.99110279241108,52.346300815936011],[10.990261552062865,52.346849792334687],[10.990427187639268,52.347759306609149],[10.991448502121983,52.348276891396033],[10.992438458525069,52.348260197397323],[10.994249669111051,52.347088126876628],[10.99461653738692,52.347005532662926],[10.996233417253345,52.346978218606324],[10.996859922929044,52.347120428647088],[10.999466727689658,52.347076333984411],[11.000082896066122,52.346989504271889],[11.003025863941705,52.346103738323841],[11.005089450794351,52.345003626608573],[11.005681376466638,52.344382378489151],[11.006522574365656,52.343837787920272],[11.009680050151044,52.342107809140352],[11.011753490612024,52.341313011282018],[11.013241637553138,52.341364060769493],[11.017585872331576,52.34121354886539],[11.018561734198469,52.340891277605238],[11.019890623379789,52.340185455726115],[11.020002068717318,52.339572347660734],[11.019603450402633,52.339278056056671],[11.01747190485279,52.338550474067645],[11.018914933896886,52.33761351234741],[11.01971370156021,52.33630554773476],[11.020326931996644,52.335836660147351],[11.021049562494605,52.335595097898526],[11.021929072586254,52.335656448279281],[11.027379477248926,52.335563034340794],[11.030328664617068,52.334680967327138],[11.033362589576811,52.333329975340973],[11.034937528476071,52.332161342019312],[11.036127407751016,52.331075725696863],[11.037320429595026,52.330219244006429],[11.038805168375646,52.329964425767947],[11.040414044639927,52.329936646503512],[11.041300203024383,52.330303339229886],[11.04351322282672,52.332399798347389],[11.045122184199391,52.332371954044028],[11.045738052865131,52.332284888999681],[11.047941969918252,52.331559095632606],[11.049515923842552,52.330695884810815],[11.052365198704175,52.327752176154654],[11.053419323525844,52.326439538052611],[11.053804648281718,52.32414980492937],[11.05439220107365,52.323375579396988],[11.057781531266436,52.321339149040043],[11.05850407480286,52.320868153822168],[11.059108999221507,52.320628406651721],[11.060087857414787,52.320386630415229],[11.065045494411347,52.320147256935378],[11.066529623552153,52.319968498586206],[11.067298437436316,52.320413451181125],[11.070903584744402,52.323249039350401],[11.072345098217518,52.324823682990768],[11.073540705932675,52.326627335107567],[11.074562361634896,52.329962048075267],[11.076616770108984,52.334119010596275],[11.07482632876809,52.335363896996597],[11.072494485373383,52.336016037749829],[11.069656951822518,52.336524191166539],[11.067182428196876,52.336715826492338],[11.064718871132694,52.337064513684574],[11.063127108745885,52.337622635190606],[11.060840934249638,52.339262460105523],[11.05965866860161,52.340424594774035],[11.059875171276868,52.342555543105433],[11.058301008139763,52.34341889353815],[11.05795569910366,52.34388331303326],[11.057891033745237,52.345255155576844],[11.057438465059523,52.346175350154816],[11.055144556913383,52.347662393613788],[11.054678069321787,52.348205310651828],[11.054713162051042,52.349040612159719],[11.053342049050672,52.348988049876723],[11.052590817978338,52.348771902466133],[11.051173950018041,52.347731398661537],[11.049878060619656,52.346607884118789],[11.047959335800623,52.345423247276166],[11.044562812435027,52.344412471642507],[11.043060162173838,52.344209266149662],[11.040460640605801,52.344406994363901],[11.032585964352627,52.346142653798609],[11.030651176956589,52.34731743630855],[11.029332579676733,52.348328802139228],[11.027945511323139,52.350330037661593],[11.026273209889153,52.352035041403838],[11.023963980818811,52.353216131816502],[11.023119898850924,52.353536189554106],[11.021399055235131,52.354024044927925],[11.017122931769775,52.355616140548719],[11.012008605104997,52.357909956740933],[11.006391306641559,52.360212089563383],[11.0026266369814,52.362181460502725],[10.998848075931008,52.363688050798807],[10.997635718318397,52.364396155312413],[10.996682868478807,52.365324566986061],[10.995629368984355,52.366789468593922],[10.994538374614097,52.367342690888769],[10.991361794939968,52.368537778242462],[10.990037997054644,52.369548785465632],[10.989206169482639,52.370398696274151],[10.987993474053258,52.371106704459585],[10.9871412433058,52.371422145746536]],[[10.98986731996211,52.351957249627795],[10.987509554806703,52.351996943099302],[10.985283301071188,52.352187179413527],[10.983811219002703,52.352665815734063],[10.981996335192452,52.353684983349176],[10.980023751485547,52.356841463065741],[10.980182389764687,52.357598306594554],[10.980694305772442,52.35804812242413],[10.981206733027767,52.358345128530424],[10.982328698095959,52.358402706407631],[10.985958988149189,52.356287927056449],[10.98906899176516,52.356159202015846],[10.990412346541875,52.355754576250213],[10.99186041232967,52.354741464574509],[10.992335078503059,52.354198660540128],[10.992442547757237,52.353895742472154],[10.992145096797522,52.352831161923476],[10.990746888596334,52.352095229179398],[10.98986731996211,52.351957249627795]],[[10.972309804929013,52.348283418348913],[10.970945845611693,52.348306184519309],[10.970090729179619,52.348549648739578],[10.969245246005361,52.349174944266814],[10.969050036445859,52.350396098116633],[10.969208461585287,52.351152959251976],[10.970003576568708,52.35228120275022],[10.972358714006702,52.352017196873227],[10.973317876442364,52.351389980420628],[10.974755982717502,52.350148047409668],[10.978521125776453,52.348184037518187],[10.979366457704099,52.347558676994566],[10.979214191009442,52.3471073240786],[10.978829979501574,52.346884561521577],[10.977715386170118,52.346903228456824],[10.977344819451728,52.346985832755557],[10.975648122916027,52.347773726222769],[10.974906705286459,52.348015323881107],[10.973556167862393,52.348339000733219],[10.972309804929013,52.348283418348913]]]},"properties":{"OBJECTID":55619,"Shape_Leng":57330.971707299999,"GEO":81,"KOMBI":4031,"SCHICHT_1":167,"SCHICHT_2":0,"SCHICHT_3":null,"Kuerzel":"D,,Lg","T1_Kuerzel":"D,,Lg","T2_Kuerzel":" ","T3_Kuerzel":null,"T1_MatBez":"Drenthe-Stadium","T2_MatBez":" ","T3_MatBez":null,"T1_GenTxt":"Grundmoräne (Geschiebemergel, Geschiebelehm)","T2_GenTxt":" ","T3_GenTxt":null,"T1_PethTxt":"Schluff, tonig, sandig, kiesig; Steine","T2_PethTxt":" ","T3_Peth_Tx":null,"T1_PH_Beso":" ","T2_PH_Beso":" ","T3_PH_Beso":null,"T1_G_Beson":" ","T2_G_Beson":" ","T3_G_Beson":null,"T1_S_Beson":" ","T2_S_Beson":" ","T3_S_Beson":null,"T1_Gruppe":"Känozoikum","T1_System":"Quartär","T1_Serie":"Pleistozän","T1_Stufe":"Saale-Kaltzeit","T1_UStufe":"Drenthe-Stadium","T1_Zone":" ","T2_Gruppe":" ","T2_System":" ","T2_Serie":" ","T2_Stufe":" ","T2_UStufe":" ","T2_Zone":" ","T3_Gruppe":null,"T3_System":null,"T3_Serie":null,"T3_Stufe":null,"T3_UStufe":null,"T3_Zone":null,"T1_Blattnu":"CC 3926","T1_Blattna":"Braunschweig","T1_StartJm":0.17999999999999999,"T2_StartJm":0,"T3_StartJm":null,"T1_EndJmio":0.14999999999999999,"T2_EndJmio":0,"T3_EndJmio":null,"Symbol":"D,,Lg","Label":"D,,Lg","Shape_Length":57308.0780513219,"Shape_Area":25606144.762667812}},{"type":"Feature","id":55624,"geometry":{"type":"Polygon","coordinates":[[[11.132772833407438,52.368173132532426],[11.126929773528841,52.368121164587258],[11.125033739415626,52.367472166609076],[11.124509270118516,52.366870390538196],[11.124168463710014,52.365123789764901],[11.12378360697161,52.364676796563053],[11.12277139926821,52.364236580845869],[11.118388811020937,52.363780432910126],[11.116132122436944,52.363335502773388],[11.115105779353607,52.36290446359417],[11.113806739995697,52.361067123985173],[11.112699076363027,52.360161137263411],[11.109917592047005,52.359096287735284],[11.107770595504705,52.358635757991884],[11.106538446105159,52.358194834038954],[11.105834334865413,52.357820887209073],[11.105424486602194,52.357383268453304],[11.105949888703403,52.355621178212537],[11.105631838828533,52.354026921529922],[11.113094697703579,52.351534232713462],[11.112628577644799,52.352378486119008],[11.111978808984787,52.35414283279588],[11.111944946778205,52.356125370013828],[11.112216148424112,52.356578927476555],[11.113649297283187,52.357924019923331],[11.114301602217214,52.358671863201899],[11.115581186926693,52.359565768762145],[11.116714052080605,52.35984658767655],[11.119064938210139,52.359656138624082],[11.121785996699733,52.359148896261459],[11.123377754383936,52.358742787438274],[11.126480290545796,52.358538678298018],[11.128218251269427,52.358655692211705],[11.131217930461458,52.359060025858462],[11.13270675688636,52.359033159123769],[11.133315451109283,52.358792966716024],[11.134767665558162,52.358007217577899],[11.136916303197054,52.356215640894348],[11.137656940269393,52.355973037669244],[11.138397631301988,52.355959633931491],[11.13892213244093,52.356484947702313],[11.139245041608364,52.358002631748263],[11.139454362841697,52.359751574420002],[11.138816482688314,52.361969769871564],[11.138039529423454,52.363893861771295],[11.134441542926671,52.363954422507533],[11.133590578526377,52.364576507196773],[11.13313202032541,52.365191501442979],[11.133429257455088,52.366179348392166],[11.133550302773182,52.366253563594171],[11.133590802386982,52.367169645284399],[11.132772833407438,52.368173132532426]]]},"properties":{"OBJECTID":55624,"Shape_Leng":7791.90132042,"GEO":148,"KOMBI":4150,"SCHICHT_1":493,"SCHICHT_2":0,"SCHICHT_3":null,"Kuerzel":"r","T1_Kuerzel":"r","T2_Kuerzel":" ","T3_Kuerzel":null,"T1_MatBez":"Rotliegend","T2_MatBez":" ","T3_MatBez":null,"T1_GenTxt":" ","T2_GenTxt":" ","T3_GenTxt":null,"T1_PethTxt":" ","T2_PethTxt":" ","T3_Peth_Tx":null,"T1_PH_Beso":" ","T2_PH_Beso":" ","T3_PH_Beso":null,"T1_G_Beson":" ","T2_G_Beson":" ","T3_G_Beson":null,"T1_S_Beson":"ungegliedert","T2_S_Beson":" ","T3_S_Beson":null,"T1_Gruppe":"Paläozoikum","T1_System":"Perm","T1_Serie":"Rotliegend","T1_Stufe":" ","T1_UStufe":" ","T1_Zone":" ","T2_Gruppe":" ","T2_System":" ","T2_Serie":" ","T2_Stufe":" ","T2_UStufe":" ","T2_Zone":" ","T3_Gruppe":null,"T3_System":null,"T3_Serie":null,"T3_Stufe":null,"T3_UStufe":null,"T3_Zone":null,"T1_Blattnu":"CC 3926","T1_Blattna":"Braunschweig","T1_StartJm":286,"T2_StartJm":0,"T3_StartJm":null,"T1_EndJmio":258,"T2_EndJmio":0,"T3_EndJmio":null,"Symbol":"r","Label":"r","Shape_Length":7788.7734489837439,"Shape_Area":1607059.9518966607}},{"type":"Feature","id":55629,"geometry":{"type":"Polygon","coordinates":[[[11.125033739415626,52.367472166609076],[11.121001242995881,52.366515458147617],[11.116402150759734,52.365604716687677],[11.108668683981913,52.364390245440916],[11.107328841096438,52.364157983116407],[11.10315856679607,52.36268180270892],[11.09948163428585,52.360612469590528],[11.099719931300523,52.360374538269433],[11.098444209187058,52.359633195306522],[11.096948096557739,52.359506957280658],[11.094971216151636,52.359924030701976],[11.093415252368704,52.361093127173369],[11.092226219994252,52.362183799461214],[11.090765888367386,52.362816361447003],[11.088653425901846,52.362853724168176],[11.087149895145288,52.36272749261714],[11.08349100670865,52.36149325960875],[11.083117009688808,52.361423453589367],[11.080726955769471,52.360629655688363],[11.079967982388164,52.360490218425909],[11.077677174478142,52.359384516169342],[11.076494419702884,52.358034591845538],[11.07621679472836,52.357279959495017],[11.07612374158829,52.355452473617845],[11.075714011226655,52.354619265996462],[11.075080480126827,52.354100085453034],[11.074691889746545,52.35403050866686],[11.074420983192214,52.350911827335551],[11.07488066495684,52.349915040499475],[11.077127205995586,52.347664437433103],[11.077693536087013,52.346283760007744],[11.078729247925789,52.344742018777524],[11.081268261728431,52.343025485251239],[11.08466816399428,52.341442014853214],[11.086359104734596,52.340499846497806],[11.087067325494157,52.339646926003141],[11.086870974796197,52.338126871082309],[11.086464880204364,52.337527330335973],[11.086275893574223,52.336007144067572],[11.086450834020807,52.335437788295792],[11.089687745255681,52.335003060447221],[11.091361972019632,52.33456895523458],[11.092950714868017,52.33395657364531],[11.09505831984427,52.332759714115234],[11.096302870020995,52.332782576051834],[11.097047122553228,52.332697458810394],[11.098396025713196,52.33236789995189],[11.09959523764147,52.331434271341095],[11.101249277649316,52.329728528603297],[11.101931908161484,52.328345656655067],[11.102119792207718,52.326971585207424],[11.10254589233579,52.325516872557586],[11.103833183120502,52.323817618060332],[11.10381868826796,52.32351227176806],[11.103558612491904,52.323364101223589],[11.102818447686321,52.32337728001626],[11.101256665808807,52.324470197330413],[11.100783655633256,52.32501341934217],[11.100057791059793,52.325561136157447],[11.099151203820275,52.327249087873334],[11.098938174959345,52.328016885923127],[11.098343855003389,52.328710560772791],[11.096895752369033,52.329576688963023],[11.096034439446791,52.329744777835714],[11.093175798834084,52.329714574236057],[11.089972631997359,52.330000494969461],[11.088477476561694,52.329950538731453],[11.08382075612095,52.328810363908389],[11.082454274397254,52.328609754182082],[11.082382524491917,52.327082998467588],[11.083304332332249,52.325471310821314],[11.086581701776927,52.324119137905214],[11.088553414917735,52.323702285104105],[11.091962399356111,52.322347632506506],[11.093894521438596,52.321095472058488],[11.095655201696783,52.318934000193345],[11.097056252536824,52.317079997712767],[11.097130471450335,52.316013555774411],[11.096424896868967,52.314196945257294],[11.096513567258915,52.313435853178312],[11.097551601660662,52.31181748921113],[11.098259162771134,52.310964505754114],[11.099039255309275,52.306532847309697],[11.099967018486376,52.305145622631706],[11.100810019476672,52.304523912662923],[11.101279111019528,52.304057158621838],[11.103358336911525,52.300595561622174],[11.106333562174155,52.298025777963566],[11.107966642180111,52.298455047496049],[11.108756390987406,52.298876885945376],[11.109749679541585,52.29941642696221],[11.110568952508444,52.300997233147548],[11.110356266738995,52.301688648387554],[11.109619876632435,52.30231301749469],[11.108784498742454,52.302629049025029],[11.106813987457469,52.302893422698318],[11.105967690511338,52.303443327925507],[11.105992851106345,52.303973195276455],[11.106395475271983,52.3045008260125],[11.107530674231985,52.304938982377685],[11.109790276460437,52.30550984912233],[11.110562682349018,52.306026364462625],[11.110232459468325,52.306944589509875],[11.1086643835422,52.307889414687729],[11.107942554803909,52.308437111116554],[11.107626810629249,52.309584274231177],[11.108431933025733,52.310787832703362],[11.110215239895112,52.311821108668205],[11.111735250839381,52.312405152910095],[11.113251588632876,52.313142045835235],[11.113654194770927,52.31358875593331],[11.113672367536203,52.314046839265558],[11.113093065114548,52.314893127138781],[11.111660028655644,52.316060284098462],[11.110952620498468,52.316989746413206],[11.110882425550642,52.317979724924882],[11.111292483180099,52.318736409031736],[11.113123729048764,52.320690096913147],[11.113537039308246,52.321590529759874],[11.114434520900749,52.322262079409505],[11.116731339865513,52.323591671607097],[11.117526030442939,52.324566150711057],[11.117562505411312,52.325329510878575],[11.117214060198235,52.325866072135582],[11.115762779549877,52.326656090998959],[11.114531253970709,52.326902853475239],[11.113332717298526,52.327764717398814],[11.112753450551544,52.32861549411885],[11.112683210056751,52.329834677171149],[11.112103690863909,52.330680960475163],[11.110648282008711,52.331466493728136],[11.10942050402137,52.33164122741865],[11.107851270646529,52.332734362833534],[11.107510196397374,52.33327525712599],[11.106190120061537,52.334287522629751],[11.103858600269113,52.334935785924763],[11.102535023078449,52.33579976439372],[11.10207256582642,52.336567511422537],[11.102625435434559,52.337627286564931],[11.104449388370513,52.339495846732682],[11.10497684467032,52.340250460058087],[11.106009925772117,52.341067964218233],[11.107930195929658,52.342256131884525],[11.10849030318478,52.343540460403482],[11.108295354974116,52.344609060950042],[11.107825857311985,52.345228647109913],[11.105651104387047,52.346561753201321],[11.104576307835238,52.347416822279719],[11.103982077703604,52.34803861559427],[11.103765242218151,52.348649190465053],[11.103385873275869,52.351168188668964],[11.103821518822906,52.352459247912094],[11.105631838828533,52.354026921529922],[11.105949888703403,52.355621178212537],[11.105424486602194,52.357383268453304],[11.105834334865413,52.357820887209073],[11.106538446105159,52.358194834038954],[11.107770595504705,52.358635757991884],[11.109917592047005,52.359096287735284],[11.112699076363027,52.360161137263411],[11.113806739995697,52.361067123985173],[11.115105779353607,52.36290446359417],[11.116132122436944,52.363335502773388],[11.118388811020937,52.363780432910126],[11.12277139926821,52.364236580845869],[11.12378360697161,52.364676796563053],[11.124168463710014,52.365123789764901],[11.124509270118516,52.366870390538196],[11.125033739415626,52.367472166609076]],[[11.107371571719579,52.319795155440701],[11.10625405360323,52.319891490438224],[11.1054108061044,52.320589642145372],[11.105571681307424,52.321274386407083],[11.107017941770701,52.323001330811955],[11.107295961494705,52.323526686414546],[11.107133656743882,52.325435119503013],[11.107176965633482,52.326423069463878],[11.107832628480267,52.327022580271425],[11.109242833290979,52.327986129565886],[11.109876679227574,52.328280414297922],[11.110877049152537,52.32841534387439],[11.113157373561069,52.326702730163369],[11.113619325479737,52.325930452204908],[11.113586534725609,52.325319828351596],[11.112795605194533,52.324268853708276],[11.110469756995226,52.322404895212259],[11.109902579256557,52.321044298469189],[11.10964622342013,52.32074327275707],[11.108492586917189,52.320080754663465],[11.107371571719579,52.319795155440701]]]},"properties":{"OBJECTID":55629,"Shape_Leng":27317.314952500001,"GEO":81,"KOMBI":4031,"SCHICHT_1":167,"SCHICHT_2":0,"SCHICHT_3":null,"Kuerzel":"D,,Lg","T1_Kuerzel":"D,,Lg","T2_Kuerzel":" ","T3_Kuerzel":null,"T1_MatBez":"Drenthe-Stadium","T2_MatBez":" ","T3_MatBez":null,"T1_GenTxt":"Grundmoräne (Geschiebemergel, Geschiebelehm)","T2_GenTxt":" ","T3_GenTxt":null,"T1_PethTxt":"Schluff, tonig, sandig, kiesig; Steine","T2_PethTxt":" ","T3_Peth_Tx":null,"T1_PH_Beso":" ","T2_PH_Beso":" ","T3_PH_Beso":null,"T1_G_Beson":" ","T2_G_Beson":" ","T3_G_Beson":null,"T1_S_Beson":" ","T2_S_Beson":" ","T3_S_Beson":null,"T1_Gruppe":"Känozoikum","T1_System":"Quartär","T1_Serie":"Pleistozän","T1_Stufe":"Saale-Kaltzeit","T1_UStufe":"Drenthe-Stadium","T1_Zone":" ","T2_Gruppe":" ","T2_System":" ","T2_Serie":" ","T2_Stufe":" ","T2_UStufe":" ","T2_Zone":" ","T3_Gruppe":null,"T3_System":null,"T3_Serie":null,"T3_Stufe":null,"T3_UStufe":null,"T3_Zone":null,"T1_Blattnu":"CC 3926","T1_Blattna":"Braunschweig","T1_StartJm":0.17999999999999999,"T2_StartJm":0,"T3_StartJm":null,"T1_EndJmio":0.14999999999999999,"T2_EndJmio":0,"T3_EndJmio":null,"Symbol":"D,,Lg","Label":"D,,Lg","Shape_Length":27306.338527411037,"Shape_Area":9564797.9504954163}},{"type":"Feature","id":55636,"geometry":{"type":"Polygon","coordinates":[[[11.108668683981913,52.364390245440916],[11.107895402919574,52.365109628259844],[11.106691909283231,52.365814205757964],[11.105323827751995,52.365914991790078],[11.103603350025731,52.366170344093128],[11.102227956670314,52.366194823459317],[11.101098513685541,52.365832910322467],[11.097919806106109,52.364365873528122],[11.097146558705004,52.363772888666674],[11.09720635237127,52.362401108212531],[11.097911031951304,52.361548189302695],[11.09948163428585,52.360612469590528],[11.10315856679607,52.36268180270892],[11.107328841096438,52.364157983116407],[11.108668683981913,52.364390245440916]]]},"properties":{"OBJECTID":55636,"Shape_Leng":2132.0070331400002,"GEO":148,"KOMBI":4150,"SCHICHT_1":493,"SCHICHT_2":0,"SCHICHT_3":null,"Kuerzel":"r","T1_Kuerzel":"r","T2_Kuerzel":" ","T3_Kuerzel":null,"T1_MatBez":"Rotliegend","T2_MatBez":" ","T3_MatBez":null,"T1_GenTxt":" ","T2_GenTxt":" ","T3_GenTxt":null,"T1_PethTxt":" ","T2_PethTxt":" ","T3_Peth_Tx":null,"T1_PH_Beso":" ","T2_PH_Beso":" ","T3_PH_Beso":null,"T1_G_Beson":" ","T2_G_Beson":" ","T3_G_Beson":null,"T1_S_Beson":"ungegliedert","T2_S_Beson":" ","T3_S_Beson":null,"T1_Gruppe":"Paläozoikum","T1_System":"Perm","T1_Serie":"Rotliegend","T1_Stufe":" ","T1_UStufe":" ","T1_Zone":" ","T2_Gruppe":" ","T2_System":" ","T2_Serie":" ","T2_Stufe":" ","T2_UStufe":" ","T2_Zone":" ","T3_Gruppe":null,"T3_System":null,"T3_Serie":null,"T3_Stufe":null,"T3_UStufe":null,"T3_Zone":null,"T1_Blattnu":"CC 3926","T1_Blattna":"Braunschweig","T1_StartJm":286,"T2_StartJm":0,"T3_StartJm":null,"T1_EndJmio":258,"T2_EndJmio":0,"T3_EndJmio":null,"Symbol":"r","Label":"r","Shape_Length":2131.1557478922364,"Shape_Area":257642.39150427317}},{"type":"Feature","id":55678,"geometry":{"type":"Polygon","coordinates":[[[11.062930091551184,52.353634251492025],[11.062258223670575,52.353785299830086],[11.060940491444404,52.354725099981401],[11.060711917600553,52.355412196876109],[11.059081063147614,52.354829426668523],[11.057931052391314,52.354089954084557],[11.057663967325638,52.3537126036749],[11.05732957291201,52.351965709984547],[11.056030307694014,52.35061761326142],[11.054713162051042,52.349040612159719],[11.054678069321787,52.348205310651828],[11.055144556913383,52.347662393613788],[11.057438465059523,52.346175350154816],[11.057891033745237,52.345255155576844],[11.05795569910366,52.34388331303326],[11.058301008139763,52.34341889353815],[11.059875171276868,52.342555543105433],[11.05965866860161,52.340424594774035],[11.060840934249638,52.339262460105523],[11.063127108745885,52.337622635190606],[11.064718871132694,52.337064513684574],[11.067182428196876,52.336715826492338],[11.069656951822518,52.336524191166539],[11.072494485373383,52.336016037749829],[11.07482632876809,52.335363896996597],[11.076616770108984,52.334119010596275],[11.078347439405002,52.336371611751176],[11.078390042193028,52.337435979482883],[11.077364966520317,52.339435937687448],[11.074677396640247,52.342835814608549],[11.071775104860858,52.344634977112207],[11.07031494846618,52.345343687439829],[11.068758826309747,52.346512463259749],[11.067535122245621,52.348201216662133],[11.066637282722075,52.347596732901586],[11.065858777276727,52.347268793827119],[11.064895503386582,52.347069914404052],[11.064036661732548,52.347143346569972],[11.063039216242149,52.347470865918218],[11.062216766014251,52.348168336180116],[11.06155881195472,52.349325827949841],[11.06166983074214,52.35068561757214],[11.062104750775926,52.352381309959142],[11.062930091551184,52.353634251492025]]]},"properties":{"OBJECTID":55678,"Shape_Leng":6545.3285294500001,"GEO":68,"KOMBI":4024,"SCHICHT_1":370,"SCHICHT_2":0,"SCHICHT_3":null,"Kuerzel":"w,,f","T1_Kuerzel":"w,,f","T2_Kuerzel":" ","T3_Kuerzel":null,"T1_MatBez":"Weichsel-Kaltzeit","T2_MatBez":" ","T3_MatBez":null,"T1_GenTxt":"fluviatile Ablagerungen","T2_GenTxt":" ","T3_GenTxt":null,"T1_PethTxt":"Sand und Kies; Schluff","T2_PethTxt":" ","T3_Peth_Tx":null,"T1_PH_Beso":" ","T2_PH_Beso":" ","T3_PH_Beso":null,"T1_G_Beson":"(z.B. Niederterrasse)","T2_G_Beson":" ","T3_G_Beson":null,"T1_S_Beson":" ","T2_S_Beson":" ","T3_S_Beson":null,"T1_Gruppe":"Känozoikum","T1_System":"Quartär","T1_Serie":"Pleistozän","T1_Stufe":"Weichsel-Kaltzeit","T1_UStufe":" ","T1_Zone":" ","T2_Gruppe":" ","T2_System":" ","T2_Serie":" ","T2_Stufe":" ","T2_UStufe":" ","T2_Zone":" ","T3_Gruppe":null,"T3_System":null,"T3_Serie":null,"T3_Stufe":null,"T3_UStufe":null,"T3_Zone":null,"T1_Blattnu":"CC 3926","T1_Blattna":"Braunschweig","T1_StartJm":0.070000000000000007,"T2_StartJm":0,"T3_StartJm":null,"T1_EndJmio":0.010999999999999999,"T2_EndJmio":0,"T3_EndJmio":null,"Symbol":"w,,f","Label":"w,,f","Shape_Length":6542.6888956304956,"Shape_Area":1586510.7683290434}},{"type":"Feature","id":55681,"geometry":{"type":"Polygon","coordinates":[[[11.113094697703579,52.351534232713462],[11.105631838828533,52.354026921529922],[11.103821518822906,52.352459247912094],[11.103385873275869,52.351168188668964],[11.103765242218151,52.348649190465053],[11.103982077703604,52.34803861559427],[11.104576307835238,52.347416822279719],[11.105651104387047,52.346561753201321],[11.107825857311985,52.345228647109913],[11.108295354974116,52.344609060950042],[11.10849030318478,52.343540460403482],[11.107930195929658,52.342256131884525],[11.106009925772117,52.341067964218233],[11.10497684467032,52.340250460058087],[11.104449388370513,52.339495846732682],[11.102625435434559,52.337627286564931],[11.10207256582642,52.336567511422537],[11.102535023078449,52.33579976439372],[11.103858600269113,52.334935785924763],[11.106190120061537,52.334287522629751],[11.107510196397374,52.33327525712599],[11.107851270646529,52.332734362833534],[11.10942050402137,52.33164122741865],[11.110648282008711,52.331466493728136],[11.112103690863909,52.330680960475163],[11.112683210056751,52.329834677171149],[11.112753450551544,52.32861549411885],[11.113332717298526,52.327764717398814],[11.114531253970709,52.326902853475239],[11.115762779549877,52.326656090998959],[11.117214060198235,52.325866072135582],[11.117562505411312,52.325329510878575],[11.117526030442939,52.324566150711057],[11.116731339865513,52.323591671607097],[11.114434520900749,52.322262079409505],[11.116003010424887,52.321164370957739],[11.117627080023894,52.318852210144968],[11.118866383166498,52.316164920860054],[11.120255406721498,52.314158048892558],[11.120863800474723,52.31376961137979],[11.121090982673042,52.313383524012572],[11.122644586534905,52.312061279758218],[11.124289710776665,52.310278958863506],[11.125205782379647,52.30858613639117],[11.126155253059176,52.304991651583173],[11.127199331282029,52.303602114184322],[11.13020267788133,52.301489625360048],[11.130810605287742,52.301249452921674],[11.132019305071358,52.300468114057963],[11.132828739000853,52.299235563993697],[11.132784917908568,52.29840042971211],[11.132136332898055,52.29642120555458],[11.131645977023709,52.29529302127753],[11.130038448039791,52.29532202768776],[11.130046098521147,52.293038829420702],[11.130265760700864,52.292347252106353],[11.131195930811545,52.29118893707183],[11.133246410742037,52.289857577128515],[11.135919217511837,52.288744131232647],[11.137251985749657,52.288036894187627],[11.137958408254095,52.287183686561775],[11.137885088903586,52.285737874095844],[11.140568554194209,52.284776930119357],[11.144243957680736,52.283721513147221],[11.145975489247748,52.283613654356671],[11.149709642933084,52.283851337169651],[11.150449087197817,52.283761470931054],[11.152400083776554,52.283343912523804],[11.15313224031684,52.282953048594798],[11.154468135794145,52.282470268346188],[11.156452296274347,52.282209335176162],[11.15830458670788,52.282175492014545],[11.158791349120554,52.282013788638615],[11.161148737802129,52.281894262411747],[11.161895676724992,52.282109795179849],[11.163272255066943,52.282313788697955],[11.163400437933435,52.28238784297757],[11.164019027741903,52.282300105265875],[11.16398919036979,52.281613032666108],[11.163472806274747,52.281316886931826],[11.161744960391813,52.281272130932187],[11.159618006705449,52.281081847131645],[11.156396760098847,52.281217122834299],[11.154306659383765,52.281408079832069],[11.149786077101192,52.282933122019415],[11.148300002083751,52.28288826147385],[11.146301146717034,52.282695406118357],[11.146041174949721,52.282547328032038],[11.145177217724186,52.282486624888563],[11.143819147740221,52.28266409445223],[11.138075390332263,52.284440091277773],[11.13841937362761,52.283822647110114],[11.140330367862598,52.282345375939926],[11.142899956739187,52.281611152215739],[11.14667744323109,52.280324598956298],[11.151435461393612,52.278561647832142],[11.152994406197312,52.277468096366263],[11.153429510859933,52.276242222531721],[11.153600810357281,52.274562745092069],[11.153482841815546,52.272281821475865],[11.155601890464231,52.272243152189915],[11.156220450473729,52.272308259137574],[11.157095298883712,52.272521484508943],[11.157992216765415,52.272887105156613],[11.158655107783492,52.273863721397703],[11.158092167999156,52.27524475776778],[11.158019524071905,52.276086509724045],[11.158656429709927,52.276452383091794],[11.159278712721001,52.276517406338577],[11.15975087943418,52.276207656288051],[11.160101820732613,52.27559001817167],[11.161060264153182,52.274884859719208],[11.162052469077359,52.275023993522666],[11.162704326057316,52.275771582717752],[11.162737737093231,52.276382187952386],[11.160907881269335,52.277022415636502],[11.159466285962145,52.277812812286619],[11.158752883890473,52.278661787358253],[11.158665337037062,52.279422915088197],[11.159049838759429,52.279645091333137],[11.160301818197093,52.279774995334094],[11.162146449156859,52.279435622730624],[11.165549917615802,52.278006994271401],[11.166900423048439,52.277829399023084],[11.170245813301694,52.277691520463016],[11.170373993920062,52.277765565445605],[11.172123809797558,52.277962577314831],[11.173723181041829,52.277780322936444],[11.175329860430244,52.277597911188984],[11.176725145104099,52.278259803942959],[11.176626678434712,52.278791942178181],[11.176026796880707,52.279185017248039],[11.174552074255496,52.279594212669672],[11.173476477975065,52.280373556623367],[11.173627101305231,52.280905598478043],[11.175007423067719,52.28118577552295],[11.177104724734408,52.280994297532409],[11.177855378648339,52.281209654025822],[11.180027165079746,52.28231109556441],[11.181528462434715,52.282665364489617],[11.182546670485925,52.283104952183841],[11.182935168290854,52.283479778797087],[11.183232690692675,52.284463012203659],[11.184665570555394,52.28580724394552],[11.18456759800759,52.286496678619734],[11.182832132299691,52.286375986085595],[11.180791734729228,52.285344075173228],[11.179558121835525,52.285443267013335],[11.176128724987279,52.286270574646267],[11.1743861238464,52.286302694060105],[11.172269733804571,52.286184369888616],[11.166785055147253,52.285597576580386],[11.164427591565342,52.285568919880177],[11.16404679478028,52.285499497038558],[11.16310001019059,52.28509438714817],[11.16178388900145,52.284929731416831],[11.160784303755893,52.284718821691023],[11.158924536134975,52.284676438176938],[11.156072773328834,52.284804947670096],[11.155091626968067,52.285123973206531],[11.154630580017752,52.285514396987693],[11.154656569339629,52.2861251383435],[11.155440455380385,52.287175965563662],[11.15648073285637,52.287997394002112],[11.15700445316145,52.288594549837221],[11.156928162137987,52.289512768208553],[11.155145713795362,52.291217167992322],[11.155036057485132,52.291524776548499],[11.153843007796372,52.292539769079262],[11.151495836223871,52.292730866693162],[11.150378953306856,52.292522005776142],[11.148258929880262,52.292560592657473],[11.146402469988855,52.292441547953196],[11.14076359593953,52.291402375688293],[11.139642954058461,52.291341791064767],[11.138431120617961,52.291822153390797],[11.138449570254934,52.292433032725086],[11.13896960211958,52.292805623275498],[11.140961517200907,52.29284592718146],[11.145805945228343,52.293216407243854],[11.146812761534132,52.293422818746826],[11.15005374934934,52.293449244280893],[11.151294971389408,52.293727751596606],[11.153715876703256,52.295054362849456],[11.157008488055185,52.296441407609521],[11.160279107207643,52.297222042243909],[11.161550082896532,52.297881908372574],[11.162975379661935,52.299150151008362],[11.163598206503709,52.299219637935103],[11.165574051949717,52.298248616494092],[11.166644079807941,52.298094151689455],[11.167270488180899,52.298087145613259],[11.168145823782096,52.298223873775719],[11.168783201244327,52.298666081732385],[11.169457781001819,52.299718820502591],[11.17098559427099,52.300454750573387],[11.171611963643247,52.300596033078556],[11.17237406563765,52.300964019555991],[11.172773855945161,52.30156787880113],[11.172335396375601,52.302793889565741],[11.172500823957717,52.303626774702558],[11.172054859500848,52.304700117995345],[11.170491946460881,52.305722096178506],[11.169993695523919,52.305578452662147],[11.167261224425124,52.305624160346504],[11.167136848960594,52.305554536140093],[11.165778113455517,52.305655876698516],[11.163917311451444,52.305685497049005],[11.162279842941844,52.305333480030562],[11.15629726521232,52.302242970642759],[11.153788179314892,52.301601139440393],[11.150810756319403,52.301655404356474],[11.15021037282137,52.30212474881732],[11.149514799669053,52.30312614225813],[11.14936542266377,52.305187219083074],[11.148479676999091,52.30741000310482],[11.149707614887399,52.30967521929901],[11.149759172198253,52.310663010721314],[11.146730323135934,52.312318049169647],[11.145785416575032,52.313323949309414],[11.144734377120816,52.314713778185727],[11.140877102191888,52.317066824469066],[11.137206234887284,52.31827483764804],[11.136491927201808,52.318822572170426],[11.136532152685078,52.319504964663885],[11.136807048043494,52.320034803244617],[11.136832873388945,52.320874753956616],[11.136481002661789,52.321258632803982],[11.134696718261427,52.322890833582676],[11.133597541882056,52.323216300047008],[11.130893469376765,52.323647123492641],[11.129555882067578,52.324430767781074],[11.129204134597179,52.324819116960008],[11.128632331663253,52.325894549701111],[11.129020764353688,52.32626955565275],[11.130028462962905,52.32625138850711],[11.130750321328991,52.326009163783503],[11.13285361531287,52.325741998693815],[11.134964264545971,52.325780268939091],[11.13680754133058,52.325369423517401],[11.138012935103504,52.324736397388683],[11.139068078139459,52.3233465593582],[11.139903490212468,52.322571905064514],[11.141119827004404,52.322167853279652],[11.144355151907932,52.322185561172581],[11.147055517017909,52.321682588211836],[11.147542751233079,52.321520927074893],[11.149238910991427,52.320577747740735],[11.150583297606987,52.320094866401078],[11.151938816233558,52.319917372837232],[11.155473752638638,52.318558577886954],[11.156462838999863,52.318387719249948],[11.158708862258583,52.318652296428695],[11.15730669748736,52.320507065504231],[11.155947520302266,52.320684686631679],[11.154599198915905,52.321010403751281],[11.152782492150385,52.322036753818018],[11.152075514185626,52.322732759408147],[11.151489646469317,52.323431048260019],[11.149896860887562,52.326430728251914],[11.149684538066058,52.327270517400237],[11.148332450082085,52.327447920754835],[11.146965625013477,52.327472772759755],[11.145081930992813,52.327048586821483],[11.144440485196462,52.326601824781811],[11.143901671008042,52.325622879323937],[11.143509509907371,52.32540079187882],[11.142897607673859,52.325488296356617],[11.14194151298949,52.326346055630189],[11.13994101112541,52.328665374822819],[11.140175758875051,52.330867778352989],[11.140091716736711,52.331709717617024],[11.139747163107716,52.332246276890608],[11.138655184829613,52.332800863238297],[11.137427506753589,52.333052288622433],[11.136584494316375,52.333674257539656],[11.137233349400532,52.334350132858113],[11.137742839469018,52.334570117491523],[11.139377544653621,52.334922530006537],[11.140535738559624,52.335737469881387],[11.141067397471597,52.336415447737622],[11.142075473685972,52.336855579997312],[11.142826840224052,52.336841952453682],[11.146620019005855,52.335631552983145],[11.148716333949586,52.335364234181263],[11.148742071862827,52.335970484149072],[11.148624900212132,52.336201820351604],[11.146429854579944,52.337082143746976],[11.146576414932957,52.337456994496328],[11.147599300965089,52.338049614397619],[11.146994633377037,52.338289810643523],[11.145392834674105,52.338696425784825],[11.139374450516385,52.340023505904519],[11.135818910862948,52.341000168428685],[11.133263964664954,52.342187860556344],[11.131698612752375,52.343128439794789],[11.131456673381583,52.343132805271779],[11.125781585088413,52.346664132485969],[11.122973084133825,52.347779759203448],[11.11953388308995,52.348677431493151],[11.114660743603528,52.350593893034343],[11.113094697703579,52.351534232713462]]]},"properties":{"OBJECTID":55681,"Shape_Leng":42075.126770100003,"GEO":146,"KOMBI":4148,"SCHICHT_1":428,"SCHICHT_2":0,"SCHICHT_3":null,"Kuerzel":"su","T1_Kuerzel":"su","T2_Kuerzel":" ","T3_Kuerzel":null,"T1_MatBez":"Unterer Buntsandstein","T2_MatBez":" ","T3_MatBez":null,"T1_GenTxt":"limnisch-fluviatil, brackisch-marin","T2_GenTxt":" ","T3_GenTxt":null,"T1_PethTxt":"Wechsel Sandstein / Schluffstein / Tonstein; Kalkstein, oolithisch (Rogenstein)","T2_PethTxt":" ","T3_Peth_Tx":null,"T1_PH_Beso":" ","T2_PH_Beso":" ","T3_PH_Beso":null,"T1_G_Beson":" ","T2_G_Beson":" ","T3_G_Beson":null,"T1_S_Beson":" ","T2_S_Beson":" ","T3_S_Beson":null,"T1_Gruppe":"Mesozoikum","T1_System":"Trias","T1_Serie":"Buntsandstein","T1_Stufe":"Unterer Buntsandstein","T1_UStufe":" ","T1_Zone":" ","T2_Gruppe":" ","T2_System":" ","T2_Serie":" ","T2_Stufe":" ","T2_UStufe":" ","T2_Zone":" ","T3_Gruppe":null,"T3_System":null,"T3_Serie":null,"T3_Stufe":null,"T3_UStufe":null,"T3_Zone":null,"T1_Blattnu":"CC 3926","T1_Blattna":"Braunschweig","T1_StartJm":248,"T2_StartJm":0,"T3_StartJm":null,"T1_EndJmio":246,"T2_EndJmio":0,"T3_EndJmio":null,"Symbol":"su","Label":"su","Shape_Length":42058.091133994865,"Shape_Area":15464830.353249179}},{"type":"Feature","id":55687,"geometry":{"type":"Polygon","coordinates":[[[11.067535122245621,52.348201216662133],[11.066415031206878,52.349753320035411],[11.06562810278376,52.351290599751849],[11.064331450115915,52.352836779816307],[11.062930091551184,52.353634251492025],[11.062104750775926,52.352381309959142],[11.06166983074214,52.35068561757214],[11.06155881195472,52.349325827949841],[11.062216766014251,52.348168336180116],[11.063039216242149,52.347470865918218],[11.064036661732548,52.347143346569972],[11.064895503386582,52.347069914404052],[11.065858777276727,52.347268793827119],[11.066637282722075,52.347596732901586],[11.067535122245621,52.348201216662133]]]},"properties":{"OBJECTID":55687,"Shape_Leng":1778.0358765599999,"GEO":75,"KOMBI":4030,"SCHICHT_1":373,"SCHICHT_2":0,"SCHICHT_3":null,"Kuerzel":"D,,gf","T1_Kuerzel":"D,,gf","T2_Kuerzel":" ","T3_Kuerzel":null,"T1_MatBez":"Drenthe-Stadium","T2_MatBez":" ","T3_MatBez":null,"T1_GenTxt":"glazifluviatile Ablagerungen","T2_GenTxt":" ","T3_GenTxt":null,"T1_PethTxt":"Sand und Kies","T2_PethTxt":" ","T3_Peth_Tx":null,"T1_PH_Beso":" ","T2_PH_Beso":" ","T3_PH_Beso":null,"T1_G_Beson":" ","T2_G_Beson":" ","T3_G_Beson":null,"T1_S_Beson":" ","T2_S_Beson":" ","T3_S_Beson":null,"T1_Gruppe":"Känozoikum","T1_System":"Quartär","T1_Serie":"Pleistozän","T1_Stufe":"Saale-Kaltzeit","T1_UStufe":"Drenthe-Stadium","T1_Zone":" ","T2_Gruppe":" ","T2_System":" ","T2_Serie":" ","T2_Stufe":" ","T2_UStufe":" ","T2_Zone":" ","T3_Gruppe":null,"T3_System":null,"T3_Serie":null,"T3_Stufe":null,"T3_UStufe":null,"T3_Zone":null,"T1_Blattnu":"CC 3926","T1_Blattna":"Braunschweig","T1_StartJm":0.17999999999999999,"T2_StartJm":0,"T3_StartJm":null,"T1_EndJmio":0.14999999999999999,"T2_EndJmio":0,"T3_EndJmio":null,"Symbol":"D,,gf","Label":"D,,gf","Shape_Length":1777.3201782469687,"Shape_Area":182112.65743858003}},{"type":"Feature","id":55740,"geometry":{"type":"Polygon","coordinates":[[[11.011753490612024,52.341313011282018],[11.009680050151044,52.342107809140352],[11.006522574365656,52.343837787920272],[11.005681376466638,52.344382378489151],[11.006024609765623,52.343617044454312],[11.006228736791446,52.342696776259949],[11.006581911192759,52.342313272152381],[11.011182536263156,52.339646423248176],[11.012732628486328,52.338478514157657],[11.013927473162472,52.337163841711565],[11.014362923863075,52.336091307347765],[11.015301660621605,52.334551785234233],[11.016730692459944,52.333228592839866],[11.019973178997096,52.330813769135723],[11.024180243316641,52.328004820513002],[11.02538071795956,52.327067437890214],[11.027533253994422,52.324976684980975],[11.028698667446626,52.323356758344595],[11.031281895733969,52.320188928595883],[11.035940782542495,52.316077458875661],[11.038978875099648,52.312137602016975],[11.041187748500363,52.308751296242257],[11.043124116427183,52.307652697678201],[11.040691386056622,52.311348512658505],[11.03988573740522,52.312962351373763],[11.038164818374085,52.315962701025576],[11.034381749894376,52.320216474117743],[11.032677816120497,52.323441151613316],[11.030221558197468,52.327060737266194],[11.027655676790069,52.330457442305047],[11.02480073427755,52.333477039945905],[11.021929072586254,52.335656448279281],[11.021049562494605,52.335595097898526],[11.020326931996644,52.335836660147351],[11.01971370156021,52.33630554773476],[11.018914933896886,52.33761351234741],[11.01747190485279,52.338550474067645],[11.013806029261225,52.340060132316374],[11.011753490612024,52.341313011282018]]]},"properties":{"OBJECTID":55740,"Shape_Leng":9863.9757878700002,"GEO":138,"KOMBI":4140,"SCHICHT_1":2410,"SCHICHT_2":0,"SCHICHT_3":null,"Kuerzel":"mo","T1_Kuerzel":"mo","T2_Kuerzel":" ","T3_Kuerzel":null,"T1_MatBez":"Oberer Muschelkalk","T2_MatBez":" ","T3_MatBez":null,"T1_GenTxt":"marin","T2_GenTxt":" ","T3_GenTxt":null,"T1_PethTxt":" ","T2_PethTxt":" ","T3_Peth_Tx":null,"T1_PH_Beso":" ","T2_PH_Beso":" ","T3_PH_Beso":null,"T1_G_Beson":" ","T2_G_Beson":" ","T3_G_Beson":null,"T1_S_Beson":"ungegliedert","T2_S_Beson":" ","T3_S_Beson":null,"T1_Gruppe":"Mesozoikum","T1_System":"Trias","T1_Serie":"Muschelkalk","T1_Stufe":"Oberer Muschelkalk","T1_UStufe":" ","T1_Zone":" ","T2_Gruppe":" ","T2_System":" ","T2_Serie":" ","T2_Stufe":" ","T2_UStufe":" ","T2_Zone":" ","T3_Gruppe":null,"T3_System":null,"T3_Serie":null,"T3_Stufe":null,"T3_UStufe":null,"T3_Zone":null,"T1_Blattnu":"CC 3926","T1_Blattna":"Braunschweig","T1_StartJm":237,"T2_StartJm":0,"T3_StartJm":null,"T1_EndJmio":233,"T2_EndJmio":0,"T3_EndJmio":null,"Symbol":"mo","Label":"mo","Shape_Length":9859.9567533763511,"Shape_Area":1079247.3162253541}},{"type":"Feature","id":55772,"geometry":{"type":"Polygon","coordinates":[[[11.011182536263156,52.339646423248176],[11.00832692615683,52.33969500336935],[11.009642088979685,52.338603035762645],[11.010819304317538,52.337140387588136],[11.010639438367713,52.335925539795113],[11.01051114527003,52.335846828641422],[11.010373067882242,52.335471671783708],[11.011656862792542,52.333773506016968],[11.011518777983007,52.333317455334544],[11.010380102268957,52.332878438084641],[11.007791252089687,52.3333808686182],[11.003025640223862,52.334985279547148],[10.997961549520753,52.335754145544001],[10.995614771054795,52.336018527573195],[10.99317468425553,52.3369001314367],[10.992187979586715,52.337065085027938],[10.990204662722419,52.337174921172242],[10.989654670877748,52.336119081199485],[10.988516366403061,52.335603451737008],[10.987159419833731,52.335855490242871],[10.986308055564471,52.336175410382445],[10.984749753223962,52.33741951272382],[10.98401861375209,52.337885701934241],[10.983413037136792,52.338125072891501],[10.981925016371379,52.338073651623759],[10.980904301012069,52.337479575341511],[10.980822265473513,52.335809141718897],[10.98323273038096,52.334015985709804],[10.986032990204876,52.332903824949881],[10.987359234052626,52.331969208954504],[10.988284414433339,52.330353730286376],[10.988209010115527,52.328755092372035],[10.990833433146019,52.326351465968578],[10.992294074260681,52.325639232666617],[10.994861801061019,52.324836379571828],[10.996799813590318,52.323814918783157],[10.997160052262071,52.323426825944317],[10.997731591082427,52.322275649144231],[10.997476441011337,52.319462143157033],[10.998172499388263,52.318308856828722],[11.000995723449332,52.317654352521309],[11.002729196058297,52.317472173113337],[11.005732139095093,52.31795602229105],[11.003915086485414,52.319128374444475],[11.002849088992411,52.320287964838606],[11.000921719414857,52.321538540386904],[11.000713920279884,52.322377970190175],[11.001239628685218,52.323056667361506],[11.002387890747498,52.323796716738393],[11.003765296618196,52.323926159503586],[11.004778872473837,52.324443763921835],[11.005180494031869,52.324971749130768],[11.005204471617171,52.325501649807329],[11.004972338401894,52.325963991867361],[11.005003433063724,52.326570172693252],[11.005515228393131,52.327019886106164],[11.007145399763163,52.327221399405161],[11.007397852451613,52.327369909777623],[11.008646912441202,52.327577878028855],[11.009391057363926,52.327488821682657],[11.009868280645829,52.327175101205363],[11.010930989852119,52.325862703170507],[11.012010568849879,52.325084810887532],[11.014567663164865,52.32397611634881],[11.020729837044966,52.320140718853402],[11.022843226187092,52.317515915302963],[11.02416107627108,52.316504624804807],[11.027920950434883,52.314534609925921],[11.029128182862578,52.313754364354814],[11.030231247497232,52.313582607578539],[11.033178190879447,52.312844310166966],[11.035249846466082,52.312049117173324],[11.037425087289622,52.310717295084252],[11.041187748500363,52.308751296242257],[11.038978875099648,52.312137602016975],[11.035940782542495,52.316077458875661],[11.031281895733969,52.320188928595883],[11.028698667446626,52.323356758344595],[11.027533253994422,52.324976684980975],[11.02538071795956,52.327067437890214],[11.024180243316641,52.328004820513002],[11.019973178997096,52.330813769135723],[11.016730692459944,52.333228592839866],[11.015301660621605,52.334551785234233],[11.014362923863075,52.336091307347765],[11.013927473162472,52.337163841711565],[11.012732628486328,52.338478514157657],[11.011182536263156,52.339646423248176]]]},"properties":{"OBJECTID":55772,"Shape_Leng":15280.0920572,"GEO":133,"KOMBI":4135,"SCHICHT_1":418,"SCHICHT_2":0,"SCHICHT_3":null,"Kuerzel":"ko","T1_Kuerzel":"ko","T2_Kuerzel":" ","T3_Kuerzel":null,"T1_MatBez":"Oberer Keuper","T2_MatBez":" ","T3_MatBez":null,"T1_GenTxt":"limnisch-fluviatil bis marin-brackisch","T2_GenTxt":" ","T3_GenTxt":null,"T1_PethTxt":"Wechsel Sandstein / Quarzit / Tonstein","T2_PethTxt":" ","T3_Peth_Tx":null,"T1_PH_Beso":" ","T2_PH_Beso":" ","T3_PH_Beso":null,"T1_G_Beson":" ","T2_G_Beson":" ","T3_G_Beson":null,"T1_S_Beson":"Rhät","T2_S_Beson":" ","T3_S_Beson":null,"T1_Gruppe":"Mesozoikum","T1_System":"Trias","T1_Serie":"Keuper","T1_Stufe":"Oberer Keuper","T1_UStufe":" ","T1_Zone":" ","T2_Gruppe":" ","T2_System":" ","T2_Serie":" ","T2_Stufe":" ","T2_UStufe":" ","T2_Zone":" ","T3_Gruppe":null,"T3_System":null,"T3_Serie":null,"T3_Stufe":null,"T3_UStufe":null,"T3_Zone":null,"T1_Blattnu":"CC 3926","T1_Blattna":"Braunschweig","T1_StartJm":220,"T2_StartJm":0,"T3_StartJm":null,"T1_EndJmio":213,"T2_EndJmio":0,"T3_EndJmio":null,"Symbol":"ko","Label":"ko","Shape_Length":15273.912836095062,"Shape_Area":4109630.7209372534}},{"type":"Feature","id":55789,"geometry":{"type":"Polygon","coordinates":[[[11.086275893574223,52.336007144067572],[11.084616477618674,52.335043227218037],[11.084078571713214,52.334369604824019],[11.083448004484421,52.331257276713401],[11.082511025037896,52.330051383761607],[11.082454274397254,52.328609754182082],[11.08382075612095,52.328810363908389],[11.088477476561694,52.329950538731453],[11.089972631997359,52.330000494969461],[11.093175798834084,52.329714574236057],[11.096034439446791,52.329744777835714],[11.096895752369033,52.329576688963023],[11.098343855003389,52.328710560772791],[11.098938174959345,52.328016885923127],[11.099151203820275,52.327249087873334],[11.100057791059793,52.325561136157447],[11.100783655633256,52.32501341934217],[11.101256665808807,52.324470197330413],[11.102818447686321,52.32337728001626],[11.103558612491904,52.323364101223589],[11.10381868826796,52.32351227176806],[11.103833183120502,52.323817618060332],[11.10254589233579,52.325516872557586],[11.102119792207718,52.326971585207424],[11.101931908161484,52.328345656655067],[11.101249277649316,52.329728528603297],[11.09959523764147,52.331434271341095],[11.098396025713196,52.33236789995189],[11.097047122553228,52.332697458810394],[11.096302870020995,52.332782576051834],[11.09505831984427,52.332759714115234],[11.09166046635125,52.331723349512018],[11.089560350432475,52.331913320946249],[11.088463864250336,52.332463024978829],[11.087275244023269,52.333549153369304],[11.086592079739797,52.33493194597645],[11.086450834020807,52.335437788295792],[11.086275893574223,52.336007144067572]]]},"properties":{"OBJECTID":55789,"Shape_Leng":5045.9343276299996,"GEO":10,"KOMBI":4041,"SCHICHT_1":360,"SCHICHT_2":370,"SCHICHT_3":null,"Kuerzel":",,Hm/w,,f","T1_Kuerzel":",,Hm","T2_Kuerzel":"w,,f","T3_Kuerzel":null,"T1_MatBez":"Holozän","T2_MatBez":"Weichsel-Kaltzeit","T3_MatBez":null,"T1_GenTxt":"Anmoor (Moorerde)","T2_GenTxt":"fluviatile Ablagerungen","T3_GenTxt":null,"T1_PethTxt":"Gemischtkörnige Sedimente mit 10-30 % organischer Substanz","T2_PethTxt":"Sand und Kies; Schluff","T3_Peth_Tx":null,"T1_PH_Beso":" ","T2_PH_Beso":" ","T3_PH_Beso":null,"T1_G_Beson":" ","T2_G_Beson":"(z.B. Niederterrasse)","T3_G_Beson":null,"T1_S_Beson":" ","T2_S_Beson":" ","T3_S_Beson":null,"T1_Gruppe":"Känozoikum","T1_System":"Quartär","T1_Serie":"Holozän","T1_Stufe":" ","T1_UStufe":" ","T1_Zone":" ","T2_Gruppe":"Känozoikum","T2_System":"Quartär","T2_Serie":"Pleistozän","T2_Stufe":"Weichsel-Kaltzeit","T2_UStufe":" ","T2_Zone":" ","T3_Gruppe":null,"T3_System":null,"T3_Serie":null,"T3_Stufe":null,"T3_UStufe":null,"T3_Zone":null,"T1_Blattnu":"CC 3926","T1_Blattna":"Braunschweig","T1_StartJm":0.01,"T2_StartJm":0.070000000000000007,"T3_StartJm":null,"T1_EndJmio":0,"T2_EndJmio":0.010999999999999999,"T3_EndJmio":null,"Symbol":",,Hm/w,,f","Label":",,Hm/w,,f","Shape_Length":5043.9020457593124,"Shape_Area":553248.64128542854}},{"type":"Feature","id":55795,"geometry":{"type":"Polygon","coordinates":[[[11.027379477248926,52.335563034340794],[11.021929072586254,52.335656448279281],[11.02480073427755,52.333477039945905],[11.027655676790069,52.330457442305047],[11.030221558197468,52.327060737266194],[11.032677816120497,52.323441151613316],[11.034381749894376,52.320216474117743],[11.038164818374085,52.315962701025576],[11.03988573740522,52.312962351373763],[11.040691386056622,52.311348512658505],[11.043124116427183,52.307652697678201],[11.044209664780981,52.306946306047145],[11.044949582933919,52.306933496350581],[11.04460397530849,52.30762708793474],[11.043543273020065,52.308634162950185],[11.042150125597047,52.310941295823625],[11.041362410081392,52.312784037151204],[11.039275227786982,52.315790733144048],[11.036931447474803,52.318725413817504],[11.036122027886208,52.32026288856045],[11.035130418844227,52.322945011683323],[11.035193156867582,52.324391048024673],[11.034750829452239,52.325540182561284],[11.033329059090439,52.327164582736671],[11.031779904381084,52.328332751915788],[11.031537165251418,52.328638035312736],[11.030938811798404,52.329106727314162],[11.029673712603055,52.331033988915735],[11.027379477248926,52.335563034340794]]]},"properties":{"OBJECTID":55795,"Shape_Leng":7426.3733064099997,"GEO":142,"KOMBI":4144,"SCHICHT_1":423,"SCHICHT_2":0,"SCHICHT_3":null,"Kuerzel":"mm","T1_Kuerzel":"mm","T2_Kuerzel":" ","T3_Kuerzel":null,"T1_MatBez":"Mittlerer Muschelkalk","T2_MatBez":" ","T3_MatBez":null,"T1_GenTxt":"marin - brackisch","T2_GenTxt":" ","T3_GenTxt":null,"T1_PethTxt":"Mergelstein, dolomitisch, Gips","T2_PethTxt":" ","T3_Peth_Tx":null,"T1_PH_Beso":" ","T2_PH_Beso":" ","T3_PH_Beso":null,"T1_G_Beson":" ","T2_G_Beson":" ","T3_G_Beson":null,"T1_S_Beson":" ","T2_S_Beson":" ","T3_S_Beson":null,"T1_Gruppe":"Mesozoikum","T1_System":"Trias","T1_Serie":"Muschelkalk","T1_Stufe":"Mittlerer Muschelkalk","T1_UStufe":" ","T1_Zone":" ","T2_Gruppe":" ","T2_System":" ","T2_Serie":" ","T2_Stufe":" ","T2_UStufe":" ","T2_Zone":" ","T3_Gruppe":null,"T3_System":null,"T3_Serie":null,"T3_Stufe":null,"T3_UStufe":null,"T3_Zone":null,"T1_Blattnu":"CC 3926","T1_Blattna":"Braunschweig","T1_StartJm":240,"T2_StartJm":0,"T3_StartJm":null,"T1_EndJmio":237,"T2_EndJmio":0,"T3_EndJmio":null,"Symbol":"mm","Label":"mm","Shape_Length":7423.3581863397576,"Shape_Area":466360.2846490558}},{"type":"Feature","id":55796,"geometry":{"type":"Polygon","coordinates":[[[11.057781531266436,52.321339149040043],[11.05439220107365,52.323375579396988],[11.053804648281718,52.32414980492937],[11.053419323525844,52.326439538052611],[11.052365198704175,52.327752176154654],[11.049515923842552,52.330695884810815],[11.047941969918252,52.331559095632606],[11.045738052865131,52.332284888999681],[11.045122184199391,52.332371954044028],[11.04351322282672,52.332399798347389],[11.041300203024383,52.330303339229886],[11.040414044639927,52.329936646503512],[11.038805168375646,52.329964425767947],[11.037320429595026,52.330219244006429],[11.036127407751016,52.331075725696863],[11.034937528476071,52.332161342019312],[11.033362589576811,52.333329975340973],[11.030328664617068,52.334680967327138],[11.027379477248926,52.335563034340794],[11.029673712603055,52.331033988915735],[11.030938811798404,52.329106727314162],[11.031537165251418,52.328638035312736],[11.031779904381084,52.328332751915788],[11.033329059090439,52.327164582736671],[11.034750829452239,52.325540182561284],[11.035193156867582,52.324391048024673],[11.035130418844227,52.322945011683323],[11.036122027886208,52.32026288856045],[11.036931447474803,52.318725413817504],[11.039275227786982,52.315790733144048],[11.041362410081392,52.312784037151204],[11.042150125597047,52.310941295823625],[11.043543273020065,52.308634162950185],[11.04460397530849,52.30762708793474],[11.044949582933919,52.306933496350581],[11.047378670416323,52.308491337967006],[11.049046730865459,52.309761225519324],[11.050839363616799,52.310948032249044],[11.053379290531584,52.31219822290835],[11.055826909208772,52.313984772092567],[11.05645312385251,52.314126672396618],[11.058801559074533,52.314009358930079],[11.058922573289061,52.313930848922482],[11.060655637539815,52.313747823077037],[11.06165220045532,52.313811327334449],[11.0626517865997,52.314018583961165],[11.063413242404392,52.314387288822168],[11.063811798433701,52.314915131292629],[11.064184693929167,52.317726462072471],[11.063078225142105,52.317745793909211],[11.060369765735443,52.318246982736568],[11.058287622154731,52.318970892281833],[11.057572107292513,52.319513670710649],[11.057781531266436,52.321339149040043]]]},"properties":{"OBJECTID":55796,"Shape_Leng":9331.9156361299993,"GEO":143,"KOMBI":4145,"SCHICHT_1":424,"SCHICHT_2":0,"SCHICHT_3":null,"Kuerzel":"mu","T1_Kuerzel":"mu","T2_Kuerzel":" ","T3_Kuerzel":null,"T1_MatBez":"Unterer Muschelkalk","T2_MatBez":" ","T3_MatBez":null,"T1_GenTxt":"marin","T2_GenTxt":" ","T3_GenTxt":null,"T1_PethTxt":"Kalkstein","T2_PethTxt":" ","T3_Peth_Tx":null,"T1_PH_Beso":" ","T2_PH_Beso":" ","T3_PH_Beso":null,"T1_G_Beson":" ","T2_G_Beson":" ","T3_G_Beson":null,"T1_S_Beson":" ","T2_S_Beson":" ","T3_S_Beson":null,"T1_Gruppe":"Mesozoikum","T1_System":"Trias","T1_Serie":"Muschelkalk","T1_Stufe":"Unterer Muschelkalk","T1_UStufe":" ","T1_Zone":" ","T2_Gruppe":" ","T2_System":" ","T2_Serie":" ","T2_Stufe":" ","T2_UStufe":" ","T2_Zone":" ","T3_Gruppe":null,"T3_System":null,"T3_Serie":null,"T3_Stufe":null,"T3_UStufe":null,"T3_Zone":null,"T1_Blattnu":"CC 3926","T1_Blattna":"Braunschweig","T1_StartJm":243,"T2_StartJm":0,"T3_StartJm":null,"T1_EndJmio":240,"T2_EndJmio":0,"T3_EndJmio":null,"Symbol":"mu","Label":"mu","Shape_Length":9328.154148356658,"Shape_Area":3327020.2258292413}},{"type":"Feature","id":55842,"geometry":{"type":"Polygon","coordinates":[[[11.107371571719579,52.319795155440701],[11.108492586917189,52.320080754663465],[11.10964622342013,52.32074327275707],[11.109902579256557,52.321044298469189],[11.110469756995226,52.322404895212259],[11.112795605194533,52.324268853708276],[11.113586534725609,52.325319828351596],[11.113619325479737,52.325930452204908],[11.113157373561069,52.326702730163369],[11.110877049152537,52.32841534387439],[11.109876679227574,52.328280414297922],[11.109242833290979,52.327986129565886],[11.107832628480267,52.327022580271425],[11.107176965633482,52.326423069463878],[11.107133656743882,52.325435119503013],[11.107295961494705,52.323526686414546],[11.107017941770701,52.323001330811955],[11.105571681307424,52.321274386407083],[11.1054108061044,52.320589642145372],[11.10625405360323,52.319891490438224],[11.107371571719579,52.319795155440701]]]},"properties":{"OBJECTID":55842,"Shape_Leng":2379.5475677700001,"GEO":100,"KOMBI":4103,"SCHICHT_1":593,"SCHICHT_2":0,"SCHICHT_3":null,"Kuerzel":"ol","T1_Kuerzel":"ol","T2_Kuerzel":" ","T3_Kuerzel":null,"T1_MatBez":"Oligozän","T2_MatBez":" ","T3_MatBez":null,"T1_GenTxt":"marin","T2_GenTxt":" ","T3_GenTxt":null,"T1_PethTxt":"Ton; glaukonitisch","T2_PethTxt":" ","T3_Peth_Tx":null,"T1_PH_Beso":" ","T2_PH_Beso":" ","T3_PH_Beso":null,"T1_G_Beson":" ","T2_G_Beson":" ","T3_G_Beson":null,"T1_S_Beson":" ","T2_S_Beson":" ","T3_S_Beson":null,"T1_Gruppe":"Känozoikum","T1_System":"Tertiär","T1_Serie":"Oligozän","T1_Stufe":" ","T1_UStufe":" ","T1_Zone":" ","T2_Gruppe":" ","T2_System":" ","T2_Serie":" ","T2_Stufe":" ","T2_UStufe":" ","T2_Zone":" ","T3_Gruppe":null,"T3_System":null,"T3_Serie":null,"T3_Stufe":null,"T3_UStufe":null,"T3_Zone":null,"T1_Blattnu":"CC 3926","T1_Blattna":"Braunschweig","T1_StartJm":38,"T2_StartJm":0,"T3_StartJm":null,"T1_EndJmio":24.600000000000001,"T2_EndJmio":0,"T3_EndJmio":null,"Symbol":"ol","Label":"ol","Shape_Length":2378.5989363455728,"Shape_Area":295433.37442752352}},{"type":"Feature","id":55867,"geometry":{"type":"Polygon","coordinates":[[[11.090011176512068,52.320553041304045],[11.088214882409073,52.321654428556762],[11.084695256778122,52.323464837526451],[11.083716531808218,52.323864112251037],[11.082983602946531,52.32395344086941],[11.079623329167541,52.323931755237254],[11.076882828341146,52.323831665653422],[11.075754674752213,52.323469492490325],[11.074473278030974,52.322575191905834],[11.073302347479981,52.321454230310806],[11.07176507473069,52.320339684193854],[11.069227421629341,52.319238152653881],[11.06856924140614,52.318413765662804],[11.068654522054411,52.317648261849953],[11.068992909041619,52.316806418357857],[11.068932449137778,52.315589555659088],[11.06749146847392,52.313938459909274],[11.071999846455702,52.314771773901782],[11.073882350252259,52.315197140962873],[11.074145759591968,52.31549811964846],[11.075523023924475,52.31844457899637],[11.076323696760895,52.31972483004261],[11.07760521784143,52.320466305370608],[11.079356357873792,52.320664693783762],[11.081576746498364,52.320625584116669],[11.082961585093569,52.320753972617794],[11.084715844973667,52.32132973828196],[11.086203660628627,52.321307962822949],[11.08866256532716,52.320882501869413],[11.090011176512068,52.320553041304045]]]},"properties":{"OBJECTID":55867,"Shape_Leng":4393.1964396699996,"GEO":68,"KOMBI":4024,"SCHICHT_1":370,"SCHICHT_2":0,"SCHICHT_3":null,"Kuerzel":"w,,f","T1_Kuerzel":"w,,f","T2_Kuerzel":" ","T3_Kuerzel":null,"T1_MatBez":"Weichsel-Kaltzeit","T2_MatBez":" ","T3_MatBez":null,"T1_GenTxt":"fluviatile Ablagerungen","T2_GenTxt":" ","T3_GenTxt":null,"T1_PethTxt":"Sand und Kies; Schluff","T2_PethTxt":" ","T3_Peth_Tx":null,"T1_PH_Beso":" ","T2_PH_Beso":" ","T3_PH_Beso":null,"T1_G_Beson":"(z.B. Niederterrasse)","T2_G_Beson":" ","T3_G_Beson":null,"T1_S_Beson":" ","T2_S_Beson":" ","T3_S_Beson":null,"T1_Gruppe":"Känozoikum","T1_System":"Quartär","T1_Serie":"Pleistozän","T1_Stufe":"Weichsel-Kaltzeit","T1_UStufe":" ","T1_Zone":" ","T2_Gruppe":" ","T2_System":" ","T2_Serie":" ","T2_Stufe":" ","T2_UStufe":" ","T2_Zone":" ","T3_Gruppe":null,"T3_System":null,"T3_Serie":null,"T3_Stufe":null,"T3_UStufe":null,"T3_Zone":null,"T1_Blattnu":"CC 3926","T1_Blattna":"Braunschweig","T1_StartJm":0.070000000000000007,"T2_StartJm":0,"T3_StartJm":null,"T1_EndJmio":0.010999999999999999,"T2_EndJmio":0,"T3_EndJmio":null,"Symbol":"w,,f","Label":"w,,f","Shape_Length":4391.446671817238,"Shape_Area":570022.62708752905}},{"type":"Feature","id":55870,"geometry":{"type":"Polygon","coordinates":[[[11.114434520900749,52.322262079409505],[11.113537039308246,52.321590529759874],[11.113123729048764,52.320690096913147],[11.111292483180099,52.318736409031736],[11.110882425550642,52.317979724924882],[11.110952620498468,52.316989746413206],[11.111660028655644,52.316060284098462],[11.113093065114548,52.314893127138781],[11.113672367536203,52.314046839265558],[11.113654194770927,52.31358875593331],[11.113251588632876,52.313142045835235],[11.111735250839381,52.312405152910095],[11.110215239895112,52.311821108668205],[11.108431933025733,52.310787832703362],[11.107626810629249,52.309584274231177],[11.107942554803909,52.308437111116554],[11.1086643835422,52.307889414687729],[11.110232459468325,52.306944589509875],[11.110562682349018,52.306026364462625],[11.109790276460437,52.30550984912233],[11.107530674231985,52.304938982377685],[11.106395475271983,52.3045008260125],[11.105992851106345,52.303973195276455],[11.105967690511338,52.303443327925507],[11.106813987457469,52.302893422698318],[11.108784498742454,52.302629049025029],[11.109619876632435,52.30231301749469],[11.112343167685678,52.301769975650643],[11.1143552804478,52.301149720629496],[11.116091616114764,52.300435501092515],[11.116972442351647,52.299768053672359],[11.117653217098022,52.298672741458617],[11.117635333193116,52.29776073919593],[11.117419006868115,52.297068016161624],[11.116904030097949,52.296798608338264],[11.116054436531105,52.296890236411308],[11.115092277686447,52.297388352423177],[11.114352603012911,52.297940901945857],[11.113341963445334,52.298345493785526],[11.112264772947336,52.298661383096338],[11.110635069194149,52.298843324338542],[11.108756390987406,52.298876885945376],[11.107966642180111,52.298455047496049],[11.106333562174155,52.298025777963566],[11.109579471109782,52.295837589475383],[11.111428866923742,52.2954225304929],[11.114647843936309,52.295369426192721],[11.113381022965312,52.294857294295809],[11.11300388306039,52.294787641344712],[11.112246025679953,52.294419192292146],[11.112348691425998,52.294035348225698],[11.114143585518509,52.29263249598813],[11.116838957640722,52.291748287183736],[11.119970346721059,52.289791062151679],[11.122398175524703,52.2887587232889],[11.125572561478354,52.287632002693186],[11.12918652031891,52.285360232024189],[11.130530076043039,52.284877587263175],[11.132261907359165,52.284774419167128],[11.133151355188911,52.285288672426077],[11.133711425571287,52.286572889150449],[11.133971392052153,52.286797396432213],[11.134461976727989,52.286788529772373],[11.135300497113533,52.286243050689144],[11.137885088903586,52.285737874095844],[11.137958408254095,52.287183686561775],[11.137251985749657,52.288036894187627],[11.135919217511837,52.288744131232647],[11.133246410742037,52.289857577128515],[11.131195930811545,52.29118893707183],[11.130265760700864,52.292347252106353],[11.130046098521147,52.293038829420702],[11.130038448039791,52.29532202768776],[11.131645977023709,52.29529302127753],[11.132136332898055,52.29642120555458],[11.132784917908568,52.29840042971211],[11.132828739000853,52.299235563993697],[11.132019305071358,52.300468114057963],[11.130810605287742,52.301249452921674],[11.13020267788133,52.301489625360048],[11.127199331282029,52.303602114184322],[11.126155253059176,52.304991651583173],[11.125205782379647,52.30858613639117],[11.124289710776665,52.310278958863506],[11.122644586534905,52.312061279758218],[11.121090982673042,52.313383524012572],[11.120863800474723,52.31376961137979],[11.120255406721498,52.314158048892558],[11.118866383166498,52.316164920860054],[11.117627080023894,52.318852210144968],[11.116003010424887,52.321164370957739],[11.114434520900749,52.322262079409505]]]},"properties":{"OBJECTID":55870,"Shape_Leng":12670.9147091,"GEO":145,"KOMBI":4147,"SCHICHT_1":427,"SCHICHT_2":0,"SCHICHT_3":null,"Kuerzel":"sm","T1_Kuerzel":"sm","T2_Kuerzel":" ","T3_Kuerzel":null,"T1_MatBez":"Mittlerer Buntsandstein","T2_MatBez":" ","T3_MatBez":null,"T1_GenTxt":"limnisch-fluviatil, brackisch","T2_GenTxt":" ","T3_GenTxt":null,"T1_PethTxt":"Wechsel Sandstein / Schluffstein / Tonstein","T2_PethTxt":" ","T3_Peth_Tx":null,"T1_PH_Beso":" ","T2_PH_Beso":" ","T3_PH_Beso":null,"T1_G_Beson":" ","T2_G_Beson":" ","T3_G_Beson":null,"T1_S_Beson":" ","T2_S_Beson":" ","T3_S_Beson":null,"T1_Gruppe":"Mesozoikum","T1_System":"Trias","T1_Serie":"Buntsandstein","T1_Stufe":"Mittlerer Buntsandstein","T1_UStufe":" ","T1_Zone":" ","T2_Gruppe":" ","T2_System":" ","T2_Serie":" ","T2_Stufe":" ","T2_UStufe":" ","T2_Zone":" ","T3_Gruppe":null,"T3_System":null,"T3_Serie":null,"T3_Stufe":null,"T3_UStufe":null,"T3_Zone":null,"T1_Blattnu":"CC 3926","T1_Blattna":"Braunschweig","T1_StartJm":246,"T2_StartJm":0,"T3_StartJm":null,"T1_EndJmio":244,"T2_EndJmio":0,"T3_EndJmio":null,"Symbol":"sm","Label":"sm","Shape_Length":12665.771751629243,"Shape_Area":3792838.4750814443}},{"type":"Feature","id":55877,"geometry":{"type":"Polygon","coordinates":[[[11.090011176512068,52.320553041304045],[11.08866256532716,52.320882501869413],[11.086203660628627,52.321307962822949],[11.084715844973667,52.32132973828196],[11.082961585093569,52.320753972617794],[11.081576746498364,52.320625584116669],[11.079356357873792,52.320664693783762],[11.07760521784143,52.320466305370608],[11.076323696760895,52.31972483004261],[11.075523023924475,52.31844457899637],[11.074145759591968,52.31549811964846],[11.073882350252259,52.315197140962873],[11.076903556131187,52.313395816633609],[11.077600465891445,52.312619548747058],[11.078077043491902,52.309411304739818],[11.077988114119782,52.307435426722996],[11.080022971333525,52.305799675277321],[11.081477733392488,52.305162835265072],[11.084302576938468,52.304429897928749],[11.08673930298613,52.303474546487017],[11.089293254683454,52.302364268480801],[11.094500060659909,52.299606978287109],[11.09564917888885,52.300422513992359],[11.095937783935172,52.30141061061655],[11.096486333713171,52.302236795587881],[11.097123335143689,52.302607493067363],[11.097859544106882,52.302518016252542],[11.098328646409382,52.302051273681343],[11.098303630045876,52.301445000208759],[11.098431864312444,52.301366320484853],[11.098132530988108,52.300230111323174],[11.097985322042609,52.29874514493865],[11.098397904085457,52.298014249279774],[11.098358079909726,52.297327345557903],[11.097425416696733,52.295973186009078],[11.097393250660213,52.295137837737983],[11.097873161928106,52.294823708034187],[11.098903402692487,52.293205468151733],[11.100011497412423,52.290291505473199],[11.10085788160136,52.289669734292978],[11.105614983692798,52.288137871940933],[11.106596462473448,52.287585556418776],[11.107658818477306,52.286730678214738],[11.108333333242777,52.285271502742319],[11.108619919751227,52.283437242603831],[11.108861884315255,52.2831318096543],[11.108910426286647,52.281454603311438],[11.10873881309748,52.280464448064862],[11.107923341021532,52.279108274795348],[11.105362064426862,52.277477631369109],[11.10382554971561,52.276363489973662],[11.101616235939915,52.274268086254914],[11.100207930472768,52.273304418707212],[11.099944654101467,52.272927093502851],[11.100025666657244,52.272161637837343],[11.100988925258147,52.271384979207362],[11.103423444552195,52.270505709682602],[11.104119614557595,52.269428176189493],[11.104968876036576,52.269031029883912],[11.105711832545968,52.268941380099314],[11.109897415862472,52.270925006677302],[11.111277054078178,52.271205951252227],[11.112638521292006,52.271181597727484],[11.113615753115523,52.271011304591973],[11.115307109588546,52.269992285679301],[11.116375968425494,52.269209112979098],[11.11774466873571,52.269260972501428],[11.11815074757442,52.269864902018732],[11.118629474129504,52.271991068229781],[11.12007435295906,52.273789786318979],[11.119879691587112,52.276157240896815],[11.119615725633166,52.277227109843295],[11.119037213310541,52.278077912219999],[11.120186237292126,52.278740406538823],[11.121357173008152,52.279937308745957],[11.121767039621625,52.280693961077695],[11.121697111362799,52.28176034712348],[11.120528848829913,52.283381274296666],[11.118361106815797,52.284790919294565],[11.11665110269322,52.285275499675819],[11.114677795591055,52.285387256618783],[11.113718384403798,52.286092048393144],[11.110787436794856,52.289798266314783],[11.108666238860263,52.292200114656517],[11.108446058917899,52.292810763517004],[11.10850019844251,52.294104125891558],[11.107291640602886,52.294507705886311],[11.104404627124596,52.296613036105136],[11.103110841001611,52.298236017248222],[11.100227353564774,52.300192875490488],[11.099527059774124,52.301117650820281],[11.09825468250304,52.303122207719895],[11.097238317199553,52.30519411049459],[11.096194539401747,52.309324832616362],[11.093841822164336,52.314701174750923],[11.092974733739235,52.317381598104461],[11.09299603008888,52.317987935860671],[11.092313451394137,52.319141553576756],[11.09148107521186,52.319996708423858],[11.090011176512068,52.320553041304045]]]},"properties":{"OBJECTID":55877,"Shape_Leng":16415.636432200001,"GEO":81,"KOMBI":4031,"SCHICHT_1":167,"SCHICHT_2":0,"SCHICHT_3":null,"Kuerzel":"D,,Lg","T1_Kuerzel":"D,,Lg","T2_Kuerzel":" ","T3_Kuerzel":null,"T1_MatBez":"Drenthe-Stadium","T2_MatBez":" ","T3_MatBez":null,"T1_GenTxt":"Grundmoräne (Geschiebemergel, Geschiebelehm)","T2_GenTxt":" ","T3_GenTxt":null,"T1_PethTxt":"Schluff, tonig, sandig, kiesig; Steine","T2_PethTxt":" ","T3_Peth_Tx":null,"T1_PH_Beso":" ","T2_PH_Beso":" ","T3_PH_Beso":null,"T1_G_Beson":" ","T2_G_Beson":" ","T3_G_Beson":null,"T1_S_Beson":" ","T2_S_Beson":" ","T3_S_Beson":null,"T1_Gruppe":"Känozoikum","T1_System":"Quartär","T1_Serie":"Pleistozän","T1_Stufe":"Saale-Kaltzeit","T1_UStufe":"Drenthe-Stadium","T1_Zone":" ","T2_Gruppe":" ","T2_System":" ","T2_Serie":" ","T2_Stufe":" ","T2_UStufe":" ","T2_Zone":" ","T3_Gruppe":null,"T3_System":null,"T3_Serie":null,"T3_Stufe":null,"T3_UStufe":null,"T3_Zone":null,"T1_Blattnu":"CC 3926","T1_Blattna":"Braunschweig","T1_StartJm":0.17999999999999999,"T2_StartJm":0,"T3_StartJm":null,"T1_EndJmio":0.14999999999999999,"T2_EndJmio":0,"T3_EndJmio":null,"Symbol":"D,,Lg","Label":"D,,Lg","Shape_Length":16408.989641302727,"Shape_Area":4975770.1567143518}},{"type":"Feature","id":55881,"geometry":{"type":"Polygon","coordinates":[[[11.066529623552153,52.319968498586206],[11.065045494411347,52.320147256935378],[11.060087857414787,52.320386630415229],[11.059108999221507,52.320628406651721],[11.05850407480286,52.320868153822168],[11.057781531266436,52.321339149040043],[11.057572107292513,52.319513670710649],[11.058287622154731,52.318970892281833],[11.060369765735443,52.318246982736568],[11.063078225142105,52.317745793909211],[11.064184693929167,52.317726462072471],[11.064722091210752,52.318400183911677],[11.066529623552153,52.319968498586206]]]},"properties":{"OBJECTID":55881,"Shape_Leng":1645.65684371,"GEO":144,"KOMBI":4146,"SCHICHT_1":938,"SCHICHT_2":0,"SCHICHT_3":null,"Kuerzel":"so","T1_Kuerzel":"so","T2_Kuerzel":" ","T3_Kuerzel":null,"T1_MatBez":"Oberer Buntsandstein","T2_MatBez":" ","T3_MatBez":null,"T1_GenTxt":"marin; salinar","T2_GenTxt":" ","T3_GenTxt":null,"T1_PethTxt":"Tonstein, Schluffstein, Salze","T2_PethTxt":" ","T3_Peth_Tx":null,"T1_PH_Beso":" ","T2_PH_Beso":" ","T3_PH_Beso":null,"T1_G_Beson":" ","T2_G_Beson":" ","T3_G_Beson":null,"T1_S_Beson":" ","T2_S_Beson":" ","T3_S_Beson":null,"T1_Gruppe":"Mesozoikum","T1_System":"Trias","T1_Serie":"Buntsandstein","T1_Stufe":"Oberer Buntsandstein","T1_UStufe":" ","T1_Zone":" ","T2_Gruppe":" ","T2_System":" ","T2_Serie":" ","T2_Stufe":" ","T2_UStufe":" ","T2_Zone":" ","T3_Gruppe":null,"T3_System":null,"T3_Serie":null,"T3_Stufe":null,"T3_UStufe":null,"T3_Zone":null,"T1_Blattnu":"CC 3926","T1_Blattna":"Braunschweig","T1_StartJm":244,"T2_StartJm":0,"T3_StartJm":null,"T1_EndJmio":243,"T2_EndJmio":0,"T3_EndJmio":null,"Symbol":"so","Label":"so","Shape_Length":1644.9952330569558,"Shape_Area":129939.5152346894}},{"type":"Feature","id":55914,"geometry":{"type":"Polygon","coordinates":[[[11.073882350252259,52.315197140962873],[11.071999846455702,52.314771773901782],[11.06749146847392,52.313938459909274],[11.067708438129069,52.313323453465166],[11.067683726175469,52.312793573142656],[11.068096694630393,52.310957211737168],[11.068157463098313,52.309509022123706],[11.068605482347692,52.308660763854036],[11.069811930347369,52.307803708842442],[11.070174761713066,52.307644547509149],[11.074960147103008,52.306419047105649],[11.076073740038252,52.306323076230683],[11.07720869481753,52.306761527562038],[11.077988114119782,52.307435426722996],[11.078077043491902,52.309411304739818],[11.077600465891445,52.312619548747058],[11.076903556131187,52.313395816633609],[11.073882350252259,52.315197140962873]]]},"properties":{"OBJECTID":55914,"Shape_Leng":2789.03627026,"GEO":100,"KOMBI":4103,"SCHICHT_1":593,"SCHICHT_2":0,"SCHICHT_3":null,"Kuerzel":"ol","T1_Kuerzel":"ol","T2_Kuerzel":" ","T3_Kuerzel":null,"T1_MatBez":"Oligozän","T2_MatBez":" ","T3_MatBez":null,"T1_GenTxt":"marin","T2_GenTxt":" ","T3_GenTxt":null,"T1_PethTxt":"Ton; glaukonitisch","T2_PethTxt":" ","T3_Peth_Tx":null,"T1_PH_Beso":" ","T2_PH_Beso":" ","T3_PH_Beso":null,"T1_G_Beson":" ","T2_G_Beson":" ","T3_G_Beson":null,"T1_S_Beson":" ","T2_S_Beson":" ","T3_S_Beson":null,"T1_Gruppe":"Känozoikum","T1_System":"Tertiär","T1_Serie":"Oligozän","T1_Stufe":" ","T1_UStufe":" ","T1_Zone":" ","T2_Gruppe":" ","T2_System":" ","T2_Serie":" ","T2_Stufe":" ","T2_UStufe":" ","T2_Zone":" ","T3_Gruppe":null,"T3_System":null,"T3_Serie":null,"T3_Stufe":null,"T3_UStufe":null,"T3_Zone":null,"T1_Blattnu":"CC 3926","T1_Blattna":"Braunschweig","T1_StartJm":38,"T2_StartJm":0,"T3_StartJm":null,"T1_EndJmio":24.600000000000001,"T2_EndJmio":0,"T3_EndJmio":null,"Symbol":"ol","Label":"ol","Shape_Length":2787.9135455772398,"Shape_Area":538782.00073678826}}]}