site,lon,lat,source_layer,layer_title,feature_idx,attribute,value,unit_if_known
hildesheimer_boerde,9.95,52.22,L816,BK50 - Karte (soil type),,_feature_count,1,
hildesheimer_boerde,9.95,52.22,L816,BK50 - Karte (soil type),0,_contains_point,True,
hildesheimer_boerde,9.95,52.22,L816,BK50 - Karte (soil type),0,FL_NR,560454,
hildesheimer_boerde,9.95,52.22,L816,BK50 - Karte (soil type),0,NRKART,103967,
hildesheimer_boerde,9.95,52.22,L816,BK50 - Karte (soil type),0,PRONUM,156643,
hildesheimer_boerde,9.95,52.22,L816,BK50 - Karte (soil type),0,BOTYP,T-L3,
hildesheimer_boerde,9.95,52.22,L816,BK50 - Karte (soil type),0,BOTYP_KLARTEXT,Mittlere Tschernosem-Parabraunerde,
hildesheimer_boerde,9.95,52.22,L816,BK50 - Karte (soil type),0,PSONST,,
hildesheimer_boerde,9.95,52.22,L816,BK50 - Karte (soil type),0,MHGW,,dm below surface
hildesheimer_boerde,9.95,52.22,L816,BK50 - Karte (soil type),0,MNGW,,dm below surface
hildesheimer_boerde,9.95,52.22,L816,BK50 - Karte (soil type),0,NUTZUNG,A,
hildesheimer_boerde,9.95,52.22,L816,BK50 - Karte (soil type),0,GEOTYP,Lol=Lg_f(qM),
hildesheimer_boerde,9.95,52.22,L849,BS5 - Bodenzahl der Bodenschätzung,,_feature_count,1,
hildesheimer_boerde,9.95,52.22,L849,BS5 - Bodenzahl der Bodenschätzung,0,_contains_point,True,
hildesheimer_boerde,9.95,52.22,L849,BS5 - Bodenzahl der Bodenschätzung,0,FL_NR,3704718,
hildesheimer_boerde,9.95,52.22,L849,BS5 - Bodenzahl der Bodenschätzung,0,OGR_FID,651696,
hildesheimer_boerde,9.95,52.22,L849,BS5 - Bodenzahl der Bodenschätzung,0,SDE_ID,2130472,
hildesheimer_boerde,9.95,52.22,L849,BS5 - Bodenzahl der Bodenschätzung,0,OST,32564939.272,"m (EPSG:4647, zone-prefixed)"
hildesheimer_boerde,9.95,52.22,L849,BS5 - Bodenzahl der Bodenschätzung,0,NORD,5785927.891,m
hildesheimer_boerde,9.95,52.22,L849,BS5 - Bodenzahl der Bodenschätzung,0,RECHTS,3565037.766,m (Gauss-Krüger)
hildesheimer_boerde,9.95,52.22,L849,BS5 - Bodenzahl der Bodenschätzung,0,HOCH,5787803.852,m (Gauss-Krüger)
hildesheimer_boerde,9.95,52.22,L849,BS5 - Bodenzahl der Bodenschätzung,0,TK25,3725,
hildesheimer_boerde,9.95,52.22,L849,BS5 - Bodenzahl der Bodenschätzung,0,BULAND,,
hildesheimer_boerde,9.95,52.22,L849,BS5 - Bodenzahl der Bodenschätzung,0,KLASSENZEICHEN,lS3Lo,
hildesheimer_boerde,9.95,52.22,L849,BS5 - Bodenzahl der Bodenschätzung,0,KLASSENZEICHEN_KLARTEXT,lehmiger Sand/hohe Leistungsfähigkeit/Lössböden,
hildesheimer_boerde,9.95,52.22,L849,BS5 - Bodenzahl der Bodenschätzung,0,KLASSENZEICHEN_SEP,lS;3;Lo,
hildesheimer_boerde,9.95,52.22,L849,BS5 - Bodenzahl der Bodenschätzung,0,AREA,53545.09375,m2
hildesheimer_boerde,9.95,52.22,L849,BS5 - Bodenzahl der Bodenschätzung,0,UP_DATE,2023-06-15T16:13:07.0000000,
hildesheimer_boerde,9.95,52.22,L849,BS5 - Bodenzahl der Bodenschätzung,0,FL_PRONUM,831941,
hildesheimer_boerde,9.95,52.22,L849,BS5 - Bodenzahl der Bodenschätzung,0,XMIN,32564745,
hildesheimer_boerde,9.95,52.22,L849,BS5 - Bodenzahl der Bodenschätzung,0,XMAX,32565087,
hildesheimer_boerde,9.95,52.22,L849,BS5 - Bodenzahl der Bodenschätzung,0,YMIN,5785618,
hildesheimer_boerde,9.95,52.22,L849,BS5 - Bodenzahl der Bodenschätzung,0,YMAX,5785964,
hildesheimer_boerde,9.95,52.22,L849,BS5 - Bodenzahl der Bodenschätzung,0,BODENZ,71,points (0-100)
hildesheimer_boerde,9.95,52.22,L849,BS5 - Bodenzahl der Bodenschätzung,0,ACKERZ,74,points (0-100+)
hildesheimer_boerde,9.95,52.22,L837,BK50 - Ertragsfähigkeit,,_feature_count,1,
hildesheimer_boerde,9.95,52.22,L837,BK50 - Ertragsfähigkeit,0,_contains_point,True,
hildesheimer_boerde,9.95,52.22,L837,BK50 - Ertragsfähigkeit,0,FL_NR,560454,
hildesheimer_boerde,9.95,52.22,L837,BK50 - Ertragsfähigkeit,0,BFR,7,
hildesheimer_boerde,9.95,52.22,L838,BK50 - Grundwasserstufe,,_feature_count,1,
hildesheimer_boerde,9.95,52.22,L838,BK50 - Grundwasserstufe,0,_contains_point,True,
hildesheimer_boerde,9.95,52.22,L838,BK50 - Grundwasserstufe,0,FL_NR,560454,
hildesheimer_boerde,9.95,52.22,L838,BK50 - Grundwasserstufe,0,GWS,7,
hildesheimer_boerde,9.95,52.22,L839,BK50 - nFK des effektiven Wurzelraumes (nFKWe),,_feature_count,1,
hildesheimer_boerde,9.95,52.22,L839,BK50 - nFK des effektiven Wurzelraumes (nFKWe),0,_contains_point,True,
hildesheimer_boerde,9.95,52.22,L839,BK50 - nFK des effektiven Wurzelraumes (nFKWe),0,FL_NR,560454,
hildesheimer_boerde,9.95,52.22,L839,BK50 - nFK des effektiven Wurzelraumes (nFKWe),0,NFKWE,228,mm
hildesheimer_boerde,9.95,52.22,L839,BK50 - nFK des effektiven Wurzelraumes (nFKWe),0,NFKWE_STUFE,5,
hildesheimer_boerde,9.95,52.22,L821,BK50 - Pflanzenverfügbares Bodenwasser (1991-2020),,_feature_count,1,
hildesheimer_boerde,9.95,52.22,L821,BK50 - Pflanzenverfügbares Bodenwasser (1991-2020),0,_contains_point,True,
hildesheimer_boerde,9.95,52.22,L821,BK50 - Pflanzenverfügbares Bodenwasser (1991-2020),0,FL_NR,560454,
hildesheimer_boerde,9.95,52.22,L821,BK50 - Pflanzenverfügbares Bodenwasser (1991-2020),0,WPFL,228,mm
hildesheimer_boerde,9.95,52.22,L821,BK50 - Pflanzenverfügbares Bodenwasser (1991-2020),0,WPFLKLASSE,5,
hildesheimer_boerde,9.95,52.22,L821,BK50 - Pflanzenverfügbares Bodenwasser (1991-2020),0,WPFLKLASSE_TEXT,hoch,
hildesheimer_boerde,9.95,52.22,L823,BK50 - Effektive Durchwurzelungstiefe,,_feature_count,1,
hildesheimer_boerde,9.95,52.22,L823,BK50 - Effektive Durchwurzelungstiefe,0,_contains_point,True,
hildesheimer_boerde,9.95,52.22,L823,BK50 - Effektive Durchwurzelungstiefe,0,FL_NR,560454,
hildesheimer_boerde,9.95,52.22,L823,BK50 - Effektive Durchwurzelungstiefe,0,WE,110,"cm (WE=110 -> class ""sehr hoch"" >=11 dm per legend)"
hildesheimer_boerde,9.95,52.22,L823,BK50 - Effektive Durchwurzelungstiefe,0,WEKLASSE,6,
hildesheimer_boerde,9.95,52.22,L823,BK50 - Effektive Durchwurzelungstiefe,0,WEKLASSE_TEXT,sehr hoch,
hildesheimer_boerde,9.95,52.22,L820,BK50 - Standortabh. Verdichtungsempfindlichkeit,,_feature_count,1,
hildesheimer_boerde,9.95,52.22,L820,BK50 - Standortabh. Verdichtungsempfindlichkeit,0,_contains_point,True,
hildesheimer_boerde,9.95,52.22,L820,BK50 - Standortabh. Verdichtungsempfindlichkeit,0,FL_NR,560454,
hildesheimer_boerde,9.95,52.22,L820,BK50 - Standortabh. Verdichtungsempfindlichkeit,0,VDST,3,
hildesheimer_boerde,9.95,52.22,L820,BK50 - Standortabh. Verdichtungsempfindlichkeit,0,VDST_TEXT,mittel,
hildesheimer_boerde,9.95,52.22,L822,BK50 - Gefährdung durch Bodenverdichtung,,_feature_count,1,
hildesheimer_boerde,9.95,52.22,L822,BK50 - Gefährdung durch Bodenverdichtung,0,_contains_point,True,
hildesheimer_boerde,9.95,52.22,L822,BK50 - Gefährdung durch Bodenverdichtung,0,FL_NR,560454,
hildesheimer_boerde,9.95,52.22,L822,BK50 - Gefährdung durch Bodenverdichtung,0,VDBF,mäßig gefährdet,
hildesheimer_boerde,9.95,52.22,L842,BK50 - Sickerwasserrate (1991-2020),,_feature_count,1,
hildesheimer_boerde,9.95,52.22,L842,BK50 - Sickerwasserrate (1991-2020),0,_contains_point,True,
hildesheimer_boerde,9.95,52.22,L842,BK50 - Sickerwasserrate (1991-2020),0,FL_NR,560454,
hildesheimer_boerde,9.95,52.22,L842,BK50 - Sickerwasserrate (1991-2020),0,SWRKLASSE,4,
hildesheimer_boerde,9.95,52.22,L843,BK50 - Austauschhäufigkeit Bodenwasser (1991-2020),,_feature_count,1,
hildesheimer_boerde,9.95,52.22,L843,BK50 - Austauschhäufigkeit Bodenwasser (1991-2020),0,_contains_point,True,
hildesheimer_boerde,9.95,52.22,L843,BK50 - Austauschhäufigkeit Bodenwasser (1991-2020),0,FL_NR,560454,
hildesheimer_boerde,9.95,52.22,L843,BK50 - Austauschhäufigkeit Bodenwasser (1991-2020),0,AHKLASSE,1,
hildesheimer_boerde,9.95,52.22,L841,BK50 - Bindungsstärke Oberboden Cadmium,,_feature_count,1,
hildesheimer_boerde,9.95,52.22,L841,BK50 - Bindungsstärke Oberboden Cadmium,0,_contains_point,True,
hildesheimer_boerde,9.95,52.22,L841,BK50 - Bindungsstärke Oberboden Cadmium,0,FL_NR,560454,
hildesheimer_boerde,9.95,52.22,L841,BK50 - Bindungsstärke Oberboden Cadmium,0,FSMO_CD,5,
hildesheimer_boerde,9.95,52.22,L1439,BK50 - Bodenkundl. Feuchtestufe Frühjahrszahl,,_feature_count,1,
hildesheimer_boerde,9.95,52.22,L1439,BK50 - Bodenkundl. Feuchtestufe Frühjahrszahl,0,_contains_point,True,
hildesheimer_boerde,9.95,52.22,L1439,BK50 - Bodenkundl. Feuchtestufe Frühjahrszahl,0,FL_NR,560454,
hildesheimer_boerde,9.95,52.22,L1439,BK50 - Bodenkundl. Feuchtestufe Frühjahrszahl,0,BKF_SZ_1991_2020,3.8,
hildesheimer_boerde,9.95,52.22,L1439,BK50 - Bodenkundl. Feuchtestufe Frühjahrszahl,0,BKF_FJZ_1991_2020,3.8,
hildesheimer_boerde,9.95,52.22,L1439,BK50 - Bodenkundl. Feuchtestufe Frühjahrszahl,0,EIGNUNG,4,
hildesheimer_boerde,9.95,52.22,L1439,BK50 - Bodenkundl. Feuchtestufe Frühjahrszahl,0,BKF,3.8,class (Feuchtestufe)
hildesheimer_boerde,9.95,52.22,L1440,BK50 - Bodenkundl. Feuchtestufe Sommerzahl,,_feature_count,1,
hildesheimer_boerde,9.95,52.22,L1440,BK50 - Bodenkundl. Feuchtestufe Sommerzahl,0,_contains_point,True,
hildesheimer_boerde,9.95,52.22,L1440,BK50 - Bodenkundl. Feuchtestufe Sommerzahl,0,FL_NR,560454,
hildesheimer_boerde,9.95,52.22,L1440,BK50 - Bodenkundl. Feuchtestufe Sommerzahl,0,BKF_SZ_1991_2020,3.8,
hildesheimer_boerde,9.95,52.22,L1440,BK50 - Bodenkundl. Feuchtestufe Sommerzahl,0,BKF_FJZ_1991_2020,3.8,
hildesheimer_boerde,9.95,52.22,L1440,BK50 - Bodenkundl. Feuchtestufe Sommerzahl,0,EIGNUNG,4,
hildesheimer_boerde,9.95,52.22,L1440,BK50 - Bodenkundl. Feuchtestufe Sommerzahl,0,BKF,3.8,class (Feuchtestufe)
hildesheimer_boerde,9.95,52.22,L476,Sulfatsaure Böden 0-2 m,,_feature_count,0,
hildesheimer_boerde,9.95,52.22,L845,Kohlenstoffreiche Böden (ohne versiegelt) BHK50KSoVS,,_feature_count,0,
hildesheimer_boerde,9.95,52.22,L846,Kohlenstoffreiche Böden BHK50,,_feature_count,0,
hildesheimer_boerde,9.95,52.22,L829,Böden mit hoher natürlicher Bodenfruchtbarkeit,,_feature_count,1,
hildesheimer_boerde,9.95,52.22,L829,Böden mit hoher natürlicher Bodenfruchtbarkeit,0,_contains_point,True,
hildesheimer_boerde,9.95,52.22,L829,Böden mit hoher natürlicher Bodenfruchtbarkeit,0,FL_NR,49338,
hildesheimer_boerde,9.95,52.22,L829,Böden mit hoher natürlicher Bodenfruchtbarkeit,0,KLASSE,BF,
hildesheimer_boerde,9.95,52.22,L829,Böden mit hoher natürlicher Bodenfruchtbarkeit,0,KATEGORIE,hohe - äußerst hohe Bodenfruchtbarkeit,
hildesheimer_boerde,9.95,52.22,L829,Böden mit hoher natürlicher Bodenfruchtbarkeit,0,TYP,BFR 7,
hildesheimer_boerde,9.95,52.22,L829,Böden mit hoher natürlicher Bodenfruchtbarkeit,0,QUELLE,BK50 - Auswertung nach Geobericht 19,
hildesheimer_boerde,9.95,52.22,L829,Böden mit hoher natürlicher Bodenfruchtbarkeit,0,UP_DATE,2021-04-21T08:16:11.0000000,
hildesheimer_boerde,9.95,52.22,L829,Böden mit hoher natürlicher Bodenfruchtbarkeit,0,AREA,251437510.34375,m2
hildesheimer_boerde,9.95,52.22,L828,Böden mit besonderen Standorteigenschaften,,_feature_count,0,
hildesheimer_boerde,9.95,52.22,L848,BK50-BR Bodenregionen,,_feature_count,1,
hildesheimer_boerde,9.95,52.22,L848,BK50-BR Bodenregionen,0,_contains_point,True,
hildesheimer_boerde,9.95,52.22,L848,BK50-BR Bodenregionen,0,FL_NR,2124,
hildesheimer_boerde,9.95,52.22,L848,BK50-BR Bodenregionen,0,BR,4,
hildesheimer_boerde,9.95,52.22,L848,BK50-BR Bodenregionen,0,BR_NAME,BERGVORLAND,
hildesheimer_boerde,9.95,52.22,L848,BK50-BR Bodenregionen,0,TKNR,3724,
hildesheimer_boerde,9.95,52.22,L848,BK50-BR Bodenregionen,0,TKNAME,Hannover,
hildesheimer_boerde,9.95,52.22,L848,BK50-BR Bodenregionen,0,UP_DATE,2018-09-06T14:12:10.0000000,
hildesheimer_boerde,9.95,52.22,L29,BK50-BGL500 Bodengroßlandschaften,,_feature_count,1,
hildesheimer_boerde,9.95,52.22,L29,BK50-BGL500 Bodengroßlandschaften,0,_contains_point,True,
hildesheimer_boerde,9.95,52.22,L29,BK50-BGL500 Bodengroßlandschaften,0,BGL,10,
hildesheimer_boerde,9.95,52.22,L29,BK50-BGL500 Bodengroßlandschaften,0,BGL_NAME,Lössbörde,
hildesheimer_boerde,9.95,52.22,L29,BK50-BGL500 Bodengroßlandschaften,0,FL_NR,601,
hildesheimer_boerde,9.95,52.22,L58,BK50-BL Bodenlandschaften,,_feature_count,1,
hildesheimer_boerde,9.95,52.22,L58,BK50-BL Bodenlandschaften,0,_contains_point,True,
hildesheimer_boerde,9.95,52.22,L58,BK50-BL Bodenlandschaften,0,FL_NR,35737,
hildesheimer_boerde,9.95,52.22,L58,BK50-BL Bodenlandschaften,0,BR,4,
hildesheimer_boerde,9.95,52.22,L58,BK50-BL Bodenlandschaften,0,BR_NAME,BERGVORLAND,
hildesheimer_boerde,9.95,52.22,L58,BK50-BL Bodenlandschaften,0,BGL,10,
hildesheimer_boerde,9.95,52.22,L58,BK50-BL Bodenlandschaften,0,BGL_NAME, Lössbörde,
hildesheimer_boerde,9.95,52.22,L58,BK50-BL Bodenlandschaften,0,BL,10,
hildesheimer_boerde,9.95,52.22,L58,BK50-BL Bodenlandschaften,0,BL_NAME,Lehmgebiete,
hildesheimer_boerde,9.95,52.22,L58,BK50-BL Bodenlandschaften,0,BR_BGL_BL_NAME,BERGVORLAND /  Lössbörde / Lehmgebiete,
hildesheimer_boerde,9.95,52.22,L58,BK50-BL Bodenlandschaften,0,TKNR,,
hildesheimer_boerde,9.95,52.22,L58,BK50-BL Bodenlandschaften,0,TKNAME,,
hildesheimer_boerde,9.95,52.22,L58,BK50-BL Bodenlandschaften,0,UP_DATE,2018-09-06T14:14:17.0000000,
hildesheimer_boerde,9.95,52.22,L487,BUEK500 Bodenübersichtskarte,,_feature_count,1,
hildesheimer_boerde,9.95,52.22,L487,BUEK500 Bodenübersichtskarte,0,_contains_point,True,
hildesheimer_boerde,9.95,52.22,L487,BUEK500 Bodenübersichtskarte,0,fl_nr,2157,
hildesheimer_boerde,9.95,52.22,L487,BUEK500 Bodenübersichtskarte,0,NRKART,50,
hildesheimer_boerde,9.95,52.22,L487,BUEK500 Bodenübersichtskarte,0,NRKARTTXT,50,
hildesheimer_boerde,9.95,52.22,L487,BUEK500 Bodenübersichtskarte,0,KLARTEXT,Pseudogley-Schwarzerden aus Loessen ueber Tonsteinen; im Bereich flacher Erhebungen Schwarzerde-Parabraunerden aus Loesslehmen ueber glazifluviatilen Sanden; in Hangverebnungen und Unterhanglagen Kolluvien aus Schwemmloessen,
hildesheimer_boerde,9.95,52.22,L487,BUEK500 Bodenübersichtskarte,0,BULAND,,
hildesheimer_boerde,9.95,52.22,L1790,GLÖZ 5 Tongehalte (25 %),,_feature_count,0,
hildesheim_edge,9.95,52.12,L816,BK50 - Karte (soil type),,_feature_count,1,
hildesheim_edge,9.95,52.12,L816,BK50 - Karte (soil type),0,_contains_point,True,
hildesheim_edge,9.95,52.12,L816,BK50 - Karte (soil type),0,FL_NR,469130,
hildesheim_edge,9.95,52.12,L816,BK50 - Karte (soil type),0,NRKART,100184,
hildesheim_edge,9.95,52.12,L816,BK50 - Karte (soil type),0,PRONUM,156862,
hildesheim_edge,9.95,52.12,L816,BK50 - Karte (soil type),0,BOTYP,S-L3,
hildesheim_edge,9.95,52.12,L816,BK50 - Karte (soil type),0,BOTYP_KLARTEXT,Mittlere Pseudogley-Parabraunerde,
hildesheim_edge,9.95,52.12,L816,BK50 - Karte (soil type),0,PSONST,,
hildesheim_edge,9.95,52.12,L816,BK50 - Karte (soil type),0,MHGW,,dm below surface
hildesheim_edge,9.95,52.12,L816,BK50 - Karte (soil type),0,MNGW,,dm below surface
hildesheim_edge,9.95,52.12,L816,BK50 - Karte (soil type),0,NUTZUNG,A,
hildesheim_edge,9.95,52.12,L816,BK50 - Karte (soil type),0,GEOTYP,Lol,
hildesheim_edge,9.95,52.12,L849,BS5 - Bodenzahl der Bodenschätzung,,_feature_count,0,
hildesheim_edge,9.95,52.12,L837,BK50 - Ertragsfähigkeit,,_feature_count,1,
hildesheim_edge,9.95,52.12,L837,BK50 - Ertragsfähigkeit,0,_contains_point,True,
hildesheim_edge,9.95,52.12,L837,BK50 - Ertragsfähigkeit,0,FL_NR,469130,
hildesheim_edge,9.95,52.12,L837,BK50 - Ertragsfähigkeit,0,BFR,7,
hildesheim_edge,9.95,52.12,L838,BK50 - Grundwasserstufe,,_feature_count,1,
hildesheim_edge,9.95,52.12,L838,BK50 - Grundwasserstufe,0,_contains_point,True,
hildesheim_edge,9.95,52.12,L838,BK50 - Grundwasserstufe,0,FL_NR,469130,
hildesheim_edge,9.95,52.12,L838,BK50 - Grundwasserstufe,0,GWS,7,
hildesheim_edge,9.95,52.12,L839,BK50 - nFK des effektiven Wurzelraumes (nFKWe),,_feature_count,1,
hildesheim_edge,9.95,52.12,L839,BK50 - nFK des effektiven Wurzelraumes (nFKWe),0,_contains_point,True,
hildesheim_edge,9.95,52.12,L839,BK50 - nFK des effektiven Wurzelraumes (nFKWe),0,FL_NR,469130,
hildesheim_edge,9.95,52.12,L839,BK50 - nFK des effektiven Wurzelraumes (nFKWe),0,NFKWE,225,mm
hildesheim_edge,9.95,52.12,L839,BK50 - nFK des effektiven Wurzelraumes (nFKWe),0,NFKWE_STUFE,5,
hildesheim_edge,9.95,52.12,L821,BK50 - Pflanzenverfügbares Bodenwasser (1991-2020),,_feature_count,1,
hildesheim_edge,9.95,52.12,L821,BK50 - Pflanzenverfügbares Bodenwasser (1991-2020),0,_contains_point,True,
hildesheim_edge,9.95,52.12,L821,BK50 - Pflanzenverfügbares Bodenwasser (1991-2020),0,FL_NR,469130,
hildesheim_edge,9.95,52.12,L821,BK50 - Pflanzenverfügbares Bodenwasser (1991-2020),0,WPFL,225,mm
hildesheim_edge,9.95,52.12,L821,BK50 - Pflanzenverfügbares Bodenwasser (1991-2020),0,WPFLKLASSE,5,
hildesheim_edge,9.95,52.12,L821,BK50 - Pflanzenverfügbares Bodenwasser (1991-2020),0,WPFLKLASSE_TEXT,hoch,
hildesheim_edge,9.95,52.12,L823,BK50 - Effektive Durchwurzelungstiefe,,_feature_count,1,
hildesheim_edge,9.95,52.12,L823,BK50 - Effektive Durchwurzelungstiefe,0,_contains_point,True,
hildesheim_edge,9.95,52.12,L823,BK50 - Effektive Durchwurzelungstiefe,0,FL_NR,469130,
hildesheim_edge,9.95,52.12,L823,BK50 - Effektive Durchwurzelungstiefe,0,WE,110,"cm (WE=110 -> class ""sehr hoch"" >=11 dm per legend)"
hildesheim_edge,9.95,52.12,L823,BK50 - Effektive Durchwurzelungstiefe,0,WEKLASSE,6,
hildesheim_edge,9.95,52.12,L823,BK50 - Effektive Durchwurzelungstiefe,0,WEKLASSE_TEXT,sehr hoch,
hildesheim_edge,9.95,52.12,L820,BK50 - Standortabh. Verdichtungsempfindlichkeit,,_feature_count,1,
hildesheim_edge,9.95,52.12,L820,BK50 - Standortabh. Verdichtungsempfindlichkeit,0,_contains_point,True,
hildesheim_edge,9.95,52.12,L820,BK50 - Standortabh. Verdichtungsempfindlichkeit,0,FL_NR,469130,
hildesheim_edge,9.95,52.12,L820,BK50 - Standortabh. Verdichtungsempfindlichkeit,0,VDST,4,
hildesheim_edge,9.95,52.12,L820,BK50 - Standortabh. Verdichtungsempfindlichkeit,0,VDST_TEXT,hoch,
hildesheim_edge,9.95,52.12,L822,BK50 - Gefährdung durch Bodenverdichtung,,_feature_count,1,
hildesheim_edge,9.95,52.12,L822,BK50 - Gefährdung durch Bodenverdichtung,0,_contains_point,True,
hildesheim_edge,9.95,52.12,L822,BK50 - Gefährdung durch Bodenverdichtung,0,FL_NR,469130,
hildesheim_edge,9.95,52.12,L822,BK50 - Gefährdung durch Bodenverdichtung,0,VDBF,mäßig gefährdet,
hildesheim_edge,9.95,52.12,L842,BK50 - Sickerwasserrate (1991-2020),,_feature_count,1,
hildesheim_edge,9.95,52.12,L842,BK50 - Sickerwasserrate (1991-2020),0,_contains_point,True,
hildesheim_edge,9.95,52.12,L842,BK50 - Sickerwasserrate (1991-2020),0,FL_NR,469130,
hildesheim_edge,9.95,52.12,L842,BK50 - Sickerwasserrate (1991-2020),0,SWRKLASSE,5,
hildesheim_edge,9.95,52.12,L843,BK50 - Austauschhäufigkeit Bodenwasser (1991-2020),,_feature_count,1,
hildesheim_edge,9.95,52.12,L843,BK50 - Austauschhäufigkeit Bodenwasser (1991-2020),0,_contains_point,True,
hildesheim_edge,9.95,52.12,L843,BK50 - Austauschhäufigkeit Bodenwasser (1991-2020),0,FL_NR,469130,
hildesheim_edge,9.95,52.12,L843,BK50 - Austauschhäufigkeit Bodenwasser (1991-2020),0,AHKLASSE,1,
hildesheim_edge,9.95,52.12,L841,BK50 - Bindungsstärke Oberboden Cadmium,,_feature_count,1,
hildesheim_edge,9.95,52.12,L841,BK50 - Bindungsstärke Oberboden Cadmium,0,_contains_point,True,
hildesheim_edge,9.95,52.12,L841,BK50 - Bindungsstärke Oberboden Cadmium,0,FL_NR,469130,
hildesheim_edge,9.95,52.12,L841,BK50 - Bindungsstärke Oberboden Cadmium,0,FSMO_CD,5,
hildesheim_edge,9.95,52.12,L1439,BK50 - Bodenkundl. Feuchtestufe Frühjahrszahl,,_feature_count,1,
hildesheim_edge,9.95,52.12,L1439,BK50 - Bodenkundl. Feuchtestufe Frühjahrszahl,0,_contains_point,True,
hildesheim_edge,9.95,52.12,L1439,BK50 - Bodenkundl. Feuchtestufe Frühjahrszahl,0,FL_NR,469130,
hildesheim_edge,9.95,52.12,L1439,BK50 - Bodenkundl. Feuchtestufe Frühjahrszahl,0,BKF_SZ_1991_2020,3.8,
hildesheim_edge,9.95,52.12,L1439,BK50 - Bodenkundl. Feuchtestufe Frühjahrszahl,0,BKF_FJZ_1991_2020,6,
hildesheim_edge,9.95,52.12,L1439,BK50 - Bodenkundl. Feuchtestufe Frühjahrszahl,0,EIGNUNG,4,
hildesheim_edge,9.95,52.12,L1439,BK50 - Bodenkundl. Feuchtestufe Frühjahrszahl,0,BKF,6,class (Feuchtestufe)
hildesheim_edge,9.95,52.12,L1440,BK50 - Bodenkundl. Feuchtestufe Sommerzahl,,_feature_count,1,
hildesheim_edge,9.95,52.12,L1440,BK50 - Bodenkundl. Feuchtestufe Sommerzahl,0,_contains_point,True,
hildesheim_edge,9.95,52.12,L1440,BK50 - Bodenkundl. Feuchtestufe Sommerzahl,0,FL_NR,469130,
hildesheim_edge,9.95,52.12,L1440,BK50 - Bodenkundl. Feuchtestufe Sommerzahl,0,BKF_SZ_1991_2020,3.8,
hildesheim_edge,9.95,52.12,L1440,BK50 - Bodenkundl. Feuchtestufe Sommerzahl,0,BKF_FJZ_1991_2020,6,
hildesheim_edge,9.95,52.12,L1440,BK50 - Bodenkundl. Feuchtestufe Sommerzahl,0,EIGNUNG,4,
hildesheim_edge,9.95,52.12,L1440,BK50 - Bodenkundl. Feuchtestufe Sommerzahl,0,BKF,3.771,class (Feuchtestufe)
hildesheim_edge,9.95,52.12,L476,Sulfatsaure Böden 0-2 m,,_feature_count,0,
hildesheim_edge,9.95,52.12,L845,Kohlenstoffreiche Böden (ohne versiegelt) BHK50KSoVS,,_feature_count,0,
hildesheim_edge,9.95,52.12,L846,Kohlenstoffreiche Böden BHK50,,_feature_count,0,
hildesheim_edge,9.95,52.12,L829,Böden mit hoher natürlicher Bodenfruchtbarkeit,,_feature_count,1,
hildesheim_edge,9.95,52.12,L829,Böden mit hoher natürlicher Bodenfruchtbarkeit,0,_contains_point,True,
hildesheim_edge,9.95,52.12,L829,Böden mit hoher natürlicher Bodenfruchtbarkeit,0,FL_NR,48841,
hildesheim_edge,9.95,52.12,L829,Böden mit hoher natürlicher Bodenfruchtbarkeit,0,KLASSE,BF,
hildesheim_edge,9.95,52.12,L829,Böden mit hoher natürlicher Bodenfruchtbarkeit,0,KATEGORIE,hohe - äußerst hohe Bodenfruchtbarkeit,
hildesheim_edge,9.95,52.12,L829,Böden mit hoher natürlicher Bodenfruchtbarkeit,0,TYP,BFR 7,
hildesheim_edge,9.95,52.12,L829,Böden mit hoher natürlicher Bodenfruchtbarkeit,0,QUELLE,BK50 - Auswertung nach Geobericht 19,
hildesheim_edge,9.95,52.12,L829,Böden mit hoher natürlicher Bodenfruchtbarkeit,0,UP_DATE,2021-04-21T08:16:11.0000000,
hildesheim_edge,9.95,52.12,L829,Böden mit hoher natürlicher Bodenfruchtbarkeit,0,AREA,5000188.875,m2
hildesheim_edge,9.95,52.12,L828,Böden mit besonderen Standorteigenschaften,,_feature_count,0,
hildesheim_edge,9.95,52.12,L848,BK50-BR Bodenregionen,,_feature_count,1,
hildesheim_edge,9.95,52.12,L848,BK50-BR Bodenregionen,0,_contains_point,True,
hildesheim_edge,9.95,52.12,L848,BK50-BR Bodenregionen,0,FL_NR,2631,
hildesheim_edge,9.95,52.12,L848,BK50-BR Bodenregionen,0,BR,5,
hildesheim_edge,9.95,52.12,L848,BK50-BR Bodenregionen,0,BR_NAME,BERGLAND,
hildesheim_edge,9.95,52.12,L848,BK50-BR Bodenregionen,0,TKNR,3924,
hildesheim_edge,9.95,52.12,L848,BK50-BR Bodenregionen,0,TKNAME,Hildesheim,
hildesheim_edge,9.95,52.12,L848,BK50-BR Bodenregionen,0,UP_DATE,2018-09-06T14:12:10.0000000,
hildesheim_edge,9.95,52.12,L29,BK50-BGL500 Bodengroßlandschaften,,_feature_count,1,
hildesheim_edge,9.95,52.12,L29,BK50-BGL500 Bodengroßlandschaften,0,_contains_point,True,
hildesheim_edge,9.95,52.12,L29,BK50-BGL500 Bodengroßlandschaften,0,BGL,14,
hildesheim_edge,9.95,52.12,L29,BK50-BGL500 Bodengroßlandschaften,0,BGL_NAME,Lössbecken,
hildesheim_edge,9.95,52.12,L29,BK50-BGL500 Bodengroßlandschaften,0,FL_NR,653,
hildesheim_edge,9.95,52.12,L58,BK50-BL Bodenlandschaften,,_feature_count,1,
hildesheim_edge,9.95,52.12,L58,BK50-BL Bodenlandschaften,0,_contains_point,True,
hildesheim_edge,9.95,52.12,L58,BK50-BL Bodenlandschaften,0,FL_NR,39938,
hildesheim_edge,9.95,52.12,L58,BK50-BL Bodenlandschaften,0,BR,5,
hildesheim_edge,9.95,52.12,L58,BK50-BL Bodenlandschaften,0,BR_NAME,BERGLAND,
hildesheim_edge,9.95,52.12,L58,BK50-BL Bodenlandschaften,0,BGL,14,
hildesheim_edge,9.95,52.12,L58,BK50-BL Bodenlandschaften,0,BGL_NAME, Lössbecken,
hildesheim_edge,9.95,52.12,L58,BK50-BL Bodenlandschaften,0,BL,13,
hildesheim_edge,9.95,52.12,L58,BK50-BL Bodenlandschaften,0,BL_NAME,Lössgebiete,
hildesheim_edge,9.95,52.12,L58,BK50-BL Bodenlandschaften,0,BR_BGL_BL_NAME,BERGLAND /  Lössbecken / Lössgebiete,
hildesheim_edge,9.95,52.12,L58,BK50-BL Bodenlandschaften,0,TKNR,,
hildesheim_edge,9.95,52.12,L58,BK50-BL Bodenlandschaften,0,TKNAME,,
hildesheim_edge,9.95,52.12,L58,BK50-BL Bodenlandschaften,0,UP_DATE,2018-09-06T14:14:18.0000000,
hildesheim_edge,9.95,52.12,L487,BUEK500 Bodenübersichtskarte,,_feature_count,1,
hildesheim_edge,9.95,52.12,L487,BUEK500 Bodenübersichtskarte,0,_contains_point,True,
hildesheim_edge,9.95,52.12,L487,BUEK500 Bodenübersichtskarte,0,fl_nr,2182,
hildesheim_edge,9.95,52.12,L487,BUEK500 Bodenübersichtskarte,0,NRKART,54,
hildesheim_edge,9.95,52.12,L487,BUEK500 Bodenübersichtskarte,0,NRKARTTXT,54,
hildesheim_edge,9.95,52.12,L487,BUEK500 Bodenübersichtskarte,0,KLARTEXT,Pseudogley-Parabraunerden aus Loesslehmen (erodiert); im Leinegraben und Eichsfeld mit Schwarzerde-Parabraunerden vergesellschaftet; in Hangverebnungen und Unterhanglagen Kolluvien aus Schwemmloessen,
hildesheim_edge,9.95,52.12,L487,BUEK500 Bodenübersichtskarte,0,BULAND,,
hildesheim_edge,9.95,52.12,L1790,GLÖZ 5 Tongehalte (25 %),,_feature_count,0,
lueneburger_heide,10.05,53.05,L816,BK50 - Karte (soil type),,_feature_count,1,
lueneburger_heide,10.05,53.05,L816,BK50 - Karte (soil type),0,_contains_point,True,
lueneburger_heide,10.05,53.05,L816,BK50 - Karte (soil type),0,FL_NR,502095,
lueneburger_heide,10.05,53.05,L816,BK50 - Karte (soil type),0,NRKART,400018,
lueneburger_heide,10.05,53.05,L816,BK50 - Karte (soil type),0,PRONUM,454166,
lueneburger_heide,10.05,53.05,L816,BK50 - Karte (soil type),0,BOTYP,B-P2,
lueneburger_heide,10.05,53.05,L816,BK50 - Karte (soil type),0,BOTYP_KLARTEXT,Flacher Braunerde-Podsol,
lueneburger_heide,10.05,53.05,L816,BK50 - Karte (soil type),0,PSONST,,
lueneburger_heide,10.05,53.05,L816,BK50 - Karte (soil type),0,MHGW,,dm below surface
lueneburger_heide,10.05,53.05,L816,BK50 - Karte (soil type),0,MNGW,,dm below surface
lueneburger_heide,10.05,53.05,L816,BK50 - Karte (soil type),0,NUTZUNG,FN,
lueneburger_heide,10.05,53.05,L816,BK50 - Karte (soil type),0,GEOTYP,Sp//gf,
lueneburger_heide,10.05,53.05,L849,BS5 - Bodenzahl der Bodenschätzung,,_feature_count,0,
lueneburger_heide,10.05,53.05,L837,BK50 - Ertragsfähigkeit,,_feature_count,1,
lueneburger_heide,10.05,53.05,L837,BK50 - Ertragsfähigkeit,0,_contains_point,True,
lueneburger_heide,10.05,53.05,L837,BK50 - Ertragsfähigkeit,0,FL_NR,502095,
lueneburger_heide,10.05,53.05,L837,BK50 - Ertragsfähigkeit,0,BFR,3,
lueneburger_heide,10.05,53.05,L838,BK50 - Grundwasserstufe,,_feature_count,1,
lueneburger_heide,10.05,53.05,L838,BK50 - Grundwasserstufe,0,_contains_point,True,
lueneburger_heide,10.05,53.05,L838,BK50 - Grundwasserstufe,0,FL_NR,502095,
lueneburger_heide,10.05,53.05,L838,BK50 - Grundwasserstufe,0,GWS,7,
lueneburger_heide,10.05,53.05,L839,BK50 - nFK des effektiven Wurzelraumes (nFKWe),,_feature_count,1,
lueneburger_heide,10.05,53.05,L839,BK50 - nFK des effektiven Wurzelraumes (nFKWe),0,_contains_point,True,
lueneburger_heide,10.05,53.05,L839,BK50 - nFK des effektiven Wurzelraumes (nFKWe),0,FL_NR,502095,
lueneburger_heide,10.05,53.05,L839,BK50 - nFK des effektiven Wurzelraumes (nFKWe),0,NFKWE,126,mm
lueneburger_heide,10.05,53.05,L839,BK50 - nFK des effektiven Wurzelraumes (nFKWe),0,NFKWE_STUFE,3,
lueneburger_heide,10.05,53.05,L821,BK50 - Pflanzenverfügbares Bodenwasser (1991-2020),,_feature_count,1,
lueneburger_heide,10.05,53.05,L821,BK50 - Pflanzenverfügbares Bodenwasser (1991-2020),0,_contains_point,True,
lueneburger_heide,10.05,53.05,L821,BK50 - Pflanzenverfügbares Bodenwasser (1991-2020),0,FL_NR,502095,
lueneburger_heide,10.05,53.05,L821,BK50 - Pflanzenverfügbares Bodenwasser (1991-2020),0,WPFL,126.9,mm
lueneburger_heide,10.05,53.05,L821,BK50 - Pflanzenverfügbares Bodenwasser (1991-2020),0,WPFLKLASSE,3,
lueneburger_heide,10.05,53.05,L821,BK50 - Pflanzenverfügbares Bodenwasser (1991-2020),0,WPFLKLASSE_TEXT,gering,
lueneburger_heide,10.05,53.05,L823,BK50 - Effektive Durchwurzelungstiefe,,_feature_count,1,
lueneburger_heide,10.05,53.05,L823,BK50 - Effektive Durchwurzelungstiefe,0,_contains_point,True,
lueneburger_heide,10.05,53.05,L823,BK50 - Effektive Durchwurzelungstiefe,0,FL_NR,502095,
lueneburger_heide,10.05,53.05,L823,BK50 - Effektive Durchwurzelungstiefe,0,WE,120,"cm (WE=110 -> class ""sehr hoch"" >=11 dm per legend)"
lueneburger_heide,10.05,53.05,L823,BK50 - Effektive Durchwurzelungstiefe,0,WEKLASSE,6,
lueneburger_heide,10.05,53.05,L823,BK50 - Effektive Durchwurzelungstiefe,0,WEKLASSE_TEXT,sehr hoch,
lueneburger_heide,10.05,53.05,L820,BK50 - Standortabh. Verdichtungsempfindlichkeit,,_feature_count,1,
lueneburger_heide,10.05,53.05,L820,BK50 - Standortabh. Verdichtungsempfindlichkeit,0,_contains_point,True,
lueneburger_heide,10.05,53.05,L820,BK50 - Standortabh. Verdichtungsempfindlichkeit,0,FL_NR,502095,
lueneburger_heide,10.05,53.05,L820,BK50 - Standortabh. Verdichtungsempfindlichkeit,0,VDST,1,
lueneburger_heide,10.05,53.05,L820,BK50 - Standortabh. Verdichtungsempfindlichkeit,0,VDST_TEXT,sehr gering,
lueneburger_heide,10.05,53.05,L822,BK50 - Gefährdung durch Bodenverdichtung,,_feature_count,1,
lueneburger_heide,10.05,53.05,L822,BK50 - Gefährdung durch Bodenverdichtung,0,_contains_point,True,
lueneburger_heide,10.05,53.05,L822,BK50 - Gefährdung durch Bodenverdichtung,0,FL_NR,502095,
lueneburger_heide,10.05,53.05,L822,BK50 - Gefährdung durch Bodenverdichtung,0,VDBF,gering gefährdet,
lueneburger_heide,10.05,53.05,L842,BK50 - Sickerwasserrate (1991-2020),,_feature_count,1,
lueneburger_heide,10.05,53.05,L842,BK50 - Sickerwasserrate (1991-2020),0,_contains_point,True,
lueneburger_heide,10.05,53.05,L842,BK50 - Sickerwasserrate (1991-2020),0,FL_NR,502095,
lueneburger_heide,10.05,53.05,L842,BK50 - Sickerwasserrate (1991-2020),0,SWRKLASSE,6,
lueneburger_heide,10.05,53.05,L843,BK50 - Austauschhäufigkeit Bodenwasser (1991-2020),,_feature_count,1,
lueneburger_heide,10.05,53.05,L843,BK50 - Austauschhäufigkeit Bodenwasser (1991-2020),0,_contains_point,True,
lueneburger_heide,10.05,53.05,L843,BK50 - Austauschhäufigkeit Bodenwasser (1991-2020),0,FL_NR,502095,
lueneburger_heide,10.05,53.05,L843,BK50 - Austauschhäufigkeit Bodenwasser (1991-2020),0,AHKLASSE,3,
lueneburger_heide,10.05,53.05,L841,BK50 - Bindungsstärke Oberboden Cadmium,,_feature_count,1,
lueneburger_heide,10.05,53.05,L841,BK50 - Bindungsstärke Oberboden Cadmium,0,_contains_point,True,
lueneburger_heide,10.05,53.05,L841,BK50 - Bindungsstärke Oberboden Cadmium,0,FL_NR,502095,
lueneburger_heide,10.05,53.05,L841,BK50 - Bindungsstärke Oberboden Cadmium,0,FSMO_CD,1,
lueneburger_heide,10.05,53.05,L1439,BK50 - Bodenkundl. Feuchtestufe Frühjahrszahl,,_feature_count,1,
lueneburger_heide,10.05,53.05,L1439,BK50 - Bodenkundl. Feuchtestufe Frühjahrszahl,0,_contains_point,True,
lueneburger_heide,10.05,53.05,L1439,BK50 - Bodenkundl. Feuchtestufe Frühjahrszahl,0,FL_NR,502095,
lueneburger_heide,10.05,53.05,L1439,BK50 - Bodenkundl. Feuchtestufe Frühjahrszahl,0,BKF_SZ_1991_2020,2.1,
lueneburger_heide,10.05,53.05,L1439,BK50 - Bodenkundl. Feuchtestufe Frühjahrszahl,0,BKF_FJZ_1991_2020,2.1,
lueneburger_heide,10.05,53.05,L1439,BK50 - Bodenkundl. Feuchtestufe Frühjahrszahl,0,EIGNUNG,2,
lueneburger_heide,10.05,53.05,L1439,BK50 - Bodenkundl. Feuchtestufe Frühjahrszahl,0,BKF,2.11306,class (Feuchtestufe)
lueneburger_heide,10.05,53.05,L1440,BK50 - Bodenkundl. Feuchtestufe Sommerzahl,,_feature_count,1,
lueneburger_heide,10.05,53.05,L1440,BK50 - Bodenkundl. Feuchtestufe Sommerzahl,0,_contains_point,True,
lueneburger_heide,10.05,53.05,L1440,BK50 - Bodenkundl. Feuchtestufe Sommerzahl,0,FL_NR,502095,
lueneburger_heide,10.05,53.05,L1440,BK50 - Bodenkundl. Feuchtestufe Sommerzahl,0,BKF_SZ_1991_2020,2.1,
lueneburger_heide,10.05,53.05,L1440,BK50 - Bodenkundl. Feuchtestufe Sommerzahl,0,BKF_FJZ_1991_2020,2.1,
lueneburger_heide,10.05,53.05,L1440,BK50 - Bodenkundl. Feuchtestufe Sommerzahl,0,EIGNUNG,2,
lueneburger_heide,10.05,53.05,L1440,BK50 - Bodenkundl. Feuchtestufe Sommerzahl,0,BKF,2.11306,class (Feuchtestufe)
lueneburger_heide,10.05,53.05,L476,Sulfatsaure Böden 0-2 m,,_feature_count,0,
lueneburger_heide,10.05,53.05,L845,Kohlenstoffreiche Böden (ohne versiegelt) BHK50KSoVS,,_feature_count,0,
lueneburger_heide,10.05,53.05,L846,Kohlenstoffreiche Böden BHK50,,_feature_count,0,
lueneburger_heide,10.05,53.05,L829,Böden mit hoher natürlicher Bodenfruchtbarkeit,,_feature_count,0,
lueneburger_heide,10.05,53.05,L828,Böden mit besonderen Standorteigenschaften,,_feature_count,0,
lueneburger_heide,10.05,53.05,L848,BK50-BR Bodenregionen,,_feature_count,1,
lueneburger_heide,10.05,53.05,L848,BK50-BR Bodenregionen,0,_contains_point,True,
lueneburger_heide,10.05,53.05,L848,BK50-BR Bodenregionen,0,FL_NR,1825,
lueneburger_heide,10.05,53.05,L848,BK50-BR Bodenregionen,0,BR,3,
lueneburger_heide,10.05,53.05,L848,BK50-BR Bodenregionen,0,BR_NAME,GEEST,
lueneburger_heide,10.05,53.05,L848,BK50-BR Bodenregionen,0,TKNR,2926,
lueneburger_heide,10.05,53.05,L848,BK50-BR Bodenregionen,0,TKNAME,Amelinghausen,
lueneburger_heide,10.05,53.05,L848,BK50-BR Bodenregionen,0,UP_DATE,2018-09-06T14:12:10.0000000,
lueneburger_heide,10.05,53.05,L29,BK50-BGL500 Bodengroßlandschaften,,_feature_count,1,
lueneburger_heide,10.05,53.05,L29,BK50-BGL500 Bodengroßlandschaften,0,_contains_point,True,
lueneburger_heide,10.05,53.05,L29,BK50-BGL500 Bodengroßlandschaften,0,BGL,8,
lueneburger_heide,10.05,53.05,L29,BK50-BGL500 Bodengroßlandschaften,0,BGL_NAME,Geestplatten und Endmoränen,
lueneburger_heide,10.05,53.05,L29,BK50-BGL500 Bodengroßlandschaften,0,FL_NR,500,
lueneburger_heide,10.05,53.05,L58,BK50-BL Bodenlandschaften,,_feature_count,1,
lueneburger_heide,10.05,53.05,L58,BK50-BL Bodenlandschaften,0,_contains_point,True,
lueneburger_heide,10.05,53.05,L58,BK50-BL Bodenlandschaften,0,FL_NR,25444,
lueneburger_heide,10.05,53.05,L58,BK50-BL Bodenlandschaften,0,BR,3,
lueneburger_heide,10.05,53.05,L58,BK50-BL Bodenlandschaften,0,BR_NAME,GEEST,
lueneburger_heide,10.05,53.05,L58,BK50-BL Bodenlandschaften,0,BGL,8,
lueneburger_heide,10.05,53.05,L58,BK50-BL Bodenlandschaften,0,BGL_NAME, Geestplatten und Endmoränen,
lueneburger_heide,10.05,53.05,L58,BK50-BL Bodenlandschaften,0,BL,9,
lueneburger_heide,10.05,53.05,L58,BK50-BL Bodenlandschaften,0,BL_NAME,Fluviatile und glazifluviatile Ablagerungen,
lueneburger_heide,10.05,53.05,L58,BK50-BL Bodenlandschaften,0,BR_BGL_BL_NAME,GEEST /  Geestplatten und Endmoränen / Fluviatile und glazifluviatile Ablagerungen,
lueneburger_heide,10.05,53.05,L58,BK50-BL Bodenlandschaften,0,TKNR,,
lueneburger_heide,10.05,53.05,L58,BK50-BL Bodenlandschaften,0,TKNAME,,
lueneburger_heide,10.05,53.05,L58,BK50-BL Bodenlandschaften,0,UP_DATE,2018-09-06T14:14:17.0000000,
lueneburger_heide,10.05,53.05,L487,BUEK500 Bodenübersichtskarte,,_feature_count,1,
lueneburger_heide,10.05,53.05,L487,BUEK500 Bodenübersichtskarte,0,_contains_point,True,
lueneburger_heide,10.05,53.05,L487,BUEK500 Bodenübersichtskarte,0,fl_nr,1806,
lueneburger_heide,10.05,53.05,L487,BUEK500 Bodenübersichtskarte,0,NRKART,26,
lueneburger_heide,10.05,53.05,L487,BUEK500 Bodenübersichtskarte,0,NRKARTTXT,26,
lueneburger_heide,10.05,53.05,L487,BUEK500 Bodenübersichtskarte,0,KLARTEXT,Podsole aus Flugsanden ueber glazifluviatilen Sanden; in Senkenbereichen Gley-Podsole aus Flugsanden ueber glazifluviatilen Sanden; in Taelern Gleye aus periglazialen Decken ueber glazifluviatilen Sanden,
lueneburger_heide,10.05,53.05,L487,BUEK500 Bodenübersichtskarte,0,BULAND,,
lueneburger_heide,10.05,53.05,L1790,GLÖZ 5 Tongehalte (25 %),,_feature_count,0,
emsland,7.35,52.75,L816,BK50 - Karte (soil type),,_feature_count,1,
emsland,7.35,52.75,L816,BK50 - Karte (soil type),0,_contains_point,True,
emsland,7.35,52.75,L816,BK50 - Karte (soil type),0,FL_NR,511330,
emsland,7.35,52.75,L816,BK50 - Karte (soil type),0,NRKART,400846,
emsland,7.35,52.75,L816,BK50 - Karte (soil type),0,PRONUM,453196,
emsland,7.35,52.75,L816,BK50 - Karte (soil type),0,BOTYP,G-P3,
emsland,7.35,52.75,L816,BK50 - Karte (soil type),0,BOTYP_KLARTEXT,Mittlerer Gley-Podsol,
emsland,7.35,52.75,L816,BK50 - Karte (soil type),0,PSONST,MNGW wurde abgesenkt.,
emsland,7.35,52.75,L816,BK50 - Karte (soil type),0,MHGW,7,dm below surface
emsland,7.35,52.75,L816,BK50 - Karte (soil type),0,MNGW,17,dm below surface
emsland,7.35,52.75,L816,BK50 - Karte (soil type),0,NUTZUNG,FN,
emsland,7.35,52.75,L816,BK50 - Karte (soil type),0,GEOTYP,f(qw),
emsland,7.35,52.75,L849,BS5 - Bodenzahl der Bodenschätzung,,_feature_count,0,
emsland,7.35,52.75,L837,BK50 - Ertragsfähigkeit,,_feature_count,1,
emsland,7.35,52.75,L837,BK50 - Ertragsfähigkeit,0,_contains_point,True,
emsland,7.35,52.75,L837,BK50 - Ertragsfähigkeit,0,FL_NR,511330,
emsland,7.35,52.75,L837,BK50 - Ertragsfähigkeit,0,BFR,4,
emsland,7.35,52.75,L838,BK50 - Grundwasserstufe,,_feature_count,1,
emsland,7.35,52.75,L838,BK50 - Grundwasserstufe,0,_contains_point,True,
emsland,7.35,52.75,L838,BK50 - Grundwasserstufe,0,FL_NR,511330,
emsland,7.35,52.75,L838,BK50 - Grundwasserstufe,0,GWS,5,
emsland,7.35,52.75,L839,BK50 - nFK des effektiven Wurzelraumes (nFKWe),,_feature_count,1,
emsland,7.35,52.75,L839,BK50 - nFK des effektiven Wurzelraumes (nFKWe),0,_contains_point,True,
emsland,7.35,52.75,L839,BK50 - nFK des effektiven Wurzelraumes (nFKWe),0,FL_NR,511330,
emsland,7.35,52.75,L839,BK50 - nFK des effektiven Wurzelraumes (nFKWe),0,NFKWE,193,mm
emsland,7.35,52.75,L839,BK50 - nFK des effektiven Wurzelraumes (nFKWe),0,NFKWE_STUFE,4,
emsland,7.35,52.75,L821,BK50 - Pflanzenverfügbares Bodenwasser (1991-2020),,_feature_count,1,
emsland,7.35,52.75,L821,BK50 - Pflanzenverfügbares Bodenwasser (1991-2020),0,_contains_point,True,
emsland,7.35,52.75,L821,BK50 - Pflanzenverfügbares Bodenwasser (1991-2020),0,FL_NR,511330,
emsland,7.35,52.75,L821,BK50 - Pflanzenverfügbares Bodenwasser (1991-2020),0,WPFL,287.349,mm
emsland,7.35,52.75,L821,BK50 - Pflanzenverfügbares Bodenwasser (1991-2020),0,WPFLKLASSE,6,
emsland,7.35,52.75,L821,BK50 - Pflanzenverfügbares Bodenwasser (1991-2020),0,WPFLKLASSE_TEXT,sehr hoch,
emsland,7.35,52.75,L823,BK50 - Effektive Durchwurzelungstiefe,,_feature_count,1,
emsland,7.35,52.75,L823,BK50 - Effektive Durchwurzelungstiefe,0,_contains_point,True,
emsland,7.35,52.75,L823,BK50 - Effektive Durchwurzelungstiefe,0,FL_NR,511330,
emsland,7.35,52.75,L823,BK50 - Effektive Durchwurzelungstiefe,0,WE,120,"cm (WE=110 -> class ""sehr hoch"" >=11 dm per legend)"
emsland,7.35,52.75,L823,BK50 - Effektive Durchwurzelungstiefe,0,WEKLASSE,6,
emsland,7.35,52.75,L823,BK50 - Effektive Durchwurzelungstiefe,0,WEKLASSE_TEXT,sehr hoch,
emsland,7.35,52.75,L820,BK50 - Standortabh. Verdichtungsempfindlichkeit,,_feature_count,1,
emsland,7.35,52.75,L820,BK50 - Standortabh. Verdichtungsempfindlichkeit,0,_contains_point,True,
emsland,7.35,52.75,L820,BK50 - Standortabh. Verdichtungsempfindlichkeit,0,FL_NR,511330,
emsland,7.35,52.75,L820,BK50 - Standortabh. Verdichtungsempfindlichkeit,0,VDST,2,
emsland,7.35,52.75,L820,BK50 - Standortabh. Verdichtungsempfindlichkeit,0,VDST_TEXT,gering,
emsland,7.35,52.75,L822,BK50 - Gefährdung durch Bodenverdichtung,,_feature_count,1,
emsland,7.35,52.75,L822,BK50 - Gefährdung durch Bodenverdichtung,0,_contains_point,True,
emsland,7.35,52.75,L822,BK50 - Gefährdung durch Bodenverdichtung,0,FL_NR,511330,
emsland,7.35,52.75,L822,BK50 - Gefährdung durch Bodenverdichtung,0,VDBF,gering gefährdet,
emsland,7.35,52.75,L842,BK50 - Sickerwasserrate (1991-2020),,_feature_count,1,
emsland,7.35,52.75,L842,BK50 - Sickerwasserrate (1991-2020),0,_contains_point,True,
emsland,7.35,52.75,L842,BK50 - Sickerwasserrate (1991-2020),0,FL_NR,511330,
emsland,7.35,52.75,L842,BK50 - Sickerwasserrate (1991-2020),0,SWRKLASSE,4,
emsland,7.35,52.75,L843,BK50 - Austauschhäufigkeit Bodenwasser (1991-2020),,_feature_count,1,
emsland,7.35,52.75,L843,BK50 - Austauschhäufigkeit Bodenwasser (1991-2020),0,_contains_point,True,
emsland,7.35,52.75,L843,BK50 - Austauschhäufigkeit Bodenwasser (1991-2020),0,FL_NR,511330,
emsland,7.35,52.75,L843,BK50 - Austauschhäufigkeit Bodenwasser (1991-2020),0,AHKLASSE,1,
emsland,7.35,52.75,L841,BK50 - Bindungsstärke Oberboden Cadmium,,_feature_count,1,
emsland,7.35,52.75,L841,BK50 - Bindungsstärke Oberboden Cadmium,0,_contains_point,True,
emsland,7.35,52.75,L841,BK50 - Bindungsstärke Oberboden Cadmium,0,FL_NR,511330,
emsland,7.35,52.75,L841,BK50 - Bindungsstärke Oberboden Cadmium,0,FSMO_CD,1,
emsland,7.35,52.75,L1439,BK50 - Bodenkundl. Feuchtestufe Frühjahrszahl,,_feature_count,1,
emsland,7.35,52.75,L1439,BK50 - Bodenkundl. Feuchtestufe Frühjahrszahl,0,_contains_point,True,
emsland,7.35,52.75,L1439,BK50 - Bodenkundl. Feuchtestufe Frühjahrszahl,0,FL_NR,511330,
emsland,7.35,52.75,L1439,BK50 - Bodenkundl. Feuchtestufe Frühjahrszahl,0,BKF_SZ_1991_2020,4.2,
emsland,7.35,52.75,L1439,BK50 - Bodenkundl. Feuchtestufe Frühjahrszahl,0,BKF_FJZ_1991_2020,4.2,
emsland,7.35,52.75,L1439,BK50 - Bodenkundl. Feuchtestufe Frühjahrszahl,0,EIGNUNG,4,
emsland,7.35,52.75,L1439,BK50 - Bodenkundl. Feuchtestufe Frühjahrszahl,0,BKF,4.246275,class (Feuchtestufe)
emsland,7.35,52.75,L1440,BK50 - Bodenkundl. Feuchtestufe Sommerzahl,,_feature_count,1,
emsland,7.35,52.75,L1440,BK50 - Bodenkundl. Feuchtestufe Sommerzahl,0,_contains_point,True,
emsland,7.35,52.75,L1440,BK50 - Bodenkundl. Feuchtestufe Sommerzahl,0,FL_NR,511330,
emsland,7.35,52.75,L1440,BK50 - Bodenkundl. Feuchtestufe Sommerzahl,0,BKF_SZ_1991_2020,4.2,
emsland,7.35,52.75,L1440,BK50 - Bodenkundl. Feuchtestufe Sommerzahl,0,BKF_FJZ_1991_2020,4.2,
emsland,7.35,52.75,L1440,BK50 - Bodenkundl. Feuchtestufe Sommerzahl,0,EIGNUNG,4,
emsland,7.35,52.75,L1440,BK50 - Bodenkundl. Feuchtestufe Sommerzahl,0,BKF,4.246275,class (Feuchtestufe)
emsland,7.35,52.75,L476,Sulfatsaure Böden 0-2 m,,_feature_count,0,
emsland,7.35,52.75,L845,Kohlenstoffreiche Böden (ohne versiegelt) BHK50KSoVS,,_feature_count,0,
emsland,7.35,52.75,L846,Kohlenstoffreiche Böden BHK50,,_feature_count,0,
emsland,7.35,52.75,L829,Böden mit hoher natürlicher Bodenfruchtbarkeit,,_feature_count,0,
emsland,7.35,52.75,L828,Böden mit besonderen Standorteigenschaften,,_feature_count,0,
emsland,7.35,52.75,L848,BK50-BR Bodenregionen,,_feature_count,1,
emsland,7.35,52.75,L848,BK50-BR Bodenregionen,0,_contains_point,True,
emsland,7.35,52.75,L848,BK50-BR Bodenregionen,0,FL_NR,1575,
emsland,7.35,52.75,L848,BK50-BR Bodenregionen,0,BR,3,
emsland,7.35,52.75,L848,BK50-BR Bodenregionen,0,BR_NAME,GEEST,
emsland,7.35,52.75,L848,BK50-BR Bodenregionen,0,TKNR,3310,
emsland,7.35,52.75,L848,BK50-BR Bodenregionen,0,TKNAME,Haselünne,
emsland,7.35,52.75,L848,BK50-BR Bodenregionen,0,UP_DATE,2018-09-06T14:12:10.0000000,
emsland,7.35,52.75,L29,BK50-BGL500 Bodengroßlandschaften,,_feature_count,1,
emsland,7.35,52.75,L29,BK50-BGL500 Bodengroßlandschaften,0,_contains_point,True,
emsland,7.35,52.75,L29,BK50-BGL500 Bodengroßlandschaften,0,BGL,6,
emsland,7.35,52.75,L29,BK50-BGL500 Bodengroßlandschaften,0,BGL_NAME,Talsandniederungen und Urstromtäler,
emsland,7.35,52.75,L29,BK50-BGL500 Bodengroßlandschaften,0,FL_NR,425,
emsland,7.35,52.75,L58,BK50-BL Bodenlandschaften,,_feature_count,1,
emsland,7.35,52.75,L58,BK50-BL Bodenlandschaften,0,_contains_point,True,
emsland,7.35,52.75,L58,BK50-BL Bodenlandschaften,0,FL_NR,14592,
emsland,7.35,52.75,L58,BK50-BL Bodenlandschaften,0,BR,3,
emsland,7.35,52.75,L58,BK50-BL Bodenlandschaften,0,BR_NAME,GEEST,
emsland,7.35,52.75,L58,BK50-BL Bodenlandschaften,0,BGL,6,
emsland,7.35,52.75,L58,BK50-BL Bodenlandschaften,0,BGL_NAME, Talsandniederungen und Urstromtäler,
emsland,7.35,52.75,L58,BK50-BL Bodenlandschaften,0,BL,8,
emsland,7.35,52.75,L58,BK50-BL Bodenlandschaften,0,BL_NAME,Talsandniederungen,
emsland,7.35,52.75,L58,BK50-BL Bodenlandschaften,0,BR_BGL_BL_NAME,GEEST /  Talsandniederungen und Urstromtäler / Talsandniederungen,
emsland,7.35,52.75,L58,BK50-BL Bodenlandschaften,0,TKNR,,
emsland,7.35,52.75,L58,BK50-BL Bodenlandschaften,0,TKNAME,,
emsland,7.35,52.75,L58,BK50-BL Bodenlandschaften,0,UP_DATE,2018-09-06T14:14:16.0000000,
emsland,7.35,52.75,L487,BUEK500 Bodenübersichtskarte,,_feature_count,1,
emsland,7.35,52.75,L487,BUEK500 Bodenübersichtskarte,0,_contains_point,True,
emsland,7.35,52.75,L487,BUEK500 Bodenübersichtskarte,0,fl_nr,1825,
emsland,7.35,52.75,L487,BUEK500 Bodenübersichtskarte,0,NRKART,16,
emsland,7.35,52.75,L487,BUEK500 Bodenübersichtskarte,0,NRKARTTXT,16,
emsland,7.35,52.75,L487,BUEK500 Bodenübersichtskarte,0,KLARTEXT,Podsole aus aelteren Flugsanden ueber Talsanden (hoehere Bereiche der Talsandniederung); vergesellschaftet mit Gley-Podsolen; in flachen Taelern und Senkenbereichen Gleye aus Talsanden,
emsland,7.35,52.75,L487,BUEK500 Bodenübersichtskarte,0,BULAND,,
emsland,7.35,52.75,L1790,GLÖZ 5 Tongehalte (25 %),,_feature_count,0,
wesermarsch,8.4,53.35,L816,BK50 - Karte (soil type),,_feature_count,1,
wesermarsch,8.4,53.35,L816,BK50 - Karte (soil type),0,_contains_point,True,
wesermarsch,8.4,53.35,L816,BK50 - Karte (soil type),0,FL_NR,536555,
wesermarsch,8.4,53.35,L816,BK50 - Karte (soil type),0,NRKART,208045,
wesermarsch,8.4,53.35,L816,BK50 - Karte (soil type),0,PRONUM,258792,
wesermarsch,8.4,53.35,L816,BK50 - Karte (soil type),0,BOTYP,MC4,
wesermarsch,8.4,53.35,L816,BK50 - Karte (soil type),0,BOTYP_KLARTEXT,Tiefe Kalkmarsch,
wesermarsch,8.4,53.35,L816,BK50 - Karte (soil type),0,PSONST,MHGW wurde abgesenkt. MNGW wurde abgesenkt.,
wesermarsch,8.4,53.35,L816,BK50 - Karte (soil type),0,MHGW,3,dm below surface
wesermarsch,8.4,53.35,L816,BK50 - Karte (soil type),0,MNGW,8,dm below surface
wesermarsch,8.4,53.35,L816,BK50 - Karte (soil type),0,NUTZUNG,G,
wesermarsch,8.4,53.35,L816,BK50 - Karte (soil type),0,GEOTYP,Miwa,
wesermarsch,8.4,53.35,L849,BS5 - Bodenzahl der Bodenschätzung,,_feature_count,1,
wesermarsch,8.4,53.35,L849,BS5 - Bodenzahl der Bodenschätzung,0,_contains_point,True,
wesermarsch,8.4,53.35,L849,BS5 - Bodenzahl der Bodenschätzung,0,FL_NR,3217372,
wesermarsch,8.4,53.35,L849,BS5 - Bodenzahl der Bodenschätzung,0,OGR_FID,177356,
wesermarsch,8.4,53.35,L849,BS5 - Bodenzahl der Bodenschätzung,0,SDE_ID,1657254,
wesermarsch,8.4,53.35,L849,BS5 - Bodenzahl der Bodenschätzung,0,OST,32460102.724,"m (EPSG:4647, zone-prefixed)"
wesermarsch,8.4,53.35,L849,BS5 - Bodenzahl der Bodenschätzung,0,NORD,5911418.396,m
wesermarsch,8.4,53.35,L849,BS5 - Bodenzahl der Bodenschätzung,0,RECHTS,3460157.719,m (Gauss-Krüger)
wesermarsch,8.4,53.35,L849,BS5 - Bodenzahl der Bodenschätzung,0,HOCH,5913342.702,m (Gauss-Krüger)
wesermarsch,8.4,53.35,L849,BS5 - Bodenzahl der Bodenschätzung,0,TK25,2616,
wesermarsch,8.4,53.35,L849,BS5 - Bodenzahl der Bodenschätzung,0,BULAND,,
wesermarsch,8.4,53.35,L849,BS5 - Bodenzahl der Bodenschätzung,0,KLASSENZEICHEN,LI-,
wesermarsch,8.4,53.35,L849,BS5 - Bodenzahl der Bodenschätzung,0,KLASSENZEICHEN_KLARTEXT,Lehm/hohe bis sehr hohe Leistungsfähigkeit/-,
wesermarsch,8.4,53.35,L849,BS5 - Bodenzahl der Bodenschätzung,0,KLASSENZEICHEN_SEP,L;I;-,
wesermarsch,8.4,53.35,L849,BS5 - Bodenzahl der Bodenschätzung,0,AREA,15154.578125,m2
wesermarsch,8.4,53.35,L849,BS5 - Bodenzahl der Bodenschätzung,0,UP_DATE,2023-06-15T15:02:29.0000000,
wesermarsch,8.4,53.35,L849,BS5 - Bodenzahl der Bodenschätzung,0,FL_PRONUM,594029,
wesermarsch,8.4,53.35,L849,BS5 - Bodenzahl der Bodenschätzung,0,XMIN,32459994,
wesermarsch,8.4,53.35,L849,BS5 - Bodenzahl der Bodenschätzung,0,XMAX,32460169,
wesermarsch,8.4,53.35,L849,BS5 - Bodenzahl der Bodenschätzung,0,YMIN,5911311,
wesermarsch,8.4,53.35,L849,BS5 - Bodenzahl der Bodenschätzung,0,YMAX,5911424,
wesermarsch,8.4,53.35,L849,BS5 - Bodenzahl der Bodenschätzung,0,BODENZ,84,points (0-100)
wesermarsch,8.4,53.35,L849,BS5 - Bodenzahl der Bodenschätzung,0,ACKERZ,84,points (0-100+)
wesermarsch,8.4,53.35,L837,BK50 - Ertragsfähigkeit,,_feature_count,1,
wesermarsch,8.4,53.35,L837,BK50 - Ertragsfähigkeit,0,_contains_point,True,
wesermarsch,8.4,53.35,L837,BK50 - Ertragsfähigkeit,0,FL_NR,536555,
wesermarsch,8.4,53.35,L837,BK50 - Ertragsfähigkeit,0,BFR,5,
wesermarsch,8.4,53.35,L838,BK50 - Grundwasserstufe,,_feature_count,1,
wesermarsch,8.4,53.35,L838,BK50 - Grundwasserstufe,0,_contains_point,True,
wesermarsch,8.4,53.35,L838,BK50 - Grundwasserstufe,0,FL_NR,536555,
wesermarsch,8.4,53.35,L838,BK50 - Grundwasserstufe,0,GWS,3,
wesermarsch,8.4,53.35,L839,BK50 - nFK des effektiven Wurzelraumes (nFKWe),,_feature_count,1,
wesermarsch,8.4,53.35,L839,BK50 - nFK des effektiven Wurzelraumes (nFKWe),0,_contains_point,True,
wesermarsch,8.4,53.35,L839,BK50 - nFK des effektiven Wurzelraumes (nFKWe),0,FL_NR,536555,
wesermarsch,8.4,53.35,L839,BK50 - nFK des effektiven Wurzelraumes (nFKWe),0,NFKWE,139,mm
wesermarsch,8.4,53.35,L839,BK50 - nFK des effektiven Wurzelraumes (nFKWe),0,NFKWE_STUFE,3,
wesermarsch,8.4,53.35,L821,BK50 - Pflanzenverfügbares Bodenwasser (1991-2020),,_feature_count,1,
wesermarsch,8.4,53.35,L821,BK50 - Pflanzenverfügbares Bodenwasser (1991-2020),0,_contains_point,True,
wesermarsch,8.4,53.35,L821,BK50 - Pflanzenverfügbares Bodenwasser (1991-2020),0,FL_NR,536555,
wesermarsch,8.4,53.35,L821,BK50 - Pflanzenverfügbares Bodenwasser (1991-2020),0,WPFL,247.446,mm
wesermarsch,8.4,53.35,L821,BK50 - Pflanzenverfügbares Bodenwasser (1991-2020),0,WPFLKLASSE,5,
wesermarsch,8.4,53.35,L821,BK50 - Pflanzenverfügbares Bodenwasser (1991-2020),0,WPFLKLASSE_TEXT,hoch,
wesermarsch,8.4,53.35,L823,BK50 - Effektive Durchwurzelungstiefe,,_feature_count,1,
wesermarsch,8.4,53.35,L823,BK50 - Effektive Durchwurzelungstiefe,0,_contains_point,True,
wesermarsch,8.4,53.35,L823,BK50 - Effektive Durchwurzelungstiefe,0,FL_NR,536555,
wesermarsch,8.4,53.35,L823,BK50 - Effektive Durchwurzelungstiefe,0,WE,70,"cm (WE=110 -> class ""sehr hoch"" >=11 dm per legend)"
wesermarsch,8.4,53.35,L823,BK50 - Effektive Durchwurzelungstiefe,0,WEKLASSE,4,
wesermarsch,8.4,53.35,L823,BK50 - Effektive Durchwurzelungstiefe,0,WEKLASSE_TEXT,mittel,
wesermarsch,8.4,53.35,L820,BK50 - Standortabh. Verdichtungsempfindlichkeit,,_feature_count,1,
wesermarsch,8.4,53.35,L820,BK50 - Standortabh. Verdichtungsempfindlichkeit,0,_contains_point,True,
wesermarsch,8.4,53.35,L820,BK50 - Standortabh. Verdichtungsempfindlichkeit,0,FL_NR,536555,
wesermarsch,8.4,53.35,L820,BK50 - Standortabh. Verdichtungsempfindlichkeit,0,VDST,6,
wesermarsch,8.4,53.35,L820,BK50 - Standortabh. Verdichtungsempfindlichkeit,0,VDST_TEXT,äußerst hoch,
wesermarsch,8.4,53.35,L822,BK50 - Gefährdung durch Bodenverdichtung,,_feature_count,1,
wesermarsch,8.4,53.35,L822,BK50 - Gefährdung durch Bodenverdichtung,0,_contains_point,True,
wesermarsch,8.4,53.35,L822,BK50 - Gefährdung durch Bodenverdichtung,0,FL_NR,536555,
wesermarsch,8.4,53.35,L822,BK50 - Gefährdung durch Bodenverdichtung,0,VDBF,gefährdet,
wesermarsch,8.4,53.35,L842,BK50 - Sickerwasserrate (1991-2020),,_feature_count,1,
wesermarsch,8.4,53.35,L842,BK50 - Sickerwasserrate (1991-2020),0,_contains_point,True,
wesermarsch,8.4,53.35,L842,BK50 - Sickerwasserrate (1991-2020),0,FL_NR,536555,
wesermarsch,8.4,53.35,L842,BK50 - Sickerwasserrate (1991-2020),0,SWRKLASSE,4,
wesermarsch,8.4,53.35,L843,BK50 - Austauschhäufigkeit Bodenwasser (1991-2020),,_feature_count,1,
wesermarsch,8.4,53.35,L843,BK50 - Austauschhäufigkeit Bodenwasser (1991-2020),0,_contains_point,True,
wesermarsch,8.4,53.35,L843,BK50 - Austauschhäufigkeit Bodenwasser (1991-2020),0,FL_NR,536555,
wesermarsch,8.4,53.35,L843,BK50 - Austauschhäufigkeit Bodenwasser (1991-2020),0,AHKLASSE,1,
wesermarsch,8.4,53.35,L841,BK50 - Bindungsstärke Oberboden Cadmium,,_feature_count,1,
wesermarsch,8.4,53.35,L841,BK50 - Bindungsstärke Oberboden Cadmium,0,_contains_point,True,
wesermarsch,8.4,53.35,L841,BK50 - Bindungsstärke Oberboden Cadmium,0,FL_NR,536555,
wesermarsch,8.4,53.35,L841,BK50 - Bindungsstärke Oberboden Cadmium,0,FSMO_CD,5,
wesermarsch,8.4,53.35,L1439,BK50 - Bodenkundl. Feuchtestufe Frühjahrszahl,,_feature_count,1,
wesermarsch,8.4,53.35,L1439,BK50 - Bodenkundl. Feuchtestufe Frühjahrszahl,0,_contains_point,True,
wesermarsch,8.4,53.35,L1439,BK50 - Bodenkundl. Feuchtestufe Frühjahrszahl,0,FL_NR,536555,
wesermarsch,8.4,53.35,L1439,BK50 - Bodenkundl. Feuchtestufe Frühjahrszahl,0,BKF_SZ_1991_2020,7.8,
wesermarsch,8.4,53.35,L1439,BK50 - Bodenkundl. Feuchtestufe Frühjahrszahl,0,BKF_FJZ_1991_2020,7.8,
wesermarsch,8.4,53.35,L1439,BK50 - Bodenkundl. Feuchtestufe Frühjahrszahl,0,EIGNUNG,8,
wesermarsch,8.4,53.35,L1439,BK50 - Bodenkundl. Feuchtestufe Frühjahrszahl,0,BKF,7.78535,class (Feuchtestufe)
wesermarsch,8.4,53.35,L1440,BK50 - Bodenkundl. Feuchtestufe Sommerzahl,,_feature_count,1,
wesermarsch,8.4,53.35,L1440,BK50 - Bodenkundl. Feuchtestufe Sommerzahl,0,_contains_point,True,
wesermarsch,8.4,53.35,L1440,BK50 - Bodenkundl. Feuchtestufe Sommerzahl,0,FL_NR,536555,
wesermarsch,8.4,53.35,L1440,BK50 - Bodenkundl. Feuchtestufe Sommerzahl,0,BKF_SZ_1991_2020,7.8,
wesermarsch,8.4,53.35,L1440,BK50 - Bodenkundl. Feuchtestufe Sommerzahl,0,BKF_FJZ_1991_2020,7.8,
wesermarsch,8.4,53.35,L1440,BK50 - Bodenkundl. Feuchtestufe Sommerzahl,0,EIGNUNG,8,
wesermarsch,8.4,53.35,L1440,BK50 - Bodenkundl. Feuchtestufe Sommerzahl,0,BKF,7.78535,class (Feuchtestufe)
wesermarsch,8.4,53.35,L476,Sulfatsaure Böden 0-2 m,,_feature_count,1,
wesermarsch,8.4,53.35,L476,Sulfatsaure Böden 0-2 m,0,_contains_point,True,
wesermarsch,8.4,53.35,L476,Sulfatsaure Böden 0-2 m,0,FL_NR,6,
wesermarsch,8.4,53.35,L476,Sulfatsaure Böden 0-2 m,0,SSB_KLASSE,GR_2C,
wesermarsch,8.4,53.35,L476,Sulfatsaure Böden 0-2 m,0,INHALT,"kalkhaltiges toniges Material, z.T. mit erhöhten Schwefelgehalten",
wesermarsch,8.4,53.35,L476,Sulfatsaure Böden 0-2 m,0,KURZTEXT,"schluffig-toniges, kalkhaltiges oder nur schwach entkalktes Material, häufig unter Grundwasser- oder Tideeinfluss (Schlickwatt); im Bereich von Bodenentnahmen für Ziegeleien und Deichbau gestörte Lagerung und Eintrag humusreichen Materials und reduzierte Verhältnisse durch Vernässung ",
wesermarsch,8.4,53.35,L476,Sulfatsaure Böden 0-2 m,0,MASSNAHME,"Erkundung bei begründeten Hinweisen im Bodenprofil wie schwarzes Eisensulfid, Jarosit und/oder Eisenausfällungen (Feststellung durch bodenkundliches Fachpersonal) oder bei gehemmtem Pflanzenwachstum",
wesermarsch,8.4,53.35,L845,Kohlenstoffreiche Böden (ohne versiegelt) BHK50KSoVS,,_feature_count,0,
wesermarsch,8.4,53.35,L846,Kohlenstoffreiche Böden BHK50,,_feature_count,0,
wesermarsch,8.4,53.35,L829,Böden mit hoher natürlicher Bodenfruchtbarkeit,,_feature_count,0,
wesermarsch,8.4,53.35,L828,Böden mit besonderen Standorteigenschaften,,_feature_count,0,
wesermarsch,8.4,53.35,L848,BK50-BR Bodenregionen,,_feature_count,1,
wesermarsch,8.4,53.35,L848,BK50-BR Bodenregionen,0,_contains_point,True,
wesermarsch,8.4,53.35,L848,BK50-BR Bodenregionen,0,FL_NR,343,
wesermarsch,8.4,53.35,L848,BK50-BR Bodenregionen,0,BR,1,
wesermarsch,8.4,53.35,L848,BK50-BR Bodenregionen,0,BR_NAME,KÜSTENHOLOZÄN,
wesermarsch,8.4,53.35,L848,BK50-BR Bodenregionen,0,TKNR,2716,
wesermarsch,8.4,53.35,L848,BK50-BR Bodenregionen,0,TKNAME,Brake (Unterweser),
wesermarsch,8.4,53.35,L848,BK50-BR Bodenregionen,0,UP_DATE,2018-09-06T14:12:10.0000000,
wesermarsch,8.4,53.35,L29,BK50-BGL500 Bodengroßlandschaften,,_feature_count,1,
wesermarsch,8.4,53.35,L29,BK50-BGL500 Bodengroßlandschaften,0,_contains_point,True,
wesermarsch,8.4,53.35,L29,BK50-BGL500 Bodengroßlandschaften,0,BGL,3,
wesermarsch,8.4,53.35,L29,BK50-BGL500 Bodengroßlandschaften,0,BGL_NAME,Küstenmarschen,
wesermarsch,8.4,53.35,L29,BK50-BGL500 Bodengroßlandschaften,0,FL_NR,132,
wesermarsch,8.4,53.35,L58,BK50-BL Bodenlandschaften,,_feature_count,1,
wesermarsch,8.4,53.35,L58,BK50-BL Bodenlandschaften,0,_contains_point,True,
wesermarsch,8.4,53.35,L58,BK50-BL Bodenlandschaften,0,FL_NR,6266,
wesermarsch,8.4,53.35,L58,BK50-BL Bodenlandschaften,0,BR,1,
wesermarsch,8.4,53.35,L58,BK50-BL Bodenlandschaften,0,BR_NAME,KÜSTENHOLOZÄN,
wesermarsch,8.4,53.35,L58,BK50-BL Bodenlandschaften,0,BGL,3,
wesermarsch,8.4,53.35,L58,BK50-BL Bodenlandschaften,0,BGL_NAME, Küstenmarschen,
wesermarsch,8.4,53.35,L58,BK50-BL Bodenlandschaften,0,BL,1,
wesermarsch,8.4,53.35,L58,BK50-BL Bodenlandschaften,0,BL_NAME,Junge Marsch,
wesermarsch,8.4,53.35,L58,BK50-BL Bodenlandschaften,0,BR_BGL_BL_NAME,KÜSTENHOLOZÄN /  Küstenmarschen / Junge Marsch,
wesermarsch,8.4,53.35,L58,BK50-BL Bodenlandschaften,0,TKNR,,
wesermarsch,8.4,53.35,L58,BK50-BL Bodenlandschaften,0,TKNAME,,
wesermarsch,8.4,53.35,L58,BK50-BL Bodenlandschaften,0,UP_DATE,2018-09-06T14:14:16.0000000,
wesermarsch,8.4,53.35,L487,BUEK500 Bodenübersichtskarte,,_feature_count,1,
wesermarsch,8.4,53.35,L487,BUEK500 Bodenübersichtskarte,0,_contains_point,True,
wesermarsch,8.4,53.35,L487,BUEK500 Bodenübersichtskarte,0,fl_nr,124,
wesermarsch,8.4,53.35,L487,BUEK500 Bodenübersichtskarte,0,NRKART,5,
wesermarsch,8.4,53.35,L487,BUEK500 Bodenübersichtskarte,0,NRKARTTXT,5,
wesermarsch,8.4,53.35,L487,BUEK500 Bodenübersichtskarte,0,KLARTEXT,"Brackmarschen aus brackischen Tonen, i.d.R. kalkhaltig, z.T. Stauwasser; oertlich Organomarschen aus stark humosen, brackischen Tonen und Schluffen oder Torfen",
wesermarsch,8.4,53.35,L487,BUEK500 Bodenübersichtskarte,0,BULAND,,
wesermarsch,8.4,53.35,L1790,GLÖZ 5 Tongehalte (25 %),,_feature_count,0,
teufelsmoor,8.9,53.25,L816,BK50 - Karte (soil type),,_feature_count,1,
teufelsmoor,8.9,53.25,L816,BK50 - Karte (soil type),0,_contains_point,True,
teufelsmoor,8.9,53.25,L816,BK50 - Karte (soil type),0,FL_NR,562250,
teufelsmoor,8.9,53.25,L816,BK50 - Karte (soil type),0,NRKART,200582,
teufelsmoor,8.9,53.25,L816,BK50 - Karte (soil type),0,PRONUM,258236,
teufelsmoor,8.9,53.25,L816,BK50 - Karte (soil type),0,BOTYP,HHv5,
teufelsmoor,8.9,53.25,L816,BK50 - Karte (soil type),0,BOTYP_KLARTEXT,Sehr tiefes Erdhochmoor,
teufelsmoor,8.9,53.25,L816,BK50 - Karte (soil type),0,PSONST,MHGW wurde abgesenkt. MNGW wurde abgesenkt.,
teufelsmoor,8.9,53.25,L816,BK50 - Karte (soil type),0,MHGW,4,dm below surface
teufelsmoor,8.9,53.25,L816,BK50 - Karte (soil type),0,MNGW,9,dm below surface
teufelsmoor,8.9,53.25,L816,BK50 - Karte (soil type),0,NUTZUNG,G,
teufelsmoor,8.9,53.25,L816,BK50 - Karte (soil type),0,GEOTYP,Hh/Hn_f(qw),
teufelsmoor,8.9,53.25,L849,BS5 - Bodenzahl der Bodenschätzung,,_feature_count,1,
teufelsmoor,8.9,53.25,L849,BS5 - Bodenzahl der Bodenschätzung,0,_contains_point,True,
teufelsmoor,8.9,53.25,L849,BS5 - Bodenzahl der Bodenschätzung,0,FL_NR,3405390,
teufelsmoor,8.9,53.25,L849,BS5 - Bodenzahl der Bodenschätzung,0,OGR_FID,360497,
teufelsmoor,8.9,53.25,L849,BS5 - Bodenzahl der Bodenschätzung,0,SDE_ID,1839681,
teufelsmoor,8.9,53.25,L849,BS5 - Bodenzahl der Bodenschätzung,0,OST,32493166.453,"m (EPSG:4647, zone-prefixed)"
teufelsmoor,8.9,53.25,L849,BS5 - Bodenzahl der Bodenschätzung,0,NORD,5900289.931,m
teufelsmoor,8.9,53.25,L849,BS5 - Bodenzahl der Bodenschätzung,0,RECHTS,3493234.756,m (Gauss-Krüger)
teufelsmoor,8.9,53.25,L849,BS5 - Bodenzahl der Bodenschätzung,0,HOCH,5902210.288,m (Gauss-Krüger)
teufelsmoor,8.9,53.25,L849,BS5 - Bodenzahl der Bodenschätzung,0,TK25,2719,
teufelsmoor,8.9,53.25,L849,BS5 - Bodenzahl der Bodenschätzung,0,BULAND,,
teufelsmoor,8.9,53.25,L849,BS5 - Bodenzahl der Bodenschätzung,0,KLASSENZEICHEN,MoII-,
teufelsmoor,8.9,53.25,L849,BS5 - Bodenzahl der Bodenschätzung,0,KLASSENZEICHEN_KLARTEXT,Moor/mittlere bis  hohe Leistungsfähigkeit/-,
teufelsmoor,8.9,53.25,L849,BS5 - Bodenzahl der Bodenschätzung,0,KLASSENZEICHEN_SEP,Mo;II;-,
teufelsmoor,8.9,53.25,L849,BS5 - Bodenzahl der Bodenschätzung,0,AREA,55664.625,m2
teufelsmoor,8.9,53.25,L849,BS5 - Bodenzahl der Bodenschätzung,0,UP_DATE,2023-06-15T15:30:35.0000000,
teufelsmoor,8.9,53.25,L849,BS5 - Bodenzahl der Bodenschätzung,0,FL_PRONUM,642412,
teufelsmoor,8.9,53.25,L849,BS5 - Bodenzahl der Bodenschätzung,0,XMIN,32493112,
teufelsmoor,8.9,53.25,L849,BS5 - Bodenzahl der Bodenschätzung,0,XMAX,32493404,
teufelsmoor,8.9,53.25,L849,BS5 - Bodenzahl der Bodenschätzung,0,YMIN,5899988,
teufelsmoor,8.9,53.25,L849,BS5 - Bodenzahl der Bodenschätzung,0,YMAX,5900350,
teufelsmoor,8.9,53.25,L849,BS5 - Bodenzahl der Bodenschätzung,0,BODENZ,37,points (0-100)
teufelsmoor,8.9,53.25,L849,BS5 - Bodenzahl der Bodenschätzung,0,ACKERZ,37,points (0-100+)
teufelsmoor,8.9,53.25,L837,BK50 - Ertragsfähigkeit,,_feature_count,1,
teufelsmoor,8.9,53.25,L837,BK50 - Ertragsfähigkeit,0,_contains_point,True,
teufelsmoor,8.9,53.25,L837,BK50 - Ertragsfähigkeit,0,FL_NR,562250,
teufelsmoor,8.9,53.25,L837,BK50 - Ertragsfähigkeit,0,BFR,1,
teufelsmoor,8.9,53.25,L838,BK50 - Grundwasserstufe,,_feature_count,1,
teufelsmoor,8.9,53.25,L838,BK50 - Grundwasserstufe,0,_contains_point,True,
teufelsmoor,8.9,53.25,L838,BK50 - Grundwasserstufe,0,FL_NR,562250,
teufelsmoor,8.9,53.25,L838,BK50 - Grundwasserstufe,0,GWS,3,
teufelsmoor,8.9,53.25,L839,BK50 - nFK des effektiven Wurzelraumes (nFKWe),,_feature_count,1,
teufelsmoor,8.9,53.25,L839,BK50 - nFK des effektiven Wurzelraumes (nFKWe),0,_contains_point,True,
teufelsmoor,8.9,53.25,L839,BK50 - nFK des effektiven Wurzelraumes (nFKWe),0,FL_NR,562250,
teufelsmoor,8.9,53.25,L839,BK50 - nFK des effektiven Wurzelraumes (nFKWe),0,NFKWE,225,mm
teufelsmoor,8.9,53.25,L839,BK50 - nFK des effektiven Wurzelraumes (nFKWe),0,NFKWE_STUFE,5,
teufelsmoor,8.9,53.25,L821,BK50 - Pflanzenverfügbares Bodenwasser (1991-2020),,_feature_count,1,
teufelsmoor,8.9,53.25,L821,BK50 - Pflanzenverfügbares Bodenwasser (1991-2020),0,_contains_point,True,
teufelsmoor,8.9,53.25,L821,BK50 - Pflanzenverfügbares Bodenwasser (1991-2020),0,FL_NR,562250,
teufelsmoor,8.9,53.25,L821,BK50 - Pflanzenverfügbares Bodenwasser (1991-2020),0,WPFL,259.5,mm
teufelsmoor,8.9,53.25,L821,BK50 - Pflanzenverfügbares Bodenwasser (1991-2020),0,WPFLKLASSE,6,
teufelsmoor,8.9,53.25,L821,BK50 - Pflanzenverfügbares Bodenwasser (1991-2020),0,WPFLKLASSE_TEXT,sehr hoch,
teufelsmoor,8.9,53.25,L823,BK50 - Effektive Durchwurzelungstiefe,,_feature_count,1,
teufelsmoor,8.9,53.25,L823,BK50 - Effektive Durchwurzelungstiefe,0,_contains_point,True,
teufelsmoor,8.9,53.25,L823,BK50 - Effektive Durchwurzelungstiefe,0,FL_NR,562250,
teufelsmoor,8.9,53.25,L823,BK50 - Effektive Durchwurzelungstiefe,0,WE,40,"cm (WE=110 -> class ""sehr hoch"" >=11 dm per legend)"
teufelsmoor,8.9,53.25,L823,BK50 - Effektive Durchwurzelungstiefe,0,WEKLASSE,2,
teufelsmoor,8.9,53.25,L823,BK50 - Effektive Durchwurzelungstiefe,0,WEKLASSE_TEXT,sehr gering,
teufelsmoor,8.9,53.25,L820,BK50 - Standortabh. Verdichtungsempfindlichkeit,,_feature_count,1,
teufelsmoor,8.9,53.25,L820,BK50 - Standortabh. Verdichtungsempfindlichkeit,0,_contains_point,True,
teufelsmoor,8.9,53.25,L820,BK50 - Standortabh. Verdichtungsempfindlichkeit,0,FL_NR,562250,
teufelsmoor,8.9,53.25,L820,BK50 - Standortabh. Verdichtungsempfindlichkeit,0,VDST,5,
teufelsmoor,8.9,53.25,L820,BK50 - Standortabh. Verdichtungsempfindlichkeit,0,VDST_TEXT,sehr hoch,
teufelsmoor,8.9,53.25,L822,BK50 - Gefährdung durch Bodenverdichtung,,_feature_count,1,
teufelsmoor,8.9,53.25,L822,BK50 - Gefährdung durch Bodenverdichtung,0,_contains_point,True,
teufelsmoor,8.9,53.25,L822,BK50 - Gefährdung durch Bodenverdichtung,0,FL_NR,562250,
teufelsmoor,8.9,53.25,L822,BK50 - Gefährdung durch Bodenverdichtung,0,VDBF,hoch gefährdet,
teufelsmoor,8.9,53.25,L842,BK50 - Sickerwasserrate (1991-2020),,_feature_count,1,
teufelsmoor,8.9,53.25,L842,BK50 - Sickerwasserrate (1991-2020),0,_contains_point,True,
teufelsmoor,8.9,53.25,L842,BK50 - Sickerwasserrate (1991-2020),0,FL_NR,562250,
teufelsmoor,8.9,53.25,L842,BK50 - Sickerwasserrate (1991-2020),0,SWRKLASSE,5,
teufelsmoor,8.9,53.25,L843,BK50 - Austauschhäufigkeit Bodenwasser (1991-2020),,_feature_count,1,
teufelsmoor,8.9,53.25,L843,BK50 - Austauschhäufigkeit Bodenwasser (1991-2020),0,_contains_point,True,
teufelsmoor,8.9,53.25,L843,BK50 - Austauschhäufigkeit Bodenwasser (1991-2020),0,FL_NR,562250,
teufelsmoor,8.9,53.25,L843,BK50 - Austauschhäufigkeit Bodenwasser (1991-2020),0,AHKLASSE,1,
teufelsmoor,8.9,53.25,L841,BK50 - Bindungsstärke Oberboden Cadmium,,_feature_count,1,
teufelsmoor,8.9,53.25,L841,BK50 - Bindungsstärke Oberboden Cadmium,0,_contains_point,True,
teufelsmoor,8.9,53.25,L841,BK50 - Bindungsstärke Oberboden Cadmium,0,FL_NR,562250,
teufelsmoor,8.9,53.25,L841,BK50 - Bindungsstärke Oberboden Cadmium,0,FSMO_CD,3,
teufelsmoor,8.9,53.25,L1439,BK50 - Bodenkundl. Feuchtestufe Frühjahrszahl,,_feature_count,1,
teufelsmoor,8.9,53.25,L1439,BK50 - Bodenkundl. Feuchtestufe Frühjahrszahl,0,_contains_point,True,
teufelsmoor,8.9,53.25,L1439,BK50 - Bodenkundl. Feuchtestufe Frühjahrszahl,0,FL_NR,562250,
teufelsmoor,8.9,53.25,L1439,BK50 - Bodenkundl. Feuchtestufe Frühjahrszahl,0,BKF_SZ_1991_2020,7.3,
teufelsmoor,8.9,53.25,L1439,BK50 - Bodenkundl. Feuchtestufe Frühjahrszahl,0,BKF_FJZ_1991_2020,7.3,
teufelsmoor,8.9,53.25,L1439,BK50 - Bodenkundl. Feuchtestufe Frühjahrszahl,0,EIGNUNG,7,
teufelsmoor,8.9,53.25,L1439,BK50 - Bodenkundl. Feuchtestufe Frühjahrszahl,0,BKF,7.257,class (Feuchtestufe)
teufelsmoor,8.9,53.25,L1440,BK50 - Bodenkundl. Feuchtestufe Sommerzahl,,_feature_count,1,
teufelsmoor,8.9,53.25,L1440,BK50 - Bodenkundl. Feuchtestufe Sommerzahl,0,_contains_point,True,
teufelsmoor,8.9,53.25,L1440,BK50 - Bodenkundl. Feuchtestufe Sommerzahl,0,FL_NR,562250,
teufelsmoor,8.9,53.25,L1440,BK50 - Bodenkundl. Feuchtestufe Sommerzahl,0,BKF_SZ_1991_2020,7.3,
teufelsmoor,8.9,53.25,L1440,BK50 - Bodenkundl. Feuchtestufe Sommerzahl,0,BKF_FJZ_1991_2020,7.3,
teufelsmoor,8.9,53.25,L1440,BK50 - Bodenkundl. Feuchtestufe Sommerzahl,0,EIGNUNG,7,
teufelsmoor,8.9,53.25,L1440,BK50 - Bodenkundl. Feuchtestufe Sommerzahl,0,BKF,7.257,class (Feuchtestufe)
teufelsmoor,8.9,53.25,L476,Sulfatsaure Böden 0-2 m,,_feature_count,0,
teufelsmoor,8.9,53.25,L845,Kohlenstoffreiche Böden (ohne versiegelt) BHK50KSoVS,,_feature_count,1,
teufelsmoor,8.9,53.25,L845,Kohlenstoffreiche Böden (ohne versiegelt) BHK50KSoVS,0,_contains_point,True,
teufelsmoor,8.9,53.25,L845,Kohlenstoffreiche Böden (ohne versiegelt) BHK50KSoVS,0,BODEN,Hochmoor,
teufelsmoor,8.9,53.25,L845,Kohlenstoffreiche Böden (ohne versiegelt) BHK50KSoVS,0,OBJECTID,18776,
teufelsmoor,8.9,53.25,L845,Kohlenstoffreiche Böden (ohne versiegelt) BHK50KSoVS,0,KATEGORIE,Hochmoor,
teufelsmoor,8.9,53.25,L845,Kohlenstoffreiche Böden (ohne versiegelt) BHK50KSoVS,0,UP_DATE,2022-05-11T00:00:00.0000000,
teufelsmoor,8.9,53.25,L846,Kohlenstoffreiche Böden BHK50,,_feature_count,1,
teufelsmoor,8.9,53.25,L846,Kohlenstoffreiche Böden BHK50,0,_contains_point,True,
teufelsmoor,8.9,53.25,L846,Kohlenstoffreiche Böden BHK50,0,FL_NR,562250,
teufelsmoor,8.9,53.25,L846,Kohlenstoffreiche Böden BHK50,0,NRKART,200582,
teufelsmoor,8.9,53.25,L846,Kohlenstoffreiche Böden BHK50,0,PRONUM,258236,
teufelsmoor,8.9,53.25,L846,Kohlenstoffreiche Böden BHK50,0,KLASSE,1,
teufelsmoor,8.9,53.25,L846,Kohlenstoffreiche Böden BHK50,0,KATEGORIE,Hochmoor,
teufelsmoor,8.9,53.25,L846,Kohlenstoffreiche Böden BHK50,0,BODENTYP,HHv5,
teufelsmoor,8.9,53.25,L846,Kohlenstoffreiche Böden BHK50,0,NUTZUNG,G,
teufelsmoor,8.9,53.25,L846,Kohlenstoffreiche Böden BHK50,0,TORFMAECHTIGKEIT,160,
teufelsmoor,8.9,53.25,L846,Kohlenstoffreiche Böden BHK50,0,MAE_UEBERDECKUNG,,
teufelsmoor,8.9,53.25,L846,Kohlenstoffreiche Böden BHK50,0,MATERIAL_UEBERDECKUNG,,
teufelsmoor,8.9,53.25,L829,Böden mit hoher natürlicher Bodenfruchtbarkeit,,_feature_count,0,
teufelsmoor,8.9,53.25,L828,Böden mit besonderen Standorteigenschaften,,_feature_count,0,
teufelsmoor,8.9,53.25,L848,BK50-BR Bodenregionen,,_feature_count,1,
teufelsmoor,8.9,53.25,L848,BK50-BR Bodenregionen,0,_contains_point,True,
teufelsmoor,8.9,53.25,L848,BK50-BR Bodenregionen,0,FL_NR,1822,
teufelsmoor,8.9,53.25,L848,BK50-BR Bodenregionen,0,BR,3,
teufelsmoor,8.9,53.25,L848,BK50-BR Bodenregionen,0,BR_NAME,GEEST,
teufelsmoor,8.9,53.25,L848,BK50-BR Bodenregionen,0,TKNR,2718,
teufelsmoor,8.9,53.25,L848,BK50-BR Bodenregionen,0,TKNAME,Osterholz-Scharmbeck,
teufelsmoor,8.9,53.25,L848,BK50-BR Bodenregionen,0,UP_DATE,2018-09-06T14:12:10.0000000,
teufelsmoor,8.9,53.25,L29,BK50-BGL500 Bodengroßlandschaften,,_feature_count,1,
teufelsmoor,8.9,53.25,L29,BK50-BGL500 Bodengroßlandschaften,0,_contains_point,True,
teufelsmoor,8.9,53.25,L29,BK50-BGL500 Bodengroßlandschaften,0,BGL,-1,
teufelsmoor,8.9,53.25,L29,BK50-BGL500 Bodengroßlandschaften,0,BGL_NAME,Moore der Geest,
teufelsmoor,8.9,53.25,L29,BK50-BGL500 Bodengroßlandschaften,0,FL_NR,237,
teufelsmoor,8.9,53.25,L58,BK50-BL Bodenlandschaften,,_feature_count,1,
teufelsmoor,8.9,53.25,L58,BK50-BL Bodenlandschaften,0,_contains_point,True,
teufelsmoor,8.9,53.25,L58,BK50-BL Bodenlandschaften,0,FL_NR,11842,
teufelsmoor,8.9,53.25,L58,BK50-BL Bodenlandschaften,0,BR,3,
teufelsmoor,8.9,53.25,L58,BK50-BL Bodenlandschaften,0,BR_NAME,GEEST,
teufelsmoor,8.9,53.25,L58,BK50-BL Bodenlandschaften,0,BGL,-1,
teufelsmoor,8.9,53.25,L58,BK50-BL Bodenlandschaften,0,BGL_NAME,Ohne bodenlandschaftliche Zuordnung,
teufelsmoor,8.9,53.25,L58,BK50-BL Bodenlandschaften,0,BL,4,
teufelsmoor,8.9,53.25,L58,BK50-BL Bodenlandschaften,0,BL_NAME,Moore und lagunäre Ablagerungen,
teufelsmoor,8.9,53.25,L58,BK50-BL Bodenlandschaften,0,BR_BGL_BL_NAME,GEEST / Ohne bodenlandschaftliche Zuordnung / Moore und lagunäre Ablagerungen,
teufelsmoor,8.9,53.25,L58,BK50-BL Bodenlandschaften,0,TKNR,,
teufelsmoor,8.9,53.25,L58,BK50-BL Bodenlandschaften,0,TKNAME,,
teufelsmoor,8.9,53.25,L58,BK50-BL Bodenlandschaften,0,UP_DATE,2018-09-06T14:14:16.0000000,
teufelsmoor,8.9,53.25,L487,BUEK500 Bodenübersichtskarte,,_feature_count,1,
teufelsmoor,8.9,53.25,L487,BUEK500 Bodenübersichtskarte,0,_contains_point,True,
teufelsmoor,8.9,53.25,L487,BUEK500 Bodenübersichtskarte,0,fl_nr,283,
teufelsmoor,8.9,53.25,L487,BUEK500 Bodenübersichtskarte,0,NRKART,14,
teufelsmoor,8.9,53.25,L487,BUEK500 Bodenübersichtskarte,0,NRKARTTXT,14,
teufelsmoor,8.9,53.25,L487,BUEK500 Bodenübersichtskarte,0,KLARTEXT,Niedermoore aus Schilf-Seggentorfen; vergesellschaftet mit Gleyen aus Talsanden und selten mit Tiefumbruchboeden aus Niedermoortorfen und Talsanden,
teufelsmoor,8.9,53.25,L487,BUEK500 Bodenübersichtskarte,0,BULAND,,
teufelsmoor,8.9,53.25,L1790,GLÖZ 5 Tongehalte (25 %),,_feature_count,0,
solling,9.55,51.75,L816,BK50 - Karte (soil type),,_feature_count,1,
solling,9.55,51.75,L816,BK50 - Karte (soil type),0,_contains_point,True,
solling,9.55,51.75,L816,BK50 - Karte (soil type),0,FL_NR,609665,
solling,9.55,51.75,L816,BK50 - Karte (soil type),0,NRKART,400148,
solling,9.55,51.75,L816,BK50 - Karte (soil type),0,PRONUM,457430,
solling,9.55,51.75,L816,BK50 - Karte (soil type),0,BOTYP,pB3,
solling,9.55,51.75,L816,BK50 - Karte (soil type),0,BOTYP_KLARTEXT,Mittlere podsolierte Braunerde,
solling,9.55,51.75,L816,BK50 - Karte (soil type),0,PSONST,,
solling,9.55,51.75,L816,BK50 - Karte (soil type),0,MHGW,,dm below surface
solling,9.55,51.75,L816,BK50 - Karte (soil type),0,MNGW,,dm below surface
solling,9.55,51.75,L816,BK50 - Karte (soil type),0,NUTZUNG,FN,
solling,9.55,51.75,L816,BK50 - Karte (soil type),0,GEOTYP,p//vw=sm,
solling,9.55,51.75,L849,BS5 - Bodenzahl der Bodenschätzung,,_feature_count,0,
solling,9.55,51.75,L837,BK50 - Ertragsfähigkeit,,_feature_count,1,
solling,9.55,51.75,L837,BK50 - Ertragsfähigkeit,0,_contains_point,True,
solling,9.55,51.75,L837,BK50 - Ertragsfähigkeit,0,FL_NR,609665,
solling,9.55,51.75,L837,BK50 - Ertragsfähigkeit,0,BFR,3,
solling,9.55,51.75,L838,BK50 - Grundwasserstufe,,_feature_count,1,
solling,9.55,51.75,L838,BK50 - Grundwasserstufe,0,_contains_point,True,
solling,9.55,51.75,L838,BK50 - Grundwasserstufe,0,FL_NR,609665,
solling,9.55,51.75,L838,BK50 - Grundwasserstufe,0,GWS,7,
solling,9.55,51.75,L839,BK50 - nFK des effektiven Wurzelraumes (nFKWe),,_feature_count,1,
solling,9.55,51.75,L839,BK50 - nFK des effektiven Wurzelraumes (nFKWe),0,_contains_point,True,
solling,9.55,51.75,L839,BK50 - nFK des effektiven Wurzelraumes (nFKWe),0,FL_NR,609665,
solling,9.55,51.75,L839,BK50 - nFK des effektiven Wurzelraumes (nFKWe),0,NFKWE,129,mm
solling,9.55,51.75,L839,BK50 - nFK des effektiven Wurzelraumes (nFKWe),0,NFKWE_STUFE,3,
solling,9.55,51.75,L821,BK50 - Pflanzenverfügbares Bodenwasser (1991-2020),,_feature_count,1,
solling,9.55,51.75,L821,BK50 - Pflanzenverfügbares Bodenwasser (1991-2020),0,_contains_point,True,
solling,9.55,51.75,L821,BK50 - Pflanzenverfügbares Bodenwasser (1991-2020),0,FL_NR,609665,
solling,9.55,51.75,L821,BK50 - Pflanzenverfügbares Bodenwasser (1991-2020),0,WPFL,129.272,mm
solling,9.55,51.75,L821,BK50 - Pflanzenverfügbares Bodenwasser (1991-2020),0,WPFLKLASSE,3,
solling,9.55,51.75,L821,BK50 - Pflanzenverfügbares Bodenwasser (1991-2020),0,WPFLKLASSE_TEXT,gering,
solling,9.55,51.75,L823,BK50 - Effektive Durchwurzelungstiefe,,_feature_count,1,
solling,9.55,51.75,L823,BK50 - Effektive Durchwurzelungstiefe,0,_contains_point,True,
solling,9.55,51.75,L823,BK50 - Effektive Durchwurzelungstiefe,0,FL_NR,609665,
solling,9.55,51.75,L823,BK50 - Effektive Durchwurzelungstiefe,0,WE,105,"cm (WE=110 -> class ""sehr hoch"" >=11 dm per legend)"
solling,9.55,51.75,L823,BK50 - Effektive Durchwurzelungstiefe,0,WEKLASSE,5,
solling,9.55,51.75,L823,BK50 - Effektive Durchwurzelungstiefe,0,WEKLASSE_TEXT,hoch,
solling,9.55,51.75,L820,BK50 - Standortabh. Verdichtungsempfindlichkeit,,_feature_count,1,
solling,9.55,51.75,L820,BK50 - Standortabh. Verdichtungsempfindlichkeit,0,_contains_point,True,
solling,9.55,51.75,L820,BK50 - Standortabh. Verdichtungsempfindlichkeit,0,FL_NR,609665,
solling,9.55,51.75,L820,BK50 - Standortabh. Verdichtungsempfindlichkeit,0,VDST,4,
solling,9.55,51.75,L820,BK50 - Standortabh. Verdichtungsempfindlichkeit,0,VDST_TEXT,hoch,
solling,9.55,51.75,L822,BK50 - Gefährdung durch Bodenverdichtung,,_feature_count,1,
solling,9.55,51.75,L822,BK50 - Gefährdung durch Bodenverdichtung,0,_contains_point,True,
solling,9.55,51.75,L822,BK50 - Gefährdung durch Bodenverdichtung,0,FL_NR,609665,
solling,9.55,51.75,L822,BK50 - Gefährdung durch Bodenverdichtung,0,VDBF,mäßig gefährdet,
solling,9.55,51.75,L842,BK50 - Sickerwasserrate (1991-2020),,_feature_count,1,
solling,9.55,51.75,L842,BK50 - Sickerwasserrate (1991-2020),0,_contains_point,True,
solling,9.55,51.75,L842,BK50 - Sickerwasserrate (1991-2020),0,FL_NR,609665,
solling,9.55,51.75,L842,BK50 - Sickerwasserrate (1991-2020),0,SWRKLASSE,12,
solling,9.55,51.75,L843,BK50 - Austauschhäufigkeit Bodenwasser (1991-2020),,_feature_count,1,
solling,9.55,51.75,L843,BK50 - Austauschhäufigkeit Bodenwasser (1991-2020),0,_contains_point,True,
solling,9.55,51.75,L843,BK50 - Austauschhäufigkeit Bodenwasser (1991-2020),0,FL_NR,609665,
solling,9.55,51.75,L843,BK50 - Austauschhäufigkeit Bodenwasser (1991-2020),0,AHKLASSE,4,
solling,9.55,51.75,L841,BK50 - Bindungsstärke Oberboden Cadmium,,_feature_count,1,
solling,9.55,51.75,L841,BK50 - Bindungsstärke Oberboden Cadmium,0,_contains_point,True,
solling,9.55,51.75,L841,BK50 - Bindungsstärke Oberboden Cadmium,0,FL_NR,609665,
solling,9.55,51.75,L841,BK50 - Bindungsstärke Oberboden Cadmium,0,FSMO_CD,1,
solling,9.55,51.75,L1439,BK50 - Bodenkundl. Feuchtestufe Frühjahrszahl,,_feature_count,1,
solling,9.55,51.75,L1439,BK50 - Bodenkundl. Feuchtestufe Frühjahrszahl,0,_contains_point,True,
solling,9.55,51.75,L1439,BK50 - Bodenkundl. Feuchtestufe Frühjahrszahl,0,FL_NR,609665,
solling,9.55,51.75,L1439,BK50 - Bodenkundl. Feuchtestufe Frühjahrszahl,0,BKF_SZ_1991_2020,4.4,
solling,9.55,51.75,L1439,BK50 - Bodenkundl. Feuchtestufe Frühjahrszahl,0,BKF_FJZ_1991_2020,4.4,
solling,9.55,51.75,L1439,BK50 - Bodenkundl. Feuchtestufe Frühjahrszahl,0,EIGNUNG,4,
solling,9.55,51.75,L1439,BK50 - Bodenkundl. Feuchtestufe Frühjahrszahl,0,BKF,4.384256,class (Feuchtestufe)
solling,9.55,51.75,L1440,BK50 - Bodenkundl. Feuchtestufe Sommerzahl,,_feature_count,1,
solling,9.55,51.75,L1440,BK50 - Bodenkundl. Feuchtestufe Sommerzahl,0,_contains_point,True,
solling,9.55,51.75,L1440,BK50 - Bodenkundl. Feuchtestufe Sommerzahl,0,FL_NR,609665,
solling,9.55,51.75,L1440,BK50 - Bodenkundl. Feuchtestufe Sommerzahl,0,BKF_SZ_1991_2020,4.4,
solling,9.55,51.75,L1440,BK50 - Bodenkundl. Feuchtestufe Sommerzahl,0,BKF_FJZ_1991_2020,4.4,
solling,9.55,51.75,L1440,BK50 - Bodenkundl. Feuchtestufe Sommerzahl,0,EIGNUNG,4,
solling,9.55,51.75,L1440,BK50 - Bodenkundl. Feuchtestufe Sommerzahl,0,BKF,4.384256,class (Feuchtestufe)
solling,9.55,51.75,L476,Sulfatsaure Böden 0-2 m,,_feature_count,0,
solling,9.55,51.75,L845,Kohlenstoffreiche Böden (ohne versiegelt) BHK50KSoVS,,_feature_count,0,
solling,9.55,51.75,L846,Kohlenstoffreiche Böden BHK50,,_feature_count,0,
solling,9.55,51.75,L829,Böden mit hoher natürlicher Bodenfruchtbarkeit,,_feature_count,0,
solling,9.55,51.75,L828,Böden mit besonderen Standorteigenschaften,,_feature_count,0,
solling,9.55,51.75,L848,BK50-BR Bodenregionen,,_feature_count,1,
solling,9.55,51.75,L848,BK50-BR Bodenregionen,0,_contains_point,True,
solling,9.55,51.75,L848,BK50-BR Bodenregionen,0,FL_NR,2890,
solling,9.55,51.75,L848,BK50-BR Bodenregionen,0,BR,5,
solling,9.55,51.75,L848,BK50-BR Bodenregionen,0,BR_NAME,BERGLAND,
solling,9.55,51.75,L848,BK50-BR Bodenregionen,0,TKNR,4322,
solling,9.55,51.75,L848,BK50-BR Bodenregionen,0,TKNAME,Höxter,
solling,9.55,51.75,L848,BK50-BR Bodenregionen,0,UP_DATE,2018-09-06T14:12:10.0000000,
solling,9.55,51.75,L29,BK50-BGL500 Bodengroßlandschaften,,_feature_count,1,
solling,9.55,51.75,L29,BK50-BGL500 Bodengroßlandschaften,0,_contains_point,True,
solling,9.55,51.75,L29,BK50-BGL500 Bodengroßlandschaften,0,BGL,15,
solling,9.55,51.75,L29,BK50-BGL500 Bodengroßlandschaften,0,BGL_NAME,Höhenzüge,
solling,9.55,51.75,L29,BK50-BGL500 Bodengroßlandschaften,0,FL_NR,706,
solling,9.55,51.75,L58,BK50-BL Bodenlandschaften,,_feature_count,1,
solling,9.55,51.75,L58,BK50-BL Bodenlandschaften,0,_contains_point,True,
solling,9.55,51.75,L58,BK50-BL Bodenlandschaften,0,FL_NR,42940,
solling,9.55,51.75,L58,BK50-BL Bodenlandschaften,0,BR,5,
solling,9.55,51.75,L58,BK50-BL Bodenlandschaften,0,BR_NAME,BERGLAND,
solling,9.55,51.75,L58,BK50-BL Bodenlandschaften,0,BGL,15,
solling,9.55,51.75,L58,BK50-BL Bodenlandschaften,0,BGL_NAME, Höhenzüge,
solling,9.55,51.75,L58,BK50-BL Bodenlandschaften,0,BL,15,
solling,9.55,51.75,L58,BK50-BL Bodenlandschaften,0,BL_NAME,Silikatsteingebiete,
solling,9.55,51.75,L58,BK50-BL Bodenlandschaften,0,BR_BGL_BL_NAME,BERGLAND /  Höhenzüge / Silikatsteingebiete,
solling,9.55,51.75,L58,BK50-BL Bodenlandschaften,0,TKNR,,
solling,9.55,51.75,L58,BK50-BL Bodenlandschaften,0,TKNAME,,
solling,9.55,51.75,L58,BK50-BL Bodenlandschaften,0,UP_DATE,2018-09-06T14:14:18.0000000,
solling,9.55,51.75,L487,BUEK500 Bodenübersichtskarte,,_feature_count,1,
solling,9.55,51.75,L487,BUEK500 Bodenübersichtskarte,0,_contains_point,True,
solling,9.55,51.75,L487,BUEK500 Bodenübersichtskarte,0,fl_nr,1688,
solling,9.55,51.75,L487,BUEK500 Bodenübersichtskarte,0,NRKART,57,
solling,9.55,51.75,L487,BUEK500 Bodenübersichtskarte,0,NRKARTTXT,57,
solling,9.55,51.75,L487,BUEK500 Bodenübersichtskarte,0,KLARTEXT,Braunerden aus loesshaltigen Hangbildungen ueber Sand- oder Schluffsteinen; in Hangverebnungen und Leelagen mit maechtigeren Loessdecken Pseudogley-Parabraunerden; in Scheitelbereichen und Oberhanglagen oertlich Ranker,
solling,9.55,51.75,L487,BUEK500 Bodenübersichtskarte,0,BULAND,,
solling,9.55,51.75,L1790,GLÖZ 5 Tongehalte (25 %),,_feature_count,0,
hannover_centre,9.73,52.37,L816,BK50 - Karte (soil type),,_feature_count,1,
hannover_centre,9.73,52.37,L816,BK50 - Karte (soil type),0,_contains_point,True,
hannover_centre,9.73,52.37,L816,BK50 - Karte (soil type),0,FL_NR,521597,
hannover_centre,9.73,52.37,L816,BK50 - Karte (soil type),0,NRKART,-3,
hannover_centre,9.73,52.37,L816,BK50 - Karte (soil type),0,PRONUM,-3,
hannover_centre,9.73,52.37,L816,BK50 - Karte (soil type),0,BOTYP,,
hannover_centre,9.73,52.37,L816,BK50 - Karte (soil type),0,BOTYP_KLARTEXT,,
hannover_centre,9.73,52.37,L816,BK50 - Karte (soil type),0,PSONST,Auftragsfläche,
hannover_centre,9.73,52.37,L816,BK50 - Karte (soil type),0,MHGW,,dm below surface
hannover_centre,9.73,52.37,L816,BK50 - Karte (soil type),0,MNGW,,dm below surface
hannover_centre,9.73,52.37,L816,BK50 - Karte (soil type),0,NUTZUNG,,
hannover_centre,9.73,52.37,L816,BK50 - Karte (soil type),0,GEOTYP,,
hannover_centre,9.73,52.37,L849,BS5 - Bodenzahl der Bodenschätzung,,_feature_count,0,
hannover_centre,9.73,52.37,L837,BK50 - Ertragsfähigkeit,,_feature_count,1,
hannover_centre,9.73,52.37,L837,BK50 - Ertragsfähigkeit,0,_contains_point,True,
hannover_centre,9.73,52.37,L837,BK50 - Ertragsfähigkeit,0,FL_NR,521597,
hannover_centre,9.73,52.37,L837,BK50 - Ertragsfähigkeit,0,BFR,,
hannover_centre,9.73,52.37,L838,BK50 - Grundwasserstufe,,_feature_count,1,
hannover_centre,9.73,52.37,L838,BK50 - Grundwasserstufe,0,_contains_point,True,
hannover_centre,9.73,52.37,L838,BK50 - Grundwasserstufe,0,FL_NR,521597,
hannover_centre,9.73,52.37,L838,BK50 - Grundwasserstufe,0,GWS,,
hannover_centre,9.73,52.37,L839,BK50 - nFK des effektiven Wurzelraumes (nFKWe),,_feature_count,1,
hannover_centre,9.73,52.37,L839,BK50 - nFK des effektiven Wurzelraumes (nFKWe),0,_contains_point,True,
hannover_centre,9.73,52.37,L839,BK50 - nFK des effektiven Wurzelraumes (nFKWe),0,FL_NR,521597,
hannover_centre,9.73,52.37,L839,BK50 - nFK des effektiven Wurzelraumes (nFKWe),0,NFKWE,,mm
hannover_centre,9.73,52.37,L839,BK50 - nFK des effektiven Wurzelraumes (nFKWe),0,NFKWE_STUFE,,
hannover_centre,9.73,52.37,L821,BK50 - Pflanzenverfügbares Bodenwasser (1991-2020),,_feature_count,0,
hannover_centre,9.73,52.37,L823,BK50 - Effektive Durchwurzelungstiefe,,_feature_count,1,
hannover_centre,9.73,52.37,L823,BK50 - Effektive Durchwurzelungstiefe,0,_contains_point,True,
hannover_centre,9.73,52.37,L823,BK50 - Effektive Durchwurzelungstiefe,0,FL_NR,521597,
hannover_centre,9.73,52.37,L823,BK50 - Effektive Durchwurzelungstiefe,0,WE,,"cm (WE=110 -> class ""sehr hoch"" >=11 dm per legend)"
hannover_centre,9.73,52.37,L823,BK50 - Effektive Durchwurzelungstiefe,0,WEKLASSE,,
hannover_centre,9.73,52.37,L823,BK50 - Effektive Durchwurzelungstiefe,0,WEKLASSE_TEXT,,
hannover_centre,9.73,52.37,L820,BK50 - Standortabh. Verdichtungsempfindlichkeit,,_feature_count,1,
hannover_centre,9.73,52.37,L820,BK50 - Standortabh. Verdichtungsempfindlichkeit,0,_contains_point,True,
hannover_centre,9.73,52.37,L820,BK50 - Standortabh. Verdichtungsempfindlichkeit,0,FL_NR,521597,
hannover_centre,9.73,52.37,L820,BK50 - Standortabh. Verdichtungsempfindlichkeit,0,VDST,,
hannover_centre,9.73,52.37,L820,BK50 - Standortabh. Verdichtungsempfindlichkeit,0,VDST_TEXT,,
hannover_centre,9.73,52.37,L822,BK50 - Gefährdung durch Bodenverdichtung,,_feature_count,1,
hannover_centre,9.73,52.37,L822,BK50 - Gefährdung durch Bodenverdichtung,0,_contains_point,True,
hannover_centre,9.73,52.37,L822,BK50 - Gefährdung durch Bodenverdichtung,0,FL_NR,521597,
hannover_centre,9.73,52.37,L822,BK50 - Gefährdung durch Bodenverdichtung,0,VDBF,,
hannover_centre,9.73,52.37,L842,BK50 - Sickerwasserrate (1991-2020),,_feature_count,0,
hannover_centre,9.73,52.37,L843,BK50 - Austauschhäufigkeit Bodenwasser (1991-2020),,_feature_count,0,
hannover_centre,9.73,52.37,L841,BK50 - Bindungsstärke Oberboden Cadmium,,_feature_count,1,
hannover_centre,9.73,52.37,L841,BK50 - Bindungsstärke Oberboden Cadmium,0,_contains_point,True,
hannover_centre,9.73,52.37,L841,BK50 - Bindungsstärke Oberboden Cadmium,0,FL_NR,521597,
hannover_centre,9.73,52.37,L841,BK50 - Bindungsstärke Oberboden Cadmium,0,FSMO_CD,,
hannover_centre,9.73,52.37,L1439,BK50 - Bodenkundl. Feuchtestufe Frühjahrszahl,,_feature_count,0,
hannover_centre,9.73,52.37,L1440,BK50 - Bodenkundl. Feuchtestufe Sommerzahl,,_feature_count,0,
hannover_centre,9.73,52.37,L476,Sulfatsaure Böden 0-2 m,,_feature_count,0,
hannover_centre,9.73,52.37,L845,Kohlenstoffreiche Böden (ohne versiegelt) BHK50KSoVS,,_feature_count,0,
hannover_centre,9.73,52.37,L846,Kohlenstoffreiche Böden BHK50,,_feature_count,0,
hannover_centre,9.73,52.37,L829,Böden mit hoher natürlicher Bodenfruchtbarkeit,,_feature_count,0,
hannover_centre,9.73,52.37,L828,Böden mit besonderen Standorteigenschaften,,_feature_count,0,
hannover_centre,9.73,52.37,L848,BK50-BR Bodenregionen,,_feature_count,1,
hannover_centre,9.73,52.37,L848,BK50-BR Bodenregionen,0,_contains_point,True,
hannover_centre,9.73,52.37,L848,BK50-BR Bodenregionen,0,FL_NR,1222,
hannover_centre,9.73,52.37,L848,BK50-BR Bodenregionen,0,BR,3,
hannover_centre,9.73,52.37,L848,BK50-BR Bodenregionen,0,BR_NAME,GEEST,
hannover_centre,9.73,52.37,L848,BK50-BR Bodenregionen,0,TKNR,3724,
hannover_centre,9.73,52.37,L848,BK50-BR Bodenregionen,0,TKNAME,Hannover,
hannover_centre,9.73,52.37,L848,BK50-BR Bodenregionen,0,UP_DATE,2018-09-06T14:12:10.0000000,
hannover_centre,9.73,52.37,L29,BK50-BGL500 Bodengroßlandschaften,,_feature_count,1,
hannover_centre,9.73,52.37,L29,BK50-BGL500 Bodengroßlandschaften,0,_contains_point,True,
hannover_centre,9.73,52.37,L29,BK50-BGL500 Bodengroßlandschaften,0,BGL,6,
hannover_centre,9.73,52.37,L29,BK50-BGL500 Bodengroßlandschaften,0,BGL_NAME,Talsandniederungen und Urstromtäler,
hannover_centre,9.73,52.37,L29,BK50-BGL500 Bodengroßlandschaften,0,FL_NR,456,
hannover_centre,9.73,52.37,L58,BK50-BL Bodenlandschaften,,_feature_count,1,
hannover_centre,9.73,52.37,L58,BK50-BL Bodenlandschaften,0,_contains_point,True,
hannover_centre,9.73,52.37,L58,BK50-BL Bodenlandschaften,0,FL_NR,1871,
hannover_centre,9.73,52.37,L58,BK50-BL Bodenlandschaften,0,BR,-1,
hannover_centre,9.73,52.37,L58,BK50-BL Bodenlandschaften,0,BR_NAME,Ohne bodenlandschaftliche Zuordnung,
hannover_centre,9.73,52.37,L58,BK50-BL Bodenlandschaften,0,BGL,-1,
hannover_centre,9.73,52.37,L58,BK50-BL Bodenlandschaften,0,BGL_NAME,Ohne bodenlandschaftliche Zuordnung,
hannover_centre,9.73,52.37,L58,BK50-BL Bodenlandschaften,0,BL,-1,
hannover_centre,9.73,52.37,L58,BK50-BL Bodenlandschaften,0,BL_NAME,Ohne bodenlandschaftliche Zuordnung,
hannover_centre,9.73,52.37,L58,BK50-BL Bodenlandschaften,0,BR_BGL_BL_NAME,Ohne bodenlandschaftliche Zuordnung,
hannover_centre,9.73,52.37,L58,BK50-BL Bodenlandschaften,0,TKNR,,
hannover_centre,9.73,52.37,L58,BK50-BL Bodenlandschaften,0,TKNAME,,
hannover_centre,9.73,52.37,L58,BK50-BL Bodenlandschaften,0,UP_DATE,2018-09-06T14:14:16.0000000,
hannover_centre,9.73,52.37,L487,BUEK500 Bodenübersichtskarte,,_feature_count,1,
hannover_centre,9.73,52.37,L487,BUEK500 Bodenübersichtskarte,0,_contains_point,True,
hannover_centre,9.73,52.37,L487,BUEK500 Bodenübersichtskarte,0,fl_nr,2040,
hannover_centre,9.73,52.37,L487,BUEK500 Bodenübersichtskarte,0,NRKART,8,
hannover_centre,9.73,52.37,L487,BUEK500 Bodenübersichtskarte,0,NRKARTTXT,8,
hannover_centre,9.73,52.37,L487,BUEK500 Bodenübersichtskarte,0,KLARTEXT,"Gley-Auenboeden aus Auelehmen, juengere Auelehme kalkhaltig; in tieferen Bereichen Gleye aus Auelehmen; in Altarmen und Senkenbereichen Niedermoore aus Schilf-Seggentorfen; bei Hochwasser ueberflutet",
hannover_centre,9.73,52.37,L487,BUEK500 Bodenübersichtskarte,0,BULAND,,
hannover_centre,9.73,52.37,L1790,GLÖZ 5 Tongehalte (25 %),,_feature_count,0,
farmland_sg_null,10.1,52.18,L816,BK50 - Karte (soil type),,_feature_count,1,
farmland_sg_null,10.1,52.18,L816,BK50 - Karte (soil type),0,_contains_point,True,
farmland_sg_null,10.1,52.18,L816,BK50 - Karte (soil type),0,FL_NR,444450,
farmland_sg_null,10.1,52.18,L816,BK50 - Karte (soil type),0,NRKART,105158,
farmland_sg_null,10.1,52.18,L816,BK50 - Karte (soil type),0,PRONUM,159045,
farmland_sg_null,10.1,52.18,L816,BK50 - Karte (soil type),0,BOTYP,S-T3,
farmland_sg_null,10.1,52.18,L816,BK50 - Karte (soil type),0,BOTYP_KLARTEXT,Mittlerer Pseudogley-Tschernosem,
farmland_sg_null,10.1,52.18,L816,BK50 - Karte (soil type),0,PSONST,,
farmland_sg_null,10.1,52.18,L816,BK50 - Karte (soil type),0,MHGW,,dm below surface
farmland_sg_null,10.1,52.18,L816,BK50 - Karte (soil type),0,MNGW,,dm below surface
farmland_sg_null,10.1,52.18,L816,BK50 - Karte (soil type),0,NUTZUNG,A,
farmland_sg_null,10.1,52.18,L816,BK50 - Karte (soil type),0,GEOTYP,Lol//Lo=Mg,
farmland_sg_null,10.1,52.18,L849,BS5 - Bodenzahl der Bodenschätzung,,_feature_count,1,
farmland_sg_null,10.1,52.18,L849,BS5 - Bodenzahl der Bodenschätzung,0,_contains_point,True,
farmland_sg_null,10.1,52.18,L849,BS5 - Bodenzahl der Bodenschätzung,0,FL_NR,3701990,
farmland_sg_null,10.1,52.18,L849,BS5 - Bodenzahl der Bodenschätzung,0,OGR_FID,649174,
farmland_sg_null,10.1,52.18,L849,BS5 - Bodenzahl der Bodenschätzung,0,SDE_ID,2127954,
farmland_sg_null,10.1,52.18,L849,BS5 - Bodenzahl der Bodenschätzung,0,OST,32574952.168,"m (EPSG:4647, zone-prefixed)"
farmland_sg_null,10.1,52.18,L849,BS5 - Bodenzahl der Bodenschätzung,0,NORD,5781707.954,m
farmland_sg_null,10.1,52.18,L849,BS5 - Bodenzahl der Bodenschätzung,0,RECHTS,3575054.71,m (Gauss-Krüger)
farmland_sg_null,10.1,52.18,L849,BS5 - Bodenzahl der Bodenschätzung,0,HOCH,5783582.381,m (Gauss-Krüger)
farmland_sg_null,10.1,52.18,L849,BS5 - Bodenzahl der Bodenschätzung,0,TK25,3826,
farmland_sg_null,10.1,52.18,L849,BS5 - Bodenzahl der Bodenschätzung,0,BULAND,,
farmland_sg_null,10.1,52.18,L849,BS5 - Bodenzahl der Bodenschätzung,0,KLASSENZEICHEN,L2Lo,
farmland_sg_null,10.1,52.18,L849,BS5 - Bodenzahl der Bodenschätzung,0,KLASSENZEICHEN_KLARTEXT,Lehm/hohe bis sehr hohe Leistungsfähigkeit/Lössböden,
farmland_sg_null,10.1,52.18,L849,BS5 - Bodenzahl der Bodenschätzung,0,KLASSENZEICHEN_SEP,L;2;Lo,
farmland_sg_null,10.1,52.18,L849,BS5 - Bodenzahl der Bodenschätzung,0,AREA,261795.65625,m2
farmland_sg_null,10.1,52.18,L849,BS5 - Bodenzahl der Bodenschätzung,0,UP_DATE,2023-06-15T16:12:50.0000000,
farmland_sg_null,10.1,52.18,L849,BS5 - Bodenzahl der Bodenschätzung,0,FL_PRONUM,868872,
farmland_sg_null,10.1,52.18,L849,BS5 - Bodenzahl der Bodenschätzung,0,XMIN,32574701,
farmland_sg_null,10.1,52.18,L849,BS5 - Bodenzahl der Bodenschätzung,0,XMAX,32575245,
farmland_sg_null,10.1,52.18,L849,BS5 - Bodenzahl der Bodenschätzung,0,YMIN,5780927,
farmland_sg_null,10.1,52.18,L849,BS5 - Bodenzahl der Bodenschätzung,0,YMAX,5781719,
farmland_sg_null,10.1,52.18,L849,BS5 - Bodenzahl der Bodenschätzung,0,BODENZ,90,points (0-100)
farmland_sg_null,10.1,52.18,L849,BS5 - Bodenzahl der Bodenschätzung,0,ACKERZ,94,points (0-100+)
farmland_sg_null,10.1,52.18,L837,BK50 - Ertragsfähigkeit,,_feature_count,1,
farmland_sg_null,10.1,52.18,L837,BK50 - Ertragsfähigkeit,0,_contains_point,True,
farmland_sg_null,10.1,52.18,L837,BK50 - Ertragsfähigkeit,0,FL_NR,444450,
farmland_sg_null,10.1,52.18,L837,BK50 - Ertragsfähigkeit,0,BFR,7,
farmland_sg_null,10.1,52.18,L838,BK50 - Grundwasserstufe,,_feature_count,1,
farmland_sg_null,10.1,52.18,L838,BK50 - Grundwasserstufe,0,_contains_point,True,
farmland_sg_null,10.1,52.18,L838,BK50 - Grundwasserstufe,0,FL_NR,444450,
farmland_sg_null,10.1,52.18,L838,BK50 - Grundwasserstufe,0,GWS,7,
farmland_sg_null,10.1,52.18,L839,BK50 - nFK des effektiven Wurzelraumes (nFKWe),,_feature_count,1,
farmland_sg_null,10.1,52.18,L839,BK50 - nFK des effektiven Wurzelraumes (nFKWe),0,_contains_point,True,
farmland_sg_null,10.1,52.18,L839,BK50 - nFK des effektiven Wurzelraumes (nFKWe),0,FL_NR,444450,
farmland_sg_null,10.1,52.18,L839,BK50 - nFK des effektiven Wurzelraumes (nFKWe),0,NFKWE,228,mm
farmland_sg_null,10.1,52.18,L839,BK50 - nFK des effektiven Wurzelraumes (nFKWe),0,NFKWE_STUFE,5,
farmland_sg_null,10.1,52.18,L821,BK50 - Pflanzenverfügbares Bodenwasser (1991-2020),,_feature_count,1,
farmland_sg_null,10.1,52.18,L821,BK50 - Pflanzenverfügbares Bodenwasser (1991-2020),0,_contains_point,True,
farmland_sg_null,10.1,52.18,L821,BK50 - Pflanzenverfügbares Bodenwasser (1991-2020),0,FL_NR,444450,
farmland_sg_null,10.1,52.18,L821,BK50 - Pflanzenverfügbares Bodenwasser (1991-2020),0,WPFL,228,mm
farmland_sg_null,10.1,52.18,L821,BK50 - Pflanzenverfügbares Bodenwasser (1991-2020),0,WPFLKLASSE,5,
farmland_sg_null,10.1,52.18,L821,BK50 - Pflanzenverfügbares Bodenwasser (1991-2020),0,WPFLKLASSE_TEXT,hoch,
farmland_sg_null,10.1,52.18,L823,BK50 - Effektive Durchwurzelungstiefe,,_feature_count,1,
farmland_sg_null,10.1,52.18,L823,BK50 - Effektive Durchwurzelungstiefe,0,_contains_point,True,
farmland_sg_null,10.1,52.18,L823,BK50 - Effektive Durchwurzelungstiefe,0,FL_NR,444450,
farmland_sg_null,10.1,52.18,L823,BK50 - Effektive Durchwurzelungstiefe,0,WE,110,"cm (WE=110 -> class ""sehr hoch"" >=11 dm per legend)"
farmland_sg_null,10.1,52.18,L823,BK50 - Effektive Durchwurzelungstiefe,0,WEKLASSE,6,
farmland_sg_null,10.1,52.18,L823,BK50 - Effektive Durchwurzelungstiefe,0,WEKLASSE_TEXT,sehr hoch,
farmland_sg_null,10.1,52.18,L820,BK50 - Standortabh. Verdichtungsempfindlichkeit,,_feature_count,1,
farmland_sg_null,10.1,52.18,L820,BK50 - Standortabh. Verdichtungsempfindlichkeit,0,_contains_point,True,
farmland_sg_null,10.1,52.18,L820,BK50 - Standortabh. Verdichtungsempfindlichkeit,0,FL_NR,444450,
farmland_sg_null,10.1,52.18,L820,BK50 - Standortabh. Verdichtungsempfindlichkeit,0,VDST,5,
farmland_sg_null,10.1,52.18,L820,BK50 - Standortabh. Verdichtungsempfindlichkeit,0,VDST_TEXT,sehr hoch,
farmland_sg_null,10.1,52.18,L822,BK50 - Gefährdung durch Bodenverdichtung,,_feature_count,1,
farmland_sg_null,10.1,52.18,L822,BK50 - Gefährdung durch Bodenverdichtung,0,_contains_point,True,
farmland_sg_null,10.1,52.18,L822,BK50 - Gefährdung durch Bodenverdichtung,0,FL_NR,444450,
farmland_sg_null,10.1,52.18,L822,BK50 - Gefährdung durch Bodenverdichtung,0,VDBF,gefährdet,
farmland_sg_null,10.1,52.18,L842,BK50 - Sickerwasserrate (1991-2020),,_feature_count,1,
farmland_sg_null,10.1,52.18,L842,BK50 - Sickerwasserrate (1991-2020),0,_contains_point,True,
farmland_sg_null,10.1,52.18,L842,BK50 - Sickerwasserrate (1991-2020),0,FL_NR,444450,
farmland_sg_null,10.1,52.18,L842,BK50 - Sickerwasserrate (1991-2020),0,SWRKLASSE,4,
farmland_sg_null,10.1,52.18,L843,BK50 - Austauschhäufigkeit Bodenwasser (1991-2020),,_feature_count,1,
farmland_sg_null,10.1,52.18,L843,BK50 - Austauschhäufigkeit Bodenwasser (1991-2020),0,_contains_point,True,
farmland_sg_null,10.1,52.18,L843,BK50 - Austauschhäufigkeit Bodenwasser (1991-2020),0,FL_NR,444450,
farmland_sg_null,10.1,52.18,L843,BK50 - Austauschhäufigkeit Bodenwasser (1991-2020),0,AHKLASSE,1,
farmland_sg_null,10.1,52.18,L841,BK50 - Bindungsstärke Oberboden Cadmium,,_feature_count,1,
farmland_sg_null,10.1,52.18,L841,BK50 - Bindungsstärke Oberboden Cadmium,0,_contains_point,True,
farmland_sg_null,10.1,52.18,L841,BK50 - Bindungsstärke Oberboden Cadmium,0,FL_NR,444450,
farmland_sg_null,10.1,52.18,L841,BK50 - Bindungsstärke Oberboden Cadmium,0,FSMO_CD,5,
farmland_sg_null,10.1,52.18,L1439,BK50 - Bodenkundl. Feuchtestufe Frühjahrszahl,,_feature_count,1,
farmland_sg_null,10.1,52.18,L1439,BK50 - Bodenkundl. Feuchtestufe Frühjahrszahl,0,_contains_point,True,
farmland_sg_null,10.1,52.18,L1439,BK50 - Bodenkundl. Feuchtestufe Frühjahrszahl,0,FL_NR,444450,
farmland_sg_null,10.1,52.18,L1439,BK50 - Bodenkundl. Feuchtestufe Frühjahrszahl,0,BKF_SZ_1991_2020,3.9,
farmland_sg_null,10.1,52.18,L1439,BK50 - Bodenkundl. Feuchtestufe Frühjahrszahl,0,BKF_FJZ_1991_2020,6,
farmland_sg_null,10.1,52.18,L1439,BK50 - Bodenkundl. Feuchtestufe Frühjahrszahl,0,EIGNUNG,4,
farmland_sg_null,10.1,52.18,L1439,BK50 - Bodenkundl. Feuchtestufe Frühjahrszahl,0,BKF,6,class (Feuchtestufe)
farmland_sg_null,10.1,52.18,L1440,BK50 - Bodenkundl. Feuchtestufe Sommerzahl,,_feature_count,1,
farmland_sg_null,10.1,52.18,L1440,BK50 - Bodenkundl. Feuchtestufe Sommerzahl,0,_contains_point,True,
farmland_sg_null,10.1,52.18,L1440,BK50 - Bodenkundl. Feuchtestufe Sommerzahl,0,FL_NR,444450,
farmland_sg_null,10.1,52.18,L1440,BK50 - Bodenkundl. Feuchtestufe Sommerzahl,0,BKF_SZ_1991_2020,3.9,
farmland_sg_null,10.1,52.18,L1440,BK50 - Bodenkundl. Feuchtestufe Sommerzahl,0,BKF_FJZ_1991_2020,6,
farmland_sg_null,10.1,52.18,L1440,BK50 - Bodenkundl. Feuchtestufe Sommerzahl,0,EIGNUNG,4,
farmland_sg_null,10.1,52.18,L1440,BK50 - Bodenkundl. Feuchtestufe Sommerzahl,0,BKF,3.861,class (Feuchtestufe)
farmland_sg_null,10.1,52.18,L476,Sulfatsaure Böden 0-2 m,,_feature_count,0,
farmland_sg_null,10.1,52.18,L845,Kohlenstoffreiche Böden (ohne versiegelt) BHK50KSoVS,,_feature_count,0,
farmland_sg_null,10.1,52.18,L846,Kohlenstoffreiche Böden BHK50,,_feature_count,0,
farmland_sg_null,10.1,52.18,L829,Böden mit hoher natürlicher Bodenfruchtbarkeit,,_feature_count,1,
farmland_sg_null,10.1,52.18,L829,Böden mit hoher natürlicher Bodenfruchtbarkeit,0,_contains_point,True,
farmland_sg_null,10.1,52.18,L829,Böden mit hoher natürlicher Bodenfruchtbarkeit,0,FL_NR,49338,
farmland_sg_null,10.1,52.18,L829,Böden mit hoher natürlicher Bodenfruchtbarkeit,0,KLASSE,BF,
farmland_sg_null,10.1,52.18,L829,Böden mit hoher natürlicher Bodenfruchtbarkeit,0,KATEGORIE,hohe - äußerst hohe Bodenfruchtbarkeit,
farmland_sg_null,10.1,52.18,L829,Böden mit hoher natürlicher Bodenfruchtbarkeit,0,TYP,BFR 7,
farmland_sg_null,10.1,52.18,L829,Böden mit hoher natürlicher Bodenfruchtbarkeit,0,QUELLE,BK50 - Auswertung nach Geobericht 19,
farmland_sg_null,10.1,52.18,L829,Böden mit hoher natürlicher Bodenfruchtbarkeit,0,UP_DATE,2021-04-21T08:16:11.0000000,
farmland_sg_null,10.1,52.18,L829,Böden mit hoher natürlicher Bodenfruchtbarkeit,0,AREA,251437510.34375,m2
farmland_sg_null,10.1,52.18,L828,Böden mit besonderen Standorteigenschaften,,_feature_count,0,
farmland_sg_null,10.1,52.18,L848,BK50-BR Bodenregionen,,_feature_count,1,
farmland_sg_null,10.1,52.18,L848,BK50-BR Bodenregionen,0,_contains_point,True,
farmland_sg_null,10.1,52.18,L848,BK50-BR Bodenregionen,0,FL_NR,2125,
farmland_sg_null,10.1,52.18,L848,BK50-BR Bodenregionen,0,BR,4,
farmland_sg_null,10.1,52.18,L848,BK50-BR Bodenregionen,0,BR_NAME,BERGVORLAND,
farmland_sg_null,10.1,52.18,L848,BK50-BR Bodenregionen,0,TKNR,3926,
farmland_sg_null,10.1,52.18,L848,BK50-BR Bodenregionen,0,TKNAME,Bad Salzdetfurth,
farmland_sg_null,10.1,52.18,L848,BK50-BR Bodenregionen,0,UP_DATE,2018-09-06T14:12:10.0000000,
farmland_sg_null,10.1,52.18,L29,BK50-BGL500 Bodengroßlandschaften,,_feature_count,1,
farmland_sg_null,10.1,52.18,L29,BK50-BGL500 Bodengroßlandschaften,0,_contains_point,True,
farmland_sg_null,10.1,52.18,L29,BK50-BGL500 Bodengroßlandschaften,0,BGL,10,
farmland_sg_null,10.1,52.18,L29,BK50-BGL500 Bodengroßlandschaften,0,BGL_NAME,Lössbörde,
farmland_sg_null,10.1,52.18,L29,BK50-BGL500 Bodengroßlandschaften,0,FL_NR,607,
farmland_sg_null,10.1,52.18,L58,BK50-BL Bodenlandschaften,,_feature_count,1,
farmland_sg_null,10.1,52.18,L58,BK50-BL Bodenlandschaften,0,_contains_point,True,
farmland_sg_null,10.1,52.18,L58,BK50-BL Bodenlandschaften,0,FL_NR,35662,
farmland_sg_null,10.1,52.18,L58,BK50-BL Bodenlandschaften,0,BR,4,
farmland_sg_null,10.1,52.18,L58,BK50-BL Bodenlandschaften,0,BR_NAME,BERGVORLAND,
farmland_sg_null,10.1,52.18,L58,BK50-BL Bodenlandschaften,0,BGL,10,
farmland_sg_null,10.1,52.18,L58,BK50-BL Bodenlandschaften,0,BGL_NAME, Lössbörde,
farmland_sg_null,10.1,52.18,L58,BK50-BL Bodenlandschaften,0,BL,10,
farmland_sg_null,10.1,52.18,L58,BK50-BL Bodenlandschaften,0,BL_NAME,Lehmgebiete,
farmland_sg_null,10.1,52.18,L58,BK50-BL Bodenlandschaften,0,BR_BGL_BL_NAME,BERGVORLAND /  Lössbörde / Lehmgebiete,
farmland_sg_null,10.1,52.18,L58,BK50-BL Bodenlandschaften,0,TKNR,,
farmland_sg_null,10.1,52.18,L58,BK50-BL Bodenlandschaften,0,TKNAME,,
farmland_sg_null,10.1,52.18,L58,BK50-BL Bodenlandschaften,0,UP_DATE,2018-09-06T14:14:17.0000000,
farmland_sg_null,10.1,52.18,L487,BUEK500 Bodenübersichtskarte,,_feature_count,1,
farmland_sg_null,10.1,52.18,L487,BUEK500 Bodenübersichtskarte,0,_contains_point,True,
farmland_sg_null,10.1,52.18,L487,BUEK500 Bodenübersichtskarte,0,fl_nr,2158,
farmland_sg_null,10.1,52.18,L487,BUEK500 Bodenübersichtskarte,0,NRKART,47,
farmland_sg_null,10.1,52.18,L487,BUEK500 Bodenübersichtskarte,0,NRKARTTXT,47,
farmland_sg_null,10.1,52.18,L487,BUEK500 Bodenübersichtskarte,0,KLARTEXT,Pseudogley-Schwarzerden aus Loesslehmen ueb.Geschiebelehmen (Verebnungen und flache Haenge); im Bereich flacher Erhebungen erod. Schwarzerde-Parabraunerden aus Loesslehmen ueb.glazifluviatilen Sanden; in Senken Gleye aus Loesslehmen ueb.Geschiebelehmen,
farmland_sg_null,10.1,52.18,L487,BUEK500 Bodenübersichtskarte,0,BULAND,,
farmland_sg_null,10.1,52.18,L1790,GLÖZ 5 Tongehalte (25 %),,_feature_count,0,
hamburg_control,9.95,53.55,L816,BK50 - Karte (soil type),,_feature_count,0,
hamburg_control,9.95,53.55,L849,BS5 - Bodenzahl der Bodenschätzung,,_feature_count,0,
hamburg_control,9.95,53.55,L837,BK50 - Ertragsfähigkeit,,_feature_count,0,
hamburg_control,9.95,53.55,L838,BK50 - Grundwasserstufe,,_feature_count,0,
hamburg_control,9.95,53.55,L839,BK50 - nFK des effektiven Wurzelraumes (nFKWe),,_feature_count,0,
hamburg_control,9.95,53.55,L821,BK50 - Pflanzenverfügbares Bodenwasser (1991-2020),,_feature_count,0,
hamburg_control,9.95,53.55,L823,BK50 - Effektive Durchwurzelungstiefe,,_feature_count,0,
hamburg_control,9.95,53.55,L820,BK50 - Standortabh. Verdichtungsempfindlichkeit,,_feature_count,0,
hamburg_control,9.95,53.55,L822,BK50 - Gefährdung durch Bodenverdichtung,,_feature_count,0,
hamburg_control,9.95,53.55,L842,BK50 - Sickerwasserrate (1991-2020),,_feature_count,0,
hamburg_control,9.95,53.55,L843,BK50 - Austauschhäufigkeit Bodenwasser (1991-2020),,_feature_count,0,
hamburg_control,9.95,53.55,L841,BK50 - Bindungsstärke Oberboden Cadmium,,_feature_count,0,
hamburg_control,9.95,53.55,L1439,BK50 - Bodenkundl. Feuchtestufe Frühjahrszahl,,_feature_count,0,
hamburg_control,9.95,53.55,L1440,BK50 - Bodenkundl. Feuchtestufe Sommerzahl,,_feature_count,0,
hamburg_control,9.95,53.55,L476,Sulfatsaure Böden 0-2 m,,_feature_count,0,
hamburg_control,9.95,53.55,L845,Kohlenstoffreiche Böden (ohne versiegelt) BHK50KSoVS,,_feature_count,0,
hamburg_control,9.95,53.55,L846,Kohlenstoffreiche Böden BHK50,,_feature_count,0,
hamburg_control,9.95,53.55,L829,Böden mit hoher natürlicher Bodenfruchtbarkeit,,_feature_count,0,
hamburg_control,9.95,53.55,L828,Böden mit besonderen Standorteigenschaften,,_feature_count,0,
hamburg_control,9.95,53.55,L848,BK50-BR Bodenregionen,,_feature_count,0,
hamburg_control,9.95,53.55,L29,BK50-BGL500 Bodengroßlandschaften,,_feature_count,0,
hamburg_control,9.95,53.55,L58,BK50-BL Bodenlandschaften,,_feature_count,0,
hamburg_control,9.95,53.55,L487,BUEK500 Bodenübersichtskarte,,_feature_count,0,
hamburg_control,9.95,53.55,L1790,GLÖZ 5 Tongehalte (25 %),,_feature_count,0,
