site,lon,lat,layer,attribute,value
Hildesheimer Börde (loess),9.95,52.22,L0_sheetindex,OBJECTID,19
Hildesheimer Börde (loess),9.95,52.22,L0_sheetindex,BLATTNUM,CC 3918
Hildesheimer Börde (loess),9.95,52.22,L0_sheetindex,BLATTNAM,Hannover
Hildesheimer Börde (loess),9.95,52.22,L0_sheetindex,JAHR,2006
Hildesheimer Börde (loess),9.95,52.22,L0_sheetindex,Shape_Area,21658335259.246014
Hildesheimer Börde (loess),9.95,52.22,L0_sheetindex,Shape_Length,588691.4533007089
Hildesheimer Börde (loess),9.95,52.22,L17_CC3918,OBJECTID,75
Hildesheimer Börde (loess),9.95,52.22,L17_CC3918,NRKART,52
Hildesheimer Börde (loess),9.95,52.22,L17_CC3918,TKLE_NR,391852
Hildesheimer Börde (loess),9.95,52.22,L17_CC3918,BGL,6.2
Hildesheimer Börde (loess),9.95,52.22,L17_CC3918,LEG_TEXT,Fast ausschließlich *Pseudogley-Tschernoseme aus *Löss über tiefem Tonsteinzersatz
Hildesheimer Börde (loess),9.95,52.22,L17_CC3918,Legende,52 SS-TT: p-ö//c-(z)t(^t)
Hildesheimer Börde (loess),9.95,52.22,L17_CC3918,Shape_Area,219678796.08766383
Hildesheimer Börde (loess),9.95,52.22,L17_CC3918,Shape_Length,334167.68190292805
Hildesheimer Börde (loess),9.95,52.22,L17_CC3918,Hinweis,
Hildesheimer Börde (loess),9.95,52.22,L17_CC3918,Profile,https://fisbo.bgr.de/app/FISBoBGR_Profilanzeige/getProfile.php?KARTE=BUEK200&LEGNR=391852
Hildesheimer Börde (loess),9.95,52.22,identify_L17,OBJECTID,75
Hildesheimer Börde (loess),9.95,52.22,identify_L17,NRKART,52
Hildesheimer Börde (loess),9.95,52.22,identify_L17,TKLE_NR,391852
Hildesheimer Börde (loess),9.95,52.22,identify_L17,BGL,6.2
Hildesheimer Börde (loess),9.95,52.22,identify_L17,Legendentext,Fast ausschließlich *Pseudogley-Tschernoseme aus *Löss über tiefem Tonsteinzersatz
Hildesheimer Börde (loess),9.95,52.22,identify_L17,Legende,52 SS-TT: p-ö//c-(z)t(^t)
Hildesheimer Börde (loess),9.95,52.22,identify_L17,Shape Area,"219678796,087664"
Hildesheimer Börde (loess),9.95,52.22,identify_L17,Shape Length,"334167,681903"
Hildesheimer Börde (loess),9.95,52.22,identify_L17,Hinweis,Null
Hildesheimer Börde (loess),9.95,52.22,identify_L17,Profile,https://fisbo.bgr.de/app/FISBoBGR_Profilanzeige/getProfile.php?KARTE=BUEK200&amp;LEGNR=391852
Hildesheimer Börde (loess),9.95,52.22,profile_391852,unit_header,Bodenübersichtskarte 1:200.000 - Legendeneinheit Nr. 391852 Fast ausschließlich Pseudogley-Tschernoseme aus Löss über tiefem Tonsteinzersatz
Hildesheimer Börde (loess),9.95,52.22,profile_391852,n_profiles,1
Hildesheimer Börde (loess),9.95,52.22,profile_391852,p1.Bodensystematische Einheit,SS-TT
Hildesheimer Börde (loess),9.95,52.22,profile_391852,p1.Flächenanteil,95 %
Hildesheimer Börde (loess),9.95,52.22,profile_391852,p1.Landnutzung,Ackerflächen (CORINE Land Cover Code: 21)
Hildesheimer Börde (loess),9.95,52.22,profile_391852,p1.h1.horizon_symbol,Ap
Hildesheimer Börde (loess),9.95,52.22,profile_391852,p1.h1.top_dm,0
Hildesheimer Börde (loess),9.95,52.22,profile_391852,p1.h1.bottom_dm,3
Hildesheimer Börde (loess),9.95,52.22,profile_391852,p1.h1.stratigraphy,qw
Hildesheimer Börde (loess),9.95,52.22,profile_391852,p1.h1.origin,Lo
Hildesheimer Börde (loess),9.95,52.22,profile_391852,p1.h1.geogenesis,p
Hildesheimer Börde (loess),9.95,52.22,profile_391852,p1.h1.coarse_fraction,
Hildesheimer Börde (loess),9.95,52.22,profile_391852,p1.h1.coarse_content_class,0
Hildesheimer Börde (loess),9.95,52.22,profile_391852,p1.h1.texture_ka5,Ut3
Hildesheimer Börde (loess),9.95,52.22,profile_391852,p1.h1.humus_class,h3
Hildesheimer Börde (loess),9.95,52.22,profile_391852,p1.h1.carbonate_class,
Hildesheimer Börde (loess),9.95,52.22,profile_391852,p1.h1.structure,
Hildesheimer Börde (loess),9.95,52.22,profile_391852,p1.h1.bulk_density_class,Ld2
Hildesheimer Börde (loess),9.95,52.22,profile_391852,p1.h1.peat_type,
Hildesheimer Börde (loess),9.95,52.22,profile_391852,p1.h1.peat_decomposition,
Hildesheimer Börde (loess),9.95,52.22,profile_391852,p1.h1.peat_substance_volume,
Hildesheimer Börde (loess),9.95,52.22,profile_391852,p1.h1.acidity_class,
Hildesheimer Börde (loess),9.95,52.22,profile_391852,p1.h2.horizon_symbol,Axh
Hildesheimer Börde (loess),9.95,52.22,profile_391852,p1.h2.top_dm,3
Hildesheimer Börde (loess),9.95,52.22,profile_391852,p1.h2.bottom_dm,5
Hildesheimer Börde (loess),9.95,52.22,profile_391852,p1.h2.stratigraphy,qw
Hildesheimer Börde (loess),9.95,52.22,profile_391852,p1.h2.origin,Lo
Hildesheimer Börde (loess),9.95,52.22,profile_391852,p1.h2.geogenesis,p
Hildesheimer Börde (loess),9.95,52.22,profile_391852,p1.h2.coarse_fraction,
Hildesheimer Börde (loess),9.95,52.22,profile_391852,p1.h2.coarse_content_class,0
Hildesheimer Börde (loess),9.95,52.22,profile_391852,p1.h2.texture_ka5,Ut3
Hildesheimer Börde (loess),9.95,52.22,profile_391852,p1.h2.humus_class,h2
Hildesheimer Börde (loess),9.95,52.22,profile_391852,p1.h2.carbonate_class,
Hildesheimer Börde (loess),9.95,52.22,profile_391852,p1.h2.structure,
Hildesheimer Börde (loess),9.95,52.22,profile_391852,p1.h2.bulk_density_class,Ld2
Hildesheimer Börde (loess),9.95,52.22,profile_391852,p1.h2.peat_type,
Hildesheimer Börde (loess),9.95,52.22,profile_391852,p1.h2.peat_decomposition,
Hildesheimer Börde (loess),9.95,52.22,profile_391852,p1.h2.peat_substance_volume,
Hildesheimer Börde (loess),9.95,52.22,profile_391852,p1.h2.acidity_class,
Hildesheimer Börde (loess),9.95,52.22,profile_391852,p1.h3.horizon_symbol,Sw
Hildesheimer Börde (loess),9.95,52.22,profile_391852,p1.h3.top_dm,5
Hildesheimer Börde (loess),9.95,52.22,profile_391852,p1.h3.bottom_dm,15
Hildesheimer Börde (loess),9.95,52.22,profile_391852,p1.h3.stratigraphy,qw
Hildesheimer Börde (loess),9.95,52.22,profile_391852,p1.h3.origin,Lo
Hildesheimer Börde (loess),9.95,52.22,profile_391852,p1.h3.geogenesis,p
Hildesheimer Börde (loess),9.95,52.22,profile_391852,p1.h3.coarse_fraction,
Hildesheimer Börde (loess),9.95,52.22,profile_391852,p1.h3.coarse_content_class,0
Hildesheimer Börde (loess),9.95,52.22,profile_391852,p1.h3.texture_ka5,Ut3
Hildesheimer Börde (loess),9.95,52.22,profile_391852,p1.h3.humus_class,h0
Hildesheimer Börde (loess),9.95,52.22,profile_391852,p1.h3.carbonate_class,
Hildesheimer Börde (loess),9.95,52.22,profile_391852,p1.h3.structure,
Hildesheimer Börde (loess),9.95,52.22,profile_391852,p1.h3.bulk_density_class,Ld3
Hildesheimer Börde (loess),9.95,52.22,profile_391852,p1.h3.peat_type,
Hildesheimer Börde (loess),9.95,52.22,profile_391852,p1.h3.peat_decomposition,
Hildesheimer Börde (loess),9.95,52.22,profile_391852,p1.h3.peat_substance_volume,
Hildesheimer Börde (loess),9.95,52.22,profile_391852,p1.h3.acidity_class,
Hildesheimer Börde (loess),9.95,52.22,profile_391852,p1.h4.horizon_symbol,Sd
Hildesheimer Börde (loess),9.95,52.22,profile_391852,p1.h4.top_dm,15
Hildesheimer Börde (loess),9.95,52.22,profile_391852,p1.h4.bottom_dm,20
Hildesheimer Börde (loess),9.95,52.22,profile_391852,p1.h4.stratigraphy,ms
Hildesheimer Börde (loess),9.95,52.22,profile_391852,p1.h4.origin,^t
Hildesheimer Börde (loess),9.95,52.22,profile_391852,p1.h4.geogenesis,c
Hildesheimer Börde (loess),9.95,52.22,profile_391852,p1.h4.coarse_fraction,
Hildesheimer Börde (loess),9.95,52.22,profile_391852,p1.h4.coarse_content_class,0
Hildesheimer Börde (loess),9.95,52.22,profile_391852,p1.h4.texture_ka5,Tu2
Hildesheimer Börde (loess),9.95,52.22,profile_391852,p1.h4.humus_class,h0
Hildesheimer Börde (loess),9.95,52.22,profile_391852,p1.h4.carbonate_class,
Hildesheimer Börde (loess),9.95,52.22,profile_391852,p1.h4.structure,
Hildesheimer Börde (loess),9.95,52.22,profile_391852,p1.h4.bulk_density_class,Ld4
Hildesheimer Börde (loess),9.95,52.22,profile_391852,p1.h4.peat_type,
Hildesheimer Börde (loess),9.95,52.22,profile_391852,p1.h4.peat_decomposition,
Hildesheimer Börde (loess),9.95,52.22,profile_391852,p1.h4.peat_substance_volume,
Hildesheimer Börde (loess),9.95,52.22,profile_391852,p1.h4.acidity_class,
Hildesheim edge (SoilGrids null),9.95,52.12,L0_sheetindex,OBJECTID,19
Hildesheim edge (SoilGrids null),9.95,52.12,L0_sheetindex,BLATTNUM,CC 3918
Hildesheim edge (SoilGrids null),9.95,52.12,L0_sheetindex,BLATTNAM,Hannover
Hildesheim edge (SoilGrids null),9.95,52.12,L0_sheetindex,JAHR,2006
Hildesheim edge (SoilGrids null),9.95,52.12,L0_sheetindex,Shape_Area,21658335259.246014
Hildesheim edge (SoilGrids null),9.95,52.12,L0_sheetindex,Shape_Length,588691.4533007089
Hildesheim edge (SoilGrids null),9.95,52.12,L17_CC3918,OBJECTID,127
Hildesheim edge (SoilGrids null),9.95,52.12,L17_CC3918,NRKART,88
Hildesheim edge (SoilGrids null),9.95,52.12,L17_CC3918,TKLE_NR,391888
Hildesheim edge (SoilGrids null),9.95,52.12,L17_CC3918,BGL,7.3
Hildesheim edge (SoilGrids null),9.95,52.12,L17_CC3918,LEG_TEXT,"Überwiegend *Parabraunerden und *Pseudogley-Parabraunerden sowie gering verbreitet Pararendzinen und Parabraunerde-Pseudogleye aus *Löss über tiefer bis sehr tiefer lehmiger oder toniger Fließerde aus Festgesteinverwitterungsmaterial, gering verbreitet über sehr tiefem Geschiebelehm und gering verbreitet Kolluvisole aus umgelagertem Löss über Löss oder lössreicher Fließerde und sehr tiefer toniger Fließerde aus Festgesteinsverwitterungsmaterial"
Hildesheim edge (SoilGrids null),9.95,52.12,L17_CC3918,Legende,"88 LLn, SS-LL: p-ö/a-ö///pfl-(n)l,(n)t(^fe),g-(w)l; SS-LL, LL-SS: p-ö/a-ö//pfl-(n)l,(n)t(^fe),g-(w)l; RZn: a-ö//pfl-(n)l,(n)t(^fe),g-(w)l; YKn: uk-ö//a-ö,pfl-(n)ö///pfl-(n)t(^fe)"
Hildesheim edge (SoilGrids null),9.95,52.12,L17_CC3918,Shape_Area,1718924331.5281873
Hildesheim edge (SoilGrids null),9.95,52.12,L17_CC3918,Shape_Length,2865964.1162240286
Hildesheim edge (SoilGrids null),9.95,52.12,L17_CC3918,Hinweis,
Hildesheim edge (SoilGrids null),9.95,52.12,L17_CC3918,Profile,https://fisbo.bgr.de/app/FISBoBGR_Profilanzeige/getProfile.php?KARTE=BUEK200&LEGNR=391888
Hildesheim edge (SoilGrids null),9.95,52.12,identify_L17,OBJECTID,127
Hildesheim edge (SoilGrids null),9.95,52.12,identify_L17,NRKART,88
Hildesheim edge (SoilGrids null),9.95,52.12,identify_L17,TKLE_NR,391888
Hildesheim edge (SoilGrids null),9.95,52.12,identify_L17,BGL,7.3
Hildesheim edge (SoilGrids null),9.95,52.12,identify_L17,Legendentext,"Überwiegend *Parabraunerden und *Pseudogley-Parabraunerden sowie gering verbreitet Pararendzinen und Parabraunerde-Pseudogleye aus *Löss über tiefer bis sehr tiefer lehmiger oder toniger Fließerde aus Festgesteinverwitterungsmaterial, gering verbreitet über sehr tiefem Geschiebelehm und gering verbreitet Kolluvisole aus umgelagertem Löss über Löss oder lössreicher Fließerde und sehr tiefer toniger Fließerde aus Festgesteinsverwitterungsmaterial"
Hildesheim edge (SoilGrids null),9.95,52.12,identify_L17,Legende,"88 LLn, SS-LL: p-ö/a-ö///pfl-(n)l,(n)t(^fe),g-(w)l; SS-LL, LL-SS: p-ö/a-ö//pfl-(n)l,(n)t(^fe),g-(w)l; RZn: a-ö//pfl-(n)l,(n)t(^fe),g-(w)l; YKn: uk-ö//a-ö,pfl-(n)ö///pfl-(n)t(^fe)"
Hildesheim edge (SoilGrids null),9.95,52.12,identify_L17,Shape Area,"1718924331,528187"
Hildesheim edge (SoilGrids null),9.95,52.12,identify_L17,Shape Length,"2865964,116224"
Hildesheim edge (SoilGrids null),9.95,52.12,identify_L17,Hinweis,Null
Hildesheim edge (SoilGrids null),9.95,52.12,identify_L17,Profile,https://fisbo.bgr.de/app/FISBoBGR_Profilanzeige/getProfile.php?KARTE=BUEK200&amp;LEGNR=391888
Hildesheim edge (SoilGrids null),9.95,52.12,profile_391888,unit_header,"Bodenübersichtskarte 1:200.000 - Legendeneinheit Nr. 391888 Überwiegend Parabraunerden und Pseudogley-Parabraunerden sowie gering verbreitet Pararendzinen und Parabraunerde-Pseudogleye aus Löss über tiefer bis sehr tiefer lehmiger oder toniger Fließerde aus Festgesteinverwitterungsmaterial, gering verbreitet über sehr tiefem Geschiebelehm und gering verbreitet Kolluvisole aus umgelagertem Löss über Löss oder lössreicher Fließerde und sehr tiefer toniger Fließerde aus Festgesteinsverwitterungsmaterial"
Hildesheim edge (SoilGrids null),9.95,52.12,profile_391888,n_profiles,10
Hildesheim edge (SoilGrids null),9.95,52.12,profile_391888,p1.Bodensystematische Einheit,LLn
Hildesheim edge (SoilGrids null),9.95,52.12,profile_391888,p1.Flächenanteil,20 %
Hildesheim edge (SoilGrids null),9.95,52.12,profile_391888,p1.Landnutzung,Ackerflächen (CORINE Land Cover Code: 21)
Hildesheim edge (SoilGrids null),9.95,52.12,profile_391888,p1.h1.horizon_symbol,Ap
Hildesheim edge (SoilGrids null),9.95,52.12,profile_391888,p1.h1.top_dm,0
Hildesheim edge (SoilGrids null),9.95,52.12,profile_391888,p1.h1.bottom_dm,3
Hildesheim edge (SoilGrids null),9.95,52.12,profile_391888,p1.h1.stratigraphy,qw
Hildesheim edge (SoilGrids null),9.95,52.12,profile_391888,p1.h1.origin,Lo
Hildesheim edge (SoilGrids null),9.95,52.12,profile_391888,p1.h1.geogenesis,p
Hildesheim edge (SoilGrids null),9.95,52.12,profile_391888,p1.h1.coarse_fraction,
Hildesheim edge (SoilGrids null),9.95,52.12,profile_391888,p1.h1.coarse_content_class,0
Hildesheim edge (SoilGrids null),9.95,52.12,profile_391888,p1.h1.texture_ka5,Ut3
Hildesheim edge (SoilGrids null),9.95,52.12,profile_391888,p1.h1.humus_class,h3
Hildesheim edge (SoilGrids null),9.95,52.12,profile_391888,p1.h1.carbonate_class,
Hildesheim edge (SoilGrids null),9.95,52.12,profile_391888,p1.h1.structure,
Hildesheim edge (SoilGrids null),9.95,52.12,profile_391888,p1.h1.bulk_density_class,Ld2
Hildesheim edge (SoilGrids null),9.95,52.12,profile_391888,p1.h1.peat_type,
Hildesheim edge (SoilGrids null),9.95,52.12,profile_391888,p1.h1.peat_decomposition,
Hildesheim edge (SoilGrids null),9.95,52.12,profile_391888,p1.h1.peat_substance_volume,
Hildesheim edge (SoilGrids null),9.95,52.12,profile_391888,p1.h1.acidity_class,
Hildesheim edge (SoilGrids null),9.95,52.12,profile_391888,p1.h2.horizon_symbol,Al
Hildesheim edge (SoilGrids null),9.95,52.12,profile_391888,p1.h2.top_dm,3
Hildesheim edge (SoilGrids null),9.95,52.12,profile_391888,p1.h2.bottom_dm,5
Hildesheim edge (SoilGrids null),9.95,52.12,profile_391888,p1.h2.stratigraphy,qw
Hildesheim edge (SoilGrids null),9.95,52.12,profile_391888,p1.h2.origin,Lo
Hildesheim edge (SoilGrids null),9.95,52.12,profile_391888,p1.h2.geogenesis,p
Hildesheim edge (SoilGrids null),9.95,52.12,profile_391888,p1.h2.coarse_fraction,
Hildesheim edge (SoilGrids null),9.95,52.12,profile_391888,p1.h2.coarse_content_class,0
Hildesheim edge (SoilGrids null),9.95,52.12,profile_391888,p1.h2.texture_ka5,Ut3
Hildesheim edge (SoilGrids null),9.95,52.12,profile_391888,p1.h2.humus_class,h1
Hildesheim edge (SoilGrids null),9.95,52.12,profile_391888,p1.h2.carbonate_class,
Hildesheim edge (SoilGrids null),9.95,52.12,profile_391888,p1.h2.structure,
Hildesheim edge (SoilGrids null),9.95,52.12,profile_391888,p1.h2.bulk_density_class,Ld3
Hildesheim edge (SoilGrids null),9.95,52.12,profile_391888,p1.h2.peat_type,
Hildesheim edge (SoilGrids null),9.95,52.12,profile_391888,p1.h2.peat_decomposition,
Hildesheim edge (SoilGrids null),9.95,52.12,profile_391888,p1.h2.peat_substance_volume,
Hildesheim edge (SoilGrids null),9.95,52.12,profile_391888,p1.h2.acidity_class,
Hildesheim edge (SoilGrids null),9.95,52.12,profile_391888,p1.h3.horizon_symbol,Sw-Bt
Hildesheim edge (SoilGrids null),9.95,52.12,profile_391888,p1.h3.top_dm,5
Hildesheim edge (SoilGrids null),9.95,52.12,profile_391888,p1.h3.bottom_dm,10
Hildesheim edge (SoilGrids null),9.95,52.12,profile_391888,p1.h3.stratigraphy,qw
Hildesheim edge (SoilGrids null),9.95,52.12,profile_391888,p1.h3.origin,Lo
Hildesheim edge (SoilGrids null),9.95,52.12,profile_391888,p1.h3.geogenesis,p
Hildesheim edge (SoilGrids null),9.95,52.12,profile_391888,p1.h3.coarse_fraction,
Hildesheim edge (SoilGrids null),9.95,52.12,profile_391888,p1.h3.coarse_content_class,0
Hildesheim edge (SoilGrids null),9.95,52.12,profile_391888,p1.h3.texture_ka5,Ut4
Hildesheim edge (SoilGrids null),9.95,52.12,profile_391888,p1.h3.humus_class,h0
Hildesheim edge (SoilGrids null),9.95,52.12,profile_391888,p1.h3.carbonate_class,
Hildesheim edge (SoilGrids null),9.95,52.12,profile_391888,p1.h3.structure,
Hildesheim edge (SoilGrids null),9.95,52.12,profile_391888,p1.h3.bulk_density_class,Ld3
Hildesheim edge (SoilGrids null),9.95,52.12,profile_391888,p1.h3.peat_type,
Hildesheim edge (SoilGrids null),9.95,52.12,profile_391888,p1.h3.peat_decomposition,
Hildesheim edge (SoilGrids null),9.95,52.12,profile_391888,p1.h3.peat_substance_volume,
Hildesheim edge (SoilGrids null),9.95,52.12,profile_391888,p1.h3.acidity_class,
Hildesheim edge (SoilGrids null),9.95,52.12,profile_391888,p1.h4.horizon_symbol,Sw-lCv
Hildesheim edge (SoilGrids null),9.95,52.12,profile_391888,p1.h4.top_dm,10
Hildesheim edge (SoilGrids null),9.95,52.12,profile_391888,p1.h4.bottom_dm,13
Hildesheim edge (SoilGrids null),9.95,52.12,profile_391888,p1.h4.stratigraphy,qw
Hildesheim edge (SoilGrids null),9.95,52.12,profile_391888,p1.h4.origin,Lo
Hildesheim edge (SoilGrids null),9.95,52.12,profile_391888,p1.h4.geogenesis,a
Hildesheim edge (SoilGrids null),9.95,52.12,profile_391888,p1.h4.coarse_fraction,
Hildesheim edge (SoilGrids null),9.95,52.12,profile_391888,p1.h4.coarse_content_class,0
Hildesheim edge (SoilGrids null),9.95,52.12,profile_391888,p1.h4.texture_ka5,Ut3
Hildesheim edge (SoilGrids null),9.95,52.12,profile_391888,p1.h4.humus_class,h0
Hildesheim edge (SoilGrids null),9.95,52.12,profile_391888,p1.h4.carbonate_class,
Hildesheim edge (SoilGrids null),9.95,52.12,profile_391888,p1.h4.structure,
Hildesheim edge (SoilGrids null),9.95,52.12,profile_391888,p1.h4.bulk_density_class,Ld3
Hildesheim edge (SoilGrids null),9.95,52.12,profile_391888,p1.h4.peat_type,
Hildesheim edge (SoilGrids null),9.95,52.12,profile_391888,p1.h4.peat_decomposition,
Hildesheim edge (SoilGrids null),9.95,52.12,profile_391888,p1.h4.peat_substance_volume,
Hildesheim edge (SoilGrids null),9.95,52.12,profile_391888,p1.h4.acidity_class,
Hildesheim edge (SoilGrids null),9.95,52.12,profile_391888,p1.h5.horizon_symbol,Sd
Hildesheim edge (SoilGrids null),9.95,52.12,profile_391888,p1.h5.top_dm,13
Hildesheim edge (SoilGrids null),9.95,52.12,profile_391888,p1.h5.bottom_dm,20
Hildesheim edge (SoilGrids null),9.95,52.12,profile_391888,p1.h5.stratigraphy,qD
Hildesheim edge (SoilGrids null),9.95,52.12,profile_391888,p1.h5.origin,Lflp
Hildesheim edge (SoilGrids null),9.95,52.12,profile_391888,p1.h5.geogenesis,pfl
Hildesheim edge (SoilGrids null),9.95,52.12,profile_391888,p1.h5.coarse_fraction,X
Hildesheim edge (SoilGrids null),9.95,52.12,profile_391888,p1.h5.coarse_content_class,2
Hildesheim edge (SoilGrids null),9.95,52.12,profile_391888,p1.h5.texture_ka5,Ls3
Hildesheim edge (SoilGrids null),9.95,52.12,profile_391888,p1.h5.humus_class,h0
Hildesheim edge (SoilGrids null),9.95,52.12,profile_391888,p1.h5.carbonate_class,
Hildesheim edge (SoilGrids null),9.95,52.12,profile_391888,p1.h5.structure,
Hildesheim edge (SoilGrids null),9.95,52.12,profile_391888,p1.h5.bulk_density_class,Ld4
Hildesheim edge (SoilGrids null),9.95,52.12,profile_391888,p1.h5.peat_type,
Hildesheim edge (SoilGrids null),9.95,52.12,profile_391888,p1.h5.peat_decomposition,
Hildesheim edge (SoilGrids null),9.95,52.12,profile_391888,p1.h5.peat_substance_volume,
Hildesheim edge (SoilGrids null),9.95,52.12,profile_391888,p1.h5.acidity_class,
Hildesheim edge (SoilGrids null),9.95,52.12,profile_391888,p2.Bodensystematische Einheit,LLn
Hildesheim edge (SoilGrids null),9.95,52.12,profile_391888,p2.Flächenanteil,20 %
Hildesheim edge (SoilGrids null),9.95,52.12,profile_391888,p2.Landnutzung,Ackerflächen (CORINE Land Cover Code: 21)
Hildesheim edge (SoilGrids null),9.95,52.12,profile_391888,p2.h1.horizon_symbol,Ap
Hildesheim edge (SoilGrids null),9.95,52.12,profile_391888,p2.h1.top_dm,0
Hildesheim edge (SoilGrids null),9.95,52.12,profile_391888,p2.h1.bottom_dm,3
Hildesheim edge (SoilGrids null),9.95,52.12,profile_391888,p2.h1.stratigraphy,qw
Hildesheim edge (SoilGrids null),9.95,52.12,profile_391888,p2.h1.origin,Lo
Hildesheim edge (SoilGrids null),9.95,52.12,profile_391888,p2.h1.geogenesis,p
Hildesheim edge (SoilGrids null),9.95,52.12,profile_391888,p2.h1.coarse_fraction,
Hildesheim edge (SoilGrids null),9.95,52.12,profile_391888,p2.h1.coarse_content_class,0
Hildesheim edge (SoilGrids null),9.95,52.12,profile_391888,p2.h1.texture_ka5,Ut3
Hildesheim edge (SoilGrids null),9.95,52.12,profile_391888,p2.h1.humus_class,h3
Hildesheim edge (SoilGrids null),9.95,52.12,profile_391888,p2.h1.carbonate_class,
Hildesheim edge (SoilGrids null),9.95,52.12,profile_391888,p2.h1.structure,
Hildesheim edge (SoilGrids null),9.95,52.12,profile_391888,p2.h1.bulk_density_class,Ld2
Hildesheim edge (SoilGrids null),9.95,52.12,profile_391888,p2.h1.peat_type,
Hildesheim edge (SoilGrids null),9.95,52.12,profile_391888,p2.h1.peat_decomposition,
Hildesheim edge (SoilGrids null),9.95,52.12,profile_391888,p2.h1.peat_substance_volume,
Hildesheim edge (SoilGrids null),9.95,52.12,profile_391888,p2.h1.acidity_class,
Hildesheim edge (SoilGrids null),9.95,52.12,profile_391888,p2.h2.horizon_symbol,Al
Hildesheim edge (SoilGrids null),9.95,52.12,profile_391888,p2.h2.top_dm,3
Hildesheim edge (SoilGrids null),9.95,52.12,profile_391888,p2.h2.bottom_dm,4.1
Hildesheim edge (SoilGrids null),9.95,52.12,profile_391888,p2.h2.stratigraphy,qw
Hildesheim edge (SoilGrids null),9.95,52.12,profile_391888,p2.h2.origin,Lo
Hildesheim edge (SoilGrids null),9.95,52.12,profile_391888,p2.h2.geogenesis,p
Hildesheim edge (SoilGrids null),9.95,52.12,profile_391888,p2.h2.coarse_fraction,
Hildesheim edge (SoilGrids null),9.95,52.12,profile_391888,p2.h2.coarse_content_class,0
Hildesheim edge (SoilGrids null),9.95,52.12,profile_391888,p2.h2.texture_ka5,Ut3
Hildesheim edge (SoilGrids null),9.95,52.12,profile_391888,p2.h2.humus_class,h1
Hildesheim edge (SoilGrids null),9.95,52.12,profile_391888,p2.h2.carbonate_class,
Hildesheim edge (SoilGrids null),9.95,52.12,profile_391888,p2.h2.structure,
Hildesheim edge (SoilGrids null),9.95,52.12,profile_391888,p2.h2.bulk_density_class,Ld3
Hildesheim edge (SoilGrids null),9.95,52.12,profile_391888,p2.h2.peat_type,
Hildesheim edge (SoilGrids null),9.95,52.12,profile_391888,p2.h2.peat_decomposition,
Hildesheim edge (SoilGrids null),9.95,52.12,profile_391888,p2.h2.peat_substance_volume,
Hildesheim edge (SoilGrids null),9.95,52.12,profile_391888,p2.h2.acidity_class,
Hildesheim edge (SoilGrids null),9.95,52.12,profile_391888,p2.h3.horizon_symbol,Bt
Hildesheim edge (SoilGrids null),9.95,52.12,profile_391888,p2.h3.top_dm,4.1
Hildesheim edge (SoilGrids null),9.95,52.12,profile_391888,p2.h3.bottom_dm,7.9
Hildesheim edge (SoilGrids null),9.95,52.12,profile_391888,p2.h3.stratigraphy,qw
Hildesheim edge (SoilGrids null),9.95,52.12,profile_391888,p2.h3.origin,Lo
Hildesheim edge (SoilGrids null),9.95,52.12,profile_391888,p2.h3.geogenesis,p
Hildesheim edge (SoilGrids null),9.95,52.12,profile_391888,p2.h3.coarse_fraction,
Hildesheim edge (SoilGrids null),9.95,52.12,profile_391888,p2.h3.coarse_content_class,0
Hildesheim edge (SoilGrids null),9.95,52.12,profile_391888,p2.h3.texture_ka5,Ut4
Hildesheim edge (SoilGrids null),9.95,52.12,profile_391888,p2.h3.humus_class,h0
Hildesheim edge (SoilGrids null),9.95,52.12,profile_391888,p2.h3.carbonate_class,
Hildesheim edge (SoilGrids null),9.95,52.12,profile_391888,p2.h3.structure,
Hildesheim edge (SoilGrids null),9.95,52.12,profile_391888,p2.h3.bulk_density_class,Ld3
Hildesheim edge (SoilGrids null),9.95,52.12,profile_391888,p2.h3.peat_type,
Hildesheim edge (SoilGrids null),9.95,52.12,profile_391888,p2.h3.peat_decomposition,
Hildesheim edge (SoilGrids null),9.95,52.12,profile_391888,p2.h3.peat_substance_volume,
Hildesheim edge (SoilGrids null),9.95,52.12,profile_391888,p2.h3.acidity_class,
Hildesheim edge (SoilGrids null),9.95,52.12,profile_391888,p2.h4.horizon_symbol,Sw
Hildesheim edge (SoilGrids null),9.95,52.12,profile_391888,p2.h4.top_dm,7.9
Hildesheim edge (SoilGrids null),9.95,52.12,profile_391888,p2.h4.bottom_dm,16
Hildesheim edge (SoilGrids null),9.95,52.12,profile_391888,p2.h4.stratigraphy,qw
Hildesheim edge (SoilGrids null),9.95,52.12,profile_391888,p2.h4.origin,Lo
Hildesheim edge (SoilGrids null),9.95,52.12,profile_391888,p2.h4.geogenesis,a
Hildesheim edge (SoilGrids null),9.95,52.12,profile_391888,p2.h4.coarse_fraction,
Hildesheim edge (SoilGrids null),9.95,52.12,profile_391888,p2.h4.coarse_content_class,0
Hildesheim edge (SoilGrids null),9.95,52.12,profile_391888,p2.h4.texture_ka5,Ut3
Hildesheim edge (SoilGrids null),9.95,52.12,profile_391888,p2.h4.humus_class,h0
Hildesheim edge (SoilGrids null),9.95,52.12,profile_391888,p2.h4.carbonate_class,
Hildesheim edge (SoilGrids null),9.95,52.12,profile_391888,p2.h4.structure,
Hildesheim edge (SoilGrids null),9.95,52.12,profile_391888,p2.h4.bulk_density_class,Ld3
Hildesheim edge (SoilGrids null),9.95,52.12,profile_391888,p2.h4.peat_type,
Hildesheim edge (SoilGrids null),9.95,52.12,profile_391888,p2.h4.peat_decomposition,
Hildesheim edge (SoilGrids null),9.95,52.12,profile_391888,p2.h4.peat_substance_volume,
Hildesheim edge (SoilGrids null),9.95,52.12,profile_391888,p2.h4.acidity_class,
Hildesheim edge (SoilGrids null),9.95,52.12,profile_391888,p2.h5.horizon_symbol,Sd
Hildesheim edge (SoilGrids null),9.95,52.12,profile_391888,p2.h5.top_dm,16
Hildesheim edge (SoilGrids null),9.95,52.12,profile_391888,p2.h5.bottom_dm,20
Hildesheim edge (SoilGrids null),9.95,52.12,profile_391888,p2.h5.stratigraphy,qD
Hildesheim edge (SoilGrids null),9.95,52.12,profile_391888,p2.h5.origin,Lflp
Hildesheim edge (SoilGrids null),9.95,52.12,profile_391888,p2.h5.geogenesis,pfl
Hildesheim edge (SoilGrids null),9.95,52.12,profile_391888,p2.h5.coarse_fraction,X
Hildesheim edge (SoilGrids null),9.95,52.12,profile_391888,p2.h5.coarse_content_class,2
Hildesheim edge (SoilGrids null),9.95,52.12,profile_391888,p2.h5.texture_ka5,Ls3
Hildesheim edge (SoilGrids null),9.95,52.12,profile_391888,p2.h5.humus_class,h0
Hildesheim edge (SoilGrids null),9.95,52.12,profile_391888,p2.h5.carbonate_class,
Hildesheim edge (SoilGrids null),9.95,52.12,profile_391888,p2.h5.structure,
Hildesheim edge (SoilGrids null),9.95,52.12,profile_391888,p2.h5.bulk_density_class,Ld4
Hildesheim edge (SoilGrids null),9.95,52.12,profile_391888,p2.h5.peat_type,
Hildesheim edge (SoilGrids null),9.95,52.12,profile_391888,p2.h5.peat_decomposition,
Hildesheim edge (SoilGrids null),9.95,52.12,profile_391888,p2.h5.peat_substance_volume,
Hildesheim edge (SoilGrids null),9.95,52.12,profile_391888,p2.h5.acidity_class,
Hildesheim edge (SoilGrids null),9.95,52.12,profile_391888,p3.Bodensystematische Einheit,SS-LL
Hildesheim edge (SoilGrids null),9.95,52.12,profile_391888,p3.Flächenanteil,20 %
Hildesheim edge (SoilGrids null),9.95,52.12,profile_391888,p3.Landnutzung,Ackerflächen (CORINE Land Cover Code: 21)
Hildesheim edge (SoilGrids null),9.95,52.12,profile_391888,p3.h1.horizon_symbol,Ap
Hildesheim edge (SoilGrids null),9.95,52.12,profile_391888,p3.h1.top_dm,0
Hildesheim edge (SoilGrids null),9.95,52.12,profile_391888,p3.h1.bottom_dm,3
Hildesheim edge (SoilGrids null),9.95,52.12,profile_391888,p3.h1.stratigraphy,qw
Hildesheim edge (SoilGrids null),9.95,52.12,profile_391888,p3.h1.origin,Lo
Hildesheim edge (SoilGrids null),9.95,52.12,profile_391888,p3.h1.geogenesis,p
Hildesheim edge (SoilGrids null),9.95,52.12,profile_391888,p3.h1.coarse_fraction,
Hildesheim edge (SoilGrids null),9.95,52.12,profile_391888,p3.h1.coarse_content_class,0
Hildesheim edge (SoilGrids null),9.95,52.12,profile_391888,p3.h1.texture_ka5,Ut3
Hildesheim edge (SoilGrids null),9.95,52.12,profile_391888,p3.h1.humus_class,h3
Hildesheim edge (SoilGrids null),9.95,52.12,profile_391888,p3.h1.carbonate_class,
Hildesheim edge (SoilGrids null),9.95,52.12,profile_391888,p3.h1.structure,
Hildesheim edge (SoilGrids null),9.95,52.12,profile_391888,p3.h1.bulk_density_class,Ld2
Hildesheim edge (SoilGrids null),9.95,52.12,profile_391888,p3.h1.peat_type,
Hildesheim edge (SoilGrids null),9.95,52.12,profile_391888,p3.h1.peat_decomposition,
Hildesheim edge (SoilGrids null),9.95,52.12,profile_391888,p3.h1.peat_substance_volume,
Hildesheim edge (SoilGrids null),9.95,52.12,profile_391888,p3.h1.acidity_class,
Hildesheim edge (SoilGrids null),9.95,52.12,profile_391888,p3.h2.horizon_symbol,Al
Hildesheim edge (SoilGrids null),9.95,52.12,profile_391888,p3.h2.top_dm,3
Hildesheim edge (SoilGrids null),9.95,52.12,profile_391888,p3.h2.bottom_dm,4.1
Hildesheim edge (SoilGrids null),9.95,52.12,profile_391888,p3.h2.stratigraphy,qw
Hildesheim edge (SoilGrids null),9.95,52.12,profile_391888,p3.h2.origin,Lo
Hildesheim edge (SoilGrids null),9.95,52.12,profile_391888,p3.h2.geogenesis,p
Hildesheim edge (SoilGrids null),9.95,52.12,profile_391888,p3.h2.coarse_fraction,
Hildesheim edge (SoilGrids null),9.95,52.12,profile_391888,p3.h2.coarse_content_class,0
Hildesheim edge (SoilGrids null),9.95,52.12,profile_391888,p3.h2.texture_ka5,Ut3
Hildesheim edge (SoilGrids null),9.95,52.12,profile_391888,p3.h2.humus_class,h1
Hildesheim edge (SoilGrids null),9.95,52.12,profile_391888,p3.h2.carbonate_class,
Hildesheim edge (SoilGrids null),9.95,52.12,profile_391888,p3.h2.structure,
Hildesheim edge (SoilGrids null),9.95,52.12,profile_391888,p3.h2.bulk_density_class,Ld3
Hildesheim edge (SoilGrids null),9.95,52.12,profile_391888,p3.h2.peat_type,
Hildesheim edge (SoilGrids null),9.95,52.12,profile_391888,p3.h2.peat_decomposition,
Hildesheim edge (SoilGrids null),9.95,52.12,profile_391888,p3.h2.peat_substance_volume,
Hildesheim edge (SoilGrids null),9.95,52.12,profile_391888,p3.h2.acidity_class,
Hildesheim edge (SoilGrids null),9.95,52.12,profile_391888,p3.h3.horizon_symbol,Sw-Bt
Hildesheim edge (SoilGrids null),9.95,52.12,profile_391888,p3.h3.top_dm,4.1
Hildesheim edge (SoilGrids null),9.95,52.12,profile_391888,p3.h3.bottom_dm,6
Hildesheim edge (SoilGrids null),9.95,52.12,profile_391888,p3.h3.stratigraphy,qw
Hildesheim edge (SoilGrids null),9.95,52.12,profile_391888,p3.h3.origin,Lo
Hildesheim edge (SoilGrids null),9.95,52.12,profile_391888,p3.h3.geogenesis,p
Hildesheim edge (SoilGrids null),9.95,52.12,profile_391888,p3.h3.coarse_fraction,
Hildesheim edge (SoilGrids null),9.95,52.12,profile_391888,p3.h3.coarse_content_class,0
Hildesheim edge (SoilGrids null),9.95,52.12,profile_391888,p3.h3.texture_ka5,Ut4
Hildesheim edge (SoilGrids null),9.95,52.12,profile_391888,p3.h3.humus_class,h0
Hildesheim edge (SoilGrids null),9.95,52.12,profile_391888,p3.h3.carbonate_class,
Hildesheim edge (SoilGrids null),9.95,52.12,profile_391888,p3.h3.structure,
Hildesheim edge (SoilGrids null),9.95,52.12,profile_391888,p3.h3.bulk_density_class,Ld3
Hildesheim edge (SoilGrids null),9.95,52.12,profile_391888,p3.h3.peat_type,
Hildesheim edge (SoilGrids null),9.95,52.12,profile_391888,p3.h3.peat_decomposition,
Hildesheim edge (SoilGrids null),9.95,52.12,profile_391888,p3.h3.peat_substance_volume,
Hildesheim edge (SoilGrids null),9.95,52.12,profile_391888,p3.h3.acidity_class,
Hildesheim edge (SoilGrids null),9.95,52.12,profile_391888,p3.h4.horizon_symbol,Sw
Hildesheim edge (SoilGrids null),9.95,52.12,profile_391888,p3.h4.top_dm,6
Hildesheim edge (SoilGrids null),9.95,52.12,profile_391888,p3.h4.bottom_dm,7.9
Hildesheim edge (SoilGrids null),9.95,52.12,profile_391888,p3.h4.stratigraphy,qw
Hildesheim edge (SoilGrids null),9.95,52.12,profile_391888,p3.h4.origin,Lo
Hildesheim edge (SoilGrids null),9.95,52.12,profile_391888,p3.h4.geogenesis,p
Hildesheim edge (SoilGrids null),9.95,52.12,profile_391888,p3.h4.coarse_fraction,
Hildesheim edge (SoilGrids null),9.95,52.12,profile_391888,p3.h4.coarse_content_class,0
Hildesheim edge (SoilGrids null),9.95,52.12,profile_391888,p3.h4.texture_ka5,Ut3
Hildesheim edge (SoilGrids null),9.95,52.12,profile_391888,p3.h4.humus_class,h0
Hildesheim edge (SoilGrids null),9.95,52.12,profile_391888,p3.h4.carbonate_class,
Hildesheim edge (SoilGrids null),9.95,52.12,profile_391888,p3.h4.structure,
Hildesheim edge (SoilGrids null),9.95,52.12,profile_391888,p3.h4.bulk_density_class,Ld3
Hildesheim edge (SoilGrids null),9.95,52.12,profile_391888,p3.h4.peat_type,
Hildesheim edge (SoilGrids null),9.95,52.12,profile_391888,p3.h4.peat_decomposition,
Hildesheim edge (SoilGrids null),9.95,52.12,profile_391888,p3.h4.peat_substance_volume,
Hildesheim edge (SoilGrids null),9.95,52.12,profile_391888,p3.h4.acidity_class,
Hildesheim edge (SoilGrids null),9.95,52.12,profile_391888,p3.h5.horizon_symbol,Sd
Hildesheim edge (SoilGrids null),9.95,52.12,profile_391888,p3.h5.top_dm,7.9
Hildesheim edge (SoilGrids null),9.95,52.12,profile_391888,p3.h5.bottom_dm,20
Hildesheim edge (SoilGrids null),9.95,52.12,profile_391888,p3.h5.stratigraphy,qD
Hildesheim edge (SoilGrids null),9.95,52.12,profile_391888,p3.h5.origin,Lflp
Hildesheim edge (SoilGrids null),9.95,52.12,profile_391888,p3.h5.geogenesis,pfl
Hildesheim edge (SoilGrids null),9.95,52.12,profile_391888,p3.h5.coarse_fraction,X
Hildesheim edge (SoilGrids null),9.95,52.12,profile_391888,p3.h5.coarse_content_class,2
Hildesheim edge (SoilGrids null),9.95,52.12,profile_391888,p3.h5.texture_ka5,Ls3
Hildesheim edge (SoilGrids null),9.95,52.12,profile_391888,p3.h5.humus_class,h0
Hildesheim edge (SoilGrids null),9.95,52.12,profile_391888,p3.h5.carbonate_class,
Hildesheim edge (SoilGrids null),9.95,52.12,profile_391888,p3.h5.structure,
Hildesheim edge (SoilGrids null),9.95,52.12,profile_391888,p3.h5.bulk_density_class,Ld4
Hildesheim edge (SoilGrids null),9.95,52.12,profile_391888,p3.h5.peat_type,
Hildesheim edge (SoilGrids null),9.95,52.12,profile_391888,p3.h5.peat_decomposition,
Hildesheim edge (SoilGrids null),9.95,52.12,profile_391888,p3.h5.peat_substance_volume,
Hildesheim edge (SoilGrids null),9.95,52.12,profile_391888,p3.h5.acidity_class,
Hildesheim edge (SoilGrids null),9.95,52.12,profile_391888,p4.Bodensystematische Einheit,SS-LL
Hildesheim edge (SoilGrids null),9.95,52.12,profile_391888,p4.Flächenanteil,20 %
Hildesheim edge (SoilGrids null),9.95,52.12,profile_391888,p4.Landnutzung,Ackerflächen (CORINE Land Cover Code: 21)
Hildesheim edge (SoilGrids null),9.95,52.12,profile_391888,p4.h1.horizon_symbol,Ap
Hildesheim edge (SoilGrids null),9.95,52.12,profile_391888,p4.h1.top_dm,0
Hildesheim edge (SoilGrids null),9.95,52.12,profile_391888,p4.h1.bottom_dm,3
Hildesheim edge (SoilGrids null),9.95,52.12,profile_391888,p4.h1.stratigraphy,qw
Hildesheim edge (SoilGrids null),9.95,52.12,profile_391888,p4.h1.origin,Lo
Hildesheim edge (SoilGrids null),9.95,52.12,profile_391888,p4.h1.geogenesis,p
Hildesheim edge (SoilGrids null),9.95,52.12,profile_391888,p4.h1.coarse_fraction,
Hildesheim edge (SoilGrids null),9.95,52.12,profile_391888,p4.h1.coarse_content_class,0
Hildesheim edge (SoilGrids null),9.95,52.12,profile_391888,p4.h1.texture_ka5,Ut3
Hildesheim edge (SoilGrids null),9.95,52.12,profile_391888,p4.h1.humus_class,h4
Hildesheim edge (SoilGrids null),9.95,52.12,profile_391888,p4.h1.carbonate_class,
Hildesheim edge (SoilGrids null),9.95,52.12,profile_391888,p4.h1.structure,
Hildesheim edge (SoilGrids null),9.95,52.12,profile_391888,p4.h1.bulk_density_class,Ld2
Hildesheim edge (SoilGrids null),9.95,52.12,profile_391888,p4.h1.peat_type,
Hildesheim edge (SoilGrids null),9.95,52.12,profile_391888,p4.h1.peat_decomposition,
Hildesheim edge (SoilGrids null),9.95,52.12,profile_391888,p4.h1.peat_substance_volume,
Hildesheim edge (SoilGrids null),9.95,52.12,profile_391888,p4.h1.acidity_class,
Hildesheim edge (SoilGrids null),9.95,52.12,profile_391888,p4.h2.horizon_symbol,Al
Hildesheim edge (SoilGrids null),9.95,52.12,profile_391888,p4.h2.top_dm,3
Hildesheim edge (SoilGrids null),9.95,52.12,profile_391888,p4.h2.bottom_dm,5
Hildesheim edge (SoilGrids null),9.95,52.12,profile_391888,p4.h2.stratigraphy,qw
Hildesheim edge (SoilGrids null),9.95,52.12,profile_391888,p4.h2.origin,Lo
Hildesheim edge (SoilGrids null),9.95,52.12,profile_391888,p4.h2.geogenesis,p
Hildesheim edge (SoilGrids null),9.95,52.12,profile_391888,p4.h2.coarse_fraction,
Hildesheim edge (SoilGrids null),9.95,52.12,profile_391888,p4.h2.coarse_content_class,0
Hildesheim edge (SoilGrids null),9.95,52.12,profile_391888,p4.h2.texture_ka5,Ut3
Hildesheim edge (SoilGrids null),9.95,52.12,profile_391888,p4.h2.humus_class,h1
Hildesheim edge (SoilGrids null),9.95,52.12,profile_391888,p4.h2.carbonate_class,
Hildesheim edge (SoilGrids null),9.95,52.12,profile_391888,p4.h2.structure,
Hildesheim edge (SoilGrids null),9.95,52.12,profile_391888,p4.h2.bulk_density_class,Ld3
Hildesheim edge (SoilGrids null),9.95,52.12,profile_391888,p4.h2.peat_type,
Hildesheim edge (SoilGrids null),9.95,52.12,profile_391888,p4.h2.peat_decomposition,
Hildesheim edge (SoilGrids null),9.95,52.12,profile_391888,p4.h2.peat_substance_volume,
Hildesheim edge (SoilGrids null),9.95,52.12,profile_391888,p4.h2.acidity_class,
Hildesheim edge (SoilGrids null),9.95,52.12,profile_391888,p4.h3.horizon_symbol,Sw-Bt
Hildesheim edge (SoilGrids null),9.95,52.12,profile_391888,p4.h3.top_dm,5
Hildesheim edge (SoilGrids null),9.95,52.12,profile_391888,p4.h3.bottom_dm,10
Hildesheim edge (SoilGrids null),9.95,52.12,profile_391888,p4.h3.stratigraphy,qw
Hildesheim edge (SoilGrids null),9.95,52.12,profile_391888,p4.h3.origin,Lo
Hildesheim edge (SoilGrids null),9.95,52.12,profile_391888,p4.h3.geogenesis,p
Hildesheim edge (SoilGrids null),9.95,52.12,profile_391888,p4.h3.coarse_fraction,
Hildesheim edge (SoilGrids null),9.95,52.12,profile_391888,p4.h3.coarse_content_class,0
Hildesheim edge (SoilGrids null),9.95,52.12,profile_391888,p4.h3.texture_ka5,Ut4
Hildesheim edge (SoilGrids null),9.95,52.12,profile_391888,p4.h3.humus_class,h0
Hildesheim edge (SoilGrids null),9.95,52.12,profile_391888,p4.h3.carbonate_class,
Hildesheim edge (SoilGrids null),9.95,52.12,profile_391888,p4.h3.structure,
Hildesheim edge (SoilGrids null),9.95,52.12,profile_391888,p4.h3.bulk_density_class,Ld3
Hildesheim edge (SoilGrids null),9.95,52.12,profile_391888,p4.h3.peat_type,
Hildesheim edge (SoilGrids null),9.95,52.12,profile_391888,p4.h3.peat_decomposition,
Hildesheim edge (SoilGrids null),9.95,52.12,profile_391888,p4.h3.peat_substance_volume,
Hildesheim edge (SoilGrids null),9.95,52.12,profile_391888,p4.h3.acidity_class,
Hildesheim edge (SoilGrids null),9.95,52.12,profile_391888,p4.h4.horizon_symbol,Sd
Hildesheim edge (SoilGrids null),9.95,52.12,profile_391888,p4.h4.top_dm,10
Hildesheim edge (SoilGrids null),9.95,52.12,profile_391888,p4.h4.bottom_dm,20
Hildesheim edge (SoilGrids null),9.95,52.12,profile_391888,p4.h4.stratigraphy,qD
Hildesheim edge (SoilGrids null),9.95,52.12,profile_391888,p4.h4.origin,Lflp
Hildesheim edge (SoilGrids null),9.95,52.12,profile_391888,p4.h4.geogenesis,pfl
Hildesheim edge (SoilGrids null),9.95,52.12,profile_391888,p4.h4.coarse_fraction,X
Hildesheim edge (SoilGrids null),9.95,52.12,profile_391888,p4.h4.coarse_content_class,2
Hildesheim edge (SoilGrids null),9.95,52.12,profile_391888,p4.h4.texture_ka5,Ls3
Hildesheim edge (SoilGrids null),9.95,52.12,profile_391888,p4.h4.humus_class,h0
Hildesheim edge (SoilGrids null),9.95,52.12,profile_391888,p4.h4.carbonate_class,
Hildesheim edge (SoilGrids null),9.95,52.12,profile_391888,p4.h4.structure,
Hildesheim edge (SoilGrids null),9.95,52.12,profile_391888,p4.h4.bulk_density_class,Ld4
Hildesheim edge (SoilGrids null),9.95,52.12,profile_391888,p4.h4.peat_type,
Hildesheim edge (SoilGrids null),9.95,52.12,profile_391888,p4.h4.peat_decomposition,
Hildesheim edge (SoilGrids null),9.95,52.12,profile_391888,p4.h4.peat_substance_volume,
Hildesheim edge (SoilGrids null),9.95,52.12,profile_391888,p4.h4.acidity_class,
Hildesheim edge (SoilGrids null),9.95,52.12,profile_391888,p5.Bodensystematische Einheit,LL-SS
Hildesheim edge (SoilGrids null),9.95,52.12,profile_391888,p5.Flächenanteil,5 %
Hildesheim edge (SoilGrids null),9.95,52.12,profile_391888,p5.Landnutzung,Ackerflächen (CORINE Land Cover Code: 21)
Hildesheim edge (SoilGrids null),9.95,52.12,profile_391888,p5.h1.horizon_symbol,Ap
Hildesheim edge (SoilGrids null),9.95,52.12,profile_391888,p5.h1.top_dm,0
Hildesheim edge (SoilGrids null),9.95,52.12,profile_391888,p5.h1.bottom_dm,3
Hildesheim edge (SoilGrids null),9.95,52.12,profile_391888,p5.h1.stratigraphy,qw
Hildesheim edge (SoilGrids null),9.95,52.12,profile_391888,p5.h1.origin,Lo
Hildesheim edge (SoilGrids null),9.95,52.12,profile_391888,p5.h1.geogenesis,p
Hildesheim edge (SoilGrids null),9.95,52.12,profile_391888,p5.h1.coarse_fraction,
Hildesheim edge (SoilGrids null),9.95,52.12,profile_391888,p5.h1.coarse_content_class,0
Hildesheim edge (SoilGrids null),9.95,52.12,profile_391888,p5.h1.texture_ka5,Ut3
Hildesheim edge (SoilGrids null),9.95,52.12,profile_391888,p5.h1.humus_class,h3
Hildesheim edge (SoilGrids null),9.95,52.12,profile_391888,p5.h1.carbonate_class,
Hildesheim edge (SoilGrids null),9.95,52.12,profile_391888,p5.h1.structure,
Hildesheim edge (SoilGrids null),9.95,52.12,profile_391888,p5.h1.bulk_density_class,Ld2
Hildesheim edge (SoilGrids null),9.95,52.12,profile_391888,p5.h1.peat_type,
Hildesheim edge (SoilGrids null),9.95,52.12,profile_391888,p5.h1.peat_decomposition,
Hildesheim edge (SoilGrids null),9.95,52.12,profile_391888,p5.h1.peat_substance_volume,
Hildesheim edge (SoilGrids null),9.95,52.12,profile_391888,p5.h1.acidity_class,
Hildesheim edge (SoilGrids null),9.95,52.12,profile_391888,p5.h2.horizon_symbol,Al-Sw
Hildesheim edge (SoilGrids null),9.95,52.12,profile_391888,p5.h2.top_dm,3
Hildesheim edge (SoilGrids null),9.95,52.12,profile_391888,p5.h2.bottom_dm,4.1
Hildesheim edge (SoilGrids null),9.95,52.12,profile_391888,p5.h2.stratigraphy,qw
Hildesheim edge (SoilGrids null),9.95,52.12,profile_391888,p5.h2.origin,Lo
Hildesheim edge (SoilGrids null),9.95,52.12,profile_391888,p5.h2.geogenesis,p
Hildesheim edge (SoilGrids null),9.95,52.12,profile_391888,p5.h2.coarse_fraction,
Hildesheim edge (SoilGrids null),9.95,52.12,profile_391888,p5.h2.coarse_content_class,0
Hildesheim edge (SoilGrids null),9.95,52.12,profile_391888,p5.h2.texture_ka5,Ut3
Hildesheim edge (SoilGrids null),9.95,52.12,profile_391888,p5.h2.humus_class,h1
Hildesheim edge (SoilGrids null),9.95,52.12,profile_391888,p5.h2.carbonate_class,
Hildesheim edge (SoilGrids null),9.95,52.12,profile_391888,p5.h2.structure,
Hildesheim edge (SoilGrids null),9.95,52.12,profile_391888,p5.h2.bulk_density_class,Ld3
Hildesheim edge (SoilGrids null),9.95,52.12,profile_391888,p5.h2.peat_type,
Hildesheim edge (SoilGrids null),9.95,52.12,profile_391888,p5.h2.peat_decomposition,
Hildesheim edge (SoilGrids null),9.95,52.12,profile_391888,p5.h2.peat_substance_volume,
Hildesheim edge (SoilGrids null),9.95,52.12,profile_391888,p5.h2.acidity_class,
Hildesheim edge (SoilGrids null),9.95,52.12,profile_391888,p5.h3.horizon_symbol,Bt-Sw
Hildesheim edge (SoilGrids null),9.95,52.12,profile_391888,p5.h3.top_dm,4.1
Hildesheim edge (SoilGrids null),9.95,52.12,profile_391888,p5.h3.bottom_dm,7.9
Hildesheim edge (SoilGrids null),9.95,52.12,profile_391888,p5.h3.stratigraphy,qw
Hildesheim edge (SoilGrids null),9.95,52.12,profile_391888,p5.h3.origin,Lo
Hildesheim edge (SoilGrids null),9.95,52.12,profile_391888,p5.h3.geogenesis,p
Hildesheim edge (SoilGrids null),9.95,52.12,profile_391888,p5.h3.coarse_fraction,
Hildesheim edge (SoilGrids null),9.95,52.12,profile_391888,p5.h3.coarse_content_class,0
Hildesheim edge (SoilGrids null),9.95,52.12,profile_391888,p5.h3.texture_ka5,Ut4
Hildesheim edge (SoilGrids null),9.95,52.12,profile_391888,p5.h3.humus_class,h0
Hildesheim edge (SoilGrids null),9.95,52.12,profile_391888,p5.h3.carbonate_class,
Hildesheim edge (SoilGrids null),9.95,52.12,profile_391888,p5.h3.structure,
Hildesheim edge (SoilGrids null),9.95,52.12,profile_391888,p5.h3.bulk_density_class,Ld3
Hildesheim edge (SoilGrids null),9.95,52.12,profile_391888,p5.h3.peat_type,
Hildesheim edge (SoilGrids null),9.95,52.12,profile_391888,p5.h3.peat_decomposition,
Hildesheim edge (SoilGrids null),9.95,52.12,profile_391888,p5.h3.peat_substance_volume,
Hildesheim edge (SoilGrids null),9.95,52.12,profile_391888,p5.h3.acidity_class,
Hildesheim edge (SoilGrids null),9.95,52.12,profile_391888,p5.h4.horizon_symbol,Sw
Hildesheim edge (SoilGrids null),9.95,52.12,profile_391888,p5.h4.top_dm,7.9
Hildesheim edge (SoilGrids null),9.95,52.12,profile_391888,p5.h4.bottom_dm,11
Hildesheim edge (SoilGrids null),9.95,52.12,profile_391888,p5.h4.stratigraphy,qw
Hildesheim edge (SoilGrids null),9.95,52.12,profile_391888,p5.h4.origin,Lo
Hildesheim edge (SoilGrids null),9.95,52.12,profile_391888,p5.h4.geogenesis,a
Hildesheim edge (SoilGrids null),9.95,52.12,profile_391888,p5.h4.coarse_fraction,
Hildesheim edge (SoilGrids null),9.95,52.12,profile_391888,p5.h4.coarse_content_class,0
Hildesheim edge (SoilGrids null),9.95,52.12,profile_391888,p5.h4.texture_ka5,Ut4
Hildesheim edge (SoilGrids null),9.95,52.12,profile_391888,p5.h4.humus_class,h0
Hildesheim edge (SoilGrids null),9.95,52.12,profile_391888,p5.h4.carbonate_class,
Hildesheim edge (SoilGrids null),9.95,52.12,profile_391888,p5.h4.structure,
Hildesheim edge (SoilGrids null),9.95,52.12,profile_391888,p5.h4.bulk_density_class,Ld3
Hildesheim edge (SoilGrids null),9.95,52.12,profile_391888,p5.h4.peat_type,
Hildesheim edge (SoilGrids null),9.95,52.12,profile_391888,p5.h4.peat_decomposition,
Hildesheim edge (SoilGrids null),9.95,52.12,profile_391888,p5.h4.peat_substance_volume,
Hildesheim edge (SoilGrids null),9.95,52.12,profile_391888,p5.h4.acidity_class,
Hildesheim edge (SoilGrids null),9.95,52.12,profile_391888,p5.h5.horizon_symbol,Sd
Hildesheim edge (SoilGrids null),9.95,52.12,profile_391888,p5.h5.top_dm,11
Hildesheim edge (SoilGrids null),9.95,52.12,profile_391888,p5.h5.bottom_dm,20
Hildesheim edge (SoilGrids null),9.95,52.12,profile_391888,p5.h5.stratigraphy,qD
Hildesheim edge (SoilGrids null),9.95,52.12,profile_391888,p5.h5.origin,Lflp
Hildesheim edge (SoilGrids null),9.95,52.12,profile_391888,p5.h5.geogenesis,pfl
Hildesheim edge (SoilGrids null),9.95,52.12,profile_391888,p5.h5.coarse_fraction,X
Hildesheim edge (SoilGrids null),9.95,52.12,profile_391888,p5.h5.coarse_content_class,2
Hildesheim edge (SoilGrids null),9.95,52.12,profile_391888,p5.h5.texture_ka5,Ls3
Hildesheim edge (SoilGrids null),9.95,52.12,profile_391888,p5.h5.humus_class,h0
Hildesheim edge (SoilGrids null),9.95,52.12,profile_391888,p5.h5.carbonate_class,
Hildesheim edge (SoilGrids null),9.95,52.12,profile_391888,p5.h5.structure,
Hildesheim edge (SoilGrids null),9.95,52.12,profile_391888,p5.h5.bulk_density_class,Ld4
Hildesheim edge (SoilGrids null),9.95,52.12,profile_391888,p5.h5.peat_type,
Hildesheim edge (SoilGrids null),9.95,52.12,profile_391888,p5.h5.peat_decomposition,
Hildesheim edge (SoilGrids null),9.95,52.12,profile_391888,p5.h5.peat_substance_volume,
Hildesheim edge (SoilGrids null),9.95,52.12,profile_391888,p5.h5.acidity_class,
Hildesheim edge (SoilGrids null),9.95,52.12,profile_391888,p6.Bodensystematische Einheit,RZn
Hildesheim edge (SoilGrids null),9.95,52.12,profile_391888,p6.Flächenanteil,5 %
Hildesheim edge (SoilGrids null),9.95,52.12,profile_391888,p6.Landnutzung,Ackerflächen (CORINE Land Cover Code: 21)
Hildesheim edge (SoilGrids null),9.95,52.12,profile_391888,p6.h1.horizon_symbol,Ap
Hildesheim edge (SoilGrids null),9.95,52.12,profile_391888,p6.h1.top_dm,0
Hildesheim edge (SoilGrids null),9.95,52.12,profile_391888,p6.h1.bottom_dm,3
Hildesheim edge (SoilGrids null),9.95,52.12,profile_391888,p6.h1.stratigraphy,qw
Hildesheim edge (SoilGrids null),9.95,52.12,profile_391888,p6.h1.origin,Lo
Hildesheim edge (SoilGrids null),9.95,52.12,profile_391888,p6.h1.geogenesis,a
Hildesheim edge (SoilGrids null),9.95,52.12,profile_391888,p6.h1.coarse_fraction,
Hildesheim edge (SoilGrids null),9.95,52.12,profile_391888,p6.h1.coarse_content_class,0
Hildesheim edge (SoilGrids null),9.95,52.12,profile_391888,p6.h1.texture_ka5,Ut3
Hildesheim edge (SoilGrids null),9.95,52.12,profile_391888,p6.h1.humus_class,h2
Hildesheim edge (SoilGrids null),9.95,52.12,profile_391888,p6.h1.carbonate_class,
Hildesheim edge (SoilGrids null),9.95,52.12,profile_391888,p6.h1.structure,
Hildesheim edge (SoilGrids null),9.95,52.12,profile_391888,p6.h1.bulk_density_class,Ld2
Hildesheim edge (SoilGrids null),9.95,52.12,profile_391888,p6.h1.peat_type,
Hildesheim edge (SoilGrids null),9.95,52.12,profile_391888,p6.h1.peat_decomposition,
Hildesheim edge (SoilGrids null),9.95,52.12,profile_391888,p6.h1.peat_substance_volume,
Hildesheim edge (SoilGrids null),9.95,52.12,profile_391888,p6.h1.acidity_class,
Hildesheim edge (SoilGrids null),9.95,52.12,profile_391888,p6.h2.horizon_symbol,lCv
Hildesheim edge (SoilGrids null),9.95,52.12,profile_391888,p6.h2.top_dm,3
Hildesheim edge (SoilGrids null),9.95,52.12,profile_391888,p6.h2.bottom_dm,8
Hildesheim edge (SoilGrids null),9.95,52.12,profile_391888,p6.h2.stratigraphy,qw
Hildesheim edge (SoilGrids null),9.95,52.12,profile_391888,p6.h2.origin,Lo
Hildesheim edge (SoilGrids null),9.95,52.12,profile_391888,p6.h2.geogenesis,a
Hildesheim edge (SoilGrids null),9.95,52.12,profile_391888,p6.h2.coarse_fraction,
Hildesheim edge (SoilGrids null),9.95,52.12,profile_391888,p6.h2.coarse_content_class,0
Hildesheim edge (SoilGrids null),9.95,52.12,profile_391888,p6.h2.texture_ka5,Ut3
Hildesheim edge (SoilGrids null),9.95,52.12,profile_391888,p6.h2.humus_class,h0
Hildesheim edge (SoilGrids null),9.95,52.12,profile_391888,p6.h2.carbonate_class,
Hildesheim edge (SoilGrids null),9.95,52.12,profile_391888,p6.h2.structure,
Hildesheim edge (SoilGrids null),9.95,52.12,profile_391888,p6.h2.bulk_density_class,Ld3
Hildesheim edge (SoilGrids null),9.95,52.12,profile_391888,p6.h2.peat_type,
Hildesheim edge (SoilGrids null),9.95,52.12,profile_391888,p6.h2.peat_decomposition,
Hildesheim edge (SoilGrids null),9.95,52.12,profile_391888,p6.h2.peat_substance_volume,
Hildesheim edge (SoilGrids null),9.95,52.12,profile_391888,p6.h2.acidity_class,
Hildesheim edge (SoilGrids null),9.95,52.12,profile_391888,p6.h3.horizon_symbol,Sw-lCv
Hildesheim edge (SoilGrids null),9.95,52.12,profile_391888,p6.h3.top_dm,8
Hildesheim edge (SoilGrids null),9.95,52.12,profile_391888,p6.h3.bottom_dm,13
Hildesheim edge (SoilGrids null),9.95,52.12,profile_391888,p6.h3.stratigraphy,qw
Hildesheim edge (SoilGrids null),9.95,52.12,profile_391888,p6.h3.origin,Lo
Hildesheim edge (SoilGrids null),9.95,52.12,profile_391888,p6.h3.geogenesis,a
Hildesheim edge (SoilGrids null),9.95,52.12,profile_391888,p6.h3.coarse_fraction,
Hildesheim edge (SoilGrids null),9.95,52.12,profile_391888,p6.h3.coarse_content_class,0
Hildesheim edge (SoilGrids null),9.95,52.12,profile_391888,p6.h3.texture_ka5,Ut3
Hildesheim edge (SoilGrids null),9.95,52.12,profile_391888,p6.h3.humus_class,h0
Hildesheim edge (SoilGrids null),9.95,52.12,profile_391888,p6.h3.carbonate_class,
Hildesheim edge (SoilGrids null),9.95,52.12,profile_391888,p6.h3.structure,
Hildesheim edge (SoilGrids null),9.95,52.12,profile_391888,p6.h3.bulk_density_class,Ld3
Hildesheim edge (SoilGrids null),9.95,52.12,profile_391888,p6.h3.peat_type,
Hildesheim edge (SoilGrids null),9.95,52.12,profile_391888,p6.h3.peat_decomposition,
Hildesheim edge (SoilGrids null),9.95,52.12,profile_391888,p6.h3.peat_substance_volume,
Hildesheim edge (SoilGrids null),9.95,52.12,profile_391888,p6.h3.acidity_class,
Hildesheim edge (SoilGrids null),9.95,52.12,profile_391888,p6.h4.horizon_symbol,Sd
Hildesheim edge (SoilGrids null),9.95,52.12,profile_391888,p6.h4.top_dm,13
Hildesheim edge (SoilGrids null),9.95,52.12,profile_391888,p6.h4.bottom_dm,20
Hildesheim edge (SoilGrids null),9.95,52.12,profile_391888,p6.h4.stratigraphy,qD
Hildesheim edge (SoilGrids null),9.95,52.12,profile_391888,p6.h4.origin,Lflp
Hildesheim edge (SoilGrids null),9.95,52.12,profile_391888,p6.h4.geogenesis,pfl
Hildesheim edge (SoilGrids null),9.95,52.12,profile_391888,p6.h4.coarse_fraction,X
Hildesheim edge (SoilGrids null),9.95,52.12,profile_391888,p6.h4.coarse_content_class,2
Hildesheim edge (SoilGrids null),9.95,52.12,profile_391888,p6.h4.texture_ka5,Ls3
Hildesheim edge (SoilGrids null),9.95,52.12,profile_391888,p6.h4.humus_class,h0
Hildesheim edge (SoilGrids null),9.95,52.12,profile_391888,p6.h4.carbonate_class,
Hildesheim edge (SoilGrids null),9.95,52.12,profile_391888,p6.h4.structure,
Hildesheim edge (SoilGrids null),9.95,52.12,profile_391888,p6.h4.bulk_density_class,Ld4
Hildesheim edge (SoilGrids null),9.95,52.12,profile_391888,p6.h4.peat_type,
Hildesheim edge (SoilGrids null),9.95,52.12,profile_391888,p6.h4.peat_decomposition,
Hildesheim edge (SoilGrids null),9.95,52.12,profile_391888,p6.h4.peat_substance_volume,
Hildesheim edge (SoilGrids null),9.95,52.12,profile_391888,p6.h4.acidity_class,
Hildesheim edge (SoilGrids null),9.95,52.12,profile_391888,p7.Bodensystematische Einheit,GG-YK
Hildesheim edge (SoilGrids null),9.95,52.12,profile_391888,p7.Flächenanteil,5 %
Hildesheim edge (SoilGrids null),9.95,52.12,profile_391888,p7.Landnutzung,Grünland (CORINE Land Cover Code: 23)
Hildesheim edge (SoilGrids null),9.95,52.12,profile_391888,p7.h1.horizon_symbol,Ah
Hildesheim edge (SoilGrids null),9.95,52.12,profile_391888,p7.h1.top_dm,0
Hildesheim edge (SoilGrids null),9.95,52.12,profile_391888,p7.h1.bottom_dm,3
Hildesheim edge (SoilGrids null),9.95,52.12,profile_391888,p7.h1.stratigraphy,qh
Hildesheim edge (SoilGrids null),9.95,52.12,profile_391888,p7.h1.origin,Lou
Hildesheim edge (SoilGrids null),9.95,52.12,profile_391888,p7.h1.geogenesis,pas
Hildesheim edge (SoilGrids null),9.95,52.12,profile_391888,p7.h1.coarse_fraction,
Hildesheim edge (SoilGrids null),9.95,52.12,profile_391888,p7.h1.coarse_content_class,0
Hildesheim edge (SoilGrids null),9.95,52.12,profile_391888,p7.h1.texture_ka5,Ut3
Hildesheim edge (SoilGrids null),9.95,52.12,profile_391888,p7.h1.humus_class,h3
Hildesheim edge (SoilGrids null),9.95,52.12,profile_391888,p7.h1.carbonate_class,
Hildesheim edge (SoilGrids null),9.95,52.12,profile_391888,p7.h1.structure,
Hildesheim edge (SoilGrids null),9.95,52.12,profile_391888,p7.h1.bulk_density_class,Ld2
Hildesheim edge (SoilGrids null),9.95,52.12,profile_391888,p7.h1.peat_type,
Hildesheim edge (SoilGrids null),9.95,52.12,profile_391888,p7.h1.peat_decomposition,
Hildesheim edge (SoilGrids null),9.95,52.12,profile_391888,p7.h1.peat_substance_volume,
Hildesheim edge (SoilGrids null),9.95,52.12,profile_391888,p7.h1.acidity_class,
Hildesheim edge (SoilGrids null),9.95,52.12,profile_391888,p7.h2.horizon_symbol,M
Hildesheim edge (SoilGrids null),9.95,52.12,profile_391888,p7.h2.top_dm,3
Hildesheim edge (SoilGrids null),9.95,52.12,profile_391888,p7.h2.bottom_dm,7.5
Hildesheim edge (SoilGrids null),9.95,52.12,profile_391888,p7.h2.stratigraphy,qh
Hildesheim edge (SoilGrids null),9.95,52.12,profile_391888,p7.h2.origin,Lou
Hildesheim edge (SoilGrids null),9.95,52.12,profile_391888,p7.h2.geogenesis,pas
Hildesheim edge (SoilGrids null),9.95,52.12,profile_391888,p7.h2.coarse_fraction,
Hildesheim edge (SoilGrids null),9.95,52.12,profile_391888,p7.h2.coarse_content_class,0
Hildesheim edge (SoilGrids null),9.95,52.12,profile_391888,p7.h2.texture_ka5,Ut3
Hildesheim edge (SoilGrids null),9.95,52.12,profile_391888,p7.h2.humus_class,h2
Hildesheim edge (SoilGrids null),9.95,52.12,profile_391888,p7.h2.carbonate_class,
Hildesheim edge (SoilGrids null),9.95,52.12,profile_391888,p7.h2.structure,
Hildesheim edge (SoilGrids null),9.95,52.12,profile_391888,p7.h2.bulk_density_class,Ld2
Hildesheim edge (SoilGrids null),9.95,52.12,profile_391888,p7.h2.peat_type,
Hildesheim edge (SoilGrids null),9.95,52.12,profile_391888,p7.h2.peat_decomposition,
Hildesheim edge (SoilGrids null),9.95,52.12,profile_391888,p7.h2.peat_substance_volume,
Hildesheim edge (SoilGrids null),9.95,52.12,profile_391888,p7.h2.acidity_class,
Hildesheim edge (SoilGrids null),9.95,52.12,profile_391888,p7.h3.horizon_symbol,Go
Hildesheim edge (SoilGrids null),9.95,52.12,profile_391888,p7.h3.top_dm,7.5
Hildesheim edge (SoilGrids null),9.95,52.12,profile_391888,p7.h3.bottom_dm,14
Hildesheim edge (SoilGrids null),9.95,52.12,profile_391888,p7.h3.stratigraphy,qw
Hildesheim edge (SoilGrids null),9.95,52.12,profile_391888,p7.h3.origin,Lflp
Hildesheim edge (SoilGrids null),9.95,52.12,profile_391888,p7.h3.geogenesis,pfl
Hildesheim edge (SoilGrids null),9.95,52.12,profile_391888,p7.h3.coarse_fraction,X
Hildesheim edge (SoilGrids null),9.95,52.12,profile_391888,p7.h3.coarse_content_class,3
Hildesheim edge (SoilGrids null),9.95,52.12,profile_391888,p7.h3.texture_ka5,Ls3
Hildesheim edge (SoilGrids null),9.95,52.12,profile_391888,p7.h3.humus_class,h0
Hildesheim edge (SoilGrids null),9.95,52.12,profile_391888,p7.h3.carbonate_class,
Hildesheim edge (SoilGrids null),9.95,52.12,profile_391888,p7.h3.structure,
Hildesheim edge (SoilGrids null),9.95,52.12,profile_391888,p7.h3.bulk_density_class,Ld3
Hildesheim edge (SoilGrids null),9.95,52.12,profile_391888,p7.h3.peat_type,
Hildesheim edge (SoilGrids null),9.95,52.12,profile_391888,p7.h3.peat_decomposition,
Hildesheim edge (SoilGrids null),9.95,52.12,profile_391888,p7.h3.peat_substance_volume,
Hildesheim edge (SoilGrids null),9.95,52.12,profile_391888,p7.h3.acidity_class,
Hildesheim edge (SoilGrids null),9.95,52.12,profile_391888,p7.h4.horizon_symbol,Gr
Hildesheim edge (SoilGrids null),9.95,52.12,profile_391888,p7.h4.top_dm,14
Hildesheim edge (SoilGrids null),9.95,52.12,profile_391888,p7.h4.bottom_dm,20
Hildesheim edge (SoilGrids null),9.95,52.12,profile_391888,p7.h4.stratigraphy,qw
Hildesheim edge (SoilGrids null),9.95,52.12,profile_391888,p7.h4.origin,Lflp
Hildesheim edge (SoilGrids null),9.95,52.12,profile_391888,p7.h4.geogenesis,pfl
Hildesheim edge (SoilGrids null),9.95,52.12,profile_391888,p7.h4.coarse_fraction,X
Hildesheim edge (SoilGrids null),9.95,52.12,profile_391888,p7.h4.coarse_content_class,3
Hildesheim edge (SoilGrids null),9.95,52.12,profile_391888,p7.h4.texture_ka5,Ls3
Hildesheim edge (SoilGrids null),9.95,52.12,profile_391888,p7.h4.humus_class,h0
Hildesheim edge (SoilGrids null),9.95,52.12,profile_391888,p7.h4.carbonate_class,
Hildesheim edge (SoilGrids null),9.95,52.12,profile_391888,p7.h4.structure,
Hildesheim edge (SoilGrids null),9.95,52.12,profile_391888,p7.h4.bulk_density_class,Ld3
Hildesheim edge (SoilGrids null),9.95,52.12,profile_391888,p7.h4.peat_type,
Hildesheim edge (SoilGrids null),9.95,52.12,profile_391888,p7.h4.peat_decomposition,
Hildesheim edge (SoilGrids null),9.95,52.12,profile_391888,p7.h4.peat_substance_volume,
Hildesheim edge (SoilGrids null),9.95,52.12,profile_391888,p7.h4.acidity_class,
Hildesheim edge (SoilGrids null),9.95,52.12,profile_391888,p8.Bodensystematische Einheit,RZn
Hildesheim edge (SoilGrids null),9.95,52.12,profile_391888,p8.Flächenanteil,5 %
Hildesheim edge (SoilGrids null),9.95,52.12,profile_391888,p8.Landnutzung,Laubwälder (CORINE Land Cover Code: 311)
Hildesheim edge (SoilGrids null),9.95,52.12,profile_391888,p8.h1.horizon_symbol,O
Hildesheim edge (SoilGrids null),9.95,52.12,profile_391888,p8.h1.top_dm,-0.6
Hildesheim edge (SoilGrids null),9.95,52.12,profile_391888,p8.h1.bottom_dm,-0.3
Hildesheim edge (SoilGrids null),9.95,52.12,profile_391888,p8.h1.stratigraphy,qh
Hildesheim edge (SoilGrids null),9.95,52.12,profile_391888,p8.h1.origin,O
Hildesheim edge (SoilGrids null),9.95,52.12,profile_391888,p8.h1.geogenesis,og
Hildesheim edge (SoilGrids null),9.95,52.12,profile_391888,p8.h1.coarse_fraction,
Hildesheim edge (SoilGrids null),9.95,52.12,profile_391888,p8.h1.coarse_content_class,0
Hildesheim edge (SoilGrids null),9.95,52.12,profile_391888,p8.h1.texture_ka5,
Hildesheim edge (SoilGrids null),9.95,52.12,profile_391888,p8.h1.humus_class,h7
Hildesheim edge (SoilGrids null),9.95,52.12,profile_391888,p8.h1.carbonate_class,
Hildesheim edge (SoilGrids null),9.95,52.12,profile_391888,p8.h1.structure,
Hildesheim edge (SoilGrids null),9.95,52.12,profile_391888,p8.h1.bulk_density_class,
Hildesheim edge (SoilGrids null),9.95,52.12,profile_391888,p8.h1.peat_type,
Hildesheim edge (SoilGrids null),9.95,52.12,profile_391888,p8.h1.peat_decomposition,
Hildesheim edge (SoilGrids null),9.95,52.12,profile_391888,p8.h1.peat_substance_volume,
Hildesheim edge (SoilGrids null),9.95,52.12,profile_391888,p8.h1.acidity_class,
Hildesheim edge (SoilGrids null),9.95,52.12,profile_391888,p8.h2.horizon_symbol,Oh
Hildesheim edge (SoilGrids null),9.95,52.12,profile_391888,p8.h2.top_dm,-0.3
Hildesheim edge (SoilGrids null),9.95,52.12,profile_391888,p8.h2.bottom_dm,0
Hildesheim edge (SoilGrids null),9.95,52.12,profile_391888,p8.h2.stratigraphy,qh
Hildesheim edge (SoilGrids null),9.95,52.12,profile_391888,p8.h2.origin,O
Hildesheim edge (SoilGrids null),9.95,52.12,profile_391888,p8.h2.geogenesis,og
Hildesheim edge (SoilGrids null),9.95,52.12,profile_391888,p8.h2.coarse_fraction,
Hildesheim edge (SoilGrids null),9.95,52.12,profile_391888,p8.h2.coarse_content_class,0
Hildesheim edge (SoilGrids null),9.95,52.12,profile_391888,p8.h2.texture_ka5,
Hildesheim edge (SoilGrids null),9.95,52.12,profile_391888,p8.h2.humus_class,h7
Hildesheim edge (SoilGrids null),9.95,52.12,profile_391888,p8.h2.carbonate_class,
Hildesheim edge (SoilGrids null),9.95,52.12,profile_391888,p8.h2.structure,
Hildesheim edge (SoilGrids null),9.95,52.12,profile_391888,p8.h2.bulk_density_class,
Hildesheim edge (SoilGrids null),9.95,52.12,profile_391888,p8.h2.peat_type,
Hildesheim edge (SoilGrids null),9.95,52.12,profile_391888,p8.h2.peat_decomposition,
Hildesheim edge (SoilGrids null),9.95,52.12,profile_391888,p8.h2.peat_substance_volume,
Hildesheim edge (SoilGrids null),9.95,52.12,profile_391888,p8.h2.acidity_class,
Hildesheim edge (SoilGrids null),9.95,52.12,profile_391888,p8.h3.horizon_symbol,Ap
Hildesheim edge (SoilGrids null),9.95,52.12,profile_391888,p8.h3.top_dm,0
Hildesheim edge (SoilGrids null),9.95,52.12,profile_391888,p8.h3.bottom_dm,3
Hildesheim edge (SoilGrids null),9.95,52.12,profile_391888,p8.h3.stratigraphy,qw
Hildesheim edge (SoilGrids null),9.95,52.12,profile_391888,p8.h3.origin,Lo
Hildesheim edge (SoilGrids null),9.95,52.12,profile_391888,p8.h3.geogenesis,a
Hildesheim edge (SoilGrids null),9.95,52.12,profile_391888,p8.h3.coarse_fraction,
Hildesheim edge (SoilGrids null),9.95,52.12,profile_391888,p8.h3.coarse_content_class,0
Hildesheim edge (SoilGrids null),9.95,52.12,profile_391888,p8.h3.texture_ka5,Ut3
Hildesheim edge (SoilGrids null),9.95,52.12,profile_391888,p8.h3.humus_class,h2
Hildesheim edge (SoilGrids null),9.95,52.12,profile_391888,p8.h3.carbonate_class,
Hildesheim edge (SoilGrids null),9.95,52.12,profile_391888,p8.h3.structure,
Hildesheim edge (SoilGrids null),9.95,52.12,profile_391888,p8.h3.bulk_density_class,Ld2
Hildesheim edge (SoilGrids null),9.95,52.12,profile_391888,p8.h3.peat_type,
Hildesheim edge (SoilGrids null),9.95,52.12,profile_391888,p8.h3.peat_decomposition,
Hildesheim edge (SoilGrids null),9.95,52.12,profile_391888,p8.h3.peat_substance_volume,
Hildesheim edge (SoilGrids null),9.95,52.12,profile_391888,p8.h3.acidity_class,
Hildesheim edge (SoilGrids null),9.95,52.12,profile_391888,p8.h4.horizon_symbol,lCv
Hildesheim edge (SoilGrids null),9.95,52.12,profile_391888,p8.h4.top_dm,3
Hildesheim edge (SoilGrids null),9.95,52.12,profile_391888,p8.h4.bottom_dm,8
Hildesheim edge (SoilGrids null),9.95,52.12,profile_391888,p8.h4.stratigraphy,qw
Hildesheim edge (SoilGrids null),9.95,52.12,profile_391888,p8.h4.origin,Lo
Hildesheim edge (SoilGrids null),9.95,52.12,profile_391888,p8.h4.geogenesis,a
Hildesheim edge (SoilGrids null),9.95,52.12,profile_391888,p8.h4.coarse_fraction,
Hildesheim edge (SoilGrids null),9.95,52.12,profile_391888,p8.h4.coarse_content_class,0
Hildesheim edge (SoilGrids null),9.95,52.12,profile_391888,p8.h4.texture_ka5,Ut3
Hildesheim edge (SoilGrids null),9.95,52.12,profile_391888,p8.h4.humus_class,h0
Hildesheim edge (SoilGrids null),9.95,52.12,profile_391888,p8.h4.carbonate_class,
Hildesheim edge (SoilGrids null),9.95,52.12,profile_391888,p8.h4.structure,
Hildesheim edge (SoilGrids null),9.95,52.12,profile_391888,p8.h4.bulk_density_class,Ld3
Hildesheim edge (SoilGrids null),9.95,52.12,profile_391888,p8.h4.peat_type,
Hildesheim edge (SoilGrids null),9.95,52.12,profile_391888,p8.h4.peat_decomposition,
Hildesheim edge (SoilGrids null),9.95,52.12,profile_391888,p8.h4.peat_substance_volume,
Hildesheim edge (SoilGrids null),9.95,52.12,profile_391888,p8.h4.acidity_class,
Hildesheim edge (SoilGrids null),9.95,52.12,profile_391888,p8.h5.horizon_symbol,Sw-lCv
Hildesheim edge (SoilGrids null),9.95,52.12,profile_391888,p8.h5.top_dm,8
Hildesheim edge (SoilGrids null),9.95,52.12,profile_391888,p8.h5.bottom_dm,13
Hildesheim edge (SoilGrids null),9.95,52.12,profile_391888,p8.h5.stratigraphy,qw
Hildesheim edge (SoilGrids null),9.95,52.12,profile_391888,p8.h5.origin,Lo
Hildesheim edge (SoilGrids null),9.95,52.12,profile_391888,p8.h5.geogenesis,a
Hildesheim edge (SoilGrids null),9.95,52.12,profile_391888,p8.h5.coarse_fraction,
Hildesheim edge (SoilGrids null),9.95,52.12,profile_391888,p8.h5.coarse_content_class,0
Hildesheim edge (SoilGrids null),9.95,52.12,profile_391888,p8.h5.texture_ka5,Ut3
Hildesheim edge (SoilGrids null),9.95,52.12,profile_391888,p8.h5.humus_class,h0
Hildesheim edge (SoilGrids null),9.95,52.12,profile_391888,p8.h5.carbonate_class,
Hildesheim edge (SoilGrids null),9.95,52.12,profile_391888,p8.h5.structure,
Hildesheim edge (SoilGrids null),9.95,52.12,profile_391888,p8.h5.bulk_density_class,Ld3
Hildesheim edge (SoilGrids null),9.95,52.12,profile_391888,p8.h5.peat_type,
Hildesheim edge (SoilGrids null),9.95,52.12,profile_391888,p8.h5.peat_decomposition,
Hildesheim edge (SoilGrids null),9.95,52.12,profile_391888,p8.h5.peat_substance_volume,
Hildesheim edge (SoilGrids null),9.95,52.12,profile_391888,p8.h5.acidity_class,
Hildesheim edge (SoilGrids null),9.95,52.12,profile_391888,p8.h6.horizon_symbol,Sd
Hildesheim edge (SoilGrids null),9.95,52.12,profile_391888,p8.h6.top_dm,13
Hildesheim edge (SoilGrids null),9.95,52.12,profile_391888,p8.h6.bottom_dm,20
Hildesheim edge (SoilGrids null),9.95,52.12,profile_391888,p8.h6.stratigraphy,qD
Hildesheim edge (SoilGrids null),9.95,52.12,profile_391888,p8.h6.origin,Lflp
Hildesheim edge (SoilGrids null),9.95,52.12,profile_391888,p8.h6.geogenesis,pfl
Hildesheim edge (SoilGrids null),9.95,52.12,profile_391888,p8.h6.coarse_fraction,X
Hildesheim edge (SoilGrids null),9.95,52.12,profile_391888,p8.h6.coarse_content_class,2
Hildesheim edge (SoilGrids null),9.95,52.12,profile_391888,p8.h6.texture_ka5,Ls3
Hildesheim edge (SoilGrids null),9.95,52.12,profile_391888,p8.h6.humus_class,h0
Hildesheim edge (SoilGrids null),9.95,52.12,profile_391888,p8.h6.carbonate_class,
Hildesheim edge (SoilGrids null),9.95,52.12,profile_391888,p8.h6.structure,
Hildesheim edge (SoilGrids null),9.95,52.12,profile_391888,p8.h6.bulk_density_class,Ld4
Hildesheim edge (SoilGrids null),9.95,52.12,profile_391888,p8.h6.peat_type,
Hildesheim edge (SoilGrids null),9.95,52.12,profile_391888,p8.h6.peat_decomposition,
Hildesheim edge (SoilGrids null),9.95,52.12,profile_391888,p8.h6.peat_substance_volume,
Hildesheim edge (SoilGrids null),9.95,52.12,profile_391888,p8.h6.acidity_class,
Hildesheim edge (SoilGrids null),9.95,52.12,profile_391888,p9.Bodensystematische Einheit,SS-LL
Hildesheim edge (SoilGrids null),9.95,52.12,profile_391888,p9.Flächenanteil,5 %
Hildesheim edge (SoilGrids null),9.95,52.12,profile_391888,p9.Landnutzung,Ackerflächen (CORINE Land Cover Code: 21)
Hildesheim edge (SoilGrids null),9.95,52.12,profile_391888,p9.h1.horizon_symbol,Ap
Hildesheim edge (SoilGrids null),9.95,52.12,profile_391888,p9.h1.top_dm,0
Hildesheim edge (SoilGrids null),9.95,52.12,profile_391888,p9.h1.bottom_dm,3
Hildesheim edge (SoilGrids null),9.95,52.12,profile_391888,p9.h1.stratigraphy,qw
Hildesheim edge (SoilGrids null),9.95,52.12,profile_391888,p9.h1.origin,Lol
Hildesheim edge (SoilGrids null),9.95,52.12,profile_391888,p9.h1.geogenesis,p
Hildesheim edge (SoilGrids null),9.95,52.12,profile_391888,p9.h1.coarse_fraction,
Hildesheim edge (SoilGrids null),9.95,52.12,profile_391888,p9.h1.coarse_content_class,0
Hildesheim edge (SoilGrids null),9.95,52.12,profile_391888,p9.h1.texture_ka5,Ut2
Hildesheim edge (SoilGrids null),9.95,52.12,profile_391888,p9.h1.humus_class,h3
Hildesheim edge (SoilGrids null),9.95,52.12,profile_391888,p9.h1.carbonate_class,
Hildesheim edge (SoilGrids null),9.95,52.12,profile_391888,p9.h1.structure,
Hildesheim edge (SoilGrids null),9.95,52.12,profile_391888,p9.h1.bulk_density_class,Ld2
Hildesheim edge (SoilGrids null),9.95,52.12,profile_391888,p9.h1.peat_type,
Hildesheim edge (SoilGrids null),9.95,52.12,profile_391888,p9.h1.peat_decomposition,
Hildesheim edge (SoilGrids null),9.95,52.12,profile_391888,p9.h1.peat_substance_volume,
Hildesheim edge (SoilGrids null),9.95,52.12,profile_391888,p9.h1.acidity_class,
Hildesheim edge (SoilGrids null),9.95,52.12,profile_391888,p9.h2.horizon_symbol,Sw-Al
Hildesheim edge (SoilGrids null),9.95,52.12,profile_391888,p9.h2.top_dm,3
Hildesheim edge (SoilGrids null),9.95,52.12,profile_391888,p9.h2.bottom_dm,5.5
Hildesheim edge (SoilGrids null),9.95,52.12,profile_391888,p9.h2.stratigraphy,qw
Hildesheim edge (SoilGrids null),9.95,52.12,profile_391888,p9.h2.origin,Lol
Hildesheim edge (SoilGrids null),9.95,52.12,profile_391888,p9.h2.geogenesis,p
Hildesheim edge (SoilGrids null),9.95,52.12,profile_391888,p9.h2.coarse_fraction,
Hildesheim edge (SoilGrids null),9.95,52.12,profile_391888,p9.h2.coarse_content_class,0
Hildesheim edge (SoilGrids null),9.95,52.12,profile_391888,p9.h2.texture_ka5,Ut2
Hildesheim edge (SoilGrids null),9.95,52.12,profile_391888,p9.h2.humus_class,h1
Hildesheim edge (SoilGrids null),9.95,52.12,profile_391888,p9.h2.carbonate_class,
Hildesheim edge (SoilGrids null),9.95,52.12,profile_391888,p9.h2.structure,
Hildesheim edge (SoilGrids null),9.95,52.12,profile_391888,p9.h2.bulk_density_class,Ld2
Hildesheim edge (SoilGrids null),9.95,52.12,profile_391888,p9.h2.peat_type,
Hildesheim edge (SoilGrids null),9.95,52.12,profile_391888,p9.h2.peat_decomposition,
Hildesheim edge (SoilGrids null),9.95,52.12,profile_391888,p9.h2.peat_substance_volume,
Hildesheim edge (SoilGrids null),9.95,52.12,profile_391888,p9.h2.acidity_class,
Hildesheim edge (SoilGrids null),9.95,52.12,profile_391888,p9.h3.horizon_symbol,Sd-Bt
Hildesheim edge (SoilGrids null),9.95,52.12,profile_391888,p9.h3.top_dm,5.5
Hildesheim edge (SoilGrids null),9.95,52.12,profile_391888,p9.h3.bottom_dm,8
Hildesheim edge (SoilGrids null),9.95,52.12,profile_391888,p9.h3.stratigraphy,qw
Hildesheim edge (SoilGrids null),9.95,52.12,profile_391888,p9.h3.origin,Lol
Hildesheim edge (SoilGrids null),9.95,52.12,profile_391888,p9.h3.geogenesis,p
Hildesheim edge (SoilGrids null),9.95,52.12,profile_391888,p9.h3.coarse_fraction,
Hildesheim edge (SoilGrids null),9.95,52.12,profile_391888,p9.h3.coarse_content_class,0
Hildesheim edge (SoilGrids null),9.95,52.12,profile_391888,p9.h3.texture_ka5,Ut4
Hildesheim edge (SoilGrids null),9.95,52.12,profile_391888,p9.h3.humus_class,h0
Hildesheim edge (SoilGrids null),9.95,52.12,profile_391888,p9.h3.carbonate_class,
Hildesheim edge (SoilGrids null),9.95,52.12,profile_391888,p9.h3.structure,
Hildesheim edge (SoilGrids null),9.95,52.12,profile_391888,p9.h3.bulk_density_class,Ld3
Hildesheim edge (SoilGrids null),9.95,52.12,profile_391888,p9.h3.peat_type,
Hildesheim edge (SoilGrids null),9.95,52.12,profile_391888,p9.h3.peat_decomposition,
Hildesheim edge (SoilGrids null),9.95,52.12,profile_391888,p9.h3.peat_substance_volume,
Hildesheim edge (SoilGrids null),9.95,52.12,profile_391888,p9.h3.acidity_class,
Hildesheim edge (SoilGrids null),9.95,52.12,profile_391888,p9.h4.horizon_symbol,elCv
Hildesheim edge (SoilGrids null),9.95,52.12,profile_391888,p9.h4.top_dm,8
Hildesheim edge (SoilGrids null),9.95,52.12,profile_391888,p9.h4.bottom_dm,20
Hildesheim edge (SoilGrids null),9.95,52.12,profile_391888,p9.h4.stratigraphy,qw
Hildesheim edge (SoilGrids null),9.95,52.12,profile_391888,p9.h4.origin,Lo
Hildesheim edge (SoilGrids null),9.95,52.12,profile_391888,p9.h4.geogenesis,a
Hildesheim edge (SoilGrids null),9.95,52.12,profile_391888,p9.h4.coarse_fraction,
Hildesheim edge (SoilGrids null),9.95,52.12,profile_391888,p9.h4.coarse_content_class,0
Hildesheim edge (SoilGrids null),9.95,52.12,profile_391888,p9.h4.texture_ka5,Ut3
Hildesheim edge (SoilGrids null),9.95,52.12,profile_391888,p9.h4.humus_class,h0
Hildesheim edge (SoilGrids null),9.95,52.12,profile_391888,p9.h4.carbonate_class,
Hildesheim edge (SoilGrids null),9.95,52.12,profile_391888,p9.h4.structure,
Hildesheim edge (SoilGrids null),9.95,52.12,profile_391888,p9.h4.bulk_density_class,Ld3
Hildesheim edge (SoilGrids null),9.95,52.12,profile_391888,p9.h4.peat_type,
Hildesheim edge (SoilGrids null),9.95,52.12,profile_391888,p9.h4.peat_decomposition,
Hildesheim edge (SoilGrids null),9.95,52.12,profile_391888,p9.h4.peat_substance_volume,
Hildesheim edge (SoilGrids null),9.95,52.12,profile_391888,p9.h4.acidity_class,
Hildesheim edge (SoilGrids null),9.95,52.12,profile_391888,p10.Bodensystematische Einheit,SSn
Hildesheim edge (SoilGrids null),9.95,52.12,profile_391888,p10.Flächenanteil,5 %
Hildesheim edge (SoilGrids null),9.95,52.12,profile_391888,p10.Landnutzung,Ackerflächen (CORINE Land Cover Code: 21)
Hildesheim edge (SoilGrids null),9.95,52.12,profile_391888,p10.h1.horizon_symbol,Ap
Hildesheim edge (SoilGrids null),9.95,52.12,profile_391888,p10.h1.top_dm,0
Hildesheim edge (SoilGrids null),9.95,52.12,profile_391888,p10.h1.bottom_dm,3
Hildesheim edge (SoilGrids null),9.95,52.12,profile_391888,p10.h1.stratigraphy,qw
Hildesheim edge (SoilGrids null),9.95,52.12,profile_391888,p10.h1.origin,Lol
Hildesheim edge (SoilGrids null),9.95,52.12,profile_391888,p10.h1.geogenesis,p
Hildesheim edge (SoilGrids null),9.95,52.12,profile_391888,p10.h1.coarse_fraction,
Hildesheim edge (SoilGrids null),9.95,52.12,profile_391888,p10.h1.coarse_content_class,0
Hildesheim edge (SoilGrids null),9.95,52.12,profile_391888,p10.h1.texture_ka5,Ut2
Hildesheim edge (SoilGrids null),9.95,52.12,profile_391888,p10.h1.humus_class,h3
Hildesheim edge (SoilGrids null),9.95,52.12,profile_391888,p10.h1.carbonate_class,
Hildesheim edge (SoilGrids null),9.95,52.12,profile_391888,p10.h1.structure,
Hildesheim edge (SoilGrids null),9.95,52.12,profile_391888,p10.h1.bulk_density_class,Ld2
Hildesheim edge (SoilGrids null),9.95,52.12,profile_391888,p10.h1.peat_type,
Hildesheim edge (SoilGrids null),9.95,52.12,profile_391888,p10.h1.peat_decomposition,
Hildesheim edge (SoilGrids null),9.95,52.12,profile_391888,p10.h1.peat_substance_volume,
Hildesheim edge (SoilGrids null),9.95,52.12,profile_391888,p10.h1.acidity_class,
Hildesheim edge (SoilGrids null),9.95,52.12,profile_391888,p10.h2.horizon_symbol,Sw
Hildesheim edge (SoilGrids null),9.95,52.12,profile_391888,p10.h2.top_dm,3
Hildesheim edge (SoilGrids null),9.95,52.12,profile_391888,p10.h2.bottom_dm,5
Hildesheim edge (SoilGrids null),9.95,52.12,profile_391888,p10.h2.stratigraphy,qw
Hildesheim edge (SoilGrids null),9.95,52.12,profile_391888,p10.h2.origin,Lol
Hildesheim edge (SoilGrids null),9.95,52.12,profile_391888,p10.h2.geogenesis,p
Hildesheim edge (SoilGrids null),9.95,52.12,profile_391888,p10.h2.coarse_fraction,
Hildesheim edge (SoilGrids null),9.95,52.12,profile_391888,p10.h2.coarse_content_class,0
Hildesheim edge (SoilGrids null),9.95,52.12,profile_391888,p10.h2.texture_ka5,Ut2
Hildesheim edge (SoilGrids null),9.95,52.12,profile_391888,p10.h2.humus_class,h1
Hildesheim edge (SoilGrids null),9.95,52.12,profile_391888,p10.h2.carbonate_class,
Hildesheim edge (SoilGrids null),9.95,52.12,profile_391888,p10.h2.structure,
Hildesheim edge (SoilGrids null),9.95,52.12,profile_391888,p10.h2.bulk_density_class,Ld2
Hildesheim edge (SoilGrids null),9.95,52.12,profile_391888,p10.h2.peat_type,
Hildesheim edge (SoilGrids null),9.95,52.12,profile_391888,p10.h2.peat_decomposition,
Hildesheim edge (SoilGrids null),9.95,52.12,profile_391888,p10.h2.peat_substance_volume,
Hildesheim edge (SoilGrids null),9.95,52.12,profile_391888,p10.h2.acidity_class,
Hildesheim edge (SoilGrids null),9.95,52.12,profile_391888,p10.h3.horizon_symbol,Sd
Hildesheim edge (SoilGrids null),9.95,52.12,profile_391888,p10.h3.top_dm,5
Hildesheim edge (SoilGrids null),9.95,52.12,profile_391888,p10.h3.bottom_dm,10
Hildesheim edge (SoilGrids null),9.95,52.12,profile_391888,p10.h3.stratigraphy,qw
Hildesheim edge (SoilGrids null),9.95,52.12,profile_391888,p10.h3.origin,Lol
Hildesheim edge (SoilGrids null),9.95,52.12,profile_391888,p10.h3.geogenesis,p
Hildesheim edge (SoilGrids null),9.95,52.12,profile_391888,p10.h3.coarse_fraction,
Hildesheim edge (SoilGrids null),9.95,52.12,profile_391888,p10.h3.coarse_content_class,0
Hildesheim edge (SoilGrids null),9.95,52.12,profile_391888,p10.h3.texture_ka5,Tu4
Hildesheim edge (SoilGrids null),9.95,52.12,profile_391888,p10.h3.humus_class,h0
Hildesheim edge (SoilGrids null),9.95,52.12,profile_391888,p10.h3.carbonate_class,
Hildesheim edge (SoilGrids null),9.95,52.12,profile_391888,p10.h3.structure,
Hildesheim edge (SoilGrids null),9.95,52.12,profile_391888,p10.h3.bulk_density_class,Ld3
Hildesheim edge (SoilGrids null),9.95,52.12,profile_391888,p10.h3.peat_type,
Hildesheim edge (SoilGrids null),9.95,52.12,profile_391888,p10.h3.peat_decomposition,
Hildesheim edge (SoilGrids null),9.95,52.12,profile_391888,p10.h3.peat_substance_volume,
Hildesheim edge (SoilGrids null),9.95,52.12,profile_391888,p10.h3.acidity_class,
Hildesheim edge (SoilGrids null),9.95,52.12,profile_391888,p10.h4.horizon_symbol,elCv
Hildesheim edge (SoilGrids null),9.95,52.12,profile_391888,p10.h4.top_dm,10
Hildesheim edge (SoilGrids null),9.95,52.12,profile_391888,p10.h4.bottom_dm,20
Hildesheim edge (SoilGrids null),9.95,52.12,profile_391888,p10.h4.stratigraphy,qw
Hildesheim edge (SoilGrids null),9.95,52.12,profile_391888,p10.h4.origin,Lo
Hildesheim edge (SoilGrids null),9.95,52.12,profile_391888,p10.h4.geogenesis,a
Hildesheim edge (SoilGrids null),9.95,52.12,profile_391888,p10.h4.coarse_fraction,
Hildesheim edge (SoilGrids null),9.95,52.12,profile_391888,p10.h4.coarse_content_class,0
Hildesheim edge (SoilGrids null),9.95,52.12,profile_391888,p10.h4.texture_ka5,Ut3
Hildesheim edge (SoilGrids null),9.95,52.12,profile_391888,p10.h4.humus_class,h0
Hildesheim edge (SoilGrids null),9.95,52.12,profile_391888,p10.h4.carbonate_class,
Hildesheim edge (SoilGrids null),9.95,52.12,profile_391888,p10.h4.structure,
Hildesheim edge (SoilGrids null),9.95,52.12,profile_391888,p10.h4.bulk_density_class,Ld3
Hildesheim edge (SoilGrids null),9.95,52.12,profile_391888,p10.h4.peat_type,
Hildesheim edge (SoilGrids null),9.95,52.12,profile_391888,p10.h4.peat_decomposition,
Hildesheim edge (SoilGrids null),9.95,52.12,profile_391888,p10.h4.peat_substance_volume,
Hildesheim edge (SoilGrids null),9.95,52.12,profile_391888,p10.h4.acidity_class,
Lüneburger Heide (sand),10.05,53.05,L0_sheetindex,OBJECTID,13
Lüneburger Heide (sand),10.05,53.05,L0_sheetindex,BLATTNUM,CC 3126
Lüneburger Heide (sand),10.05,53.05,L0_sheetindex,BLATTNAM,Hamburg-Ost
Lüneburger Heide (sand),10.05,53.05,L0_sheetindex,JAHR,2005
Lüneburger Heide (sand),10.05,53.05,L0_sheetindex,Shape_Area,22060078855.18977
Lüneburger Heide (sand),10.05,53.05,L0_sheetindex,Shape_Length,594105.7585336405
Lüneburger Heide (sand),10.05,53.05,L11_CC3126,OBJECTID,80
Lüneburger Heide (sand),10.05,53.05,L11_CC3126,NRKART,66
Lüneburger Heide (sand),10.05,53.05,L11_CC3126,TKLE_NR,312666
Lüneburger Heide (sand),10.05,53.05,L11_CC3126,BGL,4.3
Lüneburger Heide (sand),10.05,53.05,L11_CC3126,LEG_TEXT,"Vorherrschend *Braunerde-Podsole bis *Podsole aus *Geschiebedecksand bis *Flugsand über *Schmelzwassersand, gering verbreitet Podsol-Braunerden aus Geschiebedecksand über Schmelzwassersand"
Lüneburger Heide (sand),10.05,53.05,L11_CC3126,Legende,"66 BB-PP, PPn: p-s,a-s/fg-s; PP-BB: p-s/fg-s"
Lüneburger Heide (sand),10.05,53.05,L11_CC3126,Shape_Area,4491652085.636167
Lüneburger Heide (sand),10.05,53.05,L11_CC3126,Shape_Length,4375371.698637562
Lüneburger Heide (sand),10.05,53.05,L11_CC3126,Hinweis,
Lüneburger Heide (sand),10.05,53.05,L11_CC3126,Profile,https://fisbo.bgr.de/app/FISBoBGR_Profilanzeige/getProfile.php?KARTE=BUEK200&LEGNR=312666
Lüneburger Heide (sand),10.05,53.05,identify_L11,OBJECTID,80
Lüneburger Heide (sand),10.05,53.05,identify_L11,NRKART,66
Lüneburger Heide (sand),10.05,53.05,identify_L11,TKLE_NR,312666
Lüneburger Heide (sand),10.05,53.05,identify_L11,BGL,4.3
Lüneburger Heide (sand),10.05,53.05,identify_L11,Legendentext,"Vorherrschend *Braunerde-Podsole bis *Podsole aus *Geschiebedecksand bis *Flugsand über *Schmelzwassersand, gering verbreitet Podsol-Braunerden aus Geschiebedecksand über Schmelzwassersand"
Lüneburger Heide (sand),10.05,53.05,identify_L11,Legende,"66 BB-PP, PPn: p-s,a-s/fg-s; PP-BB: p-s/fg-s"
Lüneburger Heide (sand),10.05,53.05,identify_L11,Shape Area,"4491652085,636167"
Lüneburger Heide (sand),10.05,53.05,identify_L11,Shape Length,"4375371,698638"
Lüneburger Heide (sand),10.05,53.05,identify_L11,Hinweis,Null
Lüneburger Heide (sand),10.05,53.05,identify_L11,Profile,https://fisbo.bgr.de/app/FISBoBGR_Profilanzeige/getProfile.php?KARTE=BUEK200&amp;LEGNR=312666
Lüneburger Heide (sand),10.05,53.05,profile_312666,unit_header,"Bodenübersichtskarte 1:200.000 - Legendeneinheit Nr. 312666 Vorherrschend Braunerde-Podsole bis Podsole aus Geschiebedecksand bis Flugsand über Schmelzwassersand, gering verbreitet Podsol-Braunerden aus Geschiebedecksand über Schmelzwassersand"
Lüneburger Heide (sand),10.05,53.05,profile_312666,n_profiles,8
Lüneburger Heide (sand),10.05,53.05,profile_312666,p1.Bodensystematische Einheit,BB-PP
Lüneburger Heide (sand),10.05,53.05,profile_312666,p1.Flächenanteil,20 %
Lüneburger Heide (sand),10.05,53.05,profile_312666,p1.Landnutzung,Ackerflächen (CORINE Land Cover Code: 21)
Lüneburger Heide (sand),10.05,53.05,profile_312666,p1.h1.horizon_symbol,Aep
Lüneburger Heide (sand),10.05,53.05,profile_312666,p1.h1.top_dm,0
Lüneburger Heide (sand),10.05,53.05,profile_312666,p1.h1.bottom_dm,3
Lüneburger Heide (sand),10.05,53.05,profile_312666,p1.h1.stratigraphy,qw
Lüneburger Heide (sand),10.05,53.05,profile_312666,p1.h1.origin,Sp
Lüneburger Heide (sand),10.05,53.05,profile_312666,p1.h1.geogenesis,p
Lüneburger Heide (sand),10.05,53.05,profile_312666,p1.h1.coarse_fraction,G
Lüneburger Heide (sand),10.05,53.05,profile_312666,p1.h1.coarse_content_class,2
Lüneburger Heide (sand),10.05,53.05,profile_312666,p1.h1.texture_ka5,mSfs
Lüneburger Heide (sand),10.05,53.05,profile_312666,p1.h1.humus_class,h2
Lüneburger Heide (sand),10.05,53.05,profile_312666,p1.h1.carbonate_class,
Lüneburger Heide (sand),10.05,53.05,profile_312666,p1.h1.structure,
Lüneburger Heide (sand),10.05,53.05,profile_312666,p1.h1.bulk_density_class,Ld2
Lüneburger Heide (sand),10.05,53.05,profile_312666,p1.h1.peat_type,
Lüneburger Heide (sand),10.05,53.05,profile_312666,p1.h1.peat_decomposition,
Lüneburger Heide (sand),10.05,53.05,profile_312666,p1.h1.peat_substance_volume,
Lüneburger Heide (sand),10.05,53.05,profile_312666,p1.h1.acidity_class,
Lüneburger Heide (sand),10.05,53.05,profile_312666,p1.h2.horizon_symbol,Bhs
Lüneburger Heide (sand),10.05,53.05,profile_312666,p1.h2.top_dm,3
Lüneburger Heide (sand),10.05,53.05,profile_312666,p1.h2.bottom_dm,4.1
Lüneburger Heide (sand),10.05,53.05,profile_312666,p1.h2.stratigraphy,qw
Lüneburger Heide (sand),10.05,53.05,profile_312666,p1.h2.origin,Sp
Lüneburger Heide (sand),10.05,53.05,profile_312666,p1.h2.geogenesis,p
Lüneburger Heide (sand),10.05,53.05,profile_312666,p1.h2.coarse_fraction,G
Lüneburger Heide (sand),10.05,53.05,profile_312666,p1.h2.coarse_content_class,2
Lüneburger Heide (sand),10.05,53.05,profile_312666,p1.h2.texture_ka5,mSfs
Lüneburger Heide (sand),10.05,53.05,profile_312666,p1.h2.humus_class,h1
Lüneburger Heide (sand),10.05,53.05,profile_312666,p1.h2.carbonate_class,
Lüneburger Heide (sand),10.05,53.05,profile_312666,p1.h2.structure,
Lüneburger Heide (sand),10.05,53.05,profile_312666,p1.h2.bulk_density_class,Ld3
Lüneburger Heide (sand),10.05,53.05,profile_312666,p1.h2.peat_type,
Lüneburger Heide (sand),10.05,53.05,profile_312666,p1.h2.peat_decomposition,
Lüneburger Heide (sand),10.05,53.05,profile_312666,p1.h2.peat_substance_volume,
Lüneburger Heide (sand),10.05,53.05,profile_312666,p1.h2.acidity_class,
Lüneburger Heide (sand),10.05,53.05,profile_312666,p1.h3.horizon_symbol,Bv
Lüneburger Heide (sand),10.05,53.05,profile_312666,p1.h3.top_dm,4.1
Lüneburger Heide (sand),10.05,53.05,profile_312666,p1.h3.bottom_dm,7
Lüneburger Heide (sand),10.05,53.05,profile_312666,p1.h3.stratigraphy,qw
Lüneburger Heide (sand),10.05,53.05,profile_312666,p1.h3.origin,Sp
Lüneburger Heide (sand),10.05,53.05,profile_312666,p1.h3.geogenesis,p
Lüneburger Heide (sand),10.05,53.05,profile_312666,p1.h3.coarse_fraction,G
Lüneburger Heide (sand),10.05,53.05,profile_312666,p1.h3.coarse_content_class,2
Lüneburger Heide (sand),10.05,53.05,profile_312666,p1.h3.texture_ka5,mSfs
Lüneburger Heide (sand),10.05,53.05,profile_312666,p1.h3.humus_class,h0
Lüneburger Heide (sand),10.05,53.05,profile_312666,p1.h3.carbonate_class,
Lüneburger Heide (sand),10.05,53.05,profile_312666,p1.h3.structure,
Lüneburger Heide (sand),10.05,53.05,profile_312666,p1.h3.bulk_density_class,Ld3
Lüneburger Heide (sand),10.05,53.05,profile_312666,p1.h3.peat_type,
Lüneburger Heide (sand),10.05,53.05,profile_312666,p1.h3.peat_decomposition,
Lüneburger Heide (sand),10.05,53.05,profile_312666,p1.h3.peat_substance_volume,
Lüneburger Heide (sand),10.05,53.05,profile_312666,p1.h3.acidity_class,
Lüneburger Heide (sand),10.05,53.05,profile_312666,p1.h4.horizon_symbol,lCv
Lüneburger Heide (sand),10.05,53.05,profile_312666,p1.h4.top_dm,7
Lüneburger Heide (sand),10.05,53.05,profile_312666,p1.h4.bottom_dm,20
Lüneburger Heide (sand),10.05,53.05,profile_312666,p1.h4.stratigraphy,qD
Lüneburger Heide (sand),10.05,53.05,profile_312666,p1.h4.origin,Sgf
Lüneburger Heide (sand),10.05,53.05,profile_312666,p1.h4.geogenesis,fg
Lüneburger Heide (sand),10.05,53.05,profile_312666,p1.h4.coarse_fraction,G
Lüneburger Heide (sand),10.05,53.05,profile_312666,p1.h4.coarse_content_class,2
Lüneburger Heide (sand),10.05,53.05,profile_312666,p1.h4.texture_ka5,mSfs
Lüneburger Heide (sand),10.05,53.05,profile_312666,p1.h4.humus_class,h0
Lüneburger Heide (sand),10.05,53.05,profile_312666,p1.h4.carbonate_class,
Lüneburger Heide (sand),10.05,53.05,profile_312666,p1.h4.structure,
Lüneburger Heide (sand),10.05,53.05,profile_312666,p1.h4.bulk_density_class,Ld3
Lüneburger Heide (sand),10.05,53.05,profile_312666,p1.h4.peat_type,
Lüneburger Heide (sand),10.05,53.05,profile_312666,p1.h4.peat_decomposition,
Lüneburger Heide (sand),10.05,53.05,profile_312666,p1.h4.peat_substance_volume,
Lüneburger Heide (sand),10.05,53.05,profile_312666,p1.h4.acidity_class,
Lüneburger Heide (sand),10.05,53.05,profile_312666,p2.Bodensystematische Einheit,BB-PP
Lüneburger Heide (sand),10.05,53.05,profile_312666,p2.Flächenanteil,20 %
Lüneburger Heide (sand),10.05,53.05,profile_312666,p2.Landnutzung,Laubwälder (CORINE Land Cover Code: 311)
Lüneburger Heide (sand),10.05,53.05,profile_312666,p2.h1.horizon_symbol,O
Lüneburger Heide (sand),10.05,53.05,profile_312666,p2.h1.top_dm,-0.7
Lüneburger Heide (sand),10.05,53.05,profile_312666,p2.h1.bottom_dm,-0.5
Lüneburger Heide (sand),10.05,53.05,profile_312666,p2.h1.stratigraphy,qh
Lüneburger Heide (sand),10.05,53.05,profile_312666,p2.h1.origin,O
Lüneburger Heide (sand),10.05,53.05,profile_312666,p2.h1.geogenesis,og
Lüneburger Heide (sand),10.05,53.05,profile_312666,p2.h1.coarse_fraction,
Lüneburger Heide (sand),10.05,53.05,profile_312666,p2.h1.coarse_content_class,0
Lüneburger Heide (sand),10.05,53.05,profile_312666,p2.h1.texture_ka5,
Lüneburger Heide (sand),10.05,53.05,profile_312666,p2.h1.humus_class,h7
Lüneburger Heide (sand),10.05,53.05,profile_312666,p2.h1.carbonate_class,
Lüneburger Heide (sand),10.05,53.05,profile_312666,p2.h1.structure,
Lüneburger Heide (sand),10.05,53.05,profile_312666,p2.h1.bulk_density_class,
Lüneburger Heide (sand),10.05,53.05,profile_312666,p2.h1.peat_type,
Lüneburger Heide (sand),10.05,53.05,profile_312666,p2.h1.peat_decomposition,
Lüneburger Heide (sand),10.05,53.05,profile_312666,p2.h1.peat_substance_volume,
Lüneburger Heide (sand),10.05,53.05,profile_312666,p2.h1.acidity_class,
Lüneburger Heide (sand),10.05,53.05,profile_312666,p2.h2.horizon_symbol,Oh
Lüneburger Heide (sand),10.05,53.05,profile_312666,p2.h2.top_dm,-0.5
Lüneburger Heide (sand),10.05,53.05,profile_312666,p2.h2.bottom_dm,0
Lüneburger Heide (sand),10.05,53.05,profile_312666,p2.h2.stratigraphy,qh
Lüneburger Heide (sand),10.05,53.05,profile_312666,p2.h2.origin,O
Lüneburger Heide (sand),10.05,53.05,profile_312666,p2.h2.geogenesis,og
Lüneburger Heide (sand),10.05,53.05,profile_312666,p2.h2.coarse_fraction,
Lüneburger Heide (sand),10.05,53.05,profile_312666,p2.h2.coarse_content_class,0
Lüneburger Heide (sand),10.05,53.05,profile_312666,p2.h2.texture_ka5,
Lüneburger Heide (sand),10.05,53.05,profile_312666,p2.h2.humus_class,h7
Lüneburger Heide (sand),10.05,53.05,profile_312666,p2.h2.carbonate_class,
Lüneburger Heide (sand),10.05,53.05,profile_312666,p2.h2.structure,
Lüneburger Heide (sand),10.05,53.05,profile_312666,p2.h2.bulk_density_class,
Lüneburger Heide (sand),10.05,53.05,profile_312666,p2.h2.peat_type,
Lüneburger Heide (sand),10.05,53.05,profile_312666,p2.h2.peat_decomposition,
Lüneburger Heide (sand),10.05,53.05,profile_312666,p2.h2.peat_substance_volume,
Lüneburger Heide (sand),10.05,53.05,profile_312666,p2.h2.acidity_class,
Lüneburger Heide (sand),10.05,53.05,profile_312666,p2.h3.horizon_symbol,Aeh
Lüneburger Heide (sand),10.05,53.05,profile_312666,p2.h3.top_dm,0
Lüneburger Heide (sand),10.05,53.05,profile_312666,p2.h3.bottom_dm,1
Lüneburger Heide (sand),10.05,53.05,profile_312666,p2.h3.stratigraphy,qw
Lüneburger Heide (sand),10.05,53.05,profile_312666,p2.h3.origin,Sp
Lüneburger Heide (sand),10.05,53.05,profile_312666,p2.h3.geogenesis,p
Lüneburger Heide (sand),10.05,53.05,profile_312666,p2.h3.coarse_fraction,G
Lüneburger Heide (sand),10.05,53.05,profile_312666,p2.h3.coarse_content_class,2
Lüneburger Heide (sand),10.05,53.05,profile_312666,p2.h3.texture_ka5,mSfs
Lüneburger Heide (sand),10.05,53.05,profile_312666,p2.h3.humus_class,h2
Lüneburger Heide (sand),10.05,53.05,profile_312666,p2.h3.carbonate_class,
Lüneburger Heide (sand),10.05,53.05,profile_312666,p2.h3.structure,
Lüneburger Heide (sand),10.05,53.05,profile_312666,p2.h3.bulk_density_class,Ld2
Lüneburger Heide (sand),10.05,53.05,profile_312666,p2.h3.peat_type,
Lüneburger Heide (sand),10.05,53.05,profile_312666,p2.h3.peat_decomposition,
Lüneburger Heide (sand),10.05,53.05,profile_312666,p2.h3.peat_substance_volume,
Lüneburger Heide (sand),10.05,53.05,profile_312666,p2.h3.acidity_class,
Lüneburger Heide (sand),10.05,53.05,profile_312666,p2.h4.horizon_symbol,Ae
Lüneburger Heide (sand),10.05,53.05,profile_312666,p2.h4.top_dm,1
Lüneburger Heide (sand),10.05,53.05,profile_312666,p2.h4.bottom_dm,3
Lüneburger Heide (sand),10.05,53.05,profile_312666,p2.h4.stratigraphy,qw
Lüneburger Heide (sand),10.05,53.05,profile_312666,p2.h4.origin,Sp
Lüneburger Heide (sand),10.05,53.05,profile_312666,p2.h4.geogenesis,p
Lüneburger Heide (sand),10.05,53.05,profile_312666,p2.h4.coarse_fraction,G
Lüneburger Heide (sand),10.05,53.05,profile_312666,p2.h4.coarse_content_class,2
Lüneburger Heide (sand),10.05,53.05,profile_312666,p2.h4.texture_ka5,mSfs
Lüneburger Heide (sand),10.05,53.05,profile_312666,p2.h4.humus_class,h1
Lüneburger Heide (sand),10.05,53.05,profile_312666,p2.h4.carbonate_class,
Lüneburger Heide (sand),10.05,53.05,profile_312666,p2.h4.structure,
Lüneburger Heide (sand),10.05,53.05,profile_312666,p2.h4.bulk_density_class,Ld2
Lüneburger Heide (sand),10.05,53.05,profile_312666,p2.h4.peat_type,
Lüneburger Heide (sand),10.05,53.05,profile_312666,p2.h4.peat_decomposition,
Lüneburger Heide (sand),10.05,53.05,profile_312666,p2.h4.peat_substance_volume,
Lüneburger Heide (sand),10.05,53.05,profile_312666,p2.h4.acidity_class,
Lüneburger Heide (sand),10.05,53.05,profile_312666,p2.h5.horizon_symbol,Bhs
Lüneburger Heide (sand),10.05,53.05,profile_312666,p2.h5.top_dm,3
Lüneburger Heide (sand),10.05,53.05,profile_312666,p2.h5.bottom_dm,4.1
Lüneburger Heide (sand),10.05,53.05,profile_312666,p2.h5.stratigraphy,qw
Lüneburger Heide (sand),10.05,53.05,profile_312666,p2.h5.origin,Sp
Lüneburger Heide (sand),10.05,53.05,profile_312666,p2.h5.geogenesis,p
Lüneburger Heide (sand),10.05,53.05,profile_312666,p2.h5.coarse_fraction,G
Lüneburger Heide (sand),10.05,53.05,profile_312666,p2.h5.coarse_content_class,2
Lüneburger Heide (sand),10.05,53.05,profile_312666,p2.h5.texture_ka5,mSfs
Lüneburger Heide (sand),10.05,53.05,profile_312666,p2.h5.humus_class,h1
Lüneburger Heide (sand),10.05,53.05,profile_312666,p2.h5.carbonate_class,
Lüneburger Heide (sand),10.05,53.05,profile_312666,p2.h5.structure,
Lüneburger Heide (sand),10.05,53.05,profile_312666,p2.h5.bulk_density_class,Ld3
Lüneburger Heide (sand),10.05,53.05,profile_312666,p2.h5.peat_type,
Lüneburger Heide (sand),10.05,53.05,profile_312666,p2.h5.peat_decomposition,
Lüneburger Heide (sand),10.05,53.05,profile_312666,p2.h5.peat_substance_volume,
Lüneburger Heide (sand),10.05,53.05,profile_312666,p2.h5.acidity_class,
Lüneburger Heide (sand),10.05,53.05,profile_312666,p2.h6.horizon_symbol,Bv
Lüneburger Heide (sand),10.05,53.05,profile_312666,p2.h6.top_dm,4.1
Lüneburger Heide (sand),10.05,53.05,profile_312666,p2.h6.bottom_dm,7
Lüneburger Heide (sand),10.05,53.05,profile_312666,p2.h6.stratigraphy,qw
Lüneburger Heide (sand),10.05,53.05,profile_312666,p2.h6.origin,Sp
Lüneburger Heide (sand),10.05,53.05,profile_312666,p2.h6.geogenesis,p
Lüneburger Heide (sand),10.05,53.05,profile_312666,p2.h6.coarse_fraction,G
Lüneburger Heide (sand),10.05,53.05,profile_312666,p2.h6.coarse_content_class,2
Lüneburger Heide (sand),10.05,53.05,profile_312666,p2.h6.texture_ka5,mSfs
Lüneburger Heide (sand),10.05,53.05,profile_312666,p2.h6.humus_class,h0
Lüneburger Heide (sand),10.05,53.05,profile_312666,p2.h6.carbonate_class,
Lüneburger Heide (sand),10.05,53.05,profile_312666,p2.h6.structure,
Lüneburger Heide (sand),10.05,53.05,profile_312666,p2.h6.bulk_density_class,Ld3
Lüneburger Heide (sand),10.05,53.05,profile_312666,p2.h6.peat_type,
Lüneburger Heide (sand),10.05,53.05,profile_312666,p2.h6.peat_decomposition,
Lüneburger Heide (sand),10.05,53.05,profile_312666,p2.h6.peat_substance_volume,
Lüneburger Heide (sand),10.05,53.05,profile_312666,p2.h6.acidity_class,
Lüneburger Heide (sand),10.05,53.05,profile_312666,p2.h7.horizon_symbol,lCv
Lüneburger Heide (sand),10.05,53.05,profile_312666,p2.h7.top_dm,7
Lüneburger Heide (sand),10.05,53.05,profile_312666,p2.h7.bottom_dm,20
Lüneburger Heide (sand),10.05,53.05,profile_312666,p2.h7.stratigraphy,qD
Lüneburger Heide (sand),10.05,53.05,profile_312666,p2.h7.origin,Sgf
Lüneburger Heide (sand),10.05,53.05,profile_312666,p2.h7.geogenesis,fg
Lüneburger Heide (sand),10.05,53.05,profile_312666,p2.h7.coarse_fraction,G
Lüneburger Heide (sand),10.05,53.05,profile_312666,p2.h7.coarse_content_class,2
Lüneburger Heide (sand),10.05,53.05,profile_312666,p2.h7.texture_ka5,mSfs
Lüneburger Heide (sand),10.05,53.05,profile_312666,p2.h7.humus_class,h0
Lüneburger Heide (sand),10.05,53.05,profile_312666,p2.h7.carbonate_class,
Lüneburger Heide (sand),10.05,53.05,profile_312666,p2.h7.structure,
Lüneburger Heide (sand),10.05,53.05,profile_312666,p2.h7.bulk_density_class,Ld3
Lüneburger Heide (sand),10.05,53.05,profile_312666,p2.h7.peat_type,
Lüneburger Heide (sand),10.05,53.05,profile_312666,p2.h7.peat_decomposition,
Lüneburger Heide (sand),10.05,53.05,profile_312666,p2.h7.peat_substance_volume,
Lüneburger Heide (sand),10.05,53.05,profile_312666,p2.h7.acidity_class,
Lüneburger Heide (sand),10.05,53.05,profile_312666,p3.Bodensystematische Einheit,BB-PP
Lüneburger Heide (sand),10.05,53.05,profile_312666,p3.Flächenanteil,5 %
Lüneburger Heide (sand),10.05,53.05,profile_312666,p3.Landnutzung,Laubwälder (CORINE Land Cover Code: 311)
Lüneburger Heide (sand),10.05,53.05,profile_312666,p3.h1.horizon_symbol,O
Lüneburger Heide (sand),10.05,53.05,profile_312666,p3.h1.top_dm,-0.7
Lüneburger Heide (sand),10.05,53.05,profile_312666,p3.h1.bottom_dm,-0.5
Lüneburger Heide (sand),10.05,53.05,profile_312666,p3.h1.stratigraphy,qh
Lüneburger Heide (sand),10.05,53.05,profile_312666,p3.h1.origin,O
Lüneburger Heide (sand),10.05,53.05,profile_312666,p3.h1.geogenesis,og
Lüneburger Heide (sand),10.05,53.05,profile_312666,p3.h1.coarse_fraction,
Lüneburger Heide (sand),10.05,53.05,profile_312666,p3.h1.coarse_content_class,0
Lüneburger Heide (sand),10.05,53.05,profile_312666,p3.h1.texture_ka5,
Lüneburger Heide (sand),10.05,53.05,profile_312666,p3.h1.humus_class,h7
Lüneburger Heide (sand),10.05,53.05,profile_312666,p3.h1.carbonate_class,
Lüneburger Heide (sand),10.05,53.05,profile_312666,p3.h1.structure,
Lüneburger Heide (sand),10.05,53.05,profile_312666,p3.h1.bulk_density_class,
Lüneburger Heide (sand),10.05,53.05,profile_312666,p3.h1.peat_type,
Lüneburger Heide (sand),10.05,53.05,profile_312666,p3.h1.peat_decomposition,
Lüneburger Heide (sand),10.05,53.05,profile_312666,p3.h1.peat_substance_volume,
Lüneburger Heide (sand),10.05,53.05,profile_312666,p3.h1.acidity_class,
Lüneburger Heide (sand),10.05,53.05,profile_312666,p3.h2.horizon_symbol,Oh
Lüneburger Heide (sand),10.05,53.05,profile_312666,p3.h2.top_dm,-0.5
Lüneburger Heide (sand),10.05,53.05,profile_312666,p3.h2.bottom_dm,0
Lüneburger Heide (sand),10.05,53.05,profile_312666,p3.h2.stratigraphy,qh
Lüneburger Heide (sand),10.05,53.05,profile_312666,p3.h2.origin,O
Lüneburger Heide (sand),10.05,53.05,profile_312666,p3.h2.geogenesis,og
Lüneburger Heide (sand),10.05,53.05,profile_312666,p3.h2.coarse_fraction,
Lüneburger Heide (sand),10.05,53.05,profile_312666,p3.h2.coarse_content_class,0
Lüneburger Heide (sand),10.05,53.05,profile_312666,p3.h2.texture_ka5,
Lüneburger Heide (sand),10.05,53.05,profile_312666,p3.h2.humus_class,h7
Lüneburger Heide (sand),10.05,53.05,profile_312666,p3.h2.carbonate_class,
Lüneburger Heide (sand),10.05,53.05,profile_312666,p3.h2.structure,
Lüneburger Heide (sand),10.05,53.05,profile_312666,p3.h2.bulk_density_class,
Lüneburger Heide (sand),10.05,53.05,profile_312666,p3.h2.peat_type,
Lüneburger Heide (sand),10.05,53.05,profile_312666,p3.h2.peat_decomposition,
Lüneburger Heide (sand),10.05,53.05,profile_312666,p3.h2.peat_substance_volume,
Lüneburger Heide (sand),10.05,53.05,profile_312666,p3.h2.acidity_class,
Lüneburger Heide (sand),10.05,53.05,profile_312666,p3.h3.horizon_symbol,Aeh
Lüneburger Heide (sand),10.05,53.05,profile_312666,p3.h3.top_dm,0
Lüneburger Heide (sand),10.05,53.05,profile_312666,p3.h3.bottom_dm,1
Lüneburger Heide (sand),10.05,53.05,profile_312666,p3.h3.stratigraphy,qw
Lüneburger Heide (sand),10.05,53.05,profile_312666,p3.h3.origin,Sa
Lüneburger Heide (sand),10.05,53.05,profile_312666,p3.h3.geogenesis,p
Lüneburger Heide (sand),10.05,53.05,profile_312666,p3.h3.coarse_fraction,
Lüneburger Heide (sand),10.05,53.05,profile_312666,p3.h3.coarse_content_class,0
Lüneburger Heide (sand),10.05,53.05,profile_312666,p3.h3.texture_ka5,fSms
Lüneburger Heide (sand),10.05,53.05,profile_312666,p3.h3.humus_class,h3
Lüneburger Heide (sand),10.05,53.05,profile_312666,p3.h3.carbonate_class,
Lüneburger Heide (sand),10.05,53.05,profile_312666,p3.h3.structure,
Lüneburger Heide (sand),10.05,53.05,profile_312666,p3.h3.bulk_density_class,Ld2
Lüneburger Heide (sand),10.05,53.05,profile_312666,p3.h3.peat_type,
Lüneburger Heide (sand),10.05,53.05,profile_312666,p3.h3.peat_decomposition,
Lüneburger Heide (sand),10.05,53.05,profile_312666,p3.h3.peat_substance_volume,
Lüneburger Heide (sand),10.05,53.05,profile_312666,p3.h3.acidity_class,
Lüneburger Heide (sand),10.05,53.05,profile_312666,p3.h4.horizon_symbol,Ae
Lüneburger Heide (sand),10.05,53.05,profile_312666,p3.h4.top_dm,1
Lüneburger Heide (sand),10.05,53.05,profile_312666,p3.h4.bottom_dm,3
Lüneburger Heide (sand),10.05,53.05,profile_312666,p3.h4.stratigraphy,qw
Lüneburger Heide (sand),10.05,53.05,profile_312666,p3.h4.origin,Sa
Lüneburger Heide (sand),10.05,53.05,profile_312666,p3.h4.geogenesis,p
Lüneburger Heide (sand),10.05,53.05,profile_312666,p3.h4.coarse_fraction,
Lüneburger Heide (sand),10.05,53.05,profile_312666,p3.h4.coarse_content_class,0
Lüneburger Heide (sand),10.05,53.05,profile_312666,p3.h4.texture_ka5,fSms
Lüneburger Heide (sand),10.05,53.05,profile_312666,p3.h4.humus_class,h1
Lüneburger Heide (sand),10.05,53.05,profile_312666,p3.h4.carbonate_class,
Lüneburger Heide (sand),10.05,53.05,profile_312666,p3.h4.structure,
Lüneburger Heide (sand),10.05,53.05,profile_312666,p3.h4.bulk_density_class,Ld2
Lüneburger Heide (sand),10.05,53.05,profile_312666,p3.h4.peat_type,
Lüneburger Heide (sand),10.05,53.05,profile_312666,p3.h4.peat_decomposition,
Lüneburger Heide (sand),10.05,53.05,profile_312666,p3.h4.peat_substance_volume,
Lüneburger Heide (sand),10.05,53.05,profile_312666,p3.h4.acidity_class,
Lüneburger Heide (sand),10.05,53.05,profile_312666,p3.h5.horizon_symbol,Bhs
Lüneburger Heide (sand),10.05,53.05,profile_312666,p3.h5.top_dm,3
Lüneburger Heide (sand),10.05,53.05,profile_312666,p3.h5.bottom_dm,4.1
Lüneburger Heide (sand),10.05,53.05,profile_312666,p3.h5.stratigraphy,qw
Lüneburger Heide (sand),10.05,53.05,profile_312666,p3.h5.origin,Sa
Lüneburger Heide (sand),10.05,53.05,profile_312666,p3.h5.geogenesis,p
Lüneburger Heide (sand),10.05,53.05,profile_312666,p3.h5.coarse_fraction,
Lüneburger Heide (sand),10.05,53.05,profile_312666,p3.h5.coarse_content_class,0
Lüneburger Heide (sand),10.05,53.05,profile_312666,p3.h5.texture_ka5,fSms
Lüneburger Heide (sand),10.05,53.05,profile_312666,p3.h5.humus_class,h1
Lüneburger Heide (sand),10.05,53.05,profile_312666,p3.h5.carbonate_class,
Lüneburger Heide (sand),10.05,53.05,profile_312666,p3.h5.structure,
Lüneburger Heide (sand),10.05,53.05,profile_312666,p3.h5.bulk_density_class,Ld3
Lüneburger Heide (sand),10.05,53.05,profile_312666,p3.h5.peat_type,
Lüneburger Heide (sand),10.05,53.05,profile_312666,p3.h5.peat_decomposition,
Lüneburger Heide (sand),10.05,53.05,profile_312666,p3.h5.peat_substance_volume,
Lüneburger Heide (sand),10.05,53.05,profile_312666,p3.h5.acidity_class,
Lüneburger Heide (sand),10.05,53.05,profile_312666,p3.h6.horizon_symbol,Bv
Lüneburger Heide (sand),10.05,53.05,profile_312666,p3.h6.top_dm,4.1
Lüneburger Heide (sand),10.05,53.05,profile_312666,p3.h6.bottom_dm,7
Lüneburger Heide (sand),10.05,53.05,profile_312666,p3.h6.stratigraphy,qw
Lüneburger Heide (sand),10.05,53.05,profile_312666,p3.h6.origin,Sa
Lüneburger Heide (sand),10.05,53.05,profile_312666,p3.h6.geogenesis,p
Lüneburger Heide (sand),10.05,53.05,profile_312666,p3.h6.coarse_fraction,
Lüneburger Heide (sand),10.05,53.05,profile_312666,p3.h6.coarse_content_class,0
Lüneburger Heide (sand),10.05,53.05,profile_312666,p3.h6.texture_ka5,fSms
Lüneburger Heide (sand),10.05,53.05,profile_312666,p3.h6.humus_class,h0
Lüneburger Heide (sand),10.05,53.05,profile_312666,p3.h6.carbonate_class,
Lüneburger Heide (sand),10.05,53.05,profile_312666,p3.h6.structure,
Lüneburger Heide (sand),10.05,53.05,profile_312666,p3.h6.bulk_density_class,Ld3
Lüneburger Heide (sand),10.05,53.05,profile_312666,p3.h6.peat_type,
Lüneburger Heide (sand),10.05,53.05,profile_312666,p3.h6.peat_decomposition,
Lüneburger Heide (sand),10.05,53.05,profile_312666,p3.h6.peat_substance_volume,
Lüneburger Heide (sand),10.05,53.05,profile_312666,p3.h6.acidity_class,
Lüneburger Heide (sand),10.05,53.05,profile_312666,p3.h7.horizon_symbol,lCv
Lüneburger Heide (sand),10.05,53.05,profile_312666,p3.h7.top_dm,7
Lüneburger Heide (sand),10.05,53.05,profile_312666,p3.h7.bottom_dm,20
Lüneburger Heide (sand),10.05,53.05,profile_312666,p3.h7.stratigraphy,qD
Lüneburger Heide (sand),10.05,53.05,profile_312666,p3.h7.origin,Sgf
Lüneburger Heide (sand),10.05,53.05,profile_312666,p3.h7.geogenesis,fg
Lüneburger Heide (sand),10.05,53.05,profile_312666,p3.h7.coarse_fraction,G
Lüneburger Heide (sand),10.05,53.05,profile_312666,p3.h7.coarse_content_class,2
Lüneburger Heide (sand),10.05,53.05,profile_312666,p3.h7.texture_ka5,mSfs
Lüneburger Heide (sand),10.05,53.05,profile_312666,p3.h7.humus_class,h0
Lüneburger Heide (sand),10.05,53.05,profile_312666,p3.h7.carbonate_class,
Lüneburger Heide (sand),10.05,53.05,profile_312666,p3.h7.structure,
Lüneburger Heide (sand),10.05,53.05,profile_312666,p3.h7.bulk_density_class,Ld3
Lüneburger Heide (sand),10.05,53.05,profile_312666,p3.h7.peat_type,
Lüneburger Heide (sand),10.05,53.05,profile_312666,p3.h7.peat_decomposition,
Lüneburger Heide (sand),10.05,53.05,profile_312666,p3.h7.peat_substance_volume,
Lüneburger Heide (sand),10.05,53.05,profile_312666,p3.h7.acidity_class,
Lüneburger Heide (sand),10.05,53.05,profile_312666,p4.Bodensystematische Einheit,PPn
Lüneburger Heide (sand),10.05,53.05,profile_312666,p4.Flächenanteil,20 %
Lüneburger Heide (sand),10.05,53.05,profile_312666,p4.Landnutzung,Laubwälder (CORINE Land Cover Code: 311)
Lüneburger Heide (sand),10.05,53.05,profile_312666,p4.h1.horizon_symbol,O
Lüneburger Heide (sand),10.05,53.05,profile_312666,p4.h1.top_dm,-0.7
Lüneburger Heide (sand),10.05,53.05,profile_312666,p4.h1.bottom_dm,-0.5
Lüneburger Heide (sand),10.05,53.05,profile_312666,p4.h1.stratigraphy,qh
Lüneburger Heide (sand),10.05,53.05,profile_312666,p4.h1.origin,O
Lüneburger Heide (sand),10.05,53.05,profile_312666,p4.h1.geogenesis,og
Lüneburger Heide (sand),10.05,53.05,profile_312666,p4.h1.coarse_fraction,
Lüneburger Heide (sand),10.05,53.05,profile_312666,p4.h1.coarse_content_class,0
Lüneburger Heide (sand),10.05,53.05,profile_312666,p4.h1.texture_ka5,
Lüneburger Heide (sand),10.05,53.05,profile_312666,p4.h1.humus_class,h7
Lüneburger Heide (sand),10.05,53.05,profile_312666,p4.h1.carbonate_class,
Lüneburger Heide (sand),10.05,53.05,profile_312666,p4.h1.structure,
Lüneburger Heide (sand),10.05,53.05,profile_312666,p4.h1.bulk_density_class,
Lüneburger Heide (sand),10.05,53.05,profile_312666,p4.h1.peat_type,
Lüneburger Heide (sand),10.05,53.05,profile_312666,p4.h1.peat_decomposition,
Lüneburger Heide (sand),10.05,53.05,profile_312666,p4.h1.peat_substance_volume,
Lüneburger Heide (sand),10.05,53.05,profile_312666,p4.h1.acidity_class,
Lüneburger Heide (sand),10.05,53.05,profile_312666,p4.h2.horizon_symbol,Oh
Lüneburger Heide (sand),10.05,53.05,profile_312666,p4.h2.top_dm,-0.5
Lüneburger Heide (sand),10.05,53.05,profile_312666,p4.h2.bottom_dm,0
Lüneburger Heide (sand),10.05,53.05,profile_312666,p4.h2.stratigraphy,qh
Lüneburger Heide (sand),10.05,53.05,profile_312666,p4.h2.origin,O
Lüneburger Heide (sand),10.05,53.05,profile_312666,p4.h2.geogenesis,og
Lüneburger Heide (sand),10.05,53.05,profile_312666,p4.h2.coarse_fraction,
Lüneburger Heide (sand),10.05,53.05,profile_312666,p4.h2.coarse_content_class,0
Lüneburger Heide (sand),10.05,53.05,profile_312666,p4.h2.texture_ka5,
Lüneburger Heide (sand),10.05,53.05,profile_312666,p4.h2.humus_class,h7
Lüneburger Heide (sand),10.05,53.05,profile_312666,p4.h2.carbonate_class,
Lüneburger Heide (sand),10.05,53.05,profile_312666,p4.h2.structure,
Lüneburger Heide (sand),10.05,53.05,profile_312666,p4.h2.bulk_density_class,
Lüneburger Heide (sand),10.05,53.05,profile_312666,p4.h2.peat_type,
Lüneburger Heide (sand),10.05,53.05,profile_312666,p4.h2.peat_decomposition,
Lüneburger Heide (sand),10.05,53.05,profile_312666,p4.h2.peat_substance_volume,
Lüneburger Heide (sand),10.05,53.05,profile_312666,p4.h2.acidity_class,
Lüneburger Heide (sand),10.05,53.05,profile_312666,p4.h3.horizon_symbol,Aeh
Lüneburger Heide (sand),10.05,53.05,profile_312666,p4.h3.top_dm,0
Lüneburger Heide (sand),10.05,53.05,profile_312666,p4.h3.bottom_dm,1
Lüneburger Heide (sand),10.05,53.05,profile_312666,p4.h3.stratigraphy,qw
Lüneburger Heide (sand),10.05,53.05,profile_312666,p4.h3.origin,Sa
Lüneburger Heide (sand),10.05,53.05,profile_312666,p4.h3.geogenesis,p
Lüneburger Heide (sand),10.05,53.05,profile_312666,p4.h3.coarse_fraction,
Lüneburger Heide (sand),10.05,53.05,profile_312666,p4.h3.coarse_content_class,0
Lüneburger Heide (sand),10.05,53.05,profile_312666,p4.h3.texture_ka5,fSms
Lüneburger Heide (sand),10.05,53.05,profile_312666,p4.h3.humus_class,h3
Lüneburger Heide (sand),10.05,53.05,profile_312666,p4.h3.carbonate_class,
Lüneburger Heide (sand),10.05,53.05,profile_312666,p4.h3.structure,
Lüneburger Heide (sand),10.05,53.05,profile_312666,p4.h3.bulk_density_class,Ld2
Lüneburger Heide (sand),10.05,53.05,profile_312666,p4.h3.peat_type,
Lüneburger Heide (sand),10.05,53.05,profile_312666,p4.h3.peat_decomposition,
Lüneburger Heide (sand),10.05,53.05,profile_312666,p4.h3.peat_substance_volume,
Lüneburger Heide (sand),10.05,53.05,profile_312666,p4.h3.acidity_class,
Lüneburger Heide (sand),10.05,53.05,profile_312666,p4.h4.horizon_symbol,Ae
Lüneburger Heide (sand),10.05,53.05,profile_312666,p4.h4.top_dm,1
Lüneburger Heide (sand),10.05,53.05,profile_312666,p4.h4.bottom_dm,4.1
Lüneburger Heide (sand),10.05,53.05,profile_312666,p4.h4.stratigraphy,qw
Lüneburger Heide (sand),10.05,53.05,profile_312666,p4.h4.origin,Sa
Lüneburger Heide (sand),10.05,53.05,profile_312666,p4.h4.geogenesis,p
Lüneburger Heide (sand),10.05,53.05,profile_312666,p4.h4.coarse_fraction,
Lüneburger Heide (sand),10.05,53.05,profile_312666,p4.h4.coarse_content_class,0
Lüneburger Heide (sand),10.05,53.05,profile_312666,p4.h4.texture_ka5,fSms
Lüneburger Heide (sand),10.05,53.05,profile_312666,p4.h4.humus_class,h1
Lüneburger Heide (sand),10.05,53.05,profile_312666,p4.h4.carbonate_class,
Lüneburger Heide (sand),10.05,53.05,profile_312666,p4.h4.structure,
Lüneburger Heide (sand),10.05,53.05,profile_312666,p4.h4.bulk_density_class,Ld3
Lüneburger Heide (sand),10.05,53.05,profile_312666,p4.h4.peat_type,
Lüneburger Heide (sand),10.05,53.05,profile_312666,p4.h4.peat_decomposition,
Lüneburger Heide (sand),10.05,53.05,profile_312666,p4.h4.peat_substance_volume,
Lüneburger Heide (sand),10.05,53.05,profile_312666,p4.h4.acidity_class,
Lüneburger Heide (sand),10.05,53.05,profile_312666,p4.h5.horizon_symbol,Bhs
Lüneburger Heide (sand),10.05,53.05,profile_312666,p4.h5.top_dm,4.1
Lüneburger Heide (sand),10.05,53.05,profile_312666,p4.h5.bottom_dm,7
Lüneburger Heide (sand),10.05,53.05,profile_312666,p4.h5.stratigraphy,qD
Lüneburger Heide (sand),10.05,53.05,profile_312666,p4.h5.origin,Sgf
Lüneburger Heide (sand),10.05,53.05,profile_312666,p4.h5.geogenesis,fg
Lüneburger Heide (sand),10.05,53.05,profile_312666,p4.h5.coarse_fraction,G
Lüneburger Heide (sand),10.05,53.05,profile_312666,p4.h5.coarse_content_class,2
Lüneburger Heide (sand),10.05,53.05,profile_312666,p4.h5.texture_ka5,mSfs
Lüneburger Heide (sand),10.05,53.05,profile_312666,p4.h5.humus_class,h1
Lüneburger Heide (sand),10.05,53.05,profile_312666,p4.h5.carbonate_class,
Lüneburger Heide (sand),10.05,53.05,profile_312666,p4.h5.structure,
Lüneburger Heide (sand),10.05,53.05,profile_312666,p4.h5.bulk_density_class,Ld3
Lüneburger Heide (sand),10.05,53.05,profile_312666,p4.h5.peat_type,
Lüneburger Heide (sand),10.05,53.05,profile_312666,p4.h5.peat_decomposition,
Lüneburger Heide (sand),10.05,53.05,profile_312666,p4.h5.peat_substance_volume,
Lüneburger Heide (sand),10.05,53.05,profile_312666,p4.h5.acidity_class,
Lüneburger Heide (sand),10.05,53.05,profile_312666,p4.h6.horizon_symbol,lCv
Lüneburger Heide (sand),10.05,53.05,profile_312666,p4.h6.top_dm,7
Lüneburger Heide (sand),10.05,53.05,profile_312666,p4.h6.bottom_dm,20
Lüneburger Heide (sand),10.05,53.05,profile_312666,p4.h6.stratigraphy,qD
Lüneburger Heide (sand),10.05,53.05,profile_312666,p4.h6.origin,Sgf
Lüneburger Heide (sand),10.05,53.05,profile_312666,p4.h6.geogenesis,fg
Lüneburger Heide (sand),10.05,53.05,profile_312666,p4.h6.coarse_fraction,G
Lüneburger Heide (sand),10.05,53.05,profile_312666,p4.h6.coarse_content_class,2
Lüneburger Heide (sand),10.05,53.05,profile_312666,p4.h6.texture_ka5,mSfs
Lüneburger Heide (sand),10.05,53.05,profile_312666,p4.h6.humus_class,h0
Lüneburger Heide (sand),10.05,53.05,profile_312666,p4.h6.carbonate_class,
Lüneburger Heide (sand),10.05,53.05,profile_312666,p4.h6.structure,
Lüneburger Heide (sand),10.05,53.05,profile_312666,p4.h6.bulk_density_class,Ld3
Lüneburger Heide (sand),10.05,53.05,profile_312666,p4.h6.peat_type,
Lüneburger Heide (sand),10.05,53.05,profile_312666,p4.h6.peat_decomposition,
Lüneburger Heide (sand),10.05,53.05,profile_312666,p4.h6.peat_substance_volume,
Lüneburger Heide (sand),10.05,53.05,profile_312666,p4.h6.acidity_class,
Lüneburger Heide (sand),10.05,53.05,profile_312666,p5.Bodensystematische Einheit,PPn
Lüneburger Heide (sand),10.05,53.05,profile_312666,p5.Flächenanteil,5 %
Lüneburger Heide (sand),10.05,53.05,profile_312666,p5.Landnutzung,Ackerflächen (CORINE Land Cover Code: 21)
Lüneburger Heide (sand),10.05,53.05,profile_312666,p5.h1.horizon_symbol,Aep
Lüneburger Heide (sand),10.05,53.05,profile_312666,p5.h1.top_dm,0
Lüneburger Heide (sand),10.05,53.05,profile_312666,p5.h1.bottom_dm,3
Lüneburger Heide (sand),10.05,53.05,profile_312666,p5.h1.stratigraphy,qw
Lüneburger Heide (sand),10.05,53.05,profile_312666,p5.h1.origin,Sa
Lüneburger Heide (sand),10.05,53.05,profile_312666,p5.h1.geogenesis,a
Lüneburger Heide (sand),10.05,53.05,profile_312666,p5.h1.coarse_fraction,
Lüneburger Heide (sand),10.05,53.05,profile_312666,p5.h1.coarse_content_class,0
Lüneburger Heide (sand),10.05,53.05,profile_312666,p5.h1.texture_ka5,fSms
Lüneburger Heide (sand),10.05,53.05,profile_312666,p5.h1.humus_class,h2
Lüneburger Heide (sand),10.05,53.05,profile_312666,p5.h1.carbonate_class,
Lüneburger Heide (sand),10.05,53.05,profile_312666,p5.h1.structure,
Lüneburger Heide (sand),10.05,53.05,profile_312666,p5.h1.bulk_density_class,Ld2
Lüneburger Heide (sand),10.05,53.05,profile_312666,p5.h1.peat_type,
Lüneburger Heide (sand),10.05,53.05,profile_312666,p5.h1.peat_decomposition,
Lüneburger Heide (sand),10.05,53.05,profile_312666,p5.h1.peat_substance_volume,
Lüneburger Heide (sand),10.05,53.05,profile_312666,p5.h1.acidity_class,
Lüneburger Heide (sand),10.05,53.05,profile_312666,p5.h2.horizon_symbol,Ae
Lüneburger Heide (sand),10.05,53.05,profile_312666,p5.h2.top_dm,3
Lüneburger Heide (sand),10.05,53.05,profile_312666,p5.h2.bottom_dm,4.1
Lüneburger Heide (sand),10.05,53.05,profile_312666,p5.h2.stratigraphy,qw
Lüneburger Heide (sand),10.05,53.05,profile_312666,p5.h2.origin,Sa
Lüneburger Heide (sand),10.05,53.05,profile_312666,p5.h2.geogenesis,a
Lüneburger Heide (sand),10.05,53.05,profile_312666,p5.h2.coarse_fraction,
Lüneburger Heide (sand),10.05,53.05,profile_312666,p5.h2.coarse_content_class,0
Lüneburger Heide (sand),10.05,53.05,profile_312666,p5.h2.texture_ka5,fSms
Lüneburger Heide (sand),10.05,53.05,profile_312666,p5.h2.humus_class,h1
Lüneburger Heide (sand),10.05,53.05,profile_312666,p5.h2.carbonate_class,
Lüneburger Heide (sand),10.05,53.05,profile_312666,p5.h2.structure,
Lüneburger Heide (sand),10.05,53.05,profile_312666,p5.h2.bulk_density_class,Ld3
Lüneburger Heide (sand),10.05,53.05,profile_312666,p5.h2.peat_type,
Lüneburger Heide (sand),10.05,53.05,profile_312666,p5.h2.peat_decomposition,
Lüneburger Heide (sand),10.05,53.05,profile_312666,p5.h2.peat_substance_volume,
Lüneburger Heide (sand),10.05,53.05,profile_312666,p5.h2.acidity_class,
Lüneburger Heide (sand),10.05,53.05,profile_312666,p5.h3.horizon_symbol,Bhs
Lüneburger Heide (sand),10.05,53.05,profile_312666,p5.h3.top_dm,4.1
Lüneburger Heide (sand),10.05,53.05,profile_312666,p5.h3.bottom_dm,7
Lüneburger Heide (sand),10.05,53.05,profile_312666,p5.h3.stratigraphy,qD
Lüneburger Heide (sand),10.05,53.05,profile_312666,p5.h3.origin,Sgf
Lüneburger Heide (sand),10.05,53.05,profile_312666,p5.h3.geogenesis,fg
Lüneburger Heide (sand),10.05,53.05,profile_312666,p5.h3.coarse_fraction,G
Lüneburger Heide (sand),10.05,53.05,profile_312666,p5.h3.coarse_content_class,2
Lüneburger Heide (sand),10.05,53.05,profile_312666,p5.h3.texture_ka5,mSfs
Lüneburger Heide (sand),10.05,53.05,profile_312666,p5.h3.humus_class,h1
Lüneburger Heide (sand),10.05,53.05,profile_312666,p5.h3.carbonate_class,
Lüneburger Heide (sand),10.05,53.05,profile_312666,p5.h3.structure,
Lüneburger Heide (sand),10.05,53.05,profile_312666,p5.h3.bulk_density_class,Ld3
Lüneburger Heide (sand),10.05,53.05,profile_312666,p5.h3.peat_type,
Lüneburger Heide (sand),10.05,53.05,profile_312666,p5.h3.peat_decomposition,
Lüneburger Heide (sand),10.05,53.05,profile_312666,p5.h3.peat_substance_volume,
Lüneburger Heide (sand),10.05,53.05,profile_312666,p5.h3.acidity_class,
Lüneburger Heide (sand),10.05,53.05,profile_312666,p5.h4.horizon_symbol,lCv
Lüneburger Heide (sand),10.05,53.05,profile_312666,p5.h4.top_dm,7
Lüneburger Heide (sand),10.05,53.05,profile_312666,p5.h4.bottom_dm,20
Lüneburger Heide (sand),10.05,53.05,profile_312666,p5.h4.stratigraphy,qD
Lüneburger Heide (sand),10.05,53.05,profile_312666,p5.h4.origin,Sgf
Lüneburger Heide (sand),10.05,53.05,profile_312666,p5.h4.geogenesis,fg
Lüneburger Heide (sand),10.05,53.05,profile_312666,p5.h4.coarse_fraction,G
Lüneburger Heide (sand),10.05,53.05,profile_312666,p5.h4.coarse_content_class,2
Lüneburger Heide (sand),10.05,53.05,profile_312666,p5.h4.texture_ka5,mSfs
Lüneburger Heide (sand),10.05,53.05,profile_312666,p5.h4.humus_class,h0
Lüneburger Heide (sand),10.05,53.05,profile_312666,p5.h4.carbonate_class,
Lüneburger Heide (sand),10.05,53.05,profile_312666,p5.h4.structure,
Lüneburger Heide (sand),10.05,53.05,profile_312666,p5.h4.bulk_density_class,Ld3
Lüneburger Heide (sand),10.05,53.05,profile_312666,p5.h4.peat_type,
Lüneburger Heide (sand),10.05,53.05,profile_312666,p5.h4.peat_decomposition,
Lüneburger Heide (sand),10.05,53.05,profile_312666,p5.h4.peat_substance_volume,
Lüneburger Heide (sand),10.05,53.05,profile_312666,p5.h4.acidity_class,
Lüneburger Heide (sand),10.05,53.05,profile_312666,p6.Bodensystematische Einheit,PP-BB
Lüneburger Heide (sand),10.05,53.05,profile_312666,p6.Flächenanteil,5 %
Lüneburger Heide (sand),10.05,53.05,profile_312666,p6.Landnutzung,Ackerflächen (CORINE Land Cover Code: 21)
Lüneburger Heide (sand),10.05,53.05,profile_312666,p6.h1.horizon_symbol,Aep
Lüneburger Heide (sand),10.05,53.05,profile_312666,p6.h1.top_dm,0
Lüneburger Heide (sand),10.05,53.05,profile_312666,p6.h1.bottom_dm,3
Lüneburger Heide (sand),10.05,53.05,profile_312666,p6.h1.stratigraphy,qw
Lüneburger Heide (sand),10.05,53.05,profile_312666,p6.h1.origin,Sp
Lüneburger Heide (sand),10.05,53.05,profile_312666,p6.h1.geogenesis,p
Lüneburger Heide (sand),10.05,53.05,profile_312666,p6.h1.coarse_fraction,O
Lüneburger Heide (sand),10.05,53.05,profile_312666,p6.h1.coarse_content_class,2
Lüneburger Heide (sand),10.05,53.05,profile_312666,p6.h1.texture_ka5,mSfs
Lüneburger Heide (sand),10.05,53.05,profile_312666,p6.h1.humus_class,h2
Lüneburger Heide (sand),10.05,53.05,profile_312666,p6.h1.carbonate_class,
Lüneburger Heide (sand),10.05,53.05,profile_312666,p6.h1.structure,
Lüneburger Heide (sand),10.05,53.05,profile_312666,p6.h1.bulk_density_class,Ld2
Lüneburger Heide (sand),10.05,53.05,profile_312666,p6.h1.peat_type,
Lüneburger Heide (sand),10.05,53.05,profile_312666,p6.h1.peat_decomposition,
Lüneburger Heide (sand),10.05,53.05,profile_312666,p6.h1.peat_substance_volume,
Lüneburger Heide (sand),10.05,53.05,profile_312666,p6.h1.acidity_class,
Lüneburger Heide (sand),10.05,53.05,profile_312666,p6.h2.horizon_symbol,Bsv
Lüneburger Heide (sand),10.05,53.05,profile_312666,p6.h2.top_dm,3
Lüneburger Heide (sand),10.05,53.05,profile_312666,p6.h2.bottom_dm,5
Lüneburger Heide (sand),10.05,53.05,profile_312666,p6.h2.stratigraphy,qw
Lüneburger Heide (sand),10.05,53.05,profile_312666,p6.h2.origin,Sp
Lüneburger Heide (sand),10.05,53.05,profile_312666,p6.h2.geogenesis,p
Lüneburger Heide (sand),10.05,53.05,profile_312666,p6.h2.coarse_fraction,O
Lüneburger Heide (sand),10.05,53.05,profile_312666,p6.h2.coarse_content_class,2
Lüneburger Heide (sand),10.05,53.05,profile_312666,p6.h2.texture_ka5,mSfs
Lüneburger Heide (sand),10.05,53.05,profile_312666,p6.h2.humus_class,h0
Lüneburger Heide (sand),10.05,53.05,profile_312666,p6.h2.carbonate_class,
Lüneburger Heide (sand),10.05,53.05,profile_312666,p6.h2.structure,
Lüneburger Heide (sand),10.05,53.05,profile_312666,p6.h2.bulk_density_class,Ld3
Lüneburger Heide (sand),10.05,53.05,profile_312666,p6.h2.peat_type,
Lüneburger Heide (sand),10.05,53.05,profile_312666,p6.h2.peat_decomposition,
Lüneburger Heide (sand),10.05,53.05,profile_312666,p6.h2.peat_substance_volume,
Lüneburger Heide (sand),10.05,53.05,profile_312666,p6.h2.acidity_class,
Lüneburger Heide (sand),10.05,53.05,profile_312666,p6.h3.horizon_symbol,lCv
Lüneburger Heide (sand),10.05,53.05,profile_312666,p6.h3.top_dm,5
Lüneburger Heide (sand),10.05,53.05,profile_312666,p6.h3.bottom_dm,20
Lüneburger Heide (sand),10.05,53.05,profile_312666,p6.h3.stratigraphy,qD
Lüneburger Heide (sand),10.05,53.05,profile_312666,p6.h3.origin,Sgf
Lüneburger Heide (sand),10.05,53.05,profile_312666,p6.h3.geogenesis,fg
Lüneburger Heide (sand),10.05,53.05,profile_312666,p6.h3.coarse_fraction,G
Lüneburger Heide (sand),10.05,53.05,profile_312666,p6.h3.coarse_content_class,2
Lüneburger Heide (sand),10.05,53.05,profile_312666,p6.h3.texture_ka5,mSfs
Lüneburger Heide (sand),10.05,53.05,profile_312666,p6.h3.humus_class,h0
Lüneburger Heide (sand),10.05,53.05,profile_312666,p6.h3.carbonate_class,
Lüneburger Heide (sand),10.05,53.05,profile_312666,p6.h3.structure,
Lüneburger Heide (sand),10.05,53.05,profile_312666,p6.h3.bulk_density_class,Ld3
Lüneburger Heide (sand),10.05,53.05,profile_312666,p6.h3.peat_type,
Lüneburger Heide (sand),10.05,53.05,profile_312666,p6.h3.peat_decomposition,
Lüneburger Heide (sand),10.05,53.05,profile_312666,p6.h3.peat_substance_volume,
Lüneburger Heide (sand),10.05,53.05,profile_312666,p6.h3.acidity_class,
Lüneburger Heide (sand),10.05,53.05,profile_312666,p7.Bodensystematische Einheit,PP-BB
Lüneburger Heide (sand),10.05,53.05,profile_312666,p7.Flächenanteil,5 %
Lüneburger Heide (sand),10.05,53.05,profile_312666,p7.Landnutzung,Wälder (CORINE Land Cover Code: 31)
Lüneburger Heide (sand),10.05,53.05,profile_312666,p7.h1.horizon_symbol,O
Lüneburger Heide (sand),10.05,53.05,profile_312666,p7.h1.top_dm,-0.7
Lüneburger Heide (sand),10.05,53.05,profile_312666,p7.h1.bottom_dm,-0.5
Lüneburger Heide (sand),10.05,53.05,profile_312666,p7.h1.stratigraphy,qh
Lüneburger Heide (sand),10.05,53.05,profile_312666,p7.h1.origin,O
Lüneburger Heide (sand),10.05,53.05,profile_312666,p7.h1.geogenesis,og
Lüneburger Heide (sand),10.05,53.05,profile_312666,p7.h1.coarse_fraction,
Lüneburger Heide (sand),10.05,53.05,profile_312666,p7.h1.coarse_content_class,0
Lüneburger Heide (sand),10.05,53.05,profile_312666,p7.h1.texture_ka5,
Lüneburger Heide (sand),10.05,53.05,profile_312666,p7.h1.humus_class,h7
Lüneburger Heide (sand),10.05,53.05,profile_312666,p7.h1.carbonate_class,
Lüneburger Heide (sand),10.05,53.05,profile_312666,p7.h1.structure,
Lüneburger Heide (sand),10.05,53.05,profile_312666,p7.h1.bulk_density_class,
Lüneburger Heide (sand),10.05,53.05,profile_312666,p7.h1.peat_type,
Lüneburger Heide (sand),10.05,53.05,profile_312666,p7.h1.peat_decomposition,
Lüneburger Heide (sand),10.05,53.05,profile_312666,p7.h1.peat_substance_volume,
Lüneburger Heide (sand),10.05,53.05,profile_312666,p7.h1.acidity_class,
Lüneburger Heide (sand),10.05,53.05,profile_312666,p7.h2.horizon_symbol,Oh
Lüneburger Heide (sand),10.05,53.05,profile_312666,p7.h2.top_dm,-0.5
Lüneburger Heide (sand),10.05,53.05,profile_312666,p7.h2.bottom_dm,0
Lüneburger Heide (sand),10.05,53.05,profile_312666,p7.h2.stratigraphy,qh
Lüneburger Heide (sand),10.05,53.05,profile_312666,p7.h2.origin,O
Lüneburger Heide (sand),10.05,53.05,profile_312666,p7.h2.geogenesis,og
Lüneburger Heide (sand),10.05,53.05,profile_312666,p7.h2.coarse_fraction,
Lüneburger Heide (sand),10.05,53.05,profile_312666,p7.h2.coarse_content_class,0
Lüneburger Heide (sand),10.05,53.05,profile_312666,p7.h2.texture_ka5,
Lüneburger Heide (sand),10.05,53.05,profile_312666,p7.h2.humus_class,h7
Lüneburger Heide (sand),10.05,53.05,profile_312666,p7.h2.carbonate_class,
Lüneburger Heide (sand),10.05,53.05,profile_312666,p7.h2.structure,
Lüneburger Heide (sand),10.05,53.05,profile_312666,p7.h2.bulk_density_class,
Lüneburger Heide (sand),10.05,53.05,profile_312666,p7.h2.peat_type,
Lüneburger Heide (sand),10.05,53.05,profile_312666,p7.h2.peat_decomposition,
Lüneburger Heide (sand),10.05,53.05,profile_312666,p7.h2.peat_substance_volume,
Lüneburger Heide (sand),10.05,53.05,profile_312666,p7.h2.acidity_class,
Lüneburger Heide (sand),10.05,53.05,profile_312666,p7.h3.horizon_symbol,Aeh
Lüneburger Heide (sand),10.05,53.05,profile_312666,p7.h3.top_dm,0
Lüneburger Heide (sand),10.05,53.05,profile_312666,p7.h3.bottom_dm,0.7
Lüneburger Heide (sand),10.05,53.05,profile_312666,p7.h3.stratigraphy,qw
Lüneburger Heide (sand),10.05,53.05,profile_312666,p7.h3.origin,Sp
Lüneburger Heide (sand),10.05,53.05,profile_312666,p7.h3.geogenesis,p
Lüneburger Heide (sand),10.05,53.05,profile_312666,p7.h3.coarse_fraction,O
Lüneburger Heide (sand),10.05,53.05,profile_312666,p7.h3.coarse_content_class,2
Lüneburger Heide (sand),10.05,53.05,profile_312666,p7.h3.texture_ka5,mSfs
Lüneburger Heide (sand),10.05,53.05,profile_312666,p7.h3.humus_class,h2
Lüneburger Heide (sand),10.05,53.05,profile_312666,p7.h3.carbonate_class,
Lüneburger Heide (sand),10.05,53.05,profile_312666,p7.h3.structure,
Lüneburger Heide (sand),10.05,53.05,profile_312666,p7.h3.bulk_density_class,Ld2
Lüneburger Heide (sand),10.05,53.05,profile_312666,p7.h3.peat_type,
Lüneburger Heide (sand),10.05,53.05,profile_312666,p7.h3.peat_decomposition,
Lüneburger Heide (sand),10.05,53.05,profile_312666,p7.h3.peat_substance_volume,
Lüneburger Heide (sand),10.05,53.05,profile_312666,p7.h3.acidity_class,
Lüneburger Heide (sand),10.05,53.05,profile_312666,p7.h4.horizon_symbol,Ae
Lüneburger Heide (sand),10.05,53.05,profile_312666,p7.h4.top_dm,0.7
Lüneburger Heide (sand),10.05,53.05,profile_312666,p7.h4.bottom_dm,2
Lüneburger Heide (sand),10.05,53.05,profile_312666,p7.h4.stratigraphy,qw
Lüneburger Heide (sand),10.05,53.05,profile_312666,p7.h4.origin,Sp
Lüneburger Heide (sand),10.05,53.05,profile_312666,p7.h4.geogenesis,p
Lüneburger Heide (sand),10.05,53.05,profile_312666,p7.h4.coarse_fraction,O
Lüneburger Heide (sand),10.05,53.05,profile_312666,p7.h4.coarse_content_class,2
Lüneburger Heide (sand),10.05,53.05,profile_312666,p7.h4.texture_ka5,mSfs
Lüneburger Heide (sand),10.05,53.05,profile_312666,p7.h4.humus_class,h1
Lüneburger Heide (sand),10.05,53.05,profile_312666,p7.h4.carbonate_class,
Lüneburger Heide (sand),10.05,53.05,profile_312666,p7.h4.structure,
Lüneburger Heide (sand),10.05,53.05,profile_312666,p7.h4.bulk_density_class,Ld2
Lüneburger Heide (sand),10.05,53.05,profile_312666,p7.h4.peat_type,
Lüneburger Heide (sand),10.05,53.05,profile_312666,p7.h4.peat_decomposition,
Lüneburger Heide (sand),10.05,53.05,profile_312666,p7.h4.peat_substance_volume,
Lüneburger Heide (sand),10.05,53.05,profile_312666,p7.h4.acidity_class,
Lüneburger Heide (sand),10.05,53.05,profile_312666,p7.h5.horizon_symbol,Bhs-Bv
Lüneburger Heide (sand),10.05,53.05,profile_312666,p7.h5.top_dm,2
Lüneburger Heide (sand),10.05,53.05,profile_312666,p7.h5.bottom_dm,3
Lüneburger Heide (sand),10.05,53.05,profile_312666,p7.h5.stratigraphy,qw
Lüneburger Heide (sand),10.05,53.05,profile_312666,p7.h5.origin,Sp
Lüneburger Heide (sand),10.05,53.05,profile_312666,p7.h5.geogenesis,p
Lüneburger Heide (sand),10.05,53.05,profile_312666,p7.h5.coarse_fraction,O
Lüneburger Heide (sand),10.05,53.05,profile_312666,p7.h5.coarse_content_class,2
Lüneburger Heide (sand),10.05,53.05,profile_312666,p7.h5.texture_ka5,mSfs
Lüneburger Heide (sand),10.05,53.05,profile_312666,p7.h5.humus_class,h1
Lüneburger Heide (sand),10.05,53.05,profile_312666,p7.h5.carbonate_class,
Lüneburger Heide (sand),10.05,53.05,profile_312666,p7.h5.structure,
Lüneburger Heide (sand),10.05,53.05,profile_312666,p7.h5.bulk_density_class,Ld3
Lüneburger Heide (sand),10.05,53.05,profile_312666,p7.h5.peat_type,
Lüneburger Heide (sand),10.05,53.05,profile_312666,p7.h5.peat_decomposition,
Lüneburger Heide (sand),10.05,53.05,profile_312666,p7.h5.peat_substance_volume,
Lüneburger Heide (sand),10.05,53.05,profile_312666,p7.h5.acidity_class,
Lüneburger Heide (sand),10.05,53.05,profile_312666,p7.h6.horizon_symbol,Bsv
Lüneburger Heide (sand),10.05,53.05,profile_312666,p7.h6.top_dm,3
Lüneburger Heide (sand),10.05,53.05,profile_312666,p7.h6.bottom_dm,5
Lüneburger Heide (sand),10.05,53.05,profile_312666,p7.h6.stratigraphy,qw
Lüneburger Heide (sand),10.05,53.05,profile_312666,p7.h6.origin,Sp
Lüneburger Heide (sand),10.05,53.05,profile_312666,p7.h6.geogenesis,p
Lüneburger Heide (sand),10.05,53.05,profile_312666,p7.h6.coarse_fraction,O
Lüneburger Heide (sand),10.05,53.05,profile_312666,p7.h6.coarse_content_class,2
Lüneburger Heide (sand),10.05,53.05,profile_312666,p7.h6.texture_ka5,mSfs
Lüneburger Heide (sand),10.05,53.05,profile_312666,p7.h6.humus_class,h0
Lüneburger Heide (sand),10.05,53.05,profile_312666,p7.h6.carbonate_class,
Lüneburger Heide (sand),10.05,53.05,profile_312666,p7.h6.structure,
Lüneburger Heide (sand),10.05,53.05,profile_312666,p7.h6.bulk_density_class,Ld3
Lüneburger Heide (sand),10.05,53.05,profile_312666,p7.h6.peat_type,
Lüneburger Heide (sand),10.05,53.05,profile_312666,p7.h6.peat_decomposition,
Lüneburger Heide (sand),10.05,53.05,profile_312666,p7.h6.peat_substance_volume,
Lüneburger Heide (sand),10.05,53.05,profile_312666,p7.h6.acidity_class,
Lüneburger Heide (sand),10.05,53.05,profile_312666,p7.h7.horizon_symbol,lCv
Lüneburger Heide (sand),10.05,53.05,profile_312666,p7.h7.top_dm,5
Lüneburger Heide (sand),10.05,53.05,profile_312666,p7.h7.bottom_dm,20
Lüneburger Heide (sand),10.05,53.05,profile_312666,p7.h7.stratigraphy,qD
Lüneburger Heide (sand),10.05,53.05,profile_312666,p7.h7.origin,Sgf
Lüneburger Heide (sand),10.05,53.05,profile_312666,p7.h7.geogenesis,fg
Lüneburger Heide (sand),10.05,53.05,profile_312666,p7.h7.coarse_fraction,G
Lüneburger Heide (sand),10.05,53.05,profile_312666,p7.h7.coarse_content_class,2
Lüneburger Heide (sand),10.05,53.05,profile_312666,p7.h7.texture_ka5,mSfs
Lüneburger Heide (sand),10.05,53.05,profile_312666,p7.h7.humus_class,h0
Lüneburger Heide (sand),10.05,53.05,profile_312666,p7.h7.carbonate_class,
Lüneburger Heide (sand),10.05,53.05,profile_312666,p7.h7.structure,
Lüneburger Heide (sand),10.05,53.05,profile_312666,p7.h7.bulk_density_class,Ld3
Lüneburger Heide (sand),10.05,53.05,profile_312666,p7.h7.peat_type,
Lüneburger Heide (sand),10.05,53.05,profile_312666,p7.h7.peat_decomposition,
Lüneburger Heide (sand),10.05,53.05,profile_312666,p7.h7.peat_substance_volume,
Lüneburger Heide (sand),10.05,53.05,profile_312666,p7.h7.acidity_class,
Lüneburger Heide (sand),10.05,53.05,profile_312666,p8.Bodensystematische Einheit,PPn
Lüneburger Heide (sand),10.05,53.05,profile_312666,p8.Flächenanteil,20 %
Lüneburger Heide (sand),10.05,53.05,profile_312666,p8.Landnutzung,Heiden und Moorheiden (CORINE Land Cover Code: 322)
Lüneburger Heide (sand),10.05,53.05,profile_312666,p8.h1.horizon_symbol,O
Lüneburger Heide (sand),10.05,53.05,profile_312666,p8.h1.top_dm,-0.5
Lüneburger Heide (sand),10.05,53.05,profile_312666,p8.h1.bottom_dm,0
Lüneburger Heide (sand),10.05,53.05,profile_312666,p8.h1.stratigraphy,qh
Lüneburger Heide (sand),10.05,53.05,profile_312666,p8.h1.origin,O
Lüneburger Heide (sand),10.05,53.05,profile_312666,p8.h1.geogenesis,og
Lüneburger Heide (sand),10.05,53.05,profile_312666,p8.h1.coarse_fraction,
Lüneburger Heide (sand),10.05,53.05,profile_312666,p8.h1.coarse_content_class,0
Lüneburger Heide (sand),10.05,53.05,profile_312666,p8.h1.texture_ka5,
Lüneburger Heide (sand),10.05,53.05,profile_312666,p8.h1.humus_class,h7
Lüneburger Heide (sand),10.05,53.05,profile_312666,p8.h1.carbonate_class,
Lüneburger Heide (sand),10.05,53.05,profile_312666,p8.h1.structure,
Lüneburger Heide (sand),10.05,53.05,profile_312666,p8.h1.bulk_density_class,
Lüneburger Heide (sand),10.05,53.05,profile_312666,p8.h1.peat_type,
Lüneburger Heide (sand),10.05,53.05,profile_312666,p8.h1.peat_decomposition,
Lüneburger Heide (sand),10.05,53.05,profile_312666,p8.h1.peat_substance_volume,
Lüneburger Heide (sand),10.05,53.05,profile_312666,p8.h1.acidity_class,
Lüneburger Heide (sand),10.05,53.05,profile_312666,p8.h2.horizon_symbol,Aeh
Lüneburger Heide (sand),10.05,53.05,profile_312666,p8.h2.top_dm,0
Lüneburger Heide (sand),10.05,53.05,profile_312666,p8.h2.bottom_dm,1
Lüneburger Heide (sand),10.05,53.05,profile_312666,p8.h2.stratigraphy,qD
Lüneburger Heide (sand),10.05,53.05,profile_312666,p8.h2.origin,Sgf
Lüneburger Heide (sand),10.05,53.05,profile_312666,p8.h2.geogenesis,fg
Lüneburger Heide (sand),10.05,53.05,profile_312666,p8.h2.coarse_fraction,G
Lüneburger Heide (sand),10.05,53.05,profile_312666,p8.h2.coarse_content_class,2
Lüneburger Heide (sand),10.05,53.05,profile_312666,p8.h2.texture_ka5,mSfs
Lüneburger Heide (sand),10.05,53.05,profile_312666,p8.h2.humus_class,h2
Lüneburger Heide (sand),10.05,53.05,profile_312666,p8.h2.carbonate_class,
Lüneburger Heide (sand),10.05,53.05,profile_312666,p8.h2.structure,
Lüneburger Heide (sand),10.05,53.05,profile_312666,p8.h2.bulk_density_class,Ld2
Lüneburger Heide (sand),10.05,53.05,profile_312666,p8.h2.peat_type,
Lüneburger Heide (sand),10.05,53.05,profile_312666,p8.h2.peat_decomposition,
Lüneburger Heide (sand),10.05,53.05,profile_312666,p8.h2.peat_substance_volume,
Lüneburger Heide (sand),10.05,53.05,profile_312666,p8.h2.acidity_class,
Lüneburger Heide (sand),10.05,53.05,profile_312666,p8.h3.horizon_symbol,Ae
Lüneburger Heide (sand),10.05,53.05,profile_312666,p8.h3.top_dm,1
Lüneburger Heide (sand),10.05,53.05,profile_312666,p8.h3.bottom_dm,4.1
Lüneburger Heide (sand),10.05,53.05,profile_312666,p8.h3.stratigraphy,qD
Lüneburger Heide (sand),10.05,53.05,profile_312666,p8.h3.origin,Sgf
Lüneburger Heide (sand),10.05,53.05,profile_312666,p8.h3.geogenesis,fg
Lüneburger Heide (sand),10.05,53.05,profile_312666,p8.h3.coarse_fraction,G
Lüneburger Heide (sand),10.05,53.05,profile_312666,p8.h3.coarse_content_class,2
Lüneburger Heide (sand),10.05,53.05,profile_312666,p8.h3.texture_ka5,mSfs
Lüneburger Heide (sand),10.05,53.05,profile_312666,p8.h3.humus_class,h1
Lüneburger Heide (sand),10.05,53.05,profile_312666,p8.h3.carbonate_class,
Lüneburger Heide (sand),10.05,53.05,profile_312666,p8.h3.structure,
Lüneburger Heide (sand),10.05,53.05,profile_312666,p8.h3.bulk_density_class,Ld3
Lüneburger Heide (sand),10.05,53.05,profile_312666,p8.h3.peat_type,
Lüneburger Heide (sand),10.05,53.05,profile_312666,p8.h3.peat_decomposition,
Lüneburger Heide (sand),10.05,53.05,profile_312666,p8.h3.peat_substance_volume,
Lüneburger Heide (sand),10.05,53.05,profile_312666,p8.h3.acidity_class,
Lüneburger Heide (sand),10.05,53.05,profile_312666,p8.h4.horizon_symbol,Bhs
Lüneburger Heide (sand),10.05,53.05,profile_312666,p8.h4.top_dm,4.1
Lüneburger Heide (sand),10.05,53.05,profile_312666,p8.h4.bottom_dm,7
Lüneburger Heide (sand),10.05,53.05,profile_312666,p8.h4.stratigraphy,qD
Lüneburger Heide (sand),10.05,53.05,profile_312666,p8.h4.origin,Sgf
Lüneburger Heide (sand),10.05,53.05,profile_312666,p8.h4.geogenesis,fg
Lüneburger Heide (sand),10.05,53.05,profile_312666,p8.h4.coarse_fraction,G
Lüneburger Heide (sand),10.05,53.05,profile_312666,p8.h4.coarse_content_class,2
Lüneburger Heide (sand),10.05,53.05,profile_312666,p8.h4.texture_ka5,mSfs
Lüneburger Heide (sand),10.05,53.05,profile_312666,p8.h4.humus_class,h1
Lüneburger Heide (sand),10.05,53.05,profile_312666,p8.h4.carbonate_class,
Lüneburger Heide (sand),10.05,53.05,profile_312666,p8.h4.structure,
Lüneburger Heide (sand),10.05,53.05,profile_312666,p8.h4.bulk_density_class,Ld3
Lüneburger Heide (sand),10.05,53.05,profile_312666,p8.h4.peat_type,
Lüneburger Heide (sand),10.05,53.05,profile_312666,p8.h4.peat_decomposition,
Lüneburger Heide (sand),10.05,53.05,profile_312666,p8.h4.peat_substance_volume,
Lüneburger Heide (sand),10.05,53.05,profile_312666,p8.h4.acidity_class,
Lüneburger Heide (sand),10.05,53.05,profile_312666,p8.h5.horizon_symbol,lCv
Lüneburger Heide (sand),10.05,53.05,profile_312666,p8.h5.top_dm,7
Lüneburger Heide (sand),10.05,53.05,profile_312666,p8.h5.bottom_dm,20
Lüneburger Heide (sand),10.05,53.05,profile_312666,p8.h5.stratigraphy,qD
Lüneburger Heide (sand),10.05,53.05,profile_312666,p8.h5.origin,Sgf
Lüneburger Heide (sand),10.05,53.05,profile_312666,p8.h5.geogenesis,fg
Lüneburger Heide (sand),10.05,53.05,profile_312666,p8.h5.coarse_fraction,G
Lüneburger Heide (sand),10.05,53.05,profile_312666,p8.h5.coarse_content_class,2
Lüneburger Heide (sand),10.05,53.05,profile_312666,p8.h5.texture_ka5,mSfs
Lüneburger Heide (sand),10.05,53.05,profile_312666,p8.h5.humus_class,h0
Lüneburger Heide (sand),10.05,53.05,profile_312666,p8.h5.carbonate_class,
Lüneburger Heide (sand),10.05,53.05,profile_312666,p8.h5.structure,
Lüneburger Heide (sand),10.05,53.05,profile_312666,p8.h5.bulk_density_class,Ld3
Lüneburger Heide (sand),10.05,53.05,profile_312666,p8.h5.peat_type,
Lüneburger Heide (sand),10.05,53.05,profile_312666,p8.h5.peat_decomposition,
Lüneburger Heide (sand),10.05,53.05,profile_312666,p8.h5.peat_substance_volume,
Lüneburger Heide (sand),10.05,53.05,profile_312666,p8.h5.acidity_class,
Emsland (sand/peat),7.35,52.75,L0_sheetindex,OBJECTID,17
Emsland (sand/peat),7.35,52.75,L0_sheetindex,BLATTNUM,CC 3910
Emsland (sand/peat),7.35,52.75,L0_sheetindex,BLATTNAM,Bielefeld
Emsland (sand/peat),7.35,52.75,L0_sheetindex,JAHR,2008
Emsland (sand/peat),7.35,52.75,L0_sheetindex,Shape_Area,21658327159.697353
Emsland (sand/peat),7.35,52.75,L0_sheetindex,Shape_Length,588691.5931055363
Emsland (sand/peat),7.35,52.75,L16_CC3910,OBJECTID,43
Emsland (sand/peat),7.35,52.75,L16_CC3910,NRKART,31
Emsland (sand/peat),7.35,52.75,L16_CC3910,TKLE_NR,391031
Emsland (sand/peat),7.35,52.75,L16_CC3910,BGL,4.5
Emsland (sand/peat),7.35,52.75,L16_CC3910,LEG_TEXT,"Überwiegend *Braunerde-Podsole bis *Gley-Podsole, gering verbreitet Podsole aus *Decksand bis *Flugsand über tiefem Niederungssand, gering verbreitet Podsol-Braunerden und Gley-Braunerden aus Decksand über Niederungssand"
Emsland (sand/peat),7.35,52.75,L16_CC3910,Legende,"31 BB-PP, GG-PP, PPn: p-(k)s,a-s//f-s; PP-BB, GG-BB: p-(k)s/f-s"
Emsland (sand/peat),7.35,52.75,L16_CC3910,Shape_Area,2507815656.5929317
Emsland (sand/peat),7.35,52.75,L16_CC3910,Shape_Length,4752075.489589904
Emsland (sand/peat),7.35,52.75,L16_CC3910,Hinweis,
Emsland (sand/peat),7.35,52.75,L16_CC3910,Profile,https://fisbo.bgr.de/app/FISBoBGR_Profilanzeige/getProfile.php?KARTE=BUEK200&LEGNR=391031
Emsland (sand/peat),7.35,52.75,identify_L16,OBJECTID,43
Emsland (sand/peat),7.35,52.75,identify_L16,NRKART,31
Emsland (sand/peat),7.35,52.75,identify_L16,TKLE_NR,391031
Emsland (sand/peat),7.35,52.75,identify_L16,BGL,4.5
Emsland (sand/peat),7.35,52.75,identify_L16,Legendentext,"Überwiegend *Braunerde-Podsole bis *Gley-Podsole, gering verbreitet Podsole aus *Decksand bis *Flugsand über tiefem Niederungssand, gering verbreitet Podsol-Braunerden und Gley-Braunerden aus Decksand über Niederungssand"
Emsland (sand/peat),7.35,52.75,identify_L16,Legende,"31 BB-PP, GG-PP, PPn: p-(k)s,a-s//f-s; PP-BB, GG-BB: p-(k)s/f-s"
Emsland (sand/peat),7.35,52.75,identify_L16,Shape Area,"2507815656,592932"
Emsland (sand/peat),7.35,52.75,identify_L16,Shape Length,"4752075,48959"
Emsland (sand/peat),7.35,52.75,identify_L16,Hinweis,Null
Emsland (sand/peat),7.35,52.75,identify_L16,Profile,https://fisbo.bgr.de/app/FISBoBGR_Profilanzeige/getProfile.php?KARTE=BUEK200&amp;LEGNR=391031
Emsland (sand/peat),7.35,52.75,profile_391031,unit_header,"Bodenübersichtskarte 1:200.000 - Legendeneinheit Nr. 391031 Überwiegend Braunerde-Podsole bis Gley-Podsole, gering verbreitet Podsole aus Decksand bis Flugsand über tiefem Niederungssand, gering verbreitet Podsol-Braunerden und Gley-Braunerden aus Decksand über Niederungssand"
Emsland (sand/peat),7.35,52.75,profile_391031,n_profiles,8
Emsland (sand/peat),7.35,52.75,profile_391031,p1.Bodensystematische Einheit,BB-PP
Emsland (sand/peat),7.35,52.75,profile_391031,p1.Flächenanteil,20 %
Emsland (sand/peat),7.35,52.75,profile_391031,p1.Landnutzung,Laubwälder (CORINE Land Cover Code: 311)
Emsland (sand/peat),7.35,52.75,profile_391031,p1.h1.horizon_symbol,O
Emsland (sand/peat),7.35,52.75,profile_391031,p1.h1.top_dm,-0.7
Emsland (sand/peat),7.35,52.75,profile_391031,p1.h1.bottom_dm,-0.5
Emsland (sand/peat),7.35,52.75,profile_391031,p1.h1.stratigraphy,qh
Emsland (sand/peat),7.35,52.75,profile_391031,p1.h1.origin,O
Emsland (sand/peat),7.35,52.75,profile_391031,p1.h1.geogenesis,og
Emsland (sand/peat),7.35,52.75,profile_391031,p1.h1.coarse_fraction,
Emsland (sand/peat),7.35,52.75,profile_391031,p1.h1.coarse_content_class,0
Emsland (sand/peat),7.35,52.75,profile_391031,p1.h1.texture_ka5,
Emsland (sand/peat),7.35,52.75,profile_391031,p1.h1.humus_class,h7
Emsland (sand/peat),7.35,52.75,profile_391031,p1.h1.carbonate_class,
Emsland (sand/peat),7.35,52.75,profile_391031,p1.h1.structure,
Emsland (sand/peat),7.35,52.75,profile_391031,p1.h1.bulk_density_class,
Emsland (sand/peat),7.35,52.75,profile_391031,p1.h1.peat_type,
Emsland (sand/peat),7.35,52.75,profile_391031,p1.h1.peat_decomposition,
Emsland (sand/peat),7.35,52.75,profile_391031,p1.h1.peat_substance_volume,
Emsland (sand/peat),7.35,52.75,profile_391031,p1.h1.acidity_class,
Emsland (sand/peat),7.35,52.75,profile_391031,p1.h2.horizon_symbol,Oh
Emsland (sand/peat),7.35,52.75,profile_391031,p1.h2.top_dm,-0.5
Emsland (sand/peat),7.35,52.75,profile_391031,p1.h2.bottom_dm,0
Emsland (sand/peat),7.35,52.75,profile_391031,p1.h2.stratigraphy,qh
Emsland (sand/peat),7.35,52.75,profile_391031,p1.h2.origin,O
Emsland (sand/peat),7.35,52.75,profile_391031,p1.h2.geogenesis,og
Emsland (sand/peat),7.35,52.75,profile_391031,p1.h2.coarse_fraction,
Emsland (sand/peat),7.35,52.75,profile_391031,p1.h2.coarse_content_class,0
Emsland (sand/peat),7.35,52.75,profile_391031,p1.h2.texture_ka5,
Emsland (sand/peat),7.35,52.75,profile_391031,p1.h2.humus_class,h7
Emsland (sand/peat),7.35,52.75,profile_391031,p1.h2.carbonate_class,
Emsland (sand/peat),7.35,52.75,profile_391031,p1.h2.structure,
Emsland (sand/peat),7.35,52.75,profile_391031,p1.h2.bulk_density_class,
Emsland (sand/peat),7.35,52.75,profile_391031,p1.h2.peat_type,
Emsland (sand/peat),7.35,52.75,profile_391031,p1.h2.peat_decomposition,
Emsland (sand/peat),7.35,52.75,profile_391031,p1.h2.peat_substance_volume,
Emsland (sand/peat),7.35,52.75,profile_391031,p1.h2.acidity_class,
Emsland (sand/peat),7.35,52.75,profile_391031,p1.h3.horizon_symbol,Aeh
Emsland (sand/peat),7.35,52.75,profile_391031,p1.h3.top_dm,0
Emsland (sand/peat),7.35,52.75,profile_391031,p1.h3.bottom_dm,1
Emsland (sand/peat),7.35,52.75,profile_391031,p1.h3.stratigraphy,qw
Emsland (sand/peat),7.35,52.75,profile_391031,p1.h3.origin,Sp
Emsland (sand/peat),7.35,52.75,profile_391031,p1.h3.geogenesis,p
Emsland (sand/peat),7.35,52.75,profile_391031,p1.h3.coarse_fraction,
Emsland (sand/peat),7.35,52.75,profile_391031,p1.h3.coarse_content_class,0
Emsland (sand/peat),7.35,52.75,profile_391031,p1.h3.texture_ka5,mSfs
Emsland (sand/peat),7.35,52.75,profile_391031,p1.h3.humus_class,h2
Emsland (sand/peat),7.35,52.75,profile_391031,p1.h3.carbonate_class,
Emsland (sand/peat),7.35,52.75,profile_391031,p1.h3.structure,
Emsland (sand/peat),7.35,52.75,profile_391031,p1.h3.bulk_density_class,Ld2
Emsland (sand/peat),7.35,52.75,profile_391031,p1.h3.peat_type,
Emsland (sand/peat),7.35,52.75,profile_391031,p1.h3.peat_decomposition,
Emsland (sand/peat),7.35,52.75,profile_391031,p1.h3.peat_substance_volume,
Emsland (sand/peat),7.35,52.75,profile_391031,p1.h3.acidity_class,
Emsland (sand/peat),7.35,52.75,profile_391031,p1.h4.horizon_symbol,Ae
Emsland (sand/peat),7.35,52.75,profile_391031,p1.h4.top_dm,1
Emsland (sand/peat),7.35,52.75,profile_391031,p1.h4.bottom_dm,3
Emsland (sand/peat),7.35,52.75,profile_391031,p1.h4.stratigraphy,qw
Emsland (sand/peat),7.35,52.75,profile_391031,p1.h4.origin,Sp
Emsland (sand/peat),7.35,52.75,profile_391031,p1.h4.geogenesis,p
Emsland (sand/peat),7.35,52.75,profile_391031,p1.h4.coarse_fraction,
Emsland (sand/peat),7.35,52.75,profile_391031,p1.h4.coarse_content_class,0
Emsland (sand/peat),7.35,52.75,profile_391031,p1.h4.texture_ka5,mSfs
Emsland (sand/peat),7.35,52.75,profile_391031,p1.h4.humus_class,h1
Emsland (sand/peat),7.35,52.75,profile_391031,p1.h4.carbonate_class,
Emsland (sand/peat),7.35,52.75,profile_391031,p1.h4.structure,
Emsland (sand/peat),7.35,52.75,profile_391031,p1.h4.bulk_density_class,Ld2
Emsland (sand/peat),7.35,52.75,profile_391031,p1.h4.peat_type,
Emsland (sand/peat),7.35,52.75,profile_391031,p1.h4.peat_decomposition,
Emsland (sand/peat),7.35,52.75,profile_391031,p1.h4.peat_substance_volume,
Emsland (sand/peat),7.35,52.75,profile_391031,p1.h4.acidity_class,
Emsland (sand/peat),7.35,52.75,profile_391031,p1.h5.horizon_symbol,Bhs
Emsland (sand/peat),7.35,52.75,profile_391031,p1.h5.top_dm,3
Emsland (sand/peat),7.35,52.75,profile_391031,p1.h5.bottom_dm,4.1
Emsland (sand/peat),7.35,52.75,profile_391031,p1.h5.stratigraphy,qw
Emsland (sand/peat),7.35,52.75,profile_391031,p1.h5.origin,Sp
Emsland (sand/peat),7.35,52.75,profile_391031,p1.h5.geogenesis,p
Emsland (sand/peat),7.35,52.75,profile_391031,p1.h5.coarse_fraction,
Emsland (sand/peat),7.35,52.75,profile_391031,p1.h5.coarse_content_class,0
Emsland (sand/peat),7.35,52.75,profile_391031,p1.h5.texture_ka5,mSfs
Emsland (sand/peat),7.35,52.75,profile_391031,p1.h5.humus_class,h1
Emsland (sand/peat),7.35,52.75,profile_391031,p1.h5.carbonate_class,
Emsland (sand/peat),7.35,52.75,profile_391031,p1.h5.structure,
Emsland (sand/peat),7.35,52.75,profile_391031,p1.h5.bulk_density_class,Ld3
Emsland (sand/peat),7.35,52.75,profile_391031,p1.h5.peat_type,
Emsland (sand/peat),7.35,52.75,profile_391031,p1.h5.peat_decomposition,
Emsland (sand/peat),7.35,52.75,profile_391031,p1.h5.peat_substance_volume,
Emsland (sand/peat),7.35,52.75,profile_391031,p1.h5.acidity_class,
Emsland (sand/peat),7.35,52.75,profile_391031,p1.h6.horizon_symbol,Bv
Emsland (sand/peat),7.35,52.75,profile_391031,p1.h6.top_dm,4.1
Emsland (sand/peat),7.35,52.75,profile_391031,p1.h6.bottom_dm,7
Emsland (sand/peat),7.35,52.75,profile_391031,p1.h6.stratigraphy,qw
Emsland (sand/peat),7.35,52.75,profile_391031,p1.h6.origin,Sp
Emsland (sand/peat),7.35,52.75,profile_391031,p1.h6.geogenesis,p
Emsland (sand/peat),7.35,52.75,profile_391031,p1.h6.coarse_fraction,
Emsland (sand/peat),7.35,52.75,profile_391031,p1.h6.coarse_content_class,0
Emsland (sand/peat),7.35,52.75,profile_391031,p1.h6.texture_ka5,mSfs
Emsland (sand/peat),7.35,52.75,profile_391031,p1.h6.humus_class,h0
Emsland (sand/peat),7.35,52.75,profile_391031,p1.h6.carbonate_class,
Emsland (sand/peat),7.35,52.75,profile_391031,p1.h6.structure,
Emsland (sand/peat),7.35,52.75,profile_391031,p1.h6.bulk_density_class,Ld3
Emsland (sand/peat),7.35,52.75,profile_391031,p1.h6.peat_type,
Emsland (sand/peat),7.35,52.75,profile_391031,p1.h6.peat_decomposition,
Emsland (sand/peat),7.35,52.75,profile_391031,p1.h6.peat_substance_volume,
Emsland (sand/peat),7.35,52.75,profile_391031,p1.h6.acidity_class,
Emsland (sand/peat),7.35,52.75,profile_391031,p1.h7.horizon_symbol,lCv
Emsland (sand/peat),7.35,52.75,profile_391031,p1.h7.top_dm,7
Emsland (sand/peat),7.35,52.75,profile_391031,p1.h7.bottom_dm,20
Emsland (sand/peat),7.35,52.75,profile_391031,p1.h7.stratigraphy,qD
Emsland (sand/peat),7.35,52.75,profile_391031,p1.h7.origin,Sf
Emsland (sand/peat),7.35,52.75,profile_391031,p1.h7.geogenesis,fg
Emsland (sand/peat),7.35,52.75,profile_391031,p1.h7.coarse_fraction,
Emsland (sand/peat),7.35,52.75,profile_391031,p1.h7.coarse_content_class,0
Emsland (sand/peat),7.35,52.75,profile_391031,p1.h7.texture_ka5,mSfs
Emsland (sand/peat),7.35,52.75,profile_391031,p1.h7.humus_class,h0
Emsland (sand/peat),7.35,52.75,profile_391031,p1.h7.carbonate_class,
Emsland (sand/peat),7.35,52.75,profile_391031,p1.h7.structure,
Emsland (sand/peat),7.35,52.75,profile_391031,p1.h7.bulk_density_class,Ld3
Emsland (sand/peat),7.35,52.75,profile_391031,p1.h7.peat_type,
Emsland (sand/peat),7.35,52.75,profile_391031,p1.h7.peat_decomposition,
Emsland (sand/peat),7.35,52.75,profile_391031,p1.h7.peat_substance_volume,
Emsland (sand/peat),7.35,52.75,profile_391031,p1.h7.acidity_class,
Emsland (sand/peat),7.35,52.75,profile_391031,p2.Bodensystematische Einheit,GG-PP
Emsland (sand/peat),7.35,52.75,profile_391031,p2.Flächenanteil,20 %
Emsland (sand/peat),7.35,52.75,profile_391031,p2.Landnutzung,Grünland (CORINE Land Cover Code: 23)
Emsland (sand/peat),7.35,52.75,profile_391031,p2.h1.horizon_symbol,Aeh
Emsland (sand/peat),7.35,52.75,profile_391031,p2.h1.top_dm,0
Emsland (sand/peat),7.35,52.75,profile_391031,p2.h1.bottom_dm,2
Emsland (sand/peat),7.35,52.75,profile_391031,p2.h1.stratigraphy,qw
Emsland (sand/peat),7.35,52.75,profile_391031,p2.h1.origin,Sa
Emsland (sand/peat),7.35,52.75,profile_391031,p2.h1.geogenesis,a
Emsland (sand/peat),7.35,52.75,profile_391031,p2.h1.coarse_fraction,
Emsland (sand/peat),7.35,52.75,profile_391031,p2.h1.coarse_content_class,0
Emsland (sand/peat),7.35,52.75,profile_391031,p2.h1.texture_ka5,fSms
Emsland (sand/peat),7.35,52.75,profile_391031,p2.h1.humus_class,h3
Emsland (sand/peat),7.35,52.75,profile_391031,p2.h1.carbonate_class,
Emsland (sand/peat),7.35,52.75,profile_391031,p2.h1.structure,
Emsland (sand/peat),7.35,52.75,profile_391031,p2.h1.bulk_density_class,Ld2
Emsland (sand/peat),7.35,52.75,profile_391031,p2.h1.peat_type,
Emsland (sand/peat),7.35,52.75,profile_391031,p2.h1.peat_decomposition,
Emsland (sand/peat),7.35,52.75,profile_391031,p2.h1.peat_substance_volume,
Emsland (sand/peat),7.35,52.75,profile_391031,p2.h1.acidity_class,
Emsland (sand/peat),7.35,52.75,profile_391031,p2.h2.horizon_symbol,Ae
Emsland (sand/peat),7.35,52.75,profile_391031,p2.h2.top_dm,2
Emsland (sand/peat),7.35,52.75,profile_391031,p2.h2.bottom_dm,5
Emsland (sand/peat),7.35,52.75,profile_391031,p2.h2.stratigraphy,qw
Emsland (sand/peat),7.35,52.75,profile_391031,p2.h2.origin,Sa
Emsland (sand/peat),7.35,52.75,profile_391031,p2.h2.geogenesis,a
Emsland (sand/peat),7.35,52.75,profile_391031,p2.h2.coarse_fraction,
Emsland (sand/peat),7.35,52.75,profile_391031,p2.h2.coarse_content_class,0
Emsland (sand/peat),7.35,52.75,profile_391031,p2.h2.texture_ka5,fSms
Emsland (sand/peat),7.35,52.75,profile_391031,p2.h2.humus_class,h1
Emsland (sand/peat),7.35,52.75,profile_391031,p2.h2.carbonate_class,
Emsland (sand/peat),7.35,52.75,profile_391031,p2.h2.structure,
Emsland (sand/peat),7.35,52.75,profile_391031,p2.h2.bulk_density_class,Ld3
Emsland (sand/peat),7.35,52.75,profile_391031,p2.h2.peat_type,
Emsland (sand/peat),7.35,52.75,profile_391031,p2.h2.peat_decomposition,
Emsland (sand/peat),7.35,52.75,profile_391031,p2.h2.peat_substance_volume,
Emsland (sand/peat),7.35,52.75,profile_391031,p2.h2.acidity_class,
Emsland (sand/peat),7.35,52.75,profile_391031,p2.h3.horizon_symbol,Go-Bhs
Emsland (sand/peat),7.35,52.75,profile_391031,p2.h3.top_dm,5
Emsland (sand/peat),7.35,52.75,profile_391031,p2.h3.bottom_dm,7
Emsland (sand/peat),7.35,52.75,profile_391031,p2.h3.stratigraphy,qw
Emsland (sand/peat),7.35,52.75,profile_391031,p2.h3.origin,Sf
Emsland (sand/peat),7.35,52.75,profile_391031,p2.h3.geogenesis,f
Emsland (sand/peat),7.35,52.75,profile_391031,p2.h3.coarse_fraction,
Emsland (sand/peat),7.35,52.75,profile_391031,p2.h3.coarse_content_class,0
Emsland (sand/peat),7.35,52.75,profile_391031,p2.h3.texture_ka5,mSfs
Emsland (sand/peat),7.35,52.75,profile_391031,p2.h3.humus_class,h1
Emsland (sand/peat),7.35,52.75,profile_391031,p2.h3.carbonate_class,
Emsland (sand/peat),7.35,52.75,profile_391031,p2.h3.structure,
Emsland (sand/peat),7.35,52.75,profile_391031,p2.h3.bulk_density_class,Ld3
Emsland (sand/peat),7.35,52.75,profile_391031,p2.h3.peat_type,
Emsland (sand/peat),7.35,52.75,profile_391031,p2.h3.peat_decomposition,
Emsland (sand/peat),7.35,52.75,profile_391031,p2.h3.peat_substance_volume,
Emsland (sand/peat),7.35,52.75,profile_391031,p2.h3.acidity_class,
Emsland (sand/peat),7.35,52.75,profile_391031,p2.h4.horizon_symbol,Go
Emsland (sand/peat),7.35,52.75,profile_391031,p2.h4.top_dm,7
Emsland (sand/peat),7.35,52.75,profile_391031,p2.h4.bottom_dm,16
Emsland (sand/peat),7.35,52.75,profile_391031,p2.h4.stratigraphy,qw
Emsland (sand/peat),7.35,52.75,profile_391031,p2.h4.origin,Sf
Emsland (sand/peat),7.35,52.75,profile_391031,p2.h4.geogenesis,f
Emsland (sand/peat),7.35,52.75,profile_391031,p2.h4.coarse_fraction,
Emsland (sand/peat),7.35,52.75,profile_391031,p2.h4.coarse_content_class,0
Emsland (sand/peat),7.35,52.75,profile_391031,p2.h4.texture_ka5,mSfs
Emsland (sand/peat),7.35,52.75,profile_391031,p2.h4.humus_class,h0
Emsland (sand/peat),7.35,52.75,profile_391031,p2.h4.carbonate_class,
Emsland (sand/peat),7.35,52.75,profile_391031,p2.h4.structure,
Emsland (sand/peat),7.35,52.75,profile_391031,p2.h4.bulk_density_class,Ld3
Emsland (sand/peat),7.35,52.75,profile_391031,p2.h4.peat_type,
Emsland (sand/peat),7.35,52.75,profile_391031,p2.h4.peat_decomposition,
Emsland (sand/peat),7.35,52.75,profile_391031,p2.h4.peat_substance_volume,
Emsland (sand/peat),7.35,52.75,profile_391031,p2.h4.acidity_class,
Emsland (sand/peat),7.35,52.75,profile_391031,p2.h5.horizon_symbol,Gr
Emsland (sand/peat),7.35,52.75,profile_391031,p2.h5.top_dm,16
Emsland (sand/peat),7.35,52.75,profile_391031,p2.h5.bottom_dm,20
Emsland (sand/peat),7.35,52.75,profile_391031,p2.h5.stratigraphy,qw
Emsland (sand/peat),7.35,52.75,profile_391031,p2.h5.origin,Sf
Emsland (sand/peat),7.35,52.75,profile_391031,p2.h5.geogenesis,f
Emsland (sand/peat),7.35,52.75,profile_391031,p2.h5.coarse_fraction,
Emsland (sand/peat),7.35,52.75,profile_391031,p2.h5.coarse_content_class,0
Emsland (sand/peat),7.35,52.75,profile_391031,p2.h5.texture_ka5,mSfs
Emsland (sand/peat),7.35,52.75,profile_391031,p2.h5.humus_class,h0
Emsland (sand/peat),7.35,52.75,profile_391031,p2.h5.carbonate_class,
Emsland (sand/peat),7.35,52.75,profile_391031,p2.h5.structure,
Emsland (sand/peat),7.35,52.75,profile_391031,p2.h5.bulk_density_class,Ld3
Emsland (sand/peat),7.35,52.75,profile_391031,p2.h5.peat_type,
Emsland (sand/peat),7.35,52.75,profile_391031,p2.h5.peat_decomposition,
Emsland (sand/peat),7.35,52.75,profile_391031,p2.h5.peat_substance_volume,
Emsland (sand/peat),7.35,52.75,profile_391031,p2.h5.acidity_class,
Emsland (sand/peat),7.35,52.75,profile_391031,p3.Bodensystematische Einheit,BB-PP
Emsland (sand/peat),7.35,52.75,profile_391031,p3.Flächenanteil,20 %
Emsland (sand/peat),7.35,52.75,profile_391031,p3.Landnutzung,Laubwälder (CORINE Land Cover Code: 311)
Emsland (sand/peat),7.35,52.75,profile_391031,p3.h1.horizon_symbol,O
Emsland (sand/peat),7.35,52.75,profile_391031,p3.h1.top_dm,-0.7
Emsland (sand/peat),7.35,52.75,profile_391031,p3.h1.bottom_dm,-0.5
Emsland (sand/peat),7.35,52.75,profile_391031,p3.h1.stratigraphy,qh
Emsland (sand/peat),7.35,52.75,profile_391031,p3.h1.origin,O
Emsland (sand/peat),7.35,52.75,profile_391031,p3.h1.geogenesis,og
Emsland (sand/peat),7.35,52.75,profile_391031,p3.h1.coarse_fraction,
Emsland (sand/peat),7.35,52.75,profile_391031,p3.h1.coarse_content_class,0
Emsland (sand/peat),7.35,52.75,profile_391031,p3.h1.texture_ka5,
Emsland (sand/peat),7.35,52.75,profile_391031,p3.h1.humus_class,h7
Emsland (sand/peat),7.35,52.75,profile_391031,p3.h1.carbonate_class,
Emsland (sand/peat),7.35,52.75,profile_391031,p3.h1.structure,
Emsland (sand/peat),7.35,52.75,profile_391031,p3.h1.bulk_density_class,
Emsland (sand/peat),7.35,52.75,profile_391031,p3.h1.peat_type,
Emsland (sand/peat),7.35,52.75,profile_391031,p3.h1.peat_decomposition,
Emsland (sand/peat),7.35,52.75,profile_391031,p3.h1.peat_substance_volume,
Emsland (sand/peat),7.35,52.75,profile_391031,p3.h1.acidity_class,
Emsland (sand/peat),7.35,52.75,profile_391031,p3.h2.horizon_symbol,Oh
Emsland (sand/peat),7.35,52.75,profile_391031,p3.h2.top_dm,-0.5
Emsland (sand/peat),7.35,52.75,profile_391031,p3.h2.bottom_dm,0
Emsland (sand/peat),7.35,52.75,profile_391031,p3.h2.stratigraphy,qh
Emsland (sand/peat),7.35,52.75,profile_391031,p3.h2.origin,O
Emsland (sand/peat),7.35,52.75,profile_391031,p3.h2.geogenesis,og
Emsland (sand/peat),7.35,52.75,profile_391031,p3.h2.coarse_fraction,
Emsland (sand/peat),7.35,52.75,profile_391031,p3.h2.coarse_content_class,0
Emsland (sand/peat),7.35,52.75,profile_391031,p3.h2.texture_ka5,
Emsland (sand/peat),7.35,52.75,profile_391031,p3.h2.humus_class,h7
Emsland (sand/peat),7.35,52.75,profile_391031,p3.h2.carbonate_class,
Emsland (sand/peat),7.35,52.75,profile_391031,p3.h2.structure,
Emsland (sand/peat),7.35,52.75,profile_391031,p3.h2.bulk_density_class,
Emsland (sand/peat),7.35,52.75,profile_391031,p3.h2.peat_type,
Emsland (sand/peat),7.35,52.75,profile_391031,p3.h2.peat_decomposition,
Emsland (sand/peat),7.35,52.75,profile_391031,p3.h2.peat_substance_volume,
Emsland (sand/peat),7.35,52.75,profile_391031,p3.h2.acidity_class,
Emsland (sand/peat),7.35,52.75,profile_391031,p3.h3.horizon_symbol,Aeh
Emsland (sand/peat),7.35,52.75,profile_391031,p3.h3.top_dm,0
Emsland (sand/peat),7.35,52.75,profile_391031,p3.h3.bottom_dm,1
Emsland (sand/peat),7.35,52.75,profile_391031,p3.h3.stratigraphy,qw
Emsland (sand/peat),7.35,52.75,profile_391031,p3.h3.origin,Sa
Emsland (sand/peat),7.35,52.75,profile_391031,p3.h3.geogenesis,p
Emsland (sand/peat),7.35,52.75,profile_391031,p3.h3.coarse_fraction,
Emsland (sand/peat),7.35,52.75,profile_391031,p3.h3.coarse_content_class,0
Emsland (sand/peat),7.35,52.75,profile_391031,p3.h3.texture_ka5,fSms
Emsland (sand/peat),7.35,52.75,profile_391031,p3.h3.humus_class,h3
Emsland (sand/peat),7.35,52.75,profile_391031,p3.h3.carbonate_class,
Emsland (sand/peat),7.35,52.75,profile_391031,p3.h3.structure,
Emsland (sand/peat),7.35,52.75,profile_391031,p3.h3.bulk_density_class,Ld2
Emsland (sand/peat),7.35,52.75,profile_391031,p3.h3.peat_type,
Emsland (sand/peat),7.35,52.75,profile_391031,p3.h3.peat_decomposition,
Emsland (sand/peat),7.35,52.75,profile_391031,p3.h3.peat_substance_volume,
Emsland (sand/peat),7.35,52.75,profile_391031,p3.h3.acidity_class,
Emsland (sand/peat),7.35,52.75,profile_391031,p3.h4.horizon_symbol,Ae
Emsland (sand/peat),7.35,52.75,profile_391031,p3.h4.top_dm,1
Emsland (sand/peat),7.35,52.75,profile_391031,p3.h4.bottom_dm,3
Emsland (sand/peat),7.35,52.75,profile_391031,p3.h4.stratigraphy,qw
Emsland (sand/peat),7.35,52.75,profile_391031,p3.h4.origin,Sa
Emsland (sand/peat),7.35,52.75,profile_391031,p3.h4.geogenesis,p
Emsland (sand/peat),7.35,52.75,profile_391031,p3.h4.coarse_fraction,
Emsland (sand/peat),7.35,52.75,profile_391031,p3.h4.coarse_content_class,0
Emsland (sand/peat),7.35,52.75,profile_391031,p3.h4.texture_ka5,fSms
Emsland (sand/peat),7.35,52.75,profile_391031,p3.h4.humus_class,h1
Emsland (sand/peat),7.35,52.75,profile_391031,p3.h4.carbonate_class,
Emsland (sand/peat),7.35,52.75,profile_391031,p3.h4.structure,
Emsland (sand/peat),7.35,52.75,profile_391031,p3.h4.bulk_density_class,Ld2
Emsland (sand/peat),7.35,52.75,profile_391031,p3.h4.peat_type,
Emsland (sand/peat),7.35,52.75,profile_391031,p3.h4.peat_decomposition,
Emsland (sand/peat),7.35,52.75,profile_391031,p3.h4.peat_substance_volume,
Emsland (sand/peat),7.35,52.75,profile_391031,p3.h4.acidity_class,
Emsland (sand/peat),7.35,52.75,profile_391031,p3.h5.horizon_symbol,Bhs
Emsland (sand/peat),7.35,52.75,profile_391031,p3.h5.top_dm,3
Emsland (sand/peat),7.35,52.75,profile_391031,p3.h5.bottom_dm,4.1
Emsland (sand/peat),7.35,52.75,profile_391031,p3.h5.stratigraphy,qw
Emsland (sand/peat),7.35,52.75,profile_391031,p3.h5.origin,Sa
Emsland (sand/peat),7.35,52.75,profile_391031,p3.h5.geogenesis,p
Emsland (sand/peat),7.35,52.75,profile_391031,p3.h5.coarse_fraction,
Emsland (sand/peat),7.35,52.75,profile_391031,p3.h5.coarse_content_class,0
Emsland (sand/peat),7.35,52.75,profile_391031,p3.h5.texture_ka5,fSms
Emsland (sand/peat),7.35,52.75,profile_391031,p3.h5.humus_class,h1
Emsland (sand/peat),7.35,52.75,profile_391031,p3.h5.carbonate_class,
Emsland (sand/peat),7.35,52.75,profile_391031,p3.h5.structure,
Emsland (sand/peat),7.35,52.75,profile_391031,p3.h5.bulk_density_class,Ld3
Emsland (sand/peat),7.35,52.75,profile_391031,p3.h5.peat_type,
Emsland (sand/peat),7.35,52.75,profile_391031,p3.h5.peat_decomposition,
Emsland (sand/peat),7.35,52.75,profile_391031,p3.h5.peat_substance_volume,
Emsland (sand/peat),7.35,52.75,profile_391031,p3.h5.acidity_class,
Emsland (sand/peat),7.35,52.75,profile_391031,p3.h6.horizon_symbol,Bv
Emsland (sand/peat),7.35,52.75,profile_391031,p3.h6.top_dm,4.1
Emsland (sand/peat),7.35,52.75,profile_391031,p3.h6.bottom_dm,7
Emsland (sand/peat),7.35,52.75,profile_391031,p3.h6.stratigraphy,qw
Emsland (sand/peat),7.35,52.75,profile_391031,p3.h6.origin,Sa
Emsland (sand/peat),7.35,52.75,profile_391031,p3.h6.geogenesis,p
Emsland (sand/peat),7.35,52.75,profile_391031,p3.h6.coarse_fraction,
Emsland (sand/peat),7.35,52.75,profile_391031,p3.h6.coarse_content_class,0
Emsland (sand/peat),7.35,52.75,profile_391031,p3.h6.texture_ka5,fSms
Emsland (sand/peat),7.35,52.75,profile_391031,p3.h6.humus_class,h0
Emsland (sand/peat),7.35,52.75,profile_391031,p3.h6.carbonate_class,
Emsland (sand/peat),7.35,52.75,profile_391031,p3.h6.structure,
Emsland (sand/peat),7.35,52.75,profile_391031,p3.h6.bulk_density_class,Ld3
Emsland (sand/peat),7.35,52.75,profile_391031,p3.h6.peat_type,
Emsland (sand/peat),7.35,52.75,profile_391031,p3.h6.peat_decomposition,
Emsland (sand/peat),7.35,52.75,profile_391031,p3.h6.peat_substance_volume,
Emsland (sand/peat),7.35,52.75,profile_391031,p3.h6.acidity_class,
Emsland (sand/peat),7.35,52.75,profile_391031,p3.h7.horizon_symbol,lCv
Emsland (sand/peat),7.35,52.75,profile_391031,p3.h7.top_dm,7
Emsland (sand/peat),7.35,52.75,profile_391031,p3.h7.bottom_dm,20
Emsland (sand/peat),7.35,52.75,profile_391031,p3.h7.stratigraphy,qD
Emsland (sand/peat),7.35,52.75,profile_391031,p3.h7.origin,Sf
Emsland (sand/peat),7.35,52.75,profile_391031,p3.h7.geogenesis,fg
Emsland (sand/peat),7.35,52.75,profile_391031,p3.h7.coarse_fraction,
Emsland (sand/peat),7.35,52.75,profile_391031,p3.h7.coarse_content_class,0
Emsland (sand/peat),7.35,52.75,profile_391031,p3.h7.texture_ka5,mSfs
Emsland (sand/peat),7.35,52.75,profile_391031,p3.h7.humus_class,h0
Emsland (sand/peat),7.35,52.75,profile_391031,p3.h7.carbonate_class,
Emsland (sand/peat),7.35,52.75,profile_391031,p3.h7.structure,
Emsland (sand/peat),7.35,52.75,profile_391031,p3.h7.bulk_density_class,Ld3
Emsland (sand/peat),7.35,52.75,profile_391031,p3.h7.peat_type,
Emsland (sand/peat),7.35,52.75,profile_391031,p3.h7.peat_decomposition,
Emsland (sand/peat),7.35,52.75,profile_391031,p3.h7.peat_substance_volume,
Emsland (sand/peat),7.35,52.75,profile_391031,p3.h7.acidity_class,
Emsland (sand/peat),7.35,52.75,profile_391031,p4.Bodensystematische Einheit,GG-PP
Emsland (sand/peat),7.35,52.75,profile_391031,p4.Flächenanteil,20 %
Emsland (sand/peat),7.35,52.75,profile_391031,p4.Landnutzung,Ackerflächen (CORINE Land Cover Code: 21)
Emsland (sand/peat),7.35,52.75,profile_391031,p4.h1.horizon_symbol,Ap
Emsland (sand/peat),7.35,52.75,profile_391031,p4.h1.top_dm,0
Emsland (sand/peat),7.35,52.75,profile_391031,p4.h1.bottom_dm,3
Emsland (sand/peat),7.35,52.75,profile_391031,p4.h1.stratigraphy,qh
Emsland (sand/peat),7.35,52.75,profile_391031,p4.h1.origin,Sf
Emsland (sand/peat),7.35,52.75,profile_391031,p4.h1.geogenesis,f
Emsland (sand/peat),7.35,52.75,profile_391031,p4.h1.coarse_fraction,
Emsland (sand/peat),7.35,52.75,profile_391031,p4.h1.coarse_content_class,0
Emsland (sand/peat),7.35,52.75,profile_391031,p4.h1.texture_ka5,mSfs
Emsland (sand/peat),7.35,52.75,profile_391031,p4.h1.humus_class,h3
Emsland (sand/peat),7.35,52.75,profile_391031,p4.h1.carbonate_class,
Emsland (sand/peat),7.35,52.75,profile_391031,p4.h1.structure,
Emsland (sand/peat),7.35,52.75,profile_391031,p4.h1.bulk_density_class,Ld2
Emsland (sand/peat),7.35,52.75,profile_391031,p4.h1.peat_type,
Emsland (sand/peat),7.35,52.75,profile_391031,p4.h1.peat_decomposition,
Emsland (sand/peat),7.35,52.75,profile_391031,p4.h1.peat_substance_volume,
Emsland (sand/peat),7.35,52.75,profile_391031,p4.h1.acidity_class,
Emsland (sand/peat),7.35,52.75,profile_391031,p4.h2.horizon_symbol,Ae
Emsland (sand/peat),7.35,52.75,profile_391031,p4.h2.top_dm,3
Emsland (sand/peat),7.35,52.75,profile_391031,p4.h2.bottom_dm,5
Emsland (sand/peat),7.35,52.75,profile_391031,p4.h2.stratigraphy,qh
Emsland (sand/peat),7.35,52.75,profile_391031,p4.h2.origin,Sf
Emsland (sand/peat),7.35,52.75,profile_391031,p4.h2.geogenesis,f
Emsland (sand/peat),7.35,52.75,profile_391031,p4.h2.coarse_fraction,
Emsland (sand/peat),7.35,52.75,profile_391031,p4.h2.coarse_content_class,0
Emsland (sand/peat),7.35,52.75,profile_391031,p4.h2.texture_ka5,mSfs
Emsland (sand/peat),7.35,52.75,profile_391031,p4.h2.humus_class,h1
Emsland (sand/peat),7.35,52.75,profile_391031,p4.h2.carbonate_class,
Emsland (sand/peat),7.35,52.75,profile_391031,p4.h2.structure,
Emsland (sand/peat),7.35,52.75,profile_391031,p4.h2.bulk_density_class,Ld3
Emsland (sand/peat),7.35,52.75,profile_391031,p4.h2.peat_type,
Emsland (sand/peat),7.35,52.75,profile_391031,p4.h2.peat_decomposition,
Emsland (sand/peat),7.35,52.75,profile_391031,p4.h2.peat_substance_volume,
Emsland (sand/peat),7.35,52.75,profile_391031,p4.h2.acidity_class,
Emsland (sand/peat),7.35,52.75,profile_391031,p4.h3.horizon_symbol,Go-Bhs
Emsland (sand/peat),7.35,52.75,profile_391031,p4.h3.top_dm,5
Emsland (sand/peat),7.35,52.75,profile_391031,p4.h3.bottom_dm,7
Emsland (sand/peat),7.35,52.75,profile_391031,p4.h3.stratigraphy,qh
Emsland (sand/peat),7.35,52.75,profile_391031,p4.h3.origin,Sf
Emsland (sand/peat),7.35,52.75,profile_391031,p4.h3.geogenesis,f
Emsland (sand/peat),7.35,52.75,profile_391031,p4.h3.coarse_fraction,
Emsland (sand/peat),7.35,52.75,profile_391031,p4.h3.coarse_content_class,0
Emsland (sand/peat),7.35,52.75,profile_391031,p4.h3.texture_ka5,mSfs
Emsland (sand/peat),7.35,52.75,profile_391031,p4.h3.humus_class,h1
Emsland (sand/peat),7.35,52.75,profile_391031,p4.h3.carbonate_class,
Emsland (sand/peat),7.35,52.75,profile_391031,p4.h3.structure,
Emsland (sand/peat),7.35,52.75,profile_391031,p4.h3.bulk_density_class,Ld3
Emsland (sand/peat),7.35,52.75,profile_391031,p4.h3.peat_type,
Emsland (sand/peat),7.35,52.75,profile_391031,p4.h3.peat_decomposition,
Emsland (sand/peat),7.35,52.75,profile_391031,p4.h3.peat_substance_volume,
Emsland (sand/peat),7.35,52.75,profile_391031,p4.h3.acidity_class,
Emsland (sand/peat),7.35,52.75,profile_391031,p4.h4.horizon_symbol,Go
Emsland (sand/peat),7.35,52.75,profile_391031,p4.h4.top_dm,7
Emsland (sand/peat),7.35,52.75,profile_391031,p4.h4.bottom_dm,16
Emsland (sand/peat),7.35,52.75,profile_391031,p4.h4.stratigraphy,qh
Emsland (sand/peat),7.35,52.75,profile_391031,p4.h4.origin,Sf
Emsland (sand/peat),7.35,52.75,profile_391031,p4.h4.geogenesis,f
Emsland (sand/peat),7.35,52.75,profile_391031,p4.h4.coarse_fraction,
Emsland (sand/peat),7.35,52.75,profile_391031,p4.h4.coarse_content_class,0
Emsland (sand/peat),7.35,52.75,profile_391031,p4.h4.texture_ka5,mSfs
Emsland (sand/peat),7.35,52.75,profile_391031,p4.h4.humus_class,h0
Emsland (sand/peat),7.35,52.75,profile_391031,p4.h4.carbonate_class,
Emsland (sand/peat),7.35,52.75,profile_391031,p4.h4.structure,
Emsland (sand/peat),7.35,52.75,profile_391031,p4.h4.bulk_density_class,Ld3
Emsland (sand/peat),7.35,52.75,profile_391031,p4.h4.peat_type,
Emsland (sand/peat),7.35,52.75,profile_391031,p4.h4.peat_decomposition,
Emsland (sand/peat),7.35,52.75,profile_391031,p4.h4.peat_substance_volume,
Emsland (sand/peat),7.35,52.75,profile_391031,p4.h4.acidity_class,
Emsland (sand/peat),7.35,52.75,profile_391031,p4.h5.horizon_symbol,Gr
Emsland (sand/peat),7.35,52.75,profile_391031,p4.h5.top_dm,16
Emsland (sand/peat),7.35,52.75,profile_391031,p4.h5.bottom_dm,20
Emsland (sand/peat),7.35,52.75,profile_391031,p4.h5.stratigraphy,qh
Emsland (sand/peat),7.35,52.75,profile_391031,p4.h5.origin,Sf
Emsland (sand/peat),7.35,52.75,profile_391031,p4.h5.geogenesis,f
Emsland (sand/peat),7.35,52.75,profile_391031,p4.h5.coarse_fraction,
Emsland (sand/peat),7.35,52.75,profile_391031,p4.h5.coarse_content_class,0
Emsland (sand/peat),7.35,52.75,profile_391031,p4.h5.texture_ka5,mSfs
Emsland (sand/peat),7.35,52.75,profile_391031,p4.h5.humus_class,h0
Emsland (sand/peat),7.35,52.75,profile_391031,p4.h5.carbonate_class,
Emsland (sand/peat),7.35,52.75,profile_391031,p4.h5.structure,
Emsland (sand/peat),7.35,52.75,profile_391031,p4.h5.bulk_density_class,Ld3
Emsland (sand/peat),7.35,52.75,profile_391031,p4.h5.peat_type,
Emsland (sand/peat),7.35,52.75,profile_391031,p4.h5.peat_decomposition,
Emsland (sand/peat),7.35,52.75,profile_391031,p4.h5.peat_substance_volume,
Emsland (sand/peat),7.35,52.75,profile_391031,p4.h5.acidity_class,
Emsland (sand/peat),7.35,52.75,profile_391031,p5.Bodensystematische Einheit,PPn
Emsland (sand/peat),7.35,52.75,profile_391031,p5.Flächenanteil,5 %
Emsland (sand/peat),7.35,52.75,profile_391031,p5.Landnutzung,Ackerflächen (CORINE Land Cover Code: 21)
Emsland (sand/peat),7.35,52.75,profile_391031,p5.h1.horizon_symbol,Ap
Emsland (sand/peat),7.35,52.75,profile_391031,p5.h1.top_dm,0
Emsland (sand/peat),7.35,52.75,profile_391031,p5.h1.bottom_dm,2.5
Emsland (sand/peat),7.35,52.75,profile_391031,p5.h1.stratigraphy,qh
Emsland (sand/peat),7.35,52.75,profile_391031,p5.h1.origin,Sa
Emsland (sand/peat),7.35,52.75,profile_391031,p5.h1.geogenesis,a
Emsland (sand/peat),7.35,52.75,profile_391031,p5.h1.coarse_fraction,
Emsland (sand/peat),7.35,52.75,profile_391031,p5.h1.coarse_content_class,0
Emsland (sand/peat),7.35,52.75,profile_391031,p5.h1.texture_ka5,fSms
Emsland (sand/peat),7.35,52.75,profile_391031,p5.h1.humus_class,h3
Emsland (sand/peat),7.35,52.75,profile_391031,p5.h1.carbonate_class,
Emsland (sand/peat),7.35,52.75,profile_391031,p5.h1.structure,
Emsland (sand/peat),7.35,52.75,profile_391031,p5.h1.bulk_density_class,Ld2
Emsland (sand/peat),7.35,52.75,profile_391031,p5.h1.peat_type,
Emsland (sand/peat),7.35,52.75,profile_391031,p5.h1.peat_decomposition,
Emsland (sand/peat),7.35,52.75,profile_391031,p5.h1.peat_substance_volume,
Emsland (sand/peat),7.35,52.75,profile_391031,p5.h1.acidity_class,
Emsland (sand/peat),7.35,52.75,profile_391031,p5.h2.horizon_symbol,Ae
Emsland (sand/peat),7.35,52.75,profile_391031,p5.h2.top_dm,2.5
Emsland (sand/peat),7.35,52.75,profile_391031,p5.h2.bottom_dm,5
Emsland (sand/peat),7.35,52.75,profile_391031,p5.h2.stratigraphy,qh
Emsland (sand/peat),7.35,52.75,profile_391031,p5.h2.origin,Sa
Emsland (sand/peat),7.35,52.75,profile_391031,p5.h2.geogenesis,a
Emsland (sand/peat),7.35,52.75,profile_391031,p5.h2.coarse_fraction,
Emsland (sand/peat),7.35,52.75,profile_391031,p5.h2.coarse_content_class,0
Emsland (sand/peat),7.35,52.75,profile_391031,p5.h2.texture_ka5,fSms
Emsland (sand/peat),7.35,52.75,profile_391031,p5.h2.humus_class,h1
Emsland (sand/peat),7.35,52.75,profile_391031,p5.h2.carbonate_class,
Emsland (sand/peat),7.35,52.75,profile_391031,p5.h2.structure,
Emsland (sand/peat),7.35,52.75,profile_391031,p5.h2.bulk_density_class,Ld3
Emsland (sand/peat),7.35,52.75,profile_391031,p5.h2.peat_type,
Emsland (sand/peat),7.35,52.75,profile_391031,p5.h2.peat_decomposition,
Emsland (sand/peat),7.35,52.75,profile_391031,p5.h2.peat_substance_volume,
Emsland (sand/peat),7.35,52.75,profile_391031,p5.h2.acidity_class,
Emsland (sand/peat),7.35,52.75,profile_391031,p5.h3.horizon_symbol,Bhs
Emsland (sand/peat),7.35,52.75,profile_391031,p5.h3.top_dm,5
Emsland (sand/peat),7.35,52.75,profile_391031,p5.h3.bottom_dm,7
Emsland (sand/peat),7.35,52.75,profile_391031,p5.h3.stratigraphy,qh
Emsland (sand/peat),7.35,52.75,profile_391031,p5.h3.origin,Sa
Emsland (sand/peat),7.35,52.75,profile_391031,p5.h3.geogenesis,a
Emsland (sand/peat),7.35,52.75,profile_391031,p5.h3.coarse_fraction,
Emsland (sand/peat),7.35,52.75,profile_391031,p5.h3.coarse_content_class,0
Emsland (sand/peat),7.35,52.75,profile_391031,p5.h3.texture_ka5,fSms
Emsland (sand/peat),7.35,52.75,profile_391031,p5.h3.humus_class,h1
Emsland (sand/peat),7.35,52.75,profile_391031,p5.h3.carbonate_class,
Emsland (sand/peat),7.35,52.75,profile_391031,p5.h3.structure,
Emsland (sand/peat),7.35,52.75,profile_391031,p5.h3.bulk_density_class,Ld3
Emsland (sand/peat),7.35,52.75,profile_391031,p5.h3.peat_type,
Emsland (sand/peat),7.35,52.75,profile_391031,p5.h3.peat_decomposition,
Emsland (sand/peat),7.35,52.75,profile_391031,p5.h3.peat_substance_volume,
Emsland (sand/peat),7.35,52.75,profile_391031,p5.h3.acidity_class,
Emsland (sand/peat),7.35,52.75,profile_391031,p5.h4.horizon_symbol,lCv
Emsland (sand/peat),7.35,52.75,profile_391031,p5.h4.top_dm,7
Emsland (sand/peat),7.35,52.75,profile_391031,p5.h4.bottom_dm,10
Emsland (sand/peat),7.35,52.75,profile_391031,p5.h4.stratigraphy,qh
Emsland (sand/peat),7.35,52.75,profile_391031,p5.h4.origin,Sf
Emsland (sand/peat),7.35,52.75,profile_391031,p5.h4.geogenesis,f
Emsland (sand/peat),7.35,52.75,profile_391031,p5.h4.coarse_fraction,
Emsland (sand/peat),7.35,52.75,profile_391031,p5.h4.coarse_content_class,0
Emsland (sand/peat),7.35,52.75,profile_391031,p5.h4.texture_ka5,mSfs
Emsland (sand/peat),7.35,52.75,profile_391031,p5.h4.humus_class,h0
Emsland (sand/peat),7.35,52.75,profile_391031,p5.h4.carbonate_class,
Emsland (sand/peat),7.35,52.75,profile_391031,p5.h4.structure,
Emsland (sand/peat),7.35,52.75,profile_391031,p5.h4.bulk_density_class,Ld3
Emsland (sand/peat),7.35,52.75,profile_391031,p5.h4.peat_type,
Emsland (sand/peat),7.35,52.75,profile_391031,p5.h4.peat_decomposition,
Emsland (sand/peat),7.35,52.75,profile_391031,p5.h4.peat_substance_volume,
Emsland (sand/peat),7.35,52.75,profile_391031,p5.h4.acidity_class,
Emsland (sand/peat),7.35,52.75,profile_391031,p5.h5.horizon_symbol,Go
Emsland (sand/peat),7.35,52.75,profile_391031,p5.h5.top_dm,10
Emsland (sand/peat),7.35,52.75,profile_391031,p5.h5.bottom_dm,20
Emsland (sand/peat),7.35,52.75,profile_391031,p5.h5.stratigraphy,qh
Emsland (sand/peat),7.35,52.75,profile_391031,p5.h5.origin,Sf
Emsland (sand/peat),7.35,52.75,profile_391031,p5.h5.geogenesis,f
Emsland (sand/peat),7.35,52.75,profile_391031,p5.h5.coarse_fraction,
Emsland (sand/peat),7.35,52.75,profile_391031,p5.h5.coarse_content_class,0
Emsland (sand/peat),7.35,52.75,profile_391031,p5.h5.texture_ka5,mSfs
Emsland (sand/peat),7.35,52.75,profile_391031,p5.h5.humus_class,h0
Emsland (sand/peat),7.35,52.75,profile_391031,p5.h5.carbonate_class,
Emsland (sand/peat),7.35,52.75,profile_391031,p5.h5.structure,
Emsland (sand/peat),7.35,52.75,profile_391031,p5.h5.bulk_density_class,Ld3
Emsland (sand/peat),7.35,52.75,profile_391031,p5.h5.peat_type,
Emsland (sand/peat),7.35,52.75,profile_391031,p5.h5.peat_decomposition,
Emsland (sand/peat),7.35,52.75,profile_391031,p5.h5.peat_substance_volume,
Emsland (sand/peat),7.35,52.75,profile_391031,p5.h5.acidity_class,
Emsland (sand/peat),7.35,52.75,profile_391031,p6.Bodensystematische Einheit,PPn
Emsland (sand/peat),7.35,52.75,profile_391031,p6.Flächenanteil,5 %
Emsland (sand/peat),7.35,52.75,profile_391031,p6.Landnutzung,Laubwälder (CORINE Land Cover Code: 311)
Emsland (sand/peat),7.35,52.75,profile_391031,p6.h1.horizon_symbol,O
Emsland (sand/peat),7.35,52.75,profile_391031,p6.h1.top_dm,-0.8
Emsland (sand/peat),7.35,52.75,profile_391031,p6.h1.bottom_dm,-0.5
Emsland (sand/peat),7.35,52.75,profile_391031,p6.h1.stratigraphy,qh
Emsland (sand/peat),7.35,52.75,profile_391031,p6.h1.origin,O
Emsland (sand/peat),7.35,52.75,profile_391031,p6.h1.geogenesis,og
Emsland (sand/peat),7.35,52.75,profile_391031,p6.h1.coarse_fraction,
Emsland (sand/peat),7.35,52.75,profile_391031,p6.h1.coarse_content_class,0
Emsland (sand/peat),7.35,52.75,profile_391031,p6.h1.texture_ka5,
Emsland (sand/peat),7.35,52.75,profile_391031,p6.h1.humus_class,h7
Emsland (sand/peat),7.35,52.75,profile_391031,p6.h1.carbonate_class,
Emsland (sand/peat),7.35,52.75,profile_391031,p6.h1.structure,
Emsland (sand/peat),7.35,52.75,profile_391031,p6.h1.bulk_density_class,
Emsland (sand/peat),7.35,52.75,profile_391031,p6.h1.peat_type,
Emsland (sand/peat),7.35,52.75,profile_391031,p6.h1.peat_decomposition,
Emsland (sand/peat),7.35,52.75,profile_391031,p6.h1.peat_substance_volume,
Emsland (sand/peat),7.35,52.75,profile_391031,p6.h1.acidity_class,
Emsland (sand/peat),7.35,52.75,profile_391031,p6.h2.horizon_symbol,Oh
Emsland (sand/peat),7.35,52.75,profile_391031,p6.h2.top_dm,-0.5
Emsland (sand/peat),7.35,52.75,profile_391031,p6.h2.bottom_dm,0
Emsland (sand/peat),7.35,52.75,profile_391031,p6.h2.stratigraphy,qh
Emsland (sand/peat),7.35,52.75,profile_391031,p6.h2.origin,O
Emsland (sand/peat),7.35,52.75,profile_391031,p6.h2.geogenesis,og
Emsland (sand/peat),7.35,52.75,profile_391031,p6.h2.coarse_fraction,
Emsland (sand/peat),7.35,52.75,profile_391031,p6.h2.coarse_content_class,0
Emsland (sand/peat),7.35,52.75,profile_391031,p6.h2.texture_ka5,
Emsland (sand/peat),7.35,52.75,profile_391031,p6.h2.humus_class,h7
Emsland (sand/peat),7.35,52.75,profile_391031,p6.h2.carbonate_class,
Emsland (sand/peat),7.35,52.75,profile_391031,p6.h2.structure,
Emsland (sand/peat),7.35,52.75,profile_391031,p6.h2.bulk_density_class,
Emsland (sand/peat),7.35,52.75,profile_391031,p6.h2.peat_type,
Emsland (sand/peat),7.35,52.75,profile_391031,p6.h2.peat_decomposition,
Emsland (sand/peat),7.35,52.75,profile_391031,p6.h2.peat_substance_volume,
Emsland (sand/peat),7.35,52.75,profile_391031,p6.h2.acidity_class,
Emsland (sand/peat),7.35,52.75,profile_391031,p6.h3.horizon_symbol,Aeh
Emsland (sand/peat),7.35,52.75,profile_391031,p6.h3.top_dm,0
Emsland (sand/peat),7.35,52.75,profile_391031,p6.h3.bottom_dm,1
Emsland (sand/peat),7.35,52.75,profile_391031,p6.h3.stratigraphy,qw
Emsland (sand/peat),7.35,52.75,profile_391031,p6.h3.origin,Sa
Emsland (sand/peat),7.35,52.75,profile_391031,p6.h3.geogenesis,a
Emsland (sand/peat),7.35,52.75,profile_391031,p6.h3.coarse_fraction,
Emsland (sand/peat),7.35,52.75,profile_391031,p6.h3.coarse_content_class,0
Emsland (sand/peat),7.35,52.75,profile_391031,p6.h3.texture_ka5,fSms
Emsland (sand/peat),7.35,52.75,profile_391031,p6.h3.humus_class,h3
Emsland (sand/peat),7.35,52.75,profile_391031,p6.h3.carbonate_class,
Emsland (sand/peat),7.35,52.75,profile_391031,p6.h3.structure,
Emsland (sand/peat),7.35,52.75,profile_391031,p6.h3.bulk_density_class,Ld2
Emsland (sand/peat),7.35,52.75,profile_391031,p6.h3.peat_type,
Emsland (sand/peat),7.35,52.75,profile_391031,p6.h3.peat_decomposition,
Emsland (sand/peat),7.35,52.75,profile_391031,p6.h3.peat_substance_volume,
Emsland (sand/peat),7.35,52.75,profile_391031,p6.h3.acidity_class,
Emsland (sand/peat),7.35,52.75,profile_391031,p6.h4.horizon_symbol,Ae
Emsland (sand/peat),7.35,52.75,profile_391031,p6.h4.top_dm,1
Emsland (sand/peat),7.35,52.75,profile_391031,p6.h4.bottom_dm,4.1
Emsland (sand/peat),7.35,52.75,profile_391031,p6.h4.stratigraphy,qw
Emsland (sand/peat),7.35,52.75,profile_391031,p6.h4.origin,Sa
Emsland (sand/peat),7.35,52.75,profile_391031,p6.h4.geogenesis,a
Emsland (sand/peat),7.35,52.75,profile_391031,p6.h4.coarse_fraction,
Emsland (sand/peat),7.35,52.75,profile_391031,p6.h4.coarse_content_class,0
Emsland (sand/peat),7.35,52.75,profile_391031,p6.h4.texture_ka5,fSms
Emsland (sand/peat),7.35,52.75,profile_391031,p6.h4.humus_class,h1
Emsland (sand/peat),7.35,52.75,profile_391031,p6.h4.carbonate_class,
Emsland (sand/peat),7.35,52.75,profile_391031,p6.h4.structure,
Emsland (sand/peat),7.35,52.75,profile_391031,p6.h4.bulk_density_class,Ld2
Emsland (sand/peat),7.35,52.75,profile_391031,p6.h4.peat_type,
Emsland (sand/peat),7.35,52.75,profile_391031,p6.h4.peat_decomposition,
Emsland (sand/peat),7.35,52.75,profile_391031,p6.h4.peat_substance_volume,
Emsland (sand/peat),7.35,52.75,profile_391031,p6.h4.acidity_class,
Emsland (sand/peat),7.35,52.75,profile_391031,p6.h5.horizon_symbol,Bhs
Emsland (sand/peat),7.35,52.75,profile_391031,p6.h5.top_dm,4.1
Emsland (sand/peat),7.35,52.75,profile_391031,p6.h5.bottom_dm,7
Emsland (sand/peat),7.35,52.75,profile_391031,p6.h5.stratigraphy,qw
Emsland (sand/peat),7.35,52.75,profile_391031,p6.h5.origin,Sf
Emsland (sand/peat),7.35,52.75,profile_391031,p6.h5.geogenesis,f
Emsland (sand/peat),7.35,52.75,profile_391031,p6.h5.coarse_fraction,
Emsland (sand/peat),7.35,52.75,profile_391031,p6.h5.coarse_content_class,0
Emsland (sand/peat),7.35,52.75,profile_391031,p6.h5.texture_ka5,mSfs
Emsland (sand/peat),7.35,52.75,profile_391031,p6.h5.humus_class,h2
Emsland (sand/peat),7.35,52.75,profile_391031,p6.h5.carbonate_class,
Emsland (sand/peat),7.35,52.75,profile_391031,p6.h5.structure,
Emsland (sand/peat),7.35,52.75,profile_391031,p6.h5.bulk_density_class,Ld3
Emsland (sand/peat),7.35,52.75,profile_391031,p6.h5.peat_type,
Emsland (sand/peat),7.35,52.75,profile_391031,p6.h5.peat_decomposition,
Emsland (sand/peat),7.35,52.75,profile_391031,p6.h5.peat_substance_volume,
Emsland (sand/peat),7.35,52.75,profile_391031,p6.h5.acidity_class,
Emsland (sand/peat),7.35,52.75,profile_391031,p6.h6.horizon_symbol,lCv
Emsland (sand/peat),7.35,52.75,profile_391031,p6.h6.top_dm,7
Emsland (sand/peat),7.35,52.75,profile_391031,p6.h6.bottom_dm,20
Emsland (sand/peat),7.35,52.75,profile_391031,p6.h6.stratigraphy,qw
Emsland (sand/peat),7.35,52.75,profile_391031,p6.h6.origin,Sf
Emsland (sand/peat),7.35,52.75,profile_391031,p6.h6.geogenesis,f
Emsland (sand/peat),7.35,52.75,profile_391031,p6.h6.coarse_fraction,
Emsland (sand/peat),7.35,52.75,profile_391031,p6.h6.coarse_content_class,0
Emsland (sand/peat),7.35,52.75,profile_391031,p6.h6.texture_ka5,mSfs
Emsland (sand/peat),7.35,52.75,profile_391031,p6.h6.humus_class,h0
Emsland (sand/peat),7.35,52.75,profile_391031,p6.h6.carbonate_class,
Emsland (sand/peat),7.35,52.75,profile_391031,p6.h6.structure,
Emsland (sand/peat),7.35,52.75,profile_391031,p6.h6.bulk_density_class,Ld3
Emsland (sand/peat),7.35,52.75,profile_391031,p6.h6.peat_type,
Emsland (sand/peat),7.35,52.75,profile_391031,p6.h6.peat_decomposition,
Emsland (sand/peat),7.35,52.75,profile_391031,p6.h6.peat_substance_volume,
Emsland (sand/peat),7.35,52.75,profile_391031,p6.h6.acidity_class,
Emsland (sand/peat),7.35,52.75,profile_391031,p7.Bodensystematische Einheit,PP-BB
Emsland (sand/peat),7.35,52.75,profile_391031,p7.Flächenanteil,5 %
Emsland (sand/peat),7.35,52.75,profile_391031,p7.Landnutzung,Laubwälder (CORINE Land Cover Code: 311)
Emsland (sand/peat),7.35,52.75,profile_391031,p7.h1.horizon_symbol,O
Emsland (sand/peat),7.35,52.75,profile_391031,p7.h1.top_dm,-0.7
Emsland (sand/peat),7.35,52.75,profile_391031,p7.h1.bottom_dm,-0.5
Emsland (sand/peat),7.35,52.75,profile_391031,p7.h1.stratigraphy,qh
Emsland (sand/peat),7.35,52.75,profile_391031,p7.h1.origin,O
Emsland (sand/peat),7.35,52.75,profile_391031,p7.h1.geogenesis,og
Emsland (sand/peat),7.35,52.75,profile_391031,p7.h1.coarse_fraction,
Emsland (sand/peat),7.35,52.75,profile_391031,p7.h1.coarse_content_class,0
Emsland (sand/peat),7.35,52.75,profile_391031,p7.h1.texture_ka5,
Emsland (sand/peat),7.35,52.75,profile_391031,p7.h1.humus_class,h7
Emsland (sand/peat),7.35,52.75,profile_391031,p7.h1.carbonate_class,
Emsland (sand/peat),7.35,52.75,profile_391031,p7.h1.structure,
Emsland (sand/peat),7.35,52.75,profile_391031,p7.h1.bulk_density_class,
Emsland (sand/peat),7.35,52.75,profile_391031,p7.h1.peat_type,
Emsland (sand/peat),7.35,52.75,profile_391031,p7.h1.peat_decomposition,
Emsland (sand/peat),7.35,52.75,profile_391031,p7.h1.peat_substance_volume,
Emsland (sand/peat),7.35,52.75,profile_391031,p7.h1.acidity_class,
Emsland (sand/peat),7.35,52.75,profile_391031,p7.h2.horizon_symbol,Oh
Emsland (sand/peat),7.35,52.75,profile_391031,p7.h2.top_dm,-0.5
Emsland (sand/peat),7.35,52.75,profile_391031,p7.h2.bottom_dm,0
Emsland (sand/peat),7.35,52.75,profile_391031,p7.h2.stratigraphy,qh
Emsland (sand/peat),7.35,52.75,profile_391031,p7.h2.origin,O
Emsland (sand/peat),7.35,52.75,profile_391031,p7.h2.geogenesis,og
Emsland (sand/peat),7.35,52.75,profile_391031,p7.h2.coarse_fraction,
Emsland (sand/peat),7.35,52.75,profile_391031,p7.h2.coarse_content_class,0
Emsland (sand/peat),7.35,52.75,profile_391031,p7.h2.texture_ka5,
Emsland (sand/peat),7.35,52.75,profile_391031,p7.h2.humus_class,h7
Emsland (sand/peat),7.35,52.75,profile_391031,p7.h2.carbonate_class,
Emsland (sand/peat),7.35,52.75,profile_391031,p7.h2.structure,
Emsland (sand/peat),7.35,52.75,profile_391031,p7.h2.bulk_density_class,
Emsland (sand/peat),7.35,52.75,profile_391031,p7.h2.peat_type,
Emsland (sand/peat),7.35,52.75,profile_391031,p7.h2.peat_decomposition,
Emsland (sand/peat),7.35,52.75,profile_391031,p7.h2.peat_substance_volume,
Emsland (sand/peat),7.35,52.75,profile_391031,p7.h2.acidity_class,
Emsland (sand/peat),7.35,52.75,profile_391031,p7.h3.horizon_symbol,Aeh
Emsland (sand/peat),7.35,52.75,profile_391031,p7.h3.top_dm,0
Emsland (sand/peat),7.35,52.75,profile_391031,p7.h3.bottom_dm,0.8
Emsland (sand/peat),7.35,52.75,profile_391031,p7.h3.stratigraphy,qw
Emsland (sand/peat),7.35,52.75,profile_391031,p7.h3.origin,Sp
Emsland (sand/peat),7.35,52.75,profile_391031,p7.h3.geogenesis,p
Emsland (sand/peat),7.35,52.75,profile_391031,p7.h3.coarse_fraction,
Emsland (sand/peat),7.35,52.75,profile_391031,p7.h3.coarse_content_class,0
Emsland (sand/peat),7.35,52.75,profile_391031,p7.h3.texture_ka5,mSfs
Emsland (sand/peat),7.35,52.75,profile_391031,p7.h3.humus_class,h2
Emsland (sand/peat),7.35,52.75,profile_391031,p7.h3.carbonate_class,
Emsland (sand/peat),7.35,52.75,profile_391031,p7.h3.structure,
Emsland (sand/peat),7.35,52.75,profile_391031,p7.h3.bulk_density_class,Ld2
Emsland (sand/peat),7.35,52.75,profile_391031,p7.h3.peat_type,
Emsland (sand/peat),7.35,52.75,profile_391031,p7.h3.peat_decomposition,
Emsland (sand/peat),7.35,52.75,profile_391031,p7.h3.peat_substance_volume,
Emsland (sand/peat),7.35,52.75,profile_391031,p7.h3.acidity_class,
Emsland (sand/peat),7.35,52.75,profile_391031,p7.h4.horizon_symbol,Bhs
Emsland (sand/peat),7.35,52.75,profile_391031,p7.h4.top_dm,0.8
Emsland (sand/peat),7.35,52.75,profile_391031,p7.h4.bottom_dm,1.5
Emsland (sand/peat),7.35,52.75,profile_391031,p7.h4.stratigraphy,qw
Emsland (sand/peat),7.35,52.75,profile_391031,p7.h4.origin,Sp
Emsland (sand/peat),7.35,52.75,profile_391031,p7.h4.geogenesis,p
Emsland (sand/peat),7.35,52.75,profile_391031,p7.h4.coarse_fraction,
Emsland (sand/peat),7.35,52.75,profile_391031,p7.h4.coarse_content_class,0
Emsland (sand/peat),7.35,52.75,profile_391031,p7.h4.texture_ka5,mSfs
Emsland (sand/peat),7.35,52.75,profile_391031,p7.h4.humus_class,h1
Emsland (sand/peat),7.35,52.75,profile_391031,p7.h4.carbonate_class,
Emsland (sand/peat),7.35,52.75,profile_391031,p7.h4.structure,
Emsland (sand/peat),7.35,52.75,profile_391031,p7.h4.bulk_density_class,Ld3
Emsland (sand/peat),7.35,52.75,profile_391031,p7.h4.peat_type,
Emsland (sand/peat),7.35,52.75,profile_391031,p7.h4.peat_decomposition,
Emsland (sand/peat),7.35,52.75,profile_391031,p7.h4.peat_substance_volume,
Emsland (sand/peat),7.35,52.75,profile_391031,p7.h4.acidity_class,
Emsland (sand/peat),7.35,52.75,profile_391031,p7.h5.horizon_symbol,Bhsv
Emsland (sand/peat),7.35,52.75,profile_391031,p7.h5.top_dm,1.5
Emsland (sand/peat),7.35,52.75,profile_391031,p7.h5.bottom_dm,3.5
Emsland (sand/peat),7.35,52.75,profile_391031,p7.h5.stratigraphy,qw
Emsland (sand/peat),7.35,52.75,profile_391031,p7.h5.origin,Sp
Emsland (sand/peat),7.35,52.75,profile_391031,p7.h5.geogenesis,p
Emsland (sand/peat),7.35,52.75,profile_391031,p7.h5.coarse_fraction,
Emsland (sand/peat),7.35,52.75,profile_391031,p7.h5.coarse_content_class,0
Emsland (sand/peat),7.35,52.75,profile_391031,p7.h5.texture_ka5,mSfs
Emsland (sand/peat),7.35,52.75,profile_391031,p7.h5.humus_class,h0
Emsland (sand/peat),7.35,52.75,profile_391031,p7.h5.carbonate_class,
Emsland (sand/peat),7.35,52.75,profile_391031,p7.h5.structure,
Emsland (sand/peat),7.35,52.75,profile_391031,p7.h5.bulk_density_class,Ld3
Emsland (sand/peat),7.35,52.75,profile_391031,p7.h5.peat_type,
Emsland (sand/peat),7.35,52.75,profile_391031,p7.h5.peat_decomposition,
Emsland (sand/peat),7.35,52.75,profile_391031,p7.h5.peat_substance_volume,
Emsland (sand/peat),7.35,52.75,profile_391031,p7.h5.acidity_class,
Emsland (sand/peat),7.35,52.75,profile_391031,p7.h6.horizon_symbol,Bv
Emsland (sand/peat),7.35,52.75,profile_391031,p7.h6.top_dm,3.5
Emsland (sand/peat),7.35,52.75,profile_391031,p7.h6.bottom_dm,7
Emsland (sand/peat),7.35,52.75,profile_391031,p7.h6.stratigraphy,qw
Emsland (sand/peat),7.35,52.75,profile_391031,p7.h6.origin,Sp
Emsland (sand/peat),7.35,52.75,profile_391031,p7.h6.geogenesis,p
Emsland (sand/peat),7.35,52.75,profile_391031,p7.h6.coarse_fraction,
Emsland (sand/peat),7.35,52.75,profile_391031,p7.h6.coarse_content_class,0
Emsland (sand/peat),7.35,52.75,profile_391031,p7.h6.texture_ka5,mSfs
Emsland (sand/peat),7.35,52.75,profile_391031,p7.h6.humus_class,h0
Emsland (sand/peat),7.35,52.75,profile_391031,p7.h6.carbonate_class,
Emsland (sand/peat),7.35,52.75,profile_391031,p7.h6.structure,
Emsland (sand/peat),7.35,52.75,profile_391031,p7.h6.bulk_density_class,Ld3
Emsland (sand/peat),7.35,52.75,profile_391031,p7.h6.peat_type,
Emsland (sand/peat),7.35,52.75,profile_391031,p7.h6.peat_decomposition,
Emsland (sand/peat),7.35,52.75,profile_391031,p7.h6.peat_substance_volume,
Emsland (sand/peat),7.35,52.75,profile_391031,p7.h6.acidity_class,
Emsland (sand/peat),7.35,52.75,profile_391031,p7.h7.horizon_symbol,lCv
Emsland (sand/peat),7.35,52.75,profile_391031,p7.h7.top_dm,7
Emsland (sand/peat),7.35,52.75,profile_391031,p7.h7.bottom_dm,20
Emsland (sand/peat),7.35,52.75,profile_391031,p7.h7.stratigraphy,qD
Emsland (sand/peat),7.35,52.75,profile_391031,p7.h7.origin,Sf
Emsland (sand/peat),7.35,52.75,profile_391031,p7.h7.geogenesis,f
Emsland (sand/peat),7.35,52.75,profile_391031,p7.h7.coarse_fraction,
Emsland (sand/peat),7.35,52.75,profile_391031,p7.h7.coarse_content_class,0
Emsland (sand/peat),7.35,52.75,profile_391031,p7.h7.texture_ka5,mSfs
Emsland (sand/peat),7.35,52.75,profile_391031,p7.h7.humus_class,h0
Emsland (sand/peat),7.35,52.75,profile_391031,p7.h7.carbonate_class,
Emsland (sand/peat),7.35,52.75,profile_391031,p7.h7.structure,
Emsland (sand/peat),7.35,52.75,profile_391031,p7.h7.bulk_density_class,Ld3
Emsland (sand/peat),7.35,52.75,profile_391031,p7.h7.peat_type,
Emsland (sand/peat),7.35,52.75,profile_391031,p7.h7.peat_decomposition,
Emsland (sand/peat),7.35,52.75,profile_391031,p7.h7.peat_substance_volume,
Emsland (sand/peat),7.35,52.75,profile_391031,p7.h7.acidity_class,
Emsland (sand/peat),7.35,52.75,profile_391031,p8.Bodensystematische Einheit,GG-BB
Emsland (sand/peat),7.35,52.75,profile_391031,p8.Flächenanteil,5 %
Emsland (sand/peat),7.35,52.75,profile_391031,p8.Landnutzung,Landwirtschaftlich genutztes Land mit Flächen natürlicher Bodenbedeckung von signifikanter Größe (CORINE Land Cover Code: 243)
Emsland (sand/peat),7.35,52.75,profile_391031,p8.h1.horizon_symbol,Ah
Emsland (sand/peat),7.35,52.75,profile_391031,p8.h1.top_dm,0
Emsland (sand/peat),7.35,52.75,profile_391031,p8.h1.bottom_dm,1.5
Emsland (sand/peat),7.35,52.75,profile_391031,p8.h1.stratigraphy,qw
Emsland (sand/peat),7.35,52.75,profile_391031,p8.h1.origin,Sp
Emsland (sand/peat),7.35,52.75,profile_391031,p8.h1.geogenesis,p
Emsland (sand/peat),7.35,52.75,profile_391031,p8.h1.coarse_fraction,
Emsland (sand/peat),7.35,52.75,profile_391031,p8.h1.coarse_content_class,0
Emsland (sand/peat),7.35,52.75,profile_391031,p8.h1.texture_ka5,mSfs
Emsland (sand/peat),7.35,52.75,profile_391031,p8.h1.humus_class,h4
Emsland (sand/peat),7.35,52.75,profile_391031,p8.h1.carbonate_class,
Emsland (sand/peat),7.35,52.75,profile_391031,p8.h1.structure,
Emsland (sand/peat),7.35,52.75,profile_391031,p8.h1.bulk_density_class,Ld2
Emsland (sand/peat),7.35,52.75,profile_391031,p8.h1.peat_type,
Emsland (sand/peat),7.35,52.75,profile_391031,p8.h1.peat_decomposition,
Emsland (sand/peat),7.35,52.75,profile_391031,p8.h1.peat_substance_volume,
Emsland (sand/peat),7.35,52.75,profile_391031,p8.h1.acidity_class,
Emsland (sand/peat),7.35,52.75,profile_391031,p8.h2.horizon_symbol,Bhsv
Emsland (sand/peat),7.35,52.75,profile_391031,p8.h2.top_dm,1.5
Emsland (sand/peat),7.35,52.75,profile_391031,p8.h2.bottom_dm,3.5
Emsland (sand/peat),7.35,52.75,profile_391031,p8.h2.stratigraphy,qw
Emsland (sand/peat),7.35,52.75,profile_391031,p8.h2.origin,Sp
Emsland (sand/peat),7.35,52.75,profile_391031,p8.h2.geogenesis,p
Emsland (sand/peat),7.35,52.75,profile_391031,p8.h2.coarse_fraction,
Emsland (sand/peat),7.35,52.75,profile_391031,p8.h2.coarse_content_class,0
Emsland (sand/peat),7.35,52.75,profile_391031,p8.h2.texture_ka5,mSfs
Emsland (sand/peat),7.35,52.75,profile_391031,p8.h2.humus_class,h1
Emsland (sand/peat),7.35,52.75,profile_391031,p8.h2.carbonate_class,
Emsland (sand/peat),7.35,52.75,profile_391031,p8.h2.structure,
Emsland (sand/peat),7.35,52.75,profile_391031,p8.h2.bulk_density_class,Ld3
Emsland (sand/peat),7.35,52.75,profile_391031,p8.h2.peat_type,
Emsland (sand/peat),7.35,52.75,profile_391031,p8.h2.peat_decomposition,
Emsland (sand/peat),7.35,52.75,profile_391031,p8.h2.peat_substance_volume,
Emsland (sand/peat),7.35,52.75,profile_391031,p8.h2.acidity_class,
Emsland (sand/peat),7.35,52.75,profile_391031,p8.h3.horizon_symbol,Go-Bv
Emsland (sand/peat),7.35,52.75,profile_391031,p8.h3.top_dm,3.5
Emsland (sand/peat),7.35,52.75,profile_391031,p8.h3.bottom_dm,7
Emsland (sand/peat),7.35,52.75,profile_391031,p8.h3.stratigraphy,qw
Emsland (sand/peat),7.35,52.75,profile_391031,p8.h3.origin,Sp
Emsland (sand/peat),7.35,52.75,profile_391031,p8.h3.geogenesis,p
Emsland (sand/peat),7.35,52.75,profile_391031,p8.h3.coarse_fraction,
Emsland (sand/peat),7.35,52.75,profile_391031,p8.h3.coarse_content_class,0
Emsland (sand/peat),7.35,52.75,profile_391031,p8.h3.texture_ka5,mSfs
Emsland (sand/peat),7.35,52.75,profile_391031,p8.h3.humus_class,h0
Emsland (sand/peat),7.35,52.75,profile_391031,p8.h3.carbonate_class,
Emsland (sand/peat),7.35,52.75,profile_391031,p8.h3.structure,
Emsland (sand/peat),7.35,52.75,profile_391031,p8.h3.bulk_density_class,Ld3
Emsland (sand/peat),7.35,52.75,profile_391031,p8.h3.peat_type,
Emsland (sand/peat),7.35,52.75,profile_391031,p8.h3.peat_decomposition,
Emsland (sand/peat),7.35,52.75,profile_391031,p8.h3.peat_substance_volume,
Emsland (sand/peat),7.35,52.75,profile_391031,p8.h3.acidity_class,
Emsland (sand/peat),7.35,52.75,profile_391031,p8.h4.horizon_symbol,Go
Emsland (sand/peat),7.35,52.75,profile_391031,p8.h4.top_dm,7
Emsland (sand/peat),7.35,52.75,profile_391031,p8.h4.bottom_dm,18
Emsland (sand/peat),7.35,52.75,profile_391031,p8.h4.stratigraphy,qD
Emsland (sand/peat),7.35,52.75,profile_391031,p8.h4.origin,Sf
Emsland (sand/peat),7.35,52.75,profile_391031,p8.h4.geogenesis,f
Emsland (sand/peat),7.35,52.75,profile_391031,p8.h4.coarse_fraction,
Emsland (sand/peat),7.35,52.75,profile_391031,p8.h4.coarse_content_class,0
Emsland (sand/peat),7.35,52.75,profile_391031,p8.h4.texture_ka5,mSfs
Emsland (sand/peat),7.35,52.75,profile_391031,p8.h4.humus_class,h0
Emsland (sand/peat),7.35,52.75,profile_391031,p8.h4.carbonate_class,
Emsland (sand/peat),7.35,52.75,profile_391031,p8.h4.structure,
Emsland (sand/peat),7.35,52.75,profile_391031,p8.h4.bulk_density_class,Ld3
Emsland (sand/peat),7.35,52.75,profile_391031,p8.h4.peat_type,
Emsland (sand/peat),7.35,52.75,profile_391031,p8.h4.peat_decomposition,
Emsland (sand/peat),7.35,52.75,profile_391031,p8.h4.peat_substance_volume,
Emsland (sand/peat),7.35,52.75,profile_391031,p8.h4.acidity_class,
Emsland (sand/peat),7.35,52.75,profile_391031,p8.h5.horizon_symbol,Gr
Emsland (sand/peat),7.35,52.75,profile_391031,p8.h5.top_dm,18
Emsland (sand/peat),7.35,52.75,profile_391031,p8.h5.bottom_dm,20
Emsland (sand/peat),7.35,52.75,profile_391031,p8.h5.stratigraphy,qD
Emsland (sand/peat),7.35,52.75,profile_391031,p8.h5.origin,Sf
Emsland (sand/peat),7.35,52.75,profile_391031,p8.h5.geogenesis,f
Emsland (sand/peat),7.35,52.75,profile_391031,p8.h5.coarse_fraction,
Emsland (sand/peat),7.35,52.75,profile_391031,p8.h5.coarse_content_class,0
Emsland (sand/peat),7.35,52.75,profile_391031,p8.h5.texture_ka5,mSfs
Emsland (sand/peat),7.35,52.75,profile_391031,p8.h5.humus_class,h0
Emsland (sand/peat),7.35,52.75,profile_391031,p8.h5.carbonate_class,
Emsland (sand/peat),7.35,52.75,profile_391031,p8.h5.structure,
Emsland (sand/peat),7.35,52.75,profile_391031,p8.h5.bulk_density_class,Ld3
Emsland (sand/peat),7.35,52.75,profile_391031,p8.h5.peat_type,
Emsland (sand/peat),7.35,52.75,profile_391031,p8.h5.peat_decomposition,
Emsland (sand/peat),7.35,52.75,profile_391031,p8.h5.peat_substance_volume,
Emsland (sand/peat),7.35,52.75,profile_391031,p8.h5.acidity_class,
Wesermarsch (marsh clay),8.4,53.35,L0_sheetindex,OBJECTID,10
Wesermarsch (marsh clay),8.4,53.35,L0_sheetindex,BLATTNUM,CC 3110
Wesermarsch (marsh clay),8.4,53.35,L0_sheetindex,BLATTNAM,Bremerhaven
Wesermarsch (marsh clay),8.4,53.35,L0_sheetindex,JAHR,2009
Wesermarsch (marsh clay),8.4,53.35,L0_sheetindex,Shape_Area,22060320244.6886
Wesermarsch (marsh clay),8.4,53.35,L0_sheetindex,Shape_Length,594108.8687014993
Wesermarsch (marsh clay),8.4,53.35,L9_CC3110,OBJECTID,9
Wesermarsch (marsh clay),8.4,53.35,L9_CC3110,NRKART,9
Wesermarsch (marsh clay),8.4,53.35,L9_CC3110,TKLE_NR,311009
Wesermarsch (marsh clay),8.4,53.35,L9_CC3110,BGL,1.4
Wesermarsch (marsh clay),8.4,53.35,L9_CC3110,LEG_TEXT,Überwiegend *Kalkmarschen und verbreitet *Kleimarschen aus *Schluff bis *Ton
Wesermarsch (marsh clay),8.4,53.35,L9_CC3110,Legende,"09 MCf, MNf: mp-u,t"
Wesermarsch (marsh clay),8.4,53.35,L9_CC3110,Shape_Area,677561844.898763
Wesermarsch (marsh clay),8.4,53.35,L9_CC3110,Shape_Length,1288735.0375474978
Wesermarsch (marsh clay),8.4,53.35,L9_CC3110,Hinweis,
Wesermarsch (marsh clay),8.4,53.35,L9_CC3110,Profile,https://fisbo.bgr.de/app/FISBoBGR_Profilanzeige/getProfile.php?KARTE=BUEK200&LEGNR=311009
Wesermarsch (marsh clay),8.4,53.35,identify_L9,OBJECTID,9
Wesermarsch (marsh clay),8.4,53.35,identify_L9,NRKART,9
Wesermarsch (marsh clay),8.4,53.35,identify_L9,TKLE_NR,311009
Wesermarsch (marsh clay),8.4,53.35,identify_L9,BGL,1.4
Wesermarsch (marsh clay),8.4,53.35,identify_L9,Legendentext,Überwiegend *Kalkmarschen und verbreitet *Kleimarschen aus *Schluff bis *Ton
Wesermarsch (marsh clay),8.4,53.35,identify_L9,Legende,"09 MCf, MNf: mp-u,t"
Wesermarsch (marsh clay),8.4,53.35,identify_L9,Shape Area,"677561844,898763"
Wesermarsch (marsh clay),8.4,53.35,identify_L9,Shape Length,"1288735,037547"
Wesermarsch (marsh clay),8.4,53.35,identify_L9,Hinweis,Null
Wesermarsch (marsh clay),8.4,53.35,identify_L9,Profile,https://fisbo.bgr.de/app/FISBoBGR_Profilanzeige/getProfile.php?KARTE=BUEK200&amp;LEGNR=311009
Wesermarsch (marsh clay),8.4,53.35,profile_311009,unit_header,Bodenübersichtskarte 1:200.000 - Legendeneinheit Nr. 311009 Überwiegend Kalkmarschen und verbreitet Kleimarschen aus Schluff bis Ton
Wesermarsch (marsh clay),8.4,53.35,profile_311009,n_profiles,5
Wesermarsch (marsh clay),8.4,53.35,profile_311009,p1.Bodensystematische Einheit,MCf
Wesermarsch (marsh clay),8.4,53.35,profile_311009,p1.Flächenanteil,40 %
Wesermarsch (marsh clay),8.4,53.35,profile_311009,p1.Landnutzung,Ackerflächen (CORINE Land Cover Code: 21)
Wesermarsch (marsh clay),8.4,53.35,profile_311009,p1.h1.horizon_symbol,Ap
Wesermarsch (marsh clay),8.4,53.35,profile_311009,p1.h1.top_dm,0
Wesermarsch (marsh clay),8.4,53.35,profile_311009,p1.h1.bottom_dm,2.5
Wesermarsch (marsh clay),8.4,53.35,profile_311009,p1.h1.stratigraphy,qh
Wesermarsch (marsh clay),8.4,53.35,profile_311009,p1.h1.origin,Upm
Wesermarsch (marsh clay),8.4,53.35,profile_311009,p1.h1.geogenesis,mp
Wesermarsch (marsh clay),8.4,53.35,profile_311009,p1.h1.coarse_fraction,
Wesermarsch (marsh clay),8.4,53.35,profile_311009,p1.h1.coarse_content_class,0
Wesermarsch (marsh clay),8.4,53.35,profile_311009,p1.h1.texture_ka5,Ut4
Wesermarsch (marsh clay),8.4,53.35,profile_311009,p1.h1.humus_class,h3
Wesermarsch (marsh clay),8.4,53.35,profile_311009,p1.h1.carbonate_class,
Wesermarsch (marsh clay),8.4,53.35,profile_311009,p1.h1.structure,
Wesermarsch (marsh clay),8.4,53.35,profile_311009,p1.h1.bulk_density_class,Ld2
Wesermarsch (marsh clay),8.4,53.35,profile_311009,p1.h1.peat_type,
Wesermarsch (marsh clay),8.4,53.35,profile_311009,p1.h1.peat_decomposition,
Wesermarsch (marsh clay),8.4,53.35,profile_311009,p1.h1.peat_substance_volume,
Wesermarsch (marsh clay),8.4,53.35,profile_311009,p1.h1.acidity_class,
Wesermarsch (marsh clay),8.4,53.35,profile_311009,p1.h2.horizon_symbol,eGo
Wesermarsch (marsh clay),8.4,53.35,profile_311009,p1.h2.top_dm,2.5
Wesermarsch (marsh clay),8.4,53.35,profile_311009,p1.h2.bottom_dm,7.9
Wesermarsch (marsh clay),8.4,53.35,profile_311009,p1.h2.stratigraphy,qh
Wesermarsch (marsh clay),8.4,53.35,profile_311009,p1.h2.origin,Upm
Wesermarsch (marsh clay),8.4,53.35,profile_311009,p1.h2.geogenesis,mp
Wesermarsch (marsh clay),8.4,53.35,profile_311009,p1.h2.coarse_fraction,
Wesermarsch (marsh clay),8.4,53.35,profile_311009,p1.h2.coarse_content_class,0
Wesermarsch (marsh clay),8.4,53.35,profile_311009,p1.h2.texture_ka5,Ut4
Wesermarsch (marsh clay),8.4,53.35,profile_311009,p1.h2.humus_class,h0
Wesermarsch (marsh clay),8.4,53.35,profile_311009,p1.h2.carbonate_class,
Wesermarsch (marsh clay),8.4,53.35,profile_311009,p1.h2.structure,
Wesermarsch (marsh clay),8.4,53.35,profile_311009,p1.h2.bulk_density_class,Ld3
Wesermarsch (marsh clay),8.4,53.35,profile_311009,p1.h2.peat_type,
Wesermarsch (marsh clay),8.4,53.35,profile_311009,p1.h2.peat_decomposition,
Wesermarsch (marsh clay),8.4,53.35,profile_311009,p1.h2.peat_substance_volume,
Wesermarsch (marsh clay),8.4,53.35,profile_311009,p1.h2.acidity_class,
Wesermarsch (marsh clay),8.4,53.35,profile_311009,p1.h3.horizon_symbol,zGro
Wesermarsch (marsh clay),8.4,53.35,profile_311009,p1.h3.top_dm,7.9
Wesermarsch (marsh clay),8.4,53.35,profile_311009,p1.h3.bottom_dm,13.1
Wesermarsch (marsh clay),8.4,53.35,profile_311009,p1.h3.stratigraphy,qh
Wesermarsch (marsh clay),8.4,53.35,profile_311009,p1.h3.origin,Upm
Wesermarsch (marsh clay),8.4,53.35,profile_311009,p1.h3.geogenesis,mp
Wesermarsch (marsh clay),8.4,53.35,profile_311009,p1.h3.coarse_fraction,
Wesermarsch (marsh clay),8.4,53.35,profile_311009,p1.h3.coarse_content_class,0
Wesermarsch (marsh clay),8.4,53.35,profile_311009,p1.h3.texture_ka5,Tu4
Wesermarsch (marsh clay),8.4,53.35,profile_311009,p1.h3.humus_class,h0
Wesermarsch (marsh clay),8.4,53.35,profile_311009,p1.h3.carbonate_class,
Wesermarsch (marsh clay),8.4,53.35,profile_311009,p1.h3.structure,
Wesermarsch (marsh clay),8.4,53.35,profile_311009,p1.h3.bulk_density_class,Ld3
Wesermarsch (marsh clay),8.4,53.35,profile_311009,p1.h3.peat_type,
Wesermarsch (marsh clay),8.4,53.35,profile_311009,p1.h3.peat_decomposition,
Wesermarsch (marsh clay),8.4,53.35,profile_311009,p1.h3.peat_substance_volume,
Wesermarsch (marsh clay),8.4,53.35,profile_311009,p1.h3.acidity_class,
Wesermarsch (marsh clay),8.4,53.35,profile_311009,p1.h4.horizon_symbol,zGor
Wesermarsch (marsh clay),8.4,53.35,profile_311009,p1.h4.top_dm,13.1
Wesermarsch (marsh clay),8.4,53.35,profile_311009,p1.h4.bottom_dm,18
Wesermarsch (marsh clay),8.4,53.35,profile_311009,p1.h4.stratigraphy,qh
Wesermarsch (marsh clay),8.4,53.35,profile_311009,p1.h4.origin,Tpm
Wesermarsch (marsh clay),8.4,53.35,profile_311009,p1.h4.geogenesis,mp
Wesermarsch (marsh clay),8.4,53.35,profile_311009,p1.h4.coarse_fraction,
Wesermarsch (marsh clay),8.4,53.35,profile_311009,p1.h4.coarse_content_class,0
Wesermarsch (marsh clay),8.4,53.35,profile_311009,p1.h4.texture_ka5,Tu4
Wesermarsch (marsh clay),8.4,53.35,profile_311009,p1.h4.humus_class,h0
Wesermarsch (marsh clay),8.4,53.35,profile_311009,p1.h4.carbonate_class,
Wesermarsch (marsh clay),8.4,53.35,profile_311009,p1.h4.structure,
Wesermarsch (marsh clay),8.4,53.35,profile_311009,p1.h4.bulk_density_class,Ld3
Wesermarsch (marsh clay),8.4,53.35,profile_311009,p1.h4.peat_type,
Wesermarsch (marsh clay),8.4,53.35,profile_311009,p1.h4.peat_decomposition,
Wesermarsch (marsh clay),8.4,53.35,profile_311009,p1.h4.peat_substance_volume,
Wesermarsch (marsh clay),8.4,53.35,profile_311009,p1.h4.acidity_class,
Wesermarsch (marsh clay),8.4,53.35,profile_311009,p1.h5.horizon_symbol,zGr
Wesermarsch (marsh clay),8.4,53.35,profile_311009,p1.h5.top_dm,18
Wesermarsch (marsh clay),8.4,53.35,profile_311009,p1.h5.bottom_dm,20
Wesermarsch (marsh clay),8.4,53.35,profile_311009,p1.h5.stratigraphy,qh
Wesermarsch (marsh clay),8.4,53.35,profile_311009,p1.h5.origin,Tpm
Wesermarsch (marsh clay),8.4,53.35,profile_311009,p1.h5.geogenesis,mp
Wesermarsch (marsh clay),8.4,53.35,profile_311009,p1.h5.coarse_fraction,
Wesermarsch (marsh clay),8.4,53.35,profile_311009,p1.h5.coarse_content_class,0
Wesermarsch (marsh clay),8.4,53.35,profile_311009,p1.h5.texture_ka5,Tu4
Wesermarsch (marsh clay),8.4,53.35,profile_311009,p1.h5.humus_class,h0
Wesermarsch (marsh clay),8.4,53.35,profile_311009,p1.h5.carbonate_class,
Wesermarsch (marsh clay),8.4,53.35,profile_311009,p1.h5.structure,
Wesermarsch (marsh clay),8.4,53.35,profile_311009,p1.h5.bulk_density_class,Ld3
Wesermarsch (marsh clay),8.4,53.35,profile_311009,p1.h5.peat_type,
Wesermarsch (marsh clay),8.4,53.35,profile_311009,p1.h5.peat_decomposition,
Wesermarsch (marsh clay),8.4,53.35,profile_311009,p1.h5.peat_substance_volume,
Wesermarsch (marsh clay),8.4,53.35,profile_311009,p1.h5.acidity_class,
Wesermarsch (marsh clay),8.4,53.35,profile_311009,p2.Bodensystematische Einheit,MCf
Wesermarsch (marsh clay),8.4,53.35,profile_311009,p2.Flächenanteil,5 %
Wesermarsch (marsh clay),8.4,53.35,profile_311009,p2.Landnutzung,Grünland (CORINE Land Cover Code: 23)
Wesermarsch (marsh clay),8.4,53.35,profile_311009,p2.h1.horizon_symbol,Ah
Wesermarsch (marsh clay),8.4,53.35,profile_311009,p2.h1.top_dm,0
Wesermarsch (marsh clay),8.4,53.35,profile_311009,p2.h1.bottom_dm,1.5
Wesermarsch (marsh clay),8.4,53.35,profile_311009,p2.h1.stratigraphy,qh
Wesermarsch (marsh clay),8.4,53.35,profile_311009,p2.h1.origin,Tpm
Wesermarsch (marsh clay),8.4,53.35,profile_311009,p2.h1.geogenesis,mp
Wesermarsch (marsh clay),8.4,53.35,profile_311009,p2.h1.coarse_fraction,
Wesermarsch (marsh clay),8.4,53.35,profile_311009,p2.h1.coarse_content_class,0
Wesermarsch (marsh clay),8.4,53.35,profile_311009,p2.h1.texture_ka5,Tu4
Wesermarsch (marsh clay),8.4,53.35,profile_311009,p2.h1.humus_class,h4
Wesermarsch (marsh clay),8.4,53.35,profile_311009,p2.h1.carbonate_class,
Wesermarsch (marsh clay),8.4,53.35,profile_311009,p2.h1.structure,
Wesermarsch (marsh clay),8.4,53.35,profile_311009,p2.h1.bulk_density_class,Ld2
Wesermarsch (marsh clay),8.4,53.35,profile_311009,p2.h1.peat_type,
Wesermarsch (marsh clay),8.4,53.35,profile_311009,p2.h1.peat_decomposition,
Wesermarsch (marsh clay),8.4,53.35,profile_311009,p2.h1.peat_substance_volume,
Wesermarsch (marsh clay),8.4,53.35,profile_311009,p2.h1.acidity_class,
Wesermarsch (marsh clay),8.4,53.35,profile_311009,p2.h2.horizon_symbol,eGo
Wesermarsch (marsh clay),8.4,53.35,profile_311009,p2.h2.top_dm,1.5
Wesermarsch (marsh clay),8.4,53.35,profile_311009,p2.h2.bottom_dm,7.9
Wesermarsch (marsh clay),8.4,53.35,profile_311009,p2.h2.stratigraphy,qh
Wesermarsch (marsh clay),8.4,53.35,profile_311009,p2.h2.origin,Tpm
Wesermarsch (marsh clay),8.4,53.35,profile_311009,p2.h2.geogenesis,mp
Wesermarsch (marsh clay),8.4,53.35,profile_311009,p2.h2.coarse_fraction,
Wesermarsch (marsh clay),8.4,53.35,profile_311009,p2.h2.coarse_content_class,0
Wesermarsch (marsh clay),8.4,53.35,profile_311009,p2.h2.texture_ka5,Tu3
Wesermarsch (marsh clay),8.4,53.35,profile_311009,p2.h2.humus_class,h0
Wesermarsch (marsh clay),8.4,53.35,profile_311009,p2.h2.carbonate_class,
Wesermarsch (marsh clay),8.4,53.35,profile_311009,p2.h2.structure,
Wesermarsch (marsh clay),8.4,53.35,profile_311009,p2.h2.bulk_density_class,Ld3
Wesermarsch (marsh clay),8.4,53.35,profile_311009,p2.h2.peat_type,
Wesermarsch (marsh clay),8.4,53.35,profile_311009,p2.h2.peat_decomposition,
Wesermarsch (marsh clay),8.4,53.35,profile_311009,p2.h2.peat_substance_volume,
Wesermarsch (marsh clay),8.4,53.35,profile_311009,p2.h2.acidity_class,
Wesermarsch (marsh clay),8.4,53.35,profile_311009,p2.h3.horizon_symbol,zGro
Wesermarsch (marsh clay),8.4,53.35,profile_311009,p2.h3.top_dm,7.9
Wesermarsch (marsh clay),8.4,53.35,profile_311009,p2.h3.bottom_dm,13.1
Wesermarsch (marsh clay),8.4,53.35,profile_311009,p2.h3.stratigraphy,qh
Wesermarsch (marsh clay),8.4,53.35,profile_311009,p2.h3.origin,Tpm
Wesermarsch (marsh clay),8.4,53.35,profile_311009,p2.h3.geogenesis,mp
Wesermarsch (marsh clay),8.4,53.35,profile_311009,p2.h3.coarse_fraction,
Wesermarsch (marsh clay),8.4,53.35,profile_311009,p2.h3.coarse_content_class,0
Wesermarsch (marsh clay),8.4,53.35,profile_311009,p2.h3.texture_ka5,Tu3
Wesermarsch (marsh clay),8.4,53.35,profile_311009,p2.h3.humus_class,h0
Wesermarsch (marsh clay),8.4,53.35,profile_311009,p2.h3.carbonate_class,
Wesermarsch (marsh clay),8.4,53.35,profile_311009,p2.h3.structure,
Wesermarsch (marsh clay),8.4,53.35,profile_311009,p2.h3.bulk_density_class,Ld3
Wesermarsch (marsh clay),8.4,53.35,profile_311009,p2.h3.peat_type,
Wesermarsch (marsh clay),8.4,53.35,profile_311009,p2.h3.peat_decomposition,
Wesermarsch (marsh clay),8.4,53.35,profile_311009,p2.h3.peat_substance_volume,
Wesermarsch (marsh clay),8.4,53.35,profile_311009,p2.h3.acidity_class,
Wesermarsch (marsh clay),8.4,53.35,profile_311009,p2.h4.horizon_symbol,zGor
Wesermarsch (marsh clay),8.4,53.35,profile_311009,p2.h4.top_dm,13.1
Wesermarsch (marsh clay),8.4,53.35,profile_311009,p2.h4.bottom_dm,18
Wesermarsch (marsh clay),8.4,53.35,profile_311009,p2.h4.stratigraphy,qh
Wesermarsch (marsh clay),8.4,53.35,profile_311009,p2.h4.origin,Tpm
Wesermarsch (marsh clay),8.4,53.35,profile_311009,p2.h4.geogenesis,mp
Wesermarsch (marsh clay),8.4,53.35,profile_311009,p2.h4.coarse_fraction,
Wesermarsch (marsh clay),8.4,53.35,profile_311009,p2.h4.coarse_content_class,0
Wesermarsch (marsh clay),8.4,53.35,profile_311009,p2.h4.texture_ka5,Tu4
Wesermarsch (marsh clay),8.4,53.35,profile_311009,p2.h4.humus_class,h0
Wesermarsch (marsh clay),8.4,53.35,profile_311009,p2.h4.carbonate_class,
Wesermarsch (marsh clay),8.4,53.35,profile_311009,p2.h4.structure,
Wesermarsch (marsh clay),8.4,53.35,profile_311009,p2.h4.bulk_density_class,Ld3
Wesermarsch (marsh clay),8.4,53.35,profile_311009,p2.h4.peat_type,
Wesermarsch (marsh clay),8.4,53.35,profile_311009,p2.h4.peat_decomposition,
Wesermarsch (marsh clay),8.4,53.35,profile_311009,p2.h4.peat_substance_volume,
Wesermarsch (marsh clay),8.4,53.35,profile_311009,p2.h4.acidity_class,
Wesermarsch (marsh clay),8.4,53.35,profile_311009,p2.h5.horizon_symbol,zGr
Wesermarsch (marsh clay),8.4,53.35,profile_311009,p2.h5.top_dm,18
Wesermarsch (marsh clay),8.4,53.35,profile_311009,p2.h5.bottom_dm,20
Wesermarsch (marsh clay),8.4,53.35,profile_311009,p2.h5.stratigraphy,qh
Wesermarsch (marsh clay),8.4,53.35,profile_311009,p2.h5.origin,Tpm
Wesermarsch (marsh clay),8.4,53.35,profile_311009,p2.h5.geogenesis,mp
Wesermarsch (marsh clay),8.4,53.35,profile_311009,p2.h5.coarse_fraction,
Wesermarsch (marsh clay),8.4,53.35,profile_311009,p2.h5.coarse_content_class,0
Wesermarsch (marsh clay),8.4,53.35,profile_311009,p2.h5.texture_ka5,Tu3
Wesermarsch (marsh clay),8.4,53.35,profile_311009,p2.h5.humus_class,h0
Wesermarsch (marsh clay),8.4,53.35,profile_311009,p2.h5.carbonate_class,
Wesermarsch (marsh clay),8.4,53.35,profile_311009,p2.h5.structure,
Wesermarsch (marsh clay),8.4,53.35,profile_311009,p2.h5.bulk_density_class,Ld3
Wesermarsch (marsh clay),8.4,53.35,profile_311009,p2.h5.peat_type,
Wesermarsch (marsh clay),8.4,53.35,profile_311009,p2.h5.peat_decomposition,
Wesermarsch (marsh clay),8.4,53.35,profile_311009,p2.h5.peat_substance_volume,
Wesermarsch (marsh clay),8.4,53.35,profile_311009,p2.h5.acidity_class,
Wesermarsch (marsh clay),8.4,53.35,profile_311009,p3.Bodensystematische Einheit,MCf
Wesermarsch (marsh clay),8.4,53.35,profile_311009,p3.Flächenanteil,5 %
Wesermarsch (marsh clay),8.4,53.35,profile_311009,p3.Landnutzung,Grünland (CORINE Land Cover Code: 23)
Wesermarsch (marsh clay),8.4,53.35,profile_311009,p3.h1.horizon_symbol,Sw-Ah
Wesermarsch (marsh clay),8.4,53.35,profile_311009,p3.h1.top_dm,0
Wesermarsch (marsh clay),8.4,53.35,profile_311009,p3.h1.bottom_dm,1.5
Wesermarsch (marsh clay),8.4,53.35,profile_311009,p3.h1.stratigraphy,qh
Wesermarsch (marsh clay),8.4,53.35,profile_311009,p3.h1.origin,Upm
Wesermarsch (marsh clay),8.4,53.35,profile_311009,p3.h1.geogenesis,mp
Wesermarsch (marsh clay),8.4,53.35,profile_311009,p3.h1.coarse_fraction,
Wesermarsch (marsh clay),8.4,53.35,profile_311009,p3.h1.coarse_content_class,0
Wesermarsch (marsh clay),8.4,53.35,profile_311009,p3.h1.texture_ka5,Ut4
Wesermarsch (marsh clay),8.4,53.35,profile_311009,p3.h1.humus_class,h4
Wesermarsch (marsh clay),8.4,53.35,profile_311009,p3.h1.carbonate_class,
Wesermarsch (marsh clay),8.4,53.35,profile_311009,p3.h1.structure,
Wesermarsch (marsh clay),8.4,53.35,profile_311009,p3.h1.bulk_density_class,Ld2
Wesermarsch (marsh clay),8.4,53.35,profile_311009,p3.h1.peat_type,
Wesermarsch (marsh clay),8.4,53.35,profile_311009,p3.h1.peat_decomposition,
Wesermarsch (marsh clay),8.4,53.35,profile_311009,p3.h1.peat_substance_volume,
Wesermarsch (marsh clay),8.4,53.35,profile_311009,p3.h1.acidity_class,
Wesermarsch (marsh clay),8.4,53.35,profile_311009,p3.h2.horizon_symbol,eSw
Wesermarsch (marsh clay),8.4,53.35,profile_311009,p3.h2.top_dm,1.5
Wesermarsch (marsh clay),8.4,53.35,profile_311009,p3.h2.bottom_dm,6
Wesermarsch (marsh clay),8.4,53.35,profile_311009,p3.h2.stratigraphy,qh
Wesermarsch (marsh clay),8.4,53.35,profile_311009,p3.h2.origin,Upm
Wesermarsch (marsh clay),8.4,53.35,profile_311009,p3.h2.geogenesis,mp
Wesermarsch (marsh clay),8.4,53.35,profile_311009,p3.h2.coarse_fraction,
Wesermarsch (marsh clay),8.4,53.35,profile_311009,p3.h2.coarse_content_class,0
Wesermarsch (marsh clay),8.4,53.35,profile_311009,p3.h2.texture_ka5,Ut4
Wesermarsch (marsh clay),8.4,53.35,profile_311009,p3.h2.humus_class,h0
Wesermarsch (marsh clay),8.4,53.35,profile_311009,p3.h2.carbonate_class,
Wesermarsch (marsh clay),8.4,53.35,profile_311009,p3.h2.structure,
Wesermarsch (marsh clay),8.4,53.35,profile_311009,p3.h2.bulk_density_class,Ld3
Wesermarsch (marsh clay),8.4,53.35,profile_311009,p3.h2.peat_type,
Wesermarsch (marsh clay),8.4,53.35,profile_311009,p3.h2.peat_decomposition,
Wesermarsch (marsh clay),8.4,53.35,profile_311009,p3.h2.peat_substance_volume,
Wesermarsch (marsh clay),8.4,53.35,profile_311009,p3.h2.acidity_class,
Wesermarsch (marsh clay),8.4,53.35,profile_311009,p3.h3.horizon_symbol,eGo-Sq
Wesermarsch (marsh clay),8.4,53.35,profile_311009,p3.h3.top_dm,6
Wesermarsch (marsh clay),8.4,53.35,profile_311009,p3.h3.bottom_dm,10
Wesermarsch (marsh clay),8.4,53.35,profile_311009,p3.h3.stratigraphy,qh
Wesermarsch (marsh clay),8.4,53.35,profile_311009,p3.h3.origin,Tpm
Wesermarsch (marsh clay),8.4,53.35,profile_311009,p3.h3.geogenesis,mp
Wesermarsch (marsh clay),8.4,53.35,profile_311009,p3.h3.coarse_fraction,
Wesermarsch (marsh clay),8.4,53.35,profile_311009,p3.h3.coarse_content_class,0
Wesermarsch (marsh clay),8.4,53.35,profile_311009,p3.h3.texture_ka5,Tu3
Wesermarsch (marsh clay),8.4,53.35,profile_311009,p3.h3.humus_class,h0
Wesermarsch (marsh clay),8.4,53.35,profile_311009,p3.h3.carbonate_class,
Wesermarsch (marsh clay),8.4,53.35,profile_311009,p3.h3.structure,
Wesermarsch (marsh clay),8.4,53.35,profile_311009,p3.h3.bulk_density_class,Ld4
Wesermarsch (marsh clay),8.4,53.35,profile_311009,p3.h3.peat_type,
Wesermarsch (marsh clay),8.4,53.35,profile_311009,p3.h3.peat_decomposition,
Wesermarsch (marsh clay),8.4,53.35,profile_311009,p3.h3.peat_substance_volume,
Wesermarsch (marsh clay),8.4,53.35,profile_311009,p3.h3.acidity_class,
Wesermarsch (marsh clay),8.4,53.35,profile_311009,p3.h4.horizon_symbol,eGr
Wesermarsch (marsh clay),8.4,53.35,profile_311009,p3.h4.top_dm,10
Wesermarsch (marsh clay),8.4,53.35,profile_311009,p3.h4.bottom_dm,20
Wesermarsch (marsh clay),8.4,53.35,profile_311009,p3.h4.stratigraphy,qh
Wesermarsch (marsh clay),8.4,53.35,profile_311009,p3.h4.origin,Tpm
Wesermarsch (marsh clay),8.4,53.35,profile_311009,p3.h4.geogenesis,mp
Wesermarsch (marsh clay),8.4,53.35,profile_311009,p3.h4.coarse_fraction,
Wesermarsch (marsh clay),8.4,53.35,profile_311009,p3.h4.coarse_content_class,0
Wesermarsch (marsh clay),8.4,53.35,profile_311009,p3.h4.texture_ka5,Tu3
Wesermarsch (marsh clay),8.4,53.35,profile_311009,p3.h4.humus_class,h0
Wesermarsch (marsh clay),8.4,53.35,profile_311009,p3.h4.carbonate_class,
Wesermarsch (marsh clay),8.4,53.35,profile_311009,p3.h4.structure,
Wesermarsch (marsh clay),8.4,53.35,profile_311009,p3.h4.bulk_density_class,Ld3
Wesermarsch (marsh clay),8.4,53.35,profile_311009,p3.h4.peat_type,
Wesermarsch (marsh clay),8.4,53.35,profile_311009,p3.h4.peat_decomposition,
Wesermarsch (marsh clay),8.4,53.35,profile_311009,p3.h4.peat_substance_volume,
Wesermarsch (marsh clay),8.4,53.35,profile_311009,p3.h4.acidity_class,
Wesermarsch (marsh clay),8.4,53.35,profile_311009,p4.Bodensystematische Einheit,MCf
Wesermarsch (marsh clay),8.4,53.35,profile_311009,p4.Flächenanteil,5 %
Wesermarsch (marsh clay),8.4,53.35,profile_311009,p4.Landnutzung,Grünland (CORINE Land Cover Code: 23)
Wesermarsch (marsh clay),8.4,53.35,profile_311009,p4.h1.horizon_symbol,eSw-Ah
Wesermarsch (marsh clay),8.4,53.35,profile_311009,p4.h1.top_dm,0
Wesermarsch (marsh clay),8.4,53.35,profile_311009,p4.h1.bottom_dm,1.5
Wesermarsch (marsh clay),8.4,53.35,profile_311009,p4.h1.stratigraphy,qh
Wesermarsch (marsh clay),8.4,53.35,profile_311009,p4.h1.origin,Tpm
Wesermarsch (marsh clay),8.4,53.35,profile_311009,p4.h1.geogenesis,mp
Wesermarsch (marsh clay),8.4,53.35,profile_311009,p4.h1.coarse_fraction,
Wesermarsch (marsh clay),8.4,53.35,profile_311009,p4.h1.coarse_content_class,0
Wesermarsch (marsh clay),8.4,53.35,profile_311009,p4.h1.texture_ka5,Tu3
Wesermarsch (marsh clay),8.4,53.35,profile_311009,p4.h1.humus_class,h4
Wesermarsch (marsh clay),8.4,53.35,profile_311009,p4.h1.carbonate_class,
Wesermarsch (marsh clay),8.4,53.35,profile_311009,p4.h1.structure,
Wesermarsch (marsh clay),8.4,53.35,profile_311009,p4.h1.bulk_density_class,Ld2
Wesermarsch (marsh clay),8.4,53.35,profile_311009,p4.h1.peat_type,
Wesermarsch (marsh clay),8.4,53.35,profile_311009,p4.h1.peat_decomposition,
Wesermarsch (marsh clay),8.4,53.35,profile_311009,p4.h1.peat_substance_volume,
Wesermarsch (marsh clay),8.4,53.35,profile_311009,p4.h1.acidity_class,
Wesermarsch (marsh clay),8.4,53.35,profile_311009,p4.h2.horizon_symbol,eSw
Wesermarsch (marsh clay),8.4,53.35,profile_311009,p4.h2.top_dm,1.5
Wesermarsch (marsh clay),8.4,53.35,profile_311009,p4.h2.bottom_dm,6
Wesermarsch (marsh clay),8.4,53.35,profile_311009,p4.h2.stratigraphy,qh
Wesermarsch (marsh clay),8.4,53.35,profile_311009,p4.h2.origin,Tpm
Wesermarsch (marsh clay),8.4,53.35,profile_311009,p4.h2.geogenesis,mp
Wesermarsch (marsh clay),8.4,53.35,profile_311009,p4.h2.coarse_fraction,
Wesermarsch (marsh clay),8.4,53.35,profile_311009,p4.h2.coarse_content_class,0
Wesermarsch (marsh clay),8.4,53.35,profile_311009,p4.h2.texture_ka5,Tu3
Wesermarsch (marsh clay),8.4,53.35,profile_311009,p4.h2.humus_class,h0
Wesermarsch (marsh clay),8.4,53.35,profile_311009,p4.h2.carbonate_class,
Wesermarsch (marsh clay),8.4,53.35,profile_311009,p4.h2.structure,
Wesermarsch (marsh clay),8.4,53.35,profile_311009,p4.h2.bulk_density_class,Ld3
Wesermarsch (marsh clay),8.4,53.35,profile_311009,p4.h2.peat_type,
Wesermarsch (marsh clay),8.4,53.35,profile_311009,p4.h2.peat_decomposition,
Wesermarsch (marsh clay),8.4,53.35,profile_311009,p4.h2.peat_substance_volume,
Wesermarsch (marsh clay),8.4,53.35,profile_311009,p4.h2.acidity_class,
Wesermarsch (marsh clay),8.4,53.35,profile_311009,p4.h3.horizon_symbol,eSq
Wesermarsch (marsh clay),8.4,53.35,profile_311009,p4.h3.top_dm,6
Wesermarsch (marsh clay),8.4,53.35,profile_311009,p4.h3.bottom_dm,10
Wesermarsch (marsh clay),8.4,53.35,profile_311009,p4.h3.stratigraphy,qh
Wesermarsch (marsh clay),8.4,53.35,profile_311009,p4.h3.origin,Tpm
Wesermarsch (marsh clay),8.4,53.35,profile_311009,p4.h3.geogenesis,mp
Wesermarsch (marsh clay),8.4,53.35,profile_311009,p4.h3.coarse_fraction,
Wesermarsch (marsh clay),8.4,53.35,profile_311009,p4.h3.coarse_content_class,0
Wesermarsch (marsh clay),8.4,53.35,profile_311009,p4.h3.texture_ka5,Tu2
Wesermarsch (marsh clay),8.4,53.35,profile_311009,p4.h3.humus_class,h0
Wesermarsch (marsh clay),8.4,53.35,profile_311009,p4.h3.carbonate_class,
Wesermarsch (marsh clay),8.4,53.35,profile_311009,p4.h3.structure,
Wesermarsch (marsh clay),8.4,53.35,profile_311009,p4.h3.bulk_density_class,Ld4
Wesermarsch (marsh clay),8.4,53.35,profile_311009,p4.h3.peat_type,
Wesermarsch (marsh clay),8.4,53.35,profile_311009,p4.h3.peat_decomposition,
Wesermarsch (marsh clay),8.4,53.35,profile_311009,p4.h3.peat_substance_volume,
Wesermarsch (marsh clay),8.4,53.35,profile_311009,p4.h3.acidity_class,
Wesermarsch (marsh clay),8.4,53.35,profile_311009,p4.h4.horizon_symbol,Sg-Gor
Wesermarsch (marsh clay),8.4,53.35,profile_311009,p4.h4.top_dm,10
Wesermarsch (marsh clay),8.4,53.35,profile_311009,p4.h4.bottom_dm,18
Wesermarsch (marsh clay),8.4,53.35,profile_311009,p4.h4.stratigraphy,qh
Wesermarsch (marsh clay),8.4,53.35,profile_311009,p4.h4.origin,Tpm
Wesermarsch (marsh clay),8.4,53.35,profile_311009,p4.h4.geogenesis,mp
Wesermarsch (marsh clay),8.4,53.35,profile_311009,p4.h4.coarse_fraction,
Wesermarsch (marsh clay),8.4,53.35,profile_311009,p4.h4.coarse_content_class,0
Wesermarsch (marsh clay),8.4,53.35,profile_311009,p4.h4.texture_ka5,Ut3
Wesermarsch (marsh clay),8.4,53.35,profile_311009,p4.h4.humus_class,h0
Wesermarsch (marsh clay),8.4,53.35,profile_311009,p4.h4.carbonate_class,
Wesermarsch (marsh clay),8.4,53.35,profile_311009,p4.h4.structure,
Wesermarsch (marsh clay),8.4,53.35,profile_311009,p4.h4.bulk_density_class,Ld3
Wesermarsch (marsh clay),8.4,53.35,profile_311009,p4.h4.peat_type,
Wesermarsch (marsh clay),8.4,53.35,profile_311009,p4.h4.peat_decomposition,
Wesermarsch (marsh clay),8.4,53.35,profile_311009,p4.h4.peat_substance_volume,
Wesermarsch (marsh clay),8.4,53.35,profile_311009,p4.h4.acidity_class,
Wesermarsch (marsh clay),8.4,53.35,profile_311009,p4.h5.horizon_symbol,Sg-Gr
Wesermarsch (marsh clay),8.4,53.35,profile_311009,p4.h5.top_dm,18
Wesermarsch (marsh clay),8.4,53.35,profile_311009,p4.h5.bottom_dm,20
Wesermarsch (marsh clay),8.4,53.35,profile_311009,p4.h5.stratigraphy,qh
Wesermarsch (marsh clay),8.4,53.35,profile_311009,p4.h5.origin,Tpm
Wesermarsch (marsh clay),8.4,53.35,profile_311009,p4.h5.geogenesis,mp
Wesermarsch (marsh clay),8.4,53.35,profile_311009,p4.h5.coarse_fraction,
Wesermarsch (marsh clay),8.4,53.35,profile_311009,p4.h5.coarse_content_class,0
Wesermarsch (marsh clay),8.4,53.35,profile_311009,p4.h5.texture_ka5,Ut3
Wesermarsch (marsh clay),8.4,53.35,profile_311009,p4.h5.humus_class,h0
Wesermarsch (marsh clay),8.4,53.35,profile_311009,p4.h5.carbonate_class,
Wesermarsch (marsh clay),8.4,53.35,profile_311009,p4.h5.structure,
Wesermarsch (marsh clay),8.4,53.35,profile_311009,p4.h5.bulk_density_class,Ld3
Wesermarsch (marsh clay),8.4,53.35,profile_311009,p4.h5.peat_type,
Wesermarsch (marsh clay),8.4,53.35,profile_311009,p4.h5.peat_decomposition,
Wesermarsch (marsh clay),8.4,53.35,profile_311009,p4.h5.peat_substance_volume,
Wesermarsch (marsh clay),8.4,53.35,profile_311009,p4.h5.acidity_class,
Wesermarsch (marsh clay),8.4,53.35,profile_311009,p5.Bodensystematische Einheit,MNf
Wesermarsch (marsh clay),8.4,53.35,profile_311009,p5.Flächenanteil,40 %
Wesermarsch (marsh clay),8.4,53.35,profile_311009,p5.Landnutzung,Grünland (CORINE Land Cover Code: 23)
Wesermarsch (marsh clay),8.4,53.35,profile_311009,p5.h1.horizon_symbol,Ah
Wesermarsch (marsh clay),8.4,53.35,profile_311009,p5.h1.top_dm,0
Wesermarsch (marsh clay),8.4,53.35,profile_311009,p5.h1.bottom_dm,2
Wesermarsch (marsh clay),8.4,53.35,profile_311009,p5.h1.stratigraphy,qh
Wesermarsch (marsh clay),8.4,53.35,profile_311009,p5.h1.origin,Ubr
Wesermarsch (marsh clay),8.4,53.35,profile_311009,p5.h1.geogenesis,mb
Wesermarsch (marsh clay),8.4,53.35,profile_311009,p5.h1.coarse_fraction,
Wesermarsch (marsh clay),8.4,53.35,profile_311009,p5.h1.coarse_content_class,0
Wesermarsch (marsh clay),8.4,53.35,profile_311009,p5.h1.texture_ka5,Ut2
Wesermarsch (marsh clay),8.4,53.35,profile_311009,p5.h1.humus_class,h3
Wesermarsch (marsh clay),8.4,53.35,profile_311009,p5.h1.carbonate_class,
Wesermarsch (marsh clay),8.4,53.35,profile_311009,p5.h1.structure,
Wesermarsch (marsh clay),8.4,53.35,profile_311009,p5.h1.bulk_density_class,Ld3
Wesermarsch (marsh clay),8.4,53.35,profile_311009,p5.h1.peat_type,
Wesermarsch (marsh clay),8.4,53.35,profile_311009,p5.h1.peat_decomposition,
Wesermarsch (marsh clay),8.4,53.35,profile_311009,p5.h1.peat_substance_volume,
Wesermarsch (marsh clay),8.4,53.35,profile_311009,p5.h1.acidity_class,
Wesermarsch (marsh clay),8.4,53.35,profile_311009,p5.h2.horizon_symbol,Go
Wesermarsch (marsh clay),8.4,53.35,profile_311009,p5.h2.top_dm,2
Wesermarsch (marsh clay),8.4,53.35,profile_311009,p5.h2.bottom_dm,3.9
Wesermarsch (marsh clay),8.4,53.35,profile_311009,p5.h2.stratigraphy,qh
Wesermarsch (marsh clay),8.4,53.35,profile_311009,p5.h2.origin,Ubr
Wesermarsch (marsh clay),8.4,53.35,profile_311009,p5.h2.geogenesis,mb
Wesermarsch (marsh clay),8.4,53.35,profile_311009,p5.h2.coarse_fraction,
Wesermarsch (marsh clay),8.4,53.35,profile_311009,p5.h2.coarse_content_class,0
Wesermarsch (marsh clay),8.4,53.35,profile_311009,p5.h2.texture_ka5,Ut2
Wesermarsch (marsh clay),8.4,53.35,profile_311009,p5.h2.humus_class,h0
Wesermarsch (marsh clay),8.4,53.35,profile_311009,p5.h2.carbonate_class,
Wesermarsch (marsh clay),8.4,53.35,profile_311009,p5.h2.structure,
Wesermarsch (marsh clay),8.4,53.35,profile_311009,p5.h2.bulk_density_class,Ld3
Wesermarsch (marsh clay),8.4,53.35,profile_311009,p5.h2.peat_type,
Wesermarsch (marsh clay),8.4,53.35,profile_311009,p5.h2.peat_decomposition,
Wesermarsch (marsh clay),8.4,53.35,profile_311009,p5.h2.peat_substance_volume,
Wesermarsch (marsh clay),8.4,53.35,profile_311009,p5.h2.acidity_class,
Wesermarsch (marsh clay),8.4,53.35,profile_311009,p5.h3.horizon_symbol,Go
Wesermarsch (marsh clay),8.4,53.35,profile_311009,p5.h3.top_dm,3.9
Wesermarsch (marsh clay),8.4,53.35,profile_311009,p5.h3.bottom_dm,7.9
Wesermarsch (marsh clay),8.4,53.35,profile_311009,p5.h3.stratigraphy,qh
Wesermarsch (marsh clay),8.4,53.35,profile_311009,p5.h3.origin,Ubr
Wesermarsch (marsh clay),8.4,53.35,profile_311009,p5.h3.geogenesis,mb
Wesermarsch (marsh clay),8.4,53.35,profile_311009,p5.h3.coarse_fraction,
Wesermarsch (marsh clay),8.4,53.35,profile_311009,p5.h3.coarse_content_class,0
Wesermarsch (marsh clay),8.4,53.35,profile_311009,p5.h3.texture_ka5,Ut2
Wesermarsch (marsh clay),8.4,53.35,profile_311009,p5.h3.humus_class,h0
Wesermarsch (marsh clay),8.4,53.35,profile_311009,p5.h3.carbonate_class,
Wesermarsch (marsh clay),8.4,53.35,profile_311009,p5.h3.structure,
Wesermarsch (marsh clay),8.4,53.35,profile_311009,p5.h3.bulk_density_class,Ld3
Wesermarsch (marsh clay),8.4,53.35,profile_311009,p5.h3.peat_type,
Wesermarsch (marsh clay),8.4,53.35,profile_311009,p5.h3.peat_decomposition,
Wesermarsch (marsh clay),8.4,53.35,profile_311009,p5.h3.peat_substance_volume,
Wesermarsch (marsh clay),8.4,53.35,profile_311009,p5.h3.acidity_class,
Wesermarsch (marsh clay),8.4,53.35,profile_311009,p5.h4.horizon_symbol,Go
Wesermarsch (marsh clay),8.4,53.35,profile_311009,p5.h4.top_dm,7.9
Wesermarsch (marsh clay),8.4,53.35,profile_311009,p5.h4.bottom_dm,13.1
Wesermarsch (marsh clay),8.4,53.35,profile_311009,p5.h4.stratigraphy,qh
Wesermarsch (marsh clay),8.4,53.35,profile_311009,p5.h4.origin,Sf
Wesermarsch (marsh clay),8.4,53.35,profile_311009,p5.h4.geogenesis,f
Wesermarsch (marsh clay),8.4,53.35,profile_311009,p5.h4.coarse_fraction,
Wesermarsch (marsh clay),8.4,53.35,profile_311009,p5.h4.coarse_content_class,0
Wesermarsch (marsh clay),8.4,53.35,profile_311009,p5.h4.texture_ka5,fSms
Wesermarsch (marsh clay),8.4,53.35,profile_311009,p5.h4.humus_class,h0
Wesermarsch (marsh clay),8.4,53.35,profile_311009,p5.h4.carbonate_class,
Wesermarsch (marsh clay),8.4,53.35,profile_311009,p5.h4.structure,
Wesermarsch (marsh clay),8.4,53.35,profile_311009,p5.h4.bulk_density_class,Ld3
Wesermarsch (marsh clay),8.4,53.35,profile_311009,p5.h4.peat_type,
Wesermarsch (marsh clay),8.4,53.35,profile_311009,p5.h4.peat_decomposition,
Wesermarsch (marsh clay),8.4,53.35,profile_311009,p5.h4.peat_substance_volume,
Wesermarsch (marsh clay),8.4,53.35,profile_311009,p5.h4.acidity_class,
Wesermarsch (marsh clay),8.4,53.35,profile_311009,p5.h5.horizon_symbol,Gor
Wesermarsch (marsh clay),8.4,53.35,profile_311009,p5.h5.top_dm,13.1
Wesermarsch (marsh clay),8.4,53.35,profile_311009,p5.h5.bottom_dm,18
Wesermarsch (marsh clay),8.4,53.35,profile_311009,p5.h5.stratigraphy,qh
Wesermarsch (marsh clay),8.4,53.35,profile_311009,p5.h5.origin,Sf
Wesermarsch (marsh clay),8.4,53.35,profile_311009,p5.h5.geogenesis,f
Wesermarsch (marsh clay),8.4,53.35,profile_311009,p5.h5.coarse_fraction,
Wesermarsch (marsh clay),8.4,53.35,profile_311009,p5.h5.coarse_content_class,0
Wesermarsch (marsh clay),8.4,53.35,profile_311009,p5.h5.texture_ka5,fSms
Wesermarsch (marsh clay),8.4,53.35,profile_311009,p5.h5.humus_class,h0
Wesermarsch (marsh clay),8.4,53.35,profile_311009,p5.h5.carbonate_class,
Wesermarsch (marsh clay),8.4,53.35,profile_311009,p5.h5.structure,
Wesermarsch (marsh clay),8.4,53.35,profile_311009,p5.h5.bulk_density_class,Ld3
Wesermarsch (marsh clay),8.4,53.35,profile_311009,p5.h5.peat_type,
Wesermarsch (marsh clay),8.4,53.35,profile_311009,p5.h5.peat_decomposition,
Wesermarsch (marsh clay),8.4,53.35,profile_311009,p5.h5.peat_substance_volume,
Wesermarsch (marsh clay),8.4,53.35,profile_311009,p5.h5.acidity_class,
Wesermarsch (marsh clay),8.4,53.35,profile_311009,p5.h6.horizon_symbol,Gr
Wesermarsch (marsh clay),8.4,53.35,profile_311009,p5.h6.top_dm,18
Wesermarsch (marsh clay),8.4,53.35,profile_311009,p5.h6.bottom_dm,20
Wesermarsch (marsh clay),8.4,53.35,profile_311009,p5.h6.stratigraphy,qh
Wesermarsch (marsh clay),8.4,53.35,profile_311009,p5.h6.origin,Sf
Wesermarsch (marsh clay),8.4,53.35,profile_311009,p5.h6.geogenesis,f
Wesermarsch (marsh clay),8.4,53.35,profile_311009,p5.h6.coarse_fraction,
Wesermarsch (marsh clay),8.4,53.35,profile_311009,p5.h6.coarse_content_class,0
Wesermarsch (marsh clay),8.4,53.35,profile_311009,p5.h6.texture_ka5,fSms
Wesermarsch (marsh clay),8.4,53.35,profile_311009,p5.h6.humus_class,h0
Wesermarsch (marsh clay),8.4,53.35,profile_311009,p5.h6.carbonate_class,
Wesermarsch (marsh clay),8.4,53.35,profile_311009,p5.h6.structure,
Wesermarsch (marsh clay),8.4,53.35,profile_311009,p5.h6.bulk_density_class,Ld3
Wesermarsch (marsh clay),8.4,53.35,profile_311009,p5.h6.peat_type,
Wesermarsch (marsh clay),8.4,53.35,profile_311009,p5.h6.peat_decomposition,
Wesermarsch (marsh clay),8.4,53.35,profile_311009,p5.h6.peat_substance_volume,
Wesermarsch (marsh clay),8.4,53.35,profile_311009,p5.h6.acidity_class,
Teufelsmoor (bog),8.9,53.25,L0_sheetindex,OBJECTID,12
Teufelsmoor (bog),8.9,53.25,L0_sheetindex,BLATTNUM,CC 3118
Teufelsmoor (bog),8.9,53.25,L0_sheetindex,BLATTNAM,Hamburg-West
Teufelsmoor (bog),8.9,53.25,L0_sheetindex,JAHR,2009
Teufelsmoor (bog),8.9,53.25,L0_sheetindex,Shape_Area,22060318201.004272
Teufelsmoor (bog),8.9,53.25,L0_sheetindex,Shape_Length,594108.4724042545
Teufelsmoor (bog),8.9,53.25,L10_CC3118,OBJECTID,90
Teufelsmoor (bog),8.9,53.25,L10_CC3118,NRKART,68
Teufelsmoor (bog),8.9,53.25,L10_CC3118,TKLE_NR,311868
Teufelsmoor (bog),8.9,53.25,L10_CC3118,BGL,4.5
Teufelsmoor (bog),8.9,53.25,L10_CC3118,LEG_TEXT,"Vorherrschend *Hochmoore, verbreitet über Gley, Podsol-Gley oder Staupodsol aus *Schmelzwassersand und *Niederungssand, selten über Niedermoor, gering verbreitet Tiefumbruchböden (Sandmischkultur) aus Hochmoortorf und Niederungssand über Gley, Podsol-Gley oder Staupodsol über Schmelzwasser- und Niederungssand"
Teufelsmoor (bog),8.9,53.25,L10_CC3118,Legende,"68 HHn: og-Hh; HHn/GG,PP-GG,PS: og-Hh/fg-(k)s,f-s; HHn/HN: og-Hh/og-Hn; HH-YU: oj-Hh+oj-s(Sf)/fg-(k)s,f-s"
Teufelsmoor (bog),8.9,53.25,L10_CC3118,Shape_Area,1608135961.8063676
Teufelsmoor (bog),8.9,53.25,L10_CC3118,Shape_Length,2223096.0573171685
Teufelsmoor (bog),8.9,53.25,L10_CC3118,Hinweis,
Teufelsmoor (bog),8.9,53.25,L10_CC3118,Profile,https://fisbo.bgr.de/app/FISBoBGR_Profilanzeige/getProfile.php?KARTE=BUEK200&LEGNR=311868
Teufelsmoor (bog),8.9,53.25,identify_L10,OBJECTID,90
Teufelsmoor (bog),8.9,53.25,identify_L10,NRKART,68
Teufelsmoor (bog),8.9,53.25,identify_L10,TKLE_NR,311868
Teufelsmoor (bog),8.9,53.25,identify_L10,BGL,4.5
Teufelsmoor (bog),8.9,53.25,identify_L10,Legendentext,"Vorherrschend *Hochmoore, verbreitet über Gley, Podsol-Gley oder Staupodsol aus *Schmelzwassersand und *Niederungssand, selten über Niedermoor, gering verbreitet Tiefumbruchböden (Sandmischkultur) aus Hochmoortorf und Niederungssand über Gley, Podsol-Gley oder Staupodsol über Schmelzwasser- und Niederungssand"
Teufelsmoor (bog),8.9,53.25,identify_L10,Legende,"68 HHn: og-Hh; HHn/GG,PP-GG,PS: og-Hh/fg-(k)s,f-s; HHn/HN: og-Hh/og-Hn; HH-YU: oj-Hh+oj-s(Sf)/fg-(k)s,f-s"
Teufelsmoor (bog),8.9,53.25,identify_L10,Shape Area,"1608135961,806368"
Teufelsmoor (bog),8.9,53.25,identify_L10,Shape Length,"2223096,057317"
Teufelsmoor (bog),8.9,53.25,identify_L10,Hinweis,Null
Teufelsmoor (bog),8.9,53.25,identify_L10,Profile,https://fisbo.bgr.de/app/FISBoBGR_Profilanzeige/getProfile.php?KARTE=BUEK200&amp;LEGNR=311868
Teufelsmoor (bog),8.9,53.25,profile_311868,unit_header,"Bodenübersichtskarte 1:200.000 - Legendeneinheit Nr. 311868 Vorherrschend Hochmoore, verbreitet über Gley, Podsol-Gley oder Staupodsol aus Schmelzwassersand und Niederungssand, selten über Niedermoor, gering verbreitet Tiefumbruchböden (Sandmischkultur) aus Hochmoortorf und Niederungssand über Gley, Podsol-Gley oder Staupodsol über Schmelzwasser- und Niederungssand"
Teufelsmoor (bog),8.9,53.25,profile_311868,n_profiles,7
Teufelsmoor (bog),8.9,53.25,profile_311868,p1.Bodensystematische Einheit,HHn
Teufelsmoor (bog),8.9,53.25,profile_311868,p1.Flächenanteil,40 %
Teufelsmoor (bog),8.9,53.25,profile_311868,p1.Landnutzung,Grünland (CORINE Land Cover Code: 23)
Teufelsmoor (bog),8.9,53.25,profile_311868,p1.h1.horizon_symbol,hHv
Teufelsmoor (bog),8.9,53.25,profile_311868,p1.h1.top_dm,0
Teufelsmoor (bog),8.9,53.25,profile_311868,p1.h1.bottom_dm,1.5
Teufelsmoor (bog),8.9,53.25,profile_311868,p1.h1.stratigraphy,qh
Teufelsmoor (bog),8.9,53.25,profile_311868,p1.h1.origin,Hh
Teufelsmoor (bog),8.9,53.25,profile_311868,p1.h1.geogenesis,og
Teufelsmoor (bog),8.9,53.25,profile_311868,p1.h1.coarse_fraction,
Teufelsmoor (bog),8.9,53.25,profile_311868,p1.h1.coarse_content_class,0
Teufelsmoor (bog),8.9,53.25,profile_311868,p1.h1.texture_ka5,
Teufelsmoor (bog),8.9,53.25,profile_311868,p1.h1.humus_class,h7
Teufelsmoor (bog),8.9,53.25,profile_311868,p1.h1.carbonate_class,
Teufelsmoor (bog),8.9,53.25,profile_311868,p1.h1.structure,
Teufelsmoor (bog),8.9,53.25,profile_311868,p1.h1.bulk_density_class,
Teufelsmoor (bog),8.9,53.25,profile_311868,p1.h1.peat_type,Hh
Teufelsmoor (bog),8.9,53.25,profile_311868,p1.h1.peat_decomposition,k.A.
Teufelsmoor (bog),8.9,53.25,profile_311868,p1.h1.peat_substance_volume,SV3
Teufelsmoor (bog),8.9,53.25,profile_311868,p1.h1.acidity_class,
Teufelsmoor (bog),8.9,53.25,profile_311868,p1.h2.horizon_symbol,hHr
Teufelsmoor (bog),8.9,53.25,profile_311868,p1.h2.top_dm,1.5
Teufelsmoor (bog),8.9,53.25,profile_311868,p1.h2.bottom_dm,3.9
Teufelsmoor (bog),8.9,53.25,profile_311868,p1.h2.stratigraphy,qh
Teufelsmoor (bog),8.9,53.25,profile_311868,p1.h2.origin,Hh
Teufelsmoor (bog),8.9,53.25,profile_311868,p1.h2.geogenesis,og
Teufelsmoor (bog),8.9,53.25,profile_311868,p1.h2.coarse_fraction,
Teufelsmoor (bog),8.9,53.25,profile_311868,p1.h2.coarse_content_class,0
Teufelsmoor (bog),8.9,53.25,profile_311868,p1.h2.texture_ka5,
Teufelsmoor (bog),8.9,53.25,profile_311868,p1.h2.humus_class,h7
Teufelsmoor (bog),8.9,53.25,profile_311868,p1.h2.carbonate_class,
Teufelsmoor (bog),8.9,53.25,profile_311868,p1.h2.structure,
Teufelsmoor (bog),8.9,53.25,profile_311868,p1.h2.bulk_density_class,
Teufelsmoor (bog),8.9,53.25,profile_311868,p1.h2.peat_type,Hh
Teufelsmoor (bog),8.9,53.25,profile_311868,p1.h2.peat_decomposition,k.A.
Teufelsmoor (bog),8.9,53.25,profile_311868,p1.h2.peat_substance_volume,SV3
Teufelsmoor (bog),8.9,53.25,profile_311868,p1.h2.acidity_class,
Teufelsmoor (bog),8.9,53.25,profile_311868,p1.h3.horizon_symbol,hHw
Teufelsmoor (bog),8.9,53.25,profile_311868,p1.h3.top_dm,3.9
Teufelsmoor (bog),8.9,53.25,profile_311868,p1.h3.bottom_dm,10
Teufelsmoor (bog),8.9,53.25,profile_311868,p1.h3.stratigraphy,qh
Teufelsmoor (bog),8.9,53.25,profile_311868,p1.h3.origin,Hh
Teufelsmoor (bog),8.9,53.25,profile_311868,p1.h3.geogenesis,og
Teufelsmoor (bog),8.9,53.25,profile_311868,p1.h3.coarse_fraction,
Teufelsmoor (bog),8.9,53.25,profile_311868,p1.h3.coarse_content_class,0
Teufelsmoor (bog),8.9,53.25,profile_311868,p1.h3.texture_ka5,
Teufelsmoor (bog),8.9,53.25,profile_311868,p1.h3.humus_class,h7
Teufelsmoor (bog),8.9,53.25,profile_311868,p1.h3.carbonate_class,
Teufelsmoor (bog),8.9,53.25,profile_311868,p1.h3.structure,
Teufelsmoor (bog),8.9,53.25,profile_311868,p1.h3.bulk_density_class,
Teufelsmoor (bog),8.9,53.25,profile_311868,p1.h3.peat_type,Hh
Teufelsmoor (bog),8.9,53.25,profile_311868,p1.h3.peat_decomposition,k.A.
Teufelsmoor (bog),8.9,53.25,profile_311868,p1.h3.peat_substance_volume,SV3
Teufelsmoor (bog),8.9,53.25,profile_311868,p1.h3.acidity_class,
Teufelsmoor (bog),8.9,53.25,profile_311868,p1.h4.horizon_symbol,hHr
Teufelsmoor (bog),8.9,53.25,profile_311868,p1.h4.top_dm,10
Teufelsmoor (bog),8.9,53.25,profile_311868,p1.h4.bottom_dm,18
Teufelsmoor (bog),8.9,53.25,profile_311868,p1.h4.stratigraphy,qh
Teufelsmoor (bog),8.9,53.25,profile_311868,p1.h4.origin,Hh
Teufelsmoor (bog),8.9,53.25,profile_311868,p1.h4.geogenesis,og
Teufelsmoor (bog),8.9,53.25,profile_311868,p1.h4.coarse_fraction,
Teufelsmoor (bog),8.9,53.25,profile_311868,p1.h4.coarse_content_class,0
Teufelsmoor (bog),8.9,53.25,profile_311868,p1.h4.texture_ka5,
Teufelsmoor (bog),8.9,53.25,profile_311868,p1.h4.humus_class,h7
Teufelsmoor (bog),8.9,53.25,profile_311868,p1.h4.carbonate_class,
Teufelsmoor (bog),8.9,53.25,profile_311868,p1.h4.structure,
Teufelsmoor (bog),8.9,53.25,profile_311868,p1.h4.bulk_density_class,
Teufelsmoor (bog),8.9,53.25,profile_311868,p1.h4.peat_type,Hh
Teufelsmoor (bog),8.9,53.25,profile_311868,p1.h4.peat_decomposition,k.A.
Teufelsmoor (bog),8.9,53.25,profile_311868,p1.h4.peat_substance_volume,SV3
Teufelsmoor (bog),8.9,53.25,profile_311868,p1.h4.acidity_class,
Teufelsmoor (bog),8.9,53.25,profile_311868,p1.h5.horizon_symbol,hHr
Teufelsmoor (bog),8.9,53.25,profile_311868,p1.h5.top_dm,18
Teufelsmoor (bog),8.9,53.25,profile_311868,p1.h5.bottom_dm,20
Teufelsmoor (bog),8.9,53.25,profile_311868,p1.h5.stratigraphy,qh
Teufelsmoor (bog),8.9,53.25,profile_311868,p1.h5.origin,Hh
Teufelsmoor (bog),8.9,53.25,profile_311868,p1.h5.geogenesis,og
Teufelsmoor (bog),8.9,53.25,profile_311868,p1.h5.coarse_fraction,
Teufelsmoor (bog),8.9,53.25,profile_311868,p1.h5.coarse_content_class,0
Teufelsmoor (bog),8.9,53.25,profile_311868,p1.h5.texture_ka5,
Teufelsmoor (bog),8.9,53.25,profile_311868,p1.h5.humus_class,h7
Teufelsmoor (bog),8.9,53.25,profile_311868,p1.h5.carbonate_class,
Teufelsmoor (bog),8.9,53.25,profile_311868,p1.h5.structure,
Teufelsmoor (bog),8.9,53.25,profile_311868,p1.h5.bulk_density_class,
Teufelsmoor (bog),8.9,53.25,profile_311868,p1.h5.peat_type,Hh
Teufelsmoor (bog),8.9,53.25,profile_311868,p1.h5.peat_decomposition,k.A.
Teufelsmoor (bog),8.9,53.25,profile_311868,p1.h5.peat_substance_volume,SV3
Teufelsmoor (bog),8.9,53.25,profile_311868,p1.h5.acidity_class,
Teufelsmoor (bog),8.9,53.25,profile_311868,p2.Bodensystematische Einheit,HH-YU
Teufelsmoor (bog),8.9,53.25,profile_311868,p2.Flächenanteil,20 %
Teufelsmoor (bog),8.9,53.25,profile_311868,p2.Landnutzung,Ackerflächen (CORINE Land Cover Code: 21)
Teufelsmoor (bog),8.9,53.25,profile_311868,p2.h1.horizon_symbol,Ap
Teufelsmoor (bog),8.9,53.25,profile_311868,p2.h1.top_dm,0
Teufelsmoor (bog),8.9,53.25,profile_311868,p2.h1.bottom_dm,2.5
Teufelsmoor (bog),8.9,53.25,profile_311868,p2.h1.stratigraphy,qh
Teufelsmoor (bog),8.9,53.25,profile_311868,p2.h1.origin,Hh
Teufelsmoor (bog),8.9,53.25,profile_311868,p2.h1.geogenesis,oj
Teufelsmoor (bog),8.9,53.25,profile_311868,p2.h1.coarse_fraction,
Teufelsmoor (bog),8.9,53.25,profile_311868,p2.h1.coarse_content_class,0
Teufelsmoor (bog),8.9,53.25,profile_311868,p2.h1.texture_ka5,mSfs
Teufelsmoor (bog),8.9,53.25,profile_311868,p2.h1.humus_class,h6
Teufelsmoor (bog),8.9,53.25,profile_311868,p2.h1.carbonate_class,
Teufelsmoor (bog),8.9,53.25,profile_311868,p2.h1.structure,
Teufelsmoor (bog),8.9,53.25,profile_311868,p2.h1.bulk_density_class,Ld2
Teufelsmoor (bog),8.9,53.25,profile_311868,p2.h1.peat_type,
Teufelsmoor (bog),8.9,53.25,profile_311868,p2.h1.peat_decomposition,
Teufelsmoor (bog),8.9,53.25,profile_311868,p2.h1.peat_substance_volume,
Teufelsmoor (bog),8.9,53.25,profile_311868,p2.h1.acidity_class,
Teufelsmoor (bog),8.9,53.25,profile_311868,p2.h2.horizon_symbol,R-hH
Teufelsmoor (bog),8.9,53.25,profile_311868,p2.h2.top_dm,2.5
Teufelsmoor (bog),8.9,53.25,profile_311868,p2.h2.bottom_dm,10
Teufelsmoor (bog),8.9,53.25,profile_311868,p2.h2.stratigraphy,qh
Teufelsmoor (bog),8.9,53.25,profile_311868,p2.h2.origin,Hh
Teufelsmoor (bog),8.9,53.25,profile_311868,p2.h2.geogenesis,oj
Teufelsmoor (bog),8.9,53.25,profile_311868,p2.h2.coarse_fraction,
Teufelsmoor (bog),8.9,53.25,profile_311868,p2.h2.coarse_content_class,0
Teufelsmoor (bog),8.9,53.25,profile_311868,p2.h2.texture_ka5,
Teufelsmoor (bog),8.9,53.25,profile_311868,p2.h2.humus_class,h7
Teufelsmoor (bog),8.9,53.25,profile_311868,p2.h2.carbonate_class,
Teufelsmoor (bog),8.9,53.25,profile_311868,p2.h2.structure,
Teufelsmoor (bog),8.9,53.25,profile_311868,p2.h2.bulk_density_class,
Teufelsmoor (bog),8.9,53.25,profile_311868,p2.h2.peat_type,Hh
Teufelsmoor (bog),8.9,53.25,profile_311868,p2.h2.peat_decomposition,k.A.
Teufelsmoor (bog),8.9,53.25,profile_311868,p2.h2.peat_substance_volume,SV3
Teufelsmoor (bog),8.9,53.25,profile_311868,p2.h2.acidity_class,
Teufelsmoor (bog),8.9,53.25,profile_311868,p2.h3.horizon_symbol,Go
Teufelsmoor (bog),8.9,53.25,profile_311868,p2.h3.top_dm,10
Teufelsmoor (bog),8.9,53.25,profile_311868,p2.h3.bottom_dm,16
Teufelsmoor (bog),8.9,53.25,profile_311868,p2.h3.stratigraphy,qD
Teufelsmoor (bog),8.9,53.25,profile_311868,p2.h3.origin,Sgf
Teufelsmoor (bog),8.9,53.25,profile_311868,p2.h3.geogenesis,fg
Teufelsmoor (bog),8.9,53.25,profile_311868,p2.h3.coarse_fraction,G
Teufelsmoor (bog),8.9,53.25,profile_311868,p2.h3.coarse_content_class,2
Teufelsmoor (bog),8.9,53.25,profile_311868,p2.h3.texture_ka5,mSfs
Teufelsmoor (bog),8.9,53.25,profile_311868,p2.h3.humus_class,h0
Teufelsmoor (bog),8.9,53.25,profile_311868,p2.h3.carbonate_class,
Teufelsmoor (bog),8.9,53.25,profile_311868,p2.h3.structure,
Teufelsmoor (bog),8.9,53.25,profile_311868,p2.h3.bulk_density_class,Ld3
Teufelsmoor (bog),8.9,53.25,profile_311868,p2.h3.peat_type,
Teufelsmoor (bog),8.9,53.25,profile_311868,p2.h3.peat_decomposition,
Teufelsmoor (bog),8.9,53.25,profile_311868,p2.h3.peat_substance_volume,
Teufelsmoor (bog),8.9,53.25,profile_311868,p2.h3.acidity_class,
Teufelsmoor (bog),8.9,53.25,profile_311868,p2.h4.horizon_symbol,Gr
Teufelsmoor (bog),8.9,53.25,profile_311868,p2.h4.top_dm,16
Teufelsmoor (bog),8.9,53.25,profile_311868,p2.h4.bottom_dm,20
Teufelsmoor (bog),8.9,53.25,profile_311868,p2.h4.stratigraphy,qD
Teufelsmoor (bog),8.9,53.25,profile_311868,p2.h4.origin,Sgf
Teufelsmoor (bog),8.9,53.25,profile_311868,p2.h4.geogenesis,fg
Teufelsmoor (bog),8.9,53.25,profile_311868,p2.h4.coarse_fraction,G
Teufelsmoor (bog),8.9,53.25,profile_311868,p2.h4.coarse_content_class,2
Teufelsmoor (bog),8.9,53.25,profile_311868,p2.h4.texture_ka5,mSfs
Teufelsmoor (bog),8.9,53.25,profile_311868,p2.h4.humus_class,h0
Teufelsmoor (bog),8.9,53.25,profile_311868,p2.h4.carbonate_class,
Teufelsmoor (bog),8.9,53.25,profile_311868,p2.h4.structure,
Teufelsmoor (bog),8.9,53.25,profile_311868,p2.h4.bulk_density_class,Ld3
Teufelsmoor (bog),8.9,53.25,profile_311868,p2.h4.peat_type,
Teufelsmoor (bog),8.9,53.25,profile_311868,p2.h4.peat_decomposition,
Teufelsmoor (bog),8.9,53.25,profile_311868,p2.h4.peat_substance_volume,
Teufelsmoor (bog),8.9,53.25,profile_311868,p2.h4.acidity_class,
Teufelsmoor (bog),8.9,53.25,profile_311868,p3.Bodensystematische Einheit,HHn
Teufelsmoor (bog),8.9,53.25,profile_311868,p3.Flächenanteil,20 %
Teufelsmoor (bog),8.9,53.25,profile_311868,p3.Landnutzung,Grünland (CORINE Land Cover Code: 23)
Teufelsmoor (bog),8.9,53.25,profile_311868,p3.h1.horizon_symbol,hHv
Teufelsmoor (bog),8.9,53.25,profile_311868,p3.h1.top_dm,0
Teufelsmoor (bog),8.9,53.25,profile_311868,p3.h1.bottom_dm,1.5
Teufelsmoor (bog),8.9,53.25,profile_311868,p3.h1.stratigraphy,qh
Teufelsmoor (bog),8.9,53.25,profile_311868,p3.h1.origin,Hh
Teufelsmoor (bog),8.9,53.25,profile_311868,p3.h1.geogenesis,og
Teufelsmoor (bog),8.9,53.25,profile_311868,p3.h1.coarse_fraction,
Teufelsmoor (bog),8.9,53.25,profile_311868,p3.h1.coarse_content_class,0
Teufelsmoor (bog),8.9,53.25,profile_311868,p3.h1.texture_ka5,
Teufelsmoor (bog),8.9,53.25,profile_311868,p3.h1.humus_class,h7
Teufelsmoor (bog),8.9,53.25,profile_311868,p3.h1.carbonate_class,
Teufelsmoor (bog),8.9,53.25,profile_311868,p3.h1.structure,
Teufelsmoor (bog),8.9,53.25,profile_311868,p3.h1.bulk_density_class,
Teufelsmoor (bog),8.9,53.25,profile_311868,p3.h1.peat_type,Hh
Teufelsmoor (bog),8.9,53.25,profile_311868,p3.h1.peat_decomposition,k.A.
Teufelsmoor (bog),8.9,53.25,profile_311868,p3.h1.peat_substance_volume,SV4
Teufelsmoor (bog),8.9,53.25,profile_311868,p3.h1.acidity_class,
Teufelsmoor (bog),8.9,53.25,profile_311868,p3.h2.horizon_symbol,hHw
Teufelsmoor (bog),8.9,53.25,profile_311868,p3.h2.top_dm,1.5
Teufelsmoor (bog),8.9,53.25,profile_311868,p3.h2.bottom_dm,3.9
Teufelsmoor (bog),8.9,53.25,profile_311868,p3.h2.stratigraphy,qh
Teufelsmoor (bog),8.9,53.25,profile_311868,p3.h2.origin,Hh
Teufelsmoor (bog),8.9,53.25,profile_311868,p3.h2.geogenesis,og
Teufelsmoor (bog),8.9,53.25,profile_311868,p3.h2.coarse_fraction,
Teufelsmoor (bog),8.9,53.25,profile_311868,p3.h2.coarse_content_class,0
Teufelsmoor (bog),8.9,53.25,profile_311868,p3.h2.texture_ka5,
Teufelsmoor (bog),8.9,53.25,profile_311868,p3.h2.humus_class,h7
Teufelsmoor (bog),8.9,53.25,profile_311868,p3.h2.carbonate_class,
Teufelsmoor (bog),8.9,53.25,profile_311868,p3.h2.structure,
Teufelsmoor (bog),8.9,53.25,profile_311868,p3.h2.bulk_density_class,
Teufelsmoor (bog),8.9,53.25,profile_311868,p3.h2.peat_type,Hh
Teufelsmoor (bog),8.9,53.25,profile_311868,p3.h2.peat_decomposition,k.A.
Teufelsmoor (bog),8.9,53.25,profile_311868,p3.h2.peat_substance_volume,SV3
Teufelsmoor (bog),8.9,53.25,profile_311868,p3.h2.acidity_class,
Teufelsmoor (bog),8.9,53.25,profile_311868,p3.h3.horizon_symbol,hHr
Teufelsmoor (bog),8.9,53.25,profile_311868,p3.h3.top_dm,3.9
Teufelsmoor (bog),8.9,53.25,profile_311868,p3.h3.bottom_dm,10
Teufelsmoor (bog),8.9,53.25,profile_311868,p3.h3.stratigraphy,qh
Teufelsmoor (bog),8.9,53.25,profile_311868,p3.h3.origin,Hh
Teufelsmoor (bog),8.9,53.25,profile_311868,p3.h3.geogenesis,og
Teufelsmoor (bog),8.9,53.25,profile_311868,p3.h3.coarse_fraction,
Teufelsmoor (bog),8.9,53.25,profile_311868,p3.h3.coarse_content_class,0
Teufelsmoor (bog),8.9,53.25,profile_311868,p3.h3.texture_ka5,
Teufelsmoor (bog),8.9,53.25,profile_311868,p3.h3.humus_class,h7
Teufelsmoor (bog),8.9,53.25,profile_311868,p3.h3.carbonate_class,
Teufelsmoor (bog),8.9,53.25,profile_311868,p3.h3.structure,
Teufelsmoor (bog),8.9,53.25,profile_311868,p3.h3.bulk_density_class,
Teufelsmoor (bog),8.9,53.25,profile_311868,p3.h3.peat_type,Hh
Teufelsmoor (bog),8.9,53.25,profile_311868,p3.h3.peat_decomposition,k.A.
Teufelsmoor (bog),8.9,53.25,profile_311868,p3.h3.peat_substance_volume,SV3
Teufelsmoor (bog),8.9,53.25,profile_311868,p3.h3.acidity_class,
Teufelsmoor (bog),8.9,53.25,profile_311868,p3.h4.horizon_symbol,Go
Teufelsmoor (bog),8.9,53.25,profile_311868,p3.h4.top_dm,10
Teufelsmoor (bog),8.9,53.25,profile_311868,p3.h4.bottom_dm,12.9
Teufelsmoor (bog),8.9,53.25,profile_311868,p3.h4.stratigraphy,qD
Teufelsmoor (bog),8.9,53.25,profile_311868,p3.h4.origin,Sgf
Teufelsmoor (bog),8.9,53.25,profile_311868,p3.h4.geogenesis,fg
Teufelsmoor (bog),8.9,53.25,profile_311868,p3.h4.coarse_fraction,G
Teufelsmoor (bog),8.9,53.25,profile_311868,p3.h4.coarse_content_class,2
Teufelsmoor (bog),8.9,53.25,profile_311868,p3.h4.texture_ka5,mSfs
Teufelsmoor (bog),8.9,53.25,profile_311868,p3.h4.humus_class,h0
Teufelsmoor (bog),8.9,53.25,profile_311868,p3.h4.carbonate_class,
Teufelsmoor (bog),8.9,53.25,profile_311868,p3.h4.structure,
Teufelsmoor (bog),8.9,53.25,profile_311868,p3.h4.bulk_density_class,Ld3
Teufelsmoor (bog),8.9,53.25,profile_311868,p3.h4.peat_type,
Teufelsmoor (bog),8.9,53.25,profile_311868,p3.h4.peat_decomposition,
Teufelsmoor (bog),8.9,53.25,profile_311868,p3.h4.peat_substance_volume,
Teufelsmoor (bog),8.9,53.25,profile_311868,p3.h4.acidity_class,
Teufelsmoor (bog),8.9,53.25,profile_311868,p3.h5.horizon_symbol,Gr
Teufelsmoor (bog),8.9,53.25,profile_311868,p3.h5.top_dm,12.9
Teufelsmoor (bog),8.9,53.25,profile_311868,p3.h5.bottom_dm,20
Teufelsmoor (bog),8.9,53.25,profile_311868,p3.h5.stratigraphy,qD
Teufelsmoor (bog),8.9,53.25,profile_311868,p3.h5.origin,Sgf
Teufelsmoor (bog),8.9,53.25,profile_311868,p3.h5.geogenesis,fg
Teufelsmoor (bog),8.9,53.25,profile_311868,p3.h5.coarse_fraction,G
Teufelsmoor (bog),8.9,53.25,profile_311868,p3.h5.coarse_content_class,2
Teufelsmoor (bog),8.9,53.25,profile_311868,p3.h5.texture_ka5,mSfs
Teufelsmoor (bog),8.9,53.25,profile_311868,p3.h5.humus_class,h0
Teufelsmoor (bog),8.9,53.25,profile_311868,p3.h5.carbonate_class,
Teufelsmoor (bog),8.9,53.25,profile_311868,p3.h5.structure,
Teufelsmoor (bog),8.9,53.25,profile_311868,p3.h5.bulk_density_class,Ld3
Teufelsmoor (bog),8.9,53.25,profile_311868,p3.h5.peat_type,
Teufelsmoor (bog),8.9,53.25,profile_311868,p3.h5.peat_decomposition,
Teufelsmoor (bog),8.9,53.25,profile_311868,p3.h5.peat_substance_volume,
Teufelsmoor (bog),8.9,53.25,profile_311868,p3.h5.acidity_class,
Teufelsmoor (bog),8.9,53.25,profile_311868,p4.Bodensystematische Einheit,HHn
Teufelsmoor (bog),8.9,53.25,profile_311868,p4.Flächenanteil,5 %
Teufelsmoor (bog),8.9,53.25,profile_311868,p4.Landnutzung,Grünland (CORINE Land Cover Code: 23)
Teufelsmoor (bog),8.9,53.25,profile_311868,p4.h1.horizon_symbol,hHv
Teufelsmoor (bog),8.9,53.25,profile_311868,p4.h1.top_dm,0
Teufelsmoor (bog),8.9,53.25,profile_311868,p4.h1.bottom_dm,1.5
Teufelsmoor (bog),8.9,53.25,profile_311868,p4.h1.stratigraphy,qh
Teufelsmoor (bog),8.9,53.25,profile_311868,p4.h1.origin,Hh
Teufelsmoor (bog),8.9,53.25,profile_311868,p4.h1.geogenesis,og
Teufelsmoor (bog),8.9,53.25,profile_311868,p4.h1.coarse_fraction,
Teufelsmoor (bog),8.9,53.25,profile_311868,p4.h1.coarse_content_class,0
Teufelsmoor (bog),8.9,53.25,profile_311868,p4.h1.texture_ka5,
Teufelsmoor (bog),8.9,53.25,profile_311868,p4.h1.humus_class,h7
Teufelsmoor (bog),8.9,53.25,profile_311868,p4.h1.carbonate_class,
Teufelsmoor (bog),8.9,53.25,profile_311868,p4.h1.structure,
Teufelsmoor (bog),8.9,53.25,profile_311868,p4.h1.bulk_density_class,
Teufelsmoor (bog),8.9,53.25,profile_311868,p4.h1.peat_type,Hh
Teufelsmoor (bog),8.9,53.25,profile_311868,p4.h1.peat_decomposition,k.A.
Teufelsmoor (bog),8.9,53.25,profile_311868,p4.h1.peat_substance_volume,SV4
Teufelsmoor (bog),8.9,53.25,profile_311868,p4.h1.acidity_class,
Teufelsmoor (bog),8.9,53.25,profile_311868,p4.h2.horizon_symbol,hHw
Teufelsmoor (bog),8.9,53.25,profile_311868,p4.h2.top_dm,1.5
Teufelsmoor (bog),8.9,53.25,profile_311868,p4.h2.bottom_dm,4.1
Teufelsmoor (bog),8.9,53.25,profile_311868,p4.h2.stratigraphy,qh
Teufelsmoor (bog),8.9,53.25,profile_311868,p4.h2.origin,Hh
Teufelsmoor (bog),8.9,53.25,profile_311868,p4.h2.geogenesis,og
Teufelsmoor (bog),8.9,53.25,profile_311868,p4.h2.coarse_fraction,
Teufelsmoor (bog),8.9,53.25,profile_311868,p4.h2.coarse_content_class,0
Teufelsmoor (bog),8.9,53.25,profile_311868,p4.h2.texture_ka5,
Teufelsmoor (bog),8.9,53.25,profile_311868,p4.h2.humus_class,h7
Teufelsmoor (bog),8.9,53.25,profile_311868,p4.h2.carbonate_class,
Teufelsmoor (bog),8.9,53.25,profile_311868,p4.h2.structure,
Teufelsmoor (bog),8.9,53.25,profile_311868,p4.h2.bulk_density_class,
Teufelsmoor (bog),8.9,53.25,profile_311868,p4.h2.peat_type,Hh
Teufelsmoor (bog),8.9,53.25,profile_311868,p4.h2.peat_decomposition,k.A.
Teufelsmoor (bog),8.9,53.25,profile_311868,p4.h2.peat_substance_volume,SV3
Teufelsmoor (bog),8.9,53.25,profile_311868,p4.h2.acidity_class,
Teufelsmoor (bog),8.9,53.25,profile_311868,p4.h3.horizon_symbol,hHr
Teufelsmoor (bog),8.9,53.25,profile_311868,p4.h3.top_dm,4.1
Teufelsmoor (bog),8.9,53.25,profile_311868,p4.h3.bottom_dm,6
Teufelsmoor (bog),8.9,53.25,profile_311868,p4.h3.stratigraphy,qh
Teufelsmoor (bog),8.9,53.25,profile_311868,p4.h3.origin,Hh
Teufelsmoor (bog),8.9,53.25,profile_311868,p4.h3.geogenesis,og
Teufelsmoor (bog),8.9,53.25,profile_311868,p4.h3.coarse_fraction,
Teufelsmoor (bog),8.9,53.25,profile_311868,p4.h3.coarse_content_class,0
Teufelsmoor (bog),8.9,53.25,profile_311868,p4.h3.texture_ka5,
Teufelsmoor (bog),8.9,53.25,profile_311868,p4.h3.humus_class,h7
Teufelsmoor (bog),8.9,53.25,profile_311868,p4.h3.carbonate_class,
Teufelsmoor (bog),8.9,53.25,profile_311868,p4.h3.structure,
Teufelsmoor (bog),8.9,53.25,profile_311868,p4.h3.bulk_density_class,
Teufelsmoor (bog),8.9,53.25,profile_311868,p4.h3.peat_type,Hh
Teufelsmoor (bog),8.9,53.25,profile_311868,p4.h3.peat_decomposition,k.A.
Teufelsmoor (bog),8.9,53.25,profile_311868,p4.h3.peat_substance_volume,SV3
Teufelsmoor (bog),8.9,53.25,profile_311868,p4.h3.acidity_class,
Teufelsmoor (bog),8.9,53.25,profile_311868,p4.h4.horizon_symbol,Go
Teufelsmoor (bog),8.9,53.25,profile_311868,p4.h4.top_dm,6
Teufelsmoor (bog),8.9,53.25,profile_311868,p4.h4.bottom_dm,10
Teufelsmoor (bog),8.9,53.25,profile_311868,p4.h4.stratigraphy,qD
Teufelsmoor (bog),8.9,53.25,profile_311868,p4.h4.origin,Sgf
Teufelsmoor (bog),8.9,53.25,profile_311868,p4.h4.geogenesis,fg
Teufelsmoor (bog),8.9,53.25,profile_311868,p4.h4.coarse_fraction,G
Teufelsmoor (bog),8.9,53.25,profile_311868,p4.h4.coarse_content_class,2
Teufelsmoor (bog),8.9,53.25,profile_311868,p4.h4.texture_ka5,mSfs
Teufelsmoor (bog),8.9,53.25,profile_311868,p4.h4.humus_class,h0
Teufelsmoor (bog),8.9,53.25,profile_311868,p4.h4.carbonate_class,
Teufelsmoor (bog),8.9,53.25,profile_311868,p4.h4.structure,
Teufelsmoor (bog),8.9,53.25,profile_311868,p4.h4.bulk_density_class,Ld3
Teufelsmoor (bog),8.9,53.25,profile_311868,p4.h4.peat_type,
Teufelsmoor (bog),8.9,53.25,profile_311868,p4.h4.peat_decomposition,
Teufelsmoor (bog),8.9,53.25,profile_311868,p4.h4.peat_substance_volume,
Teufelsmoor (bog),8.9,53.25,profile_311868,p4.h4.acidity_class,
Teufelsmoor (bog),8.9,53.25,profile_311868,p4.h5.horizon_symbol,Gr
Teufelsmoor (bog),8.9,53.25,profile_311868,p4.h5.top_dm,10
Teufelsmoor (bog),8.9,53.25,profile_311868,p4.h5.bottom_dm,20
Teufelsmoor (bog),8.9,53.25,profile_311868,p4.h5.stratigraphy,qD
Teufelsmoor (bog),8.9,53.25,profile_311868,p4.h5.origin,Sgf
Teufelsmoor (bog),8.9,53.25,profile_311868,p4.h5.geogenesis,fg
Teufelsmoor (bog),8.9,53.25,profile_311868,p4.h5.coarse_fraction,G
Teufelsmoor (bog),8.9,53.25,profile_311868,p4.h5.coarse_content_class,2
Teufelsmoor (bog),8.9,53.25,profile_311868,p4.h5.texture_ka5,mSfs
Teufelsmoor (bog),8.9,53.25,profile_311868,p4.h5.humus_class,h0
Teufelsmoor (bog),8.9,53.25,profile_311868,p4.h5.carbonate_class,
Teufelsmoor (bog),8.9,53.25,profile_311868,p4.h5.structure,
Teufelsmoor (bog),8.9,53.25,profile_311868,p4.h5.bulk_density_class,Ld3
Teufelsmoor (bog),8.9,53.25,profile_311868,p4.h5.peat_type,
Teufelsmoor (bog),8.9,53.25,profile_311868,p4.h5.peat_decomposition,
Teufelsmoor (bog),8.9,53.25,profile_311868,p4.h5.peat_substance_volume,
Teufelsmoor (bog),8.9,53.25,profile_311868,p4.h5.acidity_class,
Teufelsmoor (bog),8.9,53.25,profile_311868,p5.Bodensystematische Einheit,HHn
Teufelsmoor (bog),8.9,53.25,profile_311868,p5.Flächenanteil,5 %
Teufelsmoor (bog),8.9,53.25,profile_311868,p5.Landnutzung,Komplexe Parzellenstrukturen (CORINE Land Cover Code: 242)
Teufelsmoor (bog),8.9,53.25,profile_311868,p5.h1.horizon_symbol,hHv
Teufelsmoor (bog),8.9,53.25,profile_311868,p5.h1.top_dm,0
Teufelsmoor (bog),8.9,53.25,profile_311868,p5.h1.bottom_dm,1.5
Teufelsmoor (bog),8.9,53.25,profile_311868,p5.h1.stratigraphy,qh
Teufelsmoor (bog),8.9,53.25,profile_311868,p5.h1.origin,Hh
Teufelsmoor (bog),8.9,53.25,profile_311868,p5.h1.geogenesis,og
Teufelsmoor (bog),8.9,53.25,profile_311868,p5.h1.coarse_fraction,
Teufelsmoor (bog),8.9,53.25,profile_311868,p5.h1.coarse_content_class,0
Teufelsmoor (bog),8.9,53.25,profile_311868,p5.h1.texture_ka5,
Teufelsmoor (bog),8.9,53.25,profile_311868,p5.h1.humus_class,h7
Teufelsmoor (bog),8.9,53.25,profile_311868,p5.h1.carbonate_class,
Teufelsmoor (bog),8.9,53.25,profile_311868,p5.h1.structure,
Teufelsmoor (bog),8.9,53.25,profile_311868,p5.h1.bulk_density_class,
Teufelsmoor (bog),8.9,53.25,profile_311868,p5.h1.peat_type,Hh
Teufelsmoor (bog),8.9,53.25,profile_311868,p5.h1.peat_decomposition,k.A.
Teufelsmoor (bog),8.9,53.25,profile_311868,p5.h1.peat_substance_volume,SV4
Teufelsmoor (bog),8.9,53.25,profile_311868,p5.h1.acidity_class,
Teufelsmoor (bog),8.9,53.25,profile_311868,p5.h2.horizon_symbol,hHr
Teufelsmoor (bog),8.9,53.25,profile_311868,p5.h2.top_dm,1.5
Teufelsmoor (bog),8.9,53.25,profile_311868,p5.h2.bottom_dm,3.9
Teufelsmoor (bog),8.9,53.25,profile_311868,p5.h2.stratigraphy,qh
Teufelsmoor (bog),8.9,53.25,profile_311868,p5.h2.origin,Hh
Teufelsmoor (bog),8.9,53.25,profile_311868,p5.h2.geogenesis,og
Teufelsmoor (bog),8.9,53.25,profile_311868,p5.h2.coarse_fraction,
Teufelsmoor (bog),8.9,53.25,profile_311868,p5.h2.coarse_content_class,0
Teufelsmoor (bog),8.9,53.25,profile_311868,p5.h2.texture_ka5,
Teufelsmoor (bog),8.9,53.25,profile_311868,p5.h2.humus_class,h7
Teufelsmoor (bog),8.9,53.25,profile_311868,p5.h2.carbonate_class,
Teufelsmoor (bog),8.9,53.25,profile_311868,p5.h2.structure,
Teufelsmoor (bog),8.9,53.25,profile_311868,p5.h2.bulk_density_class,
Teufelsmoor (bog),8.9,53.25,profile_311868,p5.h2.peat_type,Hh
Teufelsmoor (bog),8.9,53.25,profile_311868,p5.h2.peat_decomposition,k.A.
Teufelsmoor (bog),8.9,53.25,profile_311868,p5.h2.peat_substance_volume,SV3
Teufelsmoor (bog),8.9,53.25,profile_311868,p5.h2.acidity_class,
Teufelsmoor (bog),8.9,53.25,profile_311868,p5.h3.horizon_symbol,hHw
Teufelsmoor (bog),8.9,53.25,profile_311868,p5.h3.top_dm,3.9
Teufelsmoor (bog),8.9,53.25,profile_311868,p5.h3.bottom_dm,10
Teufelsmoor (bog),8.9,53.25,profile_311868,p5.h3.stratigraphy,qh
Teufelsmoor (bog),8.9,53.25,profile_311868,p5.h3.origin,Hh
Teufelsmoor (bog),8.9,53.25,profile_311868,p5.h3.geogenesis,og
Teufelsmoor (bog),8.9,53.25,profile_311868,p5.h3.coarse_fraction,
Teufelsmoor (bog),8.9,53.25,profile_311868,p5.h3.coarse_content_class,0
Teufelsmoor (bog),8.9,53.25,profile_311868,p5.h3.texture_ka5,
Teufelsmoor (bog),8.9,53.25,profile_311868,p5.h3.humus_class,h7
Teufelsmoor (bog),8.9,53.25,profile_311868,p5.h3.carbonate_class,
Teufelsmoor (bog),8.9,53.25,profile_311868,p5.h3.structure,
Teufelsmoor (bog),8.9,53.25,profile_311868,p5.h3.bulk_density_class,
Teufelsmoor (bog),8.9,53.25,profile_311868,p5.h3.peat_type,Hh
Teufelsmoor (bog),8.9,53.25,profile_311868,p5.h3.peat_decomposition,k.A.
Teufelsmoor (bog),8.9,53.25,profile_311868,p5.h3.peat_substance_volume,SV3
Teufelsmoor (bog),8.9,53.25,profile_311868,p5.h3.acidity_class,
Teufelsmoor (bog),8.9,53.25,profile_311868,p5.h4.horizon_symbol,hHr
Teufelsmoor (bog),8.9,53.25,profile_311868,p5.h4.top_dm,10
Teufelsmoor (bog),8.9,53.25,profile_311868,p5.h4.bottom_dm,15
Teufelsmoor (bog),8.9,53.25,profile_311868,p5.h4.stratigraphy,qh
Teufelsmoor (bog),8.9,53.25,profile_311868,p5.h4.origin,Hh
Teufelsmoor (bog),8.9,53.25,profile_311868,p5.h4.geogenesis,og
Teufelsmoor (bog),8.9,53.25,profile_311868,p5.h4.coarse_fraction,
Teufelsmoor (bog),8.9,53.25,profile_311868,p5.h4.coarse_content_class,0
Teufelsmoor (bog),8.9,53.25,profile_311868,p5.h4.texture_ka5,
Teufelsmoor (bog),8.9,53.25,profile_311868,p5.h4.humus_class,h7
Teufelsmoor (bog),8.9,53.25,profile_311868,p5.h4.carbonate_class,
Teufelsmoor (bog),8.9,53.25,profile_311868,p5.h4.structure,
Teufelsmoor (bog),8.9,53.25,profile_311868,p5.h4.bulk_density_class,
Teufelsmoor (bog),8.9,53.25,profile_311868,p5.h4.peat_type,Hh
Teufelsmoor (bog),8.9,53.25,profile_311868,p5.h4.peat_decomposition,k.A.
Teufelsmoor (bog),8.9,53.25,profile_311868,p5.h4.peat_substance_volume,SV3
Teufelsmoor (bog),8.9,53.25,profile_311868,p5.h4.acidity_class,
Teufelsmoor (bog),8.9,53.25,profile_311868,p5.h5.horizon_symbol,nHr
Teufelsmoor (bog),8.9,53.25,profile_311868,p5.h5.top_dm,15
Teufelsmoor (bog),8.9,53.25,profile_311868,p5.h5.bottom_dm,18
Teufelsmoor (bog),8.9,53.25,profile_311868,p5.h5.stratigraphy,qh
Teufelsmoor (bog),8.9,53.25,profile_311868,p5.h5.origin,Hn
Teufelsmoor (bog),8.9,53.25,profile_311868,p5.h5.geogenesis,og
Teufelsmoor (bog),8.9,53.25,profile_311868,p5.h5.coarse_fraction,
Teufelsmoor (bog),8.9,53.25,profile_311868,p5.h5.coarse_content_class,0
Teufelsmoor (bog),8.9,53.25,profile_311868,p5.h5.texture_ka5,
Teufelsmoor (bog),8.9,53.25,profile_311868,p5.h5.humus_class,h7
Teufelsmoor (bog),8.9,53.25,profile_311868,p5.h5.carbonate_class,
Teufelsmoor (bog),8.9,53.25,profile_311868,p5.h5.structure,
Teufelsmoor (bog),8.9,53.25,profile_311868,p5.h5.bulk_density_class,
Teufelsmoor (bog),8.9,53.25,profile_311868,p5.h5.peat_type,Hn
Teufelsmoor (bog),8.9,53.25,profile_311868,p5.h5.peat_decomposition,k.A.
Teufelsmoor (bog),8.9,53.25,profile_311868,p5.h5.peat_substance_volume,SV3
Teufelsmoor (bog),8.9,53.25,profile_311868,p5.h5.acidity_class,
Teufelsmoor (bog),8.9,53.25,profile_311868,p5.h6.horizon_symbol,Gr
Teufelsmoor (bog),8.9,53.25,profile_311868,p5.h6.top_dm,18
Teufelsmoor (bog),8.9,53.25,profile_311868,p5.h6.bottom_dm,20
Teufelsmoor (bog),8.9,53.25,profile_311868,p5.h6.stratigraphy,qD
Teufelsmoor (bog),8.9,53.25,profile_311868,p5.h6.origin,Sgf
Teufelsmoor (bog),8.9,53.25,profile_311868,p5.h6.geogenesis,fg
Teufelsmoor (bog),8.9,53.25,profile_311868,p5.h6.coarse_fraction,G
Teufelsmoor (bog),8.9,53.25,profile_311868,p5.h6.coarse_content_class,2
Teufelsmoor (bog),8.9,53.25,profile_311868,p5.h6.texture_ka5,mSfs
Teufelsmoor (bog),8.9,53.25,profile_311868,p5.h6.humus_class,h0
Teufelsmoor (bog),8.9,53.25,profile_311868,p5.h6.carbonate_class,
Teufelsmoor (bog),8.9,53.25,profile_311868,p5.h6.structure,
Teufelsmoor (bog),8.9,53.25,profile_311868,p5.h6.bulk_density_class,Ld3
Teufelsmoor (bog),8.9,53.25,profile_311868,p5.h6.peat_type,
Teufelsmoor (bog),8.9,53.25,profile_311868,p5.h6.peat_decomposition,
Teufelsmoor (bog),8.9,53.25,profile_311868,p5.h6.peat_substance_volume,
Teufelsmoor (bog),8.9,53.25,profile_311868,p5.h6.acidity_class,
Teufelsmoor (bog),8.9,53.25,profile_311868,p6.Bodensystematische Einheit,HHn
Teufelsmoor (bog),8.9,53.25,profile_311868,p6.Flächenanteil,5 %
Teufelsmoor (bog),8.9,53.25,profile_311868,p6.Landnutzung,Torfmoore (CORINE Land Cover Code: 412)
Teufelsmoor (bog),8.9,53.25,profile_311868,p6.h1.horizon_symbol,hHv
Teufelsmoor (bog),8.9,53.25,profile_311868,p6.h1.top_dm,0
Teufelsmoor (bog),8.9,53.25,profile_311868,p6.h1.bottom_dm,1.5
Teufelsmoor (bog),8.9,53.25,profile_311868,p6.h1.stratigraphy,qh
Teufelsmoor (bog),8.9,53.25,profile_311868,p6.h1.origin,Hh
Teufelsmoor (bog),8.9,53.25,profile_311868,p6.h1.geogenesis,og
Teufelsmoor (bog),8.9,53.25,profile_311868,p6.h1.coarse_fraction,
Teufelsmoor (bog),8.9,53.25,profile_311868,p6.h1.coarse_content_class,0
Teufelsmoor (bog),8.9,53.25,profile_311868,p6.h1.texture_ka5,
Teufelsmoor (bog),8.9,53.25,profile_311868,p6.h1.humus_class,h7
Teufelsmoor (bog),8.9,53.25,profile_311868,p6.h1.carbonate_class,
Teufelsmoor (bog),8.9,53.25,profile_311868,p6.h1.structure,
Teufelsmoor (bog),8.9,53.25,profile_311868,p6.h1.bulk_density_class,
Teufelsmoor (bog),8.9,53.25,profile_311868,p6.h1.peat_type,Hh
Teufelsmoor (bog),8.9,53.25,profile_311868,p6.h1.peat_decomposition,k.A.
Teufelsmoor (bog),8.9,53.25,profile_311868,p6.h1.peat_substance_volume,SV3
Teufelsmoor (bog),8.9,53.25,profile_311868,p6.h1.acidity_class,
Teufelsmoor (bog),8.9,53.25,profile_311868,p6.h2.horizon_symbol,hHw
Teufelsmoor (bog),8.9,53.25,profile_311868,p6.h2.top_dm,1.5
Teufelsmoor (bog),8.9,53.25,profile_311868,p6.h2.bottom_dm,3.9
Teufelsmoor (bog),8.9,53.25,profile_311868,p6.h2.stratigraphy,qh
Teufelsmoor (bog),8.9,53.25,profile_311868,p6.h2.origin,Hh
Teufelsmoor (bog),8.9,53.25,profile_311868,p6.h2.geogenesis,og
Teufelsmoor (bog),8.9,53.25,profile_311868,p6.h2.coarse_fraction,
Teufelsmoor (bog),8.9,53.25,profile_311868,p6.h2.coarse_content_class,0
Teufelsmoor (bog),8.9,53.25,profile_311868,p6.h2.texture_ka5,
Teufelsmoor (bog),8.9,53.25,profile_311868,p6.h2.humus_class,h7
Teufelsmoor (bog),8.9,53.25,profile_311868,p6.h2.carbonate_class,
Teufelsmoor (bog),8.9,53.25,profile_311868,p6.h2.structure,
Teufelsmoor (bog),8.9,53.25,profile_311868,p6.h2.bulk_density_class,
Teufelsmoor (bog),8.9,53.25,profile_311868,p6.h2.peat_type,Hh
Teufelsmoor (bog),8.9,53.25,profile_311868,p6.h2.peat_decomposition,k.A.
Teufelsmoor (bog),8.9,53.25,profile_311868,p6.h2.peat_substance_volume,SV2
Teufelsmoor (bog),8.9,53.25,profile_311868,p6.h2.acidity_class,
Teufelsmoor (bog),8.9,53.25,profile_311868,p6.h3.horizon_symbol,hHr
Teufelsmoor (bog),8.9,53.25,profile_311868,p6.h3.top_dm,3.9
Teufelsmoor (bog),8.9,53.25,profile_311868,p6.h3.bottom_dm,10
Teufelsmoor (bog),8.9,53.25,profile_311868,p6.h3.stratigraphy,qh
Teufelsmoor (bog),8.9,53.25,profile_311868,p6.h3.origin,Hh
Teufelsmoor (bog),8.9,53.25,profile_311868,p6.h3.geogenesis,og
Teufelsmoor (bog),8.9,53.25,profile_311868,p6.h3.coarse_fraction,
Teufelsmoor (bog),8.9,53.25,profile_311868,p6.h3.coarse_content_class,0
Teufelsmoor (bog),8.9,53.25,profile_311868,p6.h3.texture_ka5,
Teufelsmoor (bog),8.9,53.25,profile_311868,p6.h3.humus_class,h7
Teufelsmoor (bog),8.9,53.25,profile_311868,p6.h3.carbonate_class,
Teufelsmoor (bog),8.9,53.25,profile_311868,p6.h3.structure,
Teufelsmoor (bog),8.9,53.25,profile_311868,p6.h3.bulk_density_class,
Teufelsmoor (bog),8.9,53.25,profile_311868,p6.h3.peat_type,Hh
Teufelsmoor (bog),8.9,53.25,profile_311868,p6.h3.peat_decomposition,k.A.
Teufelsmoor (bog),8.9,53.25,profile_311868,p6.h3.peat_substance_volume,SV3
Teufelsmoor (bog),8.9,53.25,profile_311868,p6.h3.acidity_class,
Teufelsmoor (bog),8.9,53.25,profile_311868,p6.h4.horizon_symbol,Go
Teufelsmoor (bog),8.9,53.25,profile_311868,p6.h4.top_dm,10
Teufelsmoor (bog),8.9,53.25,profile_311868,p6.h4.bottom_dm,12.9
Teufelsmoor (bog),8.9,53.25,profile_311868,p6.h4.stratigraphy,qD
Teufelsmoor (bog),8.9,53.25,profile_311868,p6.h4.origin,Sgf
Teufelsmoor (bog),8.9,53.25,profile_311868,p6.h4.geogenesis,fg
Teufelsmoor (bog),8.9,53.25,profile_311868,p6.h4.coarse_fraction,G
Teufelsmoor (bog),8.9,53.25,profile_311868,p6.h4.coarse_content_class,2
Teufelsmoor (bog),8.9,53.25,profile_311868,p6.h4.texture_ka5,mSfs
Teufelsmoor (bog),8.9,53.25,profile_311868,p6.h4.humus_class,h0
Teufelsmoor (bog),8.9,53.25,profile_311868,p6.h4.carbonate_class,
Teufelsmoor (bog),8.9,53.25,profile_311868,p6.h4.structure,
Teufelsmoor (bog),8.9,53.25,profile_311868,p6.h4.bulk_density_class,Ld3
Teufelsmoor (bog),8.9,53.25,profile_311868,p6.h4.peat_type,
Teufelsmoor (bog),8.9,53.25,profile_311868,p6.h4.peat_decomposition,
Teufelsmoor (bog),8.9,53.25,profile_311868,p6.h4.peat_substance_volume,
Teufelsmoor (bog),8.9,53.25,profile_311868,p6.h4.acidity_class,
Teufelsmoor (bog),8.9,53.25,profile_311868,p6.h5.horizon_symbol,Gr
Teufelsmoor (bog),8.9,53.25,profile_311868,p6.h5.top_dm,12.9
Teufelsmoor (bog),8.9,53.25,profile_311868,p6.h5.bottom_dm,20
Teufelsmoor (bog),8.9,53.25,profile_311868,p6.h5.stratigraphy,qD
Teufelsmoor (bog),8.9,53.25,profile_311868,p6.h5.origin,Sgf
Teufelsmoor (bog),8.9,53.25,profile_311868,p6.h5.geogenesis,fg
Teufelsmoor (bog),8.9,53.25,profile_311868,p6.h5.coarse_fraction,G
Teufelsmoor (bog),8.9,53.25,profile_311868,p6.h5.coarse_content_class,2
Teufelsmoor (bog),8.9,53.25,profile_311868,p6.h5.texture_ka5,mSfs
Teufelsmoor (bog),8.9,53.25,profile_311868,p6.h5.humus_class,h0
Teufelsmoor (bog),8.9,53.25,profile_311868,p6.h5.carbonate_class,
Teufelsmoor (bog),8.9,53.25,profile_311868,p6.h5.structure,
Teufelsmoor (bog),8.9,53.25,profile_311868,p6.h5.bulk_density_class,Ld3
Teufelsmoor (bog),8.9,53.25,profile_311868,p6.h5.peat_type,
Teufelsmoor (bog),8.9,53.25,profile_311868,p6.h5.peat_decomposition,
Teufelsmoor (bog),8.9,53.25,profile_311868,p6.h5.peat_substance_volume,
Teufelsmoor (bog),8.9,53.25,profile_311868,p6.h5.acidity_class,
Teufelsmoor (bog),8.9,53.25,profile_311868,p7.Bodensystematische Einheit,HHn
Teufelsmoor (bog),8.9,53.25,profile_311868,p7.Flächenanteil,5 %
Teufelsmoor (bog),8.9,53.25,profile_311868,p7.Landnutzung,Nadelwälder (CORINE Land Cover Code: 312)
Teufelsmoor (bog),8.9,53.25,profile_311868,p7.h1.horizon_symbol,hHv
Teufelsmoor (bog),8.9,53.25,profile_311868,p7.h1.top_dm,0
Teufelsmoor (bog),8.9,53.25,profile_311868,p7.h1.bottom_dm,1.5
Teufelsmoor (bog),8.9,53.25,profile_311868,p7.h1.stratigraphy,qh
Teufelsmoor (bog),8.9,53.25,profile_311868,p7.h1.origin,Hh
Teufelsmoor (bog),8.9,53.25,profile_311868,p7.h1.geogenesis,og
Teufelsmoor (bog),8.9,53.25,profile_311868,p7.h1.coarse_fraction,
Teufelsmoor (bog),8.9,53.25,profile_311868,p7.h1.coarse_content_class,0
Teufelsmoor (bog),8.9,53.25,profile_311868,p7.h1.texture_ka5,
Teufelsmoor (bog),8.9,53.25,profile_311868,p7.h1.humus_class,h7
Teufelsmoor (bog),8.9,53.25,profile_311868,p7.h1.carbonate_class,
Teufelsmoor (bog),8.9,53.25,profile_311868,p7.h1.structure,
Teufelsmoor (bog),8.9,53.25,profile_311868,p7.h1.bulk_density_class,
Teufelsmoor (bog),8.9,53.25,profile_311868,p7.h1.peat_type,Hh
Teufelsmoor (bog),8.9,53.25,profile_311868,p7.h1.peat_decomposition,k.A.
Teufelsmoor (bog),8.9,53.25,profile_311868,p7.h1.peat_substance_volume,SV3
Teufelsmoor (bog),8.9,53.25,profile_311868,p7.h1.acidity_class,
Teufelsmoor (bog),8.9,53.25,profile_311868,p7.h2.horizon_symbol,hHw
Teufelsmoor (bog),8.9,53.25,profile_311868,p7.h2.top_dm,1.5
Teufelsmoor (bog),8.9,53.25,profile_311868,p7.h2.bottom_dm,4.1
Teufelsmoor (bog),8.9,53.25,profile_311868,p7.h2.stratigraphy,qh
Teufelsmoor (bog),8.9,53.25,profile_311868,p7.h2.origin,Hh
Teufelsmoor (bog),8.9,53.25,profile_311868,p7.h2.geogenesis,og
Teufelsmoor (bog),8.9,53.25,profile_311868,p7.h2.coarse_fraction,
Teufelsmoor (bog),8.9,53.25,profile_311868,p7.h2.coarse_content_class,0
Teufelsmoor (bog),8.9,53.25,profile_311868,p7.h2.texture_ka5,
Teufelsmoor (bog),8.9,53.25,profile_311868,p7.h2.humus_class,h7
Teufelsmoor (bog),8.9,53.25,profile_311868,p7.h2.carbonate_class,
Teufelsmoor (bog),8.9,53.25,profile_311868,p7.h2.structure,
Teufelsmoor (bog),8.9,53.25,profile_311868,p7.h2.bulk_density_class,
Teufelsmoor (bog),8.9,53.25,profile_311868,p7.h2.peat_type,Hh
Teufelsmoor (bog),8.9,53.25,profile_311868,p7.h2.peat_decomposition,k.A.
Teufelsmoor (bog),8.9,53.25,profile_311868,p7.h2.peat_substance_volume,SV2
Teufelsmoor (bog),8.9,53.25,profile_311868,p7.h2.acidity_class,
Teufelsmoor (bog),8.9,53.25,profile_311868,p7.h3.horizon_symbol,hHr
Teufelsmoor (bog),8.9,53.25,profile_311868,p7.h3.top_dm,4.1
Teufelsmoor (bog),8.9,53.25,profile_311868,p7.h3.bottom_dm,6
Teufelsmoor (bog),8.9,53.25,profile_311868,p7.h3.stratigraphy,qh
Teufelsmoor (bog),8.9,53.25,profile_311868,p7.h3.origin,Hh
Teufelsmoor (bog),8.9,53.25,profile_311868,p7.h3.geogenesis,og
Teufelsmoor (bog),8.9,53.25,profile_311868,p7.h3.coarse_fraction,
Teufelsmoor (bog),8.9,53.25,profile_311868,p7.h3.coarse_content_class,0
Teufelsmoor (bog),8.9,53.25,profile_311868,p7.h3.texture_ka5,
Teufelsmoor (bog),8.9,53.25,profile_311868,p7.h3.humus_class,h7
Teufelsmoor (bog),8.9,53.25,profile_311868,p7.h3.carbonate_class,
Teufelsmoor (bog),8.9,53.25,profile_311868,p7.h3.structure,
Teufelsmoor (bog),8.9,53.25,profile_311868,p7.h3.bulk_density_class,
Teufelsmoor (bog),8.9,53.25,profile_311868,p7.h3.peat_type,Hh
Teufelsmoor (bog),8.9,53.25,profile_311868,p7.h3.peat_decomposition,k.A.
Teufelsmoor (bog),8.9,53.25,profile_311868,p7.h3.peat_substance_volume,SV3
Teufelsmoor (bog),8.9,53.25,profile_311868,p7.h3.acidity_class,
Teufelsmoor (bog),8.9,53.25,profile_311868,p7.h4.horizon_symbol,Go
Teufelsmoor (bog),8.9,53.25,profile_311868,p7.h4.top_dm,6
Teufelsmoor (bog),8.9,53.25,profile_311868,p7.h4.bottom_dm,10
Teufelsmoor (bog),8.9,53.25,profile_311868,p7.h4.stratigraphy,qD
Teufelsmoor (bog),8.9,53.25,profile_311868,p7.h4.origin,Sgf
Teufelsmoor (bog),8.9,53.25,profile_311868,p7.h4.geogenesis,fg
Teufelsmoor (bog),8.9,53.25,profile_311868,p7.h4.coarse_fraction,G
Teufelsmoor (bog),8.9,53.25,profile_311868,p7.h4.coarse_content_class,2
Teufelsmoor (bog),8.9,53.25,profile_311868,p7.h4.texture_ka5,mSfs
Teufelsmoor (bog),8.9,53.25,profile_311868,p7.h4.humus_class,h0
Teufelsmoor (bog),8.9,53.25,profile_311868,p7.h4.carbonate_class,
Teufelsmoor (bog),8.9,53.25,profile_311868,p7.h4.structure,
Teufelsmoor (bog),8.9,53.25,profile_311868,p7.h4.bulk_density_class,Ld3
Teufelsmoor (bog),8.9,53.25,profile_311868,p7.h4.peat_type,
Teufelsmoor (bog),8.9,53.25,profile_311868,p7.h4.peat_decomposition,
Teufelsmoor (bog),8.9,53.25,profile_311868,p7.h4.peat_substance_volume,
Teufelsmoor (bog),8.9,53.25,profile_311868,p7.h4.acidity_class,
Teufelsmoor (bog),8.9,53.25,profile_311868,p7.h5.horizon_symbol,Gr
Teufelsmoor (bog),8.9,53.25,profile_311868,p7.h5.top_dm,10
Teufelsmoor (bog),8.9,53.25,profile_311868,p7.h5.bottom_dm,20
Teufelsmoor (bog),8.9,53.25,profile_311868,p7.h5.stratigraphy,qD
Teufelsmoor (bog),8.9,53.25,profile_311868,p7.h5.origin,Sgf
Teufelsmoor (bog),8.9,53.25,profile_311868,p7.h5.geogenesis,fg
Teufelsmoor (bog),8.9,53.25,profile_311868,p7.h5.coarse_fraction,G
Teufelsmoor (bog),8.9,53.25,profile_311868,p7.h5.coarse_content_class,2
Teufelsmoor (bog),8.9,53.25,profile_311868,p7.h5.texture_ka5,mSfs
Teufelsmoor (bog),8.9,53.25,profile_311868,p7.h5.humus_class,h0
Teufelsmoor (bog),8.9,53.25,profile_311868,p7.h5.carbonate_class,
Teufelsmoor (bog),8.9,53.25,profile_311868,p7.h5.structure,
Teufelsmoor (bog),8.9,53.25,profile_311868,p7.h5.bulk_density_class,Ld3
Teufelsmoor (bog),8.9,53.25,profile_311868,p7.h5.peat_type,
Teufelsmoor (bog),8.9,53.25,profile_311868,p7.h5.peat_decomposition,
Teufelsmoor (bog),8.9,53.25,profile_311868,p7.h5.peat_substance_volume,
Teufelsmoor (bog),8.9,53.25,profile_311868,p7.h5.acidity_class,
Solling (upland forest),9.55,51.75,L0_sheetindex,OBJECTID,26
Solling (upland forest),9.55,51.75,L0_sheetindex,BLATTNUM,CC 4718
Solling (upland forest),9.55,51.75,L0_sheetindex,BLATTNAM,Kassel
Solling (upland forest),9.55,51.75,L0_sheetindex,JAHR,2001
Solling (upland forest),9.55,51.75,L0_sheetindex,Shape_Area,21274738483.720795
Solling (upland forest),9.55,51.75,L0_sheetindex,Shape_Length,583521.6019117152
Solling (upland forest),9.55,51.75,L24_CC4718,OBJECTID,73
Solling (upland forest),9.55,51.75,L24_CC4718,NRKART,51
Solling (upland forest),9.55,51.75,L24_CC4718,TKLE_NR,471851
Solling (upland forest),9.55,51.75,L24_CC4718,BGL,9.1
Solling (upland forest),9.55,51.75,L24_CC4718,LEG_TEXT,"Vorherrschend *Braunerden, gering verbreitet Podsol-Braunerden und Pseudogley-Braunerden aus *Löss über Fließerde aus Verwitterungsmaterial von *Sandstein-Schluffstein-Wechselfolgen"
Solling (upland forest),9.55,51.75,L24_CC4718,Legende,"51 BBn, PP-BB, SS-BB: p-ö/pfl-sn(^s,^u)"
Solling (upland forest),9.55,51.75,L24_CC4718,Shape_Area,834979204.5228847
Solling (upland forest),9.55,51.75,L24_CC4718,Shape_Length,863213.3234883089
Solling (upland forest),9.55,51.75,L24_CC4718,Hinweis,
Solling (upland forest),9.55,51.75,L24_CC4718,Profile,https://fisbo.bgr.de/app/FISBoBGR_Profilanzeige/getProfile.php?KARTE=BUEK200&LEGNR=471851
Solling (upland forest),9.55,51.75,identify_L24,OBJECTID,73
Solling (upland forest),9.55,51.75,identify_L24,NRKART,51
Solling (upland forest),9.55,51.75,identify_L24,TKLE_NR,471851
Solling (upland forest),9.55,51.75,identify_L24,BGL,9.1
Solling (upland forest),9.55,51.75,identify_L24,Legendentext,"Vorherrschend *Braunerden, gering verbreitet Podsol-Braunerden und Pseudogley-Braunerden aus *Löss über Fließerde aus Verwitterungsmaterial von *Sandstein-Schluffstein-Wechselfolgen"
Solling (upland forest),9.55,51.75,identify_L24,Legende,"51 BBn, PP-BB, SS-BB: p-ö/pfl-sn(^s,^u)"
Solling (upland forest),9.55,51.75,identify_L24,Shape Area,"834979204,522885"
Solling (upland forest),9.55,51.75,identify_L24,Shape Length,"863213,323488"
Solling (upland forest),9.55,51.75,identify_L24,Hinweis,Null
Solling (upland forest),9.55,51.75,identify_L24,Profile,https://fisbo.bgr.de/app/FISBoBGR_Profilanzeige/getProfile.php?KARTE=BUEK200&amp;LEGNR=471851
Solling (upland forest),9.55,51.75,profile_471851,unit_header,"Bodenübersichtskarte 1:200.000 - Legendeneinheit Nr. 471851 Vorherrschend Braunerden, gering verbreitet Podsol-Braunerden und Pseudogley-Braunerden aus Löss über Fließerde aus Verwitterungsmaterial von Sandstein-Schluffstein-Wechselfolgen"
Solling (upland forest),9.55,51.75,profile_471851,n_profiles,4
Solling (upland forest),9.55,51.75,profile_471851,p1.Bodensystematische Einheit,BBn
Solling (upland forest),9.55,51.75,profile_471851,p1.Flächenanteil,60 %
Solling (upland forest),9.55,51.75,profile_471851,p1.Landnutzung,Wälder (CORINE Land Cover Code: 31)
Solling (upland forest),9.55,51.75,profile_471851,p1.h1.horizon_symbol,O
Solling (upland forest),9.55,51.75,profile_471851,p1.h1.top_dm,-0.5
Solling (upland forest),9.55,51.75,profile_471851,p1.h1.bottom_dm,0
Solling (upland forest),9.55,51.75,profile_471851,p1.h1.stratigraphy,qh
Solling (upland forest),9.55,51.75,profile_471851,p1.h1.origin,O
Solling (upland forest),9.55,51.75,profile_471851,p1.h1.geogenesis,og
Solling (upland forest),9.55,51.75,profile_471851,p1.h1.coarse_fraction,
Solling (upland forest),9.55,51.75,profile_471851,p1.h1.coarse_content_class,0
Solling (upland forest),9.55,51.75,profile_471851,p1.h1.texture_ka5,
Solling (upland forest),9.55,51.75,profile_471851,p1.h1.humus_class,h7
Solling (upland forest),9.55,51.75,profile_471851,p1.h1.carbonate_class,
Solling (upland forest),9.55,51.75,profile_471851,p1.h1.structure,
Solling (upland forest),9.55,51.75,profile_471851,p1.h1.bulk_density_class,
Solling (upland forest),9.55,51.75,profile_471851,p1.h1.peat_type,
Solling (upland forest),9.55,51.75,profile_471851,p1.h1.peat_decomposition,
Solling (upland forest),9.55,51.75,profile_471851,p1.h1.peat_substance_volume,
Solling (upland forest),9.55,51.75,profile_471851,p1.h1.acidity_class,
Solling (upland forest),9.55,51.75,profile_471851,p1.h2.horizon_symbol,Ah
Solling (upland forest),9.55,51.75,profile_471851,p1.h2.top_dm,0
Solling (upland forest),9.55,51.75,profile_471851,p1.h2.bottom_dm,0.7
Solling (upland forest),9.55,51.75,profile_471851,p1.h2.stratigraphy,qp
Solling (upland forest),9.55,51.75,profile_471851,p1.h2.origin,"^s,^u,Lol"
Solling (upland forest),9.55,51.75,profile_471851,p1.h2.geogenesis,pfl
Solling (upland forest),9.55,51.75,profile_471851,p1.h2.coarse_fraction,Gr
Solling (upland forest),9.55,51.75,profile_471851,p1.h2.coarse_content_class,2
Solling (upland forest),9.55,51.75,profile_471851,p1.h2.texture_ka5,Ls2
Solling (upland forest),9.55,51.75,profile_471851,p1.h2.humus_class,h4
Solling (upland forest),9.55,51.75,profile_471851,p1.h2.carbonate_class,
Solling (upland forest),9.55,51.75,profile_471851,p1.h2.structure,
Solling (upland forest),9.55,51.75,profile_471851,p1.h2.bulk_density_class,Ld2
Solling (upland forest),9.55,51.75,profile_471851,p1.h2.peat_type,
Solling (upland forest),9.55,51.75,profile_471851,p1.h2.peat_decomposition,
Solling (upland forest),9.55,51.75,profile_471851,p1.h2.peat_substance_volume,
Solling (upland forest),9.55,51.75,profile_471851,p1.h2.acidity_class,s5
Solling (upland forest),9.55,51.75,profile_471851,p1.h3.horizon_symbol,Bv
Solling (upland forest),9.55,51.75,profile_471851,p1.h3.top_dm,0.7
Solling (upland forest),9.55,51.75,profile_471851,p1.h3.bottom_dm,5.5
Solling (upland forest),9.55,51.75,profile_471851,p1.h3.stratigraphy,qp
Solling (upland forest),9.55,51.75,profile_471851,p1.h3.origin,"^s,^u,Lol"
Solling (upland forest),9.55,51.75,profile_471851,p1.h3.geogenesis,pfl
Solling (upland forest),9.55,51.75,profile_471851,p1.h3.coarse_fraction,X
Solling (upland forest),9.55,51.75,profile_471851,p1.h3.coarse_content_class,3
Solling (upland forest),9.55,51.75,profile_471851,p1.h3.texture_ka5,Ls3
Solling (upland forest),9.55,51.75,profile_471851,p1.h3.humus_class,h2
Solling (upland forest),9.55,51.75,profile_471851,p1.h3.carbonate_class,
Solling (upland forest),9.55,51.75,profile_471851,p1.h3.structure,
Solling (upland forest),9.55,51.75,profile_471851,p1.h3.bulk_density_class,Ld3
Solling (upland forest),9.55,51.75,profile_471851,p1.h3.peat_type,
Solling (upland forest),9.55,51.75,profile_471851,p1.h3.peat_decomposition,
Solling (upland forest),9.55,51.75,profile_471851,p1.h3.peat_substance_volume,
Solling (upland forest),9.55,51.75,profile_471851,p1.h3.acidity_class,s4
Solling (upland forest),9.55,51.75,profile_471851,p1.h4.horizon_symbol,lCv
Solling (upland forest),9.55,51.75,profile_471851,p1.h4.top_dm,5.5
Solling (upland forest),9.55,51.75,profile_471851,p1.h4.bottom_dm,12
Solling (upland forest),9.55,51.75,profile_471851,p1.h4.stratigraphy,qp
Solling (upland forest),9.55,51.75,profile_471851,p1.h4.origin,"^s,^u"
Solling (upland forest),9.55,51.75,profile_471851,p1.h4.geogenesis,pfl
Solling (upland forest),9.55,51.75,profile_471851,p1.h4.coarse_fraction,X
Solling (upland forest),9.55,51.75,profile_471851,p1.h4.coarse_content_class,5
Solling (upland forest),9.55,51.75,profile_471851,p1.h4.texture_ka5,Sl3
Solling (upland forest),9.55,51.75,profile_471851,p1.h4.humus_class,h0
Solling (upland forest),9.55,51.75,profile_471851,p1.h4.carbonate_class,
Solling (upland forest),9.55,51.75,profile_471851,p1.h4.structure,
Solling (upland forest),9.55,51.75,profile_471851,p1.h4.bulk_density_class,Ld3
Solling (upland forest),9.55,51.75,profile_471851,p1.h4.peat_type,
Solling (upland forest),9.55,51.75,profile_471851,p1.h4.peat_decomposition,
Solling (upland forest),9.55,51.75,profile_471851,p1.h4.peat_substance_volume,
Solling (upland forest),9.55,51.75,profile_471851,p1.h4.acidity_class,s4
Solling (upland forest),9.55,51.75,profile_471851,p1.h5.horizon_symbol,mCn
Solling (upland forest),9.55,51.75,profile_471851,p1.h5.top_dm,12
Solling (upland forest),9.55,51.75,profile_471851,p1.h5.bottom_dm,20
Solling (upland forest),9.55,51.75,profile_471851,p1.h5.stratigraphy,
Solling (upland forest),9.55,51.75,profile_471851,p1.h5.origin,"^s,^u"
Solling (upland forest),9.55,51.75,profile_471851,p1.h5.geogenesis,n
Solling (upland forest),9.55,51.75,profile_471851,p1.h5.coarse_fraction,
Solling (upland forest),9.55,51.75,profile_471851,p1.h5.coarse_content_class,
Solling (upland forest),9.55,51.75,profile_471851,p1.h5.texture_ka5,
Solling (upland forest),9.55,51.75,profile_471851,p1.h5.humus_class,h0
Solling (upland forest),9.55,51.75,profile_471851,p1.h5.carbonate_class,
Solling (upland forest),9.55,51.75,profile_471851,p1.h5.structure,
Solling (upland forest),9.55,51.75,profile_471851,p1.h5.bulk_density_class,
Solling (upland forest),9.55,51.75,profile_471851,p1.h5.peat_type,
Solling (upland forest),9.55,51.75,profile_471851,p1.h5.peat_decomposition,
Solling (upland forest),9.55,51.75,profile_471851,p1.h5.peat_substance_volume,
Solling (upland forest),9.55,51.75,profile_471851,p1.h5.acidity_class,
Solling (upland forest),9.55,51.75,profile_471851,p2.Bodensystematische Einheit,BBn
Solling (upland forest),9.55,51.75,profile_471851,p2.Flächenanteil,5 %
Solling (upland forest),9.55,51.75,profile_471851,p2.Landnutzung,Grünland (CORINE Land Cover Code: 23)
Solling (upland forest),9.55,51.75,profile_471851,p2.h1.horizon_symbol,Ah
Solling (upland forest),9.55,51.75,profile_471851,p2.h1.top_dm,0
Solling (upland forest),9.55,51.75,profile_471851,p2.h1.bottom_dm,0.9
Solling (upland forest),9.55,51.75,profile_471851,p2.h1.stratigraphy,qp
Solling (upland forest),9.55,51.75,profile_471851,p2.h1.origin,"^s,^u,Lol"
Solling (upland forest),9.55,51.75,profile_471851,p2.h1.geogenesis,pfl
Solling (upland forest),9.55,51.75,profile_471851,p2.h1.coarse_fraction,X
Solling (upland forest),9.55,51.75,profile_471851,p2.h1.coarse_content_class,3
Solling (upland forest),9.55,51.75,profile_471851,p2.h1.texture_ka5,Ls2
Solling (upland forest),9.55,51.75,profile_471851,p2.h1.humus_class,h4
Solling (upland forest),9.55,51.75,profile_471851,p2.h1.carbonate_class,
Solling (upland forest),9.55,51.75,profile_471851,p2.h1.structure,
Solling (upland forest),9.55,51.75,profile_471851,p2.h1.bulk_density_class,Ld1
Solling (upland forest),9.55,51.75,profile_471851,p2.h1.peat_type,
Solling (upland forest),9.55,51.75,profile_471851,p2.h1.peat_decomposition,
Solling (upland forest),9.55,51.75,profile_471851,p2.h1.peat_substance_volume,
Solling (upland forest),9.55,51.75,profile_471851,p2.h1.acidity_class,s5
Solling (upland forest),9.55,51.75,profile_471851,p2.h2.horizon_symbol,Bv
Solling (upland forest),9.55,51.75,profile_471851,p2.h2.top_dm,0.9
Solling (upland forest),9.55,51.75,profile_471851,p2.h2.bottom_dm,5.6
Solling (upland forest),9.55,51.75,profile_471851,p2.h2.stratigraphy,qp
Solling (upland forest),9.55,51.75,profile_471851,p2.h2.origin,"^s,^u,Lol"
Solling (upland forest),9.55,51.75,profile_471851,p2.h2.geogenesis,pfl
Solling (upland forest),9.55,51.75,profile_471851,p2.h2.coarse_fraction,X
Solling (upland forest),9.55,51.75,profile_471851,p2.h2.coarse_content_class,3
Solling (upland forest),9.55,51.75,profile_471851,p2.h2.texture_ka5,Ls2
Solling (upland forest),9.55,51.75,profile_471851,p2.h2.humus_class,h2
Solling (upland forest),9.55,51.75,profile_471851,p2.h2.carbonate_class,
Solling (upland forest),9.55,51.75,profile_471851,p2.h2.structure,
Solling (upland forest),9.55,51.75,profile_471851,p2.h2.bulk_density_class,Ld2
Solling (upland forest),9.55,51.75,profile_471851,p2.h2.peat_type,
Solling (upland forest),9.55,51.75,profile_471851,p2.h2.peat_decomposition,
Solling (upland forest),9.55,51.75,profile_471851,p2.h2.peat_substance_volume,
Solling (upland forest),9.55,51.75,profile_471851,p2.h2.acidity_class,s4
Solling (upland forest),9.55,51.75,profile_471851,p2.h3.horizon_symbol,ilCv
Solling (upland forest),9.55,51.75,profile_471851,p2.h3.top_dm,5.6
Solling (upland forest),9.55,51.75,profile_471851,p2.h3.bottom_dm,10
Solling (upland forest),9.55,51.75,profile_471851,p2.h3.stratigraphy,qp
Solling (upland forest),9.55,51.75,profile_471851,p2.h3.origin,"^s,^u"
Solling (upland forest),9.55,51.75,profile_471851,p2.h3.geogenesis,pfl
Solling (upland forest),9.55,51.75,profile_471851,p2.h3.coarse_fraction,X
Solling (upland forest),9.55,51.75,profile_471851,p2.h3.coarse_content_class,5
Solling (upland forest),9.55,51.75,profile_471851,p2.h3.texture_ka5,Sl3
Solling (upland forest),9.55,51.75,profile_471851,p2.h3.humus_class,h0
Solling (upland forest),9.55,51.75,profile_471851,p2.h3.carbonate_class,
Solling (upland forest),9.55,51.75,profile_471851,p2.h3.structure,
Solling (upland forest),9.55,51.75,profile_471851,p2.h3.bulk_density_class,Ld3
Solling (upland forest),9.55,51.75,profile_471851,p2.h3.peat_type,
Solling (upland forest),9.55,51.75,profile_471851,p2.h3.peat_decomposition,
Solling (upland forest),9.55,51.75,profile_471851,p2.h3.peat_substance_volume,
Solling (upland forest),9.55,51.75,profile_471851,p2.h3.acidity_class,s4
Solling (upland forest),9.55,51.75,profile_471851,p2.h4.horizon_symbol,mCn
Solling (upland forest),9.55,51.75,profile_471851,p2.h4.top_dm,10
Solling (upland forest),9.55,51.75,profile_471851,p2.h4.bottom_dm,20
Solling (upland forest),9.55,51.75,profile_471851,p2.h4.stratigraphy,
Solling (upland forest),9.55,51.75,profile_471851,p2.h4.origin,"^s,^u"
Solling (upland forest),9.55,51.75,profile_471851,p2.h4.geogenesis,nd
Solling (upland forest),9.55,51.75,profile_471851,p2.h4.coarse_fraction,
Solling (upland forest),9.55,51.75,profile_471851,p2.h4.coarse_content_class,
Solling (upland forest),9.55,51.75,profile_471851,p2.h4.texture_ka5,
Solling (upland forest),9.55,51.75,profile_471851,p2.h4.humus_class,h0
Solling (upland forest),9.55,51.75,profile_471851,p2.h4.carbonate_class,
Solling (upland forest),9.55,51.75,profile_471851,p2.h4.structure,
Solling (upland forest),9.55,51.75,profile_471851,p2.h4.bulk_density_class,
Solling (upland forest),9.55,51.75,profile_471851,p2.h4.peat_type,
Solling (upland forest),9.55,51.75,profile_471851,p2.h4.peat_decomposition,
Solling (upland forest),9.55,51.75,profile_471851,p2.h4.peat_substance_volume,
Solling (upland forest),9.55,51.75,profile_471851,p2.h4.acidity_class,
Solling (upland forest),9.55,51.75,profile_471851,p3.Bodensystematische Einheit,PP-BB
Solling (upland forest),9.55,51.75,profile_471851,p3.Flächenanteil,20 %
Solling (upland forest),9.55,51.75,profile_471851,p3.Landnutzung,Wälder (CORINE Land Cover Code: 31)
Solling (upland forest),9.55,51.75,profile_471851,p3.h1.horizon_symbol,O
Solling (upland forest),9.55,51.75,profile_471851,p3.h1.top_dm,-0.75
Solling (upland forest),9.55,51.75,profile_471851,p3.h1.bottom_dm,0
Solling (upland forest),9.55,51.75,profile_471851,p3.h1.stratigraphy,qh
Solling (upland forest),9.55,51.75,profile_471851,p3.h1.origin,O
Solling (upland forest),9.55,51.75,profile_471851,p3.h1.geogenesis,og
Solling (upland forest),9.55,51.75,profile_471851,p3.h1.coarse_fraction,
Solling (upland forest),9.55,51.75,profile_471851,p3.h1.coarse_content_class,0
Solling (upland forest),9.55,51.75,profile_471851,p3.h1.texture_ka5,
Solling (upland forest),9.55,51.75,profile_471851,p3.h1.humus_class,h7
Solling (upland forest),9.55,51.75,profile_471851,p3.h1.carbonate_class,
Solling (upland forest),9.55,51.75,profile_471851,p3.h1.structure,
Solling (upland forest),9.55,51.75,profile_471851,p3.h1.bulk_density_class,
Solling (upland forest),9.55,51.75,profile_471851,p3.h1.peat_type,
Solling (upland forest),9.55,51.75,profile_471851,p3.h1.peat_decomposition,
Solling (upland forest),9.55,51.75,profile_471851,p3.h1.peat_substance_volume,
Solling (upland forest),9.55,51.75,profile_471851,p3.h1.acidity_class,
Solling (upland forest),9.55,51.75,profile_471851,p3.h2.horizon_symbol,Ahe
Solling (upland forest),9.55,51.75,profile_471851,p3.h2.top_dm,0
Solling (upland forest),9.55,51.75,profile_471851,p3.h2.bottom_dm,0.3
Solling (upland forest),9.55,51.75,profile_471851,p3.h2.stratigraphy,qp
Solling (upland forest),9.55,51.75,profile_471851,p3.h2.origin,"^s,Lol"
Solling (upland forest),9.55,51.75,profile_471851,p3.h2.geogenesis,pfl
Solling (upland forest),9.55,51.75,profile_471851,p3.h2.coarse_fraction,Gr
Solling (upland forest),9.55,51.75,profile_471851,p3.h2.coarse_content_class,2
Solling (upland forest),9.55,51.75,profile_471851,p3.h2.texture_ka5,Sl3
Solling (upland forest),9.55,51.75,profile_471851,p3.h2.humus_class,h4
Solling (upland forest),9.55,51.75,profile_471851,p3.h2.carbonate_class,
Solling (upland forest),9.55,51.75,profile_471851,p3.h2.structure,
Solling (upland forest),9.55,51.75,profile_471851,p3.h2.bulk_density_class,Ld2
Solling (upland forest),9.55,51.75,profile_471851,p3.h2.peat_type,
Solling (upland forest),9.55,51.75,profile_471851,p3.h2.peat_decomposition,
Solling (upland forest),9.55,51.75,profile_471851,p3.h2.peat_substance_volume,
Solling (upland forest),9.55,51.75,profile_471851,p3.h2.acidity_class,s5
Solling (upland forest),9.55,51.75,profile_471851,p3.h3.horizon_symbol,Ae
Solling (upland forest),9.55,51.75,profile_471851,p3.h3.top_dm,0.3
Solling (upland forest),9.55,51.75,profile_471851,p3.h3.bottom_dm,0.7
Solling (upland forest),9.55,51.75,profile_471851,p3.h3.stratigraphy,qp
Solling (upland forest),9.55,51.75,profile_471851,p3.h3.origin,"^s,Lol"
Solling (upland forest),9.55,51.75,profile_471851,p3.h3.geogenesis,pfl
Solling (upland forest),9.55,51.75,profile_471851,p3.h3.coarse_fraction,Gr
Solling (upland forest),9.55,51.75,profile_471851,p3.h3.coarse_content_class,2
Solling (upland forest),9.55,51.75,profile_471851,p3.h3.texture_ka5,Sl3
Solling (upland forest),9.55,51.75,profile_471851,p3.h3.humus_class,h1
Solling (upland forest),9.55,51.75,profile_471851,p3.h3.carbonate_class,
Solling (upland forest),9.55,51.75,profile_471851,p3.h3.structure,
Solling (upland forest),9.55,51.75,profile_471851,p3.h3.bulk_density_class,Ld3
Solling (upland forest),9.55,51.75,profile_471851,p3.h3.peat_type,
Solling (upland forest),9.55,51.75,profile_471851,p3.h3.peat_decomposition,
Solling (upland forest),9.55,51.75,profile_471851,p3.h3.peat_substance_volume,
Solling (upland forest),9.55,51.75,profile_471851,p3.h3.acidity_class,s5
Solling (upland forest),9.55,51.75,profile_471851,p3.h4.horizon_symbol,Bhs
Solling (upland forest),9.55,51.75,profile_471851,p3.h4.top_dm,0.7
Solling (upland forest),9.55,51.75,profile_471851,p3.h4.bottom_dm,1.5
Solling (upland forest),9.55,51.75,profile_471851,p3.h4.stratigraphy,qp
Solling (upland forest),9.55,51.75,profile_471851,p3.h4.origin,"^s,Lol"
Solling (upland forest),9.55,51.75,profile_471851,p3.h4.geogenesis,pfl
Solling (upland forest),9.55,51.75,profile_471851,p3.h4.coarse_fraction,X
Solling (upland forest),9.55,51.75,profile_471851,p3.h4.coarse_content_class,3
Solling (upland forest),9.55,51.75,profile_471851,p3.h4.texture_ka5,Sl3
Solling (upland forest),9.55,51.75,profile_471851,p3.h4.humus_class,h2
Solling (upland forest),9.55,51.75,profile_471851,p3.h4.carbonate_class,
Solling (upland forest),9.55,51.75,profile_471851,p3.h4.structure,
Solling (upland forest),9.55,51.75,profile_471851,p3.h4.bulk_density_class,Ld3
Solling (upland forest),9.55,51.75,profile_471851,p3.h4.peat_type,
Solling (upland forest),9.55,51.75,profile_471851,p3.h4.peat_decomposition,
Solling (upland forest),9.55,51.75,profile_471851,p3.h4.peat_substance_volume,
Solling (upland forest),9.55,51.75,profile_471851,p3.h4.acidity_class,s4
Solling (upland forest),9.55,51.75,profile_471851,p3.h5.horizon_symbol,Bv
Solling (upland forest),9.55,51.75,profile_471851,p3.h5.top_dm,1.5
Solling (upland forest),9.55,51.75,profile_471851,p3.h5.bottom_dm,5.5
Solling (upland forest),9.55,51.75,profile_471851,p3.h5.stratigraphy,qp
Solling (upland forest),9.55,51.75,profile_471851,p3.h5.origin,"^s,Lol"
Solling (upland forest),9.55,51.75,profile_471851,p3.h5.geogenesis,pfl
Solling (upland forest),9.55,51.75,profile_471851,p3.h5.coarse_fraction,X
Solling (upland forest),9.55,51.75,profile_471851,p3.h5.coarse_content_class,3
Solling (upland forest),9.55,51.75,profile_471851,p3.h5.texture_ka5,Sl3
Solling (upland forest),9.55,51.75,profile_471851,p3.h5.humus_class,h1
Solling (upland forest),9.55,51.75,profile_471851,p3.h5.carbonate_class,
Solling (upland forest),9.55,51.75,profile_471851,p3.h5.structure,
Solling (upland forest),9.55,51.75,profile_471851,p3.h5.bulk_density_class,Ld3
Solling (upland forest),9.55,51.75,profile_471851,p3.h5.peat_type,
Solling (upland forest),9.55,51.75,profile_471851,p3.h5.peat_decomposition,
Solling (upland forest),9.55,51.75,profile_471851,p3.h5.peat_substance_volume,
Solling (upland forest),9.55,51.75,profile_471851,p3.h5.acidity_class,s4
Solling (upland forest),9.55,51.75,profile_471851,p3.h6.horizon_symbol,lCv
Solling (upland forest),9.55,51.75,profile_471851,p3.h6.top_dm,5.5
Solling (upland forest),9.55,51.75,profile_471851,p3.h6.bottom_dm,12
Solling (upland forest),9.55,51.75,profile_471851,p3.h6.stratigraphy,qp
Solling (upland forest),9.55,51.75,profile_471851,p3.h6.origin,^s
Solling (upland forest),9.55,51.75,profile_471851,p3.h6.geogenesis,pfl
Solling (upland forest),9.55,51.75,profile_471851,p3.h6.coarse_fraction,X
Solling (upland forest),9.55,51.75,profile_471851,p3.h6.coarse_content_class,5
Solling (upland forest),9.55,51.75,profile_471851,p3.h6.texture_ka5,Sl2
Solling (upland forest),9.55,51.75,profile_471851,p3.h6.humus_class,h0
Solling (upland forest),9.55,51.75,profile_471851,p3.h6.carbonate_class,
Solling (upland forest),9.55,51.75,profile_471851,p3.h6.structure,
Solling (upland forest),9.55,51.75,profile_471851,p3.h6.bulk_density_class,Ld3
Solling (upland forest),9.55,51.75,profile_471851,p3.h6.peat_type,
Solling (upland forest),9.55,51.75,profile_471851,p3.h6.peat_decomposition,
Solling (upland forest),9.55,51.75,profile_471851,p3.h6.peat_substance_volume,
Solling (upland forest),9.55,51.75,profile_471851,p3.h6.acidity_class,s4
Solling (upland forest),9.55,51.75,profile_471851,p3.h7.horizon_symbol,mCn
Solling (upland forest),9.55,51.75,profile_471851,p3.h7.top_dm,12
Solling (upland forest),9.55,51.75,profile_471851,p3.h7.bottom_dm,20
Solling (upland forest),9.55,51.75,profile_471851,p3.h7.stratigraphy,
Solling (upland forest),9.55,51.75,profile_471851,p3.h7.origin,^s
Solling (upland forest),9.55,51.75,profile_471851,p3.h7.geogenesis,n
Solling (upland forest),9.55,51.75,profile_471851,p3.h7.coarse_fraction,
Solling (upland forest),9.55,51.75,profile_471851,p3.h7.coarse_content_class,
Solling (upland forest),9.55,51.75,profile_471851,p3.h7.texture_ka5,
Solling (upland forest),9.55,51.75,profile_471851,p3.h7.humus_class,h0
Solling (upland forest),9.55,51.75,profile_471851,p3.h7.carbonate_class,
Solling (upland forest),9.55,51.75,profile_471851,p3.h7.structure,
Solling (upland forest),9.55,51.75,profile_471851,p3.h7.bulk_density_class,
Solling (upland forest),9.55,51.75,profile_471851,p3.h7.peat_type,
Solling (upland forest),9.55,51.75,profile_471851,p3.h7.peat_decomposition,
Solling (upland forest),9.55,51.75,profile_471851,p3.h7.peat_substance_volume,
Solling (upland forest),9.55,51.75,profile_471851,p3.h7.acidity_class,
Solling (upland forest),9.55,51.75,profile_471851,p4.Bodensystematische Einheit,SS-BB
Solling (upland forest),9.55,51.75,profile_471851,p4.Flächenanteil,20 %
Solling (upland forest),9.55,51.75,profile_471851,p4.Landnutzung,Grünland (CORINE Land Cover Code: 23)
Solling (upland forest),9.55,51.75,profile_471851,p4.h1.horizon_symbol,Ah
Solling (upland forest),9.55,51.75,profile_471851,p4.h1.top_dm,0
Solling (upland forest),9.55,51.75,profile_471851,p4.h1.bottom_dm,1
Solling (upland forest),9.55,51.75,profile_471851,p4.h1.stratigraphy,qp
Solling (upland forest),9.55,51.75,profile_471851,p4.h1.origin,"Lol,^s"
Solling (upland forest),9.55,51.75,profile_471851,p4.h1.geogenesis,pfl
Solling (upland forest),9.55,51.75,profile_471851,p4.h1.coarse_fraction,Gr
Solling (upland forest),9.55,51.75,profile_471851,p4.h1.coarse_content_class,3
Solling (upland forest),9.55,51.75,profile_471851,p4.h1.texture_ka5,Uls
Solling (upland forest),9.55,51.75,profile_471851,p4.h1.humus_class,h4
Solling (upland forest),9.55,51.75,profile_471851,p4.h1.carbonate_class,
Solling (upland forest),9.55,51.75,profile_471851,p4.h1.structure,
Solling (upland forest),9.55,51.75,profile_471851,p4.h1.bulk_density_class,Ld2
Solling (upland forest),9.55,51.75,profile_471851,p4.h1.peat_type,
Solling (upland forest),9.55,51.75,profile_471851,p4.h1.peat_decomposition,
Solling (upland forest),9.55,51.75,profile_471851,p4.h1.peat_substance_volume,
Solling (upland forest),9.55,51.75,profile_471851,p4.h1.acidity_class,s1
Solling (upland forest),9.55,51.75,profile_471851,p4.h2.horizon_symbol,Sw-Bv
Solling (upland forest),9.55,51.75,profile_471851,p4.h2.top_dm,1
Solling (upland forest),9.55,51.75,profile_471851,p4.h2.bottom_dm,4
Solling (upland forest),9.55,51.75,profile_471851,p4.h2.stratigraphy,qp
Solling (upland forest),9.55,51.75,profile_471851,p4.h2.origin,"Lol,^s"
Solling (upland forest),9.55,51.75,profile_471851,p4.h2.geogenesis,pfl
Solling (upland forest),9.55,51.75,profile_471851,p4.h2.coarse_fraction,Gr
Solling (upland forest),9.55,51.75,profile_471851,p4.h2.coarse_content_class,3
Solling (upland forest),9.55,51.75,profile_471851,p4.h2.texture_ka5,Uls
Solling (upland forest),9.55,51.75,profile_471851,p4.h2.humus_class,h1
Solling (upland forest),9.55,51.75,profile_471851,p4.h2.carbonate_class,
Solling (upland forest),9.55,51.75,profile_471851,p4.h2.structure,
Solling (upland forest),9.55,51.75,profile_471851,p4.h2.bulk_density_class,Ld3
Solling (upland forest),9.55,51.75,profile_471851,p4.h2.peat_type,
Solling (upland forest),9.55,51.75,profile_471851,p4.h2.peat_decomposition,
Solling (upland forest),9.55,51.75,profile_471851,p4.h2.peat_substance_volume,
Solling (upland forest),9.55,51.75,profile_471851,p4.h2.acidity_class,s1
Solling (upland forest),9.55,51.75,profile_471851,p4.h3.horizon_symbol,Sd
Solling (upland forest),9.55,51.75,profile_471851,p4.h3.top_dm,4
Solling (upland forest),9.55,51.75,profile_471851,p4.h3.bottom_dm,10
Solling (upland forest),9.55,51.75,profile_471851,p4.h3.stratigraphy,qp(s)
Solling (upland forest),9.55,51.75,profile_471851,p4.h3.origin,^s
Solling (upland forest),9.55,51.75,profile_471851,p4.h3.geogenesis,pfl
Solling (upland forest),9.55,51.75,profile_471851,p4.h3.coarse_fraction,Gr
Solling (upland forest),9.55,51.75,profile_471851,p4.h3.coarse_content_class,4
Solling (upland forest),9.55,51.75,profile_471851,p4.h3.texture_ka5,Lts
Solling (upland forest),9.55,51.75,profile_471851,p4.h3.humus_class,h0
Solling (upland forest),9.55,51.75,profile_471851,p4.h3.carbonate_class,
Solling (upland forest),9.55,51.75,profile_471851,p4.h3.structure,
Solling (upland forest),9.55,51.75,profile_471851,p4.h3.bulk_density_class,Ld4
Solling (upland forest),9.55,51.75,profile_471851,p4.h3.peat_type,
Solling (upland forest),9.55,51.75,profile_471851,p4.h3.peat_decomposition,
Solling (upland forest),9.55,51.75,profile_471851,p4.h3.peat_substance_volume,
Solling (upland forest),9.55,51.75,profile_471851,p4.h3.acidity_class,s2
Solling (upland forest),9.55,51.75,profile_471851,p4.h4.horizon_symbol,lCv
Solling (upland forest),9.55,51.75,profile_471851,p4.h4.top_dm,10
Solling (upland forest),9.55,51.75,profile_471851,p4.h4.bottom_dm,15
Solling (upland forest),9.55,51.75,profile_471851,p4.h4.stratigraphy,qp(s)
Solling (upland forest),9.55,51.75,profile_471851,p4.h4.origin,^s
Solling (upland forest),9.55,51.75,profile_471851,p4.h4.geogenesis,c
Solling (upland forest),9.55,51.75,profile_471851,p4.h4.coarse_fraction,X
Solling (upland forest),9.55,51.75,profile_471851,p4.h4.coarse_content_class,5
Solling (upland forest),9.55,51.75,profile_471851,p4.h4.texture_ka5,Ls4
Solling (upland forest),9.55,51.75,profile_471851,p4.h4.humus_class,h0
Solling (upland forest),9.55,51.75,profile_471851,p4.h4.carbonate_class,
Solling (upland forest),9.55,51.75,profile_471851,p4.h4.structure,
Solling (upland forest),9.55,51.75,profile_471851,p4.h4.bulk_density_class,Ld3
Solling (upland forest),9.55,51.75,profile_471851,p4.h4.peat_type,
Solling (upland forest),9.55,51.75,profile_471851,p4.h4.peat_decomposition,
Solling (upland forest),9.55,51.75,profile_471851,p4.h4.peat_substance_volume,
Solling (upland forest),9.55,51.75,profile_471851,p4.h4.acidity_class,s2
Solling (upland forest),9.55,51.75,profile_471851,p4.h5.horizon_symbol,mCn
Solling (upland forest),9.55,51.75,profile_471851,p4.h5.top_dm,15
Solling (upland forest),9.55,51.75,profile_471851,p4.h5.bottom_dm,20
Solling (upland forest),9.55,51.75,profile_471851,p4.h5.stratigraphy,s
Solling (upland forest),9.55,51.75,profile_471851,p4.h5.origin,^s
Solling (upland forest),9.55,51.75,profile_471851,p4.h5.geogenesis,n
Solling (upland forest),9.55,51.75,profile_471851,p4.h5.coarse_fraction,
Solling (upland forest),9.55,51.75,profile_471851,p4.h5.coarse_content_class,
Solling (upland forest),9.55,51.75,profile_471851,p4.h5.texture_ka5,
Solling (upland forest),9.55,51.75,profile_471851,p4.h5.humus_class,h0
Solling (upland forest),9.55,51.75,profile_471851,p4.h5.carbonate_class,
Solling (upland forest),9.55,51.75,profile_471851,p4.h5.structure,
Solling (upland forest),9.55,51.75,profile_471851,p4.h5.bulk_density_class,
Solling (upland forest),9.55,51.75,profile_471851,p4.h5.peat_type,
Solling (upland forest),9.55,51.75,profile_471851,p4.h5.peat_decomposition,
Solling (upland forest),9.55,51.75,profile_471851,p4.h5.peat_substance_volume,
Solling (upland forest),9.55,51.75,profile_471851,p4.h5.acidity_class,
Hannover centre (urban),9.73,52.37,L0_sheetindex,OBJECTID,19
Hannover centre (urban),9.73,52.37,L0_sheetindex,BLATTNUM,CC 3918
Hannover centre (urban),9.73,52.37,L0_sheetindex,BLATTNAM,Hannover
Hannover centre (urban),9.73,52.37,L0_sheetindex,JAHR,2006
Hannover centre (urban),9.73,52.37,L0_sheetindex,Shape_Area,21658335259.246014
Hannover centre (urban),9.73,52.37,L0_sheetindex,Shape_Length,588691.4533007089
Hannover centre (urban),9.73,52.37,L17_CC3918,OBJECTID,135
Hannover centre (urban),9.73,52.37,L17_CC3918,NRKART,93
Hannover centre (urban),9.73,52.37,L17_CC3918,TKLE_NR,391893
Hannover centre (urban),9.73,52.37,L17_CC3918,BGL,13.1
Hannover centre (urban),9.73,52.37,L17_CC3918,LEG_TEXT,"Böden der Stadtkernbereiche (überwiegend aus anthropogenen Auffüllungen und Kippsubstraten, Oberfläche zu >70% versiegelt)"
Hannover centre (urban),9.73,52.37,L17_CC3918,Legende,93 Böden der Stadtkernbereiche
Hannover centre (urban),9.73,52.37,L17_CC3918,Shape_Area,71546361.63959533
Hannover centre (urban),9.73,52.37,L17_CC3918,Shape_Length,120743.6988080365
Hannover centre (urban),9.73,52.37,L17_CC3918,Hinweis,
Hannover centre (urban),9.73,52.37,L17_CC3918,Profile,https://fisbo.bgr.de/app/FISBoBGR_Profilanzeige/getProfile.php?KARTE=BUEK200&LEGNR=391893
Hannover centre (urban),9.73,52.37,identify_L17,OBJECTID,135
Hannover centre (urban),9.73,52.37,identify_L17,NRKART,93
Hannover centre (urban),9.73,52.37,identify_L17,TKLE_NR,391893
Hannover centre (urban),9.73,52.37,identify_L17,BGL,13.1
Hannover centre (urban),9.73,52.37,identify_L17,Legendentext,"Böden der Stadtkernbereiche (überwiegend aus anthropogenen Auffüllungen und Kippsubstraten, Oberfläche zu >70% versiegelt)"
Hannover centre (urban),9.73,52.37,identify_L17,Legende,93 Böden der Stadtkernbereiche
Hannover centre (urban),9.73,52.37,identify_L17,Shape Area,"71546361,639595"
Hannover centre (urban),9.73,52.37,identify_L17,Shape Length,"120743,698808"
Hannover centre (urban),9.73,52.37,identify_L17,Hinweis,Null
Hannover centre (urban),9.73,52.37,identify_L17,Profile,https://fisbo.bgr.de/app/FISBoBGR_Profilanzeige/getProfile.php?KARTE=BUEK200&amp;LEGNR=391893
Hannover centre (urban),9.73,52.37,profile_391893,unit_header,
Hannover centre (urban),9.73,52.37,profile_391893,n_profiles,0
Hannover centre (urban),9.73,52.37,profile_391893,note,Infoabfrage BÜK200 - Blatt 3918 Für die Legendennummer 93 sind keine Profildaten hinterlegt. Sie können die Beschreibung dieser Einheit aus der Legende beziehen.
Farmland SoilGrids null,10.1,52.18,L0_sheetindex,OBJECTID,20
Farmland SoilGrids null,10.1,52.18,L0_sheetindex,BLATTNUM,CC 3926
Farmland SoilGrids null,10.1,52.18,L0_sheetindex,BLATTNAM,Braunschweig
Farmland SoilGrids null,10.1,52.18,L0_sheetindex,JAHR,1998
Farmland SoilGrids null,10.1,52.18,L0_sheetindex,Shape_Area,21658213105.945923
Farmland SoilGrids null,10.1,52.18,L0_sheetindex,Shape_Length,588689.6742215786
Farmland SoilGrids null,10.1,52.18,L18_CC3926,OBJECTID,74
Farmland SoilGrids null,10.1,52.18,L18_CC3926,NRKART,50
Farmland SoilGrids null,10.1,52.18,L18_CC3926,TKLE_NR,392650
Farmland SoilGrids null,10.1,52.18,L18_CC3926,BGL,6.2
Farmland SoilGrids null,10.1,52.18,L18_CC3926,LEG_TEXT,Vorherrschend *Pseudogley-Tschernoseme aus *Löss über *Geschiebemergel
Farmland SoilGrids null,10.1,52.18,L18_CC3926,Legende,50 SS-TT: p-ö/g-cl
Farmland SoilGrids null,10.1,52.18,L18_CC3926,Shape_Area,229953433.51330578
Farmland SoilGrids null,10.1,52.18,L18_CC3926,Shape_Length,326232.86568233836
Farmland SoilGrids null,10.1,52.18,L18_CC3926,Hinweis,
Farmland SoilGrids null,10.1,52.18,L18_CC3926,Profile,https://fisbo.bgr.de/app/FISBoBGR_Profilanzeige/getProfile.php?KARTE=BUEK200&LEGNR=392650
Farmland SoilGrids null,10.1,52.18,identify_L18,OBJECTID,74
Farmland SoilGrids null,10.1,52.18,identify_L18,NRKART,50
Farmland SoilGrids null,10.1,52.18,identify_L18,TKLE_NR,392650
Farmland SoilGrids null,10.1,52.18,identify_L18,BGL,6.2
Farmland SoilGrids null,10.1,52.18,identify_L18,Legendentext,Vorherrschend *Pseudogley-Tschernoseme aus *Löss über *Geschiebemergel
Farmland SoilGrids null,10.1,52.18,identify_L18,Legende,50 SS-TT: p-ö/g-cl
Farmland SoilGrids null,10.1,52.18,identify_L18,Shape Area,"229953433,513306"
Farmland SoilGrids null,10.1,52.18,identify_L18,Shape Length,"326232,865682"
Farmland SoilGrids null,10.1,52.18,identify_L18,Hinweis,Null
Farmland SoilGrids null,10.1,52.18,identify_L18,Profile,https://fisbo.bgr.de/app/FISBoBGR_Profilanzeige/getProfile.php?KARTE=BUEK200&amp;LEGNR=392650
Farmland SoilGrids null,10.1,52.18,profile_392650,unit_header,Bodenübersichtskarte 1:200.000 - Legendeneinheit Nr. 392650 Vorherrschend Pseudogley-Tschernoseme aus Löss über Geschiebemergel
Farmland SoilGrids null,10.1,52.18,profile_392650,n_profiles,1
Farmland SoilGrids null,10.1,52.18,profile_392650,p1.Bodensystematische Einheit,SS-TT
Farmland SoilGrids null,10.1,52.18,profile_392650,p1.Flächenanteil,95 %
Farmland SoilGrids null,10.1,52.18,profile_392650,p1.Landnutzung,Ackerflächen (CORINE Land Cover Code: 21)
Farmland SoilGrids null,10.1,52.18,profile_392650,p1.h1.horizon_symbol,Ap
Farmland SoilGrids null,10.1,52.18,profile_392650,p1.h1.top_dm,0
Farmland SoilGrids null,10.1,52.18,profile_392650,p1.h1.bottom_dm,3
Farmland SoilGrids null,10.1,52.18,profile_392650,p1.h1.stratigraphy,qw
Farmland SoilGrids null,10.1,52.18,profile_392650,p1.h1.origin,Lo
Farmland SoilGrids null,10.1,52.18,profile_392650,p1.h1.geogenesis,p
Farmland SoilGrids null,10.1,52.18,profile_392650,p1.h1.coarse_fraction,
Farmland SoilGrids null,10.1,52.18,profile_392650,p1.h1.coarse_content_class,0
Farmland SoilGrids null,10.1,52.18,profile_392650,p1.h1.texture_ka5,Ut3
Farmland SoilGrids null,10.1,52.18,profile_392650,p1.h1.humus_class,h3
Farmland SoilGrids null,10.1,52.18,profile_392650,p1.h1.carbonate_class,
Farmland SoilGrids null,10.1,52.18,profile_392650,p1.h1.structure,
Farmland SoilGrids null,10.1,52.18,profile_392650,p1.h1.bulk_density_class,Ld2
Farmland SoilGrids null,10.1,52.18,profile_392650,p1.h1.peat_type,
Farmland SoilGrids null,10.1,52.18,profile_392650,p1.h1.peat_decomposition,
Farmland SoilGrids null,10.1,52.18,profile_392650,p1.h1.peat_substance_volume,
Farmland SoilGrids null,10.1,52.18,profile_392650,p1.h1.acidity_class,
Farmland SoilGrids null,10.1,52.18,profile_392650,p1.h2.horizon_symbol,Axh
Farmland SoilGrids null,10.1,52.18,profile_392650,p1.h2.top_dm,3
Farmland SoilGrids null,10.1,52.18,profile_392650,p1.h2.bottom_dm,5
Farmland SoilGrids null,10.1,52.18,profile_392650,p1.h2.stratigraphy,qw
Farmland SoilGrids null,10.1,52.18,profile_392650,p1.h2.origin,Lo
Farmland SoilGrids null,10.1,52.18,profile_392650,p1.h2.geogenesis,p
Farmland SoilGrids null,10.1,52.18,profile_392650,p1.h2.coarse_fraction,
Farmland SoilGrids null,10.1,52.18,profile_392650,p1.h2.coarse_content_class,0
Farmland SoilGrids null,10.1,52.18,profile_392650,p1.h2.texture_ka5,Ut3
Farmland SoilGrids null,10.1,52.18,profile_392650,p1.h2.humus_class,h2
Farmland SoilGrids null,10.1,52.18,profile_392650,p1.h2.carbonate_class,
Farmland SoilGrids null,10.1,52.18,profile_392650,p1.h2.structure,
Farmland SoilGrids null,10.1,52.18,profile_392650,p1.h2.bulk_density_class,Ld2
Farmland SoilGrids null,10.1,52.18,profile_392650,p1.h2.peat_type,
Farmland SoilGrids null,10.1,52.18,profile_392650,p1.h2.peat_decomposition,
Farmland SoilGrids null,10.1,52.18,profile_392650,p1.h2.peat_substance_volume,
Farmland SoilGrids null,10.1,52.18,profile_392650,p1.h2.acidity_class,
Farmland SoilGrids null,10.1,52.18,profile_392650,p1.h3.horizon_symbol,Sw
Farmland SoilGrids null,10.1,52.18,profile_392650,p1.h3.top_dm,5
Farmland SoilGrids null,10.1,52.18,profile_392650,p1.h3.bottom_dm,10
Farmland SoilGrids null,10.1,52.18,profile_392650,p1.h3.stratigraphy,qw
Farmland SoilGrids null,10.1,52.18,profile_392650,p1.h3.origin,Lo
Farmland SoilGrids null,10.1,52.18,profile_392650,p1.h3.geogenesis,p
Farmland SoilGrids null,10.1,52.18,profile_392650,p1.h3.coarse_fraction,
Farmland SoilGrids null,10.1,52.18,profile_392650,p1.h3.coarse_content_class,0
Farmland SoilGrids null,10.1,52.18,profile_392650,p1.h3.texture_ka5,Ut3
Farmland SoilGrids null,10.1,52.18,profile_392650,p1.h3.humus_class,h0
Farmland SoilGrids null,10.1,52.18,profile_392650,p1.h3.carbonate_class,
Farmland SoilGrids null,10.1,52.18,profile_392650,p1.h3.structure,
Farmland SoilGrids null,10.1,52.18,profile_392650,p1.h3.bulk_density_class,Ld3
Farmland SoilGrids null,10.1,52.18,profile_392650,p1.h3.peat_type,
Farmland SoilGrids null,10.1,52.18,profile_392650,p1.h3.peat_decomposition,
Farmland SoilGrids null,10.1,52.18,profile_392650,p1.h3.peat_substance_volume,
Farmland SoilGrids null,10.1,52.18,profile_392650,p1.h3.acidity_class,
Farmland SoilGrids null,10.1,52.18,profile_392650,p1.h4.horizon_symbol,Sd
Farmland SoilGrids null,10.1,52.18,profile_392650,p1.h4.top_dm,10
Farmland SoilGrids null,10.1,52.18,profile_392650,p1.h4.bottom_dm,20
Farmland SoilGrids null,10.1,52.18,profile_392650,p1.h4.stratigraphy,qD
Farmland SoilGrids null,10.1,52.18,profile_392650,p1.h4.origin,Lg
Farmland SoilGrids null,10.1,52.18,profile_392650,p1.h4.geogenesis,g
Farmland SoilGrids null,10.1,52.18,profile_392650,p1.h4.coarse_fraction,O
Farmland SoilGrids null,10.1,52.18,profile_392650,p1.h4.coarse_content_class,2
Farmland SoilGrids null,10.1,52.18,profile_392650,p1.h4.texture_ka5,Sl4
Farmland SoilGrids null,10.1,52.18,profile_392650,p1.h4.humus_class,h0
Farmland SoilGrids null,10.1,52.18,profile_392650,p1.h4.carbonate_class,
Farmland SoilGrids null,10.1,52.18,profile_392650,p1.h4.structure,
Farmland SoilGrids null,10.1,52.18,profile_392650,p1.h4.bulk_density_class,Ld4
Farmland SoilGrids null,10.1,52.18,profile_392650,p1.h4.peat_type,
Farmland SoilGrids null,10.1,52.18,profile_392650,p1.h4.peat_decomposition,
Farmland SoilGrids null,10.1,52.18,profile_392650,p1.h4.peat_substance_volume,
Farmland SoilGrids null,10.1,52.18,profile_392650,p1.h4.acidity_class,
Hamburg (outside NI),9.95,53.55,L0_sheetindex,OBJECTID,12
Hamburg (outside NI),9.95,53.55,L0_sheetindex,BLATTNUM,CC 3118
Hamburg (outside NI),9.95,53.55,L0_sheetindex,BLATTNAM,Hamburg-West
Hamburg (outside NI),9.95,53.55,L0_sheetindex,JAHR,2009
Hamburg (outside NI),9.95,53.55,L0_sheetindex,Shape_Area,22060318201.004272
Hamburg (outside NI),9.95,53.55,L0_sheetindex,Shape_Length,594108.4724042545
Hamburg (outside NI),9.95,53.55,L10_CC3118,OBJECTID,93
Hamburg (outside NI),9.95,53.55,L10_CC3118,NRKART,70
Hamburg (outside NI),9.95,53.55,L10_CC3118,TKLE_NR,311870
Hamburg (outside NI),9.95,53.55,L10_CC3118,BGL,13.1
Hamburg (outside NI),9.95,53.55,L10_CC3118,LEG_TEXT,"Böden der *Stadtkernbereiche (verbreitet aus anthropogenen Auffüllungen und Kippsubstraten, Oberfläche zu >70% versiegelt)"
Hamburg (outside NI),9.95,53.55,L10_CC3118,Legende,70 Böden der Stadtkernbereiche
Hamburg (outside NI),9.95,53.55,L10_CC3118,Shape_Area,89664616.63782066
Hamburg (outside NI),9.95,53.55,L10_CC3118,Shape_Length,111707.60949907074
Hamburg (outside NI),9.95,53.55,L10_CC3118,Hinweis,
Hamburg (outside NI),9.95,53.55,L10_CC3118,Profile,https://fisbo.bgr.de/app/FISBoBGR_Profilanzeige/getProfile.php?KARTE=BUEK200&LEGNR=311870
Hamburg (outside NI),9.95,53.55,identify_L10,OBJECTID,93
Hamburg (outside NI),9.95,53.55,identify_L10,NRKART,70
Hamburg (outside NI),9.95,53.55,identify_L10,TKLE_NR,311870
Hamburg (outside NI),9.95,53.55,identify_L10,BGL,13.1
Hamburg (outside NI),9.95,53.55,identify_L10,Legendentext,"Böden der *Stadtkernbereiche (verbreitet aus anthropogenen Auffüllungen und Kippsubstraten, Oberfläche zu >70% versiegelt)"
Hamburg (outside NI),9.95,53.55,identify_L10,Legende,70 Böden der Stadtkernbereiche
Hamburg (outside NI),9.95,53.55,identify_L10,Shape Area,"89664616,637821"
Hamburg (outside NI),9.95,53.55,identify_L10,Shape Length,"111707,609499"
Hamburg (outside NI),9.95,53.55,identify_L10,Hinweis,Null
Hamburg (outside NI),9.95,53.55,identify_L10,Profile,https://fisbo.bgr.de/app/FISBoBGR_Profilanzeige/getProfile.php?KARTE=BUEK200&amp;LEGNR=311870
Hamburg (outside NI),9.95,53.55,profile_311870,unit_header,
Hamburg (outside NI),9.95,53.55,profile_311870,n_profiles,0
Hamburg (outside NI),9.95,53.55,profile_311870,note,Infoabfrage BÜK200 - Blatt 3118 Für die Legendennummer 70 sind keine Profildaten hinterlegt. Sie können die Beschreibung dieser Einheit aus der Legende beziehen.
EDGE Steinhuder Meer (lake),9.32,52.46,L0_sheetindex,OBJECTID,19
EDGE Steinhuder Meer (lake),9.32,52.46,L0_sheetindex,BLATTNUM,CC 3918
EDGE Steinhuder Meer (lake),9.32,52.46,L0_sheetindex,BLATTNAM,Hannover
EDGE Steinhuder Meer (lake),9.32,52.46,L0_sheetindex,JAHR,2006
EDGE Steinhuder Meer (lake),9.32,52.46,L0_sheetindex,Shape_Area,21658335259.246014
EDGE Steinhuder Meer (lake),9.32,52.46,L0_sheetindex,Shape_Length,588691.4533007089
EDGE Steinhuder Meer (lake),9.32,52.46,L17_CC3918,OBJECTID,137
EDGE Steinhuder Meer (lake),9.32,52.46,L17_CC3918,NRKART,999
EDGE Steinhuder Meer (lake),9.32,52.46,L17_CC3918,TKLE_NR,391800
EDGE Steinhuder Meer (lake),9.32,52.46,L17_CC3918,BGL,0.0
EDGE Steinhuder Meer (lake),9.32,52.46,L17_CC3918,LEG_TEXT,Gewässerflächen
EDGE Steinhuder Meer (lake),9.32,52.46,L17_CC3918,Legende,00 Gewässerflächen
EDGE Steinhuder Meer (lake),9.32,52.46,L17_CC3918,Shape_Area,236757295.48567042
EDGE Steinhuder Meer (lake),9.32,52.46,L17_CC3918,Shape_Length,3807892.483241639
EDGE Steinhuder Meer (lake),9.32,52.46,L17_CC3918,Hinweis,
EDGE Steinhuder Meer (lake),9.32,52.46,L17_CC3918,Profile,https://fisbo.bgr.de/app/FISBoBGR_Profilanzeige/getProfile.php?KARTE=BUEK200&LEGNR=391800
EDGE Steinhuder Meer (lake),9.32,52.46,identify_L17,OBJECTID,137
EDGE Steinhuder Meer (lake),9.32,52.46,identify_L17,NRKART,999
EDGE Steinhuder Meer (lake),9.32,52.46,identify_L17,TKLE_NR,391800
EDGE Steinhuder Meer (lake),9.32,52.46,identify_L17,BGL,0.0
EDGE Steinhuder Meer (lake),9.32,52.46,identify_L17,Legendentext,Gewässerflächen
EDGE Steinhuder Meer (lake),9.32,52.46,identify_L17,Legende,00 Gewässerflächen
EDGE Steinhuder Meer (lake),9.32,52.46,identify_L17,Shape Area,"236757295,48567"
EDGE Steinhuder Meer (lake),9.32,52.46,identify_L17,Shape Length,"3807892,483242"
EDGE Steinhuder Meer (lake),9.32,52.46,identify_L17,Hinweis,Null
EDGE Steinhuder Meer (lake),9.32,52.46,identify_L17,Profile,https://fisbo.bgr.de/app/FISBoBGR_Profilanzeige/getProfile.php?KARTE=BUEK200&amp;LEGNR=391800
EDGE Steinhuder Meer (lake),9.32,52.46,profile_391800,unit_header,
EDGE Steinhuder Meer (lake),9.32,52.46,profile_391800,n_profiles,0
EDGE Steinhuder Meer (lake),9.32,52.46,profile_391800,note,Infoabfrage BÜK200 - Blatt 3918 Bei der Legendennummer 00 handelt es sich um Gewässerflächen. Es sind keine Profildaten hinterlegt.
EDGE North Sea offshore,7.5,54.0,L0_sheetindex,OBJECTID,5
EDGE North Sea offshore,7.5,54.0,L0_sheetindex,BLATTNUM,CC 2310
EDGE North Sea offshore,7.5,54.0,L0_sheetindex,BLATTNAM,Helgoland
EDGE North Sea offshore,7.5,54.0,L0_sheetindex,JAHR,2005
EDGE North Sea offshore,7.5,54.0,L0_sheetindex,Shape_Area,22482142867.78881
EDGE North Sea offshore,7.5,54.0,L0_sheetindex,Shape_Length,599793.2520321349
EDGE North Sea offshore,7.5,54.0,L3_CC2310,n_features,0
EDGE Netherlands (outside DE),6.3,52.5,L0_sheetindex,OBJECTID,14
EDGE Netherlands (outside DE),6.3,52.5,L0_sheetindex,BLATTNUM,CC 3902
EDGE Netherlands (outside DE),6.3,52.5,L0_sheetindex,BLATTNAM,Lingen (Ems)
EDGE Netherlands (outside DE),6.3,52.5,L0_sheetindex,JAHR,2008
EDGE Netherlands (outside DE),6.3,52.5,L0_sheetindex,Shape_Area,21658440038.615826
EDGE Netherlands (outside DE),6.3,52.5,L0_sheetindex,Shape_Length,588692.6123221526
EDGE Netherlands (outside DE),6.3,52.5,L15_CC3902,n_features,0
