site,date,precipitation_sum,et0_fao_evapotranspiration,soil_moisture_0_to_7cm,soil_moisture_7_to_28cm,soil_moisture_28_to_100cm,soil_moisture_100_to_255cm,soil_temperature_0_to_7cm,soil_temperature_7_to_28cm,soil_temperature_28_to_100cm,soil_temperature_100_to_255cm
Hildesheimer Boerde (loess),2025-01-01,3.0,1.21,0.3685,0.376,0.392,0.3639,4.8083,4.2833,5.6,9.725
Hildesheimer Boerde (loess),2025-01-02,4.2,0.39,0.4027,0.3859,0.3911,0.364,3.85,4.7458,5.7,9.6375
Hildesheimer Boerde (loess),2025-01-03,1.8,0.45,0.3858,0.3891,0.391,0.3648,1.6958,3.1833,5.6333,9.5542
Hildesheimer Boerde (loess),2025-01-04,0.0,0.36,0.3795,0.3869,0.3905,0.365,0.6458,2.0417,5.3792,9.4667
Hildesheimer Boerde (loess),2025-01-05,13.7,0.35,0.3954,0.392,0.39,0.3655,1.3,1.8042,5.0667,9.375
Hildesheimer Boerde (loess),2025-01-06,3.5,1.31,0.4205,0.4217,0.3942,0.366,6.1917,4.7167,5.0,9.2792
Hildesheimer Boerde (loess),2025-01-07,3.0,0.69,0.4048,0.4117,0.3982,0.3667,4.025,4.9792,5.2625,9.1958
Hildesheimer Boerde (loess),2025-01-08,0.5,0.56,0.3965,0.4058,0.3992,0.3672,2.4417,3.4833,5.2958,9.1
Hildesheimer Boerde (loess),2025-01-09,12.3,0.15,0.3905,0.4001,0.3992,0.368,1.6292,2.7208,5.1542,9.0125
Hildesheimer Boerde (loess),2025-01-10,2.4,0.34,0.3929,0.3967,0.399,0.3688,1.1792,2.1792,4.9417,8.9292
Hildesheimer Boerde (loess),2025-01-11,0.0,0.34,0.3901,0.3956,0.3983,0.3694,0.5583,1.7375,4.7125,8.8417
Hildesheimer Boerde (loess),2025-01-12,0.0,0.36,0.3826,0.392,0.398,0.37,0.0125,1.2375,4.4458,8.7458
Hildesheimer Boerde (loess),2025-01-13,0.0,0.24,0.378,0.3878,0.3971,0.3708,-0.8375,0.7875,4.1542,8.65
Hildesheimer Boerde (loess),2025-01-14,0.3,0.65,0.3758,0.3839,0.3965,0.371,-1.0,0.4875,3.8625,8.55
Hildesheimer Boerde (loess),2025-01-15,0.0,0.14,0.4056,0.3885,0.396,0.372,0.3125,0.525,3.5958,8.4458
Hildesheimer Boerde (loess),2025-01-16,0.0,0.24,0.4028,0.3976,0.3951,0.3721,1.1667,0.8917,3.4208,8.3375
Hildesheimer Boerde (loess),2025-01-17,0.0,0.32,0.3932,0.398,0.3958,0.373,0.125,1.0,3.3042,8.2292
Hildesheimer Boerde (loess),2025-01-18,0.0,0.31,0.3873,0.395,0.395,0.3731,-0.2833,0.7625,3.2,8.1208
Hildesheimer Boerde (loess),2025-01-19,0.0,0.37,0.385,0.3918,0.395,0.374,-0.1958,0.675,3.0792,8.0125
Hildesheimer Boerde (loess),2025-01-20,0.0,0.27,0.3825,0.389,0.3948,0.374,-0.375,0.6,2.9708,7.9
Hildesheimer Boerde (loess),2025-01-21,0.0,0.45,0.3801,0.3862,0.394,0.3748,-0.4042,0.5042,2.8625,7.7875
Hildesheimer Boerde (loess),2025-01-22,0.1,0.78,0.379,0.3837,0.3937,0.375,-0.2417,0.4375,2.7583,7.6792
Hildesheimer Boerde (loess),2025-01-23,6.2,0.48,0.4108,0.3963,0.3932,0.3754,1.4167,0.6875,2.7,7.5708
Hildesheimer Boerde (loess),2025-01-24,2.3,0.67,0.4038,0.4028,0.394,0.376,3.3,2.0375,2.725,7.4625
Hildesheimer Boerde (loess),2025-01-25,3.7,0.57,0.4066,0.4043,0.395,0.376,5.775,4.5208,3.0667,7.3625
Hildesheimer Boerde (loess),2025-01-26,13.8,0.27,0.4098,0.4213,0.4046,0.3769,4.1583,4.4208,3.5333,7.2792
Hildesheimer Boerde (loess),2025-01-27,4.3,0.92,0.4078,0.4115,0.408,0.3778,5.8,4.7167,3.8417,7.2
Hildesheimer Boerde (loess),2025-01-28,0.0,0.71,0.4014,0.4095,0.408,0.3788,5.4292,5.2792,4.225,7.1125
Hildesheimer Boerde (loess),2025-01-29,2.7,0.73,0.4005,0.4045,0.4075,0.3798,5.3792,5.2125,4.5125,7.0792
Hildesheimer Boerde (loess),2025-01-30,6.0,0.39,0.4054,0.4033,0.407,0.3807,4.8833,4.9542,4.7333,7.0
Hildesheimer Boerde (loess),2025-01-31,0.0,0.55,0.4033,0.4093,0.407,0.3815,3.0292,4.0542,4.8,6.9792
Hildesheimer Boerde (loess),2025-02-01,0.0,0.43,0.3903,0.4028,0.4061,0.3823,1.375,2.5625,4.6958,6.9
Hildesheimer Boerde (loess),2025-02-02,0.0,0.5,0.3836,0.3958,0.4055,0.383,0.9583,1.9833,4.4458,6.875
Hildesheimer Boerde (loess),2025-02-03,0.0,0.62,0.3784,0.3895,0.4045,0.384,0.0125,1.225,4.15,6.8
Hildesheimer Boerde (loess),2025-02-04,0.0,0.75,0.3739,0.3842,0.4034,0.3845,0.0208,0.9375,3.8292,6.7417
Hildesheimer Boerde (loess),2025-02-05,0.2,0.39,0.3711,0.3796,0.4021,0.385,1.025,1.2292,3.5625,6.6875
Hildesheimer Boerde (loess),2025-02-06,0.2,0.27,0.3707,0.3762,0.4008,0.3856,2.5458,2.325,3.5,6.6
Hildesheimer Boerde (loess),2025-02-07,0.1,0.51,0.3686,0.3738,0.3996,0.386,2.0583,2.5833,3.5,6.5292
Hildesheimer Boerde (loess),2025-02-08,0.0,0.85,0.363,0.3707,0.3984,0.386,1.8708,2.2542,3.5,6.4792
Hildesheimer Boerde (loess),2025-02-09,0.0,0.67,0.3587,0.3675,0.3969,0.387,0.9875,1.8458,3.4375,6.4
Hildesheimer Boerde (loess),2025-02-10,0.2,0.62,0.3565,0.3647,0.3955,0.387,0.6833,1.4,3.3333,6.3292
Hildesheimer Boerde (loess),2025-02-11,2.2,0.82,0.3562,0.3625,0.3944,0.387,0.8083,1.35,3.2,6.2792
Hildesheimer Boerde (loess),2025-02-12,2.5,0.53,0.3559,0.3607,0.3932,0.387,0.8875,1.4125,3.1,6.2
Hildesheimer Boerde (loess),2025-02-13,2.8,0.45,0.354,0.3595,0.3918,0.387,0.3833,1.1625,2.9875,6.1208
Hildesheimer Boerde (loess),2025-02-14,0.6,0.41,0.3523,0.358,0.3907,0.3873,0.3792,1.0,2.8708,6.0625
Hildesheimer Boerde (loess),2025-02-15,0.3,0.53,0.3551,0.357,0.3896,0.388,0.025,0.8417,2.7542,6.0
Hildesheimer Boerde (loess),2025-02-16,0.3,0.53,0.3547,0.357,0.3886,0.388,-0.4,0.675,2.6417,5.9
Hildesheimer Boerde (loess),2025-02-17,0.0,0.62,0.3519,0.356,0.3877,0.388,-0.7125,0.4917,2.5083,5.8417
Hildesheimer Boerde (loess),2025-02-18,0.0,0.86,0.3504,0.3553,0.3868,0.388,-0.8542,0.3292,2.3625,5.775
Hildesheimer Boerde (loess),2025-02-19,0.0,1.19,0.3495,0.3546,0.3858,0.388,-0.9333,0.1958,2.2375,5.7
Hildesheimer Boerde (loess),2025-02-20,0.0,1.16,0.3593,0.3543,0.3848,0.388,-0.3,0.1083,2.0958,5.6042
Hildesheimer Boerde (loess),2025-02-21,0.4,1.11,0.3856,0.3607,0.3839,0.388,3.8,0.6333,2.0,5.5333
Hildesheimer Boerde (loess),2025-02-22,0.1,1.45,0.3754,0.3668,0.383,0.388,5.5792,3.3333,2.1625,5.4625
Hildesheimer Boerde (loess),2025-02-23,0.3,0.83,0.3681,0.367,0.3821,0.3875,6.8375,5.7083,2.7333,5.4
Hildesheimer Boerde (loess),2025-02-24,1.5,1.35,0.3613,0.3655,0.3815,0.387,6.8125,5.6083,3.2833,5.3292
Hildesheimer Boerde (loess),2025-02-25,0.7,0.94,0.3713,0.3658,0.3806,0.387,7.7042,6.6875,3.8167,5.3
Hildesheimer Boerde (loess),2025-02-26,4.7,0.58,0.3903,0.3712,0.38,0.387,5.8083,6.0208,4.275,5.3
Hildesheimer Boerde (loess),2025-02-27,2.8,0.9,0.387,0.3777,0.3795,0.387,4.6458,4.8875,4.4792,5.2875
Hildesheimer Boerde (loess),2025-02-28,1.3,0.64,0.3854,0.3807,0.379,0.387,3.7083,4.0875,4.5,5.2
Hildesheimer Boerde (loess),2025-03-01,0.8,0.69,0.3824,0.3816,0.379,0.387,3.8667,4.1833,4.5,5.2
Hildesheimer Boerde (loess),2025-03-02,0.0,0.95,0.3739,0.38,0.3788,0.387,2.6958,3.3125,4.425,5.2
Hildesheimer Boerde (loess),2025-03-03,0.0,1.37,0.3661,0.3765,0.378,0.387,2.1,2.7625,4.2542,5.2
Hildesheimer Boerde (loess),2025-03-04,0.0,1.5,0.3605,0.3722,0.3775,0.387,2.1792,2.5583,4.0583,5.2
Hildesheimer Boerde (loess),2025-03-05,0.0,2.01,0.3546,0.3676,0.3765,0.387,3.6458,3.1542,3.925,5.1125
Hildesheimer Boerde (loess),2025-03-06,0.0,2.14,0.3479,0.3626,0.3755,0.387,5.8375,4.6875,4.0042,5.1
Hildesheimer Boerde (loess),2025-03-07,0.0,1.97,0.3421,0.3577,0.3744,0.387,7.2875,6.2167,4.2792,5.1
Hildesheimer Boerde (loess),2025-03-08,0.0,2.01,0.3378,0.3532,0.3731,0.387,6.9,6.2875,4.6083,5.1
Hildesheimer Boerde (loess),2025-03-09,0.0,1.75,0.3337,0.349,0.3716,0.387,6.5875,6.3292,4.8708,5.1
Hildesheimer Boerde (loess),2025-03-10,0.0,1.68,0.3305,0.3454,0.3705,0.387,5.9125,5.8958,5.0417,5.1
Hildesheimer Boerde (loess),2025-03-11,0.1,1.08,0.3284,0.3422,0.3693,0.3865,5.4625,5.4708,5.1625,5.1
Hildesheimer Boerde (loess),2025-03-12,0.0,1.0,0.3274,0.34,0.3678,0.386,4.8958,5.4458,5.2,5.1
Hildesheimer Boerde (loess),2025-03-13,0.0,1.2,0.3252,0.3378,0.3666,0.386,2.9708,3.8875,5.1125,5.1
Hildesheimer Boerde (loess),2025-03-14,0.1,1.32,0.3229,0.3352,0.3655,0.386,2.8792,3.4958,4.9,5.1
Hildesheimer Boerde (loess),2025-03-15,0.0,1.21,0.3208,0.3331,0.364,0.386,2.7792,3.2333,4.6833,5.1
Hildesheimer Boerde (loess),2025-03-16,0.0,1.61,0.3177,0.331,0.3625,0.386,3.2917,3.3458,4.525,5.1
Hildesheimer Boerde (loess),2025-03-17,0.0,1.76,0.3136,0.3284,0.3611,0.386,3.8375,4.125,4.4208,5.0042
Hildesheimer Boerde (loess),2025-03-18,0.0,1.91,0.3084,0.3255,0.3595,0.386,1.9875,2.8833,4.3417,5.0
Hildesheimer Boerde (loess),2025-03-19,0.0,2.22,0.3037,0.3225,0.3578,0.3858,3.1167,2.9083,4.1458,5.0
Hildesheimer Boerde (loess),2025-03-20,0.0,2.43,0.2982,0.3192,0.3562,0.385,6.3375,4.7417,4.1333,5.0
Hildesheimer Boerde (loess),2025-03-21,0.0,2.98,0.2924,0.3156,0.3544,0.385,8.4125,6.6833,4.4125,5.0
Hildesheimer Boerde (loess),2025-03-22,0.0,3.29,0.2838,0.3115,0.3524,0.385,9.0958,7.8958,4.8708,5.0
Hildesheimer Boerde (loess),2025-03-23,0.0,2.25,0.2771,0.3075,0.3505,0.385,9.5083,8.3875,5.3292,5.0
Hildesheimer Boerde (loess),2025-03-24,0.7,1.89,0.2772,0.3046,0.3487,0.385,9.1708,8.2333,5.7125,5.0
Hildesheimer Boerde (loess),2025-03-25,0.1,1.03,0.2818,0.3027,0.3474,0.3847,7.9375,8.0208,6.0333,5.0
Hildesheimer Boerde (loess),2025-03-26,1.2,1.1,0.2916,0.302,0.346,0.384,7.6667,7.475,6.2125,5.0
Hildesheimer Boerde (loess),2025-03-27,0.0,1.9,0.2888,0.3012,0.3445,0.384,7.475,7.2375,6.3,5.0708
Hildesheimer Boerde (loess),2025-03-28,0.0,2.52,0.2821,0.2991,0.3428,0.384,7.8542,7.1958,6.325,5.1
Hildesheimer Boerde (loess),2025-03-29,0.0,2.06,0.2758,0.297,0.3411,0.384,7.9833,7.7375,6.4375,5.1
Hildesheimer Boerde (loess),2025-03-30,5.3,1.58,0.296,0.2955,0.3395,0.384,6.6667,6.8958,6.5,5.1125
Hildesheimer Boerde (loess),2025-03-31,0.3,1.56,0.3189,0.2978,0.3385,0.3831,7.15,7.05,6.5,5.2
Hildesheimer Boerde (loess),2025-04-01,0.0,2.17,0.3062,0.2985,0.3369,0.383,6.7708,6.5792,6.45,5.2
Hildesheimer Boerde (loess),2025-04-02,0.0,2.68,0.2939,0.2971,0.3355,0.383,8.3542,7.425,6.4542,5.2
Hildesheimer Boerde (loess),2025-04-03,0.0,2.93,0.2822,0.2948,0.3336,0.383,9.3125,8.3333,6.6083,5.25
Hildesheimer Boerde (loess),2025-04-04,0.0,3.06,0.2723,0.2918,0.3319,0.3825,10.4833,9.1625,6.8125,5.3
Hildesheimer Boerde (loess),2025-04-05,0.2,2.73,0.2648,0.2889,0.3302,0.382,8.8292,9.0417,7.0792,5.3
Hildesheimer Boerde (loess),2025-04-06,0.0,2.12,0.258,0.286,0.3285,0.382,6.1083,7.3042,7.1333,5.3625
Hildesheimer Boerde (loess),2025-04-07,0.0,2.57,0.2528,0.2835,0.327,0.382,5.8583,6.1083,6.9583,5.4
Hildesheimer Boerde (loess),2025-04-08,0.0,2.51,0.2476,0.2804,0.3255,0.3815,7.1208,6.6542,6.8083,5.4
Hildesheimer Boerde (loess),2025-04-09,0.0,2.51,0.2431,0.2775,0.3237,0.381,7.9458,7.3375,6.7583,5.4542
Hildesheimer Boerde (loess),2025-04-10,0.0,2.21,0.2386,0.2747,0.3225,0.381,8.85,8.1667,6.8333,5.5
Hildesheimer Boerde (loess),2025-04-11,0.0,2.64,0.2345,0.272,0.3207,0.381,9.8125,8.6625,6.9625,5.5
Hildesheimer Boerde (loess),2025-04-12,0.0,3.45,0.2287,0.2687,0.3191,0.3803,12.1125,10.0667,7.2042,5.5292
Hildesheimer Boerde (loess),2025-04-13,1.9,2.47,0.2309,0.2659,0.3175,0.38,12.5292,11.175,7.6042,5.6
Hildesheimer Boerde (loess),2025-04-14,0.3,2.77,0.2384,0.264,0.316,0.38,12.9667,11.5667,7.9958,5.6083
Hildesheimer Boerde (loess),2025-04-15,1.8,3.59,0.2353,0.2615,0.3144,0.3796,14.3833,12.2542,8.375,5.7
Hildesheimer Boerde (loess),2025-04-16,1.4,3.55,0.2412,0.259,0.3125,0.379,15.4625,13.4333,8.8333,5.7417
Hildesheimer Boerde (loess),2025-04-17,6.1,1.18,0.2607,0.258,0.3113,0.379,11.3958,12.2542,9.2375,5.8042
Hildesheimer Boerde (loess),2025-04-18,7.7,0.61,0.3628,0.2702,0.3105,0.379,9.0708,10.05,9.2958,5.9
Hildesheimer Boerde (loess),2025-04-19,3.2,1.36,0.359,0.2895,0.31,0.3785,8.9625,9.1167,9.1417,5.9625
Hildesheimer Boerde (loess),2025-04-20,0.9,3.32,0.3285,0.2964,0.3088,0.378,11.125,9.6125,8.9708,6.0042
Hildesheimer Boerde (loess),2025-04-21,4.6,2.98,0.3367,0.2978,0.3076,0.378,12.725,11.4542,9.0583,6.1
Hildesheimer Boerde (loess),2025-04-22,3.6,2.74,0.3472,0.3019,0.3069,0.378,12.7542,11.9833,9.2833,6.15
Hildesheimer Boerde (loess),2025-04-23,5.0,2.38,0.3572,0.3089,0.306,0.377,12.4958,11.7583,9.4625,6.2
Hildesheimer Boerde (loess),2025-04-24,1.0,2.25,0.3571,0.3185,0.3056,0.377,12.0583,11.7417,9.6333,6.3
Hildesheimer Boerde (loess),2025-04-25,0.1,2.02,0.3375,0.3208,0.305,0.377,11.1875,11.2042,9.7,6.3583
Hildesheimer Boerde (loess),2025-04-26,0.0,3.56,0.3186,0.3182,0.3045,0.3765,11.3292,10.8208,9.7,6.4167
Hildesheimer Boerde (loess),2025-04-27,0.0,3.8,0.2996,0.3129,0.3035,0.376,11.5083,11.025,9.7,6.5
Hildesheimer Boerde (loess),2025-04-28,0.0,3.99,0.285,0.3067,0.3021,0.376,12.7,11.5542,9.7292,6.5667
Hildesheimer Boerde (loess),2025-04-29,0.0,3.93,0.2725,0.3002,0.3006,0.3756,13.7125,12.4167,9.8792,6.6208
Hildesheimer Boerde (loess),2025-04-30,0.0,4.01,0.2616,0.2941,0.2995,0.375,15.3083,13.5417,10.15,6.7
Hildesheimer Boerde (loess),2025-05-01,0.0,4.38,0.2505,0.2876,0.2981,0.375,16.4458,14.475,10.4917,6.7833
Hildesheimer Boerde (loess),2025-05-02,4.0,4.37,0.2515,0.2812,0.2965,0.3745,17.7292,15.8333,10.9458,6.8583
Hildesheimer Boerde (loess),2025-05-03,1.3,2.9,0.2743,0.2778,0.2955,0.374,14.7875,14.8333,11.3333,6.9458
Hildesheimer Boerde (loess),2025-05-04,0.2,3.08,0.2693,0.2755,0.2945,0.374,12.1333,12.9958,11.4458,7.0375
Hildesheimer Boerde (loess),2025-05-05,0.3,2.75,0.2602,0.2724,0.2935,0.3736,10.8083,11.2958,11.2958,7.125
Hildesheimer Boerde (loess),2025-05-06,0.0,2.58,0.2515,0.2694,0.2925,0.373,11.1208,11.1125,11.075,7.2
Hildesheimer Boerde (loess),2025-05-07,0.1,3.28,0.2428,0.2662,0.2915,0.373,11.8458,11.4125,10.9208,7.3
Hildesheimer Boerde (loess),2025-05-08,0.0,3.22,0.2318,0.2622,0.2904,0.3726,11.2583,11.3708,10.8167,7.3667
Hildesheimer Boerde (loess),2025-05-09,0.0,3.53,0.2223,0.2581,0.2887,0.372,12.1292,11.4167,10.7083,7.4208
Hildesheimer Boerde (loess),2025-05-10,0.0,4.13,0.2128,0.2537,0.2875,0.372,13.4667,12.1708,10.6667,7.5
Hildesheimer Boerde (loess),2025-05-11,0.0,4.6,0.2021,0.2488,0.2858,0.3715,15.0167,13.4708,10.8083,7.5708
Hildesheimer Boerde (loess),2025-05-12,0.0,4.68,0.1918,0.2437,0.2841,0.371,14.6292,13.825,11.025,7.625
Hildesheimer Boerde (loess),2025-05-13,0.0,4.5,0.1826,0.2387,0.2822,0.3707,14.4167,13.6375,11.2083,7.7
Hildesheimer Boerde (loess),2025-05-14,0.0,4.83,0.1752,0.234,0.2805,0.37,14.8958,13.7333,11.3292,7.7833
Hildesheimer Boerde (loess),2025-05-15,0.0,4.28,0.169,0.2295,0.2789,0.37,14.2625,13.9458,11.4833,7.85
Hildesheimer Boerde (loess),2025-05-16,0.8,3.34,0.1678,0.226,0.2775,0.3694,12.9792,12.9708,11.5333,7.9167
Hildesheimer Boerde (loess),2025-05-17,6.5,3.47,0.1882,0.2231,0.2764,0.369,13.1917,12.6917,11.5083,8.0
Hildesheimer Boerde (loess),2025-05-18,0.8,3.25,0.2581,0.2224,0.2752,0.369,13.6292,13.05,11.5,8.075
Hildesheimer Boerde (loess),2025-05-19,0.0,2.79,0.2448,0.2222,0.2743,0.3681,14.2208,13.3333,11.5333,8.1375
Hildesheimer Boerde (loess),2025-05-20,0.1,3.6,0.2321,0.221,0.273,0.368,16.2833,14.4583,11.6625,8.2
Hildesheimer Boerde (loess),2025-05-21,0.0,4.71,0.2165,0.2187,0.2715,0.3677,15.4125,14.775,11.875,8.2958
Hildesheimer Boerde (loess),2025-05-22,0.6,3.86,0.2036,0.2163,0.2704,0.367,13.0417,13.7458,12.0,8.3583
Hildesheimer Boerde (loess),2025-05-23,3.4,3.0,0.2106,0.2146,0.2692,0.367,11.725,12.2917,11.9375,8.4208
Hildesheimer Boerde (loess),2025-05-24,0.5,3.34,0.226,0.2142,0.2684,0.3665,12.3917,11.9667,11.7667,8.5
Hildesheimer Boerde (loess),2025-05-25,9.8,1.85,0.2761,0.2149,0.2678,0.366,13.65,12.85,11.7,8.5708
Hildesheimer Boerde (loess),2025-05-26,0.6,3.87,0.2979,0.2203,0.267,0.366,14.9917,13.8167,11.7333,8.6167
Hildesheimer Boerde (loess),2025-05-27,4.0,2.96,0.2763,0.2221,0.266,0.3655,14.6125,14.0333,11.8667,8.7
Hildesheimer Boerde (loess),2025-05-28,7.2,1.9,0.3279,0.2278,0.266,0.365,14.4208,14.0667,11.9917,8.7583
Hildesheimer Boerde (loess),2025-05-29,0.9,2.99,0.3213,0.2403,0.2654,0.365,13.9208,13.4542,12.0208,8.8083
Hildesheimer Boerde (loess),2025-05-30,0.2,3.67,0.2942,0.2435,0.2645,0.3647,17.0792,14.9292,12.1458,8.9
Hildesheimer Boerde (loess),2025-05-31,0.4,3.98,0.2724,0.2428,0.2635,0.364,18.9292,16.6875,12.4417,8.9542
Hildesheimer Boerde (loess),2025-06-01,12.8,3.11,0.3461,0.2487,0.263,0.364,18.3958,17.3417,12.8708,9.025
Hildesheimer Boerde (loess),2025-06-02,0.3,3.92,0.3274,0.2631,0.2624,0.3636,17.0542,16.6042,13.2,9.1042
Hildesheimer Boerde (loess),2025-06-03,0.0,4.44,0.292,0.2631,0.2615,0.363,16.7667,15.8667,13.3542,9.2
Hildesheimer Boerde (loess),2025-06-04,1.4,3.85,0.2727,0.2601,0.2605,0.363,18.225,16.825,13.5583,9.2833
Hildesheimer Boerde (loess),2025-06-05,7.0,3.35,0.3192,0.2602,0.26,0.3624,17.0833,16.7042,13.7583,9.3708
Hildesheimer Boerde (loess),2025-06-06,4.8,3.89,0.3422,0.2688,0.2595,0.362,16.65,16.1375,13.9,9.4583
Hildesheimer Boerde (loess),2025-06-07,6.1,3.3,0.3393,0.2745,0.259,0.362,16.3208,15.9625,13.9375,9.5458
Hildesheimer Boerde (loess),2025-06-08,9.4,2.91,0.3713,0.2888,0.259,0.3614,14.7417,15.1625,13.9417,9.6333
Hildesheimer Boerde (loess),2025-06-09,1.9,3.44,0.3587,0.3066,0.2588,0.361,14.6542,14.35,13.8292,9.7125
Hildesheimer Boerde (loess),2025-06-10,4.5,2.24,0.3484,0.31,0.259,0.361,14.3708,14.4208,13.7208,9.8
Hildesheimer Boerde (loess),2025-06-11,0.0,3.47,0.3365,0.3126,0.259,0.3607,15.0458,14.5333,13.6167,9.8833
Hildesheimer Boerde (loess),2025-06-12,0.0,5.19,0.3077,0.3073,0.2585,0.36,16.2458,15.0,13.5667,9.95
Hildesheimer Boerde (loess),2025-06-13,0.0,6.1,0.2793,0.2985,0.2576,0.36,18.6458,16.7375,13.7042,10.0125
Hildesheimer Boerde (loess),2025-06-14,0.0,6.13,0.254,0.2884,0.2565,0.3593,20.9542,18.4208,14.0292,10.1
Hildesheimer Boerde (loess),2025-06-15,5.0,2.8,0.2613,0.2806,0.256,0.359,19.6375,19.1792,14.5083,10.1875
Hildesheimer Boerde (loess),2025-06-16,0.5,3.02,0.2838,0.2778,0.2556,0.359,17.4333,17.3708,14.7583,10.275
Hildesheimer Boerde (loess),2025-06-17,0.0,5.02,0.2662,0.2733,0.2547,0.3582,19.1458,17.4417,14.8333,10.3625
Hildesheimer Boerde (loess),2025-06-18,0.0,4.69,0.2452,0.2669,0.2537,0.358,20.05,18.6,15.0583,10.4542
Hildesheimer Boerde (loess),2025-06-19,0.0,4.18,0.2285,0.2606,0.2529,0.3576,18.0458,18.1458,15.2708,10.5458
Hildesheimer Boerde (loess),2025-06-20,0.0,4.84,0.214,0.2542,0.252,0.357,17.6042,17.0833,15.3,10.6417
Hildesheimer Boerde (loess),2025-06-21,0.0,5.57,0.1996,0.2475,0.2506,0.357,19.7417,17.8458,15.3292,10.7333
Hildesheimer Boerde (loess),2025-06-22,0.4,6.76,0.1836,0.2397,0.2492,0.356,22.325,19.625,15.5542,10.825
Hildesheimer Boerde (loess),2025-06-23,1.3,4.63,0.1786,0.2332,0.2478,0.356,20.2625,20.175,15.9042,10.9208
Hildesheimer Boerde (loess),2025-06-24,0.1,4.59,0.1762,0.2288,0.2472,0.3554,19.0,18.5583,16.0917,11.025
Hildesheimer Boerde (loess),2025-06-25,0.6,4.47,0.1725,0.2245,0.2464,0.355,21.0083,19.2167,16.1417,11.125
Hildesheimer Boerde (loess),2025-06-26,6.1,3.74,0.1972,0.2209,0.2454,0.355,20.8625,19.7083,16.3333,11.225
Hildesheimer Boerde (loess),2025-06-27,3.7,2.75,0.2564,0.22,0.245,0.3542,18.7542,18.9958,16.4792,11.325
Hildesheimer Boerde (loess),2025-06-28,0.0,4.07,0.2517,0.2192,0.2444,0.354,20.5667,18.8833,16.5,11.425
Hildesheimer Boerde (loess),2025-06-29,0.5,4.45,0.2333,0.2174,0.2435,0.354,21.8333,20.2167,16.625,11.525
Hildesheimer Boerde (loess),2025-06-30,0.0,5.52,0.2136,0.2141,0.2425,0.353,20.8958,20.0125,16.8125,11.6292
Hildesheimer Boerde (loess),2025-07-01,0.0,6.39,0.1908,0.2095,0.2409,0.353,23.3125,20.7625,16.9583,11.7292
Hildesheimer Boerde (loess),2025-07-02,0.0,6.81,0.1713,0.2047,0.2391,0.3522,26.3417,22.8958,17.2917,11.8333
Hildesheimer Boerde (loess),2025-07-03,2.7,3.88,0.1898,0.2013,0.238,0.352,21.2458,22.325,17.7208,11.9458
Hildesheimer Boerde (loess),2025-07-04,0.0,4.01,0.1835,0.1991,0.2373,0.3515,19.7417,19.8542,17.8,12.0583
Hildesheimer Boerde (loess),2025-07-05,0.2,5.43,0.1716,0.1965,0.236,0.351,20.275,19.5042,17.725,12.1708
Hildesheimer Boerde (loess),2025-07-06,2.6,3.24,0.1699,0.1942,0.235,0.351,19.4667,19.5292,17.7,12.2792
Hildesheimer Boerde (loess),2025-07-07,6.7,2.79,0.218,0.1937,0.235,0.35,18.3958,18.6625,17.6083,12.3833
Hildesheimer Boerde (loess),2025-07-08,0.5,3.88,0.2454,0.194,0.2345,0.35,17.3042,17.6542,17.4125,12.4833
Hildesheimer Boerde (loess),2025-07-09,1.1,3.71,0.2418,0.194,0.2339,0.35,17.9792,17.65,17.2083,12.5792
Hildesheimer Boerde (loess),2025-07-10,0.8,3.84,0.2255,0.1935,0.2333,0.3491,18.45,17.875,17.0375,12.6667
Hildesheimer Boerde (loess),2025-07-11,0.8,3.71,0.2173,0.1926,0.2325,0.349,19.1042,18.4083,17.0,12.7458
Hildesheimer Boerde (loess),2025-07-12,4.0,2.11,0.2218,0.192,0.232,0.349,18.15,18.2208,16.9375,12.825
Hildesheimer Boerde (loess),2025-07-13,1.1,3.12,0.2519,0.1929,0.232,0.3482,19.2083,18.3458,16.9,12.9
Hildesheimer Boerde (loess),2025-07-14,5.2,4.09,0.245,0.1928,0.2315,0.348,20.6042,19.1208,16.9167,12.9958
Hildesheimer Boerde (loess),2025-07-15,9.3,2.68,0.3396,0.2026,0.231,0.348,18.8,19.1333,17.0,13.0667
Hildesheimer Boerde (loess),2025-07-16,7.5,2.4,0.3538,0.2262,0.231,0.3474,17.1208,17.6708,16.9792,13.1333
Hildesheimer Boerde (loess),2025-07-17,1.6,1.54,0.3319,0.246,0.231,0.347,16.6125,16.8167,16.8333,13.2
Hildesheimer Boerde (loess),2025-07-18,0.9,2.78,0.316,0.2527,0.231,0.347,18.9458,17.7417,16.7,13.2917
Hildesheimer Boerde (loess),2025-07-19,0.0,4.69,0.2883,0.2534,0.2307,0.3468,21.0292,19.1875,16.7417,13.3417
Hildesheimer Boerde (loess),2025-07-20,4.0,4.48,0.2708,0.2501,0.2303,0.346,22.6667,20.7958,17.0042,13.4
Hildesheimer Boerde (loess),2025-07-21,0.5,2.5,0.2926,0.2491,0.23,0.346,20.6708,20.6667,17.3167,13.5
Hildesheimer Boerde (loess),2025-07-22,5.9,2.74,0.3118,0.2509,0.23,0.346,18.7958,19.1208,17.425,13.5667
Hildesheimer Boerde (loess),2025-07-23,1.8,3.34,0.3183,0.2558,0.23,0.3454,18.9375,18.5708,17.4042,13.6333
Hildesheimer Boerde (loess),2025-07-24,0.0,3.05,0.2955,0.257,0.23,0.345,19.2042,18.7042,17.4,13.7
Hildesheimer Boerde (loess),2025-07-25,0.8,2.33,0.28,0.2561,0.23,0.345,19.0708,18.6958,17.4,13.7917
Hildesheimer Boerde (loess),2025-07-26,0.0,3.22,0.2682,0.2545,0.2295,0.3447,19.425,18.875,17.4,13.85
Hildesheimer Boerde (loess),2025-07-27,6.1,2.16,0.2893,0.2531,0.229,0.344,18.675,18.75,17.4,13.9042
Hildesheimer Boerde (loess),2025-07-28,0.5,2.85,0.3058,0.2558,0.2293,0.344,17.9125,18.0208,17.35,14.0
Hildesheimer Boerde (loess),2025-07-29,1.3,3.24,0.2918,0.2562,0.229,0.344,17.5042,17.6417,17.2458,14.0458
Hildesheimer Boerde (loess),2025-07-30,1.9,3.35,0.2828,0.255,0.229,0.3435,17.0333,17.2,17.1292,14.1
Hildesheimer Boerde (loess),2025-07-31,1.1,3.01,0.2846,0.254,0.229,0.343,17.0875,17.0125,16.9792,14.175
Hildesheimer Boerde (loess),2025-08-01,2.4,2.49,0.285,0.2533,0.229,0.343,17.4167,17.3167,16.9,14.2
Hildesheimer Boerde (loess),2025-08-02,1.1,2.99,0.2895,0.2535,0.229,0.343,17.6667,17.3583,16.8042,14.2833
Hildesheimer Boerde (loess),2025-08-03,3.9,1.64,0.2901,0.2536,0.229,0.3424,16.2375,16.8417,16.7458,14.3
Hildesheimer Boerde (loess),2025-08-04,6.3,3.53,0.3437,0.2612,0.229,0.342,18.1083,17.1333,16.6208,14.375
Hildesheimer Boerde (loess),2025-08-05,2.3,3.75,0.3279,0.2676,0.229,0.342,18.525,18.15,16.6833,14.4
Hildesheimer Boerde (loess),2025-08-06,0.2,3.4,0.2986,0.2682,0.229,0.342,17.1458,17.3917,16.7,14.45
Hildesheimer Boerde (loess),2025-08-07,0.4,4.4,0.276,0.2652,0.2285,0.3413,18.4917,17.4292,16.6542,14.5
Hildesheimer Boerde (loess),2025-08-08,0.8,3.46,0.2663,0.2612,0.228,0.341,19.4,18.6083,16.7375,14.5125
Hildesheimer Boerde (loess),2025-08-09,0.0,4.46,0.2509,0.2571,0.228,0.341,20.7708,19.2417,16.8958,14.6
Hildesheimer Boerde (loess),2025-08-10,0.0,4.01,0.2324,0.252,0.2275,0.3404,19.8083,19.6292,17.1292,14.6
Hildesheimer Boerde (loess),2025-08-11,0.0,4.4,0.2173,0.2468,0.227,0.34,20.1,19.1542,17.2417,14.6958
Hildesheimer Boerde (loess),2025-08-12,0.0,5.49,0.2023,0.2411,0.2264,0.34,21.4583,19.9083,17.4292,14.7
Hildesheimer Boerde (loess),2025-08-13,0.0,4.95,0.1868,0.235,0.2255,0.3394,23.675,21.4292,17.6875,14.8
Hildesheimer Boerde (loess),2025-08-14,0.2,4.96,0.1761,0.2292,0.2246,0.339,24.9875,22.7,18.075,14.8292
Hildesheimer Boerde (loess),2025-08-15,0.0,4.78,0.1686,0.2238,0.2238,0.339,24.2125,23.0792,18.5167,14.9
Hildesheimer Boerde (loess),2025-08-16,0.0,3.86,0.1625,0.2194,0.2234,0.338,21.4125,21.9125,18.8292,14.9833
Hildesheimer Boerde (loess),2025-08-17,0.3,2.16,0.1612,0.2164,0.223,0.338,18.2333,19.5792,18.8708,15.05
Hildesheimer Boerde (loess),2025-08-18,0.0,4.16,0.1591,0.2133,0.2225,0.338,19.7042,19.025,18.725,15.1083
Hildesheimer Boerde (loess),2025-08-19,0.0,4.44,0.1533,0.2092,0.2217,0.3374,21.0458,19.7875,18.6167,15.2
Hildesheimer Boerde (loess),2025-08-20,0.0,3.7,0.149,0.2056,0.221,0.337,20.2667,20.1042,18.6333,15.2583
Hildesheimer Boerde (loess),2025-08-21,0.0,4.07,0.145,0.2025,0.2205,0.337,19.7458,19.9083,18.6292,15.3
Hildesheimer Boerde (loess),2025-08-22,0.6,2.84,0.1459,0.2001,0.22,0.3364,16.8875,18.3917,18.5542,15.4
Hildesheimer Boerde (loess),2025-08-23,0.8,3.06,0.1507,0.1985,0.22,0.336,16.1792,17.1917,18.3125,15.4292
Hildesheimer Boerde (loess),2025-08-24,0.3,2.56,0.1525,0.1968,0.22,0.336,15.575,16.4375,18.0042,15.5
Hildesheimer Boerde (loess),2025-08-25,0.0,3.17,0.1509,0.1951,0.2195,0.336,16.2333,16.3792,17.6958,15.5083
Hildesheimer Boerde (loess),2025-08-26,0.2,4.09,0.1471,0.193,0.219,0.3352,18.9625,17.4708,17.5167,15.6
Hildesheimer Boerde (loess),2025-08-27,7.9,3.57,0.1597,0.1902,0.2184,0.335,21.3042,19.4292,17.5292,15.6
Hildesheimer Boerde (loess),2025-08-28,10.1,1.75,0.2919,0.1922,0.218,0.335,19.55,19.6833,17.7083,15.6417
Hildesheimer Boerde (loess),2025-08-29,0.7,2.77,0.3178,0.2055,0.218,0.3347,18.9958,18.95,17.8,15.7
Hildesheimer Boerde (loess),2025-08-30,0.3,3.34,0.2851,0.2109,0.218,0.334,18.4875,18.5042,17.8,15.7
Hildesheimer Boerde (loess),2025-08-31,0.0,2.76,0.2619,0.212,0.218,0.334,18.6542,18.375,17.7958,15.7875
Hildesheimer Boerde (loess),2025-09-01,2.2,2.2,0.2582,0.2122,0.218,0.334,17.9708,18.2833,17.7375,15.8
Hildesheimer Boerde (loess),2025-09-02,1.8,3.05,0.2628,0.213,0.2175,0.3338,18.3792,18.1292,17.7,15.8167
Hildesheimer Boerde (loess),2025-09-03,0.0,3.77,0.2541,0.2133,0.217,0.333,18.5625,18.0875,17.6667,15.9
Hildesheimer Boerde (loess),2025-09-04,2.1,3.48,0.2389,0.2121,0.217,0.333,20.2583,19.225,17.7125,15.9
Hildesheimer Boerde (loess),2025-09-05,7.6,2.63,0.3243,0.2173,0.217,0.333,18.2792,18.8792,17.8,15.925
Hildesheimer Boerde (loess),2025-09-06,0.1,2.76,0.296,0.2242,0.217,0.3328,17.4667,17.6792,17.7333,16.0
Hildesheimer Boerde (loess),2025-09-07,0.0,3.9,0.2698,0.2252,0.2165,0.332,18.0083,17.8,17.6375,16.0
Hildesheimer Boerde (loess),2025-09-08,0.0,3.4,0.2475,0.224,0.216,0.332,18.2625,18.0042,17.6,16.0167
Hildesheimer Boerde (loess),2025-09-09,0.1,2.5,0.2333,0.222,0.216,0.332,17.7875,17.85,17.6,16.1
Hildesheimer Boerde (loess),2025-09-10,1.1,1.43,0.2344,0.221,0.216,0.3318,16.7958,17.5667,17.5417,16.1
Hildesheimer Boerde (loess),2025-09-11,3.4,1.89,0.2444,0.2208,0.216,0.331,15.6833,16.4583,17.4125,16.1
Hildesheimer Boerde (loess),2025-09-12,0.3,3.02,0.2511,0.2205,0.216,0.331,15.6833,16.1125,17.2125,16.1292
Hildesheimer Boerde (loess),2025-09-13,4.5,2.3,0.2608,0.2201,0.216,0.331,15.1375,15.7292,17.0125,16.2
Hildesheimer Boerde (loess),2025-09-14,2.9,2.52,0.2979,0.2228,0.216,0.331,15.3542,15.7083,16.8333,16.2
Hildesheimer Boerde (loess),2025-09-15,5.5,3.25,0.3168,0.2283,0.216,0.3306,16.6583,16.2167,16.7,16.2
Hildesheimer Boerde (loess),2025-09-16,3.9,2.81,0.3046,0.234,0.216,0.33,15.5083,16.2083,16.625,16.2
Hildesheimer Boerde (loess),2025-09-17,2.6,1.86,0.3104,0.2389,0.216,0.33,14.6708,15.2708,16.4958,16.2
Hildesheimer Boerde (loess),2025-09-18,1.5,1.26,0.3176,0.2448,0.216,0.33,15.9708,15.5833,16.3417,16.2
Hildesheimer Boerde (loess),2025-09-19,0.0,3.0,0.2952,0.2483,0.216,0.33,18.3417,17.1125,16.3292,16.2
Hildesheimer Boerde (loess),2025-09-20,1.3,3.63,0.2729,0.2472,0.216,0.3295,19.5042,18.2083,16.4833,16.2
Hildesheimer Boerde (loess),2025-09-21,2.4,2.02,0.2751,0.246,0.216,0.329,17.5292,18.3417,16.7375,16.2
Hildesheimer Boerde (loess),2025-09-22,0.0,2.11,0.2729,0.2464,0.216,0.329,14.3042,15.9125,16.7458,16.2
Hildesheimer Boerde (loess),2025-09-23,0.0,2.2,0.2598,0.245,0.216,0.329,12.8958,14.1042,16.4875,16.2
Hildesheimer Boerde (loess),2025-09-24,0.0,2.89,0.2478,0.2432,0.216,0.329,12.6167,13.6417,16.1625,16.2
Hildesheimer Boerde (loess),2025-09-25,0.6,2.52,0.2372,0.2415,0.216,0.3284,11.9125,13.1375,15.8458,16.2
Hildesheimer Boerde (loess),2025-09-26,2.8,1.84,0.2381,0.2397,0.216,0.328,12.5708,13.1083,15.5375,16.2
Hildesheimer Boerde (loess),2025-09-27,0.1,1.11,0.2592,0.239,0.2167,0.328,13.5,13.5542,15.3042,16.2
Hildesheimer Boerde (loess),2025-09-28,0.0,1.22,0.2548,0.239,0.217,0.328,13.9042,14.075,15.1667,16.2
Hildesheimer Boerde (loess),2025-09-29,0.0,1.95,0.2467,0.2382,0.217,0.328,13.6792,14.0292,15.1,16.2
Hildesheimer Boerde (loess),2025-09-30,0.4,2.21,0.24,0.2365,0.217,0.3277,13.0708,13.8583,15.0083,16.15
Hildesheimer Boerde (loess),2025-10-01,0.0,1.35,0.2328,0.2355,0.217,0.327,10.7833,12.3458,14.8333,16.1
Hildesheimer Boerde (loess),2025-10-02,0.0,1.73,0.2271,0.234,0.217,0.327,11.2458,12.1042,14.575,16.1
Hildesheimer Boerde (loess),2025-10-03,0.0,2.41,0.2202,0.2322,0.217,0.327,11.0042,11.6833,14.3125,16.1
Hildesheimer Boerde (loess),2025-10-04,12.8,1.32,0.2914,0.2331,0.217,0.327,11.1625,12.0583,14.1292,16.0083
Hildesheimer Boerde (loess),2025-10-05,2.8,1.61,0.3218,0.2418,0.217,0.327,11.4167,11.8333,13.9417,16.0
Hildesheimer Boerde (loess),2025-10-06,1.8,0.79,0.3206,0.2491,0.217,0.3266,11.4292,11.8708,13.7917,15.9667
Hildesheimer Boerde (loess),2025-10-07,0.8,0.64,0.3093,0.2544,0.2179,0.326,13.025,12.6333,13.7,15.9
Hildesheimer Boerde (loess),2025-10-08,1.1,0.56,0.3066,0.258,0.218,0.326,13.5167,13.45,13.725,15.9
Hildesheimer Boerde (loess),2025-10-09,0.1,1.38,0.3025,0.2608,0.218,0.326,13.1875,13.3667,13.8,15.8125
Hildesheimer Boerde (loess),2025-10-10,0.2,1.45,0.2922,0.262,0.2184,0.326,13.7,13.5375,13.825,15.8
Hildesheimer Boerde (loess),2025-10-11,0.1,1.09,0.2852,0.262,0.219,0.326,13.4708,13.6417,13.9,15.7792
Hildesheimer Boerde (loess),2025-10-12,1.8,0.75,0.287,0.2623,0.219,0.326,12.9,13.3208,13.9,15.7
Hildesheimer Boerde (loess),2025-10-13,0.9,1.04,0.2968,0.2637,0.219,0.3255,12.9917,13.2958,13.9,15.7
Hildesheimer Boerde (loess),2025-10-14,1.2,0.5,0.2974,0.2649,0.22,0.325,11.875,12.5333,13.8958,15.675
Hildesheimer Boerde (loess),2025-10-15,0.9,0.75,0.2995,0.2666,0.22,0.325,12.3042,12.5792,13.8,15.6
Hildesheimer Boerde (loess),2025-10-16,0.9,0.78,0.3007,0.2681,0.2202,0.325,11.9,12.4458,13.7292,15.6
Hildesheimer Boerde (loess),2025-10-17,1.5,0.95,0.3038,0.2696,0.221,0.325,11.3542,12.1042,13.6375,15.5625
Hildesheimer Boerde (loess),2025-10-18,0.0,1.27,0.2989,0.271,0.221,0.325,8.8667,10.7625,13.4583,15.5
Hildesheimer Boerde (loess),2025-10-19,0.0,1.6,0.2875,0.2705,0.221,0.325,8.1167,9.4083,13.1125,15.5
Hildesheimer Boerde (loess),2025-10-20,2.1,1.03,0.2869,0.27,0.2217,0.3244,9.925,9.925,12.7833,15.4
Hildesheimer Boerde (loess),2025-10-21,3.4,1.04,0.3136,0.2711,0.222,0.324,11.4792,11.3625,12.7,15.4
Hildesheimer Boerde (loess),2025-10-22,0.7,1.02,0.3182,0.275,0.222,0.324,11.7375,11.8417,12.6917,15.3042
Hildesheimer Boerde (loess),2025-10-23,6.9,1.44,0.3519,0.2824,0.2229,0.324,12.0375,12.0417,12.7,15.3
Hildesheimer Boerde (loess),2025-10-24,0.6,1.76,0.3387,0.2929,0.223,0.324,10.275,11.45,12.7,15.2
Hildesheimer Boerde (loess),2025-10-25,0.6,1.22,0.3213,0.295,0.2238,0.324,9.6208,10.4667,12.5875,15.2
Hildesheimer Boerde (loess),2025-10-26,6.1,0.93,0.3483,0.2986,0.2241,0.324,7.7875,9.3708,12.3792,15.1042
Hildesheimer Boerde (loess),2025-10-27,4.5,0.98,0.37,0.311,0.225,0.3239,8.0875,8.9125,12.0792,15.0875
Hildesheimer Boerde (loess),2025-10-28,6.7,0.8,0.3791,0.3255,0.2261,0.323,8.4958,9.0417,11.8125,15.0
Hildesheimer Boerde (loess),2025-10-29,0.0,1.2,0.3599,0.3361,0.2275,0.323,9.9792,9.8417,11.6375,14.95
Hildesheimer Boerde (loess),2025-10-30,7.9,1.25,0.3864,0.3457,0.229,0.323,10.3458,10.6542,11.6042,14.9
Hildesheimer Boerde (loess),2025-10-31,0.0,1.08,0.363,0.3505,0.2311,0.323,8.8625,9.6833,11.5833,14.8125
Hildesheimer Boerde (loess),2025-11-01,3.4,0.85,0.3622,0.3468,0.233,0.323,10.5708,10.3083,11.5,14.775
Hildesheimer Boerde (loess),2025-11-02,1.5,0.67,0.3689,0.3474,0.235,0.323,10.1792,10.6625,11.5333,14.7
Hildesheimer Boerde (loess),2025-11-03,0.1,1.29,0.3605,0.347,0.2368,0.323,9.7833,10.2042,11.5292,14.6375
Hildesheimer Boerde (loess),2025-11-04,0.0,1.22,0.3465,0.343,0.2385,0.323,11.0292,10.8792,11.5333,14.6
Hildesheimer Boerde (loess),2025-11-05,0.0,1.64,0.3365,0.3378,0.2399,0.3223,10.3542,10.7792,11.6,14.5083
Hildesheimer Boerde (loess),2025-11-06,0.0,0.95,0.3298,0.3329,0.2412,0.322,8.6083,9.8167,11.55,14.4833
Hildesheimer Boerde (loess),2025-11-07,0.1,0.63,0.3261,0.3287,0.2422,0.322,7.6125,8.7125,11.3833,14.4
Hildesheimer Boerde (loess),2025-11-08,0.9,0.37,0.327,0.3255,0.2432,0.322,8.2042,8.7375,11.1708,14.3542
Hildesheimer Boerde (loess),2025-11-09,2.6,0.23,0.3423,0.3242,0.2442,0.322,9.1875,9.3625,11.0375,14.3
Hildesheimer Boerde (loess),2025-11-10,0.0,0.5,0.3433,0.325,0.2451,0.322,8.975,9.5208,11.0,14.2125
Hildesheimer Boerde (loess),2025-11-11,2.1,0.63,0.3494,0.3261,0.246,0.322,8.8625,9.3,10.9208,14.1708
Hildesheimer Boerde (loess),2025-11-12,0.0,1.17,0.3389,0.3264,0.247,0.322,9.1375,9.3625,10.9,14.1
Hildesheimer Boerde (loess),2025-11-13,0.3,1.47,0.3282,0.324,0.2479,0.322,10.9458,10.3125,10.8917,14.0333
Hildesheimer Boerde (loess),2025-11-14,3.3,0.54,0.3328,0.3218,0.2487,0.322,10.6792,10.9083,11.0125,14.0
Hildesheimer Boerde (loess),2025-11-15,16.3,0.18,0.4021,0.3415,0.2495,0.3213,8.2792,9.6292,11.0667,13.9
Hildesheimer Boerde (loess),2025-11-16,4.1,0.16,0.4024,0.3724,0.2522,0.321,8.2167,9.0167,10.9458,13.875
Hildesheimer Boerde (loess),2025-11-17,3.3,0.38,0.3978,0.3788,0.2559,0.321,5.3125,7.3708,10.7125,13.8
Hildesheimer Boerde (loess),2025-11-18,1.6,0.52,0.3856,0.377,0.2597,0.321,4.1375,5.7667,10.2708,13.7417
Hildesheimer Boerde (loess),2025-11-19,3.0,0.53,0.3842,0.3724,0.2631,0.321,4.1542,5.4833,9.7958,13.6792
Hildesheimer Boerde (loess),2025-11-20,5.3,0.36,0.3955,0.3758,0.2663,0.321,2.8833,4.8792,9.3625,13.5958
Hildesheimer Boerde (loess),2025-11-21,0.0,0.42,0.3762,0.3725,0.2694,0.321,0.4083,2.9042,8.8042,13.5
Hildesheimer Boerde (loess),2025-11-22,0.0,0.67,0.3662,0.3661,0.272,0.321,0.3583,2.1625,8.1583,13.4042
Hildesheimer Boerde (loess),2025-11-23,1.2,1.14,0.3585,0.3602,0.2741,0.321,0.15,1.8583,7.5625,13.2875
Hildesheimer Boerde (loess),2025-11-24,1.5,0.41,0.3638,0.3557,0.2757,0.321,2.05,2.4667,7.0792,13.1708
Hildesheimer Boerde (loess),2025-11-25,1.2,0.23,0.3781,0.3574,0.2775,0.321,3.6833,3.9625,6.8458,13.05
Hildesheimer Boerde (loess),2025-11-26,0.1,0.32,0.3726,0.359,0.2792,0.321,2.9792,4.15,6.7917,12.9333
Hildesheimer Boerde (loess),2025-11-27,1.4,0.58,0.3671,0.3574,0.2808,0.321,2.8458,3.4958,6.6458,12.8083
Hildesheimer Boerde (loess),2025-11-28,1.0,0.42,0.3725,0.3572,0.2825,0.321,5.1417,4.85,6.6,12.6792
Hildesheimer Boerde (loess),2025-11-29,0.0,0.39,0.3659,0.3571,0.284,0.321,6.4125,6.0417,6.7417,12.5625
Hildesheimer Boerde (loess),2025-11-30,0.2,0.69,0.3582,0.3545,0.2855,0.321,7.0,6.8792,6.9917,12.45
Hildesheimer Boerde (loess),2025-12-01,0.0,0.86,0.3506,0.3512,0.2867,0.3209,4.9958,6.1042,7.1875,12.3458
Hildesheimer Boerde (loess),2025-12-02,0.2,0.75,0.3447,0.3475,0.2878,0.32,4.1542,4.8875,7.1833,12.2417
Hildesheimer Boerde (loess),2025-12-03,0.4,0.45,0.3444,0.3444,0.2888,0.32,5.0292,5.5167,7.1542,12.1417
Hildesheimer Boerde (loess),2025-12-04,0.4,0.37,0.3436,0.3421,0.2896,0.32,3.1333,4.6167,7.1125,12.0417
Hildesheimer Boerde (loess),2025-12-05,0.0,0.26,0.3416,0.3402,0.2903,0.32,2.1167,3.3208,6.9,11.9417
Hildesheimer Boerde (loess),2025-12-06,4.1,0.48,0.3497,0.339,0.291,0.32,3.875,4.0292,6.7125,11.8417
Hildesheimer Boerde (loess),2025-12-07,5.6,0.45,0.3766,0.3444,0.292,0.32,6.7417,5.8208,6.7125,11.7375
Hildesheimer Boerde (loess),2025-12-08,3.9,0.49,0.3911,0.3586,0.2931,0.32,9.4708,8.0083,6.9708,11.6375
Hildesheimer Boerde (loess),2025-12-09,2.8,0.44,0.3925,0.3683,0.2948,0.32,9.8042,9.2292,7.45,11.55
Hildesheimer Boerde (loess),2025-12-10,0.8,0.6,0.3781,0.3701,0.2969,0.32,9.4875,9.0625,7.8708,11.4792
Hildesheimer Boerde (loess),2025-12-11,0.0,0.43,0.37,0.3672,0.2988,0.32,7.6958,8.4792,8.1917,11.4
Hildesheimer Boerde (loess),2025-12-12,0.0,0.31,0.3625,0.3631,0.3005,0.32,6.15,6.9458,8.25,11.3375
Hildesheimer Boerde (loess),2025-12-13,0.0,0.23,0.3579,0.3593,0.3019,0.32,6.9667,7.1125,8.2,11.2958
Hildesheimer Boerde (loess),2025-12-14,0.0,0.39,0.3539,0.3558,0.3032,0.32,6.0625,6.8083,8.2,11.2
Hildesheimer Boerde (loess),2025-12-15,0.0,0.62,0.3495,0.3525,0.3041,0.32,5.7417,6.4167,8.1208,11.1583
Hildesheimer Boerde (loess),2025-12-16,0.0,0.76,0.3448,0.3492,0.305,0.32,5.1792,6.025,8.0083,11.1
Hildesheimer Boerde (loess),2025-12-17,0.0,0.64,0.341,0.3461,0.3058,0.32,5.2833,5.6875,7.8417,11.0208
Hildesheimer Boerde (loess),2025-12-18,0.0,0.86,0.3378,0.3433,0.3061,0.32,7.1125,6.8083,7.8,10.9708
Hildesheimer Boerde (loess),2025-12-19,0.3,0.96,0.3346,0.3407,0.307,0.32,8.2083,7.6958,7.85,10.9
Hildesheimer Boerde (loess),2025-12-20,0.4,0.22,0.3364,0.3386,0.3071,0.32,6.5042,7.3125,7.9958,10.8333
Hildesheimer Boerde (loess),2025-12-21,0.0,0.3,0.3375,0.3374,0.308,0.32,6.5208,7.0333,8.0,10.8
Hildesheimer Boerde (loess),2025-12-22,0.0,0.45,0.3347,0.336,0.308,0.32,5.5083,6.3458,7.95,10.7083
Hildesheimer Boerde (loess),2025-12-23,0.0,0.55,0.3313,0.3345,0.3086,0.32,3.8083,5.3542,7.8042,10.6875
Hildesheimer Boerde (loess),2025-12-24,0.0,0.74,0.3275,0.3328,0.309,0.32,1.3583,3.6375,7.4917,10.6
Hildesheimer Boerde (loess),2025-12-25,0.0,0.63,0.3252,0.3313,0.309,0.32,-0.4708,1.725,6.9625,10.5375
Hildesheimer Boerde (loess),2025-12-26,0.0,0.34,0.325,0.3298,0.3092,0.32,-1.1792,0.8208,6.3375,10.4667
Hildesheimer Boerde (loess),2025-12-27,0.1,0.18,0.325,0.3287,0.31,0.32,-1.1333,0.5583,5.7583,10.375
Hildesheimer Boerde (loess),2025-12-28,0.0,0.16,0.325,0.3278,0.31,0.32,-0.4708,0.5625,5.2625,10.275
Hildesheimer Boerde (loess),2025-12-29,0.6,0.21,0.3275,0.327,0.31,0.32,0.0292,0.6542,4.8542,10.1667
Hildesheimer Boerde (loess),2025-12-30,0.0,0.36,0.3289,0.327,0.31,0.32,-0.0458,0.85,4.5542,10.0583
Hildesheimer Boerde (loess),2025-12-31,6.3,0.24,0.3477,0.3272,0.3107,0.32,-0.3125,0.7583,4.3,9.9458
Lueneburger Heide (sand),2025-01-01,6.2,0.94,0.2559,0.2518,0.269,0.258,5.6667,5.1708,5.9417,9.2083
Lueneburger Heide (sand),2025-01-02,1.9,0.45,0.2766,0.2652,0.2682,0.259,3.45,4.7458,6.0,9.1333
Lueneburger Heide (sand),2025-01-03,2.3,0.38,0.2628,0.2663,0.268,0.259,1.3208,2.925,5.8208,9.0583
Lueneburger Heide (sand),2025-01-04,0.1,0.3,0.256,0.2638,0.268,0.259,0.3708,1.75,5.4167,8.975
Lueneburger Heide (sand),2025-01-05,14.8,0.28,0.2727,0.2641,0.268,0.259,0.9083,1.7083,5.0167,8.8792
Lueneburger Heide (sand),2025-01-06,5.4,1.03,0.316,0.3072,0.2716,0.2595,5.8708,4.4458,4.875,8.7833
Lueneburger Heide (sand),2025-01-07,1.4,0.74,0.2871,0.2974,0.2779,0.26,4.0458,4.875,5.15,8.6958
Lueneburger Heide (sand),2025-01-08,0.0,0.59,0.2739,0.2866,0.2799,0.2606,2.5958,3.5042,5.1708,8.6
Lueneburger Heide (sand),2025-01-09,5.7,0.16,0.2676,0.2788,0.28,0.261,0.6625,2.1625,4.9792,8.5083
Lueneburger Heide (sand),2025-01-10,2.5,0.25,0.2691,0.2739,0.2794,0.262,0.7958,1.675,4.65,8.4208
Lueneburger Heide (sand),2025-01-11,0.0,0.58,0.2635,0.2711,0.279,0.2622,0.4417,1.4667,4.3667,8.3208
Lueneburger Heide (sand),2025-01-12,0.0,0.41,0.2562,0.2661,0.278,0.263,0.3292,1.275,4.0958,8.2208
Lueneburger Heide (sand),2025-01-13,0.0,0.22,0.2517,0.2612,0.2772,0.2631,-0.5125,0.8125,3.8333,8.1167
Lueneburger Heide (sand),2025-01-14,0.1,0.63,0.2503,0.2571,0.2763,0.264,-0.3167,0.6042,3.5667,8.0083
Lueneburger Heide (sand),2025-01-15,0.2,0.18,0.2636,0.2568,0.2753,0.264,2.0708,1.4,3.3958,7.8875
Lueneburger Heide (sand),2025-01-16,0.0,0.17,0.2622,0.2588,0.2744,0.2643,2.7333,2.7833,3.4542,7.7792
Lueneburger Heide (sand),2025-01-17,0.0,0.22,0.2553,0.258,0.2736,0.265,1.3208,2.1917,3.5917,7.6708
Lueneburger Heide (sand),2025-01-18,0.0,0.16,0.2492,0.2555,0.2729,0.265,0.3958,1.3792,3.4958,7.5708
Lueneburger Heide (sand),2025-01-19,0.0,0.3,0.2451,0.2525,0.272,0.265,0.075,0.9333,3.3458,7.4667
Lueneburger Heide (sand),2025-01-20,0.2,0.19,0.2422,0.2495,0.271,0.265,-0.325,0.7458,3.175,7.3625
Lueneburger Heide (sand),2025-01-21,0.0,0.36,0.24,0.2469,0.2701,0.2657,-0.1958,0.6042,3.0125,7.2583
Lueneburger Heide (sand),2025-01-22,0.5,0.51,0.2387,0.2446,0.2692,0.266,-0.2042,0.5542,2.8583,7.15
Lueneburger Heide (sand),2025-01-23,5.3,0.33,0.2722,0.2518,0.2683,0.266,1.4458,0.975,2.7542,7.0458
Lueneburger Heide (sand),2025-01-24,3.9,0.48,0.2684,0.2598,0.268,0.266,3.5875,2.5708,2.8458,6.9375
Lueneburger Heide (sand),2025-01-25,4.4,0.24,0.2842,0.2716,0.268,0.266,5.0375,4.4875,3.2167,6.8375
Lueneburger Heide (sand),2025-01-26,7.5,0.16,0.2931,0.2836,0.269,0.266,2.6542,3.3542,3.5625,6.7583
Lueneburger Heide (sand),2025-01-27,4.9,0.76,0.2945,0.2885,0.2714,0.266,4.9833,3.9125,3.6958,6.6875
Lueneburger Heide (sand),2025-01-28,0.1,0.53,0.2817,0.288,0.2739,0.266,4.9167,4.8375,4.0333,6.6
Lueneburger Heide (sand),2025-01-29,3.8,0.47,0.2853,0.2845,0.2753,0.2664,4.7167,4.6167,4.2875,6.5458
Lueneburger Heide (sand),2025-01-30,4.2,0.35,0.2843,0.2843,0.2765,0.267,4.6708,4.6917,4.4792,6.5
Lueneburger Heide (sand),2025-01-31,0.0,0.51,0.2777,0.2845,0.2776,0.267,2.7208,3.5833,4.5375,6.4375
Lueneburger Heide (sand),2025-02-01,0.0,0.34,0.2659,0.2779,0.278,0.2674,1.5917,2.6042,4.4042,6.4
Lueneburger Heide (sand),2025-02-02,0.0,0.35,0.2598,0.2716,0.2775,0.268,0.75,1.7833,4.1458,6.3375
Lueneburger Heide (sand),2025-02-03,0.0,0.5,0.2552,0.266,0.277,0.268,-0.2458,0.9417,3.8208,6.3
Lueneburger Heide (sand),2025-02-04,0.0,0.45,0.2514,0.2611,0.2761,0.2681,-0.225,0.7167,3.4625,6.2042
Lueneburger Heide (sand),2025-02-05,0.0,0.35,0.2485,0.2569,0.2753,0.269,1.4208,1.1708,3.1833,6.1417
Lueneburger Heide (sand),2025-02-06,0.0,0.35,0.2451,0.2533,0.2744,0.269,2.625,2.45,3.1375,6.075
Lueneburger Heide (sand),2025-02-07,0.1,0.59,0.2425,0.2498,0.2734,0.269,1.9167,2.3875,3.2,6.0
Lueneburger Heide (sand),2025-02-08,0.0,0.88,0.2384,0.2465,0.2723,0.269,1.7875,2.1792,3.2,5.9208
Lueneburger Heide (sand),2025-02-09,0.0,0.7,0.2352,0.2433,0.271,0.269,1.2333,1.7958,3.2,5.8667
Lueneburger Heide (sand),2025-02-10,0.0,0.83,0.2323,0.2405,0.2697,0.269,1.3375,1.7958,3.1,5.8
Lueneburger Heide (sand),2025-02-11,0.0,1.12,0.2293,0.2379,0.2685,0.269,0.525,1.3208,3.0333,5.7167
Lueneburger Heide (sand),2025-02-12,0.7,0.79,0.2267,0.2355,0.2673,0.269,0.4917,1.1208,2.8833,5.6625
Lueneburger Heide (sand),2025-02-13,1.4,0.57,0.2255,0.2335,0.2658,0.269,-0.05,0.7833,2.7458,5.6
Lueneburger Heide (sand),2025-02-14,0.0,0.52,0.225,0.2317,0.2645,0.269,0.1875,0.7375,2.5875,5.5
Lueneburger Heide (sand),2025-02-15,0.2,0.57,0.2247,0.2305,0.2632,0.269,0.0583,0.7,2.4583,5.4375
Lueneburger Heide (sand),2025-02-16,0.0,0.74,0.2235,0.2293,0.2617,0.269,-0.2625,0.6042,2.3458,5.3708
Lueneburger Heide (sand),2025-02-17,0.0,0.62,0.2217,0.2284,0.2605,0.269,-0.425,0.475,2.2333,5.3
Lueneburger Heide (sand),2025-02-18,0.0,0.95,0.2217,0.2275,0.2592,0.269,-0.9458,0.3,2.1208,5.2
Lueneburger Heide (sand),2025-02-19,0.0,1.49,0.2207,0.2269,0.2577,0.269,-1.0042,0.125,1.975,5.1292
Lueneburger Heide (sand),2025-02-20,0.0,1.23,0.221,0.226,0.2565,0.269,-0.4083,0.0458,1.8542,5.0542
Lueneburger Heide (sand),2025-02-21,0.6,0.84,0.2417,0.2275,0.2553,0.269,3.5958,0.6333,1.8,4.9833
Lueneburger Heide (sand),2025-02-22,0.5,1.08,0.2376,0.2301,0.2537,0.269,5.3458,3.3583,1.9792,4.9
Lueneburger Heide (sand),2025-02-23,0.4,0.67,0.238,0.2316,0.2525,0.269,6.7,5.575,2.5875,4.8208
Lueneburger Heide (sand),2025-02-24,2.9,1.1,0.2346,0.2316,0.2514,0.2686,6.675,5.5,3.1667,4.8
Lueneburger Heide (sand),2025-02-25,0.3,0.72,0.2462,0.2343,0.2502,0.268,7.3333,6.4833,3.725,4.7625
Lueneburger Heide (sand),2025-02-26,1.1,0.65,0.24,0.236,0.2491,0.268,5.4042,5.6,4.1458,4.7
Lueneburger Heide (sand),2025-02-27,3.5,0.75,0.2491,0.2375,0.248,0.268,4.0958,4.4542,4.3,4.7
Lueneburger Heide (sand),2025-02-28,1.2,0.41,0.2505,0.2418,0.2471,0.268,3.2042,3.65,4.3,4.7
Lueneburger Heide (sand),2025-03-01,0.0,0.74,0.244,0.243,0.2464,0.268,3.95,3.9417,4.2,4.7
Lueneburger Heide (sand),2025-03-02,0.0,1.05,0.2371,0.242,0.2455,0.268,4.0708,3.9125,4.2,4.7
Lueneburger Heide (sand),2025-03-03,0.0,1.41,0.2316,0.2394,0.2444,0.268,3.7708,3.9917,4.2,4.7
Lueneburger Heide (sand),2025-03-04,0.0,1.42,0.227,0.2362,0.2432,0.268,3.525,3.6208,4.1417,4.7
Lueneburger Heide (sand),2025-03-05,0.0,1.93,0.2226,0.2328,0.2416,0.2672,5.0917,4.425,4.1375,4.6708
Lueneburger Heide (sand),2025-03-06,0.0,1.87,0.2182,0.2294,0.2405,0.267,6.0833,5.3042,4.3125,4.6
Lueneburger Heide (sand),2025-03-07,0.0,1.89,0.2145,0.2258,0.2388,0.267,7.25,6.2917,4.5583,4.6
Lueneburger Heide (sand),2025-03-08,0.0,2.17,0.2107,0.2226,0.2375,0.267,7.1333,6.4833,4.8542,4.6
Lueneburger Heide (sand),2025-03-09,0.0,1.73,0.2072,0.2193,0.2358,0.267,7.1,6.7917,5.1292,4.6292
Lueneburger Heide (sand),2025-03-10,0.0,1.53,0.2048,0.2167,0.2345,0.2666,5.7167,5.8542,5.275,4.7
Lueneburger Heide (sand),2025-03-11,0.0,1.1,0.2033,0.2145,0.233,0.266,5.4292,5.5125,5.3,4.7
Lueneburger Heide (sand),2025-03-12,0.0,1.14,0.2025,0.2125,0.2316,0.266,5.0958,5.4708,5.3,4.7
Lueneburger Heide (sand),2025-03-13,0.1,1.21,0.2015,0.2108,0.2305,0.266,2.8792,3.9208,5.175,4.7
Lueneburger Heide (sand),2025-03-14,1.0,1.23,0.2035,0.2095,0.2292,0.266,2.6,3.3167,4.9,4.7
Lueneburger Heide (sand),2025-03-15,0.0,1.23,0.2051,0.2085,0.2277,0.266,2.6208,3.1333,4.6417,4.7
Lueneburger Heide (sand),2025-03-16,0.0,1.31,0.2015,0.2075,0.2265,0.265,2.4,2.8542,4.3875,4.7
Lueneburger Heide (sand),2025-03-17,0.0,1.79,0.1978,0.2058,0.2253,0.265,2.8125,3.2542,4.225,4.7
Lueneburger Heide (sand),2025-03-18,0.0,1.82,0.194,0.2036,0.2236,0.265,1.3042,2.2417,4.025,4.7
Lueneburger Heide (sand),2025-03-19,0.0,2.12,0.1908,0.2015,0.2225,0.265,2.1083,2.1542,3.7667,4.7
Lueneburger Heide (sand),2025-03-20,0.0,2.17,0.1869,0.1991,0.2207,0.2644,4.9667,3.675,3.675,4.625
Lueneburger Heide (sand),2025-03-21,0.0,3.07,0.1823,0.1966,0.2193,0.264,7.1542,5.5333,3.875,4.6
Lueneburger Heide (sand),2025-03-22,0.0,3.54,0.1756,0.1935,0.2175,0.264,8.9167,7.5083,4.3417,4.6
Lueneburger Heide (sand),2025-03-23,0.0,2.63,0.1697,0.1904,0.2157,0.264,9.6583,8.1667,4.8667,4.6
Lueneburger Heide (sand),2025-03-24,0.1,1.61,0.1682,0.188,0.2144,0.263,8.8292,8.0792,5.325,4.6
Lueneburger Heide (sand),2025-03-25,0.6,1.13,0.1691,0.1865,0.2132,0.263,7.3333,7.3833,5.6542,4.6208
Lueneburger Heide (sand),2025-03-26,0.2,1.13,0.176,0.1856,0.2119,0.263,7.3583,7.1792,5.8292,4.7
Lueneburger Heide (sand),2025-03-27,0.0,1.83,0.1741,0.1845,0.2106,0.263,6.9458,6.6417,5.9,4.7
Lueneburger Heide (sand),2025-03-28,0.0,2.59,0.1692,0.1821,0.2094,0.262,8.175,7.1917,5.9375,4.7
Lueneburger Heide (sand),2025-03-29,0.0,2.19,0.1642,0.18,0.2076,0.262,8.4333,8.0292,6.1583,4.7708
Lueneburger Heide (sand),2025-03-30,8.7,1.24,0.2051,0.1802,0.2066,0.262,6.6,6.9167,6.3,4.8
Lueneburger Heide (sand),2025-03-31,0.0,1.66,0.2193,0.1868,0.2055,0.2616,7.2,7.0292,6.3,4.8
Lueneburger Heide (sand),2025-04-01,0.0,2.47,0.2043,0.1881,0.2045,0.261,7.0833,6.6208,6.25,4.8792
Lueneburger Heide (sand),2025-04-02,0.0,2.82,0.1932,0.187,0.2031,0.261,8.6417,7.6625,6.3208,4.9
Lueneburger Heide (sand),2025-04-03,0.0,3.09,0.1835,0.1846,0.2015,0.2607,9.675,8.5375,6.475,4.9
Lueneburger Heide (sand),2025-04-04,0.0,3.15,0.175,0.1817,0.2002,0.26,11.2667,9.6167,6.775,4.9917
Lueneburger Heide (sand),2025-04-05,0.0,2.66,0.1676,0.179,0.1986,0.26,8.8167,9.3708,7.1083,5.0
Lueneburger Heide (sand),2025-04-06,0.0,2.13,0.1622,0.1769,0.1975,0.2598,6.2125,7.2125,7.1333,5.075
Lueneburger Heide (sand),2025-04-07,0.0,2.6,0.1572,0.1745,0.1963,0.259,6.0375,6.2083,6.9458,5.1
Lueneburger Heide (sand),2025-04-08,0.0,2.26,0.1528,0.172,0.1947,0.259,7.7167,6.9875,6.7833,5.1458
Lueneburger Heide (sand),2025-04-09,0.0,2.62,0.1487,0.1697,0.1935,0.2588,8.5167,7.8875,6.8125,5.2
Lueneburger Heide (sand),2025-04-10,0.0,2.58,0.1442,0.1671,0.1925,0.258,9.6625,8.6,6.925,5.2
Lueneburger Heide (sand),2025-04-11,0.0,2.58,0.14,0.165,0.1913,0.258,10.4083,9.2958,7.1125,5.2792
Lueneburger Heide (sand),2025-04-12,0.0,3.44,0.1352,0.1625,0.1898,0.2577,12.4417,10.375,7.3708,5.3
Lueneburger Heide (sand),2025-04-13,1.2,2.54,0.134,0.1599,0.1885,0.257,12.6792,11.3833,7.7583,5.3667
Lueneburger Heide (sand),2025-04-14,1.2,2.76,0.1417,0.158,0.1875,0.257,12.5792,11.3667,8.1125,5.4
Lueneburger Heide (sand),2025-04-15,1.7,3.87,0.143,0.1556,0.1863,0.2566,14.8917,12.5,8.475,5.5
Lueneburger Heide (sand),2025-04-16,1.0,3.51,0.1433,0.1531,0.1846,0.256,16.4417,14.05,8.9625,5.5583
Lueneburger Heide (sand),2025-04-17,1.5,1.53,0.1496,0.1515,0.1836,0.256,12.6833,13.1375,9.4417,5.6375
Lueneburger Heide (sand),2025-04-18,7.7,0.56,0.2148,0.154,0.183,0.2558,9.3583,10.6167,9.5667,5.725
Lueneburger Heide (sand),2025-04-19,10.2,1.24,0.2748,0.1945,0.183,0.255,8.5375,9.0875,9.3625,5.8
Lueneburger Heide (sand),2025-04-20,0.1,3.12,0.2333,0.214,0.1824,0.255,10.05,9.0792,9.0625,5.9
Lueneburger Heide (sand),2025-04-21,3.8,2.39,0.2275,0.2129,0.182,0.255,11.6625,10.6625,9.0292,5.9625
Lueneburger Heide (sand),2025-04-22,3.3,2.39,0.2425,0.2147,0.1814,0.254,12.3083,11.6167,9.2,6.0208
Lueneburger Heide (sand),2025-04-23,3.4,2.19,0.2404,0.2195,0.181,0.254,11.5042,11.0375,9.3292,6.1
Lueneburger Heide (sand),2025-04-24,0.4,2.4,0.234,0.2207,0.181,0.254,11.8708,11.35,9.4333,6.1833
Lueneburger Heide (sand),2025-04-25,0.0,2.41,0.2194,0.2179,0.181,0.2533,11.1958,11.0167,9.5125,6.25
Lueneburger Heide (sand),2025-04-26,0.0,3.66,0.2073,0.213,0.1805,0.253,11.5792,10.925,9.5375,6.3125
Lueneburger Heide (sand),2025-04-27,0.0,3.9,0.1949,0.2069,0.1795,0.253,11.9,11.2917,9.6125,6.4
Lueneburger Heide (sand),2025-04-28,0.0,4.16,0.1838,0.2003,0.1785,0.252,13.1333,11.7625,9.6833,6.475
Lueneburger Heide (sand),2025-04-29,0.0,3.79,0.174,0.1944,0.1775,0.252,14.2583,12.9,9.8958,6.5375
Lueneburger Heide (sand),2025-04-30,0.0,3.95,0.1657,0.1886,0.1764,0.2515,15.5875,13.8917,10.2083,6.6125
Lueneburger Heide (sand),2025-05-01,0.0,4.79,0.1562,0.1826,0.1746,0.251,17.075,14.8542,10.5958,6.7
Lueneburger Heide (sand),2025-05-02,1.9,4.35,0.1487,0.1766,0.1735,0.251,18.0792,16.4458,11.1125,6.7958
Lueneburger Heide (sand),2025-05-03,0.0,3.85,0.1482,0.1721,0.1724,0.25,14.8,14.8,11.5083,6.8958
Lueneburger Heide (sand),2025-05-04,0.1,2.89,0.1417,0.1683,0.1713,0.25,12.1083,13.0375,11.6,7.0
Lueneburger Heide (sand),2025-05-05,0.8,2.75,0.1419,0.1652,0.1704,0.2497,11.4667,11.7417,11.4333,7.1
Lueneburger Heide (sand),2025-05-06,0.0,2.36,0.1402,0.1626,0.1695,0.249,10.3375,10.8042,11.175,7.1958
Lueneburger Heide (sand),2025-05-07,0.2,3.46,0.1359,0.1596,0.1686,0.249,11.8542,11.1875,10.9333,7.2833
Lueneburger Heide (sand),2025-05-08,0.3,3.54,0.1299,0.156,0.1675,0.2485,12.2542,11.8667,10.8208,7.3542
Lueneburger Heide (sand),2025-05-09,0.0,4.07,0.1232,0.1521,0.1665,0.248,13.6333,12.2708,10.8,7.4208
Lueneburger Heide (sand),2025-05-10,0.0,3.74,0.116,0.1482,0.1651,0.2478,14.2625,13.1458,10.9125,7.5
Lueneburger Heide (sand),2025-05-11,0.0,4.67,0.1092,0.1442,0.1636,0.247,15.5583,13.9917,11.0542,7.5917
Lueneburger Heide (sand),2025-05-12,0.0,4.75,0.1019,0.1402,0.1625,0.247,14.5833,14.0125,11.25,7.6583
Lueneburger Heide (sand),2025-05-13,0.0,4.55,0.0952,0.1362,0.161,0.2463,15.3333,13.975,11.4208,7.7333
Lueneburger Heide (sand),2025-05-14,0.0,4.65,0.0895,0.1325,0.1595,0.246,15.3542,14.3625,11.5542,7.8083
Lueneburger Heide (sand),2025-05-15,0.0,4.31,0.085,0.129,0.1584,0.2454,14.1667,14.0333,11.7125,7.9
Lueneburger Heide (sand),2025-05-16,0.9,3.77,0.084,0.1261,0.1572,0.245,13.425,13.1708,11.7167,7.9875
Lueneburger Heide (sand),2025-05-17,8.5,3.55,0.1105,0.1239,0.1562,0.2449,13.7042,13.2,11.7,8.0667
Lueneburger Heide (sand),2025-05-18,0.5,3.45,0.1542,0.1228,0.1554,0.244,13.525,13.0083,11.7,8.1375
Lueneburger Heide (sand),2025-05-19,0.0,2.9,0.1458,0.1215,0.1545,0.244,14.7833,13.6625,11.7042,8.2042
Lueneburger Heide (sand),2025-05-20,0.2,4.12,0.1365,0.1196,0.1535,0.2435,16.2833,14.5958,11.825,8.3
Lueneburger Heide (sand),2025-05-21,0.0,4.45,0.1262,0.1171,0.1525,0.243,15.1125,14.7417,11.9958,8.375
Lueneburger Heide (sand),2025-05-22,1.1,3.85,0.1207,0.1151,0.1514,0.243,12.6958,13.6,12.1,8.4458
Lueneburger Heide (sand),2025-05-23,4.2,2.95,0.1381,0.1137,0.1506,0.242,11.5208,12.0833,11.95,8.5125
Lueneburger Heide (sand),2025-05-24,1.1,3.56,0.1561,0.1134,0.15,0.242,13.025,12.1708,11.8042,8.6
Lueneburger Heide (sand),2025-05-25,10.8,1.81,0.2138,0.1182,0.1497,0.242,13.8042,13.1417,11.7167,8.6625
Lueneburger Heide (sand),2025-05-26,1.5,3.58,0.2133,0.1315,0.149,0.2412,14.7083,13.8458,11.8083,8.7125
Lueneburger Heide (sand),2025-05-27,6.4,2.5,0.2016,0.136,0.1485,0.241,14.1,13.7125,11.9,8.8
Lueneburger Heide (sand),2025-05-28,3.9,2.28,0.2448,0.1529,0.148,0.241,14.55,14.0,11.9708,8.8625
Lueneburger Heide (sand),2025-05-29,1.7,3.19,0.2149,0.1644,0.148,0.2404,14.2708,13.6792,12.0292,8.9083
Lueneburger Heide (sand),2025-05-30,0.4,3.35,0.2014,0.1658,0.1474,0.24,16.925,15.05,12.1708,9.0
Lueneburger Heide (sand),2025-05-31,0.0,4.25,0.1841,0.1638,0.1465,0.24,18.7875,16.6292,12.4833,9.0625
Lueneburger Heide (sand),2025-06-01,5.0,3.26,0.2046,0.1622,0.146,0.239,18.6375,17.5667,12.9375,9.1333
Lueneburger Heide (sand),2025-06-02,6.8,3.68,0.216,0.1642,0.1453,0.239,16.5792,16.4833,13.2708,9.2167
Lueneburger Heide (sand),2025-06-03,0.0,4.38,0.2133,0.1692,0.1445,0.2387,16.35,15.5417,13.4042,9.3
Lueneburger Heide (sand),2025-06-04,0.6,4.53,0.189,0.1671,0.1436,0.238,18.5125,16.9333,13.5625,9.4
Lueneburger Heide (sand),2025-06-05,3.0,3.49,0.1843,0.164,0.143,0.238,17.1417,16.8583,13.8,9.4833
Lueneburger Heide (sand),2025-06-06,6.1,3.85,0.2298,0.1691,0.1426,0.2375,16.5167,16.0625,13.9083,9.575
Lueneburger Heide (sand),2025-06-07,3.5,2.69,0.2237,0.1748,0.142,0.237,15.7625,15.7708,14.0,9.6667
Lueneburger Heide (sand),2025-06-08,11.9,2.29,0.2633,0.195,0.142,0.237,13.925,14.5167,13.9083,9.7542
Lueneburger Heide (sand),2025-06-09,0.9,3.42,0.2365,0.2115,0.1425,0.2367,14.4458,14.025,13.7292,9.8333
Lueneburger Heide (sand),2025-06-10,6.5,1.96,0.2412,0.2119,0.143,0.236,13.9708,14.1708,13.6083,9.9042
Lueneburger Heide (sand),2025-06-11,0.0,4.25,0.2318,0.2154,0.1431,0.236,15.3917,14.55,13.5,10.0
Lueneburger Heide (sand),2025-06-12,0.0,5.37,0.2072,0.208,0.1432,0.2357,16.5083,15.2125,13.5125,10.0667
Lueneburger Heide (sand),2025-06-13,0.0,6.34,0.1856,0.1985,0.1425,0.235,19.0042,17.1042,13.6917,10.1292
Lueneburger Heide (sand),2025-06-14,0.0,6.35,0.166,0.1886,0.1416,0.235,21.2917,18.7833,14.0875,10.2042
Lueneburger Heide (sand),2025-06-15,11.1,3.1,0.2133,0.184,0.141,0.2341,19.6792,19.4,14.6083,10.3
Lueneburger Heide (sand),2025-06-16,0.5,3.02,0.2291,0.1923,0.141,0.234,17.5,17.4417,14.8667,10.3958
Lueneburger Heide (sand),2025-06-17,0.0,4.97,0.2037,0.1902,0.1405,0.234,19.0625,17.5167,14.9458,10.4875
Lueneburger Heide (sand),2025-06-18,0.2,4.01,0.1857,0.1843,0.14,0.233,19.0917,18.2917,15.15,10.5792
Lueneburger Heide (sand),2025-06-19,0.1,4.25,0.1727,0.1787,0.1394,0.233,17.3417,17.5208,15.3,10.675
Lueneburger Heide (sand),2025-06-20,0.0,4.8,0.1584,0.1725,0.1385,0.2326,17.6458,16.8667,15.2917,10.7708
Lueneburger Heide (sand),2025-06-21,0.0,5.53,0.1438,0.1655,0.1375,0.232,20.2417,18.1083,15.325,10.8625
Lueneburger Heide (sand),2025-06-22,7.4,6.53,0.1366,0.158,0.1364,0.2318,22.825,20.1333,15.5917,10.9542
Lueneburger Heide (sand),2025-06-23,4.8,3.68,0.2289,0.1597,0.1354,0.231,19.0625,19.8125,15.9792,11.0542
Lueneburger Heide (sand),2025-06-24,2.0,3.24,0.2181,0.1681,0.135,0.231,17.3083,17.5125,16.0375,11.1542
Lueneburger Heide (sand),2025-06-25,1.8,2.94,0.2109,0.1708,0.135,0.231,18.5667,17.7792,16.0,11.2542
Lueneburger Heide (sand),2025-06-26,11.2,2.98,0.229,0.174,0.135,0.2304,18.5875,17.8667,16.0,11.35
Lueneburger Heide (sand),2025-06-27,4.5,2.64,0.2484,0.1918,0.135,0.23,17.7958,17.8167,16.0,11.4458
Lueneburger Heide (sand),2025-06-28,0.4,3.66,0.2207,0.1972,0.135,0.23,19.7917,18.2667,16.025,11.5375
Lueneburger Heide (sand),2025-06-29,0.3,4.22,0.2035,0.1933,0.1346,0.2298,20.5292,19.5708,16.2083,11.6292
Lueneburger Heide (sand),2025-06-30,0.0,5.37,0.1842,0.1863,0.1342,0.229,19.9125,18.9667,16.3667,11.725
Lueneburger Heide (sand),2025-07-01,0.0,6.3,0.1633,0.1778,0.1334,0.229,22.8125,20.3792,16.5583,11.8208
Lueneburger Heide (sand),2025-07-02,0.4,6.16,0.1458,0.1692,0.1324,0.2283,25.5625,22.7,16.9792,11.9208
Lueneburger Heide (sand),2025-07-03,0.5,3.72,0.1401,0.1632,0.1315,0.228,20.2583,21.5542,17.4333,12.0292
Lueneburger Heide (sand),2025-07-04,0.0,4.26,0.1313,0.1583,0.1307,0.2278,18.7417,18.8542,17.45,12.1375
Lueneburger Heide (sand),2025-07-05,0.1,4.77,0.1232,0.1531,0.13,0.227,19.5458,18.8625,17.4,12.2458
Lueneburger Heide (sand),2025-07-06,5.8,3.1,0.1328,0.1493,0.1295,0.227,19.1125,19.0292,17.3167,12.3458
Lueneburger Heide (sand),2025-07-07,10.4,2.06,0.2074,0.1508,0.129,0.227,17.4417,18.0292,17.2417,12.4458
Lueneburger Heide (sand),2025-07-08,0.9,3.26,0.2248,0.1666,0.129,0.2265,16.6625,16.8917,17.0167,12.5375
Lueneburger Heide (sand),2025-07-09,0.1,3.79,0.2037,0.1686,0.129,0.226,17.8542,17.2917,16.8208,12.6208
Lueneburger Heide (sand),2025-07-10,0.3,3.92,0.1861,0.166,0.1285,0.226,18.2542,17.65,16.7042,12.7
Lueneburger Heide (sand),2025-07-11,1.1,4.24,0.1728,0.162,0.128,0.2256,19.375,18.4833,16.6792,12.7958
Lueneburger Heide (sand),2025-07-12,5.4,2.07,0.1848,0.1595,0.1277,0.225,18.1917,18.3042,16.7,12.8667
Lueneburger Heide (sand),2025-07-13,0.3,2.38,0.2053,0.161,0.1275,0.225,18.2375,17.9333,16.7,12.9375
Lueneburger Heide (sand),2025-07-14,0.6,3.96,0.1902,0.1607,0.127,0.225,19.9167,18.5167,16.6792,13.0
Lueneburger Heide (sand),2025-07-15,5.1,2.94,0.2004,0.1594,0.127,0.2244,18.7542,18.9125,16.8,13.1
Lueneburger Heide (sand),2025-07-16,2.8,3.04,0.2086,0.1619,0.1266,0.224,17.7167,17.7625,16.8,13.1667
Lueneburger Heide (sand),2025-07-17,2.4,1.53,0.2126,0.1646,0.1268,0.224,17.075,17.1417,16.7125,13.225
Lueneburger Heide (sand),2025-07-18,2.5,2.81,0.2148,0.168,0.1265,0.224,19.5417,18.2708,16.6292,13.3
Lueneburger Heide (sand),2025-07-19,0.1,4.33,0.2086,0.1703,0.126,0.2235,21.2708,19.575,16.7583,13.375
Lueneburger Heide (sand),2025-07-20,2.7,4.32,0.1912,0.1677,0.1257,0.223,22.5125,20.8958,17.0458,13.4333
Lueneburger Heide (sand),2025-07-21,0.6,2.57,0.1987,0.1663,0.1251,0.223,20.8667,20.8292,17.375,13.5
Lueneburger Heide (sand),2025-07-22,15.0,2.42,0.2382,0.1718,0.125,0.223,18.7875,19.2083,17.5,13.6
Lueneburger Heide (sand),2025-07-23,9.9,2.45,0.2833,0.2318,0.1262,0.2225,18.2625,18.1875,17.45,13.675
Lueneburger Heide (sand),2025-07-24,0.4,2.64,0.2441,0.237,0.1286,0.222,19.35,18.6833,17.4,13.7375
Lueneburger Heide (sand),2025-07-25,1.4,2.31,0.2344,0.2295,0.1304,0.222,19.6167,19.1583,17.4333,13.8
Lueneburger Heide (sand),2025-07-26,0.4,2.89,0.225,0.2226,0.1318,0.222,18.9958,18.775,17.5,13.9
Lueneburger Heide (sand),2025-07-27,6.7,1.97,0.2383,0.2189,0.1326,0.222,17.8083,18.15,17.4375,13.9625
Lueneburger Heide (sand),2025-07-28,1.3,3.48,0.2348,0.2191,0.1332,0.2213,18.3167,18.0,17.3333,14.0167
Lueneburger Heide (sand),2025-07-29,3.7,3.14,0.2296,0.2151,0.134,0.221,17.4875,17.7333,17.275,14.1
Lueneburger Heide (sand),2025-07-30,1.0,3.26,0.226,0.2122,0.1349,0.221,17.0167,17.1792,17.1333,14.1583
Lueneburger Heide (sand),2025-07-31,8.4,2.24,0.2626,0.2188,0.1352,0.221,16.4083,16.6583,16.9625,14.2
Lueneburger Heide (sand),2025-08-01,5.5,2.59,0.2561,0.2282,0.1363,0.2209,17.1208,16.975,16.8167,14.2833
Lueneburger Heide (sand),2025-08-02,2.1,2.5,0.2571,0.2338,0.1378,0.22,17.0833,16.9458,16.7167,14.3
Lueneburger Heide (sand),2025-08-03,4.5,1.24,0.2593,0.2369,0.1397,0.22,15.7542,16.3625,16.6125,14.3792
Lueneburger Heide (sand),2025-08-04,4.7,3.36,0.2675,0.2452,0.142,0.22,17.8583,16.8708,16.4583,14.4
Lueneburger Heide (sand),2025-08-05,1.4,3.83,0.2476,0.2398,0.144,0.22,18.225,17.9875,16.5333,14.4542
Lueneburger Heide (sand),2025-08-06,0.2,3.37,0.2294,0.2305,0.1452,0.22,17.15,17.1708,16.5917,14.5
Lueneburger Heide (sand),2025-08-07,0.1,4.05,0.2137,0.2213,0.146,0.2191,18.2333,17.3708,16.5375,14.5167
Lueneburger Heide (sand),2025-08-08,0.1,3.45,0.2008,0.2124,0.146,0.219,19.4208,18.6,16.6583,14.6
Lueneburger Heide (sand),2025-08-09,0.0,4.11,0.1903,0.2047,0.146,0.219,19.7458,18.7833,16.8292,14.6
Lueneburger Heide (sand),2025-08-10,0.0,3.83,0.1785,0.1971,0.1456,0.219,18.9,18.9125,17.025,14.6875
Lueneburger Heide (sand),2025-08-11,0.0,4.18,0.1678,0.1898,0.145,0.2183,18.9417,18.2708,17.0792,14.7
Lueneburger Heide (sand),2025-08-12,0.0,5.07,0.1565,0.1826,0.1445,0.218,21.1125,19.4958,17.2208,14.7875
Lueneburger Heide (sand),2025-08-13,0.0,5.36,0.1437,0.1751,0.1435,0.218,23.6667,21.3667,17.5083,14.8
Lueneburger Heide (sand),2025-08-14,0.7,4.86,0.1317,0.168,0.1424,0.2175,25.1042,22.8542,17.9833,14.8958
Lueneburger Heide (sand),2025-08-15,0.3,4.7,0.1289,0.1618,0.1415,0.217,23.8333,23.0375,18.4917,14.9458
Lueneburger Heide (sand),2025-08-16,0.0,3.89,0.1208,0.1566,0.1405,0.217,20.4333,21.3167,18.7833,15.0125
Lueneburger Heide (sand),2025-08-17,0.2,3.34,0.1148,0.1522,0.1396,0.217,19.1625,19.4875,18.7875,15.1
Lueneburger Heide (sand),2025-08-18,0.0,4.21,0.1082,0.1478,0.1387,0.2165,19.6,19.1292,18.6333,15.1833
Lueneburger Heide (sand),2025-08-19,0.0,4.44,0.1008,0.143,0.1376,0.216,20.5792,19.7625,18.5917,15.2375
Lueneburger Heide (sand),2025-08-20,0.1,2.91,0.0972,0.1394,0.137,0.216,19.0042,19.4833,18.5958,15.3
Lueneburger Heide (sand),2025-08-21,0.0,3.86,0.0939,0.1362,0.1365,0.216,18.0208,18.625,18.4458,15.3875
Lueneburger Heide (sand),2025-08-22,0.7,2.8,0.0928,0.1332,0.136,0.2153,16.2917,17.5708,18.2833,15.4208
Lueneburger Heide (sand),2025-08-23,0.8,3.2,0.0979,0.1312,0.1355,0.215,15.9917,16.7042,17.9875,15.5
Lueneburger Heide (sand),2025-08-24,0.7,2.51,0.0993,0.1292,0.135,0.215,15.2292,16.1417,17.6917,15.5083
Lueneburger Heide (sand),2025-08-25,0.0,2.64,0.0984,0.1272,0.1345,0.215,15.7042,16.0333,17.3917,15.6
Lueneburger Heide (sand),2025-08-26,0.0,3.85,0.0941,0.1247,0.1337,0.215,18.425,16.9417,17.1875,15.6
Lueneburger Heide (sand),2025-08-27,8.1,3.5,0.0994,0.122,0.133,0.214,20.5458,18.9083,17.2208,15.6083
Lueneburger Heide (sand),2025-08-28,2.8,2.11,0.1808,0.1212,0.1328,0.214,19.5458,19.225,17.3542,15.7
Lueneburger Heide (sand),2025-08-29,0.1,2.87,0.1882,0.1238,0.1324,0.214,19.1583,18.9208,17.4958,15.7
Lueneburger Heide (sand),2025-08-30,0.5,3.19,0.1757,0.1243,0.132,0.214,18.6583,18.6083,17.525,15.725
Lueneburger Heide (sand),2025-08-31,0.0,2.89,0.1635,0.1235,0.1314,0.2138,18.8458,18.4583,17.5708,15.8
Lueneburger Heide (sand),2025-09-01,4.1,1.99,0.1722,0.1232,0.131,0.213,18.1167,18.4625,17.6,15.8
Lueneburger Heide (sand),2025-09-02,0.3,3.07,0.1827,0.1251,0.131,0.213,18.3458,18.0125,17.5708,15.8417
Lueneburger Heide (sand),2025-09-03,0.0,3.9,0.1689,0.1249,0.1303,0.213,18.8542,18.1542,17.5292,15.9
Lueneburger Heide (sand),2025-09-04,1.1,3.26,0.157,0.1237,0.1297,0.213,20.4375,19.4875,17.6292,15.9
Lueneburger Heide (sand),2025-09-05,5.4,2.39,0.2124,0.1275,0.1292,0.213,18.0875,18.8,17.7,15.95
Lueneburger Heide (sand),2025-09-06,0.0,2.55,0.1932,0.1328,0.129,0.2123,17.0667,17.3875,17.6458,16.0
Lueneburger Heide (sand),2025-09-07,0.0,3.88,0.1747,0.1329,0.1285,0.212,17.9208,17.5667,17.5375,16.0
Lueneburger Heide (sand),2025-09-08,0.0,3.55,0.1594,0.131,0.128,0.212,18.4708,18.0625,17.5,16.0333
Lueneburger Heide (sand),2025-09-09,0.4,2.52,0.1516,0.1295,0.1275,0.212,18.0667,18.05,17.5,16.1
Lueneburger Heide (sand),2025-09-10,0.5,1.37,0.1528,0.1285,0.127,0.212,16.4958,17.4333,17.4958,16.1
Lueneburger Heide (sand),2025-09-11,0.7,2.09,0.1537,0.1279,0.127,0.2114,15.7292,16.3542,17.3417,16.1
Lueneburger Heide (sand),2025-09-12,0.3,3.09,0.1512,0.127,0.127,0.211,15.8667,16.225,17.15,16.15
Lueneburger Heide (sand),2025-09-13,2.3,2.24,0.1546,0.1258,0.1266,0.211,14.9083,15.6833,16.9833,16.2
Lueneburger Heide (sand),2025-09-14,0.5,2.34,0.1593,0.1255,0.126,0.211,15.2125,15.5667,16.7792,16.2
Lueneburger Heide (sand),2025-09-15,9.7,2.95,0.232,0.1374,0.126,0.211,16.1833,15.9667,16.6292,16.2
Lueneburger Heide (sand),2025-09-16,3.8,2.27,0.2151,0.1495,0.126,0.211,15.0917,15.8917,16.55,16.2
Lueneburger Heide (sand),2025-09-17,1.0,2.23,0.2076,0.1552,0.126,0.2105,14.7958,15.0625,16.3833,16.2
Lueneburger Heide (sand),2025-09-18,1.2,0.99,0.2025,0.158,0.126,0.21,16.2167,15.7792,16.25,16.2
Lueneburger Heide (sand),2025-09-19,0.0,2.76,0.191,0.1595,0.126,0.21,18.4792,17.3042,16.3042,16.2
Lueneburger Heide (sand),2025-09-20,0.4,3.45,0.177,0.1576,0.1255,0.21,19.6583,18.3,16.4625,16.2
Lueneburger Heide (sand),2025-09-21,0.9,2.39,0.1788,0.1559,0.125,0.21,17.9208,18.6208,16.7375,16.2
Lueneburger Heide (sand),2025-09-22,0.0,2.23,0.1714,0.1549,0.125,0.21,14.275,15.9792,16.7667,16.2
Lueneburger Heide (sand),2025-09-23,0.0,2.31,0.1631,0.153,0.125,0.2097,12.9875,14.1833,16.5208,16.2
Lueneburger Heide (sand),2025-09-24,0.0,2.73,0.1554,0.151,0.1245,0.209,12.2708,13.3542,16.1708,16.2
Lueneburger Heide (sand),2025-09-25,0.1,3.02,0.1479,0.149,0.124,0.209,12.5667,13.2667,15.8333,16.2
Lueneburger Heide (sand),2025-09-26,2.4,2.35,0.147,0.1472,0.124,0.209,12.8833,13.4833,15.5708,16.2
Lueneburger Heide (sand),2025-09-27,1.3,1.58,0.1646,0.146,0.124,0.209,13.7208,13.7208,15.35,16.2
Lueneburger Heide (sand),2025-09-28,0.0,1.7,0.1615,0.1455,0.124,0.209,14.0958,14.2875,15.2333,16.2
Lueneburger Heide (sand),2025-09-29,0.0,2.32,0.1547,0.1441,0.124,0.209,13.5417,13.9375,15.1417,16.2
Lueneburger Heide (sand),2025-09-30,0.0,2.24,0.1479,0.1425,0.1235,0.2084,13.375,14.0792,15.0958,16.1583
Lueneburger Heide (sand),2025-10-01,0.0,1.43,0.1432,0.1414,0.123,0.208,11.075,12.5667,14.9167,16.1
Lueneburger Heide (sand),2025-10-02,0.0,1.94,0.139,0.14,0.123,0.208,11.6958,12.425,14.6792,16.1
Lueneburger Heide (sand),2025-10-03,0.0,2.5,0.134,0.1385,0.123,0.208,11.2625,11.9,14.4542,16.1
Lueneburger Heide (sand),2025-10-04,21.9,1.12,0.2453,0.1631,0.123,0.208,11.0292,12.0583,14.25,16.025
Lueneburger Heide (sand),2025-10-05,3.5,1.4,0.2412,0.1965,0.1232,0.208,11.4208,11.8542,14.0333,16.0
Lueneburger Heide (sand),2025-10-06,1.1,0.82,0.2398,0.2049,0.124,0.208,11.7625,11.9958,13.8458,15.9792
Lueneburger Heide (sand),2025-10-07,0.6,0.53,0.2266,0.2078,0.1248,0.208,13.2542,12.8792,13.7833,15.9
Lueneburger Heide (sand),2025-10-08,0.8,0.79,0.2247,0.208,0.1256,0.2078,13.9,13.7583,13.8167,15.9
Lueneburger Heide (sand),2025-10-09,0.2,1.26,0.2184,0.2075,0.1263,0.207,12.7375,13.2083,13.9,15.8292
Lueneburger Heide (sand),2025-10-10,0.1,1.26,0.2125,0.2058,0.127,0.207,13.6792,13.5375,13.9,15.8
Lueneburger Heide (sand),2025-10-11,0.2,1.25,0.2084,0.2036,0.1278,0.207,13.7917,13.8083,13.9458,15.8
Lueneburger Heide (sand),2025-10-12,1.7,0.68,0.212,0.202,0.1281,0.207,13.2375,13.5417,14.0,15.7
Lueneburger Heide (sand),2025-10-13,0.0,1.09,0.2139,0.2015,0.129,0.207,12.9708,13.3875,14.0,15.7
Lueneburger Heide (sand),2025-10-14,0.2,0.81,0.2086,0.2004,0.1291,0.207,12.4208,12.7833,13.9667,15.6958
Lueneburger Heide (sand),2025-10-15,0.4,0.75,0.207,0.1991,0.13,0.207,12.5333,12.8333,13.9,15.6
Lueneburger Heide (sand),2025-10-16,0.7,1.07,0.2077,0.1979,0.13,0.207,12.1917,12.6583,13.8208,15.6
Lueneburger Heide (sand),2025-10-17,0.5,1.17,0.206,0.1967,0.131,0.207,11.3083,12.175,13.7333,15.5792
Lueneburger Heide (sand),2025-10-18,0.0,1.2,0.2009,0.1954,0.131,0.2069,8.375,10.4083,13.4917,15.5
Lueneburger Heide (sand),2025-10-19,0.0,1.58,0.1952,0.1932,0.131,0.206,7.55,8.9333,13.0708,15.5
Lueneburger Heide (sand),2025-10-20,2.5,0.85,0.1996,0.1916,0.132,0.206,8.875,9.1667,12.65,15.4083
Lueneburger Heide (sand),2025-10-21,3.9,0.71,0.2319,0.1946,0.132,0.206,11.0042,10.8292,12.4375,15.3875
Lueneburger Heide (sand),2025-10-22,2.2,0.78,0.2403,0.203,0.1326,0.206,11.2208,11.4208,12.4,15.3
Lueneburger Heide (sand),2025-10-23,8.9,0.99,0.2629,0.2172,0.1333,0.206,11.3333,11.4667,12.4,15.2667
Lueneburger Heide (sand),2025-10-24,0.9,1.62,0.2476,0.2295,0.1347,0.206,10.2208,11.1333,12.4,15.2
Lueneburger Heide (sand),2025-10-25,2.6,0.97,0.2417,0.2283,0.1364,0.206,9.1375,10.0958,12.2958,15.1458
Lueneburger Heide (sand),2025-10-26,4.9,0.99,0.2543,0.2303,0.138,0.206,7.8958,9.0833,12.0583,15.1
Lueneburger Heide (sand),2025-10-27,4.7,0.77,0.2633,0.2374,0.1399,0.206,8.0167,8.8292,11.7625,15.0125
Lueneburger Heide (sand),2025-10-28,5.3,0.73,0.2681,0.2442,0.1423,0.206,8.2333,8.8083,11.5,14.9583
Lueneburger Heide (sand),2025-10-29,0.7,1.04,0.2529,0.2462,0.1451,0.206,9.6667,9.5708,11.325,14.9
Lueneburger Heide (sand),2025-10-30,9.5,1.04,0.2838,0.2575,0.1484,0.206,9.9333,10.2625,11.3,14.8
Lueneburger Heide (sand),2025-10-31,0.0,0.87,0.2582,0.257,0.1527,0.206,8.5375,9.3458,11.2542,14.7375
Lueneburger Heide (sand),2025-11-01,4.7,0.66,0.2618,0.2501,0.156,0.2053,10.1083,9.8625,11.2,14.675
Lueneburger Heide (sand),2025-11-02,0.9,0.52,0.2632,0.2529,0.1592,0.205,9.625,10.25,11.2,14.6
Lueneburger Heide (sand),2025-11-03,0.0,1.11,0.2492,0.2478,0.162,0.205,9.675,9.8333,11.2,14.5208
Lueneburger Heide (sand),2025-11-04,0.0,1.13,0.2391,0.2412,0.1641,0.205,11.4917,11.075,11.2417,14.4625
Lueneburger Heide (sand),2025-11-05,0.0,1.36,0.2317,0.2352,0.1657,0.205,10.6583,10.9875,11.3917,14.4
Lueneburger Heide (sand),2025-11-06,0.0,0.89,0.226,0.2301,0.1669,0.205,8.3333,9.7125,11.3875,14.325
Lueneburger Heide (sand),2025-11-07,0.3,0.47,0.2233,0.2263,0.1679,0.205,7.4833,8.35,11.175,14.2792
Lueneburger Heide (sand),2025-11-08,0.6,0.32,0.2247,0.2236,0.1689,0.205,8.1917,8.875,10.9625,14.2
Lueneburger Heide (sand),2025-11-09,0.3,0.23,0.225,0.2218,0.1697,0.205,8.4958,8.8208,10.825,14.125
Lueneburger Heide (sand),2025-11-10,0.0,0.44,0.2226,0.2205,0.1703,0.205,8.8,9.25,10.7208,14.0667
Lueneburger Heide (sand),2025-11-11,1.7,0.45,0.2305,0.2196,0.171,0.205,8.5458,9.0125,10.6583,14.0
Lueneburger Heide (sand),2025-11-12,0.0,0.93,0.2252,0.2195,0.1719,0.205,8.9792,9.175,10.6,13.9083
Lueneburger Heide (sand),2025-11-13,0.1,1.25,0.2184,0.2175,0.172,0.205,10.8708,10.1292,10.6208,13.8542
Lueneburger Heide (sand),2025-11-14,19.7,0.25,0.2924,0.2395,0.1731,0.205,10.1125,10.8083,10.8125,13.8
Lueneburger Heide (sand),2025-11-15,16.9,0.3,0.3195,0.293,0.1794,0.205,6.8917,8.4458,10.7625,13.7083
Lueneburger Heide (sand),2025-11-16,2.2,0.19,0.3005,0.2974,0.193,0.205,6.0333,7.3333,10.4417,13.6583
Lueneburger Heide (sand),2025-11-17,1.9,0.52,0.2812,0.2807,0.2019,0.205,4.4542,6.1208,10.0125,13.5917
Lueneburger Heide (sand),2025-11-18,1.1,0.54,0.2692,0.2704,0.2069,0.205,4.0625,5.2875,9.5042,13.5
Lueneburger Heide (sand),2025-11-19,4.4,0.34,0.2731,0.2648,0.2103,0.205,3.8583,5.1083,9.0542,13.4042
Lueneburger Heide (sand),2025-11-20,4.6,0.36,0.28,0.2702,0.2136,0.205,2.6875,4.5292,8.625,13.3083
Lueneburger Heide (sand),2025-11-21,0.8,0.38,0.2626,0.2654,0.217,0.205,0.0542,2.3792,8.05,13.1875
Lueneburger Heide (sand),2025-11-22,0.0,0.55,0.2545,0.2593,0.2194,0.205,0.1333,1.7833,7.3667,13.0667
Lueneburger Heide (sand),2025-11-23,2.9,1.0,0.2478,0.254,0.2211,0.205,0.0583,1.6167,6.775,12.9417
Lueneburger Heide (sand),2025-11-24,1.0,0.29,0.2561,0.2508,0.2223,0.205,1.8125,2.25,6.3208,12.7917
Lueneburger Heide (sand),2025-11-25,0.0,0.18,0.2627,0.2537,0.2235,0.205,3.1167,3.575,6.1417,12.6458
Lueneburger Heide (sand),2025-11-26,0.0,0.3,0.2553,0.2535,0.2248,0.205,2.5417,3.4875,6.1,12.5
Lueneburger Heide (sand),2025-11-27,2.0,0.34,0.2589,0.2523,0.226,0.2051,2.9708,3.4125,6.0042,12.3542
Lueneburger Heide (sand),2025-11-28,1.9,0.21,0.27,0.257,0.2273,0.206,5.6583,5.0625,6.0583,12.2208
Lueneburger Heide (sand),2025-11-29,0.0,0.31,0.2594,0.2585,0.2287,0.206,6.7042,6.3708,6.3458,12.0708
Lueneburger Heide (sand),2025-11-30,0.1,0.68,0.251,0.2553,0.2301,0.206,6.8833,6.8417,6.6958,11.9542
Lueneburger Heide (sand),2025-12-01,0.0,0.74,0.2445,0.2513,0.231,0.206,4.5375,5.625,6.9,11.8375
Lueneburger Heide (sand),2025-12-02,2.2,0.62,0.247,0.2482,0.2317,0.206,4.0417,4.7375,6.875,11.7292
Lueneburger Heide (sand),2025-12-03,1.7,0.18,0.2528,0.2483,0.232,0.206,4.7833,5.25,6.8,11.6208
Lueneburger Heide (sand),2025-12-04,0.9,0.19,0.2542,0.2492,0.2329,0.2063,3.3,4.5208,6.7875,11.5125
Lueneburger Heide (sand),2025-12-05,0.0,0.16,0.2488,0.249,0.2332,0.207,1.6625,3.075,6.5583,11.3958
Lueneburger Heide (sand),2025-12-06,3.5,0.28,0.2511,0.2481,0.234,0.207,3.4208,3.6333,6.2958,11.2792
Lueneburger Heide (sand),2025-12-07,5.6,0.29,0.2727,0.2554,0.2345,0.207,6.3167,5.5042,6.2792,11.1667
Lueneburger Heide (sand),2025-12-08,5.4,0.4,0.2855,0.2691,0.2361,0.207,8.875,7.6417,6.6042,11.0625
Lueneburger Heide (sand),2025-12-09,10.4,0.3,0.305,0.2844,0.2392,0.2072,9.6458,8.925,7.1417,10.9708
Lueneburger Heide (sand),2025-12-10,0.0,0.63,0.2839,0.2907,0.2454,0.208,9.5792,9.0375,7.6375,10.9
Lueneburger Heide (sand),2025-12-11,0.0,0.41,0.2679,0.2783,0.2492,0.208,7.7708,8.425,8.0167,10.8
Lueneburger Heide (sand),2025-12-12,0.0,0.22,0.2599,0.27,0.2511,0.2085,6.0417,6.8,8.0833,10.7583
Lueneburger Heide (sand),2025-12-13,0.1,0.18,0.2552,0.2643,0.252,0.209,6.7917,7.1167,8.0,10.7
Lueneburger Heide (sand),2025-12-14,0.0,0.3,0.2511,0.26,0.252,0.2092,5.4875,6.2708,7.9542,10.6167
Lueneburger Heide (sand),2025-12-15,0.0,0.37,0.2475,0.2565,0.252,0.21,5.0917,5.9042,7.8,10.5708
Lueneburger Heide (sand),2025-12-16,0.0,0.51,0.2442,0.2533,0.252,0.21,4.7083,5.4958,7.6083,10.5
Lueneburger Heide (sand),2025-12-17,0.1,0.41,0.2414,0.2503,0.2515,0.2109,5.2833,5.45,7.4292,10.4208
Lueneburger Heide (sand),2025-12-18,0.0,0.66,0.2395,0.2478,0.251,0.211,7.0917,6.825,7.4,10.3625
Lueneburger Heide (sand),2025-12-19,0.1,0.7,0.2377,0.2453,0.2506,0.2114,8.1833,7.7042,7.525,10.3
Lueneburger Heide (sand),2025-12-20,0.0,0.17,0.2364,0.2435,0.25,0.212,5.4125,6.65,7.6542,10.2167
Lueneburger Heide (sand),2025-12-21,0.0,0.21,0.2348,0.2417,0.2496,0.212,5.9875,6.2792,7.5875,10.1833
Lueneburger Heide (sand),2025-12-22,0.2,0.31,0.2334,0.2401,0.249,0.2128,5.1875,6.0667,7.4958,10.1
Lueneburger Heide (sand),2025-12-23,0.0,0.51,0.2323,0.2385,0.2485,0.213,2.9792,4.6375,7.3042,10.0458
Lueneburger Heide (sand),2025-12-24,0.0,0.66,0.2298,0.2368,0.248,0.213,1.15,3.0917,6.9083,9.9875
Lueneburger Heide (sand),2025-12-25,0.0,0.56,0.2275,0.2352,0.2472,0.2139,-0.6208,1.45,6.3292,9.9
Lueneburger Heide (sand),2025-12-26,0.0,0.34,0.2266,0.2337,0.247,0.214,-1.425,0.6167,5.6792,9.8083
Lueneburger Heide (sand),2025-12-27,0.1,0.13,0.226,0.2325,0.2461,0.214,-1.0042,0.4042,5.075,9.7083
Lueneburger Heide (sand),2025-12-28,0.0,0.14,0.2257,0.2314,0.2459,0.2146,-0.7833,0.4,4.5875,9.5875
Lueneburger Heide (sand),2025-12-29,0.2,0.3,0.2261,0.2305,0.245,0.215,0.2583,0.5042,4.2042,9.4667
Lueneburger Heide (sand),2025-12-30,0.0,0.51,0.2252,0.2298,0.2448,0.215,-0.1875,0.7,3.9292,9.35
Lueneburger Heide (sand),2025-12-31,4.2,0.26,0.238,0.2297,0.244,0.215,-0.325,0.6167,3.7125,9.225
Emsland (sand/peat),2025-01-01,11.5,0.95,0.3858,0.3793,0.3886,0.3687,6.4125,6.1333,6.925,10.1042
Emsland (sand/peat),2025-01-02,1.0,0.44,0.4029,0.4022,0.3893,0.369,3.7375,5.2708,6.95,10.0458
Emsland (sand/peat),2025-01-03,2.1,0.43,0.3966,0.3994,0.3901,0.369,1.7208,3.4917,6.7083,9.9875
Emsland (sand/peat),2025-01-04,0.0,0.25,0.3895,0.3966,0.391,0.37,0.8958,2.3458,6.2958,9.9
Emsland (sand/peat),2025-01-05,15.2,0.25,0.4045,0.4033,0.3913,0.37,2.3,2.4833,5.9,9.8125
Emsland (sand/peat),2025-01-06,5.0,1.01,0.4212,0.4246,0.3983,0.3706,6.8458,5.7667,5.85,9.7292
Emsland (sand/peat),2025-01-07,0.5,0.65,0.4018,0.413,0.4026,0.3713,4.2042,5.3125,6.0417,9.65
Emsland (sand/peat),2025-01-08,0.1,0.46,0.3922,0.4046,0.403,0.3721,2.7375,3.8792,5.9833,9.575
Emsland (sand/peat),2025-01-09,2.7,0.24,0.394,0.3993,0.4026,0.373,1.6833,2.9625,5.7917,9.4958
Emsland (sand/peat),2025-01-10,1.6,0.34,0.3998,0.3983,0.402,0.3738,1.775,2.6958,5.5292,9.4
Emsland (sand/peat),2025-01-11,0.5,0.31,0.3943,0.3981,0.4014,0.3745,0.4958,1.9292,5.2625,9.3125
Emsland (sand/peat),2025-01-12,0.0,0.3,0.3859,0.3947,0.401,0.375,0.7875,1.75,4.9542,9.2208
Emsland (sand/peat),2025-01-13,0.0,0.3,0.3804,0.3901,0.4,0.376,-0.0875,1.2292,4.6667,9.125
Emsland (sand/peat),2025-01-14,0.0,0.48,0.3772,0.3858,0.3993,0.3764,0.4875,1.0875,4.375,9.025
Emsland (sand/peat),2025-01-15,0.0,0.18,0.376,0.3824,0.3984,0.377,3.9375,3.0583,4.2417,8.9208
Emsland (sand/peat),2025-01-16,0.0,0.2,0.3725,0.3794,0.3975,0.3775,4.0125,4.1375,4.4375,8.8208
Emsland (sand/peat),2025-01-17,0.0,0.21,0.3693,0.3765,0.3965,0.378,2.0542,3.1458,4.5792,8.725
Emsland (sand/peat),2025-01-18,0.0,0.18,0.3663,0.3736,0.3955,0.3782,1.0583,2.2292,4.4792,8.6333
Emsland (sand/peat),2025-01-19,0.0,0.33,0.3636,0.3709,0.3945,0.379,0.125,1.3583,4.3042,8.5417
Emsland (sand/peat),2025-01-20,0.0,0.22,0.3613,0.3685,0.3934,0.379,0.0417,1.0292,4.0667,8.4458
Emsland (sand/peat),2025-01-21,0.0,0.3,0.3594,0.3663,0.3924,0.3793,0.0708,0.9375,3.8375,8.3458
Emsland (sand/peat),2025-01-22,3.0,0.43,0.3647,0.3645,0.3914,0.38,0.4667,1.0125,3.65,8.2458
Emsland (sand/peat),2025-01-23,8.0,0.46,0.4091,0.3887,0.391,0.38,2.8042,2.3625,3.6,8.1458
Emsland (sand/peat),2025-01-24,2.6,0.46,0.4008,0.3961,0.391,0.38,4.5292,3.6958,3.7542,8.0458
Emsland (sand/peat),2025-01-25,6.3,0.35,0.4131,0.4076,0.3919,0.3802,4.7958,4.7042,4.0625,7.9542
Emsland (sand/peat),2025-01-26,3.0,0.59,0.4044,0.4079,0.3944,0.381,3.3417,3.8083,4.2833,7.875
Emsland (sand/peat),2025-01-27,5.2,1.02,0.4144,0.4118,0.3962,0.381,5.7458,4.7792,4.4625,7.8
Emsland (sand/peat),2025-01-28,1.5,1.12,0.3969,0.4072,0.3982,0.3815,5.9542,5.5083,4.7458,7.7125
Emsland (sand/peat),2025-01-29,3.7,0.59,0.4075,0.4054,0.399,0.382,5.9458,5.8208,5.0458,7.6708
Emsland (sand/peat),2025-01-30,2.0,0.3,0.4018,0.4044,0.3996,0.3823,4.7417,5.275,5.2583,7.6
Emsland (sand/peat),2025-01-31,0.0,0.51,0.3948,0.4022,0.4,0.383,2.8292,3.8708,5.2583,7.5625
Emsland (sand/peat),2025-02-01,0.0,0.36,0.3858,0.3973,0.3998,0.3832,1.675,2.8208,5.0917,7.5
Emsland (sand/peat),2025-02-02,0.0,0.31,0.3808,0.3919,0.399,0.384,0.5792,1.9792,4.825,7.4458
Emsland (sand/peat),2025-02-03,0.0,0.49,0.3768,0.3871,0.3985,0.384,-0.15,1.125,4.4667,7.4
Emsland (sand/peat),2025-02-04,0.0,0.3,0.3738,0.3829,0.3979,0.3848,0.1583,0.9875,4.1125,7.3042
Emsland (sand/peat),2025-02-05,0.0,0.55,0.3704,0.3791,0.397,0.385,2.8958,2.2875,3.9042,7.2417
Emsland (sand/peat),2025-02-06,0.0,0.47,0.3672,0.3755,0.396,0.385,3.3167,3.3125,3.9292,7.1792
Emsland (sand/peat),2025-02-07,0.2,0.88,0.3648,0.3722,0.395,0.3855,2.875,3.25,4.0,7.1
Emsland (sand/peat),2025-02-08,0.0,0.78,0.3608,0.3691,0.3939,0.386,2.8083,3.0833,4.025,7.025
Emsland (sand/peat),2025-02-09,0.0,0.9,0.3577,0.3661,0.3928,0.386,2.8917,3.1708,4.1,6.975
Emsland (sand/peat),2025-02-10,0.9,0.74,0.3572,0.3633,0.3916,0.386,2.3125,2.9417,4.1,6.9
Emsland (sand/peat),2025-02-11,6.6,0.87,0.3649,0.3621,0.3906,0.386,2.2167,2.6542,4.0208,6.8333
Emsland (sand/peat),2025-02-12,1.8,0.43,0.3719,0.3636,0.3897,0.386,1.8792,2.5333,3.9833,6.7917
Emsland (sand/peat),2025-02-13,1.0,0.55,0.3686,0.365,0.389,0.386,0.675,1.7833,3.8542,6.7
Emsland (sand/peat),2025-02-14,0.0,0.5,0.3652,0.365,0.388,0.386,0.5458,1.3292,3.6625,6.65
Emsland (sand/peat),2025-02-15,0.0,0.61,0.3654,0.3645,0.3873,0.386,0.3875,1.1583,3.4583,6.5958
Emsland (sand/peat),2025-02-16,0.0,0.71,0.363,0.364,0.3866,0.386,-0.025,0.9,3.275,6.5
Emsland (sand/peat),2025-02-17,0.0,0.85,0.3585,0.3629,0.3859,0.386,-0.0125,0.8,3.0875,6.4333
Emsland (sand/peat),2025-02-18,0.0,1.29,0.3549,0.3614,0.385,0.386,-0.2333,0.6833,2.9208,6.3667
Emsland (sand/peat),2025-02-19,0.0,1.75,0.3523,0.3596,0.3842,0.386,-0.2333,0.6,2.7583,6.2958
Emsland (sand/peat),2025-02-20,0.2,1.03,0.3632,0.3584,0.3834,0.386,1.2292,0.7292,2.6292,6.2
Emsland (sand/peat),2025-02-21,0.0,1.25,0.379,0.3634,0.3825,0.386,6.7708,3.9917,2.7292,6.1208
Emsland (sand/peat),2025-02-22,2.2,0.9,0.3728,0.3653,0.3819,0.386,7.5375,6.1708,3.3042,6.0667
Emsland (sand/peat),2025-02-23,0.0,0.91,0.3706,0.367,0.381,0.386,7.4125,6.6625,3.9125,6.0
Emsland (sand/peat),2025-02-24,4.3,1.06,0.3745,0.3672,0.3804,0.386,8.0208,6.975,4.4333,6.0
Emsland (sand/peat),2025-02-25,0.5,0.74,0.3791,0.3717,0.38,0.386,7.5042,7.025,4.8875,5.9083
Emsland (sand/peat),2025-02-26,2.5,1.0,0.3838,0.3742,0.3794,0.386,6.5,6.4542,5.2125,5.9
Emsland (sand/peat),2025-02-27,5.7,0.77,0.3999,0.3813,0.379,0.386,5.6292,5.9417,5.3833,5.9
Emsland (sand/peat),2025-02-28,0.4,0.61,0.3899,0.388,0.379,0.386,3.9542,4.6208,5.3917,5.9
Emsland (sand/peat),2025-03-01,0.0,0.69,0.3799,0.3859,0.379,0.386,4.4042,4.6417,5.3,5.9
Emsland (sand/peat),2025-03-02,0.0,0.74,0.3733,0.3823,0.379,0.386,3.075,3.8958,5.1708,5.9
Emsland (sand/peat),2025-03-03,0.0,1.12,0.3682,0.3785,0.379,0.386,1.9875,2.95,4.9583,5.8625
Emsland (sand/peat),2025-03-04,0.0,1.17,0.3641,0.3745,0.3785,0.386,2.0208,2.6083,4.675,5.8
Emsland (sand/peat),2025-03-05,0.0,1.66,0.3597,0.3702,0.3776,0.386,3.7833,3.3458,4.4625,5.8
Emsland (sand/peat),2025-03-06,0.0,1.76,0.3547,0.3659,0.3767,0.386,5.2375,4.5,4.4667,5.8
Emsland (sand/peat),2025-03-07,0.0,1.93,0.3498,0.3612,0.3756,0.386,7.1417,6.0542,4.6625,5.7333
Emsland (sand/peat),2025-03-08,0.0,2.19,0.3452,0.3567,0.3745,0.386,7.3917,6.5583,4.9583,5.7
Emsland (sand/peat),2025-03-09,0.0,1.94,0.3401,0.3522,0.3734,0.386,7.7125,7.1625,5.2833,5.7
Emsland (sand/peat),2025-03-10,0.0,1.69,0.3364,0.3484,0.3717,0.386,6.4583,6.5292,5.5292,5.7
Emsland (sand/peat),2025-03-11,0.0,0.87,0.3345,0.3452,0.3706,0.3855,5.0125,5.7208,5.6,5.7
Emsland (sand/peat),2025-03-12,0.6,1.25,0.3352,0.343,0.3695,0.385,4.7542,5.1583,5.6,5.7
Emsland (sand/peat),2025-03-13,1.0,1.24,0.3373,0.3415,0.3684,0.385,2.8458,3.9125,5.4583,5.7
Emsland (sand/peat),2025-03-14,0.4,1.37,0.3373,0.3402,0.3671,0.385,2.4958,3.3,5.1875,5.7
Emsland (sand/peat),2025-03-15,0.0,1.36,0.3335,0.3385,0.3656,0.385,2.9917,3.35,4.95,5.7
Emsland (sand/peat),2025-03-16,0.0,1.28,0.3293,0.3368,0.3645,0.385,3.2167,3.4167,4.7542,5.6917
Emsland (sand/peat),2025-03-17,0.0,1.92,0.3251,0.3345,0.3631,0.385,3.8667,4.05,4.6875,5.6
Emsland (sand/peat),2025-03-18,0.0,2.07,0.3197,0.331,0.3615,0.385,2.5875,3.3083,4.5708,5.6
Emsland (sand/peat),2025-03-19,0.0,2.18,0.3149,0.3277,0.3598,0.385,3.475,3.3375,4.4375,5.6
Emsland (sand/peat),2025-03-20,0.0,2.06,0.311,0.3245,0.3583,0.385,6.3208,5.0,4.4417,5.6
Emsland (sand/peat),2025-03-21,0.0,3.13,0.3067,0.3212,0.3565,0.3843,8.3542,6.575,4.6958,5.5292
Emsland (sand/peat),2025-03-22,0.0,3.82,0.2987,0.3166,0.3543,0.384,10.125,8.5167,5.1708,5.5
Emsland (sand/peat),2025-03-23,3.9,1.67,0.321,0.3142,0.3526,0.384,9.275,8.7125,5.6917,5.5
Emsland (sand/peat),2025-03-24,0.4,1.84,0.3316,0.3162,0.3515,0.384,9.0125,8.3083,6.0542,5.5
Emsland (sand/peat),2025-03-25,0.9,1.21,0.324,0.317,0.35,0.384,8.0083,7.8708,6.325,5.5583
Emsland (sand/peat),2025-03-26,0.0,1.12,0.3205,0.317,0.3487,0.384,7.5792,7.6333,6.4792,5.6
Emsland (sand/peat),2025-03-27,0.0,2.02,0.3139,0.316,0.3475,0.3838,7.225,6.9542,6.5083,5.6
Emsland (sand/peat),2025-03-28,0.0,2.47,0.3067,0.3136,0.3457,0.383,8.4833,7.5333,6.5625,5.6
Emsland (sand/peat),2025-03-29,0.0,2.24,0.2999,0.3106,0.344,0.383,8.6167,8.3333,6.7333,5.6
Emsland (sand/peat),2025-03-30,1.8,2.23,0.3045,0.3085,0.3425,0.383,8.6917,8.2083,6.8917,5.6833
Emsland (sand/peat),2025-03-31,0.0,1.71,0.3066,0.3071,0.3412,0.383,8.0458,8.0542,7.0,5.7
Emsland (sand/peat),2025-04-01,0.0,2.59,0.2994,0.3055,0.3395,0.383,8.0375,7.6208,7.0125,5.7
Emsland (sand/peat),2025-04-02,0.0,3.19,0.2909,0.3021,0.3378,0.3823,9.4292,8.3667,7.1125,5.7292
Emsland (sand/peat),2025-04-03,0.0,3.43,0.2821,0.298,0.3358,0.382,10.5875,9.425,7.2708,5.8
Emsland (sand/peat),2025-04-04,0.0,3.38,0.2743,0.2936,0.3338,0.382,11.25,10.0625,7.5375,5.8
Emsland (sand/peat),2025-04-05,0.0,3.17,0.2676,0.2892,0.3317,0.382,9.8167,9.8667,7.8083,5.8458
Emsland (sand/peat),2025-04-06,0.0,2.82,0.2618,0.2855,0.3298,0.3815,8.175,8.6667,7.9,5.9
Emsland (sand/peat),2025-04-07,0.0,2.78,0.2568,0.282,0.328,0.381,8.1333,8.025,7.8292,5.9125
Emsland (sand/peat),2025-04-08,0.0,2.74,0.2522,0.2785,0.326,0.381,8.7208,8.2417,7.7708,6.0
Emsland (sand/peat),2025-04-09,0.0,2.34,0.2486,0.2754,0.3244,0.381,8.7625,8.575,7.8,6.0
Emsland (sand/peat),2025-04-10,0.0,2.14,0.2457,0.2726,0.3225,0.3805,9.5542,8.9667,7.8167,6.0458
Emsland (sand/peat),2025-04-11,0.0,2.82,0.2423,0.2697,0.321,0.38,11.0208,9.7,7.9292,6.1
Emsland (sand/peat),2025-04-12,0.0,3.93,0.2371,0.2662,0.319,0.38,12.3625,10.6208,8.1333,6.1
Emsland (sand/peat),2025-04-13,1.7,2.81,0.2407,0.263,0.3171,0.38,13.2542,12.0,8.4667,6.1958
Emsland (sand/peat),2025-04-14,1.1,2.08,0.246,0.2614,0.3155,0.3794,12.1083,11.5667,8.7958,6.2042
Emsland (sand/peat),2025-04-15,6.5,3.46,0.2617,0.2592,0.314,0.379,14.35,12.2,9.0417,6.3
Emsland (sand/peat),2025-04-16,6.6,1.21,0.3346,0.2629,0.3125,0.379,12.4667,12.5083,9.3875,6.3375
Emsland (sand/peat),2025-04-17,6.4,1.17,0.3729,0.2857,0.3116,0.379,10.1292,10.7292,9.5,6.4
Emsland (sand/peat),2025-04-18,3.9,1.0,0.3681,0.3046,0.311,0.3782,8.9625,9.4625,9.4375,6.4875
Emsland (sand/peat),2025-04-19,0.0,2.46,0.3414,0.3133,0.3105,0.378,10.1208,9.5708,9.2417,6.5208
Emsland (sand/peat),2025-04-20,0.0,2.48,0.3228,0.3122,0.3095,0.378,9.9833,9.5833,9.1625,6.6
Emsland (sand/peat),2025-04-21,4.0,1.82,0.3426,0.3122,0.3086,0.378,11.3833,10.6,9.2,6.6375
Emsland (sand/peat),2025-04-22,0.9,1.69,0.3375,0.3147,0.308,0.3773,11.3833,10.9542,9.2875,6.7
Emsland (sand/peat),2025-04-23,5.0,2.21,0.3455,0.3162,0.3075,0.377,11.6375,10.8792,9.3417,6.7542
Emsland (sand/peat),2025-04-24,13.9,0.97,0.403,0.3479,0.3073,0.377,10.775,10.9417,9.4833,6.8
Emsland (sand/peat),2025-04-25,0.0,1.83,0.3735,0.3648,0.3082,0.377,10.5167,10.2458,9.5,6.875
Emsland (sand/peat),2025-04-26,0.0,3.32,0.3552,0.3583,0.3088,0.3764,12.1208,10.9875,9.5083,6.9
Emsland (sand/peat),2025-04-27,0.0,3.96,0.338,0.3483,0.3085,0.376,12.6542,11.7542,9.6333,6.9917
Emsland (sand/peat),2025-04-28,0.0,3.94,0.3238,0.3384,0.3075,0.376,13.1583,12.0917,9.825,7.0167
Emsland (sand/peat),2025-04-29,0.0,3.74,0.3123,0.3292,0.3065,0.3757,14.1833,12.8542,10.0458,7.1
Emsland (sand/peat),2025-04-30,0.0,4.05,0.3016,0.3206,0.3052,0.375,15.6875,13.9458,10.3542,7.1583
Emsland (sand/peat),2025-05-01,0.0,4.55,0.2895,0.3115,0.3035,0.375,17.1417,15.1208,10.7625,7.2167
Emsland (sand/peat),2025-05-02,0.3,4.0,0.2795,0.3029,0.302,0.3749,17.0375,15.7875,11.2375,7.3
Emsland (sand/peat),2025-05-03,0.0,3.57,0.2716,0.2959,0.3005,0.374,14.5417,14.5875,11.5792,7.3958
Emsland (sand/peat),2025-05-04,0.1,2.72,0.265,0.2898,0.2994,0.374,12.0333,12.9458,11.6917,7.4833
Emsland (sand/peat),2025-05-05,0.0,3.19,0.2592,0.2845,0.2981,0.374,11.0542,11.3833,11.4958,7.5667
Emsland (sand/peat),2025-05-06,0.2,2.28,0.2547,0.2797,0.2968,0.3733,10.8542,11.0958,11.275,7.6417
Emsland (sand/peat),2025-05-07,0.0,3.46,0.2498,0.2752,0.2956,0.373,12.5083,11.6125,11.1125,7.7
Emsland (sand/peat),2025-05-08,0.0,3.67,0.2415,0.2693,0.2941,0.373,12.8042,12.3083,11.0583,7.8
Emsland (sand/peat),2025-05-09,0.0,3.84,0.2333,0.2636,0.2925,0.3725,13.6333,12.6375,11.0667,7.8542
Emsland (sand/peat),2025-05-10,0.0,4.25,0.2251,0.2576,0.2908,0.372,14.2167,13.1375,11.1333,7.9042
Emsland (sand/peat),2025-05-11,0.0,4.97,0.2163,0.2512,0.2888,0.372,16.2083,14.275,11.3208,8.0
Emsland (sand/peat),2025-05-12,0.0,5.34,0.2062,0.2445,0.2862,0.3713,16.5083,15.2417,11.6083,8.0625
Emsland (sand/peat),2025-05-13,0.0,5.09,0.1974,0.238,0.284,0.371,16.1792,15.1,11.875,8.1292
Emsland (sand/peat),2025-05-14,0.0,4.22,0.1909,0.2325,0.282,0.3707,15.675,15.025,12.1042,8.2042
Emsland (sand/peat),2025-05-15,0.0,4.43,0.1854,0.2275,0.28,0.37,15.1458,14.6625,12.2375,8.3
Emsland (sand/peat),2025-05-16,0.0,3.86,0.181,0.223,0.278,0.37,14.6083,14.0792,12.3,8.3833
Emsland (sand/peat),2025-05-17,0.0,3.93,0.1776,0.2191,0.2761,0.3694,14.9875,14.3208,12.3333,8.4583
Emsland (sand/peat),2025-05-18,0.3,3.76,0.1761,0.2156,0.2745,0.369,14.8167,14.1958,12.4,8.5292
Emsland (sand/peat),2025-05-19,0.0,3.8,0.1736,0.2125,0.2728,0.3689,15.5667,14.4375,12.425,8.6042
Emsland (sand/peat),2025-05-20,0.0,4.74,0.17,0.2087,0.2709,0.368,16.9458,15.3708,12.5417,8.7
Emsland (sand/peat),2025-05-21,0.0,3.88,0.1665,0.2049,0.2688,0.368,15.2042,15.0833,12.7083,8.7792
Emsland (sand/peat),2025-05-22,0.5,3.85,0.1669,0.2024,0.2672,0.3674,13.6125,14.1583,12.7333,8.85
Emsland (sand/peat),2025-05-23,4.0,3.13,0.1858,0.2005,0.2657,0.367,12.5625,13.025,12.6417,8.925
Emsland (sand/peat),2025-05-24,5.1,2.59,0.2135,0.1995,0.2647,0.367,12.7458,12.6083,12.475,9.0
Emsland (sand/peat),2025-05-25,5.8,2.19,0.2893,0.202,0.264,0.3664,14.4792,13.5125,12.4,9.0792
Emsland (sand/peat),2025-05-26,0.6,3.82,0.2835,0.2064,0.2635,0.366,14.8875,13.9875,12.4,9.1333
Emsland (sand/peat),2025-05-27,9.5,2.3,0.2912,0.2088,0.2625,0.366,14.2417,14.0833,12.4333,9.2
Emsland (sand/peat),2025-05-28,11.3,2.41,0.3702,0.2321,0.262,0.3655,14.9083,14.3208,12.5,9.2792
Emsland (sand/peat),2025-05-29,1.5,1.76,0.3395,0.257,0.262,0.365,13.5167,13.4833,12.5,9.3292
Emsland (sand/peat),2025-05-30,0.2,3.21,0.3147,0.2627,0.2615,0.365,16.4833,14.75,12.5375,9.4
Emsland (sand/peat),2025-05-31,1.4,4.38,0.2901,0.2608,0.2605,0.3645,18.5042,16.2458,12.7667,9.4708
Emsland (sand/peat),2025-06-01,6.3,3.75,0.3427,0.2645,0.2595,0.364,18.6167,17.6125,13.1667,9.5292
Emsland (sand/peat),2025-06-02,3.7,3.52,0.3298,0.2692,0.2585,0.364,16.2583,16.2792,13.4625,9.6
Emsland (sand/peat),2025-06-03,0.1,4.18,0.3166,0.2716,0.2576,0.3634,15.9,15.3,13.5583,9.6958
Emsland (sand/peat),2025-06-04,0.3,3.29,0.2923,0.2686,0.257,0.363,16.625,15.9417,13.6375,9.7667
Emsland (sand/peat),2025-06-05,6.7,2.46,0.3046,0.2669,0.2564,0.363,15.4042,15.3542,13.7,9.8417
Emsland (sand/peat),2025-06-06,11.1,3.32,0.3738,0.2842,0.256,0.3625,15.8958,15.3875,13.7208,9.9125
Emsland (sand/peat),2025-06-07,10.8,2.09,0.378,0.3053,0.256,0.362,14.6625,14.8708,13.7333,10.0
Emsland (sand/peat),2025-06-08,20.5,2.29,0.4097,0.3694,0.2575,0.362,13.7042,14.075,13.65,10.0792
Emsland (sand/peat),2025-06-09,3.2,3.13,0.3972,0.3868,0.262,0.362,14.1917,13.7417,13.5167,10.1333
Emsland (sand/peat),2025-06-10,5.5,1.92,0.3957,0.3802,0.2658,0.361,13.9,14.0,13.4083,10.2
Emsland (sand/peat),2025-06-11,0.0,3.36,0.3745,0.3733,0.269,0.361,15.0958,14.2792,13.325,10.2833
Emsland (sand/peat),2025-06-12,0.0,5.37,0.3492,0.3582,0.2702,0.361,16.6875,15.225,13.3708,10.3208
Emsland (sand/peat),2025-06-13,0.0,5.79,0.3245,0.3414,0.2704,0.3604,19.5,17.2583,13.6167,10.4
Emsland (sand/peat),2025-06-14,0.7,5.48,0.3108,0.3262,0.2695,0.36,21.7417,19.2208,14.0958,10.4708
Emsland (sand/peat),2025-06-15,0.8,2.9,0.3155,0.3173,0.269,0.36,18.55,18.8,14.625,10.5417
Emsland (sand/peat),2025-06-16,0.6,3.24,0.3079,0.3111,0.269,0.3596,17.6417,17.2542,14.8333,10.625
Emsland (sand/peat),2025-06-17,0.0,4.78,0.2938,0.303,0.2684,0.359,18.5375,17.3042,14.9292,10.7083
Emsland (sand/peat),2025-06-18,0.3,3.97,0.2788,0.294,0.2674,0.359,18.8125,17.9292,15.1,10.8
Emsland (sand/peat),2025-06-19,0.0,4.31,0.2667,0.2858,0.2661,0.3587,17.6708,17.4833,15.2292,10.8917
Emsland (sand/peat),2025-06-20,0.0,4.88,0.2521,0.2768,0.2646,0.358,18.0208,17.15,15.2792,10.9792
Emsland (sand/peat),2025-06-21,0.0,5.78,0.2371,0.267,0.263,0.358,20.1208,18.2458,15.3583,11.0625
Emsland (sand/peat),2025-06-22,4.4,5.34,0.2332,0.2568,0.261,0.3574,21.4958,19.6542,15.6292,11.15
Emsland (sand/peat),2025-06-23,2.1,3.94,0.2688,0.2517,0.26,0.357,18.4833,18.9375,15.9167,11.2417
Emsland (sand/peat),2025-06-24,0.4,3.16,0.2624,0.2485,0.2592,0.357,17.7125,17.5708,16.0,11.3375
Emsland (sand/peat),2025-06-25,1.4,3.57,0.2588,0.2458,0.2585,0.3566,19.5167,18.1375,15.95,11.425
Emsland (sand/peat),2025-06-26,18.8,2.8,0.3288,0.261,0.258,0.356,19.0542,18.4417,16.0333,11.5167
Emsland (sand/peat),2025-06-27,3.3,2.79,0.3499,0.2835,0.2575,0.356,18.0333,18.0458,16.1,11.6042
Emsland (sand/peat),2025-06-28,0.3,3.0,0.3237,0.2869,0.257,0.356,19.5208,18.2208,16.125,11.7
Emsland (sand/peat),2025-06-29,0.1,4.03,0.3026,0.2842,0.2565,0.3554,20.6,19.4042,16.275,11.7917
Emsland (sand/peat),2025-06-30,0.0,5.53,0.28,0.2769,0.2555,0.355,19.8208,18.9708,16.425,11.8833
Emsland (sand/peat),2025-07-01,0.0,6.17,0.256,0.2672,0.2539,0.355,22.8,20.2583,16.5875,11.975
Emsland (sand/peat),2025-07-02,3.2,5.12,0.2484,0.2586,0.2525,0.354,23.8958,22.0708,16.9875,12.0667
Emsland (sand/peat),2025-07-03,0.1,3.91,0.2539,0.2527,0.2515,0.354,19.8583,20.6,17.325,12.1667
Emsland (sand/peat),2025-07-04,0.0,4.59,0.2384,0.2467,0.2501,0.3538,19.0958,18.9208,17.3292,12.2708
Emsland (sand/peat),2025-07-05,0.4,4.13,0.2273,0.2408,0.2488,0.353,19.1667,18.7292,17.3,12.3708
Emsland (sand/peat),2025-07-06,21.9,2.25,0.2906,0.244,0.248,0.353,18.7792,18.8583,17.2792,12.4667
Emsland (sand/peat),2025-07-07,8.2,2.21,0.383,0.2902,0.248,0.353,16.7292,17.4083,17.1333,12.5625
Emsland (sand/peat),2025-07-08,1.4,3.48,0.3481,0.3078,0.2484,0.3525,16.4833,16.5875,16.8792,12.6458
Emsland (sand/peat),2025-07-09,0.8,3.46,0.3258,0.3053,0.2482,0.352,17.5417,17.0958,16.6583,12.7208
Emsland (sand/peat),2025-07-10,1.5,2.81,0.3124,0.3011,0.248,0.352,17.075,16.9458,16.5333,12.8
Emsland (sand/peat),2025-07-11,0.8,2.21,0.3069,0.297,0.248,0.352,17.8583,17.4292,16.4375,12.8833
Emsland (sand/peat),2025-07-12,0.0,3.99,0.2945,0.2918,0.248,0.3512,19.1083,18.0167,16.4208,12.9417
Emsland (sand/peat),2025-07-13,0.9,3.19,0.2832,0.2855,0.2475,0.351,19.95,18.9083,16.5333,13.0
Emsland (sand/peat),2025-07-14,0.6,4.25,0.2731,0.2788,0.2466,0.351,20.1708,19.15,16.6917,13.1
Emsland (sand/peat),2025-07-15,3.4,3.21,0.288,0.2736,0.246,0.3505,18.7333,18.8917,16.8292,13.1625
Emsland (sand/peat),2025-07-16,13.3,2.27,0.36,0.2808,0.246,0.35,17.1958,17.6833,16.8375,13.2208
Emsland (sand/peat),2025-07-17,2.9,2.65,0.3581,0.301,0.246,0.35,17.8042,17.3125,16.7292,13.3
Emsland (sand/peat),2025-07-18,0.7,1.86,0.3436,0.3062,0.2469,0.35,18.8,18.0875,16.7,13.375
Emsland (sand/peat),2025-07-19,0.0,4.8,0.3199,0.3035,0.2465,0.3495,21.0833,19.225,16.7667,13.425
Emsland (sand/peat),2025-07-20,4.0,3.68,0.3175,0.2972,0.246,0.349,21.7875,20.5083,17.0417,13.5
Emsland (sand/peat),2025-07-21,5.6,3.13,0.3258,0.2941,0.246,0.349,20.5833,20.2875,17.3208,13.5792
Emsland (sand/peat),2025-07-22,7.6,2.63,0.3594,0.2983,0.246,0.349,18.95,19.1292,17.4333,13.65
Emsland (sand/peat),2025-07-23,2.3,3.39,0.3519,0.3073,0.246,0.3484,19.2542,18.825,17.45,13.7125
Emsland (sand/peat),2025-07-24,0.6,3.03,0.3325,0.307,0.246,0.348,19.225,18.7333,17.4417,13.8
Emsland (sand/peat),2025-07-25,1.1,1.74,0.3222,0.3044,0.246,0.348,18.9667,18.8875,17.5,13.875
Emsland (sand/peat),2025-07-26,2.0,2.99,0.315,0.3015,0.2462,0.348,18.8625,18.3667,17.4208,13.9292
Emsland (sand/peat),2025-07-27,4.1,2.8,0.3452,0.3013,0.2463,0.3475,18.525,18.5833,17.4,14.0
Emsland (sand/peat),2025-07-28,4.3,2.9,0.3462,0.3032,0.2465,0.347,17.9958,18.0167,17.3458,14.0833
Emsland (sand/peat),2025-07-29,0.9,3.18,0.3415,0.3059,0.2467,0.347,17.5208,17.6542,17.2542,14.125
Emsland (sand/peat),2025-07-30,1.0,3.1,0.3255,0.304,0.2467,0.347,17.0792,17.2,17.1375,14.2
Emsland (sand/peat),2025-07-31,4.8,2.88,0.3413,0.3024,0.2468,0.3465,17.3083,17.2167,17.0208,14.25
Emsland (sand/peat),2025-08-01,10.9,1.88,0.3716,0.3102,0.247,0.346,16.6542,16.9583,16.9042,14.3
Emsland (sand/peat),2025-08-02,6.9,2.15,0.3814,0.3292,0.2478,0.346,16.6583,16.6792,16.7458,14.3542
Emsland (sand/peat),2025-08-03,10.5,3.11,0.3956,0.3475,0.2488,0.346,17.0292,16.7917,16.6333,14.4
Emsland (sand/peat),2025-08-04,4.3,2.7,0.3925,0.3632,0.2505,0.346,18.2792,17.5583,16.6,14.4333
Emsland (sand/peat),2025-08-05,2.0,3.33,0.387,0.3664,0.2528,0.3454,17.4917,17.6917,16.6708,14.5
Emsland (sand/peat),2025-08-06,0.7,2.89,0.3673,0.3596,0.2548,0.345,16.5792,16.8,16.6208,14.5
Emsland (sand/peat),2025-08-07,0.0,3.91,0.3465,0.349,0.256,0.345,17.5833,16.875,16.5208,14.5958
Emsland (sand/peat),2025-08-08,0.9,3.28,0.3326,0.338,0.2569,0.345,18.775,18.025,16.5833,14.6
Emsland (sand/peat),2025-08-09,0.0,4.21,0.3205,0.3282,0.257,0.3446,19.5583,18.6167,16.725,14.6417
Emsland (sand/peat),2025-08-10,0.0,3.92,0.304,0.3179,0.2568,0.344,18.7583,18.5375,16.8458,14.7
Emsland (sand/peat),2025-08-11,0.0,4.24,0.2903,0.308,0.2565,0.344,19.425,18.5,16.9458,14.7125
Emsland (sand/peat),2025-08-12,0.0,4.48,0.2772,0.2981,0.2556,0.344,20.7125,19.475,17.1375,14.8
Emsland (sand/peat),2025-08-13,0.0,4.88,0.2629,0.2882,0.2546,0.3435,23.1208,20.8875,17.4042,14.8042
Emsland (sand/peat),2025-08-14,0.5,3.82,0.2523,0.2792,0.2536,0.343,23.5792,22.075,17.8292,14.9
Emsland (sand/peat),2025-08-15,0.0,3.96,0.243,0.2713,0.2526,0.343,22.5167,21.9375,18.2333,14.9417
Emsland (sand/peat),2025-08-16,0.0,2.88,0.2349,0.2647,0.252,0.343,19.7375,20.5083,18.4708,15.0
Emsland (sand/peat),2025-08-17,0.5,1.97,0.2318,0.2603,0.2516,0.3423,18.175,18.7583,18.4333,15.0917
Emsland (sand/peat),2025-08-18,0.0,3.61,0.2286,0.2557,0.2507,0.342,19.4083,18.725,18.3083,15.1375
Emsland (sand/peat),2025-08-19,0.0,3.93,0.2199,0.2495,0.25,0.342,19.7417,19.2292,18.2167,15.2
Emsland (sand/peat),2025-08-20,0.1,3.52,0.2128,0.2438,0.2488,0.342,19.5125,19.2375,18.2,15.275
Emsland (sand/peat),2025-08-21,0.0,3.22,0.2059,0.2388,0.248,0.3413,18.3,18.9083,18.2,15.3
Emsland (sand/peat),2025-08-22,0.3,2.72,0.2027,0.2349,0.2475,0.341,16.7042,17.5958,18.0667,15.4
Emsland (sand/peat),2025-08-23,0.1,2.89,0.2018,0.2315,0.2467,0.341,16.0125,16.7458,17.8208,15.4
Emsland (sand/peat),2025-08-24,0.5,2.46,0.2014,0.2285,0.2462,0.341,15.6333,16.275,17.5458,15.5
Emsland (sand/peat),2025-08-25,0.3,2.31,0.2021,0.2257,0.2456,0.3405,15.8833,16.0125,17.2708,15.5
Emsland (sand/peat),2025-08-26,0.4,3.9,0.1988,0.2222,0.2446,0.34,18.1625,17.025,17.1125,15.5208
Emsland (sand/peat),2025-08-27,0.0,3.18,0.1934,0.2182,0.2436,0.34,19.4417,18.4667,17.1208,15.6
Emsland (sand/peat),2025-08-28,1.1,2.4,0.1912,0.2151,0.243,0.34,19.1167,18.7875,17.2333,15.6
Emsland (sand/peat),2025-08-29,0.7,3.48,0.1908,0.2126,0.2425,0.3395,18.6583,18.3917,17.3042,15.6
Emsland (sand/peat),2025-08-30,0.2,2.73,0.1927,0.2101,0.2416,0.339,18.2792,18.2417,17.3792,15.7
Emsland (sand/peat),2025-08-31,5.3,1.62,0.2185,0.209,0.241,0.339,17.4708,17.775,17.375,15.7
Emsland (sand/peat),2025-09-01,27.2,1.69,0.3626,0.2455,0.241,0.339,17.7667,17.725,17.3,15.7
Emsland (sand/peat),2025-09-02,0.0,3.26,0.3339,0.2721,0.241,0.339,17.5875,17.5167,17.3,15.7875
Emsland (sand/peat),2025-09-03,2.6,2.77,0.3109,0.2732,0.241,0.3383,18.1208,17.6875,17.2458,15.8
Emsland (sand/peat),2025-09-04,0.4,3.21,0.3071,0.273,0.2406,0.338,18.9458,18.4,17.3,15.8
Emsland (sand/peat),2025-09-05,2.8,2.35,0.3079,0.2718,0.2403,0.338,17.375,17.9458,17.3,15.85
Emsland (sand/peat),2025-09-06,0.0,3.07,0.2965,0.2707,0.24,0.338,16.9042,16.9417,17.2417,15.9
Emsland (sand/peat),2025-09-07,0.0,4.51,0.2782,0.2668,0.2396,0.3377,18.4833,17.725,17.2,15.9
Emsland (sand/peat),2025-09-08,9.8,1.69,0.3145,0.2656,0.239,0.337,17.3708,17.8208,17.2,15.9
Emsland (sand/peat),2025-09-09,6.3,0.87,0.3581,0.2797,0.24,0.337,16.25,16.8708,17.1833,15.9583
Emsland (sand/peat),2025-09-10,0.0,2.53,0.3368,0.2901,0.24,0.337,15.7083,16.1167,17.0333,16.0
Emsland (sand/peat),2025-09-11,4.2,2.16,0.3339,0.2919,0.24,0.337,15.75,16.1208,16.8542,16.0
Emsland (sand/peat),2025-09-12,0.5,2.81,0.326,0.2937,0.24,0.337,15.1417,15.6583,16.7042,16.0
Emsland (sand/peat),2025-09-13,7.7,1.98,0.3454,0.2948,0.24,0.3364,14.7875,15.2958,16.5208,16.0
Emsland (sand/peat),2025-09-14,4.9,2.36,0.355,0.3047,0.2409,0.336,15.1833,15.3208,16.3333,16.0
Emsland (sand/peat),2025-09-15,4.4,3.2,0.3785,0.3216,0.241,0.336,16.3625,16.05,16.2167,16.0
Emsland (sand/peat),2025-09-16,11.6,1.55,0.3765,0.3296,0.2418,0.336,14.5583,15.4958,16.1875,16.0
Emsland (sand/peat),2025-09-17,1.6,1.37,0.3709,0.3408,0.243,0.336,14.2667,14.6458,16.0208,16.0
Emsland (sand/peat),2025-09-18,0.1,1.13,0.3613,0.3422,0.2445,0.336,16.325,15.6125,15.9,16.0
Emsland (sand/peat),2025-09-19,0.0,2.77,0.3448,0.3385,0.2459,0.3354,17.7625,16.8042,15.9333,16.0
Emsland (sand/peat),2025-09-20,2.3,2.71,0.3371,0.3314,0.2468,0.335,18.6375,17.6708,16.1292,16.0
Emsland (sand/peat),2025-09-21,0.1,1.98,0.3421,0.3278,0.2472,0.335,16.3458,17.4292,16.3583,16.0
Emsland (sand/peat),2025-09-22,0.1,2.18,0.3284,0.3237,0.248,0.335,13.5917,14.9167,16.2833,16.0
Emsland (sand/peat),2025-09-23,0.1,2.07,0.3181,0.3184,0.2481,0.335,13.0792,13.9208,16.0083,16.0
Emsland (sand/peat),2025-09-24,0.0,2.74,0.3086,0.313,0.249,0.335,12.3583,13.3208,15.7042,16.0
Emsland (sand/peat),2025-09-25,0.0,3.0,0.2984,0.307,0.249,0.3341,12.5625,13.15,15.3958,16.0
Emsland (sand/peat),2025-09-26,1.1,2.45,0.2899,0.3014,0.249,0.334,13.675,13.7833,15.1667,16.0
Emsland (sand/peat),2025-09-27,0.2,1.25,0.2968,0.2978,0.249,0.334,13.8708,14.0,15.0417,16.0
Emsland (sand/peat),2025-09-28,0.2,1.75,0.2935,0.2948,0.249,0.334,14.6667,14.4958,15.0,16.0
Emsland (sand/peat),2025-09-29,2.9,1.33,0.3013,0.2925,0.249,0.334,13.8917,14.4042,15.0,16.0
Emsland (sand/peat),2025-09-30,0.0,1.81,0.3142,0.2925,0.2495,0.334,13.5042,14.0,14.9208,15.9125
Emsland (sand/peat),2025-10-01,0.0,2.13,0.3016,0.2905,0.2495,0.3334,12.1125,13.2042,14.8125,15.9
Emsland (sand/peat),2025-10-02,0.0,2.09,0.2916,0.2876,0.2493,0.333,11.6375,12.4292,14.5833,15.9
Emsland (sand/peat),2025-10-03,3.6,2.04,0.2868,0.285,0.249,0.333,11.4417,12.2167,14.3708,15.9
Emsland (sand/peat),2025-10-04,20.7,1.4,0.3933,0.3205,0.2498,0.333,12.0917,12.5625,14.1875,15.8125
Emsland (sand/peat),2025-10-05,5.1,1.25,0.3915,0.3538,0.2513,0.333,11.5833,12.2125,14.0292,15.8
Emsland (sand/peat),2025-10-06,1.2,1.05,0.3798,0.3604,0.2534,0.333,12.3,12.35,13.8542,15.8
Emsland (sand/peat),2025-10-07,0.0,1.08,0.3667,0.3582,0.2557,0.333,14.1625,13.475,13.8167,15.7
Emsland (sand/peat),2025-10-08,0.8,1.07,0.3597,0.3535,0.2575,0.333,14.4667,14.3042,13.9417,15.7
Emsland (sand/peat),2025-10-09,0.0,1.32,0.3537,0.349,0.2591,0.332,13.0958,13.5917,14.0,15.6833
Emsland (sand/peat),2025-10-10,0.0,1.33,0.345,0.344,0.2604,0.332,14.0875,13.8792,14.0417,15.6
Emsland (sand/peat),2025-10-11,0.1,1.06,0.3393,0.3391,0.2615,0.332,13.9458,14.0333,14.1167,15.6
Emsland (sand/peat),2025-10-12,0.1,0.66,0.3362,0.3354,0.2625,0.332,13.5208,13.7333,14.2,15.6
Emsland (sand/peat),2025-10-13,0.5,0.77,0.3357,0.3325,0.2634,0.332,13.5583,13.7833,14.2,15.525
Emsland (sand/peat),2025-10-14,0.4,0.86,0.3349,0.3301,0.2641,0.332,13.2792,13.525,14.2,15.5
Emsland (sand/peat),2025-10-15,0.9,0.71,0.334,0.328,0.265,0.332,13.0125,13.3833,14.1167,15.5
Emsland (sand/peat),2025-10-16,0.3,0.96,0.3326,0.3262,0.2658,0.332,12.5125,13.0208,14.0792,15.4875
Emsland (sand/peat),2025-10-17,0.5,0.97,0.3308,0.3244,0.2661,0.332,11.8083,12.5542,13.9583,15.4
Emsland (sand/peat),2025-10-18,0.0,1.41,0.3259,0.322,0.267,0.3312,9.525,11.2208,13.7708,15.4
Emsland (sand/peat),2025-10-19,0.0,1.68,0.3182,0.3187,0.267,0.331,9.5917,10.3958,13.4292,15.3917
Emsland (sand/peat),2025-10-20,3.9,0.79,0.3355,0.3174,0.2675,0.331,11.5833,11.3667,13.1833,15.3
Emsland (sand/peat),2025-10-21,9.3,0.9,0.3819,0.3271,0.268,0.331,12.2958,12.2958,13.1,15.3
Emsland (sand/peat),2025-10-22,0.6,0.87,0.3721,0.3419,0.269,0.331,11.9833,12.3417,13.1,15.225
Emsland (sand/peat),2025-10-23,14.6,1.15,0.3997,0.3684,0.2708,0.331,11.6625,12.0667,13.1,15.2
Emsland (sand/peat),2025-10-24,1.9,1.58,0.3942,0.3818,0.2741,0.331,10.2792,11.3,13.0125,15.1625
Emsland (sand/peat),2025-10-25,1.0,1.16,0.38,0.3756,0.2775,0.331,9.7,10.6083,12.8167,15.1
Emsland (sand/peat),2025-10-26,10.4,1.28,0.401,0.3848,0.2806,0.331,8.95,9.9667,12.575,15.075
Emsland (sand/peat),2025-10-27,4.9,1.01,0.4089,0.3924,0.2853,0.331,8.9208,9.725,12.3083,15.0
Emsland (sand/peat),2025-10-28,5.2,1.14,0.4058,0.3943,0.2905,0.331,9.2917,9.7125,12.0667,14.9583
Emsland (sand/peat),2025-10-29,3.0,0.95,0.3889,0.388,0.2951,0.331,10.325,10.3583,11.9208,14.9
Emsland (sand/peat),2025-10-30,7.4,0.98,0.411,0.4021,0.3002,0.3302,10.2083,10.7583,11.9,14.8208
Emsland (sand/peat),2025-10-31,0.6,1.05,0.3881,0.3915,0.3057,0.33,9.5208,10.025,11.8208,14.7875
Emsland (sand/peat),2025-11-01,5.9,0.61,0.397,0.3868,0.3092,0.33,10.825,10.8,11.7542,14.7
Emsland (sand/peat),2025-11-02,1.2,0.71,0.393,0.3896,0.3128,0.33,10.3542,10.825,11.8,14.6542
Emsland (sand/peat),2025-11-03,0.0,0.97,0.3838,0.3833,0.316,0.33,9.7917,10.1958,11.7292,14.6
Emsland (sand/peat),2025-11-04,0.0,1.44,0.3723,0.3765,0.3182,0.33,11.875,11.3708,11.7292,14.525
Emsland (sand/peat),2025-11-05,0.8,1.5,0.3679,0.3704,0.3198,0.33,11.2083,11.5042,11.8292,14.5
Emsland (sand/peat),2025-11-06,0.0,1.1,0.3603,0.3652,0.3209,0.33,9.625,10.6417,11.8542,14.4042
Emsland (sand/peat),2025-11-07,0.3,0.36,0.3577,0.3611,0.3219,0.33,9.4417,9.8708,11.7375,14.3875
Emsland (sand/peat),2025-11-08,0.3,0.35,0.3592,0.3586,0.3228,0.33,10.6583,10.7125,11.7,14.3
Emsland (sand/peat),2025-11-09,1.0,0.44,0.3632,0.3572,0.3237,0.33,9.8167,10.5708,11.7,14.2708
Emsland (sand/peat),2025-11-10,1.2,0.52,0.359,0.3567,0.3243,0.33,8.2042,9.3083,11.5417,14.2
Emsland (sand/peat),2025-11-11,1.6,0.69,0.3731,0.3582,0.325,0.33,9.5542,9.6708,11.3667,14.1542
Emsland (sand/peat),2025-11-12,0.0,1.25,0.36,0.3579,0.326,0.33,10.075,10.1458,11.3,14.1
Emsland (sand/peat),2025-11-13,0.7,1.14,0.3527,0.355,0.3261,0.33,11.3875,10.8917,11.3208,14.0292
Emsland (sand/peat),2025-11-14,19.9,0.27,0.4235,0.3879,0.3278,0.33,10.4542,11.2167,11.4625,14.0
Emsland (sand/peat),2025-11-15,9.0,0.31,0.4241,0.4204,0.3373,0.33,7.9167,9.3375,11.4,13.9083
Emsland (sand/peat),2025-11-16,0.0,0.28,0.4017,0.407,0.3466,0.33,6.7458,8.2708,11.1375,13.8917
Emsland (sand/peat),2025-11-17,1.9,0.73,0.3968,0.3975,0.3507,0.33,5.3958,7.0042,10.75,13.8
Emsland (sand/peat),2025-11-18,0.6,0.54,0.3865,0.3912,0.3533,0.33,4.9042,6.2833,10.2958,13.7417
Emsland (sand/peat),2025-11-19,9.3,0.19,0.4123,0.3968,0.3554,0.3309,4.7833,5.9708,9.8625,13.6708
Emsland (sand/peat),2025-11-20,0.6,0.42,0.3999,0.4041,0.3595,0.331,3.1,5.2458,9.4458,13.5875
Emsland (sand/peat),2025-11-21,0.7,0.37,0.3893,0.3958,0.3624,0.331,0.5167,3.1042,8.8708,13.4917
Emsland (sand/peat),2025-11-22,0.0,0.68,0.3823,0.3898,0.3643,0.331,0.9042,2.5792,8.2042,13.3833
Emsland (sand/peat),2025-11-23,3.1,1.13,0.3767,0.3843,0.3652,0.331,1.0833,2.4792,7.6375,13.2667
Emsland (sand/peat),2025-11-24,0.3,0.24,0.3893,0.3828,0.366,0.3318,3.7042,3.8333,7.2583,13.1458
Emsland (sand/peat),2025-11-25,0.0,0.2,0.3831,0.3835,0.3668,0.332,3.9833,4.5875,7.125,13.0292
Emsland (sand/peat),2025-11-26,0.0,0.21,0.3772,0.3813,0.3671,0.332,3.6333,4.5292,7.0458,12.8958
Emsland (sand/peat),2025-11-27,3.3,0.35,0.3885,0.381,0.368,0.332,4.0125,4.4667,6.9542,12.7667
Emsland (sand/peat),2025-11-28,0.8,0.26,0.3884,0.385,0.3684,0.3329,6.8,6.1167,7.0042,12.65
Emsland (sand/peat),2025-11-29,0.8,0.38,0.3815,0.3839,0.369,0.333,7.5208,7.1917,7.2542,12.5333
Emsland (sand/peat),2025-11-30,0.8,0.63,0.3824,0.3825,0.3697,0.333,7.0542,7.4083,7.5292,12.425
Emsland (sand/peat),2025-12-01,0.0,1.04,0.374,0.38,0.37,0.3333,5.4208,6.2292,7.7,12.325
Emsland (sand/peat),2025-12-02,0.5,1.01,0.3699,0.3769,0.37,0.334,6.0708,6.3792,7.7,12.225
Emsland (sand/peat),2025-12-03,0.6,0.22,0.3702,0.3748,0.37,0.334,6.0958,6.4375,7.7042,12.1292
Emsland (sand/peat),2025-12-04,0.6,0.28,0.3739,0.374,0.37,0.334,5.7083,6.4417,7.8,12.0375
Emsland (sand/peat),2025-12-05,0.0,0.32,0.3694,0.3733,0.37,0.3348,4.8833,5.5583,7.7208,11.9458
Emsland (sand/peat),2025-12-06,5.9,0.47,0.3852,0.3739,0.37,0.335,5.7958,5.9667,7.6333,11.8583
Emsland (sand/peat),2025-12-07,9.3,0.43,0.4003,0.3858,0.37,0.335,8.0417,7.3,7.7042,11.7708
Emsland (sand/peat),2025-12-08,4.1,0.51,0.4028,0.4048,0.3722,0.3352,9.5167,8.675,7.9542,11.6917
Emsland (sand/peat),2025-12-09,3.8,0.6,0.4167,0.4106,0.3755,0.336,10.175,9.6,8.3333,11.6
Emsland (sand/peat),2025-12-10,0.0,0.84,0.3982,0.4069,0.3795,0.336,10.15,9.8,8.7,11.5417
Emsland (sand/peat),2025-12-11,0.0,0.36,0.3875,0.3983,0.3814,0.3367,7.6333,8.7,8.9458,11.5
Emsland (sand/peat),2025-12-12,0.0,0.24,0.3818,0.3922,0.382,0.337,6.7625,7.3042,8.9125,11.4167
Emsland (sand/peat),2025-12-13,0.1,0.31,0.3786,0.3879,0.382,0.3376,7.5625,7.9833,8.8458,11.4
Emsland (sand/peat),2025-12-14,0.0,0.31,0.375,0.3844,0.382,0.338,6.2417,6.9625,8.7583,11.3
Emsland (sand/peat),2025-12-15,0.0,0.53,0.3719,0.3813,0.382,0.3385,6.3583,6.9875,8.6375,11.2792
Emsland (sand/peat),2025-12-16,0.0,0.7,0.3685,0.3782,0.381,0.339,6.5167,6.9208,8.5208,11.2
Emsland (sand/peat),2025-12-17,0.1,0.28,0.3672,0.3753,0.3808,0.3392,6.5917,6.8792,8.4208,11.15
Emsland (sand/peat),2025-12-18,0.0,0.94,0.3652,0.373,0.38,0.34,8.0,7.7333,8.4,11.1
Emsland (sand/peat),2025-12-19,2.3,0.6,0.3755,0.3721,0.3795,0.34,8.6917,8.675,8.5167,11.025
Emsland (sand/peat),2025-12-20,0.0,0.19,0.3737,0.3732,0.379,0.3408,5.4958,6.8458,8.5458,11.0
Emsland (sand/peat),2025-12-21,0.0,0.31,0.3679,0.3726,0.3786,0.341,6.625,6.9125,8.4042,10.9125
Emsland (sand/peat),2025-12-22,0.1,0.56,0.3642,0.3708,0.378,0.3412,5.8333,6.6083,8.2958,10.8917
Emsland (sand/peat),2025-12-23,0.0,0.72,0.3612,0.3688,0.3775,0.342,4.3167,5.7792,8.125,10.8
Emsland (sand/peat),2025-12-24,0.0,0.85,0.358,0.3665,0.377,0.342,2.2917,4.2542,7.8125,10.7625
Emsland (sand/peat),2025-12-25,0.0,0.9,0.355,0.364,0.3761,0.3422,0.0667,2.4208,7.3,10.7
Emsland (sand/peat),2025-12-26,0.0,0.66,0.3536,0.362,0.3757,0.343,-0.6167,1.2708,6.6708,10.6
Emsland (sand/peat),2025-12-27,0.0,0.22,0.353,0.3604,0.375,0.343,-0.5792,0.8542,6.05,10.5167
Emsland (sand/peat),2025-12-28,0.0,0.12,0.3525,0.3592,0.3744,0.343,-0.1875,1.025,5.5417,10.4167
Emsland (sand/peat),2025-12-29,0.1,0.28,0.3534,0.358,0.374,0.344,1.0333,1.5292,5.1667,10.3125
Emsland (sand/peat),2025-12-30,0.0,0.35,0.3525,0.3572,0.3732,0.344,0.4292,1.7625,4.9375,10.1958
Emsland (sand/peat),2025-12-31,1.5,0.31,0.3609,0.3569,0.3729,0.344,1.0667,1.5833,4.7167,10.0792
Wesermarsch (marsh clay),2025-01-01,9.2,0.88,0.3993,0.3911,0.3953,0.383,6.5625,6.4,7.2,10.1667
Wesermarsch (marsh clay),2025-01-02,1.9,0.47,0.4115,0.4098,0.3965,0.383,4.0,5.5,7.1792,10.1
Wesermarsch (marsh clay),2025-01-03,2.8,0.56,0.408,0.4076,0.3982,0.3838,2.0917,3.85,6.9583,10.0292
Wesermarsch (marsh clay),2025-01-04,0.2,0.33,0.4009,0.4042,0.399,0.384,1.2333,2.6625,6.5667,9.9708
Wesermarsch (marsh clay),2025-01-05,16.5,0.26,0.4082,0.4073,0.3993,0.384,1.9333,2.7,6.175,9.9
Wesermarsch (marsh clay),2025-01-06,3.7,0.92,0.4235,0.4239,0.4098,0.385,6.5708,5.2792,6.0292,9.8
Wesermarsch (marsh clay),2025-01-07,0.1,0.77,0.4094,0.4143,0.412,0.3859,4.4375,5.4,6.1792,9.725
Wesermarsch (marsh clay),2025-01-08,0.0,0.57,0.402,0.4075,0.4111,0.387,3.1875,4.2167,6.1375,9.6542
Wesermarsch (marsh clay),2025-01-09,2.0,0.22,0.4011,0.4033,0.4096,0.3878,1.9958,3.2875,5.975,9.5875
Wesermarsch (marsh clay),2025-01-10,2.5,0.33,0.4056,0.4041,0.4084,0.3886,1.925,2.9417,5.725,9.5
Wesermarsch (marsh clay),2025-01-11,0.2,0.5,0.4001,0.4036,0.4075,0.389,0.825,2.1875,5.4667,9.4083
Wesermarsch (marsh clay),2025-01-12,0.0,0.37,0.3948,0.4,0.4065,0.39,0.8667,1.9625,5.1792,9.325
Wesermarsch (marsh clay),2025-01-13,0.0,0.28,0.3914,0.3965,0.4053,0.3901,-0.1875,1.2583,4.875,9.2375
Wesermarsch (marsh clay),2025-01-14,0.0,0.45,0.3891,0.3938,0.4042,0.391,0.6583,1.1792,4.5625,9.1417
Wesermarsch (marsh clay),2025-01-15,0.0,0.23,0.3872,0.3917,0.403,0.391,3.8417,3.0625,4.4208,9.0417
Wesermarsch (marsh clay),2025-01-16,0.0,0.16,0.3851,0.3898,0.4018,0.3915,4.075,4.1542,4.575,8.9458
Wesermarsch (marsh clay),2025-01-17,0.0,0.19,0.383,0.388,0.4007,0.392,2.4708,3.4375,4.7,8.8542
Wesermarsch (marsh clay),2025-01-18,0.0,0.15,0.381,0.3863,0.3996,0.392,1.1417,2.4208,4.65,8.7667
Wesermarsch (marsh clay),2025-01-19,0.0,0.29,0.3793,0.3845,0.3985,0.392,0.4333,1.5917,4.4708,8.6792
Wesermarsch (marsh clay),2025-01-20,0.0,0.2,0.3776,0.3829,0.3975,0.392,0.0542,1.1625,4.2375,8.5875
Wesermarsch (marsh clay),2025-01-21,0.0,0.32,0.3764,0.3815,0.3964,0.3921,0.2542,1.0542,4.0083,8.4917
Wesermarsch (marsh clay),2025-01-22,3.8,0.41,0.3808,0.3806,0.3954,0.393,0.5833,1.1958,3.8333,8.3958
Wesermarsch (marsh clay),2025-01-23,8.0,0.4,0.4132,0.4056,0.3956,0.393,2.7083,2.3417,3.7458,8.3
Wesermarsch (marsh clay),2025-01-24,1.9,0.48,0.4061,0.4061,0.3973,0.393,4.3708,3.5875,3.875,8.2
Wesermarsch (marsh clay),2025-01-25,5.2,0.33,0.4122,0.4101,0.3987,0.393,4.7,4.6417,4.15,8.1083
Wesermarsch (marsh clay),2025-01-26,1.9,0.37,0.407,0.4086,0.4006,0.393,2.8417,3.5833,4.3417,8.025
Wesermarsch (marsh clay),2025-01-27,5.5,0.91,0.4147,0.4117,0.4018,0.393,5.2125,4.3,4.4417,7.9542
Wesermarsch (marsh clay),2025-01-28,0.0,0.84,0.4038,0.4082,0.403,0.3937,5.5875,5.2,4.6875,7.8958
Wesermarsch (marsh clay),2025-01-29,6.9,0.46,0.4156,0.412,0.4039,0.394,5.575,5.5042,4.95,7.8
Wesermarsch (marsh clay),2025-01-30,1.5,0.4,0.4067,0.4098,0.405,0.394,4.925,5.2,5.15,7.7625
Wesermarsch (marsh clay),2025-01-31,0.0,0.51,0.401,0.4055,0.405,0.3948,3.2583,4.1333,5.2,7.7
Wesermarsch (marsh clay),2025-02-01,0.0,0.26,0.396,0.4011,0.405,0.395,2.2708,3.2042,5.1125,7.6458
Wesermarsch (marsh clay),2025-02-02,0.0,0.27,0.3919,0.3973,0.404,0.395,1.35,2.6167,4.925,7.6
Wesermarsch (marsh clay),2025-02-03,0.0,0.46,0.3886,0.394,0.4033,0.3957,0.0958,1.4958,4.65,7.525
Wesermarsch (marsh clay),2025-02-04,0.0,0.3,0.3863,0.3913,0.4022,0.396,0.3208,1.1875,4.3125,7.475
Wesermarsch (marsh clay),2025-02-05,0.0,0.51,0.384,0.389,0.4013,0.396,2.9833,2.4333,4.1042,7.4
Wesermarsch (marsh clay),2025-02-06,0.2,0.46,0.3825,0.387,0.4002,0.396,3.0583,3.2708,4.1,7.3167
Wesermarsch (marsh clay),2025-02-07,0.1,0.75,0.3803,0.3853,0.3991,0.396,2.475,3.0083,4.1,7.2667
Wesermarsch (marsh clay),2025-02-08,0.0,0.91,0.377,0.383,0.3979,0.396,2.7375,2.9625,4.1,7.2
Wesermarsch (marsh clay),2025-02-09,0.0,0.82,0.3745,0.3807,0.3967,0.396,2.8125,3.1208,4.1,7.1167
Wesermarsch (marsh clay),2025-02-10,0.1,0.88,0.3727,0.3786,0.3956,0.396,2.7292,3.1417,4.1,7.075
Wesermarsch (marsh clay),2025-02-11,1.7,1.12,0.3701,0.3767,0.3945,0.396,1.5875,2.4833,4.1,7.0
Wesermarsch (marsh clay),2025-02-12,4.2,0.74,0.3698,0.3753,0.3933,0.396,1.3125,2.1292,3.9875,6.9375
Wesermarsch (marsh clay),2025-02-13,0.8,0.53,0.3712,0.375,0.3922,0.396,0.4083,1.4125,3.825,6.8875
Wesermarsch (marsh clay),2025-02-14,0.0,0.47,0.3714,0.3745,0.3911,0.396,0.6125,1.3083,3.6333,6.8
Wesermarsch (marsh clay),2025-02-15,0.0,0.52,0.3721,0.374,0.3901,0.396,0.2375,1.0958,3.45,6.7333
Wesermarsch (marsh clay),2025-02-16,0.0,0.73,0.3703,0.374,0.3891,0.396,0.0333,0.9042,3.2625,6.675
Wesermarsch (marsh clay),2025-02-17,0.0,0.72,0.3678,0.3729,0.3881,0.396,-0.0083,0.8,3.0958,6.6
Wesermarsch (marsh clay),2025-02-18,0.0,1.06,0.3665,0.372,0.3872,0.396,-0.4375,0.65,2.9417,6.5083
Wesermarsch (marsh clay),2025-02-19,0.0,1.63,0.3655,0.371,0.3863,0.396,-0.4375,0.525,2.7833,6.4417
Wesermarsch (marsh clay),2025-02-20,0.8,1.05,0.3714,0.3704,0.3855,0.396,0.2083,0.5083,2.6458,6.3667
Wesermarsch (marsh clay),2025-02-21,0.1,0.87,0.388,0.3769,0.3849,0.396,5.3375,2.4583,2.6333,6.2917
Wesermarsch (marsh clay),2025-02-22,1.3,1.01,0.3818,0.3797,0.384,0.396,6.7875,5.1667,3.0167,6.2
Wesermarsch (marsh clay),2025-02-23,0.0,0.78,0.3813,0.3806,0.3838,0.3951,7.0542,6.2458,3.5792,6.1458
Wesermarsch (marsh clay),2025-02-24,3.7,0.88,0.3851,0.3805,0.383,0.395,7.4125,6.4,4.0917,6.1
Wesermarsch (marsh clay),2025-02-25,0.1,0.83,0.3883,0.3858,0.383,0.395,7.4708,6.8375,4.5458,6.0958
Wesermarsch (marsh clay),2025-02-26,2.1,0.7,0.388,0.3857,0.383,0.395,5.775,6.075,4.9,6.0
Wesermarsch (marsh clay),2025-02-27,4.1,0.77,0.3971,0.3886,0.383,0.395,5.025,5.2792,5.0417,6.0
Wesermarsch (marsh clay),2025-02-28,0.4,0.49,0.395,0.3936,0.3832,0.395,3.9875,4.4417,5.0958,6.0
Wesermarsch (marsh clay),2025-03-01,0.0,0.74,0.3869,0.3905,0.384,0.395,4.3625,4.4542,5.0,6.0
Wesermarsch (marsh clay),2025-03-02,0.0,0.86,0.3815,0.3865,0.384,0.395,4.375,4.5208,5.0,5.9667
Wesermarsch (marsh clay),2025-03-03,0.0,1.24,0.377,0.3827,0.3835,0.395,3.8333,4.1833,4.9333,5.9
Wesermarsch (marsh clay),2025-03-04,0.0,1.18,0.3729,0.3789,0.3829,0.395,4.25,4.2208,4.9,5.9
Wesermarsch (marsh clay),2025-03-05,0.0,1.75,0.3685,0.3751,0.382,0.3941,5.175,4.8208,4.9,5.9
Wesermarsch (marsh clay),2025-03-06,0.0,1.67,0.364,0.3712,0.3809,0.394,6.0708,5.4667,4.95,5.9
Wesermarsch (marsh clay),2025-03-07,0.0,1.81,0.3599,0.3675,0.3797,0.394,7.125,6.3125,5.1458,5.8667
Wesermarsch (marsh clay),2025-03-08,0.0,2.06,0.3562,0.3638,0.3786,0.394,7.3875,6.7333,5.3708,5.8
Wesermarsch (marsh clay),2025-03-09,0.0,1.8,0.3521,0.3605,0.3775,0.394,7.4958,7.1167,5.625,5.8
Wesermarsch (marsh clay),2025-03-10,0.0,1.47,0.3496,0.3579,0.3762,0.394,5.9625,6.35,5.8,5.8
Wesermarsch (marsh clay),2025-03-11,0.0,0.76,0.3485,0.3556,0.3749,0.394,4.7042,5.3792,5.8,5.8
Wesermarsch (marsh clay),2025-03-12,0.6,1.16,0.351,0.3545,0.3738,0.393,4.9167,5.2375,5.725,5.8
Wesermarsch (marsh clay),2025-03-13,0.3,1.1,0.3525,0.3542,0.3727,0.393,3.2708,4.2208,5.5917,5.8
Wesermarsch (marsh clay),2025-03-14,1.4,1.16,0.3533,0.354,0.3718,0.393,3.025,3.6917,5.375,5.8
Wesermarsch (marsh clay),2025-03-15,0.0,1.14,0.3525,0.3541,0.3707,0.393,2.9042,3.5083,5.1583,5.8
Wesermarsch (marsh clay),2025-03-16,0.0,1.05,0.3487,0.3534,0.3698,0.393,2.4542,3.1083,4.9292,5.8
Wesermarsch (marsh clay),2025-03-17,0.0,1.88,0.3447,0.3512,0.3686,0.3927,3.1708,3.5292,4.7417,5.8
Wesermarsch (marsh clay),2025-03-18,0.0,1.81,0.3401,0.3485,0.3675,0.392,2.0833,2.8833,4.5875,5.7417
Wesermarsch (marsh clay),2025-03-19,0.0,1.96,0.3366,0.3456,0.3664,0.392,2.4792,2.7625,4.3875,5.7
Wesermarsch (marsh clay),2025-03-20,0.0,1.85,0.3335,0.343,0.3648,0.392,4.7625,3.8667,4.3,5.7
Wesermarsch (marsh clay),2025-03-21,0.0,2.94,0.3297,0.3401,0.3635,0.392,6.9,5.3958,4.4333,5.7
Wesermarsch (marsh clay),2025-03-22,0.0,3.65,0.3216,0.3358,0.3619,0.3912,8.9625,7.5083,4.7833,5.6042
Wesermarsch (marsh clay),2025-03-23,0.4,2.2,0.3192,0.3319,0.3604,0.391,8.85,8.0625,5.2417,5.6
Wesermarsch (marsh clay),2025-03-24,0.8,1.74,0.3262,0.3305,0.3588,0.391,7.9583,7.5208,5.5958,5.6
Wesermarsch (marsh clay),2025-03-25,0.5,1.29,0.325,0.3296,0.3576,0.391,7.4375,7.1333,5.8375,5.6
Wesermarsch (marsh clay),2025-03-26,0.0,1.15,0.3251,0.3293,0.3566,0.3901,7.3542,7.275,6.0292,5.6
Wesermarsch (marsh clay),2025-03-27,0.0,1.99,0.3207,0.3281,0.3555,0.39,7.0,6.675,6.1083,5.6
Wesermarsch (marsh clay),2025-03-28,0.0,2.42,0.3155,0.3257,0.3543,0.39,8.3292,7.3583,6.2208,5.6708
Wesermarsch (marsh clay),2025-03-29,0.0,2.06,0.3105,0.323,0.3526,0.3897,8.2625,8.0125,6.4,5.7
Wesermarsch (marsh clay),2025-03-30,8.1,1.68,0.3534,0.3253,0.3516,0.389,7.7583,7.55,6.5375,5.7
Wesermarsch (marsh clay),2025-03-31,0.0,1.78,0.3496,0.3337,0.3506,0.389,7.9125,7.6333,6.6333,5.7
Wesermarsch (marsh clay),2025-04-01,0.0,2.48,0.3347,0.3335,0.3496,0.389,7.8292,7.4167,6.7,5.7
Wesermarsch (marsh clay),2025-04-02,0.0,2.79,0.3242,0.3306,0.3485,0.3883,8.9,8.0417,6.8125,5.7125
Wesermarsch (marsh clay),2025-04-03,0.0,3.01,0.3155,0.3266,0.3475,0.388,9.6125,8.7125,6.9458,5.8
Wesermarsch (marsh clay),2025-04-04,0.0,2.95,0.3086,0.3222,0.3457,0.388,10.1792,9.2625,7.1625,5.8
Wesermarsch (marsh clay),2025-04-05,0.0,2.88,0.3021,0.3181,0.3445,0.3873,8.7917,9.0167,7.3917,5.8
Wesermarsch (marsh clay),2025-04-06,0.0,2.33,0.2968,0.3141,0.3434,0.387,7.325,7.8083,7.425,5.8708
Wesermarsch (marsh clay),2025-04-07,0.0,2.51,0.2928,0.3105,0.3416,0.387,6.9,7.1375,7.3375,5.9
Wesermarsch (marsh clay),2025-04-08,0.0,2.5,0.289,0.3075,0.3405,0.3864,7.7333,7.2875,7.2375,5.9
Wesermarsch (marsh clay),2025-04-09,0.0,1.99,0.2861,0.3045,0.3395,0.386,7.5542,7.575,7.2125,5.925
Wesermarsch (marsh clay),2025-04-10,0.0,2.16,0.2834,0.302,0.3384,0.386,9.1958,8.2958,7.2375,6.0
Wesermarsch (marsh clay),2025-04-11,0.0,2.32,0.2798,0.2993,0.337,0.3854,9.875,8.975,7.3667,6.0
Wesermarsch (marsh clay),2025-04-12,0.0,3.3,0.2757,0.2962,0.3355,0.385,10.9875,9.5375,7.5458,6.0
Wesermarsch (marsh clay),2025-04-13,1.6,2.27,0.2801,0.2936,0.3345,0.385,11.7125,10.7208,7.8375,6.0833
Wesermarsch (marsh clay),2025-04-14,0.4,2.11,0.2883,0.2926,0.3334,0.3843,11.1875,10.5125,8.1042,6.1
Wesermarsch (marsh clay),2025-04-15,4.3,3.91,0.2826,0.2903,0.3319,0.384,13.9958,11.5917,8.3667,6.1375
Wesermarsch (marsh clay),2025-04-16,5.1,2.44,0.3264,0.291,0.3305,0.384,13.7375,12.8458,8.7958,6.2
Wesermarsch (marsh clay),2025-04-17,4.8,1.47,0.3665,0.3076,0.33,0.3831,10.4583,11.0458,9.0875,6.25
Wesermarsch (marsh clay),2025-04-18,5.1,0.87,0.3619,0.3225,0.3295,0.383,9.1708,9.725,9.1,6.3
Wesermarsch (marsh clay),2025-04-19,0.0,1.8,0.342,0.3285,0.3291,0.383,9.5917,9.3167,9.0167,6.3792
Wesermarsch (marsh clay),2025-04-20,0.0,2.22,0.329,0.3272,0.329,0.3822,9.5833,9.3167,8.9208,6.4
Wesermarsch (marsh clay),2025-04-21,4.2,1.67,0.3362,0.3263,0.3285,0.382,10.1833,9.6375,8.8875,6.4875
Wesermarsch (marsh clay),2025-04-22,1.5,1.71,0.34,0.3275,0.328,0.382,10.6917,10.2625,8.9083,6.5
Wesermarsch (marsh clay),2025-04-23,3.6,2.01,0.3403,0.3283,0.328,0.3814,10.8833,10.1583,8.9542,6.5792
Wesermarsch (marsh clay),2025-04-24,5.6,1.72,0.3682,0.335,0.328,0.381,11.1667,10.7583,9.05,6.6
Wesermarsch (marsh clay),2025-04-25,0.4,1.91,0.3505,0.34,0.328,0.381,10.9708,10.6125,9.1375,6.6833
Wesermarsch (marsh clay),2025-04-26,0.0,3.5,0.3357,0.3368,0.3275,0.3805,11.4708,10.6208,9.2167,6.7
Wesermarsch (marsh clay),2025-04-27,0.0,3.84,0.3205,0.3305,0.3265,0.38,11.9375,11.2375,9.3292,6.7833
Wesermarsch (marsh clay),2025-04-28,0.0,3.83,0.3094,0.3235,0.3255,0.38,12.3292,11.3792,9.4417,6.8
Wesermarsch (marsh clay),2025-04-29,0.0,3.26,0.3007,0.3172,0.3245,0.3794,13.1292,12.0417,9.6375,6.9
Wesermarsch (marsh clay),2025-04-30,0.0,3.57,0.2935,0.3114,0.3235,0.379,14.4875,12.95,9.875,6.925
Wesermarsch (marsh clay),2025-05-01,0.0,4.25,0.2846,0.3051,0.3221,0.379,15.7292,13.8083,10.1958,7.0
Wesermarsch (marsh clay),2025-05-02,0.0,3.32,0.279,0.2991,0.3207,0.378,15.15,14.4708,10.5792,7.0708
Wesermarsch (marsh clay),2025-05-03,0.0,3.47,0.2733,0.2943,0.3196,0.378,13.4542,13.2917,10.8375,7.1375
Wesermarsch (marsh clay),2025-05-04,0.1,2.62,0.2678,0.2896,0.3185,0.3777,11.4583,12.1042,10.9,7.2042
Wesermarsch (marsh clay),2025-05-05,0.1,2.95,0.2632,0.2855,0.3175,0.377,11.1792,11.2375,10.8208,7.3
Wesermarsch (marsh clay),2025-05-06,0.1,2.23,0.259,0.2818,0.3165,0.377,10.4958,10.7125,10.65,7.3625
Wesermarsch (marsh clay),2025-05-07,0.1,3.45,0.2536,0.278,0.3155,0.3765,12.1292,11.1708,10.5208,7.4042
Wesermarsch (marsh clay),2025-05-08,0.0,3.61,0.2456,0.2735,0.3138,0.376,12.6375,11.9833,10.5125,7.5
Wesermarsch (marsh clay),2025-05-09,0.0,4.0,0.2381,0.2687,0.3124,0.376,13.3708,12.3875,10.5875,7.5458
Wesermarsch (marsh clay),2025-05-10,0.0,3.56,0.2311,0.2642,0.3106,0.375,13.2917,12.55,10.7,7.6
Wesermarsch (marsh clay),2025-05-11,0.0,4.68,0.2236,0.2596,0.3091,0.375,15.1833,13.4208,10.8292,7.6833
Wesermarsch (marsh clay),2025-05-12,0.0,4.89,0.2138,0.2541,0.3071,0.3744,14.8667,14.0458,11.0542,7.7292
Wesermarsch (marsh clay),2025-05-13,0.0,4.56,0.2052,0.2487,0.3052,0.374,14.8708,13.8625,11.2375,7.8
Wesermarsch (marsh clay),2025-05-14,0.0,3.67,0.1989,0.2445,0.3035,0.3736,14.4833,13.925,11.425,7.8833
Wesermarsch (marsh clay),2025-05-15,0.0,4.08,0.1937,0.2405,0.3019,0.373,13.9125,13.5542,11.525,7.9417
Wesermarsch (marsh clay),2025-05-16,0.2,3.5,0.1894,0.2367,0.3005,0.373,13.9042,13.3042,11.6,8.0042
Wesermarsch (marsh clay),2025-05-17,0.7,3.55,0.1874,0.2336,0.2989,0.372,13.9333,13.3417,11.6125,8.1
Wesermarsch (marsh clay),2025-05-18,0.3,3.45,0.1858,0.2307,0.2975,0.372,14.0167,13.4083,11.7,8.1625
Wesermarsch (marsh clay),2025-05-19,0.0,3.46,0.1826,0.2277,0.296,0.3715,14.9917,13.7458,11.725,8.2208
Wesermarsch (marsh clay),2025-05-20,0.0,4.54,0.1773,0.2244,0.2941,0.371,16.1292,14.6375,11.8542,8.3
Wesermarsch (marsh clay),2025-05-21,0.0,3.59,0.1724,0.221,0.2925,0.3706,14.3375,14.3333,12.0292,8.3792
Wesermarsch (marsh clay),2025-05-22,2.0,3.65,0.1741,0.2189,0.2913,0.37,12.7125,13.2833,12.1,8.4417
Wesermarsch (marsh clay),2025-05-23,2.6,3.53,0.1886,0.2171,0.2897,0.37,12.2083,12.3583,11.9542,8.5
Wesermarsch (marsh clay),2025-05-24,2.6,3.21,0.1982,0.2155,0.2886,0.369,13.0917,12.475,11.8375,8.5958
Wesermarsch (marsh clay),2025-05-25,11.9,1.97,0.3025,0.2193,0.288,0.369,14.025,13.2333,11.8,8.6417
Wesermarsch (marsh clay),2025-05-26,4.1,3.4,0.3193,0.2313,0.2876,0.3687,14.1458,13.5208,11.8625,8.7
Wesermarsch (marsh clay),2025-05-27,6.8,1.91,0.3271,0.2413,0.287,0.368,13.375,13.2833,11.9,8.7833
Wesermarsch (marsh clay),2025-05-28,4.3,2.52,0.3558,0.2683,0.287,0.368,14.45,13.6833,11.9375,8.8208
Wesermarsch (marsh clay),2025-05-29,2.5,2.56,0.3218,0.2778,0.2868,0.3675,13.9958,13.4667,12.0,8.9
Wesermarsch (marsh clay),2025-05-30,0.3,3.24,0.3122,0.2801,0.2865,0.367,16.4542,14.7042,12.1167,8.9583
Wesermarsch (marsh clay),2025-05-31,0.1,4.01,0.2945,0.2785,0.2856,0.367,17.7625,15.8417,12.3625,9.0042
Wesermarsch (marsh clay),2025-06-01,7.1,3.55,0.3166,0.2776,0.285,0.3662,18.0375,16.9083,12.7292,9.1
Wesermarsch (marsh clay),2025-06-02,7.8,3.26,0.3267,0.2798,0.2846,0.366,15.6792,15.7583,13.0208,9.1667
Wesermarsch (marsh clay),2025-06-03,0.1,4.23,0.3223,0.2851,0.2842,0.3658,15.5125,14.825,13.1,9.2333
Wesermarsch (marsh clay),2025-06-04,0.4,3.46,0.3074,0.2838,0.2834,0.365,16.4292,15.6125,13.2,9.3042
Wesermarsch (marsh clay),2025-06-05,3.7,2.69,0.3112,0.2828,0.283,0.365,15.4792,15.2583,13.3,9.4
Wesermarsch (marsh clay),2025-06-06,10.7,3.14,0.3707,0.2992,0.283,0.3646,15.5708,15.0958,13.3333,9.475
Wesermarsch (marsh clay),2025-06-07,9.2,2.13,0.3697,0.317,0.283,0.364,14.6625,14.675,13.4,9.5417
Wesermarsch (marsh clay),2025-06-08,31.6,2.12,0.4147,0.3848,0.2864,0.364,13.5167,13.8583,13.3125,9.6083
Wesermarsch (marsh clay),2025-06-09,1.5,3.28,0.3974,0.392,0.2945,0.3638,14.1833,13.6667,13.1458,9.7
Wesermarsch (marsh clay),2025-06-10,4.3,1.72,0.397,0.3836,0.2992,0.363,13.8,13.8792,13.1,9.7625
Wesermarsch (marsh clay),2025-06-11,0.0,3.67,0.377,0.3772,0.3028,0.363,14.7042,14.0708,13.0458,9.8083
Wesermarsch (marsh clay),2025-06-12,0.0,5.21,0.3547,0.3621,0.3041,0.363,15.7792,14.5125,13.0458,9.9
Wesermarsch (marsh clay),2025-06-13,0.0,5.89,0.3326,0.3472,0.3043,0.3625,18.3417,16.375,13.2333,9.95
Wesermarsch (marsh clay),2025-06-14,0.6,5.74,0.3132,0.333,0.3035,0.362,20.5667,18.0917,13.6083,10.0083
Wesermarsch (marsh clay),2025-06-15,8.1,2.57,0.3541,0.3285,0.303,0.362,18.5208,18.3958,14.0917,10.1
Wesermarsch (marsh clay),2025-06-16,0.7,3.46,0.341,0.3293,0.303,0.3618,17.6917,17.1333,14.35,10.1833
Wesermarsch (marsh clay),2025-06-17,0.0,4.61,0.321,0.3235,0.3024,0.361,18.2583,17.0625,14.5208,10.2625
Wesermarsch (marsh clay),2025-06-18,0.8,3.87,0.3067,0.316,0.3015,0.361,18.3917,17.5833,14.675,10.3458
Wesermarsch (marsh clay),2025-06-19,0.0,4.12,0.2948,0.3087,0.3005,0.361,16.9708,16.95,14.8167,10.4292
Wesermarsch (marsh clay),2025-06-20,0.0,4.44,0.2811,0.3008,0.2995,0.3602,16.9625,16.3958,14.825,10.5167
Wesermarsch (marsh clay),2025-06-21,0.0,5.38,0.2675,0.2924,0.298,0.36,18.975,17.1625,14.8542,10.6
Wesermarsch (marsh clay),2025-06-22,10.0,5.27,0.2789,0.2842,0.2965,0.36,20.6792,18.7625,15.075,10.6958
Wesermarsch (marsh clay),2025-06-23,7.9,3.53,0.3724,0.302,0.2956,0.3592,17.9375,18.3417,15.3542,10.7833
Wesermarsch (marsh clay),2025-06-24,1.7,2.73,0.349,0.318,0.295,0.359,16.85,16.8625,15.4,10.875
Wesermarsch (marsh clay),2025-06-25,1.3,3.05,0.3404,0.3199,0.295,0.359,18.2208,17.2125,15.4,10.9583
Wesermarsch (marsh clay),2025-06-26,6.5,2.35,0.3604,0.3244,0.295,0.359,18.0083,17.325,15.4167,11.0458
Wesermarsch (marsh clay),2025-06-27,3.1,3.06,0.3643,0.3363,0.2955,0.3583,17.8042,17.4583,15.5,11.1292
Wesermarsch (marsh clay),2025-06-28,0.5,3.09,0.343,0.3349,0.2958,0.358,19.2375,17.8667,15.5417,11.2125
Wesermarsch (marsh clay),2025-06-29,0.1,4.04,0.3267,0.3288,0.2955,0.358,19.825,18.8833,15.7375,11.3
Wesermarsch (marsh clay),2025-06-30,0.0,5.09,0.3087,0.32,0.2946,0.3577,19.1583,18.2625,15.9,11.4
Wesermarsch (marsh clay),2025-07-01,0.0,6.0,0.2894,0.3095,0.2935,0.357,21.5292,19.3667,16.0458,11.4875
Wesermarsch (marsh clay),2025-07-02,1.5,5.31,0.2827,0.2998,0.2924,0.357,23.1208,21.125,16.3833,11.5792
Wesermarsch (marsh clay),2025-07-03,0.2,3.74,0.2898,0.2936,0.2915,0.3568,19.175,19.95,16.7333,11.675
Wesermarsch (marsh clay),2025-07-04,0.1,4.16,0.2748,0.2872,0.2904,0.356,18.2625,18.1375,16.7333,11.775
Wesermarsch (marsh clay),2025-07-05,0.1,3.94,0.2638,0.2812,0.2894,0.356,18.6083,18.1208,16.7,11.8708
Wesermarsch (marsh clay),2025-07-06,16.6,2.67,0.3167,0.2825,0.2885,0.356,18.775,18.3792,16.7,11.9667
Wesermarsch (marsh clay),2025-07-07,15.1,2.04,0.3864,0.3329,0.2889,0.3556,16.8375,17.3917,16.6167,12.0542
Wesermarsch (marsh clay),2025-07-08,4.7,2.95,0.3768,0.3516,0.29,0.355,16.3792,16.5,16.425,12.1417
Wesermarsch (marsh clay),2025-07-09,0.6,3.7,0.363,0.3532,0.291,0.355,17.3167,16.825,16.2375,12.2167
Wesermarsch (marsh clay),2025-07-10,1.1,2.62,0.3484,0.3461,0.292,0.355,17.0375,16.8083,16.1333,12.3
Wesermarsch (marsh clay),2025-07-11,0.5,2.85,0.3402,0.3398,0.292,0.3547,17.85,17.3,16.1,12.3833
Wesermarsch (marsh clay),2025-07-12,1.4,2.85,0.331,0.333,0.2928,0.354,18.4917,17.6833,16.1,12.45
Wesermarsch (marsh clay),2025-07-13,0.2,3.16,0.3258,0.327,0.2926,0.354,18.9417,18.1625,16.1542,12.5083
Wesermarsch (marsh clay),2025-07-14,1.0,4.02,0.315,0.3205,0.2924,0.354,19.6625,18.55,16.2583,12.6
Wesermarsch (marsh clay),2025-07-15,5.8,3.02,0.3363,0.3167,0.292,0.3538,18.3375,18.4292,16.4125,12.6708
Wesermarsch (marsh clay),2025-07-16,6.5,2.71,0.3472,0.3189,0.292,0.353,17.575,17.5417,16.4167,12.7333
Wesermarsch (marsh clay),2025-07-17,1.2,2.06,0.3393,0.3208,0.292,0.353,17.725,17.3458,16.4,12.8
Wesermarsch (marsh clay),2025-07-18,0.3,2.93,0.3268,0.3191,0.292,0.353,19.9458,18.4625,16.4167,12.8917
Wesermarsch (marsh clay),2025-07-19,0.2,4.49,0.3126,0.3138,0.2915,0.353,20.9292,19.4375,16.5667,12.95
Wesermarsch (marsh clay),2025-07-20,4.5,3.49,0.3287,0.3099,0.291,0.3522,21.4083,20.2083,16.8375,13.0167
Wesermarsch (marsh clay),2025-07-21,3.1,3.33,0.3326,0.3098,0.2905,0.352,20.9375,20.3,17.1042,13.1
Wesermarsch (marsh clay),2025-07-22,9.9,2.55,0.3583,0.3138,0.29,0.352,19.2458,19.325,17.2833,13.1833
Wesermarsch (marsh clay),2025-07-23,4.1,2.52,0.3846,0.3439,0.291,0.352,18.5292,18.4917,17.3,13.2625
Wesermarsch (marsh clay),2025-07-24,2.9,3.06,0.36,0.347,0.2919,0.3518,19.6208,18.7292,17.2542,13.3333
Wesermarsch (marsh clay),2025-07-25,0.1,2.6,0.3505,0.3436,0.2923,0.351,19.6375,19.1833,17.3,13.4042
Wesermarsch (marsh clay),2025-07-26,0.8,3.06,0.337,0.3371,0.293,0.351,19.2083,18.7833,17.3167,13.5
Wesermarsch (marsh clay),2025-07-27,12.2,2.06,0.3826,0.3469,0.2932,0.351,18.0625,18.4208,17.3375,13.5708
Wesermarsch (marsh clay),2025-07-28,2.9,3.13,0.3665,0.3541,0.2943,0.351,18.0333,17.825,17.2375,13.6333
Wesermarsch (marsh clay),2025-07-29,3.3,2.97,0.3661,0.3505,0.2952,0.3506,17.2417,17.5208,17.1417,13.7
Wesermarsch (marsh clay),2025-07-30,3.7,2.16,0.3749,0.3521,0.2964,0.35,16.1125,16.7083,16.9833,13.7875
Wesermarsch (marsh clay),2025-07-31,10.2,2.35,0.4029,0.3753,0.2984,0.35,16.5625,16.4583,16.7625,13.8208
Wesermarsch (marsh clay),2025-08-01,6.7,2.62,0.3933,0.3793,0.3017,0.35,17.2,16.8833,16.6208,13.9
Wesermarsch (marsh clay),2025-08-02,12.7,2.26,0.4038,0.3881,0.3053,0.35,17.0875,16.9875,16.5292,13.9375
Wesermarsch (marsh clay),2025-08-03,11.6,2.17,0.4173,0.4088,0.3142,0.35,16.6417,16.7333,16.4583,14.0
Wesermarsch (marsh clay),2025-08-04,4.0,2.89,0.402,0.399,0.3228,0.35,17.8708,17.1708,16.4,14.0333
Wesermarsch (marsh clay),2025-08-05,1.1,3.35,0.3966,0.3902,0.327,0.3498,17.1667,17.3583,16.4,14.1
Wesermarsch (marsh clay),2025-08-06,1.0,2.9,0.3817,0.3802,0.3296,0.349,16.3625,16.5208,16.3833,14.1167
Wesermarsch (marsh clay),2025-08-07,0.0,3.79,0.3641,0.3694,0.3303,0.349,17.3792,16.6875,16.3,14.2
Wesermarsch (marsh clay),2025-08-08,1.1,3.21,0.3542,0.3593,0.3306,0.349,18.2292,17.625,16.3208,14.2
Wesermarsch (marsh clay),2025-08-09,0.0,3.97,0.3435,0.3512,0.3304,0.349,18.6583,17.8417,16.4167,14.2792
Wesermarsch (marsh clay),2025-08-10,0.0,3.74,0.3303,0.3422,0.3295,0.349,18.1,18.0292,16.525,14.3
Wesermarsch (marsh clay),2025-08-11,0.0,3.82,0.3199,0.3342,0.3285,0.349,17.9708,17.4708,16.5667,14.3542
Wesermarsch (marsh clay),2025-08-12,0.0,3.86,0.3112,0.3269,0.3275,0.349,19.3208,18.2583,16.6292,14.4
Wesermarsch (marsh clay),2025-08-13,0.0,4.91,0.2994,0.319,0.3259,0.3486,21.7083,19.75,16.8417,14.4333
Wesermarsch (marsh clay),2025-08-14,0.0,3.83,0.2892,0.3112,0.3245,0.348,22.8208,21.0875,17.2083,14.5
Wesermarsch (marsh clay),2025-08-15,0.0,3.93,0.2808,0.3044,0.3229,0.348,21.9083,21.2333,17.625,14.5542
Wesermarsch (marsh clay),2025-08-16,0.0,3.01,0.2729,0.2984,0.3215,0.348,18.9875,19.7875,17.8708,14.6
Wesermarsch (marsh clay),2025-08-17,0.5,2.61,0.2684,0.2932,0.3204,0.348,18.3375,18.4542,17.8375,14.7
Wesermarsch (marsh clay),2025-08-18,0.1,3.06,0.2648,0.289,0.3191,0.348,18.4,18.1333,17.7333,14.7375
Wesermarsch (marsh clay),2025-08-19,0.0,3.65,0.2587,0.2843,0.3175,0.348,18.8292,18.4458,17.6958,14.8
Wesermarsch (marsh clay),2025-08-20,0.0,3.13,0.2517,0.2797,0.3162,0.3475,18.7375,18.5208,17.6333,14.8667
Wesermarsch (marsh clay),2025-08-21,0.1,3.04,0.2459,0.2752,0.3146,0.347,17.275,17.9208,17.6,14.9
Wesermarsch (marsh clay),2025-08-22,0.3,2.76,0.243,0.2715,0.3135,0.347,16.25,16.9792,17.4458,14.9792
Wesermarsch (marsh clay),2025-08-23,0.4,3.05,0.2436,0.2685,0.3122,0.347,15.6667,16.275,17.2167,15.0
Wesermarsch (marsh clay),2025-08-24,0.5,2.39,0.2422,0.2657,0.3107,0.347,15.3958,15.875,16.9708,15.05
Wesermarsch (marsh clay),2025-08-25,0.1,2.59,0.2392,0.2633,0.3095,0.347,15.9417,15.9708,16.7417,15.1
Wesermarsch (marsh clay),2025-08-26,0.0,3.83,0.2326,0.26,0.3081,0.3466,17.7375,16.725,16.6083,15.1
Wesermarsch (marsh clay),2025-08-27,0.0,3.22,0.224,0.2558,0.3065,0.346,19.1417,18.1083,16.6417,15.1375
Wesermarsch (marsh clay),2025-08-28,1.0,2.14,0.223,0.2531,0.3054,0.346,18.8125,18.3583,16.7958,15.2
Wesermarsch (marsh clay),2025-08-29,0.0,3.26,0.2261,0.2511,0.3042,0.346,18.4208,18.0958,16.9,15.2
Wesermarsch (marsh clay),2025-08-30,0.1,2.85,0.2217,0.2486,0.3026,0.346,18.2875,18.0917,16.9792,15.2292
Wesermarsch (marsh clay),2025-08-31,5.2,1.83,0.245,0.2472,0.302,0.346,17.5167,17.6458,17.0,15.3
Wesermarsch (marsh clay),2025-09-01,12.1,1.05,0.3414,0.2658,0.301,0.346,17.4292,17.5292,17.0,15.3
Wesermarsch (marsh clay),2025-09-02,0.0,3.13,0.3318,0.2908,0.3007,0.3452,17.3792,17.2333,16.9333,15.3333
Wesermarsch (marsh clay),2025-09-03,0.2,2.84,0.3092,0.2914,0.3,0.345,17.7458,17.2917,16.9,15.4
Wesermarsch (marsh clay),2025-09-04,0.0,3.0,0.2987,0.2896,0.2995,0.345,18.8042,18.175,16.9417,15.4
Wesermarsch (marsh clay),2025-09-05,3.0,2.42,0.3072,0.2882,0.2987,0.345,17.625,17.8917,17.0083,15.4125
Wesermarsch (marsh clay),2025-09-06,0.0,2.59,0.2976,0.2871,0.298,0.345,16.7042,16.9292,17.0,15.5
Wesermarsch (marsh clay),2025-09-07,0.0,4.03,0.2837,0.2842,0.2974,0.3448,17.6208,17.1625,16.9125,15.5
Wesermarsch (marsh clay),2025-09-08,1.3,2.65,0.2767,0.2803,0.2964,0.344,17.6708,17.5333,16.9,15.5
Wesermarsch (marsh clay),2025-09-09,0.3,1.83,0.2823,0.2788,0.296,0.344,17.7333,17.5708,16.9,15.5542
Wesermarsch (marsh clay),2025-09-10,0.1,1.82,0.2788,0.2776,0.2955,0.344,16.5083,17.0667,16.9042,15.6
Wesermarsch (marsh clay),2025-09-11,1.7,2.18,0.2804,0.2765,0.295,0.344,15.775,16.2583,16.8292,15.6
Wesermarsch (marsh clay),2025-09-12,0.1,2.75,0.2773,0.2746,0.2944,0.344,15.4458,15.9417,16.6625,15.6
Wesermarsch (marsh clay),2025-09-13,5.2,1.81,0.2961,0.2737,0.294,0.344,14.65,15.3583,16.4958,15.6167
Wesermarsch (marsh clay),2025-09-14,4.3,2.03,0.3139,0.277,0.2935,0.3435,14.8667,15.1833,16.2917,15.7
Wesermarsch (marsh clay),2025-09-15,12.9,2.9,0.3739,0.3134,0.293,0.343,15.85,15.6583,16.1375,15.7
Wesermarsch (marsh clay),2025-09-16,4.5,1.71,0.3542,0.3238,0.293,0.343,14.8167,15.5,16.0708,15.7
Wesermarsch (marsh clay),2025-09-17,1.7,1.82,0.35,0.3284,0.294,0.343,14.6375,14.8958,15.9333,15.7
Wesermarsch (marsh clay),2025-09-18,1.5,1.13,0.3512,0.3305,0.294,0.343,16.5042,15.7542,15.8042,15.7
Wesermarsch (marsh clay),2025-09-19,0.0,2.53,0.3381,0.3303,0.2943,0.343,17.7333,16.9,15.9042,15.7
Wesermarsch (marsh clay),2025-09-20,1.5,2.69,0.3265,0.326,0.2944,0.343,18.4375,17.4792,16.05,15.7
Wesermarsch (marsh clay),2025-09-21,0.2,1.98,0.3239,0.3224,0.2943,0.3424,16.6625,17.4792,16.2625,15.7
Wesermarsch (marsh clay),2025-09-22,0.0,2.09,0.3155,0.319,0.2945,0.342,14.0792,15.2792,16.2333,15.7
Wesermarsch (marsh clay),2025-09-23,0.0,2.06,0.3109,0.315,0.294,0.342,13.5042,14.3583,16.0083,15.7
Wesermarsch (marsh clay),2025-09-24,0.0,2.56,0.3038,0.3111,0.294,0.342,12.55,13.5083,15.7208,15.7
Wesermarsch (marsh clay),2025-09-25,0.0,2.87,0.2949,0.3064,0.2936,0.342,12.6542,13.3167,15.4292,15.7
Wesermarsch (marsh clay),2025-09-26,1.4,2.35,0.288,0.3018,0.293,0.342,13.0292,13.4875,15.1833,15.7
Wesermarsch (marsh clay),2025-09-27,0.7,1.37,0.306,0.2996,0.293,0.342,13.3917,13.5625,14.9958,15.7
Wesermarsch (marsh clay),2025-09-28,0.0,1.55,0.2995,0.2985,0.293,0.3411,14.4417,14.2917,14.9,15.7
Wesermarsch (marsh clay),2025-09-29,1.5,1.49,0.2964,0.2965,0.293,0.341,13.45,14.0,14.8375,15.7
Wesermarsch (marsh clay),2025-09-30,0.0,1.95,0.3016,0.2955,0.2925,0.341,13.1875,13.7208,14.7458,15.675
Wesermarsch (marsh clay),2025-10-01,0.0,1.88,0.293,0.2935,0.292,0.341,11.8667,12.975,14.625,15.6
Wesermarsch (marsh clay),2025-10-02,0.0,1.98,0.286,0.291,0.292,0.341,11.8083,12.5125,14.4208,15.6
Wesermarsch (marsh clay),2025-10-03,1.0,2.02,0.281,0.289,0.2915,0.341,11.1,11.9583,14.1958,15.6
Wesermarsch (marsh clay),2025-10-04,31.1,1.16,0.3919,0.3443,0.2918,0.341,11.6292,12.2125,14.0,15.5875
Wesermarsch (marsh clay),2025-10-05,6.0,1.16,0.3946,0.3733,0.2946,0.3406,11.5917,12.0792,13.8292,15.5
Wesermarsch (marsh clay),2025-10-06,1.3,1.04,0.3897,0.3788,0.298,0.34,12.3208,12.3458,13.6833,15.5
Wesermarsch (marsh clay),2025-10-07,0.0,0.87,0.3756,0.3727,0.3012,0.34,14.0333,13.3833,13.6333,15.475
Wesermarsch (marsh clay),2025-10-08,0.4,0.88,0.368,0.3659,0.3035,0.34,14.0375,14.0542,13.7583,15.4
Wesermarsch (marsh clay),2025-10-09,0.2,1.24,0.3624,0.3607,0.3053,0.34,12.9,13.2875,13.8,15.4
Wesermarsch (marsh clay),2025-10-10,0.1,1.26,0.355,0.3555,0.3066,0.34,13.925,13.6875,13.8333,15.3875
Wesermarsch (marsh clay),2025-10-11,0.5,1.15,0.3502,0.3506,0.3074,0.34,13.8625,13.9,13.9083,15.3
Wesermarsch (marsh clay),2025-10-12,0.2,0.64,0.3473,0.3471,0.3082,0.34,13.6083,13.7667,14.0,15.3
Wesermarsch (marsh clay),2025-10-13,0.1,0.74,0.3449,0.3445,0.309,0.34,13.575,13.7333,14.0,15.3
Wesermarsch (marsh clay),2025-10-14,0.2,0.83,0.3429,0.3419,0.3098,0.34,13.25,13.5167,14.0,15.2708
Wesermarsch (marsh clay),2025-10-15,0.5,0.76,0.3415,0.3397,0.31,0.34,13.0125,13.3208,14.0,15.2
Wesermarsch (marsh clay),2025-10-16,0.7,1.02,0.3428,0.3384,0.3108,0.34,12.675,13.0667,13.9333,15.2
Wesermarsch (marsh clay),2025-10-17,0.5,1.16,0.3412,0.3371,0.311,0.3398,11.8833,12.6625,13.8625,15.2
Wesermarsch (marsh clay),2025-10-18,0.0,1.23,0.3355,0.3351,0.311,0.339,9.1,11.0375,13.6625,15.1625
Wesermarsch (marsh clay),2025-10-19,0.0,1.58,0.3291,0.3323,0.311,0.339,8.7125,9.9208,13.2917,15.1
Wesermarsch (marsh clay),2025-10-20,2.2,0.7,0.3345,0.3302,0.3115,0.339,10.1,10.2958,12.9458,15.1
Wesermarsch (marsh clay),2025-10-21,5.4,0.73,0.3715,0.3369,0.312,0.339,11.625,11.5042,12.8,15.0167
Wesermarsch (marsh clay),2025-10-22,2.0,0.84,0.3674,0.3469,0.3125,0.339,11.5875,11.8917,12.8,15.0
Wesermarsch (marsh clay),2025-10-23,13.2,1.01,0.3952,0.3688,0.3137,0.339,11.2833,11.6333,12.7083,14.9458
Wesermarsch (marsh clay),2025-10-24,2.1,1.52,0.3914,0.3822,0.3167,0.339,10.3792,11.2458,12.6708,14.9
Wesermarsch (marsh clay),2025-10-25,2.1,1.04,0.385,0.3781,0.3196,0.339,9.6583,10.525,12.525,14.8708
Wesermarsch (marsh clay),2025-10-26,5.6,1.04,0.3934,0.3784,0.322,0.339,8.9,9.9333,12.3125,14.8
Wesermarsch (marsh clay),2025-10-27,3.3,0.94,0.397,0.3849,0.325,0.339,8.9375,9.6542,12.0833,14.7708
Wesermarsch (marsh clay),2025-10-28,8.0,0.9,0.4038,0.3905,0.3283,0.339,9.0458,9.6333,11.8708,14.7
Wesermarsch (marsh clay),2025-10-29,1.0,0.95,0.3912,0.39,0.3325,0.339,10.0083,10.0708,11.725,14.6417
Wesermarsch (marsh clay),2025-10-30,9.7,1.03,0.4115,0.4028,0.3374,0.339,10.2542,10.6208,11.7,14.6
Wesermarsch (marsh clay),2025-10-31,0.0,0.9,0.3926,0.3936,0.3428,0.339,9.1458,9.9125,11.6292,14.5125
Wesermarsch (marsh clay),2025-11-01,4.3,0.58,0.3956,0.3883,0.3456,0.339,10.4167,10.3542,11.525,14.4833
Wesermarsch (marsh clay),2025-11-02,0.7,0.64,0.3933,0.3905,0.3484,0.339,10.1042,10.6,11.5333,14.4
Wesermarsch (marsh clay),2025-11-03,0.3,0.87,0.3858,0.3853,0.3507,0.339,9.5583,9.9958,11.5042,14.3542
Wesermarsch (marsh clay),2025-11-04,0.0,1.28,0.3775,0.3799,0.3521,0.339,11.775,11.1833,11.5167,14.3
Wesermarsch (marsh clay),2025-11-05,1.6,1.3,0.3785,0.3759,0.353,0.339,11.15,11.3667,11.6208,14.2333
Wesermarsch (marsh clay),2025-11-06,0.0,0.92,0.3715,0.3731,0.3539,0.339,9.3583,10.5083,11.675,14.2
Wesermarsch (marsh clay),2025-11-07,0.2,0.29,0.3681,0.37,0.354,0.339,8.6167,9.3417,11.5208,14.125
Wesermarsch (marsh clay),2025-11-08,1.6,0.28,0.371,0.369,0.3549,0.339,9.6875,9.9875,11.4,14.1
Wesermarsch (marsh clay),2025-11-09,0.5,0.28,0.3711,0.3681,0.355,0.3395,9.7458,10.0792,11.3208,14.0083
Wesermarsch (marsh clay),2025-11-10,0.0,0.35,0.3689,0.368,0.3554,0.34,8.4792,9.4875,11.2542,13.9917
Wesermarsch (marsh clay),2025-11-11,1.7,0.59,0.3741,0.3685,0.356,0.34,9.1708,9.4167,11.125,13.9
Wesermarsch (marsh clay),2025-11-12,0.0,1.06,0.3665,0.3675,0.356,0.34,9.6542,9.8,11.0375,13.8667
Wesermarsch (marsh clay),2025-11-13,0.1,1.04,0.3612,0.365,0.356,0.34,11.0417,10.5208,11.0375,13.8
Wesermarsch (marsh clay),2025-11-14,31.0,0.36,0.4187,0.3999,0.3583,0.34,9.7458,10.7167,11.1792,13.7458
Wesermarsch (marsh clay),2025-11-15,14.8,0.42,0.4251,0.4217,0.3762,0.34,7.3917,8.85,11.0875,13.7
Wesermarsch (marsh clay),2025-11-16,1.1,0.33,0.4143,0.4149,0.3854,0.3408,6.4458,7.8833,10.8125,13.6333
Wesermarsch (marsh clay),2025-11-17,3.8,0.64,0.4123,0.4096,0.3889,0.341,5.4292,6.925,10.45,13.5917
Wesermarsch (marsh clay),2025-11-18,2.0,0.58,0.4069,0.406,0.3908,0.342,5.0917,6.3042,10.0458,13.5
Wesermarsch (marsh clay),2025-11-19,14.6,0.15,0.4222,0.4179,0.3944,0.3425,4.45,5.8542,9.65,13.4292
Wesermarsch (marsh clay),2025-11-20,0.0,0.46,0.4106,0.4145,0.4015,0.3435,2.9958,5.125,9.2458,13.3542
Wesermarsch (marsh clay),2025-11-21,0.5,0.35,0.4026,0.4063,0.4015,0.3446,0.5792,3.0417,8.7,13.2625
Wesermarsch (marsh clay),2025-11-22,0.0,0.65,0.397,0.4018,0.4005,0.3457,1.0042,2.65,8.0625,13.1625
Wesermarsch (marsh clay),2025-11-23,3.0,1.12,0.3915,0.3972,0.3992,0.3466,0.9208,2.4625,7.5333,13.05
Wesermarsch (marsh clay),2025-11-24,0.2,0.23,0.3991,0.3963,0.3977,0.3475,3.5375,3.6167,7.1542,12.9333
Wesermarsch (marsh clay),2025-11-25,0.0,0.2,0.3951,0.3971,0.3967,0.3483,3.95,4.5375,7.0083,12.8167
Wesermarsch (marsh clay),2025-11-26,0.0,0.26,0.3912,0.395,0.3956,0.349,3.7583,4.5375,6.9417,12.6792
Wesermarsch (marsh clay),2025-11-27,3.8,0.31,0.4016,0.3968,0.395,0.35,3.95,4.4583,6.9,12.5667
Wesermarsch (marsh clay),2025-11-28,0.3,0.25,0.3998,0.4012,0.395,0.3505,6.6958,5.9958,6.9292,12.45
Wesermarsch (marsh clay),2025-11-29,0.0,0.36,0.3938,0.3977,0.394,0.3511,7.3958,7.1,7.1542,12.3417
Wesermarsch (marsh clay),2025-11-30,0.9,0.64,0.394,0.3955,0.3938,0.352,7.1083,7.3375,7.4208,12.2333
Wesermarsch (marsh clay),2025-12-01,0.0,0.9,0.3876,0.3926,0.393,0.3525,5.2583,6.15,7.5917,12.1375
Wesermarsch (marsh clay),2025-12-02,5.5,0.82,0.3956,0.3922,0.392,0.353,5.525,6.025,7.6,12.0417
Wesermarsch (marsh clay),2025-12-03,0.2,0.21,0.3927,0.3943,0.3917,0.3538,5.7833,6.1042,7.6,11.9458
Wesermarsch (marsh clay),2025-12-04,1.9,0.21,0.398,0.3949,0.391,0.354,5.5375,6.2,7.6,11.8583
Wesermarsch (marsh clay),2025-12-05,0.0,0.18,0.391,0.3945,0.391,0.355,3.2625,4.7125,7.5,11.7708
Wesermarsch (marsh clay),2025-12-06,4.0,0.39,0.3946,0.3928,0.3906,0.355,4.8667,5.0417,7.325,11.6792
Wesermarsch (marsh clay),2025-12-07,7.3,0.34,0.4028,0.3974,0.39,0.356,7.3333,6.5875,7.325,11.5917
Wesermarsch (marsh clay),2025-12-08,3.5,0.47,0.4119,0.4098,0.3918,0.3561,8.9333,8.0417,7.5375,11.5
Wesermarsch (marsh clay),2025-12-09,10.8,0.4,0.4226,0.4183,0.3954,0.357,9.8208,9.1125,7.9,11.4167
Wesermarsch (marsh clay),2025-12-10,0.2,0.72,0.4111,0.4147,0.4015,0.3576,9.7625,9.4083,8.2667,11.3583
Wesermarsch (marsh clay),2025-12-11,0.0,0.41,0.4013,0.4062,0.402,0.3586,7.875,8.6333,8.5417,11.3
Wesermarsch (marsh clay),2025-12-12,0.0,0.23,0.396,0.4011,0.4013,0.3594,6.5,7.2375,8.5792,11.2292
Wesermarsch (marsh clay),2025-12-13,0.0,0.25,0.3925,0.3973,0.4001,0.3602,7.4292,7.7,8.5292,11.2
Wesermarsch (marsh clay),2025-12-14,0.0,0.32,0.389,0.3941,0.3988,0.361,6.0792,6.8042,8.475,11.1042
Wesermarsch (marsh clay),2025-12-15,0.0,0.44,0.386,0.391,0.3976,0.3618,6.1708,6.825,8.3833,11.0833
Wesermarsch (marsh clay),2025-12-16,0.0,0.52,0.3831,0.3883,0.3964,0.3623,6.0,6.5667,8.2625,11.0
Wesermarsch (marsh clay),2025-12-17,0.0,0.25,0.3806,0.3859,0.3952,0.363,6.2042,6.4375,8.1417,10.9542
Wesermarsch (marsh clay),2025-12-18,0.0,0.77,0.3791,0.384,0.3939,0.3635,7.6542,7.4042,8.1,10.9
Wesermarsch (marsh clay),2025-12-19,1.5,0.57,0.3828,0.383,0.3928,0.364,8.5417,8.3542,8.2375,10.8292
Wesermarsch (marsh clay),2025-12-20,0.0,0.21,0.382,0.3838,0.3918,0.3644,5.6208,6.9208,8.2875,10.8
Wesermarsch (marsh clay),2025-12-21,0.0,0.26,0.3787,0.3826,0.3909,0.365,6.4292,6.7042,8.1917,10.7125
Wesermarsch (marsh clay),2025-12-22,0.0,0.42,0.3765,0.381,0.39,0.365,5.8875,6.6,8.1,10.7
Wesermarsch (marsh clay),2025-12-23,0.0,0.59,0.374,0.3793,0.389,0.3659,3.8083,5.4875,7.9417,10.6
Wesermarsch (marsh clay),2025-12-24,0.0,0.68,0.372,0.3774,0.3881,0.366,2.3417,4.0625,7.6167,10.5708
Wesermarsch (marsh clay),2025-12-25,0.0,0.67,0.3695,0.3755,0.3871,0.366,0.2417,2.5333,7.1625,10.5
Wesermarsch (marsh clay),2025-12-26,0.0,0.41,0.3685,0.3738,0.3862,0.3668,-0.4917,1.3792,6.575,10.4125
Wesermarsch (marsh clay),2025-12-27,0.0,0.21,0.368,0.3729,0.3854,0.367,-0.3208,0.9917,6.0083,10.3333
Wesermarsch (marsh clay),2025-12-28,0.0,0.12,0.3674,0.372,0.3846,0.367,-0.1167,1.15,5.5333,10.2417
Wesermarsch (marsh clay),2025-12-29,0.0,0.47,0.367,0.3711,0.3839,0.367,1.8083,1.9125,5.1792,10.1375
Wesermarsch (marsh clay),2025-12-30,0.0,0.36,0.3658,0.3705,0.383,0.3678,0.5375,2.0583,5.0208,10.0333
Wesermarsch (marsh clay),2025-12-31,4.8,0.33,0.3873,0.374,0.3822,0.368,1.4958,1.775,4.8,9.9292
Teufelsmoor (bog),2025-01-01,7.2,0.89,0.3993,0.3902,0.4075,0.3969,6.5,6.2042,7.0167,10.175
Teufelsmoor (bog),2025-01-02,1.7,0.44,0.4138,0.4057,0.407,0.397,3.9792,5.4458,7.0458,10.1
Teufelsmoor (bog),2025-01-03,3.2,0.44,0.407,0.407,0.407,0.397,1.9375,3.7375,6.8333,10.025
Teufelsmoor (bog),2025-01-04,0.1,0.32,0.4002,0.4061,0.407,0.397,1.0833,2.5417,6.4458,9.9667
Teufelsmoor (bog),2025-01-05,19.5,0.28,0.412,0.4108,0.407,0.3977,1.7958,2.5583,6.0542,9.8875
Teufelsmoor (bog),2025-01-06,4.2,0.94,0.4387,0.4405,0.417,0.398,6.675,5.2375,5.9292,9.8
Teufelsmoor (bog),2025-01-07,0.2,0.76,0.4182,0.43,0.4217,0.3987,4.6125,5.5042,6.0875,9.7083
Teufelsmoor (bog),2025-01-08,0.0,0.58,0.4077,0.4208,0.422,0.3995,3.2375,4.2625,6.0875,9.6375
Teufelsmoor (bog),2025-01-09,2.6,0.18,0.407,0.414,0.4212,0.4002,1.6667,3.1583,5.9208,9.5667
Teufelsmoor (bog),2025-01-10,1.7,0.3,0.4113,0.4112,0.4205,0.401,1.6458,2.6875,5.6625,9.4875
Teufelsmoor (bog),2025-01-11,0.0,0.5,0.4035,0.4092,0.4198,0.4019,0.6708,2.0333,5.3833,9.4
Teufelsmoor (bog),2025-01-12,0.0,0.38,0.3958,0.4046,0.4188,0.4022,0.3625,1.6333,5.075,9.3042
Teufelsmoor (bog),2025-01-13,0.0,0.24,0.391,0.3998,0.4178,0.403,-0.4083,1.0292,4.75,9.2125
Teufelsmoor (bog),2025-01-14,0.0,0.46,0.3877,0.3955,0.4167,0.4033,0.0208,0.8917,4.425,9.1125
Teufelsmoor (bog),2025-01-15,0.1,0.21,0.3875,0.3923,0.4156,0.404,3.0833,2.2417,4.2208,9.0125
Teufelsmoor (bog),2025-01-16,0.1,0.17,0.3854,0.3899,0.4145,0.404,3.6625,3.6875,4.3417,8.9083
Teufelsmoor (bog),2025-01-17,0.0,0.19,0.382,0.3875,0.4133,0.4045,2.0833,3.05,4.4375,8.8083
Teufelsmoor (bog),2025-01-18,0.0,0.15,0.3785,0.385,0.4122,0.405,0.8583,2.1083,4.3875,8.7167
Teufelsmoor (bog),2025-01-19,0.0,0.3,0.3758,0.3827,0.4109,0.405,0.3958,1.4583,4.2375,8.625
Teufelsmoor (bog),2025-01-20,0.2,0.19,0.3735,0.3804,0.4098,0.405,-0.0417,1.0667,4.0375,8.5292
Teufelsmoor (bog),2025-01-21,0.0,0.33,0.3716,0.3785,0.4087,0.405,0.0875,0.9417,3.8375,8.4292
Teufelsmoor (bog),2025-01-22,2.7,0.45,0.3752,0.3767,0.4076,0.405,0.3042,0.9625,3.6542,8.3292
Teufelsmoor (bog),2025-01-23,6.7,0.37,0.4195,0.3969,0.407,0.405,2.2875,1.9167,3.6,8.2292
Teufelsmoor (bog),2025-01-24,2.0,0.48,0.407,0.4044,0.407,0.405,4.3583,3.4083,3.6833,8.1292
Teufelsmoor (bog),2025-01-25,5.3,0.26,0.422,0.4135,0.407,0.405,4.9208,4.675,3.9917,8.0375
Teufelsmoor (bog),2025-01-26,2.0,0.28,0.4154,0.4172,0.408,0.405,2.9667,3.7042,4.2417,7.9583
Teufelsmoor (bog),2025-01-27,4.8,0.9,0.4248,0.4192,0.4092,0.406,5.4333,4.3917,4.3583,7.8875
Teufelsmoor (bog),2025-01-28,0.0,0.78,0.4111,0.4187,0.4104,0.406,5.8125,5.3833,4.6417,7.8
Teufelsmoor (bog),2025-01-29,5.4,0.48,0.424,0.4195,0.4112,0.406,5.625,5.5417,4.9208,7.7417
Teufelsmoor (bog),2025-01-30,1.9,0.39,0.4146,0.4197,0.4125,0.406,5.0833,5.3167,5.1458,7.7
Teufelsmoor (bog),2025-01-31,0.0,0.51,0.4075,0.4159,0.413,0.406,3.2917,4.1917,5.2,7.6208
Teufelsmoor (bog),2025-02-01,0.0,0.28,0.3994,0.4108,0.413,0.406,1.8833,3.0708,5.0958,7.6
Teufelsmoor (bog),2025-02-02,0.0,0.29,0.3946,0.4057,0.413,0.407,1.0333,2.3208,4.875,7.5125
Teufelsmoor (bog),2025-02-03,0.0,0.46,0.3906,0.401,0.412,0.407,0.0292,1.3708,4.5625,7.4792
Teufelsmoor (bog),2025-02-04,0.0,0.33,0.3875,0.3968,0.4118,0.407,0.0875,1.0375,4.225,7.4
Teufelsmoor (bog),2025-02-05,0.0,0.45,0.3846,0.3932,0.411,0.407,2.2375,1.9292,3.95,7.325
Teufelsmoor (bog),2025-02-06,0.0,0.44,0.3819,0.3898,0.4101,0.407,3.0125,3.0125,3.9375,7.2625
Teufelsmoor (bog),2025-02-07,0.1,0.71,0.379,0.3868,0.4093,0.407,2.5208,2.9625,4.0,7.2
Teufelsmoor (bog),2025-02-08,0.0,0.94,0.3753,0.3838,0.4084,0.407,2.8083,2.9792,4.0,7.1125
Teufelsmoor (bog),2025-02-09,0.1,0.8,0.3729,0.381,0.4074,0.407,2.625,3.0,4.0,7.0625
Teufelsmoor (bog),2025-02-10,0.0,0.91,0.3703,0.3784,0.4063,0.407,2.675,3.0375,4.0,7.0
Teufelsmoor (bog),2025-02-11,0.7,1.13,0.3672,0.376,0.4052,0.407,1.5875,2.4583,4.0,6.9208
Teufelsmoor (bog),2025-02-12,0.7,0.81,0.3651,0.3738,0.404,0.407,1.2667,2.0917,3.9167,6.8792
Teufelsmoor (bog),2025-02-13,0.8,0.52,0.3649,0.372,0.4027,0.407,0.375,1.4042,3.7542,6.8
Teufelsmoor (bog),2025-02-14,0.4,0.47,0.3648,0.3705,0.4015,0.407,0.5542,1.2583,3.5542,6.7292
Teufelsmoor (bog),2025-02-15,0.1,0.53,0.3655,0.3695,0.4004,0.407,0.3833,1.15,3.3917,6.675
Teufelsmoor (bog),2025-02-16,0.0,0.76,0.3642,0.3687,0.3991,0.407,0.1,0.95,3.2375,6.6
Teufelsmoor (bog),2025-02-17,0.0,0.68,0.3614,0.3676,0.3978,0.407,0.0458,0.8917,3.0667,6.5167
Teufelsmoor (bog),2025-02-18,0.0,1.02,0.3605,0.3667,0.3966,0.407,-0.4292,0.7292,2.9375,6.45
Teufelsmoor (bog),2025-02-19,0.0,1.6,0.3593,0.366,0.3954,0.407,-0.4125,0.5875,2.7792,6.3833
Teufelsmoor (bog),2025-02-20,0.2,1.08,0.3604,0.365,0.3942,0.407,0.15,0.5208,2.65,6.3
Teufelsmoor (bog),2025-02-21,0.4,0.89,0.3787,0.3665,0.393,0.407,5.2125,2.175,2.6208,6.2125
Teufelsmoor (bog),2025-02-22,1.8,1.09,0.3788,0.369,0.3917,0.407,6.8333,5.0458,2.975,6.1458
Teufelsmoor (bog),2025-02-23,0.0,0.78,0.3787,0.3716,0.3906,0.407,7.4583,6.4875,3.5542,6.1
Teufelsmoor (bog),2025-02-24,3.8,0.91,0.3802,0.3723,0.3895,0.407,7.5167,6.4917,4.0917,6.025
Teufelsmoor (bog),2025-02-25,0.2,0.81,0.3884,0.3772,0.3886,0.4065,7.8375,7.0625,4.5708,6.0
Teufelsmoor (bog),2025-02-26,1.6,0.57,0.388,0.3794,0.3877,0.406,5.6,6.1208,4.925,6.0
Teufelsmoor (bog),2025-02-27,4.1,0.76,0.3973,0.383,0.387,0.406,4.8042,5.1042,5.0417,6.0
Teufelsmoor (bog),2025-02-28,0.5,0.44,0.3963,0.389,0.3861,0.406,3.7,4.2208,5.0333,5.9167
Teufelsmoor (bog),2025-03-01,0.0,0.76,0.3869,0.3894,0.386,0.406,4.4417,4.4583,5.0,5.9
Teufelsmoor (bog),2025-03-02,0.0,0.92,0.3803,0.3872,0.385,0.406,4.4833,4.5375,4.9625,5.9
Teufelsmoor (bog),2025-03-03,0.0,1.36,0.3755,0.3844,0.3845,0.406,4.0042,4.3208,4.9167,5.9
Teufelsmoor (bog),2025-03-04,0.0,1.25,0.3715,0.3814,0.3835,0.406,3.9125,4.0667,4.8417,5.9
Teufelsmoor (bog),2025-03-05,0.0,1.87,0.368,0.3783,0.3825,0.406,5.3583,4.8167,4.8375,5.8458
Teufelsmoor (bog),2025-03-06,0.0,1.8,0.3641,0.3747,0.3815,0.4056,6.2125,5.5417,4.9333,5.8
Teufelsmoor (bog),2025-03-07,0.0,1.88,0.3602,0.3714,0.3804,0.405,7.475,6.5125,5.15,5.8
Teufelsmoor (bog),2025-03-08,0.0,2.2,0.3571,0.368,0.379,0.405,7.6958,6.95,5.4083,5.8
Teufelsmoor (bog),2025-03-09,0.0,1.91,0.3531,0.3647,0.3776,0.405,7.9,7.4417,5.6792,5.8
Teufelsmoor (bog),2025-03-10,0.0,1.55,0.3507,0.3619,0.3765,0.405,6.2042,6.5625,5.8667,5.8
Teufelsmoor (bog),2025-03-11,0.0,0.76,0.35,0.3595,0.3754,0.405,4.8,5.5708,5.9,5.8
Teufelsmoor (bog),2025-03-12,1.3,1.15,0.3527,0.3582,0.3743,0.405,4.9792,5.3458,5.8125,5.8
Teufelsmoor (bog),2025-03-13,0.1,1.11,0.3543,0.3573,0.3732,0.404,2.8125,4.0,5.6583,5.8
Teufelsmoor (bog),2025-03-14,1.7,1.18,0.3565,0.3564,0.372,0.404,2.6958,3.4417,5.3833,5.8
Teufelsmoor (bog),2025-03-15,0.0,1.14,0.3583,0.3566,0.3709,0.404,2.7458,3.3292,5.125,5.8
Teufelsmoor (bog),2025-03-16,0.0,1.05,0.3534,0.356,0.3698,0.404,2.1917,2.9375,4.8875,5.8
Teufelsmoor (bog),2025-03-17,0.0,1.93,0.3488,0.3544,0.3686,0.404,3.0917,3.4042,4.7042,5.7792
Teufelsmoor (bog),2025-03-18,0.0,1.85,0.3441,0.3522,0.3675,0.4039,1.8667,2.7333,4.5292,5.7
Teufelsmoor (bog),2025-03-19,0.0,2.03,0.3404,0.35,0.3662,0.403,2.4333,2.6125,4.3333,5.7
Teufelsmoor (bog),2025-03-20,0.0,1.94,0.3372,0.3475,0.3646,0.403,4.8583,3.8667,4.225,5.7
Teufelsmoor (bog),2025-03-21,0.0,3.1,0.3334,0.3448,0.3635,0.403,7.4167,5.6083,4.3667,5.6417
Teufelsmoor (bog),2025-03-22,0.0,3.77,0.3265,0.3415,0.3616,0.403,9.5292,7.9167,4.8042,5.6
Teufelsmoor (bog),2025-03-23,0.0,2.57,0.321,0.338,0.3603,0.4025,9.6833,8.5833,5.325,5.6
Teufelsmoor (bog),2025-03-24,0.4,1.74,0.3232,0.3355,0.3586,0.402,8.4458,7.9958,5.7333,5.6
Teufelsmoor (bog),2025-03-25,0.5,1.2,0.324,0.3338,0.3575,0.402,7.5083,7.3917,5.9958,5.6
Teufelsmoor (bog),2025-03-26,0.0,1.19,0.3261,0.3327,0.3565,0.402,7.5792,7.4667,6.1625,5.6
Teufelsmoor (bog),2025-03-27,0.0,2.12,0.3229,0.3314,0.3552,0.402,7.0042,6.7542,6.2417,5.6375
Teufelsmoor (bog),2025-03-28,0.0,2.54,0.3186,0.3291,0.3536,0.401,8.4,7.4,6.3208,5.7
Teufelsmoor (bog),2025-03-29,0.0,2.19,0.3142,0.327,0.3523,0.401,8.6292,8.3125,6.5167,5.7
Teufelsmoor (bog),2025-03-30,8.3,1.61,0.3617,0.3285,0.351,0.401,7.6917,7.6167,6.6542,5.7
Teufelsmoor (bog),2025-03-31,0.0,1.89,0.3654,0.3377,0.3498,0.401,8.0958,7.6958,6.7333,5.7
Teufelsmoor (bog),2025-04-01,0.0,2.6,0.3482,0.3389,0.3486,0.4,8.1125,7.6375,6.8042,5.7333
Teufelsmoor (bog),2025-04-02,0.0,2.91,0.3369,0.3374,0.3475,0.4,9.2375,8.3125,6.9208,5.8
Teufelsmoor (bog),2025-04-03,0.0,3.2,0.3276,0.3346,0.3459,0.4,10.0958,9.0458,7.0792,5.8
Teufelsmoor (bog),2025-04-04,0.0,3.13,0.3204,0.3315,0.3445,0.3995,11.0,9.7625,7.3375,5.8
Teufelsmoor (bog),2025-04-05,0.0,2.94,0.3141,0.3278,0.3431,0.399,9.2583,9.6,7.6083,5.8833
Teufelsmoor (bog),2025-04-06,0.0,2.3,0.3092,0.3247,0.3416,0.399,7.2083,7.9625,7.6417,5.9
Teufelsmoor (bog),2025-04-07,0.0,2.54,0.3054,0.3216,0.3405,0.3988,6.8125,7.1125,7.5292,5.9125
Teufelsmoor (bog),2025-04-08,0.0,2.52,0.302,0.3186,0.3392,0.398,7.8083,7.35,7.4167,6.0
Teufelsmoor (bog),2025-04-09,0.0,2.22,0.299,0.316,0.3377,0.398,8.0375,7.875,7.4,6.0
Teufelsmoor (bog),2025-04-10,0.0,2.27,0.2962,0.3134,0.3366,0.398,9.525,8.625,7.4208,6.0
Teufelsmoor (bog),2025-04-11,0.0,2.42,0.293,0.311,0.3355,0.3973,10.2,9.2792,7.5458,6.0833
Teufelsmoor (bog),2025-04-12,0.0,3.35,0.2893,0.308,0.3341,0.397,11.3125,9.8167,7.7417,6.1
Teufelsmoor (bog),2025-04-13,2.0,2.36,0.2941,0.3055,0.3326,0.397,12.3083,11.1375,8.0333,6.1083
Teufelsmoor (bog),2025-04-14,0.5,2.38,0.3006,0.3042,0.3315,0.3965,11.8083,10.9833,8.3333,6.2
Teufelsmoor (bog),2025-04-15,4.5,4.15,0.2972,0.302,0.3302,0.396,14.7875,12.2375,8.6292,6.2
Teufelsmoor (bog),2025-04-16,3.8,2.88,0.345,0.3029,0.3286,0.396,14.65,13.5792,9.1,6.3
Teufelsmoor (bog),2025-04-17,3.0,1.42,0.3707,0.3114,0.3279,0.3956,10.7958,11.5833,9.4375,6.3375
Teufelsmoor (bog),2025-04-18,4.3,0.85,0.383,0.3257,0.327,0.395,9.2333,9.925,9.4417,6.4
Teufelsmoor (bog),2025-04-19,0.4,1.62,0.3615,0.3347,0.3268,0.395,9.6208,9.4833,9.3083,6.4792
Teufelsmoor (bog),2025-04-20,0.0,2.4,0.3461,0.3355,0.326,0.395,9.7917,9.4167,9.1417,6.5083
Teufelsmoor (bog),2025-04-21,4.1,1.75,0.3562,0.3356,0.3255,0.3943,10.675,10.025,9.1,6.6
Teufelsmoor (bog),2025-04-22,2.0,1.91,0.3647,0.3385,0.325,0.394,11.3333,10.7708,9.15,6.6208
Teufelsmoor (bog),2025-04-23,2.0,1.96,0.3623,0.3412,0.3245,0.394,11.0667,10.5042,9.2208,6.7
Teufelsmoor (bog),2025-04-24,1.8,2.17,0.3738,0.345,0.324,0.3938,11.7292,11.0958,9.325,6.7333
Teufelsmoor (bog),2025-04-25,0.1,2.11,0.3579,0.3465,0.3236,0.393,11.1167,10.9125,9.4208,6.8
Teufelsmoor (bog),2025-04-26,0.0,3.68,0.3443,0.3437,0.3227,0.393,11.6458,10.8375,9.475,6.8458
Teufelsmoor (bog),2025-04-27,0.0,3.9,0.3307,0.3385,0.3216,0.3927,12.1375,11.5167,9.5667,6.9
Teufelsmoor (bog),2025-04-28,0.0,3.97,0.3202,0.3328,0.3205,0.392,12.6417,11.6083,9.7167,6.9708
Teufelsmoor (bog),2025-04-29,0.0,3.43,0.312,0.3274,0.3195,0.392,13.4917,12.3458,9.8625,7.0
Teufelsmoor (bog),2025-04-30,0.0,3.76,0.305,0.3224,0.3185,0.3915,14.8125,13.2208,10.1125,7.1
Teufelsmoor (bog),2025-05-01,0.0,4.42,0.2968,0.3167,0.317,0.391,16.3708,14.3083,10.4417,7.1458
Teufelsmoor (bog),2025-05-02,0.0,3.62,0.2897,0.3113,0.3155,0.391,16.1292,15.1542,10.8667,7.2083
Teufelsmoor (bog),2025-05-03,0.0,3.55,0.284,0.3068,0.3145,0.39,13.9042,13.8708,11.15,7.3
Teufelsmoor (bog),2025-05-04,0.2,2.68,0.28,0.3025,0.3134,0.39,11.7542,12.5,11.2292,7.3833
Teufelsmoor (bog),2025-05-05,0.1,2.87,0.2776,0.2991,0.3124,0.3897,11.4458,11.5375,11.1292,7.4542
Teufelsmoor (bog),2025-05-06,0.0,2.28,0.2745,0.296,0.3114,0.389,10.4167,10.8167,10.9542,7.5167
Teufelsmoor (bog),2025-05-07,0.2,3.38,0.2709,0.2925,0.3104,0.389,12.0417,11.1958,10.7667,7.6
Teufelsmoor (bog),2025-05-08,0.0,3.58,0.2651,0.2887,0.3088,0.3885,12.6375,12.05,10.7417,7.6667
Teufelsmoor (bog),2025-05-09,0.0,4.24,0.2592,0.2845,0.3075,0.388,13.5458,12.4792,10.7833,7.7042
Teufelsmoor (bog),2025-05-10,0.0,3.64,0.253,0.2805,0.3061,0.388,13.7167,12.8542,10.9042,7.8
Teufelsmoor (bog),2025-05-11,0.0,4.83,0.2466,0.2763,0.3045,0.387,15.5917,13.8417,11.0458,7.85
Teufelsmoor (bog),2025-05-12,0.0,4.94,0.2384,0.272,0.303,0.387,14.9917,14.2958,11.2875,7.9
Teufelsmoor (bog),2025-05-13,0.0,4.7,0.2315,0.2674,0.3014,0.3864,15.2333,14.1,11.4625,8.0
Teufelsmoor (bog),2025-05-14,0.0,3.95,0.2258,0.2635,0.2996,0.386,14.8375,14.3,11.6458,8.0625
Teufelsmoor (bog),2025-05-15,0.0,4.35,0.2212,0.2599,0.2985,0.3855,14.2542,13.8417,11.8,8.125
Teufelsmoor (bog),2025-05-16,0.0,3.66,0.2174,0.2565,0.2971,0.385,14.0833,13.5917,11.825,8.2
Teufelsmoor (bog),2025-05-17,0.1,3.82,0.2158,0.2536,0.2956,0.385,14.1583,13.5458,11.9,8.2875
Teufelsmoor (bog),2025-05-18,0.4,3.41,0.2156,0.251,0.2945,0.384,14.0958,13.6167,11.9,8.35
Teufelsmoor (bog),2025-05-19,0.0,3.4,0.2132,0.2485,0.2935,0.384,15.3375,13.9708,11.9458,8.4125
Teufelsmoor (bog),2025-05-20,0.0,4.58,0.2087,0.2456,0.292,0.3834,16.6625,15.0917,12.1167,8.5
Teufelsmoor (bog),2025-05-21,0.0,3.85,0.2043,0.2429,0.2905,0.383,14.6958,14.7,12.3042,8.575
Teufelsmoor (bog),2025-05-22,1.3,3.64,0.206,0.2408,0.2895,0.3827,12.7417,13.5083,12.3292,8.6417
Teufelsmoor (bog),2025-05-23,3.1,3.45,0.2245,0.2391,0.2885,0.382,12.1167,12.3917,12.2292,8.7
Teufelsmoor (bog),2025-05-24,1.2,3.42,0.2358,0.2378,0.2875,0.382,13.2292,12.5625,12.05,8.8
Teufelsmoor (bog),2025-05-25,14.9,1.75,0.3418,0.2434,0.287,0.3816,14.0083,13.35,12.0,8.8458
Teufelsmoor (bog),2025-05-26,3.7,3.29,0.356,0.2613,0.2864,0.381,14.2625,13.6542,12.0583,8.9
Teufelsmoor (bog),2025-05-27,8.2,2.07,0.3497,0.2718,0.286,0.381,13.7958,13.5125,12.1,8.9875
Teufelsmoor (bog),2025-05-28,5.5,2.58,0.3893,0.2976,0.2856,0.3806,14.6833,13.9667,12.15,9.0292
Teufelsmoor (bog),2025-05-29,2.5,2.84,0.3557,0.3098,0.285,0.38,14.1917,13.7125,12.2125,9.1
Teufelsmoor (bog),2025-05-30,0.3,3.3,0.3449,0.3124,0.285,0.38,16.7125,14.9333,12.3417,9.1667
Teufelsmoor (bog),2025-05-31,0.1,4.14,0.3258,0.3109,0.2844,0.3795,18.125,16.1625,12.5917,9.2167
Teufelsmoor (bog),2025-06-01,8.2,3.48,0.3685,0.314,0.2835,0.379,18.3458,17.2458,12.9917,9.3
Teufelsmoor (bog),2025-06-02,5.5,3.34,0.3717,0.3211,0.283,0.379,15.8958,16.0208,13.2792,9.3792
Teufelsmoor (bog),2025-06-03,0.0,4.38,0.3617,0.3288,0.283,0.3782,15.9417,15.1333,13.3625,9.45
Teufelsmoor (bog),2025-06-04,0.4,3.78,0.3397,0.3264,0.2825,0.378,17.2917,16.2375,13.4833,9.5208
Teufelsmoor (bog),2025-06-05,4.6,2.86,0.3444,0.3238,0.282,0.3778,15.95,15.8417,13.6375,9.6
Teufelsmoor (bog),2025-06-06,10.6,3.38,0.4,0.3416,0.282,0.377,15.8042,15.3958,13.7,9.7
Teufelsmoor (bog),2025-06-07,6.1,2.17,0.3933,0.3535,0.283,0.377,14.9083,14.9792,13.7,9.775
Teufelsmoor (bog),2025-06-08,24.8,2.15,0.4276,0.4074,0.2862,0.377,13.675,14.1042,13.6292,9.8417
Teufelsmoor (bog),2025-06-09,1.9,3.28,0.4132,0.4115,0.2944,0.3764,14.2083,13.8,13.45,9.9042
Teufelsmoor (bog),2025-06-10,5.2,1.7,0.4126,0.4013,0.2991,0.376,13.8917,13.9625,13.3792,10.0
Teufelsmoor (bog),2025-06-11,0.0,3.9,0.3943,0.395,0.3025,0.376,14.9125,14.2458,13.3,10.0542
Teufelsmoor (bog),2025-06-12,0.0,5.38,0.3725,0.3815,0.304,0.3756,16.0542,14.7125,13.3,10.1
Teufelsmoor (bog),2025-06-13,0.0,6.25,0.3518,0.3677,0.304,0.375,18.9292,16.8125,13.4833,10.1958
Teufelsmoor (bog),2025-06-14,0.0,6.01,0.334,0.3546,0.3035,0.375,21.2,18.6417,13.8958,10.25
Teufelsmoor (bog),2025-06-15,12.9,2.59,0.3921,0.3536,0.3031,0.3744,18.8417,18.825,14.4208,10.325
Teufelsmoor (bog),2025-06-16,0.6,3.53,0.3809,0.3638,0.304,0.374,17.7792,17.3458,14.6708,10.4083
Teufelsmoor (bog),2025-06-17,0.0,4.75,0.3582,0.358,0.3036,0.374,18.4583,17.225,14.8167,10.5
Teufelsmoor (bog),2025-06-18,0.3,3.9,0.343,0.3497,0.3032,0.3736,18.4875,17.7792,14.9625,10.5917
Teufelsmoor (bog),2025-06-19,0.0,4.25,0.331,0.3422,0.3026,0.373,17.0042,17.1125,15.1,10.6792
Teufelsmoor (bog),2025-06-20,0.0,4.47,0.3183,0.3341,0.3016,0.373,16.9917,16.4583,15.1,10.7667
Teufelsmoor (bog),2025-06-21,0.0,5.36,0.3061,0.3258,0.3005,0.3725,19.2167,17.3875,15.1167,10.85
Teufelsmoor (bog),2025-06-22,9.8,5.68,0.3099,0.3175,0.2994,0.372,21.3167,19.1417,15.3083,10.9333
Teufelsmoor (bog),2025-06-23,7.2,3.41,0.3946,0.3282,0.2985,0.372,18.3083,18.825,15.6375,11.025
Teufelsmoor (bog),2025-06-24,1.8,2.8,0.3742,0.3419,0.298,0.3716,17.1375,17.1792,15.7,11.1167
Teufelsmoor (bog),2025-06-25,1.8,3.03,0.3651,0.3435,0.298,0.371,18.3625,17.475,15.7,11.2042
Teufelsmoor (bog),2025-06-26,4.9,2.41,0.3768,0.3449,0.298,0.371,18.2,17.5083,15.7,11.3
Teufelsmoor (bog),2025-06-27,3.4,2.97,0.3869,0.3527,0.2989,0.371,17.9125,17.625,15.7625,11.3917
Teufelsmoor (bog),2025-06-28,0.7,3.21,0.3665,0.3534,0.299,0.3705,19.4583,18.0708,15.8125,11.475
Teufelsmoor (bog),2025-06-29,0.1,4.11,0.3505,0.3486,0.2986,0.37,20.0875,19.1417,15.9833,11.5583
Teufelsmoor (bog),2025-06-30,0.0,5.25,0.3328,0.3408,0.2977,0.37,19.4083,18.5083,16.125,11.6458
Teufelsmoor (bog),2025-07-01,0.0,6.21,0.3146,0.3311,0.2966,0.3695,22.1333,19.7917,16.2875,11.7375
Teufelsmoor (bog),2025-07-02,0.7,5.73,0.3019,0.3219,0.2955,0.369,24.0542,21.8125,16.6833,11.8292
Teufelsmoor (bog),2025-07-03,0.4,3.71,0.2992,0.315,0.2945,0.369,19.5375,20.5208,17.0833,11.9292
Teufelsmoor (bog),2025-07-04,0.0,3.95,0.2897,0.309,0.2935,0.3683,18.375,18.3833,17.1083,12.0333
Teufelsmoor (bog),2025-07-05,0.1,4.1,0.2816,0.3034,0.2925,0.368,18.925,18.4,17.0125,12.1292
Teufelsmoor (bog),2025-07-06,12.3,2.85,0.3175,0.2999,0.292,0.368,18.9833,18.6917,17.0,12.225
Teufelsmoor (bog),2025-07-07,17.6,2.1,0.4076,0.3453,0.292,0.3679,17.0083,17.6125,16.925,12.3167
Teufelsmoor (bog),2025-07-08,4.8,2.96,0.3997,0.3773,0.2933,0.367,16.3958,16.6333,16.7042,12.4
Teufelsmoor (bog),2025-07-09,0.3,3.77,0.3866,0.3777,0.2948,0.367,17.4375,16.9458,16.5208,12.4958
Teufelsmoor (bog),2025-07-10,0.6,2.88,0.3711,0.3701,0.2958,0.367,17.175,16.9792,16.4042,12.5708
Teufelsmoor (bog),2025-07-11,0.5,3.21,0.3606,0.3627,0.2961,0.3667,18.0125,17.4458,16.3,12.6375
Teufelsmoor (bog),2025-07-12,2.8,2.49,0.3604,0.3562,0.297,0.366,18.3167,17.75,16.3,12.7
Teufelsmoor (bog),2025-07-13,0.0,2.64,0.3588,0.3522,0.297,0.366,18.575,17.9958,16.3417,12.7958
Teufelsmoor (bog),2025-07-14,0.6,4.02,0.3461,0.3467,0.297,0.366,19.575,18.4208,16.425,12.8542
Teufelsmoor (bog),2025-07-15,8.3,2.95,0.3732,0.3442,0.297,0.3657,18.4125,18.4833,16.5458,12.9125
Teufelsmoor (bog),2025-07-16,4.0,2.68,0.386,0.3516,0.297,0.365,17.4042,17.5083,16.55,13.0
Teufelsmoor (bog),2025-07-17,1.0,1.88,0.3733,0.3552,0.2977,0.365,17.5708,17.2417,16.5,13.0708
Teufelsmoor (bog),2025-07-18,0.2,3.09,0.3588,0.3525,0.298,0.365,19.9833,18.4667,16.5167,13.1208
Teufelsmoor (bog),2025-07-19,0.1,4.44,0.3442,0.3461,0.2975,0.3648,21.1833,19.5917,16.675,13.2
Teufelsmoor (bog),2025-07-20,3.5,3.71,0.3416,0.3398,0.297,0.364,21.8458,20.5167,16.975,13.275
Teufelsmoor (bog),2025-07-21,0.3,3.39,0.3454,0.3359,0.2969,0.364,21.2292,20.6125,17.2833,13.3417
Teufelsmoor (bog),2025-07-22,16.6,2.36,0.3808,0.3393,0.297,0.364,19.1375,19.4333,17.4625,13.4167
Teufelsmoor (bog),2025-07-23,8.6,2.22,0.418,0.387,0.2979,0.364,18.4583,18.4375,17.4417,13.5
Teufelsmoor (bog),2025-07-24,2.8,2.93,0.3938,0.3871,0.3002,0.3634,19.5,18.7083,17.4,13.5875
Teufelsmoor (bog),2025-07-25,0.2,2.74,0.3851,0.3809,0.3019,0.363,19.7375,19.225,17.4333,13.6542
Teufelsmoor (bog),2025-07-26,0.3,3.08,0.371,0.3728,0.303,0.363,19.1917,18.8375,17.5,13.7208
Teufelsmoor (bog),2025-07-27,12.5,1.75,0.4147,0.3865,0.3043,0.363,17.9417,18.3458,17.4583,13.8
Teufelsmoor (bog),2025-07-28,0.8,3.31,0.3975,0.3933,0.307,0.363,18.0667,17.85,17.3375,13.8833
Teufelsmoor (bog),2025-07-29,3.9,3.02,0.3942,0.3853,0.3089,0.3622,17.3417,17.6167,17.2417,13.9333
Teufelsmoor (bog),2025-07-30,4.1,2.29,0.3958,0.3825,0.3104,0.362,16.3667,16.8875,17.0917,14.0
Teufelsmoor (bog),2025-07-31,10.7,2.21,0.4236,0.3981,0.3126,0.362,16.4583,16.4833,16.8708,14.0708
Teufelsmoor (bog),2025-08-01,9.4,2.74,0.4126,0.4073,0.3164,0.362,17.1917,16.9375,16.725,14.1
Teufelsmoor (bog),2025-08-02,8.3,2.39,0.4196,0.414,0.3213,0.362,17.0375,16.9583,16.6292,14.1792
Teufelsmoor (bog),2025-08-03,11.2,1.68,0.4355,0.4244,0.3284,0.362,16.4042,16.5875,16.5458,14.2
Teufelsmoor (bog),2025-08-04,3.6,3.09,0.4142,0.4225,0.3373,0.362,17.9708,17.1458,16.475,14.2667
Teufelsmoor (bog),2025-08-05,2.2,3.55,0.4149,0.4122,0.3419,0.3614,17.5833,17.6083,16.5,14.3
Teufelsmoor (bog),2025-08-06,0.4,3.06,0.3955,0.4006,0.3447,0.361,16.7458,16.85,16.5,14.3375
Teufelsmoor (bog),2025-08-07,0.0,3.96,0.3798,0.3898,0.3455,0.361,17.7167,16.9542,16.425,14.4
Teufelsmoor (bog),2025-08-08,1.0,3.24,0.3707,0.38,0.3456,0.361,18.6,17.9875,16.5125,14.4
Teufelsmoor (bog),2025-08-09,0.0,4.03,0.3615,0.3722,0.3455,0.361,19.0125,18.125,16.6167,14.4917
Teufelsmoor (bog),2025-08-10,0.0,3.82,0.3492,0.3635,0.3445,0.361,18.3583,18.3292,16.7375,14.5
Teufelsmoor (bog),2025-08-11,0.0,3.9,0.3392,0.3556,0.3435,0.3604,18.0792,17.6333,16.8,14.5708
Teufelsmoor (bog),2025-08-12,0.0,4.2,0.3304,0.3482,0.3421,0.36,19.7917,18.5458,16.8375,14.6
Teufelsmoor (bog),2025-08-13,0.0,5.19,0.3192,0.3403,0.3405,0.36,22.325,20.2333,17.0917,14.65
Teufelsmoor (bog),2025-08-14,0.0,4.09,0.3098,0.3327,0.3389,0.36,23.4417,21.625,17.5042,14.7
Teufelsmoor (bog),2025-08-15,0.0,4.19,0.3023,0.326,0.3372,0.3596,22.4083,21.7167,17.9458,14.7708
Teufelsmoor (bog),2025-08-16,0.0,3.19,0.2954,0.3202,0.3356,0.359,19.3458,20.1583,18.1958,14.8208
Teufelsmoor (bog),2025-08-17,0.1,2.97,0.2906,0.3152,0.3345,0.359,18.7583,18.7917,18.1625,14.9
Teufelsmoor (bog),2025-08-18,0.0,3.31,0.2864,0.3108,0.3332,0.359,18.7625,18.5417,18.0458,14.9708
Teufelsmoor (bog),2025-08-19,0.0,3.87,0.2807,0.3058,0.3315,0.359,19.1917,18.8333,18.0,15.0042
Teufelsmoor (bog),2025-08-20,0.1,2.98,0.2755,0.3014,0.3304,0.359,18.7375,18.7125,17.9792,15.1
Teufelsmoor (bog),2025-08-21,0.4,3.17,0.2716,0.2975,0.3286,0.3584,17.4458,18.0917,17.8875,15.1292
Teufelsmoor (bog),2025-08-22,0.8,2.72,0.27,0.2943,0.3275,0.358,16.2708,17.1167,17.7125,15.2
Teufelsmoor (bog),2025-08-23,1.1,3.13,0.2745,0.2917,0.3265,0.358,15.7667,16.3792,17.4542,15.2208
Teufelsmoor (bog),2025-08-24,0.4,2.36,0.2733,0.2891,0.3255,0.358,15.3625,15.9542,17.1792,15.3
Teufelsmoor (bog),2025-08-25,0.0,2.53,0.2707,0.287,0.3244,0.358,15.7417,15.9417,16.9333,15.3
Teufelsmoor (bog),2025-08-26,0.0,3.91,0.2645,0.2842,0.3229,0.3578,17.7792,16.6833,16.7458,15.3125
Teufelsmoor (bog),2025-08-27,0.1,3.35,0.257,0.2806,0.3215,0.357,19.5,18.3458,16.825,15.4
Teufelsmoor (bog),2025-08-28,3.7,2.22,0.2638,0.2783,0.3202,0.357,19.2875,18.7333,16.9792,15.4
Teufelsmoor (bog),2025-08-29,0.0,3.14,0.2805,0.2771,0.3189,0.357,18.7542,18.4333,17.1125,15.4
Teufelsmoor (bog),2025-08-30,0.2,3.05,0.2738,0.2756,0.3176,0.357,18.5625,18.3792,17.2,15.4875
Teufelsmoor (bog),2025-08-31,1.1,2.1,0.279,0.2744,0.3167,0.357,18.0167,17.9667,17.2,15.5
Teufelsmoor (bog),2025-09-01,9.6,1.17,0.3422,0.2797,0.316,0.357,17.6875,17.8875,17.2917,15.5
Teufelsmoor (bog),2025-09-02,0.0,3.16,0.3494,0.2942,0.3155,0.3564,17.6958,17.5,17.2,15.5917
Teufelsmoor (bog),2025-09-03,0.0,3.16,0.3245,0.2963,0.3145,0.356,18.2375,17.6333,17.2,15.6
Teufelsmoor (bog),2025-09-04,0.0,3.08,0.3102,0.296,0.3135,0.356,19.5667,18.7833,17.2375,15.6
Teufelsmoor (bog),2025-09-05,4.0,2.31,0.3278,0.2959,0.3127,0.356,17.8375,18.3208,17.3417,15.6708
Teufelsmoor (bog),2025-09-06,0.0,2.5,0.3212,0.2972,0.312,0.356,16.6667,17.0292,17.3042,15.7
Teufelsmoor (bog),2025-09-07,0.0,4.06,0.3067,0.296,0.3111,0.3556,17.9042,17.3458,17.2,15.7
Teufelsmoor (bog),2025-09-08,0.0,3.19,0.2942,0.2935,0.3097,0.355,18.3917,17.9583,17.2,15.7375
Teufelsmoor (bog),2025-09-09,0.2,2.12,0.2887,0.2912,0.309,0.355,18.5208,18.2417,17.2333,15.8
Teufelsmoor (bog),2025-09-10,0.9,1.55,0.2898,0.2899,0.3085,0.355,16.7875,17.5583,17.2958,15.8
Teufelsmoor (bog),2025-09-11,0.9,2.19,0.2914,0.289,0.308,0.355,16.0292,16.5167,17.1458,15.8
Teufelsmoor (bog),2025-09-12,0.1,2.84,0.2883,0.2878,0.3074,0.355,15.7333,16.2292,16.9958,15.8708
Teufelsmoor (bog),2025-09-13,3.7,1.83,0.3016,0.287,0.3069,0.355,14.8167,15.6,16.8042,15.9
Teufelsmoor (bog),2025-09-14,2.2,2.13,0.313,0.2878,0.306,0.3544,15.025,15.3958,16.5833,15.9
Teufelsmoor (bog),2025-09-15,13.4,2.95,0.3934,0.316,0.3056,0.354,16.15,15.8958,16.425,15.9
Teufelsmoor (bog),2025-09-16,4.0,1.82,0.3699,0.33,0.3052,0.354,14.975,15.7542,16.35,15.9
Teufelsmoor (bog),2025-09-17,2.3,1.98,0.3643,0.3356,0.3054,0.354,14.8083,15.0708,16.1875,15.9
Teufelsmoor (bog),2025-09-18,1.6,1.05,0.3697,0.3393,0.3058,0.354,16.4792,15.8542,16.1,15.9
Teufelsmoor (bog),2025-09-19,0.0,2.59,0.3552,0.3411,0.3059,0.354,18.0875,17.1208,16.1333,15.9
Teufelsmoor (bog),2025-09-20,0.9,2.94,0.3425,0.3385,0.3055,0.354,18.9417,17.8625,16.3042,15.9
Teufelsmoor (bog),2025-09-21,0.1,2.03,0.3395,0.3358,0.305,0.3535,17.2417,17.9875,16.5417,15.9
Teufelsmoor (bog),2025-09-22,0.0,2.02,0.3317,0.3332,0.305,0.353,14.3375,15.6708,16.5333,15.9
Teufelsmoor (bog),2025-09-23,0.0,2.2,0.3248,0.3298,0.305,0.353,13.5708,14.525,16.2917,15.9792
Teufelsmoor (bog),2025-09-24,0.0,2.64,0.318,0.3265,0.3046,0.353,12.5667,13.5917,15.9792,16.0
Teufelsmoor (bog),2025-09-25,0.0,2.95,0.3108,0.3225,0.304,0.353,12.8208,13.4792,15.6625,15.95
Teufelsmoor (bog),2025-09-26,1.7,2.33,0.3059,0.3189,0.304,0.353,13.2542,13.7208,15.4083,15.9
Teufelsmoor (bog),2025-09-27,1.4,1.32,0.3316,0.3178,0.3039,0.353,13.5042,13.7417,15.2292,15.9
Teufelsmoor (bog),2025-09-28,0.0,1.59,0.3243,0.3175,0.3034,0.3523,14.4333,14.3792,15.1,15.9
Teufelsmoor (bog),2025-09-29,1.4,1.82,0.3187,0.3159,0.303,0.352,13.7875,14.1958,15.0375,15.9
Teufelsmoor (bog),2025-09-30,0.0,2.1,0.321,0.3145,0.303,0.352,13.4875,14.0125,14.9667,15.9
Teufelsmoor (bog),2025-10-01,0.0,1.68,0.3132,0.3129,0.3025,0.352,11.7833,13.0208,14.8292,15.8667
Teufelsmoor (bog),2025-10-02,0.0,1.93,0.3074,0.311,0.302,0.352,11.9625,12.6917,14.6167,15.8
Teufelsmoor (bog),2025-10-03,0.3,2.17,0.3023,0.309,0.302,0.352,11.3667,12.1125,14.3833,15.8
Teufelsmoor (bog),2025-10-04,33.4,1.05,0.4151,0.3717,0.3026,0.352,11.6208,12.3458,14.1875,15.8
Teufelsmoor (bog),2025-10-05,6.1,1.14,0.4192,0.4032,0.3063,0.352,11.6375,12.15,13.9958,15.7167
Teufelsmoor (bog),2025-10-06,0.8,0.87,0.412,0.4053,0.3108,0.3516,12.1958,12.325,13.8333,15.7
Teufelsmoor (bog),2025-10-07,0.0,0.72,0.3963,0.3973,0.3146,0.351,14.0167,13.3583,13.8,15.675
Teufelsmoor (bog),2025-10-08,0.2,0.85,0.3881,0.3896,0.3172,0.351,14.2833,14.1667,13.9,15.6
Teufelsmoor (bog),2025-10-09,0.2,1.24,0.382,0.3836,0.3192,0.351,13.0042,13.4333,14.0,15.6
Teufelsmoor (bog),2025-10-10,0.1,1.27,0.3752,0.3781,0.3207,0.351,14.075,13.8333,14.0,15.5708
Teufelsmoor (bog),2025-10-11,0.5,1.15,0.3709,0.3733,0.3219,0.351,14.0875,14.0875,14.0792,15.5
Teufelsmoor (bog),2025-10-12,0.1,0.65,0.3672,0.3695,0.3229,0.351,13.7208,13.9208,14.1167,15.5
Teufelsmoor (bog),2025-10-13,0.1,0.82,0.3649,0.3664,0.3238,0.351,13.5792,13.7917,14.2,15.5
Teufelsmoor (bog),2025-10-14,0.2,0.81,0.3623,0.3635,0.3242,0.351,13.2333,13.5375,14.1833,15.425
Teufelsmoor (bog),2025-10-15,0.5,0.74,0.3616,0.3612,0.325,0.351,13.0542,13.3875,14.1,15.4
Teufelsmoor (bog),2025-10-16,0.5,1.02,0.3623,0.3595,0.3256,0.351,12.6792,13.1125,14.075,15.4
Teufelsmoor (bog),2025-10-17,0.5,1.08,0.3605,0.3578,0.326,0.351,11.8542,12.6792,13.9708,15.3875
Teufelsmoor (bog),2025-10-18,0.0,1.25,0.3552,0.356,0.326,0.351,8.8958,10.925,13.75,15.3
Teufelsmoor (bog),2025-10-19,0.0,1.63,0.3491,0.3531,0.3261,0.351,8.6375,9.8542,13.3458,15.3
Teufelsmoor (bog),2025-10-20,3.3,0.71,0.3578,0.3514,0.327,0.351,9.9417,10.2167,12.9917,15.25
Teufelsmoor (bog),2025-10-21,4.9,0.7,0.3915,0.357,0.327,0.351,11.6042,11.475,12.8167,15.2
Teufelsmoor (bog),2025-10-22,1.1,0.8,0.3863,0.3657,0.3278,0.3505,11.7292,11.9292,12.8,15.1542
Teufelsmoor (bog),2025-10-23,11.9,1.02,0.4147,0.3851,0.3287,0.35,11.5542,11.825,12.8,15.1
Teufelsmoor (bog),2025-10-24,0.9,1.57,0.4039,0.3976,0.3312,0.35,10.6875,11.5208,12.7667,15.0625
Teufelsmoor (bog),2025-10-25,3.7,0.99,0.4028,0.3945,0.3338,0.35,9.7708,10.6958,12.6417,15.0
Teufelsmoor (bog),2025-10-26,7.6,1.02,0.4162,0.3991,0.3362,0.35,8.8042,9.925,12.4167,14.9667
Teufelsmoor (bog),2025-10-27,4.4,0.88,0.4188,0.4078,0.3396,0.35,8.8958,9.6542,12.175,14.9
Teufelsmoor (bog),2025-10-28,7.5,0.84,0.4245,0.4142,0.3437,0.35,9.0,9.6083,11.95,14.8417
Teufelsmoor (bog),2025-10-29,0.8,1.0,0.4076,0.4119,0.3487,0.35,10.2625,10.1958,11.8042,14.8
Teufelsmoor (bog),2025-10-30,9.6,1.05,0.4234,0.4239,0.3542,0.35,10.5083,10.8125,11.8,14.7042
Teufelsmoor (bog),2025-10-31,0.0,0.91,0.4045,0.4135,0.3601,0.35,9.3333,10.1042,11.7375,14.6708
Teufelsmoor (bog),2025-11-01,5.5,0.56,0.4105,0.4068,0.363,0.35,10.5333,10.4542,11.6833,14.6
Teufelsmoor (bog),2025-11-02,1.0,0.61,0.4106,0.4091,0.3659,0.35,10.2,10.7083,11.7,14.5333
Teufelsmoor (bog),2025-11-03,0.3,0.93,0.4002,0.404,0.3682,0.3507,9.7875,10.1917,11.6292,14.5
Teufelsmoor (bog),2025-11-04,0.0,1.26,0.3909,0.3983,0.3698,0.351,12.0333,11.4125,11.6417,14.4
Teufelsmoor (bog),2025-11-05,1.8,1.34,0.3941,0.394,0.3709,0.351,11.325,11.5542,11.7792,14.375
Teufelsmoor (bog),2025-11-06,0.0,1.0,0.387,0.3915,0.3716,0.351,9.4833,10.6458,11.8,14.3
Teufelsmoor (bog),2025-11-07,0.6,0.31,0.3826,0.3881,0.372,0.351,8.3625,9.3083,11.6667,14.2667
Teufelsmoor (bog),2025-11-08,1.1,0.29,0.3867,0.3862,0.3726,0.351,9.3333,9.7875,11.4958,14.2
Teufelsmoor (bog),2025-11-09,1.8,0.24,0.391,0.3862,0.373,0.351,9.4708,9.8083,11.4,14.1458
Teufelsmoor (bog),2025-11-10,0.0,0.35,0.3896,0.387,0.3733,0.351,8.5875,9.5,11.2875,14.1
Teufelsmoor (bog),2025-11-11,2.0,0.53,0.3945,0.3878,0.374,0.3518,9.1208,9.4125,11.1458,14.0125
Teufelsmoor (bog),2025-11-12,0.0,1.0,0.3847,0.3873,0.374,0.352,9.7,9.7917,11.1,13.9833
Teufelsmoor (bog),2025-11-13,0.0,1.12,0.3778,0.3847,0.374,0.352,11.2917,10.6583,11.1083,13.9
Teufelsmoor (bog),2025-11-14,29.2,0.31,0.4359,0.4185,0.377,0.352,10.0292,10.9875,11.2583,13.8542
Teufelsmoor (bog),2025-11-15,14.3,0.36,0.4454,0.4406,0.3944,0.352,7.325,8.9125,11.1708,13.8
Teufelsmoor (bog),2025-11-16,2.0,0.27,0.4299,0.4355,0.4047,0.353,6.3833,7.8542,10.875,13.7333
Teufelsmoor (bog),2025-11-17,2.3,0.56,0.4219,0.4256,0.4085,0.3537,5.225,6.8458,10.5,13.6917
Teufelsmoor (bog),2025-11-18,1.9,0.56,0.4143,0.4202,0.41,0.3545,4.9417,6.1875,10.0667,13.6
Teufelsmoor (bog),2025-11-19,15.7,0.17,0.4386,0.4324,0.4118,0.3554,4.425,5.8042,9.6583,13.5167
Teufelsmoor (bog),2025-11-20,0.2,0.44,0.4223,0.4347,0.4202,0.3566,2.9792,5.1208,9.2542,13.4375
Teufelsmoor (bog),2025-11-21,0.3,0.37,0.4099,0.4228,0.4208,0.358,0.4333,2.975,8.6917,13.3417
Teufelsmoor (bog),2025-11-22,0.0,0.61,0.4032,0.4153,0.4196,0.3594,0.7458,2.4708,8.0417,13.2375
Teufelsmoor (bog),2025-11-23,3.0,1.05,0.3967,0.4085,0.4184,0.3607,0.6958,2.3167,7.4958,13.125
Teufelsmoor (bog),2025-11-24,0.6,0.22,0.4035,0.4042,0.4167,0.3618,3.3125,3.4167,7.0875,12.9958
Teufelsmoor (bog),2025-11-25,0.0,0.19,0.4022,0.4031,0.4154,0.3629,3.8125,4.4,6.9625,12.8625
Teufelsmoor (bog),2025-11-26,0.0,0.27,0.3962,0.4008,0.4142,0.364,3.3167,4.2417,6.9,12.7417
Teufelsmoor (bog),2025-11-27,3.4,0.29,0.4058,0.4001,0.4128,0.365,3.6458,4.1833,6.8,12.625
Teufelsmoor (bog),2025-11-28,0.8,0.23,0.4073,0.4048,0.4119,0.3658,6.3708,5.7042,6.8292,12.4875
Teufelsmoor (bog),2025-11-29,0.0,0.33,0.3988,0.4035,0.411,0.3667,7.2958,6.925,7.0542,12.3708
Teufelsmoor (bog),2025-11-30,0.0,0.67,0.3937,0.4006,0.41,0.3674,7.2708,7.3458,7.35,12.2625
Teufelsmoor (bog),2025-12-01,0.0,0.83,0.3878,0.3969,0.4091,0.368,5.2708,6.2042,7.5,12.1667
Teufelsmoor (bog),2025-12-02,3.8,0.69,0.4021,0.3961,0.408,0.369,5.3583,5.925,7.5,12.0667
Teufelsmoor (bog),2025-12-03,0.4,0.22,0.4023,0.4005,0.4072,0.3695,5.8167,6.0875,7.5042,11.975
Teufelsmoor (bog),2025-12-04,2.3,0.21,0.4064,0.4016,0.4067,0.37,5.2,6.0625,7.6,11.8792
Teufelsmoor (bog),2025-12-05,0.0,0.17,0.3974,0.4022,0.406,0.3708,2.7167,4.3375,7.4208,11.7875
Teufelsmoor (bog),2025-12-06,5.0,0.36,0.4046,0.4011,0.4055,0.3711,4.6042,4.7875,7.225,11.6917
Teufelsmoor (bog),2025-12-07,7.4,0.32,0.4212,0.4112,0.405,0.372,7.2333,6.3958,7.2208,11.6
Teufelsmoor (bog),2025-12-08,4.2,0.45,0.4198,0.426,0.4071,0.3724,9.1875,8.0958,7.45,11.5
Teufelsmoor (bog),2025-12-09,12.9,0.36,0.4358,0.434,0.4113,0.373,10.0125,9.2708,7.8542,11.4167
Teufelsmoor (bog),2025-12-10,1.3,0.7,0.4176,0.4295,0.4195,0.3741,10.0,9.5125,8.2542,11.3542
Teufelsmoor (bog),2025-12-11,0.0,0.44,0.4065,0.4198,0.4198,0.3753,8.1333,8.8458,8.5583,11.3
Teufelsmoor (bog),2025-12-12,0.0,0.23,0.4004,0.4126,0.4188,0.3763,6.4458,7.3292,8.6,11.225
Teufelsmoor (bog),2025-12-13,0.1,0.21,0.3962,0.4066,0.4177,0.3773,7.4,7.6875,8.6,11.2
Teufelsmoor (bog),2025-12-14,0.0,0.32,0.3919,0.4015,0.4165,0.3782,6.15,6.85,8.5208,11.1042
Teufelsmoor (bog),2025-12-15,0.0,0.41,0.388,0.397,0.4153,0.3791,6.0417,6.7792,8.3917,11.0833
Teufelsmoor (bog),2025-12-16,0.0,0.54,0.3842,0.393,0.4138,0.38,5.8208,6.4583,8.2583,11.0
Teufelsmoor (bog),2025-12-17,0.0,0.33,0.3808,0.3894,0.4125,0.3808,6.1625,6.375,8.1333,10.9542
Teufelsmoor (bog),2025-12-18,0.0,0.72,0.3785,0.3862,0.4111,0.3813,7.8875,7.5167,8.1042,10.9
Teufelsmoor (bog),2025-12-19,1.4,0.55,0.3823,0.3841,0.4097,0.382,8.7,8.4542,8.2458,10.825
Teufelsmoor (bog),2025-12-20,0.0,0.2,0.3826,0.3835,0.4085,0.3825,5.6458,7.0083,8.3,10.8
Teufelsmoor (bog),2025-12-21,0.0,0.28,0.378,0.3822,0.4074,0.383,6.5417,6.7917,8.2083,10.7083
Teufelsmoor (bog),2025-12-22,0.0,0.4,0.3747,0.3805,0.4062,0.3834,5.9458,6.7042,8.1375,10.6958
Teufelsmoor (bog),2025-12-23,0.0,0.57,0.3719,0.3786,0.4051,0.384,3.8,5.5167,7.9917,10.6
Teufelsmoor (bog),2025-12-24,0.0,0.69,0.3692,0.3767,0.4039,0.384,2.1958,4.0542,7.6458,10.5667
Teufelsmoor (bog),2025-12-25,0.0,0.66,0.3666,0.3746,0.4028,0.3848,0.2208,2.4917,7.1667,10.5
Teufelsmoor (bog),2025-12-26,0.0,0.38,0.3652,0.3729,0.4017,0.385,-0.5708,1.3292,6.575,10.4125
Teufelsmoor (bog),2025-12-27,0.0,0.17,0.3644,0.3715,0.4007,0.385,-0.4458,0.95,6.0,10.3292
Teufelsmoor (bog),2025-12-28,0.0,0.12,0.3636,0.3703,0.3997,0.3853,-0.2917,1.0,5.5083,10.2292
Teufelsmoor (bog),2025-12-29,0.0,0.37,0.3631,0.3692,0.3988,0.386,0.9792,1.45,5.1375,10.1292
Teufelsmoor (bog),2025-12-30,0.0,0.38,0.3625,0.3683,0.3978,0.386,0.2583,1.625,4.9167,10.0208
Teufelsmoor (bog),2025-12-31,4.9,0.29,0.3851,0.3696,0.397,0.386,0.6083,1.2792,4.675,9.9125
Solling (upland forest),2025-01-01,2.8,0.86,0.3691,0.3727,0.4007,0.398,2.1458,1.575,3.1208,7.4375
Solling (upland forest),2025-01-02,7.4,0.22,0.4089,0.3897,0.4,0.398,1.4917,2.2542,3.2,7.3417
Solling (upland forest),2025-01-03,1.8,0.37,0.3895,0.3942,0.3999,0.398,-0.5375,0.8083,3.1708,7.25
Solling (upland forest),2025-01-04,0.1,0.29,0.3815,0.3905,0.399,0.398,-0.9958,0.0917,2.9833,7.1583
Solling (upland forest),2025-01-05,14.7,0.29,0.4009,0.3948,0.399,0.398,-0.675,-0.0875,2.7542,7.0625
Solling (upland forest),2025-01-06,3.9,1.01,0.4251,0.4265,0.4041,0.398,3.475,2.1917,2.7083,6.9667
Solling (upland forest),2025-01-07,5.0,0.5,0.4105,0.4167,0.409,0.3987,1.55,2.5208,2.9375,6.8792
Solling (upland forest),2025-01-08,2.9,0.45,0.4,0.4106,0.41,0.399,0.2542,1.1625,2.9542,6.7917
Solling (upland forest),2025-01-09,17.9,0.15,0.3935,0.4036,0.4095,0.3998,0.3583,0.9,2.8542,6.7
Solling (upland forest),2025-01-10,2.3,0.31,0.3864,0.397,0.4089,0.4,0.8,1.1667,2.8,6.6083
Solling (upland forest),2025-01-11,0.4,0.23,0.3811,0.3908,0.4079,0.4005,0.9,1.3,2.8,6.5208
Solling (upland forest),2025-01-12,0.0,0.27,0.3779,0.3856,0.4068,0.401,0.6458,1.225,2.7208,6.4417
Solling (upland forest),2025-01-13,0.0,0.2,0.3745,0.3814,0.4056,0.401,-0.175,0.7458,2.675,6.3583
Solling (upland forest),2025-01-14,0.2,0.43,0.3709,0.3777,0.4044,0.401,-0.6458,0.2167,2.5458,6.2792
Solling (upland forest),2025-01-15,0.0,0.14,0.3933,0.3786,0.4032,0.401,0.1583,0.475,2.4083,6.2
Solling (upland forest),2025-01-16,0.0,0.23,0.4019,0.3891,0.4022,0.401,0.4417,0.8292,2.3542,6.1
Solling (upland forest),2025-01-17,0.0,0.26,0.3955,0.3933,0.402,0.401,-0.3375,0.4958,2.3,6.0167
Solling (upland forest),2025-01-18,0.0,0.36,0.3953,0.3935,0.4013,0.401,-0.8208,0.0375,2.1875,5.9375
Solling (upland forest),2025-01-19,0.0,0.4,0.3962,0.3942,0.401,0.401,-1.0458,-0.2542,2.0458,5.8542
Solling (upland forest),2025-01-20,0.0,0.29,0.3925,0.3944,0.4008,0.401,-1.2833,-0.4583,1.8875,5.7667
Solling (upland forest),2025-01-21,0.0,0.43,0.3896,0.3924,0.4,0.401,-1.45,-0.5833,1.7375,5.6792
Solling (upland forest),2025-01-22,0.1,0.58,0.3864,0.3903,0.3999,0.401,-1.4417,-0.6875,1.5792,5.5917
Solling (upland forest),2025-01-23,8.0,0.41,0.4154,0.4105,0.4002,0.401,-0.7083,-0.5667,1.4583,5.5
Solling (upland forest),2025-01-24,3.4,0.42,0.4194,0.4164,0.4033,0.4018,1.0125,0.4125,1.4208,5.4042
Solling (upland forest),2025-01-25,7.5,0.46,0.4241,0.4237,0.4076,0.402,3.5,2.4375,1.65,5.3167
Solling (upland forest),2025-01-26,10.6,0.35,0.4095,0.4238,0.4215,0.4025,2.625,2.7417,2.0167,5.2375
Solling (upland forest),2025-01-27,6.8,0.72,0.4083,0.4152,0.4222,0.4044,3.8708,3.0167,2.2875,5.1833
Solling (upland forest),2025-01-28,0.2,0.64,0.3992,0.4121,0.4215,0.4058,3.3917,3.325,2.5958,5.1
Solling (upland forest),2025-01-29,3.7,0.56,0.4051,0.4042,0.4198,0.4071,3.2625,3.2417,2.825,5.0667
Solling (upland forest),2025-01-30,5.4,0.27,0.4073,0.4018,0.4183,0.408,2.5333,2.7833,2.975,5.0
Solling (upland forest),2025-01-31,0.3,0.46,0.4018,0.4048,0.417,0.4089,0.9625,2.025,3.0,4.9833
Solling (upland forest),2025-02-01,0.0,0.5,0.3882,0.3972,0.4156,0.4092,-1.075,0.2875,2.8167,4.9
Solling (upland forest),2025-02-02,0.0,0.54,0.3806,0.3895,0.4141,0.41,-1.3,-0.2708,2.5042,4.8792
Solling (upland forest),2025-02-03,0.0,0.57,0.3751,0.3833,0.4124,0.41,-1.75,-0.6292,2.1875,4.8
Solling (upland forest),2025-02-04,0.0,0.66,0.3707,0.3783,0.4105,0.41,-1.8333,-0.7708,1.9,4.75
Solling (upland forest),2025-02-05,0.0,0.31,0.368,0.3743,0.4087,0.41,-1.3583,-0.8,1.6542,4.6958
Solling (upland forest),2025-02-06,0.5,0.26,0.3688,0.3715,0.4067,0.41,-0.4042,-0.55,1.4542,4.6
Solling (upland forest),2025-02-07,0.1,0.5,0.3665,0.3695,0.4045,0.41,-0.2958,0.0083,1.4,4.5375
Solling (upland forest),2025-02-08,0.0,0.72,0.3615,0.3671,0.4021,0.41,-0.2833,0.0375,1.3292,4.475
Solling (upland forest),2025-02-09,0.0,0.58,0.358,0.3647,0.3998,0.41,-1.0708,-0.2958,1.3,4.4
Solling (upland forest),2025-02-10,0.0,0.59,0.3558,0.3626,0.3972,0.41,-1.0708,-0.5125,1.2125,4.3167
Solling (upland forest),2025-02-11,3.8,0.62,0.3598,0.361,0.3948,0.41,-0.5917,-0.35,1.1208,4.2625
Solling (upland forest),2025-02-12,2.0,0.39,0.3661,0.3612,0.3923,0.41,-0.175,0.0292,1.1,4.2
Solling (upland forest),2025-02-13,1.0,0.45,0.3653,0.3628,0.39,0.4093,-0.9125,-0.2125,1.1,4.1042
Solling (upland forest),2025-02-14,0.4,0.42,0.359,0.362,0.3878,0.409,-1.1167,-0.5,1.0417,4.0542
Solling (upland forest),2025-02-15,0.0,0.54,0.3567,0.3608,0.3855,0.409,-1.3958,-0.6625,0.9667,3.9958
Solling (upland forest),2025-02-16,0.0,0.65,0.3545,0.3598,0.3832,0.409,-1.7,-0.775,0.8792,3.9
Solling (upland forest),2025-02-17,0.0,0.73,0.3523,0.3586,0.381,0.409,-1.9958,-0.9458,0.7833,3.8458
Solling (upland forest),2025-02-18,0.0,1.01,0.3505,0.3574,0.3789,0.4088,-2.175,-1.0708,0.6792,3.7917
Solling (upland forest),2025-02-19,0.0,1.44,0.3491,0.3562,0.3768,0.408,-2.2333,-1.1917,0.5708,3.7
Solling (upland forest),2025-02-20,0.3,1.2,0.355,0.3551,0.3747,0.408,-1.6917,-1.2875,0.4667,3.6375
Solling (upland forest),2025-02-21,0.8,1.03,0.3762,0.3584,0.3726,0.408,1.6292,-0.9375,0.4,3.575
Solling (upland forest),2025-02-22,0.1,1.23,0.3703,0.3621,0.3706,0.408,3.3958,1.2333,0.4917,3.5
Solling (upland forest),2025-02-23,0.0,0.86,0.365,0.363,0.3687,0.407,4.8625,3.7333,0.9792,3.4292
Solling (upland forest),2025-02-24,2.4,1.06,0.3613,0.3624,0.3668,0.407,4.6542,3.6208,1.4917,3.4
Solling (upland forest),2025-02-25,1.4,0.97,0.3775,0.3653,0.3651,0.407,5.5708,4.6125,1.975,3.3625
Solling (upland forest),2025-02-26,5.1,0.47,0.3953,0.3736,0.3635,0.4065,3.7833,4.0167,2.3958,3.3
Solling (upland forest),2025-02-27,5.5,0.81,0.398,0.3822,0.363,0.406,2.5458,2.8458,2.5917,3.3
Solling (upland forest),2025-02-28,1.7,0.72,0.3969,0.3895,0.363,0.406,1.8417,2.1625,2.6,3.3
Solling (upland forest),2025-03-01,0.6,0.59,0.3872,0.388,0.363,0.406,1.75,2.1375,2.6,3.3
Solling (upland forest),2025-03-02,0.0,1.0,0.3783,0.3842,0.3625,0.405,0.6333,1.2792,2.4583,3.3
Solling (upland forest),2025-03-03,0.0,1.29,0.3709,0.3794,0.3618,0.405,-0.0833,0.6875,2.2958,3.2167
Solling (upland forest),2025-03-04,0.0,1.48,0.3655,0.375,0.3608,0.405,-0.0208,0.4,2.0792,3.2
Solling (upland forest),2025-03-05,0.0,1.78,0.3606,0.3705,0.3596,0.4044,0.8583,0.7417,1.925,3.2
Solling (upland forest),2025-03-06,0.0,1.92,0.3557,0.3663,0.3585,0.404,2.35,1.6333,1.875,3.2
Solling (upland forest),2025-03-07,0.0,1.85,0.3511,0.3622,0.3567,0.404,4.1583,3.1958,2.0333,3.1
Solling (upland forest),2025-03-08,0.0,1.89,0.3471,0.3585,0.3552,0.4035,4.2042,3.6167,2.275,3.1
Solling (upland forest),2025-03-09,0.0,1.8,0.3438,0.3547,0.3535,0.403,4.0333,3.7208,2.5292,3.1
Solling (upland forest),2025-03-10,0.0,1.71,0.3405,0.3515,0.3518,0.403,3.3292,3.4667,2.725,3.1
Solling (upland forest),2025-03-11,0.2,1.31,0.3384,0.3486,0.3503,0.4024,2.9792,2.9417,2.8,3.1
Solling (upland forest),2025-03-12,0.0,0.88,0.3383,0.3464,0.3486,0.402,2.575,3.1083,2.8917,3.1
Solling (upland forest),2025-03-13,0.0,1.04,0.337,0.3445,0.3474,0.402,0.6042,1.5542,2.7875,3.1
Solling (upland forest),2025-03-14,0.3,1.24,0.336,0.3426,0.3456,0.4015,0.5542,1.1333,2.5875,3.1
Solling (upland forest),2025-03-15,0.2,1.05,0.3348,0.3409,0.3444,0.401,0.2167,0.7792,2.3833,3.0625
Solling (upland forest),2025-03-16,0.0,1.47,0.3322,0.3391,0.3428,0.401,1.0167,1.05,2.2208,3.0
Solling (upland forest),2025-03-17,0.1,1.63,0.3294,0.337,0.3415,0.4003,1.7292,1.8042,2.1542,3.0
Solling (upland forest),2025-03-18,0.0,1.8,0.325,0.3344,0.3397,0.4,0.0667,0.8792,2.075,3.0
Solling (upland forest),2025-03-19,0.0,2.05,0.3212,0.332,0.3384,0.4,0.4125,0.5542,1.9333,3.0
Solling (upland forest),2025-03-20,0.0,2.19,0.3175,0.329,0.3365,0.399,2.9958,1.7875,1.85,2.9583
Solling (upland forest),2025-03-21,0.0,2.68,0.313,0.3258,0.335,0.399,5.7333,3.8542,2.0542,2.9
Solling (upland forest),2025-03-22,0.0,2.84,0.3071,0.3225,0.3333,0.3985,7.1292,5.7,2.5042,2.9
Solling (upland forest),2025-03-23,0.4,1.69,0.3042,0.3192,0.3316,0.398,7.2,6.1875,3.0,2.9
Solling (upland forest),2025-03-24,3.3,1.81,0.3135,0.317,0.3303,0.398,7.1792,6.1375,3.425,2.9
Solling (upland forest),2025-03-25,0.1,0.89,0.3345,0.318,0.3288,0.397,6.2,6.0917,3.7958,2.9
Solling (upland forest),2025-03-26,1.0,0.96,0.333,0.3197,0.3278,0.397,5.75,5.4917,4.0167,2.9792
Solling (upland forest),2025-03-27,0.0,1.92,0.3252,0.3197,0.3265,0.3966,5.8958,5.4625,4.1333,3.0
Solling (upland forest),2025-03-28,0.0,2.39,0.3163,0.318,0.3252,0.396,5.7417,5.1708,4.225,3.0
Solling (upland forest),2025-03-29,0.0,1.94,0.3093,0.316,0.3236,0.396,6.25,5.9083,4.3625,3.0
Solling (upland forest),2025-03-30,3.9,1.32,0.321,0.3143,0.3225,0.3951,4.35,4.7333,4.425,3.0958
Solling (upland forest),2025-03-31,0.3,1.35,0.3364,0.3168,0.3215,0.395,4.9292,4.8208,4.4,3.1
Solling (upland forest),2025-04-01,0.0,1.88,0.3248,0.3174,0.3205,0.3947,4.65,4.5125,4.375,3.1
Solling (upland forest),2025-04-02,0.0,2.57,0.315,0.3157,0.3192,0.394,6.3833,5.3292,4.3708,3.1375
Solling (upland forest),2025-04-03,0.0,2.89,0.3058,0.3127,0.3175,0.394,7.5083,6.425,4.5333,3.2
Solling (upland forest),2025-04-04,0.0,2.99,0.2982,0.3095,0.3162,0.393,8.6167,7.2417,4.7625,3.2
Solling (upland forest),2025-04-05,0.1,2.61,0.2923,0.3058,0.3146,0.393,7.2667,7.3417,5.0625,3.2292
Solling (upland forest),2025-04-06,0.0,2.15,0.2874,0.3029,0.3135,0.3923,4.2375,5.4708,5.1458,3.3
Solling (upland forest),2025-04-07,0.0,2.46,0.2829,0.2997,0.3123,0.392,3.9333,4.1708,4.9667,3.3
Solling (upland forest),2025-04-08,0.0,2.52,0.2785,0.2966,0.3106,0.3915,5.0792,4.6542,4.8208,3.3542
Solling (upland forest),2025-04-09,0.0,2.44,0.2744,0.2935,0.3095,0.391,5.9458,5.3708,4.775,3.4
Solling (upland forest),2025-04-10,0.0,2.02,0.2711,0.2905,0.3084,0.3909,6.75,6.1417,4.8375,3.4
Solling (upland forest),2025-04-11,0.0,2.45,0.2685,0.2878,0.307,0.39,7.5917,6.5667,4.9542,3.4292
Solling (upland forest),2025-04-12,0.0,3.24,0.2635,0.2846,0.3055,0.39,9.7042,7.7833,5.175,3.5
Solling (upland forest),2025-04-13,5.2,2.1,0.2798,0.282,0.3044,0.3891,10.1958,9.0583,5.5542,3.5
Solling (upland forest),2025-04-14,0.5,2.59,0.3028,0.2823,0.3034,0.389,10.3583,9.225,5.9208,3.575
Solling (upland forest),2025-04-15,2.5,3.2,0.2966,0.2814,0.302,0.3885,11.8042,9.85,6.2625,3.6
Solling (upland forest),2025-04-16,0.6,3.31,0.3008,0.2807,0.3005,0.388,12.7042,10.9958,6.6875,3.6917
Solling (upland forest),2025-04-17,3.9,0.98,0.3,0.2806,0.2996,0.3877,8.9958,9.8125,7.0667,3.7417
Solling (upland forest),2025-04-18,4.6,0.67,0.3601,0.2906,0.299,0.387,6.7292,7.65,7.1125,3.8
Solling (upland forest),2025-04-19,0.0,1.49,0.3365,0.2997,0.2986,0.387,7.4125,7.125,6.9417,3.8958
Solling (upland forest),2025-04-20,2.8,3.2,0.3197,0.3005,0.2975,0.3864,9.7667,8.0667,6.85,3.9417
Solling (upland forest),2025-04-21,4.2,2.92,0.343,0.3011,0.2965,0.386,10.95,9.8375,7.025,4.0
Solling (upland forest),2025-04-22,3.8,2.36,0.3533,0.3073,0.2956,0.3855,10.2125,9.7292,7.2458,4.0833
Solling (upland forest),2025-04-23,2.9,2.12,0.3499,0.3134,0.295,0.385,10.125,9.4083,7.4125,4.1333
Solling (upland forest),2025-04-24,8.2,1.26,0.3678,0.3203,0.295,0.385,9.3125,9.3083,7.5125,4.2
Solling (upland forest),2025-04-25,0.4,1.83,0.3609,0.3311,0.295,0.3843,8.85,8.7167,7.5375,4.2917
Solling (upland forest),2025-04-26,0.0,3.33,0.3381,0.3302,0.2945,0.384,9.4708,8.7458,7.5125,4.3417
Solling (upland forest),2025-04-27,0.0,3.58,0.3211,0.3249,0.2935,0.3835,9.5292,9.025,7.5542,4.4
Solling (upland forest),2025-04-28,0.0,3.82,0.3082,0.3188,0.2925,0.383,10.7208,9.55,7.625,4.4917
Solling (upland forest),2025-04-29,0.0,3.81,0.2971,0.3122,0.2915,0.3825,11.9167,10.525,7.7792,4.5417
Solling (upland forest),2025-04-30,0.0,3.96,0.2871,0.306,0.2905,0.382,13.4583,11.6667,8.0792,4.6
Solling (upland forest),2025-05-01,0.0,4.22,0.2772,0.2992,0.289,0.3815,14.6125,12.675,8.4583,4.7
Solling (upland forest),2025-05-02,2.5,3.73,0.2786,0.2932,0.2875,0.381,15.425,13.7583,8.9083,4.775
Solling (upland forest),2025-05-03,5.7,1.73,0.3162,0.2918,0.287,0.3808,12.2042,12.5792,9.3042,4.8625
Solling (upland forest),2025-05-04,0.4,2.63,0.3242,0.2952,0.2865,0.38,9.7292,10.5375,9.3583,4.9542
Solling (upland forest),2025-05-05,1.4,2.23,0.3137,0.2947,0.2857,0.38,8.0125,8.7542,9.1625,5.0417
Solling (upland forest),2025-05-06,0.0,2.39,0.3043,0.2939,0.285,0.3793,8.8917,8.7417,8.8917,5.1167
Solling (upland forest),2025-05-07,0.1,2.82,0.293,0.2911,0.2844,0.379,9.5292,9.1875,8.725,5.2
Solling (upland forest),2025-05-08,0.0,2.89,0.2821,0.2875,0.2834,0.3785,8.5958,8.8583,8.6083,5.2833
Solling (upland forest),2025-05-09,0.0,2.97,0.2725,0.2838,0.2824,0.378,9.225,8.8042,8.4333,5.3333
Solling (upland forest),2025-05-10,0.0,4.07,0.2628,0.2789,0.281,0.3776,11.0292,9.6792,8.3958,5.4
Solling (upland forest),2025-05-11,0.0,4.32,0.2518,0.2736,0.2795,0.377,12.6042,11.1042,8.5292,5.4708
Solling (upland forest),2025-05-12,0.0,4.33,0.2415,0.2683,0.2781,0.3765,12.3792,11.6083,8.7542,5.5167
Solling (upland forest),2025-05-13,0.0,4.27,0.2323,0.2627,0.2765,0.376,11.8,11.1958,8.925,5.6
Solling (upland forest),2025-05-14,0.0,4.6,0.224,0.2575,0.2751,0.3755,12.6667,11.4542,9.05,5.6708
Solling (upland forest),2025-05-15,0.0,3.93,0.2165,0.2525,0.2736,0.375,12.0208,11.7542,9.2417,5.7292
Solling (upland forest),2025-05-16,0.5,3.32,0.2126,0.2485,0.2725,0.3744,10.7167,10.6958,9.3,5.8
Solling (upland forest),2025-05-17,3.2,3.2,0.2216,0.2452,0.2715,0.374,11.0,10.5625,9.3,5.8917
Solling (upland forest),2025-05-18,1.6,2.83,0.263,0.2435,0.2705,0.3735,10.8917,10.6,9.3,5.95
Solling (upland forest),2025-05-19,0.3,2.73,0.2582,0.2425,0.2696,0.373,11.5375,10.7292,9.3,6.0
Solling (upland forest),2025-05-20,0.2,3.21,0.2501,0.241,0.2686,0.3726,13.8042,12.0542,9.3958,6.1
Solling (upland forest),2025-05-21,0.0,4.32,0.2392,0.2384,0.2675,0.372,13.2375,12.4292,9.6167,6.1542
Solling (upland forest),2025-05-22,0.3,3.45,0.2295,0.2355,0.2665,0.3717,10.95,11.5667,9.7417,6.2125
Solling (upland forest),2025-05-23,3.4,2.78,0.2375,0.2335,0.2655,0.371,9.3667,10.0125,9.7,6.3
Solling (upland forest),2025-05-24,1.4,2.8,0.2545,0.2325,0.2646,0.371,9.6583,9.5,9.5292,6.3708
Solling (upland forest),2025-05-25,9.8,1.7,0.3259,0.2373,0.264,0.3701,11.2625,10.3875,9.4125,6.4083
Solling (upland forest),2025-05-26,1.0,3.42,0.3228,0.2478,0.2637,0.37,12.4333,11.3875,9.4458,6.5
Solling (upland forest),2025-05-27,4.4,2.42,0.3031,0.251,0.263,0.3696,12.1083,11.5958,9.5917,6.5458
Solling (upland forest),2025-05-28,9.7,1.96,0.36,0.2612,0.263,0.369,12.3167,11.775,9.7167,6.6
Solling (upland forest),2025-05-29,0.5,2.64,0.3432,0.2803,0.2625,0.369,11.8417,11.35,9.8,6.6875
Solling (upland forest),2025-05-30,0.1,3.73,0.3159,0.2825,0.262,0.3684,15.0208,12.8292,9.9125,6.7292
Solling (upland forest),2025-05-31,1.8,3.46,0.3021,0.2803,0.2613,0.368,16.2333,14.3667,10.2458,6.8
Solling (upland forest),2025-06-01,10.2,2.79,0.3478,0.284,0.261,0.3676,16.0458,14.9958,10.6708,6.8875
Solling (upland forest),2025-06-02,0.2,3.61,0.3431,0.2974,0.2605,0.367,14.5917,14.1833,10.9917,6.9583
Solling (upland forest),2025-06-03,0.2,4.19,0.3139,0.2956,0.2596,0.3668,14.425,13.5375,11.1375,7.0375
Solling (upland forest),2025-06-04,2.1,3.4,0.304,0.2914,0.259,0.366,15.6792,14.475,11.3333,7.1167
Solling (upland forest),2025-06-05,8.7,3.11,0.354,0.294,0.259,0.366,14.7458,14.3417,11.5375,7.2042
Solling (upland forest),2025-06-06,5.8,3.33,0.3705,0.3096,0.2588,0.3655,14.2792,13.8125,11.6417,7.3
Solling (upland forest),2025-06-07,6.8,2.64,0.369,0.3185,0.259,0.365,13.6958,13.5458,11.7,7.3917
Solling (upland forest),2025-06-08,7.0,2.75,0.3809,0.3332,0.259,0.365,12.3583,12.6958,11.7,7.475
Solling (upland forest),2025-06-09,2.1,3.38,0.3667,0.3398,0.26,0.3642,12.3417,12.0375,11.5417,7.5542
Solling (upland forest),2025-06-10,2.4,2.07,0.3561,0.338,0.2605,0.364,12.1417,12.1375,11.4417,7.6292
Solling (upland forest),2025-06-11,0.0,3.02,0.3456,0.3355,0.261,0.3638,12.7542,12.2375,11.3375,7.7
Solling (upland forest),2025-06-12,0.0,4.98,0.3248,0.3277,0.2612,0.363,14.4333,12.9667,11.3208,7.7917
Solling (upland forest),2025-06-13,0.0,5.69,0.3035,0.3174,0.2605,0.3627,17.1792,14.9792,11.5083,7.8542
Solling (upland forest),2025-06-14,0.3,5.81,0.2847,0.3066,0.2595,0.362,19.6792,16.9375,11.9292,7.925
Solling (upland forest),2025-06-15,4.9,2.25,0.2971,0.2994,0.259,0.362,17.5667,17.425,12.4833,8.0125
Solling (upland forest),2025-06-16,0.7,2.83,0.3134,0.2975,0.259,0.3612,15.3708,15.3375,12.7375,8.1083
Solling (upland forest),2025-06-17,0.0,4.83,0.2975,0.293,0.2585,0.361,17.0833,15.3625,12.825,8.2
Solling (upland forest),2025-06-18,0.0,4.87,0.2783,0.2859,0.2574,0.3605,18.4,16.7917,13.0417,8.3
Solling (upland forest),2025-06-19,0.0,4.27,0.2623,0.2791,0.2564,0.36,16.6708,16.5417,13.3042,8.3917
Solling (upland forest),2025-06-20,0.0,4.81,0.2494,0.2725,0.2552,0.3595,15.9125,15.3958,13.4,8.4917
Solling (upland forest),2025-06-21,0.0,5.47,0.2364,0.2655,0.254,0.359,17.675,16.0375,13.425,8.5917
Solling (upland forest),2025-06-22,0.0,6.49,0.223,0.258,0.2525,0.3584,19.9583,17.475,13.6083,8.6875
Solling (upland forest),2025-06-23,1.0,4.46,0.2164,0.2519,0.2514,0.358,18.35,18.2042,13.9625,8.7875
Solling (upland forest),2025-06-24,0.1,4.42,0.2123,0.2471,0.2505,0.3574,17.0458,16.5917,14.1042,8.8917
Solling (upland forest),2025-06-25,0.0,5.14,0.2051,0.2425,0.2495,0.357,19.5167,17.4583,14.225,8.9917
Solling (upland forest),2025-06-26,10.8,3.51,0.2482,0.2385,0.2485,0.3565,18.7833,17.9625,14.4167,9.1042
Solling (upland forest),2025-06-27,4.6,2.18,0.3272,0.2434,0.248,0.356,16.5125,16.875,14.5417,9.2083
Solling (upland forest),2025-06-28,0.0,4.18,0.3081,0.2496,0.2476,0.356,18.5833,16.8708,14.5208,9.3125
Solling (upland forest),2025-06-29,0.3,4.48,0.2823,0.2489,0.2466,0.3552,19.7833,18.2,14.6667,9.4167
Solling (upland forest),2025-06-30,0.0,5.49,0.2611,0.2455,0.2456,0.355,19.6208,18.4667,14.8708,9.5208
Solling (upland forest),2025-07-01,0.0,5.83,0.2402,0.2405,0.2445,0.3542,21.3083,19.1125,15.075,9.6292
Solling (upland forest),2025-07-02,0.1,6.46,0.2231,0.2355,0.2431,0.3538,23.8375,20.8583,15.425,9.7417
Solling (upland forest),2025-07-03,4.0,4.15,0.2471,0.2318,0.242,0.353,19.5625,20.3792,15.85,9.8542
Solling (upland forest),2025-07-04,0.0,4.36,0.2398,0.2288,0.2414,0.3529,18.1625,18.1208,15.925,9.9708
Solling (upland forest),2025-07-05,0.1,5.14,0.2253,0.2256,0.2404,0.352,18.175,17.6,15.8958,10.0833
Solling (upland forest),2025-07-06,3.8,2.84,0.2263,0.223,0.2395,0.352,16.8708,17.3833,15.8208,10.2
Solling (upland forest),2025-07-07,6.8,2.42,0.2686,0.2231,0.239,0.3516,15.7167,16.1792,15.6667,10.3083
Solling (upland forest),2025-07-08,0.5,3.52,0.2763,0.2244,0.239,0.351,14.8667,15.2333,15.4042,10.4125
Solling (upland forest),2025-07-09,2.0,3.34,0.2735,0.225,0.2385,0.351,15.6083,15.325,15.1542,10.5042
Solling (upland forest),2025-07-10,0.9,3.28,0.2635,0.2245,0.238,0.3504,16.0125,15.6167,14.9583,10.6
Solling (upland forest),2025-07-11,0.7,3.04,0.2611,0.2244,0.2376,0.35,16.3208,15.9042,14.8542,10.6875
Solling (upland forest),2025-07-12,3.9,2.27,0.2601,0.224,0.237,0.35,16.0208,15.8875,14.8,10.7625
Solling (upland forest),2025-07-13,1.5,2.85,0.2902,0.2258,0.237,0.3494,17.0875,16.2042,14.7458,10.8333
Solling (upland forest),2025-07-14,4.2,3.88,0.2817,0.2268,0.2365,0.349,18.2042,16.9542,14.8,10.9
Solling (upland forest),2025-07-15,6.7,2.97,0.343,0.2361,0.236,0.349,16.6458,16.8542,14.9,11.0
Solling (upland forest),2025-07-16,12.2,1.97,0.3695,0.262,0.236,0.3481,14.4667,15.3083,14.8458,11.0708
Solling (upland forest),2025-07-17,0.9,1.63,0.3508,0.2906,0.2361,0.348,14.4708,14.5125,14.6583,11.1292
Solling (upland forest),2025-07-18,0.9,1.96,0.333,0.2952,0.237,0.348,16.0583,15.3,14.5125,11.2
Solling (upland forest),2025-07-19,0.0,5.09,0.3128,0.2937,0.2366,0.3475,18.7125,16.6292,14.525,11.275
Solling (upland forest),2025-07-20,4.8,4.17,0.3011,0.2884,0.2363,0.347,20.4542,18.6958,14.8,11.325
Solling (upland forest),2025-07-21,4.6,2.44,0.3411,0.2888,0.236,0.347,18.2917,18.3375,15.1333,11.4
Solling (upland forest),2025-07-22,5.3,2.97,0.357,0.2966,0.2363,0.3465,16.8042,16.9417,15.3,11.4875
Solling (upland forest),2025-07-23,1.6,2.69,0.3437,0.303,0.237,0.346,16.6292,16.3917,15.2583,11.55
Solling (upland forest),2025-07-24,0.1,3.23,0.3216,0.3023,0.237,0.346,17.225,16.5833,15.2125,11.6125
Solling (upland forest),2025-07-25,6.5,2.89,0.3272,0.2994,0.237,0.3456,17.2708,16.7667,15.25,11.7
Solling (upland forest),2025-07-26,0.2,3.4,0.3387,0.302,0.237,0.345,17.8208,17.15,15.3083,11.7667
Solling (upland forest),2025-07-27,8.3,1.99,0.3518,0.3039,0.2372,0.345,16.4125,16.7333,15.4,11.8208
Solling (upland forest),2025-07-28,2.3,2.65,0.3543,0.3129,0.238,0.345,15.5417,15.7417,15.3125,11.9
Solling (upland forest),2025-07-29,0.8,2.89,0.3397,0.3141,0.238,0.3443,15.0958,15.2792,15.15,11.9708
Solling (upland forest),2025-07-30,1.8,3.01,0.3295,0.3116,0.239,0.344,14.5583,14.7875,14.9917,12.0042
Solling (upland forest),2025-07-31,1.7,2.64,0.328,0.3094,0.239,0.344,14.8125,14.7125,14.8333,12.1
Solling (upland forest),2025-08-01,5.4,2.05,0.3438,0.309,0.2396,0.344,14.95,15.0042,14.7167,12.1167
Solling (upland forest),2025-08-02,2.4,2.58,0.348,0.3133,0.24,0.343,15.0875,14.9,14.6167,12.2
Solling (upland forest),2025-08-03,5.5,1.67,0.3502,0.3152,0.2407,0.343,13.9542,14.4083,14.5333,12.2
Solling (upland forest),2025-08-04,6.4,3.01,0.3819,0.3287,0.2412,0.343,15.775,14.8792,14.4042,12.3
Solling (upland forest),2025-08-05,3.9,3.1,0.3722,0.3368,0.2422,0.3429,16.0,15.7583,14.4417,12.3
Solling (upland forest),2025-08-06,0.0,3.09,0.3461,0.3354,0.243,0.342,14.7875,15.0208,14.5,12.3625
Solling (upland forest),2025-08-07,0.3,4.27,0.3275,0.3282,0.244,0.342,16.1667,15.1208,14.4167,12.4
Solling (upland forest),2025-08-08,0.6,3.22,0.3195,0.3208,0.244,0.342,17.1208,16.3292,14.525,12.4167
Solling (upland forest),2025-08-09,0.0,4.17,0.3071,0.3141,0.244,0.3413,18.55,17.1042,14.6833,12.5
Solling (upland forest),2025-08-10,0.0,3.88,0.2926,0.3065,0.244,0.341,17.8375,17.5542,14.9542,12.5
Solling (upland forest),2025-08-11,0.0,4.32,0.2802,0.299,0.244,0.341,17.9167,17.0917,15.125,12.5958
Solling (upland forest),2025-08-12,0.0,4.97,0.2676,0.2915,0.2435,0.3401,19.2,17.7708,15.2792,12.6
Solling (upland forest),2025-08-13,0.0,4.81,0.2554,0.2838,0.2426,0.34,21.2583,19.1708,15.575,12.7
Solling (upland forest),2025-08-14,0.1,4.69,0.2455,0.2768,0.2422,0.3396,22.8208,20.7167,16.0,12.7292
Solling (upland forest),2025-08-15,0.0,4.52,0.2373,0.2703,0.2415,0.339,22.0375,21.0125,16.4833,12.8
Solling (upland forest),2025-08-16,0.0,3.14,0.2302,0.2651,0.241,0.339,19.1,19.6583,16.8083,12.8917
Solling (upland forest),2025-08-17,0.4,1.42,0.229,0.2615,0.241,0.339,15.6042,17.1583,16.8208,12.9625
Solling (upland forest),2025-08-18,0.0,3.75,0.2275,0.258,0.2405,0.3383,16.9833,16.4292,16.575,13.0208
Solling (upland forest),2025-08-19,0.0,4.21,0.2199,0.2532,0.2397,0.338,18.3583,17.3167,16.45,13.1
Solling (upland forest),2025-08-20,0.0,3.48,0.2132,0.2487,0.2394,0.338,17.7708,17.7083,16.4708,13.1667
Solling (upland forest),2025-08-21,0.0,3.39,0.2076,0.2446,0.2386,0.3371,17.1125,17.3375,16.425,13.2125
Solling (upland forest),2025-08-22,0.9,2.43,0.208,0.2418,0.238,0.337,14.35,15.7875,16.3083,13.3
Solling (upland forest),2025-08-23,1.2,2.2,0.2142,0.2396,0.238,0.337,13.2958,14.475,16.0167,13.3333
Solling (upland forest),2025-08-24,0.2,2.24,0.216,0.2379,0.238,0.337,12.7417,13.6083,15.6333,13.4
Solling (upland forest),2025-08-25,0.0,3.13,0.2124,0.2354,0.2376,0.3361,13.5708,13.675,15.2833,13.4
Solling (upland forest),2025-08-26,0.0,4.06,0.2062,0.2325,0.237,0.336,16.05,14.8125,15.05,13.4917
Solling (upland forest),2025-08-27,5.1,3.44,0.2122,0.2293,0.2365,0.336,18.6083,16.9375,15.1208,13.5
Solling (upland forest),2025-08-28,7.9,1.58,0.3135,0.2312,0.236,0.3355,16.9958,17.1333,15.2958,13.5
Solling (upland forest),2025-08-29,1.2,2.79,0.323,0.2415,0.236,0.335,16.5792,16.4083,15.4,13.5833
Solling (upland forest),2025-08-30,0.7,2.87,0.3005,0.2458,0.236,0.335,16.225,16.1958,15.4,13.6
Solling (upland forest),2025-08-31,0.0,2.44,0.2842,0.247,0.236,0.335,16.2292,15.975,15.4,13.6
Solling (upland forest),2025-09-01,3.5,1.99,0.2901,0.2475,0.236,0.3349,15.6083,15.8375,15.4,13.6958
Solling (upland forest),2025-09-02,2.0,2.77,0.302,0.2495,0.2355,0.334,15.975,15.7958,15.3542,13.7
Solling (upland forest),2025-09-03,0.0,3.07,0.2957,0.2516,0.235,0.334,16.1292,15.725,15.3083,13.7
Solling (upland forest),2025-09-04,2.6,3.25,0.2815,0.2515,0.235,0.334,17.8083,16.825,15.35,13.7833
Solling (upland forest),2025-09-05,6.2,2.4,0.3458,0.2588,0.235,0.334,15.8917,16.4667,15.4958,13.8
Solling (upland forest),2025-09-06,0.0,2.79,0.316,0.2656,0.235,0.333,15.275,15.3583,15.425,13.8
Solling (upland forest),2025-09-07,0.0,3.63,0.2942,0.2658,0.2345,0.333,15.9333,15.6333,15.3583,13.8667
Solling (upland forest),2025-09-08,0.7,2.72,0.2786,0.2639,0.234,0.333,15.9583,15.7625,15.3167,13.9
Solling (upland forest),2025-09-09,2.1,2.16,0.2731,0.2619,0.234,0.3328,15.9583,15.9,15.3,13.9
Solling (upland forest),2025-09-10,0.7,1.54,0.2842,0.261,0.234,0.332,14.6167,15.35,15.3,13.9042
Solling (upland forest),2025-09-11,3.7,1.67,0.2942,0.2612,0.234,0.332,13.4833,14.2458,15.1792,14.0
Solling (upland forest),2025-09-12,0.3,2.52,0.2976,0.2624,0.234,0.332,13.325,13.825,14.9708,14.0
Solling (upland forest),2025-09-13,7.9,2.09,0.3196,0.2641,0.234,0.332,12.7917,13.3583,14.7625,14.0
Solling (upland forest),2025-09-14,2.0,2.31,0.3451,0.2739,0.234,0.3319,13.1333,13.425,14.55,14.0
Solling (upland forest),2025-09-15,5.4,2.87,0.3572,0.2848,0.234,0.331,14.5625,14.1042,14.4167,14.0
Solling (upland forest),2025-09-16,2.6,2.42,0.34,0.2932,0.2342,0.331,13.1167,13.9458,14.3875,14.0
Solling (upland forest),2025-09-17,4.9,1.38,0.3438,0.2977,0.235,0.331,12.1833,12.8458,14.225,14.0
Solling (upland forest),2025-09-18,1.4,1.37,0.361,0.308,0.2352,0.331,13.8958,13.3375,14.0458,14.0
Solling (upland forest),2025-09-19,0.0,2.88,0.334,0.311,0.236,0.331,16.225,14.9667,14.05,14.0
Solling (upland forest),2025-09-20,0.2,3.29,0.3161,0.3076,0.236,0.3302,17.4,16.1458,14.2625,14.0
Solling (upland forest),2025-09-21,4.7,1.48,0.3251,0.3051,0.2367,0.33,15.1208,16.0917,14.5417,14.0125
Solling (upland forest),2025-09-22,0.0,1.77,0.3304,0.3063,0.237,0.33,11.9375,13.4375,14.525,14.1
Solling (upland forest),2025-09-23,0.0,1.9,0.3165,0.3049,0.2375,0.33,11.0375,12.0458,14.25,14.1
Solling (upland forest),2025-09-24,0.0,2.5,0.3058,0.302,0.238,0.33,10.5958,11.5167,13.925,14.1
Solling (upland forest),2025-09-25,3.3,1.47,0.3073,0.2994,0.238,0.3295,9.0167,10.7167,13.5917,14.1
Solling (upland forest),2025-09-26,1.6,1.32,0.316,0.2988,0.2389,0.329,10.1292,10.4542,13.2042,14.0125
Solling (upland forest),2025-09-27,0.5,0.91,0.321,0.299,0.239,0.329,11.25,11.2208,12.9417,14.0
Solling (upland forest),2025-09-28,0.1,1.42,0.3141,0.2986,0.2396,0.329,12.0667,11.9458,12.8208,14.0
Solling (upland forest),2025-09-29,3.0,1.04,0.3111,0.2976,0.24,0.329,11.6292,12.0875,12.8,14.0
Solling (upland forest),2025-09-30,1.3,1.69,0.333,0.2987,0.24,0.329,10.6042,11.4333,12.7208,13.9708
Solling (upland forest),2025-10-01,0.0,1.39,0.3185,0.2993,0.2408,0.329,8.2625,9.8292,12.5,13.9
Solling (upland forest),2025-10-02,0.0,1.54,0.3084,0.2981,0.241,0.328,8.2042,9.3167,12.1792,13.9
Solling (upland forest),2025-10-03,0.0,1.94,0.3003,0.296,0.241,0.328,8.1167,8.8458,11.8583,13.8833
Solling (upland forest),2025-10-04,12.5,1.06,0.355,0.3002,0.2415,0.328,8.8875,9.5208,11.6292,13.8
Solling (upland forest),2025-10-05,5.5,1.22,0.3713,0.3174,0.242,0.328,8.6625,9.2667,11.4375,13.8
Solling (upland forest),2025-10-06,0.4,0.57,0.3621,0.3271,0.2431,0.328,8.7833,9.2292,11.2542,13.7125
Solling (upland forest),2025-10-07,0.4,0.48,0.347,0.329,0.2442,0.328,10.5792,10.1417,11.1958,13.7
Solling (upland forest),2025-10-08,0.7,0.53,0.3434,0.329,0.2452,0.328,11.2208,11.0833,11.225,13.6167
Solling (upland forest),2025-10-09,1.6,0.96,0.3502,0.329,0.2462,0.3276,10.8875,11.05,11.3083,13.6
Solling (upland forest),2025-10-10,0.1,1.15,0.3401,0.3285,0.2472,0.327,11.3875,11.1583,11.4,13.5417
Solling (upland forest),2025-10-11,0.1,0.87,0.3337,0.3264,0.2481,0.327,11.325,11.4167,11.4875,13.5
Solling (upland forest),2025-10-12,0.4,0.72,0.3314,0.3244,0.249,0.327,10.7917,11.1083,11.5417,13.4917
Solling (upland forest),2025-10-13,0.3,0.83,0.3315,0.3226,0.2499,0.327,11.0375,11.1583,11.6,13.4
Solling (upland forest),2025-10-14,0.6,0.46,0.3296,0.3213,0.2506,0.327,9.8,10.4542,11.5667,13.4
Solling (upland forest),2025-10-15,0.8,0.71,0.3307,0.3203,0.2513,0.327,10.3167,10.5042,11.5,13.3708
Solling (upland forest),2025-10-16,1.7,0.54,0.3353,0.32,0.252,0.327,9.5958,10.2417,11.4417,13.3
Solling (upland forest),2025-10-17,1.7,0.88,0.3416,0.3202,0.253,0.327,9.1958,9.8583,11.3417,13.3
Solling (upland forest),2025-10-18,0.0,1.15,0.337,0.3207,0.2536,0.3266,7.175,8.8083,11.1792,13.2375
Solling (upland forest),2025-10-19,0.0,1.5,0.3265,0.3192,0.254,0.326,6.6542,7.6458,10.8583,13.2
Solling (upland forest),2025-10-20,1.7,0.87,0.326,0.3174,0.2548,0.326,8.3458,8.3,10.5833,13.1583
Solling (upland forest),2025-10-21,2.7,0.86,0.3425,0.3178,0.2553,0.326,9.3417,9.3875,10.5,13.1
Solling (upland forest),2025-10-22,1.4,0.82,0.3478,0.321,0.256,0.326,9.6292,9.7292,10.5,13.05
Solling (upland forest),2025-10-23,8.4,1.34,0.3793,0.3315,0.2568,0.326,10.0417,10.0292,10.525,13.0
Solling (upland forest),2025-10-24,1.4,1.38,0.3679,0.3434,0.2579,0.326,7.8333,9.1333,10.5458,12.9583
Solling (upland forest),2025-10-25,2.0,0.86,0.3598,0.3432,0.2593,0.326,7.1292,8.0917,10.3792,12.9
Solling (upland forest),2025-10-26,6.4,0.64,0.3831,0.3489,0.2605,0.326,5.1833,6.8875,10.1208,12.8583
Solling (upland forest),2025-10-27,8.2,0.68,0.4005,0.3669,0.2627,0.326,5.575,6.4042,9.7583,12.8
Solling (upland forest),2025-10-28,6.6,0.56,0.4015,0.3778,0.2658,0.3259,6.1833,6.6792,9.4667,12.725
Solling (upland forest),2025-10-29,0.1,1.04,0.3844,0.3805,0.2697,0.325,7.7917,7.5708,9.3042,12.675
Solling (upland forest),2025-10-30,6.9,0.94,0.4021,0.3851,0.2734,0.325,7.8875,8.375,9.3,12.6
Solling (upland forest),2025-10-31,0.0,0.94,0.3812,0.3808,0.2775,0.325,6.3417,7.1417,9.2333,12.5292
Solling (upland forest),2025-11-01,5.7,0.55,0.3899,0.3754,0.2805,0.325,8.0792,7.9167,9.1167,12.4792
Solling (upland forest),2025-11-02,3.4,0.58,0.3945,0.3802,0.2837,0.325,7.8708,8.2792,9.2,12.4
Solling (upland forest),2025-11-03,0.3,0.98,0.388,0.3798,0.287,0.325,7.3917,7.85,9.2,12.3333
Solling (upland forest),2025-11-04,0.0,1.06,0.3724,0.3734,0.2898,0.325,8.6875,8.5,9.2,12.2875
Solling (upland forest),2025-11-05,0.0,1.44,0.3629,0.3666,0.2918,0.325,8.1875,8.5417,9.225,12.2
Solling (upland forest),2025-11-06,0.0,0.9,0.3563,0.3605,0.2934,0.325,6.3583,7.5292,9.225,12.1583
Solling (upland forest),2025-11-07,0.0,0.62,0.352,0.3557,0.2947,0.325,5.1792,6.3708,9.0375,12.1
Solling (upland forest),2025-11-08,1.7,0.31,0.354,0.3521,0.2958,0.325,6.0708,6.475,8.8167,12.0208
Solling (upland forest),2025-11-09,1.4,0.31,0.3636,0.3511,0.2968,0.325,7.0125,7.2083,8.7,11.9708
Solling (upland forest),2025-11-10,0.0,0.51,0.3605,0.3517,0.2979,0.325,6.4625,7.0958,8.6458,11.9
Solling (upland forest),2025-11-11,1.9,0.56,0.3631,0.3511,0.2989,0.325,6.6875,7.0375,8.6,11.825
Solling (upland forest),2025-11-12,0.0,0.93,0.3543,0.3503,0.2999,0.325,6.8708,7.1292,8.5167,11.775
Solling (upland forest),2025-11-13,0.1,1.16,0.347,0.3477,0.3007,0.325,8.6042,8.0125,8.5333,11.7
Solling (upland forest),2025-11-14,0.3,0.81,0.3433,0.3448,0.3011,0.325,8.9208,8.8083,8.7,11.6292
Solling (upland forest),2025-11-15,8.7,0.22,0.3888,0.3508,0.302,0.325,7.375,8.2042,8.8,11.6
Solling (upland forest),2025-11-16,4.6,0.18,0.396,0.366,0.3034,0.3242,7.025,7.7042,8.8,11.5042
Solling (upland forest),2025-11-17,2.9,0.27,0.3978,0.3773,0.3054,0.324,3.3708,5.6583,8.6667,11.4833
Solling (upland forest),2025-11-18,3.5,0.36,0.3909,0.3798,0.308,0.324,1.7083,3.5958,8.2042,11.4
Solling (upland forest),2025-11-19,4.0,0.38,0.3961,0.3819,0.3107,0.324,1.6875,3.1542,7.675,11.3333
Solling (upland forest),2025-11-20,3.9,0.35,0.3988,0.3874,0.3137,0.324,1.0708,2.7792,7.1917,11.2583
Solling (upland forest),2025-11-21,0.0,0.37,0.3813,0.3828,0.3168,0.324,-0.7708,1.4292,6.6667,11.175
Solling (upland forest),2025-11-22,0.0,0.53,0.3729,0.3765,0.319,0.324,-1.25,0.575,6.075,11.075
Solling (upland forest),2025-11-23,1.5,0.94,0.3665,0.3713,0.3208,0.324,-1.4,0.2417,5.5125,10.9625
Solling (upland forest),2025-11-24,1.8,0.24,0.3705,0.3673,0.3223,0.324,-0.4417,0.425,5.0375,10.85
Solling (upland forest),2025-11-25,2.0,0.2,0.3899,0.3708,0.3235,0.324,1.3042,1.6125,4.7458,10.7292
Solling (upland forest),2025-11-26,0.3,0.25,0.3816,0.3738,0.3252,0.324,0.9167,2.0167,4.65,10.6042
Solling (upland forest),2025-11-27,1.5,0.46,0.3776,0.3719,0.3267,0.324,0.65,1.3583,4.5042,10.475
Solling (upland forest),2025-11-28,2.0,0.25,0.3864,0.373,0.3282,0.324,2.725,2.5667,4.4167,10.3542
Solling (upland forest),2025-11-29,0.0,0.28,0.3846,0.3758,0.3298,0.324,3.9625,3.6708,4.5417,10.2375
Solling (upland forest),2025-11-30,0.6,0.46,0.3775,0.3744,0.3315,0.324,4.5875,4.5292,4.7708,10.125
Solling (upland forest),2025-12-01,0.0,0.63,0.3696,0.3715,0.3328,0.324,2.75,3.8125,4.9583,10.0125
Solling (upland forest),2025-12-02,0.2,0.54,0.3638,0.368,0.3339,0.324,1.9333,2.6292,4.9333,9.9125
Solling (upland forest),2025-12-03,0.1,0.44,0.3611,0.3649,0.3348,0.3246,2.7375,3.2625,4.9,9.8083
Solling (upland forest),2025-12-04,0.3,0.36,0.359,0.3622,0.3355,0.325,0.8375,2.3125,4.85,9.7042
Solling (upland forest),2025-12-05,0.0,0.24,0.3562,0.36,0.336,0.325,0.0,1.125,4.625,9.6042
Solling (upland forest),2025-12-06,6.3,0.38,0.3754,0.36,0.3369,0.325,1.8958,1.9708,4.425,9.4958
Solling (upland forest),2025-12-07,8.9,0.33,0.3999,0.3743,0.3375,0.325,4.5958,3.7167,4.4417,9.3917
Solling (upland forest),2025-12-08,3.5,0.35,0.4022,0.3945,0.34,0.325,7.3292,5.8708,4.75,9.2958
Solling (upland forest),2025-12-09,1.4,0.38,0.4027,0.3961,0.3434,0.325,7.5125,7.0083,5.2458,9.2
Solling (upland forest),2025-12-10,1.8,0.37,0.3925,0.3917,0.3462,0.325,7.0292,6.7,5.6625,9.1208
Solling (upland forest),2025-12-11,0.0,0.35,0.3866,0.3881,0.3486,0.325,5.4833,6.1875,5.9542,9.0667
Solling (upland forest),2025-12-12,0.0,0.29,0.3776,0.3833,0.3504,0.325,4.5625,5.0542,6.0,9.0
Solling (upland forest),2025-12-13,0.1,0.19,0.3728,0.3788,0.3516,0.325,4.9167,5.1083,6.0167,8.925
Solling (upland forest),2025-12-14,0.0,0.27,0.3694,0.3753,0.3526,0.325,4.3458,4.9458,6.05,8.8917
Solling (upland forest),2025-12-15,0.0,0.49,0.3654,0.372,0.353,0.3258,3.8833,4.5333,6.0,8.8
Solling (upland forest),2025-12-16,0.0,0.61,0.3615,0.369,0.3539,0.326,2.8292,3.8542,5.8708,8.7583
Solling (upland forest),2025-12-17,0.0,0.45,0.3586,0.3661,0.354,0.326,2.7458,3.3292,5.6708,8.7
Solling (upland forest),2025-12-18,0.0,0.65,0.3562,0.3637,0.354,0.326,4.8208,4.4792,5.6,8.6167
Solling (upland forest),2025-12-19,1.3,0.67,0.3573,0.3615,0.354,0.326,5.7667,5.3542,5.6333,8.575
Solling (upland forest),2025-12-20,0.0,0.18,0.3611,0.361,0.354,0.326,4.4333,5.0917,5.7208,8.5
Solling (upland forest),2025-12-21,0.0,0.33,0.3579,0.3605,0.354,0.326,4.0917,4.7458,5.7875,8.4458
Solling (upland forest),2025-12-22,0.0,0.41,0.3547,0.3594,0.354,0.3269,3.1333,3.9583,5.675,8.4
Solling (upland forest),2025-12-23,0.0,0.41,0.3523,0.3579,0.354,0.327,2.0375,3.3208,5.5292,8.3208
Solling (upland forest),2025-12-24,0.0,0.61,0.3496,0.3565,0.354,0.327,-0.3833,1.7292,5.2458,8.2833
Solling (upland forest),2025-12-25,0.0,0.57,0.3476,0.355,0.354,0.327,-1.9083,0.0417,4.7583,8.2
Solling (upland forest),2025-12-26,0.0,0.29,0.347,0.3537,0.354,0.327,-2.4667,-0.6667,4.1917,8.1208
Solling (upland forest),2025-12-27,0.0,0.23,0.3465,0.3526,0.354,0.327,-2.5208,-0.875,3.6708,8.0375
Solling (upland forest),2025-12-28,0.0,0.16,0.3462,0.3517,0.3533,0.327,-1.9542,-0.9,3.2333,7.9417
Solling (upland forest),2025-12-29,0.8,0.15,0.3467,0.3509,0.353,0.3279,-1.8667,-0.9,2.8667,7.8375
Solling (upland forest),2025-12-30,0.1,0.32,0.3466,0.35,0.353,0.328,-1.7875,-0.9,2.5833,7.7333
Solling (upland forest),2025-12-31,4.9,0.19,0.3545,0.35,0.353,0.328,-2.1542,-0.95,2.3292,7.625
Hannover centre (urban),2025-01-01,3.4,1.16,0.373,0.3767,0.3867,0.354,5.4125,4.8292,5.9333,10.0417
Hannover centre (urban),2025-01-02,4.2,0.42,0.4028,0.3881,0.386,0.354,4.05,5.0667,6.05,9.9583
Hannover centre (urban),2025-01-03,1.7,0.39,0.387,0.3901,0.386,0.3549,1.8417,3.4167,5.9625,9.875
Hannover centre (urban),2025-01-04,0.0,0.29,0.3813,0.388,0.386,0.355,0.6333,2.1417,5.6792,9.7875
Hannover centre (urban),2025-01-05,14.7,0.3,0.3976,0.3943,0.3861,0.3555,1.4333,1.9208,5.3375,9.6958
Hannover centre (urban),2025-01-06,3.8,1.31,0.4217,0.4246,0.3924,0.356,6.6083,5.0708,5.2708,9.6
Hannover centre (urban),2025-01-07,2.7,0.68,0.4045,0.4121,0.3973,0.3567,4.3708,5.3208,5.5458,9.5
Hannover centre (urban),2025-01-08,0.8,0.54,0.3954,0.4054,0.3983,0.3575,2.6917,3.8042,5.5875,9.4167
Hannover centre (urban),2025-01-09,10.8,0.14,0.3933,0.4001,0.3982,0.3582,1.6875,2.875,5.4375,9.3333
Hannover centre (urban),2025-01-10,2.1,0.34,0.4,0.399,0.398,0.359,1.2875,2.3292,5.2,9.2458
Hannover centre (urban),2025-01-11,0.0,0.38,0.3959,0.4002,0.398,0.3599,0.5375,1.8125,4.9542,9.1583
Hannover centre (urban),2025-01-12,0.0,0.36,0.387,0.3967,0.3973,0.3606,0.0792,1.3292,4.6625,9.0625
Hannover centre (urban),2025-01-13,0.0,0.21,0.3816,0.3922,0.3969,0.3612,-0.7417,0.7583,4.35,8.9625
Hannover centre (urban),2025-01-14,0.1,0.65,0.3788,0.388,0.396,0.362,-0.8042,0.5208,4.0292,8.8583
Hannover centre (urban),2025-01-15,0.2,0.14,0.3966,0.3884,0.3953,0.3627,0.6958,0.6125,3.7625,8.75
Hannover centre (urban),2025-01-16,0.0,0.24,0.3941,0.3917,0.395,0.363,1.7125,1.7792,3.6,8.6417
Hannover centre (urban),2025-01-17,0.0,0.32,0.3862,0.3911,0.3942,0.364,0.1125,1.2458,3.5917,8.5292
Hannover centre (urban),2025-01-18,0.0,0.27,0.3805,0.3883,0.394,0.3643,-0.1833,0.8125,3.4542,8.425
Hannover centre (urban),2025-01-19,0.0,0.34,0.3774,0.3852,0.393,0.365,-0.1708,0.7,3.3208,8.3167
Hannover centre (urban),2025-01-20,0.0,0.23,0.3744,0.3822,0.3926,0.3653,-0.4167,0.6208,3.1708,8.2042
Hannover centre (urban),2025-01-21,0.0,0.42,0.3722,0.3793,0.392,0.366,-0.4542,0.5167,3.05,8.0875
Hannover centre (urban),2025-01-22,0.3,0.74,0.3713,0.3769,0.391,0.3662,-0.375,0.4333,2.9333,7.975
Hannover centre (urban),2025-01-23,6.3,0.48,0.4048,0.3875,0.391,0.367,1.3708,0.7125,2.8208,7.8667
Hannover centre (urban),2025-01-24,2.9,0.64,0.3986,0.395,0.391,0.367,3.6417,2.4208,2.8833,7.7583
Hannover centre (urban),2025-01-25,3.8,0.48,0.4059,0.4007,0.391,0.3678,5.7125,4.7,3.2667,7.6542
Hannover centre (urban),2025-01-26,14.0,0.24,0.421,0.424,0.3971,0.368,3.75,4.2042,3.6917,7.5667
Hannover centre (urban),2025-01-27,5.1,0.9,0.4096,0.4147,0.4027,0.369,5.6708,4.575,3.9542,7.4958
Hannover centre (urban),2025-01-28,0.1,0.73,0.3998,0.4091,0.404,0.3698,5.425,5.2375,4.3125,7.4
Hannover centre (urban),2025-01-29,3.2,0.71,0.4022,0.4048,0.404,0.3707,5.4958,5.2708,4.6042,7.3458
Hannover centre (urban),2025-01-30,6.3,0.36,0.409,0.406,0.403,0.3715,5.0375,5.1375,4.8417,7.3
Hannover centre (urban),2025-01-31,0.0,0.52,0.4044,0.4122,0.4042,0.3724,3.0792,4.0833,4.9,7.2208
Hannover centre (urban),2025-02-01,0.0,0.43,0.3918,0.4045,0.4044,0.3733,1.5458,2.7333,4.8125,7.2
Hannover centre (urban),2025-02-02,0.0,0.46,0.3854,0.3977,0.4037,0.374,1.0833,2.1167,4.5792,7.1167
Hannover centre (urban),2025-02-03,0.0,0.59,0.3803,0.3915,0.4028,0.375,-0.0458,1.2667,4.2792,7.0833
Hannover centre (urban),2025-02-04,0.0,0.69,0.3762,0.3862,0.4017,0.3757,-0.1458,0.8458,3.9417,7.0
Hannover centre (urban),2025-02-05,0.0,0.38,0.373,0.3818,0.4006,0.3762,1.1958,1.275,3.6583,6.9292
Hannover centre (urban),2025-02-06,0.3,0.32,0.3706,0.3781,0.3995,0.377,2.8042,2.5667,3.6,6.8667
Hannover centre (urban),2025-02-07,0.1,0.58,0.3681,0.375,0.3983,0.3774,2.3792,2.8333,3.6333,6.8
Hannover centre (urban),2025-02-08,0.0,0.88,0.3638,0.3716,0.3968,0.378,2.2708,2.5708,3.6583,6.7083
Hannover centre (urban),2025-02-09,0.0,0.71,0.3602,0.3682,0.3955,0.3781,1.4958,2.2542,3.6333,6.6542
Hannover centre (urban),2025-02-10,0.1,0.68,0.3576,0.3654,0.3943,0.379,1.1708,1.8417,3.55,6.6
Hannover centre (urban),2025-02-11,2.8,0.86,0.3567,0.3631,0.3929,0.379,1.1083,1.7083,3.45,6.5042
Hannover centre (urban),2025-02-12,2.1,0.58,0.3549,0.3613,0.3917,0.379,1.0375,1.6583,3.35,6.45
Hannover centre (urban),2025-02-13,2.4,0.53,0.3529,0.3595,0.3905,0.3799,0.425,1.2667,3.2458,6.3958
Hannover centre (urban),2025-02-14,0.6,0.48,0.3534,0.358,0.3894,0.38,0.55,1.1417,3.1042,6.3
Hannover centre (urban),2025-02-15,0.2,0.54,0.3571,0.357,0.3883,0.38,0.1292,0.9125,2.9625,6.2333
Hannover centre (urban),2025-02-16,0.0,0.64,0.3565,0.357,0.3872,0.38,-0.3208,0.7,2.8333,6.1708
Hannover centre (urban),2025-02-17,0.0,0.78,0.3532,0.3569,0.3863,0.38,-0.5583,0.5333,2.6667,6.1
Hannover centre (urban),2025-02-18,0.0,1.1,0.3515,0.356,0.3854,0.38,-0.675,0.4083,2.5333,6.0042
Hannover centre (urban),2025-02-19,0.0,1.51,0.35,0.3552,0.3846,0.38,-0.7542,0.2833,2.3792,5.9333
Hannover centre (urban),2025-02-20,0.0,1.26,0.357,0.3549,0.3837,0.3807,-0.15,0.2167,2.25,5.8583
Hannover centre (urban),2025-02-21,0.5,1.14,0.3787,0.3588,0.3829,0.381,4.3708,1.2792,2.2042,5.7833
Hannover centre (urban),2025-02-22,0.4,1.39,0.3721,0.3629,0.382,0.381,6.1708,4.2042,2.4625,5.7
Hannover centre (urban),2025-02-23,0.2,0.85,0.3667,0.3638,0.3813,0.381,7.175,6.1458,3.0625,5.6292
Hannover centre (urban),2025-02-24,2.0,1.27,0.3614,0.3626,0.3806,0.381,6.9708,5.8625,3.6042,5.6
Hannover centre (urban),2025-02-25,0.4,0.94,0.3702,0.3633,0.38,0.381,7.85,6.8667,4.1208,5.5542
Hannover centre (urban),2025-02-26,4.0,0.6,0.3778,0.3658,0.3793,0.381,5.8417,6.1625,4.5542,5.5
Hannover centre (urban),2025-02-27,3.8,0.89,0.3811,0.3696,0.379,0.381,4.7958,5.0417,4.7292,5.5
Hannover centre (urban),2025-02-28,1.5,0.65,0.3825,0.3737,0.379,0.381,3.8667,4.2667,4.7542,5.5
Hannover centre (urban),2025-03-01,0.8,0.71,0.3768,0.375,0.3785,0.381,4.1958,4.4292,4.7,5.5
Hannover centre (urban),2025-03-02,0.0,0.96,0.3694,0.3741,0.378,0.3806,3.1625,3.6917,4.65,5.4917
Hannover centre (urban),2025-03-03,0.0,1.35,0.3628,0.371,0.3776,0.38,2.325,3.05,4.525,5.4
Hannover centre (urban),2025-03-04,0.0,1.47,0.358,0.3675,0.377,0.38,2.2292,2.7417,4.3333,5.4
Hannover centre (urban),2025-03-05,0.0,1.9,0.3532,0.3634,0.3762,0.38,3.3917,3.125,4.1458,5.4
Hannover centre (urban),2025-03-06,0.0,2.04,0.3485,0.3592,0.3754,0.38,4.9292,4.15,4.1458,5.4
Hannover centre (urban),2025-03-07,0.0,1.93,0.3439,0.3552,0.3743,0.38,6.8375,5.775,4.3458,5.3
Hannover centre (urban),2025-03-08,0.0,2.05,0.3397,0.3512,0.3729,0.38,6.9292,6.2208,4.6417,5.3
Hannover centre (urban),2025-03-09,0.0,1.82,0.3359,0.3475,0.3716,0.38,6.7708,6.4792,4.9292,5.3
Hannover centre (urban),2025-03-10,0.0,1.65,0.3329,0.3442,0.3705,0.38,5.9708,5.9208,5.125,5.3
Hannover centre (urban),2025-03-11,0.0,0.95,0.3315,0.3416,0.3695,0.38,5.25,5.5,5.2083,5.3
Hannover centre (urban),2025-03-12,0.0,1.04,0.33,0.3398,0.3684,0.38,5.0417,5.3958,5.2917,5.3
Hannover centre (urban),2025-03-13,0.0,1.19,0.3281,0.3378,0.3674,0.38,3.1458,4.025,5.1708,5.3
Hannover centre (urban),2025-03-14,0.2,1.33,0.3263,0.3358,0.3661,0.38,2.9375,3.575,4.975,5.3
Hannover centre (urban),2025-03-15,0.0,1.31,0.325,0.3338,0.3647,0.38,3.4708,3.6583,4.8167,5.3
Hannover centre (urban),2025-03-16,0.0,1.61,0.322,0.3319,0.3635,0.38,3.4083,3.5833,4.6417,5.3
Hannover centre (urban),2025-03-17,0.0,1.83,0.3183,0.329,0.3622,0.38,4.0333,4.3,4.6,5.3
Hannover centre (urban),2025-03-18,0.0,1.94,0.3141,0.3264,0.3605,0.379,2.3125,3.1375,4.5167,5.2
Hannover centre (urban),2025-03-19,0.0,2.18,0.3104,0.3235,0.3591,0.379,3.1292,3.0625,4.3333,5.2
Hannover centre (urban),2025-03-20,0.0,2.37,0.3066,0.3206,0.3575,0.379,6.1833,4.7083,4.3083,5.2
Hannover centre (urban),2025-03-21,0.0,3.0,0.3018,0.3173,0.3556,0.379,8.2458,6.575,4.5542,5.2
Hannover centre (urban),2025-03-22,0.0,3.39,0.2953,0.3132,0.3538,0.379,9.4,8.075,4.9958,5.2
Hannover centre (urban),2025-03-23,0.0,2.19,0.2901,0.3096,0.3518,0.379,9.6417,8.5958,5.475,5.2
Hannover centre (urban),2025-03-24,1.3,1.86,0.2908,0.3072,0.3504,0.379,9.1167,8.2583,5.8542,5.2
Hannover centre (urban),2025-03-25,0.1,0.99,0.2937,0.306,0.3488,0.3784,7.7375,7.9083,6.15,5.2
Hannover centre (urban),2025-03-26,1.2,1.13,0.2997,0.3056,0.3476,0.378,7.8,7.5417,6.3208,5.2
Hannover centre (urban),2025-03-27,0.0,1.92,0.2968,0.305,0.3465,0.378,7.4458,7.2583,6.4,5.2708
Hannover centre (urban),2025-03-28,0.0,2.54,0.2919,0.3026,0.3445,0.378,7.8542,7.1917,6.4208,5.3
Hannover centre (urban),2025-03-29,0.0,2.2,0.2864,0.3001,0.3428,0.378,8.5917,8.0917,6.55,5.3
Hannover centre (urban),2025-03-30,5.6,1.67,0.3126,0.2994,0.3415,0.378,7.1167,7.2708,6.6708,5.3
Hannover centre (urban),2025-03-31,0.2,1.71,0.3285,0.3028,0.3404,0.378,7.7917,7.5083,6.7,5.3917
Hannover centre (urban),2025-04-01,0.0,2.27,0.3148,0.3035,0.3386,0.3771,7.425,7.1333,6.7,5.4
Hannover centre (urban),2025-04-02,0.0,2.84,0.3038,0.302,0.3372,0.377,8.8917,7.9125,6.7292,5.4
Hannover centre (urban),2025-04-03,0.0,3.02,0.2937,0.2995,0.3355,0.377,9.775,8.775,6.9,5.4417
Hannover centre (urban),2025-04-04,0.0,3.09,0.2852,0.2961,0.3335,0.377,10.7458,9.4958,7.1333,5.5
Hannover centre (urban),2025-04-05,0.1,2.84,0.2795,0.2928,0.3318,0.3767,9.2167,9.375,7.3875,5.5
Hannover centre (urban),2025-04-06,0.0,2.27,0.2744,0.29,0.3303,0.376,6.8167,7.8083,7.4417,5.5708
Hannover centre (urban),2025-04-07,0.0,2.66,0.2694,0.2875,0.3285,0.376,6.6458,6.7375,7.3083,5.6
Hannover centre (urban),2025-04-08,0.0,2.6,0.2647,0.2845,0.327,0.376,7.7083,7.2917,7.1667,5.6
Hannover centre (urban),2025-04-09,0.0,2.54,0.2605,0.2815,0.3254,0.376,8.2417,7.7458,7.1458,5.6958
Hannover centre (urban),2025-04-10,0.0,2.19,0.2569,0.279,0.3236,0.3753,9.2833,8.5667,7.225,5.7
Hannover centre (urban),2025-04-11,0.0,2.7,0.2531,0.2763,0.3222,0.375,10.2375,9.0833,7.3417,5.7
Hannover centre (urban),2025-04-12,0.0,3.46,0.2483,0.273,0.3204,0.375,12.125,10.2792,7.5792,5.7875
Hannover centre (urban),2025-04-13,2.9,2.43,0.2543,0.27,0.3186,0.375,12.6458,11.375,7.9417,5.8
Hannover centre (urban),2025-04-14,0.7,2.78,0.2699,0.2689,0.3175,0.3745,13.075,11.7417,8.3125,5.8625
Hannover centre (urban),2025-04-15,2.2,3.69,0.2684,0.2667,0.3157,0.374,14.625,12.5333,8.6792,5.9
Hannover centre (urban),2025-04-16,1.0,3.54,0.2777,0.265,0.3139,0.374,15.5542,13.7083,9.1333,5.9875
Hannover centre (urban),2025-04-17,3.6,1.23,0.2805,0.2645,0.3125,0.374,11.4583,12.3417,9.5292,6.0458
Hannover centre (urban),2025-04-18,6.2,0.66,0.3396,0.2704,0.312,0.3734,9.2042,10.1875,9.5708,6.1083
Hannover centre (urban),2025-04-19,1.0,1.46,0.3351,0.2799,0.3112,0.373,9.3125,9.3958,9.3958,6.2
Hannover centre (urban),2025-04-20,0.8,3.28,0.3142,0.2831,0.31,0.373,11.0333,9.7,9.225,6.2583
Hannover centre (urban),2025-04-21,4.9,2.99,0.3374,0.2852,0.3086,0.373,12.6708,11.4708,9.2708,6.3
Hannover centre (urban),2025-04-22,2.4,2.72,0.3353,0.2902,0.3076,0.3725,12.7292,11.9583,9.4667,6.4
Hannover centre (urban),2025-04-23,2.5,2.25,0.3259,0.2929,0.3067,0.372,12.3542,11.7208,9.6292,6.4458
Hannover centre (urban),2025-04-24,1.1,2.34,0.3269,0.2952,0.3059,0.372,12.4125,11.8875,9.7708,6.5
Hannover centre (urban),2025-04-25,0.0,2.17,0.313,0.2954,0.305,0.372,11.7792,11.5917,9.9,6.5958
Hannover centre (urban),2025-04-26,0.0,3.64,0.299,0.293,0.3037,0.3715,11.8792,11.275,9.9,6.6542
Hannover centre (urban),2025-04-27,0.0,3.9,0.2845,0.2885,0.3024,0.371,12.1875,11.5542,9.9292,6.7083
Hannover centre (urban),2025-04-28,0.0,4.08,0.2722,0.2835,0.3005,0.371,13.3583,12.05,10.025,6.8
Hannover centre (urban),2025-04-29,0.0,3.94,0.2615,0.2778,0.299,0.3705,14.4167,13.0167,10.1917,6.8583
Hannover centre (urban),2025-04-30,0.0,4.06,0.2521,0.2726,0.2975,0.37,15.8208,14.1125,10.4833,6.9208
Hannover centre (urban),2025-05-01,0.0,4.46,0.2427,0.2672,0.2955,0.37,16.95,14.8958,10.825,7.0
Hannover centre (urban),2025-05-02,3.8,4.29,0.2529,0.2618,0.2938,0.3694,18.2083,16.3083,11.275,7.0958
Hannover centre (urban),2025-05-03,0.0,3.13,0.2752,0.2593,0.2925,0.369,15.4458,15.3125,11.675,7.1833
Hannover centre (urban),2025-05-04,0.1,3.14,0.2627,0.2569,0.291,0.369,12.7542,13.5958,11.8,7.275
Hannover centre (urban),2025-05-05,0.8,2.81,0.256,0.2546,0.2896,0.3685,11.6417,11.9583,11.6792,7.3667
Hannover centre (urban),2025-05-06,0.0,2.61,0.2493,0.2521,0.2885,0.368,11.5917,11.6917,11.4875,7.4542
Hannover centre (urban),2025-05-07,0.1,3.3,0.242,0.2496,0.2875,0.368,12.5042,11.9375,11.325,7.5292
Hannover centre (urban),2025-05-08,0.0,3.37,0.233,0.2464,0.2859,0.3675,12.1375,12.0833,11.2292,7.6
Hannover centre (urban),2025-05-09,0.0,3.54,0.2253,0.243,0.2843,0.367,12.9458,12.125,11.1458,7.6958
Hannover centre (urban),2025-05-10,0.0,4.19,0.2168,0.239,0.2825,0.367,14.1375,12.8625,11.15,7.7542
Hannover centre (urban),2025-05-11,0.0,4.75,0.208,0.2344,0.2809,0.3663,15.7,14.125,11.2833,7.8125
Hannover centre (urban),2025-05-12,0.0,4.83,0.1996,0.23,0.2788,0.366,15.3833,14.5333,11.5167,7.9
Hannover centre (urban),2025-05-13,0.0,4.63,0.1922,0.2254,0.2769,0.3655,15.2708,14.3792,11.7125,7.9792
Hannover centre (urban),2025-05-14,0.0,4.85,0.1861,0.2211,0.2749,0.365,15.4792,14.4042,11.8333,8.05
Hannover centre (urban),2025-05-15,0.0,4.41,0.1805,0.217,0.2728,0.3648,14.8875,14.525,12.0042,8.1208
Hannover centre (urban),2025-05-16,0.9,3.55,0.1785,0.214,0.271,0.364,13.6792,13.6167,12.0625,8.2
Hannover centre (urban),2025-05-17,6.1,3.67,0.1889,0.2115,0.2695,0.364,13.9542,13.3833,12.0208,8.2958
Hannover centre (urban),2025-05-18,0.8,3.44,0.2295,0.21,0.2685,0.3635,14.2542,13.6375,12.0167,8.3625
Hannover centre (urban),2025-05-19,0.0,2.97,0.2213,0.2087,0.2674,0.363,15.0917,14.025,12.0875,8.425
Hannover centre (urban),2025-05-20,0.1,3.7,0.2139,0.2071,0.2659,0.363,17.05,15.1417,12.1875,8.5
Hannover centre (urban),2025-05-21,0.0,4.7,0.2049,0.205,0.2642,0.3623,16.0125,15.4125,12.4125,8.5958
Hannover centre (urban),2025-05-22,0.5,3.96,0.1992,0.2029,0.2626,0.362,13.6417,14.3583,12.5,8.6667
Hannover centre (urban),2025-05-23,3.2,3.1,0.2069,0.2015,0.2615,0.3617,12.2875,12.875,12.4458,8.7375
Hannover centre (urban),2025-05-24,0.4,3.42,0.2138,0.2005,0.2605,0.361,13.125,12.5917,12.3167,8.8
Hannover centre (urban),2025-05-25,12.3,1.88,0.2838,0.202,0.26,0.361,14.1208,13.4208,12.2,8.8917
Hannover centre (urban),2025-05-26,0.7,3.86,0.3078,0.2105,0.2595,0.3607,15.3375,14.2,12.2333,8.9458
Hannover centre (urban),2025-05-27,4.3,2.85,0.2896,0.2144,0.2585,0.36,14.9,14.4292,12.3458,9.0
Hannover centre (urban),2025-05-28,8.9,1.92,0.3425,0.2242,0.258,0.36,14.575,14.3375,12.4375,9.0958
Hannover centre (urban),2025-05-29,0.9,2.94,0.3276,0.2403,0.2576,0.36,14.2167,13.7458,12.4792,9.1458
Hannover centre (urban),2025-05-30,0.2,3.6,0.3024,0.2443,0.257,0.3591,17.25,15.1792,12.5417,9.2
Hannover centre (urban),2025-05-31,1.1,4.13,0.2802,0.2436,0.256,0.359,19.3,17.0042,12.825,9.3
Hannover centre (urban),2025-06-01,12.2,3.38,0.3606,0.255,0.2551,0.3588,18.9667,17.8292,13.25,9.3625
Hannover centre (urban),2025-06-02,0.1,3.89,0.3259,0.2672,0.2545,0.358,17.4917,17.1167,13.5958,9.4375
Hannover centre (urban),2025-06-03,0.0,4.42,0.2981,0.2662,0.2536,0.358,17.1292,16.2667,13.7542,9.5167
Hannover centre (urban),2025-06-04,1.5,4.16,0.2779,0.262,0.2526,0.3575,18.6792,17.2583,13.9542,9.6042
Hannover centre (urban),2025-06-05,8.3,3.33,0.295,0.2594,0.252,0.357,17.4792,17.1625,14.1583,9.7
Hannover centre (urban),2025-06-06,5.5,3.88,0.351,0.2683,0.2516,0.357,16.9917,16.475,14.3,9.7917
Hannover centre (urban),2025-06-07,4.4,3.24,0.3331,0.274,0.251,0.3565,16.5833,16.2917,14.3167,9.8792
Hannover centre (urban),2025-06-08,9.3,3.01,0.3607,0.2842,0.251,0.356,14.9708,15.4333,14.3167,9.9667
Hannover centre (urban),2025-06-09,1.7,3.51,0.3395,0.2925,0.2506,0.356,15.1167,14.7458,14.1875,10.05
Hannover centre (urban),2025-06-10,3.9,2.27,0.3374,0.2943,0.2508,0.3558,14.7375,14.8167,14.0875,10.125
Hannover centre (urban),2025-06-11,0.0,3.54,0.3286,0.2966,0.2505,0.355,15.6958,14.9917,14.0,10.2
Hannover centre (urban),2025-06-12,0.0,5.29,0.3027,0.2916,0.2496,0.355,16.9375,15.6167,13.9625,10.2958
Hannover centre (urban),2025-06-13,0.0,6.12,0.2785,0.2829,0.2486,0.3545,19.4,17.3708,14.125,10.3542
Hannover centre (urban),2025-06-14,0.0,6.08,0.257,0.2735,0.2475,0.354,21.6792,19.1,14.4667,10.4292
Hannover centre (urban),2025-06-15,5.2,2.74,0.2678,0.2666,0.2465,0.3539,19.8125,19.6,14.9417,10.5125
Hannover centre (urban),2025-06-16,0.4,3.12,0.2896,0.2649,0.2462,0.353,18.0125,17.7958,15.1833,10.6042
Hannover centre (urban),2025-06-17,0.0,5.06,0.2725,0.2609,0.2455,0.353,19.7083,17.9792,15.25,10.7
Hannover centre (urban),2025-06-18,0.0,4.73,0.2538,0.2546,0.2444,0.3525,20.3708,19.0417,15.4708,10.7917
Hannover centre (urban),2025-06-19,0.0,4.24,0.2394,0.249,0.2435,0.352,18.4375,18.5208,15.6792,10.8833
Hannover centre (urban),2025-06-20,0.0,4.9,0.2266,0.2431,0.2424,0.3518,18.2208,17.5875,15.7,10.9792
Hannover centre (urban),2025-06-21,0.0,5.7,0.2135,0.2365,0.2409,0.351,20.3542,18.4083,15.7333,11.0708
Hannover centre (urban),2025-06-22,0.4,6.67,0.2003,0.2288,0.2391,0.3507,22.8958,20.2333,15.975,11.1667
Hannover centre (urban),2025-06-23,1.1,4.45,0.2044,0.2234,0.238,0.35,20.3042,20.4792,16.3208,11.2625
Hannover centre (urban),2025-06-24,0.1,4.41,0.2074,0.2199,0.2373,0.35,19.1167,18.8167,16.4958,11.3625
Hannover centre (urban),2025-06-25,0.5,4.19,0.2041,0.2167,0.2365,0.3495,20.7042,19.2458,16.5167,11.4583
Hannover centre (urban),2025-06-26,6.5,3.63,0.2302,0.2144,0.236,0.349,20.6125,19.6208,16.6292,11.5583
Hannover centre (urban),2025-06-27,3.7,2.69,0.2832,0.2149,0.2355,0.349,18.8583,19.0333,16.7,11.6583
Hannover centre (urban),2025-06-28,0.0,3.93,0.2745,0.2165,0.235,0.3485,20.7,19.05,16.7208,11.7583
Hannover centre (urban),2025-06-29,0.3,4.52,0.2551,0.2156,0.2343,0.348,22.05,20.4708,16.8667,11.8542
Hannover centre (urban),2025-06-30,0.0,5.58,0.2357,0.2124,0.233,0.3478,21.2458,20.2792,17.0375,11.9542
Hannover centre (urban),2025-07-01,0.0,6.4,0.2151,0.2077,0.2315,0.347,23.8875,21.2417,17.2417,12.0542
Hannover centre (urban),2025-07-02,0.2,6.81,0.1975,0.2025,0.2298,0.3467,26.7167,23.4333,17.5833,12.1542
Hannover centre (urban),2025-07-03,4.4,3.91,0.2073,0.1991,0.2286,0.346,21.5083,22.6458,18.025,12.2625
Hannover centre (urban),2025-07-04,0.0,4.09,0.2004,0.1966,0.2276,0.346,20.2333,20.2375,18.1,12.375
Hannover centre (urban),2025-07-05,0.3,5.29,0.1919,0.194,0.2266,0.3454,20.5458,19.8917,18.0417,12.4833
Hannover centre (urban),2025-07-06,3.2,2.85,0.2007,0.1922,0.226,0.345,19.2875,19.6625,18.0,12.5917
Hannover centre (urban),2025-07-07,9.3,2.72,0.2594,0.1924,0.226,0.345,18.2458,18.6167,17.8792,12.6958
Hannover centre (urban),2025-07-08,0.9,3.91,0.2788,0.1959,0.2255,0.3444,17.6375,17.7708,17.675,12.7958
Hannover centre (urban),2025-07-09,1.0,3.97,0.2593,0.1971,0.225,0.344,18.7458,18.1417,17.4583,12.8917
Hannover centre (urban),2025-07-10,1.0,3.62,0.2445,0.1965,0.2244,0.344,18.725,18.3333,17.3375,12.975
Hannover centre (urban),2025-07-11,1.1,3.64,0.2387,0.196,0.2237,0.3432,19.4083,18.7167,17.3,13.0542
Hannover centre (urban),2025-07-12,3.8,2.29,0.2407,0.1958,0.223,0.343,18.5875,18.575,17.2458,13.1292
Hannover centre (urban),2025-07-13,0.4,3.2,0.2504,0.1961,0.223,0.343,19.65,18.7583,17.2,13.2
Hannover centre (urban),2025-07-14,5.8,4.21,0.2402,0.1955,0.2225,0.3424,21.175,19.5667,17.2333,13.3
Hannover centre (urban),2025-07-15,8.9,2.77,0.2947,0.1974,0.222,0.342,19.3,19.65,17.3792,13.3708
Hannover centre (urban),2025-07-16,6.9,2.45,0.3185,0.2069,0.222,0.342,17.6792,18.1958,17.35,13.4417
Hannover centre (urban),2025-07-17,1.2,1.62,0.3054,0.2156,0.222,0.3419,17.2167,17.3708,17.2167,13.5
Hannover centre (urban),2025-07-18,0.9,2.72,0.2921,0.2202,0.222,0.341,19.6333,18.3083,17.1,13.6
Hannover centre (urban),2025-07-19,0.0,4.97,0.2702,0.2205,0.2215,0.341,21.8083,19.8,17.15,13.6542
Hannover centre (urban),2025-07-20,5.2,4.44,0.2575,0.2183,0.2208,0.3407,23.3375,21.4542,17.4208,13.7083
Hannover centre (urban),2025-07-21,1.3,2.79,0.2771,0.218,0.2205,0.34,21.3958,21.2792,17.7292,13.8
Hannover centre (urban),2025-07-22,6.3,2.72,0.2977,0.22,0.22,0.34,19.2708,19.7167,17.9,13.8792
Hannover centre (urban),2025-07-23,1.9,3.67,0.2976,0.2246,0.22,0.34,19.6667,19.1542,17.85,13.9458
Hannover centre (urban),2025-07-24,0.0,3.09,0.276,0.2255,0.22,0.3393,19.8208,19.3083,17.8167,14.0083
Hannover centre (urban),2025-07-25,1.0,2.43,0.266,0.225,0.2197,0.339,19.6917,19.3208,17.8208,14.1
Hannover centre (urban),2025-07-26,0.1,3.24,0.2579,0.2242,0.2194,0.339,19.8208,19.2958,17.8167,14.1708
Hannover centre (urban),2025-07-27,7.4,2.07,0.2827,0.2244,0.219,0.339,18.8167,19.0958,17.825,14.225
Hannover centre (urban),2025-07-28,1.2,3.05,0.2899,0.2274,0.219,0.338,18.575,18.4667,17.7833,14.3
Hannover centre (urban),2025-07-29,0.5,3.37,0.2754,0.2278,0.219,0.338,18.2167,18.2625,17.7,14.375
Hannover centre (urban),2025-07-30,1.8,3.39,0.2663,0.227,0.219,0.338,17.7833,17.8958,17.5708,14.4125
Hannover centre (urban),2025-07-31,1.3,2.94,0.2653,0.2265,0.2185,0.3375,17.65,17.6167,17.4458,14.5
Hannover centre (urban),2025-08-01,3.5,2.61,0.2587,0.2255,0.218,0.337,18.025,17.8583,17.3417,14.5333
Hannover centre (urban),2025-08-02,1.3,2.93,0.2584,0.2246,0.218,0.337,18.0667,17.8542,17.3,14.6
Hannover centre (urban),2025-08-03,3.6,1.78,0.2679,0.225,0.218,0.337,16.7625,17.3292,17.2208,14.6417
Hannover centre (urban),2025-08-04,6.4,3.51,0.3241,0.2301,0.218,0.3365,18.7125,17.675,17.1,14.7
Hannover centre (urban),2025-08-05,2.1,3.86,0.3197,0.2367,0.218,0.336,19.1667,18.7208,17.1333,14.725
Hannover centre (urban),2025-08-06,0.1,3.43,0.2914,0.2389,0.2176,0.336,17.85,18.0125,17.2,14.8
Hannover centre (urban),2025-08-07,0.7,4.44,0.2704,0.2372,0.2171,0.3356,19.1708,18.0625,17.1458,14.8042
Hannover centre (urban),2025-08-08,0.1,3.53,0.2555,0.234,0.217,0.335,20.1833,19.2917,17.2333,14.9
Hannover centre (urban),2025-08-09,0.0,4.47,0.2419,0.231,0.2165,0.335,21.3708,19.85,17.4,14.9
Hannover centre (urban),2025-08-10,0.0,4.0,0.2279,0.2268,0.2157,0.3347,20.425,20.1875,17.6208,14.9833
Hannover centre (urban),2025-08-11,0.0,4.45,0.2162,0.2225,0.2152,0.334,20.8958,19.8292,17.7375,15.0
Hannover centre (urban),2025-08-12,0.0,5.58,0.2035,0.2176,0.2145,0.334,22.6875,20.8708,17.9375,15.0917
Hannover centre (urban),2025-08-13,0.0,5.02,0.1914,0.2124,0.2135,0.3334,24.6375,22.3583,18.225,15.1125
Hannover centre (urban),2025-08-14,0.1,4.74,0.1837,0.2075,0.2125,0.333,25.6125,23.4292,18.6292,15.2
Hannover centre (urban),2025-08-15,0.0,4.79,0.1822,0.2033,0.2116,0.3328,24.8708,23.7958,19.0583,15.2625
Hannover centre (urban),2025-08-16,0.0,3.76,0.1771,0.2001,0.211,0.332,21.7708,22.4458,19.3542,15.3292
Hannover centre (urban),2025-08-17,0.0,2.2,0.1741,0.1981,0.211,0.332,19.0958,20.2,19.3875,15.4
Hannover centre (urban),2025-08-18,0.0,4.31,0.1706,0.1956,0.2105,0.3318,20.4083,19.7333,19.2333,15.4958
Hannover centre (urban),2025-08-19,0.0,4.45,0.1661,0.1925,0.2095,0.331,21.6167,20.4208,19.1583,15.55
Hannover centre (urban),2025-08-20,0.0,3.7,0.1626,0.1896,0.209,0.331,20.6625,20.6292,19.2,15.6042
Hannover centre (urban),2025-08-21,0.0,3.94,0.1597,0.1871,0.2084,0.3307,20.0583,20.3333,19.1875,15.7
Hannover centre (urban),2025-08-22,0.4,2.89,0.16,0.1855,0.208,0.33,17.4042,18.8292,19.0542,15.7458
Hannover centre (urban),2025-08-23,0.5,3.11,0.1626,0.1845,0.208,0.33,16.8208,17.7208,18.8042,15.8
Hannover centre (urban),2025-08-24,0.3,2.58,0.1645,0.1834,0.2076,0.33,16.1458,17.0042,18.5125,15.875
Hannover centre (urban),2025-08-25,0.0,3.03,0.1643,0.182,0.2072,0.3295,16.5375,16.825,18.2042,15.9
Hannover centre (urban),2025-08-26,0.2,4.11,0.1618,0.1802,0.2067,0.329,19.4542,17.8917,18.0167,15.9458
Hannover centre (urban),2025-08-27,8.7,3.45,0.1787,0.1785,0.2061,0.329,21.3292,19.7625,18.0208,16.0
Hannover centre (urban),2025-08-28,10.3,1.91,0.3177,0.1836,0.206,0.3287,19.9375,19.9833,18.1458,16.0
Hannover centre (urban),2025-08-29,0.9,2.84,0.32,0.2014,0.206,0.328,19.4333,19.3333,18.2,16.0875
Hannover centre (urban),2025-08-30,0.4,3.3,0.2879,0.2074,0.206,0.328,19.0292,19.0083,18.2,16.1
Hannover centre (urban),2025-08-31,0.0,2.62,0.2673,0.2089,0.206,0.328,19.0583,18.7958,18.2,16.1333
Hannover centre (urban),2025-09-01,4.2,2.02,0.2773,0.2101,0.206,0.328,18.3167,18.7125,18.2,16.2
Hannover centre (urban),2025-09-02,1.3,3.11,0.2855,0.213,0.206,0.327,18.7083,18.4417,18.1167,16.2
Hannover centre (urban),2025-09-03,0.0,3.79,0.2709,0.2143,0.2055,0.327,19.1292,18.55,18.1,16.2583
Hannover centre (urban),2025-09-04,1.8,3.4,0.255,0.2138,0.205,0.327,20.6458,19.7208,18.125,16.3
Hannover centre (urban),2025-09-05,6.2,2.7,0.302,0.2158,0.205,0.3268,18.7083,19.275,18.2,16.3
Hannover centre (urban),2025-09-06,0.3,2.78,0.2839,0.219,0.205,0.326,17.8917,18.1167,18.1458,16.3708
Hannover centre (urban),2025-09-07,0.0,3.98,0.2641,0.219,0.205,0.326,18.7042,18.3333,18.1,16.4
Hannover centre (urban),2025-09-08,0.0,3.26,0.2468,0.217,0.2045,0.326,18.9875,18.675,18.0708,16.4
Hannover centre (urban),2025-09-09,0.2,2.41,0.236,0.2155,0.204,0.3256,18.55,18.5583,18.0625,16.4583
Hannover centre (urban),2025-09-10,0.7,1.48,0.2391,0.2146,0.204,0.325,17.1042,18.0083,18.025,16.5
Hannover centre (urban),2025-09-11,3.4,1.91,0.2473,0.2145,0.2044,0.325,16.0625,16.85,17.875,16.5
Hannover centre (urban),2025-09-12,0.1,3.04,0.2541,0.2145,0.2045,0.325,16.0583,16.5,17.6708,16.5
Hannover centre (urban),2025-09-13,4.5,2.23,0.2577,0.214,0.204,0.325,15.4583,16.1167,17.4708,16.5542
Hannover centre (urban),2025-09-14,1.2,2.54,0.2674,0.215,0.2044,0.3245,15.8125,16.1083,17.2625,16.6
Hannover centre (urban),2025-09-15,4.4,3.25,0.2915,0.2167,0.2042,0.324,17.0333,16.6208,17.125,16.6
Hannover centre (urban),2025-09-16,3.6,2.71,0.2857,0.2192,0.204,0.324,15.9042,16.6708,17.0833,16.6
Hannover centre (urban),2025-09-17,3.2,1.78,0.2998,0.2228,0.2046,0.324,15.0083,15.6375,16.9375,16.6
Hannover centre (urban),2025-09-18,1.7,1.19,0.3215,0.2303,0.205,0.324,16.1958,15.875,16.7625,16.6
Hannover centre (urban),2025-09-19,0.0,3.04,0.2967,0.2354,0.205,0.3235,18.7292,17.4417,16.7333,16.6
Hannover centre (urban),2025-09-20,1.1,3.59,0.2775,0.2351,0.2048,0.323,19.8792,18.5625,16.8833,16.6
Hannover centre (urban),2025-09-21,1.7,2.16,0.2873,0.2355,0.205,0.323,17.9708,18.7333,17.125,16.6
Hannover centre (urban),2025-09-22,0.0,2.15,0.2748,0.2362,0.205,0.323,14.95,16.4875,17.1417,16.6
Hannover centre (urban),2025-09-23,0.0,2.28,0.2633,0.2355,0.205,0.323,13.4958,14.675,16.9167,16.6
Hannover centre (urban),2025-09-24,0.0,3.05,0.2526,0.234,0.205,0.3222,13.2,14.1917,16.6125,16.6
Hannover centre (urban),2025-09-25,0.5,2.72,0.2439,0.232,0.205,0.322,12.7833,13.8167,16.3167,16.6
Hannover centre (urban),2025-09-26,1.9,2.0,0.2441,0.2305,0.205,0.322,13.2792,13.8083,16.0375,16.6
Hannover centre (urban),2025-09-27,0.4,1.13,0.2595,0.23,0.205,0.322,13.8583,14.0208,15.8167,16.6
Hannover centre (urban),2025-09-28,0.0,1.3,0.2546,0.2302,0.205,0.322,14.2333,14.4792,15.6625,16.6
Hannover centre (urban),2025-09-29,0.1,1.81,0.2482,0.2295,0.205,0.3215,14.0167,14.3792,15.5542,16.6
Hannover centre (urban),2025-09-30,0.6,2.26,0.2472,0.2285,0.205,0.321,13.55,14.275,15.4792,16.5708
Hannover centre (urban),2025-10-01,0.0,1.47,0.2409,0.2274,0.205,0.321,11.3833,12.9083,15.3042,16.5
Hannover centre (urban),2025-10-02,0.0,1.83,0.2355,0.2261,0.205,0.321,11.825,12.6542,15.0583,16.5
Hannover centre (urban),2025-10-03,0.0,2.42,0.2298,0.2245,0.205,0.321,11.5292,12.1958,14.8083,16.5
Hannover centre (urban),2025-10-04,13.1,1.25,0.328,0.2311,0.205,0.321,11.5208,12.4792,14.6208,16.4417
Hannover centre (urban),2025-10-05,2.8,1.59,0.3392,0.2512,0.2058,0.32,11.7667,12.2125,14.4292,16.4
Hannover centre (urban),2025-10-06,1.3,0.79,0.3291,0.26,0.206,0.32,11.7333,12.225,14.25,16.4
Hannover centre (urban),2025-10-07,0.7,0.7,0.3159,0.2656,0.206,0.32,13.3917,12.9833,14.1292,16.3042
Hannover centre (urban),2025-10-08,1.1,0.65,0.3089,0.2685,0.207,0.32,14.0,13.875,14.175,16.3
Hannover centre (urban),2025-10-09,0.2,1.41,0.3041,0.27,0.207,0.32,13.5667,13.7833,14.2,16.2542
Hannover centre (urban),2025-10-10,0.1,1.47,0.2947,0.2704,0.2072,0.32,14.2333,14.0292,14.2875,16.2
Hannover centre (urban),2025-10-11,0.2,1.12,0.2888,0.27,0.208,0.3199,13.9917,14.125,14.3292,16.2
Hannover centre (urban),2025-10-12,0.8,0.75,0.2882,0.2698,0.208,0.319,13.3333,13.7917,14.4,16.1417
Hannover centre (urban),2025-10-13,0.5,1.0,0.2909,0.2695,0.2088,0.319,13.55,13.7542,14.4,16.1
Hannover centre (urban),2025-10-14,1.3,0.59,0.2899,0.2699,0.209,0.319,12.6292,13.225,14.3458,16.1
Hannover centre (urban),2025-10-15,0.8,0.76,0.29,0.27,0.2092,0.319,12.8,13.1208,14.3,16.0458
Hannover centre (urban),2025-10-16,0.8,0.84,0.2901,0.27,0.21,0.319,12.4333,12.975,14.2042,16.0
Hannover centre (urban),2025-10-17,0.9,1.03,0.2905,0.2698,0.21,0.319,11.8917,12.6167,14.125,16.0
Hannover centre (urban),2025-10-18,0.0,1.3,0.288,0.2695,0.2103,0.319,9.2208,11.175,13.9417,15.9375
Hannover centre (urban),2025-10-19,0.0,1.63,0.2805,0.268,0.211,0.3182,8.6458,9.9083,13.5958,15.9
Hannover centre (urban),2025-10-20,1.9,0.94,0.2832,0.267,0.211,0.318,10.1,10.2958,13.2708,15.8708
Hannover centre (urban),2025-10-21,3.6,0.95,0.3122,0.2685,0.2113,0.318,11.625,11.5708,13.1083,15.8
Hannover centre (urban),2025-10-22,0.7,0.99,0.3186,0.2725,0.212,0.318,11.7958,12.0125,13.1,15.7667
Hannover centre (urban),2025-10-23,8.2,1.41,0.3583,0.2818,0.212,0.318,12.0542,12.1125,13.1,15.7
Hannover centre (urban),2025-10-24,0.8,1.75,0.3445,0.2952,0.213,0.318,10.6125,11.7167,13.0792,15.6708
Hannover centre (urban),2025-10-25,0.6,1.2,0.3272,0.2979,0.2134,0.318,9.9417,10.8,12.9458,15.6
Hannover centre (urban),2025-10-26,6.4,0.98,0.3542,0.3024,0.2141,0.3179,8.2667,9.7708,12.7375,15.5708
Hannover centre (urban),2025-10-27,5.1,1.06,0.3643,0.3142,0.215,0.317,8.5833,9.35,12.45,15.5
Hannover centre (urban),2025-10-28,6.1,0.82,0.3784,0.3262,0.2162,0.317,8.8667,9.4708,12.2,15.4417
Hannover centre (urban),2025-10-29,0.0,1.2,0.361,0.3373,0.2176,0.317,10.3292,10.2083,12.0292,15.4
Hannover centre (urban),2025-10-30,7.0,1.24,0.3842,0.3447,0.2195,0.317,10.65,10.975,12.0,15.3042
Hannover centre (urban),2025-10-31,0.0,1.05,0.3619,0.3479,0.2215,0.317,9.0292,9.9625,11.95,15.2625
Hannover centre (urban),2025-11-01,4.2,0.77,0.3639,0.3448,0.2235,0.317,10.6208,10.4667,11.9,15.2
Hannover centre (urban),2025-11-02,2.1,0.69,0.3713,0.3465,0.2254,0.317,10.2042,10.75,11.9,15.1208
Hannover centre (urban),2025-11-03,0.1,1.27,0.3614,0.3465,0.2274,0.317,10.0708,10.3875,11.8375,15.0875
Hannover centre (urban),2025-11-04,0.0,1.23,0.3483,0.3424,0.2292,0.3165,11.5167,11.2792,11.8458,15.0
Hannover centre (urban),2025-11-05,0.0,1.62,0.3396,0.3374,0.2307,0.316,10.6958,11.1583,11.9,14.9542
Hannover centre (urban),2025-11-06,0.0,0.94,0.3331,0.3325,0.2319,0.316,8.7208,10.0542,11.8875,14.9
Hannover centre (urban),2025-11-07,0.1,0.59,0.3298,0.3285,0.2332,0.316,7.7167,8.7958,11.6917,14.825
Hannover centre (urban),2025-11-08,1.1,0.36,0.3314,0.3256,0.2343,0.316,8.6708,9.1583,11.4792,14.7875
Hannover centre (urban),2025-11-09,1.6,0.24,0.3433,0.3242,0.2353,0.316,9.45,9.6583,11.3708,14.7
Hannover centre (urban),2025-11-10,0.0,0.51,0.3446,0.3252,0.2364,0.316,9.0833,9.7208,11.3,14.6458
Hannover centre (urban),2025-11-11,2.0,0.6,0.3479,0.3258,0.2374,0.316,9.0667,9.5042,11.225,14.6
Hannover centre (urban),2025-11-12,0.0,1.12,0.3385,0.3255,0.2384,0.316,9.3208,9.5875,11.15,14.5
Hannover centre (urban),2025-11-13,0.4,1.41,0.3301,0.3231,0.2392,0.316,11.2125,10.5333,11.1417,14.4542
Hannover centre (urban),2025-11-14,3.2,0.39,0.3505,0.3226,0.2402,0.316,10.85,11.1875,11.3042,14.4
Hannover centre (urban),2025-11-15,16.9,0.2,0.4139,0.3557,0.2416,0.315,8.1083,9.625,11.35,14.325
Hannover centre (urban),2025-11-16,4.1,0.16,0.4059,0.3891,0.2462,0.315,7.7292,8.775,11.1708,14.2917
Hannover centre (urban),2025-11-17,2.6,0.43,0.3996,0.3865,0.2517,0.315,5.2625,7.25,10.8792,14.2
Hannover centre (urban),2025-11-18,1.3,0.55,0.3851,0.3805,0.2564,0.315,4.4458,5.9292,10.4333,14.1417
Hannover centre (urban),2025-11-19,3.7,0.56,0.3809,0.3726,0.26,0.315,4.575,5.8292,9.9875,14.0708
Hannover centre (urban),2025-11-20,5.4,0.39,0.3976,0.3767,0.2633,0.315,3.0917,5.1458,9.575,13.9875
Hannover centre (urban),2025-11-21,0.0,0.42,0.3775,0.3735,0.2666,0.315,0.3292,2.9583,9.025,13.8958
Hannover centre (urban),2025-11-22,0.0,0.69,0.3678,0.3668,0.2693,0.315,0.3625,2.225,8.3583,13.7875
Hannover centre (urban),2025-11-23,1.6,1.15,0.3605,0.3608,0.2714,0.315,0.1708,1.8958,7.7542,13.675
Hannover centre (urban),2025-11-24,1.3,0.41,0.3705,0.3568,0.2733,0.315,2.6,2.8167,7.275,13.5583
Hannover centre (urban),2025-11-25,1.1,0.22,0.3827,0.3607,0.275,0.315,3.9,4.2583,7.1,13.4333
Hannover centre (urban),2025-11-26,0.0,0.32,0.374,0.3618,0.277,0.315,3.1083,4.325,7.0,13.3125
Hannover centre (urban),2025-11-27,1.5,0.5,0.3722,0.3599,0.2788,0.315,3.025,3.6542,6.875,13.175
Hannover centre (urban),2025-11-28,1.4,0.36,0.3818,0.3619,0.2806,0.315,5.5958,5.1875,6.8292,13.0542
Hannover centre (urban),2025-11-29,0.0,0.41,0.3719,0.3626,0.2825,0.315,6.7958,6.4375,7.0,12.9375
Hannover centre (urban),2025-11-30,0.2,0.75,0.3628,0.3596,0.2844,0.315,7.3167,7.2,7.2625,12.825
Hannover centre (urban),2025-12-01,0.0,0.9,0.3554,0.3555,0.2858,0.315,5.375,6.4208,7.475,12.7167
Hannover centre (urban),2025-12-02,0.2,0.74,0.3521,0.3515,0.2871,0.315,4.4833,5.275,7.4958,12.6125
Hannover centre (urban),2025-12-03,0.3,0.41,0.3537,0.349,0.2882,0.315,5.25,5.7375,7.4375,12.5083
Hannover centre (urban),2025-12-04,0.6,0.34,0.3522,0.3472,0.2892,0.315,3.45,4.925,7.4042,12.4083
Hannover centre (urban),2025-12-05,0.0,0.23,0.3482,0.3454,0.2902,0.3144,1.9958,3.3875,7.1833,12.3083
Hannover centre (urban),2025-12-06,4.7,0.44,0.3596,0.3442,0.2911,0.314,3.925,4.1125,6.9417,12.2042
Hannover centre (urban),2025-12-07,6.7,0.43,0.3891,0.3547,0.2922,0.314,6.8583,5.9542,6.9292,12.0958
Hannover centre (urban),2025-12-08,3.7,0.5,0.3968,0.3717,0.294,0.314,9.5,8.1333,7.2083,12.0
Hannover centre (urban),2025-12-09,2.5,0.43,0.4038,0.3821,0.2967,0.314,9.8958,9.3167,7.6708,11.9
Hannover centre (urban),2025-12-10,0.8,0.66,0.3854,0.3824,0.3,0.314,9.6917,9.2458,8.0875,11.8208
Hannover centre (urban),2025-12-11,0.0,0.42,0.3753,0.3761,0.3028,0.314,7.8542,8.6792,8.4125,11.7583
Hannover centre (urban),2025-12-12,0.0,0.3,0.3681,0.3705,0.3049,0.314,6.0042,6.9292,8.4542,11.7
Hannover centre (urban),2025-12-13,0.0,0.22,0.3638,0.3657,0.3065,0.314,7.05,7.2125,8.4,11.6083
Hannover centre (urban),2025-12-14,0.0,0.4,0.3597,0.3618,0.308,0.314,6.1583,6.8792,8.3958,11.5625
Hannover centre (urban),2025-12-15,0.0,0.6,0.3553,0.3581,0.3092,0.314,5.7833,6.4958,8.2917,11.5
Hannover centre (urban),2025-12-16,0.0,0.79,0.3511,0.3545,0.3101,0.314,5.4,6.1792,8.1625,11.4167
Hannover centre (urban),2025-12-17,0.0,0.62,0.3474,0.3513,0.311,0.314,5.7792,6.025,8.0333,11.3667
Hannover centre (urban),2025-12-18,0.0,0.87,0.3444,0.3485,0.3118,0.314,7.4417,7.1917,8.0,11.3
Hannover centre (urban),2025-12-19,0.4,0.91,0.3415,0.3458,0.312,0.314,8.575,8.0542,8.1042,11.2167
Hannover centre (urban),2025-12-20,0.4,0.21,0.3411,0.3437,0.313,0.314,6.1042,7.2333,8.2,11.1792
Hannover centre (urban),2025-12-21,0.0,0.27,0.3433,0.3424,0.3131,0.314,6.5417,7.0,8.2,11.1
Hannover centre (urban),2025-12-22,0.0,0.45,0.3404,0.3411,0.314,0.314,5.7083,6.4958,8.1292,11.0458
Hannover centre (urban),2025-12-23,0.0,0.64,0.3373,0.3395,0.314,0.314,4.0542,5.5583,7.9875,11.0
Hannover centre (urban),2025-12-24,0.0,0.81,0.3342,0.3378,0.3143,0.314,1.7042,3.95,7.6833,10.9125
Hannover centre (urban),2025-12-25,0.0,0.67,0.3319,0.3363,0.315,0.314,-0.2958,1.975,7.175,10.8542
Hannover centre (urban),2025-12-26,0.0,0.38,0.331,0.3349,0.315,0.314,-0.975,0.9208,6.55,10.775
Hannover centre (urban),2025-12-27,0.0,0.17,0.3306,0.3338,0.3151,0.314,-1.025,0.6292,5.9542,10.6833
Hannover centre (urban),2025-12-28,0.0,0.14,0.3306,0.333,0.316,0.314,-0.5167,0.6167,5.4375,10.5792
Hannover centre (urban),2025-12-29,0.3,0.24,0.3307,0.332,0.316,0.314,0.05,0.7667,5.0292,10.4708
Hannover centre (urban),2025-12-30,0.1,0.34,0.3305,0.3313,0.316,0.314,-0.025,1.0667,4.7292,10.3583
Hannover centre (urban),2025-12-31,5.3,0.25,0.3491,0.3318,0.316,0.314,-0.1833,0.8292,4.4833,10.2458
Hamburg,2025-01-01,7.0,0.86,0.2706,0.2601,0.2772,0.261,6.0042,5.7333,6.4208,9.3
Hamburg,2025-01-02,2.6,0.5,0.2839,0.2747,0.2769,0.261,3.4583,4.8958,6.45,9.2333
Hamburg,2025-01-03,2.8,0.39,0.2763,0.2765,0.276,0.2617,1.3458,3.0667,6.1792,9.175
Hamburg,2025-01-04,0.0,0.26,0.2676,0.2748,0.276,0.262,0.2458,1.7625,5.7208,9.0958
Hamburg,2025-01-05,13.9,0.32,0.2754,0.2728,0.276,0.262,0.8667,1.7583,5.2625,9.0
Hamburg,2025-01-06,4.7,0.88,0.3245,0.3125,0.2796,0.2627,5.8542,4.4417,5.0917,8.9042
Hamburg,2025-01-07,0.1,0.86,0.2924,0.3046,0.2859,0.263,4.1167,4.8917,5.3167,8.8083
Hamburg,2025-01-08,0.0,0.65,0.2789,0.2924,0.2877,0.264,2.8667,3.6917,5.3208,8.7292
Hamburg,2025-01-09,2.5,0.15,0.2765,0.2851,0.2871,0.2647,1.0125,2.4792,5.1542,8.6458
Hamburg,2025-01-10,2.4,0.24,0.2815,0.2828,0.287,0.2653,1.0792,1.9875,4.85,8.5583
Hamburg,2025-01-11,0.0,0.61,0.2723,0.2804,0.286,0.266,0.2708,1.4958,4.5583,8.4625
Hamburg,2025-01-12,0.0,0.36,0.2648,0.2752,0.2855,0.2666,0.0125,1.1,4.2417,8.3625
Hamburg,2025-01-13,0.0,0.24,0.2604,0.2701,0.2847,0.267,-0.8667,0.6417,3.9333,8.2583
Hamburg,2025-01-14,0.0,0.46,0.2593,0.266,0.2837,0.2678,-0.2583,0.4875,3.6208,8.15
Hamburg,2025-01-15,0.1,0.19,0.2641,0.264,0.2827,0.268,2.5833,1.6208,3.425,8.0375
Hamburg,2025-01-16,0.0,0.15,0.2608,0.2626,0.2817,0.2685,3.275,3.1667,3.5667,7.925
Hamburg,2025-01-17,0.0,0.2,0.2566,0.2608,0.2807,0.269,1.8708,2.6708,3.7042,7.8208
Hamburg,2025-01-18,0.0,0.15,0.2518,0.2582,0.2797,0.269,0.5667,1.6542,3.6917,7.7208
Hamburg,2025-01-19,0.0,0.26,0.2482,0.2555,0.2787,0.2694,-0.0083,0.9792,3.5417,7.6208
Hamburg,2025-01-20,0.0,0.19,0.2457,0.2529,0.2777,0.27,-0.4875,0.6708,3.3333,7.5167
Hamburg,2025-01-21,0.0,0.34,0.2436,0.2506,0.2766,0.27,-0.1625,0.6,3.1417,7.4125
Hamburg,2025-01-22,1.3,0.44,0.2431,0.2485,0.2756,0.27,0.025,0.6083,2.9667,7.3083
Hamburg,2025-01-23,5.2,0.3,0.2806,0.2574,0.2748,0.27,1.75,1.3292,2.9,7.2
Hamburg,2025-01-24,2.2,0.46,0.2708,0.2651,0.274,0.27,3.6708,2.8083,2.9958,7.0958
Hamburg,2025-01-25,4.5,0.21,0.2872,0.2738,0.274,0.27,4.4042,4.1917,3.3542,7.0
Hamburg,2025-01-26,3.1,0.18,0.2842,0.2807,0.2744,0.2706,2.1125,2.9333,3.5958,6.9042
Hamburg,2025-01-27,4.7,0.74,0.2917,0.2844,0.2752,0.271,4.6542,3.6375,3.675,6.8292
Hamburg,2025-01-28,0.2,0.49,0.2843,0.287,0.2765,0.271,4.6708,4.5958,3.9792,6.7667
Hamburg,2025-01-29,4.0,0.35,0.288,0.2855,0.2774,0.271,4.3292,4.325,4.2125,6.7
Hamburg,2025-01-30,1.3,0.42,0.2794,0.2852,0.2783,0.271,4.4625,4.4833,4.3833,6.6292
Hamburg,2025-01-31,0.0,0.55,0.274,0.2813,0.279,0.271,2.8417,3.6125,4.4708,6.6
Hamburg,2025-02-01,0.0,0.3,0.2665,0.277,0.279,0.2716,1.7667,2.6458,4.3458,6.5167
Hamburg,2025-02-02,0.0,0.32,0.2617,0.2722,0.2782,0.272,1.4458,2.3042,4.1625,6.4958
Hamburg,2025-02-03,0.0,0.48,0.2579,0.2678,0.278,0.272,-0.2417,1.0875,3.9042,6.4
Hamburg,2025-02-04,0.0,0.37,0.2548,0.264,0.2773,0.272,-0.2167,0.7208,3.55,6.35
Hamburg,2025-02-05,0.0,0.4,0.2525,0.2606,0.2769,0.272,1.7042,1.4458,3.3167,6.2917
Hamburg,2025-02-06,0.0,0.43,0.2493,0.2574,0.276,0.272,2.625,2.5417,3.2958,6.2
Hamburg,2025-02-07,0.2,0.61,0.2471,0.2544,0.2751,0.272,2.0792,2.475,3.3,6.1292
Hamburg,2025-02-08,0.0,0.85,0.243,0.2514,0.2743,0.272,1.8792,2.3208,3.3,6.075
Hamburg,2025-02-09,0.0,0.71,0.24,0.2483,0.2733,0.272,1.3958,1.8667,3.3,6.0
Hamburg,2025-02-10,0.1,0.85,0.2375,0.2456,0.2723,0.272,1.8875,2.225,3.2625,5.925
Hamburg,2025-02-11,0.0,1.21,0.2338,0.243,0.2712,0.272,0.5,1.4583,3.1875,5.8792
Hamburg,2025-02-12,0.0,0.83,0.2308,0.2404,0.27,0.272,0.2125,1.0208,3.0333,5.8
Hamburg,2025-02-13,1.1,0.49,0.23,0.2385,0.2688,0.272,-0.275,0.6542,2.8458,5.7208
Hamburg,2025-02-14,0.1,0.52,0.23,0.237,0.2677,0.272,0.1333,0.6375,2.6542,5.6625
Hamburg,2025-02-15,0.6,0.58,0.2308,0.2356,0.2665,0.272,0.0875,0.6667,2.5292,5.5958
Hamburg,2025-02-16,0.0,0.77,0.2296,0.2347,0.2654,0.272,-0.1792,0.6042,2.4042,5.5
Hamburg,2025-02-17,0.0,0.62,0.2276,0.2339,0.2643,0.272,-0.4583,0.4542,2.2792,5.4292
Hamburg,2025-02-18,0.0,0.82,0.2275,0.233,0.2631,0.272,-1.1417,0.2417,2.1583,5.3583
Hamburg,2025-02-19,0.0,1.38,0.2268,0.2325,0.262,0.272,-1.25,0.025,2.0208,5.2833
Hamburg,2025-02-20,0.6,1.26,0.229,0.232,0.2608,0.272,-0.5417,-0.0792,1.8625,5.2
Hamburg,2025-02-21,1.1,0.63,0.2509,0.2343,0.2598,0.272,3.4875,0.5083,1.8,5.1083
Hamburg,2025-02-22,0.7,0.94,0.2451,0.2375,0.2587,0.272,5.1,3.1833,1.9667,5.0292
Hamburg,2025-02-23,0.5,0.61,0.247,0.239,0.2577,0.272,6.5375,5.3625,2.5375,4.9833
Hamburg,2025-02-24,3.3,0.97,0.2459,0.2396,0.2568,0.272,6.4333,5.3625,3.1042,4.9
Hamburg,2025-02-25,0.2,0.73,0.2583,0.2443,0.2559,0.272,7.2792,6.3917,3.6542,4.9
Hamburg,2025-02-26,0.3,0.57,0.2482,0.246,0.255,0.272,5.075,5.4583,4.0875,4.9
Hamburg,2025-02-27,3.6,0.62,0.2571,0.2468,0.2542,0.272,3.5333,4.0292,4.2,4.8
Hamburg,2025-02-28,1.0,0.3,0.2616,0.2519,0.2537,0.272,2.7,3.1625,4.1375,4.8
Hamburg,2025-03-01,0.0,0.68,0.2541,0.2537,0.253,0.2718,3.8708,3.7458,4.0917,4.8
Hamburg,2025-03-02,0.0,0.76,0.2469,0.2523,0.2524,0.271,4.1667,3.9667,4.1,4.8
Hamburg,2025-03-03,0.0,1.25,0.2411,0.2496,0.2515,0.271,4.0542,4.0917,4.1,4.8
Hamburg,2025-03-04,0.0,1.27,0.2357,0.2461,0.2505,0.271,4.6917,4.2625,4.1292,4.8
Hamburg,2025-03-05,0.0,1.93,0.2305,0.2422,0.2495,0.271,5.4208,4.9583,4.2417,4.7292
Hamburg,2025-03-06,0.0,1.75,0.2249,0.2379,0.2484,0.271,5.8083,5.3167,4.4292,4.7
Hamburg,2025-03-07,0.0,1.79,0.2206,0.2338,0.2468,0.271,6.3958,5.7458,4.6167,4.7
Hamburg,2025-03-08,0.0,2.01,0.2161,0.23,0.2455,0.271,6.7625,6.1208,4.8292,4.7
Hamburg,2025-03-09,0.0,1.6,0.212,0.2264,0.2443,0.271,6.3167,6.225,5.0333,4.7
Hamburg,2025-03-10,0.0,1.45,0.2091,0.2232,0.2427,0.27,5.0708,5.3667,5.1083,4.7042
Hamburg,2025-03-11,0.0,0.96,0.2077,0.2208,0.2415,0.27,4.775,4.975,5.1083,4.8
Hamburg,2025-03-12,0.5,1.05,0.2086,0.2188,0.2405,0.27,4.7542,5.0958,5.1,4.8
Hamburg,2025-03-13,0.3,1.11,0.2098,0.2175,0.2393,0.27,2.375,3.5125,4.9542,4.8
Hamburg,2025-03-14,1.5,1.17,0.2145,0.2159,0.238,0.27,2.6417,3.125,4.675,4.8
Hamburg,2025-03-15,0.0,1.02,0.2186,0.2156,0.2367,0.27,2.3,2.9458,4.4542,4.8
Hamburg,2025-03-16,0.0,1.01,0.2136,0.215,0.2356,0.2699,1.6125,2.3208,4.1875,4.7875
Hamburg,2025-03-17,0.0,1.81,0.2082,0.2137,0.2345,0.269,2.4417,2.7542,3.9583,4.7
Hamburg,2025-03-18,0.0,1.81,0.202,0.2112,0.2331,0.269,1.1167,2.0,3.7833,4.7
Hamburg,2025-03-19,0.0,2.03,0.1971,0.2091,0.2316,0.269,1.8875,1.9583,3.5542,4.7
Hamburg,2025-03-20,0.0,2.0,0.1922,0.2065,0.2305,0.269,3.9458,3.075,3.45,4.7
Hamburg,2025-03-21,0.0,2.72,0.1864,0.2036,0.2286,0.269,6.2042,4.675,3.5667,4.6083
Hamburg,2025-03-22,0.0,3.2,0.1781,0.1997,0.227,0.2681,8.1667,6.7583,3.9792,4.6
Hamburg,2025-03-23,0.0,2.64,0.1702,0.1958,0.2253,0.268,8.9792,7.5125,4.475,4.6
Hamburg,2025-03-24,0.3,1.6,0.1675,0.193,0.2236,0.268,8.3917,7.55,4.925,4.6
Hamburg,2025-03-25,1.7,1.14,0.1704,0.191,0.2225,0.268,7.2875,7.125,5.275,4.6
Hamburg,2025-03-26,0.0,1.15,0.1853,0.19,0.2214,0.2678,7.3542,7.1042,5.5,4.6167
Hamburg,2025-03-27,0.0,1.83,0.1803,0.189,0.2201,0.267,6.5333,6.325,5.6042,4.7
Hamburg,2025-03-28,0.0,2.52,0.1727,0.1865,0.2185,0.267,8.0625,6.9625,5.6833,4.7
Hamburg,2025-03-29,0.0,2.12,0.1652,0.1836,0.2169,0.267,8.5375,7.9458,5.8958,4.7
Hamburg,2025-03-30,7.2,1.26,0.2037,0.183,0.2157,0.267,7.0583,7.1125,6.0958,4.725
Hamburg,2025-03-31,0.0,1.64,0.2162,0.1868,0.2146,0.2662,7.2958,7.175,6.1375,4.8
Hamburg,2025-04-01,0.0,2.44,0.2017,0.1869,0.2135,0.266,7.1208,6.65,6.1542,4.8
Hamburg,2025-04-02,0.0,2.6,0.1892,0.185,0.2118,0.266,8.2917,7.4292,6.2208,4.8167
Hamburg,2025-04-03,0.0,2.87,0.1776,0.1825,0.2105,0.266,9.25,8.175,6.35,4.9
Hamburg,2025-04-04,0.0,3.07,0.167,0.1792,0.2087,0.265,10.8208,9.2583,6.5958,4.9
Hamburg,2025-04-05,0.0,2.49,0.1572,0.1757,0.2073,0.265,8.3458,8.9542,6.9083,4.9542
Hamburg,2025-04-06,0.0,2.15,0.1503,0.173,0.2056,0.265,6.2333,7.0333,6.925,5.0
Hamburg,2025-04-07,0.0,2.52,0.1436,0.1705,0.2045,0.2645,6.2333,6.2875,6.7583,5.0208
Hamburg,2025-04-08,0.0,2.14,0.1383,0.168,0.2028,0.264,7.9458,7.0208,6.6458,5.1
Hamburg,2025-04-09,0.0,2.38,0.1337,0.1653,0.2015,0.264,8.6333,8.0208,6.7167,5.1
Hamburg,2025-04-10,0.0,2.66,0.1281,0.1626,0.2004,0.264,9.7083,8.5542,6.8292,5.1542
Hamburg,2025-04-11,0.0,2.42,0.1224,0.16,0.1986,0.263,10.6125,9.3417,7.0333,5.2
Hamburg,2025-04-12,0.0,3.25,0.1168,0.1572,0.1975,0.263,12.3542,10.2708,7.2875,5.2167
Hamburg,2025-04-13,0.6,2.47,0.1141,0.1541,0.1957,0.263,12.3417,11.125,7.65,5.3
Hamburg,2025-04-14,1.3,2.52,0.125,0.1522,0.1946,0.2623,11.975,10.9375,7.9708,5.3333
Hamburg,2025-04-15,0.8,3.81,0.1241,0.1496,0.1932,0.262,14.8208,12.1,8.2667,5.4
Hamburg,2025-04-16,3.4,3.1,0.1255,0.1467,0.1915,0.262,16.3208,13.8292,8.7375,5.4833
Hamburg,2025-04-17,2.6,1.37,0.1578,0.1453,0.1905,0.2615,12.5875,12.9208,9.2,5.5542
Hamburg,2025-04-18,9.7,0.57,0.235,0.1515,0.19,0.261,9.45,10.5625,9.3083,5.6333
Hamburg,2025-04-19,13.8,0.84,0.2821,0.1921,0.1895,0.261,8.575,9.0417,9.175,5.7042
Hamburg,2025-04-20,0.0,2.4,0.2426,0.2174,0.189,0.261,9.95,9.2417,8.9375,5.8
Hamburg,2025-04-21,1.4,1.92,0.2274,0.2171,0.189,0.2603,10.7875,9.9792,8.8792,5.8625
Hamburg,2025-04-22,4.3,2.17,0.2385,0.2163,0.1885,0.26,11.875,11.1208,8.9625,5.9167
Hamburg,2025-04-23,0.4,2.26,0.2384,0.2195,0.188,0.26,11.5375,10.8542,9.1125,6.0
Hamburg,2025-04-24,0.8,2.28,0.2301,0.2185,0.188,0.26,11.6708,11.2583,9.2292,6.0708
Hamburg,2025-04-25,0.0,2.14,0.2163,0.2156,0.1874,0.259,10.6375,10.5958,9.3,6.1333
Hamburg,2025-04-26,0.0,3.56,0.2022,0.2104,0.1865,0.259,11.1333,10.4417,9.2792,6.2
Hamburg,2025-04-27,0.0,3.77,0.1861,0.2037,0.1855,0.259,11.7417,11.075,9.3292,6.2875
Hamburg,2025-04-28,0.0,4.03,0.1719,0.1966,0.1842,0.2582,12.8125,11.5292,9.4333,6.3375
Hamburg,2025-04-29,0.0,3.22,0.1602,0.1901,0.1827,0.258,13.7292,12.4375,9.65,6.4
Hamburg,2025-04-30,0.0,3.54,0.151,0.1843,0.1816,0.258,14.8125,13.2292,9.8917,6.5
Hamburg,2025-05-01,0.0,4.49,0.1394,0.1778,0.1802,0.2571,16.5042,14.2375,10.2292,6.5708
Hamburg,2025-05-02,0.3,3.49,0.1307,0.1716,0.1787,0.257,16.6083,15.4042,10.6917,6.65
Hamburg,2025-05-03,0.0,3.54,0.1242,0.1666,0.1775,0.2569,13.9958,13.9042,11.0083,6.7458
Hamburg,2025-05-04,1.0,2.49,0.1246,0.1624,0.1765,0.256,11.7625,12.4833,11.0917,6.8333
Hamburg,2025-05-05,0.2,2.72,0.1363,0.1595,0.1756,0.256,11.1208,11.45,10.9375,6.925
Hamburg,2025-05-06,0.1,2.59,0.1308,0.1565,0.1746,0.256,10.3208,10.5042,10.7292,7.0
Hamburg,2025-05-07,0.2,3.0,0.1252,0.153,0.1735,0.2551,11.7167,11.0375,10.5292,7.1
Hamburg,2025-05-08,0.1,3.34,0.1197,0.1492,0.1725,0.255,12.0875,11.5917,10.4667,7.1708
Hamburg,2025-05-09,0.0,4.25,0.1107,0.1448,0.171,0.2548,13.8042,12.1833,10.4542,7.2292
Hamburg,2025-05-10,1.1,3.17,0.1065,0.1407,0.1696,0.254,13.9375,12.9458,10.5625,7.3
Hamburg,2025-05-11,0.0,4.45,0.1042,0.1371,0.1684,0.254,15.3542,13.6375,10.7375,7.3833
Hamburg,2025-05-12,0.0,4.55,0.0948,0.1325,0.1665,0.2535,14.175,13.6417,10.9333,7.45
Hamburg,2025-05-13,0.0,4.47,0.0869,0.1281,0.165,0.253,15.2333,13.5958,11.0417,7.5167
Hamburg,2025-05-14,0.0,4.28,0.0809,0.1239,0.1632,0.2529,15.4917,14.1875,11.2333,7.6
Hamburg,2025-05-15,0.0,4.36,0.0765,0.12,0.1615,0.252,14.5542,14.0917,11.4042,7.6875
Hamburg,2025-05-16,0.4,3.75,0.0755,0.1167,0.1604,0.252,14.0042,13.4042,11.475,7.7625
Hamburg,2025-05-17,4.5,3.42,0.093,0.114,0.1592,0.2515,14.1417,13.425,11.5,7.8375
Hamburg,2025-05-18,0.6,3.24,0.1192,0.1121,0.1582,0.251,13.7292,13.2417,11.5,7.9042
Hamburg,2025-05-19,0.0,3.09,0.1143,0.1101,0.157,0.251,15.1875,13.7375,11.5333,8.0
Hamburg,2025-05-20,0.0,4.6,0.1035,0.1076,0.1555,0.2503,16.65,14.675,11.6583,8.075
Hamburg,2025-05-21,0.0,4.0,0.0937,0.105,0.1542,0.25,15.2708,14.8333,11.8458,8.1417
Hamburg,2025-05-22,2.1,3.66,0.0949,0.103,0.153,0.2496,12.8333,13.7125,11.9,8.2167
Hamburg,2025-05-23,2.1,3.45,0.1058,0.1015,0.1523,0.249,12.6167,12.5625,11.8458,8.3
Hamburg,2025-05-24,1.0,3.53,0.1101,0.1001,0.1514,0.249,13.7542,12.7833,11.7542,8.3833
Hamburg,2025-05-25,12.1,1.49,0.1758,0.1009,0.151,0.2487,13.8542,13.4333,11.7667,8.4417
Hamburg,2025-05-26,3.6,3.25,0.2272,0.1147,0.1504,0.248,14.4167,13.7042,11.8,8.5
Hamburg,2025-05-27,6.9,2.17,0.2216,0.126,0.15,0.248,13.6708,13.3958,11.8,8.5917
Hamburg,2025-05-28,4.7,2.28,0.255,0.1492,0.15,0.248,14.6625,13.9583,11.8875,8.6458
Hamburg,2025-05-29,1.7,3.09,0.219,0.1623,0.1494,0.2472,14.425,13.7292,11.9375,8.7
Hamburg,2025-05-30,0.9,2.71,0.2133,0.1645,0.149,0.247,16.4667,14.9333,12.0833,8.7958
Hamburg,2025-05-31,0.3,3.7,0.1943,0.1637,0.1484,0.247,17.95,16.0875,12.3458,8.85
Hamburg,2025-06-01,7.2,3.38,0.227,0.1649,0.1476,0.2464,18.1333,17.0667,12.725,8.9208
Hamburg,2025-06-02,7.3,3.2,0.2424,0.1735,0.147,0.246,15.9042,15.9083,13.0167,9.0
Hamburg,2025-06-03,0.0,4.24,0.2245,0.1841,0.1466,0.246,16.0917,15.2083,13.1167,9.1
Hamburg,2025-06-04,0.7,4.06,0.1959,0.1804,0.146,0.2454,17.8375,16.475,13.2708,9.1792
Hamburg,2025-06-05,2.7,3.37,0.1902,0.176,0.1455,0.245,16.7125,16.3125,13.475,9.2625
Hamburg,2025-06-06,7.7,3.26,0.2438,0.1818,0.145,0.245,15.9458,15.675,13.6,9.35
Hamburg,2025-06-07,4.6,2.31,0.2394,0.1901,0.145,0.2448,15.2375,15.2125,13.6,9.4333
Hamburg,2025-06-08,17.9,2.12,0.2892,0.2309,0.1455,0.244,13.9625,14.275,13.5542,9.5125
Hamburg,2025-06-09,1.4,3.44,0.26,0.252,0.1479,0.244,14.6333,14.15,13.425,9.6
Hamburg,2025-06-10,6.0,1.43,0.2687,0.2474,0.15,0.244,13.75,14.0083,13.3583,9.6875
Hamburg,2025-06-11,0.0,4.16,0.2517,0.2472,0.1519,0.2436,15.1667,14.4,13.2667,9.7542
Hamburg,2025-06-12,0.0,5.15,0.2226,0.234,0.153,0.243,16.1417,14.9208,13.2708,9.8167
Hamburg,2025-06-13,0.0,5.94,0.1964,0.2195,0.1526,0.243,18.1083,16.5208,13.4583,9.9
Hamburg,2025-06-14,0.0,5.92,0.1726,0.2056,0.1517,0.2426,20.2625,17.9875,13.7917,9.9833
Hamburg,2025-06-15,9.8,3.17,0.2062,0.1968,0.151,0.242,19.325,18.7875,14.25,10.0625
Hamburg,2025-06-16,0.2,3.26,0.2279,0.1985,0.151,0.242,17.6167,17.35,14.5375,10.15
Hamburg,2025-06-17,0.0,4.68,0.2002,0.1938,0.1505,0.242,18.9083,17.4375,14.6542,10.2417
Hamburg,2025-06-18,0.5,3.87,0.1799,0.1871,0.1496,0.241,18.6083,17.8958,14.8542,10.3292
Hamburg,2025-06-19,0.0,4.41,0.1626,0.1801,0.1486,0.241,17.4,17.3417,15.0,10.425
Hamburg,2025-06-20,0.0,4.56,0.1448,0.1726,0.1476,0.241,17.6,16.7792,15.0,10.5167
Hamburg,2025-06-21,0.0,5.23,0.1278,0.1642,0.1465,0.2401,20.0875,17.9,15.05,10.6125
Hamburg,2025-06-22,7.2,5.84,0.1188,0.1555,0.145,0.24,22.2083,19.65,15.3167,10.7042
Hamburg,2025-06-23,7.5,3.28,0.2174,0.1534,0.144,0.24,18.4958,19.2167,15.6417,10.8042
Hamburg,2025-06-24,3.4,2.85,0.2227,0.1612,0.144,0.239,16.8625,17.1333,15.7,10.9
Hamburg,2025-06-25,1.0,3.33,0.2148,0.1648,0.1435,0.239,18.2417,17.3917,15.6208,11.0
Hamburg,2025-06-26,6.9,2.48,0.2228,0.1665,0.143,0.239,17.8917,17.3125,15.6042,11.0917
Hamburg,2025-06-27,2.9,3.04,0.2342,0.1756,0.143,0.239,17.8667,17.5583,15.625,11.1833
Hamburg,2025-06-28,0.2,3.33,0.2076,0.177,0.1424,0.238,19.5583,18.0917,15.6792,11.275
Hamburg,2025-06-29,0.0,4.55,0.1858,0.1732,0.1417,0.238,20.2833,19.2958,15.8625,11.3667
Hamburg,2025-06-30,0.0,5.05,0.1608,0.1662,0.1406,0.238,19.7292,18.6917,16.0208,11.4583
Hamburg,2025-07-01,0.0,6.09,0.1366,0.1578,0.1395,0.2373,22.3,19.8708,16.1708,11.55
Hamburg,2025-07-02,1.6,5.81,0.1225,0.1493,0.1381,0.237,24.8167,21.925,16.5417,11.6458
Hamburg,2025-07-03,0.4,3.87,0.1193,0.1432,0.1372,0.2368,20.1625,21.1625,16.9375,11.7458
Hamburg,2025-07-04,0.2,3.72,0.1097,0.1386,0.1364,0.236,18.5333,18.725,17.0,11.85
Hamburg,2025-07-05,0.3,4.17,0.102,0.1342,0.1355,0.236,19.2292,18.5292,16.9292,11.95
Hamburg,2025-07-06,10.1,3.21,0.12,0.1309,0.135,0.236,19.725,18.9583,16.9,12.05
Hamburg,2025-07-07,9.2,2.44,0.258,0.1465,0.1345,0.2354,18.0583,18.425,16.9,12.1458
Hamburg,2025-07-08,3.4,2.89,0.2384,0.1684,0.134,0.235,16.9958,17.1708,16.7542,12.2375
Hamburg,2025-07-09,0.2,3.47,0.2208,0.1748,0.134,0.235,17.7125,17.3,16.6167,12.3208
Hamburg,2025-07-10,0.1,3.84,0.1948,0.1726,0.1336,0.235,18.3125,17.5958,16.5042,12.4
Hamburg,2025-07-11,0.9,4.13,0.174,0.1676,0.133,0.2343,19.7083,18.6125,16.5125,12.5
Hamburg,2025-07-12,2.5,2.19,0.1756,0.1638,0.133,0.234,18.4458,18.4708,16.6,12.575
Hamburg,2025-07-13,2.0,1.9,0.188,0.1625,0.133,0.234,18.3125,18.025,16.6,12.6458
Hamburg,2025-07-14,0.1,3.99,0.189,0.1612,0.1325,0.234,19.975,18.6,16.6042,12.7167
Hamburg,2025-07-15,4.1,2.68,0.1902,0.1584,0.132,0.2333,18.3208,18.65,16.7,12.8
Hamburg,2025-07-16,1.1,3.3,0.1952,0.1578,0.1317,0.233,18.0792,17.7417,16.6417,12.8875
Hamburg,2025-07-17,3.7,1.86,0.2123,0.1582,0.1317,0.233,17.9,17.65,16.6,12.95
Hamburg,2025-07-18,4.7,2.69,0.2312,0.1642,0.1315,0.233,20.05,18.7167,16.6208,13.0083
Hamburg,2025-07-19,0.0,4.72,0.2199,0.1718,0.131,0.2326,21.6875,19.9708,16.7667,13.1
Hamburg,2025-07-20,3.7,3.89,0.2004,0.1693,0.1306,0.232,22.125,20.8417,17.0625,13.175
Hamburg,2025-07-21,0.7,2.38,0.2115,0.1689,0.13,0.232,20.9708,20.7667,17.35,13.25
Hamburg,2025-07-22,15.6,2.24,0.2385,0.1727,0.13,0.232,19.1083,19.3875,17.5,13.325
Hamburg,2025-07-23,17.8,1.6,0.3076,0.2551,0.1318,0.232,18.0583,18.2333,17.4417,13.4
Hamburg,2025-07-24,1.1,2.81,0.2688,0.2638,0.1367,0.2313,19.7167,18.7625,17.4,13.5
Hamburg,2025-07-25,0.7,2.69,0.2505,0.2511,0.14,0.231,20.2417,19.6042,17.4417,13.5708
Hamburg,2025-07-26,0.4,2.91,0.2364,0.2398,0.1418,0.231,19.2875,19.1,17.5167,13.6417
Hamburg,2025-07-27,3.3,1.86,0.2454,0.2333,0.1432,0.231,17.7583,18.1583,17.5167,13.7125
Hamburg,2025-07-28,0.9,3.59,0.2365,0.2296,0.144,0.231,18.525,18.1583,17.4042,13.8
Hamburg,2025-07-29,2.7,3.16,0.2293,0.2225,0.145,0.2304,17.775,17.9167,17.3208,13.8792
Hamburg,2025-07-30,8.2,2.1,0.2489,0.2204,0.1451,0.23,16.4583,17.0542,17.1833,13.9292
Hamburg,2025-07-31,10.0,2.24,0.2972,0.2542,0.1469,0.23,16.7583,16.675,16.9583,14.0
Hamburg,2025-08-01,8.2,2.68,0.2827,0.2638,0.1504,0.23,17.4625,17.15,16.8167,14.0625
Hamburg,2025-08-02,5.9,2.67,0.2817,0.2665,0.1543,0.23,17.6625,17.375,16.75,14.1
Hamburg,2025-08-03,8.3,0.91,0.2972,0.2748,0.159,0.23,16.0,16.6833,16.6833,14.1792
Hamburg,2025-08-04,4.2,3.13,0.2856,0.2777,0.165,0.2298,17.8333,16.9625,16.5292,14.2
Hamburg,2025-08-05,3.5,3.3,0.2779,0.2674,0.1692,0.229,17.6792,17.6958,16.6,14.2792
Hamburg,2025-08-06,0.6,3.16,0.2585,0.2578,0.172,0.229,16.9375,16.8875,16.5333,14.3
Hamburg,2025-08-07,0.0,3.47,0.2372,0.2458,0.1734,0.229,17.7958,17.2,16.5,14.3708
Hamburg,2025-08-08,0.2,3.48,0.221,0.2347,0.174,0.229,18.7083,18.0958,16.5458,14.4
Hamburg,2025-08-09,0.0,3.63,0.2075,0.2248,0.174,0.229,18.7667,18.0458,16.65,14.45
Hamburg,2025-08-10,0.0,3.71,0.1933,0.2154,0.1735,0.229,18.2667,18.275,16.7958,14.5
Hamburg,2025-08-11,0.0,3.75,0.1802,0.2066,0.1726,0.2281,18.05,17.6208,16.8,14.5417
Hamburg,2025-08-12,0.0,3.65,0.1696,0.1991,0.172,0.228,19.2208,18.2333,16.8333,14.6
Hamburg,2025-08-13,0.0,4.83,0.1565,0.1911,0.171,0.228,22.0625,19.9833,17.0458,14.6375
Hamburg,2025-08-14,0.0,4.32,0.142,0.1825,0.1695,0.228,23.5917,21.5042,17.4333,14.7
Hamburg,2025-08-15,0.1,4.34,0.1298,0.175,0.1685,0.228,22.9917,22.0125,17.8917,14.7625
Hamburg,2025-08-16,0.0,3.71,0.1196,0.1682,0.1671,0.2273,19.8167,20.55,18.1792,14.8208
Hamburg,2025-08-17,0.0,3.52,0.1112,0.1625,0.1657,0.227,19.1833,19.1417,18.2,14.9
Hamburg,2025-08-18,0.0,3.9,0.1034,0.1566,0.1645,0.227,19.4833,18.9458,18.125,14.975
Hamburg,2025-08-19,0.0,3.99,0.0959,0.1508,0.1635,0.227,19.8667,19.275,18.1,15.0208
Hamburg,2025-08-20,0.5,3.0,0.0928,0.1462,0.1624,0.227,18.8375,19.125,18.1,15.1
Hamburg,2025-08-21,0.0,3.32,0.09,0.1425,0.1614,0.2262,17.25,17.9833,18.0167,15.1625
Hamburg,2025-08-22,0.6,2.71,0.0883,0.1395,0.1605,0.226,16.0458,17.15,17.8125,15.2
Hamburg,2025-08-23,1.0,3.23,0.0929,0.1366,0.1596,0.226,16.1292,16.5958,17.5625,15.2792
Hamburg,2025-08-24,0.2,2.56,0.093,0.134,0.1587,0.226,15.3417,16.1417,17.3,15.3
Hamburg,2025-08-25,0.1,2.33,0.091,0.1317,0.158,0.226,15.9542,16.1792,17.0667,15.3333
Hamburg,2025-08-26,0.0,3.17,0.0876,0.1289,0.1575,0.2257,17.8292,16.7167,16.9167,15.4
Hamburg,2025-08-27,1.9,3.57,0.0847,0.1257,0.1565,0.225,20.2417,18.4417,16.9208,15.4
Hamburg,2025-08-28,2.0,2.1,0.0936,0.1235,0.1555,0.225,19.7875,19.0167,17.0583,15.425
Hamburg,2025-08-29,0.0,3.04,0.1051,0.1217,0.1546,0.225,19.5333,18.9833,17.2208,15.5
Hamburg,2025-08-30,1.1,2.93,0.1052,0.1192,0.154,0.225,18.975,18.7917,17.3208,15.5
Hamburg,2025-08-31,0.0,2.62,0.1021,0.1171,0.1533,0.225,18.8625,18.4625,17.4,15.5458
Hamburg,2025-09-01,3.6,2.02,0.1138,0.1155,0.1524,0.2245,18.4042,18.5375,17.4,15.6
Hamburg,2025-09-02,2.9,2.73,0.1467,0.1146,0.152,0.224,18.3542,18.1042,17.4,15.6
Hamburg,2025-09-03,0.2,3.61,0.1545,0.1138,0.1514,0.224,18.5125,17.8792,17.4,15.6792
Hamburg,2025-09-04,0.4,3.1,0.1414,0.1121,0.1505,0.224,20.2417,19.1917,17.4375,15.7
Hamburg,2025-09-05,5.3,2.2,0.1819,0.112,0.15,0.224,18.0,18.7042,17.5375,15.7
Hamburg,2025-09-06,0.0,2.5,0.1761,0.1132,0.1495,0.224,17.0375,17.35,17.5125,15.7958
Hamburg,2025-09-07,0.0,3.6,0.1592,0.1125,0.1485,0.2235,17.675,17.3958,17.4042,15.8
Hamburg,2025-09-08,0.0,3.51,0.1425,0.1109,0.1476,0.223,18.3917,17.8792,17.3375,15.8
Hamburg,2025-09-09,2.3,2.34,0.1408,0.1094,0.147,0.223,18.1458,17.9875,17.3292,15.8875
Hamburg,2025-09-10,0.9,1.39,0.1594,0.109,0.147,0.223,16.675,17.5375,17.3208,15.9
Hamburg,2025-09-11,0.9,2.16,0.1594,0.109,0.1465,0.223,15.6917,16.3875,17.2125,15.9
Hamburg,2025-09-12,0.2,2.82,0.1532,0.1085,0.146,0.223,15.875,16.2333,17.0375,15.9167
Hamburg,2025-09-13,3.2,1.9,0.1598,0.108,0.1455,0.2227,14.6333,15.6042,16.875,16.0
Hamburg,2025-09-14,0.4,2.08,0.1692,0.109,0.145,0.222,15.0208,15.3708,16.6667,16.0
Hamburg,2025-09-15,14.1,2.81,0.2449,0.1305,0.145,0.222,15.9208,15.7833,16.5208,16.0
Hamburg,2025-09-16,3.0,1.88,0.2223,0.1471,0.145,0.222,14.9167,15.675,16.4208,16.0
Hamburg,2025-09-17,1.0,2.07,0.2112,0.1529,0.1445,0.222,14.875,15.05,16.2417,16.0
Hamburg,2025-09-18,2.2,1.26,0.2103,0.156,0.144,0.222,16.65,15.9583,16.1333,16.0
Hamburg,2025-09-19,0.0,2.33,0.202,0.1584,0.144,0.222,18.1792,17.3208,16.2208,16.0
Hamburg,2025-09-20,0.6,2.88,0.1861,0.1575,0.1438,0.222,18.8042,17.7917,16.35,16.0
Hamburg,2025-09-21,0.3,2.19,0.1805,0.156,0.1434,0.221,17.4333,18.0792,16.5625,16.0
Hamburg,2025-09-22,0.0,2.15,0.1695,0.1544,0.143,0.221,13.9792,15.6417,16.5583,16.0
Hamburg,2025-09-23,0.0,2.17,0.1594,0.1523,0.1427,0.221,13.0208,14.1875,16.3208,16.0
Hamburg,2025-09-24,0.0,2.48,0.1501,0.15,0.1424,0.221,11.875,13.05,15.975,16.0
Hamburg,2025-09-25,0.0,2.9,0.1409,0.1475,0.142,0.221,12.6167,13.2292,15.6417,16.0
Hamburg,2025-09-26,0.7,2.34,0.1353,0.1455,0.1415,0.221,12.6208,13.2625,15.3833,16.0
Hamburg,2025-09-27,2.9,2.0,0.1491,0.144,0.141,0.221,13.9458,13.7958,15.1917,16.0
Hamburg,2025-09-28,0.0,1.99,0.1491,0.1425,0.141,0.22,14.0708,14.3208,15.1,16.0
Hamburg,2025-09-29,0.0,2.16,0.1413,0.141,0.141,0.22,13.1083,13.6833,15.025,16.0
Hamburg,2025-09-30,0.0,2.02,0.1341,0.139,0.1404,0.22,13.3542,13.9792,14.9208,15.9917
Hamburg,2025-10-01,0.0,1.41,0.1283,0.1375,0.14,0.22,10.9625,12.5125,14.7792,15.9
Hamburg,2025-10-02,0.0,1.82,0.1236,0.136,0.14,0.22,11.7542,12.4708,14.5542,15.9
Hamburg,2025-10-03,0.0,2.45,0.1183,0.1342,0.1395,0.22,11.2458,11.9167,14.3542,15.9
Hamburg,2025-10-04,26.2,1.1,0.2559,0.1721,0.1392,0.22,11.05,12.0792,14.1625,15.8542
Hamburg,2025-10-05,7.5,1.11,0.2635,0.2146,0.14,0.2196,11.4042,11.8292,13.9458,15.8
Hamburg,2025-10-06,1.2,1.15,0.2598,0.2287,0.1408,0.219,12.2125,12.2375,13.7583,15.8
Hamburg,2025-10-07,0.9,0.47,0.2443,0.2303,0.1422,0.219,13.3708,13.0708,13.7,15.7208
Hamburg,2025-10-08,0.4,0.73,0.2405,0.2295,0.1434,0.219,13.7083,13.7167,13.7917,15.7
Hamburg,2025-10-09,0.1,1.24,0.2338,0.2275,0.1446,0.219,12.7583,13.0917,13.8,15.675
Hamburg,2025-10-10,0.1,1.21,0.2273,0.2242,0.1455,0.219,13.6167,13.5208,13.825,15.6
Hamburg,2025-10-11,0.0,1.18,0.2213,0.2208,0.1462,0.219,13.3917,13.6167,13.9,15.6
Hamburg,2025-10-12,1.5,0.68,0.2236,0.2183,0.147,0.219,13.1208,13.3125,13.9,15.5667
Hamburg,2025-10-13,0.0,1.19,0.2238,0.2168,0.1478,0.219,12.8833,13.2042,13.9,15.5
Hamburg,2025-10-14,0.3,0.82,0.218,0.2144,0.148,0.219,12.6167,12.9417,13.8917,15.5
Hamburg,2025-10-15,0.4,0.72,0.2166,0.2125,0.149,0.219,12.4833,12.8625,13.8,15.4708
Hamburg,2025-10-16,0.5,1.12,0.2158,0.2109,0.149,0.2184,12.2833,12.6458,13.7333,15.4
Hamburg,2025-10-17,0.0,1.28,0.211,0.2089,0.1499,0.218,11.1,12.1625,13.6542,15.4
Hamburg,2025-10-18,0.0,0.98,0.2052,0.2063,0.15,0.218,7.925,10.1167,13.4042,15.3583
Hamburg,2025-10-19,0.0,1.47,0.2,0.2039,0.15,0.218,7.0917,8.5708,12.925,15.3
Hamburg,2025-10-20,3.5,0.88,0.2058,0.2015,0.15,0.218,8.425,8.825,12.4708,15.2625
Hamburg,2025-10-21,3.2,0.71,0.2433,0.2052,0.151,0.218,10.9333,10.6292,12.2417,15.2
Hamburg,2025-10-22,2.7,0.69,0.2485,0.2131,0.151,0.218,11.0042,11.2833,12.2167,15.1292
Hamburg,2025-10-23,7.8,0.77,0.2729,0.2283,0.1521,0.218,10.8333,11.0917,12.2042,15.1
Hamburg,2025-10-24,1.1,1.6,0.2573,0.241,0.1535,0.218,10.2458,10.9875,12.2,15.0042
Hamburg,2025-10-25,2.8,0.9,0.2569,0.2406,0.1551,0.218,9.075,10.0083,12.1083,14.975
Hamburg,2025-10-26,5.7,0.82,0.2698,0.2442,0.1568,0.218,8.1125,9.1792,11.8875,14.9
Hamburg,2025-10-27,5.7,0.72,0.2861,0.2585,0.1593,0.218,8.3042,8.9958,11.625,14.8417
Hamburg,2025-10-28,4.0,0.69,0.2853,0.266,0.1628,0.218,8.4708,8.9958,11.4042,14.7833
Hamburg,2025-10-29,0.3,1.01,0.2677,0.2651,0.1669,0.2171,9.6792,9.6625,11.2458,14.7
Hamburg,2025-10-30,11.9,0.89,0.3013,0.2777,0.1712,0.217,9.8625,10.1958,11.2958,14.625
Hamburg,2025-10-31,0.0,0.84,0.2747,0.2761,0.1773,0.217,8.5792,9.3958,11.2208,14.5667
Hamburg,2025-11-01,5.0,0.62,0.2755,0.2667,0.1814,0.217,9.8167,9.675,11.1,14.5
Hamburg,2025-11-02,0.7,0.49,0.2761,0.2685,0.185,0.217,9.4625,10.1083,11.1,14.4083
Hamburg,2025-11-03,0.4,0.91,0.2637,0.2626,0.1881,0.217,9.375,9.6042,11.1,14.3458
Hamburg,2025-11-04,0.0,1.11,0.2537,0.256,0.1905,0.217,11.4583,10.9375,11.1333,14.2958
Hamburg,2025-11-05,0.3,1.23,0.247,0.25,0.1922,0.217,10.5708,10.9083,11.2542,14.2
Hamburg,2025-11-06,0.0,0.85,0.2404,0.2449,0.1934,0.217,8.2542,9.6125,11.2667,14.1542
Hamburg,2025-11-07,0.4,0.43,0.2371,0.2409,0.1945,0.217,7.225,8.1625,11.0417,14.1
Hamburg,2025-11-08,0.3,0.27,0.2397,0.2385,0.1953,0.217,8.0083,8.7375,10.8375,14.0083
Hamburg,2025-11-09,0.6,0.27,0.2394,0.2367,0.1961,0.217,8.1917,8.5708,10.6542,13.95
Hamburg,2025-11-10,0.0,0.34,0.2379,0.2355,0.197,0.217,8.725,9.1167,10.6,13.8917
Hamburg,2025-11-11,1.9,0.37,0.2459,0.2354,0.1977,0.217,8.2917,8.8208,10.5,13.8
Hamburg,2025-11-12,0.0,0.88,0.2399,0.2355,0.1982,0.217,8.8167,8.9833,10.4167,13.7292
Hamburg,2025-11-13,0.1,1.1,0.2328,0.2336,0.199,0.217,10.4542,9.8333,10.425,13.6708
Hamburg,2025-11-14,22.5,0.31,0.3004,0.2546,0.1997,0.217,9.3417,10.2583,10.5833,13.6
Hamburg,2025-11-15,12.5,0.5,0.3115,0.2971,0.2065,0.217,6.9125,8.2333,10.5167,13.5208
Hamburg,2025-11-16,2.7,0.27,0.303,0.299,0.2158,0.217,5.8458,7.2333,10.2292,13.4667
Hamburg,2025-11-17,1.1,0.51,0.2841,0.2862,0.2227,0.217,4.4292,6.0583,9.8167,13.3958
Hamburg,2025-11-18,3.7,0.49,0.282,0.2782,0.2268,0.217,4.2958,5.35,9.3458,13.3
Hamburg,2025-11-19,14.8,0.17,0.3174,0.2922,0.2309,0.217,4.0542,5.2417,8.9167,13.2083
Hamburg,2025-11-20,1.8,0.38,0.3015,0.3062,0.2411,0.217,2.7958,4.65,8.525,13.1125
Hamburg,2025-11-21,0.4,0.34,0.2798,0.2894,0.2475,0.217,-0.0333,2.325,7.9417,12.9958
Hamburg,2025-11-22,0.0,0.52,0.2702,0.2795,0.2505,0.2176,0.0333,1.6833,7.2375,12.8708
Hamburg,2025-11-23,2.1,0.98,0.2628,0.2724,0.2523,0.218,-0.0917,1.5083,6.6375,12.7417
Hamburg,2025-11-24,1.1,0.25,0.2676,0.2682,0.253,0.218,1.825,2.1833,6.1792,12.5917
Hamburg,2025-11-25,0.0,0.19,0.2678,0.2675,0.2539,0.2182,3.1625,3.625,6.0125,12.4458
Hamburg,2025-11-26,0.0,0.25,0.2615,0.2656,0.254,0.219,2.4792,3.3833,5.9958,12.3
Hamburg,2025-11-27,2.6,0.29,0.269,0.2645,0.255,0.219,3.0917,3.475,5.9,12.1542
Hamburg,2025-11-28,1.2,0.2,0.2755,0.2689,0.255,0.2191,5.9083,5.2125,5.9875,12.0167
Hamburg,2025-11-29,0.0,0.31,0.2655,0.2686,0.256,0.22,6.9042,6.5417,6.3208,11.8708
Hamburg,2025-11-30,0.1,0.65,0.2588,0.2656,0.256,0.22,6.7833,6.8208,6.6792,11.75
Hamburg,2025-12-01,0.0,0.71,0.2533,0.2622,0.256,0.2202,4.475,5.5375,6.8958,11.6417
Hamburg,2025-12-02,1.5,0.64,0.2576,0.2595,0.256,0.221,4.3042,4.9208,6.85,11.5333
Hamburg,2025-12-03,1.5,0.16,0.2648,0.2604,0.256,0.221,4.8917,5.2833,6.8,11.425
Hamburg,2025-12-04,2.2,0.18,0.2724,0.2637,0.256,0.2212,3.875,4.8833,6.8,11.3208
Hamburg,2025-12-05,0.0,0.15,0.265,0.2657,0.2563,0.222,2.2917,3.5625,6.6292,11.2167
Hamburg,2025-12-06,2.3,0.29,0.2643,0.2643,0.257,0.222,3.6875,3.9667,6.4208,11.1083
Hamburg,2025-12-07,5.2,0.25,0.2867,0.272,0.2571,0.2222,6.2417,5.5583,6.4167,10.9917
Hamburg,2025-12-08,6.2,0.43,0.2985,0.2854,0.2588,0.223,8.5,7.45,6.675,10.8958
Hamburg,2025-12-09,8.9,0.29,0.3084,0.2953,0.262,0.223,9.5625,8.7583,7.1583,10.8
Hamburg,2025-12-10,1.0,0.63,0.2948,0.3001,0.2673,0.2238,9.4375,9.0,7.6333,10.7125
Hamburg,2025-12-11,0.0,0.45,0.2772,0.2889,0.2704,0.2241,7.6042,8.25,7.9833,10.6583
Hamburg,2025-12-12,0.0,0.22,0.2694,0.2808,0.2714,0.225,5.6833,6.6042,8.025,10.6
Hamburg,2025-12-13,0.0,0.2,0.2648,0.2751,0.2718,0.2255,6.8333,7.0292,7.9458,10.525
Hamburg,2025-12-14,0.0,0.29,0.2609,0.271,0.271,0.226,5.3667,6.1458,7.8583,10.4875
Hamburg,2025-12-15,0.0,0.36,0.2576,0.2673,0.2707,0.227,5.1875,5.9958,7.7292,10.4
Hamburg,2025-12-16,0.0,0.44,0.2543,0.2638,0.27,0.2274,4.5792,5.4125,7.5375,10.3458
Hamburg,2025-12-17,0.1,0.33,0.2515,0.2605,0.2692,0.228,5.1583,5.3167,7.3333,10.2917
Hamburg,2025-12-18,0.0,0.64,0.2492,0.2575,0.2685,0.2286,7.0708,6.7708,7.3042,10.2
Hamburg,2025-12-19,1.0,0.58,0.2505,0.2552,0.2677,0.229,7.8875,7.5583,7.4417,10.1375
Hamburg,2025-12-20,0.0,0.15,0.2509,0.2539,0.267,0.2297,5.0125,6.3042,7.5333,10.1
Hamburg,2025-12-21,0.0,0.18,0.2478,0.2526,0.266,0.23,5.5542,5.9042,7.4208,10.0
Hamburg,2025-12-22,0.0,0.28,0.2449,0.251,0.2654,0.2306,4.8792,5.7708,7.3292,9.9625
Hamburg,2025-12-23,0.0,0.47,0.2421,0.249,0.2646,0.231,2.625,4.3667,7.1125,9.9
Hamburg,2025-12-24,0.0,0.64,0.239,0.2469,0.2638,0.2313,1.3542,3.0,6.7083,9.8167
Hamburg,2025-12-25,0.0,0.5,0.2365,0.2448,0.263,0.232,-0.4292,1.625,6.1958,9.7458
Hamburg,2025-12-26,0.0,0.2,0.2355,0.2432,0.2621,0.232,-1.3125,0.6375,5.575,9.6583
Hamburg,2025-12-27,0.0,0.17,0.235,0.2417,0.2615,0.2326,-0.6917,0.4417,5.0,9.5542
Hamburg,2025-12-28,0.0,0.15,0.2345,0.2405,0.2608,0.233,-0.7208,0.5,4.5333,9.4417
Hamburg,2025-12-29,0.1,0.35,0.2343,0.2395,0.26,0.233,0.7375,0.775,4.1833,9.3292
Hamburg,2025-12-30,0.0,0.48,0.2333,0.2385,0.2592,0.2335,-0.3792,0.9042,3.9667,9.2
Hamburg,2025-12-31,3.7,0.3,0.2469,0.2388,0.2586,0.234,-0.3667,0.575,3.7417,9.0708
