site,time,soil_moisture_0_to_1cm_icon_d2,soil_moisture_1_to_3cm_icon_d2,soil_moisture_3_to_9cm_icon_d2,soil_moisture_9_to_27cm_icon_d2,soil_moisture_27_to_81cm_icon_d2,soil_temperature_0cm_icon_d2,soil_temperature_6cm_icon_d2,soil_temperature_18cm_icon_d2,soil_temperature_54cm_icon_d2,soil_moisture_0_to_1cm_icon_eu,soil_moisture_1_to_3cm_icon_eu,soil_moisture_3_to_9cm_icon_eu,soil_moisture_9_to_27cm_icon_eu,soil_moisture_27_to_81cm_icon_eu,soil_temperature_0cm_icon_eu,soil_temperature_6cm_icon_eu,soil_temperature_18cm_icon_eu,soil_temperature_54cm_icon_eu,soil_moisture_0_to_1cm_icon_global,soil_moisture_1_to_3cm_icon_global,soil_moisture_3_to_9cm_icon_global,soil_moisture_9_to_27cm_icon_global,soil_moisture_27_to_81cm_icon_global,soil_temperature_0cm_icon_global,soil_temperature_6cm_icon_global,soil_temperature_18cm_icon_global,soil_temperature_54cm_icon_global
Hildesheimer Boerde (loess),2026-10-03 00:00:00,0.271,0.271,0.272,0.262,0.233,9.1,11.9,15.2,15.2,0.274,0.275,0.277,0.275,0.233,8.2,12.4,16.1,15.6,0.27,0.271,0.272,0.264,0.21,8.2,12.1,15.9,15.6
Hildesheimer Boerde (loess),2026-10-03 01:00:00,0.27,0.271,0.271,0.262,0.233,9.1,11.6,15.0,15.2,0.273,0.274,0.276,0.275,0.233,8.3,12.0,15.9,15.7,0.269,0.27,0.271,0.264,0.21,8.1,11.7,15.7,15.6
Hildesheimer Boerde (loess),2026-10-03 02:00:00,0.269,0.27,0.271,0.262,0.233,9.4,11.5,14.8,15.2,0.273,0.274,0.276,0.275,0.233,8.6,11.7,15.7,15.6,0.269,0.27,0.27,0.264,0.21,8.4,11.5,15.5,15.6
Hildesheimer Boerde (loess),2026-10-03 03:00:00,0.271,0.271,0.273,0.269,0.233,8.0,10.8,14.6,15.2,0.272,0.273,0.275,0.275,0.233,8.0,11.2,15.5,15.6,0.268,0.269,0.27,0.264,0.21,8.0,11.3,15.3,15.6
Hildesheimer Boerde (loess),2026-10-03 04:00:00,0.27,0.271,0.272,0.269,0.233,7.9,10.6,14.4,15.2,0.272,0.273,0.275,0.275,0.233,7.8,11.1,15.3,15.6,0.267,0.268,0.269,0.264,0.21,7.9,11.0,15.1,15.6
Hildesheimer Boerde (loess),2026-10-03 05:00:00,0.27,0.271,0.272,0.269,0.233,8.4,10.5,14.2,15.2,0.271,0.272,0.274,0.274,0.234,8.5,10.9,15.1,15.6,0.267,0.268,0.269,0.263,0.21,7.8,10.8,14.9,15.5
Hildesheimer Boerde (loess),2026-10-03 06:00:00,0.269,0.27,0.271,0.268,0.233,7.4,9.4,13.9,15.2,0.271,0.272,0.274,0.274,0.234,9.0,10.9,14.9,15.6,0.266,0.267,0.268,0.263,0.21,8.9,10.7,14.7,15.5
Hildesheimer Boerde (loess),2026-10-03 07:00:00,0.269,0.27,0.271,0.268,0.234,9.8,9.7,13.7,15.2,0.27,0.271,0.274,0.274,0.234,11.4,11.2,14.7,15.6,0.266,0.267,0.268,0.263,0.211,11.8,11.0,14.5,15.5
Hildesheimer Boerde (loess),2026-10-03 08:00:00,0.268,0.269,0.271,0.268,0.234,11.9,10.4,13.5,15.2,0.269,0.271,0.273,0.274,0.234,14.4,11.8,14.6,15.6,0.265,0.266,0.267,0.263,0.211,14.7,11.7,14.4,15.5
Hildesheimer Boerde (loess),2026-10-03 09:00:00,0.267,0.268,0.27,0.268,0.234,14.6,11.3,13.4,15.2,0.268,0.27,0.273,0.273,0.234,17.4,12.8,14.5,15.6,0.263,0.265,0.267,0.263,0.211,18.1,12.8,14.3,15.5
Hildesheimer Boerde (loess),2026-10-03 10:00:00,0.266,0.267,0.269,0.268,0.234,17.5,12.6,13.4,15.2,0.266,0.268,0.272,0.273,0.234,19.6,14.0,14.4,15.6,0.261,0.263,0.266,0.263,0.211,20.2,14.2,14.3,15.5
Hildesheimer Boerde (loess),2026-10-03 11:00:00,0.265,0.266,0.269,0.267,0.234,19.5,14.0,13.4,15.1,0.265,0.267,0.271,0.273,0.234,20.4,15.2,14.5,15.6,0.259,0.262,0.265,0.262,0.211,21.0,15.5,14.3,15.5
Hildesheimer Boerde (loess),2026-10-03 12:00:00,0.263,0.265,0.268,0.267,0.234,19.3,15.2,13.5,15.1,0.263,0.266,0.27,0.272,0.234,20.6,16.2,14.5,15.6,0.257,0.26,0.264,0.262,0.211,22.1,16.5,14.4,15.5
Hildesheimer Boerde (loess),2026-10-03 13:00:00,0.262,0.263,0.267,0.267,0.234,19.9,16.1,13.6,15.1,0.261,0.264,0.269,0.272,0.234,20.9,16.9,14.7,15.6,0.255,0.258,0.263,0.261,0.211,21.9,17.3,14.6,15.5
Hildesheimer Boerde (loess),2026-10-03 14:00:00,0.26,0.262,0.266,0.266,0.234,20.2,16.7,13.8,15.1,0.26,0.263,0.268,0.271,0.234,21.0,17.5,14.8,15.6,0.254,0.257,0.261,0.261,0.211,21.4,17.9,14.7,15.5
Hildesheimer Boerde (loess),2026-10-03 15:00:00,0.26,0.261,0.265,0.266,0.234,18.8,17.0,14.0,15.1,0.26,0.262,0.267,0.271,0.235,19.1,17.8,14.9,15.6,0.253,0.256,0.26,0.26,0.211,19.9,18.2,14.9,15.5
Hildesheimer Boerde (loess),2026-10-03 16:00:00,0.26,0.261,0.264,0.266,0.234,16.8,16.9,14.2,15.1,0.26,0.262,0.266,0.27,0.235,17.3,17.7,15.1,15.6,0.253,0.255,0.259,0.26,0.211,17.5,18.0,15.1,15.5
Hildesheimer Boerde (loess),2026-10-03 17:00:00,0.26,0.261,0.264,0.265,0.234,14.5,16.4,14.3,15.1,0.26,0.262,0.266,0.27,0.235,14.1,17.2,15.2,15.6,0.254,0.255,0.259,0.26,0.211,13.8,17.3,15.2,15.5
Hildesheimer Boerde (loess),2026-10-03 18:00:00,0.26,0.261,0.263,0.265,0.234,12.7,15.5,14.4,15.1,0.26,0.262,0.265,0.27,0.235,13.2,16.3,15.3,15.5,0.254,0.255,0.258,0.26,0.212,12.3,16.3,15.3,15.5
Hildesheimer Boerde (loess),2026-10-03 19:00:00,0.261,0.261,0.263,0.265,0.234,11.2,14.7,14.5,15.1,0.261,0.262,0.265,0.27,0.235,11.8,15.5,15.3,15.5,0.254,0.255,0.258,0.259,0.212,11.0,15.3,15.3,15.5
Hildesheimer Boerde (loess),2026-10-03 20:00:00,0.261,0.261,0.263,0.265,0.234,9.9,13.8,14.5,15.1,0.261,0.262,0.265,0.269,0.235,10.6,14.7,15.3,15.5,0.254,0.255,0.258,0.259,0.212,10.3,14.4,15.3,15.4
Hildesheimer Boerde (loess),2026-10-03 21:00:00,0.261,0.261,0.263,0.265,0.235,9.2,13.0,14.4,15.1,0.261,0.262,0.264,0.269,0.235,10.5,13.9,15.3,15.5,0.254,0.255,0.257,0.259,0.212,9.7,13.7,15.2,15.4
Hildesheimer Boerde (loess),2026-10-03 22:00:00,0.26,0.261,0.263,0.264,0.235,9.6,12.3,14.4,15.1,0.261,0.262,0.264,0.269,0.235,9.9,13.3,15.2,15.5,0.254,0.255,0.257,0.259,0.212,8.9,13.0,15.1,15.4
Hildesheimer Boerde (loess),2026-10-03 23:00:00,0.26,0.261,0.263,0.264,0.235,9.8,12.0,14.2,15.1,0.261,0.262,0.264,0.268,0.235,9.2,12.8,15.1,15.5,0.254,0.255,0.257,0.259,0.212,8.4,12.4,15.0,15.4
Hildesheimer Boerde (loess),2026-10-04 00:00:00,0.26,0.261,0.262,0.264,0.235,9.8,11.8,14.1,15.0,0.261,0.262,0.264,0.268,0.236,8.8,12.3,15.0,15.5,0.254,0.255,0.257,0.258,0.212,8.3,11.9,14.9,15.4
Hildesheimer Boerde (loess),2026-10-04 01:00:00,0.26,0.261,0.262,0.264,0.235,9.5,11.6,14.0,15.0,0.261,0.262,0.264,0.268,0.236,8.8,11.9,14.9,15.5,0.254,0.255,0.257,0.258,0.212,8.2,11.5,14.7,15.4
Hildesheimer Boerde (loess),2026-10-04 02:00:00,0.26,0.261,0.262,0.264,0.235,9.4,11.4,13.9,15.0,0.26,0.261,0.264,0.268,0.236,8.4,11.6,14.7,15.5,0.254,0.255,0.256,0.258,0.212,8.1,11.2,14.6,15.4
Hildesheimer Boerde (loess),2026-10-04 03:00:00,0.26,0.261,0.262,0.264,0.235,9.0,11.2,13.8,15.0,0.26,0.261,0.264,0.267,0.236,8.6,11.3,14.6,15.5,0.254,0.255,0.256,0.258,0.213,7.7,10.9,14.4,15.4
Hildesheimer Boerde (loess),2026-10-04 04:00:00,0.26,0.26,0.262,0.263,0.235,8.7,11.0,13.7,15.0,0.26,0.261,0.263,0.267,0.236,8.4,11.1,14.4,15.5,0.254,0.255,0.256,0.257,0.213,8.1,10.7,14.3,15.4
Hildesheimer Boerde (loess),2026-10-04 05:00:00,0.26,0.26,0.262,0.263,0.235,8.7,10.8,13.5,15.0,0.26,0.261,0.263,0.267,0.236,8.3,11.0,14.3,15.5,0.254,0.254,0.256,0.257,0.213,7.7,10.6,14.1,15.4
Hildesheimer Boerde (loess),2026-10-04 06:00:00,0.26,0.26,0.262,0.263,0.235,9.0,10.7,13.4,15.0,0.26,0.261,0.263,0.267,0.236,9.1,10.8,14.1,15.5,0.254,0.254,0.256,0.257,0.213,8.2,10.4,14.0,15.4
Hildesheimer Boerde (loess),2026-10-04 07:00:00,0.259,0.26,0.261,0.263,0.236,10.8,10.8,13.3,15.0,0.26,0.261,0.263,0.267,0.236,11.0,11.0,14.0,15.5,0.253,0.254,0.256,0.257,0.213,10.8,10.5,13.8,15.4
Hildesheimer Boerde (loess),2026-10-04 08:00:00,0.259,0.26,0.261,0.263,0.236,13.8,11.3,13.2,15.0,0.259,0.26,0.263,0.266,0.236,14.3,11.5,13.9,15.5,0.253,0.254,0.255,0.257,0.213,14.1,11.1,13.7,15.4
Hildesheimer Boerde (loess),2026-10-04 09:00:00,0.258,0.259,0.261,0.263,0.236,16.3,12.3,13.2,15.0,0.258,0.26,0.262,0.266,0.236,16.8,12.4,13.8,15.5,0.252,0.253,0.255,0.256,0.213,17.2,12.2,13.6,15.4
Hildesheimer Boerde (loess),2026-10-04 10:00:00,0.257,0.258,0.26,0.262,0.236,18.6,13.4,13.2,14.9,0.257,0.259,0.262,0.265,0.236,18.6,13.5,13.8,15.4,0.25,0.252,0.255,0.256,0.213,18.5,13.5,13.6,15.3
Hildesheimer Boerde (loess),2026-10-04 11:00:00,0.255,0.257,0.26,0.262,0.236,19.6,14.7,13.2,14.9,0.255,0.258,0.261,0.265,0.236,19.8,14.7,13.8,15.4,0.249,0.251,0.254,0.256,0.213,20.4,14.6,13.7,15.3
Hildesheimer Boerde (loess),2026-10-04 12:00:00,0.254,0.256,0.259,0.261,0.236,20.6,15.7,13.4,14.9,0.253,0.256,0.26,0.265,0.237,21.0,15.7,13.9,15.4,0.247,0.25,0.253,0.255,0.213,20.9,15.7,13.8,15.3
Hildesheimer Boerde (loess),2026-10-04 13:00:00,0.252,0.254,0.258,0.261,0.236,20.6,16.6,13.6,14.9,0.251,0.255,0.26,0.264,0.237,21.2,16.7,14.1,15.4,0.245,0.248,0.252,0.255,0.213,21.4,16.6,13.9,15.3
Hildesheimer Boerde (loess),2026-10-04 14:00:00,0.251,0.253,0.257,0.26,0.236,20.2,17.1,13.8,14.9,0.25,0.253,0.259,0.264,0.237,20.7,17.3,14.2,15.4,0.243,0.247,0.252,0.254,0.213,20.6,17.2,14.1,15.3
Hildesheimer Boerde (loess),2026-10-04 15:00:00,0.251,0.253,0.257,0.26,0.236,18.4,17.2,14.0,14.9,0.25,0.252,0.258,0.263,0.237,19.1,17.6,14.4,15.4,0.243,0.246,0.251,0.254,0.213,19.0,17.4,14.2,15.3
Hildesheimer Boerde (loess),2026-10-04 16:00:00,0.251,0.252,0.256,0.26,0.236,16.4,17.0,14.2,14.9,0.25,0.252,0.257,0.263,0.237,17.0,17.4,14.6,15.4,0.243,0.245,0.25,0.254,0.213,16.5,17.2,14.4,15.3
Hildesheimer Boerde (loess),2026-10-04 17:00:00,0.251,0.252,0.256,0.26,0.236,13.9,16.3,14.3,14.9,0.251,0.252,0.257,0.263,0.237,13.8,16.8,14.7,15.4,0.244,0.245,0.25,0.253,0.214,13.5,16.6,14.5,15.3
Hildesheimer Boerde (loess),2026-10-04 18:00:00,0.252,0.253,0.255,0.259,0.236,12.1,15.3,14.4,14.9,0.252,0.253,0.256,0.262,0.237,12.1,15.8,14.8,15.4,0.245,0.246,0.249,0.253,0.214,12.0,15.6,14.6,15.3
Hildesheimer Boerde (loess),2026-10-04 19:00:00,0.252,0.253,0.255,0.259,0.236,11.5,14.4,14.4,14.9,0.252,0.253,0.256,0.262,0.237,11.3,14.9,14.9,15.4,0.245,0.246,0.249,0.253,0.214,10.8,14.7,14.7,15.3
Hildesheimer Boerde (loess),2026-10-04 20:00:00,0.252,0.253,0.255,0.259,0.236,11.2,13.8,14.4,14.9,0.252,0.253,0.256,0.262,0.237,10.4,14.1,14.8,15.4,0.245,0.246,0.249,0.253,0.214,9.8,13.9,14.7,15.3
Hildesheimer Boerde (loess),2026-10-04 21:00:00,0.253,0.253,0.255,0.259,0.236,10.4,13.2,14.4,14.9,0.252,0.253,0.256,0.262,0.237,9.7,13.4,14.8,15.4,0.245,0.246,0.249,0.252,0.214,9.0,13.1,14.6,15.3
Hildesheimer Boerde (loess),2026-10-04 22:00:00,0.253,0.253,0.255,0.259,0.236,9.6,12.6,14.3,14.9,0.252,0.253,0.256,0.262,0.237,9.3,12.7,14.7,15.4,0.246,0.246,0.248,0.252,0.214,8.8,12.4,14.5,15.2
Hildesheimer Boerde (loess),2026-10-04 23:00:00,0.253,0.253,0.255,0.259,0.236,9.2,12.1,14.2,14.9,0.253,0.253,0.256,0.261,0.237,8.7,12.2,14.6,15.3,0.246,0.246,0.248,0.252,0.214,8.4,11.9,14.4,15.2
Hildesheimer Boerde (loess),2026-10-05 00:00:00,0.253,0.253,0.255,0.258,0.236,8.4,11.7,14.1,14.8,0.253,0.253,0.256,0.261,0.237,7.9,11.7,14.5,15.3,0.246,0.246,0.248,0.252,0.214,7.8,11.5,14.3,15.2
Hildesheimer Boerde (loess),2026-10-05 01:00:00,0.253,0.253,0.255,0.258,0.236,9.1,11.3,14.0,14.8,0.253,0.254,0.256,0.261,0.237,7.7,11.2,14.4,15.3,0.246,0.246,0.248,0.252,0.214,7.9,11.1,14.2,15.2
Hildesheimer Boerde (loess),2026-10-05 02:00:00,0.253,0.253,0.255,0.258,0.237,9.2,11.2,13.8,14.8,0.253,0.254,0.256,0.261,0.238,7.9,10.9,14.2,15.3,0.246,0.246,0.248,0.251,0.214,7.8,10.8,14.0,15.2
Hildesheimer Boerde (loess),2026-10-05 03:00:00,0.253,0.253,0.255,0.258,0.237,8.8,11.0,13.7,14.8,0.253,0.254,0.256,0.26,0.238,7.7,10.7,14.1,15.3,0.246,0.246,0.248,0.251,0.214,7.7,10.6,13.9,15.2
Hildesheimer Boerde (loess),2026-10-05 04:00:00,0.253,0.253,0.255,0.258,0.237,9.3,10.9,13.6,14.8,0.253,0.253,0.256,0.26,0.238,8.3,10.5,13.9,15.3,0.246,0.246,0.248,0.251,0.215,7.9,10.4,13.7,15.2
Hildesheimer Boerde (loess),2026-10-05 05:00:00,0.253,0.253,0.255,0.258,0.237,9.3,10.9,13.5,14.8,0.253,0.253,0.255,0.26,0.238,8.6,10.5,13.8,15.3,0.246,0.246,0.248,0.251,0.215,8.3,10.3,13.6,15.2
Hildesheimer Boerde (loess),2026-10-05 06:00:00,0.253,0.253,0.255,0.257,0.237,9.8,10.8,13.3,14.8,0.253,0.253,0.255,0.26,0.238,9.0,10.5,13.6,15.3,0.246,0.246,0.248,0.251,0.215,9.0,10.3,13.5,15.2
Hildesheimer Boerde (loess),2026-10-05 07:00:00,,,,,,,,,,0.252,0.253,0.255,0.26,0.238,11.6,10.7,13.5,15.3,0.245,0.246,0.248,0.25,0.215,11.5,10.6,13.3,15.2
Hildesheimer Boerde (loess),2026-10-05 08:00:00,,,,,,,,,,0.252,0.253,0.255,0.259,0.238,13.9,11.4,13.4,15.3,0.245,0.246,0.248,0.25,0.215,14.8,11.3,13.2,15.2
Hildesheimer Boerde (loess),2026-10-05 09:00:00,,,,,,,,,,0.251,0.252,0.255,0.259,0.238,17.8,12.4,13.4,15.3,0.243,0.245,0.247,0.25,0.215,18.2,12.4,13.2,15.1
Hildesheimer Boerde (loess),2026-10-05 10:00:00,,,,,,,,,,0.249,0.251,0.254,0.259,0.238,19.7,13.8,13.4,15.2,0.242,0.244,0.247,0.25,0.215,20.1,13.8,13.2,15.1
Hildesheimer Boerde (loess),2026-10-05 11:00:00,,,,,,,,,,0.247,0.25,0.254,0.258,0.238,21.2,15.1,13.5,15.2,0.239,0.243,0.246,0.249,0.215,21.4,15.1,13.3,15.1
Hildesheimer Boerde (loess),2026-10-05 12:00:00,,,,,,,,,,0.245,0.248,0.253,0.258,0.238,21.3,16.2,13.6,15.2,0.237,0.241,0.245,0.249,0.215,21.8,16.2,13.5,15.1
Hildesheimer Boerde (loess),2026-10-05 13:00:00,,,,,,,,,,0.243,0.247,0.252,0.257,0.238,21.3,17.0,13.8,15.2,0.236,0.239,0.245,0.248,0.215,21.4,17.0,13.7,15.1
Hildesheimer Boerde (loess),2026-10-05 14:00:00,,,,,,,,,,0.242,0.246,0.251,0.257,0.238,20.4,17.5,14.0,15.2,0.234,0.238,0.244,0.248,0.215,20.5,17.4,13.9,15.1
Hildesheimer Boerde (loess),2026-10-05 15:00:00,,,,,,,,,,0.242,0.245,0.25,0.257,0.238,19.2,17.6,14.2,15.2,0.234,0.237,0.243,0.247,0.215,19.2,17.6,14.1,15.1
Hildesheimer Boerde (loess),2026-10-05 16:00:00,,,,,,,,,,0.242,0.244,0.25,0.256,0.238,17.0,17.4,14.4,15.2,0.234,0.237,0.242,0.247,0.215,16.9,17.4,14.2,15.1
Hildesheimer Boerde (loess),2026-10-05 17:00:00,,,,,,,,,,0.243,0.244,0.249,0.256,0.238,14.7,16.8,14.5,15.2,0.235,0.237,0.242,0.247,0.215,14.6,16.8,14.4,15.1
Hildesheimer Boerde (loess),2026-10-05 18:00:00,,,,,,,,,,0.243,0.245,0.249,0.256,0.238,13.3,16.0,14.6,15.2,0.235,0.237,0.242,0.247,0.215,13.2,16.0,14.5,15.1
Hildesheimer Boerde (loess),2026-10-05 19:00:00,,,,,,,,,,0.243,0.245,0.249,0.256,0.238,12.5,15.2,14.7,15.2,0.236,0.237,0.241,0.246,0.215,12.5,15.2,14.6,15.1
Hildesheimer Boerde (loess),2026-10-05 20:00:00,,,,,,,,,,0.244,0.245,0.249,0.256,0.238,11.4,14.5,14.7,15.2,0.236,0.237,0.241,0.246,0.215,11.1,14.5,14.6,15.1
Hildesheimer Boerde (loess),2026-10-05 21:00:00,,,,,,,,,,0.244,0.245,0.249,0.255,0.238,10.8,13.9,14.7,15.2,0.237,0.238,0.241,0.246,0.215,10.5,13.8,14.6,15.0
Hildesheimer Boerde (loess),2026-10-05 22:00:00,,,,,,,,,,0.245,0.245,0.248,0.255,0.238,10.1,13.3,14.6,15.2,0.237,0.238,0.241,0.246,0.216,10.0,13.2,14.5,15.0
Hildesheimer Boerde (loess),2026-10-05 23:00:00,,,,,,,,,,0.245,0.246,0.248,0.255,0.238,9.5,12.7,14.6,15.1,0.237,0.238,0.241,0.246,0.216,9.5,12.7,14.4,15.0
Hildesheimer Boerde (loess),2026-10-06 00:00:00,,,,,,,,,,0.245,0.246,0.248,0.255,0.239,9.1,12.3,14.5,15.1,0.237,0.238,0.24,0.246,0.216,9.2,12.2,14.4,15.0
Hildesheimer Boerde (loess),2026-10-06 01:00:00,,,,,,,,,,0.245,0.246,0.248,0.255,0.239,8.9,11.8,14.4,15.1,0.238,0.238,0.24,0.245,0.216,8.9,11.8,14.3,15.0
Hildesheimer Boerde (loess),2026-10-06 02:00:00,,,,,,,,,,0.245,0.246,0.248,0.254,0.239,8.6,11.5,14.2,15.1,0.238,0.238,0.24,0.245,0.216,8.6,11.5,14.1,15.0
Hildesheimer Boerde (loess),2026-10-06 03:00:00,,,,,,,,,,0.245,0.246,0.248,0.254,0.239,8.3,11.2,14.1,15.1,0.238,0.238,0.24,0.245,0.216,8.3,11.2,14.0,15.0
Hildesheimer Boerde (loess),2026-10-06 04:00:00,,,,,,,,,,0.246,0.246,0.248,0.254,0.239,8.0,10.9,14.0,15.1,0.238,0.238,0.24,0.245,0.216,8.0,10.9,13.9,15.0
Hildesheimer Boerde (loess),2026-10-06 05:00:00,,,,,,,,,,0.246,0.246,0.248,0.254,0.239,7.6,10.6,13.8,15.1,0.238,0.239,0.24,0.245,0.216,7.7,10.7,13.8,15.0
Hildesheimer Boerde (loess),2026-10-06 06:00:00,,,,,,,,,,0.246,0.246,0.248,0.254,0.239,7.9,10.4,13.7,15.1,0.238,0.239,0.24,0.244,0.216,8.1,10.5,13.6,15.0
Hildesheimer Boerde (loess),2026-10-06 07:00:00,,,,,,,,,,0.246,0.246,0.248,0.254,0.239,10.9,10.8,13.5,15.1,0.238,0.239,0.24,0.244,0.216,11.1,10.9,13.5,15.0
Hildesheimer Boerde (loess),2026-10-06 08:00:00,,,,,,,,,,0.245,0.246,0.248,0.253,0.239,15.0,11.6,13.4,15.1,0.237,0.239,0.24,0.244,0.216,15.4,11.6,13.4,15.0
Hildesheimer Boerde (loess),2026-10-06 09:00:00,,,,,,,,,,0.244,0.246,0.248,0.253,0.239,18.5,12.5,13.4,15.1,0.236,0.238,0.24,0.244,0.216,19.0,12.6,13.3,15.0
Hildesheimer Boerde (loess),2026-10-06 10:00:00,,,,,,,,,,0.242,0.245,0.247,0.253,0.239,20.5,13.8,13.4,15.1,0.234,0.237,0.239,0.244,0.216,21.0,13.9,13.4,15.0
Hildesheimer Boerde (loess),2026-10-06 11:00:00,,,,,,,,,,0.24,0.243,0.247,0.252,0.239,21.9,15.3,13.5,15.0,0.232,0.235,0.239,0.243,0.216,22.3,15.4,13.5,14.9
Hildesheimer Boerde (loess),2026-10-06 12:00:00,,,,,,,,,,0.238,0.242,0.246,0.252,0.239,22.5,16.6,13.6,15.0,0.23,0.234,0.238,0.243,0.216,22.9,16.7,13.6,14.9
Hildesheimer Boerde (loess),2026-10-06 13:00:00,,,,,,,,,,0.237,0.241,0.245,0.252,0.239,22.3,17.5,13.8,15.0,0.228,0.233,0.237,0.243,0.216,22.6,17.6,13.8,14.9
Hildesheimer Boerde (loess),2026-10-06 14:00:00,,,,,,,,,,0.236,0.239,0.245,0.251,0.239,21.4,18.1,14.1,15.0,0.227,0.231,0.237,0.242,0.216,21.6,18.2,14.0,14.9
Hildesheimer Boerde (loess),2026-10-06 15:00:00,,,,,,,,,,0.235,0.238,0.244,0.251,0.239,19.9,18.2,14.3,15.0,0.226,0.23,0.236,0.242,0.216,20.0,18.3,14.2,14.9
Hildesheimer Boerde (loess),2026-10-06 16:00:00,,,,,,,,,,0.235,0.238,0.244,0.251,0.239,17.3,17.8,14.5,15.0,0.227,0.23,0.236,0.242,0.216,17.2,17.8,14.4,14.9
Hildesheimer Boerde (loess),2026-10-06 17:00:00,,,,,,,,,,0.236,0.238,0.243,0.25,0.239,14.0,16.9,14.6,15.0,0.228,0.23,0.235,0.241,0.217,13.7,16.8,14.6,14.9
Hildesheimer Boerde (loess),2026-10-06 18:00:00,,,,,,,,,,0.237,0.238,0.243,0.25,0.239,11.4,15.9,14.7,15.0,0.229,0.23,0.235,0.241,0.217,11.0,15.8,14.7,14.9
Hildesheimer Boerde (loess),2026-10-06 19:00:00,,,,,,,,,,0.238,0.238,0.243,0.25,0.239,10.1,14.9,14.8,15.0,0.229,0.23,0.235,0.241,0.217,9.8,14.8,14.7,14.9
Hildesheimer Boerde (loess),2026-10-06 20:00:00,,,,,,,,,,0.238,0.239,0.243,0.25,0.239,9.5,13.8,14.7,15.0,0.23,0.231,0.234,0.24,0.217,9.3,13.8,14.7,14.9
Hildesheimer Boerde (loess),2026-10-06 21:00:00,,,,,,,,,,0.239,0.239,0.243,0.25,0.239,8.8,12.9,14.7,15.0,0.23,0.231,0.234,0.24,0.217,8.9,12.9,14.6,14.9
Hildesheimer Boerde (loess),2026-10-06 22:00:00,,,,,,,,,,0.239,0.239,0.243,0.25,0.239,7.9,12.1,14.6,15.0,0.23,0.231,0.234,0.24,0.217,8.1,12.2,14.5,14.9
Hildesheimer Boerde (loess),2026-10-06 23:00:00,,,,,,,,,,0.239,0.24,0.242,0.25,0.239,7.1,11.5,14.4,15.0,0.231,0.232,0.234,0.24,0.217,7.4,11.6,14.4,14.9
Hildesheimer Boerde (loess),2026-10-07 00:00:00,,,,,,,,,,0.239,0.24,0.242,0.25,0.239,6.4,10.9,14.3,15.0,0.231,0.232,0.234,0.24,0.217,6.9,11.0,14.3,14.9
Hildesheimer Boerde (loess),2026-10-07 01:00:00,,,,,,,,,,0.239,0.24,0.242,0.25,0.239,6.0,10.3,14.1,15.0,0.231,0.232,0.234,0.24,0.217,6.5,10.5,14.1,14.9
Hildesheimer Boerde (loess),2026-10-07 02:00:00,,,,,,,,,,0.24,0.241,0.243,0.249,0.24,5.7,9.8,13.9,15.0,0.231,0.232,0.234,0.24,0.217,6.4,10.1,14.0,14.9
Hildesheimer Boerde (loess),2026-10-07 03:00:00,,,,,,,,,,0.24,0.241,0.243,0.249,0.24,5.6,9.4,13.7,15.0,0.231,0.232,0.234,0.24,0.217,6.3,9.8,13.8,14.9
Hildesheimer Boerde (loess),2026-10-07 04:00:00,,,,,,,,,,0.24,0.241,0.243,0.249,0.24,5.1,9.0,13.5,15.0,0.231,0.232,0.234,0.24,0.217,5.9,9.4,13.6,14.9
Hildesheimer Boerde (loess),2026-10-07 05:00:00,,,,,,,,,,0.24,0.241,0.243,0.249,0.24,4.8,8.7,13.3,14.9,0.232,0.232,0.234,0.239,0.217,5.5,9.1,13.4,14.8
Hildesheimer Boerde (loess),2026-10-07 06:00:00,,,,,,,,,,0.24,0.241,0.243,0.249,0.24,5.7,8.7,13.1,14.9,0.232,0.232,0.234,0.239,0.217,6.5,9.2,13.2,14.8
Hildesheimer Boerde (loess),2026-10-07 07:00:00,,,,,,,,,,0.24,0.241,0.243,0.249,0.24,9.2,9.2,13.0,14.9,0.232,0.232,0.234,0.239,0.217,9.9,9.7,13.1,14.8
Hildesheimer Boerde (loess),2026-10-07 08:00:00,,,,,,,,,,0.239,0.241,0.243,0.248,0.24,14.0,10.1,12.8,14.9,0.231,0.232,0.234,0.239,0.217,14.6,10.5,12.9,14.8
Hildesheimer Boerde (loess),2026-10-07 09:00:00,,,,,,,,,,0.238,0.24,0.243,0.248,0.24,18.0,11.3,12.7,14.9,0.23,0.232,0.234,0.239,0.217,18.5,11.6,12.8,14.8
Hildesheimer Boerde (loess),2026-10-07 10:00:00,,,,,,,,,,0.236,0.239,0.242,0.248,0.24,20.5,12.9,12.7,14.9,0.228,0.231,0.233,0.238,0.217,21.0,13.1,12.9,14.8
Hildesheimer Boerde (loess),2026-10-07 11:00:00,,,,,,,,,,0.234,0.237,0.242,0.247,0.24,22.3,14.7,12.8,14.9,0.225,0.229,0.233,0.238,0.217,22.8,14.9,13.0,14.8
Hildesheimer Boerde (loess),2026-10-07 12:00:00,,,,,,,,,,0.232,0.236,0.241,0.247,0.24,23.1,16.2,13.0,14.9,0.223,0.227,0.232,0.237,0.217,23.6,16.4,13.1,14.8
Hildesheimer Boerde (loess),2026-10-07 13:00:00,,,,,,,,,,0.23,0.235,0.24,0.247,0.24,22.9,17.2,13.2,14.9,0.221,0.225,0.231,0.237,0.217,23.3,17.4,13.3,14.8
Hildesheimer Boerde (loess),2026-10-07 14:00:00,,,,,,,,,,0.229,0.233,0.24,0.246,0.24,21.7,17.8,13.5,14.8,0.22,0.224,0.231,0.236,0.217,22.1,18.1,13.6,14.7
Hildesheimer Boerde (loess),2026-10-07 15:00:00,,,,,,,,,,0.228,0.232,0.239,0.246,0.24,20.2,18.1,13.7,14.8,0.219,0.223,0.23,0.236,0.217,20.4,18.3,13.8,14.7
Hildesheimer Boerde (loess),2026-10-07 16:00:00,,,,,,,,,,0.228,0.232,0.238,0.246,0.24,18.2,17.7,13.9,14.8,0.219,0.223,0.23,0.236,0.217,18.2,17.9,14.0,14.7
Hildesheimer Boerde (loess),2026-10-07 17:00:00,,,,,,,,,,0.228,0.231,0.238,0.245,0.24,15.9,16.9,14.1,14.8,0.219,0.223,0.229,0.236,0.217,15.5,17.0,14.2,14.7
Hildesheimer Boerde (loess),2026-10-07 18:00:00,,,,,,,,,,0.229,0.232,0.237,0.245,0.24,14.3,16.2,14.3,14.8,0.22,0.223,0.229,0.236,0.217,13.8,16.2,14.4,14.7
Hildesheimer Boerde (loess),2026-10-07 19:00:00,,,,,,,,,,0.232,0.233,0.237,0.245,0.24,13.9,15.7,14.4,14.8,0.222,0.224,0.229,0.236,0.217,13.6,15.7,14.5,14.7
Hildesheimer Boerde (loess),2026-10-07 20:00:00,,,,,,,,,,0.237,0.234,0.237,0.245,0.24,14.3,15.3,14.4,14.8,0.225,0.225,0.228,0.235,0.218,14.3,15.2,14.5,14.7
Hildesheimer Boerde (loess),2026-10-07 21:00:00,,,,,,,,,,0.242,0.237,0.237,0.245,0.24,14.7,15.0,14.5,14.8,0.228,0.226,0.228,0.235,0.218,14.8,14.9,14.5,14.7
Hildesheimer Boerde (loess),2026-10-07 22:00:00,,,,,,,,,,0.248,0.243,0.238,0.245,0.24,14.9,14.9,14.5,14.8,0.23,0.227,0.228,0.235,0.218,15.0,14.8,14.5,14.7
Hildesheimer Boerde (loess),2026-10-07 23:00:00,,,,,,,,,,0.255,0.25,0.24,0.245,0.24,15.0,14.8,14.5,14.8,0.231,0.229,0.229,0.235,0.218,15.1,14.8,14.6,14.7
Hildesheimer Boerde (loess),2026-10-08 00:00:00,,,,,,,,,,0.26,0.255,0.241,0.245,0.24,15.2,14.8,14.5,14.8,0.233,0.231,0.229,0.235,0.218,15.0,14.8,14.6,14.7
Hildesheimer Boerde (loess),2026-10-08 01:00:00,,,,,,,,,,,,,,,,,,,0.236,0.234,0.23,0.235,0.218,14.6,14.7,14.6,14.7
Hildesheimer Boerde (loess),2026-10-08 02:00:00,,,,,,,,,,,,,,,,,,,0.239,0.236,0.23,0.235,0.218,14.0,14.7,14.6,14.7
Hildesheimer Boerde (loess),2026-10-08 03:00:00,,,,,,,,,,,,,,,,,,,0.241,0.238,0.231,0.235,0.218,13.6,14.6,14.6,14.7
Hildesheimer Boerde (loess),2026-10-08 04:00:00,,,,,,,,,,,,,,,,,,,0.24,0.238,0.232,0.235,0.218,13.4,14.5,14.6,14.7
Hildesheimer Boerde (loess),2026-10-08 05:00:00,,,,,,,,,,,,,,,,,,,0.237,0.236,0.232,0.234,0.218,13.4,14.3,14.6,14.7
Hildesheimer Boerde (loess),2026-10-08 06:00:00,,,,,,,,,,,,,,,,,,,0.236,0.236,0.233,0.234,0.218,13.3,14.1,14.6,14.7
Hildesheimer Boerde (loess),2026-10-08 07:00:00,,,,,,,,,,,,,,,,,,,0.24,0.238,0.233,0.234,0.218,12.9,13.9,14.5,14.7
Hildesheimer Boerde (loess),2026-10-08 08:00:00,,,,,,,,,,,,,,,,,,,0.247,0.24,0.234,0.234,0.218,12.4,13.7,14.5,14.7
Hildesheimer Boerde (loess),2026-10-08 09:00:00,,,,,,,,,,,,,,,,,,,0.251,0.242,0.234,0.234,0.218,12.1,13.6,14.5,14.7
Hildesheimer Boerde (loess),2026-10-08 10:00:00,,,,,,,,,,,,,,,,,,,0.25,0.243,0.235,0.234,0.218,12.0,13.4,14.4,14.7
Hildesheimer Boerde (loess),2026-10-08 11:00:00,,,,,,,,,,,,,,,,,,,0.246,0.243,0.236,0.234,0.218,12.0,13.3,14.4,14.7
Hildesheimer Boerde (loess),2026-10-08 12:00:00,,,,,,,,,,,,,,,,,,,0.243,0.243,0.237,0.234,0.218,12.1,13.3,14.3,14.7
Hildesheimer Boerde (loess),2026-10-08 13:00:00,,,,,,,,,,,,,,,,,,,0.241,0.242,0.237,0.234,0.218,12.6,13.3,14.3,14.7
Hildesheimer Boerde (loess),2026-10-08 14:00:00,,,,,,,,,,,,,,,,,,,0.239,0.24,0.237,0.234,0.218,13.1,13.4,14.3,14.7
Hildesheimer Boerde (loess),2026-10-08 15:00:00,,,,,,,,,,,,,,,,,,,0.238,0.239,0.237,0.234,0.218,13.1,13.4,14.2,14.7
Hildesheimer Boerde (loess),2026-10-08 16:00:00,,,,,,,,,,,,,,,,,,,0.237,0.238,0.237,0.234,0.218,12.2,13.3,14.2,14.7
Hildesheimer Boerde (loess),2026-10-08 17:00:00,,,,,,,,,,,,,,,,,,,0.236,0.238,0.237,0.234,0.218,10.7,13.0,14.1,14.7
Hildesheimer Boerde (loess),2026-10-08 18:00:00,,,,,,,,,,,,,,,,,,,0.236,0.237,0.237,0.234,0.218,9.5,12.7,14.1,14.7
Hildesheimer Boerde (loess),2026-10-08 19:00:00,,,,,,,,,,,,,,,,,,,0.236,0.237,0.237,0.234,0.218,9.0,12.3,14.0,14.7
Hildesheimer Boerde (loess),2026-10-08 20:00:00,,,,,,,,,,,,,,,,,,,0.235,0.236,0.236,0.234,0.219,8.8,11.8,13.9,14.7
Hildesheimer Boerde (loess),2026-10-08 21:00:00,,,,,,,,,,,,,,,,,,,0.235,0.236,0.236,0.234,0.219,8.6,11.4,13.8,14.7
Hildesheimer Boerde (loess),2026-10-08 22:00:00,,,,,,,,,,,,,,,,,,,0.235,0.236,0.236,0.234,0.219,8.5,11.1,13.7,14.7
Hildesheimer Boerde (loess),2026-10-08 23:00:00,,,,,,,,,,,,,,,,,,,0.235,0.235,0.236,0.233,0.219,8.3,10.9,13.6,14.7
Hildesheimer Boerde (loess),2026-10-09 00:00:00,,,,,,,,,,,,,,,,,,,0.235,0.235,0.236,0.233,0.219,8.3,10.7,13.5,14.7
Hildesheimer Boerde (loess),2026-10-09 01:00:00,,,,,,,,,,,,,,,,,,,0.235,0.235,0.236,0.233,0.219,8.3,10.6,13.4,14.7
Hildesheimer Boerde (loess),2026-10-09 02:00:00,,,,,,,,,,,,,,,,,,,0.234,0.235,0.235,0.233,0.219,8.4,10.5,13.2,14.6
Hildesheimer Boerde (loess),2026-10-09 03:00:00,,,,,,,,,,,,,,,,,,,0.234,0.235,0.235,0.233,0.219,8.4,10.4,13.1,14.6
Hildesheimer Boerde (loess),2026-10-09 04:00:00,,,,,,,,,,,,,,,,,,,0.234,0.235,0.235,0.233,0.219,8.1,10.2,13.0,14.6
Hildesheimer Boerde (loess),2026-10-09 05:00:00,,,,,,,,,,,,,,,,,,,0.234,0.234,0.235,0.233,0.219,7.8,10.1,12.9,14.6
Hildesheimer Boerde (loess),2026-10-09 06:00:00,,,,,,,,,,,,,,,,,,,0.234,0.234,0.235,0.233,0.219,8.1,10.1,12.8,14.6
Hildesheimer Boerde (loess),2026-10-09 07:00:00,,,,,,,,,,,,,,,,,,,0.234,0.234,0.235,0.233,0.219,9.4,10.2,12.7,14.6
Hildesheimer Boerde (loess),2026-10-09 08:00:00,,,,,,,,,,,,,,,,,,,0.233,0.233,0.234,0.233,0.219,11.2,10.6,12.6,14.6
Hildesheimer Boerde (loess),2026-10-09 09:00:00,,,,,,,,,,,,,,,,,,,0.232,0.233,0.234,0.233,0.219,12.8,11.0,12.5,14.6
Hildesheimer Boerde (loess),2026-10-09 10:00:00,,,,,,,,,,,,,,,,,,,0.23,0.232,0.234,0.233,0.219,13.9,11.6,12.5,14.6
Hildesheimer Boerde (loess),2026-10-09 11:00:00,,,,,,,,,,,,,,,,,,,0.229,0.231,0.233,0.233,0.219,14.8,12.4,12.5,14.5
Hildesheimer Boerde (loess),2026-10-09 12:00:00,,,,,,,,,,,,,,,,,,,0.227,0.23,0.233,0.233,0.219,15.1,12.9,12.6,14.5
Hildesheimer Boerde (loess),2026-10-09 13:00:00,,,,,,,,,,,,,,,,,,,0.226,0.229,0.233,0.233,0.219,14.6,13.2,12.6,14.5
Hildesheimer Boerde (loess),2026-10-09 14:00:00,,,,,,,,,,,,,,,,,,,0.225,0.228,0.232,0.232,0.219,13.7,13.3,12.7,14.5
Hildesheimer Boerde (loess),2026-10-09 15:00:00,,,,,,,,,,,,,,,,,,,0.225,0.227,0.232,0.232,0.219,12.7,13.3,12.7,14.5
Hildesheimer Boerde (loess),2026-10-09 16:00:00,,,,,,,,,,,,,,,,,,,0.225,0.225,0.231,0.232,0.219,11.6,13.0,12.8,14.5
Hildesheimer Boerde (loess),2026-10-09 17:00:00,,,,,,,,,,,,,,,,,,,0.227,0.224,0.231,0.232,0.219,10.4,12.6,12.8,14.5
Hildesheimer Boerde (loess),2026-10-09 18:00:00,,,,,,,,,,,,,,,,,,,0.234,0.228,0.231,0.232,0.219,9.5,12.2,12.8,14.5
Hildesheimer Boerde (loess),2026-10-09 19:00:00,,,,,,,,,,,,,,,,,,,0.253,0.242,0.232,0.232,0.219,9.3,11.8,12.8,14.5
Hildesheimer Boerde (loess),2026-10-09 20:00:00,,,,,,,,,,,,,,,,,,,0.277,0.261,0.233,0.232,0.219,9.4,11.4,12.8,14.4
Hildesheimer Boerde (loess),2026-10-09 21:00:00,,,,,,,,,,,,,,,,,,,0.292,0.273,0.235,0.232,0.219,9.6,11.1,12.7,14.4
Hildesheimer Boerde (loess),2026-10-09 22:00:00,,,,,,,,,,,,,,,,,,,0.288,0.273,0.239,0.232,0.219,9.9,11.1,12.7,14.4
Hildesheimer Boerde (loess),2026-10-09 23:00:00,,,,,,,,,,,,,,,,,,,0.275,0.267,0.244,0.232,0.22,10.3,11.1,12.6,14.4
Lueneburger Heide (sand),2026-10-03 00:00:00,0.164,0.164,0.164,0.147,0.051,10.2,11.8,13.6,14.9,0.157,0.158,0.157,0.134,0.052,7.9,10.8,13.8,14.8,0.166,0.167,0.168,0.161,0.066,8.1,10.9,13.9,15.0
Lueneburger Heide (sand),2026-10-03 01:00:00,0.163,0.163,0.163,0.147,0.052,10.0,11.5,13.3,14.9,0.156,0.157,0.156,0.135,0.052,8.0,10.5,13.5,14.8,0.165,0.166,0.167,0.161,0.066,7.9,10.6,13.6,14.9
Lueneburger Heide (sand),2026-10-03 02:00:00,0.162,0.162,0.162,0.147,0.052,10.4,11.4,13.0,14.9,0.155,0.156,0.155,0.135,0.052,7.7,10.2,13.2,14.8,0.165,0.165,0.166,0.161,0.066,8.1,10.3,13.3,14.9
Lueneburger Heide (sand),2026-10-03 03:00:00,0.159,0.16,0.159,0.144,0.053,9.2,10.6,12.7,14.8,0.154,0.155,0.154,0.135,0.052,6.6,9.3,12.8,14.7,0.164,0.165,0.166,0.161,0.066,9.1,10.3,13.0,14.9
Lueneburger Heide (sand),2026-10-03 04:00:00,0.158,0.159,0.158,0.144,0.053,9.3,10.6,12.4,14.8,0.154,0.154,0.153,0.135,0.052,8.2,9.4,12.5,14.7,0.163,0.164,0.165,0.161,0.066,10.0,10.6,12.7,14.8
Lueneburger Heide (sand),2026-10-03 05:00:00,0.158,0.158,0.158,0.144,0.053,9.4,10.5,12.2,14.7,0.153,0.153,0.153,0.135,0.052,9.1,9.8,12.2,14.7,0.163,0.164,0.165,0.16,0.067,10.1,10.8,12.6,14.8
Lueneburger Heide (sand),2026-10-03 06:00:00,0.157,0.157,0.157,0.144,0.053,10.3,10.5,12.0,14.6,0.152,0.153,0.152,0.136,0.052,10.0,10.1,12.0,14.6,0.162,0.163,0.164,0.16,0.067,10.5,11.0,12.5,14.8
Lueneburger Heide (sand),2026-10-03 07:00:00,0.156,0.157,0.156,0.144,0.053,11.3,11.1,11.9,14.6,0.151,0.152,0.151,0.136,0.052,10.8,10.5,11.9,14.6,0.162,0.163,0.164,0.16,0.067,11.4,11.3,12.4,14.7
Lueneburger Heide (sand),2026-10-03 08:00:00,0.155,0.156,0.156,0.144,0.053,13.3,11.8,11.9,14.5,0.151,0.151,0.151,0.136,0.052,12.6,11.1,11.9,14.6,0.161,0.162,0.163,0.16,0.067,12.9,11.8,12.3,14.7
Lueneburger Heide (sand),2026-10-03 09:00:00,0.154,0.155,0.155,0.144,0.053,14.8,12.9,12.1,14.5,0.15,0.15,0.15,0.136,0.052,14.4,11.9,12.0,14.5,0.16,0.161,0.162,0.159,0.067,14.5,12.6,12.4,14.7
Lueneburger Heide (sand),2026-10-03 10:00:00,0.153,0.153,0.154,0.144,0.053,15.3,13.7,12.4,14.4,0.148,0.149,0.149,0.135,0.053,15.3,12.8,12.1,14.5,0.159,0.16,0.162,0.159,0.067,15.8,13.5,12.5,14.6
Lueneburger Heide (sand),2026-10-03 11:00:00,0.151,0.152,0.153,0.143,0.054,16.0,14.2,12.8,14.4,0.147,0.148,0.148,0.135,0.053,16.0,13.5,12.2,14.5,0.158,0.159,0.161,0.158,0.067,17.1,14.2,12.8,14.6
Lueneburger Heide (sand),2026-10-03 12:00:00,0.15,0.151,0.152,0.143,0.054,16.9,14.9,13.1,14.4,0.146,0.147,0.147,0.135,0.053,16.3,14.1,12.5,14.4,0.157,0.158,0.16,0.158,0.068,16.9,14.9,13.0,14.6
Lueneburger Heide (sand),2026-10-03 13:00:00,0.148,0.149,0.15,0.142,0.054,17.3,15.5,13.5,14.3,0.144,0.145,0.146,0.135,0.053,17.1,14.6,12.7,14.4,0.155,0.157,0.159,0.157,0.068,17.3,15.2,13.3,14.5
Lueneburger Heide (sand),2026-10-03 14:00:00,0.146,0.148,0.149,0.142,0.054,17.1,15.7,13.9,14.3,0.143,0.144,0.145,0.134,0.053,16.5,15.0,12.9,14.4,0.154,0.155,0.158,0.156,0.068,17.0,15.5,13.6,14.5
Lueneburger Heide (sand),2026-10-03 15:00:00,0.145,0.147,0.148,0.142,0.054,16.4,15.7,14.2,14.3,0.142,0.143,0.144,0.134,0.053,16.3,15.1,13.2,14.4,0.153,0.154,0.157,0.156,0.068,16.7,15.6,13.8,14.5
Lueneburger Heide (sand),2026-10-03 16:00:00,0.145,0.146,0.147,0.141,0.054,15.1,15.4,14.5,14.3,0.141,0.142,0.143,0.134,0.053,14.7,15.0,13.4,14.3,0.153,0.154,0.156,0.155,0.068,15.0,15.4,14.0,14.5
Lueneburger Heide (sand),2026-10-03 17:00:00,0.145,0.146,0.147,0.141,0.054,12.3,14.3,14.5,14.3,0.141,0.142,0.143,0.134,0.053,11.1,14.1,13.5,14.3,0.153,0.154,0.156,0.155,0.068,11.6,14.4,14.1,14.5
Lueneburger Heide (sand),2026-10-03 18:00:00,0.145,0.146,0.147,0.141,0.054,11.0,13.1,14.4,14.3,0.141,0.142,0.142,0.134,0.053,9.8,12.9,13.5,14.3,0.153,0.154,0.155,0.155,0.068,10.4,13.2,14.1,14.5
Lueneburger Heide (sand),2026-10-03 19:00:00,0.145,0.146,0.146,0.141,0.054,10.3,12.4,14.1,14.3,0.141,0.141,0.142,0.134,0.053,9.2,12.0,13.4,14.3,0.153,0.154,0.155,0.154,0.068,9.7,12.3,14.0,14.5
Lueneburger Heide (sand),2026-10-03 20:00:00,0.145,0.145,0.146,0.141,0.054,10.1,11.8,13.8,14.3,0.141,0.141,0.141,0.134,0.053,8.5,11.3,13.3,14.3,0.153,0.153,0.155,0.154,0.068,9.1,11.7,13.8,14.4
Lueneburger Heide (sand),2026-10-03 21:00:00,0.145,0.145,0.146,0.141,0.054,10.1,11.6,13.4,14.3,0.141,0.141,0.141,0.133,0.053,7.9,10.7,13.1,14.3,0.153,0.153,0.155,0.154,0.069,8.4,11.2,13.5,14.4
Lueneburger Heide (sand),2026-10-03 22:00:00,0.145,0.145,0.145,0.14,0.054,9.5,11.3,13.1,14.3,0.14,0.141,0.141,0.133,0.053,7.5,10.2,12.9,14.3,0.152,0.153,0.154,0.154,0.069,7.9,10.7,13.2,14.4
Lueneburger Heide (sand),2026-10-03 23:00:00,0.144,0.145,0.145,0.14,0.054,8.8,10.9,12.8,14.2,0.14,0.14,0.14,0.133,0.053,7.3,9.9,12.6,14.2,0.152,0.153,0.154,0.153,0.069,7.6,10.2,13.0,14.4
Lueneburger Heide (sand),2026-10-04 00:00:00,0.144,0.145,0.145,0.14,0.055,8.6,10.4,12.5,14.2,0.14,0.14,0.14,0.133,0.053,7.5,9.7,12.4,14.2,0.152,0.153,0.154,0.153,0.069,7.6,9.9,12.7,14.4
Lueneburger Heide (sand),2026-10-04 01:00:00,0.144,0.144,0.145,0.14,0.055,8.8,10.2,12.2,14.2,0.14,0.14,0.14,0.133,0.054,7.3,9.5,12.1,14.2,0.152,0.152,0.154,0.153,0.069,7.7,9.7,12.4,14.3
Lueneburger Heide (sand),2026-10-04 02:00:00,0.144,0.144,0.144,0.14,0.055,8.7,10.1,12.0,14.1,0.139,0.14,0.14,0.133,0.054,7.2,9.3,11.9,14.2,0.152,0.152,0.153,0.153,0.069,8.0,9.6,12.1,14.3
Lueneburger Heide (sand),2026-10-04 03:00:00,0.144,0.144,0.144,0.14,0.055,8.3,9.9,11.7,14.1,0.139,0.139,0.139,0.133,0.054,6.8,9.2,11.7,14.1,0.151,0.152,0.153,0.152,0.069,8.1,9.7,11.9,14.3
Lueneburger Heide (sand),2026-10-04 04:00:00,0.143,0.144,0.144,0.14,0.055,8.3,9.6,11.5,14.0,0.139,0.139,0.139,0.133,0.054,7.4,9.0,11.5,14.1,0.151,0.152,0.153,0.152,0.07,7.8,9.6,11.7,14.2
Lueneburger Heide (sand),2026-10-04 05:00:00,0.143,0.143,0.144,0.14,0.055,8.3,9.5,11.3,14.0,0.139,0.139,0.139,0.133,0.054,7.9,9.0,11.3,14.1,0.151,0.152,0.153,0.152,0.07,7.9,9.5,11.6,14.2
Lueneburger Heide (sand),2026-10-04 06:00:00,0.143,0.143,0.144,0.139,0.055,8.7,9.5,11.1,13.9,0.138,0.139,0.139,0.133,0.054,8.9,9.2,11.2,14.0,0.151,0.151,0.153,0.152,0.07,8.8,9.4,11.4,14.2
Lueneburger Heide (sand),2026-10-04 07:00:00,0.143,0.143,0.143,0.139,0.055,11.0,10.2,11.0,13.9,0.138,0.138,0.138,0.133,0.054,10.9,9.8,11.1,14.0,0.151,0.151,0.152,0.151,0.07,11.1,10.0,11.3,14.1
Lueneburger Heide (sand),2026-10-04 08:00:00,0.142,0.143,0.143,0.139,0.055,13.0,11.3,11.1,13.8,0.137,0.138,0.138,0.132,0.054,12.5,10.6,11.0,14.0,0.15,0.151,0.152,0.151,0.07,12.8,11.0,11.3,14.1
Lueneburger Heide (sand),2026-10-04 09:00:00,0.141,0.142,0.143,0.139,0.055,14.7,12.4,11.3,13.8,0.137,0.138,0.138,0.132,0.054,13.3,11.4,11.1,13.9,0.149,0.15,0.152,0.151,0.07,14.1,11.9,11.4,14.0
Lueneburger Heide (sand),2026-10-04 10:00:00,0.14,0.141,0.142,0.138,0.055,16.2,13.5,11.7,13.7,0.135,0.136,0.137,0.132,0.054,14.6,12.6,11.4,13.9,0.148,0.149,0.151,0.15,0.07,15.4,12.7,11.6,14.0
Lueneburger Heide (sand),2026-10-04 11:00:00,0.139,0.14,0.141,0.138,0.056,16.0,14.1,12.2,13.7,0.135,0.136,0.136,0.131,0.054,14.5,12.9,11.6,13.8,0.147,0.149,0.15,0.15,0.07,15.5,13.4,11.8,14.0
Lueneburger Heide (sand),2026-10-04 12:00:00,0.137,0.139,0.14,0.137,0.056,16.6,14.5,12.6,13.7,0.134,0.135,0.136,0.131,0.054,15.3,13.5,11.9,13.8,0.146,0.148,0.149,0.149,0.07,16.6,14.0,12.1,13.9
Lueneburger Heide (sand),2026-10-04 13:00:00,0.136,0.137,0.139,0.137,0.056,16.7,15.0,13.0,13.6,0.133,0.134,0.135,0.131,0.054,15.8,14.0,12.1,13.8,0.145,0.146,0.149,0.148,0.07,16.4,14.5,12.4,13.9
Lueneburger Heide (sand),2026-10-04 14:00:00,0.135,0.136,0.138,0.136,0.056,16.7,15.2,13.4,13.6,0.132,0.133,0.134,0.13,0.054,15.9,14.4,12.4,13.8,0.144,0.146,0.148,0.148,0.07,16.5,14.7,12.7,13.9
Lueneburger Heide (sand),2026-10-04 15:00:00,0.134,0.135,0.138,0.136,0.056,16.0,15.2,13.7,13.6,0.131,0.132,0.134,0.13,0.054,15.5,14.5,12.7,13.8,0.144,0.145,0.147,0.147,0.07,15.8,14.8,13.0,13.9
Lueneburger Heide (sand),2026-10-04 16:00:00,0.134,0.135,0.137,0.135,0.056,14.7,14.9,13.9,13.6,0.131,0.132,0.133,0.13,0.054,14.2,14.3,12.9,13.7,0.144,0.144,0.147,0.147,0.071,14.5,14.6,13.2,13.9
Lueneburger Heide (sand),2026-10-04 17:00:00,0.134,0.135,0.137,0.135,0.056,13.3,14.1,14.0,13.6,0.131,0.132,0.133,0.13,0.054,11.2,13.6,13.0,13.7,0.144,0.144,0.146,0.147,0.071,11.5,13.8,13.3,13.8
Lueneburger Heide (sand),2026-10-04 18:00:00,0.134,0.135,0.136,0.135,0.056,13.2,13.6,14.0,13.7,0.131,0.132,0.133,0.13,0.055,11.0,12.6,13.0,13.7,0.144,0.144,0.146,0.146,0.071,11.1,12.8,13.3,13.8
Lueneburger Heide (sand),2026-10-04 19:00:00,0.134,0.135,0.136,0.135,0.056,12.6,13.3,13.9,13.7,0.132,0.132,0.133,0.129,0.055,10.9,12.2,13.0,13.7,0.144,0.144,0.146,0.146,0.071,11.0,12.3,13.3,13.8
Lueneburger Heide (sand),2026-10-04 20:00:00,0.134,0.135,0.136,0.135,0.056,11.5,12.9,13.7,13.7,0.132,0.132,0.133,0.129,0.055,10.2,11.9,12.9,13.7,0.144,0.144,0.146,0.146,0.071,9.8,12.0,13.2,13.8
Lueneburger Heide (sand),2026-10-04 21:00:00,0.134,0.135,0.136,0.134,0.056,10.9,12.4,13.5,13.7,0.131,0.132,0.132,0.129,0.055,9.0,11.4,12.8,13.7,0.144,0.144,0.146,0.146,0.071,8.9,11.3,13.0,13.8
Lueneburger Heide (sand),2026-10-04 22:00:00,0.134,0.135,0.136,0.134,0.056,10.3,11.9,13.3,13.7,0.131,0.132,0.132,0.129,0.055,8.4,10.8,12.6,13.7,0.144,0.144,0.145,0.146,0.071,8.5,10.8,12.8,13.8
Lueneburger Heide (sand),2026-10-04 23:00:00,0.134,0.135,0.136,0.134,0.056,9.6,11.3,13.0,13.6,0.131,0.132,0.132,0.129,0.055,8.1,10.3,12.4,13.7,0.144,0.144,0.145,0.145,0.071,8.0,10.4,12.6,13.8
Lueneburger Heide (sand),2026-10-05 00:00:00,0.134,0.135,0.135,0.134,0.056,9.6,11.0,12.7,13.6,0.131,0.132,0.132,0.129,0.055,8.1,10.0,12.2,13.6,0.144,0.144,0.145,0.145,0.071,8.1,10.0,12.3,13.8
Lueneburger Heide (sand),2026-10-05 01:00:00,0.134,0.135,0.135,0.134,0.056,9.9,10.9,12.5,13.6,0.131,0.131,0.132,0.129,0.055,8.8,9.9,12.0,13.6,0.144,0.144,0.145,0.145,0.072,8.6,9.9,12.1,13.7
Lueneburger Heide (sand),2026-10-05 02:00:00,0.134,0.135,0.135,0.134,0.057,9.8,10.9,12.3,13.6,0.131,0.131,0.132,0.129,0.055,9.5,10.1,11.8,13.6,0.143,0.144,0.145,0.145,0.072,9.8,10.2,11.9,13.7
Lueneburger Heide (sand),2026-10-05 03:00:00,0.134,0.134,0.135,0.133,0.057,10.0,10.8,12.1,13.6,0.131,0.131,0.132,0.128,0.055,9.7,10.3,11.7,13.6,0.143,0.144,0.145,0.144,0.072,10.1,10.5,11.8,13.7
Lueneburger Heide (sand),2026-10-05 04:00:00,0.134,0.134,0.135,0.133,0.057,10.2,10.9,11.9,13.5,0.131,0.131,0.131,0.128,0.055,10.3,10.5,11.6,13.6,0.143,0.144,0.145,0.144,0.072,10.4,10.7,11.7,13.7
Lueneburger Heide (sand),2026-10-05 05:00:00,0.134,0.134,0.135,0.133,0.057,10.3,10.9,11.8,13.5,0.131,0.131,0.131,0.128,0.055,10.4,10.7,11.5,13.5,0.143,0.144,0.144,0.144,0.072,10.3,10.8,11.7,13.6
Lueneburger Heide (sand),2026-10-05 06:00:00,0.133,0.134,0.135,0.133,0.057,10.7,10.9,11.7,13.5,0.13,0.131,0.131,0.128,0.055,10.7,10.7,11.4,13.5,0.143,0.143,0.144,0.144,0.072,10.5,10.8,11.6,13.6
Lueneburger Heide (sand),2026-10-05 07:00:00,,,,,,,,,,0.13,0.131,0.131,0.128,0.055,12.3,11.1,11.4,13.5,0.143,0.143,0.144,0.144,0.072,12.2,11.1,11.6,13.6
Lueneburger Heide (sand),2026-10-05 08:00:00,,,,,,,,,,0.129,0.13,0.131,0.128,0.056,13.8,11.8,11.4,13.4,0.142,0.143,0.144,0.143,0.072,13.9,11.9,11.7,13.6
Lueneburger Heide (sand),2026-10-05 09:00:00,,,,,,,,,,0.129,0.129,0.13,0.127,0.056,15.1,12.5,11.6,13.4,0.141,0.142,0.143,0.143,0.072,15.1,12.7,11.8,13.5
Lueneburger Heide (sand),2026-10-05 10:00:00,,,,,,,,,,0.128,0.129,0.13,0.127,0.056,16.0,13.3,11.8,13.4,0.14,0.141,0.143,0.142,0.072,16.1,13.5,12.0,13.5
Lueneburger Heide (sand),2026-10-05 11:00:00,,,,,,,,,,0.126,0.128,0.129,0.127,0.056,16.6,14.0,12.0,13.4,0.139,0.14,0.142,0.142,0.072,17.0,14.3,12.3,13.5
Lueneburger Heide (sand),2026-10-05 12:00:00,,,,,,,,,,0.125,0.127,0.128,0.126,0.056,17.1,14.5,12.3,13.4,0.138,0.139,0.141,0.141,0.072,17.4,14.8,12.6,13.5
Lueneburger Heide (sand),2026-10-05 13:00:00,,,,,,,,,,0.124,0.126,0.127,0.126,0.056,17.4,15.0,12.6,13.4,0.137,0.138,0.14,0.141,0.072,17.5,15.3,12.9,13.5
Lueneburger Heide (sand),2026-10-05 14:00:00,,,,,,,,,,0.123,0.125,0.127,0.125,0.056,17.1,15.2,12.9,13.3,0.135,0.137,0.139,0.14,0.072,17.2,15.5,13.2,13.5
Lueneburger Heide (sand),2026-10-05 15:00:00,,,,,,,,,,0.122,0.124,0.126,0.125,0.056,16.4,15.2,13.2,13.3,0.135,0.136,0.139,0.139,0.072,16.5,15.5,13.5,13.5
Lueneburger Heide (sand),2026-10-05 16:00:00,,,,,,,,,,0.122,0.123,0.126,0.124,0.056,15.2,15.0,13.4,13.3,0.135,0.136,0.138,0.139,0.072,15.0,15.2,13.7,13.5
Lueneburger Heide (sand),2026-10-05 17:00:00,,,,,,,,,,0.122,0.123,0.125,0.124,0.056,13.3,14.4,13.5,13.4,0.135,0.136,0.138,0.139,0.073,13.3,14.5,13.8,13.5
Lueneburger Heide (sand),2026-10-05 18:00:00,,,,,,,,,,0.122,0.123,0.125,0.124,0.056,12.2,13.7,13.6,13.4,0.135,0.136,0.138,0.139,0.073,12.3,13.8,13.8,13.5
Lueneburger Heide (sand),2026-10-05 19:00:00,,,,,,,,,,0.123,0.123,0.125,0.124,0.056,11.8,13.1,13.5,13.4,0.135,0.136,0.137,0.138,0.073,11.6,13.2,13.8,13.5
Lueneburger Heide (sand),2026-10-05 20:00:00,,,,,,,,,,0.123,0.123,0.125,0.124,0.056,11.5,12.7,13.5,13.4,0.135,0.136,0.137,0.138,0.073,11.2,12.7,13.7,13.5
Lueneburger Heide (sand),2026-10-05 21:00:00,,,,,,,,,,0.123,0.123,0.125,0.124,0.056,11.1,12.3,13.4,13.4,0.135,0.136,0.137,0.138,0.073,10.9,12.4,13.5,13.5
Lueneburger Heide (sand),2026-10-05 22:00:00,,,,,,,,,,0.123,0.123,0.124,0.124,0.056,10.9,12.1,13.2,13.4,0.135,0.136,0.137,0.138,0.073,10.6,12.1,13.4,13.5
Lueneburger Heide (sand),2026-10-05 23:00:00,,,,,,,,,,0.123,0.123,0.124,0.123,0.056,10.6,11.9,13.1,13.4,0.135,0.136,0.137,0.138,0.073,10.3,11.8,13.2,13.5
Lueneburger Heide (sand),2026-10-06 00:00:00,,,,,,,,,,0.123,0.123,0.124,0.123,0.056,10.4,11.7,12.9,13.4,0.135,0.136,0.137,0.138,0.073,9.9,11.5,13.0,13.5
Lueneburger Heide (sand),2026-10-06 01:00:00,,,,,,,,,,0.123,0.123,0.124,0.123,0.056,10.2,11.5,12.8,13.4,0.135,0.136,0.137,0.137,0.073,9.7,11.3,12.9,13.5
Lueneburger Heide (sand),2026-10-06 02:00:00,,,,,,,,,,0.123,0.123,0.124,0.123,0.056,10.1,11.3,12.6,13.3,0.135,0.136,0.137,0.137,0.073,9.5,11.0,12.7,13.5
Lueneburger Heide (sand),2026-10-06 03:00:00,,,,,,,,,,0.123,0.123,0.124,0.123,0.056,10.0,11.2,12.5,13.3,0.135,0.136,0.137,0.137,0.073,9.3,10.8,12.5,13.5
Lueneburger Heide (sand),2026-10-06 04:00:00,,,,,,,,,,0.123,0.123,0.124,0.123,0.056,9.8,11.0,12.3,13.3,0.135,0.135,0.136,0.137,0.074,9.2,10.7,12.4,13.5
Lueneburger Heide (sand),2026-10-06 05:00:00,,,,,,,,,,0.123,0.123,0.124,0.123,0.057,9.6,10.9,12.2,13.3,0.135,0.135,0.136,0.137,0.074,8.9,10.5,12.2,13.4
Lueneburger Heide (sand),2026-10-06 06:00:00,,,,,,,,,,0.123,0.123,0.124,0.123,0.057,9.9,10.7,12.1,13.3,0.135,0.135,0.136,0.136,0.074,9.3,10.3,12.0,13.4
Lueneburger Heide (sand),2026-10-06 07:00:00,,,,,,,,,,0.123,0.123,0.124,0.123,0.057,11.4,11.2,12.0,13.3,0.135,0.135,0.136,0.136,0.074,11.0,10.9,11.9,13.4
Lueneburger Heide (sand),2026-10-06 08:00:00,,,,,,,,,,0.122,0.122,0.123,0.122,0.057,13.6,11.9,11.9,13.3,0.135,0.134,0.136,0.136,0.074,13.4,11.8,11.9,13.4
Lueneburger Heide (sand),2026-10-06 09:00:00,,,,,,,,,,0.121,0.122,0.123,0.122,0.057,15.4,12.7,12.0,13.3,0.134,0.134,0.136,0.136,0.074,15.4,12.7,11.9,13.4
Lueneburger Heide (sand),2026-10-06 10:00:00,,,,,,,,,,0.12,0.121,0.122,0.122,0.057,16.6,13.5,12.1,13.3,0.133,0.133,0.136,0.135,0.074,16.7,13.6,12.1,13.4
Lueneburger Heide (sand),2026-10-06 11:00:00,,,,,,,,,,0.119,0.121,0.122,0.121,0.057,17.5,14.4,12.4,13.2,0.131,0.133,0.135,0.135,0.074,17.6,14.5,12.4,13.3
Lueneburger Heide (sand),2026-10-06 12:00:00,,,,,,,,,,0.118,0.12,0.121,0.121,0.057,18.0,15.1,12.7,13.2,0.13,0.132,0.134,0.134,0.074,18.1,15.2,12.7,13.3
Lueneburger Heide (sand),2026-10-06 13:00:00,,,,,,,,,,0.117,0.119,0.12,0.12,0.057,18.2,15.6,13.0,13.2,0.129,0.131,0.133,0.133,0.074,18.3,15.7,13.1,13.3
Lueneburger Heide (sand),2026-10-06 14:00:00,,,,,,,,,,0.116,0.118,0.12,0.12,0.057,18.0,16.0,13.3,13.2,0.128,0.13,0.132,0.133,0.074,18.0,16.0,13.4,13.3
Lueneburger Heide (sand),2026-10-06 15:00:00,,,,,,,,,,0.115,0.117,0.119,0.119,0.057,17.1,15.9,13.6,13.2,0.127,0.129,0.131,0.132,0.074,17.1,15.9,13.7,13.3
Lueneburger Heide (sand),2026-10-06 16:00:00,,,,,,,,,,0.115,0.116,0.119,0.119,0.057,14.9,15.1,13.8,13.2,0.127,0.129,0.131,0.132,0.074,15.0,15.2,13.8,13.3
Lueneburger Heide (sand),2026-10-06 17:00:00,,,,,,,,,,0.116,0.116,0.118,0.119,0.057,12.0,14.0,13.9,13.3,0.128,0.129,0.131,0.132,0.074,12.2,14.0,13.9,13.4
Lueneburger Heide (sand),2026-10-06 18:00:00,,,,,,,,,,0.116,0.116,0.118,0.119,0.057,9.7,12.9,13.9,13.3,0.128,0.129,0.131,0.132,0.074,9.9,12.9,13.9,13.4
Lueneburger Heide (sand),2026-10-06 19:00:00,,,,,,,,,,0.116,0.116,0.118,0.119,0.057,8.5,12.0,13.7,13.3,0.128,0.129,0.131,0.132,0.074,8.7,12.0,13.8,13.4
Lueneburger Heide (sand),2026-10-06 20:00:00,,,,,,,,,,0.116,0.117,0.118,0.118,0.057,7.9,11.1,13.4,13.3,0.129,0.129,0.13,0.131,0.074,8.0,11.2,13.5,13.4
Lueneburger Heide (sand),2026-10-06 21:00:00,,,,,,,,,,0.116,0.117,0.118,0.118,0.057,7.3,10.4,13.1,13.3,0.129,0.129,0.13,0.131,0.074,7.5,10.5,13.2,13.4
Lueneburger Heide (sand),2026-10-06 22:00:00,,,,,,,,,,0.116,0.117,0.118,0.118,0.057,6.7,9.8,12.8,13.3,0.129,0.129,0.13,0.131,0.074,6.9,9.9,12.9,13.4
Lueneburger Heide (sand),2026-10-06 23:00:00,,,,,,,,,,0.116,0.117,0.118,0.118,0.057,6.2,9.3,12.5,13.2,0.129,0.129,0.13,0.131,0.075,6.5,9.5,12.5,13.4
Lueneburger Heide (sand),2026-10-07 00:00:00,,,,,,,,,,0.116,0.117,0.118,0.118,0.057,5.9,9.0,12.1,13.2,0.129,0.129,0.13,0.131,0.075,6.2,9.1,12.2,13.4
Lueneburger Heide (sand),2026-10-07 01:00:00,,,,,,,,,,0.116,0.117,0.118,0.118,0.057,6.1,8.7,11.8,13.2,0.129,0.129,0.13,0.131,0.075,6.3,8.8,11.8,13.3
Lueneburger Heide (sand),2026-10-07 02:00:00,,,,,,,,,,0.117,0.117,0.118,0.118,0.057,6.7,8.6,11.5,13.2,0.129,0.129,0.13,0.13,0.075,6.6,8.6,11.5,13.3
Lueneburger Heide (sand),2026-10-07 03:00:00,,,,,,,,,,0.117,0.117,0.118,0.118,0.057,7.2,8.6,11.2,13.2,0.129,0.129,0.13,0.13,0.075,6.9,8.5,11.2,13.3
Lueneburger Heide (sand),2026-10-07 04:00:00,,,,,,,,,,0.117,0.117,0.118,0.118,0.057,7.4,8.5,10.9,13.2,0.129,0.129,0.13,0.13,0.075,7.0,8.4,11.0,13.2
Lueneburger Heide (sand),2026-10-07 05:00:00,,,,,,,,,,0.117,0.117,0.117,0.117,0.057,7.7,8.4,10.7,13.1,0.129,0.129,0.13,0.13,0.075,7.1,8.3,10.8,13.2
Lueneburger Heide (sand),2026-10-07 06:00:00,,,,,,,,,,0.117,0.117,0.117,0.117,0.057,8.4,8.6,10.6,13.1,0.129,0.129,0.13,0.13,0.075,7.8,8.5,10.6,13.2
Lueneburger Heide (sand),2026-10-07 07:00:00,,,,,,,,,,0.117,0.117,0.117,0.117,0.057,9.9,9.4,10.5,13.1,0.128,0.129,0.13,0.13,0.075,9.6,9.3,10.6,13.1
Lueneburger Heide (sand),2026-10-07 08:00:00,,,,,,,,,,0.117,0.116,0.117,0.117,0.058,12.0,10.4,10.6,13.1,0.128,0.128,0.129,0.129,0.075,12.0,10.5,10.6,13.1
Lueneburger Heide (sand),2026-10-07 09:00:00,,,,,,,,,,0.116,0.116,0.117,0.117,0.058,13.7,11.4,10.7,13.0,0.127,0.128,0.129,0.129,0.075,14.1,11.6,10.7,13.1
Lueneburger Heide (sand),2026-10-07 10:00:00,,,,,,,,,,0.115,0.115,0.117,0.117,0.058,15.0,12.3,10.9,13.0,0.126,0.127,0.129,0.129,0.075,15.5,12.5,10.9,13.1
Lueneburger Heide (sand),2026-10-07 11:00:00,,,,,,,,,,0.114,0.115,0.116,0.116,0.058,16.0,13.1,11.2,13.0,0.126,0.127,0.128,0.128,0.075,16.5,13.4,11.2,13.0
Lueneburger Heide (sand),2026-10-07 12:00:00,,,,,,,,,,0.113,0.114,0.116,0.116,0.058,16.6,13.8,11.5,12.9,0.125,0.126,0.128,0.128,0.075,17.2,14.1,11.6,13.0
Lueneburger Heide (sand),2026-10-07 13:00:00,,,,,,,,,,0.112,0.113,0.115,0.115,0.058,17.0,14.4,11.8,12.9,0.124,0.125,0.127,0.128,0.075,17.5,14.7,11.9,13.0
Lueneburger Heide (sand),2026-10-07 14:00:00,,,,,,,,,,0.111,0.113,0.115,0.115,0.058,17.1,14.8,12.2,12.9,0.123,0.124,0.127,0.127,0.075,17.5,15.1,12.3,13.0
Lueneburger Heide (sand),2026-10-07 15:00:00,,,,,,,,,,0.11,0.112,0.114,0.114,0.058,16.6,15.0,12.5,12.9,0.122,0.123,0.126,0.127,0.075,17.1,15.3,12.7,13.0
Lueneburger Heide (sand),2026-10-07 16:00:00,,,,,,,,,,0.11,0.112,0.114,0.114,0.058,15.3,14.6,12.7,12.9,0.121,0.123,0.126,0.127,0.075,16.0,14.9,12.9,13.0
Lueneburger Heide (sand),2026-10-07 17:00:00,,,,,,,,,,0.111,0.111,0.113,0.114,0.058,13.5,13.9,12.9,12.9,0.121,0.123,0.125,0.126,0.075,14.6,14.3,13.1,13.0
Lueneburger Heide (sand),2026-10-07 18:00:00,,,,,,,,,,0.111,0.111,0.113,0.114,0.058,12.3,13.3,13.0,12.9,0.122,0.123,0.125,0.126,0.075,13.5,13.7,13.3,13.0
Lueneburger Heide (sand),2026-10-07 19:00:00,,,,,,,,,,0.109,0.11,0.113,0.114,0.058,12.4,13.0,13.1,12.9,0.122,0.122,0.125,0.126,0.075,13.2,13.5,13.3,13.0
Lueneburger Heide (sand),2026-10-07 20:00:00,,,,,,,,,,0.107,0.11,0.113,0.114,0.058,13.0,12.9,13.0,12.9,0.122,0.12,0.124,0.126,0.075,13.3,13.4,13.3,13.0
Lueneburger Heide (sand),2026-10-07 21:00:00,,,,,,,,,,0.111,0.111,0.113,0.114,0.058,13.5,12.9,13.0,12.9,0.13,0.124,0.125,0.126,0.075,13.4,13.4,13.3,13.0
Lueneburger Heide (sand),2026-10-07 22:00:00,,,,,,,,,,0.125,0.117,0.113,0.114,0.058,13.5,12.9,13.0,12.9,0.152,0.138,0.126,0.126,0.075,13.5,13.3,13.3,13.0
Lueneburger Heide (sand),2026-10-07 23:00:00,,,,,,,,,,0.145,0.124,0.114,0.113,0.058,13.4,13.0,13.0,12.9,0.181,0.156,0.129,0.125,0.076,13.5,13.3,13.3,13.1
Lueneburger Heide (sand),2026-10-08 00:00:00,,,,,,,,,,0.159,0.13,0.114,0.113,0.058,13.3,13.1,13.0,12.9,0.2,0.17,0.133,0.125,0.076,13.5,13.3,13.3,13.1
Lueneburger Heide (sand),2026-10-08 01:00:00,,,,,,,,,,,,,,,,,,,0.199,0.175,0.141,0.125,0.076,13.5,13.4,13.3,13.1
Lueneburger Heide (sand),2026-10-08 02:00:00,,,,,,,,,,,,,,,,,,,0.187,0.176,0.151,0.126,0.076,13.4,13.4,13.3,13.1
Lueneburger Heide (sand),2026-10-08 03:00:00,,,,,,,,,,,,,,,,,,,0.177,0.175,0.158,0.126,0.076,13.2,13.4,13.3,13.1
Lueneburger Heide (sand),2026-10-08 04:00:00,,,,,,,,,,,,,,,,,,,0.172,0.172,0.161,0.127,0.076,12.8,13.2,13.3,13.1
Lueneburger Heide (sand),2026-10-08 05:00:00,,,,,,,,,,,,,,,,,,,0.167,0.168,0.161,0.127,0.076,12.2,13.0,13.3,13.1
Lueneburger Heide (sand),2026-10-08 06:00:00,,,,,,,,,,,,,,,,,,,0.164,0.164,0.16,0.128,0.076,11.7,12.7,13.2,13.1
Lueneburger Heide (sand),2026-10-08 07:00:00,,,,,,,,,,,,,,,,,,,0.161,0.162,0.159,0.128,0.076,11.5,12.4,13.1,13.1
Lueneburger Heide (sand),2026-10-08 08:00:00,,,,,,,,,,,,,,,,,,,0.16,0.16,0.158,0.129,0.076,11.4,12.2,13.0,13.1
Lueneburger Heide (sand),2026-10-08 09:00:00,,,,,,,,,,,,,,,,,,,0.158,0.158,0.157,0.129,0.076,11.4,12.0,12.9,13.1
Lueneburger Heide (sand),2026-10-08 10:00:00,,,,,,,,,,,,,,,,,,,0.156,0.157,0.156,0.129,0.076,11.8,12.0,12.8,13.1
Lueneburger Heide (sand),2026-10-08 11:00:00,,,,,,,,,,,,,,,,,,,0.155,0.155,0.154,0.13,0.076,12.3,12.0,12.7,13.1
Lueneburger Heide (sand),2026-10-08 12:00:00,,,,,,,,,,,,,,,,,,,0.153,0.154,0.153,0.13,0.076,12.6,12.2,12.7,13.1
Lueneburger Heide (sand),2026-10-08 13:00:00,,,,,,,,,,,,,,,,,,,0.151,0.152,0.152,0.13,0.076,12.8,12.4,12.7,13.1
Lueneburger Heide (sand),2026-10-08 14:00:00,,,,,,,,,,,,,,,,,,,0.149,0.15,0.15,0.13,0.076,12.8,12.7,12.7,13.1
Lueneburger Heide (sand),2026-10-08 15:00:00,,,,,,,,,,,,,,,,,,,0.148,0.149,0.149,0.13,0.076,12.6,12.8,12.7,13.1
Lueneburger Heide (sand),2026-10-08 16:00:00,,,,,,,,,,,,,,,,,,,0.147,0.148,0.148,0.13,0.076,11.9,12.5,12.7,13.1
Lueneburger Heide (sand),2026-10-08 17:00:00,,,,,,,,,,,,,,,,,,,0.146,0.148,0.148,0.13,0.077,11.0,12.1,12.6,13.1
Lueneburger Heide (sand),2026-10-08 18:00:00,,,,,,,,,,,,,,,,,,,0.146,0.147,0.147,0.13,0.077,10.2,11.7,12.6,13.1
Lueneburger Heide (sand),2026-10-08 19:00:00,,,,,,,,,,,,,,,,,,,0.146,0.146,0.146,0.13,0.077,9.9,11.4,12.5,13.1
Lueneburger Heide (sand),2026-10-08 20:00:00,,,,,,,,,,,,,,,,,,,0.145,0.146,0.146,0.131,0.077,9.8,11.1,12.4,13.1
Lueneburger Heide (sand),2026-10-08 21:00:00,,,,,,,,,,,,,,,,,,,0.145,0.145,0.145,0.131,0.077,9.6,10.9,12.2,13.1
Lueneburger Heide (sand),2026-10-08 22:00:00,,,,,,,,,,,,,,,,,,,0.144,0.145,0.144,0.131,0.077,9.3,10.6,12.1,13.1
Lueneburger Heide (sand),2026-10-08 23:00:00,,,,,,,,,,,,,,,,,,,0.144,0.144,0.144,0.131,0.077,8.9,10.4,11.9,13.0
Lueneburger Heide (sand),2026-10-09 00:00:00,,,,,,,,,,,,,,,,,,,0.143,0.144,0.143,0.131,0.077,8.7,10.2,11.8,13.0
Lueneburger Heide (sand),2026-10-09 01:00:00,,,,,,,,,,,,,,,,,,,0.143,0.143,0.143,0.131,0.077,8.6,10.0,11.6,13.0
Lueneburger Heide (sand),2026-10-09 02:00:00,,,,,,,,,,,,,,,,,,,0.142,0.143,0.142,0.131,0.077,8.6,9.9,11.5,13.0
Lueneburger Heide (sand),2026-10-09 03:00:00,,,,,,,,,,,,,,,,,,,0.142,0.142,0.142,0.131,0.077,8.7,9.8,11.3,13.0
Lueneburger Heide (sand),2026-10-09 04:00:00,,,,,,,,,,,,,,,,,,,0.142,0.142,0.142,0.131,0.077,8.5,9.7,11.2,13.0
Lueneburger Heide (sand),2026-10-09 05:00:00,,,,,,,,,,,,,,,,,,,0.141,0.141,0.141,0.131,0.077,8.4,9.5,11.1,12.9
Lueneburger Heide (sand),2026-10-09 06:00:00,,,,,,,,,,,,,,,,,,,0.141,0.141,0.141,0.131,0.077,8.6,9.5,11.0,12.9
Lueneburger Heide (sand),2026-10-09 07:00:00,,,,,,,,,,,,,,,,,,,0.142,0.141,0.141,0.131,0.077,9.3,9.7,10.9,12.9
Lueneburger Heide (sand),2026-10-09 08:00:00,,,,,,,,,,,,,,,,,,,0.143,0.14,0.14,0.131,0.078,10.3,10.0,10.8,12.9
Lueneburger Heide (sand),2026-10-09 09:00:00,,,,,,,,,,,,,,,,,,,0.144,0.14,0.14,0.131,0.078,11.2,10.3,10.8,12.8
Lueneburger Heide (sand),2026-10-09 10:00:00,,,,,,,,,,,,,,,,,,,0.144,0.141,0.14,0.131,0.078,11.8,10.8,10.8,12.8
Lueneburger Heide (sand),2026-10-09 11:00:00,,,,,,,,,,,,,,,,,,,0.143,0.142,0.139,0.13,0.078,12.3,11.3,11.0,12.8
Lueneburger Heide (sand),2026-10-09 12:00:00,,,,,,,,,,,,,,,,,,,0.142,0.143,0.139,0.13,0.078,12.5,11.7,11.1,12.8
Lueneburger Heide (sand),2026-10-09 13:00:00,,,,,,,,,,,,,,,,,,,0.141,0.142,0.139,0.13,0.078,12.4,11.8,11.2,12.8
Lueneburger Heide (sand),2026-10-09 14:00:00,,,,,,,,,,,,,,,,,,,0.139,0.14,0.138,0.13,0.078,12.0,11.9,11.3,12.7
Lueneburger Heide (sand),2026-10-09 15:00:00,,,,,,,,,,,,,,,,,,,0.138,0.139,0.138,0.13,0.078,11.5,11.8,11.4,12.7
Lueneburger Heide (sand),2026-10-09 16:00:00,,,,,,,,,,,,,,,,,,,0.136,0.137,0.137,0.13,0.078,10.8,11.5,11.5,12.7
Lueneburger Heide (sand),2026-10-09 17:00:00,,,,,,,,,,,,,,,,,,,0.134,0.134,0.136,0.13,0.078,10.0,11.1,11.5,12.7
Lueneburger Heide (sand),2026-10-09 18:00:00,,,,,,,,,,,,,,,,,,,0.138,0.138,0.137,0.13,0.078,9.4,10.7,11.5,12.7
Lueneburger Heide (sand),2026-10-09 19:00:00,,,,,,,,,,,,,,,,,,,0.155,0.153,0.142,0.13,0.078,9.1,10.4,11.4,12.7
Lueneburger Heide (sand),2026-10-09 20:00:00,,,,,,,,,,,,,,,,,,,0.178,0.175,0.15,0.13,0.078,9.1,10.2,11.3,12.6
Lueneburger Heide (sand),2026-10-09 21:00:00,,,,,,,,,,,,,,,,,,,0.192,0.188,0.156,0.13,0.078,9.2,10.0,11.2,12.6
Lueneburger Heide (sand),2026-10-09 22:00:00,,,,,,,,,,,,,,,,,,,0.189,0.186,0.16,0.131,0.078,9.4,10.0,11.1,12.6
Lueneburger Heide (sand),2026-10-09 23:00:00,,,,,,,,,,,,,,,,,,,0.178,0.176,0.162,0.131,0.078,9.7,10.1,11.1,12.6
Emsland (sand/peat),2026-10-03 00:00:00,0.209,0.21,0.214,0.194,0.19,9.2,11.9,15.0,15.9,0.185,0.185,0.178,0.142,0.119,8.7,12.1,15.2,15.4,0.202,0.202,0.201,0.137,0.11,8.8,12.0,15.2,15.6
Emsland (sand/peat),2026-10-03 01:00:00,0.209,0.21,0.213,0.194,0.19,9.0,11.6,14.7,15.9,0.185,0.185,0.178,0.142,0.119,8.3,11.8,15.0,15.4,0.202,0.202,0.2,0.137,0.11,8.3,11.6,15.0,15.6
Emsland (sand/peat),2026-10-03 02:00:00,0.209,0.21,0.213,0.194,0.19,8.6,11.3,14.4,15.8,0.185,0.185,0.178,0.142,0.119,7.6,11.5,14.8,15.4,0.202,0.202,0.2,0.138,0.11,7.8,11.3,14.8,15.6
Emsland (sand/peat),2026-10-03 03:00:00,0.203,0.204,0.206,0.192,0.189,8.0,10.7,14.1,15.8,0.185,0.184,0.178,0.142,0.119,6.9,10.8,14.6,15.4,0.202,0.202,0.2,0.138,0.11,7.0,10.9,14.6,15.6
Emsland (sand/peat),2026-10-03 04:00:00,0.203,0.204,0.206,0.192,0.189,7.8,10.5,13.8,15.8,0.185,0.184,0.178,0.142,0.119,6.7,10.5,14.4,15.3,0.202,0.202,0.2,0.138,0.11,6.6,10.5,14.3,15.5
Emsland (sand/peat),2026-10-03 05:00:00,0.203,0.204,0.206,0.192,0.189,7.6,10.3,13.5,15.8,0.185,0.184,0.178,0.142,0.119,6.9,10.2,14.2,15.3,0.202,0.202,0.2,0.138,0.11,6.4,10.1,14.1,15.5
Emsland (sand/peat),2026-10-03 06:00:00,0.203,0.204,0.206,0.192,0.189,7.7,9.9,13.2,15.7,0.184,0.184,0.178,0.142,0.119,7.4,10.0,14.0,15.3,0.202,0.202,0.199,0.138,0.11,6.7,9.8,13.8,15.5
Emsland (sand/peat),2026-10-03 07:00:00,0.203,0.204,0.205,0.192,0.189,10.2,10.2,13.0,15.7,0.184,0.184,0.178,0.142,0.119,10.8,10.2,13.8,15.3,0.201,0.201,0.199,0.138,0.11,10.3,9.8,13.6,15.5
Emsland (sand/peat),2026-10-03 08:00:00,0.202,0.204,0.205,0.192,0.189,13.5,11.2,12.9,15.7,0.184,0.183,0.178,0.142,0.119,13.5,10.9,13.7,15.3,0.201,0.201,0.199,0.138,0.11,13.7,10.7,13.4,15.5
Emsland (sand/peat),2026-10-03 09:00:00,0.201,0.204,0.205,0.192,0.189,15.5,12.6,12.9,15.6,0.182,0.183,0.177,0.142,0.119,15.7,11.9,13.6,15.3,0.199,0.201,0.198,0.138,0.11,15.9,11.9,13.3,15.5
Emsland (sand/peat),2026-10-03 10:00:00,0.199,0.203,0.205,0.192,0.189,18.5,14.0,13.0,15.6,0.181,0.183,0.177,0.142,0.119,17.6,12.9,13.6,15.3,0.198,0.2,0.198,0.138,0.11,17.7,13.1,13.3,15.4
Emsland (sand/peat),2026-10-03 11:00:00,0.196,0.202,0.204,0.192,0.189,19.8,15.5,13.3,15.5,0.179,0.182,0.177,0.142,0.119,18.1,13.9,13.6,15.3,0.196,0.199,0.197,0.138,0.11,19.5,14.3,13.4,15.4
Emsland (sand/peat),2026-10-03 12:00:00,0.193,0.201,0.203,0.192,0.189,20.0,16.5,13.6,15.5,0.177,0.181,0.176,0.141,0.119,19.4,14.8,13.7,15.2,0.193,0.198,0.197,0.138,0.11,19.1,15.3,13.5,15.4
Emsland (sand/peat),2026-10-03 13:00:00,0.19,0.199,0.203,0.191,0.189,20.4,17.1,14.0,15.5,0.175,0.18,0.176,0.141,0.119,19.3,15.5,13.8,15.2,0.191,0.197,0.196,0.138,0.11,18.6,15.9,13.7,15.4
Emsland (sand/peat),2026-10-03 14:00:00,0.187,0.198,0.202,0.191,0.189,20.0,17.5,14.4,15.5,0.173,0.179,0.176,0.141,0.119,19.5,16.1,14.0,15.2,0.189,0.196,0.196,0.138,0.11,18.8,16.3,13.9,15.4
Emsland (sand/peat),2026-10-03 15:00:00,0.186,0.197,0.202,0.191,0.189,18.3,17.4,14.7,15.5,0.171,0.178,0.175,0.141,0.119,18.3,16.4,14.1,15.2,0.188,0.195,0.195,0.138,0.11,18.2,16.5,14.1,15.4
Emsland (sand/peat),2026-10-03 16:00:00,0.186,0.196,0.202,0.191,0.189,16.4,16.9,15.0,15.5,0.17,0.177,0.175,0.141,0.119,16.3,16.4,14.3,15.2,0.187,0.194,0.195,0.137,0.11,16.5,16.5,14.3,15.3
Emsland (sand/peat),2026-10-03 17:00:00,0.186,0.195,0.201,0.191,0.189,13.7,16.0,15.2,15.4,0.17,0.176,0.175,0.141,0.119,13.0,15.9,14.4,15.2,0.188,0.193,0.194,0.138,0.11,12.7,16.0,14.4,15.3
Emsland (sand/peat),2026-10-03 18:00:00,0.187,0.195,0.201,0.191,0.189,12.4,14.9,15.2,15.4,0.171,0.176,0.175,0.141,0.119,10.8,15.0,14.5,15.2,0.189,0.193,0.194,0.138,0.11,10.9,14.9,14.5,15.3
Emsland (sand/peat),2026-10-03 19:00:00,0.188,0.194,0.201,0.191,0.189,11.6,14.1,15.1,15.4,0.171,0.176,0.175,0.141,0.119,9.9,14.0,14.5,15.2,0.189,0.192,0.194,0.138,0.11,9.8,13.9,14.5,15.3
Emsland (sand/peat),2026-10-03 20:00:00,0.189,0.194,0.201,0.191,0.189,11.0,13.4,15.0,15.4,0.172,0.175,0.175,0.141,0.119,9.7,13.3,14.4,15.2,0.19,0.192,0.194,0.138,0.11,9.2,13.0,14.5,15.3
Emsland (sand/peat),2026-10-03 21:00:00,0.189,0.194,0.201,0.191,0.189,10.7,12.9,14.8,15.4,0.172,0.175,0.174,0.141,0.119,9.5,12.7,14.4,15.2,0.19,0.192,0.193,0.138,0.11,9.1,12.3,14.4,15.3
Emsland (sand/peat),2026-10-03 22:00:00,0.19,0.194,0.2,0.191,0.189,10.6,12.6,14.6,15.4,0.172,0.175,0.174,0.141,0.119,9.3,12.3,14.3,15.1,0.19,0.192,0.193,0.138,0.11,8.6,11.8,14.2,15.3
Emsland (sand/peat),2026-10-03 23:00:00,0.19,0.193,0.2,0.191,0.189,10.4,12.3,14.5,15.4,0.173,0.175,0.174,0.141,0.119,9.2,11.9,14.2,15.1,0.191,0.192,0.193,0.138,0.11,8.1,11.4,14.1,15.3
Emsland (sand/peat),2026-10-04 00:00:00,0.19,0.193,0.2,0.191,0.189,9.8,12.1,14.3,15.4,0.173,0.174,0.174,0.141,0.119,9.6,11.7,14.1,15.1,0.191,0.192,0.193,0.138,0.11,8.0,11.0,13.9,15.3
Emsland (sand/peat),2026-10-04 01:00:00,0.191,0.193,0.2,0.191,0.189,9.9,11.8,14.1,15.4,0.173,0.174,0.174,0.141,0.119,9.8,11.6,13.9,15.1,0.191,0.192,0.192,0.138,0.11,8.1,10.7,13.7,15.3
Emsland (sand/peat),2026-10-04 02:00:00,0.191,0.193,0.2,0.191,0.189,9.9,11.6,13.9,15.3,0.173,0.174,0.174,0.141,0.119,9.7,11.5,13.8,15.1,0.191,0.192,0.192,0.138,0.11,8.0,10.5,13.6,15.2
Emsland (sand/peat),2026-10-04 03:00:00,0.191,0.193,0.2,0.191,0.189,11.0,11.7,13.7,15.3,0.173,0.174,0.174,0.141,0.119,10.7,11.5,13.7,15.1,0.191,0.191,0.192,0.138,0.11,7.5,10.3,13.4,15.2
Emsland (sand/peat),2026-10-04 04:00:00,0.191,0.193,0.199,0.191,0.189,11.3,11.9,13.6,15.3,0.173,0.174,0.174,0.141,0.119,10.7,11.6,13.6,15.1,0.191,0.191,0.192,0.138,0.11,7.8,10.1,13.2,15.2
Emsland (sand/peat),2026-10-04 05:00:00,0.191,0.193,0.199,0.191,0.189,10.8,12.0,13.5,15.3,0.173,0.174,0.174,0.141,0.119,9.8,11.6,13.5,15.1,0.191,0.191,0.192,0.138,0.11,8.6,10.0,13.1,15.2
Emsland (sand/peat),2026-10-04 06:00:00,0.191,0.193,0.199,0.191,0.189,10.7,11.9,13.4,15.3,0.173,0.174,0.174,0.141,0.119,9.5,11.4,13.5,15.1,0.191,0.191,0.191,0.138,0.11,9.2,10.1,12.9,15.2
Emsland (sand/peat),2026-10-04 07:00:00,0.191,0.193,0.199,0.191,0.189,12.6,12.0,13.3,15.2,0.173,0.174,0.174,0.141,0.119,12.5,11.6,13.4,15.0,0.191,0.191,0.191,0.139,0.11,11.6,10.4,12.8,15.1
Emsland (sand/peat),2026-10-04 08:00:00,0.191,0.193,0.199,0.191,0.189,14.5,12.7,13.3,15.2,0.173,0.174,0.173,0.141,0.119,14.9,12.1,13.3,15.0,0.19,0.191,0.191,0.139,0.11,13.9,11.1,12.7,15.1
Emsland (sand/peat),2026-10-04 09:00:00,0.19,0.193,0.198,0.191,0.189,16.9,13.8,13.3,15.2,0.172,0.173,0.173,0.141,0.119,17.1,12.9,13.3,15.0,0.189,0.191,0.191,0.139,0.11,16.3,12.1,12.7,15.1
Emsland (sand/peat),2026-10-04 10:00:00,0.188,0.193,0.198,0.191,0.189,18.6,14.9,13.5,15.2,0.171,0.173,0.173,0.141,0.119,17.7,13.3,13.0,15.0,0.187,0.19,0.19,0.138,0.11,18.3,13.3,12.7,15.1
Emsland (sand/peat),2026-10-04 11:00:00,0.185,0.192,0.198,0.19,0.189,19.4,15.9,13.7,15.1,0.169,0.173,0.173,0.141,0.119,18.5,14.2,13.1,14.9,0.185,0.189,0.19,0.138,0.11,18.8,14.4,12.8,15.1
Emsland (sand/peat),2026-10-04 12:00:00,0.182,0.191,0.197,0.19,0.188,20.0,16.7,14.1,15.1,0.168,0.172,0.172,0.141,0.119,18.7,15.0,13.2,14.9,0.183,0.188,0.189,0.138,0.11,19.6,15.2,13.0,15.0
Emsland (sand/peat),2026-10-04 13:00:00,0.178,0.19,0.196,0.19,0.188,20.1,17.3,14.4,15.1,0.166,0.172,0.172,0.141,0.118,19.5,15.6,13.4,14.9,0.181,0.188,0.188,0.138,0.11,20.0,16.0,13.2,15.0
Emsland (sand/peat),2026-10-04 14:00:00,0.176,0.188,0.196,0.19,0.188,19.2,17.5,14.7,15.1,0.164,0.171,0.172,0.14,0.118,19.5,16.0,13.6,14.9,0.179,0.186,0.188,0.138,0.11,19.8,16.5,13.5,15.0
Emsland (sand/peat),2026-10-04 15:00:00,0.174,0.187,0.195,0.189,0.188,17.6,17.3,15.0,15.1,0.163,0.17,0.171,0.14,0.118,18.4,16.3,13.8,14.9,0.178,0.186,0.187,0.138,0.11,18.7,16.8,13.7,15.0
Emsland (sand/peat),2026-10-04 16:00:00,0.173,0.186,0.195,0.189,0.188,16.0,16.7,15.2,15.1,0.162,0.17,0.171,0.14,0.118,16.7,16.3,14.0,14.9,0.178,0.185,0.187,0.138,0.11,17.0,16.7,13.9,15.0
Emsland (sand/peat),2026-10-04 17:00:00,0.173,0.186,0.195,0.189,0.188,13.6,15.9,15.3,15.1,0.163,0.169,0.171,0.14,0.118,14.3,15.9,14.1,14.9,0.178,0.184,0.187,0.138,0.11,14.0,16.2,14.1,15.0
Emsland (sand/peat),2026-10-04 18:00:00,0.174,0.185,0.194,0.189,0.188,12.7,14.8,15.3,15.1,0.163,0.169,0.171,0.14,0.118,13.1,15.3,14.2,14.9,0.179,0.184,0.187,0.138,0.11,12.8,15.4,14.2,15.0
Emsland (sand/peat),2026-10-04 19:00:00,0.175,0.185,0.194,0.189,0.188,11.1,14.0,15.2,15.1,0.164,0.168,0.171,0.14,0.118,11.1,14.6,14.3,14.9,0.179,0.184,0.186,0.138,0.11,11.6,14.6,14.3,15.0
Emsland (sand/peat),2026-10-04 20:00:00,0.176,0.184,0.194,0.189,0.188,10.5,13.2,15.0,15.1,0.164,0.168,0.17,0.14,0.118,10.5,13.7,14.3,14.9,0.18,0.183,0.186,0.138,0.11,10.1,13.8,14.3,15.0
Emsland (sand/peat),2026-10-04 21:00:00,0.177,0.184,0.194,0.189,0.188,10.4,12.6,14.8,15.1,0.165,0.168,0.17,0.14,0.118,9.9,13.1,14.2,14.9,0.18,0.183,0.186,0.138,0.11,9.7,13.0,14.3,15.0
Emsland (sand/peat),2026-10-04 22:00:00,0.177,0.184,0.194,0.189,0.188,10.2,12.4,14.6,15.1,0.165,0.168,0.17,0.14,0.118,9.1,12.5,14.2,14.8,0.181,0.183,0.186,0.138,0.11,9.3,12.4,14.2,14.9
Emsland (sand/peat),2026-10-04 23:00:00,0.178,0.184,0.194,0.189,0.188,10.1,12.1,14.4,15.1,0.165,0.168,0.17,0.14,0.118,8.5,12.0,14.0,14.8,0.181,0.183,0.186,0.138,0.11,8.9,11.9,14.1,14.9
Emsland (sand/peat),2026-10-05 00:00:00,0.178,0.184,0.193,0.189,0.188,10.2,11.9,14.2,15.1,0.165,0.168,0.17,0.14,0.118,9.9,11.7,13.9,14.8,0.181,0.183,0.185,0.138,0.11,9.6,11.5,13.9,14.9
Emsland (sand/peat),2026-10-05 01:00:00,0.178,0.183,0.193,0.189,0.188,10.4,11.9,14.0,15.1,0.166,0.168,0.17,0.141,0.118,10.1,11.6,13.8,14.8,0.181,0.183,0.185,0.138,0.11,10.0,11.4,13.8,14.9
Emsland (sand/peat),2026-10-05 02:00:00,0.179,0.183,0.193,0.189,0.188,10.6,11.9,13.8,15.0,0.166,0.168,0.17,0.141,0.118,9.9,11.6,13.7,14.8,0.181,0.183,0.185,0.138,0.11,10.0,11.4,13.6,14.9
Emsland (sand/peat),2026-10-05 03:00:00,0.179,0.183,0.193,0.189,0.188,10.9,11.9,13.7,15.0,0.166,0.167,0.17,0.141,0.118,9.5,11.5,13.6,14.8,0.181,0.183,0.185,0.138,0.11,9.5,11.3,13.5,14.9
Emsland (sand/peat),2026-10-05 04:00:00,0.179,0.183,0.193,0.189,0.188,10.5,11.9,13.5,15.0,0.166,0.167,0.17,0.141,0.118,9.2,11.4,13.5,14.8,0.182,0.183,0.185,0.138,0.11,9.2,11.2,13.4,14.9
Emsland (sand/peat),2026-10-05 05:00:00,0.179,0.183,0.193,0.189,0.188,9.8,11.7,13.4,15.0,0.166,0.167,0.17,0.141,0.118,9.1,11.2,13.4,14.8,0.182,0.183,0.184,0.138,0.11,8.9,11.0,13.3,14.9
Emsland (sand/peat),2026-10-05 06:00:00,0.179,0.183,0.192,0.189,0.188,10.0,11.4,13.3,15.0,0.166,0.167,0.169,0.141,0.118,9.1,11.0,13.3,14.8,0.182,0.183,0.184,0.139,0.11,9.0,10.8,13.2,14.9
Emsland (sand/peat),2026-10-05 07:00:00,,,,,,,,,,0.166,0.167,0.169,0.141,0.118,11.2,11.1,13.2,14.8,0.182,0.183,0.184,0.139,0.11,11.1,10.8,13.0,14.8
Emsland (sand/peat),2026-10-05 08:00:00,,,,,,,,,,0.166,0.167,0.169,0.141,0.118,14.1,11.5,13.1,14.7,0.181,0.182,0.184,0.139,0.11,14.0,11.4,13.0,14.8
Emsland (sand/peat),2026-10-05 09:00:00,,,,,,,,,,0.164,0.167,0.169,0.141,0.118,16.6,12.4,13.1,14.7,0.18,0.182,0.184,0.139,0.11,16.8,12.4,12.9,14.8
Emsland (sand/peat),2026-10-05 10:00:00,,,,,,,,,,0.163,0.167,0.169,0.14,0.118,18.6,13.5,13.1,14.7,0.178,0.182,0.183,0.138,0.11,18.7,13.6,13.0,14.8
Emsland (sand/peat),2026-10-05 11:00:00,,,,,,,,,,0.161,0.166,0.168,0.14,0.118,18.9,14.5,13.2,14.7,0.176,0.181,0.183,0.138,0.11,19.5,14.7,13.1,14.8
Emsland (sand/peat),2026-10-05 12:00:00,,,,,,,,,,0.159,0.165,0.168,0.14,0.118,20.0,15.3,13.3,14.7,0.174,0.18,0.182,0.138,0.11,19.9,15.6,13.3,14.8
Emsland (sand/peat),2026-10-05 13:00:00,,,,,,,,,,0.157,0.165,0.167,0.14,0.118,19.8,16.0,13.5,14.7,0.172,0.179,0.182,0.138,0.11,20.0,16.3,13.5,14.8
Emsland (sand/peat),2026-10-05 14:00:00,,,,,,,,,,0.156,0.164,0.167,0.14,0.118,19.5,16.4,13.7,14.7,0.17,0.178,0.181,0.138,0.109,19.8,16.8,13.7,14.7
Emsland (sand/peat),2026-10-05 15:00:00,,,,,,,,,,0.155,0.163,0.167,0.14,0.118,18.5,16.6,13.9,14.7,0.169,0.177,0.181,0.138,0.109,18.7,17.0,13.9,14.7
Emsland (sand/peat),2026-10-05 16:00:00,,,,,,,,,,0.154,0.163,0.166,0.14,0.118,17.3,16.6,14.1,14.7,0.168,0.177,0.18,0.138,0.109,17.3,16.9,14.1,14.7
Emsland (sand/peat),2026-10-05 17:00:00,,,,,,,,,,0.154,0.162,0.166,0.14,0.118,13.9,16.1,14.2,14.7,0.169,0.176,0.18,0.138,0.109,14.1,16.4,14.3,14.7
Emsland (sand/peat),2026-10-05 18:00:00,,,,,,,,,,0.155,0.162,0.166,0.14,0.118,12.4,15.3,14.3,14.7,0.169,0.176,0.18,0.138,0.109,12.8,15.5,14.4,14.7
Emsland (sand/peat),2026-10-05 19:00:00,,,,,,,,,,0.156,0.162,0.166,0.14,0.118,11.6,14.5,14.4,14.7,0.17,0.175,0.18,0.138,0.109,11.8,14.7,14.5,14.7
Emsland (sand/peat),2026-10-05 20:00:00,,,,,,,,,,0.156,0.162,0.166,0.14,0.118,11.6,13.9,14.4,14.6,0.171,0.175,0.179,0.138,0.109,11.7,14.0,14.5,14.7
Emsland (sand/peat),2026-10-05 21:00:00,,,,,,,,,,0.157,0.161,0.166,0.14,0.118,10.9,13.5,14.3,14.6,0.171,0.175,0.179,0.138,0.109,11.1,13.5,14.4,14.7
Emsland (sand/peat),2026-10-05 22:00:00,,,,,,,,,,0.157,0.161,0.166,0.14,0.118,10.2,13.0,14.3,14.6,0.171,0.175,0.179,0.138,0.109,10.4,13.0,14.4,14.7
Emsland (sand/peat),2026-10-05 23:00:00,,,,,,,,,,0.157,0.161,0.166,0.14,0.118,10.0,12.6,14.2,14.6,0.172,0.175,0.179,0.138,0.109,10.0,12.6,14.3,14.7
Emsland (sand/peat),2026-10-06 00:00:00,,,,,,,,,,0.158,0.161,0.166,0.14,0.118,9.5,12.3,14.1,14.6,0.172,0.175,0.179,0.138,0.109,9.5,12.2,14.1,14.7
Emsland (sand/peat),2026-10-06 01:00:00,,,,,,,,,,0.158,0.161,0.165,0.14,0.118,9.2,11.9,14.0,14.6,0.172,0.175,0.179,0.138,0.109,9.2,11.8,14.0,14.7
Emsland (sand/peat),2026-10-06 02:00:00,,,,,,,,,,0.158,0.161,0.165,0.14,0.118,9.0,11.6,13.8,14.6,0.173,0.175,0.178,0.138,0.109,8.9,11.5,13.9,14.7
Emsland (sand/peat),2026-10-06 03:00:00,,,,,,,,,,0.159,0.161,0.165,0.14,0.118,8.7,11.4,13.7,14.6,0.173,0.175,0.178,0.138,0.109,8.7,11.2,13.7,14.7
Emsland (sand/peat),2026-10-06 04:00:00,,,,,,,,,,0.159,0.161,0.165,0.14,0.118,8.4,11.1,13.6,14.6,0.173,0.175,0.178,0.138,0.109,8.4,10.9,13.6,14.7
Emsland (sand/peat),2026-10-06 05:00:00,,,,,,,,,,0.159,0.161,0.165,0.14,0.118,8.1,10.9,13.5,14.6,0.173,0.175,0.178,0.138,0.109,8.1,10.7,13.4,14.7
Emsland (sand/peat),2026-10-06 06:00:00,,,,,,,,,,0.159,0.161,0.165,0.14,0.118,8.2,10.7,13.3,14.6,0.173,0.175,0.178,0.138,0.109,8.1,10.5,13.3,14.6
Emsland (sand/peat),2026-10-06 07:00:00,,,,,,,,,,0.159,0.161,0.165,0.14,0.118,10.5,10.9,13.2,14.6,0.173,0.175,0.178,0.138,0.109,10.4,10.8,13.1,14.6
Emsland (sand/peat),2026-10-06 08:00:00,,,,,,,,,,0.159,0.161,0.165,0.14,0.118,13.8,11.5,13.1,14.6,0.173,0.174,0.177,0.138,0.109,13.7,11.3,13.0,14.6
Emsland (sand/peat),2026-10-06 09:00:00,,,,,,,,,,0.158,0.161,0.165,0.14,0.118,16.6,12.2,13.0,14.6,0.172,0.174,0.177,0.138,0.109,16.6,12.1,12.9,14.6
Emsland (sand/peat),2026-10-06 10:00:00,,,,,,,,,,0.156,0.16,0.164,0.14,0.118,18.5,13.2,13.1,14.6,0.17,0.173,0.177,0.138,0.109,18.6,13.2,13.0,14.6
Emsland (sand/peat),2026-10-06 11:00:00,,,,,,,,,,0.154,0.16,0.164,0.139,0.118,19.9,14.4,13.1,14.5,0.168,0.173,0.176,0.138,0.109,20.1,14.6,13.1,14.6
Emsland (sand/peat),2026-10-06 12:00:00,,,,,,,,,,0.152,0.159,0.163,0.139,0.118,20.7,15.4,13.3,14.5,0.165,0.172,0.176,0.138,0.109,21.0,15.7,13.2,14.6
Emsland (sand/peat),2026-10-06 13:00:00,,,,,,,,,,0.149,0.158,0.163,0.139,0.118,20.9,16.2,13.5,14.5,0.162,0.171,0.175,0.138,0.109,21.2,16.6,13.4,14.6
Emsland (sand/peat),2026-10-06 14:00:00,,,,,,,,,,0.147,0.158,0.162,0.139,0.118,20.5,16.8,13.7,14.5,0.16,0.171,0.175,0.137,0.109,20.8,17.3,13.7,14.6
Emsland (sand/peat),2026-10-06 15:00:00,,,,,,,,,,0.145,0.157,0.162,0.139,0.118,19.3,17.1,13.9,14.5,0.158,0.17,0.174,0.137,0.109,19.5,17.5,13.9,14.6
Emsland (sand/peat),2026-10-06 16:00:00,,,,,,,,,,0.145,0.157,0.162,0.139,0.118,16.7,16.7,14.1,14.5,0.158,0.169,0.174,0.137,0.109,16.8,17.0,14.1,14.6
Emsland (sand/peat),2026-10-06 17:00:00,,,,,,,,,,0.145,0.156,0.161,0.139,0.118,13.3,15.9,14.3,14.5,0.159,0.169,0.173,0.137,0.109,13.3,16.1,14.3,14.5
Emsland (sand/peat),2026-10-06 18:00:00,,,,,,,,,,0.146,0.156,0.161,0.139,0.118,10.8,15.1,14.4,14.5,0.16,0.168,0.173,0.137,0.109,10.8,15.2,14.5,14.5
Emsland (sand/peat),2026-10-06 19:00:00,,,,,,,,,,0.147,0.156,0.161,0.139,0.118,10.2,14.3,14.4,14.5,0.161,0.168,0.173,0.137,0.109,10.0,14.3,14.5,14.5
Emsland (sand/peat),2026-10-06 20:00:00,,,,,,,,,,0.147,0.155,0.161,0.139,0.118,10.5,13.5,14.3,14.5,0.161,0.167,0.173,0.137,0.109,10.2,13.4,14.4,14.5
Emsland (sand/peat),2026-10-06 21:00:00,,,,,,,,,,0.148,0.155,0.161,0.139,0.118,10.8,12.9,14.2,14.5,0.162,0.167,0.173,0.137,0.109,10.5,12.7,14.3,14.5
Emsland (sand/peat),2026-10-06 22:00:00,,,,,,,,,,0.148,0.155,0.161,0.139,0.118,10.9,12.6,14.1,14.5,0.162,0.167,0.173,0.137,0.109,10.5,12.4,14.2,14.5
Emsland (sand/peat),2026-10-06 23:00:00,,,,,,,,,,0.149,0.154,0.161,0.139,0.118,10.9,12.6,14.1,14.5,0.163,0.167,0.173,0.137,0.109,10.6,12.3,14.1,14.5
Emsland (sand/peat),2026-10-07 00:00:00,,,,,,,,,,0.149,0.154,0.161,0.139,0.118,11.0,12.6,14.0,14.5,0.163,0.167,0.173,0.137,0.109,10.6,12.3,14.0,14.5
Emsland (sand/peat),2026-10-07 01:00:00,,,,,,,,,,0.149,0.154,0.161,0.139,0.118,10.9,12.4,13.9,14.5,0.163,0.167,0.173,0.137,0.109,10.5,12.1,13.9,14.5
Emsland (sand/peat),2026-10-07 02:00:00,,,,,,,,,,0.15,0.154,0.161,0.139,0.118,10.8,12.3,13.8,14.5,0.163,0.167,0.172,0.137,0.109,10.3,12.0,13.8,14.5
Emsland (sand/peat),2026-10-07 03:00:00,,,,,,,,,,0.15,0.154,0.161,0.139,0.118,10.7,12.1,13.7,14.5,0.163,0.167,0.172,0.137,0.109,10.3,11.9,13.7,14.5
Emsland (sand/peat),2026-10-07 04:00:00,,,,,,,,,,0.15,0.154,0.161,0.139,0.118,10.7,12.0,13.6,14.5,0.163,0.167,0.172,0.137,0.109,10.4,11.8,13.6,14.5
Emsland (sand/peat),2026-10-07 05:00:00,,,,,,,,,,0.151,0.154,0.16,0.139,0.118,10.7,11.9,13.5,14.4,0.164,0.167,0.172,0.138,0.109,10.7,11.7,13.5,14.5
Emsland (sand/peat),2026-10-07 06:00:00,,,,,,,,,,0.151,0.154,0.16,0.139,0.118,11.1,11.9,13.5,14.4,0.164,0.167,0.172,0.138,0.109,11.3,11.8,13.4,14.5
Emsland (sand/peat),2026-10-07 07:00:00,,,,,,,,,,0.151,0.154,0.16,0.139,0.118,12.3,12.2,13.4,14.4,0.164,0.167,0.172,0.138,0.109,12.6,12.1,13.3,14.5
Emsland (sand/peat),2026-10-07 08:00:00,,,,,,,,,,0.151,0.154,0.16,0.139,0.118,13.8,12.7,13.4,14.4,0.164,0.166,0.171,0.138,0.109,14.3,12.6,13.3,14.5
Emsland (sand/peat),2026-10-07 09:00:00,,,,,,,,,,0.15,0.154,0.16,0.139,0.118,15.1,13.2,13.4,14.4,0.163,0.166,0.171,0.138,0.109,15.7,13.1,13.3,14.5
Emsland (sand/peat),2026-10-07 10:00:00,,,,,,,,,,0.149,0.154,0.16,0.139,0.118,16.0,13.7,13.4,14.4,0.162,0.166,0.171,0.138,0.109,16.8,13.8,13.3,14.5
Emsland (sand/peat),2026-10-07 11:00:00,,,,,,,,,,0.148,0.153,0.159,0.138,0.118,16.8,14.3,13.5,14.4,0.161,0.165,0.17,0.137,0.109,17.7,14.5,13.4,14.4
Emsland (sand/peat),2026-10-07 12:00:00,,,,,,,,,,0.147,0.153,0.159,0.138,0.118,17.1,14.7,13.5,14.4,0.16,0.165,0.17,0.137,0.109,18.1,15.1,13.5,14.4
Emsland (sand/peat),2026-10-07 13:00:00,,,,,,,,,,0.14,0.151,0.159,0.138,0.118,16.8,15.0,13.6,14.4,0.152,0.161,0.17,0.137,0.109,17.9,15.5,13.6,14.4
Emsland (sand/peat),2026-10-07 14:00:00,,,,,,,,,,0.133,0.148,0.159,0.138,0.118,16.1,15.3,13.8,14.4,0.144,0.158,0.169,0.137,0.109,17.3,15.8,13.8,14.4
Emsland (sand/peat),2026-10-07 15:00:00,,,,,,,,,,0.146,0.152,0.159,0.138,0.118,15.4,15.3,13.9,14.4,0.157,0.164,0.169,0.137,0.109,16.5,15.8,13.9,14.4
Emsland (sand/peat),2026-10-07 16:00:00,,,,,,,,,,0.199,0.163,0.156,0.138,0.118,14.7,15.1,14.0,14.4,0.211,0.187,0.165,0.137,0.109,15.6,15.6,14.0,14.4
Emsland (sand/peat),2026-10-07 17:00:00,,,,,,,,,,0.272,0.179,0.152,0.138,0.118,14.1,14.8,14.0,14.4,0.286,0.221,0.162,0.137,0.109,14.6,15.2,14.1,14.4
Emsland (sand/peat),2026-10-07 18:00:00,,,,,,,,,,0.326,0.204,0.159,0.138,0.118,13.5,14.5,14.1,14.4,0.34,0.254,0.17,0.137,0.109,13.7,14.8,14.2,14.4
Emsland (sand/peat),2026-10-07 19:00:00,,,,,,,,,,0.342,0.247,0.186,0.138,0.118,13.2,14.2,14.1,14.4,0.354,0.287,0.2,0.137,0.109,13.3,14.5,14.2,14.4
Emsland (sand/peat),2026-10-07 20:00:00,,,,,,,,,,0.339,0.298,0.223,0.139,0.118,13.0,14.0,14.1,14.4,0.348,0.32,0.241,0.137,0.109,13.1,14.2,14.2,14.4
Emsland (sand/peat),2026-10-07 21:00:00,,,,,,,,,,0.331,0.331,0.253,0.139,0.118,12.8,13.8,14.1,14.4,0.338,0.339,0.274,0.138,0.109,12.9,13.9,14.2,14.4
Emsland (sand/peat),2026-10-07 22:00:00,,,,,,,,,,0.322,0.331,0.269,0.14,0.118,12.8,13.6,14.1,14.4,0.327,0.335,0.29,0.139,0.109,12.9,13.7,14.2,14.4
Emsland (sand/peat),2026-10-07 23:00:00,,,,,,,,,,0.309,0.313,0.279,0.14,0.118,12.9,13.5,14.0,14.4,0.311,0.317,0.298,0.141,0.109,12.9,13.6,14.2,14.4
Emsland (sand/peat),2026-10-08 00:00:00,,,,,,,,,,0.299,0.299,0.285,0.141,0.118,12.9,13.4,14.0,14.4,0.299,0.303,0.302,0.142,0.109,12.8,13.5,14.1,14.4
Emsland (sand/peat),2026-10-08 01:00:00,,,,,,,,,,,,,,,,,,,0.294,0.298,0.303,0.143,0.109,12.5,13.4,14.1,14.4
Emsland (sand/peat),2026-10-08 02:00:00,,,,,,,,,,,,,,,,,,,0.293,0.296,0.301,0.145,0.109,12.0,13.3,14.1,14.4
Emsland (sand/peat),2026-10-08 03:00:00,,,,,,,,,,,,,,,,,,,0.291,0.294,0.298,0.146,0.109,11.6,13.2,14.0,14.4
Emsland (sand/peat),2026-10-08 04:00:00,,,,,,,,,,,,,,,,,,,0.288,0.291,0.296,0.147,0.109,11.2,13.0,14.0,14.4
Emsland (sand/peat),2026-10-08 05:00:00,,,,,,,,,,,,,,,,,,,0.284,0.288,0.293,0.149,0.109,10.8,12.7,13.9,14.4
Emsland (sand/peat),2026-10-08 06:00:00,,,,,,,,,,,,,,,,,,,0.281,0.285,0.29,0.15,0.109,10.7,12.5,13.8,14.4
Emsland (sand/peat),2026-10-08 07:00:00,,,,,,,,,,,,,,,,,,,0.279,0.283,0.288,0.151,0.109,11.1,12.4,13.7,14.4
Emsland (sand/peat),2026-10-08 08:00:00,,,,,,,,,,,,,,,,,,,0.278,0.282,0.286,0.153,0.109,11.8,12.3,13.6,14.4
Emsland (sand/peat),2026-10-08 09:00:00,,,,,,,,,,,,,,,,,,,0.276,0.28,0.284,0.154,0.109,12.5,12.4,13.6,14.4
Emsland (sand/peat),2026-10-08 10:00:00,,,,,,,,,,,,,,,,,,,0.273,0.277,0.281,0.155,0.109,13.3,12.7,13.5,14.4
Emsland (sand/peat),2026-10-08 11:00:00,,,,,,,,,,,,,,,,,,,0.27,0.275,0.279,0.155,0.109,14.2,13.2,13.5,14.3
Emsland (sand/peat),2026-10-08 12:00:00,,,,,,,,,,,,,,,,,,,0.267,0.272,0.276,0.156,0.109,14.7,13.5,13.5,14.3
Emsland (sand/peat),2026-10-08 13:00:00,,,,,,,,,,,,,,,,,,,0.265,0.27,0.274,0.157,0.109,14.6,13.8,13.6,14.3
Emsland (sand/peat),2026-10-08 14:00:00,,,,,,,,,,,,,,,,,,,0.263,0.268,0.272,0.157,0.109,14.2,13.9,13.6,14.3
Emsland (sand/peat),2026-10-08 15:00:00,,,,,,,,,,,,,,,,,,,0.262,0.266,0.27,0.158,0.109,13.5,13.9,13.6,14.3
Emsland (sand/peat),2026-10-08 16:00:00,,,,,,,,,,,,,,,,,,,0.261,0.264,0.268,0.158,0.109,12.5,13.7,13.6,14.3
Emsland (sand/peat),2026-10-08 17:00:00,,,,,,,,,,,,,,,,,,,0.259,0.262,0.267,0.159,0.109,11.3,13.3,13.6,14.3
Emsland (sand/peat),2026-10-08 18:00:00,,,,,,,,,,,,,,,,,,,0.258,0.261,0.265,0.159,0.109,10.2,12.9,13.6,14.3
Emsland (sand/peat),2026-10-08 19:00:00,,,,,,,,,,,,,,,,,,,0.257,0.26,0.264,0.16,0.109,9.5,12.4,13.6,14.3
Emsland (sand/peat),2026-10-08 20:00:00,,,,,,,,,,,,,,,,,,,0.257,0.26,0.262,0.16,0.109,8.9,11.8,13.5,14.3
Emsland (sand/peat),2026-10-08 21:00:00,,,,,,,,,,,,,,,,,,,0.256,0.259,0.261,0.161,0.109,8.5,11.3,13.4,14.3
Emsland (sand/peat),2026-10-08 22:00:00,,,,,,,,,,,,,,,,,,,0.255,0.258,0.26,0.161,0.109,8.1,10.9,13.3,14.3
Emsland (sand/peat),2026-10-08 23:00:00,,,,,,,,,,,,,,,,,,,0.255,0.257,0.258,0.162,0.109,7.9,10.6,13.1,14.3
Emsland (sand/peat),2026-10-09 00:00:00,,,,,,,,,,,,,,,,,,,0.254,0.256,0.257,0.162,0.109,7.7,10.3,13.0,14.3
Emsland (sand/peat),2026-10-09 01:00:00,,,,,,,,,,,,,,,,,,,0.253,0.255,0.256,0.163,0.109,7.7,10.1,12.8,14.3
Emsland (sand/peat),2026-10-09 02:00:00,,,,,,,,,,,,,,,,,,,0.253,0.255,0.255,0.163,0.109,7.7,9.9,12.6,14.2
Emsland (sand/peat),2026-10-09 03:00:00,,,,,,,,,,,,,,,,,,,0.252,0.254,0.254,0.164,0.109,7.7,9.8,12.5,14.2
Emsland (sand/peat),2026-10-09 04:00:00,,,,,,,,,,,,,,,,,,,0.251,0.253,0.253,0.164,0.109,7.5,9.6,12.3,14.2
Emsland (sand/peat),2026-10-09 05:00:00,,,,,,,,,,,,,,,,,,,0.251,0.252,0.252,0.165,0.109,7.2,9.4,12.2,14.2
Emsland (sand/peat),2026-10-09 06:00:00,,,,,,,,,,,,,,,,,,,0.25,0.251,0.251,0.165,0.109,7.5,9.4,12.1,14.2
Emsland (sand/peat),2026-10-09 07:00:00,,,,,,,,,,,,,,,,,,,0.249,0.25,0.25,0.165,0.109,9.0,9.6,12.0,14.2
Emsland (sand/peat),2026-10-09 08:00:00,,,,,,,,,,,,,,,,,,,0.247,0.249,0.249,0.166,0.109,11.0,10.0,11.8,14.1
Emsland (sand/peat),2026-10-09 09:00:00,,,,,,,,,,,,,,,,,,,0.246,0.248,0.248,0.166,0.109,12.4,10.4,11.8,14.1
Emsland (sand/peat),2026-10-09 10:00:00,,,,,,,,,,,,,,,,,,,0.244,0.247,0.247,0.166,0.109,12.9,10.8,11.7,14.1
Emsland (sand/peat),2026-10-09 11:00:00,,,,,,,,,,,,,,,,,,,0.242,0.245,0.246,0.167,0.109,12.8,11.3,11.8,14.1
Emsland (sand/peat),2026-10-09 12:00:00,,,,,,,,,,,,,,,,,,,0.241,0.244,0.245,0.167,0.109,12.4,11.7,11.8,14.1
Emsland (sand/peat),2026-10-09 13:00:00,,,,,,,,,,,,,,,,,,,0.242,0.241,0.244,0.167,0.109,11.7,11.7,11.8,14.1
Emsland (sand/peat),2026-10-09 14:00:00,,,,,,,,,,,,,,,,,,,0.244,0.239,0.243,0.167,0.109,10.6,11.6,11.8,14.0
Emsland (sand/peat),2026-10-09 15:00:00,,,,,,,,,,,,,,,,,,,0.252,0.244,0.243,0.167,0.109,9.9,11.4,11.9,14.0
Emsland (sand/peat),2026-10-09 16:00:00,,,,,,,,,,,,,,,,,,,0.272,0.265,0.245,0.167,0.109,9.7,11.2,11.9,14.0
Emsland (sand/peat),2026-10-09 17:00:00,,,,,,,,,,,,,,,,,,,0.298,0.293,0.249,0.168,0.109,9.8,10.9,11.9,14.0
Emsland (sand/peat),2026-10-09 18:00:00,,,,,,,,,,,,,,,,,,,0.313,0.31,0.253,0.168,0.109,9.9,10.7,11.8,14.0
Emsland (sand/peat),2026-10-09 19:00:00,,,,,,,,,,,,,,,,,,,0.308,0.306,0.258,0.169,0.109,9.9,10.7,11.8,14.0
Emsland (sand/peat),2026-10-09 20:00:00,,,,,,,,,,,,,,,,,,,0.292,0.292,0.263,0.169,0.109,9.9,10.7,11.8,13.9
Emsland (sand/peat),2026-10-09 21:00:00,,,,,,,,,,,,,,,,,,,0.279,0.28,0.266,0.17,0.109,9.9,10.7,11.7,13.9
Emsland (sand/peat),2026-10-09 22:00:00,,,,,,,,,,,,,,,,,,,0.274,0.275,0.267,0.171,0.109,9.9,10.7,11.7,13.9
Emsland (sand/peat),2026-10-09 23:00:00,,,,,,,,,,,,,,,,,,,0.271,0.273,0.267,0.171,0.109,9.8,10.7,11.7,13.9
Wesermarsch (marsh clay),2026-10-03 00:00:00,0.314,0.314,0.313,0.288,0.29,9.2,12.3,15.3,15.1,0.307,0.307,0.307,0.298,0.304,8.4,12.5,15.5,15.0,0.321,0.322,0.324,0.328,0.323,11.5,12.9,15.9,15.4
Wesermarsch (marsh clay),2026-10-03 01:00:00,0.313,0.313,0.313,0.288,0.29,9.1,12.0,15.1,15.1,0.307,0.307,0.307,0.298,0.304,8.3,12.2,15.4,15.0,0.321,0.322,0.324,0.328,0.324,11.4,12.7,15.8,15.4
Wesermarsch (marsh clay),2026-10-03 02:00:00,0.313,0.313,0.312,0.288,0.29,8.9,11.8,14.9,15.1,0.307,0.307,0.307,0.298,0.304,8.0,11.9,15.2,15.0,0.321,0.322,0.324,0.328,0.324,11.2,12.4,15.6,15.4
Wesermarsch (marsh clay),2026-10-03 03:00:00,0.311,0.312,0.311,0.294,0.294,8.5,11.6,14.6,15.1,0.306,0.307,0.307,0.298,0.304,7.4,11.4,15.1,15.0,0.321,0.322,0.324,0.328,0.324,11.0,12.1,15.5,15.4
Wesermarsch (marsh clay),2026-10-03 04:00:00,0.311,0.311,0.311,0.294,0.294,8.3,11.4,14.4,15.1,0.306,0.306,0.307,0.298,0.304,7.3,11.2,14.9,15.0,0.321,0.322,0.324,0.328,0.324,10.8,11.9,15.3,15.4
Wesermarsch (marsh clay),2026-10-03 05:00:00,0.311,0.311,0.311,0.294,0.294,7.8,11.1,14.3,15.1,0.306,0.306,0.306,0.299,0.304,7.4,11.0,14.8,15.0,0.321,0.322,0.324,0.328,0.324,10.7,11.7,15.1,15.4
Wesermarsch (marsh clay),2026-10-03 06:00:00,0.31,0.311,0.31,0.295,0.294,8.9,11.2,14.1,15.0,0.306,0.306,0.306,0.299,0.304,7.8,10.9,14.6,14.9,0.321,0.322,0.324,0.328,0.324,10.9,11.5,15.0,15.4
Wesermarsch (marsh clay),2026-10-03 07:00:00,0.31,0.31,0.31,0.295,0.294,11.0,11.2,13.9,15.0,0.305,0.306,0.306,0.299,0.304,10.3,10.9,14.5,14.9,0.321,0.322,0.324,0.328,0.324,12.5,11.5,14.8,15.4
Wesermarsch (marsh clay),2026-10-03 08:00:00,0.309,0.31,0.31,0.295,0.294,13.9,11.8,13.8,15.0,0.305,0.305,0.306,0.299,0.304,12.8,11.2,14.4,14.9,0.32,0.321,0.323,0.328,0.324,14.4,11.9,14.7,15.4
Wesermarsch (marsh clay),2026-10-03 09:00:00,0.307,0.309,0.309,0.295,0.294,16.2,12.7,13.7,15.0,0.304,0.305,0.305,0.299,0.304,15.7,11.8,14.3,14.9,0.319,0.321,0.323,0.328,0.324,16.4,12.7,14.6,15.4
Wesermarsch (marsh clay),2026-10-03 10:00:00,0.305,0.307,0.308,0.295,0.294,18.4,13.8,13.7,15.0,0.302,0.304,0.305,0.299,0.304,18.4,12.6,14.2,14.9,0.318,0.32,0.323,0.328,0.324,18.2,13.7,14.6,15.4
Wesermarsch (marsh clay),2026-10-03 11:00:00,0.303,0.306,0.307,0.295,0.294,19.5,14.8,13.8,15.0,0.301,0.303,0.304,0.298,0.304,19.3,13.6,14.1,14.9,0.317,0.319,0.322,0.327,0.324,18.9,14.8,14.6,15.4
Wesermarsch (marsh clay),2026-10-03 12:00:00,0.301,0.304,0.306,0.294,0.294,18.7,15.6,13.9,15.0,0.299,0.301,0.304,0.298,0.304,19.3,14.5,14.2,14.9,0.315,0.318,0.322,0.327,0.324,19.0,15.7,14.6,15.4
Wesermarsch (marsh clay),2026-10-03 13:00:00,0.299,0.302,0.305,0.294,0.294,19.8,16.1,14.1,15.0,0.297,0.3,0.303,0.298,0.304,19.5,15.1,14.2,14.9,0.314,0.317,0.321,0.327,0.324,19.1,16.4,14.7,15.4
Wesermarsch (marsh clay),2026-10-03 14:00:00,0.297,0.3,0.304,0.294,0.293,19.0,16.5,14.2,15.0,0.296,0.299,0.302,0.298,0.304,18.5,15.6,14.3,14.9,0.313,0.315,0.32,0.326,0.324,18.5,16.8,14.8,15.4
Wesermarsch (marsh clay),2026-10-03 15:00:00,0.296,0.299,0.303,0.294,0.293,17.2,16.6,14.4,15.0,0.295,0.297,0.301,0.297,0.303,17.6,15.9,14.3,14.9,0.312,0.315,0.32,0.326,0.324,17.6,17.0,14.9,15.4
Wesermarsch (marsh clay),2026-10-03 16:00:00,0.296,0.298,0.303,0.294,0.293,16.2,16.4,14.5,14.9,0.295,0.297,0.301,0.297,0.303,15.6,15.9,14.4,14.9,0.312,0.314,0.319,0.326,0.324,16.3,16.8,15.0,15.4
Wesermarsch (marsh clay),2026-10-03 17:00:00,0.297,0.298,0.302,0.294,0.293,13.7,15.9,14.7,14.9,0.295,0.297,0.3,0.297,0.303,13.4,15.7,14.5,14.9,0.313,0.315,0.319,0.326,0.324,14.3,16.3,15.1,15.4
Wesermarsch (marsh clay),2026-10-03 18:00:00,0.298,0.298,0.302,0.294,0.293,12.3,15.1,14.7,14.9,0.296,0.297,0.3,0.297,0.304,12.2,15.3,14.5,14.9,0.314,0.315,0.319,0.326,0.324,13.8,15.6,15.1,15.4
Wesermarsch (marsh clay),2026-10-03 19:00:00,0.298,0.299,0.301,0.294,0.294,11.3,14.4,14.7,14.9,0.296,0.297,0.3,0.298,0.304,11.3,14.7,14.5,14.9,0.314,0.315,0.319,0.326,0.324,13.0,14.9,15.1,15.4
Wesermarsch (marsh clay),2026-10-03 20:00:00,0.298,0.299,0.301,0.294,0.294,10.9,13.7,14.7,14.9,0.296,0.297,0.299,0.298,0.304,11.5,14.2,14.5,14.9,0.315,0.316,0.319,0.326,0.324,12.9,14.3,15.1,15.4
Wesermarsch (marsh clay),2026-10-03 21:00:00,0.298,0.299,0.301,0.294,0.294,10.7,13.2,14.6,14.9,0.296,0.297,0.299,0.298,0.304,11.3,13.8,14.5,14.9,0.315,0.316,0.319,0.326,0.324,13.0,13.9,15.1,15.4
Wesermarsch (marsh clay),2026-10-03 22:00:00,0.299,0.299,0.3,0.294,0.294,10.4,12.9,14.5,14.9,0.296,0.297,0.299,0.298,0.304,12.2,13.6,14.5,14.9,0.315,0.316,0.319,0.326,0.324,12.7,13.6,15.0,15.4
Wesermarsch (marsh clay),2026-10-03 23:00:00,0.299,0.299,0.3,0.294,0.294,10.3,12.6,14.4,14.9,0.296,0.297,0.299,0.298,0.304,12.3,13.5,14.5,14.9,0.315,0.316,0.319,0.325,0.324,12.5,13.3,14.9,15.3
Wesermarsch (marsh clay),2026-10-04 00:00:00,0.298,0.299,0.3,0.294,0.294,10.1,12.4,14.3,14.9,0.296,0.297,0.299,0.298,0.304,12.3,13.4,14.4,14.9,0.315,0.316,0.319,0.325,0.324,12.4,13.0,14.9,15.3
Wesermarsch (marsh clay),2026-10-04 01:00:00,0.299,0.299,0.3,0.294,0.294,9.7,12.1,14.2,14.9,0.296,0.297,0.299,0.298,0.304,12.1,13.3,14.4,14.9,0.315,0.316,0.319,0.325,0.324,13.0,12.9,14.8,15.3
Wesermarsch (marsh clay),2026-10-04 02:00:00,0.298,0.299,0.3,0.294,0.294,9.4,11.9,14.0,14.9,0.296,0.297,0.299,0.298,0.304,12.0,13.3,14.4,14.9,0.315,0.316,0.319,0.325,0.324,13.2,12.9,14.7,15.3
Wesermarsch (marsh clay),2026-10-04 03:00:00,0.298,0.299,0.3,0.294,0.294,10.0,11.7,13.9,14.9,0.296,0.297,0.298,0.298,0.304,12.4,13.2,14.3,14.9,0.315,0.316,0.319,0.325,0.324,13.3,12.9,14.6,15.3
Wesermarsch (marsh clay),2026-10-04 04:00:00,0.298,0.299,0.299,0.294,0.294,9.7,11.6,13.8,14.9,0.296,0.297,0.298,0.298,0.304,11.3,13.2,14.3,14.9,0.316,0.316,0.319,0.325,0.324,13.2,13.0,14.6,15.3
Wesermarsch (marsh clay),2026-10-04 05:00:00,0.298,0.299,0.299,0.294,0.294,9.8,11.6,13.7,14.9,0.296,0.297,0.298,0.298,0.304,10.4,13.0,14.2,14.9,0.316,0.316,0.319,0.325,0.324,13.5,13.0,14.5,15.3
Wesermarsch (marsh clay),2026-10-04 06:00:00,0.298,0.299,0.299,0.294,0.294,10.5,11.6,13.6,14.9,0.296,0.297,0.298,0.298,0.304,10.6,12.7,14.2,14.9,0.316,0.316,0.319,0.325,0.324,13.7,13.1,14.5,15.3
Wesermarsch (marsh clay),2026-10-04 07:00:00,0.298,0.298,0.299,0.294,0.294,11.8,11.7,13.5,14.8,0.296,0.297,0.298,0.298,0.304,12.7,12.6,14.1,14.9,0.316,0.317,0.319,0.325,0.324,14.6,13.2,14.4,15.3
Wesermarsch (marsh clay),2026-10-04 08:00:00,0.297,0.298,0.299,0.295,0.294,13.6,12.2,13.4,14.8,0.296,0.297,0.298,0.298,0.304,15.5,12.8,14.1,14.8,0.316,0.317,0.319,0.325,0.324,16.2,13.6,14.4,15.3
Wesermarsch (marsh clay),2026-10-04 09:00:00,0.296,0.298,0.299,0.294,0.294,16.5,12.9,13.4,14.8,0.295,0.296,0.298,0.298,0.304,17.9,13.4,14.1,14.8,0.315,0.316,0.318,0.325,0.324,17.8,14.2,14.4,15.3
Wesermarsch (marsh clay),2026-10-04 10:00:00,0.295,0.297,0.298,0.294,0.294,19.0,13.9,13.4,14.8,0.294,0.296,0.298,0.298,0.304,18.5,13.9,13.8,14.8,0.313,0.315,0.318,0.325,0.324,18.6,15.0,14.4,15.3
Wesermarsch (marsh clay),2026-10-04 11:00:00,0.292,0.295,0.297,0.294,0.294,19.6,14.9,13.5,14.8,0.293,0.295,0.297,0.297,0.304,19.4,14.6,13.8,14.8,0.312,0.314,0.318,0.324,0.324,19.2,15.8,14.5,15.3
Wesermarsch (marsh clay),2026-10-04 12:00:00,0.29,0.293,0.297,0.294,0.294,19.3,15.6,13.7,14.8,0.291,0.294,0.296,0.297,0.304,20.1,15.3,13.9,14.8,0.31,0.313,0.317,0.324,0.324,19.3,16.4,14.5,15.3
Wesermarsch (marsh clay),2026-10-04 13:00:00,0.288,0.292,0.296,0.293,0.294,18.4,16.0,13.8,14.8,0.29,0.292,0.296,0.297,0.304,19.5,15.8,14.0,14.8,0.308,0.312,0.316,0.324,0.324,19.2,16.9,14.7,15.3
Wesermarsch (marsh clay),2026-10-04 14:00:00,0.286,0.29,0.295,0.293,0.294,17.1,16.1,14.0,14.8,0.289,0.291,0.295,0.297,0.304,18.7,16.2,14.1,14.8,0.308,0.311,0.316,0.323,0.324,18.3,17.2,14.8,15.3
Wesermarsch (marsh clay),2026-10-04 15:00:00,0.285,0.289,0.294,0.293,0.294,15.9,15.9,14.1,14.8,0.288,0.291,0.295,0.297,0.304,17.6,16.3,14.2,14.8,0.308,0.31,0.315,0.323,0.324,17.7,17.2,14.9,15.3
Wesermarsch (marsh clay),2026-10-04 16:00:00,0.286,0.288,0.294,0.293,0.294,14.7,15.6,14.3,14.8,0.288,0.29,0.294,0.296,0.304,15.9,16.2,14.3,14.8,0.308,0.31,0.315,0.323,0.324,16.5,17.0,15.0,15.3
Wesermarsch (marsh clay),2026-10-04 17:00:00,0.286,0.288,0.293,0.293,0.294,11.7,15.0,14.3,14.7,0.289,0.29,0.294,0.296,0.304,13.7,15.9,14.4,14.8,0.308,0.31,0.315,0.323,0.324,14.9,16.5,15.1,15.3
Wesermarsch (marsh clay),2026-10-04 18:00:00,0.287,0.288,0.293,0.293,0.294,9.7,14.0,14.4,14.7,0.289,0.29,0.294,0.296,0.304,12.1,15.4,14.4,14.8,0.309,0.31,0.315,0.323,0.324,13.9,15.9,15.1,15.3
Wesermarsch (marsh clay),2026-10-04 19:00:00,0.288,0.289,0.293,0.293,0.294,8.5,13.0,14.3,14.7,0.29,0.291,0.294,0.296,0.304,11.2,14.8,14.5,14.8,0.31,0.311,0.315,0.323,0.324,13.1,15.2,15.2,15.3
Wesermarsch (marsh clay),2026-10-04 20:00:00,0.288,0.289,0.292,0.293,0.294,8.4,12.2,14.2,14.7,0.29,0.291,0.294,0.296,0.304,11.3,14.2,14.5,14.8,0.31,0.311,0.315,0.323,0.324,13.2,14.5,15.1,15.3
Wesermarsch (marsh clay),2026-10-04 21:00:00,0.289,0.289,0.292,0.293,0.294,8.4,11.7,14.1,14.7,0.29,0.291,0.294,0.296,0.304,10.7,13.8,14.5,14.8,0.31,0.311,0.314,0.323,0.324,13.2,14.1,15.1,15.3
Wesermarsch (marsh clay),2026-10-04 22:00:00,0.289,0.29,0.292,0.293,0.294,8.4,11.4,13.9,14.7,0.29,0.291,0.294,0.296,0.304,11.3,13.4,14.4,14.8,0.311,0.312,0.314,0.323,0.324,13.1,13.8,15.1,15.2
Wesermarsch (marsh clay),2026-10-04 23:00:00,0.289,0.29,0.292,0.293,0.294,8.6,11.1,13.8,14.7,0.29,0.291,0.293,0.296,0.304,11.0,13.2,14.4,14.8,0.311,0.312,0.314,0.322,0.325,13.4,13.6,15.0,15.2
Wesermarsch (marsh clay),2026-10-05 00:00:00,0.289,0.29,0.292,0.293,0.294,8.9,11.0,13.6,14.7,0.291,0.291,0.293,0.296,0.304,11.3,13.0,14.3,14.8,0.311,0.312,0.314,0.322,0.325,13.2,13.5,14.9,15.2
Wesermarsch (marsh clay),2026-10-05 01:00:00,0.289,0.29,0.292,0.293,0.294,9.3,11.0,13.5,14.7,0.291,0.291,0.293,0.296,0.304,10.9,12.9,14.3,14.8,0.311,0.312,0.314,0.322,0.325,13.0,13.3,14.9,15.2
Wesermarsch (marsh clay),2026-10-05 02:00:00,0.289,0.29,0.292,0.293,0.294,9.7,11.0,13.3,14.7,0.291,0.291,0.293,0.296,0.304,11.3,12.7,14.2,14.8,0.311,0.312,0.314,0.322,0.325,13.2,13.2,14.8,15.2
Wesermarsch (marsh clay),2026-10-05 03:00:00,0.289,0.29,0.292,0.293,0.294,10.1,11.1,13.2,14.7,0.291,0.291,0.293,0.296,0.304,10.8,12.6,14.2,14.8,0.311,0.312,0.315,0.322,0.325,13.0,13.1,14.7,15.2
Wesermarsch (marsh clay),2026-10-05 04:00:00,0.289,0.29,0.292,0.293,0.294,10.2,11.2,13.1,14.7,0.291,0.291,0.293,0.296,0.304,10.6,12.5,14.1,14.8,0.311,0.312,0.315,0.322,0.325,12.9,13.1,14.7,15.2
Wesermarsch (marsh clay),2026-10-05 05:00:00,0.289,0.29,0.292,0.293,0.294,9.7,11.2,13.0,14.6,0.291,0.291,0.293,0.296,0.304,10.4,12.4,14.0,14.7,0.311,0.312,0.315,0.322,0.325,12.8,13.0,14.6,15.2
Wesermarsch (marsh clay),2026-10-05 06:00:00,0.289,0.29,0.291,0.293,0.294,9.6,11.2,12.9,14.6,0.291,0.292,0.293,0.296,0.304,10.8,12.3,14.0,14.7,0.312,0.312,0.315,0.322,0.325,12.9,12.9,14.5,15.2
Wesermarsch (marsh clay),2026-10-05 07:00:00,,,,,,,,,,0.291,0.292,0.293,0.296,0.304,12.2,12.3,13.9,14.7,0.312,0.312,0.315,0.322,0.325,14.1,12.9,14.5,15.2
Wesermarsch (marsh clay),2026-10-05 08:00:00,,,,,,,,,,0.291,0.291,0.293,0.296,0.304,14.8,12.5,13.9,14.7,0.311,0.312,0.315,0.322,0.325,15.6,13.3,14.4,15.2
Wesermarsch (marsh clay),2026-10-05 09:00:00,,,,,,,,,,0.29,0.291,0.293,0.296,0.304,16.3,13.0,13.8,14.7,0.31,0.312,0.314,0.322,0.325,17.1,13.9,14.4,15.2
Wesermarsch (marsh clay),2026-10-05 10:00:00,,,,,,,,,,0.288,0.29,0.292,0.296,0.304,18.5,13.7,13.8,14.7,0.308,0.311,0.314,0.321,0.325,18.2,14.7,14.4,15.2
Wesermarsch (marsh clay),2026-10-05 11:00:00,,,,,,,,,,0.286,0.289,0.292,0.296,0.304,19.3,14.4,13.9,14.7,0.307,0.309,0.313,0.321,0.325,19.0,15.5,14.4,15.2
Wesermarsch (marsh clay),2026-10-05 12:00:00,,,,,,,,,,0.285,0.287,0.291,0.295,0.304,20.0,15.1,13.9,14.7,0.305,0.308,0.313,0.321,0.325,19.2,16.2,14.5,15.2
Wesermarsch (marsh clay),2026-10-05 13:00:00,,,,,,,,,,0.283,0.286,0.29,0.295,0.304,19.9,15.7,14.0,14.7,0.304,0.307,0.312,0.32,0.325,19.3,16.8,14.6,15.2
Wesermarsch (marsh clay),2026-10-05 14:00:00,,,,,,,,,,0.282,0.285,0.289,0.295,0.304,18.7,16.1,14.1,14.7,0.303,0.306,0.311,0.32,0.325,18.7,17.1,14.7,15.2
Wesermarsch (marsh clay),2026-10-05 15:00:00,,,,,,,,,,0.281,0.284,0.289,0.294,0.304,17.6,16.3,14.2,14.7,0.303,0.305,0.311,0.32,0.325,17.8,17.2,14.9,15.2
Wesermarsch (marsh clay),2026-10-05 16:00:00,,,,,,,,,,0.282,0.284,0.289,0.294,0.304,16.2,16.2,14.3,14.7,0.303,0.305,0.311,0.32,0.325,16.6,17.1,15.0,15.2
Wesermarsch (marsh clay),2026-10-05 17:00:00,,,,,,,,,,0.282,0.284,0.288,0.294,0.304,14.0,15.9,14.4,14.7,0.304,0.305,0.31,0.319,0.325,15.3,16.7,15.1,15.2
Wesermarsch (marsh clay),2026-10-05 18:00:00,,,,,,,,,,0.283,0.284,0.288,0.294,0.304,13.0,15.5,14.4,14.7,0.304,0.306,0.31,0.319,0.325,14.8,16.1,15.1,15.2
Wesermarsch (marsh clay),2026-10-05 19:00:00,,,,,,,,,,0.283,0.284,0.288,0.294,0.304,13.1,15.0,14.5,14.7,0.305,0.306,0.31,0.319,0.325,14.7,15.6,15.2,15.2
Wesermarsch (marsh clay),2026-10-05 20:00:00,,,,,,,,,,0.284,0.284,0.288,0.294,0.304,12.3,14.6,14.5,14.7,0.305,0.306,0.31,0.319,0.325,14.2,15.2,15.2,15.2
Wesermarsch (marsh clay),2026-10-05 21:00:00,,,,,,,,,,0.284,0.285,0.288,0.294,0.304,12.0,14.3,14.5,14.7,0.306,0.307,0.31,0.319,0.325,13.8,14.8,15.2,15.2
Wesermarsch (marsh clay),2026-10-05 22:00:00,,,,,,,,,,0.284,0.285,0.288,0.294,0.304,11.5,13.9,14.5,14.7,0.306,0.307,0.31,0.319,0.325,13.6,14.5,15.1,15.2
Wesermarsch (marsh clay),2026-10-05 23:00:00,,,,,,,,,,0.284,0.285,0.288,0.294,0.304,11.0,13.6,14.4,14.7,0.306,0.307,0.31,0.319,0.325,13.4,14.2,15.1,15.2
Wesermarsch (marsh clay),2026-10-06 00:00:00,,,,,,,,,,0.285,0.285,0.288,0.294,0.304,10.8,13.3,14.4,14.7,0.306,0.307,0.31,0.319,0.325,13.2,13.9,15.1,15.2
Wesermarsch (marsh clay),2026-10-06 01:00:00,,,,,,,,,,0.285,0.285,0.288,0.294,0.304,10.7,13.0,14.3,14.7,0.307,0.307,0.31,0.319,0.325,13.0,13.6,15.0,15.2
Wesermarsch (marsh clay),2026-10-06 02:00:00,,,,,,,,,,0.285,0.285,0.288,0.294,0.304,10.6,12.8,14.3,14.7,0.307,0.308,0.31,0.319,0.325,13.0,13.5,14.9,15.2
Wesermarsch (marsh clay),2026-10-06 03:00:00,,,,,,,,,,0.285,0.286,0.288,0.294,0.304,10.4,12.6,14.2,14.7,0.307,0.308,0.31,0.319,0.325,13.0,13.3,14.9,15.2
Wesermarsch (marsh clay),2026-10-06 04:00:00,,,,,,,,,,0.285,0.286,0.288,0.294,0.304,10.5,12.5,14.2,14.7,0.307,0.308,0.31,0.319,0.325,12.9,13.2,14.8,15.2
Wesermarsch (marsh clay),2026-10-06 05:00:00,,,,,,,,,,0.285,0.286,0.288,0.294,0.304,10.5,12.3,14.1,14.7,0.307,0.308,0.31,0.319,0.325,12.8,13.1,14.7,15.1
Wesermarsch (marsh clay),2026-10-06 06:00:00,,,,,,,,,,0.285,0.286,0.288,0.294,0.304,10.5,12.2,14.0,14.7,0.307,0.308,0.31,0.319,0.325,12.8,13.0,14.7,15.1
Wesermarsch (marsh clay),2026-10-06 07:00:00,,,,,,,,,,0.285,0.286,0.288,0.294,0.304,12.2,12.3,14.0,14.7,0.307,0.308,0.31,0.319,0.325,13.8,13.1,14.6,15.1
Wesermarsch (marsh clay),2026-10-06 08:00:00,,,,,,,,,,0.285,0.286,0.288,0.294,0.304,14.6,12.5,13.9,14.6,0.307,0.308,0.31,0.318,0.325,15.2,13.3,14.5,15.1
Wesermarsch (marsh clay),2026-10-06 09:00:00,,,,,,,,,,0.284,0.285,0.288,0.294,0.304,16.9,12.9,13.9,14.6,0.306,0.307,0.31,0.318,0.325,16.7,13.8,14.5,15.1
Wesermarsch (marsh clay),2026-10-06 10:00:00,,,,,,,,,,0.283,0.284,0.287,0.294,0.304,18.8,13.6,13.9,14.6,0.305,0.306,0.31,0.318,0.325,18.2,14.6,14.5,15.1
Wesermarsch (marsh clay),2026-10-06 11:00:00,,,,,,,,,,0.281,0.283,0.287,0.293,0.304,20.5,14.5,13.9,14.6,0.303,0.305,0.309,0.317,0.325,19.7,15.6,14.5,15.1
Wesermarsch (marsh clay),2026-10-06 12:00:00,,,,,,,,,,0.279,0.282,0.286,0.293,0.304,21.5,15.3,13.9,14.6,0.301,0.304,0.309,0.317,0.325,20.6,16.5,14.6,15.1
Wesermarsch (marsh clay),2026-10-06 13:00:00,,,,,,,,,,0.277,0.281,0.285,0.293,0.304,21.4,16.0,14.0,14.6,0.3,0.303,0.308,0.317,0.325,20.6,17.2,14.7,15.1
Wesermarsch (marsh clay),2026-10-06 14:00:00,,,,,,,,,,0.276,0.28,0.285,0.292,0.304,20.5,16.7,14.2,14.6,0.299,0.302,0.308,0.316,0.325,19.9,17.9,14.9,15.1
Wesermarsch (marsh clay),2026-10-06 15:00:00,,,,,,,,,,0.275,0.279,0.284,0.292,0.304,19.2,17.0,14.3,14.6,0.298,0.301,0.307,0.316,0.325,18.9,18.2,15.0,15.1
Wesermarsch (marsh clay),2026-10-06 16:00:00,,,,,,,,,,0.275,0.278,0.284,0.292,0.304,17.2,16.9,14.4,14.6,0.298,0.301,0.307,0.316,0.325,17.6,17.9,15.1,15.1
Wesermarsch (marsh clay),2026-10-06 17:00:00,,,,,,,,,,0.276,0.278,0.284,0.292,0.304,14.6,16.5,14.5,14.6,0.299,0.301,0.306,0.316,0.325,15.9,17.3,15.2,15.1
Wesermarsch (marsh clay),2026-10-06 18:00:00,,,,,,,,,,0.277,0.278,0.284,0.292,0.304,12.7,16.0,14.6,14.6,0.3,0.301,0.306,0.316,0.325,14.6,16.7,15.3,15.1
Wesermarsch (marsh clay),2026-10-06 19:00:00,,,,,,,,,,0.278,0.278,0.284,0.292,0.304,11.8,15.4,14.6,14.6,0.301,0.301,0.306,0.316,0.325,14.0,16.0,15.4,15.1
Wesermarsch (marsh clay),2026-10-06 20:00:00,,,,,,,,,,0.278,0.279,0.283,0.292,0.304,11.5,14.7,14.6,14.6,0.301,0.302,0.306,0.316,0.325,13.8,15.3,15.4,15.1
Wesermarsch (marsh clay),2026-10-06 21:00:00,,,,,,,,,,0.279,0.279,0.283,0.292,0.304,11.4,14.2,14.6,14.6,0.302,0.302,0.306,0.316,0.325,13.6,14.8,15.4,15.1
Wesermarsch (marsh clay),2026-10-06 22:00:00,,,,,,,,,,0.279,0.279,0.283,0.292,0.304,11.2,13.8,14.6,14.6,0.302,0.302,0.306,0.316,0.325,13.4,14.4,15.3,15.1
Wesermarsch (marsh clay),2026-10-06 23:00:00,,,,,,,,,,0.279,0.28,0.283,0.292,0.304,11.2,13.5,14.6,14.6,0.302,0.303,0.306,0.316,0.325,13.2,14.1,15.3,15.1
Wesermarsch (marsh clay),2026-10-07 00:00:00,,,,,,,,,,0.279,0.28,0.283,0.292,0.304,11.1,13.3,14.5,14.6,0.302,0.303,0.306,0.316,0.325,13.1,13.9,15.2,15.1
Wesermarsch (marsh clay),2026-10-07 01:00:00,,,,,,,,,,0.279,0.28,0.283,0.292,0.304,10.8,13.1,14.5,14.6,0.302,0.303,0.306,0.316,0.325,12.8,13.6,15.1,15.1
Wesermarsch (marsh clay),2026-10-07 02:00:00,,,,,,,,,,0.28,0.28,0.283,0.291,0.304,10.4,12.9,14.4,14.6,0.303,0.304,0.306,0.316,0.325,12.6,13.4,15.1,15.1
Wesermarsch (marsh clay),2026-10-07 03:00:00,,,,,,,,,,0.28,0.28,0.283,0.291,0.304,10.2,12.8,14.3,14.6,0.303,0.304,0.306,0.316,0.325,12.4,13.1,15.0,15.1
Wesermarsch (marsh clay),2026-10-07 04:00:00,,,,,,,,,,0.28,0.28,0.283,0.291,0.304,10.2,12.6,14.3,14.6,0.303,0.304,0.306,0.316,0.325,12.4,12.9,14.9,15.1
Wesermarsch (marsh clay),2026-10-07 05:00:00,,,,,,,,,,0.28,0.281,0.283,0.291,0.304,10.3,12.4,14.2,14.6,0.303,0.304,0.306,0.316,0.325,12.4,12.7,14.8,15.1
Wesermarsch (marsh clay),2026-10-07 06:00:00,,,,,,,,,,0.28,0.281,0.283,0.291,0.304,10.9,12.3,14.1,14.6,0.303,0.304,0.306,0.316,0.325,12.7,12.6,14.7,15.1
Wesermarsch (marsh clay),2026-10-07 07:00:00,,,,,,,,,,0.28,0.281,0.283,0.291,0.304,12.1,12.4,14.1,14.6,0.303,0.304,0.306,0.316,0.325,13.4,12.7,14.6,15.1
Wesermarsch (marsh clay),2026-10-07 08:00:00,,,,,,,,,,0.28,0.281,0.283,0.291,0.304,13.7,12.6,14.0,14.6,0.303,0.304,0.306,0.315,0.325,14.3,13.0,14.5,15.1
Wesermarsch (marsh clay),2026-10-07 09:00:00,,,,,,,,,,0.28,0.281,0.283,0.291,0.304,15.1,12.9,14.0,14.6,0.303,0.304,0.306,0.315,0.325,15.2,13.4,14.5,15.1
Wesermarsch (marsh clay),2026-10-07 10:00:00,,,,,,,,,,0.279,0.28,0.283,0.291,0.304,16.0,13.4,13.9,14.6,0.302,0.303,0.306,0.315,0.325,15.8,13.9,14.4,15.1
Wesermarsch (marsh clay),2026-10-07 11:00:00,,,,,,,,,,0.278,0.28,0.282,0.291,0.304,16.8,14.0,13.9,14.6,0.301,0.303,0.306,0.315,0.325,16.4,14.6,14.5,15.1
Wesermarsch (marsh clay),2026-10-07 12:00:00,,,,,,,,,,0.277,0.279,0.282,0.291,0.304,17.2,14.5,13.9,14.6,0.3,0.302,0.306,0.315,0.325,16.8,15.2,14.5,15.1
Wesermarsch (marsh clay),2026-10-07 13:00:00,,,,,,,,,,0.276,0.278,0.282,0.291,0.304,17.3,14.9,14.0,14.6,0.299,0.302,0.306,0.315,0.325,16.8,15.6,14.5,15.1
Wesermarsch (marsh clay),2026-10-07 14:00:00,,,,,,,,,,0.275,0.277,0.282,0.29,0.304,17.1,15.2,14.1,14.6,0.299,0.301,0.305,0.314,0.325,16.7,15.9,14.6,15.1
Wesermarsch (marsh clay),2026-10-07 15:00:00,,,,,,,,,,0.275,0.277,0.282,0.29,0.304,16.7,15.4,14.1,14.6,0.299,0.301,0.305,0.314,0.325,16.5,16.0,14.7,15.1
Wesermarsch (marsh clay),2026-10-07 16:00:00,,,,,,,,,,0.27,0.272,0.28,0.29,0.304,16.1,15.4,14.2,14.6,0.295,0.297,0.303,0.314,0.325,16.1,15.9,14.7,15.1
Wesermarsch (marsh clay),2026-10-07 17:00:00,,,,,,,,,,0.266,0.267,0.278,0.29,0.304,15.3,15.2,14.2,14.5,0.293,0.293,0.302,0.314,0.325,15.6,15.7,14.8,15.1
Wesermarsch (marsh clay),2026-10-07 18:00:00,,,,,,,,,,0.279,0.278,0.281,0.29,0.304,14.7,15.1,14.3,14.5,0.304,0.302,0.305,0.314,0.325,15.3,15.4,14.8,15.1
Wesermarsch (marsh clay),2026-10-07 19:00:00,,,,,,,,,,0.328,0.322,0.291,0.29,0.304,14.5,15.0,14.3,14.5,0.345,0.339,0.314,0.314,0.325,15.2,15.3,14.9,15.1
Wesermarsch (marsh clay),2026-10-07 20:00:00,,,,,,,,,,0.394,0.382,0.306,0.289,0.304,14.6,14.8,14.3,14.5,0.4,0.388,0.328,0.313,0.325,15.2,15.1,14.9,15.0
Wesermarsch (marsh clay),2026-10-07 21:00:00,,,,,,,,,,0.438,0.424,0.324,0.29,0.304,14.6,14.7,14.3,14.5,0.437,0.423,0.344,0.314,0.325,15.1,15.0,14.9,15.0
Wesermarsch (marsh clay),2026-10-07 22:00:00,,,,,,,,,,0.44,0.429,0.349,0.292,0.304,14.4,14.6,14.3,14.5,0.438,0.428,0.366,0.317,0.325,15.0,14.9,14.9,15.0
Wesermarsch (marsh clay),2026-10-07 23:00:00,,,,,,,,,,0.42,0.415,0.378,0.296,0.304,14.1,14.6,14.4,14.5,0.42,0.417,0.391,0.32,0.325,14.8,14.8,14.9,15.0
Wesermarsch (marsh clay),2026-10-08 00:00:00,,,,,,,,,,0.404,0.403,0.398,0.298,0.304,13.9,14.5,14.4,14.5,0.404,0.406,0.407,0.324,0.325,14.6,14.7,14.9,15.0
Wesermarsch (marsh clay),2026-10-08 01:00:00,,,,,,,,,,,,,,,,,,,0.396,0.4,0.408,0.328,0.325,14.3,14.6,14.9,15.0
Wesermarsch (marsh clay),2026-10-08 02:00:00,,,,,,,,,,,,,,,,,,,0.39,0.394,0.401,0.332,0.325,13.9,14.4,14.9,15.0
Wesermarsch (marsh clay),2026-10-08 03:00:00,,,,,,,,,,,,,,,,,,,0.384,0.388,0.393,0.335,0.325,13.6,14.3,14.9,15.0
Wesermarsch (marsh clay),2026-10-08 04:00:00,,,,,,,,,,,,,,,,,,,0.379,0.383,0.388,0.337,0.325,13.3,14.0,14.8,15.0
Wesermarsch (marsh clay),2026-10-08 05:00:00,,,,,,,,,,,,,,,,,,,0.375,0.379,0.383,0.339,0.325,13.0,13.8,14.8,15.0
Wesermarsch (marsh clay),2026-10-08 06:00:00,,,,,,,,,,,,,,,,,,,0.372,0.375,0.379,0.341,0.325,13.0,13.6,14.7,15.0
Wesermarsch (marsh clay),2026-10-08 07:00:00,,,,,,,,,,,,,,,,,,,0.368,0.372,0.376,0.342,0.325,13.4,13.5,14.7,15.0
Wesermarsch (marsh clay),2026-10-08 08:00:00,,,,,,,,,,,,,,,,,,,0.365,0.369,0.373,0.343,0.325,14.0,13.4,14.6,15.0
Wesermarsch (marsh clay),2026-10-08 09:00:00,,,,,,,,,,,,,,,,,,,0.363,0.366,0.37,0.344,0.325,14.5,13.5,14.6,15.0
Wesermarsch (marsh clay),2026-10-08 10:00:00,,,,,,,,,,,,,,,,,,,0.362,0.364,0.367,0.344,0.325,14.9,13.7,14.5,15.0
Wesermarsch (marsh clay),2026-10-08 11:00:00,,,,,,,,,,,,,,,,,,,0.362,0.362,0.365,0.345,0.326,15.2,14.0,14.5,15.0
Wesermarsch (marsh clay),2026-10-08 12:00:00,,,,,,,,,,,,,,,,,,,0.362,0.361,0.363,0.345,0.326,15.3,14.2,14.5,15.0
Wesermarsch (marsh clay),2026-10-08 13:00:00,,,,,,,,,,,,,,,,,,,0.362,0.361,0.361,0.345,0.326,14.9,14.3,14.5,15.0
Wesermarsch (marsh clay),2026-10-08 14:00:00,,,,,,,,,,,,,,,,,,,0.362,0.362,0.36,0.346,0.326,14.3,14.3,14.5,15.0
Wesermarsch (marsh clay),2026-10-08 15:00:00,,,,,,,,,,,,,,,,,,,0.363,0.363,0.36,0.346,0.326,13.7,14.2,14.5,15.0
Wesermarsch (marsh clay),2026-10-08 16:00:00,,,,,,,,,,,,,,,,,,,0.365,0.366,0.361,0.346,0.326,13.1,14.0,14.5,15.0
Wesermarsch (marsh clay),2026-10-08 17:00:00,,,,,,,,,,,,,,,,,,,0.369,0.369,0.363,0.347,0.326,12.6,13.6,14.5,15.0
Wesermarsch (marsh clay),2026-10-08 18:00:00,,,,,,,,,,,,,,,,,,,0.37,0.371,0.364,0.347,0.326,12.2,13.2,14.4,15.0
Wesermarsch (marsh clay),2026-10-08 19:00:00,,,,,,,,,,,,,,,,,,,0.368,0.369,0.364,0.348,0.326,11.9,12.9,14.4,15.0
Wesermarsch (marsh clay),2026-10-08 20:00:00,,,,,,,,,,,,,,,,,,,0.364,0.366,0.364,0.348,0.326,11.7,12.5,14.3,15.0
Wesermarsch (marsh clay),2026-10-08 21:00:00,,,,,,,,,,,,,,,,,,,0.361,0.363,0.364,0.349,0.326,11.5,12.3,14.2,15.0
Wesermarsch (marsh clay),2026-10-08 22:00:00,,,,,,,,,,,,,,,,,,,0.359,0.361,0.363,0.349,0.326,11.4,12.1,14.1,15.0
Wesermarsch (marsh clay),2026-10-08 23:00:00,,,,,,,,,,,,,,,,,,,0.357,0.359,0.362,0.35,0.327,11.3,11.9,14.1,15.0
Wesermarsch (marsh clay),2026-10-09 00:00:00,,,,,,,,,,,,,,,,,,,0.356,0.358,0.361,0.35,0.327,11.1,11.7,14.0,15.0
Wesermarsch (marsh clay),2026-10-09 01:00:00,,,,,,,,,,,,,,,,,,,0.355,0.357,0.36,0.35,0.327,10.9,11.5,13.9,15.0
Wesermarsch (marsh clay),2026-10-09 02:00:00,,,,,,,,,,,,,,,,,,,0.354,0.356,0.359,0.351,0.327,10.8,11.3,13.8,14.9
Wesermarsch (marsh clay),2026-10-09 03:00:00,,,,,,,,,,,,,,,,,,,0.353,0.355,0.358,0.351,0.327,10.6,11.1,13.7,14.9
Wesermarsch (marsh clay),2026-10-09 04:00:00,,,,,,,,,,,,,,,,,,,0.352,0.354,0.357,0.351,0.327,10.5,11.0,13.6,14.9
Wesermarsch (marsh clay),2026-10-09 05:00:00,,,,,,,,,,,,,,,,,,,0.351,0.353,0.356,0.351,0.327,10.4,10.8,13.5,14.9
Wesermarsch (marsh clay),2026-10-09 06:00:00,,,,,,,,,,,,,,,,,,,0.351,0.352,0.355,0.351,0.327,10.7,10.8,13.4,14.9
Wesermarsch (marsh clay),2026-10-09 07:00:00,,,,,,,,,,,,,,,,,,,0.351,0.352,0.354,0.351,0.327,11.6,10.9,13.3,14.9
Wesermarsch (marsh clay),2026-10-09 08:00:00,,,,,,,,,,,,,,,,,,,0.351,0.351,0.354,0.351,0.328,12.9,11.2,13.2,14.9
Wesermarsch (marsh clay),2026-10-09 09:00:00,,,,,,,,,,,,,,,,,,,0.351,0.351,0.353,0.351,0.328,13.8,11.5,13.1,14.9
Wesermarsch (marsh clay),2026-10-09 10:00:00,,,,,,,,,,,,,,,,,,,0.349,0.35,0.352,0.351,0.328,14.0,11.9,13.1,14.9
Wesermarsch (marsh clay),2026-10-09 11:00:00,,,,,,,,,,,,,,,,,,,0.347,0.348,0.352,0.351,0.328,13.9,12.3,13.1,14.9
Wesermarsch (marsh clay),2026-10-09 12:00:00,,,,,,,,,,,,,,,,,,,0.346,0.348,0.351,0.351,0.328,13.6,12.6,13.1,14.9
Wesermarsch (marsh clay),2026-10-09 13:00:00,,,,,,,,,,,,,,,,,,,0.348,0.348,0.35,0.351,0.328,13.1,12.7,13.1,14.9
Wesermarsch (marsh clay),2026-10-09 14:00:00,,,,,,,,,,,,,,,,,,,0.351,0.349,0.349,0.351,0.328,12.5,12.6,13.1,14.8
Wesermarsch (marsh clay),2026-10-09 15:00:00,,,,,,,,,,,,,,,,,,,0.357,0.353,0.35,0.351,0.328,12.0,12.4,13.1,14.8
Wesermarsch (marsh clay),2026-10-09 16:00:00,,,,,,,,,,,,,,,,,,,0.369,0.365,0.354,0.351,0.328,11.6,12.2,13.1,14.8
Wesermarsch (marsh clay),2026-10-09 17:00:00,,,,,,,,,,,,,,,,,,,0.385,0.382,0.359,0.351,0.328,11.3,11.8,13.1,14.8
Wesermarsch (marsh clay),2026-10-09 18:00:00,,,,,,,,,,,,,,,,,,,0.393,0.391,0.363,0.351,0.328,11.2,11.6,13.0,14.8
Wesermarsch (marsh clay),2026-10-09 19:00:00,,,,,,,,,,,,,,,,,,,0.388,0.388,0.366,0.352,0.328,11.3,11.4,13.0,14.8
Wesermarsch (marsh clay),2026-10-09 20:00:00,,,,,,,,,,,,,,,,,,,0.376,0.377,0.369,0.352,0.329,11.6,11.4,13.0,14.8
Wesermarsch (marsh clay),2026-10-09 21:00:00,,,,,,,,,,,,,,,,,,,0.367,0.369,0.37,0.353,0.329,11.9,11.3,12.9,14.8
Wesermarsch (marsh clay),2026-10-09 22:00:00,,,,,,,,,,,,,,,,,,,0.363,0.366,0.369,0.353,0.329,11.9,11.3,12.9,14.8
Wesermarsch (marsh clay),2026-10-09 23:00:00,,,,,,,,,,,,,,,,,,,0.362,0.364,0.368,0.354,0.329,11.8,11.3,12.8,14.7
Teufelsmoor (bog),2026-10-03 00:00:00,0.239,0.239,0.237,0.167,0.152,8.3,11.4,14.9,15.6,0.619,0.617,0.593,0.466,0.583,7.6,12.8,15.6,15.0,0.613,0.61,0.582,0.46,0.586,7.6,13.7,16.0,14.7
Teufelsmoor (bog),2026-10-03 01:00:00,0.239,0.239,0.237,0.167,0.152,8.1,11.1,14.6,15.5,0.618,0.616,0.593,0.466,0.583,7.3,12.4,15.4,15.0,0.611,0.609,0.582,0.46,0.586,7.4,13.4,15.9,14.7
Teufelsmoor (bog),2026-10-03 02:00:00,0.238,0.239,0.236,0.167,0.152,8.2,10.9,14.3,15.5,0.617,0.615,0.593,0.466,0.583,6.9,12.0,15.3,15.0,0.61,0.608,0.582,0.46,0.586,7.1,13.1,15.9,14.7
Teufelsmoor (bog),2026-10-03 03:00:00,0.239,0.24,0.238,0.169,0.151,6.8,9.9,14.0,15.5,0.616,0.614,0.593,0.467,0.583,6.3,11.4,15.1,15.0,0.609,0.607,0.582,0.461,0.586,6.9,12.8,15.8,14.7
Teufelsmoor (bog),2026-10-03 04:00:00,0.239,0.239,0.237,0.169,0.151,6.9,9.8,13.7,15.5,0.615,0.613,0.593,0.467,0.583,6.3,11.1,14.9,15.0,0.608,0.606,0.582,0.461,0.586,7.2,12.5,15.7,14.7
Teufelsmoor (bog),2026-10-03 05:00:00,0.239,0.239,0.237,0.169,0.151,6.9,9.7,13.4,15.5,0.614,0.612,0.593,0.467,0.583,6.8,10.9,14.8,14.9,0.607,0.605,0.582,0.461,0.586,7.3,12.3,15.7,14.7
Teufelsmoor (bog),2026-10-03 06:00:00,0.238,0.239,0.236,0.169,0.151,8.0,9.6,13.2,15.4,0.613,0.611,0.593,0.467,0.583,7.0,10.8,14.6,14.9,0.606,0.604,0.581,0.461,0.586,8.4,12.1,15.6,14.7
Teufelsmoor (bog),2026-10-03 07:00:00,0.238,0.238,0.236,0.17,0.151,10.6,10.0,12.9,15.4,0.611,0.61,0.592,0.468,0.583,9.8,10.8,14.5,14.9,0.604,0.603,0.581,0.462,0.586,10.8,12.0,15.5,14.7
Teufelsmoor (bog),2026-10-03 08:00:00,0.237,0.238,0.235,0.17,0.151,14.3,10.9,12.8,15.4,0.61,0.61,0.592,0.468,0.583,12.5,11.0,14.4,14.9,0.603,0.602,0.581,0.462,0.586,13.3,12.0,15.5,14.7
Teufelsmoor (bog),2026-10-03 09:00:00,0.235,0.237,0.235,0.17,0.151,16.0,12.3,12.8,15.4,0.609,0.608,0.592,0.468,0.583,14.9,11.5,14.3,14.9,0.601,0.601,0.581,0.462,0.586,15.8,12.1,15.4,14.7
Teufelsmoor (bog),2026-10-03 10:00:00,0.234,0.236,0.234,0.17,0.151,18.5,13.5,12.9,15.3,0.606,0.607,0.591,0.468,0.583,17.6,12.2,14.2,14.9,0.599,0.599,0.58,0.462,0.586,17.9,12.4,15.3,14.7
Teufelsmoor (bog),2026-10-03 11:00:00,0.231,0.234,0.233,0.17,0.151,19.2,14.8,13.0,15.3,0.604,0.606,0.591,0.468,0.583,18.9,13.0,14.2,14.9,0.596,0.598,0.58,0.462,0.586,19.3,12.9,15.3,14.7
Teufelsmoor (bog),2026-10-03 12:00:00,0.228,0.232,0.232,0.17,0.151,20.7,15.8,13.3,15.3,0.601,0.604,0.59,0.468,0.583,19.1,13.7,14.3,14.9,0.593,0.596,0.579,0.462,0.585,19.3,13.3,15.2,14.7
Teufelsmoor (bog),2026-10-03 13:00:00,0.226,0.23,0.23,0.17,0.151,20.8,16.7,13.6,15.3,0.599,0.602,0.589,0.468,0.583,19.0,14.2,14.3,14.9,0.591,0.594,0.578,0.462,0.585,19.3,13.8,15.2,14.7
Teufelsmoor (bog),2026-10-03 14:00:00,0.224,0.228,0.229,0.17,0.151,19.4,17.1,13.9,15.2,0.596,0.6,0.588,0.468,0.583,18.9,14.7,14.4,14.9,0.589,0.592,0.578,0.462,0.585,18.9,14.2,15.2,14.7
Teufelsmoor (bog),2026-10-03 15:00:00,0.222,0.227,0.228,0.17,0.151,18.0,17.1,14.2,15.2,0.594,0.598,0.588,0.468,0.583,17.7,15.0,14.5,14.9,0.587,0.591,0.577,0.462,0.585,17.9,14.6,15.2,14.7
Teufelsmoor (bog),2026-10-03 16:00:00,0.222,0.226,0.227,0.17,0.151,16.0,16.7,14.5,15.2,0.593,0.597,0.587,0.468,0.583,16.0,15.1,14.6,14.9,0.586,0.589,0.577,0.462,0.585,16.4,14.9,15.2,14.7
Teufelsmoor (bog),2026-10-03 17:00:00,0.223,0.225,0.227,0.17,0.151,12.9,15.9,14.7,15.2,0.594,0.596,0.587,0.469,0.583,12.8,15.0,14.6,14.9,0.586,0.588,0.577,0.463,0.585,12.9,15.0,15.2,14.7
Teufelsmoor (bog),2026-10-03 18:00:00,0.223,0.225,0.226,0.17,0.151,11.5,14.8,14.7,15.2,0.594,0.595,0.586,0.469,0.583,11.7,14.6,14.7,14.8,0.586,0.587,0.576,0.463,0.585,10.6,15.0,15.1,14.7
Teufelsmoor (bog),2026-10-03 19:00:00,0.223,0.224,0.226,0.17,0.151,10.1,13.8,14.7,15.2,0.593,0.595,0.586,0.469,0.583,10.9,14.2,14.7,14.8,0.586,0.587,0.576,0.463,0.585,9.6,14.7,15.1,14.7
Teufelsmoor (bog),2026-10-03 20:00:00,0.224,0.224,0.225,0.17,0.151,10.0,13.0,14.6,15.2,0.593,0.594,0.585,0.469,0.583,9.9,13.8,14.6,14.8,0.586,0.586,0.576,0.463,0.585,8.9,14.5,15.1,14.7
Teufelsmoor (bog),2026-10-03 21:00:00,0.224,0.224,0.225,0.17,0.151,9.7,12.5,14.5,15.2,0.593,0.593,0.585,0.469,0.583,9.4,13.4,14.6,14.8,0.586,0.586,0.575,0.463,0.585,8.2,14.1,15.1,14.7
Teufelsmoor (bog),2026-10-03 22:00:00,0.224,0.224,0.224,0.171,0.151,9.3,12.1,14.3,15.2,0.593,0.593,0.585,0.47,0.583,9.2,13.1,14.5,14.8,0.585,0.585,0.575,0.464,0.585,7.8,13.8,15.1,14.7
Teufelsmoor (bog),2026-10-03 23:00:00,0.224,0.224,0.224,0.171,0.151,8.6,11.7,14.1,15.2,0.592,0.593,0.584,0.47,0.583,9.3,12.8,14.5,14.8,0.585,0.585,0.575,0.464,0.585,7.8,13.4,15.1,14.7
Teufelsmoor (bog),2026-10-04 00:00:00,0.223,0.224,0.224,0.171,0.151,8.9,11.3,13.9,15.1,0.592,0.592,0.584,0.47,0.583,10.5,12.6,14.4,14.8,0.584,0.584,0.574,0.464,0.585,7.8,13.1,15.0,14.7
Teufelsmoor (bog),2026-10-04 01:00:00,0.223,0.224,0.223,0.171,0.151,8.8,11.1,13.7,15.1,0.591,0.592,0.584,0.47,0.583,11.1,12.6,14.3,14.8,0.584,0.584,0.574,0.464,0.585,8.1,12.8,15.0,14.7
Teufelsmoor (bog),2026-10-04 02:00:00,0.223,0.224,0.223,0.171,0.151,8.5,10.9,13.5,15.1,0.591,0.591,0.583,0.471,0.583,10.9,12.5,14.3,14.8,0.584,0.583,0.574,0.464,0.585,8.6,12.6,14.9,14.7
Teufelsmoor (bog),2026-10-04 03:00:00,0.223,0.223,0.222,0.171,0.151,8.3,10.7,13.4,15.1,0.591,0.591,0.583,0.471,0.583,10.8,12.5,14.2,14.8,0.583,0.583,0.574,0.465,0.585,8.5,12.4,14.9,14.7
Teufelsmoor (bog),2026-10-04 04:00:00,0.223,0.223,0.222,0.171,0.151,8.4,10.5,13.2,15.1,0.59,0.59,0.583,0.471,0.583,11.1,12.5,14.2,14.8,0.583,0.583,0.573,0.465,0.585,8.5,12.2,14.8,14.7
Teufelsmoor (bog),2026-10-04 05:00:00,0.223,0.223,0.222,0.172,0.151,8.6,10.4,13.0,15.1,0.59,0.59,0.582,0.471,0.583,10.3,12.4,14.1,14.8,0.582,0.582,0.573,0.465,0.585,8.6,12.1,14.8,14.7
Teufelsmoor (bog),2026-10-04 06:00:00,0.223,0.223,0.221,0.172,0.151,8.8,10.4,12.8,15.0,0.59,0.59,0.582,0.471,0.583,10.7,12.3,14.1,14.8,0.582,0.582,0.573,0.465,0.585,9.3,11.9,14.7,14.7
Teufelsmoor (bog),2026-10-04 07:00:00,0.222,0.223,0.221,0.172,0.151,11.4,10.6,12.7,15.0,0.589,0.589,0.582,0.472,0.583,12.9,12.4,14.0,14.8,0.581,0.581,0.572,0.465,0.585,11.3,11.9,14.7,14.7
Teufelsmoor (bog),2026-10-04 08:00:00,0.221,0.222,0.221,0.172,0.151,14.7,11.5,12.6,15.0,0.588,0.589,0.581,0.472,0.583,14.9,12.6,14.0,14.8,0.581,0.581,0.572,0.466,0.585,12.9,11.9,14.6,14.7
Teufelsmoor (bog),2026-10-04 09:00:00,0.22,0.222,0.22,0.172,0.151,17.2,12.7,12.7,15.0,0.587,0.588,0.581,0.472,0.583,16.8,13.1,14.0,14.8,0.586,0.581,0.572,0.466,0.585,14.5,12.0,14.6,14.7
Teufelsmoor (bog),2026-10-04 10:00:00,0.218,0.221,0.219,0.172,0.151,18.8,14.0,12.8,14.9,0.587,0.588,0.581,0.472,0.583,16.3,12.5,13.6,14.7,0.584,0.581,0.571,0.466,0.585,16.4,12.3,14.6,14.7
Teufelsmoor (bog),2026-10-04 11:00:00,0.216,0.219,0.219,0.172,0.151,19.3,14.9,13.0,14.9,0.586,0.587,0.58,0.473,0.583,17.4,13.0,13.7,14.7,0.581,0.58,0.571,0.466,0.585,18.0,12.6,14.5,14.7
Teufelsmoor (bog),2026-10-04 12:00:00,0.214,0.218,0.218,0.172,0.151,19.8,15.8,13.2,14.9,0.584,0.586,0.579,0.473,0.583,19.0,13.7,13.7,14.7,0.578,0.579,0.57,0.466,0.585,19.2,13.0,14.5,14.7
Teufelsmoor (bog),2026-10-04 13:00:00,0.211,0.216,0.217,0.171,0.151,19.9,16.4,13.5,14.9,0.582,0.585,0.578,0.473,0.583,19.5,14.2,13.8,14.7,0.575,0.578,0.569,0.466,0.585,19.6,13.5,14.5,14.7
Teufelsmoor (bog),2026-10-04 14:00:00,0.209,0.215,0.216,0.171,0.151,18.7,16.7,13.8,14.9,0.579,0.584,0.578,0.472,0.583,18.8,14.7,13.9,14.7,0.573,0.577,0.568,0.466,0.585,19.3,13.9,14.5,14.7
Teufelsmoor (bog),2026-10-04 15:00:00,0.208,0.213,0.215,0.171,0.151,16.9,16.6,14.1,14.9,0.578,0.582,0.577,0.472,0.583,17.2,15.0,14.0,14.7,0.571,0.575,0.568,0.466,0.585,17.8,14.3,14.4,14.7
Teufelsmoor (bog),2026-10-04 16:00:00,0.207,0.212,0.214,0.171,0.151,14.6,16.1,14.3,14.8,0.577,0.581,0.576,0.473,0.583,15.6,15.1,14.1,14.7,0.57,0.574,0.567,0.466,0.585,16.2,14.6,14.4,14.7
Teufelsmoor (bog),2026-10-04 17:00:00,0.208,0.211,0.214,0.171,0.151,11.7,15.1,14.4,14.8,0.577,0.58,0.576,0.473,0.583,13.8,14.9,14.1,14.7,0.57,0.573,0.567,0.466,0.585,14.1,14.7,14.5,14.7
Teufelsmoor (bog),2026-10-04 18:00:00,0.208,0.211,0.214,0.171,0.151,10.2,14.0,14.4,14.8,0.577,0.58,0.576,0.473,0.583,12.1,14.6,14.2,14.7,0.57,0.573,0.567,0.466,0.585,12.6,14.7,14.5,14.7
Teufelsmoor (bog),2026-10-04 19:00:00,0.209,0.211,0.213,0.171,0.151,8.9,13.0,14.4,14.8,0.578,0.579,0.575,0.473,0.583,10.6,14.2,14.2,14.7,0.571,0.572,0.566,0.467,0.585,10.4,14.6,14.5,14.7
Teufelsmoor (bog),2026-10-04 20:00:00,0.209,0.211,0.213,0.171,0.151,7.4,12.1,14.2,14.8,0.578,0.579,0.575,0.473,0.583,9.7,13.8,14.2,14.7,0.571,0.572,0.566,0.467,0.585,10.0,14.4,14.5,14.7
Teufelsmoor (bog),2026-10-04 21:00:00,0.209,0.211,0.213,0.171,0.151,8.1,11.2,14.0,14.8,0.578,0.579,0.575,0.474,0.583,9.1,13.3,14.2,14.7,0.571,0.571,0.566,0.467,0.585,9.1,14.1,14.5,14.7
Teufelsmoor (bog),2026-10-04 22:00:00,0.21,0.21,0.212,0.172,0.151,8.4,11.0,13.8,14.8,0.578,0.578,0.574,0.474,0.583,9.5,12.9,14.1,14.6,0.571,0.571,0.565,0.467,0.585,9.2,13.8,14.5,14.7
Teufelsmoor (bog),2026-10-04 23:00:00,0.21,0.21,0.212,0.172,0.151,7.9,10.7,13.6,14.8,0.577,0.578,0.574,0.474,0.583,10.1,12.7,14.0,14.6,0.57,0.571,0.565,0.467,0.585,9.7,13.5,14.4,14.7
Teufelsmoor (bog),2026-10-05 00:00:00,0.21,0.21,0.212,0.172,0.151,7.9,10.4,13.4,14.8,0.577,0.578,0.573,0.474,0.583,10.1,12.5,14.0,14.6,0.57,0.57,0.565,0.467,0.585,10.2,13.3,14.4,14.7
Teufelsmoor (bog),2026-10-05 01:00:00,0.21,0.21,0.211,0.172,0.151,8.3,10.3,13.2,14.8,0.577,0.578,0.573,0.474,0.583,10.7,12.4,13.9,14.6,0.57,0.57,0.564,0.468,0.585,10.3,13.1,14.4,14.7
Teufelsmoor (bog),2026-10-05 02:00:00,0.21,0.21,0.211,0.172,0.151,8.9,10.3,13.0,14.7,0.577,0.577,0.573,0.475,0.583,10.7,12.3,13.9,14.6,0.57,0.57,0.564,0.468,0.585,10.7,12.9,14.4,14.7
Teufelsmoor (bog),2026-10-05 03:00:00,0.209,0.21,0.211,0.172,0.151,9.4,10.4,12.8,14.7,0.577,0.577,0.572,0.475,0.583,10.9,12.3,13.8,14.6,0.569,0.57,0.564,0.468,0.585,10.6,12.8,14.4,14.7
Teufelsmoor (bog),2026-10-05 04:00:00,0.209,0.21,0.211,0.172,0.151,10.1,10.6,12.7,14.7,0.576,0.577,0.572,0.475,0.583,10.5,12.2,13.8,14.6,0.569,0.569,0.564,0.468,0.585,10.2,12.7,14.3,14.7
Teufelsmoor (bog),2026-10-05 05:00:00,0.209,0.21,0.21,0.172,0.151,9.4,10.7,12.6,14.7,0.576,0.576,0.572,0.475,0.583,10.3,12.2,13.7,14.6,0.569,0.569,0.563,0.468,0.585,10.2,12.6,14.3,14.7
Teufelsmoor (bog),2026-10-05 06:00:00,0.209,0.21,0.21,0.172,0.151,9.4,10.6,12.5,14.7,0.576,0.576,0.571,0.475,0.583,10.4,12.1,13.7,14.6,0.569,0.569,0.563,0.469,0.585,10.2,12.5,14.3,14.7
Teufelsmoor (bog),2026-10-05 07:00:00,,,,,,,,,,0.575,0.576,0.571,0.475,0.583,12.4,12.1,13.6,14.6,0.568,0.568,0.563,0.469,0.585,12.2,12.5,14.2,14.7
Teufelsmoor (bog),2026-10-05 08:00:00,,,,,,,,,,0.574,0.575,0.571,0.476,0.583,14.9,12.3,13.6,14.6,0.567,0.568,0.562,0.469,0.585,14.8,12.5,14.2,14.7
Teufelsmoor (bog),2026-10-05 09:00:00,,,,,,,,,,0.573,0.575,0.57,0.476,0.583,16.9,12.8,13.6,14.6,0.566,0.567,0.562,0.469,0.585,17.1,12.7,14.2,14.7
Teufelsmoor (bog),2026-10-05 10:00:00,,,,,,,,,,0.571,0.574,0.569,0.476,0.583,17.7,13.4,13.6,14.6,0.564,0.566,0.561,0.469,0.585,18.5,13.0,14.2,14.7
Teufelsmoor (bog),2026-10-05 11:00:00,,,,,,,,,,0.569,0.573,0.569,0.476,0.583,18.9,13.9,13.6,14.6,0.562,0.565,0.56,0.469,0.585,19.2,13.3,14.2,14.7
Teufelsmoor (bog),2026-10-05 12:00:00,,,,,,,,,,0.567,0.571,0.568,0.475,0.582,19.5,14.5,13.7,14.5,0.559,0.564,0.559,0.469,0.585,19.5,13.7,14.1,14.7
Teufelsmoor (bog),2026-10-05 13:00:00,,,,,,,,,,0.565,0.57,0.567,0.475,0.582,19.6,15.0,13.8,14.5,0.557,0.563,0.559,0.468,0.585,19.9,14.2,14.1,14.7
Teufelsmoor (bog),2026-10-05 14:00:00,,,,,,,,,,0.563,0.569,0.566,0.475,0.582,18.8,15.4,13.9,14.5,0.555,0.561,0.558,0.468,0.584,18.9,14.5,14.2,14.7
Teufelsmoor (bog),2026-10-05 15:00:00,,,,,,,,,,0.562,0.567,0.565,0.475,0.582,18.0,15.6,14.0,14.5,0.554,0.56,0.557,0.468,0.584,18.1,14.9,14.2,14.7
Teufelsmoor (bog),2026-10-05 16:00:00,,,,,,,,,,0.561,0.566,0.565,0.475,0.582,16.5,15.6,14.1,14.5,0.553,0.559,0.557,0.468,0.584,16.5,15.1,14.2,14.7
Teufelsmoor (bog),2026-10-05 17:00:00,,,,,,,,,,0.561,0.566,0.564,0.475,0.582,13.8,15.5,14.2,14.5,0.553,0.558,0.556,0.469,0.584,14.1,15.2,14.2,14.6
Teufelsmoor (bog),2026-10-05 18:00:00,,,,,,,,,,0.562,0.565,0.564,0.476,0.582,12.7,15.1,14.2,14.5,0.554,0.558,0.556,0.469,0.584,12.7,15.1,14.2,14.6
Teufelsmoor (bog),2026-10-05 19:00:00,,,,,,,,,,0.562,0.565,0.564,0.476,0.582,12.2,14.7,14.3,14.5,0.554,0.557,0.556,0.469,0.584,12.1,15.0,14.2,14.6
Teufelsmoor (bog),2026-10-05 20:00:00,,,,,,,,,,0.562,0.565,0.563,0.476,0.582,11.8,14.4,14.3,14.5,0.555,0.557,0.555,0.469,0.584,11.7,14.8,14.3,14.6
Teufelsmoor (bog),2026-10-05 21:00:00,,,,,,,,,,0.563,0.564,0.563,0.476,0.582,11.5,14.1,14.2,14.5,0.555,0.557,0.555,0.469,0.584,11.3,14.5,14.3,14.6
Teufelsmoor (bog),2026-10-05 22:00:00,,,,,,,,,,0.563,0.564,0.563,0.476,0.582,11.1,13.8,14.2,14.5,0.555,0.556,0.555,0.469,0.584,11.0,14.3,14.3,14.6
Teufelsmoor (bog),2026-10-05 23:00:00,,,,,,,,,,0.563,0.564,0.562,0.476,0.582,10.9,13.5,14.2,14.5,0.555,0.556,0.554,0.469,0.584,10.8,14.1,14.3,14.6
Teufelsmoor (bog),2026-10-06 00:00:00,,,,,,,,,,0.563,0.564,0.562,0.477,0.582,10.6,13.3,14.1,14.5,0.555,0.556,0.554,0.47,0.584,10.5,13.9,14.3,14.6
Teufelsmoor (bog),2026-10-06 01:00:00,,,,,,,,,,0.563,0.564,0.562,0.477,0.582,10.4,13.1,14.1,14.5,0.555,0.556,0.554,0.47,0.584,10.3,13.7,14.3,14.6
Teufelsmoor (bog),2026-10-06 02:00:00,,,,,,,,,,0.563,0.563,0.561,0.477,0.582,10.2,12.9,14.0,14.5,0.555,0.556,0.554,0.47,0.584,10.1,13.5,14.3,14.6
Teufelsmoor (bog),2026-10-06 03:00:00,,,,,,,,,,0.563,0.563,0.561,0.477,0.582,10.1,12.7,14.0,14.5,0.555,0.556,0.553,0.47,0.584,9.9,13.3,14.2,14.6
Teufelsmoor (bog),2026-10-06 04:00:00,,,,,,,,,,0.563,0.563,0.561,0.477,0.582,9.9,12.5,13.9,14.5,0.555,0.555,0.553,0.47,0.584,9.6,13.1,14.2,14.6
Teufelsmoor (bog),2026-10-06 05:00:00,,,,,,,,,,0.563,0.563,0.561,0.477,0.582,9.5,12.3,13.8,14.5,0.555,0.555,0.553,0.47,0.584,9.2,12.9,14.2,14.6
Teufelsmoor (bog),2026-10-06 06:00:00,,,,,,,,,,0.563,0.563,0.56,0.478,0.582,9.6,12.1,13.8,14.5,0.555,0.555,0.552,0.471,0.584,9.2,12.7,14.2,14.6
Teufelsmoor (bog),2026-10-06 07:00:00,,,,,,,,,,0.562,0.563,0.56,0.478,0.582,11.6,12.2,13.7,14.5,0.554,0.555,0.552,0.471,0.584,11.4,12.6,14.1,14.6
Teufelsmoor (bog),2026-10-06 08:00:00,,,,,,,,,,0.561,0.563,0.559,0.478,0.582,14.5,12.4,13.7,14.5,0.553,0.554,0.551,0.471,0.584,14.6,12.5,14.1,14.6
Teufelsmoor (bog),2026-10-06 09:00:00,,,,,,,,,,0.56,0.562,0.559,0.478,0.582,17.0,12.8,13.6,14.5,0.552,0.554,0.551,0.471,0.584,17.3,12.6,14.1,14.6
Teufelsmoor (bog),2026-10-06 10:00:00,,,,,,,,,,0.558,0.561,0.558,0.478,0.582,18.7,13.4,13.6,14.5,0.55,0.553,0.55,0.471,0.584,19.1,12.9,14.1,14.6
Teufelsmoor (bog),2026-10-06 11:00:00,,,,,,,,,,0.555,0.56,0.558,0.477,0.582,20.0,14.1,13.7,14.5,0.547,0.552,0.55,0.47,0.584,20.5,13.4,14.1,14.6
Teufelsmoor (bog),2026-10-06 12:00:00,,,,,,,,,,0.553,0.559,0.557,0.477,0.582,20.8,14.8,13.8,14.5,0.545,0.551,0.549,0.47,0.584,21.2,13.8,14.1,14.6
Teufelsmoor (bog),2026-10-06 13:00:00,,,,,,,,,,0.551,0.557,0.556,0.477,0.582,20.9,15.4,13.9,14.5,0.542,0.55,0.548,0.47,0.584,21.2,14.3,14.1,14.6
Teufelsmoor (bog),2026-10-06 14:00:00,,,,,,,,,,0.548,0.556,0.555,0.477,0.582,20.4,15.9,14.0,14.4,0.54,0.548,0.548,0.47,0.584,20.6,14.8,14.1,14.6
Teufelsmoor (bog),2026-10-06 15:00:00,,,,,,,,,,0.547,0.554,0.554,0.477,0.582,19.2,16.2,14.1,14.4,0.538,0.547,0.547,0.47,0.584,19.3,15.2,14.1,14.6
Teufelsmoor (bog),2026-10-06 16:00:00,,,,,,,,,,0.547,0.553,0.554,0.477,0.582,16.8,16.1,14.2,14.4,0.538,0.546,0.547,0.47,0.584,16.9,15.4,14.1,14.6
Teufelsmoor (bog),2026-10-06 17:00:00,,,,,,,,,,0.547,0.552,0.553,0.477,0.582,13.6,15.7,14.3,14.4,0.539,0.545,0.546,0.47,0.584,13.9,15.5,14.1,14.6
Teufelsmoor (bog),2026-10-06 18:00:00,,,,,,,,,,0.548,0.552,0.553,0.477,0.582,11.2,15.3,14.4,14.4,0.54,0.544,0.546,0.47,0.584,11.5,15.4,14.2,14.6
Teufelsmoor (bog),2026-10-06 19:00:00,,,,,,,,,,0.549,0.552,0.553,0.477,0.582,10.0,14.8,14.4,14.4,0.54,0.544,0.546,0.47,0.584,10.3,15.2,14.2,14.6
Teufelsmoor (bog),2026-10-06 20:00:00,,,,,,,,,,0.549,0.552,0.552,0.478,0.582,9.4,14.2,14.3,14.4,0.541,0.544,0.545,0.471,0.584,9.7,14.9,14.2,14.6
Teufelsmoor (bog),2026-10-06 21:00:00,,,,,,,,,,0.55,0.552,0.552,0.478,0.582,9.1,13.6,14.3,14.4,0.541,0.544,0.545,0.471,0.584,9.3,14.5,14.2,14.6
Teufelsmoor (bog),2026-10-06 22:00:00,,,,,,,,,,0.55,0.552,0.552,0.478,0.582,9.0,13.2,14.2,14.4,0.541,0.544,0.545,0.471,0.584,9.0,14.2,14.2,14.6
Teufelsmoor (bog),2026-10-06 23:00:00,,,,,,,,,,0.55,0.551,0.552,0.478,0.582,9.2,12.8,14.1,14.4,0.542,0.543,0.544,0.471,0.584,8.9,13.8,14.2,14.6
Teufelsmoor (bog),2026-10-07 00:00:00,,,,,,,,,,0.55,0.551,0.552,0.478,0.582,9.3,12.5,14.1,14.4,0.542,0.543,0.544,0.471,0.584,8.8,13.5,14.2,14.6
Teufelsmoor (bog),2026-10-07 01:00:00,,,,,,,,,,0.55,0.551,0.552,0.478,0.582,9.4,12.3,14.0,14.4,0.542,0.543,0.544,0.471,0.584,8.7,13.2,14.2,14.6
Teufelsmoor (bog),2026-10-07 02:00:00,,,,,,,,,,0.55,0.551,0.551,0.479,0.582,9.4,12.2,13.9,14.4,0.542,0.543,0.543,0.471,0.584,8.7,13.0,14.2,14.6
Teufelsmoor (bog),2026-10-07 03:00:00,,,,,,,,,,0.55,0.551,0.551,0.479,0.582,9.5,12.1,13.8,14.4,0.542,0.543,0.543,0.471,0.584,8.8,12.8,14.2,14.6
Teufelsmoor (bog),2026-10-07 04:00:00,,,,,,,,,,0.55,0.551,0.551,0.479,0.582,9.6,12.0,13.8,14.4,0.542,0.543,0.543,0.471,0.584,9.0,12.6,14.1,14.6
Teufelsmoor (bog),2026-10-07 05:00:00,,,,,,,,,,0.55,0.551,0.55,0.479,0.582,9.7,11.9,13.7,14.4,0.542,0.543,0.542,0.472,0.584,9.4,12.4,14.1,14.6
Teufelsmoor (bog),2026-10-07 06:00:00,,,,,,,,,,0.55,0.551,0.55,0.479,0.582,10.3,11.9,13.6,14.4,0.542,0.543,0.542,0.472,0.584,10.2,12.3,14.1,14.6
Teufelsmoor (bog),2026-10-07 07:00:00,,,,,,,,,,0.55,0.551,0.55,0.479,0.582,11.5,12.0,13.6,14.4,0.542,0.543,0.542,0.472,0.584,11.5,12.2,14.1,14.6
Teufelsmoor (bog),2026-10-07 08:00:00,,,,,,,,,,0.55,0.55,0.549,0.479,0.582,13.1,12.1,13.5,14.4,0.542,0.542,0.541,0.472,0.584,13.1,12.2,14.0,14.6
Teufelsmoor (bog),2026-10-07 09:00:00,,,,,,,,,,0.549,0.55,0.549,0.479,0.582,14.7,12.4,13.5,14.4,0.541,0.542,0.541,0.472,0.584,14.8,12.3,14.0,14.6
Teufelsmoor (bog),2026-10-07 10:00:00,,,,,,,,,,0.548,0.55,0.549,0.479,0.582,16.5,12.8,13.5,14.4,0.54,0.541,0.541,0.472,0.584,16.4,12.5,14.0,14.6
Teufelsmoor (bog),2026-10-07 11:00:00,,,,,,,,,,0.546,0.549,0.548,0.479,0.582,18.2,13.2,13.5,14.4,0.538,0.541,0.54,0.472,0.584,18.0,12.8,14.0,14.5
Teufelsmoor (bog),2026-10-07 12:00:00,,,,,,,,,,0.545,0.549,0.548,0.479,0.582,19.3,13.7,13.5,14.4,0.536,0.54,0.54,0.472,0.584,19.1,13.1,13.9,14.5
Teufelsmoor (bog),2026-10-07 13:00:00,,,,,,,,,,0.543,0.548,0.547,0.479,0.582,19.3,14.2,13.6,14.4,0.534,0.539,0.539,0.472,0.584,19.2,13.5,13.9,14.5
Teufelsmoor (bog),2026-10-07 14:00:00,,,,,,,,,,0.542,0.547,0.547,0.479,0.581,18.7,14.8,13.7,14.4,0.533,0.539,0.539,0.472,0.583,18.8,14.0,13.9,14.5
Teufelsmoor (bog),2026-10-07 15:00:00,,,,,,,,,,0.541,0.546,0.546,0.479,0.581,17.9,15.1,13.8,14.4,0.532,0.538,0.538,0.472,0.583,18.1,14.3,13.9,14.5
Teufelsmoor (bog),2026-10-07 16:00:00,,,,,,,,,,0.533,0.543,0.546,0.479,0.581,16.9,15.2,13.9,14.4,0.525,0.536,0.538,0.472,0.583,17.0,14.5,13.9,14.5
Teufelsmoor (bog),2026-10-07 17:00:00,,,,,,,,,,0.525,0.54,0.545,0.479,0.581,15.6,15.1,14.0,14.3,0.518,0.533,0.537,0.472,0.583,15.6,14.7,14.0,14.5
Teufelsmoor (bog),2026-10-07 18:00:00,,,,,,,,,,0.542,0.545,0.545,0.479,0.581,14.7,14.9,14.0,14.3,0.533,0.536,0.537,0.472,0.583,14.6,14.7,14.0,14.5
Teufelsmoor (bog),2026-10-07 19:00:00,,,,,,,,,,0.607,0.561,0.544,0.479,0.581,14.3,14.8,14.1,14.3,0.589,0.546,0.537,0.472,0.583,14.2,14.7,14.0,14.5
Teufelsmoor (bog),2026-10-07 20:00:00,,,,,,,,,,0.695,0.585,0.544,0.48,0.581,14.3,14.7,14.1,14.3,0.667,0.561,0.536,0.472,0.583,14.2,14.7,14.0,14.5
Teufelsmoor (bog),2026-10-07 21:00:00,,,,,,,,,,0.759,0.613,0.545,0.48,0.581,14.2,14.6,14.1,14.3,0.725,0.583,0.537,0.472,0.583,14.2,14.6,14.0,14.5
Teufelsmoor (bog),2026-10-07 22:00:00,,,,,,,,,,0.773,0.65,0.549,0.48,0.581,14.1,14.5,14.1,14.3,0.745,0.618,0.539,0.472,0.583,14.2,14.6,14.0,14.5
Teufelsmoor (bog),2026-10-07 23:00:00,,,,,,,,,,0.763,0.692,0.555,0.48,0.581,14.1,14.4,14.1,14.3,0.745,0.66,0.542,0.473,0.583,14.1,14.5,14.1,14.5
Teufelsmoor (bog),2026-10-08 00:00:00,,,,,,,,,,0.753,0.721,0.559,0.48,0.581,14.0,14.4,14.1,14.3,0.739,0.689,0.545,0.473,0.583,14.0,14.5,14.1,14.5
Teufelsmoor (bog),2026-10-08 01:00:00,,,,,,,,,,,,,,,,,,,0.727,0.696,0.549,0.473,0.583,13.8,14.4,14.1,14.5
Teufelsmoor (bog),2026-10-08 02:00:00,,,,,,,,,,,,,,,,,,,0.708,0.689,0.554,0.473,0.583,13.6,14.4,14.1,14.5
Teufelsmoor (bog),2026-10-08 03:00:00,,,,,,,,,,,,,,,,,,,0.692,0.682,0.558,0.473,0.583,13.2,14.3,14.1,14.5
Teufelsmoor (bog),2026-10-08 04:00:00,,,,,,,,,,,,,,,,,,,0.682,0.676,0.561,0.473,0.583,12.4,14.2,14.1,14.5
Teufelsmoor (bog),2026-10-08 05:00:00,,,,,,,,,,,,,,,,,,,0.675,0.669,0.564,0.474,0.583,11.5,14.1,14.1,14.5
Teufelsmoor (bog),2026-10-08 06:00:00,,,,,,,,,,,,,,,,,,,0.668,0.662,0.567,0.474,0.583,11.1,14.0,14.1,14.5
Teufelsmoor (bog),2026-10-08 07:00:00,,,,,,,,,,,,,,,,,,,0.662,0.657,0.569,0.474,0.583,11.4,13.8,14.1,14.5
Teufelsmoor (bog),2026-10-08 08:00:00,,,,,,,,,,,,,,,,,,,0.656,0.652,0.571,0.474,0.583,12.1,13.6,14.1,14.5
Teufelsmoor (bog),2026-10-08 09:00:00,,,,,,,,,,,,,,,,,,,0.651,0.647,0.572,0.474,0.583,12.9,13.5,14.1,14.5
Teufelsmoor (bog),2026-10-08 10:00:00,,,,,,,,,,,,,,,,,,,0.645,0.642,0.573,0.474,0.583,13.8,13.5,14.1,14.5
Teufelsmoor (bog),2026-10-08 11:00:00,,,,,,,,,,,,,,,,,,,0.64,0.637,0.574,0.474,0.583,14.7,13.5,14.1,14.5
Teufelsmoor (bog),2026-10-08 12:00:00,,,,,,,,,,,,,,,,,,,0.635,0.633,0.575,0.474,0.583,15.2,13.6,14.1,14.5
Teufelsmoor (bog),2026-10-08 13:00:00,,,,,,,,,,,,,,,,,,,0.631,0.629,0.575,0.474,0.583,14.9,13.7,14.1,14.5
Teufelsmoor (bog),2026-10-08 14:00:00,,,,,,,,,,,,,,,,,,,0.629,0.626,0.576,0.474,0.583,14.1,13.8,14.1,14.5
Teufelsmoor (bog),2026-10-08 15:00:00,,,,,,,,,,,,,,,,,,,0.626,0.623,0.576,0.474,0.583,13.2,13.8,14.1,14.5
Teufelsmoor (bog),2026-10-08 16:00:00,,,,,,,,,,,,,,,,,,,0.623,0.62,0.576,0.474,0.583,12.1,13.8,14.1,14.5
Teufelsmoor (bog),2026-10-08 17:00:00,,,,,,,,,,,,,,,,,,,0.62,0.618,0.577,0.475,0.583,10.8,13.7,14.1,14.5
Teufelsmoor (bog),2026-10-08 18:00:00,,,,,,,,,,,,,,,,,,,0.618,0.616,0.577,0.475,0.583,9.8,13.5,14.1,14.5
Teufelsmoor (bog),2026-10-08 19:00:00,,,,,,,,,,,,,,,,,,,0.616,0.614,0.577,0.475,0.583,9.3,13.3,14.1,14.5
Teufelsmoor (bog),2026-10-08 20:00:00,,,,,,,,,,,,,,,,,,,0.614,0.613,0.578,0.475,0.583,9.0,13.1,14.0,14.5
Teufelsmoor (bog),2026-10-08 21:00:00,,,,,,,,,,,,,,,,,,,0.613,0.611,0.578,0.475,0.583,8.8,12.9,14.0,14.5
Teufelsmoor (bog),2026-10-08 22:00:00,,,,,,,,,,,,,,,,,,,0.612,0.61,0.578,0.475,0.583,8.6,12.7,14.0,14.5
Teufelsmoor (bog),2026-10-08 23:00:00,,,,,,,,,,,,,,,,,,,0.61,0.608,0.579,0.476,0.583,8.5,12.4,14.0,14.5
Teufelsmoor (bog),2026-10-09 00:00:00,,,,,,,,,,,,,,,,,,,0.609,0.607,0.579,0.476,0.583,8.3,12.2,14.0,14.5
Teufelsmoor (bog),2026-10-09 01:00:00,,,,,,,,,,,,,,,,,,,0.608,0.606,0.579,0.476,0.583,7.9,12.0,13.9,14.5
Teufelsmoor (bog),2026-10-09 02:00:00,,,,,,,,,,,,,,,,,,,0.606,0.604,0.579,0.477,0.583,7.3,11.8,13.9,14.5
Teufelsmoor (bog),2026-10-09 03:00:00,,,,,,,,,,,,,,,,,,,0.605,0.603,0.579,0.477,0.583,7.1,11.6,13.9,14.5
Teufelsmoor (bog),2026-10-09 04:00:00,,,,,,,,,,,,,,,,,,,0.604,0.602,0.579,0.477,0.583,7.1,11.4,13.8,14.5
Teufelsmoor (bog),2026-10-09 05:00:00,,,,,,,,,,,,,,,,,,,0.603,0.601,0.579,0.477,0.583,7.3,11.2,13.8,14.4
Teufelsmoor (bog),2026-10-09 06:00:00,,,,,,,,,,,,,,,,,,,0.602,0.6,0.579,0.477,0.583,7.9,11.0,13.7,14.4
Teufelsmoor (bog),2026-10-09 07:00:00,,,,,,,,,,,,,,,,,,,0.6,0.599,0.579,0.477,0.583,9.4,10.9,13.7,14.4
Teufelsmoor (bog),2026-10-09 08:00:00,,,,,,,,,,,,,,,,,,,0.599,0.598,0.579,0.478,0.583,11.3,10.9,13.6,14.4
Teufelsmoor (bog),2026-10-09 09:00:00,,,,,,,,,,,,,,,,,,,0.597,0.597,0.579,0.478,0.583,12.7,11.0,13.6,14.4
Teufelsmoor (bog),2026-10-09 10:00:00,,,,,,,,,,,,,,,,,,,0.596,0.596,0.578,0.478,0.583,13.2,11.1,13.5,14.4
Teufelsmoor (bog),2026-10-09 11:00:00,,,,,,,,,,,,,,,,,,,0.595,0.595,0.578,0.478,0.583,13.3,11.4,13.5,14.4
Teufelsmoor (bog),2026-10-09 12:00:00,,,,,,,,,,,,,,,,,,,0.594,0.594,0.577,0.478,0.583,13.0,11.6,13.5,14.4
Teufelsmoor (bog),2026-10-09 13:00:00,,,,,,,,,,,,,,,,,,,0.588,0.592,0.577,0.478,0.583,12.4,11.8,13.5,14.4
Teufelsmoor (bog),2026-10-09 14:00:00,,,,,,,,,,,,,,,,,,,0.582,0.59,0.576,0.478,0.583,11.6,12.0,13.4,14.4
Teufelsmoor (bog),2026-10-09 15:00:00,,,,,,,,,,,,,,,,,,,0.589,0.59,0.576,0.478,0.583,10.8,12.1,13.4,14.4
Teufelsmoor (bog),2026-10-09 16:00:00,,,,,,,,,,,,,,,,,,,0.625,0.592,0.576,0.478,0.583,10.1,12.1,13.4,14.4
Teufelsmoor (bog),2026-10-09 17:00:00,,,,,,,,,,,,,,,,,,,0.674,0.595,0.576,0.478,0.583,9.6,12.0,13.4,14.4
Teufelsmoor (bog),2026-10-09 18:00:00,,,,,,,,,,,,,,,,,,,0.708,0.604,0.576,0.478,0.583,9.3,11.9,13.4,14.4
Teufelsmoor (bog),2026-10-09 19:00:00,,,,,,,,,,,,,,,,,,,0.71,0.623,0.577,0.478,0.583,9.4,11.8,13.4,14.4
Teufelsmoor (bog),2026-10-09 20:00:00,,,,,,,,,,,,,,,,,,,0.696,0.647,0.578,0.479,0.583,9.9,11.7,13.3,14.4
Teufelsmoor (bog),2026-10-09 21:00:00,,,,,,,,,,,,,,,,,,,0.682,0.663,0.58,0.479,0.583,10.2,11.6,13.3,14.4
Teufelsmoor (bog),2026-10-09 22:00:00,,,,,,,,,,,,,,,,,,,0.674,0.665,0.582,0.479,0.583,10.2,11.6,13.3,14.4
Teufelsmoor (bog),2026-10-09 23:00:00,,,,,,,,,,,,,,,,,,,0.667,0.66,0.583,0.48,0.583,10.1,11.6,13.3,14.4
Solling (upland forest),2026-10-03 00:00:00,0.261,0.261,0.259,0.238,0.227,7.3,10.9,13.1,13.2,0.273,0.274,0.274,0.262,0.23,7.4,10.3,12.8,12.7,0.283,0.285,0.289,0.293,0.247,6.6,10.0,12.7,12.8
Solling (upland forest),2026-10-03 01:00:00,0.26,0.26,0.259,0.238,0.227,6.7,10.3,13.0,13.2,0.272,0.273,0.274,0.262,0.23,6.9,9.9,12.6,12.7,0.282,0.284,0.288,0.292,0.247,6.2,9.6,12.5,12.8
Solling (upland forest),2026-10-03 02:00:00,0.259,0.259,0.258,0.239,0.227,6.1,9.8,12.8,13.2,0.272,0.272,0.273,0.262,0.23,5.7,9.4,12.4,12.7,0.282,0.284,0.287,0.292,0.248,6.2,9.3,12.3,12.8
Solling (upland forest),2026-10-03 03:00:00,0.265,0.265,0.265,0.251,0.229,5.8,9.5,12.6,13.2,0.271,0.272,0.272,0.262,0.23,5.7,9.0,12.2,12.7,0.281,0.283,0.287,0.291,0.248,6.3,9.0,12.1,12.8
Solling (upland forest),2026-10-03 04:00:00,0.264,0.264,0.264,0.251,0.229,5.2,9.0,12.3,13.2,0.27,0.271,0.272,0.263,0.23,5.9,8.8,12.0,12.7,0.281,0.283,0.286,0.291,0.248,6.7,8.9,11.8,12.8
Solling (upland forest),2026-10-03 05:00:00,0.264,0.264,0.263,0.251,0.229,4.9,8.6,12.1,13.2,0.27,0.27,0.271,0.263,0.23,7.0,8.7,11.8,12.7,0.28,0.282,0.286,0.291,0.248,7.8,8.9,11.7,12.8
Solling (upland forest),2026-10-03 06:00:00,0.263,0.263,0.263,0.251,0.229,5.2,8.0,11.8,13.2,0.269,0.27,0.27,0.263,0.231,7.7,8.8,11.7,12.7,0.28,0.282,0.285,0.29,0.248,8.8,9.2,11.5,12.7
Solling (upland forest),2026-10-03 07:00:00,0.263,0.263,0.262,0.251,0.229,10.3,8.3,11.6,13.1,0.268,0.269,0.27,0.263,0.231,11.2,9.3,11.5,12.6,0.279,0.281,0.285,0.29,0.249,10.4,9.6,11.4,12.7
Solling (upland forest),2026-10-03 08:00:00,0.262,0.262,0.262,0.251,0.229,13.7,9.7,11.5,13.1,0.267,0.268,0.269,0.263,0.231,12.8,10.1,11.4,12.6,0.279,0.28,0.284,0.289,0.249,12.2,10.2,11.3,12.7
Solling (upland forest),2026-10-03 09:00:00,0.26,0.261,0.261,0.251,0.229,14.4,11.0,11.4,13.1,0.266,0.267,0.268,0.262,0.231,13.8,11.0,11.4,12.6,0.278,0.28,0.283,0.289,0.249,14.1,11.0,11.3,12.7
Solling (upland forest),2026-10-03 10:00:00,0.259,0.26,0.26,0.251,0.229,14.8,12.0,11.5,13.1,0.265,0.266,0.267,0.262,0.231,14.5,11.7,11.4,12.6,0.276,0.278,0.282,0.288,0.249,15.0,11.9,11.3,12.7
Solling (upland forest),2026-10-03 11:00:00,0.258,0.259,0.259,0.251,0.229,15.6,12.6,11.6,13.1,0.263,0.265,0.266,0.262,0.231,15.4,12.4,11.5,12.6,0.275,0.277,0.281,0.287,0.249,15.5,12.6,11.4,12.7
Solling (upland forest),2026-10-03 12:00:00,0.257,0.258,0.258,0.251,0.229,16.3,13.2,11.7,13.1,0.261,0.263,0.265,0.261,0.231,16.1,13.0,11.6,12.6,0.273,0.276,0.28,0.287,0.249,15.6,13.2,11.6,12.7
Solling (upland forest),2026-10-03 13:00:00,0.256,0.257,0.258,0.251,0.229,16.0,13.6,11.9,13.0,0.26,0.262,0.264,0.261,0.231,16.3,13.5,11.7,12.5,0.272,0.274,0.279,0.286,0.249,16.3,13.6,11.7,12.7
Solling (upland forest),2026-10-03 14:00:00,0.255,0.256,0.257,0.25,0.229,15.4,13.9,12.0,13.0,0.258,0.26,0.263,0.261,0.231,16.2,13.9,11.8,12.5,0.27,0.273,0.278,0.285,0.249,16.1,13.9,11.9,12.6
Solling (upland forest),2026-10-03 15:00:00,0.254,0.255,0.256,0.25,0.229,15.0,14.0,12.2,13.0,0.257,0.259,0.262,0.26,0.231,15.4,14.0,12.0,12.5,0.27,0.272,0.277,0.284,0.249,15.1,14.0,12.1,12.6
Solling (upland forest),2026-10-03 16:00:00,0.254,0.254,0.255,0.25,0.229,13.3,13.9,12.3,13.0,0.257,0.258,0.261,0.26,0.231,14.1,14.0,12.1,12.5,0.269,0.271,0.276,0.284,0.249,13.7,13.9,12.2,12.6
Solling (upland forest),2026-10-03 17:00:00,0.254,0.254,0.255,0.25,0.23,10.1,13.2,12.4,13.0,0.257,0.258,0.261,0.26,0.231,10.5,13.5,12.2,12.5,0.27,0.271,0.276,0.283,0.25,10.2,13.3,12.3,12.6
Solling (upland forest),2026-10-03 18:00:00,0.254,0.254,0.255,0.25,0.23,8.8,12.2,12.5,13.0,0.257,0.258,0.26,0.26,0.231,8.8,12.6,12.3,12.5,0.27,0.271,0.275,0.283,0.25,8.7,12.3,12.4,12.6
Solling (upland forest),2026-10-03 19:00:00,0.254,0.254,0.254,0.25,0.23,7.7,11.3,12.4,13.0,0.257,0.258,0.26,0.26,0.231,7.8,11.6,12.3,12.5,0.27,0.271,0.275,0.283,0.25,7.8,11.4,12.3,12.6
Solling (upland forest),2026-10-03 20:00:00,0.254,0.254,0.254,0.25,0.23,6.7,10.5,12.3,13.0,0.257,0.258,0.26,0.259,0.231,7.0,10.8,12.2,12.5,0.27,0.271,0.275,0.282,0.25,7.1,10.6,12.2,12.6
Solling (upland forest),2026-10-03 21:00:00,0.253,0.254,0.254,0.25,0.23,6.1,9.8,12.2,13.0,0.257,0.258,0.259,0.259,0.231,6.4,10.1,12.1,12.5,0.27,0.271,0.275,0.282,0.25,6.6,10.0,12.1,12.6
Solling (upland forest),2026-10-03 22:00:00,0.253,0.253,0.254,0.25,0.23,5.6,9.3,12.0,13.0,0.257,0.258,0.259,0.259,0.232,6.0,9.6,12.0,12.5,0.27,0.271,0.274,0.281,0.25,5.9,9.5,12.0,12.6
Solling (upland forest),2026-10-03 23:00:00,0.253,0.253,0.253,0.25,0.23,5.2,8.8,11.8,13.0,0.257,0.258,0.259,0.259,0.232,5.6,9.1,11.8,12.5,0.27,0.271,0.274,0.281,0.251,5.4,9.0,11.8,12.6
Solling (upland forest),2026-10-04 00:00:00,0.253,0.253,0.253,0.25,0.23,4.8,8.4,11.6,12.9,0.257,0.257,0.259,0.259,0.232,5.2,8.7,11.7,12.5,0.27,0.271,0.274,0.281,0.251,5.1,8.6,11.6,12.6
Solling (upland forest),2026-10-04 01:00:00,0.253,0.253,0.253,0.25,0.23,4.8,8.0,11.4,12.9,0.257,0.257,0.259,0.259,0.232,5.0,8.3,11.5,12.4,0.27,0.271,0.274,0.28,0.251,5.0,8.2,11.4,12.6
Solling (upland forest),2026-10-04 02:00:00,0.253,0.253,0.253,0.25,0.23,5.3,7.8,11.2,12.9,0.256,0.257,0.258,0.259,0.232,5.0,8.1,11.3,12.4,0.269,0.271,0.274,0.28,0.251,4.8,7.9,11.2,12.5
Solling (upland forest),2026-10-04 03:00:00,0.252,0.253,0.253,0.25,0.23,6.0,7.8,11.0,12.9,0.256,0.257,0.258,0.259,0.232,5.7,8.0,11.1,12.4,0.269,0.271,0.274,0.28,0.251,5.2,7.8,11.0,12.5
Solling (upland forest),2026-10-04 04:00:00,0.252,0.252,0.253,0.25,0.23,6.0,7.9,10.8,12.9,0.256,0.257,0.258,0.258,0.232,5.8,8.0,10.9,12.4,0.269,0.27,0.273,0.279,0.251,5.9,7.8,10.8,12.5
Solling (upland forest),2026-10-04 05:00:00,0.252,0.252,0.253,0.25,0.23,6.1,7.9,10.7,12.9,0.256,0.257,0.258,0.258,0.232,5.1,7.9,10.8,12.4,0.269,0.27,0.273,0.279,0.251,5.6,7.8,10.6,12.5
Solling (upland forest),2026-10-04 06:00:00,0.252,0.252,0.252,0.25,0.23,6.6,7.9,10.5,12.8,0.256,0.256,0.258,0.258,0.232,5.5,7.8,10.6,12.4,0.269,0.27,0.273,0.279,0.251,5.8,7.7,10.4,12.5
Solling (upland forest),2026-10-04 07:00:00,0.252,0.252,0.252,0.25,0.231,9.5,8.3,10.4,12.8,0.256,0.256,0.258,0.258,0.232,9.2,8.0,10.5,12.4,0.269,0.27,0.273,0.279,0.252,9.0,7.9,10.3,12.5
Solling (upland forest),2026-10-04 08:00:00,0.251,0.252,0.252,0.25,0.231,12.7,9.2,10.3,12.8,0.255,0.256,0.257,0.258,0.232,12.3,8.9,10.4,12.4,0.268,0.269,0.272,0.278,0.252,12.2,8.8,10.2,12.4
Solling (upland forest),2026-10-04 09:00:00,0.251,0.251,0.252,0.25,0.231,14.0,10.4,10.4,12.8,0.254,0.255,0.257,0.258,0.233,13.4,10.0,10.4,12.3,0.267,0.269,0.272,0.278,0.252,13.2,9.9,10.2,12.4
Solling (upland forest),2026-10-04 10:00:00,0.249,0.25,0.251,0.249,0.231,16.1,11.5,10.5,12.7,0.252,0.254,0.256,0.257,0.233,14.3,10.8,10.3,12.3,0.266,0.268,0.271,0.277,0.252,14.2,10.8,10.3,12.4
Solling (upland forest),2026-10-04 11:00:00,0.248,0.249,0.25,0.249,0.231,16.8,12.5,10.6,12.7,0.251,0.253,0.255,0.257,0.233,14.7,11.6,10.4,12.3,0.265,0.267,0.271,0.277,0.252,14.6,11.6,10.4,12.4
Solling (upland forest),2026-10-04 12:00:00,0.247,0.248,0.25,0.248,0.231,16.9,13.3,10.8,12.7,0.25,0.252,0.254,0.256,0.233,15.1,12.2,10.5,12.3,0.263,0.266,0.27,0.276,0.252,15.2,12.2,10.6,12.4
Solling (upland forest),2026-10-04 13:00:00,0.246,0.247,0.249,0.248,0.231,16.7,13.7,11.1,12.7,0.249,0.25,0.254,0.256,0.233,15.8,12.6,10.7,12.3,0.262,0.264,0.269,0.275,0.252,15.6,12.7,10.7,12.3
Solling (upland forest),2026-10-04 14:00:00,0.245,0.246,0.248,0.248,0.231,16.3,14.0,11.3,12.7,0.247,0.249,0.253,0.255,0.233,15.5,13.0,10.9,12.3,0.261,0.263,0.268,0.275,0.252,15.4,13.1,10.9,12.3
Solling (upland forest),2026-10-04 15:00:00,0.244,0.245,0.247,0.247,0.231,14.9,14.0,11.5,12.7,0.247,0.249,0.252,0.255,0.233,14.9,13.2,11.0,12.2,0.26,0.262,0.267,0.274,0.252,14.7,13.2,11.1,12.3
Solling (upland forest),2026-10-04 16:00:00,0.244,0.245,0.247,0.247,0.231,13.4,13.7,11.7,12.7,0.247,0.248,0.252,0.255,0.233,13.3,13.2,11.2,12.2,0.26,0.262,0.266,0.274,0.252,13.4,13.1,11.3,12.3
Solling (upland forest),2026-10-04 17:00:00,0.245,0.245,0.246,0.247,0.231,9.9,13.1,11.9,12.6,0.247,0.248,0.251,0.254,0.233,10.8,12.8,11.3,12.2,0.261,0.262,0.266,0.273,0.252,10.5,12.7,11.4,12.3
Solling (upland forest),2026-10-04 18:00:00,0.245,0.245,0.246,0.247,0.231,8.3,12.0,11.9,12.6,0.248,0.248,0.251,0.254,0.233,9.3,12.1,11.4,12.2,0.261,0.262,0.266,0.273,0.252,8.7,11.8,11.5,12.3
Solling (upland forest),2026-10-04 19:00:00,0.245,0.245,0.246,0.247,0.231,7.9,11.0,11.9,12.6,0.248,0.249,0.251,0.254,0.233,7.9,11.3,11.5,12.2,0.261,0.262,0.266,0.273,0.252,7.5,10.9,11.5,12.3
Solling (upland forest),2026-10-04 20:00:00,0.245,0.245,0.246,0.247,0.231,7.6,10.4,11.8,12.6,0.248,0.249,0.251,0.254,0.233,6.9,10.6,11.4,12.2,0.261,0.262,0.265,0.273,0.252,6.7,10.1,11.5,12.3
Solling (upland forest),2026-10-04 21:00:00,0.245,0.245,0.246,0.247,0.231,6.3,9.8,11.7,12.6,0.248,0.249,0.251,0.254,0.233,6.1,9.9,11.4,12.2,0.261,0.262,0.265,0.272,0.252,6.1,9.5,11.4,12.3
Solling (upland forest),2026-10-04 22:00:00,0.245,0.245,0.246,0.247,0.231,5.5,9.2,11.6,12.6,0.248,0.249,0.251,0.254,0.233,5.5,9.3,11.3,12.2,0.261,0.262,0.265,0.272,0.252,5.5,8.9,11.2,12.3
Solling (upland forest),2026-10-04 23:00:00,0.245,0.245,0.246,0.247,0.231,5.0,8.6,11.4,12.6,0.248,0.249,0.25,0.254,0.233,5.0,8.7,11.2,12.2,0.261,0.262,0.265,0.272,0.253,5.0,8.5,11.1,12.2
Solling (upland forest),2026-10-05 00:00:00,0.245,0.245,0.246,0.246,0.231,4.7,8.2,11.2,12.6,0.248,0.249,0.25,0.253,0.233,4.6,8.3,11.0,12.2,0.261,0.262,0.265,0.272,0.253,4.7,8.0,10.9,12.2
Solling (upland forest),2026-10-05 01:00:00,0.245,0.245,0.246,0.246,0.231,4.6,7.8,11.0,12.6,0.248,0.249,0.25,0.253,0.233,4.2,7.9,10.9,12.2,0.261,0.262,0.265,0.271,0.253,4.4,7.7,10.7,12.2
Solling (upland forest),2026-10-05 02:00:00,0.245,0.245,0.246,0.246,0.231,4.8,7.6,10.8,12.5,0.248,0.249,0.25,0.253,0.233,4.3,7.6,10.7,12.2,0.261,0.262,0.265,0.271,0.253,4.2,7.4,10.5,12.2
Solling (upland forest),2026-10-05 03:00:00,0.245,0.245,0.246,0.246,0.231,4.4,7.4,10.7,12.5,0.248,0.249,0.25,0.253,0.233,4.7,7.3,10.5,12.1,0.261,0.262,0.265,0.271,0.253,3.8,7.1,10.3,12.2
Solling (upland forest),2026-10-05 04:00:00,0.245,0.245,0.246,0.246,0.231,5.0,7.2,10.5,12.5,0.248,0.249,0.25,0.253,0.234,5.5,7.1,10.4,12.1,0.261,0.262,0.265,0.271,0.253,3.9,6.8,10.1,12.2
Solling (upland forest),2026-10-05 05:00:00,0.245,0.245,0.246,0.246,0.231,5.3,7.2,10.3,12.5,0.248,0.249,0.25,0.253,0.234,7.0,7.1,10.2,12.1,0.261,0.262,0.265,0.27,0.253,4.4,6.7,9.9,12.2
Solling (upland forest),2026-10-05 06:00:00,0.245,0.245,0.246,0.246,0.232,7.2,7.3,10.1,12.5,0.248,0.249,0.25,0.253,0.234,7.6,7.5,10.0,12.1,0.261,0.262,0.265,0.27,0.253,5.2,6.8,9.8,12.1
Solling (upland forest),2026-10-05 07:00:00,,,,,,,,,,0.248,0.249,0.25,0.253,0.234,9.5,8.0,9.9,12.1,0.261,0.262,0.264,0.27,0.253,8.7,7.1,9.6,12.1
Solling (upland forest),2026-10-05 08:00:00,,,,,,,,,,0.247,0.248,0.25,0.252,0.234,11.7,8.8,9.8,12.1,0.26,0.262,0.264,0.27,0.253,11.4,8.2,9.5,12.1
Solling (upland forest),2026-10-05 09:00:00,,,,,,,,,,0.246,0.248,0.249,0.252,0.234,13.5,9.7,9.8,12.1,0.259,0.261,0.264,0.269,0.253,13.6,9.4,9.5,12.1
Solling (upland forest),2026-10-05 10:00:00,,,,,,,,,,0.245,0.247,0.249,0.252,0.234,14.7,10.4,9.8,12.0,0.258,0.26,0.263,0.269,0.253,14.9,10.5,9.6,12.0
Solling (upland forest),2026-10-05 11:00:00,,,,,,,,,,0.243,0.245,0.248,0.251,0.234,15.6,11.3,9.9,12.0,0.257,0.259,0.262,0.268,0.253,15.8,11.5,9.8,12.0
Solling (upland forest),2026-10-05 12:00:00,,,,,,,,,,0.242,0.244,0.247,0.251,0.234,16.3,12.1,10.1,12.0,0.255,0.257,0.262,0.268,0.253,16.2,12.3,10.0,12.0
Solling (upland forest),2026-10-05 13:00:00,,,,,,,,,,0.24,0.243,0.246,0.25,0.234,16.3,12.7,10.3,12.0,0.254,0.256,0.261,0.267,0.253,16.3,12.9,10.3,12.0
Solling (upland forest),2026-10-05 14:00:00,,,,,,,,,,0.239,0.241,0.245,0.25,0.234,16.1,13.2,10.5,12.0,0.253,0.255,0.26,0.267,0.253,16.0,13.3,10.5,12.0
Solling (upland forest),2026-10-05 15:00:00,,,,,,,,,,0.238,0.24,0.245,0.249,0.234,15.3,13.3,10.7,12.0,0.252,0.254,0.259,0.266,0.253,15.4,13.4,10.7,12.0
Solling (upland forest),2026-10-05 16:00:00,,,,,,,,,,0.239,0.24,0.244,0.249,0.234,13.6,13.3,10.9,12.0,0.252,0.254,0.258,0.266,0.253,13.6,13.3,11.0,12.0
Solling (upland forest),2026-10-05 17:00:00,,,,,,,,,,0.239,0.24,0.244,0.249,0.234,10.3,12.8,11.0,12.0,0.253,0.254,0.258,0.266,0.253,10.2,12.7,11.1,11.9
Solling (upland forest),2026-10-05 18:00:00,,,,,,,,,,0.24,0.241,0.244,0.249,0.234,9.3,11.9,11.1,11.9,0.253,0.254,0.258,0.265,0.253,8.6,11.7,11.2,11.9
Solling (upland forest),2026-10-05 19:00:00,,,,,,,,,,0.24,0.241,0.244,0.248,0.234,9.1,11.0,11.2,11.9,0.254,0.255,0.258,0.265,0.253,7.6,10.8,11.2,11.9
Solling (upland forest),2026-10-05 20:00:00,,,,,,,,,,0.24,0.241,0.243,0.248,0.234,9.4,10.3,11.1,11.9,0.254,0.255,0.258,0.265,0.253,6.9,10.1,11.2,11.9
Solling (upland forest),2026-10-05 21:00:00,,,,,,,,,,0.24,0.241,0.243,0.248,0.234,9.1,10.1,11.1,11.9,0.254,0.255,0.258,0.265,0.254,6.2,9.4,11.1,11.9
Solling (upland forest),2026-10-05 22:00:00,,,,,,,,,,0.24,0.241,0.243,0.248,0.234,9.1,9.9,11.0,11.9,0.254,0.255,0.258,0.265,0.254,5.8,8.9,11.0,11.9
Solling (upland forest),2026-10-05 23:00:00,,,,,,,,,,0.241,0.241,0.243,0.248,0.234,8.9,9.8,10.9,11.9,0.254,0.255,0.258,0.264,0.254,5.3,8.5,10.8,11.9
Solling (upland forest),2026-10-06 00:00:00,,,,,,,,,,0.241,0.241,0.243,0.248,0.234,8.7,9.7,10.8,11.9,0.254,0.255,0.258,0.264,0.254,5.0,8.1,10.7,11.9
Solling (upland forest),2026-10-06 01:00:00,,,,,,,,,,0.241,0.241,0.243,0.248,0.234,8.5,9.6,10.6,11.9,0.254,0.255,0.258,0.264,0.254,4.6,7.7,10.5,11.9
Solling (upland forest),2026-10-06 02:00:00,,,,,,,,,,0.241,0.241,0.243,0.248,0.234,8.2,9.4,10.6,11.9,0.254,0.255,0.258,0.264,0.254,4.4,7.4,10.3,11.9
Solling (upland forest),2026-10-06 03:00:00,,,,,,,,,,0.241,0.242,0.243,0.247,0.234,7.7,9.3,10.5,11.9,0.254,0.255,0.258,0.264,0.254,4.4,7.2,10.2,11.9
Solling (upland forest),2026-10-06 04:00:00,,,,,,,,,,0.241,0.242,0.243,0.247,0.234,7.7,9.1,10.4,11.9,0.254,0.255,0.258,0.264,0.254,4.2,7.0,10.0,11.8
Solling (upland forest),2026-10-06 05:00:00,,,,,,,,,,0.241,0.242,0.243,0.247,0.234,7.8,8.9,10.3,11.8,0.254,0.255,0.258,0.263,0.254,3.8,6.8,9.8,11.8
Solling (upland forest),2026-10-06 06:00:00,,,,,,,,,,0.241,0.242,0.243,0.247,0.235,8.0,8.9,10.3,11.8,0.254,0.255,0.257,0.263,0.254,4.4,6.6,9.6,11.8
Solling (upland forest),2026-10-06 07:00:00,,,,,,,,,,0.241,0.242,0.243,0.247,0.235,9.7,9.3,10.2,11.8,0.254,0.255,0.257,0.263,0.254,7.1,7.2,9.5,11.8
Solling (upland forest),2026-10-06 08:00:00,,,,,,,,,,0.241,0.242,0.243,0.247,0.235,12.0,9.9,10.2,11.8,0.254,0.255,0.257,0.263,0.254,10.8,8.2,9.4,11.8
Solling (upland forest),2026-10-06 09:00:00,,,,,,,,,,0.24,0.241,0.243,0.247,0.235,14.0,10.6,10.2,11.8,0.253,0.254,0.257,0.263,0.254,13.9,9.2,9.4,11.7
Solling (upland forest),2026-10-06 10:00:00,,,,,,,,,,0.238,0.24,0.243,0.246,0.235,15.3,11.3,10.3,11.8,0.252,0.253,0.257,0.262,0.254,15.6,10.4,9.5,11.7
Solling (upland forest),2026-10-06 11:00:00,,,,,,,,,,0.236,0.238,0.242,0.246,0.235,16.2,12.0,10.4,11.7,0.25,0.252,0.256,0.262,0.254,16.5,11.6,9.7,11.7
Solling (upland forest),2026-10-06 12:00:00,,,,,,,,,,0.234,0.237,0.241,0.245,0.235,16.8,12.6,10.6,11.7,0.248,0.251,0.255,0.261,0.254,17.0,12.5,9.9,11.7
Solling (upland forest),2026-10-06 13:00:00,,,,,,,,,,0.233,0.236,0.24,0.245,0.235,17.0,13.1,10.8,11.7,0.247,0.25,0.254,0.261,0.254,17.2,13.2,10.1,11.7
Solling (upland forest),2026-10-06 14:00:00,,,,,,,,,,0.232,0.234,0.239,0.244,0.234,16.9,13.5,11.0,11.7,0.246,0.248,0.253,0.26,0.254,16.9,13.7,10.4,11.7
Solling (upland forest),2026-10-06 15:00:00,,,,,,,,,,0.231,0.233,0.238,0.244,0.234,16.0,13.6,11.2,11.7,0.245,0.247,0.252,0.26,0.254,15.9,13.8,10.7,11.7
Solling (upland forest),2026-10-06 16:00:00,,,,,,,,,,0.231,0.233,0.237,0.244,0.234,13.7,13.2,11.3,11.7,0.245,0.247,0.251,0.26,0.254,13.7,13.4,10.9,11.7
Solling (upland forest),2026-10-06 17:00:00,,,,,,,,,,0.231,0.233,0.237,0.243,0.234,10.7,12.5,11.5,11.7,0.246,0.248,0.251,0.259,0.254,10.7,12.6,11.1,11.6
Solling (upland forest),2026-10-06 18:00:00,,,,,,,,,,0.232,0.233,0.237,0.243,0.234,8.3,11.8,11.6,11.7,0.247,0.248,0.251,0.259,0.254,8.3,11.7,11.2,11.6
Solling (upland forest),2026-10-06 19:00:00,,,,,,,,,,0.233,0.233,0.237,0.243,0.234,7.2,11.0,11.5,11.7,0.247,0.248,0.251,0.259,0.254,7.0,10.9,11.2,11.6
Solling (upland forest),2026-10-06 20:00:00,,,,,,,,,,0.233,0.234,0.237,0.243,0.235,6.6,10.1,11.4,11.7,0.247,0.248,0.251,0.259,0.254,6.3,10.0,11.2,11.6
Solling (upland forest),2026-10-06 21:00:00,,,,,,,,,,0.234,0.234,0.237,0.243,0.235,6.1,9.4,11.3,11.7,0.247,0.248,0.251,0.259,0.254,5.7,9.2,11.1,11.6
Solling (upland forest),2026-10-06 22:00:00,,,,,,,,,,0.234,0.234,0.237,0.243,0.235,5.6,8.8,11.1,11.7,0.247,0.248,0.251,0.259,0.254,5.2,8.6,10.9,11.6
Solling (upland forest),2026-10-06 23:00:00,,,,,,,,,,0.234,0.235,0.237,0.243,0.235,5.2,8.4,10.9,11.7,0.248,0.249,0.251,0.258,0.254,4.8,8.1,10.8,11.6
Solling (upland forest),2026-10-07 00:00:00,,,,,,,,,,0.234,0.235,0.237,0.243,0.235,4.9,8.0,10.7,11.7,0.248,0.249,0.251,0.258,0.254,4.5,7.7,10.6,11.6
Solling (upland forest),2026-10-07 01:00:00,,,,,,,,,,0.234,0.235,0.237,0.243,0.235,4.7,7.7,10.5,11.7,0.248,0.249,0.251,0.258,0.254,4.1,7.4,10.4,11.6
Solling (upland forest),2026-10-07 02:00:00,,,,,,,,,,0.235,0.235,0.237,0.242,0.235,4.5,7.4,10.3,11.6,0.248,0.249,0.251,0.258,0.254,3.8,7.1,10.2,11.6
Solling (upland forest),2026-10-07 03:00:00,,,,,,,,,,0.235,0.235,0.237,0.242,0.235,4.3,7.1,10.1,11.6,0.248,0.249,0.251,0.258,0.254,3.6,6.8,10.0,11.6
Solling (upland forest),2026-10-07 04:00:00,,,,,,,,,,0.235,0.235,0.237,0.242,0.235,3.8,6.7,9.9,11.6,0.248,0.249,0.251,0.258,0.254,3.2,6.4,9.8,11.6
Solling (upland forest),2026-10-07 05:00:00,,,,,,,,,,0.235,0.235,0.237,0.242,0.235,3.4,6.3,9.8,11.6,0.248,0.249,0.251,0.257,0.254,2.9,6.0,9.5,11.5
Solling (upland forest),2026-10-07 06:00:00,,,,,,,,,,0.235,0.235,0.237,0.242,0.235,4.1,6.4,9.6,11.6,0.248,0.249,0.251,0.257,0.254,3.8,6.1,9.4,11.5
Solling (upland forest),2026-10-07 07:00:00,,,,,,,,,,0.235,0.235,0.237,0.242,0.235,7.2,7.2,9.5,11.6,0.248,0.249,0.251,0.257,0.254,6.9,6.9,9.2,11.5
Solling (upland forest),2026-10-07 08:00:00,,,,,,,,,,0.234,0.235,0.237,0.242,0.235,11.5,8.4,9.4,11.6,0.248,0.249,0.251,0.257,0.255,11.3,8.1,9.1,11.5
Solling (upland forest),2026-10-07 09:00:00,,,,,,,,,,0.233,0.235,0.237,0.242,0.235,14.9,9.6,9.4,11.6,0.247,0.248,0.251,0.257,0.255,14.7,9.3,9.1,11.5
Solling (upland forest),2026-10-07 10:00:00,,,,,,,,,,0.231,0.234,0.237,0.241,0.235,16.5,10.6,9.5,11.6,0.246,0.247,0.251,0.256,0.255,16.3,10.5,9.3,11.5
Solling (upland forest),2026-10-07 11:00:00,,,,,,,,,,0.23,0.232,0.236,0.241,0.235,17.2,11.7,9.6,11.5,0.244,0.246,0.25,0.256,0.254,17.1,11.7,9.5,11.4
Solling (upland forest),2026-10-07 12:00:00,,,,,,,,,,0.228,0.231,0.235,0.24,0.235,17.4,12.6,9.8,11.5,0.242,0.245,0.249,0.255,0.254,17.4,12.7,9.7,11.4
Solling (upland forest),2026-10-07 13:00:00,,,,,,,,,,0.227,0.23,0.234,0.24,0.235,17.4,13.2,10.0,11.5,0.241,0.244,0.248,0.255,0.254,17.3,13.4,10.0,11.4
Solling (upland forest),2026-10-07 14:00:00,,,,,,,,,,0.226,0.228,0.233,0.239,0.235,16.9,13.7,10.3,11.5,0.24,0.242,0.247,0.254,0.254,16.8,13.8,10.3,11.4
Solling (upland forest),2026-10-07 15:00:00,,,,,,,,,,0.225,0.227,0.232,0.239,0.235,16.3,13.9,10.5,11.5,0.239,0.241,0.246,0.254,0.254,16.1,13.9,10.6,11.4
Solling (upland forest),2026-10-07 16:00:00,,,,,,,,,,0.224,0.227,0.231,0.239,0.235,15.7,13.7,10.7,11.5,0.238,0.24,0.245,0.254,0.254,15.0,13.7,10.8,11.4
Solling (upland forest),2026-10-07 17:00:00,,,,,,,,,,0.224,0.226,0.231,0.238,0.235,14.9,13.3,11.0,11.5,0.236,0.239,0.245,0.253,0.254,13.6,13.2,11.0,11.4
Solling (upland forest),2026-10-07 18:00:00,,,,,,,,,,0.225,0.227,0.231,0.238,0.235,14.3,12.9,11.1,11.5,0.239,0.241,0.245,0.253,0.254,12.7,12.8,11.2,11.4
Solling (upland forest),2026-10-07 19:00:00,,,,,,,,,,0.227,0.227,0.231,0.238,0.235,13.8,12.8,11.3,11.5,0.248,0.249,0.246,0.253,0.254,12.6,12.6,11.3,11.4
Solling (upland forest),2026-10-07 20:00:00,,,,,,,,,,0.231,0.228,0.231,0.238,0.235,13.4,12.7,11.3,11.5,0.261,0.259,0.248,0.253,0.254,12.8,12.4,11.4,11.4
Solling (upland forest),2026-10-07 21:00:00,,,,,,,,,,0.238,0.232,0.231,0.238,0.235,13.2,12.6,11.4,11.5,0.272,0.268,0.25,0.253,0.254,13.1,12.4,11.5,11.4
Solling (upland forest),2026-10-07 22:00:00,,,,,,,,,,0.252,0.242,0.232,0.238,0.235,13.1,12.6,11.5,11.5,0.279,0.274,0.253,0.253,0.254,13.2,12.4,11.6,11.4
Solling (upland forest),2026-10-07 23:00:00,,,,,,,,,,0.269,0.255,0.234,0.238,0.235,13.2,12.6,11.6,11.5,0.283,0.278,0.256,0.253,0.254,13.3,12.5,11.6,11.4
Solling (upland forest),2026-10-08 00:00:00,,,,,,,,,,0.282,0.264,0.235,0.238,0.235,13.3,12.6,11.6,11.5,0.287,0.281,0.26,0.253,0.254,13.2,12.5,11.7,11.4
Solling (upland forest),2026-10-08 01:00:00,,,,,,,,,,,,,,,,,,,0.29,0.284,0.265,0.253,0.254,12.4,12.3,11.7,11.4
Solling (upland forest),2026-10-08 02:00:00,,,,,,,,,,,,,,,,,,,0.291,0.287,0.271,0.254,0.254,11.4,11.9,11.7,11.4
Solling (upland forest),2026-10-08 03:00:00,,,,,,,,,,,,,,,,,,,0.292,0.288,0.275,0.254,0.254,10.6,11.6,11.7,11.4
Solling (upland forest),2026-10-08 04:00:00,,,,,,,,,,,,,,,,,,,0.292,0.287,0.276,0.255,0.254,10.5,11.4,11.7,11.4
Solling (upland forest),2026-10-08 05:00:00,,,,,,,,,,,,,,,,,,,0.291,0.284,0.276,0.255,0.254,10.5,11.2,11.7,11.4
Solling (upland forest),2026-10-08 06:00:00,,,,,,,,,,,,,,,,,,,0.294,0.286,0.278,0.256,0.254,10.5,11.1,11.6,11.4
Solling (upland forest),2026-10-08 07:00:00,,,,,,,,,,,,,,,,,,,0.304,0.296,0.284,0.257,0.254,10.0,10.8,11.6,11.4
Solling (upland forest),2026-10-08 08:00:00,,,,,,,,,,,,,,,,,,,0.316,0.309,0.292,0.258,0.255,9.3,10.6,11.5,11.4
Solling (upland forest),2026-10-08 09:00:00,,,,,,,,,,,,,,,,,,,0.323,0.318,0.298,0.259,0.255,8.8,10.4,11.4,11.4
Solling (upland forest),2026-10-08 10:00:00,,,,,,,,,,,,,,,,,,,0.319,0.317,0.301,0.261,0.255,8.7,10.2,11.3,11.4
Solling (upland forest),2026-10-08 11:00:00,,,,,,,,,,,,,,,,,,,0.31,0.31,0.302,0.262,0.255,8.9,10.0,11.3,11.4
Solling (upland forest),2026-10-08 12:00:00,,,,,,,,,,,,,,,,,,,0.302,0.304,0.302,0.264,0.255,9.1,10.0,11.2,11.4
Solling (upland forest),2026-10-08 13:00:00,,,,,,,,,,,,,,,,,,,0.297,0.3,0.3,0.265,0.255,9.4,10.0,11.1,11.4
Solling (upland forest),2026-10-08 14:00:00,,,,,,,,,,,,,,,,,,,0.293,0.295,0.297,0.266,0.255,9.9,10.2,11.0,11.4
Solling (upland forest),2026-10-08 15:00:00,,,,,,,,,,,,,,,,,,,0.29,0.292,0.294,0.267,0.255,9.9,10.2,11.0,11.4
Solling (upland forest),2026-10-08 16:00:00,,,,,,,,,,,,,,,,,,,0.288,0.289,0.292,0.268,0.255,9.2,10.1,10.9,11.4
Solling (upland forest),2026-10-08 17:00:00,,,,,,,,,,,,,,,,,,,0.286,0.288,0.29,0.268,0.255,8.1,9.8,10.9,11.4
Solling (upland forest),2026-10-08 18:00:00,,,,,,,,,,,,,,,,,,,0.285,0.286,0.288,0.269,0.255,7.3,9.5,10.8,11.4
Solling (upland forest),2026-10-08 19:00:00,,,,,,,,,,,,,,,,,,,0.283,0.285,0.286,0.27,0.255,7.0,9.3,10.7,11.4
Solling (upland forest),2026-10-08 20:00:00,,,,,,,,,,,,,,,,,,,0.282,0.283,0.284,0.27,0.255,7.0,9.1,10.6,11.4
Solling (upland forest),2026-10-08 21:00:00,,,,,,,,,,,,,,,,,,,0.28,0.282,0.283,0.271,0.255,7.0,8.9,10.5,11.4
Solling (upland forest),2026-10-08 22:00:00,,,,,,,,,,,,,,,,,,,0.278,0.281,0.282,0.271,0.255,6.9,8.7,10.4,11.4
Solling (upland forest),2026-10-08 23:00:00,,,,,,,,,,,,,,,,,,,0.277,0.279,0.281,0.271,0.255,6.7,8.5,10.3,11.4
Solling (upland forest),2026-10-09 00:00:00,,,,,,,,,,,,,,,,,,,0.276,0.278,0.28,0.271,0.255,6.5,8.3,10.2,11.4
Solling (upland forest),2026-10-09 01:00:00,,,,,,,,,,,,,,,,,,,0.276,0.277,0.279,0.271,0.255,6.4,8.2,10.1,11.4
Solling (upland forest),2026-10-09 02:00:00,,,,,,,,,,,,,,,,,,,0.276,0.277,0.278,0.272,0.256,6.4,8.1,10.0,11.3
Solling (upland forest),2026-10-09 03:00:00,,,,,,,,,,,,,,,,,,,0.276,0.276,0.277,0.272,0.256,6.3,8.0,9.9,11.3
Solling (upland forest),2026-10-09 04:00:00,,,,,,,,,,,,,,,,,,,0.275,0.275,0.277,0.272,0.256,6.1,7.8,9.8,11.3
Solling (upland forest),2026-10-09 05:00:00,,,,,,,,,,,,,,,,,,,0.274,0.275,0.276,0.272,0.256,5.9,7.7,9.6,11.3
Solling (upland forest),2026-10-09 06:00:00,,,,,,,,,,,,,,,,,,,0.273,0.274,0.276,0.272,0.256,5.9,7.6,9.5,11.3
Solling (upland forest),2026-10-09 07:00:00,,,,,,,,,,,,,,,,,,,0.272,0.273,0.275,0.272,0.256,6.4,7.7,9.4,11.3
Solling (upland forest),2026-10-09 08:00:00,,,,,,,,,,,,,,,,,,,0.271,0.273,0.275,0.272,0.256,7.2,7.8,9.4,11.2
Solling (upland forest),2026-10-09 09:00:00,,,,,,,,,,,,,,,,,,,0.27,0.272,0.274,0.272,0.256,8.1,8.0,9.3,11.2
Solling (upland forest),2026-10-09 10:00:00,,,,,,,,,,,,,,,,,,,0.269,0.271,0.273,0.272,0.256,9.1,8.4,9.3,11.2
Solling (upland forest),2026-10-09 11:00:00,,,,,,,,,,,,,,,,,,,0.267,0.269,0.273,0.272,0.256,10.1,8.8,9.3,11.2
Solling (upland forest),2026-10-09 12:00:00,,,,,,,,,,,,,,,,,,,0.266,0.268,0.272,0.272,0.256,10.7,9.2,9.3,11.2
Solling (upland forest),2026-10-09 13:00:00,,,,,,,,,,,,,,,,,,,0.265,0.267,0.271,0.272,0.256,10.5,9.4,9.3,11.2
Solling (upland forest),2026-10-09 14:00:00,,,,,,,,,,,,,,,,,,,0.263,0.266,0.27,0.271,0.256,9.8,9.6,9.4,11.2
Solling (upland forest),2026-10-09 15:00:00,,,,,,,,,,,,,,,,,,,0.263,0.265,0.269,0.271,0.256,9.0,9.5,9.5,11.2
Solling (upland forest),2026-10-09 16:00:00,,,,,,,,,,,,,,,,,,,0.264,0.264,0.268,0.271,0.256,8.1,9.3,9.5,11.2
Solling (upland forest),2026-10-09 17:00:00,,,,,,,,,,,,,,,,,,,0.267,0.264,0.268,0.27,0.257,7.1,8.9,9.5,11.1
Solling (upland forest),2026-10-09 18:00:00,,,,,,,,,,,,,,,,,,,0.271,0.267,0.268,0.27,0.257,6.5,8.6,9.5,11.1
Solling (upland forest),2026-10-09 19:00:00,,,,,,,,,,,,,,,,,,,0.28,0.276,0.27,0.27,0.257,6.4,8.3,9.5,11.1
Solling (upland forest),2026-10-09 20:00:00,,,,,,,,,,,,,,,,,,,0.29,0.287,0.273,0.27,0.257,6.7,8.1,9.4,11.1
Solling (upland forest),2026-10-09 21:00:00,,,,,,,,,,,,,,,,,,,0.296,0.294,0.276,0.27,0.257,7.0,8.0,9.4,11.1
Solling (upland forest),2026-10-09 22:00:00,,,,,,,,,,,,,,,,,,,0.293,0.292,0.278,0.27,0.257,7.4,8.1,9.3,11.1
Solling (upland forest),2026-10-09 23:00:00,,,,,,,,,,,,,,,,,,,0.286,0.286,0.279,0.271,0.257,7.9,8.2,9.3,11.0
Hannover centre (urban),2026-10-03 00:00:00,0.268,0.268,0.268,0.231,0.216,11.9,13.7,17.2,18.0,0.273,0.275,0.28,0.252,0.217,9.2,12.7,16.8,16.8,0.269,0.272,0.275,0.245,0.211,9.1,12.5,16.5,16.6
Hannover centre (urban),2026-10-03 01:00:00,0.267,0.268,0.267,0.231,0.216,12.1,13.5,16.9,18.0,0.272,0.275,0.279,0.252,0.217,10.0,12.4,16.5,16.8,0.269,0.271,0.274,0.245,0.211,9.2,12.1,16.3,16.6
Hannover centre (urban),2026-10-03 02:00:00,0.266,0.267,0.267,0.232,0.216,11.9,13.4,16.6,18.0,0.272,0.274,0.278,0.252,0.217,10.3,12.3,16.3,16.8,0.268,0.271,0.274,0.245,0.211,9.8,12.0,16.0,16.6
Hannover centre (urban),2026-10-03 03:00:00,0.269,0.27,0.266,0.243,0.218,10.7,12.4,16.2,17.9,0.271,0.273,0.277,0.252,0.217,10.4,11.9,16.1,16.8,0.268,0.27,0.273,0.245,0.211,10.1,12.0,15.8,16.6
Hannover centre (urban),2026-10-03 04:00:00,0.268,0.269,0.266,0.243,0.218,10.6,12.2,15.9,17.9,0.271,0.273,0.277,0.252,0.217,10.2,12.1,15.8,16.8,0.267,0.269,0.272,0.245,0.211,10.8,12.1,15.5,16.6
Hannover centre (urban),2026-10-03 05:00:00,0.267,0.267,0.266,0.243,0.218,10.7,12.1,15.6,17.9,0.27,0.272,0.276,0.252,0.217,10.0,12.0,15.6,16.8,0.267,0.269,0.272,0.245,0.211,10.5,12.1,15.3,16.6
Hannover centre (urban),2026-10-03 06:00:00,0.266,0.267,0.265,0.243,0.218,10.3,11.7,15.3,17.9,0.27,0.272,0.276,0.252,0.218,10.3,11.9,15.5,16.8,0.266,0.268,0.271,0.245,0.212,10.7,12.1,15.2,16.6
Hannover centre (urban),2026-10-03 07:00:00,0.265,0.266,0.265,0.243,0.218,11.7,11.9,15.1,17.8,0.269,0.271,0.275,0.252,0.218,11.8,12.1,15.3,16.8,0.266,0.268,0.27,0.245,0.212,12.1,12.3,15.0,16.6
Hannover centre (urban),2026-10-03 08:00:00,0.264,0.265,0.265,0.244,0.218,14.2,12.7,14.9,17.8,0.268,0.271,0.274,0.252,0.218,14.5,12.7,15.1,16.8,0.264,0.267,0.27,0.245,0.212,14.6,12.8,14.9,16.5
Hannover centre (urban),2026-10-03 09:00:00,0.262,0.264,0.264,0.244,0.218,16.8,14.1,14.8,17.8,0.267,0.27,0.274,0.252,0.218,18.2,13.9,15.1,16.8,0.263,0.266,0.269,0.245,0.212,18.5,14.0,14.8,16.5
Hannover centre (urban),2026-10-03 10:00:00,0.261,0.263,0.264,0.244,0.218,20.0,16.0,14.9,17.7,0.265,0.269,0.273,0.252,0.218,20.8,15.5,15.1,16.7,0.26,0.265,0.268,0.245,0.212,21.2,15.6,14.8,16.5
Hannover centre (urban),2026-10-03 11:00:00,0.259,0.261,0.263,0.244,0.218,22.0,17.8,15.2,17.7,0.263,0.267,0.272,0.252,0.218,22.6,17.1,15.2,16.7,0.257,0.263,0.267,0.245,0.212,22.3,17.2,15.0,16.5
Hannover centre (urban),2026-10-03 12:00:00,0.257,0.26,0.262,0.244,0.218,23.9,19.5,15.6,17.7,0.26,0.265,0.271,0.251,0.218,23.1,18.4,15.4,16.7,0.255,0.261,0.266,0.245,0.212,22.2,18.3,15.2,16.5
Hannover centre (urban),2026-10-03 13:00:00,0.254,0.258,0.262,0.244,0.218,23.4,20.5,16.1,17.6,0.258,0.264,0.27,0.251,0.218,23.5,19.2,15.6,16.7,0.252,0.259,0.265,0.245,0.212,22.5,19.0,15.4,16.5
Hannover centre (urban),2026-10-03 14:00:00,0.252,0.257,0.261,0.244,0.218,23.3,21.1,16.6,17.6,0.256,0.262,0.269,0.251,0.218,22.0,19.7,15.8,16.7,0.251,0.257,0.264,0.245,0.212,22.1,19.4,15.7,16.5
Hannover centre (urban),2026-10-03 15:00:00,0.251,0.255,0.26,0.244,0.218,20.9,20.8,17.0,17.6,0.256,0.261,0.268,0.251,0.218,20.4,19.6,16.1,16.7,0.249,0.256,0.263,0.245,0.212,20.5,19.5,16.0,16.5
Hannover centre (urban),2026-10-03 16:00:00,0.251,0.254,0.259,0.244,0.218,18.8,19.8,17.3,17.6,0.255,0.26,0.267,0.251,0.218,18.4,19.2,16.3,16.7,0.249,0.255,0.263,0.245,0.212,18.6,19.1,16.2,16.4
Hannover centre (urban),2026-10-03 17:00:00,0.251,0.254,0.259,0.244,0.218,16.6,18.5,17.5,17.6,0.256,0.259,0.267,0.251,0.218,15.8,18.3,16.5,16.7,0.25,0.254,0.262,0.245,0.212,15.3,18.2,16.3,16.4
Hannover centre (urban),2026-10-03 18:00:00,0.252,0.254,0.258,0.244,0.218,15.1,17.2,17.5,17.6,0.256,0.259,0.266,0.251,0.218,13.8,17.1,16.5,16.7,0.251,0.254,0.261,0.245,0.212,13.5,17.0,16.4,16.4
Hannover centre (urban),2026-10-03 19:00:00,0.252,0.254,0.258,0.244,0.218,14.1,16.2,17.5,17.6,0.257,0.259,0.265,0.251,0.218,12.1,16.0,16.6,16.7,0.252,0.254,0.26,0.245,0.212,12.4,15.8,16.4,16.4
Hannover centre (urban),2026-10-03 20:00:00,0.253,0.254,0.257,0.244,0.218,13.4,15.3,17.3,17.6,0.257,0.259,0.265,0.25,0.218,11.0,15.0,16.5,16.7,0.252,0.254,0.26,0.245,0.212,11.6,14.9,16.4,16.4
Hannover centre (urban),2026-10-03 21:00:00,0.253,0.254,0.257,0.244,0.218,12.8,14.7,17.1,17.6,0.257,0.259,0.264,0.25,0.218,10.2,14.1,16.4,16.7,0.252,0.254,0.259,0.245,0.212,10.6,14.1,16.2,16.4
Hannover centre (urban),2026-10-03 22:00:00,0.253,0.254,0.256,0.244,0.218,12.3,14.2,16.9,17.6,0.257,0.259,0.264,0.25,0.218,9.8,13.4,16.2,16.7,0.252,0.254,0.259,0.244,0.212,9.7,13.3,16.1,16.4
Hannover centre (urban),2026-10-03 23:00:00,0.253,0.254,0.256,0.244,0.218,11.8,13.7,16.6,17.6,0.257,0.259,0.264,0.25,0.218,9.3,12.8,16.0,16.7,0.252,0.254,0.259,0.244,0.212,9.2,12.7,15.9,16.4
Hannover centre (urban),2026-10-04 00:00:00,0.253,0.254,0.256,0.245,0.218,11.7,13.3,16.4,17.5,0.257,0.259,0.263,0.25,0.218,8.9,12.2,15.8,16.7,0.252,0.254,0.258,0.244,0.212,8.7,12.1,15.7,16.4
Hannover centre (urban),2026-10-04 01:00:00,0.253,0.254,0.255,0.245,0.218,11.3,13.0,16.1,17.5,0.257,0.259,0.263,0.25,0.218,8.9,11.8,15.6,16.6,0.252,0.254,0.258,0.244,0.212,8.5,11.6,15.4,16.4
Hannover centre (urban),2026-10-04 02:00:00,0.253,0.254,0.255,0.245,0.218,11.0,12.7,15.8,17.5,0.257,0.259,0.263,0.25,0.219,9.0,11.5,15.4,16.6,0.252,0.254,0.257,0.244,0.212,8.8,11.3,15.2,16.4
Hannover centre (urban),2026-10-04 03:00:00,0.253,0.253,0.255,0.245,0.218,11.0,12.4,15.6,17.5,0.257,0.259,0.262,0.25,0.219,8.9,11.4,15.2,16.6,0.252,0.254,0.257,0.244,0.212,8.6,11.2,15.0,16.4
Hannover centre (urban),2026-10-04 04:00:00,0.252,0.253,0.255,0.245,0.218,10.8,12.2,15.3,17.5,0.257,0.259,0.262,0.25,0.219,8.7,11.2,15.0,16.6,0.252,0.254,0.257,0.244,0.212,8.8,11.0,14.8,16.4
Hannover centre (urban),2026-10-04 05:00:00,0.252,0.253,0.254,0.245,0.218,10.8,12.0,15.1,17.4,0.257,0.258,0.262,0.25,0.219,8.7,11.1,14.8,16.6,0.252,0.254,0.257,0.244,0.212,8.3,10.9,14.5,16.4
Hannover centre (urban),2026-10-04 06:00:00,0.252,0.253,0.254,0.245,0.218,10.9,11.9,14.9,17.4,0.257,0.258,0.261,0.25,0.219,9.1,10.9,14.7,16.6,0.252,0.254,0.256,0.244,0.212,8.9,10.7,14.3,16.3
Hannover centre (urban),2026-10-04 07:00:00,0.252,0.253,0.254,0.245,0.218,12.4,12.2,14.7,17.4,0.256,0.258,0.261,0.249,0.219,11.9,11.2,14.5,16.6,0.252,0.253,0.256,0.244,0.212,11.0,10.9,14.2,16.3
Hannover centre (urban),2026-10-04 08:00:00,0.251,0.252,0.254,0.245,0.218,14.8,13.1,14.6,17.3,0.256,0.258,0.261,0.249,0.219,14.7,12.1,14.4,16.5,0.251,0.253,0.256,0.244,0.213,14.0,11.7,14.0,16.3
Hannover centre (urban),2026-10-04 09:00:00,0.25,0.252,0.253,0.245,0.218,17.3,14.3,14.6,17.3,0.254,0.257,0.261,0.249,0.219,17.7,13.3,14.3,16.5,0.25,0.253,0.255,0.244,0.213,17.4,13.0,14.0,16.3
Hannover centre (urban),2026-10-04 10:00:00,0.248,0.251,0.253,0.245,0.218,20.4,16.3,14.7,17.3,0.253,0.256,0.26,0.249,0.219,20.2,15.1,14.3,16.5,0.248,0.252,0.255,0.244,0.213,19.7,14.6,14.0,16.3
Hannover centre (urban),2026-10-04 11:00:00,0.246,0.25,0.253,0.245,0.219,23.2,18.2,15.0,17.2,0.25,0.255,0.26,0.249,0.219,22.1,16.8,14.5,16.5,0.245,0.25,0.254,0.244,0.213,22.0,16.2,14.1,16.2
Hannover centre (urban),2026-10-04 12:00:00,0.244,0.248,0.252,0.245,0.219,23.9,20.0,15.5,17.2,0.248,0.254,0.259,0.249,0.219,23.3,18.1,14.7,16.5,0.242,0.249,0.254,0.243,0.213,22.6,17.6,14.4,16.2
Hannover centre (urban),2026-10-04 13:00:00,0.242,0.247,0.252,0.245,0.219,23.4,20.8,16.0,17.2,0.246,0.252,0.258,0.248,0.219,23.2,19.2,15.0,16.5,0.239,0.247,0.253,0.243,0.213,22.9,18.6,14.6,16.2
Hannover centre (urban),2026-10-04 14:00:00,0.241,0.246,0.251,0.244,0.219,22.2,20.8,16.5,17.2,0.244,0.25,0.257,0.248,0.219,21.5,19.6,15.3,16.5,0.237,0.245,0.252,0.243,0.213,21.7,19.1,14.9,16.2
Hannover centre (urban),2026-10-04 15:00:00,0.24,0.244,0.25,0.244,0.219,21.1,20.5,16.9,17.2,0.243,0.249,0.257,0.248,0.219,19.7,19.3,15.6,16.5,0.236,0.244,0.252,0.243,0.213,19.9,19.0,15.2,16.2
Hannover centre (urban),2026-10-04 16:00:00,0.239,0.244,0.25,0.244,0.219,18.8,19.7,17.2,17.2,0.243,0.248,0.256,0.248,0.219,17.8,18.8,15.8,16.4,0.236,0.243,0.251,0.243,0.213,17.7,18.5,15.5,16.2
Hannover centre (urban),2026-10-04 17:00:00,0.24,0.243,0.249,0.244,0.219,16.4,18.4,17.4,17.2,0.244,0.248,0.256,0.248,0.219,15.0,17.8,16.0,16.4,0.237,0.242,0.25,0.243,0.213,14.8,17.6,15.7,16.2
Hannover centre (urban),2026-10-04 18:00:00,0.241,0.243,0.249,0.244,0.219,15.2,17.1,17.4,17.2,0.245,0.248,0.255,0.247,0.219,13.7,16.6,16.1,16.4,0.238,0.242,0.25,0.243,0.213,13.5,16.4,15.8,16.2
Hannover centre (urban),2026-10-04 19:00:00,0.242,0.243,0.249,0.244,0.219,14.6,16.2,17.3,17.2,0.245,0.248,0.255,0.247,0.219,12.3,15.6,16.1,16.4,0.239,0.242,0.25,0.243,0.213,12.2,15.4,15.8,16.2
Hannover centre (urban),2026-10-04 20:00:00,0.242,0.243,0.248,0.244,0.219,13.9,15.5,17.2,17.2,0.246,0.248,0.254,0.247,0.219,11.4,14.6,16.0,16.4,0.239,0.242,0.249,0.242,0.213,11.1,14.5,15.7,16.2
Hannover centre (urban),2026-10-04 21:00:00,0.242,0.244,0.248,0.244,0.219,13.3,15.0,17.0,17.2,0.246,0.248,0.254,0.247,0.219,10.8,13.9,15.9,16.4,0.24,0.242,0.249,0.242,0.213,10.6,13.6,15.6,16.2
Hannover centre (urban),2026-10-04 22:00:00,0.243,0.244,0.248,0.244,0.219,12.8,14.5,16.8,17.2,0.247,0.248,0.254,0.247,0.219,10.7,13.3,15.8,16.4,0.24,0.242,0.248,0.242,0.213,10.3,13.0,15.5,16.2
Hannover centre (urban),2026-10-04 23:00:00,0.243,0.244,0.248,0.244,0.219,12.3,14.0,16.6,17.2,0.247,0.249,0.253,0.247,0.219,10.1,12.9,15.6,16.4,0.241,0.243,0.248,0.242,0.213,9.7,12.6,15.3,16.1
Hannover centre (urban),2026-10-05 00:00:00,0.243,0.244,0.247,0.244,0.219,11.9,13.5,16.3,17.2,0.247,0.249,0.253,0.247,0.219,9.8,12.4,15.5,16.4,0.241,0.243,0.248,0.242,0.213,9.2,12.1,15.2,16.1
Hannover centre (urban),2026-10-05 01:00:00,0.243,0.244,0.247,0.244,0.219,11.5,13.2,16.1,17.2,0.247,0.249,0.253,0.247,0.219,9.7,12.1,15.3,16.4,0.241,0.243,0.248,0.242,0.213,9.1,11.7,15.0,16.1
Hannover centre (urban),2026-10-05 02:00:00,0.243,0.244,0.247,0.244,0.219,11.2,12.8,15.8,17.1,0.247,0.249,0.253,0.247,0.219,9.8,11.9,15.1,16.4,0.241,0.243,0.247,0.242,0.213,8.8,11.4,14.8,16.1
Hannover centre (urban),2026-10-05 03:00:00,0.243,0.244,0.247,0.244,0.219,11.1,12.5,15.6,17.1,0.247,0.249,0.253,0.247,0.219,9.5,11.8,15.0,16.4,0.241,0.243,0.247,0.242,0.213,8.8,11.2,14.6,16.1
Hannover centre (urban),2026-10-05 04:00:00,0.243,0.244,0.247,0.244,0.219,11.2,12.3,15.3,17.1,0.247,0.249,0.253,0.246,0.22,9.6,11.6,14.8,16.4,0.241,0.243,0.247,0.242,0.213,9.4,11.1,14.4,16.1
Hannover centre (urban),2026-10-05 05:00:00,0.243,0.244,0.246,0.244,0.219,11.3,12.3,15.1,17.1,0.247,0.249,0.252,0.246,0.22,9.9,11.5,14.6,16.3,0.241,0.243,0.247,0.242,0.213,9.4,11.1,14.2,16.1
Hannover centre (urban),2026-10-05 06:00:00,0.243,0.244,0.246,0.244,0.219,11.7,12.3,14.9,17.1,0.247,0.249,0.252,0.246,0.22,9.6,11.4,14.5,16.3,0.241,0.243,0.247,0.242,0.213,9.8,11.1,14.0,16.1
Hannover centre (urban),2026-10-05 07:00:00,,,,,,,,,,0.247,0.249,0.252,0.246,0.22,12.5,11.6,14.3,16.3,0.241,0.243,0.246,0.242,0.213,12.1,11.4,13.9,16.0
Hannover centre (urban),2026-10-05 08:00:00,,,,,,,,,,0.246,0.248,0.252,0.246,0.22,15.7,12.6,14.2,16.3,0.24,0.243,0.246,0.242,0.213,15.7,12.3,13.8,16.0
Hannover centre (urban),2026-10-05 09:00:00,,,,,,,,,,0.245,0.248,0.252,0.246,0.22,20.0,14.2,14.2,16.3,0.238,0.242,0.246,0.241,0.213,19.1,13.8,13.8,16.0
Hannover centre (urban),2026-10-05 10:00:00,,,,,,,,,,0.242,0.247,0.251,0.246,0.22,22.4,16.1,14.3,16.3,0.236,0.241,0.246,0.241,0.213,21.6,15.6,13.9,16.0
Hannover centre (urban),2026-10-05 11:00:00,,,,,,,,,,0.24,0.245,0.251,0.245,0.22,23.2,17.8,14.5,16.3,0.232,0.24,0.245,0.241,0.213,22.9,17.2,14.1,16.0
Hannover centre (urban),2026-10-05 12:00:00,,,,,,,,,,0.237,0.244,0.25,0.245,0.22,23.5,19.0,14.8,16.2,0.229,0.238,0.244,0.241,0.213,23.1,18.4,14.4,16.0
Hannover centre (urban),2026-10-05 13:00:00,,,,,,,,,,0.235,0.242,0.249,0.245,0.22,23.1,19.6,15.1,16.2,0.227,0.236,0.244,0.241,0.213,22.9,19.1,14.7,15.9
Hannover centre (urban),2026-10-05 14:00:00,,,,,,,,,,0.234,0.241,0.249,0.245,0.22,22.1,19.9,15.4,16.2,0.225,0.235,0.243,0.24,0.213,21.8,19.4,15.0,15.9
Hannover centre (urban),2026-10-05 15:00:00,,,,,,,,,,0.233,0.24,0.248,0.244,0.22,20.3,19.7,15.7,16.2,0.224,0.234,0.243,0.24,0.213,20.1,19.3,15.3,15.9
Hannover centre (urban),2026-10-05 16:00:00,,,,,,,,,,0.233,0.239,0.247,0.244,0.22,18.2,19.1,16.0,16.2,0.224,0.233,0.242,0.24,0.213,17.9,18.7,15.6,15.9
Hannover centre (urban),2026-10-05 17:00:00,,,,,,,,,,0.233,0.239,0.247,0.244,0.22,15.7,18.1,16.2,16.2,0.225,0.232,0.242,0.24,0.213,15.5,17.8,15.8,15.9
Hannover centre (urban),2026-10-05 18:00:00,,,,,,,,,,0.234,0.238,0.247,0.244,0.22,14.3,17.0,16.3,16.2,0.225,0.232,0.241,0.24,0.213,14.1,16.7,15.9,15.9
Hannover centre (urban),2026-10-05 19:00:00,,,,,,,,,,0.235,0.238,0.246,0.244,0.22,13.4,16.1,16.3,16.2,0.226,0.232,0.241,0.24,0.213,13.3,15.8,15.9,15.9
Hannover centre (urban),2026-10-05 20:00:00,,,,,,,,,,0.235,0.239,0.246,0.244,0.22,12.3,15.2,16.2,16.2,0.227,0.232,0.241,0.24,0.213,12.0,15.0,15.8,15.9
Hannover centre (urban),2026-10-05 21:00:00,,,,,,,,,,0.236,0.239,0.246,0.244,0.22,11.8,14.5,16.1,16.2,0.228,0.232,0.24,0.24,0.213,11.5,14.2,15.8,15.9
Hannover centre (urban),2026-10-05 22:00:00,,,,,,,,,,0.236,0.239,0.245,0.244,0.22,10.9,13.9,16.0,16.2,0.229,0.232,0.24,0.239,0.213,10.7,13.6,15.7,15.9
Hannover centre (urban),2026-10-05 23:00:00,,,,,,,,,,0.237,0.239,0.245,0.243,0.22,10.3,13.2,15.9,16.2,0.229,0.232,0.24,0.239,0.213,10.1,13.0,15.5,15.9
Hannover centre (urban),2026-10-06 00:00:00,,,,,,,,,,0.237,0.239,0.245,0.243,0.22,9.9,12.7,15.7,16.2,0.23,0.232,0.24,0.239,0.213,9.7,12.5,15.3,15.9
Hannover centre (urban),2026-10-06 01:00:00,,,,,,,,,,0.238,0.239,0.245,0.243,0.22,9.5,12.3,15.5,16.2,0.23,0.232,0.239,0.239,0.213,9.3,12.1,15.2,15.9
Hannover centre (urban),2026-10-06 02:00:00,,,,,,,,,,0.238,0.24,0.245,0.243,0.22,9.1,11.9,15.3,16.2,0.23,0.232,0.239,0.239,0.213,9.0,11.7,15.0,15.9
Hannover centre (urban),2026-10-06 03:00:00,,,,,,,,,,0.238,0.24,0.245,0.243,0.22,8.7,11.5,15.1,16.2,0.231,0.232,0.239,0.239,0.213,8.6,11.4,14.8,15.9
Hannover centre (urban),2026-10-06 04:00:00,,,,,,,,,,0.238,0.24,0.244,0.243,0.22,8.3,11.2,14.9,16.2,0.231,0.233,0.239,0.239,0.213,8.3,11.1,14.6,15.9
Hannover centre (urban),2026-10-06 05:00:00,,,,,,,,,,0.238,0.24,0.244,0.243,0.22,8.2,10.9,14.7,16.2,0.231,0.233,0.239,0.239,0.214,8.1,10.8,14.4,15.9
Hannover centre (urban),2026-10-06 06:00:00,,,,,,,,,,0.239,0.24,0.244,0.243,0.22,8.5,10.7,14.5,16.2,0.231,0.233,0.238,0.239,0.214,8.4,10.6,14.2,15.9
Hannover centre (urban),2026-10-06 07:00:00,,,,,,,,,,0.238,0.24,0.244,0.243,0.22,11.7,11.4,14.3,16.2,0.231,0.233,0.238,0.239,0.214,11.5,11.2,14.0,15.9
Hannover centre (urban),2026-10-06 08:00:00,,,,,,,,,,0.237,0.24,0.244,0.242,0.22,16.2,12.6,14.2,16.1,0.23,0.233,0.238,0.239,0.214,15.8,12.4,13.9,15.8
Hannover centre (urban),2026-10-06 09:00:00,,,,,,,,,,0.236,0.24,0.244,0.242,0.22,20.0,14.0,14.1,16.1,0.229,0.233,0.238,0.239,0.214,19.4,13.7,13.8,15.8
Hannover centre (urban),2026-10-06 10:00:00,,,,,,,,,,0.234,0.239,0.243,0.242,0.22,22.4,15.7,14.2,16.1,0.226,0.232,0.238,0.239,0.214,21.7,15.3,13.9,15.8
Hannover centre (urban),2026-10-06 11:00:00,,,,,,,,,,0.231,0.237,0.243,0.242,0.22,24.0,17.7,14.5,16.1,0.223,0.23,0.237,0.238,0.214,23.4,17.2,14.1,15.8
Hannover centre (urban),2026-10-06 12:00:00,,,,,,,,,,0.229,0.236,0.242,0.242,0.22,24.8,19.3,14.7,16.1,0.22,0.229,0.237,0.238,0.214,24.1,18.7,14.4,15.8
Hannover centre (urban),2026-10-06 13:00:00,,,,,,,,,,0.227,0.235,0.242,0.242,0.22,24.4,20.2,15.1,16.1,0.217,0.228,0.236,0.238,0.214,23.9,19.5,14.7,15.8
Hannover centre (urban),2026-10-06 14:00:00,,,,,,,,,,0.225,0.233,0.241,0.241,0.22,23.2,20.6,15.4,16.1,0.215,0.226,0.236,0.237,0.214,22.7,20.0,15.1,15.7
Hannover centre (urban),2026-10-06 15:00:00,,,,,,,,,,0.224,0.232,0.241,0.241,0.22,21.4,20.5,15.8,16.1,0.214,0.225,0.235,0.237,0.214,21.0,19.9,15.4,15.7
Hannover centre (urban),2026-10-06 16:00:00,,,,,,,,,,0.224,0.231,0.241,0.241,0.22,18.6,19.6,16.0,16.1,0.214,0.224,0.235,0.237,0.214,18.3,19.0,15.7,15.7
Hannover centre (urban),2026-10-06 17:00:00,,,,,,,,,,0.226,0.231,0.24,0.24,0.22,15.3,18.2,16.2,16.1,0.216,0.224,0.234,0.237,0.214,15.0,17.7,15.9,15.8
Hannover centre (urban),2026-10-06 18:00:00,,,,,,,,,,0.227,0.231,0.24,0.24,0.22,12.6,16.8,16.3,16.1,0.217,0.224,0.234,0.237,0.214,12.3,16.4,16.0,15.8
Hannover centre (urban),2026-10-06 19:00:00,,,,,,,,,,0.228,0.231,0.24,0.24,0.22,11.2,15.6,16.3,16.1,0.218,0.224,0.234,0.237,0.214,10.8,15.2,16.0,15.8
Hannover centre (urban),2026-10-06 20:00:00,,,,,,,,,,0.228,0.232,0.239,0.24,0.22,10.5,14.4,16.2,16.1,0.219,0.224,0.233,0.237,0.214,10.0,14.1,15.8,15.8
Hannover centre (urban),2026-10-06 21:00:00,,,,,,,,,,0.229,0.232,0.239,0.24,0.22,9.9,13.4,16.0,16.1,0.22,0.224,0.233,0.237,0.214,9.4,13.1,15.7,15.8
Hannover centre (urban),2026-10-06 22:00:00,,,,,,,,,,0.229,0.232,0.239,0.24,0.22,9.4,12.7,15.9,16.1,0.22,0.224,0.233,0.237,0.214,8.7,12.4,15.5,15.8
Hannover centre (urban),2026-10-06 23:00:00,,,,,,,,,,0.23,0.232,0.238,0.24,0.22,9.0,12.3,15.6,16.1,0.221,0.224,0.233,0.236,0.214,8.2,11.8,15.3,15.7
Hannover centre (urban),2026-10-07 00:00:00,,,,,,,,,,0.23,0.232,0.238,0.24,0.22,8.7,11.8,15.4,16.1,0.221,0.224,0.233,0.236,0.214,7.8,11.3,15.0,15.7
Hannover centre (urban),2026-10-07 01:00:00,,,,,,,,,,0.23,0.232,0.238,0.24,0.22,8.4,11.4,15.2,16.1,0.222,0.224,0.233,0.236,0.214,7.4,10.8,14.8,15.7
Hannover centre (urban),2026-10-07 02:00:00,,,,,,,,,,0.231,0.233,0.238,0.24,0.22,8.2,11.0,15.0,16.0,0.222,0.225,0.232,0.236,0.214,7.2,10.4,14.5,15.7
Hannover centre (urban),2026-10-07 03:00:00,,,,,,,,,,0.231,0.233,0.238,0.24,0.22,8.1,10.8,14.7,16.0,0.223,0.225,0.232,0.236,0.214,7.0,10.0,14.3,15.7
Hannover centre (urban),2026-10-07 04:00:00,,,,,,,,,,0.231,0.233,0.238,0.24,0.22,8.0,10.5,14.5,16.0,0.223,0.225,0.232,0.236,0.214,6.7,9.7,14.0,15.7
Hannover centre (urban),2026-10-07 05:00:00,,,,,,,,,,0.231,0.233,0.238,0.239,0.221,8.0,10.3,14.3,16.0,0.223,0.225,0.232,0.236,0.214,6.5,9.4,13.8,15.7
Hannover centre (urban),2026-10-07 06:00:00,,,,,,,,,,0.231,0.233,0.238,0.239,0.221,9.0,10.5,14.1,16.0,0.223,0.225,0.232,0.236,0.214,7.5,9.6,13.6,15.7
Hannover centre (urban),2026-10-07 07:00:00,,,,,,,,,,0.231,0.233,0.238,0.239,0.221,11.8,11.1,13.9,16.0,0.223,0.225,0.232,0.236,0.214,10.5,10.3,13.4,15.7
Hannover centre (urban),2026-10-07 08:00:00,,,,,,,,,,0.23,0.233,0.237,0.239,0.221,15.6,12.1,13.8,16.0,0.222,0.225,0.232,0.236,0.214,14.7,11.5,13.3,15.6
Hannover centre (urban),2026-10-07 09:00:00,,,,,,,,,,0.229,0.233,0.237,0.239,0.221,18.9,13.4,13.8,16.0,0.221,0.225,0.232,0.236,0.214,18.4,12.9,13.2,15.6
Hannover centre (urban),2026-10-07 10:00:00,,,,,,,,,,0.227,0.232,0.237,0.239,0.221,21.6,15.2,13.9,16.0,0.218,0.224,0.231,0.236,0.214,21.2,14.7,13.3,15.6
Hannover centre (urban),2026-10-07 11:00:00,,,,,,,,,,0.224,0.23,0.236,0.238,0.221,23.9,17.2,14.1,15.9,0.215,0.223,0.231,0.235,0.214,23.5,16.7,13.6,15.6
Hannover centre (urban),2026-10-07 12:00:00,,,,,,,,,,0.222,0.229,0.236,0.238,0.221,25.2,18.8,14.3,15.9,0.212,0.222,0.23,0.235,0.214,24.7,18.3,13.8,15.6
Hannover centre (urban),2026-10-07 13:00:00,,,,,,,,,,0.22,0.228,0.236,0.238,0.221,24.9,19.8,14.7,15.9,0.209,0.221,0.23,0.235,0.214,24.4,19.3,14.2,15.6
Hannover centre (urban),2026-10-07 14:00:00,,,,,,,,,,0.217,0.226,0.235,0.237,0.22,23.5,20.4,15.1,15.9,0.207,0.219,0.229,0.234,0.214,23.0,19.8,14.6,15.5
Hannover centre (urban),2026-10-07 15:00:00,,,,,,,,,,0.216,0.225,0.235,0.237,0.22,21.9,20.5,15.4,15.9,0.205,0.218,0.229,0.234,0.214,21.4,19.9,14.9,15.5
Hannover centre (urban),2026-10-07 16:00:00,,,,,,,,,,0.215,0.224,0.235,0.237,0.22,20.1,20.0,15.7,15.9,0.203,0.217,0.229,0.234,0.214,19.5,19.3,15.2,15.5
Hannover centre (urban),2026-10-07 17:00:00,,,,,,,,,,0.216,0.224,0.234,0.237,0.22,18.1,18.9,15.9,15.9,0.202,0.216,0.228,0.234,0.214,17.3,18.2,15.4,15.5
Hannover centre (urban),2026-10-07 18:00:00,,,,,,,,,,0.217,0.224,0.234,0.237,0.22,16.6,18.0,16.1,15.9,0.205,0.216,0.228,0.234,0.214,15.7,17.3,15.6,15.5
Hannover centre (urban),2026-10-07 19:00:00,,,,,,,,,,0.22,0.224,0.234,0.237,0.22,15.9,17.4,16.2,15.9,0.216,0.217,0.227,0.234,0.214,15.1,16.7,15.7,15.5
Hannover centre (urban),2026-10-07 20:00:00,,,,,,,,,,0.223,0.223,0.233,0.237,0.221,15.7,17.0,16.3,15.9,0.232,0.218,0.227,0.234,0.214,15.1,16.3,15.8,15.5
Hannover centre (urban),2026-10-07 21:00:00,,,,,,,,,,0.229,0.225,0.233,0.237,0.221,15.7,16.6,16.3,15.9,0.246,0.223,0.227,0.234,0.214,15.2,16.0,15.8,15.5
Hannover centre (urban),2026-10-07 22:00:00,,,,,,,,,,0.239,0.231,0.233,0.237,0.221,15.6,16.3,16.3,15.9,0.259,0.235,0.228,0.234,0.214,15.4,15.8,15.8,15.5
Hannover centre (urban),2026-10-07 23:00:00,,,,,,,,,,0.251,0.238,0.234,0.237,0.221,15.7,16.1,16.3,15.9,0.27,0.25,0.229,0.233,0.214,15.7,15.7,15.7,15.6
Hannover centre (urban),2026-10-08 00:00:00,,,,,,,,,,0.259,0.244,0.234,0.237,0.221,15.8,15.9,16.3,15.9,0.277,0.261,0.231,0.233,0.214,15.7,15.5,15.7,15.6
Hannover centre (urban),2026-10-08 01:00:00,,,,,,,,,,,,,,,,,,,0.277,0.265,0.233,0.233,0.214,15.2,15.3,15.7,15.6
Hannover centre (urban),2026-10-08 02:00:00,,,,,,,,,,,,,,,,,,,0.272,0.264,0.236,0.233,0.214,14.4,15.1,15.7,15.6
Hannover centre (urban),2026-10-08 03:00:00,,,,,,,,,,,,,,,,,,,0.268,0.263,0.238,0.233,0.214,13.8,14.9,15.7,15.6
Hannover centre (urban),2026-10-08 04:00:00,,,,,,,,,,,,,,,,,,,0.265,0.262,0.239,0.233,0.214,13.5,14.7,15.6,15.6
Hannover centre (urban),2026-10-08 05:00:00,,,,,,,,,,,,,,,,,,,0.263,0.26,0.24,0.234,0.214,13.4,14.6,15.6,15.6
Hannover centre (urban),2026-10-08 06:00:00,,,,,,,,,,,,,,,,,,,0.261,0.258,0.241,0.234,0.214,13.2,14.4,15.5,15.6
Hannover centre (urban),2026-10-08 07:00:00,,,,,,,,,,,,,,,,,,,0.26,0.257,0.242,0.234,0.214,12.8,14.1,15.4,15.6
Hannover centre (urban),2026-10-08 08:00:00,,,,,,,,,,,,,,,,,,,0.26,0.257,0.242,0.234,0.214,12.5,13.8,15.3,15.6
Hannover centre (urban),2026-10-08 09:00:00,,,,,,,,,,,,,,,,,,,0.259,0.257,0.243,0.234,0.214,12.3,13.6,15.2,15.6
Hannover centre (urban),2026-10-08 10:00:00,,,,,,,,,,,,,,,,,,,0.257,0.256,0.243,0.234,0.214,12.6,13.6,15.1,15.6
Hannover centre (urban),2026-10-08 11:00:00,,,,,,,,,,,,,,,,,,,0.254,0.255,0.244,0.234,0.214,13.2,13.6,15.0,15.5
Hannover centre (urban),2026-10-08 12:00:00,,,,,,,,,,,,,,,,,,,0.251,0.253,0.244,0.234,0.214,13.7,13.8,14.9,15.5
Hannover centre (urban),2026-10-08 13:00:00,,,,,,,,,,,,,,,,,,,0.249,0.251,0.244,0.234,0.214,14.0,14.1,14.9,15.5
Hannover centre (urban),2026-10-08 14:00:00,,,,,,,,,,,,,,,,,,,0.247,0.25,0.244,0.234,0.214,14.3,14.4,14.9,15.5
Hannover centre (urban),2026-10-08 15:00:00,,,,,,,,,,,,,,,,,,,0.245,0.248,0.244,0.234,0.214,14.0,14.5,14.9,15.5
Hannover centre (urban),2026-10-08 16:00:00,,,,,,,,,,,,,,,,,,,0.244,0.247,0.244,0.234,0.214,12.9,14.2,14.8,15.5
Hannover centre (urban),2026-10-08 17:00:00,,,,,,,,,,,,,,,,,,,0.243,0.246,0.243,0.234,0.214,11.3,13.6,14.8,15.5
Hannover centre (urban),2026-10-08 18:00:00,,,,,,,,,,,,,,,,,,,0.242,0.245,0.243,0.234,0.214,10.1,13.0,14.7,15.5
Hannover centre (urban),2026-10-08 19:00:00,,,,,,,,,,,,,,,,,,,0.242,0.244,0.243,0.234,0.214,9.4,12.5,14.6,15.5
Hannover centre (urban),2026-10-08 20:00:00,,,,,,,,,,,,,,,,,,,0.241,0.244,0.243,0.234,0.214,9.1,11.9,14.5,15.5
Hannover centre (urban),2026-10-08 21:00:00,,,,,,,,,,,,,,,,,,,0.241,0.243,0.243,0.234,0.214,8.9,11.5,14.3,15.5
Hannover centre (urban),2026-10-08 22:00:00,,,,,,,,,,,,,,,,,,,0.241,0.243,0.243,0.234,0.214,8.8,11.2,14.2,15.5
Hannover centre (urban),2026-10-08 23:00:00,,,,,,,,,,,,,,,,,,,0.24,0.242,0.242,0.234,0.214,8.8,11.0,14.0,15.5
Hannover centre (urban),2026-10-09 00:00:00,,,,,,,,,,,,,,,,,,,0.24,0.242,0.242,0.234,0.214,8.8,10.8,13.8,15.5
Hannover centre (urban),2026-10-09 01:00:00,,,,,,,,,,,,,,,,,,,0.24,0.242,0.242,0.234,0.214,8.7,10.6,13.7,15.5
Hannover centre (urban),2026-10-09 02:00:00,,,,,,,,,,,,,,,,,,,0.24,0.241,0.242,0.234,0.214,8.6,10.5,13.5,15.4
Hannover centre (urban),2026-10-09 03:00:00,,,,,,,,,,,,,,,,,,,0.24,0.241,0.242,0.234,0.214,8.5,10.3,13.3,15.4
Hannover centre (urban),2026-10-09 04:00:00,,,,,,,,,,,,,,,,,,,0.24,0.241,0.242,0.234,0.214,8.2,10.2,13.2,15.4
Hannover centre (urban),2026-10-09 05:00:00,,,,,,,,,,,,,,,,,,,0.24,0.24,0.241,0.234,0.214,7.9,10.0,13.0,15.4
Hannover centre (urban),2026-10-09 06:00:00,,,,,,,,,,,,,,,,,,,0.239,0.24,0.241,0.234,0.214,8.2,10.0,12.9,15.4
Hannover centre (urban),2026-10-09 07:00:00,,,,,,,,,,,,,,,,,,,0.238,0.24,0.241,0.234,0.214,9.7,10.3,12.7,15.4
Hannover centre (urban),2026-10-09 08:00:00,,,,,,,,,,,,,,,,,,,0.237,0.239,0.241,0.234,0.214,11.8,10.7,12.6,15.3
Hannover centre (urban),2026-10-09 09:00:00,,,,,,,,,,,,,,,,,,,0.236,0.239,0.241,0.234,0.214,13.5,11.3,12.6,15.3
Hannover centre (urban),2026-10-09 10:00:00,,,,,,,,,,,,,,,,,,,0.234,0.238,0.241,0.234,0.214,14.6,12.2,12.6,15.3
Hannover centre (urban),2026-10-09 11:00:00,,,,,,,,,,,,,,,,,,,0.232,0.237,0.24,0.234,0.214,15.4,13.2,12.7,15.3
Hannover centre (urban),2026-10-09 12:00:00,,,,,,,,,,,,,,,,,,,0.23,0.236,0.24,0.234,0.214,15.6,13.9,12.8,15.3
Hannover centre (urban),2026-10-09 13:00:00,,,,,,,,,,,,,,,,,,,0.228,0.235,0.239,0.234,0.214,14.9,14.1,12.9,15.3
Hannover centre (urban),2026-10-09 14:00:00,,,,,,,,,,,,,,,,,,,0.225,0.234,0.239,0.234,0.214,13.7,14.0,13.1,15.2
Hannover centre (urban),2026-10-09 15:00:00,,,,,,,,,,,,,,,,,,,0.226,0.233,0.238,0.234,0.214,12.5,13.7,13.2,15.2
Hannover centre (urban),2026-10-09 16:00:00,,,,,,,,,,,,,,,,,,,0.231,0.232,0.238,0.234,0.214,11.5,13.2,13.2,15.2
Hannover centre (urban),2026-10-09 17:00:00,,,,,,,,,,,,,,,,,,,0.238,0.231,0.237,0.234,0.214,10.5,12.6,13.2,15.2
Hannover centre (urban),2026-10-09 18:00:00,,,,,,,,,,,,,,,,,,,0.249,0.236,0.238,0.234,0.214,9.8,12.0,13.2,15.2
Hannover centre (urban),2026-10-09 19:00:00,,,,,,,,,,,,,,,,,,,0.268,0.253,0.239,0.234,0.214,9.6,11.6,13.2,15.2
Hannover centre (urban),2026-10-09 20:00:00,,,,,,,,,,,,,,,,,,,0.29,0.275,0.241,0.234,0.215,9.6,11.2,13.1,15.1
Hannover centre (urban),2026-10-09 21:00:00,,,,,,,,,,,,,,,,,,,0.303,0.29,0.244,0.234,0.215,9.7,11.0,13.0,15.1
Hannover centre (urban),2026-10-09 22:00:00,,,,,,,,,,,,,,,,,,,0.3,0.29,0.247,0.234,0.215,9.9,11.0,12.9,15.1
Hannover centre (urban),2026-10-09 23:00:00,,,,,,,,,,,,,,,,,,,0.288,0.283,0.251,0.234,0.215,10.2,11.1,12.9,15.1
Hamburg,2026-10-03 00:00:00,0.363,0.364,0.364,0.354,0.343,13.2,13.2,16.5,16.7,0.201,0.202,0.204,0.205,0.178,9.7,12.2,16.3,16.3,0.35,0.351,0.352,0.32,0.306,9.4,12.4,16.1,15.4
Hamburg,2026-10-03 01:00:00,0.363,0.363,0.364,0.354,0.343,12.9,13.0,16.3,16.7,0.2,0.201,0.203,0.204,0.178,10.3,12.1,16.0,16.3,0.349,0.35,0.351,0.32,0.306,10.2,12.2,15.9,15.4
Hamburg,2026-10-03 02:00:00,0.363,0.363,0.363,0.354,0.343,13.0,12.8,16.0,16.6,0.2,0.201,0.202,0.204,0.179,10.2,12.0,15.8,16.3,0.348,0.349,0.35,0.32,0.306,10.2,12.1,15.8,15.4
Hamburg,2026-10-03 03:00:00,0.364,0.364,0.364,0.356,0.343,12.6,12.3,15.7,16.6,0.199,0.2,0.202,0.204,0.179,9.9,11.5,15.5,16.3,0.347,0.348,0.349,0.32,0.306,10.2,12.0,15.6,15.4
Hamburg,2026-10-03 04:00:00,0.363,0.363,0.364,0.356,0.343,12.6,12.2,15.5,16.6,0.199,0.199,0.201,0.203,0.179,9.8,11.6,15.3,16.3,0.346,0.347,0.348,0.321,0.306,10.1,11.9,15.5,15.4
Hamburg,2026-10-03 05:00:00,0.363,0.363,0.364,0.356,0.344,12.6,12.1,15.2,16.6,0.198,0.199,0.201,0.203,0.179,9.3,11.5,15.1,16.3,0.345,0.346,0.348,0.321,0.307,9.8,11.9,15.4,15.4
Hamburg,2026-10-03 06:00:00,0.363,0.363,0.364,0.356,0.344,12.8,12.2,15.0,16.6,0.198,0.198,0.2,0.202,0.18,9.8,11.3,14.9,16.2,0.345,0.346,0.347,0.321,0.307,9.9,11.8,15.2,15.4
Hamburg,2026-10-03 07:00:00,0.362,0.363,0.363,0.356,0.344,13.5,12.3,14.8,16.6,0.197,0.198,0.2,0.202,0.18,11.4,11.5,14.8,16.2,0.344,0.345,0.346,0.321,0.307,11.4,11.7,15.1,15.4
Hamburg,2026-10-03 08:00:00,0.362,0.363,0.363,0.356,0.344,14.8,12.8,14.7,16.6,0.196,0.197,0.199,0.202,0.18,14.4,12.2,14.6,16.2,0.343,0.344,0.345,0.321,0.307,13.6,12.0,15.0,15.4
Hamburg,2026-10-03 09:00:00,0.362,0.362,0.363,0.357,0.344,16.6,14.0,14.6,16.5,0.196,0.197,0.199,0.201,0.18,16.5,13.4,14.6,16.1,0.342,0.343,0.345,0.321,0.307,15.7,12.5,14.9,15.4
Hamburg,2026-10-03 10:00:00,0.361,0.362,0.363,0.357,0.344,17.9,15.4,14.7,16.5,0.195,0.196,0.198,0.201,0.18,19.0,14.8,14.6,16.1,0.34,0.342,0.344,0.321,0.307,17.4,13.3,14.8,15.4
Hamburg,2026-10-03 11:00:00,0.361,0.361,0.362,0.357,0.344,19.5,16.8,14.9,16.5,0.194,0.195,0.197,0.2,0.181,21.8,16.3,14.8,16.1,0.338,0.341,0.343,0.321,0.307,20.3,14.3,14.8,15.4
Hamburg,2026-10-03 12:00:00,0.36,0.361,0.362,0.357,0.344,20.5,18.4,15.1,16.5,0.193,0.194,0.197,0.2,0.181,22.7,17.7,15.0,16.1,0.337,0.339,0.342,0.321,0.307,21.2,15.4,14.8,15.4
Hamburg,2026-10-03 13:00:00,0.359,0.36,0.361,0.356,0.344,19.8,19.1,15.5,16.5,0.192,0.193,0.196,0.199,0.181,22.1,18.6,15.2,16.0,0.335,0.337,0.34,0.321,0.307,21.6,16.4,14.9,15.4
Hamburg,2026-10-03 14:00:00,0.359,0.359,0.361,0.356,0.344,19.4,19.3,15.8,16.5,0.191,0.192,0.195,0.199,0.181,20.8,18.8,15.4,16.0,0.333,0.336,0.339,0.321,0.307,19.6,17.1,14.9,15.4
Hamburg,2026-10-03 15:00:00,0.358,0.359,0.36,0.356,0.344,18.6,19.0,16.1,16.4,0.191,0.192,0.194,0.198,0.181,19.3,18.5,15.5,16.0,0.332,0.335,0.338,0.321,0.307,18.3,17.3,15.0,15.4
Hamburg,2026-10-03 16:00:00,0.358,0.359,0.36,0.356,0.345,17.3,18.4,16.3,16.4,0.19,0.191,0.194,0.198,0.181,17.3,17.9,15.6,16.0,0.332,0.334,0.337,0.321,0.307,16.5,17.2,15.1,15.4
Hamburg,2026-10-03 17:00:00,0.359,0.359,0.36,0.356,0.345,16.1,17.4,16.5,16.4,0.191,0.191,0.194,0.197,0.182,14.2,17.3,15.8,16.0,0.332,0.334,0.337,0.321,0.307,13.9,16.8,15.2,15.4
Hamburg,2026-10-03 18:00:00,0.359,0.359,0.36,0.356,0.345,15.3,16.4,16.5,16.4,0.191,0.191,0.193,0.197,0.182,12.5,16.0,15.8,16.0,0.332,0.334,0.336,0.321,0.307,12.4,16.1,15.2,15.4
Hamburg,2026-10-03 19:00:00,0.359,0.359,0.36,0.356,0.345,14.7,15.6,16.5,16.4,0.191,0.191,0.193,0.197,0.182,11.4,14.9,15.7,16.0,0.332,0.333,0.336,0.32,0.307,11.5,15.3,15.3,15.4
Hamburg,2026-10-03 20:00:00,0.359,0.359,0.36,0.356,0.345,14.3,14.9,16.4,16.4,0.191,0.191,0.193,0.196,0.182,10.7,14.0,15.7,16.0,0.332,0.333,0.335,0.32,0.308,10.5,14.5,15.2,15.3
Hamburg,2026-10-03 21:00:00,0.359,0.359,0.36,0.356,0.345,14.0,14.4,16.2,16.4,0.19,0.191,0.193,0.196,0.182,10.8,13.3,15.7,16.0,0.332,0.333,0.335,0.32,0.308,10.1,13.8,15.2,15.3
Hamburg,2026-10-03 22:00:00,0.359,0.359,0.36,0.357,0.345,13.9,14.0,16.1,16.4,0.19,0.191,0.193,0.196,0.182,10.7,12.9,15.6,16.0,0.332,0.333,0.334,0.32,0.308,9.8,13.2,15.1,15.3
Hamburg,2026-10-03 23:00:00,0.359,0.359,0.36,0.357,0.345,13.8,13.8,15.9,16.4,0.19,0.191,0.192,0.196,0.182,10.9,12.7,15.4,15.9,0.332,0.333,0.334,0.32,0.308,9.3,12.7,15.1,15.3
Hamburg,2026-10-04 00:00:00,0.359,0.359,0.36,0.357,0.345,13.6,13.5,15.7,16.4,0.19,0.191,0.192,0.195,0.183,11.1,12.5,15.3,15.9,0.331,0.332,0.334,0.32,0.308,9.1,12.2,15.0,15.3
Hamburg,2026-10-04 01:00:00,0.359,0.359,0.36,0.357,0.346,13.7,13.4,15.5,16.4,0.19,0.19,0.192,0.195,0.183,11.8,12.5,15.1,15.9,0.331,0.332,0.333,0.32,0.308,9.2,11.9,14.9,15.3
Hamburg,2026-10-04 02:00:00,0.359,0.359,0.36,0.357,0.346,13.6,13.3,15.4,16.4,0.19,0.19,0.192,0.195,0.183,12.1,12.5,15.0,15.9,0.331,0.332,0.333,0.32,0.308,9.4,11.6,14.8,15.3
Hamburg,2026-10-04 03:00:00,0.359,0.359,0.36,0.357,0.346,13.4,13.1,15.2,16.4,0.189,0.19,0.192,0.195,0.183,12.0,12.6,14.9,15.9,0.33,0.331,0.332,0.32,0.308,9.4,11.4,14.6,15.3
Hamburg,2026-10-04 04:00:00,0.359,0.359,0.36,0.357,0.346,13.2,12.9,15.1,16.4,0.189,0.19,0.191,0.194,0.183,11.6,12.6,14.8,15.9,0.33,0.331,0.332,0.32,0.308,9.3,11.3,14.5,15.3
Hamburg,2026-10-04 05:00:00,0.359,0.359,0.36,0.357,0.346,13.1,12.7,14.9,16.4,0.189,0.19,0.191,0.194,0.183,10.7,12.5,14.7,15.9,0.33,0.331,0.332,0.32,0.308,9.2,11.1,14.4,15.3
Hamburg,2026-10-04 06:00:00,0.359,0.359,0.36,0.357,0.346,13.0,12.5,14.8,16.3,0.189,0.189,0.191,0.194,0.183,10.3,12.1,14.6,15.9,0.33,0.33,0.332,0.32,0.308,9.9,11.0,14.3,15.3
Hamburg,2026-10-04 07:00:00,0.359,0.359,0.36,0.357,0.346,14.1,12.6,14.6,16.3,0.189,0.189,0.191,0.194,0.183,13.0,12.1,14.5,15.9,0.329,0.33,0.331,0.32,0.308,12.4,11.2,14.2,15.3
Hamburg,2026-10-04 08:00:00,0.358,0.359,0.36,0.357,0.346,15.7,13.4,14.5,16.3,0.188,0.189,0.191,0.193,0.183,16.2,13.0,14.4,15.9,0.328,0.33,0.331,0.32,0.308,14.9,11.7,14.1,15.3
Hamburg,2026-10-04 09:00:00,0.358,0.359,0.359,0.357,0.346,16.9,14.5,14.5,16.3,0.187,0.188,0.19,0.193,0.184,18.9,14.5,14.4,15.9,0.327,0.329,0.33,0.32,0.308,16.2,12.5,14.0,15.3
Hamburg,2026-10-04 10:00:00,0.358,0.358,0.359,0.357,0.346,18.4,15.7,14.6,16.3,0.188,0.189,0.19,0.193,0.184,16.0,14.2,14.2,15.8,0.326,0.328,0.33,0.32,0.308,16.7,13.3,14.0,15.3
Hamburg,2026-10-04 11:00:00,0.357,0.358,0.359,0.357,0.346,18.9,17.1,14.8,16.2,0.187,0.188,0.19,0.193,0.184,19.6,15.4,14.3,15.8,0.326,0.327,0.329,0.32,0.308,17.3,14.0,14.0,15.3
Hamburg,2026-10-04 12:00:00,0.357,0.357,0.359,0.357,0.347,19.7,18.1,15.1,16.2,0.187,0.188,0.19,0.193,0.184,19.5,16.4,14.5,15.8,0.325,0.326,0.329,0.32,0.308,17.6,14.6,14.0,15.3
Hamburg,2026-10-04 13:00:00,0.356,0.357,0.358,0.357,0.347,18.9,18.5,15.4,16.2,0.186,0.187,0.189,0.192,0.184,21.3,17.4,14.6,15.8,0.324,0.326,0.328,0.32,0.308,18.4,15.1,14.1,15.3
Hamburg,2026-10-04 14:00:00,0.356,0.357,0.358,0.357,0.347,18.4,18.4,15.7,16.2,0.185,0.186,0.188,0.192,0.184,20.3,18.0,14.6,15.8,0.322,0.325,0.328,0.32,0.308,19.4,15.6,14.2,15.3
Hamburg,2026-10-04 15:00:00,0.356,0.356,0.358,0.357,0.347,18.0,18.2,15.9,16.2,0.185,0.186,0.188,0.192,0.184,18.7,17.9,14.9,15.8,0.322,0.324,0.327,0.319,0.309,17.8,16.1,14.2,15.3
Hamburg,2026-10-04 16:00:00,0.356,0.356,0.358,0.357,0.347,16.9,17.7,16.1,16.2,0.185,0.185,0.188,0.192,0.184,16.5,17.2,15.2,15.8,0.321,0.323,0.327,0.319,0.309,15.8,16.1,14.3,15.3
Hamburg,2026-10-04 17:00:00,0.356,0.356,0.358,0.357,0.347,15.7,16.9,16.2,16.2,0.185,0.185,0.187,0.191,0.184,15.2,16.7,15.3,15.8,0.322,0.323,0.326,0.319,0.309,13.7,15.8,14.4,15.2
Hamburg,2026-10-04 18:00:00,0.356,0.356,0.358,0.357,0.347,14.9,15.9,16.2,16.2,0.185,0.186,0.187,0.191,0.184,14.1,15.9,15.4,15.8,0.322,0.323,0.326,0.319,0.309,13.4,15.3,14.4,15.2
Hamburg,2026-10-04 19:00:00,0.356,0.357,0.358,0.357,0.347,14.6,15.2,16.1,16.2,0.185,0.186,0.187,0.191,0.184,13.0,15.2,15.3,15.8,0.322,0.323,0.325,0.319,0.309,12.1,14.8,14.5,15.2
Hamburg,2026-10-04 20:00:00,0.356,0.357,0.358,0.357,0.347,13.9,14.5,16.0,16.2,0.185,0.186,0.187,0.191,0.184,12.2,14.5,15.2,15.8,0.322,0.323,0.325,0.319,0.309,10.9,14.2,14.5,15.2
Hamburg,2026-10-04 21:00:00,0.356,0.357,0.358,0.357,0.347,13.4,13.9,15.9,16.2,0.185,0.186,0.187,0.191,0.184,11.0,13.8,15.1,15.8,0.322,0.323,0.325,0.319,0.309,10.1,13.5,14.5,15.2
Hamburg,2026-10-04 22:00:00,0.357,0.357,0.358,0.357,0.347,12.9,13.3,15.7,16.2,0.185,0.186,0.187,0.19,0.185,10.0,13.0,15.0,15.8,0.322,0.323,0.325,0.319,0.309,9.5,12.9,14.4,15.2
Hamburg,2026-10-04 23:00:00,0.357,0.357,0.358,0.357,0.347,12.7,12.8,15.5,16.2,0.185,0.186,0.187,0.19,0.185,10.5,12.5,15.0,15.8,0.322,0.323,0.325,0.319,0.309,9.6,12.4,14.4,15.2
Hamburg,2026-10-05 00:00:00,0.357,0.357,0.358,0.357,0.348,12.5,12.4,15.3,16.2,0.185,0.186,0.187,0.19,0.185,10.9,12.3,14.9,15.8,0.322,0.323,0.324,0.319,0.309,9.6,12.0,14.3,15.2
Hamburg,2026-10-05 01:00:00,0.357,0.357,0.358,0.357,0.348,12.5,12.1,15.1,16.2,0.185,0.185,0.187,0.19,0.185,11.0,12.3,14.7,15.8,0.322,0.323,0.324,0.319,0.309,10.0,11.8,14.2,15.2
Hamburg,2026-10-05 02:00:00,0.357,0.357,0.358,0.357,0.348,12.6,12.0,14.8,16.1,0.185,0.185,0.187,0.19,0.185,11.2,12.1,14.6,15.8,0.322,0.322,0.324,0.319,0.309,10.6,11.6,14.1,15.2
Hamburg,2026-10-05 03:00:00,0.357,0.357,0.358,0.357,0.348,12.8,12.0,14.6,16.1,0.185,0.185,0.187,0.19,0.185,11.9,12.1,14.5,15.8,0.322,0.322,0.324,0.319,0.309,11.0,11.6,14.1,15.2
Hamburg,2026-10-05 04:00:00,0.357,0.357,0.358,0.357,0.348,13.0,12.1,14.5,16.1,0.185,0.185,0.187,0.19,0.185,12.2,12.3,14.4,15.8,0.321,0.322,0.324,0.319,0.309,11.5,11.7,14.0,15.2
Hamburg,2026-10-05 05:00:00,0.356,0.357,0.358,0.357,0.348,13.0,12.2,14.3,16.1,0.185,0.185,0.186,0.189,0.185,11.9,12.5,14.3,15.8,0.321,0.322,0.323,0.319,0.309,11.3,11.8,13.9,15.2
Hamburg,2026-10-05 06:00:00,0.356,0.357,0.358,0.357,0.348,13.0,12.1,14.2,16.1,0.184,0.185,0.186,0.189,0.185,11.7,12.3,14.2,15.7,0.321,0.322,0.323,0.319,0.309,11.4,11.8,13.9,15.2
Hamburg,2026-10-05 07:00:00,,,,,,,,,,0.184,0.185,0.186,0.189,0.185,13.7,12.6,14.2,15.7,0.321,0.322,0.323,0.319,0.309,13.3,12.0,13.8,15.2
Hamburg,2026-10-05 08:00:00,,,,,,,,,,0.184,0.184,0.186,0.189,0.185,16.2,13.5,14.1,15.7,0.32,0.321,0.323,0.319,0.309,15.5,12.4,13.8,15.2
Hamburg,2026-10-05 09:00:00,,,,,,,,,,0.183,0.184,0.186,0.189,0.185,18.9,14.6,14.2,15.7,0.319,0.32,0.322,0.318,0.309,18.1,13.2,13.7,15.2
Hamburg,2026-10-05 10:00:00,,,,,,,,,,0.183,0.183,0.185,0.189,0.185,20.2,16.0,14.3,15.7,0.317,0.32,0.322,0.318,0.309,19.8,14.1,13.8,15.1
Hamburg,2026-10-05 11:00:00,,,,,,,,,,0.182,0.183,0.185,0.189,0.185,20.7,17.0,14.4,15.7,0.316,0.319,0.321,0.318,0.309,19.6,15.0,13.8,15.1
Hamburg,2026-10-05 12:00:00,,,,,,,,,,0.181,0.182,0.185,0.188,0.185,22.1,17.9,14.6,15.7,0.315,0.317,0.321,0.318,0.309,20.3,15.8,13.9,15.1
Hamburg,2026-10-05 13:00:00,,,,,,,,,,0.18,0.182,0.184,0.188,0.185,22.1,18.8,14.9,15.7,0.313,0.316,0.32,0.318,0.309,20.7,16.5,14.0,15.1
Hamburg,2026-10-05 14:00:00,,,,,,,,,,0.18,0.181,0.183,0.188,0.185,20.8,18.9,15.3,15.7,0.312,0.315,0.32,0.317,0.309,19.2,17.0,14.1,15.1
Hamburg,2026-10-05 15:00:00,,,,,,,,,,0.18,0.181,0.183,0.188,0.185,19.1,18.5,15.6,15.7,0.311,0.314,0.319,0.317,0.309,18.4,17.1,14.2,15.1
Hamburg,2026-10-05 16:00:00,,,,,,,,,,0.18,0.181,0.183,0.187,0.185,17.6,18.0,15.8,15.7,0.311,0.314,0.319,0.317,0.309,16.6,17.0,14.3,15.1
Hamburg,2026-10-05 17:00:00,,,,,,,,,,0.18,0.181,0.183,0.187,0.185,15.1,17.3,15.9,15.7,0.312,0.314,0.318,0.317,0.309,14.4,16.6,14.4,15.1
Hamburg,2026-10-05 18:00:00,,,,,,,,,,0.18,0.181,0.183,0.187,0.185,13.9,16.3,15.9,15.7,0.313,0.314,0.318,0.317,0.309,13.3,16.0,14.5,15.1
Hamburg,2026-10-05 19:00:00,,,,,,,,,,0.18,0.181,0.183,0.187,0.185,13.4,15.5,15.9,15.7,0.313,0.314,0.318,0.317,0.309,12.8,15.3,14.6,15.1
Hamburg,2026-10-05 20:00:00,,,,,,,,,,0.181,0.181,0.183,0.187,0.185,13.2,15.0,15.8,15.7,0.313,0.314,0.318,0.317,0.309,12.6,14.8,14.6,15.1
Hamburg,2026-10-05 21:00:00,,,,,,,,,,0.181,0.181,0.183,0.187,0.185,12.8,14.5,15.6,15.7,0.313,0.314,0.317,0.317,0.309,12.3,14.3,14.6,15.1
Hamburg,2026-10-05 22:00:00,,,,,,,,,,0.181,0.181,0.183,0.187,0.185,12.4,14.2,15.5,15.7,0.314,0.314,0.317,0.317,0.309,12.2,13.9,14.6,15.1
Hamburg,2026-10-05 23:00:00,,,,,,,,,,0.181,0.181,0.183,0.186,0.186,11.9,13.8,15.3,15.7,0.314,0.315,0.317,0.317,0.309,12.0,13.6,14.6,15.1
Hamburg,2026-10-06 00:00:00,,,,,,,,,,0.181,0.181,0.183,0.186,0.186,11.6,13.4,15.2,15.7,0.314,0.315,0.317,0.317,0.309,11.7,13.4,14.5,15.1
Hamburg,2026-10-06 01:00:00,,,,,,,,,,0.181,0.181,0.183,0.186,0.186,11.5,13.1,15.1,15.7,0.314,0.315,0.317,0.317,0.309,11.4,13.1,14.5,15.1
Hamburg,2026-10-06 02:00:00,,,,,,,,,,0.181,0.181,0.183,0.186,0.186,11.3,12.9,15.0,15.7,0.314,0.315,0.317,0.316,0.309,11.3,12.9,14.4,15.1
Hamburg,2026-10-06 03:00:00,,,,,,,,,,0.181,0.181,0.183,0.186,0.186,11.2,12.7,14.9,15.7,0.314,0.315,0.317,0.316,0.31,11.1,12.7,14.4,15.1
Hamburg,2026-10-06 04:00:00,,,,,,,,,,0.181,0.181,0.183,0.186,0.186,11.2,12.5,14.7,15.7,0.314,0.315,0.317,0.316,0.31,10.9,12.5,14.3,15.1
Hamburg,2026-10-06 05:00:00,,,,,,,,,,0.181,0.181,0.183,0.186,0.186,11.1,12.4,14.6,15.6,0.314,0.315,0.316,0.316,0.31,10.8,12.3,14.3,15.1
Hamburg,2026-10-06 06:00:00,,,,,,,,,,0.181,0.181,0.183,0.186,0.186,11.5,12.3,14.5,15.6,0.314,0.315,0.316,0.316,0.31,11.3,12.2,14.2,15.1
Hamburg,2026-10-06 07:00:00,,,,,,,,,,0.181,0.181,0.183,0.186,0.186,13.8,12.9,14.4,15.6,0.314,0.315,0.316,0.316,0.31,13.1,12.4,14.1,15.1
Hamburg,2026-10-06 08:00:00,,,,,,,,,,0.181,0.181,0.182,0.186,0.186,16.8,13.9,14.3,15.6,0.313,0.315,0.316,0.316,0.31,15.6,12.8,14.1,15.0
Hamburg,2026-10-06 09:00:00,,,,,,,,,,0.18,0.181,0.182,0.186,0.186,19.5,15.0,14.4,15.6,0.312,0.314,0.316,0.316,0.31,17.8,13.4,14.1,15.0
Hamburg,2026-10-06 10:00:00,,,,,,,,,,0.179,0.18,0.182,0.186,0.186,21.3,16.2,14.5,15.6,0.31,0.313,0.316,0.316,0.31,19.7,14.2,14.1,15.0
Hamburg,2026-10-06 11:00:00,,,,,,,,,,0.178,0.18,0.181,0.185,0.186,22.7,17.6,14.7,15.6,0.309,0.312,0.315,0.315,0.31,21.3,15.3,14.1,15.0
Hamburg,2026-10-06 12:00:00,,,,,,,,,,0.177,0.179,0.181,0.185,0.186,23.3,18.7,14.9,15.6,0.307,0.311,0.315,0.315,0.31,22.1,16.2,14.2,15.0
Hamburg,2026-10-06 13:00:00,,,,,,,,,,0.176,0.178,0.181,0.185,0.186,23.1,19.4,15.3,15.6,0.306,0.31,0.314,0.315,0.31,21.9,17.0,14.3,15.0
Hamburg,2026-10-06 14:00:00,,,,,,,,,,0.176,0.177,0.18,0.184,0.186,22.2,19.8,15.7,15.6,0.305,0.308,0.314,0.315,0.31,21.0,17.7,14.4,15.0
Hamburg,2026-10-06 15:00:00,,,,,,,,,,0.176,0.177,0.18,0.184,0.186,20.7,19.8,16.0,15.6,0.304,0.307,0.313,0.315,0.31,19.5,18.0,14.5,15.0
Hamburg,2026-10-06 16:00:00,,,,,,,,,,0.176,0.177,0.18,0.184,0.186,18.4,19.0,16.2,15.6,0.304,0.307,0.313,0.315,0.31,17.2,17.8,14.7,15.0
Hamburg,2026-10-06 17:00:00,,,,,,,,,,0.177,0.178,0.179,0.184,0.186,15.6,17.8,16.3,15.6,0.305,0.307,0.312,0.315,0.31,14.4,17.1,14.8,15.0
Hamburg,2026-10-06 18:00:00,,,,,,,,,,0.177,0.178,0.179,0.184,0.186,13.3,16.7,16.4,15.6,0.306,0.307,0.312,0.315,0.31,12.2,16.4,14.9,15.0
Hamburg,2026-10-06 19:00:00,,,,,,,,,,0.177,0.178,0.179,0.184,0.186,12.1,15.7,16.3,15.6,0.306,0.307,0.312,0.315,0.31,11.1,15.6,14.9,15.0
Hamburg,2026-10-06 20:00:00,,,,,,,,,,0.178,0.178,0.179,0.184,0.186,11.4,14.7,16.0,15.6,0.307,0.308,0.312,0.314,0.31,10.6,14.7,14.9,15.0
Hamburg,2026-10-06 21:00:00,,,,,,,,,,0.178,0.178,0.179,0.184,0.186,10.8,13.9,15.8,15.6,0.307,0.308,0.312,0.314,0.31,10.2,13.9,14.9,15.0
Hamburg,2026-10-06 22:00:00,,,,,,,,,,0.178,0.178,0.179,0.184,0.186,10.3,13.2,15.7,15.6,0.307,0.308,0.312,0.314,0.31,9.6,13.2,14.8,15.0
Hamburg,2026-10-06 23:00:00,,,,,,,,,,0.178,0.178,0.18,0.183,0.186,10.0,12.7,15.5,15.6,0.308,0.309,0.311,0.314,0.31,9.1,12.6,14.8,15.0
Hamburg,2026-10-07 00:00:00,,,,,,,,,,0.178,0.178,0.18,0.183,0.186,9.8,12.3,15.4,15.6,0.308,0.309,0.311,0.314,0.31,8.8,12.1,14.7,15.0
Hamburg,2026-10-07 01:00:00,,,,,,,,,,0.178,0.178,0.18,0.183,0.186,10.0,12.0,15.2,15.6,0.308,0.309,0.311,0.314,0.31,8.7,11.7,14.6,15.0
Hamburg,2026-10-07 02:00:00,,,,,,,,,,0.178,0.179,0.18,0.183,0.186,10.3,11.9,14.9,15.6,0.308,0.309,0.311,0.314,0.31,8.8,11.4,14.5,15.0
Hamburg,2026-10-07 03:00:00,,,,,,,,,,0.178,0.179,0.18,0.183,0.186,10.6,11.8,14.7,15.6,0.308,0.309,0.311,0.314,0.31,9.0,11.1,14.4,15.0
Hamburg,2026-10-07 04:00:00,,,,,,,,,,0.178,0.179,0.18,0.183,0.186,10.7,11.7,14.6,15.6,0.308,0.309,0.311,0.314,0.31,9.0,10.9,14.3,15.0
Hamburg,2026-10-07 05:00:00,,,,,,,,,,0.178,0.179,0.18,0.183,0.186,10.7,11.7,14.4,15.6,0.308,0.309,0.311,0.314,0.31,9.0,10.7,14.1,15.0
Hamburg,2026-10-07 06:00:00,,,,,,,,,,0.178,0.179,0.18,0.183,0.186,11.1,11.8,14.3,15.6,0.308,0.309,0.311,0.314,0.31,9.6,10.7,14.0,15.0
Hamburg,2026-10-07 07:00:00,,,,,,,,,,0.178,0.179,0.18,0.183,0.186,12.3,12.1,14.2,15.6,0.308,0.309,0.311,0.314,0.31,11.3,10.9,13.9,15.0
Hamburg,2026-10-07 08:00:00,,,,,,,,,,0.178,0.178,0.18,0.183,0.186,13.9,12.6,14.1,15.5,0.308,0.309,0.311,0.314,0.31,13.6,11.2,13.8,15.0
Hamburg,2026-10-07 09:00:00,,,,,,,,,,0.178,0.178,0.18,0.183,0.186,15.6,13.3,14.1,15.5,0.307,0.309,0.311,0.314,0.31,15.7,11.8,13.7,15.0
Hamburg,2026-10-07 10:00:00,,,,,,,,,,0.177,0.178,0.18,0.183,0.186,17.6,14.4,14.1,15.5,0.306,0.308,0.311,0.314,0.31,17.7,12.7,13.7,15.0
Hamburg,2026-10-07 11:00:00,,,,,,,,,,0.177,0.177,0.179,0.183,0.186,19.7,15.8,14.3,15.5,0.304,0.307,0.31,0.313,0.31,19.6,13.9,13.7,14.9
Hamburg,2026-10-07 12:00:00,,,,,,,,,,0.176,0.177,0.179,0.183,0.186,21.0,16.9,14.4,15.5,0.303,0.306,0.31,0.313,0.31,20.6,14.9,13.7,14.9
Hamburg,2026-10-07 13:00:00,,,,,,,,,,0.175,0.176,0.179,0.183,0.186,21.0,17.7,14.6,15.5,0.302,0.305,0.31,0.313,0.31,20.4,15.7,13.8,14.9
Hamburg,2026-10-07 14:00:00,,,,,,,,,,0.174,0.175,0.178,0.182,0.186,20.2,18.3,14.9,15.5,0.301,0.304,0.309,0.313,0.31,19.3,16.3,13.9,14.9
Hamburg,2026-10-07 15:00:00,,,,,,,,,,0.174,0.175,0.178,0.182,0.186,19.1,18.4,15.1,15.5,0.301,0.304,0.309,0.313,0.31,18.0,16.7,14.0,14.9
Hamburg,2026-10-07 16:00:00,,,,,,,,,,0.173,0.175,0.178,0.182,0.186,17.7,17.9,15.3,15.5,0.301,0.304,0.309,0.313,0.31,16.5,16.6,14.1,14.9
Hamburg,2026-10-07 17:00:00,,,,,,,,,,0.172,0.175,0.177,0.182,0.186,16.0,17.0,15.5,15.5,0.301,0.304,0.308,0.312,0.31,14.9,16.2,14.2,14.9
Hamburg,2026-10-07 18:00:00,,,,,,,,,,0.175,0.176,0.177,0.182,0.186,14.7,16.2,15.6,15.5,0.302,0.304,0.308,0.312,0.31,13.8,15.7,14.3,14.9
Hamburg,2026-10-07 19:00:00,,,,,,,,,,0.185,0.178,0.176,0.182,0.186,14.2,15.7,15.6,15.5,0.301,0.303,0.308,0.312,0.31,13.4,15.3,14.4,14.9
Hamburg,2026-10-07 20:00:00,,,,,,,,,,0.198,0.182,0.176,0.182,0.186,14.1,15.3,15.5,15.5,0.3,0.302,0.308,0.312,0.31,13.5,14.9,14.4,14.9
Hamburg,2026-10-07 21:00:00,,,,,,,,,,0.209,0.188,0.178,0.182,0.186,14.1,15.0,15.4,15.5,0.304,0.304,0.308,0.312,0.31,13.6,14.5,14.4,14.9
Hamburg,2026-10-07 22:00:00,,,,,,,,,,0.216,0.198,0.186,0.183,0.186,14.0,14.8,15.3,15.5,0.318,0.31,0.308,0.312,0.31,13.6,14.3,14.4,14.9
Hamburg,2026-10-07 23:00:00,,,,,,,,,,0.22,0.21,0.197,0.183,0.186,14.1,14.7,15.2,15.5,0.337,0.319,0.309,0.312,0.31,13.7,14.1,14.4,14.9
Hamburg,2026-10-08 00:00:00,,,,,,,,,,0.223,0.219,0.205,0.184,0.186,14.1,14.6,15.2,15.5,0.351,0.328,0.311,0.312,0.31,13.8,14.0,14.4,14.9
Hamburg,2026-10-08 01:00:00,,,,,,,,,,,,,,,,,,,0.356,0.336,0.315,0.312,0.31,14.0,14.0,14.4,14.9
Hamburg,2026-10-08 02:00:00,,,,,,,,,,,,,,,,,,,0.356,0.343,0.319,0.313,0.31,14.1,14.0,14.4,14.9
Hamburg,2026-10-08 03:00:00,,,,,,,,,,,,,,,,,,,0.355,0.348,0.323,0.313,0.31,14.0,13.9,14.4,14.9
Hamburg,2026-10-08 04:00:00,,,,,,,,,,,,,,,,,,,0.352,0.348,0.325,0.313,0.31,13.2,13.8,14.4,14.9
Hamburg,2026-10-08 05:00:00,,,,,,,,,,,,,,,,,,,0.347,0.345,0.326,0.314,0.31,12.0,13.6,14.3,14.9
Hamburg,2026-10-08 06:00:00,,,,,,,,,,,,,,,,,,,0.343,0.342,0.327,0.314,0.31,11.2,13.4,14.3,14.9
Hamburg,2026-10-08 07:00:00,,,,,,,,,,,,,,,,,,,0.339,0.339,0.328,0.314,0.31,11.0,13.1,14.3,14.9
Hamburg,2026-10-08 08:00:00,,,,,,,,,,,,,,,,,,,0.336,0.337,0.328,0.314,0.31,11.2,12.8,14.2,14.9
Hamburg,2026-10-08 09:00:00,,,,,,,,,,,,,,,,,,,0.333,0.334,0.328,0.314,0.31,11.6,12.6,14.2,14.9
Hamburg,2026-10-08 10:00:00,,,,,,,,,,,,,,,,,,,0.33,0.332,0.328,0.314,0.31,12.5,12.6,14.1,14.9
Hamburg,2026-10-08 11:00:00,,,,,,,,,,,,,,,,,,,0.328,0.33,0.327,0.315,0.31,13.7,12.8,14.1,14.9
Hamburg,2026-10-08 12:00:00,,,,,,,,,,,,,,,,,,,0.326,0.328,0.327,0.315,0.31,14.5,13.0,14.1,14.9
Hamburg,2026-10-08 13:00:00,,,,,,,,,,,,,,,,,,,0.324,0.326,0.326,0.315,0.31,14.6,13.3,14.1,14.9
Hamburg,2026-10-08 14:00:00,,,,,,,,,,,,,,,,,,,0.322,0.325,0.326,0.315,0.31,14.2,13.7,14.0,14.8
Hamburg,2026-10-08 15:00:00,,,,,,,,,,,,,,,,,,,0.321,0.324,0.325,0.315,0.31,13.6,13.8,14.0,14.8
Hamburg,2026-10-08 16:00:00,,,,,,,,,,,,,,,,,,,0.32,0.323,0.325,0.315,0.31,12.4,13.7,14.0,14.8
Hamburg,2026-10-08 17:00:00,,,,,,,,,,,,,,,,,,,0.32,0.323,0.324,0.315,0.31,11.0,13.3,14.0,14.8
Hamburg,2026-10-08 18:00:00,,,,,,,,,,,,,,,,,,,0.32,0.322,0.324,0.315,0.31,9.8,12.9,14.0,14.8
Hamburg,2026-10-08 19:00:00,,,,,,,,,,,,,,,,,,,0.32,0.322,0.324,0.315,0.31,9.2,12.4,13.9,14.8
Hamburg,2026-10-08 20:00:00,,,,,,,,,,,,,,,,,,,0.32,0.321,0.323,0.315,0.31,8.8,11.9,13.9,14.8
Hamburg,2026-10-08 21:00:00,,,,,,,,,,,,,,,,,,,0.32,0.321,0.323,0.315,0.31,8.4,11.5,13.8,14.8
Hamburg,2026-10-08 22:00:00,,,,,,,,,,,,,,,,,,,0.32,0.321,0.323,0.315,0.31,8.0,11.1,13.8,14.8
Hamburg,2026-10-08 23:00:00,,,,,,,,,,,,,,,,,,,0.32,0.32,0.322,0.315,0.31,7.7,10.7,13.7,14.8
Hamburg,2026-10-09 00:00:00,,,,,,,,,,,,,,,,,,,0.32,0.32,0.322,0.315,0.31,7.4,10.4,13.6,14.8
Hamburg,2026-10-09 01:00:00,,,,,,,,,,,,,,,,,,,0.32,0.32,0.322,0.315,0.31,7.1,10.0,13.5,14.8
Hamburg,2026-10-09 02:00:00,,,,,,,,,,,,,,,,,,,0.319,0.32,0.321,0.316,0.31,6.8,9.7,13.3,14.8
Hamburg,2026-10-09 03:00:00,,,,,,,,,,,,,,,,,,,0.319,0.32,0.321,0.316,0.31,6.5,9.4,13.2,14.8
Hamburg,2026-10-09 04:00:00,,,,,,,,,,,,,,,,,,,0.319,0.32,0.321,0.316,0.31,6.1,9.1,13.1,14.8
Hamburg,2026-10-09 05:00:00,,,,,,,,,,,,,,,,,,,0.319,0.319,0.321,0.316,0.31,5.7,8.8,13.0,14.8
Hamburg,2026-10-09 06:00:00,,,,,,,,,,,,,,,,,,,0.319,0.319,0.321,0.316,0.31,6.2,8.7,12.8,14.8
Hamburg,2026-10-09 07:00:00,,,,,,,,,,,,,,,,,,,0.318,0.319,0.321,0.316,0.31,8.5,8.9,12.7,14.8
Hamburg,2026-10-09 08:00:00,,,,,,,,,,,,,,,,,,,0.317,0.318,0.32,0.316,0.31,11.7,9.4,12.6,14.7
Hamburg,2026-10-09 09:00:00,,,,,,,,,,,,,,,,,,,0.316,0.318,0.32,0.316,0.31,14.1,9.9,12.5,14.7
Hamburg,2026-10-09 10:00:00,,,,,,,,,,,,,,,,,,,0.315,0.317,0.32,0.316,0.31,15.0,10.6,12.4,14.7
Hamburg,2026-10-09 11:00:00,,,,,,,,,,,,,,,,,,,0.314,0.316,0.319,0.315,0.31,15.1,11.5,12.4,14.7
Hamburg,2026-10-09 12:00:00,,,,,,,,,,,,,,,,,,,0.313,0.315,0.319,0.315,0.31,14.9,12.1,12.4,14.7
Hamburg,2026-10-09 13:00:00,,,,,,,,,,,,,,,,,,,0.313,0.315,0.319,0.315,0.31,14.3,12.4,12.4,14.7
Hamburg,2026-10-09 14:00:00,,,,,,,,,,,,,,,,,,,0.315,0.316,0.318,0.315,0.31,13.3,12.6,12.5,14.7
Hamburg,2026-10-09 15:00:00,,,,,,,,,,,,,,,,,,,0.316,0.317,0.318,0.315,0.31,12.3,12.6,12.5,14.7
Hamburg,2026-10-09 16:00:00,,,,,,,,,,,,,,,,,,,0.316,0.316,0.317,0.315,0.31,11.3,12.4,12.5,14.7
Hamburg,2026-10-09 17:00:00,,,,,,,,,,,,,,,,,,,0.316,0.315,0.317,0.315,0.31,10.2,12.1,12.6,14.6
Hamburg,2026-10-09 18:00:00,,,,,,,,,,,,,,,,,,,0.321,0.318,0.318,0.315,0.31,9.5,11.8,12.6,14.6
Hamburg,2026-10-09 19:00:00,,,,,,,,,,,,,,,,,,,0.334,0.331,0.321,0.315,0.31,9.3,11.5,12.6,14.6
Hamburg,2026-10-09 20:00:00,,,,,,,,,,,,,,,,,,,0.352,0.348,0.326,0.315,0.31,9.4,11.1,12.5,14.6
Hamburg,2026-10-09 21:00:00,,,,,,,,,,,,,,,,,,,0.364,0.36,0.33,0.315,0.31,9.5,10.9,12.5,14.6
Hamburg,2026-10-09 22:00:00,,,,,,,,,,,,,,,,,,,0.365,0.361,0.333,0.315,0.31,9.8,10.7,12.5,14.6
Hamburg,2026-10-09 23:00:00,,,,,,,,,,,,,,,,,,,0.359,0.356,0.335,0.316,0.311,10.2,10.7,12.5,14.6
