site,time_utc,soil_moisture_0_to_1cm,soil_moisture_1_to_3cm,soil_moisture_3_to_9cm,soil_moisture_9_to_27cm,soil_moisture_27_to_81cm,soil_temperature_0cm,soil_temperature_6cm,soil_temperature_18cm,soil_temperature_54cm
Hildesheimer Boerde (loess),2026-09-26 00:00:00,0.218,0.218,0.221,0.227,0.241,5.2,9.0,13.5,14.8
Hildesheimer Boerde (loess),2026-09-26 01:00:00,0.218,0.218,0.221,0.227,0.241,5.2,8.7,13.3,14.7
Hildesheimer Boerde (loess),2026-09-26 02:00:00,0.218,0.219,0.221,0.227,0.241,5.3,8.5,13.1,14.7
Hildesheimer Boerde (loess),2026-09-26 03:00:00,0.222,0.222,0.224,0.228,0.241,4.8,8.0,12.9,14.7
Hildesheimer Boerde (loess),2026-09-26 04:00:00,0.222,0.223,0.224,0.228,0.241,4.9,7.9,12.6,14.7
Hildesheimer Boerde (loess),2026-09-26 05:00:00,0.222,0.223,0.224,0.228,0.241,4.9,7.8,12.5,14.7
Hildesheimer Boerde (loess),2026-09-26 06:00:00,0.222,0.223,0.224,0.228,0.241,6.7,7.9,12.3,14.7
Hildesheimer Boerde (loess),2026-09-26 07:00:00,0.222,0.223,0.224,0.228,0.241,11.0,8.4,12.1,14.7
Hildesheimer Boerde (loess),2026-09-26 08:00:00,0.221,0.222,0.224,0.228,0.241,14.2,9.6,12.0,14.7
Hildesheimer Boerde (loess),2026-09-26 09:00:00,0.22,0.222,0.224,0.228,0.241,17.7,11.4,12.0,14.6
Hildesheimer Boerde (loess),2026-09-26 10:00:00,0.218,0.22,0.223,0.228,0.241,19.4,12.8,12.0,14.6
Hildesheimer Boerde (loess),2026-09-26 11:00:00,0.216,0.219,0.223,0.227,0.24,20.6,14.1,12.2,14.6
Hildesheimer Boerde (loess),2026-09-26 12:00:00,0.215,0.218,0.222,0.227,0.24,21.4,15.4,12.3,14.6
Hildesheimer Boerde (loess),2026-09-26 13:00:00,0.213,0.217,0.222,0.227,0.24,20.0,16.2,12.5,14.6
Hildesheimer Boerde (loess),2026-09-26 14:00:00,0.213,0.216,0.221,0.227,0.24,19.9,16.6,12.7,14.6
Hildesheimer Boerde (loess),2026-09-26 15:00:00,0.212,0.215,0.221,0.226,0.24,18.7,16.6,12.9,14.6
Hildesheimer Boerde (loess),2026-09-26 16:00:00,0.212,0.215,0.22,0.226,0.24,17.2,16.6,13.1,14.6
Hildesheimer Boerde (loess),2026-09-26 17:00:00,0.213,0.215,0.22,0.226,0.24,15.4,16.2,13.3,14.6
Hildesheimer Boerde (loess),2026-09-26 18:00:00,0.213,0.215,0.22,0.226,0.24,13.1,15.4,13.5,14.6
Hildesheimer Boerde (loess),2026-09-26 19:00:00,0.214,0.215,0.219,0.226,0.24,12.4,14.6,13.6,14.5
Hildesheimer Boerde (loess),2026-09-26 20:00:00,0.215,0.215,0.219,0.226,0.24,11.3,14.0,13.6,14.5
Hildesheimer Boerde (loess),2026-09-26 21:00:00,0.215,0.216,0.219,0.226,0.24,11.4,13.5,13.6,14.5
Hildesheimer Boerde (loess),2026-09-26 22:00:00,0.215,0.216,0.219,0.226,0.24,10.6,13.0,13.6,14.5
Hildesheimer Boerde (loess),2026-09-26 23:00:00,0.216,0.216,0.219,0.226,0.24,10.2,12.5,13.6,14.5
Hildesheimer Boerde (loess),2026-09-27 00:00:00,0.216,0.217,0.219,0.226,0.24,11.1,12.2,13.6,14.5
Hildesheimer Boerde (loess),2026-09-27 01:00:00,0.216,0.217,0.219,0.226,0.24,11.2,12.1,13.5,14.5
Hildesheimer Boerde (loess),2026-09-27 02:00:00,0.216,0.217,0.219,0.226,0.24,10.9,12.0,13.4,14.5
Hildesheimer Boerde (loess),2026-09-27 03:00:00,0.215,0.216,0.219,0.227,0.24,10.8,11.6,13.4,14.5
Hildesheimer Boerde (loess),2026-09-27 04:00:00,0.216,0.216,0.219,0.227,0.24,10.5,11.7,13.3,14.5
Hildesheimer Boerde (loess),2026-09-27 05:00:00,0.216,0.216,0.219,0.227,0.24,9.7,11.5,13.2,14.5
Hildesheimer Boerde (loess),2026-09-27 06:00:00,0.216,0.217,0.219,0.227,0.24,10.1,11.1,13.1,14.5
Hildesheimer Boerde (loess),2026-09-27 07:00:00,0.216,0.217,0.219,0.227,0.24,13.3,11.4,13.1,14.5
Hildesheimer Boerde (loess),2026-09-27 08:00:00,0.215,0.217,0.219,0.226,0.24,15.5,12.1,13.0,14.5
Hildesheimer Boerde (loess),2026-09-27 09:00:00,0.214,0.216,0.218,0.226,0.24,18.9,13.3,13.0,14.5
Hildesheimer Boerde (loess),2026-09-27 10:00:00,0.212,0.215,0.218,0.226,0.24,20.6,14.6,13.1,14.4
Hildesheimer Boerde (loess),2026-09-27 11:00:00,0.209,0.213,0.217,0.225,0.24,22.1,15.9,13.3,14.4
Hildesheimer Boerde (loess),2026-09-27 12:00:00,0.207,0.211,0.217,0.225,0.239,24.0,17.4,13.5,14.4
Hildesheimer Boerde (loess),2026-09-27 13:00:00,0.204,0.209,0.216,0.225,0.239,23.6,18.4,13.7,14.4
Hildesheimer Boerde (loess),2026-09-27 14:00:00,0.202,0.207,0.215,0.224,0.239,23.3,19.0,14.0,14.4
Hildesheimer Boerde (loess),2026-09-27 15:00:00,0.2,0.206,0.214,0.224,0.239,22.7,19.6,14.3,14.4
Hildesheimer Boerde (loess),2026-09-27 16:00:00,0.201,0.205,0.214,0.224,0.239,20.3,19.5,14.6,14.4
Hildesheimer Boerde (loess),2026-09-27 17:00:00,0.201,0.205,0.213,0.224,0.239,17.7,18.8,14.8,14.4
Hildesheimer Boerde (loess),2026-09-27 18:00:00,0.201,0.205,0.213,0.223,0.239,17.4,18.6,15.0,14.4
Hildesheimer Boerde (loess),2026-09-27 19:00:00,0.201,0.205,0.213,0.223,0.239,15.8,17.8,15.2,14.4
Hildesheimer Boerde (loess),2026-09-27 20:00:00,0.202,0.205,0.212,0.223,0.239,14.1,16.9,15.3,14.4
Hildesheimer Boerde (loess),2026-09-27 21:00:00,0.202,0.205,0.212,0.223,0.239,13.3,16.0,15.3,14.4
Hildesheimer Boerde (loess),2026-09-27 22:00:00,0.203,0.205,0.212,0.223,0.239,12.7,15.3,15.3,14.4
Hildesheimer Boerde (loess),2026-09-27 23:00:00,0.204,0.205,0.212,0.223,0.239,11.7,14.6,15.3,14.5
Hildesheimer Boerde (loess),2026-09-28 00:00:00,0.204,0.206,0.212,0.223,0.239,12.5,13.7,15.2,14.5
Hildesheimer Boerde (loess),2026-09-28 01:00:00,0.204,0.206,0.212,0.223,0.239,13.8,13.7,15.1,14.5
Hildesheimer Boerde (loess),2026-09-28 02:00:00,0.204,0.206,0.211,0.223,0.239,14.0,13.9,15.0,14.5
Hildesheimer Boerde (loess),2026-09-28 03:00:00,0.203,0.205,0.211,0.224,0.239,13.3,13.9,15.0,14.5
Hildesheimer Boerde (loess),2026-09-28 04:00:00,0.203,0.205,0.211,0.224,0.239,12.9,13.9,14.9,14.5
Hildesheimer Boerde (loess),2026-09-28 05:00:00,0.204,0.206,0.211,0.224,0.239,12.5,13.8,14.8,14.5
Hildesheimer Boerde (loess),2026-09-28 06:00:00,0.204,0.206,0.211,0.224,0.239,12.3,13.2,14.8,14.5
Hildesheimer Boerde (loess),2026-09-28 07:00:00,0.205,0.206,0.211,0.223,0.239,15.9,13.4,14.7,14.5
Hildesheimer Boerde (loess),2026-09-28 08:00:00,0.204,0.206,0.211,0.223,0.239,19.5,14.3,14.6,14.5
Hildesheimer Boerde (loess),2026-09-28 09:00:00,0.202,0.205,0.211,0.223,0.239,22.2,15.5,14.6,14.5
Hildesheimer Boerde (loess),2026-09-28 10:00:00,0.2,0.204,0.21,0.223,0.239,23.9,16.9,14.7,14.5
Hildesheimer Boerde (loess),2026-09-28 11:00:00,0.199,0.203,0.21,0.222,0.239,24.2,18.1,14.9,14.5
Hildesheimer Boerde (loess),2026-09-28 12:00:00,0.197,0.202,0.209,0.222,0.239,26.3,19.3,15.0,14.5
Hildesheimer Boerde (loess),2026-09-28 13:00:00,0.196,0.201,0.208,0.221,0.239,25.4,20.2,15.3,14.5
Hildesheimer Boerde (loess),2026-09-28 14:00:00,0.195,0.2,0.208,0.221,0.239,24.0,20.6,15.5,14.5
Hildesheimer Boerde (loess),2026-09-28 15:00:00,0.195,0.199,0.208,0.221,0.239,23.0,20.7,15.7,14.5
Hildesheimer Boerde (loess),2026-09-28 16:00:00,0.196,0.199,0.207,0.221,0.239,21.0,20.5,16.0,14.5
Hildesheimer Boerde (loess),2026-09-28 17:00:00,0.196,0.199,0.207,0.221,0.239,18.7,19.9,16.1,14.5
Hildesheimer Boerde (loess),2026-09-28 18:00:00,0.198,0.199,0.207,0.221,0.239,17.0,18.8,16.3,14.5
Hildesheimer Boerde (loess),2026-09-28 19:00:00,0.199,0.2,0.207,0.221,0.239,16.3,18.0,16.4,14.5
Hildesheimer Boerde (loess),2026-09-28 20:00:00,0.199,0.201,0.207,0.221,0.239,15.7,17.4,16.4,14.6
Hildesheimer Boerde (loess),2026-09-28 21:00:00,0.2,0.201,0.207,0.221,0.239,15.0,16.8,16.4,14.6
Hildesheimer Boerde (loess),2026-09-28 22:00:00,0.201,0.202,0.207,0.221,0.239,14.5,16.3,16.4,14.6
Hildesheimer Boerde (loess),2026-09-28 23:00:00,0.202,0.202,0.207,0.221,0.239,13.9,15.8,16.3,14.6
Hildesheimer Boerde (loess),2026-09-29 00:00:00,0.202,0.203,0.207,0.22,0.239,14.2,15.7,16.3,14.6
Hildesheimer Boerde (loess),2026-09-29 01:00:00,0.203,0.203,0.207,0.22,0.239,13.5,15.4,16.2,14.6
Hildesheimer Boerde (loess),2026-09-29 02:00:00,0.203,0.204,0.207,0.22,0.239,13.1,15.0,16.1,14.6
Hildesheimer Boerde (loess),2026-09-29 03:00:00,0.204,0.205,0.209,0.222,0.24,13.5,14.8,16.0,14.6
Hildesheimer Boerde (loess),2026-09-29 04:00:00,0.204,0.205,0.209,0.222,0.24,13.2,14.6,15.9,14.6
Hildesheimer Boerde (loess),2026-09-29 05:00:00,0.205,0.205,0.209,0.222,0.24,13.4,14.5,15.8,14.6
Hildesheimer Boerde (loess),2026-09-29 06:00:00,0.205,0.206,0.209,0.222,0.24,13.7,14.3,15.7,14.6
Hildesheimer Boerde (loess),2026-09-29 07:00:00,0.205,0.206,0.209,0.222,0.24,16.0,14.5,15.6,14.7
Hildesheimer Boerde (loess),2026-09-29 08:00:00,0.205,0.206,0.209,0.221,0.24,18.2,15.2,15.5,14.7
Hildesheimer Boerde (loess),2026-09-29 09:00:00,0.204,0.205,0.209,0.221,0.24,21.2,16.3,15.5,14.7
Hildesheimer Boerde (loess),2026-09-29 10:00:00,0.202,0.205,0.209,0.221,0.24,22.5,17.5,15.6,14.7
Hildesheimer Boerde (loess),2026-09-29 11:00:00,0.2,0.204,0.208,0.221,0.24,23.7,18.5,15.7,14.7
Hildesheimer Boerde (loess),2026-09-29 12:00:00,0.198,0.202,0.208,0.22,0.24,26.4,20.1,15.9,14.7
Hildesheimer Boerde (loess),2026-09-29 13:00:00,0.196,0.201,0.207,0.22,0.239,25.9,20.9,16.1,14.7
Hildesheimer Boerde (loess),2026-09-29 14:00:00,0.194,0.199,0.206,0.219,0.239,24.1,21.3,16.3,14.7
Hildesheimer Boerde (loess),2026-09-29 15:00:00,0.193,0.198,0.206,0.219,0.239,23.2,21.3,16.6,14.7
Hildesheimer Boerde (loess),2026-09-29 16:00:00,0.193,0.197,0.206,0.219,0.239,21.2,21.0,16.8,14.7
Hildesheimer Boerde (loess),2026-09-29 17:00:00,0.194,0.197,0.205,0.219,0.239,19.1,20.3,17.0,14.7
Hildesheimer Boerde (loess),2026-09-29 18:00:00,0.194,0.197,0.205,0.219,0.239,18.4,19.8,17.1,14.7
Hildesheimer Boerde (loess),2026-09-29 19:00:00,0.194,0.197,0.205,0.219,0.239,17.2,19.0,17.2,14.8
Hildesheimer Boerde (loess),2026-09-29 20:00:00,0.195,0.197,0.205,0.219,0.239,16.1,18.3,17.2,14.8
Hildesheimer Boerde (loess),2026-09-29 21:00:00,0.195,0.197,0.205,0.219,0.239,17.0,18.5,17.3,14.8
Hildesheimer Boerde (loess),2026-09-29 22:00:00,0.195,0.198,0.205,0.219,0.239,15.4,17.8,17.3,14.8
Hildesheimer Boerde (loess),2026-09-29 23:00:00,0.196,0.198,0.205,0.219,0.239,14.4,17.0,17.2,14.8
Hildesheimer Boerde (loess),2026-09-30 00:00:00,0.196,0.198,0.204,0.219,0.239,13.2,16.2,17.1,14.8
Hildesheimer Boerde (loess),2026-09-30 01:00:00,0.197,0.199,0.204,0.218,0.239,12.0,15.5,17.0,14.9
Hildesheimer Boerde (loess),2026-09-30 02:00:00,0.198,0.199,0.204,0.218,0.239,11.7,14.8,16.8,14.9
Hildesheimer Boerde (loess),2026-09-30 03:00:00,0.196,0.197,0.204,0.218,0.238,11.8,14.6,16.6,14.9
Hildesheimer Boerde (loess),2026-09-30 04:00:00,0.196,0.198,0.204,0.218,0.238,11.6,14.2,16.5,14.9
Hildesheimer Boerde (loess),2026-09-30 05:00:00,0.197,0.198,0.204,0.218,0.238,11.3,13.9,16.3,14.9
Hildesheimer Boerde (loess),2026-09-30 06:00:00,0.197,0.199,0.204,0.218,0.238,11.5,13.5,16.1,14.9
Hildesheimer Boerde (loess),2026-09-30 07:00:00,0.198,0.199,0.204,0.218,0.238,14.3,13.6,15.9,14.9
Hildesheimer Boerde (loess),2026-09-30 08:00:00,0.197,0.199,0.204,0.218,0.238,17.8,14.5,15.7,14.9
Hildesheimer Boerde (loess),2026-09-30 09:00:00,0.196,0.199,0.203,0.217,0.238,20.0,15.8,15.7,14.9
Hildesheimer Boerde (loess),2026-09-30 10:00:00,0.195,0.198,0.203,0.217,0.238,22.5,17.1,15.7,14.9
Hildesheimer Boerde (loess),2026-09-30 11:00:00,0.193,0.197,0.203,0.217,0.238,24.0,18.5,15.8,14.9
Hildesheimer Boerde (loess),2026-09-30 12:00:00,0.191,0.196,0.202,0.216,0.238,25.7,19.9,16.0,15.0
Hildesheimer Boerde (loess),2026-09-30 13:00:00,0.189,0.194,0.202,0.216,0.238,25.3,20.8,16.3,15.0
Hildesheimer Boerde (loess),2026-09-30 14:00:00,0.188,0.193,0.201,0.216,0.238,24.0,21.2,16.6,15.0
Hildesheimer Boerde (loess),2026-09-30 15:00:00,0.188,0.192,0.201,0.215,0.238,23.7,21.5,16.9,15.0
Hildesheimer Boerde (loess),2026-09-30 16:00:00,0.188,0.192,0.201,0.215,0.238,21.5,21.2,17.1,15.0
Hildesheimer Boerde (loess),2026-09-30 17:00:00,0.188,0.192,0.2,0.215,0.238,18.8,20.4,17.3,15.0
Hildesheimer Boerde (loess),2026-09-30 18:00:00,0.188,0.192,0.2,0.215,0.238,18.0,19.6,17.4,15.0
Hildesheimer Boerde (loess),2026-09-30 19:00:00,0.188,0.192,0.2,0.215,0.238,16.7,18.7,17.5,15.0
Hildesheimer Boerde (loess),2026-09-30 20:00:00,0.189,0.192,0.2,0.215,0.238,15.4,17.9,17.5,15.1
Hildesheimer Boerde (loess),2026-09-30 21:00:00,0.189,0.192,0.2,0.215,0.238,15.0,17.6,17.5,15.1
Hildesheimer Boerde (loess),2026-09-30 22:00:00,0.19,0.192,0.2,0.215,0.238,13.9,16.7,17.4,15.1
Hildesheimer Boerde (loess),2026-09-30 23:00:00,0.19,0.192,0.2,0.215,0.238,13.3,16.0,17.3,15.1
Hildesheimer Boerde (loess),2026-10-01 00:00:00,0.191,0.193,0.199,0.215,0.238,12.0,14.9,17.1,15.1
Hildesheimer Boerde (loess),2026-10-01 01:00:00,0.192,0.193,0.199,0.215,0.238,12.2,14.5,16.9,15.1
Hildesheimer Boerde (loess),2026-10-01 02:00:00,0.192,0.193,0.199,0.215,0.238,12.2,14.3,16.7,15.2
Hildesheimer Boerde (loess),2026-10-01 03:00:00,0.186,0.188,0.195,0.209,0.232,10.5,12.8,16.4,15.2
Hildesheimer Boerde (loess),2026-10-01 04:00:00,0.186,0.188,0.195,0.209,0.232,10.8,12.8,16.2,15.2
Hildesheimer Boerde (loess),2026-10-01 05:00:00,0.187,0.188,0.195,0.209,0.232,11.0,12.8,16.0,15.2
Hildesheimer Boerde (loess),2026-10-01 06:00:00,0.187,0.189,0.195,0.209,0.232,11.9,12.3,15.8,15.2
Hildesheimer Boerde (loess),2026-10-01 07:00:00,0.187,0.189,0.195,0.209,0.232,14.7,12.9,15.6,15.2
Hildesheimer Boerde (loess),2026-10-01 08:00:00,0.187,0.189,0.195,0.209,0.232,18.8,14.0,15.5,15.2
Hildesheimer Boerde (loess),2026-10-01 09:00:00,0.186,0.189,0.195,0.209,0.232,18.5,15.1,15.4,15.2
Hildesheimer Boerde (loess),2026-10-01 10:00:00,0.186,0.189,0.195,0.209,0.232,20.0,16.1,15.4,15.2
Hildesheimer Boerde (loess),2026-10-01 11:00:00,0.185,0.188,0.194,0.209,0.232,20.5,17.0,15.5,15.2
Hildesheimer Boerde (loess),2026-10-01 12:00:00,0.193,0.189,0.194,0.209,0.232,18.1,17.2,15.6,15.2
Hildesheimer Boerde (loess),2026-10-01 13:00:00,0.212,0.195,0.194,0.209,0.232,18.5,17.2,15.7,15.2
Hildesheimer Boerde (loess),2026-10-01 14:00:00,0.234,0.207,0.195,0.208,0.232,18.3,17.3,15.7,15.2
Hildesheimer Boerde (loess),2026-10-01 15:00:00,0.215,0.201,0.195,0.208,0.232,17.5,17.0,15.8,15.2
Hildesheimer Boerde (loess),2026-10-01 16:00:00,0.222,0.207,0.195,0.208,0.232,17.1,16.9,15.9,15.2
Hildesheimer Boerde (loess),2026-10-01 17:00:00,0.282,0.229,0.197,0.208,0.232,16.6,16.7,15.9,15.2
Hildesheimer Boerde (loess),2026-10-01 18:00:00,0.287,0.255,0.203,0.208,0.232,15.7,16.2,15.9,15.2
Hildesheimer Boerde (loess),2026-10-01 19:00:00,0.287,0.274,0.212,0.208,0.232,15.2,15.9,15.9,15.2
Hildesheimer Boerde (loess),2026-10-01 20:00:00,0.307,0.287,0.223,0.209,0.232,15.2,15.7,15.9,15.2
Hildesheimer Boerde (loess),2026-10-01 21:00:00,0.351,0.345,0.289,0.209,0.232,15.0,15.6,15.9,15.2
Hildesheimer Boerde (loess),2026-10-01 22:00:00,0.348,0.345,0.314,0.212,0.232,14.9,15.5,15.8,15.2
Hildesheimer Boerde (loess),2026-10-01 23:00:00,0.33,0.33,0.321,0.216,0.232,14.7,15.4,15.8,15.2
Hildesheimer Boerde (loess),2026-10-02 00:00:00,0.32,0.32,0.316,0.22,0.232,14.4,15.2,15.7,15.2
Hildesheimer Boerde (loess),2026-10-02 01:00:00,0.321,0.32,0.313,0.223,0.232,14.5,15.1,15.7,15.2
Hildesheimer Boerde (loess),2026-10-02 02:00:00,0.318,0.317,0.31,0.226,0.232,14.6,15.0,15.6,15.2
Hildesheimer Boerde (loess),2026-10-02 03:00:00,0.339,0.34,0.331,0.238,0.231,14.5,15.0,15.6,15.2
Hildesheimer Boerde (loess),2026-10-02 04:00:00,0.324,0.327,0.326,0.243,0.231,14.3,14.9,15.5,15.2
Hildesheimer Boerde (loess),2026-10-02 05:00:00,0.316,0.319,0.319,0.246,0.231,14.1,14.8,15.5,15.2
Hildesheimer Boerde (loess),2026-10-02 06:00:00,0.314,0.314,0.314,0.25,0.231,13.8,14.4,15.4,15.2
Hildesheimer Boerde (loess),2026-10-02 07:00:00,0.309,0.311,0.31,0.252,0.232,14.4,14.4,15.3,15.2
Hildesheimer Boerde (loess),2026-10-02 08:00:00,0.304,0.305,0.305,0.254,0.232,16.8,14.8,15.3,15.2
Hildesheimer Boerde (loess),2026-10-02 09:00:00,0.299,0.301,0.301,0.256,0.232,17.8,15.4,15.2,15.2
Hildesheimer Boerde (loess),2026-10-02 10:00:00,0.294,0.296,0.297,0.257,0.232,18.3,16.1,15.3,15.2
Hildesheimer Boerde (loess),2026-10-02 11:00:00,0.29,0.292,0.294,0.258,0.232,19.4,16.8,15.4,15.2
Hildesheimer Boerde (loess),2026-10-02 12:00:00,0.286,0.289,0.29,0.259,0.232,20.5,17.1,15.5,15.2
Hildesheimer Boerde (loess),2026-10-02 13:00:00,0.283,0.285,0.287,0.259,0.232,20.1,17.8,15.6,15.2
Hildesheimer Boerde (loess),2026-10-02 14:00:00,0.28,0.282,0.284,0.26,0.232,19.7,18.1,15.8,15.2
Hildesheimer Boerde (loess),2026-10-02 15:00:00,0.278,0.28,0.282,0.26,0.232,18.6,18.1,15.9,15.2
Hildesheimer Boerde (loess),2026-10-02 16:00:00,0.277,0.278,0.28,0.26,0.232,17.4,17.8,16.0,15.2
Hildesheimer Boerde (loess),2026-10-02 17:00:00,0.276,0.277,0.278,0.261,0.232,15.6,17.3,16.1,15.2
Hildesheimer Boerde (loess),2026-10-02 18:00:00,0.275,0.276,0.277,0.261,0.232,13.7,16.2,16.2,15.2
Hildesheimer Boerde (loess),2026-10-02 19:00:00,0.275,0.275,0.276,0.261,0.232,12.5,15.4,16.1,15.2
Hildesheimer Boerde (loess),2026-10-02 20:00:00,0.274,0.275,0.275,0.262,0.232,11.4,14.6,16.0,15.2
Hildesheimer Boerde (loess),2026-10-02 21:00:00,0.273,0.274,0.274,0.262,0.232,9.9,13.4,15.8,15.2
Hildesheimer Boerde (loess),2026-10-02 22:00:00,0.272,0.273,0.273,0.262,0.232,9.6,12.8,15.7,15.2
Hildesheimer Boerde (loess),2026-10-02 23:00:00,0.272,0.272,0.273,0.262,0.232,10.3,12.5,15.4,15.2
Hildesheimer Boerde (loess),2026-10-03 00:00:00,0.271,0.271,0.272,0.262,0.233,9.1,11.9,15.2,15.2
Hildesheimer Boerde (loess),2026-10-03 01:00:00,0.27,0.271,0.271,0.262,0.233,9.1,11.6,15.0,15.2
Hildesheimer Boerde (loess),2026-10-03 02:00:00,0.269,0.27,0.271,0.262,0.233,9.4,11.5,14.8,15.2
Hildesheimer Boerde (loess),2026-10-03 03:00:00,0.271,0.271,0.273,0.269,0.233,8.0,10.8,14.6,15.2
Hildesheimer Boerde (loess),2026-10-03 04:00:00,0.27,0.271,0.272,0.269,0.233,7.9,10.6,14.4,15.2
Hildesheimer Boerde (loess),2026-10-03 05:00:00,0.27,0.271,0.272,0.269,0.233,8.4,10.5,14.2,15.2
Hildesheimer Boerde (loess),2026-10-03 06:00:00,0.269,0.27,0.271,0.268,0.233,7.4,9.4,13.9,15.2
Hildesheimer Boerde (loess),2026-10-03 07:00:00,0.269,0.27,0.271,0.268,0.234,9.8,9.7,13.7,15.2
Hildesheimer Boerde (loess),2026-10-03 08:00:00,0.268,0.269,0.271,0.268,0.234,11.9,10.4,13.5,15.2
Hildesheimer Boerde (loess),2026-10-03 09:00:00,0.267,0.268,0.27,0.268,0.234,14.6,11.3,13.4,15.2
Hildesheimer Boerde (loess),2026-10-03 10:00:00,0.266,0.267,0.269,0.268,0.234,17.5,12.6,13.4,15.2
Hildesheimer Boerde (loess),2026-10-03 11:00:00,0.265,0.266,0.269,0.267,0.234,19.5,14.0,13.4,15.1
Hildesheimer Boerde (loess),2026-10-03 12:00:00,0.263,0.265,0.268,0.267,0.234,19.3,15.2,13.5,15.1
Hildesheimer Boerde (loess),2026-10-03 13:00:00,0.262,0.263,0.267,0.267,0.234,19.9,16.1,13.6,15.1
Hildesheimer Boerde (loess),2026-10-03 14:00:00,0.26,0.262,0.266,0.266,0.234,20.2,16.7,13.8,15.1
Hildesheimer Boerde (loess),2026-10-03 15:00:00,0.26,0.261,0.265,0.266,0.234,18.8,17.0,14.0,15.1
Hildesheimer Boerde (loess),2026-10-03 16:00:00,0.26,0.261,0.264,0.266,0.234,16.8,16.9,14.2,15.1
Hildesheimer Boerde (loess),2026-10-03 17:00:00,0.26,0.261,0.264,0.265,0.234,14.5,16.4,14.3,15.1
Hildesheimer Boerde (loess),2026-10-03 18:00:00,0.26,0.261,0.263,0.265,0.234,12.7,15.5,14.4,15.1
Hildesheimer Boerde (loess),2026-10-03 19:00:00,0.261,0.261,0.263,0.265,0.234,11.2,14.7,14.5,15.1
Hildesheimer Boerde (loess),2026-10-03 20:00:00,0.261,0.261,0.263,0.265,0.234,9.9,13.8,14.5,15.1
Hildesheimer Boerde (loess),2026-10-03 21:00:00,0.261,0.261,0.263,0.265,0.235,9.2,13.0,14.4,15.1
Hildesheimer Boerde (loess),2026-10-03 22:00:00,0.26,0.261,0.263,0.264,0.235,9.6,12.3,14.4,15.1
Hildesheimer Boerde (loess),2026-10-03 23:00:00,0.26,0.261,0.263,0.264,0.235,9.8,12.0,14.2,15.1
Hildesheimer Boerde (loess),2026-10-04 00:00:00,0.26,0.261,0.262,0.264,0.235,9.8,11.8,14.1,15.0
Hildesheimer Boerde (loess),2026-10-04 01:00:00,0.26,0.261,0.262,0.264,0.235,9.5,11.6,14.0,15.0
Hildesheimer Boerde (loess),2026-10-04 02:00:00,0.26,0.261,0.262,0.264,0.235,9.4,11.4,13.9,15.0
Hildesheimer Boerde (loess),2026-10-04 03:00:00,0.26,0.261,0.262,0.264,0.235,9.0,11.2,13.8,15.0
Hildesheimer Boerde (loess),2026-10-04 04:00:00,0.26,0.26,0.262,0.263,0.235,8.7,11.0,13.7,15.0
Hildesheimer Boerde (loess),2026-10-04 05:00:00,0.26,0.26,0.262,0.263,0.235,8.7,10.8,13.5,15.0
Hildesheimer Boerde (loess),2026-10-04 06:00:00,0.26,0.26,0.262,0.263,0.235,9.0,10.7,13.4,15.0
Hildesheimer Boerde (loess),2026-10-04 07:00:00,0.259,0.26,0.261,0.263,0.236,10.8,10.8,13.3,15.0
Hildesheimer Boerde (loess),2026-10-04 08:00:00,0.259,0.26,0.261,0.263,0.236,13.8,11.3,13.2,15.0
Hildesheimer Boerde (loess),2026-10-04 09:00:00,0.258,0.259,0.261,0.263,0.236,16.3,12.3,13.2,15.0
Hildesheimer Boerde (loess),2026-10-04 10:00:00,0.257,0.258,0.26,0.262,0.236,18.6,13.4,13.2,14.9
Hildesheimer Boerde (loess),2026-10-04 11:00:00,0.255,0.257,0.26,0.262,0.236,19.6,14.7,13.2,14.9
Hildesheimer Boerde (loess),2026-10-04 12:00:00,0.254,0.256,0.259,0.261,0.236,20.6,15.7,13.4,14.9
Hildesheimer Boerde (loess),2026-10-04 13:00:00,0.252,0.254,0.258,0.261,0.236,20.6,16.6,13.6,14.9
Hildesheimer Boerde (loess),2026-10-04 14:00:00,0.251,0.253,0.257,0.26,0.236,20.2,17.1,13.8,14.9
Hildesheimer Boerde (loess),2026-10-04 15:00:00,0.251,0.253,0.257,0.26,0.236,18.4,17.2,14.0,14.9
Hildesheimer Boerde (loess),2026-10-04 16:00:00,0.251,0.252,0.256,0.26,0.236,16.4,17.0,14.2,14.9
Hildesheimer Boerde (loess),2026-10-04 17:00:00,0.251,0.252,0.256,0.26,0.236,13.9,16.3,14.3,14.9
Hildesheimer Boerde (loess),2026-10-04 18:00:00,0.252,0.253,0.255,0.259,0.236,12.1,15.3,14.4,14.9
Hildesheimer Boerde (loess),2026-10-04 19:00:00,0.252,0.253,0.255,0.259,0.236,11.5,14.4,14.4,14.9
Hildesheimer Boerde (loess),2026-10-04 20:00:00,0.252,0.253,0.255,0.259,0.236,11.2,13.8,14.4,14.9
Hildesheimer Boerde (loess),2026-10-04 21:00:00,0.253,0.253,0.255,0.259,0.236,10.4,13.2,14.4,14.9
Hildesheimer Boerde (loess),2026-10-04 22:00:00,0.253,0.253,0.255,0.259,0.236,9.6,12.6,14.3,14.9
Hildesheimer Boerde (loess),2026-10-04 23:00:00,0.253,0.253,0.255,0.259,0.236,9.2,12.1,14.2,14.9
Hildesheimer Boerde (loess),2026-10-05 00:00:00,0.253,0.253,0.255,0.258,0.236,8.4,11.7,14.1,14.8
Hildesheimer Boerde (loess),2026-10-05 01:00:00,0.253,0.253,0.255,0.258,0.236,9.1,11.3,14.0,14.8
Hildesheimer Boerde (loess),2026-10-05 02:00:00,0.253,0.253,0.255,0.258,0.237,9.2,11.2,13.8,14.8
Hildesheimer Boerde (loess),2026-10-05 03:00:00,0.253,0.253,0.255,0.258,0.237,8.8,11.0,13.7,14.8
Hildesheimer Boerde (loess),2026-10-05 04:00:00,0.253,0.253,0.255,0.258,0.237,9.0,10.8,13.6,14.9
Hildesheimer Boerde (loess),2026-10-05 05:00:00,0.253,0.253,0.255,0.259,0.238,8.9,10.7,13.6,15.1
Hildesheimer Boerde (loess),2026-10-05 06:00:00,0.253,0.253,0.255,0.259,0.238,9.2,10.5,13.5,15.1
Hildesheimer Boerde (loess),2026-10-05 07:00:00,0.252,0.253,0.255,0.26,0.238,11.6,10.7,13.5,15.3
Hildesheimer Boerde (loess),2026-10-05 08:00:00,0.252,0.253,0.255,0.259,0.238,13.9,11.4,13.4,15.3
Hildesheimer Boerde (loess),2026-10-05 09:00:00,0.251,0.252,0.255,0.259,0.238,17.8,12.4,13.4,15.3
Hildesheimer Boerde (loess),2026-10-05 10:00:00,0.249,0.251,0.254,0.259,0.238,19.7,13.8,13.4,15.2
Hildesheimer Boerde (loess),2026-10-05 11:00:00,0.247,0.25,0.254,0.258,0.238,21.2,15.1,13.5,15.2
Hildesheimer Boerde (loess),2026-10-05 12:00:00,0.245,0.248,0.253,0.258,0.238,21.3,16.2,13.6,15.2
Hildesheimer Boerde (loess),2026-10-05 13:00:00,0.243,0.247,0.252,0.257,0.238,21.3,17.0,13.8,15.2
Hildesheimer Boerde (loess),2026-10-05 14:00:00,0.242,0.246,0.251,0.257,0.238,20.4,17.5,14.0,15.2
Hildesheimer Boerde (loess),2026-10-05 15:00:00,0.242,0.245,0.25,0.257,0.238,19.2,17.6,14.2,15.2
Hildesheimer Boerde (loess),2026-10-05 16:00:00,0.242,0.244,0.25,0.256,0.238,17.0,17.4,14.4,15.2
Hildesheimer Boerde (loess),2026-10-05 17:00:00,0.243,0.244,0.249,0.256,0.238,14.7,16.8,14.5,15.2
Hildesheimer Boerde (loess),2026-10-05 18:00:00,0.243,0.245,0.249,0.256,0.238,13.3,16.0,14.6,15.2
Hildesheimer Boerde (loess),2026-10-05 19:00:00,0.243,0.245,0.249,0.256,0.238,12.5,15.2,14.7,15.2
Hildesheimer Boerde (loess),2026-10-05 20:00:00,0.244,0.245,0.249,0.256,0.238,11.4,14.5,14.7,15.2
Hildesheimer Boerde (loess),2026-10-05 21:00:00,0.244,0.245,0.249,0.255,0.238,10.8,13.9,14.7,15.2
Hildesheimer Boerde (loess),2026-10-05 22:00:00,0.245,0.245,0.248,0.255,0.238,10.1,13.3,14.6,15.2
Hildesheimer Boerde (loess),2026-10-05 23:00:00,0.245,0.246,0.248,0.255,0.238,9.5,12.7,14.6,15.1
Hildesheimer Boerde (loess),2026-10-06 00:00:00,0.245,0.246,0.248,0.255,0.239,9.1,12.3,14.5,15.1
Hildesheimer Boerde (loess),2026-10-06 01:00:00,0.245,0.246,0.248,0.255,0.239,8.9,11.8,14.4,15.1
Hildesheimer Boerde (loess),2026-10-06 02:00:00,0.245,0.246,0.248,0.254,0.239,8.6,11.5,14.2,15.1
Hildesheimer Boerde (loess),2026-10-06 03:00:00,0.245,0.246,0.248,0.254,0.239,8.3,11.2,14.1,15.1
Hildesheimer Boerde (loess),2026-10-06 04:00:00,0.246,0.246,0.248,0.254,0.239,8.0,10.9,14.0,15.1
Hildesheimer Boerde (loess),2026-10-06 05:00:00,0.246,0.246,0.248,0.254,0.239,7.6,10.6,13.8,15.1
Hildesheimer Boerde (loess),2026-10-06 06:00:00,0.246,0.246,0.248,0.254,0.239,7.9,10.4,13.7,15.1
Hildesheimer Boerde (loess),2026-10-06 07:00:00,0.246,0.246,0.248,0.254,0.239,10.9,10.8,13.5,15.1
Hildesheimer Boerde (loess),2026-10-06 08:00:00,0.245,0.246,0.248,0.253,0.239,15.0,11.6,13.4,15.1
Hildesheimer Boerde (loess),2026-10-06 09:00:00,0.244,0.246,0.248,0.253,0.239,18.5,12.5,13.4,15.1
Hildesheimer Boerde (loess),2026-10-06 10:00:00,0.242,0.245,0.247,0.253,0.239,20.5,13.8,13.4,15.1
Hildesheimer Boerde (loess),2026-10-06 11:00:00,0.24,0.243,0.247,0.252,0.239,21.9,15.3,13.5,15.0
Hildesheimer Boerde (loess),2026-10-06 12:00:00,0.238,0.242,0.246,0.252,0.239,22.5,16.6,13.6,15.0
Hildesheimer Boerde (loess),2026-10-06 13:00:00,0.237,0.241,0.245,0.252,0.239,22.3,17.5,13.8,15.0
Hildesheimer Boerde (loess),2026-10-06 14:00:00,0.236,0.239,0.245,0.251,0.239,21.4,18.1,14.1,15.0
Hildesheimer Boerde (loess),2026-10-06 15:00:00,0.235,0.238,0.244,0.251,0.239,19.9,18.2,14.3,15.0
Hildesheimer Boerde (loess),2026-10-06 16:00:00,0.235,0.238,0.244,0.251,0.239,17.3,17.8,14.5,15.0
Hildesheimer Boerde (loess),2026-10-06 17:00:00,0.236,0.238,0.243,0.25,0.239,14.0,16.9,14.6,15.0
Hildesheimer Boerde (loess),2026-10-06 18:00:00,0.237,0.238,0.243,0.25,0.239,11.4,15.9,14.7,15.0
Hildesheimer Boerde (loess),2026-10-06 19:00:00,0.238,0.238,0.243,0.25,0.239,10.1,14.9,14.8,15.0
Hildesheimer Boerde (loess),2026-10-06 20:00:00,0.238,0.239,0.243,0.25,0.239,9.5,13.8,14.7,15.0
Hildesheimer Boerde (loess),2026-10-06 21:00:00,0.239,0.239,0.243,0.25,0.239,8.8,12.9,14.7,15.0
Hildesheimer Boerde (loess),2026-10-06 22:00:00,0.239,0.239,0.243,0.25,0.239,7.9,12.1,14.6,15.0
Hildesheimer Boerde (loess),2026-10-06 23:00:00,0.239,0.24,0.242,0.25,0.239,7.1,11.5,14.4,15.0
Hildesheimer Boerde (loess),2026-10-07 00:00:00,0.239,0.24,0.242,0.25,0.239,6.4,10.9,14.3,15.0
Hildesheimer Boerde (loess),2026-10-07 01:00:00,0.239,0.24,0.242,0.25,0.239,6.0,10.3,14.1,15.0
Hildesheimer Boerde (loess),2026-10-07 02:00:00,0.24,0.241,0.243,0.249,0.24,5.7,9.8,13.9,15.0
Hildesheimer Boerde (loess),2026-10-07 03:00:00,0.24,0.241,0.243,0.249,0.24,5.6,9.4,13.7,15.0
Hildesheimer Boerde (loess),2026-10-07 04:00:00,0.24,0.241,0.243,0.249,0.24,5.1,9.0,13.5,15.0
Hildesheimer Boerde (loess),2026-10-07 05:00:00,0.24,0.241,0.243,0.249,0.24,4.8,8.7,13.3,14.9
Hildesheimer Boerde (loess),2026-10-07 06:00:00,0.24,0.241,0.243,0.249,0.24,5.7,8.7,13.1,14.9
Hildesheimer Boerde (loess),2026-10-07 07:00:00,0.24,0.241,0.243,0.249,0.24,9.2,9.2,13.0,14.9
Hildesheimer Boerde (loess),2026-10-07 08:00:00,0.239,0.241,0.243,0.248,0.24,14.0,10.1,12.8,14.9
Hildesheimer Boerde (loess),2026-10-07 09:00:00,0.238,0.24,0.243,0.248,0.24,18.0,11.3,12.7,14.9
Hildesheimer Boerde (loess),2026-10-07 10:00:00,0.236,0.239,0.242,0.248,0.24,20.5,12.9,12.7,14.9
Hildesheimer Boerde (loess),2026-10-07 11:00:00,0.234,0.237,0.242,0.247,0.24,22.3,14.7,12.8,14.9
Hildesheimer Boerde (loess),2026-10-07 12:00:00,0.232,0.236,0.241,0.247,0.24,23.1,16.2,13.0,14.9
Hildesheimer Boerde (loess),2026-10-07 13:00:00,0.23,0.235,0.24,0.247,0.24,22.9,17.2,13.2,14.9
Hildesheimer Boerde (loess),2026-10-07 14:00:00,0.229,0.233,0.24,0.246,0.24,21.7,17.8,13.5,14.8
Hildesheimer Boerde (loess),2026-10-07 15:00:00,0.228,0.232,0.239,0.246,0.24,20.2,18.1,13.7,14.8
Hildesheimer Boerde (loess),2026-10-07 16:00:00,0.228,0.232,0.238,0.246,0.24,18.2,17.7,13.9,14.8
Hildesheimer Boerde (loess),2026-10-07 17:00:00,0.228,0.231,0.238,0.245,0.24,15.9,16.9,14.1,14.8
Hildesheimer Boerde (loess),2026-10-07 18:00:00,0.229,0.232,0.237,0.245,0.24,14.3,16.2,14.3,14.8
Hildesheimer Boerde (loess),2026-10-07 19:00:00,0.232,0.233,0.237,0.245,0.24,13.9,15.7,14.4,14.8
Hildesheimer Boerde (loess),2026-10-07 20:00:00,0.237,0.234,0.237,0.245,0.24,14.3,15.3,14.4,14.8
Hildesheimer Boerde (loess),2026-10-07 21:00:00,0.242,0.237,0.237,0.245,0.24,14.7,15.0,14.5,14.8
Hildesheimer Boerde (loess),2026-10-07 22:00:00,0.244,0.239,0.236,0.243,0.234,14.9,14.8,14.5,14.8
Hildesheimer Boerde (loess),2026-10-07 23:00:00,0.243,0.24,0.234,0.24,0.229,15.1,14.8,14.5,14.7
Hildesheimer Boerde (loess),2026-10-08 00:00:00,0.24,0.237,0.232,0.238,0.224,15.1,14.8,14.6,14.7
Hildesheimer Boerde (loess),2026-10-08 01:00:00,0.236,0.234,0.23,0.235,0.218,14.6,14.7,14.6,14.7
Hildesheimer Boerde (loess),2026-10-08 02:00:00,0.239,0.236,0.23,0.235,0.218,14.0,14.7,14.6,14.7
Hildesheimer Boerde (loess),2026-10-08 03:00:00,0.241,0.238,0.231,0.235,0.218,13.6,14.6,14.6,14.7
Hildesheimer Boerde (loess),2026-10-08 04:00:00,0.24,0.238,0.232,0.235,0.218,13.4,14.5,14.6,14.7
Hildesheimer Boerde (loess),2026-10-08 05:00:00,0.237,0.236,0.232,0.234,0.218,13.4,14.3,14.6,14.7
Hildesheimer Boerde (loess),2026-10-08 06:00:00,0.236,0.236,0.233,0.234,0.218,13.3,14.1,14.6,14.7
Hildesheimer Boerde (loess),2026-10-08 07:00:00,0.24,0.238,0.233,0.234,0.218,12.9,13.9,14.5,14.7
Hildesheimer Boerde (loess),2026-10-08 08:00:00,0.247,0.24,0.234,0.234,0.218,12.4,13.7,14.5,14.7
Hildesheimer Boerde (loess),2026-10-08 09:00:00,0.251,0.242,0.234,0.234,0.218,12.1,13.6,14.5,14.7
Hildesheimer Boerde (loess),2026-10-08 10:00:00,0.25,0.243,0.235,0.234,0.218,12.0,13.4,14.4,14.7
Hildesheimer Boerde (loess),2026-10-08 11:00:00,0.246,0.243,0.236,0.234,0.218,12.0,13.3,14.4,14.7
Hildesheimer Boerde (loess),2026-10-08 12:00:00,0.243,0.243,0.237,0.234,0.218,12.1,13.3,14.3,14.7
Hildesheimer Boerde (loess),2026-10-08 13:00:00,0.241,0.242,0.237,0.234,0.218,12.6,13.3,14.3,14.7
Hildesheimer Boerde (loess),2026-10-08 14:00:00,0.239,0.24,0.237,0.234,0.218,13.1,13.4,14.3,14.7
Hildesheimer Boerde (loess),2026-10-08 15:00:00,0.238,0.239,0.237,0.234,0.218,13.1,13.4,14.2,14.7
Hildesheimer Boerde (loess),2026-10-08 16:00:00,0.237,0.238,0.237,0.234,0.218,12.2,13.3,14.2,14.7
Hildesheimer Boerde (loess),2026-10-08 17:00:00,0.236,0.238,0.237,0.234,0.218,10.7,13.0,14.1,14.7
Hildesheimer Boerde (loess),2026-10-08 18:00:00,0.236,0.237,0.237,0.234,0.218,9.5,12.7,14.1,14.7
Hildesheimer Boerde (loess),2026-10-08 19:00:00,0.236,0.237,0.237,0.234,0.218,9.0,12.3,14.0,14.7
Hildesheimer Boerde (loess),2026-10-08 20:00:00,0.235,0.236,0.236,0.234,0.219,8.8,11.8,13.9,14.7
Hildesheimer Boerde (loess),2026-10-08 21:00:00,0.235,0.236,0.236,0.234,0.219,8.6,11.4,13.8,14.7
Hildesheimer Boerde (loess),2026-10-08 22:00:00,0.235,0.236,0.236,0.234,0.219,8.5,11.1,13.7,14.7
Hildesheimer Boerde (loess),2026-10-08 23:00:00,0.235,0.235,0.236,0.233,0.219,8.3,10.9,13.6,14.7
Hildesheimer Boerde (loess),2026-10-09 00:00:00,0.235,0.235,0.236,0.233,0.219,8.3,10.7,13.5,14.7
Hildesheimer Boerde (loess),2026-10-09 01:00:00,0.235,0.235,0.236,0.233,0.219,8.3,10.6,13.4,14.7
Hildesheimer Boerde (loess),2026-10-09 02:00:00,0.234,0.235,0.235,0.233,0.219,8.4,10.5,13.2,14.6
Hildesheimer Boerde (loess),2026-10-09 03:00:00,0.234,0.235,0.235,0.233,0.219,8.4,10.4,13.1,14.6
Hildesheimer Boerde (loess),2026-10-09 04:00:00,0.234,0.235,0.235,0.233,0.219,8.1,10.2,13.0,14.6
Hildesheimer Boerde (loess),2026-10-09 05:00:00,0.234,0.234,0.235,0.233,0.219,7.8,10.1,12.9,14.6
Hildesheimer Boerde (loess),2026-10-09 06:00:00,0.234,0.234,0.235,0.233,0.219,8.1,10.1,12.8,14.6
Hildesheimer Boerde (loess),2026-10-09 07:00:00,0.234,0.234,0.235,0.233,0.219,9.4,10.2,12.7,14.6
Hildesheimer Boerde (loess),2026-10-09 08:00:00,0.233,0.233,0.234,0.233,0.219,11.2,10.6,12.6,14.6
Hildesheimer Boerde (loess),2026-10-09 09:00:00,0.232,0.233,0.234,0.233,0.219,12.8,11.0,12.5,14.6
Hildesheimer Boerde (loess),2026-10-09 10:00:00,0.23,0.232,0.234,0.233,0.219,13.9,11.6,12.5,14.6
Hildesheimer Boerde (loess),2026-10-09 11:00:00,0.229,0.231,0.233,0.233,0.219,14.8,12.4,12.5,14.5
Hildesheimer Boerde (loess),2026-10-09 12:00:00,0.227,0.23,0.233,0.233,0.219,15.1,12.9,12.6,14.5
Hildesheimer Boerde (loess),2026-10-09 13:00:00,0.226,0.229,0.233,0.233,0.219,14.6,13.2,12.6,14.5
Hildesheimer Boerde (loess),2026-10-09 14:00:00,0.225,0.228,0.232,0.232,0.219,13.7,13.3,12.7,14.5
Hildesheimer Boerde (loess),2026-10-09 15:00:00,0.225,0.227,0.232,0.232,0.219,12.7,13.3,12.7,14.5
Hildesheimer Boerde (loess),2026-10-09 16:00:00,0.225,0.225,0.231,0.232,0.219,11.6,13.0,12.8,14.5
Hildesheimer Boerde (loess),2026-10-09 17:00:00,0.227,0.224,0.231,0.232,0.219,10.4,12.6,12.8,14.5
Hildesheimer Boerde (loess),2026-10-09 18:00:00,0.234,0.228,0.231,0.232,0.219,9.5,12.2,12.8,14.5
Hildesheimer Boerde (loess),2026-10-09 19:00:00,0.253,0.242,0.232,0.232,0.219,9.3,11.8,12.8,14.5
Hildesheimer Boerde (loess),2026-10-09 20:00:00,0.277,0.261,0.233,0.232,0.219,9.4,11.4,12.8,14.4
Hildesheimer Boerde (loess),2026-10-09 21:00:00,0.292,0.273,0.235,0.232,0.219,9.6,11.1,12.7,14.4
Hildesheimer Boerde (loess),2026-10-09 22:00:00,0.288,0.273,0.239,0.232,0.219,9.9,11.1,12.7,14.4
Hildesheimer Boerde (loess),2026-10-09 23:00:00,0.275,0.267,0.244,0.232,0.22,10.3,11.1,12.6,14.4
Lueneburger Heide (sand),2026-09-26 00:00:00,0.097,0.097,0.098,0.084,0.054,4.6,7.7,11.6,13.5
Lueneburger Heide (sand),2026-09-26 01:00:00,0.097,0.097,0.097,0.084,0.054,4.7,7.5,11.2,13.5
Lueneburger Heide (sand),2026-09-26 02:00:00,0.097,0.097,0.097,0.084,0.055,4.8,7.3,10.8,13.4
Lueneburger Heide (sand),2026-09-26 03:00:00,0.101,0.101,0.101,0.084,0.055,4.4,7.0,10.5,13.4
Lueneburger Heide (sand),2026-09-26 04:00:00,0.101,0.101,0.1,0.084,0.055,5.4,6.9,10.2,13.4
Lueneburger Heide (sand),2026-09-26 05:00:00,0.101,0.101,0.1,0.084,0.055,6.7,7.2,9.9,13.3
Lueneburger Heide (sand),2026-09-26 06:00:00,0.1,0.101,0.1,0.084,0.055,7.2,7.5,9.7,13.3
Lueneburger Heide (sand),2026-09-26 07:00:00,0.1,0.1,0.1,0.084,0.055,9.8,8.3,9.6,13.2
Lueneburger Heide (sand),2026-09-26 08:00:00,0.099,0.1,0.099,0.084,0.055,10.5,9.2,9.6,13.2
Lueneburger Heide (sand),2026-09-26 09:00:00,0.098,0.099,0.099,0.084,0.055,14.1,11.0,9.8,13.1
Lueneburger Heide (sand),2026-09-26 10:00:00,0.097,0.098,0.098,0.084,0.055,13.9,11.6,10.1,13.1
Lueneburger Heide (sand),2026-09-26 11:00:00,0.096,0.097,0.098,0.083,0.055,16.1,12.5,10.4,13.1
Lueneburger Heide (sand),2026-09-26 12:00:00,0.094,0.096,0.097,0.083,0.055,14.8,13.4,10.8,13.1
Lueneburger Heide (sand),2026-09-26 13:00:00,0.093,0.095,0.096,0.083,0.055,17.5,13.9,11.2,13.0
Lueneburger Heide (sand),2026-09-26 14:00:00,0.092,0.094,0.095,0.083,0.055,17.0,14.5,11.6,13.0
Lueneburger Heide (sand),2026-09-26 15:00:00,0.091,0.093,0.095,0.082,0.055,16.7,14.7,12.0,13.0
Lueneburger Heide (sand),2026-09-26 16:00:00,0.091,0.092,0.094,0.082,0.055,15.7,14.7,12.3,13.0
Lueneburger Heide (sand),2026-09-26 17:00:00,0.091,0.092,0.094,0.082,0.055,13.8,14.2,12.6,13.0
Lueneburger Heide (sand),2026-09-26 18:00:00,0.091,0.092,0.094,0.082,0.055,12.6,13.6,12.8,13.0
Lueneburger Heide (sand),2026-09-26 19:00:00,0.091,0.092,0.094,0.082,0.055,12.2,12.9,12.8,13.0
Lueneburger Heide (sand),2026-09-26 20:00:00,0.092,0.092,0.093,0.082,0.055,12.2,12.6,12.8,13.0
Lueneburger Heide (sand),2026-09-26 21:00:00,0.092,0.092,0.093,0.082,0.055,11.4,12.2,12.8,13.0
Lueneburger Heide (sand),2026-09-26 22:00:00,0.092,0.092,0.093,0.082,0.055,11.8,12.1,12.7,13.0
Lueneburger Heide (sand),2026-09-26 23:00:00,0.092,0.092,0.093,0.082,0.055,11.5,12.1,12.7,13.0
Lueneburger Heide (sand),2026-09-27 00:00:00,0.092,0.092,0.093,0.082,0.055,11.1,11.7,12.5,13.0
Lueneburger Heide (sand),2026-09-27 01:00:00,0.092,0.092,0.092,0.082,0.055,10.9,11.7,12.5,13.0
Lueneburger Heide (sand),2026-09-27 02:00:00,0.092,0.092,0.092,0.082,0.055,11.0,11.5,12.4,13.0
Lueneburger Heide (sand),2026-09-27 03:00:00,0.095,0.095,0.094,0.082,0.055,11.2,11.6,12.3,13.0
Lueneburger Heide (sand),2026-09-27 04:00:00,0.094,0.095,0.094,0.082,0.055,10.6,11.6,12.3,13.0
Lueneburger Heide (sand),2026-09-27 05:00:00,0.094,0.094,0.094,0.082,0.055,10.6,11.4,12.2,13.0
Lueneburger Heide (sand),2026-09-27 06:00:00,0.094,0.094,0.094,0.082,0.055,10.7,11.2,12.1,13.0
Lueneburger Heide (sand),2026-09-27 07:00:00,0.094,0.094,0.094,0.082,0.055,12.1,11.4,12.1,13.0
Lueneburger Heide (sand),2026-09-27 08:00:00,0.093,0.094,0.093,0.082,0.055,13.1,12.0,12.0,13.0
Lueneburger Heide (sand),2026-09-27 09:00:00,0.092,0.093,0.093,0.082,0.055,15.5,12.9,12.1,13.0
Lueneburger Heide (sand),2026-09-27 10:00:00,0.09,0.092,0.092,0.082,0.055,17.3,14.0,12.3,13.0
Lueneburger Heide (sand),2026-09-27 11:00:00,0.088,0.091,0.092,0.081,0.055,19.2,15.2,12.6,13.0
Lueneburger Heide (sand),2026-09-27 12:00:00,0.086,0.089,0.091,0.081,0.055,20.8,16.5,13.0,13.0
Lueneburger Heide (sand),2026-09-27 13:00:00,0.084,0.088,0.09,0.08,0.055,21.1,17.3,13.5,13.0
Lueneburger Heide (sand),2026-09-27 14:00:00,0.083,0.086,0.089,0.08,0.055,20.9,17.8,14.0,13.0
Lueneburger Heide (sand),2026-09-27 15:00:00,0.081,0.085,0.088,0.08,0.055,20.5,18.1,14.4,13.0
Lueneburger Heide (sand),2026-09-27 16:00:00,0.081,0.084,0.087,0.079,0.055,19.1,17.9,14.8,13.0
Lueneburger Heide (sand),2026-09-27 17:00:00,0.08,0.084,0.087,0.079,0.055,17.8,17.5,15.1,13.1
Lueneburger Heide (sand),2026-09-27 18:00:00,0.079,0.083,0.087,0.079,0.055,18.3,17.6,15.3,13.1
Lueneburger Heide (sand),2026-09-27 19:00:00,0.079,0.083,0.087,0.079,0.055,16.9,17.0,15.5,13.1
Lueneburger Heide (sand),2026-09-27 20:00:00,0.079,0.082,0.086,0.079,0.055,16.2,16.5,15.6,13.2
Lueneburger Heide (sand),2026-09-27 21:00:00,0.079,0.082,0.086,0.079,0.055,16.4,16.8,15.7,13.2
Lueneburger Heide (sand),2026-09-27 22:00:00,0.078,0.081,0.086,0.079,0.055,15.2,16.1,15.7,13.3
Lueneburger Heide (sand),2026-09-27 23:00:00,0.078,0.081,0.085,0.079,0.055,14.7,15.6,15.6,13.3
Lueneburger Heide (sand),2026-09-28 00:00:00,0.078,0.081,0.085,0.079,0.055,14.6,15.4,15.5,13.3
Lueneburger Heide (sand),2026-09-28 01:00:00,0.078,0.081,0.085,0.079,0.055,14.1,14.9,15.4,13.4
Lueneburger Heide (sand),2026-09-28 02:00:00,0.078,0.081,0.085,0.079,0.055,14.0,14.7,15.2,13.4
Lueneburger Heide (sand),2026-09-28 03:00:00,0.08,0.082,0.085,0.074,0.049,12.8,14.0,15.0,13.5
Lueneburger Heide (sand),2026-09-28 04:00:00,0.08,0.082,0.085,0.074,0.049,12.7,13.7,14.8,13.5
Lueneburger Heide (sand),2026-09-28 05:00:00,0.08,0.082,0.085,0.074,0.049,12.1,13.4,14.5,13.5
Lueneburger Heide (sand),2026-09-28 06:00:00,0.08,0.081,0.084,0.074,0.049,11.9,12.7,14.2,13.5
Lueneburger Heide (sand),2026-09-28 07:00:00,0.08,0.081,0.084,0.074,0.049,15.1,13.3,14.0,13.5
Lueneburger Heide (sand),2026-09-28 08:00:00,0.079,0.081,0.084,0.074,0.049,17.8,14.8,14.0,13.5
Lueneburger Heide (sand),2026-09-28 09:00:00,0.078,0.08,0.083,0.074,0.049,20.2,16.3,14.2,13.5
Lueneburger Heide (sand),2026-09-28 10:00:00,0.077,0.08,0.083,0.074,0.049,21.4,17.7,14.6,13.6
Lueneburger Heide (sand),2026-09-28 11:00:00,0.076,0.079,0.082,0.073,0.049,22.1,18.6,15.1,13.6
Lueneburger Heide (sand),2026-09-28 12:00:00,0.075,0.078,0.081,0.073,0.049,23.4,19.6,15.6,13.6
Lueneburger Heide (sand),2026-09-28 13:00:00,0.074,0.077,0.081,0.073,0.049,23.0,19.9,16.1,13.7
Lueneburger Heide (sand),2026-09-28 14:00:00,0.073,0.076,0.08,0.072,0.049,21.9,19.9,16.6,13.7
Lueneburger Heide (sand),2026-09-28 15:00:00,0.073,0.076,0.08,0.072,0.049,21.2,19.8,17.0,13.7
Lueneburger Heide (sand),2026-09-28 16:00:00,0.073,0.075,0.079,0.072,0.049,19.9,19.4,17.2,13.8
Lueneburger Heide (sand),2026-09-28 17:00:00,0.073,0.075,0.079,0.072,0.049,18.2,18.7,17.3,13.9
Lueneburger Heide (sand),2026-09-28 18:00:00,0.073,0.075,0.079,0.072,0.049,16.7,17.6,17.3,13.9
Lueneburger Heide (sand),2026-09-28 19:00:00,0.073,0.075,0.079,0.072,0.049,16.7,17.0,17.1,14.0
Lueneburger Heide (sand),2026-09-28 20:00:00,0.074,0.075,0.078,0.072,0.049,16.4,16.8,17.0,14.0
Lueneburger Heide (sand),2026-09-28 21:00:00,0.074,0.075,0.078,0.072,0.049,15.1,16.0,16.7,14.1
Lueneburger Heide (sand),2026-09-28 22:00:00,0.074,0.075,0.078,0.072,0.049,15.0,15.8,16.5,14.1
Lueneburger Heide (sand),2026-09-28 23:00:00,0.074,0.075,0.078,0.072,0.049,14.8,15.6,16.3,14.1
Lueneburger Heide (sand),2026-09-29 00:00:00,0.074,0.075,0.078,0.072,0.049,14.9,15.6,16.1,14.2
Lueneburger Heide (sand),2026-09-29 01:00:00,0.074,0.075,0.078,0.072,0.049,14.2,15.2,15.9,14.2
Lueneburger Heide (sand),2026-09-29 02:00:00,0.074,0.075,0.078,0.072,0.049,14.3,15.0,15.7,14.2
Lueneburger Heide (sand),2026-09-29 03:00:00,0.074,0.075,0.078,0.073,0.049,14.4,14.8,15.5,14.2
Lueneburger Heide (sand),2026-09-29 04:00:00,0.074,0.075,0.077,0.073,0.049,14.6,14.8,15.3,14.2
Lueneburger Heide (sand),2026-09-29 05:00:00,0.074,0.075,0.077,0.073,0.049,14.6,14.9,15.2,14.3
Lueneburger Heide (sand),2026-09-29 06:00:00,0.074,0.075,0.077,0.073,0.049,15.0,14.9,15.1,14.3
Lueneburger Heide (sand),2026-09-29 07:00:00,0.074,0.075,0.077,0.073,0.049,15.7,15.1,15.0,14.3
Lueneburger Heide (sand),2026-09-29 08:00:00,0.073,0.075,0.077,0.073,0.049,16.9,15.5,15.1,14.3
Lueneburger Heide (sand),2026-09-29 09:00:00,0.072,0.074,0.077,0.073,0.049,18.7,16.3,15.1,14.3
Lueneburger Heide (sand),2026-09-29 10:00:00,0.071,0.074,0.076,0.073,0.049,19.5,17.2,15.4,14.3
Lueneburger Heide (sand),2026-09-29 11:00:00,0.07,0.073,0.076,0.072,0.049,19.7,17.8,15.6,14.3
Lueneburger Heide (sand),2026-09-29 12:00:00,0.068,0.072,0.075,0.072,0.049,21.1,18.6,16.0,14.3
Lueneburger Heide (sand),2026-09-29 13:00:00,0.067,0.071,0.074,0.072,0.049,21.5,19.0,16.3,14.4
Lueneburger Heide (sand),2026-09-29 14:00:00,0.066,0.07,0.074,0.071,0.049,21.7,19.4,16.7,14.4
Lueneburger Heide (sand),2026-09-29 15:00:00,0.065,0.069,0.073,0.071,0.049,19.6,18.8,16.9,14.4
Lueneburger Heide (sand),2026-09-29 16:00:00,0.064,0.068,0.073,0.071,0.049,19.1,18.5,17.1,14.5
Lueneburger Heide (sand),2026-09-29 17:00:00,0.064,0.068,0.073,0.071,0.049,18.1,18.1,17.2,14.5
Lueneburger Heide (sand),2026-09-29 18:00:00,0.064,0.068,0.073,0.071,0.049,17.7,18.1,17.2,14.5
Lueneburger Heide (sand),2026-09-29 19:00:00,0.064,0.067,0.072,0.071,0.049,17.0,17.4,17.2,14.6
Lueneburger Heide (sand),2026-09-29 20:00:00,0.063,0.067,0.072,0.071,0.049,16.7,17.1,17.1,14.6
Lueneburger Heide (sand),2026-09-29 21:00:00,0.063,0.067,0.072,0.071,0.049,16.9,17.4,17.0,14.7
Lueneburger Heide (sand),2026-09-29 22:00:00,0.063,0.066,0.072,0.071,0.049,15.6,16.8,16.9,14.7
Lueneburger Heide (sand),2026-09-29 23:00:00,0.063,0.066,0.072,0.071,0.049,14.8,16.0,16.7,14.7
Lueneburger Heide (sand),2026-09-30 00:00:00,0.063,0.066,0.072,0.071,0.049,14.3,15.8,16.5,14.8
Lueneburger Heide (sand),2026-09-30 01:00:00,0.063,0.066,0.071,0.071,0.049,13.8,15.2,16.3,14.8
Lueneburger Heide (sand),2026-09-30 02:00:00,0.063,0.066,0.071,0.07,0.049,13.8,14.8,16.0,14.8
Lueneburger Heide (sand),2026-09-30 03:00:00,0.065,0.067,0.072,0.071,0.05,13.1,14.4,15.6,14.8
Lueneburger Heide (sand),2026-09-30 04:00:00,0.065,0.067,0.072,0.071,0.05,13.0,14.1,15.4,14.8
Lueneburger Heide (sand),2026-09-30 05:00:00,0.065,0.067,0.071,0.071,0.05,12.6,13.9,15.1,14.8
Lueneburger Heide (sand),2026-09-30 06:00:00,0.065,0.067,0.071,0.071,0.05,12.7,13.4,14.8,14.8
Lueneburger Heide (sand),2026-09-30 07:00:00,0.064,0.067,0.071,0.071,0.05,14.4,13.9,14.6,14.8
Lueneburger Heide (sand),2026-09-30 08:00:00,0.064,0.066,0.071,0.071,0.05,16.0,14.7,14.6,14.8
Lueneburger Heide (sand),2026-09-30 09:00:00,0.063,0.066,0.071,0.071,0.05,17.8,15.8,14.7,14.8
Lueneburger Heide (sand),2026-09-30 10:00:00,0.062,0.065,0.07,0.071,0.05,19.6,16.8,15.0,14.8
Lueneburger Heide (sand),2026-09-30 11:00:00,0.061,0.065,0.07,0.07,0.049,20.5,17.7,15.4,14.8
Lueneburger Heide (sand),2026-09-30 12:00:00,0.06,0.064,0.069,0.07,0.049,21.9,18.8,15.8,14.8
Lueneburger Heide (sand),2026-09-30 13:00:00,0.059,0.063,0.069,0.07,0.049,21.4,19.2,16.3,14.8
Lueneburger Heide (sand),2026-09-30 14:00:00,0.058,0.063,0.068,0.069,0.049,21.9,19.5,16.7,14.8
Lueneburger Heide (sand),2026-09-30 15:00:00,0.057,0.062,0.068,0.069,0.049,21.6,19.8,17.1,14.8
Lueneburger Heide (sand),2026-09-30 16:00:00,0.057,0.061,0.067,0.069,0.049,19.9,19.4,17.4,14.9
Lueneburger Heide (sand),2026-09-30 17:00:00,0.057,0.061,0.067,0.069,0.049,18.3,18.8,17.6,14.9
Lueneburger Heide (sand),2026-09-30 18:00:00,0.056,0.061,0.067,0.069,0.049,17.6,18.1,17.5,14.9
Lueneburger Heide (sand),2026-09-30 19:00:00,0.056,0.06,0.067,0.069,0.049,16.8,17.5,17.5,15.0
Lueneburger Heide (sand),2026-09-30 20:00:00,0.056,0.06,0.066,0.069,0.049,16.3,17.1,17.3,15.0
Lueneburger Heide (sand),2026-09-30 21:00:00,0.056,0.06,0.066,0.069,0.049,16.9,17.3,17.2,15.0
Lueneburger Heide (sand),2026-09-30 22:00:00,0.056,0.06,0.066,0.068,0.049,15.8,16.8,17.1,15.1
Lueneburger Heide (sand),2026-09-30 23:00:00,0.056,0.06,0.066,0.068,0.049,15.0,16.2,16.9,15.1
Lueneburger Heide (sand),2026-10-01 00:00:00,0.057,0.06,0.066,0.068,0.049,13.9,15.5,16.6,15.1
Lueneburger Heide (sand),2026-10-01 01:00:00,0.057,0.059,0.066,0.068,0.049,13.6,15.0,16.3,15.1
Lueneburger Heide (sand),2026-10-01 02:00:00,0.057,0.059,0.066,0.068,0.049,13.4,14.8,16.0,15.1
Lueneburger Heide (sand),2026-10-01 03:00:00,0.057,0.06,0.065,0.066,0.047,13.0,14.3,15.7,15.1
Lueneburger Heide (sand),2026-10-01 04:00:00,0.057,0.059,0.065,0.066,0.047,12.9,14.2,15.4,15.1
Lueneburger Heide (sand),2026-10-01 05:00:00,0.057,0.059,0.065,0.066,0.047,12.6,13.9,15.2,15.1
Lueneburger Heide (sand),2026-10-01 06:00:00,0.057,0.059,0.065,0.066,0.047,12.8,13.5,14.9,15.1
Lueneburger Heide (sand),2026-10-01 07:00:00,0.057,0.059,0.065,0.065,0.047,15.0,14.1,14.8,15.1
Lueneburger Heide (sand),2026-10-01 08:00:00,0.057,0.059,0.065,0.065,0.047,16.9,15.1,14.8,15.1
Lueneburger Heide (sand),2026-10-01 09:00:00,0.055,0.059,0.064,0.065,0.047,17.7,15.5,14.8,15.0
Lueneburger Heide (sand),2026-10-01 10:00:00,0.054,0.058,0.064,0.065,0.047,18.5,16.5,15.0,15.0
Lueneburger Heide (sand),2026-10-01 11:00:00,0.053,0.058,0.064,0.065,0.047,20.1,17.3,15.4,15.0
Lueneburger Heide (sand),2026-10-01 12:00:00,0.052,0.057,0.063,0.065,0.047,19.4,17.7,15.7,15.0
Lueneburger Heide (sand),2026-10-01 13:00:00,0.052,0.057,0.063,0.064,0.047,18.7,17.7,16.0,15.0
Lueneburger Heide (sand),2026-10-01 14:00:00,0.064,0.057,0.063,0.064,0.047,17.3,17.3,16.2,15.0
Lueneburger Heide (sand),2026-10-01 15:00:00,0.207,0.155,0.064,0.064,0.047,16.5,16.6,16.2,15.0
Lueneburger Heide (sand),2026-10-01 16:00:00,0.246,0.232,0.099,0.064,0.047,16.6,16.5,16.2,15.1
Lueneburger Heide (sand),2026-10-01 17:00:00,0.227,0.221,0.167,0.065,0.047,16.5,16.5,16.2,15.1
Lueneburger Heide (sand),2026-10-01 18:00:00,0.242,0.236,0.19,0.067,0.047,16.2,16.4,16.2,15.1
Lueneburger Heide (sand),2026-10-01 19:00:00,0.237,0.232,0.213,0.071,0.047,15.6,16.1,16.2,15.1
Lueneburger Heide (sand),2026-10-01 20:00:00,0.231,0.23,0.222,0.077,0.047,15.5,15.8,16.1,15.1
Lueneburger Heide (sand),2026-10-01 21:00:00,0.222,0.221,0.214,0.081,0.047,15.6,15.8,16.0,15.1
Lueneburger Heide (sand),2026-10-01 22:00:00,0.212,0.212,0.209,0.086,0.047,15.3,15.6,15.9,15.1
Lueneburger Heide (sand),2026-10-01 23:00:00,0.209,0.208,0.203,0.091,0.047,15.3,15.5,15.8,15.1
Lueneburger Heide (sand),2026-10-02 00:00:00,0.217,0.214,0.202,0.094,0.047,15.1,15.3,15.7,15.1
Lueneburger Heide (sand),2026-10-02 01:00:00,0.211,0.209,0.201,0.098,0.047,15.1,15.3,15.6,15.1
Lueneburger Heide (sand),2026-10-02 02:00:00,0.225,0.221,0.204,0.102,0.047,15.0,15.3,15.5,15.1
Lueneburger Heide (sand),2026-10-02 03:00:00,0.228,0.226,0.208,0.106,0.05,15.1,15.2,15.4,15.1
Lueneburger Heide (sand),2026-10-02 04:00:00,0.231,0.225,0.212,0.11,0.05,15.0,15.2,15.4,15.1
Lueneburger Heide (sand),2026-10-02 05:00:00,0.23,0.228,0.219,0.116,0.05,14.8,15.1,15.3,15.1
Lueneburger Heide (sand),2026-10-02 06:00:00,0.218,0.219,0.218,0.121,0.05,14.6,14.9,15.2,15.1
Lueneburger Heide (sand),2026-10-02 07:00:00,0.213,0.214,0.211,0.126,0.05,14.8,14.9,15.1,15.1
Lueneburger Heide (sand),2026-10-02 08:00:00,0.213,0.211,0.206,0.13,0.05,15.5,15.1,15.1,15.0
Lueneburger Heide (sand),2026-10-02 09:00:00,0.208,0.208,0.204,0.133,0.05,15.8,15.5,15.1,15.0
Lueneburger Heide (sand),2026-10-02 10:00:00,0.201,0.202,0.2,0.136,0.05,17.1,15.6,15.2,15.0
Lueneburger Heide (sand),2026-10-02 11:00:00,0.195,0.196,0.195,0.138,0.05,16.7,16.0,15.3,15.0
Lueneburger Heide (sand),2026-10-02 12:00:00,0.188,0.19,0.19,0.14,0.05,17.4,16.5,15.5,15.0
Lueneburger Heide (sand),2026-10-02 13:00:00,0.184,0.185,0.185,0.141,0.05,17.2,16.6,15.7,15.0
Lueneburger Heide (sand),2026-10-02 14:00:00,0.18,0.181,0.181,0.142,0.05,17.0,16.6,15.8,15.0
Lueneburger Heide (sand),2026-10-02 15:00:00,0.177,0.178,0.178,0.143,0.05,16.9,16.7,16.0,15.0
Lueneburger Heide (sand),2026-10-02 16:00:00,0.174,0.175,0.175,0.143,0.051,15.9,16.4,16.0,15.0
Lueneburger Heide (sand),2026-10-02 17:00:00,0.173,0.174,0.173,0.144,0.051,13.9,15.5,16.0,15.0
Lueneburger Heide (sand),2026-10-02 18:00:00,0.171,0.172,0.171,0.145,0.051,12.2,14.3,15.8,15.1
Lueneburger Heide (sand),2026-10-02 19:00:00,0.17,0.17,0.17,0.145,0.051,11.6,13.5,15.4,15.1
Lueneburger Heide (sand),2026-10-02 20:00:00,0.168,0.169,0.168,0.146,0.051,11.0,13.0,15.0,15.0
Lueneburger Heide (sand),2026-10-02 21:00:00,0.167,0.168,0.167,0.146,0.051,11.0,12.3,14.5,15.0
Lueneburger Heide (sand),2026-10-02 22:00:00,0.166,0.166,0.166,0.146,0.051,10.9,12.3,14.1,15.0
Lueneburger Heide (sand),2026-10-02 23:00:00,0.165,0.165,0.165,0.146,0.051,10.4,12.1,13.8,15.0
Lueneburger Heide (sand),2026-10-03 00:00:00,0.164,0.164,0.164,0.147,0.051,10.2,11.8,13.6,14.9
Lueneburger Heide (sand),2026-10-03 01:00:00,0.163,0.163,0.163,0.147,0.052,10.0,11.5,13.3,14.9
Lueneburger Heide (sand),2026-10-03 02:00:00,0.162,0.162,0.162,0.147,0.052,10.4,11.4,13.0,14.9
Lueneburger Heide (sand),2026-10-03 03:00:00,0.159,0.16,0.159,0.144,0.053,9.2,10.6,12.7,14.8
Lueneburger Heide (sand),2026-10-03 04:00:00,0.158,0.159,0.158,0.144,0.053,9.3,10.6,12.4,14.8
Lueneburger Heide (sand),2026-10-03 05:00:00,0.158,0.158,0.158,0.144,0.053,9.4,10.5,12.2,14.7
Lueneburger Heide (sand),2026-10-03 06:00:00,0.157,0.157,0.157,0.144,0.053,10.3,10.5,12.0,14.6
Lueneburger Heide (sand),2026-10-03 07:00:00,0.156,0.157,0.156,0.144,0.053,11.3,11.1,11.9,14.6
Lueneburger Heide (sand),2026-10-03 08:00:00,0.155,0.156,0.156,0.144,0.053,13.3,11.8,11.9,14.5
Lueneburger Heide (sand),2026-10-03 09:00:00,0.154,0.155,0.155,0.144,0.053,14.8,12.9,12.1,14.5
Lueneburger Heide (sand),2026-10-03 10:00:00,0.153,0.153,0.154,0.144,0.053,15.3,13.7,12.4,14.4
Lueneburger Heide (sand),2026-10-03 11:00:00,0.151,0.152,0.153,0.143,0.054,16.0,14.2,12.8,14.4
Lueneburger Heide (sand),2026-10-03 12:00:00,0.15,0.151,0.152,0.143,0.054,16.9,14.9,13.1,14.4
Lueneburger Heide (sand),2026-10-03 13:00:00,0.148,0.149,0.15,0.142,0.054,17.3,15.5,13.5,14.3
Lueneburger Heide (sand),2026-10-03 14:00:00,0.146,0.148,0.149,0.142,0.054,17.1,15.7,13.9,14.3
Lueneburger Heide (sand),2026-10-03 15:00:00,0.145,0.147,0.148,0.142,0.054,16.4,15.7,14.2,14.3
Lueneburger Heide (sand),2026-10-03 16:00:00,0.145,0.146,0.147,0.141,0.054,15.1,15.4,14.5,14.3
Lueneburger Heide (sand),2026-10-03 17:00:00,0.145,0.146,0.147,0.141,0.054,12.3,14.3,14.5,14.3
Lueneburger Heide (sand),2026-10-03 18:00:00,0.145,0.146,0.147,0.141,0.054,11.0,13.1,14.4,14.3
Lueneburger Heide (sand),2026-10-03 19:00:00,0.145,0.146,0.146,0.141,0.054,10.3,12.4,14.1,14.3
Lueneburger Heide (sand),2026-10-03 20:00:00,0.145,0.145,0.146,0.141,0.054,10.1,11.8,13.8,14.3
Lueneburger Heide (sand),2026-10-03 21:00:00,0.145,0.145,0.146,0.141,0.054,10.1,11.6,13.4,14.3
Lueneburger Heide (sand),2026-10-03 22:00:00,0.145,0.145,0.145,0.14,0.054,9.5,11.3,13.1,14.3
Lueneburger Heide (sand),2026-10-03 23:00:00,0.144,0.145,0.145,0.14,0.054,8.8,10.9,12.8,14.2
Lueneburger Heide (sand),2026-10-04 00:00:00,0.144,0.145,0.145,0.14,0.055,8.6,10.4,12.5,14.2
Lueneburger Heide (sand),2026-10-04 01:00:00,0.144,0.144,0.145,0.14,0.055,8.8,10.2,12.2,14.2
Lueneburger Heide (sand),2026-10-04 02:00:00,0.144,0.144,0.144,0.14,0.055,8.7,10.1,12.0,14.1
Lueneburger Heide (sand),2026-10-04 03:00:00,0.144,0.144,0.144,0.14,0.055,8.3,9.9,11.7,14.1
Lueneburger Heide (sand),2026-10-04 04:00:00,0.143,0.144,0.144,0.14,0.055,8.3,9.6,11.5,14.0
Lueneburger Heide (sand),2026-10-04 05:00:00,0.143,0.143,0.144,0.14,0.055,8.3,9.5,11.3,14.0
Lueneburger Heide (sand),2026-10-04 06:00:00,0.143,0.143,0.144,0.139,0.055,8.7,9.5,11.1,13.9
Lueneburger Heide (sand),2026-10-04 07:00:00,0.143,0.143,0.143,0.139,0.055,11.0,10.2,11.0,13.9
Lueneburger Heide (sand),2026-10-04 08:00:00,0.142,0.143,0.143,0.139,0.055,13.0,11.3,11.1,13.8
Lueneburger Heide (sand),2026-10-04 09:00:00,0.141,0.142,0.143,0.139,0.055,14.7,12.4,11.3,13.8
Lueneburger Heide (sand),2026-10-04 10:00:00,0.14,0.141,0.142,0.138,0.055,16.2,13.5,11.7,13.7
Lueneburger Heide (sand),2026-10-04 11:00:00,0.139,0.14,0.141,0.138,0.056,16.0,14.1,12.2,13.7
Lueneburger Heide (sand),2026-10-04 12:00:00,0.137,0.139,0.14,0.137,0.056,16.6,14.5,12.6,13.7
Lueneburger Heide (sand),2026-10-04 13:00:00,0.136,0.137,0.139,0.137,0.056,16.7,15.0,13.0,13.6
Lueneburger Heide (sand),2026-10-04 14:00:00,0.135,0.136,0.138,0.136,0.056,16.7,15.2,13.4,13.6
Lueneburger Heide (sand),2026-10-04 15:00:00,0.134,0.135,0.138,0.136,0.056,16.0,15.2,13.7,13.6
Lueneburger Heide (sand),2026-10-04 16:00:00,0.134,0.135,0.137,0.135,0.056,14.7,14.9,13.9,13.6
Lueneburger Heide (sand),2026-10-04 17:00:00,0.134,0.135,0.137,0.135,0.056,13.3,14.1,14.0,13.6
Lueneburger Heide (sand),2026-10-04 18:00:00,0.134,0.135,0.136,0.135,0.056,13.2,13.6,14.0,13.7
Lueneburger Heide (sand),2026-10-04 19:00:00,0.134,0.135,0.136,0.135,0.056,12.6,13.3,13.9,13.7
Lueneburger Heide (sand),2026-10-04 20:00:00,0.134,0.135,0.136,0.135,0.056,11.5,12.9,13.7,13.7
Lueneburger Heide (sand),2026-10-04 21:00:00,0.134,0.135,0.136,0.134,0.056,10.9,12.4,13.5,13.7
Lueneburger Heide (sand),2026-10-04 22:00:00,0.134,0.135,0.136,0.134,0.056,10.3,11.9,13.3,13.7
Lueneburger Heide (sand),2026-10-04 23:00:00,0.134,0.135,0.136,0.134,0.056,9.6,11.3,13.0,13.6
Lueneburger Heide (sand),2026-10-05 00:00:00,0.134,0.135,0.135,0.134,0.056,9.6,11.0,12.7,13.6
Lueneburger Heide (sand),2026-10-05 01:00:00,0.134,0.135,0.135,0.134,0.056,9.9,10.9,12.5,13.6
Lueneburger Heide (sand),2026-10-05 02:00:00,0.134,0.135,0.135,0.134,0.057,9.8,10.9,12.3,13.6
Lueneburger Heide (sand),2026-10-05 03:00:00,0.134,0.134,0.135,0.133,0.057,10.0,10.8,12.1,13.6
Lueneburger Heide (sand),2026-10-05 04:00:00,0.133,0.133,0.134,0.132,0.057,10.3,10.8,11.8,13.5
Lueneburger Heide (sand),2026-10-05 05:00:00,0.133,0.133,0.133,0.131,0.056,10.4,10.8,11.7,13.5
Lueneburger Heide (sand),2026-10-05 06:00:00,0.131,0.132,0.132,0.129,0.055,10.7,10.7,11.5,13.5
Lueneburger Heide (sand),2026-10-05 07:00:00,0.13,0.131,0.131,0.128,0.055,12.3,11.1,11.4,13.5
Lueneburger Heide (sand),2026-10-05 08:00:00,0.129,0.13,0.131,0.128,0.056,13.8,11.8,11.4,13.4
Lueneburger Heide (sand),2026-10-05 09:00:00,0.129,0.129,0.13,0.127,0.056,15.1,12.5,11.6,13.4
Lueneburger Heide (sand),2026-10-05 10:00:00,0.128,0.129,0.13,0.127,0.056,16.0,13.3,11.8,13.4
Lueneburger Heide (sand),2026-10-05 11:00:00,0.126,0.128,0.129,0.127,0.056,16.6,14.0,12.0,13.4
Lueneburger Heide (sand),2026-10-05 12:00:00,0.125,0.127,0.128,0.126,0.056,17.1,14.5,12.3,13.4
Lueneburger Heide (sand),2026-10-05 13:00:00,0.124,0.126,0.127,0.126,0.056,17.4,15.0,12.6,13.4
Lueneburger Heide (sand),2026-10-05 14:00:00,0.123,0.125,0.127,0.125,0.056,17.1,15.2,12.9,13.3
Lueneburger Heide (sand),2026-10-05 15:00:00,0.122,0.124,0.126,0.125,0.056,16.4,15.2,13.2,13.3
Lueneburger Heide (sand),2026-10-05 16:00:00,0.122,0.123,0.126,0.124,0.056,15.2,15.0,13.4,13.3
Lueneburger Heide (sand),2026-10-05 17:00:00,0.122,0.123,0.125,0.124,0.056,13.3,14.4,13.5,13.4
Lueneburger Heide (sand),2026-10-05 18:00:00,0.122,0.123,0.125,0.124,0.056,12.2,13.7,13.6,13.4
Lueneburger Heide (sand),2026-10-05 19:00:00,0.123,0.123,0.125,0.124,0.056,11.8,13.1,13.5,13.4
Lueneburger Heide (sand),2026-10-05 20:00:00,0.123,0.123,0.125,0.124,0.056,11.5,12.7,13.5,13.4
Lueneburger Heide (sand),2026-10-05 21:00:00,0.123,0.123,0.125,0.124,0.056,11.1,12.3,13.4,13.4
Lueneburger Heide (sand),2026-10-05 22:00:00,0.123,0.123,0.124,0.124,0.056,10.9,12.1,13.2,13.4
Lueneburger Heide (sand),2026-10-05 23:00:00,0.123,0.123,0.124,0.123,0.056,10.6,11.9,13.1,13.4
Lueneburger Heide (sand),2026-10-06 00:00:00,0.123,0.123,0.124,0.123,0.056,10.4,11.7,12.9,13.4
Lueneburger Heide (sand),2026-10-06 01:00:00,0.123,0.123,0.124,0.123,0.056,10.2,11.5,12.8,13.4
Lueneburger Heide (sand),2026-10-06 02:00:00,0.123,0.123,0.124,0.123,0.056,10.1,11.3,12.6,13.3
Lueneburger Heide (sand),2026-10-06 03:00:00,0.123,0.123,0.124,0.123,0.056,10.0,11.2,12.5,13.3
Lueneburger Heide (sand),2026-10-06 04:00:00,0.123,0.123,0.124,0.123,0.056,9.8,11.0,12.3,13.3
Lueneburger Heide (sand),2026-10-06 05:00:00,0.123,0.123,0.124,0.123,0.057,9.6,10.9,12.2,13.3
Lueneburger Heide (sand),2026-10-06 06:00:00,0.123,0.123,0.124,0.123,0.057,9.9,10.7,12.1,13.3
Lueneburger Heide (sand),2026-10-06 07:00:00,0.123,0.123,0.124,0.123,0.057,11.4,11.2,12.0,13.3
Lueneburger Heide (sand),2026-10-06 08:00:00,0.122,0.122,0.123,0.122,0.057,13.6,11.9,11.9,13.3
Lueneburger Heide (sand),2026-10-06 09:00:00,0.121,0.122,0.123,0.122,0.057,15.4,12.7,12.0,13.3
Lueneburger Heide (sand),2026-10-06 10:00:00,0.12,0.121,0.122,0.122,0.057,16.6,13.5,12.1,13.3
Lueneburger Heide (sand),2026-10-06 11:00:00,0.119,0.121,0.122,0.121,0.057,17.5,14.4,12.4,13.2
Lueneburger Heide (sand),2026-10-06 12:00:00,0.118,0.12,0.121,0.121,0.057,18.0,15.1,12.7,13.2
Lueneburger Heide (sand),2026-10-06 13:00:00,0.117,0.119,0.12,0.12,0.057,18.2,15.6,13.0,13.2
Lueneburger Heide (sand),2026-10-06 14:00:00,0.116,0.118,0.12,0.12,0.057,18.0,16.0,13.3,13.2
Lueneburger Heide (sand),2026-10-06 15:00:00,0.115,0.117,0.119,0.119,0.057,17.1,15.9,13.6,13.2
Lueneburger Heide (sand),2026-10-06 16:00:00,0.115,0.116,0.119,0.119,0.057,14.9,15.1,13.8,13.2
Lueneburger Heide (sand),2026-10-06 17:00:00,0.116,0.116,0.118,0.119,0.057,12.0,14.0,13.9,13.3
Lueneburger Heide (sand),2026-10-06 18:00:00,0.116,0.116,0.118,0.119,0.057,9.7,12.9,13.9,13.3
Lueneburger Heide (sand),2026-10-06 19:00:00,0.116,0.116,0.118,0.119,0.057,8.5,12.0,13.7,13.3
Lueneburger Heide (sand),2026-10-06 20:00:00,0.116,0.117,0.118,0.118,0.057,7.9,11.1,13.4,13.3
Lueneburger Heide (sand),2026-10-06 21:00:00,0.116,0.117,0.118,0.118,0.057,7.3,10.4,13.1,13.3
Lueneburger Heide (sand),2026-10-06 22:00:00,0.116,0.117,0.118,0.118,0.057,6.7,9.8,12.8,13.3
Lueneburger Heide (sand),2026-10-06 23:00:00,0.116,0.117,0.118,0.118,0.057,6.2,9.3,12.5,13.2
Lueneburger Heide (sand),2026-10-07 00:00:00,0.116,0.117,0.118,0.118,0.057,5.9,9.0,12.1,13.2
Lueneburger Heide (sand),2026-10-07 01:00:00,0.116,0.117,0.118,0.118,0.057,6.1,8.7,11.8,13.2
Lueneburger Heide (sand),2026-10-07 02:00:00,0.117,0.117,0.118,0.118,0.057,6.7,8.6,11.5,13.2
Lueneburger Heide (sand),2026-10-07 03:00:00,0.117,0.117,0.118,0.118,0.057,7.2,8.6,11.2,13.2
Lueneburger Heide (sand),2026-10-07 04:00:00,0.117,0.117,0.118,0.118,0.057,7.4,8.5,10.9,13.2
Lueneburger Heide (sand),2026-10-07 05:00:00,0.117,0.117,0.117,0.117,0.057,7.7,8.4,10.7,13.1
Lueneburger Heide (sand),2026-10-07 06:00:00,0.117,0.117,0.117,0.117,0.057,8.4,8.6,10.6,13.1
Lueneburger Heide (sand),2026-10-07 07:00:00,0.117,0.117,0.117,0.117,0.057,9.9,9.4,10.5,13.1
Lueneburger Heide (sand),2026-10-07 08:00:00,0.117,0.116,0.117,0.117,0.058,12.0,10.4,10.6,13.1
Lueneburger Heide (sand),2026-10-07 09:00:00,0.116,0.116,0.117,0.117,0.058,13.7,11.4,10.7,13.0
Lueneburger Heide (sand),2026-10-07 10:00:00,0.115,0.115,0.117,0.117,0.058,15.0,12.3,10.9,13.0
Lueneburger Heide (sand),2026-10-07 11:00:00,0.114,0.115,0.116,0.116,0.058,16.0,13.1,11.2,13.0
Lueneburger Heide (sand),2026-10-07 12:00:00,0.113,0.114,0.116,0.116,0.058,16.6,13.8,11.5,12.9
Lueneburger Heide (sand),2026-10-07 13:00:00,0.112,0.113,0.115,0.115,0.058,17.0,14.4,11.8,12.9
Lueneburger Heide (sand),2026-10-07 14:00:00,0.111,0.113,0.115,0.115,0.058,17.1,14.8,12.2,12.9
Lueneburger Heide (sand),2026-10-07 15:00:00,0.11,0.112,0.114,0.114,0.058,16.6,15.0,12.5,12.9
Lueneburger Heide (sand),2026-10-07 16:00:00,0.11,0.112,0.114,0.114,0.058,15.3,14.6,12.7,12.9
Lueneburger Heide (sand),2026-10-07 17:00:00,0.111,0.111,0.113,0.114,0.058,13.5,13.9,12.9,12.9
Lueneburger Heide (sand),2026-10-07 18:00:00,0.111,0.111,0.113,0.114,0.058,12.3,13.3,13.0,12.9
Lueneburger Heide (sand),2026-10-07 19:00:00,0.109,0.11,0.113,0.114,0.058,12.4,13.0,13.1,12.9
Lueneburger Heide (sand),2026-10-07 20:00:00,0.107,0.11,0.113,0.114,0.058,13.0,12.9,13.0,12.9
Lueneburger Heide (sand),2026-10-07 21:00:00,0.111,0.111,0.113,0.114,0.058,13.5,12.9,13.0,12.9
Lueneburger Heide (sand),2026-10-07 22:00:00,0.132,0.122,0.116,0.117,0.062,13.5,13.0,13.1,13.0
Lueneburger Heide (sand),2026-10-07 23:00:00,0.163,0.14,0.122,0.119,0.067,13.4,13.2,13.1,13.0
Lueneburger Heide (sand),2026-10-08 00:00:00,0.19,0.16,0.128,0.122,0.071,13.4,13.2,13.2,13.0
Lueneburger Heide (sand),2026-10-08 01:00:00,0.199,0.175,0.141,0.125,0.076,13.5,13.4,13.3,13.1
Lueneburger Heide (sand),2026-10-08 02:00:00,0.187,0.176,0.151,0.126,0.076,13.4,13.4,13.3,13.1
Lueneburger Heide (sand),2026-10-08 03:00:00,0.177,0.175,0.158,0.126,0.076,13.2,13.4,13.3,13.1
Lueneburger Heide (sand),2026-10-08 04:00:00,0.172,0.172,0.161,0.127,0.076,12.8,13.2,13.3,13.1
Lueneburger Heide (sand),2026-10-08 05:00:00,0.167,0.168,0.161,0.127,0.076,12.2,13.0,13.3,13.1
Lueneburger Heide (sand),2026-10-08 06:00:00,0.164,0.164,0.16,0.128,0.076,11.7,12.7,13.2,13.1
Lueneburger Heide (sand),2026-10-08 07:00:00,0.161,0.162,0.159,0.128,0.076,11.5,12.4,13.1,13.1
Lueneburger Heide (sand),2026-10-08 08:00:00,0.16,0.16,0.158,0.129,0.076,11.4,12.2,13.0,13.1
Lueneburger Heide (sand),2026-10-08 09:00:00,0.158,0.158,0.157,0.129,0.076,11.4,12.0,12.9,13.1
Lueneburger Heide (sand),2026-10-08 10:00:00,0.156,0.157,0.156,0.129,0.076,11.8,12.0,12.8,13.1
Lueneburger Heide (sand),2026-10-08 11:00:00,0.155,0.155,0.154,0.13,0.076,12.3,12.0,12.7,13.1
Lueneburger Heide (sand),2026-10-08 12:00:00,0.153,0.154,0.153,0.13,0.076,12.6,12.2,12.7,13.1
Lueneburger Heide (sand),2026-10-08 13:00:00,0.151,0.152,0.152,0.13,0.076,12.8,12.4,12.7,13.1
Lueneburger Heide (sand),2026-10-08 14:00:00,0.149,0.15,0.15,0.13,0.076,12.8,12.7,12.7,13.1
Lueneburger Heide (sand),2026-10-08 15:00:00,0.148,0.149,0.149,0.13,0.076,12.6,12.8,12.7,13.1
Lueneburger Heide (sand),2026-10-08 16:00:00,0.147,0.148,0.148,0.13,0.076,11.9,12.5,12.7,13.1
Lueneburger Heide (sand),2026-10-08 17:00:00,0.146,0.148,0.148,0.13,0.077,11.0,12.1,12.6,13.1
Lueneburger Heide (sand),2026-10-08 18:00:00,0.146,0.147,0.147,0.13,0.077,10.2,11.7,12.6,13.1
Lueneburger Heide (sand),2026-10-08 19:00:00,0.146,0.146,0.146,0.13,0.077,9.9,11.4,12.5,13.1
Lueneburger Heide (sand),2026-10-08 20:00:00,0.145,0.146,0.146,0.131,0.077,9.8,11.1,12.4,13.1
Lueneburger Heide (sand),2026-10-08 21:00:00,0.145,0.145,0.145,0.131,0.077,9.6,10.9,12.2,13.1
Lueneburger Heide (sand),2026-10-08 22:00:00,0.144,0.145,0.144,0.131,0.077,9.3,10.6,12.1,13.1
Lueneburger Heide (sand),2026-10-08 23:00:00,0.144,0.144,0.144,0.131,0.077,8.9,10.4,11.9,13.0
Lueneburger Heide (sand),2026-10-09 00:00:00,0.143,0.144,0.143,0.131,0.077,8.7,10.2,11.8,13.0
Lueneburger Heide (sand),2026-10-09 01:00:00,0.143,0.143,0.143,0.131,0.077,8.6,10.0,11.6,13.0
Lueneburger Heide (sand),2026-10-09 02:00:00,0.142,0.143,0.142,0.131,0.077,8.6,9.9,11.5,13.0
Lueneburger Heide (sand),2026-10-09 03:00:00,0.142,0.142,0.142,0.131,0.077,8.7,9.8,11.3,13.0
Lueneburger Heide (sand),2026-10-09 04:00:00,0.142,0.142,0.142,0.131,0.077,8.5,9.7,11.2,13.0
Lueneburger Heide (sand),2026-10-09 05:00:00,0.141,0.141,0.141,0.131,0.077,8.4,9.5,11.1,12.9
Lueneburger Heide (sand),2026-10-09 06:00:00,0.141,0.141,0.141,0.131,0.077,8.6,9.5,11.0,12.9
Lueneburger Heide (sand),2026-10-09 07:00:00,0.142,0.141,0.141,0.131,0.077,9.3,9.7,10.9,12.9
Lueneburger Heide (sand),2026-10-09 08:00:00,0.143,0.14,0.14,0.131,0.078,10.3,10.0,10.8,12.9
Lueneburger Heide (sand),2026-10-09 09:00:00,0.144,0.14,0.14,0.131,0.078,11.2,10.3,10.8,12.8
Lueneburger Heide (sand),2026-10-09 10:00:00,0.144,0.141,0.14,0.131,0.078,11.8,10.8,10.8,12.8
Lueneburger Heide (sand),2026-10-09 11:00:00,0.143,0.142,0.139,0.13,0.078,12.3,11.3,11.0,12.8
Lueneburger Heide (sand),2026-10-09 12:00:00,0.142,0.143,0.139,0.13,0.078,12.5,11.7,11.1,12.8
Lueneburger Heide (sand),2026-10-09 13:00:00,0.141,0.142,0.139,0.13,0.078,12.4,11.8,11.2,12.8
Lueneburger Heide (sand),2026-10-09 14:00:00,0.139,0.14,0.138,0.13,0.078,12.0,11.9,11.3,12.7
Lueneburger Heide (sand),2026-10-09 15:00:00,0.138,0.139,0.138,0.13,0.078,11.5,11.8,11.4,12.7
Lueneburger Heide (sand),2026-10-09 16:00:00,0.136,0.137,0.137,0.13,0.078,10.8,11.5,11.5,12.7
Lueneburger Heide (sand),2026-10-09 17:00:00,0.134,0.134,0.136,0.13,0.078,10.0,11.1,11.5,12.7
Lueneburger Heide (sand),2026-10-09 18:00:00,0.138,0.138,0.137,0.13,0.078,9.4,10.7,11.5,12.7
Lueneburger Heide (sand),2026-10-09 19:00:00,0.155,0.153,0.142,0.13,0.078,9.1,10.4,11.4,12.7
Lueneburger Heide (sand),2026-10-09 20:00:00,0.178,0.175,0.15,0.13,0.078,9.1,10.2,11.3,12.6
Lueneburger Heide (sand),2026-10-09 21:00:00,0.192,0.188,0.156,0.13,0.078,9.2,10.0,11.2,12.6
Lueneburger Heide (sand),2026-10-09 22:00:00,0.189,0.186,0.16,0.131,0.078,9.4,10.0,11.1,12.6
Lueneburger Heide (sand),2026-10-09 23:00:00,0.178,0.176,0.162,0.131,0.078,9.7,10.1,11.1,12.6
Emsland (sand/peat),2026-09-26 00:00:00,0.18,0.184,0.196,0.202,0.188,9.0,11.3,13.5,14.6
Emsland (sand/peat),2026-09-26 01:00:00,0.18,0.184,0.196,0.202,0.188,8.6,11.0,13.4,14.6
Emsland (sand/peat),2026-09-26 02:00:00,0.181,0.184,0.195,0.202,0.188,8.3,10.8,13.2,14.6
Emsland (sand/peat),2026-09-26 03:00:00,0.185,0.188,0.195,0.199,0.185,9.4,11.3,13.1,14.6
Emsland (sand/peat),2026-09-26 04:00:00,0.185,0.188,0.195,0.199,0.185,10.1,11.3,13.0,14.6
Emsland (sand/peat),2026-09-26 05:00:00,0.185,0.188,0.195,0.199,0.185,9.7,11.2,12.9,14.6
Emsland (sand/peat),2026-09-26 06:00:00,0.185,0.188,0.194,0.199,0.185,10.0,10.7,12.7,14.5
Emsland (sand/peat),2026-09-26 07:00:00,0.185,0.188,0.194,0.199,0.185,12.0,11.1,12.6,14.5
Emsland (sand/peat),2026-09-26 08:00:00,0.185,0.188,0.194,0.199,0.185,13.6,11.9,12.6,14.5
Emsland (sand/peat),2026-09-26 09:00:00,0.183,0.187,0.194,0.199,0.185,16.5,13.0,12.6,14.5
Emsland (sand/peat),2026-09-26 10:00:00,0.182,0.187,0.194,0.198,0.185,16.9,14.0,12.8,14.5
Emsland (sand/peat),2026-09-26 11:00:00,0.181,0.186,0.193,0.198,0.185,18.5,14.9,13.0,14.5
Emsland (sand/peat),2026-09-26 12:00:00,0.178,0.186,0.193,0.198,0.185,19.3,16.1,13.2,14.5
Emsland (sand/peat),2026-09-26 13:00:00,0.176,0.185,0.192,0.197,0.185,20.0,16.7,13.5,14.4
Emsland (sand/peat),2026-09-26 14:00:00,0.175,0.184,0.192,0.197,0.185,17.9,16.8,13.9,14.4
Emsland (sand/peat),2026-09-26 15:00:00,0.174,0.183,0.192,0.197,0.184,18.3,16.9,14.2,14.4
Emsland (sand/peat),2026-09-26 16:00:00,0.173,0.182,0.191,0.197,0.184,17.2,16.7,14.4,14.4
Emsland (sand/peat),2026-09-26 17:00:00,0.174,0.182,0.191,0.197,0.184,16.3,16.3,14.6,14.4
Emsland (sand/peat),2026-09-26 18:00:00,0.174,0.182,0.191,0.197,0.184,15.6,16.0,14.7,14.4
Emsland (sand/peat),2026-09-26 19:00:00,0.174,0.181,0.191,0.197,0.184,14.1,15.4,14.8,14.4
Emsland (sand/peat),2026-09-26 20:00:00,0.175,0.181,0.191,0.197,0.184,13.5,14.9,14.8,14.4
Emsland (sand/peat),2026-09-26 21:00:00,0.175,0.181,0.191,0.197,0.184,13.4,14.2,14.8,14.5
Emsland (sand/peat),2026-09-26 22:00:00,0.175,0.181,0.191,0.197,0.184,12.3,14.0,14.7,14.5
Emsland (sand/peat),2026-09-26 23:00:00,0.176,0.181,0.19,0.197,0.184,11.5,13.6,14.6,14.5
Emsland (sand/peat),2026-09-27 00:00:00,0.176,0.181,0.19,0.197,0.184,11.2,13.0,14.5,14.5
Emsland (sand/peat),2026-09-27 01:00:00,0.176,0.181,0.19,0.197,0.184,11.1,12.7,14.4,14.5
Emsland (sand/peat),2026-09-27 02:00:00,0.177,0.181,0.19,0.197,0.185,10.9,12.5,14.2,14.5
Emsland (sand/peat),2026-09-27 03:00:00,0.181,0.184,0.19,0.197,0.185,11.2,12.5,14.1,14.5
Emsland (sand/peat),2026-09-27 04:00:00,0.181,0.184,0.19,0.197,0.185,11.1,12.5,14.0,14.5
Emsland (sand/peat),2026-09-27 05:00:00,0.181,0.184,0.19,0.197,0.185,11.0,12.4,13.8,14.5
Emsland (sand/peat),2026-09-27 06:00:00,0.182,0.184,0.19,0.197,0.185,11.0,12.0,13.7,14.5
Emsland (sand/peat),2026-09-27 07:00:00,0.181,0.184,0.19,0.197,0.185,12.7,12.2,13.6,14.4
Emsland (sand/peat),2026-09-27 08:00:00,0.18,0.184,0.19,0.197,0.185,15.4,12.9,13.5,14.4
Emsland (sand/peat),2026-09-27 09:00:00,0.178,0.183,0.19,0.196,0.185,17.4,14.1,13.6,14.4
Emsland (sand/peat),2026-09-27 10:00:00,0.176,0.182,0.189,0.196,0.185,20.1,15.4,13.7,14.4
Emsland (sand/peat),2026-09-27 11:00:00,0.172,0.181,0.188,0.196,0.185,21.5,16.6,13.9,14.4
Emsland (sand/peat),2026-09-27 12:00:00,0.168,0.18,0.188,0.195,0.184,22.4,17.8,14.2,14.4
Emsland (sand/peat),2026-09-27 13:00:00,0.165,0.179,0.187,0.195,0.184,21.6,18.5,14.6,14.4
Emsland (sand/peat),2026-09-27 14:00:00,0.163,0.177,0.186,0.194,0.184,22.1,18.7,14.9,14.4
Emsland (sand/peat),2026-09-27 15:00:00,0.161,0.176,0.186,0.194,0.184,21.6,19.1,15.2,14.4
Emsland (sand/peat),2026-09-27 16:00:00,0.16,0.175,0.186,0.194,0.184,19.7,18.9,15.5,14.4
Emsland (sand/peat),2026-09-27 17:00:00,0.16,0.175,0.185,0.194,0.184,17.2,18.2,15.8,14.5
Emsland (sand/peat),2026-09-27 18:00:00,0.161,0.174,0.185,0.194,0.184,15.3,17.1,15.9,14.5
Emsland (sand/peat),2026-09-27 19:00:00,0.161,0.174,0.185,0.194,0.184,14.8,16.4,15.9,14.5
Emsland (sand/peat),2026-09-27 20:00:00,0.162,0.173,0.185,0.194,0.184,14.3,15.8,15.9,14.5
Emsland (sand/peat),2026-09-27 21:00:00,0.164,0.173,0.185,0.194,0.184,12.7,14.3,15.7,14.5
Emsland (sand/peat),2026-09-27 22:00:00,0.165,0.173,0.185,0.194,0.184,12.3,14.1,15.6,14.5
Emsland (sand/peat),2026-09-27 23:00:00,0.165,0.173,0.185,0.193,0.184,12.0,13.8,15.4,14.5
Emsland (sand/peat),2026-09-28 00:00:00,0.166,0.173,0.185,0.193,0.184,12.1,13.5,15.3,14.5
Emsland (sand/peat),2026-09-28 01:00:00,0.166,0.173,0.185,0.193,0.184,12.1,13.4,15.1,14.5
Emsland (sand/peat),2026-09-28 02:00:00,0.167,0.173,0.184,0.193,0.184,12.3,13.4,15.0,14.6
Emsland (sand/peat),2026-09-28 03:00:00,0.171,0.174,0.184,0.191,0.182,12.5,13.6,14.9,14.6
Emsland (sand/peat),2026-09-28 04:00:00,0.171,0.174,0.184,0.191,0.182,12.4,13.6,14.8,14.6
Emsland (sand/peat),2026-09-28 05:00:00,0.171,0.174,0.184,0.191,0.182,12.2,13.4,14.7,14.6
Emsland (sand/peat),2026-09-28 06:00:00,0.171,0.174,0.184,0.191,0.182,12.8,13.5,14.6,14.6
Emsland (sand/peat),2026-09-28 07:00:00,0.171,0.174,0.184,0.191,0.182,15.2,13.7,14.5,14.6
Emsland (sand/peat),2026-09-28 08:00:00,0.17,0.174,0.184,0.191,0.182,18.0,14.5,14.4,14.6
Emsland (sand/peat),2026-09-28 09:00:00,0.169,0.174,0.183,0.191,0.182,20.9,16.0,14.5,14.6
Emsland (sand/peat),2026-09-28 10:00:00,0.167,0.174,0.183,0.19,0.182,21.4,17.3,14.7,14.6
Emsland (sand/peat),2026-09-28 11:00:00,0.164,0.173,0.182,0.19,0.181,21.3,18.1,15.0,14.6
Emsland (sand/peat),2026-09-28 12:00:00,0.162,0.172,0.182,0.19,0.181,23.6,19.2,15.2,14.6
Emsland (sand/peat),2026-09-28 13:00:00,0.16,0.171,0.181,0.189,0.181,23.0,19.6,15.5,14.6
Emsland (sand/peat),2026-09-28 14:00:00,0.162,0.171,0.181,0.189,0.181,21.9,19.7,15.8,14.6
Emsland (sand/peat),2026-09-28 15:00:00,0.163,0.17,0.181,0.189,0.181,20.4,19.5,16.1,14.6
Emsland (sand/peat),2026-09-28 16:00:00,0.162,0.17,0.181,0.189,0.181,19.8,19.1,16.3,14.6
Emsland (sand/peat),2026-09-28 17:00:00,0.166,0.17,0.18,0.189,0.181,18.4,18.7,16.5,14.6
Emsland (sand/peat),2026-09-28 18:00:00,0.167,0.17,0.18,0.189,0.181,18.0,18.3,16.6,14.7
Emsland (sand/peat),2026-09-28 19:00:00,0.167,0.17,0.18,0.189,0.181,17.1,17.8,16.7,14.7
Emsland (sand/peat),2026-09-28 20:00:00,0.167,0.17,0.18,0.189,0.181,16.7,17.4,16.7,14.7
Emsland (sand/peat),2026-09-28 21:00:00,0.163,0.169,0.18,0.189,0.181,17.0,17.4,16.7,14.7
Emsland (sand/peat),2026-09-28 22:00:00,0.163,0.169,0.18,0.189,0.181,16.7,17.1,16.7,14.7
Emsland (sand/peat),2026-09-28 23:00:00,0.164,0.169,0.18,0.189,0.181,16.5,16.9,16.7,14.8
Emsland (sand/peat),2026-09-29 00:00:00,0.164,0.169,0.18,0.189,0.181,16.4,16.8,16.6,14.8
Emsland (sand/peat),2026-09-29 01:00:00,0.164,0.169,0.18,0.189,0.181,16.1,16.6,16.6,14.8
Emsland (sand/peat),2026-09-29 02:00:00,0.165,0.169,0.18,0.189,0.181,15.9,16.4,16.5,14.8
Emsland (sand/peat),2026-09-29 03:00:00,0.188,0.188,0.182,0.183,0.176,15.8,16.3,16.4,14.8
Emsland (sand/peat),2026-09-29 04:00:00,0.188,0.188,0.182,0.183,0.176,15.5,16.1,16.4,14.9
Emsland (sand/peat),2026-09-29 05:00:00,0.187,0.187,0.182,0.183,0.176,15.1,15.9,16.3,14.9
Emsland (sand/peat),2026-09-29 06:00:00,0.187,0.187,0.182,0.183,0.176,15.2,15.7,16.2,14.9
Emsland (sand/peat),2026-09-29 07:00:00,0.187,0.187,0.182,0.183,0.176,16.3,15.7,16.1,14.9
Emsland (sand/peat),2026-09-29 08:00:00,0.186,0.187,0.182,0.183,0.176,18.1,16.2,16.1,14.9
Emsland (sand/peat),2026-09-29 09:00:00,0.184,0.186,0.182,0.183,0.176,21.2,17.4,16.1,14.9
Emsland (sand/peat),2026-09-29 10:00:00,0.181,0.185,0.182,0.183,0.176,21.8,18.4,16.2,14.9
Emsland (sand/peat),2026-09-29 11:00:00,0.179,0.184,0.181,0.183,0.176,21.7,19.1,16.4,14.9
Emsland (sand/peat),2026-09-29 12:00:00,0.176,0.183,0.181,0.182,0.176,22.4,19.7,16.7,15.0
Emsland (sand/peat),2026-09-29 13:00:00,0.174,0.182,0.18,0.182,0.175,23.4,20.3,16.9,15.0
Emsland (sand/peat),2026-09-29 14:00:00,0.172,0.181,0.18,0.182,0.175,23.7,20.5,17.2,15.0
Emsland (sand/peat),2026-09-29 15:00:00,0.169,0.18,0.18,0.181,0.175,23.3,21.1,17.4,15.0
Emsland (sand/peat),2026-09-29 16:00:00,0.168,0.179,0.179,0.181,0.175,21.5,20.9,17.7,15.1
Emsland (sand/peat),2026-09-29 17:00:00,0.168,0.178,0.179,0.181,0.175,19.4,20.1,17.9,15.1
Emsland (sand/peat),2026-09-29 18:00:00,0.167,0.177,0.179,0.181,0.175,19.2,19.8,18.0,15.1
Emsland (sand/peat),2026-09-29 19:00:00,0.167,0.177,0.179,0.181,0.175,18.8,19.2,18.0,15.1
Emsland (sand/peat),2026-09-29 20:00:00,0.166,0.176,0.179,0.181,0.175,18.3,18.8,18.0,15.2
Emsland (sand/peat),2026-09-29 21:00:00,0.166,0.176,0.179,0.181,0.175,18.7,19.2,18.1,15.2
Emsland (sand/peat),2026-09-29 22:00:00,0.166,0.175,0.179,0.181,0.175,17.8,18.7,18.1,15.2
Emsland (sand/peat),2026-09-29 23:00:00,0.165,0.175,0.179,0.181,0.175,16.3,18.0,18.0,15.3
Emsland (sand/peat),2026-09-30 00:00:00,0.165,0.174,0.179,0.181,0.175,15.7,17.3,17.9,15.3
Emsland (sand/peat),2026-09-30 01:00:00,0.165,0.174,0.179,0.181,0.175,15.3,16.9,17.7,15.3
Emsland (sand/peat),2026-09-30 02:00:00,0.165,0.173,0.179,0.181,0.175,14.7,16.4,17.5,15.3
Emsland (sand/peat),2026-09-30 03:00:00,0.172,0.178,0.181,0.188,0.182,14.2,16.0,17.3,15.4
Emsland (sand/peat),2026-09-30 04:00:00,0.172,0.178,0.181,0.188,0.182,13.8,15.6,17.1,15.4
Emsland (sand/peat),2026-09-30 05:00:00,0.172,0.178,0.181,0.188,0.182,13.4,15.2,16.8,15.4
Emsland (sand/peat),2026-09-30 06:00:00,0.172,0.177,0.181,0.188,0.182,13.8,14.7,16.6,15.4
Emsland (sand/peat),2026-09-30 07:00:00,0.171,0.177,0.181,0.188,0.182,15.9,15.1,16.4,15.4
Emsland (sand/peat),2026-09-30 08:00:00,0.171,0.177,0.181,0.188,0.182,18.3,15.9,16.2,15.4
Emsland (sand/peat),2026-09-30 09:00:00,0.169,0.176,0.181,0.188,0.182,20.1,16.6,16.2,15.4
Emsland (sand/peat),2026-09-30 10:00:00,0.166,0.175,0.18,0.188,0.182,22.3,18.1,16.3,15.4
Emsland (sand/peat),2026-09-30 11:00:00,0.163,0.174,0.18,0.187,0.182,24.5,19.5,16.5,15.5
Emsland (sand/peat),2026-09-30 12:00:00,0.159,0.173,0.179,0.187,0.182,25.1,20.7,16.9,15.5
Emsland (sand/peat),2026-09-30 13:00:00,0.156,0.172,0.178,0.186,0.182,24.7,21.4,17.3,15.5
Emsland (sand/peat),2026-09-30 14:00:00,0.154,0.171,0.178,0.186,0.182,24.7,21.6,17.7,15.5
Emsland (sand/peat),2026-09-30 15:00:00,0.153,0.17,0.178,0.186,0.182,23.5,21.4,18.0,15.5
Emsland (sand/peat),2026-09-30 16:00:00,0.152,0.169,0.177,0.186,0.182,21.8,21.1,18.3,15.6
Emsland (sand/peat),2026-09-30 17:00:00,0.152,0.168,0.177,0.186,0.182,19.9,20.4,18.4,15.6
Emsland (sand/peat),2026-09-30 18:00:00,0.152,0.168,0.177,0.185,0.182,18.9,19.6,18.5,15.6
Emsland (sand/peat),2026-09-30 19:00:00,0.153,0.167,0.177,0.185,0.182,18.4,19.1,18.5,15.7
Emsland (sand/peat),2026-09-30 20:00:00,0.154,0.167,0.177,0.185,0.182,17.6,18.5,18.4,15.7
Emsland (sand/peat),2026-09-30 21:00:00,0.155,0.166,0.177,0.185,0.182,17.0,17.8,18.3,15.7
Emsland (sand/peat),2026-09-30 22:00:00,0.155,0.166,0.177,0.185,0.182,16.9,17.5,18.1,15.7
Emsland (sand/peat),2026-09-30 23:00:00,0.156,0.166,0.177,0.185,0.182,16.9,17.5,17.9,15.8
Emsland (sand/peat),2026-10-01 00:00:00,0.157,0.165,0.177,0.185,0.182,17.1,17.7,17.8,15.8
Emsland (sand/peat),2026-10-01 01:00:00,0.157,0.165,0.177,0.185,0.182,17.0,17.5,17.7,15.8
Emsland (sand/peat),2026-10-01 02:00:00,0.157,0.165,0.176,0.185,0.182,16.9,17.4,17.6,15.8
Emsland (sand/peat),2026-10-01 03:00:00,0.162,0.167,0.178,0.191,0.187,16.6,17.2,17.5,15.8
Emsland (sand/peat),2026-10-01 04:00:00,0.166,0.167,0.178,0.191,0.187,16.5,17.0,17.4,15.9
Emsland (sand/peat),2026-10-01 05:00:00,0.184,0.168,0.178,0.191,0.187,16.5,16.9,17.3,15.9
Emsland (sand/peat),2026-10-01 06:00:00,0.192,0.17,0.178,0.191,0.187,16.5,16.8,17.2,15.9
Emsland (sand/peat),2026-10-01 07:00:00,0.258,0.181,0.178,0.191,0.187,17.3,16.9,17.1,15.9
Emsland (sand/peat),2026-10-01 08:00:00,0.259,0.204,0.178,0.191,0.187,18.1,17.2,17.0,15.9
Emsland (sand/peat),2026-10-01 09:00:00,0.262,0.229,0.18,0.191,0.187,18.6,17.6,17.1,15.9
Emsland (sand/peat),2026-10-01 10:00:00,0.321,0.28,0.183,0.191,0.187,18.7,17.8,17.1,15.9
Emsland (sand/peat),2026-10-01 11:00:00,0.318,0.305,0.194,0.191,0.187,18.4,18.0,17.1,15.9
Emsland (sand/peat),2026-10-01 12:00:00,0.291,0.289,0.205,0.19,0.187,18.9,18.1,17.2,15.9
Emsland (sand/peat),2026-10-01 13:00:00,0.281,0.277,0.211,0.19,0.187,18.7,18.2,17.3,16.0
Emsland (sand/peat),2026-10-01 14:00:00,0.271,0.269,0.215,0.19,0.187,18.4,18.0,17.3,16.0
Emsland (sand/peat),2026-10-01 15:00:00,0.262,0.261,0.216,0.19,0.187,18.1,18.1,17.3,16.0
Emsland (sand/peat),2026-10-01 16:00:00,0.257,0.256,0.219,0.19,0.187,17.7,17.9,17.4,16.0
Emsland (sand/peat),2026-10-01 17:00:00,0.256,0.252,0.22,0.191,0.187,17.2,17.6,17.4,16.0
Emsland (sand/peat),2026-10-01 18:00:00,0.25,0.249,0.222,0.191,0.187,17.0,17.5,17.3,16.0
Emsland (sand/peat),2026-10-01 19:00:00,0.248,0.246,0.223,0.191,0.187,16.4,17.2,17.3,16.0
Emsland (sand/peat),2026-10-01 20:00:00,0.245,0.244,0.224,0.191,0.187,16.0,16.9,17.2,16.0
Emsland (sand/peat),2026-10-01 21:00:00,0.246,0.243,0.225,0.191,0.187,15.6,16.6,17.1,16.0
Emsland (sand/peat),2026-10-01 22:00:00,0.242,0.242,0.225,0.191,0.187,15.0,16.2,17.0,16.1
Emsland (sand/peat),2026-10-01 23:00:00,0.241,0.24,0.226,0.191,0.187,14.7,15.9,16.8,16.1
Emsland (sand/peat),2026-10-02 00:00:00,0.24,0.239,0.226,0.191,0.187,14.2,15.7,16.7,16.1
Emsland (sand/peat),2026-10-02 01:00:00,0.238,0.238,0.226,0.191,0.187,13.2,15.2,16.5,16.1
Emsland (sand/peat),2026-10-02 02:00:00,0.237,0.237,0.226,0.192,0.187,12.5,14.7,16.3,16.1
Emsland (sand/peat),2026-10-02 03:00:00,0.231,0.23,0.218,0.194,0.191,12.1,14.3,16.1,16.1
Emsland (sand/peat),2026-10-02 04:00:00,0.23,0.23,0.218,0.194,0.191,11.4,13.7,15.8,16.0
Emsland (sand/peat),2026-10-02 05:00:00,0.23,0.229,0.218,0.194,0.191,10.7,13.2,15.6,16.0
Emsland (sand/peat),2026-10-02 06:00:00,0.229,0.228,0.219,0.194,0.191,10.5,12.6,15.3,16.0
Emsland (sand/peat),2026-10-02 07:00:00,0.228,0.227,0.219,0.195,0.191,12.7,12.7,15.0,16.0
Emsland (sand/peat),2026-10-02 08:00:00,0.226,0.227,0.219,0.195,0.191,15.0,13.6,14.8,16.0
Emsland (sand/peat),2026-10-02 09:00:00,0.224,0.226,0.219,0.195,0.191,17.0,15.0,14.8,16.0
Emsland (sand/peat),2026-10-02 10:00:00,0.221,0.224,0.219,0.194,0.191,18.7,16.0,15.0,15.9
Emsland (sand/peat),2026-10-02 11:00:00,0.218,0.222,0.218,0.194,0.191,19.7,16.9,15.2,15.9
Emsland (sand/peat),2026-10-02 12:00:00,0.214,0.22,0.218,0.194,0.19,20.5,17.8,15.5,15.9
Emsland (sand/peat),2026-10-02 13:00:00,0.211,0.218,0.217,0.194,0.19,20.3,18.3,15.8,15.9
Emsland (sand/peat),2026-10-02 14:00:00,0.208,0.216,0.216,0.194,0.19,19.9,18.4,16.1,15.9
Emsland (sand/peat),2026-10-02 15:00:00,0.206,0.215,0.216,0.194,0.19,19.6,18.6,16.4,15.9
Emsland (sand/peat),2026-10-02 16:00:00,0.206,0.213,0.216,0.194,0.19,17.7,18.2,16.6,15.9
Emsland (sand/peat),2026-10-02 17:00:00,0.206,0.212,0.215,0.194,0.19,14.7,17.2,16.7,15.9
Emsland (sand/peat),2026-10-02 18:00:00,0.207,0.212,0.215,0.194,0.19,13.0,15.8,16.7,15.9
Emsland (sand/peat),2026-10-02 19:00:00,0.207,0.211,0.215,0.194,0.19,12.5,14.9,16.5,15.9
Emsland (sand/peat),2026-10-02 20:00:00,0.208,0.211,0.215,0.194,0.19,11.9,14.3,16.2,15.9
Emsland (sand/peat),2026-10-02 21:00:00,0.208,0.211,0.214,0.194,0.19,10.7,13.3,15.9,15.9
Emsland (sand/peat),2026-10-02 22:00:00,0.209,0.211,0.214,0.194,0.19,10.4,12.9,15.6,15.9
Emsland (sand/peat),2026-10-02 23:00:00,0.209,0.21,0.214,0.194,0.19,10.2,12.6,15.3,15.9
Emsland (sand/peat),2026-10-03 00:00:00,0.209,0.21,0.214,0.194,0.19,9.2,11.9,15.0,15.9
Emsland (sand/peat),2026-10-03 01:00:00,0.209,0.21,0.213,0.194,0.19,9.0,11.6,14.7,15.9
Emsland (sand/peat),2026-10-03 02:00:00,0.209,0.21,0.213,0.194,0.19,8.6,11.3,14.4,15.8
Emsland (sand/peat),2026-10-03 03:00:00,0.203,0.204,0.206,0.192,0.189,8.0,10.7,14.1,15.8
Emsland (sand/peat),2026-10-03 04:00:00,0.203,0.204,0.206,0.192,0.189,7.8,10.5,13.8,15.8
Emsland (sand/peat),2026-10-03 05:00:00,0.203,0.204,0.206,0.192,0.189,7.6,10.3,13.5,15.8
Emsland (sand/peat),2026-10-03 06:00:00,0.203,0.204,0.206,0.192,0.189,7.7,9.9,13.2,15.7
Emsland (sand/peat),2026-10-03 07:00:00,0.203,0.204,0.205,0.192,0.189,10.2,10.2,13.0,15.7
Emsland (sand/peat),2026-10-03 08:00:00,0.202,0.204,0.205,0.192,0.189,13.5,11.2,12.9,15.7
Emsland (sand/peat),2026-10-03 09:00:00,0.201,0.204,0.205,0.192,0.189,15.5,12.6,12.9,15.6
Emsland (sand/peat),2026-10-03 10:00:00,0.199,0.203,0.205,0.192,0.189,18.5,14.0,13.0,15.6
Emsland (sand/peat),2026-10-03 11:00:00,0.196,0.202,0.204,0.192,0.189,19.8,15.5,13.3,15.5
Emsland (sand/peat),2026-10-03 12:00:00,0.193,0.201,0.203,0.192,0.189,20.0,16.5,13.6,15.5
Emsland (sand/peat),2026-10-03 13:00:00,0.19,0.199,0.203,0.191,0.189,20.4,17.1,14.0,15.5
Emsland (sand/peat),2026-10-03 14:00:00,0.187,0.198,0.202,0.191,0.189,20.0,17.5,14.4,15.5
Emsland (sand/peat),2026-10-03 15:00:00,0.186,0.197,0.202,0.191,0.189,18.3,17.4,14.7,15.5
Emsland (sand/peat),2026-10-03 16:00:00,0.186,0.196,0.202,0.191,0.189,16.4,16.9,15.0,15.5
Emsland (sand/peat),2026-10-03 17:00:00,0.186,0.195,0.201,0.191,0.189,13.7,16.0,15.2,15.4
Emsland (sand/peat),2026-10-03 18:00:00,0.187,0.195,0.201,0.191,0.189,12.4,14.9,15.2,15.4
Emsland (sand/peat),2026-10-03 19:00:00,0.188,0.194,0.201,0.191,0.189,11.6,14.1,15.1,15.4
Emsland (sand/peat),2026-10-03 20:00:00,0.189,0.194,0.201,0.191,0.189,11.0,13.4,15.0,15.4
Emsland (sand/peat),2026-10-03 21:00:00,0.189,0.194,0.201,0.191,0.189,10.7,12.9,14.8,15.4
Emsland (sand/peat),2026-10-03 22:00:00,0.19,0.194,0.2,0.191,0.189,10.6,12.6,14.6,15.4
Emsland (sand/peat),2026-10-03 23:00:00,0.19,0.193,0.2,0.191,0.189,10.4,12.3,14.5,15.4
Emsland (sand/peat),2026-10-04 00:00:00,0.19,0.193,0.2,0.191,0.189,9.8,12.1,14.3,15.4
Emsland (sand/peat),2026-10-04 01:00:00,0.191,0.193,0.2,0.191,0.189,9.9,11.8,14.1,15.4
Emsland (sand/peat),2026-10-04 02:00:00,0.191,0.193,0.2,0.191,0.189,9.9,11.6,13.9,15.3
Emsland (sand/peat),2026-10-04 03:00:00,0.191,0.193,0.2,0.191,0.189,11.0,11.7,13.7,15.3
Emsland (sand/peat),2026-10-04 04:00:00,0.191,0.193,0.199,0.191,0.189,11.3,11.9,13.6,15.3
Emsland (sand/peat),2026-10-04 05:00:00,0.191,0.193,0.199,0.191,0.189,10.8,12.0,13.5,15.3
Emsland (sand/peat),2026-10-04 06:00:00,0.191,0.193,0.199,0.191,0.189,10.7,11.9,13.4,15.3
Emsland (sand/peat),2026-10-04 07:00:00,0.191,0.193,0.199,0.191,0.189,12.6,12.0,13.3,15.2
Emsland (sand/peat),2026-10-04 08:00:00,0.191,0.193,0.199,0.191,0.189,14.5,12.7,13.3,15.2
Emsland (sand/peat),2026-10-04 09:00:00,0.19,0.193,0.198,0.191,0.189,16.9,13.8,13.3,15.2
Emsland (sand/peat),2026-10-04 10:00:00,0.188,0.193,0.198,0.191,0.189,18.6,14.9,13.5,15.2
Emsland (sand/peat),2026-10-04 11:00:00,0.185,0.192,0.198,0.19,0.189,19.4,15.9,13.7,15.1
Emsland (sand/peat),2026-10-04 12:00:00,0.182,0.191,0.197,0.19,0.188,20.0,16.7,14.1,15.1
Emsland (sand/peat),2026-10-04 13:00:00,0.178,0.19,0.196,0.19,0.188,20.1,17.3,14.4,15.1
Emsland (sand/peat),2026-10-04 14:00:00,0.176,0.188,0.196,0.19,0.188,19.2,17.5,14.7,15.1
Emsland (sand/peat),2026-10-04 15:00:00,0.174,0.187,0.195,0.189,0.188,17.6,17.3,15.0,15.1
Emsland (sand/peat),2026-10-04 16:00:00,0.173,0.186,0.195,0.189,0.188,16.0,16.7,15.2,15.1
Emsland (sand/peat),2026-10-04 17:00:00,0.173,0.186,0.195,0.189,0.188,13.6,15.9,15.3,15.1
Emsland (sand/peat),2026-10-04 18:00:00,0.174,0.185,0.194,0.189,0.188,12.7,14.8,15.3,15.1
Emsland (sand/peat),2026-10-04 19:00:00,0.175,0.185,0.194,0.189,0.188,11.1,14.0,15.2,15.1
Emsland (sand/peat),2026-10-04 20:00:00,0.176,0.184,0.194,0.189,0.188,10.5,13.2,15.0,15.1
Emsland (sand/peat),2026-10-04 21:00:00,0.177,0.184,0.194,0.189,0.188,10.4,12.6,14.8,15.1
Emsland (sand/peat),2026-10-04 22:00:00,0.177,0.184,0.194,0.189,0.188,10.2,12.4,14.6,15.1
Emsland (sand/peat),2026-10-04 23:00:00,0.178,0.184,0.194,0.189,0.188,10.1,12.1,14.4,15.1
Emsland (sand/peat),2026-10-05 00:00:00,0.178,0.184,0.193,0.189,0.188,10.2,11.9,14.2,15.1
Emsland (sand/peat),2026-10-05 01:00:00,0.178,0.183,0.193,0.189,0.188,10.4,11.9,14.0,15.1
Emsland (sand/peat),2026-10-05 02:00:00,0.179,0.183,0.193,0.189,0.188,10.6,11.9,13.8,15.0
Emsland (sand/peat),2026-10-05 03:00:00,0.179,0.183,0.193,0.189,0.188,10.9,11.9,13.7,15.0
Emsland (sand/peat),2026-10-05 04:00:00,0.176,0.179,0.187,0.177,0.171,10.1,11.8,13.5,15.0
Emsland (sand/peat),2026-10-05 05:00:00,0.173,0.175,0.182,0.165,0.153,9.4,11.4,13.4,14.9
Emsland (sand/peat),2026-10-05 06:00:00,0.169,0.171,0.175,0.153,0.136,9.3,11.1,13.3,14.8
Emsland (sand/peat),2026-10-05 07:00:00,0.166,0.167,0.169,0.141,0.118,11.2,11.1,13.2,14.8
Emsland (sand/peat),2026-10-05 08:00:00,0.166,0.167,0.169,0.141,0.118,14.1,11.5,13.1,14.7
Emsland (sand/peat),2026-10-05 09:00:00,0.164,0.167,0.169,0.141,0.118,16.6,12.4,13.1,14.7
Emsland (sand/peat),2026-10-05 10:00:00,0.163,0.167,0.169,0.14,0.118,18.6,13.5,13.1,14.7
Emsland (sand/peat),2026-10-05 11:00:00,0.161,0.166,0.168,0.14,0.118,18.9,14.5,13.2,14.7
Emsland (sand/peat),2026-10-05 12:00:00,0.159,0.165,0.168,0.14,0.118,20.0,15.3,13.3,14.7
Emsland (sand/peat),2026-10-05 13:00:00,0.157,0.165,0.167,0.14,0.118,19.8,16.0,13.5,14.7
Emsland (sand/peat),2026-10-05 14:00:00,0.156,0.164,0.167,0.14,0.118,19.5,16.4,13.7,14.7
Emsland (sand/peat),2026-10-05 15:00:00,0.155,0.163,0.167,0.14,0.118,18.5,16.6,13.9,14.7
Emsland (sand/peat),2026-10-05 16:00:00,0.154,0.163,0.166,0.14,0.118,17.3,16.6,14.1,14.7
Emsland (sand/peat),2026-10-05 17:00:00,0.154,0.162,0.166,0.14,0.118,13.9,16.1,14.2,14.7
Emsland (sand/peat),2026-10-05 18:00:00,0.155,0.162,0.166,0.14,0.118,12.4,15.3,14.3,14.7
Emsland (sand/peat),2026-10-05 19:00:00,0.156,0.162,0.166,0.14,0.118,11.6,14.5,14.4,14.7
Emsland (sand/peat),2026-10-05 20:00:00,0.156,0.162,0.166,0.14,0.118,11.6,13.9,14.4,14.6
Emsland (sand/peat),2026-10-05 21:00:00,0.157,0.161,0.166,0.14,0.118,10.9,13.5,14.3,14.6
Emsland (sand/peat),2026-10-05 22:00:00,0.157,0.161,0.166,0.14,0.118,10.2,13.0,14.3,14.6
Emsland (sand/peat),2026-10-05 23:00:00,0.157,0.161,0.166,0.14,0.118,10.0,12.6,14.2,14.6
Emsland (sand/peat),2026-10-06 00:00:00,0.158,0.161,0.166,0.14,0.118,9.5,12.3,14.1,14.6
Emsland (sand/peat),2026-10-06 01:00:00,0.158,0.161,0.165,0.14,0.118,9.2,11.9,14.0,14.6
Emsland (sand/peat),2026-10-06 02:00:00,0.158,0.161,0.165,0.14,0.118,9.0,11.6,13.8,14.6
Emsland (sand/peat),2026-10-06 03:00:00,0.159,0.161,0.165,0.14,0.118,8.7,11.4,13.7,14.6
Emsland (sand/peat),2026-10-06 04:00:00,0.159,0.161,0.165,0.14,0.118,8.4,11.1,13.6,14.6
Emsland (sand/peat),2026-10-06 05:00:00,0.159,0.161,0.165,0.14,0.118,8.1,10.9,13.5,14.6
Emsland (sand/peat),2026-10-06 06:00:00,0.159,0.161,0.165,0.14,0.118,8.2,10.7,13.3,14.6
Emsland (sand/peat),2026-10-06 07:00:00,0.159,0.161,0.165,0.14,0.118,10.5,10.9,13.2,14.6
Emsland (sand/peat),2026-10-06 08:00:00,0.159,0.161,0.165,0.14,0.118,13.8,11.5,13.1,14.6
Emsland (sand/peat),2026-10-06 09:00:00,0.158,0.161,0.165,0.14,0.118,16.6,12.2,13.0,14.6
Emsland (sand/peat),2026-10-06 10:00:00,0.156,0.16,0.164,0.14,0.118,18.5,13.2,13.1,14.6
Emsland (sand/peat),2026-10-06 11:00:00,0.154,0.16,0.164,0.139,0.118,19.9,14.4,13.1,14.5
Emsland (sand/peat),2026-10-06 12:00:00,0.152,0.159,0.163,0.139,0.118,20.7,15.4,13.3,14.5
Emsland (sand/peat),2026-10-06 13:00:00,0.149,0.158,0.163,0.139,0.118,20.9,16.2,13.5,14.5
Emsland (sand/peat),2026-10-06 14:00:00,0.147,0.158,0.162,0.139,0.118,20.5,16.8,13.7,14.5
Emsland (sand/peat),2026-10-06 15:00:00,0.145,0.157,0.162,0.139,0.118,19.3,17.1,13.9,14.5
Emsland (sand/peat),2026-10-06 16:00:00,0.145,0.157,0.162,0.139,0.118,16.7,16.7,14.1,14.5
Emsland (sand/peat),2026-10-06 17:00:00,0.145,0.156,0.161,0.139,0.118,13.3,15.9,14.3,14.5
Emsland (sand/peat),2026-10-06 18:00:00,0.146,0.156,0.161,0.139,0.118,10.8,15.1,14.4,14.5
Emsland (sand/peat),2026-10-06 19:00:00,0.147,0.156,0.161,0.139,0.118,10.2,14.3,14.4,14.5
Emsland (sand/peat),2026-10-06 20:00:00,0.147,0.155,0.161,0.139,0.118,10.5,13.5,14.3,14.5
Emsland (sand/peat),2026-10-06 21:00:00,0.148,0.155,0.161,0.139,0.118,10.8,12.9,14.2,14.5
Emsland (sand/peat),2026-10-06 22:00:00,0.148,0.155,0.161,0.139,0.118,10.9,12.6,14.1,14.5
Emsland (sand/peat),2026-10-06 23:00:00,0.149,0.154,0.161,0.139,0.118,10.9,12.6,14.1,14.5
Emsland (sand/peat),2026-10-07 00:00:00,0.149,0.154,0.161,0.139,0.118,11.0,12.6,14.0,14.5
Emsland (sand/peat),2026-10-07 01:00:00,0.149,0.154,0.161,0.139,0.118,10.9,12.4,13.9,14.5
Emsland (sand/peat),2026-10-07 02:00:00,0.15,0.154,0.161,0.139,0.118,10.8,12.3,13.8,14.5
Emsland (sand/peat),2026-10-07 03:00:00,0.15,0.154,0.161,0.139,0.118,10.7,12.1,13.7,14.5
Emsland (sand/peat),2026-10-07 04:00:00,0.15,0.154,0.161,0.139,0.118,10.7,12.0,13.6,14.5
Emsland (sand/peat),2026-10-07 05:00:00,0.151,0.154,0.16,0.139,0.118,10.7,11.9,13.5,14.4
Emsland (sand/peat),2026-10-07 06:00:00,0.151,0.154,0.16,0.139,0.118,11.1,11.9,13.5,14.4
Emsland (sand/peat),2026-10-07 07:00:00,0.151,0.154,0.16,0.139,0.118,12.3,12.2,13.4,14.4
Emsland (sand/peat),2026-10-07 08:00:00,0.151,0.154,0.16,0.139,0.118,13.8,12.7,13.4,14.4
Emsland (sand/peat),2026-10-07 09:00:00,0.15,0.154,0.16,0.139,0.118,15.1,13.2,13.4,14.4
Emsland (sand/peat),2026-10-07 10:00:00,0.149,0.154,0.16,0.139,0.118,16.0,13.7,13.4,14.4
Emsland (sand/peat),2026-10-07 11:00:00,0.148,0.153,0.159,0.138,0.118,16.8,14.3,13.5,14.4
Emsland (sand/peat),2026-10-07 12:00:00,0.147,0.153,0.159,0.138,0.118,17.1,14.7,13.5,14.4
Emsland (sand/peat),2026-10-07 13:00:00,0.14,0.151,0.159,0.138,0.118,16.8,15.0,13.6,14.4
Emsland (sand/peat),2026-10-07 14:00:00,0.133,0.148,0.159,0.138,0.118,16.1,15.3,13.8,14.4
Emsland (sand/peat),2026-10-07 15:00:00,0.146,0.152,0.159,0.138,0.118,15.4,15.3,13.9,14.4
Emsland (sand/peat),2026-10-07 16:00:00,0.199,0.163,0.156,0.138,0.118,14.7,15.1,14.0,14.4
Emsland (sand/peat),2026-10-07 17:00:00,0.272,0.179,0.152,0.138,0.118,14.1,14.8,14.0,14.4
Emsland (sand/peat),2026-10-07 18:00:00,0.326,0.204,0.159,0.138,0.118,13.5,14.5,14.1,14.4
Emsland (sand/peat),2026-10-07 19:00:00,0.342,0.247,0.186,0.138,0.118,13.2,14.2,14.1,14.4
Emsland (sand/peat),2026-10-07 20:00:00,0.339,0.298,0.223,0.139,0.118,13.0,14.0,14.1,14.4
Emsland (sand/peat),2026-10-07 21:00:00,0.331,0.331,0.253,0.139,0.118,12.8,13.8,14.1,14.4
Emsland (sand/peat),2026-10-07 22:00:00,0.323,0.332,0.274,0.14,0.116,12.8,13.6,14.1,14.4
Emsland (sand/peat),2026-10-07 23:00:00,0.31,0.315,0.289,0.141,0.114,12.9,13.5,14.1,14.4
Emsland (sand/peat),2026-10-08 00:00:00,0.299,0.302,0.298,0.142,0.111,12.8,13.4,14.1,14.4
Emsland (sand/peat),2026-10-08 01:00:00,0.294,0.298,0.303,0.143,0.109,12.5,13.4,14.1,14.4
Emsland (sand/peat),2026-10-08 02:00:00,0.293,0.296,0.301,0.145,0.109,12.0,13.3,14.1,14.4
Emsland (sand/peat),2026-10-08 03:00:00,0.291,0.294,0.298,0.146,0.109,11.6,13.2,14.0,14.4
Emsland (sand/peat),2026-10-08 04:00:00,0.288,0.291,0.296,0.147,0.109,11.2,13.0,14.0,14.4
Emsland (sand/peat),2026-10-08 05:00:00,0.284,0.288,0.293,0.149,0.109,10.8,12.7,13.9,14.4
Emsland (sand/peat),2026-10-08 06:00:00,0.281,0.285,0.29,0.15,0.109,10.7,12.5,13.8,14.4
Emsland (sand/peat),2026-10-08 07:00:00,0.279,0.283,0.288,0.151,0.109,11.1,12.4,13.7,14.4
Emsland (sand/peat),2026-10-08 08:00:00,0.278,0.282,0.286,0.153,0.109,11.8,12.3,13.6,14.4
Emsland (sand/peat),2026-10-08 09:00:00,0.276,0.28,0.284,0.154,0.109,12.5,12.4,13.6,14.4
Emsland (sand/peat),2026-10-08 10:00:00,0.273,0.277,0.281,0.155,0.109,13.3,12.7,13.5,14.4
Emsland (sand/peat),2026-10-08 11:00:00,0.27,0.275,0.279,0.155,0.109,14.2,13.2,13.5,14.3
Emsland (sand/peat),2026-10-08 12:00:00,0.267,0.272,0.276,0.156,0.109,14.7,13.5,13.5,14.3
Emsland (sand/peat),2026-10-08 13:00:00,0.265,0.27,0.274,0.157,0.109,14.6,13.8,13.6,14.3
Emsland (sand/peat),2026-10-08 14:00:00,0.263,0.268,0.272,0.157,0.109,14.2,13.9,13.6,14.3
Emsland (sand/peat),2026-10-08 15:00:00,0.262,0.266,0.27,0.158,0.109,13.5,13.9,13.6,14.3
Emsland (sand/peat),2026-10-08 16:00:00,0.261,0.264,0.268,0.158,0.109,12.5,13.7,13.6,14.3
Emsland (sand/peat),2026-10-08 17:00:00,0.259,0.262,0.267,0.159,0.109,11.3,13.3,13.6,14.3
Emsland (sand/peat),2026-10-08 18:00:00,0.258,0.261,0.265,0.159,0.109,10.2,12.9,13.6,14.3
Emsland (sand/peat),2026-10-08 19:00:00,0.257,0.26,0.264,0.16,0.109,9.5,12.4,13.6,14.3
Emsland (sand/peat),2026-10-08 20:00:00,0.257,0.26,0.262,0.16,0.109,8.9,11.8,13.5,14.3
Emsland (sand/peat),2026-10-08 21:00:00,0.256,0.259,0.261,0.161,0.109,8.5,11.3,13.4,14.3
Emsland (sand/peat),2026-10-08 22:00:00,0.255,0.258,0.26,0.161,0.109,8.1,10.9,13.3,14.3
Emsland (sand/peat),2026-10-08 23:00:00,0.255,0.257,0.258,0.162,0.109,7.9,10.6,13.1,14.3
Emsland (sand/peat),2026-10-09 00:00:00,0.254,0.256,0.257,0.162,0.109,7.7,10.3,13.0,14.3
Emsland (sand/peat),2026-10-09 01:00:00,0.253,0.255,0.256,0.163,0.109,7.7,10.1,12.8,14.3
Emsland (sand/peat),2026-10-09 02:00:00,0.253,0.255,0.255,0.163,0.109,7.7,9.9,12.6,14.2
Emsland (sand/peat),2026-10-09 03:00:00,0.252,0.254,0.254,0.164,0.109,7.7,9.8,12.5,14.2
Emsland (sand/peat),2026-10-09 04:00:00,0.251,0.253,0.253,0.164,0.109,7.5,9.6,12.3,14.2
Emsland (sand/peat),2026-10-09 05:00:00,0.251,0.252,0.252,0.165,0.109,7.2,9.4,12.2,14.2
Emsland (sand/peat),2026-10-09 06:00:00,0.25,0.251,0.251,0.165,0.109,7.5,9.4,12.1,14.2
Emsland (sand/peat),2026-10-09 07:00:00,0.249,0.25,0.25,0.165,0.109,9.0,9.6,12.0,14.2
Emsland (sand/peat),2026-10-09 08:00:00,0.247,0.249,0.249,0.166,0.109,11.0,10.0,11.8,14.1
Emsland (sand/peat),2026-10-09 09:00:00,0.246,0.248,0.248,0.166,0.109,12.4,10.4,11.8,14.1
Emsland (sand/peat),2026-10-09 10:00:00,0.244,0.247,0.247,0.166,0.109,12.9,10.8,11.7,14.1
Emsland (sand/peat),2026-10-09 11:00:00,0.242,0.245,0.246,0.167,0.109,12.8,11.3,11.8,14.1
Emsland (sand/peat),2026-10-09 12:00:00,0.241,0.244,0.245,0.167,0.109,12.4,11.7,11.8,14.1
Emsland (sand/peat),2026-10-09 13:00:00,0.242,0.241,0.244,0.167,0.109,11.7,11.7,11.8,14.1
Emsland (sand/peat),2026-10-09 14:00:00,0.244,0.239,0.243,0.167,0.109,10.6,11.6,11.8,14.0
Emsland (sand/peat),2026-10-09 15:00:00,0.252,0.244,0.243,0.167,0.109,9.9,11.4,11.9,14.0
Emsland (sand/peat),2026-10-09 16:00:00,0.272,0.265,0.245,0.167,0.109,9.7,11.2,11.9,14.0
Emsland (sand/peat),2026-10-09 17:00:00,0.298,0.293,0.249,0.168,0.109,9.8,10.9,11.9,14.0
Emsland (sand/peat),2026-10-09 18:00:00,0.313,0.31,0.253,0.168,0.109,9.9,10.7,11.8,14.0
Emsland (sand/peat),2026-10-09 19:00:00,0.308,0.306,0.258,0.169,0.109,9.9,10.7,11.8,14.0
Emsland (sand/peat),2026-10-09 20:00:00,0.292,0.292,0.263,0.169,0.109,9.9,10.7,11.8,13.9
Emsland (sand/peat),2026-10-09 21:00:00,0.279,0.28,0.266,0.17,0.109,9.9,10.7,11.7,13.9
Emsland (sand/peat),2026-10-09 22:00:00,0.274,0.275,0.267,0.171,0.109,9.9,10.7,11.7,13.9
Emsland (sand/peat),2026-10-09 23:00:00,0.271,0.273,0.267,0.171,0.109,9.8,10.7,11.7,13.9
Wesermarsch (marsh clay),2026-09-26 00:00:00,0.27,0.271,0.276,0.279,0.287,8.1,11.2,13.5,14.4
Wesermarsch (marsh clay),2026-09-26 01:00:00,0.27,0.272,0.276,0.279,0.287,8.0,11.0,13.4,14.4
Wesermarsch (marsh clay),2026-09-26 02:00:00,0.271,0.272,0.276,0.279,0.287,7.8,10.7,13.3,14.4
Wesermarsch (marsh clay),2026-09-26 03:00:00,0.268,0.268,0.272,0.277,0.285,10.9,11.4,13.2,14.4
Wesermarsch (marsh clay),2026-09-26 04:00:00,0.267,0.268,0.272,0.277,0.285,11.3,11.6,13.1,14.4
Wesermarsch (marsh clay),2026-09-26 05:00:00,0.267,0.268,0.272,0.277,0.285,11.0,11.7,13.1,14.4
Wesermarsch (marsh clay),2026-09-26 06:00:00,0.267,0.268,0.272,0.277,0.285,10.4,11.3,13.0,14.4
Wesermarsch (marsh clay),2026-09-26 07:00:00,0.267,0.268,0.271,0.277,0.285,12.0,11.4,12.9,14.4
Wesermarsch (marsh clay),2026-09-26 08:00:00,0.267,0.268,0.271,0.277,0.285,12.9,11.9,12.9,14.4
Wesermarsch (marsh clay),2026-09-26 09:00:00,0.266,0.268,0.271,0.277,0.285,15.9,12.5,12.9,14.4
Wesermarsch (marsh clay),2026-09-26 10:00:00,0.266,0.268,0.271,0.277,0.285,18.2,13.3,12.9,14.3
Wesermarsch (marsh clay),2026-09-26 11:00:00,0.264,0.267,0.271,0.276,0.285,20.3,14.5,13.0,14.3
Wesermarsch (marsh clay),2026-09-26 12:00:00,0.262,0.266,0.27,0.276,0.285,20.1,15.4,13.1,14.3
Wesermarsch (marsh clay),2026-09-26 13:00:00,0.26,0.265,0.269,0.276,0.285,19.9,16.2,13.3,14.3
Wesermarsch (marsh clay),2026-09-26 14:00:00,0.258,0.263,0.269,0.275,0.285,18.7,16.5,13.5,14.3
Wesermarsch (marsh clay),2026-09-26 15:00:00,0.257,0.262,0.268,0.275,0.285,17.2,16.4,13.7,14.3
Wesermarsch (marsh clay),2026-09-26 16:00:00,0.257,0.261,0.268,0.275,0.285,15.4,16.1,13.9,14.3
Wesermarsch (marsh clay),2026-09-26 17:00:00,0.258,0.261,0.268,0.275,0.285,13.6,15.5,14.0,14.3
Wesermarsch (marsh clay),2026-09-26 18:00:00,0.259,0.261,0.267,0.275,0.285,12.3,14.8,14.1,14.3
Wesermarsch (marsh clay),2026-09-26 19:00:00,0.259,0.261,0.267,0.275,0.285,11.2,14.1,14.1,14.3
Wesermarsch (marsh clay),2026-09-26 20:00:00,0.26,0.261,0.267,0.275,0.285,11.2,13.5,14.1,14.3
Wesermarsch (marsh clay),2026-09-26 21:00:00,0.26,0.261,0.267,0.275,0.285,11.3,13.1,14.1,14.3
Wesermarsch (marsh clay),2026-09-26 22:00:00,0.26,0.262,0.267,0.275,0.285,10.3,12.7,14.0,14.3
Wesermarsch (marsh clay),2026-09-26 23:00:00,0.261,0.262,0.267,0.275,0.285,9.9,12.4,13.9,14.3
Wesermarsch (marsh clay),2026-09-27 00:00:00,0.261,0.262,0.267,0.275,0.285,9.4,11.8,13.8,14.3
Wesermarsch (marsh clay),2026-09-27 01:00:00,0.261,0.262,0.267,0.275,0.285,9.4,11.6,13.7,14.3
Wesermarsch (marsh clay),2026-09-27 02:00:00,0.261,0.262,0.267,0.275,0.285,9.5,11.5,13.6,14.3
Wesermarsch (marsh clay),2026-09-27 03:00:00,0.262,0.262,0.266,0.274,0.285,10.3,11.3,13.5,14.3
Wesermarsch (marsh clay),2026-09-27 04:00:00,0.262,0.263,0.266,0.274,0.285,10.6,11.4,13.4,14.3
Wesermarsch (marsh clay),2026-09-27 05:00:00,0.262,0.263,0.266,0.274,0.285,11.1,11.6,13.3,14.3
Wesermarsch (marsh clay),2026-09-27 06:00:00,0.262,0.263,0.266,0.274,0.285,11.2,11.5,13.2,14.3
Wesermarsch (marsh clay),2026-09-27 07:00:00,0.262,0.263,0.266,0.274,0.285,12.7,11.8,13.1,14.2
Wesermarsch (marsh clay),2026-09-27 08:00:00,0.261,0.263,0.266,0.274,0.285,14.7,12.3,13.1,14.2
Wesermarsch (marsh clay),2026-09-27 09:00:00,0.259,0.262,0.265,0.274,0.285,17.5,13.3,13.1,14.2
Wesermarsch (marsh clay),2026-09-27 10:00:00,0.257,0.261,0.265,0.273,0.285,19.6,14.2,13.2,14.2
Wesermarsch (marsh clay),2026-09-27 11:00:00,0.254,0.259,0.264,0.273,0.285,20.6,15.2,13.3,14.2
Wesermarsch (marsh clay),2026-09-27 12:00:00,0.251,0.258,0.263,0.272,0.285,22.6,16.4,13.4,14.2
Wesermarsch (marsh clay),2026-09-27 13:00:00,0.249,0.256,0.262,0.272,0.285,22.7,17.2,13.6,14.2
Wesermarsch (marsh clay),2026-09-27 14:00:00,0.247,0.254,0.261,0.271,0.285,21.9,17.7,13.9,14.2
Wesermarsch (marsh clay),2026-09-27 15:00:00,0.246,0.253,0.261,0.271,0.285,21.2,18.3,14.1,14.2
Wesermarsch (marsh clay),2026-09-27 16:00:00,0.246,0.252,0.26,0.271,0.285,20.0,18.2,14.3,14.2
Wesermarsch (marsh clay),2026-09-27 17:00:00,0.246,0.251,0.26,0.271,0.285,18.2,17.9,14.5,14.2
Wesermarsch (marsh clay),2026-09-27 18:00:00,0.245,0.251,0.26,0.271,0.285,17.0,17.5,14.7,14.2
Wesermarsch (marsh clay),2026-09-27 19:00:00,0.245,0.251,0.26,0.271,0.285,15.9,17.0,14.8,14.2
Wesermarsch (marsh clay),2026-09-27 20:00:00,0.246,0.25,0.259,0.271,0.285,15.2,16.4,14.9,14.2
Wesermarsch (marsh clay),2026-09-27 21:00:00,0.246,0.25,0.259,0.271,0.285,13.4,15.6,14.9,14.2
Wesermarsch (marsh clay),2026-09-27 22:00:00,0.247,0.25,0.259,0.271,0.285,12.6,15.1,14.9,14.2
Wesermarsch (marsh clay),2026-09-27 23:00:00,0.247,0.25,0.259,0.27,0.285,11.9,14.6,14.9,14.2
Wesermarsch (marsh clay),2026-09-28 00:00:00,0.248,0.25,0.259,0.27,0.285,10.9,13.5,14.9,14.2
Wesermarsch (marsh clay),2026-09-28 01:00:00,0.249,0.251,0.259,0.27,0.285,11.0,13.2,14.8,14.2
Wesermarsch (marsh clay),2026-09-28 02:00:00,0.249,0.251,0.259,0.27,0.285,11.2,13.0,14.7,14.2
Wesermarsch (marsh clay),2026-09-28 03:00:00,0.25,0.252,0.259,0.265,0.279,12.2,13.1,14.6,14.2
Wesermarsch (marsh clay),2026-09-28 04:00:00,0.251,0.252,0.259,0.265,0.279,11.3,13.1,14.5,14.2
Wesermarsch (marsh clay),2026-09-28 05:00:00,0.251,0.252,0.258,0.265,0.279,11.6,13.0,14.5,14.2
Wesermarsch (marsh clay),2026-09-28 06:00:00,0.251,0.253,0.258,0.265,0.279,11.9,12.8,14.4,14.2
Wesermarsch (marsh clay),2026-09-28 07:00:00,0.251,0.253,0.258,0.265,0.279,14.6,12.9,14.3,14.2
Wesermarsch (marsh clay),2026-09-28 08:00:00,0.251,0.253,0.258,0.265,0.279,18.1,13.5,14.3,14.2
Wesermarsch (marsh clay),2026-09-28 09:00:00,0.249,0.252,0.258,0.265,0.279,21.0,14.6,14.3,14.2
Wesermarsch (marsh clay),2026-09-28 10:00:00,0.247,0.251,0.257,0.265,0.279,23.5,15.7,14.3,14.2
Wesermarsch (marsh clay),2026-09-28 11:00:00,0.245,0.25,0.256,0.264,0.279,23.8,16.9,14.4,14.2
Wesermarsch (marsh clay),2026-09-28 12:00:00,0.243,0.249,0.256,0.264,0.279,24.1,17.8,14.5,14.2
Wesermarsch (marsh clay),2026-09-28 13:00:00,0.241,0.248,0.255,0.264,0.279,22.4,18.4,14.7,14.2
Wesermarsch (marsh clay),2026-09-28 14:00:00,0.241,0.247,0.254,0.263,0.279,21.9,18.6,14.9,14.2
Wesermarsch (marsh clay),2026-09-28 15:00:00,0.24,0.246,0.254,0.263,0.279,20.6,18.7,15.1,14.2
Wesermarsch (marsh clay),2026-09-28 16:00:00,0.24,0.245,0.254,0.263,0.279,18.7,18.5,15.2,14.3
Wesermarsch (marsh clay),2026-09-28 17:00:00,0.241,0.245,0.253,0.263,0.279,17.5,18.1,15.4,14.3
Wesermarsch (marsh clay),2026-09-28 18:00:00,0.247,0.245,0.253,0.263,0.279,16.9,17.7,15.5,14.3
Wesermarsch (marsh clay),2026-09-28 19:00:00,0.243,0.245,0.253,0.263,0.279,16.7,17.3,15.6,14.3
Wesermarsch (marsh clay),2026-09-28 20:00:00,0.243,0.245,0.253,0.263,0.279,16.5,16.9,15.6,14.3
Wesermarsch (marsh clay),2026-09-28 21:00:00,0.244,0.246,0.253,0.263,0.279,16.3,16.6,15.6,14.3
Wesermarsch (marsh clay),2026-09-28 22:00:00,0.244,0.246,0.253,0.263,0.279,15.9,16.4,15.7,14.3
Wesermarsch (marsh clay),2026-09-28 23:00:00,0.245,0.246,0.253,0.263,0.279,15.8,16.2,15.7,14.3
Wesermarsch (marsh clay),2026-09-29 00:00:00,0.245,0.246,0.253,0.263,0.279,16.0,16.1,15.7,14.3
Wesermarsch (marsh clay),2026-09-29 01:00:00,0.246,0.247,0.253,0.263,0.279,15.8,16.0,15.7,14.3
Wesermarsch (marsh clay),2026-09-29 02:00:00,0.246,0.247,0.253,0.263,0.279,15.4,15.9,15.7,14.3
Wesermarsch (marsh clay),2026-09-29 03:00:00,0.256,0.255,0.254,0.263,0.279,15.4,15.8,15.6,14.3
Wesermarsch (marsh clay),2026-09-29 04:00:00,0.255,0.255,0.254,0.263,0.279,15.3,15.7,15.6,14.3
Wesermarsch (marsh clay),2026-09-29 05:00:00,0.255,0.255,0.254,0.263,0.279,14.7,15.6,15.6,14.3
Wesermarsch (marsh clay),2026-09-29 06:00:00,0.255,0.255,0.254,0.263,0.279,14.9,15.5,15.6,14.4
Wesermarsch (marsh clay),2026-09-29 07:00:00,0.255,0.255,0.254,0.263,0.279,16.4,15.5,15.5,14.4
Wesermarsch (marsh clay),2026-09-29 08:00:00,0.253,0.254,0.254,0.263,0.279,17.9,15.7,15.5,14.4
Wesermarsch (marsh clay),2026-09-29 09:00:00,0.251,0.254,0.254,0.262,0.279,20.5,16.3,15.5,14.4
Wesermarsch (marsh clay),2026-09-29 10:00:00,0.249,0.252,0.254,0.262,0.279,21.5,17.0,15.5,14.4
Wesermarsch (marsh clay),2026-09-29 11:00:00,0.246,0.251,0.253,0.262,0.279,21.5,17.7,15.6,14.4
Wesermarsch (marsh clay),2026-09-29 12:00:00,0.244,0.249,0.252,0.261,0.279,22.9,18.6,15.8,14.4
Wesermarsch (marsh clay),2026-09-29 13:00:00,0.242,0.248,0.252,0.261,0.279,23.5,19.1,15.9,14.4
Wesermarsch (marsh clay),2026-09-29 14:00:00,0.24,0.246,0.251,0.26,0.278,22.1,19.5,16.1,14.4
Wesermarsch (marsh clay),2026-09-29 15:00:00,0.239,0.245,0.251,0.26,0.278,21.7,19.6,16.2,14.4
Wesermarsch (marsh clay),2026-09-29 16:00:00,0.239,0.244,0.25,0.26,0.278,20.3,19.5,16.4,14.4
Wesermarsch (marsh clay),2026-09-29 17:00:00,0.239,0.244,0.25,0.26,0.278,18.4,19.1,16.5,14.4
Wesermarsch (marsh clay),2026-09-29 18:00:00,0.239,0.243,0.25,0.26,0.278,18.2,18.8,16.6,14.5
Wesermarsch (marsh clay),2026-09-29 19:00:00,0.239,0.243,0.25,0.26,0.278,18.0,18.4,16.6,14.5
Wesermarsch (marsh clay),2026-09-29 20:00:00,0.238,0.243,0.25,0.26,0.278,17.7,18.1,16.7,14.5
Wesermarsch (marsh clay),2026-09-29 21:00:00,0.238,0.242,0.25,0.26,0.278,18.1,18.3,16.7,14.5
Wesermarsch (marsh clay),2026-09-29 22:00:00,0.237,0.242,0.25,0.26,0.278,16.7,18.0,16.8,14.5
Wesermarsch (marsh clay),2026-09-29 23:00:00,0.237,0.242,0.249,0.26,0.278,15.5,17.5,16.8,14.5
Wesermarsch (marsh clay),2026-09-30 00:00:00,0.237,0.241,0.249,0.26,0.278,15.3,17.2,16.8,14.5
Wesermarsch (marsh clay),2026-09-30 01:00:00,0.237,0.241,0.249,0.26,0.278,14.6,16.7,16.7,14.5
Wesermarsch (marsh clay),2026-09-30 02:00:00,0.237,0.241,0.249,0.26,0.278,14.1,16.2,16.7,14.6
Wesermarsch (marsh clay),2026-09-30 03:00:00,0.242,0.245,0.252,0.265,0.283,13.6,15.8,16.6,14.6
Wesermarsch (marsh clay),2026-09-30 04:00:00,0.242,0.245,0.252,0.265,0.283,13.0,15.4,16.5,14.6
Wesermarsch (marsh clay),2026-09-30 05:00:00,0.242,0.245,0.251,0.265,0.283,12.8,15.0,16.3,14.6
Wesermarsch (marsh clay),2026-09-30 06:00:00,0.242,0.245,0.251,0.265,0.283,12.9,14.5,16.2,14.6
Wesermarsch (marsh clay),2026-09-30 07:00:00,0.242,0.245,0.251,0.265,0.283,14.9,14.6,16.0,14.6
Wesermarsch (marsh clay),2026-09-30 08:00:00,0.241,0.244,0.251,0.265,0.283,16.9,15.0,15.9,14.6
Wesermarsch (marsh clay),2026-09-30 09:00:00,0.239,0.244,0.251,0.264,0.283,18.9,15.7,15.9,14.6
Wesermarsch (marsh clay),2026-09-30 10:00:00,0.237,0.243,0.25,0.264,0.283,20.9,16.7,15.9,14.6
Wesermarsch (marsh clay),2026-09-30 11:00:00,0.235,0.241,0.249,0.263,0.283,22.3,17.6,15.9,14.6
Wesermarsch (marsh clay),2026-09-30 12:00:00,0.232,0.24,0.248,0.263,0.283,23.8,18.5,16.0,14.7
Wesermarsch (marsh clay),2026-09-30 13:00:00,0.229,0.238,0.247,0.262,0.283,23.9,19.3,16.2,14.7
Wesermarsch (marsh clay),2026-09-30 14:00:00,0.227,0.237,0.247,0.262,0.283,22.8,19.7,16.3,14.7
Wesermarsch (marsh clay),2026-09-30 15:00:00,0.226,0.235,0.246,0.262,0.283,21.8,20.0,16.5,14.7
Wesermarsch (marsh clay),2026-09-30 16:00:00,0.226,0.234,0.246,0.261,0.283,20.1,19.8,16.7,14.7
Wesermarsch (marsh clay),2026-09-30 17:00:00,0.226,0.234,0.245,0.261,0.283,18.4,19.2,16.8,14.7
Wesermarsch (marsh clay),2026-09-30 18:00:00,0.226,0.233,0.245,0.261,0.283,18.2,18.7,16.9,14.7
Wesermarsch (marsh clay),2026-09-30 19:00:00,0.226,0.233,0.245,0.261,0.283,17.7,18.3,17.0,14.7
Wesermarsch (marsh clay),2026-09-30 20:00:00,0.226,0.233,0.245,0.261,0.283,17.4,17.9,17.0,14.8
Wesermarsch (marsh clay),2026-09-30 21:00:00,0.226,0.233,0.245,0.261,0.283,17.0,17.8,17.0,14.8
Wesermarsch (marsh clay),2026-09-30 22:00:00,0.226,0.232,0.245,0.261,0.283,16.1,17.4,17.0,14.8
Wesermarsch (marsh clay),2026-09-30 23:00:00,0.226,0.232,0.245,0.261,0.283,15.6,17.0,17.0,14.8
Wesermarsch (marsh clay),2026-10-01 00:00:00,0.226,0.232,0.244,0.261,0.283,15.4,16.6,16.9,14.8
Wesermarsch (marsh clay),2026-10-01 01:00:00,0.227,0.232,0.244,0.261,0.283,15.1,16.4,16.8,14.8
Wesermarsch (marsh clay),2026-10-01 02:00:00,0.227,0.232,0.244,0.261,0.283,15.1,16.2,16.7,14.8
Wesermarsch (marsh clay),2026-10-01 03:00:00,0.23,0.235,0.246,0.265,0.286,14.8,15.8,16.6,14.8
Wesermarsch (marsh clay),2026-10-01 04:00:00,0.23,0.235,0.246,0.265,0.286,15.0,15.8,16.5,14.8
Wesermarsch (marsh clay),2026-10-01 05:00:00,0.23,0.235,0.246,0.265,0.286,15.0,15.7,16.4,14.9
Wesermarsch (marsh clay),2026-10-01 06:00:00,0.23,0.235,0.246,0.265,0.286,14.6,15.4,16.4,14.9
Wesermarsch (marsh clay),2026-10-01 07:00:00,0.23,0.235,0.246,0.265,0.286,15.6,15.5,16.3,14.9
Wesermarsch (marsh clay),2026-10-01 08:00:00,0.23,0.235,0.246,0.264,0.286,16.8,15.7,16.2,14.9
Wesermarsch (marsh clay),2026-10-01 09:00:00,0.26,0.236,0.245,0.264,0.286,17.3,15.7,16.1,14.9
Wesermarsch (marsh clay),2026-10-01 10:00:00,0.279,0.245,0.245,0.264,0.286,18.8,16.3,16.1,14.9
Wesermarsch (marsh clay),2026-10-01 11:00:00,0.276,0.253,0.246,0.264,0.286,19.6,16.9,16.1,14.9
Wesermarsch (marsh clay),2026-10-01 12:00:00,0.298,0.256,0.246,0.264,0.286,19.1,17.5,16.1,14.9
Wesermarsch (marsh clay),2026-10-01 13:00:00,0.332,0.289,0.247,0.264,0.286,19.0,17.7,16.2,14.9
Wesermarsch (marsh clay),2026-10-01 14:00:00,0.419,0.391,0.256,0.264,0.286,18.4,17.7,16.3,14.9
Wesermarsch (marsh clay),2026-10-01 15:00:00,0.407,0.393,0.283,0.264,0.286,17.5,17.4,16.3,14.9
Wesermarsch (marsh clay),2026-10-01 16:00:00,0.389,0.38,0.305,0.264,0.286,17.3,17.3,16.4,14.9
Wesermarsch (marsh clay),2026-10-01 17:00:00,0.37,0.366,0.317,0.265,0.286,16.4,17.1,16.4,14.9
Wesermarsch (marsh clay),2026-10-01 18:00:00,0.354,0.353,0.325,0.265,0.286,16.0,16.9,16.4,15.0
Wesermarsch (marsh clay),2026-10-01 19:00:00,0.346,0.345,0.327,0.266,0.286,15.6,16.5,16.4,15.0
Wesermarsch (marsh clay),2026-10-01 20:00:00,0.353,0.343,0.328,0.267,0.286,15.8,16.3,16.4,15.0
Wesermarsch (marsh clay),2026-10-01 21:00:00,0.353,0.347,0.329,0.267,0.286,15.6,16.3,16.3,15.0
Wesermarsch (marsh clay),2026-10-01 22:00:00,0.35,0.347,0.33,0.268,0.286,15.5,16.1,16.3,15.0
Wesermarsch (marsh clay),2026-10-01 23:00:00,0.347,0.344,0.331,0.269,0.286,15.3,16.0,16.2,15.0
Wesermarsch (marsh clay),2026-10-02 00:00:00,0.344,0.342,0.331,0.269,0.286,15.0,15.9,16.2,15.0
Wesermarsch (marsh clay),2026-10-02 01:00:00,0.34,0.34,0.331,0.27,0.286,14.6,15.7,16.1,15.0
Wesermarsch (marsh clay),2026-10-02 02:00:00,0.337,0.337,0.331,0.271,0.287,14.2,15.5,16.1,15.0
Wesermarsch (marsh clay),2026-10-02 03:00:00,0.342,0.342,0.339,0.28,0.29,14.1,15.4,16.0,15.0
Wesermarsch (marsh clay),2026-10-02 04:00:00,0.34,0.34,0.337,0.281,0.29,13.2,15.1,15.9,15.0
Wesermarsch (marsh clay),2026-10-02 05:00:00,0.339,0.339,0.336,0.281,0.29,12.6,14.7,15.8,15.0
Wesermarsch (marsh clay),2026-10-02 06:00:00,0.337,0.337,0.335,0.282,0.29,12.4,14.2,15.7,15.0
Wesermarsch (marsh clay),2026-10-02 07:00:00,0.335,0.336,0.334,0.283,0.29,14.0,14.1,15.6,15.0
Wesermarsch (marsh clay),2026-10-02 08:00:00,0.333,0.334,0.332,0.283,0.29,16.6,14.5,15.5,15.0
Wesermarsch (marsh clay),2026-10-02 09:00:00,0.331,0.332,0.331,0.284,0.29,18.7,15.2,15.4,15.0
Wesermarsch (marsh clay),2026-10-02 10:00:00,0.328,0.33,0.329,0.284,0.29,19.7,16.1,15.4,15.0
Wesermarsch (marsh clay),2026-10-02 11:00:00,0.325,0.327,0.328,0.284,0.29,18.9,16.8,15.5,15.0
Wesermarsch (marsh clay),2026-10-02 12:00:00,0.322,0.325,0.326,0.284,0.29,20.2,17.3,15.6,15.0
Wesermarsch (marsh clay),2026-10-02 13:00:00,0.319,0.322,0.324,0.285,0.29,20.4,17.8,15.7,15.0
Wesermarsch (marsh clay),2026-10-02 14:00:00,0.317,0.32,0.322,0.285,0.29,19.9,18.1,15.8,15.0
Wesermarsch (marsh clay),2026-10-02 15:00:00,0.315,0.318,0.321,0.285,0.29,19.3,18.3,16.0,15.0
Wesermarsch (marsh clay),2026-10-02 16:00:00,0.315,0.317,0.319,0.285,0.29,17.5,18.0,16.1,15.0
Wesermarsch (marsh clay),2026-10-02 17:00:00,0.315,0.316,0.318,0.286,0.29,14.2,17.3,16.2,15.1
Wesermarsch (marsh clay),2026-10-02 18:00:00,0.315,0.316,0.317,0.286,0.29,12.1,15.9,16.2,15.1
Wesermarsch (marsh clay),2026-10-02 19:00:00,0.315,0.316,0.316,0.286,0.29,11.9,15.1,16.1,15.1
Wesermarsch (marsh clay),2026-10-02 20:00:00,0.315,0.316,0.316,0.286,0.29,11.5,14.5,16.0,15.1
Wesermarsch (marsh clay),2026-10-02 21:00:00,0.315,0.315,0.315,0.287,0.29,10.3,13.6,15.8,15.1
Wesermarsch (marsh clay),2026-10-02 22:00:00,0.314,0.315,0.314,0.287,0.29,10.1,13.2,15.7,15.1
Wesermarsch (marsh clay),2026-10-02 23:00:00,0.314,0.314,0.314,0.287,0.29,9.9,12.9,15.5,15.1
Wesermarsch (marsh clay),2026-10-03 00:00:00,0.314,0.314,0.313,0.288,0.29,9.2,12.3,15.3,15.1
Wesermarsch (marsh clay),2026-10-03 01:00:00,0.313,0.313,0.313,0.288,0.29,9.1,12.0,15.1,15.1
Wesermarsch (marsh clay),2026-10-03 02:00:00,0.313,0.313,0.312,0.288,0.29,8.9,11.8,14.9,15.1
Wesermarsch (marsh clay),2026-10-03 03:00:00,0.311,0.312,0.311,0.294,0.294,8.5,11.6,14.6,15.1
Wesermarsch (marsh clay),2026-10-03 04:00:00,0.311,0.311,0.311,0.294,0.294,8.3,11.4,14.4,15.1
Wesermarsch (marsh clay),2026-10-03 05:00:00,0.311,0.311,0.311,0.294,0.294,7.8,11.1,14.3,15.1
Wesermarsch (marsh clay),2026-10-03 06:00:00,0.31,0.311,0.31,0.295,0.294,8.9,11.2,14.1,15.0
Wesermarsch (marsh clay),2026-10-03 07:00:00,0.31,0.31,0.31,0.295,0.294,11.0,11.2,13.9,15.0
Wesermarsch (marsh clay),2026-10-03 08:00:00,0.309,0.31,0.31,0.295,0.294,13.9,11.8,13.8,15.0
Wesermarsch (marsh clay),2026-10-03 09:00:00,0.307,0.309,0.309,0.295,0.294,16.2,12.7,13.7,15.0
Wesermarsch (marsh clay),2026-10-03 10:00:00,0.305,0.307,0.308,0.295,0.294,18.4,13.8,13.7,15.0
Wesermarsch (marsh clay),2026-10-03 11:00:00,0.303,0.306,0.307,0.295,0.294,19.5,14.8,13.8,15.0
Wesermarsch (marsh clay),2026-10-03 12:00:00,0.301,0.304,0.306,0.294,0.294,18.7,15.6,13.9,15.0
Wesermarsch (marsh clay),2026-10-03 13:00:00,0.299,0.302,0.305,0.294,0.294,19.8,16.1,14.1,15.0
Wesermarsch (marsh clay),2026-10-03 14:00:00,0.297,0.3,0.304,0.294,0.293,19.0,16.5,14.2,15.0
Wesermarsch (marsh clay),2026-10-03 15:00:00,0.296,0.299,0.303,0.294,0.293,17.2,16.6,14.4,15.0
Wesermarsch (marsh clay),2026-10-03 16:00:00,0.296,0.298,0.303,0.294,0.293,16.2,16.4,14.5,14.9
Wesermarsch (marsh clay),2026-10-03 17:00:00,0.297,0.298,0.302,0.294,0.293,13.7,15.9,14.7,14.9
Wesermarsch (marsh clay),2026-10-03 18:00:00,0.298,0.298,0.302,0.294,0.293,12.3,15.1,14.7,14.9
Wesermarsch (marsh clay),2026-10-03 19:00:00,0.298,0.299,0.301,0.294,0.294,11.3,14.4,14.7,14.9
Wesermarsch (marsh clay),2026-10-03 20:00:00,0.298,0.299,0.301,0.294,0.294,10.9,13.7,14.7,14.9
Wesermarsch (marsh clay),2026-10-03 21:00:00,0.298,0.299,0.301,0.294,0.294,10.7,13.2,14.6,14.9
Wesermarsch (marsh clay),2026-10-03 22:00:00,0.299,0.299,0.3,0.294,0.294,10.4,12.9,14.5,14.9
Wesermarsch (marsh clay),2026-10-03 23:00:00,0.299,0.299,0.3,0.294,0.294,10.3,12.6,14.4,14.9
Wesermarsch (marsh clay),2026-10-04 00:00:00,0.298,0.299,0.3,0.294,0.294,10.1,12.4,14.3,14.9
Wesermarsch (marsh clay),2026-10-04 01:00:00,0.299,0.299,0.3,0.294,0.294,9.7,12.1,14.2,14.9
Wesermarsch (marsh clay),2026-10-04 02:00:00,0.298,0.299,0.3,0.294,0.294,9.4,11.9,14.0,14.9
Wesermarsch (marsh clay),2026-10-04 03:00:00,0.298,0.299,0.3,0.294,0.294,10.0,11.7,13.9,14.9
Wesermarsch (marsh clay),2026-10-04 04:00:00,0.298,0.299,0.299,0.294,0.294,9.7,11.6,13.8,14.9
Wesermarsch (marsh clay),2026-10-04 05:00:00,0.298,0.299,0.299,0.294,0.294,9.8,11.6,13.7,14.9
Wesermarsch (marsh clay),2026-10-04 06:00:00,0.298,0.299,0.299,0.294,0.294,10.5,11.6,13.6,14.9
Wesermarsch (marsh clay),2026-10-04 07:00:00,0.298,0.298,0.299,0.294,0.294,11.8,11.7,13.5,14.8
Wesermarsch (marsh clay),2026-10-04 08:00:00,0.297,0.298,0.299,0.295,0.294,13.6,12.2,13.4,14.8
Wesermarsch (marsh clay),2026-10-04 09:00:00,0.296,0.298,0.299,0.294,0.294,16.5,12.9,13.4,14.8
Wesermarsch (marsh clay),2026-10-04 10:00:00,0.295,0.297,0.298,0.294,0.294,19.0,13.9,13.4,14.8
Wesermarsch (marsh clay),2026-10-04 11:00:00,0.292,0.295,0.297,0.294,0.294,19.6,14.9,13.5,14.8
Wesermarsch (marsh clay),2026-10-04 12:00:00,0.29,0.293,0.297,0.294,0.294,19.3,15.6,13.7,14.8
Wesermarsch (marsh clay),2026-10-04 13:00:00,0.288,0.292,0.296,0.293,0.294,18.4,16.0,13.8,14.8
Wesermarsch (marsh clay),2026-10-04 14:00:00,0.286,0.29,0.295,0.293,0.294,17.1,16.1,14.0,14.8
Wesermarsch (marsh clay),2026-10-04 15:00:00,0.285,0.289,0.294,0.293,0.294,15.9,15.9,14.1,14.8
Wesermarsch (marsh clay),2026-10-04 16:00:00,0.286,0.288,0.294,0.293,0.294,14.7,15.6,14.3,14.8
Wesermarsch (marsh clay),2026-10-04 17:00:00,0.286,0.288,0.293,0.293,0.294,11.7,15.0,14.3,14.7
Wesermarsch (marsh clay),2026-10-04 18:00:00,0.287,0.288,0.293,0.293,0.294,9.7,14.0,14.4,14.7
Wesermarsch (marsh clay),2026-10-04 19:00:00,0.288,0.289,0.293,0.293,0.294,8.5,13.0,14.3,14.7
Wesermarsch (marsh clay),2026-10-04 20:00:00,0.288,0.289,0.292,0.293,0.294,8.4,12.2,14.2,14.7
Wesermarsch (marsh clay),2026-10-04 21:00:00,0.289,0.289,0.292,0.293,0.294,8.4,11.7,14.1,14.7
Wesermarsch (marsh clay),2026-10-04 22:00:00,0.289,0.29,0.292,0.293,0.294,8.4,11.4,13.9,14.7
Wesermarsch (marsh clay),2026-10-04 23:00:00,0.289,0.29,0.292,0.293,0.294,8.6,11.1,13.8,14.7
Wesermarsch (marsh clay),2026-10-05 00:00:00,0.289,0.29,0.292,0.293,0.294,8.9,11.0,13.6,14.7
Wesermarsch (marsh clay),2026-10-05 01:00:00,0.289,0.29,0.292,0.293,0.294,9.3,11.0,13.5,14.7
Wesermarsch (marsh clay),2026-10-05 02:00:00,0.289,0.29,0.292,0.293,0.294,9.7,11.0,13.3,14.7
Wesermarsch (marsh clay),2026-10-05 03:00:00,0.289,0.29,0.292,0.293,0.294,10.1,11.1,13.2,14.7
Wesermarsch (marsh clay),2026-10-05 04:00:00,0.29,0.29,0.292,0.294,0.297,10.3,11.5,13.4,14.7
Wesermarsch (marsh clay),2026-10-05 05:00:00,0.29,0.291,0.293,0.295,0.299,10.0,11.8,13.5,14.7
Wesermarsch (marsh clay),2026-10-05 06:00:00,0.291,0.292,0.293,0.295,0.302,10.5,12.0,13.7,14.7
Wesermarsch (marsh clay),2026-10-05 07:00:00,0.291,0.292,0.293,0.296,0.304,12.2,12.3,13.9,14.7
Wesermarsch (marsh clay),2026-10-05 08:00:00,0.291,0.291,0.293,0.296,0.304,14.8,12.5,13.9,14.7
Wesermarsch (marsh clay),2026-10-05 09:00:00,0.29,0.291,0.293,0.296,0.304,16.3,13.0,13.8,14.7
Wesermarsch (marsh clay),2026-10-05 10:00:00,0.288,0.29,0.292,0.296,0.304,18.5,13.7,13.8,14.7
Wesermarsch (marsh clay),2026-10-05 11:00:00,0.286,0.289,0.292,0.296,0.304,19.3,14.4,13.9,14.7
Wesermarsch (marsh clay),2026-10-05 12:00:00,0.285,0.287,0.291,0.295,0.304,20.0,15.1,13.9,14.7
Wesermarsch (marsh clay),2026-10-05 13:00:00,0.283,0.286,0.29,0.295,0.304,19.9,15.7,14.0,14.7
Wesermarsch (marsh clay),2026-10-05 14:00:00,0.282,0.285,0.289,0.295,0.304,18.7,16.1,14.1,14.7
Wesermarsch (marsh clay),2026-10-05 15:00:00,0.281,0.284,0.289,0.294,0.304,17.6,16.3,14.2,14.7
Wesermarsch (marsh clay),2026-10-05 16:00:00,0.282,0.284,0.289,0.294,0.304,16.2,16.2,14.3,14.7
Wesermarsch (marsh clay),2026-10-05 17:00:00,0.282,0.284,0.288,0.294,0.304,14.0,15.9,14.4,14.7
Wesermarsch (marsh clay),2026-10-05 18:00:00,0.283,0.284,0.288,0.294,0.304,13.0,15.5,14.4,14.7
Wesermarsch (marsh clay),2026-10-05 19:00:00,0.283,0.284,0.288,0.294,0.304,13.1,15.0,14.5,14.7
Wesermarsch (marsh clay),2026-10-05 20:00:00,0.284,0.284,0.288,0.294,0.304,12.3,14.6,14.5,14.7
Wesermarsch (marsh clay),2026-10-05 21:00:00,0.284,0.285,0.288,0.294,0.304,12.0,14.3,14.5,14.7
Wesermarsch (marsh clay),2026-10-05 22:00:00,0.284,0.285,0.288,0.294,0.304,11.5,13.9,14.5,14.7
Wesermarsch (marsh clay),2026-10-05 23:00:00,0.284,0.285,0.288,0.294,0.304,11.0,13.6,14.4,14.7
Wesermarsch (marsh clay),2026-10-06 00:00:00,0.285,0.285,0.288,0.294,0.304,10.8,13.3,14.4,14.7
Wesermarsch (marsh clay),2026-10-06 01:00:00,0.285,0.285,0.288,0.294,0.304,10.7,13.0,14.3,14.7
Wesermarsch (marsh clay),2026-10-06 02:00:00,0.285,0.285,0.288,0.294,0.304,10.6,12.8,14.3,14.7
Wesermarsch (marsh clay),2026-10-06 03:00:00,0.285,0.286,0.288,0.294,0.304,10.4,12.6,14.2,14.7
Wesermarsch (marsh clay),2026-10-06 04:00:00,0.285,0.286,0.288,0.294,0.304,10.5,12.5,14.2,14.7
Wesermarsch (marsh clay),2026-10-06 05:00:00,0.285,0.286,0.288,0.294,0.304,10.5,12.3,14.1,14.7
Wesermarsch (marsh clay),2026-10-06 06:00:00,0.285,0.286,0.288,0.294,0.304,10.5,12.2,14.0,14.7
Wesermarsch (marsh clay),2026-10-06 07:00:00,0.285,0.286,0.288,0.294,0.304,12.2,12.3,14.0,14.7
Wesermarsch (marsh clay),2026-10-06 08:00:00,0.285,0.286,0.288,0.294,0.304,14.6,12.5,13.9,14.6
Wesermarsch (marsh clay),2026-10-06 09:00:00,0.284,0.285,0.288,0.294,0.304,16.9,12.9,13.9,14.6
Wesermarsch (marsh clay),2026-10-06 10:00:00,0.283,0.284,0.287,0.294,0.304,18.8,13.6,13.9,14.6
Wesermarsch (marsh clay),2026-10-06 11:00:00,0.281,0.283,0.287,0.293,0.304,20.5,14.5,13.9,14.6
Wesermarsch (marsh clay),2026-10-06 12:00:00,0.279,0.282,0.286,0.293,0.304,21.5,15.3,13.9,14.6
Wesermarsch (marsh clay),2026-10-06 13:00:00,0.277,0.281,0.285,0.293,0.304,21.4,16.0,14.0,14.6
Wesermarsch (marsh clay),2026-10-06 14:00:00,0.276,0.28,0.285,0.292,0.304,20.5,16.7,14.2,14.6
Wesermarsch (marsh clay),2026-10-06 15:00:00,0.275,0.279,0.284,0.292,0.304,19.2,17.0,14.3,14.6
Wesermarsch (marsh clay),2026-10-06 16:00:00,0.275,0.278,0.284,0.292,0.304,17.2,16.9,14.4,14.6
Wesermarsch (marsh clay),2026-10-06 17:00:00,0.276,0.278,0.284,0.292,0.304,14.6,16.5,14.5,14.6
Wesermarsch (marsh clay),2026-10-06 18:00:00,0.277,0.278,0.284,0.292,0.304,12.7,16.0,14.6,14.6
Wesermarsch (marsh clay),2026-10-06 19:00:00,0.278,0.278,0.284,0.292,0.304,11.8,15.4,14.6,14.6
Wesermarsch (marsh clay),2026-10-06 20:00:00,0.278,0.279,0.283,0.292,0.304,11.5,14.7,14.6,14.6
Wesermarsch (marsh clay),2026-10-06 21:00:00,0.279,0.279,0.283,0.292,0.304,11.4,14.2,14.6,14.6
Wesermarsch (marsh clay),2026-10-06 22:00:00,0.279,0.279,0.283,0.292,0.304,11.2,13.8,14.6,14.6
Wesermarsch (marsh clay),2026-10-06 23:00:00,0.279,0.28,0.283,0.292,0.304,11.2,13.5,14.6,14.6
Wesermarsch (marsh clay),2026-10-07 00:00:00,0.279,0.28,0.283,0.292,0.304,11.1,13.3,14.5,14.6
Wesermarsch (marsh clay),2026-10-07 01:00:00,0.279,0.28,0.283,0.292,0.304,10.8,13.1,14.5,14.6
Wesermarsch (marsh clay),2026-10-07 02:00:00,0.28,0.28,0.283,0.291,0.304,10.4,12.9,14.4,14.6
Wesermarsch (marsh clay),2026-10-07 03:00:00,0.28,0.28,0.283,0.291,0.304,10.2,12.8,14.3,14.6
Wesermarsch (marsh clay),2026-10-07 04:00:00,0.28,0.28,0.283,0.291,0.304,10.2,12.6,14.3,14.6
Wesermarsch (marsh clay),2026-10-07 05:00:00,0.28,0.281,0.283,0.291,0.304,10.3,12.4,14.2,14.6
Wesermarsch (marsh clay),2026-10-07 06:00:00,0.28,0.281,0.283,0.291,0.304,10.9,12.3,14.1,14.6
Wesermarsch (marsh clay),2026-10-07 07:00:00,0.28,0.281,0.283,0.291,0.304,12.1,12.4,14.1,14.6
Wesermarsch (marsh clay),2026-10-07 08:00:00,0.28,0.281,0.283,0.291,0.304,13.7,12.6,14.0,14.6
Wesermarsch (marsh clay),2026-10-07 09:00:00,0.28,0.281,0.283,0.291,0.304,15.1,12.9,14.0,14.6
Wesermarsch (marsh clay),2026-10-07 10:00:00,0.279,0.28,0.283,0.291,0.304,16.0,13.4,13.9,14.6
Wesermarsch (marsh clay),2026-10-07 11:00:00,0.278,0.28,0.282,0.291,0.304,16.8,14.0,13.9,14.6
Wesermarsch (marsh clay),2026-10-07 12:00:00,0.277,0.279,0.282,0.291,0.304,17.2,14.5,13.9,14.6
Wesermarsch (marsh clay),2026-10-07 13:00:00,0.276,0.278,0.282,0.291,0.304,17.3,14.9,14.0,14.6
Wesermarsch (marsh clay),2026-10-07 14:00:00,0.275,0.277,0.282,0.29,0.304,17.1,15.2,14.1,14.6
Wesermarsch (marsh clay),2026-10-07 15:00:00,0.275,0.277,0.282,0.29,0.304,16.7,15.4,14.1,14.6
Wesermarsch (marsh clay),2026-10-07 16:00:00,0.27,0.272,0.28,0.29,0.304,16.1,15.4,14.2,14.6
Wesermarsch (marsh clay),2026-10-07 17:00:00,0.266,0.267,0.278,0.29,0.304,15.3,15.2,14.2,14.5
Wesermarsch (marsh clay),2026-10-07 18:00:00,0.279,0.278,0.281,0.29,0.304,14.7,15.1,14.3,14.5
Wesermarsch (marsh clay),2026-10-07 19:00:00,0.328,0.322,0.291,0.29,0.304,14.5,15.0,14.3,14.5
Wesermarsch (marsh clay),2026-10-07 20:00:00,0.394,0.382,0.306,0.289,0.304,14.6,14.8,14.3,14.5
Wesermarsch (marsh clay),2026-10-07 21:00:00,0.438,0.424,0.324,0.29,0.304,14.6,14.7,14.3,14.5
Wesermarsch (marsh clay),2026-10-07 22:00:00,0.439,0.429,0.353,0.298,0.309,14.5,14.7,14.4,14.6
Wesermarsch (marsh clay),2026-10-07 23:00:00,0.42,0.416,0.385,0.308,0.314,14.4,14.7,14.6,14.8
Wesermarsch (marsh clay),2026-10-08 00:00:00,0.404,0.405,0.405,0.318,0.32,14.4,14.7,14.7,14.9
Wesermarsch (marsh clay),2026-10-08 01:00:00,0.396,0.4,0.408,0.328,0.325,14.3,14.6,14.9,15.0
Wesermarsch (marsh clay),2026-10-08 02:00:00,0.39,0.394,0.401,0.332,0.325,13.9,14.4,14.9,15.0
Wesermarsch (marsh clay),2026-10-08 03:00:00,0.384,0.388,0.393,0.335,0.325,13.6,14.3,14.9,15.0
Wesermarsch (marsh clay),2026-10-08 04:00:00,0.379,0.383,0.388,0.337,0.325,13.3,14.0,14.8,15.0
Wesermarsch (marsh clay),2026-10-08 05:00:00,0.375,0.379,0.383,0.339,0.325,13.0,13.8,14.8,15.0
Wesermarsch (marsh clay),2026-10-08 06:00:00,0.372,0.375,0.379,0.341,0.325,13.0,13.6,14.7,15.0
Wesermarsch (marsh clay),2026-10-08 07:00:00,0.368,0.372,0.376,0.342,0.325,13.4,13.5,14.7,15.0
Wesermarsch (marsh clay),2026-10-08 08:00:00,0.365,0.369,0.373,0.343,0.325,14.0,13.4,14.6,15.0
Wesermarsch (marsh clay),2026-10-08 09:00:00,0.363,0.366,0.37,0.344,0.325,14.5,13.5,14.6,15.0
Wesermarsch (marsh clay),2026-10-08 10:00:00,0.362,0.364,0.367,0.344,0.325,14.9,13.7,14.5,15.0
Wesermarsch (marsh clay),2026-10-08 11:00:00,0.362,0.362,0.365,0.345,0.326,15.2,14.0,14.5,15.0
Wesermarsch (marsh clay),2026-10-08 12:00:00,0.362,0.361,0.363,0.345,0.326,15.3,14.2,14.5,15.0
Wesermarsch (marsh clay),2026-10-08 13:00:00,0.362,0.361,0.361,0.345,0.326,14.9,14.3,14.5,15.0
Wesermarsch (marsh clay),2026-10-08 14:00:00,0.362,0.362,0.36,0.346,0.326,14.3,14.3,14.5,15.0
Wesermarsch (marsh clay),2026-10-08 15:00:00,0.363,0.363,0.36,0.346,0.326,13.7,14.2,14.5,15.0
Wesermarsch (marsh clay),2026-10-08 16:00:00,0.365,0.366,0.361,0.346,0.326,13.1,14.0,14.5,15.0
Wesermarsch (marsh clay),2026-10-08 17:00:00,0.369,0.369,0.363,0.347,0.326,12.6,13.6,14.5,15.0
Wesermarsch (marsh clay),2026-10-08 18:00:00,0.37,0.371,0.364,0.347,0.326,12.2,13.2,14.4,15.0
Wesermarsch (marsh clay),2026-10-08 19:00:00,0.368,0.369,0.364,0.348,0.326,11.9,12.9,14.4,15.0
Wesermarsch (marsh clay),2026-10-08 20:00:00,0.364,0.366,0.364,0.348,0.326,11.7,12.5,14.3,15.0
Wesermarsch (marsh clay),2026-10-08 21:00:00,0.361,0.363,0.364,0.349,0.326,11.5,12.3,14.2,15.0
Wesermarsch (marsh clay),2026-10-08 22:00:00,0.359,0.361,0.363,0.349,0.326,11.4,12.1,14.1,15.0
Wesermarsch (marsh clay),2026-10-08 23:00:00,0.357,0.359,0.362,0.35,0.327,11.3,11.9,14.1,15.0
Wesermarsch (marsh clay),2026-10-09 00:00:00,0.356,0.358,0.361,0.35,0.327,11.1,11.7,14.0,15.0
Wesermarsch (marsh clay),2026-10-09 01:00:00,0.355,0.357,0.36,0.35,0.327,10.9,11.5,13.9,15.0
Wesermarsch (marsh clay),2026-10-09 02:00:00,0.354,0.356,0.359,0.351,0.327,10.8,11.3,13.8,14.9
Wesermarsch (marsh clay),2026-10-09 03:00:00,0.353,0.355,0.358,0.351,0.327,10.6,11.1,13.7,14.9
Wesermarsch (marsh clay),2026-10-09 04:00:00,0.352,0.354,0.357,0.351,0.327,10.5,11.0,13.6,14.9
Wesermarsch (marsh clay),2026-10-09 05:00:00,0.351,0.353,0.356,0.351,0.327,10.4,10.8,13.5,14.9
Wesermarsch (marsh clay),2026-10-09 06:00:00,0.351,0.352,0.355,0.351,0.327,10.7,10.8,13.4,14.9
Wesermarsch (marsh clay),2026-10-09 07:00:00,0.351,0.352,0.354,0.351,0.327,11.6,10.9,13.3,14.9
Wesermarsch (marsh clay),2026-10-09 08:00:00,0.351,0.351,0.354,0.351,0.328,12.9,11.2,13.2,14.9
Wesermarsch (marsh clay),2026-10-09 09:00:00,0.351,0.351,0.353,0.351,0.328,13.8,11.5,13.1,14.9
Wesermarsch (marsh clay),2026-10-09 10:00:00,0.349,0.35,0.352,0.351,0.328,14.0,11.9,13.1,14.9
Wesermarsch (marsh clay),2026-10-09 11:00:00,0.347,0.348,0.352,0.351,0.328,13.9,12.3,13.1,14.9
Wesermarsch (marsh clay),2026-10-09 12:00:00,0.346,0.348,0.351,0.351,0.328,13.6,12.6,13.1,14.9
Wesermarsch (marsh clay),2026-10-09 13:00:00,0.348,0.348,0.35,0.351,0.328,13.1,12.7,13.1,14.9
Wesermarsch (marsh clay),2026-10-09 14:00:00,0.351,0.349,0.349,0.351,0.328,12.5,12.6,13.1,14.8
Wesermarsch (marsh clay),2026-10-09 15:00:00,0.357,0.353,0.35,0.351,0.328,12.0,12.4,13.1,14.8
Wesermarsch (marsh clay),2026-10-09 16:00:00,0.369,0.365,0.354,0.351,0.328,11.6,12.2,13.1,14.8
Wesermarsch (marsh clay),2026-10-09 17:00:00,0.385,0.382,0.359,0.351,0.328,11.3,11.8,13.1,14.8
Wesermarsch (marsh clay),2026-10-09 18:00:00,0.393,0.391,0.363,0.351,0.328,11.2,11.6,13.0,14.8
Wesermarsch (marsh clay),2026-10-09 19:00:00,0.388,0.388,0.366,0.352,0.328,11.3,11.4,13.0,14.8
Wesermarsch (marsh clay),2026-10-09 20:00:00,0.376,0.377,0.369,0.352,0.329,11.6,11.4,13.0,14.8
Wesermarsch (marsh clay),2026-10-09 21:00:00,0.367,0.369,0.37,0.353,0.329,11.9,11.3,12.9,14.8
Wesermarsch (marsh clay),2026-10-09 22:00:00,0.363,0.366,0.369,0.353,0.329,11.9,11.3,12.9,14.8
Wesermarsch (marsh clay),2026-10-09 23:00:00,0.362,0.364,0.368,0.354,0.329,11.8,11.3,12.8,14.7
Teufelsmoor (bog),2026-09-26 00:00:00,0.181,0.184,0.191,0.171,0.162,7.4,10.0,13.2,14.3
Teufelsmoor (bog),2026-09-26 01:00:00,0.182,0.184,0.191,0.171,0.162,7.2,9.9,13.0,14.3
Teufelsmoor (bog),2026-09-26 02:00:00,0.182,0.184,0.19,0.172,0.162,7.1,9.7,12.7,14.3
Teufelsmoor (bog),2026-09-26 03:00:00,0.186,0.187,0.191,0.169,0.159,8.8,10.1,12.5,14.3
Teufelsmoor (bog),2026-09-26 04:00:00,0.185,0.187,0.191,0.169,0.159,9.5,10.3,12.3,14.3
Teufelsmoor (bog),2026-09-26 05:00:00,0.185,0.187,0.191,0.169,0.159,10.1,10.5,12.2,14.2
Teufelsmoor (bog),2026-09-26 06:00:00,0.185,0.187,0.191,0.169,0.159,9.3,10.2,12.1,14.2
Teufelsmoor (bog),2026-09-26 07:00:00,0.185,0.187,0.191,0.169,0.159,11.4,10.6,12.0,14.2
Teufelsmoor (bog),2026-09-26 08:00:00,0.184,0.187,0.191,0.169,0.159,13.3,11.2,12.0,14.2
Teufelsmoor (bog),2026-09-26 09:00:00,0.183,0.186,0.19,0.169,0.159,17.1,12.6,12.0,14.1
Teufelsmoor (bog),2026-09-26 10:00:00,0.181,0.186,0.19,0.169,0.159,18.1,14.0,12.2,14.1
Teufelsmoor (bog),2026-09-26 11:00:00,0.179,0.185,0.189,0.168,0.159,18.2,14.9,12.5,14.1
Teufelsmoor (bog),2026-09-26 12:00:00,0.177,0.184,0.188,0.168,0.159,19.9,16.1,12.9,14.1
Teufelsmoor (bog),2026-09-26 13:00:00,0.174,0.183,0.188,0.168,0.159,20.7,16.9,13.3,14.1
Teufelsmoor (bog),2026-09-26 14:00:00,0.173,0.182,0.187,0.168,0.159,19.7,17.2,13.7,14.1
Teufelsmoor (bog),2026-09-26 15:00:00,0.172,0.181,0.187,0.168,0.159,17.5,17.0,14.1,14.1
Teufelsmoor (bog),2026-09-26 16:00:00,0.171,0.18,0.186,0.168,0.159,16.4,16.5,14.3,14.1
Teufelsmoor (bog),2026-09-26 17:00:00,0.171,0.179,0.186,0.167,0.159,14.6,15.8,14.5,14.1
Teufelsmoor (bog),2026-09-26 18:00:00,0.172,0.179,0.186,0.168,0.159,13.8,15.1,14.6,14.1
Teufelsmoor (bog),2026-09-26 19:00:00,0.173,0.179,0.186,0.168,0.159,12.4,14.4,14.6,14.1
Teufelsmoor (bog),2026-09-26 20:00:00,0.174,0.178,0.186,0.168,0.159,12.0,13.8,14.5,14.1
Teufelsmoor (bog),2026-09-26 21:00:00,0.175,0.178,0.185,0.168,0.159,11.0,13.2,14.4,14.1
Teufelsmoor (bog),2026-09-26 22:00:00,0.175,0.178,0.185,0.168,0.159,10.5,12.7,14.3,14.1
Teufelsmoor (bog),2026-09-26 23:00:00,0.176,0.178,0.185,0.168,0.159,10.1,12.3,14.1,14.1
Teufelsmoor (bog),2026-09-27 00:00:00,0.176,0.178,0.185,0.168,0.159,9.8,11.9,13.9,14.1
Teufelsmoor (bog),2026-09-27 01:00:00,0.177,0.178,0.185,0.168,0.159,9.7,11.7,13.7,14.1
Teufelsmoor (bog),2026-09-27 02:00:00,0.177,0.178,0.185,0.168,0.159,9.9,11.5,13.5,14.1
Teufelsmoor (bog),2026-09-27 03:00:00,0.18,0.181,0.185,0.166,0.156,10.3,11.3,13.3,14.1
Teufelsmoor (bog),2026-09-27 04:00:00,0.18,0.181,0.185,0.166,0.156,11.1,11.5,13.1,14.1
Teufelsmoor (bog),2026-09-27 05:00:00,0.18,0.181,0.185,0.166,0.156,10.8,11.7,13.0,14.1
Teufelsmoor (bog),2026-09-27 06:00:00,0.18,0.181,0.185,0.166,0.156,11.0,11.6,12.9,14.1
Teufelsmoor (bog),2026-09-27 07:00:00,0.18,0.181,0.185,0.166,0.156,13.0,11.9,12.8,14.1
Teufelsmoor (bog),2026-09-27 08:00:00,0.178,0.181,0.184,0.165,0.156,14.5,12.6,12.8,14.1
Teufelsmoor (bog),2026-09-27 09:00:00,0.176,0.18,0.184,0.165,0.156,18.2,14.0,12.9,14.1
Teufelsmoor (bog),2026-09-27 10:00:00,0.173,0.179,0.183,0.165,0.156,20.2,15.3,13.1,14.0
Teufelsmoor (bog),2026-09-27 11:00:00,0.169,0.177,0.182,0.165,0.156,21.9,16.4,13.4,14.0
Teufelsmoor (bog),2026-09-27 12:00:00,0.165,0.176,0.181,0.164,0.156,23.7,18.1,13.8,14.0
Teufelsmoor (bog),2026-09-27 13:00:00,0.162,0.174,0.18,0.164,0.156,23.4,18.8,14.2,14.0
Teufelsmoor (bog),2026-09-27 14:00:00,0.158,0.172,0.179,0.163,0.156,22.9,19.2,14.7,14.0
Teufelsmoor (bog),2026-09-27 15:00:00,0.156,0.171,0.178,0.163,0.156,21.4,19.6,15.1,14.1
Teufelsmoor (bog),2026-09-27 16:00:00,0.155,0.17,0.178,0.163,0.156,20.4,19.2,15.4,14.1
Teufelsmoor (bog),2026-09-27 17:00:00,0.154,0.169,0.177,0.163,0.156,18.4,18.7,15.7,14.1
Teufelsmoor (bog),2026-09-27 18:00:00,0.155,0.168,0.177,0.163,0.156,17.1,17.8,15.9,14.1
Teufelsmoor (bog),2026-09-27 19:00:00,0.155,0.168,0.177,0.163,0.156,16.1,17.1,15.9,14.1
Teufelsmoor (bog),2026-09-27 20:00:00,0.155,0.167,0.177,0.163,0.156,15.6,16.5,16.0,14.1
Teufelsmoor (bog),2026-09-27 21:00:00,0.155,0.166,0.177,0.163,0.156,15.6,16.2,15.9,14.2
Teufelsmoor (bog),2026-09-27 22:00:00,0.156,0.166,0.177,0.163,0.156,14.6,15.8,15.9,14.2
Teufelsmoor (bog),2026-09-27 23:00:00,0.156,0.166,0.176,0.163,0.156,13.2,15.3,15.8,14.2
Teufelsmoor (bog),2026-09-28 00:00:00,0.156,0.165,0.176,0.163,0.156,11.6,14.3,15.7,14.2
Teufelsmoor (bog),2026-09-28 01:00:00,0.157,0.165,0.176,0.163,0.156,11.7,13.8,15.5,14.2
Teufelsmoor (bog),2026-09-28 02:00:00,0.158,0.165,0.176,0.163,0.156,11.4,13.6,15.3,14.2
Teufelsmoor (bog),2026-09-28 03:00:00,0.162,0.168,0.178,0.159,0.149,11.6,13.3,15.1,14.3
Teufelsmoor (bog),2026-09-28 04:00:00,0.163,0.168,0.177,0.159,0.149,10.8,13.1,14.9,14.3
Teufelsmoor (bog),2026-09-28 05:00:00,0.163,0.168,0.177,0.159,0.149,10.3,12.7,14.8,14.3
Teufelsmoor (bog),2026-09-28 06:00:00,0.164,0.168,0.177,0.159,0.149,11.0,12.4,14.6,14.3
Teufelsmoor (bog),2026-09-28 07:00:00,0.164,0.168,0.177,0.159,0.149,14.5,12.7,14.4,14.3
Teufelsmoor (bog),2026-09-28 08:00:00,0.163,0.168,0.177,0.159,0.149,18.7,13.8,14.3,14.3
Teufelsmoor (bog),2026-09-28 09:00:00,0.161,0.167,0.176,0.158,0.149,21.8,15.6,14.4,14.3
Teufelsmoor (bog),2026-09-28 10:00:00,0.159,0.166,0.175,0.158,0.149,24.1,17.2,14.5,14.3
Teufelsmoor (bog),2026-09-28 11:00:00,0.156,0.165,0.174,0.158,0.149,24.7,18.6,14.8,14.3
Teufelsmoor (bog),2026-09-28 12:00:00,0.153,0.164,0.174,0.157,0.149,26.1,19.7,15.1,14.3
Teufelsmoor (bog),2026-09-28 13:00:00,0.151,0.163,0.173,0.157,0.149,25.2,20.5,15.5,14.3
Teufelsmoor (bog),2026-09-28 14:00:00,0.15,0.162,0.172,0.157,0.149,23.2,20.6,15.9,14.3
Teufelsmoor (bog),2026-09-28 15:00:00,0.148,0.161,0.171,0.157,0.149,22.6,20.5,16.3,14.3
Teufelsmoor (bog),2026-09-28 16:00:00,0.148,0.16,0.171,0.156,0.149,20.8,20.1,16.6,14.4
Teufelsmoor (bog),2026-09-28 17:00:00,0.148,0.16,0.171,0.156,0.149,18.9,19.5,16.8,14.4
Teufelsmoor (bog),2026-09-28 18:00:00,0.149,0.159,0.171,0.156,0.149,17.7,18.6,16.9,14.4
Teufelsmoor (bog),2026-09-28 19:00:00,0.15,0.159,0.171,0.156,0.149,17.1,18.0,16.9,14.4
Teufelsmoor (bog),2026-09-28 20:00:00,0.151,0.159,0.17,0.156,0.149,16.7,17.5,16.9,14.5
Teufelsmoor (bog),2026-09-28 21:00:00,0.152,0.159,0.17,0.156,0.149,16.4,17.3,16.9,14.5
Teufelsmoor (bog),2026-09-28 22:00:00,0.153,0.159,0.17,0.156,0.149,15.9,16.9,16.8,14.5
Teufelsmoor (bog),2026-09-28 23:00:00,0.154,0.159,0.17,0.156,0.149,15.5,16.6,16.8,14.5
Teufelsmoor (bog),2026-09-29 00:00:00,0.156,0.159,0.17,0.156,0.149,15.7,16.5,16.7,14.6
Teufelsmoor (bog),2026-09-29 01:00:00,0.157,0.16,0.17,0.156,0.149,15.4,16.3,16.6,14.6
Teufelsmoor (bog),2026-09-29 02:00:00,0.157,0.16,0.17,0.156,0.149,15.2,16.0,16.5,14.6
Teufelsmoor (bog),2026-09-29 03:00:00,0.162,0.163,0.17,0.158,0.149,15.1,15.9,16.4,14.6
Teufelsmoor (bog),2026-09-29 04:00:00,0.162,0.163,0.17,0.158,0.149,14.7,15.7,16.2,14.6
Teufelsmoor (bog),2026-09-29 05:00:00,0.162,0.163,0.17,0.158,0.149,14.2,15.4,16.1,14.7
Teufelsmoor (bog),2026-09-29 06:00:00,0.162,0.163,0.17,0.158,0.149,14.6,15.3,16.0,14.7
Teufelsmoor (bog),2026-09-29 07:00:00,0.162,0.163,0.17,0.158,0.149,16.3,15.4,15.9,14.7
Teufelsmoor (bog),2026-09-29 08:00:00,0.16,0.163,0.17,0.158,0.149,18.4,16.0,15.9,14.7
Teufelsmoor (bog),2026-09-29 09:00:00,0.158,0.163,0.169,0.158,0.149,20.9,17.0,15.9,14.7
Teufelsmoor (bog),2026-09-29 10:00:00,0.155,0.162,0.169,0.158,0.149,22.2,18.0,16.0,14.7
Teufelsmoor (bog),2026-09-29 11:00:00,0.152,0.161,0.168,0.157,0.149,23.1,19.0,16.2,14.7
Teufelsmoor (bog),2026-09-29 12:00:00,0.151,0.16,0.167,0.157,0.149,23.1,20.0,16.5,14.8
Teufelsmoor (bog),2026-09-29 13:00:00,0.148,0.158,0.166,0.157,0.149,25.0,20.4,16.8,14.8
Teufelsmoor (bog),2026-09-29 14:00:00,0.146,0.157,0.166,0.156,0.149,22.5,20.6,17.0,14.8
Teufelsmoor (bog),2026-09-29 15:00:00,0.145,0.156,0.165,0.156,0.149,21.7,20.3,17.3,14.8
Teufelsmoor (bog),2026-09-29 16:00:00,0.144,0.156,0.165,0.156,0.149,20.1,20.0,17.5,14.8
Teufelsmoor (bog),2026-09-29 17:00:00,0.144,0.155,0.165,0.156,0.149,18.1,19.3,17.6,14.9
Teufelsmoor (bog),2026-09-29 18:00:00,0.145,0.155,0.164,0.156,0.149,17.9,18.8,17.6,14.9
Teufelsmoor (bog),2026-09-29 19:00:00,0.145,0.154,0.164,0.156,0.149,17.7,18.3,17.6,14.9
Teufelsmoor (bog),2026-09-29 20:00:00,0.144,0.154,0.164,0.156,0.149,17.4,17.9,17.6,14.9
Teufelsmoor (bog),2026-09-29 21:00:00,0.144,0.154,0.164,0.156,0.149,17.5,18.2,17.6,15.0
Teufelsmoor (bog),2026-09-29 22:00:00,0.143,0.153,0.164,0.156,0.149,15.9,17.7,17.5,15.0
Teufelsmoor (bog),2026-09-29 23:00:00,0.143,0.153,0.164,0.156,0.149,14.9,16.9,17.4,15.0
Teufelsmoor (bog),2026-09-30 00:00:00,0.143,0.153,0.164,0.156,0.149,14.4,16.6,17.3,15.1
Teufelsmoor (bog),2026-09-30 01:00:00,0.143,0.153,0.163,0.156,0.149,13.7,16.0,17.1,15.1
Teufelsmoor (bog),2026-09-30 02:00:00,0.143,0.152,0.163,0.156,0.149,13.3,15.4,16.9,15.1
Teufelsmoor (bog),2026-09-30 03:00:00,0.146,0.155,0.165,0.158,0.15,12.9,15.0,16.6,15.1
Teufelsmoor (bog),2026-09-30 04:00:00,0.146,0.155,0.164,0.158,0.15,12.6,14.6,16.4,15.1
Teufelsmoor (bog),2026-09-30 05:00:00,0.147,0.154,0.164,0.158,0.15,12.1,14.3,16.1,15.1
Teufelsmoor (bog),2026-09-30 06:00:00,0.147,0.154,0.164,0.158,0.15,12.2,13.7,15.8,15.1
Teufelsmoor (bog),2026-09-30 07:00:00,0.147,0.154,0.164,0.158,0.15,14.9,14.1,15.6,15.2
Teufelsmoor (bog),2026-09-30 08:00:00,0.146,0.153,0.164,0.158,0.15,17.2,15.0,15.5,15.2
Teufelsmoor (bog),2026-09-30 09:00:00,0.145,0.153,0.163,0.157,0.15,19.2,16.2,15.5,15.2
Teufelsmoor (bog),2026-09-30 10:00:00,0.142,0.152,0.163,0.157,0.15,22.5,17.4,15.6,15.2
Teufelsmoor (bog),2026-09-30 11:00:00,0.14,0.151,0.162,0.157,0.15,22.9,18.6,15.8,15.2
Teufelsmoor (bog),2026-09-30 12:00:00,0.137,0.15,0.161,0.156,0.15,24.8,20.0,16.2,15.2
Teufelsmoor (bog),2026-09-30 13:00:00,0.134,0.148,0.16,0.156,0.15,24.6,20.6,16.6,15.2
Teufelsmoor (bog),2026-09-30 14:00:00,0.131,0.147,0.159,0.155,0.15,23.8,20.9,17.0,15.2
Teufelsmoor (bog),2026-09-30 15:00:00,0.129,0.146,0.159,0.155,0.15,22.6,21.1,17.3,15.2
Teufelsmoor (bog),2026-09-30 16:00:00,0.128,0.145,0.158,0.155,0.15,20.4,20.5,17.6,15.2
Teufelsmoor (bog),2026-09-30 17:00:00,0.128,0.145,0.158,0.155,0.15,17.9,19.5,17.8,15.3
Teufelsmoor (bog),2026-09-30 18:00:00,0.129,0.144,0.158,0.155,0.15,17.5,18.8,17.8,15.3
Teufelsmoor (bog),2026-09-30 19:00:00,0.129,0.144,0.158,0.155,0.15,16.6,18.1,17.8,15.3
Teufelsmoor (bog),2026-09-30 20:00:00,0.129,0.144,0.158,0.155,0.15,16.1,17.5,17.7,15.3
Teufelsmoor (bog),2026-09-30 21:00:00,0.129,0.143,0.157,0.155,0.15,15.8,17.3,17.6,15.4
Teufelsmoor (bog),2026-09-30 22:00:00,0.129,0.143,0.157,0.155,0.15,15.1,16.8,17.5,15.4
Teufelsmoor (bog),2026-09-30 23:00:00,0.129,0.143,0.157,0.155,0.15,14.8,16.4,17.3,15.4
Teufelsmoor (bog),2026-10-01 00:00:00,0.129,0.142,0.157,0.155,0.15,14.1,15.7,17.1,15.4
Teufelsmoor (bog),2026-10-01 01:00:00,0.13,0.142,0.157,0.155,0.15,14.0,15.5,16.9,15.4
Teufelsmoor (bog),2026-10-01 02:00:00,0.13,0.142,0.157,0.155,0.15,14.3,15.4,16.7,15.4
Teufelsmoor (bog),2026-10-01 03:00:00,0.131,0.144,0.158,0.156,0.151,14.1,15.3,16.5,15.4
Teufelsmoor (bog),2026-10-01 04:00:00,0.131,0.143,0.158,0.156,0.151,14.6,15.2,16.3,15.5
Teufelsmoor (bog),2026-10-01 05:00:00,0.131,0.143,0.158,0.156,0.151,14.6,15.3,16.2,15.5
Teufelsmoor (bog),2026-10-01 06:00:00,0.131,0.143,0.158,0.156,0.151,14.1,14.9,16.0,15.5
Teufelsmoor (bog),2026-10-01 07:00:00,0.131,0.143,0.157,0.156,0.151,15.5,15.1,15.9,15.5
Teufelsmoor (bog),2026-10-01 08:00:00,0.131,0.142,0.157,0.156,0.151,17.0,15.5,15.8,15.5
Teufelsmoor (bog),2026-10-01 09:00:00,0.131,0.142,0.157,0.156,0.151,17.6,15.8,15.8,15.5
Teufelsmoor (bog),2026-10-01 10:00:00,0.13,0.142,0.157,0.156,0.151,19.3,16.6,15.8,15.5
Teufelsmoor (bog),2026-10-01 11:00:00,0.13,0.141,0.156,0.156,0.151,19.2,17.2,15.9,15.5
Teufelsmoor (bog),2026-10-01 12:00:00,0.138,0.141,0.156,0.156,0.151,19.1,17.8,16.1,15.5
Teufelsmoor (bog),2026-10-01 13:00:00,0.165,0.142,0.156,0.156,0.151,18.7,17.7,16.2,15.5
Teufelsmoor (bog),2026-10-01 14:00:00,0.249,0.147,0.156,0.156,0.151,18.7,17.7,16.4,15.5
Teufelsmoor (bog),2026-10-01 15:00:00,0.322,0.285,0.16,0.156,0.151,17.3,17.4,16.4,15.5
Teufelsmoor (bog),2026-10-01 16:00:00,0.324,0.301,0.171,0.156,0.151,17.0,17.1,16.5,15.5
Teufelsmoor (bog),2026-10-01 17:00:00,0.323,0.305,0.184,0.156,0.151,16.7,16.9,16.5,15.5
Teufelsmoor (bog),2026-10-01 18:00:00,0.312,0.303,0.201,0.156,0.151,16.2,16.8,16.5,15.5
Teufelsmoor (bog),2026-10-01 19:00:00,0.312,0.297,0.211,0.156,0.151,15.6,16.4,16.5,15.5
Teufelsmoor (bog),2026-10-01 20:00:00,0.301,0.293,0.22,0.156,0.151,15.5,16.1,16.4,15.5
Teufelsmoor (bog),2026-10-01 21:00:00,0.306,0.293,0.227,0.156,0.151,15.8,16.1,16.4,15.5
Teufelsmoor (bog),2026-10-01 22:00:00,0.302,0.293,0.234,0.156,0.151,15.6,16.0,16.3,15.5
Teufelsmoor (bog),2026-10-01 23:00:00,0.293,0.287,0.239,0.157,0.151,15.6,15.9,16.2,15.5
Teufelsmoor (bog),2026-10-02 00:00:00,0.289,0.282,0.242,0.157,0.151,15.4,15.7,16.1,15.5
Teufelsmoor (bog),2026-10-02 01:00:00,0.281,0.277,0.244,0.157,0.151,15.0,15.6,16.1,15.5
Teufelsmoor (bog),2026-10-02 02:00:00,0.275,0.272,0.246,0.158,0.151,14.7,15.5,16.0,15.5
Teufelsmoor (bog),2026-10-02 03:00:00,0.274,0.273,0.253,0.161,0.152,14.5,15.4,15.9,15.5
Teufelsmoor (bog),2026-10-02 04:00:00,0.272,0.27,0.254,0.162,0.152,14.2,15.2,15.8,15.5
Teufelsmoor (bog),2026-10-02 05:00:00,0.269,0.268,0.254,0.162,0.152,13.9,15.0,15.7,15.5
Teufelsmoor (bog),2026-10-02 06:00:00,0.267,0.265,0.254,0.163,0.152,13.9,14.7,15.6,15.5
Teufelsmoor (bog),2026-10-02 07:00:00,0.264,0.264,0.254,0.163,0.152,15.1,14.7,15.5,15.5
Teufelsmoor (bog),2026-10-02 08:00:00,0.261,0.261,0.253,0.163,0.152,17.2,15.2,15.4,15.5
Teufelsmoor (bog),2026-10-02 09:00:00,0.258,0.259,0.253,0.164,0.152,19.4,16.1,15.5,15.5
Teufelsmoor (bog),2026-10-02 10:00:00,0.254,0.256,0.251,0.164,0.152,19.8,17.1,15.6,15.5
Teufelsmoor (bog),2026-10-02 11:00:00,0.251,0.253,0.25,0.164,0.152,19.8,17.6,15.8,15.5
Teufelsmoor (bog),2026-10-02 12:00:00,0.248,0.251,0.249,0.164,0.152,19.7,18.2,16.0,15.5
Teufelsmoor (bog),2026-10-02 13:00:00,0.244,0.248,0.247,0.164,0.152,20.8,18.6,16.3,15.5
Teufelsmoor (bog),2026-10-02 14:00:00,0.242,0.246,0.246,0.164,0.152,19.8,18.6,16.5,15.5
Teufelsmoor (bog),2026-10-02 15:00:00,0.24,0.244,0.244,0.164,0.152,19.2,18.8,16.7,15.5
Teufelsmoor (bog),2026-10-02 16:00:00,0.239,0.242,0.243,0.165,0.152,17.2,18.3,16.9,15.5
Teufelsmoor (bog),2026-10-02 17:00:00,0.24,0.241,0.242,0.165,0.152,14.3,17.3,16.9,15.5
Teufelsmoor (bog),2026-10-02 18:00:00,0.24,0.241,0.242,0.165,0.152,12.2,15.7,16.8,15.6
Teufelsmoor (bog),2026-10-02 19:00:00,0.24,0.241,0.241,0.166,0.152,11.7,14.8,16.6,15.6
Teufelsmoor (bog),2026-10-02 20:00:00,0.24,0.24,0.24,0.166,0.152,11.1,14.1,16.3,15.6
Teufelsmoor (bog),2026-10-02 21:00:00,0.24,0.24,0.239,0.166,0.152,9.5,12.8,16.0,15.6
Teufelsmoor (bog),2026-10-02 22:00:00,0.239,0.24,0.239,0.166,0.152,9.5,12.4,15.6,15.6
Teufelsmoor (bog),2026-10-02 23:00:00,0.239,0.24,0.238,0.167,0.152,9.4,12.2,15.3,15.6
Teufelsmoor (bog),2026-10-03 00:00:00,0.239,0.239,0.237,0.167,0.152,8.3,11.4,14.9,15.6
Teufelsmoor (bog),2026-10-03 01:00:00,0.239,0.239,0.237,0.167,0.152,8.1,11.1,14.6,15.5
Teufelsmoor (bog),2026-10-03 02:00:00,0.238,0.239,0.236,0.167,0.152,8.2,10.9,14.3,15.5
Teufelsmoor (bog),2026-10-03 03:00:00,0.239,0.24,0.238,0.169,0.151,6.8,9.9,14.0,15.5
Teufelsmoor (bog),2026-10-03 04:00:00,0.239,0.239,0.237,0.169,0.151,6.9,9.8,13.7,15.5
Teufelsmoor (bog),2026-10-03 05:00:00,0.239,0.239,0.237,0.169,0.151,6.9,9.7,13.4,15.5
Teufelsmoor (bog),2026-10-03 06:00:00,0.238,0.239,0.236,0.169,0.151,8.0,9.6,13.2,15.4
Teufelsmoor (bog),2026-10-03 07:00:00,0.238,0.238,0.236,0.17,0.151,10.6,10.0,12.9,15.4
Teufelsmoor (bog),2026-10-03 08:00:00,0.237,0.238,0.235,0.17,0.151,14.3,10.9,12.8,15.4
Teufelsmoor (bog),2026-10-03 09:00:00,0.235,0.237,0.235,0.17,0.151,16.0,12.3,12.8,15.4
Teufelsmoor (bog),2026-10-03 10:00:00,0.234,0.236,0.234,0.17,0.151,18.5,13.5,12.9,15.3
Teufelsmoor (bog),2026-10-03 11:00:00,0.231,0.234,0.233,0.17,0.151,19.2,14.8,13.0,15.3
Teufelsmoor (bog),2026-10-03 12:00:00,0.228,0.232,0.232,0.17,0.151,20.7,15.8,13.3,15.3
Teufelsmoor (bog),2026-10-03 13:00:00,0.226,0.23,0.23,0.17,0.151,20.8,16.7,13.6,15.3
Teufelsmoor (bog),2026-10-03 14:00:00,0.224,0.228,0.229,0.17,0.151,19.4,17.1,13.9,15.2
Teufelsmoor (bog),2026-10-03 15:00:00,0.222,0.227,0.228,0.17,0.151,18.0,17.1,14.2,15.2
Teufelsmoor (bog),2026-10-03 16:00:00,0.222,0.226,0.227,0.17,0.151,16.0,16.7,14.5,15.2
Teufelsmoor (bog),2026-10-03 17:00:00,0.223,0.225,0.227,0.17,0.151,12.9,15.9,14.7,15.2
Teufelsmoor (bog),2026-10-03 18:00:00,0.223,0.225,0.226,0.17,0.151,11.5,14.8,14.7,15.2
Teufelsmoor (bog),2026-10-03 19:00:00,0.223,0.224,0.226,0.17,0.151,10.1,13.8,14.7,15.2
Teufelsmoor (bog),2026-10-03 20:00:00,0.224,0.224,0.225,0.17,0.151,10.0,13.0,14.6,15.2
Teufelsmoor (bog),2026-10-03 21:00:00,0.224,0.224,0.225,0.17,0.151,9.7,12.5,14.5,15.2
Teufelsmoor (bog),2026-10-03 22:00:00,0.224,0.224,0.224,0.171,0.151,9.3,12.1,14.3,15.2
Teufelsmoor (bog),2026-10-03 23:00:00,0.224,0.224,0.224,0.171,0.151,8.6,11.7,14.1,15.2
Teufelsmoor (bog),2026-10-04 00:00:00,0.223,0.224,0.224,0.171,0.151,8.9,11.3,13.9,15.1
Teufelsmoor (bog),2026-10-04 01:00:00,0.223,0.224,0.223,0.171,0.151,8.8,11.1,13.7,15.1
Teufelsmoor (bog),2026-10-04 02:00:00,0.223,0.224,0.223,0.171,0.151,8.5,10.9,13.5,15.1
Teufelsmoor (bog),2026-10-04 03:00:00,0.223,0.223,0.222,0.171,0.151,8.3,10.7,13.4,15.1
Teufelsmoor (bog),2026-10-04 04:00:00,0.223,0.223,0.222,0.171,0.151,8.4,10.5,13.2,15.1
Teufelsmoor (bog),2026-10-04 05:00:00,0.223,0.223,0.222,0.172,0.151,8.6,10.4,13.0,15.1
Teufelsmoor (bog),2026-10-04 06:00:00,0.223,0.223,0.221,0.172,0.151,8.8,10.4,12.8,15.0
Teufelsmoor (bog),2026-10-04 07:00:00,0.222,0.223,0.221,0.172,0.151,11.4,10.6,12.7,15.0
Teufelsmoor (bog),2026-10-04 08:00:00,0.221,0.222,0.221,0.172,0.151,14.7,11.5,12.6,15.0
Teufelsmoor (bog),2026-10-04 09:00:00,0.22,0.222,0.22,0.172,0.151,17.2,12.7,12.7,15.0
Teufelsmoor (bog),2026-10-04 10:00:00,0.218,0.221,0.219,0.172,0.151,18.8,14.0,12.8,14.9
Teufelsmoor (bog),2026-10-04 11:00:00,0.216,0.219,0.219,0.172,0.151,19.3,14.9,13.0,14.9
Teufelsmoor (bog),2026-10-04 12:00:00,0.214,0.218,0.218,0.172,0.151,19.8,15.8,13.2,14.9
Teufelsmoor (bog),2026-10-04 13:00:00,0.211,0.216,0.217,0.171,0.151,19.9,16.4,13.5,14.9
Teufelsmoor (bog),2026-10-04 14:00:00,0.209,0.215,0.216,0.171,0.151,18.7,16.7,13.8,14.9
Teufelsmoor (bog),2026-10-04 15:00:00,0.208,0.213,0.215,0.171,0.151,16.9,16.6,14.1,14.9
Teufelsmoor (bog),2026-10-04 16:00:00,0.207,0.212,0.214,0.171,0.151,14.6,16.1,14.3,14.8
Teufelsmoor (bog),2026-10-04 17:00:00,0.208,0.211,0.214,0.171,0.151,11.7,15.1,14.4,14.8
Teufelsmoor (bog),2026-10-04 18:00:00,0.208,0.211,0.214,0.171,0.151,10.2,14.0,14.4,14.8
Teufelsmoor (bog),2026-10-04 19:00:00,0.209,0.211,0.213,0.171,0.151,8.9,13.0,14.4,14.8
Teufelsmoor (bog),2026-10-04 20:00:00,0.209,0.211,0.213,0.171,0.151,7.4,12.1,14.2,14.8
Teufelsmoor (bog),2026-10-04 21:00:00,0.209,0.211,0.213,0.171,0.151,8.1,11.2,14.0,14.8
Teufelsmoor (bog),2026-10-04 22:00:00,0.21,0.21,0.212,0.172,0.151,8.4,11.0,13.8,14.8
Teufelsmoor (bog),2026-10-04 23:00:00,0.21,0.21,0.212,0.172,0.151,7.9,10.7,13.6,14.8
Teufelsmoor (bog),2026-10-05 00:00:00,0.21,0.21,0.212,0.172,0.151,7.9,10.4,13.4,14.8
Teufelsmoor (bog),2026-10-05 01:00:00,0.21,0.21,0.211,0.172,0.151,8.3,10.3,13.2,14.8
Teufelsmoor (bog),2026-10-05 02:00:00,0.21,0.21,0.211,0.172,0.151,8.9,10.3,13.0,14.7
Teufelsmoor (bog),2026-10-05 03:00:00,0.209,0.21,0.211,0.172,0.151,9.4,10.4,12.8,14.7
Teufelsmoor (bog),2026-10-05 04:00:00,0.301,0.302,0.301,0.248,0.259,10.2,11.0,13.0,14.7
Teufelsmoor (bog),2026-10-05 05:00:00,0.392,0.393,0.391,0.324,0.367,9.9,11.4,13.2,14.7
Teufelsmoor (bog),2026-10-05 06:00:00,0.484,0.485,0.481,0.399,0.475,10.1,11.7,13.4,14.6
Teufelsmoor (bog),2026-10-05 07:00:00,0.575,0.576,0.571,0.475,0.583,12.4,12.1,13.6,14.6
Teufelsmoor (bog),2026-10-05 08:00:00,0.574,0.575,0.571,0.476,0.583,14.9,12.3,13.6,14.6
Teufelsmoor (bog),2026-10-05 09:00:00,0.573,0.575,0.57,0.476,0.583,16.9,12.8,13.6,14.6
Teufelsmoor (bog),2026-10-05 10:00:00,0.571,0.574,0.569,0.476,0.583,17.7,13.4,13.6,14.6
Teufelsmoor (bog),2026-10-05 11:00:00,0.569,0.573,0.569,0.476,0.583,18.9,13.9,13.6,14.6
Teufelsmoor (bog),2026-10-05 12:00:00,0.567,0.571,0.568,0.475,0.582,19.5,14.5,13.7,14.5
Teufelsmoor (bog),2026-10-05 13:00:00,0.565,0.57,0.567,0.475,0.582,19.6,15.0,13.8,14.5
Teufelsmoor (bog),2026-10-05 14:00:00,0.563,0.569,0.566,0.475,0.582,18.8,15.4,13.9,14.5
Teufelsmoor (bog),2026-10-05 15:00:00,0.562,0.567,0.565,0.475,0.582,18.0,15.6,14.0,14.5
Teufelsmoor (bog),2026-10-05 16:00:00,0.561,0.566,0.565,0.475,0.582,16.5,15.6,14.1,14.5
Teufelsmoor (bog),2026-10-05 17:00:00,0.561,0.566,0.564,0.475,0.582,13.8,15.5,14.2,14.5
Teufelsmoor (bog),2026-10-05 18:00:00,0.562,0.565,0.564,0.476,0.582,12.7,15.1,14.2,14.5
Teufelsmoor (bog),2026-10-05 19:00:00,0.562,0.565,0.564,0.476,0.582,12.2,14.7,14.3,14.5
Teufelsmoor (bog),2026-10-05 20:00:00,0.562,0.565,0.563,0.476,0.582,11.8,14.4,14.3,14.5
Teufelsmoor (bog),2026-10-05 21:00:00,0.563,0.564,0.563,0.476,0.582,11.5,14.1,14.2,14.5
Teufelsmoor (bog),2026-10-05 22:00:00,0.563,0.564,0.563,0.476,0.582,11.1,13.8,14.2,14.5
Teufelsmoor (bog),2026-10-05 23:00:00,0.563,0.564,0.562,0.476,0.582,10.9,13.5,14.2,14.5
Teufelsmoor (bog),2026-10-06 00:00:00,0.563,0.564,0.562,0.477,0.582,10.6,13.3,14.1,14.5
Teufelsmoor (bog),2026-10-06 01:00:00,0.563,0.564,0.562,0.477,0.582,10.4,13.1,14.1,14.5
Teufelsmoor (bog),2026-10-06 02:00:00,0.563,0.563,0.561,0.477,0.582,10.2,12.9,14.0,14.5
Teufelsmoor (bog),2026-10-06 03:00:00,0.563,0.563,0.561,0.477,0.582,10.1,12.7,14.0,14.5
Teufelsmoor (bog),2026-10-06 04:00:00,0.563,0.563,0.561,0.477,0.582,9.9,12.5,13.9,14.5
Teufelsmoor (bog),2026-10-06 05:00:00,0.563,0.563,0.561,0.477,0.582,9.5,12.3,13.8,14.5
Teufelsmoor (bog),2026-10-06 06:00:00,0.563,0.563,0.56,0.478,0.582,9.6,12.1,13.8,14.5
Teufelsmoor (bog),2026-10-06 07:00:00,0.562,0.563,0.56,0.478,0.582,11.6,12.2,13.7,14.5
Teufelsmoor (bog),2026-10-06 08:00:00,0.561,0.563,0.559,0.478,0.582,14.5,12.4,13.7,14.5
Teufelsmoor (bog),2026-10-06 09:00:00,0.56,0.562,0.559,0.478,0.582,17.0,12.8,13.6,14.5
Teufelsmoor (bog),2026-10-06 10:00:00,0.558,0.561,0.558,0.478,0.582,18.7,13.4,13.6,14.5
Teufelsmoor (bog),2026-10-06 11:00:00,0.555,0.56,0.558,0.477,0.582,20.0,14.1,13.7,14.5
Teufelsmoor (bog),2026-10-06 12:00:00,0.553,0.559,0.557,0.477,0.582,20.8,14.8,13.8,14.5
Teufelsmoor (bog),2026-10-06 13:00:00,0.551,0.557,0.556,0.477,0.582,20.9,15.4,13.9,14.5
Teufelsmoor (bog),2026-10-06 14:00:00,0.548,0.556,0.555,0.477,0.582,20.4,15.9,14.0,14.4
Teufelsmoor (bog),2026-10-06 15:00:00,0.547,0.554,0.554,0.477,0.582,19.2,16.2,14.1,14.4
Teufelsmoor (bog),2026-10-06 16:00:00,0.547,0.553,0.554,0.477,0.582,16.8,16.1,14.2,14.4
Teufelsmoor (bog),2026-10-06 17:00:00,0.547,0.552,0.553,0.477,0.582,13.6,15.7,14.3,14.4
Teufelsmoor (bog),2026-10-06 18:00:00,0.548,0.552,0.553,0.477,0.582,11.2,15.3,14.4,14.4
Teufelsmoor (bog),2026-10-06 19:00:00,0.549,0.552,0.553,0.477,0.582,10.0,14.8,14.4,14.4
Teufelsmoor (bog),2026-10-06 20:00:00,0.549,0.552,0.552,0.478,0.582,9.4,14.2,14.3,14.4
Teufelsmoor (bog),2026-10-06 21:00:00,0.55,0.552,0.552,0.478,0.582,9.1,13.6,14.3,14.4
Teufelsmoor (bog),2026-10-06 22:00:00,0.55,0.552,0.552,0.478,0.582,9.0,13.2,14.2,14.4
Teufelsmoor (bog),2026-10-06 23:00:00,0.55,0.551,0.552,0.478,0.582,9.2,12.8,14.1,14.4
Teufelsmoor (bog),2026-10-07 00:00:00,0.55,0.551,0.552,0.478,0.582,9.3,12.5,14.1,14.4
Teufelsmoor (bog),2026-10-07 01:00:00,0.55,0.551,0.552,0.478,0.582,9.4,12.3,14.0,14.4
Teufelsmoor (bog),2026-10-07 02:00:00,0.55,0.551,0.551,0.479,0.582,9.4,12.2,13.9,14.4
Teufelsmoor (bog),2026-10-07 03:00:00,0.55,0.551,0.551,0.479,0.582,9.5,12.1,13.8,14.4
Teufelsmoor (bog),2026-10-07 04:00:00,0.55,0.551,0.551,0.479,0.582,9.6,12.0,13.8,14.4
Teufelsmoor (bog),2026-10-07 05:00:00,0.55,0.551,0.55,0.479,0.582,9.7,11.9,13.7,14.4
Teufelsmoor (bog),2026-10-07 06:00:00,0.55,0.551,0.55,0.479,0.582,10.3,11.9,13.6,14.4
Teufelsmoor (bog),2026-10-07 07:00:00,0.55,0.551,0.55,0.479,0.582,11.5,12.0,13.6,14.4
Teufelsmoor (bog),2026-10-07 08:00:00,0.55,0.55,0.549,0.479,0.582,13.1,12.1,13.5,14.4
Teufelsmoor (bog),2026-10-07 09:00:00,0.549,0.55,0.549,0.479,0.582,14.7,12.4,13.5,14.4
Teufelsmoor (bog),2026-10-07 10:00:00,0.548,0.55,0.549,0.479,0.582,16.5,12.8,13.5,14.4
Teufelsmoor (bog),2026-10-07 11:00:00,0.546,0.549,0.548,0.479,0.582,18.2,13.2,13.5,14.4
Teufelsmoor (bog),2026-10-07 12:00:00,0.545,0.549,0.548,0.479,0.582,19.3,13.7,13.5,14.4
Teufelsmoor (bog),2026-10-07 13:00:00,0.543,0.548,0.547,0.479,0.582,19.3,14.2,13.6,14.4
Teufelsmoor (bog),2026-10-07 14:00:00,0.542,0.547,0.547,0.479,0.581,18.7,14.8,13.7,14.4
Teufelsmoor (bog),2026-10-07 15:00:00,0.541,0.546,0.546,0.479,0.581,17.9,15.1,13.8,14.4
Teufelsmoor (bog),2026-10-07 16:00:00,0.533,0.543,0.546,0.479,0.581,16.9,15.2,13.9,14.4
Teufelsmoor (bog),2026-10-07 17:00:00,0.525,0.54,0.545,0.479,0.581,15.6,15.1,14.0,14.3
Teufelsmoor (bog),2026-10-07 18:00:00,0.542,0.545,0.545,0.479,0.581,14.7,14.9,14.0,14.3
Teufelsmoor (bog),2026-10-07 19:00:00,0.607,0.561,0.544,0.479,0.581,14.3,14.8,14.1,14.3
Teufelsmoor (bog),2026-10-07 20:00:00,0.695,0.585,0.544,0.48,0.581,14.3,14.7,14.1,14.3
Teufelsmoor (bog),2026-10-07 21:00:00,0.759,0.613,0.545,0.48,0.581,14.2,14.6,14.1,14.3
Teufelsmoor (bog),2026-10-07 22:00:00,0.766,0.642,0.547,0.478,0.582,14.1,14.5,14.1,14.4
Teufelsmoor (bog),2026-10-07 23:00:00,0.754,0.676,0.549,0.476,0.582,14.1,14.5,14.1,14.4
Teufelsmoor (bog),2026-10-08 00:00:00,0.743,0.697,0.549,0.475,0.583,14.0,14.5,14.1,14.5
Teufelsmoor (bog),2026-10-08 01:00:00,0.727,0.696,0.549,0.473,0.583,13.8,14.4,14.1,14.5
Teufelsmoor (bog),2026-10-08 02:00:00,0.708,0.689,0.554,0.473,0.583,13.6,14.4,14.1,14.5
Teufelsmoor (bog),2026-10-08 03:00:00,0.692,0.682,0.558,0.473,0.583,13.2,14.3,14.1,14.5
Teufelsmoor (bog),2026-10-08 04:00:00,0.682,0.676,0.561,0.473,0.583,12.4,14.2,14.1,14.5
Teufelsmoor (bog),2026-10-08 05:00:00,0.675,0.669,0.564,0.474,0.583,11.5,14.1,14.1,14.5
Teufelsmoor (bog),2026-10-08 06:00:00,0.668,0.662,0.567,0.474,0.583,11.1,14.0,14.1,14.5
Teufelsmoor (bog),2026-10-08 07:00:00,0.662,0.657,0.569,0.474,0.583,11.4,13.8,14.1,14.5
Teufelsmoor (bog),2026-10-08 08:00:00,0.656,0.652,0.571,0.474,0.583,12.1,13.6,14.1,14.5
Teufelsmoor (bog),2026-10-08 09:00:00,0.651,0.647,0.572,0.474,0.583,12.9,13.5,14.1,14.5
Teufelsmoor (bog),2026-10-08 10:00:00,0.645,0.642,0.573,0.474,0.583,13.8,13.5,14.1,14.5
Teufelsmoor (bog),2026-10-08 11:00:00,0.64,0.637,0.574,0.474,0.583,14.7,13.5,14.1,14.5
Teufelsmoor (bog),2026-10-08 12:00:00,0.635,0.633,0.575,0.474,0.583,15.2,13.6,14.1,14.5
Teufelsmoor (bog),2026-10-08 13:00:00,0.631,0.629,0.575,0.474,0.583,14.9,13.7,14.1,14.5
Teufelsmoor (bog),2026-10-08 14:00:00,0.629,0.626,0.576,0.474,0.583,14.1,13.8,14.1,14.5
Teufelsmoor (bog),2026-10-08 15:00:00,0.626,0.623,0.576,0.474,0.583,13.2,13.8,14.1,14.5
Teufelsmoor (bog),2026-10-08 16:00:00,0.623,0.62,0.576,0.474,0.583,12.1,13.8,14.1,14.5
Teufelsmoor (bog),2026-10-08 17:00:00,0.62,0.618,0.577,0.475,0.583,10.8,13.7,14.1,14.5
Teufelsmoor (bog),2026-10-08 18:00:00,0.618,0.616,0.577,0.475,0.583,9.8,13.5,14.1,14.5
Teufelsmoor (bog),2026-10-08 19:00:00,0.616,0.614,0.577,0.475,0.583,9.3,13.3,14.1,14.5
Teufelsmoor (bog),2026-10-08 20:00:00,0.614,0.613,0.578,0.475,0.583,9.0,13.1,14.0,14.5
Teufelsmoor (bog),2026-10-08 21:00:00,0.613,0.611,0.578,0.475,0.583,8.8,12.9,14.0,14.5
Teufelsmoor (bog),2026-10-08 22:00:00,0.612,0.61,0.578,0.475,0.583,8.6,12.7,14.0,14.5
Teufelsmoor (bog),2026-10-08 23:00:00,0.61,0.608,0.579,0.476,0.583,8.5,12.4,14.0,14.5
Teufelsmoor (bog),2026-10-09 00:00:00,0.609,0.607,0.579,0.476,0.583,8.3,12.2,14.0,14.5
Teufelsmoor (bog),2026-10-09 01:00:00,0.608,0.606,0.579,0.476,0.583,7.9,12.0,13.9,14.5
Teufelsmoor (bog),2026-10-09 02:00:00,0.606,0.604,0.579,0.477,0.583,7.3,11.8,13.9,14.5
Teufelsmoor (bog),2026-10-09 03:00:00,0.605,0.603,0.579,0.477,0.583,7.1,11.6,13.9,14.5
Teufelsmoor (bog),2026-10-09 04:00:00,0.604,0.602,0.579,0.477,0.583,7.1,11.4,13.8,14.5
Teufelsmoor (bog),2026-10-09 05:00:00,0.603,0.601,0.579,0.477,0.583,7.3,11.2,13.8,14.4
Teufelsmoor (bog),2026-10-09 06:00:00,0.602,0.6,0.579,0.477,0.583,7.9,11.0,13.7,14.4
Teufelsmoor (bog),2026-10-09 07:00:00,0.6,0.599,0.579,0.477,0.583,9.4,10.9,13.7,14.4
Teufelsmoor (bog),2026-10-09 08:00:00,0.599,0.598,0.579,0.478,0.583,11.3,10.9,13.6,14.4
Teufelsmoor (bog),2026-10-09 09:00:00,0.597,0.597,0.579,0.478,0.583,12.7,11.0,13.6,14.4
Teufelsmoor (bog),2026-10-09 10:00:00,0.596,0.596,0.578,0.478,0.583,13.2,11.1,13.5,14.4
Teufelsmoor (bog),2026-10-09 11:00:00,0.595,0.595,0.578,0.478,0.583,13.3,11.4,13.5,14.4
Teufelsmoor (bog),2026-10-09 12:00:00,0.594,0.594,0.577,0.478,0.583,13.0,11.6,13.5,14.4
Teufelsmoor (bog),2026-10-09 13:00:00,0.588,0.592,0.577,0.478,0.583,12.4,11.8,13.5,14.4
Teufelsmoor (bog),2026-10-09 14:00:00,0.582,0.59,0.576,0.478,0.583,11.6,12.0,13.4,14.4
Teufelsmoor (bog),2026-10-09 15:00:00,0.589,0.59,0.576,0.478,0.583,10.8,12.1,13.4,14.4
Teufelsmoor (bog),2026-10-09 16:00:00,0.625,0.592,0.576,0.478,0.583,10.1,12.1,13.4,14.4
Teufelsmoor (bog),2026-10-09 17:00:00,0.674,0.595,0.576,0.478,0.583,9.6,12.0,13.4,14.4
Teufelsmoor (bog),2026-10-09 18:00:00,0.708,0.604,0.576,0.478,0.583,9.3,11.9,13.4,14.4
Teufelsmoor (bog),2026-10-09 19:00:00,0.71,0.623,0.577,0.478,0.583,9.4,11.8,13.4,14.4
Teufelsmoor (bog),2026-10-09 20:00:00,0.696,0.647,0.578,0.479,0.583,9.9,11.7,13.3,14.4
Teufelsmoor (bog),2026-10-09 21:00:00,0.682,0.663,0.58,0.479,0.583,10.2,11.6,13.3,14.4
Teufelsmoor (bog),2026-10-09 22:00:00,0.674,0.665,0.582,0.479,0.583,10.2,11.6,13.3,14.4
Teufelsmoor (bog),2026-10-09 23:00:00,0.667,0.66,0.583,0.48,0.583,10.1,11.6,13.3,14.4
Solling (upland forest),2026-09-26 00:00:00,0.205,0.206,0.208,0.215,0.233,6.9,8.8,10.4,11.6
Solling (upland forest),2026-09-26 01:00:00,0.205,0.206,0.208,0.215,0.233,6.6,8.6,10.3,11.6
Solling (upland forest),2026-09-26 02:00:00,0.205,0.206,0.208,0.215,0.233,6.8,8.4,10.2,11.6
Solling (upland forest),2026-09-26 03:00:00,0.203,0.204,0.206,0.213,0.231,6.5,7.9,10.1,11.6
Solling (upland forest),2026-09-26 04:00:00,0.203,0.204,0.206,0.213,0.231,6.8,7.9,10.0,11.6
Solling (upland forest),2026-09-26 05:00:00,0.203,0.204,0.206,0.213,0.231,7.0,8.0,9.9,11.6
Solling (upland forest),2026-09-26 06:00:00,0.202,0.204,0.206,0.213,0.231,8.2,8.0,9.8,11.6
Solling (upland forest),2026-09-26 07:00:00,0.202,0.203,0.206,0.213,0.231,10.5,8.5,9.7,11.6
Solling (upland forest),2026-09-26 08:00:00,0.2,0.202,0.205,0.212,0.231,12.6,9.3,9.7,11.5
Solling (upland forest),2026-09-26 09:00:00,0.198,0.201,0.205,0.212,0.231,15.0,10.6,9.8,11.5
Solling (upland forest),2026-09-26 10:00:00,0.196,0.2,0.204,0.212,0.231,15.2,11.6,9.9,11.5
Solling (upland forest),2026-09-26 11:00:00,0.194,0.198,0.203,0.211,0.231,17.6,12.4,10.1,11.5
Solling (upland forest),2026-09-26 12:00:00,0.193,0.197,0.202,0.211,0.231,19.7,13.8,10.3,11.5
Solling (upland forest),2026-09-26 13:00:00,0.191,0.195,0.202,0.21,0.231,18.1,14.5,10.6,11.5
Solling (upland forest),2026-09-26 14:00:00,0.191,0.194,0.201,0.21,0.231,17.3,14.7,10.9,11.5
Solling (upland forest),2026-09-26 15:00:00,0.191,0.194,0.201,0.21,0.231,17.6,15.1,11.2,11.5
Solling (upland forest),2026-09-26 16:00:00,0.191,0.194,0.2,0.21,0.231,15.9,15.0,11.4,11.5
Solling (upland forest),2026-09-26 17:00:00,0.192,0.194,0.2,0.21,0.231,13.5,14.5,11.6,11.5
Solling (upland forest),2026-09-26 18:00:00,0.192,0.194,0.2,0.21,0.231,11.8,13.5,11.8,11.5
Solling (upland forest),2026-09-26 19:00:00,0.193,0.194,0.2,0.209,0.231,12.0,12.9,11.8,11.5
Solling (upland forest),2026-09-26 20:00:00,0.193,0.195,0.2,0.209,0.231,12.8,12.6,11.9,11.5
Solling (upland forest),2026-09-26 21:00:00,0.193,0.195,0.199,0.209,0.231,12.5,12.6,11.9,11.5
Solling (upland forest),2026-09-26 22:00:00,0.193,0.195,0.199,0.209,0.231,13.2,12.5,11.9,11.5
Solling (upland forest),2026-09-26 23:00:00,0.193,0.195,0.199,0.209,0.231,13.3,12.5,12.0,11.5
Solling (upland forest),2026-09-27 00:00:00,0.193,0.195,0.199,0.209,0.231,14.0,12.7,12.0,11.5
Solling (upland forest),2026-09-27 01:00:00,0.193,0.195,0.199,0.209,0.231,13.3,12.8,12.0,11.5
Solling (upland forest),2026-09-27 02:00:00,0.193,0.195,0.199,0.209,0.231,13.4,12.8,12.1,11.5
Solling (upland forest),2026-09-27 03:00:00,0.192,0.194,0.197,0.204,0.225,13.2,12.8,12.1,11.5
Solling (upland forest),2026-09-27 04:00:00,0.192,0.194,0.197,0.204,0.225,12.9,12.7,12.2,11.5
Solling (upland forest),2026-09-27 05:00:00,0.191,0.193,0.197,0.204,0.225,13.0,12.7,12.2,11.5
Solling (upland forest),2026-09-27 06:00:00,0.191,0.193,0.197,0.204,0.225,13.5,12.9,12.2,11.6
Solling (upland forest),2026-09-27 07:00:00,0.191,0.193,0.197,0.204,0.225,14.4,13.0,12.3,11.6
Solling (upland forest),2026-09-27 08:00:00,0.19,0.192,0.196,0.204,0.225,15.9,13.3,12.3,11.6
Solling (upland forest),2026-09-27 09:00:00,0.188,0.191,0.196,0.203,0.225,18.0,14.2,12.4,11.6
Solling (upland forest),2026-09-27 10:00:00,0.187,0.19,0.195,0.203,0.225,18.4,14.9,12.5,11.6
Solling (upland forest),2026-09-27 11:00:00,0.186,0.189,0.194,0.203,0.225,19.8,15.4,12.7,11.6
Solling (upland forest),2026-09-27 12:00:00,0.185,0.188,0.194,0.202,0.225,21.1,16.5,12.9,11.6
Solling (upland forest),2026-09-27 13:00:00,0.183,0.187,0.193,0.202,0.225,21.1,17.0,13.1,11.6
Solling (upland forest),2026-09-27 14:00:00,0.182,0.186,0.192,0.201,0.225,20.0,17.2,13.3,11.6
Solling (upland forest),2026-09-27 15:00:00,0.181,0.185,0.192,0.201,0.225,20.5,17.7,13.5,11.6
Solling (upland forest),2026-09-27 16:00:00,0.181,0.184,0.191,0.201,0.225,18.7,17.5,13.7,11.7
Solling (upland forest),2026-09-27 17:00:00,0.181,0.184,0.191,0.201,0.225,17.4,17.2,13.9,11.7
Solling (upland forest),2026-09-27 18:00:00,0.181,0.184,0.191,0.201,0.225,16.8,16.8,14.1,11.7
Solling (upland forest),2026-09-27 19:00:00,0.181,0.184,0.19,0.201,0.225,15.4,16.3,14.2,11.7
Solling (upland forest),2026-09-27 20:00:00,0.182,0.184,0.19,0.201,0.225,15.7,15.8,14.2,11.7
Solling (upland forest),2026-09-27 21:00:00,0.182,0.184,0.19,0.2,0.225,14.8,15.3,14.2,11.7
Solling (upland forest),2026-09-27 22:00:00,0.182,0.184,0.19,0.2,0.225,14.6,15.0,14.2,11.8
Solling (upland forest),2026-09-27 23:00:00,0.182,0.184,0.19,0.2,0.225,14.5,14.8,14.2,11.8
Solling (upland forest),2026-09-28 00:00:00,0.182,0.184,0.19,0.2,0.225,14.0,14.5,14.2,11.8
Solling (upland forest),2026-09-28 01:00:00,0.182,0.184,0.19,0.2,0.225,13.5,14.3,14.1,11.8
Solling (upland forest),2026-09-28 02:00:00,0.182,0.184,0.19,0.2,0.225,14.0,14.1,14.1,11.8
Solling (upland forest),2026-09-28 03:00:00,0.179,0.182,0.188,0.198,0.222,12.8,13.7,14.0,11.8
Solling (upland forest),2026-09-28 04:00:00,0.18,0.182,0.188,0.198,0.222,11.9,13.5,14.0,11.9
Solling (upland forest),2026-09-28 05:00:00,0.18,0.182,0.187,0.198,0.222,10.1,13.2,13.9,11.9
Solling (upland forest),2026-09-28 06:00:00,0.181,0.182,0.187,0.198,0.222,11.2,12.4,13.8,11.9
Solling (upland forest),2026-09-28 07:00:00,0.18,0.182,0.187,0.198,0.222,15.2,12.6,13.6,11.9
Solling (upland forest),2026-09-28 08:00:00,0.179,0.182,0.187,0.197,0.222,17.2,13.4,13.6,11.9
Solling (upland forest),2026-09-28 09:00:00,0.178,0.181,0.186,0.197,0.222,20.2,14.9,13.6,11.9
Solling (upland forest),2026-09-28 10:00:00,0.177,0.18,0.186,0.197,0.222,19.7,15.8,13.6,11.9
Solling (upland forest),2026-09-28 11:00:00,0.176,0.179,0.185,0.196,0.222,20.7,16.3,13.7,11.9
Solling (upland forest),2026-09-28 12:00:00,0.175,0.178,0.184,0.196,0.222,21.1,17.1,13.9,11.9
Solling (upland forest),2026-09-28 13:00:00,0.174,0.177,0.184,0.196,0.222,20.6,17.4,14.0,12.0
Solling (upland forest),2026-09-28 14:00:00,0.173,0.177,0.183,0.195,0.222,20.3,17.6,14.2,12.0
Solling (upland forest),2026-09-28 15:00:00,0.173,0.176,0.183,0.195,0.222,19.3,17.6,14.3,12.0
Solling (upland forest),2026-09-28 16:00:00,0.173,0.176,0.183,0.195,0.222,18.1,17.5,14.5,12.0
Solling (upland forest),2026-09-28 17:00:00,0.174,0.176,0.183,0.195,0.222,16.2,17.0,14.6,12.0
Solling (upland forest),2026-09-28 18:00:00,0.174,0.176,0.182,0.195,0.222,15.6,16.3,14.6,12.0
Solling (upland forest),2026-09-28 19:00:00,0.174,0.176,0.182,0.195,0.222,15.7,16.0,14.7,12.1
Solling (upland forest),2026-09-28 20:00:00,0.174,0.176,0.182,0.195,0.222,15.9,15.8,14.7,12.1
Solling (upland forest),2026-09-28 21:00:00,0.175,0.176,0.182,0.195,0.222,15.6,15.5,14.7,12.1
Solling (upland forest),2026-09-28 22:00:00,0.175,0.177,0.182,0.195,0.222,14.3,15.3,14.6,12.1
Solling (upland forest),2026-09-28 23:00:00,0.175,0.177,0.182,0.195,0.222,15.9,15.1,14.6,12.1
Solling (upland forest),2026-09-29 00:00:00,0.175,0.177,0.182,0.195,0.222,15.8,15.0,14.6,12.1
Solling (upland forest),2026-09-29 01:00:00,0.175,0.177,0.182,0.195,0.222,15.7,15.1,14.6,12.2
Solling (upland forest),2026-09-29 02:00:00,0.175,0.177,0.182,0.195,0.222,16.0,15.2,14.5,12.2
Solling (upland forest),2026-09-29 03:00:00,0.176,0.177,0.182,0.2,0.227,16.1,15.3,14.5,12.2
Solling (upland forest),2026-09-29 04:00:00,0.175,0.177,0.182,0.2,0.227,15.7,15.3,14.5,12.2
Solling (upland forest),2026-09-29 05:00:00,0.175,0.177,0.182,0.2,0.227,15.7,15.3,14.5,12.2
Solling (upland forest),2026-09-29 06:00:00,0.175,0.177,0.182,0.2,0.227,15.9,15.3,14.5,12.2
Solling (upland forest),2026-09-29 07:00:00,0.174,0.177,0.182,0.2,0.227,17.0,15.3,14.5,12.2
Solling (upland forest),2026-09-29 08:00:00,0.173,0.176,0.182,0.2,0.227,18.1,15.6,14.5,12.3
Solling (upland forest),2026-09-29 09:00:00,0.172,0.176,0.182,0.199,0.227,18.8,16.0,14.5,12.3
Solling (upland forest),2026-09-29 10:00:00,0.17,0.174,0.181,0.199,0.227,19.7,16.5,14.6,12.3
Solling (upland forest),2026-09-29 11:00:00,0.169,0.173,0.18,0.198,0.227,20.5,16.9,14.7,12.3
Solling (upland forest),2026-09-29 12:00:00,0.167,0.172,0.18,0.198,0.227,22.4,17.9,14.8,12.3
Solling (upland forest),2026-09-29 13:00:00,0.166,0.171,0.179,0.197,0.227,21.0,18.4,14.9,12.3
Solling (upland forest),2026-09-29 14:00:00,0.165,0.17,0.178,0.197,0.227,21.9,18.5,15.1,12.3
Solling (upland forest),2026-09-29 15:00:00,0.165,0.169,0.178,0.197,0.227,20.3,18.6,15.2,12.4
Solling (upland forest),2026-09-29 16:00:00,0.165,0.169,0.178,0.197,0.227,18.9,18.4,15.3,12.4
Solling (upland forest),2026-09-29 17:00:00,0.165,0.169,0.178,0.196,0.227,18.0,18.0,15.4,12.4
Solling (upland forest),2026-09-29 18:00:00,0.165,0.169,0.177,0.196,0.227,17.4,17.5,15.5,12.4
Solling (upland forest),2026-09-29 19:00:00,0.165,0.169,0.177,0.196,0.227,16.6,17.1,15.5,12.4
Solling (upland forest),2026-09-29 20:00:00,0.165,0.169,0.177,0.196,0.227,16.9,16.8,15.5,12.5
Solling (upland forest),2026-09-29 21:00:00,0.166,0.169,0.177,0.196,0.227,16.1,16.7,15.6,12.5
Solling (upland forest),2026-09-29 22:00:00,0.166,0.169,0.177,0.196,0.227,15.8,16.3,15.5,12.5
Solling (upland forest),2026-09-29 23:00:00,0.166,0.169,0.177,0.196,0.227,15.5,16.1,15.5,12.5
Solling (upland forest),2026-09-30 00:00:00,0.166,0.169,0.177,0.196,0.227,14.4,15.7,15.5,12.5
Solling (upland forest),2026-09-30 01:00:00,0.167,0.169,0.177,0.196,0.227,14.1,15.3,15.4,12.6
Solling (upland forest),2026-09-30 02:00:00,0.167,0.169,0.177,0.196,0.227,13.9,15.1,15.3,12.6
Solling (upland forest),2026-09-30 03:00:00,0.168,0.17,0.178,0.195,0.226,13.9,15.0,15.2,12.6
Solling (upland forest),2026-09-30 04:00:00,0.168,0.17,0.178,0.195,0.226,14.1,14.8,15.1,12.6
Solling (upland forest),2026-09-30 05:00:00,0.168,0.17,0.178,0.195,0.226,13.1,14.6,15.1,12.6
Solling (upland forest),2026-09-30 06:00:00,0.168,0.171,0.178,0.195,0.226,13.7,14.4,15.0,12.6
Solling (upland forest),2026-09-30 07:00:00,0.168,0.171,0.177,0.195,0.226,15.8,14.5,14.9,12.7
Solling (upland forest),2026-09-30 08:00:00,0.168,0.17,0.177,0.195,0.226,17.4,14.9,14.8,12.7
Solling (upland forest),2026-09-30 09:00:00,0.167,0.17,0.177,0.194,0.225,18.2,15.5,14.8,12.7
Solling (upland forest),2026-09-30 10:00:00,0.166,0.169,0.176,0.194,0.225,19.6,16.1,14.8,12.7
Solling (upland forest),2026-09-30 11:00:00,0.165,0.168,0.176,0.193,0.225,20.9,16.7,14.8,12.7
Solling (upland forest),2026-09-30 12:00:00,0.163,0.167,0.175,0.193,0.225,21.9,17.4,14.9,12.7
Solling (upland forest),2026-09-30 13:00:00,0.162,0.166,0.174,0.193,0.225,22.3,18.1,15.1,12.7
Solling (upland forest),2026-09-30 14:00:00,0.161,0.165,0.174,0.192,0.225,21.6,18.5,15.2,12.8
Solling (upland forest),2026-09-30 15:00:00,0.16,0.165,0.173,0.192,0.225,21.7,19.2,15.4,12.8
Solling (upland forest),2026-09-30 16:00:00,0.161,0.164,0.173,0.192,0.225,19.5,19.0,15.6,12.8
Solling (upland forest),2026-09-30 17:00:00,0.161,0.164,0.173,0.191,0.225,18.1,18.5,15.7,12.8
Solling (upland forest),2026-09-30 18:00:00,0.161,0.164,0.173,0.191,0.225,17.7,17.9,15.8,12.8
Solling (upland forest),2026-09-30 19:00:00,0.162,0.164,0.173,0.191,0.225,16.8,17.5,15.8,12.8
Solling (upland forest),2026-09-30 20:00:00,0.162,0.165,0.173,0.191,0.225,16.5,17.0,15.8,12.9
Solling (upland forest),2026-09-30 21:00:00,0.162,0.165,0.173,0.191,0.225,15.8,16.6,15.8,12.9
Solling (upland forest),2026-09-30 22:00:00,0.163,0.165,0.172,0.191,0.225,15.3,16.3,15.8,12.9
Solling (upland forest),2026-09-30 23:00:00,0.163,0.165,0.172,0.191,0.225,15.3,16.0,15.7,12.9
Solling (upland forest),2026-10-01 00:00:00,0.163,0.165,0.172,0.191,0.225,14.8,15.7,15.7,12.9
Solling (upland forest),2026-10-01 01:00:00,0.164,0.166,0.172,0.191,0.225,15.8,15.6,15.6,12.9
Solling (upland forest),2026-10-01 02:00:00,0.164,0.166,0.172,0.191,0.225,16.0,15.7,15.5,13.0
Solling (upland forest),2026-10-01 03:00:00,0.163,0.165,0.172,0.19,0.224,15.0,15.5,15.5,13.0
Solling (upland forest),2026-10-01 04:00:00,0.164,0.166,0.172,0.19,0.224,14.3,15.3,15.4,13.0
Solling (upland forest),2026-10-01 05:00:00,0.164,0.166,0.172,0.19,0.224,14.7,15.1,15.3,13.0
Solling (upland forest),2026-10-01 06:00:00,0.164,0.166,0.172,0.19,0.224,15.6,15.4,15.3,13.0
Solling (upland forest),2026-10-01 07:00:00,0.164,0.166,0.172,0.19,0.224,16.3,15.4,15.3,13.0
Solling (upland forest),2026-10-01 08:00:00,0.164,0.166,0.172,0.19,0.224,16.8,15.6,15.2,13.0
Solling (upland forest),2026-10-01 09:00:00,0.164,0.166,0.172,0.19,0.224,17.7,16.0,15.2,13.1
Solling (upland forest),2026-10-01 10:00:00,0.165,0.166,0.172,0.19,0.224,15.4,16.1,15.2,13.1
Solling (upland forest),2026-10-01 11:00:00,0.193,0.173,0.172,0.19,0.224,16.8,15.9,15.2,13.1
Solling (upland forest),2026-10-01 12:00:00,0.184,0.178,0.172,0.19,0.224,16.5,15.9,15.2,13.1
Solling (upland forest),2026-10-01 13:00:00,0.179,0.178,0.173,0.189,0.224,16.2,15.9,15.2,13.1
Solling (upland forest),2026-10-01 14:00:00,0.178,0.178,0.173,0.189,0.224,16.2,15.8,15.2,13.1
Solling (upland forest),2026-10-01 15:00:00,0.202,0.187,0.174,0.189,0.224,15.4,15.6,15.2,13.1
Solling (upland forest),2026-10-01 16:00:00,0.215,0.194,0.175,0.189,0.224,15.2,15.5,15.1,13.1
Solling (upland forest),2026-10-01 17:00:00,0.218,0.203,0.177,0.189,0.224,15.1,15.3,15.1,13.1
Solling (upland forest),2026-10-01 18:00:00,0.265,0.245,0.181,0.189,0.224,12.5,14.9,15.1,13.2
Solling (upland forest),2026-10-01 19:00:00,0.328,0.301,0.193,0.189,0.224,13.0,14.3,15.0,13.2
Solling (upland forest),2026-10-01 20:00:00,0.348,0.33,0.226,0.19,0.224,13.1,14.1,14.9,13.2
Solling (upland forest),2026-10-01 21:00:00,0.312,0.307,0.269,0.191,0.224,12.8,13.9,14.7,13.2
Solling (upland forest),2026-10-01 22:00:00,0.295,0.292,0.274,0.192,0.224,12.8,13.7,14.6,13.2
Solling (upland forest),2026-10-01 23:00:00,0.291,0.286,0.274,0.194,0.224,12.6,13.6,14.5,13.2
Solling (upland forest),2026-10-02 00:00:00,0.289,0.285,0.273,0.195,0.224,12.7,13.5,14.4,13.2
Solling (upland forest),2026-10-02 01:00:00,0.286,0.284,0.273,0.197,0.224,12.7,13.4,14.3,13.2
Solling (upland forest),2026-10-02 02:00:00,0.286,0.283,0.272,0.198,0.224,12.6,13.4,14.2,13.2
Solling (upland forest),2026-10-02 03:00:00,0.32,0.315,0.302,0.217,0.227,12.3,13.2,14.1,13.2
Solling (upland forest),2026-10-02 04:00:00,0.316,0.314,0.303,0.219,0.227,12.3,13.1,14.0,13.2
Solling (upland forest),2026-10-02 05:00:00,0.306,0.306,0.301,0.222,0.227,12.3,13.0,13.9,13.2
Solling (upland forest),2026-10-02 06:00:00,0.3,0.3,0.296,0.224,0.227,11.7,12.6,13.8,13.2
Solling (upland forest),2026-10-02 07:00:00,0.296,0.296,0.293,0.226,0.227,12.4,12.6,13.7,13.2
Solling (upland forest),2026-10-02 08:00:00,0.292,0.292,0.289,0.228,0.227,13.5,12.8,13.6,13.2
Solling (upland forest),2026-10-02 09:00:00,0.288,0.288,0.286,0.229,0.227,13.9,13.0,13.5,13.2
Solling (upland forest),2026-10-02 10:00:00,0.284,0.285,0.283,0.23,0.227,14.9,13.4,13.5,13.2
Solling (upland forest),2026-10-02 11:00:00,0.281,0.282,0.28,0.231,0.227,15.3,13.9,13.5,13.2
Solling (upland forest),2026-10-02 12:00:00,0.278,0.279,0.277,0.232,0.227,15.2,14.3,13.5,13.2
Solling (upland forest),2026-10-02 13:00:00,0.275,0.276,0.274,0.233,0.227,16.1,14.6,13.6,13.2
Solling (upland forest),2026-10-02 14:00:00,0.272,0.273,0.272,0.233,0.227,15.7,14.7,13.7,13.2
Solling (upland forest),2026-10-02 15:00:00,0.27,0.271,0.27,0.234,0.227,15.5,15.1,13.8,13.2
Solling (upland forest),2026-10-02 16:00:00,0.269,0.269,0.268,0.234,0.227,14.0,14.9,13.8,13.2
Solling (upland forest),2026-10-02 17:00:00,0.268,0.268,0.267,0.235,0.227,11.2,14.3,13.9,13.2
Solling (upland forest),2026-10-02 18:00:00,0.267,0.267,0.265,0.235,0.227,10.6,13.4,13.9,13.2
Solling (upland forest),2026-10-02 19:00:00,0.265,0.266,0.264,0.236,0.227,10.2,12.8,13.8,13.2
Solling (upland forest),2026-10-02 20:00:00,0.264,0.264,0.263,0.236,0.227,11.0,12.4,13.7,13.2
Solling (upland forest),2026-10-02 21:00:00,0.263,0.263,0.262,0.237,0.227,9.5,12.0,13.6,13.2
Solling (upland forest),2026-10-02 22:00:00,0.262,0.262,0.261,0.237,0.227,9.1,11.5,13.4,13.2
Solling (upland forest),2026-10-02 23:00:00,0.261,0.261,0.26,0.238,0.227,9.3,11.3,13.3,13.2
Solling (upland forest),2026-10-03 00:00:00,0.261,0.261,0.259,0.238,0.227,7.3,10.9,13.1,13.2
Solling (upland forest),2026-10-03 01:00:00,0.26,0.26,0.259,0.238,0.227,6.7,10.3,13.0,13.2
Solling (upland forest),2026-10-03 02:00:00,0.259,0.259,0.258,0.239,0.227,6.1,9.8,12.8,13.2
Solling (upland forest),2026-10-03 03:00:00,0.265,0.265,0.265,0.251,0.229,5.8,9.5,12.6,13.2
Solling (upland forest),2026-10-03 04:00:00,0.264,0.264,0.264,0.251,0.229,5.2,9.0,12.3,13.2
Solling (upland forest),2026-10-03 05:00:00,0.264,0.264,0.263,0.251,0.229,4.9,8.6,12.1,13.2
Solling (upland forest),2026-10-03 06:00:00,0.263,0.263,0.263,0.251,0.229,5.2,8.0,11.8,13.2
Solling (upland forest),2026-10-03 07:00:00,0.263,0.263,0.262,0.251,0.229,10.3,8.3,11.6,13.1
Solling (upland forest),2026-10-03 08:00:00,0.262,0.262,0.262,0.251,0.229,13.7,9.7,11.5,13.1
Solling (upland forest),2026-10-03 09:00:00,0.26,0.261,0.261,0.251,0.229,14.4,11.0,11.4,13.1
Solling (upland forest),2026-10-03 10:00:00,0.259,0.26,0.26,0.251,0.229,14.8,12.0,11.5,13.1
Solling (upland forest),2026-10-03 11:00:00,0.258,0.259,0.259,0.251,0.229,15.6,12.6,11.6,13.1
Solling (upland forest),2026-10-03 12:00:00,0.257,0.258,0.258,0.251,0.229,16.3,13.2,11.7,13.1
Solling (upland forest),2026-10-03 13:00:00,0.256,0.257,0.258,0.251,0.229,16.0,13.6,11.9,13.0
Solling (upland forest),2026-10-03 14:00:00,0.255,0.256,0.257,0.25,0.229,15.4,13.9,12.0,13.0
Solling (upland forest),2026-10-03 15:00:00,0.254,0.255,0.256,0.25,0.229,15.0,14.0,12.2,13.0
Solling (upland forest),2026-10-03 16:00:00,0.254,0.254,0.255,0.25,0.229,13.3,13.9,12.3,13.0
Solling (upland forest),2026-10-03 17:00:00,0.254,0.254,0.255,0.25,0.23,10.1,13.2,12.4,13.0
Solling (upland forest),2026-10-03 18:00:00,0.254,0.254,0.255,0.25,0.23,8.8,12.2,12.5,13.0
Solling (upland forest),2026-10-03 19:00:00,0.254,0.254,0.254,0.25,0.23,7.7,11.3,12.4,13.0
Solling (upland forest),2026-10-03 20:00:00,0.254,0.254,0.254,0.25,0.23,6.7,10.5,12.3,13.0
Solling (upland forest),2026-10-03 21:00:00,0.253,0.254,0.254,0.25,0.23,6.1,9.8,12.2,13.0
Solling (upland forest),2026-10-03 22:00:00,0.253,0.253,0.254,0.25,0.23,5.6,9.3,12.0,13.0
Solling (upland forest),2026-10-03 23:00:00,0.253,0.253,0.253,0.25,0.23,5.2,8.8,11.8,13.0
Solling (upland forest),2026-10-04 00:00:00,0.253,0.253,0.253,0.25,0.23,4.8,8.4,11.6,12.9
Solling (upland forest),2026-10-04 01:00:00,0.253,0.253,0.253,0.25,0.23,4.8,8.0,11.4,12.9
Solling (upland forest),2026-10-04 02:00:00,0.253,0.253,0.253,0.25,0.23,5.3,7.8,11.2,12.9
Solling (upland forest),2026-10-04 03:00:00,0.252,0.253,0.253,0.25,0.23,6.0,7.8,11.0,12.9
Solling (upland forest),2026-10-04 04:00:00,0.252,0.252,0.253,0.25,0.23,6.0,7.9,10.8,12.9
Solling (upland forest),2026-10-04 05:00:00,0.252,0.252,0.253,0.25,0.23,6.1,7.9,10.7,12.9
Solling (upland forest),2026-10-04 06:00:00,0.252,0.252,0.252,0.25,0.23,6.6,7.9,10.5,12.8
Solling (upland forest),2026-10-04 07:00:00,0.252,0.252,0.252,0.25,0.231,9.5,8.3,10.4,12.8
Solling (upland forest),2026-10-04 08:00:00,0.251,0.252,0.252,0.25,0.231,12.7,9.2,10.3,12.8
Solling (upland forest),2026-10-04 09:00:00,0.251,0.251,0.252,0.25,0.231,14.0,10.4,10.4,12.8
Solling (upland forest),2026-10-04 10:00:00,0.249,0.25,0.251,0.249,0.231,16.1,11.5,10.5,12.7
Solling (upland forest),2026-10-04 11:00:00,0.248,0.249,0.25,0.249,0.231,16.8,12.5,10.6,12.7
Solling (upland forest),2026-10-04 12:00:00,0.247,0.248,0.25,0.248,0.231,16.9,13.3,10.8,12.7
Solling (upland forest),2026-10-04 13:00:00,0.246,0.247,0.249,0.248,0.231,16.7,13.7,11.1,12.7
Solling (upland forest),2026-10-04 14:00:00,0.245,0.246,0.248,0.248,0.231,16.3,14.0,11.3,12.7
Solling (upland forest),2026-10-04 15:00:00,0.244,0.245,0.247,0.247,0.231,14.9,14.0,11.5,12.7
Solling (upland forest),2026-10-04 16:00:00,0.244,0.245,0.247,0.247,0.231,13.4,13.7,11.7,12.7
Solling (upland forest),2026-10-04 17:00:00,0.245,0.245,0.246,0.247,0.231,9.9,13.1,11.9,12.6
Solling (upland forest),2026-10-04 18:00:00,0.245,0.245,0.246,0.247,0.231,8.3,12.0,11.9,12.6
Solling (upland forest),2026-10-04 19:00:00,0.245,0.245,0.246,0.247,0.231,7.9,11.0,11.9,12.6
Solling (upland forest),2026-10-04 20:00:00,0.245,0.245,0.246,0.247,0.231,7.6,10.4,11.8,12.6
Solling (upland forest),2026-10-04 21:00:00,0.245,0.245,0.246,0.247,0.231,6.3,9.8,11.7,12.6
Solling (upland forest),2026-10-04 22:00:00,0.245,0.245,0.246,0.247,0.231,5.5,9.2,11.6,12.6
Solling (upland forest),2026-10-04 23:00:00,0.245,0.245,0.246,0.247,0.231,5.0,8.6,11.4,12.6
Solling (upland forest),2026-10-05 00:00:00,0.245,0.245,0.246,0.246,0.231,4.7,8.2,11.2,12.6
Solling (upland forest),2026-10-05 01:00:00,0.245,0.245,0.246,0.246,0.231,4.6,7.8,11.0,12.6
Solling (upland forest),2026-10-05 02:00:00,0.245,0.245,0.246,0.246,0.231,4.8,7.6,10.8,12.5
Solling (upland forest),2026-10-05 03:00:00,0.245,0.245,0.246,0.246,0.231,4.4,7.4,10.7,12.5
Solling (upland forest),2026-10-05 04:00:00,0.246,0.246,0.247,0.248,0.232,5.1,7.2,10.5,12.4
Solling (upland forest),2026-10-05 05:00:00,0.247,0.247,0.248,0.25,0.233,6.2,7.2,10.2,12.3
Solling (upland forest),2026-10-05 06:00:00,0.247,0.248,0.249,0.251,0.234,7.5,7.4,10.0,12.2
Solling (upland forest),2026-10-05 07:00:00,0.248,0.249,0.25,0.253,0.234,9.5,8.0,9.9,12.1
Solling (upland forest),2026-10-05 08:00:00,0.247,0.248,0.25,0.252,0.234,11.7,8.8,9.8,12.1
Solling (upland forest),2026-10-05 09:00:00,0.246,0.248,0.249,0.252,0.234,13.5,9.7,9.8,12.1
Solling (upland forest),2026-10-05 10:00:00,0.245,0.247,0.249,0.252,0.234,14.7,10.4,9.8,12.0
Solling (upland forest),2026-10-05 11:00:00,0.243,0.245,0.248,0.251,0.234,15.6,11.3,9.9,12.0
Solling (upland forest),2026-10-05 12:00:00,0.242,0.244,0.247,0.251,0.234,16.3,12.1,10.1,12.0
Solling (upland forest),2026-10-05 13:00:00,0.24,0.243,0.246,0.25,0.234,16.3,12.7,10.3,12.0
Solling (upland forest),2026-10-05 14:00:00,0.239,0.241,0.245,0.25,0.234,16.1,13.2,10.5,12.0
Solling (upland forest),2026-10-05 15:00:00,0.238,0.24,0.245,0.249,0.234,15.3,13.3,10.7,12.0
Solling (upland forest),2026-10-05 16:00:00,0.239,0.24,0.244,0.249,0.234,13.6,13.3,10.9,12.0
Solling (upland forest),2026-10-05 17:00:00,0.239,0.24,0.244,0.249,0.234,10.3,12.8,11.0,12.0
Solling (upland forest),2026-10-05 18:00:00,0.24,0.241,0.244,0.249,0.234,9.3,11.9,11.1,11.9
Solling (upland forest),2026-10-05 19:00:00,0.24,0.241,0.244,0.248,0.234,9.1,11.0,11.2,11.9
Solling (upland forest),2026-10-05 20:00:00,0.24,0.241,0.243,0.248,0.234,9.4,10.3,11.1,11.9
Solling (upland forest),2026-10-05 21:00:00,0.24,0.241,0.243,0.248,0.234,9.1,10.1,11.1,11.9
Solling (upland forest),2026-10-05 22:00:00,0.24,0.241,0.243,0.248,0.234,9.1,9.9,11.0,11.9
Solling (upland forest),2026-10-05 23:00:00,0.241,0.241,0.243,0.248,0.234,8.9,9.8,10.9,11.9
Solling (upland forest),2026-10-06 00:00:00,0.241,0.241,0.243,0.248,0.234,8.7,9.7,10.8,11.9
Solling (upland forest),2026-10-06 01:00:00,0.241,0.241,0.243,0.248,0.234,8.5,9.6,10.6,11.9
Solling (upland forest),2026-10-06 02:00:00,0.241,0.241,0.243,0.248,0.234,8.2,9.4,10.6,11.9
Solling (upland forest),2026-10-06 03:00:00,0.241,0.242,0.243,0.247,0.234,7.7,9.3,10.5,11.9
Solling (upland forest),2026-10-06 04:00:00,0.241,0.242,0.243,0.247,0.234,7.7,9.1,10.4,11.9
Solling (upland forest),2026-10-06 05:00:00,0.241,0.242,0.243,0.247,0.234,7.8,8.9,10.3,11.8
Solling (upland forest),2026-10-06 06:00:00,0.241,0.242,0.243,0.247,0.235,8.0,8.9,10.3,11.8
Solling (upland forest),2026-10-06 07:00:00,0.241,0.242,0.243,0.247,0.235,9.7,9.3,10.2,11.8
Solling (upland forest),2026-10-06 08:00:00,0.241,0.242,0.243,0.247,0.235,12.0,9.9,10.2,11.8
Solling (upland forest),2026-10-06 09:00:00,0.24,0.241,0.243,0.247,0.235,14.0,10.6,10.2,11.8
Solling (upland forest),2026-10-06 10:00:00,0.238,0.24,0.243,0.246,0.235,15.3,11.3,10.3,11.8
Solling (upland forest),2026-10-06 11:00:00,0.236,0.238,0.242,0.246,0.235,16.2,12.0,10.4,11.7
Solling (upland forest),2026-10-06 12:00:00,0.234,0.237,0.241,0.245,0.235,16.8,12.6,10.6,11.7
Solling (upland forest),2026-10-06 13:00:00,0.233,0.236,0.24,0.245,0.235,17.0,13.1,10.8,11.7
Solling (upland forest),2026-10-06 14:00:00,0.232,0.234,0.239,0.244,0.234,16.9,13.5,11.0,11.7
Solling (upland forest),2026-10-06 15:00:00,0.231,0.233,0.238,0.244,0.234,16.0,13.6,11.2,11.7
Solling (upland forest),2026-10-06 16:00:00,0.231,0.233,0.237,0.244,0.234,13.7,13.2,11.3,11.7
Solling (upland forest),2026-10-06 17:00:00,0.231,0.233,0.237,0.243,0.234,10.7,12.5,11.5,11.7
Solling (upland forest),2026-10-06 18:00:00,0.232,0.233,0.237,0.243,0.234,8.3,11.8,11.6,11.7
Solling (upland forest),2026-10-06 19:00:00,0.233,0.233,0.237,0.243,0.234,7.2,11.0,11.5,11.7
Solling (upland forest),2026-10-06 20:00:00,0.233,0.234,0.237,0.243,0.235,6.6,10.1,11.4,11.7
Solling (upland forest),2026-10-06 21:00:00,0.234,0.234,0.237,0.243,0.235,6.1,9.4,11.3,11.7
Solling (upland forest),2026-10-06 22:00:00,0.234,0.234,0.237,0.243,0.235,5.6,8.8,11.1,11.7
Solling (upland forest),2026-10-06 23:00:00,0.234,0.235,0.237,0.243,0.235,5.2,8.4,10.9,11.7
Solling (upland forest),2026-10-07 00:00:00,0.234,0.235,0.237,0.243,0.235,4.9,8.0,10.7,11.7
Solling (upland forest),2026-10-07 01:00:00,0.234,0.235,0.237,0.243,0.235,4.7,7.7,10.5,11.7
Solling (upland forest),2026-10-07 02:00:00,0.235,0.235,0.237,0.242,0.235,4.5,7.4,10.3,11.6
Solling (upland forest),2026-10-07 03:00:00,0.235,0.235,0.237,0.242,0.235,4.3,7.1,10.1,11.6
Solling (upland forest),2026-10-07 04:00:00,0.235,0.235,0.237,0.242,0.235,3.8,6.7,9.9,11.6
Solling (upland forest),2026-10-07 05:00:00,0.235,0.235,0.237,0.242,0.235,3.4,6.3,9.8,11.6
Solling (upland forest),2026-10-07 06:00:00,0.235,0.235,0.237,0.242,0.235,4.1,6.4,9.6,11.6
Solling (upland forest),2026-10-07 07:00:00,0.235,0.235,0.237,0.242,0.235,7.2,7.2,9.5,11.6
Solling (upland forest),2026-10-07 08:00:00,0.234,0.235,0.237,0.242,0.235,11.5,8.4,9.4,11.6
Solling (upland forest),2026-10-07 09:00:00,0.233,0.235,0.237,0.242,0.235,14.9,9.6,9.4,11.6
Solling (upland forest),2026-10-07 10:00:00,0.231,0.234,0.237,0.241,0.235,16.5,10.6,9.5,11.6
Solling (upland forest),2026-10-07 11:00:00,0.23,0.232,0.236,0.241,0.235,17.2,11.7,9.6,11.5
Solling (upland forest),2026-10-07 12:00:00,0.228,0.231,0.235,0.24,0.235,17.4,12.6,9.8,11.5
Solling (upland forest),2026-10-07 13:00:00,0.227,0.23,0.234,0.24,0.235,17.4,13.2,10.0,11.5
Solling (upland forest),2026-10-07 14:00:00,0.226,0.228,0.233,0.239,0.235,16.9,13.7,10.3,11.5
Solling (upland forest),2026-10-07 15:00:00,0.225,0.227,0.232,0.239,0.235,16.3,13.9,10.5,11.5
Solling (upland forest),2026-10-07 16:00:00,0.224,0.227,0.231,0.239,0.235,15.7,13.7,10.7,11.5
Solling (upland forest),2026-10-07 17:00:00,0.224,0.226,0.231,0.238,0.235,14.9,13.3,11.0,11.5
Solling (upland forest),2026-10-07 18:00:00,0.225,0.227,0.231,0.238,0.235,14.3,12.9,11.1,11.5
Solling (upland forest),2026-10-07 19:00:00,0.227,0.227,0.231,0.238,0.235,13.8,12.8,11.3,11.5
Solling (upland forest),2026-10-07 20:00:00,0.231,0.228,0.231,0.238,0.235,13.4,12.7,11.3,11.5
Solling (upland forest),2026-10-07 21:00:00,0.238,0.232,0.231,0.238,0.235,13.2,12.6,11.4,11.5
Solling (upland forest),2026-10-07 22:00:00,0.259,0.25,0.237,0.242,0.24,13.1,12.5,11.5,11.4
Solling (upland forest),2026-10-07 23:00:00,0.276,0.267,0.245,0.246,0.245,13.3,12.5,11.6,11.4
Solling (upland forest),2026-10-08 00:00:00,0.286,0.277,0.254,0.249,0.249,13.2,12.5,11.7,11.4
Solling (upland forest),2026-10-08 01:00:00,0.29,0.284,0.265,0.253,0.254,12.4,12.3,11.7,11.4
Solling (upland forest),2026-10-08 02:00:00,0.291,0.287,0.271,0.254,0.254,11.4,11.9,11.7,11.4
Solling (upland forest),2026-10-08 03:00:00,0.292,0.288,0.275,0.254,0.254,10.6,11.6,11.7,11.4
Solling (upland forest),2026-10-08 04:00:00,0.292,0.287,0.276,0.255,0.254,10.5,11.4,11.7,11.4
Solling (upland forest),2026-10-08 05:00:00,0.291,0.284,0.276,0.255,0.254,10.5,11.2,11.7,11.4
Solling (upland forest),2026-10-08 06:00:00,0.294,0.286,0.278,0.256,0.254,10.5,11.1,11.6,11.4
Solling (upland forest),2026-10-08 07:00:00,0.304,0.296,0.284,0.257,0.254,10.0,10.8,11.6,11.4
Solling (upland forest),2026-10-08 08:00:00,0.316,0.309,0.292,0.258,0.255,9.3,10.6,11.5,11.4
Solling (upland forest),2026-10-08 09:00:00,0.323,0.318,0.298,0.259,0.255,8.8,10.4,11.4,11.4
Solling (upland forest),2026-10-08 10:00:00,0.319,0.317,0.301,0.261,0.255,8.7,10.2,11.3,11.4
Solling (upland forest),2026-10-08 11:00:00,0.31,0.31,0.302,0.262,0.255,8.9,10.0,11.3,11.4
Solling (upland forest),2026-10-08 12:00:00,0.302,0.304,0.302,0.264,0.255,9.1,10.0,11.2,11.4
Solling (upland forest),2026-10-08 13:00:00,0.297,0.3,0.3,0.265,0.255,9.4,10.0,11.1,11.4
Solling (upland forest),2026-10-08 14:00:00,0.293,0.295,0.297,0.266,0.255,9.9,10.2,11.0,11.4
Solling (upland forest),2026-10-08 15:00:00,0.29,0.292,0.294,0.267,0.255,9.9,10.2,11.0,11.4
Solling (upland forest),2026-10-08 16:00:00,0.288,0.289,0.292,0.268,0.255,9.2,10.1,10.9,11.4
Solling (upland forest),2026-10-08 17:00:00,0.286,0.288,0.29,0.268,0.255,8.1,9.8,10.9,11.4
Solling (upland forest),2026-10-08 18:00:00,0.285,0.286,0.288,0.269,0.255,7.3,9.5,10.8,11.4
Solling (upland forest),2026-10-08 19:00:00,0.283,0.285,0.286,0.27,0.255,7.0,9.3,10.7,11.4
Solling (upland forest),2026-10-08 20:00:00,0.282,0.283,0.284,0.27,0.255,7.0,9.1,10.6,11.4
Solling (upland forest),2026-10-08 21:00:00,0.28,0.282,0.283,0.271,0.255,7.0,8.9,10.5,11.4
Solling (upland forest),2026-10-08 22:00:00,0.278,0.281,0.282,0.271,0.255,6.9,8.7,10.4,11.4
Solling (upland forest),2026-10-08 23:00:00,0.277,0.279,0.281,0.271,0.255,6.7,8.5,10.3,11.4
Solling (upland forest),2026-10-09 00:00:00,0.276,0.278,0.28,0.271,0.255,6.5,8.3,10.2,11.4
Solling (upland forest),2026-10-09 01:00:00,0.276,0.277,0.279,0.271,0.255,6.4,8.2,10.1,11.4
Solling (upland forest),2026-10-09 02:00:00,0.276,0.277,0.278,0.272,0.256,6.4,8.1,10.0,11.3
Solling (upland forest),2026-10-09 03:00:00,0.276,0.276,0.277,0.272,0.256,6.3,8.0,9.9,11.3
Solling (upland forest),2026-10-09 04:00:00,0.275,0.275,0.277,0.272,0.256,6.1,7.8,9.8,11.3
Solling (upland forest),2026-10-09 05:00:00,0.274,0.275,0.276,0.272,0.256,5.9,7.7,9.6,11.3
Solling (upland forest),2026-10-09 06:00:00,0.273,0.274,0.276,0.272,0.256,5.9,7.6,9.5,11.3
Solling (upland forest),2026-10-09 07:00:00,0.272,0.273,0.275,0.272,0.256,6.4,7.7,9.4,11.3
Solling (upland forest),2026-10-09 08:00:00,0.271,0.273,0.275,0.272,0.256,7.2,7.8,9.4,11.2
Solling (upland forest),2026-10-09 09:00:00,0.27,0.272,0.274,0.272,0.256,8.1,8.0,9.3,11.2
Solling (upland forest),2026-10-09 10:00:00,0.269,0.271,0.273,0.272,0.256,9.1,8.4,9.3,11.2
Solling (upland forest),2026-10-09 11:00:00,0.267,0.269,0.273,0.272,0.256,10.1,8.8,9.3,11.2
Solling (upland forest),2026-10-09 12:00:00,0.266,0.268,0.272,0.272,0.256,10.7,9.2,9.3,11.2
Solling (upland forest),2026-10-09 13:00:00,0.265,0.267,0.271,0.272,0.256,10.5,9.4,9.3,11.2
Solling (upland forest),2026-10-09 14:00:00,0.263,0.266,0.27,0.271,0.256,9.8,9.6,9.4,11.2
Solling (upland forest),2026-10-09 15:00:00,0.263,0.265,0.269,0.271,0.256,9.0,9.5,9.5,11.2
Solling (upland forest),2026-10-09 16:00:00,0.264,0.264,0.268,0.271,0.256,8.1,9.3,9.5,11.2
Solling (upland forest),2026-10-09 17:00:00,0.267,0.264,0.268,0.27,0.257,7.1,8.9,9.5,11.1
Solling (upland forest),2026-10-09 18:00:00,0.271,0.267,0.268,0.27,0.257,6.5,8.6,9.5,11.1
Solling (upland forest),2026-10-09 19:00:00,0.28,0.276,0.27,0.27,0.257,6.4,8.3,9.5,11.1
Solling (upland forest),2026-10-09 20:00:00,0.29,0.287,0.273,0.27,0.257,6.7,8.1,9.4,11.1
Solling (upland forest),2026-10-09 21:00:00,0.296,0.294,0.276,0.27,0.257,7.0,8.0,9.4,11.1
Solling (upland forest),2026-10-09 22:00:00,0.293,0.292,0.278,0.27,0.257,7.4,8.1,9.3,11.1
Solling (upland forest),2026-10-09 23:00:00,0.286,0.286,0.279,0.271,0.257,7.9,8.2,9.3,11.0
Hannover centre (urban),2026-09-26 00:00:00,0.199,0.203,0.212,0.211,0.217,9.5,11.6,15.6,16.6
Hannover centre (urban),2026-09-26 01:00:00,0.199,0.203,0.212,0.211,0.217,9.3,11.3,15.2,16.6
Hannover centre (urban),2026-09-26 02:00:00,0.199,0.203,0.211,0.211,0.218,9.3,11.0,14.9,16.6
Hannover centre (urban),2026-09-26 03:00:00,0.207,0.209,0.214,0.211,0.217,8.9,10.5,14.6,16.6
Hannover centre (urban),2026-09-26 04:00:00,0.207,0.209,0.214,0.211,0.217,9.0,10.4,14.2,16.5
Hannover centre (urban),2026-09-26 05:00:00,0.207,0.209,0.213,0.211,0.217,9.1,10.4,14.0,16.5
Hannover centre (urban),2026-09-26 06:00:00,0.207,0.209,0.213,0.211,0.217,10.0,10.4,13.7,16.5
Hannover centre (urban),2026-09-26 07:00:00,0.207,0.209,0.213,0.211,0.217,12.8,11.2,13.6,16.5
Hannover centre (urban),2026-09-26 08:00:00,0.206,0.209,0.213,0.211,0.217,16.1,12.8,13.5,16.4
Hannover centre (urban),2026-09-26 09:00:00,0.204,0.209,0.213,0.211,0.217,19.8,15.0,13.6,16.4
Hannover centre (urban),2026-09-26 10:00:00,0.202,0.208,0.213,0.21,0.217,21.8,17.2,13.9,16.4
Hannover centre (urban),2026-09-26 11:00:00,0.2,0.207,0.212,0.21,0.217,22.5,18.5,14.4,16.4
Hannover centre (urban),2026-09-26 12:00:00,0.198,0.206,0.212,0.21,0.217,25.2,20.2,14.9,16.3
Hannover centre (urban),2026-09-26 13:00:00,0.196,0.205,0.212,0.21,0.217,22.8,20.8,15.4,16.3
Hannover centre (urban),2026-09-26 14:00:00,0.195,0.205,0.212,0.21,0.217,23.0,20.7,15.9,16.3
Hannover centre (urban),2026-09-26 15:00:00,0.194,0.204,0.211,0.21,0.217,22.3,20.9,16.4,16.3
Hannover centre (urban),2026-09-26 16:00:00,0.194,0.203,0.211,0.21,0.217,20.2,20.4,16.7,16.3
Hannover centre (urban),2026-09-26 17:00:00,0.194,0.202,0.211,0.21,0.217,18.0,19.3,17.0,16.3
Hannover centre (urban),2026-09-26 18:00:00,0.195,0.202,0.211,0.21,0.217,16.7,18.1,17.1,16.3
Hannover centre (urban),2026-09-26 19:00:00,0.195,0.201,0.21,0.21,0.217,15.6,17.1,17.2,16.4
Hannover centre (urban),2026-09-26 20:00:00,0.196,0.201,0.21,0.21,0.217,14.7,16.3,17.1,16.4
Hannover centre (urban),2026-09-26 21:00:00,0.196,0.201,0.21,0.21,0.217,14.1,15.6,17.0,16.4
Hannover centre (urban),2026-09-26 22:00:00,0.196,0.201,0.21,0.21,0.217,13.2,15.0,16.8,16.4
Hannover centre (urban),2026-09-26 23:00:00,0.197,0.201,0.21,0.21,0.217,12.9,14.4,16.6,16.4
Hannover centre (urban),2026-09-27 00:00:00,0.197,0.201,0.209,0.21,0.217,13.3,14.3,16.4,16.4
Hannover centre (urban),2026-09-27 01:00:00,0.197,0.201,0.209,0.21,0.217,13.0,14.1,16.2,16.4
Hannover centre (urban),2026-09-27 02:00:00,0.197,0.201,0.209,0.21,0.217,12.9,13.8,16.0,16.4
Hannover centre (urban),2026-09-27 03:00:00,0.198,0.202,0.208,0.209,0.216,12.7,13.6,15.8,16.4
Hannover centre (urban),2026-09-27 04:00:00,0.199,0.202,0.208,0.209,0.216,12.2,13.5,15.6,16.4
Hannover centre (urban),2026-09-27 05:00:00,0.199,0.202,0.208,0.209,0.216,12.1,13.2,15.4,16.4
Hannover centre (urban),2026-09-27 06:00:00,0.199,0.202,0.208,0.209,0.216,12.2,13.0,15.2,16.4
Hannover centre (urban),2026-09-27 07:00:00,0.199,0.202,0.208,0.209,0.216,14.4,13.4,15.1,16.4
Hannover centre (urban),2026-09-27 08:00:00,0.198,0.202,0.208,0.209,0.216,17.8,14.7,15.0,16.4
Hannover centre (urban),2026-09-27 09:00:00,0.196,0.202,0.208,0.209,0.216,21.1,16.7,15.1,16.3
Hannover centre (urban),2026-09-27 10:00:00,0.194,0.201,0.207,0.209,0.216,23.9,18.9,15.4,16.3
Hannover centre (urban),2026-09-27 11:00:00,0.191,0.2,0.207,0.209,0.216,25.9,20.8,15.8,16.3
Hannover centre (urban),2026-09-27 12:00:00,0.188,0.199,0.207,0.209,0.216,28.2,23.0,16.4,16.3
Hannover centre (urban),2026-09-27 13:00:00,0.184,0.198,0.206,0.208,0.216,28.1,24.1,17.1,16.3
Hannover centre (urban),2026-09-27 14:00:00,0.182,0.196,0.206,0.208,0.216,26.9,24.4,17.7,16.3
Hannover centre (urban),2026-09-27 15:00:00,0.18,0.195,0.206,0.208,0.216,25.8,24.4,18.3,16.4
Hannover centre (urban),2026-09-27 16:00:00,0.179,0.194,0.205,0.208,0.216,23.5,23.6,18.8,16.4
Hannover centre (urban),2026-09-27 17:00:00,0.179,0.193,0.205,0.208,0.216,21.1,22.4,19.1,16.4
Hannover centre (urban),2026-09-27 18:00:00,0.179,0.192,0.205,0.208,0.216,19.8,21.2,19.3,16.5
Hannover centre (urban),2026-09-27 19:00:00,0.179,0.192,0.205,0.208,0.216,18.4,20.1,19.3,16.5
Hannover centre (urban),2026-09-27 20:00:00,0.18,0.191,0.204,0.208,0.216,17.6,19.1,19.2,16.5
Hannover centre (urban),2026-09-27 21:00:00,0.18,0.191,0.204,0.208,0.216,17.3,18.6,19.1,16.5
Hannover centre (urban),2026-09-27 22:00:00,0.18,0.19,0.204,0.208,0.216,16.6,18.1,19.0,16.6
Hannover centre (urban),2026-09-27 23:00:00,0.18,0.19,0.204,0.208,0.216,16.4,17.6,18.8,16.6
Hannover centre (urban),2026-09-28 00:00:00,0.18,0.19,0.204,0.208,0.216,16.1,17.2,18.6,16.6
Hannover centre (urban),2026-09-28 01:00:00,0.18,0.19,0.203,0.208,0.216,16.3,17.0,18.4,16.7
Hannover centre (urban),2026-09-28 02:00:00,0.181,0.19,0.203,0.208,0.216,16.0,16.9,18.2,16.7
Hannover centre (urban),2026-09-28 03:00:00,0.18,0.189,0.202,0.207,0.215,15.3,16.4,18.0,16.7
Hannover centre (urban),2026-09-28 04:00:00,0.18,0.189,0.202,0.207,0.215,15.0,16.2,17.8,16.7
Hannover centre (urban),2026-09-28 05:00:00,0.181,0.189,0.202,0.207,0.215,14.6,15.9,17.6,16.7
Hannover centre (urban),2026-09-28 06:00:00,0.181,0.189,0.202,0.207,0.215,14.4,15.2,17.4,16.7
Hannover centre (urban),2026-09-28 07:00:00,0.182,0.189,0.201,0.206,0.215,17.1,15.7,17.2,16.7
Hannover centre (urban),2026-09-28 08:00:00,0.181,0.189,0.201,0.206,0.215,20.6,17.2,17.1,16.7
Hannover centre (urban),2026-09-28 09:00:00,0.18,0.189,0.201,0.206,0.215,24.5,19.5,17.2,16.7
Hannover centre (urban),2026-09-28 10:00:00,0.178,0.188,0.201,0.206,0.215,26.6,21.7,17.5,16.7
Hannover centre (urban),2026-09-28 11:00:00,0.177,0.188,0.2,0.206,0.215,27.4,23.2,17.9,16.8
Hannover centre (urban),2026-09-28 12:00:00,0.175,0.187,0.2,0.206,0.215,29.0,24.8,18.5,16.8
Hannover centre (urban),2026-09-28 13:00:00,0.173,0.187,0.2,0.206,0.215,27.3,25.3,19.0,16.8
Hannover centre (urban),2026-09-28 14:00:00,0.172,0.186,0.2,0.206,0.215,26.8,25.1,19.5,16.8
Hannover centre (urban),2026-09-28 15:00:00,0.171,0.185,0.199,0.206,0.215,25.5,24.8,20.0,16.9
Hannover centre (urban),2026-09-28 16:00:00,0.171,0.185,0.199,0.206,0.215,24.1,24.1,20.3,16.9
Hannover centre (urban),2026-09-28 17:00:00,0.172,0.184,0.199,0.206,0.215,22.0,23.1,20.5,16.9
Hannover centre (urban),2026-09-28 18:00:00,0.173,0.184,0.199,0.206,0.215,20.2,21.7,20.5,17.0
Hannover centre (urban),2026-09-28 19:00:00,0.173,0.184,0.199,0.206,0.215,19.5,20.7,20.5,17.0
Hannover centre (urban),2026-09-28 20:00:00,0.174,0.184,0.198,0.206,0.215,18.8,20.1,20.4,17.0
Hannover centre (urban),2026-09-28 21:00:00,0.175,0.183,0.198,0.206,0.215,18.1,19.3,20.2,17.1
Hannover centre (urban),2026-09-28 22:00:00,0.175,0.183,0.198,0.206,0.215,17.7,18.9,20.0,17.1
Hannover centre (urban),2026-09-28 23:00:00,0.176,0.183,0.198,0.206,0.215,17.2,18.5,19.8,17.1
Hannover centre (urban),2026-09-29 00:00:00,0.176,0.183,0.198,0.206,0.215,17.1,18.3,19.6,17.2
Hannover centre (urban),2026-09-29 01:00:00,0.177,0.184,0.198,0.206,0.215,16.4,17.8,19.4,17.2
Hannover centre (urban),2026-09-29 02:00:00,0.177,0.184,0.197,0.206,0.215,16.1,17.4,19.1,17.2
Hannover centre (urban),2026-09-29 03:00:00,0.179,0.186,0.2,0.206,0.216,16.0,17.0,18.9,17.2
Hannover centre (urban),2026-09-29 04:00:00,0.179,0.186,0.199,0.206,0.216,16.0,16.9,18.6,17.2
Hannover centre (urban),2026-09-29 05:00:00,0.18,0.186,0.199,0.206,0.216,16.0,16.8,18.4,17.3
Hannover centre (urban),2026-09-29 06:00:00,0.18,0.186,0.199,0.206,0.216,16.1,16.6,18.2,17.3
Hannover centre (urban),2026-09-29 07:00:00,0.18,0.186,0.199,0.206,0.216,17.5,16.8,18.1,17.3
Hannover centre (urban),2026-09-29 08:00:00,0.18,0.186,0.199,0.206,0.216,20.0,17.8,18.0,17.3
Hannover centre (urban),2026-09-29 09:00:00,0.179,0.186,0.199,0.205,0.216,22.8,19.3,18.0,17.3
Hannover centre (urban),2026-09-29 10:00:00,0.177,0.186,0.198,0.205,0.216,25.2,21.2,18.2,17.3
Hannover centre (urban),2026-09-29 11:00:00,0.175,0.185,0.198,0.205,0.216,26.0,22.6,18.5,17.3
Hannover centre (urban),2026-09-29 12:00:00,0.172,0.185,0.198,0.205,0.216,29.8,24.7,19.0,17.3
Hannover centre (urban),2026-09-29 13:00:00,0.169,0.184,0.197,0.205,0.216,29.0,26.0,19.5,17.3
Hannover centre (urban),2026-09-29 14:00:00,0.167,0.183,0.197,0.205,0.216,27.8,26.0,20.0,17.4
Hannover centre (urban),2026-09-29 15:00:00,0.164,0.182,0.197,0.205,0.216,26.1,25.8,20.5,17.4
Hannover centre (urban),2026-09-29 16:00:00,0.164,0.181,0.197,0.205,0.216,24.1,24.7,20.9,17.4
Hannover centre (urban),2026-09-29 17:00:00,0.164,0.18,0.196,0.205,0.216,22.1,23.5,21.0,17.5
Hannover centre (urban),2026-09-29 18:00:00,0.164,0.18,0.196,0.205,0.216,21.2,22.5,21.1,17.5
Hannover centre (urban),2026-09-29 19:00:00,0.164,0.179,0.196,0.205,0.216,20.0,21.5,21.1,17.5
Hannover centre (urban),2026-09-29 20:00:00,0.164,0.179,0.196,0.205,0.216,19.0,20.6,21.0,17.6
Hannover centre (urban),2026-09-29 21:00:00,0.164,0.178,0.196,0.205,0.216,19.2,20.6,20.9,17.6
Hannover centre (urban),2026-09-29 22:00:00,0.165,0.178,0.195,0.205,0.216,18.1,19.9,20.7,17.6
Hannover centre (urban),2026-09-29 23:00:00,0.165,0.178,0.195,0.205,0.216,17.4,19.1,20.5,17.7
Hannover centre (urban),2026-09-30 00:00:00,0.166,0.178,0.195,0.205,0.216,16.8,18.6,20.3,17.7
Hannover centre (urban),2026-09-30 01:00:00,0.166,0.177,0.195,0.205,0.216,16.4,18.0,20.0,17.7
Hannover centre (urban),2026-09-30 02:00:00,0.167,0.177,0.195,0.205,0.216,16.0,17.6,19.7,17.7
Hannover centre (urban),2026-09-30 03:00:00,0.165,0.178,0.195,0.204,0.216,15.9,17.4,19.4,17.8
Hannover centre (urban),2026-09-30 04:00:00,0.166,0.177,0.194,0.204,0.216,15.7,17.1,19.2,17.8
Hannover centre (urban),2026-09-30 05:00:00,0.166,0.177,0.194,0.204,0.216,15.2,16.8,18.9,17.8
Hannover centre (urban),2026-09-30 06:00:00,0.167,0.177,0.194,0.204,0.216,15.1,16.4,18.7,17.8
Hannover centre (urban),2026-09-30 07:00:00,0.167,0.177,0.194,0.204,0.216,16.7,16.5,18.4,17.8
Hannover centre (urban),2026-09-30 08:00:00,0.167,0.177,0.194,0.204,0.216,19.5,17.5,18.3,17.8
Hannover centre (urban),2026-09-30 09:00:00,0.166,0.177,0.193,0.203,0.216,22.3,19.2,18.3,17.8
Hannover centre (urban),2026-09-30 10:00:00,0.165,0.177,0.193,0.203,0.216,24.8,20.8,18.4,17.8
Hannover centre (urban),2026-09-30 11:00:00,0.163,0.176,0.193,0.203,0.216,27.3,22.7,18.7,17.8
Hannover centre (urban),2026-09-30 12:00:00,0.16,0.176,0.193,0.203,0.216,28.9,24.7,19.2,17.8
Hannover centre (urban),2026-09-30 13:00:00,0.158,0.175,0.192,0.203,0.216,28.4,25.5,19.7,17.8
Hannover centre (urban),2026-09-30 14:00:00,0.157,0.174,0.192,0.203,0.216,26.5,25.6,20.2,17.9
Hannover centre (urban),2026-09-30 15:00:00,0.156,0.174,0.192,0.203,0.216,26.2,25.3,20.7,17.9
Hannover centre (urban),2026-09-30 16:00:00,0.155,0.173,0.192,0.203,0.216,24.2,24.6,21.0,17.9
Hannover centre (urban),2026-09-30 17:00:00,0.155,0.173,0.191,0.203,0.216,21.9,23.4,21.2,17.9
Hannover centre (urban),2026-09-30 18:00:00,0.155,0.172,0.191,0.203,0.216,20.6,22.2,21.2,18.0
Hannover centre (urban),2026-09-30 19:00:00,0.156,0.172,0.191,0.203,0.216,19.8,21.2,21.2,18.0
Hannover centre (urban),2026-09-30 20:00:00,0.156,0.172,0.191,0.203,0.216,18.6,20.4,21.0,18.0
Hannover centre (urban),2026-09-30 21:00:00,0.156,0.171,0.191,0.203,0.216,18.2,20.0,20.9,18.1
Hannover centre (urban),2026-09-30 22:00:00,0.157,0.171,0.191,0.203,0.216,17.4,19.2,20.7,18.1
Hannover centre (urban),2026-09-30 23:00:00,0.157,0.171,0.19,0.203,0.216,16.9,18.6,20.4,18.1
Hannover centre (urban),2026-10-01 00:00:00,0.158,0.171,0.19,0.203,0.216,16.4,17.9,20.1,18.1
Hannover centre (urban),2026-10-01 01:00:00,0.158,0.171,0.19,0.203,0.216,16.3,17.6,19.8,18.1
Hannover centre (urban),2026-10-01 02:00:00,0.159,0.171,0.19,0.203,0.216,16.2,17.4,19.5,18.2
Hannover centre (urban),2026-10-01 03:00:00,0.152,0.167,0.187,0.2,0.214,16.5,17.3,19.3,18.2
Hannover centre (urban),2026-10-01 04:00:00,0.152,0.167,0.187,0.2,0.214,15.8,17.1,19.1,18.2
Hannover centre (urban),2026-10-01 05:00:00,0.153,0.167,0.187,0.2,0.214,15.7,16.9,18.8,18.2
Hannover centre (urban),2026-10-01 06:00:00,0.153,0.167,0.187,0.2,0.214,16.2,16.6,18.6,18.2
Hannover centre (urban),2026-10-01 07:00:00,0.154,0.167,0.187,0.2,0.214,17.8,17.1,18.4,18.2
Hannover centre (urban),2026-10-01 08:00:00,0.154,0.167,0.187,0.2,0.214,19.5,18.0,18.3,18.2
Hannover centre (urban),2026-10-01 09:00:00,0.154,0.167,0.187,0.2,0.214,20.6,18.9,18.3,18.2
Hannover centre (urban),2026-10-01 10:00:00,0.153,0.166,0.186,0.2,0.214,22.3,19.9,18.4,18.2
Hannover centre (urban),2026-10-01 11:00:00,0.153,0.166,0.186,0.2,0.214,22.0,20.9,18.6,18.2
Hannover centre (urban),2026-10-01 12:00:00,0.172,0.166,0.186,0.2,0.214,20.1,20.5,18.8,18.2
Hannover centre (urban),2026-10-01 13:00:00,0.219,0.171,0.186,0.2,0.214,19.6,19.9,18.9,18.2
Hannover centre (urban),2026-10-01 14:00:00,0.239,0.182,0.186,0.2,0.214,19.6,19.6,18.9,18.2
Hannover centre (urban),2026-10-01 15:00:00,0.246,0.199,0.186,0.2,0.214,18.9,18.9,18.9,18.2
Hannover centre (urban),2026-10-01 16:00:00,0.236,0.209,0.186,0.2,0.214,18.7,18.8,18.9,18.2
Hannover centre (urban),2026-10-01 17:00:00,0.251,0.214,0.187,0.2,0.214,18.3,18.7,18.9,18.2
Hannover centre (urban),2026-10-01 18:00:00,0.355,0.33,0.203,0.2,0.214,16.4,17.9,18.8,18.2
Hannover centre (urban),2026-10-01 19:00:00,0.35,0.338,0.233,0.2,0.214,16.5,17.5,18.6,18.2
Hannover centre (urban),2026-10-01 20:00:00,0.354,0.35,0.268,0.2,0.214,16.2,17.2,18.5,18.2
Hannover centre (urban),2026-10-01 21:00:00,0.314,0.31,0.265,0.201,0.214,16.5,17.1,18.3,18.2
Hannover centre (urban),2026-10-01 22:00:00,0.317,0.308,0.272,0.201,0.214,16.1,17.0,18.2,18.2
Hannover centre (urban),2026-10-01 23:00:00,0.305,0.303,0.277,0.202,0.214,16.0,16.8,18.1,18.2
Hannover centre (urban),2026-10-02 00:00:00,0.298,0.295,0.279,0.203,0.214,15.9,16.6,17.9,18.2
Hannover centre (urban),2026-10-02 01:00:00,0.299,0.296,0.28,0.203,0.214,16.1,16.5,17.8,18.2
Hannover centre (urban),2026-10-02 02:00:00,0.297,0.294,0.281,0.204,0.214,16.1,16.5,17.7,18.1
Hannover centre (urban),2026-10-02 03:00:00,0.33,0.329,0.283,0.219,0.216,15.8,16.5,17.6,18.1
Hannover centre (urban),2026-10-02 04:00:00,0.312,0.312,0.29,0.219,0.216,15.5,16.3,17.5,18.1
Hannover centre (urban),2026-10-02 05:00:00,0.304,0.304,0.292,0.22,0.216,15.5,16.1,17.4,18.1
Hannover centre (urban),2026-10-02 06:00:00,0.303,0.3,0.291,0.221,0.216,15.2,15.8,17.2,18.1
Hannover centre (urban),2026-10-02 07:00:00,0.298,0.298,0.291,0.222,0.216,16.0,15.9,17.1,18.1
Hannover centre (urban),2026-10-02 08:00:00,0.294,0.295,0.29,0.223,0.216,18.2,16.6,17.0,18.1
Hannover centre (urban),2026-10-02 09:00:00,0.289,0.291,0.289,0.224,0.216,19.0,17.5,17.1,18.0
Hannover centre (urban),2026-10-02 10:00:00,0.285,0.288,0.287,0.225,0.216,20.9,18.7,17.2,18.0
Hannover centre (urban),2026-10-02 11:00:00,0.281,0.285,0.286,0.225,0.216,22.2,19.9,17.4,18.0
Hannover centre (urban),2026-10-02 12:00:00,0.278,0.282,0.284,0.226,0.216,22.5,20.6,17.7,18.0
Hannover centre (urban),2026-10-02 13:00:00,0.275,0.279,0.282,0.226,0.216,23.4,21.2,18.0,18.0
Hannover centre (urban),2026-10-02 14:00:00,0.273,0.276,0.28,0.227,0.216,22.2,21.6,18.4,18.0
Hannover centre (urban),2026-10-02 15:00:00,0.271,0.274,0.278,0.227,0.216,21.1,21.1,18.7,18.0
Hannover centre (urban),2026-10-02 16:00:00,0.27,0.273,0.276,0.228,0.216,19.1,20.4,18.8,18.0
Hannover centre (urban),2026-10-02 17:00:00,0.269,0.272,0.275,0.228,0.216,17.3,19.2,18.9,18.0
Hannover centre (urban),2026-10-02 18:00:00,0.27,0.271,0.274,0.229,0.216,15.9,17.8,18.8,18.0
Hannover centre (urban),2026-10-02 19:00:00,0.27,0.271,0.272,0.229,0.216,15.1,17.0,18.7,18.0
Hannover centre (urban),2026-10-02 20:00:00,0.269,0.27,0.271,0.23,0.216,14.5,16.3,18.4,18.0
Hannover centre (urban),2026-10-02 21:00:00,0.269,0.27,0.27,0.23,0.216,13.2,15.3,18.1,18.0
Hannover centre (urban),2026-10-02 22:00:00,0.269,0.269,0.27,0.23,0.216,12.8,14.8,17.8,18.0
Hannover centre (urban),2026-10-02 23:00:00,0.268,0.269,0.269,0.231,0.216,12.5,14.4,17.5,18.0
Hannover centre (urban),2026-10-03 00:00:00,0.268,0.268,0.268,0.231,0.216,11.9,13.7,17.2,18.0
Hannover centre (urban),2026-10-03 01:00:00,0.267,0.268,0.267,0.231,0.216,12.1,13.5,16.9,18.0
Hannover centre (urban),2026-10-03 02:00:00,0.266,0.267,0.267,0.232,0.216,11.9,13.4,16.6,18.0
Hannover centre (urban),2026-10-03 03:00:00,0.269,0.27,0.266,0.243,0.218,10.7,12.4,16.2,17.9
Hannover centre (urban),2026-10-03 04:00:00,0.268,0.269,0.266,0.243,0.218,10.6,12.2,15.9,17.9
Hannover centre (urban),2026-10-03 05:00:00,0.267,0.267,0.266,0.243,0.218,10.7,12.1,15.6,17.9
Hannover centre (urban),2026-10-03 06:00:00,0.266,0.267,0.265,0.243,0.218,10.3,11.7,15.3,17.9
Hannover centre (urban),2026-10-03 07:00:00,0.265,0.266,0.265,0.243,0.218,11.7,11.9,15.1,17.8
Hannover centre (urban),2026-10-03 08:00:00,0.264,0.265,0.265,0.244,0.218,14.2,12.7,14.9,17.8
Hannover centre (urban),2026-10-03 09:00:00,0.262,0.264,0.264,0.244,0.218,16.8,14.1,14.8,17.8
Hannover centre (urban),2026-10-03 10:00:00,0.261,0.263,0.264,0.244,0.218,20.0,16.0,14.9,17.7
Hannover centre (urban),2026-10-03 11:00:00,0.259,0.261,0.263,0.244,0.218,22.0,17.8,15.2,17.7
Hannover centre (urban),2026-10-03 12:00:00,0.257,0.26,0.262,0.244,0.218,23.9,19.5,15.6,17.7
Hannover centre (urban),2026-10-03 13:00:00,0.254,0.258,0.262,0.244,0.218,23.4,20.5,16.1,17.6
Hannover centre (urban),2026-10-03 14:00:00,0.252,0.257,0.261,0.244,0.218,23.3,21.1,16.6,17.6
Hannover centre (urban),2026-10-03 15:00:00,0.251,0.255,0.26,0.244,0.218,20.9,20.8,17.0,17.6
Hannover centre (urban),2026-10-03 16:00:00,0.251,0.254,0.259,0.244,0.218,18.8,19.8,17.3,17.6
Hannover centre (urban),2026-10-03 17:00:00,0.251,0.254,0.259,0.244,0.218,16.6,18.5,17.5,17.6
Hannover centre (urban),2026-10-03 18:00:00,0.252,0.254,0.258,0.244,0.218,15.1,17.2,17.5,17.6
Hannover centre (urban),2026-10-03 19:00:00,0.252,0.254,0.258,0.244,0.218,14.1,16.2,17.5,17.6
Hannover centre (urban),2026-10-03 20:00:00,0.253,0.254,0.257,0.244,0.218,13.4,15.3,17.3,17.6
Hannover centre (urban),2026-10-03 21:00:00,0.253,0.254,0.257,0.244,0.218,12.8,14.7,17.1,17.6
Hannover centre (urban),2026-10-03 22:00:00,0.253,0.254,0.256,0.244,0.218,12.3,14.2,16.9,17.6
Hannover centre (urban),2026-10-03 23:00:00,0.253,0.254,0.256,0.244,0.218,11.8,13.7,16.6,17.6
Hannover centre (urban),2026-10-04 00:00:00,0.253,0.254,0.256,0.245,0.218,11.7,13.3,16.4,17.5
Hannover centre (urban),2026-10-04 01:00:00,0.253,0.254,0.255,0.245,0.218,11.3,13.0,16.1,17.5
Hannover centre (urban),2026-10-04 02:00:00,0.253,0.254,0.255,0.245,0.218,11.0,12.7,15.8,17.5
Hannover centre (urban),2026-10-04 03:00:00,0.253,0.253,0.255,0.245,0.218,11.0,12.4,15.6,17.5
Hannover centre (urban),2026-10-04 04:00:00,0.252,0.253,0.255,0.245,0.218,10.8,12.2,15.3,17.5
Hannover centre (urban),2026-10-04 05:00:00,0.252,0.253,0.254,0.245,0.218,10.8,12.0,15.1,17.4
Hannover centre (urban),2026-10-04 06:00:00,0.252,0.253,0.254,0.245,0.218,10.9,11.9,14.9,17.4
Hannover centre (urban),2026-10-04 07:00:00,0.252,0.253,0.254,0.245,0.218,12.4,12.2,14.7,17.4
Hannover centre (urban),2026-10-04 08:00:00,0.251,0.252,0.254,0.245,0.218,14.8,13.1,14.6,17.3
Hannover centre (urban),2026-10-04 09:00:00,0.25,0.252,0.253,0.245,0.218,17.3,14.3,14.6,17.3
Hannover centre (urban),2026-10-04 10:00:00,0.248,0.251,0.253,0.245,0.218,20.4,16.3,14.7,17.3
Hannover centre (urban),2026-10-04 11:00:00,0.246,0.25,0.253,0.245,0.219,23.2,18.2,15.0,17.2
Hannover centre (urban),2026-10-04 12:00:00,0.244,0.248,0.252,0.245,0.219,23.9,20.0,15.5,17.2
Hannover centre (urban),2026-10-04 13:00:00,0.242,0.247,0.252,0.245,0.219,23.4,20.8,16.0,17.2
Hannover centre (urban),2026-10-04 14:00:00,0.241,0.246,0.251,0.244,0.219,22.2,20.8,16.5,17.2
Hannover centre (urban),2026-10-04 15:00:00,0.24,0.244,0.25,0.244,0.219,21.1,20.5,16.9,17.2
Hannover centre (urban),2026-10-04 16:00:00,0.239,0.244,0.25,0.244,0.219,18.8,19.7,17.2,17.2
Hannover centre (urban),2026-10-04 17:00:00,0.24,0.243,0.249,0.244,0.219,16.4,18.4,17.4,17.2
Hannover centre (urban),2026-10-04 18:00:00,0.241,0.243,0.249,0.244,0.219,15.2,17.1,17.4,17.2
Hannover centre (urban),2026-10-04 19:00:00,0.242,0.243,0.249,0.244,0.219,14.6,16.2,17.3,17.2
Hannover centre (urban),2026-10-04 20:00:00,0.242,0.243,0.248,0.244,0.219,13.9,15.5,17.2,17.2
Hannover centre (urban),2026-10-04 21:00:00,0.242,0.244,0.248,0.244,0.219,13.3,15.0,17.0,17.2
Hannover centre (urban),2026-10-04 22:00:00,0.243,0.244,0.248,0.244,0.219,12.8,14.5,16.8,17.2
Hannover centre (urban),2026-10-04 23:00:00,0.243,0.244,0.248,0.244,0.219,12.3,14.0,16.6,17.2
Hannover centre (urban),2026-10-05 00:00:00,0.243,0.244,0.247,0.244,0.219,11.9,13.5,16.3,17.2
Hannover centre (urban),2026-10-05 01:00:00,0.243,0.244,0.247,0.244,0.219,11.5,13.2,16.1,17.2
Hannover centre (urban),2026-10-05 02:00:00,0.243,0.244,0.247,0.244,0.219,11.2,12.8,15.8,17.1
Hannover centre (urban),2026-10-05 03:00:00,0.243,0.244,0.247,0.244,0.219,11.1,12.5,15.6,17.1
Hannover centre (urban),2026-10-05 04:00:00,0.244,0.245,0.248,0.245,0.219,10.8,12.1,15.2,16.9
Hannover centre (urban),2026-10-05 05:00:00,0.245,0.247,0.249,0.245,0.22,10.6,11.9,14.8,16.7
Hannover centre (urban),2026-10-05 06:00:00,0.246,0.248,0.251,0.246,0.22,10.1,11.6,14.6,16.5
Hannover centre (urban),2026-10-05 07:00:00,0.247,0.249,0.252,0.246,0.22,12.5,11.6,14.3,16.3
Hannover centre (urban),2026-10-05 08:00:00,0.246,0.248,0.252,0.246,0.22,15.7,12.6,14.2,16.3
Hannover centre (urban),2026-10-05 09:00:00,0.245,0.248,0.252,0.246,0.22,20.0,14.2,14.2,16.3
Hannover centre (urban),2026-10-05 10:00:00,0.242,0.247,0.251,0.246,0.22,22.4,16.1,14.3,16.3
Hannover centre (urban),2026-10-05 11:00:00,0.24,0.245,0.251,0.245,0.22,23.2,17.8,14.5,16.3
Hannover centre (urban),2026-10-05 12:00:00,0.237,0.244,0.25,0.245,0.22,23.5,19.0,14.8,16.2
Hannover centre (urban),2026-10-05 13:00:00,0.235,0.242,0.249,0.245,0.22,23.1,19.6,15.1,16.2
Hannover centre (urban),2026-10-05 14:00:00,0.234,0.241,0.249,0.245,0.22,22.1,19.9,15.4,16.2
Hannover centre (urban),2026-10-05 15:00:00,0.233,0.24,0.248,0.244,0.22,20.3,19.7,15.7,16.2
Hannover centre (urban),2026-10-05 16:00:00,0.233,0.239,0.247,0.244,0.22,18.2,19.1,16.0,16.2
Hannover centre (urban),2026-10-05 17:00:00,0.233,0.239,0.247,0.244,0.22,15.7,18.1,16.2,16.2
Hannover centre (urban),2026-10-05 18:00:00,0.234,0.238,0.247,0.244,0.22,14.3,17.0,16.3,16.2
Hannover centre (urban),2026-10-05 19:00:00,0.235,0.238,0.246,0.244,0.22,13.4,16.1,16.3,16.2
Hannover centre (urban),2026-10-05 20:00:00,0.235,0.239,0.246,0.244,0.22,12.3,15.2,16.2,16.2
Hannover centre (urban),2026-10-05 21:00:00,0.236,0.239,0.246,0.244,0.22,11.8,14.5,16.1,16.2
Hannover centre (urban),2026-10-05 22:00:00,0.236,0.239,0.245,0.244,0.22,10.9,13.9,16.0,16.2
Hannover centre (urban),2026-10-05 23:00:00,0.237,0.239,0.245,0.243,0.22,10.3,13.2,15.9,16.2
Hannover centre (urban),2026-10-06 00:00:00,0.237,0.239,0.245,0.243,0.22,9.9,12.7,15.7,16.2
Hannover centre (urban),2026-10-06 01:00:00,0.238,0.239,0.245,0.243,0.22,9.5,12.3,15.5,16.2
Hannover centre (urban),2026-10-06 02:00:00,0.238,0.24,0.245,0.243,0.22,9.1,11.9,15.3,16.2
Hannover centre (urban),2026-10-06 03:00:00,0.238,0.24,0.245,0.243,0.22,8.7,11.5,15.1,16.2
Hannover centre (urban),2026-10-06 04:00:00,0.238,0.24,0.244,0.243,0.22,8.3,11.2,14.9,16.2
Hannover centre (urban),2026-10-06 05:00:00,0.238,0.24,0.244,0.243,0.22,8.2,10.9,14.7,16.2
Hannover centre (urban),2026-10-06 06:00:00,0.239,0.24,0.244,0.243,0.22,8.5,10.7,14.5,16.2
Hannover centre (urban),2026-10-06 07:00:00,0.238,0.24,0.244,0.243,0.22,11.7,11.4,14.3,16.2
Hannover centre (urban),2026-10-06 08:00:00,0.237,0.24,0.244,0.242,0.22,16.2,12.6,14.2,16.1
Hannover centre (urban),2026-10-06 09:00:00,0.236,0.24,0.244,0.242,0.22,20.0,14.0,14.1,16.1
Hannover centre (urban),2026-10-06 10:00:00,0.234,0.239,0.243,0.242,0.22,22.4,15.7,14.2,16.1
Hannover centre (urban),2026-10-06 11:00:00,0.231,0.237,0.243,0.242,0.22,24.0,17.7,14.5,16.1
Hannover centre (urban),2026-10-06 12:00:00,0.229,0.236,0.242,0.242,0.22,24.8,19.3,14.7,16.1
Hannover centre (urban),2026-10-06 13:00:00,0.227,0.235,0.242,0.242,0.22,24.4,20.2,15.1,16.1
Hannover centre (urban),2026-10-06 14:00:00,0.225,0.233,0.241,0.241,0.22,23.2,20.6,15.4,16.1
Hannover centre (urban),2026-10-06 15:00:00,0.224,0.232,0.241,0.241,0.22,21.4,20.5,15.8,16.1
Hannover centre (urban),2026-10-06 16:00:00,0.224,0.231,0.241,0.241,0.22,18.6,19.6,16.0,16.1
Hannover centre (urban),2026-10-06 17:00:00,0.226,0.231,0.24,0.24,0.22,15.3,18.2,16.2,16.1
Hannover centre (urban),2026-10-06 18:00:00,0.227,0.231,0.24,0.24,0.22,12.6,16.8,16.3,16.1
Hannover centre (urban),2026-10-06 19:00:00,0.228,0.231,0.24,0.24,0.22,11.2,15.6,16.3,16.1
Hannover centre (urban),2026-10-06 20:00:00,0.228,0.232,0.239,0.24,0.22,10.5,14.4,16.2,16.1
Hannover centre (urban),2026-10-06 21:00:00,0.229,0.232,0.239,0.24,0.22,9.9,13.4,16.0,16.1
Hannover centre (urban),2026-10-06 22:00:00,0.229,0.232,0.239,0.24,0.22,9.4,12.7,15.9,16.1
Hannover centre (urban),2026-10-06 23:00:00,0.23,0.232,0.238,0.24,0.22,9.0,12.3,15.6,16.1
Hannover centre (urban),2026-10-07 00:00:00,0.23,0.232,0.238,0.24,0.22,8.7,11.8,15.4,16.1
Hannover centre (urban),2026-10-07 01:00:00,0.23,0.232,0.238,0.24,0.22,8.4,11.4,15.2,16.1
Hannover centre (urban),2026-10-07 02:00:00,0.231,0.233,0.238,0.24,0.22,8.2,11.0,15.0,16.0
Hannover centre (urban),2026-10-07 03:00:00,0.231,0.233,0.238,0.24,0.22,8.1,10.8,14.7,16.0
Hannover centre (urban),2026-10-07 04:00:00,0.231,0.233,0.238,0.24,0.22,8.0,10.5,14.5,16.0
Hannover centre (urban),2026-10-07 05:00:00,0.231,0.233,0.238,0.239,0.221,8.0,10.3,14.3,16.0
Hannover centre (urban),2026-10-07 06:00:00,0.231,0.233,0.238,0.239,0.221,9.0,10.5,14.1,16.0
Hannover centre (urban),2026-10-07 07:00:00,0.231,0.233,0.238,0.239,0.221,11.8,11.1,13.9,16.0
Hannover centre (urban),2026-10-07 08:00:00,0.23,0.233,0.237,0.239,0.221,15.6,12.1,13.8,16.0
Hannover centre (urban),2026-10-07 09:00:00,0.229,0.233,0.237,0.239,0.221,18.9,13.4,13.8,16.0
Hannover centre (urban),2026-10-07 10:00:00,0.227,0.232,0.237,0.239,0.221,21.6,15.2,13.9,16.0
Hannover centre (urban),2026-10-07 11:00:00,0.224,0.23,0.236,0.238,0.221,23.9,17.2,14.1,15.9
Hannover centre (urban),2026-10-07 12:00:00,0.222,0.229,0.236,0.238,0.221,25.2,18.8,14.3,15.9
Hannover centre (urban),2026-10-07 13:00:00,0.22,0.228,0.236,0.238,0.221,24.9,19.8,14.7,15.9
Hannover centre (urban),2026-10-07 14:00:00,0.217,0.226,0.235,0.237,0.22,23.5,20.4,15.1,15.9
Hannover centre (urban),2026-10-07 15:00:00,0.216,0.225,0.235,0.237,0.22,21.9,20.5,15.4,15.9
Hannover centre (urban),2026-10-07 16:00:00,0.215,0.224,0.235,0.237,0.22,20.1,20.0,15.7,15.9
Hannover centre (urban),2026-10-07 17:00:00,0.216,0.224,0.234,0.237,0.22,18.1,18.9,15.9,15.9
Hannover centre (urban),2026-10-07 18:00:00,0.217,0.224,0.234,0.237,0.22,16.6,18.0,16.1,15.9
Hannover centre (urban),2026-10-07 19:00:00,0.22,0.224,0.234,0.237,0.22,15.9,17.4,16.2,15.9
Hannover centre (urban),2026-10-07 20:00:00,0.223,0.223,0.233,0.237,0.221,15.7,17.0,16.3,15.9
Hannover centre (urban),2026-10-07 21:00:00,0.229,0.225,0.233,0.237,0.221,15.7,16.6,16.3,15.9
Hannover centre (urban),2026-10-07 22:00:00,0.244,0.232,0.232,0.236,0.219,15.6,16.1,16.2,15.8
Hannover centre (urban),2026-10-07 23:00:00,0.261,0.244,0.232,0.235,0.218,15.7,15.9,16.0,15.8
Hannover centre (urban),2026-10-08 00:00:00,0.273,0.257,0.232,0.234,0.216,15.7,15.6,15.9,15.7
Hannover centre (urban),2026-10-08 01:00:00,0.277,0.265,0.233,0.233,0.214,15.2,15.3,15.7,15.6
Hannover centre (urban),2026-10-08 02:00:00,0.272,0.264,0.236,0.233,0.214,14.4,15.1,15.7,15.6
Hannover centre (urban),2026-10-08 03:00:00,0.268,0.263,0.238,0.233,0.214,13.8,14.9,15.7,15.6
Hannover centre (urban),2026-10-08 04:00:00,0.265,0.262,0.239,0.233,0.214,13.5,14.7,15.6,15.6
Hannover centre (urban),2026-10-08 05:00:00,0.263,0.26,0.24,0.234,0.214,13.4,14.6,15.6,15.6
Hannover centre (urban),2026-10-08 06:00:00,0.261,0.258,0.241,0.234,0.214,13.2,14.4,15.5,15.6
Hannover centre (urban),2026-10-08 07:00:00,0.26,0.257,0.242,0.234,0.214,12.8,14.1,15.4,15.6
Hannover centre (urban),2026-10-08 08:00:00,0.26,0.257,0.242,0.234,0.214,12.5,13.8,15.3,15.6
Hannover centre (urban),2026-10-08 09:00:00,0.259,0.257,0.243,0.234,0.214,12.3,13.6,15.2,15.6
Hannover centre (urban),2026-10-08 10:00:00,0.257,0.256,0.243,0.234,0.214,12.6,13.6,15.1,15.6
Hannover centre (urban),2026-10-08 11:00:00,0.254,0.255,0.244,0.234,0.214,13.2,13.6,15.0,15.5
Hannover centre (urban),2026-10-08 12:00:00,0.251,0.253,0.244,0.234,0.214,13.7,13.8,14.9,15.5
Hannover centre (urban),2026-10-08 13:00:00,0.249,0.251,0.244,0.234,0.214,14.0,14.1,14.9,15.5
Hannover centre (urban),2026-10-08 14:00:00,0.247,0.25,0.244,0.234,0.214,14.3,14.4,14.9,15.5
Hannover centre (urban),2026-10-08 15:00:00,0.245,0.248,0.244,0.234,0.214,14.0,14.5,14.9,15.5
Hannover centre (urban),2026-10-08 16:00:00,0.244,0.247,0.244,0.234,0.214,12.9,14.2,14.8,15.5
Hannover centre (urban),2026-10-08 17:00:00,0.243,0.246,0.243,0.234,0.214,11.3,13.6,14.8,15.5
Hannover centre (urban),2026-10-08 18:00:00,0.242,0.245,0.243,0.234,0.214,10.1,13.0,14.7,15.5
Hannover centre (urban),2026-10-08 19:00:00,0.242,0.244,0.243,0.234,0.214,9.4,12.5,14.6,15.5
Hannover centre (urban),2026-10-08 20:00:00,0.241,0.244,0.243,0.234,0.214,9.1,11.9,14.5,15.5
Hannover centre (urban),2026-10-08 21:00:00,0.241,0.243,0.243,0.234,0.214,8.9,11.5,14.3,15.5
Hannover centre (urban),2026-10-08 22:00:00,0.241,0.243,0.243,0.234,0.214,8.8,11.2,14.2,15.5
Hannover centre (urban),2026-10-08 23:00:00,0.24,0.242,0.242,0.234,0.214,8.8,11.0,14.0,15.5
Hannover centre (urban),2026-10-09 00:00:00,0.24,0.242,0.242,0.234,0.214,8.8,10.8,13.8,15.5
Hannover centre (urban),2026-10-09 01:00:00,0.24,0.242,0.242,0.234,0.214,8.7,10.6,13.7,15.5
Hannover centre (urban),2026-10-09 02:00:00,0.24,0.241,0.242,0.234,0.214,8.6,10.5,13.5,15.4
Hannover centre (urban),2026-10-09 03:00:00,0.24,0.241,0.242,0.234,0.214,8.5,10.3,13.3,15.4
Hannover centre (urban),2026-10-09 04:00:00,0.24,0.241,0.242,0.234,0.214,8.2,10.2,13.2,15.4
Hannover centre (urban),2026-10-09 05:00:00,0.24,0.24,0.241,0.234,0.214,7.9,10.0,13.0,15.4
Hannover centre (urban),2026-10-09 06:00:00,0.239,0.24,0.241,0.234,0.214,8.2,10.0,12.9,15.4
Hannover centre (urban),2026-10-09 07:00:00,0.238,0.24,0.241,0.234,0.214,9.7,10.3,12.7,15.4
Hannover centre (urban),2026-10-09 08:00:00,0.237,0.239,0.241,0.234,0.214,11.8,10.7,12.6,15.3
Hannover centre (urban),2026-10-09 09:00:00,0.236,0.239,0.241,0.234,0.214,13.5,11.3,12.6,15.3
Hannover centre (urban),2026-10-09 10:00:00,0.234,0.238,0.241,0.234,0.214,14.6,12.2,12.6,15.3
Hannover centre (urban),2026-10-09 11:00:00,0.232,0.237,0.24,0.234,0.214,15.4,13.2,12.7,15.3
Hannover centre (urban),2026-10-09 12:00:00,0.23,0.236,0.24,0.234,0.214,15.6,13.9,12.8,15.3
Hannover centre (urban),2026-10-09 13:00:00,0.228,0.235,0.239,0.234,0.214,14.9,14.1,12.9,15.3
Hannover centre (urban),2026-10-09 14:00:00,0.225,0.234,0.239,0.234,0.214,13.7,14.0,13.1,15.2
Hannover centre (urban),2026-10-09 15:00:00,0.226,0.233,0.238,0.234,0.214,12.5,13.7,13.2,15.2
Hannover centre (urban),2026-10-09 16:00:00,0.231,0.232,0.238,0.234,0.214,11.5,13.2,13.2,15.2
Hannover centre (urban),2026-10-09 17:00:00,0.238,0.231,0.237,0.234,0.214,10.5,12.6,13.2,15.2
Hannover centre (urban),2026-10-09 18:00:00,0.249,0.236,0.238,0.234,0.214,9.8,12.0,13.2,15.2
Hannover centre (urban),2026-10-09 19:00:00,0.268,0.253,0.239,0.234,0.214,9.6,11.6,13.2,15.2
Hannover centre (urban),2026-10-09 20:00:00,0.29,0.275,0.241,0.234,0.215,9.6,11.2,13.1,15.1
Hannover centre (urban),2026-10-09 21:00:00,0.303,0.29,0.244,0.234,0.215,9.7,11.0,13.0,15.1
Hannover centre (urban),2026-10-09 22:00:00,0.3,0.29,0.247,0.234,0.215,9.9,11.0,12.9,15.1
Hannover centre (urban),2026-10-09 23:00:00,0.288,0.283,0.251,0.234,0.215,10.2,11.1,12.9,15.1
Hamburg,2026-09-26 00:00:00,0.325,0.326,0.328,0.334,0.344,11.4,11.1,14.9,15.7
Hamburg,2026-09-26 01:00:00,0.326,0.326,0.328,0.334,0.344,11.3,10.8,14.6,15.7
Hamburg,2026-09-26 02:00:00,0.326,0.327,0.328,0.334,0.344,11.2,10.6,14.4,15.7
Hamburg,2026-09-26 03:00:00,0.324,0.324,0.326,0.334,0.344,11.4,10.5,14.1,15.6
Hamburg,2026-09-26 04:00:00,0.325,0.325,0.326,0.334,0.344,12.1,10.6,13.9,15.6
Hamburg,2026-09-26 05:00:00,0.325,0.325,0.327,0.334,0.344,12.4,10.9,13.7,15.6
Hamburg,2026-09-26 06:00:00,0.325,0.326,0.327,0.334,0.344,12.6,11.0,13.5,15.6
Hamburg,2026-09-26 07:00:00,0.325,0.326,0.327,0.334,0.344,13.2,11.4,13.4,15.6
Hamburg,2026-09-26 08:00:00,0.325,0.326,0.327,0.334,0.344,13.9,11.9,13.3,15.6
Hamburg,2026-09-26 09:00:00,0.325,0.326,0.327,0.334,0.344,15.4,12.6,13.3,15.5
Hamburg,2026-09-26 10:00:00,0.324,0.326,0.327,0.334,0.344,17.5,14.0,13.4,15.5
Hamburg,2026-09-26 11:00:00,0.324,0.325,0.327,0.333,0.344,18.3,15.5,13.5,15.5
Hamburg,2026-09-26 12:00:00,0.323,0.325,0.327,0.333,0.344,19.8,16.8,13.8,15.5
Hamburg,2026-09-26 13:00:00,0.322,0.324,0.327,0.333,0.344,20.6,18.2,14.1,15.5
Hamburg,2026-09-26 14:00:00,0.322,0.323,0.327,0.333,0.344,19.3,18.8,14.5,15.5
Hamburg,2026-09-26 15:00:00,0.321,0.323,0.326,0.333,0.344,18.9,18.7,14.9,15.5
Hamburg,2026-09-26 16:00:00,0.321,0.323,0.326,0.333,0.344,17.9,18.3,15.2,15.5
Hamburg,2026-09-26 17:00:00,0.321,0.323,0.326,0.333,0.344,16.4,17.5,15.4,15.5
Hamburg,2026-09-26 18:00:00,0.322,0.323,0.326,0.333,0.344,16.2,16.8,15.6,15.5
Hamburg,2026-09-26 19:00:00,0.323,0.323,0.326,0.333,0.344,15.6,16.2,15.6,15.5
Hamburg,2026-09-26 20:00:00,0.323,0.324,0.326,0.333,0.344,14.9,15.5,15.6,15.5
Hamburg,2026-09-26 21:00:00,0.324,0.324,0.326,0.333,0.344,14.4,14.8,15.6,15.5
Hamburg,2026-09-26 22:00:00,0.324,0.324,0.327,0.333,0.344,14.1,14.3,15.5,15.5
Hamburg,2026-09-26 23:00:00,0.324,0.325,0.327,0.333,0.344,13.5,13.8,15.4,15.5
Hamburg,2026-09-27 00:00:00,0.324,0.325,0.327,0.333,0.344,13.1,13.2,15.2,15.5
Hamburg,2026-09-27 01:00:00,0.324,0.325,0.327,0.333,0.344,12.8,12.8,15.0,15.5
Hamburg,2026-09-27 02:00:00,0.324,0.325,0.327,0.333,0.344,12.9,12.4,14.9,15.5
Hamburg,2026-09-27 03:00:00,0.323,0.324,0.326,0.332,0.343,13.0,12.5,14.7,15.5
Hamburg,2026-09-27 04:00:00,0.323,0.324,0.326,0.332,0.343,12.9,12.3,14.5,15.5
Hamburg,2026-09-27 05:00:00,0.323,0.324,0.326,0.332,0.343,13.0,12.3,14.4,15.5
Hamburg,2026-09-27 06:00:00,0.323,0.324,0.326,0.332,0.343,13.3,12.3,14.2,15.5
Hamburg,2026-09-27 07:00:00,0.323,0.324,0.326,0.332,0.343,14.1,12.5,14.1,15.4
Hamburg,2026-09-27 08:00:00,0.323,0.324,0.326,0.332,0.343,15.4,13.2,14.1,15.4
Hamburg,2026-09-27 09:00:00,0.322,0.324,0.326,0.332,0.343,17.6,14.7,14.1,15.4
Hamburg,2026-09-27 10:00:00,0.321,0.323,0.326,0.332,0.343,19.4,16.3,14.3,15.4
Hamburg,2026-09-27 11:00:00,0.319,0.322,0.326,0.332,0.343,20.6,17.9,14.5,15.4
Hamburg,2026-09-27 12:00:00,0.318,0.321,0.325,0.332,0.343,21.3,19.6,14.9,15.4
Hamburg,2026-09-27 13:00:00,0.317,0.32,0.325,0.332,0.343,21.6,20.2,15.3,15.4
Hamburg,2026-09-27 14:00:00,0.315,0.319,0.324,0.331,0.343,21.7,20.9,15.7,15.4
Hamburg,2026-09-27 15:00:00,0.314,0.318,0.324,0.331,0.343,20.9,21.3,16.2,15.4
Hamburg,2026-09-27 16:00:00,0.314,0.317,0.323,0.331,0.343,19.6,20.8,16.5,15.4
Hamburg,2026-09-27 17:00:00,0.314,0.317,0.323,0.331,0.343,18.2,19.8,16.8,15.4
Hamburg,2026-09-27 18:00:00,0.315,0.318,0.323,0.331,0.343,18.0,19.2,17.0,15.4
Hamburg,2026-09-27 19:00:00,0.316,0.318,0.323,0.331,0.343,16.9,18.4,17.1,15.5
Hamburg,2026-09-27 20:00:00,0.316,0.318,0.323,0.331,0.343,16.3,17.5,17.1,15.5
Hamburg,2026-09-27 21:00:00,0.316,0.318,0.323,0.331,0.343,16.3,17.4,17.1,15.5
Hamburg,2026-09-27 22:00:00,0.316,0.318,0.323,0.331,0.343,15.8,16.8,17.1,15.5
Hamburg,2026-09-27 23:00:00,0.316,0.318,0.323,0.331,0.343,15.8,16.4,17.0,15.5
Hamburg,2026-09-28 00:00:00,0.317,0.318,0.323,0.331,0.343,15.5,16.2,16.9,15.5
Hamburg,2026-09-28 01:00:00,0.317,0.319,0.323,0.331,0.343,15.3,15.8,16.8,15.6
Hamburg,2026-09-28 02:00:00,0.317,0.319,0.323,0.331,0.343,15.3,15.5,16.6,15.6
Hamburg,2026-09-28 03:00:00,0.312,0.313,0.319,0.33,0.342,14.9,15.4,16.5,15.6
Hamburg,2026-09-28 04:00:00,0.313,0.314,0.319,0.329,0.342,14.7,15.1,16.4,15.6
Hamburg,2026-09-28 05:00:00,0.313,0.314,0.319,0.329,0.342,14.2,14.7,16.2,15.6
Hamburg,2026-09-28 06:00:00,0.314,0.315,0.32,0.329,0.342,14.2,14.2,16.1,15.6
Hamburg,2026-09-28 07:00:00,0.314,0.315,0.32,0.329,0.342,15.6,14.4,15.9,15.6
Hamburg,2026-09-28 08:00:00,0.314,0.315,0.32,0.329,0.342,17.9,15.4,15.8,15.6
Hamburg,2026-09-28 09:00:00,0.313,0.315,0.32,0.329,0.342,20.1,17.4,15.9,15.6
Hamburg,2026-09-28 10:00:00,0.312,0.315,0.32,0.329,0.342,21.4,19.1,16.1,15.6
Hamburg,2026-09-28 11:00:00,0.311,0.314,0.319,0.329,0.342,22.6,20.7,16.4,15.6
Hamburg,2026-09-28 12:00:00,0.311,0.314,0.319,0.328,0.342,23.0,21.9,16.8,15.6
Hamburg,2026-09-28 13:00:00,0.31,0.313,0.319,0.328,0.342,23.5,22.9,17.2,15.6
Hamburg,2026-09-28 14:00:00,0.31,0.313,0.319,0.328,0.342,22.7,23.3,17.6,15.7
Hamburg,2026-09-28 15:00:00,0.311,0.313,0.318,0.328,0.342,21.2,22.8,18.0,15.7
Hamburg,2026-09-28 16:00:00,0.312,0.314,0.318,0.328,0.342,20.2,22.0,18.3,15.7
Hamburg,2026-09-28 17:00:00,0.313,0.314,0.318,0.328,0.342,19.2,21.1,18.5,15.7
Hamburg,2026-09-28 18:00:00,0.314,0.315,0.319,0.328,0.342,18.2,20.0,18.6,15.8
Hamburg,2026-09-28 19:00:00,0.315,0.316,0.319,0.328,0.342,18.0,19.3,18.6,15.8
Hamburg,2026-09-28 20:00:00,0.316,0.316,0.319,0.328,0.342,17.6,18.8,18.5,15.8
Hamburg,2026-09-28 21:00:00,0.316,0.317,0.319,0.328,0.342,17.6,18.6,18.5,15.8
Hamburg,2026-09-28 22:00:00,0.317,0.317,0.319,0.328,0.342,17.1,18.3,18.4,15.9
Hamburg,2026-09-28 23:00:00,0.317,0.317,0.32,0.328,0.342,16.7,17.8,18.3,15.9
Hamburg,2026-09-29 00:00:00,0.317,0.318,0.32,0.328,0.342,16.6,17.5,18.2,15.9
Hamburg,2026-09-29 01:00:00,0.318,0.318,0.32,0.328,0.342,16.6,17.3,18.1,15.9
Hamburg,2026-09-29 02:00:00,0.318,0.318,0.32,0.328,0.342,16.3,17.0,17.9,16.0
Hamburg,2026-09-29 03:00:00,0.318,0.319,0.322,0.328,0.342,16.0,16.7,17.8,16.0
Hamburg,2026-09-29 04:00:00,0.319,0.32,0.322,0.328,0.342,15.9,16.5,17.6,16.0
Hamburg,2026-09-29 05:00:00,0.32,0.32,0.322,0.328,0.342,15.8,16.3,17.5,16.0
Hamburg,2026-09-29 06:00:00,0.32,0.321,0.322,0.329,0.342,16.0,16.2,17.3,16.0
Hamburg,2026-09-29 07:00:00,0.32,0.321,0.322,0.329,0.342,16.5,16.3,17.2,16.0
Hamburg,2026-09-29 08:00:00,0.32,0.321,0.322,0.328,0.342,17.5,16.7,17.1,16.0
Hamburg,2026-09-29 09:00:00,0.32,0.321,0.322,0.328,0.342,18.5,17.5,17.1,16.0
Hamburg,2026-09-29 10:00:00,0.319,0.32,0.322,0.328,0.342,20.2,18.6,17.1,16.1
Hamburg,2026-09-29 11:00:00,0.318,0.32,0.322,0.328,0.342,20.5,19.8,17.3,16.1
Hamburg,2026-09-29 12:00:00,0.318,0.319,0.322,0.328,0.342,21.4,21.0,17.5,16.1
Hamburg,2026-09-29 13:00:00,0.317,0.319,0.322,0.328,0.342,20.7,21.3,17.8,16.1
Hamburg,2026-09-29 14:00:00,0.317,0.319,0.321,0.328,0.342,21.0,21.3,18.0,16.1
Hamburg,2026-09-29 15:00:00,0.317,0.319,0.321,0.328,0.342,19.8,20.9,18.2,16.1
Hamburg,2026-09-29 16:00:00,0.318,0.319,0.321,0.328,0.342,18.8,20.3,18.4,16.1
Hamburg,2026-09-29 17:00:00,0.318,0.319,0.321,0.328,0.342,18.1,19.6,18.4,16.2
Hamburg,2026-09-29 18:00:00,0.318,0.319,0.321,0.328,0.342,17.7,19.1,18.5,16.2
Hamburg,2026-09-29 19:00:00,0.318,0.319,0.321,0.328,0.342,17.1,18.5,18.4,16.2
Hamburg,2026-09-29 20:00:00,0.318,0.319,0.321,0.328,0.342,16.7,17.9,18.3,16.2
Hamburg,2026-09-29 21:00:00,0.317,0.318,0.321,0.328,0.342,16.9,18.0,18.3,16.2
Hamburg,2026-09-29 22:00:00,0.317,0.318,0.321,0.328,0.342,16.3,17.5,18.2,16.3
Hamburg,2026-09-29 23:00:00,0.317,0.318,0.321,0.328,0.342,15.9,17.0,18.0,16.3
Hamburg,2026-09-30 00:00:00,0.317,0.318,0.321,0.328,0.342,16.1,17.1,17.9,16.3
Hamburg,2026-09-30 01:00:00,0.317,0.318,0.321,0.328,0.342,15.6,16.6,17.8,16.3
Hamburg,2026-09-30 02:00:00,0.317,0.318,0.321,0.328,0.342,15.1,16.1,17.6,16.3
Hamburg,2026-09-30 03:00:00,0.315,0.316,0.321,0.328,0.341,14.9,15.7,17.4,16.3
Hamburg,2026-09-30 04:00:00,0.315,0.317,0.321,0.328,0.341,14.6,15.2,17.2,16.3
Hamburg,2026-09-30 05:00:00,0.316,0.317,0.321,0.328,0.341,14.3,14.9,17.0,16.3
Hamburg,2026-09-30 06:00:00,0.316,0.317,0.321,0.328,0.341,14.5,14.7,16.8,16.3
Hamburg,2026-09-30 07:00:00,0.316,0.317,0.321,0.328,0.341,15.5,14.8,16.6,16.3
Hamburg,2026-09-30 08:00:00,0.315,0.317,0.321,0.328,0.341,17.0,15.6,16.5,16.3
Hamburg,2026-09-30 09:00:00,0.314,0.317,0.32,0.328,0.341,18.3,16.8,16.5,16.3
Hamburg,2026-09-30 10:00:00,0.314,0.316,0.32,0.328,0.341,20.2,18.0,16.5,16.3
Hamburg,2026-09-30 11:00:00,0.312,0.315,0.32,0.328,0.341,21.4,19.6,16.7,16.3
Hamburg,2026-09-30 12:00:00,0.312,0.315,0.32,0.327,0.341,22.5,21.3,17.1,16.4
Hamburg,2026-09-30 13:00:00,0.311,0.314,0.319,0.327,0.341,22.6,22.2,17.4,16.4
Hamburg,2026-09-30 14:00:00,0.31,0.313,0.319,0.327,0.341,21.9,22.5,17.8,16.4
Hamburg,2026-09-30 15:00:00,0.31,0.313,0.318,0.327,0.341,21.1,22.2,18.2,16.4
Hamburg,2026-09-30 16:00:00,0.31,0.313,0.318,0.327,0.341,19.8,21.6,18.4,16.4
Hamburg,2026-09-30 17:00:00,0.31,0.313,0.318,0.327,0.341,18.6,20.6,18.6,16.4
Hamburg,2026-09-30 18:00:00,0.311,0.313,0.318,0.327,0.341,17.8,19.7,18.7,16.4
Hamburg,2026-09-30 19:00:00,0.311,0.313,0.318,0.327,0.341,17.1,18.8,18.7,16.5
Hamburg,2026-09-30 20:00:00,0.312,0.313,0.318,0.327,0.341,16.5,18.0,18.6,16.5
Hamburg,2026-09-30 21:00:00,0.312,0.314,0.318,0.327,0.341,16.7,17.7,18.5,16.5
Hamburg,2026-09-30 22:00:00,0.312,0.314,0.318,0.327,0.341,16.2,17.3,18.3,16.5
Hamburg,2026-09-30 23:00:00,0.312,0.314,0.318,0.327,0.341,16.0,17.0,18.2,16.5
Hamburg,2026-10-01 00:00:00,0.313,0.314,0.318,0.327,0.341,15.6,16.6,18.0,16.5
Hamburg,2026-10-01 01:00:00,0.313,0.314,0.318,0.327,0.341,15.2,16.1,17.8,16.5
Hamburg,2026-10-01 02:00:00,0.313,0.314,0.318,0.327,0.341,14.9,15.7,17.6,16.6
Hamburg,2026-10-01 03:00:00,0.308,0.31,0.316,0.326,0.341,15.1,15.6,17.4,16.6
Hamburg,2026-10-01 04:00:00,0.309,0.31,0.316,0.326,0.341,14.7,15.3,17.2,16.6
Hamburg,2026-10-01 05:00:00,0.31,0.311,0.316,0.326,0.341,14.7,15.1,17.0,16.6
Hamburg,2026-10-01 06:00:00,0.31,0.311,0.316,0.326,0.341,15.0,15.1,16.9,16.6
Hamburg,2026-10-01 07:00:00,0.31,0.311,0.316,0.326,0.341,15.6,15.2,16.7,16.6
Hamburg,2026-10-01 08:00:00,0.31,0.312,0.316,0.326,0.341,16.4,15.6,16.6,16.6
Hamburg,2026-10-01 09:00:00,0.31,0.312,0.316,0.326,0.341,17.7,16.4,16.5,16.6
Hamburg,2026-10-01 10:00:00,0.31,0.312,0.316,0.326,0.341,18.8,17.5,16.6,16.6
Hamburg,2026-10-01 11:00:00,0.309,0.311,0.316,0.325,0.341,19.4,18.5,16.7,16.6
Hamburg,2026-10-01 12:00:00,0.309,0.311,0.316,0.325,0.341,19.2,19.0,16.9,16.6
Hamburg,2026-10-01 13:00:00,0.309,0.311,0.316,0.325,0.341,19.5,19.2,17.1,16.6
Hamburg,2026-10-01 14:00:00,0.313,0.312,0.316,0.325,0.341,18.8,19.4,17.2,16.6
Hamburg,2026-10-01 15:00:00,0.341,0.325,0.317,0.325,0.341,17.8,18.7,17.4,16.6
Hamburg,2026-10-01 16:00:00,0.352,0.331,0.318,0.325,0.341,17.4,18.2,17.4,16.6
Hamburg,2026-10-01 17:00:00,0.393,0.384,0.329,0.325,0.341,17.2,17.9,17.5,16.6
Hamburg,2026-10-01 18:00:00,0.376,0.371,0.335,0.326,0.341,16.9,17.7,17.5,16.6
Hamburg,2026-10-01 19:00:00,0.365,0.362,0.339,0.326,0.341,16.5,17.3,17.4,16.6
Hamburg,2026-10-01 20:00:00,0.358,0.355,0.341,0.326,0.341,16.4,16.9,17.4,16.6
Hamburg,2026-10-01 21:00:00,0.36,0.354,0.341,0.327,0.341,16.4,16.8,17.3,16.6
Hamburg,2026-10-01 22:00:00,0.364,0.362,0.344,0.327,0.341,16.4,16.7,17.3,16.6
Hamburg,2026-10-01 23:00:00,0.357,0.355,0.345,0.327,0.341,16.4,16.6,17.2,16.6
Hamburg,2026-10-02 00:00:00,0.358,0.355,0.346,0.328,0.341,16.1,16.4,17.1,16.6
Hamburg,2026-10-02 01:00:00,0.356,0.354,0.346,0.328,0.341,16.2,16.4,17.0,16.6
Hamburg,2026-10-02 02:00:00,0.356,0.354,0.347,0.329,0.341,16.0,16.3,17.0,16.6
Hamburg,2026-10-02 03:00:00,0.382,0.381,0.378,0.342,0.341,16.1,16.2,16.9,16.6
Hamburg,2026-10-02 04:00:00,0.383,0.381,0.377,0.344,0.341,15.8,16.1,16.8,16.6
Hamburg,2026-10-02 05:00:00,0.387,0.383,0.376,0.345,0.341,15.8,15.9,16.7,16.6
Hamburg,2026-10-02 06:00:00,0.387,0.385,0.378,0.346,0.341,15.6,15.7,16.6,16.6
Hamburg,2026-10-02 07:00:00,0.382,0.381,0.378,0.347,0.341,15.8,15.7,16.6,16.6
Hamburg,2026-10-02 08:00:00,0.378,0.378,0.377,0.348,0.341,17.0,15.9,16.5,16.6
Hamburg,2026-10-02 09:00:00,0.376,0.376,0.376,0.349,0.341,18.0,17.0,16.5,16.6
Hamburg,2026-10-02 10:00:00,0.373,0.374,0.374,0.35,0.341,19.8,18.1,16.6,16.6
Hamburg,2026-10-02 11:00:00,0.371,0.372,0.373,0.35,0.341,20.0,19.1,16.8,16.6
Hamburg,2026-10-02 12:00:00,0.369,0.37,0.371,0.351,0.341,20.2,19.9,17.0,16.6
Hamburg,2026-10-02 13:00:00,0.368,0.369,0.37,0.351,0.341,20.5,20.4,17.3,16.6
Hamburg,2026-10-02 14:00:00,0.367,0.368,0.369,0.351,0.342,19.5,20.2,17.5,16.6
Hamburg,2026-10-02 15:00:00,0.366,0.367,0.368,0.352,0.342,18.9,19.8,17.7,16.6
Hamburg,2026-10-02 16:00:00,0.365,0.365,0.367,0.352,0.342,17.9,19.2,17.8,16.6
Hamburg,2026-10-02 17:00:00,0.364,0.365,0.366,0.352,0.342,16.8,18.4,17.9,16.6
Hamburg,2026-10-02 18:00:00,0.364,0.364,0.366,0.353,0.342,15.6,17.1,17.9,16.6
Hamburg,2026-10-02 19:00:00,0.364,0.364,0.365,0.353,0.342,15.5,16.4,17.7,16.6
Hamburg,2026-10-02 20:00:00,0.364,0.364,0.365,0.353,0.342,15.0,15.9,17.6,16.7
Hamburg,2026-10-02 21:00:00,0.364,0.364,0.364,0.353,0.342,14.1,15.0,17.3,16.7
Hamburg,2026-10-02 22:00:00,0.364,0.364,0.364,0.353,0.342,13.7,14.5,17.1,16.7
Hamburg,2026-10-02 23:00:00,0.363,0.364,0.364,0.354,0.343,13.5,14.0,16.8,16.7
Hamburg,2026-10-03 00:00:00,0.363,0.364,0.364,0.354,0.343,13.2,13.2,16.5,16.7
Hamburg,2026-10-03 01:00:00,0.363,0.363,0.364,0.354,0.343,12.9,13.0,16.3,16.7
Hamburg,2026-10-03 02:00:00,0.363,0.363,0.363,0.354,0.343,13.0,12.8,16.0,16.6
Hamburg,2026-10-03 03:00:00,0.364,0.364,0.364,0.356,0.343,12.6,12.3,15.7,16.6
Hamburg,2026-10-03 04:00:00,0.363,0.363,0.364,0.356,0.343,12.6,12.2,15.5,16.6
Hamburg,2026-10-03 05:00:00,0.363,0.363,0.364,0.356,0.344,12.6,12.1,15.2,16.6
Hamburg,2026-10-03 06:00:00,0.363,0.363,0.364,0.356,0.344,12.8,12.2,15.0,16.6
Hamburg,2026-10-03 07:00:00,0.362,0.363,0.363,0.356,0.344,13.5,12.3,14.8,16.6
Hamburg,2026-10-03 08:00:00,0.362,0.363,0.363,0.356,0.344,14.8,12.8,14.7,16.6
Hamburg,2026-10-03 09:00:00,0.362,0.362,0.363,0.357,0.344,16.6,14.0,14.6,16.5
Hamburg,2026-10-03 10:00:00,0.361,0.362,0.363,0.357,0.344,17.9,15.4,14.7,16.5
Hamburg,2026-10-03 11:00:00,0.361,0.361,0.362,0.357,0.344,19.5,16.8,14.9,16.5
Hamburg,2026-10-03 12:00:00,0.36,0.361,0.362,0.357,0.344,20.5,18.4,15.1,16.5
Hamburg,2026-10-03 13:00:00,0.359,0.36,0.361,0.356,0.344,19.8,19.1,15.5,16.5
Hamburg,2026-10-03 14:00:00,0.359,0.359,0.361,0.356,0.344,19.4,19.3,15.8,16.5
Hamburg,2026-10-03 15:00:00,0.358,0.359,0.36,0.356,0.344,18.6,19.0,16.1,16.4
Hamburg,2026-10-03 16:00:00,0.358,0.359,0.36,0.356,0.345,17.3,18.4,16.3,16.4
Hamburg,2026-10-03 17:00:00,0.359,0.359,0.36,0.356,0.345,16.1,17.4,16.5,16.4
Hamburg,2026-10-03 18:00:00,0.359,0.359,0.36,0.356,0.345,15.3,16.4,16.5,16.4
Hamburg,2026-10-03 19:00:00,0.359,0.359,0.36,0.356,0.345,14.7,15.6,16.5,16.4
Hamburg,2026-10-03 20:00:00,0.359,0.359,0.36,0.356,0.345,14.3,14.9,16.4,16.4
Hamburg,2026-10-03 21:00:00,0.359,0.359,0.36,0.356,0.345,14.0,14.4,16.2,16.4
Hamburg,2026-10-03 22:00:00,0.359,0.359,0.36,0.357,0.345,13.9,14.0,16.1,16.4
Hamburg,2026-10-03 23:00:00,0.359,0.359,0.36,0.357,0.345,13.8,13.8,15.9,16.4
Hamburg,2026-10-04 00:00:00,0.359,0.359,0.36,0.357,0.345,13.6,13.5,15.7,16.4
Hamburg,2026-10-04 01:00:00,0.359,0.359,0.36,0.357,0.346,13.7,13.4,15.5,16.4
Hamburg,2026-10-04 02:00:00,0.359,0.359,0.36,0.357,0.346,13.6,13.3,15.4,16.4
Hamburg,2026-10-04 03:00:00,0.359,0.359,0.36,0.357,0.346,13.4,13.1,15.2,16.4
Hamburg,2026-10-04 04:00:00,0.359,0.359,0.36,0.357,0.346,13.2,12.9,15.1,16.4
Hamburg,2026-10-04 05:00:00,0.359,0.359,0.36,0.357,0.346,13.1,12.7,14.9,16.4
Hamburg,2026-10-04 06:00:00,0.359,0.359,0.36,0.357,0.346,13.0,12.5,14.8,16.3
Hamburg,2026-10-04 07:00:00,0.359,0.359,0.36,0.357,0.346,14.1,12.6,14.6,16.3
Hamburg,2026-10-04 08:00:00,0.358,0.359,0.36,0.357,0.346,15.7,13.4,14.5,16.3
Hamburg,2026-10-04 09:00:00,0.358,0.359,0.359,0.357,0.346,16.9,14.5,14.5,16.3
Hamburg,2026-10-04 10:00:00,0.358,0.358,0.359,0.357,0.346,18.4,15.7,14.6,16.3
Hamburg,2026-10-04 11:00:00,0.357,0.358,0.359,0.357,0.346,18.9,17.1,14.8,16.2
Hamburg,2026-10-04 12:00:00,0.357,0.357,0.359,0.357,0.347,19.7,18.1,15.1,16.2
Hamburg,2026-10-04 13:00:00,0.356,0.357,0.358,0.357,0.347,18.9,18.5,15.4,16.2
Hamburg,2026-10-04 14:00:00,0.356,0.357,0.358,0.357,0.347,18.4,18.4,15.7,16.2
Hamburg,2026-10-04 15:00:00,0.356,0.356,0.358,0.357,0.347,18.0,18.2,15.9,16.2
Hamburg,2026-10-04 16:00:00,0.356,0.356,0.358,0.357,0.347,16.9,17.7,16.1,16.2
Hamburg,2026-10-04 17:00:00,0.356,0.356,0.358,0.357,0.347,15.7,16.9,16.2,16.2
Hamburg,2026-10-04 18:00:00,0.356,0.356,0.358,0.357,0.347,14.9,15.9,16.2,16.2
Hamburg,2026-10-04 19:00:00,0.356,0.357,0.358,0.357,0.347,14.6,15.2,16.1,16.2
Hamburg,2026-10-04 20:00:00,0.356,0.357,0.358,0.357,0.347,13.9,14.5,16.0,16.2
Hamburg,2026-10-04 21:00:00,0.356,0.357,0.358,0.357,0.347,13.4,13.9,15.9,16.2
Hamburg,2026-10-04 22:00:00,0.357,0.357,0.358,0.357,0.347,12.9,13.3,15.7,16.2
Hamburg,2026-10-04 23:00:00,0.357,0.357,0.358,0.357,0.347,12.7,12.8,15.5,16.2
Hamburg,2026-10-05 00:00:00,0.357,0.357,0.358,0.357,0.348,12.5,12.4,15.3,16.2
Hamburg,2026-10-05 01:00:00,0.357,0.357,0.358,0.357,0.348,12.5,12.1,15.1,16.2
Hamburg,2026-10-05 02:00:00,0.357,0.357,0.358,0.357,0.348,12.6,12.0,14.8,16.1
Hamburg,2026-10-05 03:00:00,0.357,0.357,0.358,0.357,0.348,12.8,12.0,14.6,16.1
Hamburg,2026-10-05 04:00:00,0.314,0.314,0.315,0.315,0.307,12.8,12.1,14.4,16.0
Hamburg,2026-10-05 05:00:00,0.271,0.271,0.272,0.273,0.267,12.4,12.3,14.3,16.0
Hamburg,2026-10-05 06:00:00,0.227,0.228,0.229,0.231,0.226,12.0,12.3,14.2,15.8
Hamburg,2026-10-05 07:00:00,0.184,0.185,0.186,0.189,0.185,13.7,12.6,14.2,15.7
Hamburg,2026-10-05 08:00:00,0.184,0.184,0.186,0.189,0.185,16.2,13.5,14.1,15.7
Hamburg,2026-10-05 09:00:00,0.183,0.184,0.186,0.189,0.185,18.9,14.6,14.2,15.7
Hamburg,2026-10-05 10:00:00,0.183,0.183,0.185,0.189,0.185,20.2,16.0,14.3,15.7
Hamburg,2026-10-05 11:00:00,0.182,0.183,0.185,0.189,0.185,20.7,17.0,14.4,15.7
Hamburg,2026-10-05 12:00:00,0.181,0.182,0.185,0.188,0.185,22.1,17.9,14.6,15.7
Hamburg,2026-10-05 13:00:00,0.18,0.182,0.184,0.188,0.185,22.1,18.8,14.9,15.7
Hamburg,2026-10-05 14:00:00,0.18,0.181,0.183,0.188,0.185,20.8,18.9,15.3,15.7
Hamburg,2026-10-05 15:00:00,0.18,0.181,0.183,0.188,0.185,19.1,18.5,15.6,15.7
Hamburg,2026-10-05 16:00:00,0.18,0.181,0.183,0.187,0.185,17.6,18.0,15.8,15.7
Hamburg,2026-10-05 17:00:00,0.18,0.181,0.183,0.187,0.185,15.1,17.3,15.9,15.7
Hamburg,2026-10-05 18:00:00,0.18,0.181,0.183,0.187,0.185,13.9,16.3,15.9,15.7
Hamburg,2026-10-05 19:00:00,0.18,0.181,0.183,0.187,0.185,13.4,15.5,15.9,15.7
Hamburg,2026-10-05 20:00:00,0.181,0.181,0.183,0.187,0.185,13.2,15.0,15.8,15.7
Hamburg,2026-10-05 21:00:00,0.181,0.181,0.183,0.187,0.185,12.8,14.5,15.6,15.7
Hamburg,2026-10-05 22:00:00,0.181,0.181,0.183,0.187,0.185,12.4,14.2,15.5,15.7
Hamburg,2026-10-05 23:00:00,0.181,0.181,0.183,0.186,0.186,11.9,13.8,15.3,15.7
Hamburg,2026-10-06 00:00:00,0.181,0.181,0.183,0.186,0.186,11.6,13.4,15.2,15.7
Hamburg,2026-10-06 01:00:00,0.181,0.181,0.183,0.186,0.186,11.5,13.1,15.1,15.7
Hamburg,2026-10-06 02:00:00,0.181,0.181,0.183,0.186,0.186,11.3,12.9,15.0,15.7
Hamburg,2026-10-06 03:00:00,0.181,0.181,0.183,0.186,0.186,11.2,12.7,14.9,15.7
Hamburg,2026-10-06 04:00:00,0.181,0.181,0.183,0.186,0.186,11.2,12.5,14.7,15.7
Hamburg,2026-10-06 05:00:00,0.181,0.181,0.183,0.186,0.186,11.1,12.4,14.6,15.6
Hamburg,2026-10-06 06:00:00,0.181,0.181,0.183,0.186,0.186,11.5,12.3,14.5,15.6
Hamburg,2026-10-06 07:00:00,0.181,0.181,0.183,0.186,0.186,13.8,12.9,14.4,15.6
Hamburg,2026-10-06 08:00:00,0.181,0.181,0.182,0.186,0.186,16.8,13.9,14.3,15.6
Hamburg,2026-10-06 09:00:00,0.18,0.181,0.182,0.186,0.186,19.5,15.0,14.4,15.6
Hamburg,2026-10-06 10:00:00,0.179,0.18,0.182,0.186,0.186,21.3,16.2,14.5,15.6
Hamburg,2026-10-06 11:00:00,0.178,0.18,0.181,0.185,0.186,22.7,17.6,14.7,15.6
Hamburg,2026-10-06 12:00:00,0.177,0.179,0.181,0.185,0.186,23.3,18.7,14.9,15.6
Hamburg,2026-10-06 13:00:00,0.176,0.178,0.181,0.185,0.186,23.1,19.4,15.3,15.6
Hamburg,2026-10-06 14:00:00,0.176,0.177,0.18,0.184,0.186,22.2,19.8,15.7,15.6
Hamburg,2026-10-06 15:00:00,0.176,0.177,0.18,0.184,0.186,20.7,19.8,16.0,15.6
Hamburg,2026-10-06 16:00:00,0.176,0.177,0.18,0.184,0.186,18.4,19.0,16.2,15.6
Hamburg,2026-10-06 17:00:00,0.177,0.178,0.179,0.184,0.186,15.6,17.8,16.3,15.6
Hamburg,2026-10-06 18:00:00,0.177,0.178,0.179,0.184,0.186,13.3,16.7,16.4,15.6
Hamburg,2026-10-06 19:00:00,0.177,0.178,0.179,0.184,0.186,12.1,15.7,16.3,15.6
Hamburg,2026-10-06 20:00:00,0.178,0.178,0.179,0.184,0.186,11.4,14.7,16.0,15.6
Hamburg,2026-10-06 21:00:00,0.178,0.178,0.179,0.184,0.186,10.8,13.9,15.8,15.6
Hamburg,2026-10-06 22:00:00,0.178,0.178,0.179,0.184,0.186,10.3,13.2,15.7,15.6
Hamburg,2026-10-06 23:00:00,0.178,0.178,0.18,0.183,0.186,10.0,12.7,15.5,15.6
Hamburg,2026-10-07 00:00:00,0.178,0.178,0.18,0.183,0.186,9.8,12.3,15.4,15.6
Hamburg,2026-10-07 01:00:00,0.178,0.178,0.18,0.183,0.186,10.0,12.0,15.2,15.6
Hamburg,2026-10-07 02:00:00,0.178,0.179,0.18,0.183,0.186,10.3,11.9,14.9,15.6
Hamburg,2026-10-07 03:00:00,0.178,0.179,0.18,0.183,0.186,10.6,11.8,14.7,15.6
Hamburg,2026-10-07 04:00:00,0.178,0.179,0.18,0.183,0.186,10.7,11.7,14.6,15.6
Hamburg,2026-10-07 05:00:00,0.178,0.179,0.18,0.183,0.186,10.7,11.7,14.4,15.6
Hamburg,2026-10-07 06:00:00,0.178,0.179,0.18,0.183,0.186,11.1,11.8,14.3,15.6
Hamburg,2026-10-07 07:00:00,0.178,0.179,0.18,0.183,0.186,12.3,12.1,14.2,15.6
Hamburg,2026-10-07 08:00:00,0.178,0.178,0.18,0.183,0.186,13.9,12.6,14.1,15.5
Hamburg,2026-10-07 09:00:00,0.178,0.178,0.18,0.183,0.186,15.6,13.3,14.1,15.5
Hamburg,2026-10-07 10:00:00,0.177,0.178,0.18,0.183,0.186,17.6,14.4,14.1,15.5
Hamburg,2026-10-07 11:00:00,0.177,0.177,0.179,0.183,0.186,19.7,15.8,14.3,15.5
Hamburg,2026-10-07 12:00:00,0.176,0.177,0.179,0.183,0.186,21.0,16.9,14.4,15.5
Hamburg,2026-10-07 13:00:00,0.175,0.176,0.179,0.183,0.186,21.0,17.7,14.6,15.5
Hamburg,2026-10-07 14:00:00,0.174,0.175,0.178,0.182,0.186,20.2,18.3,14.9,15.5
Hamburg,2026-10-07 15:00:00,0.174,0.175,0.178,0.182,0.186,19.1,18.4,15.1,15.5
Hamburg,2026-10-07 16:00:00,0.173,0.175,0.178,0.182,0.186,17.7,17.9,15.3,15.5
Hamburg,2026-10-07 17:00:00,0.172,0.175,0.177,0.182,0.186,16.0,17.0,15.5,15.5
Hamburg,2026-10-07 18:00:00,0.175,0.176,0.177,0.182,0.186,14.7,16.2,15.6,15.5
Hamburg,2026-10-07 19:00:00,0.185,0.178,0.176,0.182,0.186,14.2,15.7,15.6,15.5
Hamburg,2026-10-07 20:00:00,0.198,0.182,0.176,0.182,0.186,14.1,15.3,15.5,15.5
Hamburg,2026-10-07 21:00:00,0.209,0.188,0.178,0.182,0.186,14.1,15.0,15.4,15.5
Hamburg,2026-10-07 22:00:00,0.241,0.226,0.217,0.215,0.217,13.9,14.7,15.1,15.3
Hamburg,2026-10-07 23:00:00,0.279,0.265,0.253,0.248,0.248,13.9,14.4,14.8,15.2
Hamburg,2026-10-08 00:00:00,0.319,0.301,0.285,0.28,0.279,13.9,14.2,14.6,15.0
Hamburg,2026-10-08 01:00:00,0.356,0.336,0.315,0.312,0.31,14.0,14.0,14.4,14.9
Hamburg,2026-10-08 02:00:00,0.356,0.343,0.319,0.313,0.31,14.1,14.0,14.4,14.9
Hamburg,2026-10-08 03:00:00,0.355,0.348,0.323,0.313,0.31,14.0,13.9,14.4,14.9
Hamburg,2026-10-08 04:00:00,0.352,0.348,0.325,0.313,0.31,13.2,13.8,14.4,14.9
Hamburg,2026-10-08 05:00:00,0.347,0.345,0.326,0.314,0.31,12.0,13.6,14.3,14.9
Hamburg,2026-10-08 06:00:00,0.343,0.342,0.327,0.314,0.31,11.2,13.4,14.3,14.9
Hamburg,2026-10-08 07:00:00,0.339,0.339,0.328,0.314,0.31,11.0,13.1,14.3,14.9
Hamburg,2026-10-08 08:00:00,0.336,0.337,0.328,0.314,0.31,11.2,12.8,14.2,14.9
Hamburg,2026-10-08 09:00:00,0.333,0.334,0.328,0.314,0.31,11.6,12.6,14.2,14.9
Hamburg,2026-10-08 10:00:00,0.33,0.332,0.328,0.314,0.31,12.5,12.6,14.1,14.9
Hamburg,2026-10-08 11:00:00,0.328,0.33,0.327,0.315,0.31,13.7,12.8,14.1,14.9
Hamburg,2026-10-08 12:00:00,0.326,0.328,0.327,0.315,0.31,14.5,13.0,14.1,14.9
Hamburg,2026-10-08 13:00:00,0.324,0.326,0.326,0.315,0.31,14.6,13.3,14.1,14.9
Hamburg,2026-10-08 14:00:00,0.322,0.325,0.326,0.315,0.31,14.2,13.7,14.0,14.8
Hamburg,2026-10-08 15:00:00,0.321,0.324,0.325,0.315,0.31,13.6,13.8,14.0,14.8
Hamburg,2026-10-08 16:00:00,0.32,0.323,0.325,0.315,0.31,12.4,13.7,14.0,14.8
Hamburg,2026-10-08 17:00:00,0.32,0.323,0.324,0.315,0.31,11.0,13.3,14.0,14.8
Hamburg,2026-10-08 18:00:00,0.32,0.322,0.324,0.315,0.31,9.8,12.9,14.0,14.8
Hamburg,2026-10-08 19:00:00,0.32,0.322,0.324,0.315,0.31,9.2,12.4,13.9,14.8
Hamburg,2026-10-08 20:00:00,0.32,0.321,0.323,0.315,0.31,8.8,11.9,13.9,14.8
Hamburg,2026-10-08 21:00:00,0.32,0.321,0.323,0.315,0.31,8.4,11.5,13.8,14.8
Hamburg,2026-10-08 22:00:00,0.32,0.321,0.323,0.315,0.31,8.0,11.1,13.8,14.8
Hamburg,2026-10-08 23:00:00,0.32,0.32,0.322,0.315,0.31,7.7,10.7,13.7,14.8
Hamburg,2026-10-09 00:00:00,0.32,0.32,0.322,0.315,0.31,7.4,10.4,13.6,14.8
Hamburg,2026-10-09 01:00:00,0.32,0.32,0.322,0.315,0.31,7.1,10.0,13.5,14.8
Hamburg,2026-10-09 02:00:00,0.319,0.32,0.321,0.316,0.31,6.8,9.7,13.3,14.8
Hamburg,2026-10-09 03:00:00,0.319,0.32,0.321,0.316,0.31,6.5,9.4,13.2,14.8
Hamburg,2026-10-09 04:00:00,0.319,0.32,0.321,0.316,0.31,6.1,9.1,13.1,14.8
Hamburg,2026-10-09 05:00:00,0.319,0.319,0.321,0.316,0.31,5.7,8.8,13.0,14.8
Hamburg,2026-10-09 06:00:00,0.319,0.319,0.321,0.316,0.31,6.2,8.7,12.8,14.8
Hamburg,2026-10-09 07:00:00,0.318,0.319,0.321,0.316,0.31,8.5,8.9,12.7,14.8
Hamburg,2026-10-09 08:00:00,0.317,0.318,0.32,0.316,0.31,11.7,9.4,12.6,14.7
Hamburg,2026-10-09 09:00:00,0.316,0.318,0.32,0.316,0.31,14.1,9.9,12.5,14.7
Hamburg,2026-10-09 10:00:00,0.315,0.317,0.32,0.316,0.31,15.0,10.6,12.4,14.7
Hamburg,2026-10-09 11:00:00,0.314,0.316,0.319,0.315,0.31,15.1,11.5,12.4,14.7
Hamburg,2026-10-09 12:00:00,0.313,0.315,0.319,0.315,0.31,14.9,12.1,12.4,14.7
Hamburg,2026-10-09 13:00:00,0.313,0.315,0.319,0.315,0.31,14.3,12.4,12.4,14.7
Hamburg,2026-10-09 14:00:00,0.315,0.316,0.318,0.315,0.31,13.3,12.6,12.5,14.7
Hamburg,2026-10-09 15:00:00,0.316,0.317,0.318,0.315,0.31,12.3,12.6,12.5,14.7
Hamburg,2026-10-09 16:00:00,0.316,0.316,0.317,0.315,0.31,11.3,12.4,12.5,14.7
Hamburg,2026-10-09 17:00:00,0.316,0.315,0.317,0.315,0.31,10.2,12.1,12.6,14.6
Hamburg,2026-10-09 18:00:00,0.321,0.318,0.318,0.315,0.31,9.5,11.8,12.6,14.6
Hamburg,2026-10-09 19:00:00,0.334,0.331,0.321,0.315,0.31,9.3,11.5,12.6,14.6
Hamburg,2026-10-09 20:00:00,0.352,0.348,0.326,0.315,0.31,9.4,11.1,12.5,14.6
Hamburg,2026-10-09 21:00:00,0.364,0.36,0.33,0.315,0.31,9.5,10.9,12.5,14.6
Hamburg,2026-10-09 22:00:00,0.365,0.361,0.333,0.315,0.31,9.8,10.7,12.5,14.6
Hamburg,2026-10-09 23:00:00,0.359,0.356,0.335,0.316,0.311,10.2,10.7,12.5,14.6
