site,time,soil_moisture_0_to_7cm,soil_moisture_7_to_28cm,soil_moisture_28_to_100cm,soil_moisture_100_to_255cm,soil_temperature_0_to_7cm,soil_temperature_7_to_28cm,soil_temperature_28_to_100cm,soil_temperature_100_to_255cm
Hildesheimer Boerde (loess),2026-10-03 00:00:00,0.318,0.206,0.146,0.178,11.0,14.8,13.1,15.6
Hildesheimer Boerde (loess),2026-10-03 01:00:00,0.316,0.206,0.146,0.178,10.7,14.5,13.1,15.6
Hildesheimer Boerde (loess),2026-10-03 02:00:00,0.315,0.207,0.146,0.178,10.5,14.2,13.1,15.6
Hildesheimer Boerde (loess),2026-10-03 03:00:00,0.314,0.207,0.146,0.178,10.3,14.0,13.1,15.6
Hildesheimer Boerde (loess),2026-10-03 04:00:00,0.313,0.207,0.146,0.178,10.0,13.7,13.1,15.6
Hildesheimer Boerde (loess),2026-10-03 05:00:00,0.312,0.208,0.146,0.178,9.7,13.5,13.1,15.6
Hildesheimer Boerde (loess),2026-10-03 06:00:00,0.311,0.208,0.146,0.178,9.9,13.3,13.1,15.6
Hildesheimer Boerde (loess),2026-10-03 07:00:00,0.31,0.208,0.146,0.178,10.9,13.1,13.1,15.6
Hildesheimer Boerde (loess),2026-10-03 08:00:00,0.308,0.209,0.146,0.178,12.4,13.0,13.2,15.6
Hildesheimer Boerde (loess),2026-10-03 09:00:00,0.306,0.209,0.146,0.178,13.9,13.0,13.2,15.6
Hildesheimer Boerde (loess),2026-10-03 10:00:00,0.304,0.209,0.146,0.178,15.3,13.1,13.2,15.6
Hildesheimer Boerde (loess),2026-10-03 11:00:00,0.301,0.21,0.146,0.178,16.6,13.3,13.2,15.6
Hildesheimer Boerde (loess),2026-10-03 12:00:00,0.299,0.21,0.146,0.178,17.6,13.6,13.2,15.6
Hildesheimer Boerde (loess),2026-10-03 13:00:00,0.296,0.21,0.146,0.178,18.1,13.8,13.2,15.6
Hildesheimer Boerde (loess),2026-10-03 14:00:00,0.294,0.21,0.146,0.178,18.3,14.1,13.2,15.6
Hildesheimer Boerde (loess),2026-10-03 15:00:00,0.292,0.21,0.146,0.178,18.0,14.3,13.2,15.6
Hildesheimer Boerde (loess),2026-10-03 16:00:00,0.291,0.21,0.146,0.178,17.3,14.5,13.2,15.6
Hildesheimer Boerde (loess),2026-10-03 17:00:00,0.29,0.21,0.146,0.178,16.1,14.6,13.2,15.6
Hildesheimer Boerde (loess),2026-10-03 18:00:00,0.29,0.21,0.146,0.178,15.0,14.6,13.2,15.6
Hildesheimer Boerde (loess),2026-10-03 19:00:00,0.289,0.21,0.146,0.178,14.1,14.6,13.2,15.6
Hildesheimer Boerde (loess),2026-10-03 20:00:00,0.289,0.211,0.146,0.178,13.2,14.5,13.3,15.6
Hildesheimer Boerde (loess),2026-10-03 21:00:00,0.288,0.211,0.146,0.178,12.4,14.4,13.3,15.6
Hildesheimer Boerde (loess),2026-10-03 22:00:00,0.287,0.211,0.146,0.178,11.8,14.2,13.3,15.6
Hildesheimer Boerde (loess),2026-10-03 23:00:00,0.287,0.211,0.146,0.178,11.4,14.1,13.3,15.6
Hildesheimer Boerde (loess),2026-10-04 00:00:00,0.286,0.211,0.146,0.178,11.0,13.9,13.3,15.6
Hildesheimer Boerde (loess),2026-10-04 01:00:00,0.286,0.211,0.146,0.178,10.7,13.7,13.3,15.6
Hildesheimer Boerde (loess),2026-10-04 02:00:00,0.285,0.212,0.146,0.178,10.4,13.5,13.3,15.6
Hildesheimer Boerde (loess),2026-10-04 03:00:00,0.285,0.212,0.146,0.178,10.2,13.3,13.3,15.6
Hildesheimer Boerde (loess),2026-10-04 04:00:00,0.284,0.212,0.146,0.178,10.0,13.1,13.3,15.6
Hildesheimer Boerde (loess),2026-10-04 05:00:00,0.284,0.212,0.146,0.178,9.7,12.9,13.3,15.6
Hildesheimer Boerde (loess),2026-10-04 06:00:00,0.283,0.212,0.146,0.178,9.9,12.7,13.3,15.6
Hildesheimer Boerde (loess),2026-10-04 07:00:00,0.283,0.212,0.146,0.178,10.8,12.6,13.3,15.6
Hildesheimer Boerde (loess),2026-10-04 08:00:00,0.282,0.213,0.146,0.178,12.0,12.5,13.3,15.6
Hildesheimer Boerde (loess),2026-10-04 09:00:00,0.281,0.213,0.146,0.178,13.3,12.5,13.3,15.6
Hildesheimer Boerde (loess),2026-10-04 10:00:00,0.279,0.213,0.146,0.178,14.6,12.6,13.3,15.6
Hildesheimer Boerde (loess),2026-10-04 11:00:00,0.276,0.213,0.146,0.178,15.9,12.8,13.3,15.6
Hildesheimer Boerde (loess),2026-10-04 12:00:00,0.274,0.213,0.146,0.178,16.9,13.1,13.3,15.6
Hildesheimer Boerde (loess),2026-10-04 13:00:00,0.272,0.213,0.146,0.178,17.5,13.3,13.3,15.6
Hildesheimer Boerde (loess),2026-10-04 14:00:00,0.27,0.212,0.146,0.178,17.9,13.6,13.3,15.5
Hildesheimer Boerde (loess),2026-10-04 15:00:00,0.268,0.212,0.146,0.178,17.8,13.9,13.3,15.5
Hildesheimer Boerde (loess),2026-10-04 16:00:00,0.267,0.212,0.146,0.178,17.0,14.0,13.3,15.5
Hildesheimer Boerde (loess),2026-10-04 17:00:00,0.266,0.213,0.146,0.178,15.8,14.2,13.3,15.5
Hildesheimer Boerde (loess),2026-10-04 18:00:00,0.266,0.213,0.146,0.178,14.6,14.2,13.3,15.5
Hildesheimer Boerde (loess),2026-10-04 19:00:00,0.266,0.213,0.146,0.178,13.7,14.2,13.3,15.5
Hildesheimer Boerde (loess),2026-10-04 20:00:00,0.266,0.213,0.146,0.178,12.8,14.1,13.4,15.5
Hildesheimer Boerde (loess),2026-10-04 21:00:00,0.266,0.213,0.146,0.178,12.1,14.0,13.4,15.5
Hildesheimer Boerde (loess),2026-10-04 22:00:00,0.266,0.213,0.146,0.178,11.5,13.9,13.4,15.5
Hildesheimer Boerde (loess),2026-10-04 23:00:00,0.265,0.213,0.146,0.178,11.0,13.7,13.4,15.5
Hildesheimer Boerde (loess),2026-10-05 00:00:00,0.265,0.213,0.146,0.178,10.6,13.5,13.4,15.5
Hildesheimer Boerde (loess),2026-10-05 01:00:00,0.265,0.213,0.146,0.178,10.3,13.3,13.4,15.5
Hildesheimer Boerde (loess),2026-10-05 02:00:00,0.264,0.213,0.146,0.178,10.1,13.2,13.4,15.5
Hildesheimer Boerde (loess),2026-10-05 03:00:00,0.264,0.213,0.146,0.178,10.0,13.0,13.4,15.5
Hildesheimer Boerde (loess),2026-10-05 04:00:00,0.264,0.213,0.146,0.178,9.7,12.8,13.4,15.5
Hildesheimer Boerde (loess),2026-10-05 05:00:00,0.263,0.213,0.146,0.178,9.5,12.6,13.4,15.5
Hildesheimer Boerde (loess),2026-10-05 06:00:00,0.263,0.213,0.146,0.178,9.7,12.5,13.4,15.5
Hildesheimer Boerde (loess),2026-10-05 07:00:00,0.263,0.213,0.146,0.178,10.4,12.4,13.4,15.5
Hildesheimer Boerde (loess),2026-10-05 08:00:00,0.262,0.214,0.146,0.178,11.5,12.3,13.4,15.5
Hildesheimer Boerde (loess),2026-10-05 09:00:00,0.261,0.214,0.146,0.178,12.7,12.3,13.4,15.5
Hildesheimer Boerde (loess),2026-10-05 10:00:00,0.259,0.214,0.146,0.178,14.1,12.4,13.4,15.5
Hildesheimer Boerde (loess),2026-10-05 11:00:00,0.257,0.213,0.146,0.178,15.6,12.6,13.4,15.5
Hildesheimer Boerde (loess),2026-10-05 12:00:00,0.255,0.213,0.146,0.178,16.8,12.8,13.4,15.5
Hildesheimer Boerde (loess),2026-10-05 13:00:00,0.253,0.213,0.146,0.178,17.4,13.0,13.4,15.5
Hildesheimer Boerde (loess),2026-10-05 14:00:00,0.251,0.213,0.146,0.178,17.5,13.3,13.4,15.5
Hildesheimer Boerde (loess),2026-10-05 15:00:00,0.249,0.213,0.146,0.178,17.3,13.5,13.4,15.5
Hildesheimer Boerde (loess),2026-10-05 16:00:00,0.248,0.213,0.146,0.178,16.5,13.7,13.4,15.5
Hildesheimer Boerde (loess),2026-10-05 17:00:00,0.248,0.213,0.146,0.178,15.3,13.8,13.4,15.5
Hildesheimer Boerde (loess),2026-10-05 18:00:00,0.248,0.213,0.146,0.178,14.3,13.9,13.4,15.5
Hildesheimer Boerde (loess),2026-10-05 19:00:00,0.248,0.213,0.146,0.178,13.5,13.9,13.4,15.5
Hildesheimer Boerde (loess),2026-10-05 20:00:00,0.248,0.213,0.146,0.178,12.8,13.9,13.4,15.5
Hildesheimer Boerde (loess),2026-10-05 21:00:00,0.248,0.213,0.146,0.178,12.3,13.8,13.4,15.5
Hildesheimer Boerde (loess),2026-10-05 22:00:00,0.248,0.213,0.146,0.178,11.8,13.7,13.4,15.5
Hildesheimer Boerde (loess),2026-10-05 23:00:00,0.247,0.213,0.146,0.178,11.4,13.5,13.4,15.5
Hildesheimer Boerde (loess),2026-10-06 00:00:00,0.247,0.213,0.146,0.178,11.1,13.4,13.4,15.5
Hildesheimer Boerde (loess),2026-10-06 01:00:00,0.247,0.213,0.146,0.178,10.9,13.2,13.4,15.5
Hildesheimer Boerde (loess),2026-10-06 02:00:00,0.247,0.213,0.146,0.178,10.7,13.1,13.5,15.5
Hildesheimer Boerde (loess),2026-10-06 03:00:00,0.247,0.213,0.146,0.178,10.6,13.0,13.5,15.5
Hildesheimer Boerde (loess),2026-10-06 04:00:00,0.247,0.213,0.146,0.178,10.3,12.8,13.5,15.5
Hildesheimer Boerde (loess),2026-10-06 05:00:00,0.246,0.213,0.146,0.178,10.0,12.7,13.5,15.5
Hildesheimer Boerde (loess),2026-10-06 06:00:00,0.246,0.213,0.146,0.178,10.1,12.5,13.5,15.5
Hildesheimer Boerde (loess),2026-10-06 07:00:00,0.246,0.213,0.146,0.178,10.8,12.4,13.5,15.5
Hildesheimer Boerde (loess),2026-10-06 08:00:00,0.246,0.213,0.146,0.178,12.0,12.4,13.4,15.5
Hildesheimer Boerde (loess),2026-10-06 09:00:00,0.245,0.213,0.146,0.178,13.3,12.4,13.4,15.5
Hildesheimer Boerde (loess),2026-10-06 10:00:00,0.244,0.213,0.146,0.178,14.8,12.6,13.4,15.5
Hildesheimer Boerde (loess),2026-10-06 11:00:00,0.242,0.212,0.146,0.178,16.4,12.8,13.4,15.5
Hildesheimer Boerde (loess),2026-10-06 12:00:00,0.24,0.212,0.146,0.178,17.6,13.0,13.4,15.5
Hildesheimer Boerde (loess),2026-10-06 13:00:00,0.238,0.212,0.146,0.178,18.3,13.3,13.4,15.5
Hildesheimer Boerde (loess),2026-10-06 14:00:00,0.236,0.212,0.147,0.178,18.6,13.6,13.5,15.5
Hildesheimer Boerde (loess),2026-10-06 15:00:00,0.235,0.212,0.147,0.178,18.4,13.9,13.5,15.5
Hildesheimer Boerde (loess),2026-10-06 16:00:00,0.234,0.212,0.147,0.178,17.5,14.1,13.5,15.5
Hildesheimer Boerde (loess),2026-10-06 17:00:00,0.234,0.212,0.147,0.178,16.2,14.2,13.5,15.5
Hildesheimer Boerde (loess),2026-10-06 18:00:00,0.234,0.212,0.147,0.178,14.9,14.3,13.5,15.5
Hildesheimer Boerde (loess),2026-10-06 19:00:00,0.234,0.212,0.147,0.178,14.0,14.3,13.5,15.5
Hildesheimer Boerde (loess),2026-10-06 20:00:00,0.234,0.212,0.147,0.178,13.3,14.3,13.5,15.5
Hildesheimer Boerde (loess),2026-10-06 21:00:00,0.234,0.212,0.147,0.178,12.6,14.2,13.5,15.5
Hildesheimer Boerde (loess),2026-10-06 22:00:00,0.234,0.212,0.147,0.178,12.1,14.1,13.5,15.5
Hildesheimer Boerde (loess),2026-10-06 23:00:00,0.234,0.212,0.147,0.178,11.7,13.9,13.5,15.5
Hildesheimer Boerde (loess),2026-10-07 00:00:00,0.234,0.212,0.147,0.178,11.3,13.8,13.5,15.5
Hildesheimer Boerde (loess),2026-10-07 01:00:00,0.234,0.212,0.147,0.178,10.8,13.6,13.5,15.5
Hildesheimer Boerde (loess),2026-10-07 02:00:00,0.234,0.212,0.147,0.178,10.3,13.4,13.5,15.5
Hildesheimer Boerde (loess),2026-10-07 03:00:00,0.234,0.212,0.147,0.178,9.9,13.2,13.5,15.5
Hildesheimer Boerde (loess),2026-10-07 04:00:00,0.234,0.212,0.147,0.178,9.4,13.0,13.5,15.5
Hildesheimer Boerde (loess),2026-10-07 05:00:00,0.233,0.212,0.147,0.178,9.0,12.8,13.5,15.5
Hildesheimer Boerde (loess),2026-10-07 06:00:00,0.233,0.212,0.147,0.178,9.0,12.6,13.5,15.5
Hildesheimer Boerde (loess),2026-10-07 07:00:00,0.233,0.212,0.147,0.178,9.9,12.5,13.5,15.5
Hildesheimer Boerde (loess),2026-10-07 08:00:00,0.233,0.212,0.147,0.178,11.3,12.4,13.5,15.5
Hildesheimer Boerde (loess),2026-10-07 09:00:00,0.232,0.212,0.147,0.178,12.8,12.4,13.5,15.5
Hildesheimer Boerde (loess),2026-10-07 10:00:00,0.231,0.212,0.147,0.178,14.5,12.5,13.5,15.5
Hildesheimer Boerde (loess),2026-10-07 11:00:00,0.229,0.211,0.147,0.178,16.2,12.7,13.5,15.5
Hildesheimer Boerde (loess),2026-10-07 12:00:00,0.227,0.211,0.147,0.178,17.6,12.9,13.5,15.5
Hildesheimer Boerde (loess),2026-10-07 13:00:00,0.225,0.211,0.147,0.178,18.3,13.2,13.5,15.5
Hildesheimer Boerde (loess),2026-10-07 14:00:00,0.223,0.211,0.147,0.178,18.6,13.5,13.5,15.5
Hildesheimer Boerde (loess),2026-10-07 15:00:00,0.222,0.211,0.147,0.178,18.4,13.8,13.5,15.5
Hildesheimer Boerde (loess),2026-10-07 16:00:00,0.222,0.211,0.147,0.178,17.5,14.0,13.5,15.5
Hildesheimer Boerde (loess),2026-10-07 17:00:00,0.222,0.21,0.147,0.178,16.2,14.2,13.5,15.5
Hildesheimer Boerde (loess),2026-10-07 18:00:00,0.222,0.21,0.147,0.178,14.9,14.3,13.5,15.5
Hildesheimer Boerde (loess),2026-10-07 19:00:00,0.222,0.21,0.147,0.178,14.0,14.3,13.5,15.5
Hildesheimer Boerde (loess),2026-10-07 20:00:00,0.222,0.21,0.147,0.178,13.2,14.2,13.5,15.5
Hildesheimer Boerde (loess),2026-10-07 21:00:00,0.222,0.21,0.147,0.178,12.5,14.1,13.5,15.5
Hildesheimer Boerde (loess),2026-10-07 22:00:00,0.222,0.21,0.147,0.178,12.1,14.0,13.5,15.5
Hildesheimer Boerde (loess),2026-10-07 23:00:00,0.221,0.21,0.147,0.178,11.8,13.9,13.5,15.5
Hildesheimer Boerde (loess),2026-10-08 00:00:00,0.221,0.21,0.147,0.178,11.6,13.7,13.5,15.5
Hildesheimer Boerde (loess),2026-10-08 01:00:00,0.219,0.21,0.147,0.178,11.5,13.6,13.5,15.5
Hildesheimer Boerde (loess),2026-10-08 02:00:00,0.218,0.21,0.147,0.178,11.6,13.5,13.6,15.5
Hildesheimer Boerde (loess),2026-10-08 03:00:00,0.223,0.21,0.147,0.178,11.7,13.4,13.6,15.5
Hildesheimer Boerde (loess),2026-10-08 04:00:00,0.238,0.21,0.147,0.178,11.8,13.3,13.6,15.5
Hildesheimer Boerde (loess),2026-10-08 05:00:00,0.259,0.211,0.147,0.178,11.9,13.2,13.6,15.5
Hildesheimer Boerde (loess),2026-10-08 06:00:00,0.28,0.211,0.147,0.178,12.1,13.1,13.6,15.5
Hildesheimer Boerde (loess),2026-10-08 07:00:00,0.3,0.211,0.147,0.178,12.1,13.1,13.6,15.5
Hildesheimer Boerde (loess),2026-10-08 08:00:00,0.321,0.212,0.147,0.178,12.2,13.0,13.6,15.5
Hildesheimer Boerde (loess),2026-10-08 09:00:00,0.334,0.212,0.147,0.178,12.4,13.0,13.6,15.5
Hildesheimer Boerde (loess),2026-10-08 10:00:00,0.337,0.213,0.147,0.178,12.9,13.0,13.6,15.5
Hildesheimer Boerde (loess),2026-10-08 11:00:00,0.332,0.213,0.147,0.178,13.6,13.1,13.6,15.5
Hildesheimer Boerde (loess),2026-10-08 12:00:00,0.328,0.214,0.147,0.178,14.2,13.1,13.6,15.5
Hildesheimer Boerde (loess),2026-10-08 13:00:00,0.325,0.214,0.147,0.178,14.7,13.2,13.6,15.5
Hildesheimer Boerde (loess),2026-10-08 14:00:00,0.323,0.215,0.147,0.178,15.1,13.4,13.6,15.5
Hildesheimer Boerde (loess),2026-10-08 15:00:00,0.32,0.215,0.147,0.178,15.2,13.5,13.6,15.5
Hildesheimer Boerde (loess),2026-10-08 16:00:00,0.318,0.215,0.147,0.178,14.8,13.5,13.6,15.5
Hildesheimer Boerde (loess),2026-10-08 17:00:00,0.316,0.216,0.147,0.178,14.1,13.6,13.6,15.5
Hildesheimer Boerde (loess),2026-10-08 18:00:00,0.315,0.216,0.147,0.178,13.5,13.6,13.6,15.5
Hildesheimer Boerde (loess),2026-10-08 19:00:00,0.314,0.216,0.147,0.178,13.2,13.6,13.6,15.5
Hildesheimer Boerde (loess),2026-10-08 20:00:00,0.313,0.217,0.147,0.178,13.1,13.6,13.6,15.5
Hildesheimer Boerde (loess),2026-10-08 21:00:00,0.313,0.217,0.147,0.178,13.0,13.5,13.6,15.5
Hildesheimer Boerde (loess),2026-10-08 22:00:00,0.314,0.217,0.147,0.178,12.8,13.5,13.6,15.5
Hildesheimer Boerde (loess),2026-10-08 23:00:00,0.315,0.218,0.147,0.178,12.7,13.5,13.6,15.5
Hildesheimer Boerde (loess),2026-10-09 00:00:00,0.315,0.218,0.147,0.178,12.6,13.4,13.6,15.5
Hildesheimer Boerde (loess),2026-10-09 01:00:00,0.314,0.218,0.147,0.178,12.4,13.4,13.6,15.5
Hildesheimer Boerde (loess),2026-10-09 02:00:00,0.313,0.219,0.147,0.178,12.3,13.3,13.6,15.5
Hildesheimer Boerde (loess),2026-10-09 03:00:00,0.312,0.219,0.147,0.178,12.2,13.2,13.6,15.5
Hildesheimer Boerde (loess),2026-10-09 04:00:00,0.311,0.219,0.147,0.178,12.2,13.2,13.6,15.5
Hildesheimer Boerde (loess),2026-10-09 05:00:00,0.31,0.22,0.147,0.178,12.1,13.1,13.6,15.4
Hildesheimer Boerde (loess),2026-10-09 06:00:00,0.309,0.22,0.147,0.178,12.2,13.1,13.6,15.4
Hildesheimer Boerde (loess),2026-10-09 07:00:00,0.309,0.22,0.147,0.178,12.4,13.0,13.6,15.4
Hildesheimer Boerde (loess),2026-10-09 08:00:00,0.309,0.221,0.147,0.178,12.7,13.0,13.6,15.4
Hildesheimer Boerde (loess),2026-10-09 09:00:00,0.309,0.221,0.147,0.178,13.1,13.0,13.6,15.4
Hildesheimer Boerde (loess),2026-10-09 10:00:00,0.309,0.221,0.147,0.178,13.4,13.0,13.6,15.4
Hildesheimer Boerde (loess),2026-10-09 11:00:00,0.31,0.222,0.147,0.178,13.7,13.0,13.6,15.4
Hildesheimer Boerde (loess),2026-10-09 12:00:00,0.31,0.222,0.147,0.178,13.9,13.1,13.6,15.4
Hildesheimer Boerde (loess),2026-10-09 13:00:00,0.311,0.222,0.147,0.178,13.9,13.1,13.6,15.4
Hildesheimer Boerde (loess),2026-10-09 14:00:00,0.311,0.223,0.147,0.178,13.7,13.2,13.6,15.4
Hildesheimer Boerde (loess),2026-10-09 15:00:00,0.312,0.223,0.147,0.178,13.6,13.3,13.6,15.4
Hildesheimer Boerde (loess),2026-10-09 16:00:00,0.313,0.223,0.147,0.178,13.4,13.3,13.6,15.4
Hildesheimer Boerde (loess),2026-10-09 17:00:00,0.313,0.224,0.147,0.178,13.1,13.4,13.6,15.4
Hildesheimer Boerde (loess),2026-10-09 18:00:00,0.313,0.224,0.147,0.178,12.8,13.4,13.6,15.4
Hildesheimer Boerde (loess),2026-10-09 19:00:00,0.313,0.224,0.147,0.178,12.6,13.4,13.6,15.4
Hildesheimer Boerde (loess),2026-10-09 20:00:00,0.312,0.225,0.147,0.178,12.3,13.3,13.6,15.4
Hildesheimer Boerde (loess),2026-10-09 21:00:00,0.311,0.225,0.147,0.178,12.0,13.3,13.6,15.4
Hildesheimer Boerde (loess),2026-10-09 22:00:00,0.31,0.225,0.147,0.178,11.8,13.2,13.6,15.4
Hildesheimer Boerde (loess),2026-10-09 23:00:00,0.31,0.225,0.147,0.178,11.5,13.1,13.6,15.4
Lueneburger Heide (sand),2026-10-03 00:00:00,0.26,0.244,0.171,0.221,10.8,14.2,14.3,14.8
Lueneburger Heide (sand),2026-10-03 01:00:00,0.258,0.244,0.171,0.221,10.5,13.9,14.3,14.8
Lueneburger Heide (sand),2026-10-03 02:00:00,0.258,0.244,0.171,0.221,10.3,13.6,14.3,14.8
Lueneburger Heide (sand),2026-10-03 03:00:00,0.257,0.244,0.171,0.221,10.2,13.4,14.3,14.8
Lueneburger Heide (sand),2026-10-03 04:00:00,0.256,0.244,0.171,0.221,9.8,13.1,14.3,14.8
Lueneburger Heide (sand),2026-10-03 05:00:00,0.255,0.244,0.171,0.221,9.4,12.9,14.3,14.8
Lueneburger Heide (sand),2026-10-03 06:00:00,0.254,0.244,0.171,0.221,9.6,12.7,14.3,14.8
Lueneburger Heide (sand),2026-10-03 07:00:00,0.253,0.244,0.171,0.221,10.5,12.6,14.3,14.8
Lueneburger Heide (sand),2026-10-03 08:00:00,0.252,0.243,0.172,0.221,12.0,12.5,14.3,14.8
Lueneburger Heide (sand),2026-10-03 09:00:00,0.251,0.243,0.172,0.221,13.4,12.5,14.3,14.8
Lueneburger Heide (sand),2026-10-03 10:00:00,0.249,0.243,0.172,0.221,14.6,12.7,14.3,14.8
Lueneburger Heide (sand),2026-10-03 11:00:00,0.248,0.242,0.172,0.221,15.7,12.9,14.3,14.8
Lueneburger Heide (sand),2026-10-03 12:00:00,0.246,0.242,0.172,0.221,16.5,13.2,14.3,14.8
Lueneburger Heide (sand),2026-10-03 13:00:00,0.244,0.242,0.172,0.221,17.1,13.5,14.3,14.8
Lueneburger Heide (sand),2026-10-03 14:00:00,0.243,0.241,0.172,0.221,17.3,13.8,14.2,14.8
Lueneburger Heide (sand),2026-10-03 15:00:00,0.242,0.241,0.172,0.221,17.2,14.1,14.2,14.8
Lueneburger Heide (sand),2026-10-03 16:00:00,0.241,0.241,0.172,0.221,16.3,14.3,14.2,14.8
Lueneburger Heide (sand),2026-10-03 17:00:00,0.241,0.24,0.172,0.221,15.1,14.4,14.3,14.8
Lueneburger Heide (sand),2026-10-03 18:00:00,0.241,0.24,0.172,0.221,13.9,14.4,14.3,14.8
Lueneburger Heide (sand),2026-10-03 19:00:00,0.241,0.24,0.172,0.221,13.1,14.4,14.3,14.8
Lueneburger Heide (sand),2026-10-03 20:00:00,0.24,0.24,0.172,0.221,12.3,14.2,14.3,14.8
Lueneburger Heide (sand),2026-10-03 21:00:00,0.24,0.24,0.172,0.221,11.7,14.0,14.3,14.8
Lueneburger Heide (sand),2026-10-03 22:00:00,0.24,0.24,0.172,0.221,11.2,13.8,14.3,14.8
Lueneburger Heide (sand),2026-10-03 23:00:00,0.239,0.24,0.173,0.221,10.9,13.6,14.3,14.8
Lueneburger Heide (sand),2026-10-04 00:00:00,0.239,0.24,0.173,0.221,10.7,13.4,14.3,14.8
Lueneburger Heide (sand),2026-10-04 01:00:00,0.239,0.24,0.173,0.221,10.5,13.2,14.3,14.8
Lueneburger Heide (sand),2026-10-04 02:00:00,0.239,0.239,0.173,0.221,10.4,13.0,14.2,14.8
Lueneburger Heide (sand),2026-10-04 03:00:00,0.239,0.239,0.173,0.221,10.3,12.8,14.2,14.8
Lueneburger Heide (sand),2026-10-04 04:00:00,0.239,0.239,0.173,0.221,10.0,12.6,14.2,14.8
Lueneburger Heide (sand),2026-10-04 05:00:00,0.238,0.239,0.173,0.221,9.8,12.4,14.2,14.8
Lueneburger Heide (sand),2026-10-04 06:00:00,0.238,0.239,0.173,0.221,9.8,12.3,14.2,14.8
Lueneburger Heide (sand),2026-10-04 07:00:00,0.238,0.239,0.173,0.221,10.5,12.2,14.2,14.8
Lueneburger Heide (sand),2026-10-04 08:00:00,0.238,0.238,0.173,0.221,11.5,12.1,14.2,14.8
Lueneburger Heide (sand),2026-10-04 09:00:00,0.237,0.238,0.173,0.221,12.6,12.2,14.2,14.8
Lueneburger Heide (sand),2026-10-04 10:00:00,0.236,0.238,0.173,0.221,13.8,12.3,14.2,14.8
Lueneburger Heide (sand),2026-10-04 11:00:00,0.234,0.237,0.173,0.221,15.0,12.5,14.1,14.8
Lueneburger Heide (sand),2026-10-04 12:00:00,0.233,0.237,0.173,0.221,15.9,12.8,14.1,14.8
Lueneburger Heide (sand),2026-10-04 13:00:00,0.232,0.237,0.173,0.221,16.3,13.0,14.1,14.8
Lueneburger Heide (sand),2026-10-04 14:00:00,0.231,0.236,0.173,0.221,16.5,13.3,14.1,14.8
Lueneburger Heide (sand),2026-10-04 15:00:00,0.23,0.236,0.173,0.221,16.3,13.6,14.1,14.8
Lueneburger Heide (sand),2026-10-04 16:00:00,0.23,0.236,0.173,0.221,15.6,13.8,14.1,14.8
Lueneburger Heide (sand),2026-10-04 17:00:00,0.23,0.235,0.174,0.221,14.7,13.9,14.1,14.8
Lueneburger Heide (sand),2026-10-04 18:00:00,0.23,0.235,0.174,0.221,13.8,14.0,14.1,14.8
Lueneburger Heide (sand),2026-10-04 19:00:00,0.23,0.235,0.174,0.221,13.0,13.9,14.1,14.8
Lueneburger Heide (sand),2026-10-04 20:00:00,0.229,0.234,0.174,0.221,12.2,13.8,14.1,14.8
Lueneburger Heide (sand),2026-10-04 21:00:00,0.229,0.234,0.174,0.221,11.5,13.7,14.1,14.8
Lueneburger Heide (sand),2026-10-04 22:00:00,0.229,0.234,0.174,0.221,11.0,13.5,14.1,14.8
Lueneburger Heide (sand),2026-10-04 23:00:00,0.229,0.234,0.174,0.221,10.7,13.3,14.1,14.8
Lueneburger Heide (sand),2026-10-05 00:00:00,0.229,0.234,0.174,0.221,10.4,13.1,14.1,14.8
Lueneburger Heide (sand),2026-10-05 01:00:00,0.229,0.234,0.174,0.221,10.2,12.9,14.1,14.8
Lueneburger Heide (sand),2026-10-05 02:00:00,0.229,0.233,0.174,0.221,10.1,12.7,14.1,14.8
Lueneburger Heide (sand),2026-10-05 03:00:00,0.229,0.233,0.174,0.221,10.0,12.5,14.1,14.8
Lueneburger Heide (sand),2026-10-05 04:00:00,0.229,0.233,0.174,0.221,9.9,12.4,14.1,14.8
Lueneburger Heide (sand),2026-10-05 05:00:00,0.229,0.233,0.174,0.221,9.9,12.2,14.1,14.8
Lueneburger Heide (sand),2026-10-05 06:00:00,0.229,0.233,0.174,0.221,10.2,12.1,14.1,14.8
Lueneburger Heide (sand),2026-10-05 07:00:00,0.229,0.233,0.174,0.221,10.9,12.0,14.1,14.8
Lueneburger Heide (sand),2026-10-05 08:00:00,0.229,0.232,0.174,0.221,11.9,12.0,14.0,14.8
Lueneburger Heide (sand),2026-10-05 09:00:00,0.228,0.232,0.174,0.221,12.9,12.1,14.0,14.8
Lueneburger Heide (sand),2026-10-05 10:00:00,0.227,0.232,0.174,0.221,14.0,12.2,14.0,14.8
Lueneburger Heide (sand),2026-10-05 11:00:00,0.226,0.231,0.175,0.22,15.0,12.5,14.0,14.8
Lueneburger Heide (sand),2026-10-05 12:00:00,0.225,0.231,0.175,0.22,15.8,12.7,14.0,14.8
Lueneburger Heide (sand),2026-10-05 13:00:00,0.224,0.231,0.175,0.22,16.3,13.0,14.0,14.8
Lueneburger Heide (sand),2026-10-05 14:00:00,0.223,0.23,0.175,0.22,16.4,13.3,14.0,14.8
Lueneburger Heide (sand),2026-10-05 15:00:00,0.222,0.23,0.175,0.22,16.3,13.5,14.0,14.8
Lueneburger Heide (sand),2026-10-05 16:00:00,0.221,0.23,0.175,0.22,15.7,13.7,14.0,14.8
Lueneburger Heide (sand),2026-10-05 17:00:00,0.221,0.229,0.175,0.22,14.9,13.8,14.0,14.8
Lueneburger Heide (sand),2026-10-05 18:00:00,0.221,0.229,0.175,0.22,14.1,13.9,14.0,14.8
Lueneburger Heide (sand),2026-10-05 19:00:00,0.221,0.229,0.175,0.22,13.6,13.9,14.0,14.8
Lueneburger Heide (sand),2026-10-05 20:00:00,0.221,0.229,0.175,0.22,13.1,13.9,14.0,14.8
Lueneburger Heide (sand),2026-10-05 21:00:00,0.221,0.229,0.175,0.22,12.7,13.8,14.0,14.8
Lueneburger Heide (sand),2026-10-05 22:00:00,0.221,0.229,0.175,0.22,12.4,13.7,14.0,14.8
Lueneburger Heide (sand),2026-10-05 23:00:00,0.221,0.229,0.175,0.22,12.2,13.6,14.0,14.8
Lueneburger Heide (sand),2026-10-06 00:00:00,0.221,0.229,0.175,0.22,12.0,13.5,14.0,14.8
Lueneburger Heide (sand),2026-10-06 01:00:00,0.221,0.229,0.175,0.22,11.8,13.4,14.0,14.8
Lueneburger Heide (sand),2026-10-06 02:00:00,0.221,0.228,0.175,0.22,11.8,13.3,14.0,14.8
Lueneburger Heide (sand),2026-10-06 03:00:00,0.221,0.228,0.175,0.22,11.7,13.2,14.0,14.8
Lueneburger Heide (sand),2026-10-06 04:00:00,0.221,0.228,0.175,0.22,11.5,13.1,14.0,14.8
Lueneburger Heide (sand),2026-10-06 05:00:00,0.221,0.228,0.175,0.22,11.2,13.0,14.0,14.8
Lueneburger Heide (sand),2026-10-06 06:00:00,0.221,0.228,0.175,0.22,11.3,12.9,14.0,14.8
Lueneburger Heide (sand),2026-10-06 07:00:00,0.221,0.228,0.175,0.22,11.7,12.8,14.0,14.8
Lueneburger Heide (sand),2026-10-06 08:00:00,0.22,0.227,0.175,0.22,12.5,12.8,13.9,14.8
Lueneburger Heide (sand),2026-10-06 09:00:00,0.22,0.227,0.175,0.22,13.3,12.8,13.9,14.8
Lueneburger Heide (sand),2026-10-06 10:00:00,0.219,0.227,0.175,0.22,14.3,12.9,13.9,14.8
Lueneburger Heide (sand),2026-10-06 11:00:00,0.219,0.226,0.175,0.22,15.3,13.1,13.9,14.8
Lueneburger Heide (sand),2026-10-06 12:00:00,0.218,0.226,0.175,0.22,16.1,13.3,13.9,14.8
Lueneburger Heide (sand),2026-10-06 13:00:00,0.217,0.226,0.175,0.22,16.7,13.6,13.9,14.8
Lueneburger Heide (sand),2026-10-06 14:00:00,0.217,0.225,0.175,0.22,17.0,13.8,13.9,14.8
Lueneburger Heide (sand),2026-10-06 15:00:00,0.216,0.225,0.175,0.22,16.9,14.0,13.9,14.8
Lueneburger Heide (sand),2026-10-06 16:00:00,0.216,0.225,0.175,0.22,16.1,14.2,13.9,14.8
Lueneburger Heide (sand),2026-10-06 17:00:00,0.216,0.225,0.176,0.22,14.9,14.3,13.9,14.8
Lueneburger Heide (sand),2026-10-06 18:00:00,0.216,0.225,0.176,0.22,13.7,14.3,13.9,14.8
Lueneburger Heide (sand),2026-10-06 19:00:00,0.216,0.225,0.176,0.22,12.9,14.3,13.9,14.8
Lueneburger Heide (sand),2026-10-06 20:00:00,0.216,0.224,0.176,0.22,12.1,14.1,14.0,14.8
Lueneburger Heide (sand),2026-10-06 21:00:00,0.216,0.224,0.176,0.22,11.5,13.9,14.0,14.8
Lueneburger Heide (sand),2026-10-06 22:00:00,0.216,0.224,0.176,0.22,11.0,13.7,14.0,14.8
Lueneburger Heide (sand),2026-10-06 23:00:00,0.216,0.224,0.176,0.22,10.8,13.5,14.0,14.8
Lueneburger Heide (sand),2026-10-07 00:00:00,0.216,0.224,0.176,0.22,10.5,13.3,14.0,14.8
Lueneburger Heide (sand),2026-10-07 01:00:00,0.216,0.224,0.176,0.22,10.3,13.1,14.0,14.8
Lueneburger Heide (sand),2026-10-07 02:00:00,0.216,0.224,0.176,0.22,10.1,12.9,13.9,14.8
Lueneburger Heide (sand),2026-10-07 03:00:00,0.216,0.224,0.176,0.22,10.0,12.7,13.9,14.8
Lueneburger Heide (sand),2026-10-07 04:00:00,0.216,0.224,0.176,0.22,9.8,12.5,13.9,14.8
Lueneburger Heide (sand),2026-10-07 05:00:00,0.216,0.223,0.176,0.22,9.6,12.3,13.9,14.8
Lueneburger Heide (sand),2026-10-07 06:00:00,0.216,0.223,0.176,0.22,9.8,12.2,13.9,14.8
Lueneburger Heide (sand),2026-10-07 07:00:00,0.216,0.223,0.176,0.22,10.6,12.1,13.9,14.8
Lueneburger Heide (sand),2026-10-07 08:00:00,0.216,0.223,0.176,0.22,11.7,12.0,13.9,14.8
Lueneburger Heide (sand),2026-10-07 09:00:00,0.215,0.223,0.176,0.22,13.0,12.1,13.9,14.8
Lueneburger Heide (sand),2026-10-07 10:00:00,0.214,0.223,0.176,0.22,14.3,12.3,13.9,14.8
Lueneburger Heide (sand),2026-10-07 11:00:00,0.213,0.222,0.176,0.22,15.7,12.5,13.9,14.8
Lueneburger Heide (sand),2026-10-07 12:00:00,0.212,0.222,0.176,0.22,16.8,12.8,13.9,14.8
Lueneburger Heide (sand),2026-10-07 13:00:00,0.211,0.222,0.176,0.22,17.4,13.2,13.9,14.8
Lueneburger Heide (sand),2026-10-07 14:00:00,0.21,0.221,0.176,0.22,17.6,13.5,13.9,14.8
Lueneburger Heide (sand),2026-10-07 15:00:00,0.209,0.221,0.176,0.22,17.4,13.8,13.9,14.8
Lueneburger Heide (sand),2026-10-07 16:00:00,0.209,0.221,0.176,0.22,16.5,14.0,13.9,14.8
Lueneburger Heide (sand),2026-10-07 17:00:00,0.209,0.22,0.176,0.22,15.2,14.2,13.9,14.8
Lueneburger Heide (sand),2026-10-07 18:00:00,0.209,0.22,0.176,0.22,14.0,14.2,13.9,14.8
Lueneburger Heide (sand),2026-10-07 19:00:00,0.209,0.22,0.176,0.22,13.2,14.2,13.9,14.8
Lueneburger Heide (sand),2026-10-07 20:00:00,0.209,0.22,0.176,0.22,12.6,14.1,13.9,14.8
Lueneburger Heide (sand),2026-10-07 21:00:00,0.209,0.22,0.176,0.22,12.0,13.9,13.9,14.8
Lueneburger Heide (sand),2026-10-07 22:00:00,0.209,0.22,0.176,0.22,11.6,13.8,13.9,14.8
Lueneburger Heide (sand),2026-10-07 23:00:00,0.209,0.219,0.176,0.22,11.3,13.6,13.9,14.8
Lueneburger Heide (sand),2026-10-08 00:00:00,0.209,0.219,0.176,0.22,11.0,13.4,13.9,14.8
Lueneburger Heide (sand),2026-10-08 01:00:00,0.207,0.219,0.176,0.22,10.9,13.3,13.9,14.8
Lueneburger Heide (sand),2026-10-08 02:00:00,0.205,0.219,0.176,0.22,10.9,13.1,13.9,14.8
Lueneburger Heide (sand),2026-10-08 03:00:00,0.209,0.219,0.176,0.22,10.9,12.9,13.9,14.8
Lueneburger Heide (sand),2026-10-08 04:00:00,0.225,0.219,0.176,0.22,11.0,12.8,13.9,14.8
Lueneburger Heide (sand),2026-10-08 05:00:00,0.247,0.218,0.176,0.22,11.1,12.7,13.9,14.8
Lueneburger Heide (sand),2026-10-08 06:00:00,0.269,0.219,0.176,0.22,11.3,12.6,13.9,14.8
Lueneburger Heide (sand),2026-10-08 07:00:00,0.292,0.222,0.176,0.22,11.4,12.5,13.9,14.8
Lueneburger Heide (sand),2026-10-08 08:00:00,0.315,0.227,0.176,0.22,11.4,12.5,13.8,14.8
Lueneburger Heide (sand),2026-10-08 09:00:00,0.328,0.232,0.176,0.22,11.6,12.4,13.8,14.8
Lueneburger Heide (sand),2026-10-08 10:00:00,0.326,0.238,0.176,0.22,11.8,12.4,13.8,14.8
Lueneburger Heide (sand),2026-10-08 11:00:00,0.314,0.243,0.177,0.22,12.1,12.4,13.8,14.8
Lueneburger Heide (sand),2026-10-08 12:00:00,0.304,0.248,0.177,0.22,12.4,12.4,13.8,14.8
Lueneburger Heide (sand),2026-10-08 13:00:00,0.298,0.251,0.177,0.22,12.7,12.5,13.8,14.8
Lueneburger Heide (sand),2026-10-08 14:00:00,0.293,0.252,0.177,0.22,13.0,12.5,13.8,14.8
Lueneburger Heide (sand),2026-10-08 15:00:00,0.289,0.253,0.177,0.22,13.1,12.6,13.8,14.8
Lueneburger Heide (sand),2026-10-08 16:00:00,0.288,0.254,0.177,0.22,13.1,12.6,13.8,14.8
Lueneburger Heide (sand),2026-10-08 17:00:00,0.288,0.255,0.177,0.22,13.0,12.7,13.8,14.8
Lueneburger Heide (sand),2026-10-08 18:00:00,0.288,0.256,0.177,0.22,12.9,12.7,13.8,14.8
Lueneburger Heide (sand),2026-10-08 19:00:00,0.286,0.257,0.177,0.22,12.8,12.8,13.8,14.8
Lueneburger Heide (sand),2026-10-08 20:00:00,0.283,0.257,0.178,0.22,12.6,12.8,13.8,14.7
Lueneburger Heide (sand),2026-10-08 21:00:00,0.28,0.258,0.178,0.22,12.5,12.8,13.8,14.7
Lueneburger Heide (sand),2026-10-08 22:00:00,0.278,0.258,0.178,0.22,12.4,12.8,13.8,14.7
Lueneburger Heide (sand),2026-10-08 23:00:00,0.276,0.259,0.178,0.22,12.2,12.8,13.7,14.7
Lueneburger Heide (sand),2026-10-09 00:00:00,0.274,0.259,0.178,0.22,12.1,12.8,13.7,14.7
Lueneburger Heide (sand),2026-10-09 01:00:00,0.272,0.259,0.178,0.22,12.1,12.7,13.7,14.7
Lueneburger Heide (sand),2026-10-09 02:00:00,0.27,0.259,0.179,0.22,12.0,12.7,13.7,14.8
Lueneburger Heide (sand),2026-10-09 03:00:00,0.269,0.259,0.179,0.22,12.0,12.7,13.7,14.8
Lueneburger Heide (sand),2026-10-09 04:00:00,0.268,0.259,0.179,0.22,12.0,12.6,13.7,14.8
Lueneburger Heide (sand),2026-10-09 05:00:00,0.267,0.259,0.179,0.22,12.1,12.6,13.7,14.8
Lueneburger Heide (sand),2026-10-09 06:00:00,0.267,0.259,0.179,0.22,12.1,12.6,13.7,14.8
Lueneburger Heide (sand),2026-10-09 07:00:00,0.269,0.259,0.179,0.22,12.3,12.6,13.7,14.8
Lueneburger Heide (sand),2026-10-09 08:00:00,0.272,0.259,0.18,0.22,12.5,12.6,13.7,14.8
Lueneburger Heide (sand),2026-10-09 09:00:00,0.275,0.259,0.18,0.22,12.7,12.6,13.7,14.8
Lueneburger Heide (sand),2026-10-09 10:00:00,0.278,0.259,0.18,0.22,12.9,12.7,13.7,14.8
Lueneburger Heide (sand),2026-10-09 11:00:00,0.28,0.259,0.18,0.22,13.1,12.7,13.7,14.7
Lueneburger Heide (sand),2026-10-09 12:00:00,0.282,0.259,0.18,0.22,13.2,12.8,13.7,14.7
Lueneburger Heide (sand),2026-10-09 13:00:00,0.282,0.259,0.18,0.22,13.3,12.8,13.7,14.7
Lueneburger Heide (sand),2026-10-09 14:00:00,0.281,0.26,0.181,0.22,13.3,12.9,13.7,14.7
Lueneburger Heide (sand),2026-10-09 15:00:00,0.279,0.26,0.181,0.22,13.2,12.9,13.7,14.7
Lueneburger Heide (sand),2026-10-09 16:00:00,0.277,0.26,0.181,0.22,13.2,13.0,13.7,14.7
Lueneburger Heide (sand),2026-10-09 17:00:00,0.275,0.26,0.181,0.22,13.1,13.0,13.7,14.7
Lueneburger Heide (sand),2026-10-09 18:00:00,0.273,0.26,0.181,0.22,13.0,13.1,13.7,14.7
Lueneburger Heide (sand),2026-10-09 19:00:00,0.272,0.26,0.181,0.22,13.0,13.1,13.7,14.7
Lueneburger Heide (sand),2026-10-09 20:00:00,0.271,0.26,0.181,0.22,12.9,13.1,13.7,14.7
Lueneburger Heide (sand),2026-10-09 21:00:00,0.27,0.26,0.181,0.22,12.9,13.1,13.7,14.7
Lueneburger Heide (sand),2026-10-09 22:00:00,0.269,0.26,0.181,0.22,12.8,13.1,13.7,14.7
Lueneburger Heide (sand),2026-10-09 23:00:00,0.269,0.26,0.181,0.22,12.8,13.1,13.7,14.7
Emsland (sand/peat),2026-10-03 00:00:00,0.472,0.447,0.432,0.592,12.2,15.6,14.3,12.9
Emsland (sand/peat),2026-10-03 01:00:00,0.472,0.447,0.432,0.592,11.8,15.5,14.3,12.9
Emsland (sand/peat),2026-10-03 02:00:00,0.472,0.447,0.433,0.592,11.4,15.4,14.3,12.9
Emsland (sand/peat),2026-10-03 03:00:00,0.472,0.447,0.433,0.592,11.1,15.3,14.3,12.9
Emsland (sand/peat),2026-10-03 04:00:00,0.472,0.447,0.433,0.592,10.7,15.2,14.3,12.9
Emsland (sand/peat),2026-10-03 05:00:00,0.472,0.447,0.433,0.592,10.4,15.0,14.3,12.9
Emsland (sand/peat),2026-10-03 06:00:00,0.472,0.447,0.433,0.592,10.3,14.9,14.3,12.9
Emsland (sand/peat),2026-10-03 07:00:00,0.472,0.447,0.433,0.592,10.8,14.8,14.3,12.9
Emsland (sand/peat),2026-10-03 08:00:00,0.471,0.447,0.433,0.592,11.6,14.7,14.3,12.9
Emsland (sand/peat),2026-10-03 09:00:00,0.47,0.447,0.433,0.592,12.5,14.6,14.3,12.9
Emsland (sand/peat),2026-10-03 10:00:00,0.469,0.447,0.433,0.592,13.7,14.6,14.3,12.9
Emsland (sand/peat),2026-10-03 11:00:00,0.468,0.446,0.433,0.592,15.1,14.6,14.3,12.9
Emsland (sand/peat),2026-10-03 12:00:00,0.467,0.446,0.433,0.592,16.3,14.6,14.3,12.9
Emsland (sand/peat),2026-10-03 13:00:00,0.465,0.446,0.433,0.592,17.1,14.7,14.3,12.9
Emsland (sand/peat),2026-10-03 14:00:00,0.463,0.446,0.432,0.592,17.6,14.8,14.3,12.9
Emsland (sand/peat),2026-10-03 15:00:00,0.462,0.446,0.432,0.592,17.8,14.8,14.3,12.9
Emsland (sand/peat),2026-10-03 16:00:00,0.461,0.446,0.432,0.592,17.4,14.9,14.3,12.9
Emsland (sand/peat),2026-10-03 17:00:00,0.461,0.446,0.432,0.592,16.6,14.9,14.3,12.9
Emsland (sand/peat),2026-10-03 18:00:00,0.461,0.446,0.432,0.592,15.8,15.0,14.3,12.9
Emsland (sand/peat),2026-10-03 19:00:00,0.461,0.446,0.432,0.592,15.1,15.0,14.3,12.9
Emsland (sand/peat),2026-10-03 20:00:00,0.461,0.446,0.433,0.592,14.3,15.0,14.3,12.9
Emsland (sand/peat),2026-10-03 21:00:00,0.461,0.446,0.433,0.592,13.7,14.9,14.3,12.9
Emsland (sand/peat),2026-10-03 22:00:00,0.461,0.446,0.433,0.592,13.1,14.9,14.3,12.9
Emsland (sand/peat),2026-10-03 23:00:00,0.461,0.446,0.433,0.592,12.7,14.8,14.3,12.9
Emsland (sand/peat),2026-10-04 00:00:00,0.461,0.446,0.433,0.592,12.3,14.8,14.3,12.9
Emsland (sand/peat),2026-10-04 01:00:00,0.461,0.446,0.433,0.592,12.0,14.7,14.3,12.9
Emsland (sand/peat),2026-10-04 02:00:00,0.461,0.446,0.433,0.592,11.8,14.6,14.3,12.9
Emsland (sand/peat),2026-10-04 03:00:00,0.461,0.446,0.433,0.592,11.6,14.5,14.3,12.9
Emsland (sand/peat),2026-10-04 04:00:00,0.461,0.446,0.433,0.592,11.2,14.4,14.3,12.9
Emsland (sand/peat),2026-10-04 05:00:00,0.461,0.446,0.433,0.592,10.8,14.4,14.3,12.9
Emsland (sand/peat),2026-10-04 06:00:00,0.461,0.446,0.433,0.592,10.8,14.3,14.3,12.9
Emsland (sand/peat),2026-10-04 07:00:00,0.461,0.446,0.433,0.592,11.3,14.2,14.3,12.9
Emsland (sand/peat),2026-10-04 08:00:00,0.461,0.446,0.433,0.592,12.1,14.1,14.3,12.9
Emsland (sand/peat),2026-10-04 09:00:00,0.46,0.446,0.433,0.592,13.0,14.0,14.3,12.9
Emsland (sand/peat),2026-10-04 10:00:00,0.459,0.446,0.433,0.592,14.2,14.0,14.3,12.9
Emsland (sand/peat),2026-10-04 11:00:00,0.458,0.445,0.433,0.592,15.4,14.1,14.3,12.9
Emsland (sand/peat),2026-10-04 12:00:00,0.457,0.445,0.433,0.592,16.4,14.1,14.3,12.9
Emsland (sand/peat),2026-10-04 13:00:00,0.456,0.445,0.433,0.592,17.0,14.2,14.3,12.9
Emsland (sand/peat),2026-10-04 14:00:00,0.456,0.445,0.433,0.591,17.4,14.3,14.3,12.9
Emsland (sand/peat),2026-10-04 15:00:00,0.455,0.445,0.433,0.591,17.4,14.4,14.3,12.9
Emsland (sand/peat),2026-10-04 16:00:00,0.455,0.445,0.433,0.591,17.0,14.4,14.3,12.9
Emsland (sand/peat),2026-10-04 17:00:00,0.454,0.445,0.433,0.591,16.3,14.5,14.3,12.9
Emsland (sand/peat),2026-10-04 18:00:00,0.454,0.445,0.433,0.591,15.5,14.5,14.3,12.9
Emsland (sand/peat),2026-10-04 19:00:00,0.454,0.445,0.433,0.591,14.8,14.5,14.3,12.9
Emsland (sand/peat),2026-10-04 20:00:00,0.454,0.445,0.433,0.591,14.0,14.5,14.3,12.9
Emsland (sand/peat),2026-10-04 21:00:00,0.454,0.445,0.433,0.591,13.3,14.5,14.3,12.9
Emsland (sand/peat),2026-10-04 22:00:00,0.454,0.445,0.433,0.591,12.7,14.5,14.3,12.9
Emsland (sand/peat),2026-10-04 23:00:00,0.454,0.445,0.433,0.591,12.1,14.4,14.3,12.9
Emsland (sand/peat),2026-10-05 00:00:00,0.454,0.445,0.433,0.591,11.6,14.4,14.3,12.9
Emsland (sand/peat),2026-10-05 01:00:00,0.454,0.445,0.433,0.591,11.2,14.3,14.3,12.9
Emsland (sand/peat),2026-10-05 02:00:00,0.453,0.445,0.433,0.591,10.9,14.2,14.3,12.9
Emsland (sand/peat),2026-10-05 03:00:00,0.453,0.445,0.433,0.591,10.7,14.1,14.3,12.9
Emsland (sand/peat),2026-10-05 04:00:00,0.453,0.445,0.433,0.591,10.5,14.0,14.3,12.9
Emsland (sand/peat),2026-10-05 05:00:00,0.453,0.445,0.433,0.591,10.3,13.9,14.2,12.9
Emsland (sand/peat),2026-10-05 06:00:00,0.453,0.445,0.433,0.591,10.5,13.8,14.2,12.9
Emsland (sand/peat),2026-10-05 07:00:00,0.453,0.445,0.433,0.591,11.0,13.7,14.2,12.9
Emsland (sand/peat),2026-10-05 08:00:00,0.453,0.445,0.433,0.591,11.7,13.7,14.2,12.9
Emsland (sand/peat),2026-10-05 09:00:00,0.452,0.445,0.433,0.591,12.6,13.6,14.2,12.9
Emsland (sand/peat),2026-10-05 10:00:00,0.451,0.445,0.433,0.591,13.7,13.6,14.2,12.9
Emsland (sand/peat),2026-10-05 11:00:00,0.449,0.444,0.433,0.591,14.9,13.7,14.2,12.9
Emsland (sand/peat),2026-10-05 12:00:00,0.448,0.444,0.433,0.591,15.9,13.7,14.2,12.9
Emsland (sand/peat),2026-10-05 13:00:00,0.447,0.444,0.433,0.591,16.6,13.8,14.2,12.9
Emsland (sand/peat),2026-10-05 14:00:00,0.445,0.444,0.433,0.591,17.1,13.9,14.2,12.9
Emsland (sand/peat),2026-10-05 15:00:00,0.444,0.444,0.433,0.591,17.2,14.0,14.2,12.9
Emsland (sand/peat),2026-10-05 16:00:00,0.444,0.444,0.433,0.591,16.9,14.1,14.2,12.9
Emsland (sand/peat),2026-10-05 17:00:00,0.444,0.443,0.433,0.591,16.3,14.1,14.2,12.9
Emsland (sand/peat),2026-10-05 18:00:00,0.444,0.443,0.433,0.591,15.7,14.2,14.2,12.9
Emsland (sand/peat),2026-10-05 19:00:00,0.444,0.443,0.433,0.591,15.1,14.2,14.2,12.9
Emsland (sand/peat),2026-10-05 20:00:00,0.444,0.443,0.433,0.591,14.5,14.2,14.2,12.9
Emsland (sand/peat),2026-10-05 21:00:00,0.444,0.443,0.433,0.591,14.0,14.2,14.2,12.9
Emsland (sand/peat),2026-10-05 22:00:00,0.444,0.443,0.433,0.591,13.6,14.2,14.2,12.9
Emsland (sand/peat),2026-10-05 23:00:00,0.444,0.443,0.433,0.591,13.2,14.2,14.2,12.9
Emsland (sand/peat),2026-10-06 00:00:00,0.444,0.443,0.433,0.591,12.9,14.2,14.2,12.9
Emsland (sand/peat),2026-10-06 01:00:00,0.444,0.443,0.433,0.591,12.6,14.1,14.2,12.9
Emsland (sand/peat),2026-10-06 02:00:00,0.444,0.443,0.433,0.591,12.4,14.1,14.2,12.9
Emsland (sand/peat),2026-10-06 03:00:00,0.444,0.443,0.433,0.591,12.1,14.0,14.2,12.9
Emsland (sand/peat),2026-10-06 04:00:00,0.444,0.443,0.433,0.591,11.8,14.0,14.2,12.9
Emsland (sand/peat),2026-10-06 05:00:00,0.444,0.443,0.433,0.591,11.4,13.9,14.2,12.9
Emsland (sand/peat),2026-10-06 06:00:00,0.444,0.443,0.433,0.591,11.3,13.9,14.2,12.9
Emsland (sand/peat),2026-10-06 07:00:00,0.444,0.443,0.433,0.591,11.5,13.8,14.2,12.9
Emsland (sand/peat),2026-10-06 08:00:00,0.443,0.443,0.433,0.591,11.9,13.7,14.2,12.9
Emsland (sand/peat),2026-10-06 09:00:00,0.443,0.443,0.433,0.591,12.5,13.7,14.2,12.9
Emsland (sand/peat),2026-10-06 10:00:00,0.442,0.443,0.433,0.591,13.5,13.7,14.2,12.9
Emsland (sand/peat),2026-10-06 11:00:00,0.442,0.443,0.433,0.591,14.7,13.7,14.2,12.9
Emsland (sand/peat),2026-10-06 12:00:00,0.441,0.443,0.433,0.591,15.7,13.8,14.2,12.9
Emsland (sand/peat),2026-10-06 13:00:00,0.44,0.443,0.433,0.591,16.6,13.8,14.2,12.9
Emsland (sand/peat),2026-10-06 14:00:00,0.439,0.443,0.433,0.591,17.3,13.9,14.2,12.9
Emsland (sand/peat),2026-10-06 15:00:00,0.438,0.443,0.433,0.591,17.6,14.0,14.2,12.9
Emsland (sand/peat),2026-10-06 16:00:00,0.437,0.443,0.433,0.591,17.2,14.1,14.2,12.9
Emsland (sand/peat),2026-10-06 17:00:00,0.437,0.442,0.433,0.591,16.4,14.2,14.2,12.9
Emsland (sand/peat),2026-10-06 18:00:00,0.437,0.442,0.433,0.591,15.6,14.2,14.2,12.9
Emsland (sand/peat),2026-10-06 19:00:00,0.437,0.442,0.433,0.591,14.9,14.2,14.2,12.9
Emsland (sand/peat),2026-10-06 20:00:00,0.437,0.442,0.433,0.591,14.1,14.2,14.2,12.9
Emsland (sand/peat),2026-10-06 21:00:00,0.437,0.442,0.433,0.591,13.5,14.2,14.2,12.9
Emsland (sand/peat),2026-10-06 22:00:00,0.437,0.442,0.433,0.591,13.0,14.2,14.2,12.9
Emsland (sand/peat),2026-10-06 23:00:00,0.437,0.442,0.433,0.591,12.6,14.2,14.2,12.9
Emsland (sand/peat),2026-10-07 00:00:00,0.437,0.442,0.433,0.591,12.3,14.1,14.2,12.9
Emsland (sand/peat),2026-10-07 01:00:00,0.437,0.442,0.433,0.591,12.1,14.1,14.2,12.9
Emsland (sand/peat),2026-10-07 02:00:00,0.437,0.442,0.433,0.591,11.8,14.0,14.2,12.9
Emsland (sand/peat),2026-10-07 03:00:00,0.437,0.442,0.433,0.591,11.6,13.9,14.2,12.9
Emsland (sand/peat),2026-10-07 04:00:00,0.437,0.442,0.433,0.591,11.3,13.9,14.2,12.9
Emsland (sand/peat),2026-10-07 05:00:00,0.437,0.442,0.433,0.591,11.0,13.8,14.2,12.9
Emsland (sand/peat),2026-10-07 06:00:00,0.437,0.442,0.433,0.591,11.0,13.8,14.2,12.9
Emsland (sand/peat),2026-10-07 07:00:00,0.437,0.442,0.433,0.591,11.3,13.7,14.2,12.9
Emsland (sand/peat),2026-10-07 08:00:00,0.437,0.442,0.433,0.591,11.9,13.7,14.2,12.9
Emsland (sand/peat),2026-10-07 09:00:00,0.437,0.442,0.433,0.591,12.8,13.6,14.2,12.9
Emsland (sand/peat),2026-10-07 10:00:00,0.436,0.442,0.433,0.591,14.0,13.6,14.2,12.9
Emsland (sand/peat),2026-10-07 11:00:00,0.434,0.442,0.433,0.591,15.5,13.7,14.1,12.9
Emsland (sand/peat),2026-10-07 12:00:00,0.433,0.442,0.433,0.591,16.7,13.7,14.1,12.9
Emsland (sand/peat),2026-10-07 13:00:00,0.432,0.442,0.433,0.591,17.5,13.8,14.1,12.9
Emsland (sand/peat),2026-10-07 14:00:00,0.431,0.441,0.433,0.591,18.1,13.9,14.1,12.9
Emsland (sand/peat),2026-10-07 15:00:00,0.43,0.441,0.433,0.591,18.3,14.0,14.1,12.9
Emsland (sand/peat),2026-10-07 16:00:00,0.429,0.441,0.433,0.591,18.0,14.1,14.1,12.9
Emsland (sand/peat),2026-10-07 17:00:00,0.429,0.441,0.433,0.591,17.4,14.2,14.1,12.9
Emsland (sand/peat),2026-10-07 18:00:00,0.429,0.441,0.433,0.591,16.8,14.3,14.1,12.9
Emsland (sand/peat),2026-10-07 19:00:00,0.429,0.441,0.433,0.591,16.3,14.4,14.1,12.9
Emsland (sand/peat),2026-10-07 20:00:00,0.428,0.441,0.433,0.591,15.8,14.4,14.1,12.9
Emsland (sand/peat),2026-10-07 21:00:00,0.429,0.441,0.433,0.591,15.4,14.4,14.1,12.9
Emsland (sand/peat),2026-10-07 22:00:00,0.43,0.441,0.433,0.591,15.0,14.4,14.1,12.9
Emsland (sand/peat),2026-10-07 23:00:00,0.432,0.441,0.433,0.591,14.7,14.4,14.1,12.9
Emsland (sand/peat),2026-10-08 00:00:00,0.436,0.441,0.433,0.591,14.4,14.4,14.1,12.9
Emsland (sand/peat),2026-10-08 01:00:00,0.44,0.441,0.433,0.591,14.2,14.4,14.1,12.9
Emsland (sand/peat),2026-10-08 02:00:00,0.446,0.441,0.433,0.591,13.9,14.4,14.1,12.9
Emsland (sand/peat),2026-10-08 03:00:00,0.46,0.441,0.433,0.591,13.7,14.4,14.1,12.9
Emsland (sand/peat),2026-10-08 04:00:00,0.488,0.441,0.433,0.591,13.4,14.4,14.1,12.9
Emsland (sand/peat),2026-10-08 05:00:00,0.525,0.441,0.433,0.591,13.1,14.4,14.1,12.9
Emsland (sand/peat),2026-10-08 06:00:00,0.556,0.441,0.433,0.591,12.8,14.3,14.1,12.9
Emsland (sand/peat),2026-10-08 07:00:00,0.577,0.441,0.433,0.591,12.4,14.3,14.1,12.9
Emsland (sand/peat),2026-10-08 08:00:00,0.592,0.442,0.433,0.591,12.0,14.2,14.1,12.9
Emsland (sand/peat),2026-10-08 09:00:00,0.605,0.443,0.433,0.591,11.7,14.1,14.1,12.9
Emsland (sand/peat),2026-10-08 10:00:00,0.615,0.444,0.433,0.591,11.6,14.1,14.1,12.9
Emsland (sand/peat),2026-10-08 11:00:00,0.621,0.446,0.433,0.591,11.6,14.0,14.1,12.9
Emsland (sand/peat),2026-10-08 12:00:00,0.626,0.447,0.433,0.591,11.7,13.9,14.1,12.9
Emsland (sand/peat),2026-10-08 13:00:00,0.628,0.448,0.433,0.591,11.7,13.9,14.1,12.9
Emsland (sand/peat),2026-10-08 14:00:00,0.629,0.45,0.433,0.591,11.7,13.8,14.1,12.9
Emsland (sand/peat),2026-10-08 15:00:00,0.629,0.451,0.433,0.591,11.7,13.7,14.1,12.9
Emsland (sand/peat),2026-10-08 16:00:00,0.629,0.452,0.433,0.591,11.6,13.7,14.1,12.9
Emsland (sand/peat),2026-10-08 17:00:00,0.629,0.454,0.433,0.59,11.5,13.6,14.1,12.9
Emsland (sand/peat),2026-10-08 18:00:00,0.63,0.455,0.433,0.59,11.4,13.6,14.1,12.9
Emsland (sand/peat),2026-10-08 19:00:00,0.632,0.456,0.433,0.59,11.4,13.5,14.1,12.9
Emsland (sand/peat),2026-10-08 20:00:00,0.635,0.458,0.433,0.59,11.4,13.4,14.1,12.9
Emsland (sand/peat),2026-10-08 21:00:00,0.637,0.459,0.433,0.59,11.5,13.4,14.1,12.9
Emsland (sand/peat),2026-10-08 22:00:00,0.637,0.461,0.433,0.59,11.6,13.3,14.1,12.9
Emsland (sand/peat),2026-10-08 23:00:00,0.636,0.462,0.433,0.59,11.7,13.3,14.1,12.9
Emsland (sand/peat),2026-10-09 00:00:00,0.634,0.464,0.433,0.59,11.7,13.3,14.1,12.9
Emsland (sand/peat),2026-10-09 01:00:00,0.632,0.465,0.433,0.59,11.8,13.2,14.1,12.9
Emsland (sand/peat),2026-10-09 02:00:00,0.629,0.466,0.434,0.59,11.8,13.2,14.1,12.9
Emsland (sand/peat),2026-10-09 03:00:00,0.626,0.467,0.434,0.59,11.8,13.2,14.1,12.9
Emsland (sand/peat),2026-10-09 04:00:00,0.622,0.468,0.434,0.59,11.8,13.1,14.1,12.9
Emsland (sand/peat),2026-10-09 05:00:00,0.619,0.469,0.434,0.59,11.9,13.1,14.1,12.9
Emsland (sand/peat),2026-10-09 06:00:00,0.615,0.47,0.434,0.59,12.0,13.1,14.1,12.9
Emsland (sand/peat),2026-10-09 07:00:00,0.612,0.471,0.434,0.59,12.2,13.1,14.1,12.9
Emsland (sand/peat),2026-10-09 08:00:00,0.609,0.472,0.434,0.59,12.5,13.1,14.0,12.9
Emsland (sand/peat),2026-10-09 09:00:00,0.607,0.473,0.434,0.59,12.7,13.1,14.0,12.9
Emsland (sand/peat),2026-10-09 10:00:00,0.605,0.474,0.434,0.59,13.0,13.1,14.0,12.9
Emsland (sand/peat),2026-10-09 11:00:00,0.603,0.474,0.434,0.59,13.3,13.1,14.0,12.9
Emsland (sand/peat),2026-10-09 12:00:00,0.601,0.475,0.434,0.59,13.5,13.1,14.0,12.9
Emsland (sand/peat),2026-10-09 13:00:00,0.598,0.475,0.434,0.59,13.6,13.1,14.0,12.9
Emsland (sand/peat),2026-10-09 14:00:00,0.596,0.476,0.434,0.59,13.6,13.1,14.0,12.9
Emsland (sand/peat),2026-10-09 15:00:00,0.594,0.476,0.434,0.59,13.6,13.2,14.0,12.9
Emsland (sand/peat),2026-10-09 16:00:00,0.593,0.477,0.434,0.59,13.5,13.2,14.0,12.9
Emsland (sand/peat),2026-10-09 17:00:00,0.593,0.477,0.434,0.59,13.5,13.2,14.0,12.9
Emsland (sand/peat),2026-10-09 18:00:00,0.595,0.478,0.434,0.59,13.4,13.2,14.0,12.9
Emsland (sand/peat),2026-10-09 19:00:00,0.602,0.479,0.434,0.59,13.2,13.2,14.0,12.9
Emsland (sand/peat),2026-10-09 20:00:00,0.611,0.48,0.434,0.59,13.0,13.2,14.0,12.9
Emsland (sand/peat),2026-10-09 21:00:00,0.621,0.481,0.434,0.59,12.8,13.2,14.0,12.9
Emsland (sand/peat),2026-10-09 22:00:00,0.631,0.482,0.434,0.59,12.6,13.2,14.0,12.9
Emsland (sand/peat),2026-10-09 23:00:00,0.64,0.484,0.434,0.59,12.4,13.2,14.0,12.9
Wesermarsch (marsh clay),2026-10-03 00:00:00,0.27,0.205,0.139,0.283,12.9,15.7,15.8,15.3
Wesermarsch (marsh clay),2026-10-03 01:00:00,0.269,0.205,0.139,0.283,12.6,15.6,15.8,15.3
Wesermarsch (marsh clay),2026-10-03 02:00:00,0.269,0.206,0.139,0.283,12.3,15.4,15.8,15.3
Wesermarsch (marsh clay),2026-10-03 03:00:00,0.269,0.206,0.139,0.283,12.0,15.2,15.8,15.3
Wesermarsch (marsh clay),2026-10-03 04:00:00,0.269,0.206,0.139,0.283,11.6,15.0,15.8,15.3
Wesermarsch (marsh clay),2026-10-03 05:00:00,0.268,0.206,0.139,0.283,11.2,14.8,15.8,15.3
Wesermarsch (marsh clay),2026-10-03 06:00:00,0.268,0.206,0.139,0.283,11.2,14.6,15.8,15.3
Wesermarsch (marsh clay),2026-10-03 07:00:00,0.268,0.206,0.139,0.283,11.8,14.5,15.8,15.3
Wesermarsch (marsh clay),2026-10-03 08:00:00,0.267,0.206,0.139,0.283,12.7,14.4,15.8,15.3
Wesermarsch (marsh clay),2026-10-03 09:00:00,0.266,0.206,0.139,0.283,13.8,14.3,15.8,15.3
Wesermarsch (marsh clay),2026-10-03 10:00:00,0.264,0.206,0.139,0.283,15.1,14.4,15.8,15.3
Wesermarsch (marsh clay),2026-10-03 11:00:00,0.262,0.206,0.139,0.283,16.5,14.5,15.8,15.3
Wesermarsch (marsh clay),2026-10-03 12:00:00,0.26,0.206,0.139,0.283,17.6,14.6,15.8,15.3
Wesermarsch (marsh clay),2026-10-03 13:00:00,0.258,0.206,0.139,0.283,18.1,14.8,15.8,15.3
Wesermarsch (marsh clay),2026-10-03 14:00:00,0.256,0.205,0.139,0.283,18.4,15.1,15.8,15.3
Wesermarsch (marsh clay),2026-10-03 15:00:00,0.254,0.205,0.139,0.283,18.2,15.3,15.8,15.3
Wesermarsch (marsh clay),2026-10-03 16:00:00,0.253,0.205,0.139,0.283,17.6,15.4,15.8,15.3
Wesermarsch (marsh clay),2026-10-03 17:00:00,0.253,0.205,0.139,0.283,16.5,15.5,15.7,15.3
Wesermarsch (marsh clay),2026-10-03 18:00:00,0.253,0.205,0.139,0.283,15.5,15.5,15.7,15.3
Wesermarsch (marsh clay),2026-10-03 19:00:00,0.253,0.205,0.139,0.283,14.7,15.5,15.7,15.3
Wesermarsch (marsh clay),2026-10-03 20:00:00,0.252,0.205,0.139,0.283,14.0,15.4,15.7,15.3
Wesermarsch (marsh clay),2026-10-03 21:00:00,0.252,0.205,0.139,0.283,13.4,15.3,15.7,15.3
Wesermarsch (marsh clay),2026-10-03 22:00:00,0.252,0.205,0.139,0.283,13.0,15.2,15.7,15.3
Wesermarsch (marsh clay),2026-10-03 23:00:00,0.252,0.206,0.139,0.283,12.7,15.1,15.7,15.3
Wesermarsch (marsh clay),2026-10-04 00:00:00,0.252,0.206,0.139,0.283,12.5,14.9,15.7,15.3
Wesermarsch (marsh clay),2026-10-04 01:00:00,0.252,0.206,0.139,0.283,12.3,14.8,15.7,15.3
Wesermarsch (marsh clay),2026-10-04 02:00:00,0.251,0.206,0.139,0.283,12.1,14.7,15.7,15.3
Wesermarsch (marsh clay),2026-10-04 03:00:00,0.251,0.206,0.139,0.283,12.0,14.6,15.7,15.3
Wesermarsch (marsh clay),2026-10-04 04:00:00,0.251,0.206,0.139,0.283,11.7,14.4,15.7,15.3
Wesermarsch (marsh clay),2026-10-04 05:00:00,0.251,0.206,0.139,0.283,11.3,14.3,15.7,15.3
Wesermarsch (marsh clay),2026-10-04 06:00:00,0.251,0.206,0.139,0.283,11.4,14.1,15.7,15.3
Wesermarsch (marsh clay),2026-10-04 07:00:00,0.25,0.206,0.139,0.283,12.1,14.0,15.7,15.3
Wesermarsch (marsh clay),2026-10-04 08:00:00,0.25,0.206,0.139,0.283,13.2,14.0,15.7,15.3
Wesermarsch (marsh clay),2026-10-04 09:00:00,0.249,0.206,0.139,0.283,14.2,14.0,15.7,15.3
Wesermarsch (marsh clay),2026-10-04 10:00:00,0.248,0.206,0.139,0.283,15.3,14.0,15.7,15.3
Wesermarsch (marsh clay),2026-10-04 11:00:00,0.248,0.206,0.139,0.283,16.3,14.2,15.6,15.3
Wesermarsch (marsh clay),2026-10-04 12:00:00,0.247,0.206,0.139,0.283,17.0,14.3,15.6,15.3
Wesermarsch (marsh clay),2026-10-04 13:00:00,0.247,0.206,0.139,0.283,17.4,14.5,15.6,15.3
Wesermarsch (marsh clay),2026-10-04 14:00:00,0.246,0.205,0.139,0.283,17.5,14.7,15.6,15.3
Wesermarsch (marsh clay),2026-10-04 15:00:00,0.246,0.205,0.139,0.283,17.3,14.8,15.6,15.3
Wesermarsch (marsh clay),2026-10-04 16:00:00,0.246,0.205,0.139,0.283,16.6,14.9,15.6,15.3
Wesermarsch (marsh clay),2026-10-04 17:00:00,0.245,0.205,0.139,0.283,15.7,15.0,15.6,15.3
Wesermarsch (marsh clay),2026-10-04 18:00:00,0.245,0.205,0.139,0.283,14.8,15.1,15.6,15.3
Wesermarsch (marsh clay),2026-10-04 19:00:00,0.245,0.205,0.139,0.283,13.9,15.0,15.6,15.3
Wesermarsch (marsh clay),2026-10-04 20:00:00,0.245,0.206,0.139,0.283,13.1,14.9,15.6,15.3
Wesermarsch (marsh clay),2026-10-04 21:00:00,0.245,0.206,0.139,0.283,12.4,14.8,15.6,15.3
Wesermarsch (marsh clay),2026-10-04 22:00:00,0.245,0.206,0.139,0.283,12.1,14.7,15.6,15.3
Wesermarsch (marsh clay),2026-10-04 23:00:00,0.244,0.206,0.139,0.283,11.9,14.6,15.6,15.3
Wesermarsch (marsh clay),2026-10-05 00:00:00,0.244,0.206,0.139,0.283,11.8,14.4,15.6,15.3
Wesermarsch (marsh clay),2026-10-05 01:00:00,0.244,0.206,0.139,0.283,11.7,14.3,15.6,15.3
Wesermarsch (marsh clay),2026-10-05 02:00:00,0.244,0.206,0.14,0.283,11.7,14.2,15.6,15.3
Wesermarsch (marsh clay),2026-10-05 03:00:00,0.244,0.206,0.14,0.283,11.6,14.1,15.6,15.3
Wesermarsch (marsh clay),2026-10-05 04:00:00,0.244,0.206,0.14,0.283,11.4,13.9,15.6,15.3
Wesermarsch (marsh clay),2026-10-05 05:00:00,0.243,0.206,0.14,0.283,11.1,13.8,15.5,15.3
Wesermarsch (marsh clay),2026-10-05 06:00:00,0.243,0.206,0.14,0.283,11.2,13.7,15.5,15.3
Wesermarsch (marsh clay),2026-10-05 07:00:00,0.243,0.206,0.14,0.283,11.7,13.6,15.5,15.3
Wesermarsch (marsh clay),2026-10-05 08:00:00,0.243,0.206,0.14,0.283,12.6,13.5,15.5,15.3
Wesermarsch (marsh clay),2026-10-05 09:00:00,0.242,0.206,0.14,0.283,13.5,13.5,15.5,15.3
Wesermarsch (marsh clay),2026-10-05 10:00:00,0.241,0.206,0.14,0.283,14.6,13.6,15.5,15.3
Wesermarsch (marsh clay),2026-10-05 11:00:00,0.24,0.205,0.14,0.283,15.8,13.7,15.5,15.3
Wesermarsch (marsh clay),2026-10-05 12:00:00,0.238,0.205,0.14,0.283,16.7,13.9,15.5,15.3
Wesermarsch (marsh clay),2026-10-05 13:00:00,0.236,0.205,0.14,0.283,17.3,14.1,15.5,15.3
Wesermarsch (marsh clay),2026-10-05 14:00:00,0.234,0.205,0.14,0.283,17.5,14.3,15.5,15.3
Wesermarsch (marsh clay),2026-10-05 15:00:00,0.233,0.205,0.14,0.283,17.5,14.5,15.5,15.3
Wesermarsch (marsh clay),2026-10-05 16:00:00,0.232,0.205,0.14,0.283,16.9,14.7,15.5,15.3
Wesermarsch (marsh clay),2026-10-05 17:00:00,0.232,0.205,0.14,0.283,16.0,14.8,15.5,15.3
Wesermarsch (marsh clay),2026-10-05 18:00:00,0.232,0.205,0.14,0.283,15.2,14.8,15.5,15.3
Wesermarsch (marsh clay),2026-10-05 19:00:00,0.232,0.205,0.14,0.283,14.7,14.8,15.5,15.3
Wesermarsch (marsh clay),2026-10-05 20:00:00,0.232,0.205,0.14,0.283,14.2,14.8,15.5,15.3
Wesermarsch (marsh clay),2026-10-05 21:00:00,0.232,0.205,0.14,0.283,13.8,14.8,15.5,15.3
Wesermarsch (marsh clay),2026-10-05 22:00:00,0.232,0.205,0.14,0.283,13.6,14.7,15.5,15.3
Wesermarsch (marsh clay),2026-10-05 23:00:00,0.231,0.205,0.14,0.283,13.6,14.7,15.4,15.3
Wesermarsch (marsh clay),2026-10-06 00:00:00,0.231,0.205,0.14,0.283,13.5,14.6,15.4,15.3
Wesermarsch (marsh clay),2026-10-06 01:00:00,0.231,0.205,0.14,0.283,13.3,14.6,15.4,15.3
Wesermarsch (marsh clay),2026-10-06 02:00:00,0.231,0.205,0.14,0.283,13.2,14.5,15.4,15.3
Wesermarsch (marsh clay),2026-10-06 03:00:00,0.231,0.205,0.14,0.283,13.0,14.4,15.4,15.3
Wesermarsch (marsh clay),2026-10-06 04:00:00,0.231,0.205,0.14,0.283,12.7,14.3,15.4,15.3
Wesermarsch (marsh clay),2026-10-06 05:00:00,0.231,0.205,0.14,0.283,12.3,14.2,15.4,15.3
Wesermarsch (marsh clay),2026-10-06 06:00:00,0.231,0.205,0.14,0.283,12.3,14.2,15.4,15.3
Wesermarsch (marsh clay),2026-10-06 07:00:00,0.231,0.205,0.14,0.283,12.8,14.1,15.4,15.3
Wesermarsch (marsh clay),2026-10-06 08:00:00,0.231,0.205,0.14,0.283,13.5,14.1,15.4,15.3
Wesermarsch (marsh clay),2026-10-06 09:00:00,0.23,0.205,0.14,0.283,14.4,14.1,15.4,15.3
Wesermarsch (marsh clay),2026-10-06 10:00:00,0.229,0.205,0.14,0.283,15.6,14.2,15.4,15.3
Wesermarsch (marsh clay),2026-10-06 11:00:00,0.227,0.204,0.14,0.283,16.9,14.3,15.4,15.3
Wesermarsch (marsh clay),2026-10-06 12:00:00,0.226,0.204,0.14,0.283,17.9,14.5,15.4,15.3
Wesermarsch (marsh clay),2026-10-06 13:00:00,0.225,0.204,0.14,0.283,18.4,14.7,15.4,15.3
Wesermarsch (marsh clay),2026-10-06 14:00:00,0.223,0.203,0.14,0.283,18.7,14.9,15.4,15.3
Wesermarsch (marsh clay),2026-10-06 15:00:00,0.222,0.203,0.14,0.283,18.6,15.1,15.4,15.3
Wesermarsch (marsh clay),2026-10-06 16:00:00,0.222,0.203,0.14,0.283,17.9,15.3,15.4,15.3
Wesermarsch (marsh clay),2026-10-06 17:00:00,0.222,0.203,0.14,0.283,16.8,15.4,15.4,15.3
Wesermarsch (marsh clay),2026-10-06 18:00:00,0.222,0.203,0.14,0.283,15.8,15.5,15.4,15.3
Wesermarsch (marsh clay),2026-10-06 19:00:00,0.222,0.203,0.14,0.283,15.1,15.5,15.4,15.3
Wesermarsch (marsh clay),2026-10-06 20:00:00,0.221,0.203,0.14,0.283,14.4,15.4,15.4,15.3
Wesermarsch (marsh clay),2026-10-06 21:00:00,0.221,0.203,0.14,0.283,13.8,15.3,15.4,15.3
Wesermarsch (marsh clay),2026-10-06 22:00:00,0.221,0.203,0.14,0.283,13.4,15.2,15.4,15.3
Wesermarsch (marsh clay),2026-10-06 23:00:00,0.221,0.203,0.14,0.283,13.1,15.1,15.4,15.3
Wesermarsch (marsh clay),2026-10-07 00:00:00,0.221,0.203,0.14,0.283,12.9,15.0,15.4,15.3
Wesermarsch (marsh clay),2026-10-07 01:00:00,0.221,0.203,0.14,0.283,12.7,14.9,15.4,15.3
Wesermarsch (marsh clay),2026-10-07 02:00:00,0.221,0.203,0.14,0.283,12.6,14.8,15.4,15.3
Wesermarsch (marsh clay),2026-10-07 03:00:00,0.221,0.203,0.14,0.283,12.5,14.7,15.4,15.3
Wesermarsch (marsh clay),2026-10-07 04:00:00,0.221,0.203,0.14,0.283,12.2,14.6,15.4,15.3
Wesermarsch (marsh clay),2026-10-07 05:00:00,0.221,0.203,0.14,0.283,12.0,14.4,15.3,15.3
Wesermarsch (marsh clay),2026-10-07 06:00:00,0.221,0.203,0.14,0.283,12.0,14.3,15.3,15.3
Wesermarsch (marsh clay),2026-10-07 07:00:00,0.221,0.203,0.14,0.283,12.5,14.2,15.3,15.3
Wesermarsch (marsh clay),2026-10-07 08:00:00,0.221,0.203,0.14,0.283,13.2,14.1,15.3,15.3
Wesermarsch (marsh clay),2026-10-07 09:00:00,0.22,0.203,0.14,0.283,14.1,14.1,15.3,15.3
Wesermarsch (marsh clay),2026-10-07 10:00:00,0.219,0.203,0.14,0.283,15.3,14.2,15.3,15.3
Wesermarsch (marsh clay),2026-10-07 11:00:00,0.217,0.202,0.14,0.283,16.8,14.4,15.3,15.3
Wesermarsch (marsh clay),2026-10-07 12:00:00,0.216,0.202,0.14,0.283,17.9,14.5,15.3,15.3
Wesermarsch (marsh clay),2026-10-07 13:00:00,0.215,0.202,0.14,0.283,18.5,14.7,15.3,15.3
Wesermarsch (marsh clay),2026-10-07 14:00:00,0.213,0.202,0.14,0.283,18.9,15.0,15.3,15.3
Wesermarsch (marsh clay),2026-10-07 15:00:00,0.212,0.202,0.14,0.283,18.8,15.2,15.3,15.3
Wesermarsch (marsh clay),2026-10-07 16:00:00,0.212,0.202,0.14,0.283,18.1,15.3,15.3,15.3
Wesermarsch (marsh clay),2026-10-07 17:00:00,0.212,0.202,0.14,0.283,16.9,15.5,15.3,15.3
Wesermarsch (marsh clay),2026-10-07 18:00:00,0.212,0.202,0.14,0.283,15.8,15.5,15.3,15.3
Wesermarsch (marsh clay),2026-10-07 19:00:00,0.212,0.202,0.14,0.283,15.1,15.5,15.3,15.3
Wesermarsch (marsh clay),2026-10-07 20:00:00,0.212,0.202,0.14,0.283,14.5,15.5,15.3,15.3
Wesermarsch (marsh clay),2026-10-07 21:00:00,0.212,0.202,0.14,0.283,14.0,15.4,15.3,15.3
Wesermarsch (marsh clay),2026-10-07 22:00:00,0.211,0.202,0.14,0.283,13.7,15.3,15.3,15.3
Wesermarsch (marsh clay),2026-10-07 23:00:00,0.21,0.202,0.14,0.283,13.6,15.2,15.3,15.3
Wesermarsch (marsh clay),2026-10-08 00:00:00,0.212,0.202,0.14,0.283,13.5,15.1,15.3,15.3
Wesermarsch (marsh clay),2026-10-08 01:00:00,0.218,0.202,0.14,0.283,13.4,15.0,15.3,15.3
Wesermarsch (marsh clay),2026-10-08 02:00:00,0.227,0.202,0.14,0.283,13.4,15.0,15.3,15.3
Wesermarsch (marsh clay),2026-10-08 03:00:00,0.238,0.202,0.14,0.283,13.3,14.9,15.3,15.3
Wesermarsch (marsh clay),2026-10-08 04:00:00,0.254,0.202,0.14,0.283,13.2,14.8,15.3,15.3
Wesermarsch (marsh clay),2026-10-08 05:00:00,0.273,0.202,0.14,0.283,13.1,14.7,15.3,15.3
Wesermarsch (marsh clay),2026-10-08 06:00:00,0.287,0.202,0.14,0.283,13.1,14.6,15.3,15.3
Wesermarsch (marsh clay),2026-10-08 07:00:00,0.29,0.202,0.14,0.283,13.3,14.5,15.3,15.3
Wesermarsch (marsh clay),2026-10-08 08:00:00,0.288,0.203,0.141,0.283,13.5,14.5,15.3,15.3
Wesermarsch (marsh clay),2026-10-08 09:00:00,0.287,0.203,0.141,0.283,13.8,14.4,15.3,15.3
Wesermarsch (marsh clay),2026-10-08 10:00:00,0.288,0.203,0.141,0.283,14.1,14.4,15.3,15.3
Wesermarsch (marsh clay),2026-10-08 11:00:00,0.29,0.203,0.141,0.283,14.4,14.5,15.3,15.3
Wesermarsch (marsh clay),2026-10-08 12:00:00,0.294,0.203,0.141,0.283,14.5,14.5,15.3,15.3
Wesermarsch (marsh clay),2026-10-08 13:00:00,0.302,0.203,0.141,0.283,14.3,14.5,15.3,15.3
Wesermarsch (marsh clay),2026-10-08 14:00:00,0.313,0.204,0.141,0.283,13.9,14.5,15.3,15.3
Wesermarsch (marsh clay),2026-10-08 15:00:00,0.323,0.205,0.141,0.283,13.6,14.4,15.3,15.3
Wesermarsch (marsh clay),2026-10-08 16:00:00,0.33,0.206,0.141,0.283,13.3,14.4,15.3,15.3
Wesermarsch (marsh clay),2026-10-08 17:00:00,0.337,0.207,0.141,0.283,13.1,14.3,15.3,15.3
Wesermarsch (marsh clay),2026-10-08 18:00:00,0.345,0.208,0.141,0.283,13.0,14.3,15.3,15.3
Wesermarsch (marsh clay),2026-10-08 19:00:00,0.357,0.21,0.141,0.283,12.8,14.2,15.3,15.3
Wesermarsch (marsh clay),2026-10-08 20:00:00,0.37,0.212,0.141,0.283,12.7,14.1,15.3,15.3
Wesermarsch (marsh clay),2026-10-08 21:00:00,0.378,0.214,0.141,0.283,12.7,14.0,15.3,15.3
Wesermarsch (marsh clay),2026-10-08 22:00:00,0.375,0.216,0.141,0.283,12.6,14.0,15.3,15.3
Wesermarsch (marsh clay),2026-10-08 23:00:00,0.367,0.219,0.141,0.283,12.6,13.9,15.3,15.3
Wesermarsch (marsh clay),2026-10-09 00:00:00,0.36,0.221,0.141,0.283,12.6,13.8,15.3,15.3
Wesermarsch (marsh clay),2026-10-09 01:00:00,0.356,0.223,0.141,0.283,12.5,13.8,15.3,15.3
Wesermarsch (marsh clay),2026-10-09 02:00:00,0.354,0.224,0.141,0.283,12.5,13.7,15.2,15.3
Wesermarsch (marsh clay),2026-10-09 03:00:00,0.351,0.225,0.141,0.283,12.4,13.7,15.2,15.3
Wesermarsch (marsh clay),2026-10-09 04:00:00,0.347,0.226,0.141,0.283,12.4,13.6,15.2,15.3
Wesermarsch (marsh clay),2026-10-09 05:00:00,0.342,0.226,0.141,0.283,12.4,13.6,15.2,15.3
Wesermarsch (marsh clay),2026-10-09 06:00:00,0.339,0.227,0.141,0.283,12.4,13.5,15.2,15.3
Wesermarsch (marsh clay),2026-10-09 07:00:00,0.338,0.228,0.141,0.283,12.6,13.5,15.2,15.3
Wesermarsch (marsh clay),2026-10-09 08:00:00,0.338,0.229,0.141,0.283,12.8,13.5,15.2,15.3
Wesermarsch (marsh clay),2026-10-09 09:00:00,0.338,0.23,0.141,0.283,13.0,13.5,15.2,15.3
Wesermarsch (marsh clay),2026-10-09 10:00:00,0.338,0.231,0.141,0.283,13.2,13.5,15.2,15.3
Wesermarsch (marsh clay),2026-10-09 11:00:00,0.338,0.231,0.141,0.282,13.4,13.5,15.2,15.3
Wesermarsch (marsh clay),2026-10-09 12:00:00,0.338,0.232,0.141,0.282,13.5,13.5,15.2,15.3
Wesermarsch (marsh clay),2026-10-09 13:00:00,0.337,0.233,0.141,0.282,13.5,13.5,15.2,15.3
Wesermarsch (marsh clay),2026-10-09 14:00:00,0.335,0.233,0.141,0.282,13.5,13.5,15.1,15.3
Wesermarsch (marsh clay),2026-10-09 15:00:00,0.333,0.234,0.141,0.282,13.4,13.5,15.1,15.3
Wesermarsch (marsh clay),2026-10-09 16:00:00,0.331,0.235,0.141,0.282,13.3,13.5,15.1,15.3
Wesermarsch (marsh clay),2026-10-09 17:00:00,0.329,0.235,0.141,0.282,13.1,13.6,15.1,15.3
Wesermarsch (marsh clay),2026-10-09 18:00:00,0.328,0.236,0.141,0.282,13.0,13.6,15.1,15.3
Wesermarsch (marsh clay),2026-10-09 19:00:00,0.328,0.237,0.141,0.282,12.9,13.6,15.1,15.3
Wesermarsch (marsh clay),2026-10-09 20:00:00,0.33,0.237,0.141,0.282,12.9,13.5,15.1,15.3
Wesermarsch (marsh clay),2026-10-09 21:00:00,0.331,0.238,0.141,0.282,12.8,13.5,15.1,15.3
Wesermarsch (marsh clay),2026-10-09 22:00:00,0.332,0.238,0.141,0.282,12.7,13.5,15.1,15.3
Wesermarsch (marsh clay),2026-10-09 23:00:00,0.333,0.239,0.141,0.282,12.6,13.5,15.1,15.3
Teufelsmoor (bog),2026-10-03 00:00:00,0.48,0.288,0.278,0.472,12.1,15.6,15.5,13.8
Teufelsmoor (bog),2026-10-03 01:00:00,0.479,0.289,0.278,0.472,11.7,15.5,15.5,13.8
Teufelsmoor (bog),2026-10-03 02:00:00,0.477,0.289,0.278,0.472,11.5,15.4,15.5,13.8
Teufelsmoor (bog),2026-10-03 03:00:00,0.476,0.29,0.278,0.472,11.2,15.2,15.4,13.8
Teufelsmoor (bog),2026-10-03 04:00:00,0.475,0.29,0.278,0.472,10.8,15.1,15.4,13.8
Teufelsmoor (bog),2026-10-03 05:00:00,0.473,0.291,0.278,0.472,10.4,14.9,15.4,13.8
Teufelsmoor (bog),2026-10-03 06:00:00,0.472,0.291,0.278,0.472,10.3,14.8,15.4,13.8
Teufelsmoor (bog),2026-10-03 07:00:00,0.471,0.291,0.278,0.472,10.8,14.6,15.4,13.8
Teufelsmoor (bog),2026-10-03 08:00:00,0.47,0.292,0.278,0.472,11.7,14.5,15.4,13.8
Teufelsmoor (bog),2026-10-03 09:00:00,0.468,0.292,0.278,0.472,12.7,14.5,15.4,13.8
Teufelsmoor (bog),2026-10-03 10:00:00,0.466,0.292,0.278,0.472,13.9,14.5,15.4,13.8
Teufelsmoor (bog),2026-10-03 11:00:00,0.463,0.293,0.278,0.472,15.2,14.5,15.4,13.8
Teufelsmoor (bog),2026-10-03 12:00:00,0.46,0.293,0.278,0.472,16.3,14.6,15.4,13.8
Teufelsmoor (bog),2026-10-03 13:00:00,0.457,0.293,0.278,0.472,17.1,14.7,15.4,13.8
Teufelsmoor (bog),2026-10-03 14:00:00,0.454,0.293,0.278,0.472,17.6,14.8,15.4,13.8
Teufelsmoor (bog),2026-10-03 15:00:00,0.452,0.293,0.278,0.472,17.7,14.9,15.4,13.8
Teufelsmoor (bog),2026-10-03 16:00:00,0.451,0.293,0.278,0.472,17.2,15.0,15.4,13.8
Teufelsmoor (bog),2026-10-03 17:00:00,0.45,0.294,0.278,0.472,16.4,15.1,15.4,13.8
Teufelsmoor (bog),2026-10-03 18:00:00,0.449,0.294,0.278,0.472,15.5,15.1,15.4,13.8
Teufelsmoor (bog),2026-10-03 19:00:00,0.448,0.294,0.278,0.472,14.7,15.1,15.4,13.8
Teufelsmoor (bog),2026-10-03 20:00:00,0.448,0.295,0.278,0.472,14.0,15.0,15.4,13.8
Teufelsmoor (bog),2026-10-03 21:00:00,0.447,0.295,0.278,0.472,13.3,15.0,15.4,13.8
Teufelsmoor (bog),2026-10-03 22:00:00,0.446,0.295,0.278,0.472,12.8,14.9,15.4,13.8
Teufelsmoor (bog),2026-10-03 23:00:00,0.446,0.295,0.278,0.472,12.4,14.8,15.4,13.8
Teufelsmoor (bog),2026-10-04 00:00:00,0.445,0.295,0.278,0.472,12.0,14.7,15.4,13.8
Teufelsmoor (bog),2026-10-04 01:00:00,0.444,0.295,0.278,0.472,11.7,14.6,15.4,13.8
Teufelsmoor (bog),2026-10-04 02:00:00,0.444,0.296,0.278,0.472,11.5,14.6,15.3,13.8
Teufelsmoor (bog),2026-10-04 03:00:00,0.443,0.296,0.278,0.472,11.3,14.5,15.3,13.8
Teufelsmoor (bog),2026-10-04 04:00:00,0.442,0.296,0.278,0.472,10.9,14.4,15.3,13.8
Teufelsmoor (bog),2026-10-04 05:00:00,0.442,0.297,0.278,0.472,10.5,14.2,15.3,13.8
Teufelsmoor (bog),2026-10-04 06:00:00,0.441,0.297,0.278,0.472,10.5,14.1,15.3,13.8
Teufelsmoor (bog),2026-10-04 07:00:00,0.44,0.297,0.278,0.472,11.1,14.0,15.3,13.8
Teufelsmoor (bog),2026-10-04 08:00:00,0.439,0.297,0.278,0.472,12.2,14.0,15.3,13.8
Teufelsmoor (bog),2026-10-04 09:00:00,0.438,0.297,0.278,0.472,13.3,14.0,15.3,13.8
Teufelsmoor (bog),2026-10-04 10:00:00,0.437,0.297,0.278,0.472,14.4,14.0,15.3,13.8
Teufelsmoor (bog),2026-10-04 11:00:00,0.435,0.298,0.278,0.472,15.6,14.1,15.3,13.8
Teufelsmoor (bog),2026-10-04 12:00:00,0.434,0.298,0.278,0.472,16.5,14.2,15.3,13.8
Teufelsmoor (bog),2026-10-04 13:00:00,0.432,0.298,0.278,0.472,17.0,14.3,15.3,13.8
Teufelsmoor (bog),2026-10-04 14:00:00,0.43,0.298,0.278,0.472,17.3,14.4,15.3,13.8
Teufelsmoor (bog),2026-10-04 15:00:00,0.429,0.298,0.278,0.472,17.2,14.5,15.3,13.8
Teufelsmoor (bog),2026-10-04 16:00:00,0.428,0.298,0.278,0.472,16.7,14.6,15.3,13.8
Teufelsmoor (bog),2026-10-04 17:00:00,0.427,0.298,0.278,0.472,15.9,14.6,15.3,13.8
Teufelsmoor (bog),2026-10-04 18:00:00,0.427,0.298,0.278,0.472,15.1,14.7,15.3,13.8
Teufelsmoor (bog),2026-10-04 19:00:00,0.427,0.298,0.278,0.472,14.3,14.7,15.3,13.8
Teufelsmoor (bog),2026-10-04 20:00:00,0.426,0.299,0.278,0.472,13.4,14.6,15.2,13.8
Teufelsmoor (bog),2026-10-04 21:00:00,0.426,0.299,0.278,0.472,12.7,14.6,15.2,13.8
Teufelsmoor (bog),2026-10-04 22:00:00,0.426,0.299,0.278,0.472,12.2,14.5,15.2,13.8
Teufelsmoor (bog),2026-10-04 23:00:00,0.425,0.299,0.278,0.472,11.9,14.4,15.2,13.8
Teufelsmoor (bog),2026-10-05 00:00:00,0.425,0.299,0.278,0.472,11.6,14.3,15.2,13.8
Teufelsmoor (bog),2026-10-05 01:00:00,0.424,0.299,0.278,0.472,11.4,14.2,15.2,13.8
Teufelsmoor (bog),2026-10-05 02:00:00,0.424,0.299,0.278,0.472,11.4,14.2,15.2,13.8
Teufelsmoor (bog),2026-10-05 03:00:00,0.423,0.299,0.278,0.472,11.3,14.1,15.2,13.8
Teufelsmoor (bog),2026-10-05 04:00:00,0.423,0.299,0.278,0.472,11.1,14.0,15.2,13.8
Teufelsmoor (bog),2026-10-05 05:00:00,0.422,0.3,0.278,0.472,11.0,13.9,15.2,13.8
Teufelsmoor (bog),2026-10-05 06:00:00,0.422,0.3,0.278,0.472,11.1,13.8,15.2,13.8
Teufelsmoor (bog),2026-10-05 07:00:00,0.422,0.3,0.278,0.472,11.5,13.8,15.2,13.8
Teufelsmoor (bog),2026-10-05 08:00:00,0.421,0.3,0.278,0.472,12.2,13.7,15.2,13.8
Teufelsmoor (bog),2026-10-05 09:00:00,0.42,0.3,0.278,0.472,13.1,13.7,15.2,13.8
Teufelsmoor (bog),2026-10-05 10:00:00,0.418,0.3,0.278,0.472,14.2,13.7,15.2,13.8
Teufelsmoor (bog),2026-10-05 11:00:00,0.416,0.3,0.278,0.472,15.4,13.8,15.2,13.8
Teufelsmoor (bog),2026-10-05 12:00:00,0.414,0.3,0.278,0.472,16.3,13.9,15.2,13.8
Teufelsmoor (bog),2026-10-05 13:00:00,0.412,0.3,0.278,0.472,16.9,14.0,15.2,13.8
Teufelsmoor (bog),2026-10-05 14:00:00,0.41,0.3,0.278,0.472,17.2,14.1,15.1,13.8
Teufelsmoor (bog),2026-10-05 15:00:00,0.409,0.3,0.278,0.472,17.3,14.2,15.1,13.8
Teufelsmoor (bog),2026-10-05 16:00:00,0.408,0.3,0.278,0.472,16.9,14.3,15.1,13.8
Teufelsmoor (bog),2026-10-05 17:00:00,0.407,0.3,0.278,0.472,16.2,14.4,15.1,13.8
Teufelsmoor (bog),2026-10-05 18:00:00,0.407,0.3,0.278,0.472,15.5,14.5,15.1,13.8
Teufelsmoor (bog),2026-10-05 19:00:00,0.407,0.3,0.278,0.472,14.9,14.5,15.1,13.8
Teufelsmoor (bog),2026-10-05 20:00:00,0.406,0.3,0.278,0.471,14.4,14.5,15.1,13.8
Teufelsmoor (bog),2026-10-05 21:00:00,0.406,0.3,0.278,0.471,13.9,14.5,15.1,13.8
Teufelsmoor (bog),2026-10-05 22:00:00,0.406,0.3,0.278,0.471,13.6,14.5,15.1,13.8
Teufelsmoor (bog),2026-10-05 23:00:00,0.405,0.301,0.278,0.471,13.3,14.4,15.1,13.8
Teufelsmoor (bog),2026-10-06 00:00:00,0.405,0.301,0.278,0.471,13.1,14.4,15.1,13.8
Teufelsmoor (bog),2026-10-06 01:00:00,0.405,0.301,0.278,0.471,13.0,14.3,15.1,13.8
Teufelsmoor (bog),2026-10-06 02:00:00,0.405,0.301,0.278,0.471,12.8,14.3,15.1,13.8
Teufelsmoor (bog),2026-10-06 03:00:00,0.405,0.301,0.278,0.471,12.7,14.2,15.1,13.8
Teufelsmoor (bog),2026-10-06 04:00:00,0.405,0.301,0.278,0.471,12.4,14.2,15.1,13.8
Teufelsmoor (bog),2026-10-06 05:00:00,0.404,0.301,0.278,0.471,12.1,14.1,15.1,13.8
Teufelsmoor (bog),2026-10-06 06:00:00,0.404,0.301,0.278,0.471,12.0,14.1,15.1,13.8
Teufelsmoor (bog),2026-10-06 07:00:00,0.404,0.301,0.278,0.471,12.4,14.0,15.1,13.8
Teufelsmoor (bog),2026-10-06 08:00:00,0.403,0.301,0.278,0.471,13.1,14.0,15.1,13.8
Teufelsmoor (bog),2026-10-06 09:00:00,0.402,0.301,0.278,0.471,13.9,14.0,15.1,13.8
Teufelsmoor (bog),2026-10-06 10:00:00,0.401,0.301,0.278,0.471,15.0,14.0,15.1,13.8
Teufelsmoor (bog),2026-10-06 11:00:00,0.399,0.301,0.278,0.471,16.3,14.1,15.1,13.8
Teufelsmoor (bog),2026-10-06 12:00:00,0.397,0.301,0.278,0.471,17.3,14.2,15.1,13.8
Teufelsmoor (bog),2026-10-06 13:00:00,0.395,0.301,0.278,0.471,17.9,14.4,15.1,13.8
Teufelsmoor (bog),2026-10-06 14:00:00,0.394,0.301,0.278,0.471,18.3,14.5,15.1,13.8
Teufelsmoor (bog),2026-10-06 15:00:00,0.393,0.301,0.278,0.471,18.3,14.6,15.1,13.8
Teufelsmoor (bog),2026-10-06 16:00:00,0.392,0.301,0.278,0.471,17.8,14.7,15.1,13.8
Teufelsmoor (bog),2026-10-06 17:00:00,0.392,0.301,0.278,0.471,16.9,14.8,15.1,13.8
Teufelsmoor (bog),2026-10-06 18:00:00,0.392,0.301,0.278,0.471,16.1,14.9,15.1,13.8
Teufelsmoor (bog),2026-10-06 19:00:00,0.392,0.301,0.278,0.471,15.4,14.9,15.1,13.8
Teufelsmoor (bog),2026-10-06 20:00:00,0.391,0.301,0.278,0.471,14.8,14.9,15.1,13.8
Teufelsmoor (bog),2026-10-06 21:00:00,0.391,0.301,0.278,0.471,14.2,14.9,15.1,13.8
Teufelsmoor (bog),2026-10-06 22:00:00,0.391,0.301,0.278,0.471,13.6,14.8,15.1,13.8
Teufelsmoor (bog),2026-10-06 23:00:00,0.391,0.301,0.278,0.471,13.1,14.8,15.1,13.9
Teufelsmoor (bog),2026-10-07 00:00:00,0.391,0.301,0.278,0.471,12.7,14.7,15.1,13.9
Teufelsmoor (bog),2026-10-07 01:00:00,0.391,0.301,0.278,0.471,12.3,14.7,15.1,13.9
Teufelsmoor (bog),2026-10-07 02:00:00,0.39,0.302,0.278,0.471,12.0,14.6,15.0,13.9
Teufelsmoor (bog),2026-10-07 03:00:00,0.39,0.302,0.278,0.471,11.7,14.5,15.0,13.9
Teufelsmoor (bog),2026-10-07 04:00:00,0.39,0.302,0.278,0.471,11.4,14.4,15.0,13.9
Teufelsmoor (bog),2026-10-07 05:00:00,0.39,0.302,0.278,0.471,11.1,14.3,15.0,13.9
Teufelsmoor (bog),2026-10-07 06:00:00,0.39,0.302,0.278,0.471,11.2,14.2,15.0,13.9
Teufelsmoor (bog),2026-10-07 07:00:00,0.39,0.302,0.278,0.471,11.6,14.1,15.0,13.9
Teufelsmoor (bog),2026-10-07 08:00:00,0.389,0.302,0.278,0.471,12.3,14.0,15.0,13.9
Teufelsmoor (bog),2026-10-07 09:00:00,0.388,0.302,0.278,0.471,13.2,14.0,15.0,13.9
Teufelsmoor (bog),2026-10-07 10:00:00,0.387,0.302,0.278,0.471,14.4,14.0,15.0,13.9
Teufelsmoor (bog),2026-10-07 11:00:00,0.385,0.301,0.278,0.471,15.8,14.0,15.0,13.9
Teufelsmoor (bog),2026-10-07 12:00:00,0.384,0.301,0.278,0.471,16.9,14.1,15.0,13.9
Teufelsmoor (bog),2026-10-07 13:00:00,0.383,0.301,0.278,0.471,17.6,14.3,15.0,13.9
Teufelsmoor (bog),2026-10-07 14:00:00,0.381,0.301,0.278,0.471,18.0,14.4,15.0,13.9
Teufelsmoor (bog),2026-10-07 15:00:00,0.38,0.301,0.278,0.471,18.1,14.6,15.0,13.9
Teufelsmoor (bog),2026-10-07 16:00:00,0.379,0.301,0.278,0.471,17.7,14.7,15.0,13.9
Teufelsmoor (bog),2026-10-07 17:00:00,0.379,0.301,0.278,0.471,16.9,14.8,15.0,13.9
Teufelsmoor (bog),2026-10-07 18:00:00,0.379,0.301,0.278,0.471,16.0,14.8,15.0,13.9
Teufelsmoor (bog),2026-10-07 19:00:00,0.379,0.301,0.278,0.471,15.2,14.8,15.0,13.9
Teufelsmoor (bog),2026-10-07 20:00:00,0.379,0.301,0.279,0.471,14.4,14.8,15.0,13.9
Teufelsmoor (bog),2026-10-07 21:00:00,0.379,0.301,0.279,0.471,13.8,14.8,15.0,13.9
Teufelsmoor (bog),2026-10-07 22:00:00,0.379,0.301,0.279,0.471,13.3,14.7,15.0,13.9
Teufelsmoor (bog),2026-10-07 23:00:00,0.379,0.302,0.279,0.471,13.0,14.7,15.0,13.9
Teufelsmoor (bog),2026-10-08 00:00:00,0.379,0.302,0.279,0.471,12.7,14.6,15.0,13.9
Teufelsmoor (bog),2026-10-08 01:00:00,0.377,0.302,0.279,0.471,12.6,14.6,15.0,13.9
Teufelsmoor (bog),2026-10-08 02:00:00,0.375,0.302,0.279,0.471,12.5,14.5,15.0,13.9
Teufelsmoor (bog),2026-10-08 03:00:00,0.379,0.302,0.279,0.471,12.4,14.4,15.0,13.9
Teufelsmoor (bog),2026-10-08 04:00:00,0.393,0.302,0.279,0.471,12.3,14.4,15.0,13.9
Teufelsmoor (bog),2026-10-08 05:00:00,0.413,0.302,0.279,0.471,12.3,14.3,15.0,13.9
Teufelsmoor (bog),2026-10-08 06:00:00,0.429,0.302,0.279,0.471,12.3,14.2,15.0,13.9
Teufelsmoor (bog),2026-10-08 07:00:00,0.436,0.302,0.279,0.471,12.4,14.2,15.0,13.9
Teufelsmoor (bog),2026-10-08 08:00:00,0.438,0.302,0.279,0.471,12.6,14.1,14.9,13.9
Teufelsmoor (bog),2026-10-08 09:00:00,0.44,0.302,0.279,0.471,12.9,14.1,14.9,13.9
Teufelsmoor (bog),2026-10-08 10:00:00,0.442,0.302,0.279,0.471,13.2,14.1,14.9,13.9
Teufelsmoor (bog),2026-10-08 11:00:00,0.444,0.303,0.279,0.471,13.5,14.1,14.9,13.9
Teufelsmoor (bog),2026-10-08 12:00:00,0.447,0.303,0.279,0.471,13.8,14.1,14.9,13.9
Teufelsmoor (bog),2026-10-08 13:00:00,0.45,0.303,0.279,0.471,13.8,14.1,14.9,13.9
Teufelsmoor (bog),2026-10-08 14:00:00,0.454,0.304,0.279,0.471,13.7,14.1,14.9,13.9
Teufelsmoor (bog),2026-10-08 15:00:00,0.461,0.304,0.279,0.471,13.5,14.1,14.9,13.9
Teufelsmoor (bog),2026-10-08 16:00:00,0.474,0.304,0.279,0.471,13.3,14.0,14.9,13.9
Teufelsmoor (bog),2026-10-08 17:00:00,0.49,0.305,0.279,0.471,13.1,14.0,14.9,13.9
Teufelsmoor (bog),2026-10-08 18:00:00,0.504,0.305,0.279,0.471,12.9,14.0,14.9,13.9
Teufelsmoor (bog),2026-10-08 19:00:00,0.513,0.306,0.279,0.471,12.8,13.9,14.9,13.9
Teufelsmoor (bog),2026-10-08 20:00:00,0.519,0.307,0.279,0.471,12.6,13.9,14.9,13.9
Teufelsmoor (bog),2026-10-08 21:00:00,0.522,0.308,0.279,0.471,12.5,13.9,14.9,13.9
Teufelsmoor (bog),2026-10-08 22:00:00,0.521,0.309,0.279,0.471,12.4,13.8,14.9,13.9
Teufelsmoor (bog),2026-10-08 23:00:00,0.517,0.31,0.279,0.471,12.3,13.8,14.9,13.9
Teufelsmoor (bog),2026-10-09 00:00:00,0.514,0.311,0.279,0.471,12.2,13.7,14.9,13.9
Teufelsmoor (bog),2026-10-09 01:00:00,0.512,0.312,0.279,0.471,12.1,13.7,14.9,13.9
Teufelsmoor (bog),2026-10-09 02:00:00,0.51,0.312,0.279,0.471,12.1,13.7,14.9,13.9
Teufelsmoor (bog),2026-10-09 03:00:00,0.508,0.313,0.279,0.471,12.1,13.6,14.9,13.9
Teufelsmoor (bog),2026-10-09 04:00:00,0.506,0.314,0.279,0.471,12.1,13.6,14.9,13.9
Teufelsmoor (bog),2026-10-09 05:00:00,0.503,0.314,0.279,0.471,12.1,13.6,14.8,13.9
Teufelsmoor (bog),2026-10-09 06:00:00,0.501,0.315,0.279,0.471,12.2,13.5,14.8,13.9
Teufelsmoor (bog),2026-10-09 07:00:00,0.5,0.316,0.279,0.471,12.3,13.5,14.8,13.9
Teufelsmoor (bog),2026-10-09 08:00:00,0.499,0.316,0.279,0.471,12.5,13.5,14.8,13.9
Teufelsmoor (bog),2026-10-09 09:00:00,0.499,0.317,0.279,0.471,12.7,13.5,14.8,13.9
Teufelsmoor (bog),2026-10-09 10:00:00,0.499,0.318,0.279,0.471,12.9,13.5,14.8,13.9
Teufelsmoor (bog),2026-10-09 11:00:00,0.499,0.318,0.279,0.471,13.0,13.5,14.8,13.9
Teufelsmoor (bog),2026-10-09 12:00:00,0.498,0.319,0.279,0.471,13.2,13.5,14.8,13.9
Teufelsmoor (bog),2026-10-09 13:00:00,0.497,0.32,0.279,0.471,13.3,13.5,14.8,13.9
Teufelsmoor (bog),2026-10-09 14:00:00,0.496,0.32,0.279,0.471,13.3,13.5,14.8,13.9
Teufelsmoor (bog),2026-10-09 15:00:00,0.494,0.321,0.279,0.471,13.3,13.5,14.8,13.9
Teufelsmoor (bog),2026-10-09 16:00:00,0.492,0.321,0.279,0.471,13.3,13.5,14.8,13.9
Teufelsmoor (bog),2026-10-09 17:00:00,0.49,0.322,0.279,0.471,13.3,13.5,14.8,13.9
Teufelsmoor (bog),2026-10-09 18:00:00,0.489,0.322,0.279,0.471,13.3,13.5,14.8,13.9
Teufelsmoor (bog),2026-10-09 19:00:00,0.488,0.323,0.279,0.471,13.2,13.5,14.8,13.9
Teufelsmoor (bog),2026-10-09 20:00:00,0.487,0.323,0.279,0.471,13.1,13.5,14.8,13.9
Teufelsmoor (bog),2026-10-09 21:00:00,0.487,0.324,0.279,0.471,13.0,13.5,14.8,13.9
Teufelsmoor (bog),2026-10-09 22:00:00,0.487,0.324,0.279,0.471,12.9,13.5,14.8,13.9
Teufelsmoor (bog),2026-10-09 23:00:00,0.486,0.325,0.279,0.471,12.9,13.5,14.8,13.9
Solling (upland forest),2026-10-03 00:00:00,0.342,0.273,0.184,0.313,9.3,12.3,12.0,12.8
Solling (upland forest),2026-10-03 01:00:00,0.341,0.273,0.184,0.313,9.0,12.0,11.9,12.8
Solling (upland forest),2026-10-03 02:00:00,0.34,0.274,0.184,0.313,8.7,11.8,12.0,12.8
Solling (upland forest),2026-10-03 03:00:00,0.339,0.274,0.184,0.313,8.5,11.6,12.0,12.8
Solling (upland forest),2026-10-03 04:00:00,0.338,0.274,0.184,0.313,8.2,11.4,12.0,12.8
Solling (upland forest),2026-10-03 05:00:00,0.336,0.275,0.184,0.313,8.0,11.2,12.0,12.8
Solling (upland forest),2026-10-03 06:00:00,0.335,0.275,0.184,0.313,8.2,11.0,12.0,12.8
Solling (upland forest),2026-10-03 07:00:00,0.334,0.275,0.184,0.313,9.0,10.9,12.0,12.8
Solling (upland forest),2026-10-03 08:00:00,0.333,0.276,0.184,0.313,10.2,10.8,12.0,12.8
Solling (upland forest),2026-10-03 09:00:00,0.332,0.276,0.184,0.313,11.4,10.8,12.0,12.8
Solling (upland forest),2026-10-03 10:00:00,0.331,0.276,0.184,0.313,12.5,10.9,12.0,12.8
Solling (upland forest),2026-10-03 11:00:00,0.329,0.276,0.184,0.313,13.6,11.1,11.9,12.8
Solling (upland forest),2026-10-03 12:00:00,0.327,0.276,0.184,0.313,14.4,11.3,11.9,12.8
Solling (upland forest),2026-10-03 13:00:00,0.325,0.276,0.184,0.313,14.9,11.6,11.9,12.8
Solling (upland forest),2026-10-03 14:00:00,0.323,0.275,0.184,0.313,15.1,11.8,12.0,12.8
Solling (upland forest),2026-10-03 15:00:00,0.321,0.275,0.184,0.313,15.0,12.0,12.0,12.8
Solling (upland forest),2026-10-03 16:00:00,0.32,0.275,0.184,0.313,14.3,12.2,12.0,12.8
Solling (upland forest),2026-10-03 17:00:00,0.319,0.276,0.184,0.313,13.4,12.3,12.0,12.8
Solling (upland forest),2026-10-03 18:00:00,0.319,0.276,0.184,0.313,12.4,12.3,12.0,12.8
Solling (upland forest),2026-10-03 19:00:00,0.319,0.276,0.184,0.313,11.6,12.3,12.0,12.8
Solling (upland forest),2026-10-03 20:00:00,0.318,0.276,0.184,0.313,10.8,12.2,12.0,12.8
Solling (upland forest),2026-10-03 21:00:00,0.318,0.276,0.184,0.313,10.1,12.1,12.0,12.8
Solling (upland forest),2026-10-03 22:00:00,0.317,0.276,0.184,0.313,9.6,11.9,12.0,12.8
Solling (upland forest),2026-10-03 23:00:00,0.317,0.276,0.185,0.313,9.2,11.8,12.0,12.8
Solling (upland forest),2026-10-04 00:00:00,0.316,0.276,0.185,0.313,8.8,11.6,12.0,12.8
Solling (upland forest),2026-10-04 01:00:00,0.316,0.276,0.185,0.313,8.4,11.4,12.0,12.8
Solling (upland forest),2026-10-04 02:00:00,0.315,0.277,0.185,0.313,8.0,11.2,12.0,12.8
Solling (upland forest),2026-10-04 03:00:00,0.315,0.277,0.185,0.313,7.7,11.0,12.0,12.8
Solling (upland forest),2026-10-04 04:00:00,0.314,0.277,0.185,0.313,7.6,10.8,12.0,12.8
Solling (upland forest),2026-10-04 05:00:00,0.314,0.277,0.185,0.313,7.5,10.6,11.9,12.8
Solling (upland forest),2026-10-04 06:00:00,0.313,0.277,0.185,0.313,7.8,10.4,11.9,12.8
Solling (upland forest),2026-10-04 07:00:00,0.312,0.277,0.185,0.313,8.7,10.3,11.9,12.8
Solling (upland forest),2026-10-04 08:00:00,0.312,0.277,0.185,0.313,9.9,10.3,11.9,12.8
Solling (upland forest),2026-10-04 09:00:00,0.311,0.277,0.185,0.313,11.0,10.3,11.9,12.8
Solling (upland forest),2026-10-04 10:00:00,0.31,0.277,0.185,0.313,12.1,10.4,11.9,12.8
Solling (upland forest),2026-10-04 11:00:00,0.308,0.277,0.185,0.313,13.1,10.6,11.9,12.7
Solling (upland forest),2026-10-04 12:00:00,0.307,0.277,0.185,0.313,13.8,10.8,11.9,12.7
Solling (upland forest),2026-10-04 13:00:00,0.305,0.277,0.185,0.313,14.4,11.0,11.9,12.7
Solling (upland forest),2026-10-04 14:00:00,0.303,0.276,0.185,0.313,14.7,11.3,11.9,12.7
Solling (upland forest),2026-10-04 15:00:00,0.302,0.276,0.185,0.313,14.6,11.5,11.9,12.7
Solling (upland forest),2026-10-04 16:00:00,0.301,0.276,0.185,0.313,13.9,11.7,11.9,12.7
Solling (upland forest),2026-10-04 17:00:00,0.301,0.276,0.185,0.313,12.8,11.8,11.9,12.7
Solling (upland forest),2026-10-04 18:00:00,0.301,0.276,0.185,0.313,11.8,11.8,11.9,12.7
Solling (upland forest),2026-10-04 19:00:00,0.301,0.276,0.185,0.313,11.0,11.8,11.9,12.7
Solling (upland forest),2026-10-04 20:00:00,0.3,0.276,0.185,0.313,10.1,11.7,11.9,12.7
Solling (upland forest),2026-10-04 21:00:00,0.3,0.276,0.185,0.313,9.4,11.6,11.9,12.7
Solling (upland forest),2026-10-04 22:00:00,0.3,0.276,0.185,0.313,8.9,11.4,11.9,12.7
Solling (upland forest),2026-10-04 23:00:00,0.299,0.276,0.185,0.313,8.4,11.3,11.9,12.7
Solling (upland forest),2026-10-05 00:00:00,0.299,0.276,0.185,0.313,8.0,11.1,11.9,12.7
Solling (upland forest),2026-10-05 01:00:00,0.299,0.276,0.185,0.313,7.7,10.9,11.9,12.7
Solling (upland forest),2026-10-05 02:00:00,0.299,0.276,0.185,0.313,7.4,10.7,11.9,12.7
Solling (upland forest),2026-10-05 03:00:00,0.299,0.276,0.185,0.313,7.1,10.5,11.9,12.7
Solling (upland forest),2026-10-05 04:00:00,0.299,0.276,0.185,0.313,6.9,10.3,11.9,12.7
Solling (upland forest),2026-10-05 05:00:00,0.298,0.276,0.185,0.313,6.7,10.1,11.9,12.7
Solling (upland forest),2026-10-05 06:00:00,0.298,0.276,0.185,0.313,6.9,9.9,11.9,12.7
Solling (upland forest),2026-10-05 07:00:00,0.298,0.276,0.185,0.313,7.6,9.8,11.9,12.7
Solling (upland forest),2026-10-05 08:00:00,0.298,0.276,0.185,0.313,8.8,9.7,11.9,12.7
Solling (upland forest),2026-10-05 09:00:00,0.297,0.276,0.185,0.313,9.9,9.7,11.9,12.7
Solling (upland forest),2026-10-05 10:00:00,0.296,0.276,0.185,0.313,11.2,9.8,11.9,12.7
Solling (upland forest),2026-10-05 11:00:00,0.294,0.275,0.185,0.313,12.4,10.0,11.8,12.7
Solling (upland forest),2026-10-05 12:00:00,0.292,0.275,0.185,0.313,13.4,10.2,11.8,12.7
Solling (upland forest),2026-10-05 13:00:00,0.29,0.275,0.185,0.313,14.1,10.5,11.8,12.7
Solling (upland forest),2026-10-05 14:00:00,0.289,0.274,0.185,0.313,14.4,10.8,11.8,12.7
Solling (upland forest),2026-10-05 15:00:00,0.288,0.274,0.185,0.313,14.4,11.0,11.8,12.7
Solling (upland forest),2026-10-05 16:00:00,0.288,0.274,0.185,0.313,13.7,11.2,11.8,12.7
Solling (upland forest),2026-10-05 17:00:00,0.288,0.274,0.186,0.313,12.7,11.3,11.8,12.7
Solling (upland forest),2026-10-05 18:00:00,0.288,0.274,0.186,0.313,11.7,11.4,11.8,12.7
Solling (upland forest),2026-10-05 19:00:00,0.288,0.274,0.186,0.313,10.9,11.4,11.8,12.7
Solling (upland forest),2026-10-05 20:00:00,0.287,0.274,0.186,0.313,10.2,11.4,11.8,12.7
Solling (upland forest),2026-10-05 21:00:00,0.287,0.274,0.186,0.313,9.6,11.3,11.8,12.7
Solling (upland forest),2026-10-05 22:00:00,0.287,0.274,0.186,0.313,9.1,11.2,11.8,12.7
Solling (upland forest),2026-10-05 23:00:00,0.287,0.274,0.186,0.313,8.7,11.0,11.8,12.7
Solling (upland forest),2026-10-06 00:00:00,0.287,0.274,0.186,0.313,8.3,10.9,11.8,12.7
Solling (upland forest),2026-10-06 01:00:00,0.287,0.274,0.186,0.313,8.0,10.7,11.8,12.7
Solling (upland forest),2026-10-06 02:00:00,0.287,0.274,0.186,0.313,7.6,10.5,11.8,12.7
Solling (upland forest),2026-10-06 03:00:00,0.287,0.274,0.186,0.313,7.3,10.3,11.8,12.7
Solling (upland forest),2026-10-06 04:00:00,0.287,0.274,0.186,0.313,6.9,10.1,11.8,12.7
Solling (upland forest),2026-10-06 05:00:00,0.287,0.274,0.186,0.313,6.5,10.0,11.8,12.7
Solling (upland forest),2026-10-06 06:00:00,0.287,0.274,0.186,0.313,6.6,9.8,11.8,12.7
Solling (upland forest),2026-10-06 07:00:00,0.287,0.274,0.186,0.313,7.5,9.7,11.8,12.7
Solling (upland forest),2026-10-06 08:00:00,0.286,0.274,0.186,0.313,8.8,9.6,11.7,12.7
Solling (upland forest),2026-10-06 09:00:00,0.285,0.274,0.186,0.313,10.2,9.6,11.7,12.7
Solling (upland forest),2026-10-06 10:00:00,0.284,0.274,0.186,0.313,11.6,9.8,11.7,12.7
Solling (upland forest),2026-10-06 11:00:00,0.283,0.273,0.186,0.313,13.0,10.0,11.7,12.7
Solling (upland forest),2026-10-06 12:00:00,0.282,0.273,0.186,0.313,14.1,10.2,11.7,12.7
Solling (upland forest),2026-10-06 13:00:00,0.281,0.273,0.186,0.313,14.8,10.5,11.7,12.7
Solling (upland forest),2026-10-06 14:00:00,0.279,0.272,0.186,0.313,15.2,10.8,11.7,12.7
Solling (upland forest),2026-10-06 15:00:00,0.278,0.272,0.186,0.313,15.2,11.1,11.7,12.7
Solling (upland forest),2026-10-06 16:00:00,0.278,0.272,0.186,0.313,14.4,11.3,11.7,12.7
Solling (upland forest),2026-10-06 17:00:00,0.278,0.272,0.186,0.313,13.2,11.5,11.7,12.7
Solling (upland forest),2026-10-06 18:00:00,0.278,0.272,0.186,0.313,12.1,11.6,11.7,12.7
Solling (upland forest),2026-10-06 19:00:00,0.278,0.272,0.186,0.313,11.2,11.6,11.7,12.7
Solling (upland forest),2026-10-06 20:00:00,0.278,0.272,0.186,0.313,10.5,11.6,11.7,12.7
Solling (upland forest),2026-10-06 21:00:00,0.278,0.272,0.186,0.313,9.9,11.5,11.7,12.7
Solling (upland forest),2026-10-06 22:00:00,0.278,0.272,0.186,0.313,9.4,11.4,11.7,12.7
Solling (upland forest),2026-10-06 23:00:00,0.277,0.271,0.186,0.313,9.0,11.2,11.7,12.7
Solling (upland forest),2026-10-07 00:00:00,0.277,0.271,0.186,0.313,8.6,11.1,11.7,12.7
Solling (upland forest),2026-10-07 01:00:00,0.277,0.271,0.186,0.313,8.2,10.9,11.7,12.7
Solling (upland forest),2026-10-07 02:00:00,0.277,0.271,0.186,0.313,7.8,10.8,11.7,12.7
Solling (upland forest),2026-10-07 03:00:00,0.277,0.271,0.186,0.313,7.5,10.6,11.7,12.7
Solling (upland forest),2026-10-07 04:00:00,0.277,0.271,0.186,0.313,7.0,10.4,11.7,12.7
Solling (upland forest),2026-10-07 05:00:00,0.277,0.271,0.186,0.313,6.5,10.1,11.7,12.7
Solling (upland forest),2026-10-07 06:00:00,0.277,0.271,0.186,0.313,6.6,10.0,11.7,12.7
Solling (upland forest),2026-10-07 07:00:00,0.277,0.271,0.186,0.313,7.6,9.8,11.7,12.7
Solling (upland forest),2026-10-07 08:00:00,0.277,0.271,0.186,0.313,9.1,9.8,11.7,12.7
Solling (upland forest),2026-10-07 09:00:00,0.276,0.271,0.186,0.313,10.6,9.8,11.7,12.7
Solling (upland forest),2026-10-07 10:00:00,0.275,0.271,0.186,0.313,11.9,9.9,11.7,12.7
Solling (upland forest),2026-10-07 11:00:00,0.273,0.27,0.186,0.312,13.3,10.2,11.6,12.7
Solling (upland forest),2026-10-07 12:00:00,0.272,0.27,0.186,0.312,14.3,10.4,11.6,12.7
Solling (upland forest),2026-10-07 13:00:00,0.271,0.27,0.186,0.312,14.9,10.7,11.6,12.7
Solling (upland forest),2026-10-07 14:00:00,0.27,0.269,0.186,0.312,15.3,11.0,11.6,12.7
Solling (upland forest),2026-10-07 15:00:00,0.269,0.269,0.186,0.312,15.2,11.3,11.6,12.7
Solling (upland forest),2026-10-07 16:00:00,0.268,0.269,0.186,0.312,14.4,11.5,11.6,12.7
Solling (upland forest),2026-10-07 17:00:00,0.268,0.269,0.187,0.312,13.1,11.6,11.6,12.7
Solling (upland forest),2026-10-07 18:00:00,0.268,0.269,0.187,0.312,12.0,11.7,11.6,12.7
Solling (upland forest),2026-10-07 19:00:00,0.268,0.269,0.187,0.312,11.1,11.7,11.6,12.7
Solling (upland forest),2026-10-07 20:00:00,0.268,0.269,0.187,0.312,10.4,11.6,11.6,12.7
Solling (upland forest),2026-10-07 21:00:00,0.268,0.269,0.187,0.312,9.9,11.5,11.6,12.7
Solling (upland forest),2026-10-07 22:00:00,0.267,0.269,0.187,0.312,9.5,11.4,11.6,12.7
Solling (upland forest),2026-10-07 23:00:00,0.266,0.269,0.187,0.312,9.2,11.3,11.6,12.7
Solling (upland forest),2026-10-08 00:00:00,0.268,0.269,0.187,0.312,9.1,11.2,11.6,12.7
Solling (upland forest),2026-10-08 01:00:00,0.274,0.269,0.187,0.312,9.2,11.0,11.6,12.7
Solling (upland forest),2026-10-08 02:00:00,0.283,0.269,0.187,0.312,9.4,10.9,11.6,12.7
Solling (upland forest),2026-10-08 03:00:00,0.3,0.269,0.187,0.312,9.7,10.8,11.6,12.7
Solling (upland forest),2026-10-08 04:00:00,0.333,0.269,0.187,0.312,10.0,10.8,11.6,12.7
Solling (upland forest),2026-10-08 05:00:00,0.375,0.27,0.187,0.312,10.3,10.8,11.6,12.7
Solling (upland forest),2026-10-08 06:00:00,0.404,0.271,0.187,0.312,10.5,10.8,11.6,12.7
Solling (upland forest),2026-10-08 07:00:00,0.41,0.274,0.187,0.312,10.5,10.8,11.6,12.7
Solling (upland forest),2026-10-08 08:00:00,0.403,0.277,0.187,0.312,10.5,10.8,11.6,12.7
Solling (upland forest),2026-10-08 09:00:00,0.396,0.28,0.187,0.312,10.7,10.8,11.6,12.7
Solling (upland forest),2026-10-08 10:00:00,0.392,0.282,0.187,0.312,11.1,10.8,11.6,12.7
Solling (upland forest),2026-10-08 11:00:00,0.387,0.284,0.187,0.312,11.6,10.9,11.6,12.7
Solling (upland forest),2026-10-08 12:00:00,0.383,0.285,0.187,0.312,12.0,10.9,11.6,12.7
Solling (upland forest),2026-10-08 13:00:00,0.381,0.286,0.187,0.312,12.0,11.0,11.6,12.7
Solling (upland forest),2026-10-08 14:00:00,0.38,0.287,0.187,0.312,11.8,11.1,11.6,12.7
Solling (upland forest),2026-10-08 15:00:00,0.379,0.288,0.187,0.312,11.6,11.2,11.6,12.7
Solling (upland forest),2026-10-08 16:00:00,0.377,0.289,0.187,0.312,11.2,11.2,11.6,12.7
Solling (upland forest),2026-10-08 17:00:00,0.374,0.29,0.187,0.312,10.7,11.2,11.6,12.7
Solling (upland forest),2026-10-08 18:00:00,0.372,0.291,0.187,0.312,10.3,11.1,11.6,12.7
Solling (upland forest),2026-10-08 19:00:00,0.37,0.292,0.187,0.312,10.0,11.1,11.6,12.7
Solling (upland forest),2026-10-08 20:00:00,0.368,0.292,0.187,0.312,9.8,11.0,11.6,12.7
Solling (upland forest),2026-10-08 21:00:00,0.366,0.293,0.187,0.312,9.6,10.9,11.6,12.7
Solling (upland forest),2026-10-08 22:00:00,0.364,0.294,0.187,0.312,9.4,10.8,11.6,12.7
Solling (upland forest),2026-10-08 23:00:00,0.363,0.294,0.187,0.312,9.3,10.8,11.6,12.7
Solling (upland forest),2026-10-09 00:00:00,0.361,0.295,0.187,0.312,9.2,10.7,11.6,12.7
Solling (upland forest),2026-10-09 01:00:00,0.36,0.295,0.187,0.312,9.2,10.6,11.6,12.7
Solling (upland forest),2026-10-09 02:00:00,0.358,0.296,0.188,0.312,9.1,10.5,11.6,12.7
Solling (upland forest),2026-10-09 03:00:00,0.357,0.296,0.188,0.312,9.1,10.4,11.6,12.7
Solling (upland forest),2026-10-09 04:00:00,0.356,0.296,0.188,0.312,9.1,10.3,11.6,12.7
Solling (upland forest),2026-10-09 05:00:00,0.354,0.297,0.188,0.312,9.1,10.3,11.6,12.7
Solling (upland forest),2026-10-09 06:00:00,0.353,0.297,0.188,0.312,9.2,10.2,11.6,12.7
Solling (upland forest),2026-10-09 07:00:00,0.352,0.297,0.188,0.312,9.4,10.2,11.6,12.7
Solling (upland forest),2026-10-09 08:00:00,0.352,0.298,0.188,0.312,9.6,10.2,11.6,12.7
Solling (upland forest),2026-10-09 09:00:00,0.351,0.298,0.188,0.312,9.9,10.2,11.6,12.7
Solling (upland forest),2026-10-09 10:00:00,0.35,0.298,0.188,0.312,10.1,10.2,11.6,12.7
Solling (upland forest),2026-10-09 11:00:00,0.35,0.299,0.188,0.312,10.3,10.2,11.5,12.7
Solling (upland forest),2026-10-09 12:00:00,0.349,0.299,0.188,0.312,10.5,10.2,11.5,12.7
Solling (upland forest),2026-10-09 13:00:00,0.348,0.299,0.188,0.312,10.5,10.3,11.5,12.7
Solling (upland forest),2026-10-09 14:00:00,0.348,0.3,0.188,0.312,10.5,10.3,11.5,12.7
Solling (upland forest),2026-10-09 15:00:00,0.347,0.3,0.188,0.312,10.4,10.4,11.5,12.7
Solling (upland forest),2026-10-09 16:00:00,0.346,0.3,0.188,0.312,10.3,10.4,11.5,12.7
Solling (upland forest),2026-10-09 17:00:00,0.345,0.3,0.188,0.312,10.1,10.5,11.5,12.7
Solling (upland forest),2026-10-09 18:00:00,0.344,0.3,0.188,0.312,10.0,10.5,11.5,12.7
Solling (upland forest),2026-10-09 19:00:00,0.343,0.3,0.188,0.312,10.0,10.5,11.5,12.7
Solling (upland forest),2026-10-09 20:00:00,0.342,0.301,0.188,0.312,9.9,10.5,11.5,12.7
Solling (upland forest),2026-10-09 21:00:00,0.341,0.301,0.188,0.312,9.9,10.4,11.5,12.7
Solling (upland forest),2026-10-09 22:00:00,0.34,0.301,0.188,0.312,9.8,10.4,11.5,12.7
Solling (upland forest),2026-10-09 23:00:00,0.34,0.301,0.188,0.312,9.8,10.4,11.5,12.6
Hannover centre (urban),2026-10-03 00:00:00,0.335,0.223,0.148,0.191,11.4,14.8,13.6,15.8
Hannover centre (urban),2026-10-03 01:00:00,0.334,0.224,0.148,0.191,11.0,14.5,13.5,15.8
Hannover centre (urban),2026-10-03 02:00:00,0.332,0.225,0.148,0.191,10.9,14.3,13.5,15.8
Hannover centre (urban),2026-10-03 03:00:00,0.33,0.225,0.148,0.191,10.8,14.1,13.6,15.8
Hannover centre (urban),2026-10-03 04:00:00,0.328,0.225,0.148,0.191,10.6,13.9,13.6,15.8
Hannover centre (urban),2026-10-03 05:00:00,0.327,0.226,0.148,0.191,10.4,13.6,13.6,15.8
Hannover centre (urban),2026-10-03 06:00:00,0.325,0.226,0.148,0.191,10.6,13.5,13.6,15.8
Hannover centre (urban),2026-10-03 07:00:00,0.323,0.226,0.148,0.191,11.5,13.3,13.6,15.8
Hannover centre (urban),2026-10-03 08:00:00,0.322,0.227,0.148,0.191,12.7,13.2,13.6,15.8
Hannover centre (urban),2026-10-03 09:00:00,0.32,0.227,0.148,0.191,13.9,13.2,13.6,15.8
Hannover centre (urban),2026-10-03 10:00:00,0.318,0.227,0.148,0.191,15.2,13.3,13.6,15.8
Hannover centre (urban),2026-10-03 11:00:00,0.317,0.228,0.148,0.191,16.4,13.5,13.6,15.8
Hannover centre (urban),2026-10-03 12:00:00,0.315,0.228,0.148,0.191,17.4,13.7,13.6,15.8
Hannover centre (urban),2026-10-03 13:00:00,0.312,0.228,0.148,0.191,18.0,14.0,13.6,15.8
Hannover centre (urban),2026-10-03 14:00:00,0.309,0.228,0.148,0.191,18.3,14.2,13.6,15.8
Hannover centre (urban),2026-10-03 15:00:00,0.307,0.228,0.148,0.191,18.1,14.5,13.6,15.8
Hannover centre (urban),2026-10-03 16:00:00,0.306,0.228,0.148,0.191,17.4,14.6,13.6,15.8
Hannover centre (urban),2026-10-03 17:00:00,0.305,0.229,0.148,0.191,16.2,14.8,13.6,15.8
Hannover centre (urban),2026-10-03 18:00:00,0.304,0.229,0.148,0.191,15.1,14.8,13.6,15.8
Hannover centre (urban),2026-10-03 19:00:00,0.303,0.229,0.148,0.191,14.2,14.8,13.6,15.8
Hannover centre (urban),2026-10-03 20:00:00,0.303,0.229,0.148,0.191,13.3,14.7,13.7,15.8
Hannover centre (urban),2026-10-03 21:00:00,0.302,0.229,0.148,0.191,12.5,14.6,13.7,15.8
Hannover centre (urban),2026-10-03 22:00:00,0.301,0.229,0.148,0.191,12.0,14.4,13.7,15.8
Hannover centre (urban),2026-10-03 23:00:00,0.301,0.23,0.148,0.191,11.7,14.3,13.7,15.8
Hannover centre (urban),2026-10-04 00:00:00,0.3,0.23,0.148,0.191,11.5,14.1,13.7,15.8
Hannover centre (urban),2026-10-04 01:00:00,0.3,0.23,0.148,0.191,11.2,13.9,13.7,15.8
Hannover centre (urban),2026-10-04 02:00:00,0.299,0.23,0.148,0.191,11.0,13.7,13.7,15.8
Hannover centre (urban),2026-10-04 03:00:00,0.299,0.23,0.148,0.191,10.9,13.6,13.7,15.8
Hannover centre (urban),2026-10-04 04:00:00,0.298,0.23,0.148,0.191,10.6,13.4,13.7,15.8
Hannover centre (urban),2026-10-04 05:00:00,0.298,0.231,0.148,0.191,10.3,13.2,13.7,15.8
Hannover centre (urban),2026-10-04 06:00:00,0.297,0.231,0.148,0.191,10.4,13.0,13.7,15.8
Hannover centre (urban),2026-10-04 07:00:00,0.296,0.231,0.148,0.191,11.2,12.9,13.7,15.8
Hannover centre (urban),2026-10-04 08:00:00,0.295,0.231,0.148,0.191,12.4,12.9,13.7,15.8
Hannover centre (urban),2026-10-04 09:00:00,0.294,0.231,0.148,0.191,13.6,12.9,13.7,15.8
Hannover centre (urban),2026-10-04 10:00:00,0.292,0.231,0.148,0.191,14.8,13.0,13.7,15.8
Hannover centre (urban),2026-10-04 11:00:00,0.29,0.231,0.148,0.191,16.1,13.2,13.7,15.8
Hannover centre (urban),2026-10-04 12:00:00,0.288,0.231,0.148,0.191,17.0,13.4,13.7,15.8
Hannover centre (urban),2026-10-04 13:00:00,0.286,0.231,0.148,0.191,17.6,13.6,13.7,15.8
Hannover centre (urban),2026-10-04 14:00:00,0.283,0.231,0.148,0.191,17.9,13.9,13.7,15.8
Hannover centre (urban),2026-10-04 15:00:00,0.281,0.231,0.148,0.191,17.8,14.1,13.7,15.8
Hannover centre (urban),2026-10-04 16:00:00,0.28,0.231,0.148,0.191,17.1,14.3,13.7,15.8
Hannover centre (urban),2026-10-04 17:00:00,0.28,0.231,0.148,0.191,15.9,14.5,13.7,15.8
Hannover centre (urban),2026-10-04 18:00:00,0.28,0.231,0.148,0.191,14.8,14.5,13.7,15.8
Hannover centre (urban),2026-10-04 19:00:00,0.28,0.231,0.148,0.191,13.9,14.5,13.7,15.8
Hannover centre (urban),2026-10-04 20:00:00,0.279,0.231,0.149,0.191,13.0,14.4,13.8,15.8
Hannover centre (urban),2026-10-04 21:00:00,0.279,0.231,0.149,0.191,12.3,14.3,13.8,15.8
Hannover centre (urban),2026-10-04 22:00:00,0.279,0.231,0.149,0.191,11.8,14.1,13.8,15.8
Hannover centre (urban),2026-10-04 23:00:00,0.278,0.231,0.149,0.191,11.4,14.0,13.8,15.8
Hannover centre (urban),2026-10-05 00:00:00,0.278,0.231,0.149,0.191,11.1,13.8,13.8,15.8
Hannover centre (urban),2026-10-05 01:00:00,0.278,0.231,0.149,0.191,10.8,13.6,13.8,15.8
Hannover centre (urban),2026-10-05 02:00:00,0.277,0.232,0.149,0.191,10.6,13.4,13.8,15.8
Hannover centre (urban),2026-10-05 03:00:00,0.277,0.232,0.149,0.191,10.4,13.3,13.8,15.8
Hannover centre (urban),2026-10-05 04:00:00,0.277,0.232,0.149,0.191,10.1,13.1,13.8,15.8
Hannover centre (urban),2026-10-05 05:00:00,0.276,0.232,0.149,0.191,9.9,12.9,13.8,15.8
Hannover centre (urban),2026-10-05 06:00:00,0.276,0.232,0.149,0.191,10.1,12.8,13.8,15.8
Hannover centre (urban),2026-10-05 07:00:00,0.276,0.232,0.149,0.191,10.8,12.6,13.8,15.8
Hannover centre (urban),2026-10-05 08:00:00,0.275,0.232,0.149,0.191,11.8,12.5,13.8,15.8
Hannover centre (urban),2026-10-05 09:00:00,0.274,0.232,0.149,0.191,12.9,12.5,13.8,15.8
Hannover centre (urban),2026-10-05 10:00:00,0.272,0.232,0.149,0.191,14.3,12.6,13.8,15.8
Hannover centre (urban),2026-10-05 11:00:00,0.27,0.231,0.149,0.191,15.7,12.8,13.8,15.7
Hannover centre (urban),2026-10-05 12:00:00,0.268,0.231,0.149,0.191,16.8,13.0,13.8,15.7
Hannover centre (urban),2026-10-05 13:00:00,0.266,0.231,0.149,0.191,17.4,13.3,13.8,15.7
Hannover centre (urban),2026-10-05 14:00:00,0.263,0.231,0.149,0.191,17.6,13.6,13.8,15.7
Hannover centre (urban),2026-10-05 15:00:00,0.261,0.231,0.149,0.191,17.4,13.8,13.8,15.7
Hannover centre (urban),2026-10-05 16:00:00,0.26,0.231,0.149,0.191,16.7,14.0,13.8,15.7
Hannover centre (urban),2026-10-05 17:00:00,0.26,0.231,0.149,0.191,15.5,14.1,13.8,15.7
Hannover centre (urban),2026-10-05 18:00:00,0.26,0.231,0.149,0.191,14.4,14.2,13.8,15.7
Hannover centre (urban),2026-10-05 19:00:00,0.26,0.231,0.149,0.191,13.7,14.2,13.8,15.7
Hannover centre (urban),2026-10-05 20:00:00,0.26,0.231,0.149,0.191,13.1,14.1,13.8,15.7
Hannover centre (urban),2026-10-05 21:00:00,0.26,0.231,0.149,0.191,12.5,14.0,13.8,15.7
Hannover centre (urban),2026-10-05 22:00:00,0.26,0.231,0.149,0.191,12.1,13.9,13.8,15.7
Hannover centre (urban),2026-10-05 23:00:00,0.26,0.231,0.149,0.191,11.7,13.8,13.8,15.7
Hannover centre (urban),2026-10-06 00:00:00,0.26,0.231,0.149,0.191,11.4,13.6,13.8,15.7
Hannover centre (urban),2026-10-06 01:00:00,0.26,0.231,0.149,0.191,11.2,13.5,13.8,15.7
Hannover centre (urban),2026-10-06 02:00:00,0.259,0.231,0.149,0.191,11.0,13.4,13.8,15.7
Hannover centre (urban),2026-10-06 03:00:00,0.259,0.231,0.149,0.191,10.8,13.2,13.8,15.7
Hannover centre (urban),2026-10-06 04:00:00,0.259,0.231,0.149,0.191,10.5,13.1,13.8,15.7
Hannover centre (urban),2026-10-06 05:00:00,0.259,0.231,0.149,0.191,10.1,12.9,13.8,15.7
Hannover centre (urban),2026-10-06 06:00:00,0.259,0.231,0.149,0.191,10.2,12.8,13.8,15.7
Hannover centre (urban),2026-10-06 07:00:00,0.259,0.231,0.149,0.191,11.0,12.7,13.8,15.7
Hannover centre (urban),2026-10-06 08:00:00,0.259,0.231,0.149,0.191,12.1,12.6,13.8,15.7
Hannover centre (urban),2026-10-06 09:00:00,0.258,0.231,0.149,0.191,13.4,12.6,13.8,15.7
Hannover centre (urban),2026-10-06 10:00:00,0.256,0.231,0.149,0.191,14.8,12.8,13.8,15.7
Hannover centre (urban),2026-10-06 11:00:00,0.254,0.23,0.149,0.191,16.4,13.0,13.8,15.7
Hannover centre (urban),2026-10-06 12:00:00,0.252,0.23,0.149,0.191,17.5,13.2,13.8,15.7
Hannover centre (urban),2026-10-06 13:00:00,0.25,0.23,0.149,0.191,18.2,13.5,13.8,15.7
Hannover centre (urban),2026-10-06 14:00:00,0.248,0.23,0.149,0.191,18.5,13.8,13.8,15.7
Hannover centre (urban),2026-10-06 15:00:00,0.247,0.23,0.149,0.191,18.3,14.0,13.8,15.7
Hannover centre (urban),2026-10-06 16:00:00,0.247,0.23,0.149,0.191,17.5,14.2,13.8,15.7
Hannover centre (urban),2026-10-06 17:00:00,0.247,0.23,0.149,0.191,16.2,14.4,13.8,15.7
Hannover centre (urban),2026-10-06 18:00:00,0.247,0.23,0.149,0.191,14.9,14.5,13.8,15.7
Hannover centre (urban),2026-10-06 19:00:00,0.247,0.23,0.149,0.191,14.0,14.5,13.8,15.7
Hannover centre (urban),2026-10-06 20:00:00,0.247,0.23,0.149,0.191,13.1,14.4,13.8,15.7
Hannover centre (urban),2026-10-06 21:00:00,0.247,0.23,0.149,0.191,12.3,14.3,13.8,15.7
Hannover centre (urban),2026-10-06 22:00:00,0.247,0.23,0.149,0.191,11.7,14.1,13.8,15.7
Hannover centre (urban),2026-10-06 23:00:00,0.246,0.23,0.149,0.191,11.3,14.0,13.9,15.7
Hannover centre (urban),2026-10-07 00:00:00,0.246,0.23,0.149,0.191,10.9,13.8,13.9,15.7
Hannover centre (urban),2026-10-07 01:00:00,0.246,0.23,0.149,0.191,10.5,13.6,13.9,15.7
Hannover centre (urban),2026-10-07 02:00:00,0.246,0.23,0.149,0.191,10.3,13.4,13.9,15.7
Hannover centre (urban),2026-10-07 03:00:00,0.246,0.23,0.149,0.191,10.0,13.2,13.9,15.7
Hannover centre (urban),2026-10-07 04:00:00,0.246,0.23,0.149,0.191,9.6,13.0,13.9,15.7
Hannover centre (urban),2026-10-07 05:00:00,0.246,0.23,0.149,0.191,9.3,12.8,13.9,15.7
Hannover centre (urban),2026-10-07 06:00:00,0.246,0.23,0.149,0.191,9.4,12.7,13.9,15.7
Hannover centre (urban),2026-10-07 07:00:00,0.246,0.23,0.149,0.191,10.3,12.6,13.9,15.7
Hannover centre (urban),2026-10-07 08:00:00,0.246,0.23,0.149,0.191,11.7,12.5,13.8,15.7
Hannover centre (urban),2026-10-07 09:00:00,0.245,0.23,0.149,0.191,13.2,12.5,13.8,15.7
Hannover centre (urban),2026-10-07 10:00:00,0.244,0.23,0.149,0.191,14.7,12.6,13.8,15.7
Hannover centre (urban),2026-10-07 11:00:00,0.242,0.229,0.149,0.191,16.3,12.8,13.8,15.7
Hannover centre (urban),2026-10-07 12:00:00,0.24,0.229,0.149,0.191,17.5,13.1,13.8,15.7
Hannover centre (urban),2026-10-07 13:00:00,0.238,0.229,0.149,0.191,18.2,13.4,13.8,15.7
Hannover centre (urban),2026-10-07 14:00:00,0.236,0.228,0.149,0.191,18.4,13.7,13.8,15.7
Hannover centre (urban),2026-10-07 15:00:00,0.235,0.228,0.149,0.191,18.2,13.9,13.8,15.7
Hannover centre (urban),2026-10-07 16:00:00,0.234,0.228,0.149,0.191,17.4,14.1,13.8,15.7
Hannover centre (urban),2026-10-07 17:00:00,0.234,0.228,0.149,0.191,16.1,14.3,13.9,15.7
Hannover centre (urban),2026-10-07 18:00:00,0.234,0.228,0.149,0.191,14.9,14.4,13.9,15.7
Hannover centre (urban),2026-10-07 19:00:00,0.234,0.228,0.149,0.191,14.1,14.4,13.9,15.7
Hannover centre (urban),2026-10-07 20:00:00,0.234,0.228,0.149,0.191,13.4,14.3,13.9,15.7
Hannover centre (urban),2026-10-07 21:00:00,0.234,0.228,0.149,0.191,12.8,14.2,13.9,15.7
Hannover centre (urban),2026-10-07 22:00:00,0.233,0.228,0.149,0.191,12.3,14.1,13.9,15.7
Hannover centre (urban),2026-10-07 23:00:00,0.233,0.228,0.149,0.191,11.9,14.0,13.9,15.7
Hannover centre (urban),2026-10-08 00:00:00,0.234,0.228,0.149,0.191,11.7,13.9,13.9,15.7
Hannover centre (urban),2026-10-08 01:00:00,0.236,0.228,0.149,0.191,11.7,13.8,13.9,15.7
Hannover centre (urban),2026-10-08 02:00:00,0.239,0.228,0.149,0.191,11.8,13.6,13.9,15.7
Hannover centre (urban),2026-10-08 03:00:00,0.248,0.228,0.149,0.191,12.0,13.5,13.9,15.7
Hannover centre (urban),2026-10-08 04:00:00,0.266,0.228,0.149,0.191,12.1,13.4,13.9,15.7
Hannover centre (urban),2026-10-08 05:00:00,0.29,0.228,0.149,0.191,12.2,13.3,13.9,15.7
Hannover centre (urban),2026-10-08 06:00:00,0.312,0.228,0.149,0.191,12.3,13.3,13.9,15.7
Hannover centre (urban),2026-10-08 07:00:00,0.33,0.229,0.149,0.191,12.3,13.2,13.9,15.7
Hannover centre (urban),2026-10-08 08:00:00,0.347,0.23,0.149,0.191,12.4,13.2,13.9,15.7
Hannover centre (urban),2026-10-08 09:00:00,0.357,0.231,0.149,0.191,12.7,13.2,13.9,15.7
Hannover centre (urban),2026-10-08 10:00:00,0.358,0.232,0.149,0.191,13.2,13.2,13.9,15.7
Hannover centre (urban),2026-10-08 11:00:00,0.353,0.232,0.149,0.191,13.9,13.2,13.9,15.7
Hannover centre (urban),2026-10-08 12:00:00,0.348,0.233,0.149,0.191,14.5,13.3,13.9,15.7
Hannover centre (urban),2026-10-08 13:00:00,0.345,0.234,0.149,0.191,14.9,13.4,13.9,15.7
Hannover centre (urban),2026-10-08 14:00:00,0.341,0.234,0.149,0.191,15.2,13.5,13.9,15.7
Hannover centre (urban),2026-10-08 15:00:00,0.338,0.235,0.149,0.191,15.2,13.6,13.9,15.7
Hannover centre (urban),2026-10-08 16:00:00,0.336,0.235,0.149,0.191,14.8,13.7,13.9,15.7
Hannover centre (urban),2026-10-08 17:00:00,0.334,0.236,0.149,0.191,14.2,13.8,13.9,15.7
Hannover centre (urban),2026-10-08 18:00:00,0.333,0.236,0.149,0.191,13.7,13.8,13.9,15.7
Hannover centre (urban),2026-10-08 19:00:00,0.331,0.237,0.149,0.191,13.4,13.8,13.9,15.7
Hannover centre (urban),2026-10-08 20:00:00,0.329,0.237,0.149,0.191,13.3,13.7,13.9,15.7
Hannover centre (urban),2026-10-08 21:00:00,0.329,0.238,0.149,0.191,13.1,13.7,13.9,15.7
Hannover centre (urban),2026-10-08 22:00:00,0.332,0.238,0.149,0.191,12.9,13.6,13.9,15.7
Hannover centre (urban),2026-10-08 23:00:00,0.337,0.239,0.149,0.191,12.8,13.6,13.9,15.6
Hannover centre (urban),2026-10-09 00:00:00,0.34,0.239,0.149,0.191,12.6,13.6,13.9,15.6
Hannover centre (urban),2026-10-09 01:00:00,0.34,0.24,0.149,0.191,12.5,13.5,13.9,15.6
Hannover centre (urban),2026-10-09 02:00:00,0.338,0.24,0.149,0.191,12.4,13.4,13.9,15.6
Hannover centre (urban),2026-10-09 03:00:00,0.336,0.241,0.149,0.191,12.3,13.4,13.9,15.6
Hannover centre (urban),2026-10-09 04:00:00,0.334,0.241,0.149,0.191,12.3,13.3,13.9,15.6
Hannover centre (urban),2026-10-09 05:00:00,0.332,0.242,0.149,0.191,12.3,13.3,13.9,15.6
Hannover centre (urban),2026-10-09 06:00:00,0.331,0.242,0.149,0.191,12.3,13.2,13.9,15.6
Hannover centre (urban),2026-10-09 07:00:00,0.33,0.242,0.149,0.191,12.5,13.2,13.9,15.6
Hannover centre (urban),2026-10-09 08:00:00,0.329,0.243,0.149,0.191,12.8,13.2,13.9,15.6
Hannover centre (urban),2026-10-09 09:00:00,0.329,0.243,0.149,0.191,13.1,13.2,13.9,15.6
Hannover centre (urban),2026-10-09 10:00:00,0.328,0.243,0.149,0.191,13.4,13.2,13.9,15.6
Hannover centre (urban),2026-10-09 11:00:00,0.328,0.244,0.149,0.191,13.7,13.2,13.9,15.6
Hannover centre (urban),2026-10-09 12:00:00,0.328,0.244,0.149,0.191,13.9,13.2,13.9,15.6
Hannover centre (urban),2026-10-09 13:00:00,0.328,0.245,0.149,0.191,14.0,13.2,13.9,15.6
Hannover centre (urban),2026-10-09 14:00:00,0.329,0.245,0.149,0.191,13.9,13.3,13.9,15.6
Hannover centre (urban),2026-10-09 15:00:00,0.33,0.246,0.149,0.191,13.9,13.4,13.9,15.6
Hannover centre (urban),2026-10-09 16:00:00,0.331,0.246,0.149,0.191,13.8,13.4,13.9,15.6
Hannover centre (urban),2026-10-09 17:00:00,0.332,0.247,0.149,0.191,13.6,13.5,13.9,15.6
Hannover centre (urban),2026-10-09 18:00:00,0.332,0.247,0.149,0.191,13.5,13.6,13.9,15.6
Hannover centre (urban),2026-10-09 19:00:00,0.331,0.247,0.149,0.191,13.3,13.6,13.9,15.6
Hannover centre (urban),2026-10-09 20:00:00,0.33,0.248,0.149,0.191,13.1,13.6,13.9,15.6
Hannover centre (urban),2026-10-09 21:00:00,0.329,0.248,0.149,0.191,12.9,13.6,13.9,15.6
Hannover centre (urban),2026-10-09 22:00:00,0.328,0.248,0.149,0.191,12.7,13.5,13.9,15.6
Hannover centre (urban),2026-10-09 23:00:00,0.326,0.249,0.149,0.191,12.5,13.5,13.9,15.6
Hamburg,2026-10-03 00:00:00,0.47,0.445,0.337,0.419,12.1,14.9,15.2,15.4
Hamburg,2026-10-03 01:00:00,0.469,0.445,0.337,0.419,11.8,14.7,15.1,15.4
Hamburg,2026-10-03 02:00:00,0.469,0.445,0.337,0.419,11.6,14.6,15.1,15.4
Hamburg,2026-10-03 03:00:00,0.468,0.445,0.337,0.419,11.5,14.4,15.2,15.4
Hamburg,2026-10-03 04:00:00,0.467,0.445,0.337,0.419,11.3,14.3,15.2,15.4
Hamburg,2026-10-03 05:00:00,0.466,0.445,0.337,0.419,11.2,14.1,15.2,15.4
Hamburg,2026-10-03 06:00:00,0.465,0.445,0.337,0.419,11.3,14.0,15.2,15.4
Hamburg,2026-10-03 07:00:00,0.464,0.445,0.337,0.419,11.7,13.9,15.2,15.4
Hamburg,2026-10-03 08:00:00,0.464,0.445,0.337,0.419,12.3,13.8,15.2,15.4
Hamburg,2026-10-03 09:00:00,0.463,0.445,0.337,0.419,13.1,13.8,15.2,15.4
Hamburg,2026-10-03 10:00:00,0.461,0.445,0.337,0.419,14.3,13.8,15.2,15.4
Hamburg,2026-10-03 11:00:00,0.459,0.445,0.337,0.419,15.6,13.9,15.1,15.4
Hamburg,2026-10-03 12:00:00,0.457,0.445,0.337,0.419,16.7,14.0,15.1,15.4
Hamburg,2026-10-03 13:00:00,0.455,0.445,0.337,0.419,17.3,14.2,15.1,15.4
Hamburg,2026-10-03 14:00:00,0.453,0.444,0.337,0.419,17.6,14.4,15.1,15.4
Hamburg,2026-10-03 15:00:00,0.451,0.444,0.337,0.419,17.6,14.6,15.1,15.4
Hamburg,2026-10-03 16:00:00,0.45,0.444,0.337,0.419,16.9,14.7,15.1,15.4
Hamburg,2026-10-03 17:00:00,0.45,0.444,0.338,0.419,15.9,14.8,15.1,15.4
Hamburg,2026-10-03 18:00:00,0.45,0.444,0.338,0.419,15.0,14.9,15.1,15.4
Hamburg,2026-10-03 19:00:00,0.45,0.444,0.338,0.419,14.2,14.9,15.1,15.4
Hamburg,2026-10-03 20:00:00,0.45,0.443,0.338,0.419,13.5,14.8,15.1,15.4
Hamburg,2026-10-03 21:00:00,0.45,0.443,0.338,0.419,13.0,14.7,15.1,15.4
Hamburg,2026-10-03 22:00:00,0.45,0.443,0.338,0.419,12.6,14.6,15.1,15.4
Hamburg,2026-10-03 23:00:00,0.449,0.443,0.338,0.419,12.3,14.5,15.1,15.4
Hamburg,2026-10-04 00:00:00,0.449,0.443,0.338,0.419,12.1,14.4,15.1,15.4
Hamburg,2026-10-04 01:00:00,0.449,0.443,0.338,0.419,11.8,14.3,15.1,15.4
Hamburg,2026-10-04 02:00:00,0.449,0.442,0.338,0.419,11.6,14.2,15.1,15.4
Hamburg,2026-10-04 03:00:00,0.449,0.442,0.338,0.419,11.4,14.0,15.1,15.4
Hamburg,2026-10-04 04:00:00,0.449,0.442,0.338,0.419,11.1,13.9,15.1,15.4
Hamburg,2026-10-04 05:00:00,0.448,0.442,0.338,0.419,10.8,13.8,15.1,15.4
Hamburg,2026-10-04 06:00:00,0.448,0.442,0.338,0.419,10.8,13.7,15.1,15.4
Hamburg,2026-10-04 07:00:00,0.448,0.442,0.338,0.419,11.5,13.6,15.1,15.4
Hamburg,2026-10-04 08:00:00,0.447,0.442,0.338,0.419,12.5,13.5,15.1,15.4
Hamburg,2026-10-04 09:00:00,0.447,0.442,0.338,0.419,13.5,13.5,15.1,15.4
Hamburg,2026-10-04 10:00:00,0.447,0.442,0.338,0.419,14.4,13.5,15.1,15.4
Hamburg,2026-10-04 11:00:00,0.446,0.441,0.339,0.419,15.4,13.6,15.0,15.4
Hamburg,2026-10-04 12:00:00,0.445,0.441,0.339,0.419,16.2,13.8,15.0,15.4
Hamburg,2026-10-04 13:00:00,0.443,0.441,0.339,0.419,16.6,13.9,15.0,15.4
Hamburg,2026-10-04 14:00:00,0.441,0.44,0.339,0.419,16.9,14.1,15.0,15.4
Hamburg,2026-10-04 15:00:00,0.44,0.44,0.339,0.419,16.8,14.2,15.0,15.4
Hamburg,2026-10-04 16:00:00,0.439,0.44,0.339,0.419,16.3,14.4,15.0,15.4
Hamburg,2026-10-04 17:00:00,0.439,0.44,0.339,0.419,15.5,14.5,15.0,15.4
Hamburg,2026-10-04 18:00:00,0.439,0.44,0.339,0.419,14.6,14.5,15.0,15.4
Hamburg,2026-10-04 19:00:00,0.439,0.44,0.339,0.419,13.8,14.5,15.0,15.4
Hamburg,2026-10-04 20:00:00,0.439,0.439,0.339,0.419,13.0,14.5,15.0,15.4
Hamburg,2026-10-04 21:00:00,0.439,0.439,0.339,0.419,12.4,14.4,15.0,15.4
Hamburg,2026-10-04 22:00:00,0.439,0.439,0.339,0.419,11.9,14.3,15.0,15.4
Hamburg,2026-10-04 23:00:00,0.439,0.439,0.339,0.419,11.6,14.1,15.0,15.4
Hamburg,2026-10-05 00:00:00,0.439,0.439,0.339,0.419,11.4,14.0,15.0,15.4
Hamburg,2026-10-05 01:00:00,0.439,0.439,0.339,0.419,11.3,13.9,15.0,15.4
Hamburg,2026-10-05 02:00:00,0.439,0.439,0.339,0.419,11.3,13.8,15.0,15.4
Hamburg,2026-10-05 03:00:00,0.439,0.439,0.339,0.419,11.4,13.7,15.0,15.4
Hamburg,2026-10-05 04:00:00,0.439,0.439,0.339,0.419,11.3,13.6,15.0,15.4
Hamburg,2026-10-05 05:00:00,0.439,0.438,0.339,0.419,11.3,13.5,15.0,15.4
Hamburg,2026-10-05 06:00:00,0.439,0.438,0.339,0.419,11.5,13.4,15.0,15.4
Hamburg,2026-10-05 07:00:00,0.439,0.438,0.339,0.419,11.8,13.4,15.0,15.4
Hamburg,2026-10-05 08:00:00,0.439,0.438,0.34,0.419,12.3,13.3,14.9,15.4
Hamburg,2026-10-05 09:00:00,0.438,0.438,0.34,0.419,13.0,13.3,14.9,15.4
Hamburg,2026-10-05 10:00:00,0.437,0.438,0.34,0.419,14.0,13.3,14.9,15.4
Hamburg,2026-10-05 11:00:00,0.435,0.437,0.34,0.419,15.1,13.4,14.9,15.4
Hamburg,2026-10-05 12:00:00,0.433,0.437,0.34,0.419,16.0,13.6,14.9,15.4
Hamburg,2026-10-05 13:00:00,0.431,0.437,0.34,0.419,16.5,13.7,14.9,15.4
Hamburg,2026-10-05 14:00:00,0.429,0.437,0.34,0.419,16.8,13.9,14.9,15.4
Hamburg,2026-10-05 15:00:00,0.427,0.437,0.34,0.419,16.8,14.1,14.9,15.4
Hamburg,2026-10-05 16:00:00,0.427,0.437,0.34,0.419,16.3,14.2,14.9,15.4
Hamburg,2026-10-05 17:00:00,0.427,0.436,0.34,0.419,15.5,14.3,14.9,15.4
Hamburg,2026-10-05 18:00:00,0.427,0.436,0.34,0.419,14.8,14.3,14.9,15.4
Hamburg,2026-10-05 19:00:00,0.427,0.436,0.34,0.419,14.3,14.3,14.9,15.4
Hamburg,2026-10-05 20:00:00,0.427,0.436,0.34,0.419,13.8,14.3,14.9,15.4
Hamburg,2026-10-05 21:00:00,0.427,0.436,0.34,0.419,13.4,14.3,14.9,15.4
Hamburg,2026-10-05 22:00:00,0.427,0.436,0.34,0.419,13.1,14.3,14.9,15.4
Hamburg,2026-10-05 23:00:00,0.427,0.435,0.34,0.419,12.9,14.2,14.9,15.4
Hamburg,2026-10-06 00:00:00,0.427,0.435,0.34,0.419,12.7,14.2,14.9,15.4
Hamburg,2026-10-06 01:00:00,0.427,0.435,0.34,0.419,12.7,14.1,14.9,15.4
Hamburg,2026-10-06 02:00:00,0.427,0.435,0.34,0.419,12.7,14.0,14.9,15.4
Hamburg,2026-10-06 03:00:00,0.427,0.435,0.34,0.419,12.7,14.0,14.9,15.4
Hamburg,2026-10-06 04:00:00,0.427,0.435,0.34,0.419,12.5,13.9,14.9,15.4
Hamburg,2026-10-06 05:00:00,0.427,0.434,0.34,0.419,12.2,13.9,14.9,15.4
Hamburg,2026-10-06 06:00:00,0.427,0.434,0.34,0.419,12.2,13.8,14.9,15.4
Hamburg,2026-10-06 07:00:00,0.427,0.434,0.34,0.419,12.6,13.8,14.9,15.4
Hamburg,2026-10-06 08:00:00,0.427,0.434,0.341,0.419,13.3,13.7,14.9,15.4
Hamburg,2026-10-06 09:00:00,0.426,0.434,0.341,0.419,14.1,13.7,14.9,15.4
Hamburg,2026-10-06 10:00:00,0.425,0.434,0.341,0.419,14.9,13.8,14.9,15.4
Hamburg,2026-10-06 11:00:00,0.423,0.433,0.341,0.419,15.9,13.9,14.8,15.4
Hamburg,2026-10-06 12:00:00,0.422,0.433,0.341,0.419,16.6,14.1,14.8,15.4
Hamburg,2026-10-06 13:00:00,0.421,0.433,0.341,0.419,17.1,14.2,14.8,15.4
Hamburg,2026-10-06 14:00:00,0.419,0.432,0.341,0.419,17.5,14.4,14.8,15.4
Hamburg,2026-10-06 15:00:00,0.418,0.432,0.341,0.419,17.4,14.5,14.8,15.4
Hamburg,2026-10-06 16:00:00,0.418,0.432,0.341,0.419,16.9,14.7,14.8,15.4
Hamburg,2026-10-06 17:00:00,0.418,0.432,0.341,0.419,15.9,14.8,14.8,15.4
Hamburg,2026-10-06 18:00:00,0.418,0.432,0.341,0.419,15.1,14.8,14.8,15.4
Hamburg,2026-10-06 19:00:00,0.418,0.432,0.341,0.419,14.4,14.8,14.8,15.4
Hamburg,2026-10-06 20:00:00,0.419,0.431,0.341,0.419,13.7,14.8,14.8,15.4
Hamburg,2026-10-06 21:00:00,0.419,0.431,0.341,0.419,13.2,14.7,14.8,15.4
Hamburg,2026-10-06 22:00:00,0.419,0.431,0.341,0.419,12.7,14.6,14.8,15.4
Hamburg,2026-10-06 23:00:00,0.419,0.431,0.341,0.419,12.2,14.5,14.8,15.4
Hamburg,2026-10-07 00:00:00,0.419,0.431,0.341,0.419,11.9,14.4,14.8,15.4
Hamburg,2026-10-07 01:00:00,0.419,0.431,0.341,0.419,11.6,14.2,14.8,15.4
Hamburg,2026-10-07 02:00:00,0.419,0.431,0.341,0.419,11.5,14.1,14.8,15.4
Hamburg,2026-10-07 03:00:00,0.419,0.431,0.341,0.419,11.4,14.0,14.8,15.4
Hamburg,2026-10-07 04:00:00,0.419,0.431,0.341,0.419,11.3,13.8,14.8,15.4
Hamburg,2026-10-07 05:00:00,0.42,0.43,0.341,0.419,11.2,13.7,14.8,15.4
Hamburg,2026-10-07 06:00:00,0.42,0.43,0.341,0.419,11.3,13.6,14.8,15.4
Hamburg,2026-10-07 07:00:00,0.42,0.43,0.341,0.419,11.7,13.5,14.8,15.4
Hamburg,2026-10-07 08:00:00,0.42,0.43,0.341,0.419,12.3,13.4,14.8,15.3
Hamburg,2026-10-07 09:00:00,0.419,0.43,0.341,0.419,13.0,13.4,14.8,15.3
Hamburg,2026-10-07 10:00:00,0.418,0.43,0.341,0.419,14.2,13.5,14.8,15.3
Hamburg,2026-10-07 11:00:00,0.416,0.429,0.341,0.419,15.6,13.6,14.8,15.3
Hamburg,2026-10-07 12:00:00,0.415,0.429,0.341,0.419,16.6,13.7,14.8,15.3
Hamburg,2026-10-07 13:00:00,0.414,0.429,0.341,0.419,17.2,13.9,14.8,15.3
Hamburg,2026-10-07 14:00:00,0.412,0.428,0.342,0.419,17.4,14.1,14.8,15.3
Hamburg,2026-10-07 15:00:00,0.411,0.428,0.342,0.419,17.3,14.3,14.8,15.3
Hamburg,2026-10-07 16:00:00,0.411,0.428,0.342,0.419,16.8,14.4,14.8,15.3
Hamburg,2026-10-07 17:00:00,0.411,0.428,0.342,0.419,16.1,14.5,14.8,15.3
Hamburg,2026-10-07 18:00:00,0.411,0.428,0.342,0.419,15.3,14.6,14.8,15.3
Hamburg,2026-10-07 19:00:00,0.411,0.428,0.342,0.419,14.6,14.6,14.8,15.3
Hamburg,2026-10-07 20:00:00,0.411,0.427,0.342,0.419,14.0,14.6,14.8,15.3
Hamburg,2026-10-07 21:00:00,0.411,0.427,0.342,0.419,13.4,14.6,14.8,15.3
Hamburg,2026-10-07 22:00:00,0.411,0.427,0.342,0.419,12.9,14.5,14.8,15.3
Hamburg,2026-10-07 23:00:00,0.411,0.427,0.342,0.419,12.5,14.4,14.8,15.3
Hamburg,2026-10-08 00:00:00,0.411,0.427,0.342,0.419,12.1,14.3,14.8,15.3
Hamburg,2026-10-08 01:00:00,0.41,0.427,0.342,0.419,11.9,14.2,14.8,15.3
Hamburg,2026-10-08 02:00:00,0.409,0.427,0.342,0.419,11.7,14.1,14.8,15.3
Hamburg,2026-10-08 03:00:00,0.412,0.427,0.342,0.419,11.6,14.0,14.8,15.3
Hamburg,2026-10-08 04:00:00,0.422,0.427,0.342,0.419,11.6,13.9,14.8,15.3
Hamburg,2026-10-08 05:00:00,0.437,0.427,0.342,0.419,11.6,13.7,14.7,15.3
Hamburg,2026-10-08 06:00:00,0.452,0.427,0.342,0.419,11.7,13.6,14.7,15.3
Hamburg,2026-10-08 07:00:00,0.467,0.428,0.342,0.419,11.8,13.5,14.7,15.3
Hamburg,2026-10-08 08:00:00,0.483,0.429,0.342,0.419,11.9,13.5,14.7,15.3
Hamburg,2026-10-08 09:00:00,0.494,0.43,0.342,0.419,12.1,13.4,14.7,15.3
Hamburg,2026-10-08 10:00:00,0.499,0.432,0.342,0.419,12.5,13.4,14.7,15.3
Hamburg,2026-10-08 11:00:00,0.501,0.435,0.342,0.419,12.9,13.3,14.7,15.3
Hamburg,2026-10-08 12:00:00,0.501,0.437,0.342,0.419,13.2,13.3,14.7,15.3
Hamburg,2026-10-08 13:00:00,0.5,0.439,0.342,0.419,13.4,13.3,14.7,15.3
Hamburg,2026-10-08 14:00:00,0.497,0.44,0.342,0.419,13.6,13.4,14.7,15.3
Hamburg,2026-10-08 15:00:00,0.494,0.442,0.342,0.419,13.6,13.4,14.7,15.3
Hamburg,2026-10-08 16:00:00,0.492,0.444,0.342,0.419,13.6,13.4,14.7,15.3
Hamburg,2026-10-08 17:00:00,0.489,0.445,0.342,0.419,13.5,13.5,14.7,15.3
Hamburg,2026-10-08 18:00:00,0.487,0.446,0.342,0.419,13.3,13.5,14.7,15.3
Hamburg,2026-10-08 19:00:00,0.485,0.447,0.342,0.419,13.2,13.5,14.7,15.3
Hamburg,2026-10-08 20:00:00,0.483,0.447,0.343,0.419,13.1,13.5,14.7,15.3
Hamburg,2026-10-08 21:00:00,0.481,0.447,0.343,0.419,13.0,13.5,14.7,15.3
Hamburg,2026-10-08 22:00:00,0.479,0.447,0.343,0.419,12.8,13.5,14.7,15.3
Hamburg,2026-10-08 23:00:00,0.478,0.448,0.343,0.419,12.5,13.4,14.7,15.3
Hamburg,2026-10-09 00:00:00,0.477,0.448,0.343,0.419,12.3,13.4,14.7,15.3
Hamburg,2026-10-09 01:00:00,0.476,0.448,0.343,0.419,12.3,13.4,14.7,15.3
Hamburg,2026-10-09 02:00:00,0.476,0.449,0.343,0.419,12.3,13.4,14.7,15.3
Hamburg,2026-10-09 03:00:00,0.475,0.449,0.343,0.419,12.4,13.3,14.7,15.3
Hamburg,2026-10-09 04:00:00,0.474,0.449,0.343,0.419,12.4,13.3,14.7,15.3
Hamburg,2026-10-09 05:00:00,0.474,0.449,0.343,0.419,12.5,13.3,14.6,15.3
Hamburg,2026-10-09 06:00:00,0.473,0.449,0.343,0.419,12.7,13.2,14.6,15.3
Hamburg,2026-10-09 07:00:00,0.472,0.449,0.343,0.419,12.9,13.2,14.6,15.3
Hamburg,2026-10-09 08:00:00,0.472,0.45,0.343,0.419,13.1,13.2,14.6,15.3
Hamburg,2026-10-09 09:00:00,0.471,0.45,0.343,0.419,13.3,13.2,14.6,15.3
Hamburg,2026-10-09 10:00:00,0.471,0.45,0.343,0.419,13.5,13.2,14.6,15.3
Hamburg,2026-10-09 11:00:00,0.47,0.45,0.343,0.419,13.7,13.3,14.6,15.3
Hamburg,2026-10-09 12:00:00,0.47,0.45,0.343,0.419,13.9,13.3,14.6,15.3
Hamburg,2026-10-09 13:00:00,0.47,0.45,0.343,0.419,13.9,13.4,14.6,15.3
Hamburg,2026-10-09 14:00:00,0.469,0.45,0.344,0.419,13.9,13.4,14.6,15.3
Hamburg,2026-10-09 15:00:00,0.469,0.45,0.344,0.419,13.9,13.5,14.6,15.3
Hamburg,2026-10-09 16:00:00,0.469,0.45,0.344,0.419,13.8,13.5,14.6,15.3
Hamburg,2026-10-09 17:00:00,0.469,0.45,0.344,0.419,13.7,13.6,14.6,15.3
Hamburg,2026-10-09 18:00:00,0.469,0.45,0.344,0.419,13.6,13.6,14.6,15.3
Hamburg,2026-10-09 19:00:00,0.47,0.45,0.344,0.419,13.4,13.6,14.6,15.3
Hamburg,2026-10-09 20:00:00,0.47,0.45,0.344,0.419,13.3,13.6,14.6,15.3
Hamburg,2026-10-09 21:00:00,0.471,0.45,0.344,0.419,13.1,13.6,14.6,15.3
Hamburg,2026-10-09 22:00:00,0.472,0.45,0.344,0.419,13.0,13.6,14.6,15.3
Hamburg,2026-10-09 23:00:00,0.473,0.45,0.344,0.419,12.9,13.5,14.6,15.3
